card_id,name,rarity,vector_count,in_prod_db,prod_lang,status
CRD_C39B236442E240D58AAD,백마 버드렉스 V,RR,5,True,KO,UNDER10
CRD_F2AAF0DDA03144BEA3E0,보만다 ex,RR,5,True,KO,UNDER10
CRD_612B2096761E42C3A8A3,메더 ex,RR,5,True,KO,UNDER10
CRD_E9BBC337EBFE495BBEAF,갸라도스,P,5,False,,ORPHAN
CRD_DF733DFFA0674744AF83,레시라무 ex,RR,5,True,KO,UNDER10
CRD_4E59295B4DF14431A9B7,가라르 야도킹 VMAX,RR,5,True,KO,UNDER10
CRD_57EB73076A4B471381A3,글레이시아 ex,RR,5,True,KO,UNDER10
CRD_DC0D44D9E66D45FA907B,가라르 날쌩마 V,RR,5,True,KO,UNDER10
CRD_39C73BE28BA84C03307F1717CAA31C9E,루이지 피카츄 (296),PR,5,True,JP,UNDER10
CRD_C0CD75FE2CCE46389DA9,기로치 ex,RR,5,True,KO,UNDER10
CRD_27E586B5F5EB4F748D68,칠색조,P,5,False,,ORPHAN
CRD_128F70C0C950473788AA,브리두라스 ex,RR,5,True,KO,UNDER10
CRD_2906B160A7D843A09118,피츄,P,5,False,,ORPHAN
CRD_B3FA890225FF38CC4DBE123ABCCB9B93,판쵸 피카츄 (메가도쿄),PR,5,True,JP,UNDER10
CRD_CF5D258E4C4326F86707666D9357D5A2,요코하마 피카츄 (WCS),PR,5,True,JP,UNDER10
CRD_D28B0FBAE6E94FAE9B1E,피카츄,P,5,False,,ORPHAN
CRD_56CE5AE045504777AAE8,미라이돈 ex,RR,5,True,KO,UNDER10
CRD_F40F80C9CA87094FB525D9D9A3C25C9E,마리오 피카츄,PR,5,True,JP,UNDER10
CRD_F44C2F2640AB4792CB65,포켓몬 카드 페스타 피카츄,PR,5,True,KO,UNDER10
CRD_5B5AD56134634293963C,루기아 ex,RR,5,True,KO,UNDER10
CRD_929B183535F2447CBCE3,모크나이퍼 ex,RR,5,True,KO,UNDER10
CRD_35DA6B31F47244C59B9A,제르네아스 BREAK,RR,5,True,KO,UNDER10
CRD_42C881A081C2442292A2,라티아스 ex,RR,5,True,KO,UNDER10
CRD_D9FA88BC123C41F9B448,라프라스 ex,RR,5,True,KO,UNDER10
CRD_7BCDB81D3236447A9119,멜메탈 ex,RR,5,True,KO,UNDER10
CRD_31E450B6EC254990BB9A,오리진 펄기아 VSTAR,RR,5,False,,ORPHAN
CRD_6D035E3171254B20BE96,찬란한 개굴닌자,K,5,False,,ORPHAN
CRD_9EDCB2F3F82B0EAA04B3,피카츄,PR,5,False,,ORPHAN
CRD_F78C2A2D2F374617AD49,페퍼의 마피티프 ex,RR,5,True,KO,UNDER10
CRD_A70AE0EAE9544E4091AC,메가팬텀 ex,RR,5,True,KO,UNDER10
CRD_92F676DAB8C24AD3895B,망나뇽 ex,RR,5,True,KO,UNDER10
CRD_EF8B22836E854405A0EE,메가자리 ex,RR,5,True,KO,UNDER10
CRD_E070D0BFD0812AE7FEE1,판초를 입은 이브이,PR,5,True,KO,UNDER10
CRD_CA3D4EFF79314B22B0F0,따라큐 ex,RR,5,True,KO,UNDER10
CRD_C8514FE93E8D4BEBBEDE,마리의 오롱털 ex,RR,5,True,KO,UNDER10
CRD_2FA7702340274C86BD77,루기아,P,5,False,,ORPHAN
CRD_15001EC749E84A82B566,흑마 버드렉스 VMAX,RR,5,False,,ORPHAN
CRD_1D0F4747A8BF4524B3CF,마릴리 ex,RR,5,True,KO,UNDER10
CRD_87A14B554FF84A3FAE6A,드래펄트 ex,RR,5,True,KO,UNDER10
CRD_1497BC4BBC0A034B7E00921E88FE436E,루이지 피카츄,PR,5,True,JP,UNDER10
CRD_69A3E53625B647AE962F,꿰뚫는화염 ex,RR,5,True,KO,UNDER10
CRD_A7C33D6D04CA4437BD1F,미라이돈 ex,RR,5,False,,ORPHAN
CRD_C9610AAB6E5FBA4645BC4011ED62CF41,고흐 피카츄,PR,5,True,JP,UNDER10
CRD_6CC0A5E07CEC4B85923F,미라이돈 ex,RR,5,True,KO,UNDER10
CRD_F5AF7D246A2542E48326,가라르 야도킹 V,RR,5,True,KO,UNDER10
CRD_83EC760B41124D8A9145,독침붕 ex,RR,5,True,KO,UNDER10
CRD_3FDB36F0CAF24E49B6CF,블래키 ex,RR,5,True,KO,UNDER10
CRD_8CE0A1EE438248E1ABA7,메가장크로다일 ex,RR,5,True,KO,UNDER10
CRD_321E17A2C21747AAB24E,복숭악동 ex,RR,5,True,KO,UNDER10
CRD_C2A0DB2254344C62AF81,민화의 라플레시아 ex,RR,5,True,KO,UNDER10
CRD_57A6E71EBA0E4FD0B4A1,묘두기 ex,RR,5,True,KO,UNDER10
CRD_83CB95F730174D28B274,메가플라엣테 ex,RR,5,True,KO,UNDER10
CRD_3CE005C5398E4DF8AA7A,레시라무 ex,RR,5,True,KO,UNDER10
CRD_74B902EF7172401CA468,메더 ex,RR,5,True,KO,UNDER10
CRD_89CF88D4F24A4B3FAB18,게을킹 ex,RR,5,True,KO,UNDER10
CRD_9E6C0EE28A034B84B8A7,흑마 버드렉스 V,RR,5,True,KO,UNDER10
CRD_9D7E49141F244802BAB2,렌트라 ex,RR,5,True,KO,UNDER10
CRD_BA2B81F85B96A37C5A65,피카츄,PR,5,False,,ORPHAN
CRD_842618E42E404622A7A4,로켓단의 니드킹 ex,RR,5,True,KO,UNDER10
CRD_8F205E645B108BEC8791C00BDAD3271D,교토 피카츄,PR,5,True,JP,UNDER10
CRD_035B0C7E2A9E47CA878C,개굴닌자 ex,RR,5,True,KO,UNDER10
CRD_20E1890D79D254945C3E00F70560A986,스카루단 고꼬 피카츄,PR,5,True,JP,UNDER10
CRD_B2272D4D776044FE9ABF,로켓단의 뮤츠 ex,RR,5,True,KO,UNDER10
CRD_DD658800D89F4F87A58E,묘두기 ex,RR,5,True,KO,UNDER10
CRD_3DA9FF90C36043F5AFDC,코바르온 ex,RR,5,True,KO,UNDER10
CRD_AE793A5668C14BE9A305,버랜지나 ex,RR,5,True,KO,UNDER10
CRD_367674FDDC443996584B85A2030A01A3,판쵸 피카츄 (가라도스),PR,5,True,JP,UNDER10
CRD_6CE96DE4AE2A4103BE43,펌킨인 ex,RR,5,True,KO,UNDER10
CRD_E310D2D65D884471AB15,흑마 버드렉스 V,RR,5,False,,ORPHAN
CRD_6963C4D7FD56481C9E05,동탁군 BREAK,RR,5,True,KO,UNDER10
CRD_D2DB42A5C2EF4407A186,메가장크로다일 ex,RR,5,True,KO,UNDER10
CRD_3E730E3C8E944D9C8CAD,리자몽 ex,RR,5,True,KO,UNDER10
CRD_547A995302794791994C,묘두기 ex,RR,5,False,,ORPHAN
CRD_31207730A1244D4BA676,멜메탈 ex,RR,5,True,KO,UNDER10
CRD_5A11A9B4CB924667ACDC,개굴닌자 BREAK,RR,5,True,KO,UNDER10
CRD_B294F7A527664134BFA8,버프론 ex,RR,5,True,KO,UNDER10
CRD_BCAF95D174344CE78E15,나오하 ex,RR,5,False,,ORPHAN
CRD_0772C5CF7513F14CB993C2F4FEE4944E,판쵸 피카츄 (레쿠쟈 2),PR,5,True,JP,UNDER10
CRD_2D3002A5B2F54337AD50,오리진 펄기아 V,RR,5,False,,ORPHAN
CRD_235AEB6FAEA54083A5AF,무쇠암석 ex,RR,5,True,KO,UNDER10
CRD_10FA5F0FB2BB48E0A8F5,가라르 야도란 V,RR,5,True,KO,UNDER10
CRD_8A55485EA762404EB6E8,바우첼 ex,RR,5,True,KO,UNDER10
CRD_55919508859C47C0A3FA,찬란한 후딘,K,5,False,,ORPHAN
CRD_0822CD02EBF4BC46E659,피카츄,PR,5,False,,ORPHAN
CRD_0FDC1A9392234CDCB81C,가라르 프리져 V,RR,5,True,KO,UNDER10
CRD_BF5F811DFD2B4CF8820F,백마 버드렉스 VMAX,RR,5,False,,ORPHAN
CRD_B44585853A93C37F791B552F69C70AA6,맥도날드 피카츄,PR,5,True,JP,UNDER10
CRD_44DEAF40BD594140A6C6,치라치노 ex,RR,5,True,KO,UNDER10
CRD_C06423A2D6344CF88D62,거북왕 ex,RR,5,True,KO,UNDER10
CRD_C83501C3B7174EAD9B11,백마 버드렉스 V,RR,5,True,KO,UNDER10
CRD_A0B7FEC7EBCC30F32231005D7A76B620,카나자와 피카츄,PR,5,True,JP,UNDER10
CRD_42F629B8A71E4DEBB5D5,찬란한 개굴닌자,K,5,False,,ORPHAN
CRD_2DAAC2D00EB94B1F861B,마휘핑 ex,RR,5,True,KO,UNDER10
CRD_41C8011108CC45C3B1B1,마기라스 ex,RR,5,True,KO,UNDER10
CRD_0B188D85E3A44B03D1BA,판초를 입은 이브이,PR,5,True,KO,UNDER10
CRD_1550F9965A5248E99C97,리자몽 ex,RR,5,True,KO,UNDER10
CRD_BCCA3EF5C1F04CD0BFC8,아르세우스,P,5,False,,ORPHAN
CRD_405854EB09E342C08AFB,다크라이 ex,RR,5,True,KO,UNDER10
CRD_9EC2FDEB07C043AC8403,브리가론 BREAK,RR,5,True,KO,UNDER10
CRD_53B11C0057674FE1817E,찬란한 리자몽,K,5,False,,ORPHAN
CRD_B071913DFA814921BA27,게노세크트 ex,RR,5,True,KO,UNDER10
CRD_7AC4C404D19B4C5FB0B1,메가드래캄 ex,RR,5,True,KO,UNDER10
CRD_54D2FB20FB064C93818F,몰드류 ex,RR,5,True,KO,UNDER10
CRD_B685013BF312463DBD3F,청목의 노고고치 ex,RR,5,True,KO,UNDER10
CRD_6E30EACB936041E98A01,조로아크 BREAK,RR,5,True,KO,UNDER10
CRD_C3F5BECDAF7048508A69,루카리오 ex,RR,5,True,KO,UNDER10
CRD_BE45969A67C04DAC8AA4,찬란한 개굴닌자,K,5,False,,ORPHAN
CRD_74F86A62A42E4BF9ACC7,따라큐 ex,RR,5,True,KO,UNDER10
CRD_F55908E6632F40A5BE9A,오거폰 화덕의 가면 ex,RR,5,True,KO,UNDER10
CRD_D74B2BB02D9740569EEB,노고고치 ex,RR,5,True,KO,UNDER10
CRD_5F5654DF27524F1385D6,가이오가 ex,RR,5,True,KO,UNDER10
CRD_BA10F03AB84145BBB276,메가메가니움 ex,RR,5,True,KO,UNDER10
CRD_2D4AA6D08A11483FA5DB,무쇠가시 ex,RR,5,True,KO,UNDER10
CRD_70DBE52BB8F949A2A864,오거폰 주춧돌의 가면 ex,RR,5,True,KO,UNDER10
CRD_C41854F7D20E8756104AAA3F9F81E8EA,요코하마 피카츄 (283),PR,5,True,JP,UNDER10
CRD_0E5CE3102B684AB7B177,멜리시 BREAK,RR,5,True,KO,UNDER10
CRD_F7FE6279B4A147BC9CD1,릴리에의 삐삐 ex,RR,5,True,KO,UNDER10
CRD_0076714031ED42A2B94D,뮤 ex,RR,5,False,,ORPHAN
CRD_A25CB6E36FC71EBDA24B,판초를 입은 피카츄,PR,5,True,KO,UNDER10
CRD_2FF2C290CEC24037998E,잠만보,P,5,False,,ORPHAN
CRD_12724DE193F242D89D06,돌핀맨 ex,RR,5,True,KO,UNDER10
CRD_D4F9A637FFAE4231A8CB,굽이치는물결 ex,RR,5,True,KO,UNDER10
CRD_1B3C44801C4A4FD287FD,다크라이 ex,RR,5,False,,ORPHAN
CRD_40C9B79679FB427396C0,꿈트렁 ex,RR,5,True,KO,UNDER10
CRD_79D926D3E72B4438C2AB,팀 플라즈마 보스 피카츄,PR,5,True,KO,UNDER10
CRD_F8ED1A43F2F04EE69ABA,메가화염레오 ex,RR,5,True,KO,UNDER10
CRD_16F421291B064AC58BAE,멜메탈 ex,RR,5,False,,ORPHAN
CRD_7ADACFDF9777471C8C30,루카리오 ex,RR,5,True,KO,UNDER10
CRD_89833C24B80A4DB1A938,개굴닌자 ex,RR,5,True,KO,UNDER10
CRD_9CE6BF712A2F4E708FD7,개굴닌자 ex,RR,5,False,,ORPHAN
CRD_3676B88FE7374BDBB1B2,뮤츠 ex,RR,5,True,KO,UNDER10
CRD_DECDD9969EB941668D1B,대로트 BREAK,RR,5,True,KO,UNDER10
CRD_D4A2792848114DE49FC6,기라티나,P,5,False,,ORPHAN
CRD_B4DD248887AA402E79E6048CF14A6FA5,판쵸 피카츄 (레쿠쟈),PR,5,True,JP,UNDER10
CRD_BE9FEC8AE3E9478EB79E,무쇠감투 ex,RR,5,True,KO,UNDER10
CRD_C8708FEE42914C2C92BD,다투곰 붉은 달 ex,RR,5,True,KO,UNDER10
CRD_8A0FF8340E754322A4A3,일격 우라오스 V,RR,5,True,KO,UNDER10
CRD_82DFF8A996C7452988B7,찬란한 리자몽,K,5,False,,ORPHAN
CRD_2938D81021984B85A99B,로켓단의 페르시온 ex,RR,5,True,KO,UNDER10
CRD_483AB154688A4D959891,로켓단의 크로뱃 ex,RR,5,True,KO,UNDER10
CRD_BC643F61B6A0A15DA4F179160FCF9B92,뭉크 피카츄,PR,5,True,JP,UNDER10
CRD_C00E1C8CFE15D51E795F88D9D5D14E94,판쵸 피카츄 (메가 캠페인),PR,5,True,JP,UNDER10
CRD_330E7648167E59934C965289F6483878,요코하마 피카츄 (281),PR,5,True,JP,UNDER10
CRD_2FB8CA83CF9D40F1A071,뮤 ex,RR,5,True,KO,UNDER10
CRD_04D99176AC394E17A7AC,팬텀,P,5,False,,ORPHAN
CRD_D0443324171B2CC0D77258357000A417,스탬프박스 피카츄,PR,5,True,JP,UNDER10
CRD_276FDCBEC53540638A45,리오르,P,5,False,,ORPHAN
CRD_BB0CFF854EAC4E149745,기로치 ex,RR,5,False,,ORPHAN
CRD_B71FB8408EAC4867A18F,모야모의 찌리배리 ex,RR,5,True,KO,UNDER10
CRD_0DF80E4557DE4819B172,나오하 ex,RR,5,True,KO,UNDER10
CRD_4D759BDF090940E79C0A,찬란한 개굴닌자,K,5,False,,ORPHAN
CRD_9A350D2269353CD3471E3F4C99EB760D,카나자와 피카츄 2,PR,5,True,JP,UNDER10
CRD_3610EE3BBB834DF6A0BF,밀로틱 ex,RR,5,True,KO,UNDER10
CRD_B7345EED8A0E4A05B2C2,마그카르고 ex,RR,5,True,KO,UNDER10
CRD_205C20056CBF48F8B08D,메타몽,PR,5,True,KO,UNDER10
CRD_B30DFCBCDFBA21BE1C07,피카츄,PR,5,True,KO,UNDER10
CRD_6BFE78CBD4924CF285F9,메가염무왕 ex,RR,5,True,KO,UNDER10
CRD_2A1817BBD07C4C22A018,나오하 ex,RR,5,True,KO,UNDER10
CRD_B9C22C1213704F5AAF1B,무쇠잎새 ex,RR,5,True,KO,UNDER10
CRD_D6A12AB9F5294283B6D9,이브이,P,5,False,,ORPHAN
CRD_13901C5572724AADB8AA,팔데아 토오 ex,RR,5,True,KO,UNDER10
CRD_A8210A464976421F9923,메가염무왕 ex,RR,5,True,KO,UNDER10
CRD_EA0059F230D4B436EAE5B890AB606333,판쵸 피카츄 (리자몽 Y),PR,5,True,JP,UNDER10
CRD_5C16965B4D8C4C77943D,리피아 ex,RR,5,True,KO,UNDER10
CRD_C98EFDB78A3045E8B138,릴리에의 삐삐 ex,RR,5,True,KO,UNDER10
CRD_E1D6B66C8AB24CFC89FA,그우린차 ex,RR,5,True,KO,UNDER10
CRD_D6BD7408ABA74C26951D,성호의 메타그로스 ex,RR,5,True,KO,UNDER10
CRD_91F9D869C7DF4777B799,오거폰 벽록의 가면 ex,RR,5,True,KO,UNDER10
CRD_EF3512D636064758A7B4,메가개굴닌자 ex,RR,5,True,KO,UNDER10
CRD_33CA09BF26188C6BDA6EA9F79332A025,판쵸 피카츄 (리자몽 X),PR,5,True,JP,UNDER10
CRD_D041ACC237314A96985C,맘모꾸리 ex,RR,5,True,KO,UNDER10
CRD_F4C1735159F14F65A589,메가디안시 ex,RR,5,True,KO,UNDER10
CRD_8C028EC35A4A49469342,난천의 한카리아스 ex,RR,5,True,KO,UNDER10
CRD_F9B21FCBE1B640D5ACF7,과미드라 ex,RR,5,True,KO,UNDER10
CRD_B1DFD3C3E5BB4423BF03,님피아 ex,RR,5,True,KO,UNDER10
CRD_1ECDA429B4D74A1EB5F5,호브의 자시안 ex,RR,5,True,KO,UNDER10
CRD_F2CFA15607F1FDEA1BCF0CF34AD4E71C,판쵸 피카츄 (메가도쿄 2),PR,5,True,JP,UNDER10
CRD_528E8910A24647CE96C3,레지락 ex,RR,5,True,KO,UNDER10
CRD_E884C26E081A41749A2E,볼케니온 ex,RR,5,True,KO,UNDER10
CRD_DF013D345EDD410F96BB,라우드본 ex,RR,5,True,KO,UNDER10
CRD_A01A880A185C48ADAAAF,루카리오 ex,RR,5,True,KO,UNDER10
CRD_75F07C682B69468CA27A,메가메가니움 ex,RR,5,True,KO,UNDER10
CRD_291A7074290C4BB48DC9,루카리오 ex,RR,5,False,,ORPHAN
CRD_F577A4D8CDE44F2498B6,디아루가 ex,RR,5,True,KO,UNDER10
CRD_746765E6B4BD453D839B,연격 우라오스 V,RR,5,True,KO,UNDER10
CRD_F80B857CFE91CDEB4402E3E93F29B2CB,코이킹 고꼬 피카츄,PR,5,True,JP,UNDER10
CRD_53811FEF046C46BC8D3A,레지아이스 ex,RR,5,True,KO,UNDER10
CRD_A126650873921A29A1AC79F0125D6C30,요코하마 피카츄 (282),PR,5,True,JP,UNDER10
CRD_2E8C144F443F49BBAE9B,미라이돈 ex,RR,5,True,KO,UNDER10
CRD_97D7C457DF3B41A8A619,마자용 BREAK,RR,5,True,KO,UNDER10
CRD_884CDFFE6A873A39565CEB82B1769CBA,마리오 피카츄 (293),PR,5,True,JP,UNDER10
CRD_065512D143D348EDBE3E,님피아 ex,RR,5,True,KO,UNDER10
CRD_D03B772C5E7A47F49391,레지스틸 ex,RR,5,True,KO,UNDER10
CRD_9CED595A24FE40AEBE4A,오거폰 우물의 가면 ex,RR,5,True,KO,UNDER10
CRD_8B54D921E11B4546A8D4,먹고자,P,5,False,,ORPHAN
CRD_7C49D1616BA447F592B1,가라르 파이어 V,RR,5,True,KO,UNDER10
CRD_B0077688E0674FEE8A14,시바,HR,10,True,KO,OK
CRD_29775D0DA6924EA992F1,배우르,S,10,True,KO,OK
CRD_38B5BB48C9E34092ABFE,찬란한 루차불,,10,False,,ORPHAN
CRD_3ED9185116C84CE4B8E5,찬란한 이브이,K,10,True,KO,OK
CRD_A3B4ED53661A41AD9BE6,티고라스,AR,10,True,KO,OK
CRD_D7574728F6AB49FEBD4E,님피아 VMAX,HR,10,True,KO,OK
CRD_8AC31448F8F9420FAE62,볼트로스,S,10,True,KO,OK
CRD_A416CBFC4F164B6BA7E4,코일,S,10,True,KO,OK
CRD_249FD650FBBB4F8C8E9F,AZ의 평온,SR,10,True,KO,OK
CRD_54079F1439374F52BCF7,레쿠쟈 VMAX,HR,10,True,KO,OK
CRD_287970473FD84B928D5D,카푸꼬꼬꼭(프리즘스타),PR,10,True,KO,OK
CRD_14896572D23849A88EA3,삐,S,10,True,KO,OK
CRD_2794B6F1FB74431BA82B,폭슬라이,S,10,True,KO,OK
CRD_E75AF1D183344D918F9B,태우지네,S,10,True,KO,OK
CRD_A54C3A0567954337AFBE,찌로꼬치,S,10,True,KO,OK
CRD_FF7B16FA257D49BD8EB5,보스로라 VMAX,RR,10,True,KO,OK
CRD_70824255C49C485D92BC,라이코,A,10,True,KO,OK
CRD_279CE3C2D7CE469A85E7,메탕,S,10,True,KO,OK
CRD_37FD17FC727E435B8C84,모르페코 VMAX,RR,10,True,KO,OK
CRD_B70475A6AE864D519401,파이리,S,10,False,,ORPHAN
CRD_C3CF846EB0624F398AAF,갈가부기 VMAX,HR,10,True,KO,OK
CRD_4542CCF430DC4AEE91DE,가라르 달막화,S,10,True,KO,OK
CRD_2444A7B9A8EA415D8A2F,잠만보 VMAX,HR,10,True,KO,OK
CRD_281071E67CFC40DD8688,빠모트,S,10,True,KO,OK
CRD_99598A733BBA4B09B0AD,파이리,S,10,True,KO,OK
CRD_3430850B62B446C68A45A9CFE3741141,메가지가르데 EX,MUR,10,True,KO,OK
CRD_C2DA6134D36A43A6AAF6,성스러운분말,SR,10,False,,ORPHAN
CRD_F992B99929D74209A136,레어코일,S,10,True,KO,OK
CRD_1A87BECFAC1647F98FBC,두랄루돈 VMAX,HR,10,True,KO,OK
CRD_9C2FBC6E628A43679527,명희의 격려,SAR,10,True,KO,OK
CRD_7C3F1B3FC98A43A5AA7B,활력의 숲,SR,10,False,,ORPHAN
CRD_3D7C380DE0344900AFCD,나이킹,UR,10,True,KO,OK
CRD_09516DD8E2C14A009B0E,대로트&야느와르몽 GX,SR,10,True,KO,OK
CRD_BAA4E53EBC95419998FA,전룡 ex,RR,10,True,KO,OK
CRD_B18EB4936D3D4C3C8F78,피오니,HR,10,True,KO,OK
CRD_C1EE0F5059B0492891CF,코라이돈 ex,RR,10,False,,ORPHAN
CRD_0B5E6A47F7A34237A44A,이올브 VMAX,HR,10,True,KO,OK
CRD_D2735A48259B9E4C3366,램펄드 ex,SR,10,True,KO,OK
CRD_4B9283B93544449DBC2D,이벨타르 ex,SR,10,True,KO,OK
CRD_9379FBDE7A75416C8C5F,용접공,SR,10,True,KO,OK
CRD_A8F8B7FADADA4B9C8D2F,자루도 V,RR,10,True,KO,OK
CRD_9FA8A518D9414469BEF9,단지래플 V,RR,10,True,KO,OK
CRD_9F3F0D7B0CFA40C49558,개구마르,S,10,True,KO,OK
CRD_AD8BBF65FE79434B9A17,꼬이밍고,S,10,True,KO,OK
CRD_7BB12D81EF244F06890A,푸호꼬,AR,10,True,KO,OK
CRD_1C040171393842089CFF,고우스트,AR,10,True,KO,OK
CRD_939CD60D0A3F433EA9AD,가이오가,A,10,True,KO,OK
CRD_4E2B82591E6842DFB0EB,찬란한 히스이 포푸니크,K,10,False,,ORPHAN
CRD_36360E53452543DEB82B,고릴타 VMAX,HR,10,True,KO,OK
CRD_B96269B83CA14C11933E,뮤 V,RR,10,True,KO,OK
CRD_B253550B1F2740F395BE,베베솔트,S,10,True,KO,OK
CRD_AF5EB7BCF32F4A63B0D5,마스터드 연격의 태세,HR,10,True,KO,OK
CRD_E8F5B14A895540C6860E,제르네아스(프리즘스타),PR,10,True,KO,OK
CRD_4750AF05BE3349BBA298,코라이돈 ex,RR,10,True,KO,OK
CRD_60DCE63929FF4EDD9CEA,찬란한 가디안,K,10,True,KO,OK
CRD_C5C46399E49A476BBCF1,자시안 V,RR,10,True,KO,OK
CRD_F2B2E546E51145C0BB3F,피카츄 V,RR,10,True,KO,OK
CRD_7A536360D1EC48FB885A,피카츄,PR,10,True,KO,OK
CRD_6D19A5161A05C8F43E56,메가제라오라 ex,RR,10,True,KO,OK
CRD_1C2F4BFC2FE24963AAD6,가라르 또도가스,S,10,True,KO,OK
CRD_9E3FF9A0219649098877,팔데아 켄타로스,S,10,True,KO,OK
CRD_DF29217FC4A941819E7F,에코잉혼,UR,10,False,,ORPHAN
CRD_1050F085B2EE449DB943,하랑우탄,S,10,True,KO,OK
CRD_E8099A50DB2E477EBACA,모크나이퍼,S,10,True,KO,OK
CRD_E624293C3C374000B9C3,블래키 ex,PR,10,True,KO,OK
CRD_9B57B62C08254A7582BA,화강돌,S,10,True,KO,OK
CRD_4BEB72DA1111474B823F,다크라이 VSTAR,RR,10,False,,ORPHAN
CRD_EB501A4CDBF645CBA027,비크티니 VMAX,HR,10,True,KO,OK
CRD_00A1C8B22B694905AABF,개굴닌자 V,RR,10,True,KO,OK
CRD_FF5337092E8945C18E38,조로아,S,10,True,KO,OK
CRD_768441CE9EA84982800D,솜솜코,S,10,True,KO,OK
CRD_E037A348D10F4C8C9277,음뱃,S,10,True,KO,OK
CRD_41167277B8FA42F693CA,카틀레야,HR,10,True,KO,OK
CRD_DDBAAD42F90D7CB5F1B8,무쿠,SR,10,True,KO,OK
CRD_CC99F95ECF194AAFBB28,빠르모트 ex,RR,10,True,KO,OK
CRD_5E38B57AA54A42D3BA96,음번 ex,RR,10,True,KO,OK
CRD_828C74272B23470D9991,그랑블루 V,RR,10,True,KO,OK
CRD_0FFEF15EE9E045CABE6F,연격 우라오스 VMAX,HR,10,True,KO,OK
CRD_5468B5F7E7644C059874,석탄산 VMAX,HR,10,True,KO,OK
CRD_0630709EA5124F718749,염뉴트,AR,10,True,KO,OK
CRD_606F71558BA8468DA1FE,어써러셔,S,10,True,KO,OK
CRD_6C79F815204042AB91D4,킹크랩 VMAX,RR,10,True,KO,OK
CRD_4DFC063703184E429E4F,가디안 VMAX,HR,10,True,KO,OK
CRD_AE83ACAA6B9D4A4996BD,스쿨걸,HR,10,True,KO,OK
CRD_906D53B007894C89866E,뮤츠 GX,SM-P,10,True,KO,OK
CRD_AF8736ECE64947D5A57B,고릴타,UR,10,True,KO,OK
CRD_D9FDD63E25B848EAAE06,카푸꼬꼬꼭(프리즘스타),PR,10,True,KO,OK
CRD_321DE0F8BCA944D8BF43,때때무노,S,10,True,KO,OK
CRD_1B7FAED9F23141518159,레지락 V,RR,10,True,KO,OK
CRD_75B6983BC68F478F89E9,일레즌,S,10,True,KO,OK
CRD_FC4C68E9A71046EC9744,스트린더 VMAX,HR,10,True,KO,OK
CRD_899C71FEF9DC4CDFB0EF,메탕,AR,10,True,KO,OK
CRD_AD060C8436D94B1B8AF4,하랑우탄,UR,10,False,,ORPHAN
CRD_85A4AA81199D42D8B160,피비,HR,10,True,KO,OK
CRD_8A64A02FB1604C62BD2140CE72FDA2D7,로토무,AR,10,True,KO,OK
CRD_17D9AE509B3F4B1A8EB2,세레비,A,10,True,KO,OK
CRD_830603D507F941958180,아르세우스 VSTAR,HR,10,True,KO,OK
CRD_6FF014B0CBF4472C9593,마릴,AR,10,True,KO,OK
CRD_7F2DC1D44D784529BCCE,M한카리아스 EX,PR,10,True,KO,OK
CRD_031003EE522945D8A175,드라꼰,S,10,True,KO,OK
CRD_A7343D8846554AA39698,채키몽,S,10,False,,ORPHAN
CRD_7CB42882DB184472A73A,가라르 마임맨,S,10,True,KO,OK
CRD_E4D0E0A32E434B4396AD,박사의 연구(매그놀리아박사),HR,10,True,KO,OK
CRD_1B75DAEB61EA4A2D9A2A,마스터드 일격의 태세,HR,10,True,KO,OK
CRD_EDB2D7BB9EB141A49767,페로코체,S,10,True,KO,OK
CRD_37CAD2854A2A45769811,콜로솔트,S,10,True,KO,OK
CRD_093AB925F0C14BB1BFF6,글레이시아 VMAX,HR,10,True,KO,OK
CRD_8318097459A64ECD8473,파이어로,AR,10,True,KO,OK
CRD_1B2ADC910BB140BE8F44,흑마 버드렉스 VMAX,HR,10,True,KO,OK
CRD_C726940566D64B5D97C1,올리뇨,S,10,True,KO,OK
CRD_496BA4D8911D4BBABCD9,다크라이 V,RR,10,True,KO,OK
CRD_141407CDC6C3483B9AF1,빛나는 레쿠쟈,A,10,True,KO,OK
CRD_7EE4D1F73DD34E3E8CA6,포켓몬 브리더의 육성,HR,10,True,KO,OK
CRD_810E1D47AA834EEFB64E,파치르돈,S,10,True,KO,OK
CRD_41E509EE2DEB451BB2ED,스라크,S,10,True,KO,OK
CRD_43B0B8BE00C44F0FB400,전룡,AR,10,True,KO,OK
CRD_25A858D01145493BB66AF82B8EA32B7C,메가리자몽Y ex,MUR,10,True,KO,OK
CRD_46355D0F57297D6AEAE6,무쿠,SAR,10,True,KO,OK
CRD_EE2DE0499447479491AB,타입:널,S,10,True,KO,OK
CRD_13558DB4C891415388DF,케오퍼스,S,10,True,KO,OK
CRD_32686724596F433298EB,자시안 V,UR,10,True,KO,OK
CRD_CE167D5150A34D07B7AF,리자몽 V,SR,10,True,KO,OK
CRD_702857AB918C4E93B38D,야콘,SR,10,True,KO,OK
CRD_82702EEBF6134FF1A729,어래곤,S,10,True,KO,OK
CRD_64C02283DD0E49BEA124,갸라도스 GX,RR,10,True,KO,OK
CRD_04AF7F36245442EBBCF9,보스로라 V,RR,10,True,KO,OK
CRD_31985982AAFB4AECA49A,레쿠쟈 VMAX,HR,10,True,KO,OK
CRD_C9F99666A3067F779469,라티아스&라티오스 GX,SR,10,True,KO,OK
CRD_FACBD44F4AA042459A6A,자마젠타 VSTAR,RR,10,True,KO,OK
CRD_27BABDECB2404E3D873F,리자몽 V,SR,10,True,KO,OK
CRD_53E1012862E24CE386A1,메가지가르데 ex,RR,10,True,KO,OK
CRD_AC64EB9FF98F4DD68A0B,원더래버린스(프리즘스타),PR,10,True,KO,OK
CRD_5A428B14DAB74DF987AB,무한다이노 VMAX,HR,10,True,KO,OK
CRD_AFAA23E9034D48008DBB,가라르 파오리,S,10,True,KO,OK
CRD_DB8959C82CB54195AB1F,찬란한 개굴닌자,,10,False,,ORPHAN
CRD_580818D205C94783B0C1,마쿠와,HR,10,True,KO,OK
CRD_90BFABA9EF134C4BB20B,루기아 V,PR,10,False,,ORPHAN
CRD_06D78B5B12AC4475BDA5,돌헨진 VMAX,HR,10,True,KO,OK
CRD_7F76FC1F996A4ADAAB21,일격 우라오스 VMAX,HR,10,True,KO,OK
CRD_433D5703B4F246C4AFF6,메타몽,S,10,True,KO,OK
CRD_F58AABA5F4304312AC73,캡싸이,S,10,True,KO,OK
CRD_EFA94CD056AD49A7805F,꼬치조,S,10,True,KO,OK
CRD_380B71F8BB3CF96A61EE,고래왕 ex,RR,10,True,KO,OK
CRD_0C126096DBBD4B00BFB9,망키,S,10,True,KO,OK
CRD_25B8055B794A45B99714,메가아쿠스타 ex,RR,10,True,KO,OK
CRD_503935417E87561B409C,라란티스 ex,SR,10,True,KO,OK
CRD_C732E5C7280E47F9BE2C,수상한 음식통,UR,10,False,,ORPHAN
CRD_DBD66A8B209F456490D9,블래키 VMAX,HR,10,True,KO,OK
CRD_502F5EDDE5B44325905B,싸리용,S,10,True,KO,OK
CRD_B1643D67B83E4EC5B075,음뱃,S,10,True,KO,OK
CRD_E0FD9A9CCE8C43758447,코라이돈 ex,RR,10,True,KO,OK
CRD_8E7F741A0EA743319394,가라르 데스판,S,10,True,KO,OK
CRD_3761F2C151EE4116B9EE,블래키&다크라이 GX,RR,10,True,KO,OK
CRD_0FAEC0B6410647398E22,메가아쿠스타 ex,SAR,10,True,KO,OK
CRD_92F7CF802A46497BBC5F,캐이시,S,10,True,KO,OK
CRD_E5554CE70153F51C9143,이슬의 기력,SR,10,True,KO,OK
CRD_3DDAD77110704AF290D4,가라르 산호르곤,S,10,True,KO,OK
CRD_C4865CD65C7F40D2A53C,빛나는 아르세우스,A,10,True,KO,OK
CRD_7BA874BA9CE545F78F92,라이츄 GX,RR,10,False,,ORPHAN
CRD_EA7AEBBE89AB4A4A8E52,리피아 VMAX,HR,10,True,KO,OK
CRD_7393D6234952454ABFAD,안개 수정,UR,10,False,,ORPHAN
CRD_EC2FC453D40440CBB25E,요씽리스 ex,RR,10,True,KO,OK
CRD_32763B48F1E343B49F3A,드닐레이브,S,10,True,KO,OK
CRD_45DCE5D7B81948979409,메가무장조 ex,RR,10,True,KO,OK
CRD_739A8D30A5494EFBA4DB,리자몽 ex,PR,10,True,KO,OK
CRD_124BBBE760F0468C96D7,파비코리,S,10,True,KO,OK
CRD_4C9F174845584E2D8806,맛보돈,S,10,True,KO,OK
CRD_F6B06CC3450049DC857B,킹크랩 V,RR,10,True,KO,OK
CRD_3BE83FC74DE14380BC3B,가라르 날쌩마,S,10,True,KO,OK
CRD_088EFCFA66FD4762A236,파이어로 BREAK,PR,10,True,KO,OK
CRD_D4F1ED76199148DD94FA,패리퍼,S,10,True,KO,OK
CRD_710F7A26402941E7A4D7,카포에라,AR,10,True,KO,OK
CRD_553E1785CA84462FAFF5,찌르성게,S,10,True,KO,OK
CRD_9081CF4B5064849DC721,메가제라오라 ex,SR,10,True,KO,OK
CRD_ADEEB51643EF48499D9B,가라르 지그제구리,S,10,True,KO,OK
CRD_DD79A82191CE49F19151,미니브,S,10,True,KO,OK
CRD_D977F918DEE8417F8794,이브이 V,RR,10,True,KO,OK
CRD_CDD3B1A97A91417B9277,일격 우라오스 VMAX,HR,10,True,KO,OK
CRD_B80EAC51607C49BEB42E,포푸니,S,10,True,KO,OK
CRD_C69B5517FEEB4D75832B,하랑우탄,UR,10,True,KO,OK
CRD_F49F952E7CF2455C9B6E,팬텀 V,RR,10,False,,ORPHAN
CRD_BC53EA80A3024F12B207,도치마론,AR,10,True,KO,OK
CRD_0D5CD6FAF42744938562,찬란한 달코퀸,K,10,True,KO,OK
CRD_7086E1BDC9604B90A351,망망이,S,10,True,KO,OK
CRD_CE16E6C6333B4A89872C,다크펫,AR,10,True,KO,OK
CRD_CCC9B1752D4045849237,라이츄 GX,RR,10,True,KO,OK
CRD_4CB4D847706A453D8A1F,빛나는 뮤,A,10,True,KO,OK
CRD_080B6E0862C44602A883,아르세우스 VSTAR,RRR,10,True,KO,OK
CRD_3824C7743E944CD1AD14,루차불,S,10,True,KO,OK
CRD_F5970D7EEDB04B88BC84,화원의 스타디움,UR,10,False,,ORPHAN
CRD_C98511277D834B8FB4C7,모야모,PR,10,True,KO,OK
CRD_8875DA1FBB2046CBAF86,미끄네일,AR,10,True,KO,OK
CRD_73BB41EBB51F4E5C98C6,토게키스 VMAX,HR,10,True,KO,OK
CRD_51C7825705E35C6FF71F,타타륜,AR,10,True,KO,OK
CRD_CE93CF20BC2D40369EA6,팬텀 VMAX,RR,10,True,KO,OK
CRD_74B6C998B365467C940F,토게데마루 ex,RR,10,True,KO,OK
CRD_86639AEE339A4E1D9109,눈쓰개,S,10,True,KO,OK
CRD_57B32B1E9555424D8963,전수목,S,10,True,KO,OK
CRD_51D04CC150CD4DD58F28,염버니,S,10,True,KO,OK
CRD_870D077A005D4B68959B,애프룡 VMAX,HR,10,True,KO,OK
CRD_292EB503923B4ADDAA36,테오키스 V,RR,10,True,KO,OK
CRD_A60634103BDB41F18C31,돌헨진,S,10,True,KO,OK
CRD_9CCFB4AA766D475E8C62,에이스번 VMAX,RR,10,True,KO,OK
CRD_80CF967EAA07425DA991,꼬링크,S,10,True,KO,OK
CRD_9AE512CAAE3C435392CB,어니언,HR,10,True,KO,OK
CRD_0935BBDC0D7A4B1A9A63,루기아 VSTAR,PR,10,False,,ORPHAN
CRD_68A361083D184172982D,잠만보,S,10,True,KO,OK
CRD_C88F58584ECC45019F54,파밀리쥐,S,10,True,KO,OK
CRD_873556EEE0BA8B3B376D,글라디오의 결전,SAR,10,True,KO,OK
CRD_F532B44F7B064ECB8DA4,메모리 캡슐,UR,10,False,,ORPHAN
CRD_22E4A9137EB24D9A80C6,아마루르가,AR,10,True,KO,OK
CRD_412140A7DDD1C94BB3FC,실버디,AR,10,True,KO,OK
CRD_05B09E19DF994717ADC4,피오니아,HR,10,True,KO,OK
CRD_86A7F5C65D4D4EF997C0,카푸꼬꼬꼭 ex,RR,10,True,KO,OK
CRD_0D6128DA183F4ED6B72A,피죤투 ex,RR,10,False,,ORPHAN
CRD_1D61B56A81F04560A587,염뉴트 ex,RR,10,True,KO,OK
CRD_4224526A99B34DDDA194,포푸니라 GX,SR,10,True,KO,OK
CRD_0EA9A767E8E64BC7B5D3,소니아,HR,10,True,KO,OK
CRD_E0C0B777B17C4CE3A691,둥실라이드,S,10,True,KO,OK
CRD_4DFB7837ADC84D93A7EE,제크로무 GX,SM-P,10,True,KO,OK
CRD_CBEEC91D0B7A4E249169,나몰빼미,S,10,True,KO,OK
CRD_5A5295A6BE874BBA8414,피카츄,SM-P,10,True,KO,OK
CRD_3F2D5876782D4E44B4B3,고래왕 V,RR,10,True,KO,OK
CRD_3E139045F2814C85AD9A,두리쥐,S,10,True,KO,OK
CRD_67EB5EB9C55848ECA538,피카츄 ex,RR,10,True,KO,OK
CRD_EF30236F493040D69A28,프레셔스캐리,ACE,10,False,,ORPHAN
CRD_202EC7F73609423FA993,크레세리아,UR,10,True,KO,OK
CRD_97ACB4636E2C4BB5B152,대포무노,UR,10,True,KO,OK
CRD_0ED50328C342401E80A4,박사의 연구(매그놀리아박사),SR,10,True,KO,OK
CRD_A2809ACDAA524CC6B457,야청,HR,10,True,KO,OK
CRD_E9ED6DA4BDD449AB99F2,나옹 ex,SR,10,True,KO,OK
CRD_FA1B7AC6670440C287BF,버터플 VMAX,HR,10,True,KO,OK
CRD_7FFB3A5460DC46489885,쌍검킬,AR,10,True,KO,OK
CRD_37E539F9B29822A89711,콘치,AR,10,True,KO,OK
CRD_D341F09B720748DE8BA5,킬리아,S,10,True,KO,OK
CRD_CF7DFD225E054B048301,갸라도스 GX,SM-P,10,True,KO,OK
CRD_76C27B14CD0C45E3A73B,롱스톤 GX,RR,10,True,KO,OK
CRD_C1BD73E7C1A24EF4B23F,큰 파라솔,UR,10,False,,ORPHAN
CRD_2ED4580E9B974C03A527,눈여아,UR,10,True,KO,OK
CRD_E708EA2A576B45D59B4D,로즈,HR,10,True,KO,OK
CRD_9C70464E838941DB8DF0,더스트나 VMAX,HR,10,True,KO,OK
CRD_5CE39B03B3954AB3B664,비크티니(프리즘스타),PR,10,True,KO,OK
CRD_C94514D16A7E46608874,대로트&야느와르몽 GX,SR,10,True,KO,OK
CRD_62D1A0E97E804231B0D6,리피아 VMAX,HR,10,True,KO,OK
CRD_26BD4ABA6D11E04846BA,메가샹델라 ex,SAR,10,True,KO,OK
CRD_2FE00DB6CB1E400085C1,테오키스 VSTAR,RR,10,True,KO,OK
CRD_BE6756C32CA74D509D22,과사삭벌레,S,10,True,KO,OK
CRD_CB62AB154B714772BCC6,그린의 전략,SR,10,True,KO,OK
CRD_92D9A6624DD04811B13A,마휘핑 VMAX,HR,10,True,KO,OK
CRD_63E87C95C4734C3FB480,드니꽁,S,10,True,KO,OK
CRD_68C455E4A71E4DBA86E7,리자몽 GX,RR,10,True,KO,OK
CRD_62582500388642AD8992,그라에나,AR,10,True,KO,OK
CRD_646D4781521444DCA2AF,루카리오,S,10,True,KO,OK
CRD_BEB146883AF3442F81D9,베베놈,S,10,True,KO,OK
CRD_7B22D01FE0474BF9AF2E,찬란한 이상해꽃,K,10,True,KO,OK
CRD_E57697CB4A964C00B4CC,미르시티,SR,10,False,,ORPHAN
CRD_77BD7E23B3354084B0C9,포트데스,S,10,True,KO,OK
CRD_08BB039F0F51499BA059,찬란한 리자몽,K,10,True,KO,OK
CRD_35337456A4194B069444,부스터 VMAX,RR,10,False,,ORPHAN
CRD_5403B77391C44B59BBF1,관광객,SR,10,True,KO,OK
CRD_0BB77FE2EEEC4F359733,염뉴트 GX,SM-P,10,True,KO,OK
CRD_0FC31AECDE1C40D58A1B,사나,HR,10,True,KO,OK
CRD_4E744A43E495413AAC15,님피아 VMAX,HR,10,True,KO,OK
CRD_9390ABC39D714947A980,카르본,S,10,True,KO,OK
CRD_9F31701D86B049C6865C,마피티프,S,10,True,KO,OK
CRD_EA1B94320A2645EFB446,아가씨,HR,10,True,KO,OK
CRD_E0DC82EA957B4BEAB08B,모스노우,S,10,True,KO,OK
CRD_C57E69F6FE4A4DE4BC7F,제크로무 EX,PR,10,True,KO,OK
CRD_94CBE75AE5E34D14A930,가라르 멘바릇,UR,10,True,KO,OK
CRD_EF2B6A9927BF426B8D82,염버니,AR,10,True,KO,OK
CRD_011154494CDE4A258512,해당의 백업,HR,10,False,,ORPHAN
CRD_D8668F914B2643658274,주즈베&담죽맨,SR,10,True,KO,OK
CRD_0250ADD17A674DED8424,눈설왕,S,10,True,KO,OK
CRD_BC5D8A5B4A5049FC8235,레돔벌레,S,10,True,KO,OK
CRD_F838D8557ADB465EA321,기로치 ex,RR,10,False,,ORPHAN
CRD_7E54538560A84C058CD1,이벨타르,A,10,True,KO,OK
CRD_E4B7ECA2F70F4E5B8AE9,성원숭,S,10,True,KO,OK
CRD_709A2E7C8F6F465F9E61,킬리아,S,10,True,KO,OK
CRD_579416A2A535432F8F30,나옹 ex,SAR,10,True,KO,OK
CRD_AC527895530B79F45DDE,메가몰드류 ex,SR,10,True,KO,OK
CRD_FDC7930C5EE84F0A96EF,리자몽 GX,SM-P,10,True,KO,OK
CRD_8C8EEF4E7290462E9827,빛나는 세레비,A,10,True,KO,OK
CRD_2390067C529942A68821,초롱순,S,10,True,KO,OK
CRD_509D0B3B4A0D5FBD0AF9,모르페코 ex,SAR,10,True,KO,OK
CRD_88DE7FECFA5641C4971D,메타그로스 VMAX,HR,10,True,KO,OK
CRD_F8E30FB79C2745469735,켄타로스,AR,10,True,KO,OK
CRD_3E23CFF0B8FC46699E5A,갈가부기,S,10,True,KO,OK
CRD_4AEF0D8909AC4E3F8560,구구,S,10,True,KO,OK
CRD_D549C9C22E9C4E4C83D4,저승갓숭,S,10,True,KO,OK
CRD_3D033F417C70493F8472,종이신도,S,10,True,KO,OK
CRD_6ECF390F7DB845A393E9,다태우지네 VMAX,HR,10,True,KO,OK
CRD_71205B71BAD34A2C85BD,유카리,SR,10,True,KO,OK
CRD_9164D7095AC54C06BE66,피카츄 VMAX,UR,10,True,KO,OK
CRD_4A61E9FAD7D64AE2BB13,빛나는 볼케니온,A,10,True,KO,OK
CRD_8604AD97AE074716B377,파치리스,S,10,True,KO,OK
CRD_20D11F0C16204F278BD5,두랄루돈,S,10,True,KO,OK
CRD_5389645DAEAD455DB806,인텔리레온 V,RR,10,False,,ORPHAN
CRD_211795C67E654E519548,피카츄,S,10,True,KO,OK
CRD_83EB31891C77BEA468C8,메가다크라이 ex,RR,10,True,KO,OK
CRD_ABED7ECAA2C04766839E,피카츄 V,RR,10,True,KO,OK
CRD_ABC8E286EC2E4320896C,훔처우,S,10,True,KO,OK
CRD_5AA4F2695B3D4CB48B68,루카리오,S,10,True,KO,OK
CRD_B8B69E5A34C042F2928346295A367A70,메가리자몽X ex,MUR,10,True,KO,OK
CRD_8E2C1FBCA2F54B3FBFEA,흑마 칼레오스 VMAX,UR,10,True,KO,OK
CRD_2156FFB7752D47F99AC9,샤미드 GX,RR,10,True,KO,OK
CRD_3B708D58DCB3490BBE06,스코빌런,S,10,True,KO,OK
CRD_D7B1A8152CB241248591,빛나는 게노세크트,A,10,True,KO,OK
CRD_339521F5D18A48858134,찬란한 후딘,K,10,True,KO,OK
CRD_C9D88D4A7D0741C89301,석탄산,UR,10,True,KO,OK
CRD_42C692170F6E4A3EBDA6,스트린더,S,10,True,KO,OK
CRD_EFFAAF3652A343819720,이슬&칸나,SR,10,True,KO,OK
CRD_822997E0527747B387C1,순무,HR,10,True,KO,OK
CRD_46745DD4BB00424D81F5,꼬모카,S,10,True,KO,OK
CRD_D4B65CC7BF784983ADB8,메가화염레오 ex,SR,10,True,KO,OK
CRD_E033B69140A8460AAD0B,끼리동,S,10,True,KO,OK
CRD_1F0C27DC82064235A11C,글레이시아 VMAX,HR,10,True,KO,OK
CRD_30FF9351A4A04DDEBA05,리자드,S,10,True,KO,OK
CRD_D333E4DB73424513B205,쥬피썬더 GX,RR,10,True,KO,OK
CRD_D0DC4C237DF94E399FBC,오케이징,S,10,True,KO,OK
CRD_51568A9C8361413DB34E,동탁군,UR,10,True,KO,OK
CRD_E4E9EDB2960842BD80EE,퀵볼,UR,10,False,,ORPHAN
CRD_D63C03AADD7045929DC0,카푸꼬꼬꼭 VMAX,HR,10,True,KO,OK
CRD_FC1C8B1689F940ADBE7B,염뉴트 ex,SR,10,True,KO,OK
CRD_80D8A3CD81B04D1D887C,AZ의 평온,SAR,10,True,KO,OK
CRD_38F6394B2FA64EFABD8A,대여르,S,10,True,KO,OK
CRD_F962598C2D154F409151,피카츄,PR,10,True,KO,OK
CRD_70914C281622475CA8B8,이브이 GX,RR,10,True,KO,OK
CRD_44A1BB145FB243139F1C,흑마 버드렉스 VMAX,HR,10,True,KO,OK
CRD_76BD806D0418EAE90B42,라란티스 ex,RR,10,True,KO,OK
CRD_0136A086A0EE4B56BD13,찬란한 지라치,K,10,True,KO,OK
CRD_26F927BEACCC4E94ABAB,테오키스 VMAX,RR,10,True,KO,OK
CRD_BB580CF2765F4C48B7BB,피아나의 결의,HR,10,True,KO,OK
CRD_5E2191E093894018B5DF,어치르돈,S,10,True,KO,OK
CRD_82A3BB0D14EE48B5ACCD,따라큐,S,10,True,KO,OK
CRD_C0490A67B50C41B78069,레쿠쟈 VMAX,RRR,10,True,KO,OK
CRD_79ED4A2D30A34E139A64,제르네아스 ex,RR,10,True,KO,OK
CRD_217D78A666514D618747,알로라식스테일,S,10,True,KO,OK
CRD_6FB13DE8ED1E4F6D8D07,루카리오 V,RR,10,False,,ORPHAN
CRD_BB5CB5BD6FD64AA6BAD1,아가씨,HR,10,False,,ORPHAN
CRD_42AFED1003354B5DA9E4,에브이 ex,PR,10,True,KO,OK
CRD_1C425DFA45494FDC8351,비크티니 ex,RR,10,True,KO,OK
CRD_ABA364D5C8D449849C05,리자몽 GX,RR,10,False,,ORPHAN
CRD_F1E137530AAC4509ACBD,카푸꼬꼬꼭 GX,SM-P,10,True,KO,OK
CRD_2FE394C852394D129604,나몰빼미,AR,10,True,KO,OK
CRD_3B37F7C8EEF44621A6E1,파비코,S,10,True,KO,OK
CRD_2BAD952E439344719A81,레쿠쟈 VMAX,UR,10,True,KO,OK
CRD_466890A6EF99406086D6,아르세우스 V,RR,10,True,KO,OK
CRD_58C2AC0BC35A4605B2A3,부르르룸,S,10,True,KO,OK
CRD_77624728BFEA41878FA1,M대짱이 EX,PR,10,True,KO,OK
CRD_8D8A1D38FB9A45188298,로토무,S,10,False,,ORPHAN
CRD_2344B9016C984A769B60,찬란한 리자몽,K,10,False,,ORPHAN
CRD_A5AE23F47A2B49218CB4,대코파스,AR,10,True,KO,OK
CRD_1CA71C6A9BAE4E20BD02,탄차곤,S,10,True,KO,OK
CRD_A2652FD03BCB44E786AA,돈크로우 V,SR,10,True,KO,OK
CRD_E16927295F777E3F2FB1,고래왕 ex,SR,10,True,KO,OK
CRD_04E7F61A130E41B8AE30,메가지가르데 ex,SR,10,True,KO,OK
CRD_C4387FFC5CCB4AF9A390,또가스,S,10,True,KO,OK
CRD_A078581BD72D413189A8,피카츄 V,RR,10,True,KO,OK
CRD_5A48FDCCA6EA4614A4F2,크로뱃 V,RR,10,False,,ORPHAN
CRD_1A707D9E2FC6416F96A5,돈크로우 V,SR,10,True,KO,OK
CRD_67CFE01AE03E495B9FB2,블루의 탐색,SR,10,True,KO,OK
CRD_4B75B995CF8948918B35,핫삼 VMAX,HR,10,True,KO,OK
CRD_BEEC7EC2646C4D2AA6E9,단지래플,S,10,True,KO,OK
CRD_871EF36DB50541E2A367,돌핀맨,S,10,True,KO,OK
CRD_CD39A55DE2DF4A2C9E74,근성의 망토,UR,10,False,,ORPHAN
CRD_786B7853318348889FA2,자시안 ex,RR,10,True,KO,OK
CRD_31940B3434F54CAB8CAB,이노,SR,10,True,KO,OK
CRD_088D2EC7F19046DCB5F5,모크나이퍼 ex,RR,10,True,KO,OK
CRD_3DB28C7FE7014FECAA07,의사,HR,10,True,KO,OK
CRD_94EFF45E92BE40FB9155,빛나는 지라치,A,10,True,KO,OK
CRD_37B2BB043B9E407EA0D9,탐리스,S,10,True,KO,OK
CRD_0045DA17CE1F46BFB915,팬텀 V,RR,10,True,KO,OK
CRD_2D08E66725174B8D97BF,찬란한 히드런,K,10,True,KO,OK
CRD_536B90284F124382BA98,블랙마켓(프리즘스타),PR,10,False,,ORPHAN
CRD_295D5C65BB2240D6ACE9,울머기,S,10,True,KO,OK
CRD_4962BD93FC13EF9634B6,메가다크라이 ex,MUR,10,True,KO,OK
CRD_D67FF6D515B941C0B69E,쏘겨모,S,10,True,KO,OK
CRD_B04734F496D84C34A6EA,자포코일,S,10,True,KO,OK
CRD_2CFA9E7297D146EF818C,에너지 리사이클,SR,10,False,,ORPHAN
CRD_9D7643B219DF4580B85F,청목의 찌르호크,AR,10,True,KO,OK
CRD_DDC143852534B415787C,아르세우스 VSTAR,UR,10,True,KO,OK
CRD_A4F869F470ED469F8FDF,스트린더,S,10,True,KO,OK
CRD_F1794D3676DD476EBCCE,투구뿌논,AR,10,True,KO,OK
CRD_203E701EC38E4E9A8ECE,일격 우라오스 VMAX,UR,10,True,KO,OK
CRD_24D3E3B760BB44C7A144,챔피언스 페스티벌,SM-P,10,False,,ORPHAN
CRD_2C540CA835784066A98A,M메타그로스 EX,PR,10,True,KO,OK
CRD_D07DE78E55D4229AB02C,라티아스&라티오스 GX,RR,10,True,KO,OK
CRD_5A0A8856ED35413F8D24,뚜벅쵸,S,10,True,KO,OK
CRD_1385EBCD996A88D82253,왕큰부리,AR,10,True,KO,OK
CRD_7BD33C57DE2641AAA1CE,통통코,S,10,True,KO,OK
CRD_D65DE41A73AB4B91B33B,뜨아거,S,10,True,KO,OK
CRD_5755CDBD721C45AAAA77,스쿠프업 넷,UR,10,False,,ORPHAN
CRD_FA4BBF0978E1CA423377,메가다크라이 ex,SAR,10,True,KO,OK
CRD_098C383D6CBC4015A438,포푸니라,S,10,True,KO,OK
CRD_DAFD8B92B8CF427FB7FE,팔데아 켄타로스,S,10,True,KO,OK
CRD_31A84E046FF1424F95D8,나루림,AR,10,True,KO,OK
CRD_3BDBFB0461F4481F9A03,다태우지네,S,10,True,KO,OK
CRD_DB0269F2CFB9449490D3,니로우,S,10,True,KO,OK
CRD_A690931A982740A4A1A5,고릴타,S,10,True,KO,OK
CRD_95BCC4E4C079449AB3C2,픽시 ex,RR,10,True,KO,OK
CRD_6DE3AEC9CE8C40398C7C,데인차,S,10,True,KO,OK
CRD_F43008DDDC81402A908A,가라르 메더,S,10,True,KO,OK
CRD_9F22D144C3944837A628,흉내내,S,10,True,KO,OK
CRD_7C280FA0405542028F83,뮤 VMAX,UR,10,True,KO,OK
CRD_2FA2149F64BC049AC26F,메가몰드류 ex,RR,10,True,KO,OK
CRD_DF5DDD6AC39442A9B8EC,메타그로스 EX,PR,10,True,KO,OK
CRD_3943EFE37BBAE1B52202,램펄드 ex,RR,10,True,KO,OK
CRD_82BBF9DCCF3D4D5AB172,두두,S,10,True,KO,OK
CRD_EE0DF97B0C5B4FDC88C7,쁘사이저 GX,RR,10,True,KO,OK
CRD_0839A3235BFC40C7A767,말리화,SR,10,True,KO,OK
CRD_DF24CA2636884683B997,춤추새,S,10,True,KO,OK
CRD_A5AB48532440455987B1,가라르 코산호,S,10,True,KO,OK
CRD_B6F780670C514367833F,분떠도리,AR,10,True,KO,OK
CRD_941424BAD57545578C47,보만다 VMAX,HR,10,True,KO,OK
CRD_E9C70192F06741F59CA4,보미카의 연주,SAR,10,True,KO,OK
CRD_6A23462E4F984F01BBC8,카디나르마,S,10,True,KO,OK
CRD_9C3BF0A3D4544A87AE5F,찌리비크,S,10,True,KO,OK
CRD_19DB508398AD4D219234,찬란한 개굴닌자,K,10,False,,ORPHAN
CRD_0FC33162C1024EF6B657,매시붕,S,10,True,KO,OK
CRD_F60B6726EBFD4A6F915D,꾸왁스,S,10,True,KO,OK
CRD_2B02B005CB184B61B23F,크로뱃 V,,10,False,,ORPHAN
CRD_83ED01B41C3648FCA47B,푸크린 GX,RR,10,True,KO,OK
CRD_F2744B20C8FD43B5BCDD,대로트 VMAX,HR,10,True,KO,OK
CRD_768F67D90A2142609676,명희의 격려,SR,10,True,KO,OK
CRD_CBBC687119FD4B25A45C,타라곤,SR,10,True,KO,OK
CRD_AADC70B1F06B46E196C2,대왕끼리동 VMAX,HR,10,True,KO,OK
CRD_B8716C15063748DF9431,삐삐,AR,10,True,KO,OK
CRD_769E68E6E5B20F7CD4C6,바리톱스,AR,10,True,KO,OK
CRD_F6B2257A2C16460CB4FE,코바르온 ex,SR,10,True,KO,OK
CRD_C04E029C65C04840BDAD,치라치노 ex,SR,10,True,KO,OK
CRD_1ADDB3B731DE412E851A,피죤,S,10,True,KO,OK
CRD_D73A0A8616924CE0A63E,스쿨보이,HR,10,True,KO,OK
CRD_F6725E8B0E5E4958840B,블래키&다크라이 GX,SR,10,True,KO,OK
CRD_2F4B432C1AE74911BACC,빙마 칼레오스 VMAX,UR,10,True,KO,OK
CRD_E89AEB260280462CBB85,짜랑고우거 GX,SM-P,10,True,KO,OK
CRD_0F292DCC6C0240B4B017,파라블레이즈,S,10,True,KO,OK
CRD_983C1870E97945BEA0AB,아르세우스 VSTAR,RRR,10,True,KO,OK
CRD_4F738DC1C0384C8E8415,제라오라 VMAX,RR,10,True,KO,OK
CRD_0A1A02B69C48772F29BD,카디나르마,AR,10,True,KO,OK
CRD_B1A5D7C5C507422DA40C,에이스번,S,10,True,KO,OK
CRD_FAA316C56DEC49B9BB70,백마 버드렉스 VMAX,HR,10,True,KO,OK
CRD_6399B03EC1A54922BB8C,들눈해,S,10,True,KO,OK
CRD_54D722AB502448B6BCB9,꼬지모,S,10,True,KO,OK
CRD_AAAB529B18A64AB9A9A0,루카리오 V,RR,10,True,KO,OK
CRD_7287BB47FFDE4919A94C,루가루암 VMAX,HR,10,True,KO,OK
CRD_FE6051706DB64BF286A3,가비루사,S,10,True,KO,OK
CRD_5B8CAA654E9949FC8C70,대도각참,S,10,True,KO,OK
CRD_4AEF7AD96E324D9EA958,아꾸왁,S,10,True,KO,OK
CRD_0E88D3F2434C477CA856,드니차,S,10,True,KO,OK
CRD_C80A57B9F72D4DD39F64,빛나는 루기아,A,10,True,KO,OK
CRD_0736415A8A2440169E58,스완나,S,10,True,KO,OK
CRD_0E3023BFDFCA4815BC48,두루지벌레,S,10,True,KO,OK
CRD_1D2EAFB251904489A557,두트리오,S,10,True,KO,OK
CRD_14469D0439594627BCB4,마빌크,S,10,True,KO,OK
CRD_5836A136DD3E47DB8AE1,치라치노 ex,SAR,10,True,KO,OK
CRD_F92431F1799849F1AA74,레시라무,A,10,True,KO,OK
CRD_12EFBAE37D35433DB103,명탐정 피카츄,PR,10,True,KO,OK
CRD_AF23FC89109141A7AAF7,바랜드 V,RR,10,True,KO,OK
CRD_2BE2AAD4366A40AAB96E,아르세우스 V,SR,10,True,KO,OK
CRD_8262D9F6F80441E59604,드래피온,AR,10,True,KO,OK
CRD_5428C6299F5640EBA326,찬란한 개굴닌자,K,10,True,KO,OK
CRD_D343C56E339540C186C2,깨물부기,S,10,True,KO,OK
CRD_21A5010BC113432EBACD,원더패치,SR,10,False,,ORPHAN
CRD_56E74A6F8ED840E5855A,뮤츠 GX,SM-P,10,True,KO,OK
CRD_5EE5BC37B7894924A235,입치트,AR,10,True,KO,OK
CRD_B2AFB9324B7B47889320,메롱꿍,S,10,True,KO,OK
CRD_F93C79FD4F1A4ADB8589,성호의 메탕,AR,10,True,KO,OK
CRD_1D6D6DE622BA464F8C11,풀페이스 가드,UR,10,False,,ORPHAN
CRD_CE9034508C4344F38B91,카디나르마 ex,RR,10,False,,ORPHAN
CRD_ADBCD39DE57C43EFADAA,단델,HR,10,True,KO,OK
CRD_E609CB11D57D43498DC2,보통의 낚싯대,UR,10,False,,ORPHAN
CRD_38F8D1BD378046E49339,카푸꼬꼬꼭 V,RR,10,True,KO,OK
CRD_9641C573373F492FBFD8,앱솔 EX,PR,10,True,KO,OK
CRD_7F68718FF9574B39A05A,루나아라(프리즘스타),PR,10,True,KO,OK
CRD_9830EDEBF33245BC92FE,올리브,HR,10,True,KO,OK
CRD_16E3CC2DFD2149399A2C,가라르 나이킹,S,10,True,KO,OK
CRD_1490247326A741529076,삐삐,SM-P,10,True,KO,OK
CRD_BE15DB54E85D437389C2,피카츄 VMAX,HR,10,True,KO,OK
CRD_0F9E29696D0647A2A431,스라크,S,10,True,KO,OK
CRD_2099652F987540BEAC95,영웅의 메달,UR,10,False,,ORPHAN
CRD_6E65CB8A7A49437FB020,찬란한 무한다이노,,10,False,,ORPHAN
CRD_3B62213E98D54EF7BF55,찌리리공,S,10,True,KO,OK
CRD_9B32F91113364341A405,구르데,S,10,True,KO,OK
CRD_54F6D94880AB4E55B423,팔데아 우파,S,10,False,,ORPHAN
CRD_E04360C619254AE28E13,몸지브림,S,10,True,KO,OK
CRD_C935CCC682AAF4203D08,글라디오의 결전,SR,10,True,KO,OK
CRD_9FA00F9D35E8416ABEEB,영웅의 메달,UR,10,False,,ORPHAN
CRD_25909EEE9FBE41E08266,에이스번 VMAX,HR,10,True,KO,OK
CRD_D845279FDA5B4030B495,한바이트,S,10,True,KO,OK
CRD_785C8280FB8348EAA230,뮤 ex,RR,10,False,,ORPHAN
CRD_F7F029C74F69471AA3AB,꼬지보리,S,10,True,KO,OK
CRD_11B811456C5D4DCE8A05,메가개굴닌자 ex,SR,10,True,KO,OK
CRD_FE0B395843164577B4EF,쥬피썬더 VMAX,RR,10,True,KO,OK
CRD_C9F48C426CE14CFFA191,이상해씨,AR,10,True,KO,OK
CRD_D7F827AC8C0A42269337,하랑우탄,S,10,True,KO,OK
CRD_FF89828CCBB14368BDA7,두랄루돈 V,RR,10,True,KO,OK
CRD_DE35A5AF533342F99E35,하푸우,SR,10,True,KO,OK
CRD_FFCC0F8CED874CC72C77,메가샹델라 ex,RR,10,True,KO,OK
CRD_C1D0A9CD6A504D1B974A,뽀록나 ex,RR,10,True,KO,OK
CRD_6CFCA0F0830045C481AA,메탈 소서,UR,10,False,,ORPHAN
CRD_11DB17EF51B440E391EF,메탕구,S,10,True,KO,OK
CRD_BEEDDDF92F76487894E3,빠모,S,10,True,KO,OK
CRD_0E1AC369063E4E869847,악식킹,S,10,True,KO,OK
CRD_61F147DE16A4427C9E3B,백마 버드렉스 VMAX,HR,10,True,KO,OK
CRD_3D1FFCD550FE4CE49C08,두코,S,10,True,KO,OK
CRD_5F01B946CC6C4F5F95B0,세레비 V,RR,10,True,KO,OK
CRD_6CCC633E4EDE4AC7B8F3,보스의 지령,HR,10,True,KO,OK
CRD_01EBD72E8D2B4C3486D6,연격 우라오스 VMAX,HR,10,True,KO,OK
CRD_506A9FE402DF410A9083,리자몽 GX,RR,10,True,KO,OK
CRD_5F3E80E210DF43958293,흔들풍손,S,10,True,KO,OK
CRD_9813FECD47C44526AC0E,찬란한 거북왕,K,10,True,KO,OK
CRD_4595906EF9644EC481E6,메타몽(프리즘스타),PR,10,True,KO,OK
CRD_D970AD67FDC84F989B91,찌리비,S,10,True,KO,OK
CRD_D0519CFFD9564C798E9F,카푸느지느 GX,RR,10,True,KO,OK
CRD_5F9A15D40E55413889CB,클레이돌,AR,10,True,KO,OK
CRD_A19E4A91ACD440ECBEF2,인텔리레온 VMAX,HR,10,True,KO,OK
CRD_68E850BB1B68A2B8E14D,모르페코 ex,SR,10,True,KO,OK
CRD_5BDD62DBF28CF0E30ECD,쥬피썬더 ex,SAR,10,True,KO,OK
CRD_EAF99B6AB43548FBB4A2,우르,S,10,True,KO,OK
CRD_94FBB30FCD3F4317B29C,철화구야,S,10,True,KO,OK
CRD_CB435008E6A92A71085D,야도란,AR,10,True,KO,OK
CRD_0A08B2E2AE7D46908548,가라르 가로막구리,S,10,True,KO,OK
CRD_1F7AA893695B4F56A551,M보만다 EX,PR,10,True,KO,OK
CRD_CFF5112271AB4A80BF9B,라이츄 GX,SM-P,10,True,KO,OK
CRD_22CE66F664EA4815A5C1,바우첼,S,10,True,KO,OK
CRD_93050ED08EF24E91A1CA,흥나숭,S,10,True,KO,OK
CRD_B8B3074785EC350DEB26,라티아스&라티오스 GX,SR,10,True,KO,OK
CRD_1EDD60BB0BE04B8C999B,라이코 GX,RR,10,True,KO,OK
CRD_34E88D80380E4C548121,어니언,HR,10,False,,ORPHAN
CRD_4E24D7BCE8424B46A6C6,M레쿠쟈 EX,RR,10,False,,ORPHAN
CRD_27D9B5525E234D2E9F03,할비롱 V,RR,10,True,KO,OK
CRD_93B75FD465674E1E970C,탐리스,S,10,True,KO,OK
CRD_799DF0D045214B7ABBDA,가라르 히히다루마 VMAX,HR,10,True,KO,OK
CRD_27D5FC7D18F54B668AE2,대왕끼리동,S,10,True,KO,OK
CRD_9C787F52EE3041818DE6,카푸나비나 GX,RR,10,True,KO,OK
CRD_81527A6C6D8242E7962C,치라미,S,10,True,KO,OK
CRD_9BD2F6B2BD1342FB9A4D,비트,HR,10,True,KO,OK
CRD_B5DF3C0636DC414DBEFD,별가사리,S,10,True,KO,OK
CRD_7A0F593EA7884BE68C8F,채두,HR,10,True,KO,OK
CRD_F92441CD205348ABA0D0,민화의 덩쿠리,AR,10,True,KO,OK
CRD_9DFAA769E1B744799783,파치래곤,S,10,True,KO,OK
CRD_526DC2B6050A4A1FB8A3,인텔리레온,S,10,True,KO,OK
CRD_66B86CAACE834BA39882,자마젠타 V,RR,10,True,KO,OK
CRD_1778B01FA4AD4332B4C8,독침붕 ex,SR,10,True,KO,OK
CRD_10C2A523B328418CA28E,토네로스 GX,RR,10,True,KO,OK
CRD_FD0EEE3A4AF547399878,후파,PR,10,True,KO,OK
CRD_C572CDE3A4084624BF2B,멍파치,S,10,True,KO,OK
CRD_8F35806D9F12400BA566,가라르 불비달마,S,10,True,KO,OK
CRD_E7F30E639D2045DEA1A4,두랄루돈 VMAX,HR,10,True,KO,OK
CRD_A299CA442C2A41558B6E,포푸니라 GX,RR,10,True,KO,OK
CRD_CF990D31C8414F2FACAA,묘두기,S,10,True,KO,OK
CRD_DB3058C2ACCB4A9498BD,빠르모트,S,10,True,KO,OK
CRD_D629521D90F54884A73E,유카리,SAR,10,True,KO,OK
CRD_22D9C293BC9A4A30A4A0,절각참,S,10,True,KO,OK
CRD_8B5DA09F34764492A8C3,토게키스 VMAX,HR,10,False,,ORPHAN
CRD_70238ADCC39A42FC9814,오팔,HR,10,False,,ORPHAN
CRD_9DEBB30C1A894A7198FA,코라이돈 ex,RR,10,True,KO,OK
CRD_3FAD1A600E1E4A68BEFC,크로뱃 V,RR,10,True,KO,OK
CRD_BF34F5EA41394ACEBF4D,에이스번 V,RR,10,True,KO,OK
CRD_45D3A4AB841C4BAAA951,두랄루돈 VMAX,UR,10,True,KO,OK
CRD_4513C775D26D49389BEE,인텔리레온 V,,10,False,,ORPHAN
CRD_487F923F9A884FFDBD8A,메가개굴닌자 ex,SAR,10,True,KO,OK
CRD_6CAB4D0FFC760A69F69A,썬더볼트,AR,10,True,KO,OK
CRD_5C626761376341E3AEE8,모미,HR,10,True,KO,OK
CRD_28EAE8B1B5464580A078,나로테,S,10,True,KO,OK
CRD_D844EA6139A443209168,누니머기,S,10,True,KO,OK
CRD_4E9C75A6CC65443E9021,모래뱀,S,10,True,KO,OK
CRD_C09A904A2D634B4383A4,헬가,UR,10,True,KO,OK
CRD_336D9FDC86934C2390C3,폭풍의 산,UR,10,False,,ORPHAN
CRD_88C3837F7E224CCB8F9A,브리무음,S,10,True,KO,OK
CRD_3618F7507BD34B52AA5E,피카츄 ex,RR,10,True,KO,OK
CRD_7E87AB5F7DF14D8F97A0,라프라스 VMAX,HR,10,True,KO,OK
CRD_EB8762CB36174FA7BC0F,갈모매,S,10,True,KO,OK
CRD_D62E450DC27F4ACBBA35,자시안 V,RR,10,True,KO,OK
CRD_9D5269AF1A2A42B4A293,랄토스,S,10,True,KO,OK
CRD_78690B2E84B943EFA5E1,메가픽시 ex,SR,10,True,KO,OK
CRD_E4211A929E7B46D59F1D,윤겔라,S,10,True,KO,OK
CRD_28A89296FBE346BCA0F8,도구 스크래퍼,UR,10,False,,ORPHAN
CRD_B4458BD865D40B2B6AFB,타부자고 ex,SAR,10,True,KO,OK
CRD_24EB8C7EAF8344B58654,샤미드 VMAX,RR,10,True,KO,OK
CRD_132E975FFFD94678AED6,우파,S,10,True,KO,OK
CRD_AAA017F1B44DFA505C9B,폭슬라이,AR,10,True,KO,OK
CRD_7114B0F7FF874949B3FE,카디나르마 ex,RR,10,True,KO,OK
CRD_F4545F0EEDC64F099394,탄동,S,10,True,KO,OK
CRD_4BC0454F738547C680E7,토게피&삐&푸푸린 GX,SR,10,True,KO,OK
CRD_DBF770636571450E9F41,쫀도기,S,10,True,KO,OK
CRD_C8829581CD5F4E798F14,깜까미,S,10,True,KO,OK
CRD_6372ABB03C6D49E1B035,부스터 VMAX,RR,10,True,KO,OK
CRD_6125F960819C41089EBD,인텔리레온 VMAX,,10,False,,ORPHAN
CRD_66EF57E1FAC943AEA97D,렌트라,S,10,True,KO,OK
CRD_FC6DF7AE850749B381FE,꼬시레,S,10,True,KO,OK
CRD_35047170BCFDE40B1CF7,짜랑랑,AR,10,True,KO,OK
CRD_91CB67168AB14A918C59,이브이 GX,RR,10,True,KO,OK
CRD_174C612CD9AF412F9F27,에써르,S,10,True,KO,OK
CRD_169A391CE7A44A3A989B,근성의 망토,UR,10,False,,ORPHAN
CRD_A8B5785909B448EBB9B7,펌킨인 ex,SR,10,True,KO,OK
CRD_317EAC5DAF994DC18318,터보 패치,UR,10,False,,ORPHAN
CRD_B6225CABC6D64AC5A224,누겔레온,S,10,True,KO,OK
CRD_DF3A72B78E8141B1A0D2BED89B3B20EE,메가개굴닌자 EX,MUR,10,True,KO,OK
CRD_538D95CFF9F94605BAA0,라이츄,S,10,True,KO,OK
CRD_5C3EB535E3A64CD4886B,리오르,S,10,True,KO,OK
CRD_8FFF4FD7AAAD4FC9921B,포켓패드,SR,10,False,,ORPHAN
CRD_DCECCFE1C2954B5181B2,악뜨거,S,10,True,KO,OK
CRD_79FBECF1B0704D588D61,제르네아스,AR,10,True,KO,OK
CRD_5B1E7755901746CEAA32,수정 동굴,UR,10,False,,ORPHAN
CRD_304E6E316BFB44F593D5,스태솔트,S,10,True,KO,OK
CRD_F491AB110ACC4046A312,국화,HR,10,True,KO,OK
CRD_F10CF3C1C5A4B70534D1,메가제라오라 ex,SAR,10,True,KO,OK
CRD_8B64BC8FA3984544BD29,아쿠스타 GX,RR,10,True,KO,OK
CRD_A070C12F41B8478A8D70,해당의 백업,SR,10,False,,ORPHAN
CRD_30523D5BF2EE4A83A4CB,포푸니라,AR,10,True,KO,OK
CRD_26C2FFF3ECDC4C2B8EE6,보스의 지령,SR,10,True,KO,OK
CRD_B6D4B710F4FD4BA698FB,개굴반장,S,10,True,KO,OK
CRD_9704E9C7E0466CA70982,메가샹델라 ex,SR,10,True,KO,OK
CRD_85ACB08A9301857D6840,라티아스&라티오스 GX,UR,10,True,KO,OK
CRD_17B76AFFA5794001AF52,에브이 VMAX,RR,10,True,KO,OK
CRD_6EA8D0D00A484C1985DD,메가아쿠스타 ex,SR,10,True,KO,OK
CRD_4CBEC2D7C8DF430DA560,메가플라엣테 ex,SAR,10,True,KO,OK
CRD_6BA5079A40E942659EB7,찬란한 루차불,K,10,True,KO,OK
CRD_263A31C3A4EE4B1BA016,부스트 쉐이크,UR,10,False,,ORPHAN
CRD_30E3A8301DC84AC182A0,올리르바,S,10,True,KO,OK
CRD_F90882500EE5480C9161,코라이돈 ex,RR,10,True,KO,OK
CRD_9DE6CF5F7FF3427298C7,레트라,AR,10,True,KO,OK
CRD_1CCD9CD035A348629CD9,갸라도스 VMAX,HR,10,True,KO,OK
CRD_7C7EB9D063E24E2AB4E0,러기드 헬멧,UR,10,False,,ORPHAN
CRD_861F40AC33FD47E8A71A,모르페코 V,RR,10,True,KO,OK
CRD_2E403B756FE641CB89FF32CEB4BDDB4E,메가망나뇽 ex,MUR,10,True,KO,OK
CRD_DC1576AAD82E4D478E9D,푸린,S,10,True,KO,OK
CRD_A4E698560C3F430A9CE4,루카리오 VSTAR,RR,10,True,KO,OK
CRD_176BE23510B840A2A394,피카츄 ex,RR,10,True,KO,OK
CRD_3EC5906755954D34B0B9,드래런치,S,10,True,KO,OK
CRD_6586202DC9F2442E92B7,손지브림,S,10,True,KO,OK
CRD_CCA2E7D114F543BB8331,퍼퓨돈,S,10,True,KO,OK
CRD_ED1679BCEE824AE4A90D,제라오라 VSTAR,RR,10,False,,ORPHAN
CRD_C84ED2B9A3F04FFF9591,아르세우스 VSTAR,UR,10,True,KO,OK
CRD_378581C7E2764EC3A6BA,가라르 창파나이트,S,10,True,KO,OK
CRD_6E0B4C84AEBB48D9ACE6,붐볼,UR,10,True,KO,OK
CRD_2252E930246B4993998A,마리의 모르페코,AR,10,True,KO,OK
CRD_F193258A02084B2CA026,요씽리스 V,RR,10,True,KO,OK
CRD_54805A45B9364F29B502,자시안 VSTAR,RR,10,True,KO,OK
CRD_593E4A28970A4C3C8255,이상해꽃 V,RR,10,True,KO,OK
CRD_A6CB88032E43434B998F,메가플라엣테 ex,SR,10,True,KO,OK
CRD_7C41E202DFC4497C81E0,이상해꽃 ex,RR,10,True,KO,OK
CRD_D44CBFCAFD484A1A9BBC,단지래플 V,RR,10,False,,ORPHAN
CRD_9409CC75ADE9494ABAF5,에이스번 V,RR,10,False,,ORPHAN
CRD_A4507E6EECB24AD88AC1,이브이 V,RR,10,True,KO,OK
CRD_2940721DC8F64D6382C2,M앱솔 EX,PR,10,True,KO,OK
CRD_2DB2CCB0E28C46C6937D,토이 캐처,UR,10,False,,ORPHAN
CRD_C168AAFB91D64962B256,모토마,S,10,True,KO,OK
CRD_4C3F242E3B7545CEA793,파르빗,S,10,True,KO,OK
CRD_BE0337E9E178414A89BA,백솜모카,S,10,True,KO,OK
CRD_1BAFDD6380BB4440AF73,찬란한 전지충이,,10,False,,ORPHAN
CRD_A433CDC6DC8849CEA90A,꼬부기,AR,10,True,KO,OK
CRD_B176ED9CB33B457593A4,하느라기,S,10,True,KO,OK
CRD_23726C952A68490FB117,아쿠스타,S,10,True,KO,OK
CRD_D9D84E45DE404ECCB835,모스노우,UR,10,True,KO,OK
CRD_0BBF8B65F9C34656A1EF,개굴닌자 V,RR,10,False,,ORPHAN
CRD_866593D4A5494DF285FE,이브이,AR,10,True,KO,OK
CRD_AD5DBA8969314EA6A9F3,모크나이퍼 ex,SR,10,True,KO,OK
CRD_FB75B64C376D40B982B2,메타몽(프리즘스타),PR,10,True,KO,OK
CRD_C9FA55B6A1CF478FB8C3,냐스퍼,AR,10,True,KO,OK
CRD_84061A5838C84C7996BA,보미카의 연주,SR,10,True,KO,OK
CRD_46D80DE27C1642C5B543,어흥염 V,RR,10,True,KO,OK
CRD_BF6C559F974242FA94CE,엠페르트 BREAK,PR,10,True,KO,OK
CRD_E2D78ACE217441399909,원경조준기,UR,10,False,,ORPHAN
CRD_98BE07D514F34C678851,피카츄,SM-P,10,True,KO,OK
CRD_0CE6EEB1A26B404D9703,피콘,S,10,True,KO,OK
CRD_E5FB08E4216944D298B1,빼미스로우,S,10,True,KO,OK
CRD_B8BA3C24BCBE499B8B39,개굴반장,AR,10,True,KO,OK
CRD_906DE8D98AE348C9BBDD,암멍이,S,10,True,KO,OK
CRD_DBF213BF7C11429B9323,야돈,S,10,True,KO,OK
CRD_E83933BC2C29478785BE,가라르 직구리,S,10,True,KO,OK
CRD_00865A20063249B7BAB2,챔피언스 페스티벌,SM-P,10,False,,ORPHAN
CRD_AC463A6E41054C3A8E71,가라르 나옹,S,10,True,KO,OK
CRD_A371FDE27863442B9247,석탄산,S,10,True,KO,OK
CRD_7FDEF1F24E7A4606A63F,바다그다,S,10,True,KO,OK
CRD_D51E4A66843B4E17B6F8,메로엣타,AR,10,True,KO,OK
CRD_94090A9F33B740DD8519,썬더마운틴(프리즘스타),PR,10,False,,ORPHAN
CRD_55835D4F7A5A4F3BA60D,래비풋,S,10,True,KO,OK
CRD_693D655002B04679AF62,메가리자몽Y ex,RR,10,True,KO,OK
CRD_2A791989EEEC43F481BB,메가지가르데 ex,SAR,10,True,KO,OK
CRD_663C98F6109848CD9597,이브이 GX,RR,10,True,KO,OK
CRD_50ACE060260D40C7B2AC,멜론,HR,10,True,KO,OK
CRD_D84EB7E9F130403F8AEA,사다이사 VMAX,HR,10,True,KO,OK
CRD_6E2A7F9E1B124081A497,메가무장조 ex,SR,10,True,KO,OK
CRD_64EA988E405547A794C3,약어리 GX,SR,10,True,KO,OK
CRD_3EE3FCDAD8A84659B149,네이티,S,10,True,KO,OK
CRD_7DA779D04F114E638002,세비퍼,S,10,True,KO,OK
CRD_10E91ACD1EF64DD39982,마기아나,PR,10,False,,ORPHAN
CRD_8922BCF6E26F48C19343,네이티오,S,10,True,KO,OK
CRD_5D9BEDD95F3F4EDDAF4B,빅 참,UR,10,False,,ORPHAN
CRD_814FC9FDB9F244A7A8C0,타타륜 VMAX,RR,10,True,KO,OK
CRD_AC75F54F4CA8440381E1,랄토스,S,10,True,KO,OK
CRD_66116DF43BE7463F97E7,아로마 아가씨,HR,10,True,KO,OK
CRD_17ED530C10224680B18D,빙큐보,S,10,True,KO,OK
CRD_C29D97F59E3E4E9FB4E0,야도란,S,10,True,KO,OK
CRD_70A5FC244F7E41DE819D,볼트로스 GX,RR,10,True,KO,OK
CRD_ADB6937D5829468DB1AF,데덴네,AR,10,True,KO,OK
CRD_F5E9D7BE768749B597AF,드래펄트,S,10,True,KO,OK
CRD_203BE953DCCE454BB9A0,오롱털,S,10,True,KO,OK
CRD_88C7D15F245C42D6BF77,쟝고 ex,RR,10,True,KO,OK
CRD_EB96FC5C5F7E48279A5D,마휘핑 VMAX,HR,10,False,,ORPHAN
CRD_1F42D34F4DCB4A0DA99D,루카리오 VSTAR,HR,10,True,KO,OK
CRD_25C230DC064948798E98,코르니의 기합,HR,10,True,KO,OK
CRD_79DAA61E0E0E4DB6B833,토네로스 VMAX,HR,10,True,KO,OK
CRD_8DE3C0F874CB476BAA7D,마기라스 V,RR,10,True,KO,OK
CRD_3CACC2204A9044EA93A2,사다이사,S,10,True,KO,OK
CRD_E14A48ED116544BFB915,모르페코 VMAX,HR,10,True,KO,OK
CRD_410093B53305439B9BB8,이올브,S,10,True,KO,OK
CRD_48C7959DC8854C038FC9,자망칼,S,10,True,KO,OK
CRD_D65357D1999445768C17,맨돌핀,S,10,True,KO,OK
CRD_EE02CE3BA278460EBEA5,인텔리온,UR,10,True,KO,OK
CRD_E9E4D67784014F98A95D,빼미스로우,S,10,True,KO,OK
CRD_22C99839A70742369E3E,일목,SR,10,True,KO,OK
CRD_D1B5C3A150B3424CB4C7,누오,S,10,True,KO,OK
CRD_2A1A9C89BB3947378F7C,자마젠타 V,UR,10,True,KO,OK
CRD_C896B50891774460A672,찬란한 강철톤,K,10,True,KO,OK
CRD_12350A5EE2C042EBA371,아르세우스 V,SR,10,True,KO,OK
CRD_F9597DA87C15467681E5,루카리오 V,RR,10,True,KO,OK
CRD_CFD7A6F0F3FB4E438997,에브이 VMAX,RR,10,False,,ORPHAN
CRD_5332201EA310411BBF5D,오라티프,S,10,True,KO,OK
CRD_C75DB7DA4F574A29A6BB,어둠대신,S,10,True,KO,OK
CRD_E17AC037337F480F9F4D,에브이&테오키스 GX,SR,10,True,KO,OK
CRD_0EEEB9560308D4F4A44D,누리레느,AR,10,True,KO,OK
CRD_C86BB1ACC43E42EBBC54,크로뱃 V,RR,10,False,,ORPHAN
CRD_82FEBC891CD64CE98880,윽우지 VMAX,RR,10,True,KO,OK
CRD_41A99002828C474D8A58,디안시,S,10,True,KO,OK
CRD_B2E561CB1C034FE2B65A,헬가 ex,RR,10,True,KO,OK
CRD_322DAF78A9B34EA2B745,연격 우라오스 VMAX,UR,10,True,KO,OK
CRD_43CD00684F9D255492C8,모르페코 ex,RR,10,True,KO,OK
CRD_A6F7502948814BF9A22C,블래키 VMAX,HR,10,True,KO,OK
CRD_C46CF6C3E34746C1BB6D,한카리아스,S,10,True,KO,OK
CRD_D1AAF580D6724936A745,애프룡,S,10,True,KO,OK
CRD_9CD0F357237A492C8A2D,이상해꽃 V,RR,10,True,KO,OK
CRD_7A36346C7D944650B5E6,윽우지,S,10,True,KO,OK
CRD_093C06DA9ACB4816A395,앤테이,S,10,True,KO,OK
CRD_ABF0EE72A9DD496393D1,스이쿤,S,10,True,KO,OK
CRD_C0D9FC5F1756486AA793,환영의 랜턴,UR,10,False,,ORPHAN
CRD_5592B918549340D29D73,크로뱃,AR,10,True,KO,OK
CRD_CD08270B66B84F70A6EE,즈미,HR,10,True,KO,OK
CRD_67AC53C3B7C24162A902,오팔,HR,10,True,KO,OK
CRD_ABA7DEE8174B496492CB,펄스멍,S,10,True,KO,OK
CRD_7131AC84699949968E56,레벨볼,UR,10,False,,ORPHAN
CRD_25FDA4C47211D0DECF2F,메가다크라이 ex,SR,10,True,KO,OK
CRD_413D5C01202A4AA1B435,핫삼,S,10,True,KO,OK
CRD_60FB75999B834AB7AC7A,경험치 공유,UR,10,False,,ORPHAN
CRD_89E2E59F5D304DF9BBF8,나몰빼미,S,10,True,KO,OK
CRD_550D287466E74BD49C99,드래펄트 VMAX,HR,10,True,KO,OK
CRD_F94CD3EFB93247CD8BD1,가라르 데스마스,S,10,True,KO,OK
CRD_113220EE585F46CDB3E3,부스터 GX,RR,10,True,KO,OK
CRD_CF9F8888EB1242B69BE6,메가픽시 ex,RR,10,True,KO,OK
CRD_1520EDCDD3D64D6CA7AE,리자드,S,10,True,KO,OK
CRD_820858E331F94DAE8910,딥상어동,S,10,True,KO,OK
CRD_7F9046D32F6E42E9A4EC,아머까오,S,10,True,KO,OK
CRD_001CBDF345D94656B351,석탄산 VMAX,HR,10,False,,ORPHAN
CRD_555F402616DD4466A53C,라이프 포레스트(프리즘스타),PR,10,False,,ORPHAN
CRD_138330E698484F569942,베라카스,S,10,True,KO,OK
CRD_F85FB69630DE4832A47E,펄스멍 V,RR,10,True,KO,OK
CRD_A70EA9E8C6384E49A3D9,메가드래캄 ex,SR,10,True,KO,OK
CRD_D676436BD48549B1BEBE,마리,HR,10,True,KO,OK
CRD_96E94DE3D95545C5ADE7,푸크린,S,10,True,KO,OK
CRD_8FEEA7EE5FFB4B758A50,민화의 대접,SR,10,True,KO,OK
CRD_1AA5792C99D94054AB63,칼라마네로,S,10,True,KO,OK
CRD_87649DD1BF8243E3895F,피카츄 ex,RR,10,True,KO,OK
CRD_CB258E4BA4884902A051,파라꼬,S,10,True,KO,OK
CRD_F3D6BF8E596D4F7986FD,어리짱,S,10,False,,ORPHAN
CRD_261019703FC444A39023,흉내내기 아가씨,HR,10,True,KO,OK
CRD_6607B77324F0417E8647,데덴네,S,10,True,KO,OK
CRD_33FE80EB03934DEC8C07,파이리,AR,10,True,KO,OK
CRD_251B8B3E2BEF4145BAE7,찬란한 가디안,,10,False,,ORPHAN
CRD_63EFA1E2D426449697C7,리오르,S,10,True,KO,OK
CRD_6657C5F9E27145AA9961,메가픽시 ex,SAR,10,True,KO,OK
CRD_DD0CD37E614744718643,멜메탈 GX,SR,10,True,KO,OK
CRD_8D34314C145E4657910C,개구마르,AR,10,True,KO,OK
CRD_7A85040155F046DBAD18,킬가르도 VMAX,HR,10,True,KO,OK
CRD_530DC1322A98447495D2,럭시오,S,10,True,KO,OK
CRD_43FD147D4B73449DA411,가라르 포니타,S,10,True,KO,OK
CRD_1EDA56AA698D4E9C9F8E,뮤츠 GX,RR,10,False,,ORPHAN
CRD_24FAA1F19A0941A2BB96,보미카,SR,10,True,KO,OK
CRD_B875810CC46C4134A0C8,멜리시,AR,10,True,KO,OK
CRD_6C093D7C67AF47468F97,레드의 도전,SR,10,True,KO,OK
CRD_48F9A5034BD346849260,제라오라 V,RR,10,True,KO,OK
CRD_C183A625C76743C5ABCD,두송,HR,10,True,KO,OK
CRD_5321023EE01C496BA1D8,이벨타르 ex,RR,10,True,KO,OK
CRD_F49BDB8D98FA44AE99AD,찬란한 리자몽,,10,False,,ORPHAN
CRD_4E8F8D42F8524276A6BD,뮤츠 GX,RR,10,True,KO,OK
CRD_51B35B799843488F8BD0,가라르 마임꽁꽁,S,10,True,KO,OK
CRD_28A90C6383DF4C73AFEA,아스나,HR,10,True,KO,OK
CRD_1CCA522F5463C6D36D73,자루도,AR,10,True,KO,OK
CRD_F234F2F2993F4EFEB26E,네오라이트 V,RR,10,False,,ORPHAN
CRD_15B7E26B244F437BA6AB,찌리리공,S,10,True,KO,OK
CRD_46EB7F96CAE54656B563,일레즌,S,10,True,KO,OK
CRD_D91DE05A19D749D59779,모르페코,S,10,True,KO,OK
CRD_1735A196292E42369E03,지라치 GX,RR,10,True,KO,OK
CRD_1806774875564E268E6E,옐단의 조무래기,HR,10,True,KO,OK
CRD_CFC16E65EBC1462AB99A,에브이&테오키스 GX,RR,10,True,KO,OK
CRD_AE75FE8F2FF5446B86CF,금랑,HR,10,True,KO,OK
CRD_284CA7EBBD6A4A86BDFF,바닥트리오,S,10,True,KO,OK
CRD_7D9BD5DD298A4155B65D,팔데아 켄타로스,S,10,True,KO,OK
CRD_227EEF4A668D4B91A0DE,메가드래캄 ex,SAR,10,True,KO,OK
CRD_255CB9C1E0E948988562,잠만보 ex,RR,10,True,KO,OK
CRD_9D5DBEB83D8747A7865D,칠색조 GX,SM-P,10,True,KO,OK
CRD_D55D68F136FE4493B753,엘풍 VSTAR,HR,10,True,KO,OK
CRD_A20BEE66070640B39730,아머까오 VMAX,HR,10,True,KO,OK
CRD_D3D3847CAB9D4F80B987,칼라마네로 VMAX,HR,10,True,KO,OK
CRD_6E0CFA01EAA84472A5AAA69BE95C2DA8,뮤 VMAX,HR,10,True,KO,OK
CRD_13D179FEFB764051B2F2,찌리리공 ex,RR,10,True,KO,OK
CRD_8D64C44C0FE64E8EA849,비크티니 V,RR,10,True,KO,OK
CRD_EC9CA7B347EB464096EE,풍선,UR,10,False,,ORPHAN
CRD_76E040037E814AEF841B,벼리짱,S,10,True,KO,OK
CRD_923D499B2F2992176C5F,녹청파의 조무래기,SR,10,True,KO,OK
CRD_0D77F9604B9641DF9650,세레비 VMAX,HR,10,True,KO,OK
CRD_17CAF561E8804762B993,순무,HR,10,True,KO,OK
CRD_ED421019893142159D1C,리자몽 VSTAR,RR,10,True,KO,OK
CRD_CCEB4346B9854D20B752,볼트로스,AR,15,True,KO,OK
CRD_874AC1F1697241DBA8D7,철화구야 GX,RR,15,True,KO,OK
CRD_251F9092AFDE47718BB3,로켓단의 아테나,SR,15,True,KO,OK
CRD_7084B05629B04BBEA2F3,입치트 GX,SR,15,True,KO,OK
CRD_55BE769CC493490B9696,음번 GX,SSR,15,True,KO,OK
CRD_ECFFCF9519AB47AC8F10,파비코리,CHR,15,True,KO,OK
CRD_264A20524B744EA88DA1,애프룡 V,RR,15,False,,ORPHAN
CRD_20B447132BB64565AC00,하솔,SR,15,True,KO,OK
CRD_4D2306240DCA4839A318,밤의 들것,SR,15,False,,ORPHAN
CRD_0BB28746DC704932A98D,카푸느지느 GX,RR,15,False,,ORPHAN
CRD_A81205AD3C6B4221AD8F,차곡차곡 GX,SSR,15,True,KO,OK
CRD_EC62C637F8664F9692A4,드라꼰,AR,15,True,KO,OK
CRD_24D7C72E59DD4A338620,테라파고스 ex,SAR,15,True,KO,OK
CRD_CF163D02C6AA44A39149,키키링 ex,RR,15,True,KO,OK
CRD_44A07860884B4309B507,다투곰 붉은 달 ex,RR,15,False,,ORPHAN
CRD_A2E2C941F5B941E8996D,수련의 돌봄,SR,15,True,KO,OK
CRD_F231F0C3861143839BF7,가라르 나이킹 V,SR,15,True,KO,OK
CRD_4A29C46B117240F8943D,돌살이,AR,15,True,KO,OK
CRD_02BB3BE76CE644A993D6,박사의 연구(올림박사),SR,15,True,KO,OK
CRD_1696ABBCC85248FD81F5,쥬피썬더 EX,RR,15,True,KO,OK
CRD_9A786ECB0C1441ADB6E9,야부엉,AR,15,True,KO,OK
CRD_143023DAF60545D2B327,오리진 디아루가 V,RR,15,True,KO,OK
CRD_ACC142C26F114994836D,민지,SR,15,True,KO,OK
CRD_C7E2B077171045C69387,꾸꾸리,AR,15,True,KO,OK
CRD_6E9405D59DA14754A6EE,킬가르도 ex,SR,15,True,KO,OK
CRD_403D661F93B3488CA6F5,국화,SR,15,True,KO,OK
CRD_4D37677B8AA341108958,제르네아스 EX,RR,15,True,KO,OK
CRD_5D82D98321EE4B3B8CFB,프테라 V,SR,15,True,KO,OK
CRD_B550CAAE1FA843B28C47,관리인,SR,15,True,KO,OK
CRD_DA068974AC734E7AB608,야나키,AR,15,True,KO,OK
CRD_379A5BE80E2245808B5C,히스이 붐볼 V,RR,15,True,KO,OK
CRD_0247DE71AB2140BEBBF8,멍파치,AR,15,True,KO,OK
CRD_BC7A6C4E12004FA0918B,쉐이미 V,SR,15,True,KO,OK
CRD_29E55FFA536646B6A891,히스이 블레이범 VSTAR,HR,15,True,KO,OK
CRD_76493C10952F4FC896FF,케르디오 GX,RR,15,True,KO,OK
CRD_B3AE192A44B84ED7B24E,모란,SAR,15,True,KO,OK
CRD_2ED0AB8374204F3DABF4,가라르 파이어 V,RR,15,True,KO,OK
CRD_6912AF9C0880455DB48F,앤티골,AR,15,True,KO,OK
CRD_50DE7B5127534FE2A569,게노세크트 V,RR,15,True,KO,OK
CRD_C2B35AF51F5B4B3D84EF,콜사,SR,15,True,KO,OK
CRD_5C104F12C3C94EE49C84,명탐정 피카츄,SM-P,15,True,KO,OK
CRD_256D36224E6D4A35B851,게을킹 ex,RR,15,False,,ORPHAN
CRD_94E186691EF7493B8ABD,미스터리 가든,SR,15,False,,ORPHAN
CRD_D1410E1858CE4B84814D,카푸꼬꼬꼭 GX,RR,15,True,KO,OK
CRD_6BAEC561FD824CA68028,메가리자몽X ex,MA,15,True,KO,OK
CRD_A91F035D0DE2444DB87B,글레이시아 V,RR,15,False,,ORPHAN
CRD_711241AAC3CB4EFB8F22,리파,SR,15,True,KO,OK
CRD_4EB0074F19194FD08F0B,파라블레이즈 ex,RR,15,True,KO,OK
CRD_B3CB2A5036FD42688BA6,비크티니,PR,15,True,KO,OK
CRD_8339A718987648728776,글레이시아 EX,RR,15,False,,ORPHAN
CRD_2301905FC60B4E48B82C,아머까오 V,RR,15,True,KO,OK
CRD_C94913B9843F44CAA1C8,부스터 EX,RR,15,True,KO,OK
CRD_54066807917542B79D0E,플라이곤,AR,15,True,KO,OK
CRD_B0FE7331201C44AB8455,리피아 VMAX,RRR,15,True,KO,OK
CRD_F14BD93ACD694043B8B1,성호의 메타그로스 ex,SAR,15,True,KO,OK
CRD_6FC66FFBF4F043FF9348,난천의 한카리아스 ex,SR,15,True,KO,OK
CRD_E0CDED654814435D8051,에블리,AR,15,True,KO,OK
CRD_97F0E1EFF98646BE8CC3,마그마의 용소,UR,15,False,,ORPHAN
CRD_BF4009235AB24F4BBD41,절친 포핀,UR,15,False,,ORPHAN
CRD_DF4775DD63D8489DB391,심보러,AR,15,True,KO,OK
CRD_29464E6CFC1448969B4A,무청,SR,15,True,KO,OK
CRD_CA8791D1D7B746459F70,파오젠 ex,UR,15,True,KO,OK
CRD_EE3B2C43337E4C148163,드라세나,SR,15,True,KO,OK
CRD_CC3B5E1F932A4EE9B2E9,카푸나비나 GX,RR,15,True,KO,OK
CRD_09BE4064BBF541EE8222,에이스번 ex,SR,15,True,KO,OK
CRD_DF5E783CC8444CCFA94A,일레도리자드,AR,15,True,KO,OK
CRD_2BB68D76B2954C079D6A,펄스멍 V,RR,15,True,KO,OK
CRD_2F0ED241ED394BF6BF87,아이앤트 ex,RR,15,True,KO,OK
CRD_86C9D18D455541299CC0,클레스퍼트라 ex,SSR,15,True,KO,OK
CRD_B44DD500D1A84B9384A5,후파 ex,SR,15,True,KO,OK
CRD_D5E768346B67472EBC09,유채의 활기,SAR,15,True,KO,OK
CRD_796EC7E6363A48C6ADF7,모르페코 V,RR,15,True,KO,OK
CRD_71AE6E6027D8468280E3,레시라무 ex,RR,15,False,,ORPHAN
CRD_BAD5922B3CEB416F8E04,질뻐기&알로라질뻐기 GX,SR,15,True,KO,OK
CRD_CA8815FCA7DF4BD3A509,드래펄트 VMAX,SSR,15,True,KO,OK
CRD_95DCB3753DC641EAB5CB,어흥염 ex,SR,15,True,KO,OK
CRD_260E916B324C46FA82E0,피죤투 ex,RR,15,False,,ORPHAN
CRD_7CB68EF6CB184B0FB066,흑마 버드렉스 V,RR,15,True,KO,OK
CRD_A6337035E8634701BFAB,피카츄,SM-P,15,True,KO,OK
CRD_34828B53A56D44318E76,용접공,SR,15,True,KO,OK
CRD_8BC4CFF5D3984089B81D,메가자리 ex,SAR,15,True,KO,OK
CRD_07B17A05B9584311B888,카시오페아,SR,15,True,KO,OK
CRD_E42CBCBC0D104814A10B,더스트나 V,SR,15,True,KO,OK
CRD_6136135AE22040079308,노보청 V,RR,15,True,KO,OK
CRD_BFE18CF6495A4D4DBB92,디안시(프리즘스타),PR,15,True,KO,OK
CRD_539D580996A8493CA8A2,캥카 ex,RR,15,True,KO,OK
CRD_A95A3BB894E045F2AE02,가디안&님피아 GX,RR,15,True,KO,OK
CRD_04F21DB3B3794D47B1C9,레지락 EX,RR,15,True,KO,OK
CRD_45CC8DC151BA47F9906E,펄스멍 V,RR,15,True,KO,OK
CRD_7C85BF18CA654083A203,조타구 ex,SR,15,True,KO,OK
CRD_174D03650DD04FAB90ED,볼케니온(프리즘스타),PR,15,True,KO,OK
CRD_C6E94E4673E846D48583,기기어르,AR,15,True,KO,OK
CRD_EDEB10E56C1B4F3F8691,야나프,AR,15,True,KO,OK
CRD_421B1590AD54493AA0C1,올리르바 ex,SR,15,True,KO,OK
CRD_86826BB15E1644AEB13C,어흥염 GX,RR,15,True,KO,OK
CRD_F72303775E8749409E5B,차데스,AR,15,True,KO,OK
CRD_B3F163D4760E4999A3AE,히스이 대검귀 VSTAR,RRR,15,True,KO,OK
CRD_61DFC00AB69D4E0D953C,테라파고스 ex,RR,15,True,KO,OK
CRD_66EA5DD56FAA4AE2BBBB,루가루암 GX,RR,15,False,,ORPHAN
CRD_E62F06A94BBF4102A34B,카나리,SR,15,True,KO,OK
CRD_54629510CAF0436F9A1E,모단단게 V,SR,15,True,KO,OK
CRD_03D070826E284B2A9384,불비달마,AR,15,True,KO,OK
CRD_0E86D1DB89544CD7A643,배바닐라,AR,15,True,KO,OK
CRD_018725C657AC494C8687,에써르 V,SR,15,True,KO,OK
CRD_02610BA308E64C70A526,노고치,AR,15,True,KO,OK
CRD_3A840E756D3946778BD9,버터플 V,RR,15,True,KO,OK
CRD_7F48960BD5604694BAD3,메가이어롭&푸린 GX,SR,15,True,KO,OK
CRD_453FD90FCFC943ECBE27,블래키 VMAX,RR,15,False,,ORPHAN
CRD_FC73F3539D0C406098D5,털보박사의 관찰,SR,15,True,KO,OK
CRD_B55AAC9C8A6C490FB575,갈가부기 V,SR,15,True,KO,OK
CRD_E79D379B22204F5A8CB8,마임맨,AR,15,True,KO,OK
CRD_AA89D833168646D0AE10,후파 EX,RR,15,False,,ORPHAN
CRD_3556A9DD9F2149C5BF0C,따라큐 V,CSR,15,True,KO,OK
CRD_888168EF50BE4F89B720,비케,SR,15,True,KO,OK
CRD_93C95BC7FE614F8398BE,쥬피썬더 V,RR,15,False,,ORPHAN
CRD_315BCF529A824490A671,거대코뿌리 V,RR,15,True,KO,OK
CRD_E81BE663681D40F082FC,피카츄,PR,15,True,KO,OK
CRD_7D3BE5F9D9094BD6AFB6,전툴라 ex,RR,15,False,,ORPHAN
CRD_003510A0066E4AF58922,찌르꼬,AR,15,True,KO,OK
CRD_B075334FB615451B877A,눈꼬마,AR,15,True,KO,OK
CRD_2D9782E1F948401CBDDA,네오라이트 V,RR,15,False,,ORPHAN
CRD_1ED4DECEA3A14B6C81A6,갱도라,AR,15,True,KO,OK
CRD_9F67BA0A6712493A867F,자포코일 ex,SR,15,True,KO,OK
CRD_7AD3E7B95A594FFEABE6,뮤 ex,SAR,15,True,KO,OK
CRD_6B0BBE935C8646E780AD,큰입 늪,UR,15,False,,ORPHAN
CRD_9FA75D54C4294BA2BBBB,히스이 대검귀 VSTAR,RRR,15,True,KO,OK
CRD_DBB7B7B124384146B708,루카리오 GX,SSR,15,True,KO,OK
CRD_DFC0FCC5B8EB4F1FB812,히스이 블레이범 V,RR,15,True,KO,OK
CRD_CF31B0FF74A849A2B69F,블로스터,AR,15,True,KO,OK
CRD_5D69A490DCA54BE28B61,위대한엄니 ex,RR,15,True,KO,OK
CRD_890AC787BC9E4C2DB28A,에브이 V,SR,15,True,KO,OK
CRD_B3A58170CBD947CBA315,귀뚤톡크 V,RR,15,False,,ORPHAN
CRD_A6E16EBEE75C492DA24E,바다그다,AR,15,True,KO,OK
CRD_F1D5FDA4D4C44B6A84C6,난천의 한카리아스 ex,UR,15,True,KO,OK
CRD_3B4B975E13F04C418F1C,시바,SR,15,True,KO,OK
CRD_EA7C2CE2735D4A7FB228,페로코체&매시붕 GX,RR,15,True,KO,OK
CRD_F3D10A6AC6D949C88832,보송송,CHR,15,True,KO,OK
CRD_97AC02D307514BA797A4,다태우지네 V,RR,15,True,KO,OK
CRD_F2B549C5105449D9BAD4,라프라스,AR,15,True,KO,OK
CRD_20F5210F50C6418AB471,네르케,SAR,15,True,KO,OK
CRD_FA35119D522542FAB6EA,흑마 버드렉스 V,SR,15,True,KO,OK
CRD_AA42D1C0CC194B35AB8C,트래피더 ex,SR,15,True,KO,OK
CRD_DFA54335742F49B58FF8,네오라이트 V,RR,15,False,,ORPHAN
CRD_53F9BEE45FFC4745AC79,투희,SAR,15,True,KO,OK
CRD_CA05CA30ECC64AAA9103,M엘레이드 EX,SR,15,True,KO,OK
CRD_AA7C762B17B749CEBF08,토쇠골,AR,15,True,KO,OK
CRD_6A62F065A24240519E51,심향의 모험,SR,15,True,KO,OK
CRD_8298C8E112E94322BE4D,드래펄트 VMAX,RRR,15,True,KO,OK
CRD_F7B668AA293A48758034,깨비드릴조,PR,15,True,KO,OK
CRD_1D86DD36D9564C309BE6,리자몽 ex,SR,15,True,KO,OK
CRD_0810CE32B1AB400B95BA,한카리아스&기라티나 GX,SR,15,True,KO,OK
CRD_4F8FA4ED50DA4A6AA4D3,테라파고스 ex,RR,15,True,KO,OK
CRD_69B4BC1CEE69492C85A9,세레나,HR,15,True,KO,OK
CRD_C504554B465840AAB681,기로치 ex,SAR,15,True,KO,OK
CRD_866E43F5997A400B8392,렌트라 V,SR,15,True,KO,OK
CRD_58A3A28F0B5B44379846,각성의 드럼,ACE,15,False,,ORPHAN
CRD_1727697B0064422BAEE6,피카츄,AR,15,True,KO,OK
CRD_6E769B7F889C42018273,글레이시아 VMAX,RRR,15,False,,ORPHAN
CRD_A7850DED8EE64C28A23B,밤의 들것,UR,15,False,,ORPHAN
CRD_CEE20BD28DB542FEB5E3,야돈&고라파덕 GX,SR,15,True,KO,OK
CRD_BF531C372C7F46138B80,가라르 나이킹 V,RR,15,True,KO,OK
CRD_9F78C4AD792F4C16A076,아이앤트 ex,SR,15,True,KO,OK
CRD_2F76015568504ADA8656,루차불 EX,PR,15,False,,ORPHAN
CRD_E4269732BF5E4DAE84E6,부스터 EX,RR,15,True,KO,OK
CRD_C9E479C530F64962AF8B,스트린더 V,RR,15,True,KO,OK
CRD_36B9B397B19A425CB729,리자몽 VSTAR,RRR,15,True,KO,OK
CRD_73BF8E71FFB94618AEB0,무한다이노 V,RR,15,True,KO,OK
CRD_5D76FEADA66646C89642,모래털가죽 ex,SR,15,True,KO,OK
CRD_C947328FCB434E7590C5,기로치 ex,RR,15,False,,ORPHAN
CRD_EB0B165D0A7148E4ABE6,네크로즈마 새벽의 날개 GX,RR,15,True,KO,OK
CRD_9C111FFCAB0E4282A578,드래펄트 ex,RR,15,True,KO,OK
CRD_D6EF48BBB6494035A432,M전룡 EX,RR,15,True,KO,OK
CRD_8E484372B84147938583,경채,HR,15,True,KO,OK
CRD_8665C8184D854C689CB5,싸리용 ex,SR,15,True,KO,OK
CRD_F1A4D587B8EB4C4FB97A,어치르돈 V,SR,15,True,KO,OK
CRD_8CE5392E17154AFFBE9B,체육관 트레이너,SR,15,True,KO,OK
CRD_E68B9BE86070484B96AE,가라르 날쌩마 V,SR,15,True,KO,OK
CRD_B2D14FA1DDFA481BB7B2,앗차키,AR,15,True,KO,OK
CRD_3BD607C56C33412AAF02,입치트 V,CSR,15,True,KO,OK
CRD_744238CF563C4F9ABC6A,리자드,AR,15,True,KO,OK
CRD_8E69FD2F5CA44C2388A4,괴력몬 V,RR,15,True,KO,OK
CRD_D8C1902727604BB699E2,팬텀&따라큐 GX,SR,15,True,KO,OK
CRD_DB1896C047CE499EA48B,오리진 디아루가 V,SR,15,True,KO,OK
CRD_89F0DED26A364D2D9B5E,으랏차,AR,15,True,KO,OK
CRD_70C9E5F033A642FA8AA9,윈디 ex,SR,15,True,KO,OK
CRD_2CECD65EDFEE402B8093,킹드라,CHR,15,True,KO,OK
CRD_2BA1CDC0E4B94B79A0AC,배우르 V,SR,15,True,KO,OK
CRD_FE7A2CCC9AFB4044AD37,마리,SR,15,True,KO,OK
CRD_1001E20102E24B2DA20C,파이어&썬더&프리져 GX,SR,15,True,KO,OK
CRD_1D26125A944B41DFAE0A,스쿨걸,SR,15,True,KO,OK
CRD_2C17B97D2D95413699E9,뮤츠&뮤 GX,SR,15,True,KO,OK
CRD_FADB782113A840B29B84,무한다이노 VMAX,RR,15,False,,ORPHAN
CRD_19F51F8288034A4781BC,워글,AR,15,True,KO,OK
CRD_F059826D9F804C1B83A1,드래펄트 V,SSR,15,True,KO,OK
CRD_4B160DDD24C54ACA8B72,피카츄,PR,15,True,KO,OK
CRD_94CA0CBDE6B040D88062,일격 우라오스 V,SR,15,True,KO,OK
CRD_E2BB1FFF8563469E809D,큐레무 VMAX,HR,15,True,KO,OK
CRD_C3E80F835D1B41C5B9F7,가이오가,PR,15,True,KO,OK
CRD_956C0F75AB874B358574,마임맨 GX,SR,15,True,KO,OK
CRD_696441FFCEB046F28C92,네크로즈마 GX,SM-P,15,True,KO,OK
CRD_17CEDC815C264A69A345,샤로다 V,SR,15,True,KO,OK
CRD_325D356041B348968F5A,칼라마네로 EX,RR,15,True,KO,OK
CRD_9B35454E9FAA4465BC23,콩둘기,AR,15,True,KO,OK
CRD_1D12B07C82D340E9AC74,포켓몬놀이,SR,15,True,KO,OK
CRD_3BC79D4373A7498D87FB,메가망나뇽 ex,RR,15,True,KO,OK
CRD_C6AC87E03F394758932B,망초,SR,15,True,KO,OK
CRD_90098D3232834F4891B5,강철톤 V,SR,15,True,KO,OK
CRD_2531910728D94C05A9E9,팔자크,SR,15,True,KO,OK
CRD_D340A905D2D643CC9360,M독침붕 EX,RR,15,True,KO,OK
CRD_D6AE8E9C96474E57BEF9,에레키블 ex,RR,15,False,,ORPHAN
CRD_BAC700F6596245A5A62A,매시붕 GX,RR,15,True,KO,OK
CRD_27F9714CA8CF4C0D8906,비조도,AR,15,True,KO,OK
CRD_4515FE8F178F464F92D2,다투곰 붉은 달 ex,SR,15,True,KO,OK
CRD_BB2021E55A1B4B7CBE30,페르시온 GX,RR,15,True,KO,OK
CRD_1589922DA5104539AFF5,레쿠쟈 VMAX,CSR,15,True,KO,OK
CRD_7DA5510251B9473E9F3F,보만다 VMAX,RRR,15,True,KO,OK
CRD_2B58D40C1AE74F69A349,성화,HR,15,True,KO,OK
CRD_D2A40714424C4D3E9F8C,비주기의 계획,SR,15,True,KO,OK
CRD_8B73A94707F24308AF21,에브이 GX,SSR,15,True,KO,OK
CRD_FFD938BCA721439FA9A9,풍&란,SR,15,True,KO,OK
CRD_487CFF0EF551423B842A,블래키 GX,SSR,15,True,KO,OK
CRD_1DD2042E9B7D494B83FB,다크펫 GX,SR,15,True,KO,OK
CRD_C3BE18AFFD494670BA91,연격 우라오스 V,RR,15,True,KO,OK
CRD_6033B85380BA4D14AE12,뮤 ex,SR,15,True,KO,OK
CRD_798D0C5E75B145E48C52,이벨타르 EX,RR,15,True,KO,OK
CRD_B87B09A888294C1C873C,네크로즈마 GX,RR,15,True,KO,OK
CRD_0FA5E598B8704A0E83CC,호브의 대로트,AR,15,True,KO,OK
CRD_72D59C5B494A40E7BB6B,페로코체 GX,SR,15,True,KO,OK
CRD_8130AF03F0B74BF88F4B,제크로무 ex,SR,15,True,KO,OK
CRD_D4E8EA5B4ABC4CE4803E,M번치코 EX,PR,15,True,KO,OK
CRD_E5D836B0FC0D43E289F9,델빌,AR,15,True,KO,OK
CRD_7DED027B94C6483F9495,알로라텅구리GX,SM-P,15,True,KO,OK
CRD_C7E6727225AD4AC8B1EA,레지기가스 V,RR,15,True,KO,OK
CRD_3B9DA71B112D43DAA326,다크펫 GX,SSR,15,True,KO,OK
CRD_EF91E183AFB348229113,성화,SR,15,True,KO,OK
CRD_635F799A0D2C4619893C,딩루 ex,UR,15,True,KO,OK
CRD_72DC6FDF73B541818CBF,크로뱃 VMAX,SSR,15,True,KO,OK
CRD_F7332249FC82459985F9,에브이 V,SR,15,True,KO,OK
CRD_E7E9F14138BB48D8A18A,마나피,AR,15,True,KO,OK
CRD_CC95EE0439504360B961,글레이시아 GX,SM-P,15,True,KO,OK
CRD_E7613911A4194A1BB1CF,클라벨,SR,15,True,KO,OK
CRD_B3149BEFD6BC407799A3,알로라나인테일 GX,RR,15,True,KO,OK
CRD_600E014CD3CD4A00BD0B,무한다이노 VMAX,RRR,15,True,KO,OK
CRD_F158AE0760914258A50D,쉐이미 VSTAR,HR,15,True,KO,OK
CRD_971CA0485F2B45D8A839,대로트 V,SR,15,True,KO,OK
CRD_4F48AF7F7CD84E0EA0B1,스트린더 V,SR,15,True,KO,OK
CRD_BDFAAB604BE94203ADDE,오거폰 벽록의 가면 ex,SAR,15,True,KO,OK
CRD_4F2A7D0A1A7B4BA789D5,한카리아스 V,CSR,15,True,KO,OK
CRD_1D3EB41A06F94BA7B512,입치트 VSTAR,HR,15,True,KO,OK
CRD_4C0F71EF7CD14B5DAC80,떨구새 ex,RR,15,True,KO,OK
CRD_4583AB8ED6FA4D708BCF,포켓몬 교체,SR,15,False,,ORPHAN
CRD_F83111AEFA30449C80AA,제라오라 VSTAR,SAR,15,True,KO,OK
CRD_FC88002577FE4003A645,히스이 미끄래곤 V,SR,15,True,KO,OK
CRD_05A7C02B26DC4C7B8CDE,마기라스 GX,RR,15,True,KO,OK
CRD_23BFAC1CC99540DEB9B9,샤미드 ex,RR,15,True,KO,OK
CRD_47A0659087604D088710,폭거북스,AR,15,True,KO,OK
CRD_457C08948A2D49189AA1,비크티니 VMAX,RRR,15,True,KO,OK
CRD_38815299C2494F679535,내루미,AR,15,True,KO,OK
CRD_43F737D98D4646BC92BE,캐터피,AR,15,True,KO,OK
CRD_8710D86E084B46B1A83E,비버니,AR,15,True,KO,OK
CRD_6DC0B33B6FB748588920,지가르데 EX,RR,15,False,,ORPHAN
CRD_7CBE310A1C2F411F889F,탐험가의 선도,SR,15,True,KO,OK
CRD_002C9C197A444C3DB695,리자몽 GX,RR,15,False,,ORPHAN
CRD_4E71B1C188B74ACDB2DB,요가램 ex,SR,15,True,KO,OK
CRD_4EC3A525E385456A88F0,레쿠쟈 EX,PR,15,True,KO,OK
CRD_E0504F647D66433CB038,비퀸 ex,RR,15,True,KO,OK
CRD_8F6DB567A7EF4D5F9742,제크로무 ex,BWR,15,True,KO,OK
CRD_ABB9C24219D047ECAF3A,마샤도&괴력몬 GX,RR,15,True,KO,OK
CRD_462F20A41FFE435A999B,웅의 스카우트,SR,15,True,KO,OK
CRD_BC01567C0D53407F9CA0,부르롱,AR,15,True,KO,OK
CRD_CA1450D6F122424A81D0,오리진 디아루가 V,RR,15,True,KO,OK
CRD_AA2422DBCBA34A05AEA3,비크티니 V,RR,15,False,,ORPHAN
CRD_D36DD4F7F2DC45FBAE2B,달코퀸 V,SR,15,True,KO,OK
CRD_2B512D9C6B334EA6B3B5,캠프파이어,SR,15,True,KO,OK
CRD_83435CF0B3494DECB0E7,리자몽 ex,SR,15,True,KO,OK
CRD_8E7896DA379A4FA4AFD1,달코퀸 ex,RR,15,True,KO,OK
CRD_649DBF44700540B8A098,콩알뚜기,AR,15,True,KO,OK
CRD_7258B944611440859FD1,입치트 VSTAR,RRR,15,True,KO,OK
CRD_B4A60A8CA6AA4F26A2A9,윤진,SR,15,True,KO,OK
CRD_0B84E98684704E7CBB0F,헤라크로스,AR,15,True,KO,OK
CRD_6C48D7D464D0402B9F7D,뮤 ex,UR,15,True,KO,OK
CRD_4E711DDC48A24974B926,고디모아젤,AR,15,True,KO,OK
CRD_54B1B0CAD05346959E1C,기선,HR,15,True,KO,OK
CRD_0C3A374FCCE5445B84A9,복숭악동 ex,UR,15,True,KO,OK
CRD_35F025B882B548A18185,어릿광대,SR,15,True,KO,OK
CRD_EAEBF54128244B18A0E6,과미드라 ex,RR,15,True,KO,OK
CRD_50757DF212C2435ABE50,동미러,AR,15,True,KO,OK
CRD_E489FF5E6B654755AC1B,치라미,AR,15,True,KO,OK
CRD_EE9DBDB6BFC24FC08B14,묘두기,AR,15,True,KO,OK
CRD_A8CA5B29C9994F09BCF9,바랜드 V,RR,15,True,KO,OK
CRD_853F91A8D5AF441492F4,리자몽 ex,SAR,15,True,KO,OK
CRD_C13EA4410A084742AAA9,앤테이 GX,RR,15,True,KO,OK
CRD_5830A265E66848C49F6F,제브라이카,AR,15,True,KO,OK
CRD_40E4132CAF9C4482A0E7,언페어 스탬프,ACE,15,False,,ORPHAN
CRD_078EAED55D864BFDAD8E,M뮤츠 EX,RR,15,False,,ORPHAN
CRD_F0835CD9F9D84DBF8F75,샤로다 ex,RR,15,False,,ORPHAN
CRD_E8D78BF9E79942FD96A4,전목,HR,15,True,KO,OK
CRD_79AB9AEE4B68458A98DD,비리디온,AR,15,True,KO,OK
CRD_510E12E6D5CD417197BF,굽이치는물결 ex,SAR,15,True,KO,OK
CRD_B0F2BB5C7F9B413AAF68,글레이시아 V,SR,15,True,KO,OK
CRD_21D7CBE19CF94AD189EB,퍼퓨돈 ex,RR,15,True,KO,OK
CRD_11B89035B69F4696A10B,자시안 V,SR,15,True,KO,OK
CRD_4500844A9586482C906C,이브이&잠만보 GX,SM-P,15,True,KO,OK
CRD_6107CE7DBE884EAE9B22,보스의 지령(게치스),SR,15,True,KO,OK
CRD_36C11CC18239437D97C7,버프론 ex,RR,15,False,,ORPHAN
CRD_EEFAD8CB8F514886AAEF,사구아로,SAR,15,True,KO,OK
CRD_F3D13D31BE1A4E0991BE,다꼬리,AR,15,True,KO,OK
CRD_6967F2866EC341D1B5A5,고동치는달 ex,SAR,15,True,KO,OK
CRD_63141A82DE9B4DB48A54,보만다 ex,SR,15,True,KO,OK
CRD_C117A9E19A5E433BA318,팔데아 우파,PR,15,True,KO,OK
CRD_C37F7B571BA54B66B848,보만다 EX,PR,15,True,KO,OK
CRD_B195304202EC48F1BD65,파쪼옥,AR,15,True,KO,OK
CRD_280E5479B51D442889C9,춤추새 ex,SAR,15,True,KO,OK
CRD_C52365D9FE2D440FAF36,피나,SR,15,True,KO,OK
CRD_2848B49941EA4681B936,네스트볼,UR,15,False,,ORPHAN
CRD_31587FB56FBD49B593F1,피오네,AR,15,True,KO,OK
CRD_E8813064F21A409D8BEF,탱그릴,AR,15,True,KO,OK
CRD_11DE00F8CE7D4AF1B990,메가팬텀 ex,MA,15,True,KO,OK
CRD_7EDD738AC9704AC483F7,어니언,SR,15,True,KO,OK
CRD_7EB1930C9A224A14AE58,피카츄 ex,UR,15,True,KO,OK
CRD_41D656AFDF2B44A0BC87,블랙큐레무 ex,RR,15,False,,ORPHAN
CRD_7F7E8A1CDFC44B1687F8,따라큐 VMAX,CSR,15,True,KO,OK
CRD_032F065F3B1D42379FF6,알로라나인테일 GX,RR,15,True,KO,OK
CRD_5D86E01964624A8CBE40,피카츄 VMAX,CSR,15,True,KO,OK
CRD_017C5386A8B64234B9C7,멜로코,SR,15,True,KO,OK
CRD_00B0A094D2434026AD56,하랑우탄,CHR,15,True,KO,OK
CRD_742200F17881431CB52E,비리디온 V,SR,15,True,KO,OK
CRD_85AC11A9F5FE4EBEB8E6,굽이치는물결 ex,RR,15,True,KO,OK
CRD_F17E3DA3317A4B978E20,박사의 연구,HR,15,True,KO,OK
CRD_53E878DB5D8944638209,테라키온,AR,15,True,KO,OK
CRD_A0D58142340C4202B5FD,미모사,SR,15,True,KO,OK
CRD_0FFC051368D048A489A8,타로,SAR,15,True,KO,OK
CRD_99B2271A9E6B4B259FB7,연격 우라오스 V,SR,15,True,KO,OK
CRD_D5532CF1B3D74D75938E,엠페르트 V,SR,15,True,KO,OK
CRD_56AD26AE94C842519BA8,보만다 GX,SR,15,True,KO,OK
CRD_D6CB6207F6D64F1A980C,오거폰 벽록의 가면 ex,SAR,15,True,KO,OK
CRD_50C4C79B8F9E40C4AACE,키키링 ex,RR,15,False,,ORPHAN
CRD_C01B9679589B47678C03,피카츄,SM-P,15,True,KO,OK
CRD_FF2705137ED74AB383C1,피죤투 V,SR,15,True,KO,OK
CRD_08B5AF0D1FDE432C9460,네오라이트 V,RR,15,False,,ORPHAN
CRD_04E476A38A5347C9B184,과미드라,AR,15,True,KO,OK
CRD_AC4EB0CDE09A4473820C,삼삼드래 ex,SAR,15,True,KO,OK
CRD_11E8AAB5199A493C9515,더시마사리 GX,RR,15,True,KO,OK
CRD_F4376F40A1924C9FADCC,샤미드 V,SR,15,True,KO,OK
CRD_35DC69B18FE34A239272,글레이시아 VMAX,RR,15,True,KO,OK
CRD_A3C2192851584CFC8246,소도와 실디,SR,15,True,KO,OK
CRD_D25814429FF94A7E84C3,블랙큐레무 ex,SR,15,True,KO,OK
CRD_88D8B1966C914557B55B,샤로다 ex,SR,15,True,KO,OK
CRD_3B1892201B8240FAA691,땅밑탐험대,SR,15,True,KO,OK
CRD_CF6F85E730554DB796E4,다크라이(프리즘스타),PR,15,True,KO,OK
CRD_F16DED4EF2094676A83D,야청,SR,15,True,KO,OK
CRD_54E3A91B69264976B1D1,메타몽,AR,15,True,KO,OK
CRD_9FDDA5BA3EEF4352A0ED,메타그로스 V,SR,15,True,KO,OK
CRD_BC94D56140324F5E8B10,마디네,AR,15,True,KO,OK
CRD_5FB29A7CDA6A4F8698B4,요씽리스 VMAX,RRR,15,True,KO,OK
CRD_9B7BDD57CE984638AD11,다크라이 VSTAR,SAR,15,True,KO,OK
CRD_08D8EFD7132A4E838F53,꿈트렁 ex,SR,15,True,KO,OK
CRD_D805B78A8EC145518EBF,이브이 ex,SAR,15,True,KO,OK
CRD_11C10BF531B64E59B61C,성호의 결단,SR,15,True,KO,OK
CRD_2A25393A383641F7BD29,안농 VSTAR,RRR,15,True,KO,OK
CRD_E3C661DEECDE4AF6AB74,심향의 칠색조 ex,SR,15,True,KO,OK
CRD_8603F62DAC06410E95FB,음번 V,SR,15,True,KO,OK
CRD_042BA07087FB420BABAE,꿰뚫는화염 ex,RR,15,True,KO,OK
CRD_2297ECA873FB4C6EB5C5,신비록 V,RR,15,True,KO,OK
CRD_06CEAC2A8B35426D926A,망나뇽 V,RR,15,True,KO,OK
CRD_95CC63655EC74676BA27,땃쭈르,AR,15,True,KO,OK
CRD_B01199DFD87D423494E0,브리가론 V,SR,15,True,KO,OK
CRD_1573232461C14F27B212,세류,SR,15,True,KO,OK
CRD_D3BC0E4C755C49AD83CC,자시안 V,SAR,15,True,KO,OK
CRD_3BB0CBC7ABDE40CC8213,알로라고지 GX,SM-P,15,True,KO,OK
CRD_B56B12EB53F4412BA2DA,피카츄,AR,15,True,KO,OK
CRD_458264C893E84DF0975A,지가르데 GX,SR,15,True,KO,OK
CRD_CFA60465B36641B2A61C,무쇠잎새 ex,RR,15,False,,ORPHAN
CRD_275591C4CE6A45D2A1B4,메가이어롭 ex,SAR,15,True,KO,OK
CRD_3F605DD9C57145F4A405,레시라무 ex,SR,15,True,KO,OK
CRD_4C8698FF6B3849B49B28,모단단게 V,RR,15,True,KO,OK
CRD_1F2BEBDD9D0144DC8275,피카츄,PR,15,True,KO,OK
CRD_539273CC06F546848821,민화의 초대,SAR,15,True,KO,OK
CRD_5101062B092642DFA1E3,네오라이트 V,RR,15,False,,ORPHAN
CRD_6A49D65CBD7D467DA753,돌헨진 V,SR,15,True,KO,OK
CRD_D264A2B826384DCCB7D7,가이오가 V,PR,15,True,KO,OK
CRD_E9ED1194D08E47B8B587,오리진 펄기아 VSTAR,UR,15,True,KO,OK
CRD_F79C2876A4E54BCA830E,위대한엄니 ex,SR,15,True,KO,OK
CRD_EA938DF4CE38460F89C6,메가눈설왕 ex,SR,15,True,KO,OK
CRD_9674E016E1A6436995B3,강연의 단판승부,SR,15,True,KO,OK
CRD_090C5C6FE6B34BC0A9E7,기라티나 VSTAR,UR,15,True,KO,OK
CRD_8CBA85EFB90246F2A42C,로켓단의 아테나,SAR,15,True,KO,OK
CRD_AA067EA038324239B8DD,카르네,SR,15,True,KO,OK
CRD_7CC5297071A246E0B3DB,캥카 ex,SR,15,True,KO,OK
CRD_4FFBC5FEC7274C13BE41,쉐이미 EX,PR,15,True,KO,OK
CRD_BD32C4DD974E418FB16F,비조푸,AR,15,True,KO,OK
CRD_2757D35F33AC4CF99CC7,모야모,SR,15,True,KO,OK
CRD_2E16148F22B445A2B1F9,솔가레오(프리즘스타),PR,15,True,KO,OK
CRD_95663DF3179B490FB089,글레이시아 VSTAR,SAR,15,True,KO,OK
CRD_F388F752349144079A88,히스이 미끄래곤 V,RR,15,True,KO,OK
CRD_82E623B207DC4A08833D,루가루암 GX,RR,15,False,,ORPHAN
CRD_A9E0B9872410433C8501,연격 우라오스 V,RR,15,False,,ORPHAN
CRD_2BDD89F3616849468EE4,데스니칸,AR,15,True,KO,OK
CRD_6C71D38CA03A4D73A6F4,카푸브루루 GX,RR,15,True,KO,OK
CRD_B20942F08E184FD3AC9C,이상해풀,AR,15,True,KO,OK
CRD_80E06EF89D844F93ABE5,이올브 VMAX,CSR,15,True,KO,OK
CRD_1AB7F353BFC547DC81F1,나시,AR,15,True,KO,OK
CRD_BE2C80A0B66343AA892E,식스테일,AR,15,True,KO,OK
CRD_0F948BF5021D42F9BF8F,울트라네크로즈마 GX,RR,15,True,KO,OK
CRD_2363D7E348AC45C3AD5C,카푸꼬꼬꼭 GX,SR,15,True,KO,OK
CRD_AAA1B0D73E594E6E9585,나옹,PR,15,True,KO,OK
CRD_219500DA87B5401CBEDA,페르시온 GX,SR,15,True,KO,OK
CRD_FD350229536F48219366,비비용,AR,15,True,KO,OK
CRD_A764468C60C145BBA7B2,멜메탈 VMAX,HR,15,True,KO,OK
CRD_6C2E76C8810D45DB91FC,저리더프,AR,15,True,KO,OK
CRD_F982F893088B4538AE96,서퍼,SR,15,True,KO,OK
CRD_2A51F7848C3F425BADD0,치릴리,AR,15,True,KO,OK
CRD_91625DC1A887474895B5,무우마직,AR,15,True,KO,OK
CRD_EF1580E2B034449EBA2F,고오스,AR,15,True,KO,OK
CRD_CDD3EE7F57224CD58823,고래왕,AR,15,True,KO,OK
CRD_4B2B4A42869D4583AFCB,파라스,AR,15,True,KO,OK
CRD_62AFC6A6B1234F778316,비버통,AR,15,True,KO,OK
CRD_7DF75212273E4EC497D5,오거폰 우물의 가면 ex,RR,15,False,,ORPHAN
CRD_E9D3C1D6A844432A836F,모래털가죽 ex,SAR,15,True,KO,OK
CRD_63CF750F292B420E9045,두드리짱 ex,SAR,15,True,KO,OK
CRD_71B943080D4E4023A1B4,피카츄 ex,UR,15,True,KO,OK
CRD_58E466F3E3064DF98E83,다태우지네 V,SSR,15,True,KO,OK
CRD_F420852AE6A24B65BF0C,킬리아,AR,15,True,KO,OK
CRD_10E2C02673E94810BC08,불켜미,AR,15,True,KO,OK
CRD_7BB290C3BD38478A914D,파쪼옥,AR,15,True,KO,OK
CRD_4F19F10CD72544CDB78E,이벨타르 GX,SR,15,True,KO,OK
CRD_E81D96E28ECE484B9F6F,두파팡 GX,RR,15,True,KO,OK
CRD_621EC27A4FFC46AAA5B0,한카리아스 V,SR,15,True,KO,OK
CRD_761AFE3BD91646FEBEA5,M샤크니아 EX,RR,15,True,KO,OK
CRD_6FA0D89A1693401DB8FB,연격 우라오스 V,CSR,15,True,KO,OK
CRD_57D75046E0404E6EBE7B,울트라조사대,SR,15,True,KO,OK
CRD_1A2B7E3263BE4E328E23,마그비,AR,15,True,KO,OK
CRD_92EC2C1ED4F04945A412,야청,SR,15,True,KO,OK
CRD_93DF43C333324F0FB26C,기라티나 V,SR,15,True,KO,OK
CRD_20A7B2013FDD428ABD1B,매시붕 GX,SR,15,True,KO,OK
CRD_E2301D1F50D64882BF93,타로,SAR,15,True,KO,OK
CRD_40F6EEFDAD37407C8580,폭슬라이,AR,15,True,KO,OK
CRD_168A21AE1367433791FA,에브이&테오키스 GX,SR,15,True,KO,OK
CRD_E0218102B7A74B0FBB22,피아나,SR,15,True,KO,OK
CRD_382ECC8BA6034DAF9178,뮤츠 VSTAR,UR,15,True,KO,OK
CRD_95F74899B927469997D4,아세로라,SR,15,True,KO,OK
CRD_D418EAC3260E430DB338,낚시꾼,SR,15,True,KO,OK
CRD_7EF64656A6724709BAEC,전룡 V,RR,15,True,KO,OK
CRD_3AC8F9831E6C417A920C,루카리오 EX,RR,15,True,KO,OK
CRD_604492DE52EA4B7F81F6,메가캥카 ex,SAR,15,True,KO,OK
CRD_0B17CA38B6334F20B964,샹델라 V,RR,15,True,KO,OK
CRD_182D09232DDB4F1BB505,사다이사 VMAX,RR,15,False,,ORPHAN
CRD_D00A4D4EA8DD49B1B244,네오라이트 V,SR,15,True,KO,OK
CRD_442FC7811D6A495784D9,리피아 V,RR,15,False,,ORPHAN
CRD_7F6CC76C333E432E9B6A,피카츄 V,RR,15,True,KO,OK
CRD_787A4B40D73A4555BE21,알로라나인테일 GX,SSR,15,True,KO,OK
CRD_AF3062D3422A407D9A65,블래키 V,SR,15,True,KO,OK
CRD_F2298D4559AB4FFC8AFF,가이오가,PR,15,True,KO,OK
CRD_96D90414AA724083A05A,테사,SAR,15,True,KO,OK
CRD_8FC14F96E9634AE0982F,쏘콘 ex,SSR,15,True,KO,OK
CRD_A4B8753A4E844EE09CBA,로켓단의 파이어 ex,RR,15,True,KO,OK
CRD_62DDF6FB498A4680BDE8,자마젠타 V,RR,15,False,,ORPHAN
CRD_81D35CD6A39B4ED5AED2,스크램블 스위치,ACE,15,False,,ORPHAN
CRD_BC37591EA9BD4AFE9BD5,두르보,AR,15,True,KO,OK
CRD_D2FF712DE7F2490F83AB,액스라이즈,AR,15,True,KO,OK
CRD_5530C05FD3FA4C2F8CF2,하이퍼 아로마,ACE,15,False,,ORPHAN
CRD_36D39DBAA5EC4EE09001,후딘 ex,SR,15,True,KO,OK
CRD_D314F766A59B4473933E,리피아 V,RR,15,True,KO,OK
CRD_0A0B0ACC9B234353940F,카운터 캐처,UR,15,False,,ORPHAN
CRD_4E40BBC7A11147499348,엠페르트 ex,SR,15,True,KO,OK
CRD_0B59FFD0541D47B4BE4A,알로라나인테일 GX,RR,15,True,KO,OK
CRD_3C1390FC1DF04130BF02,민화의 초대,SR,15,True,KO,OK
CRD_3EC2D5FC5CD94A18B44E,메타몽 VMAX,SSR,15,True,KO,OK
CRD_AF533FDCBFB840229CB0,칼라마네로,CHR,15,True,KO,OK
CRD_4CC1B8E1952F40E5AE74,스코빌런 ex,RR,15,True,KO,OK
CRD_CD657B6734F646DD9398,라이츄,AR,15,True,KO,OK
CRD_2FDCD42F1BBC4E4BAD11,석탄산 V,RR,15,True,KO,OK
CRD_5DB81F6CB60742D3952B,찌리배리 ex,RR,15,True,KO,OK
CRD_E22C2110EB8743EFA3E1,팔데아의 학생,SR,15,True,KO,OK
CRD_ACF61B33CDD24476B1C0,가라르 파이어 V,CSR,15,True,KO,OK
CRD_7BE4EC5B6757486A9FA0,빙큐보 ex,SAR,15,True,KO,OK
CRD_78C5517A0AB142AC8502,나인테일 EX,PR,15,True,KO,OK
CRD_B7BEDC89F4554878A43B,에브이 EX,RR,15,True,KO,OK
CRD_7FD569C86E8646908F84,쥬피썬더 V,SR,15,True,KO,OK
CRD_40E51E9FC86B483B9246,밀로틱 ex,RR,15,False,,ORPHAN
CRD_B078B8FB2EB6415A85B6,어니부기,AR,15,True,KO,OK
CRD_910B11C0B86040AE84AA,렌트라 BREAK,PR,15,True,KO,OK
CRD_D9B3211985F34D18B014,신비록 V,RR,15,True,KO,OK
CRD_CDEC77ACD877490BB161,라티아스 ex,SR,15,True,KO,OK
CRD_9C0777C5F0E2418B84CD,로켓단의 크로뱃 ex,UR,15,True,KO,OK
CRD_D25427DD50FB40E8BB4E,마그마번,H,15,False,,ORPHAN
CRD_F7465DD0B4F74D7A9777,난천의 패기,SR,15,True,KO,OK
CRD_6424F4FA8DB0409195E6,라프라스 ex,SR,15,True,KO,OK
CRD_218DB829F1974CEA95DF,로켓단의 나옹,AR,15,True,KO,OK
CRD_0A986E45BB20474CB2BF,메로엣타 ex,RR,15,True,KO,OK
CRD_CB183CE3466F4730A71D,모래털가죽 ex,SAR,15,True,KO,OK
CRD_8410E4E943C54075AE69,깜까미 V,RR,15,True,KO,OK
CRD_254CCBD76DFA46BDB30B,스이쿤 V,RR,15,True,KO,OK
CRD_85D8B3249D6140CCAE00,리자몽 VSTAR,SAR,15,True,KO,OK
CRD_1C6F8B47E1DE4A3B8C3C,드레디어,AR,15,True,KO,OK
CRD_B8770884705A42238D72,토게피&삐&푸푸린 GX,RR,15,True,KO,OK
CRD_A41ACD45084E4E8DB54D,가라르 프리져 V,RR,15,False,,ORPHAN
CRD_519C4783A21343ABB5E8,이수재의 전송,SR,15,True,KO,OK
CRD_13962B7254BB4EC68492,마기아나 EX,RR,15,True,KO,OK
CRD_74E51DCCF8D24ADBA306,갸라도스 ex,SR,15,True,KO,OK
CRD_6D7A01D810164EB8B111,흑마 버드렉스 V,RR,15,True,KO,OK
CRD_0212FE92DB3D42B3980A,눈여아,AR,15,True,KO,OK
CRD_D27858FC55F84A75A2A1,게노세크트 ex,RR,15,False,,ORPHAN
CRD_5B57F8A6A3104F4E93DA,엘풍 GX,SR,15,True,KO,OK
CRD_A7955AC1C4F2421B940F,백마 버드렉스 VMAX,RRR,15,True,KO,OK
CRD_96FACEB498654D5F9837,이븐곰 GX,SM-P,15,True,KO,OK
CRD_F5378ABA3B3E4D73A064,명탐정 피카츄,SM-P,15,True,KO,OK
CRD_8965D3327A5540929972,M나무킹 EX,RR,15,True,KO,OK
CRD_9D03992C0F05472AB893,라쥬르네,SR,15,True,KO,OK
CRD_7F6C55A1C2E845C68DE7,다크라이 GX,RR,15,False,,ORPHAN
CRD_8B92FB178FE6408F833B,릴리에의 결심,SR,15,True,KO,OK
CRD_F095D8262EE24A9E89F5,핫삼 GX,RR,15,True,KO,OK
CRD_0C3B052D2AB54CD8908B,딩루 ex,RR,15,True,KO,OK
CRD_BF2A02781B26488BA64B,조로아,AR,15,True,KO,OK
CRD_2F01A346908C450BB7DD,꿰뚫는화염 ex,SR,15,True,KO,OK
CRD_CDF7188601734FA48B24,피카츄,PR,15,True,KO,OK
CRD_5D99F1F054944414B285,플라드리 최후의 수단,SR,15,True,KO,OK
CRD_749056557121444EB3EA,연격 우라오스 VMAX,CSR,15,True,KO,OK
CRD_F99BBE338E8843F887F4,심향의 칠색조 ex,SAR,15,True,KO,OK
CRD_D3A35E24EA494A63BB44,비트,SR,15,True,KO,OK
CRD_FED5150373E949A7B4AC,한카리아스 ex,SR,15,True,KO,OK
CRD_F58A3A5528E24CB1A4C3,목도리키텔,AR,15,True,KO,OK
CRD_511F933EEDE74C64AB4A,덩쿠리,AR,15,True,KO,OK
CRD_33A7A42687184DCAA53F,푸크린 ex,SR,15,True,KO,OK
CRD_D5801F6F54714BE18F81,레드의 도전,SR,15,True,KO,OK
CRD_13CF7E35CE414B85A605,마기라스,H,15,False,,ORPHAN
CRD_11D9A92DB3D34830BCAB,꿰뚫는화염 ex,SAR,15,True,KO,OK
CRD_ECE82269D2AB4A9FBE8B,테라파고스 ex,RR,15,False,,ORPHAN
CRD_6EED812BE5FE4E45BB0A,다크라이 GX,SR,15,True,KO,OK
CRD_3DB07E020BC24EA1AB3B,해피너스 V,RR,15,True,KO,OK
CRD_C64D32F3DC3143B1A26C,페퍼의 요씽리스,AR,15,True,KO,OK
CRD_5495412158834F0487D3,로켓단의 니드킹 ex,SR,15,True,KO,OK
CRD_C120B46573824D1A87A3,회연,SR,15,True,KO,OK
CRD_43FDDC429EF844C5A887,블래리,SR,15,True,KO,OK
CRD_5FB16D1BB32E4BC8873F,쏘드라,AR,15,True,KO,OK
CRD_ED173CEAC5A94656A690,피카츄,PR,15,False,,ORPHAN
CRD_92E7896FBFB64A868380,두랄루돈 V,RR,15,False,,ORPHAN
CRD_942E10EF9F344296906A,세레비 V,RR,15,True,KO,OK
CRD_7E8265C1D8B44E03910F,모르페코 VMAX,RRR,15,True,KO,OK
CRD_3CF2CAAC6C6843768D3B,히스이 드레디어 V,RR,15,True,KO,OK
CRD_6935B448FBDA4E99A198,리피아 EX,PR,15,False,,ORPHAN
CRD_133D1F0A2A76442793E4,페로코체 GX,RR,15,True,KO,OK
CRD_1B828812B58A4E3FB0CD,네크로즈마 GX,RR,15,True,KO,OK
CRD_FE046994C7284B68A4F7,요가랑,AR,15,True,KO,OK
CRD_3A1E35B5FF4444B49597,강철톤 V,RR,15,True,KO,OK
CRD_94600282DA1043CC8FAF,구즈마,SR,15,True,KO,OK
CRD_F478BDB80D9C462FA591,모크나이퍼 GX,SR,15,True,KO,OK
CRD_F04EAB8226244033828C,팔데아 토오 ex,RR,15,True,KO,OK
CRD_C284B6140DDE4A00A093,뮤 ex,RR,15,True,KO,OK
CRD_FFF8E815F394423595FC,라이츄 GX,SR,15,True,KO,OK
CRD_FF3AB4F575D74BC39C88,블래키 V,CSR,15,True,KO,OK
CRD_0320E0D5056F4FBDB33A,괴력몬 V,SR,15,True,KO,OK
CRD_F856EE96E2B84864AC0A,클레스퍼트라,AR,15,True,KO,OK
CRD_60F01E549A5F4ED5BCAB,피카츄,PR,15,True,KO,OK
CRD_109480BC27AA456C8F0A,언페어 스탬프,ACE,15,False,,ORPHAN
CRD_6DDE5C3825A04030BEC6,에브이GX,RR,15,True,KO,OK
CRD_49B9C68497F94042A443,일리마,SR,15,True,KO,OK
CRD_15AD6DF96106438BA899,쥬피썬더 EX,PR,15,True,KO,OK
CRD_5854A8B691CA4AF9B909,TV 리포터,SR,15,True,KO,OK
CRD_F02EC95B2E1B448A8272,파이어&썬더&프리져 GX,RR,15,True,KO,OK
CRD_D4672A5ECC0F45DABED3,보만다 ex,SAR,15,True,KO,OK
CRD_A9D7A6D3DC694E4280F3,사철록,AR,15,True,KO,OK
CRD_2208E78703C9455EA45A,N의 조로아,AR,15,True,KO,OK
CRD_D5CA1113067244059C35,알로라 나시 V,RR,15,True,KO,OK
CRD_D2A4A914128D48B19C2B,뽀삐,SR,15,True,KO,OK
CRD_E8C26AA9E84C4C10AF9B,날쌩마,AR,15,True,KO,OK
CRD_8A7EB290F97640FEB7AA,블랑쉬,HR,15,True,KO,OK
CRD_7A64F020EDC04ED89C1D,다탱구,AR,15,True,KO,OK
CRD_F21F17A22F0747FB9F82,아머까오 VMAX,CSR,15,True,KO,OK
CRD_4E99AE84CC834A47AD97,파치리스,AR,15,True,KO,OK
CRD_B0635A73D11746B0828B,바오프,AR,15,True,KO,OK
CRD_4984C34823564A40A15F,대여르 V,SR,15,True,KO,OK
CRD_1D3FA593099E46F2A199,붐볼 GX,RR,15,True,KO,OK
CRD_B99867335AE14F658107,코라이돈,PR,15,True,KO,OK
CRD_CE12D0712CDA406DA3C5,카디나르마 ex,SR,15,True,KO,OK
CRD_E5D6561E00FA4E9D92EC,저리릴,AR,15,True,KO,OK
CRD_0989252EF29D4FAB9599,라플레시아 GX,RR,15,True,KO,OK
CRD_C0A365CA88A64A5BB52A,멜메탈 VMAX,RRR,15,True,KO,OK
CRD_78304A223D8C4A2EAD04,심향의 블레이범,AR,15,True,KO,OK
CRD_841A5D3BD30840098BB4,M루카리오 EX,RR,15,False,,ORPHAN
CRD_7C974FE36E964EB996DB,누리레느 GX,SR,15,True,KO,OK
CRD_D94E04ECD5514CC887E1,수련,SR,15,True,KO,OK
CRD_9CD8CCBE97D740E59C9B,카나리,SAR,15,True,KO,OK
CRD_28E64B8B572C4910BC20,헬가 V,RR,15,True,KO,OK
CRD_BF68BBD0D4414170AFD2,괴력몬 VMAX,HR,15,True,KO,OK
CRD_8E12B9EC416149CFB898,심향의 칠색조 ex,RR,15,True,KO,OK
CRD_9A65F3C67F2C4ECF8FFC,M라티오스 EX,RR,15,True,KO,OK
CRD_BD9788C17AE247EC9735,모크나이퍼 GX,RR,15,True,KO,OK
CRD_C93F0C57CAE5425995FA,저지맨,SR,15,True,KO,OK
CRD_2E4CD75454EB4A199A90,마기라스 V,SR,15,True,KO,OK
CRD_44A4617C7F3347A2B08A,피카츄 V,RR,15,True,KO,OK
CRD_8B9D59AB943441B4BAC4,무쇠손 ex,RR,15,True,KO,OK
CRD_FFE751C555274A6BAA16,히스이 붐볼 V,RR,15,True,KO,OK
CRD_DB00069D3B2C4916B373,켄타로스 GX,SR,15,True,KO,OK
CRD_8D8F32E2E163440DB34E,갸라도스 V,SR,15,True,KO,OK
CRD_752E0163C4CD4407BF4E,페로코체 GX,RR,15,False,,ORPHAN
CRD_3EF662F5F4B04A96BB1F,볼케니온 EX,RR,15,True,KO,OK
CRD_46C3AF403C0244BCBFF4,코라이돈 ex,RR,15,True,KO,OK
CRD_549E381006304AAB8D75,가라르 불비달마 V,SR,15,True,KO,OK
CRD_3D1823A431694121B9F4,멜메탈 V,RR,15,True,KO,OK
CRD_795EDB8C9C91475EBBBD,재인,SR,15,True,KO,OK
CRD_DD9A110694644BF0AA91,코바르온 GX,SR,15,True,KO,OK
CRD_642D216663B14FD592ED,로켓단의 니드킹 ex,RR,15,True,KO,OK
CRD_7ADE94812E08415390CB,제크로무 GX,SM-P,15,True,KO,OK
CRD_9AA3BC6CA44A482D92F5,뮤츠 EX,RR,15,True,KO,OK
CRD_725B42F08E65463899B9,나인테일 ex,SR,15,True,KO,OK
CRD_81DCFF5DDA584C5E9F87,요가램 V,SR,15,True,KO,OK
CRD_3A73844B3540483BBFB0,마샤도&괴력몬 GX,SR,15,True,KO,OK
CRD_3D9C68A514C54A7A8160,코라이돈 ex,RR,15,True,KO,OK
CRD_88D258C40D594E16B22B,동챙이,AR,15,True,KO,OK
CRD_41CF2D5A4A6A43DDB951,기로치,AR,15,True,KO,OK
CRD_9D2832A4A3F849E4BB06,암스타 V,SR,15,True,KO,OK
CRD_324F58AAF4F444DEAE95,귀뚤톡크,AR,15,True,KO,OK
CRD_70BF01A370254FDF84AA,엘풍 V,RR,15,True,KO,OK
CRD_39A2F0B42FC5405188AA,보스의 지령(비주기),SR,15,True,KO,OK
CRD_ABBEF153A31344B5ACCA,우렁찬꼬리,AR,15,True,KO,OK
CRD_D95254F3729941B9B6A6,루가루암 GX,RR,15,True,KO,OK
CRD_C8E8E766B251446185D5,낚싯대MAX,ACE,15,False,,ORPHAN
CRD_1EB1317E215A4D5FABEE,피카츄,SM-P,15,True,KO,OK
CRD_C4A0597992A94A558267,글레이시아 V,SR,15,True,KO,OK
CRD_9C50C950B3E54E4C91E3,칸델라,SR,15,True,KO,OK
CRD_8C2B39D4C7FE4D139F06,입치트 V,RR,15,True,KO,OK
CRD_568ACA1A12854172B6CD,망망이,AR,15,True,KO,OK
CRD_7ECA02E1619548F98130,고릴타 VMAX,RRR,15,True,KO,OK
CRD_9A198103AC7443DC8A26,로켓단의 아폴로,SR,15,True,KO,OK
CRD_A752DD8F19194B5FBF61,각성의 드럼,ACE,15,False,,ORPHAN
CRD_7F1D667AFCA842A38431,엠페르트 ex,RR,15,True,KO,OK
CRD_32A3236675F94589B53C,무쇠가시 ex,SR,15,True,KO,OK
CRD_3C4CBC99613B4B548008,소니아,SR,15,True,KO,OK
CRD_E1816DF5DFB04C90965B,동탁군,CHR,15,True,KO,OK
CRD_090216855FE241EFB18B,이슬의 부탁,SR,15,True,KO,OK
CRD_834ACE13ABB54161A03B,파워프로틴,SR,15,False,,ORPHAN
CRD_91BD4B6AA1134172834C,릴리에의 삐삐 ex,RR,15,False,,ORPHAN
CRD_DF94CDB2489A49698586,대포무노,CHR,15,True,KO,OK
CRD_F28F173457F54FE4BE06,번치코,AR,15,True,KO,OK
CRD_91D653F2B1A3411D81A7,포켓바이털A,ACE,15,False,,ORPHAN
CRD_6F764A195E6E4FF8BE8B,프테라 GX,RR,15,True,KO,OK
CRD_075869C1BFF3489794D1,거대코뿌리 V,SR,15,True,KO,OK
CRD_0F66DA7EFE8642B8BEC7,에이스번 V,RR,15,True,KO,OK
CRD_8ACEB76FEF1F4466B0B9,가비루사,AR,15,True,KO,OK
CRD_E9A8685418094D9BB850,야적 세 자매,SR,15,True,KO,OK
CRD_262F67E35B964E6B9C67,야도킹 ex,SR,15,True,KO,OK
CRD_827860234B4648058D9A,마스카나 ex,SAR,15,True,KO,OK
CRD_E38B3303D96444C0BC9A,에너지 전송 PRO,ACE,15,False,,ORPHAN
CRD_B6F05ABED7AE47BAAD56,카밀레의 반짝임 [서포트/퓨전],SR,15,True,KO,OK
CRD_820C8A1490C243AF8876,오거폰 주춧돌의 가면 ex,RR,15,True,KO,OK
CRD_06B5F77BEF2A4FCE9B9B,화강돌,AR,15,True,KO,OK
CRD_7115A416A282440CAC93,고동치는달 ex,UR,15,True,KO,OK
CRD_AA19A54D13CC49198C77,오리진 디아루가 VSTAR,UR,15,True,KO,OK
CRD_AB903AFCBCE64F1B90B8,미라이돈 ex,UR,15,True,KO,OK
CRD_C927EDBD33EB444EA017,아이스크,AR,15,True,KO,OK
CRD_8F4DFB20EC9342C1A6A9,토대부기 ex,RR,15,True,KO,OK
CRD_84E9B9850E9A45968528,루가루암 V,RR,15,False,,ORPHAN
CRD_B2E952D4AF8A4AED8F98,스트린더 V,RR,15,True,KO,OK
CRD_B0A1FB4261674D529764,시라칸,AR,15,True,KO,OK
CRD_518259D3BB704065A54A,춤추새 [퓨전],AR,15,True,KO,OK
CRD_936083589DA54381B714,뮤츠 VSTAR,HR,15,True,KO,OK
CRD_6159AD6BE3D64ABCA3A1,릴리에,SR,15,False,,ORPHAN
CRD_BC23459C3A854031B8A0,메가망나뇽 ex,SAR,15,True,KO,OK
CRD_5484754441BB42A286AE,무쇠바퀴 ex,SR,15,True,KO,OK
CRD_C4804FF23607466C9A90,다투곰 붉은 달 ex,RR,15,True,KO,OK
CRD_52B306F7D32545678508,뮤 ex,SSR,15,True,KO,OK
CRD_A320E30FFCFE4D5A901D,수리둥보,AR,15,True,KO,OK
CRD_CB04FE06D4DE4ECAB7C5,몰드류,AR,15,True,KO,OK
CRD_A55C953959164A8EBF09,히스이 윈디,CHR,15,True,KO,OK
CRD_22F914B318E7499997AE,스이쿤 V,SAR,15,True,KO,OK
CRD_7269FACD98284466BD3F,부스터 V,SR,15,True,KO,OK
CRD_B165190D31814511A5A8,마샤도,AR,15,True,KO,OK
CRD_4CF6CEF79B8D4088917C,백마 버드렉스 V,RR,15,True,KO,OK
CRD_F66CA9A913CE43108274,꿰뚫는화염 ex,RR,15,False,,ORPHAN
CRD_0ED2317A116F4980A7F8,한카리아스 ex,RR,15,True,KO,OK
CRD_63D4879876974E509121,카디나르마 ex,RR,15,True,KO,OK
CRD_7DBBE204F9F7473293E8,킬라플로르 ex,RR,15,True,KO,OK
CRD_B6536EB5E85E46388EC3,타임,SR,15,True,KO,OK
CRD_B11B7BA4E82A41EA95F8,대검귀,AR,15,True,KO,OK
CRD_2C9A82E1F15F4AABA7DB,무한다이노 V,RR,15,False,,ORPHAN
CRD_92D5EBD5664749C184D7,박사의 연구(마박사),SR,15,True,KO,OK
CRD_D964095CC14B4504BFB1,초염몽,HR,15,True,KO,OK
CRD_48149BF6BE82495A8F64,세레비 VMAX,RRR,15,True,KO,OK
CRD_283662D99DED475396E1,기라티나 VSTAR,RRR,15,True,KO,OK
CRD_D3997BEB72104CE08418,모르페코 V,SR,15,True,KO,OK
CRD_4B3B7C90C55443A7B6F2,레지드래고 V,SR,15,True,KO,OK
CRD_3A2389FDB90D4D529266,작업원,HR,15,True,KO,OK
CRD_FD45A140AA334C83958D,노보청 V,SR,15,True,KO,OK
CRD_E6F10EB3F8174323B3EE,메가가디안 ex,MA,15,True,KO,OK
CRD_FFBB43BBC75A4363A629,바우첼 ex,RR,15,False,,ORPHAN
CRD_290E399FA6ED4C67A8C8,히스이 미끄래곤 VSTAR,RRR,15,True,KO,OK
CRD_78A1D3109CFF440DAF76,N의 방안,SR,15,True,KO,OK
CRD_5704D0F94D3F482C8103,피죤투 V,RR,15,True,KO,OK
CRD_FEC343BD9F0F4A36ABE1,사마자르 V,SR,15,True,KO,OK
CRD_6254B969E7A7449094FA,흉내내기 아가씨,SR,15,True,KO,OK
CRD_BA9979085F024D49906C,웨이니발 ex,SSR,15,True,KO,OK
CRD_5545BE5E05C5475FA8C2,플라이곤 V,SR,15,True,KO,OK
CRD_DFBD272AF9C64329B300,뮤 V,SR,15,True,KO,OK
CRD_E5E0A16FCC724F958F60,칠색조 GX,RR,15,False,,ORPHAN
CRD_149DFDDE8D3144968EE9,암나이트,AR,15,True,KO,OK
CRD_2E8555FADF814122AE17,찬석의 활기,HR,15,True,KO,OK
CRD_18ECEF4F4F6B4E32805A,마나피 EX,RR,15,True,KO,OK
CRD_73CA21A2A3EB47D1AF95,뮤츠&뮤 GX,SR,15,True,KO,OK
CRD_72783B70F01B4ED8B41A,보만다 V,SR,15,True,KO,OK
CRD_3FAA8A6B685E4661B8C6,라뉴이,SR,15,True,KO,OK
CRD_DF32332FA0B44D189C38,라티아스 [퓨전],AR,15,True,KO,OK
CRD_572C9B22477A47FB9AEB,금랑,SR,15,True,KO,OK
CRD_4AE3AB5A697244519998,가라르 날쌩마 V,SR,15,True,KO,OK
CRD_847F3AC4CA9A4D418203,입치트 V,SR,15,True,KO,OK
CRD_0FD962247951488C809E,게노세크트 ex,SAR,15,True,KO,OK
CRD_A2C303F9E86F4EDF9398,아가씨,HR,15,True,KO,OK
CRD_97EAC0317B734B3191FC,메타그로스 GX,SSR,15,True,KO,OK
CRD_3D925BBA8C714A9086DF,꿈트렁 ex,RR,15,False,,ORPHAN
CRD_BDD8F152587B432C9CED,음번 ex,RR,15,True,KO,OK
CRD_34D1A571966643B9B808,가라르 불비달마 VMAX,RRR,15,True,KO,OK
CRD_816F40DB48D34E998792,맘모꾸리 ex,SR,15,True,KO,OK
CRD_9F777E2B3AF448D78288,드래피온 VSTAR,HR,15,True,KO,OK
CRD_EE75B6D586D64FF6980F,파오젠 ex,UR,15,True,KO,OK
CRD_DFDF0BC26A204FDE9CDC,님피아 GX,SR,15,True,KO,OK
CRD_CA044084B6894F7F9764,이올브 V,SR,15,True,KO,OK
CRD_CD86338BE2A54676A3B5,큐레무 V,RR,15,True,KO,OK
CRD_DAAA4A279BCD415190D0,팔데아 우파,AR,15,True,KO,OK
CRD_14768F4E8ECF4A59973E,대로트 VMAX,RR,15,False,,ORPHAN
CRD_C3B57125A65740B3ADB8,두송,SR,15,True,KO,OK
CRD_E9EFB5201D7543CF9A76,피카츄 VMAX,PR,15,True,KO,OK
CRD_2642CE7CAA28482ABC0C,핫삼,AR,15,True,KO,OK
CRD_AC613BBC6EE14C01A490,헬가,CHR,15,True,KO,OK
CRD_9A06EA05B93C41B2BD2A,라이코 V,RR,15,True,KO,OK
CRD_CEA9EABF38B14FBBAF02,스트린더 VMAX,RRR,15,True,KO,OK
CRD_B55D3E9651694E04BBB9,스트린더 [퓨전],AR,15,True,KO,OK
CRD_7283A07A9E7242E69F1F,다태우지네 VMAX,RRR,15,True,KO,OK
CRD_6C18665126FF426F9C2E,블래키 VMAX,CSR,15,True,KO,OK
CRD_734D08C448CA482595A4,구구,AR,15,True,KO,OK
CRD_FC1BC821D02D4F06BD47,메가깜까미&마기라스 GX,RR,15,True,KO,OK
CRD_1E4B7D9AA9DB42A7982A,킬라플로르 ex,RR,15,True,KO,OK
CRD_4248D244E5E2441F8BCC,가라르 야도킹 VMAX,RRR,15,False,,ORPHAN
CRD_D956254FB2F5419D85EE,규토리장인,SR,15,True,KO,OK
CRD_1AF00E0F44D842E894A4,쌍검자비,AR,15,True,KO,OK
CRD_C5FD1D1E4E924008A6FE,라이츄 V,RR,15,True,KO,OK
CRD_0BCE4311895A4715B616,피카츄 V,RR,15,True,KO,OK
CRD_2D4B139B3E984F86B365,울트라네크로즈마 GX,RR,15,True,KO,OK
CRD_C51E112E9FFE4C02B3C6,앤테이 V,RR,15,False,,ORPHAN
CRD_ED55D2BEB4BF4829B3EB,네크로즈마 GX,RR,15,False,,ORPHAN
CRD_14DDFE1E600A4BAF8E70,헬가 V,SR,15,True,KO,OK
CRD_70943598653E422CB652,마자용 V,SR,15,True,KO,OK
CRD_14EB3BE3034D40278311,쥬피썬더,CHR,15,True,KO,OK
CRD_8B07A23C08EE489D87DF,카푸브루루,AR,15,True,KO,OK
CRD_1EDE2D3DF6644957B409,기라티나(프리즘스타),PR,15,True,KO,OK
CRD_43490A3EE356478497CB,호브의 자시안 ex,RR,15,True,KO,OK
CRD_09EFFE8F5F8C4A58A5DD,파비코리 ex,SR,15,True,KO,OK
CRD_6A6D79F1AA404CF998CD,그우린차 ex,SAR,15,True,KO,OK
CRD_CF1F30D89B8A4666A200,메가가디안 ex,RR,15,True,KO,OK
CRD_278AFBE27D01417B9CBC,칼라마네로,PR,15,True,KO,OK
CRD_95CC285CB5F240BA8D2B,네오라이트 V,RR,15,True,KO,OK
CRD_6EA72CB24D6C419B8BC1,두송,SR,15,True,KO,OK
CRD_8FA2514826954989AE45,켈리몬,AR,15,True,KO,OK
CRD_C5A95DC5404443948CF9,후파 V [퓨전],SAR,15,True,KO,OK
CRD_F31E32105A2B4456AAF1,테라파고스 ex,SR,15,True,KO,OK
CRD_E5592716F10843B68C39,다크라이(프리즘스타),PR,15,True,KO,OK
CRD_184AC847FEF045F0A5C3,카틀레야,SR,15,True,KO,OK
CRD_44E1537469C74DDBBA16,나몰빼미&알로라나시 GX,SR,15,True,KO,OK
CRD_8A1DCB955E61497F9B0D,입치트 GX,RR,15,True,KO,OK
CRD_F54EE62045A24CBAABB8,이슬의 라프라스,AR,15,True,KO,OK
CRD_A6E97F52AAE14D00B5D3,핫삼 GX,SR,15,True,KO,OK
CRD_1164B69A14F3417EBA5C,부스터 V,RR,15,True,KO,OK
CRD_354A9964DECF45BEBE57,악뜨거,AR,15,True,KO,OK
CRD_BE3F68E6C31B480581DD,배우르 V,RR,15,True,KO,OK
CRD_6B42108B80C945BCA671,백솜모카 V,RR,15,True,KO,OK
CRD_1C157708149345C6BF37,갸라도스 V,RR,15,True,KO,OK
CRD_447A0348BBF24CB6AA73,레시라무&리자몽 GX,RR,15,True,KO,OK
CRD_882A334900444DE8BFAC,어써러셔 ex,RR,15,False,,ORPHAN
CRD_0CFBA7BBD78645C38955,갑주무사 GX,SSR,15,True,KO,OK
CRD_98B1AD5A09294E4AA9F5,오리진 펄기아 VSTAR,UR,15,True,KO,OK
CRD_C317FB78E5844D49AEC5,님피아 V,RR,15,True,KO,OK
CRD_4143730A5E3C4C31B192,불카모스,AR,15,True,KO,OK
CRD_21AFED71CBC5406A8145,개굴닌자 GX,RR,15,True,KO,OK
CRD_DB976A02D0A54EDD989C,돌핀맨 ex,RR,15,False,,ORPHAN
CRD_298F378038F84DA8A4C3,메타그로스 V,RR,15,False,,ORPHAN
CRD_B6033352C39D43F38651,프테라 VSTAR,RRR,15,True,KO,OK
CRD_B050F893ACF545A0B78C,마리의 오롱털 ex,SAR,15,True,KO,OK
CRD_644D9605B98343E2BD97,고라파덕,AR,15,True,KO,OK
CRD_F95322AF0A1243D99F83,메가리자몽X ex,SAR,15,True,KO,OK
CRD_33D12892FE0A448BA1C5,골루그 V,RR,15,True,KO,OK
CRD_0422D05B3FF54A3F9FB8,파라솔 아가씨,SAR,15,True,KO,OK
CRD_79C908702D7C4C89A247,그우린차 ex,SR,15,True,KO,OK
CRD_E8ACEC3851F54A53AEF7,케르디오 GX,SR,15,True,KO,OK
CRD_6A64916CD6DF4E1C952E,이올브 V,CSR,15,True,KO,OK
CRD_4B0D00B3E615450ABC4E,모야모,SAR,15,True,KO,OK
CRD_A7C30A2EF2124187ABC4,알로라질뻐기 GX,RR,15,True,KO,OK
CRD_0542ACBB4B534F2A8089,안농 V,SR,15,True,KO,OK
CRD_85DA754292A84C40923E,지우개굴닌자 EX,PR,15,True,KO,OK
CRD_5308BD56BE1440DC86D2,갸라도스 GX,SR,15,True,KO,OK
CRD_882A64CAAD1048D2BE8D,아쿠스타 V,SR,15,True,KO,OK
CRD_DB44D404633141DBBC80,두더류,AR,15,True,KO,OK
CRD_3EB598DB6DD6410AAE57,베베솔트,AR,15,True,KO,OK
CRD_3A163A0976E24CE79D88,단델,SR,15,True,KO,OK
CRD_C99C51CB2CCA447FBB9F,자포코일 V,SR,15,True,KO,OK
CRD_DE6ADE7BA0D1404C9EBB,심향의 마그카르고,AR,15,True,KO,OK
CRD_F6D22923C4964376ADC7,피카츄,PR,15,True,KO,OK
CRD_B3834736DB2542B792B1,페릴라,HR,15,True,KO,OK
CRD_023DB72F38FC4C87B95B,님피아 ex,SAR,15,True,KO,OK
CRD_8913A16F0C89452791C5,개굴닌자 ex,SR,15,True,KO,OK
CRD_B00F854C44414288BAFB,로즈,SR,15,True,KO,OK
CRD_CCDCA7F8737A49DAA053,하우,SM-P,15,True,KO,OK
CRD_07C2338930A64DA68179,더스트나 V,RR,15,False,,ORPHAN
CRD_9D58E4813F2E44F48F9B,밀로틱 ex,SR,15,True,KO,OK
CRD_BE12D91B22794119B3E1,글레이시아 EX,SR,15,True,KO,OK
CRD_7EA3BC62F30E405FADC5,메로엣타 ex,SAR,15,True,KO,OK
CRD_4B733136627F4B2A970D,드래피온 V,SR,15,False,,ORPHAN
CRD_2332E667E081490D836A,메가앱솔 ex,SAR,15,True,KO,OK
CRD_DC3CA236843E44299775,루주라 ex,RR,15,True,KO,OK
CRD_285E533D9D2F4E4F94A6,팔데아의 학생,SR,15,True,KO,OK
CRD_C0308011255C47CB9BE2,두빅굴 EX,RR,15,False,,ORPHAN
CRD_22EF9B97621442EB9B4B,철화구야 GX,RR,15,True,KO,OK
CRD_DC46034507A149F9A1E5,레쿠쟈 V,SR,15,True,KO,OK
CRD_4F945928CE844FBD8648,빠르모트,AR,15,True,KO,OK
CRD_DAA35F1AF62C4F308C37,브리두라스 ex,RR,15,True,KO,OK
CRD_5454D86FB3AE476B8576,메가이어롭 ex,RR,15,True,KO,OK
CRD_E770C792A1574872A1A8,화강돌,CHR,15,True,KO,OK
CRD_40EA643721414CC5B8E1,해피너스 V,SR,15,True,KO,OK
CRD_08B2DC8AD0B04FF58A33,꼬시레,AR,15,True,KO,OK
CRD_5F0F40D590F84E8289CE,아머까오 VMAX,RRR,15,True,KO,OK
CRD_811F41C997424C4799EC,유토브,AR,15,True,KO,OK
CRD_21AA8DB739564F3E9CA5,피카츄,SM-P,15,True,KO,OK
CRD_A71CDBCAB7AB42309937,레지에레키 V,SR,15,True,KO,OK
CRD_53504BEF2B164AFA9492,부우부,CHR,15,True,KO,OK
CRD_287F04A23D8D4624B994,마스,SR,15,True,KO,OK
CRD_99A5A2C5F74143BABC24,코라이돈 ex,UR,15,True,KO,OK
CRD_24798C163B48423E9689,루티아의 어필,SAR,15,True,KO,OK
CRD_E604CAA8F82C48FB8EDF,사마자르 V,RR,15,True,KO,OK
CRD_36D2EB22DE894F0D92D6,핫삼 GX,RR,15,False,,ORPHAN
CRD_BD598DEBF42248F3A0D7,유채의 활기,SR,15,True,KO,OK
CRD_A23098C97B184439B2FF,과미드라 ex,RR,15,False,,ORPHAN
CRD_5727B24E8A6442A9A5E7,메가폭타 ex,SR,15,True,KO,OK
CRD_E9A371AEF72043A7881F,M핫삼 EX,SR,15,True,KO,OK
CRD_6287A3AF49C442799402,메가썬더볼트 ex,SR,15,True,KO,OK
CRD_4078C16E4F0A46D1B247,메가헤라크로스 ex,SR,15,True,KO,OK
CRD_CC1A5C8DB888413B9C1C,이야후 ex,SAR,15,True,KO,OK
CRD_A7AACB50E1D2433E83E0,더스트나,AR,15,True,KO,OK
CRD_CE2F437D2073455CA89E,루주라 ex,SR,15,True,KO,OK
CRD_7518CBB1CFE544CF9DA8,난천의 패기,HR,15,True,KO,OK
CRD_6A047CD751384F969D65,코터스 V,RR,15,True,KO,OK
CRD_527B58F17A3E49AEB25F,딩루 ex,RR,15,True,KO,OK
CRD_420EDFD54C4F42DA98EE,따라큐 V,SR,15,True,KO,OK
CRD_6D25064181064465A018,백솜모카 V,SR,15,True,KO,OK
CRD_21EAE5192D164939830F,돌핀맨 ex,SAR,15,True,KO,OK
CRD_E5E93E5E67D8453083FA,라우드본 ex,SAR,15,True,KO,OK
CRD_893BF8C4050E44B6ACFA,일격 우라오스 V,RR,15,True,KO,OK
CRD_F54B2C86FFE74D62867A,망나뇽 V,SR,15,True,KO,OK
CRD_210F30877AE44F18910C,우락고래,AR,15,True,KO,OK
CRD_731422CCDFEE4AC59613,프테라 V,SR,15,True,KO,OK
CRD_40E593A0BF374678B1E8,조타구 ex,RR,15,True,KO,OK
CRD_E9AE47FA96644DACB7EA,클레스퍼트라 ex,RR,15,True,KO,OK
CRD_8EF30B3B1E864419943C,블랙큐레무 ex,RR,15,True,KO,OK
CRD_6CC8EF6265BB418D963F,팬텀 ex,RR,15,False,,ORPHAN
CRD_F5935161EBF44C28BF5A,자포코일,AR,15,True,KO,OK
CRD_9A71FB2F4A614CFCB42E,포챠나,AR,15,True,KO,OK
CRD_57D3263FF3A147BF9CBD,벨의 진심,SAR,15,True,KO,OK
CRD_795E3D05339E4E8096ED,우렁찬꼬리 ex,RR,15,False,,ORPHAN
CRD_8B808BDEB0FB47A2BF9A,제로의 대공동,UR,15,False,,ORPHAN
CRD_A2D5C36D69B54AE9834C,블래키 GX,RR,15,True,KO,OK
CRD_D92373A46C9C4F6FA162,페로코체&매시붕 GX,RR,15,True,KO,OK
CRD_8157AABF97274614824E,모란,SAR,15,True,KO,OK
CRD_4F9A907B588C4D71ADBF,민진,SR,15,True,KO,OK
CRD_9A8963B9CBC6485CB8D4,뚜꾸리,AR,15,True,KO,OK
CRD_382CE880059B4573A09D,N의 조로아크 ex,RR,15,False,,ORPHAN
CRD_17E681D70E484304B6B8,레지에레키 V,RR,15,True,KO,OK
CRD_C4DED4CD6D9B40719BF9,치렁,AR,15,True,KO,OK
CRD_28347CC12F42441E8376,이상해꽃&주리비얀 GX,RR,15,True,KO,OK
CRD_B27EE9CB54BE42CFB26C,자크로,SR,15,True,KO,OK
CRD_100CD4F587424353BDEA,페로코체&매시붕 GX,SR,15,True,KO,OK
CRD_BE8BC1ED2FFA48EFAEE0,에브이 ex,RR,15,True,KO,OK
CRD_C541F6809A4B473D8981,다투곰 붉은 달 ex,SAR,15,True,KO,OK
CRD_B8A04830277E4F638EBD,레지에레키 VMAX [다이맥스],HR,15,True,KO,OK
CRD_034BD290DCF04E47AF9E,기로치 ex,RR,15,False,,ORPHAN
CRD_F9B24EA402F141129620,레시라무 EX,RR,15,True,KO,OK
CRD_2A8D1058C4D1432DA733,버터플 V,SR,15,True,KO,OK
CRD_46AF434D15734C6787E2,도희의 비기,SAR,15,True,KO,OK
CRD_53468E96BA24425694EB,초련의 암시,SR,15,True,KO,OK
CRD_A5BC4873149245CAB6B3,바닥트리오 ex,RR,15,True,KO,OK
CRD_88DD4F24CABA4B66939C,냐오불,AR,15,True,KO,OK
CRD_0C103A2D31494C7580E2,오리진 펄기아 VSTAR,HR,15,True,KO,OK
CRD_815E4C56E23F40C380E6,루가루암 VMAX,RR,15,False,,ORPHAN
CRD_92EBCC00579749239EE9,신비록,CHR,15,True,KO,OK
CRD_70AB4EE68E7847EB9537,칠색조 GX,SR,15,True,KO,OK
CRD_8D845061A06143988494,피카츄 ex,RR,15,True,KO,OK
CRD_A497F0378C1349F19C8B,에이스번 ex,RR,15,True,KO,OK
CRD_F1BA34A321A8428EA970,트레킹슈즈,UR,15,False,,ORPHAN
CRD_7531672F4CE14112982A,라이코 V,RR,15,False,,ORPHAN
CRD_AC3606B6DD67461CB745,잠만보,AR,15,True,KO,OK
CRD_32611C07C96441F59DCF,리피아 GX,SR,15,True,KO,OK
CRD_3441FF9483AB4687A5BF,괴력몬 VMAX,RRR,15,True,KO,OK
CRD_470C969D43B749E7BCEE,레지락 ex,RR,15,False,,ORPHAN
CRD_1A815E05CDFE482484A2,솔가레오&루나아라 GX,SR,15,True,KO,OK
CRD_B71DC5DF10B44392841A,유크시,HR,15,True,KO,OK
CRD_58B23BBE13C047A0BE1A,에레키블 ex,RR,15,True,KO,OK
CRD_326BB4D3A84B467EB968,라티아스 ex,SAR,15,True,KO,OK
CRD_6CBCB133079240129A9D,망나뇽 V,SR,15,True,KO,OK
CRD_CFB2CC925A0E4568A262,망나뇽 VSTAR,RRR,15,True,KO,OK
CRD_2E2D7916E97E4BB997FF,토게키스 V,RR,15,True,KO,OK
CRD_F170955B3BE1433FA4C2,메리프,AR,15,True,KO,OK
CRD_A23AE6A8E89D4058AA29,피카츄,SM-P,15,True,KO,OK
CRD_9A188600F1B44EF88834,대굴레오,AR,15,True,KO,OK
CRD_57278A1C3B6140809E3F,게을로,AR,15,True,KO,OK
CRD_6C5AB36AD8294729A03E,고동치는달 ex,SR,15,True,KO,OK
CRD_80762657E1724F278624,아세로라의 예감,SR,15,True,KO,OK
CRD_9663E5A93BBF4AEBA664,오박사의 세팅,SR,15,True,KO,OK
CRD_D007E7F93971437096EF,조타구 ex,RR,15,False,,ORPHAN
CRD_6412506A2B9B42B895C2,대짱이 EX,PR,15,True,KO,OK
CRD_53BC7943DA1C4E528F42,부르르룸 ex,RR,15,True,KO,OK
CRD_0672E08240B840E58C03,요가램 V,SR,15,True,KO,OK
CRD_4B1DB69AB33149CFB3D1,파오젠 ex,RR,15,True,KO,OK
CRD_1BE9EEDEDD6944B99663,파비코리 EX,RR,15,True,KO,OK
CRD_E853F7CFC656494D9757,작업원,SR,15,True,KO,OK
CRD_2794B252D7674FEC9247,블래키,H,15,False,,ORPHAN
CRD_52591157ACD8487D99CF,카푸꼬꼬꼭 V,RR,15,True,KO,OK
CRD_A20F94DEEB5245129C85,포곰곰,AR,15,True,KO,OK
CRD_3A57174859F8445CB9F0,괴력몬 VMAX,RRR,15,True,KO,OK
CRD_A807FE059D28421A9D89,박사의 연구(투로박사),SR,15,True,KO,OK
CRD_4FBC77A3FDD544CCA755,루가루암 GX,SR,15,True,KO,OK
CRD_83D97C53AA124CCABCA0,아이리스의 투지,SR,15,True,KO,OK
CRD_8415237C305047B19AD4,단굴,AR,15,True,KO,OK
CRD_B5CCF871C4AD4CA18B71,마티스의 거래,SAR,15,True,KO,OK
CRD_BF8B331F32534677B557,히드런 GX,RR,15,True,KO,OK
CRD_8E2251855B704464BC69,야느와르몽,AR,15,True,KO,OK
CRD_092D58F7609842FEA757,베라카스,AR,15,True,KO,OK
CRD_1752B1022AD74CC0AF24,모미,SR,15,True,KO,OK
CRD_CC4FD534DFA941C6B7AF,대여르 V,RR,15,True,KO,OK
CRD_2B0E8A61C671491BBA15,카푸꼬꼬꼭 GX,SM-P,15,True,KO,OK
CRD_16E335392D60451C9EA2,샤크니아 EX,RR,15,True,KO,OK
CRD_7BD79E9CD5FD4404913E,잠만보 V,SR,15,True,KO,OK
CRD_B69CC3BA1BF848229682,전룡 GX,SR,15,True,KO,OK
CRD_BF0B13F713C54C379992,파치래곤 V,RR,15,True,KO,OK
CRD_DC67C08A742F4CD7BB2D,사다이사 VMAX,RRR,15,True,KO,OK
CRD_F8C26BA27AF444938EB9,밀로틱 V,RR,15,True,KO,OK
CRD_A12C9EE7BBA246C489B7,님피아 VMAX,RRR,15,True,KO,OK
CRD_9A4B2959A70847CFA3F5,에이팜,AR,15,True,KO,OK
CRD_85E5684497324EADB399,개굴닌자 GX,SSR,15,True,KO,OK
CRD_5CA455DEF57B449E9681,아이리스의 투지,SAR,15,True,KO,OK
CRD_C577C809253F4820BC3C,M루카리오 EX,RR,15,True,KO,OK
CRD_302EC9D2C71947778B51,꼬부기,AR,15,True,KO,OK
CRD_6048FC300CB84CADAB99,리자몽 EX,PR,15,True,KO,OK
CRD_87ACED114A5746E48FF7,N의 조로아크 ex,SR,15,True,KO,OK
CRD_F51AD119C51A4A119201,호브의 자시안 ex,SAR,15,True,KO,OK
CRD_BDD95E418BFE4188A58A,게노세크트 ex,SR,15,True,KO,OK
CRD_6B90BFF3033D4996A9AB,가라르 파이어,AR,15,True,KO,OK
CRD_64904033464E4C1DA53B,사구아로,SR,15,True,KO,OK
CRD_1B4300D40B074B11BABC,쉐이미 V,RR,15,True,KO,OK
CRD_64EEDFC9E563497FA922,루자미네,SR,15,True,KO,OK
CRD_FEAFF0B8A8FD47979EFA,무쇠잎새 ex,UR,15,True,KO,OK
CRD_578FDAA332FD4381BC35,다크펫,CHR,15,True,KO,OK
CRD_42E5F5DEFC6244BEA6CF,드래피온 V,RR,15,True,KO,OK
CRD_A015A394F46844D180E4,케르디오 ex,SR,15,True,KO,OK
CRD_A5A4F5FFC9A3433F8793,빈티나,AR,15,True,KO,OK
CRD_B8DC656D0C164A59AFE5,파치래곤 VMAX,RR,15,False,,ORPHAN
CRD_DAA6AB20B9FA4E75BA0C,썬더 ex,SR,15,True,KO,OK
CRD_6DDDEA43AA7647C5BA28,난천,SR,15,True,KO,OK
CRD_84956B7620D249279F78,기라티나(프리즘스타) [오리진폼],PR,15,True,KO,OK
CRD_63E30DC72EDC45C98372,킹드라 ex,RR,15,False,,ORPHAN
CRD_C4D2295758134D1A863E,릴리에의 전력,SR,15,True,KO,OK
CRD_51EB2AB1F8BE40468C95,데덴네 GX,SR,15,True,KO,OK
CRD_B325D03BDD34469298B9,체렌의 배려심,SR,15,True,KO,OK
CRD_59C05E1C41D0406E8DF2,스컹탱크 V,RR,15,True,KO,OK
CRD_93B44E38ADC1449B84C7,냐오닉스 EX,PR,15,True,KO,OK
CRD_BDE2CA096C7649D19FD4,위대한 거목,ACE,15,False,,ORPHAN
CRD_6E6230DEBE1C4DBF815D,버프론 ex,SR,15,True,KO,OK
CRD_3392C238DFEC4357BA88,아세로라의 장난,SAR,15,True,KO,OK
CRD_5A3BCBE340EB4953A691,드래펄트 V,SR,15,True,KO,OK
CRD_AA9CB0979C7F411383FB,렌트라 V,RR,15,True,KO,OK
CRD_FCE1C605BB654E2BBC63,할라,SR,15,True,KO,OK
CRD_243CD02D3D3B494795CF,한카리아스 ex,RR,15,True,KO,OK
CRD_BCA5D115D41A4E2A875F,히스이 모크나이퍼 V,RR,15,True,KO,OK
CRD_4BB986D82025482C9233,에브이 V,RR,15,False,,ORPHAN
CRD_D9C0CF682CE44A96BED2,네오라이트 V,SAR,15,True,KO,OK
CRD_326058E0F4514E8083F0,글레이시아 GX,RR,15,True,KO,OK
CRD_D77DDA36A4604E1A840A,마쿠와,SR,15,True,KO,OK
CRD_E385CD17340F406F8B5F,형사구스,AR,15,True,KO,OK
CRD_C4F41E3DBC5E4BAC88EA,곤포,SR,15,True,KO,OK
CRD_6434F1BE098C4F98B481,보스의 지령(게치스),SAR,15,True,KO,OK
CRD_27A8BA338F90422EA5E0,금경,HR,15,True,KO,OK
CRD_0EC7471737C64CF093AD,축복마을,UR,15,False,,ORPHAN
CRD_52AAE0598913498D8B12,유빈,SR,15,True,KO,OK
CRD_6F2AFDBF9FDB47CB93E4,인텔리레온 V,SR,15,True,KO,OK
CRD_1F8F6869FA4548279B6E,루카리오&멜메탈 GX,RR,15,True,KO,OK
CRD_9C72C2A7A6AE408EADCE,메가루카리오 ex,RR,15,True,KO,OK
CRD_76AE8067C83542EF95BB,꿰뚫는화염 ex,UR,15,True,KO,OK
CRD_999BE8DBCC6F40B48020,안농 V,RR,15,True,KO,OK
CRD_F7D0CB0E8461416296C4,드니꽁,AR,15,True,KO,OK
CRD_F87EEB047E184C71A2CE,한카리아스&기라티나 GX,SR,15,True,KO,OK
CRD_CC3A107170E0419E98DC,후파 GX,SR,15,True,KO,OK
CRD_7CF241F7D8894674AAA9,포켓몬 교체,UR,15,False,,ORPHAN
CRD_6879A3B2FF474EFAABAA,위대한엄니 ex,SSR,15,True,KO,OK
CRD_0C248A94127B49FB8F15,라이츄 GX,RR,15,True,KO,OK
CRD_6BAE3346829849DD8C4B,크로뱃 V,SR,15,True,KO,OK
CRD_E0FCA833B512419795E3,할비롱,AR,15,True,KO,OK
CRD_5B35A21321964FEFB636,오거폰 주춧돌의 가면 ex,SAR,15,True,KO,OK
CRD_6F660305B01D494F9AB0,무쇠무인 ex,SAR,15,True,KO,OK
CRD_822A7803FD9A4D9495AC,치라치노,AR,15,True,KO,OK
CRD_B7161883B756473E8D66,코라이돈 ex,SR,15,True,KO,OK
CRD_C8B01F160C314B17A057,삼삼드래 ex,SAR,15,True,KO,OK
CRD_5A1A6E8474A040978D4B,볼케니온 ex,SAR,15,True,KO,OK
CRD_6F63FE893F744455B063,염무왕,AR,15,True,KO,OK
CRD_DE0D19741C6C49AEA3F8,모래꿍,AR,15,True,KO,OK
CRD_05147F0295684127A3F6,액슨도,AR,15,True,KO,OK
CRD_787EEE4CA17C4384B003,경채,SR,15,True,KO,OK
CRD_C8796B366D1E44C889CE,박사의 연구,SR,15,True,KO,OK
CRD_EFAFD20CB50748A8B046,무장조,AR,15,True,KO,OK
CRD_DB2FCD2BE6764FDC8AD2,포켓몬 브리더의 육성,SR,15,True,KO,OK
CRD_6B800B8A1D544DEB9436,이수재의 메인터넌스,SR,15,True,KO,OK
CRD_4BE279D087D44FB6B0F3,렌트라 ex,SR,15,True,KO,OK
CRD_64E058D69CF943F5B6C0,벼리짱,AR,15,True,KO,OK
CRD_DBA4E957DBAD4886B117,세이지,SR,15,True,KO,OK
CRD_5668BB43C6824C25B7FB,대로트&야느와르몽 GX,RR,15,True,KO,OK
CRD_685FD3A30CD4473393DD,펄기아 GX,RR,15,True,KO,OK
CRD_477A7D547E084F6D8315,옐단의 조무래기,SR,15,True,KO,OK
CRD_DC7A391447A44B9E9B13,부화장치,UR,15,False,,ORPHAN
CRD_6EBB0D6B60B34A9CAC8D,목호,HR,15,True,KO,OK
CRD_306457DE76EA45C5B61B,월로,HR,15,True,KO,OK
CRD_228710100B794B3B940D,팬텀&따라큐 GX,SR,15,True,KO,OK
CRD_8B9B58EC8BE6437C9189,뮤츠 EX,RR,15,True,KO,OK
CRD_8A0CD9EAC8D7498A9705,번치코 VMAX,RRR,15,True,KO,OK
CRD_B249F6023816421B9E82,로켓단의 비주기,SAR,15,True,KO,OK
CRD_A04FE8D9C75D4F5EAF0C,히스이 블레이범 VSTAR,RRR,15,True,KO,OK
CRD_DE7B8B068B1746649360,엠페르트 V,RR,15,True,KO,OK
CRD_73F42BA51E1C4FD4A7B7,불카모스 GX,RR,15,True,KO,OK
CRD_B24FEAA15B354EE7A819,파라섹트,CHR,15,True,KO,OK
CRD_E50466E481104F58984B,투구뿌논 GX,SR,15,True,KO,OK
CRD_0BDC07CD5DF04DCC8A26,M레쿠쟈 EX,RR,15,True,KO,OK
CRD_0AF83E61B4874FECB22C,꼬지모,AR,15,True,KO,OK
CRD_0421FACBD6704E71B2CE,입치트 EX,PR,15,True,KO,OK
CRD_5F09CD4E587B4983ACCF,킬가르도,AR,15,True,KO,OK
CRD_0D218B96159B4E51AEC8,리오르,AR,15,True,KO,OK
CRD_62F7E63236364CB1A703,파오젠 ex,SAR,15,True,KO,OK
CRD_3475D14B91764CC1A8DC,모르페코,AR,15,True,KO,OK
CRD_C8964D5114084013857C,어써러셔 ex,SR,15,True,KO,OK
CRD_4E708DE56D9944CFB875,오리진 디아루가 VSTAR,RRR,15,True,KO,OK
CRD_B800DDCEC18641718BAD,게노세크트 V,SR,15,True,KO,OK
CRD_364F4FE8048A4DC09AA0,흑마 버드렉스 V,SR,15,True,KO,OK
CRD_5F8E8D482CEE40979BB4,후딘 ex,RR,15,True,KO,OK
CRD_58CA4FCBE74947989A92,엘레이드 V,SR,15,True,KO,OK
CRD_CD4119F42E874BCAAF3B,가라르 메더 V,RR,15,True,KO,OK
CRD_AE3C75BE92214FE9ACBD,M라티오스 EX,SR,15,True,KO,OK
CRD_7D548C823A1940E98115,가디안 ex,SAR,15,True,KO,OK
CRD_5563F3670A2C4D95AB21,모젤란,SR,15,True,KO,OK
CRD_115109E7938F4445A01C,로켓단의 크로뱃 ex,RR,15,True,KO,OK
CRD_9965F1D5629D4B62B22A,N의 조로아크 ex,RR,15,True,KO,OK
CRD_2570702FE3854423A069,무쇠바퀴 ex,RR,15,True,KO,OK
CRD_56F7E4C6FF4B4CBEA51F,가디안 GX,SSR,15,True,KO,OK
CRD_1C909A7537014095872A,윽우지 V,RR,15,True,KO,OK
CRD_8DA52922128149E3B77A,빛나,SAR,15,True,KO,OK
CRD_FBADA9A3BE9246A8BDC3,앤테이 GX,SR,15,True,KO,OK
CRD_63C1890645A14E069576,텅비드 GX,SR,15,True,KO,OK
CRD_F7EF825777564C459F21,몰드류 ex,SAR,15,True,KO,OK
CRD_4CE79903A8A042498E53,차곡차곡 GX,SR,15,True,KO,OK
CRD_99B80601C8BF404186BC,히스이 윈디 V,SR,15,True,KO,OK
CRD_874BB3258CA94959BBC0,갸라도스 GX,RR,15,True,KO,OK
CRD_96E3628EA11140F3A119,리자몽,CHR,15,True,KO,OK
CRD_4D1B9154138047289CC6,골루그 V,RR,15,False,,ORPHAN
CRD_9B730AEF79F94A5BB4C8,선배&후배,SR,15,True,KO,OK
CRD_83D6D0B474EF4541A65D,히스이 조로아크 V,RR,15,True,KO,OK
CRD_B7DB6E711CE147A8BA79,히스이 모크나이퍼 VSTAR,RRR,15,True,KO,OK
CRD_9AD6FE24D3594D17A130,에브이 ex,SAR,15,True,KO,OK
CRD_DA547219871F4A868241,하솔,SAR,15,True,KO,OK
CRD_830A3D5CBD854645BE1F,에브이 ex,RR,15,False,,ORPHAN
CRD_CFB1F9B2BF5A4F108B32,킬가르도 V,SR,15,True,KO,OK
CRD_A045FBD15C434CEA9670,리자몽 ex,RR,15,True,KO,OK
CRD_6AC614249DBA4DD285DE,테르나,CHR,15,True,KO,OK
CRD_F6F255B07DE64989A77B,보르쥐,AR,15,True,KO,OK
CRD_EBD05116E1CE442AAF4E,피죤투 ex,SAR,15,True,KO,OK
CRD_611E90329796471CB2D4,갈가부기 V,RR,15,True,KO,OK
CRD_A92DDFDA2A8542FDA6F0,월로,SR,15,True,KO,OK
CRD_C6416A62FDD4411AB1F8,오거폰 벽록의 가면 ex,UR,15,True,KO,OK
CRD_9BB766F8D22C400B9459,게을킹 V,SR,15,True,KO,OK
CRD_C2779FB305824DED9533,또르박쥐,AR,15,True,KO,OK
CRD_59D7087550034D60B177,블래키 V,RR,15,False,,ORPHAN
CRD_9A16B5CDB26D4457BDC6,무한다이노 VMAX,CSR,15,True,KO,OK
CRD_9FE76C9CE7304920BC39,루나톤,AR,15,True,KO,OK
CRD_1D7AF3D440F245F09657,무쇠감투 ex,UR,15,True,KO,OK
CRD_31C58C5A3B144203BD03,히스이 조로아크 V,RR,15,True,KO,OK
CRD_80B334F26A674D66A45F,메가이어롭 ex,SR,15,True,KO,OK
CRD_DC7B1F9CDDF44E588CD0,미라이돈 ex,SR,15,True,KO,OK
CRD_B35BCAFB2F9E4FE5BE34,데덴네,CHR,15,True,KO,OK
CRD_B1236C0C76BB4236BEB2,히스이 대검귀 VSTAR,UR,15,True,KO,OK
CRD_117F091E0122445AA752,M나무킹 EX,RR,15,False,,ORPHAN
CRD_128A2046607444A389E9,조타구 ex,SAR,15,True,KO,OK
CRD_48B34F0217EF45879C43,이올브 V,RR,15,True,KO,OK
CRD_1BB82D85E831428CABCE,M캥카 EX,RR,15,True,KO,OK
CRD_E1E6E75117094118B157,케르디오 GX,RR,15,True,KO,OK
CRD_9649B9AE6A834C63AA80,알로라딱구리 GX,SR,15,True,KO,OK
CRD_0E33DD1809A342308392,바닥트리오 ex,SR,15,True,KO,OK
CRD_72EA7027E1B24D65A9C8,일격 우라오스 V,SR,15,True,KO,OK
CRD_5A9588570BE84441901E,대왕끼리동 V,RR,15,True,KO,OK
CRD_D55D93F3B3354DD8B604,뮤 VMAX,RRR,15,True,KO,OK
CRD_DFD109D6FD144DB3B19C,브리무음 VMAX,RRR,15,True,KO,OK
CRD_74339EE06F0E42DC99FE,지라치(프리즘스타),PR,15,True,KO,OK
CRD_30EDC0F1FD7B46A58FDE,춤추새 GX,SR,15,True,KO,OK
CRD_18CD5427946D4525B172,한카리아스 ex,UR,15,True,KO,OK
CRD_AC9F89AB71524BC4AD8B,라티오스 GX,SR,15,True,KO,OK
CRD_E9B8CA77A7664CE8B9CF,오거폰 주춧돌의 가면 ex,SR,15,True,KO,OK
CRD_2E8CB13E9FEE40A28A14,웅의 근성,SR,15,True,KO,OK
CRD_096403B193C94990A6F0,잠만보 VMAX,RRR,15,True,KO,OK
CRD_E2324AA3478B4F09A915,위유이 ex,RR,15,True,KO,OK
CRD_B6DC45093C334784875A,맥실러,SR,15,True,KO,OK
CRD_1FA0F3DE83E64E4CA272,뜨아거,AR,15,True,KO,OK
CRD_E0B7B2CAE21042C6B89C,도희,SR,15,True,KO,OK
CRD_D8CA3FC24E11442D97E0,빠모,AR,15,True,KO,OK
CRD_00D37F11A42A4F6EAD16,루기아 EX,RR,15,True,KO,OK
CRD_3583C21779BE400FB9A6,피카츄,PR,15,True,KO,OK
CRD_E1953E99F0A344F5ACBE,로켓단의 레트라,AR,15,True,KO,OK
CRD_1C6AC6FAD7E44F1EBBC2,앗차프,AR,15,True,KO,OK
CRD_143F9BB41FBA43D5B5DE,야도킹 ex,RR,15,True,KO,OK
CRD_65B86BDD091845B6B9B3,루나아라 GX,SR,15,True,KO,OK
CRD_A8F55E775B1A48999A63,나누,SR,15,True,KO,OK
CRD_0596431CCC63469EA0C3,블래키 GX,SR,15,True,KO,OK
CRD_9C262C40B485491EB19A,개굴닌자&조로아크 GX,SR,15,True,KO,OK
CRD_5CE1C6B2A9B548A8B3DF,페퍼의 마피티프 ex,SR,15,True,KO,OK
CRD_ED8BDC8A7A604D6886A4,꾸왁스,AR,15,True,KO,OK
CRD_0A903CAA6FAE43DA81D3,M프테라 EX,PR,15,True,KO,OK
CRD_5D7CA51BCEB44BAEA02D,곤율거니,AR,15,True,KO,OK
CRD_8C2D1ED4956640F9A05F,게노세크트 V,SR,15,True,KO,OK
CRD_2E5F9227724846BE8970,라티오스 GX,RR,15,True,KO,OK
CRD_AA5BA868244841729ECD,신뇽,AR,15,True,KO,OK
CRD_9FE2C752705B4601A48B,M뮤츠 EX,RR,15,False,,ORPHAN
CRD_80CDA53B178942988954,모래털가죽 ex,RR,15,True,KO,OK
CRD_3B5CF3B55F8242899616,코치 트레이너,SR,15,True,KO,OK
CRD_BE950F4C173D4903A25D,빙큐보,AR,15,True,KO,OK
CRD_C684704D87BF4D358292,벰크,AR,15,True,KO,OK
CRD_39493D33675143109748,파이어&썬더&프리져 GX,RR,15,True,KO,OK
CRD_00C3F08C0B7C41B1A2DA,히스이 포푸니크 V,SR,15,True,KO,OK
CRD_9E348E7E435B4E658CB9,라티오스,AR,15,True,KO,OK
CRD_3FAAA0E00D4E4C6A8014,버넷박사,SR,15,True,KO,OK
CRD_95598861114B45F5BF5B,피나,SR,15,True,KO,OK
CRD_02F5CFB869144C589BF7,음번 GX,SR,15,True,KO,OK
CRD_1FC4B3E18BB94A0EB6CC,아머드 뮤츠,SM-P,15,True,KO,OK
CRD_CFECD5DF978944579DA4,드래피온 V,SAR,15,True,KO,OK
CRD_3921037F2F3643A38342,무쇠암석 ex,SR,15,True,KO,OK
CRD_053F45EBABE44DD09C9B,잉어킹,AR,15,True,KO,OK
CRD_F27C7CA2257D49FAA563,주리,SR,15,True,KO,OK
CRD_2D7B2839BEFB48088F54,보울마을,UR,15,False,,ORPHAN
CRD_43B92747526147DBA44A,따라큐 V,RR,15,True,KO,OK
CRD_E8C45BEBEA1E4589A70E,두르쿤,AR,15,True,KO,OK
CRD_07824DDE2E3B4D4FAD14,에이스번 ex,RR,15,False,,ORPHAN
CRD_A1FF49B34D00462B8DF0,맘박쥐,AR,15,True,KO,OK
CRD_1AD1B3ABA677423BBCAE,라이츄 V,SR,15,True,KO,OK
CRD_2936DD31DD3F4679992B,팬텀&따라큐 GX,RR,15,True,KO,OK
CRD_5CAE6FBC24854D2CA265,복숭악동 ex,RR,15,False,,ORPHAN
CRD_EF66D2E6D89F4EC5BE58,모토마 ex,SR,15,True,KO,OK
CRD_F42B7FFB1122449DB183,님피아 V,RR,15,True,KO,OK
CRD_EA083C360F684B138684,알로라나인테일 GX,SR,15,True,KO,OK
CRD_A45D3E9BF08B4D07AF14,루가루암 GX,RR,15,True,KO,OK
CRD_F3CC2FAC2F1644BCBC80,독개굴 ex,SR,15,True,KO,OK
CRD_53601313F5F840D7BE86,네모,SAR,15,True,KO,OK
CRD_24E953E56C044EFFAEB2,뮤 V,RR,15,True,KO,OK
CRD_3D4FFB645A094246ACDB,대단한낚싯대,UR,15,False,,ORPHAN
CRD_34634E0B83674493958D,메가저리더프 ex,MA,15,True,KO,OK
CRD_C4F64FFCE1CF446580D4,사나,SR,15,True,KO,OK
CRD_7CB1EBD45B814997B7C0,레지기가스,HR,15,True,KO,OK
CRD_5E5D7E18A66E45289E08,리피아 ex,RR,15,False,,ORPHAN
CRD_5667330F7AAF41858B63,윽우지 V,RR,15,True,KO,OK
CRD_EC34D111213C43B5BEEC,카푸나비나 GX,RR,15,False,,ORPHAN
CRD_40212CBAF40D49EE8938,춤추새 ex,RR,15,True,KO,OK
CRD_B0B1E680E6EB4FC091EE,M가디안 EX,RR,15,True,KO,OK
CRD_C46B76D03DCD42BEB000,올리뇨,AR,15,True,KO,OK
CRD_B6F27325C75E414B802B,철시드,AR,15,True,KO,OK
CRD_C2E5273146CB463B8905,어써러셔,AR,15,True,KO,OK
CRD_33360078EC2F4416BC8F,일레도리자드,AR,15,True,KO,OK
CRD_5E8B9D8B826549B5BE0E,글레이시아 GX,RR,15,True,KO,OK
CRD_FB98F00A1EE44AB999E2,글레이시아 ex,SAR,15,True,KO,OK
CRD_3E28C08144174CFC8121,수풀부기,AR,15,True,KO,OK
CRD_1EE8B7BE600043EF8C97,피죤투 ex,SSR,15,True,KO,OK
CRD_53C3C8439568425FBA77,루가루암 GX,RR,15,True,KO,OK
CRD_318B01AFB53C42318601,더시마사리 GX,SR,15,True,KO,OK
CRD_F866A81D344E4C3BA245,아머까오 VMAX,RR,15,False,,ORPHAN
CRD_C3BEA4426F934FF9A7FB,세레비 V,SR,15,True,KO,OK
CRD_13F9528AE66A482F9AC7,나몰빼미&알로라나시 GX,RR,15,True,KO,OK
CRD_FF3213DF87294320874D,붐볼 GX,SSR,15,True,KO,OK
CRD_4433E81381664E14ADED,로켓단의 헬가,AR,15,True,KO,OK
CRD_027EB7AC44174C879264,테사,SR,15,True,KO,OK
CRD_DD17001A86F04AFDAF09,단지래플,AR,15,True,KO,OK
CRD_9BA6F88491964B2489ED,데덴네 GX,SR,15,True,KO,OK
CRD_0C0972C263B343A4BB0D,자마젠타 V,RR,15,True,KO,OK
CRD_40D2B16676124F24A955,무우마직 ex,SR,15,True,KO,OK
CRD_B86A682830BA4F8D9F57,펄기아 GX,SR,15,True,KO,OK
CRD_C5C15088983B4338BFDC,이상해꽃 ex,RR,15,True,KO,OK
CRD_684A3F96ECB64020B759,마그카르고 ex,SR,15,True,KO,OK
CRD_959F73E091BA412E99DC,두까비,AR,15,True,KO,OK
CRD_715FB49EC8004D6DAD2F,파밀리쥐 ex,SR,15,True,KO,OK
CRD_BE82877EE7B04D848D1B,망나뇽 GX,RR,15,True,KO,OK
CRD_E6B55319FE274485AB2C,테라파고스 ex,UR,15,True,KO,OK
CRD_8B768628A6D94B36A09E,제르네아스 GX,RR,15,False,,ORPHAN
CRD_1A7C81EF49754D76B049,디안시(프리즘스타),PR,15,True,KO,OK
CRD_2706BD8A739F4460B703,로켓단의 뮤츠 ex,SAR,15,True,KO,OK
CRD_070B71AF46134ABAB790,다태우지네 VMAX,RRR,15,True,KO,OK
CRD_14BFE9EA9D1D474194DF,모야모의 찌리배리 ex,SR,15,True,KO,OK
CRD_793053A5665347469533,M디안시 EX,PR,15,True,KO,OK
CRD_074346DE46AC4F019E17,약어리 [군집의 모습],CHR,15,True,KO,OK
CRD_0EE4BA587BCC48B1B807,샤미드,CHR,15,True,KO,OK
CRD_21FFD5E3D47449929375,카푸꼬꼬꼭 V,RR,15,False,,ORPHAN
CRD_D89AE69557754704BE5B,로켓단의 람다,SR,15,True,KO,OK
CRD_B6DCDD8B172E42A098BE,삼삼드래 ex,SR,15,True,KO,OK
CRD_8F9C9E655E734313A1CD,플라이곤 V,RR,15,True,KO,OK
CRD_A26B2D231CB94EECBAE3,다크펫 GX,RR,15,True,KO,OK
CRD_2E88C364F7394ACBB0AB,마리,SR,15,True,KO,OK
CRD_123A0C58771F4B76BBFE,아강의 비장의카드,SR,15,True,KO,OK
CRD_D1A8C3F081B74BAE8414,삼삼드래 ex,SR,15,True,KO,OK
CRD_CA3282A90EA344D18DDD,무쇠무인 ex,RR,15,True,KO,OK
CRD_5751676A34FF4B128A73,에브이 V,RR,15,True,KO,OK
CRD_09AAD6A024434832A88A,이벨타르 EX,RR,15,True,KO,OK
CRD_4A276329B7FE4B2B876E,러브로스,AR,15,True,KO,OK
CRD_D1C565DB2FFB4163BFFC,배쓰나이,AR,15,True,KO,OK
CRD_112139C75D774E75BDDA,킬라플로르 ex,SSR,15,True,KO,OK
CRD_413FE230DC42456DB302,윈디 ex,RR,15,True,KO,OK
CRD_010576BAD6694C708F4E,고디보미,AR,15,True,KO,OK
CRD_E1A820C6EE18441B99E2,연격 우라오스 VMAX,RRR,15,True,KO,OK
CRD_0FF5AA22F1EE4EE0BE22,루가루암 GX,RR,15,True,KO,OK
CRD_93FFCADB9F314F93B03F,케르디오 EX,RR,15,True,KO,OK
CRD_3E7EFB8B95774E57AD88,찌리배리 ex,SR,15,True,KO,OK
CRD_51BAE0050B1B403BBD88,화이트큐레무 GX,RR,15,True,KO,OK
CRD_6C47EADF71464DA6A684,샤로다 ex,RR,15,True,KO,OK
CRD_EB7841DA056B401A80EC,바라철록,AR,15,True,KO,OK
CRD_ACE083AA03F94FF58441,약어리 GX,RR,15,True,KO,OK
CRD_B1BA8BA294224C83B570,피카츄,CHR,15,True,KO,OK
CRD_32E8F32B11894AB188C1,플루메리,SR,15,True,KO,OK
CRD_4A62A7429FAD4BDA9715,두송,SR,15,True,KO,OK
CRD_DFD10196385043FBAE04,누리레느 GX,RR,15,True,KO,OK
CRD_C309796AE0E045ECB8D1,신오신전,UR,15,False,,ORPHAN
CRD_D32273D46FE741C19111,히스이 블레이범 V,SR,15,True,KO,OK
CRD_84EB7A5F0598461296E0,철화구야 GX,SR,15,True,KO,OK
CRD_70F0C4F7265945BF97DE,리자몽 ex,RR,15,True,KO,OK
CRD_D0F99DC13CF34DFD957C,오리진 펄기아 V,RR,15,True,KO,OK
CRD_E332BE039B64482B83AD,M샤크니아 EX,RR,15,True,KO,OK
CRD_0CE1AB32F2CE46FFAA8B,두파팡 GX,SR,15,True,KO,OK
CRD_85A18C735C9147958902,가라르 파이어 V,RR,15,True,KO,OK
CRD_D32055C7E83A425E8E79,오거폰 벽록의 가면 ex,RR,15,False,,ORPHAN
CRD_F6AA26615B634D2BA71A,비브라바,AR,15,True,KO,OK
CRD_A9AEC318816D44429B63,음번 V,RR,15,True,KO,OK
CRD_B0979244ABC14CFC81BF,대지의 그릇,UR,15,False,,ORPHAN
CRD_4A6AB07D1EE64032B862,로켓단의 뮤츠 ex,UR,15,True,KO,OK
CRD_672B4D1A3B27458F9805,가디안 ex,SAR,15,True,KO,OK
CRD_7DDAF72A6F6E4107971D,즈미,SR,15,True,KO,OK
CRD_3E81F48F8E78476C8639,짜랑고우거 GX,SR,15,True,KO,OK
CRD_0902F4E6CC9047A98559,피카츄,PR,15,True,KO,OK
CRD_5FFCA0AB3BF4438A8D41,뮤 VMAX,RRR,15,True,KO,OK
CRD_2942A77E70D64CD79DC5,킬가르도 ex,RR,15,True,KO,OK
CRD_952E55D05FF24EA3AC1C,파이어로 V,SR,15,True,KO,OK
CRD_F209CF50AD384B7A907F,눈꼬마,AR,15,True,KO,OK
CRD_96F2AF373AC24B51B62E,아킬,SR,15,True,KO,OK
CRD_D6012E58494D4846B6FB,기라티나 V,RR,15,True,KO,OK
CRD_626420F611AD49BAA98D,우락고래 ex,RR,15,True,KO,OK
CRD_DDA4F682B05845128805,칼라마네로 V,RR,15,True,KO,OK
CRD_DA9C642BEB844AC684CE,삼삼드래 ex,RR,15,False,,ORPHAN
CRD_DE454A6B91944E2B8AD3,로켓단의 공작,SR,15,True,KO,OK
CRD_6C8A167C2A5041E8B2C2,노보청,AR,15,True,KO,OK
CRD_C7743941CB94475DBB80,메가곤율거니 ex,MA,15,True,KO,OK
CRD_791572148F7B4CA19F63,누니머기,AR,15,True,KO,OK
CRD_41D1F28F42D347728ACE,드래펄트 ex,RR,15,False,,ORPHAN
CRD_5D9CED91492B4E768613,잠만보,CHR,15,True,KO,OK
CRD_5856FD4E3CD348CD9E52,휠구,AR,15,True,KO,OK
CRD_34FC12FEB9C94EC0B729,크레세리아,AR,15,True,KO,OK
CRD_8C4E0B58B9AB4FD8A901,메가루차불 ex,SAR,15,True,KO,OK
CRD_90CC9B987FFB4D52AB48,수련,SR,15,False,,ORPHAN
CRD_B0F2622101694469AA59,스코빌런 ex,RR,15,False,,ORPHAN
CRD_997431762BD64CE5B949,글레이시아 EX,RR,15,True,KO,OK
CRD_B08CE2F4339B49479056,가디안 ex,RR,15,True,KO,OK
CRD_48773AA6B8EC4EF892A7,가라르 프리져,AR,15,True,KO,OK
CRD_32E8DC4B424E4966B6CB,쁘사이저,AR,15,True,KO,OK
CRD_A4F8739E43884B02A683,레파르다스,AR,15,True,KO,OK
CRD_6D7FD944EBBE4E7AA8A1,N,SR,15,True,KO,OK
CRD_9003FD3BCBE34D03B083,메가깜까미&마기라스 GX,SR,15,True,KO,OK
CRD_E30CB17C7E4749BD9111,오거폰 우물의 가면 ex,SAR,15,True,KO,OK
CRD_2D3BEACE738C403A95FC,달코퀸 V,RR,15,True,KO,OK
CRD_37E37047B5F64CA1A487,알로라레트라 GX,SM-P,15,False,,ORPHAN
CRD_A4529E72086844FB8FBF,철화구야 GX,RR,15,False,,ORPHAN
CRD_9B1935C2FFE14C9493B6,삐,AR,15,True,KO,OK
CRD_EFC2C3BACC80463C9CF8,마빌크,AR,15,True,KO,OK
CRD_3D1314647FED4C4BB1D1,루가루암 GX,SR,15,True,KO,OK
CRD_BD23A2FE3D6140978DFB,테오키스 VSTAR,SAR,15,True,KO,OK
CRD_A2A524FCE0E54F2C8C91,데덴네 ex,SR,15,True,KO,OK
CRD_9D5FE568CAD14D749F5B,야돈&고라파덕 GX,SR,15,True,KO,OK
CRD_2F5447039AA345D78AAB,테라파고스 ex,SAR,15,True,KO,OK
CRD_7666E22ADA2D4444AB42,메가이어롭&푸린 GX,SR,15,True,KO,OK
CRD_E7E4AD0007C34D1497B1,철화구야 GX,SR,15,False,,ORPHAN
CRD_C876DFB3D3DC4A038B06,카푸꼬꼬꼭 VMAX,RRR,15,True,KO,OK
CRD_E736F5863DF84C0B836A,무쇠바퀴 ex,SSR,15,True,KO,OK
CRD_2816C9B402A643F99D42,이상해꽃 ex,SR,15,True,KO,OK
CRD_979704595E1644E09F8A,난천의 화강돌,AR,15,True,KO,OK
CRD_27858E2B38CF47A7A939,페르시온,AR,15,True,KO,OK
CRD_0F321114788E4CC0A5AB,플라이곤 EX,PR,15,True,KO,OK
CRD_8AEA98061B9A431CAA79,케오퍼스 V,SR,15,True,KO,OK
CRD_EE2EA1C36FA84838903C,금랑,SAR,15,True,KO,OK
CRD_1B81F3B284534F8B8896,스트린더 VMAX,SSR,15,True,KO,OK
CRD_6A29DC1A64574E9A92BE,다태우지네 V,RR,15,True,KO,OK
CRD_E07E47F969DF425B88E9,골비람,AR,15,True,KO,OK
CRD_86A21D43FBB24CD683A0,킹드라 ex,SR,15,True,KO,OK
CRD_8D798C34EC514D40851D,피카츄,SM-P,15,True,KO,OK
CRD_7EF3FAC1AA9F41959926,공박사의강연,SR,15,True,KO,OK
CRD_83BEEB1396274C9BAB37,브라이어,SAR,15,True,KO,OK
CRD_F42A2FE92E69499F8449,캠프파이어,HR,15,True,KO,OK
CRD_6A05AC4797764140A0D5,파비코리,AR,15,True,KO,OK
CRD_36246E7EC9864D74B0BA,의사,SR,15,True,KO,OK
CRD_2AFC7629A65B45FBBCC8,복숭악동 ex,SAR,15,True,KO,OK
CRD_7A54C2FA809B4E9699FD,몰드류 ex,SR,15,True,KO,OK
CRD_A5FA3E3050F046ACB362,요가램,AR,15,True,KO,OK
CRD_7D71C6E50BC848FDB19A,버프론 ex,SAR,15,True,KO,OK
CRD_757F62C90F0A4F4AA641,파라블레이즈 ex,RR,15,False,,ORPHAN
CRD_BF0F5557B756404B95E3,애프룡 V,RR,15,True,KO,OK
CRD_5094F85922274E7CAC3C,블래키 ex,SAR,15,True,KO,OK
CRD_B64FC43EC8F44F108672,기선,SR,15,True,KO,OK
CRD_83A1176A6F644DE9B1DB,레지락 EX,RR,15,True,KO,OK
CRD_64E91C6250B145D3BB7D,루어모듈,UR,15,False,,ORPHAN
CRD_0A4BC771BE0743608661,에브이 GX,SM-P,15,True,KO,OK
CRD_24E2B7E72A25492F960D,푸크린 ex,SSR,15,True,KO,OK
CRD_274BA225B19844028DDF,총지엔 ex,UR,15,True,KO,OK
CRD_CCCC36079AC24E7F997F,절친 포핀,SR,15,False,,ORPHAN
CRD_49B7E2D6466F48A88888,루카리오 GX,RR,15,False,,ORPHAN
CRD_A2CD819C7FE041DAA9C8,디안시(프리즘스타),PR,15,True,KO,OK
CRD_54A4959E13F64F7AB630,해루미,AR,15,True,KO,OK
CRD_EC132ACDFBE44F7ABC82,난천의 한카리아스 ex,RR,15,False,,ORPHAN
CRD_CCC2D6D574104829BBDF,N의 제크로무,AR,15,True,KO,OK
CRD_34771CA932624EF8993A,독침붕 V,SR,15,True,KO,OK
CRD_1628769382AC47C581EB,해피너스 V,SR,15,True,KO,OK
CRD_EECF74BA4EA14E1AAA42,에써르 V,RR,15,True,KO,OK
CRD_7B7C4F93D58F45928675,백솜모카 V,RR,15,True,KO,OK
CRD_890A5BCCE7944EB0A6B1,루기아 EX,RR,15,False,,ORPHAN
CRD_6B3F6BFCB5834D188F85,팬텀,CHR,15,True,KO,OK
CRD_FE20328DB07A4AA9AE98,메가라티아스 ex,SAR,15,True,KO,OK
CRD_5CDC415693184E96AACE,악식킹 GX,RR,15,False,,ORPHAN
CRD_D660224E826740A9A990,다크라이 GX,SM-P,15,False,,ORPHAN
CRD_7DA6398AB2274B22A22D,암팰리스,AR,15,True,KO,OK
CRD_A2686BFC7EE14D7788F6,로켓단의 닥트리오,AR,15,True,KO,OK
CRD_B79D24DCE63448C89A53,피나,SAR,15,True,KO,OK
CRD_43BC0926ACC14BDDAA6B,개굴닌자 ex,SAR,15,True,KO,OK
CRD_0400517F2E89441EAC81,거북왕 ex,SAR,15,True,KO,OK
CRD_AD994D529D6E47C2B93E,리피아 GX,RR,15,True,KO,OK
CRD_32082DD1A5DE41889046,이야후 ex,RR,15,True,KO,OK
CRD_9327DCC9A6474DD0A15B,글레이시아 V,RR,15,True,KO,OK
CRD_D7B60917E9F749A78D85,피카츄&제크로무 GX,RR,15,True,KO,OK
CRD_C14EA7DC5F234B078571,로켓단의 랜스,SR,15,True,KO,OK
CRD_68750CA7D67B49579E22,히스이 붐볼 V,SR,15,True,KO,OK
CRD_C5A7D2CBC1844112AE51,르수아르,SR,15,True,KO,OK
CRD_DBF5F6102B314663AA38,루기아 VSTAR,RRR,15,True,KO,OK
CRD_B03010105C7A46FDAE73,무쇠보따리,AR,15,True,KO,OK
CRD_013491CECA2E446F9AB8,게을킹 V,RR,15,True,KO,OK
CRD_3A3F2713FE8C47F69F71,캥카 GX,SM-P,15,True,KO,OK
CRD_C53876B78A1D4CE1AAA8,에브이 GX,SR,15,True,KO,OK
CRD_D602385974EB459BA404,후딘 ex,SSR,15,True,KO,OK
CRD_B2248FE3EAB34F918B7C,가라르 창파나이트 V,RR,15,True,KO,OK
CRD_7DD6C6B73C7E4FB2942F,올리르바 ex,RR,15,False,,ORPHAN
CRD_7B0CD02EFB474874B2F9,토네로스 V,RR,15,True,KO,OK
CRD_923FDD3D9ED34C4EAC1E,돌헨진 VMAX,RRR,15,True,KO,OK
CRD_0052886022F54674939E,포플러,SR,15,True,KO,OK
CRD_B27CE1319A204E919650,암스타 V,RR,15,True,KO,OK
CRD_914D2654639D4B34851E,후파 EX,RR,15,False,,ORPHAN
CRD_4828906D1AF3429BB260,글레이시아 GX,SSR,15,True,KO,OK
CRD_3FED5DC18A974AFBB5BA,딜리버드,AR,15,True,KO,OK
CRD_4401EC58464B477AA7F6,이벨타르,AR,15,True,KO,OK
CRD_906A3DF2C7B04997AE4D,개굴닌자 EX,PR,15,True,KO,OK
CRD_1AF7C5C839D646B0A61B,엠라이트,AR,15,True,KO,OK
CRD_CF300350E3954689842D,자시안,AR,15,True,KO,OK
CRD_73BC837020A74A488C75,억새,HR,15,True,KO,OK
CRD_A0F533475FB645238571,이상해꽃&주리비얀 GX,SR,15,True,KO,OK
CRD_27F3781C418A41E795E5,규리,SR,15,True,KO,OK
CRD_0BDAE7D89E874FAF958A,레시라무 EX,PR,15,True,KO,OK
CRD_4CE7E440FEFE4B8EB2AB,리오르,AR,15,True,KO,OK
CRD_2ADA9594E1954CF89E7B,깨봉이,AR,15,True,KO,OK
CRD_08E7B3A3335B4A998906,두빅굴 EX,RR,15,False,,ORPHAN
CRD_3B58C4FB597C409D8154,리파,SAR,15,True,KO,OK
CRD_95962D36A0B54D96A10A,리자몽 GX,SSR,15,True,KO,OK
CRD_F72B398C28494F5383EA,올리르바 ex,RR,15,True,KO,OK
CRD_17623798AB744107AD98,너트령,AR,15,True,KO,OK
CRD_2690751B7B7A455391FB,사다이사 V,RR,15,False,,ORPHAN
CRD_808A9BA456B1456EA2A4,M후딘 EX,SR,15,True,KO,OK
CRD_06740DF77DAB42EB94FC,싸리용,AR,15,True,KO,OK
CRD_94DDE31A7F814C7DA629,지우의 피카츄,SM-P,15,True,KO,OK
CRD_D56048415DA2405E9DBC,피카츄 V,PR,15,True,KO,OK
CRD_C64D8A288A1E49DABD3B,이브이,CHR,15,True,KO,OK
CRD_F5B64C8E7DA849918BEA,춤추새 ex,SR,15,True,KO,OK
CRD_20890E3348E540539C0B,파비코리 ex,SAR,15,True,KO,OK
CRD_C31AA0E0F2D940BA9105,개굴닌자&조로아크 GX,RR,15,True,KO,OK
CRD_24141283AF4D42638547,볼가이,SR,15,True,KO,OK
CRD_E78C55792AED472BA10A,갈가부기 VMAX,RRR,15,True,KO,OK
CRD_1AF02B869FC640ADA050,로켓단의 리시버,SR,15,False,,ORPHAN
CRD_30A6CD03B29E4EAFA1C2,로켓단의 니로우,AR,15,True,KO,OK
CRD_B823EBE80D4142778B2C,호브의 자시안 ex,RR,15,False,,ORPHAN
CRD_7BE4E9F9E4664866988F,원규,SAR,15,True,KO,OK
CRD_D3A4176E71AC47AFA6EF,전목,SR,15,True,KO,OK
CRD_1FD012263A504F3CA01E,뮤츠 EX,RR,15,True,KO,OK
CRD_ADBEB5959E2C43B9B8AD,루자미네,SR,15,False,,ORPHAN
CRD_A69A3C32BD2A4EA590C3,모토마 ex,RR,15,True,KO,OK
CRD_94D776CD680F432CBF1B,루기아 V,SR,15,True,KO,OK
CRD_0323B3DF18D24127932E,단단지,AR,15,True,KO,OK
CRD_2D610AC70AB04D4887B7,귀뚤톡크 V,CSR,15,True,KO,OK
CRD_7A7850AA59504787B71D,스타단의 조무래기,SR,15,True,KO,OK
CRD_77E23D6E57A144EB9BD7,지가르데 GX,SM-P,15,True,KO,OK
CRD_D2B8F12F00094BD88632,피카츄 V,CSR,15,True,KO,OK
CRD_68FF087ED5984A63BAE9,피카츄 ex,SR,15,True,KO,OK
CRD_4986313CCE1543ED8030,에써르 V,RR,15,True,KO,OK
CRD_2A2C765236DC4E0DA39B,비크티니 V,RR,15,True,KO,OK
CRD_F059AEB6384A40B69CA8,만마드,AR,15,True,KO,OK
CRD_4D1CD4CF50AA440F904D,거북왕&팽도리 GX,SR,15,True,KO,OK
CRD_4825831A44A54D91A8C4,그우린차 ex,RR,15,True,KO,OK
CRD_34B94E323039433886E9,애프룡,CHR,15,True,KO,OK
CRD_8A3F628A4E3B4AC087C9,오리진 디아루가 VSTAR,RRR,15,True,KO,OK
CRD_2BE4A0CA25944D3292C7,히드런 V,SR,15,True,KO,OK
CRD_0146657C0E674996969C,M루카리오 EX,RR,15,True,KO,OK
CRD_EA7A6952A04B47458EA9,고릴타 VMAX,RRR,15,True,KO,OK
CRD_02C67022C498491C944C,이브이&잠만보 GX,SR,15,True,KO,OK
CRD_761F112811784F3C9B5A,제빈,SR,15,True,KO,OK
CRD_447AD11B1C504AC4B5F7,보르그,AR,15,True,KO,OK
CRD_144F4E4E8E2B4DBD8115,괴력몬 GX,SR,15,True,KO,OK
CRD_BAC4C11B4560476A863B,렌트라 ex,RR,15,False,,ORPHAN
CRD_E1A0B45DD087457B9796,로켓단의 니드킹 ex,SAR,15,True,KO,OK
CRD_58AEBF1133424C8B92C1,저승갓숭 ex,RR,15,True,KO,OK
CRD_BA27BAD558E64F00B129,모크나이퍼 GX,SSR,15,True,KO,OK
CRD_678293733C984C86A7F2,순무,SR,15,True,KO,OK
CRD_2C36A353792C402C93E8,번치코 VMAX,RRR,15,True,KO,OK
CRD_62C3A4F356F74487824A,님피아 GX,RR,15,True,KO,OK
CRD_6B6B971B316F4CECA17D,포켓몬 회수 사이클론,ACE,15,False,,ORPHAN
CRD_5798719CFA7B4AF9928A,딱구리 EX,PR,15,True,KO,OK
CRD_8297F066BE06430AAD93,오거폰 화덕의 가면 ex,SAR,15,True,KO,OK
CRD_5571E9D37C0F44EB9D0C,N의 조로아크 ex,SAR,15,True,KO,OK
CRD_5D2CBBAD2CD244CCBB58,토게키스 VMAX,RRR,15,True,KO,OK
CRD_A6FB671794764AE49A66,모단단게,AR,15,True,KO,OK
CRD_763739C433694BD7A95F,다탱구 GX,RR,15,True,KO,OK
CRD_C42C4714DB15489799C2,백마 버드렉스 V,RR,15,False,,ORPHAN
CRD_16D77C3BD5F547639930,오리진 디아루가 VSTAR,HR,15,True,KO,OK
CRD_BB2AE88D795B4BC39A64,나인테일 V,RR,15,True,KO,OK
CRD_2202D899B2514A12A3B3,싸리용 ex,RR,15,True,KO,OK
CRD_C1DA511430EB46B79854,메가폭타 ex,RR,15,True,KO,OK
CRD_899A39AE13404402AADF,화이트큐레무 GX,SR,15,True,KO,OK
CRD_1E01D64E2EF649078020,샤미드 V,RR,15,False,,ORPHAN
CRD_9B8E69E27F554FA08F77,글레이시아 GX,SR,15,True,KO,OK
CRD_F2F526A3A5F244D59FCF,사철록,AR,15,True,KO,OK
CRD_EC410684A6FD4E888271,뮤츠 V,SR,15,True,KO,OK
CRD_B1D0E95D6A764E54A4F3,마스카나 ex,RR,15,True,KO,OK
CRD_2F43F0F33B364E59B1AA,로사와 로이,SR,15,True,KO,OK
CRD_0D1FEC3632AD4FED9507,파밀리쥐,AR,15,True,KO,OK
CRD_E3686CE5DF604BB1A1AB,블래키 VMAX,RRR,15,True,KO,OK
CRD_AC43601EF1034C02924D,오거폰 주춧돌의 가면 ex,SAR,15,True,KO,OK
CRD_1A35479E220A4BB7AE4E,번치코 GX,RR,15,True,KO,OK
CRD_803FA692C5CE471EA9A3,모으령,AR,15,True,KO,OK
CRD_8176FFAF907244338749,모부기,AR,15,True,KO,OK
CRD_3C062CAF599948F7BA44,난천의 패기,SAR,15,True,KO,OK
CRD_FFD29F9A67B34EF2988F,뮤츠 V,SR,15,True,KO,OK
CRD_F643E727312F4F1FBE79,캥카 EX,RR,15,True,KO,OK
CRD_66939CDD71824EF5877F,루자미네,SR,15,True,KO,OK
CRD_ABD8EEE619A649568E06,멜메탈 V,SR,15,True,KO,OK
CRD_3ABEBDCF89194B049E06,이올브 VMAX,RRR,15,True,KO,OK
CRD_E0F313BE00484CB282A2,오거폰 화덕의 가면 ex,RR,15,True,KO,OK
CRD_7EBB72125E6E436B8589,피카츄,SM-P,15,True,KO,OK
CRD_AFBD5F78887542BAB486,마적의 히든볼트릭,SR,15,True,KO,OK
CRD_35EA350A18F04A80A0D5,깜눈크,AR,15,True,KO,OK
CRD_E752F21DDE8C47718A45,포플러,SR,15,True,KO,OK
CRD_D8B2383E943F488E8073,카푸나비나 GX,RR,15,False,,ORPHAN
CRD_47977278A0254FA4BCA9,연격 우라오스 VMAX,RRR,15,True,KO,OK
CRD_DFA86BCCB5434D858268,레시라무 GX,RR,15,True,KO,OK
CRD_1CC18469ABD541448268,돌핀맨,AR,15,True,KO,OK
CRD_AD8D9A5B43C24CB6A5F9,곤율랭,AR,15,True,KO,OK
CRD_64AC918F6BDF4BDABB8C,라티아스 ex,RR,15,False,,ORPHAN
CRD_51808E684CD64F418E0A,기라티나 VSTAR,RRR,15,True,KO,OK
CRD_2D4779F86C774DBFA501,청목의 수완,SR,15,True,KO,OK
CRD_02C8FFC4897D4C2288DF,로켓단의 마자용,AR,15,True,KO,OK
CRD_D1D4CE75EC474976A7DF,코터스,AR,15,True,KO,OK
CRD_62C8546C52084CE08D66,애버라스,AR,15,True,KO,OK
CRD_8E5059F15BB5478EB12A,쫀도기,AR,15,True,KO,OK
CRD_7B2AC59C744C44BF9B8D,엠라이트,HR,15,True,KO,OK
CRD_6B2C86298A8A48B9A1C2,켄타로스 GX,RR,15,True,KO,OK
CRD_4D3EF2E899D943459B77,은송,SR,15,True,KO,OK
CRD_74FA58390E8E48D397F0,조로아크 GX,SR,15,True,KO,OK
CRD_CBD74C6D3997478C92A5,릴리에의 삐삐 ex,SAR,15,True,KO,OK
CRD_307192BBF1544D13B485,거북왕 GX,RR,15,False,,ORPHAN
CRD_6F8DB5E047184CCD803E,스크램블 스위치,ACE,15,False,,ORPHAN
CRD_26947826E457449096C5,마스터드 연격의 태세,SR,15,True,KO,OK
CRD_6D3C1FEF61C14F46B4C5,드래펄트 V,RR,15,True,KO,OK
CRD_43A31E18194141E18BFC,피카츄 VMAX,PR,15,True,KO,OK
CRD_36BA95B689A44C28B170,메타그로스 GX,SR,15,True,KO,OK
CRD_49B864154D884E16A393,MC의 호응유도,SR,15,True,KO,OK
CRD_57174D8548094A65841F,메가가디안 ex,SR,15,True,KO,OK
CRD_1B0CED467C434ACBAEFE,타랜툴라,AR,15,True,KO,OK
CRD_6FC1CB0DAF0D475BAF64,독침붕 V,RR,15,True,KO,OK
CRD_2BD642F0ABE84DA8BDCF,테라파고스 ex,UR,15,True,KO,OK
CRD_7DD7D9F40504433E96CA,지우의 피카츄,SM-P,15,True,KO,OK
CRD_B06B18A181FB456ABDCB,암팰리스,AR,15,True,KO,OK
CRD_D59A0E499FD44F4199B5,메더,AR,15,True,KO,OK
CRD_7BA254D36DFF445F8FB2,레지드래고 V,SR,15,True,KO,OK
CRD_E2C122D990CA490FAF7E,억새,SR,15,True,KO,OK
CRD_AFD17D0FE9FF44FF8492,프리져 GX,SR,15,True,KO,OK
CRD_B24FB59D3B834314A57B,비파,SAR,15,True,KO,OK
CRD_63013DACF91C4789A924,니아,SR,15,True,KO,OK
CRD_492B3C0921ED4DF68345,아이리스,SR,15,True,KO,OK
CRD_764B4B9354884B2D992F,아이앤트 ex,RR,15,False,,ORPHAN
CRD_C7EE29160ED94C72BB44,이슬의 의욕,SR,15,True,KO,OK
CRD_B166C14DF6864745B219,모르페코 V-UNION,RRR,15,True,KO,OK
CRD_2F0219577D244E019E99,레시라무 GX,RR,15,True,KO,OK
CRD_84D5C2862B76466098C2,리오르,AR,15,True,KO,OK
CRD_59D148E4C2854E5AAA96,마기라스 V,RR,15,True,KO,OK
CRD_5EC5DF045E124BF1ACA2,로켓단의 크로뱃 ex,SAR,15,True,KO,OK
CRD_C3C82724FCF14DC0941A,로켓단의 뮤츠 ex,RR,15,False,,ORPHAN
CRD_49BB72C01E4C40628D5B,루카리오&멜메탈 GX,RR,15,True,KO,OK
CRD_08372C116D1A44CE82AB,에이스번 V,SR,15,True,KO,OK
CRD_983678B45AB8425590AC,루기아 VSTAR,UR,15,True,KO,OK
CRD_E977782F22B64633B5B6,데덴네 GX,RR,15,True,KO,OK
CRD_8FA7CC63580F4C988819,지니어,SAR,15,True,KO,OK
CRD_442D7542AFE94FA494F3,대여르 V,RR,15,True,KO,OK
CRD_AA4A41F8F67F4044A169,레쿠쟈 EX,PR,15,True,KO,OK
CRD_692B14B6D94747048405,투구뿌논 V,SR,15,True,KO,OK
CRD_CFE73FBE9D9E4EB0A6BA,스트린더 ex,SR,15,True,KO,OK
CRD_C9F47C155D5849A7A956,체렌의 배려심,SAR,15,True,KO,OK
CRD_7073512FE78844239956,다투곰 붉은 달 ex,SAR,15,True,KO,OK
CRD_B92DA5CF55D0468FB12E,아꾸왁,AR,15,True,KO,OK
CRD_23872FA0E5334B128E5A,파이어로 V,RR,15,True,KO,OK
CRD_6C510F8223BB456DB67C,케르디오,AR,15,True,KO,OK
CRD_89951F6DCCFD4A329C78,두랄루돈 V,RR,15,True,KO,OK
CRD_13997FDA2FAB493982D6,가라르 메더 V,SR,15,True,KO,OK
CRD_EC2A05A657CA48619633,칠색조 GX,RR,15,True,KO,OK
CRD_B63836C8D4AD4235A59A,킬라플로르 ex,SR,15,True,KO,OK
CRD_E9757BBCE7C34C4E8BF8,브리가론 V,RR,15,True,KO,OK
CRD_738510ECA688475BA724,후딘,AR,15,True,KO,OK
CRD_7198FCCE27034FF78404,유빈의 확신,SAR,15,True,KO,OK
CRD_2893BDF7C7674E7A8E66,게치스플라스마단,SR,15,True,KO,OK
CRD_DCC37C7FE5CD4264A5A1,피오니,SR,15,True,KO,OK
CRD_69C72795CBC8432A90DC,야돈,AR,15,True,KO,OK
CRD_761714141AFD427DA3EC,피카츄 V,SR,15,True,KO,OK
CRD_BA502F9E6A55434A9CC2,리피아 VMAX,RR,15,False,,ORPHAN
CRD_96DCC4B3E85641EAA4E9,라우드본 ex,RR,15,True,KO,OK
CRD_0EF858A4F6FE457E848E,굽이치는물결 ex,SR,15,True,KO,OK
CRD_F66B10F9608D4C8CB922,스쿨보이,SR,15,True,KO,OK
CRD_80407B2696CD4C8CA421,리피아 ex,SAR,15,True,KO,OK
CRD_909F8823101A4097BD2D,석탄산 VMAX,RRR,15,True,KO,OK
CRD_60994F0DC5F242CA928F,릴리에의 삐삐 ex,SR,15,True,KO,OK
CRD_24A7755304AF47CF931D,로켓단의 따라큐,AR,15,True,KO,OK
CRD_FC44FE79B6EB46DB8F3F,요가램 ex,RR,15,False,,ORPHAN
CRD_A4182C43172645D6AA8D,아세로라의 장난,SR,15,True,KO,OK
CRD_A8B52849C3C54365B81E,핫삼 VMAX,RRR,15,True,KO,OK
CRD_EBD42C41C2234325941E,무쇠무인 ex,SAR,15,True,KO,OK
CRD_8978E52260A148548BE7,야적 세 자매,HR,15,True,KO,OK
CRD_911E14A963AE45CB944E,저승갓숭 ex,SR,15,True,KO,OK
CRD_7557F5D3856F4AB8BAA7,괴력몬 V,RR,15,True,KO,OK
CRD_721C06FA7E914D659B80,크로뱃 V,RR,15,True,KO,OK
CRD_44313E703A974D358FBF,갑주무사 GX,RR,15,True,KO,OK
CRD_BA7824DD9F5F4039A731,멜론,SR,15,True,KO,OK
CRD_54862537AC0B4A368C5A,제라오라 V,SR,15,True,KO,OK
CRD_30FDE55BA54D445982F5,춤추새 GX,RR,15,True,KO,OK
CRD_C481BCD104FC4D799A10,타로,SR,15,True,KO,OK
CRD_A73E9FF2F0254E999421,페라페,AR,15,True,KO,OK
CRD_32C64F60484E4801A991,메가루카리오 ex,MUR,15,True,KO,OK
CRD_0AFFA16D17C94EF5A677,동탁군 BREAK,RR,15,False,,ORPHAN
CRD_19C1275E8DF647B286BD,무쇠감투 ex,RR,15,True,KO,OK
CRD_5470C871DF3146EB9C6B,카지,SR,15,True,KO,OK
CRD_73D90A06E6DB40DDAA41,드래펄트 ex,SR,15,True,KO,OK
CRD_9B0C05E62D6D4E19B749,깜까미 V,SR,15,True,KO,OK
CRD_21BD8B5DBB024A8FBC30,아머까오 VMAX,RRR,15,True,KO,OK
CRD_397FCA0ECF7D450CB94A,데인저러스 광선,ACE,15,False,,ORPHAN
CRD_AF944BBA321248A08EBC,브리두라스,AR,15,True,KO,OK
CRD_D2329A80F560434D96B2,토게키스,AR,15,True,KO,OK
CRD_6BCC0F7F5E7F4991809F,들눈해,AR,15,True,KO,OK
CRD_C01ECCA4431A44B09D3B,리자몽 ex,RR,15,True,KO,OK
CRD_4BDF5407844B4C4399F9,루기아 GX,SR,15,True,KO,OK
CRD_D48A0477EDAA45118306,망나뇽 VSTAR,HR,15,True,KO,OK
CRD_87046B5ACF6849E9B53F,프리져,AR,15,True,KO,OK
CRD_BA41AC19AAAD4F04B756,투구뿌논 GX,RR,15,True,KO,OK
CRD_DD6F191F02AB496F8456,암스타 BREAK,RR,15,True,KO,OK
CRD_0CB06AA60B6E4470B9A9,인텔리레온,AR,15,True,KO,OK
CRD_9BC7436092C94785A4FC,박사의 연구(주박사),SR,15,True,KO,OK
CRD_5C43B57F41454A238C06,르마탱,SR,15,True,KO,OK
CRD_4326CC9CE8E842FB8F45,벨,SR,15,True,KO,OK
CRD_A1ECFBA4CD8A42679127,또가스,CHR,15,True,KO,OK
CRD_C608BA3853EA42618657,드래피온 V,SR,15,True,KO,OK
CRD_6E69415874774031B60E,마폭시 BREAK,RR,15,True,KO,OK
CRD_0606801AD7A847EF992E,번치코 V,RR,15,True,KO,OK
CRD_2FCEBFB496E94F0CB99B,무한다이노 V,CSR,15,True,KO,OK
CRD_10433F25F9E74294B2FC,전진,SR,15,True,KO,OK
CRD_39462590847A4E32AF5F,아고용 GX,SSR,15,True,KO,OK
CRD_F6D2FC3117BF409384AD,그란돈 EX,RR,15,True,KO,OK
CRD_2BCC60756DD640D68C16,두랄루돈 V,RR,15,True,KO,OK
CRD_47E80B191CA7474EB9E3,큐레무 VMAX,RRR,15,True,KO,OK
CRD_6FBE2AD113B74C719B5B,오르티가,SR,15,True,KO,OK
CRD_13AB6AC593DB41D7A45B,루나아라(프리즘스타),PR,15,True,KO,OK
CRD_DC0886D04B354B469FDB,제르네아스 GX,RR,15,True,KO,OK
CRD_7397558D5108401EB78D,M헤라크로스 EX,RR,15,True,KO,OK
CRD_D7686A2B1F5E439EBB04,삼삼드래 EX,RR,15,False,,ORPHAN
CRD_492147CE938648E78FA2,애프룡 V,SR,15,True,KO,OK
CRD_BE2FA43F663B4D16BA9C,에레키블,AR,15,True,KO,OK
CRD_394561233CE44337BF9C,심보러 GX,SR,15,True,KO,OK
CRD_CA5C4ACA8C0944F9A611,팔데아 켄타로스,AR,15,True,KO,OK
CRD_AB63174A5154445782F6,호브의 우르,AR,15,True,KO,OK
CRD_4CA4DA6436B34162B705,카푸느지느 GX,SR,15,True,KO,OK
CRD_CE735FF66AA14F35A904,샤로다 VSTAR,HR,15,True,KO,OK
CRD_D07CCDD802E949BEB4EE,정상으로 가는 눈길,UR,15,False,,ORPHAN
CRD_170047638AA24C9D8581,솔가레오(프리즘스타),PR,15,True,KO,OK
CRD_D3E4B12ED8094D568982,마기라스 GX,SR,15,True,KO,OK
CRD_44560444D3824BC5BF67,토대부기 ex,RR,15,False,,ORPHAN
CRD_40D95A6077D44FA3A682,비주기의 카리스마,SAR,15,True,KO,OK
CRD_301C4EFCC282412B9BCC,뮤츠 GX,RR,15,True,KO,OK
CRD_35E091475C9840ECB27B,포켓바이털A,ACE,15,False,,ORPHAN
CRD_FC031847FF4E4F8989CC,로켓단의 비주기,SR,15,True,KO,OK
CRD_CC3897BA1A4C4B138E6A,로켓단의 크로뱃 ex,SR,15,True,KO,OK
CRD_454451F04D6E4577B3FC,마기라스 V,RR,15,False,,ORPHAN
CRD_16F1D3F4F75B4E8580A6,바닥트리오,AR,15,True,KO,OK
CRD_DFF8CB13F6C7491C8154,메가앱솔 ex,SR,15,True,KO,OK
CRD_155AE57C6FB44BEF894F,아머까오 V,RR,15,True,KO,OK
CRD_853BCA2D91DC48478D36,쏘콘 ex,RR,15,True,KO,OK
CRD_683F3F874CB848EF94C4,돌핀맨 ex,RR,15,True,KO,OK
CRD_0E1312500C6C4F61A04D,구즈마,SR,15,True,KO,OK
CRD_8CFF71200EEC47DAB5B2,세류,SAR,15,True,KO,OK
CRD_F40170A3F05A4F7ABE38,따라큐 GX,SR,15,True,KO,OK
CRD_BBA44F80E157446F9E8A,귀뚤톡크 V,RR,15,True,KO,OK
CRD_FCAF9FB4219D4D4DB1A0,메가앱솔 ex,RR,15,True,KO,OK
CRD_EEB4000CF829493595C7,아케오스,AR,15,True,KO,OK
CRD_5B85A98483504BD2B701,심향의 칠색조 ex,UR,15,True,KO,OK
CRD_0DB9B4215B8140FAAA2E,앱솔 ex,RR,15,True,KO,OK
CRD_7AC86543E266416EBBF3,오리진 펄기아 V,SR,15,True,KO,OK
CRD_D7410D338CA64CF1BEC4,모토마,AR,15,True,KO,OK
CRD_7677BD40116548CBA138,포켓몬 레인저,SR,15,True,KO,OK
CRD_404917AFA01148F5B7A7,브리두라스 ex,SR,15,True,KO,OK
CRD_10E17E66F341491EB014,조로아크 GX,RR,15,True,KO,OK
CRD_B04BCC71D4004F4F96FC,마기라스 ex,RR,15,True,KO,OK
CRD_12A3B319991E49DDA100,개조해머,UR,15,False,,ORPHAN
CRD_CE6FE97D871C4A218EFD,루가루암 ex,SR,15,True,KO,OK
CRD_67DCCA6B98564C55A6CD,파라블레이즈 ex,SAR,15,True,KO,OK
CRD_D96E0DB78D214574BD54,로즈레이드,CHR,15,True,KO,OK
CRD_8657995A6BC44F5DBF8E,뮤츠 V,RR,15,True,KO,OK
CRD_5C57E2D4DFC8419EAFAA,거북왕 EX,PR,15,True,KO,OK
CRD_36A1599A2C254B9C957E,한카리아스 V,RR,15,True,KO,OK
CRD_6C87482BDBFF4157B5FA,애프룡 VMAX,RRR,15,True,KO,OK
CRD_231D861950D2482F92C0,아머까오 V,SR,15,True,KO,OK
CRD_4D18BFC7F599413EAEA8,카푸꼬꼬꼭 VMAX,RR,15,False,,ORPHAN
CRD_94EF2035A41A4B018525,레포르,SR,15,True,KO,OK
CRD_9445125D59134FE4BE11,메가캥카 ex,RR,15,True,KO,OK
CRD_C1430E514E7A4341B76C,거북왕 GX,RR,15,True,KO,OK
CRD_A3A2A1E4057649CEA59E,나몰빼미&알로라나시 GX,SR,15,True,KO,OK
CRD_95BB14D8C84E44EF9FFB,피죤,AR,15,True,KO,OK
CRD_E393141F815D413DA629,루주라,CHR,15,True,KO,OK
CRD_9FAFB1939CF44F30ACE6,암멍이,CHR,15,True,KO,OK
CRD_64EF736C47ED416EBCDC,리부트 포드,ACE,15,False,,ORPHAN
CRD_945783958D7C43BAA6E9,거북왕 ex,RR,15,True,KO,OK
CRD_6B3CFFBA30BE4DB79C74,N의 조로아크 ex,RR,15,True,KO,OK
CRD_407679EEDAA34799BBA6,실버디 GX,RR,15,True,KO,OK
CRD_9AC0516F5C3E4E83876E,루가루암,AR,15,True,KO,OK
CRD_9622567E2CAF46A69C92,애프룡,AR,15,True,KO,OK
CRD_AE2BFD3AB7764907BA33,악식킹 GX,RR,15,True,KO,OK
CRD_EB7BA018582548A78372,페로코체&매시붕 GX,SR,15,True,KO,OK
CRD_90059D74FBE24DFA83D2,제빈,SAR,15,True,KO,OK
CRD_66AB3EEC58944846BD32,멀레인,SR,15,True,KO,OK
CRD_11D6E395867B46F49FE8,루기아 VSTAR,HR,15,True,KO,OK
CRD_99F9299CDDC74D3E94F5,님피아 V,RR,15,False,,ORPHAN
CRD_64121CF918D94791A1DD,솔가레오 GX,RR,15,True,KO,OK
CRD_710DC79FEA9542A1BD21,잉어킹&고래왕 GX,SR,15,True,KO,OK
CRD_8FB0E39EAB04441DBF55,망나뇽 GX,SR,15,True,KO,OK
CRD_EAEF2BC7191547CEAF83,파비코,AR,15,True,KO,OK
CRD_2075A8C3697B47EDAC26,코일,CHR,15,True,KO,OK
CRD_EFB6E86E4BF24527AD76,투구뿌논 V,RR,15,True,KO,OK
CRD_ABB584CF354344D0820F,팬텀 ex,RR,15,True,KO,OK
CRD_095AFC71458E492189E1,스코빌런,AR,15,True,KO,OK
CRD_FA128DB79B9440E7A6F9,앤테이 V,SAR,15,True,KO,OK
CRD_125EACE4FC044F7B9D44,난천의 한카리아스 ex,RR,15,True,KO,OK
CRD_329E5AFEC48D4C2B8D03,괴력몬 GX,RR,15,True,KO,OK
CRD_98F0514FA4E449CBA343,로켓단의 페르시온 ex,RR,15,True,KO,OK
CRD_238DFF5330E44802A6A3,푸크린 ex,RR,15,True,KO,OK
CRD_D9AD2D4FCCF34C3D93DB,블래키 EX,SR,15,True,KO,OK
CRD_62C30725144E4427BB77,전툴라 ex,RR,15,True,KO,OK
CRD_E32A25B9BB914CFB8D62,카시오페아,SAR,15,True,KO,OK
CRD_B54A04C4DD0844DE9B5E,히드런 VMAX,RRR,15,True,KO,OK
CRD_2D086E56EA5A4353922E,알로라나인테일 GX,SR,15,True,KO,OK
CRD_F2649876E477438F80E1,바오키 VSTAR,SAR,15,True,KO,OK
CRD_F3E837515D0E435AA991,대로트 V,RR,15,True,KO,OK
CRD_77207234896E4180A67D,때때무노,AR,15,True,KO,OK
CRD_BB0C1B7398C4442C965C,카푸나비나 GX,RR,15,True,KO,OK
CRD_C452FDCBD46A43E587EC,가라르 가로막구리,AR,15,True,KO,OK
CRD_4866CB4A4EDF45CABC8E,M후딘 EX,RR,15,True,KO,OK
CRD_CADB1C5818544FB5B778,카푸느지느 GX,RR,15,False,,ORPHAN
CRD_0060AA44D0824398AB42,추명,SR,15,True,KO,OK
CRD_3BE5316F6AED4A72B593,다크라이 GX,SSR,15,True,KO,OK
CRD_913741C2E37A40BAB47F,삼삼드래 ex,RR,15,True,KO,OK
CRD_FE90D7E40EDE45F6B3D5,레시라무&리자몽 GX,RR,15,True,KO,OK
CRD_3F1A4E09C8E142A29BCF,맛보돈,AR,15,True,KO,OK
CRD_CED9A841B7844A47A807,솔가레오 GX,RR,15,False,,ORPHAN
CRD_DFD865A2FA88435EBF11,디아루가 GX,RR,15,True,KO,OK
CRD_38D221213CD04120860A,총지엔 ex,RR,15,True,KO,OK
CRD_95C332448C1748B0AA30,N의 조로아크 ex,SAR,15,True,KO,OK
CRD_51D5975726974B7B8758,트래피더 ex,SAR,15,True,KO,OK
CRD_63B80E0E81474366B192,고디탱,AR,15,True,KO,OK
CRD_7AF195199BBA474DA108,마임맨 GX,RR,15,True,KO,OK
CRD_77C6232A41FC41498955,피죤투 ex,RR,15,False,,ORPHAN
CRD_F2A7696A982E40248FC6,주혜,HR,15,True,KO,OK
CRD_394098D4C4FC4DF5BD67,무청,HR,15,True,KO,OK
CRD_9F16F13DF68C4204B8EF,메가라티아스 ex,RR,15,True,KO,OK
CRD_3A1614A1D6F443708387,수댕이,AR,15,True,KO,OK
CRD_CEAA3C84AF6D4EE4B6F1,음번 V,SR,15,True,KO,OK
CRD_A6097CD29C7E4A2C9ACE,보스의 지령(태홍),SR,15,True,KO,OK
CRD_A82C4C53C3004C17A955,레지드래고 VSTAR,RRR,15,True,KO,OK
CRD_A6A3C2C26F2F4464B076,요가램 V,RR,15,False,,ORPHAN
CRD_B28E6145CF994B09905F,로켓단의 파이어 ex,SAR,15,True,KO,OK
CRD_3E8A50AC63BE422598F2,전툴라,AR,15,True,KO,OK
CRD_C59C1E27D70941A983D2,차오꿀,AR,15,True,KO,OK
CRD_C31F1E43A61B4EC79EA3,쿡,SR,15,True,KO,OK
CRD_4D2AB79A057148E8BE39,엘레이드 EX,PR,15,True,KO,OK
CRD_DB83835D9CEC4025A0CC,루가루암 VMAX,RRR,15,True,KO,OK
CRD_79944D97ECE040D19022,메가자리 ex,RR,15,True,KO,OK
CRD_6FAA2DCA23D240FBBABF,세레비&이상해꽃 GX,RR,15,True,KO,OK
CRD_8FAAD56862D840F2A5DC,요테리,AR,15,True,KO,OK
CRD_A6609DDDF77E43BEBF21,심향의 모험,SAR,15,True,KO,OK
CRD_1AFBAC5E15DA4DBFB50A,아라리,AR,15,True,KO,OK
CRD_F24F4B7A40724DC2856C,대왕끼리동 VMAX,RRR,15,True,KO,OK
CRD_CC7458EF5365429CB168,괴력몬 V,SR,15,True,KO,OK
CRD_A63442582F7F4F8BABC9,볼케니온(프리즘스타),PR,15,True,KO,OK
CRD_121C03E944C44190B954,히드런 GX,SR,15,True,KO,OK
CRD_FFEB4B8D7D704A0DA7BA,이올브 V,RR,15,True,KO,OK
CRD_3D5EDF548DF943ACAADD,데덴네 GX,RR,15,True,KO,OK
CRD_12014650482C4314AA47,파비코리 GX,SR,15,True,KO,OK
CRD_C5B6D61127B741B3926B,아보크,AR,15,True,KO,OK
CRD_147D2B78F8B043E3BB91,루기아 V,SR,15,True,KO,OK
CRD_DCC8CEBEBF3C4B9D88E0,레오꼬,AR,15,True,KO,OK
CRD_1A905AD1C8F14E1B9C83,후딘 ex,RR,15,True,KO,OK
CRD_4156299E17D24C468D3E,명희,SR,15,True,KO,OK
CRD_8C29A0179FEA494EACAF,파비코리 ex,RR,15,True,KO,OK
CRD_2673A337A01243339EC5,악식킹 GX,SSR,15,True,KO,OK
CRD_1A2040BEE94E4AB1AFAE,쥬레곤,AR,15,True,KO,OK
CRD_ACB8A5DF94244A189395,메가라티아스 ex,SR,15,True,KO,OK
CRD_AF8F92C88D0B402AAEA9,래비풋,AR,15,True,KO,OK
CRD_75B006ABADD148E0A5BB,가디안 GX,SR,15,True,KO,OK
CRD_3EE555CE8FCD4C4CA1C9,피카츄,CHR,15,True,KO,OK
CRD_35EE24460EF04D369914,대로트 V,RR,15,False,,ORPHAN
CRD_DEC2C78B5DB543BFBB57,모단단게 V,RR,15,False,,ORPHAN
CRD_2BE0C7968F004557B9AB,자포코일 VSTAR,RRR,15,True,KO,OK
CRD_FD62873FBC9D4EB08441,다크패치,UR,15,False,,ORPHAN
CRD_3ADB55F70EE445AF8F86,라프라스 ex,RR,15,True,KO,OK
CRD_25B97585CC304F538181,잉어킹&고래왕 GX,SR,15,True,KO,OK
CRD_5F01EFF37F2B4265ACDD,줄뮤마,AR,15,True,KO,OK
CRD_D69C2C88C4594015B09D,웨이니발 ex,UR,15,True,KO,OK
CRD_F95BEA7A5720433E9FDF,풍란,SR,15,True,KO,OK
CRD_1DF3BDE764954B38BA78,폭거북스 GX,RR,15,True,KO,OK
CRD_FE2362DA8BC245B88CB2,리피아 GX,SSR,15,True,KO,OK
CRD_E72D415657964CCC8728,크세로시키의 속셈,SR,15,True,KO,OK
CRD_8EAA19E6FCD243AC89C9,대로트 VMAX,RRR,15,True,KO,OK
CRD_3FA675F84C674401A71D,마자용 V,RR,15,True,KO,OK
CRD_2D0FDD0C77AF4176BAA2,신비록 V,SR,15,True,KO,OK
CRD_F52BF6D27A264EE6A684,따라큐,CHR,15,True,KO,OK
CRD_FF43D0C9318B45C5AAE4,후파 V,RR,15,True,KO,OK
CRD_4549B35197074BE18BA7,우락고래 ex,SR,15,True,KO,OK
CRD_50821B0A1B1544889F09,눈쓰개,AR,15,True,KO,OK
CRD_0099D36F822141DF8467,체렌,PR,15,True,KO,OK
CRD_B345C0800CFB40D28BD7,님피아 V,CSR,15,True,KO,OK
CRD_28FD2B5F4CE248369764,히스이 조로아크 VSTAR,RRR,15,True,KO,OK
CRD_35A856F18BEB432BABEC,멜로코,SR,15,True,KO,OK
CRD_194B5562B1004DE38384,메가자리 ex,RR,15,False,,ORPHAN
CRD_79249DEC98634364B4D5,시유,SR,15,True,KO,OK
CRD_BACA0ED67D664015A669,바닐프티,AR,15,True,KO,OK
CRD_F42BA8F04DBE4AD9A8D0,망나뇽 V,RR,15,True,KO,OK
CRD_F3810D112236407E9EE6,히스이 조로아크 VSTAR,HR,15,True,KO,OK
CRD_49A64C751A444FF7B85C,메타그로스 V,RR,15,True,KO,OK
CRD_C0B9156965764BADB0C5,레시라무&리자몽 GX,SR,15,True,KO,OK
CRD_EE1FFF9039E742F39F0C,M썬더볼트 EX,RR,15,True,KO,OK
CRD_D07E561E30914540AD43,자포코일 V,RR,15,True,KO,OK
CRD_ED288851F086475EA920,로켓단의 크로뱃 ex,RR,15,False,,ORPHAN
CRD_16FAD83BCF8E45DD9103,네오라이트 V,RR,15,True,KO,OK
CRD_AFA58124FB544024A66D,복숭악동 ex,RR,15,False,,ORPHAN
CRD_EACBE2D928F948BD8911,마피티프,AR,15,True,KO,OK
CRD_6D79DA4384654ADFAD71,무쇠감투 ex,SR,15,True,KO,OK
CRD_8EAA7B44C7824D55BBAE,어치르돈 V,RR,15,False,,ORPHAN
CRD_6A0E78B2E87B4CA88D98,가디안 ex,SSR,15,True,KO,OK
CRD_0DF9D911B2F24858BFB0,파쪼옥,AR,15,True,KO,OK
CRD_FF698E3711E2487B8D9F,새 조련사,SR,15,True,KO,OK
CRD_274ED0D22EC54F229DAE,포켓몬 브리더,SR,15,True,KO,OK
CRD_F4CC4CC6C54B4E6CBDB6,뉴트럴센터,ACE,15,False,,ORPHAN
CRD_80AC3B98336D4FD0B14A,워글,AR,15,True,KO,OK
CRD_E09FFF926F714D9E8A49,리피아 VSTAR,RRR,15,True,KO,OK
CRD_029907DF1DDC4963B94E,달막화,AR,15,True,KO,OK
CRD_8C3914BBF6F44AEA9A9F,칠색조 GX,SSR,15,True,KO,OK
CRD_A89A6F539FAC4AC7ADA2,무쇠무인 ex,SR,15,True,KO,OK
CRD_0ECD6C0FE58E4A16B3F9,파이팅공,SR,15,False,,ORPHAN
CRD_EF1CC5F52E9348CE945A,해피너스 V,RR,15,False,,ORPHAN
CRD_84630510CDEC47779B56,무우마직 ex,RR,15,True,KO,OK
CRD_4DD11310DD574B5BAF64,마셰이드,AR,15,True,KO,OK
CRD_274FD14AB17940EB8528,골루그 V,SR,15,True,KO,OK
CRD_CF7FB771410741039C30,안농 V,SR,15,True,KO,OK
CRD_010A7FF3B3854654B6A1,네크로즈마 새벽의 날개 GX,SR,15,True,KO,OK
CRD_BF3A1B446C904A87A04D,따라큐 V,RR,15,False,,ORPHAN
CRD_6692FF0A37A7473AAF6B,뮤 V,RR,15,True,KO,OK
CRD_4E3E41E9A3494482BEB7,메가시그널,SR,15,False,,ORPHAN
CRD_5D04471E96A84B7CB7F4,디아루가 GX,RR,15,True,KO,OK
CRD_ED7FC873824141D1A60B,프라임 캐처,ACE,15,False,,ORPHAN
CRD_8D68F827F9B2481DA5FB,루카리오 EX,RR,15,True,KO,OK
CRD_A9C9A530BD584DDBB671,아마루르가 EX,PR,15,True,KO,OK
CRD_B1266853754742B9AC64,릴리에의 삐삐 ex,RR,15,True,KO,OK
CRD_54122CD2AC754C009580,쉐이미,AR,15,True,KO,OK
CRD_C932B86214B443F7BF18,N의 방안,SAR,15,True,KO,OK
CRD_5E895F7B727041EDBF10,노고고치 ex,RR,15,False,,ORPHAN
CRD_94CA0CA240FE402D833F,보스의 지령(플라드리),SR,15,True,KO,OK
CRD_808986BE4AB54625B5D4,메로엣타 ex,SR,15,True,KO,OK
CRD_C12CF65370894C5581E4,스컹탱크 V,SR,15,True,KO,OK
CRD_02FBE86D930D4D10A90C,마폭시 V,RR,15,True,KO,OK
CRD_18D57DF71D81408584B5,포켓몬센터 직원,SR,15,True,KO,OK
CRD_55898EBD2BED48EF8C39,바랜드 V,RR,15,False,,ORPHAN
CRD_1E2EB300CA564DADA074,마휘핑 V,SR,15,True,KO,OK
CRD_FE67CA965F3142E49547,팔데아 토오 ex,SSR,15,True,KO,OK
CRD_ADE314545C9C40C2BE9D,팔데아 토오 ex,SR,15,True,KO,OK
CRD_B3798231C06C4CAB97AF,제라오라 VMAX [다이맥스],SAR,15,True,KO,OK
CRD_5CDC6F885194428BADB1,에레키블 ex,SR,15,True,KO,OK
CRD_E270BF60AB854ADFAA6C,블래키 ex,RR,15,False,,ORPHAN
CRD_4C0F021D6C8D4B2C95BD,망나뇽 GX,RR,15,True,KO,OK
CRD_59D948D23D9B4A8997F2,메가디안시 ex,SAR,15,True,KO,OK
CRD_7457BA11C1D9436DAEED,제크로무,CHR,15,True,KO,OK
CRD_A46CF82C32F04EE6BB52,아고용 GX,RR,15,True,KO,OK
CRD_439C86F598EA473882CC,솔록,AR,15,True,KO,OK
CRD_866697DBC93748BB918F,해골몽,AR,15,True,KO,OK
CRD_B9E026BC3DF546909368,웨이니발 ex,RR,15,True,KO,OK
CRD_D80CF1FA048C431C9F66,글라이온,HR,15,True,KO,OK
CRD_36F3273DC7014993855A,네크로즈마 황혼의 갈기 GX,RR,15,True,KO,OK
CRD_5AFD5F4B7631458284E9,오엽,SR,15,True,KO,OK
CRD_C6A1E00432684413B13B,큐레무 V,SR,15,True,KO,OK
CRD_DBE60BCF0CB84E448F6C,포켓몬 회수 사이클론,ACE,15,False,,ORPHAN
CRD_3E9E5C6840D049589B84,모란,SR,15,True,KO,OK
CRD_0236FAB9C7144005ABC7,라임,SR,15,True,KO,OK
CRD_C0757BA5FDB846169FFD,뽀삐,SAR,15,True,KO,OK
CRD_212812EDFC95434E96EE,노공룡,AR,15,True,KO,OK
CRD_A7F47D7A90F24520988F,심향의 칠색조 ex,RR,15,True,KO,OK
CRD_0FF5866665394D78AEEA,가디안,CHR,15,True,KO,OK
CRD_56BC4E58C5934A90B2F1,버터플 VMAX,RRR,15,True,KO,OK
CRD_726F592D695C48E8837F,아고용&악식킹 GX,RR,15,True,KO,OK
CRD_D82F080A60144D05A9D5,이야후 ex,SR,15,True,KO,OK
CRD_DD06C8FFD2E54F1D8E3A,기로치 ex,SAR,15,True,KO,OK
CRD_8AFB1352B9D64F18AFDD,데스마스,AR,15,True,KO,OK
CRD_4B1E14482DF6442A8088,뮤츠 EX,PR,15,True,KO,OK
CRD_50907E2F804C48AEA846,이벨타르 GX,RR,15,True,KO,OK
CRD_3FF1314B8C744C4087FA,시유,SAR,15,True,KO,OK
CRD_22BC9BEDDB4B49D88171,가라르 가로막구리,CHR,15,True,KO,OK
CRD_E0F3C75EE01E479C9004,왕자리,AR,15,True,KO,OK
CRD_E1885E2AE59048FFA835,파비코리 EX,SR,15,True,KO,OK
CRD_5F7760C6F9C843AFBC32,오거폰 우물의 가면 ex,SAR,15,True,KO,OK
CRD_05D7F2E3587346D5BC44,토게키스 V,SR,15,True,KO,OK
CRD_EB1A8BB5303F41F8BA2A,프테라 V,RR,15,True,KO,OK
CRD_50C0DEEAB02B452683DA,수철,SR,15,True,KO,OK
CRD_C8EE67358FA34E24ADA8,무너진 스타디움,UR,15,False,,ORPHAN
CRD_08E2001528D84351A367,가라르 프리져 V,RR,15,True,KO,OK
CRD_E7759AA33E7B4CA9AE03,피카츄 VMAX,RRR,15,True,KO,OK
CRD_C5AAC2405EE34F249A43,오거폰 우물의 가면 ex,RR,15,True,KO,OK
CRD_422F8452B1C741639603,위대한엄니 ex,SAR,15,True,KO,OK
CRD_26B8AD9FA6554601A3B7,뮤츠 GX,SSR,15,True,KO,OK
CRD_A1C7157798ED424092D7,무쇠감투 ex,RR,15,False,,ORPHAN
CRD_AE113DCC3BAE4D84AB6A,뮤츠 GX,SR,15,True,KO,OK
CRD_D57859CD4BA84DEEBC5A,루카리오 VSTAR,SAR,15,True,KO,OK
CRD_93D36BC983F24BABBFD1,벰크 BREAK,PR,15,True,KO,OK
CRD_3AD11F4FC02E4D89B3FA,펄스멍 V,SR,15,True,KO,OK
CRD_EBE8945758B043ACB73E,사다이사 V,SR,15,True,KO,OK
CRD_E930F6192B8A47DA8248,카푸브루루 GX,SR,15,True,KO,OK
CRD_D7065DC67F244D799293,테라파고스 ex,RR,15,True,KO,OK
CRD_80CC23120E2641A6A83F,어흥염 ex,RR,15,False,,ORPHAN
CRD_630A12E88A2C405CB9F3,지가르데 GX,SSR,15,True,KO,OK
CRD_8B7637F128294F9EB800,피카츄&제크로무 GX,SR,15,True,KO,OK
CRD_3BD22AE03D484B308C7E,게노세크트 ex,RR,15,True,KO,OK
CRD_135EC26698D0487B9383,총지엔 ex,RR,15,True,KO,OK
CRD_2CABD12EE5B74135858E,웨이니발 ex,SR,15,True,KO,OK
CRD_EA6C638A5EAE4EE0996B,메가샤크니아 ex,SAR,15,True,KO,OK
CRD_81D1A443CB7D4C37840B,루카리오 GX,SR,15,True,KO,OK
CRD_81B29653F5524988BEF1,아쿠스타 V,RR,15,True,KO,OK
CRD_B48D14CE62334F79A190,자크로,SAR,15,True,KO,OK
CRD_3BEF85BDD3334AB1B674,위유이 ex,UR,15,True,KO,OK
CRD_57CF7BA35A2F4108A971,토게데마루,AR,15,True,KO,OK
CRD_2F3643AC21E84F689C43,쉐이미 EX,RR,15,True,KO,OK
CRD_B158EA20CC184AF1B925,메가깜까미&마기라스 GX,SR,15,True,KO,OK
CRD_C512FB10DEBE4D3A9245,솔가레오 GX,RR,15,True,KO,OK
CRD_2CC63A0C3FDE4901A41B,모노두,AR,15,True,KO,OK
CRD_53EAEC16A2AC449B842F,메가눈여아 ex,RR,15,True,KO,OK
CRD_9DC636DE48A4462F93A8,오거폰 우물의 가면 ex,SR,15,True,KO,OK
CRD_5D48C69399A74C799C12,무쇠잎새 ex,SR,15,True,KO,OK
CRD_F30AEC33313345B18B06,아킬,SR,15,True,KO,OK
CRD_F4F401D1179242EE80AA,핸섬,SR,15,True,KO,OK
CRD_CA5B1279C7ED42C78594,라프라스 VMAX,SSR,15,True,KO,OK
CRD_1C7DCAE87E334BB2AA8B,히드런 V,RR,15,True,KO,OK
CRD_5F1E0C24C1C64F5FB49E,세레비&이상해꽃 GX,SR,15,True,KO,OK
CRD_535F50E9DD9145CFB167,개굴닌자 GX,RR,15,True,KO,OK
CRD_D72656DA4933473F917C,이브이 ex,RR,15,False,,ORPHAN
CRD_64AF5808BBFB437AAAD3,블래키&다크라이 GX,SR,15,True,KO,OK
CRD_19B52BB682954C4DB699,루기아 V,RR,15,True,KO,OK
CRD_AF3164F375854354B2F4,케르디오 ex,SAR,15,True,KO,OK
CRD_54EB8FDFE84741599C5A,딱구리 ex,SR,15,True,KO,OK
CRD_608AF077FAB548EA89BD,볼케니온 V,RR,15,True,KO,OK
CRD_F2BB08F94D9C4C81B74E,피죤투 ex,RR,15,False,,ORPHAN
CRD_D80851B52D9A43F59EF6,갸라도스 ex,RR,15,True,KO,OK
CRD_B270EBD54E8C47AF8BA8,주혜,SAR,15,True,KO,OK
CRD_FDBA381E42DC4D1BAE86,레지기가스 VSTAR,SAR,15,True,KO,OK
CRD_19FA15073BE646958D35,코바르온 GX,RR,15,True,KO,OK
CRD_1E02FB124E934CF8AE0F,꼬지보리,AR,15,True,KO,OK
CRD_4C12E5F0808C4CD8A09F,히스이 드레디어 VSTAR,HR,15,True,KO,OK
CRD_865DA476A29E409CBAA1,일격 우라오스 V,CSR,15,True,KO,OK
CRD_36C025F4B7F545C0814D,마스터드 일격의 태세,SR,15,True,KO,OK
CRD_8B8752AF245546B9B4E2,강철톤,CHR,15,True,KO,OK
CRD_F02E1EB24B864CCCB328,아고용 GX,RR,15,True,KO,OK
CRD_75F716B7F446495680CA,기라티나 V,SR,15,True,KO,OK
CRD_68AFBE59B0D944A69E33,해피너스 V,CSR,15,True,KO,OK
CRD_954796060C7F45978CE6,가디안 ex,RR,15,True,KO,OK
CRD_1BA92AE483D3487E9AD9,레지락 ex,SR,15,True,KO,OK
CRD_39388984E7E045A1B1DA,칼라마네로 V,SR,15,True,KO,OK
CRD_A0A34021C9D745B4A3EF,강석,SR,15,True,KO,OK
CRD_AA70617DE38A4AB8A0AC,줄뮤마,AR,15,True,KO,OK
CRD_331B23CD1B3542C09584,피카츄&제크로무 GX,SR,15,True,KO,OK
CRD_F4AB8722DDB74A15A654,램프라,AR,15,True,KO,OK
CRD_A914FCD3FCD847BFA351,히스이 드레디어 V,SR,15,True,KO,OK
CRD_59976B37A8E84CBF8304,빛나,SR,15,True,KO,OK
CRD_D1177926ABA14B70B4E9,번치코 V,RR,15,True,KO,OK
CRD_73E5E12743E44600A13C,엘레이드 V,RR,15,True,KO,OK
CRD_CA30FFDBDA9E4F959E75,수철,HR,15,True,KO,OK
CRD_0E12AB50D23D4953B0AF,꿈트렁,AR,15,True,KO,OK
CRD_8E26CAF93B2D45FE870C,무한다이노 V,SR,15,True,KO,OK
CRD_4BF74DA1A517491DB6F7,저리어,AR,15,True,KO,OK
CRD_069F642A156B4536B125,유리나팔,SR,15,False,,ORPHAN
CRD_7014E3576D824D92AD07,펄스멍 V,SR,15,True,KO,OK
CRD_16CF32D4C1234DB68301,어흥염 GX,SR,15,True,KO,OK
CRD_EED352CAE96C4D95B2C9,개굴닌자 GX,SR,15,True,KO,OK
CRD_78E5DA336CD0436C9170,네오라이트 V,RR,15,False,,ORPHAN
CRD_22A6C07D45A04AADBA89,히스이 미끄래곤 VSTAR,HR,15,True,KO,OK
CRD_AE252DCBF6FA4506ACCD,메가샤크니아 ex,RR,15,True,KO,OK
CRD_1095F9AF338D45BD8BCC,인텔리레온 V,RR,15,True,KO,OK
CRD_33E384F099914BF89170,비파,SR,15,True,KO,OK
CRD_8ED47CA7E8F5408B9A04,텅비드 GX,RR,15,True,KO,OK
CRD_A99D593C22354D17A334,메가눈설왕 ex,RR,15,True,KO,OK
CRD_AF75DCD7E11042F68065,디아루가 GX,SR,15,True,KO,OK
CRD_9901D08249144F58A8BC,무쇠바퀴 ex,RR,15,True,KO,OK
CRD_E5C703C11C0E4FC2AA91,뮤,AR,15,True,KO,OK
CRD_F74DCD4030904CDE95D4,원규,SR,15,True,KO,OK
CRD_4D1DBE122AB04EE8AB19,무쇠감투 ex,SAR,15,True,KO,OK
CRD_C21B5D38B82C454CBA6D,거북왕 GX,SR,15,True,KO,OK
CRD_EE55E1B7C5F4493BA18C,카푸꼬꼬꼭 GX,RR,15,False,,ORPHAN
CRD_2A6241DAD8844867AA49,활화르바,AR,15,True,KO,OK
CRD_E775D88E4E3048DFB1F1,아로마 아가씨,SR,15,True,KO,OK
CRD_21CE4716EFF648768118,드래펄트 ex,RR,15,True,KO,OK
CRD_3CABC0377B7C4F4BA3A7,무쇠암석 ex,RR,15,True,KO,OK
CRD_07C8867477114A5E9490,랄토스,AR,15,True,KO,OK
CRD_0AB4A2D2E3654FD69744,채두,SR,15,True,KO,OK
CRD_48EDE9764E334AFE8D60,스파크,HR,15,True,KO,OK
CRD_9C7F4366DF8340318937,리자몽,H,15,False,,ORPHAN
CRD_B974BC191042453495AE,부르르룸 ex,SR,15,True,KO,OK
CRD_D434D4DB501B4AF68A68,두파팡 GX,RR,15,True,KO,OK
CRD_69FF1CDC2254489A8E2D,쏘콘 ex,RR,15,True,KO,OK
CRD_BEB0E75C862E4647B482,후딘 V,RR,15,True,KO,OK
CRD_608F4EEEECE54A96A007,바라철록,AR,15,True,KO,OK
CRD_9AE5A1FC390341C7B8B0,다크라이 GX,RR,15,False,,ORPHAN
CRD_4AC772DA06674B6BBCD3,전지충이,AR,15,True,KO,OK
CRD_89C3A6311F30458ABBDA,풍란,SR,15,True,KO,OK
CRD_C5DD719E8CEF486891DB,대왕끼리동 V,SR,15,True,KO,OK
CRD_3FA487AFC9CD43388FA7,고릴타 V,SR,15,True,KO,OK
CRD_7A000CCE7DCA4B44B198,포푸니라,CHR,15,True,KO,OK
CRD_93B336450FE341B4AC0E,큐레무 ex,SR,15,True,KO,OK
CRD_7341FC41F0D143948B61,잠만보 GX,SM-P,15,True,KO,OK
CRD_D0DC8DD763A74B918833,청목,SR,15,True,KO,OK
CRD_BA09E1E2876D4AF9A7EC,겟핸보숭,AR,15,True,KO,OK
CRD_68701C3E4E4942B29F01,킬가르도 VMAX,RRR,15,True,KO,OK
CRD_7EA2A978F4084F7B8C2F,레시라무 GX,SR,15,True,KO,OK
CRD_C73541F8726F4E58B333,테오키스 VMAX [다이맥스],SAR,15,True,KO,OK
CRD_7472D09449364F81AB38,후파 V,SR,15,True,KO,OK
CRD_6E77943864C749F5B25A,메가디안시 ex,MA,15,True,KO,OK
CRD_F03763FBF2254275956B,M썬더볼트 EX,RR,15,True,KO,OK
CRD_A96D274688FA4B04A973,마기라스 ex,SR,15,True,KO,OK
CRD_F9A376E8D1EA497EABA5,아고용&악식킹 GX,SR,15,True,KO,OK
CRD_B644812335694B979583,메가샤크니아 ex,SR,15,True,KO,OK
CRD_A5F25924018C43CC8092,펄스멍 V,RR,15,False,,ORPHAN
CRD_B18DDE8C20D645DDA16E,페퍼의 마피티프 ex,SAR,15,True,KO,OK
CRD_FD9334E6BCA74689AECC,월로,SR,15,True,KO,OK
CRD_56AEEC243AFF49348A6E,대왕끼리동 ex,RR,15,True,KO,OK
CRD_5148B33EFB2449B1B0BA,파라솔 아가씨,SR,15,True,KO,OK
CRD_7EFD5641401A41AC9D8D,펄기아 GX,SR,15,True,KO,OK
CRD_892B2014015549E5812F,메가저리더프 ex,SAR,15,True,KO,OK
CRD_FA2D897E8D2644E2BDF3,아이앤트,AR,15,True,KO,OK
CRD_5034E9197BEF4694BCDE,일격 우라오스 VMAX,CSR,15,True,KO,OK
CRD_297BD701806B4583B02D,헬가,AR,15,True,KO,OK
CRD_B71401CE4CBA4FD5914C,슈바르고,AR,15,True,KO,OK
CRD_5DF12C9B3FCC471D90BA,가라르 나이킹 V,SR,15,True,KO,OK
CRD_8BA748C4806747F79E7C,볼케니온 ex,RR,15,False,,ORPHAN
CRD_ADDA9BA348B94DC28ED6,누룩스시티,UR,15,False,,ORPHAN
CRD_68DB6AC7C4BB4ACD92ED,N의 레시라무,AR,15,True,KO,OK
CRD_3A9BC04410714B2ABFF2,메타그로스,AR,15,True,KO,OK
CRD_3446ADE0F7424C998BED,엘풍 GX,RR,15,True,KO,OK
CRD_567E3EA66DF544DA9814,수련의 돌봄,SAR,15,True,KO,OK
CRD_6D3728BAC7354E489BA7,멜로코,SAR,15,True,KO,OK
CRD_995C2B2D683845B693C1,돌헨진 V,RR,15,True,KO,OK
CRD_1E87A3A1183343468691,브리무음 VMAX [거다이맥스],SAR,15,True,KO,OK
CRD_2BD596750DCC46F5BF44,달코퀸 ex,SR,15,True,KO,OK
CRD_58CE2CBBA7CE487B8628,악식킹 GX,RR,15,True,KO,OK
CRD_C3D5C7ACD33641D0A03D,배틀 콜로세움,SR,15,False,,ORPHAN
CRD_2C4C0A40740543B09035,돌핀맨,AR,15,True,KO,OK
CRD_DDCF9A4843654499A109,타만타,AR,15,True,KO,OK
CRD_5FF7C03BB99345278E5E,에이스번 VMAX,RRR,15,True,KO,OK
CRD_1019C2CFB1EE47139FD8,찌리배리,AR,15,True,KO,OK
CRD_1F99E5B3C0D24E77A6E3,무쇠머리,AR,15,True,KO,OK
CRD_164F19FE7E4746EEA25C,메가썬더볼트 ex,RR,15,True,KO,OK
CRD_2FA1805FDEA84161ABE3,껍질몬,AR,15,True,KO,OK
CRD_2C78DB6891D243219B2F,비퀸 ex,SR,15,True,KO,OK
CRD_6B89BCF215104ABCA86A,샤미드 EX,PR,15,True,KO,OK
CRD_AD847DF3679D4F45A446,가라르 불비달마 V,RR,15,True,KO,OK
CRD_238E85F07B63450BB517,무쇠손 ex,SAR,15,True,KO,OK
CRD_B2B243175D8E4033A33F,샹델라 V,SR,15,True,KO,OK
CRD_DD8827F892AE449986D4,파오젠 ex,RR,15,True,KO,OK
CRD_AA4B50E788B247089DA6,거북왕&팽도리 GX,SR,15,True,KO,OK
CRD_E942132314EF46888CF0,프리져 GX,RR,15,True,KO,OK
CRD_6D101670C47A4618BA64,무쇠암석 ex,UR,15,True,KO,OK
CRD_FE47117BF3F441FEA5A6,리자몽 GX,SR,15,True,KO,OK
CRD_E35983B2ADA24AC889C1,찬석의 활기,SR,15,True,KO,OK
CRD_401FD6071DA84BD28DBD,가디안 ex,SR,15,True,KO,OK
CRD_27DC42C3D270417B9335,님피아 VMAX,RR,15,True,KO,OK
CRD_B38781B3110941E9A3DA,한카리아스&기라티나 GX,RR,15,True,KO,OK
CRD_9A44D06692124A76B84D,크로뱃 V,RR,15,True,KO,OK
CRD_DD0DF5ACA37B41DF8B8C,날개치는머리,AR,15,True,KO,OK
CRD_D3439179FAEB461CA903,코르니의 기합,SR,15,True,KO,OK
CRD_CB69C20D58AF4D51A9AF,번치코 EX,PR,15,True,KO,OK
CRD_C84E53788D884322B54B,짜랑고우거 GX,RR,15,True,KO,OK
CRD_05EA83500DDE4FE39A00,딱정곤,AR,15,True,KO,OK
CRD_069D993EF5274D81B98E,오거폰 벽록의 가면 ex,RR,15,True,KO,OK
CRD_F2780FF8888D4EC99BCC,메가캥카 ex,SR,15,True,KO,OK
CRD_EA3CF1FA1069431480A0,규리의 눈빛,SR,15,True,KO,OK
CRD_D9F3370BA1BE476D89E2,프리지오,AR,15,True,KO,OK
CRD_403F30AD7CEB4458A3BA,유리카,SR,15,True,KO,OK
CRD_4828E06D60BD439AB3E4,노고고치 ex,SR,15,True,KO,OK
CRD_3BE8944EE0F7456FBD5A,도나리 GX,RR,15,True,KO,OK
CRD_59F6DAA62F9D4244976D,이브이 GX,SR,15,True,KO,OK
CRD_CD533CB08B8E4E75BD7E,염뉴트 GX,RR,15,True,KO,OK
CRD_413FD0336AAA480DAA38,루카리오&멜메탈 GX,SR,15,True,KO,OK
CRD_C6A45AC1265148B69725,M후딘 EX,RR,15,True,KO,OK
CRD_67500D676E7A49D1928A,리카,SR,15,True,KO,OK
CRD_52F68E4F10704A3FB529,알로라 식스테일 VSTAR,RRR,15,True,KO,OK
CRD_19171E29E9D34C17A9BF,네크로즈마 황혼의 갈기 GX,RR,15,True,KO,OK
CRD_43D855425B824A7DAA12,나로테,AR,15,True,KO,OK
CRD_75E352E7A1BF4AD3A0CF,프리져 GX,SSR,15,True,KO,OK
CRD_ECF4D706A0EC47988C66,글라디오,SR,15,True,KO,OK
CRD_3576401DFBC547F4B584,지가르데 EX,RR,15,False,,ORPHAN
CRD_798B992F69334701BDF2,단단지 GX,RR,15,True,KO,OK
CRD_F0E60A047F1142A5AF30,위유이 ex,SAR,15,True,KO,OK
CRD_4007297FF83B46EF9175,디안시 EX,PR,15,True,KO,OK
CRD_96D925F04AA34FDBB8F1,육파리 ex,SSR,15,True,KO,OK
CRD_F90501BB1ECA45259FE2,리자몽 VSTAR,RRR,15,True,KO,OK
CRD_C74290D9A640465F8C18,엠페르트 V,SR,15,True,KO,OK
CRD_CF7C7828EFFC49579A10,유채의 활기,HR,15,True,KO,OK
CRD_8A3F004027634756AA94,대왕끼리동 ex,SR,15,True,KO,OK
CRD_0F7BC33D863F44F7AA78,오리진 펄기아 V,SR,15,True,KO,OK
CRD_4B11473ECD9245248564,하데리어,AR,15,True,KO,OK
CRD_190E3B946C714D6CBFCD,샤로다 ex,SAR,15,True,KO,OK
CRD_68ACF9F3119E4D75BABA,메가루차불 ex,RR,15,True,KO,OK
CRD_17100EE1F714421CA51C,핫삼 ex,RR,15,False,,ORPHAN
CRD_FE519E8935A64B4F9C41,배우르 V,RR,15,True,KO,OK
CRD_79A7AA5045634FCAAE44,로즈,SR,15,True,KO,OK
CRD_62A6B9CDD727412080D2,가라르의 동료들,SR,15,True,KO,OK
CRD_C89D33E80FC541129360,플라드리,SR,15,True,KO,OK
CRD_EEC58A640DC4464EAF59,이야후 ex,RR,15,True,KO,OK
CRD_6396E1AD59084F64A801,딩루 ex,SAR,15,True,KO,OK
CRD_52F60B81183042E68553,아고용 GX,SR,15,True,KO,OK
CRD_830056EB54D14AF28E1A,무쇠감투 ex,SAR,15,True,KO,OK
CRD_DDED4EDE29E446F7B0C3,릴리에,SR,15,True,KO,OK
CRD_78C8EBD5445449F38745,자포코일 VSTAR,HR,15,True,KO,OK
CRD_DD9456F36A4A40BFBA2C,뽀록나,AR,15,True,KO,OK
CRD_E71149545CE345E28C39,요가램 ex,RR,15,True,KO,OK
CRD_01AD02026ECC4FEDBF4F,이상해꽃 EX,PR,15,True,KO,OK
CRD_80D85D7E34F6498CA2BB,과사삭벌레,AR,15,True,KO,OK
CRD_243B025EA81342949B2D,피카츄,PR,15,True,KO,OK
CRD_304D28B61C7F409C86A4,이상해씨,AR,15,True,KO,OK
CRD_57BFC803754F499E82F0,모래털가죽 ex,RR,15,True,KO,OK
CRD_549320962C484F599EC6,카푸나비나 GX,RR,15,True,KO,OK
CRD_E7395C5E013648CCB64B,땅을기는날개,AR,15,True,KO,OK
CRD_716841C8EA25435BA3A7,번치코 V,CSR,15,True,KO,OK
CRD_3099C7E0FF07461FA926,메가저리더프 ex,RR,15,True,KO,OK
CRD_956D4472B05C4FCF9992,뮤,SM-P,15,True,KO,OK
CRD_EF5C5CC933FE4D72BAF1,으랏차,AR,15,True,KO,OK
CRD_9F8E15C89ACC4214A5CF,히스이 포푸니크 V,SR,15,True,KO,OK
CRD_F7BCF5E1535E4E9C8BBE,콜로솔트,AR,15,True,KO,OK
CRD_294D19F698F24BE39387,나무킹 EX,RR,15,True,KO,OK
CRD_F9792A29F11F4A35AF80,릴리에의 에리본,AR,15,True,KO,OK
CRD_DB63CA7CA3E74E61A7ED,보만다 V,RR,15,True,KO,OK
CRD_448903DEA445481396DD,화염레오,AR,15,True,KO,OK
CRD_5E50FAE179C84F9C8755,대여르,CHR,15,True,KO,OK
CRD_46627F2A3E6F48A9BE2F,메가가디안 ex,MUR,15,True,KO,OK
CRD_437C97C642DD44B5B6AD,딩루 ex,UR,15,True,KO,OK
CRD_CAEF24E4F3E04F20A205,썬더라이,AR,15,True,KO,OK
CRD_EA5F6C24062E430A8964,마라카치,AR,15,True,KO,OK
CRD_80BD0BCAE8F6426DA55F,팽도리,CHR,15,True,KO,OK
CRD_EEDFC6D249174138A328,사다이사 V,SR,15,True,KO,OK
CRD_4681609374F6454994EB,루티아,SR,15,True,KO,OK
CRD_DF65A340F5804E30A359,붐볼 GX,SR,15,True,KO,OK
CRD_1651730F93C4413BA4C5,완철포,AR,15,True,KO,OK
CRD_FC20D31639D7402AB5A5,테라파고스 ex,RR,15,False,,ORPHAN
CRD_1EAFC9958EE848E3BAA6,히스이 드레디어 V,SR,15,True,KO,OK
CRD_06913448CCA04DE6B272,무쇠가시,AR,15,True,KO,OK
CRD_B13EADBBACFC415DBE7D,레지기가스 VSTAR,RRR,15,True,KO,OK
CRD_29E688E9F3CB42C89C4E,비치코트,UR,15,False,,ORPHAN
CRD_F1F1BB3E1E7544FD801E,모야모의 찌리비,PR,15,True,KO,OK
CRD_0A536D17231946EBBE81,마이농,AR,15,True,KO,OK
CRD_B3C3F8E812884FEEB672,알로라 식스테일 V,SR,15,True,KO,OK
CRD_2284D5AE23CD4A559E27,이슬의 고라파덕,AR,15,True,KO,OK
CRD_5EF0A6A219594553A91B,한카리아스 ex,SAR,15,True,KO,OK
CRD_7B28676DCCDC4062B984,위대한엄니 ex,RR,15,True,KO,OK
CRD_D86A3315CB974B96A9E6,귀뚤톡크 V,RR,15,True,KO,OK
CRD_BB1E084CEC1F4C23BA89,유채,SR,15,True,KO,OK
CRD_CFB59A3E266F4A7B8E84,자시안 V,RR,15,True,KO,OK
CRD_26AE57743E2F41B084F2,차곡차곡 GX,RR,15,True,KO,OK
CRD_509F370C46394353934C,암팰리스,AR,15,True,KO,OK
CRD_32D88C6671424AA28280,카푸꼬꼬꼭 GX,RR,15,True,KO,OK
CRD_0548814E2096488481FF,금랑,SR,15,True,KO,OK
CRD_E5348A86CBCB4A0586C9,쥬피썬더 EX,RR,15,True,KO,OK
CRD_C123706D03224508B63B,트로피우스,AR,15,True,KO,OK
CRD_2847A51BC6AB4B00BB53,아크로마의 집념,SR,15,True,KO,OK
CRD_B675C7208A854D9AAEF1,몰드류,CHR,15,True,KO,OK
CRD_B65EED7E271E44328B00,미라이돈 ex,RR,15,True,KO,OK
CRD_F77DAEEA7C14482FBA51,철화구야 GX,SR,15,True,KO,OK
CRD_0F8A51DF3CF3497BAD9D,모험가의 발견,SR,15,True,KO,OK
CRD_ADFC6A38AABB4ACE85F4,롤러스케이터,SR,15,True,KO,OK
CRD_9B32980D414E47C09387,전툴라 ex,SAR,15,True,KO,OK
CRD_9B4304F1A3704496A8EC,등산가,SR,15,True,KO,OK
CRD_E493F0082A45481EA7EE,샤미드 V,RR,15,True,KO,OK
CRD_BF1800988BEF4236B004,히스이 윈디 V,RR,15,True,KO,OK
CRD_CD7EF632BD004AA79742,아머까오 V,CSR,15,True,KO,OK
CRD_7C97C49AAB974ED1A3A3,모야모의 찌리배리 ex,SAR,15,True,KO,OK
CRD_8A1A1D352DA0498C9616,칠리,SAR,15,True,KO,OK
CRD_31E2B98699A1410FBAC9,브라이어,SR,15,True,KO,OK
CRD_F55FC4526B154E6FBB46,콜로솔트,AR,15,True,KO,OK
CRD_D90EA6EE600D4876BBB4,드니차,AR,15,True,KO,OK
CRD_298C5CE24A9343B9AF00,N의 조로아크 ex,UR,15,True,KO,OK
CRD_EFCB23BB10864CE3BB7F,레시라무 ex,SAR,15,True,KO,OK
CRD_D73D8358082846B597A8,이상한사탕,SR,15,False,,ORPHAN
CRD_59D5ED41D1EE424B829A,찬석,SAR,15,True,KO,OK
CRD_135AB4B5F4794E8BAB7F,니드킹,AR,15,True,KO,OK
CRD_825387AEB953494AB81B,페퍼의 마피티프 ex,RR,15,False,,ORPHAN
CRD_A82AA6D16570455DA915,둔타,AR,15,True,KO,OK
CRD_B390ACDDA0BC45F28118,바우첼 ex,SR,15,True,KO,OK
CRD_1AF555656B2048A2B4EE,무쇠손 ex,RR,15,True,KO,OK
CRD_AFB2E1221F7B49C4B30F,M팬텀 EX,PR,15,True,KO,OK
CRD_D917D157475747FCB7AC,가라르 창파나이트 V,SR,15,True,KO,OK
CRD_1383604BEB0C4B209BFE,원규,HR,15,True,KO,OK
CRD_0D4FF129CB84410FBD8E,브리무음 V,RR,15,True,KO,OK
CRD_214C3CC1FFFD487FBD68,마스카나 ex,SSR,15,True,KO,OK
CRD_7F62D48BBF5543A99063,스트린더 ex,RR,15,True,KO,OK
CRD_73E84D59CC8E4A4CA6FD,레드&그린,SR,15,True,KO,OK
CRD_8E99D75B637D46C0BA84,프로토가,AR,15,True,KO,OK
CRD_EC412671D4E6458C9C17,자시안 V,RR,15,True,KO,OK
CRD_FB55D0FF075E4F0EBCBA,아크로마의 실험,HR,15,True,KO,OK
CRD_3720DDCBA0264F398AD2,스이쿤 V,RR,15,False,,ORPHAN
CRD_D458688E4CDC4D52858A,고릴타 V,RR,15,True,KO,OK
CRD_A848A7E12690411197B4,리자몽 VMAX,SSR,15,True,KO,OK
CRD_AC9AF80490804185A362,키아웨,SR,15,True,KO,OK
CRD_CB975544B60F47048A93,블랙큐레무 EX,RR,15,True,KO,OK
CRD_FE5D7A94A7D447F39D4A,아쿠스타 V,CSR,15,True,KO,OK
CRD_48DEAB90649C4E5386BB,라프라스 VMAX,RRR,15,True,KO,OK
CRD_4C846CECB8E74C96BF39,히스이 모크나이퍼 V,SR,15,True,KO,OK
CRD_DF6D7BB6800645AC8C68,스컹탱크 V,SR,15,True,KO,OK
CRD_C55004D65BC742D6A174,모래성이당 GX,SM-P,15,True,KO,OK
CRD_BFFE0E9B11644655B42B,무쇠암석 ex,SAR,15,True,KO,OK
CRD_FC8D39B72732416CBC06,육파리 ex,RR,15,True,KO,OK
CRD_4926DF1CF0484F49BC50,메가리자몽X ex,SR,15,True,KO,OK
CRD_BE89EA3D6FBF480F9472,지니어,SR,15,True,KO,OK
CRD_33F622942A1F4876AAE4,어흥염 ex,RR,15,True,KO,OK
CRD_27E9FB0B75EB487ABBF6,가디안 EX,RR,15,True,KO,OK
CRD_3B93462476FF4AC1B6AE,투로박사의 시나리오,SAR,15,True,KO,OK
CRD_E556E0ACF3B040059DC9,오리진 펄기아 VSTAR,RRR,15,True,KO,OK
CRD_DCED932B45234182889C,쉐이미 VSTAR,RRR,15,True,KO,OK
CRD_E77C9D8E174B4348BB30,두랄루돈 V,SR,15,True,KO,OK
CRD_EBD265D880914608AC93,리피아 V,RR,15,True,KO,OK
CRD_6369E7C18E744D1799BE,보만다 ex,RR,15,False,,ORPHAN
CRD_E95B8B1938F2446E81DD,기라티나 VSTAR,UR,15,True,KO,OK
CRD_27DD36DAE86F45C69DEB,메가가디안 ex,SAR,15,True,KO,OK
CRD_6F213AF9BEDC4F81AAE1,번치코 V,RR,15,False,,ORPHAN
CRD_DBCFA7ECE36342E69356,리자몽 EX,PR,15,True,KO,OK
CRD_CBC210FA642F420A9902,금경,SR,15,True,KO,OK
CRD_614DE1758C59451FBC92,라티아스 ex,RR,15,True,KO,OK
CRD_D97F8DEBE01544ABAA7E,코라이돈 ex,SAR,15,True,KO,OK
CRD_B2DC0D2AA6314050AD58,복숭악동 ex,SR,15,True,KO,OK
CRD_AF6C72E18B814568BD91,블래키 V,SR,15,True,KO,OK
CRD_A313B53B087D4A94B80A,쥬피썬더 V,RR,15,True,KO,OK
CRD_3E430DB8963746CBBEDB,이브이&잠만보 GX,RR,15,True,KO,OK
CRD_C47E6671988646BCAD4F,비크티니 VMAX,RR,15,False,,ORPHAN
CRD_52F01BC27D17412EAEA0,프라임 캐처,ACE,15,False,,ORPHAN
CRD_27CAC15F8DE54882AA0F,퍼퓨돈 ex,SR,15,True,KO,OK
CRD_FD5DD2EE993546CAA758,에몽가,AR,15,True,KO,OK
CRD_C941F30AB1514C58AEC3,후파 GX,RR,15,True,KO,OK
CRD_E435A503560845A4897E,칼라마네로 VMAX,RRR,15,True,KO,OK
CRD_16DBDADB6156412A924A,유빈의 확신,SR,15,True,KO,OK
CRD_1F4206DD2E3D45EBAC43,님피아 GX,SSR,15,True,KO,OK
CRD_37AEC383935947D497E1,라우드본 ex,SR,15,True,KO,OK
CRD_17AEC6F70C054074BFD4,카디나르마,AR,15,True,KO,OK
CRD_695A1C7D2A614268A739,리자몽 VSTAR,HR,15,True,KO,OK
CRD_B8BC4E618338434C9925,더스트나 V,RR,15,True,KO,OK
CRD_0DE14A2FC85947DF989A,팔데아의 동료들,SR,15,True,KO,OK
CRD_627474F7EF5F4BDB9549,리피아 VSTAR,SAR,15,True,KO,OK
CRD_90698EA0987C4C82913F,엘풍 V,SR,15,True,KO,OK
CRD_667E09D4457B4159ACB6,비파,SR,15,True,KO,OK
CRD_1F45F12DC0264E98B4E1,메가눈여아 ex,SAR,15,True,KO,OK
CRD_92630B5A5E064CC6951E,파치래곤 V,RR,15,False,,ORPHAN
CRD_C1E6E62B68CA49EBA053,비리디온 GX,RR,15,True,KO,OK
CRD_41A8630816A54FD4A1F7,흉내내기 아가씨,SR,15,True,KO,OK
CRD_3DC005D2BBD14E03914E,웅의 근성,SR,15,True,KO,OK
CRD_B807649467B3424F8C29,고라파덕,AR,15,True,KO,OK
CRD_CE3692D573244C4CB4EA,주혜,SR,15,True,KO,OK
CRD_D7B9B3BCB4264919B5BC,투희,SR,15,True,KO,OK
CRD_1ACA13137E6D4322A031,메가자리 ex,SR,15,True,KO,OK
CRD_38C95B5BCA84434CADBB,나무킹 EX,PR,15,True,KO,OK
CRD_CC97B2FE443A4CA09615,네르케,SR,15,True,KO,OK
CRD_C728A90398A04DC9B105,백마 버드렉스 VMAX,CSR,15,True,KO,OK
CRD_CC98897D68674AA78A4D,케르디오 ex,RR,15,False,,ORPHAN
CRD_02EF6DD76D804F69A99C,블래리의 한 수,SR,15,True,KO,OK
CRD_E7D432CCBEF747E0BD9A,알로라딱구리 GX,RR,15,True,KO,OK
CRD_DE1AC8F1848D4F84A6C9,고릴타 V,SSR,15,True,KO,OK
CRD_A45225946385449CBE53,제라오라 V,RR,15,True,KO,OK
CRD_E778C735BD9241BE810D,액슨도,AR,15,True,KO,OK
CRD_37D87C02C8CB4E7BA771,비리디온 GX,RR,15,False,,ORPHAN
CRD_00182F81CA884726A6BB,로켓단의 뮤츠 ex,SR,15,True,KO,OK
CRD_465B3016FD4B41409D8C,냄새꼬,AR,15,True,KO,OK
CRD_49AA338BD81847B9B5A3,세레나,SR,15,True,KO,OK
CRD_4CF3E079DB20440ABDB1,벌차이,AR,15,True,KO,OK
CRD_A2F9A6312DF44494B8FF,카일리,SR,15,True,KO,OK
CRD_D5A3208DB5D642528B68,세레비&이상해꽃 GX,SR,15,True,KO,OK
CRD_BED3E8E4C2A24CE9B22C,백마 버드렉스 V,SR,15,True,KO,OK
CRD_B7768191A68445AA8817,기모노드레스,SR,15,True,KO,OK
CRD_2F715EB445B84B778ECB,스코빌런 ex,SR,15,True,KO,OK
CRD_D2F3D6C50BA14B39ADBA,번치코 GX,SR,15,True,KO,OK
CRD_77BB414B737A48BA9F33,히스이 모크나이퍼 VSTAR,HR,15,True,KO,OK
CRD_CA411E680E6F4183A00B,바오키,AR,15,True,KO,OK
CRD_0512DE9EF51D4BE39554,드래펄트 ex,SAR,15,True,KO,OK
CRD_D9C384BA2BA5467BBEDE,하이퍼볼,SR,15,False,,ORPHAN
CRD_62132631CE684A58A336,킬가르도 V,RR,15,True,KO,OK
CRD_067F9D60EC5F423885A9,피죤투 ex,RR,15,False,,ORPHAN
CRD_8D791334E4F64483A551,토대부기 ex,SR,15,True,KO,OK
CRD_9CFBBAADBD4644919823,무한다이노 VMAX,RRR,15,True,KO,OK
CRD_093F671F8D0F4F349B81,블래키 V,RR,15,True,KO,OK
CRD_9C6A1F46424F4EBB84A6,난천의 로즈레이드,AR,15,True,KO,OK
CRD_524170C118594AD6B7E3,다태우지네 VMAX,CSR,15,True,KO,OK
CRD_E92B2532AE914FB09891,치갈기,AR,15,True,KO,OK
CRD_33785863B77A4D888CC5,루카리오&멜메탈 GX,SR,15,True,KO,OK
CRD_3B9DA73247AA4D448AB0,오거폰 화덕의 가면 ex,SR,15,True,KO,OK
CRD_CE2516E395224ACA9D34,흑마 버드렉스 VMAX,CSR,15,True,KO,OK
CRD_6145A055ACC240FCB08D,골루그 V,SR,15,True,KO,OK
CRD_6B76266004034ADFAFE2,후딘 EX,RR,15,True,KO,OK
CRD_5CFF1B46B7D64BCFB9C7,프라임 캐처,ACE,15,False,,ORPHAN
CRD_7E0814B69ADA40E58DCA,플라이곤 ex,SR,15,True,KO,OK
CRD_1F7AC8B706234CD0B21D,바랜드,CHR,15,True,KO,OK
CRD_A8C06BD8284942BA824C,다투곰 붉은 달 ex,UR,15,True,KO,OK
CRD_FEFAF7CBA0EE46E7AC20,메가곤율거니 ex,RR,15,True,KO,OK
CRD_E02E2D38E06C4D3AACF4,라플레시아 GX,SR,15,True,KO,OK
CRD_E575B2AE33B442F687B3,목호,SR,15,True,KO,OK
CRD_1832978663324026BBAD,다부니,AR,15,True,KO,OK
CRD_1BD0376A3CA8485BB302,릴리에,SR,15,True,KO,OK
CRD_D43499400639421BA34A,한카리아스 EX,PR,15,True,KO,OK
CRD_3BEEBBBA3187450DBC7E,두랄루돈 V,SR,15,True,KO,OK
CRD_08208815CA6B42DFB7C7,단풍,SR,15,True,KO,OK
CRD_D7D333F402E247A68ADE,루가루암 GX,SSR,15,True,KO,OK
CRD_AD9A574810174B64B773,님피아 V,SR,15,True,KO,OK
CRD_A180773A019F4C8BA2B4,드래펄트 V,RR,15,True,KO,OK
CRD_FCBEA5D75C674EA88554,무쇠무인 ex,UR,15,True,KO,OK
CRD_091DC06176614517B5E1,라이츄&알로라라이츄 GX,SR,15,True,KO,OK
CRD_1AA86801F7BB4278A6C8,샹델라,AR,15,True,KO,OK
CRD_E5FF55B0797E40E5B60F,에너지 갈아 달기,UR,15,False,,ORPHAN
CRD_E199C322E0DF4D0A881B,무쇠손 ex,SR,15,True,KO,OK
CRD_7C46F8E5F5594CAFA4FC,후딘 EX,RR,15,False,,ORPHAN
CRD_82D8D5556A4F436CBB28,과미드라 ex,SAR,15,True,KO,OK
CRD_968F5C29113147B3835C,비크티니,AR,15,True,KO,OK
CRD_E500DF40158C4A7EA42A,꼴깍몬,AR,15,True,KO,OK
CRD_ECCF09117F0E4F4BBCF1,히스이 조로아크 VSTAR,SAR,15,True,KO,OK
CRD_2F1F77D90BA84F3E8C7D,피카츄,PR,15,True,KO,OK
CRD_DBCCC554027A4F239EE1,눈여아 ex,SR,15,True,KO,OK
CRD_FBBDC7D73A6A4AF1BDC3,스파크,SR,15,True,KO,OK
CRD_8538CE46E092401B8FD2,슈륙챙이,AR,15,True,KO,OK
CRD_C3AC7D22528745FE8E4B,따라큐 V,RR,15,True,KO,OK
CRD_A8DEE7AEF1EB41B29CFD,포켓몬애호가클럽,SR,15,True,KO,OK
CRD_48B3B385581F4DFEA769,아기씨,SR,15,True,KO,OK
CRD_6208A844312F4FCEA6A1,인텔리레온 VMAX,RRR,15,True,KO,OK
CRD_D3C57F0250DF425CBA58,파치래곤 VMAX,RRR,15,True,KO,OK
CRD_41F01DE4718B458FA5D5,추명,SR,15,True,KO,OK
CRD_8BCE857FB5F041FE942A,오롱털 V,SSR,15,True,KO,OK
CRD_64D59B5F08A74343BAD0,피죤투 ex,SR,15,True,KO,OK
CRD_6CD688020940471E9BED,메가루카리오 ex,RR,15,True,KO,OK
CRD_EFA2913DDB894495B285,윽우지,AR,15,True,KO,OK
CRD_5CEE2D7954364489B91B,굽이치는물결 ex,RR,15,False,,ORPHAN
CRD_B7828F2ECCE840FB8105,디아루가 GX,SR,15,True,KO,OK
CRD_3A0BD9F6AF5141DC9961,고동치는달 ex,RR,15,True,KO,OK
CRD_FDD4ACFC9A3E4E2A8251,킹드라 GX,SR,15,True,KO,OK
CRD_6867ED7294D14913A168,주박사,SR,15,True,KO,OK
CRD_7FEAB602A0214CDAB632,파이리,AR,15,True,KO,OK
CRD_240F59F984B74388A1BE,기가이어스,AR,15,True,KO,OK
CRD_7F072B0CB7A3432B8EEE,듀란,AR,15,True,KO,OK
CRD_F70C1790FD9042749050,크리만,CHR,15,True,KO,OK
CRD_04C479651A454FB3A8D3,로켓단의 뮤츠 ex,RR,15,True,KO,OK
CRD_75D9086E863C4AA6A733,드래런치,AR,15,True,KO,OK
CRD_170C21DF603D41EABA47,해골몽,AR,15,True,KO,OK
CRD_81C283F7B5804B6E9F93,툰베어,AR,15,True,KO,OK
CRD_E6931B5F136B4A32907D,케르디오 ex,RR,15,True,KO,OK
CRD_6BB81A500A5D47C6AEFC,칠색조 GX,RR,15,False,,ORPHAN
CRD_782CB6FCC2EE442F9402,마휘핑 V,RR,15,True,KO,OK
CRD_48D2CD939E9C4A45872A,아크로마의 실험,SAR,15,True,KO,OK
CRD_FA27D6FC488F4ABEAE4F,사마자르 VSTAR,HR,15,True,KO,OK
CRD_918A096A622440B6B1CE,파이어&썬더&프리져 GX,SR,15,True,KO,OK
CRD_DB277DCB29D047D6A9C6,쿠쿠이박사,SR,15,True,KO,OK
CRD_F1A3157631DF446BA533,루가루암 ex,RR,15,True,KO,OK
CRD_5CA7FFD0815A4CE8BF5D,네오라이트 V,RR,15,False,,ORPHAN
CRD_EE3C7F73629F436FA9B6,비주기의 추방,SR,15,True,KO,OK
CRD_2C1EDC815A2644BEB9DE,푸크린,AR,15,True,KO,OK
CRD_D57DF737284449919BC3,메가이어롭&푸린 GX,RR,15,True,KO,OK
CRD_2F9974E2F1DC498CB81F,루가루암 GX,RR,15,False,,ORPHAN
CRD_AA80CBBC30D44512BB73,태권왕의 수련,SR,15,True,KO,OK
CRD_0F804851962E40E59955,야돈&고라파덕 GX,RR,15,True,KO,OK
CRD_71D80DC21CF94EA294AF,쉐이미 EX,RR,15,True,KO,OK
CRD_F51E0298D1094BB490A0,오거폰 벽록의 가면 ex,UR,15,True,KO,OK
CRD_1507A5C6549C48B1936B,마스카나 ex,SR,15,True,KO,OK
CRD_594A5B7B75D040D5B7B8,루기아 BREAK,RR,15,True,KO,OK
CRD_55135DAC7D1B4FF1AB6D,드래피 VSTAR,RRR,15,True,KO,OK
CRD_3F0CF7904DE24591A85C,네크로즈마 GX,SR,15,True,KO,OK
CRD_A5262AA512774BD48654,오거폰 벽록의 가면 ex,SR,15,True,KO,OK
CRD_D4EFCEF0EEB948B7B754,아고용 GX,RR,15,True,KO,OK
CRD_56347219393547F19FCB,레지드래고 VSTAR,HR,15,True,KO,OK
CRD_51054B3353C34EBC99FF,무쇠바퀴 ex,SAR,15,True,KO,OK
CRD_F35563D1D34443BD8590,심보러 GX,RR,15,True,KO,OK
CRD_81313FC015A644C9A3BE,모야모의 찌리배리 ex,RR,15,False,,ORPHAN
CRD_C28A0C2FB60246168A94,오롱털 VMAX,SSR,15,True,KO,OK
CRD_C656819F71EC44B19DD9,로켓단의 파이어 ex,SR,15,True,KO,OK
CRD_6DA66A6437FD4A86B009,절각참,AR,15,True,KO,OK
CRD_AF9E559EB5944BEFAAD8,앱솔,AR,15,True,KO,OK
CRD_939D613E789B4D44AE56,지우의 피카츄,SM-P,15,True,KO,OK
CRD_ADFEF65AFEF8421CA287,카푸꼬꼬꼭 ex,SR,15,True,KO,OK
CRD_ECCB9F6BE6FB45019BF9,강철톤,AR,15,True,KO,OK
CRD_7B317B9E170247469F62,딩루 ex,SR,15,True,KO,OK
CRD_16552890B7E640BD9726,비상,SR,15,True,KO,OK
CRD_B902B8EEEEF14328B5E1,무쇠가시 ex,RR,15,False,,ORPHAN
CRD_624C4EA100C746ABB72D,스핀로토무,AR,15,True,KO,OK
CRD_99CCE27B9E204E508DE3,갸라도스 VMAX,RRR,15,True,KO,OK
CRD_9D172DE2DBE542B2A3AA,리부트 포드,ACE,15,False,,ORPHAN
CRD_0D226425CE0B4E138078,다태우지네 VMAX,RRR,15,True,KO,OK
CRD_C5B38ED6409E430EA353,디헤드,AR,15,True,KO,OK
CRD_EBB9B2B17E4B4CE2B894,단단지 GX,SR,15,True,KO,OK
CRD_3E51556E4E8842128C4E,도희의 비기,SR,15,True,KO,OK
CRD_97550D8F6FD846C1809E,블루의 탐색,SR,15,True,KO,OK
CRD_E54D728D4E4B4DE8A640,카푸꼬꼬꼭 ex,RR,15,True,KO,OK
CRD_D472EEFEF45D4225A0EF,텅비드 GX,SSR,15,True,KO,OK
CRD_8B1DB466A7784A9DA26A,조로아크 GX,SSR,15,True,KO,OK
CRD_8C8BBAFB1C5E4D15BAC6,메가이상해꽃 ex,SR,15,True,KO,OK
CRD_9177A302A923467195DB,페릴라,SR,15,True,KO,OK
CRD_63C895F49C5A421D9548,따라큐 VMAX,RRR,15,True,KO,OK
CRD_0AD03EC9544B43B4AF4F,라프라스 V,RR,15,True,KO,OK
CRD_BECB62345F92435AB0E2,메가곤율거니 ex,SAR,15,True,KO,OK
CRD_95AD52C30E9448CCA98E,피죤투 ex,RR,15,True,KO,OK
CRD_1D1BB63C7C8542D59855,거북왕&팽도리 GX,RR,15,True,KO,OK
CRD_DFE572539BEC48CCB019,오리진 디아루가 V,SR,15,True,KO,OK
CRD_0B145711AB734536AD63,안농 VSTAR,HR,15,True,KO,OK
CRD_704B8C245A2D48CFA157,제라오라 V,RR,15,True,KO,OK
CRD_DF8A429C70554B56B314,쏘콘 ex,SR,15,True,KO,OK
CRD_EC4DDEF3D32C4E658D4C,뮤 V,SR,15,True,KO,OK
CRD_987A2756FB554B91BD1A,가디안 V,SR,15,True,KO,OK
CRD_3D1DDFE22E46497299FE,에써르 V,SSR,15,True,KO,OK
CRD_88C69A70082B440AB5C0,로켓단의 이올브,AR,15,True,KO,OK
CRD_31E3BD03B11A42CA83DE,마그카르고 ex,RR,15,False,,ORPHAN
CRD_8DB157BF2CDC452DB021,레지에레키 VMAX [다이맥스],RRR,15,True,KO,OK
CRD_E9C4D238A08646EA997E,M입치트 EX,PR,15,True,KO,OK
CRD_D143E5991165404EBBDB,리자몽 V,SAR,15,True,KO,OK
CRD_E6B830D04BBE49598E61,제라오라 VSTAR,RRR,15,True,KO,OK
CRD_9854903EC2F54EBAB680,데덴네 ex,RR,15,True,KO,OK
CRD_B943DDB4CF964E51AC2C,프라임 캐처,ACE,15,False,,ORPHAN
CRD_5CB7DF4E7368416EB437,가라르 프리져 V,CSR,15,True,KO,OK
CRD_24EBBFED607C41D7B562,조로아,AR,15,True,KO,OK
CRD_8D374F0FF05C482F87FA,라프라스 V,SR,15,True,KO,OK
CRD_E55586307A664832B969,음번 ex,SR,15,True,KO,OK
CRD_89F870261BCE4E9C87D5,릴리에의 결심,SAR,15,True,KO,OK
CRD_4DC3694C7B5E49B7A1A8,제크로무 ex,SAR,15,True,KO,OK
CRD_25D1A6018B5A4A0AA38C,마스터드 일격의 태세,SR,15,True,KO,OK
CRD_BAF951CD1C52420DB08A,기라티나 VSTAR,HR,15,True,KO,OK
CRD_D7F264F5E2C34408ADC5,멜메탈 GX,SM-P,15,True,KO,OK
CRD_0E8F6A83F9C24975A316,알로라 닥트리오,AR,15,True,KO,OK
CRD_6983EB0AA95941FE8196,루가루암 GX,RR,15,True,KO,OK
CRD_73D6953981C84918B834,어지리더,AR,15,True,KO,OK
CRD_CFB01788E84D4E84B002,백마 버드렉스 VMAX,RRR,15,True,KO,OK
CRD_EA905CA3CB62491A8008,오거폰 화덕의 가면 ex,SAR,15,True,KO,OK
CRD_7FDF1B8B2C7A49388486,밀탱크,AR,15,True,KO,OK
CRD_D0C1C5D1A0D94833B4EC,아고용 GX,SR,15,True,KO,OK
CRD_79B516E57BA34A8A8AF8,코터스 V,SR,15,True,KO,OK
CRD_DA27591B04B940C980EF,버랜지나,AR,15,True,KO,OK
CRD_4705CE7F497346EB824F,가디안 VMAX,RRR,15,True,KO,OK
CRD_CC162A31A5C74A9FA602,테오키스 [퓨전/일격/연격],AR,15,True,KO,OK
CRD_0BBA24DF2AA04E9F8934,폭거북스 GX,SR,15,True,KO,OK
CRD_017439C155E14354863F,악비아르,AR,15,True,KO,OK
CRD_AFEB8972DDD3469BB268,레시라무 GX,SSR,15,True,KO,OK
CRD_9D052520704740CD8855,뮤츠 GX,RR,15,False,,ORPHAN
CRD_6F3A522A92D245C5BD70,리자몽 V,SSR,15,True,KO,OK
CRD_4DC194AB4E8E4B84BD67,볼케니온 V,SR,15,True,KO,OK
CRD_F801E713A8D1496791AC,메타그로스 VMAX,RRR,15,True,KO,OK
CRD_63550D89E20048CA8259,뮤츠 VSTAR,RRR,15,True,KO,OK
CRD_428AF8A0299041E5A922,두드리짱 ex,RR,15,True,KO,OK
CRD_0EDD68B570E1472FB48A,키키링 ex,SR,15,True,KO,OK
CRD_35F6305B626B4EA6BA1B,미라이돈 ex,SAR,15,True,KO,OK
CRD_217550E39F654896867F,AZ,SR,15,True,KO,OK
CRD_91690464DF8843E78381,메더,AR,15,True,KO,OK
CRD_E26D2432BB194094A890,토게피&삐&푸푸린 GX,SR,15,True,KO,OK
CRD_3AA02ECE90604311AE59,란쿨루스,AR,15,True,KO,OK
CRD_0325324CA8874D7DB20C,프라임 캐처,ACE,15,False,,ORPHAN
CRD_8A6B11549C614D0C858F,히트팩토리(프리즘스타),PR,15,True,KO,OK
CRD_6A148797C15E4E7D9FE7,N의 각오,SR,15,True,KO,OK
CRD_3B06633FDD1444F7B689,루나아라 GX,RR,15,False,,ORPHAN
CRD_CD4628B3429A420A9319,일격 우라오스 VMAX,RRR,15,True,KO,OK
CRD_2004462C5BD3458BA1B6,기어르,AR,15,True,KO,OK
CRD_A9DF06F1FA7544AD83E2,나인테일 ex,RR,15,True,KO,OK
CRD_D05CD67F8E8E4364A643,가라르 썬더,AR,15,True,KO,OK
CRD_0764FF85AFFD44039B19,다탱구 GX,SR,15,True,KO,OK
CRD_13157CF56E204E5E81EA,레디안,AR,15,True,KO,OK
CRD_916F9928C49D4260B334,라이치,SM-P,15,True,KO,OK
CRD_4A6CC4A034DF4C3DAD74,피카츄 ex,SAR,15,True,KO,OK
CRD_3A8D2EC8D99B4D7B9450,샹델라 EX,RR,15,True,KO,OK
CRD_6D78C3030D7942CB9EF0,레쿠쟈 EX,RR,15,True,KO,OK
CRD_E87E061502334A9C87ED,지라치(프리즘스타),PR,15,True,KO,OK
CRD_F414A783F97B45F0A953,기라티나 V,RR,15,True,KO,OK
CRD_F9A6F62671CB4AE1ADA9,매시붕 GX,RR,15,True,KO,OK
CRD_AA3296C0D4FE45A38CAB,제르네아스 GX,SR,15,True,KO,OK
CRD_B3BF8D31D9204782972A,펄기아 GX,RR,15,True,KO,OK
CRD_EFC847F197CA4F9EBD52,몰드류 ex,RR,15,False,,ORPHAN
CRD_D3E88C25E8B642E3BF45,우렁찬꼬리 ex,SR,15,True,KO,OK
CRD_EAE92820A9B54F4A9A09,개굴닌자&조로아크 GX,RR,15,True,KO,OK
CRD_F655D1FDB00E40F3BB93,로켓단의 뮤츠 ex,SAR,15,True,KO,OK
CRD_6F30F6948BD54C099B7B,남나리의 도움,SR,15,True,KO,OK
CRD_BBC2E062E3384B639FA8,후딘 ex,SAR,15,True,KO,OK
CRD_69525AAF5E3C4C99AB79,난천의 한카리아스 ex,SAR,15,True,KO,OK
CRD_1EF313E489B444599067,뮤츠 GX,RR,15,False,,ORPHAN
CRD_B478B609372F4829A9FD,피아나의 결의,SR,15,True,KO,OK
CRD_97AD638649C74896B30E,불화살빈,AR,15,True,KO,OK
CRD_E92AB73CDEB74E58B852,수퍼 에너지 회수,UR,15,False,,ORPHAN
CRD_96611437350C4464BB4A,가디안&님피아 GX,SR,15,True,KO,OK
CRD_E506A487DE8C45099602,루가루암 V,RR,15,True,KO,OK
CRD_574890E1CF4F4130A020,모아머,AR,15,True,KO,OK
CRD_DB83FAE5579D41C28206,자포코일 ex,RR,15,True,KO,OK
CRD_D19E69BE367A43128A5D,사다이사 V,RR,15,True,KO,OK
CRD_5D9E1E48807A4B839B95,돌핀맨 ex,SR,15,True,KO,OK
CRD_308148D51D5845769B01,아이앤트 ex,SAR,15,True,KO,OK
CRD_6C5C2EB6C3C6473086F0,아머까오 V,RR,15,False,,ORPHAN
CRD_A6E8EAA77BE24D74AEA7,체렌,SR,15,True,KO,OK
CRD_30975550ADDC4EA8A667,부스터 V,SR,15,True,KO,OK
CRD_8BC8EED9E7524E698C95,샹델라,CHR,15,True,KO,OK
CRD_6CF9150210054C398987,배우르 V,SSR,15,True,KO,OK
CRD_5D478653E46E4634B4E2,우리,SR,15,True,KO,OK
CRD_3D845D79A43446819D94,뮤츠 VSTAR,RRR,15,True,KO,OK
CRD_CC13B8F8C8BC49B092D7,요가램 V,RR,15,True,KO,OK
CRD_7F12AC1D6A604C8CB546,트래피더 ex,RR,15,True,KO,OK
CRD_45708EEF14E84AD79B2A,엘레이드,CHR,15,True,KO,OK
CRD_B21ED14E9FF94FF4BBB5,플라이곤 ex,RR,15,True,KO,OK
CRD_1A85603204124465ACAD,두드리짱 ex,SR,15,True,KO,OK
CRD_3867F42D081F475AB07C,민진의 헤아림,SAR,15,True,KO,OK
CRD_EDD80B822E564D249409,악비아르 EX,PR,15,True,KO,OK
CRD_5E4E70BF23AC40C7ACFF,게을킹 ex,SR,15,True,KO,OK
CRD_55FDE55C017C4092A5B0,이브이,AR,15,True,KO,OK
CRD_81D4DD597DBE456BB22A,님피아 VMAX,CSR,15,True,KO,OK
CRD_E623C3E3D8334A58BE38,대도각참,AR,15,True,KO,OK
CRD_6601BE7A1DE143349FA6,히스이 포푸니크 V,RR,15,True,KO,OK
CRD_11628ECE200A4601B5D4,M가디안 EX,RR,15,True,KO,OK
CRD_E10B1FAB841247CA967B,네리네,SAR,15,True,KO,OK
CRD_05103ACFA2DD4C54AC51,가디안 GX,RR,15,True,KO,OK
CRD_2348A7F2758F419FAB09,히스이 조로아크 VSTAR,UR,15,True,KO,OK
CRD_DAADB791E7E14EB1BE9E,그우린차 ex,RR,15,False,,ORPHAN
CRD_0506892D3B1B40D3BBF2,펜드라,AR,15,True,KO,OK
CRD_E3928DC52944458BBFCE,리자몽 ex,SAR,15,True,KO,OK
CRD_32B748391B31457F884D,난천&카틀레야,SR,15,True,KO,OK
CRD_53220555F67B44E18651,달코퀸 GX,SM-P,15,True,KO,OK
CRD_9A5EFFF204E8429BB966,내던숭이,CHR,15,True,KO,OK
CRD_FF670CCC91074D59B18C,쌔비냥,AR,15,True,KO,OK
CRD_7C8402F1390C43ABA777,갑주무사 ex,SAR,15,True,KO,OK
CRD_A10639DEF1044108891B,팬텀 EX,RR,15,True,KO,OK
CRD_D229BF26FFF94E27A4FE,란쿨루스,AR,15,True,KO,OK
CRD_E57DB3482F514CE09A11,자시안 V,CSR,15,True,KO,OK
CRD_3A5B3FE091064B65AF4A,연격 우라오스 V,SR,15,True,KO,OK
CRD_C19CBFBFDA7B4814A109,복숭악동 ex,SAR,15,True,KO,OK
CRD_24CD0D7FE1834DA89707,부스터,CHR,15,True,KO,OK
CRD_11AB40F57D03470A986E,몽얌나,AR,15,True,KO,OK
CRD_CBF98258CCE3480F901E,지라치 GX,SR,15,True,KO,OK
CRD_C3F844BC04614855A4C4,코코리,AR,15,True,KO,OK
CRD_44776BE951744966AC11,파비코,AR,15,True,KO,OK
CRD_9324067E86B04FA9A0F8,아보크 ex,RR,15,True,KO,OK
CRD_435238B98B534ED1A50A,마마네,SR,15,True,KO,OK
CRD_20857DA3F57C4FAC9BE3,이브이 GX,SR,15,True,KO,OK
CRD_6E6C2EE667CE4D84A52D,울트라네크로즈마 GX,RR,15,True,KO,OK
CRD_E4BD8403FAAC4DE5A8FE,히드런 VMAX,HR,15,True,KO,OK
CRD_6758A956D73C4F90BE9F,저지맨,SR,15,True,KO,OK
CRD_DBE075DCBF884295B389,그란돈,AR,15,True,KO,OK
CRD_F1FD80B31AEA4EBCB6A4,카지,SAR,15,True,KO,OK
CRD_366F8C52670645088A5A,흑마 버드렉스 VMAX,RRR,15,True,KO,OK
CRD_20FE3F484DFE4D9AA9D9,플러시,AR,15,True,KO,OK
CRD_6C4CD727AA4A41F8A59D,무쇠손 ex,SAR,15,True,KO,OK
CRD_97880F5EB9DE47029F78,갑주무사 ex,RR,15,True,KO,OK
CRD_EB69DF756D1A4E6F94D1,스이쿤 V,RR,15,True,KO,OK
CRD_595B6C8D454040518BFD,랜드로스,AR,15,True,KO,OK
CRD_3ED24376E1C34EC0A25B,푸크린 ex,RR,15,True,KO,OK
CRD_D63D7726EE264FDE868F,미라클인터컴,ACE,15,False,,ORPHAN
CRD_D7976C3F939248F7A2C3,네리네,SR,15,True,KO,OK
CRD_3E39B2A60D644D419C7A,자마젠타,AR,15,True,KO,OK
CRD_5BFE2B8ADBF64C2CBCFF,악비르,AR,15,True,KO,OK
CRD_F502DD41B3C245CCBC78,화석 연구원,SR,15,True,KO,OK
CRD_808E7CD437F24C0A8CE3,모야모의 찌리배리 ex,SAR,15,True,KO,OK
CRD_FC1B35E514E5442BBE5C,릴링,AR,15,True,KO,OK
CRD_EED41E4D3D804537A93A,바오키 VSTAR,RRR,15,True,KO,OK
CRD_9EC31C68BA49485F819E,던지미,AR,15,True,KO,OK
CRD_059BC58882F1444791AD,뮤츠&뮤 GX,RR,15,True,KO,OK
CRD_186B68241588428C9410,꼭두,SR,15,True,KO,OK
CRD_24AFDFD94F7B41E8A509,로켓단의 페르시온 ex,SR,15,True,KO,OK
CRD_6622C5C878F244828DA2,어리짱,AR,15,True,KO,OK
CRD_39A9FDACFF514F29B347,울트라네크로즈마 GX,SR,15,True,KO,OK
CRD_8ACA05A71DAE447AAE22,후딘 V,SR,15,True,KO,OK
CRD_694BA62B745A4D1E9025,레시라무&리자몽 GX,SR,15,True,KO,OK
CRD_D462517CFC6F4930A7AC,무한다이노 V,RR,15,True,KO,OK
CRD_9740CC2128594EDDB54F,마쿠와,SR,15,True,KO,OK
CRD_331BADEFF9654B599D78,저지맨,SR,15,True,KO,OK
CRD_93BA1B52B6B14CF0AEDA,비크티니 V,SR,15,True,KO,OK
CRD_1DB4E0B1059842A38CD7,엘레이드 V,CSR,15,True,KO,OK
CRD_02A3EEACB0F74D7F97B6,네모,SR,15,True,KO,OK
CRD_8E3889CE3AAF4DB6B6D3,규리의 눈빛,SAR,15,True,KO,OK
CRD_3A51FC9327024878903D,무쇠잎새 ex,SAR,15,True,KO,OK
CRD_E0677DDD24AB4D0B961D,블래키 V,RR,15,True,KO,OK
CRD_05EEC7741BAF4827B1B7,플라제스 EX,RR,15,True,KO,OK
CRD_FD9857DC05B1489C8909,모래성이당 ex,RR,15,True,KO,OK
CRD_8CBB87D89D68439D919A,모야모의 찌리비크,AR,15,True,KO,OK
CRD_14D2B39ACE854972906D,가라르 산호르곤 V,SR,15,True,KO,OK
CRD_2076C899876544DC9B67,메가루카리오 ex,SR,15,True,KO,OK
CRD_5D857A6DB3B4475CAD61,팽도리,AR,15,True,KO,OK
CRD_2B9182A2EF634F7E8973,올림박사의 기백,SAR,15,True,KO,OK
CRD_40FAAC6A04774AEEB7B2,음번 ex,SSR,15,True,KO,OK
CRD_815D5679E06B4695ACEE,메가헤라크로스 ex,RR,15,True,KO,OK
CRD_3575DCCD78834B1E8D87,실버디 GX,SR,15,True,KO,OK
CRD_C196FA6AC8E54F73BCFC,끼리동,AR,15,True,KO,OK
CRD_9C5270DA79DC45DF87E7,앱솔 ex,SR,15,True,KO,OK
CRD_C2A3EBDFC3B244DDA1F7,전툴라 ex,SR,15,True,KO,OK
CRD_F73F371E442F4ACFBEFB,이벨타르 GX,RR,15,False,,ORPHAN
CRD_90329AC34F174397A90E,백솜모카 V,SSR,15,True,KO,OK
CRD_D6CE520A6BA64DCF916E,리피아 V,SR,15,True,KO,OK
CRD_D8DEBF9FF3D14AEDADAA,스트린더 V,SSR,15,True,KO,OK
CRD_2261AA95080E4619A99E,네오라이트 V,SR,15,True,KO,OK
CRD_EA6FC3EB8FC643E8BA13,이상한사탕,UR,15,False,,ORPHAN
CRD_7F3A7B805F704D6C96F3,모스노우,CHR,15,True,KO,OK
CRD_269A7AD114DA491CA9AC,레시라무 ex,BWR,15,True,KO,OK
CRD_9BC07E8750E34D2EA7E4,암호마니아의 해독,SR,15,True,KO,OK
CRD_DBE064C8AC1C4B42B193,미라이돈 ex,UR,15,True,KO,OK
CRD_A1D8F84613574D488021,파비코리 GX,SSR,15,True,KO,OK
CRD_70A1CFED68464E399860,루가루암 GX,SSR,15,True,KO,OK
CRD_2951B02D3BE7488DA649,피카츄,SM-P,15,True,KO,OK
CRD_669F982DB44549EFB5E2,견고라스 EX,PR,15,True,KO,OK
CRD_A2E6B453A2A741BCA11A,마샤도&괴력몬 GX,RR,15,True,KO,OK
CRD_F8474225830A4240A94E,민화의 대접,SR,15,True,KO,OK
CRD_0E3F03D6041B4CED87B9,쪼마리,AR,15,True,KO,OK
CRD_31B29DFE42E24D77AFE1,슬리프,AR,15,True,KO,OK
CRD_6CE97DC55919437DBC63,켄호로우,AR,15,True,KO,OK
CRD_49D0E25CC4FB427AB28C,오리진 펄기아 VSTAR,RRR,15,True,KO,OK
CRD_FAF52ACED2AE4C21A3E1,지우의 피카츄,SM-P,15,True,KO,OK
CRD_C7C3982EEEB34C529318,킹드라 EX,SR,15,True,KO,OK
CRD_561FF374668A4C52B7A9,루나아라 GX,RR,15,True,KO,OK
CRD_C41CDFEEB7EE415CA1B7,질뻐기&알로라질뻐기 GX,RR,15,True,KO,OK
CRD_F21447D57D74494F983B,순무,SR,15,True,KO,OK
CRD_156303A10AC3422083AA,사마자르 VSTAR,RRR,15,True,KO,OK
CRD_D89C085C68AB427DB734,보만다 GX,RR,15,True,KO,OK
CRD_15F5F5A58D814B10953B,님피아 GX,RR,15,True,KO,OK
CRD_014588FE8AC842E3A70E,포켓몬애호가클럽,SR,15,True,KO,OK
CRD_500998CEAE8F48BE9DA0,큐레무 ex,SAR,15,True,KO,OK
CRD_DDA35E539E7A4A1C897D,가디안 EX,RR,15,True,KO,OK
CRD_D0EC868873694B81B52F,시트론의 재치,SAR,15,True,KO,OK
CRD_1F2F5DBD379C4E56A95F,나인테일 V,SR,15,True,KO,OK
CRD_C5460BA77BF844449364,아그놈,HR,15,True,KO,OK
CRD_D354887EB90344EE923F,밀로틱 ex,SAR,15,True,KO,OK
CRD_67F29079C11444D7B0CA,킹드라 ex,RR,15,True,KO,OK
CRD_CF1795DF299B46889CA1,음번 GX,RR,15,True,KO,OK
CRD_4AF796183B554D43B85C,카푸꼬꼬꼭 V,SR,15,True,KO,OK
CRD_C5F43E1D58DC4EB091BB,어써러셔 ex,RR,15,True,KO,OK
CRD_D863CCD72A9D40FCB10C,님피아 GX,RR,15,False,,ORPHAN
CRD_CAD2C5AC7AFD4C08A84D,디안시,AR,15,True,KO,OK
CRD_DA8736447EB24766A712,갑주무사 ex,SR,15,True,KO,OK
CRD_D6A4F6C77AFF466C95D9,거북왕 ex,SR,15,True,KO,OK
CRD_576DC2D934294498A93F,캐스퐁,CHR,15,True,KO,OK
CRD_89935F355A974D4B82FD,윽우지 V,SSR,15,True,KO,OK
CRD_D70F5446D2974DDC8EB0,펄스멍 V,RR,15,True,KO,OK
CRD_9289770776A1479DADE6,마티스의 거래,SR,15,True,KO,OK
CRD_8C5E1C0CADAB42CBA2D3,로파파,AR,15,True,KO,OK
CRD_423AFEA04A844D929CFC,불놀이꾼,SR,15,True,KO,OK
CRD_2D3476E6CBAD4BDCB062,메타몽 VMAX,RRR,15,True,KO,OK
CRD_9376986A02A049DCA6C8,노보청 V,SR,15,True,KO,OK
CRD_E6D7C7AE46B14C2281ED,아고용&악식킹 GX,SR,15,True,KO,OK
CRD_BC2AD209CF444EE7A541,케오퍼스 V,RR,15,True,KO,OK
CRD_9C12DFB82488442E9159,피죤투 ex,RR,15,True,KO,OK
CRD_AA0DD2AA1FBC4EEFABF7,자크로,HR,15,True,KO,OK
CRD_EB3221AC11114113A24A,라우드본 ex,SSR,15,True,KO,OK
CRD_047131CE3AB3482C8F7F,굽이치는물결 ex,UR,15,True,KO,OK
CRD_0F7A7025AB184454A00D,알로라 식스테일 V,RR,15,True,KO,OK
CRD_8EAE0303CE1A4A19A2DB,라이츄&알로라라이츄 GX,SR,15,True,KO,OK
CRD_816B2902F24747B0AB3F,일격 우라오스 VMAX,RRR,15,True,KO,OK
CRD_4CC81C78A11A4E46AD49,마기라스 V,SR,15,True,KO,OK
CRD_E27171EB9F484C6AA129,조로아크 GX,RR,15,True,KO,OK
CRD_69B3F39FEAAD4175AFED,윤진,HR,15,True,KO,OK
CRD_FF559B81865C4993A3E0,앤테이 V,RR,15,True,KO,OK
CRD_7A7B7FE3D8DA4848943D,핫삼 GX,SSR,15,True,KO,OK
CRD_D417586C8E26486E94D6,폭거북스 GX,SSR,15,True,KO,OK
CRD_EBB3E239BB7D4066A689,맘복치,AR,15,True,KO,OK
CRD_CA0D52447E2E4CBBB724,엠페르트 V,RR,15,False,,ORPHAN
CRD_FF1CF3010C544E30908E,큐레무 ex,RR,15,True,KO,OK
CRD_5F4D4AC299E34809963A,흑마 버드렉스 VMAX,RRR,15,True,KO,OK
CRD_0AFA4633985B42E9908B,가라르 날쌩마 V,RR,15,False,,ORPHAN
CRD_3ECB798328944A0F8A34,굽이치는물결 ex,UR,15,True,KO,OK
CRD_2685F2D324BF4D0495CF,대여르 V,SSR,15,True,KO,OK
CRD_876E648A957A44C9AE71,드래피온 V,RR,15,True,KO,OK
CRD_7FE85AF0323E486DA2F4,총지엔 ex,SR,15,True,KO,OK
CRD_A64742D752F444C9A34A,스이쿤 V,SR,15,True,KO,OK
CRD_A7A7C7685FE244168B9B,마기라스,AR,15,True,KO,OK
CRD_52D2632208334D4B88B0,투로박사의 시나리오,SR,15,True,KO,OK
CRD_7F1F939CC0DB4671824A,바닐리치,AR,15,True,KO,OK
CRD_14CFDC4FCADA4F70A670,데스니칸 ex,RR,15,True,KO,OK
CRD_70232D25A67C4C04A915,웨이니발 ex,RR,15,True,KO,OK
CRD_4192371C8DE14719ACB9,그라에나,CHR,15,True,KO,OK
CRD_C57DB853FD2D46888B48,메가리자몽X ex,RR,15,True,KO,OK
CRD_D1558B6044BA433EB434,스트린더 VMAX,RRR,15,True,KO,OK
CRD_57E4BE5A1FDD46759576,이브이 ex,SAR,15,True,KO,OK
CRD_70077C9FC60D4FE79B50,미라몽,AR,15,True,KO,OK
CRD_4659714945CF4C9F82C5,루티아의 어필,SR,15,True,KO,OK
CRD_6FCF50A226284C4495C6,오리진 디아루가 VSTAR,UR,15,True,KO,OK
CRD_D36A8D255E484367A01A,메타그로스 GX,RR,15,True,KO,OK
CRD_729748E685DD4FEB87C8,네크로즈마 황혼의 갈기 GX,SR,15,True,KO,OK
CRD_36137AD704B945179433,올림박사의 기백,SR,15,True,KO,OK
CRD_499466BB5F6A45A9BEAE,그루샤,SAR,15,True,KO,OK
CRD_62382B166E0840719246,오리진 펄기아 V,RR,15,True,KO,OK
CRD_034271D298BA46158444,사마자르,CHR,15,True,KO,OK
CRD_3927C712A40B4469A53E,이올브 VMAX,RRR,15,True,KO,OK
CRD_ADDEC4B6D7EC4C7FA90E,리자몽 ex,UR,15,True,KO,OK
CRD_2EDC5DADC4F24ECD976A,팔데아 토오 ex,RR,15,True,KO,OK
CRD_CDEB9C6B68E443809126,프라임 캐처,ACE,15,False,,ORPHAN
CRD_6F5BE04789954940A44C,아가씨,SR,15,True,KO,OK
CRD_B9B998819A564DE3991A,마릴,AR,15,True,KO,OK
CRD_99651D6378CB49808433,비주기의 카리스마,SR,15,True,KO,OK
CRD_9A70A69B02794F2E8412,블래키 EX,RR,15,True,KO,OK
CRD_368954B62A864484B467,자망칼,AR,15,True,KO,OK
CRD_F1C11C21E33A42B397C1,세레비(프리즘스타),PR,15,True,KO,OK
CRD_B86D2122C72F49ECB65D,리그레,AR,15,True,KO,OK
CRD_E7DB54455C61431B8B1B,사다이사 V,RR,15,True,KO,OK
CRD_FF6AA6F478F64AB18BEA,가라르 파이어 V,RR,15,False,,ORPHAN
CRD_157F33DF43A34D268793,두빅굴,AR,15,True,KO,OK
CRD_6C3E5BD53EFB49EC967E,타타륜 V,RR,15,True,KO,OK
CRD_76057B536C1E494D9DD9,리자몽 ex,SSR,15,True,KO,OK
CRD_6E7CD2D0B209451CA17C,파라꼬,AR,15,True,KO,OK
CRD_4B1139083803494BBE54,님피아 ex,RR,15,False,,ORPHAN
CRD_7F8ADC12469E4311B6AC,형사구스 GX,RR,15,True,KO,OK
CRD_A5C68E63AD7846D98563,이상해풀,AR,15,True,KO,OK
CRD_3E82A9C4F39E4C719B47,가라르 야도킹 V,RR,15,False,,ORPHAN
CRD_3C2A1D62C0444559B256,메가루차불 ex,MA,15,False,,ORPHAN
CRD_5DF591EAB7B44D25AF5A,한카리아스 V,RR,15,True,KO,OK
CRD_F2E16951A6FE43BF990C,라프라스 V,RR,15,True,KO,OK
CRD_94200842BFF04437AAA7,블래키 VMAX,RRR,15,True,KO,OK
CRD_4C67C7A9419549B09F71,마스카나 ex,RR,15,True,KO,OK
CRD_2E14D4A8D7AB4CCB95D2,아보크 ex,SR,15,True,KO,OK
CRD_54A3A02E1DEC4EE28F63,하이퍼 아로마,ACE,15,False,,ORPHAN
CRD_BC1C11E90BDF4F289E1A,스트린더,AR,15,True,KO,OK
CRD_15FD761C7E9D47358044,기로치 ex,RR,15,True,KO,OK
CRD_BC975C84189F46CDAFBF,난천,SR,15,True,KO,OK
CRD_417CF2C12A5949EC9DB5,오거폰 주춧돌의 가면 ex,RR,15,False,,ORPHAN
CRD_75EF99D62A3D4947A330,루나아라 GX,RR,15,True,KO,OK
CRD_DDAA23F00D9A45A3A417,시아노,SR,15,True,KO,OK
CRD_D934A1F32E1645DE8BCA,나인테일,AR,15,True,KO,OK
CRD_3C3DCDDEE1D445CF8043,빙큐보 ex,SR,15,True,KO,OK
CRD_950D0856241946C48A38,후딘 EX,SR,15,True,KO,OK
CRD_640E8984CA144951984C,에테르재단 직원,SR,15,True,KO,OK
CRD_34B77E90E77E454D9E00,메가가디안 ex,RR,15,True,KO,OK
CRD_D2495E3800AA46048DEE,라우드본 ex,RR,15,True,KO,OK
CRD_4145122B76D44C99ACC5,개굴닌자&조로아크 GX,SR,15,True,KO,OK
CRD_DCA22E7A661545CBAC0E,펄스멍 V,CSR,15,True,KO,OK
CRD_F7266F095112499DA31C,프테라 EX,PR,15,True,KO,OK
CRD_F99835774689458C8924,히스이 가디,AR,15,True,KO,OK
CRD_5FFCA95807BE4F5A9443,비리디온 GX,SR,15,True,KO,OK
CRD_2A44F68D825C43749B38,크리만,AR,15,True,KO,OK
CRD_26CD880191FC48B2BE27,벨의 진심,SR,15,True,KO,OK
CRD_A891C8ACBE5B4F3F8F48,스이쿤 GX,RR,15,True,KO,OK
CRD_93C902F4C3BD4E53BAA0,마휘핑 VMAX,RRR,15,True,KO,OK
CRD_D87B1708EDCE4A669223,망나뇽 GX,SR,15,True,KO,OK
CRD_F2B5F8F16749426C855A,자마젠타 V,SAR,15,True,KO,OK
CRD_64AC0547355944F0835D,쥬피썬더 V,SR,15,True,KO,OK
CRD_11E419D20A2A499FAFC6,바우첼 ex,SAR,15,True,KO,OK
CRD_B5BD597A055847CBB31C,캐스퐁 태양의 모습,AR,15,True,KO,OK
CRD_E7FBED3E79AE4C2C829E,전룡 V,SR,15,True,KO,OK
CRD_3E81540BBE5B4EF2A89E,오르티가,SR,15,True,KO,OK
CRD_7194B81B50E14F96A660,샤미드 ex,RR,15,False,,ORPHAN
CRD_1F266213F3D04671AEAA,썬더 ex,SAR,15,True,KO,OK
CRD_2165621DAD614A36A40F,지우의 피카츄,SM-P,15,True,KO,OK
CRD_51C1A941A9694DF8AA9A,알로라나시 GX,SR,15,True,KO,OK
CRD_EBAB81136FDF4638AA05,오거폰 화덕의 가면 ex,RR,15,False,,ORPHAN
CRD_CB7A266C3EF64219A66B,마그마번,AR,15,True,KO,OK
CRD_33A3DF458AC34EC6B1BD,호브의 자시안 ex,SR,15,True,KO,OK
CRD_0AC16029AD564BF68326,블랑쉬,SR,15,True,KO,OK
CRD_1F4026B2669C4D38ABC8,프테라 GX,SR,15,True,KO,OK
CRD_64A023A4F1074382A6F7,매시붕 GX,SSR,15,True,KO,OK
CRD_3E05F7873B1A4A2388BA,레돔벌레,AR,15,True,KO,OK
CRD_22A55E55E352446A864B,카푸나비나 GX,RR,15,False,,ORPHAN
CRD_23A695E8090F40B9B1A7,꼬이밍고,AR,15,True,KO,OK
CRD_B646D9DFC21842518DBB,요씽리스 V,RR,15,False,,ORPHAN
CRD_AEDD3F6DAB77462C84BA,고릴타 VMAX,SSR,15,True,KO,OK
CRD_D0431A834EF34574BAAD,루기아 GX,RR,15,True,KO,OK
CRD_96185C75E06F48A79770,라프라스 V,SSR,15,True,KO,OK
CRD_FE32D3EB75B042BE97D0,이야후,AR,15,True,KO,OK
CRD_12ADDDFE82F540F7B1D3,무쇠무인 ex,RR,15,True,KO,OK
CRD_E410D811910849CDAFFA,크로뱃 V,RR,15,True,KO,OK
CRD_50B50B0ABF4D437598F7,마임맨 GX,SM-P,15,True,KO,OK
CRD_0C8BBE2854A84ADDA4DC,그래비티 마운틴,UR,15,False,,ORPHAN
CRD_1781CCF24CA84BC3B847,음뱃,AR,15,True,KO,OK
CRD_39360915366347AFB75F,가디안 V,RR,15,True,KO,OK
CRD_2B83BC59F67D4D04ABD7,N의 포인트업,SR,15,False,,ORPHAN
CRD_A2846300EA0942BBBD3C,M전룡 EX,SR,15,True,KO,OK
CRD_FF1552C5F5BD478284DD,흑마 버드렉스 V,CSR,15,True,KO,OK
CRD_BBDFDA23088F44F3B3B8,M갸라도스 EX,SR,15,True,KO,OK
CRD_6D1BC2DD10F54AB98A56,알로라 식스테일 VSTAR,HR,15,True,KO,OK
CRD_ED93EAA08A3044DEADE1,제라오라 V,CSR,15,True,KO,OK
CRD_4B6DD9DF25B548FEA79D,카푸꼬꼬꼭 ex,SAR,15,True,KO,OK
CRD_0B59EFE11F824CC29403,다태우지네 V,RR,15,True,KO,OK
CRD_466576292217484F9E58,떨구새 ex,SR,15,True,KO,OK
CRD_6B452C1E25584A62B2AE,늑골라 GX,SM-P,15,True,KO,OK
CRD_45F4859A17FA4968BCF6,딱구리 ex,RR,15,True,KO,OK
CRD_3AF8CE5102AA47F5A68E,리자몽 ex,SAR,15,True,KO,OK
CRD_4A642D0DF8D74C7B896A,잠만보 V,RR,15,True,KO,OK
CRD_DB0F99DBDC074D509C4E,어니언,SR,15,True,KO,OK
CRD_63F5B0FD4B07476CB192,파오젠 ex,SR,15,True,KO,OK
CRD_B620557D7AF54A798F50,음번 V,RR,15,False,,ORPHAN
CRD_05613B885FD5443C8BC8,카지,SAR,15,True,KO,OK
CRD_CC0F23B6FAC346E58A02,스컬단의 조무래기,SR,15,True,KO,OK
CRD_CBCB333E225D4F5DA095,타타륜 V,SR,15,True,KO,OK
CRD_4EB2410F9979486EA231,크로뱃 V,CSR,15,True,KO,OK
CRD_8C4595A6BD8543299E01,고디보미,AR,15,True,KO,OK
CRD_F5CC0C9882084007972C,메가루카리오 ex,MA,15,True,KO,OK
CRD_0240A6FE69024ADCAB57,제라오라 V,SR,15,True,KO,OK
CRD_A3AB8AC8AAC347838A4D,멜리사,SR,15,True,KO,OK
CRD_9414462C5B0A48D9B34B,M폭타 EX,RR,15,True,KO,OK
CRD_A5B83823B6344946A314,피카츄 ex,SAR,15,True,KO,OK
CRD_16371A443973483F81FA,리자몽 GX,RR,15,True,KO,OK
CRD_FF58AC269F384D2DB169,근육몬,AR,15,True,KO,OK
CRD_AD76161B7F644CA29A26,님피아 VMAX,RRR,15,False,,ORPHAN
CRD_A137B96810564A16B8DA,번치코 VMAX,CSR,15,True,KO,OK
CRD_599E7458ABA7436BA692,따라큐,AR,15,True,KO,OK
CRD_618582EF6E874473AD9F,리피아 V,SR,15,True,KO,OK
CRD_0913C93AC0DD43E58008,코라이돈 ex,UR,15,True,KO,OK
CRD_1DDA49C90A3047D59903,모야모,SAR,15,True,KO,OK
CRD_D2BCEBD902BB4EB7B230,과미드라 ex,SR,15,True,KO,OK
CRD_3C91F57ABFE0494F9FEE,메가이상해꽃 ex,SAR,15,True,KO,OK
CRD_45BCEE6F7FD34E328ECD,강철톤,AR,15,True,KO,OK
CRD_89F2A38B167C4010B9FF,망나뇽 V,SR,15,True,KO,OK
CRD_9A309542F0194A578576,글레이시아 ex,RR,15,False,,ORPHAN
CRD_CAA84D92B77A42B6AD29,삼삼드래 ex,RR,15,True,KO,OK
CRD_7F78F4DCAE1340BCA119,다크라이 EX,RR,15,True,KO,OK
CRD_5F6E70DF27964C52ACD5,데인저러스 광선,ACE,15,False,,ORPHAN
CRD_5DAB2DD66D0B451E8825,메테노,AR,15,True,KO,OK
CRD_482EA800F7DE4871AD8A,뮤츠 VSTAR,SAR,15,True,KO,OK
CRD_9791FBC36F5B428C8756,뉴트럴센터,ACE,15,False,,ORPHAN
CRD_A9772F1A738D41739112,스이쿤 GX,SR,15,True,KO,OK
CRD_656BC340421641E5A050,독수의 함정,SR,15,True,KO,OK
CRD_44B4AF270D834B16884F,루가루암 V,SR,15,True,KO,OK
CRD_C3E06830FAAA4837AB25,아리아도스,CHR,15,True,KO,OK
CRD_5B0B71986B674763B7D4,브리두라스 ex,RR,15,False,,ORPHAN
CRD_E477534743004D15A397,진주몽,AR,15,True,KO,OK
CRD_4F4282B9BBB74862A121,찌리비,AR,15,True,KO,OK
CRD_4FD05F42130846719AF7,이상해꽃 ex,SAR,15,True,KO,OK
CRD_94284696E2874AA2AF1C,귀뚤톡크 V,SR,15,True,KO,OK
CRD_1640B082EE3340AAB612,전룡 GX,RR,15,True,KO,OK
CRD_7ECF8DBD726740498656,체렌의 배려심,HR,15,True,KO,OK
CRD_5FE253E42C974A6AB4E7,라이코 V,SAR,15,True,KO,OK
CRD_5C096EF4AA584BDCA606,시트론의 재치,SR,15,True,KO,OK
CRD_41BD351FBCE24334B7DD,나무킹 EX,RR,15,True,KO,OK
CRD_B6294903334744A58D01,지우의 피카츄,SM-P,15,True,KO,OK
CRD_1ACE44AEBA7B4DF5B0D6,칸델라,HR,15,True,KO,OK
CRD_3E5403B79A2643CBAD3A,토네로스 V,SR,15,True,KO,OK
CRD_0E49A59862734A4BA71B,차곡차곡 GX,RR,15,True,KO,OK
CRD_ECE7FABDE832461FA694,M팬텀 EX,RR,15,True,KO,OK
CRD_C669300AD32E4E5D86B4,드래펄트 VMAX,RRR,15,True,KO,OK
CRD_9541B98A19054E3AB2C3,다태우지네 V,CSR,15,True,KO,OK
CRD_A98144EB74584053ADE3,육파리 ex,RR,15,False,,ORPHAN
CRD_B2A94238DD6A45BD8A15,밀로틱,CHR,15,True,KO,OK
CRD_9A22F928864948BBAE25,마오,SR,15,True,KO,OK
CRD_AA3AA58E730E469981E5,독케일,AR,15,True,KO,OK
CRD_5965C8E46105490CBE74,킹드라 EX,RR,15,True,KO,OK
CRD_FE896876501E400DB1B9,파밀리쥐 ex,RR,15,True,KO,OK
CRD_FF09AC615D4A4B22B433,샤비,AR,15,True,KO,OK
CRD_EB793D839B1B4D889867,가디안 GX,RR,15,True,KO,OK
CRD_78BC0A0FADB34F7CAADD,폭타 EX,RR,15,True,KO,OK
CRD_1645BF1E84C74BFFBE20,기로치 ex,SR,15,True,KO,OK
CRD_1189D005D21D4ED69DBF,어치르돈 V,RR,15,True,KO,OK
CRD_C84CD0D4247C45DD9DA2,피카츄&제크로무 GX,RR,15,True,KO,OK
CRD_9E40D9EE7D9844C4868B,레지드래고 V,RR,15,True,KO,OK
CRD_641A3A941D1A424C84B3,기기기어르,AR,15,True,KO,OK
CRD_62BDFC93B8524B53A057,다크펫 ex,SR,15,True,KO,OK
CRD_DDAB514715144497A380,히스이 대검귀 VSTAR,SAR,15,True,KO,OK
CRD_34BFCA1006BC49D89AF5,잉어킹&고래왕 GX,RR,15,True,KO,OK
CRD_375B75D3FC3E42BAA4AD,사나운버섯,AR,15,True,KO,OK
CRD_D7F007D1EFC04DE9A1AF,뮤츠 EX,PR,15,True,KO,OK
CRD_EA4685C2802E4DCCB4EF,도나리 GX,SR,15,True,KO,OK
CRD_2DB11712502240BA802B,솔가레오&루나아라 GX,RR,15,True,KO,OK
CRD_8610EF7639C648C28130,하이퍼볼,UR,15,False,,ORPHAN
CRD_55EE6B10CEA84CDA8EED,마샤도&괴력몬 GX,SR,15,True,KO,OK
CRD_4EF712E5DEDB420796AE,독침붕 V,SR,15,True,KO,OK
CRD_75B112D50ACB4C48BD78,세이지,SAR,15,True,KO,OK
CRD_A5CCF9AA1AE84EC1B4E6,질뻐기&알로라질뻐기 GX,SR,15,True,KO,OK
CRD_0916BCC640C24E4088BB,드닐레이브,AR,15,True,KO,OK
CRD_A5BD2814B5454C479820,암트르,AR,15,True,KO,OK
CRD_5253E851E4414AD68104,백마 버드렉스 V,SR,15,True,KO,OK
CRD_371A341D2B024125AF8E,다크라이 GX,RR,15,True,KO,OK
CRD_66F3A5A65EF7499288F2,바랜드 V,SR,15,True,KO,OK
CRD_6E9E05529FE044859508,미라이돈,PR,15,True,KO,OK
CRD_640F3D6A0BD2463986B1,우렁찬꼬리 ex,RR,15,True,KO,OK
CRD_32386B204F0740378DD5,너트령,AR,15,True,KO,OK
CRD_6D8F9AF9CC2D47D0ABE5,눈설왕,CHR,15,True,KO,OK
CRD_66963C0675B84ECAA1FA,마스터,SR,15,True,KO,OK
CRD_B67C469BF7EA40619E14,입치트 GX,RR,15,True,KO,OK
CRD_48E53C0884D54CECB73D,히스이 미끄래곤,AR,15,True,KO,OK
CRD_5754D3B72AA34FB4A42C,다태우지네 VMAX,SSR,15,True,KO,OK
CRD_56CD73E3F5C544A2B1AD,히스이 드레디어 VSTAR,RRR,15,True,KO,OK
CRD_773316D488304D578A1D,민진의 헤아림,SR,15,True,KO,OK
CRD_828E8D059DF7414D891B,뮤 ex,SAR,15,True,KO,OK
CRD_3358929E8924485E949B,크로뱃 VMAX,RRR,15,True,KO,OK
CRD_6E6A642B52D441B786B7,뷰티플라이,AR,15,True,KO,OK
CRD_DF1BC7CED4E14C938183,운향,SAR,15,True,KO,OK
CRD_B6CF092809C341D6B60F,미모사,SAR,15,True,KO,OK
CRD_4C94C9838D3A4C2DA183,악식킹 GX,SR,15,True,KO,OK
CRD_24D79E9DD4E24DDFB538,뮤츠,AR,15,True,KO,OK
CRD_F0387563D342474298CC,샤미드 ex,SAR,15,True,KO,OK
CRD_BF0BAA33D5244D7D9AE4,백마 버드렉스 V,CSR,15,True,KO,OK
CRD_AD6115AF78224218ACF6,스완나,AR,15,True,KO,OK
CRD_0A1D6B89377D433F8DC2,라프라스 GX,RR,15,True,KO,OK
CRD_8E54C8AECE0B4005A79D,레쿠쟈 EX,RR,15,False,,ORPHAN
CRD_FA4844F80C824187B97C,뮤츠 V,RR,15,True,KO,OK
CRD_F169403CBFD9431CAB8D,펄스멍 VMAX,RRR,15,True,KO,OK
CRD_4F6B88682F194C539477,메가입치트 ex,SR,15,True,KO,OK
CRD_2371B40007C64AC0B36E,모야모의 찌리배리 ex,UR,15,True,KO,OK
CRD_C5C509526A7B4DBFBF80,제빈,SAR,15,True,KO,OK
CRD_8E2D357D27A34250B5E6,코터스,CHR,15,True,KO,OK
CRD_1647486130EF4A25940C,샤로다 V,RR,15,True,KO,OK
CRD_2D25B07240614BDCAAAC,히스이 대검귀 VSTAR,HR,15,True,KO,OK
CRD_3E4E6014D8C14643B6EE,한카리아스&기라티나 GX,RR,15,True,KO,OK
CRD_DBD0BA8810234F79AE76,메가입치트 ex,RR,15,True,KO,OK
CRD_D18C8870DB964490B498,히스이의 동료들,SR,15,True,KO,OK
CRD_51DDA6EA64684E538750,펄스멍 V,RR,15,True,KO,OK
CRD_0B802D98F17B44E8B194,카푸느지느 GX,RR,15,True,KO,OK
CRD_F620A35C87F249DD80D6,초염몽,AR,15,True,KO,OK
CRD_A5D2567F7CE3427BA8CF,종길,SR,15,True,KO,OK
CRD_53864D1A7E104131B58A,자시안 V,RR,15,True,KO,OK
CRD_AF50D7F7BF224CA6B856,신오의 동료들,SR,15,True,KO,OK
CRD_F8D9E7AF24C1484482DA,뮤츠&뮤 GX,RR,15,True,KO,OK
CRD_5CC4F5F3C4294D54BEBB,제크로무 ex,RR,15,True,KO,OK
CRD_BA4BEE00353244F580C5,메가망나뇽 ex,MA,15,True,KO,OK
CRD_680C2B798F8C4EDE9112,제크로무 ex,RR,15,False,,ORPHAN
CRD_3EDE7FB426A144669E19,마라카치,AR,15,True,KO,OK
CRD_84D9AB8184C644238C4E,제크로무 EX,RR,15,True,KO,OK
CRD_599F1CA9849C4F27A6F6,언페어 스탬프,ACE,15,False,,ORPHAN
CRD_CE5938A4B28D47A0AD85,샤로다 VSTAR,RRR,15,True,KO,OK
CRD_88A52D327991404F8340,그루샤,SR,15,True,KO,OK
CRD_BA348F823BE347518A3B,미라이돈 ex,RR,15,True,KO,OK
CRD_C2E4C6930E644C2D8236,네크로즈마 새벽의 날개 GX,RR,15,True,KO,OK
CRD_8A1E40EAAEB14AF79227,M팬텀 EX,RR,15,False,,ORPHAN
CRD_F878464C76304FFF8660,핫삼 ex,SR,15,True,KO,OK
CRD_8E25DF25B8DD49B6A003,알로라 나시 V,SR,15,True,KO,OK
CRD_BB59547714764CE4B9C2,멜론,SAR,15,True,KO,OK
CRD_EC86C750F0BF4F198ECA,눈여아 ex,RR,15,True,KO,OK
CRD_4DA4E6DE9B234E42BAE2,총지엔 ex,SAR,15,True,KO,OK
CRD_4E00186303FD42FCA5B7,빙큐보 ex,RR,15,True,KO,OK
CRD_C3A6BDB895B242D99F32,제라오라 VMAX,RRR,15,True,KO,OK
CRD_79B61EB556A54DDA9E83,부스터 V,RR,15,False,,ORPHAN
CRD_2FABCAF7B31F4346915C,코고미,AR,15,True,KO,OK
CRD_D5A5E687475744ADA96D,포켓몬 레인저,SR,15,False,,ORPHAN
CRD_9529FB33C2B2497B9A13,올리브,SR,15,True,KO,OK
CRD_1E5819643E174D74811E,메가이상해꽃 ex,RR,15,True,KO,OK
CRD_09A1CB4E6B9E4002ACA2,캥카,AR,15,True,KO,OK
CRD_C19EA4CD8F604CCE8CFA,라우드본 ex,UR,15,True,KO,OK
CRD_8E8635B273814CB28F1B,브리두라스 ex,SAR,15,True,KO,OK
CRD_077EAB8DA2FB416FBA52,골루그,AR,15,True,KO,OK
CRD_9AEA052EE47E4F54822F,피카츄 VMAX,RRR,15,True,KO,OK
CRD_7633E4DC01B743F4A4BC,메가팬텀 ex,SAR,15,True,KO,OK
CRD_DEBF98B578D94A9486D2,무쇠가시 ex,RR,15,True,KO,OK
CRD_7BB063F505DD4DC096EB,유니란,AR,15,True,KO,OK
CRD_46AA4AF10EC446A2A11D,기모노드레스,HR,15,True,KO,OK
CRD_17916E8A74A842A69743,배틀 리포터,SR,15,True,KO,OK
CRD_9337B381E5BB47909A16,꼬몽울,AR,15,True,KO,OK
CRD_6B4990C003EE4F5C95AF,해피너스 V,RR,15,True,KO,OK
CRD_2A2AA65BC13345549AD1,마스터드 연격의 태세,SR,15,True,KO,OK
CRD_8384DAD4A2524069AD34,로켓단의 또도가스,AR,15,True,KO,OK
CRD_46402F0A4DE7492785D0,게노세크트 V,RR,15,True,KO,OK
CRD_536CF43303D74BB4BB90,운향,SR,15,True,KO,OK
CRD_98DAFEBB7A994BAB96D1,아크로마의 실험,SR,15,True,KO,OK
CRD_489EB78CD21244439801,따라큐 GX,RR,15,True,KO,OK
CRD_D88B69F2CCFC4DF587DC,샤로다 V,CSR,15,True,KO,OK
CRD_B95C9626B4BD40E69107,라프라스 VMAX,RRR,15,True,KO,OK
CRD_9CD4BE7C890148EC8776,고릴타 V,RR,15,True,KO,OK
CRD_8206CD8F04C740CB8753,히스이 조로아크 V,SR,15,True,KO,OK
CRD_3B1C48E46678437CBAE4,가디안&님피아 GX,SR,15,True,KO,OK
CRD_3C56BFC81EEB4EE89BB1,피카츄 ex,RR,15,True,KO,OK
CRD_9BE58FA4A9F6422D96ED,음번 ex,RR,15,True,KO,OK
CRD_932E2AB3AB22444D9575,조타구 ex,RR,15,True,KO,OK
CRD_03969BCA263B42ACB41A,프테라 VSTAR,HR,15,True,KO,OK
CRD_BA98E92E4AFE471CB7C6,후파 ex,RR,15,True,KO,OK
CRD_1719064C4D5A4530B4C4,탐리스,AR,15,True,KO,OK
CRD_FA3F82848A274CCC8A5A,버베나와 헬레나,SR,15,True,KO,OK
CRD_25C4E5DDBD5348CBACD3,윽우지 V,SR,15,True,KO,OK
CRD_7FBA603DD96943F5B7F0,후파 EX,RR,15,True,KO,OK
CRD_3B28179308924FD388CA,불카모스 GX,SR,15,True,KO,OK
CRD_B4500EAE366644C09065,무한다이노 VMAX,RRR,15,True,KO,OK
CRD_357701E9E661484B8261,킹드라 GX,RR,15,True,KO,OK
CRD_52F916AFA8B244C5ACDA,채두,SR,15,True,KO,OK
CRD_0B22E2A33CB14A99888F,저지맨,SR,15,True,KO,OK
CRD_4EE25BC32C984F3BBC3C,아켄,AR,15,True,KO,OK
CRD_3ABA99E638CD43358D1A,라프라스 GX,SR,15,True,KO,OK
CRD_3F61C7008F084A26A6CC,독개굴 ex,RR,15,True,KO,OK
CRD_D5BD1DC91C304D4CBBCD,무쇠잎새 ex,RR,15,True,KO,OK
CRD_4A5D12AC03DD4224B309,님피아 GX,RR,15,False,,ORPHAN
CRD_CFE0FEB8D1254AD69467,자시안 V,RR,15,False,,ORPHAN
CRD_B64ABBE03E224573AFE8,무쇠잎새 ex,UR,15,True,KO,OK
CRD_4A61F5781B4E4CF1A1F0,절벼게,AR,15,True,KO,OK
CRD_3BF8865058D243DC9DBF,플라이곤 GX,SR,15,True,KO,OK
CRD_53A0FD8027524CC4A991,알로라나시 GX,RR,15,True,KO,OK
CRD_5A8FC382CCE44FCEBEB2,아기씨,SR,15,True,KO,OK
CRD_FFAB6C584CD745B9A717,다크라이 EX,RR,15,True,KO,OK
CRD_A2BF0189A7944E14A265,밀로틱 V,SR,15,True,KO,OK
CRD_2C1B8B60A6A24410B160,멜리사,HR,15,True,KO,OK
CRD_E3EBBD9998F746FDB3A1,페로코체 GX,SR,15,False,,ORPHAN
CRD_DB67FF4AD9D943BF9366,라티오스(프리즘스타),PR,15,True,KO,OK
CRD_9987ACD7E7C54BF8A0F8,요씽리스 V,RR,15,True,KO,OK
CRD_2D84D1DA75FF4868B015,말리화,SR,15,True,KO,OK
CRD_DB1EE27B66F247D18E05,M엘레이드 EX,RR,15,True,KO,OK
CRD_F49E3C984D174548B44E,큐아링,AR,15,True,KO,OK
CRD_85C6AB0CD75440EFA091,레시라무 ex,RR,15,True,KO,OK
CRD_4CCBCECB375543B99CEB,아크로마플라스마단,SR,15,True,KO,OK
CRD_86753990A73F4233AA04,일격 우라오스 V,RR,15,False,,ORPHAN
CRD_B65A3E174310474CA8B8,타격귀,AR,15,True,KO,OK
CRD_80F1FC05F4D8499DA9DA,모야모의 찌리배리 ex,RR,15,True,KO,OK
CRD_B845DAE48C424F97A12D,개굴닌자 ex,RR,15,True,KO,OK
CRD_6844172254A344548A6C,코르니,SR,15,True,KO,OK
CRD_D3A5DFC3A6B34F32B872,제크로무 ex,RR,15,True,KO,OK
CRD_ABB1F47733574B969DF6,제라오라,AR,15,True,KO,OK
CRD_8ED834DBED86423DAAE0,마오&수련,SR,15,True,KO,OK
CRD_3F47FE910E9D4632AC13,키키링,AR,15,True,KO,OK
CRD_330DDDD1228E4170B359,형사구스 GX,SR,15,True,KO,OK
CRD_E7A9269390E346AA93B3,플라이곤 GX,RR,15,True,KO,OK
CRD_2E7CD2B64DB94542A5DB,조타구,AR,15,True,KO,OK
CRD_E4C1A15E591E42F1AB64,위유이 ex,SR,15,True,KO,OK
CRD_DCF9C516EF5F46D3A23A,메가루카리오 ex,SAR,15,True,KO,OK
CRD_D4CFC33A07144C65A793,멜탄,AR,15,True,KO,OK
CRD_80554114AB5D428FB10A,상행&하행,SR,15,True,KO,OK
CRD_042E784E8ED640CF929D,루카리오 GX,RR,15,True,KO,OK
CRD_C24816ED007D4FA3AB68,비리디온 V,RR,15,True,KO,OK
CRD_EC8BBD7D28E54F38BB67,M뮤츠 EX,RR,15,True,KO,OK
CRD_15F12748F61F45C7853E,M폭타 EX,RR,15,True,KO,OK
CRD_9310EDB656AA44159715,이상해꽃&주리비얀 GX,SR,15,True,KO,OK
CRD_CECA6BC4887D4E72992B,위유이 ex,RR,15,True,KO,OK
CRD_D3B2F8E6629F414DAAA8,지우의 피카츄,SM-P,15,True,KO,OK
CRD_8D03B1108C6B4669B82D,토네로스 VMAX,RRR,15,True,KO,OK
CRD_DD544B72133A4A17A1BB,멜론,SR,15,True,KO,OK
CRD_385E29A0C8C3476C9C4B,드래피온 V,RR,15,True,KO,OK
CRD_93F6FE4202C343CFB1F7,볼케니온 ex,SR,15,True,KO,OK
CRD_25A76CC236D74FF2B49A,웨이니발 ex,SAR,15,True,KO,OK
CRD_187E76533B5540179493,지가르데 GX,RR,15,True,KO,OK
CRD_F219617CBAE84E76BDFA,데스니칸 ex,SR,15,True,KO,OK
CRD_5B702C8872B74994BDE1,조로아크,AR,15,True,KO,OK
CRD_E4EBDAAC420B49DFB73D,비크티니,PR,15,True,KO,OK
CRD_FBEDA5391D0C4078BFB0,포켓몬 회수 사이클론,ACE,15,False,,ORPHAN
CRD_BDC1ABE01CFF4D5CA326,포켓몬 매니아,SR,15,True,KO,OK
CRD_A502FAAAF5E44D6EB6F0,갑주무사 GX,RR,15,True,KO,OK
CRD_BBE6EFDD0952406BA8C0,깜놀버슬,AR,15,True,KO,OK
CRD_F42636A1EA3142B89771,리피아 GX,SM-P,15,True,KO,OK
CRD_4C491E5A492F45CB8EB5,그린의 전략,SR,15,True,KO,OK
CRD_37121FE6503349888A93,자시안 V,RR,15,True,KO,OK
CRD_690D9691BB90458E8645,샤로다 VSTAR,UR,15,True,KO,OK
CRD_99F4E975DD944ADE96D9,다태우지네 V,SR,15,True,KO,OK
CRD_60C70570B40E4735B531,맘모꾸리 ex,RR,15,False,,ORPHAN
CRD_EBCFDCA7F49A46F69C45,주리비얀,AR,15,True,KO,OK
CRD_4032908FFCFF4C66A7DA,알로라질뻐기 GX,SR,15,True,KO,OK
CRD_D827A662E6E744C3B693,무우마,AR,15,True,KO,OK
CRD_359332F027204F0997A9,펄스멍 V,SSR,15,True,KO,OK
CRD_49411B14FD8649DE8364,토네로스 V,SR,15,True,KO,OK
CRD_A81F66DC2106497F8D12,육파리,AR,15,True,KO,OK
CRD_B92E9CCA3B94438EB268,메가눈여아 ex,MA,15,True,KO,OK
CRD_E1B6948E73434311B499,피카츄 EX,RR,15,True,KO,OK
CRD_1E093F6900FF4470B84E,카푸나비나 GX,SR,15,True,KO,OK
CRD_3F76B4D8B9814F63AA83,샤미드 V,SR,15,True,KO,OK
CRD_DA900EAAF6EA496AA465,몽나,AR,15,True,KO,OK
CRD_05BEE743A1F84904ADE4,노고고치,AR,15,True,KO,OK
CRD_324563089502413E8DA5,마스카나 ex,UR,15,True,KO,OK
CRD_526DC57204B446B594BD,무쇠독나방,AR,15,True,KO,OK
CRD_498BBDABFF4741DD92A0,썬더 ex,RR,15,True,KO,OK
CRD_4D987972880E4502ACD0,가라르 산호르곤 V,RR,15,True,KO,OK
CRD_300C6F0A10AF4D768DAB,깜눈크,AR,15,True,KO,OK
CRD_9239E2F6422F4F328D52,라이츄&알로라라이츄 GX,RR,15,True,KO,OK
CRD_CF565FADAC9C45388046,뮤 ex,RR,15,True,KO,OK
CRD_07E30AB6E1C54457BB2D,서퍼,SAR,15,True,KO,OK
CRD_84F100B202834C6DAE3B,핫삼 ex,RR,15,True,KO,OK
CRD_88CACC97FEA144AAB25D,다크펫 ex,RR,15,True,KO,OK
CRD_3341BC09AE6F45A6A646,모래성이당 ex,SR,15,True,KO,OK
CRD_BF2EC3DA51FE45219EFA,제라오라 V,RR,15,True,KO,OK
CRD_E1D8518B742042F6B3BB,솔가레오 GX,SR,15,True,KO,OK
CRD_0D7B809C988C42A38D29,오거폰 벽록의 가면 ex,RR,15,False,,ORPHAN
CRD_1F692CD4AE004ABBACC3,야부엉 BREAK,PR,15,True,KO,OK
CRD_8EA0FE1484B142468656,명탐정 피카츄,SM-P,15,True,KO,OK
CRD_AA9BCA8E74A84FD68B18,큐레무 ex,RR,15,False,,ORPHAN
CRD_F84F74A865C24A938AB5,파비코리 GX,RR,15,True,KO,OK
CRD_D4963DE8F541495794EE,이상해씨,AR,15,True,KO,OK
CRD_9B43E03D5DF442759E58,염뉴트 GX,SR,15,True,KO,OK
CRD_A9971F75407F4A80908E,히스이 조로아크 VSTAR,RRR,15,True,KO,OK
CRD_DB4376253193405389B0,무한다이노 V,RR,15,True,KO,OK
CRD_17C83FF85F944764957F,과미르,AR,15,True,KO,OK
CRD_A59B08DC49AD4E5FBFA7,고동치는달 ex,RR,15,True,KO,OK
CRD_485ACB25D5DE4A248426,그푸리,AR,15,True,KO,OK
CRD_57BF36837D354F8B8535,블래키 GX,SM-P,15,True,KO,OK
CRD_A4A072ED41004885A806,소미안,AR,15,True,KO,OK
CRD_51A40A7F283548AAA8AC,갑주무사 GX,SR,15,True,KO,OK
CRD_21B1F91A8CC1487FB607,님피아 V,SR,15,True,KO,OK
CRD_81C9A32B267046DDA955,고동치는달 ex,SAR,15,True,KO,OK
CRD_244EB50258FC45D58BB7,이브이 ex,RR,15,True,KO,OK
CRD_0AD2B95BE4924784A6C4,바닐리치,AR,15,True,KO,OK
CRD_BCAD270973224770B3FD,팬텀 ex,SR,15,True,KO,OK
CRD_2ACE89E68BFA4F5BA7C3,석탄산 V,SR,15,True,KO,OK
CRD_E2624BC5F3F648E0A565,고래왕,H,20,False,,ORPHAN
CRD_1A2192604CAF4EA98918,뮤츠 EX,SR,20,True,KO,OK
CRD_4F3FD729BEEB4D2F8DDC,토대부기,H,20,False,,ORPHAN
CRD_C2853FCE66E848CFBA00,가이오가 EX,RR,20,True,KO,OK
CRD_DD4F767B8C314FCDBAF1,펄기아,HR,20,True,KO,OK
CRD_6393EBE4F2594F90B558,쉐이미 EX,SR,20,True,KO,OK
CRD_3B0AA576F162446CAD28,전룡 EX,RR,20,True,KO,OK
CRD_644AB314E2154B318313,블랙큐레무 EX,SR,20,True,KO,OK
CRD_21ECC569A2E3467CA36C,M뮤츠 EX,SR,20,False,,ORPHAN
CRD_9B64D783E4344EBB8735,라티아스 EX,SR,20,True,KO,OK
CRD_49B4C54D818A4CF7BA81,M리자몽 EX,RR,20,True,KO,OK
CRD_7E2810AFF88645B98963,이상해꽃 EX,SR,20,True,KO,OK
CRD_494E55E7C59E4B6DA4E3,야도란 EX,RR,20,True,KO,OK
CRD_36FC9D7A34B947999101,기라티나 EX,SR,20,True,KO,OK
CRD_D1651B27D22047C4A81B,삼삼드래 BREAK,RR,20,True,KO,OK
CRD_79B0B8C088454C1EB451,대로트 EX,RR,20,True,KO,OK
CRD_7670562F15A640309F43,거북왕 EX,RR,20,True,KO,OK
CRD_37AD357EC31F4A4E9BDD,핫삼 EX,RR,20,True,KO,OK
CRD_ACE1406D88444132AE41,프리져 EX플라스마단,SR,20,True,KO,OK
CRD_6DB5111B654B472DAE5B,볼케니온 EX,SR,20,True,KO,OK
CRD_7BA2781997C84AA48CE9,쉐이미 EX,SR,20,True,KO,OK
CRD_D4D97671FD8C454A8A1C,크레세리아,HR,20,True,KO,OK
CRD_7EE7B873542649888B27,핫삼,H,20,False,,ORPHAN
CRD_37AB901988844FF8AD6B,뮤츠,H,20,False,,ORPHAN
CRD_DC74E397CD2F48098A04,갸라도스 EX,SR,20,True,KO,OK
CRD_44F5692ABDFC4F8DA2CA,볼트로스 EX플라스마단,SR,20,True,KO,OK
CRD_775A49F21F744A09869C,M보스로라 EX,SR,20,True,KO,OK
CRD_54225423274C4FCD8360,장크로다일,H,20,False,,ORPHAN
CRD_7A67799546644DDCB6B1,볼케니온 EX,RR,20,False,,ORPHAN
CRD_D1C7EB9112774D94908B,뮤츠 EX,RR,20,False,,ORPHAN
CRD_4DD30CBFBB2B4EB88C71,루기아 EX,SR,20,True,KO,OK
CRD_E5EA343F391542008AAD,헤라크로스 EX,SR,20,True,KO,OK
CRD_BEE96AE0AAD94B119F67,라티아스,H,20,False,,ORPHAN
CRD_B16E4806EF614E799EA1,M피죤투 EX,SR,20,True,KO,OK
CRD_95020B5585B74E58A3AC,레트라 BREAK,RR,20,True,KO,OK
CRD_C6BCC807CA5C496CAFC2,제르네아스 EX,RR,20,False,,ORPHAN
CRD_52F5DDE5DDE7486DAF16,이상해꽃 EX,SR,20,True,KO,OK
CRD_67397D46BAC44F998127,피죤투 EX,SR,20,True,KO,OK
CRD_11E5855A9F524525AA5F,눈설왕,H,20,False,,ORPHAN
CRD_16D569A705C64B95885E,M얼음귀신 EX,SR,20,True,KO,OK
CRD_4C6B8CCE76054101B753,헤라크로스 EX,RR,20,True,KO,OK
CRD_8EA74EA746054746A291,기라티나,HR,20,True,KO,OK
CRD_81B0111FE0FD481DAE40,폭타 EX,RR,20,False,,ORPHAN
CRD_2C1DA4E5D17E428CB8AF,M얼음귀신 EX,RR,20,True,KO,OK
CRD_428C55ECF9A14BC098C4,찌르호크,H,20,False,,ORPHAN
CRD_3B4881B425A945B385D7,화염레오 BREAK,RR,20,True,KO,OK
CRD_CD013DC1D5D04AC8B637,에브이 EX,SR,20,True,KO,OK
CRD_3AEB0958DF704E919E03,M야도란 EX,RR,20,True,KO,OK
CRD_C1608F37F71B44D08013,M뮤츠 EX,SR,20,True,KO,OK
CRD_3179926ACA3A4B8DB939,엘레이드,H,20,False,,ORPHAN
CRD_868C50B2C04F4088AF8A,마기아나 EX,RR,20,False,,ORPHAN
CRD_96F78E077FFB4F7BADB9,큐레무 EX,SR,20,True,KO,OK
CRD_C1EA9FCD9E9548B294A9,레지기가스,H,20,False,,ORPHAN
CRD_9CD978A793F04EEBB0F9,거북왕 EX,RR,20,True,KO,OK
CRD_BBF48E2A085C4050AA8B,글레이시아,HR,20,True,KO,OK
CRD_49CC517FCE054EB99CD3,M리자몽 EX,RR,20,True,KO,OK
CRD_17EF823FA3CB4B2B8EE4,코바르온,SR,20,True,KO,OK
CRD_719D41E4711F4E498397,가디안 EX,SR,20,False,,ORPHAN
CRD_3D8E86F6369447DC8A73,두빅굴 EX,SR,20,True,KO,OK
CRD_CEB8225D5244467F942E,샤크니아 EX,RR,20,False,,ORPHAN
CRD_C0DE715FF08247A1BCA3,M갸라도스 EX,RR,20,True,KO,OK
CRD_46675A842A144D9E84CF,가디안 EX,RR,20,True,KO,OK
CRD_F3B02B06F9074DFEB4C5,제르네아스 BREAK,RR,20,False,,ORPHAN
CRD_8550FB250AFA4FADB616,거북왕 EX,SR,20,True,KO,OK
CRD_AF1FDA799C6143DFA5A9,강철톤 EX,SR,20,True,KO,OK
CRD_40BA664331F9436D9980,레쿠쟈 EX,RR,20,False,,ORPHAN
CRD_517D349E079B4F5E83C7,라티오스 EX,SR,20,True,KO,OK
CRD_EF941452F94747E4BB8D,다크라이 EX,RR,20,True,KO,OK
CRD_DB71489497854EF98781,M가디안 EX,SR,20,True,KO,OK
CRD_F3EAABE5636E4544BBF4,엠페르트,H,20,False,,ORPHAN
CRD_DD00D2AE5AAE433DB11B,메가니움,H,20,False,,ORPHAN
CRD_9AD4F161BE9E44D6AAF7,폭타 EX,SR,20,True,KO,OK
CRD_4B54FA5828754EE1BCD7,랜드로스 EX,SR,20,True,KO,OK
CRD_9B8DB93FAA7F49D1B45D,갸라도스,H,20,False,,ORPHAN
CRD_9DA43870585949379283,리자몽 EX,SR,20,True,KO,OK
CRD_005486D6770C493AACF0,M가디안 EX,RR,20,False,,ORPHAN
CRD_57B8FD435C2148F8854F,괴력몬 BREAK,RR,20,True,KO,OK
CRD_ED0874E360244839B36D,엠페르트,HR,20,True,KO,OK
CRD_0C3B183FCB4142F2B7B8,괴력몬 EX,RR,20,True,KO,OK
CRD_5B2F9E406EA042858360,스이쿤,H,20,False,,ORPHAN
CRD_45C9E6F60F414FF4A7C1,망나뇽 EX,SR,20,True,KO,OK
CRD_24845E4BD72A47AAA490,라티오스 EX,RR,20,True,KO,OK
CRD_30F7E6BA52AE4DE7A1E4,킹드라,H,20,False,,ORPHAN
CRD_E75C01B1AA4F453B9553,가디안 EX,RR,20,True,KO,OK
CRD_86FC87CEE4C84C5BAAC6,M루카리오 EX,RR,20,False,,ORPHAN
CRD_01E1A15D9BF64FB3A102,캥카 EX,RR,20,True,KO,OK
CRD_4A17C07AEF20419B859B,테라키온,SR,20,True,KO,OK
CRD_C7804ACB352A4684AF39,비리디온 EX,SR,20,True,KO,OK
CRD_D602C3182737420E823B,볼트로스,SR,20,True,KO,OK
CRD_405BADC8018046369711,대로트 BREAK,RR,20,False,,ORPHAN
CRD_22F2486B38CA4BF283BF,조로아크 BREAK,RR,20,False,,ORPHAN
CRD_7E2493249D5F4079918C,루카리오 EX,SR,20,True,KO,OK
CRD_73060B256D5B47E6A823,볼트로스 EX,SR,20,True,KO,OK
CRD_0349CF2E05594460B06B,M보스로라 EX,RR,20,True,KO,OK
CRD_F7CE1A011375434A88F6,초염몽,H,20,False,,ORPHAN
CRD_757F993EE46349B8AC92,라이코,H,20,False,,ORPHAN
CRD_DAA647C583CD4B3182C5,독개굴 EX,RR,20,True,KO,OK
CRD_9BC1A3BF1D4A4EEE8BE3,전룡 EX,SR,20,True,KO,OK
CRD_007D898667D84D8F9B7E,제크로무,SR,20,True,KO,OK
CRD_B124B687EC404C5FAC1B,다크라이 EX,SR,20,True,KO,OK
CRD_900AFEE83E79462B86B9,M핫삼 EX,RR,20,True,KO,OK
CRD_D1568FD5074145118D55,후파 EX,RR,20,False,,ORPHAN
CRD_4F20B1287335476CA680,개굴닌자 BREAK,RR,20,False,,ORPHAN
CRD_DB8B895CEE0C4F1D99AB,고래왕 EX,SR,20,True,KO,OK
CRD_AC159F45A9C945968FF3,핫삼 EX,SR,20,True,KO,OK
CRD_36CCEEAEBFE444AF8E74,팬텀 EX,SR,20,True,KO,OK
CRD_AAFCE321115E4410A267,렌트라,H,20,False,,ORPHAN
CRD_7C977A54E4F7492996C5,엘레이드 EX,SR,20,True,KO,OK
CRD_634203B063A54BAD8C11,괴력몬,HR,20,True,KO,OK
CRD_F24BA2D7FF26428BA245,토네로스 EX,SR,20,True,KO,OK
CRD_70C03F70940E4AFD89F7,삼삼드래 EX,RR,20,True,KO,OK
CRD_44A13E89FE7A4D61BDE0,헬가 EX,SR,20,True,KO,OK
CRD_CCD4D99170364DA08302,M캥카 EX,RR,20,False,,ORPHAN
CRD_3FEFE9BCF9014B07A6CB,돈크로우,HR,20,True,KO,OK
CRD_977E585DA38F48799AA6,기라티나,H,20,False,,ORPHAN
CRD_8B7A966BC8FE43738606,에브이,H,20,False,,ORPHAN
CRD_F61C59091A3A48E18945,망나뇽,H,20,False,,ORPHAN
CRD_774A388CB1DC46F384AE,뮤츠 EX,SR,20,True,KO,OK
CRD_1E0043AFBDEA40F0A0F7,마그마단의 그란돈 EX,RR,20,True,KO,OK
CRD_8C4814A402E140B9A2FC,텅구리 BREAK,RR,20,True,KO,OK
CRD_E63A3661A70B481E984A,라티오스 EX,SR,20,True,KO,OK
CRD_BA7E5BDFBF2443BBB5C7,가이오가 EX,SR,20,True,KO,OK
CRD_88DD09D2B6D24EC68E6E,토네로스 EX플라스마단,SR,20,True,KO,OK
CRD_B02D8C31DB1A44969F52,가이오가 EX,SR,20,True,KO,OK
CRD_AAFE59E917F54C8FB509,에몽가 EX,SR,20,True,KO,OK
CRD_2CE1E087831443ADACEE,에몽가,SR,20,True,KO,OK
CRD_6A5E3F53DC574562AB1C,히드런 EX플라스마단,SR,20,True,KO,OK
CRD_8B4E9ACDCF524203B75F,케르디오 EX,SR,20,True,KO,OK
CRD_877457DF732E4A2C8C7F,원시가이오가 EX,SR,20,True,KO,OK
CRD_580B34E63D1A409296DB,브리가론 BREAK,RR,20,False,,ORPHAN
CRD_21362825A5DE48988411,칠색조 EX,SR,20,True,KO,OK
CRD_843DB9D7E2934E2DB5CE,대로트 EX,SR,20,True,KO,OK
CRD_B05ED192EA914D9893FB,마그마번,HR,20,True,KO,OK
CRD_49258A0BD56C4E8CAAE1,샤크니아 EX,SR,20,True,KO,OK
CRD_2821F636689C4FCE8CCC,쉐이미,HR,20,True,KO,OK
CRD_59E0A7F3922147D59CD0,테오키스 EX플라스마단,SR,20,True,KO,OK
CRD_43184344379E4533B6E5,두빅굴 EX,RR,20,True,KO,OK
CRD_AFD5B4C57E4049A59C23,루기아 EX,RR,20,True,KO,OK
CRD_9337246D91AB42D89EBE,뮤츠 EX,SR,20,True,KO,OK
CRD_1123601A6CCD4FB19606,뮤 EX,SR,20,True,KO,OK
CRD_045F0D6428AC4D5AA584,M나무킹 EX,RR,20,False,,ORPHAN
CRD_D2518F5B122F4451AB0C,플라제스 EX,SR,20,True,KO,OK
CRD_65DE95DF80D94E05A42A,이상해꽃 EX,RR,20,True,KO,OK
CRD_B443DB37EB0D40308182,M레쿠쟈 EX,SR,20,True,KO,OK
CRD_BFF0F8FC415E469DAEE9,플라이곤,H,20,False,,ORPHAN
CRD_0C99B90A478B44A1BA11,메로엣타 EX,SR,20,True,KO,OK
CRD_96F271C8A3214766B5E3,메타그로스,H,20,False,,ORPHAN
CRD_F50C5E99DDEA4109903A,볼트로스 EX,RR,20,True,KO,OK
CRD_DAF9334F2EBE4F959019,그란돈 EX,RR,20,True,KO,OK
CRD_0161FB6AE117410F872F,M거북왕 EX,SR,20,True,KO,OK
CRD_10CAB872C0EE49CAAAAC,자포코일,HR,20,True,KO,OK
CRD_054B8B1A8D90438899B1,보스로라 EX,SR,20,True,KO,OK
CRD_1549CC7E9EFC44D08FD4,리피아,HR,20,True,KO,OK
CRD_E2D10B6BD1CB4538A46D,니드킹 BREAK,RR,20,True,KO,OK
CRD_E070290089C64D9A8C5E,팬텀 EX,RR,20,False,,ORPHAN
CRD_83BAA925FA8D48C4ABFE,플라제스 BREAK,RR,20,True,KO,OK
CRD_D9FD0C12886E494286DB,쉐이미 EX,SR,20,True,KO,OK
CRD_F708A3D8A5944CB7BF93,M나무킹 EX,SR,20,True,KO,OK
CRD_3339DB7AA7FD4A21BFE5,나무킹 EX,SR,20,True,KO,OK
CRD_DC15438B227B4662ABE4,쉐이미 EX,RR,20,False,,ORPHAN
CRD_AA56EE51E5024865B7F9,제르네아스 EX,SR,20,True,KO,OK
CRD_6C46069A0ABF4F55BB2D,디아루가 EX플라스마단,SR,20,True,KO,OK
CRD_5E2DD9D7EE3942628E86,괴력몬 EX,SR,20,True,KO,OK
CRD_308A8FD081F64C55A7F2,에브이 EX,RR,20,False,,ORPHAN
CRD_9C6FB71861F94FB98F11,라이코 EX,SR,20,True,KO,OK
CRD_43945060F9E847A0AE3F,그란돈 EX,SR,20,True,KO,OK
CRD_AD5E4C3BDF9A42C0AA5B,전룡,H,20,False,,ORPHAN
CRD_41C4A6AF0C704C7CB5CF,독개굴 EX,SR,20,True,KO,OK
CRD_02DE6973A48C424E829C,테오키스 노말폼,H,20,False,,ORPHAN
CRD_3E0AD8CAAB4F44D5B183,레시라무,SR,20,True,KO,OK
CRD_3C0A4BD7A21440D38FB0,M가디안 EX,SR,20,True,KO,OK
CRD_BDBA1831790543D0A08B,메가자리 BREAK,RR,20,True,KO,OK
CRD_B837D3F1A54647279AEC,뮤 EX,SR,20,True,KO,OK
CRD_4E19D3DA09F7478A8AE4,칼라마네로 EX,SR,20,True,KO,OK
CRD_9E509ECA5F2F4685A780,M강철톤 EX,RR,20,True,KO,OK
CRD_1D2EAA1FB1D44C0781F7,고래왕 EX,RR,20,True,KO,OK
CRD_C86B5C97C2914B7B85CA,에레키블,H,20,False,,ORPHAN
CRD_6A6020158B7D48B6851C,나무킹 EX,RR,20,True,KO,OK
CRD_2521A01014064B6586BA,앤테이 EX,SR,20,True,KO,OK
CRD_9C10318D36A044519EB6,뮤츠 EX,RR,20,True,KO,OK
CRD_931723E024444FAA9D5A,다크라이 EX,SR,20,True,KO,OK
CRD_4194A800DB674EB6839A,이벨타르 EX,SR,20,True,KO,OK
CRD_9731F68B15FE4337BE2F,자포코일 EX,RR,20,True,KO,OK
CRD_C56596E4D16D42879763,크레세리아 EX,SR,20,True,KO,OK
CRD_9D54B6A2E6924A37BFD7,뮤츠 EX,RR,20,False,,ORPHAN
CRD_298C0EBA7D414B2DB409,삼삼드래 EX,SR,20,True,KO,OK
CRD_40ACC9AF379C44558884,디아루가,HR,20,True,KO,OK
CRD_E13F6EAA1F7541A9841D,M거북왕 EX,RR,20,True,KO,OK
CRD_69C818D4E150495ABB8B,레쿠쟈 EX,SR,20,True,KO,OK
CRD_CBDDC3FDCA774193AB14,레시라무,SR,20,True,KO,OK
CRD_B7B757AF0B3E44FB9C36,마기라스 EX,SR,20,True,KO,OK
CRD_3F2C7F4837B74B24B6C3,루카리오 EX,RR,20,False,,ORPHAN
CRD_BB2792DF08BD4BE4A1F2,M헬가 EX,RR,20,True,KO,OK
CRD_F502539900C44150AF7D,원시가이오가 EX,RR,20,True,KO,OK
CRD_DFCF50A9D81E409E9EB8,그란돈 EX,SR,20,True,KO,OK
CRD_B7FFD1C826FF4A6FA025,큐레무 EX,RR,20,True,KO,OK
CRD_C500B7E84C0B4C4AA149,블레이범,H,20,False,,ORPHAN
CRD_F938D2F41A594A48BFDA,루기아,H,20,False,,ORPHAN
CRD_185DE08656684E7AA355,비크티니,SR,20,True,KO,OK
CRD_D543AC0888A542E78D35,얼음귀신 EX,RR,20,True,KO,OK
CRD_F44F3EDAA2CA41CB89C5,펄기아 EX플라스마단,SR,20,True,KO,OK
CRD_9EB9A88BDE8245A99331,마기라스 EX,RR,20,True,KO,OK
CRD_81EE48834AB34DC39928,다탱구,H,20,False,,ORPHAN
CRD_B1C9A994B8384FB3A883,강철톤,H,20,False,,ORPHAN
CRD_19ADD55CF6CB4100BB29,칼라마네로 EX,RR,20,False,,ORPHAN
CRD_56A35E064F464D32B8D7,M이상해꽃 EX,RR,20,True,KO,OK
CRD_89A20BE9777E4815B50C,M이상해꽃 EX,SR,20,True,KO,OK
CRD_C204E7C7962B4792A212,가디안,HR,20,True,KO,OK
CRD_C1ED974D21D945F6AE35,아쿠아단의 가이오가 EX,RR,20,True,KO,OK
CRD_F1CB7ED5CD064F76B004,M헬가 EX,SR,20,True,KO,OK
CRD_C381C2E256734877B6F7,플라제스 EX,RR,20,False,,ORPHAN
CRD_1CBBEBA5751D495C81D5,레지기가스 EX,SR,20,True,KO,OK
CRD_E3AC52EB71E245EEA841,헬가 EX,RR,20,True,KO,OK
CRD_6BBDDAB4D43548A49C5C,M거북왕 EX,RR,20,True,KO,OK
CRD_78E696D892A1480CB471,에몽가 EX,RR,20,True,KO,OK
CRD_491F98C389C24B31804E,M이상해꽃 EX,RR,20,True,KO,OK
CRD_646451564B014C19BB2E,피카츄 EX,SR,20,True,KO,OK
CRD_EB9C07F79DA046F0824B,가디안 EX,SR,20,True,KO,OK
CRD_BFF09CD9BE3647D995DF,뮤츠 EX,SR,20,False,,ORPHAN
CRD_C041DE21E72A4D9498F0,레지스틸 EX,SR,20,True,KO,OK
CRD_C05727E691684E0B93AF,루카리오,HR,20,True,KO,OK
CRD_ACB87F5FA19140FD900F,이벨타르 BREAK,RR,20,True,KO,OK
CRD_482D1C2F5F0041739B92,나인테일 BREAK,RR,20,True,KO,OK
CRD_D4E922F147AB4D8DAF9B,비리디온,SR,20,True,KO,OK
CRD_22DCDC22E2E84027B7A3,보스로라 EX,RR,20,True,KO,OK
CRD_6C17AD56132B4D61A529,이벨타르 EX,RR,20,False,,ORPHAN
CRD_917F313DC98747328859,토대부기,HR,20,True,KO,OK
CRD_70689C813B324C93AC03,M강철톤 EX,SR,20,True,KO,OK
CRD_5EE6DC9AFBE242028F0F,지라치 EX,SR,20,True,KO,OK
CRD_0C741136B4054397BC6E,거북왕 EX,SR,20,True,KO,OK
CRD_0121009428B847BEBE66,망나뇽 EX,RR,20,True,KO,OK
CRD_32DA3CE96EF341D98DBD,앤테이,H,20,False,,ORPHAN
CRD_A12119533B1C4A21B910,아쿠스타 BREAK,RR,20,True,KO,OK
CRD_EFEE7C6C9BA44AF98AF2,이상해꽃 EX,RR,20,True,KO,OK
CRD_AEDD96FFA5A84E749D76,M뮤츠 EX,RR,20,True,KO,OK
CRD_6529864137874B18A906,마나피 EX,RR,20,False,,ORPHAN
CRD_29E34E5A35CC4FFAB36C,후파 EX,SR,20,True,KO,OK
CRD_C4895FD08DDF4F6096E5,칠색조 EX,RR,20,True,KO,OK
CRD_66E574AC0049442F9B22,캥카 EX,SR,20,True,KO,OK
CRD_FC9AB834D89544B0B4F3,블로스터 BREAK,RR,20,True,KO,OK
CRD_B3FD6023E69B4B2DAF28,마나피 EX,SR,20,True,KO,OK
CRD_29545D8447D54F8F9E57,게노세크트 EX플라스마단,SR,20,True,KO,OK
CRD_67BA3BC34CA2443FAB1C,리자몽 EX,RR,20,True,KO,OK
CRD_7069D05844E74942ADE8,얼음귀신 EX,SR,20,True,KO,OK
CRD_A87D1D76614640AC9160,M피죤투 EX,RR,20,True,KO,OK
CRD_9E959C4AF6BA480FA670,마기아나 EX,SR,20,True,KO,OK
CRD_C3474CAADA7145DF9485,피죤투 EX,RR,20,True,KO,OK
CRD_2832ADAFA5F4490F8898,엘레이드 EX,RR,20,True,KO,OK
CRD_40B4022498F2461CB0E9,자포코일 EX,SR,20,True,KO,OK
CRD_1CE47901F5674D55AB69,갸라도스 EX,RR,20,True,KO,OK
CRD_A9F185FB2D1948FE945A,M뮤츠 EX,RR,20,False,,ORPHAN
CRD_16E2995DF023409E852F,강철톤 EX,RR,20,True,KO,OK
CRD_730805FC07034C0DB994,루기아 EX플라스마단,SR,20,True,KO,OK
CRD_4885A59DE0CC4CA59CE0,M가디안 EX,RR,20,True,KO,OK
CRD_3C300B23607E484387D8,M레쿠쟈 EX,RR,20,False,,ORPHAN
CRD_9522A25A78764F77B225,M리자몽 EX,SR,20,True,KO,OK
CRD_69F20A87F80D4A23B10A,붐볼,H,20,False,,ORPHAN
CRD_391EF36F49824C58965F,세레비 EX,SR,20,True,KO,OK
CRD_4E35CE088AB142C69436D3D5EB25F6E7,카르본,AR,30,True,KO,OK
CRD_3935851BE6988D5F34B3,부스터 ex,SAR,35,True,KO,OK
CRD_6233EED5112D4257876B,파라블레이즈,AR,40,True,KO,OK
CRD_7C055CB02C3D4C798554,흉내내기 피카츄,PR,45,True,JP,OK
