card_id,card_name,rarity,collection_number,snkrdunk_apparel_id,scrydex_raw_krw,scrydex_psa10_krw,scrydex_psa9_krw,raw_to_psa10_ratio,raw_to_psa9_ratio,psa10_to_psa9_ratio,psa10_to_raw_ratio,psa9_to_raw_ratio,snk_A_basis,snk_selected_A_krw,snk_A_n,scrydex_raw_to_snk_A_ratio,ladder_violation,action_status,notes,replacement_confidence,floor_suspect
CRD_0052886022F54674939E,포플러,SR,277/184,126526,2351,33210,14801,0.071,0.159,2.244,14.13,6.3,NONE,,0,,RAW_STALE_LOW,KEEP_SCRYDEX,,LADDER_INFO_ONLY,
CRD_0060AA44D0824398AB42,추명,SR,194/187,471668,2335,48757,10734,0.048,0.218,4.542,20.88,4.6,NONE,,0,,RAW_STALE_LOW,KEEP_SCRYDEX,,LADDER_INFO_ONLY,
CRD_007D898667D84D8F9B7E,제크로무,SR,055/053,91640,153571,2463422,870399,0.062,0.176,2.83,16.04,5.67,NONE,,0,,RAW_STALE_LOW,KEEP_SCRYDEX,,LADDER_INFO_ONLY,
CRD_0099D36F822141DF8467,체렌,PR,,585229,107538,,,,,,,,A_3M,31664,1,3.396,SNK_DIVERGENCE_HIGH,MAPPING_REVIEW,,MAPPING_REVIEW,
CRD_00B0A094D2434026AD56,하랑우탄,CHR,212/184,126690,3042,50702,28417,0.06,0.107,1.784,16.67,9.34,NONE,,0,,RAW_STALE_LOW,KEEP_SCRYDEX,,LADDER_INFO_ONLY,
CRD_00C3F08C0B7C41B1A2DA,히스이 포푸니크 V,SR,074/067,139585,6008,56757,30580,0.106,0.196,1.856,9.45,5.09,NONE,,0,,RAW_STALE_LOW,KEEP_SCRYDEX,,LADDER_INFO_ONLY,
CRD_00D37F11A42A4F6EAD16,루기아 EX,RR,086/093,406334,46094,751598,108705,0.061,0.424,6.914,16.31,2.36,NONE,,0,,RAW_STALE_LOW,KEEP_SCRYDEX,,LADDER_INFO_ONLY,
CRD_010576BAD6694C708F4E,고디보미,AR,078/071,120828,5163,51632,,0.1,,,10.0,,NONE,,0,,RAW_STALE_LOW,KEEP_SCRYDEX,,LADDER_INFO_ONLY,
CRD_010A7FF3B3854654B6A1,네크로즈마 새벽의 날개 GX,SR,068/066,338363,16947,87044,13744,0.195,1.233,6.333,5.14,0.81,NONE,,0,,RAW_OVER_PSA9,KEEP_SCRYDEX,,KEEP,
CRD_013491CECA2E446F9AB8,게을킹 V,RR,059/071,137107,599,26605,16819,0.023,0.036,1.582,44.42,28.08,NONE,,0,,RAW_STALE_LOW,KEEP_SCRYDEX,,LADDER_INFO_ONLY,
CRD_0146657C0E674996969C,M루카리오 EX,RR,063/171,390315,92158,68806,70140,1.339,1.314,0.981,0.75,0.76,A_3M,36100,1,2.553,RAW_OVER_PSA10;RAW_OVER_PSA9;SNK_DIVERGENCE_HIGH,REVIEW_SNK_THIN,,REVIEW_REPLACE,
CRD_017C5386A8B64234B9C7,멜로코,SR,190/187,462393,1736,43854,13088,0.04,0.133,3.351,25.26,7.54,A_3M,18050,2,0.096,RAW_STALE_LOW;SNK_DIVERGENCE_LOW,MAPPING_REVIEW,,MAPPING_REVIEW,
CRD_01E1A15D9BF64FB3A102,캥카 EX,RR,064/080,380763,2812,49693,,0.057,,,17.67,,NONE,,0,,RAW_STALE_LOW,KEEP_SCRYDEX,,LADDER_INFO_ONLY,
CRD_0236FAB9C7144005ABC7,라임,SR,129/108,132277,2028,34897,20688,0.058,0.098,1.687,17.21,10.2,NONE,,0,,RAW_STALE_LOW,KEEP_SCRYDEX,,LADDER_INFO_ONLY,
CRD_0247DE71AB2140BEBBF8,멍파치,AR,086/080,704245,3665,64884,14776,0.056,0.248,4.391,17.7,4.03,A_1M,9500,2,0.386,RAW_STALE_LOW;SNK_DIVERGENCE_LOW,REVIEW_SNK_THIN,,REVIEW_REPLACE,Y
CRD_0250ADD17A674DED8424,눈설왕,S,200/190,,1613,59127,,0.027,,,36.66,,NO_MAP,,0,,RAW_STALE_LOW,KEEP_SCRYDEX,,LADDER_INFO_ONLY,
CRD_02610BA308E64C70A526,노고치,AR,198/172,103063,3595,48272,25702,0.074,0.14,1.878,13.43,7.15,NONE,,0,,RAW_STALE_LOW,KEEP_SCRYDEX,,LADDER_INFO_ONLY,
CRD_027EB7AC44174C879264,테사,SR,132/108,132274,2520,28042,8472,0.09,0.297,3.31,11.13,3.36,NONE,,0,,RAW_STALE_LOW,KEEP_SCRYDEX,,LADDER_INFO_ONLY,
CRD_02A04C78DFA5C2D39430,,,,,3111,56922,14141,0.055,0.22,4.025,18.3,4.55,NO_MAP,,0,,RAW_STALE_LOW,KEEP_SCRYDEX,,LADDER_INFO_ONLY,
CRD_02A3EEACB0F74D7F97B6,네모,SR,343/190,164705,1429,37782,12385,0.038,0.115,3.051,26.44,8.67,NONE,,0,,RAW_STALE_LOW,KEEP_SCRYDEX,,LADDER_INFO_ONLY,
CRD_02C8FFC4897D4C2288DF,로켓단의 마자용,AR,103/098,554341,6561,75962,37866,0.086,0.173,2.006,11.58,5.77,A_1M,10450,6,0.628,RAW_STALE_LOW,REPLACE_WITH_SNK_A,,LADDER_INFO_ONLY,
CRD_02EF6DD76D804F69A99C,블래리의 한 수,SR,106/080,704396,1798,37100,15321,0.048,0.117,2.422,20.63,8.52,NONE,,0,,RAW_STALE_LOW,KEEP_SCRYDEX,,LADDER_INFO_ONLY,
CRD_02FBE86D930D4D10A90C,마폭시 V,RR,017/100,136958,738,58855,13761,0.013,0.054,4.277,79.75,18.65,NONE,,0,,RAW_STALE_LOW,KEEP_SCRYDEX,,LADDER_INFO_ONLY,
CRD_0320E0D5056F4FBDB33A,괴력몬 V,SR,073/067,96744,117249,220142,92320,0.533,1.27,2.385,1.88,0.79,A_1M,83410,7,1.406,RAW_OVER_PSA9,REPLACE_WITH_SNK_A,,KEEP,
CRD_0323B3DF18D24127932E,단단지,AR,064/063,664111,5700,67342,25489,0.085,0.224,2.642,11.81,4.47,A_1M,9500,1,0.6,RAW_STALE_LOW,REVIEW_SNK_THIN,,LADDER_INFO_ONLY,Y
CRD_032F065F3B1D42379FF6,알로라나인테일 GX,RR,095/173,396077,4164,68515,25810,0.061,0.161,2.655,16.45,6.2,NONE,,0,,RAW_STALE_LOW,KEEP_SCRYDEX,,LADDER_INFO_ONLY,
CRD_034271D298BA46158444,사마자르,CHR,071/067,126700,2512,54064,22588,0.046,0.111,2.393,21.52,8.99,NONE,,0,,RAW_STALE_LOW,KEEP_SCRYDEX,,LADDER_INFO_ONLY,
CRD_0349CF2E05594460B06B,M보스로라 EX,RR,046/070,381591,15365,169721,229338,0.091,0.067,0.74,11.05,14.93,NONE,,0,,GRADED_INVERSION;RAW_STALE_LOW,KEEP_SCRYDEX,,KEEP,
CRD_03969BCA263B42ACB41A,프테라 VSTAR,HR,118/100,137049,11908,71911,33993,0.166,0.35,2.115,6.04,2.85,A_3M,33250,1,0.358,SNK_DIVERGENCE_LOW,REVIEW_SNK_THIN,,REVIEW_REPLACE,
CRD_042BA07087FB420BABAE,꿰뚫는화염 ex,RR,027/187,,461,30427,,0.015,,,66.0,,NO_MAP,,0,,RAW_STALE_LOW,KEEP_SCRYDEX,,LADDER_INFO_ONLY,
CRD_047131CE3AB3482C8F7F,굽이치는물결 ex,UR,235/187,469637,6084,56244,34156,0.108,0.178,1.647,9.24,5.61,A_3M,9500,1,0.64,RAW_STALE_LOW,REVIEW_SNK_THIN,,LADDER_INFO_ONLY,Y
CRD_04C479651A454FB3A8D3,로켓단의 뮤츠 ex,RR,063/193,730107,707,92014,45392,0.008,0.016,2.027,130.15,64.2,NONE,,0,,RAW_STALE_LOW,KEEP_SCRYDEX,,LADDER_INFO_ONLY,
CRD_04E476A38A5347C9B184,과미드라,AR,068/063,538766,3872,59295,28287,0.065,0.137,2.096,15.31,7.31,NONE,,0,,RAW_STALE_LOW,KEEP_SCRYDEX,,LADDER_INFO_ONLY,
CRD_04E7F61A130E41B8AE30,메가지가르데 ex,SR,097/080,753264,9373,141105,,0.066,,,15.05,,A_1M,9500,3,0.987,RAW_STALE_LOW,REVIEW_SNK_THIN,,LADDER_INFO_ONLY,Y
CRD_05103ACFA2DD4C54AC51,가디안 GX,RR,092/150,112763,5116,69498,37826,0.074,0.135,1.837,13.58,7.39,NONE,,0,,RAW_STALE_LOW,KEEP_SCRYDEX,,LADDER_INFO_ONLY,
CRD_05147F0295684127A3F6,액슨도,AR,074/064,282238,4702,55779,24418,0.084,0.193,2.284,11.86,5.19,NONE,,0,,RAW_STALE_LOW,KEEP_SCRYDEX,,LADDER_INFO_ONLY,
CRD_0542ACBB4B534F2A8089,안농 V,SR,102/098,100559,2935,52253,,0.056,,,17.8,,NONE,,0,,RAW_STALE_LOW,KEEP_SCRYDEX,,LADDER_INFO_ONLY,
CRD_05A7C02B26DC4C7B8CDE,마기라스 GX,RR,059/095,335126,8804,130832,45502,0.067,0.193,2.875,14.86,5.17,NONE,,0,,RAW_STALE_LOW,KEEP_SCRYDEX,,LADDER_INFO_ONLY,
CRD_05BEE743A1F84904ADE4,노고고치,AR,083/071,117188,3780,55284,28629,0.068,0.132,1.931,14.63,7.57,NONE,,0,,RAW_STALE_LOW,KEEP_SCRYDEX,,LADDER_INFO_ONLY,
CRD_05EA83500DDE4FE39A00,딱정곤,AR,094/086,608468,10494,130843,28231,0.08,0.372,4.635,12.47,2.69,A_1M,14250,1,0.736,RAW_STALE_LOW,REVIEW_SNK_THIN,,LADDER_INFO_ONLY,
CRD_05EEC7741BAF4827B1B7,플라제스 EX,RR,086/131,390597,3964,60106,45813,0.066,0.087,1.312,15.16,11.56,NONE,,0,,RAW_STALE_LOW,KEEP_SCRYDEX,,LADDER_INFO_ONLY,
CRD_065512D143D348EDBE3E,님피아 ex,RR,299/742,434896,2289,49311,41980,0.046,0.055,1.175,21.54,18.34,A_1M,9500,2,0.241,RAW_STALE_LOW;SNK_DIVERGENCE_LOW,MAPPING_REVIEW,,MAPPING_REVIEW,Y
CRD_06913448CCA04DE6B272,무쇠가시,AR,077/071,179805,3058,45229,21215,0.068,0.144,2.132,14.79,6.94,NONE,,0,,RAW_STALE_LOW,KEEP_SCRYDEX,,LADDER_INFO_ONLY,
CRD_069D993EF5274D81B98E,오거폰 벽록의 가면 ex,RR,020/187,427216,430,47338,20321,0.009,0.021,2.33,110.09,47.26,NONE,,0,,RAW_STALE_LOW,KEEP_SCRYDEX,,LADDER_INFO_ONLY,
CRD_06B5F77BEF2A4FCE9B9B,화강돌,AR,071/063,663632,2773,52610,27461,0.053,0.101,1.916,18.97,9.9,NONE,,0,,RAW_STALE_LOW,KEEP_SCRYDEX,,LADDER_INFO_ONLY,
CRD_06CEAC2A8B35426D926A,망나뇽 V,RR,042/067,113252,3503,100557,25993,0.035,0.135,3.869,28.71,7.42,A_3M,11400,3,0.307,RAW_STALE_LOW;SNK_DIVERGENCE_LOW,MAPPING_REVIEW,,MAPPING_REVIEW,
CRD_070B71AF46134ABAB790,다태우지네 VMAX,RRR,017/070,,1183,45412,,0.026,,,38.39,,NO_MAP,,0,,RAW_STALE_LOW,KEEP_SCRYDEX,,LADDER_INFO_ONLY,
CRD_0736415A8A2440169E58,스완나,S,295/190,,1982,42125,,0.047,,,21.25,,NO_MAP,,0,,RAW_STALE_LOW,KEEP_SCRYDEX,,LADDER_INFO_ONLY,
CRD_078657E48A5C7962311A,,,,,584,28630,,0.02,,,49.02,,NO_MAP,,0,,RAW_STALE_LOW,KEEP_SCRYDEX,,LADDER_INFO_ONLY,
CRD_07B17A05B9584311B888,카시오페아,SR,085/064,282196,3872,50953,30751,0.076,0.126,1.657,13.16,7.94,NONE,,0,,RAW_STALE_LOW,KEEP_SCRYDEX,,LADDER_INFO_ONLY,
CRD_080B6E0862C44602A883,아르세우스 VSTAR,RRR,127/172,,1444,63724,20968,0.023,0.069,3.039,44.13,14.52,NO_MAP,,0,,RAW_STALE_LOW,KEEP_SCRYDEX,,LADDER_INFO_ONLY,
CRD_08208815CA6B42DFB7C7,단풍,SR,097/078,110933,3396,49265,34951,0.069,0.097,1.41,14.51,10.29,A_3M,9500,1,0.357,RAW_STALE_LOW;SNK_DIVERGENCE_LOW,REVIEW_SNK_THIN,,REVIEW_REPLACE,Y
CRD_08372C116D1A44CE82AB,에이스번 V,SR,072/070,145507,1152,76512,,0.015,,,66.42,,NONE,,0,,RAW_STALE_LOW,KEEP_SCRYDEX,,LADDER_INFO_ONLY,
CRD_0839A3235BFC40C7A767,말리화,SR,192/173,104544,132475,190417,104200,0.696,1.271,1.827,1.44,0.79,NONE,,0,,RAW_OVER_PSA9,KEEP_SCRYDEX,,KEEP,
CRD_08B2DC8AD0B04FF58A33,꼬시레,AR,069/066,146986,3565,49617,10728,0.072,0.332,4.625,13.92,3.01,NONE,,0,,RAW_STALE_LOW,KEEP_SCRYDEX,,LADDER_INFO_ONLY,
CRD_08D8EFD7132A4E838F53,꿈트렁 ex,SR,121/102,325075,1567,35504,,0.044,,,22.66,,NONE,,0,,RAW_STALE_LOW,KEEP_SCRYDEX,,LADDER_INFO_ONLY,
CRD_08E2001528D84351A367,가라르 프리져 V,RR,060/184,,1152,52292,26743,0.022,0.043,1.955,45.39,23.21,NO_MAP,,0,,RAW_STALE_LOW,KEEP_SCRYDEX,,LADDER_INFO_ONLY,
CRD_0902F4E6CC9047A98559,피카츄,PR,,332798,50596,369286,84815,0.137,0.597,4.354,7.3,1.68,A_1M,116375,58,0.435,SNK_DIVERGENCE_LOW,REPLACE_WITH_SNK_A,,STRONG_REPLACE,
CRD_090C5C6FE6B34BC0A9E7,기라티나 VSTAR,UR,125/100,93380,36522,230628,32146,0.158,1.136,7.174,6.31,0.88,A_1M,114000,20,0.32,SNK_DIVERGENCE_LOW,MAPPING_REVIEW,,MAPPING_REVIEW,
CRD_0913C93AC0DD43E58008,코라이돈 ex,UR,360/190,164257,8727,78867,27486,0.111,0.318,2.869,9.04,3.15,A_3M,22800,1,0.383,SNK_DIVERGENCE_LOW,REVIEW_SNK_THIN,,REVIEW_REPLACE,
CRD_092D58F7609842FEA757,베라카스,AR,079/071,117187,3257,49456,22666,0.066,0.144,2.182,15.18,6.96,NONE,,0,,RAW_STALE_LOW,KEEP_SCRYDEX,,LADDER_INFO_ONLY,
CRD_093AB925F0C14BB1BFF6,글레이시아 VMAX,HR,091/069,93024,568498,1290237,467161,0.441,1.217,2.762,2.27,0.82,A_1M,878750,3,0.647,RAW_OVER_PSA9,REVIEW_SNK_THIN,,KEEP,
CRD_093C06DA9ACB4816A395,앤테이,S,213/190,,8389,90724,16942,0.092,0.495,5.355,10.81,2.02,NO_MAP,,0,,RAW_STALE_LOW,KEEP_SCRYDEX,,LADDER_INFO_ONLY,
CRD_093F671F8D0F4F349B81,블래키 V,RR,047/069,112526,3465,103780,37170,0.033,0.093,2.792,29.95,10.73,A_1M,19000,8,0.182,RAW_STALE_LOW;SNK_DIVERGENCE_LOW,MAPPING_REVIEW,,MAPPING_REVIEW,
CRD_0947A2BADF48F0637F4B,,,,,1321,53144,19989,0.025,0.066,2.659,40.23,15.13,NO_MAP,,0,,RAW_STALE_LOW,KEEP_SCRYDEX,,LADDER_INFO_ONLY,
CRD_09516DD8E2C14A009B0E,대로트&야느와르몽 GX,SR,178/173,396156,35016,104906,23792,0.334,1.472,4.409,3.0,0.68,NONE,,0,,RAW_OVER_PSA9,KEEP_SCRYDEX,,KEEP,
CRD_095AFC71458E492189E1,스코빌런,AR,081/078,110922,3165,54927,21197,0.058,0.149,2.591,17.35,6.7,A_1M,9500,1,0.333,RAW_STALE_LOW;SNK_DIVERGENCE_LOW,REVIEW_SNK_THIN,,REVIEW_REPLACE,Y
CRD_098C383D6CBC4015A438,포푸니라,S,290/190,,1736,68175,30106,0.025,0.058,2.264,39.27,17.34,NO_MAP,,0,,RAW_STALE_LOW,KEEP_SCRYDEX,,LADDER_INFO_ONLY,
CRD_09A1CB4E6B9E4002ACA2,캥카,AR,110/098,568317,8236,89518,33857,0.092,0.243,2.644,10.87,4.11,A_1M,9500,4,0.867,RAW_STALE_LOW,REVIEW_SNK_THIN,,LADDER_INFO_ONLY,Y
CRD_09BE4064BBF541EE8222,에이스번 ex,SR,116/102,326011,4195,63363,34816,0.066,0.12,1.82,15.1,8.3,NONE,,0,,RAW_STALE_LOW,KEEP_SCRYDEX,,LADDER_INFO_ONLY,
CRD_09EFFE8F5F8C4A58A5DD,파비코리 ex,SR,083/066,152771,2889,52950,,0.055,,,18.33,,NONE,,0,,RAW_STALE_LOW,KEEP_SCRYDEX,,LADDER_INFO_ONLY,
CRD_0A1D6B89377D433F8DC2,라프라스 GX,RR,016/060,386680,6207,139294,61146,0.045,0.102,2.278,22.44,9.85,NONE,,0,,RAW_STALE_LOW,KEEP_SCRYDEX,,LADDER_INFO_ONLY,
CRD_0A986E45BB20474CB2BF,메로엣타 ex,RR,047/086,605423,461,,8425,,0.055,,,18.28,NONE,,0,,RAW_STALE_LOW,KEEP_SCRYDEX,,LADDER_INFO_ONLY,
CRD_0AB4A2D2E3654FD69744,채두,SR,275/184,96675,9588,81311,30068,0.118,0.319,2.704,8.48,3.14,A_3M,26600,1,0.36,SNK_DIVERGENCE_LOW,REVIEW_SNK_THIN,,REVIEW_REPLACE,
CRD_0AD03EC9544B43B4AF4F,라프라스 V,RR,014/060,,2512,61298,,0.041,,,24.4,,NO_MAP,,0,,RAW_STALE_LOW,KEEP_SCRYDEX,,LADDER_INFO_ONLY,
CRD_0B145711AB734536AD63,안농 VSTAR,HR,116/098,100573,12246,58758,,0.208,,,4.8,,A_3M,47500,1,0.258,SNK_DIVERGENCE_LOW,MAPPING_REVIEW,,MAPPING_REVIEW,
CRD_0B17CA38B6334F20B964,샹델라 V,RR,014/100,141311,1214,62675,10703,0.019,0.113,5.856,51.63,8.82,NONE,,0,,RAW_STALE_LOW,KEEP_SCRYDEX,,LADDER_INFO_ONLY,
CRD_0B1B22D6D38DC9FDB7C1,,,,,753,63026,,0.012,,,83.7,,NO_MAP,,0,,RAW_STALE_LOW,KEEP_SCRYDEX,,LADDER_INFO_ONLY,
CRD_0B22E2A33CB14A99888F,저지맨,SR,084/063,546113,2182,43348,25284,0.05,0.086,1.714,19.87,11.59,NONE,,0,,RAW_STALE_LOW,KEEP_SCRYDEX,,LADDER_INFO_ONLY,
CRD_0B59EFE11F824CC29403,다태우지네 V,RR,016/070,145268,814,70400,,0.012,,,86.49,,NONE,,0,,RAW_STALE_LOW,KEEP_SCRYDEX,,LADDER_INFO_ONLY,
CRD_0B59FFD0541D47B4BE4A,알로라나인테일 GX,RR,025/050,335606,7068,305728,,0.023,,,43.26,,NONE,,0,,RAW_STALE_LOW,KEEP_SCRYDEX,,LADDER_INFO_ONLY,
CRD_0B84E98684704E7CBB0F,헤라크로스,AR,072/071,120729,7652,82458,33409,0.093,0.229,2.468,10.78,4.37,NONE,,0,,RAW_STALE_LOW,KEEP_SCRYDEX,,LADDER_INFO_ONLY,
CRD_0BCE4311895A4715B616,피카츄 V,RR,030/100,144982,2796,107147,31416,0.026,0.089,3.411,38.32,11.24,A_1M,9500,7,0.294,RAW_STALE_LOW;SNK_DIVERGENCE_LOW,MAPPING_REVIEW,,MAPPING_REVIEW,Y
CRD_0C0972C263B343A4BB0D,자마젠타 V,RR,103/172,105540,645,45333,12324,0.014,0.052,3.678,70.28,19.11,NONE,,0,,RAW_STALE_LOW,KEEP_SCRYDEX,,LADDER_INFO_ONLY,
CRD_0C126096DBBD4B00BFB9,망키,S,276/190,,2289,99999,,0.023,,,43.69,,NO_MAP,,0,,RAW_STALE_LOW,KEEP_SCRYDEX,,LADDER_INFO_ONLY,
CRD_0C3B052D2AB54CD8908B,딩루 ex,RR,049/071,,430,33214,,0.013,,,77.24,,NO_MAP,,0,,RAW_STALE_LOW,KEEP_SCRYDEX,,LADDER_INFO_ONLY,
CRD_0C3B183FCB4142F2B7B8,괴력몬 EX,RR,037/081,385431,7851,89891,,0.087,,,11.45,,NONE,,0,,RAW_STALE_LOW,KEEP_SCRYDEX,,LADDER_INFO_ONLY,
CRD_0CB06AA60B6E4470B9A9,인텔리레온,AR,069/063,662218,2405,53667,27324,0.045,0.088,1.964,22.31,11.36,A_3M,9500,1,0.253,RAW_STALE_LOW;SNK_DIVERGENCE_LOW,MAPPING_REVIEW,,MAPPING_REVIEW,Y
CRD_0CE6EEB1A26B404D9703,피콘,S,198/190,,1429,9183,10713,0.156,0.133,0.857,6.43,7.5,NO_MAP,,0,,GRADED_INVERSION;RAW_STALE_LOW,KEEP_SCRYDEX,,KEEP,
CRD_0CFBA7BBD78645C38955,갑주무사 GX,SSR,208/150,112776,14504,252273,22935,0.057,0.632,10.999,17.39,1.58,NONE,,0,,RAW_STALE_LOW,KEEP_SCRYDEX,,LADDER_INFO_ONLY,
CRD_0D1FEC3632AD4FED9507,파밀리쥐,AR,081/071,117192,60153,152195,54510,0.395,1.104,2.792,2.53,0.91,A_1M,29440,24,2.043,SNK_DIVERGENCE_HIGH,REPLACE_WITH_SNK_A,,STRONG_REPLACE,
CRD_0D226425CE0B4E138078,다태우지네 VMAX,RRR,028/190,,953,49741,10703,0.019,0.089,4.647,52.19,11.23,NO_MAP,,0,,RAW_STALE_LOW,KEEP_SCRYDEX,,LADDER_INFO_ONLY,
CRD_0D4FF129CB84410FBD8E,브리무음 V,RR,065/172,103556,738,41712,,0.018,,,56.52,,NONE,,0,,RAW_STALE_LOW,KEEP_SCRYDEX,,LADDER_INFO_ONLY,
CRD_0DB9B4215B8140FAAA2E,앱솔 ex,RR,073/108,132218,753,78592,12859,0.01,0.059,6.112,104.37,17.08,NONE,,0,,RAW_STALE_LOW,KEEP_SCRYDEX,,LADDER_INFO_ONLY,
CRD_0DE14A2FC85947DF989A,팔데아의 동료들,SR,198/187,450719,4041,80576,15871,0.05,0.255,5.077,19.94,3.93,A_1M,11400,5,0.354,RAW_STALE_LOW;SNK_DIVERGENCE_LOW,REPLACE_WITH_SNK_A,,STRONG_REPLACE,
CRD_0DF9D911B2F24858BFB0,파쪼옥,AR,108/102,307290,4164,59592,24938,0.07,0.167,2.39,14.31,5.99,NONE,,0,,RAW_STALE_LOW,KEEP_SCRYDEX,,LADDER_INFO_ONLY,
CRD_0E12AB50D23D4953B0AF,꿈트렁,AR,081/071,120830,3488,52496,16675,0.066,0.209,3.148,15.05,4.78,NONE,,0,,RAW_STALE_LOW,KEEP_SCRYDEX,,LADDER_INFO_ONLY,
CRD_0E1312500C6C4F61A04D,구즈마,SR,151/150,112770,54914,303766,30565,0.181,1.797,9.938,5.53,0.56,NONE,,0,,RAW_OVER_PSA9,KEEP_SCRYDEX,,KEEP,
CRD_0E3023BFDFCA4815BC48,두루지벌레,S,206/190,,1521,20000,18348,0.076,0.083,1.09,13.15,12.06,NO_MAP,,0,,RAW_STALE_LOW,KEEP_SCRYDEX,,LADDER_INFO_ONLY,
CRD_0E33DD1809A342308392,바닥트리오 ex,SR,087/071,186433,2397,54387,,0.044,,,22.69,,NONE,,0,,RAW_STALE_LOW,KEEP_SCRYDEX,,LADDER_INFO_ONLY,
CRD_0E88D3F2434C477CA856,드니차,S,233/190,,1782,46864,27522,0.038,0.065,1.703,26.3,15.44,NO_MAP,,0,,RAW_STALE_LOW,KEEP_SCRYDEX,,LADDER_INFO_ONLY,
CRD_0E8F6A83F9C24975A316,알로라 닥트리오,AR,116/106,418743,6177,92104,26419,0.067,0.234,3.486,14.91,4.28,A_1M,9500,2,0.65,RAW_STALE_LOW,REVIEW_SNK_THIN,,LADDER_INFO_ONLY,Y
CRD_0ED2317A116F4980A7F8,한카리아스 ex,RR,006/062,,691,37308,,0.019,,,53.99,,NO_MAP,,0,,RAW_STALE_LOW,KEEP_SCRYDEX,,LADDER_INFO_ONLY,
CRD_0EDD68B570E1472FB48A,키키링 ex,SR,088/071,186450,2289,54020,19877,0.042,0.115,2.718,23.6,8.68,NONE,,0,,RAW_STALE_LOW,KEEP_SCRYDEX,,LADDER_INFO_ONLY,
CRD_0EF858A4F6FE457E848E,굽이치는물결 ex,SR,086/071,186432,2443,68246,,0.036,,,27.94,,NONE,,0,,RAW_STALE_LOW,KEEP_SCRYDEX,,LADDER_INFO_ONLY,
CRD_0F292DCC6C0240B4B017,파라블레이즈,S,268/190,,5362,92561,16483,0.058,0.325,5.616,17.26,3.07,NO_MAP,,0,,RAW_STALE_LOW,KEEP_SCRYDEX,,LADDER_INFO_ONLY,
CRD_0F66DA7EFE8642B8BEC7,에이스번 V,RR,016/070,145451,1152,15290,,0.075,,,13.27,,NONE,,0,,RAW_STALE_LOW,KEEP_SCRYDEX,,LADDER_INFO_ONLY,
CRD_0F7A7025AB184454A00D,알로라 식스테일 V,RR,022/068,288632,1475,63160,,0.023,,,42.82,,NONE,,0,,RAW_STALE_LOW,KEEP_SCRYDEX,,LADDER_INFO_ONLY,
CRD_0F8A51DF3CF3497BAD9D,모험가의 발견,SR,263/184,96696,4195,50748,16559,0.083,0.253,3.065,12.1,3.95,NONE,,0,,RAW_STALE_LOW,KEEP_SCRYDEX,,LADDER_INFO_ONLY,
CRD_0F948BF5021D42F9BF8F,울트라네크로즈마 GX,RR,101/173,,3165,62637,31204,0.051,0.101,2.007,19.79,9.86,NO_MAP,,0,,RAW_STALE_LOW,KEEP_SCRYDEX,,LADDER_INFO_ONLY,
CRD_0F9E29696D0647A2A431,스라크,S,194/190,,3626,61883,20355,0.059,0.178,3.04,17.07,5.61,NO_MAP,,0,,RAW_STALE_LOW,KEEP_SCRYDEX,,LADDER_INFO_ONLY,
CRD_0FA5E598B8704A0E83CC,호브의 대로트,AR,204/193,731017,2243,59632,22996,0.038,0.098,2.593,26.59,10.25,NONE,,0,,RAW_STALE_LOW,KEEP_SCRYDEX,,LADDER_INFO_ONLY,
CRD_0FDC1A9392234CDCB81C,가라르 프리져 V,RR,169/414,143985,1306,38701,,0.034,,,29.63,,NONE,,0,,RAW_STALE_LOW,KEEP_SCRYDEX,,LADDER_INFO_ONLY,
CRD_1001E20102E24B2DA20C,파이어&썬더&프리져 GX,SR,060/054,91283,696517,3490370,887481,0.2,0.785,3.933,5.01,1.27,A_1M,1425000,6,0.489,SNK_DIVERGENCE_LOW,REPLACE_WITH_SNK_A,,STRONG_REPLACE,
CRD_1019C2CFB1EE47139FD8,찌리배리,AR,112/108,132257,3350,70737,39204,0.047,0.085,1.804,21.12,11.7,NONE,,0,,RAW_STALE_LOW,KEEP_SCRYDEX,,LADDER_INFO_ONLY,
CRD_10E17E66F341491EB014,조로아크 GX,RR,054/072,390959,3150,75942,11454,0.041,0.275,6.63,24.11,3.64,NONE,,0,,RAW_STALE_LOW,KEEP_SCRYDEX,,LADDER_INFO_ONLY,
CRD_10E2C02673E94810BC08,불켜미,AR,100/086,608473,22171,69790,30859,0.318,0.718,2.262,3.15,1.39,A_1M,9500,2,2.334,SNK_DIVERGENCE_HIGH,REVIEW_SNK_THIN,,REVIEW_REPLACE,Y
CRD_112139C75D774E75BDDA,킬라플로르 ex,SSR,329/190,164704,860,42812,,0.02,,,49.78,,NONE,,0,,RAW_STALE_LOW,KEEP_SCRYDEX,,LADDER_INFO_ONLY,
CRD_115109E7938F4445A01C,로켓단의 크로뱃 ex,RR,066/098,,461,65671,15275,0.007,0.03,4.299,142.45,33.13,NO_MAP,,0,,RAW_STALE_LOW,KEEP_SCRYDEX,,LADDER_INFO_ONLY,
CRD_1164B69A14F3417EBA5C,부스터 V,RR,051/414,380135,1967,45593,17721,0.043,0.111,2.573,23.18,9.01,NONE,,0,,RAW_STALE_LOW,KEEP_SCRYDEX,,LADDER_INFO_ONLY,
CRD_11D6E395867B46F49FE8,루기아 VSTAR,HR,118/098,100575,32220,204044,55332,0.158,0.582,3.688,6.33,1.72,A_3M,75288,12,0.428,SNK_DIVERGENCE_LOW,REPLACE_WITH_SNK_A,,STRONG_REPLACE,
CRD_11E419D20A2A499FAFC6,바우첼 ex,SAR,129/102,320349,66053,124967,42400,0.529,1.558,2.947,1.89,0.64,A_3M,25175,2,2.624,RAW_OVER_PSA9;SNK_DIVERGENCE_HIGH,REVIEW_SNK_THIN,,REVIEW_REPLACE,
CRD_11E8AAB5199A493C9515,더시마사리 GX,RR,026/051,389191,6530,76451,,0.085,,,11.71,,NONE,,0,,RAW_STALE_LOW,KEEP_SCRYDEX,,LADDER_INFO_ONLY,
CRD_121C03E944C44190B954,히드런 GX,SR,055/054,393118,5070,53494,53525,0.095,0.095,0.999,10.55,10.56,NONE,,0,,RAW_STALE_LOW,KEEP_SCRYDEX,,LADDER_INFO_ONLY,
CRD_124BBBE760F0468C96D7,파비코리,S,197/150,,8912,153029,,0.058,,,17.17,,NO_MAP,,0,,RAW_STALE_LOW,KEEP_SCRYDEX,,LADDER_INFO_ONLY,
CRD_125EACE4FC044F7B9D44,난천의 한카리아스 ex,RR,044/063,,476,51986,28363,0.009,0.017,1.833,109.21,59.59,NO_MAP,,0,,RAW_STALE_LOW,KEEP_SCRYDEX,,LADDER_INFO_ONLY,
CRD_12724DE193F242D89D06,돌핀맨 ex,RR,216/742,241713,476,30463,13731,0.016,0.035,2.219,64.0,28.85,NONE,,0,,RAW_STALE_LOW,KEEP_SCRYDEX,,LADDER_INFO_ONLY,
CRD_128F70C0C950473788AA,브리두라스 ex,RR,526/742,358108,492,30427,15229,0.016,0.032,1.998,61.84,30.95,NONE,,0,,RAW_STALE_LOW,KEEP_SCRYDEX,,LADDER_INFO_ONLY,
CRD_12ADDDFE82F540F7B1D3,무쇠무인 ex,RR,074/187,427221,507,39720,,0.013,,,78.34,,NONE,,0,,RAW_STALE_LOW,KEEP_SCRYDEX,,LADDER_INFO_ONLY,
CRD_13157CF56E204E5E81EA,레디안,AR,103/102,318876,3227,58585,36600,0.055,0.088,1.601,18.15,11.34,NONE,,0,,RAW_STALE_LOW,KEEP_SCRYDEX,,LADDER_INFO_ONLY,
CRD_132E975FFFD94678AED6,우파,S,169/150,,22663,249958,,0.091,,,11.03,,NO_MAP,,0,,RAW_STALE_LOW,KEEP_SCRYDEX,,LADDER_INFO_ONLY,
CRD_135AB4B5F4794E8BAB7F,니드킹,AR,174/165,128090,8896,84693,35907,0.105,0.248,2.359,9.52,4.04,A_1M,18810,10,0.473,SNK_DIVERGENCE_LOW,REPLACE_WITH_SNK_A,,STRONG_REPLACE,
CRD_135EC26698D0487B9383,총지엔 ex,RR,024/190,156409,353,71578,12997,0.005,0.027,5.507,202.77,36.82,NONE,,0,,RAW_STALE_LOW,KEEP_SCRYDEX,,LADDER_INFO_ONLY,
CRD_138330E698484F569942,베라카스,S,269/190,,1076,66562,4587,0.016,0.235,14.511,61.86,4.26,NO_MAP,,0,,RAW_STALE_LOW,KEEP_SCRYDEX,,LADDER_INFO_ONLY,
CRD_1383604BEB0C4B209BFE,원규,HR,089/067,96591,18146,40017,9174,0.453,1.978,4.362,2.21,0.51,NONE,,0,,RAW_OVER_PSA9,KEEP_SCRYDEX,,KEEP,
CRD_13962B7254BB4EC68492,마기아나 EX,RR,089/171,387182,3611,55060,19877,0.066,0.182,2.77,15.25,5.5,NONE,,0,,RAW_STALE_LOW,KEEP_SCRYDEX,,LADDER_INFO_ONLY,
CRD_13AB6AC593DB41D7A45B,루나아라(프리즘스타),PR,047/150,,6530,88632,,0.074,,,13.57,,NO_MAP,,0,,RAW_STALE_LOW,KEEP_SCRYDEX,,LADDER_INFO_ONLY,
CRD_13F9528AE66A482F9AC7,나몰빼미&알로라나시 GX,RR,001/054,393124,10586,98880,35029,0.107,0.302,2.823,9.34,3.31,A_3M,26600,1,0.398,SNK_DIVERGENCE_LOW,REVIEW_SNK_THIN,,REVIEW_REPLACE,
CRD_143023DAF60545D2B327,오리진 디아루가 V,RR,048/067,139488,799,159997,87078,0.005,0.009,1.837,200.25,108.98,NONE,,0,,RAW_STALE_LOW,KEEP_SCRYDEX,,LADDER_INFO_ONLY,
CRD_143F9BB41FBA43D5B5DE,야도킹 ex,RR,030/071,120782,584,34102,,0.017,,,58.39,,NONE,,0,,RAW_STALE_LOW,KEEP_SCRYDEX,,LADDER_INFO_ONLY,
CRD_147D2B78F8B043E3BB91,루기아 V,SR,110/098,100567,708701,2023547,684925,0.35,1.035,2.954,2.86,0.97,A_1M,1662500,10,0.426,SNK_DIVERGENCE_LOW,REPLACE_WITH_SNK_A,,STRONG_REPLACE,
CRD_14896572D23849A88EA3,삐,S,255/190,,4487,68118,30216,0.066,0.148,2.254,15.18,6.73,NO_MAP,,0,,RAW_STALE_LOW,KEEP_SCRYDEX,,LADDER_INFO_ONLY,
CRD_1490247326A741529076,삐삐,SM-P,175/SM-P,93048,767472,1056949,639489,0.726,1.2,1.653,1.38,0.83,A_3M,636500,4,1.206,RAW_OVER_PSA9,REVIEW_SNK_THIN,,KEEP,
CRD_149DFDDE8D3144968EE9,암나이트,AR,180/165,128096,5877,74302,20580,0.079,0.286,3.61,12.64,3.5,A_1M,9500,6,0.619,RAW_STALE_LOW,REPLACE_WITH_SNK_A,,LADDER_INFO_ONLY,Y
CRD_14BFE9EA9D1D474194DF,모야모의 찌리배리 ex,SR,114/100,506151,3795,67880,15312,0.056,0.248,4.433,17.89,4.03,A_3M,18050,1,0.21,RAW_STALE_LOW;SNK_DIVERGENCE_LOW,MAPPING_REVIEW,,MAPPING_REVIEW,
CRD_14CFDC4FCADA4F70A670,데스니칸 ex,RR,031/066,150653,538,38246,,0.014,,,71.09,,NONE,,0,,RAW_STALE_LOW,KEEP_SCRYDEX,,LADDER_INFO_ONLY,
CRD_14D2B39ACE854972906D,가라르 산호르곤 V,SR,103/100,145246,6530,67078,,0.097,,,10.27,,NONE,,0,,RAW_STALE_LOW,KEEP_SCRYDEX,,LADDER_INFO_ONLY,
CRD_1507A5C6549C48B1936B,마스카나 ex,SR,086/073,116072,5946,67690,,0.088,,,11.38,,NONE,,0,,RAW_STALE_LOW,KEEP_SCRYDEX,,LADDER_INFO_ONLY,
CRD_155AE57C6FB44BEF894F,아머까오 V,RR,309/414,141143,676,29260,13761,0.023,0.049,2.126,43.28,20.36,NONE,,0,,RAW_STALE_LOW,KEEP_SCRYDEX,,LADDER_INFO_ONLY,
CRD_156303A10AC3422083AA,사마자르 VSTAR,RRR,041/067,139555,1076,45840,11483,0.023,0.094,3.992,42.6,10.67,NONE,,0,,RAW_STALE_LOW,KEEP_SCRYDEX,,LADDER_INFO_ONLY,
CRD_1573232461C14F27B212,세류,SR,086/066,221941,8558,88590,22033,0.097,0.388,4.021,10.35,2.57,NONE,,0,,RAW_STALE_LOW,KEEP_SCRYDEX,,LADDER_INFO_ONLY,
CRD_1589922DA5104539AFF5,레쿠쟈 VMAX,CSR,252/184,96714,123379,759761,200011,0.162,0.617,3.799,6.16,1.62,A_1M,364790,38,0.338,SNK_DIVERGENCE_LOW,REPLACE_WITH_SNK_A,,STRONG_REPLACE,
CRD_15FD761C7E9D47358044,기로치 ex,RR,104/187,277239,461,36406,4587,0.013,0.101,7.937,78.97,9.95,NONE,,0,,RAW_STALE_LOW,KEEP_SCRYDEX,,LADDER_INFO_ONLY,
CRD_1628769382AC47C581EB,해피너스 V,SR,079/070,96686,50827,92191,23384,0.551,2.174,3.942,1.81,0.46,NONE,,0,,RAW_OVER_PSA9,KEEP_SCRYDEX,,KEEP,
CRD_16371A443973483F81FA,리자몽 GX,RR,003/043,334993,43528,245415,53714,0.177,0.81,4.569,5.64,1.23,A_1M,90240,3,0.482,SNK_DIVERGENCE_LOW,REVIEW_SNK_THIN,,REVIEW_REPLACE,
CRD_1640B082EE3340AAB612,전룡 GX,RR,006/052,392602,5055,84174,,0.06,,,16.65,,NONE,,0,,RAW_STALE_LOW,KEEP_SCRYDEX,,LADDER_INFO_ONLY,
CRD_1645BF1E84C74BFFBE20,기로치 ex,SR,081/064,284957,4241,65323,30488,0.065,0.139,2.143,15.4,7.19,A_3M,17100,1,0.248,RAW_STALE_LOW;SNK_DIVERGENCE_LOW,MAPPING_REVIEW,,MAPPING_REVIEW,
CRD_1647486130EF4A25940C,샤로다 V,RR,005/068,95114,937,67026,,0.014,,,71.53,,NONE,,0,,RAW_STALE_LOW,KEEP_SCRYDEX,,LADDER_INFO_ONLY,
CRD_164F19FE7E4746EEA25C,메가썬더볼트 ex,RR,032/063,659278,415,27737,20642,0.015,0.02,1.344,66.84,49.74,NONE,,0,,RAW_STALE_LOW,KEEP_SCRYDEX,,LADDER_INFO_ONLY,
CRD_1651730F93C4413BA4C5,완철포,AR,083/078,110920,4271,58956,23145,0.072,0.185,2.547,13.8,5.42,A_1M,9500,1,0.45,RAW_STALE_LOW;SNK_DIVERGENCE_LOW,REVIEW_SNK_THIN,,REVIEW_REPLACE,Y
CRD_16552890B7E640BD9726,비상,SR,093/073,116079,2950,49800,11666,0.059,0.253,4.269,16.88,3.95,NONE,,0,,RAW_STALE_LOW,KEEP_SCRYDEX,,LADDER_INFO_ONLY,
CRD_168A21AE1367433791FA,에브이&테오키스 GX,SR,177/173,91271,197822,1205112,251998,0.164,0.785,4.782,6.09,1.27,A_3M,522500,1,0.379,SNK_DIVERGENCE_LOW,REVIEW_SNK_THIN,,REVIEW_REPLACE,
CRD_1696ABBCC85248FD81F5,쥬피썬더 EX,RR,173/171,91457,15365,726887,168177,0.021,0.091,4.322,47.31,10.95,NONE,,0,,RAW_STALE_LOW,KEEP_SCRYDEX,,LADDER_INFO_ONLY,
CRD_16DBDADB6156412A924A,유빈의 확신,SR,091/071,186436,2658,34719,11773,0.077,0.226,2.949,13.06,4.43,NONE,,0,,RAW_STALE_LOW,KEEP_SCRYDEX,,LADDER_INFO_ONLY,
CRD_16E2995DF023409E852F,강철톤 EX,RR,032/054,387232,6131,72243,50458,0.085,0.122,1.432,11.78,8.23,NONE,,0,,RAW_STALE_LOW,KEEP_SCRYDEX,,LADDER_INFO_ONLY,
CRD_16E3CC2DFD2149399A2C,가라르 나이킹,S,286/190,,3288,37828,,0.087,,,11.5,,NO_MAP,,0,,RAW_STALE_LOW,KEEP_SCRYDEX,,LADDER_INFO_ONLY,
CRD_16F1D3F4F75B4E8580A6,바닥트리오,AR,338/190,163482,3718,59678,16773,0.062,0.222,3.558,16.05,4.51,NONE,,0,,RAW_STALE_LOW,KEEP_SCRYDEX,,LADDER_INFO_ONLY,
CRD_16FAD83BCF8E45DD9103,네오라이트 V,RR,026/172,103051,630,83788,10703,0.008,0.059,7.828,133.0,16.99,NONE,,0,,RAW_STALE_LOW,KEEP_SCRYDEX,,LADDER_INFO_ONLY,
CRD_1719064C4D5A4530B4C4,탐리스,AR,090/078,110915,3718,54769,16430,0.068,0.226,3.333,14.73,4.42,A_3M,9500,1,0.391,RAW_STALE_LOW;SNK_DIVERGENCE_LOW,REVIEW_SNK_THIN,,REVIEW_REPLACE,Y
CRD_1752B1022AD74CC0AF24,모미,SR,080/070,91187,57618,60794,36100,0.948,1.596,1.684,1.06,0.63,NONE,,0,,RAW_OVER_PSA9,KEEP_SCRYDEX,,KEEP,
CRD_1781CCF24CA84BC3B847,음뱃,AR,111/100,506149,4333,62712,28837,0.069,0.15,2.175,14.47,6.66,NONE,,0,,RAW_STALE_LOW,KEEP_SCRYDEX,,LADDER_INFO_ONLY,
CRD_17C83FF85F944764957F,과미르,AR,103/101,245817,5040,56912,22419,0.089,0.225,2.539,11.29,4.45,NONE,,0,,RAW_STALE_LOW,KEEP_SCRYDEX,,LADDER_INFO_ONLY,
CRD_17E681D70E484304B6B8,레지에레키 V,RR,033/098,100546,461,34419,,0.013,,,74.66,,NONE,,0,,RAW_STALE_LOW,KEEP_SCRYDEX,,LADDER_INFO_ONLY,
CRD_187E76533B5540179493,지가르데 GX,RR,050/094,334609,7145,107278,9162,0.067,0.78,11.709,15.01,1.28,NONE,,0,,RAW_STALE_LOW,KEEP_SCRYDEX,,LADDER_INFO_ONLY,
CRD_18E0A0EBCAEFC42D7567,,,,,3027,48524,,0.062,,,16.03,,NO_MAP,,0,,RAW_STALE_LOW,KEEP_SCRYDEX,,LADDER_INFO_ONLY,
CRD_18ECEF4F4F6B4E32805A,마나피 EX,RR,021/171,390772,4855,114388,30580,0.042,0.159,3.741,23.56,6.3,NONE,,0,,RAW_STALE_LOW,KEEP_SCRYDEX,,LADDER_INFO_ONLY,
CRD_190E3B946C714D6CBFCD,샤로다 ex,SAR,167/086,584787,55774,83583,19690,0.667,2.833,4.245,1.5,0.35,A_1M,28500,5,1.957,RAW_OVER_PSA9,REPLACE_WITH_SNK_A,,KEEP,
CRD_19B52BB682954C4DB699,루기아 V,RR,079/098,100554,11647,144876,38448,0.08,0.303,3.768,12.44,3.3,A_1M,19000,15,0.613,RAW_STALE_LOW,REPLACE_WITH_SNK_A,,LADDER_INFO_ONLY,
CRD_19C1275E8DF647B286BD,무쇠감투 ex,RR,078/187,434995,415,55045,21513,0.008,0.019,2.559,132.64,51.84,NONE,,0,,RAW_STALE_LOW,KEEP_SCRYDEX,,LADDER_INFO_ONLY,
CRD_19FA15073BE646958D35,코바르온 GX,RR,041/052,392637,5116,102857,,0.05,,,20.1,,NONE,,0,,RAW_STALE_LOW,KEEP_SCRYDEX,,LADDER_INFO_ONLY,
CRD_1A2040BEE94E4AB1AFAE,쥬레곤,AR,084/080,704379,4364,60617,30290,0.072,0.144,2.001,13.89,6.94,A_1M,9500,3,0.459,RAW_STALE_LOW;SNK_DIVERGENCE_LOW,REVIEW_SNK_THIN,,REVIEW_REPLACE,Y
CRD_1A2192604CAF4EA98918,뮤츠 EX,SR,055/052,91635,76824,1302360,622788,0.059,0.123,2.091,16.95,8.11,NONE,,0,,RAW_STALE_LOW,KEEP_SCRYDEX,,LADDER_INFO_ONLY,
CRD_1A35479E220A4BB7AE4E,번치코 GX,RR,018/096,334344,7990,280058,30611,0.029,0.261,9.149,35.05,3.83,NONE,,0,,RAW_STALE_LOW,KEEP_SCRYDEX,,LADDER_INFO_ONLY,
CRD_1A707D9E2FC6416F96A5,돈크로우 V,SR,108/100,139847,2551,31352,,0.081,,,12.29,,NONE,,0,,RAW_STALE_LOW,KEEP_SCRYDEX,,LADDER_INFO_ONLY,
CRD_1A7C81EF49754D76B049,디안시(프리즘스타),PR,070/173,,5685,106716,12232,0.053,0.465,8.724,18.77,2.15,NO_MAP,,0,,RAW_STALE_LOW,KEEP_SCRYDEX,,LADDER_INFO_ONLY,
CRD_1A905AD1C8F14E1B9C83,후딘 ex,RR,065/165,127886,876,74060,9590,0.012,0.091,7.723,84.54,10.95,NONE,,0,,RAW_STALE_LOW,KEEP_SCRYDEX,,LADDER_INFO_ONLY,
CRD_1AB7F353BFC547DC81F1,나시,AR,066/063,664097,3626,59598,25764,0.061,0.141,2.313,16.44,7.11,A_1M,9500,3,0.382,RAW_STALE_LOW;SNK_DIVERGENCE_LOW,REVIEW_SNK_THIN,,REVIEW_REPLACE,Y
CRD_1ACA13137E6D4322A031,메가자리 ex,SR,076/063,546108,2074,39907,14770,0.052,0.14,2.702,19.24,7.12,NONE,,0,,RAW_STALE_LOW,KEEP_SCRYDEX,,LADDER_INFO_ONLY,
CRD_1AD1B3ABA677423BBCAE,라이츄 V,SR,106/100,139845,7329,101949,39755,0.072,0.184,2.564,13.91,5.42,A_1M,17680,10,0.415,RAW_STALE_LOW;SNK_DIVERGENCE_LOW,REPLACE_WITH_SNK_A,,STRONG_REPLACE,
CRD_1ADDB3B731DE412E851A,피죤,S,305/190,,1875,62467,,0.03,,,33.32,,NO_MAP,,0,,RAW_STALE_LOW,KEEP_SCRYDEX,,LADDER_INFO_ONLY,
CRD_1AF396E7442011F20F00,,,,,3472,61427,25201,0.057,0.138,2.437,17.69,7.26,NO_MAP,,0,,RAW_STALE_LOW,KEEP_SCRYDEX,,LADDER_INFO_ONLY,
CRD_1AF555656B2048A2B4EE,무쇠손 ex,RR,027/066,,430,29556,29322,0.015,0.015,1.008,68.73,68.19,NO_MAP,,0,,RAW_STALE_LOW,KEEP_SCRYDEX,,LADDER_INFO_ONLY,
CRD_1AFBAC5E15DA4DBFB50A,아라리,AR,065/064,358112,4425,58463,24602,0.076,0.18,2.376,13.21,5.56,NONE,,0,,RAW_STALE_LOW,KEEP_SCRYDEX,,LADDER_INFO_ONLY,
CRD_1B0CED467C434ACBAEFE,타랜툴라,AR,079/078,110787,3042,57170,25264,0.053,0.12,2.263,18.79,8.31,NONE,,0,,RAW_STALE_LOW,KEEP_SCRYDEX,,LADDER_INFO_ONLY,
CRD_1B4300D40B074B11BABC,쉐이미 V,RR,012/100,139755,907,26740,,0.034,,,29.48,,NONE,,0,,RAW_STALE_LOW,KEEP_SCRYDEX,,LADDER_INFO_ONLY,
CRD_1C157708149345C6BF37,갸라도스 V,RR,020/067,113249,2090,55892,13498,0.037,0.155,4.141,26.74,6.46,NONE,,0,,RAW_STALE_LOW,KEEP_SCRYDEX,,LADDER_INFO_ONLY,
CRD_1C2F4BFC2FE24963AAD6,가라르 또도가스,S,276/190,,3657,81869,7645,0.045,0.478,10.709,22.39,2.09,NO_MAP,,0,,RAW_STALE_LOW,KEEP_SCRYDEX,,LADDER_INFO_ONLY,
CRD_1C6F8B47E1DE4A3B8C3C,드레디어,AR,092/086,608466,31360,88379,22171,0.355,1.414,3.986,2.82,0.71,NONE,,0,,RAW_OVER_PSA9,KEEP_SCRYDEX,,KEEP,
CRD_1C7DCAE87E334BB2AA8B,히드런 V,RR,014/067,139528,891,59953,,0.015,,,67.29,,NONE,,0,,RAW_STALE_LOW,KEEP_SCRYDEX,,LADDER_INFO_ONLY,
CRD_1C909A7537014095872A,윽우지 V,RR,051/060,145564,1490,30565,,0.049,,,20.51,,NONE,,0,,RAW_STALE_LOW,KEEP_SCRYDEX,,LADDER_INFO_ONLY,
CRD_1CA71C6A9BAE4E20BD02,탄차곤,S,267/190,,1798,76206,,0.024,,,42.38,,NO_MAP,,0,,RAW_STALE_LOW,KEEP_SCRYDEX,,LADDER_INFO_ONLY,
CRD_1CC18469ABD541448268,돌핀맨,AR,111/108,132256,3042,67065,11850,0.045,0.257,5.659,22.05,3.9,A_1M,9500,1,0.32,RAW_STALE_LOW;SNK_DIVERGENCE_LOW,MAPPING_REVIEW,,MAPPING_REVIEW,Y
CRD_1D12B07C82D340E9AC74,포켓몬놀이,SR,198/190,100076,17516,106355,37725,0.165,0.464,2.819,6.07,2.15,A_1M,38228,4,0.458,SNK_DIVERGENCE_LOW,REVIEW_SNK_THIN,,REVIEW_REPLACE,
CRD_1D2EAA1FB1D44C0781F7,고래왕 EX,RR,017/070,381766,10970,111937,,0.098,,,10.2,,NONE,,0,,RAW_STALE_LOW,KEEP_SCRYDEX,,LADDER_INFO_ONLY,
CRD_1D2EAFB251904489A557,두트리오,S,308/190,,1460,36039,12232,0.041,0.119,2.946,24.68,8.38,NO_MAP,,0,,RAW_STALE_LOW,KEEP_SCRYDEX,,LADDER_INFO_ONLY,
CRD_1DF3BDE764954B38BA78,폭거북스 GX,RR,009/050,389285,6146,102490,,0.06,,,16.68,,NONE,,0,,RAW_STALE_LOW,KEEP_SCRYDEX,,LADDER_INFO_ONLY,
CRD_1E4B7D9AA9DB42A7982A,킬라플로르 ex,RR,111/190,,369,23359,9174,0.016,0.04,2.546,63.3,24.86,NO_MAP,,0,,RAW_STALE_LOW,KEEP_SCRYDEX,,LADDER_INFO_ONLY,
CRD_1E5819643E174D74811E,메가이상해꽃 ex,RR,003/063,628153,1006,66772,31126,0.015,0.032,2.145,66.37,30.94,NONE,,0,,RAW_STALE_LOW,KEEP_SCRYDEX,,LADDER_INFO_ONLY,
CRD_1EB1317E215A4D5FABEE,피카츄,SM-P,120/SM-P,407399,107554,1070934,273615,0.1,0.393,3.914,9.96,2.54,A_1M,416043,5,0.259,SNK_DIVERGENCE_LOW,MAPPING_REVIEW,,MAPPING_REVIEW,
CRD_1ECDA429B4D74A1EB5F5,호브의 자시안 ex,RR,527/742,489814,369,47293,16819,0.008,0.022,2.812,128.17,45.58,NONE,,0,,RAW_STALE_LOW,KEEP_SCRYDEX,,LADDER_INFO_ONLY,
CRD_1ED4DECEA3A14B6C81A6,갱도라,AR,111/101,256065,3334,37465,16850,0.089,0.198,2.223,11.24,5.05,NONE,,0,,RAW_STALE_LOW,KEEP_SCRYDEX,,LADDER_INFO_ONLY,
CRD_1EDE2D3DF6644957B409,기라티나(프리즘스타),PR,030/066,338326,12876,442216,77282,0.029,0.167,5.722,34.34,6.0,A_1M,105554,1,0.122,RAW_STALE_LOW;SNK_DIVERGENCE_LOW,MAPPING_REVIEW,,MAPPING_REVIEW,
CRD_1EE8B7BE600043EF8C97,피죤투 ex,SSR,335/190,160957,1967,55521,20309,0.035,0.097,2.734,28.23,10.32,A_3M,9500,1,0.207,RAW_STALE_LOW;SNK_DIVERGENCE_LOW,MAPPING_REVIEW,,MAPPING_REVIEW,Y
CRD_1F266213F3D04671AEAA,썬더 ex,SAR,204/165,128120,158150,361384,126723,0.438,1.248,2.852,2.29,0.8,A_3M,190000,17,0.832,RAW_OVER_PSA9,REPLACE_WITH_SNK_A,,KEEP,
CRD_1F2F5DBD379C4E56A95F,나인테일 V,SR,098/096,145426,22970,105564,11468,0.218,2.003,9.205,4.6,0.5,NONE,,0,,RAW_OVER_PSA9,KEEP_SCRYDEX,,KEEP,
CRD_1F45F12DC0264E98B4E1,메가눈여아 ex,SAR,233/193,730955,45403,131592,50919,0.345,0.892,2.584,2.9,1.12,A_1M,21850,37,2.078,SNK_DIVERGENCE_HIGH,REPLACE_WITH_SNK_A,,STRONG_REPLACE,
CRD_1F99E5B3C0D24E77A6E3,무쇠머리,AR,078/066,148933,4894,59450,19021,0.082,0.257,3.125,12.15,3.89,A_1M,9500,2,0.515,RAW_STALE_LOW,REVIEW_SNK_THIN,,LADDER_INFO_ONLY,Y
CRD_1FAE56A534F527997652,,,,,399,51986,3921,0.008,0.102,13.258,130.29,9.83,NO_MAP,,0,,RAW_STALE_LOW,KEEP_SCRYDEX,,LADDER_INFO_ONLY,
CRD_1FC4B3E18BB94A0EB6CC,아머드 뮤츠,SM-P,196/SM-P,107574,126575,2184996,421015,0.058,0.301,5.19,17.26,3.33,A_1M,422750,28,0.299,RAW_STALE_LOW;SNK_DIVERGENCE_LOW,MAPPING_REVIEW,,MAPPING_REVIEW,
CRD_1FD012263A504F3CA01E,뮤츠 EX,RR,042/171,390034,10002,154350,25960,0.065,0.385,5.946,15.43,2.6,NONE,,0,,RAW_STALE_LOW,KEEP_SCRYDEX,,LADDER_INFO_ONLY,
CRD_2004462C5BD3458BA1B6,기어르,AR,146/086,608586,5116,55933,19877,0.091,0.257,2.814,10.93,3.89,NONE,,0,,RAW_STALE_LOW,KEEP_SCRYDEX,,LADDER_INFO_ONLY,
CRD_203BE953DCCE454BB9A0,오롱털,S,284/190,,2812,48317,13761,0.058,0.204,3.511,17.18,4.89,NO_MAP,,0,,RAW_STALE_LOW,KEEP_SCRYDEX,,LADDER_INFO_ONLY,
CRD_20857DA3F57C4FAC9BE3,이브이 GX,SR,188/173,93085,172992,1312399,263296,0.132,0.657,4.985,7.59,1.52,A_3M,456000,1,0.379,SNK_DIVERGENCE_LOW,REVIEW_SNK_THIN,,REVIEW_REPLACE,
CRD_20890E3348E540539C0B,파비코리 ex,SAR,090/066,146997,83047,183219,68518,0.453,1.212,2.674,2.21,0.83,A_1M,94990,6,0.874,RAW_OVER_PSA9,REPLACE_WITH_SNK_A,,KEEP,
CRD_20A7B2013FDD428ABD1B,매시붕 GX,SR,052/050,334521,27641,61146,22935,0.452,1.205,2.666,2.21,0.83,NONE,,0,,RAW_OVER_PSA9,KEEP_SCRYDEX,,KEEP,
CRD_20B447132BB64565AC00,하솔,SR,126/102,320347,7928,48011,14220,0.165,0.558,3.376,6.06,1.79,A_3M,21366,2,0.371,SNK_DIVERGENCE_LOW,REVIEW_SNK_THIN,,REVIEW_REPLACE,
CRD_20D11F0C16204F278BD5,두랄루돈,S,291/190,,1429,60276,15321,0.024,0.093,3.934,42.18,10.72,NO_MAP,,0,,RAW_STALE_LOW,KEEP_SCRYDEX,,LADDER_INFO_ONLY,
CRD_210F30877AE44F18910C,우락고래,AR,069/064,379010,2581,40152,14556,0.064,0.177,2.758,15.56,5.64,NONE,,0,,RAW_STALE_LOW,KEEP_SCRYDEX,,LADDER_INFO_ONLY,
CRD_212812EDFC95434E96EE,노공룡,AR,078/066,152781,6146,67338,32660,0.091,0.188,2.062,10.96,5.31,NONE,,0,,RAW_STALE_LOW,KEEP_SCRYDEX,,LADDER_INFO_ONLY,
CRD_214C3CC1FFFD487FBD68,마스카나 ex,SSR,321/190,151750,2504,60504,25808,0.041,0.097,2.344,24.16,10.31,A_3M,9500,1,0.264,RAW_STALE_LOW;SNK_DIVERGENCE_LOW,MAPPING_REVIEW,,MAPPING_REVIEW,Y
CRD_2155A4D54F44F7A42D0F,,,,,2228,60399,23187,0.037,0.096,2.605,27.11,10.41,NO_MAP,,0,,RAW_STALE_LOW,KEEP_SCRYDEX,,LADDER_INFO_ONLY,
CRD_219500DA87B5401CBEDA,페르시온 GX,SR,104/095,393046,7099,96176,41277,0.074,0.172,2.33,13.55,5.81,NONE,,0,,RAW_STALE_LOW,KEEP_SCRYDEX,,LADDER_INFO_ONLY,
CRD_21BD8B5DBB024A8FBC30,아머까오 VMAX,RRR,056/070,144106,1905,19394,,0.098,,,10.18,,NONE,,0,,RAW_STALE_LOW,KEEP_SCRYDEX,,LADDER_INFO_ONLY,
CRD_21CE4716EFF648768118,드래펄트 ex,RR,134/193,,399,34663,,0.012,,,86.87,,NO_MAP,,0,,RAW_STALE_LOW,KEEP_SCRYDEX,,LADDER_INFO_ONLY,
CRD_21D7CBE19CF94AD189EB,퍼퓨돈 ex,RR,068/078,110733,522,24311,7645,0.021,0.068,3.18,46.57,14.65,NONE,,0,,RAW_STALE_LOW,KEEP_SCRYDEX,,LADDER_INFO_ONLY,
CRD_2202D899B2514A12A3B3,싸리용 ex,RR,081/106,395717,538,58738,22270,0.009,0.024,2.638,109.18,41.39,NONE,,0,,RAW_STALE_LOW,KEEP_SCRYDEX,,LADDER_INFO_ONLY,
CRD_222E9847135B140CEF27,,,,,568,36026,,0.016,,,63.43,,NO_MAP,,0,,RAW_STALE_LOW,KEEP_SCRYDEX,,LADDER_INFO_ONLY,
CRD_227EEF4A668D4B91A0DE,메가드래캄 ex,SAR,116/083,776367,46847,415589,,0.113,,,8.87,,A_1M,19000,49,2.466,SNK_DIVERGENCE_HIGH,REPLACE_WITH_SNK_A,,STRONG_REPLACE,
CRD_2297ECA873FB4C6EB5C5,신비록 V,RR,131/172,105008,615,41436,,0.015,,,67.38,,NONE,,0,,RAW_STALE_LOW,KEEP_SCRYDEX,,LADDER_INFO_ONLY,
CRD_22BC9BEDDB4B49D88171,가라르 가로막구리,CHR,207/184,126691,2827,50534,13425,0.056,0.211,3.764,17.88,4.75,A_3M,21375,1,0.132,RAW_STALE_LOW;SNK_DIVERGENCE_LOW,MAPPING_REVIEW,,MAPPING_REVIEW,
CRD_22CE66F664EA4815A5C1,바우첼,S,267/190,,4318,57354,24495,0.075,0.176,2.341,13.28,5.67,NO_MAP,,0,,RAW_STALE_LOW,KEEP_SCRYDEX,,LADDER_INFO_ONLY,
CRD_22D9C293BC9A4A30A4A0,절각참,S,293/190,,1982,47553,33638,0.042,0.059,1.414,23.99,16.97,NO_MAP,,0,,RAW_STALE_LOW,KEEP_SCRYDEX,,LADDER_INFO_ONLY,
CRD_22E4A9137EB24D9A80C6,아마루르가,AR,084/080,753307,4210,76703,25262,0.055,0.167,3.036,18.22,6.0,NONE,,0,,RAW_STALE_LOW,KEEP_SCRYDEX,,LADDER_INFO_ONLY,
CRD_23726C952A68490FB117,아쿠스타,S,222/190,,2681,33638,14021,0.08,0.191,2.399,12.55,5.23,NO_MAP,,0,,RAW_STALE_LOW,KEEP_SCRYDEX,,LADDER_INFO_ONLY,
CRD_23872FA0E5334B128E5A,파이어로 V,RR,016/100,144968,1060,53516,,0.02,,,50.49,,NONE,,0,,RAW_STALE_LOW,KEEP_SCRYDEX,,LADDER_INFO_ONLY,
CRD_238DFF5330E44802A6A3,푸크린 ex,RR,141/190,160952,384,71644,4587,0.005,0.084,15.619,186.57,11.95,NONE,,0,,RAW_STALE_LOW,KEEP_SCRYDEX,,LADDER_INFO_ONLY,
CRD_2390067C529942A68821,초롱순,S,286/190,,1337,52554,9174,0.025,0.146,5.729,39.31,6.86,NO_MAP,,0,,RAW_STALE_LOW,KEEP_SCRYDEX,,LADDER_INFO_ONLY,
CRD_23A695E8090F40B9B1A7,꼬이밍고,AR,082/071,117828,4410,74126,23548,0.059,0.187,3.148,16.81,5.34,NONE,,0,,RAW_STALE_LOW,KEEP_SCRYDEX,,LADDER_INFO_ONLY,
CRD_23BFAC1CC99540DEB9B9,샤미드 ex,RR,161/742,434886,1844,55423,23693,0.033,0.078,2.339,30.06,12.85,A_3M,9500,1,0.194,RAW_STALE_LOW;SNK_DIVERGENCE_LOW,MAPPING_REVIEW,,MAPPING_REVIEW,Y
CRD_243B025EA81342949B2D,피카츄,PR,,475194,13936,145028,41297,0.096,0.337,3.512,10.41,2.96,A_1M,19000,58,0.733,RAW_STALE_LOW,REPLACE_WITH_SNK_A,,LADDER_INFO_ONLY,
CRD_243CD02D3D3B494795CF,한카리아스 ex,RR,039/187,427218,507,17036,,0.03,,,33.6,,NONE,,0,,RAW_STALE_LOW,KEEP_SCRYDEX,,LADDER_INFO_ONLY,
CRD_2444A7B9A8EA415D8A2F,잠만보 VMAX,HR,070/060,96566,91421,213757,46008,0.428,1.987,4.646,2.34,0.5,A_3M,108300,2,0.844,RAW_OVER_PSA9,REVIEW_SNK_THIN,,KEEP,
CRD_244EB50258FC45D58BB7,이브이 ex,RR,566/742,427228,2305,70432,38194,0.033,0.06,1.844,30.56,16.57,A_3M,9500,2,0.243,RAW_STALE_LOW;SNK_DIVERGENCE_LOW,MAPPING_REVIEW,,MAPPING_REVIEW,Y
CRD_24845E4BD72A47AAA490,라티오스 EX,RR,048/078,382140,14020,159202,100915,0.088,0.139,1.578,11.36,7.2,NONE,,0,,RAW_STALE_LOW,KEEP_SCRYDEX,,LADDER_INFO_ONLY,
CRD_249FD650FBBB4F8C8E9F,AZ의 평온,SR,108/083,776359,3718,,33813,,0.11,,,9.09,A_3M,9500,1,0.391,RAW_STALE_LOW;SNK_DIVERGENCE_LOW,REVIEW_SNK_THIN,,REVIEW_REPLACE,Y
CRD_24A7755304AF47CF931D,로켓단의 따라큐,AR,205/193,730942,8458,105434,34151,0.08,0.248,3.087,12.47,4.04,A_1M,9500,27,0.89,RAW_STALE_LOW,REPLACE_WITH_SNK_A,,LADDER_INFO_ONLY,Y
CRD_24E2B7E72A25492F960D,푸크린 ex,SSR,336/190,160958,1997,38592,23730,0.052,0.084,1.626,19.32,11.88,NONE,,0,,RAW_STALE_LOW,KEEP_SCRYDEX,,LADDER_INFO_ONLY,
CRD_24E953E56C044EFFAEB2,뮤 V,RR,053/172,103804,3165,139243,21181,0.023,0.149,6.574,43.99,6.69,A_1M,9500,17,0.333,RAW_STALE_LOW;SNK_DIVERGENCE_LOW,REPLACE_WITH_SNK_A,,REVIEW_REPLACE,Y
CRD_24FAA1F19A0941A2BB96,보미카,SR,194/173,91267,125515,138116,97292,0.909,1.29,1.42,1.1,0.78,NONE,,0,,RAW_OVER_PSA9,KEEP_SCRYDEX,,KEEP,
CRD_251F9092AFDE47718BB3,로켓단의 아테나,SR,122/098,568899,4502,51299,20642,0.088,0.218,2.485,11.39,4.59,A_3M,11400,1,0.395,RAW_STALE_LOW;SNK_DIVERGENCE_LOW,REVIEW_SNK_THIN,,REVIEW_REPLACE,
CRD_2521A01014064B6586BA,앤테이 EX,SR,070/069,91627,46094,1245601,373815,0.037,0.123,3.332,27.02,8.11,NONE,,0,,RAW_STALE_LOW,KEEP_SCRYDEX,,LADDER_INFO_ONLY,
CRD_25251C19A57081F5E42B,,,,,1828,19994,,0.091,,,10.94,,NO_MAP,,0,,RAW_STALE_LOW,KEEP_SCRYDEX,,LADDER_INFO_ONLY,
CRD_2531910728D94C05A9E9,팔자크,SR,124/101,256074,1629,62841,7645,0.026,0.213,8.22,38.58,4.69,NONE,,0,,RAW_STALE_LOW,KEEP_SCRYDEX,,LADDER_INFO_ONLY,
CRD_254CCBD76DFA46BDB30B,스이쿤 V,RR,024/172,,891,66023,13104,0.013,0.068,5.038,74.1,14.71,NO_MAP,,0,,RAW_STALE_LOW,KEEP_SCRYDEX,,LADDER_INFO_ONLY,
CRD_2570702FE3854423A069,무쇠바퀴 ex,RR,132/190,156442,353,29449,3058,0.012,0.115,9.63,83.42,8.66,NONE,,0,,RAW_STALE_LOW,KEEP_SCRYDEX,,LADDER_INFO_ONLY,
CRD_25A76CC236D74FF2B49A,웨이니발 ex,SAR,098/073,116083,32343,58034,24441,0.557,1.323,2.374,1.79,0.76,A_1M,42418,5,0.762,RAW_OVER_PSA9,REPLACE_WITH_SNK_A,,KEEP,
CRD_25B8055B794A45B99714,메가아쿠스타 ex,RR,021/080,752402,768,45930,,0.017,,,59.8,,NONE,,0,,RAW_STALE_LOW,KEEP_SCRYDEX,,LADDER_INFO_ONLY,
CRD_25B97585CC304F538181,잉어킹&고래왕 GX,SR,099/095,91292,537753,3022999,1070345,0.178,0.502,2.824,5.62,1.99,A_3M,1420250,2,0.379,SNK_DIVERGENCE_LOW,REVIEW_SNK_THIN,,REVIEW_REPLACE,
CRD_262F67E35B964E6B9C67,야도킹 ex,SR,086/071,120834,5178,72924,,0.071,,,14.08,,A_3M,12796,2,0.405,RAW_STALE_LOW;SNK_DIVERGENCE_LOW,REVIEW_SNK_THIN,,REVIEW_REPLACE,
CRD_2685F2D324BF4D0495CF,대여르 V,SSR,319/190,144780,2858,43765,18272,0.065,0.156,2.395,15.31,6.39,NONE,,0,,RAW_STALE_LOW,KEEP_SCRYDEX,,LADDER_INFO_ONLY,
CRD_26AE57743E2F41B084F2,차곡차곡 GX,RR,088/150,112762,2858,22906,16019,0.125,0.178,1.43,8.01,5.6,NONE,,0,,RAW_STALE_LOW,KEEP_SCRYDEX,,LADDER_INFO_ONLY,
CRD_26B8AD9FA6554601A3B7,뮤츠 GX,SSR,219/150,91294,120921,867204,205963,0.139,0.587,4.21,7.17,1.7,A_1M,329175,8,0.367,SNK_DIVERGENCE_LOW,REPLACE_WITH_SNK_A,,STRONG_REPLACE,
CRD_26CD880191FC48B2BE27,벨의 진심,SR,090/071,186246,4502,64509,23195,0.07,0.194,2.781,14.33,5.15,A_1M,9500,2,0.474,RAW_STALE_LOW;SNK_DIVERGENCE_LOW,REVIEW_SNK_THIN,,REVIEW_REPLACE,Y
CRD_274BA225B19844028DDF,총지엔 ex,UR,355/190,164707,5209,42889,26618,0.121,0.196,1.611,8.23,5.11,NONE,,0,,RAW_STALE_LOW,KEEP_SCRYDEX,,LADDER_INFO_ONLY,
CRD_274ED0D22EC54F229DAE,포켓몬 브리더,SR,077/072,91340,115221,317990,,0.362,,,2.76,,A_3M,237500,1,0.485,SNK_DIVERGENCE_LOW,REVIEW_SNK_THIN,,REVIEW_REPLACE,
CRD_2794B6F1FB74431BA82B,폭슬라이,S,281/190,,3273,16804,18348,0.195,0.178,0.916,5.13,5.61,NO_MAP,,0,,RAW_STALE_LOW,KEEP_SCRYDEX,,LADDER_INFO_ONLY,
CRD_27BABDECB2404E3D873F,리자몽 V,SR,102/100,96570,27749,200896,32047,0.138,0.866,6.269,7.24,1.15,A_1M,85500,11,0.325,SNK_DIVERGENCE_LOW,MAPPING_REVIEW,,MAPPING_REVIEW,
CRD_27CAC15F8DE54882AA0F,퍼퓨돈 ex,SR,096/078,110899,2474,34434,6528,0.072,0.379,5.275,13.92,2.64,NONE,,0,,RAW_STALE_LOW,KEEP_SCRYDEX,,LADDER_INFO_ONLY,
CRD_27D5FC7D18F54B668AE2,대왕끼리동,S,290/190,,1890,106726,,0.018,,,56.47,,NO_MAP,,0,,RAW_STALE_LOW,KEEP_SCRYDEX,,LADDER_INFO_ONLY,
CRD_27DC42C3D270417B9335,님피아 VMAX,RR,192/414,141087,6023,83943,31267,0.072,0.193,2.685,13.94,5.19,A_1M,17100,5,0.352,RAW_STALE_LOW;SNK_DIVERGENCE_LOW,REPLACE_WITH_SNK_A,,STRONG_REPLACE,
CRD_27F3781C418A41E795E5,규리,SR,057/052,91300,92189,233313,74922,0.395,1.23,3.114,2.53,0.81,A_1M,95000,2,0.97,RAW_OVER_PSA9,REVIEW_SNK_THIN,,KEEP,
CRD_281071E67CFC40DD8688,빠모트,S,248/190,,2228,46527,,0.048,,,20.88,,NO_MAP,,0,,RAW_STALE_LOW,KEEP_SCRYDEX,,LADDER_INFO_ONLY,
CRD_2816C9B402A643F99D42,이상해꽃 ex,SR,184/165,128100,7898,85854,43896,0.092,0.18,1.956,10.87,5.56,A_1M,23750,9,0.333,RAW_STALE_LOW;SNK_DIVERGENCE_LOW,REPLACE_WITH_SNK_A,,STRONG_REPLACE,
CRD_2821F636689C4FCE8CCC,쉐이미,HR,09/40,109250,35339,810318,250301,0.044,0.141,3.237,22.93,7.08,NONE,,0,,RAW_STALE_LOW,KEEP_SCRYDEX,,LADDER_INFO_ONLY,
CRD_283662D99DED475396E1,기라티나 VSTAR,RRR,081/100,,2182,57288,18203,0.038,0.12,3.147,26.25,8.34,NO_MAP,,0,,RAW_STALE_LOW,KEEP_SCRYDEX,,LADDER_INFO_ONLY,
CRD_2847A51BC6AB4B00BB53,아크로마의 집념,SR,084/064,282195,3350,44953,16077,0.075,0.208,2.796,13.42,4.8,NONE,,0,,RAW_STALE_LOW,KEEP_SCRYDEX,,LADDER_INFO_ONLY,
CRD_284CA7EBBD6A4A86BDFF,바닥트리오,S,227/190,,1967,76512,,0.026,,,38.9,,NO_MAP,,0,,RAW_STALE_LOW,KEEP_SCRYDEX,,LADDER_INFO_ONLY,
CRD_285E533D9D2F4E4F94A6,팔데아의 학생,SR,345/190,164706,1060,77418,16636,0.014,0.064,4.654,73.04,15.69,NONE,,0,,RAW_STALE_LOW,KEEP_SCRYDEX,,LADDER_INFO_ONLY,
CRD_28E64B8B572C4910BC20,헬가 V,RR,009/100,145152,2812,30035,41314,0.094,0.068,0.727,10.68,14.69,NONE,,0,,GRADED_INVERSION;RAW_STALE_LOW,KEEP_SCRYDEX,,KEEP,
CRD_28EAE8B1B5464580A078,나로테,S,202/190,,1936,24159,,0.08,,,12.48,,NO_MAP,,0,,RAW_STALE_LOW,KEEP_SCRYDEX,,LADDER_INFO_ONLY,
CRD_28FD2B5F4CE248369764,히스이 조로아크 VSTAR,RRR,062/071,139410,1091,60748,37670,0.018,0.029,1.613,55.68,34.53,NONE,,0,,RAW_STALE_LOW,KEEP_SCRYDEX,,LADDER_INFO_ONLY,
CRD_290E399FA6ED4C67A8C8,히스이 미끄래곤 VSTAR,RRR,057/071,139403,891,56196,,0.016,,,63.07,,NONE,,0,,RAW_STALE_LOW,KEEP_SCRYDEX,,LADDER_INFO_ONLY,
CRD_2942A77E70D64CD79DC5,킬가르도 ex,RR,045/066,149403,430,13761,,0.031,,,32.0,,NONE,,0,,RAW_STALE_LOW,KEEP_SCRYDEX,,LADDER_INFO_ONLY,
CRD_294D19F698F24BE39387,나무킹 EX,RR,006/171,385862,9219,106882,,0.086,,,11.59,,NONE,,0,,RAW_STALE_LOW,KEEP_SCRYDEX,,LADDER_INFO_ONLY,
CRD_2951B02D3BE7488DA649,피카츄,SM-P,005/SM-P,106193,16824,653895,171353,0.026,0.098,3.816,38.87,10.19,A_1M,209000,7,0.08,RAW_STALE_LOW;SNK_DIVERGENCE_LOW,MAPPING_REVIEW,,MAPPING_REVIEW,
CRD_29545D8447D54F8F9E57,게노세크트 EX플라스마단,SR,078/076,406756,62996,3820403,344595,0.016,0.183,11.087,60.65,5.47,NONE,,0,,RAW_STALE_LOW,KEEP_SCRYDEX,,LADDER_INFO_ONLY,
CRD_295D5C65BB2240D6ACE9,울머기,S,224/190,,2028,77336,11238,0.026,0.18,6.882,38.13,5.54,NO_MAP,,0,,RAW_STALE_LOW,KEEP_SCRYDEX,,LADDER_INFO_ONLY,
CRD_29775D0DA6924EA992F1,배우르,S,303/190,,1690,76329,25045,0.022,0.067,3.048,45.17,14.82,NO_MAP,,0,,RAW_STALE_LOW,KEEP_SCRYDEX,,LADDER_INFO_ONLY,
CRD_298C5CE24A9343B9AF00,N의 조로아크 ex,UR,131/100,506160,20251,83848,718107,0.242,0.028,0.117,4.14,35.46,A_1M,28490,6,0.711,GRADED_INVERSION;RAW_STALE_LOW,REPLACE_WITH_SNK_A,,KEEP,
CRD_29E34E5A35CC4FFAB36C,후파 EX,SR,087/081,107418,132906,386090,99692,0.344,1.333,3.873,2.9,0.75,NONE,,0,,RAW_OVER_PSA9,KEEP_SCRYDEX,,KEEP,
CRD_2A25393A383641F7BD29,안농 VSTAR,RRR,036/098,100549,1260,65293,13012,0.019,0.097,5.018,51.82,10.33,NONE,,0,,RAW_STALE_LOW,KEEP_SCRYDEX,,LADDER_INFO_ONLY,
CRD_2A2AA65BC13345549AD1,마스터드 연격의 태세,SR,259/184,126530,1675,53928,,0.031,,,32.2,,NONE,,0,,RAW_STALE_LOW,KEEP_SCRYDEX,,LADDER_INFO_ONLY,
CRD_2A2C765236DC4E0DA39B,비크티니 V,RR,059/414,144062,1367,145257,,0.009,,,106.26,,NONE,,0,,RAW_STALE_LOW,KEEP_SCRYDEX,,LADDER_INFO_ONLY,
CRD_2A51F7848C3F425BADD0,치릴리,AR,091/086,608465,22648,49708,33638,0.456,0.673,1.478,2.19,1.49,A_1M,9500,4,2.384,SNK_DIVERGENCE_HIGH,REVIEW_SNK_THIN,,REVIEW_REPLACE,Y
CRD_2A6241DAD8844867AA49,활화르바,AR,108/106,418740,2428,52042,27930,0.047,0.087,1.863,21.43,11.5,NONE,,0,,RAW_STALE_LOW,KEEP_SCRYDEX,,LADDER_INFO_ONLY,
CRD_2ACE89E68BFA4F5BA7C3,석탄산 V,SR,080/076,145137,4241,58629,,0.072,,,13.82,,NONE,,0,,RAW_STALE_LOW,KEEP_SCRYDEX,,LADDER_INFO_ONLY,
CRD_2B512D9C6B334EA6B3B5,캠프파이어,SR,115/100,126533,1690,36696,15290,0.046,0.111,2.4,21.71,9.05,NONE,,0,,RAW_STALE_LOW,KEEP_SCRYDEX,,LADDER_INFO_ONLY,
CRD_2BAD952E439344719A81,레쿠쟈 VMAX,UR,284/184,96659,71938,620241,76966,0.116,0.935,8.059,8.62,1.07,A_3M,377616,20,0.191,SNK_DIVERGENCE_LOW,MAPPING_REVIEW,,MAPPING_REVIEW,
CRD_2BBC9C171E2800926C30,,,,,9480,102127,21357,0.093,0.444,4.782,10.77,2.25,NO_MAP,,0,,RAW_STALE_LOW,KEEP_SCRYDEX,,LADDER_INFO_ONLY,
CRD_2BCC60756DD640D68C16,두랄루돈 V,RR,122/184,141151,522,45317,,0.012,,,86.81,,NONE,,0,,RAW_STALE_LOW,KEEP_SCRYDEX,,LADDER_INFO_ONLY,
CRD_2BD596750DCC46F5BF44,달코퀸 ex,SR,080/066,151711,2781,56075,,0.05,,,20.16,,NONE,,0,,RAW_STALE_LOW,KEEP_SCRYDEX,,LADDER_INFO_ONLY,
CRD_2BE0C7968F004557B9AB,자포코일 VSTAR,RRR,017/071,139337,1060,52736,,0.02,,,49.75,,NONE,,0,,RAW_STALE_LOW,KEEP_SCRYDEX,,LADDER_INFO_ONLY,
CRD_2BE2AAD4366A40AAB96E,아르세우스 V,SR,111/100,96572,16256,102337,12293,0.159,1.322,8.325,6.3,0.76,NONE,,0,,RAW_OVER_PSA9,KEEP_SCRYDEX,,KEEP,
CRD_2BE4A0CA25944D3292C7,히드런 V,SR,072/067,139583,2673,50802,,0.053,,,19.01,,NONE,,0,,RAW_STALE_LOW,KEEP_SCRYDEX,,LADDER_INFO_ONLY,
CRD_2C17B97D2D95413699E9,뮤츠&뮤 GX,SR,098/094,91282,630218,5131264,1176672,0.123,0.536,4.361,8.14,1.87,A_1M,3040000,8,0.207,SNK_DIVERGENCE_LOW,MAPPING_REVIEW,,MAPPING_REVIEW,
CRD_2C1EDC815A2644BEB9DE,푸크린,AR,091/080,704383,5362,60993,28610,0.088,0.187,2.132,11.38,5.34,NONE,,0,,RAW_STALE_LOW,KEEP_SCRYDEX,,LADDER_INFO_ONLY,
CRD_2C36A353792C402C93E8,번치코 VMAX,RRR,020/184,141007,2090,60896,20067,0.034,0.104,3.035,29.14,9.6,NONE,,0,,RAW_STALE_LOW,KEEP_SCRYDEX,,LADDER_INFO_ONLY,
CRD_2C4C0A40740543B09035,돌핀맨,AR,339/190,162092,3350,60178,15718,0.056,0.213,3.829,17.96,4.69,A_3M,9500,1,0.353,RAW_STALE_LOW;SNK_DIVERGENCE_LOW,REVIEW_SNK_THIN,,REVIEW_REPLACE,Y
CRD_2C78DB6891D243219B2F,비퀸 ex,SR,123/108,132268,2320,54712,45764,0.042,0.051,1.196,23.58,19.73,NONE,,0,,RAW_STALE_LOW,KEEP_SCRYDEX,,LADDER_INFO_ONLY,
CRD_2CABD12EE5B74135858E,웨이니발 ex,SR,088/073,116074,1859,45080,21395,0.041,0.087,2.107,24.25,11.51,NONE,,0,,RAW_STALE_LOW,KEEP_SCRYDEX,,LADDER_INFO_ONLY,
CRD_2CECD65EDFEE402B8093,킹드라,CHR,190/184,126683,10486,105688,30694,0.099,0.342,3.443,10.08,2.93,A_1M,14250,7,0.736,RAW_STALE_LOW,REPLACE_WITH_SNK_A,,LADDER_INFO_ONLY,
CRD_2D08E66725174B8D97BF,찬란한 히드런,K,011/067,,1813,59091,,0.031,,,32.59,,NO_MAP,,0,,RAW_STALE_LOW,KEEP_SCRYDEX,,LADDER_INFO_ONLY,
CRD_2D0FDD0C77AF4176BAA2,신비록 V,SR,076/067,139512,1782,45871,,0.039,,,25.74,,NONE,,0,,RAW_STALE_LOW,KEEP_SCRYDEX,,LADDER_INFO_ONLY,
CRD_2D3476E6CBAD4BDCB062,메타몽 VMAX,RRR,141/190,144571,2489,76030,22878,0.033,0.109,3.323,30.55,9.19,A_1M,15200,10,0.164,RAW_STALE_LOW;SNK_DIVERGENCE_LOW,MAPPING_REVIEW,,MAPPING_REVIEW,
CRD_2D3BEACE738C403A95FC,달코퀸 V,RR,011/100,141308,1198,62659,27123,0.019,0.044,2.31,52.3,22.64,NONE,,0,,RAW_STALE_LOW,KEEP_SCRYDEX,,LADDER_INFO_ONLY,
CRD_2D4779F86C774DBFA501,청목의 수완,SR,193/187,471666,2366,43088,13379,0.055,0.177,3.221,18.21,5.65,NONE,,0,,RAW_STALE_LOW,KEEP_SCRYDEX,,LADDER_INFO_ONLY,
CRD_2D4AA6D08A11483FA5DB,무쇠가시 ex,RR,282/742,204137,384,24510,,0.016,,,63.83,,NONE,,0,,RAW_STALE_LOW,KEEP_SCRYDEX,,LADDER_INFO_ONLY,
CRD_2D610AC70AB04D4887B7,귀뚤톡크 V,CSR,213/184,141269,4917,56574,,0.087,,,11.51,,NONE,,0,,RAW_STALE_LOW,KEEP_SCRYDEX,,LADDER_INFO_ONLY,
CRD_2E14D4A8D7AB4CCB95D2,아보크 ex,SR,187/165,128103,3672,70094,24525,0.052,0.15,2.858,19.09,6.68,A_1M,14250,4,0.258,RAW_STALE_LOW;SNK_DIVERGENCE_LOW,MAPPING_REVIEW,,MAPPING_REVIEW,
CRD_2E16148F22B445A2B1F9,솔가레오(프리즘스타),PR,082/150,336650,5408,141224,14532,0.038,0.372,9.718,26.11,2.69,NONE,,0,,RAW_STALE_LOW,KEEP_SCRYDEX,,LADDER_INFO_ONLY,
CRD_2E2D7916E97E4BB997FF,토게키스 V,RR,058/076,145116,1076,50718,,0.021,,,47.14,,NONE,,0,,RAW_STALE_LOW,KEEP_SCRYDEX,,LADDER_INFO_ONLY,
CRD_2E5F9227724846BE8970,라티오스 GX,RR,034/094,321545,4963,60658,23798,0.082,0.209,2.549,12.22,4.8,NONE,,0,,RAW_STALE_LOW,KEEP_SCRYDEX,,LADDER_INFO_ONLY,
CRD_2E7CD2B64DB94542A5DB,조타구,AR,110/101,245821,3012,48807,13162,0.062,0.229,3.708,16.2,4.37,NONE,,0,,RAW_STALE_LOW,KEEP_SCRYDEX,,LADDER_INFO_ONLY,
CRD_2E88C364F7394ACBB0AB,마리,SR,193/190,91190,93648,254287,69910,0.368,1.34,3.637,2.72,0.75,A_1M,171000,16,0.548,RAW_OVER_PSA9,REPLACE_WITH_SNK_A,,KEEP,
CRD_2ED0AB8374204F3DABF4,가라르 파이어 V,RR,080/172,,830,43514,19816,0.019,0.042,2.196,52.43,23.87,NO_MAP,,0,,RAW_STALE_LOW,KEEP_SCRYDEX,,LADDER_INFO_ONLY,
CRD_2EDC5DADC4F24ECD976A,팔데아 토오 ex,RR,054/073,114771,615,31536,16819,0.02,0.037,1.875,51.28,27.35,NONE,,0,,RAW_STALE_LOW,KEEP_SCRYDEX,,LADDER_INFO_ONLY,
CRD_2F01A346908C450BB7DD,꿰뚫는화염 ex,SR,085/071,186431,2566,45160,21070,0.057,0.122,2.143,17.6,8.21,NONE,,0,,RAW_STALE_LOW,KEEP_SCRYDEX,,LADDER_INFO_ONLY,
CRD_2F0219577D244E019E99,레시라무 GX,RR,018/150,112746,3303,64362,24052,0.051,0.137,2.676,19.49,7.28,A_1M,9500,2,0.348,RAW_STALE_LOW;SNK_DIVERGENCE_LOW,REVIEW_SNK_THIN,,REVIEW_REPLACE,Y
CRD_2F0ED241ED394BF6BF87,아이앤트 ex,RR,052/742,414014,399,30611,,0.013,,,76.72,,NONE,,0,,RAW_STALE_LOW,KEEP_SCRYDEX,,LADDER_INFO_ONLY,
CRD_2F1F77D90BA84F3E8C7D,피카츄,PR,S-P 75,334018,53761,430801,134631,0.125,0.399,3.2,8.01,2.5,A_1M,131100,28,0.41,SNK_DIVERGENCE_LOW,REPLACE_WITH_SNK_A,,STRONG_REPLACE,
CRD_2F43F0F33B364E59B1AA,로사와 로이,SR,061/054,104603,293437,692398,203864,0.424,1.439,3.396,2.36,0.69,A_1M,237500,4,1.236,RAW_OVER_PSA9,REVIEW_SNK_THIN,,KEEP,
CRD_2F715EB445B84B778ECB,스코빌런 ex,SR,120/106,418746,1414,50060,,0.028,,,35.4,,NONE,,0,,RAW_STALE_LOW,KEEP_SCRYDEX,,LADDER_INFO_ONLY,
CRD_2FA1805FDEA84161ABE3,껍질몬,AR,072/063,664116,3088,63745,22494,0.048,0.137,2.834,20.64,7.28,NONE,,0,,RAW_STALE_LOW,KEEP_SCRYDEX,,LADDER_INFO_ONLY,
CRD_2FDCD42F1BBC4E4BAD11,석탄산 V,RR,042/076,145102,983,62552,25993,0.016,0.038,2.406,63.63,26.44,NONE,,0,,RAW_STALE_LOW,KEEP_SCRYDEX,,LADDER_INFO_ONLY,
CRD_2FE394C852394D129604,나몰빼미,AR,082/080,753257,5378,102206,25791,0.053,0.209,3.963,19.0,4.8,A_1M,9500,4,0.566,RAW_STALE_LOW,REVIEW_SNK_THIN,,LADDER_INFO_ONLY,Y
CRD_301C4EFCC282412B9BCC,뮤츠 GX,RR,036/114,335886,13045,128912,31574,0.101,0.413,4.083,9.88,2.42,A_3M,76000,1,0.172,SNK_DIVERGENCE_LOW,MAPPING_REVIEW,,MAPPING_REVIEW,
CRD_308148D51D5845769B01,아이앤트 ex,SAR,130/106,418753,30530,85806,24388,0.356,1.252,3.518,2.81,0.8,A_3M,20282,2,1.505,RAW_OVER_PSA9,REVIEW_SNK_THIN,,KEEP,
CRD_3099C7E0FF07461FA926,메가저리더프 ex,RR,049/193,724991,553,81265,,0.007,,,146.95,,NONE,,0,,RAW_STALE_LOW,KEEP_SCRYDEX,,LADDER_INFO_ONLY,
CRD_30A6CD03B29E4EAFA1C2,로켓단의 니로우,AR,106/098,568316,6538,61934,25578,0.106,0.256,2.421,9.47,3.91,A_1M,14250,5,0.459,SNK_DIVERGENCE_LOW,REPLACE_WITH_SNK_A,,STRONG_REPLACE,
CRD_30E3A8301DC84AC182A0,올리르바,S,205/190,,1429,15351,,0.093,,,10.74,,NO_MAP,,0,,RAW_STALE_LOW,KEEP_SCRYDEX,,LADDER_INFO_ONLY,
CRD_30FDE55BA54D445982F5,춤추새 GX,RR,035/095,339620,2182,39036,,0.056,,,17.89,,NONE,,0,,RAW_STALE_LOW,KEEP_SCRYDEX,,LADDER_INFO_ONLY,
CRD_31940B3434F54CAB8CAB,이노,SR,107/080,753269,7606,128438,,0.059,,,16.89,,A_3M,9500,1,0.801,RAW_STALE_LOW,REVIEW_SNK_THIN,,LADDER_INFO_ONLY,Y
CRD_31985982AAFB4AECA49A,레쿠쟈 VMAX,HR,082/067,96630,111134,701288,214063,0.158,0.519,3.276,6.31,1.93,A_1M,633327,13,0.175,SNK_DIVERGENCE_LOW,MAPPING_REVIEW,,MAPPING_REVIEW,
CRD_31C58C5A3B144203BD03,히스이 조로아크 V,RR,128/172,,638,33794,31306,0.019,0.02,1.079,52.97,49.07,NO_MAP,,0,,RAW_STALE_LOW,KEEP_SCRYDEX,,LADDER_INFO_ONLY,
CRD_31E2B98699A1410FBAC9,브라이어,SR,124/102,318881,2996,48286,22920,0.062,0.131,2.107,16.12,7.65,NONE,,0,,RAW_STALE_LOW,KEEP_SCRYDEX,,LADDER_INFO_ONLY,
CRD_32082DD1A5DE41889046,이야후 ex,RR,037/064,277238,353,53990,15290,0.007,0.023,3.531,152.95,43.31,NONE,,0,,RAW_STALE_LOW,KEEP_SCRYDEX,,LADDER_INFO_ONLY,
CRD_321DE0F8BCA944D8BF43,때때무노,S,271/190,,2197,28287,,0.078,,,12.88,,NO_MAP,,0,,RAW_STALE_LOW,KEEP_SCRYDEX,,LADDER_INFO_ONLY,
CRD_321E17A2C21747AAB24E,복숭악동 ex,RR,491/742,277240,369,23380,,0.016,,,63.36,,NONE,,0,,RAW_STALE_LOW,KEEP_SCRYDEX,,LADDER_INFO_ONLY,
CRD_32386B204F0740378DD5,너트령,AR,072/062,140262,3334,72467,15848,0.046,0.21,4.573,21.74,4.75,NONE,,0,,RAW_STALE_LOW,KEEP_SCRYDEX,,LADDER_INFO_ONLY,
CRD_324F58AAF4F444DEAE95,귀뚤톡크,AR,174/172,105538,4702,59844,2409353,0.079,0.002,0.025,12.73,512.41,NONE,,0,,GRADED_INVERSION;RAW_STALE_LOW,KEEP_SCRYDEX,,KEEP,
CRD_325D356041B348968F5A,칼라마네로 EX,RR,076/171,390591,3319,53516,29051,0.062,0.114,1.842,16.12,8.75,NONE,,0,,RAW_STALE_LOW,KEEP_SCRYDEX,,LADDER_INFO_ONLY,
CRD_32763B48F1E343B49F3A,드닐레이브,S,235/190,,2105,28114,11454,0.075,0.184,2.455,13.36,5.44,NO_MAP,,0,,RAW_STALE_LOW,KEEP_SCRYDEX,,LADDER_INFO_ONLY,
CRD_329E5AFEC48D4C2B8D03,괴력몬 GX,RR,029/049,335542,3073,50091,,0.061,,,16.3,,NONE,,0,,RAW_STALE_LOW,KEEP_SCRYDEX,,LADDER_INFO_ONLY,
CRD_32A3236675F94589B53C,무쇠가시 ex,SR,081/066,227631,3042,62109,18348,0.049,0.166,3.385,20.42,6.03,NONE,,0,,RAW_STALE_LOW,KEEP_SCRYDEX,,LADDER_INFO_ONLY,
CRD_32E8DC4B424E4966B6CB,쁘사이저,AR,067/066,210033,6807,70855,24686,0.096,0.276,2.87,10.41,3.63,A_1M,9500,1,0.717,RAW_STALE_LOW,REVIEW_SNK_THIN,,LADDER_INFO_ONLY,Y
CRD_32E8F32B11894AB188C1,플루메리,SR,057/051,91351,145966,169919,96818,0.859,1.508,1.755,1.16,0.66,NONE,,0,,RAW_OVER_PSA9,KEEP_SCRYDEX,,KEEP,
CRD_331B23CD1B3542C09584,피카츄&제크로무 GX,SR,100/095,129023,138283,887160,156512,0.156,0.884,5.668,6.42,1.13,A_1M,285000,9,0.485,SNK_DIVERGENCE_LOW,REPLACE_WITH_SNK_A,,STRONG_REPLACE,
CRD_331BADEFF9654B599D78,저지맨,SR,344/190,159332,891,41467,10688,0.021,0.083,3.88,46.54,12.0,NONE,,0,,RAW_STALE_LOW,KEEP_SCRYDEX,,LADDER_INFO_ONLY,
CRD_331E1FDCBECBFA41AEA9,,,,,4318,47988,,0.09,,,11.11,,NO_MAP,,0,,RAW_STALE_LOW,KEEP_SCRYDEX,,LADDER_INFO_ONLY,
CRD_33360078EC2F4416BC8F,일레도리자드,AR,073/066,227626,2988,43503,25271,0.069,0.118,1.721,14.56,8.46,NONE,,0,,RAW_STALE_LOW,KEEP_SCRYDEX,,LADDER_INFO_ONLY,
CRD_3341BC09AE6F45A6A646,모래성이당 ex,SR,123/106,418748,2397,40733,19995,0.059,0.12,2.037,16.99,8.34,NONE,,0,,RAW_STALE_LOW,KEEP_SCRYDEX,,LADDER_INFO_ONLY,
CRD_3358929E8924485E949B,크로뱃 VMAX,RRR,109/190,144523,1060,45944,17631,0.023,0.06,2.606,43.34,16.63,NONE,,0,,RAW_STALE_LOW,KEEP_SCRYDEX,,LADDER_INFO_ONLY,
CRD_33785863B77A4D888CC5,루카리오&멜메탈 GX,SR,058/054,393297,51564,97031,39161,0.531,1.317,2.478,1.88,0.76,NONE,,0,,RAW_OVER_PSA9,KEEP_SCRYDEX,,KEEP,
CRD_339521F5D18A48858134,찬란한 후딘,K,031/068,,4133,87212,,0.047,,,21.1,,NO_MAP,,0,,RAW_STALE_LOW,KEEP_SCRYDEX,,LADDER_INFO_ONLY,
CRD_33A3DF458AC34EC6B1BD,호브의 자시안 ex,SR,118/100,505954,2090,59259,14189,0.035,0.147,4.176,28.35,6.79,A_1M,10450,1,0.2,RAW_STALE_LOW;SNK_DIVERGENCE_LOW,MAPPING_REVIEW,,MAPPING_REVIEW,
CRD_33A7A42687184DCAA53F,푸크린 ex,SR,189/165,128105,3964,60626,17951,0.065,0.221,3.377,15.29,4.53,A_1M,11875,8,0.334,RAW_STALE_LOW;SNK_DIVERGENCE_LOW,REPLACE_WITH_SNK_A,,STRONG_REPLACE,
CRD_33D12892FE0A448BA1C5,골루그 V,RR,188/414,141470,1629,59632,,0.027,,,36.61,,NONE,,0,,RAW_STALE_LOW,KEEP_SCRYDEX,,LADDER_INFO_ONLY,
CRD_33E384F099914BF89170,비파,SR,191/187,462392,3611,49023,22186,0.074,0.163,2.21,13.58,6.14,NONE,,0,,RAW_STALE_LOW,KEEP_SCRYDEX,,LADDER_INFO_ONLY,
CRD_33F622942A1F4876AAE4,어흥염 ex,RR,132/742,180186,492,45511,,0.011,,,92.5,,NONE,,0,,RAW_STALE_LOW,KEEP_SCRYDEX,,LADDER_INFO_ONLY,
CRD_3441FF9483AB4687A5BF,괴력몬 VMAX,RRR,033/067,,1882,50180,25960,0.038,0.072,1.933,26.66,13.79,NO_MAP,,0,,RAW_STALE_LOW,KEEP_SCRYDEX,,LADDER_INFO_ONLY,
CRD_3446ADE0F7424C998BED,엘풍 GX,RR,066/095,393012,1951,27094,7812,0.072,0.25,3.468,13.89,4.0,NONE,,0,,RAW_STALE_LOW,KEEP_SCRYDEX,,LADDER_INFO_ONLY,
CRD_34634E0B83674493958D,메가저리더프 ex,MA,225/193,730949,4256,77766,37628,0.055,0.113,2.067,18.27,8.84,A_1M,24938,19,0.171,RAW_STALE_LOW;SNK_DIVERGENCE_LOW,MAPPING_REVIEW,,MAPPING_REVIEW,
CRD_34B77E90E77E454D9E00,메가가디안 ex,RR,042/063,628169,768,51995,21100,0.015,0.036,2.464,67.7,27.47,NONE,,0,,RAW_STALE_LOW,KEEP_SCRYDEX,,LADDER_INFO_ONLY,
CRD_34B94E323039433886E9,애프룡,CHR,186/184,126696,3088,58024,16975,0.053,0.182,3.418,18.79,5.5,A_3M,9500,2,0.325,RAW_STALE_LOW;SNK_DIVERGENCE_LOW,MAPPING_REVIEW,,MAPPING_REVIEW,Y
CRD_34D1A571966643B9B808,가라르 불비달마 VMAX,RRR,024/100,144976,1598,32431,,0.049,,,20.29,,NONE,,0,,RAW_STALE_LOW,KEEP_SCRYDEX,,LADDER_INFO_ONLY,
CRD_3520EA33302182486E9D,,,,,5501,71999,24190,0.076,0.227,2.976,13.09,4.4,NO_MAP,,0,,RAW_STALE_LOW,KEEP_SCRYDEX,,LADDER_INFO_ONLY,
CRD_359332F027204F0997A9,펄스멍 V,SSR,313/190,144774,2059,40788,13348,0.05,0.154,3.056,19.81,6.48,NONE,,0,,RAW_STALE_LOW,KEEP_SCRYDEX,,LADDER_INFO_ONLY,
CRD_35A856F18BEB432BABEC,멜로코,SR,085/066,152787,5024,54433,44546,0.092,0.113,1.222,10.83,8.87,NONE,,0,,RAW_STALE_LOW,KEEP_SCRYDEX,,LADDER_INFO_ONLY,
CRD_35DC69B18FE34A239272,글레이시아 VMAX,RR,104/414,141674,3626,79631,24464,0.046,0.148,3.255,21.96,6.75,A_3M,17575,6,0.206,RAW_STALE_LOW;SNK_DIVERGENCE_LOW,MAPPING_REVIEW,,MAPPING_REVIEW,
CRD_35EA350A18F04A80A0D5,깜눈크,AR,087/078,110905,3426,47903,16421,0.072,0.209,2.917,13.98,4.79,NONE,,0,,RAW_STALE_LOW,KEEP_SCRYDEX,,LADDER_INFO_ONLY,
CRD_35F025B882B548A18185,어릿광대,SR,165/086,607936,1122,56187,15297,0.02,0.073,3.673,50.08,13.63,NONE,,0,,RAW_STALE_LOW,KEEP_SCRYDEX,,LADDER_INFO_ONLY,
CRD_35F6305B626B4EA6BA1B,미라이돈 ex,SAR,102/078,110935,65869,131985,30252,0.499,2.177,4.363,2.0,0.46,A_1M,57000,14,1.156,RAW_OVER_PSA9,REPLACE_WITH_SNK_A,,KEEP,
CRD_3610EE3BBB834DF6A0BF,밀로틱 ex,RR,185/742,408326,515,100300,18325,0.005,0.028,5.473,194.76,35.58,NONE,,0,,RAW_STALE_LOW,KEEP_SCRYDEX,,LADDER_INFO_ONLY,
CRD_364F4FE8048A4DC09AA0,흑마 버드렉스 V,SR,076/070,96682,37613,78121,30580,0.481,1.23,2.555,2.08,0.81,A_1M,71250,2,0.528,RAW_OVER_PSA9,REVIEW_SNK_THIN,,KEEP,
CRD_366F8C52670645088A5A,흑마 버드렉스 VMAX,RRR,083/184,141098,1337,49755,22957,0.027,0.058,2.167,37.21,17.17,NONE,,0,,RAW_STALE_LOW,KEEP_SCRYDEX,,LADDER_INFO_ONLY,
CRD_36A1599A2C254B9C957E,한카리아스 V,RR,109/172,,768,30443,15290,0.025,0.05,1.991,39.64,19.91,NO_MAP,,0,,RAW_STALE_LOW,KEEP_SCRYDEX,,LADDER_INFO_ONLY,
CRD_36B9B397B19A425CB729,리자몽 VSTAR,RRR,014/172,103071,10156,115060,33306,0.088,0.305,3.455,11.33,3.28,A_1M,9500,13,1.069,RAW_STALE_LOW,REPLACE_WITH_SNK_A,,LADDER_INFO_ONLY,Y
CRD_36D39DBAA5EC4EE09001,후딘 ex,SR,190/165,128106,5900,76606,36341,0.077,0.162,2.108,12.98,6.16,A_1M,17100,6,0.345,RAW_STALE_LOW;SNK_DIVERGENCE_LOW,REPLACE_WITH_SNK_A,,STRONG_REPLACE,
CRD_36F3273DC7014993855A,네크로즈마 황혼의 갈기 GX,RR,086/150,112761,4133,61008,,0.068,,,14.76,,NONE,,0,,RAW_STALE_LOW,KEEP_SCRYDEX,,LADDER_INFO_ONLY,
CRD_37121FE6503349888A93,자시안 V,RR,137/190,144567,645,33730,,0.019,,,52.29,,NONE,,0,,RAW_STALE_LOW,KEEP_SCRYDEX,,LADDER_INFO_ONLY,
CRD_371A341D2B024125AF8E,다크라이 GX,RR,064/114,105433,10771,272120,35167,0.04,0.306,7.738,25.26,3.26,A_1M,28490,3,0.378,RAW_STALE_LOW;SNK_DIVERGENCE_LOW,REVIEW_SNK_THIN,,REVIEW_REPLACE,
CRD_375B75D3FC3E42BAA4AD,사나운버섯,AR,077/066,138258,7360,90336,31313,0.081,0.235,2.885,12.27,4.25,A_1M,11875,2,0.62,RAW_STALE_LOW,REVIEW_SNK_THIN,,LADDER_INFO_ONLY,
CRD_378581C7E2764EC3A6BA,가라르 창파나이트,S,263/190,,4425,44663,30565,0.099,0.145,1.461,10.09,6.91,NO_MAP,,0,,RAW_STALE_LOW,KEEP_SCRYDEX,,LADDER_INFO_ONLY,
CRD_379A5BE80E2245808B5C,히스이 붐볼 V,RR,005/172,,599,47384,17584,0.013,0.034,2.695,79.11,29.36,NO_MAP,,0,,RAW_STALE_LOW,KEEP_SCRYDEX,,LADDER_INFO_ONLY,
CRD_37AD357EC31F4A4E9BDD,핫삼 EX,RR,057/080,390843,12799,195424,,0.065,,,15.27,,NONE,,0,,RAW_STALE_LOW,KEEP_SCRYDEX,,LADDER_INFO_ONLY,
CRD_37AEC383935947D497E1,라우드본 ex,SR,087/073,116073,2259,39433,18348,0.057,0.123,2.149,17.46,8.12,NONE,,0,,RAW_STALE_LOW,KEEP_SCRYDEX,,LADDER_INFO_ONLY,
CRD_37B7393178B645AADF6F,,,,,6945,59951,46051,0.116,0.151,1.302,8.63,6.63,NO_MAP,,0,,RAW_STALE_LOW,KEEP_SCRYDEX,,LADDER_INFO_ONLY,
CRD_37CAD2854A2A45769811,콜로솔트,S,285/190,,1183,28287,4587,0.042,0.258,6.167,23.91,3.88,NO_MAP,,0,,RAW_STALE_LOW,KEEP_SCRYDEX,,LADDER_INFO_ONLY,
CRD_382ECC8BA6034DAF9178,뮤츠 VSTAR,UR,091/071,93009,35815,169012,33623,0.212,1.065,5.027,4.72,0.94,A_1M,95000,31,0.377,SNK_DIVERGENCE_LOW,REPLACE_WITH_SNK_A,,STRONG_REPLACE,
CRD_385E29A0C8C3476C9C4B,드래피온 V,RR,085/172,105548,492,38531,,0.013,,,78.32,,NONE,,0,,RAW_STALE_LOW,KEEP_SCRYDEX,,LADDER_INFO_ONLY,
CRD_3867F42D081F475AB07C,민진의 헤아림,SAR,090/063,664124,19821,57895,26223,0.342,0.756,2.208,2.92,1.32,A_1M,9500,4,2.086,SNK_DIVERGENCE_HIGH,REVIEW_SNK_THIN,,REVIEW_REPLACE,Y
CRD_38D221213CD04120860A,총지엔 ex,RR,015/071,156409,369,15550,12997,0.024,0.028,1.196,42.14,35.22,NONE,,0,,RAW_STALE_LOW,KEEP_SCRYDEX,,LADDER_INFO_ONLY,
CRD_38F6394B2FA64EFABD8A,대여르,S,273/190,,2151,38195,,0.056,,,17.76,,NO_MAP,,0,,RAW_STALE_LOW,KEEP_SCRYDEX,,LADDER_INFO_ONLY,
CRD_38F85DABEF2F6DCF83A5,,,,,999,44444,12664,0.022,0.079,3.509,44.49,12.68,NO_MAP,,0,,RAW_STALE_LOW,KEEP_SCRYDEX,,LADDER_INFO_ONLY,
CRD_3921037F2F3643A38342,무쇠암석 ex,SR,087/071,186449,1982,37492,18348,0.053,0.108,2.043,18.92,9.26,NONE,,0,,RAW_STALE_LOW,KEEP_SCRYDEX,,LADDER_INFO_ONLY,
CRD_39360915366347AFB75F,가디안 V,RR,030/070,145281,4917,179583,,0.027,,,36.52,,NONE,,0,,RAW_STALE_LOW,KEEP_SCRYDEX,,LADDER_INFO_ONLY,
CRD_39388984E7E045A1B1DA,칼라마네로 V,SR,103/096,145431,6914,6116,,1.13,,,0.88,,NONE,,0,,RAW_OVER_PSA10,KEEP_SCRYDEX,,KEEP,
CRD_39462590847A4E32AF5F,아고용 GX,SSR,223/150,112787,15211,62782,86619,0.242,0.176,0.725,4.13,5.69,NONE,,0,,GRADED_INVERSION;RAW_STALE_LOW,KEEP_SCRYDEX,,KEEP,
CRD_3A0BD9F6AF5141DC9961,고동치는달 ex,RR,101/187,427224,476,48393,27568,0.01,0.017,1.755,101.67,57.92,NONE,,0,,RAW_STALE_LOW,KEEP_SCRYDEX,,LADDER_INFO_ONLY,
CRD_3A1614A1D6F443708387,수댕이,AR,102/086,584798,82755,181578,68826,0.456,1.202,2.638,2.19,0.83,A_1M,47500,11,1.742,RAW_OVER_PSA9,REPLACE_WITH_SNK_A,,KEEP,
CRD_3A163A0976E24CE79D88,단델,SR,109/100,101670,20973,77323,8210,0.271,2.555,9.418,3.69,0.39,A_1M,23038,2,0.91,RAW_OVER_PSA9,REVIEW_SNK_THIN,,KEEP,
CRD_3A1E35B5FF4444B49597,강철톤 V,RR,046/076,145106,1229,15290,27522,0.08,0.045,0.556,12.44,22.39,NONE,,0,,GRADED_INVERSION;RAW_STALE_LOW,KEEP_SCRYDEX,,KEEP,
CRD_3A2389FDB90D4D529266,작업원,HR,122/098,100576,6084,52858,41284,0.115,0.147,1.28,8.69,6.79,NONE,,0,,RAW_STALE_LOW,KEEP_SCRYDEX,,LADDER_INFO_ONLY,
CRD_3A51FC9327024878903D,무쇠잎새 ex,SAR,093/071,180201,31943,84465,25501,0.378,1.253,3.312,2.64,0.8,A_1M,31350,4,1.019,RAW_OVER_PSA9,REVIEW_SNK_THIN,,KEEP,
CRD_3A57174859F8445CB9F0,괴력몬 VMAX,RRR,072/172,105002,1659,54830,17461,0.03,0.095,3.14,33.05,10.53,NONE,,0,,RAW_STALE_LOW,KEEP_SCRYDEX,,LADDER_INFO_ONLY,
CRD_3A840E756D3946778BD9,버터플 V,RR,001/070,145253,3242,30580,24464,0.106,0.133,1.25,9.43,7.55,NONE,,0,,RAW_STALE_LOW,KEEP_SCRYDEX,,LADDER_INFO_ONLY,
CRD_3ABEBDCF89194B049E06,이올브 VMAX,RRR,011/184,140994,1214,43097,17233,0.028,0.07,2.501,35.5,14.2,NONE,,0,,RAW_STALE_LOW,KEEP_SCRYDEX,,LADDER_INFO_ONLY,
CRD_3AC8F9831E6C417A920C,루카리오 EX,RR,062/171,385915,12445,129967,76410,0.096,0.163,1.701,10.44,6.14,NONE,,0,,RAW_STALE_LOW,KEEP_SCRYDEX,,LADDER_INFO_ONLY,
CRD_3ADB55F70EE445AF8F86,라프라스 ex,RR,019/102,296150,768,60493,15183,0.013,0.051,3.984,78.77,19.77,NONE,,0,,RAW_STALE_LOW,KEEP_SCRYDEX,,LADDER_INFO_ONLY,
CRD_3AEB0958DF704E919E03,M야도란 EX,RR,027/100,413447,54253,254383,,0.213,,,4.69,,A_3M,171000,1,0.317,SNK_DIVERGENCE_LOW,MAPPING_REVIEW,,MAPPING_REVIEW,
CRD_3AF8CE5102AA47F5A68E,리자몽 ex,SAR,134/108,132279,223589,790518,314574,0.283,0.711,2.513,3.54,1.41,A_1M,489250,24,0.457,SNK_DIVERGENCE_LOW,REPLACE_WITH_SNK_A,,STRONG_REPLACE,
CRD_3B0AA576F162446CAD28,전룡 EX,RR,027/081,385411,6684,120098,44342,0.056,0.151,2.708,17.97,6.63,NONE,,0,,RAW_STALE_LOW,KEEP_SCRYDEX,,LADDER_INFO_ONLY,
CRD_3B62213E98D54EF7BF55,찌리리공,S,238/190,,1967,56304,13728,0.035,0.143,4.101,28.62,6.98,NO_MAP,,0,,RAW_STALE_LOW,KEEP_SCRYDEX,,LADDER_INFO_ONLY,
CRD_3B708D58DCB3490BBE06,스코빌런,S,208/190,,1337,68806,,0.019,,,51.46,,NO_MAP,,0,,RAW_STALE_LOW,KEEP_SCRYDEX,,LADDER_INFO_ONLY,
CRD_3B93462476FF4AC1B6AE,투로박사의 시나리오,SAR,092/066,152774,8835,40917,116206,0.216,0.076,0.352,4.63,13.15,NONE,,0,,GRADED_INVERSION;RAW_STALE_LOW,KEEP_SCRYDEX,,KEEP,
CRD_3B9DA73247AA4D448AB0,오거폰 화덕의 가면 ex,SR,115/101,256067,3257,44479,18348,0.073,0.178,2.424,13.66,5.63,NONE,,0,,RAW_STALE_LOW,KEEP_SCRYDEX,,LADDER_INFO_ONLY,
CRD_3BB0CBC7ABDE40CC8213,알로라고지 GX,SM-P,187/SM-P,407867,15365,167967,,0.091,,,10.93,,NONE,,0,,RAW_STALE_LOW,KEEP_SCRYDEX,,LADDER_INFO_ONLY,
CRD_3BC79D4373A7498D87FB,메가망나뇽 ex,RR,126/193,724992,1506,57930,28019,0.026,0.054,2.068,38.47,18.6,A_1M,9500,2,0.159,RAW_STALE_LOW;SNK_DIVERGENCE_LOW,MAPPING_REVIEW,,MAPPING_REVIEW,Y
CRD_3BD22AE03D484B308C7E,게노세크트 ex,RR,069/086,598908,369,31345,,0.012,,,84.95,,NONE,,0,,RAW_STALE_LOW,KEEP_SCRYDEX,,LADDER_INFO_ONLY,
CRD_3BDBFB0461F4481F9A03,다태우지네,S,218/190,,3657,42430,68806,0.086,0.053,0.617,11.6,18.81,NO_MAP,,0,,GRADED_INVERSION;RAW_STALE_LOW,KEEP_SCRYDEX,,KEEP,
CRD_3BE5316F6AED4A72B593,다크라이 GX,SSR,230/150,112793,106954,606946,99386,0.176,1.076,6.107,5.67,0.93,A_1M,379990,3,0.281,SNK_DIVERGENCE_LOW,MAPPING_REVIEW,,MAPPING_REVIEW,
CRD_3BE83FC74DE14380BC3B,가라르 날쌩마,S,247/190,,6576,54666,39693,0.12,0.166,1.377,8.31,6.04,NO_MAP,,0,,RAW_STALE_LOW,KEEP_SCRYDEX,,LADDER_INFO_ONLY,
CRD_3C062CAF599948F7BA44,난천의 패기,SAR,236/172,103056,48645,146471,38107,0.332,1.277,3.844,3.01,0.78,A_1M,44460,12,1.094,RAW_OVER_PSA9,REPLACE_WITH_SNK_A,,KEEP,
CRD_3C1390FC1DF04130BF02,민화의 초대,SR,197/165,128112,16087,111814,31887,0.144,0.505,3.507,6.95,1.98,A_1M,36100,22,0.446,SNK_DIVERGENCE_LOW,REPLACE_WITH_SNK_A,,STRONG_REPLACE,
CRD_3C3DCDDEE1D445CF8043,빙큐보 ex,SR,121/108,132266,2320,62641,7652,0.037,0.303,8.186,27.0,3.3,NONE,,0,,RAW_STALE_LOW,KEEP_SCRYDEX,,LADDER_INFO_ONLY,
CRD_3C56BFC81EEB4EE89BB1,피카츄 ex,RR,033/106,,2044,102315,32406,0.02,0.063,3.157,50.06,15.85,NO_MAP,,0,,RAW_STALE_LOW,KEEP_SCRYDEX,,LADDER_INFO_ONLY,
CRD_3CABC0377B7C4F4BA3A7,무쇠암석 ex,RR,041/071,172007,399,45871,,0.009,,,114.96,,NONE,,0,,RAW_STALE_LOW,KEEP_SCRYDEX,,LADDER_INFO_ONLY,
CRD_3CACC2204A9044EA93A2,사다이사,S,270/190,,1890,52041,18348,0.036,0.103,2.836,27.53,9.71,NO_MAP,,0,,RAW_STALE_LOW,KEEP_SCRYDEX,,LADDER_INFO_ONLY,
CRD_3CE005C5398E4DF8AA7A,레시라무 ex,RR,126/742,,568,42751,36391,0.013,0.016,1.175,75.27,64.07,NO_MAP,,0,,RAW_STALE_LOW,KEEP_SCRYDEX,,LADDER_INFO_ONLY,
CRD_3CF2CAAC6C6843768D3B,히스이 드레디어 V,RR,007/067,139447,907,29051,,0.031,,,32.03,,NONE,,0,,RAW_STALE_LOW,KEEP_SCRYDEX,,LADDER_INFO_ONLY,
CRD_3D1DDFE22E46497299FE,에써르 V,SSR,316/190,144777,1798,46513,,0.039,,,25.87,,NONE,,0,,RAW_STALE_LOW,KEEP_SCRYDEX,,LADDER_INFO_ONLY,
CRD_3D1FFCD550FE4CE49C08,두코,S,196/190,,1798,44861,10856,0.04,0.166,4.132,24.95,6.04,NO_MAP,,0,,RAW_STALE_LOW,KEEP_SCRYDEX,,LADDER_INFO_ONLY,
CRD_3D2652A213CB1E4217EF,,,,,3572,51694,12777,0.069,0.28,4.046,14.47,3.58,NO_MAP,,0,,RAW_STALE_LOW,KEEP_SCRYDEX,,LADDER_INFO_ONLY,
CRD_3D845D79A43446819D94,뮤츠 VSTAR,RRR,051/172,,3795,90788,33577,0.042,0.113,2.704,23.92,8.85,NO_MAP,,0,,RAW_STALE_LOW,KEEP_SCRYDEX,,LADDER_INFO_ONLY,
CRD_3D9C68A514C54A7A8160,코라이돈 ex,RR,050/078,107351,415,31773,,0.013,,,76.56,,NONE,,0,,RAW_STALE_LOW,KEEP_SCRYDEX,,LADDER_INFO_ONLY,
CRD_3DB07E020BC24EA1AB3B,해피너스 V,RR,052/070,,907,23715,,0.038,,,26.15,,NO_MAP,,0,,RAW_STALE_LOW,KEEP_SCRYDEX,,LADDER_INFO_ONLY,
CRD_3DDAD77110704AF290D4,가라르 산호르곤,S,249/190,,2689,33593,13761,0.08,0.195,2.441,12.49,5.12,NO_MAP,,0,,RAW_STALE_LOW,KEEP_SCRYDEX,,LADDER_INFO_ONLY,
CRD_3E05F7873B1A4A2388BA,레돔벌레,AR,067/066,152763,2581,54912,28033,0.047,0.092,1.959,21.28,10.86,NONE,,0,,RAW_STALE_LOW,KEEP_SCRYDEX,,LADDER_INFO_ONLY,
CRD_3E23CFF0B8FC46699E5A,갈가부기,S,228/190,,1598,40764,,0.039,,,25.51,,NO_MAP,,0,,RAW_STALE_LOW,KEEP_SCRYDEX,,LADDER_INFO_ONLY,
CRD_3E39B2A60D644D419C7A,자마젠타,AR,107/098,555474,3688,54647,29036,0.067,0.127,1.882,14.82,7.87,A_3M,9500,1,0.388,RAW_STALE_LOW;SNK_DIVERGENCE_LOW,REVIEW_SNK_THIN,,REVIEW_REPLACE,Y
CRD_3E51556E4E8842128C4E,도희의 비기,SR,083/064,282728,2597,53118,16208,0.049,0.16,3.277,20.45,6.24,A_3M,9500,1,0.273,RAW_STALE_LOW;SNK_DIVERGENCE_LOW,MAPPING_REVIEW,,MAPPING_REVIEW,Y
CRD_3E7EFB8B95774E57AD88,찌리배리 ex,SR,086/071,120740,3196,97760,,0.033,,,30.59,,NONE,,0,,RAW_STALE_LOW,KEEP_SCRYDEX,,LADDER_INFO_ONLY,
CRD_3E81540BBE5B4EF2A89E,오르티가,SR,192/187,462389,1997,31314,28562,0.064,0.07,1.096,15.68,14.3,NONE,,0,,RAW_STALE_LOW,KEEP_SCRYDEX,,LADDER_INFO_ONLY,
CRD_3E81F48F8E78476C8639,짜랑고우거 GX,SR,054/050,389328,29577,,16062,,1.841,,,0.54,NONE,,0,,RAW_OVER_PSA9,KEEP_SCRYDEX,,KEEP,
CRD_3E9E5C6840D049589B84,모란,SR,097/078,110948,7513,55928,17079,0.134,0.44,3.275,7.44,2.27,A_3M,16150,1,0.465,SNK_DIVERGENCE_LOW,REVIEW_SNK_THIN,,REVIEW_REPLACE,
CRD_3EB598DB6DD6410AAE57,베베솔트,AR,078/071,120734,3257,53381,13454,0.061,0.242,3.968,16.39,4.13,NONE,,0,,RAW_STALE_LOW,KEEP_SCRYDEX,,LADDER_INFO_ONLY,
CRD_3EC2D5FC5CD94A18B44E,메타몽 VMAX,SSR,324/190,144785,18914,124604,48867,0.152,0.387,2.55,6.59,2.58,A_3M,60800,15,0.311,SNK_DIVERGENCE_LOW,MAPPING_REVIEW,,MAPPING_REVIEW,
CRD_3EC5906755954D34B0B9,드래런치,S,260/190,,2996,39151,,0.077,,,13.07,,NO_MAP,,0,,RAW_STALE_LOW,KEEP_SCRYDEX,,LADDER_INFO_ONLY,
CRD_3ECB798328944A0F8A34,굽이치는물결 ex,UR,099/071,186439,10049,82093,,0.122,,,8.17,,A_3M,30400,1,0.331,SNK_DIVERGENCE_LOW,REVIEW_SNK_THIN,,REVIEW_REPLACE,
CRD_3ED24376E1C34EC0A25B,푸크린 ex,RR,040/165,127837,522,51426,24280,0.01,0.021,2.118,98.52,46.51,NONE,,0,,RAW_STALE_LOW,KEEP_SCRYDEX,,LADDER_INFO_ONLY,
CRD_3EDE7FB426A144669E19,마라카치,AR,093/086,608467,4932,58286,25244,0.085,0.195,2.309,11.82,5.12,NONE,,0,,RAW_STALE_LOW,KEEP_SCRYDEX,,LADDER_INFO_ONLY,
CRD_3EE3FCDAD8A84659B149,네이티,S,256/190,,1752,32871,39755,0.053,0.044,0.827,18.76,22.69,NO_MAP,,0,,GRADED_INVERSION;RAW_STALE_LOW,KEEP_SCRYDEX,,KEEP,
CRD_3F1A4E09C8E142A29BCF,맛보돈,AR,120/108,132265,8743,100183,28772,0.087,0.304,3.482,11.46,3.29,NONE,,0,,RAW_STALE_LOW,KEEP_SCRYDEX,,LADDER_INFO_ONLY,
CRD_3F47FE910E9D4632AC13,키키링,AR,083/071,120737,3918,74391,24770,0.053,0.158,3.003,18.99,6.32,NONE,,0,,RAW_STALE_LOW,KEEP_SCRYDEX,,LADDER_INFO_ONLY,
CRD_3F605DD9C57145F4A405,레시라무 ex,SR,160/086,607935,3472,74318,28256,0.047,0.123,2.63,21.4,8.14,A_1M,10450,5,0.332,RAW_STALE_LOW;SNK_DIVERGENCE_LOW,REPLACE_WITH_SNK_A,,STRONG_REPLACE,
CRD_3F61C7008F084A26A6CC,독개굴 ex,RR,055/078,110731,645,20519,22935,0.031,0.028,0.895,31.81,35.56,NONE,,0,,GRADED_INVERSION;RAW_STALE_LOW,KEEP_SCRYDEX,,KEEP,
CRD_3FA675F84C674401A71D,마자용 V,RR,026/060,145539,3012,30457,,0.099,,,10.11,,NONE,,0,,RAW_STALE_LOW,KEEP_SCRYDEX,,LADDER_INFO_ONLY,
CRD_3FAAA0E00D4E4C6A8014,버넷박사,SR,265/184,96706,4487,51329,26833,0.087,0.167,1.913,11.44,5.98,NONE,,0,,RAW_STALE_LOW,KEEP_SCRYDEX,,LADDER_INFO_ONLY,
CRD_3FDB36F0CAF24E49B6CF,블래키 ex,RR,446/742,434898,4141,66446,30867,0.062,0.134,2.153,16.05,7.45,A_3M,9832,4,0.421,RAW_STALE_LOW;SNK_DIVERGENCE_LOW,REVIEW_SNK_THIN,,REVIEW_REPLACE,
CRD_3FED5DC18A974AFBB5BA,딜리버드,AR,074/063,661161,2535,53088,17217,0.048,0.147,3.083,20.94,6.79,NONE,,0,,RAW_STALE_LOW,KEEP_SCRYDEX,,LADDER_INFO_ONLY,
CRD_4007297FF83B46EF9175,디안시 EX,PR,,411744,7667,114144,20636,0.067,0.372,5.531,14.89,2.69,NONE,,0,,RAW_STALE_LOW,KEEP_SCRYDEX,,LADDER_INFO_ONLY,
CRD_40212CBAF40D49EE8938,춤추새 ex,RR,018/080,687277,415,44984,12997,0.009,0.032,3.461,108.4,31.32,NONE,,0,,RAW_STALE_LOW,KEEP_SCRYDEX,,LADDER_INFO_ONLY,
CRD_404917AFA01148F5B7A7,브리두라스 ex,SR,080/064,385169,1967,41987,10703,0.047,0.184,3.923,21.35,5.44,NONE,,0,,RAW_STALE_LOW,KEEP_SCRYDEX,,LADDER_INFO_ONLY,
CRD_407679EEDAA34799BBA6,실버디 GX,RR,041/049,340629,3749,68134,16185,0.055,0.232,4.21,18.17,4.32,NONE,,0,,RAW_STALE_LOW,KEEP_SCRYDEX,,LADDER_INFO_ONLY,
CRD_4078C16E4F0A46D1B247,메가헤라크로스 ex,SR,093/080,704384,3787,65277,23700,0.058,0.16,2.754,17.24,6.26,NONE,,0,,RAW_STALE_LOW,KEEP_SCRYDEX,,LADDER_INFO_ONLY,
CRD_40B4022498F2461CB0E9,자포코일 EX,SR,082/080,380797,7682,105370,51922,0.073,0.148,2.029,13.72,6.76,NONE,,0,,RAW_STALE_LOW,KEEP_SCRYDEX,,LADDER_INFO_ONLY,
CRD_40C9B79679FB427396C0,꿈트렁 ex,RR,533/742,320247,353,41039,,0.009,,,116.26,,NONE,,0,,RAW_STALE_LOW,KEEP_SCRYDEX,,LADDER_INFO_ONLY,
CRD_40D2B16676124F24A955,무우마직 ex,SR,097/080,704388,2474,52213,30504,0.047,0.081,1.712,21.1,12.33,NONE,,0,,RAW_STALE_LOW,KEEP_SCRYDEX,,LADDER_INFO_ONLY,
CRD_40E593A0BF374678B1E8,조타구 ex,RR,488/742,277237,369,30762,,0.012,,,83.37,,NONE,,0,,RAW_STALE_LOW,KEEP_SCRYDEX,,LADDER_INFO_ONLY,
CRD_40F6EEFDAD37407C8580,폭슬라이,AR,192/172,105559,3227,46265,16620,0.07,0.194,2.784,14.34,5.15,NONE,,0,,RAW_STALE_LOW,KEEP_SCRYDEX,,LADDER_INFO_ONLY,
CRD_40FAAC6A04774AEEB7B2,음번 ex,SSR,334/190,,1613,51402,14568,0.031,0.111,3.528,31.87,9.03,NO_MAP,,0,,RAW_STALE_LOW,KEEP_SCRYDEX,,LADDER_INFO_ONLY,
CRD_410093B53305439B9BB8,이올브,S,208/190,,1936,32690,,0.059,,,16.89,,NO_MAP,,0,,RAW_STALE_LOW,KEEP_SCRYDEX,,LADDER_INFO_ONLY,
CRD_41167277B8FA42F693CA,카틀레야,HR,088/070,96644,35339,71378,26911,0.495,1.313,2.652,2.02,0.76,A_3M,21280,1,1.661,RAW_OVER_PSA9,REVIEW_SNK_THIN,,KEEP,
CRD_413D5C01202A4AA1B435,핫삼,S,299/190,,3196,73041,18310,0.044,0.175,3.989,22.85,5.73,NO_MAP,,0,,RAW_STALE_LOW,KEEP_SCRYDEX,,LADDER_INFO_ONLY,
CRD_413FD0336AAA480DAA38,루카리오&멜메탈 GX,SR,059/054,104629,132906,536337,126206,0.248,1.053,4.25,4.04,0.95,A_1M,323000,1,0.411,SNK_DIVERGENCE_LOW,REVIEW_SNK_THIN,,REVIEW_REPLACE,
CRD_413FE230DC42456DB302,윈디 ex,RR,016/078,107358,753,73329,15641,0.01,0.048,4.688,97.38,20.77,NONE,,0,,RAW_STALE_LOW,KEEP_SCRYDEX,,LADDER_INFO_ONLY,
CRD_4143730A5E3C4C31B192,불카모스,AR,104/086,608476,23915,131786,,0.181,,,5.51,,A_3M,9500,1,2.517,SNK_DIVERGENCE_HIGH,REVIEW_SNK_THIN,,REVIEW_REPLACE,Y
CRD_4192371C8DE14719ACB9,그라에나,CHR,072/067,126693,3964,53711,15000,0.074,0.264,3.581,13.55,3.78,NONE,,0,,RAW_STALE_LOW,KEEP_SCRYDEX,,LADDER_INFO_ONLY,
CRD_41C4A6AF0C704C7CB5CF,독개굴 EX,SR,083/080,108505,3073,282512,62138,0.011,0.049,4.547,91.93,20.22,NONE,,0,,RAW_STALE_LOW,KEEP_SCRYDEX,,LADDER_INFO_ONLY,
CRD_41CF2D5A4A6A43DDB951,기로치,AR,108/101,245819,3411,43773,19984,0.078,0.171,2.19,12.83,5.86,A_1M,9500,2,0.359,RAW_STALE_LOW;SNK_DIVERGENCE_LOW,REVIEW_SNK_THIN,,REVIEW_REPLACE,Y
CRD_41F01DE4718B458FA5D5,추명,SR,195/187,462390,1752,43394,12095,0.04,0.145,3.588,24.77,6.9,NONE,,0,,RAW_STALE_LOW,KEEP_SCRYDEX,,LADDER_INFO_ONLY,
CRD_421B1590AD54493AA0C1,올리르바 ex,SR,111/098,568896,4471,45458,,0.098,,,10.17,,NONE,,0,,RAW_STALE_LOW,KEEP_SCRYDEX,,LADDER_INFO_ONLY,
CRD_4224526A99B34DDDA194,포푸니라 GX,SR,183/173,396157,7421,108260,22273,0.069,0.333,4.861,14.59,3.0,NONE,,0,,RAW_STALE_LOW,KEEP_SCRYDEX,,LADDER_INFO_ONLY,
CRD_423AFEA04A844D929CFC,불놀이꾼,SR,105/080,704398,2074,53883,22920,0.038,0.09,2.351,25.98,11.05,NONE,,0,,RAW_STALE_LOW,KEEP_SCRYDEX,,LADDER_INFO_ONLY,
CRD_428AF8A0299041E5A922,두드리짱 ex,RR,035/071,118629,999,28494,,0.035,,,28.52,,NONE,,0,,RAW_STALE_LOW,KEEP_SCRYDEX,,LADDER_INFO_ONLY,
CRD_42C692170F6E4A3EBDA6,스트린더,S,241/190,,3457,46666,12232,0.074,0.283,3.815,13.5,3.54,NO_MAP,,0,,RAW_STALE_LOW,KEEP_SCRYDEX,,LADDER_INFO_ONLY,
CRD_42C881A081C2442292A2,라티아스 ex,RR,312/742,342765,860,67200,13761,0.013,0.062,4.883,78.14,16.0,NONE,,0,,RAW_STALE_LOW,KEEP_SCRYDEX,,LADDER_INFO_ONLY,
CRD_43184344379E4533B6E5,두빅굴 EX,RR,020/096,390251,3826,86488,,0.044,,,22.61,,NONE,,0,,RAW_STALE_LOW,KEEP_SCRYDEX,,LADDER_INFO_ONLY,
CRD_433D5703B4F246C4AFF6,메타몽,S,309/190,,26934,249768,18365,0.108,1.467,13.6,9.27,0.68,NO_MAP,,0,,RAW_OVER_PSA9,KEEP_SCRYDEX,,KEEP,
CRD_43490A3EE356478497CB,호브의 자시안 ex,RR,123/193,730166,461,45779,21406,0.01,0.022,2.139,99.3,46.43,NONE,,0,,RAW_STALE_LOW,KEEP_SCRYDEX,,LADDER_INFO_ONLY,
CRD_437C97C642DD44B5B6AD,딩루 ex,UR,359/190,164710,4533,52270,25547,0.087,0.177,2.046,11.53,5.64,NONE,,0,,RAW_STALE_LOW,KEEP_SCRYDEX,,LADDER_INFO_ONLY,
CRD_43945060F9E847A0AE3F,그란돈 EX,SR,054/052,91630,69142,2956635,1022471,0.023,0.068,2.892,42.76,14.79,NONE,,0,,RAW_STALE_LOW,KEEP_SCRYDEX,,LADDER_INFO_ONLY,
CRD_439C86F598EA473882CC,솔록,AR,189/172,104427,4978,58467,22079,0.085,0.225,2.648,11.75,4.44,A_3M,9500,1,0.524,RAW_STALE_LOW,REVIEW_SNK_THIN,,LADDER_INFO_ONLY,Y
CRD_43A31E18194141E18BFC,피카츄 VMAX,PR,S-P 74,91130,153648,628170,130463,0.245,1.178,4.815,4.09,0.85,A_3M,437000,11,0.352,SNK_DIVERGENCE_LOW,REPLACE_WITH_SNK_A,,STRONG_REPLACE,
CRD_43B0B8BE00C44F0FB400,전룡,AR,088/083,774256,15242,199656,,0.076,,,13.1,,A_1M,16625,9,0.917,RAW_STALE_LOW,REPLACE_WITH_SNK_A,,LADDER_INFO_ONLY,
CRD_43B92747526147DBA44A,따라큐 V,RR,197/414,141088,3073,206418,,0.015,,,67.17,,A_3M,9500,1,0.323,RAW_STALE_LOW;SNK_DIVERGENCE_LOW,MAPPING_REVIEW,,MAPPING_REVIEW,Y
CRD_43F737D98D4646BC92BE,캐터피,AR,172/165,128088,7268,89616,32896,0.081,0.221,2.724,12.33,4.53,A_1M,14250,10,0.51,RAW_STALE_LOW,REPLACE_WITH_SNK_A,,LADDER_INFO_ONLY,
CRD_44313E703A974D358FBF,갑주무사 GX,RR,007/051,334704,3073,32109,,0.096,,,10.45,,NONE,,0,,RAW_STALE_LOW,KEEP_SCRYDEX,,LADDER_INFO_ONLY,
CRD_446729B24008F954BB0A,,,,,384,60397,22941,0.006,0.017,2.633,157.28,59.74,NO_MAP,,0,,RAW_STALE_LOW,KEEP_SCRYDEX,,LADDER_INFO_ONLY,
CRD_448903DEA445481396DD,화염레오,AR,077/073,116067,5086,70645,29342,0.072,0.173,2.408,13.89,5.77,NONE,,0,,RAW_STALE_LOW,KEEP_SCRYDEX,,LADDER_INFO_ONLY,
CRD_44A4617C7F3347A2B08A,피카츄 V,RR,045/184,141046,2535,108246,33704,0.023,0.075,3.212,42.7,13.3,A_1M,9738,18,0.26,RAW_STALE_LOW;SNK_DIVERGENCE_LOW,MAPPING_REVIEW,,MAPPING_REVIEW,
CRD_44F5692ABDFC4F8DA2CA,볼트로스 EX플라스마단,SR,052/051,404228,58386,1308825,90105,0.045,0.648,14.526,22.42,1.54,NONE,,0,,RAW_STALE_LOW,KEEP_SCRYDEX,,LADDER_INFO_ONLY,
CRD_4515FE8F178F464F92D2,다투곰 붉은 달 ex,SR,084/066,227634,1890,45290,13761,0.042,0.137,3.291,23.96,7.28,NONE,,0,,RAW_STALE_LOW,KEEP_SCRYDEX,,LADDER_INFO_ONLY,
CRD_4542CCF430DC4AEE91DE,가라르 달막화,S,222/190,,2581,41858,22957,0.062,0.112,1.823,16.22,8.89,NO_MAP,,0,,RAW_STALE_LOW,KEEP_SCRYDEX,,LADDER_INFO_ONLY,
CRD_4549B35197074BE18BA7,우락고래 ex,SR,113/098,568318,3365,48988,16055,0.069,0.21,3.051,14.56,4.77,NONE,,0,,RAW_STALE_LOW,KEEP_SCRYDEX,,LADDER_INFO_ONLY,
CRD_45708EEF14E84AD79B2A,엘레이드,CHR,057/049,126677,15457,66817,12476,0.231,1.239,5.356,4.32,0.81,NONE,,0,,RAW_OVER_PSA9,KEEP_SCRYDEX,,KEEP,
CRD_457C08948A2D49189AA1,비크티니 VMAX,RRR,013/070,144063,3457,61952,,0.056,,,17.92,,A_3M,23750,2,0.146,RAW_STALE_LOW;SNK_DIVERGENCE_LOW,MAPPING_REVIEW,,MAPPING_REVIEW,
CRD_4595906EF9644EC481E6,메타몽(프리즘스타),PR,108/173,396090,15949,93576,37950,0.17,0.42,2.466,5.87,2.38,A_3M,42218,1,0.378,SNK_DIVERGENCE_LOW,REVIEW_SNK_THIN,,REVIEW_REPLACE,
CRD_45C9E6F60F414FF4A7C1,망나뇽 EX,SR,111/100,91464,460944,2572981,270266,0.179,1.706,9.52,5.58,0.59,NONE,,0,,RAW_OVER_PSA9,KEEP_SCRYDEX,,KEEP,
CRD_45CC8DC151BA47F9906E,펄스멍 V,RR,055/184,,584,54938,,0.011,,,94.07,,NO_MAP,,0,,RAW_STALE_LOW,KEEP_SCRYDEX,,LADDER_INFO_ONLY,
CRD_45DCE5D7B81948979409,메가무장조 ex,RR,054/080,752435,568,61225,,0.009,,,107.79,,NONE,,0,,RAW_STALE_LOW,KEEP_SCRYDEX,,LADDER_INFO_ONLY,
CRD_45F4859A17FA4968BCF6,딱구리 ex,RR,076/165,127907,622,60209,22766,0.01,0.027,2.645,96.8,36.6,A_3M,9500,1,0.065,RAW_STALE_LOW;SNK_DIVERGENCE_LOW,MAPPING_REVIEW,,MAPPING_REVIEW,Y
CRD_462F20A41FFE435A999B,웅의 스카우트,SR,123/100,505955,2335,35384,13838,0.066,0.169,2.557,15.15,5.93,NONE,,0,,RAW_STALE_LOW,KEEP_SCRYDEX,,LADDER_INFO_ONLY,
CRD_46402F0A4DE7492785D0,게노세크트 V,RR,102/172,103052,630,22324,29322,0.028,0.021,0.761,35.43,46.54,NONE,,0,,GRADED_INVERSION;RAW_STALE_LOW,KEEP_SCRYDEX,,KEEP,
CRD_4659714945CF4C9F82C5,루티아의 어필,SR,084/064,379013,18622,158544,39999,0.117,0.466,3.964,8.51,2.15,A_1M,45600,15,0.408,SNK_DIVERGENCE_LOW,REPLACE_WITH_SNK_A,,STRONG_REPLACE,
CRD_465B3016FD4B41409D8C,냄새꼬,AR,109/108,132254,11401,147977,53521,0.077,0.213,2.765,12.98,4.69,A_1M,9500,3,1.2,RAW_STALE_LOW,REVIEW_SNK_THIN,,LADDER_INFO_ONLY,Y
CRD_46627F2A3E6F48A9BE2F,메가가디안 ex,MUR,092/063,663661,411623,1285004,331782,0.32,1.241,3.873,3.12,0.81,A_1M,427490,23,0.963,RAW_OVER_PSA9,REPLACE_WITH_SNK_A,,KEEP,
CRD_466576292217484F9E58,떨구새 ex,SR,080/062,140304,1859,29601,18348,0.063,0.101,1.613,15.92,9.87,NONE,,0,,RAW_STALE_LOW,KEEP_SCRYDEX,,LADDER_INFO_ONLY,
CRD_466890A6EF99406086D6,아르세우스 V,RR,083/100,139826,1567,41528,12385,0.038,0.127,3.353,26.5,7.9,NONE,,0,,RAW_STALE_LOW,KEEP_SCRYDEX,,LADDER_INFO_ONLY,
CRD_46745DD4BB00424D81F5,꼬모카,S,209/190,,3104,43654,,0.071,,,14.06,,NO_MAP,,0,,RAW_STALE_LOW,KEEP_SCRYDEX,,LADDER_INFO_ONLY,
CRD_46C3AF403C0244BCBFF4,코라이돈 ex,RR,114/190,,338,42721,13761,0.008,0.025,3.104,126.39,40.71,NO_MAP,,0,,RAW_STALE_LOW,KEEP_SCRYDEX,,LADDER_INFO_ONLY,
CRD_46EB7F96CAE54656B563,일레즌,S,245/190,,1752,53470,22018,0.033,0.08,2.428,30.52,12.57,NO_MAP,,0,,RAW_STALE_LOW,KEEP_SCRYDEX,,LADDER_INFO_ONLY,
CRD_47977278A0254FA4BCA9,연격 우라오스 VMAX,RRR,051/070,,2090,84616,,0.025,,,40.49,,NO_MAP,,0,,RAW_STALE_LOW,KEEP_SCRYDEX,,LADDER_INFO_ONLY,
CRD_47A0659087604D088710,폭거북스,AR,105/102,326009,2497,47540,24074,0.053,0.104,1.975,19.04,9.64,NONE,,0,,RAW_STALE_LOW,KEEP_SCRYDEX,,LADDER_INFO_ONLY,
CRD_47E80B191CA7474EB9E3,큐레무 VMAX,RRR,030/100,136971,2151,49571,25397,0.043,0.085,1.952,23.05,11.81,A_1M,11400,1,0.189,RAW_STALE_LOW;SNK_DIVERGENCE_LOW,MAPPING_REVIEW,,MAPPING_REVIEW,
CRD_48149BF6BE82495A8F64,세레비 VMAX,RRR,004/070,141868,2796,67277,29305,0.042,0.095,2.296,24.06,10.48,NONE,,0,,RAW_STALE_LOW,KEEP_SCRYDEX,,LADDER_INFO_ONLY,
CRD_4825831A44A54D91A8C4,그우린차 ex,RR,019/187,,384,91741,13761,0.004,0.028,6.667,238.91,35.84,NO_MAP,,0,,RAW_STALE_LOW,KEEP_SCRYDEX,,LADDER_INFO_ONLY,
CRD_4828906D1AF3429BB260,글레이시아 GX,SSR,215/150,112782,76824,206579,41849,0.372,1.836,4.936,2.69,0.54,A_3M,118750,3,0.647,RAW_OVER_PSA9,REVIEW_SNK_THIN,,KEEP,
CRD_4828E06D60BD439AB3E4,노고고치 ex,SR,120/100,506155,1644,29454,16987,0.056,0.097,1.734,17.92,10.33,NONE,,0,,RAW_STALE_LOW,KEEP_SCRYDEX,,LADDER_INFO_ONLY,
CRD_482D1C2F5F0041739B92,나인테일 BREAK,RR,016/100,106332,39933,270991,27610,0.147,1.446,9.815,6.79,0.69,NONE,,0,,RAW_OVER_PSA9,KEEP_SCRYDEX,,KEEP,
CRD_483AB154688A4D959891,로켓단의 크로뱃 ex,RR,440/742,730145,369,54892,,0.007,,,148.76,,NONE,,0,,RAW_STALE_LOW,KEEP_SCRYDEX,,LADDER_INFO_ONLY,
CRD_4859A1CEBEE02962E908,,,,,461,37164,25632,0.012,0.018,1.45,80.62,55.6,NO_MAP,,0,,RAW_STALE_LOW,KEEP_SCRYDEX,,LADDER_INFO_ONLY,
CRD_485ACB25D5DE4A248426,그푸리,AR,072/071,120822,3795,46375,14526,0.082,0.261,3.193,12.22,3.83,NONE,,0,,RAW_STALE_LOW,KEEP_SCRYDEX,,LADDER_INFO_ONLY,
CRD_4875AEF7FE12F4A51EE9,,,,,1729,55538,18543,0.031,0.093,2.995,32.12,10.72,NO_MAP,,0,,RAW_STALE_LOW,KEEP_SCRYDEX,,LADDER_INFO_ONLY,
CRD_48773AA6B8EC4EF892A7,가라르 프리져,AR,182/172,103799,4487,63887,29828,0.07,0.15,2.142,14.24,6.65,A_1M,9500,4,0.472,RAW_STALE_LOW;SNK_DIVERGENCE_LOW,REVIEW_SNK_THIN,,REVIEW_REPLACE,Y
CRD_487CFF0EF551423B842A,블래키 GX,SSR,229/150,91299,400007,1764576,261416,0.227,1.53,6.75,4.41,0.65,A_3M,617500,1,0.648,RAW_OVER_PSA9,REVIEW_SNK_THIN,,KEEP,
CRD_487F923F9A884FFDBD8A,메가개굴닌자 ex,SAR,114/083,776365,476017,60950,356692,7.81,1.335,0.171,0.13,0.75,A_1M,409583,90,1.162,GRADED_INVERSION;RAW_OVER_PSA10;RAW_OVER_PSA9,REPLACE_WITH_SNK_A,,KEEP,
CRD_489EB78CD21244439801,따라큐 GX,RR,038/050,335619,19467,167749,114661,0.116,0.17,1.463,8.62,5.89,A_3M,31350,1,0.621,RAW_STALE_LOW,REVIEW_SNK_THIN,,LADDER_INFO_ONLY,
CRD_48B34F0217EF45879C43,이올브 V,RR,010/184,,492,62552,,0.008,,,127.14,,NO_MAP,,0,,RAW_STALE_LOW,KEEP_SCRYDEX,,LADDER_INFO_ONLY,
CRD_48C7959DC8854C038FC9,자망칼,S,292/190,,1429,56071,38261,0.025,0.037,1.465,39.24,26.77,NO_MAP,,0,,RAW_STALE_LOW,KEEP_SCRYDEX,,LADDER_INFO_ONLY,
CRD_48D2CD939E9C4A45872A,아크로마의 실험,SAR,238/172,105529,4379,43057,14373,0.102,0.305,2.996,9.83,3.28,A_3M,16150,2,0.271,SNK_DIVERGENCE_LOW,MAPPING_REVIEW,,MAPPING_REVIEW,
CRD_48E53C0884D54CECB73D,히스이 미끄래곤,AR,196/172,103082,3503,61316,20397,0.057,0.172,3.006,17.5,5.82,A_3M,9500,2,0.369,RAW_STALE_LOW;SNK_DIVERGENCE_LOW,REVIEW_SNK_THIN,,REVIEW_REPLACE,Y
CRD_494E55E7C59E4B6DA4E3,야도란 EX,RR,026/100,413446,10924,247627,16274,0.044,0.671,15.216,22.67,1.49,NONE,,0,,RAW_STALE_LOW,KEEP_SCRYDEX,,LADDER_INFO_ONLY,
CRD_4986313CCE1543ED8030,에써르 V,RR,084/190,,753,29464,21406,0.026,0.035,1.376,39.13,28.43,NO_MAP,,0,,RAW_STALE_LOW,KEEP_SCRYDEX,,LADDER_INFO_ONLY,
CRD_498BBDABFF4741DD92A0,썬더 ex,RR,145/165,128042,822,69984,29616,0.012,0.028,2.363,85.14,36.03,A_1M,9500,3,0.087,RAW_STALE_LOW;SNK_DIVERGENCE_LOW,MAPPING_REVIEW,,MAPPING_REVIEW,Y
CRD_499466BB5F6A45A9BEAE,그루샤,SAR,095/071,120841,58909,141113,33210,0.417,1.774,4.249,2.4,0.56,A_1M,48925,3,1.204,RAW_OVER_PSA9,REVIEW_SNK_THIN,,KEEP,
CRD_49A64C751A444FF7B85C,메타그로스 V,RR,301/414,141913,1168,76451,,0.015,,,65.45,,NONE,,0,,RAW_STALE_LOW,KEEP_SCRYDEX,,LADDER_INFO_ONLY,
CRD_49B4C54D818A4CF7BA81,M리자몽 EX,RR,055/080,108500,380279,1626775,120918,0.234,3.145,13.454,4.28,0.32,A_1M,665000,1,0.572,RAW_OVER_PSA9,REVIEW_SNK_THIN,,KEEP,
CRD_49B864154D884E16A393,MC의 호응유도,SR,082/063,546112,4686,45698,16055,0.103,0.292,2.846,9.75,3.43,A_1M,19475,2,0.241,SNK_DIVERGENCE_LOW,MAPPING_REVIEW,,MAPPING_REVIEW,
CRD_49D0E25CC4FB427AB28C,오리진 펄기아 VSTAR,RRR,028/172,103059,953,49464,62705,0.019,0.015,0.789,51.9,65.8,NONE,,0,,GRADED_INVERSION;RAW_STALE_LOW,KEEP_SCRYDEX,,KEEP,
CRD_4A17C07AEF20419B859B,테라키온,SR,068/066,108825,30699,589267,90763,0.052,0.338,6.492,19.19,2.96,NONE,,0,,RAW_STALE_LOW,KEEP_SCRYDEX,,LADDER_INFO_ONLY,
CRD_4A276329B7FE4B2B876E,러브로스,AR,074/066,227627,2981,59664,17562,0.05,0.17,3.397,20.01,5.89,NONE,,0,,RAW_STALE_LOW,KEEP_SCRYDEX,,LADDER_INFO_ONLY,
CRD_4A29C46B117240F8943D,돌살이,AR,135/086,608505,35677,81038,25749,0.44,1.386,3.147,2.27,0.72,A_1M,9500,1,3.755,RAW_OVER_PSA9;SNK_DIVERGENCE_HIGH,MAPPING_REVIEW,,MAPPING_REVIEW,Y
CRD_4A61F5781B4E4CF1A1F0,절벼게,AR,088/078,110904,3396,54545,19651,0.062,0.173,2.776,16.06,5.79,A_1M,9500,1,0.357,RAW_STALE_LOW;SNK_DIVERGENCE_LOW,REVIEW_SNK_THIN,,REVIEW_REPLACE,Y
CRD_4A62A7429FAD4BDA9715,두송,SR,191/190,126510,2965,47063,19388,0.063,0.153,2.427,15.87,6.54,NONE,,0,,RAW_STALE_LOW,KEEP_SCRYDEX,,LADDER_INFO_ONLY,
CRD_4A642D0DF8D74C7B896A,잠만보 V,RR,045/060,113237,9111,106068,48028,0.086,0.19,2.208,11.64,5.27,NONE,,0,,RAW_STALE_LOW,KEEP_SCRYDEX,,LADDER_INFO_ONLY,
CRD_4AC772DA06674B6BBCD3,전지충이,AR,076/071,182580,3472,52990,,0.066,,,15.26,,NONE,,0,,RAW_STALE_LOW,KEEP_SCRYDEX,,LADDER_INFO_ONLY,
CRD_4AEF0D8909AC4E3F8560,구구,S,304/190,,3764,35718,25993,0.105,0.145,1.374,9.49,6.91,NO_MAP,,0,,RAW_STALE_LOW,KEEP_SCRYDEX,,LADDER_INFO_ONLY,
CRD_4AEF7AD96E324D9EA958,아꾸왁,S,225/190,,1398,14961,5581,0.093,0.25,2.681,10.7,3.99,NO_MAP,,0,,RAW_STALE_LOW,KEEP_SCRYDEX,,LADDER_INFO_ONLY,
CRD_4B160DDD24C54ACA8B72,피카츄,PR,,411795,23047,1498440,,0.015,,,65.02,,NONE,,0,,RAW_STALE_LOW,KEEP_SCRYDEX,,LADDER_INFO_ONLY,
CRD_4B1DB69AB33149CFB3D1,파오젠 ex,RR,054/190,151725,461,17575,18318,0.026,0.025,0.959,38.12,39.74,NONE,,0,,RAW_STALE_LOW,KEEP_SCRYDEX,,LADDER_INFO_ONLY,
CRD_4B2B4A42869D4583AFCB,파라스,AR,207/172,105551,27733,59007,25426,0.47,1.091,2.321,2.13,0.92,A_1M,9500,7,2.919,SNK_DIVERGENCE_HIGH,REPLACE_WITH_SNK_A,,REVIEW_REPLACE,Y
CRD_4B3B7C90C55443A7B6F2,레지드래고 V,SR,108/098,100565,35062,109086,27782,0.321,1.262,3.926,3.11,0.79,A_3M,22800,2,1.538,RAW_OVER_PSA9,REVIEW_SNK_THIN,,KEEP,
CRD_4B54FA5828754EE1BCD7,랜드로스 EX,SR,061/059,108803,23047,758257,139141,0.03,0.166,5.45,32.9,6.04,NONE,,0,,RAW_STALE_LOW,KEEP_SCRYDEX,,LADDER_INFO_ONLY,
CRD_4B75B995CF8948918B35,핫삼 VMAX,HR,113/100,145251,21972,85044,22906,0.258,0.959,3.713,3.87,1.04,A_1M,94990,1,0.231,SNK_DIVERGENCE_LOW,MAPPING_REVIEW,,MAPPING_REVIEW,
CRD_4BDF5407844B4C4399F9,루기아 GX,SR,100/095,104644,115190,812750,119631,0.142,0.963,6.794,7.06,1.04,A_3M,237500,3,0.485,SNK_DIVERGENCE_LOW,REVIEW_SNK_THIN,,REVIEW_REPLACE,
CRD_4BE279D087D44FB6B0F3,렌트라 ex,SR,118/101,256070,3818,62459,12314,0.061,0.31,5.072,16.36,3.23,NONE,,0,,RAW_STALE_LOW,KEEP_SCRYDEX,,LADDER_INFO_ONLY,
CRD_4C0F021D6C8D4B2C95BD,망나뇽 GX,RR,069/094,321580,6438,90903,29336,0.071,0.219,3.099,14.12,4.56,A_3M,14250,1,0.452,RAW_STALE_LOW;SNK_DIVERGENCE_LOW,REVIEW_SNK_THIN,,REVIEW_REPLACE,
CRD_4C0F71EF7CD14B5DAC80,떨구새 ex,RR,051/062,136221,507,21379,,0.024,,,42.17,,NONE,,0,,RAW_STALE_LOW,KEEP_SCRYDEX,,LADDER_INFO_ONLY,
CRD_4C3F242E3B7545CEA793,파르빗,S,296/190,,1813,59081,16789,0.031,0.108,3.519,32.59,9.26,NO_MAP,,0,,RAW_STALE_LOW,KEEP_SCRYDEX,,LADDER_INFO_ONLY,
CRD_4C67C7A9419549B09F71,마스카나 ex,RR,014/190,,446,61570,13024,0.007,0.034,4.727,138.05,29.2,NO_MAP,,0,,RAW_STALE_LOW,KEEP_SCRYDEX,,LADDER_INFO_ONLY,
CRD_4C6B8CCE76054101B753,헤라크로스 EX,RR,004/096,390218,5931,441887,17568,0.013,0.338,25.153,74.5,2.96,NONE,,0,,RAW_STALE_LOW,KEEP_SCRYDEX,,LADDER_INFO_ONLY,
CRD_4C9F174845584E2D8806,맛보돈,S,315/190,,3150,37061,30687,0.085,0.103,1.208,11.77,9.74,NO_MAP,,0,,RAW_STALE_LOW,KEEP_SCRYDEX,,LADDER_INFO_ONLY,
CRD_4CBEC2D7C8DF430DA560,메가플라엣테 ex,SAR,115/083,776366,42975,184302,,0.233,,,4.29,,A_1M,18516,44,2.321,SNK_DIVERGENCE_HIGH,REPLACE_WITH_SNK_A,,STRONG_REPLACE,
CRD_4CC1B8E1952F40E5AE74,스코빌런 ex,RR,147/742,408337,353,44204,19862,0.008,0.018,2.226,125.22,56.27,NONE,,0,,RAW_STALE_LOW,KEEP_SCRYDEX,,LADDER_INFO_ONLY,
CRD_4CC81C78A11A4E46AD49,마기라스 V,SR,076/070,144217,41485,115759,21406,0.358,1.938,5.408,2.79,0.52,NONE,,0,,RAW_OVER_PSA9,KEEP_SCRYDEX,,KEEP,
CRD_4CF6CEF79B8D4088917C,백마 버드렉스 V,RR,043/184,141044,645,64494,15290,0.01,0.042,4.218,99.99,23.71,NONE,,0,,RAW_STALE_LOW,KEEP_SCRYDEX,,LADDER_INFO_ONLY,
CRD_4DD11310DD574B5BAF64,마셰이드,AR,066/064,363381,3119,50978,15168,0.061,0.206,3.361,16.34,4.86,NONE,,0,,RAW_STALE_LOW,KEEP_SCRYDEX,,LADDER_INFO_ONLY,
CRD_4DD30CBFBB2B4EB88C71,루기아 EX,SR,092/081,385531,76809,3687950,897244,0.021,0.086,4.11,48.01,11.68,NONE,,0,,RAW_STALE_LOW,KEEP_SCRYDEX,,LADDER_INFO_ONLY,
CRD_4E00186303FD42FCA5B7,빙큐보 ex,RR,020/108,132165,522,19352,,0.027,,,37.07,,NONE,,0,,RAW_STALE_LOW,KEEP_SCRYDEX,,LADDER_INFO_ONLY,
CRD_4E35CE088AB142C69436D3D5EB25F6E7,카르본,AR,083/080,704378,2689,59443,22941,0.045,0.117,2.591,22.11,8.53,A_1M,15675,2,0.172,RAW_STALE_LOW;SNK_DIVERGENCE_LOW,MAPPING_REVIEW,,MAPPING_REVIEW,
CRD_4E40BBC7A11147499348,엠페르트 ex,SR,099/080,704390,2658,51773,16039,0.051,0.166,3.228,19.48,6.03,A_1M,9500,1,0.28,RAW_STALE_LOW;SNK_DIVERGENCE_LOW,MAPPING_REVIEW,,MAPPING_REVIEW,Y
CRD_4E59295B4DF14431A9B7,가라르 야도킹 VMAX,RR,259/414,144007,1690,22961,,0.074,,,13.59,,NONE,,0,,RAW_STALE_LOW,KEEP_SCRYDEX,,LADDER_INFO_ONLY,
CRD_4E708DE56D9944CFB875,오리진 디아루가 VSTAR,RRR,101/172,103044,1060,42688,47308,0.025,0.022,0.902,40.27,44.63,NONE,,0,,RAW_STALE_LOW,KEEP_SCRYDEX,,LADDER_INFO_ONLY,
CRD_4E71B1C188B74ACDB2DB,요가램 ex,SR,120/102,326014,2028,55168,,0.037,,,27.2,,NONE,,0,,RAW_STALE_LOW,KEEP_SCRYDEX,,LADDER_INFO_ONLY,
CRD_4E744A43E495413AAC15,님피아 VMAX,HR,093/069,93022,921888,2234254,807888,0.413,1.141,2.766,2.42,0.88,A_3M,1900000,3,0.485,SNK_DIVERGENCE_LOW,REVIEW_SNK_THIN,,REVIEW_REPLACE,
CRD_4E99AE84CC834A47AD97,파치리스,AR,084/078,109862,10648,117010,15592,0.091,0.683,7.504,10.99,1.46,A_1M,11400,6,0.934,RAW_STALE_LOW,REPLACE_WITH_SNK_A,,LADDER_INFO_ONLY,
CRD_4E9C75A6CC65443E9021,모래뱀,S,269/190,,1613,51058,,0.032,,,31.65,,NO_MAP,,0,,RAW_STALE_LOW,KEEP_SCRYDEX,,LADDER_INFO_ONLY,
CRD_4EB0074F19194FD08F0B,파라블레이즈 ex,RR,031/193,730077,568,60473,20126,0.009,0.028,3.005,106.47,35.43,NONE,,0,,RAW_STALE_LOW,KEEP_SCRYDEX,,LADDER_INFO_ONLY,
CRD_4EB2410F9979486EA231,크로뱃 V,CSR,243/184,141276,10679,122108,22171,0.087,0.482,5.508,11.43,2.08,A_3M,14250,1,0.749,RAW_STALE_LOW,REVIEW_SNK_THIN,,LADDER_INFO_ONLY,
CRD_4EB5FCA02B815775E0D5,,,,,7375,130880,40392,0.056,0.183,3.24,17.75,5.48,NO_MAP,,0,,RAW_STALE_LOW,KEEP_SCRYDEX,,LADDER_INFO_ONLY,
CRD_4EE25BC32C984F3BBC3C,아켄,AR,129/086,608569,6945,70044,21406,0.099,0.324,3.272,10.09,3.08,NONE,,0,,RAW_STALE_LOW,KEEP_SCRYDEX,,LADDER_INFO_ONLY,
CRD_4F4282B9BBB74862A121,찌리비,AR,105/101,251915,3058,49446,20783,0.062,0.147,2.379,16.17,6.8,NONE,,0,,RAW_STALE_LOW,KEEP_SCRYDEX,,LADDER_INFO_ONLY,
CRD_4F48AF7F7CD84E0EA0B1,스트린더 V,SR,100/096,145428,4579,49690,,0.092,,,10.85,,NONE,,0,,RAW_STALE_LOW,KEEP_SCRYDEX,,LADDER_INFO_ONLY,
CRD_4F6B88682F194C539477,메가입치트 ex,SR,080/063,663633,4533,36747,26162,0.123,0.173,1.405,8.11,5.77,A_3M,9500,1,0.477,RAW_STALE_LOW;SNK_DIVERGENCE_LOW,REVIEW_SNK_THIN,,REVIEW_REPLACE,Y
CRD_4F8FA4ED50DA4A6AA4D3,테라파고스 ex,RR,,,376,46528,6116,0.008,0.061,7.608,123.74,16.27,NO_MAP,,0,,RAW_STALE_LOW,KEEP_SCRYDEX,,LADDER_INFO_ONLY,
CRD_4F945928CE844FBD8648,빠르모트,AR,085/078,110919,4548,53895,17523,0.084,0.26,3.076,11.85,3.85,A_1M,9500,1,0.479,RAW_STALE_LOW;SNK_DIVERGENCE_LOW,REVIEW_SNK_THIN,,REVIEW_REPLACE,Y
CRD_500998CEAE8F48BE9DA0,큐레무 ex,SAR,168/086,608395,64256,119295,37100,0.539,1.732,3.215,1.86,0.58,A_1M,38000,10,1.691,RAW_OVER_PSA9,REPLACE_WITH_SNK_A,,KEEP,
CRD_502F5EDDE5B44325905B,싸리용,S,232/190,,3242,63367,20535,0.051,0.158,3.086,19.55,6.33,NO_MAP,,0,,RAW_STALE_LOW,KEEP_SCRYDEX,,LADDER_INFO_ONLY,
CRD_50757DF212C2435ABE50,동미러,AR,074/071,186425,3595,21035,6498,0.171,0.553,3.237,5.85,1.81,A_1M,9500,1,0.378,SNK_DIVERGENCE_LOW,REVIEW_SNK_THIN,,REVIEW_REPLACE,Y
CRD_50821B0A1B1544889F09,눈쓰개,AR,067/063,664113,2335,38572,12282,0.061,0.19,3.141,16.52,5.26,NONE,,0,,RAW_STALE_LOW,KEEP_SCRYDEX,,LADDER_INFO_ONLY,
CRD_50907E2F804C48AEA846,이벨타르 GX,RR,046/080,334614,8174,134705,19089,0.061,0.428,7.057,16.48,2.34,NONE,,0,,RAW_STALE_LOW,KEEP_SCRYDEX,,LADDER_INFO_ONLY,
CRD_509F370C46394353934C,암팰리스,AR,067/066,152779,3288,61617,13666,0.053,0.241,4.509,18.74,4.16,NONE,,0,,RAW_STALE_LOW,KEEP_SCRYDEX,,LADDER_INFO_ONLY,
CRD_50ACE060260D40C7B2AC,멜론,HR,091/070,96713,16871,38073,45764,0.443,0.369,0.832,2.26,2.71,NONE,,0,,GRADED_INVERSION,KEEP_SCRYDEX,,KEEP,
CRD_50B2FD354E4E28060E93,,,,,1383,61504,30752,0.022,0.045,2.0,44.47,22.24,NO_MAP,,0,,RAW_STALE_LOW,KEEP_SCRYDEX,,LADDER_INFO_ONLY,
CRD_50C0DEEAB02B452683DA,수철,SR,114/100,126544,2720,38822,,0.07,,,14.27,,NONE,,0,,RAW_STALE_LOW,KEEP_SCRYDEX,,LADDER_INFO_ONLY,
CRD_50DE7B5127534FE2A569,게노세크트 V,RR,069/100,141366,845,52908,3058,0.016,0.276,17.302,62.61,3.62,NONE,,0,,RAW_STALE_LOW,KEEP_SCRYDEX,,LADDER_INFO_ONLY,
CRD_50F6F1C119D4792B9B1C,,,,,1905,38440,,0.05,,,20.18,,NO_MAP,,0,,RAW_STALE_LOW,KEEP_SCRYDEX,,LADDER_INFO_ONLY,
CRD_511F933EEDE74C64AB4A,덩쿠리,AR,178/165,128094,5954,94036,41705,0.063,0.143,2.255,15.79,7.0,A_1M,11162,9,0.533,RAW_STALE_LOW,REPLACE_WITH_SNK_A,,LADDER_INFO_ONLY,
CRD_517D349E079B4F5E83C7,라티오스 EX,SR,082/078,107419,245837,1306936,150165,0.188,1.637,8.703,5.32,0.61,NONE,,0,,RAW_OVER_PSA9,KEEP_SCRYDEX,,KEEP,
CRD_51808E684CD64F418E0A,기라티나 VSTAR,RRR,111/172,103065,1367,65159,261371,0.021,0.005,0.249,47.67,191.2,A_3M,9500,5,0.144,GRADED_INVERSION;RAW_STALE_LOW;SNK_DIVERGENCE_LOW,MAPPING_REVIEW,,MAPPING_REVIEW,Y
CRD_518259D3BB704065A54A,춤추새 [퓨전],AR,176/172,103761,3165,56322,30930,0.056,0.102,1.821,17.8,9.77,A_1M,11162,3,0.284,RAW_STALE_LOW;SNK_DIVERGENCE_LOW,MAPPING_REVIEW,,MAPPING_REVIEW,
CRD_519C4783A21343ABB5E8,이수재의 전송,SR,199/165,128115,3042,117253,35779,0.026,0.085,3.277,38.54,11.76,A_1M,9500,5,0.32,RAW_STALE_LOW;SNK_DIVERGENCE_LOW,MAPPING_REVIEW,,MAPPING_REVIEW,Y
CRD_51B35B799843488F8BD0,가라르 마임꽁꽁,S,220/190,,1536,55672,9174,0.028,0.167,6.068,36.24,5.97,NO_MAP,,0,,RAW_STALE_LOW,KEEP_SCRYDEX,,LADDER_INFO_ONLY,
CRD_51BAE0050B1B403BBD88,화이트큐레무 GX,RR,035/053,391708,10755,111053,10688,0.097,1.006,10.39,10.33,0.99,NONE,,0,,RAW_STALE_LOW,KEEP_SCRYDEX,,LADDER_INFO_ONLY,
CRD_51C1A941A9694DF8AA9A,알로라나시 GX,SR,054/050,105446,23047,95977,17584,0.24,1.311,5.458,4.16,0.76,NONE,,0,,RAW_OVER_PSA9,KEEP_SCRYDEX,,KEEP,
CRD_51D04CC150CD4DD58F28,염버니,S,214/190,,4102,64005,12762,0.064,0.321,5.015,15.6,3.11,NO_MAP,,0,,RAW_STALE_LOW,KEEP_SCRYDEX,,LADDER_INFO_ONLY,
CRD_51D5975726974B7B8758,트래피더 ex,SAR,101/078,110786,22924,68459,22951,0.335,0.999,2.983,2.99,1.0,A_3M,9500,1,2.413,SNK_DIVERGENCE_HIGH,REVIEW_SNK_THIN,,REVIEW_REPLACE,Y
CRD_51DDA6EA64684E538750,펄스멍 V,RR,056/190,144436,553,26812,,0.021,,,48.48,,NONE,,0,,RAW_STALE_LOW,KEEP_SCRYDEX,,LADDER_INFO_ONLY,
CRD_51EB2AB1F8BE40468C95,데덴네 GX,SR,175/173,396155,76547,401844,79922,0.19,0.958,5.028,5.25,1.04,A_1M,189990,3,0.403,SNK_DIVERGENCE_LOW,REVIEW_SNK_THIN,,REVIEW_REPLACE,
CRD_52591157ACD8487D99CF,카푸꼬꼬꼭 V,RR,149/414,144159,1398,22935,,0.061,,,16.41,,NONE,,0,,RAW_STALE_LOW,KEEP_SCRYDEX,,LADDER_INFO_ONLY,
CRD_526DC2B6050A4A1FB8A3,인텔리레온,S,226/190,,2904,62301,,0.047,,,21.45,,NO_MAP,,0,,RAW_STALE_LOW,KEEP_SCRYDEX,,LADDER_INFO_ONLY,
CRD_526DC57204B446B594BD,무쇠독나방,AR,069/066,138245,3672,52445,13394,0.07,0.274,3.916,14.28,3.65,A_1M,9500,1,0.387,RAW_STALE_LOW;SNK_DIVERGENCE_LOW,REVIEW_SNK_THIN,,REVIEW_REPLACE,Y
CRD_527B58F17A3E49AEB25F,딩루 ex,RR,113/190,151728,369,15258,16820,0.024,0.022,0.907,41.35,45.58,NONE,,0,,RAW_STALE_LOW,KEEP_SCRYDEX,,LADDER_INFO_ONLY,
CRD_528E8910A24647CE96C3,레지락 ex,RR,374/742,557457,415,42568,13761,0.01,0.03,3.093,102.57,33.16,NONE,,0,,RAW_STALE_LOW,KEEP_SCRYDEX,,LADDER_INFO_ONLY,
CRD_52F5DDE5DDE7486DAF16,이상해꽃 EX,SR,061/060,91550,33803,803668,173559,0.042,0.195,4.631,23.78,5.13,NONE,,0,,RAW_STALE_LOW,KEEP_SCRYDEX,,LADDER_INFO_ONLY,
CRD_52F60B81183042E68553,아고용 GX,SR,058/054,393177,6545,51545,50228,0.127,0.13,1.026,7.88,7.67,NONE,,0,,RAW_STALE_LOW,KEEP_SCRYDEX,,LADDER_INFO_ONLY,
CRD_52F68E4F10704A3FB529,알로라 식스테일 VSTAR,RRR,023/068,95113,2259,53662,30526,0.042,0.074,1.758,23.75,13.51,NONE,,0,,RAW_STALE_LOW,KEEP_SCRYDEX,,LADDER_INFO_ONLY,
CRD_52F916AFA8B244C5ACDA,채두,SR,111/100,91195,29347,78940,15290,0.372,1.919,5.163,2.69,0.52,A_3M,28490,1,1.03,RAW_OVER_PSA9,REVIEW_SNK_THIN,,KEEP,
CRD_5308BD56BE1440DC86D2,갸라도스 GX,SR,051/050,105477,15349,182381,64703,0.084,0.237,2.819,11.88,4.22,A_3M,74100,1,0.207,RAW_STALE_LOW;SNK_DIVERGENCE_LOW,MAPPING_REVIEW,,MAPPING_REVIEW,
CRD_530DC1322A98447495D2,럭시오,S,241/190,,2673,39999,13408,0.067,0.199,2.983,14.96,5.02,NO_MAP,,0,,RAW_STALE_LOW,KEEP_SCRYDEX,,LADDER_INFO_ONLY,
CRD_5332201EA310411BBF5D,오라티프,S,295/190,,953,27522,25993,0.035,0.037,1.059,28.88,27.27,NO_MAP,,0,,RAW_STALE_LOW,KEEP_SCRYDEX,,LADDER_INFO_ONLY,
CRD_53504BEF2B164AFA9492,부우부,CHR,073/067,126692,6499,99110,27474,0.066,0.237,3.607,15.25,4.23,A_3M,15200,1,0.428,RAW_STALE_LOW;SNK_DIVERGENCE_LOW,REVIEW_SNK_THIN,,REVIEW_REPLACE,
CRD_535F50E9DD9145CFB167,개굴닌자 GX,RR,033/150,112748,6131,88923,41506,0.069,0.148,2.142,14.5,6.77,A_1M,14250,1,0.43,RAW_STALE_LOW;SNK_DIVERGENCE_LOW,REVIEW_SNK_THIN,,REVIEW_REPLACE,
CRD_53864D1A7E104131B58A,자시안 V,RR,046/060,145559,1260,21406,,0.059,,,16.99,,NONE,,0,,RAW_STALE_LOW,KEEP_SCRYDEX,,LADDER_INFO_ONLY,
CRD_538D95CFF9F94605BAA0,라이츄,S,237/190,,10525,129282,19291,0.081,0.546,6.702,12.28,1.83,NO_MAP,,0,,RAW_STALE_LOW,KEEP_SCRYDEX,,LADDER_INFO_ONLY,
CRD_539D580996A8493CA8A2,캥카 ex,RR,115/165,127984,522,66676,11911,0.008,0.044,5.598,127.73,22.82,NONE,,0,,RAW_STALE_LOW,KEEP_SCRYDEX,,LADDER_INFO_ONLY,
CRD_53BC7943DA1C4E528F42,부르르룸 ex,RR,015/064,282102,399,24510,,0.016,,,61.43,,NONE,,0,,RAW_STALE_LOW,KEEP_SCRYDEX,,LADDER_INFO_ONLY,
CRD_53C3C8439568425FBA77,루가루암 GX,RR,061/150,112756,2305,,14526,,0.159,,,6.3,NONE,,0,,RAW_STALE_LOW,KEEP_SCRYDEX,,LADDER_INFO_ONLY,
CRD_53E1012862E24CE386A1,메가지가르데 ex,RR,046/080,752427,461,61715,,0.007,,,133.87,,NONE,,0,,RAW_STALE_LOW,KEEP_SCRYDEX,,LADDER_INFO_ONLY,
CRD_53E878DB5D8944638209,테라키온,AR,133/086,608573,6622,68419,,0.097,,,10.33,,NONE,,0,,RAW_STALE_LOW,KEEP_SCRYDEX,,LADDER_INFO_ONLY,
CRD_53EAEC16A2AC449B842F,메가눈여아 ex,RR,036/193,727385,446,56864,22339,0.008,0.02,2.546,127.5,50.09,NONE,,0,,RAW_STALE_LOW,KEEP_SCRYDEX,,LADDER_INFO_ONLY,
CRD_54066807917542B79D0E,플라이곤,AR,088/080,704381,3688,58377,28846,0.063,0.128,2.024,15.83,7.82,NONE,,0,,RAW_STALE_LOW,KEEP_SCRYDEX,,LADDER_INFO_ONLY,
CRD_54079F1439374F52BCF7,레쿠쟈 VMAX,HR,083/067,93017,3841200,10795630,1405169,0.356,2.734,7.683,2.81,0.37,A_1M,7125000,1,0.539,RAW_OVER_PSA9,REVIEW_SNK_THIN,,KEEP,
CRD_5428C6299F5640EBA326,찬란한 개굴닌자,K,026/067,,3319,73788,,0.045,,,22.23,,NO_MAP,,0,,RAW_STALE_LOW,KEEP_SCRYDEX,,LADDER_INFO_ONLY,
CRD_5454D86FB3AE476B8576,메가이어롭 ex,RR,072/080,703013,568,40469,13088,0.014,0.043,3.092,71.25,23.04,NONE,,0,,RAW_STALE_LOW,KEEP_SCRYDEX,,LADDER_INFO_ONLY,
CRD_54629510CAF0436F9A1E,모단단게 V,SR,103/100,141399,4256,44968,,0.095,,,10.57,,NONE,,0,,RAW_STALE_LOW,KEEP_SCRYDEX,,LADDER_INFO_ONLY,
CRD_5470C871DF3146EB9C6B,카지,SR,123/101,251917,3641,43959,15504,0.083,0.235,2.835,12.07,4.26,NONE,,0,,RAW_STALE_LOW,KEEP_SCRYDEX,,LADDER_INFO_ONLY,
CRD_5484754441BB42A286AE,무쇠바퀴 ex,SR,096/078,110911,2028,41681,50458,0.049,0.04,0.826,20.55,24.88,NONE,,0,,GRADED_INVERSION;RAW_STALE_LOW,KEEP_SCRYDEX,,KEEP,
CRD_54862537AC0B4A368C5A,제라오라 V,SR,074/070,91180,120813,254903,68809,0.474,1.756,3.705,2.11,0.57,A_1M,118750,7,1.017,RAW_OVER_PSA9,REPLACE_WITH_SNK_A,,KEEP,
CRD_549320962C484F599EC6,카푸나비나 GX,RR,044/150,112750,1921,39982,,0.048,,,20.81,,NONE,,0,,RAW_STALE_LOW,KEEP_SCRYDEX,,LADDER_INFO_ONLY,
CRD_549E381006304AAB8D75,가라르 불비달마 V,SR,103/100,145054,2504,47584,,0.053,,,19.0,,NONE,,0,,RAW_STALE_LOW,KEEP_SCRYDEX,,LADDER_INFO_ONLY,
CRD_54A4959E13F64F7AB630,해루미,AR,102/101,256064,4617,59166,27321,0.078,0.169,2.166,12.81,5.92,NONE,,0,,RAW_STALE_LOW,KEEP_SCRYDEX,,LADDER_INFO_ONLY,
CRD_54D2FB20FB064C93818F,몰드류 ex,RR,387/742,605425,323,33547,,0.01,,,103.86,,NONE,,0,,RAW_STALE_LOW,KEEP_SCRYDEX,,LADDER_INFO_ONLY,
CRD_54EB8FDFE84741599C5A,딱구리 ex,SR,191/165,128107,4717,87792,29006,0.054,0.163,3.027,18.61,6.15,A_1M,14240,2,0.331,RAW_STALE_LOW;SNK_DIVERGENCE_LOW,REVIEW_SNK_THIN,,REVIEW_REPLACE,
CRD_55135DAC7D1B4FF1AB6D,드래피 VSTAR,RRR,067/100,137008,1045,55794,7645,0.019,0.137,7.298,53.39,7.32,NONE,,0,,RAW_STALE_LOW,KEEP_SCRYDEX,,LADDER_INFO_ONLY,
CRD_553E1785CA84462FAFF5,찌르성게,S,242/190,,5163,41345,3058,0.125,1.688,13.52,8.01,0.59,NO_MAP,,0,,RAW_OVER_PSA9,KEEP_SCRYDEX,,KEEP,
CRD_5545BE5E05C5475FA8C2,플라이곤 V,SR,110/100,139849,4287,109605,,0.039,,,25.57,,NONE,,0,,RAW_STALE_LOW,KEEP_SCRYDEX,,LADDER_INFO_ONLY,
CRD_555EE842647815F48715,,,,,1521,67915,4613,0.022,0.33,14.723,44.65,3.03,NO_MAP,,0,,RAW_STALE_LOW,KEEP_SCRYDEX,,LADDER_INFO_ONLY,
CRD_5563F3670A2C4D95AB21,모젤란,SR,194/190,126507,2842,34616,28967,0.082,0.098,1.195,12.18,10.19,NONE,,0,,RAW_STALE_LOW,KEEP_SCRYDEX,,LADDER_INFO_ONLY,
CRD_55835D4F7A5A4F3BA60D,래비풋,S,215/190,,2842,51635,15290,0.055,0.186,3.377,18.17,5.38,NO_MAP,,0,,RAW_STALE_LOW,KEEP_SCRYDEX,,LADDER_INFO_ONLY,
CRD_5592B918549340D29D73,크로뱃,AR,091/083,776343,5516,111886,,0.049,,,20.28,,A_3M,9500,4,0.581,RAW_STALE_LOW,REVIEW_SNK_THIN,,LADDER_INFO_ONLY,Y
CRD_5667330F7AAF41858B63,윽우지 V,RR,155/190,144596,568,43443,,0.013,,,76.48,,NONE,,0,,RAW_STALE_LOW,KEEP_SCRYDEX,,LADDER_INFO_ONLY,
CRD_56AEEC243AFF49348A6E,대왕끼리동 ex,RR,054/071,120805,461,60744,,0.008,,,131.77,,NONE,,0,,RAW_STALE_LOW,KEEP_SCRYDEX,,LADDER_INFO_ONLY,
CRD_56BC4E58C5934A90B2F1,버터플 VMAX,RRR,002/070,145254,7498,72017,44189,0.104,0.17,1.63,9.6,5.89,NONE,,0,,RAW_STALE_LOW,KEEP_SCRYDEX,,LADDER_INFO_ONLY,
CRD_56CD73E3F5C544A2B1AD,히스이 드레디어 VSTAR,RRR,008/067,139448,1429,41054,,0.035,,,28.73,,NONE,,0,,RAW_STALE_LOW,KEEP_SCRYDEX,,LADDER_INFO_ONLY,
CRD_56F7E4C6FF4B4CBEA51F,가디안 GX,SSR,237/150,112800,69910,198378,53158,0.352,1.315,3.732,2.84,0.76,A_1M,85500,1,0.818,RAW_OVER_PSA9,REVIEW_SNK_THIN,,KEEP,
CRD_5704D0F94D3F482C8103,피죤투 V,RR,082/100,137023,814,9244,,0.088,,,11.36,,NONE,,0,,RAW_STALE_LOW,KEEP_SCRYDEX,,LADDER_INFO_ONLY,
CRD_57278A1C3B6140809E3F,게을로,AR,117/106,418744,5524,57690,37074,0.096,0.149,1.556,10.44,6.71,A_3M,11210,1,0.493,RAW_STALE_LOW;SNK_DIVERGENCE_LOW,REVIEW_SNK_THIN,,REVIEW_REPLACE,
CRD_5727B24E8A6442A9A5E7,메가폭타 ex,SR,077/063,664104,3134,51980,23975,0.06,0.131,2.168,16.59,7.65,NONE,,0,,RAW_STALE_LOW,KEEP_SCRYDEX,,LADDER_INFO_ONLY,
CRD_572C9B22477A47FB9AEB,금랑,SR,077/067,98651,22940,55029,13761,0.417,1.667,3.999,2.4,0.6,A_3M,45600,1,0.503,RAW_OVER_PSA9,REVIEW_SNK_THIN,,KEEP,
CRD_5751676A34FF4B128A73,에브이 V,RR,172/414,112524,2074,59168,17049,0.035,0.122,3.47,28.53,8.22,A_3M,14250,1,0.146,RAW_STALE_LOW;SNK_DIVERGENCE_LOW,MAPPING_REVIEW,,MAPPING_REVIEW,
CRD_5754D3B72AA34FB4A42C,다태우지네 VMAX,SSR,310/190,144772,3211,49294,16828,0.065,0.191,2.929,15.35,5.24,NONE,,0,,RAW_STALE_LOW,KEEP_SCRYDEX,,LADDER_INFO_ONLY,
CRD_576DC2D934294498A93F,캐스퐁,CHR,211/184,126702,2973,62958,32308,0.047,0.092,1.949,21.18,10.87,A_3M,57000,1,0.052,RAW_STALE_LOW;SNK_DIVERGENCE_LOW,MAPPING_REVIEW,,MAPPING_REVIEW,
CRD_578FDAA332FD4381BC35,다크펫,CHR,197/184,126686,3818,59509,12456,0.064,0.307,4.778,15.59,3.26,A_1M,11210,3,0.341,RAW_STALE_LOW;SNK_DIVERGENCE_LOW,REVIEW_SNK_THIN,,REVIEW_REPLACE,
CRD_57B8FD435C2148F8854F,괴력몬 BREAK,RR,060/100,386940,26888,133698,15271,0.201,1.761,8.755,4.97,0.57,NONE,,0,,RAW_OVER_PSA9,KEEP_SCRYDEX,,KEEP,
CRD_57BFC803754F499E82F0,모래털가죽 ex,RR,088/187,466382,384,26758,21406,0.014,0.018,1.25,69.68,55.74,NONE,,0,,RAW_STALE_LOW,KEEP_SCRYDEX,,LADDER_INFO_ONLY,
CRD_57CF7BA35A2F4108A971,토게데마루,AR,090/080,703344,3104,58664,16430,0.053,0.189,3.571,18.9,5.29,NONE,,0,,RAW_STALE_LOW,KEEP_SCRYDEX,,LADDER_INFO_ONLY,
CRD_57D75046E0404E6EBE7B,울트라조사대,SR,056/050,,62227,139477,48805,0.446,1.275,2.858,2.24,0.78,NO_MAP,,0,,RAW_OVER_PSA9,KEEP_SCRYDEX,,KEEP,
CRD_57EB73076A4B471381A3,글레이시아 ex,RR,162/742,434888,1629,52513,16794,0.031,0.097,3.127,32.24,10.31,A_1M,9500,1,0.171,RAW_STALE_LOW;SNK_DIVERGENCE_LOW,MAPPING_REVIEW,,MAPPING_REVIEW,Y
CRD_5854A8B691CA4AF9B909,TV 리포터,SR,073/066,91304,76824,304565,108530,0.252,0.708,2.806,3.96,1.41,A_1M,237500,1,0.323,SNK_DIVERGENCE_LOW,MAPPING_REVIEW,,MAPPING_REVIEW,
CRD_58AEBF1133424C8B92C1,저승갓숭 ex,RR,040/071,118632,507,37984,13752,0.013,0.037,2.762,74.92,27.12,NONE,,0,,RAW_STALE_LOW,KEEP_SCRYDEX,,LADDER_INFO_ONLY,
CRD_58B23BBE13C047A0BE1A,에레키블 ex,RR,237/742,542649,369,43210,,0.009,,,117.1,,NONE,,0,,RAW_STALE_LOW,KEEP_SCRYDEX,,LADDER_INFO_ONLY,
CRD_58C2AC0BC35A4605B2A3,부르르룸,S,301/190,,1106,24892,,0.044,,,22.51,,NO_MAP,,0,,RAW_STALE_LOW,KEEP_SCRYDEX,,LADDER_INFO_ONLY,
CRD_58CA4FCBE74947989A92,엘레이드 V,SR,081/071,139431,4287,68704,13744,0.062,0.312,4.999,16.03,3.21,NONE,,0,,RAW_STALE_LOW,KEEP_SCRYDEX,,LADDER_INFO_ONLY,
CRD_58E466F3E3064DF98E83,다태우지네 V,SSR,309/190,144771,2213,23337,11820,0.095,0.187,1.974,10.55,5.34,NONE,,0,,RAW_STALE_LOW,KEEP_SCRYDEX,,LADDER_INFO_ONLY,
CRD_594A5B7B75D040D5B7B8,루기아 BREAK,RR,059/078,389618,53777,620638,,0.087,,,11.54,,A_3M,323000,1,0.166,RAW_STALE_LOW;SNK_DIVERGENCE_LOW,MAPPING_REVIEW,,MAPPING_REVIEW,
CRD_5965C8E46105490CBE74,킹드라 EX,RR,055/078,389611,13045,257729,73255,0.051,0.178,3.518,19.76,5.62,NONE,,0,,RAW_STALE_LOW,KEEP_SCRYDEX,,LADDER_INFO_ONLY,
CRD_59C05E1C41D0406E8DF2,스컹탱크 V,RR,056/098,100551,568,47721,,0.012,,,84.02,,NONE,,0,,RAW_STALE_LOW,KEEP_SCRYDEX,,LADDER_INFO_ONLY,
CRD_59D148E4C2854E5AAA96,마기라스 V,RR,263/414,144188,1782,678008,30061,0.003,0.059,22.554,380.48,16.87,NONE,,0,,RAW_STALE_LOW,KEEP_SCRYDEX,,LADDER_INFO_ONLY,
CRD_59D5ED41D1EE424B829A,찬석,SAR,243/172,104901,10064,46115,21306,0.218,0.472,2.164,4.58,2.12,A_1M,23750,1,0.424,SNK_DIVERGENCE_LOW,REVIEW_SNK_THIN,,REVIEW_REPLACE,
CRD_59E0A7F3922147D59CD0,테오키스 EX플라스마단,SR,053/051,108782,130601,6382646,657890,0.02,0.199,9.702,48.87,5.04,NONE,,0,,RAW_STALE_LOW,KEEP_SCRYDEX,,LADDER_INFO_ONLY,
CRD_5A0A8856ED35413F8D24,뚜벅쵸,S,191/190,,2658,61497,,0.043,,,23.14,,NO_MAP,,0,,RAW_STALE_LOW,KEEP_SCRYDEX,,LADDER_INFO_ONLY,
CRD_5A11A9B4CB924667ACDC,개굴닌자 BREAK,RR,028/171,390790,30975,424196,82108,0.073,0.377,5.166,13.69,2.65,NONE,,0,,RAW_STALE_LOW,KEEP_SCRYDEX,,LADDER_INFO_ONLY,
CRD_5A5295A6BE874BBA8414,피카츄,SM-P,135/SM-P,404463,69142,660189,,0.105,,,9.55,,A_3M,332500,2,0.208,SNK_DIVERGENCE_LOW,MAPPING_REVIEW,,MAPPING_REVIEW,
CRD_5AFD5F4B7631458284E9,오엽,SR,088/066,227636,1552,42583,20993,0.036,0.074,2.028,27.44,13.53,NONE,,0,,RAW_STALE_LOW,KEEP_SCRYDEX,,LADDER_INFO_ONLY,
CRD_5B702C8872B74994BDE1,조로아크,AR,141/086,608581,38504,88569,33119,0.435,1.163,2.674,2.3,0.86,A_3M,18050,4,2.133,SNK_DIVERGENCE_HIGH,REVIEW_SNK_THIN,,REVIEW_REPLACE,
CRD_5B8CAA654E9949FC8C70,대도각참,S,294/190,,1675,27798,13761,0.06,0.122,2.02,16.6,8.22,NO_MAP,,0,,RAW_STALE_LOW,KEEP_SCRYDEX,,LADDER_INFO_ONLY,
CRD_5C096EF4AA584BDCA606,시트론의 재치,SR,129/106,418752,2090,45550,16819,0.046,0.124,2.708,21.79,8.05,NONE,,0,,RAW_STALE_LOW,KEEP_SCRYDEX,,LADDER_INFO_ONLY,
CRD_5C16965B4D8C4C77943D,리피아 ex,RR,038/742,434883,1890,57895,22844,0.033,0.083,2.534,30.63,12.09,A_1M,9500,1,0.199,RAW_STALE_LOW;SNK_DIVERGENCE_LOW,MAPPING_REVIEW,,MAPPING_REVIEW,Y
CRD_5CC4F5F3C4294D54BEBB,제크로무 ex,RR,051/193,,399,76803,,0.005,,,192.49,,NO_MAP,,0,,RAW_STALE_LOW,KEEP_SCRYDEX,,LADDER_INFO_ONLY,
CRD_5CDC6F885194428BADB1,에레키블 ex,SR,079/063,546111,2504,41880,55045,0.06,0.045,0.761,16.73,21.98,NONE,,0,,GRADED_INVERSION;RAW_STALE_LOW,KEEP_SCRYDEX,,KEEP,
CRD_5CE1C6B2A9B548A8B3DF,페퍼의 마피티프 ex,SR,081/063,544396,1982,47598,26162,0.042,0.076,1.819,24.02,13.2,NONE,,0,,RAW_STALE_LOW,KEEP_SCRYDEX,,LADDER_INFO_ONLY,
CRD_5CE39B03B3954AB3B664,비크티니(프리즘스타),PR,004/053,391677,11370,84183,9174,0.135,1.239,9.176,7.4,0.81,NONE,,0,,RAW_OVER_PSA9,KEEP_SCRYDEX,,KEEP,
CRD_5D24108CE9A30C619201,,,,,24922,86848,17407,0.287,1.432,4.989,3.48,0.7,NO_MAP,,0,,RAW_OVER_PSA9,KEEP_SCRYDEX,,KEEP,
CRD_5D2CBBAD2CD244CCBB58,토게키스 VMAX,RRR,059/076,145117,2243,49457,,0.045,,,22.05,,NONE,,0,,RAW_STALE_LOW,KEEP_SCRYDEX,,LADDER_INFO_ONLY,
CRD_5D478653E46E4634B4E2,우리,SR,273/184,91153,40778,145456,165926,0.28,0.246,0.877,3.57,4.07,A_1M,71250,6,0.572,GRADED_INVERSION,REPLACE_WITH_SNK_A,,KEEP,
CRD_5D48C69399A74C799C12,무쇠잎새 ex,SR,084/071,186446,2090,49578,13761,0.042,0.152,3.603,23.72,6.58,NONE,,0,,RAW_STALE_LOW,KEEP_SCRYDEX,,LADDER_INFO_ONLY,
CRD_5D69A490DCA54BE28B61,위대한엄니 ex,RR,112/190,156439,384,20355,7652,0.019,0.05,2.66,53.01,19.93,NONE,,0,,RAW_STALE_LOW,KEEP_SCRYDEX,,LADDER_INFO_ONLY,
CRD_5D76FEADA66646C89642,모래털가죽 ex,SR,083/066,152785,2120,39265,4587,0.054,0.462,8.56,18.52,2.16,NONE,,0,,RAW_STALE_LOW,KEEP_SCRYDEX,,LADDER_INFO_ONLY,
CRD_5D86E01964624A8CBE40,피카츄 VMAX,CSR,223/184,138599,111441,569346,173797,0.196,0.641,3.276,5.11,1.56,A_1M,296875,22,0.375,SNK_DIVERGENCE_LOW,REPLACE_WITH_SNK_A,,STRONG_REPLACE,
CRD_5D99F1F054944414B285,플라드리 최후의 수단,SR,095/088,108461,108537,535753,62644,0.203,1.733,8.552,4.94,0.58,NONE,,0,,RAW_OVER_PSA9,KEEP_SCRYDEX,,KEEP,
CRD_5D9E1E48807A4B839B95,돌핀맨 ex,SR,116/101,256068,1951,41819,,0.047,,,21.43,,NONE,,0,,RAW_STALE_LOW,KEEP_SCRYDEX,,LADDER_INFO_ONLY,
CRD_5DB81F6CB60742D3952B,찌리배리 ex,RR,025/071,120684,599,52962,13024,0.011,0.046,4.066,88.42,21.74,NONE,,0,,RAW_STALE_LOW,KEEP_SCRYDEX,,LADDER_INFO_ONLY,
CRD_5DF12C9B3FCC471D90BA,가라르 나이킹 V,SR,108/100,137047,3104,31697,,0.098,,,10.21,,NONE,,0,,RAW_STALE_LOW,KEEP_SCRYDEX,,LADDER_INFO_ONLY,
CRD_5DF591EAB7B44D25AF5A,한카리아스 V,RR,054/067,139687,784,24464,22935,0.032,0.034,1.067,31.2,29.25,NONE,,0,,RAW_STALE_LOW,KEEP_SCRYDEX,,LADDER_INFO_ONLY,
CRD_5E2191E093894018B5DF,어치르돈,S,236/190,,3503,130268,12232,0.027,0.286,10.65,37.19,3.49,NO_MAP,,0,,RAW_STALE_LOW,KEEP_SCRYDEX,,LADDER_INFO_ONLY,
CRD_5E4E70BF23AC40C7ACFF,게을킹 ex,SR,126/106,418751,1598,47965,15290,0.033,0.105,3.137,30.02,9.57,NONE,,0,,RAW_STALE_LOW,KEEP_SCRYDEX,,LADDER_INFO_ONLY,
CRD_5E50FAE179C84F9C8755,대여르,CHR,204/184,126687,3849,79875,30550,0.048,0.126,2.615,20.75,7.94,A_1M,14250,2,0.27,RAW_STALE_LOW;SNK_DIVERGENCE_LOW,MAPPING_REVIEW,,MAPPING_REVIEW,
CRD_5E8B9D8B826549B5BE0E,글레이시아 GX,RR,027/150,112747,5915,66879,36492,0.088,0.162,1.833,11.31,6.17,A_3M,24700,1,0.239,RAW_STALE_LOW;SNK_DIVERGENCE_LOW,MAPPING_REVIEW,,MAPPING_REVIEW,
CRD_5EC5DF045E124BF1ACA2,로켓단의 크로뱃 ex,SAR,127/098,568325,80266,147624,63485,0.544,1.264,2.325,1.84,0.79,A_1M,71240,7,1.127,RAW_OVER_PSA9,REPLACE_WITH_SNK_A,,KEEP,
CRD_5EE6DC9AFBE242028F0F,지라치 EX,SR,079/076,406757,145966,1716631,442957,0.085,0.33,3.875,11.76,3.03,NONE,,0,,RAW_STALE_LOW,KEEP_SCRYDEX,,LADDER_INFO_ONLY,
CRD_5F0F40D590F84E8289CE,아머까오 VMAX,RRR,116/184,141144,1245,41926,28960,0.03,0.043,1.448,33.68,23.26,NONE,,0,,RAW_STALE_LOW,KEEP_SCRYDEX,,LADDER_INFO_ONLY,
CRD_5F3E80E210DF43958293,흔들풍손,S,260/190,,3012,59922,42813,0.05,0.07,1.4,19.89,14.21,NO_MAP,,0,,RAW_STALE_LOW,KEEP_SCRYDEX,,LADDER_INFO_ONLY,
CRD_5F4D4AC299E34809963A,흑마 버드렉스 VMAX,RRR,037/070,,1567,1011838,,0.002,,,645.72,,NO_MAP,,0,,RAW_STALE_LOW,KEEP_SCRYDEX,,LADDER_INFO_ONLY,
CRD_5F7760C6F9C843AFBC32,오거폰 우물의 가면 ex,SAR,127/101,246358,23339,71772,9220,0.325,2.531,7.784,3.08,0.4,NONE,,0,,RAW_OVER_PSA9,KEEP_SCRYDEX,,KEEP,
CRD_5F8E8D482CEE40979BB4,후딘 ex,RR,075/190,156427,615,47965,,0.013,,,77.99,,NONE,,0,,RAW_STALE_LOW,KEEP_SCRYDEX,,LADDER_INFO_ONLY,
CRD_5F9A15D40E55413889CB,클레이돌,AR,090/083,776342,4732,89501,,0.053,,,18.91,,A_3M,12340,1,0.383,RAW_STALE_LOW;SNK_DIVERGENCE_LOW,REVIEW_SNK_THIN,,REVIEW_REPLACE,
CRD_5FB29A7CDA6A4F8698B4,요씽리스 VMAX,RRR,086/100,141383,1291,22503,,0.057,,,17.43,,NONE,,0,,RAW_STALE_LOW,KEEP_SCRYDEX,,LADDER_INFO_ONLY,
CRD_5FCF39B83D268FC86798,,,,,738,45528,12301,0.016,0.06,3.701,61.69,16.67,NO_MAP,,0,,RAW_STALE_LOW,KEEP_SCRYDEX,,LADDER_INFO_ONLY,
CRD_5FF7C03BB99345278E5E,에이스번 VMAX,RRR,017/070,145452,4072,45442,,0.09,,,11.16,,NONE,,0,,RAW_STALE_LOW,KEEP_SCRYDEX,,LADDER_INFO_ONLY,
CRD_5FFCA0AB3BF4438A8D41,뮤 VMAX,RRR,054/172,103054,9657,184398,43889,0.052,0.22,4.201,19.09,4.54,A_1M,23836,57,0.405,RAW_STALE_LOW;SNK_DIVERGENCE_LOW,REPLACE_WITH_SNK_A,,STRONG_REPLACE,
CRD_5FFCA95807BE4F5A9443,비리디온 GX,SR,061/060,334817,12200,45333,4587,0.269,2.66,9.883,3.72,0.38,NONE,,0,,RAW_OVER_PSA9,KEEP_SCRYDEX,,KEEP,
CRD_600E014CD3CD4A00BD0B,무한다이노 VMAX,RRR,065/100,145208,3303,36819,15290,0.09,0.216,2.408,11.15,4.63,NONE,,0,,RAW_STALE_LOW,KEEP_SCRYDEX,,LADDER_INFO_ONLY,
CRD_606F71558BA8468DA1FE,어써러셔,S,231/190,,1736,38210,6116,0.045,0.284,6.248,22.01,3.52,NO_MAP,,0,,RAW_STALE_LOW,KEEP_SCRYDEX,,LADDER_INFO_ONLY,
CRD_60994F0DC5F242CA928F,릴리에의 삐삐 ex,SR,115/100,505953,11662,74888,24419,0.156,0.478,3.067,6.42,2.09,A_1M,28310,12,0.412,SNK_DIVERGENCE_LOW,REPLACE_WITH_SNK_A,,STRONG_REPLACE,
CRD_60DCE63929FF4EDD9CEA,찬란한 가디안,K,027/071,,2504,66190,38147,0.038,0.066,1.735,26.43,15.23,NO_MAP,,0,,RAW_STALE_LOW,KEEP_SCRYDEX,,LADDER_INFO_ONLY,
CRD_60F01E549A5F4ED5BCAB,피카츄,PR,,104784,34709,208596,205392,0.166,0.169,1.016,6.01,5.92,A_1M,57798,84,0.601,RAW_STALE_LOW,REPLACE_WITH_SNK_A,,LADDER_INFO_ONLY,
CRD_6107CE7DBE884EAE9B22,보스의 지령(게치스),SR,092/073,116080,9910,47017,15305,0.211,0.648,3.072,4.74,1.54,A_1M,28500,4,0.348,SNK_DIVERGENCE_LOW,REVIEW_SNK_THIN,,REVIEW_REPLACE,
CRD_6136135AE22040079308,노보청 V,RR,040/071,137089,507,55412,,0.009,,,109.29,,NONE,,0,,RAW_STALE_LOW,KEEP_SCRYDEX,,LADDER_INFO_ONLY,
CRD_614DE1758C59451FBC92,라티아스 ex,RR,075/193,730119,553,50320,17668,0.011,0.031,2.848,90.99,31.95,NONE,,0,,RAW_STALE_LOW,KEEP_SCRYDEX,,LADDER_INFO_ONLY,
CRD_61DFC00AB69D4E0D953C,테라파고스 ex,RR,145/193,,384,45930,,0.008,,,119.61,,NO_MAP,,0,,RAW_STALE_LOW,KEEP_SCRYDEX,,LADDER_INFO_ONLY,
CRD_6208A844312F4FCEA6A1,인텔리레온 VMAX,RRR,023/070,145458,3257,30634,22336,0.106,0.146,1.372,9.41,6.86,NONE,,0,,RAW_STALE_LOW,KEEP_SCRYDEX,,LADDER_INFO_ONLY,
CRD_62132631CE684A58A336,킬가르도 V,RR,080/100,145032,1245,210949,24449,0.006,0.051,8.628,169.44,19.64,NONE,,0,,RAW_STALE_LOW,KEEP_SCRYDEX,,LADDER_INFO_ONLY,
CRD_62382B166E0840719246,오리진 펄기아 V,RR,027/172,103062,522,39602,10703,0.013,0.049,3.7,75.87,20.5,NONE,,0,,RAW_STALE_LOW,KEEP_SCRYDEX,,LADDER_INFO_ONLY,
CRD_624C4EA100C746ABB72D,스핀로토무,AR,213/193,730945,1859,55987,21317,0.033,0.087,2.626,30.12,11.47,A_1M,9500,2,0.196,RAW_STALE_LOW;SNK_DIVERGENCE_LOW,MAPPING_REVIEW,,MAPPING_REVIEW,Y
CRD_626420F611AD49BAA98D,우락고래 ex,RR,032/098,554343,399,25897,12201,0.015,0.033,2.123,64.9,30.58,NONE,,0,,RAW_STALE_LOW,KEEP_SCRYDEX,,LADDER_INFO_ONLY,
CRD_627474F7EF5F4BDB9549,리피아 VSTAR,SAR,210/172,103794,95216,158784,57483,0.6,1.656,2.762,1.67,0.6,A_1M,53200,26,1.79,RAW_OVER_PSA9,REPLACE_WITH_SNK_A,,KEEP,
CRD_6287A3AF49C442799402,메가썬더볼트 ex,SR,077/063,664089,2827,54830,23654,0.052,0.12,2.318,19.4,8.37,NONE,,0,,RAW_STALE_LOW,KEEP_SCRYDEX,,LADDER_INFO_ONLY,
CRD_62AFC6A6B1234F778316,비버통,AR,200/172,103126,4056,75648,20489,0.054,0.198,3.692,18.65,5.05,NONE,,0,,RAW_STALE_LOW,KEEP_SCRYDEX,,LADDER_INFO_ONLY,
CRD_62C30725144E4427BB77,전툴라 ex,RR,033/102,307285,538,41834,,0.013,,,77.76,,NONE,,0,,RAW_STALE_LOW,KEEP_SCRYDEX,,LADDER_INFO_ONLY,
CRD_62C8546C52084CE08D66,애버라스,AR,114/108,132259,3641,74404,19891,0.049,0.183,3.741,20.44,5.46,NONE,,0,,RAW_STALE_LOW,KEEP_SCRYDEX,,LADDER_INFO_ONLY,
CRD_62F7E63236364CB1A703,파오젠 ex,SAR,093/071,118634,59308,104634,44286,0.567,1.339,2.363,1.76,0.75,A_1M,41325,2,1.435,RAW_OVER_PSA9,REVIEW_SNK_THIN,,KEEP,
CRD_63013DACF91C4789A924,니아,SR,081/070,96693,23001,45779,59686,0.502,0.385,0.767,1.99,2.59,A_3M,22800,3,1.009,GRADED_INVERSION,REVIEW_SNK_THIN,,KEEP,
CRD_63141A82DE9B4DB48A54,보만다 ex,SR,119/100,506154,2458,57709,20998,0.043,0.117,2.748,23.48,8.54,NONE,,0,,RAW_STALE_LOW,KEEP_SCRYDEX,,LADDER_INFO_ONLY,
CRD_634203B063A54BAD8C11,괴력몬,HR,29/40,449075,40717,426795,110044,0.095,0.37,3.878,10.48,2.7,NONE,,0,,RAW_STALE_LOW,KEEP_SCRYDEX,,LADDER_INFO_ONLY,
CRD_63550D89E20048CA8259,뮤츠 VSTAR,RRR,031/071,137080,2658,107004,24006,0.025,0.111,4.457,40.26,9.03,A_1M,9500,10,0.28,RAW_STALE_LOW;SNK_DIVERGENCE_LOW,MAPPING_REVIEW,,MAPPING_REVIEW,Y
CRD_6399B03EC1A54922BB8C,들눈해,S,206/190,,1337,18929,7630,0.071,0.175,2.481,14.16,5.71,NO_MAP,,0,,RAW_STALE_LOW,KEEP_SCRYDEX,,LADDER_INFO_ONLY,
CRD_63C1890645A14E069576,텅비드 GX,SR,052/050,334919,26335,16827,,1.565,,,0.64,,NONE,,0,,RAW_OVER_PSA10,KEEP_SCRYDEX,,KEEP,
CRD_63C895F49C5A421D9548,따라큐 VMAX,RRR,077/184,141089,8220,132125,53703,0.062,0.153,2.46,16.07,6.53,A_1M,19000,9,0.433,RAW_STALE_LOW;SNK_DIVERGENCE_LOW,REPLACE_WITH_SNK_A,,STRONG_REPLACE,
CRD_63CF750F292B420E9045,두드리짱 ex,SAR,093/071,120746,71431,136638,22957,0.523,3.112,5.952,1.91,0.32,A_1M,36860,11,1.938,RAW_OVER_PSA9,REPLACE_WITH_SNK_A,,KEEP,
CRD_63D4879876974E509121,카디나르마 ex,RR,015/066,146980,492,23363,,0.021,,,47.49,,NONE,,0,,RAW_STALE_LOW,KEEP_SCRYDEX,,LADDER_INFO_ONLY,
CRD_63E87C95C4734C3FB480,드니꽁,S,234/190,,1736,39393,30068,0.044,0.058,1.31,22.69,17.32,NO_MAP,,0,,RAW_STALE_LOW,KEEP_SCRYDEX,,LADDER_INFO_ONLY,
CRD_63F5B0FD4B07476CB192,파오젠 ex,SR,085/071,120833,3503,56956,,0.062,,,16.26,,NONE,,0,,RAW_STALE_LOW,KEEP_SCRYDEX,,LADDER_INFO_ONLY,
CRD_640E8984CA144951984C,에테르재단 직원,SR,160/150,112769,35262,183467,16819,0.192,2.097,10.908,5.2,0.48,A_1M,23750,4,1.485,RAW_OVER_PSA9,REVIEW_SNK_THIN,,KEEP,
CRD_640F3D6A0BD2463986B1,우렁찬꼬리 ex,RR,353/742,204138,538,30367,22935,0.018,0.023,1.324,56.44,42.63,NONE,,0,,RAW_STALE_LOW,KEEP_SCRYDEX,,LADDER_INFO_ONLY,
CRD_64121CF918D94791A1DD,솔가레오 GX,RR,070/114,335919,3519,64172,17592,0.055,0.2,3.648,18.24,5.0,NONE,,0,,RAW_STALE_LOW,KEEP_SCRYDEX,,LADDER_INFO_ONLY,
CRD_6424F4FA8DB0409195E6,라프라스 ex,SR,117/102,325074,6223,75174,35198,0.083,0.177,2.136,12.08,5.66,NONE,,0,,RAW_STALE_LOW,KEEP_SCRYDEX,,LADDER_INFO_ONLY,
CRD_642D216663B14FD592ED,로켓단의 니드킹 ex,RR,063/098,564926,415,48535,33333,0.009,0.012,1.456,116.95,80.32,NONE,,0,,RAW_STALE_LOW,KEEP_SCRYDEX,,LADDER_INFO_ONLY,
CRD_6434F1BE098C4F98B481,보스의 지령(게치스),SAR,099/073,116084,25290,72583,18547,0.348,1.364,3.913,2.87,0.73,A_3M,36812,4,0.687,RAW_OVER_PSA9,REVIEW_SNK_THIN,,KEEP,
CRD_644AB314E2154B318313,블랙큐레무 EX,SR,062/059,405959,122918,3771725,291547,0.033,0.422,12.937,30.68,2.37,NONE,,0,,RAW_STALE_LOW,KEEP_SCRYDEX,,LADDER_INFO_ONLY,
CRD_64904033464E4C1DA53B,사구아로,SR,091/071,120744,1245,33883,28151,0.037,0.044,1.204,27.22,22.61,NONE,,0,,RAW_STALE_LOW,KEEP_SCRYDEX,,LADDER_INFO_ONLY,
CRD_649DBF44700540B8A098,콩알뚜기,AR,082/080,704377,2044,57842,8404,0.035,0.243,6.883,28.3,4.11,NONE,,0,,RAW_STALE_LOW,KEEP_SCRYDEX,,LADDER_INFO_ONLY,
CRD_64A023A4F1074382A6F7,매시붕 GX,SSR,228/150,112792,20420,274602,,0.074,,,13.45,,A_1M,9500,3,2.149,RAW_STALE_LOW;SNK_DIVERGENCE_HIGH,REVIEW_SNK_THIN,,REVIEW_REPLACE,Y
CRD_64AF5808BBFB437AAAD3,블래키&다크라이 GX,SR,182/173,93082,422532,3316723,419178,0.127,1.008,7.912,7.85,0.99,A_1M,2090000,4,0.202,SNK_DIVERGENCE_LOW,MAPPING_REVIEW,,MAPPING_REVIEW,
CRD_64D59B5F08A74343BAD0,피죤투 ex,SR,128/108,132273,2904,53057,,0.055,,,18.27,,NONE,,0,,RAW_STALE_LOW,KEEP_SCRYDEX,,LADDER_INFO_ONLY,
CRD_6601BE7A1DE143349FA6,히스이 포푸니크 V,RR,044/067,139558,860,46819,10703,0.018,0.08,4.374,54.44,12.45,NONE,,0,,RAW_STALE_LOW,KEEP_SCRYDEX,,LADDER_INFO_ONLY,
CRD_6607B77324F0417E8647,데덴네,S,250/190,,4179,64025,6116,0.065,0.683,10.468,15.32,1.46,NO_MAP,,0,,RAW_STALE_LOW,KEEP_SCRYDEX,,LADDER_INFO_ONLY,
CRD_667E09D4457B4159ACB6,비파,SR,090/071,183378,2889,51054,17129,0.057,0.169,2.981,17.67,5.93,NONE,,0,,RAW_STALE_LOW,KEEP_SCRYDEX,,LADDER_INFO_ONLY,
CRD_6692FF0A37A7473AAF6B,뮤 V,RR,039/100,141336,3603,138539,33394,0.026,0.108,4.149,38.45,9.27,A_1M,16150,14,0.223,RAW_STALE_LOW;SNK_DIVERGENCE_LOW,MAPPING_REVIEW,,MAPPING_REVIEW,
CRD_66963C0675B84ECAA1FA,마스터,SR,258/184,126528,1905,31697,9174,0.06,0.208,3.455,16.64,4.82,NONE,,0,,RAW_STALE_LOW,KEEP_SCRYDEX,,LADDER_INFO_ONLY,
CRD_66EF57E1FAC943AEA97D,렌트라,S,242/190,,4994,53994,17905,0.092,0.279,3.016,10.81,3.59,NO_MAP,,0,,RAW_STALE_LOW,KEEP_SCRYDEX,,LADDER_INFO_ONLY,
CRD_672B4D1A3B27458F9805,가디안 ex,SAR,101/078,109865,279931,386461,190868,0.724,1.467,2.025,1.38,0.68,A_1M,256500,11,1.091,RAW_OVER_PSA9,REPLACE_WITH_SNK_A,,KEEP,
CRD_67500D676E7A49D1928A,리카,SR,083/062,138231,6284,77200,25310,0.081,0.248,3.05,12.29,4.03,NONE,,0,,RAW_STALE_LOW,KEEP_SCRYDEX,,LADDER_INFO_ONLY,
CRD_6758A956D73C4F90BE9F,저지맨,SR,065/060,112821,12814,52011,,0.246,,,4.06,,A_1M,38000,2,0.337,SNK_DIVERGENCE_LOW,REVIEW_SNK_THIN,,REVIEW_REPLACE,
CRD_67A190424D479A4DA947,,,,,3795,51522,14956,0.074,0.254,3.445,13.58,3.94,NO_MAP,,0,,RAW_STALE_LOW,KEEP_SCRYDEX,,LADDER_INFO_ONLY,
CRD_67AC53C3B7C24162A902,오팔,HR,091/076,145142,3549,39755,,0.089,,,11.2,,NONE,,0,,RAW_STALE_LOW,KEEP_SCRYDEX,,LADDER_INFO_ONLY,
CRD_67BA3BC34CA2443FAB1C,리자몽 EX,RR,012/100,106315,105725,492534,86082,0.215,1.228,5.722,4.66,0.81,NONE,,0,,RAW_OVER_PSA9,KEEP_SCRYDEX,,KEEP,
CRD_67F29079C11444D7B0CA,킹드라 ex,RR,154/742,277227,307,32094,14694,0.01,0.021,2.184,104.54,47.86,NONE,,0,,RAW_STALE_LOW,KEEP_SCRYDEX,,LADDER_INFO_ONLY,
CRD_683F3F874CB848EF94C4,돌핀맨 ex,RR,046/187,434889,323,18348,15275,0.018,0.021,1.201,56.8,47.29,NONE,,0,,RAW_STALE_LOW,KEEP_SCRYDEX,,LADDER_INFO_ONLY,
CRD_684A3F96ECB64020B759,마그카르고 ex,SR,080/066,227630,1813,30659,,0.059,,,16.91,,NONE,,0,,RAW_STALE_LOW,KEEP_SCRYDEX,,LADDER_INFO_ONLY,
CRD_685FD3A30CD4473393DD,펄기아 GX,RR,045/066,,6422,132870,30580,0.048,0.21,4.345,20.69,4.76,NO_MAP,,0,,RAW_STALE_LOW,KEEP_SCRYDEX,,LADDER_INFO_ONLY,
CRD_68701C3E4E4942B29F01,킬가르도 VMAX,RRR,081/100,145033,2013,36768,,0.055,,,18.27,,NONE,,0,,RAW_STALE_LOW,KEEP_SCRYDEX,,LADDER_INFO_ONLY,
CRD_68750CA7D67B49579E22,히스이 붐볼 V,SR,078/071,139428,3196,60350,,0.053,,,18.88,,NONE,,0,,RAW_STALE_LOW,KEEP_SCRYDEX,,LADDER_INFO_ONLY,
CRD_6879A3B2FF474EFAABAA,위대한엄니 ex,SSR,330/190,160149,1045,42284,38226,0.025,0.027,1.106,40.46,36.58,NONE,,0,,RAW_STALE_LOW,KEEP_SCRYDEX,,LADDER_INFO_ONLY,
CRD_68ACF9F3119E4D75BABA,메가루차불 ex,RR,094/193,730138,461,47982,,0.01,,,104.08,,NONE,,0,,RAW_STALE_LOW,KEEP_SCRYDEX,,LADDER_INFO_ONLY,
CRD_68FF087ED5984A63BAE9,피카츄 ex,SR,122/106,395201,51933,279455,119022,0.186,0.436,2.348,5.38,2.29,A_1M,104975,39,0.495,SNK_DIVERGENCE_LOW,REPLACE_WITH_SNK_A,,STRONG_REPLACE,
CRD_6940E14A45E56ECEAE53,,,,,538,35534,4613,0.015,0.117,7.703,66.05,8.57,NO_MAP,,0,,RAW_STALE_LOW,KEEP_SCRYDEX,,LADDER_INFO_ONLY,
CRD_694BA62B745A4D1E9025,레시라무&리자몽 GX,SR,097/095,91286,691401,2808816,827854,0.246,0.835,3.393,4.06,1.2,A_3M,1401240,4,0.493,SNK_DIVERGENCE_LOW,REVIEW_SNK_THIN,,REVIEW_REPLACE,
CRD_69A3E53625B647AE962F,꿰뚫는화염 ex,RR,151/742,171997,492,38057,9174,0.013,0.054,4.148,77.35,18.65,NONE,,0,,RAW_STALE_LOW,KEEP_SCRYDEX,,LADDER_INFO_ONLY,
CRD_69B3F39FEAAD4175AFED,윤진,HR,091/068,95245,4809,53350,,0.09,,,11.09,,NONE,,0,,RAW_STALE_LOW,KEEP_SCRYDEX,,LADDER_INFO_ONLY,
CRD_69FF1CDC2254489A8E2D,쏘콘 ex,RR,005/071,117827,415,22331,,0.019,,,53.81,,NONE,,0,,RAW_STALE_LOW,KEEP_SCRYDEX,,LADDER_INFO_ONLY,
CRD_6A047CD751384F969D65,코터스 V,RR,006/060,113231,1767,30504,,0.058,,,17.26,,NONE,,0,,RAW_STALE_LOW,KEEP_SCRYDEX,,LADDER_INFO_ONLY,
CRD_6A23462E4F984F01BBC8,카디나르마,S,218/190,,3104,73482,29051,0.042,0.107,2.529,23.67,9.36,NO_MAP,,0,,RAW_STALE_LOW,KEEP_SCRYDEX,,LADDER_INFO_ONLY,
CRD_6A29DC1A64574E9A92BE,다태우지네 V,RR,027/190,144391,538,26299,33670,0.02,0.016,0.781,48.88,62.58,NONE,,0,,GRADED_INVERSION;RAW_STALE_LOW,KEEP_SCRYDEX,,KEEP,
CRD_6A49D65CBD7D467DA753,돌헨진 V,SR,064/060,145577,3073,38031,,0.081,,,12.38,,NONE,,0,,RAW_STALE_LOW,KEEP_SCRYDEX,,LADDER_INFO_ONLY,
CRD_6A5E3F53DC574562AB1C,히드런 EX플라스마단,SR,052/051,108783,76517,1684818,186971,0.045,0.409,9.011,22.02,2.44,NONE,,0,,RAW_STALE_LOW,KEEP_SCRYDEX,,LADDER_INFO_ONLY,
CRD_6A62F065A24240519E51,심향의 모험,SR,083/063,546114,3872,53846,15703,0.072,0.247,3.429,13.91,4.06,NONE,,0,,RAW_STALE_LOW,KEEP_SCRYDEX,,LADDER_INFO_ONLY,
CRD_6A64916CD6DF4E1C952E,이올브 V,CSR,214/184,128948,5885,61084,,0.096,,,10.38,,NONE,,0,,RAW_STALE_LOW,KEEP_SCRYDEX,,LADDER_INFO_ONLY,
CRD_6A84D927543336D14029,,,,,1475,45712,30741,0.032,0.048,1.487,30.99,20.84,NO_MAP,,0,,RAW_STALE_LOW,KEEP_SCRYDEX,,LADDER_INFO_ONLY,
CRD_6B3CFFBA30BE4DB79C74,N의 조로아크 ex,RR,470/742,485649,353,63852,13554,0.006,0.026,4.711,180.88,38.4,NONE,,0,,RAW_STALE_LOW,KEEP_SCRYDEX,,LADDER_INFO_ONLY,
CRD_6B452C1E25584A62B2AE,늑골라 GX,SM-P,179/SM-P,407848,3442,81048,23640,0.042,0.146,3.428,23.55,6.87,NONE,,0,,RAW_STALE_LOW,KEEP_SCRYDEX,,LADDER_INFO_ONLY,
CRD_6B4990C003EE4F5C95AF,해피너스 V,RR,334/414,141157,722,62675,20657,0.012,0.035,3.034,86.81,28.61,NONE,,0,,RAW_STALE_LOW,KEEP_SCRYDEX,,LADDER_INFO_ONLY,
CRD_6B76266004034ADFAFE2,후딘 EX,RR,040/171,389550,17316,214048,91726,0.081,0.189,2.334,12.36,5.3,NONE,,0,,RAW_STALE_LOW,KEEP_SCRYDEX,,LADDER_INFO_ONLY,
CRD_6B800B8A1D544DEB9436,이수재의 메인터넌스,SR,076/066,105338,38397,,22878,,1.678,,,0.6,NONE,,0,,RAW_OVER_PSA9,KEEP_SCRYDEX,,KEEP,
CRD_6BA5079A40E942659EB7,찬란한 루차불,K,043/067,,1475,33486,,0.044,,,22.7,,NO_MAP,,0,,RAW_STALE_LOW,KEEP_SCRYDEX,,LADDER_INFO_ONLY,
CRD_6BCC0F7F5E7F4991809F,들눈해,AR,080/078,110921,2965,62678,25290,0.047,0.117,2.478,21.14,8.53,NONE,,0,,RAW_STALE_LOW,KEEP_SCRYDEX,,LADDER_INFO_ONLY,
CRD_6C18665126FF426F9C2E,블래키 VMAX,CSR,245/184,96729,98396,409053,120640,0.241,0.816,3.391,4.16,1.23,A_1M,209000,23,0.471,SNK_DIVERGENCE_LOW,REPLACE_WITH_SNK_A,,STRONG_REPLACE,
CRD_6C47EADF71464DA6A684,샤로다 ex,RR,042/742,584780,384,103805,30580,0.004,0.013,3.395,270.33,79.64,NONE,,0,,RAW_STALE_LOW,KEEP_SCRYDEX,,LADDER_INFO_ONLY,
CRD_6C48D7D464D0402B9F7D,뮤 ex,UR,208/165,128124,64394,392347,89545,0.164,0.719,4.382,6.09,1.39,A_1M,168625,49,0.382,SNK_DIVERGENCE_LOW,REPLACE_WITH_SNK_A,,STRONG_REPLACE,
CRD_6C5AB36AD8294729A03E,고동치는달 ex,SR,084/066,151712,4702,76137,22906,0.062,0.205,3.324,16.19,4.87,NONE,,0,,RAW_STALE_LOW,KEEP_SCRYDEX,,LADDER_INFO_ONLY,
CRD_6CD688020940471E9BED,메가루카리오 ex,RR,029/063,628159,584,52076,19113,0.011,0.031,2.725,89.17,32.73,NONE,,0,,RAW_STALE_LOW,KEEP_SCRYDEX,,LADDER_INFO_ONLY,
CRD_6CF9150210054C398987,배우르 V,SSR,325/190,144786,3088,52170,15290,0.059,0.202,3.412,16.89,4.95,NONE,,0,,RAW_STALE_LOW,KEEP_SCRYDEX,,LADDER_INFO_ONLY,
CRD_6D1BC2DD10F54AB98A56,알로라 식스테일 VSTAR,HR,087/068,95244,31068,97857,22957,0.317,1.353,4.263,3.15,0.74,A_1M,22800,3,1.363,RAW_OVER_PSA9,REVIEW_SNK_THIN,,KEEP,
CRD_6D78C3030D7942CB9EF0,레쿠쟈 EX,RR,104/171,382167,32097,701561,111507,0.046,0.288,6.292,21.86,3.47,NONE,,0,,RAW_STALE_LOW,KEEP_SCRYDEX,,LADDER_INFO_ONLY,
CRD_6D79DA4384654ADFAD71,무쇠감투 ex,SR,086/071,186448,2151,44702,12232,0.048,0.176,3.655,20.78,5.69,NONE,,0,,RAW_STALE_LOW,KEEP_SCRYDEX,,LADDER_INFO_ONLY,
CRD_6D7A01D810164EB8B111,흑마 버드렉스 V,RR,036/070,141900,937,34403,,0.027,,,36.72,,NONE,,0,,RAW_STALE_LOW,KEEP_SCRYDEX,,LADDER_INFO_ONLY,
CRD_6D8F9AF9CC2D47D0ABE5,눈설왕,CHR,185/184,126697,2489,54433,24770,0.046,0.1,2.198,21.87,9.95,A_1M,9500,2,0.262,RAW_STALE_LOW;SNK_DIVERGENCE_LOW,MAPPING_REVIEW,,MAPPING_REVIEW,Y
CRD_6DDDEA43AA7647C5BA28,난천,SR,153/150,91296,288259,600862,231295,0.48,1.246,2.598,2.08,0.8,A_3M,380000,1,0.759,RAW_OVER_PSA9,REVIEW_SNK_THIN,,KEEP,
CRD_6DDE5C3825A04030BEC6,에브이GX,RR,024/060,106192,17531,194079,31330,0.09,0.56,6.195,11.07,1.79,A_1M,80750,2,0.217,RAW_STALE_LOW;SNK_DIVERGENCE_LOW,MAPPING_REVIEW,,MAPPING_REVIEW,
CRD_6DE3AEC9CE8C40398C7C,데인차,S,251/190,,1798,44637,,0.04,,,24.83,,NO_MAP,,0,,RAW_STALE_LOW,KEEP_SCRYDEX,,LADDER_INFO_ONLY,
CRD_6E0CFA01EAA84472A5AAA69BE95C2DA8,뮤 VMAX,HR,119/100,93016,459223,2260613,428019,0.203,1.073,5.282,4.92,0.93,A_1M,1710000,9,0.269,SNK_DIVERGENCE_LOW,MAPPING_REVIEW,,MAPPING_REVIEW,
CRD_6E2A7F9E1B124081A497,메가무장조 ex,SR,099/080,753266,6730,98432,45871,0.068,0.147,2.146,14.63,6.82,A_3M,9500,1,0.708,RAW_STALE_LOW,REVIEW_SNK_THIN,,LADDER_INFO_ONLY,Y
CRD_6E30EACB936041E98A01,조로아크 BREAK,RR,075/171,389915,7467,157413,,0.047,,,21.08,,NONE,,0,,RAW_STALE_LOW,KEEP_SCRYDEX,,LADDER_INFO_ONLY,
CRD_6E6230DEBE1C4DBF815D,버프론 ex,SR,164/086,608602,1306,49181,,0.027,,,37.66,,NONE,,0,,RAW_STALE_LOW,KEEP_SCRYDEX,,LADDER_INFO_ONLY,
CRD_6E69415874774031B60E,마폭시 BREAK,RR,012/078,389529,23047,458706,,0.05,,,19.9,,NONE,,0,,RAW_STALE_LOW,KEEP_SCRYDEX,,LADDER_INFO_ONLY,
CRD_6E6A642B52D441B786B7,뷰티플라이,AR,194/193,731012,3726,62774,22195,0.059,0.168,2.828,16.85,5.96,A_1M,9500,1,0.392,RAW_STALE_LOW;SNK_DIVERGENCE_LOW,REVIEW_SNK_THIN,,REVIEW_REPLACE,Y
CRD_6E77943864C749F5B25A,메가디안시 ex,MA,227/193,730950,8789,84402,44646,0.104,0.197,1.89,9.6,5.08,A_1M,14250,22,0.617,RAW_STALE_LOW,REPLACE_WITH_SNK_A,,LADDER_INFO_ONLY,
CRD_6E9405D59DA14754A6EE,킬가르도 ex,SR,082/066,152770,2366,64310,,0.037,,,27.18,,NONE,,0,,RAW_STALE_LOW,KEEP_SCRYDEX,,LADDER_INFO_ONLY,
CRD_6EA72CB24D6C419B8BC1,두송,SR,109/100,102303,22648,32514,12232,0.697,1.852,2.658,1.44,0.54,NONE,,0,,RAW_OVER_PSA9,KEEP_SCRYDEX,,KEEP,
CRD_6F2AFDBF9FDB47CB93E4,인텔리레온 V,SR,073/070,145508,10725,121274,,0.088,,,11.31,,NONE,,0,,RAW_STALE_LOW,KEEP_SCRYDEX,,LADDER_INFO_ONLY,
CRD_6F30F6948BD54C099B7B,남나리의 도움,SR,196/165,128114,2827,61069,9945,0.046,0.284,6.141,21.6,3.52,A_1M,18990,7,0.149,RAW_STALE_LOW;SNK_DIVERGENCE_LOW,MAPPING_REVIEW,,MAPPING_REVIEW,
CRD_6F764A195E6E4FF8BE8B,프테라 GX,RR,045/094,321556,2197,66884,32024,0.033,0.069,2.089,30.44,14.58,NONE,,0,,RAW_STALE_LOW,KEEP_SCRYDEX,,LADDER_INFO_ONLY,
CRD_6FA0D89A1693401DB8FB,연격 우라오스 V,CSR,240/184,141275,6607,65366,45794,0.101,0.144,1.427,9.89,6.93,A_3M,17575,1,0.376,RAW_STALE_LOW;SNK_DIVERGENCE_LOW,REVIEW_SNK_THIN,,REVIEW_REPLACE,
CRD_6FBE2AD113B74C719B5B,오르티가,SR,131/108,132275,2274,39883,22675,0.057,0.1,1.759,17.54,9.97,NONE,,0,,RAW_STALE_LOW,KEEP_SCRYDEX,,LADDER_INFO_ONLY,
CRD_6FC1CB0DAF0D475BAF64,독침붕 V,RR,001/067,139515,1352,61161,,0.022,,,45.24,,NONE,,0,,RAW_STALE_LOW,KEEP_SCRYDEX,,LADDER_INFO_ONLY,
CRD_6FC66FFBF4F043FF9348,난천의 한카리아스 ex,SR,080/063,541529,6469,72628,21786,0.089,0.297,3.334,11.23,3.37,A_3M,19000,2,0.34,RAW_STALE_LOW;SNK_DIVERGENCE_LOW,REVIEW_SNK_THIN,,REVIEW_REPLACE,
CRD_70232D25A67C4C04A915,웨이니발 ex,RR,043/190,151724,476,39479,,0.012,,,82.94,,NONE,,0,,RAW_STALE_LOW,KEEP_SCRYDEX,,LADDER_INFO_ONLY,
CRD_704B8C245A2D48CFA157,제라오라 V,RR,054/184,141059,568,53577,11468,0.011,0.05,4.672,94.33,20.19,NONE,,0,,RAW_STALE_LOW,KEEP_SCRYDEX,,LADDER_INFO_ONLY,
CRD_7069D05844E74942ADE8,얼음귀신 EX,SR,060/059,107361,15365,,91495,,0.168,,,5.95,NONE,,0,,RAW_STALE_LOW,KEEP_SCRYDEX,,LADDER_INFO_ONLY,
CRD_7073512FE78844239956,다투곰 붉은 달 ex,SAR,091/066,204149,52348,115863,33012,0.452,1.586,3.51,2.21,0.63,A_1M,34105,2,1.535,RAW_OVER_PSA9,REVIEW_SNK_THIN,,KEEP,
CRD_7084B05629B04BBEA2F3,입치트 GX,SR,058/054,393119,15995,76558,6116,0.209,2.615,12.518,4.79,0.38,NONE,,0,,RAW_OVER_PSA9,KEEP_SCRYDEX,,KEEP,
CRD_7086E1BDC9604B90A351,망망이,S,274/190,,1414,31581,9174,0.045,0.154,3.442,22.33,6.49,NO_MAP,,0,,RAW_STALE_LOW,KEEP_SCRYDEX,,LADDER_INFO_ONLY,
CRD_70A1CFED68464E399860,루가루암 GX,SSR,227/150,112791,32251,153061,38269,0.211,0.843,4.0,4.75,1.19,A_1M,14250,1,2.263,SNK_DIVERGENCE_HIGH,REVIEW_SNK_THIN,,REVIEW_REPLACE,
CRD_70BA4386D40400E2AC36,,,,,1460,33000,,0.044,,,22.6,,NO_MAP,,0,,RAW_STALE_LOW,KEEP_SCRYDEX,,LADDER_INFO_ONLY,
CRD_70BF01A370254FDF84AA,엘풍 V,RR,049/100,139792,860,214063,,0.004,,,248.91,,NONE,,0,,RAW_STALE_LOW,KEEP_SCRYDEX,,LADDER_INFO_ONLY,
CRD_70C03F70940E4AFD89F7,삼삼드래 EX,RR,050/078,382144,8435,114227,23655,0.074,0.357,4.829,13.54,2.8,NONE,,0,,RAW_STALE_LOW,KEEP_SCRYDEX,,LADDER_INFO_ONLY,
CRD_70DBE52BB8F949A2A864,오거폰 주춧돌의 가면 ex,RR,428/742,466387,384,34189,,0.011,,,89.03,,NONE,,0,,RAW_STALE_LOW,KEEP_SCRYDEX,,LADDER_INFO_ONLY,
CRD_70F0C4F7265945BF97DE,리자몽 ex,RR,115/190,151730,4717,88645,23800,0.053,0.198,3.725,18.79,5.05,A_3M,9500,2,0.497,RAW_STALE_LOW;SNK_DIVERGENCE_LOW,REVIEW_SNK_THIN,,REVIEW_REPLACE,Y
CRD_711241AAC3CB4EFB8F22,리파,SR,086/066,150013,6714,62078,43173,0.108,0.156,1.438,9.25,6.43,NONE,,0,,RAW_STALE_LOW,KEEP_SCRYDEX,,LADDER_INFO_ONLY,
CRD_7115A416A282440CAC93,고동치는달 ex,UR,093/066,152791,12061,81586,26330,0.148,0.458,3.099,6.76,2.18,A_3M,27075,2,0.445,SNK_DIVERGENCE_LOW,REVIEW_SNK_THIN,,REVIEW_REPLACE,
CRD_71205B71BAD34A2C85BD,유카리,SR,106/080,753271,8758,107031,43498,0.082,0.201,2.461,12.22,4.97,A_1M,9500,4,0.922,RAW_STALE_LOW,REVIEW_SNK_THIN,,LADDER_INFO_ONLY,Y
CRD_71B943080D4E4023A1B4,피카츄 ex,UR,136/106,418755,89039,489768,122040,0.182,0.73,4.013,5.5,1.37,A_1M,285000,25,0.312,SNK_DIVERGENCE_LOW,MAPPING_REVIEW,,MAPPING_REVIEW,
CRD_721C06FA7E914D659B80,크로뱃 V,RR,099/184,141122,599,61146,18348,0.01,0.033,3.333,102.08,30.63,NONE,,0,,RAW_STALE_LOW,KEEP_SCRYDEX,,LADDER_INFO_ONLY,
CRD_7258B944611440859FD1,입치트 VSTAR,RRR,040/068,95251,1091,48776,,0.022,,,44.71,,NONE,,0,,RAW_STALE_LOW,KEEP_SCRYDEX,,LADDER_INFO_ONLY,
CRD_725B42F08E65463899B9,나인테일 ex,SR,188/165,128104,7160,74215,30211,0.096,0.237,2.457,10.37,4.22,A_1M,14250,7,0.502,RAW_STALE_LOW,REPLACE_WITH_SNK_A,,LADDER_INFO_ONLY,
CRD_7269FACD98284466BD3F,부스터 V,SR,072/069,96553,15687,81626,34924,0.192,0.449,2.337,5.2,2.23,A_3M,39425,4,0.398,SNK_DIVERGENCE_LOW,REVIEW_SNK_THIN,,REVIEW_REPLACE,
CRD_7283A07A9E7242E69F1F,다태우지네 VMAX,RRR,023/184,141011,814,49265,10703,0.017,0.076,4.603,60.52,13.15,NONE,,0,,RAW_STALE_LOW,KEEP_SCRYDEX,,LADDER_INFO_ONLY,
CRD_72D59C5B494A40E7BB6B,페로코체 GX,SR,115/114,335962,5639,93270,,0.06,,,16.54,,NONE,,0,,RAW_STALE_LOW,KEEP_SCRYDEX,,LADDER_INFO_ONLY,
CRD_73060B256D5B47E6A823,볼트로스 EX,SR,079/078,107424,23047,361908,76243,0.064,0.302,4.747,15.7,3.31,NONE,,0,,RAW_STALE_LOW,KEEP_SCRYDEX,,LADDER_INFO_ONLY,
CRD_730805FC07034C0DB994,루기아 EX플라스마단,SR,074/070,406357,384120,4678394,3090097,0.082,0.124,1.514,12.18,8.04,NONE,,0,,RAW_STALE_LOW,KEEP_SCRYDEX,,LADDER_INFO_ONLY,
CRD_7316D576A7F66A4CB338,,,,,3242,56022,15586,0.058,0.208,3.594,17.28,4.81,NO_MAP,,0,,RAW_STALE_LOW,KEEP_SCRYDEX,,LADDER_INFO_ONLY,
CRD_7341FC41F0D143948B61,잠만보 GX,SM-P,017/SM-P,403322,15926,175732,40326,0.091,0.395,4.358,11.03,2.53,A_1M,22800,7,0.699,RAW_STALE_LOW,REPLACE_WITH_SNK_A,,LADDER_INFO_ONLY,
CRD_734D08C448CA482595A4,구구,AR,118/108,132263,7452,86444,44243,0.086,0.168,1.954,11.6,5.94,A_1M,9500,4,0.784,RAW_STALE_LOW,REVIEW_SNK_THIN,,LADDER_INFO_ONLY,Y
CRD_738510ECA688475BA724,후딘,AR,071/063,645380,7452,75292,24923,0.099,0.299,3.021,10.1,3.34,A_1M,9500,5,0.784,RAW_STALE_LOW,REPLACE_WITH_SNK_A,,LADDER_INFO_ONLY,Y
CRD_7397558D5108401EB78D,M헤라크로스 EX,RR,005/096,390220,38397,508523,,0.076,,,13.24,,NONE,,0,,RAW_STALE_LOW,KEEP_SCRYDEX,,LADDER_INFO_ONLY,
CRD_73BF8E71FFB94618AEB0,무한다이노 V,RR,109/184,,676,41888,,0.016,,,61.96,,NO_MAP,,0,,RAW_STALE_LOW,KEEP_SCRYDEX,,LADDER_INFO_ONLY,
CRD_73CA21A2A3EB47D1AF95,뮤츠&뮤 GX,SR,097/094,104593,114652,1260032,104926,0.091,1.093,12.009,10.99,0.92,A_1M,359100,19,0.319,RAW_STALE_LOW;SNK_DIVERGENCE_LOW,MAPPING_REVIEW,,MAPPING_REVIEW,
CRD_73D90A06E6DB40DDAA41,드래펄트 ex,SR,120/101,256072,7775,78504,,0.099,,,10.1,,NONE,,0,,RAW_STALE_LOW,KEEP_SCRYDEX,,LADDER_INFO_ONLY,
CRD_73E5E12743E44600A13C,엘레이드 V,RR,040/071,139375,845,34755,9174,0.024,0.092,3.788,41.13,10.86,NONE,,0,,RAW_STALE_LOW,KEEP_SCRYDEX,,LADDER_INFO_ONLY,
CRD_73E84D59CC8E4A4CA6FD,레드&그린,SR,107/095,104563,175758,332207,136710,0.529,1.286,2.43,1.89,0.78,NONE,,0,,RAW_OVER_PSA9,KEEP_SCRYDEX,,KEEP,
CRD_73F42BA51E1C4FD4A7B7,불카모스 GX,RR,013/095,339598,3641,101620,51540,0.036,0.071,1.972,27.91,14.16,NONE,,0,,RAW_STALE_LOW,KEEP_SCRYDEX,,LADDER_INFO_ONLY,
CRD_74E51DCCF8D24ADBA306,갸라도스 ex,SR,091/078,110942,11093,97539,43757,0.114,0.254,2.229,8.79,3.94,A_3M,22372,4,0.496,SNK_DIVERGENCE_LOW,REVIEW_SNK_THIN,,REVIEW_REPLACE,
CRD_7557F5D3856F4AB8BAA7,괴력몬 V,RR,032/067,139472,1091,67421,24434,0.016,0.045,2.759,61.8,22.4,NONE,,0,,RAW_STALE_LOW,KEEP_SCRYDEX,,LADDER_INFO_ONLY,
CRD_75B006ABADD148E0A5BB,가디안 GX,SR,055/051,105488,72138,266722,16819,0.27,4.289,15.858,3.7,0.23,A_3M,95000,1,0.759,RAW_OVER_PSA9,REVIEW_SNK_THIN,,KEEP,
CRD_75B112D50ACB4C48BD78,세이지,SAR,097/071,186453,16041,40125,44586,0.4,0.36,0.9,2.5,2.78,A_3M,17566,2,0.913,GRADED_INVERSION,REVIEW_SNK_THIN,,KEEP,
CRD_75B6983BC68F478F89E9,일레즌,S,240/190,,3350,30519,17492,0.11,0.192,1.745,9.11,5.22,NO_MAP,,0,,RAW_STALE_LOW,KEEP_SCRYDEX,,LADDER_INFO_ONLY,
CRD_75D9086E863C4AA6A733,드래런치,AR,212/193,724995,2474,56128,20478,0.044,0.121,2.741,22.69,8.28,A_3M,9500,1,0.26,RAW_STALE_LOW;SNK_DIVERGENCE_LOW,MAPPING_REVIEW,,MAPPING_REVIEW,Y
CRD_75EF99D62A3D4947A330,루나아라 GX,RR,049/114,335899,8712,147627,19877,0.059,0.438,7.427,16.95,2.28,NONE,,0,,RAW_STALE_LOW,KEEP_SCRYDEX,,LADDER_INFO_ONLY,
CRD_761714141AFD427DA3EC,피카츄 V,SR,104/100,101654,65608,589037,420286,0.111,0.156,1.402,8.98,6.41,A_1M,285000,23,0.23,RAW_STALE_LOW;SNK_DIVERGENCE_LOW,MAPPING_REVIEW,,MAPPING_REVIEW,
CRD_761F112811784F3C9B5A,제빈,SR,086/064,379012,1583,45427,68791,0.035,0.023,0.66,28.7,43.46,NONE,,0,,GRADED_INVERSION;RAW_STALE_LOW,KEEP_SCRYDEX,,KEEP,
CRD_76493C10952F4FC896FF,케르디오 GX,RR,019/054,,1936,70412,,0.027,,,36.37,,NO_MAP,,0,,RAW_STALE_LOW,KEEP_SCRYDEX,,LADDER_INFO_ONLY,
CRD_7666E22ADA2D4444AB42,메가이어롭&푸린 GX,SR,104/095,127037,239322,484378,180914,0.494,1.323,2.677,2.02,0.76,NONE,,0,,RAW_OVER_PSA9,KEEP_SCRYDEX,,KEEP,
CRD_768441CE9EA84982800D,솜솜코,S,197/190,,3027,46406,,0.065,,,15.33,,NO_MAP,,0,,RAW_STALE_LOW,KEEP_SCRYDEX,,LADDER_INFO_ONLY,
CRD_768F67D90A2142609676,명희의 격려,SR,105/080,753270,17792,274887,,0.065,,,15.45,,A_1M,22800,52,0.78,RAW_STALE_LOW,REPLACE_WITH_SNK_A,,LADDER_INFO_ONLY,
CRD_76AE8067C83542EF95BB,꿰뚫는화염 ex,UR,098/071,186438,10202,66176,19973,0.154,0.511,3.313,6.49,1.96,A_3M,28500,3,0.358,SNK_DIVERGENCE_LOW,REVIEW_SNK_THIN,,REVIEW_REPLACE,
CRD_76E040037E814AEF841B,벼리짱,S,272/190,,2489,48415,15978,0.051,0.156,3.03,19.45,6.42,NO_MAP,,0,,RAW_STALE_LOW,KEEP_SCRYDEX,,LADDER_INFO_ONLY,
CRD_77207234896E4180A67D,때때무노,AR,072/064,383044,4778,70814,20336,0.067,0.235,3.482,14.82,4.26,NONE,,0,,RAW_STALE_LOW,KEEP_SCRYDEX,,LADDER_INFO_ONLY,
CRD_773316D488304D578A1D,민진의 헤아림,SR,084/063,664123,1782,34777,22354,0.051,0.08,1.556,19.52,12.54,A_3M,9500,1,0.188,RAW_STALE_LOW;SNK_DIVERGENCE_LOW,MAPPING_REVIEW,,MAPPING_REVIEW,Y
CRD_7752DD5232086D6A4146,,,,,4287,42914,1538,0.1,2.787,27.902,10.01,0.36,NO_MAP,,0,,RAW_OVER_PSA9;RAW_STALE_LOW,KEEP_SCRYDEX,,KEEP,
CRD_77BD7E23B3354084B0C9,포트데스,S,252/190,,2074,61146,,0.034,,,29.48,,NO_MAP,,0,,RAW_STALE_LOW,KEEP_SCRYDEX,,LADDER_INFO_ONLY,
CRD_782CB6FCC2EE442F9402,마휘핑 V,RR,031/076,145092,1198,51268,,0.023,,,42.79,,NONE,,0,,RAW_STALE_LOW,KEEP_SCRYDEX,,LADDER_INFO_ONLY,
CRD_78BC0A0FADB34F7CAADD,폭타 EX,RR,012/171,381542,4594,80683,9807,0.057,0.468,8.227,17.56,2.13,NONE,,0,,RAW_STALE_LOW,KEEP_SCRYDEX,,LADDER_INFO_ONLY,
CRD_78C8EBD5445449F38745,자포코일 VSTAR,HR,090/071,139433,8205,46390,55458,0.177,0.148,0.836,5.65,6.76,A_3M,13300,1,0.617,GRADED_INVERSION;RAW_STALE_LOW,REVIEW_SNK_THIN,,KEEP,
CRD_78E696D892A1480CB471,에몽가 EX,RR,023/060,379835,10725,126221,25229,0.085,0.425,5.003,11.77,2.35,NONE,,0,,RAW_STALE_LOW,KEEP_SCRYDEX,,LADDER_INFO_ONLY,
CRD_791572148F7B4CA19F63,누니머기,AR,073/071,184100,6300,69416,22186,0.091,0.284,3.129,11.02,3.52,NONE,,0,,RAW_STALE_LOW,KEEP_SCRYDEX,,LADDER_INFO_ONLY,
CRD_79249DEC98634364B4D5,시유,SR,122/101,251918,11308,63485,18318,0.178,0.617,3.466,5.61,1.62,A_3M,26885,4,0.421,SNK_DIVERGENCE_LOW,REVIEW_SNK_THIN,,REVIEW_REPLACE,
CRD_798B992F69334701BDF2,단단지 GX,RR,013/095,335080,6361,126236,6498,0.05,0.979,19.427,19.85,1.02,NONE,,0,,RAW_STALE_LOW,KEEP_SCRYDEX,,LADDER_INFO_ONLY,
CRD_798D0C5E75B145E48C52,이벨타르 EX,RR,079/131,379863,8927,93545,,0.095,,,10.48,,NONE,,0,,RAW_STALE_LOW,KEEP_SCRYDEX,,LADDER_INFO_ONLY,
CRD_79944D97ECE040D19022,메가자리 ex,RR,003/193,730049,307,28461,,0.011,,,92.71,,NONE,,0,,RAW_STALE_LOW,KEEP_SCRYDEX,,LADDER_INFO_ONLY,
CRD_79B0B8C088454C1EB451,대로트 EX,RR,011/070,381521,5746,61600,,0.093,,,10.72,,NONE,,0,,RAW_STALE_LOW,KEEP_SCRYDEX,,LADDER_INFO_ONLY,
CRD_79C908702D7C4C89A247,그우린차 ex,SR,079/066,227629,2044,27828,12232,0.073,0.167,2.275,13.61,5.98,NONE,,0,,RAW_STALE_LOW,KEEP_SCRYDEX,,LADDER_INFO_ONLY,
CRD_79FBECF1B0704D588D61,제르네아스,AR,089/083,776341,12630,297185,99840,0.042,0.127,2.977,23.53,7.9,A_1M,18050,14,0.7,RAW_STALE_LOW,REPLACE_WITH_SNK_A,,LADDER_INFO_ONLY,
CRD_7A1CEB09D1B58CFDD57B,,,,,1367,63041,,0.022,,,46.12,,NO_MAP,,0,,RAW_STALE_LOW,KEEP_SCRYDEX,,LADDER_INFO_ONLY,
CRD_7A36346C7D944650B5E6,윽우지,S,229/190,,2673,47507,12232,0.056,0.219,3.884,17.77,4.58,NO_MAP,,0,,RAW_STALE_LOW,KEEP_SCRYDEX,,LADDER_INFO_ONLY,
CRD_7A54C2FA809B4E9699FD,몰드류 ex,SR,163/086,608529,1122,46605,14908,0.024,0.075,3.126,41.54,13.29,NONE,,0,,RAW_STALE_LOW,KEEP_SCRYDEX,,LADDER_INFO_ONLY,
CRD_7A64F020EDC04ED89C1D,다탱구,AR,072/071,180200,4379,58894,26372,0.074,0.166,2.233,13.45,6.02,NONE,,0,,RAW_STALE_LOW,KEEP_SCRYDEX,,LADDER_INFO_ONLY,
CRD_7A7850AA59504787B71D,스타단의 조무래기,SR,099/078,110946,3319,45657,19831,0.073,0.167,2.302,13.76,5.97,NONE,,0,,RAW_STALE_LOW,KEEP_SCRYDEX,,LADDER_INFO_ONLY,
CRD_7A7B7FE3D8DA4848943D,핫삼 GX,SSR,233/150,112796,60568,219105,39962,0.276,1.516,5.483,3.62,0.66,A_3M,71250,1,0.85,RAW_OVER_PSA9,REVIEW_SNK_THIN,,KEEP,
CRD_7A88D55AC936FE0D18E4,,,,,1152,100282,39977,0.011,0.029,2.508,87.05,34.7,NO_MAP,,0,,RAW_STALE_LOW,KEEP_SCRYDEX,,LADDER_INFO_ONLY,
CRD_7B22D01FE0474BF9AF2E,찬란한 이상해꽃,K,004/071,,10294,112164,39288,0.092,0.262,2.855,10.9,3.82,NO_MAP,,0,,RAW_STALE_LOW,KEEP_SCRYDEX,,LADDER_INFO_ONLY,
CRD_7B28676DCCDC4062B984,위대한엄니 ex,RR,049/078,108327,446,24495,,0.018,,,54.92,,NONE,,0,,RAW_STALE_LOW,KEEP_SCRYDEX,,LADDER_INFO_ONLY,
CRD_7B317B9E170247469F62,딩루 ex,SR,088/071,120742,1813,39479,,0.046,,,21.78,,NONE,,0,,RAW_STALE_LOW,KEEP_SCRYDEX,,LADDER_INFO_ONLY,
CRD_7B7C4F93D58F45928675,백솜모카 V,RR,016/190,144375,615,19927,,0.031,,,32.4,,NONE,,0,,RAW_STALE_LOW,KEEP_SCRYDEX,,LADDER_INFO_ONLY,
CRD_7BB063F505DD4DC096EB,유니란,AR,123/086,608493,30545,129502,24423,0.236,1.251,5.302,4.24,0.8,NONE,,0,,RAW_OVER_PSA9,KEEP_SCRYDEX,,KEEP,
CRD_7BB12D81EF244F06890A,푸호꼬,AR,085/083,776338,7083,151275,30126,0.047,0.235,5.021,21.36,4.25,A_1M,11400,11,0.621,RAW_STALE_LOW,REPLACE_WITH_SNK_A,,LADDER_INFO_ONLY,
CRD_7BD33C57DE2641AAA1CE,통통코,S,195/190,,2289,49126,,0.047,,,21.46,,NO_MAP,,0,,RAW_STALE_LOW,KEEP_SCRYDEX,,LADDER_INFO_ONLY,
CRD_7C055CB02C3D4C798554,흉내내기 피카츄,PR,407/SM-P,127035,343833,1657435,582776,0.207,0.59,2.844,4.82,1.69,A_1M,705366,9,0.487,SNK_DIVERGENCE_LOW,REPLACE_WITH_SNK_A,,STRONG_REPLACE,
CRD_7C280FA0405542028F83,뮤 VMAX,UR,280/184,96733,54729,477574,28608,0.115,1.913,16.694,8.73,0.52,A_1M,274550,24,0.199,RAW_OVER_PSA9;SNK_DIVERGENCE_LOW,MAPPING_REVIEW,,MAPPING_REVIEW,
CRD_7C49D1616BA447F592B1,가라르 파이어 V,RR,254/414,144005,1198,425113,,0.003,,,354.85,,NONE,,0,,RAW_STALE_LOW,KEEP_SCRYDEX,,LADDER_INFO_ONLY,
CRD_7C8402F1390C43ABA777,갑주무사 ex,SAR,088/066,146988,40164,113732,18929,0.353,2.122,6.008,2.83,0.47,A_1M,24130,3,1.664,RAW_OVER_PSA9,REVIEW_SNK_THIN,,KEEP,
CRD_7C85BF18CA654083A203,조타구 ex,SR,079/064,284955,1613,43507,18325,0.037,0.088,2.374,26.97,11.36,NONE,,0,,RAW_STALE_LOW,KEEP_SCRYDEX,,LADDER_INFO_ONLY,
CRD_7C977A54E4F7492996C5,엘레이드 EX,SR,080/078,107423,59154,289612,32140,0.204,1.841,9.011,4.9,0.54,NONE,,0,,RAW_OVER_PSA9,KEEP_SCRYDEX,,KEEP,
CRD_7C97C49AAB974ED1A3A3,모야모의 찌리배리 ex,SAR,236/193,730957,72676,174251,55458,0.417,1.31,3.142,2.4,0.76,A_1M,47500,58,1.53,RAW_OVER_PSA9,REPLACE_WITH_SNK_A,,KEEP,
CRD_7CB1EBD45B814997B7C0,레지기가스,HR,35/40,449130,23815,919874,144142,0.026,0.165,6.382,38.63,6.05,NONE,,0,,RAW_STALE_LOW,KEEP_SCRYDEX,,LADDER_INFO_ONLY,
CRD_7CB42882DB184472A73A,가라르 마임맨,S,219/190,,2489,27611,,0.09,,,11.09,,NO_MAP,,0,,RAW_STALE_LOW,KEEP_SCRYDEX,,LADDER_INFO_ONLY,
CRD_7CB68EF6CB184B0FB066,흑마 버드렉스 V,RR,082/184,141097,907,29204,,0.031,,,32.2,,NONE,,0,,RAW_STALE_LOW,KEEP_SCRYDEX,,LADDER_INFO_ONLY,
CRD_7CBE310A1C2F411F889F,탐험가의 선도,SR,092/071,186435,1414,40825,15290,0.035,0.092,2.67,28.87,10.81,NONE,,0,,RAW_STALE_LOW,KEEP_SCRYDEX,,LADDER_INFO_ONLY,
CRD_7CC5297071A246E0B3DB,캥카 ex,SR,192/165,128108,3657,92462,15477,0.04,0.236,5.974,25.28,4.23,A_1M,16150,3,0.226,RAW_STALE_LOW;SNK_DIVERGENCE_LOW,MAPPING_REVIEW,,MAPPING_REVIEW,
CRD_7D9BD5DD298A4155B65D,팔데아 켄타로스,S,279/190,,1629,44204,,0.037,,,27.14,,NO_MAP,,0,,RAW_STALE_LOW,KEEP_SCRYDEX,,LADDER_INFO_ONLY,
CRD_7DA6398AB2274B22A22D,암팰리스,AR,136/086,608506,5455,57063,32615,0.096,0.167,1.75,10.46,5.98,NONE,,0,,RAW_STALE_LOW,KEEP_SCRYDEX,,LADDER_INFO_ONLY,
CRD_7DBBE204F9F7473293E8,킬라플로르 ex,RR,065/108,132210,446,4677,9189,0.095,0.049,0.509,10.49,20.6,NONE,,0,,GRADED_INVERSION;RAW_STALE_LOW,KEEP_SCRYDEX,,KEEP,
CRD_7E0814B69ADA40E58DCA,플라이곤 ex,SR,079/064,385168,3964,73456,23073,0.054,0.172,3.184,18.53,5.82,NONE,,0,,RAW_STALE_LOW,KEEP_SCRYDEX,,LADDER_INFO_ONLY,
CRD_7E54538560A84C058CD1,이벨타르,A,117/190,,1398,61904,34633,0.023,0.04,1.787,44.28,24.77,NO_MAP,,0,,RAW_STALE_LOW,KEEP_SCRYDEX,,LADDER_INFO_ONLY,
CRD_7E8265C1D8B44E03910F,모르페코 VMAX,RRR,020/060,113233,4686,60412,28287,0.078,0.166,2.136,12.89,6.04,NONE,,0,,RAW_STALE_LOW,KEEP_SCRYDEX,,LADDER_INFO_ONLY,
CRD_7ECA02E1619548F98130,고릴타 VMAX,RRR,009/070,,2305,39988,,0.058,,,17.35,,NO_MAP,,0,,RAW_STALE_LOW,KEEP_SCRYDEX,,LADDER_INFO_ONLY,
CRD_7EF64656A6724709BAEC,전룡 V,RR,014/076,145076,1475,31443,22830,0.047,0.065,1.377,21.32,15.48,NONE,,0,,RAW_STALE_LOW,KEEP_SCRYDEX,,LADDER_INFO_ONLY,
CRD_7EFC022C360ECB18F368,,,,,12891,72790,7688,0.177,1.677,9.468,5.65,0.6,NO_MAP,,0,,RAW_OVER_PSA9,KEEP_SCRYDEX,,KEEP,
CRD_7F12AC1D6A604C8CB546,트래피더 ex,RR,008/078,110735,476,9260,,0.051,,,19.45,,NONE,,0,,RAW_STALE_LOW,KEEP_SCRYDEX,,LADDER_INFO_ONLY,
CRD_7F1D667AFCA842A38431,엠페르트 ex,RR,058/080,702999,507,36819,,0.014,,,72.62,,NONE,,0,,RAW_STALE_LOW,KEEP_SCRYDEX,,LADDER_INFO_ONLY,
CRD_7F1F939CC0DB4671824A,바닐리치,AR,109/086,608549,9419,42507,7645,0.222,1.232,5.56,4.51,0.81,NONE,,0,,RAW_OVER_PSA9,KEEP_SCRYDEX,,KEEP,
CRD_7F3A7B805F704D6C96F3,모스노우,CHR,192/184,126707,3995,55070,20982,0.073,0.19,2.625,13.78,5.25,NONE,,0,,RAW_STALE_LOW,KEEP_SCRYDEX,,LADDER_INFO_ONLY,
CRD_7F62D48BBF5543A99063,스트린더 ex,RR,040/066,148928,492,27538,,0.018,,,55.97,,NONE,,0,,RAW_STALE_LOW,KEEP_SCRYDEX,,LADDER_INFO_ONLY,
CRD_7F68718FF9574B39A05A,루나아라(프리즘스타),PR,032/066,338328,5455,122180,,0.045,,,22.4,,NONE,,0,,RAW_STALE_LOW,KEEP_SCRYDEX,,LADDER_INFO_ONLY,
CRD_7F6CC76C333E432E9B6A,피카츄 V,RR,012/031,727720,8189,178852,29816,0.046,0.275,5.999,21.84,3.64,A_1M,28975,12,0.283,RAW_STALE_LOW;SNK_DIVERGENCE_LOW,MAPPING_REVIEW,,MAPPING_REVIEW,
CRD_7F78F4DCAE1340BCA119,다크라이 EX,RR,072/171,385925,27657,260912,76258,0.106,0.363,3.421,9.43,2.76,A_3M,114000,1,0.243,SNK_DIVERGENCE_LOW,MAPPING_REVIEW,,MAPPING_REVIEW,
CRD_7F9046D32F6E42E9A4EC,아머까오,S,288/190,,2535,34189,38057,0.074,0.067,0.898,13.49,15.01,NO_MAP,,0,,GRADED_INVERSION;RAW_STALE_LOW,KEEP_SCRYDEX,,KEEP,
CRD_7FBA603DD96943F5B7F0,후파 EX,RR,058/171,385430,5885,117964,67888,0.05,0.087,1.738,20.04,11.54,NONE,,0,,RAW_STALE_LOW,KEEP_SCRYDEX,,LADDER_INFO_ONLY,
CRD_7FDEF1F24E7A4606A63F,바다그다,S,226/190,,1598,63188,16777,0.025,0.095,3.766,39.54,10.5,NO_MAP,,0,,RAW_STALE_LOW,KEEP_SCRYDEX,,LADDER_INFO_ONLY,
CRD_7FE85AF0323E486DA2F4,총지엔 ex,SR,084/071,120832,1721,29189,8564,0.059,0.201,3.408,16.96,4.98,NONE,,0,,RAW_STALE_LOW,KEEP_SCRYDEX,,LADDER_INFO_ONLY,
CRD_7FFB3A5460DC46489885,쌍검킬,AR,091/080,753259,3442,131294,30605,0.026,0.112,4.29,38.14,8.89,A_1M,19475,3,0.177,RAW_STALE_LOW;SNK_DIVERGENCE_LOW,MAPPING_REVIEW,,MAPPING_REVIEW,
CRD_803FA692C5CE471EA9A3,모으령,AR,068/062,138230,5977,75165,26146,0.08,0.229,2.875,12.58,4.37,A_1M,21850,5,0.274,RAW_STALE_LOW;SNK_DIVERGENCE_LOW,MAPPING_REVIEW,,MAPPING_REVIEW,
CRD_808986BE4AB54625B5D4,메로엣타 ex,SR,162/086,608528,2059,59250,13501,0.035,0.153,4.389,28.78,6.56,NONE,,0,,RAW_STALE_LOW,KEEP_SCRYDEX,,LADDER_INFO_ONLY,
CRD_808E7CD437F24C0A8CE3,모야모의 찌리배리 ex,SAR,125/100,485655,61644,156065,43929,0.395,1.403,3.553,2.53,0.71,A_1M,140600,9,0.438,RAW_OVER_PSA9;SNK_DIVERGENCE_LOW,REPLACE_WITH_SNK_A,,STRONG_REPLACE,
CRD_80AC3B98336D4FD0B14A,워글,AR,076/064,380940,3319,58689,23990,0.057,0.138,2.446,17.68,7.23,NONE,,0,,RAW_STALE_LOW,KEEP_SCRYDEX,,LADDER_INFO_ONLY,
CRD_80B334F26A674D66A45F,메가이어롭 ex,SR,100/080,704391,4210,56008,25902,0.075,0.163,2.162,13.3,6.15,A_3M,9500,1,0.443,RAW_STALE_LOW;SNK_DIVERGENCE_LOW,REVIEW_SNK_THIN,,REVIEW_REPLACE,Y
CRD_80CDA53B178942988954,모래털가죽 ex,RR,042/066,,369,13905,,0.027,,,37.68,,NO_MAP,,0,,RAW_STALE_LOW,KEEP_SCRYDEX,,LADDER_INFO_ONLY,
CRD_80CF967EAA07425DA991,꼬링크,S,240/190,,3872,72150,18333,0.054,0.211,3.936,18.63,4.73,NO_MAP,,0,,RAW_STALE_LOW,KEEP_SCRYDEX,,LADDER_INFO_ONLY,
CRD_80D85D7E34F6498CA2BB,과사삭벌레,AR,077/066,221940,6054,53439,23669,0.113,0.256,2.258,8.83,3.91,A_1M,15675,2,0.386,SNK_DIVERGENCE_LOW,REVIEW_SNK_THIN,,REVIEW_REPLACE,
CRD_80D8A3CD81B04D1D887C,AZ의 평온,SAR,118/083,776369,27303,155068,31637,0.176,0.863,4.901,5.68,1.16,A_1M,9500,22,2.874,SNK_DIVERGENCE_HIGH,REPLACE_WITH_SNK_A,,REVIEW_REPLACE,Y
CRD_80F1FC05F4D8499DA9DA,모야모의 찌리배리 ex,RR,030/100,,446,44525,13195,0.01,0.034,3.374,99.83,29.59,NO_MAP,,0,,RAW_STALE_LOW,KEEP_SCRYDEX,,LADDER_INFO_ONLY,
CRD_810E1D47AA834EEFB64E,파치르돈,S,245/190,,3411,44066,,0.077,,,12.92,,NO_MAP,,0,,RAW_STALE_LOW,KEEP_SCRYDEX,,LADDER_INFO_ONLY,
CRD_811F41C997424C4799EC,유토브,AR,154/086,608522,5147,56675,12964,0.091,0.397,4.372,11.01,2.52,NONE,,0,,RAW_STALE_LOW,KEEP_SCRYDEX,,LADDER_INFO_ONLY,
CRD_8130AF03F0B74BF88F4B,제크로무 ex,SR,161/086,607933,6438,78280,36992,0.082,0.174,2.116,12.16,5.75,A_3M,13652,4,0.472,RAW_STALE_LOW;SNK_DIVERGENCE_LOW,REVIEW_SNK_THIN,,REVIEW_REPLACE,
CRD_815D5679E06B4695ACEE,메가헤라크로스 ex,RR,004/080,702958,584,38317,,0.015,,,65.61,,NONE,,0,,RAW_STALE_LOW,KEEP_SCRYDEX,,LADDER_INFO_ONLY,
CRD_816B2902F24747B0AB3F,일격 우라오스 VMAX,RRR,037/070,,1675,36589,21406,0.046,0.078,1.709,21.84,12.78,NO_MAP,,0,,RAW_STALE_LOW,KEEP_SCRYDEX,,LADDER_INFO_ONLY,
CRD_816F40DB48D34E998792,맘모꾸리 ex,SR,116/100,506152,1567,32629,,0.048,,,20.82,,NONE,,0,,RAW_STALE_LOW,KEEP_SCRYDEX,,LADDER_INFO_ONLY,
CRD_81B29653F5524988BEF1,아쿠스타 V,RR,017/067,139628,814,70611,101145,0.012,0.008,0.698,86.75,124.26,NONE,,0,,GRADED_INVERSION;RAW_STALE_LOW,KEEP_SCRYDEX,,KEEP,
CRD_81C283F7B5804B6E9F93,툰베어,AR,114/086,608485,6607,86477,36613,0.076,0.18,2.362,13.09,5.54,NONE,,0,,RAW_STALE_LOW,KEEP_SCRYDEX,,LADDER_INFO_ONLY,
CRD_81DCFF5DDA584C5E9F87,요가램 V,SR,072/067,96561,39180,58684,22935,0.668,1.708,2.559,1.5,0.59,A_1M,31350,1,1.25,RAW_OVER_PSA9,REVIEW_SNK_THIN,,KEEP,
CRD_820C8A1490C243AF8876,오거폰 주춧돌의 가면 ex,RR,065/101,,538,10803,,0.05,,,20.08,,NO_MAP,,0,,RAW_STALE_LOW,KEEP_SCRYDEX,,LADDER_INFO_ONLY,
CRD_822997E0527747B387C1,순무,HR,082/070,145327,9634,21406,42813,0.45,0.225,0.5,2.22,4.44,NONE,,0,,GRADED_INVERSION,KEEP_SCRYDEX,,KEEP,
CRD_8262D9F6F80441E59604,드래피온,AR,090/080,753310,2251,65806,22965,0.034,0.098,2.865,29.23,10.2,NONE,,0,,RAW_STALE_LOW,KEEP_SCRYDEX,,LADDER_INFO_ONLY,
CRD_82702EEBF6134FF1A729,어래곤,S,235/190,,4010,42813,13761,0.094,0.291,3.111,10.68,3.43,NO_MAP,,0,,RAW_STALE_LOW,KEEP_SCRYDEX,,LADDER_INFO_ONLY,
CRD_827860234B4648058D9A,마스카나 ex,SAR,096/073,116081,69787,125042,50944,0.558,1.37,2.454,1.79,0.73,A_1M,75905,5,0.919,RAW_OVER_PSA9,REPLACE_WITH_SNK_A,,KEEP,
CRD_8298C8E112E94322BE4D,드래펄트 VMAX,RRR,089/190,,1383,44078,,0.031,,,31.87,,NO_MAP,,0,,RAW_STALE_LOW,KEEP_SCRYDEX,,LADDER_INFO_ONLY,
CRD_82BBF9DCCF3D4D5AB172,두두,S,307/190,,1905,38470,18302,0.05,0.104,2.102,20.19,9.61,NO_MAP,,0,,RAW_STALE_LOW,KEEP_SCRYDEX,,LADDER_INFO_ONLY,
CRD_82D8D5556A4F436CBB28,과미드라 ex,SAR,127/102,307292,32927,67556,18990,0.487,1.734,3.557,2.05,0.58,A_3M,28500,1,1.155,RAW_OVER_PSA9,REVIEW_SNK_THIN,,KEEP,
CRD_8318097459A64ECD8473,파이어로,AR,083/080,752786,3273,85198,,0.038,,,26.03,,NONE,,0,,RAW_STALE_LOW,KEEP_SCRYDEX,,LADDER_INFO_ONLY,
CRD_83435CF0B3494DECB0E7,리자몽 ex,SR,185/165,128101,33895,193425,65747,0.175,0.516,2.942,5.71,1.94,A_1M,70300,36,0.482,SNK_DIVERGENCE_LOW,REPLACE_WITH_SNK_A,,STRONG_REPLACE,
CRD_8384DAD4A2524069AD34,로켓단의 또도가스,AR,105/098,568894,5946,75389,25198,0.079,0.236,2.992,12.68,4.24,A_1M,9500,1,0.626,RAW_STALE_LOW,REVIEW_SNK_THIN,,LADDER_INFO_ONLY,Y
CRD_83BEEB1396274C9BAB37,브라이어,SAR,131/102,323631,13552,91456,10805,0.148,1.254,8.464,6.75,0.8,NONE,,0,,RAW_OVER_PSA9,KEEP_SCRYDEX,,KEEP,
CRD_83D6D0B474EF4541A65D,히스이 조로아크 V,RR,061/071,139409,753,33531,,0.022,,,44.53,,NONE,,0,,RAW_STALE_LOW,KEEP_SCRYDEX,,LADDER_INFO_ONLY,
CRD_83D97C53AA124CCABCA0,아이리스의 투지,SR,122/100,506156,3426,58787,21251,0.058,0.161,2.766,17.16,6.2,A_1M,9500,9,0.361,RAW_STALE_LOW;SNK_DIVERGENCE_LOW,REPLACE_WITH_SNK_A,,REVIEW_REPLACE,Y
CRD_8410E4E943C54075AE69,깜까미 V,RR,036/060,113235,3841,,45871,,0.084,,,11.94,NONE,,0,,RAW_STALE_LOW,KEEP_SCRYDEX,,LADDER_INFO_ONLY,
CRD_843DB9D7E2934E2DB5CE,대로트 EX,SR,071/070,108429,30730,513720,37293,0.06,0.824,13.775,16.72,1.21,NONE,,0,,RAW_STALE_LOW,KEEP_SCRYDEX,,LADDER_INFO_ONLY,
CRD_84630510CDEC47779B56,무우마직 ex,RR,036/080,702985,415,53240,13945,0.008,0.03,3.818,128.29,33.6,NONE,,0,,RAW_STALE_LOW,KEEP_SCRYDEX,,LADDER_INFO_ONLY,
CRD_847F3AC4CA9A4D418203,입치트 V,SR,078/068,95334,3150,41177,13838,0.076,0.228,2.976,13.07,4.39,NONE,,0,,RAW_STALE_LOW,KEEP_SCRYDEX,,LADDER_INFO_ONLY,
CRD_84956B7620D249279F78,기라티나(프리즘스타) [오리진폼],PR,058/173,396040,11170,268350,53522,0.042,0.209,5.014,24.02,4.79,NONE,,0,,RAW_STALE_LOW,KEEP_SCRYDEX,,LADDER_INFO_ONLY,
CRD_84EB7A5F0598461296E0,철화구야 GX,SR,060/054,393298,9388,,6116,,1.535,,,0.65,NONE,,0,,RAW_OVER_PSA9,KEEP_SCRYDEX,,KEEP,
CRD_84F100B202834C6DAE3B,핫삼 ex,RR,492/742,182223,369,55218,15389,0.007,0.024,3.588,149.64,41.7,NONE,,0,,RAW_STALE_LOW,KEEP_SCRYDEX,,LADDER_INFO_ONLY,
CRD_8538CE46E092401B8FD2,슈륙챙이,AR,176/165,128092,26497,154097,64028,0.172,0.414,2.407,5.82,2.42,A_1M,9500,20,2.789,SNK_DIVERGENCE_HIGH,REPLACE_WITH_SNK_A,,REVIEW_REPLACE,Y
CRD_853BCA2D91DC48478D36,쏘콘 ex,RR,009/190,162011,369,32828,6504,0.011,0.057,5.047,88.96,17.63,NONE,,0,,RAW_STALE_LOW,KEEP_SCRYDEX,,LADDER_INFO_ONLY,
CRD_85A18C735C9147958902,가라르 파이어 V,RR,096/184,141117,799,58451,,0.014,,,73.16,,NONE,,0,,RAW_STALE_LOW,KEEP_SCRYDEX,,LADDER_INFO_ONLY,
CRD_85AC11A9F5FE4EBEB8E6,굽이치는물결 ex,RR,049/187,427220,399,53852,21406,0.007,0.019,2.516,134.97,53.65,NONE,,0,,RAW_STALE_LOW,KEEP_SCRYDEX,,LADDER_INFO_ONLY,
CRD_85ACB08A9301857D6840,라티아스&라티오스 GX,UR,114/095,396406,127543,426597,83316,0.299,1.531,5.12,3.34,0.65,NONE,,0,,RAW_OVER_PSA9,KEEP_SCRYDEX,,KEEP,
CRD_85C6AB0CD75440EFA091,레시라무 ex,RR,029/193,730075,415,37461,,0.011,,,90.27,,NONE,,0,,RAW_STALE_LOW,KEEP_SCRYDEX,,LADDER_INFO_ONLY,
CRD_85DA754292A84C40923E,지우개굴닌자 EX,PR,,169062,153648,1321130,495913,0.116,0.31,2.664,8.6,3.23,A_3M,332310,1,0.462,SNK_DIVERGENCE_LOW,REVIEW_SNK_THIN,,REVIEW_REPLACE,
CRD_85E5684497324EADB399,개굴닌자 GX,SSR,216/150,91297,92173,775194,169507,0.119,0.544,4.573,8.41,1.84,A_3M,275490,2,0.335,SNK_DIVERGENCE_LOW,REVIEW_SNK_THIN,,REVIEW_REPLACE,
CRD_8604AD97AE074716B377,파치리스,S,243/190,,4732,240678,27522,0.02,0.172,8.745,50.86,5.82,NO_MAP,,0,,RAW_STALE_LOW,KEEP_SCRYDEX,,LADDER_INFO_ONLY,
CRD_8657995A6BC44F5DBF8E,뮤츠 V,RR,030/071,137079,3134,101950,32178,0.031,0.097,3.168,32.53,10.27,A_1M,10925,6,0.287,RAW_STALE_LOW;SNK_DIVERGENCE_LOW,MAPPING_REVIEW,,MAPPING_REVIEW,
CRD_865DA476A29E409CBAA1,일격 우라오스 V,CSR,238/184,141274,7252,82570,,0.088,,,11.39,,A_3M,19000,1,0.382,RAW_STALE_LOW;SNK_DIVERGENCE_LOW,REVIEW_SNK_THIN,,REVIEW_REPLACE,
CRD_86639AEE339A4E1D9109,눈쓰개,S,199/190,,1321,73136,,0.018,,,55.36,,NO_MAP,,0,,RAW_STALE_LOW,KEEP_SCRYDEX,,LADDER_INFO_ONLY,
CRD_8665C8184D854C689CB5,싸리용 ex,SR,125/106,418750,3012,40587,,0.074,,,13.48,,NONE,,0,,RAW_STALE_LOW,KEEP_SCRYDEX,,LADDER_INFO_ONLY,
CRD_86A21D43FBB24CD683A0,킹드라 ex,SR,077/064,283610,2904,47812,15343,0.061,0.189,3.116,16.46,5.28,NONE,,0,,RAW_STALE_LOW,KEEP_SCRYDEX,,LADDER_INFO_ONLY,
CRD_86C9D18D455541299CC0,클레스퍼트라 ex,SSR,323/190,164702,983,34740,22838,0.028,0.043,1.521,35.34,23.23,NONE,,0,,RAW_STALE_LOW,KEEP_SCRYDEX,,LADDER_INFO_ONLY,
CRD_871EF36DB50541E2A367,돌핀맨,S,229/190,,1782,33776,6116,0.053,0.291,5.523,18.95,3.43,NO_MAP,,0,,RAW_STALE_LOW,KEEP_SCRYDEX,,LADDER_INFO_ONLY,
CRD_874AC1F1697241DBA8D7,철화구야 GX,RR,043/054,393285,3903,57843,10764,0.067,0.363,5.374,14.82,2.76,NONE,,0,,RAW_STALE_LOW,KEEP_SCRYDEX,,LADDER_INFO_ONLY,
CRD_874BB3258CA94959BBC0,갸라도스 GX,RR,008/050,334876,11355,151923,16055,0.075,0.707,9.463,13.38,1.41,A_1M,76000,2,0.149,RAW_STALE_LOW;SNK_DIVERGENCE_LOW,MAPPING_REVIEW,,MAPPING_REVIEW,
CRD_876E648A957A44C9AE71,드래피온 V,RR,069/100,145021,830,37767,,0.022,,,45.5,,NONE,,0,,RAW_STALE_LOW,KEEP_SCRYDEX,,LADDER_INFO_ONLY,
CRD_878B1A3CBFFA573EE2CE,,,,,6023,80851,24588,0.074,0.245,3.288,13.42,4.08,NO_MAP,,0,,RAW_STALE_LOW,KEEP_SCRYDEX,,LADDER_INFO_ONLY,
CRD_87A14B554FF84A3FAE6A,드래펄트 ex,RR,548/742,450715,384,44128,1911,0.009,0.201,23.092,114.92,4.98,NONE,,0,,RAW_STALE_LOW,KEEP_SCRYDEX,,LADDER_INFO_ONLY,
CRD_87ACED114A5746E48FF7,N의 조로아크 ex,SR,117/100,506153,5977,68750,21100,0.087,0.283,3.258,11.5,3.53,A_1M,9500,2,0.629,RAW_STALE_LOW,REVIEW_SNK_THIN,,LADDER_INFO_ONLY,Y
CRD_8875DA1FBB2046CBAF86,미끄네일,AR,093/083,776345,5531,107198,,0.052,,,19.38,,NONE,,0,,RAW_STALE_LOW,KEEP_SCRYDEX,,LADDER_INFO_ONLY,
CRD_888168EF50BE4F89B720,비케,SR,057/051,91344,305760,497239,220204,0.615,1.389,2.258,1.63,0.72,NONE,,0,,RAW_OVER_PSA9,KEEP_SCRYDEX,,KEEP,
CRD_88C3837F7E224CCB8F9A,브리무음,S,255/190,,2796,48730,13761,0.057,0.203,3.541,17.43,4.92,NO_MAP,,0,,RAW_STALE_LOW,KEEP_SCRYDEX,,LADDER_INFO_ONLY,
CRD_88C69A70082B440AB5C0,로켓단의 이올브,AR,104/098,564042,3088,47628,18697,0.065,0.165,2.547,15.42,6.05,NONE,,0,,RAW_STALE_LOW,KEEP_SCRYDEX,,LADDER_INFO_ONLY,
CRD_88CACC97FEA144AAB25D,다크펫 ex,RR,041/078,110736,492,20152,,0.024,,,40.96,,NONE,,0,,RAW_STALE_LOW,KEEP_SCRYDEX,,LADDER_INFO_ONLY,
CRD_88D8B1966C914557B55B,샤로다 ex,SR,159/086,608526,1921,51048,18348,0.038,0.105,2.782,26.57,9.55,NONE,,0,,RAW_STALE_LOW,KEEP_SCRYDEX,,LADDER_INFO_ONLY,
CRD_88DD09D2B6D24EC68E6E,토네로스 EX플라스마단,SR,054/051,404230,53777,771267,131771,0.07,0.408,5.853,14.34,2.45,NONE,,0,,RAW_STALE_LOW,KEEP_SCRYDEX,,LADDER_INFO_ONLY,
CRD_88DD4F24CABA4B66939C,냐오불,AR,075/071,186244,20942,99623,11682,0.21,1.793,8.528,4.76,0.56,A_3M,10450,2,2.004,RAW_OVER_PSA9;SNK_DIVERGENCE_HIGH,REVIEW_SNK_THIN,,REVIEW_REPLACE,
CRD_8913A16F0C89452791C5,개굴닌자 ex,SR,083/066,227633,11846,122586,19831,0.097,0.597,6.182,10.35,1.67,A_3M,28500,3,0.416,RAW_STALE_LOW;SNK_DIVERGENCE_LOW,REVIEW_SNK_THIN,,REVIEW_REPLACE,
CRD_8922BCF6E26F48C19343,네이티오,S,257/190,,1414,29556,9939,0.048,0.142,2.974,20.9,7.03,NO_MAP,,0,,RAW_STALE_LOW,KEEP_SCRYDEX,,LADDER_INFO_ONLY,
CRD_893BF8C4050E44B6ACFA,일격 우라오스 V,RR,092/184,141113,522,12232,,0.043,,,23.43,,NONE,,0,,RAW_STALE_LOW,KEEP_SCRYDEX,,LADDER_INFO_ONLY,
CRD_8965D3327A5540929972,M나무킹 EX,RR,007/171,385373,76824,61301,58103,1.253,1.322,1.055,0.8,0.76,NONE,,0,,RAW_OVER_PSA10;RAW_OVER_PSA9,KEEP_SCRYDEX,,KEEP,
CRD_8978E52260A148548BE7,야적 세 자매,HR,094/071,96641,17193,45183,10703,0.381,1.606,4.222,2.63,0.62,A_3M,18810,1,0.914,RAW_OVER_PSA9,REVIEW_SNK_THIN,,KEEP,
CRD_89935F355A974D4B82FD,윽우지 V,SSR,326/190,144787,2366,32522,13761,0.073,0.172,2.363,13.75,5.82,NONE,,0,,RAW_STALE_LOW,KEEP_SCRYDEX,,LADDER_INFO_ONLY,
CRD_89951F6DCCFD4A329C78,두랄루돈 V,RR,325/414,141503,1106,61858,,0.018,,,55.93,,NONE,,0,,RAW_STALE_LOW,KEEP_SCRYDEX,,LADDER_INFO_ONLY,
CRD_899C71FEF9DC4CDFB0EF,메탕,AR,092/083,776344,4225,122884,,0.034,,,29.08,,NONE,,0,,RAW_STALE_LOW,KEEP_SCRYDEX,,LADDER_INFO_ONLY,
CRD_89A20BE9777E4815B50C,M이상해꽃 EX,SR,102/100,91468,613824,654656,88551,0.938,6.932,7.393,1.07,0.14,NONE,,0,,RAW_OVER_PSA9,KEEP_SCRYDEX,,KEEP,
CRD_89CF88D4F24A4B3FAB18,게을킹 ex,RR,583/742,395720,476,68470,16835,0.007,0.028,4.067,143.84,35.37,NONE,,0,,RAW_STALE_LOW,KEEP_SCRYDEX,,LADDER_INFO_ONLY,
CRD_89E2E59F5D304DF9BBF8,나몰빼미,S,162/150,,7682,142224,30526,0.054,0.252,4.659,18.51,3.97,NO_MAP,,0,,RAW_STALE_LOW,KEEP_SCRYDEX,,LADDER_INFO_ONLY,
CRD_89F2A38B167C4010B9FF,망나뇽 V,SR,073/067,96563,32650,181969,34403,0.179,0.949,5.289,5.57,1.05,A_1M,69340,4,0.471,SNK_DIVERGENCE_LOW,REVIEW_SNK_THIN,,REVIEW_REPLACE,
CRD_89F870261BCE4E9C87D5,릴리에의 결심,SAR,090/063,663637,245960,723537,184467,0.34,1.333,3.922,2.94,0.75,A_1M,287366,73,0.856,RAW_OVER_PSA9,REPLACE_WITH_SNK_A,,KEEP,
CRD_8A0CD9EAC8D7498A9705,번치코 VMAX,RRR,008/070,,2873,67135,10703,0.043,0.268,6.273,23.37,3.73,NO_MAP,,0,,RAW_STALE_LOW,KEEP_SCRYDEX,,LADDER_INFO_ONLY,
CRD_8A0FF8340E754322A4A3,일격 우라오스 V,RR,247/414,,538,33638,36696,0.016,0.015,0.917,62.52,68.21,NO_MAP,,0,,RAW_STALE_LOW,KEEP_SCRYDEX,,LADDER_INFO_ONLY,
CRD_8A1DCB955E61497F9B0D,입치트 GX,RR,030/054,393095,2090,56895,,0.037,,,27.22,,NONE,,0,,RAW_STALE_LOW,KEEP_SCRYDEX,,LADDER_INFO_ONLY,
CRD_8A3F628A4E3B4AC087C9,오리진 디아루가 VSTAR,RRR,049/067,139489,1644,45871,22935,0.036,0.072,2.0,27.9,13.95,NONE,,0,,RAW_STALE_LOW,KEEP_SCRYDEX,,LADDER_INFO_ONLY,
CRD_8A55485EA762404EB6E8,바우첼 ex,RR,348/742,307287,538,19189,37859,0.028,0.014,0.507,35.67,70.37,NONE,,0,,GRADED_INVERSION;RAW_STALE_LOW,KEEP_SCRYDEX,,KEEP,
CRD_8A64A02FB1604C62BD2140CE72FDA2D7,로토무,AR,074/063,530536,3734,45062,24701,0.083,0.151,1.824,12.07,6.62,NONE,,0,,RAW_STALE_LOW,KEEP_SCRYDEX,,LADDER_INFO_ONLY,
CRD_8AC31448F8F9420FAE62,볼트로스,S,244/190,,1752,60610,,0.029,,,34.59,,NO_MAP,,0,,RAW_STALE_LOW,KEEP_SCRYDEX,,LADDER_INFO_ONLY,
CRD_8ACEB76FEF1F4466B0B9,가비루사,AR,070/066,146987,4241,50771,19778,0.084,0.214,2.567,11.97,4.66,NONE,,0,,RAW_STALE_LOW,KEEP_SCRYDEX,,LADDER_INFO_ONLY,
CRD_8B07A23C08EE489D87DF,카푸브루루,AR,065/064,283609,2996,46739,21789,0.064,0.138,2.145,15.6,7.27,NONE,,0,,RAW_STALE_LOW,KEEP_SCRYDEX,,LADDER_INFO_ONLY,
CRD_8B9B58EC8BE6437C9189,뮤츠 EX,RR,050/131,389891,12338,124370,36100,0.099,0.342,3.445,10.08,2.93,NONE,,0,,RAW_STALE_LOW,KEEP_SCRYDEX,,LADDER_INFO_ONLY,
CRD_8B9D59AB943441B4BAC4,무쇠손 ex,RR,054/187,466334,399,40550,21360,0.01,0.019,1.898,101.63,53.53,NONE,,0,,RAW_STALE_LOW,KEEP_SCRYDEX,,LADDER_INFO_ONLY,
CRD_8BC8EED9E7524E698C95,샹델라,CHR,069/067,126689,4318,59953,13149,0.072,0.328,4.56,13.88,3.05,A_1M,11714,2,0.369,RAW_STALE_LOW;SNK_DIVERGENCE_LOW,REVIEW_SNK_THIN,,REVIEW_REPLACE,
CRD_8BCE857FB5F041FE942A,오롱털 V,SSR,321/190,144782,4456,18398,42759,0.242,0.104,0.43,4.13,9.6,NONE,,0,,GRADED_INVERSION;RAW_STALE_LOW,KEEP_SCRYDEX,,KEEP,
CRD_8C29A0179FEA494EACAF,파비코리 ex,RR,046/066,146991,784,29253,12216,0.027,0.064,2.395,37.31,15.58,NONE,,0,,RAW_STALE_LOW,KEEP_SCRYDEX,,LADDER_INFO_ONLY,
CRD_8C3914BBF6F44AEA9A9F,칠색조 GX,SSR,210/150,112777,45572,242486,35091,0.188,1.299,6.91,5.32,0.77,A_3M,108300,4,0.421,RAW_OVER_PSA9;SNK_DIVERGENCE_LOW,REVIEW_SNK_THIN,,REVIEW_REPLACE,
CRD_8C4E0B58B9AB4FD8A901,메가루차불 ex,SAR,239/193,731022,37713,133985,51092,0.281,0.738,2.622,3.55,1.35,A_1M,14250,31,2.647,SNK_DIVERGENCE_HIGH,REPLACE_WITH_SNK_A,,STRONG_REPLACE,
CRD_8C5E1C0CADAB42CBA2D3,로파파,AR,081/080,704376,2988,59891,20000,0.05,0.149,2.995,20.04,6.69,NONE,,0,,RAW_STALE_LOW,KEEP_SCRYDEX,,LADDER_INFO_ONLY,
CRD_8CBB87D89D68439D919A,모야모의 찌리비크,AR,104/100,489823,4702,59828,32734,0.079,0.144,1.828,12.72,6.96,A_1M,9500,8,0.495,RAW_STALE_LOW;SNK_DIVERGENCE_LOW,REPLACE_WITH_SNK_A,,REVIEW_REPLACE,Y
CRD_8CE5392E17154AFFBE9B,체육관 트레이너,SR,197/190,126508,2105,49280,24751,0.043,0.085,1.991,23.41,11.76,NONE,,0,,RAW_STALE_LOW,KEEP_SCRYDEX,,LADDER_INFO_ONLY,
CRD_8D03B1108C6B4669B82D,토네로스 VMAX,RRR,058/070,141787,1337,47358,,0.028,,,35.42,,NONE,,0,,RAW_STALE_LOW,KEEP_SCRYDEX,,LADDER_INFO_ONLY,
CRD_8D34314C145E4657910C,개구마르,AR,086/083,776339,14781,195993,,0.075,,,13.26,,A_1M,11875,40,1.245,RAW_STALE_LOW,REPLACE_WITH_SNK_A,,LADDER_INFO_ONLY,
CRD_8D68F827F9B2481DA5FB,루카리오 EX,RR,074/131,390313,7360,362561,,0.02,,,49.26,,NONE,,0,,RAW_STALE_LOW,KEEP_SCRYDEX,,LADDER_INFO_ONLY,
CRD_8D791334E4F64483A551,토대부기 ex,SR,084/071,186430,3350,62336,23670,0.054,0.142,2.634,18.61,7.07,NONE,,0,,RAW_STALE_LOW,KEEP_SCRYDEX,,LADDER_INFO_ONLY,
CRD_8D845061A06143988494,피카츄 ex,RR,044/193,730089,1736,108141,24922,0.016,0.07,4.339,62.29,14.36,A_1M,14250,41,0.122,RAW_STALE_LOW;SNK_DIVERGENCE_LOW,MAPPING_REVIEW,,MAPPING_REVIEW,
CRD_8D8F32E2E163440DB34E,갸라도스 V,SR,070/067,113257,11032,108196,29916,0.102,0.369,3.617,9.81,2.71,A_3M,28880,2,0.382,SNK_DIVERGENCE_LOW,REVIEW_SNK_THIN,,REVIEW_REPLACE,
CRD_8DB157BF2CDC452DB021,레지에레키 VMAX [다이맥스],RRR,034/098,100547,1091,38622,45672,0.028,0.024,0.846,35.4,41.86,NONE,,0,,GRADED_INVERSION;RAW_STALE_LOW,KEEP_SCRYDEX,,KEEP,
CRD_8E12B9EC416149CFB898,심향의 칠색조 ex,RR,021/193,,430,63924,14446,0.007,0.03,4.425,148.66,33.6,NO_MAP,,0,,RAW_STALE_LOW,KEEP_SCRYDEX,,LADDER_INFO_ONLY,
CRD_8E2C1FBCA2F54B3FBFEA,흑마 칼레오스 VMAX,UR,281/184,96684,9649,93345,,0.103,,,9.67,,A_3M,22800,2,0.423,SNK_DIVERGENCE_LOW,REVIEW_SNK_THIN,,REVIEW_REPLACE,
CRD_8E2D357D27A34250B5E6,코터스,CHR,050/049,126665,20328,86266,16783,0.236,1.211,5.14,4.24,0.83,A_3M,17100,1,1.189,RAW_OVER_PSA9,REVIEW_SNK_THIN,,KEEP,
CRD_8E69FD2F5CA44C2388A4,괴력몬 V,RR,071/172,,1014,73240,20474,0.014,0.05,3.577,72.23,20.19,NO_MAP,,0,,RAW_STALE_LOW,KEEP_SCRYDEX,,LADDER_INFO_ONLY,
CRD_8E7896DA379A4FA4AFD1,달코퀸 ex,RR,020/066,148938,599,21590,9174,0.028,0.065,2.353,36.04,15.32,NONE,,0,,RAW_STALE_LOW,KEEP_SCRYDEX,,LADDER_INFO_ONLY,
CRD_8E7F741A0EA743319394,가라르 데스판,S,265/190,,3718,45883,22957,0.081,0.162,1.999,12.34,6.17,NO_MAP,,0,,RAW_STALE_LOW,KEEP_SCRYDEX,,LADDER_INFO_ONLY,
CRD_8EA74EA746054746A291,기라티나,HR,22/40,447944,71692,4151770,266019,0.017,0.269,15.607,57.91,3.71,NONE,,0,,RAW_STALE_LOW,KEEP_SCRYDEX,,LADDER_INFO_ONLY,
CRD_8EAA19E6FCD243AC89C9,대로트 VMAX,RRR,008/067,113247,1675,32767,19908,0.051,0.084,1.646,19.56,11.89,NONE,,0,,RAW_STALE_LOW,KEEP_SCRYDEX,,LADDER_INFO_ONLY,
CRD_8EBE6592ACC0307D990D,,,,,3933,45991,30752,0.086,0.128,1.496,11.69,7.82,NO_MAP,,0,,RAW_STALE_LOW,KEEP_SCRYDEX,,LADDER_INFO_ONLY,
CRD_8ED47CA7E8F5408B9A04,텅비드 GX,RR,022/050,334890,6146,71864,,0.086,,,11.69,,NONE,,0,,RAW_STALE_LOW,KEEP_SCRYDEX,,LADDER_INFO_ONLY,
CRD_8ED834DBED86423DAAE0,마오&수련,SR,108/095,91275,199727,281917,126542,0.708,1.578,2.228,1.41,0.63,A_3M,164825,2,1.212,RAW_OVER_PSA9,REVIEW_SNK_THIN,,KEEP,
CRD_8EF30B3B1E864419943C,블랙큐레무 ex,RR,204/742,365472,553,63470,12588,0.009,0.044,5.042,114.77,22.76,NONE,,0,,RAW_STALE_LOW,KEEP_SCRYDEX,,LADDER_INFO_ONLY,
CRD_8F35806D9F12400BA566,가라르 불비달마,S,223/190,,3227,45871,,0.07,,,14.21,,NO_MAP,,0,,RAW_STALE_LOW,KEEP_SCRYDEX,,LADDER_INFO_ONLY,
CRD_8F4DFB20EC9342C1A6A9,토대부기 ex,RR,036/742,184065,492,46803,15290,0.011,0.032,3.061,95.13,31.08,NONE,,0,,RAW_STALE_LOW,KEEP_SCRYDEX,,LADDER_INFO_ONLY,
CRD_8F9C9E655E734313A1CD,플라이곤 V,RR,072/100,139815,799,31824,,0.025,,,39.83,,NONE,,0,,RAW_STALE_LOW,KEEP_SCRYDEX,,LADDER_INFO_ONLY,
CRD_8FA2514826954989AE45,켈리몬,AR,118/106,414090,3780,65113,32667,0.058,0.116,1.993,17.23,8.64,NONE,,0,,RAW_STALE_LOW,KEEP_SCRYDEX,,LADDER_INFO_ONLY,
CRD_8FB0E39EAB04441DBF55,망나뇽 GX,SR,103/094,321472,25152,152511,67848,0.165,0.371,2.248,6.06,2.7,A_3M,61750,1,0.407,SNK_DIVERGENCE_LOW,REVIEW_SNK_THIN,,REVIEW_REPLACE,
CRD_8FC14F96E9634AE0982F,쏘콘 ex,SSR,320/190,164701,1291,27213,12216,0.047,0.106,2.228,21.08,9.46,NONE,,0,,RAW_STALE_LOW,KEEP_SCRYDEX,,LADDER_INFO_ONLY,
CRD_900AFEE83E79462B86B9,M핫삼 EX,RR,058/080,390845,49920,199630,232882,0.25,0.214,0.857,4.0,4.67,NONE,,0,,GRADED_INVERSION,KEEP_SCRYDEX,,KEEP,
CRD_90329AC34F174397A90E,백솜모카 V,SSR,306/190,144770,2182,56120,,0.039,,,25.72,,NONE,,0,,RAW_STALE_LOW,KEEP_SCRYDEX,,LADDER_INFO_ONLY,
CRD_90698EA0987C4C82913F,엘풍 V,SR,107/100,139846,4855,60381,,0.08,,,12.44,,NONE,,0,,RAW_STALE_LOW,KEEP_SCRYDEX,,LADDER_INFO_ONLY,
CRD_906DE8D98AE348C9BBDD,암멍이,S,183/150,,4533,45748,,0.099,,,10.09,,NO_MAP,,0,,RAW_STALE_LOW,KEEP_SCRYDEX,,LADDER_INFO_ONLY,
CRD_909F8823101A4097BD2D,석탄산 VMAX,RRR,043/076,145103,1951,49600,16798,0.039,0.116,2.953,25.42,8.61,NONE,,0,,RAW_STALE_LOW,KEEP_SCRYDEX,,LADDER_INFO_ONLY,
CRD_910B11C0B86040AE84AA,렌트라 BREAK,PR,,,3073,95857,,0.032,,,31.19,,NO_MAP,,0,,RAW_STALE_LOW,KEEP_SCRYDEX,,LADDER_INFO_ONLY,
CRD_911E14A963AE45CB944E,저승갓숭 ex,SR,087/071,120835,4379,15389,27548,0.285,0.159,0.559,3.51,6.29,NONE,,0,,GRADED_INVERSION;RAW_STALE_LOW,KEEP_SCRYDEX,,KEEP,
CRD_913741C2E37A40BAB47F,삼삼드래 ex,RR,072/106,395716,515,45565,25947,0.011,0.02,1.756,88.48,50.38,NONE,,0,,RAW_STALE_LOW,KEEP_SCRYDEX,,LADDER_INFO_ONLY,
CRD_9164D7095AC54C06BE66,피카츄 VMAX,UR,279/184,91154,60261,370811,66849,0.163,0.901,5.547,6.15,1.11,A_1M,258875,17,0.233,SNK_DIVERGENCE_LOW,MAPPING_REVIEW,,MAPPING_REVIEW,
CRD_91690464DF8843E78381,메더,AR,113/106,418742,1821,52191,22186,0.035,0.082,2.352,28.66,12.18,NONE,,0,,RAW_STALE_LOW,KEEP_SCRYDEX,,LADDER_INFO_ONLY,
CRD_9177A302A923467195DB,페릴라,SR,079/067,126538,2996,32797,,0.091,,,10.95,,NONE,,0,,RAW_STALE_LOW,KEEP_SCRYDEX,,LADDER_INFO_ONLY,
CRD_918A096A622440B6B1CE,파이어&썬더&프리져 GX,SR,059/054,104606,65239,270693,99826,0.241,0.654,2.712,4.15,1.53,A_3M,142500,2,0.458,SNK_DIVERGENCE_LOW,REVIEW_SNK_THIN,,REVIEW_REPLACE,
CRD_91C3095AAD2E321043D0,,,,,7667,79048,26539,0.097,0.289,2.979,10.31,3.46,NO_MAP,,0,,RAW_STALE_LOW,KEEP_SCRYDEX,,LADDER_INFO_ONLY,
CRD_91F9D869C7DF4777B799,오거폰 벽록의 가면 ex,RR,082/742,225329,522,28883,6116,0.018,0.085,4.723,55.33,11.72,NONE,,0,,RAW_STALE_LOW,KEEP_SCRYDEX,,LADDER_INFO_ONLY,
CRD_9239E2F6422F4F328D52,라이츄&알로라라이츄 GX,RR,008/054,393073,27687,177886,56144,0.156,0.493,3.168,6.42,2.03,A_1M,57000,13,0.486,SNK_DIVERGENCE_LOW,REPLACE_WITH_SNK_A,,STRONG_REPLACE,
CRD_9289770776A1479DADE6,마티스의 거래,SR,086/063,663635,1905,45259,5108,0.042,0.373,8.86,23.76,2.68,NONE,,0,,RAW_STALE_LOW,KEEP_SCRYDEX,,LADDER_INFO_ONLY,
CRD_92D5EBD5664749C184D7,박사의 연구(마박사),SR,245/172,105577,1675,36865,15779,0.045,0.106,2.336,22.01,9.42,NONE,,0,,RAW_STALE_LOW,KEEP_SCRYDEX,,LADDER_INFO_ONLY,
CRD_92EBCC00579749239EE9,신비록,CHR,070/067,126701,2612,54413,10674,0.048,0.245,5.098,20.83,4.09,NONE,,0,,RAW_STALE_LOW,KEEP_SCRYDEX,,LADDER_INFO_ONLY,
CRD_92EC2C1ED4F04945A412,야청,SR,110/100,91196,67175,120391,28954,0.558,2.32,4.158,1.79,0.43,NONE,,0,,RAW_OVER_PSA9,KEEP_SCRYDEX,,KEEP,
CRD_92F7CF802A46497BBC5F,캐이시,S,253/190,,4210,66676,35696,0.063,0.118,1.868,15.84,8.48,NO_MAP,,0,,RAW_STALE_LOW,KEEP_SCRYDEX,,LADDER_INFO_ONLY,
CRD_93050ED08EF24E91A1CA,흥나숭,S,203/190,,2996,61589,15275,0.049,0.196,4.032,20.56,5.1,NO_MAP,,0,,RAW_STALE_LOW,KEEP_SCRYDEX,,LADDER_INFO_ONLY,
CRD_9310EDB656AA44159715,이상해꽃&주리비얀 GX,SR,065/064,104579,45818,133364,37904,0.344,1.209,3.518,2.91,0.83,NONE,,0,,RAW_OVER_PSA9,KEEP_SCRYDEX,,KEEP,
CRD_931723E024444FAA9D5A,다크라이 EX,SR,072/069,91626,153633,2673738,603611,0.057,0.255,4.43,17.4,3.93,NONE,,0,,RAW_STALE_LOW,KEEP_SCRYDEX,,LADDER_INFO_ONLY,
CRD_9324067E86B04FA9A0F8,아보크 ex,RR,024/165,127807,661,41674,20982,0.016,0.032,1.986,63.05,31.74,NONE,,0,,RAW_STALE_LOW,KEEP_SCRYDEX,,LADDER_INFO_ONLY,
CRD_9327DCC9A6474DD0A15B,글레이시아 V,RR,024/069,112522,2643,101786,20972,0.026,0.126,4.853,38.51,7.93,A_3M,9500,1,0.278,RAW_STALE_LOW;SNK_DIVERGENCE_LOW,MAPPING_REVIEW,,MAPPING_REVIEW,Y
CRD_932E2AB3AB22444D9575,조타구 ex,RR,102/187,,323,30718,,0.011,,,95.1,,NO_MAP,,0,,RAW_STALE_LOW,KEEP_SCRYDEX,,LADDER_INFO_ONLY,
CRD_9337B381E5BB47909A16,꼬몽울,AR,196/193,730938,4563,66384,21707,0.069,0.21,3.058,14.55,4.76,A_1M,9500,1,0.48,RAW_STALE_LOW;SNK_DIVERGENCE_LOW,REVIEW_SNK_THIN,,REVIEW_REPLACE,Y
CRD_9376986A02A049DCA6C8,노보청 V,SR,075/071,137121,4210,45871,10703,0.092,0.393,4.286,10.9,2.54,NONE,,0,,RAW_STALE_LOW,KEEP_SCRYDEX,,LADDER_INFO_ONLY,
CRD_9390ABC39D714947A980,카르본,S,217/190,,2412,47551,,0.051,,,19.71,,NO_MAP,,0,,RAW_STALE_LOW,KEEP_SCRYDEX,,LADDER_INFO_ONLY,
CRD_939CD60D0A3F433EA9AD,가이오가,A,036/190,,4932,74498,27859,0.066,0.177,2.674,15.11,5.65,NO_MAP,,0,,RAW_STALE_LOW,KEEP_SCRYDEX,,LADDER_INFO_ONLY,
CRD_93B336450FE341B4AC0E,큐레무 ex,SR,160/086,608527,2090,54555,17599,0.038,0.119,3.1,26.1,8.42,A_3M,9500,1,0.22,RAW_STALE_LOW;SNK_DIVERGENCE_LOW,MAPPING_REVIEW,,MAPPING_REVIEW,Y
CRD_93B75FD465674E1E970C,탐리스,S,313/190,,1460,26620,20489,0.055,0.071,1.299,18.23,14.03,NO_MAP,,0,,RAW_STALE_LOW,KEEP_SCRYDEX,,LADDER_INFO_ONLY,
CRD_93BA1B52B6B14CF0AEDA,비크티니 V,SR,072/070,144122,14289,1157643,12202,0.012,1.171,94.873,81.02,0.85,A_3M,28490,3,0.502,RAW_STALE_LOW,REVIEW_SNK_THIN,,LADDER_INFO_ONLY,
CRD_93C902F4C3BD4E53BAA0,마휘핑 VMAX,RRR,032/076,145093,4118,42346,21406,0.097,0.192,1.978,10.28,5.2,NONE,,0,,RAW_STALE_LOW,KEEP_SCRYDEX,,LADDER_INFO_ONLY,
CRD_93DF43C333324F0FB26C,기라티나 V,SR,111/100,93379,1037124,3405696,1052451,0.305,0.985,3.236,3.28,1.01,A_3M,2200827,6,0.471,SNK_DIVERGENCE_LOW,REPLACE_WITH_SNK_A,,STRONG_REPLACE,
CRD_93F6FE4202C343CFB1F7,볼케니온 ex,SR,113/100,506150,1613,32079,24388,0.05,0.066,1.315,19.89,15.12,NONE,,0,,RAW_STALE_LOW,KEEP_SCRYDEX,,LADDER_INFO_ONLY,
CRD_93FFCADB9F314F93B03F,케르디오 EX,RR,037/093,406021,3058,92215,29204,0.033,0.105,3.158,30.16,9.55,NONE,,0,,RAW_STALE_LOW,KEEP_SCRYDEX,,LADDER_INFO_ONLY,
CRD_94200842BFF04437AAA7,블래키 VMAX,RRR,048/069,,10095,125738,39758,0.08,0.254,3.163,12.46,3.94,NO_MAP,,0,,RAW_STALE_LOW,KEEP_SCRYDEX,,LADDER_INFO_ONLY,
CRD_942E10EF9F344296906A,세레비 V,RR,003/070,141867,2166,58145,29806,0.037,0.073,1.951,26.84,13.76,NONE,,0,,RAW_STALE_LOW,KEEP_SCRYDEX,,LADDER_INFO_ONLY,
CRD_943E565364AF4EFD1086,,,,,3134,56019,18137,0.056,0.173,3.089,17.87,5.79,NO_MAP,,0,,RAW_STALE_LOW,KEEP_SCRYDEX,,LADDER_INFO_ONLY,
CRD_9445125D59134FE4BE11,메가캥카 ex,RR,051/063,659287,645,58508,31116,0.011,0.021,1.88,90.71,48.24,NONE,,0,,RAW_STALE_LOW,KEEP_SCRYDEX,,LADDER_INFO_ONLY,
CRD_945783958D7C43BAA6E9,거북왕 ex,RR,009/165,127778,1306,74848,32476,0.017,0.04,2.305,57.31,24.87,A_1M,9500,3,0.137,RAW_STALE_LOW;SNK_DIVERGENCE_LOW,MAPPING_REVIEW,,MAPPING_REVIEW,Y
CRD_94CA0CBDE6B040D88062,일격 우라오스 V,SR,075/070,98654,32235,77770,23024,0.414,1.4,3.378,2.41,0.71,A_3M,52250,1,0.617,RAW_OVER_PSA9,REVIEW_SNK_THIN,,KEEP,
CRD_94D776CD680F432CBF1B,루기아 V,SR,109/098,100566,19483,167563,30565,0.116,0.637,5.482,8.6,1.57,A_1M,41790,12,0.466,SNK_DIVERGENCE_LOW,REPLACE_WITH_SNK_A,,STRONG_REPLACE,
CRD_94DDE31A7F814C7DA629,지우의 피카츄,SM-P,041/SM-P,91259,61444,1772980,376641,0.035,0.163,4.707,28.86,6.13,NONE,,0,,RAW_STALE_LOW,KEEP_SCRYDEX,,LADDER_INFO_ONLY,
CRD_94EF2035A41A4B018525,레포르,SR,189/187,471671,2305,36345,7732,0.063,0.298,4.701,15.77,3.35,NONE,,0,,RAW_STALE_LOW,KEEP_SCRYDEX,,LADDER_INFO_ONLY,
CRD_9522A25A78764F77B225,M리자몽 EX,SR,104/100,91459,2304720,6042041,1524922,0.381,1.511,3.962,2.62,0.66,NONE,,0,,RAW_OVER_PSA9,KEEP_SCRYDEX,,KEEP,
CRD_9529FB33C2B2497B9A13,올리브,SR,106/096,102295,30730,58776,21253,0.523,1.446,2.766,1.91,0.69,NONE,,0,,RAW_OVER_PSA9,KEEP_SCRYDEX,,KEEP,
CRD_954796060C7F45978CE6,가디안 ex,RR,028/078,108328,661,46238,,0.014,,,69.95,,NONE,,0,,RAW_STALE_LOW,KEEP_SCRYDEX,,LADDER_INFO_ONLY,
CRD_95598861114B45F5BF5B,피나,SR,199/187,462391,1629,39556,7645,0.041,0.213,5.174,24.28,4.69,NONE,,0,,RAW_STALE_LOW,KEEP_SCRYDEX,,LADDER_INFO_ONLY,
CRD_956D4472B05C4FCF9992,뮤,SM-P,166/SM-P,,5040,272861,32690,0.018,0.154,8.347,54.14,6.49,NO_MAP,,0,,RAW_STALE_LOW,KEEP_SCRYDEX,,LADDER_INFO_ONLY,
CRD_95AD52C30E9448CCA98E,피죤투 ex,RR,089/108,132234,553,46268,15000,0.012,0.037,3.085,83.67,27.12,NONE,,0,,RAW_STALE_LOW,KEEP_SCRYDEX,,LADDER_INFO_ONLY,
CRD_95BB14D8C84E44EF9FFB,피죤,AR,119/108,132264,4917,44090,1223784,0.112,0.004,0.036,8.97,248.89,A_1M,9500,2,0.518,GRADED_INVERSION;RAW_STALE_LOW,REVIEW_SNK_THIN,,KEEP,Y
CRD_95CC285CB5F240BA8D2B,네오라이트 V,RR,002/044,139773,907,42813,,0.021,,,47.2,,NONE,,0,,RAW_STALE_LOW,KEEP_SCRYDEX,,LADDER_INFO_ONLY,
CRD_95CC63655EC74676BA27,땃쭈르,AR,072/063,664100,2712,42540,15198,0.064,0.178,2.799,15.69,5.6,NONE,,0,,RAW_STALE_LOW,KEEP_SCRYDEX,,LADDER_INFO_ONLY,
CRD_95DCB3753DC641EAB5CB,어흥염 ex,SR,085/071,186447,2520,57962,,0.043,,,23.0,,NONE,,0,,RAW_STALE_LOW,KEEP_SCRYDEX,,LADDER_INFO_ONLY,
CRD_96185C75E06F48A79770,라프라스 V,SSR,311/190,144773,6899,70114,20336,0.098,0.339,3.448,10.16,2.95,A_3M,13300,1,0.519,RAW_STALE_LOW,REVIEW_SNK_THIN,,LADDER_INFO_ONLY,
CRD_9622567E2CAF46A69C92,애프룡,AR,074/064,372325,3411,51860,35168,0.066,0.097,1.475,15.2,10.31,NONE,,0,,RAW_STALE_LOW,KEEP_SCRYDEX,,LADDER_INFO_ONLY,
CRD_96D90414AA724083A05A,테사,SAR,138/108,132282,9495,28746,17033,0.33,0.557,1.688,3.03,1.79,A_1M,19570,3,0.485,SNK_DIVERGENCE_LOW,REVIEW_SNK_THIN,,REVIEW_REPLACE,
CRD_96D925F04AA34FDBB8F1,육파리 ex,SSR,322/190,160956,1490,48034,9178,0.031,0.162,5.234,32.24,6.16,NONE,,0,,RAW_STALE_LOW,KEEP_SCRYDEX,,LADDER_INFO_ONLY,
CRD_96DCC4B3E85641EAA4E9,라우드본 ex,RR,032/190,151721,384,25198,,0.015,,,65.62,,NONE,,0,,RAW_STALE_LOW,KEEP_SCRYDEX,,LADDER_INFO_ONLY,
CRD_96E94DE3D95545C5ADE7,푸크린,S,252/190,,2889,82987,,0.035,,,28.73,,NO_MAP,,0,,RAW_STALE_LOW,KEEP_SCRYDEX,,LADDER_INFO_ONLY,
CRD_96F2AF373AC24B51B62E,아킬,SR,270/184,126531,2074,27935,14475,0.074,0.143,1.93,13.47,6.98,NONE,,0,,RAW_STALE_LOW,KEEP_SCRYDEX,,LADDER_INFO_ONLY,
CRD_9731F68B15FE4337BE2F,자포코일 EX,RR,030/080,380697,3181,44387,39755,0.072,0.08,1.117,13.95,12.5,NONE,,0,,RAW_STALE_LOW,KEEP_SCRYDEX,,LADDER_INFO_ONLY,
CRD_9740CC2128594EDDB54F,마쿠와,SR,261/184,126527,1398,35764,21085,0.039,0.066,1.696,25.58,15.08,NONE,,0,,RAW_STALE_LOW,KEEP_SCRYDEX,,LADDER_INFO_ONLY,
CRD_97880F5EB9DE47029F78,갑주무사 ex,RR,022/066,146981,446,116251,,0.004,,,260.65,,NONE,,0,,RAW_STALE_LOW,KEEP_SCRYDEX,,LADDER_INFO_ONLY,
CRD_979704595E1644E09F8A,난천의 화강돌,AR,208/193,730281,4702,67209,30089,0.07,0.156,2.234,14.29,6.4,A_1M,32062,5,0.147,RAW_STALE_LOW;SNK_DIVERGENCE_LOW,MAPPING_REVIEW,,MAPPING_REVIEW,
CRD_97AC02D307514BA797A4,다태우지네 V,RR,022/184,,522,77149,,0.007,,,147.8,,NO_MAP,,0,,RAW_STALE_LOW,KEEP_SCRYDEX,,LADDER_INFO_ONLY,
CRD_97AD638649C74896B30E,불화살빈,AR,073/071,120730,5455,60029,26785,0.091,0.204,2.241,11.0,4.91,NONE,,0,,RAW_STALE_LOW,KEEP_SCRYDEX,,LADDER_INFO_ONLY,
CRD_97D7C457DF3B41A8A619,마자용 BREAK,RR,055/131,391077,61444,231094,32029,0.266,1.918,7.215,3.76,0.52,NONE,,0,,RAW_OVER_PSA9,KEEP_SCRYDEX,,KEEP,
CRD_983678B45AB8425590AC,루기아 VSTAR,UR,123/098,100580,32942,213651,70977,0.154,0.464,3.01,6.49,2.15,A_1M,90250,30,0.365,SNK_DIVERGENCE_LOW,REPLACE_WITH_SNK_A,,STRONG_REPLACE,
CRD_983C1870E97945BEA0AB,아르세우스 VSTAR,RRR,084/100,139827,1644,52133,29602,0.032,0.056,1.761,31.71,18.01,NONE,,0,,RAW_STALE_LOW,KEEP_SCRYDEX,,LADDER_INFO_ONLY,
CRD_9854903EC2F54EBAB680,데덴네 ex,RR,038/073,114770,907,42632,15290,0.021,0.059,2.788,47.0,16.86,A_3M,9500,1,0.095,RAW_STALE_LOW;SNK_DIVERGENCE_LOW,MAPPING_REVIEW,,MAPPING_REVIEW,Y
CRD_98DAFEBB7A994BAB96D1,아크로마의 실험,SR,116/100,93377,3242,38241,,0.085,,,11.8,,NONE,,0,,RAW_STALE_LOW,KEEP_SCRYDEX,,LADDER_INFO_ONLY,
CRD_98F0514FA4E449CBA343,로켓단의 페르시온 ex,RR,079/098,550916,446,45725,26584,0.01,0.017,1.72,102.52,59.61,NONE,,0,,RAW_STALE_LOW,KEEP_SCRYDEX,,LADDER_INFO_ONLY,
CRD_9901D08249144F58A8BC,무쇠바퀴 ex,RR,058/078,108329,415,32354,,0.013,,,77.96,,NONE,,0,,RAW_STALE_LOW,KEEP_SCRYDEX,,LADDER_INFO_ONLY,
CRD_99651D6378CB49808433,비주기의 카리스마,SR,198/165,128113,4456,93393,22064,0.048,0.202,4.233,20.96,4.95,A_3M,9500,4,0.469,RAW_STALE_LOW;SNK_DIVERGENCE_LOW,REVIEW_SNK_THIN,,REVIEW_REPLACE,Y
CRD_9965F1D5629D4B62B22A,N의 조로아크 ex,RR,112/193,727386,461,39770,,0.012,,,86.27,,NONE,,0,,RAW_STALE_LOW,KEEP_SCRYDEX,,LADDER_INFO_ONLY,
CRD_9987ACD7E7C54BF8A0F8,요씽리스 V,RR,360/414,141382,937,19812,,0.047,,,21.14,,NONE,,0,,RAW_STALE_LOW,KEEP_SCRYDEX,,LADDER_INFO_ONLY,
CRD_999BE8DBCC6F40B48020,안농 V,RR,035/098,100548,676,64074,,0.011,,,94.78,,NONE,,0,,RAW_STALE_LOW,KEEP_SCRYDEX,,LADDER_INFO_ONLY,
CRD_99B80601C8BF404186BC,히스이 윈디 V,SR,104/098,100561,4041,57828,18364,0.07,0.22,3.149,14.31,4.54,NONE,,0,,RAW_STALE_LOW,KEEP_SCRYDEX,,LADDER_INFO_ONLY,
CRD_99CCE27B9E204E508DE3,갸라도스 VMAX,RRR,021/067,113250,5700,90811,18434,0.063,0.309,4.926,15.93,3.23,A_3M,24225,4,0.235,RAW_STALE_LOW;SNK_DIVERGENCE_LOW,MAPPING_REVIEW,,MAPPING_REVIEW,
CRD_9A06EA05B93C41B2BD2A,라이코 V,RR,038/172,103050,1045,54280,8899,0.019,0.117,6.1,51.94,8.52,NONE,,0,,RAW_STALE_LOW,KEEP_SCRYDEX,,LADDER_INFO_ONLY,
CRD_9A198103AC7443DC8A26,로켓단의 아폴로,SR,123/098,568900,4471,64433,32998,0.069,0.135,1.953,14.41,7.38,NONE,,0,,RAW_STALE_LOW,KEEP_SCRYDEX,,LADDER_INFO_ONLY,
CRD_9A22F928864948BBAE25,마오,SR,055/050,91359,115236,490266,225011,0.235,0.512,2.179,4.25,1.95,A_1M,427500,2,0.27,SNK_DIVERGENCE_LOW,MAPPING_REVIEW,,MAPPING_REVIEW,
CRD_9A4B2959A70847CFA3F5,에이팜,AR,075/066,152766,7483,83306,30458,0.09,0.246,2.735,11.13,4.07,NONE,,0,,RAW_STALE_LOW,KEEP_SCRYDEX,,LADDER_INFO_ONLY,
CRD_9A5EFFF204E8429BB966,내던숭이,CHR,203/184,126703,1813,44898,20661,0.04,0.088,2.173,24.76,11.4,NONE,,0,,RAW_STALE_LOW,KEEP_SCRYDEX,,LADDER_INFO_ONLY,
CRD_9A76495C6C6B99BBC074,,,,,415,56645,8703,0.007,0.048,6.509,136.49,20.97,NO_MAP,,0,,RAW_STALE_LOW,KEEP_SCRYDEX,,LADDER_INFO_ONLY,
CRD_9A786ECB0C1441ADB6E9,야부엉,AR,114/102,307291,3088,58765,19159,0.053,0.161,3.067,19.03,6.2,A_1M,9500,2,0.325,RAW_STALE_LOW;SNK_DIVERGENCE_LOW,MAPPING_REVIEW,,MAPPING_REVIEW,Y
CRD_9A8963B9CBC6485CB8D4,뚜꾸리,AR,096/086,584795,27403,75636,48088,0.362,0.57,1.573,2.76,1.75,A_3M,11400,3,2.404,SNK_DIVERGENCE_HIGH,REVIEW_SNK_THIN,,REVIEW_REPLACE,
CRD_9AA3BC6CA44A482D92F5,뮤츠 EX,RR,045/093,410278,22970,761957,68607,0.03,0.335,11.106,33.17,2.99,NONE,,0,,RAW_STALE_LOW,KEEP_SCRYDEX,,LADDER_INFO_ONLY,
CRD_9AC0516F5C3E4E83876E,루가루암,AR,107/100,506147,2735,62212,22110,0.044,0.124,2.814,22.75,8.08,NONE,,0,,RAW_STALE_LOW,KEEP_SCRYDEX,,LADDER_INFO_ONLY,
CRD_9AEA052EE47E4F54822F,피카츄 VMAX,RRR,046/184,141047,8312,126935,33950,0.065,0.245,3.739,15.27,4.08,A_1M,16616,29,0.5,RAW_STALE_LOW,REPLACE_WITH_SNK_A,,LADDER_INFO_ONLY,
CRD_9AEA1A49E1136BF4033C,,,,,1014,69689,40578,0.015,0.025,1.717,68.73,40.02,NO_MAP,,0,,RAW_STALE_LOW,KEEP_SCRYDEX,,LADDER_INFO_ONLY,
CRD_9B32F91113364341A405,구르데,S,209/190,,1029,22935,3058,0.045,0.336,7.5,22.29,2.97,NO_MAP,,0,,RAW_STALE_LOW,KEEP_SCRYDEX,,LADDER_INFO_ONLY,
CRD_9B35454E9FAA4465BC23,콩둘기,AR,153/086,608521,23216,94473,26972,0.246,0.861,3.503,4.07,1.16,A_3M,9500,1,2.444,SNK_DIVERGENCE_HIGH,REVIEW_SNK_THIN,,REVIEW_REPLACE,Y
CRD_9B57B62C08254A7582BA,화강돌,S,263/190,,2566,44051,15260,0.058,0.168,2.887,17.17,5.95,NO_MAP,,0,,RAW_STALE_LOW,KEEP_SCRYDEX,,LADDER_INFO_ONLY,
CRD_9BA6F88491964B2489ED,데덴네 GX,SR,057/055,104642,29961,51436,24159,0.582,1.24,2.129,1.72,0.81,A_3M,42750,1,0.701,RAW_OVER_PSA9,REVIEW_SNK_THIN,,KEEP,
CRD_9BE58FA4A9F6422D96ED,음번 ex,RR,058/071,,492,20895,,0.024,,,42.47,,NO_MAP,,0,,RAW_STALE_LOW,KEEP_SCRYDEX,,LADDER_INFO_ONLY,
CRD_9C10318D36A044519EB6,뮤츠 EX,RR,052/100,106318,46094,366353,27242,0.126,1.692,13.448,7.95,0.59,NONE,,0,,RAW_OVER_PSA9,KEEP_SCRYDEX,,KEEP,
CRD_9C111FFCAB0E4282A578,드래펄트 ex,RR,081/101,,522,29216,,0.018,,,55.97,,NO_MAP,,0,,RAW_STALE_LOW,KEEP_SCRYDEX,,LADDER_INFO_ONLY,
CRD_9C12DFB82488442E9159,피죤투 ex,RR,139/190,160950,507,44360,,0.011,,,87.5,,NONE,,0,,RAW_STALE_LOW,KEEP_SCRYDEX,,LADDER_INFO_ONLY,
CRD_9C3BF0A3D4544A87AE5F,찌리비크,S,251/190,,1567,35137,15290,0.045,0.102,2.298,22.42,9.76,NO_MAP,,0,,RAW_STALE_LOW,KEEP_SCRYDEX,,LADDER_INFO_ONLY,
CRD_9C5270DA79DC45DF87E7,앱솔 ex,SR,126/108,132271,4840,52828,27981,0.092,0.173,1.888,10.91,5.78,NONE,,0,,RAW_STALE_LOW,KEEP_SCRYDEX,,LADDER_INFO_ONLY,
CRD_9C6FB71861F94FB98F11,라이코 EX,SR,071/069,91622,76824,1404987,297914,0.055,0.258,4.716,18.29,3.88,NONE,,0,,RAW_STALE_LOW,KEEP_SCRYDEX,,LADDER_INFO_ONLY,
CRD_9C72C2A7A6AE408EADCE,메가루카리오 ex,RR,092/193,730136,538,47783,21410,0.011,0.025,2.232,88.82,39.8,NONE,,0,,RAW_STALE_LOW,KEEP_SCRYDEX,,LADDER_INFO_ONLY,
CRD_9CD4BE7C890148EC8776,고릴타 V,RR,009/190,144363,568,39793,,0.014,,,70.06,,NONE,,0,,RAW_STALE_LOW,KEEP_SCRYDEX,,LADDER_INFO_ONLY,
CRD_9CED595A24FE40AEBE4A,오거폰 우물의 가면 ex,RR,224/742,466330,415,41452,,0.01,,,99.88,,NONE,,0,,RAW_STALE_LOW,KEEP_SCRYDEX,,LADDER_INFO_ONLY,
CRD_9CFBBAADBD4644919823,무한다이노 VMAX,RRR,110/184,,1168,54173,,0.022,,,46.38,,NO_MAP,,0,,RAW_STALE_LOW,KEEP_SCRYDEX,,LADDER_INFO_ONLY,
CRD_9D03992C0F05472AB893,라쥬르네,SR,156/150,100070,61359,143739,50786,0.427,1.208,2.83,2.34,0.83,NONE,,0,,RAW_OVER_PSA9,KEEP_SCRYDEX,,KEEP,
CRD_9D2832A4A3F849E4BB06,암스타 V,SR,100/098,100557,2858,45593,,0.063,,,15.95,,NONE,,0,,RAW_STALE_LOW,KEEP_SCRYDEX,,LADDER_INFO_ONLY,
CRD_9D58E4813F2E44F48F9B,밀로틱 ex,SR,121/106,418747,3995,55977,21972,0.071,0.182,2.548,14.01,5.5,A_1M,14250,1,0.28,RAW_STALE_LOW;SNK_DIVERGENCE_LOW,MAPPING_REVIEW,,MAPPING_REVIEW,
CRD_9D5FE568CAD14D749F5B,야돈&고라파덕 GX,SR,096/094,104592,399485,1227620,247762,0.325,1.612,4.955,3.07,0.62,A_1M,574750,5,0.695,RAW_OVER_PSA9,REPLACE_WITH_SNK_A,,KEEP,
CRD_9D7E49141F244802BAB2,렌트라 ex,RR,246/742,252097,568,50953,47201,0.011,0.012,1.079,89.71,83.1,NONE,,0,,RAW_STALE_LOW,KEEP_SCRYDEX,,LADDER_INFO_ONLY,
CRD_9DE6CF5F7FF3427298C7,레트라,AR,092/080,753260,2827,69468,,0.041,,,24.57,,NONE,,0,,RAW_STALE_LOW,KEEP_SCRYDEX,,LADDER_INFO_ONLY,
CRD_9E3FF9A0219649098877,팔데아 켄타로스,S,223/190,,1997,32782,,0.061,,,16.42,,NO_MAP,,0,,RAW_STALE_LOW,KEEP_SCRYDEX,,LADDER_INFO_ONLY,
CRD_9E40D9EE7D9844C4868B,레지드래고 V,RR,076/098,100552,615,94619,,0.006,,,153.85,,NONE,,0,,RAW_STALE_LOW,KEEP_SCRYDEX,,LADDER_INFO_ONLY,
CRD_9EB378594AD7F975D818,,,,,568,57521,,0.01,,,101.27,,NO_MAP,,0,,RAW_STALE_LOW,KEEP_SCRYDEX,,LADDER_INFO_ONLY,
CRD_9EC2FDEB07C043AC8403,브리가론 BREAK,RR,015/131,389992,4225,764510,,0.006,,,180.95,,NONE,,0,,RAW_STALE_LOW,KEEP_SCRYDEX,,LADDER_INFO_ONLY,
CRD_9EC31C68BA49485F819E,던지미,AR,134/086,608504,5101,58928,16030,0.087,0.318,3.676,11.55,3.14,NONE,,0,,RAW_STALE_LOW,KEEP_SCRYDEX,,LADDER_INFO_ONLY,
CRD_9F16F13DF68C4204B8EF,메가라티아스 ex,RR,049/063,628170,630,39911,17247,0.016,0.037,2.314,63.35,27.38,NONE,,0,,RAW_STALE_LOW,KEEP_SCRYDEX,,LADDER_INFO_ONLY,
CRD_9F22D144C3944837A628,흉내내,S,262/190,,2243,45806,,0.049,,,20.42,,NO_MAP,,0,,RAW_STALE_LOW,KEEP_SCRYDEX,,LADDER_INFO_ONLY,
CRD_9F31701D86B049C6865C,마피티프,S,296/190,,1275,21276,,0.06,,,16.69,,NO_MAP,,0,,RAW_STALE_LOW,KEEP_SCRYDEX,,LADDER_INFO_ONLY,
CRD_9F67BA0A6712493A867F,자포코일 ex,SR,093/078,110913,1828,35978,,0.051,,,19.68,,NONE,,0,,RAW_STALE_LOW,KEEP_SCRYDEX,,LADDER_INFO_ONLY,
CRD_9F78C4AD792F4C16A076,아이앤트 ex,SR,119/106,418745,1629,44693,16070,0.036,0.101,2.781,27.44,9.86,NONE,,0,,RAW_STALE_LOW,KEEP_SCRYDEX,,LADDER_INFO_ONLY,
CRD_9F8FFB7BF27D8094E176,,,,,4072,41192,,0.099,,,10.12,,NO_MAP,,0,,RAW_STALE_LOW,KEEP_SCRYDEX,,LADDER_INFO_ONLY,
CRD_9FA75D54C4294BA2BBBB,히스이 대검귀 VSTAR,RRR,087/172,103075,876,47496,29418,0.018,0.03,1.615,54.22,33.58,NONE,,0,,RAW_STALE_LOW,KEEP_SCRYDEX,,LADDER_INFO_ONLY,
CRD_9FAFB1939CF44F30ACE6,암멍이,CHR,202/184,126704,4563,66323,76971,0.069,0.059,0.862,14.53,16.87,NONE,,0,,GRADED_INVERSION;RAW_STALE_LOW,KEEP_SCRYDEX,,KEEP,
CRD_A015A394F46844D180E4,케르디오 ex,SR,161/086,608599,2366,36567,13761,0.065,0.172,2.657,15.46,5.82,A_3M,9500,1,0.249,RAW_STALE_LOW;SNK_DIVERGENCE_LOW,MAPPING_REVIEW,,MAPPING_REVIEW,Y
CRD_A045FBD15C434CEA9670,리자몽 ex,RR,066/108,132211,5224,100801,37314,0.052,0.14,2.701,19.3,7.14,A_3M,9500,1,0.55,RAW_STALE_LOW,REVIEW_SNK_THIN,,LADDER_INFO_ONLY,Y
CRD_A04FE8D9C75D4F5EAF0C,히스이 블레이범 VSTAR,RRR,029/067,139648,1214,45156,21303,0.027,0.057,2.12,37.2,17.55,NONE,,0,,RAW_STALE_LOW,KEEP_SCRYDEX,,LADDER_INFO_ONLY,
CRD_A0A34021C9D745B4A3EF,강석,SR,085/066,151708,2551,32049,15489,0.08,0.165,2.069,12.56,6.07,NONE,,0,,RAW_STALE_LOW,KEEP_SCRYDEX,,LADDER_INFO_ONLY,
CRD_A0F533475FB645238571,이상해꽃&주리비얀 GX,SR,066/064,104573,84491,377882,117566,0.224,0.719,3.214,4.47,1.39,A_3M,188100,1,0.449,SNK_DIVERGENCE_LOW,REVIEW_SNK_THIN,,REVIEW_REPLACE,
CRD_A10639DEF1044108891B,팬텀 EX,RR,048/131,390544,69142,1296114,74922,0.053,0.923,17.3,18.75,1.08,A_3M,370500,1,0.187,RAW_STALE_LOW;SNK_DIVERGENCE_LOW,MAPPING_REVIEW,,MAPPING_REVIEW,
CRD_A12C9EE7BBA246C489B7,님피아 VMAX,RRR,041/069,141687,6138,89494,37520,0.069,0.164,2.385,14.58,6.11,A_1M,9500,7,0.646,RAW_STALE_LOW,REPLACE_WITH_SNK_A,,LADDER_INFO_ONLY,Y
CRD_A14B9AB5F1C8622F9CB1,,,,,599,38347,18390,0.016,0.033,2.085,64.02,30.7,NO_MAP,,0,,RAW_STALE_LOW,KEEP_SCRYDEX,,LADDER_INFO_ONLY,
CRD_A180773A019F4C8BA2B4,드래펄트 V,RR,088/190,,860,59708,,0.014,,,69.43,,NO_MAP,,0,,RAW_STALE_LOW,KEEP_SCRYDEX,,LADDER_INFO_ONLY,
CRD_A19450B9771AF13689F1,,,,,722,51678,26124,0.014,0.028,1.978,71.58,36.18,NO_MAP,,0,,RAW_STALE_LOW,KEEP_SCRYDEX,,LADDER_INFO_ONLY,
CRD_A23AE6A8E89D4058AA29,피카츄,SM-P,022/SM-P,,56850,640571,39654,0.089,1.434,16.154,11.27,0.7,NO_MAP,,0,,RAW_OVER_PSA9;RAW_STALE_LOW,KEEP_SCRYDEX,,KEEP,
CRD_A2686BFC7EE14D7788F6,로켓단의 닥트리오,AR,206/193,730943,3749,74272,25560,0.05,0.147,2.906,19.81,6.82,A_1M,9500,2,0.395,RAW_STALE_LOW;SNK_DIVERGENCE_LOW,REVIEW_SNK_THIN,,REVIEW_REPLACE,Y
CRD_A26B2D231CB94EECBAE3,다크펫 GX,RR,031/066,391764,5455,61268,,0.089,,,11.23,,NONE,,0,,RAW_STALE_LOW,KEEP_SCRYDEX,,LADDER_INFO_ONLY,
CRD_A2809ACDAA524CC6B457,야청,HR,118/100,101651,63533,97337,19886,0.653,3.195,4.895,1.53,0.31,NONE,,0,,RAW_OVER_PSA9,KEEP_SCRYDEX,,KEEP,
CRD_A2846300EA0942BBBD3C,M전룡 EX,SR,086/081,385525,23047,891758,328600,0.026,0.07,2.714,38.69,14.26,NONE,,0,,RAW_STALE_LOW,KEEP_SCRYDEX,,LADDER_INFO_ONLY,
CRD_A2BF0189A7944E14A265,밀로틱 V,SR,099/096,145427,20696,65656,16919,0.315,1.223,3.881,3.17,0.82,NONE,,0,,RAW_OVER_PSA9,KEEP_SCRYDEX,,KEEP,
CRD_A2D5C36D69B54AE9834C,블래키 GX,RR,037/060,106181,28271,480864,71959,0.059,0.393,6.682,17.01,2.55,A_1M,142490,11,0.198,RAW_STALE_LOW;SNK_DIVERGENCE_LOW,MAPPING_REVIEW,,MAPPING_REVIEW,
CRD_A2E2C941F5B941E8996D,수련의 돌봄,SR,087/066,221942,5224,62427,31834,0.084,0.164,1.961,11.95,6.09,A_3M,23750,1,0.22,RAW_STALE_LOW;SNK_DIVERGENCE_LOW,MAPPING_REVIEW,,MAPPING_REVIEW,
CRD_A313B53B087D4A94B80A,쥬피썬더 V,RR,130/414,112523,1875,73645,23998,0.025,0.078,3.069,39.28,12.8,A_3M,9500,1,0.197,RAW_STALE_LOW;SNK_DIVERGENCE_LOW,MAPPING_REVIEW,,MAPPING_REVIEW,Y
CRD_A371FDE27863442B9247,석탄산,S,268/190,,2213,35186,,0.063,,,15.9,,NO_MAP,,0,,RAW_STALE_LOW,KEEP_SCRYDEX,,LADDER_INFO_ONLY,
CRD_A3B4ED53661A41AD9BE6,티고라스,AR,089/080,753309,4410,108537,53516,0.041,0.082,2.028,24.61,12.14,A_3M,9500,1,0.464,RAW_STALE_LOW;SNK_DIVERGENCE_LOW,REVIEW_SNK_THIN,,REVIEW_REPLACE,Y
CRD_A3C2192851584CFC8246,소도와 실디,SR,267/184,126524,3073,43470,13761,0.071,0.223,3.159,14.15,4.48,NONE,,0,,RAW_STALE_LOW,KEEP_SCRYDEX,,LADDER_INFO_ONLY,
CRD_A4182C43172645D6AA8D,아세로라의 장난,SR,085/063,664122,6115,89608,20764,0.068,0.295,4.316,14.65,3.4,A_1M,17100,38,0.358,RAW_STALE_LOW;SNK_DIVERGENCE_LOW,REPLACE_WITH_SNK_A,,STRONG_REPLACE,
CRD_A427D3F18204D2955D21,,,,,28348,128066,16929,0.221,1.675,7.565,4.52,0.6,NO_MAP,,0,,RAW_OVER_PSA9,KEEP_SCRYDEX,,KEEP,
CRD_A45225946385449CBE53,제라오라 V,RR,024/070,141888,1321,91741,15290,0.014,0.086,6.0,69.45,11.57,NONE,,0,,RAW_STALE_LOW,KEEP_SCRYDEX,,LADDER_INFO_ONLY,
CRD_A4815295611D6BD8CF43,,,,,4164,74942,33842,0.056,0.123,2.214,18.0,8.13,NO_MAP,,0,,RAW_STALE_LOW,KEEP_SCRYDEX,,LADDER_INFO_ONLY,
CRD_A497F0378C1349F19C8B,에이스번 ex,RR,139/742,318854,568,34097,22737,0.017,0.025,1.5,60.03,40.03,NONE,,0,,RAW_STALE_LOW,KEEP_SCRYDEX,,LADDER_INFO_ONLY,
CRD_A4B8753A4E844EE09CBA,로켓단의 파이어 ex,RR,015/098,560968,676,56421,28960,0.012,0.023,1.948,83.46,42.84,NONE,,0,,RAW_STALE_LOW,KEEP_SCRYDEX,,LADDER_INFO_ONLY,
CRD_A4DBE3E0E159125E3B57,,,,,3519,213513,34765,0.016,0.101,6.142,60.67,9.88,NO_MAP,,0,,RAW_STALE_LOW,KEEP_SCRYDEX,,LADDER_INFO_ONLY,
CRD_A4F869F470ED469F8FDF,스트린더,S,246/190,,1321,34984,19877,0.038,0.066,1.76,26.48,15.05,NO_MAP,,0,,RAW_STALE_LOW,KEEP_SCRYDEX,,LADDER_INFO_ONLY,
CRD_A502FAAAF5E44D6EB6F0,갑주무사 GX,RR,008/150,112745,2796,,26758,,0.104,,,9.57,NONE,,0,,RAW_STALE_LOW,KEEP_SCRYDEX,,LADDER_INFO_ONLY,
CRD_A5262AA512774BD48654,오거폰 벽록의 가면 ex,SR,114/101,256066,3565,46666,24327,0.076,0.147,1.918,13.09,6.82,A_3M,9500,1,0.375,RAW_STALE_LOW;SNK_DIVERGENCE_LOW,REVIEW_SNK_THIN,,REVIEW_REPLACE,Y
CRD_A54C3A0567954337AFBE,찌로꼬치,S,230/190,,2827,75095,19886,0.038,0.142,3.776,26.56,7.03,NO_MAP,,0,,RAW_STALE_LOW,KEEP_SCRYDEX,,LADDER_INFO_ONLY,
CRD_A55C953959164A8EBF09,히스이 윈디,CHR,075/071,126698,6108,73444,16538,0.083,0.369,4.441,12.02,2.71,A_1M,9500,2,0.643,RAW_STALE_LOW,REVIEW_SNK_THIN,,LADDER_INFO_ONLY,Y
CRD_A59B08DC49AD4E5FBFA7,고동치는달 ex,RR,054/066,138252,538,48317,,0.011,,,89.81,,NONE,,0,,RAW_STALE_LOW,KEEP_SCRYDEX,,LADDER_INFO_ONLY,
CRD_A5A4F5FFC9A3433F8793,빈티나,AR,110/106,408338,5024,62078,24154,0.081,0.208,2.57,12.36,4.81,A_3M,9500,1,0.529,RAW_STALE_LOW,REVIEW_SNK_THIN,,LADDER_INFO_ONLY,Y
CRD_A5AE23F47A2B49218CB4,대코파스,AR,088/080,753308,2074,67826,28287,0.031,0.073,2.398,32.7,13.64,NONE,,0,,RAW_STALE_LOW,KEEP_SCRYDEX,,LADDER_INFO_ONLY,
CRD_A5B83823B6344946A314,피카츄 ex,SAR,132/106,408333,322676,1067268,549931,0.302,0.587,1.941,3.31,1.7,A_1M,855000,28,0.377,SNK_DIVERGENCE_LOW,REPLACE_WITH_SNK_A,,STRONG_REPLACE,
CRD_A5BC4873149245CAB6B3,바닥트리오 ex,RR,025/071,180165,399,18536,10708,0.022,0.037,1.731,46.46,26.84,NONE,,0,,RAW_STALE_LOW,KEEP_SCRYDEX,,LADDER_INFO_ONLY,
CRD_A5D2567F7CE3427BA8CF,종길,SR,087/066,152786,1782,40473,9174,0.044,0.194,4.412,22.71,5.15,NONE,,0,,RAW_STALE_LOW,KEEP_SCRYDEX,,LADDER_INFO_ONLY,
CRD_A5FA3E3050F046ACB362,요가램,AR,207/193,730944,2535,71000,28760,0.036,0.088,2.469,28.01,11.35,A_1M,9500,1,0.267,RAW_STALE_LOW;SNK_DIVERGENCE_LOW,MAPPING_REVIEW,,MAPPING_REVIEW,Y
CRD_A60634103BDB41F18C31,돌헨진,S,274/190,,2443,27535,,0.089,,,11.27,,NO_MAP,,0,,RAW_STALE_LOW,KEEP_SCRYDEX,,LADDER_INFO_ONLY,
CRD_A6097CD29C7E4A2C9ACE,보스의 지령(태홍),SR,246/172,105560,4901,62369,1514,0.079,3.237,41.195,12.73,0.31,A_1M,17100,2,0.287,RAW_OVER_PSA9;RAW_STALE_LOW;SNK_DIVERGENCE_LOW,MAPPING_REVIEW,,MAPPING_REVIEW,
CRD_A69A3C32BD2A4EA590C3,모토마 ex,RR,051/064,379008,476,33279,28807,0.014,0.017,1.155,69.91,60.52,NONE,,0,,RAW_STALE_LOW,KEEP_SCRYDEX,,LADDER_INFO_ONLY,
CRD_A6CB88032E43434B998F,메가플라엣테 ex,SR,099/083,776350,8282,182797,,0.045,,,22.07,,NONE,,0,,RAW_STALE_LOW,KEEP_SCRYDEX,,LADDER_INFO_ONLY,
CRD_A6E16EBEE75C492DA24E,바다그다,AR,081/078,110908,23047,130736,17706,0.176,1.302,7.384,5.67,0.77,A_1M,9500,3,2.426,RAW_OVER_PSA9;SNK_DIVERGENCE_HIGH,REVIEW_SNK_THIN,,REVIEW_REPLACE,Y
CRD_A6FB671794764AE49A66,모단단게,AR,107/102,318879,2412,54444,15091,0.044,0.16,3.608,22.57,6.26,NONE,,0,,RAW_STALE_LOW,KEEP_SCRYDEX,,LADDER_INFO_ONLY,
CRD_A71CDBCAB7AB42309937,레지에레키 V,SR,101/098,100558,3780,39831,9174,0.095,0.412,4.342,10.54,2.43,NONE,,0,,RAW_STALE_LOW,KEEP_SCRYDEX,,LADDER_INFO_ONLY,
CRD_A73E9FF2F0254E999421,페라페,AR,081/071,186429,4502,93519,28297,0.048,0.159,3.305,20.77,6.29,NONE,,0,,RAW_STALE_LOW,KEEP_SCRYDEX,,LADDER_INFO_ONLY,
CRD_A7955AC1C4F2421B940F,백마 버드렉스 VMAX,RRR,028/070,,1198,45678,15297,0.026,0.078,2.986,38.13,12.77,NO_MAP,,0,,RAW_STALE_LOW,KEEP_SCRYDEX,,LADDER_INFO_ONLY,
CRD_A7F47D7A90F24520988F,심향의 칠색조 ex,RR,020/063,518766,545,34680,19761,0.016,0.028,1.755,63.63,36.26,NONE,,0,,RAW_STALE_LOW,KEEP_SCRYDEX,,LADDER_INFO_ONLY,
CRD_A807FE059D28421A9D89,박사의 연구(투로박사),SR,099/078,110934,2597,47190,19816,0.055,0.131,2.381,18.17,7.63,NONE,,0,,RAW_STALE_LOW,KEEP_SCRYDEX,,LADDER_INFO_ONLY,
CRD_A81F66DC2106497F8D12,육파리,AR,068/066,146994,3488,54692,22204,0.064,0.157,2.463,15.68,6.37,NONE,,0,,RAW_STALE_LOW,KEEP_SCRYDEX,,LADDER_INFO_ONLY,
CRD_A82AA6D16570455DA915,둔타,AR,198/193,731014,2904,64230,22418,0.045,0.13,2.865,22.12,7.72,A_1M,9500,1,0.306,RAW_STALE_LOW;SNK_DIVERGENCE_LOW,MAPPING_REVIEW,,MAPPING_REVIEW,Y
CRD_A82C4C53C3004C17A955,레지드래고 VSTAR,RRR,077/098,100553,891,43761,19877,0.02,0.045,2.202,49.11,22.31,NONE,,0,,RAW_STALE_LOW,KEEP_SCRYDEX,,LADDER_INFO_ONLY,
CRD_A87D1D76614640AC9160,M피죤투 EX,RR,065/100,106659,59400,139134,32038,0.427,1.854,4.343,2.34,0.54,NONE,,0,,RAW_OVER_PSA9,KEEP_SCRYDEX,,KEEP,
CRD_A891C8ACBE5B4F3F8F48,스이쿤 GX,RR,028/095,335095,5055,74331,20881,0.068,0.242,3.56,14.7,4.13,NONE,,0,,RAW_STALE_LOW,KEEP_SCRYDEX,,LADDER_INFO_ONLY,
CRD_A89A6F539FAC4AC7ADA2,무쇠무인 ex,SR,080/066,152768,2612,69620,16783,0.038,0.156,4.148,26.65,6.43,NONE,,0,,RAW_STALE_LOW,KEEP_SCRYDEX,,LADDER_INFO_ONLY,
CRD_A8B5785909B448EBB9B7,펌킨인 ex,SR,100/083,776351,3303,,,,,,,,A_3M,13775,1,0.24,SNK_DIVERGENCE_LOW,MAPPING_REVIEW,,MAPPING_REVIEW,
CRD_A92DDFDA2A8542FDA6F0,월로,SR,248/172,105531,2136,55374,26926,0.039,0.079,2.057,25.92,12.61,NONE,,0,,RAW_STALE_LOW,KEEP_SCRYDEX,,LADDER_INFO_ONLY,
CRD_A9971F75407F4A80908E,히스이 조로아크 VSTAR,RRR,129/172,103046,968,31652,8964,0.031,0.108,3.531,32.7,9.26,NONE,,0,,RAW_STALE_LOW,KEEP_SCRYDEX,,LADDER_INFO_ONLY,
CRD_A99D593C22354D17A334,메가눈설왕 ex,RR,018/063,659267,492,61757,20672,0.008,0.024,2.987,125.52,42.02,NONE,,0,,RAW_STALE_LOW,KEEP_SCRYDEX,,LADDER_INFO_ONLY,
CRD_A9AEC318816D44429B63,음번 V,RR,321/414,141501,1291,100059,,0.013,,,77.51,,NONE,,0,,RAW_STALE_LOW,KEEP_SCRYDEX,,LADDER_INFO_ONLY,
CRD_A9D7A6D3DC694E4280F3,사철록,AR,073/071,184141,27119,95332,41299,0.284,0.657,2.308,3.52,1.52,A_1M,83600,2,0.324,SNK_DIVERGENCE_LOW,MAPPING_REVIEW,,MAPPING_REVIEW,
CRD_A9DF06F1FA7544AD83E2,나인테일 ex,RR,038/165,127834,814,134569,15260,0.006,0.053,8.818,165.32,18.75,A_3M,9500,1,0.086,RAW_STALE_LOW;SNK_DIVERGENCE_LOW,MAPPING_REVIEW,,MAPPING_REVIEW,Y
CRD_AA3AA58E730E469981E5,독케일,AR,195/193,731013,2320,58796,24052,0.039,0.096,2.445,25.34,10.37,NONE,,0,,RAW_STALE_LOW,KEEP_SCRYDEX,,LADDER_INFO_ONLY,
CRD_AA42D1C0CC194B35AB8C,트래피더 ex,SR,091/078,110930,1629,44632,,0.036,,,27.4,,NONE,,0,,RAW_STALE_LOW,KEEP_SCRYDEX,,LADDER_INFO_ONLY,
CRD_AA4A41F8F67F4044A169,레쿠쟈 EX,PR,,411767,39180,2542795,,0.015,,,64.9,,A_1M,712500,5,0.055,RAW_STALE_LOW;SNK_DIVERGENCE_LOW,MAPPING_REVIEW,,MAPPING_REVIEW,
CRD_AA56EE51E5024865B7F9,제르네아스 EX,SR,063/060,108510,69142,250935,33638,0.276,2.055,7.46,3.63,0.49,NONE,,0,,RAW_OVER_PSA9,KEEP_SCRYDEX,,KEEP,
CRD_AA70617DE38A4AB8A0AC,줄뮤마,AR,072/066,151706,4348,64661,13761,0.067,0.316,4.699,14.87,3.16,NONE,,0,,RAW_STALE_LOW,KEEP_SCRYDEX,,LADDER_INFO_ONLY,
CRD_AA80CBBC30D44512BB73,태권왕의 수련,SR,221/193,730946,1629,69494,13792,0.023,0.118,5.039,42.66,8.47,A_3M,9500,4,0.171,RAW_STALE_LOW;SNK_DIVERGENCE_LOW,MAPPING_REVIEW,,MAPPING_REVIEW,Y
CRD_AB63174A5154445782F6,호브의 우르,AR,112/100,502987,1844,60448,27479,0.031,0.067,2.2,32.78,14.9,NONE,,0,,RAW_STALE_LOW,KEEP_SCRYDEX,,LADDER_INFO_ONLY,
CRD_ABB584CF354344D0820F,팬텀 ex,RR,445/742,180170,7559,90908,44076,0.083,0.171,2.063,12.03,5.83,A_3M,10925,7,0.692,RAW_STALE_LOW,REPLACE_WITH_SNK_A,,LADDER_INFO_ONLY,
CRD_ABBEF153A31344B5ACCA,우렁찬꼬리,AR,071/066,148944,7344,80641,25443,0.091,0.289,3.169,10.98,3.46,NONE,,0,,RAW_STALE_LOW,KEEP_SCRYDEX,,LADDER_INFO_ONLY,
CRD_ABC8E286EC2E4320896C,훔처우,S,280/190,,2873,60291,13768,0.048,0.209,4.379,20.99,4.79,NO_MAP,,0,,RAW_STALE_LOW,KEEP_SCRYDEX,,LADDER_INFO_ONLY,
CRD_ABD8EEE619A649568E06,멜메탈 V,SR,077/071,137122,2474,100168,24487,0.025,0.101,4.091,40.49,9.9,NONE,,0,,RAW_STALE_LOW,KEEP_SCRYDEX,,LADDER_INFO_ONLY,
CRD_AC463A6E41054C3A8E71,가라르 나옹,S,285/190,,3872,67514,10728,0.057,0.361,6.293,17.44,2.77,NO_MAP,,0,,RAW_STALE_LOW,KEEP_SCRYDEX,,LADDER_INFO_ONLY,
CRD_AC613BBC6EE14C01A490,헬가,CHR,206/184,126694,3488,55540,29488,0.063,0.118,1.883,15.92,8.45,A_3M,14060,1,0.248,RAW_STALE_LOW;SNK_DIVERGENCE_LOW,MAPPING_REVIEW,,MAPPING_REVIEW,
CRD_AC64EB9FF98F4DD68A0B,원더래버린스(프리즘스타),PR,145/150,,3073,99432,,0.031,,,32.36,,NO_MAP,,0,,RAW_STALE_LOW,KEEP_SCRYDEX,,LADDER_INFO_ONLY,
CRD_AC75F54F4CA8440381E1,랄토스,S,258/190,,5301,55590,22135,0.095,0.239,2.511,10.49,4.18,NO_MAP,,0,,RAW_STALE_LOW,KEEP_SCRYDEX,,LADDER_INFO_ONLY,
CRD_ACE083AA03F94FF58441,약어리 GX,RR,039/173,396021,1037,43294,18921,0.024,0.055,2.288,41.75,18.25,NONE,,0,,RAW_STALE_LOW,KEEP_SCRYDEX,,LADDER_INFO_ONLY,
CRD_ACF61B33CDD24476B1C0,가라르 파이어 V,CSR,242/184,96692,14136,107907,26724,0.131,0.529,4.038,7.63,1.89,A_3M,28500,5,0.496,SNK_DIVERGENCE_LOW,REPLACE_WITH_SNK_A,,STRONG_REPLACE,
CRD_AD5DBA8969314EA6A9F3,모크나이퍼 ex,SR,093/080,753261,5547,76535,,0.072,,,13.8,,A_3M,28500,1,0.195,RAW_STALE_LOW;SNK_DIVERGENCE_LOW,MAPPING_REVIEW,,MAPPING_REVIEW,
CRD_AD847DF3679D4F45A446,가라르 불비달마 V,RR,023/100,144975,1352,22946,,0.059,,,16.97,,NONE,,0,,RAW_STALE_LOW,KEEP_SCRYDEX,,LADDER_INFO_ONLY,
CRD_AD8BBF65FE79434B9A17,꼬이밍고,S,319/190,,1506,42094,,0.036,,,27.95,,NO_MAP,,0,,RAW_STALE_LOW,KEEP_SCRYDEX,,LADDER_INFO_ONLY,
CRD_ADB6937D5829468DB1AF,데덴네,AR,085/080,753258,5593,85552,30580,0.065,0.183,2.798,15.3,5.47,A_1M,9500,6,0.589,RAW_STALE_LOW,REPLACE_WITH_SNK_A,,LADDER_INFO_ONLY,Y
CRD_ADDEC4B6D7EC4C7FA90E,리자몽 ex,UR,139/108,132284,55221,383058,74234,0.144,0.744,5.16,6.94,1.34,A_1M,156750,26,0.352,SNK_DIVERGENCE_LOW,REPLACE_WITH_SNK_A,,STRONG_REPLACE,
CRD_ADE314545C9C40C2BE9D,팔데아 토오 ex,SR,091/073,116077,4533,41453,38226,0.109,0.119,1.084,9.14,8.43,NONE,,0,,RAW_STALE_LOW,KEEP_SCRYDEX,,LADDER_INFO_ONLY,
CRD_ADEEB51643EF48499D9B,가라르 지그제구리,S,277/190,,2320,66344,,0.035,,,28.6,,NO_MAP,,0,,RAW_STALE_LOW,KEEP_SCRYDEX,,LADDER_INFO_ONLY,
CRD_ADFEF65AFEF8421CA287,카푸꼬꼬꼭 ex,SR,077/062,140301,1890,36911,,0.051,,,19.53,,NONE,,0,,RAW_STALE_LOW,KEEP_SCRYDEX,,LADDER_INFO_ONLY,
CRD_AE113DCC3BAE4D84AB6A,뮤츠 GX,SR,075/072,91336,112670,1443135,186647,0.078,0.604,7.732,12.81,1.66,A_3M,513000,3,0.22,RAW_STALE_LOW;SNK_DIVERGENCE_LOW,MAPPING_REVIEW,,MAPPING_REVIEW,
CRD_AE252DCBF6FA4506ACCD,메가샤크니아 ex,RR,051/080,687283,553,42094,,0.013,,,76.12,,NONE,,0,,RAW_STALE_LOW,KEEP_SCRYDEX,,LADDER_INFO_ONLY,
CRD_AEDD96FFA5A84E749D76,M뮤츠 EX,RR,026/059,389892,22279,486303,,0.046,,,21.83,,NONE,,0,,RAW_STALE_LOW,KEEP_SCRYDEX,,LADDER_INFO_ONLY,
CRD_AF4C346FDD977213161F,,,,,5140,58115,17652,0.088,0.291,3.292,11.31,3.43,NO_MAP,,0,,RAW_STALE_LOW,KEEP_SCRYDEX,,LADDER_INFO_ONLY,
CRD_AF533FDCBFB840229CB0,칼라마네로,CHR,199/184,126695,2090,43498,26868,0.048,0.078,1.619,20.81,12.86,NONE,,0,,RAW_STALE_LOW,KEEP_SCRYDEX,,LADDER_INFO_ONLY,
CRD_AF6C72E18B814568BD91,블래키 V,SR,084/069,96549,47877,315175,71864,0.152,0.666,4.386,6.58,1.5,A_1M,114000,20,0.42,SNK_DIVERGENCE_LOW,REPLACE_WITH_SNK_A,,STRONG_REPLACE,
CRD_AF8F92C88D0B402AAEA9,래비풋,AR,106/102,318878,4010,72934,22981,0.055,0.174,3.174,18.19,5.73,NONE,,0,,RAW_STALE_LOW,KEEP_SCRYDEX,,LADDER_INFO_ONLY,
CRD_AF944BBA321248A08EBC,브리두라스,AR,113/102,325684,2658,54846,23088,0.048,0.115,2.376,20.63,8.69,NONE,,0,,RAW_STALE_LOW,KEEP_SCRYDEX,,LADDER_INFO_ONLY,
CRD_AFEB8972DDD3469BB268,레시라무 GX,SSR,211/150,112778,56327,295804,78538,0.19,0.717,3.766,5.25,1.39,A_3M,189990,2,0.296,SNK_DIVERGENCE_LOW,MAPPING_REVIEW,,MAPPING_REVIEW,
CRD_B0077688E0674FEE8A14,시바,HR,086/070,144221,10679,149813,,0.071,,,14.03,,NONE,,0,,RAW_STALE_LOW,KEEP_SCRYDEX,,LADDER_INFO_ONLY,
CRD_B00F854C44414288BAFB,로즈,SR,192/190,126512,1936,201818,6116,0.01,0.317,32.998,104.24,3.16,NONE,,0,,RAW_STALE_LOW,KEEP_SCRYDEX,,LADDER_INFO_ONLY,
CRD_B01199DFD87D423494E0,브리가론 V,SR,099/098,100556,2412,59739,,0.04,,,24.77,,NONE,,0,,RAW_STALE_LOW,KEEP_SCRYDEX,,LADDER_INFO_ONLY,
CRD_B03010105C7A46FDAE73,무쇠보따리,AR,071/066,148932,3073,63218,24805,0.049,0.124,2.549,20.57,8.07,NONE,,0,,RAW_STALE_LOW,KEEP_SCRYDEX,,LADDER_INFO_ONLY,
CRD_B04BCC71D4004F4F96FC,마기라스 ex,RR,032/108,132177,707,46525,15168,0.015,0.047,3.067,65.81,21.45,NONE,,0,,RAW_STALE_LOW,KEEP_SCRYDEX,,LADDER_INFO_ONLY,
CRD_B06B18A181FB456ABDCB,암팰리스,AR,067/063,539602,2013,65594,8715,0.031,0.231,7.527,32.59,4.33,NONE,,0,,RAW_STALE_LOW,KEEP_SCRYDEX,,LADDER_INFO_ONLY,
CRD_B071913DFA814921BA27,게노세크트 ex,RR,512/742,,353,31345,,0.011,,,88.8,,NO_MAP,,0,,RAW_STALE_LOW,KEEP_SCRYDEX,,LADDER_INFO_ONLY,
CRD_B075334FB615451B877A,눈꼬마,AR,063/062,137231,5777,78867,23501,0.073,0.246,3.356,13.65,4.07,NONE,,0,,RAW_STALE_LOW,KEEP_SCRYDEX,,LADDER_INFO_ONLY,
CRD_B08CE2F4339B49479056,가디안 ex,RR,082/190,156432,561,76340,14539,0.007,0.039,5.251,136.08,25.92,NONE,,0,,RAW_STALE_LOW,KEEP_SCRYDEX,,LADDER_INFO_ONLY,
CRD_B0A1FB4261674D529764,시라칸,AR,077/071,180177,3872,63708,23210,0.061,0.167,2.745,16.45,5.99,A_1M,9500,1,0.408,RAW_STALE_LOW;SNK_DIVERGENCE_LOW,REVIEW_SNK_THIN,,REVIEW_REPLACE,Y
CRD_B0B1E680E6EB4FC091EE,M가디안 EX,RR,092/171,768282,46079,125364,29816,0.368,1.545,4.205,2.72,0.65,NONE,,0,,RAW_OVER_PSA9,KEEP_SCRYDEX,,KEEP,
CRD_B0FE7331201C44AB8455,리피아 VMAX,RRR,003/069,141655,4133,76630,38730,0.054,0.107,1.979,18.54,9.37,A_1M,9500,6,0.435,RAW_STALE_LOW;SNK_DIVERGENCE_LOW,REPLACE_WITH_SNK_A,,REVIEW_REPLACE,Y
CRD_B11B7BA4E82A41EA95F8,대검귀,AR,104/086,584800,23585,90663,33440,0.26,0.705,2.711,3.84,1.42,A_3M,9500,2,2.483,SNK_DIVERGENCE_HIGH,REVIEW_SNK_THIN,,REVIEW_REPLACE,Y
CRD_B124B687EC404C5FAC1B,다크라이 EX,SR,085/080,390892,76824,2546946,535157,0.03,0.144,4.759,33.15,6.97,NONE,,0,,RAW_STALE_LOW,KEEP_SCRYDEX,,LADDER_INFO_ONLY,
CRD_B1266853754742B9AC64,릴리에의 삐삐 ex,RR,033/100,485645,561,76620,10963,0.007,0.051,6.989,136.58,19.54,NONE,,0,,RAW_STALE_LOW,KEEP_SCRYDEX,,LADDER_INFO_ONLY,
CRD_B13EADBBACFC415DBE7D,레지기가스 VSTAR,RRR,125/172,103533,922,49359,29878,0.019,0.031,1.652,53.53,32.41,NONE,,0,,RAW_STALE_LOW,KEEP_SCRYDEX,,LADDER_INFO_ONLY,
CRD_B158EA20CC184AF1B925,메가깜까미&마기라스 GX,SR,102/094,104582,307296,949571,220638,0.324,1.393,4.304,3.09,0.72,A_3M,316664,1,0.97,RAW_OVER_PSA9,REVIEW_SNK_THIN,,KEEP,
CRD_B1643D67B83E4EC5B075,음뱃,S,203/150,,9972,8322,,1.198,,,0.83,,NO_MAP,,0,,RAW_OVER_PSA10,KEEP_SCRYDEX,,KEEP,
CRD_B166C14DF6864745B219,모르페코 V-UNION,RRR,056/184,141061,1214,12232,18348,0.099,0.066,0.667,10.08,15.11,A_1M,27360,2,0.044,GRADED_INVERSION;RAW_STALE_LOW;SNK_DIVERGENCE_LOW,MAPPING_REVIEW,,MAPPING_REVIEW,
CRD_B16E4806EF614E799EA1,M피죤투 EX,SR,110/100,91471,23047,399060,83990,0.058,0.274,4.751,17.32,3.64,NONE,,0,,RAW_STALE_LOW,KEEP_SCRYDEX,,LADDER_INFO_ONLY,
CRD_B176ED9CB33B457593A4,하느라기,S,270/190,,1076,47155,,0.023,,,43.82,,NO_MAP,,0,,RAW_STALE_LOW,KEEP_SCRYDEX,,LADDER_INFO_ONLY,
CRD_B1A5D7C5C507422DA40C,에이스번,S,216/190,,5424,82569,21370,0.066,0.254,3.864,15.22,3.94,NO_MAP,,0,,RAW_STALE_LOW,KEEP_SCRYDEX,,LADDER_INFO_ONLY,
CRD_B1BA8BA294224C83B570,피카츄,CHR,054/049,126664,179968,832788,414389,0.216,0.434,2.01,4.63,2.3,A_1M,386555,20,0.466,SNK_DIVERGENCE_LOW,REPLACE_WITH_SNK_A,,STRONG_REPLACE,
CRD_B1D0E95D6A764E54A4F3,마스카나 ex,RR,007/073,111959,584,60947,76206,0.01,0.008,0.8,104.36,130.49,NONE,,0,,GRADED_INVERSION;RAW_STALE_LOW,KEEP_SCRYDEX,,KEEP,
CRD_B21ED14E9FF94FF4BBB5,플라이곤 ex,RR,027/064,358106,584,42232,13761,0.014,0.042,3.069,72.32,23.56,NONE,,0,,RAW_STALE_LOW,KEEP_SCRYDEX,,LADDER_INFO_ONLY,
CRD_B2248FE3EAB34F918B7C,가라르 창파나이트 V,RR,065/100,145017,1168,50394,,0.023,,,43.15,,NONE,,0,,RAW_STALE_LOW,KEEP_SCRYDEX,,LADDER_INFO_ONLY,
CRD_B2272D4D776044FE9ABF,로켓단의 뮤츠 ex,RR,290/742,550914,999,97585,34008,0.01,0.029,2.869,97.68,34.04,A_3M,10450,2,0.096,RAW_STALE_LOW;SNK_DIVERGENCE_LOW,MAPPING_REVIEW,,MAPPING_REVIEW,
CRD_B24FEAA15B354EE7A819,파라섹트,CHR,072/071,126699,3826,53302,22900,0.072,0.167,2.328,13.93,5.99,A_1M,9500,1,0.403,RAW_STALE_LOW;SNK_DIVERGENCE_LOW,REVIEW_SNK_THIN,,REVIEW_REPLACE,Y
CRD_B253550B1F2740F395BE,베베솔트,S,283/190,,1245,54337,,0.023,,,43.64,,NO_MAP,,0,,RAW_STALE_LOW,KEEP_SCRYDEX,,LADDER_INFO_ONLY,
CRD_B27CE1319A204E919650,암스타 V,RR,018/098,100545,722,29327,,0.025,,,40.62,,NONE,,0,,RAW_STALE_LOW,KEEP_SCRYDEX,,LADDER_INFO_ONLY,
CRD_B294F7A527664134BFA8,버프론 ex,RR,605/742,604153,353,26651,13868,0.013,0.025,1.922,75.5,39.29,NONE,,0,,RAW_STALE_LOW,KEEP_SCRYDEX,,LADDER_INFO_ONLY,
CRD_B2AFB9324B7B47889320,메롱꿍,S,282/190,,2704,38147,,0.071,,,14.11,,NO_MAP,,0,,RAW_STALE_LOW,KEEP_SCRYDEX,,LADDER_INFO_ONLY,
CRD_B2B243175D8E4033A33F,샹델라 V,SR,102/100,141398,5547,42377,29739,0.131,0.187,1.425,7.64,5.36,NONE,,0,,RAW_STALE_LOW,KEEP_SCRYDEX,,LADDER_INFO_ONLY,
CRD_B2DC0D2AA6314050AD58,복숭악동 ex,SR,082/064,284958,2182,56188,,0.039,,,25.75,,NONE,,0,,RAW_STALE_LOW,KEEP_SCRYDEX,,LADDER_INFO_ONLY,
CRD_B30DFCBCDFBA21BE1C07,피카츄,PR,199/SM-P,91225,614592,,,,,,,,A_3M,3182500,1,0.193,SNK_DIVERGENCE_LOW,MAPPING_REVIEW,,MAPPING_REVIEW,
CRD_B3149BEFD6BC407799A3,알로라나인테일 GX,RR,013/050,389289,25598,67442,91434,0.38,0.28,0.738,2.63,3.57,NONE,,0,,GRADED_INVERSION,KEEP_SCRYDEX,,KEEP,
CRD_B325D03BDD34469298B9,체렌의 배려심,SR,114/100,126534,3150,52445,18394,0.06,0.171,2.851,16.65,5.84,NONE,,0,,RAW_STALE_LOW,KEEP_SCRYDEX,,LADDER_INFO_ONLY,
CRD_B3834736DB2542B792B1,페릴라,HR,085/067,139514,4410,53516,,0.082,,,12.14,,NONE,,0,,RAW_STALE_LOW,KEEP_SCRYDEX,,LADDER_INFO_ONLY,
CRD_B390ACDDA0BC45F28118,바우첼 ex,SR,119/102,326013,5393,58508,,0.092,,,10.85,,NONE,,0,,RAW_STALE_LOW,KEEP_SCRYDEX,,LADDER_INFO_ONLY,
CRD_B3BF8D31D9204782972A,펄기아 GX,RR,010/050,338379,7575,90931,22935,0.083,0.33,3.965,12.0,3.03,NONE,,0,,RAW_STALE_LOW,KEEP_SCRYDEX,,LADDER_INFO_ONLY,
CRD_B3F163D4760E4999A3AE,히스이 대검귀 VSTAR,RRR,053/067,139686,845,50187,,0.017,,,59.39,,NONE,,0,,RAW_STALE_LOW,KEEP_SCRYDEX,,LADDER_INFO_ONLY,
CRD_B44DD500D1A84B9384A5,후파 ex,SR,078/062,140302,3519,49257,27488,0.071,0.128,1.792,14.0,7.81,NONE,,0,,RAW_STALE_LOW,KEEP_SCRYDEX,,LADDER_INFO_ONLY,
CRD_B4500EAE366644C09065,무한다이노 VMAX,RRR,125/190,144548,1198,38080,23532,0.031,0.051,1.618,31.79,19.64,NONE,,0,,RAW_STALE_LOW,KEEP_SCRYDEX,,LADDER_INFO_ONLY,
CRD_B478B609372F4829A9FD,피아나의 결의,SR,079/067,91165,40886,97949,42813,0.417,0.955,2.288,2.4,1.05,A_1M,84436,5,0.484,SNK_DIVERGENCE_LOW,REPLACE_WITH_SNK_A,,STRONG_REPLACE,
CRD_B48D14CE62334F79A190,자크로,SAR,241/172,105539,3672,59724,20336,0.061,0.181,2.937,16.26,5.54,NONE,,0,,RAW_STALE_LOW,KEEP_SCRYDEX,,LADDER_INFO_ONLY,
CRD_B54A04C4DD0844DE9B5E,히드런 VMAX,RRR,015/067,139529,1306,30550,,0.043,,,23.39,,NONE,,0,,RAW_STALE_LOW,KEEP_SCRYDEX,,LADDER_INFO_ONLY,
CRD_B550CAAE1FA843B28C47,관리인,SR,085/066,227635,1675,44907,23210,0.037,0.072,1.935,26.81,13.86,NONE,,0,,RAW_STALE_LOW,KEEP_SCRYDEX,,LADDER_INFO_ONLY,
CRD_B55D3E9651694E04BBB9,스트린더 [퓨전],AR,181/172,105542,3426,65110,22263,0.053,0.154,2.925,19.0,6.5,NONE,,0,,RAW_STALE_LOW,KEEP_SCRYDEX,,LADDER_INFO_ONLY,
CRD_B5DF3C0636DC414DBEFD,별가사리,S,221/190,,2504,50681,,0.049,,,20.24,,NO_MAP,,0,,RAW_STALE_LOW,KEEP_SCRYDEX,,LADDER_INFO_ONLY,
CRD_B6033352C39D43F38651,프테라 VSTAR,RRR,057/100,136998,1168,45957,15275,0.025,0.076,3.009,39.35,13.08,NONE,,0,,RAW_STALE_LOW,KEEP_SCRYDEX,,LADDER_INFO_ONLY,
CRD_B6225CABC6D64AC5A224,누겔레온,S,225/190,,1813,42158,18234,0.043,0.099,2.312,23.25,10.06,NO_MAP,,0,,RAW_STALE_LOW,KEEP_SCRYDEX,,LADDER_INFO_ONLY,
CRD_B63836C8D4AD4235A59A,킬라플로르 ex,SR,124/108,132269,1306,20757,,0.063,,,15.89,,NONE,,0,,RAW_STALE_LOW,KEEP_SCRYDEX,,LADDER_INFO_ONLY,
CRD_B644812335694B979583,메가샤크니아 ex,SR,098/080,704389,3780,63235,17614,0.06,0.215,3.59,16.73,4.66,NONE,,0,,RAW_STALE_LOW,KEEP_SCRYDEX,,LADDER_INFO_ONLY,
CRD_B64FC43EC8F44F108672,기선,SR,111/098,100569,1736,29862,22110,0.058,0.079,1.351,17.2,12.74,NONE,,0,,RAW_STALE_LOW,KEEP_SCRYDEX,,LADDER_INFO_ONLY,
CRD_B6536EB5E85E46388EC3,타임,SR,197/187,471669,1536,28593,10688,0.054,0.144,2.675,18.62,6.96,NONE,,0,,RAW_STALE_LOW,KEEP_SCRYDEX,,LADDER_INFO_ONLY,
CRD_B65A3E174310474CA8B8,타격귀,AR,128/086,608568,5531,90183,17997,0.061,0.307,5.011,16.31,3.25,NONE,,0,,RAW_STALE_LOW,KEEP_SCRYDEX,,LADDER_INFO_ONLY,
CRD_B65EED7E271E44328B00,미라이돈 ex,RR,071/190,151726,353,114569,6116,0.003,0.058,18.733,324.56,17.33,NONE,,0,,RAW_STALE_LOW,KEEP_SCRYDEX,,LADDER_INFO_ONLY,
CRD_B675C7208A854D9AAEF1,몰드류,CHR,059/049,126685,5086,53853,32654,0.094,0.156,1.649,10.59,6.42,NONE,,0,,RAW_STALE_LOW,KEEP_SCRYDEX,,LADDER_INFO_ONLY,
CRD_B67C469BF7EA40619E14,입치트 GX,RR,089/173,396071,1798,41142,15305,0.044,0.117,2.688,22.88,8.51,NONE,,0,,RAW_STALE_LOW,KEEP_SCRYDEX,,LADDER_INFO_ONLY,
CRD_B6CF092809C341D6B60F,미모사,SAR,104/078,110938,135748,371752,103668,0.365,1.309,3.586,2.74,0.76,A_1M,129514,27,1.048,RAW_OVER_PSA9,REPLACE_WITH_SNK_A,,KEEP,
CRD_B6DC45093C334784875A,맥실러,SR,055/050,105385,18438,34342,12238,0.537,1.507,2.806,1.86,0.66,NONE,,0,,RAW_OVER_PSA9,KEEP_SCRYDEX,,KEEP,
CRD_B6DCDD8B172E42A098BE,삼삼드래 ex,SR,124/106,418749,4640,59035,23944,0.079,0.194,2.466,12.72,5.16,NONE,,0,,RAW_STALE_LOW,KEEP_SCRYDEX,,LADDER_INFO_ONLY,
CRD_B6F05ABED7AE47BAAD56,카밀레의 반짝임 [서포트/퓨전],SR,249/172,105534,25813,94678,20596,0.273,1.253,4.597,3.67,0.8,A_1M,36100,9,0.715,RAW_OVER_PSA9,REPLACE_WITH_SNK_A,,KEEP,
CRD_B6F27325C75E414B802B,철시드,AR,144/086,608584,4625,53531,,0.086,,,11.57,,NONE,,0,,RAW_STALE_LOW,KEEP_SCRYDEX,,LADDER_INFO_ONLY,
CRD_B6F780670C514367833F,분떠도리,AR,081/080,753256,3042,67652,45871,0.045,0.066,1.475,22.24,15.08,A_3M,12825,2,0.237,RAW_STALE_LOW;SNK_DIVERGENCE_LOW,MAPPING_REVIEW,,MAPPING_REVIEW,
CRD_B71FB8408EAC4867A18F,모야모의 찌리배리 ex,RR,274/742,730101,399,34204,,0.012,,,85.72,,NONE,,0,,RAW_STALE_LOW,KEEP_SCRYDEX,,LADDER_INFO_ONLY,
CRD_B7345EED8A0E4A05B2C2,마그카르고 ex,RR,096/742,221931,415,60962,15275,0.007,0.027,3.991,146.9,36.81,NONE,,0,,RAW_STALE_LOW,KEEP_SCRYDEX,,LADDER_INFO_ONLY,
CRD_B7DB6E711CE147A8BA79,히스이 모크나이퍼 VSTAR,RRR,045/067,139674,830,29984,,0.028,,,36.13,,NONE,,0,,RAW_STALE_LOW,KEEP_SCRYDEX,,LADDER_INFO_ONLY,
CRD_B7FFD1C826FF4A6FA025,큐레무 EX,RR,025/081,385407,4609,48837,,0.094,,,10.6,,NONE,,0,,RAW_STALE_LOW,KEEP_SCRYDEX,,LADDER_INFO_ONLY,
CRD_B80EAC51607C49BEB42E,포푸니,S,289/190,,2213,23571,6116,0.094,0.362,3.854,10.65,2.76,NO_MAP,,0,,RAW_STALE_LOW,KEEP_SCRYDEX,,LADDER_INFO_ONLY,
CRD_B837D3F1A54647279AEC,뮤 EX,SR,024/025,91584,537768,10303554,764715,0.052,0.703,13.474,19.16,1.42,NONE,,0,,RAW_STALE_LOW,KEEP_SCRYDEX,,LADDER_INFO_ONLY,
CRD_B845DAE48C424F97A12D,개굴닌자 ex,RR,045/066,224075,753,50351,21376,0.015,0.035,2.355,66.87,28.39,A_1M,9500,1,0.079,RAW_STALE_LOW;SNK_DIVERGENCE_LOW,MAPPING_REVIEW,,MAPPING_REVIEW,Y
CRD_B86D2122C72F49ECB65D,리그레,AR,126/086,608496,8589,89601,30550,0.096,0.281,2.933,10.43,3.56,NONE,,0,,RAW_STALE_LOW,KEEP_SCRYDEX,,LADDER_INFO_ONLY,
CRD_B8B69E5A34C042F2928346295A367A70,메가리자몽X ex,MUR,116/080,704407,966308,5493688,1511618,0.176,0.639,3.634,5.69,1.56,A_1M,2294250,52,0.421,SNK_DIVERGENCE_LOW,REPLACE_WITH_SNK_A,,STRONG_REPLACE,
CRD_B8BA3C24BCBE499B8B39,개굴반장,AR,087/083,776340,10878,202895,31493,0.054,0.345,6.443,18.65,2.9,A_1M,9500,32,1.145,RAW_STALE_LOW,REPLACE_WITH_SNK_A,,LADDER_INFO_ONLY,Y
CRD_B92DA5CF55D0468FB12E,아꾸왁,AR,082/073,116070,3841,59671,22920,0.064,0.168,2.603,15.54,5.97,A_3M,9500,1,0.404,RAW_STALE_LOW;SNK_DIVERGENCE_LOW,REVIEW_SNK_THIN,,REVIEW_REPLACE,Y
CRD_B92E9CCA3B94438EB268,메가눈여아 ex,MA,224/193,730948,10110,78840,52113,0.128,0.194,1.513,7.8,5.15,A_1M,9500,27,1.064,RAW_STALE_LOW,REPLACE_WITH_SNK_A,,LADDER_INFO_ONLY,Y
CRD_B95C9626B4BD40E69107,라프라스 VMAX,RRR,032/190,144398,2090,58414,40588,0.036,0.051,1.439,27.95,19.42,A_1M,16910,1,0.124,RAW_STALE_LOW;SNK_DIVERGENCE_LOW,MAPPING_REVIEW,,MAPPING_REVIEW,
CRD_B974BC191042453495AE,부르르룸 ex,SR,078/064,284954,1982,44791,,0.044,,,22.6,,NONE,,0,,RAW_STALE_LOW,KEEP_SCRYDEX,,LADDER_INFO_ONLY,
CRD_B9C22C1213704F5AAF1B,무쇠잎새 ex,RR,077/742,172004,507,59081,,0.009,,,116.53,,NONE,,0,,RAW_STALE_LOW,KEEP_SCRYDEX,,LADDER_INFO_ONLY,
CRD_B9E026BC3DF546909368,웨이니발 ex,RR,030/073,111961,446,28175,22283,0.016,0.02,1.264,63.17,49.96,NONE,,0,,RAW_STALE_LOW,KEEP_SCRYDEX,,LADDER_INFO_ONLY,
CRD_BA09E1E2876D4AF9A7EC,겟핸보숭,AR,092/080,702702,2720,51737,23540,0.053,0.116,2.198,19.02,8.65,A_1M,9500,2,0.286,RAW_STALE_LOW;SNK_DIVERGENCE_LOW,MAPPING_REVIEW,,MAPPING_REVIEW,Y
CRD_BA348F823BE347518A3B,미라이돈 ex,RR,037/078,107356,461,34160,,0.013,,,74.1,,NONE,,0,,RAW_STALE_LOW,KEEP_SCRYDEX,,LADDER_INFO_ONLY,
CRD_BA7E5BDFBF2443BBB5C7,가이오가 EX,SR,054/052,91632,138283,4097912,652525,0.034,0.212,6.28,29.63,4.72,NONE,,0,,RAW_STALE_LOW,KEEP_SCRYDEX,,LADDER_INFO_ONLY,
CRD_BA98E92E4AFE471CB7C6,후파 ex,RR,029/062,136482,461,17247,19862,0.027,0.023,0.868,37.41,43.08,NONE,,0,,GRADED_INVERSION;RAW_STALE_LOW,KEEP_SCRYDEX,,KEEP,
CRD_BA9979085F024D49906C,웨이니발 ex,SSR,325/190,151752,1367,42919,15386,0.032,0.089,2.789,31.4,11.26,NONE,,0,,RAW_STALE_LOW,KEEP_SCRYDEX,,LADDER_INFO_ONLY,
CRD_BAF951CD1C52420DB08A,기라티나 VSTAR,HR,120/100,96559,25121,159778,33746,0.157,0.744,4.735,6.36,1.34,A_3M,87324,6,0.288,SNK_DIVERGENCE_LOW,MAPPING_REVIEW,,MAPPING_REVIEW,
CRD_BB2021E55A1B4B7CBE30,페르시온 GX,RR,069/095,393015,2082,47476,21819,0.044,0.095,2.176,22.8,10.48,NONE,,0,,RAW_STALE_LOW,KEEP_SCRYDEX,,LADDER_INFO_ONLY,
CRD_BB2792DF08BD4BE4A1F2,M헬가 EX,RR,010/059,390001,76809,64016,,1.2,,,0.83,,NONE,,0,,RAW_OVER_PSA10,KEEP_SCRYDEX,,KEEP,
CRD_BB2AE88D795B4BC39A64,나인테일 V,RR,013/096,145341,4809,84524,,0.057,,,17.58,,NONE,,0,,RAW_STALE_LOW,KEEP_SCRYDEX,,LADDER_INFO_ONLY,
CRD_BBA44F80E157446F9E8A,귀뚤톡크 V,RR,004/184,380088,507,61146,,0.008,,,120.6,,NONE,,0,,RAW_STALE_LOW,KEEP_SCRYDEX,,LADDER_INFO_ONLY,
CRD_BC01567C0D53407F9CA0,부르롱,AR,117/108,132262,2166,57558,25537,0.038,0.085,2.254,26.57,11.79,NONE,,0,,RAW_STALE_LOW,KEEP_SCRYDEX,,LADDER_INFO_ONLY,
CRD_BC1C11E90BDF4F289E1A,스트린더,AR,089/080,704382,2366,50908,19681,0.046,0.12,2.587,21.52,8.32,NONE,,0,,RAW_STALE_LOW,KEEP_SCRYDEX,,LADDER_INFO_ONLY,
CRD_BC53EA80A3024F12B207,도치마론,AR,084/083,776337,8128,153085,,0.053,,,18.83,,A_3M,9500,5,0.856,RAW_STALE_LOW,REPLACE_WITH_SNK_A,,LADDER_INFO_ONLY,Y
CRD_BC5D8A5B4A5049FC8235,레돔벌레,S,207/190,,2842,30549,,0.093,,,10.75,,NO_MAP,,0,,RAW_STALE_LOW,KEEP_SCRYDEX,,LADDER_INFO_ONLY,
CRD_BC94D56140324F5E8B10,마디네,AR,138/086,608507,7959,81838,30930,0.097,0.257,2.646,10.28,3.89,NONE,,0,,RAW_STALE_LOW,KEEP_SCRYDEX,,LADDER_INFO_ONLY,
CRD_BCA5D115D41A4E2A875F,히스이 모크나이퍼 V,RR,044/067,139673,707,40626,22935,0.017,0.031,1.771,57.46,32.44,NONE,,0,,RAW_STALE_LOW,KEEP_SCRYDEX,,LADDER_INFO_ONLY,
CRD_BD23A2FE3D6140978DFB,테오키스 VSTAR,SAR,223/172,103665,59692,162680,47522,0.367,1.256,3.423,2.73,0.8,A_1M,28025,24,2.13,RAW_OVER_PSA9;SNK_DIVERGENCE_HIGH,REPLACE_WITH_SNK_A,,STRONG_REPLACE,
CRD_BDBA1831790543D0A08B,메가자리 BREAK,RR,008/054,387155,6515,77980,,0.084,,,11.97,,NONE,,0,,RAW_STALE_LOW,KEEP_SCRYDEX,,LADDER_INFO_ONLY,
CRD_BDD8F152587B432C9CED,음번 ex,RR,135/190,162065,338,34923,,0.01,,,103.32,,NONE,,0,,RAW_STALE_LOW,KEEP_SCRYDEX,,LADDER_INFO_ONLY,
CRD_BDD95E418BFE4188A58A,게노세크트 ex,SR,164/086,608530,1613,57649,,0.028,,,35.74,,NONE,,0,,RAW_STALE_LOW,KEEP_SCRYDEX,,LADDER_INFO_ONLY,
CRD_BE0337E9E178414A89BA,백솜모카,S,210/190,,1536,53806,32109,0.029,0.048,1.676,35.03,20.9,NO_MAP,,0,,RAW_STALE_LOW,KEEP_SCRYDEX,,LADDER_INFO_ONLY,
CRD_BE15DB54E85D437389C2,피카츄 VMAX,HR,114/100,91197,169013,880697,229659,0.192,0.736,3.835,5.21,1.36,A_3M,648375,4,0.261,SNK_DIVERGENCE_LOW,MAPPING_REVIEW,,MAPPING_REVIEW,
CRD_BE2FA43F663B4D16BA9C,에레키블,AR,180/172,105532,5685,69020,35018,0.082,0.162,1.971,12.14,6.16,A_1M,9500,1,0.598,RAW_STALE_LOW,REVIEW_SNK_THIN,,LADDER_INFO_ONLY,Y
CRD_BE3F68E6C31B480581DD,배우르 V,RR,154/190,144595,538,50160,,0.011,,,93.23,,NONE,,0,,RAW_STALE_LOW,KEEP_SCRYDEX,,LADDER_INFO_ONLY,
CRD_BE6756C32CA74D509D22,과사삭벌레,S,211/190,,5793,60516,31742,0.096,0.183,1.906,10.45,5.48,NO_MAP,,0,,RAW_STALE_LOW,KEEP_SCRYDEX,,LADDER_INFO_ONLY,
CRD_BE8BC1ED2FFA48EFAEE0,에브이 ex,RR,298/742,434894,2681,53412,37074,0.05,0.072,1.441,19.92,13.83,A_3M,9500,2,0.282,RAW_STALE_LOW;SNK_DIVERGENCE_LOW,MAPPING_REVIEW,,MAPPING_REVIEW,Y
CRD_BE9FEC8AE3E9478EB79E,무쇠감투 ex,RR,361/742,172006,384,42485,9948,0.009,0.039,4.271,110.64,25.91,NONE,,0,,RAW_STALE_LOW,KEEP_SCRYDEX,,LADDER_INFO_ONLY,
CRD_BEB0E75C862E4647B482,후딘 V,RR,041/100,144993,2443,75102,152221,0.033,0.016,0.493,30.74,62.31,NONE,,0,,GRADED_INVERSION;RAW_STALE_LOW,KEEP_SCRYDEX,,KEEP,
CRD_BECB62345F92435AB0E2,메가곤율거니 ex,SAR,241/193,730960,25198,123881,44277,0.203,0.569,2.798,4.92,1.76,A_1M,10194,25,2.472,SNK_DIVERGENCE_HIGH,REPLACE_WITH_SNK_A,,STRONG_REPLACE,
CRD_BEEDDDF92F76487894E3,빠모,S,247/190,,1867,63496,,0.029,,,34.01,,NO_MAP,,0,,RAW_STALE_LOW,KEEP_SCRYDEX,,LADDER_INFO_ONLY,
CRD_BF0F5557B756404B95E3,애프룡 V,RR,041/414,144149,1367,30580,,0.045,,,22.37,,NONE,,0,,RAW_STALE_LOW,KEEP_SCRYDEX,,LADDER_INFO_ONLY,
CRD_BF1800988BEF4236B004,히스이 윈디 V,RR,046/098,100550,707,61084,45813,0.012,0.015,1.333,86.4,64.8,NONE,,0,,RAW_STALE_LOW,KEEP_SCRYDEX,,LADDER_INFO_ONLY,
CRD_BF2EC3DA51FE45219EFA,제라오라 V,RR,040/172,104996,645,65580,18348,0.01,0.035,3.574,101.67,28.45,NONE,,0,,RAW_STALE_LOW,KEEP_SCRYDEX,,LADDER_INFO_ONLY,
CRD_BF531C372C7F46138B80,가라르 나이킹 V,RR,079/100,137020,676,86130,,0.008,,,127.41,,NONE,,0,,RAW_STALE_LOW,KEEP_SCRYDEX,,LADDER_INFO_ONLY,
CRD_BF8B331F32534677B557,히드런 GX,RR,004/054,393069,1736,54403,20707,0.032,0.084,2.627,31.34,11.93,NONE,,0,,RAW_STALE_LOW,KEEP_SCRYDEX,,LADDER_INFO_ONLY,
CRD_BFE18CF6495A4D4DBB92,디안시(프리즘스타),PR,051/094,334610,9204,125542,,0.073,,,13.64,,NONE,,0,,RAW_STALE_LOW,KEEP_SCRYDEX,,LADDER_INFO_ONLY,
CRD_C01B9679589B47678C03,피카츄,SM-P,086/SM-P,404453,30730,573355,47601,0.054,0.646,12.045,18.66,1.55,A_3M,175750,2,0.175,RAW_STALE_LOW;SNK_DIVERGENCE_LOW,MAPPING_REVIEW,,MAPPING_REVIEW,
CRD_C01ECCA4431A44B09D3B,리자몽 ex,RR,006/165,127773,5531,102855,35725,0.054,0.155,2.879,18.6,6.46,A_3M,9975,8,0.554,RAW_STALE_LOW,REPLACE_WITH_SNK_A,,LADDER_INFO_ONLY,
CRD_C041DE21E72A4D9498F0,레지스틸 EX,SR,052/050,405189,15365,555814,99080,0.028,0.155,5.61,36.17,6.45,NONE,,0,,RAW_STALE_LOW,KEEP_SCRYDEX,,LADDER_INFO_ONLY,
CRD_C0490A67B50C41B78069,레쿠쟈 VMAX,RRR,108/172,105005,6115,169978,39968,0.036,0.153,4.253,27.8,6.54,A_1M,14250,43,0.429,RAW_STALE_LOW;SNK_DIVERGENCE_LOW,REPLACE_WITH_SNK_A,,STRONG_REPLACE,
CRD_C09A904A2D634B4383A4,헬가,UR,089/070,99571,45818,138560,32247,0.331,1.421,4.297,3.02,0.7,NONE,,0,,RAW_OVER_PSA9,KEEP_SCRYDEX,,KEEP,
CRD_C0A365CA88A64A5BB52A,멜메탈 VMAX,RRR,048/071,137097,1122,37109,,0.03,,,33.07,,NONE,,0,,RAW_STALE_LOW,KEEP_SCRYDEX,,LADDER_INFO_ONLY,
CRD_C0B9156965764BADB0C5,레시라무&리자몽 GX,SR,096/095,104620,94540,494656,88755,0.191,1.065,5.573,5.23,0.94,A_1M,207100,4,0.456,SNK_DIVERGENCE_LOW,REVIEW_SNK_THIN,,REVIEW_REPLACE,
CRD_C0CD75FE2CCE46389DA9,기로치 ex,RR,489/742,730157,384,54967,,0.007,,,143.14,,NONE,,0,,RAW_STALE_LOW,KEEP_SCRYDEX,,LADDER_INFO_ONLY,
CRD_C123706D03224508B63B,트로피우스,AR,074/073,116065,4855,46554,35108,0.104,0.138,1.326,9.59,7.23,NONE,,0,,RAW_STALE_LOW,KEEP_SCRYDEX,,LADDER_INFO_ONLY,
CRD_C12CF65370894C5581E4,스컹탱크 V,SR,105/098,100562,3334,39739,13761,0.084,0.242,2.888,11.92,4.13,NONE,,0,,RAW_STALE_LOW,KEEP_SCRYDEX,,LADDER_INFO_ONLY,
CRD_C14EA7DC5F234B078571,로켓단의 랜스,SR,120/098,568322,5685,42461,28822,0.134,0.197,1.473,7.47,5.07,NONE,,0,,RAW_STALE_LOW,KEEP_SCRYDEX,,LADDER_INFO_ONLY,
CRD_C168AAFB91D64962B256,모토마,S,303/190,,1798,47996,,0.037,,,26.69,,NO_MAP,,0,,RAW_STALE_LOW,KEEP_SCRYDEX,,LADDER_INFO_ONLY,
CRD_C196FA6AC8E54F73BCFC,끼리동,AR,073/064,284952,3995,72587,25355,0.055,0.158,2.863,18.17,6.35,NONE,,0,,RAW_STALE_LOW,KEEP_SCRYDEX,,LADDER_INFO_ONLY,
CRD_C1D57B8B7B35C7ECE1FC,,,,,28809,87489,18589,0.329,1.55,4.706,3.04,0.65,NO_MAP,,0,,RAW_OVER_PSA9,KEEP_SCRYDEX,,KEEP,
CRD_C1DA511430EB46B79854,메가폭타 ex,RR,013/063,659217,430,35674,5229,0.012,0.082,6.822,82.96,12.16,NONE,,0,,RAW_STALE_LOW,KEEP_SCRYDEX,,LADDER_INFO_ONLY,
CRD_C1ED974D21D945F6AE35,아쿠아단의 가이오가 EX,RR,006/034,91526,427141,3773002,1865744,0.113,0.229,2.022,8.83,4.37,A_1M,1425000,2,0.3,SNK_DIVERGENCE_LOW,MAPPING_REVIEW,,MAPPING_REVIEW,
CRD_C25940958F57A0DE60C8,,,,,11769,125314,26001,0.094,0.453,4.82,10.65,2.21,NO_MAP,,0,,RAW_STALE_LOW,KEEP_SCRYDEX,,LADDER_INFO_ONLY,
CRD_C284B6140DDE4A00A093,뮤 ex,RR,151/165,128053,2612,136988,28379,0.019,0.092,4.827,52.45,10.86,A_1M,9500,5,0.275,RAW_STALE_LOW;SNK_DIVERGENCE_LOW,MAPPING_REVIEW,,MAPPING_REVIEW,Y
CRD_C28A0C2FB60246168A94,오롱털 VMAX,SSR,322/190,144783,6131,57044,4589,0.107,1.336,12.431,9.3,0.75,NONE,,0,,RAW_OVER_PSA9,KEEP_SCRYDEX,,KEEP,
CRD_C29D97F59E3E4E9FB4E0,야도란,S,220/190,,5393,97460,21773,0.055,0.248,4.476,18.07,4.04,NO_MAP,,0,,RAW_STALE_LOW,KEEP_SCRYDEX,,LADDER_INFO_ONLY,
CRD_C2A3EBDFC3B244DDA1F7,전툴라 ex,SR,118/102,326012,2458,52843,15290,0.047,0.161,3.456,21.5,6.22,NONE,,0,,RAW_STALE_LOW,KEEP_SCRYDEX,,LADDER_INFO_ONLY,
CRD_C2B35AF51F5B4B3D84EF,콜사,SR,196/187,471667,1844,66971,10688,0.028,0.173,6.266,36.32,5.8,NONE,,0,,RAW_STALE_LOW,KEEP_SCRYDEX,,LADDER_INFO_ONLY,
CRD_C2D419D0BA0BE07BC5B5,,,,,784,45882,,0.017,,,58.52,,NO_MAP,,0,,RAW_STALE_LOW,KEEP_SCRYDEX,,LADDER_INFO_ONLY,
CRD_C2E5273146CB463B8905,어써러셔,AR,082/078,110907,7237,72485,28786,0.1,0.251,2.518,10.02,3.98,A_1M,9500,2,0.762,RAW_STALE_LOW,REVIEW_SNK_THIN,,LADDER_INFO_ONLY,Y
CRD_C317FB78E5844D49AEC5,님피아 V,RR,073/184,,3211,50459,25160,0.064,0.128,2.006,15.71,7.84,NO_MAP,,0,,RAW_STALE_LOW,KEEP_SCRYDEX,,LADDER_INFO_ONLY,
CRD_C31F1E43A61B4EC79EA3,쿡,SR,276/184,126523,2612,38210,14342,0.068,0.182,2.664,14.63,5.49,NONE,,0,,RAW_STALE_LOW,KEEP_SCRYDEX,,LADDER_INFO_ONLY,
CRD_C3A6BDB895B242D99F32,제라오라 VMAX,RRR,041/172,104997,1275,62541,38210,0.02,0.033,1.637,49.05,29.97,A_3M,9814,2,0.13,RAW_STALE_LOW;SNK_DIVERGENCE_LOW,MAPPING_REVIEW,,MAPPING_REVIEW,
CRD_C3AC7D22528745FE8E4B,따라큐 V,RR,076/184,141088,1590,67874,13814,0.023,0.115,4.913,42.69,8.69,A_3M,9500,1,0.167,RAW_STALE_LOW;SNK_DIVERGENCE_LOW,MAPPING_REVIEW,,MAPPING_REVIEW,Y
CRD_C3BE18AFFD494670BA91,연격 우라오스 V,RR,094/184,141115,538,68515,,0.008,,,127.35,,NONE,,0,,RAW_STALE_LOW,KEEP_SCRYDEX,,LADDER_INFO_ONLY,
CRD_C3E06830FAAA4837AB25,아리아도스,CHR,205/184,126688,2397,63101,19886,0.038,0.121,3.173,26.32,8.3,A_3M,13300,1,0.18,RAW_STALE_LOW;SNK_DIVERGENCE_LOW,MAPPING_REVIEW,,MAPPING_REVIEW,
CRD_C3F844BC04614855A4C4,코코리,AR,115/106,414089,4901,59248,26221,0.083,0.187,2.26,12.09,5.35,NONE,,0,,RAW_STALE_LOW,KEEP_SCRYDEX,,LADDER_INFO_ONLY,
CRD_C41854F7D20E8756104AAA3F9F81E8EA,요코하마 피카츄 (283),PR,283/SM-P,93078,367864,2069959,728472,0.178,0.505,2.842,5.63,1.98,A_1M,855000,3,0.43,SNK_DIVERGENCE_LOW,REVIEW_SNK_THIN,,REVIEW_REPLACE,
CRD_C4387FFC5CCB4AF9A390,또가스,S,275/190,,6622,74712,30549,0.089,0.217,2.446,11.28,4.61,NO_MAP,,0,,RAW_STALE_LOW,KEEP_SCRYDEX,,LADDER_INFO_ONLY,
CRD_C452FDCBD46A43E587EC,가라르 가로막구리,AR,209/193,731018,2412,57387,21743,0.042,0.111,2.639,23.79,9.01,A_1M,9500,1,0.254,RAW_STALE_LOW;SNK_DIVERGENCE_LOW,MAPPING_REVIEW,,MAPPING_REVIEW,Y
CRD_C46B76D03DCD42BEB000,올리뇨,AR,079/078,110909,4210,57190,26495,0.074,0.159,2.159,13.58,6.29,NONE,,0,,RAW_STALE_LOW,KEEP_SCRYDEX,,LADDER_INFO_ONLY,
CRD_C46CF6C3E34746C1BB6D,한카리아스,S,200/150,,28264,134540,17760,0.21,1.591,7.575,4.76,0.63,NO_MAP,,0,,RAW_OVER_PSA9,KEEP_SCRYDEX,,KEEP,
CRD_C4804FF23607466C9A90,다투곰 붉은 달 ex,RR,134/187,427231,430,40655,,0.011,,,94.55,,NONE,,0,,RAW_STALE_LOW,KEEP_SCRYDEX,,LADDER_INFO_ONLY,
CRD_C481BCD104FC4D799A10,타로,SR,125/102,320348,5055,101848,28241,0.05,0.179,3.606,20.15,5.59,A_1M,11400,3,0.443,RAW_STALE_LOW;SNK_DIVERGENCE_LOW,REVIEW_SNK_THIN,,REVIEW_REPLACE,
CRD_C4895FD08DDF4F6096E5,칠색조 EX,RR,068/080,390866,6131,160104,32599,0.038,0.188,4.911,26.11,5.32,NONE,,0,,RAW_STALE_LOW,KEEP_SCRYDEX,,LADDER_INFO_ONLY,
CRD_C4A0597992A94A558267,글레이시아 V,SR,077/069,91173,172762,358323,143787,0.482,1.202,2.492,2.07,0.83,A_1M,180500,8,0.957,RAW_OVER_PSA9,REPLACE_WITH_SNK_A,,KEEP,
CRD_C4DED4CD6D9B40719BF9,치렁,AR,106/101,251916,3334,84675,16055,0.039,0.208,5.274,25.4,4.82,NONE,,0,,RAW_STALE_LOW,KEEP_SCRYDEX,,LADDER_INFO_ONLY,
CRD_C4F41E3DBC5E4BAC88EA,곤포,SR,123/102,326016,1321,57384,19568,0.023,0.068,2.933,43.44,14.81,NONE,,0,,RAW_STALE_LOW,KEEP_SCRYDEX,,LADDER_INFO_ONLY,
CRD_C512FB10DEBE4D3A9245,솔가레오 GX,RR,040/060,386703,5593,47828,,0.117,,,8.55,,A_1M,23750,1,0.235,SNK_DIVERGENCE_LOW,MAPPING_REVIEW,,MAPPING_REVIEW,
CRD_C52365D9FE2D440FAF36,피나,SR,091/071,120839,1798,33807,24177,0.053,0.074,1.398,18.8,13.45,NONE,,0,,RAW_STALE_LOW,KEEP_SCRYDEX,,LADDER_INFO_ONLY,
CRD_C541F6809A4B473D8981,다투곰 붉은 달 ex,SAR,225/187,450723,20573,81832,36295,0.251,0.567,2.255,3.98,1.76,A_3M,9500,1,2.166,SNK_DIVERGENCE_HIGH,REVIEW_SNK_THIN,,REVIEW_REPLACE,Y
CRD_C56596E4D16D42879763,크레세리아 EX,SR,060/059,405957,76809,997456,110166,0.077,0.697,9.054,12.99,1.43,NONE,,0,,RAW_STALE_LOW,KEEP_SCRYDEX,,LADDER_INFO_ONLY,
CRD_C57DB853FD2D46888B48,메가리자몽X ex,RR,013/080,687275,4840,76233,34062,0.063,0.142,2.238,15.75,7.04,A_1M,14250,23,0.34,RAW_STALE_LOW;SNK_DIVERGENCE_LOW,REPLACE_WITH_SNK_A,,STRONG_REPLACE,
CRD_C5AAC2405EE34F249A43,오거폰 우물의 가면 ex,RR,038/101,,599,15139,,0.04,,,25.27,,NO_MAP,,0,,RAW_STALE_LOW,KEEP_SCRYDEX,,LADDER_INFO_ONLY,
CRD_C5C15088983B4338BFDC,이상해꽃 ex,RR,003/165,127768,999,58086,22227,0.017,0.045,2.613,58.14,22.25,A_3M,12350,1,0.081,RAW_STALE_LOW;SNK_DIVERGENCE_LOW,MAPPING_REVIEW,,MAPPING_REVIEW,
CRD_C5F43E1D58DC4EB091BB,어써러셔 ex,RR,220/742,542647,384,22844,,0.017,,,59.49,,NONE,,0,,RAW_STALE_LOW,KEEP_SCRYDEX,,LADDER_INFO_ONLY,
CRD_C5FD1D1E4E924008A6FE,라이츄 V,RR,034/100,139777,1667,67461,22166,0.025,0.075,3.043,40.47,13.3,NONE,,0,,RAW_STALE_LOW,KEEP_SCRYDEX,,LADDER_INFO_ONLY,
CRD_C608BA3853EA42618657,드래피온 V,SR,107/100,137046,1767,56613,,0.031,,,32.04,,NONE,,0,,RAW_STALE_LOW,KEEP_SCRYDEX,,LADDER_INFO_ONLY,
CRD_C64D32F3DC3143B1A26C,페퍼의 요씽리스,AR,075/063,531301,3741,49479,16865,0.076,0.222,2.934,13.23,4.51,NONE,,0,,RAW_STALE_LOW,KEEP_SCRYDEX,,LADDER_INFO_ONLY,
CRD_C669300AD32E4E5D86B4,드래펄트 VMAX,RRR,050/096,145378,3641,37461,22935,0.097,0.159,1.633,10.29,6.3,NONE,,0,,RAW_STALE_LOW,KEEP_SCRYDEX,,LADDER_INFO_ONLY,
CRD_C684704D87BF4D358292,벰크,AR,127/086,608497,4947,57719,14526,0.086,0.341,3.973,11.67,2.94,NONE,,0,,RAW_STALE_LOW,KEEP_SCRYDEX,,LADDER_INFO_ONLY,
CRD_C6A1E00432684413B13B,큐레무 V,SR,102/100,137043,6576,71523,,0.092,,,10.88,,NONE,,0,,RAW_STALE_LOW,KEEP_SCRYDEX,,LADDER_INFO_ONLY,
CRD_C6AC87E03F394758932B,망초,SR,081/062,140157,4056,68498,13975,0.059,0.29,4.901,16.89,3.45,NONE,,0,,RAW_STALE_LOW,KEEP_SCRYDEX,,LADDER_INFO_ONLY,
CRD_C6E94E4673E846D48583,기기어르,AR,147/086,608587,5547,67475,13894,0.082,0.399,4.856,12.16,2.5,NONE,,0,,RAW_STALE_LOW,KEEP_SCRYDEX,,LADDER_INFO_ONLY,
CRD_C726940566D64B5D97C1,올리뇨,S,204/190,,1598,25978,,0.062,,,16.26,,NO_MAP,,0,,RAW_STALE_LOW,KEEP_SCRYDEX,,LADDER_INFO_ONLY,
CRD_C74290D9A640465F8C18,엠페르트 V,SR,074/070,99573,116619,287078,70890,0.406,1.645,4.05,2.46,0.61,NONE,,0,,RAW_OVER_PSA9,KEEP_SCRYDEX,,KEEP,
CRD_C7743941CB94475DBB80,메가곤율거니 ex,MA,231/193,730953,6645,74546,41503,0.089,0.16,1.796,11.22,6.25,A_1M,9500,20,0.699,RAW_STALE_LOW,REPLACE_WITH_SNK_A,,LADDER_INFO_ONLY,Y
CRD_C7E2B077171045C69387,꾸꾸리,AR,106/100,506146,2950,58592,13180,0.05,0.224,4.446,19.86,4.47,NONE,,0,,RAW_STALE_LOW,KEEP_SCRYDEX,,LADDER_INFO_ONLY,
CRD_C7E6727225AD4AC8B1EA,레지기가스 V,RR,124/172,103554,507,37568,16773,0.013,0.03,2.24,74.1,33.08,NONE,,0,,RAW_STALE_LOW,KEEP_SCRYDEX,,LADDER_INFO_ONLY,
CRD_C83501C3B7174EAD9B11,백마 버드렉스 V,RR,125/414,141756,768,16819,,0.046,,,21.9,,NONE,,0,,RAW_STALE_LOW,KEEP_SCRYDEX,,LADDER_INFO_ONLY,
CRD_C84CD0D4247C45DD9DA2,피카츄&제크로무 GX,RR,031/095,,31329,381707,82423,0.082,0.38,4.631,12.18,2.63,NO_MAP,,0,,RAW_STALE_LOW,KEEP_SCRYDEX,,LADDER_INFO_ONLY,
CRD_C84E53788D884322B54B,짜랑고우거 GX,RR,041/050,,5193,136236,,0.038,,,26.23,,NO_MAP,,0,,RAW_STALE_LOW,KEEP_SCRYDEX,,LADDER_INFO_ONLY,
CRD_C8708FEE42914C2C92BD,다투곰 붉은 달 ex,RR,625/742,204141,415,33623,15275,0.012,0.027,2.201,81.02,36.81,NONE,,0,,RAW_STALE_LOW,KEEP_SCRYDEX,,LADDER_INFO_ONLY,
CRD_C876DFB3D3DC4A038B06,카푸꼬꼬꼭 VMAX,RRR,018/070,144160,1813,,12238,,0.148,,,6.75,NONE,,0,,RAW_STALE_LOW,KEEP_SCRYDEX,,LADDER_INFO_ONLY,
CRD_C8829581CD5F4E798F14,깜까미,S,291/190,,2827,84570,10713,0.033,0.264,7.894,29.92,3.79,NO_MAP,,0,,RAW_STALE_LOW,KEEP_SCRYDEX,,LADDER_INFO_ONLY,
CRD_C88F58584ECC45019F54,파밀리쥐,S,318/190,,24491,104642,15153,0.234,1.616,6.906,4.27,0.62,NO_MAP,,0,,RAW_OVER_PSA9,KEEP_SCRYDEX,,KEEP,
CRD_C8964D5114084013857C,어써러셔 ex,SR,078/063,546110,2074,48623,,0.043,,,23.44,,NONE,,0,,RAW_STALE_LOW,KEEP_SCRYDEX,,LADDER_INFO_ONLY,
CRD_C896B50891774460A672,찬란한 강철톤,K,050/071,,3887,61008,7849,0.064,0.495,7.773,15.7,2.02,NO_MAP,,0,,RAW_STALE_LOW,KEEP_SCRYDEX,,LADDER_INFO_ONLY,
CRD_C927EDBD33EB444EA017,아이스크,AR,065/063,664112,3542,51514,25764,0.069,0.137,1.999,14.54,7.27,NONE,,0,,RAW_STALE_LOW,KEEP_SCRYDEX,,LADDER_INFO_ONLY,
CRD_C932B86214B443F7BF18,N의 방안,SAR,173/086,606907,85997,197017,57294,0.436,1.501,3.439,2.29,0.67,A_1M,49875,11,1.724,RAW_OVER_PSA9,REPLACE_WITH_SNK_A,,KEEP,
CRD_C94514D16A7E46608874,대로트&야느와르몽 GX,SR,179/173,104543,134043,319418,56962,0.42,2.353,5.608,2.38,0.42,A_3M,47500,2,2.822,RAW_OVER_PSA9;SNK_DIVERGENCE_HIGH,REVIEW_SNK_THIN,,REVIEW_REPLACE,
CRD_C94913B9843F44CAA1C8,부스터 EX,RR,007/032,91492,215107,3835249,1121016,0.056,0.192,3.421,17.83,5.21,NONE,,0,,RAW_STALE_LOW,KEEP_SCRYDEX,,LADDER_INFO_ONLY,
CRD_C98EFDB78A3045E8B138,릴리에의 삐삐 ex,RR,287/742,730104,522,39643,,0.013,,,75.94,,NONE,,0,,RAW_STALE_LOW,KEEP_SCRYDEX,,LADDER_INFO_ONLY,
CRD_C9E479C530F64962AF8B,스트린더 V,RR,059/190,144440,538,32675,,0.016,,,60.73,,NONE,,0,,RAW_STALE_LOW,KEEP_SCRYDEX,,LADDER_INFO_ONLY,
CRD_C9FA55B6A1CF478FB8C3,냐스퍼,AR,087/080,752788,6115,107718,22171,0.057,0.276,4.859,17.62,3.63,A_3M,9500,1,0.644,RAW_STALE_LOW,REVIEW_SNK_THIN,,LADDER_INFO_ONLY,Y
CRD_CA05CA30ECC64AAA9103,M엘레이드 EX,SR,081/078,382203,215092,814855,119374,0.264,1.802,6.826,3.79,0.55,NONE,,0,,RAW_OVER_PSA9,KEEP_SCRYDEX,,KEEP,
CRD_CA1450D6F122424A81D0,오리진 디아루가 V,RR,100/172,,661,23868,10673,0.028,0.062,2.236,36.11,16.15,NO_MAP,,0,,RAW_STALE_LOW,KEEP_SCRYDEX,,LADDER_INFO_ONLY,
CRD_CA3282A90EA344D18DDD,무쇠무인 ex,RR,038/066,138238,707,32201,,0.022,,,45.55,,NONE,,0,,RAW_STALE_LOW,KEEP_SCRYDEX,,LADDER_INFO_ONLY,
CRD_CA5B1279C7ED42C78594,라프라스 VMAX,SSR,312/190,,10233,62300,3054,0.164,3.351,20.399,6.09,0.3,NO_MAP,,0,,RAW_OVER_PSA9,KEEP_SCRYDEX,,KEEP,
CRD_CA5C4ACA8C0944F9A611,팔데아 켄타로스,AR,084/073,116071,5055,66865,47553,0.076,0.106,1.406,13.23,9.41,NONE,,0,,RAW_STALE_LOW,KEEP_SCRYDEX,,LADDER_INFO_ONLY,
CRD_CA8791D1D7B746459F70,파오젠 ex,UR,097/071,120843,23754,44877,6116,0.529,3.884,7.338,1.89,0.26,NONE,,0,,RAW_OVER_PSA9,KEEP_SCRYDEX,,KEEP,
CRD_CA8815FCA7DF4BD3A509,드래펄트 VMAX,SSR,318/190,144779,4978,58863,21422,0.085,0.232,2.748,11.82,4.3,A_3M,9500,1,0.524,RAW_STALE_LOW,REVIEW_SNK_THIN,,LADDER_INFO_ONLY,Y
CRD_CAA84D92B77A42B6AD29,삼삼드래 ex,RR,478/742,605489,423,50840,8410,0.008,0.05,6.045,120.19,19.88,NONE,,0,,RAW_STALE_LOW,KEEP_SCRYDEX,,LADDER_INFO_ONLY,
CRD_CAD2C5AC7AFD4C08A84D,디안시,AR,186/172,103084,5562,59277,21055,0.094,0.264,2.815,10.66,3.79,NONE,,0,,RAW_STALE_LOW,KEEP_SCRYDEX,,LADDER_INFO_ONLY,
CRD_CAEF24E4F3E04F20A205,썬더라이,AR,073/063,546107,2950,51313,25081,0.057,0.118,2.046,17.39,8.5,NONE,,0,,RAW_STALE_LOW,KEEP_SCRYDEX,,LADDER_INFO_ONLY,
CRD_CB04FE06D4DE4ECAB7C5,몰드류,AR,079/071,186442,4318,71187,25419,0.061,0.17,2.801,16.49,5.89,NONE,,0,,RAW_STALE_LOW,KEEP_SCRYDEX,,LADDER_INFO_ONLY,
CRD_CB258E4BA4884902A051,파라꼬,S,300/190,,3104,53540,4589,0.058,0.676,11.667,17.25,1.48,NO_MAP,,0,,RAW_STALE_LOW,KEEP_SCRYDEX,,LADDER_INFO_ONLY,
CRD_CB69C20D58AF4D51A9AF,번치코 EX,PR,,411771,4594,139743,15887,0.033,0.289,8.796,30.42,3.46,NONE,,0,,RAW_STALE_LOW,KEEP_SCRYDEX,,LADDER_INFO_ONLY,
CRD_CB7A266C3EF64219A66B,마그마번,AR,175/172,105558,6699,61115,51777,0.11,0.129,1.18,9.12,7.73,A_3M,9500,1,0.705,RAW_STALE_LOW,REVIEW_SNK_THIN,,LADDER_INFO_ONLY,Y
CRD_CB975544B60F47048A93,블랙큐레무 EX,RR,084/093,108804,12276,258389,10703,0.048,1.147,24.142,21.05,0.87,NONE,,0,,RAW_STALE_LOW,KEEP_SCRYDEX,,LADDER_INFO_ONLY,
CRD_CBBC687119FD4B25A45C,타라곤,SR,108/080,753268,4517,48929,30350,0.092,0.149,1.612,10.83,6.72,NONE,,0,,RAW_STALE_LOW,KEEP_SCRYDEX,,LADDER_INFO_ONLY,
CRD_CBCB333E225D4F5DA095,타타륜 V,SR,061/060,145574,6100,61084,,0.1,,,10.01,,NONE,,0,,RAW_STALE_LOW,KEEP_SCRYDEX,,LADDER_INFO_ONLY,
CRD_CBDDC3FDCA774193AB14,레시라무,SR,022/025,91583,460944,5365670,1480047,0.086,0.311,3.625,11.64,3.21,NONE,,0,,RAW_STALE_LOW,KEEP_SCRYDEX,,LADDER_INFO_ONLY,
CRD_CBF98258CCE3480F901E,지라치 GX,SR,180/173,134006,44066,204098,33554,0.216,1.313,6.083,4.63,0.76,A_3M,63327,3,0.696,RAW_OVER_PSA9,REVIEW_SNK_THIN,,KEEP,
CRD_CC3897BA1A4C4B138E6A,로켓단의 크로뱃 ex,SR,117/098,568898,5700,51406,14865,0.111,0.383,3.458,9.02,2.61,A_3M,19000,1,0.3,SNK_DIVERGENCE_LOW,MAPPING_REVIEW,,MAPPING_REVIEW,
CRD_CC4FD534DFA941C6B7AF,대여르 V,RR,102/190,144513,615,27743,,0.022,,,45.11,,NONE,,0,,RAW_STALE_LOW,KEEP_SCRYDEX,,LADDER_INFO_ONLY,
CRD_CC7458EF5365429CB168,괴력몬 V,SR,072/067,139511,6422,68944,,0.093,,,10.74,,NONE,,0,,RAW_STALE_LOW,KEEP_SCRYDEX,,LADDER_INFO_ONLY,
CRD_CC97B2FE443A4CA09615,네르케,SR,342/190,164248,645,45274,17767,0.014,0.036,2.548,70.19,27.55,NONE,,0,,RAW_STALE_LOW,KEEP_SCRYDEX,,LADDER_INFO_ONLY,
CRD_CCA2E7D114F543BB8331,퍼퓨돈,S,316/190,,1921,73438,,0.026,,,38.23,,NO_MAP,,0,,RAW_STALE_LOW,KEEP_SCRYDEX,,LADDER_INFO_ONLY,
CRD_CCC2D6D574104829BBDF,N의 제크로무,AR,210/193,727387,10133,117212,38910,0.086,0.26,3.012,11.57,3.84,A_1M,9500,56,1.067,RAW_STALE_LOW,REPLACE_WITH_SNK_A,,LADDER_INFO_ONLY,Y
CRD_CCEB4346B9854D20B752,볼트로스,AR,120/086,585874,3641,65304,17675,0.056,0.206,3.695,17.94,4.85,A_3M,9500,1,0.383,RAW_STALE_LOW;SNK_DIVERGENCE_LOW,REVIEW_SNK_THIN,,REVIEW_REPLACE,Y
CRD_CD4628B3429A420A9319,일격 우라오스 VMAX,RRR,093/184,141114,1198,36742,19052,0.033,0.063,1.929,30.67,15.9,NONE,,0,,RAW_STALE_LOW,KEEP_SCRYDEX,,LADDER_INFO_ONLY,
CRD_CD86338BE2A54676A3B5,큐레무 V,RR,029/100,136970,830,81038,12232,0.01,0.068,6.625,97.64,14.74,NONE,,0,,RAW_STALE_LOW,KEEP_SCRYDEX,,LADDER_INFO_ONLY,
CRD_CDEC77ACD877490BB161,라티아스 ex,SR,078/064,385167,8005,58607,41069,0.137,0.195,1.427,7.32,5.13,A_3M,19000,1,0.421,RAW_STALE_LOW;SNK_DIVERGENCE_LOW,REVIEW_SNK_THIN,,REVIEW_REPLACE,
CRD_CDF7188601734FA48B24,피카츄,PR,S-P 5,298872,32988,389093,91121,0.085,0.362,4.27,11.79,2.76,A_1M,95000,14,0.347,RAW_STALE_LOW;SNK_DIVERGENCE_LOW,REPLACE_WITH_SNK_A,,STRONG_REPLACE,
CRD_CE12D0712CDA406DA3C5,카디나르마 ex,SR,079/066,152782,2873,63485,,0.045,,,22.1,,NONE,,0,,RAW_STALE_LOW,KEEP_SCRYDEX,,LADDER_INFO_ONLY,
CRD_CE2F437D2073455CA89E,루주라 ex,SR,193/165,128109,2965,127201,17554,0.023,0.169,7.246,42.9,5.92,A_3M,9500,3,0.312,RAW_STALE_LOW;SNK_DIVERGENCE_LOW,MAPPING_REVIEW,,MAPPING_REVIEW,Y
CRD_CE4D32F8379962BB2C82,,,,,492,77341,4613,0.006,0.107,16.766,157.2,9.38,NO_MAP,,0,,RAW_STALE_LOW,KEEP_SCRYDEX,,LADDER_INFO_ONLY,
CRD_CE5938A4B28D47A0AD85,샤로다 VSTAR,RRR,006/068,95115,937,33577,15290,0.028,0.061,2.196,35.83,16.32,NONE,,0,,RAW_STALE_LOW,KEEP_SCRYDEX,,LADDER_INFO_ONLY,
CRD_CE6FE97D871C4A218EFD,루가루암 ex,SR,090/073,116076,2213,46895,,0.047,,,21.19,,NONE,,0,,RAW_STALE_LOW,KEEP_SCRYDEX,,LADDER_INFO_ONLY,
CRD_CEA9EABF38B14FBBAF02,스트린더 VMAX,RRR,037/096,,2612,48638,,0.054,,,18.62,,NO_MAP,,0,,RAW_STALE_LOW,KEEP_SCRYDEX,,LADDER_INFO_ONLY,
CRD_CEAA3C84AF6D4EE4B6F1,음번 V,SR,074/067,98649,92173,186296,74295,0.495,1.241,2.508,2.02,0.81,A_1M,66500,1,1.386,RAW_OVER_PSA9,REVIEW_SNK_THIN,,KEEP,
CRD_CECA6BC4887D4E72992B,위유이 ex,RR,035/190,156414,446,16850,,0.026,,,37.78,,NONE,,0,,RAW_STALE_LOW,KEEP_SCRYDEX,,LADDER_INFO_ONLY,
CRD_CEE20BD28DB542FEB5E3,야돈&고라파덕 GX,SR,095/094,104600,101638,429716,72491,0.237,1.402,5.928,4.23,0.71,A_1M,184062,5,0.552,RAW_OVER_PSA9,REPLACE_WITH_SNK_A,,KEEP,
CRD_CF163D02C6AA44A39149,키키링 ex,RR,486/742,180191,399,26758,,0.015,,,67.06,,NONE,,0,,RAW_STALE_LOW,KEEP_SCRYDEX,,LADDER_INFO_ONLY,
CRD_CF1F30D89B8A4666A200,메가가디안 ex,RR,071/193,,446,47252,20642,0.009,0.022,2.289,105.95,46.28,NO_MAP,,0,,RAW_STALE_LOW,KEEP_SCRYDEX,,LADDER_INFO_ONLY,
CRD_CF300350E3954689842D,자시안,AR,087/080,693513,3365,61008,26428,0.055,0.127,2.308,18.13,7.85,A_1M,9548,2,0.352,RAW_STALE_LOW;SNK_DIVERGENCE_LOW,REVIEW_SNK_THIN,,REVIEW_REPLACE,
CRD_CF31B0FF74A849A2B69F,블로스터,AR,068/063,664114,2520,52102,25962,0.048,0.097,2.007,20.68,10.3,NONE,,0,,RAW_STALE_LOW,KEEP_SCRYDEX,,LADDER_INFO_ONLY,
CRD_CF565FADAC9C45388046,뮤 ex,RR,076/190,151727,3165,88737,31328,0.036,0.101,2.833,28.04,9.9,A_1M,19589,7,0.162,RAW_STALE_LOW;SNK_DIVERGENCE_LOW,MAPPING_REVIEW,,MAPPING_REVIEW,
CRD_CF6F85E730554DB796E4,다크라이(프리즘스타),PR,031/066,,10755,541843,17370,0.02,0.619,31.194,50.38,1.62,NO_MAP,,0,,RAW_STALE_LOW,KEEP_SCRYDEX,,LADDER_INFO_ONLY,
CRD_CF990D31C8414F2FACAA,묘두기,S,275/190,,1060,34571,,0.031,,,32.61,,NO_MAP,,0,,RAW_STALE_LOW,KEEP_SCRYDEX,,LADDER_INFO_ONLY,
CRD_CFB01788E84D4E84B002,백마 버드렉스 VMAX,RRR,044/184,141045,953,24862,,0.038,,,26.09,,NONE,,0,,RAW_STALE_LOW,KEEP_SCRYDEX,,LADDER_INFO_ONLY,
CRD_CFB2CC925A0E4568A262,망나뇽 VSTAR,RRR,050/071,137099,2297,79417,25760,0.029,0.089,3.083,34.57,11.21,A_1M,9500,3,0.242,RAW_STALE_LOW;SNK_DIVERGENCE_LOW,MAPPING_REVIEW,,MAPPING_REVIEW,Y
CRD_CFB59A3E266F4A7B8E84,자시안 V,RR,117/184,326938,584,,12244,,0.048,,,20.97,NONE,,0,,RAW_STALE_LOW,KEEP_SCRYDEX,,LADDER_INFO_ONLY,
CRD_CFE73FBE9D9E4EB0A6BA,스트린더 ex,SR,081/066,152769,2581,53256,42813,0.048,0.06,1.244,20.63,16.59,NONE,,0,,RAW_STALE_LOW,KEEP_SCRYDEX,,LADDER_INFO_ONLY,
CRD_D041ACC237314A96985C,맘모꾸리 ex,RR,364/742,489813,415,38164,,0.011,,,91.96,,NONE,,0,,RAW_STALE_LOW,KEEP_SCRYDEX,,LADDER_INFO_ONLY,
CRD_D0431A834EF34574BAAD,루기아 GX,RR,072/095,335139,18177,201078,35624,0.09,0.51,5.644,11.06,1.96,A_1M,54625,8,0.333,RAW_STALE_LOW;SNK_DIVERGENCE_LOW,REPLACE_WITH_SNK_A,,STRONG_REPLACE,
CRD_D05CD67F8E8E4364A643,가라르 썬더,AR,188/172,103798,3918,55885,24602,0.07,0.159,2.272,14.26,6.28,A_1M,9500,1,0.412,RAW_STALE_LOW;SNK_DIVERGENCE_LOW,REVIEW_SNK_THIN,,REVIEW_REPLACE,Y
CRD_D07E561E30914540AD43,자포코일 V,RR,016/071,139336,645,191128,,0.003,,,296.32,,NONE,,0,,RAW_STALE_LOW,KEEP_SCRYDEX,,LADDER_INFO_ONLY,
CRD_D0DC8DD763A74B918833,청목,SR,082/062,138600,2520,41528,11590,0.061,0.217,3.583,16.48,4.6,NONE,,0,,RAW_STALE_LOW,KEEP_SCRYDEX,,LADDER_INFO_ONLY,
CRD_D0F99DC13CF34DFD957C,오리진 펄기아 V,RR,022/067,103062,1229,162489,52309,0.008,0.023,3.106,132.21,42.56,NONE,,0,,RAW_STALE_LOW,KEEP_SCRYDEX,,LADDER_INFO_ONLY,
CRD_D1177926ABA14B70B4E9,번치코 V,RR,057/414,141006,714,53510,,0.013,,,74.94,,NONE,,0,,RAW_STALE_LOW,KEEP_SCRYDEX,,LADDER_INFO_ONLY,
CRD_D12C5E855D472ADD01EC,,,,,860,49234,,0.017,,,57.25,,NO_MAP,,0,,RAW_STALE_LOW,KEEP_SCRYDEX,,LADDER_INFO_ONLY,
CRD_D1558B6044BA433EB434,스트린더 VMAX,RRR,060/190,144441,1659,62239,17477,0.027,0.095,3.561,37.52,10.53,NONE,,0,,RAW_STALE_LOW,KEEP_SCRYDEX,,LADDER_INFO_ONLY,
CRD_D17A00BDB2C9E0FCE3F8,,,,,5577,70001,,0.08,,,12.55,,NO_MAP,,0,,RAW_STALE_LOW,KEEP_SCRYDEX,,LADDER_INFO_ONLY,
CRD_D1A8C3F081B74BAE8414,삼삼드래 ex,SR,163/086,608601,1613,61485,,0.026,,,38.12,,NONE,,0,,RAW_STALE_LOW,KEEP_SCRYDEX,,LADDER_INFO_ONLY,
CRD_D1B5C3A150B3424CB4C7,누오,S,170/150,,38919,137660,29738,0.283,1.309,4.629,3.54,0.76,NO_MAP,,0,,RAW_OVER_PSA9,KEEP_SCRYDEX,,KEEP,
CRD_D1C565DB2FFB4163BFFC,배쓰나이,AR,105/086,608545,6100,69682,15286,0.088,0.399,4.559,11.42,2.51,NONE,,0,,RAW_STALE_LOW,KEEP_SCRYDEX,,LADDER_INFO_ONLY,
CRD_D1D4CE75EC474976A7DF,코터스,AR,069/066,227625,3472,75623,23405,0.046,0.148,3.231,21.78,6.74,NONE,,0,,RAW_STALE_LOW,KEEP_SCRYDEX,,LADDER_INFO_ONLY,
CRD_D2329A80F560434D96B2,토게키스,AR,203/193,731016,2996,77173,24648,0.039,0.122,3.131,25.76,8.23,A_1M,9500,1,0.315,RAW_STALE_LOW;SNK_DIVERGENCE_LOW,MAPPING_REVIEW,,MAPPING_REVIEW,Y
CRD_D2495E3800AA46048DEE,라우드본 ex,RR,020/073,,430,49494,16055,0.009,0.027,3.083,115.1,37.34,NO_MAP,,0,,RAW_STALE_LOW,KEEP_SCRYDEX,,LADDER_INFO_ONLY,
CRD_D25814429FF94A7E84C3,블랙큐레무 ex,SR,077/064,378062,5485,50519,23593,0.109,0.232,2.141,9.21,4.3,A_1M,19000,1,0.289,SNK_DIVERGENCE_LOW,MAPPING_REVIEW,,MAPPING_REVIEW,
CRD_D264A2B826384DCCB7D7,가이오가 V,PR,S-P 177,286331,14566,141516,24476,0.103,0.595,5.782,9.72,1.68,A_3M,42750,5,0.341,SNK_DIVERGENCE_LOW,REPLACE_WITH_SNK_A,,STRONG_REPLACE,
CRD_D2A4A914128D48B19C2B,뽀삐,SR,130/108,132276,3104,81522,18700,0.038,0.166,4.359,26.26,6.02,NONE,,0,,RAW_STALE_LOW,KEEP_SCRYDEX,,LADDER_INFO_ONLY,
CRD_D2B8F12F00094BD88632,피카츄 V,CSR,222/184,96712,93633,671304,180641,0.139,0.518,3.716,7.17,1.93,A_1M,237500,27,0.394,SNK_DIVERGENCE_LOW,REPLACE_WITH_SNK_A,,STRONG_REPLACE,
CRD_D2BCEBD902BB4EB7B230,과미드라 ex,SR,115/102,326010,2213,64662,7645,0.034,0.289,8.458,29.22,3.45,NONE,,0,,RAW_STALE_LOW,KEEP_SCRYDEX,,LADDER_INFO_ONLY,
CRD_D2F3D6C50BA14B39ADBA,번치코 GX,SR,098/096,334423,23431,114560,63010,0.205,0.372,1.818,4.89,2.69,A_1M,56990,1,0.411,SNK_DIVERGENCE_LOW,REVIEW_SNK_THIN,,REVIEW_REPLACE,
CRD_D314F766A59B4473933E,리피아 V,RR,011/172,,1444,53586,15072,0.027,0.096,3.555,37.11,10.44,NO_MAP,,0,,RAW_STALE_LOW,KEEP_SCRYDEX,,LADDER_INFO_ONLY,
CRD_D32273D46FE741C19111,히스이 블레이범 V,SR,076/067,139715,5132,66286,30580,0.077,0.168,2.168,12.92,5.96,NONE,,0,,RAW_STALE_LOW,KEEP_SCRYDEX,,LADDER_INFO_ONLY,
CRD_D341F09B720748DE8BA5,킬리아,S,259/190,,3595,99233,,0.036,,,27.6,,NO_MAP,,0,,RAW_STALE_LOW,KEEP_SCRYDEX,,LADDER_INFO_ONLY,
CRD_D3439179FAEB461CA903,코르니의 기합,SR,081/070,91186,7682,149706,23711,0.051,0.324,6.314,19.49,3.09,A_1M,53200,3,0.144,RAW_STALE_LOW;SNK_DIVERGENCE_LOW,MAPPING_REVIEW,,MAPPING_REVIEW,
CRD_D36A8D255E484367A01A,메타그로스 GX,RR,035/050,336270,9250,120686,91726,0.077,0.101,1.316,13.05,9.92,NONE,,0,,RAW_STALE_LOW,KEEP_SCRYDEX,,LADDER_INFO_ONLY,
CRD_D36DD4F7F2DC45FBAE2B,달코퀸 V,SR,101/100,141397,1782,115897,19877,0.015,0.09,5.831,65.04,11.15,NONE,,0,,RAW_STALE_LOW,KEEP_SCRYDEX,,LADDER_INFO_ONLY,
CRD_D3997BEB72104CE08418,모르페코 V,SR,062/060,113240,20220,74922,,0.27,,,3.71,,A_3M,66405,1,0.304,SNK_DIVERGENCE_LOW,MAPPING_REVIEW,,MAPPING_REVIEW,
CRD_D3A35E24EA494A63BB44,비트,SR,068/060,122006,7682,32859,114676,0.234,0.067,0.287,4.28,14.93,NONE,,0,,GRADED_INVERSION;RAW_STALE_LOW,KEEP_SCRYDEX,,KEEP,
CRD_D3A4176E71AC47AFA6EF,전목,SR,082/067,126537,2612,27033,,0.097,,,10.35,,NONE,,0,,RAW_STALE_LOW,KEEP_SCRYDEX,,LADDER_INFO_ONLY,
CRD_D3A5DFC3A6B34F32B872,제크로무 ex,RR,259/742,584783,753,669329,313831,0.001,0.002,2.133,888.88,416.77,NONE,,0,,RAW_STALE_LOW,KEEP_SCRYDEX,,LADDER_INFO_ONLY,
CRD_D3C57F0250DF425CBA58,파치래곤 VMAX,RRR,024/070,143984,1490,36818,,0.04,,,24.71,,NONE,,0,,RAW_STALE_LOW,KEEP_SCRYDEX,,LADDER_INFO_ONLY,
CRD_D3E88C25E8B642E3BF45,우렁찬꼬리 ex,SR,082/066,227632,2397,57858,,0.041,,,24.14,,NONE,,0,,RAW_STALE_LOW,KEEP_SCRYDEX,,LADDER_INFO_ONLY,
CRD_D417586C8E26486E94D6,폭거북스 GX,SSR,212/150,112779,15749,213665,,0.074,,,13.57,,NONE,,0,,RAW_STALE_LOW,KEEP_SCRYDEX,,LADDER_INFO_ONLY,
CRD_D434D4DB501B4AF68A68,두파팡 GX,RR,028/173,396010,2720,41559,14526,0.065,0.187,2.861,15.28,5.34,NONE,,0,,RAW_STALE_LOW,KEEP_SCRYDEX,,LADDER_INFO_ONLY,
CRD_D458688E4CDC4D52858A,고릴타 V,RR,008/070,145443,1905,51919,,0.037,,,27.25,,NONE,,0,,RAW_STALE_LOW,KEEP_SCRYDEX,,LADDER_INFO_ONLY,
CRD_D462517CFC6F4930A7AC,무한다이노 V,RR,124/190,144547,676,48944,,0.014,,,72.4,,NONE,,0,,RAW_STALE_LOW,KEEP_SCRYDEX,,LADDER_INFO_ONLY,
CRD_D4ABBEA6D26A12D8F907,,,,,630,41730,18451,0.015,0.034,2.262,66.24,29.29,NO_MAP,,0,,RAW_STALE_LOW,KEEP_SCRYDEX,,LADDER_INFO_ONLY,
CRD_D4CFC33A07144C65A793,멜탄,AR,081/071,186444,3204,50514,16096,0.063,0.199,3.138,15.77,5.02,NONE,,0,,RAW_STALE_LOW,KEEP_SCRYDEX,,LADDER_INFO_ONLY,
CRD_D4F1ED76199148DD94FA,패리퍼,S,312/190,,1736,64769,24097,0.027,0.072,2.688,37.31,13.88,NO_MAP,,0,,RAW_STALE_LOW,KEEP_SCRYDEX,,LADDER_INFO_ONLY,
CRD_D4F9A637FFAE4231A8CB,굽이치는물결 ex,RR,222/742,171998,522,58454,9189,0.009,0.057,6.361,111.98,17.6,NONE,,0,,RAW_STALE_LOW,KEEP_SCRYDEX,,LADDER_INFO_ONLY,
CRD_D543AC0888A542E78D35,얼음귀신 EX,RR,014/059,389869,2382,83484,47323,0.029,0.05,1.764,35.05,19.87,NONE,,0,,RAW_STALE_LOW,KEEP_SCRYDEX,,LADDER_INFO_ONLY,
CRD_D549C9C22E9C4E4C83D4,저승갓숭,S,278/190,,2105,84196,14548,0.025,0.145,5.787,40.0,6.91,NO_MAP,,0,,RAW_STALE_LOW,KEEP_SCRYDEX,,LADDER_INFO_ONLY,
CRD_D55D93F3B3354DD8B604,뮤 VMAX,RRR,040/100,,9772,189508,32507,0.052,0.301,5.83,19.39,3.33,NO_MAP,,0,,RAW_STALE_LOW,KEEP_SCRYDEX,,LADDER_INFO_ONLY,
CRD_D56048415DA2405E9DBC,피카츄 V,PR,S-P 73,334017,13997,219197,38655,0.064,0.362,5.671,15.66,2.76,A_1M,73464,25,0.191,RAW_STALE_LOW;SNK_DIVERGENCE_LOW,MAPPING_REVIEW,,MAPPING_REVIEW,
CRD_D59A0E499FD44F4199B5,메더,AR,115/086,608555,4379,48516,21364,0.09,0.205,2.271,11.08,4.88,NONE,,0,,RAW_STALE_LOW,KEEP_SCRYDEX,,LADDER_INFO_ONLY,
CRD_D5A3208DB5D642528B68,세레비&이상해꽃 GX,SR,097/095,127727,130601,683712,132414,0.191,0.986,5.163,5.24,1.01,A_3M,332500,1,0.393,SNK_DIVERGENCE_LOW,REVIEW_SNK_THIN,,REVIEW_REPLACE,
CRD_D5BD1DC91C304D4CBBCD,무쇠잎새 ex,RR,016/187,427215,369,60090,22171,0.006,0.017,2.71,162.85,60.08,NONE,,0,,RAW_STALE_LOW,KEEP_SCRYDEX,,LADDER_INFO_ONLY,
CRD_D5CA1113067244059C35,알로라 나시 V,RR,005/071,137056,730,60296,,0.012,,,82.6,,NONE,,0,,RAW_STALE_LOW,KEEP_SCRYDEX,,LADDER_INFO_ONLY,
CRD_D6012E58494D4846B6FB,기라티나 V,RR,110/172,103067,1214,63700,15424,0.019,0.079,4.13,52.47,12.71,A_1M,9500,2,0.128,RAW_STALE_LOW;SNK_DIVERGENCE_LOW,MAPPING_REVIEW,,MAPPING_REVIEW,Y
CRD_D602385974EB459BA404,후딘 ex,SSR,326/190,164703,2566,83475,21299,0.031,0.12,3.919,32.53,8.3,A_3M,9500,1,0.27,RAW_STALE_LOW;SNK_DIVERGENCE_LOW,MAPPING_REVIEW,,MAPPING_REVIEW,Y
CRD_D602C3182737420E823B,볼트로스,SR,054/053,108828,33787,395405,84540,0.085,0.4,4.677,11.7,2.5,NONE,,0,,RAW_STALE_LOW,KEEP_SCRYDEX,,LADDER_INFO_ONLY,
CRD_D65357D1999445768C17,맨돌핀,S,228/190,,1982,26066,15046,0.076,0.132,1.732,13.15,7.59,NO_MAP,,0,,RAW_STALE_LOW,KEEP_SCRYDEX,,LADDER_INFO_ONLY,
CRD_D65DE41A73AB4B91B33B,뜨아거,S,215/190,,2720,92902,28975,0.029,0.094,3.206,34.16,10.65,NO_MAP,,0,,RAW_STALE_LOW,KEEP_SCRYDEX,,LADDER_INFO_ONLY,
CRD_D67FF6D515B941C0B69E,쏘겨모,S,283/190,,2105,27474,,0.077,,,13.05,,NO_MAP,,0,,RAW_STALE_LOW,KEEP_SCRYDEX,,LADDER_INFO_ONLY,
CRD_D7065DC67F244D799293,테라파고스 ex,RR,136/187,427232,446,34326,9572,0.013,0.047,3.586,76.96,21.46,NONE,,0,,RAW_STALE_LOW,KEEP_SCRYDEX,,LADDER_INFO_ONLY,
CRD_D70F5446D2974DDC8EB0,펄스멍 V,RR,155/414,141331,553,29648,,0.019,,,53.61,,NONE,,0,,RAW_STALE_LOW,KEEP_SCRYDEX,,LADDER_INFO_ONLY,
CRD_D7410D338CA64CF1BEC4,모토마,AR,074/062,139883,4041,57583,11738,0.07,0.344,4.906,14.25,2.9,NONE,,0,,RAW_STALE_LOW,KEEP_SCRYDEX,,LADDER_INFO_ONLY,
CRD_D74B2BB02D9740569EEB,노고고치 ex,RR,575/742,495162,323,76451,,0.004,,,236.69,,NONE,,0,,RAW_STALE_LOW,KEEP_SCRYDEX,,LADDER_INFO_ONLY,
CRD_D7574728F6AB49FEBD4E,님피아 VMAX,HR,092/069,96620,46048,131958,76597,0.349,0.601,1.723,2.87,1.66,A_3M,97366,5,0.473,SNK_DIVERGENCE_LOW,REPLACE_WITH_SNK_A,,STRONG_REPLACE,
CRD_D773344F12828473CD06,,,,,2904,49754,16385,0.058,0.177,3.037,17.13,5.64,NO_MAP,,0,,RAW_STALE_LOW,KEEP_SCRYDEX,,LADDER_INFO_ONLY,
CRD_D77DDA36A4604E1A840A,마쿠와,SR,086/069,112527,1168,52629,6865,0.022,0.17,7.666,45.06,5.88,NONE,,0,,RAW_STALE_LOW,KEEP_SCRYDEX,,LADDER_INFO_ONLY,
CRD_D7976C3F939248F7A2C3,네리네,SR,188/187,471670,1736,79020,28317,0.022,0.061,2.791,45.52,16.31,NONE,,0,,RAW_STALE_LOW,KEEP_SCRYDEX,,LADDER_INFO_ONLY,
CRD_D7B60917E9F749A78D85,피카츄&제크로무 GX,RR,041/173,396023,43651,449860,168133,0.097,0.26,2.676,10.31,3.85,A_1M,112100,41,0.389,RAW_STALE_LOW;SNK_DIVERGENCE_LOW,REPLACE_WITH_SNK_A,,STRONG_REPLACE,
CRD_D7B9B3BCB4264919B5BC,투희,SR,166/086,608603,12077,68459,20144,0.176,0.6,3.398,5.67,1.67,A_1M,28016,10,0.431,SNK_DIVERGENCE_LOW,REPLACE_WITH_SNK_A,,STRONG_REPLACE,
CRD_D7F007D1EFC04DE9A1AF,뮤츠 EX,PR,,413376,76824,270855,53366,0.284,1.44,5.075,3.53,0.69,A_1M,47500,1,1.617,RAW_OVER_PSA9,REVIEW_SNK_THIN,,KEEP,
CRD_D7F264F5E2C34408ADC5,멜메탈 GX,SM-P,1 84 /SM-P,407422,1536,71424,,0.022,,,46.5,,NONE,,0,,RAW_STALE_LOW,KEEP_SCRYDEX,,LADDER_INFO_ONLY,
CRD_D80851B52D9A43F59EF6,갸라도스 ex,RR,014/078,110729,1245,70564,18364,0.018,0.068,3.843,56.68,14.75,NONE,,0,,RAW_STALE_LOW,KEEP_SCRYDEX,,LADDER_INFO_ONLY,
CRD_D827A662E6E744C3B693,무우마,AR,202/193,730941,3127,60708,21212,0.052,0.147,2.862,19.41,6.78,A_1M,9500,2,0.329,RAW_STALE_LOW;SNK_DIVERGENCE_LOW,MAPPING_REVIEW,,MAPPING_REVIEW,Y
CRD_D82F080A60144D05A9D5,이야후 ex,SR,080/064,284956,2182,51104,,0.043,,,23.42,,NONE,,0,,RAW_STALE_LOW,KEEP_SCRYDEX,,LADDER_INFO_ONLY,
CRD_D844EA6139A443209168,누니머기,S,232/190,,4333,48271,,0.09,,,11.14,,NO_MAP,,0,,RAW_STALE_LOW,KEEP_SCRYDEX,,LADDER_INFO_ONLY,
CRD_D86A3315CB974B96A9E6,귀뚤톡크 V,RR,014/414,140983,599,23700,,0.025,,,39.57,,NONE,,0,,RAW_STALE_LOW,KEEP_SCRYDEX,,LADDER_INFO_ONLY,
CRD_D88B69F2CCFC4DF587DC,샤로다 V,CSR,084/068,95123,68327,144757,34419,0.472,1.985,4.206,2.12,0.5,A_3M,44175,4,1.547,RAW_OVER_PSA9,REVIEW_SNK_THIN,,KEEP,
CRD_D89AE69557754704BE5B,로켓단의 람다,SR,119/098,568321,12092,77639,9908,0.156,1.22,7.836,6.42,0.82,A_1M,33250,4,0.364,RAW_OVER_PSA9;SNK_DIVERGENCE_LOW,REVIEW_SNK_THIN,,REVIEW_REPLACE,
CRD_D89C085C68AB427DB734,보만다 GX,RR,045/066,391778,8804,103170,,0.085,,,11.72,,NONE,,0,,RAW_STALE_LOW,KEEP_SCRYDEX,,LADDER_INFO_ONLY,
CRD_D8C1902727604BB699E2,팬텀&따라큐 GX,SR,102/095,149334,383352,1144437,315464,0.335,1.215,3.628,2.99,0.82,A_1M,427500,5,0.897,RAW_OVER_PSA9,REPLACE_WITH_SNK_A,,KEEP,
CRD_D8CA3FC24E11442D97E0,빠모,AR,340/190,162093,5193,64188,,0.081,,,12.36,,A_3M,30875,2,0.168,RAW_STALE_LOW;SNK_DIVERGENCE_LOW,MAPPING_REVIEW,,MAPPING_REVIEW,
CRD_D8DEBF9FF3D14AEDADAA,스트린더 V,SSR,314/190,144775,3273,41899,20881,0.078,0.157,2.007,12.8,6.38,NONE,,0,,RAW_STALE_LOW,KEEP_SCRYDEX,,LADDER_INFO_ONLY,
CRD_D91DE05A19D749D59779,모르페코,S,243/190,,7375,121590,24414,0.061,0.302,4.98,16.49,3.31,NO_MAP,,0,,RAW_STALE_LOW,KEEP_SCRYDEX,,LADDER_INFO_ONLY,
CRD_D92373A46C9C4F6FA162,페로코체&매시붕 GX,RR,001/054,393243,5577,84325,29006,0.066,0.192,2.907,15.12,5.2,NONE,,0,,RAW_STALE_LOW,KEEP_SCRYDEX,,LADDER_INFO_ONLY,
CRD_D95254F3729941B9B6A6,루가루암 GX,RR,027/050,336262,5347,137597,,0.039,,,25.73,,NONE,,0,,RAW_STALE_LOW,KEEP_SCRYDEX,,LADDER_INFO_ONLY,
CRD_D956254FB2F5419D85EE,규토리장인,SR,074/066,105350,42945,119707,21406,0.359,2.006,5.592,2.79,0.5,NONE,,0,,RAW_OVER_PSA9,KEEP_SCRYDEX,,KEEP,
CRD_D96E0DB78D214574BD54,로즈레이드,CHR,068/067,126679,3242,39333,21204,0.082,0.153,1.855,12.13,6.54,A_3M,9500,1,0.341,RAW_STALE_LOW;SNK_DIVERGENCE_LOW,REVIEW_SNK_THIN,,REVIEW_REPLACE,Y
CRD_D970AD67FDC84F989B91,찌리비,S,250/190,,1383,184537,16380,0.007,0.084,11.266,133.43,11.84,NO_MAP,,0,,RAW_STALE_LOW,KEEP_SCRYDEX,,LADDER_INFO_ONLY,
CRD_D97F8DEBE01544ABAA7E,코라이돈 ex,SAR,103/078,110953,53024,140801,37155,0.377,1.427,3.79,2.66,0.7,A_1M,104500,5,0.507,RAW_OVER_PSA9,REPLACE_WITH_SNK_A,,KEEP,
CRD_D9C0CF682CE44A96BED2,네오라이트 V,SAR,216/172,103072,27641,92209,33447,0.3,0.826,2.757,3.34,1.21,A_1M,13775,13,2.007,SNK_DIVERGENCE_HIGH,REPLACE_WITH_SNK_A,,STRONG_REPLACE,
CRD_DA8736447EB24766A712,갑주무사 ex,SR,081/066,152783,2028,37507,,0.054,,,18.49,,NONE,,0,,RAW_STALE_LOW,KEEP_SCRYDEX,,LADDER_INFO_ONLY,
CRD_DAA35F1AF62C4F308C37,브리두라스 ex,RR,122/193,730165,307,26792,,0.011,,,87.27,,NONE,,0,,RAW_STALE_LOW,KEEP_SCRYDEX,,LADDER_INFO_ONLY,
CRD_DAA647C583CD4B3182C5,독개굴 EX,RR,036/080,380708,3841,66956,9923,0.057,0.387,6.748,17.43,2.58,NONE,,0,,RAW_STALE_LOW,KEEP_SCRYDEX,,LADDER_INFO_ONLY,
CRD_DAA6AB20B9FA4E75BA0C,썬더 ex,SR,194/165,128110,7498,77939,39189,0.096,0.191,1.989,10.39,5.23,A_1M,14250,6,0.526,RAW_STALE_LOW,REPLACE_WITH_SNK_A,,LADDER_INFO_ONLY,
CRD_DAF9334F2EBE4F959019,그란돈 EX,RR,039/070,381577,21203,155471,11468,0.136,1.849,13.557,7.33,0.54,NONE,,0,,RAW_OVER_PSA9,KEEP_SCRYDEX,,KEEP,
CRD_DAFD8B92B8CF427FB7FE,팔데아 켄타로스,S,212/190,,1859,22217,8134,0.084,0.229,2.731,11.95,4.38,NO_MAP,,0,,RAW_STALE_LOW,KEEP_SCRYDEX,,LADDER_INFO_ONLY,
CRD_DB00069D3B2C4916B373,켄타로스 GX,SR,064/060,388923,10755,143902,15297,0.075,0.703,9.407,13.38,1.42,NONE,,0,,RAW_STALE_LOW,KEEP_SCRYDEX,,LADDER_INFO_ONLY,
CRD_DB0269F2CFB9449490D3,니로우,S,288/190,,1982,23722,,0.084,,,11.97,,NO_MAP,,0,,RAW_STALE_LOW,KEEP_SCRYDEX,,LADDER_INFO_ONLY,
CRD_DB3058C2ACCB4A9498BD,빠르모트,S,249/190,,2197,67976,,0.032,,,30.94,,NO_MAP,,0,,RAW_STALE_LOW,KEEP_SCRYDEX,,LADDER_INFO_ONLY,
CRD_DB44D404633141DBBC80,두더류,AR,130/086,608500,4302,57751,21406,0.074,0.201,2.698,13.42,4.98,NONE,,0,,RAW_STALE_LOW,KEEP_SCRYDEX,,LADDER_INFO_ONLY,
CRD_DB63CA7CA3E74E61A7ED,보만다 V,RR,080/100,145223,2105,39704,53326,0.053,0.039,0.745,18.86,25.33,NONE,,0,,GRADED_INVERSION;RAW_STALE_LOW,KEEP_SCRYDEX,,KEEP,
CRD_DB67FF4AD9D943BF9366,라티오스(프리즘스타),PR,067/096,334393,12753,339021,33016,0.038,0.386,10.268,26.58,2.59,NONE,,0,,RAW_STALE_LOW,KEEP_SCRYDEX,,LADDER_INFO_ONLY,
CRD_DB83835D9CEC4025A0CC,루가루암 VMAX,RRR,025/067,141480,2274,62690,,0.036,,,27.57,,NONE,,0,,RAW_STALE_LOW,KEEP_SCRYDEX,,LADDER_INFO_ONLY,
CRD_DB83FAE5579D41C28206,자포코일 ex,RR,028/078,108331,538,23133,,0.023,,,43.0,,NONE,,0,,RAW_STALE_LOW,KEEP_SCRYDEX,,LADDER_INFO_ONLY,
CRD_DB8B895CEE0C4F1D99AB,고래왕 EX,SR,071/070,381872,38397,593093,48929,0.065,0.785,12.122,15.45,1.27,NONE,,0,,RAW_STALE_LOW,KEEP_SCRYDEX,,LADDER_INFO_ONLY,
CRD_DBA4E957DBAD4886B117,세이지,SR,091/071,186452,1337,34632,3058,0.039,0.437,11.325,25.9,2.29,NONE,,0,,RAW_STALE_LOW,KEEP_SCRYDEX,,LADDER_INFO_ONLY,
CRD_DBB7B7B124384146B708,루카리오 GX,SSR,224/150,112788,107477,292196,74662,0.368,1.44,3.914,2.72,0.69,A_3M,142490,3,0.754,RAW_OVER_PSA9,REVIEW_SNK_THIN,,KEEP,
CRD_DBCCC554027A4F239EE1,눈여아 ex,SR,075/062,140299,3472,32476,21406,0.107,0.162,1.517,9.35,6.17,NONE,,0,,RAW_STALE_LOW,KEEP_SCRYDEX,,LADDER_INFO_ONLY,
CRD_DBCFA7ECE36342E69356,리자몽 EX,PR,,182581,26120,1162890,167418,0.022,0.156,6.946,44.52,6.41,A_1M,416100,9,0.063,RAW_STALE_LOW;SNK_DIVERGENCE_LOW,MAPPING_REVIEW,,MAPPING_REVIEW,
CRD_DBD0BA8810234F79AE76,메가입치트 ex,RR,046/063,646403,607,45809,15275,0.013,0.04,2.999,75.47,25.16,NONE,,0,,RAW_STALE_LOW,KEEP_SCRYDEX,,LADDER_INFO_ONLY,
CRD_DBF5F6102B314663AA38,루기아 VSTAR,RRR,080/098,100555,4440,117442,45813,0.038,0.097,2.564,26.45,10.32,A_1M,10450,13,0.425,RAW_STALE_LOW;SNK_DIVERGENCE_LOW,REPLACE_WITH_SNK_A,,STRONG_REPLACE,
CRD_DBF770636571450E9F41,쫀도기,S,266/190,,2320,54219,15810,0.043,0.147,3.429,23.37,6.81,NO_MAP,,0,,RAW_STALE_LOW,KEEP_SCRYDEX,,LADDER_INFO_ONLY,
CRD_DC0D44D9E66D45FA907B,가라르 날쌩마 V,RR,163/414,141758,1798,97276,46128,0.018,0.039,2.109,54.1,25.66,NONE,,0,,RAW_STALE_LOW,KEEP_SCRYDEX,,LADDER_INFO_ONLY,
CRD_DC1576AAD82E4D478E9D,푸린,S,306/190,,5347,51314,40840,0.104,0.131,1.256,9.6,7.64,NO_MAP,,0,,RAW_STALE_LOW,KEEP_SCRYDEX,,LADDER_INFO_ONLY,
CRD_DC3CA236843E44299775,루주라 ex,RR,124/165,128001,661,62567,51466,0.011,0.013,1.216,94.66,77.86,NONE,,0,,RAW_STALE_LOW,KEEP_SCRYDEX,,LADDER_INFO_ONLY,
CRD_DC46034507A149F9A1E5,레쿠쟈 V,SR,076/067,91167,609691,3075002,800763,0.198,0.761,3.84,5.04,1.31,A_1M,1567500,15,0.389,SNK_DIVERGENCE_LOW,REPLACE_WITH_SNK_A,,STRONG_REPLACE,
CRD_DC67C08A742F4CD7BB2D,사다이사 VMAX,RRR,044/070,141773,1245,26660,,0.047,,,21.41,,NONE,,0,,RAW_STALE_LOW,KEEP_SCRYDEX,,LADDER_INFO_ONLY,
CRD_DC74E397CD2F48098A04,갸라도스 EX,SR,081/080,91498,30730,525799,243099,0.058,0.126,2.163,17.11,7.91,NONE,,0,,RAW_STALE_LOW,KEEP_SCRYDEX,,LADDER_INFO_ONLY,
CRD_DC7B1F9CDDF44E588CD0,미라이돈 ex,SR,094/078,110931,4087,50228,19847,0.081,0.206,2.531,12.29,4.86,A_3M,9500,1,0.43,RAW_STALE_LOW;SNK_DIVERGENCE_LOW,REVIEW_SNK_THIN,,REVIEW_REPLACE,Y
CRD_DCC37C7FE5CD4264A5A1,피오니,SR,083/070,96730,3488,60962,24388,0.057,0.143,2.5,17.48,6.99,NONE,,0,,RAW_STALE_LOW,KEEP_SCRYDEX,,LADDER_INFO_ONLY,
CRD_DCC8CEBEBF3C4B9D88E0,레오꼬,AR,066/063,663639,3365,51203,24480,0.066,0.137,2.092,15.22,7.27,NONE,,0,,RAW_STALE_LOW,KEEP_SCRYDEX,,LADDER_INFO_ONLY,
CRD_DCECCFE1C2954B5181B2,악뜨거,S,216/190,,1567,21096,,0.074,,,13.46,,NO_MAP,,0,,RAW_STALE_LOW,KEEP_SCRYDEX,,LADDER_INFO_ONLY,
CRD_DCED932B45234182889C,쉐이미 VSTAR,RRR,013/100,139756,1383,32520,12216,0.043,0.113,2.662,23.51,8.83,NONE,,0,,RAW_STALE_LOW,KEEP_SCRYDEX,,LADDER_INFO_ONLY,
CRD_DD0DF5ACA37B41DF8B8C,날개치는머리,AR,076/071,179804,3150,49979,14923,0.063,0.211,3.349,15.87,4.74,NONE,,0,,RAW_STALE_LOW,KEEP_SCRYDEX,,LADDER_INFO_ONLY,
CRD_DD17001A86F04AFDAF09,단지래플,AR,075/064,372326,5332,56272,21251,0.095,0.251,2.648,10.55,3.99,NONE,,0,,RAW_STALE_LOW,KEEP_SCRYDEX,,LADDER_INFO_ONLY,
CRD_DD4F767B8C314FCDBAF1,펄기아,HR,02/60,109392,99856,1070543,155853,0.093,0.641,6.869,10.72,1.56,NONE,,0,,RAW_STALE_LOW,KEEP_SCRYDEX,,LADDER_INFO_ONLY,
CRD_DD544B72133A4A17A1BB,멜론,SR,262/184,96677,6791,58637,28669,0.116,0.237,2.045,8.63,4.22,A_1M,14250,1,0.477,SNK_DIVERGENCE_LOW,REVIEW_SNK_THIN,,REVIEW_REPLACE,
CRD_DD79A82191CE49F19151,미니브,S,203/190,,2382,57407,9151,0.041,0.26,6.273,24.1,3.84,NO_MAP,,0,,RAW_STALE_LOW,KEEP_SCRYDEX,,LADDER_INFO_ONLY,
CRD_DD8827F892AE449986D4,파오젠 ex,RR,028/071,117185,599,23319,23058,0.026,0.026,1.011,38.93,38.49,NONE,,0,,RAW_STALE_LOW,KEEP_SCRYDEX,,LADDER_INFO_ONLY,
CRD_DDAA23F00D9A45A3A417,시아노,SR,128/106,414091,2243,9370,16819,0.239,0.133,0.557,4.18,7.5,A_1M,9500,1,0.236,GRADED_INVERSION;RAW_STALE_LOW;SNK_DIVERGENCE_LOW,MAPPING_REVIEW,,MAPPING_REVIEW,Y
CRD_DDC143852534B415787C,아르세우스 VSTAR,UR,262/172,105530,229550,421456,185542,0.545,1.237,2.271,1.84,0.81,A_1M,179550,37,1.278,RAW_OVER_PSA9,REPLACE_WITH_SNK_A,,KEEP,
CRD_DE0D19741C6C49AEA3F8,모래꿍,AR,075/071,120731,3104,41295,13768,0.075,0.225,2.999,13.3,4.44,A_1M,11875,1,0.261,RAW_STALE_LOW;SNK_DIVERGENCE_LOW,MAPPING_REVIEW,,MAPPING_REVIEW,
CRD_DE1AC8F1848D4F84A6C9,고릴타 V,SSR,304/190,144768,2658,55739,21406,0.048,0.124,2.604,20.97,8.05,NONE,,0,,RAW_STALE_LOW,KEEP_SCRYDEX,,LADDER_INFO_ONLY,
CRD_DE6ADE7BA0D1404C9EBB,심향의 마그카르고,AR,197/193,730939,2889,70177,22456,0.041,0.129,3.125,24.29,7.77,NONE,,0,,RAW_STALE_LOW,KEEP_SCRYDEX,,LADDER_INFO_ONLY,
CRD_DE7B8B068B1746649360,엠페르트 V,RR,100/414,144076,1198,381392,9178,0.003,0.131,41.555,318.36,7.66,NONE,,0,,RAW_STALE_LOW,KEEP_SCRYDEX,,LADDER_INFO_ONLY,
CRD_DEBF98B578D94A9486D2,무쇠가시 ex,RR,056/187,440027,446,46039,,0.01,,,103.23,,NONE,,0,,RAW_STALE_LOW,KEEP_SCRYDEX,,LADDER_INFO_ONLY,
CRD_DECDD9969EB941668D1B,대로트 BREAK,RR,055/171,390824,6069,183375,76451,0.033,0.079,2.399,30.22,12.6,NONE,,0,,RAW_STALE_LOW,KEEP_SCRYDEX,,LADDER_INFO_ONLY,
CRD_DF1BC7CED4E14C938183,운향,SAR,100/073,115238,77608,119894,54232,0.647,1.431,2.211,1.54,0.7,A_1M,86450,6,0.898,RAW_OVER_PSA9,REPLACE_WITH_SNK_A,,KEEP,
CRD_DF24CA2636884683B997,춤추새,S,214/190,,1813,51482,,0.035,,,28.4,,NO_MAP,,0,,RAW_STALE_LOW,KEEP_SCRYDEX,,LADDER_INFO_ONLY,
CRD_DF5E783CC8444CCFA94A,일레도리자드,AR,201/193,730940,1974,58134,20850,0.034,0.095,2.788,29.45,10.56,NONE,,0,,RAW_STALE_LOW,KEEP_SCRYDEX,,LADDER_INFO_ONLY,
CRD_DF8A429C70554B56B314,쏘콘 ex,SR,084/071,120738,1859,34406,13744,0.054,0.135,2.503,18.51,7.39,NONE,,0,,RAW_STALE_LOW,KEEP_SCRYDEX,,LADDER_INFO_ONLY,
CRD_DF8B9319DDD84975E5C1,,,,,799,52182,,0.015,,,65.31,,NO_MAP,,0,,RAW_STALE_LOW,KEEP_SCRYDEX,,LADDER_INFO_ONLY,
CRD_DF94CDB2489A49698586,대포무노,CHR,191/184,126708,3319,63084,22269,0.053,0.149,2.833,19.01,6.71,A_3M,9500,1,0.349,RAW_STALE_LOW;SNK_DIVERGENCE_LOW,REVIEW_SNK_THIN,,REVIEW_REPLACE,Y
CRD_DFA86BCCB5434D858268,레시라무 GX,RR,008/053,391681,11170,111802,25626,0.1,0.436,4.363,10.01,2.29,NONE,,0,,RAW_STALE_LOW,KEEP_SCRYDEX,,LADDER_INFO_ONLY,
CRD_DFBD272AF9C64329B300,뮤 V,SR,105/100,96582,32666,250861,58830,0.13,0.555,4.264,7.68,1.8,A_1M,108300,25,0.302,SNK_DIVERGENCE_LOW,MAPPING_REVIEW,,MAPPING_REVIEW,
CRD_DFC0FCC5B8EB4F1FB812,히스이 블레이범 V,RR,028/067,139647,1152,38226,30580,0.03,0.038,1.25,33.18,26.55,NONE,,0,,RAW_STALE_LOW,KEEP_SCRYDEX,,LADDER_INFO_ONLY,
CRD_DFD109D6FD144DB3B19C,브리무음 VMAX,RRR,066/172,103555,1214,51840,38300,0.023,0.032,1.354,42.7,31.55,NONE,,0,,RAW_STALE_LOW,KEEP_SCRYDEX,,LADDER_INFO_ONLY,
CRD_DFF8CB13F6C7491C8154,메가앱솔 ex,SR,079/063,664106,5393,56102,22293,0.096,0.242,2.517,10.4,4.13,A_1M,9500,1,0.568,RAW_STALE_LOW,REVIEW_SNK_THIN,,LADDER_INFO_ONLY,Y
CRD_E033B69140A8460AAD0B,끼리동,S,289/190,,2097,19821,13768,0.106,0.152,1.44,9.45,6.57,NO_MAP,,0,,RAW_STALE_LOW,KEEP_SCRYDEX,,LADDER_INFO_ONLY,
CRD_E037A348D10F4C8C9277,음뱃,S,302/190,,2105,29723,6116,0.071,0.344,4.86,14.12,2.91,NO_MAP,,0,,RAW_STALE_LOW,KEEP_SCRYDEX,,LADDER_INFO_ONLY,
CRD_E0504F647D66433CB038,비퀸 ex,RR,051/108,132196,461,30742,15290,0.015,0.03,2.011,66.69,33.17,NONE,,0,,RAW_STALE_LOW,KEEP_SCRYDEX,,LADDER_INFO_ONLY,
CRD_E0677DDD24AB4D0B961D,블래키 V,RR,255/414,,4287,107484,21028,0.04,0.204,5.111,25.07,4.91,NO_MAP,,0,,RAW_STALE_LOW,KEEP_SCRYDEX,,LADDER_INFO_ONLY,
CRD_E09FFF926F714D9E8A49,리피아 VSTAR,RRR,012/172,104994,1675,51762,19452,0.032,0.086,2.661,30.9,11.61,A_3M,9500,1,0.176,RAW_STALE_LOW;SNK_DIVERGENCE_LOW,MAPPING_REVIEW,,MAPPING_REVIEW,Y
CRD_E0C0B777B17C4CE3A691,둥실라이드,S,261/190,,1813,22987,13838,0.079,0.131,1.661,12.68,7.63,NO_MAP,,0,,RAW_STALE_LOW,KEEP_SCRYDEX,,LADDER_INFO_ONLY,
CRD_E0CDED654814435D8051,에블리,AR,078/071,186441,4087,51934,15175,0.079,0.269,3.422,12.71,3.71,NONE,,0,,RAW_STALE_LOW,KEEP_SCRYDEX,,LADDER_INFO_ONLY,
CRD_E0F313BE00484CB282A2,오거폰 화덕의 가면 ex,RR,022/101,,538,36911,15290,0.015,0.035,2.414,68.61,28.42,NO_MAP,,0,,RAW_STALE_LOW,KEEP_SCRYDEX,,LADDER_INFO_ONLY,
CRD_E0F3C75EE01E479C9004,왕자리,AR,064/063,546104,3572,45960,15072,0.078,0.237,3.049,12.87,4.22,NONE,,0,,RAW_STALE_LOW,KEEP_SCRYDEX,,LADDER_INFO_ONLY,
CRD_E10B1FAB841247CA967B,네리네,SAR,227/187,469634,4394,74512,14815,0.059,0.297,5.029,16.96,3.37,NONE,,0,,RAW_STALE_LOW,KEEP_SCRYDEX,,LADDER_INFO_ONLY,
CRD_E13F6EAA1F7541A9841D,M거북왕 EX,RR,015/060,,86488,181556,70766,0.476,1.222,2.566,2.1,0.82,NO_MAP,,0,,RAW_OVER_PSA9,KEEP_SCRYDEX,,KEEP,
CRD_E14A48ED116544BFB915,모르페코 VMAX,HR,069/060,96632,38397,45871,23058,0.837,1.665,1.989,1.19,0.6,A_1M,26410,2,1.454,RAW_OVER_PSA9,REVIEW_SNK_THIN,,KEEP,
CRD_E17AC037337F480F9F4D,에브이&테오키스 GX,SR,176/173,104546,106540,172885,63027,0.616,1.69,2.743,1.62,0.59,NONE,,0,,RAW_OVER_PSA9,KEEP_SCRYDEX,,KEEP,
CRD_E1816DF5DFB04C90965B,동탁군,CHR,208/184,126678,4410,48255,21360,0.091,0.206,2.259,10.94,4.84,A_3M,11875,2,0.371,RAW_STALE_LOW;SNK_DIVERGENCE_LOW,REVIEW_SNK_THIN,,REVIEW_REPLACE,
CRD_E1953E99F0A344F5ACBE,로켓단의 레트라,AR,108/098,568895,4609,61022,29224,0.076,0.158,2.088,13.24,6.34,NONE,,0,,RAW_STALE_LOW,KEEP_SCRYDEX,,LADDER_INFO_ONLY,
CRD_E199C322E0DF4D0A881B,무쇠손 ex,SR,079/066,152767,1859,26969,19877,0.069,0.094,1.357,14.51,10.69,NONE,,0,,RAW_STALE_LOW,KEEP_SCRYDEX,,LADDER_INFO_ONLY,
CRD_E1A820C6EE18441B99E2,연격 우라오스 VMAX,RRR,095/184,141116,1152,35657,,0.032,,,30.95,,NONE,,0,,RAW_STALE_LOW,KEEP_SCRYDEX,,LADDER_INFO_ONLY,
CRD_E1B6948E73434311B499,피카츄 EX,RR,008/027,107388,128020,1801340,389655,0.071,0.329,4.623,14.07,3.04,A_3M,931000,1,0.138,RAW_STALE_LOW;SNK_DIVERGENCE_LOW,MAPPING_REVIEW,,MAPPING_REVIEW,
CRD_E1D6B66C8AB24CFC89FA,그우린차 ex,RR,079/742,224052,446,27492,,0.016,,,61.64,,NONE,,0,,RAW_STALE_LOW,KEEP_SCRYDEX,,LADDER_INFO_ONLY,
CRD_E1E6E75117094118B157,케르디오 GX,RR,036/173,396018,1767,55032,7898,0.032,0.224,6.968,31.14,4.47,NONE,,0,,RAW_STALE_LOW,KEEP_SCRYDEX,,LADDER_INFO_ONLY,
CRD_E22C2110EB8743EFA3E1,팔데아의 학생,SR,346/190,164249,1106,37828,12553,0.029,0.088,3.013,34.2,11.35,NONE,,0,,RAW_STALE_LOW,KEEP_SCRYDEX,,LADDER_INFO_ONLY,
CRD_E2301D1F50D64882BF93,타로,SAR,231/187,469633,10433,55704,27629,0.187,0.378,2.016,5.34,2.65,A_3M,23750,4,0.439,SNK_DIVERGENCE_LOW,REVIEW_SNK_THIN,,REVIEW_REPLACE,
CRD_E2324AA3478B4F09A915,위유이 ex,RR,016/071,117189,553,56102,,0.01,,,101.45,,NONE,,0,,RAW_STALE_LOW,KEEP_SCRYDEX,,LADDER_INFO_ONLY,
CRD_E27171EB9F484C6AA129,조로아크 GX,RR,070/150,,5347,62000,16432,0.086,0.325,3.773,11.6,3.07,NO_MAP,,0,,RAW_STALE_LOW,KEEP_SCRYDEX,,LADDER_INFO_ONLY,
CRD_E2BBFAD3F67905508742,,,,,8143,36810,50740,0.221,0.16,0.725,4.52,6.23,NO_MAP,,0,,GRADED_INVERSION;RAW_STALE_LOW,KEEP_SCRYDEX,,KEEP,
CRD_E2C122D990CA490FAF7E,억새,SR,086/071,126541,1721,48363,12309,0.036,0.14,3.929,28.1,7.15,NONE,,0,,RAW_STALE_LOW,KEEP_SCRYDEX,,LADDER_INFO_ONLY,
CRD_E2D10B6BD1CB4538A46D,니드킹 BREAK,RR,046/100,106660,14074,193972,,0.073,,,13.78,,NONE,,0,,RAW_STALE_LOW,KEEP_SCRYDEX,,LADDER_INFO_ONLY,
CRD_E3686CE5DF604BB1A1AB,블래키 VMAX,RRR,101/184,141124,11109,122215,42999,0.091,0.258,2.842,11.0,3.87,A_1M,17100,35,0.65,RAW_STALE_LOW,REPLACE_WITH_SNK_A,,LADDER_INFO_ONLY,
CRD_E385CD17340F406F8B5F,형사구스,AR,075/063,664103,2766,60984,32538,0.045,0.085,1.874,22.05,11.76,NONE,,0,,RAW_STALE_LOW,KEEP_SCRYDEX,,LADDER_INFO_ONLY,
CRD_E393141F815D413DA629,루주라,CHR,071/068,95127,3150,56788,38164,0.055,0.083,1.488,18.03,12.12,A_1M,9975,4,0.316,RAW_STALE_LOW;SNK_DIVERGENCE_LOW,MAPPING_REVIEW,,MAPPING_REVIEW,
CRD_E39F9C41D529A434B5EC,,,,,2781,61482,10759,0.045,0.258,5.714,22.11,3.87,NO_MAP,,0,,RAW_STALE_LOW,KEEP_SCRYDEX,,LADDER_INFO_ONLY,
CRD_E3AC52EB71E245EEA841,헬가 EX,RR,009/059,389999,8435,95870,,0.088,,,11.37,,NONE,,0,,RAW_STALE_LOW,KEEP_SCRYDEX,,LADDER_INFO_ONLY,
CRD_E40D332726F7EBC2B3EE,,,,,3104,46112,27646,0.067,0.112,1.668,14.86,8.91,NO_MAP,,0,,RAW_STALE_LOW,KEEP_SCRYDEX,,LADDER_INFO_ONLY,
CRD_E410D811910849CDAFFA,크로뱃 V,RR,108/190,144522,615,30289,10785,0.02,0.057,2.808,49.25,17.54,NONE,,0,,RAW_STALE_LOW,KEEP_SCRYDEX,,LADDER_INFO_ONLY,
CRD_E4211A929E7B46D59F1D,윤겔라,S,254/190,,2812,74828,15118,0.038,0.186,4.95,26.61,5.38,NO_MAP,,0,,RAW_STALE_LOW,KEEP_SCRYDEX,,LADDER_INFO_ONLY,
CRD_E435A503560845A4897E,칼라마네로 VMAX,RRR,071/096,145399,2105,46197,33596,0.046,0.063,1.375,21.95,15.96,NONE,,0,,RAW_STALE_LOW,KEEP_SCRYDEX,,LADDER_INFO_ONLY,
CRD_E477534743004D15A397,진주몽,AR,102/098,558070,3511,59460,22884,0.059,0.153,2.598,16.94,6.52,NONE,,0,,RAW_STALE_LOW,KEEP_SCRYDEX,,LADDER_INFO_ONLY,
CRD_E489FF5E6B654755AC1B,치라미,AR,157/086,608524,21833,66216,17706,0.33,1.233,3.74,3.03,0.81,A_1M,13300,3,1.642,RAW_OVER_PSA9,REVIEW_SNK_THIN,,KEEP,
CRD_E493F0082A45481EA7EE,샤미드 V,RR,087/414,112521,2044,70474,27260,0.029,0.075,2.585,34.48,13.34,NONE,,0,,RAW_STALE_LOW,KEEP_SCRYDEX,,LADDER_INFO_ONLY,
CRD_E4B7ECA2F70F4E5B8AE9,성원숭,S,277/190,,1875,97001,10657,0.019,0.176,9.102,51.73,5.68,NO_MAP,,0,,RAW_STALE_LOW,KEEP_SCRYDEX,,LADDER_INFO_ONLY,
CRD_E4C1A15E591E42F1AB64,위유이 ex,SR,085/071,120739,2873,59337,9174,0.048,0.313,6.468,20.65,3.19,NONE,,0,,RAW_STALE_LOW,KEEP_SCRYDEX,,LADDER_INFO_ONLY,
CRD_E500DF40158C4A7EA42A,꼴깍몬,AR,112/102,320346,6745,78211,24967,0.086,0.27,3.133,11.6,3.7,A_3M,9500,1,0.71,RAW_STALE_LOW,REVIEW_SNK_THIN,,LADDER_INFO_ONLY,Y
CRD_E5348A86CBCB4A0586C9,쥬피썬더 EX,RR,032/171,413380,7682,223571,54784,0.034,0.14,4.081,29.1,7.13,NONE,,0,,RAW_STALE_LOW,KEEP_SCRYDEX,,LADDER_INFO_ONLY,
CRD_E539C04F2773B3572C0D,,,,,2796,47522,21511,0.059,0.13,2.209,17.0,7.69,NO_MAP,,0,,RAW_STALE_LOW,KEEP_SCRYDEX,,LADDER_INFO_ONLY,
CRD_E54D728D4E4B4DE8A640,카푸꼬꼬꼭 ex,RR,019/062,139058,461,24541,20703,0.019,0.022,1.185,53.23,44.91,NONE,,0,,RAW_STALE_LOW,KEEP_SCRYDEX,,LADDER_INFO_ONLY,
CRD_E55586307A664832B969,음번 ex,SR,089/071,120743,2474,52554,,0.047,,,21.24,,NONE,,0,,RAW_STALE_LOW,KEEP_SCRYDEX,,LADDER_INFO_ONLY,
CRD_E556E0ACF3B040059DC9,오리진 펄기아 VSTAR,RRR,023/067,139537,1444,65972,38149,0.022,0.038,1.729,45.69,26.42,NONE,,0,,RAW_STALE_LOW,KEEP_SCRYDEX,,LADDER_INFO_ONLY,
CRD_E5592716F10843B68C39,다크라이(프리즘스타),PR,077/173,396059,14090,237149,59777,0.059,0.236,3.967,16.83,4.24,A_1M,56810,4,0.248,RAW_STALE_LOW;SNK_DIVERGENCE_LOW,MAPPING_REVIEW,,MAPPING_REVIEW,
CRD_E575B2AE33B442F687B3,목호,SR,112/098,100571,7314,66305,30504,0.11,0.24,2.174,9.07,4.17,A_1M,22164,1,0.33,SNK_DIVERGENCE_LOW,MAPPING_REVIEW,,MAPPING_REVIEW,
CRD_E5D836B0FC0D43E289F9,델빌,AR,115/108,132260,5285,63473,19957,0.083,0.265,3.18,12.01,3.78,NONE,,0,,RAW_STALE_LOW,KEEP_SCRYDEX,,LADDER_INFO_ONLY,
CRD_E5E93E5E67D8453083FA,라우드본 ex,SAR,097/073,116082,70740,79703,19306,0.888,3.664,4.128,1.13,0.27,A_1M,47481,10,1.49,RAW_OVER_PSA9,REPLACE_WITH_SNK_A,,KEEP,
CRD_E5FB08E4216944D298B1,빼미스로우,S,201/190,,3565,17024,18356,0.209,0.194,0.927,4.78,5.15,NO_MAP,,0,,RAW_STALE_LOW,KEEP_SCRYDEX,,LADDER_INFO_ONLY,
CRD_E604CAA8F82C48FB8EDF,사마자르 V,RR,040/067,139554,615,50288,,0.012,,,81.77,,NONE,,0,,RAW_STALE_LOW,KEEP_SCRYDEX,,LADDER_INFO_ONLY,
CRD_E623C3E3D8334A58BE38,대도각참,AR,089/078,110903,5962,75456,28538,0.079,0.209,2.644,12.66,4.79,NONE,,0,,RAW_STALE_LOW,KEEP_SCRYDEX,,LADDER_INFO_ONLY,
CRD_E62F06A94BBF4102A34B,카나리,SR,220/193,731020,9157,125541,31253,0.073,0.293,4.017,13.71,3.41,A_1M,12350,48,0.741,RAW_STALE_LOW,REPLACE_WITH_SNK_A,,LADDER_INFO_ONLY,
CRD_E63A3661A70B481E984A,라티오스 EX,SR,054/051,91594,230472,2073740,359785,0.111,0.641,5.764,9.0,1.56,A_1M,568100,1,0.406,SNK_DIVERGENCE_LOW,REVIEW_SNK_THIN,,REVIEW_REPLACE,
CRD_E68B9BE86070484B96AE,가라르 날쌩마 V,SR,075/070,96725,77869,136331,42421,0.571,1.836,3.214,1.75,0.54,A_3M,42750,1,1.821,RAW_OVER_PSA9,REVIEW_SNK_THIN,,KEEP,
CRD_E6931B5F136B4A32907D,케르디오 ex,RR,205/742,598911,399,61297,22859,0.007,0.017,2.682,153.63,57.29,NONE,,0,,RAW_STALE_LOW,KEEP_SCRYDEX,,LADDER_INFO_ONLY,
CRD_E6B830D04BBE49598E61,제라오라 VSTAR,RRR,042/172,104998,922,62457,14082,0.015,0.065,4.435,67.74,15.27,NONE,,0,,RAW_STALE_LOW,KEEP_SCRYDEX,,LADDER_INFO_ONLY,
CRD_E71149545CE345E28C39,요가램 ex,RR,370/742,320233,307,30382,9801,0.01,0.031,3.1,98.96,31.93,NONE,,0,,RAW_STALE_LOW,KEEP_SCRYDEX,,LADDER_INFO_ONLY,
CRD_E72D415657964CCC8728,크세로시키의 속셈,SR,086/064,284959,1798,40932,13104,0.044,0.137,3.124,22.77,7.29,NONE,,0,,RAW_STALE_LOW,KEEP_SCRYDEX,,LADDER_INFO_ONLY,
CRD_E736F5863DF84C0B836A,무쇠바퀴 ex,SSR,333/190,160151,953,44214,10744,0.022,0.089,4.115,46.39,11.27,NONE,,0,,RAW_STALE_LOW,KEEP_SCRYDEX,,LADDER_INFO_ONLY,
CRD_E7395C5E013648CCB64B,땅을기는날개,AR,074/066,148945,3273,36346,20727,0.09,0.158,1.754,11.1,6.33,NONE,,0,,RAW_STALE_LOW,KEEP_SCRYDEX,,LADDER_INFO_ONLY,
CRD_E75AF1D183344D918F9B,태우지네,S,217/190,,2735,35932,,0.076,,,13.14,,NO_MAP,,0,,RAW_STALE_LOW,KEEP_SCRYDEX,,LADDER_INFO_ONLY,
CRD_E7613911A4194A1BB1CF,클라벨,SR,095/073,116078,1659,46473,6300,0.036,0.263,7.377,28.01,3.8,NONE,,0,,RAW_STALE_LOW,KEEP_SCRYDEX,,LADDER_INFO_ONLY,
CRD_E770C792A1574872A1A8,화강돌,CHR,076/071,126709,3703,59913,14635,0.062,0.253,4.094,16.18,3.95,NONE,,0,,RAW_STALE_LOW,KEEP_SCRYDEX,,LADDER_INFO_ONLY,
CRD_E7759AA33E7B4CA9AE03,피카츄 VMAX,RRR,031/100,144983,9465,130992,32146,0.072,0.294,4.075,13.84,3.4,A_1M,31236,10,0.303,RAW_STALE_LOW;SNK_DIVERGENCE_LOW,MAPPING_REVIEW,,MAPPING_REVIEW,
CRD_E78C55792AED472BA10A,갈가부기 VMAX,RRR,027/100,145170,2489,38226,,0.065,,,15.36,,NONE,,0,,RAW_STALE_LOW,KEEP_SCRYDEX,,LADDER_INFO_ONLY,
CRD_E79D379B22204F5A8CB8,마임맨,AR,179/165,128095,4794,76956,29002,0.062,0.165,2.653,16.05,6.05,A_1M,14250,8,0.336,RAW_STALE_LOW;SNK_DIVERGENCE_LOW,REPLACE_WITH_SNK_A,,STRONG_REPLACE,
CRD_E7A9269390E346AA93B3,플라이곤 GX,RR,044/095,339629,5962,122168,,0.049,,,20.49,,NONE,,0,,RAW_STALE_LOW,KEEP_SCRYDEX,,LADDER_INFO_ONLY,
CRD_E7DB54455C61431B8B1B,사다이사 V,RR,241/414,141772,553,10708,,0.052,,,19.36,,NONE,,0,,RAW_STALE_LOW,KEEP_SCRYDEX,,LADDER_INFO_ONLY,
CRD_E7E9F14138BB48D8A18A,마나피,AR,178/172,103087,6745,78202,26472,0.086,0.255,2.954,11.59,3.92,A_1M,9975,2,0.676,RAW_STALE_LOW,REVIEW_SNK_THIN,,LADDER_INFO_ONLY,
CRD_E8099A50DB2E477EBACA,모크나이퍼,S,202/190,,3549,98408,16827,0.036,0.211,5.848,27.73,4.74,NO_MAP,,0,,RAW_STALE_LOW,KEEP_SCRYDEX,,LADDER_INFO_ONLY,
CRD_E83933BC2C29478785BE,가라르 직구리,S,278/190,,1613,52485,13768,0.031,0.117,3.812,32.54,8.54,NO_MAP,,0,,RAW_STALE_LOW,KEEP_SCRYDEX,,LADDER_INFO_ONLY,
CRD_E884C26E081A41749A2E,볼케니온 ex,RR,129/742,497637,399,17094,,0.023,,,42.84,,NONE,,0,,RAW_STALE_LOW,KEEP_SCRYDEX,,LADDER_INFO_ONLY,
CRD_E8ACEC3851F54A53AEF7,케르디오 GX,SR,057/054,393176,6084,52843,36712,0.115,0.166,1.439,8.69,6.03,NONE,,0,,RAW_STALE_LOW,KEEP_SCRYDEX,,LADDER_INFO_ONLY,
CRD_E8C26AA9E84C4C10AF9B,날쌩마,AR,069/063,535465,6422,72394,24892,0.089,0.258,2.908,11.27,3.88,NONE,,0,,RAW_STALE_LOW,KEEP_SCRYDEX,,LADDER_INFO_ONLY,
CRD_E8F5B14A895540C6860E,제르네아스(프리즘스타),PR,033/050,335614,3688,64162,,0.057,,,17.4,,NONE,,0,,RAW_STALE_LOW,KEEP_SCRYDEX,,LADDER_INFO_ONLY,
CRD_E92B2532AE914FB09891,치갈기,AR,068/064,380939,2320,59922,12309,0.039,0.188,4.868,25.83,5.31,NONE,,0,,RAW_STALE_LOW,KEEP_SCRYDEX,,LADDER_INFO_ONLY,
CRD_E942132314EF46888CF0,프리져 GX,RR,014/066,391747,7145,79142,42797,0.09,0.167,1.849,11.08,5.99,A_3M,23560,1,0.303,RAW_STALE_LOW;SNK_DIVERGENCE_LOW,MAPPING_REVIEW,,MAPPING_REVIEW,
CRD_E9757BBCE7C34C4E8BF8,브리가론 V,RR,009/098,100544,584,62611,,0.009,,,107.21,,NONE,,0,,RAW_STALE_LOW,KEEP_SCRYDEX,,LADDER_INFO_ONLY,
CRD_E977782F22B64633B5B6,데덴네 GX,RR,048/173,396030,4955,101361,32328,0.049,0.153,3.135,20.46,6.52,A_1M,14060,2,0.352,RAW_STALE_LOW;SNK_DIVERGENCE_LOW,REVIEW_SNK_THIN,,REVIEW_REPLACE,
CRD_E9A371AEF72043A7881F,M핫삼 EX,SR,087/080,107347,307281,495861,128529,0.62,2.391,3.858,1.61,0.42,NONE,,0,,RAW_OVER_PSA9,KEEP_SCRYDEX,,KEEP,
CRD_E9AE47FA96644DACB7EA,클레스퍼트라 ex,RR,023/190,162020,307,50060,18348,0.006,0.017,2.728,163.06,59.77,NONE,,0,,RAW_STALE_LOW,KEEP_SCRYDEX,,LADDER_INFO_ONLY,
CRD_E9B8CA77A7664CE8B9CF,오거폰 주춧돌의 가면 ex,SR,119/101,256071,3841,44999,25993,0.085,0.148,1.731,11.72,6.77,NONE,,0,,RAW_STALE_LOW,KEEP_SCRYDEX,,LADDER_INFO_ONLY,
CRD_E9C70192F06741F59CA4,보미카의 연주,SAR,119/083,776370,25383,448781,,0.057,,,17.68,,A_1M,13290,43,1.91,RAW_STALE_LOW,REPLACE_WITH_SNK_A,,LADDER_INFO_ONLY,
CRD_E9ED6DA4BDD449AB99F2,나옹 ex,SR,100/080,753267,18177,220101,40993,0.083,0.443,5.369,12.11,2.26,A_1M,19475,36,0.933,RAW_STALE_LOW,REPLACE_WITH_SNK_A,,LADDER_INFO_ONLY,
CRD_E9EFB5201D7543CF9A76,피카츄 VMAX,PR,S-P 142,328774,20927,243081,59161,0.086,0.354,4.109,11.62,2.83,A_1M,61750,45,0.339,RAW_STALE_LOW;SNK_DIVERGENCE_LOW,REPLACE_WITH_SNK_A,,STRONG_REPLACE,
CRD_EA3CF1FA1069431480A0,규리의 눈빛,SR,127/106,414092,3150,58612,16161,0.054,0.195,3.627,18.61,5.13,A_3M,9500,1,0.332,RAW_STALE_LOW;SNK_DIVERGENCE_LOW,REVIEW_SNK_THIN,,REVIEW_REPLACE,Y
CRD_EA5F6C24062E430A8964,마라카치,AR,101/100,502656,2428,68454,22171,0.035,0.11,3.088,28.19,9.13,NONE,,0,,RAW_STALE_LOW,KEEP_SCRYDEX,,LADDER_INFO_ONLY,
CRD_EA6C638A5EAE4EE0996B,메가샤크니아 ex,SAR,113/080,704404,22556,76089,34150,0.296,0.66,2.228,3.37,1.51,A_1M,9975,11,2.261,SNK_DIVERGENCE_HIGH,REPLACE_WITH_SNK_A,,STRONG_REPLACE,
CRD_EA7A6952A04B47458EA9,고릴타 VMAX,RRR,010/190,144364,1045,43562,27431,0.024,0.038,1.588,41.69,26.25,NONE,,0,,RAW_STALE_LOW,KEEP_SCRYDEX,,LADDER_INFO_ONLY,
CRD_EA7AEBBE89AB4A4A8E52,리피아 VMAX,HR,089/069,93023,483976,950738,362242,0.509,1.336,2.625,1.96,0.75,A_3M,688750,2,0.703,RAW_OVER_PSA9,REVIEW_SNK_THIN,,KEEP,
CRD_EA7C2CE2735D4A7FB228,페로코체&매시붕 GX,RR,001/173,395985,7022,77170,23944,0.091,0.293,3.223,10.99,3.41,A_1M,10554,1,0.665,RAW_STALE_LOW,REVIEW_SNK_THIN,,LADDER_INFO_ONLY,
CRD_EA905CA3CB62491A8008,오거폰 화덕의 가면 ex,SAR,126/101,246359,14950,50673,7238,0.295,2.065,7.001,3.39,0.48,A_3M,17100,1,0.874,RAW_OVER_PSA9,REVIEW_SNK_THIN,,KEEP,
CRD_EA938DF4CE38460F89C6,메가눈설왕 ex,SR,076/063,664119,2743,60595,21406,0.045,0.128,2.831,22.09,7.8,A_3M,9500,1,0.289,RAW_STALE_LOW;SNK_DIVERGENCE_LOW,MAPPING_REVIEW,,MAPPING_REVIEW,Y
CRD_EACBE2D928F948BD8911,마피티프,AR,088/078,110917,3734,51872,12060,0.072,0.31,4.301,13.89,3.23,NONE,,0,,RAW_STALE_LOW,KEEP_SCRYDEX,,LADDER_INFO_ONLY,
CRD_EAEBF54128244B18A0E6,과미드라 ex,RR,012/102,296147,430,44636,,0.01,,,103.8,,NONE,,0,,RAW_STALE_LOW,KEEP_SCRYDEX,,LADDER_INFO_ONLY,
CRD_EAF99B6AB43548FBB4A2,우르,S,302/190,,9695,146496,,0.066,,,15.11,,NO_MAP,,0,,RAW_STALE_LOW,KEEP_SCRYDEX,,LADDER_INFO_ONLY,
CRD_EB1A8BB5303F41F8BA2A,프테라 V,RR,056/100,136997,860,79310,30473,0.011,0.028,2.603,92.22,35.43,NONE,,0,,RAW_STALE_LOW,KEEP_SCRYDEX,,LADDER_INFO_ONLY,
CRD_EB3221AC11114113A24A,라우드본 ex,SSR,324/190,151751,1828,59418,1529,0.031,1.196,38.861,32.5,0.84,NONE,,0,,RAW_STALE_LOW,KEEP_SCRYDEX,,LADDER_INFO_ONLY,
CRD_EB501A4CDBF645CBA027,비크티니 VMAX,HR,082/070,99579,24584,34556,19862,0.711,1.238,1.74,1.41,0.81,A_3M,28310,1,0.868,RAW_OVER_PSA9,REVIEW_SNK_THIN,,KEEP,
CRD_EB69DF756D1A4E6F94D1,스이쿤 V,RR,001/067,141456,1844,51919,,0.036,,,28.16,,NONE,,0,,RAW_STALE_LOW,KEEP_SCRYDEX,,LADDER_INFO_ONLY,
CRD_EB793D839B1B4D889867,가디안 GX,RR,038/051,,12922,194323,,0.066,,,15.04,,NO_MAP,,0,,RAW_STALE_LOW,KEEP_SCRYDEX,,LADDER_INFO_ONLY,
CRD_EB7BA018582548A78372,페로코체&매시붕 GX,SR,056/054,104630,50304,457334,45340,0.11,1.109,10.087,9.09,0.9,A_3M,123500,1,0.407,SNK_DIVERGENCE_LOW,REVIEW_SNK_THIN,,REVIEW_REPLACE,
CRD_EB8762CB36174FA7BC0F,갈모매,S,311/190,,1767,94188,,0.019,,,53.3,,NO_MAP,,0,,RAW_STALE_LOW,KEEP_SCRYDEX,,LADDER_INFO_ONLY,
CRD_EBD05116E1CE442AAF4E,피죤투 ex,SAR,136/108,132281,45603,98675,32385,0.462,1.408,3.047,2.16,0.71,A_3M,25175,1,1.811,RAW_OVER_PSA9,REVIEW_SNK_THIN,,KEEP,
CRD_EBD265D880914608AC93,리피아 V,RR,017/414,112519,1875,62288,23074,0.03,0.081,2.699,33.22,12.31,A_1M,11400,2,0.164,RAW_STALE_LOW;SNK_DIVERGENCE_LOW,MAPPING_REVIEW,,MAPPING_REVIEW,
CRD_EBE8945758B043ACB73E,사다이사 V,SR,075/070,145510,1536,22935,,0.067,,,14.93,,NONE,,0,,RAW_STALE_LOW,KEEP_SCRYDEX,,LADDER_INFO_ONLY,
CRD_EC2A05A657CA48619633,칠색조 GX,RR,013/114,335863,7636,122746,34342,0.062,0.222,3.574,16.07,4.5,A_1M,33060,1,0.231,RAW_STALE_LOW;SNK_DIVERGENCE_LOW,MAPPING_REVIEW,,MAPPING_REVIEW,
CRD_EC410684A6FD4E888271,뮤츠 V,SR,074/071,91133,102283,459217,114659,0.223,0.892,4.005,4.49,1.12,A_1M,247000,29,0.414,SNK_DIVERGENCE_LOW,REPLACE_WITH_SNK_A,,STRONG_REPLACE,
CRD_EC412671D4E6458C9C17,자시안 V,RR,067/172,104999,553,46187,9174,0.012,0.06,5.035,83.52,16.59,NONE,,0,,RAW_STALE_LOW,KEEP_SCRYDEX,,LADDER_INFO_ONLY,
CRD_EC4DDEF3D32C4E658D4C,뮤 V,SR,106/100,91163,141971,609865,168605,0.233,0.842,3.617,4.3,1.19,A_1M,294500,18,0.482,SNK_DIVERGENCE_LOW,REPLACE_WITH_SNK_A,,STRONG_REPLACE,
CRD_EC62C637F8664F9692A4,드라꼰,AR,211/193,724994,3319,55855,19999,0.059,0.166,2.793,16.83,6.03,NONE,,0,,RAW_STALE_LOW,KEEP_SCRYDEX,,LADDER_INFO_ONLY,
CRD_EC86C750F0BF4F198ECA,눈여아 ex,RR,001/062,136212,476,50672,,0.009,,,106.45,,NONE,,0,,RAW_STALE_LOW,KEEP_SCRYDEX,,LADDER_INFO_ONLY,
CRD_ECCB9F6BE6FB45019BF9,강철톤,AR,073/063,664101,4102,61605,26100,0.067,0.157,2.36,15.02,6.36,NONE,,0,,RAW_STALE_LOW,KEEP_SCRYDEX,,LADDER_INFO_ONLY,
CRD_ECCF09117F0E4F4BBCF1,히스이 조로아크 VSTAR,SAR,234/172,103078,63411,119265,36537,0.532,1.736,3.264,1.88,0.58,A_1M,28975,24,2.188,RAW_OVER_PSA9;SNK_DIVERGENCE_HIGH,REPLACE_WITH_SNK_A,,STRONG_REPLACE,
CRD_EE3B2C43337E4C148163,드라세나,SR,083/064,377385,1936,33047,16788,0.059,0.115,1.968,17.07,8.67,NONE,,0,,RAW_STALE_LOW,KEEP_SCRYDEX,,LADDER_INFO_ONLY,
CRD_EE9DBDB6BFC24FC08B14,묘두기,AR,073/063,664117,2712,55199,19893,0.049,0.136,2.775,20.35,7.34,NONE,,0,,RAW_STALE_LOW,KEEP_SCRYDEX,,LADDER_INFO_ONLY,
CRD_EEC58A640DC4464EAF59,이야후 ex,RR,103/187,466404,399,39755,,0.01,,,99.64,,NONE,,0,,RAW_STALE_LOW,KEEP_SCRYDEX,,LADDER_INFO_ONLY,
CRD_EED352CAE96C4D95B2C9,개굴닌자 GX,SR,095/094,105369,69142,352058,47033,0.196,1.47,7.485,5.09,0.68,NONE,,0,,RAW_OVER_PSA9,KEEP_SCRYDEX,,KEEP,
CRD_EED41E4D3D804537A93A,바오키 VSTAR,RRR,021/172,103557,584,43837,43562,0.013,0.013,1.006,75.06,74.59,NONE,,0,,RAW_STALE_LOW,KEEP_SCRYDEX,,LADDER_INFO_ONLY,
CRD_EEDFC6D249174138A328,사다이사 V,SR,076/070,141802,2750,13761,13975,0.2,0.197,0.985,5.0,5.08,NONE,,0,,RAW_STALE_LOW,KEEP_SCRYDEX,,LADDER_INFO_ONLY,
CRD_EF3512D636064758A7B4,메가개굴닌자 ex,RR,022/083,774169,2796,138044,,0.02,,,49.37,,A_1M,9975,10,0.28,RAW_STALE_LOW;SNK_DIVERGENCE_LOW,MAPPING_REVIEW,,MAPPING_REVIEW,
CRD_EF5C5CC933FE4D72BAF1,으랏차,AR,109/101,245820,3695,60656,24131,0.061,0.153,2.514,16.42,6.53,NONE,,0,,RAW_STALE_LOW,KEEP_SCRYDEX,,LADDER_INFO_ONLY,
CRD_EF66D2E6D89F4EC5BE58,모토마 ex,SR,082/064,385171,1890,32736,,0.058,,,17.32,,NONE,,0,,RAW_STALE_LOW,KEEP_SCRYDEX,,LADDER_INFO_ONLY,
CRD_EF8B22836E854405A0EE,메가자리 ex,RR,022/742,542643,338,30305,22171,0.011,0.015,1.367,89.66,65.59,NONE,,0,,RAW_STALE_LOW,KEEP_SCRYDEX,,LADDER_INFO_ONLY,
CRD_EF941452F94747E4BB8D,다크라이 EX,RR,055/080,390840,15826,1370675,45534,0.012,0.348,30.102,86.61,2.88,NONE,,0,,RAW_STALE_LOW,KEEP_SCRYDEX,,LADDER_INFO_ONLY,
CRD_EFA2913DDB894495B285,윽우지,AR,072/066,221939,3088,59234,21529,0.052,0.143,2.751,19.18,6.97,NONE,,0,,RAW_STALE_LOW,KEEP_SCRYDEX,,LADDER_INFO_ONLY,
CRD_EFA94CD056AD49A7805F,꼬치조,S,231/190,,2289,32176,,0.071,,,14.06,,NO_MAP,,0,,RAW_STALE_LOW,KEEP_SCRYDEX,,LADDER_INFO_ONLY,
CRD_EFAFD20CB50748A8B046,무장조,AR,073/064,383045,4748,65760,29122,0.072,0.163,2.258,13.85,6.13,A_1M,9500,1,0.5,RAW_STALE_LOW;SNK_DIVERGENCE_LOW,REVIEW_SNK_THIN,,REVIEW_REPLACE,Y
CRD_EFEE7C6C9BA44AF98AF2,이상해꽃 EX,RR,001/100,106331,16886,165217,31572,0.102,0.535,5.233,9.78,1.87,A_3M,47500,1,0.355,SNK_DIVERGENCE_LOW,REVIEW_SNK_THIN,,REVIEW_REPLACE,
CRD_F02E1EB24B864CCCB328,아고용 GX,RR,034/054,393157,2136,42354,30736,0.05,0.069,1.378,19.83,14.39,NONE,,0,,RAW_STALE_LOW,KEEP_SCRYDEX,,LADDER_INFO_ONLY,
CRD_F03763FBF2254275956B,M썬더볼트 EX,RR,035/171,390528,6392,169820,,0.038,,,26.57,,NONE,,0,,RAW_STALE_LOW,KEEP_SCRYDEX,,LADDER_INFO_ONLY,
CRD_F04EAB8226244033828C,팔데아 토오 ex,RR,117/190,160121,507,21376,,0.024,,,42.16,,NONE,,0,,RAW_STALE_LOW,KEEP_SCRYDEX,,LADDER_INFO_ONLY,
CRD_F059826D9F804C1B83A1,드래펄트 V,SSR,317/190,144778,4901,80172,30542,0.061,0.16,2.625,16.36,6.23,NONE,,0,,RAW_STALE_LOW,KEEP_SCRYDEX,,LADDER_INFO_ONLY,
CRD_F059AEB6384A40B69CA8,만마드,AR,078/071,186426,3841,62264,24220,0.062,0.159,2.571,16.21,6.31,NONE,,0,,RAW_STALE_LOW,KEEP_SCRYDEX,,LADDER_INFO_ONLY,
CRD_F169403CBFD9431CAB8D,펄스멍 VMAX,RRR,035/100,141332,1536,39281,,0.039,,,25.57,,NONE,,0,,RAW_STALE_LOW,KEEP_SCRYDEX,,LADDER_INFO_ONLY,
CRD_F1A3157631DF446BA533,루가루암 ex,RR,050/073,116064,645,34436,,0.019,,,53.39,,NONE,,0,,RAW_STALE_LOW,KEEP_SCRYDEX,,LADDER_INFO_ONLY,
CRD_F1A4D587B8EB4C4FB97A,어치르돈 V,SR,072/070,141936,4087,76472,,0.053,,,18.71,,NONE,,0,,RAW_STALE_LOW,KEEP_SCRYDEX,,LADDER_INFO_ONLY,
CRD_F1C11C21E33A42B397C1,세레비(프리즘스타),PR,015/095,335082,7191,297520,16857,0.024,0.427,17.65,41.37,2.34,NONE,,0,,RAW_STALE_LOW,KEEP_SCRYDEX,,LADDER_INFO_ONLY,
CRD_F209CF50AD384B7A907F,눈꼬마,AR,200/193,731015,2720,59010,20229,0.046,0.134,2.917,21.69,7.44,NONE,,0,,RAW_STALE_LOW,KEEP_SCRYDEX,,LADDER_INFO_ONLY,
CRD_F219617CBAE84E76BDFA,데스니칸 ex,SR,082/066,152784,2689,44265,15275,0.061,0.176,2.898,16.46,5.68,NONE,,0,,RAW_STALE_LOW,KEEP_SCRYDEX,,LADDER_INFO_ONLY,
CRD_F2298D4559AB4FFC8AFF,가이오가,PR,,413363,7682,161043,29741,0.048,0.258,5.415,20.96,3.87,NONE,,0,,RAW_STALE_LOW,KEEP_SCRYDEX,,LADDER_INFO_ONLY,
CRD_F2780FF8888D4EC99BCC,메가캥카 ex,SR,080/063,664096,5385,44052,28693,0.122,0.188,1.535,8.18,5.33,A_1M,9500,1,0.567,RAW_STALE_LOW,REVIEW_SNK_THIN,,LADDER_INFO_ONLY,Y
CRD_F27C7CA2257D49FAA563,주리,SR,166/086,608532,2028,46185,,0.044,,,22.77,,A_1M,9500,1,0.213,RAW_STALE_LOW;SNK_DIVERGENCE_LOW,MAPPING_REVIEW,,MAPPING_REVIEW,Y
CRD_F28F173457F54FE4BE06,번치코,AR,101/098,568893,6484,68803,19801,0.094,0.327,3.475,10.61,3.05,NONE,,0,,RAW_STALE_LOW,KEEP_SCRYDEX,,LADDER_INFO_ONLY,
CRD_F2A7696A982E40248FC6,주혜,HR,085/067,96610,38612,50809,,0.76,,,1.32,,A_3M,12588,2,3.067,SNK_DIVERGENCE_HIGH,MAPPING_REVIEW,,MAPPING_REVIEW,
CRD_F2AAF0DDA03144BEA3E0,보만다 ex,RR,540/742,502970,384,30278,13755,0.013,0.028,2.201,78.85,35.82,NONE,,0,,RAW_STALE_LOW,KEEP_SCRYDEX,,LADDER_INFO_ONLY,
CRD_F2E16951A6FE43BF990C,라프라스 V,RR,031/190,144397,1076,64372,11651,0.017,0.092,5.525,59.83,10.83,NONE,,0,,RAW_STALE_LOW,KEEP_SCRYDEX,,LADDER_INFO_ONLY,
CRD_F31E32105A2B4456AAF1,테라파고스 ex,SR,122/102,,4440,65668,21711,0.068,0.205,3.025,14.79,4.89,NO_MAP,,0,,RAW_STALE_LOW,KEEP_SCRYDEX,,LADDER_INFO_ONLY,
CRD_F388F752349144079A88,히스이 미끄래곤 V,RR,056/071,139402,753,63240,,0.012,,,83.98,,NONE,,0,,RAW_STALE_LOW,KEEP_SCRYDEX,,LADDER_INFO_ONLY,
CRD_F3CC2FAC2F1644BCBC80,독개굴 ex,SR,095/078,110944,2228,50137,,0.044,,,22.5,,NONE,,0,,RAW_STALE_LOW,KEEP_SCRYDEX,,LADDER_INFO_ONLY,
CRD_F3D10A6AC6D949C88832,보송송,CHR,194/184,126666,8620,68922,33948,0.125,0.254,2.03,8.0,3.94,A_1M,18990,5,0.454,SNK_DIVERGENCE_LOW,REPLACE_WITH_SNK_A,,STRONG_REPLACE,
CRD_F3D13D31BE1A4E0991BE,다꼬리,AR,110/100,499421,4817,76503,26067,0.063,0.185,2.935,15.88,5.41,A_3M,10925,3,0.441,RAW_STALE_LOW;SNK_DIVERGENCE_LOW,REVIEW_SNK_THIN,,REVIEW_REPLACE,
CRD_F3E837515D0E435AA991,대로트 V,RR,028/414,113246,507,62517,,0.008,,,123.31,,NONE,,0,,RAW_STALE_LOW,KEEP_SCRYDEX,,LADDER_INFO_ONLY,
CRD_F414A783F97B45F0A953,기라티나 V,RR,080/100,137021,1421,57268,27992,0.025,0.051,2.046,40.3,19.7,NONE,,0,,RAW_STALE_LOW,KEEP_SCRYDEX,,LADDER_INFO_ONLY,
CRD_F42A2FE92E69499F8449,캠프파이어,HR,123/100,139852,3764,68806,22935,0.055,0.164,3.0,18.28,6.09,NONE,,0,,RAW_STALE_LOW,KEEP_SCRYDEX,,LADDER_INFO_ONLY,
CRD_F42B7FFB1122449DB183,님피아 V,RR,040/069,112525,2804,72208,36740,0.039,0.076,1.965,25.75,13.1,NONE,,0,,RAW_STALE_LOW,KEEP_SCRYDEX,,LADDER_INFO_ONLY,
CRD_F42BA8F04DBE4AD9A8D0,망나뇽 V,RR,049/071,137098,2166,143263,37962,0.015,0.057,3.774,66.14,17.53,A_3M,9500,6,0.228,RAW_STALE_LOW;SNK_DIVERGENCE_LOW,MAPPING_REVIEW,,MAPPING_REVIEW,Y
CRD_F43008DDDC81402A908A,가라르 메더,S,287/190,,1521,42524,13776,0.036,0.11,3.087,27.96,9.06,NO_MAP,,0,,RAW_STALE_LOW,KEEP_SCRYDEX,,LADDER_INFO_ONLY,
CRD_F4545F0EEDC64F099394,탄동,S,266/190,,3565,41972,12247,0.085,0.291,3.427,11.77,3.44,NO_MAP,,0,,RAW_STALE_LOW,KEEP_SCRYDEX,,LADDER_INFO_ONLY,
CRD_F491AB110ACC4046A312,국화,HR,089/070,141940,4517,28807,30736,0.157,0.147,0.937,6.38,6.8,NONE,,0,,RAW_STALE_LOW,KEEP_SCRYDEX,,LADDER_INFO_ONLY,
CRD_F49E3C984D174548B44E,큐아링,AR,187/172,105535,2935,45775,21360,0.064,0.137,2.143,15.6,7.28,NONE,,0,,RAW_STALE_LOW,KEEP_SCRYDEX,,LADDER_INFO_ONLY,
CRD_F502539900C44150AF7D,원시가이오가 EX,RR,032/070,381796,138283,445076,99111,0.311,1.395,4.491,3.22,0.72,A_3M,99740,2,1.386,RAW_OVER_PSA9,REVIEW_SNK_THIN,,KEEP,
CRD_F50C5E99DDEA4109903A,볼트로스 EX,RR,022/078,382089,7667,25703,45794,0.298,0.167,0.561,3.35,5.97,NONE,,0,,GRADED_INVERSION;RAW_STALE_LOW,KEEP_SCRYDEX,,KEEP,
CRD_F5378ABA3B3E4D73A064,명탐정 피카츄,SM-P,142/SM-P,407831,49152,584179,114754,0.084,0.428,5.091,11.89,2.33,A_1M,212800,5,0.231,RAW_STALE_LOW;SNK_DIVERGENCE_LOW,MAPPING_REVIEW,,MAPPING_REVIEW,
CRD_F55908E6632F40A5BE9A,오거폰 화덕의 가면 ex,RR,149/742,466305,384,44766,,0.009,,,116.58,,NONE,,0,,RAW_STALE_LOW,KEEP_SCRYDEX,,LADDER_INFO_ONLY,
CRD_F55FC4526B154E6FBB46,콜로솔트,AR,070/063,664099,1875,47173,,0.04,,,25.16,,NONE,,0,,RAW_STALE_LOW,KEEP_SCRYDEX,,LADDER_INFO_ONLY,
CRD_F58A3A5528E24CB1A4C3,목도리키텔,AR,070/063,664115,3150,57385,18042,0.055,0.175,3.181,18.22,5.73,NONE,,0,,RAW_STALE_LOW,KEEP_SCRYDEX,,LADDER_INFO_ONLY,
CRD_F58AABA5F4304312AC73,캡싸이,S,207/190,,1452,30191,,0.048,,,20.79,,NO_MAP,,0,,RAW_STALE_LOW,KEEP_SCRYDEX,,LADDER_INFO_ONLY,
CRD_F5935161EBF44C28BF5A,자포코일,AR,193/172,105541,3780,59055,28669,0.064,0.132,2.06,15.62,7.58,A_1M,12350,1,0.306,RAW_STALE_LOW;SNK_DIVERGENCE_LOW,MAPPING_REVIEW,,MAPPING_REVIEW,
CRD_F596BF15BD3A72D0827D,,,,,1029,40531,,0.025,,,39.39,,NO_MAP,,0,,RAW_STALE_LOW,KEEP_SCRYDEX,,LADDER_INFO_ONLY,
CRD_F5AF7D246A2542E48326,가라르 야도킹 V,RR,258/414,144006,814,92182,,0.009,,,113.25,,NONE,,0,,RAW_STALE_LOW,KEEP_SCRYDEX,,LADDER_INFO_ONLY,
CRD_F5B64C8E7DA849918BEA,춤추새 ex,SR,095/080,704386,1844,46680,25229,0.04,0.073,1.85,25.31,13.68,NONE,,0,,RAW_STALE_LOW,KEEP_SCRYDEX,,LADDER_INFO_ONLY,
CRD_F5E9D7BE768749B597AF,드래펄트,S,261/190,,3365,37582,5254,0.09,0.64,7.153,11.17,1.56,NO_MAP,,0,,RAW_STALE_LOW,KEEP_SCRYDEX,,LADDER_INFO_ONLY,
CRD_F60B6726EBFD4A6F915D,꾸왁스,S,224/190,,1398,66390,21850,0.021,0.064,3.038,47.49,15.63,NO_MAP,,0,,RAW_STALE_LOW,KEEP_SCRYDEX,,LADDER_INFO_ONLY,
CRD_F620A35C87F249DD80D6,초염몽,AR,070/066,210034,6315,73691,29470,0.086,0.214,2.501,11.67,4.67,A_3M,9500,1,0.665,RAW_STALE_LOW,REVIEW_SNK_THIN,,LADDER_INFO_ONLY,Y
CRD_F643E727312F4F1FBE79,캥카 EX,RR,093/131,391115,8128,21619,42682,0.376,0.19,0.507,2.66,5.25,NONE,,0,,GRADED_INVERSION;RAW_STALE_LOW,KEEP_SCRYDEX,,KEEP,
CRD_F6AA26615B634D2BA71A,비브라바,AR,071/064,379011,2981,53463,13779,0.056,0.216,3.88,17.93,4.62,NONE,,0,,RAW_STALE_LOW,KEEP_SCRYDEX,,LADDER_INFO_ONLY,
CRD_F6D2FC3117BF409384AD,그란돈 EX,RR,072/131,391094,53685,125291,43883,0.428,1.223,2.855,2.33,0.82,NONE,,0,,RAW_OVER_PSA9,KEEP_SCRYDEX,,KEEP,
CRD_F70C1790FD9042749050,크리만,CHR,209/184,126682,5285,61757,39250,0.086,0.135,1.573,11.69,7.43,A_3M,9500,1,0.556,RAW_STALE_LOW,REVIEW_SNK_THIN,,LADDER_INFO_ONLY,Y
CRD_F72303775E8749409E5B,차데스,AR,068/066,227624,3303,50015,18350,0.066,0.18,2.726,15.14,5.56,A_1M,10450,1,0.316,RAW_STALE_LOW;SNK_DIVERGENCE_LOW,MAPPING_REVIEW,,MAPPING_REVIEW,
CRD_F7266F095112499DA31C,프테라 EX,PR,,413368,4978,123447,,0.04,,,24.8,,NONE,,0,,RAW_STALE_LOW,KEEP_SCRYDEX,,LADDER_INFO_ONLY,
CRD_F72B398C28494F5383EA,올리르바 ex,RR,071/742,564902,522,11622,,0.045,,,22.26,,NONE,,0,,RAW_STALE_LOW,KEEP_SCRYDEX,,LADDER_INFO_ONLY,
CRD_F739AC5CF7A0E66239D2,,,,,2858,58407,18736,0.049,0.153,3.117,20.44,6.56,NO_MAP,,0,,RAW_STALE_LOW,KEEP_SCRYDEX,,LADDER_INFO_ONLY,
CRD_F74DCD4030904CDE95D4,원규,SR,081/067,96587,7728,94423,30764,0.082,0.251,3.069,12.22,3.98,A_3M,19475,3,0.397,RAW_STALE_LOW;SNK_DIVERGENCE_LOW,REVIEW_SNK_THIN,,REVIEW_REPLACE,
CRD_F78C2A2D2F374617AD49,페퍼의 마피티프 ex,RR,484/742,531297,338,38333,,0.009,,,113.41,,NONE,,0,,RAW_STALE_LOW,KEEP_SCRYDEX,,LADDER_INFO_ONLY,
CRD_F79C2876A4E54BCA830E,위대한엄니 ex,SR,093/078,110943,1644,49831,,0.033,,,30.31,,NONE,,0,,RAW_STALE_LOW,KEEP_SCRYDEX,,LADDER_INFO_ONLY,
CRD_F7BCF5E1535E4E9C8BBE,콜로솔트,AR,073/066,151709,3242,56548,21318,0.057,0.152,2.653,17.44,6.58,NONE,,0,,RAW_STALE_LOW,KEEP_SCRYDEX,,LADDER_INFO_ONLY,
CRD_F7F029C74F69471AA3AB,꼬지보리,S,294/190,,1951,31406,30580,0.062,0.064,1.027,16.1,15.67,NO_MAP,,0,,RAW_STALE_LOW,KEEP_SCRYDEX,,LADDER_INFO_ONLY,
CRD_F801E713A8D1496791AC,메타그로스 VMAX,RRR,050/070,141914,2551,46974,16798,0.054,0.152,2.796,18.41,6.58,NONE,,0,,RAW_STALE_LOW,KEEP_SCRYDEX,,LADDER_INFO_ONLY,
CRD_F856EE96E2B84864AC0A,클레스퍼트라,AR,073/066,146995,4087,62512,10703,0.065,0.382,5.841,15.3,2.62,A_1M,13300,1,0.307,RAW_STALE_LOW;SNK_DIVERGENCE_LOW,MAPPING_REVIEW,,MAPPING_REVIEW,
CRD_F878464C76304FFF8660,핫삼 ex,SR,089/071,186451,4225,45727,12217,0.092,0.346,3.743,10.82,2.89,A_1M,9500,1,0.445,RAW_STALE_LOW;SNK_DIVERGENCE_LOW,REVIEW_SNK_THIN,,REVIEW_REPLACE,Y
CRD_F87EEB047E184C71A2CE,한카리아스&기라티나 GX,SR,060/054,91285,251983,1209780,143990,0.208,1.75,8.402,4.8,0.57,A_1M,570000,6,0.442,RAW_OVER_PSA9;SNK_DIVERGENCE_LOW,REPLACE_WITH_SNK_A,,STRONG_REPLACE,
CRD_F8E30FB79C2745469735,켄타로스,AR,094/083,774257,5255,110102,,0.048,,,20.95,,A_1M,9500,3,0.553,RAW_STALE_LOW,REVIEW_SNK_THIN,,LADDER_INFO_ONLY,Y
CRD_F90501BB1ECA45259FE2,리자몽 VSTAR,RRR,015/100,,7268,95989,27092,0.076,0.268,3.543,13.21,3.73,NO_MAP,,0,,RAW_STALE_LOW,KEEP_SCRYDEX,,LADDER_INFO_ONLY,
CRD_F92431F1799849F1AA74,레시라무,A,021/190,,2197,56393,25993,0.039,0.085,2.17,25.67,11.83,NO_MAP,,0,,RAW_STALE_LOW,KEEP_SCRYDEX,,LADDER_INFO_ONLY,
CRD_F94CD3EFB93247CD8BD1,가라르 데스마스,S,264/190,,1690,48752,13768,0.035,0.123,3.541,28.85,8.15,NO_MAP,,0,,RAW_STALE_LOW,KEEP_SCRYDEX,,LADDER_INFO_ONLY,
CRD_F9792A29F11F4A35AF80,릴리에의 에리본,AR,105/100,505952,4694,78696,17037,0.06,0.276,4.619,16.77,3.63,A_1M,15894,30,0.295,RAW_STALE_LOW;SNK_DIVERGENCE_LOW,MAPPING_REVIEW,,MAPPING_REVIEW,
CRD_F982F893088B4538AE96,서퍼,SR,085/064,385172,1659,36459,12278,0.046,0.135,2.969,21.98,7.4,NONE,,0,,RAW_STALE_LOW,KEEP_SCRYDEX,,LADDER_INFO_ONLY,
CRD_F992B99929D74209A136,레어코일,S,188/150,,8958,137740,30565,0.065,0.293,4.506,15.38,3.41,NO_MAP,,0,,RAW_STALE_LOW,KEEP_SCRYDEX,,LADDER_INFO_ONLY,
CRD_F9B21FCBE1B640D5ACF7,과미드라 ex,RR,064/742,466282,553,17983,16070,0.031,0.034,1.119,32.52,29.06,NONE,,0,,RAW_STALE_LOW,KEEP_SCRYDEX,,LADDER_INFO_ONLY,
CRD_FA35119D522542FAB6EA,흑마 버드렉스 V,SR,075/070,96704,13413,44861,10703,0.299,1.253,4.191,3.34,0.8,NONE,,0,,RAW_OVER_PSA9,KEEP_SCRYDEX,,KEEP,
CRD_FA3F82848A274CCC8A5A,버베나와 헬레나,SR,219/193,730947,2243,65818,31330,0.034,0.072,2.101,29.34,13.97,A_1M,9500,5,0.236,RAW_STALE_LOW;SNK_DIVERGENCE_LOW,MAPPING_REVIEW,,MAPPING_REVIEW,Y
CRD_FA4844F80C824187B97C,뮤츠 V,RR,050/172,103043,4056,129913,25782,0.031,0.157,5.039,32.03,6.36,A_1M,9500,3,0.427,RAW_STALE_LOW;SNK_DIVERGENCE_LOW,REVIEW_SNK_THIN,,REVIEW_REPLACE,Y
CRD_FAA316C56DEC49B9BB70,백마 버드렉스 VMAX,HR,085/070,93029,307281,653763,351675,0.47,0.874,1.859,2.13,1.14,A_3M,717250,2,0.428,SNK_DIVERGENCE_LOW,REVIEW_SNK_THIN,,REVIEW_REPLACE,
CRD_FB75B64C376D40B982B2,메타몽(프리즘스타),PR,043/060,334799,13244,215118,30947,0.062,0.428,6.951,16.24,2.34,A_1M,57000,4,0.232,RAW_STALE_LOW;SNK_DIVERGENCE_LOW,MAPPING_REVIEW,,MAPPING_REVIEW,
CRD_FB98F00A1EE44AB999E2,글레이시아 ex,SAR,206/187,455594,152665,229443,115303,0.665,1.324,1.99,1.5,0.76,A_1M,88816,50,1.719,RAW_OVER_PSA9,REPLACE_WITH_SNK_A,,KEEP,
CRD_FBADA9A3BE9246A8BDC3,앤테이 GX,SR,073/072,105482,37644,121848,27966,0.309,1.346,4.357,3.24,0.74,A_1M,93100,1,0.404,RAW_OVER_PSA9;SNK_DIVERGENCE_LOW,REVIEW_SNK_THIN,,REVIEW_REPLACE,
CRD_FBBDC7D73A6A4AF1BDC3,스파크,SR,082/071,122008,4318,46727,27461,0.092,0.157,1.702,10.82,6.36,NONE,,0,,RAW_STALE_LOW,KEEP_SCRYDEX,,LADDER_INFO_ONLY,
CRD_FC031847FF4E4F8989CC,로켓단의 비주기,SR,121/098,568901,7129,58044,23017,0.123,0.31,2.522,8.14,3.23,A_3M,17955,6,0.397,SNK_DIVERGENCE_LOW,REPLACE_WITH_SNK_A,,STRONG_REPLACE,
CRD_FC1B35E514E5442BBE5C,릴링,AR,104/102,318877,3749,56732,23210,0.066,0.162,2.444,15.13,6.19,NONE,,0,,RAW_STALE_LOW,KEEP_SCRYDEX,,LADDER_INFO_ONLY,
CRD_FC1C8B1689F940ADBE7B,염뉴트 ex,SR,094/080,753311,4348,76535,,0.057,,,17.6,,NONE,,0,,RAW_STALE_LOW,KEEP_SCRYDEX,,LADDER_INFO_ONLY,
CRD_FC8D39B72732416CBC06,육파리 ex,RR,019/190,160945,307,51909,,0.006,,,169.08,,NONE,,0,,RAW_STALE_LOW,KEEP_SCRYDEX,,LADDER_INFO_ONLY,
CRD_FCAF9FB4219D4D4DB1A0,메가앱솔 ex,RR,038/063,646402,599,36548,22171,0.016,0.027,1.648,61.02,37.01,NONE,,0,,RAW_STALE_LOW,KEEP_SCRYDEX,,LADDER_INFO_ONLY,
CRD_FD0EEE3A4AF547399878,후파,PR,,408743,269345,4833641,1127207,0.056,0.239,4.288,17.95,4.18,A_1M,949050,8,0.284,RAW_STALE_LOW;SNK_DIVERGENCE_LOW,MAPPING_REVIEW,,MAPPING_REVIEW,
CRD_FD350229536F48219366,비비용,AR,107/106,410059,3334,61311,18251,0.054,0.183,3.359,18.39,5.47,A_3M,9500,1,0.351,RAW_STALE_LOW;SNK_DIVERGENCE_LOW,REVIEW_SNK_THIN,,REVIEW_REPLACE,Y
CRD_FD9857DC05B1489C8909,모래성이당 ex,RR,057/106,405369,415,38745,27507,0.011,0.015,1.409,93.36,66.28,NONE,,0,,RAW_STALE_LOW,KEEP_SCRYDEX,,LADDER_INFO_ONLY,
CRD_FDBA381E42DC4D1BAE86,레지기가스 VSTAR,SAR,233/172,103769,24568,81012,35306,0.303,0.696,2.295,3.3,1.44,A_1M,10450,3,2.351,SNK_DIVERGENCE_HIGH,REVIEW_SNK_THIN,,REVIEW_REPLACE,
CRD_FE046994C7284B68A4F7,요가랑,AR,111/102,325988,4148,62151,21147,0.067,0.196,2.939,14.98,5.1,NONE,,0,,RAW_STALE_LOW,KEEP_SCRYDEX,,LADDER_INFO_ONLY,
CRD_FE47117BF3F441FEA5A6,리자몽 GX,SR,052/051,91349,345708,2369432,231798,0.146,1.491,10.222,6.85,0.67,A_3M,949990,1,0.364,RAW_OVER_PSA9;SNK_DIVERGENCE_LOW,REVIEW_SNK_THIN,,REVIEW_REPLACE,
CRD_FE6051706DB64BF286A3,가비루사,S,230/190,,1275,12377,19896,0.103,0.064,0.622,9.71,15.6,NO_MAP,,0,,GRADED_INVERSION;RAW_STALE_LOW,KEEP_SCRYDEX,,KEEP,
CRD_FE67CA965F3142E49547,팔데아 토오 ex,SSR,332/190,160150,2090,45500,22957,0.046,0.091,1.982,21.77,10.98,A_3M,9500,1,0.22,RAW_STALE_LOW;SNK_DIVERGENCE_LOW,MAPPING_REVIEW,,MAPPING_REVIEW,Y
CRD_FE896876501E400DB1B9,파밀리쥐 ex,RR,057/066,146992,1060,39571,,0.027,,,37.33,,NONE,,0,,RAW_STALE_LOW,KEEP_SCRYDEX,,LADDER_INFO_ONLY,
CRD_FEC343BD9F0F4A36ABE1,사마자르 V,SR,073/067,139584,3257,72702,,0.045,,,22.32,,NONE,,0,,RAW_STALE_LOW,KEEP_SCRYDEX,,LADDER_INFO_ONLY,
CRD_FEFAF7CBA0EE46E7AC20,메가곤율거니 ex,RR,110/193,730154,415,123016,,0.003,,,296.42,,NONE,,0,,RAW_STALE_LOW,KEEP_SCRYDEX,,LADDER_INFO_ONLY,
CRD_FF1CF3010C544E30908E,큐레무 ex,RR,203/742,584782,430,12309,,0.035,,,28.63,,NONE,,0,,RAW_STALE_LOW,KEEP_SCRYDEX,,LADDER_INFO_ONLY,
CRD_FF2705137ED74AB383C1,피죤투 V,SR,112/100,137048,3196,36268,30580,0.088,0.105,1.186,11.35,9.57,NONE,,0,,RAW_STALE_LOW,KEEP_SCRYDEX,,LADDER_INFO_ONLY,
CRD_FF43D0C9318B45C5AAE4,후파 V,RR,066/100,141363,983,31736,,0.031,,,32.28,,NONE,,0,,RAW_STALE_LOW,KEEP_SCRYDEX,,LADDER_INFO_ONLY,
CRD_FF559B81865C4993A3E0,앤테이 V,RR,019/172,103048,976,53388,22402,0.018,0.044,2.383,54.7,22.95,NONE,,0,,RAW_STALE_LOW,KEEP_SCRYDEX,,LADDER_INFO_ONLY,
CRD_FF698E3711E2487B8D9F,새 조련사,SR,196/190,126509,3949,56630,22664,0.07,0.174,2.499,14.34,5.74,NONE,,0,,RAW_STALE_LOW,KEEP_SCRYDEX,,LADDER_INFO_ONLY,
CRD_FFAB6C584CD745B9A717,다크라이 EX,RR,072/093,404915,12276,352605,25703,0.035,0.478,13.718,28.72,2.09,A_1M,123500,1,0.099,RAW_STALE_LOW;SNK_DIVERGENCE_LOW,MAPPING_REVIEW,,MAPPING_REVIEW,
CRD_FFD29F9A67B34EF2988F,뮤츠 V,SR,073/071,96755,18837,227240,55014,0.083,0.342,4.131,12.06,2.92,A_1M,66405,28,0.284,RAW_STALE_LOW;SNK_DIVERGENCE_LOW,MAPPING_REVIEW,,MAPPING_REVIEW,
CRD_FFE751C555274A6BAA16,히스이 붐볼 V,RR,003/071,139313,661,61176,,0.011,,,92.55,,NONE,,0,,RAW_STALE_LOW,KEEP_SCRYDEX,,LADDER_INFO_ONLY,
