card_id,card_name,rarity,collection_number,snkrdunk_apparel_id,mapping_status,scrydex_jp_latest_krw,scrydex_jp_30d_median_krw,scrydex_jp_source_date,snk_A_1m_points,snk_A_1m_median_jpy,snk_A_1m_latest_jpy,snk_A_3m_points,snk_A_3m_median_jpy,snk_A_3m_latest_jpy,snk_PSA10_1m_points,snk_PSA10_1m_median_jpy,snk_PSA10_3m_points,snk_PSA10_3m_median_jpy,snk_PSA9_1m_points,snk_PSA9_1m_median_jpy,snk_PSA9_3m_points,snk_PSA9_3m_median_jpy,usedMinPrice_jpy,usedListingCount,selected_snk_raw_jpy,selected_snk_basis,selected_snk_krw,ratio_scrydex_to_snk,diff_pct,data_quality,notes
CRD_7A536360D1EC48FB885A,피카츄,PR,,91428,high_confidence,0,0,,0,0,0,1,150000,150000,1,420000,4,369999,0,0,1,98000,21000,12,150000,A_3M,1425000,,,SNK_A_3M_FALLBACK,
CRD_C57E69F6FE4A4DE4BC7F,제크로무 EX,PR,,91569,high_confidence,0,0,,0,0,0,0,0,0,0,0,3,275000,0,0,2,52500,20000,12,0,NONE,0,,,NO_DATA,
CRD_DF5DDD6AC39442A9B8EC,메타그로스 EX,PR,,411746,high_confidence,0,0,,0,0,0,1,4980,4980,0,0,1,24980,0,0,0,0,5000,6,4980,A_3M,47310,,,SNK_A_3M_FALLBACK,
CRD_77624728BFEA41878FA1,M대짱이 EX,PR,,413470,high_confidence,0,0,,0,0,0,0,0,0,1,59800,2,59900,0,0,0,0,0,0,0,NONE,0,,,NO_DATA,
CRD_2940721DC8F64D6382C2,M앱솔 EX,PR,,413467,high_confidence,0,0,,0,0,0,0,0,0,1,44000,4,45150,0,0,0,0,48000,4,0,NONE,0,,,NO_DATA,
CRD_BF6C559F974242FA94CE,엠페르트 BREAK,PR,,413478,high_confidence,0,0,,0,0,0,0,0,0,1,49000,1,49000,0,0,0,0,0,0,0,NONE,0,,,NO_DATA,
CRD_F962598C2D154F409151,피카츄,PR,,415503,high_confidence,0,0,,0,0,0,0,0,0,0,0,0,0,0,0,0,0,15000,3,0,NONE,0,,,NO_DATA,
CRD_9641C573373F492FBFD8,앱솔 EX,PR,,413466,high_confidence,0,0,,0,0,0,0,0,0,0,0,0,0,0,0,0,0,19999,4,0,NONE,0,,,NO_DATA,
CRD_7F2DC1D44D784529BCCE,M한카리아스 EX,PR,,413484,high_confidence,0,0,,0,0,0,0,0,0,3,69000,7,67990,0,0,0,0,70000,4,0,NONE,0,,,NO_DATA,
CRD_593E4A28970A4C3C8255,이상해꽃 V,RR,001/414,380072,high_confidence,0,0,,0,0,0,0,0,0,0,0,0,0,0,0,0,0,1500,1,0,NONE,0,,,NO_DATA,
CRD_C39B236442E240D58AAD,백마 버드렉스 V,RR,001/006,293063,high_confidence,0,0,,0,0,0,0,0,0,0,0,0,0,0,0,0,0,1000,2,0,NONE,0,,,NO_DATA,
CRD_814FC9FDB9F244A7A8C0,타타륜 VMAX,RR,001/004,91194,high_confidence,0,0,,0,0,0,0,0,0,0,0,0,0,0,0,0,0,0,0,0,NONE,0,,,NO_DATA,
CRD_3676B88FE7374BDBB1B2,뮤츠 ex,RR,001/020,136229,high_confidence,0,0,,0,0,0,0,0,0,1,12912,0,0,0,0,0,0,1000,5,0,NONE,0,,,NO_DATA,
CRD_A078581BD72D413189A8,피카츄 V,RR,001/024,100081,high_confidence,0,0,,3,18999,24800,10,31450,24800,23,49390,72,58400,2,15490,5,18000,10800,112,18999,A_1M,180490,,,SNK_A_1M_OK,
CRD_5F01B946CC6C4F5F95B0,세레비 V,RR,001/023,377771,high_confidence,0,0,,0,0,0,0,0,0,0,0,0,0,0,0,0,0,3500,1,0,NONE,0,,,NO_DATA,
CRD_CFC16E65EBC1462AB99A,에브이&테오키스 GX,RR,001/031,392832,high_confidence,0,0,,1,3480,3480,6,3230,3480,7,14800,36,15032,1,5400,5,5400,2222,23,3480,A_1M,33060,,,SNK_A_1M_OK,
CRD_67EB5EB9C55848ECA538,피카츄 ex,RR,001/021,746312,high_confidence,0,0,,0,0,0,0,0,0,0,0,0,0,0,0,0,0,0,0,0,NONE,0,,,NO_DATA,
CRD_2A1817BBD07C4C22A018,나오하 ex,RR,002/066,214543,high_confidence,0,0,,0,0,0,0,0,0,0,0,0,0,0,0,0,0,1000,3,0,NONE,0,,,NO_DATA,
CRD_9E6C0EE28A034B84B8A7,흑마 버드렉스 V,RR,002/006,293064,high_confidence,0,0,,0,0,0,0,0,0,0,0,0,0,0,0,0,0,1000,1,0,NONE,0,,,NO_DATA,
CRD_1735A196292E42369E03,지라치 GX,RR,002/031,392833,high_confidence,0,0,,2,1500,1500,6,3116,1500,3,19443,11,18800,1,3999,1,3999,1000,26,1500,A_1M,14250,,,SNK_A_1M_OK,
CRD_24EB8C7EAF8344B58654,샤미드 VMAX,RR,002/004,100087,high_confidence,0,0,,1,3750,3750,1,3750,3750,3,14895,16,13340,0,0,0,0,4980,20,3750,A_1M,35625,,,SNK_A_1M_OK,
CRD_CE93CF20BC2D40369EA6,팬텀 VMAX,RR,002/019,292565,high_confidence,0,0,,3,7000,7200,28,6000,7200,26,27624,81,21484,3,6250,19,5600,3980,150,7000,A_1M,66500,,,SNK_A_1M_OK,
CRD_ED421019893142159D1C,리자몽 VSTAR,RR,002/030,325079,high_confidence,0,0,,5,2500,2500,28,3999,2500,4,22375,24,28399,2,5500,7,5000,1000,43,2500,A_1M,23750,,,SNK_A_1M_OK,
CRD_9CCFB4AA766D475E8C62,에이스번 VMAX,RR,002/004,378894,high_confidence,0,0,,0,0,0,0,0,0,0,0,0,0,0,0,0,0,0,0,0,NONE,0,,,NO_DATA,
CRD_3FAD1A600E1E4A68BEFC,크로뱃 V,RR,003/019,292566,high_confidence,0,0,,0,0,0,0,0,0,0,0,0,0,0,0,0,0,119999,1,0,NONE,0,,,NO_DATA,
CRD_8D64C44C0FE64E8EA849,비크티니 V,RR,003/023,377725,high_confidence,0,0,,0,0,0,0,0,0,0,0,0,0,0,0,0,0,0,0,0,NONE,0,,,NO_DATA,
CRD_FE0B395843164577B4EF,쥬피썬더 VMAX,RR,003/004,100084,high_confidence,0,0,,1,5000,5000,2,5400,5000,2,13360,17,11750,0,0,0,0,5000,21,5000,A_1M,47500,,,SNK_A_1M_OK,
CRD_7C41E202DFC4497C81E0,이상해꽃 ex,RR,003/049,146954,high_confidence,0,0,,1,1000,1000,2,1000,1000,0,0,4,9182,0,0,0,0,9999,3,1000,A_1M,9500,,,SNK_A_1M_OK,
CRD_37FD17FC727E435B8C84,모르페코 VMAX,RR,003/004,378895,high_confidence,0,0,,0,0,0,0,0,0,0,0,0,0,0,0,0,0,0,0,0,NONE,0,,,NO_DATA,
CRD_A70AE0EAE9544E4091AC,메가팬텀 ex,RR,003/021,674418,high_confidence,0,0,,2,5022,5600,12,2196,5600,28,7821,88,8872,4,2999,14,3154,1000,173,5022,A_1M,47709,,,SNK_A_1M_OK,
CRD_C2A0DB2254344C62AF81,민화의 라플레시아 ex,RR,003/742,737015,high_confidence,0,0,,0,0,0,0,0,0,0,0,0,0,0,0,0,0,1100,2,0,NONE,0,,,NO_DATA,
CRD_82FEBC891CD64CE98880,윽우지 VMAX,RR,004/004,101653,high_confidence,0,0,,0,0,0,0,0,0,0,0,0,0,0,0,0,0,0,0,0,NONE,0,,,NO_DATA,
CRD_8B64BC8FA3984544BD29,아쿠스타 GX,RR,004/031,392866,high_confidence,0,0,,0,0,0,0,0,0,0,0,0,0,0,0,0,0,98000,1,0,NONE,0,,,NO_DATA,
CRD_B1DFD3C3E5BB4423BF03,님피아 ex,RR,005/022,332801,high_confidence,0,0,,0,0,0,0,0,0,0,0,1,7999,0,0,0,0,4000,2,0,NONE,0,,,NO_DATA,
CRD_48F9A5034BD346849260,제라오라 V,RR,005/020,288958,high_confidence,0,0,,0,0,0,0,0,0,0,0,0,0,0,0,0,0,1000,3,0,NONE,0,,,NO_DATA,
CRD_292EB503923B4ADDAA36,테오키스 V,RR,005/020,288981,high_confidence,0,0,,0,0,0,0,0,0,0,0,0,0,0,0,0,0,1500,2,0,NONE,0,,,NO_DATA,
CRD_A4E698560C3F430A9CE4,루카리오 VSTAR,RR,005/021,326028,high_confidence,0,0,,1,2200,2200,9,2040,2200,1,18000,4,22400,0,0,0,0,1000,14,2200,A_1M,20900,,,SNK_A_1M_OK,
CRD_1B7FAED9F23141518159,레지락 V,RR,005/024,331533,high_confidence,0,0,,0,0,0,0,0,0,0,0,0,0,0,0,0,0,0,0,0,NONE,0,,,NO_DATA,
CRD_CC99F95ECF194AAFBB28,빠르모트 ex,RR,005/007,121938,high_confidence,0,0,,0,0,0,0,0,0,0,0,0,0,0,0,0,0,1000,1,0,NONE,0,,,NO_DATA,
CRD_EE0DF97B0C5B4FDC88C7,쁘사이저 GX,RR,005/051,397402,high_confidence,0,0,,0,0,0,0,0,0,0,0,0,0,0,0,0,0,1800,4,0,NONE,0,,,NO_DATA,
CRD_F4C1735159F14F65A589,메가디안시 ex,RR,005/021,674426,high_confidence,0,0,,1,1000,1000,0,0,0,0,0,0,0,0,0,0,0,1050,5,1000,A_1M,9500,,,SNK_A_1M_OK,
CRD_1550F9965A5248E99C97,리자몽 ex,RR,006/021,263338,high_confidence,0,0,,1,1500,1500,3,1500,1500,5,10000,11,10000,0,0,0,0,1000,5,1500,A_1M,14250,,,SNK_A_1M_OK,
CRD_4F738DC1C0384C8E8415,제라오라 VMAX,RR,006/020,288959,high_confidence,0,0,,0,0,0,0,0,0,1,8500,3,8500,0,0,0,0,1000,7,0,NONE,0,,,NO_DATA,
CRD_26F927BEACCC4E94ABAB,테오키스 VMAX,RR,006/020,288982,high_confidence,0,0,,0,0,0,0,0,0,0,0,0,0,0,0,0,0,2000,4,0,NONE,0,,,NO_DATA,
CRD_38F8D1BD378046E49339,카푸꼬꼬꼭 V,RR,006/024,377607,high_confidence,0,0,,0,0,0,0,0,0,0,0,0,0,0,0,0,0,0,0,0,NONE,0,,,NO_DATA,
CRD_74F86A62A42E4BF9ACC7,따라큐 ex,RR,006/023,806407,high_confidence,0,0,,0,0,0,0,0,0,1,9800,0,0,0,0,0,0,1000,3,0,NONE,0,,,NO_DATA,
CRD_DD658800D89F4F87A58E,묘두기 ex,RR,007/007,121940,high_confidence,0,0,,0,0,0,0,0,0,0,0,0,0,0,0,0,0,1000,1,0,NONE,0,,,NO_DATA,
CRD_2FE00DB6CB1E400085C1,테오키스 VSTAR,RR,007/020,288983,high_confidence,0,0,,0,0,0,0,0,0,0,0,0,0,0,0,0,0,0,0,0,NONE,0,,,NO_DATA,
CRD_496BA4D8911D4BBABCD9,다크라이 V,RR,007/020,326248,high_confidence,0,0,,1,1000,1000,2,1990,1000,2,22999,5,12000,0,0,0,0,1000,22,1000,A_1M,9500,,,SNK_A_1M_OK,
CRD_A4507E6EECB24AD88AC1,이브이 V,RR,007/024,326267,high_confidence,0,0,,1,5000,5000,9,5900,5000,20,13731,64,15684,0,0,1,5500,2680,48,5000,A_1M,47500,,,SNK_A_1M_OK,
CRD_506A9FE402DF410A9083,리자몽 GX,RR,007/024,396626,high_confidence,0,0,,1,12795,12795,7,5980,12795,4,26650,18,28749,2,3580,4,4040,2900,43,12795,A_1M,121552,,,SNK_A_1M_OK,
CRD_C8514FE93E8D4BEBBEDE,마리의 오롱털 ex,RR,007/019,509393,high_confidence,0,0,,0,0,0,0,0,0,0,0,0,0,0,0,0,0,1100,1,0,NONE,0,,,NO_DATA,
CRD_D6BD7408ABA74C26951D,성호의 메타그로스 ex,RR,007/018,509406,high_confidence,0,0,,0,0,0,0,0,0,0,0,0,0,0,0,0,0,1800,1,0,NONE,0,,,NO_DATA,
CRD_BAA4E53EBC95419998FA,전룡 ex,RR,007/021,806384,high_confidence,0,0,,0,0,0,0,0,0,0,0,0,0,0,0,0,0,0,0,0,NONE,0,,,NO_DATA,
CRD_929B183535F2447CBCE3,모크나이퍼 ex,RR,008/139,129798,high_confidence,0,0,,0,0,0,0,0,0,0,0,0,0,0,0,0,0,0,0,0,NONE,0,,,NO_DATA,
CRD_DF013D345EDD410F96BB,라우드본 ex,RR,008/020,136235,high_confidence,0,0,,0,0,0,0,0,0,0,0,0,0,0,0,0,0,0,0,0,NONE,0,,,NO_DATA,
CRD_3E730E3C8E944D9C8CAD,리자몽 ex,RR,009/049,146956,high_confidence,0,0,,0,0,0,6,2850,2800,2,15000,12,16874,0,0,1,2555,1000,34,2850,A_3M,27075,,,SNK_A_3M_FALLBACK,
CRD_A01A880A185C48ADAAAF,루카리오 ex,RR,009/023,806360,high_confidence,0,0,,0,0,0,0,0,0,0,0,0,0,0,0,0,0,0,0,0,NONE,0,,,NO_DATA,
CRD_3761F2C151EE4116B9EE,블래키&다크라이 GX,RR,010/031,392852,high_confidence,0,0,,7,10000,14933,35,9833,14933,20,33050,73,37500,9,7500,22,7850,2000,79,10000,A_1M,95000,,,SNK_A_1M_OK,
CRD_C1D0A9CD6A504D1B974A,뽀록나 ex,RR,010/175,425262,high_confidence,0,0,,0,0,0,0,0,0,0,0,0,0,0,0,0,0,0,0,0,NONE,0,,,NO_DATA,
CRD_68C455E4A71E4DBA86E7,리자몽 GX,RR,011/080,104617,high_confidence,0,0,,0,0,0,6,9100,13500,0,0,9,52000,0,0,3,9500,1800,34,9100,A_3M,86450,,,SNK_A_3M_FALLBACK,
CRD_76C27B14CD0C45E3A73B,롱스톤 GX,RR,011/031,392883,high_confidence,0,0,,0,0,0,0,0,0,0,0,0,0,0,0,0,0,0,0,0,NONE,0,,,NO_DATA,
CRD_D333E4DB73424513B205,쥬피썬더 GX,RR,013/038,392741,high_confidence,0,0,,0,0,0,1,2980,2980,2,13150,12,14999,0,0,3,4000,5000,11,2980,A_3M,28310,,,SNK_A_3M_FALLBACK,
CRD_1C425DFA45494FDC8351,비크티니 ex,RR,014/139,129804,high_confidence,0,0,,0,0,0,0,0,0,0,0,0,0,0,0,0,0,0,0,0,NONE,0,,,NO_DATA,
CRD_00A1C8B22B694905AABF,개굴닌자 V,RR,014/053,802481,high_confidence,0,0,,1,1000,1000,0,0,0,1,9665,0,0,0,0,0,0,1000,8,1000,A_1M,9500,,,SNK_A_1M_OK,
CRD_A299CA442C2A41558B6E,포푸니라 GX,RR,015/031,392857,high_confidence,0,0,,0,0,0,0,0,0,0,0,0,0,0,0,0,0,2000,1,0,NONE,0,,,NO_DATA,
CRD_64C02283DD0E49BEA124,갸라도스 GX,RR,015/051,397445,high_confidence,0,0,,0,0,0,2,2700,3300,0,0,6,28750,0,0,0,0,4000,9,2700,A_3M,25650,,,SNK_A_3M_FALLBACK,
CRD_89833C24B80A4DB1A938,개굴닌자 ex,RR,017/066,214558,high_confidence,0,0,,0,0,0,0,0,0,2,7600,0,0,0,0,0,0,1000,10,0,NONE,0,,,NO_DATA,
CRD_91CB67168AB14A918C59,이브이 GX,RR,017/038,392716,high_confidence,0,0,,0,0,0,0,0,0,1,15999,8,16749,0,0,0,0,1500,3,0,NONE,0,,,NO_DATA,
CRD_B71DC5DF10B44392841A,유크시,HR,18/40,446911,high_confidence,0,0,,0,0,0,0,0,0,0,0,0,0,0,0,0,0,26800,1,0,NONE,0,,,NO_DATA,
CRD_663C98F6109848CD9597,이브이 GX,RR,018/038,392734,high_confidence,0,0,,0,0,0,0,0,0,0,0,5,16425,0,0,0,0,2999,9,0,NONE,0,,,NO_DATA,
CRD_75F07C682B69468CA27A,메가메가니움 ex,RR,018/742,740166,high_confidence,0,0,,2,3088,3000,4,3088,3000,0,0,0,0,0,0,0,0,2899,4,3088,A_1M,29336,,,SNK_A_1M_OK,
CRD_ABED7ECAA2C04766839E,피카츄 V,RR,019/053,802480,high_confidence,0,0,,0,0,0,0,0,0,0,0,0,0,0,0,0,0,1000,5,0,NONE,0,,,NO_DATA,
CRD_70914C281622475CA8B8,이브이 GX,RR,019/038,392744,high_confidence,0,0,,0,0,0,0,0,0,1,19500,7,19500,0,0,1,7000,3400,10,0,NONE,0,,,NO_DATA,
CRD_F93C79FD4F1A4ADB8589,성호의 메탕,AR,019/018,509418,high_confidence,0,0,,0,0,0,0,0,0,4,7224,20,7500,1,3100,1,3100,1980,12,0,NONE,0,,,NO_DATA,
CRD_B6BEB22D4E0AE7AADC2865D17E9AE564,피카츄 (SWSH020 프로모),PR,SWSH020,93381,high_confidence,0,0,,2,107495,90000,7,127000,90000,15,195000,54,207750,3,71000,10,68200,30999,68,107495,A_1M,1021202,,,SNK_A_1M_OK,
CRD_7B2AC59C744C44BF9B8D,엠라이트,HR,20/40,446913,high_confidence,0,0,,0,0,0,0,0,0,0,0,0,0,0,0,0,0,0,0,0,NONE,0,,,NO_DATA,
CRD_2252E930246B4993998A,마리의 모르페코,AR,020/019,509405,high_confidence,0,0,,3,3300,3500,10,3000,3500,25,9296,82,9475,4,2980,14,2980,2200,88,3300,A_1M,31350,,,SNK_A_1M_OK,
CRD_C5460BA77BF844449364,아그놈,HR,22/40,447025,high_confidence,0,0,,0,0,0,0,0,0,1,98000,1,98000,0,0,0,0,1280,1,0,NONE,0,,,NO_DATA,
CRD_CCC9B1752D4045849237,라이츄 GX,RR,022/080,397420,high_confidence,0,0,,0,0,0,1,2800,2800,0,0,1,12777,0,0,0,0,2555,11,2800,A_3M,26600,,,SNK_A_3M_FALLBACK,
CRD_DF733DFFA0674744AF83,레시라무 ex,RR,022/175,425266,high_confidence,0,0,,0,0,0,0,0,0,0,0,0,0,0,0,0,0,0,0,0,NONE,0,,,NO_DATA,
CRD_D51E4A66843B4E17B6F8,메로엣타,AR,022/021,674431,high_confidence,0,0,,1,1470,1470,1,1470,1470,10,6983,46,6981,1,3500,6,2575,1000,33,1470,A_1M,13965,,,SNK_A_1M_OK,
CRD_1C040171393842089CFF,고우스트,AR,022/021,674424,high_confidence,0,0,,9,2466,2000,35,2100,2000,31,11633,89,11774,6,4965,23,4000,2480,54,2466,A_1M,23427,,,SNK_A_1M_OK,
CRD_4E8F8D42F8524276A6BD,뮤츠 GX,RR,027/080,397451,high_confidence,0,0,,1,30000,30000,4,12750,30000,1,66000,9,59800,0,0,1,5980,3000,22,30000,A_1M,285000,,,SNK_A_1M_OK,
CRD_D62E450DC27F4ACBBA35,자시안 V,RR,029/028,326951,high_confidence,0,0,,0,0,0,0,0,0,0,0,0,0,0,0,0,0,2000,1,0,NONE,0,,,NO_DATA,
CRD_035B0C7E2A9E47CA878C,개굴닌자 ex,RR,029/139,129819,high_confidence,0,0,,0,0,0,0,0,0,0,0,0,0,0,0,0,0,1000,2,0,NONE,0,,,NO_DATA,
CRD_8DE3C0F874CB476BAA7D,마기라스 V,RR,031/053,379625,high_confidence,0,0,,0,0,0,0,0,0,0,0,0,0,0,0,0,0,3000,4,0,NONE,0,,,NO_DATA,
CRD_83ED01B41C3648FCA47B,푸크린 GX,RR,032/051,397429,high_confidence,0,0,,0,0,0,0,0,0,0,0,0,0,1,3999,0,0,2000,2,0,NONE,0,,,NO_DATA,
CRD_405854EB09E342C08AFB,다크라이 ex,RR,034/066,214575,high_confidence,0,0,,1,1000,1000,0,0,0,0,0,0,0,0,0,0,0,1000,9,1000,A_1M,9500,,,SNK_A_1M_OK,
CRD_5F5654DF27524F1385D6,가이오가 ex,RR,037/175,425269,high_confidence,0,0,,0,0,0,0,0,0,0,0,0,0,0,0,0,0,9000,1,0,NONE,0,,,NO_DATA,
CRD_87649DD1BF8243E3895F,피카츄 ex,RR,038/175,425270,high_confidence,0,0,,2,1575,1350,23,1700,1350,5,12700,34,14717,0,0,2,4000,1000,82,1575,A_1M,14962,,,SNK_A_1M_OK,
CRD_D80CF1FA048C431C9F66,글라이온,HR,39/60,435661,high_confidence,0,0,,0,0,0,0,0,0,0,0,0,0,0,0,0,0,0,0,0,NONE,0,,,NO_DATA,
CRD_0A4BC771BE0743608661,에브이 GX,SM-P,042/SM-P,91221,high_confidence,0,0,,0,0,0,0,0,0,3,68000,12,77561,0,0,2,29400,29800,10,0,NONE,0,,,NO_DATA,
CRD_9FA8A518D9414469BEF9,단지래플 V,RR,042/414,380121,high_confidence,0,0,,0,0,0,0,0,0,0,0,0,0,0,0,0,0,0,0,0,NONE,0,,,NO_DATA,
CRD_A8F8B7FADADA4B9C8D2F,자루도 V,RR,045/414,380126,high_confidence,0,0,,0,0,0,0,0,0,0,0,0,0,0,0,0,0,1000,1,0,NONE,0,,,NO_DATA,
CRD_6CC0A5E07CEC4B85923F,미라이돈 ex,RR,046/139,129836,high_confidence,0,0,,0,0,0,0,0,0,0,0,0,0,0,0,0,0,0,0,0,NONE,0,,,NO_DATA,
CRD_86A7F5C65D4D4EF997C0,카푸꼬꼬꼭 ex,RR,046/175,425271,high_confidence,0,0,,0,0,0,0,0,0,0,0,0,0,0,0,0,0,0,0,0,NONE,0,,,NO_DATA,
CRD_95BCC4E4C079449AB3C2,픽시 ex,RR,048/139,129838,high_confidence,0,0,,0,0,0,0,0,0,0,0,0,0,0,0,0,0,0,0,0,NONE,0,,,NO_DATA,
CRD_B6294903334744A58D01,지우의 피카츄,SM-P,045/SM-P,91255,high_confidence,0,0,,0,0,0,0,0,0,1,179000,6,179500,0,0,0,0,48800,15,0,NONE,0,,,NO_DATA,
CRD_E9C4D238A08646EA997E,M입치트 EX,PR,,413372,high_confidence,48998,48998,2026-06-28,0,0,0,0,0,0,0,0,1,24000,0,0,0,0,2000,2,0,NONE,0,,,SCRYDEX_ONLY,
CRD_93D36BC983F24BABBFD1,벰크 BREAK,PR,,413375,high_confidence,13813,13813,2026-06-28,0,0,0,0,0,0,0,0,0,0,0,0,0,0,0,0,0,NONE,0,,,SCRYDEX_ONLY,
CRD_0F7BC33D863F44F7AA78,오리진 펄기아 V,SR,070/067,96643,high_confidence,15718,15718,2026-06-28,0,0,0,0,0,0,0,0,0,0,0,0,0,0,2200,2,0,NONE,0,,,SCRYDEX_ONLY,
CRD_F42636A1EA3142B89771,리피아 GX,SM-P,138/SM-P,93047,high_confidence,0,0,,0,0,0,0,0,0,1,53800,4,55025,0,0,0,0,15800,9,0,NONE,0,,,NO_DATA,
CRD_AA0DD2AA1FBC4EEFABF7,자크로,HR,084/067,139589,high_confidence,7483,7483,2026-06-28,0,0,0,0,0,0,0,0,0,0,0,0,0,0,1000,1,0,NONE,0,,,SCRYDEX_ONLY,
CRD_B27EE9CB54BE42CFB26C,자크로,SR,078/067,126539,high_confidence,3549,3549,2026-06-28,0,0,0,0,0,0,0,0,0,0,0,0,0,0,1400,2,0,NONE,0,,,SCRYDEX_ONLY,
CRD_088EFCFA66FD4762A236,파이어로 BREAK,PR,,413432,high_confidence,76824,76824,2026-06-28,0,0,0,0,0,0,0,0,0,0,0,0,0,0,0,0,0,NONE,0,,,SCRYDEX_ONLY,
CRD_0810CE32B1AB400B95BA,한카리아스&기라티나 GX,SR,059/054,104614,high_confidence,63380,63380,2026-06-28,0,0,0,0,0,0,1,23900,1,23900,0,0,0,0,4000,4,0,NONE,0,,,SCRYDEX_ONLY,
CRD_487F923F9A884FFDBD8A,메가개굴닌자 ex,SAR,114/083,776365,high_confidence,490583,476017,2026-06-27,29,43114,32745,90,50456,32745,32,73711,85,98442,9,37000,15,39900,26999,403,43114,A_1M,409583,1.162,16.2,SNK_A_1M_OK,
CRD_1BE9EEDEDD6944B99663,파비코리 EX,RR,063/078,389625,high_confidence,10002,10310,2026-06-28,0,0,0,0,0,0,0,0,0,0,0,0,0,0,0,0,0,NONE,0,,,SCRYDEX_ONLY,
CRD_5DB81F6CB60742D3952B,찌리배리 ex,RR,025/071,120684,high_confidence,599,599,2026-06-27,0,0,0,0,0,0,0,0,0,0,0,0,0,0,1000,4,0,NONE,0,,,SCRYDEX_ONLY,
CRD_9E40D9EE7D9844C4868B,레지드래고 V,RR,076/098,100552,high_confidence,615,615,2026-06-26,0,0,0,0,0,0,0,0,0,0,0,0,0,0,1000,3,0,NONE,0,,,SCRYDEX_ONLY,
CRD_79944D97ECE040D19022,메가자리 ex,RR,003/193,730049,high_confidence,338,307,2026-06-27,0,0,0,0,0,0,0,0,0,0,0,0,0,0,1000,33,0,NONE,0,,,SCRYDEX_ONLY,
CRD_F04EAB8226244033828C,팔데아 토오 ex,RR,117/190,160121,high_confidence,476,507,2026-06-27,0,0,0,0,0,0,0,0,0,0,0,0,0,0,1000,3,0,NONE,0,,,SCRYDEX_ONLY,
CRD_128F70C0C950473788AA,브리두라스 ex,RR,526/742,358108,high_confidence,584,492,2026-06-27,0,0,0,0,0,0,0,0,0,0,0,0,0,0,1500,2,0,NONE,0,,,SCRYDEX_ONLY,
CRD_4515FE8F178F464F92D2,다투곰 붉은 달 ex,SR,084/066,227634,high_confidence,1905,1890,2026-06-28,0,0,0,0,0,0,1,6800,2,6900,0,0,0,0,1000,5,0,NONE,0,,,SCRYDEX_ONLY,
CRD_4EB0074F19194FD08F0B,파라블레이즈 ex,RR,031/193,730077,high_confidence,599,568,2026-06-28,0,0,0,0,0,0,0,0,0,0,0,0,0,0,1000,13,0,NONE,0,,,SCRYDEX_ONLY,
CRD_C00E1C8CFE15D51E795F88D9D5D14E94,판쵸 피카츄 (메가 캠페인),PR,203/XY-P,91377,high_confidence,0,0,,2,235000,250000,2,235000,250000,13,391333,52,382500,4,212499,14,176500,65000,50,235000,A_1M,2232500,,,SNK_A_1M_OK,
CRD_A25CB6E36FC71EBDA24B,판초를 입은 피카츄,PR,037/SM-P,91223,high_confidence,0,0,,0,0,0,0,0,0,3,535000,12,515000,1,240000,2,229999,178000,8,0,NONE,0,,,NO_DATA,
CRD_8A3F004027634756AA94,대왕끼리동 ex,SR,088/071,120836,high_confidence,1506,1521,2026-06-27,0,0,0,0,0,0,0,0,0,0,0,0,0,0,1000,4,0,NONE,0,,,SCRYDEX_ONLY,
CRD_8EA0FE1484B142468656,명탐정 피카츄,SM-P,141/SM-P,93066,high_confidence,0,0,,0,0,0,0,0,0,0,0,6,136500,0,0,0,0,39800,9,0,NONE,0,,,NO_DATA,
CRD_906A3DF2C7B04997AE4D,개굴닌자 EX,PR,,411675,high_confidence,115236,115236,2026-06-28,0,0,0,0,0,0,3,58500,6,59250,0,0,2,22500,19500,5,0,NONE,0,,,SCRYDEX_ONLY,
CRD_C41854F7D20E8756104AAA3F9F81E8EA,요코하마 피카츄 (283),PR,283/SM-P,93078,high_confidence,367864,367864,2026-06-27,1,90000,90000,3,98000,90000,13,180000,38,180000,2,62400,12,61900,28000,23,90000,A_1M,855000,0.43,-57.0,SNK_A_1M_OK,SCRYDEX_HALF_LOW
CRD_7ADE94812E08415390CB,제크로무 GX,SM-P,116/SM-P,107551,high_confidence,122903,122903,2026-06-28,0,0,0,0,0,0,0,0,11,64800,0,0,2,13890,23800,15,0,NONE,0,,,SCRYDEX_ONLY,
CRD_669F982DB44549EFB5E2,견고라스 EX,PR,,411777,high_confidence,53777,53777,2026-06-27,0,0,0,0,0,0,0,0,0,0,0,0,0,0,50000,1,0,NONE,0,,,SCRYDEX_ONLY,
CRD_8F205E645B108BEC8791C00BDAD3271D,교토 피카츄,PR,221/XY-P,91423,high_confidence,399485,399485,2026-06-28,0,0,0,0,0,0,13,365000,33,354999,4,154000,9,145000,89999,23,0,NONE,0,,,SCRYDEX_ONLY,
CRD_FEC343BD9F0F4A36ABE1,사마자르 V,SR,073/067,139584,high_confidence,3442,3257,2026-06-28,0,0,0,0,0,0,0,0,0,0,0,0,0,0,0,0,0,NONE,0,,,SCRYDEX_ONLY,
CRD_EDD80B822E564D249409,악비아르 EX,PR,,411701,high_confidence,42253,42253,2026-06-28,0,0,0,0,0,0,0,0,0,0,0,0,0,0,0,0,0,NONE,0,,,SCRYDEX_ONLY,
CRD_38D221213CD04120860A,총지엔 ex,RR,015/071,156409,high_confidence,369,369,2026-06-27,0,0,0,0,0,0,0,0,0,0,0,0,0,0,1000,5,0,NONE,0,,,SCRYDEX_ONLY,
CRD_D0F99DC13CF34DFD957C,오리진 펄기아 V,RR,022/067,103062,high_confidence,1229,1229,2026-06-28,0,0,0,0,0,0,0,0,0,0,0,0,0,0,1000,4,0,NONE,0,,,SCRYDEX_ONLY,
CRD_4500844A9586482C906C,이브이&잠만보 GX,SM-P,140/SM-P,107497,high_confidence,231040,231040,2026-06-28,0,0,0,6,39249,48000,17,79800,56,81030,1,33000,15,29974,30000,63,39249,A_3M,372866,0.62,-38.0,SNK_A_3M_FALLBACK,
CRD_58AEBF1133424C8B92C1,저승갓숭 ex,RR,040/071,118632,high_confidence,507,507,2026-06-26,0,0,0,0,0,0,0,0,0,0,0,0,0,0,1000,2,0,NONE,0,,,SCRYDEX_ONLY,
CRD_6EED812BE5FE4E45BB0A,다크라이 GX,SR,055/049,91355,high_confidence,228000,0,2026-05-08,0,0,0,0,0,0,0,0,3,94444,0,0,1,35000,9500,9,0,NONE,0,,,SCRYDEX_ONLY,
CRD_64EEDFC9E563497FA922,루자미네,SR,118/114,91325,high_confidence,1710000,0,2026-05-08,1,140000,140000,3,159999,140000,10,444500,33,460000,0,0,2,132499,80000,38,140000,A_1M,1330000,,,SNK_A_1M_OK,
CRD_11E8AAB5199A493C9515,더시마사리 GX,RR,026/051,389191,high_confidence,6530,6530,2026-06-28,0,0,0,0,0,0,0,0,0,0,0,0,0,0,2500,1,0,NONE,0,,,SCRYDEX_ONLY,
CRD_D0443324171B2CC0D77258357000A417,스탬프박스 피카츄,PR,227/S-P,91118,high_confidence,2764128,2764128,2026-06-28,0,0,0,0,0,0,29,650000,85,695000,4,337250,16,365000,350000,120,0,NONE,0,,,SCRYDEX_ONLY,
CRD_D43499400639421BA34A,한카리아스 EX,PR,,413438,high_confidence,54284,54284,2026-06-28,0,0,0,0,0,0,0,0,0,0,0,0,0,0,22222,1,0,NONE,0,,,SCRYDEX_ONLY,
CRD_63F5B0FD4B07476CB192,파오젠 ex,SR,085/071,120833,high_confidence,3442,3503,2026-06-26,0,0,0,0,0,0,2,7500,2,7500,0,0,0,0,1000,4,0,NONE,0,,,SCRYDEX_ONLY,
CRD_15AD6DF96106438BA899,쥬피썬더 EX,PR,,106290,high_confidence,50704,50704,2026-06-28,0,0,0,1,7000,7000,3,22000,7,28000,0,0,0,0,8500,9,7000,A_3M,66500,0.762,-23.8,SNK_A_3M_FALLBACK,
CRD_7AC86543E266416EBBF3,오리진 펄기아 V,SR,071/067,91141,high_confidence,124870,124870,2026-06-26,2,10999,11000,13,11000,11000,12,28500,39,30100,1,12500,2,12250,12500,46,10999,A_1M,104490,1.195,19.5,SNK_A_1M_OK,
CRD_7DED027B94C6483F9495,알로라텅구리GX,SM-P,127/SM-P,407404,high_confidence,38535,38412,2026-06-28,0,0,0,0,0,0,2,32500,0,0,0,0,0,0,29999,1,0,NONE,0,,,SCRYDEX_ONLY,
CRD_0421FACBD6704E71B2CE,입치트 EX,PR,,413371,high_confidence,14597,14597,2026-06-28,0,0,0,0,0,0,0,0,0,0,0,0,0,0,1000,2,0,NONE,0,,,SCRYDEX_ONLY,
CRD_78C5517A0AB142AC8502,나인테일 EX,PR,,413379,high_confidence,14597,14597,2026-06-28,0,0,0,0,0,0,0,0,0,0,0,0,0,0,1800,5,0,NONE,0,,,SCRYDEX_ONLY,
CRD_4DA4E6DE9B234E42BAE2,총지엔 ex,SAR,092/071,118633,high_confidence,23262,23093,2026-06-27,1,1800,1800,1,1800,1800,1,10000,3,8000,0,0,0,0,1000,5,1800,A_1M,17100,1.35,35.0,SNK_A_1M_OK,
CRD_2B0E8A61C671491BBA15,카푸꼬꼬꼭 GX,SM-P,023/SM-P,107560,high_confidence,12350,0,2026-05-08,0,0,0,0,0,0,0,0,0,0,0,0,0,0,18500,1,0,NONE,0,,,SCRYDEX_ONLY,
CRD_CE3692D573244C4CB4EA,주혜,SR,079/067,91142,high_confidence,56235,56235,2026-06-28,2,6649,6300,4,6699,6300,21,14635,69,17525,5,6000,10,6150,5400,148,6649,A_1M,63166,0.89,-11.0,SNK_A_1M_OK,
CRD_8E484372B84147938583,경채,HR,083/067,139590,high_confidence,5101,5101,2026-06-28,0,0,0,0,0,0,0,0,0,0,0,0,0,0,0,0,0,NONE,0,,,SCRYDEX_ONLY,
CRD_8C028EC35A4A49469342,난천의 한카리아스 ex,RR,378/742,531303,high_confidence,507,430,2026-06-26,0,0,0,0,0,0,0,0,0,0,0,0,0,0,99000,1,0,NONE,0,,,SCRYDEX_ONLY,
CRD_32D88C6671424AA28280,카푸꼬꼬꼭 GX,RR,032/114,335882,high_confidence,6530,6530,2026-06-28,0,0,0,0,0,0,0,0,0,0,0,0,0,0,0,0,0,NONE,0,,,SCRYDEX_ONLY,
CRD_FA27D6FC488F4ABEAE4F,사마자르 VSTAR,HR,082/067,139588,high_confidence,10125,10125,2026-06-28,0,0,0,0,0,0,0,0,0,0,0,0,0,0,0,0,0,NONE,0,,,SCRYDEX_ONLY,
CRD_3BB0CBC7ABDE40CC8213,알로라고지 GX,SM-P,187/SM-P,407867,high_confidence,15365,15365,2026-06-28,0,0,0,0,0,0,0,0,0,0,0,0,0,0,0,0,0,NONE,0,,,SCRYDEX_ONLY,
CRD_0B188D85E3A44B03D1BA,판초를 입은 이브이,PR,138/SM-P,91234,high_confidence,1235000,0,2026-05-08,0,0,0,0,0,0,0,0,4,465000,0,0,2,167500,480000,6,0,NONE,0,,,SCRYDEX_ONLY,
CRD_84956B7620D249279F78,기라티나(프리즘스타) [오리진폼],PR,058/173,396040,high_confidence,11155,11170,2026-06-28,0,0,0,0,0,0,0,0,5,39800,0,0,0,0,4000,6,0,NONE,0,,,SCRYDEX_ONLY,
CRD_143F9BB41FBA43D5B5DE,야도킹 ex,RR,030/071,120782,high_confidence,584,584,2026-06-26,0,0,0,0,0,0,0,0,0,0,0,0,0,0,1000,3,0,NONE,0,,,SCRYDEX_ONLY,
CRD_0916BCC640C24E4088BB,드닐레이브,AR,077/071,120827,high_confidence,15288,15227,2026-06-28,0,0,0,1,1000,1000,4,9500,13,8800,1,3498,1,3498,2000,10,1000,A_3M,9500,1.603,60.3,SNK_A_3M_FALLBACK,
CRD_1FC4B3E18BB94A0EB6CC,아머드 뮤츠,SM-P,196/SM-P,107574,high_confidence,133197,126575,2026-06-28,9,44500,54305,28,40000,54305,12,168333,46,170499,5,39800,24,39800,4800,170,44500,A_1M,422750,0.299,-70.1,MAPPING_REVIEW,SCRYDEX_HALF_LOW
CRD_53220555F67B44E18651,달코퀸 GX,SM-P,035/SM-P,403554,high_confidence,16150,0,2026-05-08,0,0,0,0,0,0,0,0,0,0,0,0,0,0,30000,2,0,NONE,0,,,SCRYDEX_ONLY,
CRD_1F7AA893695B4F56A551,M보만다 EX,PR,,413444,high_confidence,65085,64133,2026-06-28,1,9490,9490,1,9490,9490,4,32750,8,32750,0,0,1,10000,5000,12,9490,A_1M,90155,0.711,-28.9,SNK_A_1M_OK,
CRD_CB69C20D58AF4D51A9AF,번치코 EX,PR,,411771,high_confidence,4594,4594,2026-06-28,0,0,0,0,0,0,0,0,0,0,0,0,0,0,4600,4,0,NONE,0,,,SCRYDEX_ONLY,
CRD_3D1314647FED4C4BB1D1,루가루암 GX,SR,054/049,106126,high_confidence,23032,23032,2026-06-28,0,0,0,0,0,0,0,0,0,0,0,0,0,0,19800,1,0,NONE,0,,,SCRYDEX_ONLY,
CRD_D4EFCEF0EEB948B7B754,아고용 GX,RR,023/050,338392,high_confidence,4394,4394,2026-06-28,0,0,0,0,0,0,0,0,0,0,0,0,0,0,0,0,0,NONE,0,,,SCRYDEX_ONLY,
CRD_56AEEC243AFF49348A6E,대왕끼리동 ex,RR,054/071,120805,high_confidence,476,461,2026-06-28,0,0,0,0,0,0,0,0,0,0,0,0,0,0,1000,2,0,NONE,0,,,SCRYDEX_ONLY,
CRD_98BE07D514F34C678851,피카츄,SM-P,134/SM-P,107450,high_confidence,460929,460929,2026-06-28,1,45000,45000,2,41388,45000,3,125000,14,130000,2,27950,4,28000,27800,12,45000,A_1M,427500,1.078,7.8,SNK_A_1M_OK,
CRD_85DA754292A84C40923E,지우개굴닌자 EX,PR,,169062,high_confidence,153648,153648,2026-06-28,0,0,0,1,34980,34980,5,158000,19,128000,4,38943,7,38888,8000,25,34980,A_3M,332310,0.462,-53.8,SNK_A_3M_FALLBACK,SCRYDEX_HALF_LOW
CRD_33CA09BF26188C6BDA6EA9F79332A025,판쵸 피카츄 (리자몽 X),PR,207/XY-P,91389,high_confidence,0,0,,0,0,0,0,0,0,8,3685000,17,3500000,0,0,0,0,1150000,23,0,NONE,0,,,NO_DATA,
CRD_367674FDDC443996584B85A2030A01A3,판쵸 피카츄 (가라도스),PR,151/XY-P,91391,high_confidence,0,0,,0,0,0,0,0,0,4,1920000,18,1869000,0,0,0,0,1890000,8,0,NONE,0,,,NO_DATA,
CRD_0A903CAA6FAE43DA81D3,M프테라 EX,PR,,413369,high_confidence,14366,14366,2026-06-27,0,0,0,0,0,0,1,20000,4,19000,0,0,0,0,7800,4,0,NONE,0,,,SCRYDEX_ONLY,
CRD_50B50B0ABF4D437598F7,마임맨 GX,SM-P,106/SM-P,404467,high_confidence,0,0,,0,0,0,0,0,0,0,0,0,0,0,0,0,0,0,0,0,NONE,0,,,NO_DATA,
CRD_5C104F12C3C94EE49C84,명탐정 피카츄,SM-P,143/SM-P,93080,high_confidence,427500,0,2026-05-08,1,49056,49056,5,55555,49056,5,120000,14,141374,1,39000,2,41999,39800,16,49056,A_1M,466032,,,SNK_A_1M_OK,
CRD_01AD02026ECC4FEDBF4F,이상해꽃 EX,PR,,413428,high_confidence,18868,18868,2026-06-28,0,0,0,0,0,0,0,0,1,12800,0,0,0,0,17800,4,0,NONE,0,,,SCRYDEX_ONLY,
CRD_E604CAA8F82C48FB8EDF,사마자르 V,RR,040/067,139554,high_confidence,599,615,2026-06-26,0,0,0,0,0,0,0,0,0,0,0,0,0,0,0,0,0,NONE,0,,,SCRYDEX_ONLY,
CRD_E1B6948E73434311B499,피카츄 EX,RR,008/027,107388,high_confidence,61444,128020,2026-06-27,0,0,0,1,98000,98000,9,170000,25,179250,2,75000,11,69800,13000,39,98000,A_3M,931000,0.138,-86.2,MAPPING_REVIEW,SCRYDEX_HALF_LOW
CRD_787EEE4CA17C4384B003,경채,SR,077/067,126540,high_confidence,3918,3918,2026-06-28,0,0,0,0,0,0,0,0,0,0,0,0,0,0,1000,3,0,NONE,0,,,SCRYDEX_ONLY,
CRD_318B01AFB53C42318601,더시마사리 GX,SR,056/051,389217,high_confidence,19974,19974,2026-06-28,0,0,0,0,0,0,0,0,0,0,0,0,0,0,0,0,0,NONE,0,,,SCRYDEX_ONLY,
CRD_EA0059F230D4B436EAE5B890AB606333,판쵸 피카츄 (리자몽 Y),PR,208/XY-P,126338,high_confidence,0,0,,0,0,0,0,0,0,7,2600000,16,2600000,0,0,2,1549000,1650000,12,0,NONE,0,,,NO_DATA,
CRD_6048FC300CB84CADAB99,리자몽 EX,PR,,91424,high_confidence,0,0,,0,0,0,0,0,0,0,0,1,218000,0,0,0,0,7776,10,0,NONE,0,,,NO_DATA,
CRD_6412506A2B9B42B895C2,대짱이 EX,PR,,411781,high_confidence,36876,36876,2026-06-26,0,0,0,0,0,0,0,0,0,0,0,0,0,0,29300,5,0,NONE,0,,,SCRYDEX_ONLY,
CRD_485ACB25D5DE4A248426,그푸리,AR,072/071,120822,high_confidence,4026,3795,2026-06-27,0,0,0,0,0,0,1,6610,8,6750,0,0,0,0,1000,9,0,NONE,0,,,SCRYDEX_ONLY,
CRD_243B025EA81342949B2D,피카츄,PR,,475194,high_confidence,13997,13936,2026-06-28,15,2000,1900,58,2053,1900,30,15040,91,14849,9,3977,38,3500,1000,229,2000,A_1M,19000,0.733,-26.7,SNK_A_1M_OK,
CRD_278AFBE27D01417B9CBC,칼라마네로,PR,,411774,high_confidence,0,0,,0,0,0,0,0,0,0,0,0,0,0,0,0,0,0,0,0,NONE,0,,,NO_DATA,
CRD_AAA1B0D73E594E6E9585,나옹,PR,,441212,high_confidence,109858,109858,2026-06-27,1,10000,10000,4,13888,10000,20,26662,70,27864,1,13500,6,9749,6500,116,10000,A_1M,95000,1.156,15.6,SNK_A_1M_OK,
CRD_2BE4A0CA25944D3292C7,히드런 V,SR,072/067,139583,high_confidence,2673,2673,2026-06-28,0,0,0,0,0,0,0,0,0,0,0,0,0,0,1000,1,0,NONE,0,,,SCRYDEX_ONLY,
CRD_A126650873921A29A1AC79F0125D6C30,요코하마 피카츄 (282),PR,282/SM-P,93050,high_confidence,460929,460929,2026-06-28,0,0,0,0,0,0,6,240500,19,249500,2,101000,8,94000,26800,23,0,NONE,0,,,SCRYDEX_ONLY,
CRD_64121CF918D94791A1DD,솔가레오 GX,RR,070/114,335919,high_confidence,3519,3519,2026-06-28,0,0,0,0,0,0,0,0,0,0,0,0,0,0,3333,1,0,NONE,0,,,SCRYDEX_ONLY,
CRD_A63442582F7F4F8BABC9,볼케니온(프리즘스타),PR,037/173,396019,high_confidence,4517,4379,2026-06-28,0,0,0,0,0,0,0,0,0,0,0,0,0,0,0,0,0,NONE,0,,,SCRYDEX_ONLY,
CRD_D56048415DA2405E9DBC,피카츄 V,PR,S-P 73,334017,high_confidence,13997,13997,2026-06-28,3,7733,7733,25,9000,7733,15,28096,46,31999,0,0,3,7000,6980,83,7733,A_1M,73464,0.191,-80.9,MAPPING_REVIEW,SCRYDEX_HALF_LOW
CRD_E5592716F10843B68C39,다크라이(프리즘스타),PR,077/173,396059,high_confidence,14090,14090,2026-06-28,1,5980,5980,4,6500,5980,1,32500,9,31750,0,0,1,3980,1500,14,5980,A_1M,56810,0.248,-75.2,MAPPING_REVIEW,SCRYDEX_HALF_LOW
CRD_7EBB72125E6E436B8589,피카츄,SM-P,164/SM-P,93081,high_confidence,0,0,,1,50000,50000,4,47222,50000,0,0,3,278000,1,32600,4,34700,5000,25,50000,A_1M,475000,,,SNK_A_1M_OK,
CRD_C3E80F835D1B41C5B9F7,가이오가,PR,,411785,high_confidence,56327,56327,2026-06-28,0,0,0,0,0,0,0,0,0,0,0,0,0,0,30000,5,0,NONE,0,,,SCRYDEX_ONLY,
CRD_0F321114788E4CC0A5AB,플라이곤 EX,PR,,411759,high_confidence,37260,36368,2026-06-27,0,0,0,0,0,0,0,0,0,0,0,0,0,0,14480,3,0,NONE,0,,,SCRYDEX_ONLY,
CRD_2E16148F22B445A2B1F9,솔가레오(프리즘스타),PR,082/150,336650,high_confidence,5408,5408,2026-06-28,0,0,0,0,0,0,0,0,0,0,0,0,0,0,2222,2,0,NONE,0,,,SCRYDEX_ONLY,
CRD_D7F264F5E2C34408ADC5,멜메탈 GX,SM-P,1 84 /SM-P,407422,high_confidence,1536,1536,2026-06-28,0,0,0,0,0,0,0,0,0,0,0,0,0,0,1000,4,0,NONE,0,,,SCRYDEX_ONLY,
CRD_DFDF0BC26A204FDE9CDC,님피아 GX,SR,057/051,91362,high_confidence,570000,0,2026-05-08,0,0,0,1,37500,37500,3,137000,8,131500,1,40000,1,40000,44000,13,37500,A_3M,356250,,,SNK_A_3M_FALLBACK,
CRD_262F67E35B964E6B9C67,야도킹 ex,SR,086/071,120834,high_confidence,5209,5178,2026-06-26,0,0,0,2,1347,1444,3,10000,11,9800,0,0,0,0,1000,5,1347,A_3M,12796,0.405,-59.5,SNK_A_3M_FALLBACK,SCRYDEX_HALF_LOW
CRD_10E17E66F341491EB014,조로아크 GX,RR,054/072,390959,high_confidence,3181,3150,2026-06-28,0,0,0,0,0,0,0,0,0,0,0,0,0,0,2222,2,0,NONE,0,,,SCRYDEX_ONLY,
CRD_C55004D65BC742D6A174,모래성이당 GX,SM-P,030/SM-P,403611,high_confidence,1425,0,2026-05-08,0,0,0,0,0,0,0,0,0,0,0,0,0,0,0,0,0,NONE,0,,,SCRYDEX_ONLY,
CRD_79D926D3E72B4438C2AB,팀 플라즈마 보스 피카츄,PR,195/SM-P,91228,high_confidence,2375000,0,2026-05-08,0,0,0,0,0,0,0,0,5,400000,0,0,0,0,109000,5,0,NONE,0,,,SCRYDEX_ONLY,
CRD_CD533CB08B8E4E75BD7E,염뉴트 GX,RR,010/049,335523,high_confidence,7682,7682,2026-06-28,0,0,0,0,0,0,0,0,0,0,0,0,0,0,0,0,0,NONE,0,,,SCRYDEX_ONLY,
CRD_57BF36837D354F8B8535,블래키 GX,SM-P,043/SM-P,91219,high_confidence,0,0,,0,0,0,0,0,0,5,258000,15,260000,2,94000,5,97000,180000,22,0,NONE,0,,,NO_DATA,
CRD_EC2A05A657CA48619633,칠색조 GX,RR,013/114,335863,high_confidence,7636,7636,2026-06-28,1,3480,3480,0,0,0,0,0,0,0,0,0,0,0,3500,4,3480,A_1M,33060,0.231,-76.9,MAPPING_REVIEW,SCRYDEX_HALF_LOW
CRD_BFE18CF6495A4D4DBB92,디안시(프리즘스타),PR,051/094,334610,high_confidence,9204,9204,2026-06-26,0,0,0,0,0,0,0,0,0,0,0,0,0,0,0,0,0,NONE,0,,,SCRYDEX_ONLY,
CRD_75EF99D62A3D4947A330,루나아라 GX,RR,049/114,335899,high_confidence,8712,8712,2026-06-28,0,0,0,0,0,0,0,0,0,0,0,0,0,0,0,0,0,NONE,0,,,SCRYDEX_ONLY,
CRD_911E14A963AE45CB944E,저승갓숭 ex,SR,087/071,120835,high_confidence,4471,4379,2026-06-28,0,0,0,0,0,0,0,0,1,7400,0,0,0,0,1000,5,0,NONE,0,,,SCRYDEX_ONLY,
CRD_D0C1C5D1A0D94833B4EC,아고용 GX,SR,052/050,338420,high_confidence,15349,15349,2026-06-28,0,0,0,0,0,0,0,0,0,0,0,0,0,0,0,0,0,NONE,0,,,SCRYDEX_ONLY,
CRD_95F74899B927469997D4,아세로라,SR,056/049,91354,high_confidence,0,0,,0,0,0,0,0,0,11,1550000,22,1550000,1,300000,2,349500,130000,23,0,NONE,0,,,NO_DATA,
CRD_AA4A41F8F67F4044A169,레쿠쟈 EX,PR,,411767,high_confidence,58186,39180,2026-06-28,2,75000,60000,5,80000,60000,2,279166,20,222500,3,85000,9,65800,3000,80,75000,A_1M,712500,0.055,-94.5,MAPPING_REVIEW,SCRYDEX_HALF_LOW
CRD_43A31E18194141E18BFC,피카츄 VMAX,PR,S-P 74,91130,high_confidence,153648,153648,2026-06-28,0,0,0,11,46000,34000,20,74450,59,85000,0,0,4,30125,14000,70,46000,A_3M,437000,0.352,-64.8,SNK_A_3M_FALLBACK,SCRYDEX_HALF_LOW
CRD_0099D36F822141DF8467,체렌,PR,,585229,high_confidence,107538,107538,2026-06-27,0,0,0,1,3333,3333,1,11000,8,12000,0,0,0,0,5980,6,3333,A_3M,31664,3.396,239.6,MAPPING_REVIEW,SCRYDEX_2X_HIGH
CRD_7C974FE36E964EB996DB,누리레느 GX,SR,054/051,106175,high_confidence,10755,10755,2026-06-28,0,0,0,0,0,0,0,0,0,0,0,0,0,0,0,0,0,NONE,0,,,SCRYDEX_ONLY,
CRD_FD0EEE3A4AF547399878,후파,PR,,408743,high_confidence,269345,269345,2026-06-28,3,99900,98000,8,82500,98000,12,386000,32,348750,6,85200,16,74499,5555,115,99900,A_1M,949050,0.284,-71.6,MAPPING_REVIEW,SCRYDEX_HALF_LOW
CRD_7F6CC76C333E432E9B6A,피카츄 V,RR,012/031,727720,high_confidence,8189,8189,2026-06-28,3,3050,3280,12,3650,3280,4,19306,23,19280,0,0,2,5410,1500,68,3050,A_1M,28975,0.283,-71.7,MAPPING_REVIEW,SCRYDEX_HALF_LOW
CRD_B54A04C4DD0844DE9B5E,히드런 VMAX,RRR,015/067,139529,high_confidence,1352,1306,2026-06-27,0,0,0,0,0,0,0,0,0,0,0,0,0,0,1500,2,0,NONE,0,,,SCRYDEX_ONLY,
CRD_4D2AB79A057148E8BE39,엘레이드 EX,PR,,411737,high_confidence,0,0,,0,0,0,0,0,0,0,0,0,0,0,0,0,0,0,0,0,NONE,0,,,NO_DATA,
CRD_C37F7B571BA54B66B848,보만다 EX,PR,,413442,high_confidence,0,0,,0,0,0,0,0,0,0,0,0,0,0,0,0,0,0,0,0,NONE,0,,,NO_DATA,
CRD_3A3F2713FE8C47F69F71,캥카 GX,SM-P,149/SM-P,407431,high_confidence,12292,12292,2026-06-27,0,0,0,0,0,0,0,0,0,0,0,0,0,0,0,0,0,NONE,0,,,SCRYDEX_ONLY,
CRD_0C103A2D31494C7580E2,오리진 펄기아 VSTAR,HR,081/067,96637,high_confidence,29070,29070,2026-06-28,1,2500,2500,0,0,0,0,0,0,0,0,0,0,0,19990,2,2500,A_1M,23750,1.224,22.4,SNK_A_1M_OK,
CRD_12EFBAE37D35433DB103,명탐정 피카츄,PR,,135232,high_confidence,355034,300090,2026-06-26,27,38324,40333,78,37866,40333,31,71060,92,72745,8,30200,25,29800,27000,270,38324,A_1M,364078,0.824,-17.6,SNK_A_1M_OK,
CRD_E556E0ACF3B040059DC9,오리진 펄기아 VSTAR,RRR,023/067,139537,high_confidence,1444,1444,2026-06-28,0,0,0,0,0,0,0,0,0,0,0,0,0,0,0,0,0,NONE,0,,,SCRYDEX_ONLY,
CRD_0FF5AA22F1EE4EE0BE22,루가루암 GX,RR,056/114,335906,high_confidence,4594,4594,2026-06-28,0,0,0,0,0,0,0,0,0,0,0,0,0,0,0,0,0,NONE,0,,,SCRYDEX_ONLY,
CRD_74FA58390E8E48D397F0,조로아크 GX,SR,076/072,105480,high_confidence,38412,38412,2026-06-28,0,0,0,0,0,0,0,0,0,0,0,0,0,0,7500,3,0,NONE,0,,,SCRYDEX_ONLY,
CRD_916F9928C49D4260B334,라이치,SM-P,082/SM-P,91248,high_confidence,171000,0,2026-05-08,0,0,0,0,0,0,0,0,3,33000,0,0,0,0,13800,9,0,NONE,0,,,SCRYDEX_ONLY,
CRD_F6D22923C4964376ADC7,피카츄,PR,,134393,high_confidence,17393,15580,2026-06-26,20,2044,1900,75,2202,1900,31,14201,92,14276,13,4750,54,4385,1000,316,2044,A_1M,19418,0.802,-19.8,SNK_A_1M_OK,
CRD_301C4EFCC282412B9BCC,뮤츠 GX,RR,036/114,335886,high_confidence,13045,13045,2026-06-28,0,0,0,1,8000,8000,0,0,1,29800,0,0,0,0,4000,7,8000,A_3M,76000,0.172,-82.8,MAPPING_REVIEW,SCRYDEX_HALF_LOW
CRD_FFF8E815F394423595FC,라이츄 GX,SR,074/072,105478,high_confidence,123500,0,2026-05-09,0,0,0,0,0,0,0,0,0,0,0,0,0,0,50000,2,0,NONE,0,,,SCRYDEX_ONLY,
CRD_19B52BB682954C4DB699,루기아 V,RR,079/098,100554,high_confidence,11938,11647,2026-06-26,3,2000,1800,15,1800,1800,9,12800,33,12750,0,0,4,3450,1000,56,2000,A_1M,19000,0.613,-38.7,SNK_A_1M_OK,
CRD_7DD7D9F40504433E96CA,지우의 피카츄,SM-P,048/SM-P,91258,high_confidence,0,0,,0,0,0,0,0,0,0,0,4,176000,0,0,1,70000,29800,18,0,NONE,0,,,NO_DATA,
CRD_0BDAE7D89E874FAF958A,레시라무 EX,PR,,91551,high_confidence,760000,0,2026-05-08,0,0,0,0,0,0,1,370000,2,310000,0,0,1,50000,12000,7,0,NONE,0,,,SCRYDEX_ONLY,
CRD_62C3A4F356F74487824A,님피아 GX,RR,073/114,335922,high_confidence,24860,23247,2026-06-28,0,0,0,0,0,0,0,0,2,23250,0,0,1,8800,2300,9,0,NONE,0,,,SCRYDEX_ONLY,
CRD_B99867335AE14F658107,코라이돈,PR,,111991,high_confidence,123500,0,2026-05-09,0,0,0,2,8749,10000,8,20500,28,25500,0,0,0,0,9800,45,8749,A_3M,83116,,,SNK_A_3M_FALLBACK,
CRD_B79D24DCE63448C89A53,피나,SAR,096/071,120842,high_confidence,10279,10279,2026-06-27,0,0,0,0,0,0,0,0,0,0,0,0,0,0,1000,5,0,NONE,0,,,SCRYDEX_ONLY,
CRD_9B43E03D5DF442759E58,염뉴트 GX,SR,051/049,106125,high_confidence,7667,7667,2026-06-28,0,0,0,0,0,0,0,0,0,0,0,0,0,0,0,0,0,NONE,0,,,SCRYDEX_ONLY,
CRD_5D04471E96A84B7CB7F4,디아루가 GX,RR,035/050,336652,high_confidence,10679,10679,2026-06-28,0,0,0,0,0,0,1,8800,2,8800,0,0,0,0,4000,1,0,NONE,0,,,SCRYDEX_ONLY,
CRD_1497BC4BBC0A034B7E00921E88FE436E,루이지 피카츄,PR,295/XY-P,91401,high_confidence,0,0,,0,0,0,0,0,0,8,985000,18,995000,1,590000,2,595000,970000,10,0,NONE,0,,,NO_DATA,
CRD_20E1890D79D254945C3E00F70560A986,스카루단 고꼬 피카츄,PR,013/SM-P,91218,high_confidence,5377665,5377665,2026-06-28,0,0,0,0,0,0,5,1890000,19,1880000,0,0,2,975000,755000,13,0,NONE,0,,,SCRYDEX_ONLY,
CRD_CF5D258E4C4326F86707666D9357D5A2,요코하마 피카츄 (WCS),PR,280/SM-P,93067,high_confidence,1900000,0,2026-05-08,0,0,0,0,0,0,1,310000,9,350000,0,0,1,170000,190000,8,0,NONE,0,,,SCRYDEX_ONLY,
CRD_549320962C484F599EC6,카푸나비나 GX,RR,044/150,112750,high_confidence,1982,1921,2026-06-28,0,0,0,0,0,0,0,0,0,0,0,0,0,0,1000,5,0,NONE,0,,,SCRYDEX_ONLY,
CRD_D9FDD63E25B848EAAE06,카푸꼬꼬꼭(프리즘스타),PR,049/173,396031,high_confidence,4456,4609,2026-06-28,0,0,0,0,0,0,0,0,0,0,0,0,0,0,0,0,0,NONE,0,,,SCRYDEX_ONLY,
CRD_BC643F61B6A0A15DA4F179160FCF9B92,뭉크 피카츄,PR,288/SM-P,100090,high_confidence,0,0,,0,0,0,1,740000,740000,8,2322500,33,2350000,2,1275000,9,1100000,480212,40,740000,A_3M,7030000,,,SNK_A_3M_FALLBACK,
CRD_7341FC41F0D143948B61,잠만보 GX,SM-P,017/SM-P,403322,high_confidence,16056,15926,2026-06-26,1,2400,2400,7,2970,2400,10,15500,37,16849,0,0,10,3383,1400,61,2400,A_1M,22800,0.699,-30.1,SNK_A_1M_OK,
CRD_4B160DDD24C54ACA8B72,피카츄,PR,,411795,high_confidence,23047,23047,2026-06-28,0,0,0,0,0,0,1,205000,8,202499,1,50000,1,50000,14800,9,0,NONE,0,,,SCRYDEX_ONLY,
CRD_38C95B5BCA84434CADBB,나무킹 EX,PR,,411801,high_confidence,0,0,,0,0,0,0,0,0,0,0,0,0,0,0,0,0,2980,1,0,NONE,0,,,NO_DATA,
CRD_F44C2F2640AB4792CB65,포켓몬 카드 페스타 피카츄,PR,061/SM-P,91220,high_confidence,0,0,,0,0,0,1,200000,200000,6,515000,19,488000,1,220000,1,220000,132000,20,200000,A_3M,1900000,,,SNK_A_3M_FALLBACK,
CRD_E930F6192B8A47DA8248,카푸브루루 GX,SR,050/049,106124,high_confidence,19950,0,2026-05-08,0,0,0,0,0,0,0,0,0,0,0,0,0,0,0,0,0,NONE,0,,,SCRYDEX_ONLY,
CRD_D90EA6EE600D4876BBB4,드니차,AR,075/071,120825,high_confidence,12092,11931,2026-06-26,0,0,0,2,1000,1000,5,7700,9,7700,0,0,0,0,1000,8,1000,A_3M,9500,1.256,25.6,SNK_A_3M_FALLBACK,
CRD_F7B668AA293A48758034,깨비드릴조,PR,,411760,high_confidence,0,0,,0,0,0,0,0,0,0,0,0,0,0,0,0,0,0,0,0,NONE,0,,,NO_DATA,
CRD_0902F4E6CC9047A98559,피카츄,PR,,332798,high_confidence,50596,50596,2026-06-27,12,12250,18000,58,11266,18000,30,35124,87,39000,14,8200,42,8975,7000,180,12250,A_1M,116375,0.435,-56.5,SNK_A_1M_OK,SCRYDEX_HALF_LOW
CRD_B3CB2A5036FD42688BA6,비크티니,PR,,585230,high_confidence,749034,783589,2026-06-28,5,100000,110000,28,102500,110000,26,236750,72,234101,2,83625,20,87489,84980,57,100000,A_1M,950000,0.825,-17.5,SNK_A_1M_OK,
CRD_96FACEB498654D5F9837,이븐곰 GX,SM-P,015/SM-P,403473,high_confidence,23047,23047,2026-06-28,0,0,0,0,0,0,0,0,0,0,0,0,0,0,0,0,0,NONE,0,,,SCRYDEX_ONLY,
CRD_0C248A94127B49FB8F15,라이츄 GX,RR,030/072,390937,high_confidence,5839,5839,2026-06-28,0,0,0,0,0,0,0,0,0,0,0,0,1,6800,5000,2,0,NONE,0,,,SCRYDEX_ONLY,
CRD_72D59C5B494A40E7BB6B,페로코체 GX,SR,115/114,335962,high_confidence,5639,5639,2026-06-25,0,0,0,0,0,0,0,0,0,0,0,0,0,0,0,0,0,NONE,0,,,SCRYDEX_ONLY,
CRD_C117A9E19A5E433BA318,팔데아 우파,PR,,441213,high_confidence,35247,35861,2026-06-27,1,3000,3000,3,2400,3000,7,6700,30,6762,1,2600,2,2550,1500,21,3000,A_1M,28500,1.258,25.8,SNK_A_1M_OK,
CRD_C13EA4410A084742AAA9,앤테이 GX,RR,011/072,390919,high_confidence,8374,8143,2026-06-28,0,0,0,0,0,0,0,0,0,0,0,0,0,0,3000,7,0,NONE,0,,,SCRYDEX_ONLY,
CRD_E8F5B14A895540C6860E,제르네아스(프리즘스타),PR,033/050,335614,high_confidence,3903,3688,2026-06-28,0,0,0,0,0,0,0,0,0,0,0,0,0,0,5000,1,0,NONE,0,,,SCRYDEX_ONLY,
CRD_906D53B007894C89866E,뮤츠 GX,SM-P,173/SM-P,93052,high_confidence,0,0,,0,0,0,0,0,0,0,0,2,3625000,0,0,1,1780000,3800000,4,0,NONE,0,,,NO_DATA,
CRD_D9FD0C12886E494286DB,쉐이미 EX,SR,053/052,404638,high_confidence,190000,0,2026-05-08,0,0,0,0,0,0,0,0,0,0,0,0,0,0,26800,3,0,NONE,0,,,SCRYDEX_ONLY,
CRD_4B1E14482DF6442A8088,뮤츠 EX,PR,,413377,high_confidence,24584,24584,2026-06-27,0,0,0,0,0,0,0,0,5,60000,0,0,1,19800,29800,6,0,NONE,0,,,SCRYDEX_ONLY,
CRD_721C06FA7E914D659B80,크로뱃 V,RR,099/184,141122,high_confidence,615,599,2026-06-28,0,0,0,0,0,0,0,0,0,0,0,0,0,0,0,0,0,NONE,0,,,SCRYDEX_ONLY,
CRD_CDF7188601734FA48B24,피카츄,PR,S-P 5,298872,high_confidence,33803,32988,2026-06-26,3,10000,10000,14,12750,10000,10,41000,41,47800,0,0,7,12000,5010,68,10000,A_1M,95000,0.347,-65.3,SNK_A_1M_OK,SCRYDEX_HALF_LOW
CRD_5C57E2D4DFC8419EAFAA,거북왕 EX,PR,,413429,high_confidence,30730,30730,2026-06-28,0,0,0,0,0,0,2,17000,3,15000,0,0,1,3823,11000,4,0,NONE,0,,,SCRYDEX_ONLY,
CRD_1A2192604CAF4EA98918,뮤츠 EX,SR,055/052,91635,high_confidence,76824,76824,2026-06-28,0,0,0,0,0,0,0,0,0,0,0,0,0,0,30000,3,0,NONE,0,,,SCRYDEX_ONLY,
CRD_7EFD5641401A41AC9D8D,펄기아 GX,SR,051/050,105384,high_confidence,21019,21111,2026-06-28,0,0,0,0,0,0,0,0,1,22000,0,0,0,0,35000,1,0,NONE,0,,,SCRYDEX_ONLY,
CRD_AE113DCC3BAE4D84AB6A,뮤츠 GX,SR,075/072,91336,high_confidence,112670,112670,2026-06-28,0,0,0,3,54000,54000,0,0,8,197000,1,56000,4,39000,19800,26,54000,A_3M,513000,0.22,-78.0,MAPPING_REVIEW,SCRYDEX_HALF_LOW
CRD_D9FA88BC123C41F9B448,라프라스 ex,RR,,659340,high_confidence,0,0,,0,0,0,0,0,0,0,0,0,0,0,0,0,0,1100,2,0,NONE,0,,,NO_DATA,
CRD_4FFBC5FEC7274C13BE41,쉐이미 EX,PR,,91413,high_confidence,0,0,,0,0,0,0,0,0,2,267500,7,220950,0,0,0,0,185000,9,0,NONE,0,,,NO_DATA,
CRD_E81BE663681D40F082FC,피카츄,PR,S-P 183,104514,high_confidence,665000,0,2026-05-09,7,75000,74000,34,71166,74000,28,118640,85,130396,1,59800,8,57000,48000,131,75000,A_1M,712500,,,SNK_A_1M_OK,
CRD_E4EBDAAC420B49DFB73D,비크티니,PR,,586847,high_confidence,23493,23016,2026-06-28,3,3500,3500,5,3380,3500,14,13099,47,12000,1,3000,4,3000,3000,35,3500,A_1M,33250,0.692,-30.8,SNK_A_1M_OK,
CRD_94DDE31A7F814C7DA629,지우의 피카츄,SM-P,041/SM-P,91259,high_confidence,61444,61444,2026-06-27,0,0,0,0,0,0,1,170000,8,216750,2,66999,4,77499,14000,28,0,NONE,0,,,SCRYDEX_ONLY,
CRD_494E55E7C59E4B6DA4E3,야도란 EX,RR,026/100,413446,high_confidence,10924,10924,2026-06-28,0,0,0,0,0,0,1,28000,9,26900,0,0,0,0,6280,1,0,NONE,0,,,SCRYDEX_ONLY,
CRD_F77DAEEA7C14482FBA51,철화구야 GX,SR,117/114,335964,high_confidence,11892,11892,2026-06-28,0,0,0,0,0,0,0,0,0,0,0,0,0,0,15800,2,0,NONE,0,,,SCRYDEX_ONLY,
CRD_DBCFA7ECE36342E69356,리자몽 EX,PR,,182581,high_confidence,94140,26120,2026-06-27,3,43800,43800,9,40000,43800,4,151250,21,160000,3,46000,5,46000,4200,70,43800,A_1M,416100,0.063,-93.7,MAPPING_REVIEW,SCRYDEX_HALF_LOW
CRD_56E74A6F8ED840E5855A,뮤츠 GX,SM-P,172/SM-P,134005,high_confidence,2850000,0,2026-05-08,0,0,0,0,0,0,4,515000,22,541000,2,266000,3,287000,288000,15,0,NONE,0,,,SCRYDEX_ONLY,
CRD_133D1F0A2A76442793E4,페로코체 GX,RR,012/114,335862,high_confidence,9019,8850,2026-06-28,0,0,0,0,0,0,0,0,0,0,0,0,0,0,0,0,0,NONE,0,,,SCRYDEX_ONLY,
CRD_E977782F22B64633B5B6,데덴네 GX,RR,048/173,396030,high_confidence,5086,4955,2026-06-26,1,1480,1480,2,1940,1480,1,19800,3,13900,0,0,0,0,1500,12,1480,A_1M,14060,0.352,-64.8,SNK_A_1M_OK,SCRYDEX_HALF_LOW
CRD_34771CA932624EF8993A,독침붕 V,SR,069/067,96640,high_confidence,65469,63795,2026-06-27,3,4500,4800,5,4100,4800,2,13074,14,11249,0,0,0,0,5000,8,4500,A_1M,42750,1.492,49.2,SNK_A_1M_OK,
CRD_BA7E5BDFBF2443BBB5C7,가이오가 EX,SR,054/052,91632,high_confidence,138283,138283,2026-06-28,0,0,0,0,0,0,1,399500,3,300000,0,0,2,67999,44444,4,0,NONE,0,,,SCRYDEX_ONLY,
CRD_9AA3BC6CA44A482D92F5,뮤츠 EX,RR,045/093,410278,high_confidence,22970,22970,2026-06-28,0,0,0,0,0,0,0,0,0,0,0,0,0,0,1500,2,0,NONE,0,,,SCRYDEX_ONLY,
CRD_B3FA890225FF38CC4DBE123ABCCB9B93,판쵸 피카츄 (메가도쿄),PR,098/XY-P,91422,high_confidence,1074000,1074000,2026-06-25,0,0,0,0,0,0,11,464000,45,438500,8,217500,26,195750,50000,69,0,NONE,0,,,SCRYDEX_ONLY,
CRD_21AA8DB739564F3E9CA5,피카츄,SM-P,052/SM-P,403513,high_confidence,123500,0,2026-05-08,0,0,0,0,0,0,0,0,4,100000,0,0,0,0,31000,11,0,NONE,0,,,SCRYDEX_ONLY,
CRD_1BD0376A3CA8485BB302,릴리에,SR,119/114,91323,high_confidence,0,0,,0,0,0,0,0,0,12,2300000,30,2574000,5,600000,10,635000,358000,63,0,NONE,0,,,NO_DATA,
CRD_3AEB0958DF704E919E03,M야도란 EX,RR,027/100,413447,high_confidence,54253,54253,2026-06-28,0,0,0,1,18000,18000,4,47250,15,40000,0,0,1,12000,9980,6,18000,A_3M,171000,0.317,-68.3,MAPPING_REVIEW,SCRYDEX_HALF_LOW
CRD_7670562F15A640309F43,거북왕 EX,RR,021/100,106321,high_confidence,32404,32404,2026-06-28,0,0,0,0,0,0,1,18000,3,18000,0,0,1,7800,9800,2,0,NONE,0,,,SCRYDEX_ONLY,
CRD_39C73BE28BA84C03307F1717CAA31C9E,루이지 피카츄 (296),PR,296/XY-P,91390,high_confidence,0,0,,0,0,0,0,0,0,7,2720000,14,2720000,0,0,3,1250000,1350000,11,0,NONE,0,,,NO_DATA,
CRD_F2CFA15607F1FDEA1BCF0CF34AD4E71C,판쵸 피카츄 (메가도쿄 2),PR,204/XY-P,91373,high_confidence,0,0,,0,0,0,0,0,0,2,3240000,3,3180000,1,1200000,1,1200000,3500000,2,0,NONE,0,,,NO_DATA,
CRD_1C7DCAE87E334BB2AA8B,히드런 V,RR,014/067,139528,high_confidence,891,891,2026-06-28,0,0,0,0,0,0,0,0,0,0,0,0,0,0,0,0,0,NONE,0,,,SCRYDEX_ONLY,
CRD_010576BAD6694C708F4E,고디보미,AR,078/071,120828,high_confidence,5347,5163,2026-06-27,0,0,0,0,0,0,1,7000,5,6933,0,0,0,0,1000,7,0,NONE,0,,,SCRYDEX_ONLY,
CRD_CA8791D1D7B746459F70,파오젠 ex,UR,097/071,120843,high_confidence,23078,23754,2026-06-27,0,0,0,0,0,0,0,0,0,0,0,0,0,0,1950,6,0,NONE,0,,,SCRYDEX_ONLY,
CRD_2F1F77D90BA84F3E8C7D,피카츄,PR,S-P 75,334018,high_confidence,59493,53761,2026-06-28,6,13800,14933,28,16991,14933,21,41499,70,42625,4,13500,18,12000,8600,93,13800,A_1M,131100,0.41,-59.0,SNK_A_1M_OK,SCRYDEX_HALF_LOW
CRD_144F4E4E8E2B4DBD8115,괴력몬 GX,SR,053/049,106123,high_confidence,31350,0,2026-05-08,0,0,0,0,0,0,0,0,0,0,0,0,0,0,32000,1,0,NONE,0,,,SCRYDEX_ONLY,
CRD_BD9788C17AE247EC9735,모크나이퍼 GX,RR,003/051,389168,high_confidence,8819,8543,2026-06-28,0,0,0,0,0,0,0,0,0,0,0,0,0,0,0,0,0,NONE,0,,,SCRYDEX_ONLY,
CRD_0E12AB50D23D4953B0AF,꿈트렁,AR,081/071,120830,high_confidence,3549,3488,2026-06-28,0,0,0,0,0,0,0,0,1,6666,0,0,0,0,1000,6,0,NONE,0,,,SCRYDEX_ONLY,
CRD_F40F80C9CA87094FB525D9D9A3C25C9E,마리오 피카츄,PR,294/XY-P,91385,high_confidence,0,0,,0,0,0,0,0,0,6,4965000,12,4863888,0,0,0,0,1580000,16,0,NONE,0,,,NO_DATA,
CRD_BE950F4C173D4903A25D,빙큐보,AR,074/071,120824,high_confidence,11401,10540,2026-06-28,0,0,0,0,0,0,1,6633,2,6966,0,0,0,0,1000,5,0,NONE,0,,,SCRYDEX_ONLY,
CRD_F7266F095112499DA31C,프테라 EX,PR,,413368,high_confidence,4978,4978,2026-06-28,0,0,0,0,0,0,0,0,0,0,0,0,0,0,15000,1,0,NONE,0,,,SCRYDEX_ONLY,
CRD_6E9E05529FE044859508,미라이돈,PR,,111992,high_confidence,256500,0,2026-05-09,0,0,0,2,22000,22000,9,32000,36,33154,1,18000,1,18000,25000,117,22000,A_3M,209000,,,SNK_A_3M_FALLBACK,
CRD_092D58F7609842FEA757,베라카스,AR,079/071,117187,high_confidence,3303,3257,2026-06-27,0,0,0,0,0,0,4,6400,8,6625,0,0,0,0,1000,2,0,NONE,0,,,SCRYDEX_ONLY,
CRD_170047638AA24C9D8581,솔가레오(프리즘스타),PR,043/066,336650,high_confidence,4901,4901,2026-06-28,0,0,0,0,0,0,0,0,0,0,0,0,0,0,2222,2,0,NONE,0,,,SCRYDEX_ONLY,
CRD_C52365D9FE2D440FAF36,피나,SR,091/071,120839,high_confidence,1798,1798,2026-06-27,0,0,0,0,0,0,0,0,0,0,0,0,0,0,1000,7,0,NONE,0,,,SCRYDEX_ONLY,
CRD_F1F1BB3E1E7544FD801E,모야모의 찌리비,PR,,485638,high_confidence,16932,17347,2026-06-26,15,2750,2750,53,3300,2750,31,7300,91,7490,9,2949,27,2888,1500,326,2750,A_1M,26125,0.664,-33.6,SNK_A_1M_OK,
CRD_D7F007D1EFC04DE9A1AF,뮤츠 EX,PR,,413376,high_confidence,76824,76824,2026-06-28,1,5000,5000,1,5000,5000,0,0,4,54700,0,0,1,18800,4000,9,5000,A_1M,47500,1.617,61.7,SNK_A_1M_OK,
CRD_884CDFFE6A873A39565CEB82B1769CBA,마리오 피카츄 (293),PR,293/XY-P,91399,high_confidence,3380256,3380256,2026-06-28,0,0,0,0,0,0,5,1448000,18,1490000,0,0,1,600000,780000,12,0,NONE,0,,,SCRYDEX_ONLY,
CRD_7C055CB02C3D4C798554,흉내내기 피카츄,PR,407/SM-P,127035,high_confidence,343833,343833,2026-06-28,4,74249,69900,9,80000,69900,18,151083,52,155000,8,48395,29,46000,25000,77,74249,A_1M,705366,0.487,-51.3,SNK_A_1M_OK,SCRYDEX_HALF_LOW
CRD_B9B998819A564DE3991A,마릴,AR,073/071,120823,high_confidence,29331,27611,2026-06-26,3,2650,2300,12,1000,2300,3,9800,17,10000,1,2900,1,2900,1980,25,2650,A_1M,25175,1.097,9.7,SNK_A_1M_OK,
CRD_F5378ABA3B3E4D73A064,명탐정 피카츄,SM-P,142/SM-P,407831,high_confidence,49152,49152,2026-06-28,2,22400,25000,5,20000,25000,6,59500,26,68450,1,15800,3,21000,5780,52,22400,A_1M,212800,0.231,-76.9,MAPPING_REVIEW,SCRYDEX_HALF_LOW
CRD_DD8827F892AE449986D4,파오젠 ex,RR,028/071,117185,high_confidence,584,599,2026-06-27,0,0,0,0,0,0,0,0,0,0,0,0,0,0,1000,5,0,NONE,0,,,SCRYDEX_ONLY,
CRD_6601BE7A1DE143349FA6,히스이 포푸니크 V,RR,044/067,139558,high_confidence,876,860,2026-06-28,0,0,0,0,0,0,0,0,0,0,0,0,0,0,0,0,0,NONE,0,,,SCRYDEX_ONLY,
CRD_B4DD248887AA402E79E6048CF14A6FA5,판쵸 피카츄 (레쿠쟈),PR,230/XY-P,91396,high_confidence,5684976,5684976,2026-06-28,0,0,0,0,0,0,11,2200000,24,2200000,0,0,1,1100000,679800,20,0,NONE,0,,,SCRYDEX_ONLY,
CRD_174D03650DD04FAB90ED,볼케니온(프리즘스타),PR,027/094,334586,high_confidence,11493,9987,2026-06-28,0,0,0,0,0,0,0,0,0,0,0,0,0,0,0,0,0,NONE,0,,,SCRYDEX_ONLY,
CRD_2C540CA835784066A98A,M메타그로스 EX,PR,,411747,high_confidence,86396,86396,2026-06-28,0,0,0,0,0,0,4,25400,6,28370,0,0,1,7800,4000,6,0,NONE,0,,,SCRYDEX_ONLY,
CRD_2165621DAD614A36A40F,지우의 피카츄,SM-P,047/SM-P,91257,high_confidence,0,0,,0,0,0,0,0,0,1,153634,9,164000,0,0,2,43250,23800,12,0,NONE,0,,,NO_DATA,
CRD_B3BF8D31D9204782972A,펄기아 GX,RR,010/050,338379,high_confidence,7575,7575,2026-06-27,0,0,0,0,0,0,0,0,1,8500,0,0,0,0,3000,1,0,NONE,0,,,SCRYDEX_ONLY,
CRD_DFD10196385043FBAE04,누리레느 GX,RR,016/051,389181,high_confidence,12584,12599,2026-06-28,0,0,0,0,0,0,0,0,0,0,0,0,0,0,0,0,0,NONE,0,,,SCRYDEX_ONLY,
CRD_0772C5CF7513F14CB993C2F4FEE4944E,판쵸 피카츄 (레쿠쟈 2),PR,231/XY-P,91397,high_confidence,0,0,,0,0,0,0,0,0,7,2540000,19,2520000,1,1100000,3,1100000,790000,27,0,NONE,0,,,NO_DATA,
CRD_93B44E38ADC1449B84C7,냐오닉스 EX,PR,,413381,high_confidence,30714,30714,2026-06-28,0,0,0,0,0,0,0,0,0,0,0,0,0,0,1300,2,0,NONE,0,,,SCRYDEX_ONLY,
CRD_77E23D6E57A144EB9BD7,지가르데 GX,SM-P,088/SM-P,404455,high_confidence,46094,46094,2026-06-28,0,0,0,0,0,0,0,0,0,0,0,0,0,0,7000,1,0,NONE,0,,,SCRYDEX_ONLY,
CRD_AFB2E1221F7B49C4B30F,M팬텀 EX,PR,,411732,high_confidence,0,0,,1,87899,87899,4,93500,87899,10,208750,39,189000,3,82000,7,69000,22000,36,87899,A_1M,835040,,,SNK_A_1M_OK,
CRD_7F68718FF9574B39A05A,루나아라(프리즘스타),PR,032/066,338328,high_confidence,5455,5455,2026-06-28,0,0,0,0,0,0,0,0,0,0,0,0,0,0,3000,4,0,NONE,0,,,SCRYDEX_ONLY,
CRD_1EDE2D3DF6644957B409,기라티나(프리즘스타),PR,030/066,338326,high_confidence,12876,12876,2026-06-28,1,11111,11111,1,11111,11111,0,0,3,35800,0,0,1,7300,6000,1,11111,A_1M,105554,0.122,-87.8,MAPPING_REVIEW,SCRYDEX_HALF_LOW
CRD_B6DC45093C334784875A,맥실러,SR,055/050,105385,high_confidence,18438,18438,2026-06-28,0,0,0,0,0,0,0,0,1,6980,1,3000,2,2250,11010,1,0,NONE,0,,,SCRYDEX_ONLY,
CRD_C01B9679589B47678C03,피카츄,SM-P,086/SM-P,404453,high_confidence,30730,30730,2026-06-28,0,0,0,2,18500,19000,1,49999,2,49899,1,14444,1,14444,5900,10,18500,A_3M,175750,0.175,-82.5,MAPPING_REVIEW,SCRYDEX_HALF_LOW
CRD_4CA4DA6436B34162B705,카푸느지느 GX,SR,052/049,106121,high_confidence,9218880,0,2026-05-27,0,0,0,0,0,0,0,0,0,0,0,0,0,0,0,0,0,NONE,0,,,SCRYDEX_ONLY,
CRD_CCDCA7F8737A49DAA053,하우,SM-P,071/SM-P,91253,high_confidence,85500,0,2026-05-08,0,0,0,0,0,0,0,0,1,25000,0,0,0,0,18000,5,0,NONE,0,,,SCRYDEX_ONLY,
CRD_6C71D38CA03A4D73A6F4,카푸브루루 GX,RR,007/049,335520,high_confidence,7682,7682,2026-06-28,0,0,0,0,0,0,0,0,0,0,0,0,0,0,0,0,0,NONE,0,,,SCRYDEX_ONLY,
CRD_499466BB5F6A45A9BEAE,그루샤,SAR,095/071,120841,high_confidence,59493,58909,2026-06-27,2,5150,4800,3,4800,4800,6,18874,18,18695,0,0,5,4680,4600,31,5150,A_1M,48925,1.204,20.4,SNK_A_1M_OK,
CRD_16CF32D4C1234DB68301,어흥염 GX,SR,053/051,106174,high_confidence,18438,18438,2026-06-28,0,0,0,0,0,0,0,0,0,0,0,0,0,0,0,0,0,NONE,0,,,SCRYDEX_ONLY,
CRD_F7D0CB0E8461416296C4,드니꽁,AR,076/071,120826,high_confidence,7851,7767,2026-06-26,0,0,0,2,1245,1490,6,7689,11,7300,0,0,0,0,1500,5,1245,A_3M,11828,0.657,-34.3,SNK_A_3M_FALLBACK,
CRD_DB67FF4AD9D943BF9366,라티오스(프리즘스타),PR,067/096,334393,high_confidence,12983,12753,2026-06-26,0,0,0,0,0,0,1,27000,9,25000,0,0,1,8000,2000,11,0,NONE,0,,,SCRYDEX_ONLY,
CRD_E070D0BFD0812AE7FEE1,판초를 입은 이브이,PR,139/SM-P,91235,high_confidence,1113948,1113948,2026-06-28,0,0,0,0,0,0,1,470000,6,490000,0,0,3,149800,169800,4,0,NONE,0,,,SCRYDEX_ONLY,
CRD_6B89BCF215104ABCA86A,샤미드 EX,PR,,127033,high_confidence,66929,66929,2026-06-28,0,0,0,0,0,0,4,29900,21,29999,1,8000,2,6777,4800,19,0,NONE,0,,,SCRYDEX_ONLY,
CRD_4EF712E5DEDB420796AE,독침붕 V,SR,068/067,139582,high_confidence,6100,6100,2026-06-28,0,0,0,0,0,0,0,0,0,0,0,0,0,0,2000,1,0,NONE,0,,,SCRYDEX_ONLY,
CRD_4DFB7837ADC84D93A7EE,제크로무 GX,SM-P,117/SM-P,91217,high_confidence,0,0,,0,0,0,0,0,0,3,646000,14,564000,1,300000,2,260000,640000,6,0,NONE,0,,,NO_DATA,
CRD_A9C9A530BD584DDBB671,아마루르가 EX,PR,,411805,high_confidence,38397,38397,2026-06-28,0,0,0,0,0,0,0,0,0,0,0,0,0,0,0,0,0,NONE,0,,,SCRYDEX_ONLY,
CRD_9A350D2269353CD3471E3F4C99EB760D,카나자와 피카츄 2,PR,147/S-P,91113,high_confidence,1045000,0,2026-05-08,0,0,0,3,98000,98000,15,190000,41,225000,5,85000,8,84500,79999,28,98000,A_3M,931000,,,SNK_A_3M_FALLBACK,
CRD_00C3F08C0B7C41B1A2DA,히스이 포푸니크 V,SR,074/067,139585,high_confidence,6008,6008,2026-06-27,0,0,0,0,0,0,0,0,0,0,0,0,0,0,0,0,0,NONE,0,,,SCRYDEX_ONLY,
CRD_88A52D327991404F8340,그루샤,SR,090/071,120838,high_confidence,8251,8236,2026-06-27,0,0,0,0,0,0,9,13500,22,10475,3,2999,4,2999,1000,33,0,NONE,0,,,SCRYDEX_ONLY,
CRD_15F5F5A58D814B10953B,님피아 GX,RR,,91216,high_confidence,266000,0,2026-05-09,0,0,0,1,35000,35000,4,77900,18,84500,0,0,2,23500,30000,28,35000,A_3M,332500,,,SNK_A_3M_FALLBACK,
CRD_9F8E15C89ACC4214A5CF,히스이 포푸니크 V,SR,075/067,96646,high_confidence,26704,25675,2026-06-26,0,0,0,2,2250,3000,1,10600,1,10600,0,0,0,0,1500,4,2250,A_3M,21375,1.201,20.1,SNK_A_3M_FALLBACK,
CRD_1490247326A741529076,삐삐,SM-P,175/SM-P,93048,high_confidence,767472,767472,2026-06-28,0,0,0,4,67000,69000,24,79250,73,90058,2,51750,9,49800,49000,138,67000,A_3M,636500,1.206,20.6,SNK_A_3M_FALLBACK,
CRD_A6337035E8634701BFAB,피카츄,SM-P,136/SM-P,107559,high_confidence,104500,0,2026-05-08,3,36000,28500,7,33800,28500,2,81749,7,90750,5,19000,7,19000,10000,37,36000,A_1M,342000,,,SNK_A_1M_OK,
CRD_330E7648167E59934C965289F6483878,요코하마 피카츄 (281),PR,281/SM-P,93068,high_confidence,1900000,0,2026-05-08,0,0,0,0,0,0,1,251666,5,255000,1,130000,3,130000,139000,8,0,NONE,0,,,SCRYDEX_ONLY,
CRD_62F7E63236364CB1A703,파오젠 ex,SAR,093/071,118634,high_confidence,59308,59308,2026-06-26,1,4350,4350,2,3675,4350,4,11100,18,9999,0,0,0,0,5000,22,4350,A_1M,41325,1.435,43.5,SNK_A_1M_OK,
CRD_E9ED1194D08E47B8B587,오리진 펄기아 VSTAR,UR,086/067,91143,high_confidence,20189,20635,2026-06-28,2,2999,3000,5,2999,3000,3,10980,7,10480,0,0,0,0,2300,10,2999,A_1M,28490,0.724,-27.6,SNK_A_1M_OK,
CRD_793053A5665347469533,M디안시 EX,PR,,411745,high_confidence,31728,31728,2026-06-27,0,0,0,0,0,0,1,12500,2,12150,1,3500,1,3500,3280,7,0,NONE,0,,,SCRYDEX_ONLY,
CRD_4595906EF9644EC481E6,메타몽(프리즘스타),PR,108/173,396090,high_confidence,15949,15949,2026-06-28,0,0,0,1,4444,4444,1,34800,4,28499,0,0,0,0,4980,4,4444,A_3M,42218,0.378,-62.2,SNK_A_3M_FALLBACK,SCRYDEX_HALF_LOW
CRD_156303A10AC3422083AA,사마자르 VSTAR,RRR,041/067,139555,high_confidence,1122,1076,2026-06-28,0,0,0,0,0,0,0,0,0,0,0,0,0,0,1500,2,0,NONE,0,,,SCRYDEX_ONLY,
CRD_F478BDB80D9C462FA591,모크나이퍼 GX,SR,052/051,106177,high_confidence,18050,0,2026-05-08,0,0,0,0,0,0,0,0,0,0,0,0,0,0,0,0,0,NONE,0,,,SCRYDEX_ONLY,
CRD_F80B857CFE91CDEB4402E3E93F29B2CB,코이킹 고꼬 피카츄,PR,150/XY-P,91395,high_confidence,5531328,5531328,2026-06-25,0,0,0,0,0,0,4,1835000,16,1830000,1,850000,1,850000,1650000,12,0,NONE,0,,,SCRYDEX_ONLY,
CRD_E50466E481104F58984B,비파리온 GX,SR,055/051,389216,high_confidence,1536480,1536480,2026-06-10,0,0,0,0,0,0,0,0,0,0,0,0,0,0,0,0,0,NONE,0,,,SCRYDEX_ONLY,
CRD_F2298D4559AB4FFC8AFF,가이오가,PR,,413363,high_confidence,7682,7682,2026-06-28,0,0,0,0,0,0,0,0,0,0,0,0,0,0,0,0,0,NONE,0,,,SCRYDEX_ONLY,
CRD_58CE2CBBA7CE487B8628,악식킹 GX,RR,065/114,335914,high_confidence,9234,9603,2026-06-28,0,0,0,0,0,0,0,0,0,0,0,0,0,0,0,0,0,NONE,0,,,SCRYDEX_ONLY,
CRD_1F42D34F4DCB4A0DA99D,루카리오 VSTAR,HR,,98403,high_confidence,1615000,0,2026-05-08,0,0,0,0,0,0,12,360000,33,340583,0,0,0,0,331000,20,0,NONE,0,,,SCRYDEX_ONLY,
CRD_6E7CD2D0B209451CA17C,파라꼬,AR,082/071,120831,high_confidence,6054,6038,2026-06-27,0,0,0,0,0,0,0,0,6,6733,0,0,0,0,1000,6,0,NONE,0,,,SCRYDEX_ONLY,
CRD_BA41AC19AAAD4F04B756,비파리온 GX,RR,021/051,389186,high_confidence,3595,3595,2026-06-28,0,0,0,0,0,0,0,0,0,0,0,0,0,0,0,0,0,NONE,0,,,SCRYDEX_ONLY,
CRD_60F01E549A5F4ED5BCAB,피카츄,PR,,104784,high_confidence,35570,34709,2026-06-26,24,6084,4000,84,6233,4000,32,20432,93,22515,11,7000,40,6872,2000,532,6084,A_1M,57798,0.601,-39.9,SNK_A_1M_OK,
CRD_D4E8EA5B4ABC4CE4803E,M번치코 EX,PR,,411782,high_confidence,0,0,,0,0,0,0,0,0,2,49900,4,49800,2,15000,3,15000,17800,4,0,NONE,0,,,NO_DATA,
CRD_4EC3A525E385456A88F0,레쿠쟈 EX,PR,,411766,high_confidence,0,0,,4,76400,69999,22,78500,69999,15,120500,40,138194,3,64000,7,52000,9000,60,76400,A_1M,725800,,,SNK_A_1M_OK,
CRD_8D798C34EC514D40851D,피카츄,SM-P,069/SM-P,253253,high_confidence,0,0,,1,28358,28358,4,29079,28358,8,63998,19,67000,1,17000,4,18150,9000,27,28358,A_1M,269401,,,SNK_A_1M_OK,
CRD_1F2BEBDD9D0144DC8275,피카츄,PR,,518774,high_confidence,25890,25905,2026-06-27,18,4049,4700,69,4054,4700,30,19269,90,19721,10,6270,38,5838,2200,267,4049,A_1M,38466,0.673,-32.7,SNK_A_1M_OK,
CRD_274ED0D22EC54F229DAE,포켓몬 브리더,SR,077/072,91340,high_confidence,115221,115221,2026-06-28,0,0,0,1,25000,25000,0,0,4,54000,0,0,0,0,25400,21,25000,A_3M,237500,0.485,-51.5,SNK_A_3M_FALLBACK,SCRYDEX_HALF_LOW
CRD_D94E04ECD5514CC887E1,수련,SR,120/114,91324,high_confidence,307296,307296,2026-06-28,0,0,0,0,0,0,7,209980,18,232750,0,0,9,50999,49000,33,0,NONE,0,,,SCRYDEX_ONLY,
CRD_FBADA9A3BE9246A8BDC3,앤테이 GX,SR,073/072,105482,high_confidence,37644,37644,2026-06-28,1,9800,9800,1,9800,9800,0,0,1,25500,0,0,0,0,28999,1,9800,A_1M,93100,0.404,-59.6,SNK_A_1M_OK,SCRYDEX_HALF_LOW
CRD_6FC1CB0DAF0D475BAF64,독침붕 V,RR,001/067,139515,high_confidence,1352,1352,2026-06-28,0,0,0,0,0,0,0,0,0,0,0,0,0,0,1000,1,0,NONE,0,,,SCRYDEX_ONLY,
CRD_74339EE06F0E42DC99FE,지라치(프리즘스타),PR,091/173,396073,high_confidence,18484,16748,2026-06-28,0,0,0,1,1500,1500,1,21500,1,21500,0,0,0,0,2500,2,1500,A_3M,14250,1.175,17.5,SNK_A_3M_FALLBACK,
CRD_22EF9B97621442EB9B4B,철화구야 GX,RR,071/114,335920,high_confidence,4901,4932,2026-06-28,0,0,0,0,0,0,0,0,0,0,0,0,0,0,0,0,0,NONE,0,,,SCRYDEX_ONLY,
CRD_4007297FF83B46EF9175,디안시 EX,PR,,411744,high_confidence,7667,7667,2026-06-28,0,0,0,0,0,0,0,0,0,0,0,0,0,0,3600,2,0,NONE,0,,,SCRYDEX_ONLY,
CRD_6B2C86298A8A48B9A1C2,켄타로스 GX,RR,047/060,388908,high_confidence,7206,7037,2026-06-28,0,0,0,0,0,0,0,0,0,0,0,0,0,0,1000,1,0,NONE,0,,,SCRYDEX_ONLY,
CRD_C2A3EBDFC3B244DDA1F7,전툴라 ex,SR,118/102,326012,high_confidence,2535,2458,2026-06-26,0,0,0,0,0,0,0,0,0,0,0,0,0,0,1000,4,0,NONE,0,,,SCRYDEX_ONLY,
CRD_4B0D00B3E615450ABC4E,모야모,SAR,095/071,120748,high_confidence,465630,460422,2026-06-27,3,47000,47000,18,48000,47000,28,84590,82,89999,15,39999,36,41000,39000,230,47000,A_1M,446500,1.031,3.1,SNK_A_1M_OK,
CRD_26AE57743E2F41B084F2,차곡차곡 GX,RR,088/150,112762,high_confidence,2889,2858,2026-06-26,0,0,0,0,0,0,0,0,0,0,0,0,0,0,0,0,0,NONE,0,,,SCRYDEX_ONLY,
CRD_608F4EEEECE54A96A007,바라철록,AR,074/071,184142,high_confidence,28579,26950,2026-06-27,0,0,0,4,2000,2000,0,0,6,6999,0,0,0,0,1500,8,2000,A_3M,19000,1.418,41.8,SNK_A_3M_FALLBACK,
CRD_2F5447039AA345D78AAB,테라파고스 ex,SAR,130/102,307293,high_confidence,44543,42960,2026-06-26,1,4500,4500,6,3994,4500,11,12000,48,10950,0,0,2,5388,4000,34,4500,A_1M,42750,1.005,0.5,SNK_A_1M_OK,
CRD_7A0F593EA7884BE68C8F,채두,HR,116/100,101652,high_confidence,30730,30730,2026-06-28,0,0,0,0,0,0,0,0,0,0,0,0,0,0,2800,1,0,NONE,0,,,SCRYDEX_ONLY,
CRD_B65EED7E271E44328B00,미라이돈 ex,RR,071/190,151726,high_confidence,415,353,2026-06-27,0,0,0,0,0,0,0,0,0,0,0,0,0,0,1000,10,0,NONE,0,,,SCRYDEX_ONLY,
CRD_70DBE52BB8F949A2A864,오거폰 주춧돌의 가면 ex,RR,428/742,466387,high_confidence,415,384,2026-06-26,0,0,0,0,0,0,0,0,0,0,0,0,0,0,1000,6,0,NONE,0,,,SCRYDEX_ONLY,
CRD_627474F7EF5F4BDB9549,리피아 VSTAR,SAR,210/172,103794,high_confidence,102560,95216,2026-06-28,5,5600,5000,26,6000,5000,25,14279,80,16926,4,6499,11,6550,5499,143,5600,A_1M,53200,1.79,79.0,SNK_A_1M_OK,
CRD_4E711DDC48A24974B926,고디모아젤,AR,123/086,608563,high_confidence,8988,8527,2026-06-26,0,0,0,1,1200,1200,0,0,1,6849,0,0,0,0,1200,4,1200,A_3M,11400,0.748,-25.2,SNK_A_3M_FALLBACK,
CRD_696441FFCEB046F28C92,네크로즈마 GX,SM-P,079/SM-P,107548,high_confidence,0,0,,0,0,0,0,0,0,0,0,0,0,0,0,0,0,0,0,0,NONE,0,,,NO_DATA,
CRD_5A5295A6BE874BBA8414,피카츄,SM-P,135/SM-P,404463,high_confidence,69142,69142,2026-06-28,0,0,0,2,35000,35000,2,85108,13,78490,1,16999,4,15149,11000,35,35000,A_3M,332500,0.208,-79.2,MAPPING_REVIEW,SCRYDEX_HALF_LOW
CRD_6B452C1E25584A62B2AE,늑골라 GX,SM-P,179/SM-P,407848,high_confidence,3442,3442,2026-06-28,0,0,0,0,0,0,0,0,0,0,0,0,0,0,0,0,0,NONE,0,,,SCRYDEX_ONLY,
CRD_D3B2F8E6629F414DAAA8,지우의 피카츄,SM-P,044/SM-P,91254,high_confidence,807500,0,2026-05-08,0,0,0,0,0,0,2,242490,7,210000,1,80000,1,80000,44444,12,0,NONE,0,,,SCRYDEX_ONLY,
CRD_B44585853A93C37F791B552F69C70AA6,맥도날드 피카츄,PR,020/MP,671486,high_confidence,59154,59154,2026-06-03,25,3953,7000,74,4100,7000,32,25435,93,28051,24,5800,73,5700,2500,611,3953,A_1M,37554,1.575,57.5,SNK_A_1M_OK,
CRD_5CE39B03B3954AB3B664,비크티니(프리즘스타),PR,004/053,391677,high_confidence,11370,11370,2026-06-28,0,0,0,0,0,0,0,0,0,0,0,0,0,0,3000,3,0,NONE,0,,,SCRYDEX_ONLY,
CRD_939D613E789B4D44AE56,지우의 피카츄,SM-P,049/SM-P,91261,high_confidence,0,0,,0,0,0,1,90000,90000,1,158000,8,160500,0,0,0,0,27800,14,90000,A_3M,855000,,,SNK_A_3M_FALLBACK,
CRD_5798719CFA7B4AF9928A,딱구리 EX,PR,,413382,high_confidence,13644,13644,2026-06-28,0,0,0,0,0,0,1,13400,0,0,0,0,0,0,1900,4,0,NONE,0,,,SCRYDEX_ONLY,
CRD_2951B02D3BE7488DA649,피카츄,SM-P,005/SM-P,106193,high_confidence,16824,16824,2026-06-28,1,22000,22000,7,22000,22000,1,69999,10,78694,1,24000,4,17687,4000,39,22000,A_1M,209000,0.08,-92.0,MAPPING_REVIEW,SCRYDEX_HALF_LOW
CRD_F1C11C21E33A42B397C1,세레비(프리즘스타),PR,015/095,335082,high_confidence,7544,7191,2026-06-26,0,0,0,0,0,0,1,29800,2,20678,0,0,0,0,1500,9,0,NONE,0,,,SCRYDEX_ONLY,
CRD_E9EFB5201D7543CF9A76,피카츄 VMAX,PR,S-P 142,328774,high_confidence,20927,20927,2026-06-28,8,6500,6980,45,6861,6980,29,20949,90,21084,8,6450,20,6300,2800,233,6500,A_1M,61750,0.339,-66.1,SNK_A_1M_OK,SCRYDEX_HALF_LOW
CRD_B30DFCBCDFBA21BE1C07,피카츄,PR,199/SM-P,91225,high_confidence,614592,614592,2026-06-28,0,0,0,1,335000,335000,4,475000,16,469999,3,218000,6,221500,180000,22,335000,A_3M,3182500,0.193,-80.7,MAPPING_REVIEW,SCRYDEX_HALF_LOW
CRD_FAF52ACED2AE4C21A3E1,지우의 피카츄,SM-P,046/SM-P,91256,high_confidence,199727,199727,2026-06-26,0,0,0,0,0,0,0,0,3,169999,0,0,0,0,26000,20,0,NONE,0,,,SCRYDEX_ONLY,
CRD_D264A2B826384DCCB7D7,가이오가 V,PR,S-P 177,286331,high_confidence,15534,14566,2026-06-28,0,0,0,5,4500,4500,3,17400,13,18133,0,0,0,0,3500,8,4500,A_3M,42750,0.341,-65.9,SNK_A_3M_FALLBACK,SCRYDEX_HALF_LOW
CRD_1EB1317E215A4D5FABEE,피카츄,SM-P,120/SM-P,407399,high_confidence,107554,107554,2026-06-28,2,43794,43145,5,43145,43145,1,125000,3,125000,0,0,0,0,25000,17,43794,A_1M,416043,0.259,-74.1,MAPPING_REVIEW,SCRYDEX_HALF_LOW
CRD_FB75B64C376D40B982B2,메타몽(프리즘스타),PR,043/060,334799,high_confidence,13275,13244,2026-06-28,1,6000,6000,4,8900,6000,0,0,1,29800,0,0,0,0,2500,11,6000,A_1M,57000,0.232,-76.8,MAPPING_REVIEW,SCRYDEX_HALF_LOW
CRD_87A14B554FF84A3FAE6A,드래펄트 ex,RR,548/742,450715,high_confidence,384,384,2026-06-28,0,0,0,0,0,0,0,0,0,0,0,0,0,0,1000,1,0,NONE,0,,,SCRYDEX_ONLY,
CRD_5C16965B4D8C4C77943D,리피아 ex,RR,038/742,434883,high_confidence,1967,1890,2026-06-28,1,1000,1000,1,1000,1000,0,0,6,7574,0,0,1,1499,1000,15,1000,A_1M,9500,0.199,-80.1,MAPPING_REVIEW,SCRYDEX_HALF_LOW
CRD_5A11A9B4CB924667ACDC,개굴닌자 BREAK,RR,028/171,390790,high_confidence,30975,30975,2026-06-28,0,0,0,0,0,0,2,69500,3,58000,0,0,1,13300,6800,8,0,NONE,0,,,SCRYDEX_ONLY,
CRD_594A5B7B75D040D5B7B8,루기아 BREAK,RR,059/078,389618,high_confidence,53777,53777,2026-06-28,0,0,0,1,34000,34000,1,175000,3,175000,1,59800,3,34490,28074,13,34000,A_3M,323000,0.166,-83.4,MAPPING_REVIEW,SCRYDEX_HALF_LOW
CRD_CE16E6C6333B4A89872C,다크펫,AR,749/742,742511,high_confidence,0,0,,7,3700,3000,16,4200,3000,5,19800,7,20000,0,0,0,0,2800,32,3700,A_1M,35150,,,SNK_A_1M_OK,
CRD_608AF077FAB548EA89BD,볼케니온 V,RR,014/070,141743,high_confidence,999,999,2026-06-28,0,0,0,0,0,0,0,0,0,0,0,0,0,0,0,0,0,NONE,0,,,SCRYDEX_ONLY,
CRD_C0CD75FE2CCE46389DA9,기로치 ex,RR,489/742,730157,high_confidence,384,384,2026-06-28,0,0,0,0,0,0,0,0,0,0,0,0,0,0,1000,11,0,NONE,0,,,SCRYDEX_ONLY,
CRD_BB0C1B7398C4442C965C,카푸나비나 GX,RR,008/031,336257,high_confidence,3800,0,2026-05-08,0,0,0,0,0,0,0,0,0,0,0,0,0,0,0,0,0,NONE,0,,,SCRYDEX_ONLY,
CRD_D8C1902727604BB699E2,팬텀&따라큐 GX,SR,102/095,149334,high_confidence,383352,383352,2026-06-27,1,45000,45000,5,35000,45000,10,92833,31,99900,1,29000,8,30900,25000,23,45000,A_1M,427500,0.897,-10.3,SNK_A_1M_OK,
CRD_761AFE3BD91646FEBEA5,M샤크니아 EX,RR,071/171,385924,high_confidence,38412,38412,2026-06-28,0,0,0,0,0,0,0,0,2,18250,0,0,0,0,16000,3,0,NONE,0,,,SCRYDEX_ONLY,
CRD_4750AF05BE3349BBA298,코라이돈 ex,RR,072/175,425284,high_confidence,0,0,,0,0,0,0,0,0,0,0,0,0,0,0,0,0,0,0,0,NONE,0,,,NO_DATA,
CRD_EAEBF54128244B18A0E6,과미드라 ex,RR,012/102,296147,high_confidence,446,430,2026-06-28,0,0,0,0,0,0,0,0,0,0,0,0,0,0,1000,1,0,NONE,0,,,SCRYDEX_ONLY,
CRD_646451564B014C19BB2E,피카츄 EX,SR,107/100,91461,high_confidence,2304720,2304720,2026-06-28,0,0,0,0,0,0,14,1269999,29,1270000,0,0,6,417500,240000,37,0,NONE,0,,,SCRYDEX_ONLY,
CRD_69FF1CDC2254489A8E2D,쏘콘 ex,RR,005/071,117827,high_confidence,430,415,2026-06-27,0,0,0,0,0,0,0,0,0,0,0,0,0,0,1000,3,0,NONE,0,,,SCRYDEX_ONLY,
CRD_C3F5BECDAF7048508A69,루카리오 ex,RR,065/175,425281,high_confidence,0,0,,0,0,0,0,0,0,0,0,0,0,0,0,0,0,0,0,0,NONE,0,,,NO_DATA,
CRD_7BCDB81D3236447A9119,멜메탈 ex,RR,519/742,740727,high_confidence,0,0,,0,0,0,0,0,0,0,0,0,0,0,0,0,0,1200,6,0,NONE,0,,,NO_DATA,
CRD_FC8D39B72732416CBC06,육파리 ex,RR,019/190,160945,high_confidence,292,307,2026-06-28,0,0,0,0,0,0,0,0,0,0,0,0,0,0,1000,4,0,NONE,0,,,SCRYDEX_ONLY,
CRD_CF163D02C6AA44A39149,키키링 ex,RR,486/742,180191,high_confidence,522,399,2026-06-27,0,0,0,0,0,0,0,0,0,0,0,0,0,0,1000,2,0,NONE,0,,,SCRYDEX_ONLY,
CRD_C8708FEE42914C2C92BD,다투곰 붉은 달 ex,RR,625/742,204141,high_confidence,430,415,2026-06-27,0,0,0,0,0,0,0,0,0,0,0,0,0,0,1000,4,0,NONE,0,,,SCRYDEX_ONLY,
CRD_E0FD9A9CCE8C43758447,코라이돈 ex,RR,425/742,737040,high_confidence,0,0,,0,0,0,0,0,0,0,0,0,0,0,0,0,0,1000,4,0,NONE,0,,,NO_DATA,
CRD_EF941452F94747E4BB8D,다크라이 EX,RR,055/080,390840,high_confidence,15826,15826,2026-06-28,0,0,0,0,0,0,0,0,0,0,0,0,0,0,8700,1,0,NONE,0,,,SCRYDEX_ONLY,
CRD_F90882500EE5480C9161,코라이돈 ex,RR,068/139,129858,high_confidence,0,0,,0,0,0,0,0,0,0,0,0,0,0,0,0,0,0,0,0,NONE,0,,,NO_DATA,
CRD_C98EFDB78A3045E8B138,릴리에의 삐삐 ex,RR,287/742,730104,high_confidence,584,522,2026-06-26,0,0,0,0,0,0,1,6100,2,6050,0,0,0,0,1000,40,0,NONE,0,,,SCRYDEX_ONLY,
CRD_2E8C144F443F49BBAE9B,미라이돈 ex,RR,553/742,740764,high_confidence,0,0,,0,0,0,0,0,0,0,0,0,0,0,0,0,0,0,0,0,NONE,0,,,NO_DATA,
CRD_8B9B58EC8BE6437C9189,뮤츠 EX,RR,050/131,389891,high_confidence,12338,12338,2026-06-28,0,0,0,0,0,0,0,0,0,0,0,0,0,0,0,0,0,NONE,0,,,SCRYDEX_ONLY,
CRD_30523D5BF2EE4A83A4CB,포푸니라,AR,746/742,742508,high_confidence,0,0,,5,2999,2500,11,3999,2500,3,12800,5,13480,0,0,0,0,2500,20,2999,A_1M,28490,,,SNK_A_1M_OK,
CRD_A8210A464976421F9923,메가염무왕 ex,RR,762/742,742522,high_confidence,0,0,,5,16999,15000,25,19000,15000,12,38833,24,45604,1,18500,3,19799,7000,54,16999,A_1M,161490,,,SNK_A_1M_OK,
CRD_D36A8D255E484367A01A,메타그로스 GX,RR,035/050,336270,high_confidence,9250,9250,2026-06-27,0,0,0,0,0,0,0,0,0,0,0,0,0,0,0,0,0,NONE,0,,,SCRYDEX_ONLY,
CRD_842618E42E404622A7A4,로켓단의 니드킹 ex,RR,437/742,740637,high_confidence,0,0,,0,0,0,0,0,0,0,0,0,0,0,0,0,0,1000,4,0,NONE,0,,,NO_DATA,
CRD_4CF6CEF79B8D4088917C,백마 버드렉스 V,RR,043/184,141044,high_confidence,691,645,2026-06-27,0,0,0,0,0,0,0,0,0,0,0,0,0,0,0,0,0,NONE,0,,,SCRYDEX_ONLY,
CRD_6A6020158B7D48B6851C,나무킹 EX,RR,007/081,385372,high_confidence,12676,12292,2026-06-28,0,0,0,0,0,0,0,0,0,0,0,0,0,0,0,0,0,NONE,0,,,SCRYDEX_ONLY,
CRD_57B8FD435C2148F8854F,괴력몬 BREAK,RR,060/100,386940,high_confidence,26888,26888,2026-06-28,0,0,0,0,0,0,0,0,0,0,0,0,0,0,50000,1,0,NONE,0,,,SCRYDEX_ONLY,
CRD_7CB1EBD45B814997B7C0,레지기가스,HR,35/40,449130,high_confidence,23815,23815,2026-06-28,0,0,0,0,0,0,0,0,0,0,0,0,0,0,0,0,0,NONE,0,,,SCRYDEX_ONLY,
CRD_E7DB54455C61431B8B1B,사다이사 V,RR,241/414,141772,high_confidence,568,553,2026-06-28,0,0,0,0,0,0,0,0,0,0,0,0,0,0,0,0,0,NONE,0,,,SCRYDEX_ONLY,
CRD_40E593A0BF374678B1E8,조타구 ex,RR,488/742,277237,high_confidence,399,369,2026-06-27,0,0,0,0,0,0,0,0,0,0,0,0,0,0,1000,1,0,NONE,0,,,SCRYDEX_ONLY,
CRD_7F78F4DCAE1340BCA119,다크라이 EX,RR,072/171,385925,high_confidence,27657,27657,2026-06-28,0,0,0,1,12000,12000,0,0,9,32300,0,0,1,9000,1500,14,12000,A_3M,114000,0.243,-75.7,MAPPING_REVIEW,SCRYDEX_HALF_LOW
CRD_8CE0A1EE438248E1ABA7,메가장크로다일 ex,RR,763/742,742523,high_confidence,0,0,,8,32000,34000,32,34000,34000,8,73525,27,89000,1,30000,1,30000,17500,46,32000,A_1M,304000,,,SNK_A_1M_OK,
CRD_0E5CE3102B684AB7B177,멜리시 BREAK,RR,067/171,385920,high_confidence,0,0,,0,0,0,0,0,0,0,0,0,0,0,0,0,0,3800,2,0,NONE,0,,,NO_DATA,
CRD_B2E561CB1C034FE2B65A,헬가 ex,RR,072/139,129862,high_confidence,0,0,,0,0,0,0,0,0,0,0,0,0,0,0,0,0,0,0,0,NONE,0,,,NO_DATA,
CRD_9A06EA05B93C41B2BD2A,라이코 V,RR,038/172,103050,high_confidence,1029,1045,2026-06-28,0,0,0,0,0,0,0,0,0,0,0,0,0,0,1000,4,0,NONE,0,,,SCRYDEX_ONLY,
CRD_D041ACC237314A96985C,맘모꾸리 ex,RR,364/742,489813,high_confidence,430,415,2026-06-28,0,0,0,0,0,0,0,0,0,0,0,0,0,0,1000,6,0,NONE,0,,,SCRYDEX_ONLY,
CRD_C6A45AC1265148B69725,M후딘 EX,RR,041/171,385895,high_confidence,48169,48169,2026-06-28,0,0,0,0,0,0,1,15800,2,14650,1,4500,1,4500,17000,1,0,NONE,0,,,SCRYDEX_ONLY,
CRD_33F622942A1F4876AAE4,어흥염 ex,RR,132/742,180186,high_confidence,538,492,2026-06-28,0,0,0,0,0,0,0,0,0,0,0,0,0,0,4999,1,0,NONE,0,,,SCRYDEX_ONLY,
CRD_E1D6B66C8AB24CFC89FA,그우린차 ex,RR,079/742,224052,high_confidence,522,446,2026-06-27,0,0,0,0,0,0,0,0,0,0,0,0,0,0,1000,4,0,NONE,0,,,SCRYDEX_ONLY,
CRD_21BD8B5DBB024A8FBC30,아머까오 VMAX,RRR,056/070,144106,high_confidence,1921,1905,2026-06-26,0,0,0,0,0,0,0,0,0,0,0,0,0,0,0,0,0,NONE,0,,,SCRYDEX_ONLY,
CRD_612B2096761E42C3A8A3,메더 ex,RR,758/742,742518,high_confidence,0,0,,0,0,0,2,1100,1100,0,0,1,8000,0,0,0,0,1000,6,1100,A_3M,10450,,,SNK_A_3M_FALLBACK,
CRD_F577A4D8CDE44F2498B6,디아루가 ex,RR,083/175,425292,high_confidence,0,0,,0,0,0,0,0,0,0,0,0,0,0,0,0,0,0,0,0,NONE,0,,,NO_DATA,
CRD_6C47EADF71464DA6A684,샤로다 ex,RR,042/742,584780,high_confidence,338,384,2026-06-27,0,0,0,0,0,0,0,0,0,0,0,0,0,0,1000,7,0,NONE,0,,,SCRYDEX_ONLY,
CRD_AE793A5668C14BE9A305,버랜지나 ex,RR,475/742,740678,high_confidence,0,0,,0,0,0,0,0,0,0,0,0,0,0,0,0,0,1000,1,0,NONE,0,,,NO_DATA,
CRD_12724DE193F242D89D06,돌핀맨 ex,RR,216/742,241713,high_confidence,492,476,2026-06-27,0,0,0,0,0,0,0,0,0,0,0,0,0,0,1000,2,0,NONE,0,,,SCRYDEX_ONLY,
CRD_D2DB42A5C2EF4407A186,메가장크로다일 ex,RR,169/742,740343,high_confidence,0,0,,1,3100,3100,5,3100,3100,2,13500,2,13500,0,0,0,0,3000,13,3100,A_1M,29450,,,SNK_A_1M_OK,
CRD_41C8011108CC45C3B1B1,마기라스 ex,RR,078/175,425289,high_confidence,0,0,,0,0,0,0,0,0,0,0,2,6450,0,0,0,0,0,0,0,NONE,0,,,NO_DATA,
CRD_52591157ACD8487D99CF,카푸꼬꼬꼭 V,RR,149/414,144159,high_confidence,1275,1398,2026-06-28,0,0,0,0,0,0,0,0,0,0,0,0,0,0,0,0,0,NONE,0,,,SCRYDEX_ONLY,
CRD_CFB59A3E266F4A7B8E84,자시안 V,RR,117/184,326938,high_confidence,645,584,2026-06-28,0,0,0,0,0,0,0,0,0,0,0,0,0,0,0,0,0,NONE,0,,,SCRYDEX_ONLY,
CRD_FF559B81865C4993A3E0,앤테이 V,RR,019/172,103048,high_confidence,968,976,2026-06-26,0,0,0,0,0,0,0,0,0,0,0,0,0,0,1000,2,0,NONE,0,,,SCRYDEX_ONLY,
CRD_0C0972C263B343A4BB0D,자마젠타 V,RR,103/172,105540,high_confidence,830,645,2026-06-28,0,0,0,0,0,0,0,0,0,0,0,0,0,0,1200,1,0,NONE,0,,,SCRYDEX_ONLY,
CRD_5EE5BC37B7894924A235,입치트,AR,754/742,742515,high_confidence,0,0,,7,2980,3000,17,3199,3000,4,9750,7,20000,1,3200,1,3200,2500,21,2980,A_1M,28310,,,SNK_A_1M_OK,
CRD_D340A905D2D643CC9360,M독침붕 EX,RR,002/131,391024,high_confidence,63856,62734,2026-06-28,0,0,0,0,0,0,0,0,0,0,0,0,1,6000,19800,1,0,NONE,0,,,SCRYDEX_ONLY,
CRD_92F676DAB8C24AD3895B,망나뇽 ex,RR,090/139,129880,high_confidence,0,0,,0,0,0,0,0,0,1,9200,2,8599,0,0,0,0,1420,3,0,NONE,0,,,NO_DATA,
CRD_8DB157BF2CDC452DB021,레지에레키 VMAX [다이맥스],RRR,034/098,100547,high_confidence,1168,1091,2026-06-28,0,0,0,0,0,0,0,0,0,0,0,0,0,0,1000,4,0,NONE,0,,,SCRYDEX_ONLY,
CRD_710F7A26402941E7A4D7,카포에라,AR,751/742,742512,high_confidence,0,0,,6,1649,1500,9,1700,1500,0,0,0,0,1,4000,1,4000,1480,18,1649,A_1M,15666,,,SNK_A_1M_OK,
CRD_56CE5AE045504777AAE8,미라이돈 ex,RR,284/742,737039,high_confidence,0,0,,0,0,0,0,0,0,0,0,0,0,0,0,0,0,1000,7,0,NONE,0,,,NO_DATA,
CRD_C876DFB3D3DC4A038B06,카푸꼬꼬꼭 VMAX,RRR,018/070,144160,high_confidence,1813,1813,2026-06-28,0,0,0,0,0,0,0,0,0,0,0,0,0,0,0,0,0,NONE,0,,,SCRYDEX_ONLY,
CRD_74B6C998B365467C940F,토게데마루 ex,RR,514/742,740721,high_confidence,0,0,,0,0,0,0,0,0,0,0,0,0,0,0,0,0,1000,1,0,NONE,0,,,NO_DATA,
CRD_1D0F4747A8BF4524B3CF,마릴리 ex,RR,297/742,740486,high_confidence,0,0,,0,0,0,0,0,0,0,0,0,0,0,0,0,0,0,0,0,NONE,0,,,NO_DATA,
CRD_34D1A571966643B9B808,가라르 불비달마 VMAX,RRR,024/100,144976,high_confidence,1721,1598,2026-06-28,0,0,0,0,0,0,0,0,0,0,0,0,0,0,0,0,0,NONE,0,,,SCRYDEX_ONLY,
CRD_E3686CE5DF604BB1A1AB,블래키 VMAX,RRR,101/184,141124,high_confidence,11109,11109,2026-06-27,4,1800,1800,35,1976,1800,18,11926,67,12135,3,4700,6,4749,1100,113,1800,A_1M,17100,0.65,-35.0,SNK_A_1M_OK,
CRD_F5AF7D246A2542E48326,가라르 야도킹 V,RR,258/414,144006,high_confidence,860,814,2026-06-28,0,0,0,0,0,0,0,0,0,0,0,0,0,0,0,0,0,NONE,0,,,SCRYDEX_ONLY,
CRD_466890A6EF99406086D6,아르세우스 V,RR,083/100,139826,high_confidence,1613,1567,2026-06-28,0,0,0,0,0,0,0,0,0,0,0,0,0,0,1000,1,0,NONE,0,,,SCRYDEX_ONLY,
CRD_A9971F75407F4A80908E,히스이 조로아크 VSTAR,RRR,129/172,103046,high_confidence,953,968,2026-06-28,0,0,0,0,0,0,0,0,0,0,0,0,0,0,1000,9,0,NONE,0,,,SCRYDEX_ONLY,
CRD_9414462C5B0A48D9B34B,M폭타 EX,RR,013/171,385869,high_confidence,21495,21495,2026-06-28,0,0,0,0,0,0,0,0,0,0,0,0,0,0,13000,1,0,NONE,0,,,SCRYDEX_ONLY,
CRD_861F40AC33FD47E8A71A,모르페코 V,RR,290/414,380420,high_confidence,0,0,,0,0,0,0,0,0,0,0,0,0,0,0,0,0,0,0,0,NONE,0,,,NO_DATA,
CRD_FFAB6C584CD745B9A717,다크라이 EX,RR,072/093,404915,high_confidence,12276,12276,2026-06-28,1,13000,13000,1,13000,13000,0,0,6,51000,0,0,0,0,6500,7,13000,A_1M,123500,0.099,-90.1,MAPPING_REVIEW,SCRYDEX_HALF_LOW
CRD_BA10F03AB84145BBB276,메가메가니움 ex,RR,761/742,742521,high_confidence,0,0,,8,27833,22000,24,30500,22000,8,63475,21,76000,3,25000,4,25000,19500,48,27833,A_1M,264414,,,SNK_A_1M_OK,
CRD_BBA44F80E157446F9E8A,귀뚤톡크 V,RR,004/184,380088,high_confidence,507,507,2026-06-28,0,0,0,0,0,0,0,0,0,0,0,0,0,0,0,0,0,NONE,0,,,SCRYDEX_ONLY,
CRD_6208A844312F4FCEA6A1,인텔리레온 VMAX,RRR,023/070,145458,high_confidence,3257,3257,2026-06-26,0,0,0,0,0,0,0,0,0,0,0,0,0,0,3000,1,0,NONE,0,,,SCRYDEX_ONLY,
CRD_B7345EED8A0E4A05B2C2,마그카르고 ex,RR,096/742,221931,high_confidence,399,415,2026-06-27,0,0,0,0,0,0,0,0,0,0,0,0,0,0,1000,1,0,NONE,0,,,SCRYDEX_ONLY,
CRD_62582500388642AD8992,그라에나,AR,753/742,742514,high_confidence,0,0,,5,2280,1800,12,2290,1800,1,15000,3,15000,1,3480,1,3480,1000,18,2280,A_1M,21660,,,SNK_A_1M_OK,
CRD_EE1FFF9039E742F39F0C,M썬더볼트 EX,RR,174/171,106269,high_confidence,153571,153571,2026-06-28,0,0,0,0,0,0,0,0,1,30000,0,0,0,0,48000,2,0,NONE,0,,,SCRYDEX_ONLY,
CRD_DC0886D04B354B469FDB,제르네아스 GX,RR,057/080,334623,high_confidence,12384,12384,2026-06-28,0,0,0,0,0,0,0,0,0,0,0,0,0,0,16900,1,0,NONE,0,,,SCRYDEX_ONLY,
CRD_F9597DA87C15467681E5,루카리오 V,RR,225/414,380342,high_confidence,0,0,,0,0,0,0,0,0,0,0,0,0,0,0,0,0,2980,1,0,NONE,0,,,NO_DATA,
CRD_F2B2E546E51145C0BB3F,피카츄 V,RR,129/414,380235,high_confidence,0,0,,0,0,0,4,2000,2000,1,12900,5,12800,0,0,0,0,1000,12,2000,A_3M,19000,,,SNK_A_3M_FALLBACK,
CRD_EBD265D880914608AC93,리피아 V,RR,017/414,112519,high_confidence,1997,1875,2026-06-26,1,1200,1200,2,1500,1200,0,0,7,9000,1,4000,1,4000,1000,5,1200,A_1M,11400,0.164,-83.6,MAPPING_REVIEW,SCRYDEX_HALF_LOW
CRD_B837D3F1A54647279AEC,뮤 EX,SR,024/025,91584,high_confidence,537768,537768,2026-06-28,0,0,0,0,0,0,4,897500,14,914000,0,0,3,220000,22222,22,0,NONE,0,,,SCRYDEX_ONLY,
CRD_B166C14DF6864745B219,모르페코 V-UNION,RRR,056/184,141061,high_confidence,1245,1214,2026-06-28,1,2880,2880,2,2190,2880,0,0,2,22000,0,0,0,0,1000,3,2880,A_1M,27360,0.044,-95.6,MAPPING_REVIEW,SCRYDEX_HALF_LOW
CRD_2DAAC2D00EB94B1F861B,마휘핑 ex,RR,060/175,425277,high_confidence,0,0,,0,0,0,0,0,0,0,0,0,0,0,0,0,0,0,0,0,NONE,0,,,NO_DATA,
CRD_255CB9C1E0E948988562,잠만보 ex,RR,094/175,425295,high_confidence,0,0,,0,0,0,0,0,0,3,8400,13,7888,0,0,0,0,1000,8,0,NONE,0,,,NO_DATA,
CRD_E1A820C6EE18441B99E2,연격 우라오스 VMAX,RRR,095/184,141116,high_confidence,1183,1152,2026-06-28,0,0,0,0,0,0,0,0,0,0,0,0,0,0,1800,2,0,NONE,0,,,SCRYDEX_ONLY,
CRD_9DEBB30C1A894A7198FA,코라이돈 ex,RR,551/742,740761,high_confidence,0,0,,0,0,0,0,0,0,0,0,0,0,0,0,0,0,0,0,0,NONE,0,,,NO_DATA,
CRD_28FD2B5F4CE248369764,히스이 조로아크 VSTAR,RRR,062/071,139410,high_confidence,1091,1091,2026-06-28,0,0,0,0,0,0,0,0,0,0,0,0,0,0,1500,2,0,NONE,0,,,SCRYDEX_ONLY,
CRD_58B23BBE13C047A0BE1A,에레키블 ex,RR,237/742,542649,high_confidence,399,369,2026-06-28,0,0,0,0,0,0,0,0,0,0,0,0,0,0,1000,3,0,NONE,0,,,SCRYDEX_ONLY,
CRD_528E8910A24647CE96C3,레지락 ex,RR,374/742,557457,high_confidence,446,415,2026-06-27,0,0,0,0,0,0,0,0,0,0,0,0,0,0,1000,1,0,NONE,0,,,SCRYDEX_ONLY,
CRD_6E30EACB936041E98A01,조로아크 BREAK,RR,075/171,389915,high_confidence,7467,7467,2026-06-26,0,0,0,0,0,0,0,0,0,0,0,0,0,0,0,0,0,NONE,0,,,SCRYDEX_ONLY,
CRD_C669300AD32E4E5D86B4,드래펄트 VMAX,RRR,050/096,145378,high_confidence,3488,3641,2026-06-28,0,0,0,0,0,0,0,0,0,0,0,0,0,0,0,0,0,NONE,0,,,SCRYDEX_ONLY,
CRD_A04FE8D9C75D4F5EAF0C,히스이 블레이범 VSTAR,RRR,029/067,139648,high_confidence,1137,1214,2026-06-26,0,0,0,0,0,0,0,0,0,0,0,0,0,0,0,0,0,NONE,0,,,SCRYDEX_ONLY,
CRD_9987ACD7E7C54BF8A0F8,요씽리스 V,RR,360/414,141382,high_confidence,953,937,2026-06-28,0,0,0,0,0,0,0,0,0,0,0,0,0,0,1200,1,0,NONE,0,,,SCRYDEX_ONLY,
CRD_EA7A6952A04B47458EA9,고릴타 VMAX,RRR,010/190,144364,high_confidence,1060,1045,2026-06-28,0,0,0,0,0,0,1,6999,1,6999,0,0,0,0,4000,4,0,NONE,0,,,SCRYDEX_ONLY,
CRD_67F29079C11444D7B0CA,킹드라 ex,RR,154/742,277227,high_confidence,384,307,2026-06-27,0,0,0,0,0,0,0,0,0,0,0,0,0,0,1000,2,0,NONE,0,,,SCRYDEX_ONLY,
CRD_CA3D4EFF79314B22B0F0,따라큐 ex,RR,054/175,425275,high_confidence,0,0,,0,0,0,0,0,0,0,0,2,16800,0,0,0,0,1500,8,0,NONE,0,,,NO_DATA,
CRD_C05727E691684E0B93AF,루카리오,HR,29/40,433762,high_confidence,0,0,,0,0,0,0,0,0,0,0,0,0,0,0,0,0,329800,2,0,NONE,0,,,NO_DATA,
CRD_93FFCADB9F314F93B03F,케르디오 EX,RR,037/093,406021,high_confidence,3058,3058,2026-06-28,0,0,0,0,0,0,0,0,0,0,0,0,0,0,0,0,0,NONE,0,,,SCRYDEX_ONLY,
CRD_B71FB8408EAC4867A18F,모야모의 찌리배리 ex,RR,274/742,730101,high_confidence,338,399,2026-06-28,0,0,0,0,0,0,0,0,0,0,0,0,0,0,1000,8,0,NONE,0,,,SCRYDEX_ONLY,
CRD_EC2FC453D40440CBB25E,요씽리스 ex,RR,100/139,129890,high_confidence,0,0,,0,0,0,0,0,0,0,0,0,0,0,0,0,0,1000,2,0,NONE,0,,,NO_DATA,
CRD_7114B0F7FF874949B3FE,카디나르마 ex,RR,146/742,740317,high_confidence,0,0,,0,0,0,0,0,0,0,0,0,0,0,0,0,0,1000,2,0,NONE,0,,,NO_DATA,
CRD_A82C4C53C3004C17A955,레지드래고 VSTAR,RRR,077/098,100553,high_confidence,999,891,2026-06-28,0,0,0,0,0,0,0,0,0,0,0,0,0,0,1000,3,0,NONE,0,,,SCRYDEX_ONLY,
CRD_5F0F40D590F84E8289CE,아머까오 VMAX,RRR,116/184,141144,high_confidence,1245,1245,2026-06-28,0,0,0,0,0,0,0,0,0,0,0,0,0,0,2000,2,0,NONE,0,,,SCRYDEX_ONLY,
CRD_DBF5F6102B314663AA38,루기아 VSTAR,RRR,080/098,100555,high_confidence,4748,4440,2026-06-26,4,1100,1000,13,1200,1000,5,12300,14,12150,0,0,0,0,1000,36,1100,A_1M,10450,0.425,-57.5,SNK_A_1M_OK,SCRYDEX_HALF_LOW
CRD_0630709EA5124F718749,염뉴트,AR,744/742,742506,high_confidence,0,0,,2,1450,1900,7,1290,1900,1,14000,1,14000,0,0,0,0,1000,8,1450,A_1M,13775,,,SNK_A_1M_OK,
CRD_49D0E25CC4FB427AB28C,오리진 펄기아 VSTAR,RRR,028/172,103059,high_confidence,953,953,2026-06-28,0,0,0,0,0,0,0,0,1,6000,0,0,0,0,1000,5,0,NONE,0,,,SCRYDEX_ONLY,
CRD_8F4DFB20EC9342C1A6A9,토대부기 ex,RR,036/742,184065,high_confidence,507,492,2026-06-27,0,0,0,0,0,0,0,0,0,0,0,0,0,0,1000,2,0,NONE,0,,,SCRYDEX_ONLY,
CRD_04AF7F36245442EBBCF9,보스로라 V,RR,299/414,380429,high_confidence,0,0,,0,0,0,0,0,0,0,0,0,0,0,0,0,0,0,0,0,NONE,0,,,NO_DATA,
CRD_7C49D1616BA447F592B1,가라르 파이어 V,RR,254/414,144005,high_confidence,1198,1198,2026-06-28,0,0,0,0,0,0,0,0,0,0,0,0,0,0,0,0,0,NONE,0,,,SCRYDEX_ONLY,
CRD_68701C3E4E4942B29F01,킬가르도 VMAX,RRR,081/100,145033,high_confidence,2090,2013,2026-06-28,0,0,0,0,0,0,0,0,0,0,0,0,0,0,1500,1,0,NONE,0,,,SCRYDEX_ONLY,
CRD_DC0D44D9E66D45FA907B,가라르 날쌩마 V,RR,163/414,141758,high_confidence,1782,1798,2026-06-28,0,0,0,0,0,0,0,0,0,0,0,0,0,0,0,0,0,NONE,0,,,SCRYDEX_ONLY,
CRD_FF7B16FA257D49BD8EB5,보스로라 VMAX,RR,300/414,380431,high_confidence,0,0,,0,0,0,0,0,0,0,0,0,0,0,0,0,0,0,0,0,NONE,0,,,NO_DATA,
CRD_F169403CBFD9431CAB8D,펄스멍 VMAX,RRR,035/100,141332,high_confidence,1598,1536,2026-06-28,0,0,0,0,0,0,0,0,0,0,0,0,0,0,1000,2,0,NONE,0,,,SCRYDEX_ONLY,
CRD_997431762BD64CE5B949,글레이시아 EX,RR,020/171,106715,high_confidence,75441,75441,2026-06-28,0,0,0,0,0,0,0,0,4,21900,0,0,0,0,15800,2,0,NONE,0,,,SCRYDEX_ONLY,
CRD_B685013BF312463DBD3F,청목의 노고고치 ex,RR,577/742,740788,high_confidence,0,0,,0,0,0,0,0,0,0,0,0,0,0,0,0,0,1100,1,0,NONE,0,,,NO_DATA,
CRD_53811FEF046C46BC8D3A,레지아이스 ex,RR,192/742,740366,high_confidence,0,0,,0,0,0,0,0,0,0,0,0,0,0,0,0,0,1800,1,0,NONE,0,,,NO_DATA,
CRD_B05ED192EA914D9893FB,마그마번,HR,12/40,433648,high_confidence,10450,0,2026-05-08,0,0,0,0,0,0,0,0,0,0,0,0,0,0,0,0,0,NONE,0,,,SCRYDEX_ONLY,
CRD_909F8823101A4097BD2D,석탄산 VMAX,RRR,043/076,145103,high_confidence,1936,1951,2026-06-26,0,0,0,0,0,0,0,0,0,0,0,0,0,0,1000,1,0,NONE,0,,,SCRYDEX_ONLY,
CRD_9FA75D54C4294BA2BBBB,히스이 대검귀 VSTAR,RRR,087/172,103075,high_confidence,907,876,2026-06-28,0,0,0,0,0,0,0,0,0,0,0,0,0,0,1000,2,0,NONE,0,,,SCRYDEX_ONLY,
CRD_0146657C0E674996969C,M루카리오 EX,RR,063/171,390315,high_confidence,92158,92158,2026-06-28,0,0,0,1,3800,3800,1,26000,2,24500,0,0,1,7500,8200,4,3800,A_3M,36100,2.553,155.3,SNK_A_3M_FALLBACK,SCRYDEX_2X_HIGH
CRD_CD4628B3429A420A9319,일격 우라오스 VMAX,RRR,093/184,141114,high_confidence,1260,1198,2026-06-28,0,0,0,0,0,0,0,0,0,0,0,0,0,0,0,0,0,NONE,0,,,SCRYDEX_ONLY,
CRD_E506A487DE8C45099602,루가루암 V,RR,234/414,141479,high_confidence,1444,1583,2026-06-28,0,0,0,0,0,0,0,0,0,0,0,0,0,0,0,0,0,NONE,0,,,SCRYDEX_ONLY,
CRD_8EF30B3B1E864419943C,블랙큐레무 ex,RR,204/742,365472,high_confidence,615,553,2026-06-26,0,0,0,0,0,0,0,0,0,0,0,0,0,0,1380,2,0,NONE,0,,,SCRYDEX_ONLY,
CRD_3BD22AE03D484B308C7E,게노세크트 ex,RR,069/086,598908,high_confidence,430,369,2026-06-28,0,0,0,0,0,0,0,0,0,0,0,0,0,0,0,0,0,NONE,0,,,SCRYDEX_ONLY,
CRD_7E8265C1D8B44E03910F,모르페코 VMAX,RRR,020/060,113233,high_confidence,4686,4686,2026-06-28,0,0,0,0,0,0,0,0,0,0,0,0,0,0,4900,2,0,NONE,0,,,SCRYDEX_ONLY,
CRD_8A3F628A4E3B4AC087C9,오리진 디아루가 VSTAR,RRR,049/067,139489,high_confidence,1659,1644,2026-06-28,0,0,0,0,0,0,0,0,0,0,0,0,0,0,0,0,0,NONE,0,,,SCRYDEX_ONLY,
CRD_6B4990C003EE4F5C95AF,해피너스 V,RR,334/414,141157,high_confidence,753,722,2026-06-28,0,0,0,0,0,0,0,0,0,0,0,0,0,0,0,0,0,NONE,0,,,SCRYDEX_ONLY,
CRD_43B92747526147DBA44A,따라큐 V,RR,197/414,141088,high_confidence,3119,3073,2026-06-28,0,0,0,1,1000,1000,0,0,0,0,0,0,0,0,1000,7,1000,A_3M,9500,0.323,-67.7,MAPPING_REVIEW,SCRYDEX_HALF_LOW
CRD_2301905FC60B4E48B82C,아머까오 V,RR,055/070,144105,high_confidence,1214,1198,2026-06-28,0,0,0,0,0,0,0,0,0,0,0,0,0,0,0,0,0,NONE,0,,,SCRYDEX_ONLY,
CRD_5FF7C03BB99345278E5E,에이스번 VMAX,RRR,017/070,145452,high_confidence,4041,4072,2026-06-28,0,0,0,0,0,0,0,0,0,0,0,0,0,0,0,0,0,NONE,0,,,SCRYDEX_ONLY,
CRD_D3A5DFC3A6B34F32B872,제크로무 ex,RR,259/742,584783,high_confidence,799,753,2026-06-28,0,0,0,0,0,0,0,0,0,0,0,0,0,0,1000,6,0,NONE,0,,,SCRYDEX_ONLY,
CRD_3618F7507BD34B52AA5E,피카츄 ex,RR,227/742,740407,high_confidence,0,0,,5,4200,3500,30,5999,3500,4,17875,18,33629,0,0,0,0,1500,118,4200,A_1M,39900,,,SNK_A_1M_OK,
CRD_36B9B397B19A425CB729,리자몽 VSTAR,RRR,014/172,103071,high_confidence,9142,10156,2026-06-27,2,1000,1000,13,1000,1000,6,11604,22,12114,0,0,1,3800,1000,38,1000,A_1M,9500,1.069,6.9,SNK_A_1M_OK,
CRD_F801E713A8D1496791AC,메타그로스 VMAX,RRR,050/070,141914,high_confidence,2566,2551,2026-06-26,0,0,0,0,0,0,0,0,0,0,0,0,0,0,3000,1,0,NONE,0,,,SCRYDEX_ONLY,
CRD_BE8BC1ED2FFA48EFAEE0,에브이 ex,RR,298/742,434894,high_confidence,2259,2681,2026-06-26,0,0,0,2,1000,1000,2,8149,9,7999,0,0,2,2740,1000,20,1000,A_3M,9500,0.282,-71.8,MAPPING_REVIEW,SCRYDEX_HALF_LOW
CRD_47E80B191CA7474EB9E3,큐레무 VMAX,RRR,030/100,136971,high_confidence,2166,2151,2026-06-28,1,1200,1200,0,0,0,0,0,0,0,0,0,0,0,3000,2,1200,A_1M,11400,0.189,-81.1,MAPPING_REVIEW,SCRYDEX_HALF_LOW
CRD_42C881A081C2442292A2,라티아스 ex,RR,312/742,342765,high_confidence,799,860,2026-06-28,0,0,0,0,0,0,0,0,0,0,0,0,0,0,1000,2,0,NONE,0,,,SCRYDEX_ONLY,
CRD_49A64C751A444FF7B85C,메타그로스 V,RR,301/414,141913,high_confidence,1168,1168,2026-06-26,0,0,0,0,0,0,0,0,0,0,0,0,0,0,0,0,0,NONE,0,,,SCRYDEX_ONLY,
CRD_F6B06CC3450049DC857B,킹크랩 V,RR,080/414,380169,high_confidence,0,0,,0,0,0,0,0,0,0,0,0,0,0,0,0,0,0,0,0,NONE,0,,,NO_DATA,
CRD_1FD012263A504F3CA01E,뮤츠 EX,RR,042/171,390034,high_confidence,10002,10002,2026-06-26,0,0,0,0,0,0,0,0,0,0,0,0,0,0,5000,2,0,NONE,0,,,SCRYDEX_ONLY,
CRD_27DC42C3D270417B9335,님피아 VMAX,RR,192/414,141087,high_confidence,5946,6023,2026-06-28,1,1800,1800,5,1000,1800,2,9649,14,10249,0,0,0,0,1000,26,1800,A_1M,17100,0.352,-64.8,SNK_A_1M_OK,SCRYDEX_HALF_LOW
CRD_882A64CAAD1048D2BE8D,아쿠스타 V,SR,075/067,139714,high_confidence,8497,8312,2026-06-28,0,0,0,0,0,0,0,0,0,0,0,0,0,0,0,0,0,NONE,0,,,SCRYDEX_ONLY,
CRD_C2853FCE66E848CFBA00,가이오가 EX,RR,031/070,381795,high_confidence,38412,38412,2026-06-28,0,0,0,0,0,0,0,0,0,0,0,0,0,0,25000,2,0,NONE,0,,,SCRYDEX_ONLY,
CRD_F1794D3676DD476EBCCE,비파리온,AR,747/742,742509,high_confidence,0,0,,6,1150,1000,7,1100,1000,0,0,1,13800,0,0,0,0,1200,10,1150,A_1M,10925,,,SNK_A_1M_OK,
CRD_1189D005D21D4ED69DBF,어치르돈 V,RR,124/414,141881,high_confidence,999,1076,2026-06-28,0,0,0,0,0,0,0,0,0,0,0,0,0,0,0,0,0,NONE,0,,,SCRYDEX_ONLY,
CRD_D70F5446D2974DDC8EB0,펄스멍 V,RR,155/414,141331,high_confidence,615,553,2026-06-28,0,0,0,0,0,0,0,0,0,0,0,0,0,0,1200,1,0,NONE,0,,,SCRYDEX_ONLY,
CRD_52F68E4F10704A3FB529,알로라 식스테일 VSTAR,RRR,023/068,95113,high_confidence,2166,2259,2026-06-26,0,0,0,0,0,0,0,0,0,0,0,0,0,0,1000,5,0,NONE,0,,,SCRYDEX_ONLY,
CRD_8D03B1108C6B4669B82D,토네로스 VMAX,RRR,058/070,141787,high_confidence,1352,1337,2026-06-28,0,0,0,0,0,0,0,0,0,0,0,0,0,0,0,0,0,NONE,0,,,SCRYDEX_ONLY,
CRD_7DA5510251B9473E9F3F,보만다 VMAX,RRR,081/100,145224,high_confidence,5470,5470,2026-06-27,0,0,0,0,0,0,0,0,0,0,0,0,0,0,1555,1,0,NONE,0,,,SCRYDEX_ONLY,
CRD_7283A07A9E7242E69F1F,다태우지네 VMAX,RRR,023/184,141011,high_confidence,907,814,2026-06-27,0,0,0,0,0,0,0,0,0,0,0,0,0,0,0,0,0,NONE,0,,,SCRYDEX_ONLY,
CRD_CFB01788E84D4E84B002,백마 버드렉스 VMAX,RRR,044/184,141045,high_confidence,922,953,2026-06-28,0,0,0,0,0,0,0,0,0,0,0,0,0,0,1000,5,0,NONE,0,,,SCRYDEX_ONLY,
CRD_457C08948A2D49189AA1,비크티니 VMAX,RRR,013/070,144063,high_confidence,3534,3457,2026-06-26,0,0,0,2,2500,3500,0,0,2,8440,0,0,0,0,1000,4,2500,A_3M,23750,0.146,-85.4,MAPPING_REVIEW,SCRYDEX_HALF_LOW
CRD_A8B52849C3C54365B81E,핫삼 VMAX,RRR,067/100,145210,high_confidence,6300,6300,2026-06-26,0,0,0,0,0,0,0,0,0,0,0,0,0,0,0,0,0,NONE,0,,,SCRYDEX_ONLY,
CRD_D1177926ABA14B70B4E9,번치코 V,RR,057/414,141006,high_confidence,738,714,2026-06-26,0,0,0,0,0,0,0,0,0,0,0,0,0,0,1000,1,0,NONE,0,,,SCRYDEX_ONLY,
CRD_2A2C765236DC4E0DA39B,비크티니 V,RR,059/414,144062,high_confidence,1367,1367,2026-06-28,0,0,0,0,0,0,0,0,0,0,0,0,0,0,0,0,0,NONE,0,,,SCRYDEX_ONLY,
CRD_5FB29A7CDA6A4F8698B4,요씽리스 VMAX,RRR,086/100,141383,high_confidence,1291,1291,2026-06-26,0,0,0,0,0,0,0,0,0,0,0,0,0,0,1000,2,0,NONE,0,,,SCRYDEX_ONLY,
CRD_CF565FADAC9C45388046,뮤 ex,RR,076/190,151727,high_confidence,3058,3165,2026-06-26,4,2062,2800,7,1100,2800,2,14850,4,13300,0,0,0,0,1000,24,2062,A_1M,19589,0.162,-83.8,MAPPING_REVIEW,SCRYDEX_HALF_LOW
CRD_D543AC0888A542E78D35,얼음귀신 EX,RR,014/059,389869,high_confidence,3119,2382,2026-06-28,0,0,0,0,0,0,0,0,0,0,0,0,0,0,0,0,0,NONE,0,,,SCRYDEX_ONLY,
CRD_CE5938A4B28D47A0AD85,샤로다 VSTAR,RRR,006/068,95115,high_confidence,937,937,2026-06-28,0,0,0,0,0,0,0,0,0,0,0,0,0,0,1000,5,0,NONE,0,,,SCRYDEX_ONLY,
CRD_B875810CC46C4134A0C8,멜리시,AR,752/742,742513,high_confidence,0,0,,4,3516,2000,16,3118,2000,1,10000,2,14900,0,0,0,0,2280,21,3516,A_1M,33402,,,SNK_A_1M_OK,
CRD_10CAB872C0EE49CAAAAC,자포코일,HR,42/60,447058,high_confidence,0,0,,0,0,0,0,0,0,0,0,0,0,0,0,0,0,65000,1,0,NONE,0,,,NO_DATA,
CRD_3AC8F9831E6C417A920C,루카리오 EX,RR,062/171,385915,high_confidence,12445,12445,2026-06-28,0,0,0,0,0,0,1,19499,3,13800,0,0,0,0,17000,2,0,NONE,0,,,SCRYDEX_ONLY,
CRD_CB975544B60F47048A93,블랙큐레무 EX,RR,084/093,108804,high_confidence,12276,12276,2026-06-28,0,0,0,0,0,0,0,0,0,0,0,0,0,0,1000,3,0,NONE,0,,,SCRYDEX_ONLY,
CRD_9337246D91AB42D89EBE,뮤츠 EX,SR,062/059,91504,high_confidence,570000,0,2026-05-08,0,0,0,0,0,0,1,248999,6,221999,1,93000,4,44300,82000,10,0,NONE,0,,,SCRYDEX_ONLY,
CRD_4C8698FF6B3849B49B28,모단단게 V,RR,112/414,141323,high_confidence,753,753,2026-06-28,0,0,0,0,0,0,0,0,0,0,0,0,0,0,0,0,0,NONE,0,,,SCRYDEX_ONLY,
CRD_89CF88D4F24A4B3FAB18,게을킹 ex,RR,583/742,395720,high_confidence,476,476,2026-06-28,0,0,0,0,0,0,0,0,0,0,0,0,0,0,1000,1,0,NONE,0,,,SCRYDEX_ONLY,
CRD_B92E9CCA3B94438EB268,메가눈여아 ex,MA,224/193,730948,high_confidence,9787,10110,2026-06-28,6,1000,4000,27,1100,4000,30,7843,64,7999,1,5000,3,2500,1000,147,1000,A_1M,9500,1.064,6.4,SNK_A_1M_OK,
CRD_A12C9EE7BBA246C489B7,님피아 VMAX,RRR,041/069,141687,high_confidence,6069,6138,2026-06-26,3,1000,1000,7,1300,1000,8,9946,30,9897,0,0,3,4000,1000,45,1000,A_1M,9500,0.646,-35.4,SNK_A_1M_OK,
CRD_84F100B202834C6DAE3B,핫삼 ex,RR,492/742,182223,high_confidence,415,369,2026-06-28,0,0,0,0,0,0,0,0,0,0,0,0,0,0,1000,3,0,NONE,0,,,SCRYDEX_ONLY,
CRD_5FFCA0AB3BF4438A8D41,뮤 VMAX,RRR,054/172,103054,high_confidence,11017,9657,2026-06-26,15,2509,3600,57,2479,3600,20,21238,71,18833,0,0,4,4450,1000,170,2509,A_1M,23836,0.405,-59.5,SNK_A_1M_OK,SCRYDEX_HALF_LOW
CRD_8A55485EA762404EB6E8,바우첼 ex,RR,348/742,307287,high_confidence,676,538,2026-06-28,0,0,0,0,0,0,0,0,0,0,0,0,0,0,1000,2,0,NONE,0,,,SCRYDEX_ONLY,
CRD_13962B7254BB4EC68492,마기아나 EX,RR,089/171,387182,high_confidence,3611,3611,2026-06-28,0,0,0,0,0,0,0,0,0,0,0,0,0,0,0,0,0,NONE,0,,,SCRYDEX_ONLY,
CRD_C0490A67B50C41B78069,레쿠쟈 VMAX,RRR,108/172,105005,high_confidence,7437,6115,2026-06-28,5,1500,1298,43,2000,1298,16,17000,60,19485,1,4999,3,4999,1000,153,1500,A_1M,14250,0.429,-57.1,SNK_A_1M_OK,SCRYDEX_HALF_LOW
CRD_917F313DC98747328859,토대부기,HR,05/60,427749,high_confidence,14250,0,2026-05-08,0,0,0,0,0,0,0,0,0,0,0,0,0,0,0,0,0,NONE,0,,,SCRYDEX_ONLY,
CRD_6C87482BDBFF4157B5FA,애프룡 VMAX,RRR,008/070,144150,high_confidence,2750,2750,2026-06-28,0,0,0,0,0,0,0,0,0,0,0,0,0,0,0,0,0,NONE,0,,,SCRYDEX_ONLY,
CRD_95AD52C30E9448CCA98E,피죤투 ex,RR,089/108,132234,high_confidence,599,553,2026-06-27,0,0,0,0,0,0,0,0,0,0,0,0,0,0,1000,6,0,NONE,0,,,SCRYDEX_ONLY,
CRD_3FEFE9BCF9014B07A6CB,돈크로우,HR,30/40,109379,high_confidence,0,0,,0,0,0,0,0,0,0,0,0,0,0,0,0,0,0,0,0,NONE,0,,,NO_DATA,
CRD_AEDD96FFA5A84E749D76,M뮤츠 EX,RR,026/059,389892,high_confidence,22279,22279,2026-06-26,0,0,0,0,0,0,1,58266,11,58000,0,0,0,0,3980,28,0,NONE,0,,,SCRYDEX_ONLY,
CRD_2821F636689C4FCE8CCC,쉐이미,HR,09/40,109250,high_confidence,35339,35339,2026-06-28,0,0,0,0,0,0,0,0,0,0,0,0,0,0,150000,1,0,NONE,0,,,SCRYDEX_ONLY,
CRD_95CC285CB5F240BA8D2B,네오라이트 V,RR,002/044,139773,high_confidence,953,907,2026-06-28,0,0,0,0,0,0,0,0,0,0,0,0,0,0,0,0,0,NONE,0,,,SCRYDEX_ONLY,
CRD_1549CC7E9EFC44D08FD4,리피아,HR,07/40,91707,high_confidence,38000,0,2026-05-08,0,0,0,0,0,0,0,0,1,99800,0,0,1,49800,29000,3,0,NONE,0,,,SCRYDEX_ONLY,
CRD_DCED932B45234182889C,쉐이미 VSTAR,RRR,013/100,139756,high_confidence,1383,1383,2026-06-26,0,0,0,0,0,0,1,6900,0,0,0,0,0,0,1000,1,0,NONE,0,,,SCRYDEX_ONLY,
CRD_27E9FB0B75EB487ABBF6,가디안 EX,RR,091/171,385943,high_confidence,15227,15165,2026-06-28,0,0,0,0,0,0,0,0,1,13500,0,0,0,0,2000,9,0,NONE,0,,,SCRYDEX_ONLY,
CRD_C204E7C7962B4792A212,가디안,HR,24/40,109374,high_confidence,28500,0,2026-05-08,0,0,0,0,0,0,0,0,0,0,0,0,0,0,250000,1,0,NONE,0,,,SCRYDEX_ONLY,
CRD_E6F10EB3F8174323B3EE,메가가디안 ex,MA,226/193,722240,high_confidence,11585,11339,2026-06-28,8,1000,2000,32,1000,2000,29,9980,83,9600,1,4100,3,2500,1000,190,1000,A_1M,9500,1.194,19.4,SNK_A_1M_OK,
CRD_B2272D4D776044FE9ABF,로켓단의 뮤츠 ex,RR,290/742,550914,high_confidence,1076,999,2026-06-26,0,0,0,2,1100,1200,4,11650,14,10500,0,0,0,0,1000,9,1100,A_3M,10450,0.096,-90.4,MAPPING_REVIEW,SCRYDEX_HALF_LOW
CRD_7BA2781997C84AA48CE9,쉐이미 EX,SR,021/025,91587,high_confidence,351500,0,2026-05-08,0,0,0,0,0,0,3,99999,8,96500,1,35000,1,35000,15000,5,0,NONE,0,,,SCRYDEX_ONLY,
CRD_8965D3327A5540929972,M나무킹 EX,RR,007/171,385373,high_confidence,76824,76824,2026-06-28,0,0,0,0,0,0,0,0,0,0,0,0,0,0,0,0,0,NONE,0,,,SCRYDEX_ONLY,
CRD_6BAEC561FD824CA68028,메가리자몽X ex,MA,223/193,722239,high_confidence,68527,70002,2026-06-27,32,8044,7166,93,9827,7166,32,31571,93,36540,19,8522,49,9275,4000,654,8044,A_1M,76418,0.916,-8.4,SNK_A_1M_OK,
CRD_6C5AB36AD8294729A03E,고동치는달 ex,SR,084/066,151712,high_confidence,4686,4702,2026-06-26,0,0,0,0,0,0,1,6599,3,6599,0,0,0,0,1200,5,0,NONE,0,,,SCRYDEX_ONLY,
CRD_BA9979085F024D49906C,웨이니발 ex,SSR,325/190,151752,high_confidence,1321,1367,2026-06-27,0,0,0,0,0,0,0,0,0,0,0,0,1,2999,1000,6,0,NONE,0,,,SCRYDEX_ONLY,
CRD_492147CE938648E78FA2,애프룡 V,SR,071/070,144213,high_confidence,11985,11862,2026-06-28,0,0,0,0,0,0,0,0,0,0,0,0,0,0,19980,1,0,NONE,0,,,SCRYDEX_ONLY,
CRD_EA6C638A5EAE4EE0996B,메가샤크니아 ex,SAR,113/080,704404,high_confidence,23354,22556,2026-06-27,6,1050,1100,11,1100,1100,16,7950,53,7560,1,1980,3,1980,1200,24,1050,A_1M,9975,2.261,126.1,SNK_A_1M_OK,SCRYDEX_2X_HIGH
CRD_72783B70F01B4ED8B41A,보만다 V,SR,108/100,145249,high_confidence,14228,10033,2026-06-28,0,0,0,0,0,0,0,0,0,0,0,0,0,0,26500,2,0,NONE,0,,,SCRYDEX_ONLY,
CRD_2ADA9594E1954CF89E7B,깨봉이,AR,138/086,608578,high_confidence,14581,11616,2026-06-27,0,0,0,0,0,0,1,6999,3,6500,0,0,0,0,1000,3,0,NONE,0,,,SCRYDEX_ONLY,
CRD_DA27591B04B940C980EF,버랜지나,AR,145/086,608514,high_confidence,7713,7191,2026-06-27,0,0,0,0,0,0,1,6750,0,0,0,0,0,0,1000,7,0,NONE,0,,,SCRYDEX_ONLY,
CRD_64AC0547355944F0835D,쥬피썬더 V,SR,079/069,91174,high_confidence,110365,110043,2026-06-27,1,18888,18888,10,18894,18888,22,34949,69,37000,2,14950,5,14999,13900,60,18888,A_1M,179436,0.613,-38.7,SNK_A_1M_OK,
CRD_5668BB43C6824C25B7FB,대로트&야느와르몽 GX,RR,053/173,396035,high_confidence,9772,9173,2026-06-26,0,0,0,0,0,0,1,13500,5,12800,0,0,0,0,1800,6,0,NONE,0,,,SCRYDEX_ONLY,
CRD_C3CF846EB0624F398AAF,갈가부기 VMAX,HR,111/100,145250,high_confidence,7667,7667,2026-06-28,0,0,0,0,0,0,0,0,0,0,0,0,0,0,0,0,0,NONE,0,,,SCRYDEX_ONLY,
CRD_32B748391B31457F884D,난천&카틀레야,SR,106/095,91276,high_confidence,222621,224587,2026-06-28,0,0,0,2,21500,20500,16,42750,41,43000,1,16500,4,16600,12800,70,21500,A_3M,204250,1.1,10.0,SNK_A_3M_FALLBACK,
CRD_C6A1E00432684413B13B,큐레무 V,SR,102/100,137043,high_confidence,6576,6576,2026-06-28,0,0,0,0,0,0,0,0,0,0,0,0,0,0,1000,1,0,NONE,0,,,SCRYDEX_ONLY,
CRD_4CE7E440FEFE4B8EB2AB,리오르,AR,086/078,109864,high_confidence,20865,19698,2026-06-28,1,1400,1400,5,1480,1400,9,8700,22,8700,1,3999,2,3249,1000,14,1400,A_1M,13300,1.481,48.1,SNK_A_1M_OK,
CRD_C4804FF23607466C9A90,다투곰 붉은 달 ex,RR,134/187,427231,high_confidence,369,430,2026-06-28,0,0,0,0,0,0,0,0,0,0,0,0,0,0,1000,5,0,NONE,0,,,SCRYDEX_ONLY,
CRD_E9757BBCE7C34C4E8BF8,브리가론 V,RR,009/098,100544,high_confidence,599,584,2026-06-26,0,0,0,0,0,0,0,0,0,0,0,0,0,0,2500,1,0,NONE,0,,,SCRYDEX_ONLY,
CRD_E57DB3482F514CE09A11,자시안 V,CSR,250/184,141280,high_confidence,19483,19083,2026-06-28,0,0,0,0,0,0,1,13500,6,9750,0,0,0,0,1500,7,0,NONE,0,,,SCRYDEX_ONLY,
CRD_74E51DCCF8D24ADBA306,갸라도스 ex,SR,091/078,110942,high_confidence,11923,11093,2026-06-28,0,0,0,4,2355,2400,5,11293,18,10875,0,0,0,0,1500,30,2355,A_3M,22372,0.496,-50.4,SNK_A_3M_FALLBACK,SCRYDEX_HALF_LOW
CRD_8D34314C145E4657910C,개구마르,AR,086/083,776339,high_confidence,11816,14781,2026-06-27,6,1250,1000,40,1100,1000,3,16900,5,16900,0,0,0,0,1000,41,1250,A_1M,11875,1.245,24.5,SNK_A_1M_OK,
CRD_FF670CCC91074D59B18C,쌔비냥,AR,134/086,608574,high_confidence,14750,14090,2026-06-28,0,0,0,0,0,0,0,0,2,6900,0,0,1,2444,1000,4,0,NONE,0,,,SCRYDEX_ONLY,
CRD_5148B33EFB2449B1B0BA,파라솔 아가씨,SR,084/062,136492,high_confidence,8973,8942,2026-06-27,0,0,0,0,0,0,4,9750,11,10500,1,3800,3,3800,1600,26,0,NONE,0,,,SCRYDEX_ONLY,
CRD_0FFC051368D048A489A8,타로,SAR,132/102,323630,high_confidence,33726,34878,2026-06-27,0,0,0,10,5500,6000,12,25515,47,18993,2,5600,13,4800,4000,65,5500,A_3M,52250,0.668,-33.2,SNK_A_3M_FALLBACK,
CRD_14D2B39ACE854972906D,가라르 산호르곤 V,SR,103/100,145246,high_confidence,6530,6530,2026-06-28,0,0,0,0,0,0,0,0,0,0,0,0,0,0,0,0,0,NONE,0,,,SCRYDEX_ONLY,
CRD_63013DACF91C4789A924,니아,SR,081/070,96693,high_confidence,22079,23001,2026-06-27,0,0,0,3,2400,2400,5,8400,22,7999,0,0,2,2750,1600,45,2400,A_3M,22800,1.009,0.9,SNK_A_3M_FALLBACK,
CRD_EB69DF756D1A4E6F94D1,스이쿤 V,RR,001/067,141456,high_confidence,1859,1844,2026-06-26,0,0,0,0,0,0,0,0,0,0,0,0,0,0,1000,3,0,NONE,0,,,SCRYDEX_ONLY,
CRD_6C8A167C2A5041E8B2C2,노보청,AR,133/086,608503,high_confidence,12031,10909,2026-06-28,0,0,0,0,0,0,0,0,1,6900,0,0,0,0,6600,6,0,NONE,0,,,SCRYDEX_ONLY,
CRD_56347219393547F19FCB,레지드래고 VSTAR,HR,117/098,100574,high_confidence,14151,14320,2026-06-27,0,0,0,0,0,0,0,0,0,0,0,0,0,0,1200,3,0,NONE,0,,,SCRYDEX_ONLY,
CRD_3B28179308924FD388CA,불카모스 GX,SR,096/095,339681,high_confidence,13967,13967,2026-06-28,0,0,0,0,0,0,0,0,0,0,0,0,0,0,0,0,0,NONE,0,,,SCRYDEX_ONLY,
CRD_A5B83823B6344946A314,피카츄 ex,SAR,132/106,408333,high_confidence,328899,322676,2026-06-27,5,90000,81000,28,88444,81000,30,127929,85,133999,5,63000,12,63500,58000,149,90000,A_1M,855000,0.377,-62.3,SNK_A_1M_OK,SCRYDEX_HALF_LOW
CRD_30EDC0F1FD7B46A58FDE,춤추새 GX,SR,097/095,339682,high_confidence,11170,11170,2026-06-27,0,0,0,0,0,0,0,0,0,0,0,0,0,0,1500,1,0,NONE,0,,,SCRYDEX_ONLY,
CRD_C01ECCA4431A44B09D3B,리자몽 ex,RR,006/165,127773,high_confidence,5408,5531,2026-06-28,0,0,0,8,1050,2700,6,9238,20,9495,0,0,0,0,1000,31,1050,A_3M,9975,0.554,-44.6,SNK_A_3M_FALLBACK,
CRD_6A148797C15E4E7D9FE7,N의 각오,SR,066/049,124085,high_confidence,85198,85060,2026-06-28,0,0,0,1,7500,7500,8,17350,23,15982,3,6480,3,6480,6500,31,7500,A_3M,71250,1.194,19.4,SNK_A_3M_FALLBACK,
CRD_B1266853754742B9AC64,릴리에의 삐삐 ex,RR,033/100,485645,high_confidence,538,561,2026-06-26,0,0,0,0,0,0,1,8000,1,8000,0,0,0,0,1000,10,0,NONE,0,,,SCRYDEX_ONLY,
CRD_C452FDCBD46A43E587EC,가라르 가로막구리,AR,209/193,731018,high_confidence,2335,2412,2026-06-28,1,1000,1000,1,1000,1000,11,6750,20,6800,2,2980,3,2980,1000,42,1000,A_1M,9500,0.254,-74.6,MAPPING_REVIEW,SCRYDEX_HALF_LOW
CRD_0839A3235BFC40C7A767,말리화,SR,192/173,104544,high_confidence,132475,132475,2026-06-28,0,0,0,0,0,0,1,18500,12,18125,0,0,4,4990,7000,18,0,NONE,0,,,SCRYDEX_ONLY,
CRD_DC46034507A149F9A1E5,레쿠쟈 V,SR,076/067,91167,high_confidence,609691,609691,2026-06-27,3,165000,163000,15,160000,163000,20,349625,68,331500,2,139999,10,105000,80000,99,165000,A_1M,1567500,0.389,-61.1,SNK_A_1M_OK,SCRYDEX_HALF_LOW
CRD_E54D728D4E4B4DE8A640,카푸꼬꼬꼭 ex,RR,019/062,139058,high_confidence,446,461,2026-06-27,0,0,0,0,0,0,0,0,0,0,0,0,0,0,1000,2,0,NONE,0,,,SCRYDEX_ONLY,
CRD_EBE8945758B043ACB73E,사다이사 V,SR,075/070,145510,high_confidence,1536,1536,2026-06-28,0,0,0,0,0,0,0,0,0,0,0,0,0,0,0,0,0,NONE,0,,,SCRYDEX_ONLY,
CRD_2BD596750DCC46F5BF44,달코퀸 ex,SR,080/066,151711,high_confidence,2781,2781,2026-06-28,0,0,0,0,0,0,3,6999,5,6880,0,0,0,0,1000,7,0,NONE,0,,,SCRYDEX_ONLY,
CRD_4F2A7D0A1A7B4BA789D5,한카리아스 V,CSR,084/067,96586,high_confidence,88424,88424,2026-06-27,1,8000,8000,5,7900,8000,16,23010,42,24188,0,0,3,9000,7000,47,8000,A_1M,76000,1.163,16.3,SNK_A_1M_OK,
CRD_B9E026BC3DF546909368,웨이니발 ex,RR,030/073,111961,high_confidence,430,446,2026-06-27,0,0,0,0,0,0,0,0,0,0,0,0,0,0,1000,9,0,NONE,0,,,SCRYDEX_ONLY,
CRD_40212CBAF40D49EE8938,춤추새 ex,RR,018/080,687277,high_confidence,415,415,2026-06-28,0,0,0,0,0,0,0,0,0,0,0,0,0,0,1000,10,0,NONE,0,,,SCRYDEX_ONLY,
CRD_42E5F5DEFC6244BEA6CF,드래피온 V,RR,066/100,137007,high_confidence,568,553,2026-06-28,0,0,0,0,0,0,0,0,0,0,0,0,0,0,0,0,0,NONE,0,,,SCRYDEX_ONLY,
CRD_017C5386A8B64234B9C7,멜로코,SR,190/187,462393,high_confidence,1598,1736,2026-06-28,0,0,0,2,1900,1300,0,0,2,8499,0,0,0,0,1000,6,1900,A_3M,18050,0.096,-90.4,MAPPING_REVIEW,SCRYDEX_HALF_LOW
CRD_047131CE3AB3482C8F7F,굽이치는물결 ex,UR,235/187,469637,high_confidence,6038,6084,2026-06-28,0,0,0,1,1000,1000,1,9500,2,8925,0,0,0,0,1150,7,1000,A_3M,9500,0.64,-36.0,SNK_A_3M_FALLBACK,
CRD_0512DE9EF51D4BE39554,드래펄트 ex,SAR,221/187,450722,high_confidence,34525,36184,2026-06-28,2,2286,2350,11,1899,2350,11,7999,36,7795,0,0,1,6999,2000,29,2286,A_1M,21717,1.666,66.6,SNK_A_1M_OK,
CRD_05613B885FD5443C8BC8,카지,SAR,230/187,466512,high_confidence,8236,8635,2026-06-28,1,1000,1000,2,1140,1000,3,8000,14,8200,1,3200,3,1800,1000,14,1000,A_1M,9500,0.909,-9.1,SNK_A_1M_OK,
CRD_0DE14A2FC85947DF989A,팔데아의 동료들,SR,198/187,450719,high_confidence,3964,4041,2026-06-28,2,1200,1200,5,1200,1200,3,8500,10,11900,1,4200,2,4575,1500,23,1200,A_1M,11400,0.354,-64.6,SNK_A_1M_OK,SCRYDEX_HALF_LOW
CRD_0FAEC0B6410647398E22,메가아쿠스타 ex,SAR,111/080,753272,high_confidence,51088,51887,2026-06-28,6,3000,3599,39,3800,3599,19,14300,52,15738,0,0,1,5555,3599,47,3000,A_1M,28500,1.821,82.1,SNK_A_1M_OK,
CRD_11B811456C5D4DCE8A05,메가개굴닌자 ex,SR,098/083,776349,high_confidence,26258,28824,2026-06-28,10,2000,2200,55,2700,2200,8,14000,9,14000,0,0,0,0,1400,42,2000,A_1M,19000,1.517,51.7,SNK_A_1M_OK,
CRD_12ADDDFE82F540F7B1D3,무쇠무인 ex,RR,074/187,427221,high_confidence,553,507,2026-06-28,0,0,0,0,0,0,0,0,0,0,0,0,0,0,1000,3,0,NONE,0,,,SCRYDEX_ONLY,
CRD_1778B01FA4AD4332B4C8,독침붕 ex,SR,096/083,776347,high_confidence,9649,9849,2026-06-27,0,0,0,2,1000,1000,0,0,0,0,0,0,0,0,1000,16,1000,A_3M,9500,1.037,3.7,SNK_A_3M_FALLBACK,
CRD_19C1275E8DF647B286BD,무쇠감투 ex,RR,078/187,434995,high_confidence,430,415,2026-06-28,0,0,0,0,0,0,0,0,0,0,0,0,0,0,1000,12,0,NONE,0,,,SCRYDEX_ONLY,
CRD_227EEF4A668D4B91A0DE,메가드래캄 ex,SAR,116/083,776367,high_confidence,46248,46847,2026-06-27,11,2000,2000,49,2050,2000,1,20800,2,22900,0,0,0,0,1500,33,2000,A_1M,19000,2.466,146.6,SNK_A_1M_OK,SCRYDEX_2X_HIGH
CRD_22E4A9137EB24D9A80C6,아마루르가,AR,084/080,753307,high_confidence,4195,4210,2026-06-26,0,0,0,0,0,0,1,6666,1,6666,0,0,0,0,1000,26,0,NONE,0,,,SCRYDEX_ONLY,
CRD_243CD02D3D3B494795CF,한카리아스 ex,RR,039/187,427218,high_confidence,522,507,2026-06-26,0,0,0,0,0,0,0,0,0,0,0,0,0,0,1000,4,0,NONE,0,,,SCRYDEX_ONLY,
CRD_244EB50258FC45D58BB7,이브이 ex,RR,566/742,427228,high_confidence,2720,2305,2026-06-28,0,0,0,2,1000,1000,1,10000,8,7283,0,0,0,0,1000,19,1000,A_3M,9500,0.243,-75.7,MAPPING_REVIEW,SCRYDEX_HALF_LOW
CRD_249FD650FBBB4F8C8E9F,AZ의 평온,SR,108/083,776359,high_confidence,3688,3718,2026-06-27,0,0,0,1,1000,1000,0,0,0,0,0,0,0,0,1000,16,1000,A_3M,9500,0.391,-60.9,SNK_A_3M_FALLBACK,SCRYDEX_HALF_LOW
CRD_24D7C72E59DD4A338620,테라파고스 ex,SAR,226/187,450724,high_confidence,8758,8650,2026-06-26,1,1000,1000,3,1000,1000,3,9000,10,7400,0,0,1,4444,1000,25,1000,A_1M,9500,0.911,-8.9,SNK_A_1M_OK,
CRD_2D4779F86C774DBFA501,청목의 수완,SR,193/187,471666,high_confidence,2289,2366,2026-06-28,0,0,0,0,0,0,0,0,0,0,0,0,0,0,1000,2,0,NONE,0,,,SCRYDEX_ONLY,
CRD_2FE394C852394D129604,나몰빼미,AR,082/080,753257,high_confidence,4533,5378,2026-06-28,1,1000,1000,4,1000,1000,7,7999,14,9924,0,0,0,0,1000,36,1000,A_1M,9500,0.566,-43.4,SNK_A_1M_OK,
CRD_31940B3434F54CAB8CAB,이노,SR,107/080,753269,high_confidence,7606,7606,2026-06-28,0,0,0,1,1000,1000,0,0,0,0,0,0,0,0,1000,17,1000,A_3M,9500,0.801,-19.9,SNK_A_3M_FALLBACK,
CRD_33E384F099914BF89170,비파,SR,191/187,462392,high_confidence,3472,3611,2026-06-28,0,0,0,0,0,0,0,0,0,0,0,0,0,0,1000,5,0,NONE,0,,,SCRYDEX_ONLY,
CRD_36CCEEAEBFE444AF8E74,팬텀 EX,SR,090/088,752785,high_confidence,4275000,0,2026-05-08,0,0,0,0,0,0,0,0,1,1250000,0,0,0,0,1900000,1,0,NONE,0,,,SCRYDEX_ONLY,
CRD_3FDB36F0CAF24E49B6CF,블래키 ex,RR,446/742,434898,high_confidence,3949,4141,2026-06-26,0,0,0,4,1035,1000,10,8625,21,8750,0,0,1,2299,1000,34,1035,A_3M,9832,0.421,-57.9,SNK_A_3M_FALLBACK,SCRYDEX_HALF_LOW
CRD_41F01DE4718B458FA5D5,추명,SR,195/187,462390,high_confidence,1721,1752,2026-06-28,0,0,0,0,0,0,1,7222,1,7222,0,0,0,0,1000,3,0,NONE,0,,,SCRYDEX_ONLY,
CRD_43B0B8BE00C44F0FB400,전룡,AR,088/083,774256,high_confidence,13659,15242,2026-06-27,2,1750,1000,9,1000,1000,0,0,0,0,0,0,0,0,1000,27,1750,A_1M,16625,0.917,-8.3,SNK_A_1M_OK,
CRD_4CBEC2D7C8DF430DA560,메가플라엣테 ex,SAR,115/083,776366,high_confidence,43759,42975,2026-06-27,8,1949,2000,44,1800,2000,2,25288,3,24000,0,0,0,0,2000,28,1949,A_1M,18516,2.321,132.1,SNK_A_1M_OK,SCRYDEX_2X_HIGH
CRD_4D1DBE122AB04EE8AB19,무쇠감투 ex,SAR,214/187,466508,high_confidence,9096,8958,2026-06-26,0,0,0,1,1000,1000,6,7549,12,7497,0,0,0,0,1000,13,1000,A_3M,9500,0.943,-5.7,SNK_A_3M_FALLBACK,
CRD_5321023EE01C496BA1D8,이벨타르 ex,RR,052/080,752433,high_confidence,399,353,2026-06-28,0,0,0,0,0,0,0,0,0,0,0,0,0,0,1000,7,0,NONE,0,,,SCRYDEX_ONLY,
CRD_53E1012862E24CE386A1,메가지가르데 ex,RR,046/080,752427,high_confidence,430,461,2026-06-28,0,0,0,0,0,0,1,5000,2,6200,0,0,0,0,1000,18,0,NONE,0,,,SCRYDEX_ONLY,
CRD_5592B918549340D29D73,크로뱃,AR,091/083,776343,high_confidence,5316,5516,2026-06-27,0,0,0,4,1000,1000,0,0,0,0,0,0,0,0,1000,22,1000,A_3M,9500,0.581,-41.9,SNK_A_3M_FALLBACK,
CRD_579416A2A535432F8F30,나옹 ex,SAR,114/080,753242,high_confidence,142032,140058,2026-06-26,15,12266,13000,65,14000,13000,29,35416,89,37158,1,13000,9,11111,10800,150,12266,A_1M,116527,1.202,20.2,SNK_A_1M_OK,
CRD_5F9A15D40E55413889CB,클레이돌,AR,090/083,776342,high_confidence,4210,4732,2026-06-27,0,0,0,1,1299,1299,0,0,0,0,0,0,0,0,1000,17,1299,A_3M,12340,0.383,-61.7,SNK_A_3M_FALLBACK,SCRYDEX_HALF_LOW
CRD_67DCCA6B98564C55A6CD,파라블레이즈 ex,SAR,203/187,469626,high_confidence,34817,34525,2026-06-28,3,2400,2100,15,2300,2100,15,12980,64,9736,2,5000,5,5000,2200,68,2400,A_1M,22800,1.514,51.4,SNK_A_1M_OK,
CRD_6E2A7F9E1B124081A497,메가무장조 ex,SR,099/080,753266,high_confidence,6207,6730,2026-06-28,0,0,0,1,1000,1000,1,9680,1,9680,0,0,0,0,1000,15,1000,A_3M,9500,0.708,-29.2,SNK_A_3M_FALLBACK,
CRD_6EA8D0D00A484C1985DD,메가아쿠스타 ex,SR,095/080,753262,high_confidence,13152,13337,2026-06-28,0,0,0,2,1250,1000,2,10745,5,11950,0,0,0,0,1000,32,1250,A_3M,11875,1.123,12.3,SNK_A_3M_FALLBACK,
CRD_6F660305B01D494F9AB0,무쇠무인 ex,SAR,213/187,466507,high_confidence,13306,13137,2026-06-26,2,1100,1000,4,1100,1000,16,7400,41,7300,1,3000,4,2825,1000,23,1100,A_1M,10450,1.257,25.7,SNK_A_1M_OK,
CRD_768F67D90A2142609676,명희의 격려,SR,105/080,753270,high_confidence,17393,17792,2026-06-28,16,2400,2300,52,2500,2300,13,18000,39,19000,2,5750,9,3800,2480,55,2400,A_1M,22800,0.78,-22.0,SNK_A_1M_OK,
CRD_79FBECF1B0704D588D61,제르네아스,AR,089/083,776341,high_confidence,11769,12630,2026-06-26,2,1900,1800,14,1325,1800,0,0,0,0,0,0,0,0,1000,38,1900,A_1M,18050,0.7,-30.0,SNK_A_1M_OK,
CRD_7AC4C404D19B4C5FB0B1,메가드래캄 ex,RR,063/083,774210,high_confidence,722,661,2026-06-27,0,0,0,0,0,0,0,0,0,0,0,0,0,0,1000,10,0,NONE,0,,,SCRYDEX_ONLY,
CRD_7BB12D81EF244F06890A,푸호꼬,AR,085/083,776338,high_confidence,5839,7083,2026-06-28,3,1200,1000,11,1000,1000,0,0,0,0,0,0,0,0,1000,40,1200,A_1M,11400,0.621,-37.9,SNK_A_1M_OK,
CRD_7EB1930C9A224A14AE58,피카츄 ex,UR,236/187,469638,high_confidence,94309,92127,2026-06-26,10,14999,16000,54,16300,16000,31,39749,82,43810,7,13000,24,15400,8000,175,14999,A_1M,142490,0.647,-35.3,SNK_A_1M_OK,
CRD_7FFB3A5460DC46489885,쌍검킬,AR,091/080,753259,high_confidence,3411,3442,2026-06-28,1,2050,2050,3,1000,2050,9,6998,9,6998,0,0,0,0,1000,14,2050,A_1M,19475,0.177,-82.3,MAPPING_REVIEW,SCRYDEX_HALF_LOW
CRD_80D8A3CD81B04D1D887C,AZ의 평온,SAR,118/083,776369,high_confidence,28963,27303,2026-06-27,3,1000,1100,22,1066,1100,0,0,0,0,0,0,0,0,1000,23,1000,A_1M,9500,2.874,187.4,SNK_A_1M_OK,SCRYDEX_2X_HIGH
CRD_8262D9F6F80441E59604,드래피온,AR,090/080,753310,high_confidence,2243,2251,2026-06-26,0,0,0,0,0,0,3,6666,0,0,0,0,0,0,1000,13,0,NONE,0,,,SCRYDEX_ONLY,
CRD_8318097459A64ECD8473,파이어로,AR,083/080,752786,high_confidence,3134,3273,2026-06-28,0,0,0,0,0,0,0,0,0,0,0,0,0,0,1000,16,0,NONE,0,,,SCRYDEX_ONLY,
CRD_83EC760B41124D8A9145,독침붕 ex,RR,003/083,774150,high_confidence,369,492,2026-06-27,0,0,0,0,0,0,0,0,0,0,0,0,0,0,1000,7,0,NONE,0,,,SCRYDEX_ONLY,
CRD_84061A5838C84C7996BA,보미카의 연주,SR,110/083,776361,high_confidence,7667,7682,2026-06-27,1,1000,1000,7,1000,1000,0,0,0,0,0,0,0,0,1000,16,1000,A_1M,9500,0.809,-19.1,SNK_A_1M_OK,
CRD_899C71FEF9DC4CDFB0EF,메탕,AR,092/083,776344,high_confidence,3979,4225,2026-06-27,0,0,0,0,0,0,0,0,0,0,0,0,0,0,1000,19,0,NONE,0,,,SCRYDEX_ONLY,
CRD_90059D74FBE24DFA83D2,제빈,SAR,229/187,469632,high_confidence,6899,6576,2026-06-28,0,0,0,0,0,0,1,7000,1,7000,1,3500,2,3500,1000,9,0,NONE,0,,,SCRYDEX_ONLY,
CRD_94EF2035A41A4B018525,레포르,SR,189/187,471671,high_confidence,2259,2305,2026-06-28,0,0,0,0,0,0,0,0,0,0,0,0,0,0,1000,3,0,NONE,0,,,SCRYDEX_ONLY,
CRD_95598861114B45F5BF5B,피나,SR,199/187,462391,high_confidence,1629,1629,2026-06-28,0,0,0,0,0,0,0,0,0,0,0,0,0,0,1000,3,0,NONE,0,,,SCRYDEX_ONLY,
CRD_9DE6CF5F7FF3427298C7,레트라,AR,092/080,753260,high_confidence,2965,2827,2026-06-26,0,0,0,0,0,0,3,6800,0,0,0,0,0,0,1000,23,0,NONE,0,,,SCRYDEX_ONLY,
CRD_A5AE23F47A2B49218CB4,대코파스,AR,088/080,753308,high_confidence,1736,2074,2026-06-28,0,0,0,0,0,0,3,6400,3,6400,0,0,0,0,1000,9,0,NONE,0,,,SCRYDEX_ONLY,
CRD_A70EA9E8C6384E49A3D9,메가드래캄 ex,SR,102/083,776353,high_confidence,6853,6791,2026-06-28,0,0,0,0,0,0,0,0,0,0,0,0,0,0,1000,12,0,NONE,0,,,SCRYDEX_ONLY,
CRD_A8B5785909B448EBB9B7,펌킨인 ex,SR,100/083,776351,high_confidence,3442,3303,2026-06-27,0,0,0,1,1450,1450,0,0,0,0,0,0,0,0,1000,10,1450,A_3M,13775,0.24,-76.0,MAPPING_REVIEW,SCRYDEX_HALF_LOW
CRD_AD5DBA8969314EA6A9F3,모크나이퍼 ex,SR,093/080,753261,high_confidence,5285,5547,2026-06-28,0,0,0,1,3000,3000,0,0,0,0,0,0,0,0,1000,7,3000,A_3M,28500,0.195,-80.5,MAPPING_REVIEW,SCRYDEX_HALF_LOW
CRD_ADB6937D5829468DB1AF,데덴네,AR,085/080,753258,high_confidence,5608,5593,2026-06-28,2,1000,1000,6,1000,1000,17,7999,32,8393,2,3240,2,3240,1000,58,1000,A_1M,9500,0.589,-41.1,SNK_A_1M_OK,
CRD_B4458BD865D40B2B6AFB,타부자고 ex,SAR,220/187,450721,high_confidence,14781,15949,2026-06-28,2,1000,1000,6,1150,1000,8,8421,27,8599,0,0,0,0,1000,31,1000,A_1M,9500,1.679,67.9,SNK_A_1M_OK,
CRD_B6F780670C514367833F,분떠도리,AR,081/080,753256,high_confidence,3257,3042,2026-06-26,0,0,0,2,1350,1500,4,6708,4,6708,0,0,0,0,1000,10,1350,A_3M,12825,0.237,-76.3,MAPPING_REVIEW,SCRYDEX_HALF_LOW
CRD_B8716C15063748DF9431,삐삐,AR,086/080,752787,high_confidence,19360,20266,2026-06-26,12,1595,1480,59,1600,1480,25,13400,72,14328,5,3300,7,3300,1000,123,1595,A_1M,15152,1.338,33.8,SNK_A_1M_OK,
CRD_BC53EA80A3024F12B207,도치마론,AR,084/083,776337,high_confidence,7421,8128,2026-06-28,0,0,0,5,1000,1000,0,0,1,15999,0,0,0,0,1000,33,1000,A_3M,9500,0.856,-14.4,SNK_A_3M_FALLBACK,
CRD_C04E029C65C04840BDAD,치라치노 ex,SR,103/083,776354,high_confidence,8051,7851,2026-06-27,0,0,0,2,1499,1999,0,0,0,0,0,0,0,0,1000,14,1499,A_3M,14240,0.551,-44.9,SNK_A_3M_FALLBACK,
CRD_C19CBFBFDA7B4814A109,복숭악동 ex,SAR,219/187,469629,high_confidence,7052,6622,2026-06-26,1,1000,1000,2,1000,1000,3,6600,8,6799,0,0,0,0,1000,14,1000,A_1M,9500,0.697,-30.3,SNK_A_1M_OK,
CRD_C2B35AF51F5B4B3D84EF,콜사,SR,196/187,471667,high_confidence,1736,1844,2026-06-28,0,0,0,0,0,0,0,0,0,0,0,0,0,0,1000,4,0,NONE,0,,,SCRYDEX_ONLY,
CRD_C541F6809A4B473D8981,다투곰 붉은 달 ex,SAR,225/187,450723,high_confidence,20589,20573,2026-06-26,0,0,0,1,1000,1000,6,7716,23,7150,0,0,1,1200,1000,21,1000,A_3M,9500,2.166,116.6,SNK_A_3M_FALLBACK,SCRYDEX_2X_HIGH
CRD_C9FA55B6A1CF478FB8C3,냐스퍼,AR,087/080,752788,high_confidence,6499,6115,2026-06-28,0,0,0,1,1000,1000,2,9454,2,9454,0,0,0,0,1000,24,1000,A_3M,9500,0.644,-35.6,SNK_A_3M_FALLBACK,
CRD_CB183CE3466F4730A71D,모래털가죽 ex,SAR,215/187,466509,high_confidence,6192,5915,2026-06-26,0,0,0,1,1000,1000,4,7700,15,7500,1,2900,3,2900,1000,23,1000,A_3M,9500,0.623,-37.7,SNK_A_3M_FALLBACK,
CRD_CBBC687119FD4B25A45C,타라곤,SR,108/080,753268,high_confidence,4471,4517,2026-06-28,0,0,0,0,0,0,0,0,0,0,0,0,0,0,1000,10,0,NONE,0,,,SCRYDEX_ONLY,
CRD_D5BD1DC91C304D4CBBCD,무쇠잎새 ex,RR,016/187,427215,high_confidence,446,369,2026-06-28,0,0,0,0,0,0,0,0,0,0,0,0,0,0,1000,7,0,NONE,0,,,SCRYDEX_ONLY,
CRD_D629521D90F54884A73E,유카리,SAR,116/080,753275,high_confidence,21956,24430,2026-06-28,7,1500,1500,27,1750,1500,3,15500,8,17724,5,4000,5,4000,1222,47,1500,A_1M,14250,1.714,71.4,SNK_A_1M_OK,
CRD_DA547219871F4A868241,하솔,SAR,232/187,469631,high_confidence,7344,7175,2026-06-28,0,0,0,1,1000,1000,0,0,0,0,0,0,0,0,1250,7,1000,A_3M,9500,0.755,-24.5,SNK_A_3M_FALLBACK,
CRD_DF3A72B78E8141B1A0D2BED89B3B20EE,메가개굴닌자 EX,MUR,120/083,776371,high_confidence,752153,751400,2026-06-28,17,111000,80555,69,135682,80555,30,217991,68,279250,15,83000,30,109999,49000,195,111000,A_1M,1054500,0.713,-28.7,SNK_A_1M_OK,
CRD_E10B1FAB841247CA967B,네리네,SAR,227/187,469634,high_confidence,4425,4394,2026-06-28,0,0,0,0,0,0,1,6900,1,6900,0,0,0,0,1000,5,0,NONE,0,,,SCRYDEX_ONLY,
CRD_E2301D1F50D64882BF93,타로,SAR,231/187,469633,high_confidence,10540,10433,2026-06-28,0,0,0,4,2500,2500,1,6800,4,6999,0,0,3,2500,1000,19,2500,A_3M,23750,0.439,-56.1,SNK_A_3M_FALLBACK,SCRYDEX_HALF_LOW
CRD_E6B55319FE274485AB2C,테라파고스 ex,UR,237/187,469639,high_confidence,8097,7959,2026-06-26,2,1000,1000,4,1000,1000,2,8799,7,8799,0,0,0,0,1000,9,1000,A_1M,9500,0.838,-16.2,SNK_A_1M_OK,
CRD_E9C70192F06741F59CA4,보미카의 연주,SAR,119/083,776370,high_confidence,22371,25383,2026-06-27,8,1399,1100,43,1550,1100,3,22222,4,23611,0,0,0,0,1200,37,1399,A_1M,13290,1.91,91.0,SNK_A_1M_OK,
CRD_EEC58A640DC4464EAF59,이야후 ex,RR,103/187,466404,high_confidence,415,399,2026-06-28,0,0,0,0,0,0,0,0,0,0,0,0,0,0,1000,4,0,NONE,0,,,SCRYDEX_ONLY,
CRD_F51E0298D1094BB490A0,오거폰 벽록의 가면 ex,UR,234/187,469636,high_confidence,7928,7890,2026-06-26,0,0,0,1,1300,1300,0,0,0,0,0,0,0,0,1000,8,1300,A_3M,12350,0.639,-36.1,SNK_A_3M_FALLBACK,
CRD_F6B2257A2C16460CB4FE,코바르온 ex,SR,101/083,776352,high_confidence,5839,6038,2026-06-27,0,0,0,0,0,0,0,0,0,0,0,0,0,0,1000,8,0,NONE,0,,,SCRYDEX_ONLY,
CRD_F8E30FB79C2745469735,켄타로스,AR,094/083,774257,high_confidence,5178,5255,2026-06-28,1,1000,1000,3,1000,1000,0,0,0,0,0,0,0,0,1000,25,1000,A_1M,9500,0.553,-44.7,SNK_A_1M_OK,
CRD_F8ED1A43F2F04EE69ABA,메가화염레오 ex,RR,015/083,774162,high_confidence,799,860,2026-06-28,0,0,0,0,0,0,0,0,0,0,0,0,0,0,1000,4,0,NONE,0,,,SCRYDEX_ONLY,
CRD_FC1C8B1689F940ADBE7B,염뉴트 ex,SR,094/080,753311,high_confidence,4302,4348,2026-06-28,0,0,0,0,0,0,0,0,0,0,0,0,0,0,1000,6,0,NONE,0,,,SCRYDEX_ONLY,
CRD_FEAFF0B8A8FD47979EFA,무쇠잎새 ex,UR,233/187,469635,high_confidence,5854,5931,2026-06-28,1,1100,1100,3,1000,1100,2,7890,2,7890,0,0,0,0,1200,5,1100,A_1M,10450,0.568,-43.2,SNK_A_1M_OK,
CRD_00182F81CA884726A6BB,로켓단의 뮤츠 ex,SR,114/098,568897,high_confidence,28809,28010,2026-06-26,1,3394,3394,18,3800,3394,15,17166,48,17873,0,0,3,6000,1500,60,3394,A_1M,32243,0.869,-13.1,SNK_A_1M_OK,
CRD_003510A0066E4AF58922,찌르꼬,AR,090/078,110902,high_confidence,14151,14090,2026-06-26,0,0,0,0,0,0,2,7499,12,7300,0,0,0,0,1000,8,0,NONE,0,,,SCRYDEX_ONLY,
CRD_010A7FF3B3854654B6A1,네크로즈마 새벽의 날개 GX,SR,068/066,338363,high_confidence,16947,16947,2026-06-26,0,0,0,0,0,0,1,30000,0,0,0,0,0,0,30000,2,0,NONE,0,,,SCRYDEX_ONLY,
CRD_0121009428B847BEBE66,망나뇽 EX,RR,072/100,91472,high_confidence,35923,35923,2026-06-28,0,0,0,0,0,0,0,0,2,27900,0,0,0,0,15000,6,0,NONE,0,,,SCRYDEX_ONLY,
CRD_014588FE8AC842E3A70E,포켓몬애호가클럽,SR,086/080,91547,high_confidence,323000,0,2026-05-09,0,0,0,0,0,0,0,0,2,52000,0,0,0,0,10000,4,0,NONE,0,,,SCRYDEX_ONLY,
CRD_0161FB6AE117410F872F,M거북왕 EX,SR,106/100,91465,high_confidence,760000,0,2026-05-09,0,0,0,0,0,0,2,153747,9,156666,0,0,0,0,55000,9,0,NONE,0,,,SCRYDEX_ONLY,
CRD_023DB72F38FC4C87B95B,님피아 ex,SAR,212/187,455595,high_confidence,270267,240551,2026-06-26,16,19997,20500,60,19961,20500,32,36266,93,37000,7,18900,29,18450,14500,203,19997,A_1M,189972,1.266,26.6,SNK_A_1M_OK,
CRD_0247DE71AB2140BEBBF8,멍파치,AR,086/080,704245,high_confidence,3780,3665,2026-06-26,1,1000,1000,2,1000,1000,12,6750,26,6750,1,2500,3,2500,1000,27,1000,A_1M,9500,0.386,-61.4,SNK_A_1M_OK,SCRYDEX_HALF_LOW
CRD_027EB7AC44174C879264,테사,SR,132/108,132274,high_confidence,2566,2520,2026-06-27,0,0,0,0,0,0,0,0,0,0,0,0,0,0,1000,14,0,NONE,0,,,SCRYDEX_ONLY,
CRD_029907DF1DDC4963B94E,달막화,AR,098/086,608471,high_confidence,10970,10095,2026-06-26,0,0,0,0,0,0,1,8332,2,7666,0,0,0,0,1000,7,0,NONE,0,,,SCRYDEX_ONLY,
CRD_02C67022C498491C944C,이브이&잠만보 GX,SR,106/095,396402,high_confidence,111088,111088,2026-06-28,1,12280,12280,4,10640,12280,2,41674,15,39800,2,10700,4,10950,9800,11,12280,A_1M,116660,0.952,-4.8,SNK_A_1M_OK,
CRD_02C8FFC4897D4C2288DF,로켓단의 마자용,AR,103/098,554341,high_confidence,6991,6561,2026-06-27,1,1100,1100,6,1000,1100,23,7000,64,7016,0,0,0,0,1000,69,1100,A_1M,10450,0.628,-37.2,SNK_A_1M_OK,
CRD_0323B3DF18D24127932E,단단지,AR,064/063,664111,high_confidence,5547,5700,2026-06-26,1,1000,1000,1,1000,1000,6,6790,11,6900,0,0,0,0,1000,8,1000,A_1M,9500,0.6,-40.0,SNK_A_1M_OK,
CRD_032F065F3B1D42379FF6,알로라나인테일 GX,RR,095/173,396077,high_confidence,4379,4164,2026-06-28,0,0,0,0,0,0,0,0,1,8600,1,4280,1,4280,5000,6,0,NONE,0,,,SCRYDEX_ONLY,
CRD_03D070826E284B2A9384,불비달마,AR,099/086,608472,high_confidence,7898,7375,2026-06-27,0,0,0,0,0,0,1,6900,4,7250,0,0,0,0,1000,9,0,NONE,0,,,SCRYDEX_ONLY,
CRD_0422D05B3FF54A3F9FB8,파라솔 아가씨,SAR,089/062,140105,high_confidence,50550,49659,2026-06-27,1,7500,7500,7,7800,7500,13,30500,42,29724,1,7200,8,7500,4600,26,7500,A_1M,71250,0.697,-30.3,SNK_A_1M_OK,
CRD_04C479651A454FB3A8D3,로켓단의 뮤츠 ex,RR,063/193,730107,high_confidence,907,707,2026-06-26,0,0,0,0,0,0,4,9459,0,0,0,0,0,0,1000,59,0,NONE,0,,,SCRYDEX_ONLY,
CRD_0506892D3B1B40D3BBF2,펜드라,AR,140/086,608509,high_confidence,12891,12207,2026-06-26,0,0,0,0,0,0,1,6666,3,6000,0,0,0,0,1000,2,0,NONE,0,,,SCRYDEX_ONLY,
CRD_0596431CCC63469EA0C3,블래키 GX,SR,063/060,91365,high_confidence,570000,0,2026-05-09,0,0,0,1,55000,55000,4,124250,19,115000,3,51000,6,50999,39800,17,55000,A_3M,522500,,,SNK_A_3M_FALLBACK,
CRD_05A7C02B26DC4C7B8CDE,마기라스 GX,RR,059/095,335126,high_confidence,8804,8804,2026-06-26,0,0,0,0,0,0,1,14800,2,10600,0,0,0,0,1000,5,0,NONE,0,,,SCRYDEX_ONLY,
CRD_05BEE743A1F84904ADE4,노고고치,AR,083/071,117188,high_confidence,3857,3780,2026-06-27,0,0,0,0,0,0,4,6390,12,6583,0,0,0,0,1000,5,0,NONE,0,,,SCRYDEX_ONLY,
CRD_05EA83500DDE4FE39A00,딱정곤,AR,094/086,608468,high_confidence,11155,10494,2026-06-28,1,1500,1500,1,1500,1500,4,8475,7,8300,0,0,0,0,0,0,1500,A_1M,14250,0.736,-26.4,SNK_A_1M_OK,
CRD_05EEC7741BAF4827B1B7,플라제스 EX,RR,086/131,390597,high_confidence,3933,3964,2026-06-26,0,0,0,0,0,0,0,0,0,0,0,0,0,0,0,0,0,NONE,0,,,SCRYDEX_ONLY,
CRD_06740DF77DAB42EB94FC,싸리용,AR,112/101,252247,high_confidence,17055,16364,2026-06-28,2,1125,1000,4,1200,1000,13,9000,40,8185,1,2500,1,2500,1300,45,1125,A_1M,10688,1.531,53.1,SNK_A_1M_OK,
CRD_074346DE46AC4F019E17,약어리 [군집의 모습],CHR,053/049,104569,high_confidence,27365,27503,2026-06-26,0,0,0,0,0,0,8,7949,23,8000,1,2780,1,2780,4500,20,0,NONE,0,,,SCRYDEX_ONLY,
CRD_0764FF85AFFD44039B19,다탱구 GX,SR,097/096,334422,high_confidence,11047,11047,2026-06-28,0,0,0,0,0,0,0,0,0,0,0,0,0,0,0,0,0,NONE,0,,,SCRYDEX_ONLY,
CRD_077EAB8DA2FB416FBA52,골루그,AR,129/086,608499,high_confidence,9265,8512,2026-06-26,0,0,0,0,0,0,0,0,0,0,0,0,0,0,0,0,0,NONE,0,,,SCRYDEX_ONLY,
CRD_07B17A05B9584311B888,카시오페아,SR,085/064,282196,high_confidence,3810,3872,2026-06-27,0,0,0,0,0,0,1,7800,4,7725,1,3500,2,3150,1000,9,0,NONE,0,,,SCRYDEX_ONLY,
CRD_07C8867477114A5E9490,랄토스,AR,083/078,109867,high_confidence,25705,25152,2026-06-28,2,1450,1000,5,1800,1000,7,11500,23,8500,2,2640,3,2000,1500,21,1450,A_1M,13775,1.826,82.6,SNK_A_1M_OK,
CRD_07E30AB6E1C54457BB2D,서퍼,SAR,247/193,730967,high_confidence,12983,13659,2026-06-28,3,1100,2600,17,1100,2600,4,10500,8,12150,1,6500,1,6500,1000,28,1100,A_1M,10450,1.307,30.7,SNK_A_1M_OK,
CRD_08208815CA6B42DFB7C7,단풍,SR,097/078,110933,high_confidence,3365,3396,2026-06-27,0,0,0,1,1000,1000,13,10390,28,10075,2,3000,7,2900,1000,29,1000,A_3M,9500,0.357,-64.3,SNK_A_3M_FALLBACK,SCRYDEX_HALF_LOW
CRD_08B2DC8AD0B04FF58A33,꼬시레,AR,069/066,146986,high_confidence,3795,3565,2026-06-27,0,0,0,0,0,0,1,6588,8,6500,0,0,0,0,1000,5,0,NONE,0,,,SCRYDEX_ONLY,
CRD_08D8EFD7132A4E838F53,꿈트렁 ex,SR,121/102,325075,high_confidence,1552,1567,2026-06-28,0,0,0,0,0,0,0,0,0,0,0,0,0,0,1000,1,0,NONE,0,,,SCRYDEX_ONLY,
CRD_0913C93AC0DD43E58008,코라이돈 ex,UR,360/190,164257,high_confidence,9342,8727,2026-06-27,0,0,0,1,2400,2400,0,0,1,7300,0,0,0,0,1500,2,2400,A_3M,22800,0.383,-61.7,SNK_A_3M_FALLBACK,SCRYDEX_HALF_LOW
CRD_091DC06176614517B5E1,라이츄&알로라라이츄 GX,SR,057/054,91284,high_confidence,345693,345693,2026-06-28,0,0,0,2,52222,60000,6,226500,25,205216,2,77250,3,75000,69999,17,52222,A_3M,496109,0.697,-30.3,SNK_A_3M_FALLBACK,
CRD_0989252EF29D4FAB9599,라플레시아 GX,RR,003/049,340593,high_confidence,14090,11969,2026-06-28,1,1999,1999,1,1999,1999,1,12500,11,10999,0,0,0,0,1999,14,1999,A_1M,18990,0.63,-37.0,SNK_A_1M_OK,
CRD_09A1CB4E6B9E4002ACA2,캥카,AR,110/098,568317,high_confidence,8020,8236,2026-06-28,3,1000,1000,4,1000,1000,10,7016,30,7000,0,0,2,3221,1000,19,1000,A_1M,9500,0.867,-13.3,SNK_A_1M_OK,
CRD_09BE4064BBF541EE8222,에이스번 ex,SR,116/102,326011,high_confidence,3949,4195,2026-06-28,0,0,0,0,0,0,1,6500,1,6500,0,0,0,0,1000,5,0,NONE,0,,,SCRYDEX_ONLY,
CRD_0A1D6B89377D433F8DC2,라프라스 GX,RR,016/060,386680,high_confidence,6207,6207,2026-06-28,0,0,0,0,0,0,0,0,0,0,0,0,0,0,0,0,0,NONE,0,,,SCRYDEX_ONLY,
CRD_0A536D17231946EBBE81,마이농,AR,066/062,136490,high_confidence,33203,33526,2026-06-27,3,2500,2500,11,2000,2500,5,13300,9,13300,1,3700,4,3350,2000,14,2500,A_1M,23750,1.412,41.2,SNK_A_1M_OK,
CRD_0A986E45BB20474CB2BF,메로엣타 ex,RR,047/086,605423,high_confidence,538,461,2026-06-26,0,0,0,0,0,0,0,0,0,0,0,0,0,0,1000,10,0,NONE,0,,,SCRYDEX_ONLY,
CRD_0AD2B95BE4924784A6C4,바닐리치,AR,070/066,152764,high_confidence,6807,6930,2026-06-27,1,1000,1000,1,1000,1000,2,7500,6,7390,0,0,0,0,1000,7,1000,A_1M,9500,0.729,-27.1,SNK_A_1M_OK,
CRD_0AF83E61B4874FECB22C,꼬지모,AR,080/071,120829,high_confidence,12292,12906,2026-06-28,0,0,0,0,0,0,4,8400,9,7400,1,3000,1,3000,1000,6,0,NONE,0,,,SCRYDEX_ONLY,
CRD_0B22E2A33CB14A99888F,저지맨,SR,084/063,546113,high_confidence,2151,2182,2026-06-28,0,0,0,0,0,0,0,0,0,0,0,0,0,0,1500,2,0,NONE,0,,,SCRYDEX_ONLY,
CRD_0C3A374FCCE5445B84A9,복숭악동 ex,UR,092/064,284963,high_confidence,9664,9726,2026-06-27,0,0,0,0,0,0,1,15000,2,11750,0,0,0,0,1780,4,0,NONE,0,,,SCRYDEX_ONLY,
CRD_527B58F17A3E49AEB25F,딩루 ex,RR,113/190,151728,high_confidence,353,369,2026-06-28,0,0,0,0,0,0,0,0,0,0,0,0,0,0,1000,4,0,NONE,0,,,SCRYDEX_ONLY,
CRD_0C3B183FCB4142F2B7B8,괴력몬 EX,RR,037/081,385431,high_confidence,7851,7851,2026-06-28,0,0,0,0,0,0,0,0,0,0,0,0,0,0,2500,2,0,NONE,0,,,SCRYDEX_ONLY,
CRD_0CB06AA60B6E4470B9A9,인텔리레온,AR,069/063,662218,high_confidence,2335,2405,2026-06-26,0,0,0,1,1000,1000,11,6799,35,6700,0,0,3,2800,1000,23,1000,A_3M,9500,0.253,-74.7,MAPPING_REVIEW,SCRYDEX_HALF_LOW
CRD_0CE1AB32F2CE46FFAA8B,두파팡 GX,SR,097/095,335164,high_confidence,11524,11524,2026-06-27,0,0,0,0,0,0,0,0,0,0,0,0,0,0,0,0,0,NONE,0,,,SCRYDEX_ONLY,
CRD_0CFBA7BBD78645C38955,갑주무사 GX,SSR,208/150,112776,high_confidence,14504,14504,2026-06-28,0,0,0,0,0,0,0,0,0,0,0,0,0,0,0,0,0,NONE,0,,,SCRYDEX_ONLY,
CRD_0D1FEC3632AD4FED9507,파밀리쥐,AR,081/071,117192,high_confidence,59477,60153,2026-06-27,8,3099,3300,24,2583,3300,13,13000,49,12020,2,3950,4,3950,1500,19,3099,A_1M,29440,2.043,104.3,SNK_A_1M_OK,SCRYDEX_2X_HIGH
CRD_0D218B96159B4E51AEC8,리오르,AR,068/063,641578,high_confidence,7375,6968,2026-06-26,1,1000,1000,2,1500,1000,21,6900,53,6933,1,2933,2,2966,1000,67,1000,A_1M,9500,0.733,-26.7,SNK_A_1M_OK,
CRD_0DF9D911B2F24858BFB0,파쪼옥,AR,108/102,307290,high_confidence,4241,4164,2026-06-26,0,0,0,0,0,0,1,7200,3,7200,0,0,1,3500,1000,5,0,NONE,0,,,SCRYDEX_ONLY,
CRD_0E33DD1809A342308392,바닥트리오 ex,SR,087/071,186433,high_confidence,2366,2397,2026-06-27,0,0,0,0,0,0,1,6800,2,6900,0,0,0,0,1000,2,0,NONE,0,,,SCRYDEX_ONLY,
CRD_0E49A59862734A4BA71B,차곡차곡 GX,RR,060/096,334386,high_confidence,7390,7498,2026-06-28,0,0,0,0,0,0,0,0,0,0,0,0,0,0,5000,3,0,NONE,0,,,SCRYDEX_ONLY,
CRD_0E86D1DB89544CD7A643,배바닐라,AR,110/086,608550,high_confidence,17040,16302,2026-06-26,0,0,0,0,0,0,3,6900,4,6900,0,0,0,0,1000,2,0,NONE,0,,,SCRYDEX_ONLY,
CRD_0E8F6A83F9C24975A316,알로라 닥트리오,AR,116/106,418743,high_confidence,6622,6177,2026-06-26,1,1000,1000,2,1000,1000,3,6999,7,7500,0,0,2,1999,1200,7,1000,A_1M,9500,0.65,-35.0,SNK_A_1M_OK,
CRD_0EF858A4F6FE457E848E,굽이치는물결 ex,SR,086/071,186432,high_confidence,2489,2443,2026-06-28,0,0,0,0,0,0,0,0,1,6500,0,0,0,0,1480,2,0,NONE,0,,,SCRYDEX_ONLY,
CRD_0F804851962E40E59955,야돈&고라파덕 GX,RR,011/094,321522,high_confidence,68097,64332,2026-06-28,5,11640,8500,16,10450,8500,18,38999,60,34722,9,9000,12,9000,3939,24,11640,A_1M,110580,0.582,-41.8,SNK_A_1M_OK,
CRD_2D4B139B3E984F86B365,울트라네크로즈마 GX,RR,069/094,334628,high_confidence,8128,7959,2026-06-28,0,0,0,0,0,0,0,0,0,0,0,0,0,0,1500,1,0,NONE,0,,,SCRYDEX_ONLY,
CRD_0FA5E598B8704A0E83CC,호브의 대로트,AR,204/193,731017,high_confidence,2673,2243,2026-06-28,0,0,0,0,0,0,8,6821,16,6805,1,2800,2,2750,1000,47,0,NONE,0,,,SCRYDEX_ONLY,
CRD_1001E20102E24B2DA20C,파이어&썬더&프리져 GX,SR,060/054,91283,high_confidence,696517,696517,2026-06-28,5,150000,240000,6,150000,240000,18,398000,49,393000,1,131442,13,125000,70000,46,150000,A_1M,1425000,0.489,-51.1,SNK_A_1M_OK,SCRYDEX_HALF_LOW
CRD_100CD4F587424353BDEA,페로코체&매시붕 GX,SR,055/054,393295,high_confidence,22294,20543,2026-06-26,0,0,0,0,0,0,0,0,0,0,0,0,0,0,14800,1,0,NONE,0,,,SCRYDEX_ONLY,
CRD_10433F25F9E74294B2FC,전진,SR,071/066,105394,high_confidence,19950,0,2026-05-08,0,0,0,0,0,0,0,0,1,14800,0,0,0,0,14388,1,0,NONE,0,,,SCRYDEX_ONLY,
CRD_10E2C02673E94810BC08,불켜미,AR,100/086,608473,high_confidence,24215,22171,2026-06-26,1,1000,1000,2,1000,1000,1,7999,5,7400,0,0,0,0,1000,1,1000,A_1M,9500,2.334,133.4,SNK_A_1M_OK,SCRYDEX_2X_HIGH
CRD_483AB154688A4D959891,로켓단의 크로뱃 ex,RR,440/742,730145,high_confidence,384,369,2026-06-28,0,0,0,0,0,0,0,0,0,0,0,0,0,0,1000,16,0,NONE,0,,,SCRYDEX_ONLY,
CRD_11628ECE200A4601B5D4,M가디안 EX,RR,020/032,91491,high_confidence,614592,614592,2026-06-28,0,0,0,0,0,0,5,194500,23,192000,0,0,3,78000,69000,16,0,NONE,0,,,SCRYDEX_ONLY,
CRD_11AB40F57D03470A986E,몽얌나,AR,122/086,608492,high_confidence,8435,7898,2026-06-28,0,0,0,0,0,0,0,0,0,0,0,0,0,0,1700,3,0,NONE,0,,,SCRYDEX_ONLY,
CRD_11C10BF531B64E59B61C,성호의 결단,SR,103/096,105320,high_confidence,107538,107538,2026-06-28,0,0,0,0,0,0,1,15000,4,16200,0,0,0,0,15000,6,0,NONE,0,,,SCRYDEX_ONLY,
CRD_11D9A92DB3D34830BCAB,꿰뚫는화염 ex,SAR,093/071,180178,high_confidence,47539,47400,2026-06-27,0,0,0,2,3250,3000,3,9400,12,9900,0,0,1,3499,5000,3,3250,A_3M,30875,1.535,53.5,SNK_A_3M_FALLBACK,
CRD_11E419D20A2A499FAFC6,바우첼 ex,SAR,129/102,320349,high_confidence,68819,66053,2026-06-28,0,0,0,2,2650,2500,1,9900,1,9900,0,0,0,0,15800,1,2650,A_3M,25175,2.624,162.4,SNK_A_3M_FALLBACK,SCRYDEX_2X_HIGH
CRD_12014650482C4314AA47,파비코리 GX,SR,100/096,334425,high_confidence,11400,0,2026-05-08,0,0,0,0,0,0,0,0,1,2000,0,0,0,0,22000,3,0,NONE,0,,,SCRYDEX_ONLY,
CRD_121C03E944C44190B954,히드런 GX,SR,055/054,393118,high_confidence,5070,5070,2026-06-28,0,0,0,0,0,0,0,0,0,0,0,0,0,0,0,0,0,NONE,0,,,SCRYDEX_ONLY,
CRD_128A2046607444A389E9,조타구 ex,SAR,087/064,284960,high_confidence,16732,16625,2026-06-27,0,0,0,1,2500,2500,2,7730,3,7500,0,0,0,0,1500,4,2500,A_3M,23750,0.7,-30.0,SNK_A_3M_FALLBACK,
CRD_13157CF56E204E5E81EA,레디안,AR,103/102,318876,high_confidence,3181,3227,2026-06-28,0,0,0,0,0,0,3,6666,6,6583,0,0,0,0,8000,2,0,NONE,0,,,SCRYDEX_ONLY,
CRD_135AB4B5F4794E8BAB7F,니드킹,AR,174/165,128090,high_confidence,9419,8896,2026-06-28,1,1980,1980,10,1000,1980,9,8999,20,8427,0,0,0,0,1500,27,1980,A_1M,18810,0.473,-52.7,SNK_A_1M_OK,SCRYDEX_HALF_LOW
CRD_14BFE9EA9D1D474194DF,모야모의 찌리배리 ex,SR,114/100,506151,high_confidence,3964,3795,2026-06-28,0,0,0,1,1900,1900,7,7800,26,7913,0,0,0,0,1000,27,1900,A_3M,18050,0.21,-79.0,MAPPING_REVIEW,SCRYDEX_HALF_LOW
CRD_14CFDC4FCADA4F70A670,데스니칸 ex,RR,031/066,150653,high_confidence,568,538,2026-06-27,0,0,0,0,0,0,0,0,0,0,0,0,0,0,1200,2,0,NONE,0,,,SCRYDEX_ONLY,
CRD_1507A5C6549C48B1936B,마스카나 ex,SR,086/073,116072,high_confidence,5885,5946,2026-06-27,0,0,0,0,0,0,0,0,3,7499,0,0,0,0,1000,11,0,NONE,0,,,SCRYDEX_ONLY,
CRD_1573232461C14F27B212,세류,SR,086/066,221941,high_confidence,8420,8558,2026-06-27,0,0,0,0,0,0,4,10788,6,10788,2,2700,4,2500,1500,15,0,NONE,0,,,SCRYDEX_ONLY,
CRD_157F33DF43A34D268793,두빅굴,AR,109/086,607932,high_confidence,113807,108015,2026-06-28,2,9338,9900,20,7416,9900,26,23799,69,22500,2,9400,10,8700,7800,45,9338,A_1M,88711,1.218,21.8,SNK_A_1M_OK,
CRD_1640B082EE3340AAB612,전룡 GX,RR,006/052,392602,high_confidence,5746,5055,2026-06-28,0,0,0,0,0,0,0,0,0,0,0,0,0,0,35000,1,0,NONE,0,,,SCRYDEX_ONLY,
CRD_1645BF1E84C74BFFBE20,기로치 ex,SR,081/064,284957,high_confidence,4256,4241,2026-06-27,0,0,0,1,1800,1800,0,0,0,0,0,0,0,0,1200,4,1800,A_3M,17100,0.248,-75.2,MAPPING_REVIEW,SCRYDEX_HALF_LOW
CRD_164F19FE7E4746EEA25C,메가썬더볼트 ex,RR,032/063,659278,high_confidence,384,415,2026-06-28,0,0,0,0,0,0,0,0,0,0,0,0,0,0,1000,11,0,NONE,0,,,SCRYDEX_ONLY,
CRD_1651730F93C4413BA4C5,완철포,AR,083/078,110920,high_confidence,4225,4271,2026-06-26,1,1000,1000,1,1000,1000,4,6782,15,6600,0,0,0,0,1000,8,1000,A_1M,9500,0.45,-55.0,SNK_A_1M_OK,SCRYDEX_HALF_LOW
CRD_16DBDADB6156412A924A,유빈의 확신,SR,091/071,186436,high_confidence,2658,2658,2026-06-27,0,0,0,0,0,0,0,0,0,0,0,0,0,0,2200,2,0,NONE,0,,,SCRYDEX_ONLY,
CRD_16F1D3F4F75B4E8580A6,바닥트리오,AR,338/190,163482,high_confidence,4026,3718,2026-06-27,0,0,0,0,0,0,0,0,2,6999,0,0,0,0,1000,4,0,NONE,0,,,SCRYDEX_ONLY,
CRD_1719064C4D5A4530B4C4,탐리스,AR,090/078,110915,high_confidence,3826,3718,2026-06-26,0,0,0,1,1000,1000,6,6675,13,6750,0,0,0,0,1000,13,1000,A_3M,9500,0.391,-60.9,SNK_A_3M_FALLBACK,SCRYDEX_HALF_LOW
CRD_1727697B0064422BAEE6,피카츄,AR,173/165,128089,high_confidence,56035,56704,2026-06-26,25,6249,6500,79,6733,6500,31,22666,91,25024,9,7999,40,7600,4600,314,6249,A_1M,59366,0.955,-4.5,SNK_A_1M_OK,
CRD_17623798AB744107AD98,너트령,AR,145/086,608585,high_confidence,7498,7145,2026-06-27,0,0,0,0,0,0,0,0,1,6500,0,0,1,2444,7700,2,0,NONE,0,,,SCRYDEX_ONLY,
CRD_1781CCF24CA84BC3B847,음뱃,AR,111/100,506149,high_confidence,4471,4333,2026-06-28,0,0,0,0,0,0,7,6600,22,6638,0,0,0,0,1000,24,0,NONE,0,,,SCRYDEX_ONLY,
CRD_17916E8A74A842A69743,배틀 리포터,SR,101/096,108479,high_confidence,61459,61459,2026-06-28,0,0,0,0,0,0,1,19800,0,0,0,0,0,0,18900,2,0,NONE,0,,,SCRYDEX_ONLY,
CRD_17C83FF85F944764957F,과미르,AR,103/101,245817,high_confidence,5839,5040,2026-06-28,0,0,0,0,0,0,2,6544,6,6500,0,0,1,2444,1000,7,0,NONE,0,,,SCRYDEX_ONLY,
CRD_17EF823FA3CB4B2B8EE4,코바르온,SR,069/066,108827,high_confidence,24584,24584,2026-06-28,0,0,0,0,0,0,0,0,0,0,0,0,0,0,30000,1,0,NONE,0,,,SCRYDEX_ONLY,
CRD_1832978663324026BBAD,다부니,AR,156/086,608523,high_confidence,22894,22648,2026-06-27,1,3000,3000,0,0,0,2,12900,0,0,0,0,0,0,1700,6,3000,A_1M,28500,0.795,-20.5,SNK_A_1M_OK,
CRD_185DE08656684E7AA355,비크티니,SR,070/066,91638,high_confidence,931000,0,2026-05-08,0,0,0,0,0,0,0,0,3,220000,0,0,1,60000,10000,4,0,NONE,0,,,SCRYDEX_ONLY,
CRD_18ECEF4F4F6B4E32805A,마나피 EX,RR,021/171,390772,high_confidence,5009,4855,2026-06-28,0,0,0,0,0,0,0,0,0,0,0,0,0,0,17500,1,0,NONE,0,,,SCRYDEX_ONLY,
CRD_190E3B946C714D6CBFCD,샤로다 ex,SAR,167/086,584787,high_confidence,59231,55774,2026-06-27,1,3000,3000,5,3000,3000,7,8800,26,8500,0,0,1,4999,3000,18,3000,A_1M,28500,1.957,95.7,SNK_A_1M_OK,
CRD_36F3273DC7014993855A,네크로즈마 황혼의 갈기 GX,RR,086/150,112761,high_confidence,4133,4133,2026-06-26,0,0,0,0,0,0,0,0,0,0,0,0,0,0,12800,1,0,NONE,0,,,SCRYDEX_ONLY,
CRD_19FA15073BE646958D35,코바르온 GX,RR,041/052,392637,high_confidence,5116,5116,2026-06-28,0,0,0,0,0,0,0,0,0,0,0,0,0,0,0,0,0,NONE,0,,,SCRYDEX_ONLY,
CRD_1A2040BEE94E4AB1AFAE,쥬레곤,AR,084/080,704379,high_confidence,3979,4364,2026-06-26,1,1000,1000,3,1000,1000,8,6800,20,6800,1,2900,7,2800,1000,30,1000,A_1M,9500,0.459,-54.1,SNK_A_1M_OK,SCRYDEX_HALF_LOW
CRD_1A35479E220A4BB7AE4E,번치코 GX,RR,018/096,334344,high_confidence,7944,7990,2026-06-28,0,0,0,0,0,0,0,0,0,0,0,0,0,0,13500,3,0,NONE,0,,,SCRYDEX_ONLY,
CRD_1A815E05CDFE482484A2,솔가레오&루나아라 GX,SR,063/049,91279,high_confidence,404770,386056,2026-06-26,0,0,0,3,58000,58000,27,83999,69,92325,5,55000,24,47499,33333,185,58000,A_3M,551000,0.701,-29.9,SNK_A_3M_FALLBACK,
CRD_1A905AD1C8F14E1B9C83,후딘 ex,RR,065/165,127886,high_confidence,814,876,2026-06-26,0,0,0,0,0,0,0,0,0,0,0,0,0,0,1000,6,0,NONE,0,,,SCRYDEX_ONLY,
CRD_1AA86801F7BB4278A6C8,샹델라,AR,102/086,596232,high_confidence,26719,25797,2026-06-26,1,2600,2600,2,2700,2600,8,6800,17,6900,0,0,0,0,2980,10,2600,A_1M,24700,1.044,4.4,SNK_A_1M_OK,
CRD_1AB7F353BFC547DC81F1,나시,AR,066/063,664097,high_confidence,3426,3626,2026-06-26,2,1000,1000,3,1000,1000,18,6756,36,6761,1,2500,4,2472,1000,28,1000,A_1M,9500,0.382,-61.8,SNK_A_1M_OK,SCRYDEX_HALF_LOW
CRD_1ACA13137E6D4322A031,메가자리 ex,SR,076/063,546108,high_confidence,2074,2074,2026-06-28,0,0,0,0,0,0,1,7500,1,7500,0,0,0,0,1000,5,0,NONE,0,,,SCRYDEX_ONLY,
CRD_1AF7C5C839D646B0A61B,엠라이트,AR,114/106,408335,high_confidence,9326,9280,2026-06-28,1,1200,1200,1,1200,1200,7,7304,15,7399,0,0,1,4500,1000,15,1200,A_1M,11400,0.814,-18.6,SNK_A_1M_OK,
CRD_1AFBAC5E15DA4DBFB50A,아라리,AR,065/064,358112,high_confidence,4533,4425,2026-06-28,0,0,0,0,0,0,4,7462,8,7462,0,0,0,0,1000,4,0,NONE,0,,,SCRYDEX_ONLY,
CRD_1B0CED467C434ACBAEFE,타랜툴라,AR,079/078,110787,high_confidence,3503,3042,2026-06-27,0,0,0,0,0,0,6,6500,9,6500,0,0,0,0,1000,7,0,NONE,0,,,SCRYDEX_ONLY,
CRD_1BA92AE483D3487E9AD9,레지락 ex,SR,115/098,568319,high_confidence,6207,6192,2026-06-28,0,0,0,0,0,0,1,6500,1,6500,0,0,0,0,1000,2,0,NONE,0,,,SCRYDEX_ONLY,
CRD_1BB82D85E831428CABCE,M캥카 EX,RR,094/131,380766,high_confidence,16824,15349,2026-06-26,0,0,0,0,0,0,0,0,0,0,0,0,0,0,1000,1,0,NONE,0,,,SCRYDEX_ONLY,
CRD_1C6AC6FAD7E44F1EBBC2,앗차프,AR,105/086,608477,high_confidence,8988,7851,2026-06-28,0,0,0,0,0,0,2,6750,3,6800,0,0,0,0,1000,1,0,NONE,0,,,SCRYDEX_ONLY,
CRD_1C6F8B47E1DE4A3B8C3C,드레디어,AR,092/086,608466,high_confidence,30100,31360,2026-06-28,0,0,0,0,0,0,1,5980,0,0,0,0,0,0,2000,2,0,NONE,0,,,SCRYDEX_ONLY,
CRD_1CC18469ABD541448268,돌핀맨,AR,111/108,132256,high_confidence,3012,3042,2026-06-28,1,1000,1000,1,1000,1000,3,6980,9,6900,0,0,1,2000,1000,10,1000,A_1M,9500,0.32,-68.0,MAPPING_REVIEW,SCRYDEX_HALF_LOW
CRD_1CE47901F5674D55AB69,갸라도스 EX,RR,018/080,390768,high_confidence,44558,44558,2026-06-28,0,0,0,0,0,0,0,0,0,0,0,0,0,0,14888,1,0,NONE,0,,,SCRYDEX_ONLY,
CRD_1D1BB63C7C8542D59855,거북왕&팽도리 GX,RR,016/064,290883,high_confidence,44450,44404,2026-06-28,2,6750,6800,6,5650,6800,6,22374,28,21379,2,7500,5,7500,3890,29,6750,A_1M,64125,0.692,-30.8,SNK_A_1M_OK,
CRD_1D3FA593099E46F2A199,붐볼 GX,RR,022/066,391755,high_confidence,8958,8958,2026-06-28,0,0,0,0,0,0,0,0,0,0,0,0,0,0,3500,2,0,NONE,0,,,SCRYDEX_ONLY,
CRD_1D7AF3D440F245F09657,무쇠감투 ex,UR,099/071,186455,high_confidence,8159,8082,2026-06-27,0,0,0,0,0,0,1,12990,2,10939,0,0,0,0,0,0,0,NONE,0,,,SCRYDEX_ONLY,
CRD_1D86DD36D9564C309BE6,리자몽 ex,SR,125/108,132270,high_confidence,26028,25628,2026-06-25,1,5024,5024,30,4990,5024,12,18850,45,19995,1,10999,3,5200,3000,73,5024,A_1M,47728,0.537,-46.3,SNK_A_1M_OK,
CRD_1DD2042E9B7D494B83FB,다크펫 GX,SR,070/066,105352,high_confidence,15288,15288,2026-06-28,0,0,0,0,0,0,0,0,0,0,0,0,0,0,0,0,0,NONE,0,,,SCRYDEX_ONLY,
CRD_1DF3BDE764954B38BA78,폭거북스 GX,RR,009/050,389285,high_confidence,6146,6146,2026-06-28,0,0,0,0,0,0,0,0,0,0,0,0,0,0,2999,2,0,NONE,0,,,SCRYDEX_ONLY,
CRD_1E0043AFBDEA40F0A0F7,마그마단의 그란돈 EX,RR,015/034,91525,high_confidence,1710000,0,2026-05-08,1,48888,48888,1,48888,48888,4,488749,20,391500,6,123750,12,122250,35000,25,48888,A_1M,464436,,,SNK_A_1M_OK,
CRD_1E5819643E174D74811E,메가이상해꽃 ex,RR,003/063,628153,high_confidence,968,1006,2026-06-26,0,0,0,0,0,0,1,6500,3,6500,0,0,0,0,1000,20,0,NONE,0,,,SCRYDEX_ONLY,
CRD_1ED4DECEA3A14B6C81A6,갱도라,AR,111/101,256065,high_confidence,3134,3334,2026-06-27,0,0,0,0,0,0,0,0,2,6950,0,0,0,0,1000,2,0,NONE,0,,,SCRYDEX_ONLY,
CRD_1EE8B7BE600043EF8C97,피죤투 ex,SSR,335/190,160957,high_confidence,2044,1967,2026-06-28,0,0,0,1,1000,1000,2,7281,3,7280,0,0,0,0,1000,5,1000,A_3M,9500,0.207,-79.3,MAPPING_REVIEW,SCRYDEX_HALF_LOW
CRD_1F266213F3D04671AEAA,썬더 ex,SAR,204/165,128120,high_confidence,158764,158150,2026-06-26,0,0,0,17,20000,22500,21,35466,67,40314,1,22000,11,19000,13999,119,20000,A_3M,190000,0.832,-16.8,SNK_A_3M_FALLBACK,
CRD_1F99E5B3C0D24E77A6E3,무쇠머리,AR,078/066,148933,high_confidence,5055,4894,2026-06-26,1,1000,1000,2,1000,1000,0,0,4,6500,0,0,0,0,1000,5,1000,A_1M,9500,0.515,-48.5,SNK_A_1M_OK,
CRD_1FA0F3DE83E64E4CA272,뜨아거,AR,078/073,113064,high_confidence,24507,24868,2026-06-26,1,1500,1500,6,1399,1500,6,7699,17,7980,0,0,1,3980,1000,19,1500,A_1M,14250,1.745,74.5,SNK_A_1M_OK,
CRD_2004462C5BD3458BA1B6,기어르,AR,146/086,608586,high_confidence,5516,5116,2026-06-28,0,0,0,0,0,0,0,0,0,0,0,0,0,0,7000,1,0,NONE,0,,,SCRYDEX_ONLY,
CRD_2075A8C3697B47EDAC26,코일,CHR,055/049,126669,high_confidence,24768,23416,2026-06-28,0,0,0,0,0,0,4,7050,9,7100,0,0,0,0,2500,3,0,NONE,0,,,SCRYDEX_ONLY,
CRD_20857DA3F57C4FAC9BE3,이브이 GX,SR,188/173,93085,high_confidence,172992,172992,2026-06-28,0,0,0,1,48000,48000,8,128000,30,125750,3,45000,11,43000,26000,27,48000,A_3M,456000,0.379,-62.1,SNK_A_3M_FALLBACK,SCRYDEX_HALF_LOW
CRD_20A7B2013FDD428ABD1B,매시붕 GX,SR,052/050,334521,high_confidence,27641,27641,2026-06-28,0,0,0,0,0,0,1,25000,1,25000,0,0,0,0,0,0,0,NONE,0,,,SCRYDEX_ONLY,
CRD_20B447132BB64565AC00,하솔,SR,126/102,320347,high_confidence,8128,7928,2026-06-28,0,0,0,2,2249,2499,0,0,1,6900,0,0,0,0,2980,1,2249,A_3M,21366,0.371,-62.9,SNK_A_3M_FALLBACK,SCRYDEX_HALF_LOW
CRD_20F5210F50C6418AB471,네르케,SAR,350/190,164253,high_confidence,29654,27273,2026-06-27,1,3000,3000,3,2000,3000,5,12500,9,11500,2,4500,3,4500,1000,8,3000,A_1M,28500,0.957,-4.3,SNK_A_1M_OK,
CRD_20FE3F484DFE4D9AA9D9,플러시,AR,065/062,136489,high_confidence,32619,32481,2026-06-26,1,3200,3200,11,2900,3200,3,16999,6,14999,1,3700,2,3455,1800,11,3200,A_1M,30400,1.068,6.8,SNK_A_1M_OK,
CRD_210F30877AE44F18910C,우락고래,AR,069/064,379010,high_confidence,2796,2581,2026-06-28,0,0,0,0,0,0,2,6600,5,6500,1,2500,2,2400,3500,5,0,NONE,0,,,SCRYDEX_ONLY,
CRD_21362825A5DE48988411,칠색조 EX,SR,088/080,91499,high_confidence,0,0,,0,0,0,0,0,0,0,0,7,160000,0,0,0,0,195000,7,0,NONE,0,,,NO_DATA,
CRD_217550E39F654896867F,AZ,SR,093/088,390655,high_confidence,427500,0,2026-05-09,0,0,0,0,0,0,0,0,0,0,0,0,0,0,0,0,0,NONE,0,,,SCRYDEX_ONLY,
CRD_218DB829F1974CEA95DF,로켓단의 나옹,AR,109/098,550925,high_confidence,22955,23201,2026-06-28,7,2500,2300,27,2500,2300,31,10030,90,9993,5,4021,15,3500,2000,117,2500,A_1M,23750,0.977,-2.3,SNK_A_1M_OK,
CRD_219500DA87B5401CBEDA,페르시온 GX,SR,104/095,393046,high_confidence,7252,7099,2026-06-26,0,0,0,0,0,0,0,0,0,0,0,0,0,0,2000,1,0,NONE,0,,,SCRYDEX_ONLY,
CRD_21D7CBE19CF94AD189EB,퍼퓨돈 ex,RR,068/078,110733,high_confidence,538,522,2026-06-28,0,0,0,0,0,0,0,0,0,0,0,0,0,0,2500,2,0,NONE,0,,,SCRYDEX_ONLY,
CRD_21EAE5192D164939830F,돌핀맨 ex,SAR,207/187,469031,high_confidence,15995,15541,2026-06-26,2,1940,1500,8,1859,1500,32,8916,87,8900,3,3900,10,3650,1500,120,1940,A_1M,18430,0.843,-15.7,SNK_A_1M_OK,
CRD_2208E78703C9455EA45A,N의 조로아,AR,108/100,506148,high_confidence,8865,7898,2026-06-28,1,1000,1000,6,1000,1000,17,6980,53,7000,1,2980,8,2824,1000,47,1000,A_1M,9500,0.831,-16.9,SNK_A_1M_OK,
CRD_2284D5AE23CD4A559E27,이슬의 고라파덕,AR,071/063,543243,high_confidence,67144,65930,2026-06-28,10,5422,5540,42,4949,5540,26,20500,83,19999,3,6000,14,6250,4000,38,5422,A_1M,51509,1.28,28.0,SNK_A_1M_OK,
CRD_228710100B794B3B940D,팬텀&따라큐 GX,SR,103/095,93096,high_confidence,2660000,0,2026-05-08,0,0,0,0,0,0,16,593190,46,572793,6,217888,19,194999,100000,46,0,NONE,0,,,SCRYDEX_ONLY,
CRD_2332E667E081490D836A,메가앱솔 ex,SAR,089/063,664109,high_confidence,48768,46878,2026-06-26,7,3000,3000,21,3000,3000,16,10314,57,10500,0,0,0,0,3200,58,3000,A_1M,28500,1.645,64.5,SNK_A_1M_OK,
CRD_2363D7E348AC45C3AD5C,카푸꼬꼬꼭 GX,SR,053/050,106167,high_confidence,14250,0,2026-05-08,0,0,0,0,0,0,0,0,0,0,0,0,0,0,0,0,0,NONE,0,,,SCRYDEX_ONLY,
CRD_2371B40007C64AC0B36E,모야모의 찌리배리 ex,UR,130/100,505958,high_confidence,19498,19221,2026-06-26,1,3600,3600,6,3600,3600,11,12500,35,13480,0,0,2,2950,3000,56,3600,A_1M,34200,0.562,-43.8,SNK_A_1M_OK,
CRD_238E85F07B63450BB517,무쇠손 ex,SAR,088/066,152773,high_confidence,22018,22064,2026-06-27,0,0,0,0,0,0,1,9500,2,9250,0,0,0,0,2699,3,0,NONE,0,,,SCRYDEX_ONLY,
CRD_23A695E8090F40B9B1A7,꼬이밍고,AR,082/071,117828,high_confidence,4871,4410,2026-06-26,0,0,0,0,0,0,4,6800,14,6683,0,0,0,0,1000,11,0,NONE,0,,,SCRYDEX_ONLY,
CRD_240F59F984B74388A1BE,기가이어스,AR,127/086,608567,high_confidence,8420,7667,2026-06-28,0,0,0,0,0,0,1,6180,3,6199,0,0,0,0,1200,2,0,NONE,0,,,SCRYDEX_ONLY,
CRD_24798C163B48423E9689,루티아의 어필,SAR,090/064,382399,high_confidence,119938,119938,2026-06-28,3,24800,24800,15,27000,24800,23,42000,73,46075,9,18500,20,20125,16000,78,24800,A_1M,235600,0.509,-49.1,SNK_A_1M_OK,
CRD_24A7755304AF47CF931D,로켓단의 따라큐,AR,205/193,730942,high_confidence,7974,8458,2026-06-26,8,1000,3200,27,1002,3200,32,7991,89,8397,9,3299,30,2780,1000,221,1000,A_1M,9500,0.89,-11.0,SNK_A_1M_OK,
CRD_24AFDFD94F7B41E8A509,로켓단의 페르시온 ex,SR,118/098,568320,high_confidence,6684,6484,2026-06-27,0,0,0,0,0,0,2,8424,5,7999,0,0,0,0,1000,12,0,NONE,0,,,SCRYDEX_ONLY,
CRD_24EBBFED607C41D7B562,조로아,AR,072/064,282237,high_confidence,9895,9250,2026-06-27,1,1300,1300,3,1300,1300,3,9200,6,8600,0,0,2,2722,1000,9,1300,A_1M,12350,0.749,-25.1,SNK_A_1M_OK,
CRD_24FAA1F19A0941A2BB96,보미카,SR,194/173,91267,high_confidence,121121,125515,2026-06-28,0,0,0,0,0,0,4,16500,14,16799,0,0,2,5299,8000,29,0,NONE,0,,,SCRYDEX_ONLY,
CRD_251F9092AFDE47718BB3,로켓단의 아테나,SR,122/098,568899,high_confidence,4594,4502,2026-06-27,0,0,0,1,1200,1200,0,0,0,0,0,0,0,0,1000,9,1200,A_3M,11400,0.395,-60.5,SNK_A_3M_FALLBACK,SCRYDEX_HALF_LOW
CRD_2521A01014064B6586BA,앤테이 EX,SR,070/069,91627,high_confidence,46094,46094,2026-06-28,0,0,0,0,0,0,1,134800,5,88000,0,0,0,0,9980,3,0,NONE,0,,,SCRYDEX_ONLY,
CRD_2531910728D94C05A9E9,팔자크,SR,124/101,256074,high_confidence,1598,1629,2026-06-27,0,0,0,0,0,0,0,0,0,0,0,0,1,1500,4000,2,0,NONE,0,,,SCRYDEX_ONLY,
CRD_25A76CC236D74FF2B49A,웨이니발 ex,SAR,098/073,116083,high_confidence,33879,32343,2026-06-27,1,4465,4465,5,3850,4465,1,12800,13,9500,0,0,0,0,2500,16,4465,A_1M,42418,0.762,-23.8,SNK_A_1M_OK,
CRD_25B97585CC304F538181,잉어킹&고래왕 GX,SR,099/095,91292,high_confidence,537753,537753,2026-06-28,0,0,0,2,149500,180000,12,276400,36,285722,4,107499,16,102489,60000,26,149500,A_3M,1420250,0.379,-62.1,SNK_A_3M_FALLBACK,SCRYDEX_HALF_LOW
CRD_26B8AD9FA6554601A3B7,뮤츠 GX,SSR,219/150,91294,high_confidence,120429,120921,2026-06-28,4,34650,36300,8,33000,36300,9,104000,43,98900,2,28125,12,27250,11980,66,34650,A_1M,329175,0.367,-63.3,SNK_A_1M_OK,SCRYDEX_HALF_LOW
CRD_2706BD8A739F4460B703,로켓단의 뮤츠 ex,SAR,237/193,730958,high_confidence,288059,288244,2026-06-26,31,24266,19999,92,29118,19999,32,53591,93,63335,17,21593,35,22000,16400,350,24266,A_1M,230527,1.25,25.0,SNK_A_1M_OK,
CRD_274BA225B19844028DDF,총지엔 ex,UR,355/190,164707,high_confidence,5332,5209,2026-06-28,0,0,0,0,0,0,0,0,0,0,0,0,0,0,1100,3,0,NONE,0,,,SCRYDEX_ONLY,
CRD_2757D35F33AC4CF99CC7,모야모,SR,090/071,120745,high_confidence,32835,32988,2026-06-27,4,5999,5700,19,6499,5700,24,16874,65,18000,11,4800,27,4800,4600,196,5999,A_1M,56990,0.579,-42.1,SNK_A_1M_OK,
CRD_27858E2B38CF47A7A939,페르시온,AR,075/064,284953,high_confidence,26489,25183,2026-06-26,2,1400,1300,8,1325,1300,10,8024,27,8150,0,0,2,3150,1500,18,1400,A_1M,13300,1.893,89.3,SNK_A_1M_OK,
CRD_27CAC15F8DE54882AA0F,퍼퓨돈 ex,SR,096/078,110899,high_confidence,2458,2474,2026-06-27,0,0,0,0,0,0,0,0,3,7200,0,0,0,0,1000,2,0,NONE,0,,,SCRYDEX_ONLY,
CRD_27DD36DAE86F45C69DEB,메가가디안 ex,SAR,087/063,657365,high_confidence,215906,212956,2026-06-27,15,15000,15000,57,15600,15000,27,28539,87,31500,4,16675,14,16000,13888,190,15000,A_1M,142500,1.494,49.4,SNK_A_1M_OK,
CRD_27F9714CA8CF4C0D8906,비조도,AR,132/086,608572,high_confidence,8020,7421,2026-06-28,0,0,0,0,0,0,3,7000,4,7000,0,0,1,2200,1000,5,0,NONE,0,,,SCRYDEX_ONLY,
CRD_280E5479B51D442889C9,춤추새 ex,SAR,111/080,704402,high_confidence,44036,44420,2026-06-26,12,5684,4900,50,6682,4900,30,17198,90,20775,7,6499,25,6200,4799,253,5684,A_1M,53998,0.823,-17.7,SNK_A_1M_OK,
CRD_2816C9B402A643F99D42,이상해꽃 ex,SR,184/165,128100,high_confidence,8159,7898,2026-06-26,1,2500,2500,9,3200,2500,5,11249,27,11999,0,0,2,4250,1999,34,2500,A_1M,23750,0.333,-66.7,SNK_A_1M_OK,SCRYDEX_HALF_LOW
CRD_2832ADAFA5F4490F8898,엘레이드 EX,RR,030/078,382104,high_confidence,2850,0,2026-05-08,0,0,0,0,0,0,0,0,0,0,0,0,0,0,11000,1,0,NONE,0,,,SCRYDEX_ONLY,
CRD_28347CC12F42441E8376,이상해꽃&주리비얀 GX,RR,001/064,290868,high_confidence,15088,14597,2026-06-26,1,2499,2499,2,3239,2499,2,16249,13,13999,0,0,0,0,2500,13,2499,A_1M,23740,0.615,-38.5,SNK_A_1M_OK,
CRD_2847A51BC6AB4B00BB53,아크로마의 집념,SR,084/064,282195,high_confidence,3565,3350,2026-06-27,0,0,0,0,0,0,0,0,0,0,0,0,0,0,1000,3,0,NONE,0,,,SCRYDEX_ONLY,
CRD_285E533D9D2F4E4F94A6,팔데아의 학생,SR,345/190,164706,high_confidence,1060,1060,2026-06-27,0,0,0,0,0,0,0,0,2,7650,0,0,0,0,1000,18,0,NONE,0,,,SCRYDEX_ONLY,
CRD_2936DD31DD3F4679992B,팬텀&따라큐 GX,RR,038/095,387059,high_confidence,153479,145489,2026-06-28,14,20149,21500,44,20000,21500,26,47593,83,46449,11,16900,31,16900,10450,52,20149,A_1M,191416,0.76,-24.0,SNK_A_1M_OK,
CRD_29545D8447D54F8F9E57,게노세크트 EX플라스마단,SR,078/076,406756,high_confidence,62996,62996,2026-06-26,0,0,0,0,0,0,0,0,0,0,0,0,0,0,0,0,0,NONE,0,,,SCRYDEX_ONLY,
CRD_298C0EBA7D414B2DB409,삼삼드래 EX,SR,084/078,382206,high_confidence,46079,46079,2026-06-28,0,0,0,0,0,0,0,0,0,0,0,0,0,0,0,0,0,NONE,0,,,SCRYDEX_ONLY,
CRD_298C5CE24A9343B9AF00,N의 조로아크 ex,UR,131/100,506160,high_confidence,19974,20251,2026-06-26,1,2999,2999,6,2824,2999,10,9650,31,9650,0,0,0,0,2000,70,2999,A_1M,28490,0.711,-28.9,SNK_A_1M_OK,
CRD_29E34E5A35CC4FFAB36C,후파 EX,SR,087/081,107418,high_confidence,132906,132906,2026-06-28,0,0,0,0,0,0,0,0,1,40000,0,0,0,0,60000,1,0,NONE,0,,,SCRYDEX_ONLY,
CRD_2A44F68D825C43749B38,크리만,AR,150/086,608590,high_confidence,30207,29009,2026-06-28,0,0,0,0,0,0,2,7225,3,6750,0,0,0,0,2000,7,0,NONE,0,,,SCRYDEX_ONLY,
CRD_2A51F7848C3F425BADD0,치릴리,AR,091/086,608465,high_confidence,23862,22648,2026-06-27,3,1000,1000,4,1000,1000,2,6450,2,6450,0,0,0,0,1500,1,1000,A_1M,9500,2.384,138.4,SNK_A_1M_OK,SCRYDEX_2X_HIGH
CRD_2A6241DAD8844867AA49,활화르바,AR,108/106,418740,high_confidence,2827,2428,2026-06-26,0,0,0,0,0,0,2,6750,9,6500,0,0,0,0,1000,5,0,NONE,0,,,SCRYDEX_ONLY,
CRD_2AFC7629A65B45FBBCC8,복숭악동 ex,SAR,090/064,277255,high_confidence,17009,16748,2026-06-27,1,2200,2200,2,2200,2200,0,0,1,7500,0,0,0,0,1500,4,2200,A_1M,20900,0.801,-19.9,SNK_A_1M_OK,
CRD_2BDD89F3616849468EE4,데스니칸,AR,120/086,608560,high_confidence,8804,7821,2026-06-27,0,0,0,0,0,0,1,6000,0,0,0,0,0,0,2400,4,0,NONE,0,,,SCRYDEX_ONLY,
CRD_2C17B97D2D95413699E9,뮤츠&뮤 GX,SR,098/094,91282,high_confidence,626653,630218,2026-06-26,3,320000,280000,8,250000,280000,17,548000,48,581250,8,219000,18,203820,110000,71,320000,A_1M,3040000,0.207,-79.3,MAPPING_REVIEW,SCRYDEX_HALF_LOW
CRD_2C1EDC815A2644BEB9DE,푸크린,AR,091/080,704383,high_confidence,4886,5362,2026-06-27,0,0,0,0,0,0,18,6900,57,6875,2,2999,13,2750,1000,82,0,NONE,0,,,SCRYDEX_ONLY,
CRD_2C78DB6891D243219B2F,비퀸 ex,SR,123/108,132268,high_confidence,2412,2320,2026-06-27,0,0,0,0,0,0,0,0,0,0,0,0,0,0,1000,5,0,NONE,0,,,SCRYDEX_ONLY,
CRD_2CC63A0C3FDE4901A41B,모노두,AR,142/086,608582,high_confidence,17239,15841,2026-06-26,0,0,0,0,0,0,1,6666,0,0,1,2970,0,0,1000,5,0,NONE,0,,,SCRYDEX_ONLY,
CRD_2D086E56EA5A4353922E,알로라나인테일 GX,SR,053/050,335634,high_confidence,40225,38458,2026-06-26,0,0,0,0,0,0,0,0,0,0,0,0,0,0,12900,5,0,NONE,0,,,SCRYDEX_ONLY,
CRD_2DB11712502240BA802B,솔가레오&루나아라 GX,RR,020/049,124079,high_confidence,23462,23739,2026-06-26,0,0,0,9,3500,3500,17,14539,45,14800,6,5750,15,4980,1980,59,3500,A_3M,33250,0.714,-28.6,SNK_A_3M_FALLBACK,
CRD_2E403B756FE641CB89FF32CEB4BDDB4E,메가망나뇽 ex,MUR,250/193,730968,high_confidence,318128,321078,2026-06-28,22,44851,37458,79,51666,37458,31,105283,90,132960,26,34075,56,41174,25500,324,44851,A_1M,426084,0.754,-24.6,SNK_A_1M_OK,
CRD_2EDC5DADC4F24ECD976A,팔데아 토오 ex,RR,054/073,114771,high_confidence,615,615,2026-06-27,0,0,0,0,0,0,0,0,0,0,0,0,0,0,1000,13,0,NONE,0,,,SCRYDEX_ONLY,
CRD_2F01A346908C450BB7DD,꿰뚫는화염 ex,SR,085/071,186431,high_confidence,2551,2566,2026-06-27,0,0,0,0,0,0,0,0,0,0,0,0,0,0,2000,1,0,NONE,0,,,SCRYDEX_ONLY,
CRD_2F0219577D244E019E99,레시라무 GX,RR,018/150,112746,high_confidence,3303,3303,2026-06-28,1,1000,1000,2,2000,1000,0,0,0,0,0,0,0,0,2400,7,1000,A_1M,9500,0.348,-65.2,SNK_A_1M_OK,SCRYDEX_HALF_LOW
CRD_2F715EB445B84B778ECB,스코빌런 ex,SR,120/106,418746,high_confidence,1444,1414,2026-06-28,0,0,0,0,0,0,0,0,0,0,0,0,0,0,1000,3,0,NONE,0,,,SCRYDEX_ONLY,
CRD_2FA1805FDEA84161ABE3,껍질몬,AR,072/063,664116,high_confidence,3288,3088,2026-06-28,0,0,0,0,0,0,13,6777,28,6700,0,0,1,2600,1000,21,0,NONE,0,,,SCRYDEX_ONLY,
CRD_2FABCAF7B31F4346915C,코고미,AR,113/086,608484,high_confidence,15119,13905,2026-06-26,0,0,0,0,0,0,2,7290,3,7280,0,0,0,0,1380,8,0,NONE,0,,,SCRYDEX_ONLY,
CRD_300C6F0A10AF4D768DAB,깜눈크,AR,141/086,608510,high_confidence,9711,9204,2026-06-27,0,0,0,0,0,0,0,0,0,0,0,0,0,0,1000,1,0,NONE,0,,,SCRYDEX_ONLY,
CRD_302EC9D2C71947778B51,꼬부기,AR,170/165,128086,high_confidence,45034,45242,2026-06-26,10,3950,3699,56,4321,3699,24,18187,78,18465,4,7480,25,6300,3000,73,3950,A_1M,37525,1.206,20.6,SNK_A_1M_OK,
CRD_304D28B61C7F409C86A4,이상해씨,AR,064/063,657361,high_confidence,19575,18353,2026-06-26,11,1000,1000,32,1000,1000,28,7699,80,7721,6,3700,17,3200,1000,88,1000,A_1M,9500,1.932,93.2,SNK_A_1M_OK,
CRD_308148D51D5845769B01,아이앤트 ex,SAR,130/106,418753,high_confidence,31083,30530,2026-06-27,0,0,0,2,2135,2970,0,0,0,0,0,0,0,0,3000,1,2135,A_3M,20282,1.505,50.5,SNK_A_3M_FALLBACK,
CRD_30FDE55BA54D445982F5,춤추새 GX,RR,035/095,339620,high_confidence,2182,2182,2026-06-27,0,0,0,0,0,0,0,0,0,0,0,0,0,0,0,0,0,NONE,0,,,SCRYDEX_ONLY,
CRD_31B29DFE42E24D77AFE1,슬리프,AR,086/078,110918,high_confidence,31913,30553,2026-06-26,7,1999,1900,15,2000,1900,23,11250,68,10850,1,3500,2,3499,1900,33,1999,A_1M,18990,1.609,60.9,SNK_A_1M_OK,
CRD_31E2B98699A1410FBAC9,브라이어,SR,124/102,318881,high_confidence,2996,2996,2026-06-28,0,0,0,0,0,0,0,0,1,8000,0,0,0,0,1500,3,0,NONE,0,,,SCRYDEX_ONLY,
CRD_321E17A2C21747AAB24E,복숭악동 ex,RR,491/742,277240,high_confidence,415,369,2026-06-26,0,0,0,0,0,0,0,0,0,0,0,0,0,0,0,0,0,NONE,0,,,SCRYDEX_ONLY,
CRD_32386B204F0740378DD5,너트령,AR,072/062,140262,high_confidence,3672,3334,2026-06-26,0,0,0,0,0,0,5,6700,7,6700,0,0,0,0,1000,5,0,NONE,0,,,SCRYDEX_ONLY,
CRD_324563089502413E8DA5,마스카나 ex,UR,101/073,116085,high_confidence,15626,15626,2026-06-27,0,0,0,2,1775,2000,0,0,2,8900,0,0,0,0,2000,5,1775,A_3M,16862,0.927,-7.3,SNK_A_3M_FALLBACK,
CRD_326BB4D3A84B467EB968,라티아스 ex,SAR,087/064,358115,high_confidence,224603,219732,2026-06-26,3,27500,27000,9,27500,27000,14,40500,50,45149,2,25450,4,23450,29000,44,27500,A_1M,261250,0.841,-15.9,SNK_A_1M_OK,
CRD_32A3236675F94589B53C,무쇠가시 ex,SR,081/066,227631,high_confidence,3042,3042,2026-06-27,0,0,0,0,0,0,0,0,0,0,0,0,0,0,0,0,0,NONE,0,,,SCRYDEX_ONLY,
CRD_32C64F60484E4801A991,메가루카리오 ex,MUR,092/063,663638,high_confidence,409718,412729,2026-06-28,7,69000,58400,35,70000,58400,19,155933,63,164499,12,51949,34,53999,42780,102,69000,A_1M,655500,0.63,-37.0,SNK_A_1M_OK,
CRD_32E8DC4B424E4966B6CB,쁘사이저,AR,067/066,210033,high_confidence,6853,6807,2026-06-28,1,1000,1000,0,0,0,1,6800,0,0,0,0,0,0,7000,2,1000,A_1M,9500,0.717,-28.3,SNK_A_1M_OK,
CRD_32E8F32B11894AB188C1,플루메리,SR,057/051,91351,high_confidence,145966,145966,2026-06-25,0,0,0,0,0,0,0,0,0,0,0,0,0,0,9999,4,0,NONE,0,,,SCRYDEX_ONLY,
CRD_330DDDD1228E4170B359,형사구스 GX,SR,064/060,386724,high_confidence,9500,0,2026-05-08,0,0,0,0,0,0,0,0,0,0,0,0,0,0,0,0,0,NONE,0,,,SCRYDEX_ONLY,
CRD_331BADEFF9654B599D78,저지맨,SR,344/190,159332,high_confidence,876,891,2026-06-27,0,0,0,0,0,0,0,0,0,0,0,0,0,0,1000,4,0,NONE,0,,,SCRYDEX_ONLY,
CRD_33360078EC2F4416BC8F,일레도리자드,AR,073/066,227626,high_confidence,3088,2988,2026-06-26,0,0,0,0,0,0,2,6650,5,6600,0,0,0,0,1000,4,0,NONE,0,,,SCRYDEX_ONLY,
CRD_3339DB7AA7FD4A21BFE5,나무킹 EX,SR,082/081,385521,high_confidence,61444,61444,2026-06-28,0,0,0,0,0,0,0,0,0,0,0,0,0,0,0,0,0,NONE,0,,,SCRYDEX_ONLY,
CRD_3341BC09AE6F45A6A646,모래성이당 ex,SR,123/106,418748,high_confidence,2412,2397,2026-06-28,0,0,0,0,0,0,0,0,0,0,0,0,0,0,1500,1,0,NONE,0,,,SCRYDEX_ONLY,
CRD_3392C238DFEC4357BA88,아세로라의 장난,SAR,091/063,663641,high_confidence,45618,45680,2026-06-27,12,6000,5850,46,6489,5850,27,20699,78,23947,9,5200,30,5700,4666,181,6000,A_1M,57000,0.801,-19.9,SNK_A_1M_OK,
CRD_33A3DF458AC34EC6B1BD,호브의 자시안 ex,SR,118/100,505954,high_confidence,2182,2090,2026-06-28,1,1100,1100,1,1100,1100,4,7249,7,7000,0,0,0,0,1000,10,1100,A_1M,10450,0.2,-80.0,MAPPING_REVIEW,SCRYDEX_HALF_LOW
CRD_33A7A42687184DCAA53F,푸크린 ex,SR,189/165,128105,high_confidence,4010,3964,2026-06-28,2,1250,1500,8,1400,1500,0,0,2,6900,0,0,0,0,1500,6,1250,A_1M,11875,0.334,-66.6,SNK_A_1M_OK,SCRYDEX_HALF_LOW
CRD_3446ADE0F7424C998BED,엘풍 GX,RR,066/095,393012,high_confidence,2013,1951,2026-06-28,0,0,0,0,0,0,0,0,0,0,0,0,0,0,0,0,0,NONE,0,,,SCRYDEX_ONLY,
CRD_34828B53A56D44318E76,용접공,SR,107/095,104624,high_confidence,51472,51011,2026-06-28,0,0,0,0,0,0,2,15690,8,12250,0,0,0,0,2970,11,0,NONE,0,,,SCRYDEX_ONLY,
CRD_34BFCA1006BC49D89AF5,잉어킹&고래왕 GX,RR,019/095,396322,high_confidence,42130,41946,2026-06-28,1,4500,4500,5,4500,4500,16,15641,44,16894,4,7050,17,6500,3555,35,4500,A_1M,42750,0.981,-1.9,SNK_A_1M_OK,
CRD_34FC12FEB9C94EC0B729,크레세리아,AR,071/064,284951,high_confidence,9480,8789,2026-06-27,0,0,0,1,1000,1000,0,0,2,6750,0,0,2,2000,1000,6,1000,A_3M,9500,0.925,-7.5,SNK_A_3M_FALLBACK,
CRD_35EA350A18F04A80A0D5,깜눈크,AR,087/078,110905,high_confidence,3303,3426,2026-06-28,0,0,0,0,0,0,0,0,1,5555,1,2500,2,2472,1000,6,0,NONE,0,,,SCRYDEX_ONLY,
CRD_35F025B882B548A18185,어릿광대,SR,165/086,607936,high_confidence,1137,1122,2026-06-27,0,0,0,0,0,0,0,0,0,0,0,0,1,3000,1000,5,0,NONE,0,,,SCRYDEX_ONLY,
CRD_368954B62A864484B467,자망칼,AR,147/086,608516,high_confidence,6177,5762,2026-06-27,0,0,0,0,0,0,0,0,0,0,0,0,0,0,1400,2,0,NONE,0,,,SCRYDEX_ONLY,
CRD_36BA95B689A44C28B170,메타그로스 GX,SR,054/050,336288,high_confidence,17100,0,2026-05-08,0,0,0,0,0,0,0,0,0,0,0,0,0,0,0,0,0,NONE,0,,,SCRYDEX_ONLY,
CRD_36D39DBAA5EC4EE09001,후딘 ex,SR,190/165,128106,high_confidence,6284,5900,2026-06-28,1,1800,1800,6,1899,1800,4,9800,7,9800,0,0,0,0,1700,14,1800,A_1M,17100,0.345,-65.5,SNK_A_1M_OK,SCRYDEX_HALF_LOW
CRD_375B75D3FC3E42BAA4AD,사나운버섯,AR,077/066,138258,high_confidence,7052,7360,2026-06-27,2,1250,1500,2,1250,1500,5,7700,8,7739,0,0,1,1999,1500,4,1250,A_1M,11875,0.62,-38.0,SNK_A_1M_OK,
CRD_37AD357EC31F4A4E9BDD,핫삼 EX,RR,057/080,390843,high_confidence,12799,12799,2026-06-28,0,0,0,0,0,0,0,0,0,0,0,0,0,0,9999,1,0,NONE,0,,,SCRYDEX_ONLY,
CRD_3867F42D081F475AB07C,민진의 헤아림,SAR,090/063,664124,high_confidence,20712,19821,2026-06-28,3,1000,1000,4,1000,1000,0,0,8,10349,4,3625,7,3500,1299,15,1000,A_1M,9500,2.086,108.6,SNK_A_1M_OK,SCRYDEX_2X_HIGH
CRD_38815299C2494F679535,내루미,AR,082/071,186445,high_confidence,14904,14282,2026-06-26,0,0,0,0,0,0,2,7140,7,7000,2,2949,3,2900,2000,8,0,NONE,0,,,SCRYDEX_ONLY,
CRD_3921037F2F3643A38342,무쇠암석 ex,SR,087/071,186449,high_confidence,1982,1982,2026-06-28,0,0,0,0,0,0,0,0,0,0,0,0,0,0,1000,2,0,NONE,0,,,SCRYDEX_ONLY,
CRD_394561233CE44337BF9C,심보러 GX,SR,052/050,335633,high_confidence,7498,7498,2026-06-28,0,0,0,0,0,0,0,0,0,0,0,0,0,0,0,0,0,NONE,0,,,SCRYDEX_ONLY,
CRD_39462590847A4E32AF5F,아고용 GX,SSR,223/150,112787,high_confidence,15211,15211,2026-06-28,0,0,0,0,0,0,0,0,0,0,0,0,0,0,3333,3,0,NONE,0,,,SCRYDEX_ONLY,
CRD_3A1614A1D6F443708387,수댕이,AR,102/086,584798,high_confidence,89531,82755,2026-06-26,6,5000,4500,11,4500,4500,12,13631,37,12000,1,4800,2,5400,4999,9,5000,A_1M,47500,1.742,74.2,SNK_A_1M_OK,
CRD_3A51FC9327024878903D,무쇠잎새 ex,SAR,093/071,180201,high_confidence,32205,31943,2026-06-26,1,3300,3300,4,3275,3300,2,9063,6,9158,0,0,0,0,3500,6,3300,A_1M,31350,1.019,1.9,SNK_A_1M_OK,
CRD_3A73844B3540483BBFB0,마샤도&괴력몬 GX,SR,100/095,393043,high_confidence,30345,30223,2026-06-26,0,0,0,0,0,0,0,0,1,22222,0,0,0,0,0,0,0,NONE,0,,,SCRYDEX_ONLY,
CRD_3A9BC04410714B2ABFF2,메타그로스,AR,080/071,186443,high_confidence,12676,11800,2026-06-28,1,2000,2000,2,1500,2000,6,7000,13,7475,0,0,1,4000,1000,6,2000,A_1M,19000,0.621,-37.9,SNK_A_1M_OK,
CRD_3AA02ECE90604311AE59,란쿨루스,AR,125/086,608495,high_confidence,6407,6376,2026-06-27,0,0,0,0,0,0,0,0,0,0,0,0,0,0,1000,3,0,NONE,0,,,SCRYDEX_ONLY,
CRD_3ABA99E638CD43358D1A,라프라스 GX,SR,061/060,106191,high_confidence,38000,0,2026-05-08,0,0,0,0,0,0,0,0,0,0,0,0,0,0,0,0,0,NONE,0,,,SCRYDEX_ONLY,
CRD_3ADB55F70EE445AF8F86,라프라스 ex,RR,019/102,296150,high_confidence,814,768,2026-06-28,0,0,0,0,0,0,0,0,0,0,0,0,1,3000,1500,1,0,NONE,0,,,SCRYDEX_ONLY,
CRD_3B0AA576F162446CAD28,전룡 EX,RR,027/081,385411,high_confidence,6684,6684,2026-06-28,0,0,0,0,0,0,0,0,0,0,0,0,0,0,16980,1,0,NONE,0,,,SCRYDEX_ONLY,
CRD_3B1892201B8240FAA691,땅밑탐험대,SR,075/066,91303,high_confidence,285000,0,2026-05-08,0,0,0,0,0,0,1,37000,9,38800,0,0,0,0,39000,14,0,NONE,0,,,SCRYDEX_ONLY,
CRD_3B1C48E46678437CBAE4,가디안&님피아 GX,SR,061/055,91289,high_confidence,1615000,0,2026-05-08,2,109999,119999,6,113499,119999,14,319750,41,302500,4,90000,14,96525,65000,37,109999,A_1M,1044990,,,SNK_A_1M_OK,
CRD_3B93462476FF4AC1B6AE,투로박사의 시나리오,SAR,092/066,152774,high_confidence,8927,8835,2026-06-27,0,0,0,0,0,0,0,0,0,0,0,0,0,0,3000,2,0,NONE,0,,,SCRYDEX_ONLY,
CRD_3B9DA71B112D43DAA326,다크펫 GX,SSR,221/150,112785,high_confidence,15749,15749,2026-06-28,0,0,0,0,0,0,0,0,0,0,0,0,0,0,0,0,0,NONE,0,,,SCRYDEX_ONLY,
CRD_3B9DA73247AA4D448AB0,오거폰 화덕의 가면 ex,SR,115/101,256067,high_confidence,3242,3257,2026-06-27,0,0,0,0,0,0,2,7664,0,0,0,0,0,0,1000,4,0,NONE,0,,,SCRYDEX_ONLY,
CRD_3BC79D4373A7498D87FB,메가망나뇽 ex,RR,126/193,724992,high_confidence,1214,1506,2026-06-26,1,1000,1000,2,1462,1000,9,7500,28,6890,0,0,0,0,1000,79,1000,A_1M,9500,0.159,-84.1,MAPPING_REVIEW,SCRYDEX_HALF_LOW
CRD_3BE5316F6AED4A72B593,다크라이 GX,SSR,230/150,112793,high_confidence,106954,106954,2026-06-27,1,39999,39999,3,19990,39999,2,74400,19,83900,1,25000,4,25989,18000,29,39999,A_1M,379990,0.281,-71.9,MAPPING_REVIEW,SCRYDEX_HALF_LOW
CRD_3BE8944EE0F7456FBD5A,도나리 GX,RR,002/055,393184,high_confidence,2919,2889,2026-06-28,0,0,0,0,0,0,0,0,0,0,0,0,0,0,1799,1,0,NONE,0,,,SCRYDEX_ONLY,
CRD_3BEF85BDD3334AB1B674,위유이 ex,UR,356/190,164256,high_confidence,8804,8819,2026-06-27,0,0,0,1,1100,1100,0,0,0,0,0,0,0,0,1100,2,1100,A_3M,10450,0.844,-15.6,SNK_A_3M_FALLBACK,
CRD_3C1390FC1DF04130BF02,민화의 초대,SR,197/165,128112,high_confidence,16333,16087,2026-06-27,4,3800,3900,22,4050,3900,12,18600,55,18800,7,4400,22,4400,2500,120,3800,A_1M,36100,0.446,-55.4,SNK_A_1M_OK,SCRYDEX_HALF_LOW
CRD_3CABC0377B7C4F4BA3A7,무쇠암석 ex,RR,041/071,172007,high_confidence,461,399,2026-06-27,0,0,0,0,0,0,0,0,0,0,0,0,0,0,1000,3,0,NONE,0,,,SCRYDEX_ONLY,
CRD_3D8E86F6369447DC8A73,두빅굴 EX,SR,098/096,108482,high_confidence,46094,46094,2026-06-28,0,0,0,0,0,0,0,0,0,0,0,0,0,0,0,0,0,NONE,0,,,SCRYDEX_ONLY,
CRD_3D9C68A514C54A7A8160,코라이돈 ex,RR,050/078,107351,high_confidence,430,415,2026-06-27,0,0,0,0,0,0,1,5000,1,5000,0,0,0,0,1000,5,0,NONE,0,,,SCRYDEX_ONLY,
CRD_3DC005D2BBD14E03914E,웅의 근성,SR,,122007,high_confidence,29931,29931,2026-06-28,0,0,0,0,0,0,0,0,2,11399,0,0,0,0,10980,6,0,NONE,0,,,SCRYDEX_ONLY,
CRD_3E05F7873B1A4A2388BA,레돔벌레,AR,067/066,152763,high_confidence,2981,2581,2026-06-28,0,0,0,0,0,0,1,6098,3,6000,0,0,0,0,1000,4,0,NONE,0,,,SCRYDEX_ONLY,
CRD_3E51556E4E8842128C4E,도희의 비기,SR,083/064,282728,high_confidence,2643,2597,2026-06-27,0,0,0,1,1000,1000,0,0,0,0,0,0,0,0,1000,1,1000,A_3M,9500,0.273,-72.7,MAPPING_REVIEW,SCRYDEX_HALF_LOW
CRD_3E7EFB8B95774E57AD88,찌리배리 ex,SR,086/071,120740,high_confidence,3196,3196,2026-06-28,0,0,0,0,0,0,0,0,2,6850,1,2900,1,2900,1000,7,0,NONE,0,,,SCRYDEX_ONLY,
CRD_3E81F48F8E78476C8639,짜랑고우거 GX,SR,054/050,389328,high_confidence,29577,29577,2026-06-28,0,0,0,0,0,0,0,0,0,0,0,0,0,0,0,0,0,NONE,0,,,SCRYDEX_ONLY,
CRD_3E8A50AC63BE422598F2,전툴라,AR,114/086,608554,high_confidence,8696,8512,2026-06-26,0,0,0,0,0,0,1,6600,3,6600,0,0,0,0,1000,4,0,NONE,0,,,SCRYDEX_ONLY,
CRD_3EB598DB6DD6410AAE57,베베솔트,AR,078/071,120734,high_confidence,3519,3257,2026-06-28,0,0,0,0,0,0,2,6490,12,6500,0,0,0,0,1000,13,0,NONE,0,,,SCRYDEX_ONLY,
CRD_3ECB798328944A0F8A34,굽이치는물결 ex,UR,099/071,186439,high_confidence,9849,10049,2026-06-28,0,0,0,1,3200,3200,1,8500,1,8500,0,0,0,0,2000,3,3200,A_3M,30400,0.331,-66.9,SNK_A_3M_FALLBACK,SCRYDEX_HALF_LOW
CRD_3ED24376E1C34EC0A25B,푸크린 ex,RR,040/165,127837,high_confidence,538,522,2026-06-26,0,0,0,0,0,0,0,0,0,0,0,0,0,0,1900,1,0,NONE,0,,,SCRYDEX_ONLY,
CRD_3F0CF7904DE24591A85C,네크로즈마 GX,SR,053/051,334750,high_confidence,34555,34555,2026-06-28,0,0,0,0,0,0,0,0,0,0,0,0,0,0,1000,1,0,NONE,0,,,SCRYDEX_ONLY,
CRD_3F1A4E09C8E142A29BCF,맛보돈,AR,120/108,132265,high_confidence,8881,8743,2026-06-27,0,0,0,0,0,0,0,0,9,6900,0,0,0,0,1000,9,0,NONE,0,,,SCRYDEX_ONLY,
CRD_3F47FE910E9D4632AC13,키키링,AR,083/071,120737,high_confidence,4010,3918,2026-06-27,0,0,0,0,0,0,4,6750,9,6800,1,3000,1,3000,1000,11,0,NONE,0,,,SCRYDEX_ONLY,
CRD_3F605DD9C57145F4A405,레시라무 ex,SR,160/086,607935,high_confidence,3703,3472,2026-06-26,2,1100,1000,5,1000,1000,3,8800,12,8989,0,0,0,0,1000,19,1100,A_1M,10450,0.332,-66.8,SNK_A_1M_OK,SCRYDEX_HALF_LOW
CRD_3F61C7008F084A26A6CC,독개굴 ex,RR,055/078,110731,high_confidence,553,645,2026-06-27,0,0,0,0,0,0,0,0,0,0,0,0,0,0,1000,2,0,NONE,0,,,SCRYDEX_ONLY,
CRD_3FAA8A6B685E4661B8C6,라뉴이,SR,158/150,100063,high_confidence,38397,38397,2026-06-28,0,0,0,0,0,0,2,12569,11,11999,1,5555,2,4027,10000,21,0,NONE,0,,,SCRYDEX_ONLY,
CRD_3FED5DC18A974AFBB5BA,딜리버드,AR,074/063,661161,high_confidence,2720,2535,2026-06-26,0,0,0,0,0,0,10,6800,19,6800,0,0,1,2499,1000,19,0,NONE,0,,,SCRYDEX_ONLY,
CRD_3FF1314B8C744C4087FA,시유,SAR,129/101,255643,high_confidence,145489,145274,2026-06-27,5,22800,21000,24,22650,21000,22,69948,57,71866,12,17575,41,19400,10800,77,22800,A_1M,216600,0.671,-32.9,SNK_A_1M_OK,
CRD_401FD6071DA84BD28DBD,가디안 ex,SR,092/078,110901,high_confidence,7744,7744,2026-06-27,0,0,0,1,1280,1280,0,0,2,6900,0,0,0,0,1000,7,1280,A_3M,12160,0.637,-36.3,SNK_A_3M_FALLBACK,
CRD_4032908FFCFF4C66A7DA,알로라질뻐기 GX,SR,054/051,106109,high_confidence,16133,16133,2026-06-28,0,0,0,0,0,0,0,0,0,0,0,0,0,0,0,0,0,NONE,0,,,SCRYDEX_ONLY,
CRD_403F30AD7CEB4458A3BA,유리카,SR,101/094,91313,high_confidence,152000,0,2026-05-08,0,0,0,1,11400,11400,0,0,9,23798,0,0,0,0,8900,18,11400,A_3M,108300,,,SNK_A_3M_FALLBACK,
CRD_404917AFA01148F5B7A7,브리두라스 ex,SR,080/064,385169,high_confidence,1951,1967,2026-06-28,0,0,0,0,0,0,0,0,0,0,0,0,0,0,1000,2,0,NONE,0,,,SCRYDEX_ONLY,
CRD_407679EEDAA34799BBA6,실버디 GX,RR,041/049,340629,high_confidence,3857,3749,2026-06-28,0,0,0,0,0,0,0,0,1,6666,1,3999,1,3999,1000,3,0,NONE,0,,,SCRYDEX_ONLY,
CRD_40B4022498F2461CB0E9,자포코일 EX,SR,082/080,380797,high_confidence,7682,7682,2026-06-26,0,0,0,0,0,0,0,0,0,0,0,0,0,0,98000,1,0,NONE,0,,,SCRYDEX_ONLY,
CRD_40D2B16676124F24A955,무우마직 ex,SR,097/080,704388,high_confidence,2428,2474,2026-06-26,0,0,0,0,0,0,2,6600,0,0,0,0,0,0,1000,6,0,NONE,0,,,SCRYDEX_ONLY,
CRD_40D95A6077D44FA3A682,비주기의 카리스마,SAR,207/165,128123,high_confidence,32097,32097,2026-06-27,2,4400,3800,10,4124,3800,4,17374,26,19650,0,0,3,5500,2000,39,4400,A_1M,41800,0.768,-23.2,SNK_A_1M_OK,
CRD_4143730A5E3C4C31B192,불카모스,AR,104/086,608476,high_confidence,23016,23915,2026-06-26,0,0,0,1,1000,1000,6,6839,13,7000,0,0,0,0,6700,7,1000,A_3M,9500,2.517,151.7,SNK_A_3M_FALLBACK,SCRYDEX_2X_HIGH
CRD_4156299E17D24C468D3E,명희,SR,068/049,91278,high_confidence,422532,422532,2026-06-28,1,45000,45000,6,47500,45000,13,81000,55,81500,5,44800,12,41800,39800,132,45000,A_1M,427500,0.988,-1.2,SNK_A_1M_OK,
CRD_41A8630816A54FD4A1F7,흉내내기 아가씨,SR,077/066,91305,high_confidence,285000,0,2026-05-08,0,0,0,0,0,0,3,36000,4,36500,0,0,0,0,10000,13,0,NONE,0,,,SCRYDEX_ONLY,
CRD_41C4A6AF0C704C7CB5CF,독개굴 EX,SR,083/080,108505,high_confidence,3073,3073,2026-06-26,0,0,0,0,0,0,0,0,0,0,0,0,0,0,20000,1,0,NONE,0,,,SCRYDEX_ONLY,
CRD_41CF2D5A4A6A43DDB951,기로치,AR,108/101,245819,high_confidence,3411,3411,2026-06-28,1,1000,1000,2,1250,1000,3,6600,14,6625,0,0,0,0,1000,17,1000,A_1M,9500,0.359,-64.1,SNK_A_1M_OK,SCRYDEX_HALF_LOW
CRD_421B1590AD54493AA0C1,올리르바 ex,SR,111/098,568896,high_confidence,4471,4471,2026-06-26,0,0,0,0,0,0,1,6800,1,6800,0,0,0,0,1000,3,0,NONE,0,,,SCRYDEX_ONLY,
CRD_4224526A99B34DDDA194,포푸니라 GX,SR,183/173,396157,high_confidence,7728,7421,2026-06-28,0,0,0,0,0,0,0,0,0,0,0,0,0,0,2800,3,0,NONE,0,,,SCRYDEX_ONLY,
CRD_422F8452B1C741639603,위대한엄니 ex,SAR,102/078,110898,high_confidence,20451,20451,2026-06-27,0,0,0,1,1500,1500,1,8500,3,8500,0,0,0,0,1500,6,1500,A_3M,14250,1.435,43.5,SNK_A_3M_FALLBACK,
CRD_43490A3EE356478497CB,호브의 자시안 ex,RR,123/193,730166,high_confidence,430,461,2026-06-28,0,0,0,0,0,0,0,0,0,0,0,0,0,0,1000,38,0,NONE,0,,,SCRYDEX_ONLY,
CRD_437C97C642DD44B5B6AD,딩루 ex,UR,359/190,164710,high_confidence,4563,4533,2026-06-27,0,0,0,0,0,0,1,7500,1,7500,0,0,0,0,1280,2,0,NONE,0,,,SCRYDEX_ONLY,
CRD_43BC0926ACC14BDDAA6B,개굴닌자 ex,SAR,090/066,224087,high_confidence,317944,317298,2026-06-28,0,0,0,8,48000,41666,28,64599,82,69843,0,0,12,43444,32980,125,48000,A_3M,456000,0.696,-30.4,SNK_A_3M_FALLBACK,
CRD_43D855425B824A7DAA12,나로테,AR,076/073,116066,high_confidence,11339,10141,2026-06-27,1,1000,1000,2,1000,1000,2,7299,9,7099,0,0,1,2222,1000,9,1000,A_1M,9500,1.067,6.7,SNK_A_1M_OK,
CRD_43FDDC429EF844C5A887,블래리,SR,061/054,393120,high_confidence,19283,19283,2026-06-27,0,0,0,0,0,0,0,0,0,0,0,0,0,0,68000,1,0,NONE,0,,,SCRYDEX_ONLY,
CRD_4401EC58464B477AA7F6,이벨타르,AR,071/062,136491,high_confidence,14412,14259,2026-06-26,1,1000,1000,1,1000,1000,5,7433,19,7433,0,0,0,0,1100,22,1000,A_1M,9500,1.501,50.1,SNK_A_1M_OK,
CRD_44313E703A974D358FBF,갑주무사 GX,RR,007/051,334704,high_confidence,3073,3073,2026-06-27,0,0,0,0,0,0,0,0,0,0,0,0,0,0,0,0,0,NONE,0,,,SCRYDEX_ONLY,
CRD_448903DEA445481396DD,화염레오,AR,077/073,116067,high_confidence,5209,5086,2026-06-27,0,0,0,0,0,0,2,6899,7,7000,0,0,0,0,1000,7,0,NONE,0,,,SCRYDEX_ONLY,
CRD_4549B35197074BE18BA7,우락고래 ex,SR,113/098,568318,high_confidence,3457,3365,2026-06-28,0,0,0,0,0,0,2,6200,2,6200,0,0,0,0,1000,2,0,NONE,0,,,SCRYDEX_ONLY,
CRD_45708EEF14E84AD79B2A,엘레이드,CHR,057/049,126677,high_confidence,15718,15457,2026-06-26,0,0,0,0,0,0,1,8900,5,8900,0,0,0,0,3000,1,0,NONE,0,,,SCRYDEX_ONLY,
CRD_45BCEE6F7FD34E328ECD,강철톤,AR,074/066,152765,high_confidence,15672,15472,2026-06-28,0,0,0,2,1400,1800,4,7990,6,7980,0,0,0,0,1200,3,1400,A_3M,13300,1.163,16.3,SNK_A_3M_FALLBACK,
CRD_45C9E6F60F414FF4A7C1,망나뇽 EX,SR,111/100,91464,high_confidence,460944,460944,2026-06-28,0,0,0,0,0,0,2,277083,11,273000,0,0,1,99999,260000,10,0,NONE,0,,,SCRYDEX_ONLY,
CRD_45F4859A17FA4968BCF6,딱구리 ex,RR,076/165,127907,high_confidence,630,622,2026-06-26,0,0,0,1,1000,1000,0,0,0,0,0,0,0,0,1000,6,1000,A_3M,9500,0.065,-93.5,MAPPING_REVIEW,SCRYDEX_HALF_LOW
CRD_462F20A41FFE435A999B,웅의 스카우트,SR,123/100,505955,high_confidence,2320,2335,2026-06-28,0,0,0,0,0,0,1,7000,1,7000,0,0,0,0,1000,9,0,NONE,0,,,SCRYDEX_ONLY,
CRD_465B3016FD4B41409D8C,냄새꼬,AR,109/108,132254,high_confidence,12292,11401,2026-06-25,2,1000,1000,3,1000,1000,12,12766,21,10000,0,0,0,0,1000,20,1000,A_1M,9500,1.2,20.0,SNK_A_1M_OK,
CRD_466576292217484F9E58,떨구새 ex,SR,080/062,140304,high_confidence,1859,1859,2026-06-27,0,0,0,0,0,0,0,0,0,0,0,0,0,0,1000,5,0,NONE,0,,,SCRYDEX_ONLY,
CRD_4681609374F6454994EB,루티아,SR,102/096,91302,high_confidence,2375000,0,2026-05-09,0,0,0,0,0,0,17,282000,57,275000,0,0,4,155000,130000,63,0,NONE,0,,,SCRYDEX_ONLY,
CRD_47A0659087604D088710,폭거북스,AR,105/102,326009,high_confidence,2520,2497,2026-06-26,0,0,0,0,0,0,1,6180,7,6500,1,2880,1,2880,1000,6,0,NONE,0,,,SCRYDEX_ONLY,
CRD_4828906D1AF3429BB260,글레이시아 GX,SSR,215/150,112782,high_confidence,76824,76824,2026-06-28,0,0,0,3,12500,12500,7,27000,22,32000,2,9935,5,8600,9580,24,12500,A_3M,118750,0.647,-35.3,SNK_A_3M_FALLBACK,
CRD_4828E06D60BD439AB3E4,노고고치 ex,SR,120/100,506155,high_confidence,1675,1644,2026-06-28,0,0,0,0,0,0,4,6850,5,6900,0,0,0,0,1000,6,0,NONE,0,,,SCRYDEX_ONLY,
CRD_487CFF0EF551423B842A,블래키 GX,SSR,229/150,91299,high_confidence,400007,400007,2026-06-28,0,0,0,1,65000,65000,7,215555,38,199999,0,0,3,84999,45000,49,65000,A_3M,617500,0.648,-35.2,SNK_A_3M_FALLBACK,
CRD_489EB78CD21244439801,따라큐 GX,RR,038/050,335619,high_confidence,19913,19467,2026-06-28,0,0,0,1,3300,3300,1,12800,6,14325,0,0,1,3999,1000,15,3300,A_3M,31350,0.621,-37.9,SNK_A_3M_FALLBACK,
CRD_48B3B385581F4DFEA769,아기씨,SR,100/094,321610,high_confidence,351500,0,2026-05-09,0,0,0,0,0,0,0,0,0,0,0,0,0,0,0,0,0,NONE,0,,,SCRYDEX_ONLY,
CRD_491F98C389C24B31804E,M이상해꽃 EX,RR,002/100,379667,high_confidence,35216,35493,2026-06-28,0,0,0,0,0,0,1,21200,2,22225,0,0,1,4100,1800,14,0,NONE,0,,,SCRYDEX_ONLY,
CRD_4926DF1CF0484F49BC50,메가리자몽X ex,SR,094/080,704385,high_confidence,49121,47600,2026-06-28,21,5000,4599,71,6720,4599,30,19310,89,21469,8,7212,27,7024,4100,212,5000,A_1M,47500,1.002,0.2,SNK_A_1M_OK,
CRD_492B3C0921ED4DF68345,아이리스,SR,082/076,91575,high_confidence,614592,614592,2026-06-28,0,0,0,0,0,0,2,383444,5,387500,0,0,0,0,12000,23,0,NONE,0,,,SCRYDEX_ONLY,
CRD_498BBDABFF4741DD92A0,썬더 ex,RR,145/165,128042,high_confidence,953,822,2026-06-26,1,1000,1000,3,1000,1000,0,0,0,0,0,0,0,0,1000,8,1000,A_1M,9500,0.087,-91.3,MAPPING_REVIEW,SCRYDEX_HALF_LOW
CRD_49B4C54D818A4CF7BA81,M리자몽 EX,RR,055/080,108500,high_confidence,437897,380279,2026-06-26,1,70000,70000,1,70000,70000,10,146900,29,145000,4,50750,8,46000,12000,38,70000,A_1M,665000,0.572,-42.8,SNK_A_1M_OK,
CRD_49B864154D884E16A393,MC의 호응유도,SR,082/063,546112,high_confidence,4763,4686,2026-06-28,1,2050,2050,2,1925,2050,3,8600,4,8800,0,0,1,2500,1000,14,2050,A_1M,19475,0.241,-75.9,MAPPING_REVIEW,SCRYDEX_HALF_LOW
CRD_49CC517FCE054EB99CD3,M리자몽 EX,RR,013/100,106311,high_confidence,133090,133090,2026-06-28,0,0,0,0,0,0,4,91249,14,93749,0,0,1,24000,10000,15,0,NONE,0,,,SCRYDEX_ONLY,
CRD_4A17C07AEF20419B859B,테라키온,SR,068/066,108825,high_confidence,30699,30699,2026-06-28,0,0,0,0,0,0,0,0,0,0,0,0,0,0,22222,1,0,NONE,0,,,SCRYDEX_ONLY,
CRD_4A61F5781B4E4CF1A1F0,절벼게,AR,088/078,110904,high_confidence,3580,3396,2026-06-28,1,1000,1000,1,1000,1000,2,6850,10,6750,0,0,0,0,1000,4,1000,A_1M,9500,0.357,-64.3,SNK_A_1M_OK,SCRYDEX_HALF_LOW
CRD_4A6CC4A034DF4C3DAD74,피카츄 ex,SAR,234/193,730956,high_confidence,417984,416186,2026-06-26,30,54673,46000,91,64650,46000,32,96430,93,118427,25,39500,61,50000,33333,625,54673,A_1M,519394,0.801,-19.9,SNK_A_1M_OK,
CRD_4AC772DA06674B6BBCD3,전지충이,AR,076/071,182580,high_confidence,3595,3472,2026-06-27,0,0,0,0,0,0,2,6833,5,6666,1,2555,1,2555,1000,5,0,NONE,0,,,SCRYDEX_ONLY,
CRD_4B11473ECD9245248564,하데리어,AR,154/086,608594,high_confidence,14397,13582,2026-06-28,0,0,0,0,0,0,1,7300,3,6500,0,0,1,3500,1000,2,0,NONE,0,,,SCRYDEX_ONLY,
CRD_4B1DB69AB33149CFB3D1,파오젠 ex,RR,054/190,151725,high_confidence,399,461,2026-06-27,0,0,0,0,0,0,0,0,0,0,0,0,0,0,1000,6,0,NONE,0,,,SCRYDEX_ONLY,
CRD_4B6DD9DF25B548FEA79D,카푸꼬꼬꼭 ex,SAR,086/062,140158,high_confidence,26443,25029,2026-06-26,1,3500,3500,1,3500,3500,1,11000,3,11000,0,0,0,0,4000,5,3500,A_1M,33250,0.753,-24.7,SNK_A_1M_OK,
CRD_4BC0454F738547C680E7,토게피&삐&푸푸린 GX,SR,185/173,104549,high_confidence,123856,109689,2026-06-26,1,12800,12800,5,12800,12800,1,37700,10,34500,0,0,2,11750,9999,8,12800,A_1M,121600,0.902,-9.8,SNK_A_1M_OK,
CRD_4BDF5407844B4C4399F9,루기아 GX,SR,100/095,104644,high_confidence,115190,115190,2026-06-28,0,0,0,3,25000,20500,1,80000,11,115000,2,23499,4,23489,18000,27,25000,A_3M,237500,0.485,-51.5,SNK_A_3M_FALLBACK,SCRYDEX_HALF_LOW
CRD_4BE279D087D44FB6B0F3,렌트라 ex,SR,118/101,256070,high_confidence,3780,3818,2026-06-26,0,0,0,0,0,0,0,0,0,0,0,0,0,0,1160,2,0,NONE,0,,,SCRYDEX_ONLY,
CRD_4BF74DA1A517491DB6F7,저리어,AR,117/086,608488,high_confidence,18115,17270,2026-06-27,1,1100,1100,1,1100,1100,0,0,2,7475,0,0,0,0,6800,2,1100,A_1M,10450,1.653,65.3,SNK_A_1M_OK,
CRD_4C0F021D6C8D4B2C95BD,망나뇽 GX,RR,069/094,321580,high_confidence,6930,6438,2026-06-26,0,0,0,1,1500,1500,1,15500,3,15000,0,0,0,0,1000,5,1500,A_3M,14250,0.452,-54.8,SNK_A_3M_FALLBACK,SCRYDEX_HALF_LOW
CRD_4C491E5A492F45CB8EB5,그린의 전략,SR,104/094,104597,high_confidence,50166,49167,2026-06-28,1,4200,4200,2,3600,4200,1,14500,6,13950,2,5000,4,5000,4000,8,4200,A_1M,39900,1.232,23.2,SNK_A_1M_OK,
CRD_4C6B8CCE76054101B753,헤라크로스 EX,RR,004/096,390218,high_confidence,5931,5931,2026-06-28,0,0,0,0,0,0,0,0,0,0,0,0,0,0,0,0,0,NONE,0,,,SCRYDEX_ONLY,
CRD_4C94C9838D3A4C2DA183,악식킹 GX,SR,053/050,334920,high_confidence,18929,18929,2026-06-28,0,0,0,0,0,0,0,0,0,0,0,0,0,0,0,0,0,NONE,0,,,SCRYDEX_ONLY,
CRD_4CC1B8E1952F40E5AE74,스코빌런 ex,RR,147/742,408337,high_confidence,369,353,2026-06-27,0,0,0,0,0,0,0,0,0,0,0,0,0,0,1000,2,0,NONE,0,,,SCRYDEX_ONLY,
CRD_4CCBCECB375543B99CEB,아크로마플라스마단,SR,075/070,91603,high_confidence,323000,0,2026-05-08,0,0,0,0,0,0,0,0,3,35000,0,0,0,0,10000,2,0,NONE,0,,,SCRYDEX_ONLY,
CRD_4CE79903A8A042498E53,차곡차곡 GX,SR,099/096,334424,high_confidence,13828,13828,2026-06-28,0,0,0,0,0,0,0,0,0,0,0,0,0,0,1800,1,0,NONE,0,,,SCRYDEX_ONLY,
CRD_4CF3E079DB20440ABDB1,벌차이,AR,144/086,608513,high_confidence,6638,6361,2026-06-27,0,0,0,0,0,0,0,0,0,0,0,0,0,0,1000,7,0,NONE,0,,,SCRYDEX_ONLY,
CRD_4D1CD4CF50AA440F904D,거북왕&팽도리 GX,SR,069/064,104578,high_confidence,50627,50627,2026-06-28,0,0,0,1,9999,9999,0,0,3,21000,0,0,0,0,30000,3,9999,A_3M,94990,0.533,-46.7,SNK_A_3M_FALLBACK,
CRD_4DC3694C7B5E49B7A1A8,제크로무 ex,SAR,169/086,607934,high_confidence,241212,233361,2026-06-26,8,29399,24000,27,28666,24000,26,42780,78,45379,1,24500,11,20800,21800,85,29399,A_1M,279290,0.836,-16.4,SNK_A_1M_OK,
CRD_4DD30CBFBB2B4EB88C71,루기아 EX,SR,092/081,385531,high_confidence,76809,76809,2026-06-28,0,0,0,0,0,0,0,0,2,449000,0,0,0,0,238000,5,0,NONE,0,,,SCRYDEX_ONLY,
CRD_4E00186303FD42FCA5B7,빙큐보 ex,RR,020/108,132165,high_confidence,492,522,2026-06-28,0,0,0,0,0,0,0,0,0,0,0,0,0,0,1000,3,0,NONE,0,,,SCRYDEX_ONLY,
CRD_4E19D3DA09F7478A8AE4,칼라마네로 EX,SR,091/088,390654,high_confidence,76809,76809,2026-06-28,0,0,0,0,0,0,1,15000,0,0,0,0,0,0,32000,3,0,NONE,0,,,SCRYDEX_ONLY,
CRD_4E35CE088AB142C69436D3D5EB25F6E7,카르본,AR,083/080,704378,high_confidence,2735,2689,2026-06-26,1,1650,1650,2,1325,1650,11,6800,24,6762,2,3150,5,2999,1000,33,1650,A_1M,15675,0.172,-82.8,MAPPING_REVIEW,SCRYDEX_HALF_LOW
CRD_4E40BBC7A11147499348,엠페르트 ex,SR,099/080,704390,high_confidence,2704,2658,2026-06-28,1,1000,1000,1,1000,1000,2,6374,3,6500,0,0,0,0,1000,6,1000,A_1M,9500,0.28,-72.0,MAPPING_REVIEW,SCRYDEX_HALF_LOW
CRD_4E71B1C188B74ACDB2DB,요가램 ex,SR,120/102,326014,high_confidence,2013,2028,2026-06-28,0,0,0,0,0,0,0,0,0,0,0,0,0,0,1000,3,0,NONE,0,,,SCRYDEX_ONLY,
CRD_4E99AE84CC834A47AD97,파치리스,AR,084/078,109862,high_confidence,11355,10648,2026-06-26,3,1200,4000,6,1000,4000,7,7760,20,7684,0,0,1,2500,1000,9,1200,A_1M,11400,0.934,-6.6,SNK_A_1M_OK,
CRD_4EE25BC32C984F3BBC3C,아켄,AR,129/086,608569,high_confidence,7836,6945,2026-06-28,0,0,0,0,0,0,0,0,1,6500,0,0,0,0,1000,2,0,NONE,0,,,SCRYDEX_ONLY,
CRD_4F19F10CD72544CDB78E,이벨타르 GX,SR,097/094,334655,high_confidence,22986,22740,2026-06-28,0,0,0,0,0,0,0,0,0,0,0,0,0,0,28000,2,0,NONE,0,,,SCRYDEX_ONLY,
CRD_4F9A907B588C4D71ADBF,민진,SR,088/078,91524,high_confidence,171000,0,2026-05-08,0,0,0,0,0,0,2,19250,3,19000,0,0,0,0,8000,3,0,NONE,0,,,SCRYDEX_ONLY,
CRD_4FBC77A3FDD544CCA755,루가루암 GX,SR,053/050,336287,high_confidence,9500,0,2026-05-08,0,0,0,0,0,0,0,0,0,0,0,0,0,0,0,0,0,NONE,0,,,SCRYDEX_ONLY,
CRD_500998CEAE8F48BE9DA0,큐레무 ex,SAR,168/086,608395,high_confidence,67113,64256,2026-06-28,1,4000,4000,10,4350,4000,10,12550,40,11557,1,4444,2,4472,4200,30,4000,A_1M,38000,1.691,69.1,SNK_A_1M_OK,
CRD_50821B0A1B1544889F09,눈쓰개,AR,067/063,664113,high_confidence,2612,2335,2026-06-26,0,0,0,0,0,0,10,6525,28,6658,0,0,2,2249,1000,19,0,NONE,0,,,SCRYDEX_ONLY,
CRD_50907E2F804C48AEA846,이벨타르 GX,RR,046/080,334614,high_confidence,8174,8174,2026-06-26,0,0,0,0,0,0,0,0,0,0,0,0,0,0,2200,2,0,NONE,0,,,SCRYDEX_ONLY,
CRD_509F370C46394353934C,암팰리스,AR,067/066,152779,high_confidence,3242,3288,2026-06-27,0,0,0,0,0,0,2,6489,9,6800,0,0,1,2444,1000,4,0,NONE,0,,,SCRYDEX_ONLY,
CRD_51054B3353C34EBC99FF,무쇠바퀴 ex,SAR,103/078,110936,high_confidence,8635,8451,2026-06-28,1,1000,1000,2,1000,1000,0,0,0,0,0,0,1,2200,1500,4,1000,A_1M,9500,0.89,-11.0,SNK_A_1M_OK,
CRD_510E12E6D5CD417197BF,굽이치는물결 ex,SAR,094/071,180179,high_confidence,52471,52986,2026-06-26,1,4200,4200,4,4100,4200,3,13500,12,10899,0,0,2,5250,2200,9,4200,A_1M,39900,1.328,32.8,SNK_A_1M_OK,
CRD_517D349E079B4F5E83C7,라티오스 EX,SR,082/078,107419,high_confidence,245837,245837,2026-06-03,0,0,0,0,0,0,0,0,3,119999,0,0,0,0,120000,1,0,NONE,0,,,SCRYDEX_ONLY,
CRD_519C4783A21343ABB5E8,이수재의 전송,SR,199/165,128115,high_confidence,2904,3042,2026-06-27,2,1000,1000,5,1000,1000,0,0,2,7777,1,3480,1,3480,1000,3,1000,A_1M,9500,0.32,-68.0,MAPPING_REVIEW,SCRYDEX_HALF_LOW
CRD_51A40A7F283548AAA8AC,갑주무사 GX,SR,052/051,334749,high_confidence,4609,4609,2026-06-28,0,0,0,0,0,0,0,0,0,0,0,0,0,0,0,0,0,NONE,0,,,SCRYDEX_ONLY,
CRD_51BAE0050B1B403BBD88,화이트큐레무 GX,RR,035/053,391708,high_confidence,10755,10755,2026-06-27,0,0,0,0,0,0,0,0,0,0,0,0,0,0,0,0,0,NONE,0,,,SCRYDEX_ONLY,
CRD_51C1A941A9694DF8AA9A,알로라나시 GX,SR,054/050,105446,high_confidence,23047,23047,2026-06-28,0,0,0,0,0,0,0,0,0,0,0,0,0,0,0,0,0,NONE,0,,,SCRYDEX_ONLY,
CRD_51D5975726974B7B8758,트래피더 ex,SAR,101/078,110786,high_confidence,24338,22924,2026-06-27,0,0,0,1,1000,1000,1,7300,1,7300,0,0,0,0,7280,2,1000,A_3M,9500,2.413,141.3,SNK_A_3M_FALLBACK,SCRYDEX_2X_HIGH
CRD_51EB2AB1F8BE40468C95,데덴네 GX,SR,175/173,396155,high_confidence,76547,76547,2026-06-28,1,19999,19999,3,19999,19999,11,47133,41,44760,2,15600,8,14000,10000,21,19999,A_1M,189990,0.403,-59.7,SNK_A_1M_OK,SCRYDEX_HALF_LOW
CRD_526DC57204B446B594BD,무쇠독나방,AR,069/066,138245,high_confidence,4056,3672,2026-06-27,1,1000,1000,1,1000,1000,0,0,2,6500,0,0,0,0,1000,5,1000,A_1M,9500,0.387,-61.3,SNK_A_1M_OK,SCRYDEX_HALF_LOW
CRD_52AAE0598913498D8B12,유빈,SR,056/050,105312,high_confidence,17762,17762,2026-06-27,0,0,0,0,0,0,1,7800,3,7800,0,0,0,0,4200,1,0,NONE,0,,,SCRYDEX_ONLY,
CRD_52D2632208334D4B88B0,투로박사의 시나리오,SR,087/066,148934,high_confidence,2904,2904,2026-06-27,0,0,0,0,0,0,0,0,0,0,0,0,0,0,1000,3,0,NONE,0,,,SCRYDEX_ONLY,
CRD_52F60B81183042E68553,아고용 GX,SR,058/054,393177,high_confidence,6668,6545,2026-06-28,0,0,0,0,0,0,0,0,0,0,0,0,0,0,0,0,0,NONE,0,,,SCRYDEX_ONLY,
CRD_5308BD56BE1440DC86D2,갸라도스 GX,SR,051/050,105477,high_confidence,15349,15349,2026-06-26,0,0,0,1,7800,7800,0,0,2,23500,0,0,0,0,4000,5,7800,A_3M,74100,0.207,-79.3,MAPPING_REVIEW,SCRYDEX_HALF_LOW
CRD_53468E96BA24425694EB,초련의 암시,SR,,100073,high_confidence,139835,139912,2026-06-28,0,0,0,5,9800,10000,4,26759,21,31000,2,9650,5,9899,7780,40,9800,A_3M,93100,1.503,50.3,SNK_A_3M_FALLBACK,
CRD_536CF43303D74BB4BB90,운향,SR,094/073,115237,high_confidence,7099,7099,2026-06-28,0,0,0,0,0,0,13,10400,29,10424,1,11999,5,2980,1000,53,0,NONE,0,,,SCRYDEX_ONLY,
CRD_539273CC06F546848821,민화의 초대,SAR,206/165,128122,high_confidence,66145,66545,2026-06-27,2,9500,9000,24,10200,9000,19,29596,64,33377,5,8900,25,8500,6500,113,9500,A_1M,90250,0.737,-26.3,SNK_A_1M_OK,
CRD_539D580996A8493CA8A2,캥카 ex,RR,115/165,127984,high_confidence,568,522,2026-06-28,0,0,0,0,0,0,0,0,0,0,0,0,0,0,1000,6,0,NONE,0,,,SCRYDEX_ONLY,
CRD_53A0FD8027524CC4A991,알로라나시 GX,RR,037/050,334905,high_confidence,8958,8958,2026-06-28,0,0,0,0,0,0,0,0,0,0,0,0,0,0,0,0,0,NONE,0,,,SCRYDEX_ONLY,
CRD_53BC7943DA1C4E528F42,부르르룸 ex,RR,015/064,282102,high_confidence,430,399,2026-06-27,0,0,0,0,0,0,0,0,0,0,0,0,0,0,1000,1,0,NONE,0,,,SCRYDEX_ONLY,
CRD_53C3C8439568425FBA77,루가루암 GX,RR,061/150,112756,high_confidence,2366,2305,2026-06-27,0,0,0,0,0,0,0,0,0,0,0,0,0,0,1000,2,0,NONE,0,,,SCRYDEX_ONLY,
CRD_53E878DB5D8944638209,테라키온,AR,133/086,608573,high_confidence,7728,6622,2026-06-28,0,0,0,0,0,0,0,0,2,7240,0,0,0,0,1000,8,0,NONE,0,,,SCRYDEX_ONLY,
CRD_5403B77391C44B59BBF1,관광객,SR,189/173,91269,high_confidence,960300,1037216,2026-06-28,1,110000,110000,2,120000,110000,19,252000,62,252722,5,80000,20,95000,45000,63,110000,A_1M,1045000,0.993,-0.7,SNK_A_1M_OK,
CRD_54066807917542B79D0E,플라이곤,AR,088/080,704381,high_confidence,3519,3688,2026-06-28,0,0,0,0,0,0,7,6650,20,6848,1,2980,7,2500,1000,37,0,NONE,0,,,SCRYDEX_ONLY,
CRD_54122CD2AC754C009580,쉐이미,AR,066/063,546105,high_confidence,9311,9004,2026-06-28,1,1000,1000,3,1000,1000,4,8497,9,8300,2,3000,4,2750,1000,12,1000,A_1M,9500,0.948,-5.2,SNK_A_1M_OK,
CRD_5454D86FB3AE476B8576,메가이어롭 ex,RR,072/080,703013,high_confidence,522,568,2026-06-26,0,0,0,0,0,0,0,0,0,0,0,0,0,0,1000,5,0,NONE,0,,,SCRYDEX_ONLY,
CRD_5470C871DF3146EB9C6B,카지,SR,123/101,251917,high_confidence,3657,3641,2026-06-27,0,0,0,0,0,0,0,0,0,0,0,0,0,0,1000,8,0,NONE,0,,,SCRYDEX_ONLY,
CRD_5484754441BB42A286AE,무쇠바퀴 ex,SR,096/078,110911,high_confidence,2059,2028,2026-06-27,0,0,0,0,0,0,1,6450,0,0,0,0,0,0,1000,5,0,NONE,0,,,SCRYDEX_ONLY,
CRD_54D2FB20FB064C93818F,몰드류 ex,RR,387/742,605425,high_confidence,369,323,2026-06-27,0,0,0,0,0,0,0,0,0,0,0,0,0,0,1000,7,0,NONE,0,,,SCRYDEX_ONLY,
CRD_55EE6B10CEA84CDA8EED,마샤도&괴력몬 GX,SR,101/095,104622,high_confidence,142124,142124,2026-06-26,1,9999,9999,1,9999,9999,1,49800,14,35499,1,14800,3,15900,10100,7,9999,A_1M,94990,1.496,49.6,SNK_A_1M_OK,
CRD_55FDE55C017C4092A5B0,이브이,AR,078/066,224086,high_confidence,69157,67067,2026-06-28,7,5500,6300,44,5600,6300,27,18500,82,18758,4,6450,20,5800,4200,89,5500,A_1M,52250,1.284,28.4,SNK_A_1M_OK,
CRD_56AD26AE94C842519BA8,보만다 GX,SR,072/066,105349,high_confidence,15549,15549,2026-06-28,0,0,0,0,0,0,0,0,0,0,0,0,0,0,0,0,0,NONE,0,,,SCRYDEX_ONLY,
CRD_56F7E4C6FF4B4CBEA51F,가디안 GX,SSR,237/150,112800,high_confidence,69910,69910,2026-06-26,1,9000,9000,1,9000,9000,4,37749,12,37749,0,0,1,5999,4600,23,9000,A_1M,85500,0.818,-18.2,SNK_A_1M_OK,
CRD_57174D8548094A65841F,메가가디안 ex,SR,078/063,664090,high_confidence,6899,7252,2026-06-26,0,0,0,1,1000,1000,5,7600,29,7300,1,3000,1,3000,1000,32,1000,A_3M,9500,0.763,-23.7,SNK_A_3M_FALLBACK,
CRD_57278A1C3B6140809E3F,게을로,AR,117/106,418744,high_confidence,5516,5524,2026-06-26,0,0,0,1,1180,1180,4,6728,14,6728,0,0,0,0,1000,11,1180,A_3M,11210,0.493,-50.7,SNK_A_3M_FALLBACK,SCRYDEX_HALF_LOW
CRD_5727B24E8A6442A9A5E7,메가폭타 ex,SR,077/063,664104,high_confidence,3227,3134,2026-06-26,0,0,0,0,0,0,4,7225,6,7100,0,0,0,0,1000,15,0,NONE,0,,,SCRYDEX_ONLY,
CRD_574890E1CF4F4130A020,모아머,AR,089/086,606689,high_confidence,14965,13582,2026-06-27,0,0,0,0,0,0,2,6240,0,0,0,0,0,0,1000,3,0,NONE,0,,,SCRYDEX_ONLY,
CRD_57CF7BA35A2F4108A971,토게데마루,AR,090/080,703344,high_confidence,3181,3104,2026-06-26,0,0,0,0,0,0,10,6875,25,6700,3,2800,4,2650,1000,29,0,NONE,0,,,SCRYDEX_ONLY,
CRD_57E4BE5A1FDD46759576,이브이 ex,SAR,224/187,469630,high_confidence,38228,38504,2026-06-26,16,5172,6000,55,5550,6000,31,17000,91,17150,8,6099,28,6025,5000,141,5172,A_1M,49134,0.784,-21.6,SNK_A_1M_OK,
CRD_5830A265E66848C49F6F,제브라이카,AR,112/086,608552,high_confidence,8881,8374,2026-06-27,0,0,0,1,1000,1000,1,7500,3,7400,0,0,0,0,1000,6,1000,A_3M,9500,0.881,-11.9,SNK_A_3M_FALLBACK,
CRD_5854A8B691CA4AF9B909,TV 리포터,SR,073/066,91304,high_confidence,76824,76824,2026-06-28,1,25000,25000,1,25000,25000,1,24500,5,33000,0,0,0,0,22222,6,25000,A_1M,237500,0.323,-67.7,MAPPING_REVIEW,SCRYDEX_HALF_LOW
CRD_5856FD4E3CD348CD9E52,휠구,AR,139/086,608508,high_confidence,6561,6284,2026-06-26,0,0,0,0,0,0,0,0,1,6200,0,0,0,0,1000,1,0,NONE,0,,,SCRYDEX_ONLY,
CRD_5965C8E46105490CBE74,킹드라 EX,RR,055/078,389611,high_confidence,13045,13045,2026-06-28,0,0,0,0,0,0,0,0,0,0,0,0,0,0,0,0,0,NONE,0,,,SCRYDEX_ONLY,
CRD_59F6DAA62F9D4244976D,이브이 GX,SR,187/173,104535,high_confidence,65731,62443,2026-06-26,0,0,0,1,8000,8000,4,37049,14,31333,0,0,1,8700,12000,19,8000,A_3M,76000,0.822,-17.8,SNK_A_3M_FALLBACK,
CRD_5A1A6E8474A040978D4B,볼케니온 ex,SAR,124/100,506158,high_confidence,19836,19267,2026-06-26,1,1800,1800,2,1400,1800,6,7550,20,7500,1,1800,3,2900,1799,22,1800,A_1M,17100,1.127,12.7,SNK_A_1M_OK,
CRD_5AFD5F4B7631458284E9,오엽,SR,088/066,227636,high_confidence,1552,1552,2026-06-27,0,0,0,0,0,0,0,0,0,0,0,0,0,0,1000,5,0,NONE,0,,,SCRYDEX_ONLY,
CRD_5B35A21321964FEFB636,오거폰 주춧돌의 가면 ex,SAR,128/101,246357,high_confidence,17101,17086,2026-06-27,0,0,0,0,0,0,0,0,0,0,0,0,0,0,2300,2,0,NONE,0,,,SCRYDEX_ONLY,
CRD_5B57F8A6A3104F4E93DA,엘풍 GX,SR,103/095,393045,high_confidence,7898,7437,2026-06-28,0,0,0,0,0,0,0,0,0,0,0,0,0,0,15000,1,0,NONE,0,,,SCRYDEX_ONLY,
CRD_5B702C8872B74994BDE1,조로아크,AR,141/086,608581,high_confidence,38550,38504,2026-06-27,0,0,0,4,1900,2000,7,8366,19,8314,1,4099,3,4000,3300,18,1900,A_3M,18050,2.133,113.3,SNK_A_3M_FALLBACK,SCRYDEX_2X_HIGH
CRD_5B85A98483504BD2B701,심향의 칠색조 ex,UR,090/063,546118,high_confidence,26858,26059,2026-06-28,1,3500,3500,3,4750,3500,6,15958,23,15416,0,0,0,0,4980,27,3500,A_1M,33250,0.784,-21.6,SNK_A_1M_OK,
CRD_5BFE2B8ADBF64C2CBCFF,악비르,AR,142/086,608511,high_confidence,7790,7713,2026-06-26,0,0,0,0,0,0,0,0,0,0,0,0,0,0,1000,3,0,NONE,0,,,SCRYDEX_ONLY,
CRD_5C096EF4AA584BDCA606,시트론의 재치,SR,129/106,418752,high_confidence,2090,2090,2026-06-28,0,0,0,0,0,0,0,0,0,0,0,0,0,0,1200,2,0,NONE,0,,,SCRYDEX_ONLY,
CRD_5CDC6F885194428BADB1,에레키블 ex,SR,079/063,546111,high_confidence,2551,2504,2026-06-28,0,0,0,0,0,0,1,7000,1,7000,0,0,0,0,1000,3,0,NONE,0,,,SCRYDEX_ONLY,
CRD_5D7CA51BCEB44BAEA02D,곤율거니,AR,137/086,608577,high_confidence,8005,7421,2026-06-27,0,0,0,0,0,0,2,8150,3,7900,0,0,0,0,1280,3,0,NONE,0,,,SCRYDEX_ONLY,
CRD_5D857A6DB3B4475CAD61,팽도리,AR,085/080,704380,high_confidence,11662,11869,2026-06-26,10,1174,1066,29,1155,1066,31,7380,84,7833,10,2987,33,2700,1000,102,1174,A_1M,11153,1.064,6.4,SNK_A_1M_OK,
CRD_5D99F1F054944414B285,플라드리 최후의 수단,SR,095/088,108461,high_confidence,108537,108537,2026-06-28,0,0,0,0,0,0,0,0,0,0,1,9000,1,9000,29800,4,0,NONE,0,,,SCRYDEX_ONLY,
CRD_5D9E1E48807A4B839B95,돌핀맨 ex,SR,116/101,256068,high_confidence,1859,1951,2026-06-28,0,0,0,0,0,0,0,0,1,5500,0,0,0,0,1000,3,0,NONE,0,,,SCRYDEX_ONLY,
CRD_5DAB2DD66D0B451E8825,메테노,AR,070/062,136658,high_confidence,15319,14689,2026-06-26,0,0,0,0,0,0,3,6899,3,6899,0,0,1,2444,1000,4,0,NONE,0,,,SCRYDEX_ONLY,
CRD_5E2DD9D7EE3942628E86,괴력몬 EX,SR,088/081,107413,high_confidence,114000,0,2026-05-08,0,0,0,0,0,0,2,37500,4,37000,0,0,0,0,38500,1,0,NONE,0,,,SCRYDEX_ONLY,
CRD_5E4E70BF23AC40C7ACFF,게을킹 ex,SR,126/106,418751,high_confidence,1598,1598,2026-06-28,0,0,0,0,0,0,0,0,0,0,0,0,0,0,1180,3,0,NONE,0,,,SCRYDEX_ONLY,
CRD_5EC5DF045E124BF1ACA2,로켓단의 크로뱃 ex,SAR,127/098,568325,high_confidence,81480,80266,2026-06-26,2,7499,7499,7,7499,7499,11,16000,40,16037,0,0,2,6774,7499,26,7499,A_1M,71240,1.127,12.7,SNK_A_1M_OK,
CRD_5EE6DC9AFBE242028F0F,지라치 EX,SR,079/076,406757,high_confidence,138283,145966,2026-06-28,0,0,0,0,0,0,1,230000,1,230000,0,0,0,0,32000,7,0,NONE,0,,,SCRYDEX_ONLY,
CRD_5EF0A6A219594553A91B,한카리아스 ex,SAR,085/062,136493,high_confidence,48430,48169,2026-06-25,0,0,0,4,5849,5899,12,16625,35,17000,0,0,0,0,4300,32,5849,A_3M,55566,0.867,-13.3,SNK_A_3M_FALLBACK,
CRD_5F01EFF37F2B4265ACDD,줄뮤마,AR,111/086,608551,high_confidence,8681,7728,2026-06-26,0,0,0,0,0,0,1,6499,1,6499,0,0,0,0,1000,4,0,NONE,0,,,SCRYDEX_ONLY,
CRD_5F1E0C24C1C64F5FB49E,세레비&이상해꽃 GX,SR,096/095,396398,high_confidence,32266,27334,2026-06-27,0,0,0,0,0,0,1,14500,8,14600,0,0,2,7989,6300,8,0,NONE,0,,,SCRYDEX_ONLY,
CRD_5F7760C6F9C843AFBC32,오거폰 우물의 가면 ex,SAR,127/101,246358,high_confidence,23524,23339,2026-06-27,0,0,0,0,0,0,0,0,0,0,0,0,0,0,2200,2,0,NONE,0,,,SCRYDEX_ONLY,
CRD_5F8E8D482CEE40979BB4,후딘 ex,RR,075/190,156427,high_confidence,630,615,2026-06-28,0,0,0,0,0,0,0,0,0,0,0,0,0,0,1000,2,0,NONE,0,,,SCRYDEX_ONLY,
CRD_5FB16D1BB32E4BC8873F,쏘드라,AR,067/064,277251,high_confidence,21618,16302,2026-06-27,1,1100,1100,2,1050,1100,1,8433,5,8580,0,0,0,0,1300,6,1100,A_1M,10450,1.56,56.0,SNK_A_1M_OK,
CRD_5FFCA95807BE4F5A9443,비리디온 GX,SR,061/060,334817,high_confidence,12200,12200,2026-06-28,0,0,0,0,0,0,0,0,0,0,0,0,0,0,0,0,0,NONE,0,,,SCRYDEX_ONLY,
CRD_6033B85380BA4D14AE12,뮤 ex,SR,195/165,128111,high_confidence,30253,30684,2026-06-28,7,5200,4249,46,6600,4249,19,25900,48,28933,2,6939,4,7989,2800,92,5200,A_1M,49400,0.621,-37.9,SNK_A_1M_OK,
CRD_60994F0DC5F242CA928F,릴리에의 삐삐 ex,SR,115/100,505953,high_confidence,12338,11662,2026-06-26,3,2980,2980,12,2749,2980,22,10437,63,10800,1,3800,2,3140,2900,44,2980,A_1M,28310,0.412,-58.8,SNK_A_1M_OK,SCRYDEX_HALF_LOW
CRD_6233EED5112D4257876B,파라블레이즈,AR,109/106,411885,high_confidence,16056,14305,2026-06-28,3,1499,1499,5,1499,1499,11,7880,40,7930,0,0,2,3200,1000,67,1499,A_1M,14240,1.005,0.5,SNK_A_1M_OK,
CRD_624C4EA100C746ABB72D,스핀로토무,AR,213/193,730945,high_confidence,1767,1859,2026-06-28,1,1000,1000,2,1000,1000,6,6683,17,6800,1,3000,6,2322,1000,55,1000,A_1M,9500,0.196,-80.4,MAPPING_REVIEW,SCRYDEX_HALF_LOW
CRD_6287A3AF49C442799402,메가썬더볼트 ex,SR,077/063,664089,high_confidence,2796,2827,2026-06-26,0,0,0,0,0,0,3,7000,5,7000,0,0,0,0,1000,18,0,NONE,0,,,SCRYDEX_ONLY,
CRD_62BDFC93B8524B53A057,다크펫 ex,SR,095/078,110932,high_confidence,3196,3181,2026-06-27,0,0,0,0,0,0,1,6000,2,6000,0,0,0,0,1000,4,0,NONE,0,,,SCRYDEX_ONLY,
CRD_62C30725144E4427BB77,전툴라 ex,RR,033/102,307285,high_confidence,568,538,2026-06-28,0,0,0,0,0,0,0,0,0,0,0,0,0,0,1000,1,0,NONE,0,,,SCRYDEX_ONLY,
CRD_80D85D7E34F6498CA2BB,과사삭벌레,AR,077/066,221940,high_confidence,6438,6054,2026-06-28,1,1650,1650,2,1400,1650,1,6800,7,6800,0,0,0,0,1000,10,1650,A_1M,15675,0.386,-61.4,SNK_A_1M_OK,SCRYDEX_HALF_LOW
CRD_815D5679E06B4695ACEE,메가헤라크로스 ex,RR,004/080,702958,high_confidence,568,584,2026-06-28,0,0,0,0,0,0,0,0,0,0,0,0,0,0,1000,15,0,NONE,0,,,SCRYDEX_ONLY,
CRD_BA09E1E2876D4AF9A7EC,겟핸보숭,AR,092/080,702702,high_confidence,2720,2720,2026-06-26,1,1000,1000,2,1000,1000,18,6733,45,6700,1,2999,2,2721,1000,52,1000,A_1M,9500,0.286,-71.4,MAPPING_REVIEW,SCRYDEX_HALF_LOW
CRD_E4269732BF5E4DAE84E6,부스터 EX,RR,006/032,91495,high_confidence,161330,161330,2026-06-28,0,0,0,0,0,0,6,109749,23,127500,1,50000,1,50000,30000,25,0,NONE,0,,,SCRYDEX_ONLY,
CRD_84630510CDEC47779B56,무우마직 ex,RR,036/080,702985,high_confidence,522,415,2026-06-28,0,0,0,0,0,0,0,0,0,0,0,0,0,0,1000,13,0,NONE,0,,,SCRYDEX_ONLY,
CRD_7F1D667AFCA842A38431,엠페르트 ex,RR,058/080,702999,high_confidence,476,507,2026-06-27,0,0,0,0,0,0,0,0,0,0,0,0,0,0,1000,6,0,NONE,0,,,SCRYDEX_ONLY,
CRD_96F78E077FFB4F7BADB9,큐레무 EX,SR,084/081,385523,high_confidence,171000,0,2026-05-08,0,0,0,0,0,0,0,0,0,0,0,0,0,0,60000,2,0,NONE,0,,,SCRYDEX_ONLY,
CRD_80B334F26A674D66A45F,메가이어롭 ex,SR,100/080,704391,high_confidence,4348,4210,2026-06-26,0,0,0,1,1000,1000,1,7499,4,7249,0,0,0,0,1000,11,1000,A_3M,9500,0.443,-55.7,SNK_A_3M_FALLBACK,SCRYDEX_HALF_LOW
CRD_F5B64C8E7DA849918BEA,춤추새 ex,SR,095/080,704386,high_confidence,1813,1844,2026-06-28,0,0,0,0,0,0,3,7300,8,7215,0,0,0,0,1000,24,0,NONE,0,,,SCRYDEX_ONLY,
CRD_8C5E1C0CADAB42CBA2D3,로파파,AR,081/080,704376,high_confidence,3288,2988,2026-06-26,0,0,0,0,0,0,20,6800,41,6800,2,2940,5,2500,1000,37,0,NONE,0,,,SCRYDEX_ONLY,
CRD_649DBF44700540B8A098,콩알뚜기,AR,082/080,704377,high_confidence,2320,2044,2026-06-26,0,0,0,0,0,0,15,6800,33,6750,0,0,2,2322,1000,23,0,NONE,0,,,SCRYDEX_ONLY,
CRD_B8B69E5A34C042F2928346295A367A70,메가리자몽X ex,MUR,116/080,704407,high_confidence,995163,966308,2026-06-28,20,241500,205137,52,244000,205137,24,538349,74,578901,22,183750,77,204333,125000,246,241500,A_1M,2294250,0.421,-57.9,SNK_A_1M_OK,SCRYDEX_HALF_LOW
CRD_8DA52922128149E3B77A,빛나,SAR,115/080,704406,high_confidence,37828,38212,2026-06-28,17,3500,3449,46,3800,3449,26,13691,84,14354,11,4300,26,4200,2700,118,3500,A_1M,33250,1.149,14.9,SNK_A_1M_OK,
CRD_F95322AF0A1243D99F83,메가리자몽X ex,SAR,110/080,704401,high_confidence,1074184,1059633,2026-06-27,31,129936,121557,87,129333,121557,31,189299,92,200601,25,100000,65,106000,78000,404,129936,A_1M,1234392,0.858,-14.2,SNK_A_1M_OK,
CRD_6B3F6BFCB5834D188F85,팬텀,CHR,074/071,126676,high_confidence,61705,60199,2026-06-28,8,5252,5555,34,5527,5555,28,17913,85,17025,4,7700,18,5750,4300,102,5252,A_1M,49894,1.207,20.7,SNK_A_1M_OK,
CRD_9DA43870585949379283,리자몽 EX,SR,103/100,91462,high_confidence,1229184,1229184,2026-06-28,0,0,0,0,0,0,10,700000,27,689000,0,0,2,265000,80000,24,0,NONE,0,,,SCRYDEX_ONLY,
CRD_EC62C637F8664F9692A4,드라꼰,AR,211/193,724994,high_confidence,3088,3319,2026-06-27,0,0,0,0,0,0,11,6778,18,6739,2,2592,3,2500,1000,58,0,NONE,0,,,SCRYDEX_ONLY,
CRD_7633E4DC01B743F4A4BC,메가팬텀 ex,SAR,240/193,724996,high_confidence,705736,721301,2026-06-27,32,65925,58000,92,68741,58000,32,115062,93,131179,18,54610,51,61900,42000,389,65925,A_1M,626288,1.152,15.2,SNK_A_1M_OK,
CRD_75D9086E863C4AA6A733,드래런치,AR,212/193,724995,high_confidence,2366,2474,2026-06-26,0,0,0,1,1000,1000,11,6791,16,6750,1,2800,3,2444,1000,49,1000,A_3M,9500,0.26,-74.0,MAPPING_REVIEW,SCRYDEX_HALF_LOW
CRD_CCC2D6D574104829BBDF,N의 제크로무,AR,210/193,727387,high_confidence,10387,10133,2026-06-26,15,1000,1000,56,1081,1000,32,8969,90,9692,15,3500,29,3500,1000,177,1000,A_1M,9500,1.067,6.7,SNK_A_1M_OK,
CRD_644D9605B98343E2BD97,고라파덕,AR,199/193,729387,high_confidence,31990,33449,2026-06-28,30,2583,2000,91,2786,2000,32,21658,92,22359,21,4550,49,4980,2300,215,2583,A_1M,24538,1.363,36.3,SNK_A_1M_OK,
CRD_6E6A642B52D441B786B7,뷰티플라이,AR,194/193,731012,high_confidence,3488,3726,2026-06-26,1,1000,1000,1,1000,1000,13,6783,22,6700,0,0,3,2444,1000,49,1000,A_1M,9500,0.392,-60.8,SNK_A_1M_OK,SCRYDEX_HALF_LOW
CRD_EF8B22836E854405A0EE,메가자리 ex,RR,022/742,542643,high_confidence,538,338,2026-06-28,0,0,0,0,0,0,0,0,0,0,0,0,0,0,1000,9,0,NONE,0,,,SCRYDEX_ONLY,
CRD_91F9D869C7DF4777B799,오거폰 벽록의 가면 ex,RR,082/742,225329,high_confidence,538,522,2026-06-27,0,0,0,0,0,0,0,0,0,0,0,0,0,0,1000,1,0,NONE,0,,,SCRYDEX_ONLY,
CRD_D8CA3FC24E11442D97E0,빠모,AR,340/190,162093,high_confidence,5731,5193,2026-06-27,0,0,0,2,3250,3500,2,6999,5,6999,0,0,0,0,2400,8,3250,A_3M,30875,0.168,-83.2,MAPPING_REVIEW,SCRYDEX_HALF_LOW
CRD_78BC0A0FADB34F7CAADD,폭타 EX,RR,012/171,381542,high_confidence,4978,4594,2026-06-28,0,0,0,0,0,0,0,0,0,0,0,0,0,0,0,0,0,NONE,0,,,SCRYDEX_ONLY,
CRD_6F63FE893F744455B063,염무왕,AR,098/086,584797,high_confidence,15887,15780,2026-06-26,0,0,0,0,0,0,0,0,1,6500,0,0,0,0,1000,3,0,NONE,0,,,SCRYDEX_ONLY,
CRD_3E0AD8CAAB4F44D5B183,레시라무,SR,055/053,405566,high_confidence,1425000,0,2026-05-09,1,108000,108000,1,108000,108000,3,255000,7,250000,0,0,0,0,10000,7,108000,A_1M,1026000,,,SNK_A_1M_OK,
CRD_78E696D892A1480CB471,에몽가 EX,RR,023/060,379835,high_confidence,10725,10725,2026-06-28,0,0,0,0,0,0,0,0,0,0,0,0,0,0,4400,1,0,NONE,0,,,SCRYDEX_ONLY,
CRD_6393EBE4F2594F90B558,쉐이미 EX,SR,087/078,107420,high_confidence,171000,0,2026-05-08,0,0,0,0,0,0,0,0,1,39800,0,0,0,0,22000,2,0,NONE,0,,,SCRYDEX_ONLY,
CRD_79B0B8C088454C1EB451,대로트 EX,RR,011/070,381521,high_confidence,5746,5746,2026-06-26,0,0,0,0,0,0,0,0,0,0,0,0,0,0,0,0,0,NONE,0,,,SCRYDEX_ONLY,
CRD_FEFAF7CBA0EE46E7AC20,메가곤율거니 ex,RR,110/193,730154,high_confidence,384,415,2026-06-28,0,0,0,0,0,0,0,0,0,0,0,0,0,0,1000,14,0,NONE,0,,,SCRYDEX_ONLY,
CRD_A87D1D76614640AC9160,M피죤투 EX,RR,065/100,106659,high_confidence,59769,59400,2026-06-28,0,0,0,0,0,0,0,0,0,0,0,0,0,0,25000,1,0,NONE,0,,,SCRYDEX_ONLY,
CRD_9337B381E5BB47909A16,꼬몽울,AR,196/193,730938,high_confidence,4425,4563,2026-06-28,1,1000,1000,1,1000,1000,11,6800,20,6800,0,0,0,0,1000,53,1000,A_1M,9500,0.48,-52.0,SNK_A_1M_OK,SCRYDEX_HALF_LOW
CRD_979704595E1644E09F8A,난천의 화강돌,AR,208/193,730281,high_confidence,4932,4702,2026-06-26,2,3375,4000,5,2750,4000,24,6815,56,6952,5,3000,11,2980,1000,128,3375,A_1M,32062,0.147,-85.3,MAPPING_REVIEW,SCRYDEX_HALF_LOW
CRD_DF5E783CC8444CCFA94A,일레도리자드,AR,201/193,730940,high_confidence,1721,1974,2026-06-26,0,0,0,0,0,0,7,6800,15,6700,0,0,4,2444,1000,38,0,NONE,0,,,SCRYDEX_ONLY,
CRD_DE6ADE7BA0D1404C9EBB,심향의 마그카르고,AR,197/193,730939,high_confidence,2689,2889,2026-06-26,0,0,0,0,0,0,12,6840,28,6800,3,2899,8,2500,1000,62,0,NONE,0,,,SCRYDEX_ONLY,
CRD_A5FA3E3050F046ACB362,요가램,AR,207/193,730944,high_confidence,2720,2535,2026-06-26,1,1000,1000,1,1000,1000,6,6800,11,6820,3,2499,5,2444,1000,48,1000,A_1M,9500,0.267,-73.3,MAPPING_REVIEW,SCRYDEX_HALF_LOW
CRD_A2686BFC7EE14D7788F6,로켓단의 닥트리오,AR,206/193,730943,high_confidence,3549,3749,2026-06-26,2,1000,1000,2,1000,1000,15,6800,34,6999,2,2640,8,2600,1000,72,1000,A_1M,9500,0.395,-60.5,SNK_A_1M_OK,SCRYDEX_HALF_LOW
CRD_FA3F82848A274CCC8A5A,버베나와 헬레나,SR,219/193,730947,high_confidence,2059,2243,2026-06-28,1,1000,1000,5,1000,1000,3,7800,4,7899,1,3000,4,3000,1000,44,1000,A_1M,9500,0.236,-76.4,MAPPING_REVIEW,SCRYDEX_HALF_LOW
CRD_7C97C49AAB974ED1A3A3,모야모의 찌리배리 ex,SAR,236/193,730957,high_confidence,72599,72676,2026-06-26,16,5000,5000,58,6338,5000,28,16075,71,20000,4,5900,11,6200,4100,134,5000,A_1M,47500,1.53,53.0,SNK_A_1M_OK,
CRD_A82AA6D16570455DA915,둔타,AR,198/193,731014,high_confidence,2904,2904,2026-06-26,1,1000,1000,1,1000,1000,12,6800,20,6800,1,2500,5,2500,1000,37,1000,A_1M,9500,0.306,-69.4,MAPPING_REVIEW,SCRYDEX_HALF_LOW
CRD_F14BD93ACD694043B8B1,성호의 메타그로스 ex,SAR,245/193,730963,high_confidence,59078,58878,2026-06-27,13,3500,3500,51,4000,3500,23,15000,56,16266,0,0,3,4200,2800,60,3500,A_1M,33250,1.771,77.1,SNK_A_1M_OK,
CRD_F209CF50AD384B7A907F,눈꼬마,AR,200/193,731015,high_confidence,2735,2720,2026-06-28,0,0,0,0,0,0,10,6783,19,6766,1,2899,2,2599,1000,45,0,NONE,0,,,SCRYDEX_ONLY,
CRD_C504554B465840AAB681,기로치 ex,SAR,244/193,730962,high_confidence,33833,34187,2026-06-26,9,2000,2161,42,2000,2161,19,8839,44,10000,0,0,2,2600,1800,71,2000,A_1M,19000,1.799,79.9,SNK_A_1M_OK,
CRD_AA3AA58E730E469981E5,독케일,AR,195/193,731013,high_confidence,2136,2320,2026-06-26,0,0,0,0,0,0,10,6750,19,6800,2,2490,5,2580,1000,39,0,NONE,0,,,SCRYDEX_ONLY,
CRD_EF91E183AFB348229113,성화,SR,084/071,91135,high_confidence,10679,10095,2026-06-28,0,0,0,1,1750,1750,13,9900,32,10250,0,0,3,3650,1500,26,1750,A_3M,16625,0.607,-39.3,SNK_A_3M_FALLBACK,
CRD_BD598DEBF42248F3A0D7,유채의 활기,SR,077/067,91138,high_confidence,23892,23815,2026-06-28,0,0,0,1,3500,3500,15,11500,40,11348,1,3780,1,3780,2450,81,3500,A_3M,33250,0.716,-28.4,SNK_A_3M_FALLBACK,
CRD_2348A7F2758F419FAB09,히스이 조로아크 VSTAR,UR,097/071,91136,high_confidence,16640,16848,2026-06-26,1,2500,2500,2,2850,2500,0,0,3,9500,0,0,0,0,2750,10,2500,A_1M,23750,0.709,-29.1,SNK_A_1M_OK,
CRD_EC410684A6FD4E888271,뮤츠 V,SR,074/071,91133,high_confidence,107139,102283,2026-06-28,2,26000,24000,29,21283,24000,20,51132,74,59292,4,16450,17,15900,5500,117,26000,A_1M,247000,0.414,-58.6,SNK_A_1M_OK,SCRYDEX_HALF_LOW
CRD_6E0B4C84AEBB48D9ACE6,붐볼,UR,092/070,96697,high_confidence,20742,20742,2026-06-28,0,0,0,1,2700,2700,1,18000,2,17400,0,0,0,0,0,0,2700,A_3M,25650,0.809,-19.1,SNK_A_3M_FALLBACK,
CRD_DB1896C047CE499EA48B,오리진 디아루가 V,SR,075/067,91140,high_confidence,89100,89100,2026-06-26,3,10999,10000,10,11000,10000,9,24266,36,28750,0,0,2,10800,7000,35,10999,A_1M,104490,0.853,-14.7,SNK_A_1M_OK,
CRD_695A1C7D2A614268A739,리자몽 VSTAR,HR,118/100,91146,high_confidence,78745,76824,2026-06-27,0,0,0,9,14999,14999,13,38466,42,39550,0,0,4,12800,8000,50,14999,A_3M,142490,0.539,-46.1,SNK_A_3M_FALLBACK,
CRD_62A6B9CDD727412080D2,가라르의 동료들,SR,255/184,91152,high_confidence,30192,30545,2026-06-28,3,4195,4195,8,5050,4195,17,16583,68,16912,3,4980,7,5000,4000,142,4195,A_1M,39852,0.766,-23.4,SNK_A_1M_OK,
CRD_80762657E1724F278624,아세로라의 예감,SR,269/184,91151,high_confidence,42745,42929,2026-06-28,2,6450,5000,9,7900,5000,24,17000,66,18132,6,5900,15,6000,6280,216,6450,A_1M,61275,0.701,-29.9,SNK_A_1M_OK,
CRD_CE167D5150A34D07B7AF,리자몽 V,SR,103/100,91147,high_confidence,260771,260771,2026-06-27,4,39999,45000,14,38750,45000,19,69498,69,79066,2,36000,13,37000,29800,103,39999,A_1M,379990,0.686,-31.4,SNK_A_1M_OK,
CRD_9164D7095AC54C06BE66,피카츄 VMAX,UR,279/184,91154,high_confidence,60768,60261,2026-06-28,4,27250,26149,17,28250,26149,21,68499,68,62171,1,25000,5,20000,15100,72,27250,A_1M,258875,0.233,-76.7,MAPPING_REVIEW,SCRYDEX_HALF_LOW
CRD_6BBDDAB4D43548A49C5C,M거북왕 EX,RR,022/100,106316,high_confidence,76916,72307,2026-06-28,0,0,0,0,0,0,1,31000,6,30489,0,0,0,0,13800,8,0,NONE,0,,,SCRYDEX_ONLY,
CRD_EC4DDEF3D32C4E658D4C,뮤 V,SR,106/100,91163,high_confidence,145197,141971,2026-06-27,5,31000,31000,18,31500,31000,21,62670,68,69899,5,27000,11,30250,19999,121,31000,A_1M,294500,0.482,-51.8,SNK_A_1M_OK,SCRYDEX_HALF_LOW
CRD_6C48D7D464D0402B9F7D,뮤 ex,UR,208/165,128124,high_confidence,65623,64394,2026-06-27,6,17750,16480,49,21000,16480,23,45266,73,49900,3,11800,9,17000,9888,156,17750,A_1M,168625,0.382,-61.8,SNK_A_1M_OK,SCRYDEX_HALF_LOW
CRD_B478B609372F4829A9FD,피아나의 결의,SR,079/067,91165,high_confidence,41700,40886,2026-06-28,1,8888,8888,5,5900,8888,8,21495,44,19249,0,0,0,0,4900,54,8888,A_1M,84436,0.484,-51.6,SNK_A_1M_OK,SCRYDEX_HALF_LOW
CRD_30975550ADDC4EA8A667,부스터 V,SR,073/069,91171,high_confidence,148270,142186,2026-06-27,3,19000,19000,10,18499,19000,20,36879,66,38000,3,19800,10,17999,14000,67,19000,A_1M,180500,0.788,-21.2,SNK_A_1M_OK,
CRD_3F76B4D8B9814F63AA83,샤미드 V,SR,075/069,91172,high_confidence,150560,150560,2026-06-27,2,22249,22999,5,22999,22999,16,35698,57,39000,2,18699,9,17250,17800,60,22249,A_1M,211366,0.712,-28.8,SNK_A_1M_OK,
CRD_E77C9D8E174B4348BB30,두랄루돈 V,SR,076/067,91169,high_confidence,62227,62980,2026-06-27,0,0,0,0,0,0,1,12500,5,12000,0,0,0,0,5980,16,0,NONE,0,,,SCRYDEX_ONLY,
CRD_890AC787BC9E4C2DB28A,에브이 V,SR,081/069,91175,high_confidence,185591,185591,2026-06-27,1,24800,24800,10,24150,24800,23,49800,62,50000,3,21800,7,22300,19000,68,24800,A_1M,235600,0.788,-21.2,SNK_A_1M_OK,
CRD_C4F64FFCE1CF446580D4,사나,SR,077/067,91168,high_confidence,43482,42837,2026-06-28,2,9000,9000,3,9000,9000,14,18950,50,24063,1,9000,1,9000,4100,109,9000,A_1M,85500,0.501,-49.9,SNK_A_1M_OK,
CRD_54862537AC0B4A368C5A,제라오라 V,SR,074/070,91180,high_confidence,120813,120813,2026-06-27,3,12500,10900,7,11900,10900,7,24399,33,26480,1,11500,4,11300,12000,35,12500,A_1M,118750,1.017,1.7,SNK_A_1M_OK,
CRD_F54B2C86FFE74D62867A,망나뇽 V,SR,074/067,91166,high_confidence,537768,537768,2026-06-27,2,66500,68000,4,69500,68000,12,119699,48,117224,1,49000,2,49000,55000,28,66500,A_1M,631750,0.851,-14.9,SNK_A_1M_OK,
CRD_D9AD2D4FCCF34C3D93DB,블래키 EX,SR,082/078,91481,high_confidence,4275000,0,2026-05-09,0,0,0,0,0,0,1,910000,6,939000,0,0,1,240000,130000,9,0,NONE,0,,,SCRYDEX_ONLY,
CRD_A848A7E12690411197B4,리자몽 VMAX,SSR,308/190,91191,high_confidence,186421,169120,2026-06-26,4,29000,27000,23,32500,27000,31,52933,85,55350,4,24258,21,24150,18000,250,29000,A_1M,275500,0.614,-38.6,SNK_A_1M_OK,
CRD_1752B1022AD74CC0AF24,모미,SR,080/070,91187,high_confidence,66192,57618,2026-06-28,0,0,0,0,0,0,11,13999,36,12925,0,0,1,5900,5000,33,0,NONE,0,,,SCRYDEX_ONLY,
CRD_89C3A6311F30458ABBDA,풍란,SR,199/190,91193,high_confidence,32481,32481,2026-06-28,1,6600,6600,7,4999,6600,21,13375,61,13800,2,5750,7,5200,3980,99,6600,A_1M,62700,0.518,-48.2,SNK_A_1M_OK,
CRD_FE7A2CCC9AFB4044AD37,마리,SR,067/060,91206,high_confidence,537768,0,2026-05-15,2,50000,50000,7,60000,50000,24,100900,73,103199,3,52999,12,52499,45000,139,50000,A_1M,475000,,,SNK_A_1M_OK,
CRD_BE15DB54E85D437389C2,피카츄 VMAX,HR,114/100,91197,high_confidence,169013,169013,2026-06-28,0,0,0,4,68250,62800,18,105450,45,128000,2,52000,3,49000,30000,44,68250,A_3M,648375,0.261,-73.9,MAPPING_REVIEW,SCRYDEX_HALF_LOW
CRD_2E4CD75454EB4A199A90,마기라스 V,SR,077/070,91189,high_confidence,259435,259435,2026-06-28,1,34999,34999,2,32499,34999,9,75000,35,84000,1,45800,5,39999,35000,26,34999,A_1M,332490,0.78,-22.0,SNK_A_1M_OK,
CRD_92EC2C1ED4F04945A412,야청,SR,110/100,91196,high_confidence,67175,67175,2026-06-28,0,0,0,0,0,0,10,13649,28,14099,0,0,0,0,5000,30,0,NONE,0,,,SCRYDEX_ONLY,
CRD_44A1BB145FB243139F1C,흑마 버드렉스 VMAX,HR,086/070,91182,high_confidence,430199,430199,2026-06-27,0,0,0,1,90000,90000,13,107500,48,113625,2,76250,3,75000,66000,58,90000,A_3M,855000,0.503,-49.7,SNK_A_3M_FALLBACK,
CRD_3C4CBC99613B4B548008,소니아,SR,077/070,91203,high_confidence,285000,0,2026-05-09,0,0,0,0,0,0,5,29999,33,39000,1,19500,3,18000,12000,46,0,NONE,0,,,SCRYDEX_ONLY,
CRD_39A2F0B42FC5405188AA,보스의 지령(비주기),SR,105/096,91200,high_confidence,138268,138268,2026-06-28,0,0,0,1,18000,18000,5,34999,16,32000,3,18000,3,18000,34400,8,18000,A_3M,171000,0.809,-19.1,SNK_A_3M_FALLBACK,
CRD_0EA9A767E8E64BC7B5D3,소니아,HR,082/070,91204,high_confidence,49400,0,2026-05-08,0,0,0,0,0,0,0,0,3,9800,0,0,0,0,12900,4,0,NONE,0,,,SCRYDEX_ONLY,
CRD_6CCC633E4EDE4AC7B8F3,보스의 지령,HR,112/096,91201,high_confidence,152000,0,2026-05-08,0,0,0,0,0,0,0,0,1,15000,0,0,0,0,0,0,0,NONE,0,,,SCRYDEX_ONLY,
CRD_692B14B6D94747048405,비파리온 V,SR,073/070,91199,high_confidence,4609,4609,2026-06-27,0,0,0,0,0,0,0,0,0,0,0,0,0,0,2500,1,0,NONE,0,,,SCRYDEX_ONLY,
CRD_EFFAAF3652A343819720,이슬&칸나,SR,198/173,91272,high_confidence,601993,599719,2026-06-28,1,44500,44500,1,44500,44500,8,89499,30,86250,2,40000,12,34350,25000,37,44500,A_1M,422750,1.419,41.9,SNK_A_1M_OK,
CRD_8ED834DBED86423DAAE0,마오&수련,SR,108/095,91275,high_confidence,199727,199727,2026-06-28,0,0,0,2,17350,16700,8,31007,42,31497,0,0,2,17000,16000,79,17350,A_3M,164825,1.212,21.2,SNK_A_3M_FALLBACK,
CRD_8B7637F128294F9EB800,피카츄&제크로무 GX,SR,101/095,91290,high_confidence,2850000,0,2026-05-09,3,249999,249999,5,249999,249999,13,659500,56,637499,7,225000,19,220000,92000,63,249999,A_1M,2374990,,,SNK_A_1M_OK,
CRD_95962D36A0B54D96A10A,리자몽 GX,SSR,209/150,91293,high_confidence,322661,322661,2026-06-26,0,0,0,0,0,0,14,354775,39,359800,2,159999,10,149200,118000,46,0,NONE,0,,,SCRYDEX_ONLY,
CRD_97550D8F6FD846C1809E,블루의 탐색,SR,062/054,91288,high_confidence,153648,153648,2026-06-28,0,0,0,1,28000,28000,14,60375,46,69083,0,0,1,26800,8500,94,28000,A_3M,266000,0.578,-42.2,SNK_A_3M_FALLBACK,
CRD_85E5684497324EADB399,개굴닌자 GX,SSR,216/150,91297,high_confidence,92173,92173,2026-06-27,0,0,0,2,28999,25000,2,71499,15,76400,2,25500,4,23125,7980,40,28999,A_3M,275490,0.335,-66.5,SNK_A_3M_FALLBACK,SCRYDEX_HALF_LOW
CRD_8B73A94707F24308AF21,에브이 GX,SSR,220/150,91298,high_confidence,122842,122842,2026-06-27,1,15000,15000,1,15000,15000,4,57699,14,58844,4,18500,9,18000,15000,20,15000,A_1M,142500,0.862,-13.8,SNK_A_1M_OK,
CRD_6DDDEA43AA7647C5BA28,난천,SR,153/150,91296,high_confidence,288259,288259,2026-06-28,0,0,0,1,40000,40000,14,63500,46,66525,1,33000,6,30500,33000,63,40000,A_3M,380000,0.759,-24.1,SNK_A_3M_FALLBACK,
CRD_F8474225830A4240A94E,민화의 대접,SR,,91291,high_confidence,172301,172301,2026-06-28,1,18000,18000,5,21500,18000,15,45000,56,47999,4,16695,14,16700,15000,103,18000,A_1M,171000,1.008,0.8,SNK_A_1M_OK,
CRD_AA067EA038324239B8DD,카르네,SR,102/094,91311,high_confidence,123500,0,2026-05-08,0,0,0,1,9800,9800,2,22749,10,21999,0,0,0,0,10000,15,9800,A_3M,93100,,,SNK_A_3M_FALLBACK,
CRD_AFD17D0FE9FF44FF8492,프리져 GX,SR,067/066,105347,high_confidence,30714,26105,2026-06-28,0,0,0,1,3420,3420,0,0,0,0,0,0,0,0,39800,4,3420,A_3M,32490,0.803,-19.7,SNK_A_3M_FALLBACK,
CRD_7EA2A978F4084F7B8C2F,레시라무 GX,SR,054/053,105358,high_confidence,47500,0,2026-05-08,0,0,0,0,0,0,0,0,1,22000,0,0,0,0,3500,9,0,NONE,0,,,SCRYDEX_ONLY,
CRD_D87B1708EDCE4A669223,망나뇽 GX,SR,056/053,105361,high_confidence,42750,0,2026-05-09,0,0,0,0,0,0,1,42000,3,35000,0,0,0,0,22900,2,0,NONE,0,,,SCRYDEX_ONLY,
CRD_B86A682830BA4F8D9F57,펄기아 GX,SR,069/066,105386,high_confidence,34417,34417,2026-06-28,0,0,0,0,0,0,0,0,3,24800,0,0,0,0,2980,5,0,NONE,0,,,SCRYDEX_ONLY,
CRD_E0218102B7A74B0FBB22,피아나,SR,059/053,91309,high_confidence,456000,0,2026-05-08,0,0,0,0,0,0,6,78000,17,85000,1,33000,3,30000,10000,34,0,NONE,0,,,SCRYDEX_ONLY,
CRD_BB1E084CEC1F4C23BA89,유채,SR,071/066,91319,high_confidence,116757,116757,2026-06-28,0,0,0,0,0,0,5,49800,16,57915,1,18800,3,20000,6000,39,0,NONE,0,,,SCRYDEX_ONLY,
CRD_66939CDD71824EF5877F,루자미네,SR,055/050,91330,high_confidence,1520000,0,2026-05-09,0,0,0,0,0,0,15,224396,42,229964,1,102000,4,106000,63000,46,0,NONE,0,,,SCRYDEX_ONLY,
CRD_BC975C84189F46CDAFBF,난천,SR,070/066,91317,high_confidence,1235000,0,2026-05-08,1,80000,80000,1,80000,80000,16,126999,43,142000,0,0,8,77000,35900,50,80000,A_1M,760000,,,SNK_A_1M_OK,
CRD_E1D8518B742042F6B3BB,솔가레오 GX,SR,063/060,106190,high_confidence,52250,0,2026-05-08,0,0,0,0,0,0,0,0,0,0,0,0,0,0,12000,4,0,NONE,0,,,SCRYDEX_ONLY,
CRD_AF75DCD7E11042F68065,디아루가 GX,SR,069/066,105411,high_confidence,30653,30653,2026-06-28,0,0,0,1,4999,4999,0,0,1,28000,0,0,0,0,3999,4,4999,A_3M,47490,0.645,-35.5,SNK_A_3M_FALLBACK,
CRD_ECF4D706A0EC47988C66,글라디오,SR,055/050,91328,high_confidence,266000,0,2026-05-09,0,0,0,0,0,0,0,0,6,33348,1,16500,1,16500,17800,17,0,NONE,0,,,SCRYDEX_ONLY,
CRD_FE47117BF3F441FEA5A6,리자몽 GX,SR,052/051,91349,high_confidence,345708,345708,2026-06-28,0,0,0,1,99999,99999,6,370229,31,315000,1,90000,9,86250,55800,24,99999,A_3M,949990,0.364,-63.6,SNK_A_3M_FALLBACK,SCRYDEX_HALF_LOW
CRD_4DFC063703184E429E4F,가디안 VMAX,HR,081/070,102272,high_confidence,39900,0,2026-05-08,0,0,0,1,4500,4500,0,0,2,12650,0,0,0,0,7777,1,4500,A_3M,42750,,,SNK_A_3M_FALLBACK,
CRD_94600282DA1043CC8FAF,구즈마,SR,056/051,91347,high_confidence,123500,0,2026-05-08,0,0,0,0,0,0,0,0,4,14999,0,0,0,0,25000,3,0,NONE,0,,,SCRYDEX_ONLY,
CRD_70AB4EE68E7847EB9537,칠색조 GX,SR,053/051,105495,high_confidence,55100,0,2026-05-08,0,0,0,2,9499,10000,0,0,7,52000,1,17777,1,17777,64500,5,9499,A_3M,90240,,,SNK_A_3M_FALLBACK,
CRD_787A4B40D73A4555BE21,알로라나인테일 GX,SSR,213/150,112780,high_confidence,41869,39626,2026-06-28,1,7000,7000,3,4200,7000,0,0,1,16000,0,0,1,5980,3280,8,7000,A_1M,66500,0.596,-40.4,SNK_A_1M_OK,
CRD_C53876B78A1D4CE1AAA8,에브이 GX,SR,062/060,91368,high_confidence,85275,85275,2026-06-26,0,0,0,0,0,0,2,72499,3,70000,1,11899,3,13000,8800,6,0,NONE,0,,,SCRYDEX_ONLY,
CRD_CC0F23B6FAC346E58A02,스컬단의 조무래기,SR,066/060,91364,high_confidence,71250,0,2026-05-08,0,0,0,0,0,0,1,28000,1,28000,0,0,0,0,6280,11,0,NONE,0,,,SCRYDEX_ONLY,
CRD_EFEE7C6C9BA44AF98AF2,이상해꽃 EX,RR,001/100,106331,high_confidence,17224,16886,2026-06-28,0,0,0,1,5000,5000,0,0,0,0,0,0,0,0,30000,1,5000,A_3M,47500,0.355,-64.5,SNK_A_3M_FALLBACK,SCRYDEX_HALF_LOW
CRD_67BA3BC34CA2443FAB1C,리자몽 EX,RR,012/100,106315,high_confidence,105725,105725,2026-06-28,0,0,0,0,0,0,0,0,6,77500,0,0,1,14800,19800,17,0,NONE,0,,,SCRYDEX_ONLY,
CRD_C4895FD08DDF4F6096E5,칠색조 EX,RR,068/080,390866,high_confidence,6131,6131,2026-06-28,0,0,0,0,0,0,0,0,0,0,0,0,0,0,0,0,0,NONE,0,,,SCRYDEX_ONLY,
CRD_6D7FD944EBBE4E7AA8A1,N,SR,071/066,91636,high_confidence,1235000,0,2026-05-08,0,0,0,0,0,0,1,168000,4,124000,0,0,1,78800,21000,8,0,NONE,0,,,SCRYDEX_ONLY,
CRD_C7EE29160ED94C72BB44,이슬의 의욕,SR,113/100,91460,high_confidence,1900000,0,2026-05-09,0,0,0,0,0,0,1,255000,11,252240,0,0,1,120000,78000,11,0,NONE,0,,,SCRYDEX_ONLY,
CRD_89A20BE9777E4815B50C,M이상해꽃 EX,SR,102/100,91468,high_confidence,613824,613824,2026-06-28,0,0,0,0,0,0,1,97000,3,98000,0,0,0,0,99000,7,0,NONE,0,,,SCRYDEX_ONLY,
CRD_67397D46BAC44F998127,피죤투 EX,SR,109/100,91469,high_confidence,237500,0,2026-05-09,1,23000,23000,1,23000,23000,1,54800,4,52400,0,0,1,19999,25000,6,23000,A_1M,218500,,,SNK_A_1M_OK,
CRD_774A388CB1DC46F384AE,뮤츠 EX,SR,108/100,91463,high_confidence,855000,0,2026-05-09,0,0,0,0,0,0,0,0,8,445666,2,175000,3,165000,235000,25,0,NONE,0,,,SCRYDEX_ONLY,
CRD_8550FB250AFA4FADB616,거북왕 EX,SR,105/100,91458,high_confidence,768240,768240,2026-06-28,0,0,0,0,0,0,1,330000,8,342500,0,0,1,200000,145000,11,0,NONE,0,,,SCRYDEX_ONLY,
CRD_4D37677B8AA341108958,제르네아스 EX,RR,090/131,379755,high_confidence,7114,7114,2026-06-28,0,0,0,0,0,0,0,0,0,0,0,0,0,0,4980,2,0,NONE,0,,,SCRYDEX_ONLY,
CRD_B16E4806EF614E799EA1,M피죤투 EX,SR,110/100,91471,high_confidence,23047,23047,2026-06-28,0,0,0,0,0,0,0,0,4,51822,0,0,0,0,45000,6,0,NONE,0,,,SCRYDEX_ONLY,
CRD_ACE1406D88444132AE41,프리져 EX플라스마단,SR,072/070,406355,high_confidence,456000,0,2026-05-08,0,0,0,0,0,0,0,0,1,250000,1,70000,1,70000,78000,3,0,NONE,0,,,SCRYDEX_ONLY,
CRD_DAA6AB20B9FA4E75BA0C,썬더 ex,SR,194/165,128110,high_confidence,6960,7498,2026-06-26,3,1500,1900,6,1500,1900,6,8499,15,8000,0,0,0,0,1000,10,1500,A_1M,14250,0.526,-47.4,SNK_A_1M_OK,
CRD_BE12D91B22794119B3E1,글레이시아 EX,SR,079/078,389653,high_confidence,712500,0,2026-05-09,0,0,0,0,0,0,0,0,0,0,0,0,0,0,3900000,1,0,NONE,0,,,SCRYDEX_ONLY,
CRD_DC74E397CD2F48098A04,갸라도스 EX,SR,081/080,91498,high_confidence,30730,30730,2026-06-28,0,0,0,0,0,0,2,209800,7,200000,0,0,0,0,55000,8,0,NONE,0,,,SCRYDEX_ONLY,
CRD_DDA35E539E7A4A1C897D,가디안 EX,RR,019/032,91493,high_confidence,460944,460944,2026-06-28,0,0,0,0,0,0,11,166750,22,174900,0,0,0,0,44000,23,0,NONE,0,,,SCRYDEX_ONLY,
CRD_C94913B9843F44CAA1C8,부스터 EX,RR,007/032,91492,high_confidence,215107,215107,2026-06-28,0,0,0,0,0,0,16,360000,45,325000,2,167777,3,155555,65000,14,0,NONE,0,,,SCRYDEX_ONLY,
CRD_CD013DC1D5D04AC8B637,에브이 EX,SR,084/080,91496,high_confidence,0,0,,0,0,0,0,0,0,2,248000,9,200000,0,0,0,0,60000,9,0,NONE,0,,,NO_DATA,
CRD_BBDFDA23088F44F3B3B8,M갸라도스 EX,SR,082/080,91501,high_confidence,0,0,,0,0,0,0,0,0,1,170000,4,147222,0,0,0,0,45000,5,0,NONE,0,,,NO_DATA,
CRD_B124B687EC404C5FAC1B,다크라이 EX,SR,085/080,390892,high_confidence,76824,76824,2026-06-28,0,0,0,0,0,0,0,0,0,0,0,0,0,0,0,0,0,NONE,0,,,SCRYDEX_ONLY,
CRD_B7B757AF0B3E44FB9C36,마기라스 EX,SR,089/081,385528,high_confidence,361000,0,2026-05-08,0,0,0,0,0,0,0,0,1,98000,0,0,0,0,0,0,0,NONE,0,,,SCRYDEX_ONLY,
CRD_B443DB37EB0D40308182,M레쿠쟈 EX,SR,086/078,382208,high_confidence,3135000,0,2026-05-08,0,0,0,0,0,0,2,950000,4,949999,1,219800,1,219800,150000,3,0,NONE,0,,,SCRYDEX_ONLY,
CRD_69C818D4E150495ABB8B,레쿠쟈 EX,SR,085/078,91520,high_confidence,950000,0,2026-05-08,0,0,0,0,0,0,1,450000,3,450000,0,0,1,100000,198000,13,0,NONE,0,,,SCRYDEX_ONLY,
CRD_DFCF50A9D81E409E9EB8,그란돈 EX,SR,073/070,381643,high_confidence,401405,401405,2026-06-28,0,0,0,1,66666,66666,0,0,0,0,0,0,0,0,278000,1,66666,A_3M,633327,0.634,-36.6,SNK_A_3M_FALLBACK,
CRD_C1ED974D21D945F6AE35,아쿠아단의 가이오가 EX,RR,006/034,91526,high_confidence,427141,427141,2026-06-27,1,150000,150000,2,142400,150000,5,398000,22,299299,7,138000,13,134000,44000,13,150000,A_1M,1425000,0.3,-70.0,MAPPING_REVIEW,SCRYDEX_HALF_LOW
CRD_F502539900C44150AF7D,원시가이오가 EX,RR,032/070,381796,high_confidence,138283,138283,2026-06-27,0,0,0,2,10499,11000,2,40500,5,38000,0,0,0,0,85000,2,10499,A_3M,99740,1.386,38.6,SNK_A_3M_FALLBACK,
CRD_C89D33E80FC541129360,플라드리,SR,087/080,380800,high_confidence,266000,0,2026-05-08,0,0,0,0,0,0,0,0,0,0,0,0,0,0,0,0,0,NONE,0,,,SCRYDEX_ONLY,
CRD_7E2493249D5F4079918C,루카리오 EX,SR,099/096,91541,high_confidence,380000,0,2026-05-08,0,0,0,0,0,0,4,178000,9,175000,0,0,1,35000,20000,7,0,NONE,0,,,SCRYDEX_ONLY,
CRD_0C741136B4054397BC6E,거북왕 EX,SR,061/060,379910,high_confidence,122918,122918,2026-06-28,0,0,0,0,0,0,1,234999,0,0,0,0,0,0,200000,2,0,NONE,0,,,SCRYDEX_ONLY,
CRD_52F5DDE5DDE7486DAF16,이상해꽃 EX,SR,061/060,91550,high_confidence,33803,33803,2026-06-28,0,0,0,0,0,0,1,110500,2,112750,1,18000,1,18000,5000,3,0,NONE,0,,,SCRYDEX_ONLY,
CRD_CBDDC3FDCA774193AB14,레시라무,SR,022/025,91583,high_confidence,460944,460944,2026-06-28,0,0,0,0,0,0,1,490000,8,429000,0,0,1,120000,26980,11,0,NONE,0,,,SCRYDEX_ONLY,
CRD_9B64D783E4344EBB8735,라티아스 EX,SR,053/051,404229,high_confidence,617500,0,2026-05-08,0,0,0,0,0,0,0,0,2,231111,0,0,0,0,34000,2,0,NONE,0,,,SCRYDEX_ONLY,
CRD_2893BDF7C7674E7A8E66,게치스플라스마단,SR,055/051,91595,high_confidence,646000,0,2026-05-08,0,0,0,0,0,0,0,0,1,128000,0,0,0,0,10000,2,0,NONE,0,,,SCRYDEX_ONLY,
CRD_E63A3661A70B481E984A,라티오스 EX,SR,054/051,91594,high_confidence,230472,230472,2026-06-28,1,59800,59800,1,59800,59800,0,0,3,240000,1,55980,2,56490,14000,5,59800,A_1M,568100,0.406,-59.4,SNK_A_1M_OK,SCRYDEX_HALF_LOW
CRD_0C99B90A478B44A1BA11,메로엣타 EX,SR,025/025,91588,high_confidence,69142,69142,2026-06-26,0,0,0,0,0,0,1,72000,5,57500,0,0,0,0,12700,5,0,NONE,0,,,SCRYDEX_ONLY,
CRD_730805FC07034C0DB994,루기아 EX플라스마단,SR,074/070,406357,high_confidence,384120,384120,2026-06-25,0,0,0,0,0,0,1,1800000,6,1337777,0,0,1,259800,46500,10,0,NONE,0,,,SCRYDEX_ONLY,
CRD_2CE1E087831443ADACEE,에몽가,SR,023/025,91586,high_confidence,475000,0,2026-05-08,0,0,0,0,0,0,2,337500,9,255000,0,0,0,0,20000,10,0,NONE,0,,,SCRYDEX_ONLY,
CRD_F95BEA7A5720433E9FDF,풍란,SR,076/070,158884,high_confidence,1805000,0,2026-05-08,0,0,0,0,0,0,0,0,1,312800,0,0,0,0,30000,11,0,NONE,0,,,SCRYDEX_ONLY,
CRD_F44F3EDAA2CA41CB89C5,펄기아 EX플라스마단,SR,081/076,91582,high_confidence,285000,0,2026-05-08,0,0,0,0,0,0,0,0,0,0,0,0,0,0,30000,1,0,NONE,0,,,SCRYDEX_ONLY,
CRD_6C46069A0ABF4F55BB2D,디아루가 EX플라스마단,SR,080/076,406758,high_confidence,418000,0,2026-05-08,0,0,0,0,0,0,0,0,2,449000,0,0,0,0,25000,4,0,NONE,0,,,SCRYDEX_ONLY,
CRD_391EF36F49824C58965F,세레비 EX,SR,060/059,91605,high_confidence,237500,0,2026-05-08,0,0,0,0,0,0,0,0,0,0,0,0,0,0,222222,1,0,NONE,0,,,SCRYDEX_ONLY,
CRD_4326CC9CE8E842FB8F45,벨,SR,063/059,91606,high_confidence,1520000,0,2026-05-08,0,0,0,0,0,0,2,152500,7,192000,0,0,0,0,23000,27,0,NONE,0,,,SCRYDEX_ONLY,
CRD_931723E024444FAA9D5A,다크라이 EX,SR,072/069,91626,high_confidence,153633,153633,2026-06-28,0,0,0,0,0,0,2,222500,5,236666,0,0,0,0,9300,7,0,NONE,0,,,SCRYDEX_ONLY,
CRD_36FC9D7A34B947999101,기라티나 EX,SR,053/050,405057,high_confidence,230472,230472,2026-06-28,0,0,0,0,0,0,2,539000,6,440000,0,0,2,89900,37700,8,0,NONE,0,,,SCRYDEX_ONLY,
CRD_1123601A6CCD4FB19606,뮤 EX,SR,051/050,405055,high_confidence,1425000,0,2026-05-08,0,0,0,0,0,0,1,833333,8,858416,0,0,1,350000,20000,22,0,NONE,0,,,SCRYDEX_ONLY,
CRD_C56596E4D16D42879763,크레세리아 EX,SR,060/059,405957,high_confidence,76809,76809,2026-06-28,0,0,0,0,0,0,0,0,0,0,0,0,0,0,14800,1,0,NONE,0,,,SCRYDEX_ONLY,
CRD_F708A3D8A5944CB7BF93,M나무킹 EX,SR,083/081,107415,high_confidence,307296,307296,2026-06-28,0,0,0,0,0,0,0,0,1,70000,0,0,0,0,0,0,0,NONE,0,,,SCRYDEX_ONLY,
CRD_007D898667D84D8F9B7E,제크로무,SR,055/053,91640,high_confidence,153571,153571,2026-06-26,0,0,0,0,0,0,0,0,2,200193,0,0,0,0,10800,13,0,NONE,0,,,SCRYDEX_ONLY,
CRD_9C10318D36A044519EB6,뮤츠 EX,RR,052/100,106318,high_confidence,46094,46094,2026-06-28,0,0,0,0,0,0,0,0,3,98000,0,0,0,0,35000,16,0,NONE,0,,,SCRYDEX_ONLY,
CRD_2C1DA4E5D17E428CB8AF,M얼음귀신 EX,RR,015/059,389871,high_confidence,20973,20973,2026-06-26,0,0,0,0,0,0,1,10500,2,11250,0,0,0,0,10800,3,0,NONE,0,,,SCRYDEX_ONLY,
CRD_A10639DEF1044108891B,팬텀 EX,RR,048/131,390544,high_confidence,69142,69142,2026-06-28,0,0,0,1,39000,39000,10,78700,31,74000,1,28800,4,21745,17500,26,39000,A_3M,370500,0.187,-81.3,MAPPING_REVIEW,SCRYDEX_HALF_LOW
CRD_D74B2BB02D9740569EEB,노고고치 ex,RR,575/742,495162,high_confidence,399,323,2026-06-28,0,0,0,0,0,0,0,0,0,0,0,0,0,0,1000,7,0,NONE,0,,,SCRYDEX_ONLY,
CRD_9EB9A88BDE8245A99331,마기라스 EX,RR,042/081,385441,high_confidence,25552,25552,2026-06-26,0,0,0,0,0,0,0,0,3,14500,0,0,0,0,0,0,0,NONE,0,,,SCRYDEX_ONLY,
CRD_900AFEE83E79462B86B9,M핫삼 EX,RR,058/080,390845,high_confidence,49920,49920,2026-06-26,0,0,0,0,0,0,0,0,0,0,0,0,0,0,24000,3,0,NONE,0,,,SCRYDEX_ONLY,
CRD_C041DE21E72A4D9498F0,레지스틸 EX,SR,052/050,405189,high_confidence,15365,15365,2026-06-28,0,0,0,0,0,0,0,0,0,0,0,0,0,0,9500,4,0,NONE,0,,,SCRYDEX_ONLY,
CRD_AC159F45A9C945968FF3,핫삼 EX,SR,086/080,107344,high_confidence,0,0,,0,0,0,0,0,0,1,72000,4,56000,0,0,0,0,0,0,0,NONE,0,,,NO_DATA,
CRD_9BC1A3BF1D4A4EEE8BE3,전룡 EX,SR,085/081,107412,high_confidence,190000,0,2026-05-08,0,0,0,0,0,0,0,0,1,50000,0,0,0,0,50000,2,0,NONE,0,,,SCRYDEX_ONLY,
CRD_A12119533B1C4A21B910,아쿠스타 BREAK,RR,032/100,386916,high_confidence,32712,32712,2026-06-28,0,0,0,1,5500,5500,0,0,0,0,0,0,0,0,0,0,5500,A_3M,52250,0.626,-37.4,SNK_A_3M_FALLBACK,
CRD_853BCA2D91DC48478D36,쏘콘 ex,RR,009/190,162011,high_confidence,369,369,2026-06-28,0,0,0,0,0,0,0,0,1,5000,0,0,0,0,1000,4,0,NONE,0,,,SCRYDEX_ONLY,
CRD_F50C5E99DDEA4109903A,볼트로스 EX,RR,022/078,382089,high_confidence,7667,7667,2026-06-28,0,0,0,0,0,0,0,0,0,0,0,0,0,0,0,0,0,NONE,0,,,SCRYDEX_ONLY,
CRD_E3AC52EB71E245EEA841,헬가 EX,RR,009/059,389999,high_confidence,8420,8435,2026-06-28,0,0,0,0,0,0,0,0,0,0,0,0,0,0,0,0,0,NONE,0,,,SCRYDEX_ONLY,
CRD_C7804ACB352A4684AF39,비리디온 EX,SR,077/076,406755,high_confidence,113269,113269,2026-06-28,0,0,0,0,0,0,0,0,0,0,0,0,0,0,0,0,0,NONE,0,,,SCRYDEX_ONLY,
CRD_9731F68B15FE4337BE2F,자포코일 EX,RR,030/080,380697,high_confidence,3181,3181,2026-06-28,0,0,0,0,0,0,0,0,0,0,0,0,0,0,0,0,0,NONE,0,,,SCRYDEX_ONLY,
CRD_75F716B7F446495680CA,기라티나 V,SR,110/100,92206,high_confidence,27319,27319,2026-06-28,2,5550,4300,14,12000,4300,10,20000,32,22884,0,0,2,4900,2900,83,5550,A_1M,52725,0.518,-48.2,SNK_A_1M_OK,
CRD_4E744A43E495413AAC15,님피아 VMAX,HR,093/069,93022,high_confidence,921888,921888,2026-06-27,0,0,0,3,200000,200000,19,228500,62,237457,1,138000,5,140000,119999,84,200000,A_3M,1900000,0.485,-51.5,SNK_A_3M_FALLBACK,SCRYDEX_HALF_LOW
CRD_65DE95DF80D94E05A42A,이상해꽃 EX,RR,001/060,379665,high_confidence,11139,11139,2026-06-28,0,0,0,0,0,0,0,0,0,0,0,0,0,0,1000,7,0,NONE,0,,,SCRYDEX_ONLY,
CRD_A6F7502948814BF9A22C,블래키 VMAX,HR,095/069,93021,high_confidence,0,0,,0,0,0,1,600000,600000,16,860000,58,851099,3,545555,8,479949,398000,89,600000,A_3M,5700000,,,SNK_A_3M_FALLBACK,
CRD_382ECC8BA6034DAF9178,뮤츠 VSTAR,UR,091/071,93009,high_confidence,35785,35815,2026-06-28,1,10000,10000,31,10000,10000,12,33475,44,36687,0,0,2,9999,6980,59,10000,A_1M,95000,0.377,-62.3,SNK_A_1M_OK,SCRYDEX_HALF_LOW
CRD_51568A9C8361413DB34E,동탁군,UR,092/070,96727,high_confidence,21511,21511,2026-06-28,0,0,0,0,0,0,1,12500,1,12500,0,0,0,0,0,0,0,NONE,0,,,SCRYDEX_ONLY,
CRD_6FCF50A226284C4495C6,오리진 디아루가 VSTAR,UR,086/067,93011,high_confidence,22986,22986,2026-06-28,1,3350,3350,3,3350,3350,3,9999,6,9998,0,0,0,0,3400,10,3350,A_1M,31825,0.722,-27.8,SNK_A_1M_OK,
CRD_1A87BECFAC1647F98FBC,두랄루돈 VMAX,HR,083/067,93019,high_confidence,169013,169013,2026-06-27,0,0,0,2,19500,19000,2,36349,6,39499,0,0,0,0,26000,14,19500,A_3M,185250,0.912,-8.8,SNK_A_3M_FALLBACK,
CRD_54079F1439374F52BCF7,레쿠쟈 VMAX,HR,083/067,93017,high_confidence,3841200,3841200,2026-06-27,1,750000,750000,1,750000,750000,19,1200000,44,1191666,1,735000,4,650000,658000,51,750000,A_1M,7125000,0.539,-46.1,SNK_A_1M_OK,
CRD_FAA316C56DEC49B9BB70,백마 버드렉스 VMAX,HR,085/070,93029,high_confidence,307281,307281,2026-06-27,0,0,0,2,75500,62000,9,85000,44,81166,0,0,1,57800,39999,44,75500,A_3M,717250,0.428,-57.2,SNK_A_3M_FALLBACK,SCRYDEX_HALF_LOW
CRD_7BD79E9CD5FD4404913E,잠만보 V,SR,066/060,113243,high_confidence,21910,21910,2026-06-26,0,0,0,0,0,0,5,13000,7,13000,0,0,0,0,5000,2,0,NONE,0,,,SCRYDEX_ONLY,
CRD_EA7AEBBE89AB4A4A8E52,리피아 VMAX,HR,089/069,93023,high_confidence,483976,483976,2026-06-27,0,0,0,2,72500,80000,20,94900,58,102750,2,67500,2,67500,62000,59,72500,A_3M,688750,0.703,-29.7,SNK_A_3M_FALLBACK,
CRD_7F76FC1F996A4ADAAB21,일격 우라오스 VMAX,HR,085/070,93034,high_confidence,230472,230472,2026-06-28,0,0,0,2,34899,35999,9,80000,18,83999,0,0,3,42000,30000,26,34899,A_3M,331540,0.695,-30.5,SNK_A_3M_FALLBACK,
CRD_093AB925F0C14BB1BFF6,글레이시아 VMAX,HR,091/069,93024,high_confidence,568498,568498,2026-06-27,2,92500,95000,3,95000,95000,23,157124,63,157124,0,0,4,91000,80000,61,92500,A_1M,878750,0.647,-35.3,SNK_A_1M_OK,
CRD_32686724596F433298EB,자시안 V,UR,073/060,93039,high_confidence,53777,53777,2026-06-28,0,0,0,0,0,0,0,0,2,11950,0,0,0,0,7000,5,0,NONE,0,,,SCRYDEX_ONLY,
CRD_64AF5808BBFB437AAAD3,블래키&다크라이 GX,SR,182/173,93082,high_confidence,422532,422532,2026-06-26,1,220000,220000,4,227650,220000,21,300000,66,330000,3,172000,12,169000,78000,71,220000,A_1M,2090000,0.202,-79.8,MAPPING_REVIEW,SCRYDEX_HALF_LOW
CRD_73CA21A2A3EB47D1AF95,뮤츠&뮤 GX,SR,097/094,104593,high_confidence,114652,114652,2026-06-26,3,37800,40500,19,39800,40500,8,137000,23,148000,3,34800,8,34736,29800,43,37800,A_1M,359100,0.319,-68.1,MAPPING_REVIEW,SCRYDEX_HALF_LOW
CRD_E26D2432BB194094A890,토게피&삐&푸푸린 GX,SR,186/173,93092,high_confidence,345708,322661,2026-06-28,0,0,0,0,0,0,13,100000,35,101000,0,0,1,35000,38888,31,0,NONE,0,,,SCRYDEX_ONLY,
CRD_8FEEA7EE5FFB4B758A50,민화의 대접,SR,193/173,93089,high_confidence,691416,691416,2026-06-28,0,0,0,1,70000,70000,16,166250,52,187024,3,63000,14,73333,50000,82,70000,A_3M,665000,1.04,4.0,SNK_A_3M_FALLBACK,
CRD_6C093D7C67AF47468F97,레드의 도전,SR,191/173,93091,high_confidence,299091,300459,2026-06-28,0,0,0,2,27944,25888,2,112249,14,81500,0,0,8,33999,29800,15,27944,A_3M,265468,1.132,13.2,SNK_A_3M_FALLBACK,
CRD_1D2EAA1FB1D44C0781F7,고래왕 EX,RR,017/070,381766,high_confidence,11109,10970,2026-06-28,0,0,0,0,0,0,0,0,1,7950,0,0,0,0,0,0,0,NONE,0,,,SCRYDEX_ONLY,
CRD_BD23A2FE3D6140978DFB,테오키스 VSTAR,SAR,223/172,103665,high_confidence,61475,59692,2026-06-28,6,2950,2900,24,2999,2900,13,14650,41,13000,1,3999,3,4000,2900,16,2950,A_1M,28025,2.13,113.0,SNK_A_1M_OK,SCRYDEX_2X_HIGH
CRD_93DF43C333324F0FB26C,기라티나 V,SR,111/100,93379,high_confidence,1037124,1037124,2026-06-26,0,0,0,6,231666,230000,29,332000,86,340666,4,209999,13,195000,195000,100,231666,A_3M,2200827,0.471,-52.9,SNK_A_3M_FALLBACK,SCRYDEX_HALF_LOW
CRD_090C5C6FE6B34BC0A9E7,기라티나 VSTAR,UR,125/100,93380,high_confidence,36522,36522,2026-06-27,4,12000,8500,20,12000,8500,10,25491,50,33391,0,0,0,0,8800,48,12000,A_1M,114000,0.32,-68.0,MAPPING_REVIEW,SCRYDEX_HALF_LOW
CRD_731422CCDFEE4AC59613,프테라 V,SR,106/100,93378,high_confidence,160562,160562,2026-06-26,1,13500,13500,9,19000,13500,13,30895,44,31823,3,15999,4,15399,17000,44,13500,A_1M,128250,1.252,25.2,SNK_A_1M_OK,
CRD_E393141F815D413DA629,루주라,CHR,071/068,95127,high_confidence,4087,3150,2026-06-28,2,1050,1000,4,1050,1000,7,6850,15,6899,0,0,0,0,6767,9,1050,A_1M,9975,0.316,-68.4,MAPPING_REVIEW,SCRYDEX_HALF_LOW
CRD_1647486130EF4A25940C,샤로다 V,RR,005/068,95114,high_confidence,922,937,2026-06-26,0,0,0,0,0,0,0,0,0,0,0,0,0,0,1000,1,0,NONE,0,,,SCRYDEX_ONLY,
CRD_B3C3F8E812884FEEB672,알로라 식스테일 V,SR,077/068,95112,high_confidence,10909,10771,2026-06-26,1,1200,1200,2,1200,1200,0,0,0,0,0,0,0,0,1000,5,1200,A_1M,11400,0.945,-5.5,SNK_A_1M_OK,
CRD_B7768191A68445AA8817,기모노드레스,SR,081/068,95125,high_confidence,27687,27872,2026-06-28,0,0,0,3,1999,2200,10,11999,46,10974,1,4000,2,4250,2499,103,1999,A_3M,18990,1.468,46.8,SNK_A_3M_FALLBACK,
CRD_6AC614249DBA4DD285DE,테르나,CHR,069/068,95119,high_confidence,8328,7437,2026-06-28,3,1000,1000,6,1275,1000,22,8178,74,8438,5,3099,14,2974,1000,152,1000,A_1M,9500,0.783,-21.7,SNK_A_1M_OK,
CRD_49AA338BD81847B9B5A3,세레나,SR,082/068,95124,high_confidence,64302,65700,2026-06-28,4,9250,9500,17,11000,9500,23,22000,75,24000,5,7900,14,8140,6999,179,9250,A_1M,87875,0.748,-25.2,SNK_A_1M_OK,
CRD_D88B69F2CCFC4DF587DC,샤로다 V,CSR,084/068,95123,high_confidence,68327,68327,2026-06-28,0,0,0,4,4650,5200,13,14900,36,16316,1,6500,2,5500,4280,36,4650,A_3M,44175,1.547,54.7,SNK_A_3M_FALLBACK,
CRD_B4A60A8CA6AA4F26A2A9,윤진,SR,083/068,95240,high_confidence,4210,4210,2026-06-28,0,0,0,0,0,0,0,0,0,0,0,0,0,0,1000,6,0,NONE,0,,,SCRYDEX_ONLY,
CRD_ECFFCF9519AB47AC8F10,파비코리,CHR,074/068,95122,high_confidence,16241,15549,2026-06-28,2,1690,2000,7,1500,2000,24,8637,74,8615,4,3600,15,2980,1000,183,1690,A_1M,16055,0.968,-3.2,SNK_A_1M_OK,
CRD_690D9691BB90458E8645,샤로다 VSTAR,UR,092/068,95243,high_confidence,12046,11723,2026-06-28,0,0,0,0,0,0,0,0,1,12900,0,0,0,0,1200,5,0,NONE,0,,,SCRYDEX_ONLY,
CRD_0FF5866665394D78AEEA,가디안,CHR,072/068,95120,high_confidence,11954,11401,2026-06-26,0,0,0,4,1100,1200,8,7450,28,7420,1,3400,2,3699,1000,35,1100,A_3M,10450,1.091,9.1,SNK_A_3M_FALLBACK,
CRD_B2A94238DD6A45BD8A15,밀로틱,CHR,070/068,95129,high_confidence,12169,10525,2026-06-26,4,1025,1000,5,1050,1000,14,6992,32,6980,0,0,0,0,1000,18,1025,A_1M,9738,1.081,8.1,SNK_A_1M_OK,
CRD_3BD607C56C33412AAF02,입치트 V,CSR,085/068,95246,high_confidence,19360,19298,2026-06-27,0,0,0,1,3200,3200,2,7890,8,7700,0,0,1,3800,2000,6,3200,A_3M,30400,0.635,-36.5,SNK_A_3M_FALLBACK,
CRD_69B3F39FEAAD4175AFED,윤진,HR,091/068,95245,high_confidence,4840,4809,2026-06-28,0,0,0,0,0,0,0,0,0,0,0,0,0,0,1000,3,0,NONE,0,,,SCRYDEX_ONLY,
CRD_69B4BC1CEE69492C85A9,세레나,HR,090/068,95239,high_confidence,32512,30730,2026-06-28,1,3625,3625,3,3625,3625,3,17397,25,13745,0,0,0,0,4999,26,3625,A_1M,34438,0.892,-10.8,SNK_A_1M_OK,
CRD_E775D88E4E3048DFB1F1,아로마 아가씨,SR,087/069,95318,high_confidence,11985,11892,2026-06-28,0,0,0,0,0,0,16,12469,50,12013,0,0,4,4763,2000,78,0,NONE,0,,,SCRYDEX_ONLY,
CRD_17CEDC815C264A69A345,샤로다 V,SR,075/068,95333,high_confidence,6561,6300,2026-06-28,0,0,0,0,0,0,0,0,1,6800,0,0,0,0,5555,4,0,NONE,0,,,SCRYDEX_ONLY,
CRD_847F3AC4CA9A4D418203,입치트 V,SR,078/068,95334,high_confidence,3150,3150,2026-06-28,0,0,0,0,0,0,0,0,0,0,0,0,0,0,5000,1,0,NONE,0,,,SCRYDEX_ONLY,
CRD_6D1BC2DD10F54AB98A56,알로라 식스테일 VSTAR,HR,087/068,95244,high_confidence,31098,31068,2026-06-28,1,2400,2400,3,2400,2400,0,0,5,9980,0,0,0,0,2000,5,2400,A_1M,22800,1.363,36.3,SNK_A_1M_OK,
CRD_21B1F91A8CC1487FB607,님피아 V,SR,082/069,96552,high_confidence,34709,34125,2026-06-28,0,0,0,9,5000,4980,10,22629,22,17500,0,0,1,5000,2980,14,5000,A_3M,47500,0.718,-28.2,SNK_A_3M_FALLBACK,
CRD_AF6C72E18B814568BD91,블래키 V,SR,084/069,96549,high_confidence,47877,47877,2026-06-28,3,12000,14000,20,9475,14000,11,33799,46,34999,0,0,5,9800,9000,69,12000,A_1M,114000,0.42,-58.0,SNK_A_1M_OK,SCRYDEX_HALF_LOW
CRD_CE735FF66AA14F35A904,샤로다 VSTAR,HR,086/068,95332,high_confidence,12138,12138,2026-06-27,0,0,0,0,0,0,0,0,0,0,0,0,0,0,1000,4,0,NONE,0,,,SCRYDEX_ONLY,
CRD_618582EF6E874473AD9F,리피아 V,SR,070/069,96555,high_confidence,13091,12876,2026-06-28,1,2680,2680,4,4090,2680,4,11849,15,11800,0,0,0,0,1980,28,2680,A_1M,25460,0.506,-49.4,SNK_A_1M_OK,
CRD_B0F2BB5C7F9B413AAF68,글레이시아 V,SR,076/069,96554,high_confidence,23109,23109,2026-06-26,1,2800,2800,5,3500,2800,6,10399,13,10866,0,0,0,0,2000,18,2800,A_1M,26600,0.869,-13.1,SNK_A_1M_OK,
CRD_7269FACD98284466BD3F,부스터 V,SR,072/069,96553,high_confidence,15918,15687,2026-06-26,0,0,0,4,4150,3500,4,11500,11,11900,0,0,3,3200,1000,14,4150,A_3M,39425,0.398,-60.2,SNK_A_3M_FALLBACK,SCRYDEX_HALF_LOW
CRD_EE02CE3BA278460EBEA5,인텔리온,UR,098/069,96548,high_confidence,10218,10233,2026-06-28,0,0,0,0,0,0,1,8900,4,8600,0,0,0,0,2980,6,0,NONE,0,,,SCRYDEX_ONLY,
CRD_62D1A0E97E804231B0D6,리피아 VMAX,HR,088/069,96557,high_confidence,29193,28655,2026-06-28,0,0,0,4,4740,4500,2,14240,11,13800,0,0,0,0,11999,16,4740,A_3M,45030,0.636,-36.4,SNK_A_3M_FALLBACK,
CRD_F7332249FC82459985F9,에브이 V,SR,080/069,96550,high_confidence,23216,22694,2026-06-26,1,4000,4000,5,4500,4000,4,15229,22,16230,0,0,1,4000,3000,20,4000,A_1M,38000,0.597,-40.3,SNK_A_1M_OK,
CRD_BAF951CD1C52420DB08A,기라티나 VSTAR,HR,120/100,96559,high_confidence,24999,25121,2026-06-27,0,0,0,6,9192,9200,2,21500,19,22899,0,0,0,0,4840,27,9192,A_3M,87324,0.288,-71.2,MAPPING_REVIEW,SCRYDEX_HALF_LOW
CRD_89F2A38B167C4010B9FF,망나뇽 V,SR,073/067,96563,high_confidence,32650,32650,2026-06-28,1,7299,7299,4,6389,7299,2,30500,6,30500,0,0,0,0,4999,10,7299,A_1M,69340,0.471,-52.9,SNK_A_1M_OK,SCRYDEX_HALF_LOW
CRD_9B0C05E62D6D4E19B749,깜까미 V,SR,064/060,96565,high_confidence,7037,7037,2026-06-28,0,0,0,0,0,0,0,0,0,0,0,0,0,0,1500,1,0,NONE,0,,,SCRYDEX_ONLY,
CRD_7FD569C86E8646908F84,쥬피썬더 V,SR,078/069,96551,high_confidence,14366,14228,2026-06-26,0,0,0,2,2399,2799,4,10583,14,9999,0,0,0,0,4395,10,2399,A_3M,22790,0.624,-37.6,SNK_A_3M_FALLBACK,
CRD_2A1A9C89BB3947378F7C,자마젠타 V,UR,073/060,96564,high_confidence,0,0,,0,0,0,0,0,0,2,13250,4,10250,0,0,0,0,0,0,0,NONE,0,,,NO_DATA,
CRD_81DCFF5DDA584C5E9F87,요가램 V,SR,072/067,96561,high_confidence,40348,39180,2026-06-28,1,3300,3300,1,3300,3300,0,0,5,15000,0,0,0,0,3000,9,3300,A_1M,31350,1.25,25.0,SNK_A_1M_OK,
CRD_F7465DD0B4F74D7A9777,난천의 패기,SR,113/100,96568,high_confidence,31037,31114,2026-06-28,0,0,0,1,3500,3500,13,16999,39,15355,0,0,1,4000,2800,51,3500,A_3M,33250,0.936,-6.4,SNK_A_3M_FALLBACK,
CRD_2261AA95080E4619A99E,네오라이트 V,SR,104/100,96575,high_confidence,6960,6960,2026-06-28,0,0,0,0,0,0,0,0,0,0,0,0,0,0,0,0,0,NONE,0,,,SCRYDEX_ONLY,
CRD_8C2D1ED4956640F9A05F,게노세크트 V,SR,108/100,96579,high_confidence,6207,6207,2026-06-28,0,0,0,0,0,0,0,0,0,0,0,0,0,0,1000,4,0,NONE,0,,,SCRYDEX_ONLY,
CRD_DFBD272AF9C64329B300,뮤 V,SR,105/100,96582,high_confidence,32666,32666,2026-06-28,5,11400,11000,25,12000,11000,15,35900,41,38800,0,0,1,20000,8000,41,11400,A_1M,108300,0.302,-69.8,MAPPING_REVIEW,SCRYDEX_HALF_LOW
CRD_B2B243175D8E4033A33F,샹델라 V,SR,102/100,141398,high_confidence,5501,5547,2026-06-28,0,0,0,0,0,0,0,0,0,0,0,0,0,0,5000,1,0,NONE,0,,,SCRYDEX_ONLY,
CRD_B800DDCEC18641718BAD,게노세크트 V,SR,109/100,96577,high_confidence,36338,35170,2026-06-28,0,0,0,2,2800,2800,1,10000,8,9074,0,0,0,0,2222,7,2800,A_3M,26600,1.322,32.2,SNK_A_3M_FALLBACK,
CRD_FE5D7A94A7D447F39D4A,아쿠스타 V,CSR,083/067,96585,high_confidence,149561,149561,2026-06-27,1,17490,17490,6,16900,17490,18,33616,54,40383,1,19800,9,15000,15800,43,17490,A_1M,166155,0.9,-10.0,SNK_A_1M_OK,
CRD_DBD66A8B209F456490D9,블래키 VMAX,HR,094/069,96618,high_confidence,65900,65900,2026-06-27,1,12999,12999,12,15500,12999,16,36345,46,37999,0,0,2,13400,15000,55,12999,A_1M,123490,0.534,-46.6,SNK_A_1M_OK,
CRD_B1236C0C76BB4236BEB2,히스이 대검귀 VSTAR,UR,091/067,96590,high_confidence,11355,11447,2026-06-26,0,0,0,0,0,0,0,0,0,0,0,0,0,0,4000,3,0,NONE,0,,,SCRYDEX_ONLY,
CRD_D7574728F6AB49FEBD4E,님피아 VMAX,HR,092/069,96620,high_confidence,46601,46048,2026-06-26,0,0,0,5,10249,10249,5,19750,26,22500,0,0,1,5999,6000,28,10249,A_3M,97366,0.473,-52.7,SNK_A_3M_FALLBACK,SCRYDEX_HALF_LOW
CRD_F231F0C3861143839BF7,가라르 나이킹 V,SR,109/100,96624,high_confidence,21219,20527,2026-06-28,1,1800,1800,1,1800,1800,0,0,3,8000,0,0,0,0,1200,4,1800,A_1M,17100,1.2,20.0,SNK_A_1M_OK,
CRD_1F0C27DC82064235A11C,글레이시아 VMAX,HR,090/069,96619,high_confidence,26658,26658,2026-06-28,0,0,0,2,4335,4690,1,13500,8,13000,0,0,0,0,2800,14,4335,A_3M,41182,0.647,-35.3,SNK_A_3M_FALLBACK,
CRD_E2BB1FFF8563469E809D,큐레무 VMAX,HR,117/100,96628,high_confidence,9741,8835,2026-06-26,0,0,0,1,1500,1500,0,0,3,9000,0,0,0,0,10200,2,1500,A_3M,14250,0.62,-38.0,SNK_A_3M_FALLBACK,
CRD_FB55D0FF075E4F0EBCBA,아크로마의 실험,HR,124/100,96629,high_confidence,5685,6008,2026-06-28,0,0,0,0,0,0,0,0,0,0,0,0,0,0,2000,1,0,NONE,0,,,SCRYDEX_ONLY,
CRD_E14A48ED116544BFB915,모르페코 VMAX,HR,069/060,96632,high_confidence,38397,38397,2026-06-28,1,2780,2780,2,6945,2780,0,0,4,12350,0,0,0,0,4200,5,2780,A_1M,26410,1.454,45.4,SNK_A_1M_OK,
CRD_1DB4E0B1059842A38CD7,엘레이드 V,CSR,089/071,96636,high_confidence,20082,20128,2026-06-26,0,0,0,0,0,0,0,0,3,8800,1,2999,1,2999,1700,5,0,NONE,0,,,SCRYDEX_ONLY,
CRD_2B58D40C1AE74F69A349,성화,HR,093/071,96638,high_confidence,9065,8835,2026-06-28,0,0,0,0,0,0,0,0,2,6740,0,0,0,0,1800,4,0,NONE,0,,,SCRYDEX_ONLY,
CRD_0D77F9604B9641DF9650,세레비 VMAX,HR,084/070,96647,high_confidence,21127,20497,2026-06-26,0,0,0,2,1995,2890,3,15000,10,14449,0,0,0,0,2500,4,1995,A_3M,18952,1.082,8.2,SNK_A_3M_FALLBACK,
CRD_1B2ADC910BB140BE8F44,흑마 버드렉스 VMAX,HR,085/070,96645,high_confidence,18050,0,2026-05-08,0,0,0,0,0,0,0,0,0,0,0,0,0,0,0,0,0,NONE,0,,,SCRYDEX_ONLY,
CRD_45D3A4AB841C4BAAA951,두랄루돈 VMAX,UR,285/184,96661,high_confidence,6346,6545,2026-06-28,0,0,0,2,1300,1100,0,0,2,8000,0,0,0,0,1100,5,1300,A_3M,12350,0.53,-47.0,SNK_A_3M_FALLBACK,
CRD_4C12E5F0808C4CD8A09F,히스이 드레디어 VSTAR,HR,080/067,96658,high_confidence,9680,9757,2026-06-26,0,0,0,0,0,0,0,0,0,0,0,0,0,0,1700,1,0,NONE,0,,,SCRYDEX_ONLY,
CRD_3EE555CE8FCD4C4CA1C9,피카츄,CHR,073/071,96667,high_confidence,82186,77500,2026-06-28,12,9250,14000,67,9391,14000,31,28510,91,31016,11,9577,34,10000,5999,221,9250,A_1M,87875,0.882,-11.8,SNK_A_1M_OK,
CRD_8206CD8F04C740CB8753,히스이 조로아크 V,SR,083/071,96664,high_confidence,7590,7421,2026-06-28,0,0,0,0,0,0,0,0,0,0,0,0,0,0,3000,2,0,NONE,0,,,SCRYDEX_ONLY,
CRD_FD9334E6BCA74689AECC,월로,SR,087/071,96663,high_confidence,5439,5439,2026-06-28,0,0,0,0,0,0,1,7500,2,7000,0,0,0,0,0,0,0,NONE,0,,,SCRYDEX_ONLY,
CRD_B345C0800CFB40D28BD7,님피아 V,CSR,231/184,96676,high_confidence,62105,62105,2026-06-27,1,5999,5999,7,7700,5999,12,21125,44,21838,1,8000,4,6940,5299,42,5999,A_1M,56990,1.09,9.0,SNK_A_1M_OK,
CRD_CE2516E395224ACA9D34,흑마 버드렉스 VMAX,CSR,236/184,96674,high_confidence,11662,11631,2026-06-26,0,0,0,1,1499,1499,1,9000,7,8700,0,0,1,1800,2400,5,1499,A_3M,14240,0.817,-18.3,SNK_A_3M_FALLBACK,
CRD_A137B96810564A16B8DA,번치코 VMAX,CSR,217/184,96685,high_confidence,32404,31759,2026-06-28,1,3800,3800,2,4150,3800,3,12599,19,13000,0,0,0,0,2380,30,3800,A_1M,36100,0.88,-12.0,SNK_A_1M_OK,
CRD_5034E9197BEF4694BCDE,일격 우라오스 VMAX,CSR,239/184,96679,high_confidence,15227,14351,2026-06-28,0,0,0,2,1445,1690,2,8672,8,8672,0,0,1,4400,2500,9,1445,A_3M,13728,1.045,4.5,SNK_A_3M_FALLBACK,
CRD_FF3AB4F575D74BC39C88,블래키 V,CSR,244/184,96673,high_confidence,69295,69295,2026-06-27,1,13800,13800,22,12000,13800,19,31600,64,34050,1,9800,7,10000,4999,55,13800,A_1M,131100,0.529,-47.1,SNK_A_1M_OK,
CRD_364F4FE8048A4DC09AA0,흑마 버드렉스 V,SR,076/070,96682,high_confidence,37613,37613,2026-06-28,1,7500,7500,2,5500,7500,3,12400,11,12500,0,0,0,0,7999,9,7500,A_1M,71250,0.528,-47.2,SNK_A_1M_OK,
CRD_22A6C07D45A04AADBA89,히스이 미끄래곤 VSTAR,HR,091/071,96672,high_confidence,16210,15580,2026-06-28,0,0,0,0,0,0,0,0,0,0,0,0,0,0,0,0,0,NONE,0,,,SCRYDEX_ONLY,
CRD_ACF61B33CDD24476B1C0,가라르 파이어 V,CSR,242/184,96692,high_confidence,15457,14136,2026-06-26,0,0,0,5,3000,2300,5,10400,20,11394,0,0,0,0,2600,43,3000,A_3M,28500,0.496,-50.4,SNK_A_3M_FALLBACK,SCRYDEX_HALF_LOW
CRD_0F8A51DF3CF3497BAD9D,모험가의 발견,SR,263/184,96696,high_confidence,4318,4195,2026-06-28,0,0,0,0,0,0,1,8000,7,7656,0,0,1,3499,1000,28,0,NONE,0,,,SCRYDEX_ONLY,
CRD_9BC7436092C94785A4FC,박사의 연구(주박사),SR,264/184,96678,high_confidence,7390,7268,2026-06-28,0,0,0,0,0,0,1,7000,4,7624,0,0,0,0,2450,3,0,NONE,0,,,SCRYDEX_ONLY,
CRD_0AB4A2D2E3654FD69744,채두,SR,275/184,96675,high_confidence,9542,9588,2026-06-28,0,0,0,1,2800,2800,5,12599,18,13399,1,3980,2,3890,1555,26,2800,A_3M,26600,0.36,-64.0,SNK_A_3M_FALLBACK,SCRYDEX_HALF_LOW
CRD_1628769382AC47C581EB,해피너스 V,SR,079/070,96686,high_confidence,50827,50827,2026-06-26,0,0,0,0,0,0,0,0,11,15000,0,0,0,0,3500,15,0,NONE,0,,,SCRYDEX_ONLY,
CRD_8E2C1FBCA2F54B3FBFEA,흑마 칼레오스 VMAX,UR,281/184,96684,high_confidence,9649,9649,2026-06-28,0,0,0,2,2400,2800,3,9900,6,9750,0,0,0,0,1500,7,2400,A_3M,22800,0.423,-57.7,SNK_A_3M_FALLBACK,SCRYDEX_HALF_LOW
CRD_68AFBE59B0D944A69E33,해피너스 V,CSR,254/184,96695,high_confidence,21296,20773,2026-06-26,0,0,0,5,2000,1800,2,10950,13,10880,0,0,0,0,3000,13,2000,A_3M,19000,1.093,9.3,SNK_A_3M_FALLBACK,
CRD_9A16B5CDB26D4457BDC6,무한다이노 VMAX,CSR,247/184,96694,high_confidence,13874,13045,2026-06-27,1,1399,1399,1,1399,1399,0,0,2,6850,0,0,0,0,1500,4,1399,A_1M,13290,0.982,-1.8,SNK_A_1M_OK,
CRD_FF1552C5F5BD478284DD,흑마 버드렉스 V,CSR,235/184,96691,high_confidence,10955,10832,2026-06-26,0,0,0,0,0,0,1,8000,3,8000,0,0,0,0,1800,4,0,NONE,0,,,SCRYDEX_ONLY,
CRD_716841C8EA25435BA3A7,번치코 V,CSR,216/184,96700,high_confidence,30499,30499,2026-06-28,1,4000,4000,5,3000,4000,7,12800,24,11894,0,0,0,0,1380,22,4000,A_1M,38000,0.803,-19.7,SNK_A_1M_OK,
CRD_BF0BAA33D5244D7D9AE4,백마 버드렉스 V,CSR,220/184,96702,high_confidence,9004,8912,2026-06-27,0,0,0,0,0,0,0,0,1,8000,0,0,0,0,1300,13,0,NONE,0,,,SCRYDEX_ONLY,
CRD_322DAF78A9B34EA2B745,연격 우라오스 VMAX,UR,283/184,96699,high_confidence,8912,8927,2026-06-28,0,0,0,1,1680,1680,3,11300,6,10649,0,0,0,0,1500,12,1680,A_3M,15960,0.559,-44.1,SNK_A_3M_FALLBACK,
CRD_203E701EC38E4E9A8ECE,일격 우라오스 VMAX,UR,282/184,96698,high_confidence,10940,10940,2026-06-27,0,0,0,0,0,0,3,10999,5,10900,0,0,0,0,2000,7,0,NONE,0,,,SCRYDEX_ONLY,
CRD_ACC142C26F114994836D,민지,SR,081/070,96710,high_confidence,22340,22340,2026-06-28,1,2500,2500,3,2500,2500,12,12607,32,11950,1,6000,1,6000,2380,20,2500,A_1M,23750,0.941,-5.9,SNK_A_1M_OK,
CRD_BA7824DD9F5F4039A731,멜론,SR,080/070,96709,high_confidence,20312,19913,2026-06-28,0,0,0,0,0,0,4,11569,10,9212,0,0,0,0,2222,21,0,NONE,0,,,SCRYDEX_ONLY,
CRD_D2B8F12F00094BD88632,피카츄 V,CSR,222/184,96712,high_confidence,94878,93633,2026-06-27,3,25000,32000,27,25800,32000,20,64999,65,72750,5,20800,13,21500,14000,149,25000,A_1M,237500,0.394,-60.6,SNK_A_1M_OK,SCRYDEX_HALF_LOW
CRD_3FAAA0E00D4E4C6A8014,버넷박사,SR,265/184,96706,high_confidence,4502,4487,2026-06-28,0,0,0,0,0,0,1,8500,4,7550,0,0,0,0,2200,7,0,NONE,0,,,SCRYDEX_ONLY,
CRD_1589922DA5104539AFF5,레쿠쟈 VMAX,CSR,252/184,96714,high_confidence,127559,123379,2026-06-27,9,38399,33739,38,33819,33739,29,84782,84,84152,0,0,9,26333,15000,170,38399,A_1M,364790,0.338,-66.2,SNK_A_1M_OK,SCRYDEX_HALF_LOW
CRD_50ACE060260D40C7B2AC,멜론,HR,091/070,96713,high_confidence,16871,16871,2026-06-28,0,0,0,0,0,0,0,0,0,0,0,0,0,0,0,0,0,NONE,0,,,SCRYDEX_ONLY,
CRD_BED3E8E4C2A24CE9B22C,백마 버드렉스 V,SR,073/070,96708,high_confidence,31390,31390,2026-06-27,0,0,0,1,3700,3700,2,12250,7,11500,0,0,0,0,4700,9,3700,A_3M,35150,0.893,-10.7,SNK_A_3M_FALLBACK,
CRD_749056557121444EB3EA,연격 우라오스 VMAX,CSR,241/184,96705,high_confidence,13951,13844,2026-06-28,0,0,0,1,1800,1800,2,7775,6,7050,0,0,0,0,1000,4,1800,A_3M,17100,0.81,-19.0,SNK_A_3M_FALLBACK,
CRD_F16DED4EF2094676A83D,야청,SR,271/184,96715,high_confidence,27180,26735,2026-06-28,0,0,0,1,2500,2500,11,15300,34,14124,1,4000,2,3600,2500,43,2500,A_3M,23750,1.126,12.6,SNK_A_3M_FALLBACK,
CRD_E68B9BE86070484B96AE,가라르 날쌩마 V,SR,075/070,96725,high_confidence,77961,77869,2026-06-27,0,0,0,1,4500,4500,1,15350,9,13000,0,0,0,0,4500,13,4500,A_3M,42750,1.821,82.1,SNK_A_3M_FALLBACK,
CRD_FA35119D522542FAB6EA,흑마 버드렉스 V,SR,075/070,96704,high_confidence,13413,13413,2026-06-28,0,0,0,0,0,0,0,0,0,0,0,0,0,0,0,0,0,NONE,0,,,SCRYDEX_ONLY,
CRD_6C18665126FF426F9C2E,블래키 VMAX,CSR,245/184,96729,high_confidence,98396,98396,2026-06-27,3,22000,19399,23,15000,19399,29,48124,72,42713,2,15399,9,9800,12000,62,22000,A_1M,209000,0.471,-52.9,SNK_A_1M_OK,SCRYDEX_HALF_LOW
CRD_A914FCD3FCD847BFA351,히스이 드레디어 V,SR,069/067,96742,high_confidence,38120,36246,2026-06-28,0,0,0,1,3000,3000,1,9000,3,9000,0,0,1,4500,5000,4,3000,A_3M,28500,1.272,27.2,SNK_A_3M_FALLBACK,
CRD_7C280FA0405542028F83,뮤 VMAX,UR,280/184,96733,high_confidence,53792,54729,2026-06-28,2,28900,29800,24,28840,29800,20,52650,58,57680,0,0,1,13900,11000,74,28900,A_1M,274550,0.199,-80.1,MAPPING_REVIEW,SCRYDEX_HALF_LOW
CRD_FD45A140AA334C83958D,노보청 V,SR,076/071,96749,high_confidence,7836,7775,2026-06-28,0,0,0,0,0,0,1,7000,3,6999,0,0,0,0,1000,5,0,NONE,0,,,SCRYDEX_ONLY,
CRD_16D77C3BD5F547639930,오리진 디아루가 VSTAR,HR,082/067,96735,high_confidence,19682,19851,2026-06-28,0,0,0,0,0,0,0,0,0,0,0,0,0,0,2500,5,0,NONE,0,,,SCRYDEX_ONLY,
CRD_81D4DD597DBE456BB22A,님피아 VMAX,CSR,232/184,96726,high_confidence,74996,74258,2026-06-27,0,0,0,10,14000,14000,17,28400,57,29000,1,11000,2,13000,6900,59,14000,A_3M,133000,0.558,-44.2,SNK_A_3M_FALLBACK,
CRD_7F7E8A1CDFC44B1687F8,따라큐 VMAX,CSR,234/184,96731,high_confidence,62412,61766,2026-06-27,3,7000,7000,12,7350,7000,26,21800,78,22708,7,7980,11,7980,5500,96,7000,A_1M,66500,0.929,-7.1,SNK_A_1M_OK,
CRD_D48A0477EDAA45118306,망나뇽 VSTAR,HR,086/071,96746,high_confidence,30376,29500,2026-06-26,1,3000,3000,9,4000,3000,1,21000,15,21000,0,0,0,0,1800,19,3000,A_1M,28500,1.035,3.5,SNK_A_1M_OK,
CRD_0320E0D5056F4FBDB33A,괴력몬 V,SR,073/067,96744,high_confidence,117495,117249,2026-06-28,1,8780,8780,7,9500,8780,4,18044,24,19750,0,0,1,8800,17000,9,8780,A_1M,83410,1.406,40.6,SNK_A_1M_OK,
CRD_CF7C7828EFFC49579A10,유채의 활기,HR,083/067,96737,high_confidence,23047,23047,2026-06-28,0,0,0,1,2500,2500,0,0,3,8000,0,0,1,3500,2800,8,2500,A_3M,23750,0.97,-3.0,SNK_A_3M_FALLBACK,
CRD_2E8555FADF814122AE17,찬석의 활기,HR,084/067,96734,high_confidence,8650,8251,2026-06-28,0,0,0,0,0,0,0,0,0,0,1,3500,1,3500,2500,1,0,NONE,0,,,SCRYDEX_ONLY,
CRD_C8796B366D1E44C889CE,박사의 연구,SR,080/071,96751,high_confidence,5931,6253,2026-06-28,0,0,0,0,0,0,0,0,0,0,0,0,0,0,0,0,0,NONE,0,,,SCRYDEX_ONLY,
CRD_05B09E19DF994717ADC4,피오니아,HR,090/070,96707,high_confidence,15365,15365,2026-06-28,0,0,0,0,0,0,0,0,0,0,0,0,0,0,5500,3,0,NONE,0,,,SCRYDEX_ONLY,
CRD_FFD29F9A67B34EF2988F,뮤츠 V,SR,073/071,96755,high_confidence,19068,18837,2026-06-28,2,6990,7500,28,8000,7500,13,29999,41,36480,1,9000,4,6500,3300,67,6990,A_1M,66405,0.284,-71.6,MAPPING_REVIEW,SCRYDEX_HALF_LOW
CRD_F2A7696A982E40248FC6,주혜,HR,085/067,96610,high_confidence,38612,38612,2026-06-28,0,0,0,2,1325,1200,3,9800,9,9466,0,0,0,0,3500,13,1325,A_3M,12588,3.067,206.7,MAPPING_REVIEW,SCRYDEX_2X_HIGH
CRD_D00A4D4EA8DD49B1B244,네오라이트 V,SR,105/100,96567,high_confidence,26212,25920,2026-06-28,0,0,0,0,0,0,0,0,8,7700,0,0,0,0,3000,11,0,NONE,0,,,SCRYDEX_ONLY,
CRD_F3810D112236407E9EE6,히스이 조로아크 VSTAR,HR,092/071,96668,high_confidence,13967,14842,2026-06-28,0,0,0,2,1950,1900,0,0,1,8000,0,0,0,0,1300,5,1950,A_3M,18525,0.801,-19.9,SNK_A_3M_FALLBACK,
CRD_572C9B22477A47FB9AEB,금랑,SR,077/067,98651,high_confidence,22940,22940,2026-06-28,0,0,0,1,4800,4800,0,0,4,6948,0,0,0,0,6000,5,4800,A_3M,45600,0.503,-49.7,SNK_A_3M_FALLBACK,
CRD_0240A6FE69024ADCAB57,제라오라 V,SR,073/070,96701,high_confidence,17931,17931,2026-06-26,0,0,0,0,0,0,0,0,0,0,0,0,0,0,28729,1,0,NONE,0,,,SCRYDEX_ONLY,
CRD_85A4AA81199D42D8B160,피비,HR,087/070,98652,high_confidence,5700,0,2026-05-08,0,0,0,0,0,0,0,0,0,0,0,0,0,0,2800,1,0,NONE,0,,,SCRYDEX_ONLY,
CRD_A64742D752F444C9A34A,스이쿤 V,SR,068/067,98664,high_confidence,18515,18822,2026-06-26,0,0,0,0,0,0,1,9000,2,9500,0,0,0,0,10000,3,0,NONE,0,,,SCRYDEX_ONLY,
CRD_274FD14AB17940EB8528,골루그 V,SR,070/067,98656,high_confidence,37383,37383,2026-06-28,1,4000,4000,1,4000,4000,0,0,1,7900,1,4500,1,4500,5000,2,4000,A_1M,38000,0.984,-1.6,SNK_A_1M_OK,
CRD_1D26125A944B41DFAE0A,스쿨걸,SR,078/067,98669,high_confidence,9219,9219,2026-06-28,0,0,0,1,1780,1780,9,11000,21,10972,0,0,0,0,1500,27,1780,A_3M,16910,0.545,-45.5,SNK_A_3M_FALLBACK,
CRD_6254B969E7A7449094FA,흉내내기 아가씨,SR,079/067,98675,high_confidence,19682,20282,2026-06-27,0,0,0,1,1500,1500,2,7388,9,7000,0,0,1,3500,1500,21,1500,A_3M,14250,1.423,42.3,SNK_A_3M_FALLBACK,
CRD_C120B46573824D1A87A3,회연,SR,081/070,98666,high_confidence,40271,39995,2026-06-28,0,0,0,0,0,0,1,13900,14,11146,1,4500,2,4740,2900,23,0,NONE,0,,,SCRYDEX_ONLY,
CRD_CEAA3C84AF6D4EE4B6F1,음번 V,SR,074/067,98649,high_confidence,92173,92173,2026-06-27,1,7000,7000,1,7000,7000,4,18500,12,19250,0,0,1,12000,17800,8,7000,A_1M,66500,1.386,38.6,SNK_A_1M_OK,
CRD_C74290D9A640465F8C18,엠페르트 V,SR,074/070,99573,high_confidence,116619,116619,2026-06-26,0,0,0,0,0,0,1,33500,6,43000,0,0,0,0,7700,16,0,NONE,0,,,SCRYDEX_ONLY,
CRD_C09A904A2D634B4383A4,헬가,UR,089/070,99571,high_confidence,45818,45818,2026-06-27,0,0,0,0,0,0,0,0,1,9800,0,0,0,0,2500,3,0,NONE,0,,,SCRYDEX_ONLY,
CRD_25C230DC064948798E98,코르니의 기합,HR,086/070,99576,high_confidence,12350,0,2026-05-08,0,0,0,0,0,0,2,8299,3,8599,0,0,0,0,5000,3,0,NONE,0,,,SCRYDEX_ONLY,
CRD_202EC7F73609423FA993,크레세리아,UR,087/067,99563,high_confidence,20481,20481,2026-06-28,0,0,0,0,0,0,0,0,1,12350,0,0,0,0,5000,1,0,NONE,0,,,SCRYDEX_ONLY,
CRD_261019703FC444A39023,흉내내기 아가씨,HR,086/067,99565,high_confidence,13813,13045,2026-06-28,0,0,0,0,0,0,0,0,0,0,0,0,0,0,2500,1,0,NONE,0,,,SCRYDEX_ONLY,
CRD_99B2271A9E6B4B259FB7,연격 우라오스 V,SR,077/070,99574,high_confidence,40271,40271,2026-06-28,0,0,0,0,0,0,1,11000,5,10999,0,0,0,0,4000,5,0,NONE,0,,,SCRYDEX_ONLY,
CRD_AE75FE8F2FF5446B86CF,금랑,HR,084/067,99564,high_confidence,13552,13552,2026-06-28,0,0,0,0,0,0,0,0,0,0,0,0,0,0,3500,1,0,NONE,0,,,SCRYDEX_ONLY,
CRD_D5532CF1B3D74D75938E,엠페르트 V,SR,073/070,99577,high_confidence,12292,12292,2026-06-28,0,0,0,0,0,0,0,0,0,0,0,0,0,0,2000,1,0,NONE,0,,,SCRYDEX_ONLY,
CRD_3A5B3FE091064B65AF4A,연격 우라오스 V,SR,076/070,99578,high_confidence,11816,11816,2026-06-28,0,0,0,0,0,0,0,0,0,0,0,0,0,0,0,0,0,NONE,0,,,SCRYDEX_ONLY,
CRD_C5A7D2CBC1844112AE51,르수아르,SR,157/150,100064,high_confidence,66837,70156,2026-06-27,0,0,0,1,7500,7500,6,22599,20,22449,0,0,2,7350,6900,37,7500,A_3M,71250,0.985,-1.5,SNK_A_3M_FALLBACK,
CRD_EB501A4CDBF645CBA027,비크티니 VMAX,HR,082/070,99579,high_confidence,24584,24584,2026-06-28,0,0,0,1,2980,2980,1,22000,2,15499,0,0,0,0,22222,1,2980,A_3M,28310,0.868,-13.2,SNK_A_3M_FALLBACK,
CRD_97ACB4636E2C4BB5B152,대포무노,UR,089/070,100079,high_confidence,11401,11001,2026-06-28,0,0,0,0,0,0,0,0,0,0,0,0,0,0,0,0,0,NONE,0,,,SCRYDEX_ONLY,
CRD_9D03992C0F05472AB893,라쥬르네,SR,156/150,100070,high_confidence,64148,61359,2026-06-28,0,0,0,0,0,0,3,13600,8,13799,0,0,0,0,6100,19,0,NONE,0,,,SCRYDEX_ONLY,
CRD_1D12B07C82D340E9AC74,포켓몬놀이,SR,198/190,100076,high_confidence,17501,17516,2026-06-28,2,4024,3300,4,3400,3300,12,12449,44,14566,3,4444,7,4444,4500,43,4024,A_1M,38228,0.458,-54.2,SNK_A_1M_OK,SCRYDEX_HALF_LOW
CRD_01EBD72E8D2B4C3486D6,연격 우라오스 VMAX,HR,083/070,100078,high_confidence,25890,25890,2026-06-28,0,0,0,0,0,0,0,0,0,0,0,0,0,0,0,0,0,NONE,0,,,SCRYDEX_ONLY,
CRD_17E681D70E484304B6B8,레지에레키 V,RR,033/098,100546,high_confidence,492,461,2026-06-26,0,0,0,0,0,0,0,0,0,0,0,0,0,0,1000,1,0,NONE,0,,,SCRYDEX_ONLY,
CRD_999BE8DBCC6F40B48020,안농 V,RR,035/098,100548,high_confidence,768,676,2026-06-28,0,0,0,0,0,0,0,0,0,0,0,0,0,0,0,0,0,NONE,0,,,SCRYDEX_ONLY,
CRD_BF1800988BEF4236B004,히스이 윈디 V,RR,046/098,100550,high_confidence,722,707,2026-06-26,0,0,0,0,0,0,0,0,0,0,0,0,0,0,1000,1,0,NONE,0,,,SCRYDEX_ONLY,
CRD_7BA254D36DFF445F8FB2,레지드래고 V,SR,107/098,100564,high_confidence,4348,4271,2026-06-28,0,0,0,0,0,0,0,0,0,0,0,0,0,0,1450,1,0,NONE,0,,,SCRYDEX_ONLY,
CRD_59C05E1C41D0406E8DF2,스컹탱크 V,RR,056/098,100551,high_confidence,584,568,2026-06-28,0,0,0,0,0,0,0,0,0,0,0,0,0,0,2000,1,0,NONE,0,,,SCRYDEX_ONLY,
CRD_B01199DFD87D423494E0,브리가론 V,SR,099/098,100556,high_confidence,2397,2412,2026-06-28,0,0,0,0,0,0,0,0,0,0,0,0,0,0,1000,3,0,NONE,0,,,SCRYDEX_ONLY,
CRD_9D2832A4A3F849E4BB06,암스타 V,SR,100/098,100557,high_confidence,2842,2858,2026-06-27,0,0,0,0,0,0,0,0,0,0,0,0,0,0,0,0,0,NONE,0,,,SCRYDEX_ONLY,
CRD_94D776CD680F432CBF1B,루기아 V,SR,109/098,100566,high_confidence,18084,19483,2026-06-28,2,4399,3999,12,6962,3999,2,24990,18,28650,0,0,0,0,3480,43,4399,A_1M,41790,0.466,-53.4,SNK_A_1M_OK,SCRYDEX_HALF_LOW
CRD_E853F7CFC656494D9757,작업원,SR,114/098,100568,high_confidence,5639,5685,2026-06-28,0,0,0,0,0,0,5,8300,11,7998,1,3500,1,3500,1000,27,0,NONE,0,,,SCRYDEX_ONLY,
CRD_147D2B78F8B043E3BB91,루기아 V,SR,110/098,100567,high_confidence,729813,708701,2026-06-28,1,175000,175000,10,166250,175000,27,207000,72,221916,3,111000,15,124000,89999,116,175000,A_1M,1662500,0.426,-57.4,SNK_A_1M_OK,SCRYDEX_HALF_LOW
CRD_E575B2AE33B442F687B3,목호,SR,112/098,100571,high_confidence,7329,7314,2026-06-28,1,2333,2333,1,2333,2333,0,0,1,9000,0,0,0,0,2300,3,2333,A_1M,22164,0.33,-67.0,MAPPING_REVIEW,SCRYDEX_HALF_LOW
CRD_CF7FB771410741039C30,안농 V,SR,103/098,100560,high_confidence,35477,35416,2026-06-27,1,3000,3000,2,2649,3000,4,12750,12,9849,0,0,0,0,2000,5,3000,A_1M,28500,1.243,24.3,SNK_A_1M_OK,
CRD_0542ACBB4B534F2A8089,안농 V,SR,102/098,100559,high_confidence,2935,2935,2026-06-28,0,0,0,0,0,0,0,0,0,0,0,0,0,0,1900,1,0,NONE,0,,,SCRYDEX_ONLY,
CRD_11D6E395867B46F49FE8,루기아 VSTAR,HR,118/098,100575,high_confidence,32604,32220,2026-06-26,0,0,0,12,7925,6480,3,22980,17,29816,0,0,2,7495,3980,39,7925,A_3M,75288,0.428,-57.2,SNK_A_3M_FALLBACK,SCRYDEX_HALF_LOW
CRD_B8A04830277E4F638EBD,레지에레키 VMAX [다이맥스],HR,115/098,100572,high_confidence,6638,6545,2026-06-28,0,0,0,0,0,0,0,0,0,0,0,0,0,0,2500,1,0,NONE,0,,,SCRYDEX_ONLY,
CRD_3A2389FDB90D4D529266,작업원,HR,122/098,100576,high_confidence,6084,6084,2026-06-28,0,0,0,0,0,0,2,7388,2,7388,0,0,0,0,2000,4,0,NONE,0,,,SCRYDEX_ONLY,
CRD_983678B45AB8425590AC,루기아 VSTAR,UR,123/098,100580,high_confidence,33664,32942,2026-06-28,7,9500,11200,30,11350,11200,5,23000,32,37723,0,0,0,0,4700,53,9500,A_1M,90250,0.365,-63.5,SNK_A_1M_OK,SCRYDEX_HALF_LOW
CRD_54B1B0CAD05346959E1C,기선,HR,119/098,100577,high_confidence,6361,6192,2026-06-28,0,0,0,0,0,0,0,0,0,0,0,0,0,0,1000,1,0,NONE,0,,,SCRYDEX_ONLY,
CRD_0B145711AB734536AD63,안농 VSTAR,HR,116/098,100573,high_confidence,12522,12246,2026-06-26,0,0,0,1,5000,5000,0,0,0,0,0,0,0,0,1999,7,5000,A_3M,47500,0.258,-74.2,MAPPING_REVIEW,SCRYDEX_HALF_LOW
CRD_3A163A0976E24CE79D88,단델,SR,109/100,101670,high_confidence,21434,20973,2026-06-28,2,2425,2650,2,2425,2650,1,9999,1,9999,0,0,0,0,2700,9,2425,A_1M,23038,0.91,-9.0,SNK_A_1M_OK,
CRD_94CBE75AE5E34D14A930,가라르 멘바릇,UR,119/100,101674,high_confidence,16025,15903,2026-06-28,0,0,0,0,0,0,1,7500,1,7500,0,0,0,0,0,0,0,NONE,0,,,SCRYDEX_ONLY,
CRD_952E55D05FF24EA3AC1C,파이어로 V,SR,102/100,101673,high_confidence,6745,6745,2026-06-28,0,0,0,0,0,0,0,0,0,0,0,0,0,0,0,0,0,NONE,0,,,SCRYDEX_ONLY,
CRD_F21447D57D74494F983B,순무,SR,077/070,102276,high_confidence,9204,9204,2026-06-24,0,0,0,0,0,0,0,0,0,0,0,0,0,0,0,0,0,NONE,0,,,SCRYDEX_ONLY,
CRD_73BB41EBB51F4E5C98C6,토게키스 VMAX,HR,088/076,102277,high_confidence,18668,18668,2026-06-28,0,0,0,0,0,0,0,0,0,0,0,0,0,0,0,0,0,NONE,0,,,SCRYDEX_ONLY,
CRD_DB2FCD2BE6764FDC8AD2,포켓몬 브리더의 육성,SR,078/070,102284,high_confidence,15365,15365,2026-06-28,0,0,0,0,0,0,0,0,0,0,0,0,0,0,1600,3,0,NONE,0,,,SCRYDEX_ONLY,
CRD_EFB6E86E4BF24527AD76,비파리온 V,RR,025/070,102273,high_confidence,2750,2750,2026-06-28,0,0,0,0,0,0,0,0,0,0,0,0,0,0,1000,1,0,NONE,0,,,SCRYDEX_ONLY,
CRD_FA1B7AC6670440C287BF,버터플 VMAX,HR,079/070,102282,high_confidence,36876,36876,2026-06-28,0,0,0,0,0,0,0,0,0,0,0,0,0,0,0,0,0,NONE,0,,,SCRYDEX_ONLY,
CRD_6F5BE04789954940A44C,아가씨,SR,083/076,102288,high_confidence,11232,11370,2026-06-28,0,0,0,0,0,0,0,0,1,9999,0,0,0,0,5000,4,0,NONE,0,,,SCRYDEX_ONLY,
CRD_92D9A6624DD04811B13A,마휘핑 VMAX,HR,086/076,102271,high_confidence,20435,20435,2026-06-28,0,0,0,0,0,0,0,0,0,0,0,0,0,0,1300,1,0,NONE,0,,,SCRYDEX_ONLY,
CRD_C69B5517FEEB4D75832B,하랑우탄,UR,092/076,102292,high_confidence,19513,19513,2026-06-26,0,0,0,0,0,0,0,0,0,0,0,0,0,0,1600,3,0,NONE,0,,,SCRYDEX_ONLY,
CRD_EA1B94320A2645EFB446,아가씨,HR,089/076,102296,high_confidence,8451,8451,2026-06-28,0,0,0,0,0,0,0,0,0,0,0,0,0,0,2000,2,0,NONE,0,,,SCRYDEX_ONLY,
CRD_D9D84E45DE404ECCB835,모스노우,UR,084/070,102302,high_confidence,17915,17915,2026-06-28,0,0,0,0,0,0,0,0,0,0,0,0,0,0,5000,1,0,NONE,0,,,SCRYDEX_ONLY,
CRD_D3D3847CAB9D4F80B987,칼라마네로 VMAX,HR,109/096,102293,high_confidence,6131,6131,2026-06-28,0,0,0,0,0,0,0,0,0,0,0,0,0,0,0,0,0,NONE,0,,,SCRYDEX_ONLY,
CRD_3D7C380DE0344900AFCD,나이킹,UR,113/096,102297,high_confidence,23047,23047,2026-06-28,0,0,0,0,0,0,0,0,0,0,0,0,0,0,0,0,0,NONE,0,,,SCRYDEX_ONLY,
CRD_9529FB33C2B2497B9A13,올리브,SR,106/096,102295,high_confidence,30730,30730,2026-06-28,0,0,0,0,0,0,3,8300,6,8440,0,0,2,2500,5000,6,0,NONE,0,,,SCRYDEX_ONLY,
CRD_987A2756FB554B91BD1A,가디안 V,SR,074/070,102275,high_confidence,14074,14074,2026-06-27,0,0,0,0,0,0,0,0,0,0,0,0,0,0,1999,2,0,NONE,0,,,SCRYDEX_ONLY,
CRD_6BAE3346829849DD8C4B,크로뱃 V,SR,105/100,102308,high_confidence,8550,0,2026-05-08,0,0,0,0,0,0,0,0,0,0,0,0,0,0,0,0,0,NONE,0,,,SCRYDEX_ONLY,
CRD_A19E4A91ACD440ECBEF2,인텔리레온 VMAX,HR,081/070,102305,high_confidence,18438,18438,2026-06-28,0,0,0,0,0,0,0,0,0,0,0,0,0,0,0,0,0,NONE,0,,,SCRYDEX_ONLY,
CRD_9830EDEBF33245BC92FE,올리브,HR,111/096,102298,high_confidence,10450,0,2026-05-08,0,0,0,0,0,0,0,0,0,0,0,0,0,0,1000,1,0,NONE,0,,,SCRYDEX_ONLY,
CRD_25909EEE9FBE41E08266,에이스번 VMAX,HR,080/070,102304,high_confidence,19774,19774,2026-06-28,0,0,0,0,0,0,0,0,0,0,0,0,0,0,0,0,0,NONE,0,,,SCRYDEX_ONLY,
CRD_79A7AA5045634FCAAE44,로즈,SR,110/100,102313,high_confidence,10709,10709,2026-06-27,0,0,0,0,0,0,0,0,0,0,0,0,0,0,0,0,0,NONE,0,,,SCRYDEX_ONLY,
CRD_5A428B14DAB74DF987AB,무한다이노 VMAX,HR,112/100,102312,high_confidence,30868,30868,2026-06-28,0,0,0,0,0,0,0,0,0,0,0,0,0,0,0,0,0,NONE,0,,,SCRYDEX_ONLY,
CRD_8E26CAF93B2D45FE870C,무한다이노 V,SR,106/100,102310,high_confidence,15119,15119,2026-06-28,0,0,0,0,0,0,0,0,0,0,0,0,0,0,0,0,0,NONE,0,,,SCRYDEX_ONLY,
CRD_C9D88D4A7D0741C89301,석탄산,UR,117/100,102314,high_confidence,18130,18130,2026-06-28,0,0,0,0,0,0,0,0,0,0,0,0,0,0,0,0,0,NONE,0,,,SCRYDEX_ONLY,
CRD_941424BAD57545578C47,보만다 VMAX,HR,114/100,102323,high_confidence,30330,30330,2026-06-28,1,1800,1800,1,1800,1800,0,0,2,13374,0,0,0,0,55500,2,1800,A_1M,17100,1.774,77.4,SNK_A_1M_OK,
CRD_3C062CAF599948F7BA44,난천의 패기,SAR,236/172,103056,high_confidence,49229,48645,2026-06-28,6,4680,4580,12,4990,4580,15,18000,50,17933,3,5740,8,5350,4800,66,4680,A_1M,44460,1.094,9.4,SNK_A_1M_OK,
CRD_FA128DB79B9440E7A6F9,앤테이 V,SAR,213/172,103066,high_confidence,54038,51042,2026-06-27,2,4999,5999,21,4000,5999,19,13599,58,13365,1,4999,9,4999,3000,39,4999,A_1M,47490,1.075,7.5,SNK_A_1M_OK,
CRD_D5E768346B67472EBC09,유채의 활기,SAR,240/172,103060,high_confidence,26474,26197,2026-06-28,1,2100,2100,4,2050,2100,15,12000,36,11500,0,0,3,2933,1680,39,2100,A_1M,19950,1.313,31.3,SNK_A_1M_OK,
CRD_7BE4E9F9E4664866988F,원규,SAR,239/172,103061,high_confidence,10648,11339,2026-06-28,1,1500,1500,3,1500,1500,9,13060,27,11300,1,3980,5,2000,1280,36,1500,A_1M,14250,0.796,-20.4,SNK_A_1M_OK,
CRD_EE2EA1C36FA84838903C,금랑,SAR,235/172,103058,high_confidence,7022,7083,2026-06-28,0,0,0,1,1300,1300,2,7550,4,7550,0,0,1,3000,1000,16,1300,A_3M,12350,0.574,-42.6,SNK_A_3M_FALLBACK,
CRD_22F914B318E7499997AE,스이쿤 V,SAR,215/172,103068,high_confidence,71416,66099,2026-06-28,1,7000,7000,23,4900,7000,19,14800,58,14474,3,5900,10,5500,4200,39,7000,A_1M,66500,0.994,-0.6,SNK_A_1M_OK,
CRD_D6012E58494D4846B6FB,기라티나 V,RR,110/172,103067,high_confidence,1168,1214,2026-06-26,1,1000,1000,2,1400,1000,0,0,6,11000,0,0,0,0,1000,11,1000,A_1M,9500,0.128,-87.2,MAPPING_REVIEW,SCRYDEX_HALF_LOW
CRD_02610BA308E64C70A526,노고치,AR,198/172,103063,high_confidence,3488,3595,2026-06-28,0,0,0,0,0,0,2,6899,11,6666,0,0,1,1999,1000,10,0,NONE,0,,,SCRYDEX_ONLY,
CRD_AF9E559EB5944BEFAAD8,앱솔,AR,191/172,103083,high_confidence,9081,8497,2026-06-28,1,1000,1000,1,1000,1000,2,8050,10,6900,0,0,1,2899,1000,19,1000,A_1M,9500,0.894,-10.6,SNK_A_1M_OK,
CRD_85D8B3249D6140CCAE00,리자몽 VSTAR,SAR,212/172,103079,high_confidence,146519,142078,2026-06-26,9,16000,14793,57,16525,14793,27,36685,88,40604,7,16000,26,15249,10500,205,16000,A_1M,152000,0.935,-6.5,SNK_A_1M_OK,
CRD_CAD2C5AC7AFD4C08A84D,디안시,AR,186/172,103084,high_confidence,6038,5562,2026-06-28,0,0,0,0,0,0,3,6800,14,6940,0,0,0,0,1000,16,0,NONE,0,,,SCRYDEX_ONLY,
CRD_6A05AC4797764140A0D5,파비코리,AR,194/172,103081,high_confidence,9772,8205,2026-06-28,1,1000,1000,2,1250,1000,5,6800,12,6872,0,0,2,2899,1000,14,1000,A_1M,9500,0.864,-13.6,SNK_A_1M_OK,
CRD_16FAD83BCF8E45DD9103,네오라이트 V,RR,026/172,103051,high_confidence,645,630,2026-06-28,0,0,0,0,0,0,0,0,0,0,0,0,0,0,4000,3,0,NONE,0,,,SCRYDEX_ONLY,
CRD_62AFC6A6B1234F778316,비버통,AR,200/172,103126,high_confidence,3995,4056,2026-06-28,0,0,0,0,0,0,4,7199,7,7200,0,0,2,2649,1000,8,0,NONE,0,,,SCRYDEX_ONLY,
CRD_ECCF09117F0E4F4BBCF1,히스이 조로아크 VSTAR,SAR,234/172,103078,high_confidence,63472,63411,2026-06-28,3,3050,3050,24,3250,3050,20,12668,66,11965,0,0,3,4500,3300,92,3050,A_1M,28975,2.188,118.8,SNK_A_1M_OK,SCRYDEX_2X_HIGH
CRD_7FDF1B8B2C7A49388486,밀탱크,AR,199/172,103064,high_confidence,7237,7314,2026-06-28,0,0,0,0,0,0,2,6390,9,6800,0,0,0,0,1000,16,0,NONE,0,,,SCRYDEX_ONLY,
CRD_F2649876E477438F80E1,바오키 VSTAR,SAR,214/172,103771,high_confidence,43037,42714,2026-06-28,5,4300,3500,24,3966,3500,24,15000,75,14500,2,5625,9,5000,3500,71,4300,A_1M,40850,1.046,4.6,SNK_A_1M_OK,
CRD_1E87A3A1183343468691,브리무음 VMAX [거다이맥스],SAR,224/172,103770,high_confidence,8835,8850,2026-06-26,0,0,0,1,1000,1000,4,7350,10,7425,0,0,1,2899,1000,13,1000,A_3M,9500,0.932,-6.8,SNK_A_3M_FALLBACK,
CRD_54E3A91B69264976B1D1,메타몽,AR,197/172,103801,high_confidence,17224,16317,2026-06-28,3,1800,1800,16,1500,1800,12,9700,27,9900,0,0,0,0,1500,22,1800,A_1M,17100,0.954,-4.6,SNK_A_1M_OK,
CRD_518259D3BB704065A54A,춤추새 [퓨전],AR,176/172,103761,high_confidence,3181,3165,2026-06-28,2,1175,1150,3,1150,1150,4,7800,13,7000,0,0,1,2499,1000,18,1175,A_1M,11162,0.284,-71.6,MAPPING_REVIEW,SCRYDEX_HALF_LOW
CRD_FDBA381E42DC4D1BAE86,레지기가스 VSTAR,SAR,233/172,103769,high_confidence,24322,24568,2026-06-26,1,1100,1100,3,1200,1100,3,8899,10,8494,0,0,0,0,1480,18,1100,A_1M,10450,2.351,135.1,SNK_A_1M_OK,SCRYDEX_2X_HIGH
CRD_48E53C0884D54CECB73D,히스이 미끄래곤,AR,196/172,103082,high_confidence,3411,3503,2026-06-28,0,0,0,2,1000,1000,2,7000,4,6500,0,0,1,2222,1000,14,1000,A_3M,9500,0.369,-63.1,SNK_A_3M_FALLBACK,SCRYDEX_HALF_LOW
CRD_F83111AEFA30449C80AA,제라오라 VSTAR,SAR,220/172,103797,high_confidence,26904,24530,2026-06-26,3,1999,2500,22,3150,2500,18,10762,57,10746,1,5550,1,5550,1900,139,1999,A_1M,18990,1.292,29.2,SNK_A_1M_OK,
CRD_24E953E56C044EFFAEB2,뮤 V,RR,053/172,103804,high_confidence,3365,3165,2026-06-26,2,1000,1000,17,1250,1000,5,19150,16,18533,0,0,0,0,1000,43,1000,A_1M,9500,0.333,-66.7,SNK_A_1M_OK,SCRYDEX_HALF_LOW
CRD_6B90BFF3033D4996A9AB,가라르 파이어,AR,190/172,103800,high_confidence,18284,18392,2026-06-28,6,1800,1800,26,1500,1800,25,10499,78,10449,4,3500,17,3000,1000,72,1800,A_1M,17100,1.076,7.6,SNK_A_1M_OK,
CRD_48773AA6B8EC4EF892A7,가라르 프리져,AR,182/172,103799,high_confidence,4778,4487,2026-06-28,1,1000,1000,4,1055,1000,4,8350,13,7999,0,0,1,3500,1000,18,1000,A_1M,9500,0.472,-52.8,SNK_A_1M_OK,SCRYDEX_HALF_LOW
CRD_95663DF3179B490FB089,글레이시아 VSTAR,SAR,217/172,103795,high_confidence,71231,68973,2026-06-28,8,4350,4000,32,5869,4000,21,14166,77,17774,4,6489,15,5849,3500,180,4350,A_1M,41325,1.669,66.9,SNK_A_1M_OK,
CRD_C73541F8726F4E58B333,테오키스 VMAX [다이맥스],SAR,222/172,103796,high_confidence,50412,50220,2026-06-26,2,3466,3332,10,3054,3332,7,11400,35,11400,1,3800,1,3800,2500,55,3466,A_1M,32927,1.525,52.5,SNK_A_1M_OK,
CRD_F6725E8B0E5E4958840B,블래키&다크라이 GX,SR,181/173,104534,high_confidence,241996,200818,2026-06-26,0,0,0,6,32400,29800,13,65250,33,71800,1,27000,3,19000,21800,27,32400,A_3M,307800,0.652,-34.8,SNK_A_3M_FALLBACK,
CRD_C7E6727225AD4AC8B1EA,레지기가스 V,RR,124/172,103554,high_confidence,691,507,2026-06-27,0,0,0,0,0,0,0,0,0,0,0,0,0,0,1000,2,0,NONE,0,,,SCRYDEX_ONLY,
CRD_439C86F598EA473882CC,솔록,AR,189/172,104427,high_confidence,5132,4978,2026-06-28,0,0,0,1,1000,1000,3,6600,9,6900,0,0,0,0,1000,14,1000,A_3M,9500,0.524,-47.6,SNK_A_3M_FALLBACK,
CRD_9FE76C9CE7304920BC39,루나톤,AR,184/172,104426,high_confidence,7590,7513,2026-06-28,0,0,0,0,0,0,5,7100,13,7050,0,0,0,0,1000,12,0,NONE,0,,,SCRYDEX_ONLY,
CRD_CBF98258CCE3480F901E,지라치 GX,SR,180/173,134006,high_confidence,44235,44066,2026-06-28,0,0,0,3,6666,6666,4,19499,14,19999,0,0,0,0,4000,15,6666,A_3M,63327,0.696,-30.4,SNK_A_3M_FALLBACK,
CRD_E17AC037337F480F9F4D,에브이&테오키스 GX,SR,176/173,104546,high_confidence,106540,106540,2026-06-28,0,0,0,0,0,0,2,30500,10,27250,1,14800,1,14800,5000,6,0,NONE,0,,,SCRYDEX_ONLY,
CRD_9379FBDE7A75416C8C5F,용접공,SR,197/173,104552,high_confidence,37705,38443,2026-06-28,0,0,0,0,0,0,0,0,0,0,0,0,0,0,0,0,0,NONE,0,,,SCRYDEX_ONLY,
CRD_73E84D59CC8E4A4CA6FD,레드&그린,SR,107/095,104563,high_confidence,175758,175758,2026-06-28,0,0,0,0,0,0,3,28000,13,29000,0,0,1,12000,12800,22,0,NONE,0,,,SCRYDEX_ONLY,
CRD_AA4B50E788B247089DA6,거북왕&팽도리 GX,SR,070/064,104571,high_confidence,460929,460929,2026-06-26,0,0,0,1,58000,58000,8,120000,22,121400,2,36722,4,41122,31000,22,58000,A_3M,551000,0.837,-16.3,SNK_A_3M_FALLBACK,
CRD_A1ECFBA4CD8A42679127,또가스,CHR,056/049,104566,high_confidence,35739,35662,2026-06-28,1,3300,3300,1,3300,3300,1,9700,11,8000,0,0,0,0,3399,15,3300,A_1M,31350,1.138,13.8,SNK_A_1M_OK,
CRD_A0F533475FB645238571,이상해꽃&주리비얀 GX,SR,066/064,104573,high_confidence,84491,84491,2026-06-28,0,0,0,1,19800,19800,0,0,14,44749,0,0,1,14700,20000,21,19800,A_3M,188100,0.449,-55.1,SNK_A_3M_FALLBACK,SCRYDEX_HALF_LOW
CRD_9D5FE568CAD14D749F5B,야돈&고라파덕 GX,SR,096/094,104592,high_confidence,399485,399485,2026-06-28,2,60500,56000,5,56000,56000,13,148000,25,151900,3,50000,8,47500,27999,20,60500,A_1M,574750,0.695,-30.5,SNK_A_1M_OK,
CRD_9663E5A93BBF4AEBA664,오박사의 세팅,SR,073/064,104580,high_confidence,42929,42929,2026-06-27,0,0,0,0,0,0,0,0,1,14000,0,0,0,0,4000,5,0,NONE,0,,,SCRYDEX_ONLY,
CRD_CEE20BD28DB542FEB5E3,야돈&고라파덕 GX,SR,095/094,104600,high_confidence,106586,101638,2026-06-28,2,19375,20000,5,18000,20000,2,71000,12,59050,1,19800,3,17000,18500,13,19375,A_1M,184062,0.552,-44.8,SNK_A_1M_OK,
CRD_8FB0E39EAB04441DBF55,망나뇽 GX,SR,103/094,321472,high_confidence,27134,25152,2026-06-26,0,0,0,1,6500,6500,0,0,5,25000,1,6000,3,5500,3700,6,6500,A_3M,61750,0.407,-59.3,SNK_A_3M_FALLBACK,SCRYDEX_HALF_LOW
CRD_A3A2A1E4057649CEA59E,나몰빼미&알로라나시 GX,SR,055/054,104608,high_confidence,22125,22202,2026-06-28,0,0,0,0,0,0,0,0,1,37800,0,0,0,0,3999,1,0,NONE,0,,,SCRYDEX_ONLY,
CRD_8EAE0303CE1A4A19A2DB,라이츄&알로라라이츄 GX,SR,056/054,104613,high_confidence,62120,62120,2026-06-28,0,0,0,3,13000,13000,0,0,2,56500,0,0,0,0,12800,6,13000,A_3M,123500,0.503,-49.7,SNK_A_3M_FALLBACK,
CRD_D5801F6F54714BE18F81,레드의 도전,SR,105/095,104619,high_confidence,90944,90960,2026-06-28,1,7500,7500,5,7500,7500,1,29800,10,30900,0,0,2,10940,5555,19,7500,A_1M,71250,1.277,27.7,SNK_A_1M_OK,
CRD_E0B7B2CAE21042C6B89C,도희,SR,062/055,104641,high_confidence,38458,38504,2026-06-28,0,0,0,0,0,0,0,0,13,11000,0,0,0,0,2490,17,0,NONE,0,,,SCRYDEX_ONLY,
CRD_C21B5D38B82C454CBA6D,거북왕 GX,SR,057/054,393296,high_confidence,44543,44543,2026-06-28,0,0,0,0,0,0,0,0,5,19750,0,0,1,4200,4000,4,0,NONE,0,,,SCRYDEX_ONLY,
CRD_A5CCF9AA1AE84EC1B4E6,질뻐기&알로라질뻐기 GX,SR,099/095,104623,high_confidence,73736,73736,2026-06-28,2,6499,6999,2,6499,6999,2,23899,9,19800,0,0,2,7750,4400,6,6499,A_1M,61740,1.194,19.4,SNK_A_1M_OK,
CRD_B69CC3BA1BF848229682,전룡 GX,SR,053/052,392649,high_confidence,20435,20435,2026-06-27,0,0,0,0,0,0,0,0,0,0,0,0,0,0,39777,1,0,NONE,0,,,SCRYDEX_ONLY,
CRD_96611437350C4464BB4A,가디안&님피아 GX,SR,060/055,104639,high_confidence,92189,92189,2026-06-28,1,11500,11500,3,10000,11500,3,25980,9,30000,1,9500,5,9000,9999,25,11500,A_1M,109250,0.844,-15.6,SNK_A_1M_OK,
CRD_EBB9B2B17E4B4CE2B894,단단지 GX,SR,096/095,335163,high_confidence,25137,24461,2026-06-28,0,0,0,0,0,0,0,0,0,0,0,0,0,0,0,0,0,NONE,0,,,SCRYDEX_ONLY,
CRD_F40170A3F05A4F7ABE38,따라큐 GX,SR,054/050,105311,high_confidence,98289,103543,2026-06-27,0,0,0,3,5800,6500,3,37000,5,35000,0,0,0,0,4700,10,5800,A_3M,55100,1.879,87.9,SNK_A_3M_FALLBACK,
CRD_BF2EC3DA51FE45219EFA,제라오라 V,RR,040/172,104996,high_confidence,645,645,2026-06-28,0,0,0,0,0,0,0,0,0,0,0,0,0,0,1000,5,0,NONE,0,,,SCRYDEX_ONLY,
CRD_59D5ED41D1EE424B829A,찬석,SAR,243/172,104901,high_confidence,10294,10064,2026-06-28,1,2500,2500,1,2500,2500,2,7850,8,8100,0,0,1,3500,1000,11,2500,A_1M,23750,0.424,-57.6,SNK_A_1M_OK,SCRYDEX_HALF_LOW
CRD_85A18C735C9147958902,가라르 파이어 V,RR,096/184,141117,high_confidence,830,799,2026-06-26,0,0,0,0,0,0,0,0,0,0,0,0,0,0,0,0,0,NONE,0,,,SCRYDEX_ONLY,
CRD_AF50D7F7BF224CA6B856,신오의 동료들,SR,247/172,105138,high_confidence,11262,11539,2026-06-28,0,0,0,8,1850,2000,12,11299,54,11027,1,3980,7,2950,1800,123,1850,A_3M,17575,0.657,-34.3,SNK_A_3M_FALLBACK,
CRD_FFD938BCA721439FA9A9,풍&란,SR,104/096,105325,high_confidence,49400,0,2026-05-08,0,0,0,0,0,0,2,10000,7,8700,0,0,0,0,2999,17,0,NONE,0,,,SCRYDEX_ONLY,
CRD_956C0F75AB874B358574,마임맨 GX,SR,069/066,105353,high_confidence,30730,30730,2026-06-28,0,0,0,0,0,0,0,0,0,0,0,0,0,0,0,0,0,NONE,0,,,SCRYDEX_ONLY,
CRD_DF65A340F5804E30A359,붐볼 GX,SR,068/066,105346,high_confidence,30400,0,2026-05-08,0,0,0,0,0,0,0,0,0,0,0,0,0,0,4000,1,0,NONE,0,,,SCRYDEX_ONLY,
CRD_6B800B8A1D544DEB9436,이수재의 메인터넌스,SR,076/066,105338,high_confidence,38397,38397,2026-06-25,0,0,0,0,0,0,2,11650,2,11650,0,0,0,0,16000,2,0,NONE,0,,,SCRYDEX_ONLY,
CRD_D956254FB2F5419D85EE,규토리장인,SR,074/066,105350,high_confidence,42945,42945,2026-06-28,0,0,0,0,0,0,0,0,0,0,0,0,0,0,2500,2,0,NONE,0,,,SCRYDEX_ONLY,
CRD_A6E97F52AAE14D00B5D3,핫삼 GX,SR,071/066,105351,high_confidence,69142,69142,2026-06-28,0,0,0,0,0,0,1,25000,1,25000,0,0,0,0,0,0,0,NONE,0,,,SCRYDEX_ONLY,
CRD_96185C75E06F48A79770,라프라스 V,SSR,311/190,144773,high_confidence,6899,6899,2026-06-28,0,0,0,1,1400,1400,1,28888,5,11900,0,0,0,0,1000,4,1400,A_3M,13300,0.519,-48.1,SNK_A_3M_FALLBACK,
CRD_9674E016E1A6436995B3,강연의 단판승부,SR,058/053,105359,high_confidence,97305,97305,2026-06-28,0,0,0,0,0,0,0,0,1,26099,0,0,0,0,0,0,0,NONE,0,,,SCRYDEX_ONLY,
CRD_EED352CAE96C4D95B2C9,개굴닌자 GX,SR,095/094,105369,high_confidence,69142,69142,2026-06-27,0,0,0,0,0,0,2,34650,5,34800,0,0,0,0,6999,13,0,NONE,0,,,SCRYDEX_ONLY,
CRD_9B8E69E27F554FA08F77,글레이시아 GX,SR,067/066,105395,high_confidence,49152,49152,2026-06-28,0,0,0,1,9999,9999,0,0,3,28000,0,0,0,0,3900,10,9999,A_3M,94990,0.517,-48.3,SNK_A_3M_FALLBACK,
CRD_729748E685DD4FEB87C8,네크로즈마 황혼의 갈기 GX,SR,068/066,336673,high_confidence,26074,26074,2026-06-28,0,0,0,0,0,0,1,39800,0,0,0,0,0,0,18000,2,0,NONE,0,,,SCRYDEX_ONLY,
CRD_A8DEE7AEF1EB41B29CFD,포켓몬애호가클럽,SR,072/066,105410,high_confidence,23047,23047,2026-06-27,0,0,0,0,0,0,1,26000,5,19500,0,0,1,5000,5900,7,0,NONE,0,,,SCRYDEX_ONLY,
CRD_63C1890645A14E069576,텅비드 GX,SR,052/050,334919,high_confidence,26335,26335,2026-06-28,0,0,0,0,0,0,0,0,0,0,0,0,0,0,0,0,0,NONE,0,,,SCRYDEX_ONLY,
CRD_75B006ABADD148E0A5BB,가디안 GX,SR,055/051,105488,high_confidence,72138,72138,2026-06-28,0,0,0,1,10000,10000,0,0,3,15800,0,0,0,0,29800,2,10000,A_3M,95000,0.759,-24.1,SNK_A_3M_FALLBACK,
CRD_F49E3C984D174548B44E,큐아링,AR,187/172,105535,high_confidence,3073,2935,2026-06-28,0,0,0,0,0,0,9,6699,18,6699,0,0,3,2800,1000,8,0,NONE,0,,,SCRYDEX_ONLY,
CRD_CC162A31A5C74A9FA602,테오키스 [퓨전/일격/연격],AR,185/172,105547,high_confidence,17700,17439,2026-06-27,1,1250,1250,7,1300,1250,5,9499,27,9700,0,0,0,0,1000,33,1250,A_1M,11875,1.469,46.9,SNK_A_1M_OK,
CRD_DDC143852534B415787C,아르세우스 VSTAR,UR,262/172,105530,high_confidence,248280,229550,2026-06-26,8,18900,18000,37,18000,18000,27,35400,80,36452,3,20000,9,16000,16980,78,18900,A_1M,179550,1.278,27.8,SNK_A_1M_OK,
CRD_44776BE951744966AC11,파비코,AR,202/172,105545,high_confidence,21956,21311,2026-06-26,2,1500,2000,3,1999,2000,4,7500,15,7500,0,0,2,2750,7000,7,1500,A_1M,14250,1.496,49.6,SNK_A_1M_OK,
CRD_B6F05ABED7AE47BAAD56,카밀레의 반짝임 [서포트/퓨전],SR,249/172,105534,high_confidence,25613,25813,2026-06-28,3,3800,3800,9,3700,3800,19,12749,64,12210,6,3566,17,3500,3000,193,3800,A_1M,36100,0.715,-28.5,SNK_A_1M_OK,
CRD_E95B8B1938F2446E81DD,기라티나 VSTAR,UR,261/172,105536,high_confidence,415357,403464,2026-06-26,12,34000,34000,40,30750,34000,30,55238,87,52000,3,35000,11,26000,33000,101,34000,A_1M,323000,1.249,24.9,SNK_A_1M_OK,
CRD_CB7A266C3EF64219A66B,마그마번,AR,175/172,105558,high_confidence,6376,6699,2026-06-28,0,0,0,1,1000,1000,2,6849,7,7000,0,0,1,2222,1000,18,1000,A_3M,9500,0.705,-29.5,SNK_A_3M_FALLBACK,
CRD_48D2CD939E9C4A45872A,아크로마의 실험,SAR,238/172,105529,high_confidence,4502,4379,2026-06-28,0,0,0,2,1700,1400,0,0,0,0,0,0,0,0,1300,8,1700,A_3M,16150,0.271,-72.9,MAPPING_REVIEW,SCRYDEX_HALF_LOW
CRD_AA19A54D13CC49198C77,오리진 디아루가 VSTAR,UR,260/172,105546,high_confidence,158672,154386,2026-06-26,8,11999,11500,28,12125,11500,24,26500,79,25350,1,12000,10,10400,10400,71,11999,A_1M,113990,1.354,35.4,SNK_A_1M_OK,
CRD_6C510F8223BB456DB67C,케르디오,AR,179/172,105537,high_confidence,12937,12522,2026-06-28,0,0,0,3,1000,1000,2,8294,18,7957,0,0,3,2899,1000,23,1000,A_3M,9500,1.318,31.8,SNK_A_3M_FALLBACK,
CRD_40F6EEFDAD37407C8580,폭슬라이,AR,192/172,105559,high_confidence,2904,3227,2026-06-28,0,0,0,0,0,0,3,6800,9,6700,0,0,0,0,1000,13,0,NONE,0,,,SCRYDEX_ONLY,
CRD_92D5EBD5664749C184D7,박사의 연구(마박사),SR,245/172,105577,high_confidence,1690,1675,2026-06-28,0,0,0,0,0,0,0,0,1,6666,0,0,0,0,1000,4,0,NONE,0,,,SCRYDEX_ONLY,
CRD_C9F47C155D5849A7A956,체렌의 배려심,SAR,244/172,105544,high_confidence,6791,6699,2026-06-28,0,0,0,2,1000,1000,0,0,0,0,0,0,0,0,1000,7,1000,A_3M,9500,0.705,-29.5,SNK_A_3M_FALLBACK,
CRD_B56B12EB53F4412BA2DA,피카츄,AR,205/172,105553,high_confidence,327777,290733,2026-06-26,9,52000,52000,44,55000,52000,31,98000,88,103989,7,44999,18,42850,36000,207,52000,A_1M,494000,0.589,-41.1,SNK_A_1M_OK,
CRD_F5935161EBF44C28BF5A,자포코일,AR,193/172,105541,high_confidence,3810,3780,2026-06-28,1,1300,1300,1,1300,1300,2,6949,7,6800,0,0,0,0,1000,11,1300,A_1M,12350,0.306,-69.4,MAPPING_REVIEW,SCRYDEX_HALF_LOW
CRD_D143E5991165404EBBDB,리자몽 V,SAR,211/172,105568,high_confidence,66514,67221,2026-06-27,11,7788,8000,48,8300,8000,27,26999,82,28412,4,10500,16,9940,6480,174,7788,A_1M,73986,0.909,-9.1,SNK_A_1M_OK,
CRD_F2B549C5105449D9BAD4,라프라스,AR,177/172,105566,high_confidence,21019,17915,2026-06-28,2,1250,1500,11,1500,1500,7,9280,25,9099,0,0,3,2500,1500,28,1250,A_1M,11875,1.509,50.9,SNK_A_1M_OK,
CRD_9A71FB2F4A614CFCB42E,포챠나,AR,208/172,105561,high_confidence,19882,18468,2026-06-27,2,1401,1802,3,1600,1802,4,7100,14,7300,0,0,1,2500,6500,8,1401,A_1M,13310,1.388,38.8,SNK_A_1M_OK,
CRD_170C21DF603D41EABA47,해골몽,AR,203/172,105564,high_confidence,17700,17378,2026-06-28,2,1500,1500,5,1500,1500,4,7600,15,7800,0,0,1,2600,1000,6,1500,A_1M,14250,1.22,22.0,SNK_A_1M_OK,
CRD_DF32332FA0B44D189C38,라티아스 [퓨전],AR,195/172,105565,high_confidence,15396,15442,2026-06-28,5,1400,1400,18,1299,1400,18,10875,52,10875,2,3300,4,3000,1000,37,1400,A_1M,13300,1.161,16.1,SNK_A_1M_OK,
CRD_F170955B3BE1433FA4C2,메리프,AR,209/172,105562,high_confidence,25751,25183,2026-06-26,1,2500,2500,2,2500,2500,2,7875,18,7650,0,0,1,2300,2000,12,2500,A_1M,23750,1.06,6.0,SNK_A_1M_OK,
CRD_A6097CD29C7E4A2C9ACE,보스의 지령(태홍),SR,246/172,105560,high_confidence,5639,4901,2026-06-28,1,1800,1800,2,1575,1800,0,0,1,6500,0,0,0,0,2000,4,1800,A_1M,17100,0.287,-71.3,MAPPING_REVIEW,SCRYDEX_HALF_LOW
CRD_BB59547714764CE4B9C2,멜론,SAR,237/172,105563,high_confidence,11385,11139,2026-06-28,2,1105,1200,2,1105,1200,0,0,9,7500,3,2500,6,2375,1300,17,1105,A_1M,10498,1.061,6.1,SNK_A_1M_OK,
CRD_98B1AD5A09294E4AA9F5,오리진 펄기아 VSTAR,UR,259/172,105552,high_confidence,137745,132675,2026-06-26,12,12799,12800,36,12799,12800,27,25499,79,25174,2,11250,9,11100,10000,67,12799,A_1M,121590,1.091,9.1,SNK_A_1M_OK,
CRD_84D5C2862B76466098C2,리오르,AR,201/172,105567,high_confidence,26182,26043,2026-06-26,3,3500,3900,6,3500,3900,4,8775,22,8775,0,0,2,2900,3999,11,3500,A_1M,33250,0.783,-21.7,SNK_A_1M_OK,
CRD_8176FFAF907244338749,모부기,AR,206/172,105550,high_confidence,30253,30253,2026-06-26,1,1750,1750,4,1625,1750,1,8900,15,8900,0,0,0,0,2750,11,1750,A_1M,16625,1.82,82.0,SNK_A_1M_OK,
CRD_4B2B4A42869D4583AFCB,파라스,AR,207/172,105551,high_confidence,29823,27733,2026-06-26,2,1000,1000,7,1000,1000,3,7500,12,7237,0,0,0,0,5480,12,1000,A_1M,9500,2.919,191.9,SNK_A_1M_OK,SCRYDEX_2X_HIGH
CRD_8710D86E084B46B1A83E,비버니,AR,204/172,105556,high_confidence,16824,15918,2026-06-26,2,2300,2500,4,2150,2500,3,7800,17,7480,0,0,0,0,1500,9,2300,A_1M,21850,0.729,-27.1,SNK_A_1M_OK,
CRD_E4BD8403FAAC4DE5A8FE,히드런 VMAX,HR,080/067,139587,high_confidence,7698,7698,2026-06-28,0,0,0,0,0,0,0,0,0,0,0,0,0,0,1333,2,0,NONE,0,,,SCRYDEX_ONLY,
CRD_FCE1C605BB654E2BBC63,할라,SR,055/050,106164,high_confidence,17100,0,2026-05-08,0,0,0,0,0,0,0,0,0,0,0,0,0,0,11000,1,0,NONE,0,,,SCRYDEX_ONLY,
CRD_EA083C360F684B138684,알로라나인테일 GX,SR,052/050,106163,high_confidence,49400,0,2026-05-08,0,0,0,0,0,0,0,0,1,18500,0,0,2,4155,18400,4,0,NONE,0,,,SCRYDEX_ONLY,
CRD_A2D5C36D69B54AE9834C,블래키 GX,RR,037/060,106181,high_confidence,28917,28271,2026-06-28,3,14999,14999,11,11111,14999,11,39000,21,35500,0,0,0,0,7000,20,14999,A_1M,142490,0.198,-80.2,MAPPING_REVIEW,SCRYDEX_HALF_LOW
CRD_6DDE5C3825A04030BEC6,에브이GX,RR,024/060,106192,high_confidence,17531,17531,2026-06-28,2,8500,8000,2,8500,8000,1,15000,5,18000,0,0,0,0,2000,8,8500,A_1M,80750,0.217,-78.3,MAPPING_REVIEW,SCRYDEX_HALF_LOW
CRD_B7BEDC89F4554878A43B,에브이 EX,RR,045/171,107350,high_confidence,35293,35293,2026-06-26,0,0,0,0,0,0,1,49500,5,20499,0,0,1,8000,2400,12,0,NONE,0,,,SCRYDEX_ONLY,
CRD_C3474CAADA7145DF9485,피죤투 EX,RR,064/100,106334,high_confidence,18050,0,2026-05-09,0,0,0,0,0,0,0,0,0,0,0,0,0,0,18000,3,0,NONE,0,,,SCRYDEX_ONLY,
CRD_E2D10B6BD1CB4538A46D,니드킹 BREAK,RR,046/100,106660,high_confidence,14059,14074,2026-06-28,0,0,0,0,0,0,1,50000,0,0,0,0,0,0,38000,6,0,NONE,0,,,SCRYDEX_ONLY,
CRD_FC88002577FE4003A645,히스이 미끄래곤 V,SR,082/071,139432,high_confidence,7237,7237,2026-06-28,0,0,0,0,0,0,0,0,0,0,0,0,0,0,1000,1,0,NONE,0,,,SCRYDEX_ONLY,
CRD_93BA1B52B6B14CF0AEDA,비크티니 V,SR,072/070,144122,high_confidence,14904,14289,2026-06-26,0,0,0,3,2999,2999,0,0,3,16500,0,0,0,0,4900,9,2999,A_3M,28490,0.502,-49.8,SNK_A_3M_FALLBACK,
CRD_950D0856241946C48A38,후딘 EX,SR,080/078,106710,high_confidence,285000,0,2026-05-08,0,0,0,0,0,0,0,0,1,59000,0,0,0,0,45000,2,0,NONE,0,,,SCRYDEX_ONLY,
CRD_BDD95E418BFE4188A58A,게노세크트 ex,SR,164/086,608530,high_confidence,1536,1613,2026-06-28,0,0,0,0,0,0,5,6500,0,0,0,0,0,0,1500,4,0,NONE,0,,,SCRYDEX_ONLY,
CRD_9A70A69B02794F2E8412,블래키 EX,RR,042/078,106713,high_confidence,61459,61459,2026-06-28,0,0,0,0,0,0,2,121333,15,106400,1,32800,1,32800,13800,11,0,NONE,0,,,SCRYDEX_ONLY,
CRD_E1885E2AE59048FFA835,파비코리 EX,SR,086/078,389656,high_confidence,247000,0,2026-05-09,0,0,0,0,0,0,0,0,0,0,0,0,0,0,0,0,0,NONE,0,,,SCRYDEX_ONLY,
CRD_68750CA7D67B49579E22,히스이 붐볼 V,SR,078/071,139428,high_confidence,3119,3196,2026-06-28,0,0,0,0,0,0,0,0,0,0,0,0,0,0,0,0,0,NONE,0,,,SCRYDEX_ONLY,
CRD_B0B1E680E6EB4FC091EE,M가디안 EX,RR,092/171,768282,high_confidence,46079,46079,2026-06-28,0,0,0,0,0,0,0,0,0,0,0,0,0,0,0,0,0,NONE,0,,,SCRYDEX_ONLY,
CRD_E9A371AEF72043A7881F,M핫삼 EX,SR,087/080,107347,high_confidence,307281,307281,2026-06-28,0,0,0,0,0,0,3,67500,5,67500,0,0,1,36800,38800,7,0,NONE,0,,,SCRYDEX_ONLY,
CRD_B3FD6023E69B4B2DAF28,마나피 EX,SR,083/080,107345,high_confidence,0,0,,0,0,0,0,0,0,1,55000,5,40000,0,0,0,0,149800,5,0,NONE,0,,,NO_DATA,
CRD_C0DE715FF08247A1BCA3,M갸라도스 EX,RR,019/080,107349,high_confidence,96030,84506,2026-06-28,0,0,0,0,0,0,0,0,9,57933,2,15832,4,14999,4545,8,0,NONE,0,,,SCRYDEX_ONLY,
CRD_16D569A705C64B95885E,M얼음귀신 EX,SR,061/059,389959,high_confidence,122918,122918,2026-06-28,0,0,0,0,0,0,0,0,0,0,0,0,0,0,0,0,0,NONE,0,,,SCRYDEX_ONLY,
CRD_DFA86BCCB5434D858268,레시라무 GX,RR,008/053,391681,high_confidence,11170,11170,2026-06-28,0,0,0,0,0,0,0,0,0,0,0,0,0,0,16500,2,0,NONE,0,,,SCRYDEX_ONLY,
CRD_AE3C75BE92214FE9ACBD,M라티오스 EX,SR,083/078,107422,high_confidence,760000,0,2026-05-08,0,0,0,0,0,0,0,0,1,130000,0,0,1,45000,37800,5,0,NONE,0,,,SCRYDEX_ONLY,
CRD_CDEC77ACD877490BB161,라티아스 ex,SR,078/064,385167,high_confidence,8435,8005,2026-06-28,0,0,0,1,2000,2000,2,12900,5,10000,0,0,0,0,3999,4,2000,A_3M,19000,0.421,-57.9,SNK_A_3M_FALLBACK,SCRYDEX_HALF_LOW
CRD_A2846300EA0942BBBD3C,M전룡 EX,SR,086/081,385525,high_confidence,23047,23047,2026-06-28,0,0,0,0,0,0,0,0,0,0,0,0,0,0,0,0,0,NONE,0,,,SCRYDEX_ONLY,
CRD_7C977A54E4F7492996C5,엘레이드 EX,SR,080/078,107423,high_confidence,59154,59154,2026-06-28,0,0,0,0,0,0,0,0,0,0,0,0,0,0,42000,1,0,NONE,0,,,SCRYDEX_ONLY,
CRD_73060B256D5B47E6A823,볼트로스 EX,SR,079/078,107424,high_confidence,23047,23047,2026-06-20,0,0,0,0,0,0,0,0,0,0,0,0,0,0,0,0,0,NONE,0,,,SCRYDEX_ONLY,
CRD_123A0C58771F4B76BBFE,아강의 비장의카드,SR,077/070,381878,high_confidence,114000,0,2026-05-08,0,0,0,0,0,0,0,0,0,0,0,0,0,0,20000,4,0,NONE,0,,,SCRYDEX_ONLY,
CRD_CA05CA30ECC64AAA9103,M엘레이드 EX,SR,081/078,382203,high_confidence,215092,215092,2026-06-28,0,0,0,0,0,0,0,0,0,0,0,0,0,0,0,0,0,NONE,0,,,SCRYDEX_ONLY,
CRD_DB8B895CEE0C4F1D99AB,고래왕 EX,SR,071/070,381872,high_confidence,38397,38397,2026-06-28,0,0,0,0,0,0,0,0,0,0,0,0,0,0,0,0,0,NONE,0,,,SCRYDEX_ONLY,
CRD_4885A59DE0CC4CA59CE0,M가디안 EX,RR,051/070,381834,high_confidence,61459,61459,2026-06-26,1,7900,7900,1,7900,7900,1,27883,1,27883,1,9000,1,9000,9999,6,7900,A_1M,75050,0.819,-18.1,SNK_A_1M_OK,
CRD_DE7B8B068B1746649360,엠페르트 V,RR,100/414,144076,high_confidence,1198,1198,2026-06-26,0,0,0,0,0,0,0,0,0,0,0,0,0,0,0,0,0,NONE,0,,,SCRYDEX_ONLY,
CRD_83BAA925FA8D48C4ABFE,플라제스 BREAK,RR,043/059,389927,high_confidence,9434,9434,2026-06-26,0,0,0,0,0,0,0,0,0,0,0,0,0,0,0,0,0,NONE,0,,,SCRYDEX_ONLY,
CRD_3EF662F5F4B04A96BB1F,볼케니온 EX,RR,015/171,387212,high_confidence,6131,6131,2026-06-28,0,0,0,0,0,0,0,0,0,0,0,0,0,0,0,0,0,NONE,0,,,SCRYDEX_ONLY,
CRD_9901D08249144F58A8BC,무쇠바퀴 ex,RR,058/078,108329,high_confidence,399,415,2026-06-27,0,0,0,0,0,0,0,0,0,0,0,0,0,0,1000,6,0,NONE,0,,,SCRYDEX_ONLY,
CRD_843DB9D7E2934E2DB5CE,대로트 EX,SR,071/070,108429,high_confidence,30730,30730,2026-06-28,0,0,0,0,0,0,0,0,0,0,0,0,0,0,5000,1,0,NONE,0,,,SCRYDEX_ONLY,
CRD_DB83FAE5579D41C28206,자포코일 ex,RR,028/078,108331,high_confidence,630,538,2026-06-28,0,0,0,0,0,0,0,0,0,0,0,0,0,0,1000,6,0,NONE,0,,,SCRYDEX_ONLY,
CRD_954796060C7F45978CE6,가디안 ex,RR,028/078,108328,high_confidence,661,661,2026-06-28,0,0,0,0,0,0,0,0,0,0,0,0,0,0,1000,3,0,NONE,0,,,SCRYDEX_ONLY,
CRD_775A49F21F744A09869C,M보스로라 EX,SR,076/070,381645,high_confidence,209000,0,2026-05-08,0,0,0,0,0,0,0,0,2,46500,0,0,1,29800,65000,1,0,NONE,0,,,SCRYDEX_ONLY,
CRD_9AD4F161BE9E44D6AAF7,폭타 EX,SR,072/070,381642,high_confidence,38412,38412,2026-06-28,0,0,0,0,0,0,0,0,0,0,0,0,0,0,0,0,0,NONE,0,,,SCRYDEX_ONLY,
CRD_E5EA343F391542008AAD,헤라크로스 EX,SR,097/096,390400,high_confidence,53777,53777,2026-06-28,0,0,0,0,0,0,0,0,0,0,0,0,0,0,80000,1,0,NONE,0,,,SCRYDEX_ONLY,
CRD_F502DD41B3C245CCBC78,화석 연구원,SR,103/096,390403,high_confidence,85500,0,2026-05-08,0,0,0,0,0,0,0,0,0,0,0,0,0,0,0,0,0,NONE,0,,,SCRYDEX_ONLY,
CRD_D2518F5B122F4451AB0C,플라제스 EX,SR,092/088,108463,high_confidence,49936,46079,2026-06-28,0,0,0,0,0,0,0,0,1,25000,0,0,0,0,26000,2,0,NONE,0,,,SCRYDEX_ONLY,
CRD_66E574AC0049442F9B22,캥카 EX,SR,084/080,108501,high_confidence,53777,53777,2026-06-28,0,0,0,0,0,0,0,0,0,0,1,7000,1,7000,16800,5,0,NONE,0,,,SCRYDEX_ONLY,
CRD_7397558D5108401EB78D,M헤라크로스 EX,RR,005/096,390220,high_confidence,38397,38397,2026-06-26,0,0,0,0,0,0,0,0,0,0,0,0,1,5999,39800,2,0,NONE,0,,,SCRYDEX_ONLY,
CRD_8D8F32E2E163440DB34E,갸라도스 V,SR,070/067,113257,high_confidence,11032,11032,2026-06-26,0,0,0,2,3040,3980,2,18500,9,19800,0,0,0,0,7980,11,3040,A_3M,28880,0.382,-61.8,SNK_A_3M_FALLBACK,SCRYDEX_HALF_LOW
CRD_D602C3182737420E823B,볼트로스,SR,054/053,108828,high_confidence,33787,33787,2026-06-28,0,0,0,0,0,0,0,0,0,0,0,0,0,0,20000,2,0,NONE,0,,,SCRYDEX_ONLY,
CRD_D4E922F147AB4D8DAF9B,비리디온,SR,067/066,108823,high_confidence,69142,69142,2026-06-28,0,0,0,0,0,0,0,0,0,0,0,0,0,0,0,0,0,NONE,0,,,SCRYDEX_ONLY,
CRD_9CD978A793F04EEBB0F9,거북왕 EX,RR,014/060,356816,high_confidence,16394,16394,2026-06-28,0,0,0,0,0,0,0,0,0,0,0,0,0,0,1500,5,0,NONE,0,,,SCRYDEX_ONLY,
CRD_8B4E9ACDCF524203B75F,케르디오 EX,SR,061/059,108792,high_confidence,84491,84491,2026-06-28,0,0,0,0,0,0,2,58750,0,0,0,0,0,0,4000,2,0,NONE,0,,,SCRYDEX_ONLY,
CRD_6A5E3F53DC574562AB1C,히드런 EX플라스마단,SR,052/051,108783,high_confidence,76517,76517,2026-06-28,0,0,0,0,0,0,0,0,1,139999,0,0,0,0,0,0,0,NONE,0,,,SCRYDEX_ONLY,
CRD_88DD09D2B6D24EC68E6E,토네로스 EX플라스마단,SR,054/051,404230,high_confidence,80665,53777,2026-06-28,0,0,0,0,0,0,0,0,0,0,0,0,0,0,20000,2,0,NONE,0,,,SCRYDEX_ONLY,
CRD_59E0A7F3922147D59CD0,테오키스 EX플라스마단,SR,053/051,108782,high_confidence,130601,130601,2026-06-28,0,0,0,0,0,0,0,0,3,490000,0,0,0,0,720000,1,0,NONE,0,,,SCRYDEX_ONLY,
CRD_4B54FA5828754EE1BCD7,랜드로스 EX,SR,061/059,108803,high_confidence,23047,23047,2026-06-28,0,0,0,0,0,0,0,0,0,0,0,0,0,0,13000,1,0,NONE,0,,,SCRYDEX_ONLY,
CRD_44F5692ABDFC4F8DA2CA,볼트로스 EX플라스마단,SR,052/051,404228,high_confidence,122903,58386,2026-06-28,0,0,0,0,0,0,0,0,1,110000,0,0,0,0,0,0,0,NONE,0,,,SCRYDEX_ONLY,
CRD_F24BA2D7FF26428BA245,토네로스 EX,SR,073/069,108812,high_confidence,85500,0,2026-05-08,0,0,0,1,10000,10000,0,0,0,0,0,0,0,0,0,0,10000,A_3M,95000,,,SNK_A_3M_FALLBACK,
CRD_70C03F70940E4AFD89F7,삼삼드래 EX,RR,050/078,382144,high_confidence,8666,8435,2026-06-26,0,0,0,0,0,0,0,0,0,0,0,0,0,0,15000,1,0,NONE,0,,,SCRYDEX_ONLY,
CRD_DAA647C583CD4B3182C5,독개굴 EX,RR,036/080,380708,high_confidence,3764,3841,2026-06-28,0,0,0,0,0,0,0,0,0,0,0,0,0,0,2400,2,0,NONE,0,,,SCRYDEX_ONLY,
CRD_672B4D1A3B27458F9805,가디안 ex,SAR,101/078,109865,high_confidence,280730,279931,2026-06-28,4,27000,25500,11,26000,25500,17,36750,56,36999,0,0,2,22240,20000,36,27000,A_1M,256500,1.091,9.1,SNK_A_1M_OK,
CRD_69C72795CBC8432A90DC,야돈,AR,082/078,109861,high_confidence,36353,31959,2026-06-27,5,2599,2599,26,1625,2599,21,14200,71,12000,3,3800,6,3350,1000,43,2599,A_1M,24690,1.294,29.4,SNK_A_1M_OK,
CRD_F420852AE6A24B65BF0C,킬리아,AR,084/078,109866,high_confidence,28102,26520,2026-06-28,0,0,0,7,1500,1800,8,9350,22,9300,0,0,1,3400,1400,11,1500,A_3M,14250,1.861,86.1,SNK_A_3M_FALLBACK,
CRD_78304A223D8C4A2EAD04,심향의 블레이범,AR,070/063,544501,high_confidence,22894,21073,2026-06-26,7,1500,2000,20,1550,2000,19,10650,64,9835,2,3249,7,3500,1300,36,1500,A_1M,14250,1.479,47.9,SNK_A_1M_OK,
CRD_A4B8753A4E844EE09CBA,로켓단의 파이어 ex,RR,015/098,560968,high_confidence,784,676,2026-06-26,0,0,0,0,0,0,0,0,1,6299,0,0,0,0,1000,7,0,NONE,0,,,SCRYDEX_ONLY,
CRD_88CACC97FEA144AAB25D,다크펫 ex,RR,041/078,110736,high_confidence,492,492,2026-06-28,0,0,0,0,0,0,0,0,0,0,0,0,0,0,1000,2,0,NONE,0,,,SCRYDEX_ONLY,
CRD_7BB063F505DD4DC096EB,유니란,AR,123/086,608493,high_confidence,31206,30545,2026-06-27,0,0,0,0,0,0,4,8930,16,8250,0,0,3,2600,3000,11,0,NONE,0,,,SCRYDEX_ONLY,
CRD_B7161883B756473E8D66,코라이돈 ex,SR,094/078,110900,high_confidence,4886,4901,2026-06-27,0,0,0,0,0,0,1,7500,1,7500,0,0,0,0,1000,5,0,NONE,0,,,SCRYDEX_ONLY,
CRD_C46B76D03DCD42BEB000,올리뇨,AR,079/078,110909,high_confidence,4379,4210,2026-06-26,0,0,0,0,0,0,2,6583,9,6500,0,0,0,0,1000,6,0,NONE,0,,,SCRYDEX_ONLY,
CRD_C2E5273146CB463B8905,어써러셔,AR,082/078,110907,high_confidence,7621,7237,2026-06-26,1,1000,1000,2,1000,1000,2,7421,5,7445,0,0,0,0,1000,12,1000,A_1M,9500,0.762,-23.8,SNK_A_1M_OK,
CRD_A0D58142340C4202B5FD,미모사,SR,098/078,110910,high_confidence,19897,20174,2026-06-27,5,2500,2000,9,2500,2000,17,13000,56,13933,8,3500,16,3000,2000,152,2500,A_1M,23750,0.849,-15.1,SNK_A_1M_OK,
CRD_70C9E5F033A642FA8AA9,윈디 ex,SR,092/078,110914,high_confidence,17424,16010,2026-06-26,1,2000,2000,6,1650,2000,1,11000,3,11000,0,0,0,0,1800,13,2000,A_1M,19000,0.843,-15.7,SNK_A_1M_OK,
CRD_6BCC0F7F5E7F4991809F,들눈해,AR,080/078,110921,high_confidence,3227,2965,2026-06-28,0,0,0,0,0,0,0,0,6,6475,0,0,1,2444,1000,10,0,NONE,0,,,SCRYDEX_ONLY,
CRD_A807FE059D28421A9D89,박사의 연구(투로박사),SR,099/078,110934,high_confidence,2612,2597,2026-06-27,0,0,0,0,0,0,0,0,0,0,0,0,0,0,1500,7,0,NONE,0,,,SCRYDEX_ONLY,
CRD_AA42D1C0CC194B35AB8C,트래피더 ex,SR,091/078,110930,high_confidence,1613,1629,2026-06-27,0,0,0,0,0,0,0,0,0,0,0,0,0,0,0,0,0,NONE,0,,,SCRYDEX_ONLY,
CRD_9F67BA0A6712493A867F,자포코일 ex,SR,093/078,110913,high_confidence,1752,1828,2026-06-28,0,0,0,0,0,0,0,0,1,7400,0,0,0,0,1000,4,0,NONE,0,,,SCRYDEX_ONLY,
CRD_DC7B1F9CDDF44E588CD0,미라이돈 ex,SR,094/078,110931,high_confidence,4041,4087,2026-06-27,0,0,0,1,1000,1000,1,7000,2,8000,1,4500,1,4500,1000,7,1000,A_3M,9500,0.43,-57.0,SNK_A_3M_FALLBACK,SCRYDEX_HALF_LOW
CRD_DBE064C8AC1C4B42B193,미라이돈 ex,UR,106/078,110939,high_confidence,19160,19867,2026-06-27,0,0,0,10,2200,2200,0,0,11,12000,0,0,0,0,2000,20,2200,A_3M,20900,0.951,-4.9,SNK_A_3M_FALLBACK,
CRD_F79C2876A4E54BCA830E,위대한엄니 ex,SR,093/078,110943,high_confidence,1644,1644,2026-06-27,0,0,0,0,0,0,1,6200,1,6200,0,0,0,0,1000,3,0,NONE,0,,,SCRYDEX_ONLY,
CRD_8FA7CC63580F4C988819,지니어,SAR,105/078,110949,high_confidence,13874,13874,2026-06-27,0,0,0,0,0,0,1,7500,1,7500,0,0,0,0,1450,6,0,NONE,0,,,SCRYDEX_ONLY,
CRD_F3CC2FAC2F1644BCBC80,독개굴 ex,SR,095/078,110944,high_confidence,2228,2228,2026-06-27,0,0,0,0,0,0,0,0,0,0,0,0,0,0,1000,2,0,NONE,0,,,SCRYDEX_ONLY,
CRD_D97F8DEBE01544ABAA7E,코라이돈 ex,SAR,103/078,110953,high_confidence,53070,53024,2026-06-28,1,11000,11000,5,6500,11000,2,22999,40,20450,0,0,1,5000,7000,37,11000,A_1M,104500,0.507,-49.3,SNK_A_1M_OK,
CRD_B3AE192A44B84ED7B24E,모란,SAR,104/078,110950,high_confidence,26258,26258,2026-06-27,0,0,0,2,1749,2000,3,9450,15,7500,2,3700,6,3000,1500,41,1749,A_3M,16616,1.58,58.0,SNK_A_3M_FALLBACK,
CRD_EACBE2D928F948BD8911,마피티프,AR,088/078,110917,high_confidence,3810,3734,2026-06-28,0,0,0,0,0,0,3,6600,13,6600,0,0,0,0,1000,6,0,NONE,0,,,SCRYDEX_ONLY,
CRD_A6E16EBEE75C492DA24E,바다그다,AR,081/078,110908,high_confidence,26105,23047,2026-06-28,1,1000,1000,3,1000,1000,5,8200,12,8296,0,0,0,0,1000,5,1000,A_1M,9500,2.426,142.6,SNK_A_1M_OK,SCRYDEX_2X_HIGH
CRD_A502FAAAF5E44D6EB6F0,갑주무사 GX,RR,008/150,112745,high_confidence,2796,2796,2026-06-28,0,0,0,0,0,0,0,0,0,0,0,0,0,0,6800,2,0,NONE,0,,,SCRYDEX_ONLY,
CRD_A46CF82C32F04EE6BB52,아고용 GX,RR,052/150,112753,high_confidence,2965,2950,2026-06-28,0,0,0,0,0,0,0,0,0,0,0,0,0,0,4200,1,0,NONE,0,,,SCRYDEX_ONLY,
CRD_C2E4C6930E644C2D8236,네크로즈마 새벽의 날개 GX,RR,049/150,112752,high_confidence,5593,5593,2026-06-28,0,0,0,0,0,0,0,0,0,0,0,0,0,0,5000,3,0,NONE,0,,,SCRYDEX_ONLY,
CRD_D95254F3729941B9B6A6,루가루암 GX,RR,027/050,336262,high_confidence,5224,5347,2026-06-28,0,0,0,0,0,0,0,0,0,0,0,0,0,0,0,0,0,NONE,0,,,SCRYDEX_ONLY,
CRD_8C3914BBF6F44AEA9A9F,칠색조 GX,SSR,210/150,112777,high_confidence,46555,45572,2026-06-28,0,0,0,4,11400,13000,7,34166,16,33166,0,0,2,10230,7500,24,11400,A_3M,108300,0.421,-57.9,SNK_A_3M_FALLBACK,SCRYDEX_HALF_LOW
CRD_AFEB8972DDD3469BB268,레시라무 GX,SSR,211/150,112778,high_confidence,56850,56327,2026-06-28,0,0,0,2,19999,20000,8,37750,19,38000,1,10000,2,9950,6300,24,19999,A_3M,189990,0.296,-70.4,MAPPING_REVIEW,SCRYDEX_HALF_LOW
CRD_D472EEFEF45D4225A0EF,텅비드 GX,SSR,222/150,112786,high_confidence,21511,21511,2026-06-27,0,0,0,0,0,0,0,0,0,0,0,0,0,0,4500,1,0,NONE,0,,,SCRYDEX_ONLY,
CRD_FF3213DF87294320874D,붐볼 GX,SSR,217/150,112783,high_confidence,39472,39472,2026-06-28,0,0,0,0,0,0,0,0,0,0,0,0,0,0,4400,3,0,NONE,0,,,SCRYDEX_ONLY,
CRD_6E6C2EE667CE4D84A52D,울트라네크로즈마 GX,RR,104/150,112765,high_confidence,5224,5163,2026-06-26,0,0,0,0,0,0,0,0,0,0,0,0,0,0,1000,4,0,NONE,0,,,SCRYDEX_ONLY,
CRD_75E352E7A1BF4AD3A0CF,프리져 GX,SSR,214/150,112781,high_confidence,64256,65193,2026-06-27,0,0,0,0,0,0,1,35000,4,34000,0,0,3,6980,10000,9,0,NONE,0,,,SCRYDEX_ONLY,
CRD_80554114AB5D428FB10A,상행&하행,SR,159/150,112772,high_confidence,40850,0,2026-05-08,0,0,0,0,0,0,0,0,2,11541,1,4800,1,4800,8800,8,0,NONE,0,,,SCRYDEX_ONLY,
CRD_D418EAC3260E430DB338,낚시꾼,SR,152/150,112771,high_confidence,11155,11155,2026-06-28,0,0,0,0,0,0,0,0,2,18888,0,0,0,0,0,0,0,NONE,0,,,SCRYDEX_ONLY,
CRD_DBB7B7B124384146B708,루카리오 GX,SSR,224/150,112788,high_confidence,107477,107477,2026-06-28,0,0,0,3,14999,20000,5,58000,16,60000,0,0,2,11499,13000,18,14999,A_3M,142490,0.754,-24.6,SNK_A_3M_FALLBACK,
CRD_9B4304F1A3704496A8EC,등산가,SR,154/150,112773,high_confidence,9910,9910,2026-06-28,0,0,0,0,0,0,0,0,1,8980,0,0,0,0,0,0,0,NONE,0,,,SCRYDEX_ONLY,
CRD_FE2362DA8BC245B88CB2,리피아 GX,SSR,206/150,112774,high_confidence,107538,107538,2026-06-28,0,0,0,0,0,0,3,34499,11,37000,2,9749,4,9949,9000,17,0,NONE,0,,,SCRYDEX_ONLY,
CRD_D7D333F402E247A68ADE,루가루암 GX,SSR,226/150,112790,high_confidence,26197,25475,2026-06-28,0,0,0,0,0,0,0,0,0,0,0,0,0,0,1500,3,0,NONE,0,,,SCRYDEX_ONLY,
CRD_8B1DB466A7784A9DA26A,조로아크 GX,SSR,231/150,112794,high_confidence,46356,46356,2026-06-28,0,0,0,3,6500,6500,2,26150,7,25480,0,0,3,5600,8999,10,6500,A_3M,61750,0.751,-24.9,SNK_A_3M_FALLBACK,
CRD_70A1CFED68464E399860,루가루암 GX,SSR,227/150,112791,high_confidence,38028,32251,2026-06-26,1,1500,1500,1,1500,1500,1,18800,2,18400,0,0,0,0,2500,3,1500,A_1M,14250,2.263,126.3,SNK_A_1M_OK,SCRYDEX_2X_HIGH
CRD_97EAC0317B734B3191FC,메타그로스 GX,SSR,234/150,112797,high_confidence,48307,48307,2026-06-26,0,0,0,0,0,0,1,27777,3,23800,0,0,0,0,14999,2,0,NONE,0,,,SCRYDEX_ONLY,
CRD_BA27BAD558E64F00B129,모크나이퍼 GX,SSR,207/150,112775,high_confidence,38412,38412,2026-06-28,1,3500,3500,1,3500,3500,0,0,0,0,0,0,0,0,4500,5,3500,A_1M,33250,1.155,15.5,SNK_A_1M_OK,
CRD_A1D8F84613574D488021,파비코리 GX,SSR,239/150,112801,high_confidence,47616,47616,2026-06-28,0,0,0,0,0,0,1,28000,2,28000,0,0,0,0,14500,3,0,NONE,0,,,SCRYDEX_ONLY,
CRD_A81205AD3C6B4221AD8F,차곡차곡 GX,SSR,236/150,112799,high_confidence,15365,15365,2026-06-28,0,0,0,0,0,0,0,0,0,0,0,0,0,0,3300,1,0,NONE,0,,,SCRYDEX_ONLY,
CRD_6758A956D73C4F90BE9F,저지맨,SR,065/060,112821,high_confidence,12814,12814,2026-06-28,1,4000,4000,2,3750,4000,0,0,0,0,0,0,0,0,12000,2,4000,A_1M,38000,0.337,-66.3,SNK_A_1M_OK,SCRYDEX_HALF_LOW
CRD_4A642D0DF8D74C7B896A,잠만보 V,RR,045/060,113237,high_confidence,9803,9111,2026-06-26,0,0,0,0,0,0,3,10000,5,9900,0,0,0,0,2500,1,0,NONE,0,,,SCRYDEX_ONLY,
CRD_C93F0C57CAE5425995FA,저지맨,SR,274/184,112822,high_confidence,3365,3319,2026-06-28,0,0,0,0,0,0,0,0,0,0,0,0,0,0,3500,3,0,NONE,0,,,SCRYDEX_ONLY,
CRD_796EC7E6363A48C6ADF7,모르페코 V,RR,019/060,113232,high_confidence,1997,1997,2026-06-28,0,0,0,0,0,0,0,0,0,0,0,0,0,0,6990,1,0,NONE,0,,,SCRYDEX_ONLY,
CRD_8410E4E943C54075AE69,깜까미 V,RR,036/060,113235,high_confidence,3780,3841,2026-06-28,0,0,0,0,0,0,0,0,0,0,0,0,0,0,0,0,0,NONE,0,,,SCRYDEX_ONLY,
CRD_6A047CD751384F969D65,코터스 V,RR,006/060,113231,high_confidence,1752,1767,2026-06-28,0,0,0,0,0,0,0,0,0,0,0,0,0,0,0,0,0,NONE,0,,,SCRYDEX_ONLY,
CRD_ED8BDC8A7A604D6886A4,꾸왁스,AR,081/073,113065,high_confidence,7483,6853,2026-06-27,0,0,0,1,1380,1380,2,7050,8,7100,1,3331,2,3065,1000,13,1380,A_3M,13110,0.523,-47.7,SNK_A_3M_FALLBACK,
CRD_018725C657AC494C8687,에써르 V,SR,063/060,113241,high_confidence,4563,4548,2026-06-28,0,0,0,0,0,0,0,0,0,0,0,0,0,0,0,0,0,NONE,0,,,SCRYDEX_ONLY,
CRD_D3997BEB72104CE08418,모르페코 V,SR,062/060,113240,high_confidence,19390,20220,2026-06-28,0,0,0,1,6990,6990,0,0,1,12500,0,0,0,0,3980,2,6990,A_3M,66405,0.304,-69.6,MAPPING_REVIEW,SCRYDEX_HALF_LOW
CRD_BB580CF2765F4C48B7BB,피아나의 결의,HR,086/067,113264,high_confidence,27979,27979,2026-06-28,0,0,0,0,0,0,0,0,3,12800,0,0,1,3999,3480,5,0,NONE,0,,,SCRYDEX_ONLY,
CRD_79B516E57BA34A8A8AF8,코터스 V,SR,061/060,113239,high_confidence,12292,11539,2026-06-28,0,0,0,0,0,0,0,0,0,0,0,0,0,0,1200,1,0,NONE,0,,,SCRYDEX_ONLY,
CRD_CC13B8F8C8BC49B092D7,요가램 V,RR,221/414,113251,high_confidence,568,568,2026-06-28,0,0,0,0,0,0,0,0,0,0,0,0,0,0,0,0,0,NONE,0,,,SCRYDEX_ONLY,
CRD_F3E837515D0E435AA991,대로트 V,RR,028/414,113246,high_confidence,522,507,2026-06-28,0,0,0,0,0,0,0,0,0,0,0,0,0,0,1000,2,0,NONE,0,,,SCRYDEX_ONLY,
CRD_1806774875564E268E6E,옐단의 조무래기,HR,071/060,113245,high_confidence,8205,7652,2026-06-28,0,0,0,0,0,0,0,0,0,0,0,0,0,0,2000,2,0,NONE,0,,,SCRYDEX_ONLY,
CRD_1CCD9CD035A348629CD9,갸라도스 VMAX,HR,081/067,113261,high_confidence,43851,43851,2026-06-28,0,0,0,1,6900,6900,0,0,6,17650,0,0,0,0,8980,13,6900,A_3M,65550,0.669,-33.1,SNK_A_3M_FALLBACK,
CRD_971CA0485F2B45D8A839,대로트 V,SR,068/067,113255,high_confidence,3411,3411,2026-06-28,0,0,0,0,0,0,0,0,0,0,0,0,0,0,3500,1,0,NONE,0,,,SCRYDEX_ONLY,
CRD_F66B10F9608D4C8CB922,스쿨보이,SR,078/067,113259,high_confidence,6914,6914,2026-06-28,0,0,0,0,0,0,0,0,0,0,0,0,0,0,2000,1,0,NONE,0,,,SCRYDEX_ONLY,
CRD_1C157708149345C6BF37,갸라도스 V,RR,020/067,113249,high_confidence,2213,2090,2026-06-28,0,0,0,0,0,0,0,0,0,0,0,0,0,0,1000,7,0,NONE,0,,,SCRYDEX_ONLY,
CRD_2ED4580E9B974C03A527,눈여아,UR,087/067,113265,high_confidence,13813,13813,2026-06-28,0,0,0,0,0,0,0,0,1,8500,0,0,0,0,0,0,0,NONE,0,,,SCRYDEX_ONLY,
CRD_0672E08240B840E58C03,요가램 V,SR,071/067,113258,high_confidence,5654,5654,2026-06-28,0,0,0,0,0,0,0,0,0,0,0,0,0,0,0,0,0,NONE,0,,,SCRYDEX_ONLY,
CRD_06CEAC2A8B35426D926A,망나뇽 V,RR,042/067,113252,high_confidence,3795,3503,2026-06-26,0,0,0,3,1200,1500,1,16700,6,13490,0,0,1,4000,1000,7,1200,A_3M,11400,0.307,-69.3,MAPPING_REVIEW,SCRYDEX_HALF_LOW
CRD_477A7D547E084F6D8315,옐단의 조무래기,SR,068/060,113244,high_confidence,7298,7298,2026-06-28,0,0,0,0,0,0,2,7498,2,7498,0,0,0,0,1000,8,0,NONE,0,,,SCRYDEX_ONLY,
CRD_9854903EC2F54EBAB680,데덴네 ex,RR,038/073,114770,high_confidence,876,907,2026-06-27,0,0,0,1,1000,1000,0,0,0,0,0,0,0,0,1000,8,1000,A_3M,9500,0.095,-90.5,MAPPING_REVIEW,SCRYDEX_HALF_LOW
CRD_DAAA4A279BCD415190D0,팔데아 우파,AR,085/073,115235,high_confidence,6714,6661,2026-06-26,0,0,0,0,0,0,5,6680,9,6999,0,0,0,0,1000,5,0,NONE,0,,,SCRYDEX_ONLY,
CRD_B92DA5CF55D0468FB12E,아꾸왁,AR,082/073,116070,high_confidence,4241,3841,2026-06-27,0,0,0,1,1000,1000,2,7299,5,7550,0,0,0,0,1000,11,1000,A_3M,9500,0.404,-59.6,SNK_A_3M_FALLBACK,SCRYDEX_HALF_LOW
CRD_ADE314545C9C40C2BE9D,팔데아 토오 ex,SR,091/073,116077,high_confidence,4533,4533,2026-06-27,0,0,0,0,0,0,0,0,0,0,0,0,0,0,1000,5,0,NONE,0,,,SCRYDEX_ONLY,
CRD_C123706D03224508B63B,트로피우스,AR,074/073,116065,high_confidence,4809,4855,2026-06-26,0,0,0,0,0,0,1,6840,7,6800,2,2580,2,2580,1000,7,0,NONE,0,,,SCRYDEX_ONLY,
CRD_CA5C4ACA8C0944F9A611,팔데아 켄타로스,AR,084/073,116071,high_confidence,5193,5055,2026-06-27,0,0,0,0,0,0,2,7090,5,6780,0,0,0,0,1000,10,0,NONE,0,,,SCRYDEX_ONLY,
CRD_E7613911A4194A1BB1CF,클라벨,SR,095/073,116078,high_confidence,1659,1659,2026-06-27,0,0,0,0,0,0,0,0,0,0,0,0,0,0,1000,2,0,NONE,0,,,SCRYDEX_ONLY,
CRD_E5E93E5E67D8453083FA,라우드본 ex,SAR,097/073,116082,high_confidence,70740,70740,2026-06-27,3,4998,4998,10,4982,4998,5,10500,17,10000,1,3000,1,3000,4800,24,4998,A_1M,47481,1.49,49.0,SNK_A_1M_OK,
CRD_827860234B4648058D9A,마스카나 ex,SAR,096/073,116081,high_confidence,72445,69787,2026-06-26,2,7990,8000,5,7980,8000,9,15500,41,14560,0,0,2,7500,8200,39,7990,A_1M,75905,0.919,-8.1,SNK_A_1M_OK,
CRD_C19EA4CD8F604CCE8CFA,라우드본 ex,UR,102/073,116086,high_confidence,11508,11554,2026-06-26,0,0,0,0,0,0,0,0,2,7740,0,0,0,0,1450,3,0,NONE,0,,,SCRYDEX_ONLY,
CRD_D69C2C88C4594015B09D,웨이니발 ex,UR,103/073,116087,high_confidence,9987,10125,2026-06-27,0,0,0,0,0,0,0,0,1,6980,1,3280,1,3280,1500,5,0,NONE,0,,,SCRYDEX_ONLY,
CRD_F0E60A047F1142A5AF30,위유이 ex,SAR,092/071,118630,high_confidence,62873,60414,2026-06-27,6,3949,3999,13,4000,3999,5,16000,19,12499,0,0,0,0,4000,6,3949,A_1M,37516,1.61,61.0,SNK_A_1M_OK,
CRD_635F799A0D2C4619893C,딩루 ex,UR,097/071,120749,high_confidence,6991,6991,2026-06-28,0,0,0,0,0,0,0,0,2,7788,0,0,0,0,1000,4,0,NONE,0,,,SCRYDEX_ONLY,
CRD_DE0D19741C6C49AEA3F8,모래꿍,AR,075/071,120731,high_confidence,3042,3104,2026-06-26,1,1250,1250,1,1250,1250,5,6800,13,6800,0,0,0,0,1000,9,1250,A_1M,11875,0.261,-73.9,MAPPING_REVIEW,SCRYDEX_HALF_LOW
CRD_63CF750F292B420E9045,두드리짱 ex,SAR,093/071,120746,high_confidence,72015,71431,2026-06-27,5,3880,4200,11,3800,4200,2,11025,9,11800,0,0,1,3000,4500,8,3880,A_1M,36860,1.938,93.8,SNK_A_1M_OK,
CRD_EEFAD8CB8F514886AAEF,사구아로,SAR,096/071,120747,high_confidence,14750,14750,2026-06-27,1,1400,1400,4,1395,1400,2,10200,4,9750,0,0,0,0,1300,14,1400,A_1M,13300,1.109,10.9,SNK_A_1M_OK,
CRD_7B317B9E170247469F62,딩루 ex,SR,088/071,120742,high_confidence,1859,1813,2026-06-27,0,0,0,0,0,0,0,0,1,33500,0,0,0,0,1000,3,0,NONE,0,,,SCRYDEX_ONLY,
CRD_E55586307A664832B969,음번 ex,SR,089/071,120743,high_confidence,2489,2474,2026-06-27,0,0,0,0,0,0,1,6800,1,6800,0,0,0,0,1000,4,0,NONE,0,,,SCRYDEX_ONLY,
CRD_64904033464E4C1DA53B,사구아로,SR,091/071,120744,high_confidence,1229,1245,2026-06-27,0,0,0,0,0,0,0,0,1,6500,0,0,0,0,1000,8,0,NONE,0,,,SCRYDEX_ONLY,
CRD_DF8A429C70554B56B314,쏘콘 ex,SR,084/071,120738,high_confidence,1813,1859,2026-06-26,0,0,0,0,0,0,1,7980,1,7980,0,0,0,0,1000,4,0,NONE,0,,,SCRYDEX_ONLY,
CRD_E4C1A15E591E42F1AB64,위유이 ex,SR,085/071,120739,high_confidence,2935,2873,2026-06-27,0,0,0,0,0,0,1,7500,2,7450,0,0,0,0,1000,5,0,NONE,0,,,SCRYDEX_ONLY,
CRD_A7A7C7685FE244168B9B,마기라스,AR,079/071,120735,high_confidence,19728,19052,2026-06-27,1,1460,1460,11,1733,1460,14,7404,49,7777,3,3400,4,3400,1800,34,1460,A_1M,13870,1.374,37.4,SNK_A_1M_OK,
CRD_231D861950D2482F92C0,아머까오 V,SR,078/070,144124,high_confidence,9157,8005,2026-06-27,0,0,0,0,0,0,0,0,0,0,0,0,0,0,0,0,0,NONE,0,,,SCRYDEX_ONLY,
CRD_7FE85AF0323E486DA2F4,총지엔 ex,SR,084/071,120832,high_confidence,1690,1721,2026-06-27,0,0,0,0,0,0,0,0,0,0,0,0,0,0,1000,1,0,NONE,0,,,SCRYDEX_ONLY,
CRD_D3A35E24EA494A63BB44,비트,SR,068/060,122006,high_confidence,30714,7682,2026-06-28,0,0,0,0,0,0,0,0,0,0,0,0,0,0,5000,8,0,NONE,0,,,SCRYDEX_ONLY,
CRD_DDED4EDE29E446F7B0C3,릴리에,SR,065/060,123526,high_confidence,0,0,,1,470000,470000,2,424000,470000,11,1396666,33,1371800,2,320000,5,340000,185000,65,470000,A_1M,4465000,,,SNK_A_1M_OK,
CRD_F52BF6D27A264EE6A684,따라큐,CHR,058/049,123606,high_confidence,93787,95062,2026-06-26,1,11500,11500,15,8500,11500,19,24888,67,24000,1,8900,8,8900,7800,89,11500,A_1M,109250,0.87,-13.0,SNK_A_1M_OK,
CRD_F30AEC33313345B18B06,아킬,SR,078/070,126506,high_confidence,7636,7636,2026-06-28,0,0,0,0,0,0,0,0,0,0,0,0,0,0,4000,1,0,NONE,0,,,SCRYDEX_ONLY,
CRD_24141283AF4D42638547,볼가이,SR,195/190,126511,high_confidence,6223,6207,2026-06-28,1,1000,1000,1,1000,1000,0,0,2,8150,0,0,0,0,1500,4,1000,A_1M,9500,0.653,-34.7,SNK_A_1M_OK,
CRD_3556A9DD9F2149C5BF0C,따라큐 V,CSR,233/184,126327,high_confidence,76547,74673,2026-06-27,3,7500,8000,15,6490,8000,23,22699,76,20587,2,8790,9,8280,5000,45,7500,A_1M,71250,1.048,4.8,SNK_A_1M_OK,
CRD_FF698E3711E2487B8D9F,새 조련사,SR,196/190,126509,high_confidence,4010,3949,2026-06-28,0,0,0,0,0,0,0,0,0,0,0,0,0,0,1000,1,0,NONE,0,,,SCRYDEX_ONLY,
CRD_5563F3670A2C4D95AB21,모젤란,SR,194/190,126507,high_confidence,2842,2842,2026-06-28,0,0,0,0,0,0,1,7800,1,7800,0,0,0,0,1500,1,0,NONE,0,,,SCRYDEX_ONLY,
CRD_B00F854C44414288BAFB,로즈,SR,192/190,126512,high_confidence,1859,1936,2026-06-28,0,0,0,0,0,0,0,0,0,0,0,0,0,0,1000,3,0,NONE,0,,,SCRYDEX_ONLY,
CRD_7EDD738AC9704AC483F7,어니언,SR,272/184,126521,high_confidence,6146,6084,2026-06-28,0,0,0,0,0,0,1,7800,7,7800,0,0,1,2300,1700,5,0,NONE,0,,,SCRYDEX_ONLY,
CRD_36246E7EC9864D74B0BA,의사,SR,082/070,126515,high_confidence,12015,11754,2026-06-27,0,0,0,0,0,0,2,7500,6,6800,0,0,0,0,1000,6,0,NONE,0,,,SCRYDEX_ONLY,
CRD_403D661F93B3488CA6F5,국화,SR,080/070,126516,high_confidence,5777,5915,2026-06-28,0,0,0,0,0,0,0,0,1,7280,0,0,0,0,0,0,0,NONE,0,,,SCRYDEX_ONLY,
CRD_B325D03BDD34469298B9,체렌의 배려심,SR,114/100,126534,high_confidence,3088,3150,2026-06-28,0,0,0,0,0,0,0,0,0,0,0,0,0,0,2500,6,0,NONE,0,,,SCRYDEX_ONLY,
CRD_3B4B975E13F04C418F1C,시바,SR,080/070,126513,high_confidence,7805,7652,2026-06-27,0,0,0,0,0,0,0,0,0,0,0,0,0,0,0,0,0,NONE,0,,,SCRYDEX_ONLY,
CRD_7DDAF72A6F6E4107971D,즈미,SR,082/070,126517,high_confidence,7375,7329,2026-06-28,0,0,0,0,0,0,0,0,0,0,0,0,0,0,1000,2,0,NONE,0,,,SCRYDEX_ONLY,
CRD_0052886022F54674939E,포플러,SR,277/184,126526,high_confidence,2428,2351,2026-06-28,0,0,0,0,0,0,0,0,0,0,0,0,0,0,1500,3,0,NONE,0,,,SCRYDEX_ONLY,
CRD_2B512D9C6B334EA6B3B5,캠프파이어,SR,115/100,126533,high_confidence,1690,1690,2026-06-28,0,0,0,0,0,0,0,0,0,0,0,0,0,0,1000,2,0,NONE,0,,,SCRYDEX_ONLY,
CRD_9740CC2128594EDDB54F,마쿠와,SR,261/184,126527,high_confidence,1398,1398,2026-06-28,0,0,0,0,0,0,0,0,0,0,0,0,0,0,1000,1,0,NONE,0,,,SCRYDEX_ONLY,
CRD_66963C0675B84ECAA1FA,마스터,SR,258/184,126528,high_confidence,1859,1905,2026-06-27,0,0,0,0,0,0,0,0,0,0,0,0,0,0,0,0,0,NONE,0,,,SCRYDEX_ONLY,
CRD_50C0DEEAB02B452683DA,수철,SR,114/100,126544,high_confidence,2720,2720,2026-06-28,0,0,0,0,0,0,0,0,0,0,0,0,0,0,1000,2,0,NONE,0,,,SCRYDEX_ONLY,
CRD_9177A302A923467195DB,페릴라,SR,079/067,126538,high_confidence,2996,2996,2026-06-28,0,0,0,0,0,0,0,0,0,0,0,0,0,0,1500,2,0,NONE,0,,,SCRYDEX_ONLY,
CRD_0AC16029AD564BF68326,블랑쉬,SR,081/071,126543,high_confidence,4609,4548,2026-06-28,0,0,0,0,0,0,0,0,0,0,0,0,0,0,1000,4,0,NONE,0,,,SCRYDEX_ONLY,
CRD_8E2D357D27A34250B5E6,코터스,CHR,050/049,126665,high_confidence,20773,20328,2026-06-26,0,0,0,1,1800,1800,7,8500,29,8280,0,0,0,0,2200,13,1800,A_3M,17100,1.189,18.9,SNK_A_3M_FALLBACK,
CRD_B1BA8BA294224C83B570,피카츄,CHR,054/049,126664,high_confidence,181074,179968,2026-06-27,4,40690,40000,20,39000,40000,23,78000,72,74949,4,26875,8,26000,24500,84,40690,A_1M,386555,0.466,-53.4,SNK_A_1M_OK,SCRYDEX_HALF_LOW
CRD_B35BCAFB2F9E4FE5BE34,데덴네,CHR,200/184,126671,high_confidence,12246,11170,2026-06-26,3,1500,1500,8,1500,1500,25,8000,59,7700,0,0,2,2024,1000,60,1500,A_1M,14250,0.784,-21.6,SNK_A_1M_OK,
CRD_E2C122D990CA490FAF7E,억새,SR,086/071,126541,high_confidence,1721,1721,2026-06-27,0,0,0,0,0,0,0,0,0,0,0,0,0,0,1000,3,0,NONE,0,,,SCRYDEX_ONLY,
CRD_2A2AA65BC13345549AD1,마스터드 연격의 태세,SR,259/184,126530,high_confidence,1690,1675,2026-06-28,0,0,0,0,0,0,0,0,0,0,0,0,0,0,1000,3,0,NONE,0,,,SCRYDEX_ONLY,
CRD_F3D10A6AC6D949C88832,보송송,CHR,194/184,126666,high_confidence,9004,8620,2026-06-26,2,1999,1000,5,1300,1000,17,7249,53,7950,0,0,2,2500,1000,68,1999,A_1M,18990,0.454,-54.6,SNK_A_1M_OK,SCRYDEX_HALF_LOW
CRD_96E3628EA11140F3A119,리자몽,CHR,187/184,126668,high_confidence,26412,24507,2026-06-27,7,3366,3200,32,3382,3200,20,15179,68,16949,4,4899,11,4800,3000,120,3366,A_1M,31977,0.766,-23.4,SNK_A_1M_OK,
CRD_24CD0D7FE1834DA89707,부스터,CHR,188/184,126670,high_confidence,30699,25475,2026-06-28,2,2783,2666,17,2390,2666,23,11385,67,10155,2,4250,4,4250,2700,28,2783,A_1M,26438,0.964,-3.6,SNK_A_1M_OK,
CRD_7457BA11C1D9436DAEED,제크로무,CHR,195/184,126667,high_confidence,24107,23662,2026-06-28,4,2599,1500,23,2999,1500,25,11768,76,12369,3,6100,6,3300,2580,103,2599,A_1M,24690,0.958,-4.2,SNK_A_1M_OK,
CRD_14EB3BE3034D40278311,쥬피썬더,CHR,193/184,126674,high_confidence,22310,20635,2026-06-28,2,2475,2300,11,2500,2300,22,10910,69,10640,1,3300,5,3500,2400,43,2475,A_1M,23512,0.878,-12.2,SNK_A_1M_OK,
CRD_5D9CED91492B4E768613,잠만보,CHR,077/071,126680,high_confidence,22310,21465,2026-06-28,0,0,0,10,2200,2000,27,10250,79,10389,1,4980,15,3800,2499,65,2200,A_3M,20900,1.027,2.7,SNK_A_3M_FALLBACK,
CRD_F70C1790FD9042749050,크리만,CHR,209/184,126682,high_confidence,5931,5285,2026-06-28,0,0,0,1,1000,1000,2,7049,6,7049,0,0,0,0,1000,9,1000,A_3M,9500,0.556,-44.4,SNK_A_3M_FALLBACK,
CRD_D96E0DB78D214574BD54,로즈레이드,CHR,068/067,126679,high_confidence,3288,3242,2026-06-28,0,0,0,1,1000,1000,8,6990,20,6980,2,2649,2,2649,1000,25,1000,A_3M,9500,0.341,-65.9,SNK_A_3M_FALLBACK,SCRYDEX_HALF_LOW
CRD_E1816DF5DFB04C90965B,동탁군,CHR,208/184,126678,high_confidence,4410,4410,2026-06-28,0,0,0,2,1250,1100,8,6887,33,6999,0,0,2,2240,1000,39,1250,A_3M,11875,0.371,-62.9,SNK_A_3M_FALLBACK,SCRYDEX_HALF_LOW
CRD_C64D8A288A1E49DABD3B,이브이,CHR,210/184,126673,high_confidence,23201,22064,2026-06-28,3,2300,1950,19,2500,1950,24,11714,68,10901,1,3000,7,3000,1890,66,2300,A_1M,21850,1.01,1.0,SNK_A_1M_OK,
CRD_80BD0BCAE8F6426DA55F,팽도리,CHR,052/049,126663,high_confidence,113930,113930,2026-06-28,0,0,0,5,9500,10400,12,24825,47,22510,2,11625,8,11250,7500,57,9500,A_3M,90250,1.262,26.2,SNK_A_3M_FALLBACK,
CRD_2CECD65EDFEE402B8093,킹드라,CHR,190/184,126683,high_confidence,11508,10486,2026-06-26,1,1500,1500,7,1200,1500,6,8400,24,8010,0,0,0,0,1500,26,1500,A_1M,14250,0.736,-26.4,SNK_A_1M_OK,
CRD_53504BEF2B164AFA9492,부우부,CHR,073/067,126692,high_confidence,6914,6499,2026-06-26,0,0,0,1,1600,1600,4,9549,12,8640,0,0,0,0,1000,4,1600,A_3M,15200,0.428,-57.2,SNK_A_3M_FALLBACK,SCRYDEX_HALF_LOW
CRD_00B0A094D2434026AD56,하랑우탄,CHR,212/184,126690,high_confidence,3042,3042,2026-06-27,0,0,0,0,0,0,2,6675,9,6900,0,0,0,0,1000,6,0,NONE,0,,,SCRYDEX_ONLY,
CRD_6D8F9AF9CC2D47D0ABE5,눈설왕,CHR,185/184,126697,high_confidence,2535,2489,2026-06-28,1,1000,1000,2,3000,1000,6,6800,10,6875,0,0,0,0,1000,10,1000,A_1M,9500,0.262,-73.8,MAPPING_REVIEW,SCRYDEX_HALF_LOW
CRD_4192371C8DE14719ACB9,그라에나,CHR,072/067,126693,high_confidence,4440,3964,2026-06-28,0,0,0,0,0,0,5,6800,13,6899,0,0,0,0,1000,12,0,NONE,0,,,SCRYDEX_ONLY,
CRD_A55C953959164A8EBF09,히스이 윈디,CHR,075/071,126698,high_confidence,7544,6108,2026-06-26,1,1000,1000,2,1000,1000,5,7300,9,7200,0,0,0,0,1000,20,1000,A_1M,9500,0.643,-35.7,SNK_A_1M_OK,
CRD_B675C7208A854D9AAEF1,몰드류,CHR,059/049,126685,high_confidence,5193,5086,2026-06-26,0,0,0,0,0,0,1,10800,1,10800,0,0,0,0,0,0,0,NONE,0,,,SCRYDEX_ONLY,
CRD_5E50FAE179C84F9C8755,대여르,CHR,204/184,126687,high_confidence,3857,3849,2026-06-26,1,1500,1500,2,1600,1500,3,6650,14,6875,0,0,0,0,1000,16,1500,A_1M,14250,0.27,-73.0,MAPPING_REVIEW,SCRYDEX_HALF_LOW
CRD_AF533FDCBFB840229CB0,칼라마네로,CHR,199/184,126695,high_confidence,2090,2090,2026-06-26,0,0,0,0,0,0,6,6746,13,6500,0,0,0,0,1000,7,0,NONE,0,,,SCRYDEX_ONLY,
CRD_34B94E323039433886E9,애프룡,CHR,186/184,126696,high_confidence,3426,3088,2026-06-27,0,0,0,2,1000,1000,4,6700,11,6800,0,0,0,0,1000,5,1000,A_3M,9500,0.325,-67.5,MAPPING_REVIEW,SCRYDEX_HALF_LOW
CRD_92EBCC00579749239EE9,신비록,CHR,070/067,126701,high_confidence,2827,2612,2026-06-26,0,0,0,0,0,0,4,6550,8,6500,0,0,0,0,1000,12,0,NONE,0,,,SCRYDEX_ONLY,
CRD_576DC2D934294498A93F,캐스퐁,CHR,211/184,126702,high_confidence,3150,2973,2026-06-26,0,0,0,1,6000,6000,2,6939,12,6950,0,0,0,0,1000,11,6000,A_3M,57000,0.052,-94.8,MAPPING_REVIEW,SCRYDEX_HALF_LOW
CRD_9FAFB1939CF44F30ACE6,암멍이,CHR,202/184,126704,high_confidence,5224,4563,2026-06-28,0,0,0,0,0,0,1,6895,10,6697,0,0,0,0,1000,10,0,NONE,0,,,SCRYDEX_ONLY,
CRD_C31F1E43A61B4EC79EA3,쿡,SR,276/184,126523,high_confidence,2643,2612,2026-06-27,0,0,0,0,0,0,0,0,0,0,0,0,0,0,0,0,0,NONE,0,,,SCRYDEX_ONLY,
CRD_DE35A5AF533342F99E35,하푸우,SR,201/173,127027,high_confidence,37490,36599,2026-06-28,0,0,0,0,0,0,2,6999,4,6999,0,0,0,0,2250,6,0,NONE,0,,,SCRYDEX_ONLY,
CRD_7F3A7B805F704D6C96F3,모스노우,CHR,192/184,126707,high_confidence,4010,3995,2026-06-26,0,0,0,0,0,0,2,6999,7,6999,0,0,0,0,1000,9,0,NONE,0,,,SCRYDEX_ONLY,
CRD_7666E22ADA2D4444AB42,메가이어롭&푸린 GX,SR,104/095,127037,high_confidence,239322,239322,2026-06-27,0,0,0,0,0,0,0,0,14,52250,2,28500,3,27000,29000,15,0,NONE,0,,,SCRYDEX_ONLY,
CRD_7D548C823A1940E98115,가디안 ex,SAR,348/190,162094,high_confidence,194887,194887,2026-06-28,6,19450,20000,24,17650,20000,20,36259,66,34798,2,18275,11,15480,16000,47,19450,A_1M,184775,1.055,5.5,SNK_A_1M_OK,
CRD_E02E2D38E06C4D3AACF4,라플레시아 GX,SR,062/049,127423,high_confidence,107216,106201,2026-06-28,0,0,0,1,11111,11111,7,21500,28,21600,1,9200,5,7980,7600,51,11111,A_3M,105554,1.006,0.6,SNK_A_3M_FALLBACK,
CRD_D5A3208DB5D642528B68,세레비&이상해꽃 GX,SR,097/095,127727,high_confidence,130601,130601,2026-06-26,0,0,0,1,35000,35000,8,71000,15,73400,0,0,3,30900,6000,37,35000,A_3M,332500,0.393,-60.7,SNK_A_3M_FALLBACK,SCRYDEX_HALF_LOW
CRD_C5C15088983B4338BFDC,이상해꽃 ex,RR,003/165,127768,high_confidence,830,999,2026-06-26,0,0,0,1,1300,1300,0,0,1,5500,0,0,0,0,1000,13,1300,A_3M,12350,0.081,-91.9,MAPPING_REVIEW,SCRYDEX_HALF_LOW
CRD_DF94CDB2489A49698586,대포무노,CHR,191/184,126708,high_confidence,3688,3319,2026-06-28,0,0,0,1,1000,1000,1,8266,6,7633,0,0,0,0,1000,8,1000,A_3M,9500,0.349,-65.1,SNK_A_3M_FALLBACK,SCRYDEX_HALF_LOW
CRD_9324067E86B04FA9A0F8,아보크 ex,RR,024/165,127807,high_confidence,568,661,2026-06-28,0,0,0,0,0,0,0,0,0,0,0,0,0,0,1000,2,0,NONE,0,,,SCRYDEX_ONLY,
CRD_C1430E514E7A4341B76C,거북왕 GX,RR,016/080,393252,high_confidence,9695,9495,2026-06-28,0,0,0,1,1000,1000,0,0,5,8400,1,3490,2,2985,1550,4,1000,A_3M,9500,0.999,-0.1,SNK_A_3M_FALLBACK,
CRD_A9DF06F1FA7544AD83E2,나인테일 ex,RR,038/165,127834,high_confidence,799,814,2026-06-26,0,0,0,1,1000,1000,0,0,0,0,0,0,0,0,1000,4,1000,A_3M,9500,0.086,-91.4,MAPPING_REVIEW,SCRYDEX_HALF_LOW
CRD_DC3CA236843E44299775,루주라 ex,RR,124/165,128001,high_confidence,645,661,2026-06-27,0,0,0,0,0,0,0,0,1,5000,0,0,0,0,1000,1,0,NONE,0,,,SCRYDEX_ONLY,
CRD_FF58AC269F384D2DB169,근육몬,AR,177/165,128093,high_confidence,9204,9342,2026-06-26,3,1800,1900,11,1800,1900,6,7674,23,8466,0,0,2,2994,1000,9,1800,A_1M,17100,0.546,-45.4,SNK_A_1M_OK,
CRD_B807649467B3424F8C29,고라파덕,AR,175/165,128091,high_confidence,44819,46709,2026-06-28,12,3850,3799,47,3760,3799,27,16266,82,15571,4,5999,13,5990,2500,70,3850,A_1M,36575,1.277,27.7,SNK_A_1M_OK,
CRD_7FEAB602A0214CDAB632,파이리,AR,168/165,128084,high_confidence,42668,42791,2026-06-27,14,5825,8999,65,6000,8999,26,21974,78,22940,5,7000,22,7000,3000,120,5825,A_1M,55338,0.773,-22.7,SNK_A_1M_OK,
CRD_D4963DE8F541495794EE,이상해씨,AR,166/165,128082,high_confidence,37413,36937,2026-06-28,9,3200,3000,49,3299,3000,23,13000,79,13066,5,5000,18,5333,2000,55,3200,A_1M,30400,1.215,21.5,SNK_A_1M_OK,
CRD_AC3606B6DD67461CB745,잠만보,AR,181/165,128097,high_confidence,23892,24799,2026-06-26,10,3000,2000,35,3333,2000,29,13979,89,14000,6,4762,21,4499,2300,121,3000,A_1M,28500,0.87,-13.0,SNK_A_1M_OK,
CRD_D6A4F6C77AFF466C95D9,거북왕 ex,SR,186/165,128102,high_confidence,14397,14274,2026-06-28,1,2980,2980,12,2980,2980,7,10500,27,12350,0,0,2,4250,1200,37,2980,A_1M,28310,0.504,-49.6,SNK_A_1M_OK,
CRD_A5C68E63AD7846D98563,이상해풀,AR,167/165,128083,high_confidence,24645,22955,2026-06-28,8,2200,2400,35,2450,2400,17,9764,69,10700,6,4650,15,4290,2499,55,2200,A_1M,20900,1.098,9.8,SNK_A_1M_OK,
CRD_8538CE46E092401B8FD2,슈륙챙이,AR,176/165,128092,high_confidence,28640,26497,2026-06-26,5,1000,2000,20,1920,2000,13,13000,50,10657,0,0,2,4099,1000,23,1000,A_1M,9500,2.789,178.9,SNK_A_1M_OK,SCRYDEX_2X_HIGH
CRD_744238CF563C4F9ABC6A,리자드,AR,169/165,128085,high_confidence,28717,28563,2026-06-28,11,3100,2680,51,3864,2680,24,15390,77,15290,7,4480,22,4400,2444,81,3100,A_1M,29450,0.97,-3.0,SNK_A_1M_OK,
CRD_B078B8FB2EB6415A85B6,어니부기,AR,171/165,128087,high_confidence,27349,27226,2026-06-27,13,2500,9000,40,2900,9000,24,14083,73,12900,7,4700,26,3940,1999,54,2500,A_1M,23750,1.146,14.6,SNK_A_1M_OK,
CRD_725B42F08E65463899B9,나인테일 ex,SR,188/165,128104,high_confidence,7329,7160,2026-06-27,1,1500,1500,7,1425,1500,0,0,1,7500,0,0,0,0,1000,10,1500,A_1M,14250,0.502,-49.8,SNK_A_1M_OK,
CRD_99651D6378CB49808433,비주기의 카리스마,SR,198/165,128113,high_confidence,4318,4456,2026-06-28,0,0,0,4,1000,1000,2,13247,4,12749,0,0,0,0,1000,13,1000,A_3M,9500,0.469,-53.1,SNK_A_3M_FALLBACK,SCRYDEX_HALF_LOW
CRD_7CC5297071A246E0B3DB,캥카 ex,SR,192/165,128108,high_confidence,3611,3657,2026-06-27,1,1700,1700,3,1700,1700,2,11122,5,9900,0,0,0,0,1800,3,1700,A_1M,16150,0.226,-77.4,MAPPING_REVIEW,SCRYDEX_HALF_LOW
CRD_CE2F437D2073455CA89E,루주라 ex,SR,193/165,128109,high_confidence,3472,2965,2026-06-27,0,0,0,3,1000,1200,0,0,2,7700,0,0,1,3980,1500,1,1000,A_3M,9500,0.312,-68.8,MAPPING_REVIEW,SCRYDEX_HALF_LOW
CRD_BBC2E062E3384B639FA8,후딘 ex,SAR,203/165,128119,high_confidence,92865,90345,2026-06-28,3,8900,9480,15,10400,9480,13,22000,45,22988,2,8590,4,8990,8900,58,8900,A_1M,84550,1.069,6.9,SNK_A_1M_OK,
CRD_6F30F6948BD54C099B7B,남나리의 도움,SR,196/165,128114,high_confidence,2858,2827,2026-06-27,1,1999,1999,7,1999,1999,2,11000,7,8400,1,3000,1,3000,1200,28,1999,A_1M,18990,0.149,-85.1,MAPPING_REVIEW,SCRYDEX_HALF_LOW
CRD_828E8D059DF7414D891B,뮤 ex,SAR,205/165,128121,high_confidence,339562,338917,2026-06-28,11,51666,51666,44,56166,51666,30,98250,83,113000,11,38000,29,43800,33333,173,51666,A_1M,490827,0.691,-30.9,SNK_A_1M_OK,
CRD_E79D379B22204F5A8CB8,마임맨,AR,179/165,128095,high_confidence,4794,4794,2026-06-28,2,1500,1500,8,1000,1500,7,7400,18,7400,0,0,2,2249,1500,2,1500,A_1M,14250,0.336,-66.4,SNK_A_1M_OK,SCRYDEX_HALF_LOW
CRD_DCA22E7A661545CBAC0E,펄스멍 V,CSR,225/184,128524,high_confidence,13168,13152,2026-06-28,0,0,0,0,0,0,0,0,3,7490,0,0,0,0,12000,1,0,NONE,0,,,SCRYDEX_ONLY,
CRD_EE3C7F73629F436FA9B6,비주기의 추방,SR,106/095,128523,high_confidence,23984,23800,2026-06-28,0,0,0,0,0,0,1,20999,4,15500,0,0,1,4500,3499,6,0,NONE,0,,,SCRYDEX_ONLY,
CRD_80E06EF89D844F93ABE5,이올브 VMAX,CSR,215/184,128949,high_confidence,14351,14020,2026-06-26,0,0,0,0,0,0,1,7750,3,7750,0,0,0,0,2200,2,0,NONE,0,,,SCRYDEX_ONLY,
CRD_6A64916CD6DF4E1C952E,이올브 V,CSR,214/184,128948,high_confidence,5946,5885,2026-06-26,0,0,0,0,0,0,0,0,0,0,0,0,0,0,0,0,0,NONE,0,,,SCRYDEX_ONLY,
CRD_DECDD9969EB941668D1B,대로트 BREAK,RR,055/171,390824,high_confidence,6069,6069,2026-06-28,0,0,0,0,0,0,0,0,0,0,0,0,0,0,0,0,0,NONE,0,,,SCRYDEX_ONLY,
CRD_F7EF825777564C459F21,몰드류 ex,SAR,171/086,608533,high_confidence,18484,18430,2026-06-26,1,1799,1799,2,1899,1799,2,7200,9,7400,0,0,0,0,1500,12,1799,A_1M,17090,1.078,7.8,SNK_A_1M_OK,
CRD_64D59B5F08A74343BAD0,피죤투 ex,SR,128/108,132273,high_confidence,2750,2904,2026-06-27,0,0,0,0,0,0,0,0,0,0,0,0,0,0,1000,5,0,NONE,0,,,SCRYDEX_ONLY,
CRD_9C5270DA79DC45DF87E7,앱솔 ex,SR,126/108,132271,high_confidence,4809,4840,2026-06-28,0,0,0,0,0,0,0,0,1,6980,0,0,0,0,1000,2,0,NONE,0,,,SCRYDEX_ONLY,
CRD_D2A4A914128D48B19C2B,뽀삐,SR,130/108,132276,high_confidence,3027,3104,2026-06-28,0,0,0,0,0,0,0,0,3,10000,0,0,1,2000,1200,12,0,NONE,0,,,SCRYDEX_ONLY,
CRD_95BB14D8C84E44EF9FFB,피죤,AR,119/108,132264,high_confidence,5024,4917,2026-06-26,1,1000,1000,2,1000,1000,3,8500,6,8150,0,0,1,2444,1000,16,1000,A_1M,9500,0.518,-48.2,SNK_A_1M_OK,
CRD_7BE4EC5B6757486A9FA0,빙큐보 ex,SAR,133/108,132278,high_confidence,13460,13306,2026-06-27,0,0,0,1,1000,1000,0,0,0,0,0,0,0,0,2000,5,1000,A_3M,9500,1.401,40.1,SNK_A_3M_FALLBACK,
CRD_B63836C8D4AD4235A59A,킬라플로르 ex,SR,124/108,132269,high_confidence,1367,1306,2026-06-27,0,0,0,0,0,0,0,0,0,0,0,0,0,0,1000,2,0,NONE,0,,,SCRYDEX_ONLY,
CRD_734D08C448CA482595A4,구구,AR,118/108,132263,high_confidence,7851,7452,2026-06-28,1,1000,1000,4,1000,1000,3,7940,6,7449,1,3999,2,3399,1000,12,1000,A_1M,9500,0.784,-21.6,SNK_A_1M_OK,
CRD_A96D274688FA4B04A973,마기라스 ex,SR,122/108,132267,high_confidence,5823,5931,2026-06-27,0,0,0,1,1000,1000,2,7750,6,7750,0,0,0,0,1000,10,1000,A_3M,9500,0.624,-37.6,SNK_A_3M_FALLBACK,
CRD_9B1935C2FFE14C9493B6,삐,AR,113/108,132258,high_confidence,31928,31821,2026-06-28,3,3500,3500,23,2000,3500,15,16000,56,16434,6,4000,12,4000,2000,41,3500,A_1M,33250,0.957,-4.3,SNK_A_1M_OK,
CRD_EBD05116E1CE442AAF4E,피죤투 ex,SAR,136/108,132281,high_confidence,46832,45603,2026-06-28,0,0,0,1,2650,2650,1,9999,9,9900,0,0,0,0,8800,3,2650,A_3M,25175,1.811,81.1,SNK_A_3M_FALLBACK,
CRD_ADDEC4B6D7EC4C7FA90E,리자몽 ex,UR,139/108,132284,high_confidence,55221,55221,2026-06-28,2,16500,15000,26,18249,15000,21,32500,72,43989,2,14000,6,12925,12500,86,16500,A_1M,156750,0.352,-64.8,SNK_A_1M_OK,SCRYDEX_HALF_LOW
CRD_D934A1F32E1645DE8BCA,나인테일,AR,110/108,132255,high_confidence,39165,36998,2026-06-28,3,1980,1980,18,1332,1980,13,10500,44,10500,1,3980,5,3500,1780,49,1980,A_1M,18810,1.967,96.7,SNK_A_1M_OK,
CRD_EC86C750F0BF4F198ECA,눈여아 ex,RR,001/062,136212,high_confidence,507,476,2026-06-27,0,0,0,0,0,0,0,0,0,0,0,0,0,0,1000,2,0,NONE,0,,,SCRYDEX_ONLY,
CRD_BA98E92E4AFE471CB7C6,후파 ex,RR,029/062,136482,high_confidence,461,461,2026-06-27,0,0,0,0,0,0,0,0,0,0,0,0,0,0,1000,4,0,NONE,0,,,SCRYDEX_ONLY,
CRD_CD86338BE2A54676A3B5,큐레무 V,RR,029/100,136970,high_confidence,876,830,2026-06-28,0,0,0,0,0,0,0,0,0,0,0,0,0,0,1000,2,0,NONE,0,,,SCRYDEX_ONLY,
CRD_02FBE86D930D4D10A90C,마폭시 V,RR,017/100,136958,high_confidence,768,738,2026-06-28,0,0,0,0,0,0,0,0,0,0,0,0,0,0,0,0,0,NONE,0,,,SCRYDEX_ONLY,
CRD_A4A072ED41004885A806,소미안,AR,090/086,608536,high_confidence,7467,6484,2026-06-27,0,0,0,0,0,0,1,6666,2,6783,0,0,0,0,1000,4,0,NONE,0,,,SCRYDEX_ONLY,
CRD_EB1A8BB5303F41F8BA2A,프테라 V,RR,056/100,136997,high_confidence,860,860,2026-06-28,0,0,0,0,0,0,0,0,0,0,0,0,0,0,1000,2,0,NONE,0,,,SCRYDEX_ONLY,
CRD_BF531C372C7F46138B80,가라르 나이킹 V,RR,079/100,137020,high_confidence,676,676,2026-06-28,0,0,0,0,0,0,0,0,0,0,0,0,0,0,0,0,0,NONE,0,,,SCRYDEX_ONLY,
CRD_5704D0F94D3F482C8103,피죤투 V,RR,082/100,137023,high_confidence,845,814,2026-06-28,0,0,0,0,0,0,0,0,0,0,0,0,0,0,0,0,0,NONE,0,,,SCRYDEX_ONLY,
CRD_F414A783F97B45F0A953,기라티나 V,RR,080/100,137021,high_confidence,1383,1421,2026-06-27,0,0,0,0,0,0,0,0,5,9980,0,0,0,0,1000,11,0,NONE,0,,,SCRYDEX_ONLY,
CRD_9F777E2B3AF448D78288,드래피온 VSTAR,HR,119/100,137050,high_confidence,6100,5992,2026-06-28,0,0,0,1,1100,1100,0,0,0,0,0,0,0,0,0,0,1100,A_3M,10450,0.573,-42.7,SNK_A_3M_FALLBACK,
CRD_5DF12C9B3FCC471D90BA,가라르 나이킹 V,SR,108/100,137047,high_confidence,3211,3104,2026-06-28,0,0,0,0,0,0,0,0,0,0,0,0,0,0,0,0,0,NONE,0,,,SCRYDEX_ONLY,
CRD_C608BA3853EA42618657,드래피온 V,SR,107/100,137046,high_confidence,1767,1767,2026-06-28,0,0,0,0,0,0,0,0,0,0,0,0,0,0,0,0,0,NONE,0,,,SCRYDEX_ONLY,
CRD_FF2705137ED74AB383C1,피죤투 V,SR,112/100,137048,high_confidence,3288,3196,2026-06-28,0,0,0,0,0,0,0,0,0,0,0,0,0,0,1000,3,0,NONE,0,,,SCRYDEX_ONLY,
CRD_03969BCA263B42ACB41A,프테라 VSTAR,HR,118/100,137049,high_confidence,12200,11908,2026-06-26,0,0,0,1,3500,3500,1,16500,1,16500,0,0,0,0,3500,4,3500,A_3M,33250,0.358,-64.2,SNK_A_3M_FALLBACK,SCRYDEX_HALF_LOW
CRD_2C1B8B60A6A24410B160,멜리사,HR,121/100,137052,high_confidence,11816,12568,2026-06-27,0,0,0,0,0,0,0,0,0,0,0,0,0,0,2500,3,0,NONE,0,,,SCRYDEX_ONLY,
CRD_CA30FFDBDA9E4F959E75,수철,HR,122/100,137051,high_confidence,4579,4502,2026-06-28,0,0,0,0,0,0,0,0,0,0,0,0,0,0,3000,2,0,NONE,0,,,SCRYDEX_ONLY,
CRD_D5CA1113067244059C35,알로라 나시 V,RR,005/071,137056,high_confidence,753,730,2026-06-26,0,0,0,0,0,0,0,0,0,0,0,0,0,0,0,0,0,NONE,0,,,SCRYDEX_ONLY,
CRD_6136135AE22040079308,노보청 V,RR,040/071,137089,high_confidence,507,507,2026-06-28,0,0,0,0,0,0,0,0,0,0,0,0,0,0,3500,1,0,NONE,0,,,SCRYDEX_ONLY,
CRD_F42BA8F04DBE4AD9A8D0,망나뇽 V,RR,049/071,137098,high_confidence,2259,2166,2026-06-28,0,0,0,6,1000,3000,3,11500,9,11500,0,0,0,0,1000,9,1000,A_3M,9500,0.228,-77.2,MAPPING_REVIEW,SCRYDEX_HALF_LOW
CRD_013491CECA2E446F9AB8,게을킹 V,RR,059/071,137107,high_confidence,645,599,2026-06-27,0,0,0,0,0,0,0,0,0,0,0,0,0,0,1000,1,0,NONE,0,,,SCRYDEX_ONLY,
CRD_8E25DF25B8DD49B6A003,알로라 나시 V,SR,072/071,137120,high_confidence,5101,5086,2026-06-28,0,0,0,0,0,0,0,0,0,0,0,0,0,0,1000,1,0,NONE,0,,,SCRYDEX_ONLY,
CRD_ABD8EEE619A649568E06,멜메탈 V,SR,077/071,137122,high_confidence,2535,2474,2026-06-28,0,0,0,0,0,0,0,0,0,0,0,0,0,0,3000,1,0,NONE,0,,,SCRYDEX_ONLY,
CRD_9BB766F8D22C400B9459,게을킹 V,SR,079/071,137124,high_confidence,2643,2673,2026-06-28,0,0,0,0,0,0,0,0,1,6600,0,0,0,0,0,0,0,NONE,0,,,SCRYDEX_ONLY,
CRD_6CBCB133079240129A9D,망나뇽 V,SR,078/071,137123,high_confidence,15165,13997,2026-06-26,2,2050,2400,3,2400,2400,7,11980,20,14000,1,4979,2,3939,1400,17,2050,A_1M,19475,0.719,-28.1,SNK_A_1M_OK,
CRD_F17E3DA3317A4B978E20,박사의 연구,HR,087/071,137128,high_confidence,9480,9757,2026-06-28,0,0,0,0,0,0,0,0,0,0,0,0,0,0,1000,3,0,NONE,0,,,SCRYDEX_ONLY,
CRD_A764468C60C145BBA7B2,멜메탈 VMAX,HR,085/071,137125,high_confidence,8666,8189,2026-06-28,0,0,0,0,0,0,0,0,0,0,0,0,0,0,1000,1,0,NONE,0,,,SCRYDEX_ONLY,
CRD_1ACE44AEBA7B4DF5B0D6,칸델라,HR,090/071,137126,high_confidence,6530,6776,2026-06-28,0,0,0,0,0,0,0,0,0,0,0,0,0,0,1100,2,0,NONE,0,,,SCRYDEX_ONLY,
CRD_803FA692C5CE471EA9A3,모으령,AR,068/062,138230,high_confidence,5762,5977,2026-06-27,1,2300,2300,5,2000,2300,6,12350,14,12155,0,0,0,0,1000,13,2300,A_1M,21850,0.274,-72.6,MAPPING_REVIEW,SCRYDEX_HALF_LOW
CRD_DBE075DCBF884295B389,그란돈,AR,069/062,137232,high_confidence,51641,49767,2026-06-25,5,3300,3500,22,3300,3500,21,15750,67,14333,1,5000,4,5000,3480,35,3300,A_1M,31350,1.587,58.7,SNK_A_1M_OK,
CRD_67500D676E7A49D1928A,리카,SR,083/062,138231,high_confidence,6315,6284,2026-06-28,0,0,0,0,0,0,0,0,2,9316,0,0,1,2000,1380,29,0,NONE,0,,,SCRYDEX_ONLY,
CRD_CA3282A90EA344D18DDD,무쇠무인 ex,RR,038/066,138238,high_confidence,753,707,2026-06-27,0,0,0,0,0,0,0,0,0,0,0,0,0,0,1050,2,0,NONE,0,,,SCRYDEX_ONLY,
CRD_5D86E01964624A8CBE40,피카츄 VMAX,CSR,223/184,138599,high_confidence,112025,111441,2026-06-27,4,31250,33000,22,25875,33000,27,62500,76,68622,1,29100,10,20250,18000,99,31250,A_1M,296875,0.375,-62.5,SNK_A_1M_OK,SCRYDEX_HALF_LOW
CRD_D0DC8DD763A74B918833,청목,SR,082/062,138600,high_confidence,2504,2520,2026-06-27,0,0,0,0,0,0,0,0,0,0,0,0,0,0,1999,1,0,NONE,0,,,SCRYDEX_ONLY,
CRD_FC9AB834D89544B0B4F3,블로스터 BREAK,RR,020/054,387220,high_confidence,6650,0,2026-05-08,0,0,0,0,0,0,0,0,0,0,0,0,0,0,0,0,0,NONE,0,,,SCRYDEX_ONLY,
CRD_D07E561E30914540AD43,자포코일 V,RR,016/071,139336,high_confidence,661,645,2026-06-28,0,0,0,0,0,0,0,0,0,0,0,0,0,0,0,0,0,NONE,0,,,SCRYDEX_ONLY,
CRD_F99835774689458C8924,히스이 가디,AR,075/066,224085,high_confidence,21419,20896,2026-06-26,1,1700,1700,3,1700,1700,6,7653,20,7946,1,3000,1,3000,1800,21,1700,A_1M,16150,1.294,29.4,SNK_A_1M_OK,
CRD_73E5E12743E44600A13C,엘레이드 V,RR,040/071,139375,high_confidence,845,845,2026-06-28,0,0,0,0,0,0,0,0,0,0,0,0,0,0,1300,3,0,NONE,0,,,SCRYDEX_ONLY,
CRD_8E99D75B637D46C0BA84,프로토가,AR,110/086,608481,high_confidence,24276,19867,2026-06-27,0,0,0,0,0,0,0,0,1,7000,0,0,0,0,1000,2,0,NONE,0,,,SCRYDEX_ONLY,
CRD_F388F752349144079A88,히스이 미끄래곤 V,RR,056/071,139402,high_confidence,753,753,2026-06-28,0,0,0,0,0,0,0,0,0,0,0,0,0,0,0,0,0,NONE,0,,,SCRYDEX_ONLY,
CRD_78C8EBD5445449F38745,자포코일 VSTAR,HR,090/071,139433,high_confidence,8205,8205,2026-06-28,0,0,0,1,1400,1400,0,0,1,7000,0,0,0,0,1300,1,1400,A_3M,13300,0.617,-38.3,SNK_A_3M_FALLBACK,
CRD_58CA4FCBE74947989A92,엘레이드 V,SR,081/071,139431,high_confidence,4318,4287,2026-06-26,0,0,0,0,0,0,1,6999,0,0,0,0,0,0,1500,1,0,NONE,0,,,SCRYDEX_ONLY,
CRD_3CF2CAAC6C6843768D3B,히스이 드레디어 V,RR,007/067,139447,high_confidence,922,907,2026-06-28,0,0,0,0,0,0,0,0,0,0,0,0,0,0,0,0,0,NONE,0,,,SCRYDEX_ONLY,
CRD_73BC837020A74A488C75,억새,HR,095/071,139434,high_confidence,5439,5439,2026-06-28,0,0,0,0,0,0,0,0,0,0,0,0,0,0,1950,1,0,NONE,0,,,SCRYDEX_ONLY,
CRD_C99C51CB2CCA447FBB9F,자포코일 V,SR,079/071,139429,high_confidence,3780,3780,2026-06-28,0,0,0,0,0,0,0,0,0,0,0,0,0,0,1000,2,0,NONE,0,,,SCRYDEX_ONLY,
CRD_866E43F5997A400B8392,렌트라 V,SR,070/067,139509,high_confidence,6499,6499,2026-06-28,0,0,0,0,0,0,0,0,0,0,0,0,0,0,0,0,0,NONE,0,,,SCRYDEX_ONLY,
CRD_1EAFC9958EE848E3BAA6,히스이 드레디어 V,SR,068/067,139508,high_confidence,12046,12200,2026-06-28,0,0,0,0,0,0,0,0,0,0,0,0,0,0,0,0,0,NONE,0,,,SCRYDEX_ONLY,
CRD_BF68BBD0D4414170AFD2,괴력몬 VMAX,HR,081/067,139513,high_confidence,18807,18807,2026-06-28,0,0,0,0,0,0,0,0,0,0,0,0,0,0,10000,2,0,NONE,0,,,SCRYDEX_ONLY,
CRD_C24816ED007D4FA3AB68,비리디온 V,RR,010/067,139618,high_confidence,645,584,2026-06-28,0,0,0,0,0,0,0,0,0,0,0,0,0,0,0,0,0,NONE,0,,,SCRYDEX_ONLY,
CRD_81B29653F5524988BEF1,아쿠스타 V,RR,017/067,139628,high_confidence,860,814,2026-06-28,0,0,0,0,0,0,0,0,0,0,0,0,0,0,1000,1,0,NONE,0,,,SCRYDEX_ONLY,
CRD_BCA5D115D41A4E2A875F,히스이 모크나이퍼 V,RR,044/067,139673,high_confidence,707,707,2026-06-28,0,0,0,0,0,0,0,0,0,0,0,0,0,0,0,0,0,NONE,0,,,SCRYDEX_ONLY,
CRD_7472D09449364F81AB38,후파 V,SR,107/100,141401,high_confidence,4348,4333,2026-06-28,0,0,0,0,0,0,0,0,0,0,0,0,0,0,2800,2,0,NONE,0,,,SCRYDEX_ONLY,
CRD_742200F17881431CB52E,비리디온 V,SR,074/067,139713,high_confidence,5070,5163,2026-06-27,0,0,0,0,0,0,0,0,0,0,0,0,0,0,1000,3,0,NONE,0,,,SCRYDEX_ONLY,
CRD_4C846CECB8E74C96BF39,히스이 모크나이퍼 V,SR,077/067,139716,high_confidence,5685,5685,2026-06-28,0,0,0,0,0,0,0,0,0,0,0,0,0,0,1100,2,0,NONE,0,,,SCRYDEX_ONLY,
CRD_621EC27A4FFC46AAA5B0,한카리아스 V,SR,079/067,139718,high_confidence,12722,12307,2026-06-28,1,1800,1800,2,2150,1800,0,0,0,0,0,0,0,0,1111,4,1800,A_1M,17100,0.72,-28.0,SNK_A_1M_OK,
CRD_2D25B07240614BDCAAAC,히스이 대검귀 VSTAR,HR,087/067,139724,high_confidence,10156,10110,2026-06-28,0,0,0,0,0,0,0,0,0,0,0,0,0,0,1200,2,0,NONE,0,,,SCRYDEX_ONLY,
CRD_E8D78BF9E79942FD96A4,전목,HR,090/067,139727,high_confidence,5639,5839,2026-06-28,0,0,0,0,0,0,0,0,0,0,0,0,0,0,0,0,0,NONE,0,,,SCRYDEX_ONLY,
CRD_1B4300D40B074B11BABC,쉐이미 V,RR,012/100,139755,high_confidence,907,907,2026-06-26,0,0,0,0,0,0,0,0,0,0,0,0,0,0,1500,3,0,NONE,0,,,SCRYDEX_ONLY,
CRD_C5FD1D1E4E924008A6FE,라이츄 V,RR,034/100,139777,high_confidence,1690,1667,2026-06-26,0,0,0,0,0,0,2,11999,4,11999,0,0,0,0,1000,9,0,NONE,0,,,SCRYDEX_ONLY,
CRD_70BF01A370254FDF84AA,엘풍 V,RR,049/100,139792,high_confidence,968,860,2026-06-28,0,0,0,0,0,0,0,0,0,0,0,0,0,0,0,0,0,NONE,0,,,SCRYDEX_ONLY,
CRD_8F9C9E655E734313A1CD,플라이곤 V,RR,072/100,139815,high_confidence,891,799,2026-06-26,0,0,0,0,0,0,0,0,0,0,0,0,0,0,1000,1,0,NONE,0,,,SCRYDEX_ONLY,
CRD_C6E94E4673E846D48583,기기어르,AR,147/086,608587,high_confidence,5608,5547,2026-06-27,0,0,0,0,0,0,0,0,0,0,0,0,0,0,1000,3,0,NONE,0,,,SCRYDEX_ONLY,
CRD_641A3A941D1A424C84B3,기기기어르,AR,148/086,608588,high_confidence,7928,7437,2026-06-27,0,0,0,0,0,0,5,6800,0,0,0,0,0,0,1000,5,0,NONE,0,,,SCRYDEX_ONLY,
CRD_A2652FD03BCB44E786AA,돈크로우 V,SR,109/100,139848,high_confidence,16763,16394,2026-06-26,0,0,0,0,0,0,0,0,3,9000,0,0,0,0,1480,3,0,NONE,0,,,SCRYDEX_ONLY,
CRD_BC7A6C4E12004FA0918B,쉐이미 V,SR,101/100,139844,high_confidence,3688,3641,2026-06-28,0,0,0,0,0,0,0,0,0,0,0,0,0,0,1000,3,0,NONE,0,,,SCRYDEX_ONLY,
CRD_1AD1B3ABA677423BBCAE,라이츄 V,SR,106/100,139845,high_confidence,7329,7329,2026-06-28,2,1861,2222,10,2000,2222,1,16000,4,14000,0,0,0,0,1200,18,1861,A_1M,17680,0.415,-58.5,SNK_A_1M_OK,SCRYDEX_HALF_LOW
CRD_F42A2FE92E69499F8449,캠프파이어,HR,123/100,139852,high_confidence,3764,3764,2026-06-28,0,0,0,0,0,0,0,0,0,0,0,0,0,0,0,0,0,NONE,0,,,SCRYDEX_ONLY,
CRD_F158AE0760914258A50D,쉐이미 VSTAR,HR,117/100,139850,high_confidence,9864,9864,2026-06-28,0,0,0,0,0,0,0,0,0,0,0,0,0,0,3000,2,0,NONE,0,,,SCRYDEX_ONLY,
CRD_8A1A1D352DA0498C9616,칠리,SAR,088/062,139884,high_confidence,31283,31283,2026-06-27,0,0,0,3,3000,3000,2,10900,8,10649,1,3900,2,4200,3100,16,3000,A_3M,28500,1.098,9.8,SNK_A_3M_FALLBACK,
CRD_D55D68F136FE4493B753,엘풍 VSTAR,HR,119/100,139851,high_confidence,8389,8389,2026-06-28,0,0,0,0,0,0,0,0,0,0,0,0,0,0,12000,1,0,NONE,0,,,SCRYDEX_ONLY,
CRD_CC7458EF5365429CB168,괴력몬 V,SR,072/067,139511,high_confidence,6484,6422,2026-06-27,0,0,0,0,0,0,0,0,0,0,0,0,0,0,13990,1,0,NONE,0,,,SCRYDEX_ONLY,
CRD_C6AC87E03F394758932B,망초,SR,081/062,140157,high_confidence,3964,4056,2026-06-27,0,0,0,0,0,0,0,0,2,8775,0,0,0,0,1000,14,0,NONE,0,,,SCRYDEX_ONLY,
CRD_1A707D9E2FC6416F96A5,돈크로우 V,SR,108/100,139847,high_confidence,2612,2551,2026-06-26,0,0,0,0,0,0,0,0,0,0,0,0,0,0,0,0,0,NONE,0,,,SCRYDEX_ONLY,
CRD_ADFEF65AFEF8421CA287,카푸꼬꼬꼭 ex,SR,077/062,140301,high_confidence,1875,1890,2026-06-27,0,0,0,0,0,0,0,0,0,0,0,0,0,0,1800,3,0,NONE,0,,,SCRYDEX_ONLY,
CRD_B44DD500D1A84B9384A5,후파 ex,SR,078/062,140302,high_confidence,3611,3519,2026-06-26,0,0,0,0,0,0,0,0,0,0,0,0,0,0,1000,3,0,NONE,0,,,SCRYDEX_ONLY,
CRD_44A4617C7F3347A2B08A,피카츄 V,RR,045/184,141046,high_confidence,2489,2535,2026-06-26,2,1025,1000,18,1502,1000,7,13800,36,13880,0,0,2,3749,1000,54,1025,A_1M,9738,0.26,-74.0,MAPPING_REVIEW,SCRYDEX_HALF_LOW
CRD_51DDA6EA64684E538750,펄스멍 V,RR,056/190,144436,high_confidence,599,553,2026-06-28,0,0,0,0,0,0,0,0,0,0,0,0,0,0,0,0,0,NONE,0,,,SCRYDEX_ONLY,
CRD_155AE57C6FB44BEF894F,아머까오 V,RR,309/414,141143,high_confidence,707,676,2026-06-28,0,0,0,0,0,0,0,0,0,0,0,0,0,0,0,0,0,NONE,0,,,SCRYDEX_ONLY,
CRD_2BCC60756DD640D68C16,두랄루돈 V,RR,122/184,141151,high_confidence,522,522,2026-06-28,0,0,0,0,0,0,0,0,0,0,0,0,0,0,0,0,0,NONE,0,,,SCRYDEX_ONLY,
CRD_53864D1A7E104131B58A,자시안 V,RR,046/060,145559,high_confidence,1260,1260,2026-06-28,0,0,0,0,0,0,0,0,0,0,0,0,0,0,5555,1,0,NONE,0,,,SCRYDEX_ONLY,
CRD_9541B98A19054E3AB2C3,다태우지네 V,CSR,218/184,141270,high_confidence,4963,4932,2026-06-28,0,0,0,0,0,0,0,0,0,0,0,0,0,0,1500,2,0,NONE,0,,,SCRYDEX_ONLY,
CRD_2D610AC70AB04D4887B7,귀뚤톡크 V,CSR,213/184,141269,high_confidence,5070,4917,2026-06-28,0,0,0,0,0,0,0,0,0,0,0,0,0,0,0,0,0,NONE,0,,,SCRYDEX_ONLY,
CRD_ED93EAA08A3044DEADE1,제라오라 V,CSR,224/184,141272,high_confidence,18714,18376,2026-06-28,0,0,0,2,2690,2580,3,8800,16,11412,0,0,1,4880,2000,29,2690,A_3M,25555,0.719,-28.1,SNK_A_3M_FALLBACK,
CRD_6FA0D89A1693401DB8FB,연격 우라오스 V,CSR,240/184,141275,high_confidence,6638,6607,2026-06-28,0,0,0,1,1850,1850,0,0,3,6500,0,0,0,0,1299,4,1850,A_3M,17575,0.376,-62.4,SNK_A_3M_FALLBACK,SCRYDEX_HALF_LOW
CRD_524170C118594AD6B7E3,다태우지네 VMAX,CSR,219/184,141271,high_confidence,10264,9803,2026-06-27,0,0,0,0,0,0,1,7699,3,7699,0,0,0,0,2000,2,0,NONE,0,,,SCRYDEX_ONLY,
CRD_2FCEBFB496E94F0CB99B,무한다이노 V,CSR,246/184,141277,high_confidence,5854,5900,2026-06-28,0,0,0,0,0,0,0,0,0,0,0,0,0,0,1500,2,0,NONE,0,,,SCRYDEX_ONLY,
CRD_4EB2410F9979486EA231,크로뱃 V,CSR,243/184,141276,high_confidence,10632,10679,2026-06-28,0,0,0,1,1500,1500,0,0,5,7500,0,0,0,0,4980,3,1500,A_3M,14250,0.749,-25.1,SNK_A_3M_FALLBACK,
CRD_5CB7DF4E7368416EB437,가라르 프리져 V,CSR,230/184,141273,high_confidence,11785,11431,2026-06-26,1,1500,1500,3,1500,1500,1,12000,9,7566,0,0,0,0,1300,5,1500,A_1M,14250,0.802,-19.8,SNK_A_1M_OK,
CRD_F21F17A22F0747FB9F82,아머까오 VMAX,CSR,249/184,141279,high_confidence,11078,10817,2026-06-28,0,0,0,0,0,0,1,7799,2,7349,0,0,0,0,1000,3,0,NONE,0,,,SCRYDEX_ONLY,
CRD_0B17CA38B6334F20B964,샹델라 V,RR,014/100,141311,high_confidence,1214,1214,2026-06-28,0,0,0,0,0,0,0,0,0,0,0,0,0,0,2000,3,0,NONE,0,,,SCRYDEX_ONLY,
CRD_4984C34823564A40A15F,대여르 V,SR,102/096,145430,high_confidence,261,10433,2026-06-28,0,0,0,0,0,0,0,0,0,0,0,0,0,0,7000,1,0,NONE,0,,,SCRYDEX_ONLY,
CRD_6692FF0A37A7473AAF6B,뮤 V,RR,039/100,141336,high_confidence,3672,3603,2026-06-26,2,1700,2200,14,2216,2200,2,15500,10,16250,0,0,0,0,1000,24,1700,A_1M,16150,0.223,-77.7,MAPPING_REVIEW,SCRYDEX_HALF_LOW
CRD_7014E3576D824D92AD07,펄스멍 V,SR,104/100,141400,high_confidence,6238,6177,2026-06-27,0,0,0,0,0,0,0,0,0,0,0,0,0,0,1100,3,0,NONE,0,,,SCRYDEX_ONLY,
CRD_54629510CAF0436F9A1E,모단단게 V,SR,103/100,141399,high_confidence,4256,4256,2026-06-28,0,0,0,0,0,0,0,0,0,0,0,0,0,0,1000,1,0,NONE,0,,,SCRYDEX_ONLY,
CRD_D36DD4F7F2DC45FBAE2B,달코퀸 V,SR,101/100,141397,high_confidence,1875,1782,2026-06-28,0,0,0,0,0,0,0,0,0,0,0,0,0,0,0,0,0,NONE,0,,,SCRYDEX_ONLY,
CRD_35DA6B31F47244C59B9A,제르네아스 BREAK,RR,097/171,387242,high_confidence,38397,38397,2026-06-28,0,0,0,0,0,0,0,0,0,0,0,0,0,0,2000,2,0,NONE,0,,,SCRYDEX_ONLY,
CRD_B8BC4E618338434C9925,더스트나 V,RR,281/414,141485,high_confidence,1291,1306,2026-06-27,0,0,0,0,0,0,0,0,0,0,0,0,0,0,0,0,0,NONE,0,,,SCRYDEX_ONLY,
CRD_A9AEC318816D44429B63,음번 V,RR,321/414,141501,high_confidence,1367,1291,2026-06-28,0,0,0,0,0,0,0,0,0,0,0,0,0,0,0,0,0,NONE,0,,,SCRYDEX_ONLY,
CRD_8603F62DAC06410E95FB,음번 V,SR,073/067,141526,high_confidence,10863,11385,2026-06-28,0,0,0,0,0,0,0,0,0,0,0,0,0,0,0,0,0,NONE,0,,,SCRYDEX_ONLY,
CRD_44B4AF270D834B16884F,루가루암 V,SR,071/067,141524,high_confidence,4917,4886,2026-06-28,0,0,0,0,0,0,0,0,0,0,0,0,0,0,2500,1,0,NONE,0,,,SCRYDEX_ONLY,
CRD_7287BB47FFDE4919A94C,루가루암 VMAX,HR,080/067,141528,high_confidence,20481,19452,2026-06-28,0,0,0,0,0,0,0,0,0,0,0,0,0,0,1000,1,0,NONE,0,,,SCRYDEX_ONLY,
CRD_6145A055ACC240FCB08D,골루그 V,SR,069/067,141523,high_confidence,10924,9941,2026-06-28,0,0,0,0,0,0,0,0,0,0,0,0,0,0,0,0,0,NONE,0,,,SCRYDEX_ONLY,
CRD_3BEEBBBA3187450DBC7E,두랄루돈 V,SR,075/067,141527,high_confidence,6530,6530,2026-06-28,0,0,0,0,0,0,0,0,0,0,0,0,0,0,12000,1,0,NONE,0,,,SCRYDEX_ONLY,
CRD_E7F30E639D2045DEA1A4,두랄루돈 VMAX,HR,082/067,141530,high_confidence,6650,0,2026-05-08,0,0,0,0,0,0,0,0,0,0,0,0,0,0,0,0,0,NONE,0,,,SCRYDEX_ONLY,
CRD_D86A3315CB974B96A9E6,귀뚤톡크 V,RR,014/414,140983,high_confidence,615,599,2026-06-28,0,0,0,0,0,0,0,0,0,0,0,0,0,0,1350,1,0,NONE,0,,,SCRYDEX_ONLY,
CRD_7DA6398AB2274B22A22D,암팰리스,AR,136/086,608506,high_confidence,5485,5455,2026-06-27,0,0,0,0,0,0,0,0,0,0,0,0,0,0,2000,2,0,NONE,0,,,SCRYDEX_ONLY,
CRD_9E509ECA5F2F4685A780,M강철톤 EX,RR,033/054,812056,high_confidence,23892,23892,2026-06-28,0,0,0,0,0,0,0,0,0,0,0,0,0,0,0,0,0,NONE,0,,,SCRYDEX_ONLY,
CRD_7B0CD02EFB474874B2F9,토네로스 V,RR,057/070,141786,high_confidence,999,1014,2026-06-28,0,0,0,0,0,0,0,0,0,0,0,0,0,0,0,0,0,NONE,0,,,SCRYDEX_ONLY,
CRD_4DC194AB4E8E4B84BD67,볼케니온 V,SR,071/070,141800,high_confidence,6115,5946,2026-06-28,0,0,0,0,0,0,0,0,0,0,0,0,0,0,0,0,0,NONE,0,,,SCRYDEX_ONLY,
CRD_4AE3AB5A697244519998,가라르 날쌩마 V,SR,074/070,141801,high_confidence,18684,18684,2026-06-28,0,0,0,0,0,0,0,0,1,5500,0,0,0,0,10000,1,0,NONE,0,,,SCRYDEX_ONLY,
CRD_28A90C6383DF4C73AFEA,아스나,HR,088/070,141807,high_confidence,22279,22187,2026-06-28,0,0,0,0,0,0,0,0,0,0,0,0,0,0,3000,4,0,NONE,0,,,SCRYDEX_ONLY,
CRD_D84EB7E9F130403F8AEA,사다이사 VMAX,HR,086/070,141805,high_confidence,10371,10371,2026-06-28,0,0,0,0,0,0,0,0,0,0,0,0,0,0,0,0,0,NONE,0,,,SCRYDEX_ONLY,
CRD_EEDFC6D249174138A328,사다이사 V,SR,076/070,141802,high_confidence,2796,2750,2026-06-28,0,0,0,0,0,0,0,0,0,0,0,0,0,0,0,0,0,NONE,0,,,SCRYDEX_ONLY,
CRD_B18EB4936D3D4C3C8F78,피오니,HR,090/070,141809,high_confidence,7667,7667,2026-06-28,0,0,0,0,0,0,0,0,0,0,0,0,0,0,0,0,0,NONE,0,,,SCRYDEX_ONLY,
CRD_3DB28C7FE7014FECAA07,의사,HR,089/070,141808,high_confidence,10755,10755,2026-06-28,0,0,0,0,0,0,0,0,0,0,0,0,0,0,0,0,0,NONE,0,,,SCRYDEX_ONLY,
CRD_942E10EF9F344296906A,세레비 V,RR,003/070,141867,high_confidence,2289,2166,2026-06-26,0,0,0,0,0,0,0,0,0,0,0,0,0,0,1000,2,0,NONE,0,,,SCRYDEX_ONLY,
CRD_C3BEA4426F934FF9A7FB,세레비 V,SR,071/070,141935,high_confidence,15319,15319,2026-06-28,0,0,0,2,1205,1400,3,13999,5,13999,0,0,0,0,1000,2,1205,A_3M,11448,1.338,33.8,SNK_A_3M_FALLBACK,
CRD_F491AB110ACC4046A312,국화,HR,089/070,141940,high_confidence,4517,4517,2026-06-27,0,0,0,0,0,0,0,0,0,0,0,0,0,0,0,0,0,NONE,0,,,SCRYDEX_ONLY,
CRD_40EA643721414CC5B8E1,해피너스 V,SR,078/070,141938,high_confidence,13751,13751,2026-06-28,0,0,0,0,0,0,0,0,0,0,0,0,0,0,0,0,0,NONE,0,,,SCRYDEX_ONLY,
CRD_F1A4D587B8EB4C4FB97A,어치르돈 V,SR,072/070,141936,high_confidence,3795,4087,2026-06-28,0,0,0,0,0,0,0,0,0,0,0,0,0,0,0,0,0,NONE,0,,,SCRYDEX_ONLY,
CRD_CD08270B66B84F70A6EE,즈미,HR,091/070,141941,high_confidence,4702,4702,2026-06-28,0,0,0,0,0,0,0,0,0,0,0,0,0,0,0,0,0,NONE,0,,,SCRYDEX_ONLY,
CRD_0606801AD7A847EF992E,번치코 V,RR,007/070,143967,high_confidence,1598,1583,2026-06-26,0,0,0,0,0,0,0,0,0,0,0,0,0,0,0,0,0,NONE,0,,,SCRYDEX_ONLY,
CRD_BF0B13F713C54C379992,파치래곤 V,RR,160/414,143983,high_confidence,999,914,2026-06-26,0,0,0,0,0,0,0,0,0,0,0,0,0,0,0,0,0,NONE,0,,,SCRYDEX_ONLY,
CRD_94284696E2874AA2AF1C,귀뚤톡크 V,SR,071/070,144121,high_confidence,8451,6868,2026-06-28,0,0,0,0,0,0,0,0,0,0,0,0,0,0,0,0,0,NONE,0,,,SCRYDEX_ONLY,
CRD_A8CA5B29C9994F09BCF9,바랜드 V,RR,349/414,144201,high_confidence,1152,1106,2026-06-28,0,0,0,0,0,0,0,0,0,0,0,0,0,0,0,0,0,NONE,0,,,SCRYDEX_ONLY,
CRD_420EDFD54C4F42DA98EE,따라큐 V,SR,073/070,144215,high_confidence,46909,46140,2026-06-28,0,0,0,2,5000,5000,2,22000,17,21800,0,0,0,0,3500,9,5000,A_3M,47500,0.971,-2.9,SNK_A_3M_FALLBACK,
CRD_4CC81C78A11A4E46AD49,마기라스 V,SR,076/070,144217,high_confidence,41485,41485,2026-06-28,0,0,0,0,0,0,0,0,2,9999,0,0,0,0,18000,1,0,NONE,0,,,SCRYDEX_ONLY,
CRD_D63C03AADD7045929DC0,카푸꼬꼬꼭 VMAX,HR,083/070,144220,high_confidence,5700,0,2026-05-08,0,0,0,0,0,0,0,0,0,0,0,0,0,0,0,0,0,NONE,0,,,SCRYDEX_ONLY,
CRD_B0077688E0674FEE8A14,시바,HR,086/070,144221,high_confidence,9956,10679,2026-06-27,0,0,0,0,0,0,0,0,0,0,0,0,0,0,0,0,0,NONE,0,,,SCRYDEX_ONLY,
CRD_4AF796183B554D43B85C,카푸꼬꼬꼭 V,SR,072/070,144214,high_confidence,8543,8543,2026-06-28,0,0,0,0,0,0,0,0,0,0,0,0,0,0,1000,1,0,NONE,0,,,SCRYDEX_ONLY,
CRD_870D077A005D4B68959B,애프룡 VMAX,HR,082/070,144219,high_confidence,8174,8174,2026-06-28,0,0,0,0,0,0,0,0,0,0,0,0,0,0,0,0,0,NONE,0,,,SCRYDEX_ONLY,
CRD_7B7C4F93D58F45928675,백솜모카 V,RR,016/190,144375,high_confidence,630,615,2026-06-28,0,0,0,0,0,0,0,0,0,0,0,0,0,0,0,0,0,NONE,0,,,SCRYDEX_ONLY,
CRD_F2E16951A6FE43BF990C,라프라스 V,RR,031/190,144397,high_confidence,1122,1076,2026-06-28,0,0,0,0,0,0,0,0,0,0,0,0,0,0,0,0,0,NONE,0,,,SCRYDEX_ONLY,
CRD_6D3C1FEF61C14F46B4C5,드래펄트 V,RR,049/096,145377,high_confidence,2443,2428,2026-06-28,0,0,0,0,0,0,0,0,0,0,0,0,0,0,0,0,0,NONE,0,,,SCRYDEX_ONLY,
CRD_DB4376253193405389B0,무한다이노 V,RR,010/028,145207,high_confidence,1644,1644,2026-06-28,0,0,0,0,0,0,0,0,0,0,0,0,0,0,0,0,0,NONE,0,,,SCRYDEX_ONLY,
CRD_37121FE6503349888A93,자시안 V,RR,137/190,144567,high_confidence,661,645,2026-06-27,0,0,0,0,0,0,0,0,0,0,0,0,0,0,7000,1,0,NONE,0,,,SCRYDEX_ONLY,
CRD_BE3F68E6C31B480581DD,배우르 V,RR,154/190,144595,high_confidence,553,538,2026-06-28,0,0,0,0,0,0,0,0,0,0,0,0,0,0,0,0,0,NONE,0,,,SCRYDEX_ONLY,
CRD_3D1DDFE22E46497299FE,에써르 V,SSR,316/190,144777,high_confidence,1798,1798,2026-06-27,0,0,0,0,0,0,0,0,0,0,0,0,0,0,12900,1,0,NONE,0,,,SCRYDEX_ONLY,
CRD_5754D3B72AA34FB4A42C,다태우지네 VMAX,SSR,310/190,144772,high_confidence,3181,3211,2026-06-26,0,0,0,0,0,0,1,6600,0,0,0,0,0,0,1000,1,0,NONE,0,,,SCRYDEX_ONLY,
CRD_D8DEBF9FF3D14AEDADAA,스트린더 V,SSR,314/190,144775,high_confidence,3273,3273,2026-06-28,0,0,0,0,0,0,0,0,0,0,0,0,0,0,2000,1,0,NONE,0,,,SCRYDEX_ONLY,
CRD_1B81F3B284534F8B8896,스트린더 VMAX,SSR,315/190,144776,high_confidence,8082,8082,2026-06-26,0,0,0,0,0,0,1,7499,0,0,0,0,0,0,1100,2,0,NONE,0,,,SCRYDEX_ONLY,
CRD_C28A0C2FB60246168A94,오롱털 VMAX,SSR,322/190,144783,high_confidence,6131,6131,2026-06-28,0,0,0,0,0,0,0,0,0,0,0,0,0,0,9999,2,0,NONE,0,,,SCRYDEX_ONLY,
CRD_8BCE857FB5F041FE942A,오롱털 V,SSR,321/190,144782,high_confidence,4425,4456,2026-06-28,0,0,0,0,0,0,0,0,0,0,0,0,0,0,1000,1,0,NONE,0,,,SCRYDEX_ONLY,
CRD_2685F2D324BF4D0495CF,대여르 V,SSR,319/190,144780,high_confidence,2889,2858,2026-06-27,0,0,0,0,0,0,0,0,0,0,0,0,0,0,2500,1,0,NONE,0,,,SCRYDEX_ONLY,
CRD_3EC2D5FC5CD94A18B44E,메타몽 VMAX,SSR,324/190,144785,high_confidence,19652,18914,2026-06-28,0,0,0,15,6400,6480,3,29500,10,34805,0,0,1,8500,2000,25,6400,A_3M,60800,0.311,-68.9,MAPPING_REVIEW,SCRYDEX_HALF_LOW
CRD_6CF9150210054C398987,배우르 V,SSR,325/190,144786,high_confidence,3027,3088,2026-06-28,0,0,0,0,0,0,0,0,0,0,0,0,0,0,1000,1,0,NONE,0,,,SCRYDEX_ONLY,
CRD_89935F355A974D4B82FD,윽우지 V,SSR,326/190,144787,high_confidence,2366,2366,2026-06-28,0,0,0,0,0,0,0,0,0,0,0,0,0,0,19990,2,0,NONE,0,,,SCRYDEX_ONLY,
CRD_72DC6FDF73B541818CBF,크로뱃 VMAX,SSR,320/190,144781,high_confidence,6945,6914,2026-06-26,0,0,0,0,0,0,0,0,2,8044,0,0,1,3000,2300,6,0,NONE,0,,,SCRYDEX_ONLY,
CRD_CA8815FCA7DF4BD3A509,드래펄트 VMAX,SSR,318/190,144779,high_confidence,5040,4978,2026-06-27,0,0,0,1,1000,1000,1,5000,2,6550,0,0,0,0,1100,4,1000,A_3M,9500,0.524,-47.6,SNK_A_3M_FALLBACK,
CRD_359332F027204F0997A9,펄스멍 V,SSR,313/190,144774,high_confidence,2074,2059,2026-06-28,0,0,0,0,0,0,0,0,0,0,0,0,0,0,12000,1,0,NONE,0,,,SCRYDEX_ONLY,
CRD_23872FA0E5334B128E5A,파이어로 V,RR,016/100,144968,high_confidence,1060,1060,2026-06-28,0,0,0,0,0,0,0,0,0,0,0,0,0,0,0,0,0,NONE,0,,,SCRYDEX_ONLY,
CRD_AD847DF3679D4F45A446,가라르 불비달마 V,RR,023/100,144975,high_confidence,1352,1352,2026-06-28,0,0,0,0,0,0,0,0,0,0,0,0,0,0,0,0,0,NONE,0,,,SCRYDEX_ONLY,
CRD_BEB0E75C862E4647B482,후딘 V,RR,041/100,144993,high_confidence,2474,2443,2026-06-26,0,0,0,0,0,0,0,0,0,0,0,0,0,0,0,0,0,NONE,0,,,SCRYDEX_ONLY,
CRD_0BCE4311895A4715B616,피카츄 V,RR,030/100,144982,high_confidence,2812,2796,2026-06-26,1,1000,1000,7,1000,1000,3,16400,16,16945,0,0,0,0,1000,14,1000,A_1M,9500,0.294,-70.6,MAPPING_REVIEW,SCRYDEX_HALF_LOW
CRD_0349CF2E05594460B06B,M보스로라 EX,RR,046/070,381591,high_confidence,15365,15365,2026-06-28,0,0,0,0,0,0,0,0,0,0,0,0,0,0,16000,2,0,NONE,0,,,SCRYDEX_ONLY,
CRD_876E648A957A44C9AE71,드래피온 V,RR,069/100,145021,high_confidence,860,830,2026-06-28,0,0,0,0,0,0,0,0,0,0,0,0,0,0,0,0,0,NONE,0,,,SCRYDEX_ONLY,
CRD_16E2995DF023409E852F,강철톤 EX,RR,032/054,387232,high_confidence,6131,6131,2026-06-28,0,0,0,0,0,0,0,0,0,0,0,0,0,0,4600,1,0,NONE,0,,,SCRYDEX_ONLY,
CRD_7EF64656A6724709BAEC,전룡 V,RR,014/076,145076,high_confidence,1475,1475,2026-06-26,0,0,0,0,0,0,0,0,0,0,0,0,0,0,0,0,0,NONE,0,,,SCRYDEX_ONLY,
CRD_CA044084B6894F7F9764,이올브 V,SR,101/100,145053,high_confidence,4763,4763,2026-06-26,0,0,0,0,0,0,0,0,0,0,0,0,0,0,0,0,0,NONE,0,,,SCRYDEX_ONLY,
CRD_7A85040155F046DBAD18,킬가르도 VMAX,HR,115/100,145061,high_confidence,4750,0,2026-05-08,0,0,0,0,0,0,0,0,0,0,0,0,0,0,0,0,0,NONE,0,,,SCRYDEX_ONLY,
CRD_D917D157475747FCB7AC,가라르 창파나이트 V,SR,106/100,145056,high_confidence,6192,5869,2026-06-28,0,0,0,0,0,0,0,0,0,0,0,0,0,0,2000,1,0,NONE,0,,,SCRYDEX_ONLY,
CRD_782CB6FCC2EE442F9402,마휘핑 V,RR,031/076,145092,high_confidence,1214,1198,2026-06-27,0,0,0,0,0,0,0,0,0,0,0,0,0,0,0,0,0,NONE,0,,,SCRYDEX_ONLY,
CRD_2FDCD42F1BBC4E4BAD11,석탄산 V,RR,042/076,145102,high_confidence,983,983,2026-06-28,0,0,0,0,0,0,0,0,0,0,0,0,0,0,0,0,0,NONE,0,,,SCRYDEX_ONLY,
CRD_3A1E35B5FF4444B49597,강철톤 V,RR,046/076,145106,high_confidence,1306,1229,2026-06-28,0,0,0,0,0,0,0,0,0,0,0,0,0,0,0,0,0,NONE,0,,,SCRYDEX_ONLY,
CRD_2E2D7916E97E4BB997FF,토게키스 V,RR,058/076,145116,high_confidence,1076,1076,2026-06-28,0,0,0,0,0,0,0,0,0,0,0,0,0,0,0,0,0,NONE,0,,,SCRYDEX_ONLY,
CRD_E7FBED3E79AE4C2C829E,전룡 V,SR,078/076,145136,high_confidence,10694,10632,2026-06-27,0,0,0,0,0,0,0,0,0,0,0,0,0,0,0,0,0,NONE,0,,,SCRYDEX_ONLY,
CRD_28E64B8B572C4910BC20,헬가 V,RR,009/100,145152,high_confidence,2827,2812,2026-06-28,0,0,0,0,0,0,0,0,0,0,0,0,0,0,0,0,0,NONE,0,,,SCRYDEX_ONLY,
CRD_67AC53C3B7C24162A902,오팔,HR,091/076,145142,high_confidence,3549,3549,2026-06-27,0,0,0,0,0,0,0,0,0,0,0,0,0,0,0,0,0,NONE,0,,,SCRYDEX_ONLY,
CRD_90098D3232834F4891B5,강철톤 V,SR,081/076,145138,high_confidence,4809,4794,2026-06-28,0,0,0,0,0,0,0,0,0,0,0,0,0,0,0,0,0,NONE,0,,,SCRYDEX_ONLY,
CRD_05D7F2E3587346D5BC44,토게키스 V,SR,082/076,145139,high_confidence,6484,6484,2026-06-28,0,0,0,0,0,0,0,0,0,0,0,0,0,0,0,0,0,NONE,0,,,SCRYDEX_ONLY,
CRD_2ACE89E68BFA4F5BA7C3,석탄산 V,SR,080/076,145137,high_confidence,4241,4241,2026-06-27,0,0,0,0,0,0,0,0,0,0,0,0,0,0,0,0,0,NONE,0,,,SCRYDEX_ONLY,
CRD_5468B5F7E7644C059874,석탄산 VMAX,HR,087/076,145140,high_confidence,13828,13828,2026-06-28,0,0,0,0,0,0,0,0,0,0,0,0,0,0,0,0,0,NONE,0,,,SCRYDEX_ONLY,
CRD_4D987972880E4502ACD0,가라르 산호르곤 V,RR,043/100,145186,high_confidence,2136,2259,2026-06-28,0,0,0,0,0,0,0,0,0,0,0,0,0,0,0,0,0,NONE,0,,,SCRYDEX_ONLY,
CRD_315BCF529A824490A671,거대코뿌리 V,RR,049/100,145192,high_confidence,2397,2397,2026-06-28,0,0,0,0,0,0,0,0,0,0,0,0,0,0,0,0,0,NONE,0,,,SCRYDEX_ONLY,
CRD_DB63CA7CA3E74E61A7ED,보만다 V,RR,080/100,145223,high_confidence,2105,2105,2026-06-26,0,0,0,0,0,0,0,0,0,0,0,0,0,0,0,0,0,NONE,0,,,SCRYDEX_ONLY,
CRD_14DDFE1E600A4BAF8E70,헬가 V,SR,101/100,145244,high_confidence,13536,13536,2026-06-26,0,0,0,0,0,0,0,0,0,0,0,0,0,0,0,0,0,NONE,0,,,SCRYDEX_ONLY,
CRD_4B75B995CF8948918B35,핫삼 VMAX,HR,113/100,145251,high_confidence,23969,21972,2026-06-26,1,9999,9999,0,0,0,0,0,0,0,0,0,0,0,0,0,9999,A_1M,94990,0.231,-76.9,MAPPING_REVIEW,SCRYDEX_HALF_LOW
CRD_B55AAC9C8A6C490FB575,갈가부기 V,SR,102/100,145245,high_confidence,2812,2842,2026-06-28,0,0,0,0,0,0,0,0,0,0,0,0,0,0,0,0,0,NONE,0,,,SCRYDEX_ONLY,
CRD_3A840E756D3946778BD9,버터플 V,RR,001/070,145253,high_confidence,3396,3242,2026-06-27,0,0,0,0,0,0,0,0,0,0,0,0,0,0,0,0,0,NONE,0,,,SCRYDEX_ONLY,
CRD_39360915366347AFB75F,가디안 V,RR,030/070,145281,high_confidence,4917,4917,2026-06-28,0,0,0,0,0,0,0,0,0,0,0,0,0,0,1000,2,0,NONE,0,,,SCRYDEX_ONLY,
CRD_F99BBE338E8843F887F4,심향의 칠색조 ex,SAR,086/063,525751,high_confidence,194964,187266,2026-06-28,3,28900,30000,16,30999,30000,20,44770,59,46200,0,0,4,22999,23000,54,28900,A_1M,274550,0.682,-31.8,SNK_A_1M_OK,
CRD_E708EA2A576B45D59B4D,로즈,HR,116/100,145252,high_confidence,7667,7667,2026-06-28,0,0,0,0,0,0,0,0,0,0,0,0,0,0,0,0,0,NONE,0,,,SCRYDEX_ONLY,
CRD_BC2AD209CF444EE7A541,케오퍼스 V,RR,045/070,145296,high_confidence,1736,1736,2026-06-27,0,0,0,0,0,0,0,0,0,0,0,0,0,0,0,0,0,NONE,0,,,SCRYDEX_ONLY,
CRD_CD4119F42E874BCAAF3B,가라르 메더 V,RR,055/070,145306,high_confidence,1045,1029,2026-06-28,0,0,0,0,0,0,0,0,0,0,0,0,0,0,0,0,0,NONE,0,,,SCRYDEX_ONLY,
CRD_8AEA98061B9A431CAA79,케오퍼스 V,SR,075/070,145324,high_confidence,9526,9526,2026-06-28,0,0,0,0,0,0,0,0,0,0,0,0,0,0,0,0,0,NONE,0,,,SCRYDEX_ONLY,
CRD_13997FDA2FAB493982D6,가라르 메더 V,SR,076/070,145325,high_confidence,1536,1536,2026-06-28,0,0,0,0,0,0,0,0,0,0,0,0,0,0,0,0,0,NONE,0,,,SCRYDEX_ONLY,
CRD_99F4E975DD944ADE96D9,다태우지네 V,SR,072/070,145323,high_confidence,7636,7636,2026-06-28,0,0,0,0,0,0,0,0,0,0,0,0,0,0,0,0,0,NONE,0,,,SCRYDEX_ONLY,
CRD_2A8D1058C4D1432DA733,버터플 V,SR,071/070,145322,high_confidence,8067,8067,2026-06-28,0,0,0,0,0,0,0,0,0,0,0,0,0,0,0,0,0,NONE,0,,,SCRYDEX_ONLY,
CRD_6ECF390F7DB845A393E9,다태우지네 VMAX,HR,080/070,145326,high_confidence,14704,14704,2026-06-28,0,0,0,0,0,0,0,0,0,0,0,0,0,0,0,0,0,NONE,0,,,SCRYDEX_ONLY,
CRD_7EE4D1F73DD34E3E8CA6,포켓몬 브리더의 육성,HR,083/070,145328,high_confidence,18438,18438,2026-06-28,0,0,0,0,0,0,0,0,0,0,0,0,0,0,0,0,0,NONE,0,,,SCRYDEX_ONLY,
CRD_6B42108B80C945BCA671,백솜모카 V,RR,010/096,145338,high_confidence,1367,1367,2026-06-28,0,0,0,0,0,0,0,0,0,0,0,0,0,0,0,0,0,NONE,0,,,SCRYDEX_ONLY,
CRD_822997E0527747B387C1,순무,HR,082/070,145327,high_confidence,9634,9634,2026-06-28,0,0,0,0,0,0,0,0,0,0,0,0,0,0,0,0,0,NONE,0,,,SCRYDEX_ONLY,
CRD_BB2AE88D795B4BC39A64,나인테일 V,RR,013/096,145341,high_confidence,4656,4809,2026-06-28,0,0,0,0,0,0,0,0,0,0,0,0,0,0,0,0,0,NONE,0,,,SCRYDEX_ONLY,
CRD_DDA4F682B05845128805,칼라마네로 V,RR,070/096,145398,high_confidence,2335,2366,2026-06-28,0,0,0,0,0,0,0,0,0,0,0,0,0,0,0,0,0,NONE,0,,,SCRYDEX_ONLY,
CRD_6D25064181064465A018,백솜모카 V,SR,097/096,145425,high_confidence,7483,7483,2026-06-25,0,0,0,0,0,0,0,0,0,0,0,0,0,0,3000,1,0,NONE,0,,,SCRYDEX_ONLY,
CRD_1F2F5DBD379C4E56A95F,나인테일 V,SR,098/096,145426,high_confidence,22970,22970,2026-06-28,0,0,0,0,0,0,0,0,0,0,0,0,0,0,22000,1,0,NONE,0,,,SCRYDEX_ONLY,
CRD_AADC70B1F06B46E196C2,대왕끼리동 VMAX,HR,110/096,145435,high_confidence,10740,10740,2026-06-27,0,0,0,0,0,0,0,0,0,0,0,0,0,0,0,0,0,NONE,0,,,SCRYDEX_ONLY,
CRD_C5DD719E8CEF486891DB,대왕끼리동 V,SR,104/096,145432,high_confidence,7298,7298,2026-06-28,0,0,0,0,0,0,0,0,0,0,0,0,0,0,0,0,0,NONE,0,,,SCRYDEX_ONLY,
CRD_FC4C68E9A71046EC9744,스트린더 VMAX,HR,107/096,145433,high_confidence,18407,18407,2026-06-28,0,0,0,0,0,0,0,0,0,0,0,0,0,0,0,0,0,NONE,0,,,SCRYDEX_ONLY,
CRD_4F48AF7F7CD84E0EA0B1,스트린더 V,SR,100/096,145428,high_confidence,4579,4579,2026-06-28,0,0,0,0,0,0,0,0,0,0,0,0,0,0,0,0,0,NONE,0,,,SCRYDEX_ONLY,
CRD_0F66DA7EFE8642B8BEC7,에이스번 V,RR,016/070,145451,high_confidence,1152,1152,2026-06-28,0,0,0,0,0,0,0,0,0,0,0,0,0,0,0,0,0,NONE,0,,,SCRYDEX_ONLY,
CRD_D19E69BE367A43128A5D,사다이사 V,RR,046/070,145481,high_confidence,1106,1060,2026-06-28,0,0,0,0,0,0,0,0,0,0,0,0,0,0,0,0,0,NONE,0,,,SCRYDEX_ONLY,
CRD_08372C116D1A44CE82AB,에이스번 V,SR,072/070,145507,high_confidence,6730,1152,2026-06-27,0,0,0,0,0,0,0,0,0,0,0,0,0,0,0,0,0,NONE,0,,,SCRYDEX_ONLY,
CRD_3FA487AFC9CD43388FA7,고릴타 V,SR,071/070,145506,high_confidence,5347,5347,2026-06-28,0,0,0,0,0,0,0,0,0,0,0,0,0,0,0,0,0,NONE,0,,,SCRYDEX_ONLY,
CRD_FE519E8935A64B4F9C41,배우르 V,RR,062/070,145497,high_confidence,2320,2320,2026-06-28,0,0,0,0,0,0,0,0,0,0,0,0,0,0,0,0,0,NONE,0,,,SCRYDEX_ONLY,
CRD_3AD11F4FC02E4D89B3FA,펄스멍 V,SR,074/070,145509,high_confidence,7129,7421,2026-06-28,0,0,0,0,0,0,0,0,0,0,0,0,0,0,1000,1,0,NONE,0,,,SCRYDEX_ONLY,
CRD_2BA1CDC0E4B94B79A0AC,배우르 V,SR,076/070,145511,high_confidence,8835,8835,2026-06-28,0,0,0,0,0,0,0,0,0,0,0,0,0,0,0,0,0,NONE,0,,,SCRYDEX_ONLY,
CRD_6C3E5BD53EFB49EC967E,타타륜 V,RR,004/060,145517,high_confidence,2935,2935,2026-06-28,0,0,0,0,0,0,0,0,0,0,0,0,0,0,0,0,0,NONE,0,,,SCRYDEX_ONLY,
CRD_17CAF561E8804762B993,순무,HR,083/070,145513,high_confidence,7667,7667,2026-06-27,0,0,0,0,0,0,0,0,0,0,0,0,0,0,0,0,0,NONE,0,,,SCRYDEX_ONLY,
CRD_ABB584CF354344D0820F,팬텀 ex,RR,445/742,180170,high_confidence,7744,7559,2026-06-28,0,0,0,7,1150,1000,12,11462,53,9800,1,4000,13,3000,1000,35,1150,A_3M,10925,0.692,-30.8,SNK_A_3M_FALLBACK,
CRD_3FA675F84C674401A71D,마자용 V,RR,026/060,145539,high_confidence,3012,3012,2026-06-28,0,0,0,0,0,0,0,0,0,0,0,0,0,0,0,0,0,NONE,0,,,SCRYDEX_ONLY,
CRD_995C2B2D683845B693C1,돌헨진 V,RR,034/060,145547,high_confidence,1905,1905,2026-06-28,0,0,0,0,0,0,0,0,0,0,0,0,0,0,0,0,0,NONE,0,,,SCRYDEX_ONLY,
CRD_CBCB333E225D4F5DA095,타타륜 V,SR,061/060,145574,high_confidence,6100,6100,2026-06-26,0,0,0,0,0,0,0,0,0,0,0,0,0,0,0,0,0,NONE,0,,,SCRYDEX_ONLY,
CRD_E4D0E0A32E434B4396AD,박사의 연구(매그놀리아박사),HR,071/060,145582,high_confidence,13890,15365,2026-06-28,0,0,0,0,0,0,0,0,0,0,0,0,0,0,0,0,0,NONE,0,,,SCRYDEX_ONLY,
CRD_8D374F0FF05C482F87FA,라프라스 V,SR,062/060,145575,high_confidence,13613,13613,2026-06-28,0,0,0,0,0,0,0,0,0,0,0,0,0,0,0,0,0,NONE,0,,,SCRYDEX_ONLY,
CRD_11B89035B69F4696A10B,자시안 V,SR,065/060,145578,high_confidence,17746,17746,2026-06-28,0,0,0,0,0,0,0,0,0,0,0,0,0,0,17000,2,0,NONE,0,,,SCRYDEX_ONLY,
CRD_25C4E5DDBD5348CBACD3,윽우지 V,SR,066/060,145579,high_confidence,8835,8835,2026-06-28,0,0,0,0,0,0,0,0,0,0,0,0,0,0,9800,1,0,NONE,0,,,SCRYDEX_ONLY,
CRD_06D78B5B12AC4475BDA5,돌헨진 VMAX,HR,070/060,145581,high_confidence,16425,16425,2026-06-28,0,0,0,0,0,0,0,0,0,0,0,0,0,0,0,0,0,NONE,0,,,SCRYDEX_ONLY,
CRD_7E87AB5F7DF14D8F97A0,라프라스 VMAX,HR,069/060,145580,high_confidence,10786,10786,2026-06-28,0,0,0,0,0,0,0,0,0,0,0,0,0,0,0,0,0,NONE,0,,,SCRYDEX_ONLY,
CRD_70943598653E422CB652,마자용 V,SR,063/060,145576,high_confidence,9895,9649,2026-06-28,0,0,0,0,0,0,0,0,0,0,0,0,0,0,0,0,0,NONE,0,,,SCRYDEX_ONLY,
CRD_6A49D65CBD7D467DA753,돌헨진 V,SR,064/060,145577,high_confidence,2305,3073,2026-06-28,0,0,0,0,0,0,0,0,0,0,0,0,0,0,0,0,0,NONE,0,,,SCRYDEX_ONLY,
CRD_AFD5B4C57E4049A59C23,루기아 EX,RR,068/081,385493,high_confidence,32251,32251,2026-06-28,0,0,0,0,0,0,1,27000,6,24800,0,0,0,0,7777,4,0,NONE,0,,,SCRYDEX_ONLY,
CRD_63D4879876974E509121,카디나르마 ex,RR,015/066,146980,high_confidence,492,492,2026-06-27,0,0,0,0,0,0,0,0,0,0,0,0,0,0,1000,1,0,NONE,0,,,SCRYDEX_ONLY,
CRD_FE896876501E400DB1B9,파밀리쥐 ex,RR,057/066,146992,high_confidence,999,1060,2026-06-27,0,0,0,0,0,0,0,0,0,0,0,0,0,0,1000,5,0,NONE,0,,,SCRYDEX_ONLY,
CRD_EAEF2BC7191547CEAF83,파비코,AR,076/066,146996,high_confidence,13690,12399,2026-06-26,1,1980,1980,1,1980,1980,1,15500,3,7200,0,0,1,2500,3000,2,1980,A_1M,18810,0.659,-34.1,SNK_A_1M_OK,
CRD_7F62D48BBF5543A99063,스트린더 ex,RR,040/066,148928,high_confidence,492,492,2026-06-27,0,0,0,0,0,0,0,0,0,0,0,0,0,0,1000,5,0,NONE,0,,,SCRYDEX_ONLY,
CRD_B03010105C7A46FDAE73,무쇠보따리,AR,071/066,148932,high_confidence,3273,3073,2026-06-27,0,0,0,0,0,0,0,0,0,0,0,0,0,0,1000,2,0,NONE,0,,,SCRYDEX_ONLY,
CRD_EBD42C41C2234325941E,무쇠무인 ex,SAR,089/066,148935,high_confidence,37413,37229,2026-06-26,0,0,0,1,4000,4000,4,9999,10,10000,0,0,1,2900,2980,16,4000,A_3M,38000,0.98,-2.0,SNK_A_3M_FALLBACK,
CRD_E7395C5E013648CCB64B,땅을기는날개,AR,074/066,148945,high_confidence,3688,3273,2026-06-27,0,0,0,0,0,0,4,6769,7,6738,0,0,0,0,1000,9,0,NONE,0,,,SCRYDEX_ONLY,
CRD_ABBEF153A31344B5ACCA,우렁찬꼬리,AR,071/066,148944,high_confidence,7544,7344,2026-06-27,0,0,0,0,0,0,1,7000,3,7500,0,0,0,0,1000,5,0,NONE,0,,,SCRYDEX_ONLY,
CRD_822A7803FD9A4D9495AC,치라치노,AR,158/086,608525,high_confidence,26965,26796,2026-06-28,0,0,0,0,0,0,4,8682,6,8682,0,0,0,0,2222,8,0,NONE,0,,,SCRYDEX_ONLY,
CRD_F7BCF5E1535E4E9C8BBE,콜로솔트,AR,073/066,151709,high_confidence,3303,3242,2026-06-26,0,0,0,0,0,0,1,6666,3,6666,1,3000,1,3000,1000,5,0,NONE,0,,,SCRYDEX_ONLY,
CRD_AA70617DE38A4AB8A0AC,줄뮤마,AR,072/066,151706,high_confidence,4825,4348,2026-06-28,0,0,0,0,0,0,2,6900,6,6890,0,0,0,0,1000,5,0,NONE,0,,,SCRYDEX_ONLY,
CRD_76057B536C1E494D9DD9,리자몽 ex,SSR,331/190,151753,high_confidence,27119,26934,2026-06-27,4,2800,2800,36,3500,2800,20,15083,75,17950,6,4450,12,4900,1999,97,2800,A_1M,26600,1.013,1.3,SNK_A_1M_OK,
CRD_A89A6F539FAC4AC7ADA2,무쇠무인 ex,SR,080/066,152768,high_confidence,2673,2612,2026-06-26,0,0,0,0,0,0,0,0,0,0,0,0,0,0,1100,3,0,NONE,0,,,SCRYDEX_ONLY,
CRD_9A4B2959A70847CFA3F5,에이팜,AR,075/066,152766,high_confidence,11462,7483,2026-06-26,0,0,0,0,0,0,2,6589,7,6890,0,0,0,0,1000,2,0,NONE,0,,,SCRYDEX_ONLY,
CRD_E199C322E0DF4D0A881B,무쇠손 ex,SR,079/066,152767,high_confidence,1813,1859,2026-06-27,0,0,0,0,0,0,0,0,0,0,0,0,0,0,1000,4,0,NONE,0,,,SCRYDEX_ONLY,
CRD_715FB49EC8004D6DAD2F,파밀리쥐 ex,SR,084/066,152772,high_confidence,21050,19698,2026-06-27,2,1500,1500,3,1500,1500,0,0,0,0,0,0,0,0,1800,8,1500,A_1M,14250,1.382,38.2,SNK_A_1M_OK,
CRD_CFE73FBE9D9E4EB0A6BA,스트린더 ex,SR,081/066,152769,high_confidence,2535,2581,2026-06-27,0,0,0,0,0,0,1,6450,1,6450,0,0,0,0,1000,3,0,NONE,0,,,SCRYDEX_ONLY,
CRD_DA8736447EB24766A712,갑주무사 ex,SR,081/066,152783,high_confidence,2044,2028,2026-06-28,0,0,0,0,0,0,0,0,1,6500,0,0,0,0,1000,2,0,NONE,0,,,SCRYDEX_ONLY,
CRD_A5D2567F7CE3427BA8CF,종길,SR,087/066,152786,high_confidence,1721,1782,2026-06-27,0,0,0,0,0,0,0,0,0,0,0,0,0,0,1000,3,0,NONE,0,,,SCRYDEX_ONLY,
CRD_7115A416A282440CAC93,고동치는달 ex,UR,093/066,152791,high_confidence,12061,12061,2026-06-27,0,0,0,2,2850,3500,4,10933,5,10887,0,0,0,0,3000,11,2850,A_3M,27075,0.445,-55.5,SNK_A_3M_FALLBACK,SCRYDEX_HALF_LOW
CRD_CE12D0712CDA406DA3C5,카디나르마 ex,SR,079/066,152782,high_confidence,2873,2873,2026-06-27,0,0,0,0,0,0,0,0,0,0,0,0,0,0,1000,4,0,NONE,0,,,SCRYDEX_ONLY,
CRD_6D3728BAC7354E489BA7,멜로코,SAR,091/066,152790,high_confidence,28287,28287,2026-06-27,0,0,0,1,2800,2800,8,10000,25,10316,1,4000,4,4000,2500,26,2800,A_3M,26600,1.063,6.3,SNK_A_3M_FALLBACK,
CRD_FCBEA5D75C674EA88554,무쇠무인 ex,UR,093/066,152776,high_confidence,10786,10694,2026-06-27,0,0,0,0,0,0,0,0,1,7500,0,0,0,0,1500,5,0,NONE,0,,,SCRYDEX_ONLY,
CRD_F219617CBAE84E76BDFA,데스니칸 ex,SR,082/066,152784,high_confidence,2673,2689,2026-06-27,0,0,0,0,0,0,1,6200,1,6200,0,0,0,0,1777,4,0,NONE,0,,,SCRYDEX_ONLY,
CRD_E9D3C1D6A844432A836F,모래털가죽 ex,SAR,089/066,152788,high_confidence,13844,13859,2026-06-27,1,1000,1000,1,1000,1000,0,0,1,7200,0,0,0,0,1499,3,1000,A_1M,9500,1.459,45.9,SNK_A_1M_OK,
CRD_B08CE2F4339B49479056,가디안 ex,RR,082/190,156432,high_confidence,615,561,2026-06-26,0,0,0,0,0,0,0,0,0,0,0,0,0,0,1000,7,0,NONE,0,,,SCRYDEX_ONLY,
CRD_E736F5863DF84C0B836A,무쇠바퀴 ex,SSR,333/190,160151,high_confidence,907,953,2026-06-27,0,0,0,0,0,0,2,6350,4,6500,0,0,0,0,1000,6,0,NONE,0,,,SCRYDEX_ONLY,
CRD_6A0E78B2E87B4CA88D98,가디안 ex,SSR,328/190,160148,high_confidence,8036,8036,2026-06-28,3,1200,1200,4,1149,1200,6,7695,22,7900,1,3000,1,3000,1000,14,1200,A_1M,11400,0.705,-29.5,SNK_A_1M_OK,
CRD_96D925F04AA34FDBB8F1,육파리 ex,SSR,322/190,160956,high_confidence,1337,1490,2026-06-26,0,0,0,0,0,0,1,6990,2,6745,0,0,0,0,1000,7,0,NONE,0,,,SCRYDEX_ONLY,
CRD_7AD3E7B95A594FFEABE6,뮤 ex,SAR,347/190,164250,high_confidence,767825,747620,2026-06-28,11,85000,72000,30,85375,72000,31,144300,87,151824,10,67566,21,71500,59000,98,85000,A_1M,807500,0.926,-7.4,SNK_A_1M_OK,
CRD_AB903AFCBCE64F1B90B8,미라이돈 ex,UR,358/190,164709,high_confidence,10586,9157,2026-06-27,0,0,0,0,0,0,1,9200,5,9600,0,0,0,0,1500,5,0,NONE,0,,,SCRYDEX_ONLY,
CRD_D602385974EB459BA404,후딘 ex,SSR,326/190,164703,high_confidence,2551,2566,2026-06-28,0,0,0,1,1000,1000,2,8895,4,9000,0,0,1,3200,1000,9,1000,A_3M,9500,0.27,-73.0,MAPPING_REVIEW,SCRYDEX_HALF_LOW
CRD_BE9FEC8AE3E9478EB79E,무쇠감투 ex,RR,361/742,172006,high_confidence,446,384,2026-06-27,0,0,0,0,0,0,0,0,0,0,0,0,0,0,1001,1,0,NONE,0,,,SCRYDEX_ONLY,
CRD_DD0DF5ACA37B41DF8B8C,날개치는머리,AR,076/071,179804,high_confidence,3088,3150,2026-06-28,0,0,0,0,0,0,3,6900,5,6900,0,0,0,0,1000,5,0,NONE,0,,,SCRYDEX_ONLY,
CRD_D229BF26FFF94E27A4FE,란쿨루스,AR,075/071,179803,high_confidence,7559,7221,2026-06-28,0,0,0,0,0,0,3,7200,9,6799,0,0,0,0,1000,3,0,NONE,0,,,SCRYDEX_ONLY,
CRD_A5BC4873149245CAB6B3,바닥트리오 ex,RR,025/071,180165,high_confidence,430,399,2026-06-26,0,0,0,0,0,0,0,0,0,0,0,0,0,0,1000,1,0,NONE,0,,,SCRYDEX_ONLY,
CRD_7A64F020EDC04ED89C1D,다탱구,AR,072/071,180200,high_confidence,4410,4379,2026-06-26,0,0,0,0,0,0,3,6800,10,6800,0,0,1,2444,1000,5,0,NONE,0,,,SCRYDEX_ONLY,
CRD_830056EB54D14AF28E1A,무쇠감투 ex,SAR,094/071,180202,high_confidence,49813,47907,2026-06-28,2,4999,3999,7,3500,3999,5,9980,17,9500,0,0,0,0,4000,5,4999,A_1M,47490,1.009,0.9,SNK_A_1M_OK,
CRD_667E09D4457B4159ACB6,비파,SR,090/071,183378,high_confidence,2597,2889,2026-06-27,0,0,0,0,0,0,0,0,0,0,0,0,1,3000,1000,2,0,NONE,0,,,SCRYDEX_ONLY,
CRD_7198FCCE27034FF78404,유빈의 확신,SAR,097/071,184103,high_confidence,71250,0,2026-05-08,3,9500,10166,8,8500,10166,13,38325,30,27900,2,7400,10,6750,5500,27,9500,A_1M,90250,,,SNK_A_1M_OK,
CRD_791572148F7B4CA19F63,누니머기,AR,073/071,184100,high_confidence,7083,6300,2026-06-27,0,0,0,0,0,0,2,7250,5,6900,0,0,0,0,0,0,0,NONE,0,,,SCRYDEX_ONLY,
CRD_E0FCA833B512419795E3,할비롱,AR,083/071,184143,high_confidence,16333,15641,2026-06-28,1,1000,1000,1,1000,1000,1,6850,3,7700,0,0,1,2000,1000,2,1000,A_1M,9500,1.646,64.6,SNK_A_1M_OK,
CRD_A9D7A6D3DC694E4280F3,사철록,AR,073/071,184141,high_confidence,28563,27119,2026-06-28,1,8800,8800,2,4900,8800,5,8200,17,8250,0,0,0,0,3800,4,8800,A_1M,83600,0.324,-67.6,MAPPING_REVIEW,SCRYDEX_HALF_LOW
CRD_BCAD270973224770B3FD,팬텀 ex,SR,088/071,186243,high_confidence,51395,49782,2026-06-28,3,8450,8259,20,8500,8259,18,24283,68,27294,0,0,8,7450,6480,64,8450,A_1M,80275,0.62,-38.0,SNK_A_1M_OK,
CRD_88DD4F24CABA4B66939C,냐오불,AR,075/071,186244,high_confidence,22371,20942,2026-06-27,0,0,0,2,1100,1200,5,7000,10,6999,0,0,0,0,1000,8,1100,A_3M,10450,2.004,100.4,SNK_A_3M_FALLBACK,SCRYDEX_2X_HIGH
CRD_7CBE310A1C2F411F889F,탐험가의 선도,SR,092/071,186435,high_confidence,1460,1414,2026-06-27,0,0,0,0,0,0,0,0,0,0,0,0,0,0,0,0,0,NONE,0,,,SCRYDEX_ONLY,
CRD_6D79DA4384654ADFAD71,무쇠감투 ex,SR,086/071,186448,high_confidence,2182,2151,2026-06-27,0,0,0,0,0,0,0,0,0,0,0,0,0,0,1000,6,0,NONE,0,,,SCRYDEX_ONLY,
CRD_F878464C76304FFF8660,핫삼 ex,SR,089/071,186451,high_confidence,3964,4225,2026-06-28,1,1000,1000,0,0,0,0,0,0,0,0,0,0,0,0,0,1000,A_1M,9500,0.445,-55.5,SNK_A_1M_OK,SCRYDEX_HALF_LOW
CRD_D4CFC33A07144C65A793,멜탄,AR,081/071,186444,high_confidence,3227,3204,2026-06-26,0,0,0,0,0,0,2,6800,3,6800,0,0,0,0,1000,13,0,NONE,0,,,SCRYDEX_ONLY,
CRD_76AE8067C83542EF95BB,꿰뚫는화염 ex,UR,098/071,186438,high_confidence,10279,10202,2026-06-27,0,0,0,3,3000,3000,1,13000,1,13000,0,0,1,4400,2999,6,3000,A_3M,28500,0.358,-64.2,SNK_A_3M_FALLBACK,SCRYDEX_HALF_LOW
CRD_E0CDED654814435D8051,에블리,AR,078/071,186441,high_confidence,3872,4087,2026-06-26,0,0,0,0,0,0,2,7350,4,6850,0,0,1,2300,2000,7,0,NONE,0,,,SCRYDEX_ONLY,
CRD_DBA4E957DBAD4886B117,세이지,SR,091/071,186452,high_confidence,1275,1337,2026-06-27,0,0,0,0,0,0,1,6000,1,6000,0,0,0,0,1000,2,0,NONE,0,,,SCRYDEX_ONLY,
CRD_6D101670C47A4618BA64,무쇠암석 ex,UR,100/071,186456,high_confidence,7667,7314,2026-06-27,0,0,0,0,0,0,1,18000,3,14800,0,0,0,0,3500,2,0,NONE,0,,,SCRYDEX_ONLY,
CRD_75B112D50ACB4C48BD78,세이지,SAR,097/071,186453,high_confidence,15964,16041,2026-06-28,0,0,0,2,1849,1899,0,0,0,0,0,0,0,0,1800,3,1849,A_3M,17566,0.913,-8.7,SNK_A_3M_FALLBACK,
CRD_B64ABBE03E224573AFE8,무쇠잎새 ex,UR,098/071,186454,high_confidence,9357,9357,2026-06-27,0,0,0,0,0,0,1,7880,2,7840,0,0,0,0,3000,1,0,NONE,0,,,SCRYDEX_ONLY,
CRD_F620A35C87F249DD80D6,초염몽,AR,070/066,210034,high_confidence,6914,6315,2026-06-27,0,0,0,1,1000,1000,4,7939,18,7350,0,0,0,0,1000,26,1000,A_3M,9500,0.665,-33.5,SNK_A_3M_FALLBACK,
CRD_A2E2C941F5B941E8996D,수련의 돌봄,SR,087/066,221942,high_confidence,5378,5224,2026-06-27,0,0,0,1,2500,2500,2,10349,4,10490,3,3800,5,4200,1500,22,2500,A_3M,23750,0.22,-78.0,MAPPING_REVIEW,SCRYDEX_HALF_LOW
CRD_8CFF71200EEC47DAB5B2,세류,SAR,092/066,224088,high_confidence,164465,158503,2026-06-27,6,10899,11000,16,10899,11000,10,29579,41,26000,1,8788,7,9800,9500,26,10899,A_1M,103540,1.531,53.1,SNK_A_1M_OK,
CRD_D1D4CE75EC474976A7DF,코터스,AR,069/066,227625,high_confidence,3549,3472,2026-06-26,0,0,0,0,0,0,1,6999,12,6550,0,0,0,0,1000,5,0,NONE,0,,,SCRYDEX_ONLY,
CRD_79C908702D7C4C89A247,그우린차 ex,SR,079/066,227629,high_confidence,1890,2044,2026-06-27,0,0,0,0,0,0,0,0,0,0,0,0,0,0,1000,4,0,NONE,0,,,SCRYDEX_ONLY,
CRD_B550CAAE1FA843B28C47,관리인,SR,085/066,227635,high_confidence,1644,1675,2026-06-27,0,0,0,0,0,0,0,0,0,0,0,0,0,0,1000,1,0,NONE,0,,,SCRYDEX_ONLY,
CRD_D3E88C25E8B642E3BF45,우렁찬꼬리 ex,SR,082/066,227632,high_confidence,2335,2397,2026-06-27,0,0,0,0,0,0,2,7000,2,7000,0,0,0,0,6500,3,0,NONE,0,,,SCRYDEX_ONLY,
CRD_8913A16F0C89452791C5,개굴닌자 ex,SR,083/066,227633,high_confidence,11954,11846,2026-06-28,0,0,0,3,3000,12000,9,10000,37,10299,1,2800,2,6150,2388,27,3000,A_3M,28500,0.416,-58.4,SNK_A_3M_FALLBACK,SCRYDEX_HALF_LOW
CRD_6A6D79F1AA404CF998CD,그우린차 ex,SAR,089/066,227637,high_confidence,28655,26919,2026-06-27,2,1944,2000,4,1594,2000,0,0,0,0,0,0,0,0,0,0,1944,A_1M,18468,1.458,45.8,SNK_A_1M_OK,
CRD_684A3F96ECB64020B759,마그카르고 ex,SR,080/066,227630,high_confidence,1813,1813,2026-06-27,0,0,0,0,0,0,0,0,0,0,0,0,0,0,1000,5,0,NONE,0,,,SCRYDEX_ONLY,
CRD_EF5C5CC933FE4D72BAF1,으랏차,AR,109/101,245820,high_confidence,3995,3695,2026-06-26,0,0,0,0,0,0,4,6800,10,6800,0,0,0,0,6890,4,0,NONE,0,,,SCRYDEX_ONLY,
CRD_EA905CA3CB62491A8008,오거폰 화덕의 가면 ex,SAR,126/101,246359,high_confidence,15319,14950,2026-06-27,0,0,0,1,1800,1800,1,8800,1,8800,0,0,0,0,1900,3,1800,A_3M,17100,0.874,-12.6,SNK_A_3M_FALLBACK,
CRD_79249DEC98634364B4D5,시유,SR,122/101,251918,high_confidence,11862,11308,2026-06-27,0,0,0,4,2830,2860,0,0,2,10449,0,0,2,2599,1780,10,2830,A_3M,26885,0.421,-57.9,SNK_A_3M_FALLBACK,SCRYDEX_HALF_LOW
CRD_6FAA2DCA23D240FBBABF,세레비&이상해꽃 GX,RR,001/095,257910,high_confidence,26412,24937,2026-06-26,2,2499,2999,3,2999,2999,7,13650,18,13250,1,5000,3,4999,4000,24,2499,A_1M,23740,1.05,5.0,SNK_A_1M_OK,
CRD_A5262AA512774BD48654,오거폰 벽록의 가면 ex,SR,114/101,256066,high_confidence,3565,3565,2026-06-27,0,0,0,1,1000,1000,1,7680,1,7680,0,0,0,0,0,0,1000,A_3M,9500,0.375,-62.5,SNK_A_3M_FALLBACK,SCRYDEX_HALF_LOW
CRD_C6416A62FDD4411AB1F8,오거폰 벽록의 가면 ex,UR,131/101,256075,high_confidence,12937,12830,2026-06-27,0,0,0,0,0,0,1,15000,1,15000,0,0,0,0,1820,3,0,NONE,0,,,SCRYDEX_ONLY,
CRD_73D90A06E6DB40DDAA41,드래펄트 ex,SR,120/101,256072,high_confidence,8067,7775,2026-06-27,0,0,0,0,0,0,0,0,0,0,0,0,0,0,1480,7,0,NONE,0,,,SCRYDEX_ONLY,
CRD_866697DBC93748BB918F,해골몽,AR,068/064,277252,high_confidence,20573,20097,2026-06-28,0,0,0,0,0,0,1,7316,4,7657,3,3000,3,3000,1000,6,0,NONE,0,,,SCRYDEX_ONLY,
CRD_70077C9FC60D4FE79B50,미라몽,AR,069/064,277253,high_confidence,14704,13874,2026-06-27,0,0,0,0,0,0,2,6740,3,7200,2,2500,3,2500,1000,5,0,NONE,0,,,SCRYDEX_ONLY,
CRD_8E2251855B704464BC69,야느와르몽,AR,070/064,277254,high_confidence,13736,13951,2026-06-27,0,0,0,0,0,0,4,6875,7,6899,1,2500,1,2500,1000,11,0,NONE,0,,,SCRYDEX_ONLY,
CRD_86A21D43FBB24CD683A0,킹드라 ex,SR,077/064,283610,high_confidence,3027,2904,2026-06-26,0,0,0,0,0,0,1,7500,0,0,0,0,0,0,1000,1,0,NONE,0,,,SCRYDEX_ONLY,
CRD_B974BC191042453495AE,부르르룸 ex,SR,078/064,284954,high_confidence,1982,1982,2026-06-26,0,0,0,0,0,0,0,0,0,0,0,0,0,0,1000,1,0,NONE,0,,,SCRYDEX_ONLY,
CRD_DD06C8FFD2E54F1D8E3A,기로치 ex,SAR,089/064,284962,high_confidence,27380,26689,2026-06-27,0,0,0,2,4675,4700,1,8900,5,8900,0,0,0,0,4500,14,4675,A_3M,44412,0.601,-39.9,SNK_A_3M_FALLBACK,
CRD_C196FA6AC8E54F73BCFC,끼리동,AR,073/064,284952,high_confidence,4256,3995,2026-06-27,0,0,0,0,0,0,1,6800,5,6600,0,0,0,0,1000,5,0,NONE,0,,,SCRYDEX_ONLY,
CRD_B2DC0D2AA6314050AD58,복숭악동 ex,SR,082/064,284958,high_confidence,2166,2182,2026-06-27,0,0,0,0,0,0,0,0,0,0,0,0,0,0,2000,1,0,NONE,0,,,SCRYDEX_ONLY,
CRD_7C85BF18CA654083A203,조타구 ex,SR,079/064,284955,high_confidence,1690,1613,2026-06-26,0,0,0,0,0,0,0,0,0,0,0,0,0,0,8888,1,0,NONE,0,,,SCRYDEX_ONLY,
CRD_E72D415657964CCC8728,크세로시키의 속셈,SR,086/064,284959,high_confidence,1828,1798,2026-06-27,0,0,0,0,0,0,0,0,0,0,0,0,0,0,1000,1,0,NONE,0,,,SCRYDEX_ONLY,
CRD_0F7A7025AB184454A00D,알로라 식스테일 V,RR,022/068,288632,high_confidence,1475,1475,2026-06-26,0,0,0,0,0,0,0,0,0,0,0,0,0,0,1500,3,0,NONE,0,,,SCRYDEX_ONLY,
CRD_16E335392D60451C9EA2,샤크니아 EX,RR,070/171,381820,high_confidence,7513,7513,2026-06-28,0,0,0,0,0,0,0,0,0,0,0,0,0,0,6980,1,0,NONE,0,,,SCRYDEX_ONLY,
CRD_ACB87F5FA19140FD900F,이벨타르 BREAK,RR,034/054,387181,high_confidence,53777,53777,2026-06-28,0,0,0,0,0,0,0,0,0,0,0,0,0,0,2980,1,0,NONE,0,,,SCRYDEX_ONLY,
CRD_82D8D5556A4F436CBB28,과미드라 ex,SAR,127/102,307292,high_confidence,34832,32927,2026-06-26,0,0,0,1,3000,3000,0,0,2,10650,0,0,0,0,3000,4,3000,A_3M,28500,1.155,15.5,SNK_A_3M_FALLBACK,
CRD_79AB9AEE4B68458A98DD,비리디온,AR,095/086,608541,high_confidence,15380,13037,2026-06-26,0,0,0,0,0,0,0,0,0,0,0,0,0,0,7700,1,0,NONE,0,,,SCRYDEX_ONLY,
CRD_9A786ECB0C1441ADB6E9,야부엉,AR,114/102,307291,high_confidence,2950,3088,2026-06-28,1,1000,1000,2,1000,1000,1,6800,4,7016,0,0,0,0,1000,6,1000,A_1M,9500,0.325,-67.5,MAPPING_REVIEW,SCRYDEX_HALF_LOW
CRD_A6FB671794764AE49A66,모단단게,AR,107/102,318879,high_confidence,2397,2412,2026-06-28,0,0,0,0,0,0,1,6099,9,6500,0,0,1,2500,7667,2,0,NONE,0,,,SCRYDEX_ONLY,
CRD_AF8F92C88D0B402AAEA9,래비풋,AR,106/102,318878,high_confidence,4502,4010,2026-06-28,0,0,0,0,0,0,1,6800,3,6750,0,0,0,0,1000,7,0,NONE,0,,,SCRYDEX_ONLY,
CRD_E71149545CE345E28C39,요가램 ex,RR,370/742,320233,high_confidence,399,307,2026-06-28,0,0,0,0,0,0,0,0,0,0,0,0,0,0,0,0,0,NONE,0,,,SCRYDEX_ONLY,
CRD_E500DF40158C4A7EA42A,꼴깍몬,AR,112/102,320346,high_confidence,6407,6745,2026-06-28,0,0,0,1,1000,1000,2,7240,5,6680,0,0,0,0,1000,5,1000,A_3M,9500,0.71,-29.0,SNK_A_3M_FALLBACK,
CRD_EFC2C3BACC80463C9CF8,마빌크,AR,110/102,320345,high_confidence,13475,11831,2026-06-26,0,0,0,0,0,0,2,6534,3,6500,1,2899,1,2899,1000,9,0,NONE,0,,,SCRYDEX_ONLY,
CRD_C481BCD104FC4D799A10,타로,SR,125/102,320348,high_confidence,5608,5055,2026-06-28,1,1200,1200,3,1700,1200,2,11390,10,10500,0,0,6,2540,1200,20,1200,A_1M,11400,0.443,-55.7,SNK_A_1M_OK,SCRYDEX_HALF_LOW
CRD_6F764A195E6E4FF8BE8B,프테라 GX,RR,045/094,321556,high_confidence,2228,2197,2026-06-26,0,0,0,0,0,0,0,0,0,0,0,0,0,0,1000,2,0,NONE,0,,,SCRYDEX_ONLY,
CRD_6424F4FA8DB0409195E6,라프라스 ex,SR,117/102,325074,high_confidence,6223,6223,2026-06-26,0,0,0,0,0,0,3,12500,8,11750,0,0,0,0,3500,4,0,NONE,0,,,SCRYDEX_ONLY,
CRD_AC9F89AB71524BC4AD8B,라티오스 GX,SR,099/094,321603,high_confidence,28625,27703,2026-06-28,0,0,0,0,0,0,1,28500,3,17800,0,0,1,4980,4800,9,0,NONE,0,,,SCRYDEX_ONLY,
CRD_83BEEB1396274C9BAB37,브라이어,SAR,131/102,323631,high_confidence,13521,13552,2026-06-28,0,0,0,0,0,0,2,8850,5,8779,0,0,0,0,2480,10,0,NONE,0,,,SCRYDEX_ONLY,
CRD_FE046994C7284B68A4F7,요가랑,AR,111/102,325988,high_confidence,4502,4148,2026-06-28,0,0,0,0,0,0,7,6500,12,6600,0,0,0,0,1800,6,0,NONE,0,,,SCRYDEX_ONLY,
CRD_C4F41E3DBC5E4BAC88EA,곤포,SR,123/102,326016,high_confidence,1198,1321,2026-06-28,0,0,0,0,0,0,0,0,0,0,0,0,0,0,1000,2,0,NONE,0,,,SCRYDEX_ONLY,
CRD_D2BCEBD902BB4EB7B230,과미드라 ex,SR,115/102,326010,high_confidence,2197,2213,2026-06-26,0,0,0,0,0,0,0,0,0,0,0,0,0,0,1000,2,0,NONE,0,,,SCRYDEX_ONLY,
CRD_AF944BBA321248A08EBC,브리두라스,AR,113/102,325684,high_confidence,2612,2658,2026-06-28,0,0,0,0,0,0,1,7000,6,6500,0,0,0,0,1000,7,0,NONE,0,,,SCRYDEX_ONLY,
CRD_B390ACDDA0BC45F28118,바우첼 ex,SR,119/102,326013,high_confidence,5393,5393,2026-06-28,0,0,0,0,0,0,0,0,0,0,0,0,0,0,1300,1,0,NONE,0,,,SCRYDEX_ONLY,
CRD_763739C433694BD7A95F,다탱구 GX,RR,008/096,334334,high_confidence,2981,3119,2026-06-28,0,0,0,0,0,0,0,0,0,0,0,0,0,0,4200,2,0,NONE,0,,,SCRYDEX_ONLY,
CRD_F84F74A865C24A938AB5,파비코리 GX,RR,061/096,334387,high_confidence,9526,9526,2026-06-28,0,0,0,0,0,0,0,0,0,0,0,0,0,0,0,0,0,NONE,0,,,SCRYDEX_ONLY,
CRD_22DCDC22E2E84027B7A3,보스로라 EX,RR,045/070,381589,high_confidence,13060,13060,2026-06-28,0,0,0,0,0,0,0,0,0,0,0,0,0,0,0,0,0,NONE,0,,,SCRYDEX_ONLY,
CRD_B87B09A888294C1C873C,네크로즈마 GX,RR,026/051,334723,high_confidence,7590,7590,2026-06-28,0,0,0,0,0,0,0,0,0,0,0,0,0,0,0,0,0,NONE,0,,,SCRYDEX_ONLY,
CRD_C1E6E62B68CA49EBA053,비리디온 GX,RR,007/080,334762,high_confidence,2458,2535,2026-06-28,0,0,0,0,0,0,0,0,0,0,0,0,0,0,7000,2,0,NONE,0,,,SCRYDEX_ONLY,
CRD_9649B9AE6A834C63AA80,알로라딱구리 GX,SR,051/050,334520,high_confidence,7125,0,2026-05-08,0,0,0,0,0,0,0,0,0,0,0,0,0,0,3500,1,0,NONE,0,,,SCRYDEX_ONLY,
CRD_874BB3258CA94959BBC0,갸라도스 GX,RR,008/050,334876,high_confidence,12445,11355,2026-06-28,1,8000,8000,2,6250,8000,0,0,3,24990,0,0,0,0,4000,11,8000,A_1M,76000,0.149,-85.1,MAPPING_REVIEW,SCRYDEX_HALF_LOW
CRD_8ED47CA7E8F5408B9A04,텅비드 GX,RR,022/050,334890,high_confidence,6146,6146,2026-06-28,0,0,0,0,0,0,0,0,0,0,0,0,0,0,0,0,0,NONE,0,,,SCRYDEX_ONLY,
CRD_AE2BFD3AB7764907BA33,악식킹 GX,RR,033/050,334901,high_confidence,6284,6284,2026-06-28,0,0,0,0,0,0,0,0,0,0,0,0,0,0,0,0,0,NONE,0,,,SCRYDEX_ONLY,
CRD_CF1795DF299B46889CA1,음번 GX,RR,040/051,335022,high_confidence,8220,8389,2026-06-28,0,0,0,0,0,0,0,0,0,0,0,0,0,0,0,0,0,NONE,0,,,SCRYDEX_ONLY,
CRD_798B992F69334701BDF2,단단지 GX,RR,013/095,335080,high_confidence,6515,6361,2026-06-28,0,0,0,0,0,0,0,0,0,0,0,0,0,0,0,0,0,NONE,0,,,SCRYDEX_ONLY,
CRD_F35563D1D34443BD8590,심보러 GX,RR,018/050,335599,high_confidence,1291,1298,2026-06-28,0,0,0,0,0,0,0,0,0,0,0,0,0,0,0,0,0,NONE,0,,,SCRYDEX_ONLY,
CRD_F4F401D1179242EE80AA,핸섬,SR,072/066,338364,high_confidence,24568,24568,2026-06-28,0,0,0,0,0,0,0,0,0,0,0,0,0,0,0,0,0,NONE,0,,,SCRYDEX_ONLY,
CRD_9A188600F1B44EF88834,대굴레오,AR,111/106,413848,high_confidence,6899,7237,2026-06-28,0,0,0,0,0,0,7,7980,17,8000,0,0,2,2249,1600,8,0,NONE,0,,,SCRYDEX_ONLY,
CRD_73F42BA51E1C4FD4A7B7,불카모스 GX,RR,013/095,339598,high_confidence,3565,3641,2026-06-28,0,0,0,0,0,0,0,0,0,0,0,0,0,0,1000,2,0,NONE,0,,,SCRYDEX_ONLY,
CRD_E7A9269390E346AA93B3,플라이곤 GX,RR,044/095,339629,high_confidence,5977,5962,2026-06-26,0,0,0,0,0,0,0,0,0,0,0,0,0,0,0,0,0,NONE,0,,,SCRYDEX_ONLY,
CRD_E6D7C7AE46B14C2281ED,아고용&악식킹 GX,SR,101/095,339684,high_confidence,30653,30653,2026-06-28,0,0,0,0,0,0,0,0,0,0,0,0,0,0,10980,3,0,NONE,0,,,SCRYDEX_ONLY,
CRD_ECCB9F6BE6FB45019BF9,강철톤,AR,073/063,664101,high_confidence,4102,4102,2026-06-26,0,0,0,0,0,0,20,6800,43,6766,0,0,3,2522,1000,43,0,NONE,0,,,SCRYDEX_ONLY,
CRD_9E348E7E435B4E658CB9,라티오스,AR,070/064,358113,high_confidence,23001,23232,2026-06-28,4,2700,2800,18,2500,2800,18,11999,62,11343,2,4395,10,3240,1199,37,2700,A_1M,25650,0.906,-9.4,SNK_A_1M_OK,
CRD_DD17001A86F04AFDAF09,단지래플,AR,075/064,372326,high_confidence,6038,5332,2026-06-28,0,0,0,0,0,0,3,6500,12,6500,0,0,0,0,1600,5,0,NONE,0,,,SCRYDEX_ONLY,
CRD_9622567E2CAF46A69C92,애프룡,AR,074/064,372325,high_confidence,3303,3411,2026-06-28,0,0,0,0,0,0,6,6800,13,6800,0,0,1,2300,1000,7,0,NONE,0,,,SCRYDEX_ONLY,
CRD_EE3B2C43337E4C148163,드라세나,SR,083/064,377385,high_confidence,1921,1936,2026-06-28,0,0,0,0,0,0,0,0,0,0,0,0,0,0,1000,1,0,NONE,0,,,SCRYDEX_ONLY,
CRD_D25814429FF94A7E84C3,블랙큐레무 ex,SR,077/064,378062,high_confidence,5362,5485,2026-06-28,1,2000,2000,1,2000,2000,0,0,1,9200,1,3800,1,3800,1000,8,2000,A_1M,19000,0.289,-71.1,MAPPING_REVIEW,SCRYDEX_HALF_LOW
CRD_B7FFD1C826FF4A6FA025,큐레무 EX,RR,025/081,385407,high_confidence,4609,4609,2026-06-28,0,0,0,0,0,0,0,0,0,0,0,0,0,0,5000,4,0,NONE,0,,,SCRYDEX_ONLY,
CRD_761F112811784F3C9B5A,제빈,SR,086/064,379012,high_confidence,1598,1583,2026-06-28,0,0,0,0,0,0,0,0,0,0,0,0,0,0,0,0,0,NONE,0,,,SCRYDEX_ONLY,
CRD_F6AA26615B634D2BA71A,비브라바,AR,071/064,379011,high_confidence,3396,2981,2026-06-28,0,0,0,0,0,0,4,6807,8,6800,0,0,0,0,1000,6,0,NONE,0,,,SCRYDEX_ONLY,
CRD_8E8635B273814CB28F1B,브리두라스 ex,SAR,088/064,379014,high_confidence,12906,12799,2026-06-27,1,1700,1700,1,1700,1700,0,0,3,8900,0,0,0,0,1100,9,1700,A_1M,16150,0.793,-20.7,SNK_A_1M_OK,
CRD_FD350229536F48219366,비비용,AR,107/106,410059,high_confidence,3288,3334,2026-06-26,0,0,0,1,1000,1000,5,6900,14,6600,1,2999,1,2999,1100,6,1000,A_3M,9500,0.351,-64.9,SNK_A_3M_FALLBACK,SCRYDEX_HALF_LOW
CRD_80AC3B98336D4FD0B14A,워글,AR,076/064,380940,high_confidence,3595,3319,2026-06-26,0,0,0,0,0,0,2,6850,7,6700,0,0,1,2799,1500,9,0,NONE,0,,,SCRYDEX_ONLY,
CRD_E92B2532AE914FB09891,치갈기,AR,068/064,380939,high_confidence,2335,2320,2026-06-28,0,0,0,0,0,0,4,6683,9,6499,0,0,0,0,1000,6,0,NONE,0,,,SCRYDEX_ONLY,
CRD_8D68F827F9B2481DA5FB,루카리오 EX,RR,074/131,390313,high_confidence,7283,7360,2026-06-28,0,0,0,0,0,0,0,0,2,16349,0,0,0,0,1000,3,0,NONE,0,,,SCRYDEX_ONLY,
CRD_DAF9334F2EBE4F959019,그란돈 EX,RR,039/070,381577,high_confidence,21203,21203,2026-06-28,0,0,0,0,0,0,0,0,2,16400,0,0,0,0,5200,4,0,NONE,0,,,SCRYDEX_ONLY,
CRD_E75C01B1AA4F453B9553,가디안 EX,RR,050/070,381832,high_confidence,9500,0,2026-05-08,0,0,0,0,0,0,0,0,2,13619,0,0,0,0,4444,2,0,NONE,0,,,SCRYDEX_ONLY,
CRD_EFAFD20CB50748A8B046,무장조,AR,073/064,383045,high_confidence,5255,4748,2026-06-26,1,1000,1000,1,1000,1000,3,7000,7,7000,0,0,0,0,1100,8,1000,A_1M,9500,0.5,-50.0,SNK_A_1M_OK,SCRYDEX_HALF_LOW
CRD_77207234896E4180A67D,때때무노,AR,072/064,383044,high_confidence,5132,4778,2026-06-26,0,0,0,0,0,0,3,6800,7,6750,0,0,0,0,1000,9,0,NONE,0,,,SCRYDEX_ONLY,
CRD_B5BD597A055847CBB31C,캐스퐁 태양의 모습,AR,067/064,383120,high_confidence,6837,6837,2026-06-26,0,0,0,0,0,0,3,6666,9,6800,0,0,0,0,1000,6,0,NONE,0,,,SCRYDEX_ONLY,
CRD_F982F893088B4538AE96,서퍼,SR,085/064,385172,high_confidence,1629,1659,2026-06-28,0,0,0,0,0,0,0,0,0,0,0,0,0,0,1000,2,0,NONE,0,,,SCRYDEX_ONLY,
CRD_EF66D2E6D89F4EC5BE58,모토마 ex,SR,082/064,385171,high_confidence,2059,1890,2026-06-28,0,0,0,0,0,0,1,7200,1,7200,0,0,0,0,1500,1,0,NONE,0,,,SCRYDEX_ONLY,
CRD_F28F173457F54FE4BE06,번치코,AR,101/098,568893,high_confidence,7590,6484,2026-06-27,0,0,0,0,0,0,19,6900,46,6924,0,0,2,2249,1000,39,0,NONE,0,,,SCRYDEX_ONLY,
CRD_7F8ADC12469E4311B6AC,형사구스 GX,RR,050/060,386713,high_confidence,1767,1721,2026-06-28,0,0,0,0,0,0,0,0,0,0,0,0,0,0,0,0,0,NONE,0,,,SCRYDEX_ONLY,
CRD_C512FB10DEBE4D3A9245,솔가레오 GX,RR,040/060,386703,high_confidence,5593,5593,2026-06-28,1,2500,2500,1,2500,2500,0,0,0,0,0,0,0,0,1500,2,2500,A_1M,23750,0.235,-76.5,MAPPING_REVIEW,SCRYDEX_HALF_LOW
CRD_BDBA1831790543D0A08B,메가자리 BREAK,RR,008/054,387155,high_confidence,6515,6515,2026-06-28,0,0,0,0,0,0,0,0,0,0,0,0,0,0,0,0,0,NONE,0,,,SCRYDEX_ONLY,
CRD_DB00069D3B2C4916B373,켄타로스 GX,SR,064/060,388923,high_confidence,10755,10755,2026-06-28,0,0,0,0,0,0,0,0,0,0,0,0,0,0,1000,1,0,NONE,0,,,SCRYDEX_ONLY,
CRD_8415237C305047B19AD4,단굴,AR,125/086,608565,high_confidence,7775,6868,2026-06-26,0,0,0,0,0,0,0,0,0,0,0,0,0,0,0,0,0,NONE,0,,,SCRYDEX_ONLY,
CRD_B3149BEFD6BC407799A3,알로라나인테일 GX,RR,013/050,389289,high_confidence,25598,25598,2026-06-26,0,0,0,0,0,0,0,0,0,0,0,0,0,0,1000,1,0,NONE,0,,,SCRYDEX_ONLY,
CRD_95020B5585B74E58A3AC,레트라 BREAK,RR,066/080,390861,high_confidence,15349,15349,2026-06-28,0,0,0,0,0,0,0,0,0,0,0,0,0,0,2000,4,0,NONE,0,,,SCRYDEX_ONLY,
CRD_BB2792DF08BD4BE4A1F2,M헬가 EX,RR,010/059,390001,high_confidence,76809,76809,2026-06-26,0,0,0,0,0,0,0,0,0,0,0,0,0,0,0,0,0,NONE,0,,,SCRYDEX_ONLY,
CRD_A99D593C22354D17A334,메가눈설왕 ex,RR,018/063,659267,high_confidence,522,492,2026-06-26,0,0,0,0,0,0,0,0,0,0,0,0,0,0,1000,9,0,NONE,0,,,SCRYDEX_ONLY,
CRD_BE82877EE7B04D848D1B,망나뇽 GX,RR,028/053,391701,high_confidence,18883,18883,2026-06-28,0,0,0,0,0,0,2,12000,7,15000,0,0,0,0,5000,8,0,NONE,0,,,SCRYDEX_ONLY,
CRD_899A39AE13404402AADF,화이트큐레무 GX,SR,057/053,391728,high_confidence,23278,23278,2026-06-26,0,0,0,0,0,0,1,30000,0,0,0,0,0,0,3500,5,0,NONE,0,,,SCRYDEX_ONLY,
CRD_FDD4ACFC9A3E4E2A8251,킹드라 GX,SR,055/053,391727,high_confidence,13475,13475,2026-06-28,0,0,0,0,0,0,0,0,0,0,0,0,0,0,0,0,0,NONE,0,,,SCRYDEX_ONLY,
CRD_E942132314EF46888CF0,프리져 GX,RR,014/066,391747,high_confidence,7221,7145,2026-06-27,0,0,0,1,2480,2480,0,0,2,13745,0,0,0,0,17500,3,2480,A_3M,23560,0.303,-69.7,MAPPING_REVIEW,SCRYDEX_HALF_LOW
CRD_7AF195199BBA474DA108,마임맨 GX,RR,025/066,391758,high_confidence,5086,5086,2026-06-28,0,0,0,0,0,0,0,0,0,0,0,0,0,0,0,0,0,NONE,0,,,SCRYDEX_ONLY,
CRD_A26B2D231CB94EECBAE3,다크펫 GX,RR,031/066,391764,high_confidence,5455,5455,2026-06-27,0,0,0,0,0,0,0,0,0,0,0,0,0,0,0,0,0,NONE,0,,,SCRYDEX_ONLY,
CRD_D89C085C68AB427DB734,보만다 GX,RR,045/066,391778,high_confidence,8804,8804,2026-06-26,0,0,0,0,0,0,0,0,0,0,0,0,0,0,0,0,0,NONE,0,,,SCRYDEX_ONLY,
CRD_DD9A110694644BF0AA91,코바르온 GX,SR,056/052,392652,high_confidence,4750,0,2026-05-08,0,0,0,0,0,0,0,0,0,0,0,0,0,0,0,0,0,NONE,0,,,SCRYDEX_ONLY,
CRD_A8F55E775B1A48999A63,나누,SR,058/052,392653,high_confidence,14412,14412,2026-06-27,0,0,0,0,0,0,0,0,0,0,0,0,0,0,0,0,0,NONE,0,,,SCRYDEX_ONLY,
CRD_CC3A107170E0419E98DC,후파 GX,SR,054/052,392650,high_confidence,12384,12384,2026-06-28,0,0,0,0,0,0,0,0,0,0,0,0,0,0,1111,2,0,NONE,0,,,SCRYDEX_ONLY,
CRD_C41CDFEEB7EE415CA1B7,질뻐기&알로라질뻐기 GX,RR,029/095,392975,high_confidence,10325,10325,2026-06-28,0,0,0,1,1480,1480,3,8500,7,8500,0,0,0,0,1300,10,1480,A_3M,14060,0.734,-26.6,SNK_A_3M_FALLBACK,
CRD_BB2021E55A1B4B7CBE30,페르시온 GX,RR,069/095,393015,high_confidence,2044,2082,2026-06-28,0,0,0,0,0,0,0,0,0,0,0,0,0,0,1500,1,0,NONE,0,,,SCRYDEX_ONLY,
CRD_64EA988E405547A794C3,약어리 GX,SR,174/173,396154,high_confidence,7329,7329,2026-06-28,0,0,0,0,0,0,0,0,0,0,0,0,0,0,1500,4,0,NONE,0,,,SCRYDEX_ONLY,
CRD_BF8B331F32534677B557,히드런 GX,RR,004/054,393069,high_confidence,1752,1736,2026-06-28,0,0,0,0,0,0,0,0,0,0,0,0,0,0,0,0,0,NONE,0,,,SCRYDEX_ONLY,
CRD_9239E2F6422F4F328D52,라이츄&알로라라이츄 GX,RR,008/054,393073,high_confidence,27687,27687,2026-06-26,2,6000,5000,13,5650,5000,10,27400,47,28395,1,5200,6,5200,2222,71,6000,A_1M,57000,0.486,-51.4,SNK_A_1M_OK,SCRYDEX_HALF_LOW
CRD_7084B05629B04BBEA2F3,입치트 GX,SR,058/054,393119,high_confidence,15995,15995,2026-06-28,0,0,0,0,0,0,0,0,0,0,0,0,0,0,7000,1,0,NONE,0,,,SCRYDEX_ONLY,
CRD_E1E6E75117094118B157,케르디오 GX,RR,036/173,396018,high_confidence,1859,1767,2026-06-28,0,0,0,0,0,0,0,0,0,0,0,0,0,0,5000,2,0,NONE,0,,,SCRYDEX_ONLY,
CRD_BDC1ABE01CFF4D5CA326,포켓몬 매니아,SR,062/054,393178,high_confidence,24799,23739,2026-06-28,0,0,0,1,3500,3500,0,0,0,0,0,0,0,0,40000,2,3500,A_3M,33250,0.714,-28.6,SNK_A_3M_FALLBACK,
CRD_E8ACEC3851F54A53AEF7,케르디오 GX,SR,057/054,393176,high_confidence,6069,6084,2026-06-28,0,0,0,0,0,0,0,0,0,0,0,0,0,0,3000,2,0,NONE,0,,,SCRYDEX_ONLY,
CRD_EAE92820A9B54F4A9A09,개굴닌자&조로아크 GX,RR,025/055,393207,high_confidence,21173,20742,2026-06-26,1,2300,2300,4,3140,2300,8,11750,39,14322,4,4949,9,4500,2300,50,2300,A_1M,21850,0.949,-5.1,SNK_A_1M_OK,
CRD_EA4685C2802E4DCCB4EF,도나리 GX,SR,056/055,393238,high_confidence,8850,8666,2026-06-28,0,0,0,0,0,0,0,0,0,0,0,0,0,0,0,0,0,NONE,0,,,SCRYDEX_ONLY,
CRD_D92373A46C9C4F6FA162,페로코체&매시붕 GX,RR,001/054,393243,high_confidence,5547,5577,2026-06-28,0,0,0,0,0,0,0,0,0,0,0,0,0,0,1000,10,0,NONE,0,,,SCRYDEX_ONLY,
CRD_874AC1F1697241DBA8D7,철화구야 GX,RR,043/054,393285,high_confidence,3933,3903,2026-06-27,0,0,0,0,0,0,0,0,0,0,0,0,0,0,1000,1,0,NONE,0,,,SCRYDEX_ONLY,
CRD_84EB7A5F0598461296E0,철화구야 GX,SR,060/054,393298,high_confidence,9818,9388,2026-06-28,0,0,0,0,0,0,0,0,0,0,0,0,0,0,0,0,0,NONE,0,,,SCRYDEX_ONLY,
CRD_66AB3EEC58944846BD32,멀레인,SR,061/054,393299,high_confidence,7513,7513,2026-06-28,0,0,0,0,0,0,0,0,0,0,0,0,0,0,0,0,0,NONE,0,,,SCRYDEX_ONLY,
CRD_68FF087ED5984A63BAE9,피카츄 ex,SR,122/106,395201,high_confidence,51441,51933,2026-06-26,6,11050,8500,39,11262,8500,26,26250,78,30299,2,11490,14,9800,6380,113,11050,A_1M,104975,0.495,-50.5,SNK_A_1M_OK,SCRYDEX_HALF_LOW
CRD_913741C2E37A40BAB47F,삼삼드래 ex,RR,072/106,395716,high_confidence,553,515,2026-06-26,0,0,0,0,0,0,0,0,0,0,0,0,0,0,1000,5,0,NONE,0,,,SCRYDEX_ONLY,
CRD_EA7C2CE2735D4A7FB228,페로코체&매시붕 GX,RR,001/173,395985,high_confidence,6960,7022,2026-06-28,1,1111,1111,1,1111,1111,1,11800,2,14900,0,0,0,0,1300,3,1111,A_1M,10554,0.665,-33.5,SNK_A_1M_OK,
CRD_ACE083AA03F94FF58441,약어리 GX,RR,039/173,396021,high_confidence,1060,1037,2026-06-26,0,0,0,0,0,0,0,0,0,0,0,0,0,0,1000,2,0,NONE,0,,,SCRYDEX_ONLY,
CRD_B8770884705A42238D72,토게피&삐&푸푸린 GX,RR,094/173,396076,high_confidence,39272,36207,2026-06-26,2,2940,2900,8,2980,2900,7,16800,24,15825,1,4600,3,4980,2300,13,2940,A_1M,27930,1.296,29.6,SNK_A_1M_OK,
CRD_DD0CD37E614744718643,멜메탈 GX,SR,184/173,396158,high_confidence,5101,5040,2026-06-28,0,0,0,0,0,0,0,0,0,0,0,0,0,0,0,0,0,NONE,0,,,SCRYDEX_ONLY,
CRD_D07DE78E55D4229AB02C,라티아스&라티오스 GX,RR,060/095,396362,high_confidence,31897,31698,2026-06-26,2,5199,4900,5,5185,4900,10,17688,38,17982,1,8000,2,7250,2980,38,5199,A_1M,49390,0.642,-35.8,SNK_A_1M_OK,
CRD_710DC79FEA9542A1BD21,잉어킹&고래왕 GX,SR,098/095,396399,high_confidence,92680,86227,2026-06-28,0,0,0,3,12500,12500,5,34000,11,34980,0,0,1,7900,8600,13,12500,A_3M,118750,0.726,-27.4,SNK_A_3M_FALLBACK,
CRD_C9F99666A3067F779469,라티아스&라티오스 GX,SR,104/095,396401,high_confidence,76824,76824,2026-06-28,0,0,0,1,10000,10000,3,35995,14,45000,0,0,3,13800,12000,19,10000,A_3M,95000,0.809,-19.1,SNK_A_3M_FALLBACK,
CRD_D59A0E499FD44F4199B5,메더,AR,115/086,608555,high_confidence,4410,4379,2026-06-26,0,0,0,0,0,0,0,0,1,7000,0,0,0,0,1000,3,0,NONE,0,,,SCRYDEX_ONLY,
CRD_D354887EB90344EE923F,밀로틱 ex,SAR,131/106,408331,high_confidence,148823,148055,2026-06-28,3,10000,10000,6,13000,10000,15,22361,48,22275,2,12700,6,11055,13800,27,10000,A_1M,95000,1.558,55.8,SNK_A_1M_OK,
CRD_A5A4F5FFC9A3433F8793,빈티나,AR,110/106,408338,high_confidence,4855,5024,2026-06-26,0,0,0,1,1000,1000,8,6825,20,6925,2,3289,4,2999,1000,15,1000,A_3M,9500,0.529,-47.1,SNK_A_3M_FALLBACK,
CRD_A5BD2814B5454C479820,암트르,AR,126/086,608566,high_confidence,5962,5808,2026-06-28,0,0,0,0,0,0,1,5950,4,6600,0,0,0,0,7500,1,0,NONE,0,,,SCRYDEX_ONLY,
CRD_8AFB1352B9D64F18AFDD,데스마스,AR,119/086,608559,high_confidence,6699,6392,2026-06-28,0,0,0,0,0,0,0,0,0,0,0,0,0,0,1100,4,0,NONE,0,,,SCRYDEX_ONLY,
CRD_E3C661DEECDE4AF6AB74,심향의 칠색조 ex,SR,077/063,546109,high_confidence,6684,6776,2026-06-28,1,1000,1000,1,1000,1000,2,8499,7,8000,1,3300,1,3300,1000,15,1000,A_1M,9500,0.713,-28.7,SNK_A_1M_OK,
CRD_DDAA23F00D9A45A3A417,시아노,SR,128/106,414091,high_confidence,2120,2243,2026-06-28,1,1000,1000,1,1000,1000,0,0,0,0,0,0,0,0,0,0,1000,A_1M,9500,0.236,-76.4,MAPPING_REVIEW,SCRYDEX_HALF_LOW
CRD_EA3CF1FA1069431480A0,규리의 눈빛,SR,127/106,414092,high_confidence,3196,3150,2026-06-28,0,0,0,1,1000,1000,1,8499,9,8400,3,3000,3,3000,1000,14,1000,A_3M,9500,0.332,-66.8,SNK_A_3M_FALLBACK,SCRYDEX_HALF_LOW
CRD_8FA2514826954989AE45,켈리몬,AR,118/106,414090,high_confidence,3872,3780,2026-06-28,0,0,0,0,0,0,4,6400,14,6800,0,0,1,2444,1000,13,0,NONE,0,,,SCRYDEX_ONLY,
CRD_9F78C4AD792F4C16A076,아이앤트 ex,SR,119/106,418745,high_confidence,1644,1629,2026-06-28,0,0,0,0,0,0,1,6600,1,6600,0,0,0,0,1000,4,0,NONE,0,,,SCRYDEX_ONLY,
CRD_9D58E4813F2E44F48F9B,밀로틱 ex,SR,121/106,418747,high_confidence,4072,3995,2026-06-28,1,1500,1500,1,1500,1500,1,7500,3,7900,0,0,0,0,1800,5,1500,A_1M,14250,0.28,-72.0,MAPPING_REVIEW,SCRYDEX_HALF_LOW
CRD_D0EC868873694B81B52F,시트론의 재치,SAR,135/106,418754,high_confidence,10033,10171,2026-06-28,0,0,0,0,0,0,0,0,0,0,1,3999,1,3999,2000,3,0,NONE,0,,,SCRYDEX_ONLY,
CRD_8E3889CE3AAF4DB6B6D3,규리의 눈빛,SAR,134/106,416951,high_confidence,32036,31759,2026-06-28,3,3850,3850,6,3825,3850,10,14550,35,14166,1,4000,6,3850,4980,32,3850,A_1M,36575,0.868,-13.2,SNK_A_1M_OK,
CRD_91690464DF8843E78381,메더,AR,113/106,418742,high_confidence,1705,1821,2026-06-26,0,0,0,0,0,0,6,6683,14,6800,0,0,0,0,1000,12,0,NONE,0,,,SCRYDEX_ONLY,
CRD_8665C8184D854C689CB5,싸리용 ex,SR,125/106,418750,high_confidence,3058,3012,2026-06-28,0,0,0,0,0,0,2,7740,3,7500,0,0,0,0,0,0,0,NONE,0,,,SCRYDEX_ONLY,
CRD_C656819F71EC44B19DD9,로켓단의 파이어 ex,SR,112/098,562038,high_confidence,11493,11155,2026-06-26,2,1500,1000,9,1000,1000,2,8833,6,9083,0,0,0,0,1000,7,1500,A_1M,14250,0.783,-21.7,SNK_A_1M_OK,
CRD_DBD0BA8810234F79AE76,메가입치트 ex,RR,046/063,646403,high_confidence,599,607,2026-06-26,0,0,0,0,0,0,0,0,0,0,0,0,0,0,1000,12,0,NONE,0,,,SCRYDEX_ONLY,
CRD_E0F3C75EE01E479C9004,왕자리,AR,064/063,546104,high_confidence,3734,3572,2026-06-26,0,0,0,0,0,0,4,6733,10,6724,0,0,2,2471,1000,8,0,NONE,0,,,SCRYDEX_ONLY,
CRD_80407B2696CD4C8CA421,리피아 ex,SAR,200/187,469625,high_confidence,134135,127036,2026-06-28,11,9100,9000,48,9394,9000,32,20075,89,20497,6,9112,19,9000,8780,124,9100,A_1M,86450,1.469,46.9,SNK_A_1M_OK,
CRD_68DB6AC7C4BB4ACD92ED,N의 레시라무,AR,109/100,485654,high_confidence,23815,21541,2026-06-28,10,2583,4900,37,2500,4900,29,11995,88,10291,7,4000,28,3999,1700,141,2583,A_1M,24538,0.878,-12.2,SNK_A_1M_OK,
CRD_6B3CFFBA30BE4DB79C74,N의 조로아크 ex,RR,470/742,485649,high_confidence,553,353,2026-06-28,0,0,0,0,0,0,0,0,0,0,0,0,0,0,1000,18,0,NONE,0,,,SCRYDEX_ONLY,
CRD_808E7CD437F24C0A8CE3,모야모의 찌리배리 ex,SAR,125/100,485655,high_confidence,61321,61644,2026-06-26,1,14800,14800,9,11000,14800,20,18925,70,20879,2,12150,4,11216,10000,88,14800,A_1M,140600,0.438,-56.2,SNK_A_1M_OK,SCRYDEX_HALF_LOW
CRD_8CBB87D89D68439D919A,모야모의 찌리비크,AR,104/100,489823,high_confidence,5178,4702,2026-06-26,3,1000,1116,8,1000,1116,20,9657,60,9411,4,2794,8,2784,1200,69,1000,A_1M,9500,0.495,-50.5,SNK_A_1M_OK,SCRYDEX_HALF_LOW
CRD_CDD3EE7F57224CD58823,고래왕,AR,103/100,497652,high_confidence,9880,9180,2026-06-27,1,1100,1100,3,1000,1100,17,7000,49,7350,1,2500,7,2500,1000,44,1100,A_1M,10450,0.878,-12.2,SNK_A_1M_OK,
CRD_F3D13D31BE1A4E0991BE,다꼬리,AR,110/100,499421,high_confidence,5255,4817,2026-06-26,0,0,0,3,1150,1154,11,7200,31,7300,1,2800,2,2650,1000,11,1150,A_3M,10925,0.441,-55.9,SNK_A_3M_FALLBACK,SCRYDEX_HALF_LOW
CRD_EA5F6C24062E430A8964,마라카치,AR,101/100,502656,high_confidence,2566,2428,2026-06-27,0,0,0,0,0,0,4,6850,13,6800,0,0,0,0,1000,16,0,NONE,0,,,SCRYDEX_ONLY,
CRD_AB63174A5154445782F6,호브의 우르,AR,112/100,502987,high_confidence,1752,1844,2026-06-28,0,0,0,0,0,0,3,6999,12,6841,0,0,1,2200,1000,27,0,NONE,0,,,SCRYDEX_ONLY,
CRD_87046B5ACF6849E9B53F,프리져,AR,102/100,502986,high_confidence,13982,14151,2026-06-28,2,1150,1000,18,1200,1000,26,8212,77,8779,5,3400,11,3400,1000,71,1150,A_1M,10925,1.295,29.5,SNK_A_1M_OK,
CRD_63141A82DE9B4DB48A54,보만다 ex,SR,119/100,506154,high_confidence,2412,2458,2026-06-26,0,0,0,0,0,0,1,7499,2,7749,0,0,0,0,1000,13,0,NONE,0,,,SCRYDEX_ONLY,
CRD_CBD74C6D3997478C92A5,릴리에의 삐삐 ex,SAR,126/100,535520,high_confidence,193289,193289,2026-06-26,0,0,0,0,0,0,0,0,0,0,0,0,0,0,0,0,0,NONE,0,,,SCRYDEX_ONLY,
CRD_D4672A5ECC0F45DABED3,보만다 ex,SAR,129/100,505957,high_confidence,61751,61613,2026-06-28,3,4675,4999,10,3989,4999,13,12997,44,12394,2,4500,2,4500,4900,42,4675,A_1M,44412,1.387,38.7,SNK_A_1M_OK,
CRD_87ACED114A5746E48FF7,N의 조로아크 ex,SR,117/100,506153,high_confidence,6008,5977,2026-06-26,1,1000,1000,2,1000,1000,4,7740,8,7590,0,0,0,0,1000,13,1000,A_1M,9500,0.629,-37.1,SNK_A_1M_OK,
CRD_93F6FE4202C343CFB1F7,볼케니온 ex,SR,113/100,506150,high_confidence,1552,1613,2026-06-28,0,0,0,0,0,0,1,7500,1,7500,0,0,0,0,1000,8,0,NONE,0,,,SCRYDEX_ONLY,
CRD_F9792A29F11F4A35AF80,릴리에의 에리본,AR,105/100,505952,high_confidence,5209,4694,2026-06-26,10,1673,1890,30,1775,1890,30,8579,88,9000,7,3299,19,2816,1000,152,1673,A_1M,15894,0.295,-70.5,MAPPING_REVIEW,SCRYDEX_HALF_LOW
CRD_C7E2B077171045C69387,꾸꾸리,AR,106/100,506146,high_confidence,2919,2950,2026-06-27,0,0,0,0,0,0,10,6775,26,6700,1,2900,2,2700,1000,20,0,NONE,0,,,SCRYDEX_ONLY,
CRD_9AC0516F5C3E4E83876E,루가루암,AR,107/100,506147,high_confidence,2842,2735,2026-06-27,0,0,0,0,0,0,4,6729,17,6899,0,0,0,0,1000,25,0,NONE,0,,,SCRYDEX_ONLY,
CRD_83D97C53AA124CCABCA0,아이리스의 투지,SR,122/100,506156,high_confidence,3365,3426,2026-06-28,2,1000,1000,9,1000,1000,12,8000,36,8160,4,2999,13,2524,1000,48,1000,A_1M,9500,0.361,-63.9,SNK_A_1M_OK,SCRYDEX_HALF_LOW
CRD_816F40DB48D34E998792,맘모꾸리 ex,SR,116/100,506152,high_confidence,1367,1567,2026-06-28,0,0,0,0,0,0,5,7500,6,7450,0,0,0,0,1100,2,0,NONE,0,,,SCRYDEX_ONLY,
CRD_9C6A1F46424F4EBB84A6,난천의 로즈레이드,AR,065/063,526172,high_confidence,11846,10940,2026-06-28,2,1750,2200,5,1399,2200,8,7949,39,7799,3,2980,6,2799,1500,35,1750,A_1M,16625,0.658,-34.2,SNK_A_1M_OK,
CRD_8A64A02FB1604C62BD2140CE72FDA2D7,로토무,AR,074/063,530536,high_confidence,3396,3734,2026-06-28,0,0,0,0,0,0,1,5980,3,5980,0,0,1,1999,1000,14,0,NONE,0,,,SCRYDEX_ONLY,
CRD_E8C26AA9E84C4C10AF9B,날쌩마,AR,069/063,535465,high_confidence,6561,6422,2026-06-27,0,0,0,0,0,0,7,7000,12,7025,0,0,0,0,1000,12,0,NONE,0,,,SCRYDEX_ONLY,
CRD_69525AAF5E3C4C99AB79,난천의 한카리아스 ex,SAR,087/063,538636,high_confidence,308095,305268,2026-06-26,2,38149,38799,9,37150,38799,23,51300,68,58638,0,0,1,29000,29000,53,38149,A_1M,362416,0.842,-15.8,SNK_A_1M_OK,
CRD_B06B18A181FB456ABDCB,암팰리스,AR,067/063,539602,high_confidence,2289,2013,2026-06-28,0,0,0,0,0,0,2,6790,7,6700,0,0,1,1999,1000,6,0,NONE,0,,,SCRYDEX_ONLY,
CRD_6FC66FFBF4F043FF9348,난천의 한카리아스 ex,SR,080/063,541529,high_confidence,7805,6469,2026-06-28,0,0,0,2,2000,2000,3,8183,15,8600,0,0,0,0,2100,25,2000,A_3M,19000,0.34,-66.0,SNK_A_3M_FALLBACK,SCRYDEX_HALF_LOW
CRD_8BC4CFF5D3984089B81D,메가자리 ex,SAR,085/063,546115,high_confidence,23723,23646,2026-06-26,0,0,0,1,2500,2500,1,8400,2,8600,0,0,0,0,2300,6,2500,A_3M,23750,0.996,-0.4,SNK_A_3M_FALLBACK,
CRD_C8964D5114084013857C,어써러셔 ex,SR,078/063,546110,high_confidence,2182,2074,2026-06-28,0,0,0,0,0,0,0,0,0,0,0,0,0,0,1000,2,0,NONE,0,,,SCRYDEX_ONLY,
CRD_CAEF24E4F3E04F20A205,썬더라이,AR,073/063,546107,high_confidence,3165,2950,2026-06-28,0,0,0,0,0,0,0,0,3,6500,0,0,0,0,1000,6,0,NONE,0,,,SCRYDEX_ONLY,
CRD_F54EE62045A24CBAABB8,이슬의 라프라스,AR,072/063,546106,high_confidence,31959,29055,2026-06-28,5,3499,1880,14,2675,1880,18,13499,64,12778,1,3999,11,3500,1500,31,3499,A_1M,33240,0.874,-12.6,SNK_A_1M_OK,
CRD_F1D5FDA4D4C44B6A84C6,난천의 한카리아스 ex,UR,091/063,546119,high_confidence,44312,43820,2026-06-26,2,6000,6000,6,6000,6000,9,19299,31,19800,0,0,3,5800,5980,23,6000,A_1M,57000,0.769,-23.1,SNK_A_1M_OK,
CRD_B18DDE8C20D645DDA16E,페퍼의 마피티프 ex,SAR,088/063,546116,high_confidence,33603,30806,2026-06-28,0,0,0,0,0,0,0,0,2,7990,0,0,0,0,3000,2,0,NONE,0,,,SCRYDEX_ONLY,
CRD_A6609DDDF77E43BEBF21,심향의 모험,SAR,089/063,546117,high_confidence,64363,63933,2026-06-28,1,6500,6500,7,6599,6500,3,22400,27,25277,0,0,4,6350,7900,20,6500,A_1M,61750,1.035,3.5,SNK_A_1M_OK,
CRD_6A62F065A24240519E51,심향의 모험,SR,083/063,546114,high_confidence,4010,3872,2026-06-28,0,0,0,0,0,0,0,0,2,8300,0,0,0,0,1000,5,0,NONE,0,,,SCRYDEX_ONLY,
CRD_98F0514FA4E449CBA343,로켓단의 페르시온 ex,RR,079/098,550916,high_confidence,538,446,2026-06-28,0,0,0,0,0,0,0,0,0,0,0,0,0,0,1000,4,0,NONE,0,,,SCRYDEX_ONLY,
CRD_E477534743004D15A397,진주몽,AR,102/098,558070,high_confidence,3657,3511,2026-06-26,0,0,0,0,0,0,6,6400,13,6500,0,0,1,2200,1000,15,0,NONE,0,,,SCRYDEX_ONLY,
CRD_88C69A70082B440AB5C0,로켓단의 이올브,AR,104/098,564042,high_confidence,3257,3088,2026-06-26,0,0,0,0,0,0,12,6860,31,6800,1,2500,3,2300,1000,16,0,NONE,0,,,SCRYDEX_ONLY,
CRD_E1A0B45DD087457B9796,로켓단의 니드킹 ex,SAR,126/098,568324,high_confidence,123994,115297,2026-06-28,2,11000,11000,13,9500,11000,11,21500,47,21866,3,11200,6,10350,6800,24,11000,A_1M,104500,1.103,10.3,SNK_A_1M_OK,
CRD_D89AE69557754704BE5B,로켓단의 람다,SR,119/098,568321,high_confidence,12630,12092,2026-06-27,2,3500,3500,4,3500,3500,0,0,0,0,0,0,0,0,4100,1,3500,A_1M,33250,0.364,-63.6,SNK_A_1M_OK,SCRYDEX_HALF_LOW
CRD_B249F6023816421B9E82,로켓단의 비주기,SAR,128/098,568326,high_confidence,33096,32758,2026-06-27,4,3450,4000,9,3400,4000,2,20699,11,19800,2,4100,7,4000,4100,20,3450,A_1M,32775,0.999,-0.1,SNK_A_1M_OK,
CRD_F655D1FDB00E40F3BB93,로켓단의 뮤츠 ex,SAR,125/098,568902,high_confidence,501907,495192,2026-06-26,3,62000,55000,31,72800,55000,28,111825,84,125087,2,58900,14,62399,45000,96,62000,A_1M,589000,0.841,-15.9,SNK_A_1M_OK,
CRD_C14EA7DC5F234B078571,로켓단의 랜스,SR,120/098,568322,high_confidence,5762,5685,2026-06-27,0,0,0,0,0,0,0,0,0,0,0,0,0,0,1500,2,0,NONE,0,,,SCRYDEX_ONLY,
CRD_9C0777C5F0E2418B84CD,로켓단의 크로뱃 ex,UR,131/098,568327,high_confidence,18853,18745,2026-06-26,1,2000,2000,6,2000,2000,4,8399,7,8498,0,0,0,0,1200,8,2000,A_1M,19000,0.987,-1.3,SNK_A_1M_OK,
CRD_FC031847FF4E4F8989CC,로켓단의 비주기,SR,121/098,568901,high_confidence,7913,7129,2026-06-27,0,0,0,6,1890,1980,1,12900,2,11200,0,0,2,2739,1000,8,1890,A_3M,17955,0.397,-60.3,SNK_A_3M_FALLBACK,SCRYDEX_HALF_LOW
CRD_CC3897BA1A4C4B138E6A,로켓단의 크로뱃 ex,SR,117/098,568898,high_confidence,5854,5700,2026-06-27,0,0,0,1,2000,2000,1,6600,3,6800,0,0,1,3000,1000,8,2000,A_3M,19000,0.3,-70.0,MAPPING_REVIEW,SCRYDEX_HALF_LOW
CRD_B28E6145CF994B09905F,로켓단의 파이어 ex,SAR,124/098,568323,high_confidence,133459,131953,2026-06-26,5,20000,19400,24,19700,19400,17,32999,69,35800,0,0,7,19000,16500,81,20000,A_1M,190000,0.694,-30.6,SNK_A_1M_OK,
CRD_9A198103AC7443DC8A26,로켓단의 아폴로,SR,123/098,568900,high_confidence,4702,4471,2026-06-28,0,0,0,0,0,0,0,0,0,0,0,0,0,0,1000,2,0,NONE,0,,,SCRYDEX_ONLY,
CRD_FF09AC615D4A4B22B433,샤비,AR,088/086,584785,high_confidence,18684,17762,2026-06-26,0,0,0,1,1000,1000,2,8399,10,7899,0,0,0,0,1000,9,1000,A_3M,9500,1.87,87.0,SNK_A_3M_FALLBACK,
CRD_EBCFDCA7F49A46F69C45,주리비얀,AR,087/086,584784,high_confidence,21787,19836,2026-06-28,0,0,0,1,1100,1100,5,8300,13,7400,1,2800,2,2400,2000,12,1100,A_3M,10450,1.898,89.8,SNK_A_3M_FALLBACK,
CRD_C59C1E27D70941A983D2,차오꿀,AR,097/086,584796,high_confidence,11677,10940,2026-06-27,0,0,0,0,0,0,1,6790,3,7250,0,0,0,0,6000,3,0,NONE,0,,,SCRYDEX_ONLY,
CRD_9A8963B9CBC6485CB8D4,뚜꾸리,AR,096/086,584795,high_confidence,28025,27403,2026-06-26,0,0,0,3,1200,1000,3,11200,9,8999,0,0,0,0,2000,7,1200,A_3M,11400,2.404,140.4,SNK_A_3M_FALLBACK,SCRYDEX_2X_HIGH
CRD_B11B7BA4E82A41EA95F8,대검귀,AR,104/086,584800,high_confidence,24261,23585,2026-06-27,0,0,0,2,1000,1000,0,0,6,7074,0,0,0,0,1000,5,1000,A_3M,9500,2.483,148.3,SNK_A_3M_FALLBACK,SCRYDEX_2X_HIGH
CRD_CCEB4346B9854D20B752,볼트로스,AR,120/086,585874,high_confidence,4287,3641,2026-06-27,0,0,0,1,1000,1000,0,0,4,7022,0,0,0,0,1000,7,1000,A_3M,9500,0.383,-61.7,SNK_A_3M_FALLBACK,SCRYDEX_HALF_LOW
CRD_6CE97DC55919437DBC63,켄호로우,AR,155/086,605504,high_confidence,12860,11662,2026-06-27,0,0,0,0,0,0,1,6499,1,6499,0,0,0,0,1000,2,0,NONE,0,,,SCRYDEX_ONLY,
CRD_CAA84D92B77A42B6AD29,삼삼드래 ex,RR,478/742,605489,high_confidence,461,423,2026-06-26,0,0,0,0,0,0,0,0,0,0,0,0,0,0,1000,4,0,NONE,0,,,SCRYDEX_ONLY,
CRD_6DA66A6437FD4A86B009,절각참,AR,148/086,605973,high_confidence,8143,7836,2026-06-28,0,0,0,0,0,0,1,6666,3,6666,0,0,0,0,1000,3,0,NONE,0,,,SCRYDEX_ONLY,
CRD_7EA3BC62F30E405FADC5,메로엣타 ex,SAR,170/086,607256,high_confidence,40087,38397,2026-06-28,1,3000,3000,5,3000,3000,2,10950,18,11499,0,0,0,0,3000,26,3000,A_1M,28500,1.347,34.7,SNK_A_1M_OK,
CRD_C932B86214B443F7BF18,N의 방안,SAR,173/086,606907,high_confidence,87549,85997,2026-06-26,2,5250,5000,11,6999,5000,15,20500,46,22983,6,5849,14,5890,5900,65,5250,A_1M,49875,1.724,72.4,SNK_A_1M_OK,
CRD_EDEB10E56C1B4F3F8691,야나프,AR,089/086,608463,high_confidence,11677,9373,2026-06-26,0,0,0,0,0,0,0,0,0,0,0,0,0,0,1000,6,0,NONE,0,,,SCRYDEX_ONLY,
CRD_F4AB8722DDB74A15A654,램프라,AR,101/086,608474,high_confidence,15734,13982,2026-06-28,0,0,0,0,0,0,4,6850,8,6850,0,0,0,0,3000,3,0,NONE,0,,,SCRYDEX_ONLY,
CRD_EFCB23BB10864CE3BB7F,레시라무 ex,SAR,168/086,607938,high_confidence,224895,213294,2026-06-26,3,29800,29900,25,25000,29900,25,43799,75,44814,3,23900,14,21990,20999,70,29800,A_1M,283100,0.753,-24.7,SNK_A_1M_OK,
CRD_AF3164F375854354B2F4,케르디오 ex,SAR,169/086,607939,high_confidence,47754,43482,2026-06-28,3,3800,3000,10,3000,3000,8,10999,27,10790,0,0,1,3500,3000,15,3800,A_1M,36100,1.204,20.4,SNK_A_1M_OK,
CRD_D9F3370BA1BE476D89E2,프리지오,AR,115/086,608486,high_confidence,5639,5716,2026-06-26,0,0,0,0,0,0,1,6700,3,6800,0,0,0,0,1400,1,0,NONE,0,,,SCRYDEX_ONLY,
CRD_FD5DD2EE993546CAA758,에몽가,AR,116/086,608487,high_confidence,14735,13429,2026-06-28,2,1000,1000,2,1000,1000,5,7800,7,7800,0,0,0,0,7999,1,1000,A_1M,9500,1.414,41.4,SNK_A_1M_OK,
CRD_959F73E091BA412E99DC,두까비,AR,108/086,608480,high_confidence,8481,7851,2026-06-28,0,0,0,0,0,0,2,6799,0,0,0,0,0,0,1000,3,0,NONE,0,,,SCRYDEX_ONLY,
CRD_81C283F7B5804B6E9F93,툰베어,AR,114/086,608485,high_confidence,7006,6607,2026-06-27,0,0,0,0,0,0,0,0,0,0,1,3999,1,3999,1200,2,0,NONE,0,,,SCRYDEX_ONLY,
CRD_DD9456F36A4A40BFBA2C,뽀록나,AR,096/086,608470,high_confidence,21695,17439,2026-06-28,0,0,0,0,0,0,0,0,0,0,0,0,0,0,1000,4,0,NONE,0,,,SCRYDEX_ONLY,
CRD_EBB3E239BB7D4066A689,맘복치,AR,112/086,608483,high_confidence,10725,8973,2026-06-27,0,0,0,0,0,0,0,0,0,0,0,0,0,0,1000,11,0,NONE,0,,,SCRYDEX_ONLY,
CRD_E5D6561E00FA4E9D92EC,저리릴,AR,118/086,608489,high_confidence,6469,6192,2026-06-27,0,0,0,0,0,0,1,7100,0,0,0,0,0,0,8000,1,0,NONE,0,,,SCRYDEX_ONLY,
CRD_BBE6EFDD0952406BA8C0,깜놀버슬,AR,095/086,608469,high_confidence,18945,15488,2026-06-27,0,0,0,0,0,0,1,7900,0,0,0,0,0,0,1200,3,0,NONE,0,,,SCRYDEX_ONLY,
CRD_88D258C40D594E16B22B,동챙이,AR,107/086,608479,high_confidence,11478,9818,2026-06-27,0,0,0,0,0,0,0,0,3,6500,0,0,0,0,1000,6,0,NONE,0,,,SCRYDEX_ONLY,
CRD_7F072B0CB7A3432B8EEE,듀란,AR,124/086,608494,high_confidence,14412,13475,2026-06-27,1,1000,1000,0,0,0,1,7699,0,0,0,0,0,0,1000,4,1000,A_1M,9500,1.418,41.8,SNK_A_1M_OK,
CRD_6C2E76C8810D45DB91FC,저리더프,AR,119/086,608490,high_confidence,9357,9157,2026-06-27,0,0,0,0,0,0,1,6840,1,6840,0,0,0,0,1000,5,0,NONE,0,,,SCRYDEX_ONLY,
CRD_B2D14FA1DDFA481BB7B2,앗차키,AR,106/086,608478,high_confidence,9065,7575,2026-06-28,0,0,0,0,0,0,0,0,0,0,0,0,0,0,6999,2,0,NONE,0,,,SCRYDEX_ONLY,
CRD_DB44D404633141DBBC80,두더류,AR,130/086,608500,high_confidence,5070,4302,2026-06-27,0,0,0,0,0,0,1,6800,2,6650,0,0,0,0,1000,7,0,NONE,0,,,SCRYDEX_ONLY,
CRD_89F0DED26A364D2D9B5E,으랏차,AR,131/086,608501,high_confidence,8912,8574,2026-06-27,0,0,0,0,0,0,0,0,1,6599,0,0,0,0,6800,1,0,NONE,0,,,SCRYDEX_ONLY,
CRD_9EC31C68BA49485F819E,던지미,AR,134/086,608504,high_confidence,5255,5101,2026-06-26,0,0,0,0,0,0,0,0,0,0,0,0,0,0,1000,6,0,NONE,0,,,SCRYDEX_ONLY,
CRD_AA7C762B17B749CEBF08,토쇠골,AR,132/086,608502,high_confidence,7344,6761,2026-06-27,1,1000,1000,1,1000,1000,0,0,1,9590,0,0,0,0,6889,2,1000,A_1M,9500,0.712,-28.8,SNK_A_1M_OK,
CRD_B86D2122C72F49ECB65D,리그레,AR,126/086,608496,high_confidence,8835,8589,2026-06-27,0,0,0,0,0,0,2,6110,2,6110,0,0,0,0,1480,5,0,NONE,0,,,SCRYDEX_ONLY,
CRD_DA900EAAF6EA496AA465,몽나,AR,121/086,608491,high_confidence,19790,16763,2026-06-28,0,0,0,0,0,0,0,0,0,0,0,0,0,0,1000,3,0,NONE,0,,,SCRYDEX_ONLY,
CRD_EEB4000CF829493595C7,아케오스,AR,130/086,608570,high_confidence,10141,9180,2026-06-26,0,0,0,0,0,0,0,0,0,0,0,0,0,0,1000,3,0,NONE,0,,,SCRYDEX_ONLY,
CRD_BC94D56140324F5E8B10,마디네,AR,138/086,608507,high_confidence,9634,7959,2026-06-27,0,0,0,0,0,0,2,6699,5,6500,0,0,0,0,6798,1,0,NONE,0,,,SCRYDEX_ONLY,
CRD_B71401CE4CBA4FD5914C,슈바르고,AR,146/086,608515,high_confidence,7898,6853,2026-06-26,0,0,0,0,0,0,0,0,0,0,0,0,1,1800,1000,5,0,NONE,0,,,SCRYDEX_ONLY,
CRD_9B35454E9FAA4465BC23,콩둘기,AR,153/086,608521,high_confidence,23739,23216,2026-06-27,0,0,0,1,1000,1000,2,8000,5,7950,0,0,0,0,1500,1,1000,A_3M,9500,2.444,144.4,SNK_A_3M_FALLBACK,SCRYDEX_2X_HIGH
CRD_E489FF5E6B654755AC1B,치라미,AR,157/086,608524,high_confidence,22632,21833,2026-06-27,1,1400,1400,3,1400,1400,2,6805,5,7000,0,0,0,0,1800,3,1400,A_1M,13300,1.642,64.2,SNK_A_1M_OK,
CRD_E778C735BD9241BE810D,액슨도,AR,151/086,608519,high_confidence,10986,9711,2026-06-27,0,0,0,0,0,0,0,0,1,6000,0,0,0,0,2200,4,0,NONE,0,,,SCRYDEX_ONLY,
CRD_88D8B1966C914557B55B,샤로다 ex,SR,159/086,608526,high_confidence,1982,1921,2026-06-27,0,0,0,0,0,0,0,0,0,0,0,0,0,0,1000,5,0,NONE,0,,,SCRYDEX_ONLY,
CRD_D2FF712DE7F2490F83AB,액스라이즈,AR,152/086,608520,high_confidence,20804,20773,2026-06-28,0,0,0,2,2400,3800,0,0,2,6899,0,0,0,0,1700,6,2400,A_3M,22800,0.911,-8.9,SNK_A_3M_FALLBACK,
CRD_811F41C997424C4799EC,유토브,AR,154/086,608522,high_confidence,5393,5147,2026-06-28,0,0,0,0,0,0,0,0,2,6749,0,0,0,0,1000,4,0,NONE,0,,,SCRYDEX_ONLY,
CRD_73D6953981C84918B834,어지리더,AR,094/086,608540,high_confidence,7068,6761,2026-06-27,0,0,0,0,0,0,1,6666,2,6732,0,0,0,0,1000,4,0,NONE,0,,,SCRYDEX_ONLY,
CRD_EB7841DA056B401A80EC,바라철록,AR,092/086,608538,high_confidence,22556,17370,2026-06-26,1,1000,1000,1,1000,1000,1,8800,1,8800,0,0,0,0,1000,3,1000,A_1M,9500,1.828,82.8,SNK_A_1M_OK,
CRD_BACA0ED67D664015A669,바닐프티,AR,108/086,608548,high_confidence,16901,14796,2026-06-27,0,0,0,0,0,0,0,0,0,0,0,0,1,2600,1500,2,0,NONE,0,,,SCRYDEX_ONLY,
CRD_BC37591EA9BD4AFE9BD5,두르보,AR,087/086,608534,high_confidence,18361,16702,2026-06-27,0,0,0,0,0,0,0,0,0,0,0,0,0,0,1000,1,0,NONE,0,,,SCRYDEX_ONLY,
CRD_F2F526A3A5F244D59FCF,사철록,AR,091/086,608537,high_confidence,19698,17470,2026-06-27,0,0,0,0,0,0,2,7400,2,7400,0,0,0,0,7548,3,0,NONE,0,,,SCRYDEX_ONLY,
CRD_7BB290C3BD38478A914D,파쪼옥,AR,113/086,608553,high_confidence,26765,26689,2026-06-27,0,0,0,0,0,0,1,7900,1,7900,0,0,0,0,1000,2,0,NONE,0,,,SCRYDEX_ONLY,
CRD_93B336450FE341B4AC0E,큐레무 ex,SR,160/086,608527,high_confidence,2090,2090,2026-06-27,0,0,0,1,1000,1000,3,7000,5,7000,0,0,0,0,1000,3,1000,A_3M,9500,0.22,-78.0,MAPPING_REVIEW,SCRYDEX_HALF_LOW
CRD_63B80E0E81474366B192,고디탱,AR,121/086,608561,high_confidence,19744,18407,2026-06-27,0,0,0,1,1000,1000,0,0,2,6474,0,0,0,0,0,0,1000,A_3M,9500,1.938,93.8,SNK_A_3M_FALLBACK,
CRD_7A54C2FA809B4E9699FD,몰드류 ex,SR,163/086,608529,high_confidence,1076,1122,2026-06-27,0,0,0,0,0,0,2,6200,0,0,0,0,0,0,1000,1,0,NONE,0,,,SCRYDEX_ONLY,
CRD_E8C45BEBEA1E4589A70E,두르쿤,AR,088/086,608535,high_confidence,10970,10156,2026-06-26,0,0,0,0,0,0,0,0,0,0,0,0,0,0,2000,2,0,NONE,0,,,SCRYDEX_ONLY,
CRD_AD6115AF78224218ACF6,스완나,AR,107/086,608547,high_confidence,12906,11155,2026-06-27,0,0,0,0,0,0,1,9999,2,8811,0,0,0,0,7800,2,0,NONE,0,,,SCRYDEX_ONLY,
CRD_CA411E680E6F4183A00B,바오키,AR,100/086,608543,high_confidence,12215,10901,2026-06-26,0,0,0,0,0,0,0,0,0,0,0,0,0,0,1000,2,0,NONE,0,,,SCRYDEX_ONLY,
CRD_A1FF49B34D00462B8DF0,맘박쥐,AR,117/086,608557,high_confidence,10095,9296,2026-06-27,0,0,0,0,0,0,1,6680,0,0,0,0,0,0,7800,5,0,NONE,0,,,SCRYDEX_ONLY,
CRD_8C4595A6BD8543299E01,고디보미,AR,122/086,608562,high_confidence,17224,15134,2026-06-26,0,0,0,0,0,0,2,6555,0,0,0,0,0,0,1000,4,0,NONE,0,,,SCRYDEX_ONLY,
CRD_E07E47F969DF425B88E9,골비람,AR,128/086,608498,high_confidence,6300,6038,2026-06-27,0,0,0,0,0,0,1,7200,1,7200,0,0,0,0,1000,4,0,NONE,0,,,SCRYDEX_ONLY,
CRD_7F1F939CC0DB4671824A,바닐리치,AR,109/086,608549,high_confidence,9895,9419,2026-06-27,0,0,0,0,0,0,1,7200,3,6999,0,0,0,0,1000,3,0,NONE,0,,,SCRYDEX_ONLY,
CRD_A4F8739E43884B02A683,레파르다스,AR,135/086,608575,high_confidence,27472,19882,2026-06-27,0,0,0,0,0,0,1,7900,1,7900,0,0,0,0,1300,9,0,NONE,0,,,SCRYDEX_ONLY,
CRD_DF4775DD63D8489DB391,심보러,AR,118/086,608558,high_confidence,7944,7621,2026-06-26,0,0,0,0,0,0,0,0,0,0,0,0,0,0,1000,9,0,NONE,0,,,SCRYDEX_ONLY,
CRD_AD8D9A5B43C24CB6A5F9,곤율랭,AR,136/086,608576,high_confidence,15273,13214,2026-06-28,0,0,0,0,0,0,1,8888,2,8738,0,0,0,0,9800,1,0,NONE,0,,,SCRYDEX_ONLY,
CRD_8FAAD56862D840F2A5DC,요테리,AR,153/086,608593,high_confidence,25444,23416,2026-06-27,0,0,0,0,0,0,1,7500,1,7500,0,0,0,0,3999,4,0,NONE,0,,,SCRYDEX_ONLY,
CRD_B6F27325C75E414B802B,철시드,AR,144/086,608584,high_confidence,4978,4625,2026-06-28,0,0,0,0,0,0,2,7000,0,0,0,0,0,0,1000,7,0,NONE,0,,,SCRYDEX_ONLY,
CRD_E8813064F21A409D8BEF,탱그릴,AR,124/086,608564,high_confidence,12169,11677,2026-06-27,0,0,0,0,0,0,0,0,0,0,0,0,0,0,1000,4,0,NONE,0,,,SCRYDEX_ONLY,
CRD_BF2A02781B26488BA64B,조로아,AR,140/086,608580,high_confidence,38919,33403,2026-06-27,5,2100,2999,8,2050,2999,6,9950,15,9000,0,0,0,0,2800,7,2100,A_1M,19950,1.674,67.4,SNK_A_1M_OK,
CRD_A320E30FFCFE4D5A901D,수리둥보,AR,156/086,608596,high_confidence,7252,6976,2026-06-27,0,0,0,0,0,0,0,0,0,0,0,0,0,0,1500,1,0,NONE,0,,,SCRYDEX_ONLY,
CRD_F6F255B07DE64989A77B,보르쥐,AR,151/086,608591,high_confidence,9173,8574,2026-06-27,0,0,0,0,0,0,0,0,1,6799,0,0,0,0,1000,4,0,NONE,0,,,SCRYDEX_ONLY,
CRD_C5B38ED6409E430EA353,디헤드,AR,143/086,608583,high_confidence,8282,8051,2026-06-27,0,0,0,0,0,0,0,0,1,8000,0,0,0,0,1200,8,0,NONE,0,,,SCRYDEX_ONLY,
CRD_FA2D897E8D2644E2BDF3,아이앤트,AR,149/086,608589,high_confidence,6807,6591,2026-06-28,0,0,0,0,0,0,1,6450,2,6475,0,0,0,0,1000,2,0,NONE,0,,,SCRYDEX_ONLY,
CRD_D7B9B3BCB4264919B5BC,투희,SR,166/086,608603,high_confidence,12676,12077,2026-06-27,2,2949,3500,10,2549,3500,5,11500,21,11000,0,0,12,2940,2500,24,2949,A_1M,28016,0.431,-56.9,SNK_A_1M_OK,SCRYDEX_HALF_LOW
CRD_A015A394F46844D180E4,케르디오 ex,SR,161/086,608599,high_confidence,2136,2366,2026-06-28,0,0,0,1,1000,1000,2,6750,3,7500,0,0,0,0,1000,10,1000,A_3M,9500,0.249,-75.1,MAPPING_REVIEW,SCRYDEX_HALF_LOW
CRD_D1A8C3F081B74BAE8414,삼삼드래 ex,SR,163/086,608601,high_confidence,1414,1613,2026-06-27,0,0,0,0,0,0,4,6600,7,7000,0,0,0,0,1000,9,0,NONE,0,,,SCRYDEX_ONLY,
CRD_6E6230DEBE1C4DBF815D,버프론 ex,SR,164/086,608602,high_confidence,1275,1306,2026-06-27,0,0,0,0,0,0,2,7549,3,7500,0,0,0,0,1000,4,0,NONE,0,,,SCRYDEX_ONLY,
CRD_78A1D3109CFF440DAF76,N의 방안,SR,165/086,608531,high_confidence,7944,7652,2026-06-27,0,0,0,2,1150,1000,2,8950,9,9500,2,3972,5,2980,1000,29,1150,A_3M,10925,0.7,-30.0,SNK_A_3M_FALLBACK,
CRD_6CD688020940471E9BED,메가루카리오 ex,RR,029/063,628159,high_confidence,568,584,2026-06-26,0,0,0,0,0,0,0,0,0,0,0,0,0,0,1000,24,0,NONE,0,,,SCRYDEX_ONLY,
CRD_9F16F13DF68C4204B8EF,메가라티아스 ex,RR,049/063,628170,high_confidence,691,630,2026-06-28,0,0,0,0,0,0,1,5000,1,5000,0,0,0,0,1000,10,0,NONE,0,,,SCRYDEX_ONLY,
CRD_738510ECA688475BA724,후딘,AR,071/063,645380,high_confidence,7575,7452,2026-06-26,3,1000,1250,5,1000,1250,13,6800,46,6899,0,0,3,2500,1000,53,1000,A_1M,9500,0.784,-21.6,SNK_A_1M_OK,
CRD_B20942F08E184FD3AC9C,이상해풀,AR,065/063,657362,high_confidence,13429,12230,2026-06-28,0,0,0,19,1000,1000,26,7051,76,7425,3,3500,14,3050,1000,110,1000,A_3M,9500,1.287,28.7,SNK_A_3M_FALLBACK,
CRD_DCC8CEBEBF3C4B9D88E0,레오꼬,AR,066/063,663639,high_confidence,3288,3365,2026-06-26,0,0,0,0,0,0,12,6820,26,6796,0,0,2,2299,1000,22,0,NONE,0,,,SCRYDEX_ONLY,
CRD_9289770776A1479DADE6,마티스의 거래,SR,086/063,663635,high_confidence,1921,1905,2026-06-26,0,0,0,0,0,0,1,5999,1,5999,1,1444,1,1444,1000,7,0,NONE,0,,,SCRYDEX_ONLY,
CRD_BE2C80A0B66343AA892E,식스테일,AR,067/063,662217,high_confidence,9480,9572,2026-06-26,3,1000,1000,5,1000,1000,17,6800,42,6955,2,3300,6,3250,1000,41,1000,A_1M,9500,1.008,0.8,SNK_A_1M_OK,
CRD_F2780FF8888D4EC99BCC,메가캥카 ex,SR,080/063,664096,high_confidence,5132,5385,2026-06-26,1,1000,1000,1,1000,1000,7,7300,19,6999,0,0,0,0,1000,28,1000,A_1M,9500,0.567,-43.3,SNK_A_1M_OK,
CRD_FE20328DB07A4AA9AE98,메가라티아스 ex,SAR,088/063,664092,high_confidence,64747,62074,2026-06-26,11,4680,4799,36,4500,4799,24,13694,82,14498,3,6200,9,5899,4700,121,4680,A_1M,44460,1.396,39.6,SNK_A_1M_OK,
CRD_F55FC4526B154E6FBB46,콜로솔트,AR,070/063,664099,high_confidence,2013,1875,2026-06-26,0,0,0,0,0,0,19,6800,34,6798,1,3400,1,3400,1000,20,0,NONE,0,,,SCRYDEX_ONLY,
CRD_95CC63655EC74676BA27,땃쭈르,AR,072/063,664100,high_confidence,2612,2712,2026-06-26,0,0,0,0,0,0,12,6800,40,6600,0,0,1,2600,1000,29,0,NONE,0,,,SCRYDEX_ONLY,
CRD_F58A3A5528E24CB1A4C3,목도리키텔,AR,070/063,664115,high_confidence,3426,3150,2026-06-28,0,0,0,0,0,0,14,6725,34,6775,1,2550,3,2500,1000,22,0,NONE,0,,,SCRYDEX_ONLY,
CRD_E385CD17340F406F8B5F,형사구스,AR,075/063,664103,high_confidence,2842,2766,2026-06-26,0,0,0,0,0,0,11,6800,37,6700,0,0,1,2444,1000,32,0,NONE,0,,,SCRYDEX_ONLY,
CRD_A20F94DEEB5245129C85,포곰곰,AR,075/063,664118,high_confidence,5531,5624,2026-06-26,0,0,0,0,0,0,15,6800,35,6750,0,0,1,1999,1000,34,0,NONE,0,,,SCRYDEX_ONLY,
CRD_CF31B0FF74A849A2B69F,블로스터,AR,068/063,664114,high_confidence,2704,2520,2026-06-28,0,0,0,0,0,0,14,6800,28,6746,0,0,0,0,1000,21,0,NONE,0,,,SCRYDEX_ONLY,
CRD_B5CCF871C4AD4CA18B71,마티스의 거래,SAR,091/063,664110,high_confidence,9173,9603,2026-06-26,0,0,0,3,1000,1000,2,8721,7,8444,0,0,0,0,1000,12,1000,A_3M,9500,1.011,1.1,SNK_A_3M_FALLBACK,
CRD_DFF8CB13F6C7491C8154,메가앱솔 ex,SR,079/063,664106,high_confidence,5393,5393,2026-06-28,1,1000,1000,1,1000,1000,9,7399,17,7000,1,2800,4,2899,1000,21,1000,A_1M,9500,0.568,-43.2,SNK_A_1M_OK,
CRD_ACB8A5DF94244A189395,메가라티아스 ex,SR,079/063,664120,high_confidence,6392,6376,2026-06-27,1,1000,1000,2,1000,1000,11,7199,29,6999,1,3980,1,3980,1000,24,1000,A_1M,9500,0.671,-32.9,SNK_A_1M_OK,
CRD_773316D488304D578A1D,민진의 헤아림,SR,084/063,664123,high_confidence,1782,1782,2026-06-28,0,0,0,1,1000,1000,1,7222,4,6780,0,0,0,0,1000,8,1000,A_3M,9500,0.188,-81.2,MAPPING_REVIEW,SCRYDEX_HALF_LOW
CRD_A4182C43172645D6AA8D,아세로라의 장난,SR,085/063,664122,high_confidence,6192,6115,2026-06-26,12,1800,1999,38,1758,1999,18,13191,69,12426,9,3000,27,2979,1300,76,1800,A_1M,17100,0.358,-64.2,SNK_A_1M_OK,SCRYDEX_HALF_LOW
CRD_EE9DBDB6BFC24FC08B14,묘두기,AR,073/063,664117,high_confidence,2520,2712,2026-06-26,0,0,0,0,0,0,10,6762,30,6700,0,0,1,2499,1000,17,0,NONE,0,,,SCRYDEX_ONLY,
CRD_C927EDBD33EB444EA017,아이스크,AR,065/063,664112,high_confidence,3396,3542,2026-06-26,0,0,0,0,0,0,8,6683,29,6675,1,2580,2,2539,1000,23,0,NONE,0,,,SCRYDEX_ONLY,
CRD_CF300350E3954689842D,자시안,AR,087/080,693513,high_confidence,3426,3365,2026-06-26,2,1005,1000,2,1005,1000,17,6850,42,6799,3,2500,6,2099,1000,59,1005,A_1M,9548,0.352,-64.8,SNK_A_1M_OK,SCRYDEX_HALF_LOW
CRD_AE252DCBF6FA4506ACCD,메가샤크니아 ex,RR,051/080,687283,high_confidence,553,553,2026-06-28,0,0,0,0,0,0,0,0,0,0,0,0,0,0,1000,6,0,NONE,0,,,SCRYDEX_ONLY,
CRD_3B58C4FB597C409D8154,리파,SAR,091/066,152775,high_confidence,20343,20297,2026-06-27,1,2500,2500,1,2500,2500,1,8500,2,8150,1,4480,2,3990,2000,8,2500,A_1M,23750,0.855,-14.5,SNK_A_1M_OK,
CRD_135EC26698D0487B9383,총지엔 ex,RR,024/190,156409,high_confidence,369,353,2026-06-27,0,0,0,0,0,0,0,0,0,0,0,0,0,0,1000,5,0,NONE,0,,,SCRYDEX_ONLY,
CRD_435238B98B534ED1A50A,마마네,SR,057/049,91359,high_confidence,115236,0,2026-05-12,1,45000,45000,2,42500,45000,5,110000,21,115000,3,33000,4,33166,30000,43,45000,A_1M,427500,,,SNK_A_1M_OK,
CRD_ABB9C24219D047ECAF3A,마샤도&괴력몬 GX,RR,067/173,396049,high_confidence,17424,16148,2026-06-28,0,0,0,0,0,0,1,9800,8,11455,0,0,1,3700,1499,11,0,NONE,0,,,SCRYDEX_ONLY,
CRD_1F8F6869FA4548279B6E,루카리오&멜메탈 GX,RR,029/054,393271,high_confidence,13029,13029,2026-06-26,0,0,0,1,1000,1000,0,0,6,9999,1,6000,2,5499,2500,5,1000,A_3M,9500,1.371,37.1,SNK_A_3M_FALLBACK,
CRD_B67C469BF7EA40619E14,입치트 GX,RR,089/173,396071,high_confidence,1736,1798,2026-06-28,0,0,0,0,0,0,0,0,0,0,0,0,0,0,0,0,0,NONE,0,,,SCRYDEX_ONLY,
CRD_5DF591EAB7B44D25AF5A,한카리아스 V,RR,054/067,139687,high_confidence,799,784,2026-06-26,0,0,0,0,0,0,0,0,0,0,0,0,0,0,1000,1,0,NONE,0,,,SCRYDEX_ONLY,
CRD_57BFC803754F499E82F0,모래털가죽 ex,RR,088/187,466382,high_confidence,415,384,2026-06-28,0,0,0,0,0,0,0,0,0,0,0,0,0,0,1000,4,0,NONE,0,,,SCRYDEX_ONLY,
CRD_093F671F8D0F4F349B81,블래키 V,RR,047/069,112526,high_confidence,3472,3465,2026-06-26,2,2000,3000,8,1215,3000,4,12474,17,13800,0,0,2,4250,1000,25,2000,A_1M,19000,0.182,-81.8,MAPPING_REVIEW,SCRYDEX_HALF_LOW
CRD_2D4AA6D08A11483FA5DB,무쇠가시 ex,RR,282/742,204137,high_confidence,353,384,2026-06-27,0,0,0,0,0,0,0,0,0,0,0,0,0,0,0,0,0,NONE,0,,,SCRYDEX_ONLY,
CRD_143023DAF60545D2B327,오리진 디아루가 V,RR,048/067,139488,high_confidence,860,799,2026-06-28,0,0,0,0,0,0,0,0,0,0,0,0,0,0,0,0,0,NONE,0,,,SCRYDEX_ONLY,
CRD_A45225946385449CBE53,제라오라 V,RR,024/070,141888,high_confidence,1321,1321,2026-06-28,0,0,0,0,0,0,0,0,0,0,0,0,0,0,0,0,0,NONE,0,,,SCRYDEX_ONLY,
CRD_39493D33675143109748,파이어&썬더&프리져 GX,RR,102/173,396084,high_confidence,38550,33695,2026-06-27,3,5200,5980,15,5500,5980,21,17899,61,17599,1,5999,3,4500,3500,37,5200,A_1M,49400,0.682,-31.8,SNK_A_1M_OK,
CRD_BDD8F152587B432C9CED,음번 ex,RR,135/190,162065,high_confidence,399,338,2026-06-27,0,0,0,0,0,0,0,0,0,0,0,0,0,0,1000,2,0,NONE,0,,,SCRYDEX_ONLY,
CRD_8A1DCB955E61497F9B0D,입치트 GX,RR,030/054,393095,high_confidence,2090,2090,2026-06-28,0,0,0,0,0,0,0,0,0,0,0,0,0,0,1000,5,0,NONE,0,,,SCRYDEX_ONLY,
CRD_43945060F9E847A0AE3F,그란돈 EX,SR,054/052,91630,high_confidence,69142,69142,2026-06-28,0,0,0,0,0,0,0,0,0,0,0,0,0,0,700000,2,0,NONE,0,,,SCRYDEX_ONLY,
CRD_795EDB8C9C91475EBBBD,재인,SR,064/059,91506,high_confidence,186298,186298,2026-06-28,0,0,0,0,0,0,0,0,7,136000,0,0,0,0,41999,17,0,NONE,0,,,SCRYDEX_ONLY,
CRD_0B59EFE11F824CC29403,다태우지네 V,RR,016/070,145268,high_confidence,814,814,2026-06-28,0,0,0,0,0,0,0,0,0,0,0,0,0,0,0,0,0,NONE,0,,,SCRYDEX_ONLY,
CRD_01E1A15D9BF64FB3A102,캥카 EX,RR,064/080,380763,high_confidence,2812,2812,2026-06-28,0,0,0,0,0,0,0,0,1,15800,2,4999,2,4999,1000,2,0,NONE,0,,,SCRYDEX_ONLY,
CRD_62382B166E0840719246,오리진 펄기아 V,RR,027/172,103062,high_confidence,630,522,2026-06-28,0,0,0,0,0,0,0,0,0,0,0,0,0,0,1000,4,0,NONE,0,,,SCRYDEX_ONLY,
CRD_5E8B9D8B826549B5BE0E,글레이시아 GX,RR,027/150,112747,high_confidence,5915,5915,2026-06-26,0,0,0,1,2600,2600,2,9500,4,9500,0,0,1,5000,1499,10,2600,A_3M,24700,0.239,-76.1,MAPPING_REVIEW,SCRYDEX_HALF_LOW
CRD_535F50E9DD9145CFB167,개굴닌자 GX,RR,033/150,112748,high_confidence,6837,6131,2026-06-26,1,1500,1500,1,1500,1500,3,14500,18,10821,1,4000,4,5050,1200,18,1500,A_1M,14250,0.43,-57.0,SNK_A_1M_OK,SCRYDEX_HALF_LOW
CRD_D03B772C5E7A47F49391,레지스틸 ex,RR,499/742,740704,high_confidence,0,0,,0,0,0,0,0,0,0,0,0,0,0,0,0,0,0,0,0,NONE,0,,,NO_DATA,
CRD_15FD761C7E9D47358044,기로치 ex,RR,104/187,277239,high_confidence,553,461,2026-06-27,0,0,0,0,0,0,0,0,0,0,0,0,0,0,2500,1,0,NONE,0,,,SCRYDEX_ONLY,
CRD_97D7C457DF3B41A8A619,마자용 BREAK,RR,055/131,391077,high_confidence,61444,61444,2026-06-28,0,0,0,0,0,0,0,0,0,0,0,0,0,0,39800,1,0,NONE,0,,,SCRYDEX_ONLY,
CRD_15F12748F61F45C7853E,M폭타 EX,RR,172/171,106281,high_confidence,30714,30714,2026-06-28,0,0,0,0,0,0,1,30000,4,30000,0,0,0,0,29000,1,0,NONE,0,,,SCRYDEX_ONLY,
CRD_704B8C245A2D48CFA157,제라오라 V,RR,054/184,141059,high_confidence,615,568,2026-06-28,0,0,0,0,0,0,0,0,0,0,0,0,0,0,1200,1,0,NONE,0,,,SCRYDEX_ONLY,
CRD_458264C893E84DF0975A,지가르데 GX,SR,096/094,334654,high_confidence,17100,0,2026-05-08,0,0,0,0,0,0,0,0,1,14800,0,0,0,0,8000,1,0,NONE,0,,,SCRYDEX_ONLY,
CRD_FC1BC821D02D4F06BD47,메가깜까미&마기라스 GX,RR,054/094,321565,high_confidence,26842,26136,2026-06-26,1,2450,2450,2,2280,2450,9,10444,17,10000,2,4390,4,4740,1599,15,2450,A_1M,23275,1.123,12.3,SNK_A_1M_OK,
CRD_A2C303F9E86F4EDF9398,아가씨,HR,123/100,96627,high_confidence,17347,17347,2026-06-28,0,0,0,2,2500,2500,0,0,2,8500,0,0,0,0,2000,11,2500,A_3M,23750,0.73,-27.0,SNK_A_3M_FALLBACK,
CRD_54A4959E13F64F7AB630,해루미,AR,102/101,256064,high_confidence,4502,4617,2026-06-26,0,0,0,0,0,0,3,7200,11,6900,0,0,0,0,6999,4,0,NONE,0,,,SCRYDEX_ONLY,
CRD_9C262C40B485491EB19A,개굴닌자&조로아크 GX,SR,058/055,104638,high_confidence,42330,42330,2026-06-28,0,0,0,1,6500,6500,0,0,4,35900,1,8000,2,7375,7150,16,6500,A_3M,61750,0.686,-31.4,SNK_A_3M_FALLBACK,
CRD_57D3263FF3A147BF9CBD,벨의 진심,SAR,096/071,184144,high_confidence,44312,44205,2026-06-28,0,0,0,3,6000,6000,9,21800,30,28198,6,5790,11,6280,5200,58,6000,A_3M,57000,0.776,-22.4,SNK_A_3M_FALLBACK,
CRD_428AF8A0299041E5A922,두드리짱 ex,RR,035/071,118629,high_confidence,999,999,2026-06-27,0,0,0,0,0,0,0,0,0,0,0,0,0,0,1000,3,0,NONE,0,,,SCRYDEX_ONLY,
CRD_29464E6CFC1448969B4A,무청,SR,113/098,100570,high_confidence,13936,13905,2026-06-28,0,0,0,2,2350,2500,20,11938,56,11029,2,3647,5,3000,2000,109,2350,A_3M,22325,0.623,-37.7,SNK_A_3M_FALLBACK,
CRD_A2809ACDAA524CC6B457,야청,HR,118/100,101651,high_confidence,63533,63533,2026-06-28,0,0,0,0,0,0,0,0,3,9999,0,0,2,5000,3500,12,0,NONE,0,,,SCRYDEX_ONLY,
CRD_630A12E88A2C405CB9F3,지가르데 GX,SSR,225/150,112789,high_confidence,68681,68681,2026-06-28,1,4000,4000,2,3250,4000,2,29200,10,26277,3,4980,8,4500,8000,10,4000,A_1M,38000,1.807,80.7,SNK_A_1M_OK,
CRD_DDCF9A4843654499A109,타만타,AR,064/062,136488,high_confidence,21372,22379,2026-06-26,1,2000,2000,3,2000,2000,3,7860,3,7860,0,0,0,0,1800,2,2000,A_1M,19000,1.178,17.8,SNK_A_1M_OK,
CRD_6E69415874774031B60E,마폭시 BREAK,RR,012/078,389529,high_confidence,23047,23047,2026-06-28,0,0,0,0,0,0,0,0,0,0,0,0,0,0,0,0,0,NONE,0,,,SCRYDEX_ONLY,
CRD_0DB9B4215B8140FAAA2E,앱솔 ex,RR,073/108,132218,high_confidence,860,753,2026-06-27,0,0,0,0,0,0,0,0,0,0,0,0,0,0,1000,5,0,NONE,0,,,SCRYDEX_ONLY,
CRD_C84ED2B9A3F04FFF9591,아르세우스 VSTAR,UR,125/100,93014,high_confidence,24430,24430,2026-06-26,0,0,0,10,4840,3999,3,15771,19,15771,0,0,0,0,3000,35,4840,A_3M,45980,0.531,-46.9,SNK_A_3M_FALLBACK,
CRD_E0504F647D66433CB038,비퀸 ex,RR,051/108,132196,high_confidence,446,461,2026-06-27,0,0,0,0,0,0,0,0,0,0,0,0,0,0,1000,4,0,NONE,0,,,SCRYDEX_ONLY,
CRD_5495412158834F0487D3,로켓단의 니드킹 ex,SR,116/098,567639,high_confidence,7728,7490,2026-06-26,0,0,0,1,1000,1000,3,6900,5,8300,0,0,0,0,1000,13,1000,A_3M,9500,0.788,-21.2,SNK_A_3M_FALLBACK,
CRD_6622C5C878F244828DA2,어리짱,AR,076/071,120732,high_confidence,9403,8896,2026-06-28,0,0,0,0,0,0,3,7000,7,7000,0,0,0,0,1000,11,0,NONE,0,,,SCRYDEX_ONLY,
CRD_595B6C8D454040518BFD,랜드로스,AR,137/086,585875,high_confidence,11063,9588,2026-06-27,0,0,0,1,1999,1999,2,6900,7,6800,0,0,1,2444,2000,2,1999,A_3M,18990,0.505,-49.5,SNK_A_3M_FALLBACK,
CRD_4078C16E4F0A46D1B247,메가헤라크로스 ex,SR,093/080,704384,high_confidence,3887,3787,2026-06-26,0,0,0,0,0,0,4,7499,8,7400,0,0,0,0,1000,14,0,NONE,0,,,SCRYDEX_ONLY,
CRD_3DA9FF90C36043F5AFDC,코바르온 ex,RR,062/083,774209,high_confidence,323,353,2026-06-28,0,0,0,0,0,0,0,0,0,0,0,0,0,0,1000,7,0,NONE,0,,,SCRYDEX_ONLY,
CRD_7B28676DCCDC4062B984,위대한엄니 ex,RR,049/078,108327,high_confidence,446,446,2026-06-28,0,0,0,0,0,0,0,0,0,0,0,0,0,0,1000,3,0,NONE,0,,,SCRYDEX_ONLY,
CRD_5FE253E42C974A6AB4E7,라이코 V,SAR,218/172,103070,high_confidence,48937,47370,2026-06-27,7,4700,5400,25,4500,5400,18,15900,56,14599,2,6849,7,6700,4000,38,4700,A_1M,44650,1.061,6.1,SNK_A_1M_OK,
CRD_46AA4AF10EC446A2A11D,기모노드레스,HR,089/068,95126,high_confidence,15641,15641,2026-06-28,1,2800,2800,3,2800,2800,2,7725,5,7450,0,0,0,0,2500,10,2800,A_1M,26600,0.588,-41.2,SNK_A_1M_OK,
CRD_4A6AB07D1EE64032B862,로켓단의 뮤츠 ex,UR,130/098,568904,high_confidence,64163,62504,2026-06-27,2,12750,12500,35,14000,12500,15,32249,49,38999,0,0,3,9500,9999,101,12750,A_1M,121125,0.516,-48.4,SNK_A_1M_OK,
CRD_53EAEC16A2AC449B842F,메가눈여아 ex,RR,036/193,727385,high_confidence,415,446,2026-06-28,0,0,0,0,0,0,1,6999,0,0,0,0,0,0,1000,12,0,NONE,0,,,SCRYDEX_ONLY,
CRD_AC4EB0CDE09A4473820C,삼삼드래 ex,SAR,133/106,413158,high_confidence,44942,45311,2026-06-27,1,8000,8000,3,5000,8000,16,13341,36,12474,1,7800,2,6399,2980,19,8000,A_1M,76000,0.596,-40.4,SNK_A_1M_OK,
CRD_385E29A0C8C3476C9C4B,드래피온 V,RR,085/172,105548,high_confidence,492,492,2026-06-28,0,0,0,0,0,0,0,0,0,0,0,0,0,0,1000,4,0,NONE,0,,,SCRYDEX_ONLY,
CRD_78690B2E84B943EFA5E1,메가픽시 ex,SR,096/080,753263,high_confidence,8374,8504,2026-06-26,0,0,0,4,1000,1000,5,8000,9,8300,0,0,0,0,1000,29,1000,A_3M,9500,0.895,-10.5,SNK_A_3M_FALLBACK,
CRD_B158EA20CC184AF1B925,메가깜까미&마기라스 GX,SR,102/094,104582,high_confidence,307296,307296,2026-06-28,0,0,0,1,33333,33333,4,85750,6,87850,4,24500,5,24980,19800,18,33333,A_3M,316664,0.97,-3.0,SNK_A_3M_FALLBACK,
CRD_FF43D0C9318B45C5AAE4,후파 V,RR,066/100,141363,high_confidence,999,983,2026-06-28,0,0,0,0,0,0,0,0,0,0,0,0,0,0,0,0,0,NONE,0,,,SCRYDEX_ONLY,
CRD_0ED50328C342401E80A4,박사의 연구(매그놀리아박사),SR,067/060,112825,high_confidence,30714,30714,2026-06-28,0,0,0,0,0,0,0,0,0,0,0,0,0,0,2000,1,0,NONE,0,,,SCRYDEX_ONLY,
CRD_26CD880191FC48B2BE27,벨의 진심,SR,090/071,186246,high_confidence,4379,4502,2026-06-27,1,1000,1000,2,1000,1000,2,12775,18,12040,3,3800,6,3050,1200,44,1000,A_1M,9500,0.474,-52.6,SNK_A_1M_OK,SCRYDEX_HALF_LOW
CRD_8297F066BE06430AAD93,오거폰 화덕의 가면 ex,SAR,204/187,471672,high_confidence,7836,7821,2026-06-26,0,0,0,1,1000,1000,2,8650,6,7350,0,0,0,0,1000,24,1000,A_3M,9500,0.823,-17.7,SNK_A_3M_FALLBACK,
CRD_EF1580E2B034449EBA2F,고오스,AR,080/071,186428,high_confidence,66422,63149,2026-06-28,7,4000,4500,21,3499,4500,21,16333,72,14499,5,6000,15,5500,3500,28,4000,A_1M,38000,1.662,66.2,SNK_A_1M_OK,
CRD_580818D205C94783B0C1,마쿠와,HR,097/069,112528,high_confidence,3227,3380,2026-06-27,0,0,0,0,0,0,0,0,0,0,0,0,0,0,10000,1,0,NONE,0,,,SCRYDEX_ONLY,
CRD_E9ED6DA4BDD449AB99F2,나옹 ex,SR,100/080,753267,high_confidence,18914,18177,2026-06-27,6,2050,2000,36,2158,2000,10,16750,19,18000,0,0,0,0,1880,26,2050,A_1M,19475,0.933,-6.7,SNK_A_1M_OK,
CRD_B21ED14E9FF94FF4BBB5,플라이곤 ex,RR,027/064,358106,high_confidence,599,584,2026-06-28,0,0,0,0,0,0,0,0,0,0,0,0,0,0,1000,3,0,NONE,0,,,SCRYDEX_ONLY,
CRD_A69A3C32BD2A4EA590C3,모토마 ex,RR,051/064,379008,high_confidence,492,476,2026-06-28,0,0,0,0,0,0,0,0,0,0,0,0,0,0,1500,1,0,NONE,0,,,SCRYDEX_ONLY,
CRD_64A023A4F1074382A6F7,매시붕 GX,SSR,228/150,112792,high_confidence,20420,20420,2026-06-26,1,1000,1000,3,1000,1000,0,0,0,0,0,0,0,0,1000,2,1000,A_1M,9500,2.149,114.9,SNK_A_1M_OK,SCRYDEX_2X_HIGH
CRD_24D79E9DD4E24DDFB538,뮤츠,AR,183/165,128099,high_confidence,36015,38105,2026-06-28,14,4290,4200,62,5130,4200,28,19494,86,21000,6,6347,22,5875,3500,196,4290,A_1M,40755,0.935,-6.5,SNK_A_1M_OK,
CRD_A8C06BD8284942BA824C,다투곰 붉은 달 ex,UR,094/066,227638,high_confidence,9188,9142,2026-06-27,0,0,0,0,0,0,0,0,0,0,0,0,0,0,2000,2,0,NONE,0,,,SCRYDEX_ONLY,
CRD_25D1A6018B5A4A0AA38C,마스터드 일격의 태세,SR,079/070,126514,high_confidence,7851,7851,2026-06-28,0,0,0,0,0,0,0,0,0,0,0,0,0,0,1000,1,0,NONE,0,,,SCRYDEX_ONLY,
CRD_7518CBB1CFE544CF9DA8,난천의 패기,HR,121/100,96573,high_confidence,21480,21480,2026-06-27,0,0,0,1,2000,2000,1,10500,3,10000,0,0,1,3500,1500,9,2000,A_3M,19000,1.131,13.1,SNK_A_3M_FALLBACK,
CRD_B38781B3110941E9A3DA,한카리아스&기라티나 GX,RR,099/173,396081,high_confidence,23493,23293,2026-06-28,0,0,0,2,2890,2480,9,11824,30,12500,0,0,5,4580,1300,29,2890,A_3M,27455,0.848,-15.2,SNK_A_3M_FALLBACK,
CRD_64E058D69CF943F5B6C0,벼리짱,AR,077/071,120733,high_confidence,7636,7621,2026-06-26,0,0,0,0,0,0,5,6700,14,6683,0,0,0,0,1000,12,0,NONE,0,,,SCRYDEX_ONLY,
CRD_0B5E6A47F7A34237A44A,이올브 VMAX,HR,112/100,145059,high_confidence,9326,9326,2026-06-28,0,0,0,0,0,0,0,0,0,0,0,0,0,0,23000,1,0,NONE,0,,,SCRYDEX_ONLY,
CRD_AC43601EF1034C02924D,오거폰 주춧돌의 가면 ex,SAR,216/187,471673,high_confidence,7406,8174,2026-06-26,0,0,0,2,1000,1000,2,7910,4,7559,0,0,0,0,1000,17,1000,A_3M,9500,0.86,-14.0,SNK_A_3M_FALLBACK,
CRD_FC1B35E514E5442BBE5C,릴링,AR,104/102,318877,high_confidence,3703,3749,2026-06-26,0,0,0,0,0,0,0,0,6,6825,0,0,0,0,1000,6,0,NONE,0,,,SCRYDEX_ONLY,
CRD_F2744B20C8FD43B5BCDD,대로트 VMAX,HR,080/067,113260,high_confidence,15365,15365,2026-06-28,0,0,0,0,0,0,0,0,0,0,0,0,0,0,9800,1,0,NONE,0,,,SCRYDEX_ONLY,
CRD_2D84D1DA75FF4868B015,말리화,SR,055/050,105310,high_confidence,109228,109228,2026-06-28,0,0,0,1,7850,7850,4,14924,14,16894,0,0,2,4980,5000,16,7850,A_3M,74575,1.465,46.5,SNK_A_3M_FALLBACK,
CRD_8ACA05A71DAE447AAE22,후딘 V,SR,105/100,145055,high_confidence,11324,11247,2026-06-28,0,0,0,0,0,0,0,0,0,0,0,0,0,0,2000,1,0,NONE,0,,,SCRYDEX_ONLY,
CRD_A045FBD15C434CEA9670,리자몽 ex,RR,066/108,132211,high_confidence,5547,5224,2026-06-28,0,0,0,1,1000,1000,1,11999,11,10000,0,0,0,0,1000,36,1000,A_3M,9500,0.55,-45.0,SNK_A_3M_FALLBACK,
CRD_2E7CD2B64DB94542A5DB,조타구,AR,110/101,245821,high_confidence,3534,3012,2026-06-27,0,0,0,0,0,0,1,6500,7,6500,0,0,0,0,1400,5,0,NONE,0,,,SCRYDEX_ONLY,
CRD_54EB8FDFE84741599C5A,딱구리 ex,SR,191/165,128107,high_confidence,4825,4717,2026-06-28,1,1499,1499,2,1249,1499,0,0,0,0,0,0,0,0,0,0,1499,A_1M,14240,0.331,-66.9,SNK_A_1M_OK,SCRYDEX_HALF_LOW
CRD_E9B8CA77A7664CE8B9CF,오거폰 주춧돌의 가면 ex,SR,119/101,256071,high_confidence,3780,3841,2026-06-27,0,0,0,0,0,0,0,0,0,0,0,0,0,0,1000,2,0,NONE,0,,,SCRYDEX_ONLY,
CRD_B050F893ACF545A0B78C,마리의 오롱털 ex,SAR,243/193,724997,high_confidence,53085,52886,2026-06-26,18,4500,3999,65,5540,3999,29,14600,67,17080,3,6500,8,6499,4000,149,4500,A_1M,42750,1.237,23.7,SNK_A_1M_OK,
CRD_3AF8CE5102AA47F5A68E,리자몽 ex,SAR,134/108,132279,high_confidence,224403,223589,2026-06-27,6,51500,40000,24,53394,40000,31,83433,88,96261,7,42500,13,43000,32880,147,51500,A_1M,489250,0.457,-54.3,SNK_A_1M_OK,SCRYDEX_HALF_LOW
CRD_B195304202EC48F1BD65,파쪼옥,AR,067/062,140156,high_confidence,14996,14335,2026-06-27,0,0,0,0,0,0,1,7000,2,7250,0,0,0,0,1700,4,0,NONE,0,,,SCRYDEX_ONLY,
CRD_5D82D98321EE4B3B8CFB,프테라 V,SR,105/100,137045,high_confidence,5915,6038,2026-06-28,0,0,0,0,0,0,0,0,0,0,0,0,0,0,0,0,0,NONE,0,,,SCRYDEX_ONLY,
CRD_511F933EEDE74C64AB4A,덩쿠리,AR,178/165,128094,high_confidence,5946,5954,2026-06-26,2,1175,1350,9,1000,1350,6,8000,17,8000,0,0,1,2444,1500,11,1175,A_1M,11162,0.533,-46.7,SNK_A_1M_OK,
CRD_A7C30A2EF2124187ABC4,알로라질뻐기 GX,RR,033/051,335015,high_confidence,6499,6499,2026-06-28,0,0,0,0,0,0,0,0,0,0,0,0,0,0,0,0,0,NONE,0,,,SCRYDEX_ONLY,
CRD_A0A34021C9D745B4A3EF,강석,SR,085/066,151708,high_confidence,2535,2551,2026-06-27,0,0,0,0,0,0,0,0,0,0,0,0,0,0,10000,1,0,NONE,0,,,SCRYDEX_ONLY,
CRD_394098D4C4FC4DF5BD67,무청,HR,121/098,100578,high_confidence,7237,7237,2026-06-28,0,0,0,0,0,0,0,0,3,7739,0,0,1,2300,2000,12,0,NONE,0,,,SCRYDEX_ONLY,
CRD_C3B57125A65740B3ADB8,두송,SR,257/184,126525,high_confidence,4440,4333,2026-06-28,0,0,0,0,0,0,0,0,0,0,0,0,0,0,1400,3,0,NONE,0,,,SCRYDEX_ONLY,
CRD_BAD5922B3CEB416F8E04,질뻐기&알로라질뻐기 GX,SR,098/095,393042,high_confidence,30730,30730,2026-06-28,0,0,0,0,0,0,1,9500,2,10750,0,0,0,0,1000,3,0,NONE,0,,,SCRYDEX_ONLY,
CRD_331B23CD1B3542C09584,피카츄&제크로무 GX,SR,100/095,129023,high_confidence,138283,138283,2026-06-28,1,30000,30000,9,29999,30000,5,111125,26,113500,2,34575,9,28075,17000,41,30000,A_1M,285000,0.485,-51.5,SNK_A_1M_OK,SCRYDEX_HALF_LOW
CRD_0236FAB9C7144005ABC7,라임,SR,129/108,132277,high_confidence,1982,2028,2026-06-27,0,0,0,0,0,0,0,0,0,0,0,0,0,0,1000,6,0,NONE,0,,,SCRYDEX_ONLY,
CRD_44DEAF40BD594140A6C6,치라치노 ex,RR,071/083,774218,high_confidence,830,830,2026-06-27,0,0,0,0,0,0,0,0,0,0,0,0,0,0,1000,8,0,NONE,0,,,SCRYDEX_ONLY,
CRD_7E2810AFF88645B98963,이상해꽃 EX,SR,101/100,91466,high_confidence,614577,614577,2026-06-28,0,0,0,0,0,0,1,200000,10,246500,1,135000,2,131500,98000,13,0,NONE,0,,,SCRYDEX_ONLY,
CRD_FD9857DC05B1489C8909,모래성이당 ex,RR,057/106,405369,high_confidence,492,415,2026-06-27,0,0,0,0,0,0,0,0,0,0,0,0,0,0,1000,2,0,NONE,0,,,SCRYDEX_ONLY,
CRD_61F147DE16A4427C9E3B,백마 버드렉스 VMAX,HR,084/070,96728,high_confidence,14812,14812,2026-06-28,0,0,0,0,0,0,0,0,0,0,0,0,0,0,15000,1,0,NONE,0,,,SCRYDEX_ONLY,
CRD_ADFC6A38AABB4ACE85F4,롤러스케이터,SR,072/064,104575,high_confidence,20819,21081,2026-06-28,0,0,0,1,4000,4000,0,0,7,10499,0,0,0,0,4000,19,4000,A_3M,38000,0.555,-44.5,SNK_A_3M_FALLBACK,
CRD_413FE230DC42456DB302,윈디 ex,RR,016/078,107358,high_confidence,799,753,2026-06-28,0,0,0,0,0,0,0,0,0,0,0,0,0,0,1000,11,0,NONE,0,,,SCRYDEX_ONLY,
CRD_3430850B62B446C68A45A9CFE3741141,메가지가르데 EX,MUR,117/080,753276,high_confidence,279885,279885,2026-06-28,7,29800,29000,46,39000,29000,29,68485,74,87249,7,22250,21,32000,21999,99,29800,A_1M,283100,0.989,-1.1,SNK_A_1M_OK,
CRD_C0757BA5FDB846169FFD,뽀삐,SAR,137/108,132283,high_confidence,9956,11032,2026-06-27,1,1980,1980,2,1690,1980,0,0,4,8049,0,0,2,2400,1500,25,1980,A_1M,18810,0.586,-41.4,SNK_A_1M_OK,
CRD_2BE2AAD4366A40AAB96E,아르세우스 V,SR,111/100,96572,high_confidence,16256,16256,2026-06-28,0,0,0,0,0,0,0,0,1,11800,0,0,0,0,1680,2,0,NONE,0,,,SCRYDEX_ONLY,
CRD_D2F3D6C50BA14B39ADBA,번치코 GX,SR,098/096,334423,high_confidence,23431,23431,2026-06-28,1,5999,5999,1,5999,5999,0,0,0,0,0,0,0,0,22000,2,5999,A_1M,56990,0.411,-58.9,SNK_A_1M_OK,SCRYDEX_HALF_LOW
CRD_EB7BA018582548A78372,페로코체&매시붕 GX,SR,056/054,104630,high_confidence,50304,50304,2026-06-26,0,0,0,1,13000,13000,2,46000,10,42000,0,0,1,8000,7200,7,13000,A_3M,123500,0.407,-59.3,SNK_A_3M_FALLBACK,SCRYDEX_HALF_LOW
CRD_9BC07E8750E34D2EA7E4,암호마니아의 해독,SR,092/071,186245,high_confidence,4318,4379,2026-06-27,0,0,0,0,0,0,1,8600,4,8175,1,3000,1,3000,2200,3,0,NONE,0,,,SCRYDEX_ONLY,
CRD_168A21AE1367433791FA,에브이&테오키스 GX,SR,177/173,91271,high_confidence,197176,197822,2026-06-28,0,0,0,1,55000,55000,6,98875,25,103142,1,42222,8,40750,36800,23,55000,A_3M,522500,0.379,-62.1,SNK_A_3M_FALLBACK,SCRYDEX_HALF_LOW
CRD_68ACF9F3119E4D75BABA,메가루차불 ex,RR,094/193,730138,high_confidence,492,461,2026-06-26,0,0,0,0,0,0,0,0,0,0,0,0,0,0,1000,38,0,NONE,0,,,SCRYDEX_ONLY,
CRD_DE454A6B91944E2B8AD3,로켓단의 공작,SR,087/078,91483,high_confidence,522500,0,2026-05-09,0,0,0,0,0,0,1,119000,4,71500,0,0,1,34999,77777,4,0,NONE,0,,,SCRYDEX_ONLY,
CRD_3D1823A431694121B9F4,멜메탈 V,RR,047/071,137096,high_confidence,599,553,2026-06-28,0,0,0,0,0,0,0,0,0,0,0,0,0,0,0,0,0,NONE,0,,,SCRYDEX_ONLY,
CRD_20890E3348E540539C0B,파비코리 ex,SAR,090/066,146997,high_confidence,87764,83047,2026-06-28,2,9999,9999,6,10000,9999,9,19800,34,19112,1,7800,3,8000,10500,22,9999,A_1M,94990,0.874,-12.6,SNK_A_1M_OK,
CRD_297BD701806B4583B02D,헬가,AR,066/064,282193,high_confidence,17485,15872,2026-06-26,0,0,0,1,1000,1000,3,7970,10,6989,0,0,1,3500,1000,15,1000,A_3M,9500,1.671,67.1,SNK_A_3M_FALLBACK,
CRD_D05CD67F8E8E4364A643,가라르 썬더,AR,188/172,103798,high_confidence,3795,3918,2026-06-28,1,1000,1000,1,1000,1000,4,7650,12,7000,0,0,0,0,1000,10,1000,A_1M,9500,0.412,-58.8,SNK_A_1M_OK,SCRYDEX_HALF_LOW
CRD_2642CE7CAA28482ABC0C,핫삼,AR,116/108,132261,high_confidence,12553,11385,2026-06-27,1,1000,1000,1,1000,1000,3,7199,12,7099,0,0,1,1999,1000,25,1000,A_1M,9500,1.198,19.8,SNK_A_1M_OK,
CRD_FCAF9FB4219D4D4DB1A0,메가앱솔 ex,RR,038/063,646402,high_confidence,584,599,2026-06-26,0,0,0,0,0,0,0,0,0,0,0,0,0,0,1000,13,0,NONE,0,,,SCRYDEX_ONLY,
CRD_4433E81381664E14ADED,로켓단의 헬가,AR,100/098,568315,high_confidence,8497,8988,2026-06-27,0,0,0,3,1200,1200,17,7049,54,6999,0,0,1,3000,1000,31,1200,A_3M,11400,0.788,-21.2,SNK_A_3M_FALLBACK,
CRD_0E1312500C6C4F61A04D,구즈마,SR,151/150,112770,high_confidence,54914,54914,2026-06-28,0,0,0,0,0,0,0,0,1,10249,0,0,0,0,6000,6,0,NONE,0,,,SCRYDEX_ONLY,
CRD_B165190D31814511A5A8,마샤도,AR,069/063,664098,high_confidence,8205,7705,2026-06-26,0,0,0,0,0,0,23,7350,69,7380,4,2900,11,2700,1000,114,0,NONE,0,,,SCRYDEX_ONLY,
CRD_FE67CA965F3142E49547,팔데아 토오 ex,SSR,332/190,160150,high_confidence,1936,2090,2026-06-27,0,0,0,1,1000,1000,0,0,0,0,0,0,0,0,1000,8,1000,A_3M,9500,0.22,-78.0,MAPPING_REVIEW,SCRYDEX_HALF_LOW
CRD_053F45EBABE44DD09C9B,잉어킹,AR,080/073,116069,high_confidence,271373,266164,2026-06-26,19,26000,24800,59,24400,24800,32,54562,90,44832,9,22000,25,22000,20000,161,26000,A_1M,247000,1.078,7.8,SNK_A_1M_OK,
CRD_4F6B88682F194C539477,메가입치트 ex,SR,080/063,663633,high_confidence,4548,4533,2026-06-26,0,0,0,1,1000,1000,6,7075,10,6999,0,0,1,2300,1000,14,1000,A_3M,9500,0.477,-52.3,SNK_A_3M_FALLBACK,SCRYDEX_HALF_LOW
CRD_9EC2FDEB07C043AC8403,브리가론 BREAK,RR,015/131,389992,high_confidence,4225,4225,2026-06-28,0,0,0,0,0,0,0,0,0,0,0,0,0,0,15000,1,0,NONE,0,,,SCRYDEX_ONLY,
CRD_D3BC0E4C755C49AD83CC,자시안 V,SAR,225/172,105255,high_confidence,28363,26105,2026-06-28,4,2016,1400,11,1899,1400,15,11000,35,10470,0,0,2,3166,1500,20,2016,A_1M,19152,1.363,36.3,SNK_A_1M_OK,
CRD_423AFEA04A844D929CFC,불놀이꾼,SR,105/080,704398,high_confidence,1921,2074,2026-06-28,0,0,0,0,0,0,0,0,0,0,0,0,0,0,1000,10,0,NONE,0,,,SCRYDEX_ONLY,
CRD_5C43B57F41454A238C06,르마탱,SR,155/150,100068,high_confidence,44742,41239,2026-06-27,0,0,0,0,0,0,4,11999,12,11999,0,0,1,2500,5900,14,0,NONE,0,,,SCRYDEX_ONLY,
CRD_F27C7CA2257D49FAA563,주리,SR,166/086,608532,high_confidence,2090,2028,2026-06-27,1,1000,1000,1,1000,1000,0,0,5,7450,0,0,1,3000,1000,6,1000,A_1M,9500,0.213,-78.7,MAPPING_REVIEW,SCRYDEX_HALF_LOW
CRD_9C50C950B3E54E4C91E3,칸델라,SR,083/071,126542,high_confidence,5439,5501,2026-06-28,0,0,0,0,0,0,0,0,0,0,0,0,0,0,3000,1,0,NONE,0,,,SCRYDEX_ONLY,
CRD_58E466F3E3064DF98E83,다태우지네 V,SSR,309/190,144771,high_confidence,2213,2213,2026-06-26,0,0,0,0,0,0,0,0,0,0,0,0,0,0,8000,1,0,NONE,0,,,SCRYDEX_ONLY,
CRD_9CD8CCBE97D740E59C9B,카나리,SAR,249/193,730966,high_confidence,47723,47354,2026-06-27,22,3825,4200,74,4500,4200,29,17400,66,23236,13,3980,36,4800,3700,155,3825,A_1M,36338,1.303,30.3,SNK_A_1M_OK,
CRD_DD544B72133A4A17A1BB,멜론,SR,262/184,96677,high_confidence,6837,6791,2026-06-28,1,1500,1500,1,1500,1500,2,7900,7,7890,0,0,0,0,2500,13,1500,A_1M,14250,0.477,-52.3,SNK_A_1M_OK,SCRYDEX_HALF_LOW
CRD_AF5EB7BCF32F4A63B0D5,마스터드 연격의 태세,HR,087/070,144126,high_confidence,9219,7667,2026-06-28,0,0,0,0,0,0,0,0,0,0,0,0,0,0,0,0,0,NONE,0,,,SCRYDEX_ONLY,
CRD_4C0F71EF7CD14B5DAC80,떨구새 ex,RR,051/062,136221,high_confidence,492,507,2026-06-27,0,0,0,0,0,0,0,0,0,0,0,0,0,0,1000,7,0,NONE,0,,,SCRYDEX_ONLY,
CRD_A71CDBCAB7AB42309937,레지에레키 V,SR,101/098,100558,high_confidence,3764,3780,2026-06-28,0,0,0,0,0,0,0,0,0,0,0,0,0,0,1000,1,0,NONE,0,,,SCRYDEX_ONLY,
CRD_8ACEB76FEF1F4466B0B9,가비루사,AR,070/066,146987,high_confidence,5009,4241,2026-06-28,0,0,0,0,0,0,3,7000,7,6600,0,0,0,0,2300,9,0,NONE,0,,,SCRYDEX_ONLY,
CRD_088D2EC7F19046DCB5F5,모크나이퍼 ex,RR,012/080,752393,high_confidence,461,461,2026-06-28,0,0,0,0,0,0,0,0,0,0,0,0,0,0,1000,9,0,NONE,0,,,SCRYDEX_ONLY,
CRD_D7410D338CA64CF1BEC4,모토마,AR,074/062,139883,high_confidence,4271,4041,2026-06-27,0,0,0,0,0,0,2,7449,3,7000,0,0,0,0,1000,5,0,NONE,0,,,SCRYDEX_ONLY,
CRD_AC9AF80490804185A362,키아웨,SR,056/051,105496,high_confidence,57000,0,2026-05-08,0,0,0,0,0,0,0,0,0,0,0,0,0,0,5000,1,0,NONE,0,,,SCRYDEX_ONLY,
CRD_17AEC6F70C054074BFD4,카디나르마,AR,080/078,110785,high_confidence,14550,13168,2026-06-28,0,0,0,2,1000,1000,1,6650,8,7000,0,0,0,0,1000,2,1000,A_3M,9500,1.386,38.6,SNK_A_3M_FALLBACK,
CRD_8BC8EED9E7524E698C95,샹델라,CHR,069/067,126689,high_confidence,4394,4318,2026-06-28,1,1233,1233,2,1116,1233,5,7200,10,7000,0,0,0,0,1100,7,1233,A_1M,11714,0.369,-63.1,SNK_A_1M_OK,SCRYDEX_HALF_LOW
CRD_6EA72CB24D6C419B8BC1,두송,SR,109/100,102303,high_confidence,22648,22648,2026-06-27,0,0,0,0,0,0,0,0,0,0,0,0,0,0,19000,2,0,NONE,0,,,SCRYDEX_ONLY,
CRD_D1410E1858CE4B84814D,카푸꼬꼬꼭 GX,RR,022/050,389298,high_confidence,1900,0,2026-05-08,0,0,0,0,0,0,0,0,0,0,0,0,0,0,0,0,0,NONE,0,,,SCRYDEX_ONLY,
CRD_09516DD8E2C14A009B0E,대로트&야느와르몽 GX,SR,178/173,396156,high_confidence,34540,35016,2026-06-27,0,0,0,0,0,0,1,11900,0,0,0,0,0,0,4980,1,0,NONE,0,,,SCRYDEX_ONLY,
CRD_45DCE5D7B81948979409,메가무장조 ex,RR,054/080,752435,high_confidence,661,568,2026-06-28,0,0,0,0,0,0,0,0,0,0,0,0,0,0,1000,18,0,NONE,0,,,SCRYDEX_ONLY,
CRD_E7E9F14138BB48D8A18A,마나피,AR,178/172,103087,high_confidence,7160,6745,2026-06-28,2,1050,1000,2,1050,1000,5,7200,19,7000,1,2800,2,2649,1000,20,1050,A_1M,9975,0.676,-32.4,SNK_A_1M_OK,
CRD_8D845061A06143988494,피카츄 ex,RR,044/193,730089,high_confidence,1844,1736,2026-06-28,8,1500,3400,41,2166,3400,16,12250,44,13633,0,0,2,5650,1000,201,1500,A_1M,14250,0.122,-87.8,MAPPING_REVIEW,SCRYDEX_HALF_LOW
CRD_31985982AAFB4AECA49A,레쿠쟈 VMAX,HR,082/067,96630,high_confidence,111134,111134,2026-06-27,3,66666,60000,13,49800,60000,19,145642,45,139999,0,0,2,45355,29800,53,66666,A_1M,633327,0.175,-82.5,MAPPING_REVIEW,SCRYDEX_HALF_LOW
CRD_275591C4CE6A45D2A1B4,메가이어롭 ex,SAR,114/080,704405,high_confidence,17792,17454,2026-06-26,4,1200,1200,11,1199,1200,10,7485,37,7800,0,0,3,2700,1000,55,1200,A_1M,11400,1.531,53.1,SNK_A_1M_OK,
CRD_6CE96DE4AE2A4103BE43,펌킨인 ex,RR,041/083,774188,high_confidence,430,492,2026-06-27,0,0,0,0,0,0,0,0,0,0,0,0,0,0,1000,8,0,NONE,0,,,SCRYDEX_ONLY,
CRD_D57DF737284449919BC3,메가이어롭&푸린 GX,RR,073/095,339658,high_confidence,18914,18730,2026-06-26,1,2600,2600,1,2600,2600,2,9790,15,8449,0,0,1,5000,1000,6,2600,A_1M,24700,0.758,-24.2,SNK_A_1M_OK,
CRD_2D3BEACE738C403A95FC,달코퀸 V,RR,011/100,141308,high_confidence,1198,1198,2026-06-28,0,0,0,0,0,0,0,0,0,0,0,0,0,0,0,0,0,NONE,0,,,SCRYDEX_ONLY,
CRD_71B943080D4E4023A1B4,피카츄 ex,UR,136/106,418755,high_confidence,103805,89039,2026-06-28,6,30000,30000,25,29500,30000,21,58266,72,62356,0,0,1,28000,17980,154,30000,A_1M,285000,0.312,-68.8,MAPPING_REVIEW,SCRYDEX_HALF_LOW
CRD_2C4C0A40740543B09035,돌핀맨,AR,339/190,162092,high_confidence,3426,3350,2026-06-27,0,0,0,1,1000,1000,2,7100,5,7000,1,2580,1,2580,1400,3,1000,A_3M,9500,0.353,-64.7,SNK_A_3M_FALLBACK,SCRYDEX_HALF_LOW
CRD_DE1AC8F1848D4F84A6C9,고릴타 V,SSR,304/190,144768,high_confidence,2658,2658,2026-06-28,0,0,0,0,0,0,0,0,0,0,0,0,0,0,0,0,0,NONE,0,,,SCRYDEX_ONLY,
CRD_A81F66DC2106497F8D12,육파리,AR,068/066,146994,high_confidence,3611,3488,2026-06-26,0,0,0,0,0,0,0,0,2,5999,0,0,1,2222,1000,5,0,NONE,0,,,SCRYDEX_ONLY,
CRD_3E28C08144174CFC8121,수풀부기,AR,072/071,186424,high_confidence,10755,9311,2026-06-28,0,0,0,0,0,0,1,6600,2,6949,1,2980,1,2980,2000,4,0,NONE,0,,,SCRYDEX_ONLY,
CRD_0FFEF15EE9E045CABE6F,연격 우라오스 VMAX,HR,084/070,91188,high_confidence,950000,0,2026-05-09,0,0,0,0,0,0,10,99000,25,102999,0,0,3,69000,65000,30,0,NONE,0,,,SCRYDEX_ONLY,
CRD_96F2AF373AC24B51B62E,아킬,SR,270/184,126531,high_confidence,2090,2074,2026-06-28,0,0,0,0,0,0,0,0,0,0,0,0,0,0,1450,2,0,NONE,0,,,SCRYDEX_ONLY,
CRD_62C8546C52084CE08D66,애버라스,AR,114/108,132259,high_confidence,3611,3641,2026-06-28,0,0,0,0,0,0,2,7416,9,7100,0,0,0,0,1000,10,0,NONE,0,,,SCRYDEX_ONLY,
CRD_4A276329B7FE4B2B876E,러브로스,AR,074/066,227627,high_confidence,3181,2981,2026-06-26,0,0,0,0,0,0,0,0,7,6700,1,2800,1,2800,1000,7,0,NONE,0,,,SCRYDEX_ONLY,
CRD_1095F9AF338D45BD8BCC,인텔리레온 V,RR,022/070,145457,high_confidence,1690,2151,2026-06-28,0,0,0,0,0,0,0,0,0,0,0,0,0,0,0,0,0,NONE,0,,,SCRYDEX_ONLY,
CRD_E62F06A94BBF4102A34B,카나리,SR,220/193,731020,high_confidence,8205,9157,2026-06-28,10,1300,1950,48,1480,1950,20,11000,54,12465,8,3450,19,2933,1200,111,1300,A_1M,12350,0.741,-25.9,SNK_A_1M_OK,
CRD_96D90414AA724083A05A,테사,SAR,138/108,132282,high_confidence,9603,9495,2026-06-27,2,2060,1120,3,1120,1120,1,9999,7,7099,0,0,0,0,1000,14,2060,A_1M,19570,0.485,-51.5,SNK_A_1M_OK,SCRYDEX_HALF_LOW
CRD_0FC31AECDE1C40D58A1B,사나,HR,084/067,113262,high_confidence,30730,30730,2026-06-28,0,0,0,0,0,0,1,9800,5,11500,0,0,0,0,2800,5,0,NONE,0,,,SCRYDEX_ONLY,
CRD_94CA0CBDE6B040D88062,일격 우라오스 V,SR,075/070,98654,high_confidence,32235,32235,2026-06-28,0,0,0,1,5500,5500,2,13900,5,12999,0,0,0,0,16500,2,5500,A_3M,52250,0.617,-38.3,SNK_A_3M_FALLBACK,
CRD_9FDDA5BA3EEF4352A0ED,메타그로스 V,SR,077/070,141937,high_confidence,7559,7283,2026-06-26,0,0,0,0,0,0,0,0,0,0,1,3333,1,3333,0,0,0,NONE,0,,,SCRYDEX_ONLY,
CRD_A6CB88032E43434B998F,메가플라엣테 ex,SR,099/083,776350,high_confidence,8282,8282,2026-06-27,0,0,0,0,0,0,0,0,0,0,0,0,0,0,1000,24,0,NONE,0,,,SCRYDEX_ONLY,
CRD_DFC0FCC5B8EB4F1FB812,히스이 블레이범 V,RR,028/067,139647,high_confidence,1198,1152,2026-06-28,0,0,0,0,0,0,0,0,0,0,0,0,0,0,0,0,0,NONE,0,,,SCRYDEX_ONLY,
CRD_9445125D59134FE4BE11,메가캥카 ex,RR,051/063,659287,high_confidence,645,645,2026-06-28,0,0,0,0,0,0,0,0,0,0,0,0,0,0,1000,13,0,NONE,0,,,SCRYDEX_ONLY,
CRD_7073512FE78844239956,다투곰 붉은 달 ex,SAR,091/066,204149,high_confidence,52932,52348,2026-06-28,2,3590,2980,2,3590,2980,1,10000,10,9500,0,0,0,0,2999,5,3590,A_1M,34105,1.535,53.5,SNK_A_1M_OK,
CRD_C64D32F3DC3143B1A26C,페퍼의 요씽리스,AR,075/063,531301,high_confidence,3580,3741,2026-06-26,0,0,0,0,0,0,2,7250,5,7500,0,0,0,0,1000,25,0,NONE,0,,,SCRYDEX_ONLY,
CRD_BC23459C3A854031B8A0,메가망나뇽 ex,SAR,246/193,730964,high_confidence,443198,469932,2026-06-26,31,33536,30411,92,37999,30411,32,64558,93,79416,18,30495,33,33000,24500,309,33536,A_1M,318592,1.475,47.5,SNK_A_1M_OK,
CRD_5D76FEADA66646C89642,모래털가죽 ex,SR,083/066,152785,high_confidence,2213,2120,2026-06-27,0,0,0,0,0,0,0,0,0,0,0,0,0,0,1000,3,0,NONE,0,,,SCRYDEX_ONLY,
CRD_2E14D4A8D7AB4CCB95D2,아보크 ex,SR,187/165,128103,high_confidence,3949,3672,2026-06-28,1,1500,1500,4,1499,1500,2,12000,2,12000,0,0,0,0,1000,3,1500,A_1M,14250,0.258,-74.2,MAPPING_REVIEW,SCRYDEX_HALF_LOW
CRD_8CE5392E17154AFFBE9B,체육관 트레이너,SR,197/190,126508,high_confidence,2074,2105,2026-06-28,0,0,0,0,0,0,0,0,4,6500,1,3300,2,2400,1800,2,0,NONE,0,,,SCRYDEX_ONLY,
CRD_C4A0597992A94A558267,글레이시아 V,SR,077/069,91173,high_confidence,177894,172762,2026-06-27,1,19000,19000,8,19250,19000,22,36700,67,37800,4,16500,8,17200,17000,43,19000,A_1M,180500,0.957,-4.3,SNK_A_1M_OK,
CRD_70F0C4F7265945BF97DE,리자몽 ex,RR,115/190,151730,high_confidence,4579,4717,2026-06-28,0,0,0,2,1000,1000,2,11480,11,8766,0,0,0,0,1000,24,1000,A_3M,9500,0.497,-50.3,SNK_A_3M_FALLBACK,SCRYDEX_HALF_LOW
CRD_1F4206DD2E3D45EBAC43,님피아 GX,SSR,238/150,93099,high_confidence,304000,0,2026-05-08,0,0,0,1,29500,29500,16,85250,40,85500,2,28399,8,27400,29800,30,29500,A_3M,280250,,,SNK_A_3M_FALLBACK,
CRD_F9A6F62671CB4AE1ADA9,매시붕 GX,RR,063/150,112757,high_confidence,4394,4425,2026-06-27,0,0,0,0,0,0,0,0,0,0,0,0,0,0,6000,1,0,NONE,0,,,SCRYDEX_ONLY,
CRD_1A85603204124465ACAD,두드리짱 ex,SR,087/071,120741,high_confidence,6914,6991,2026-06-27,0,0,0,0,0,0,0,0,0,0,0,0,0,0,1000,6,0,NONE,0,,,SCRYDEX_ONLY,
CRD_6963C4D7FD56481C9E05,동탁군 BREAK,RR,083/171,106716,high_confidence,7682,7682,2026-06-28,0,0,0,0,0,0,0,0,1,27700,0,0,0,0,0,0,0,NONE,0,,,SCRYDEX_ONLY,
CRD_6F2AFDBF9FDB47CB93E4,인텔리레온 V,SR,073/070,145508,high_confidence,10725,10725,2026-06-28,0,0,0,0,0,0,0,0,0,0,0,0,0,0,0,0,0,NONE,0,,,SCRYDEX_ONLY,
CRD_05147F0295684127A3F6,액슨도,AR,074/064,282238,high_confidence,4901,4702,2026-06-28,0,0,0,0,0,0,2,6400,5,6700,0,0,0,0,1000,9,0,NONE,0,,,SCRYDEX_ONLY,
CRD_AF3062D3422A407D9A65,블래키 V,SR,085/069,91176,high_confidence,381262,374824,2026-06-27,2,58500,52000,11,65000,52000,27,99633,85,105634,6,50199,11,49400,54000,114,58500,A_1M,555750,0.674,-32.6,SNK_A_1M_OK,
CRD_0060AA44D0824398AB42,추명,SR,194/187,471668,high_confidence,2228,2335,2026-06-27,0,0,0,0,0,0,0,0,0,0,0,0,0,0,1000,1,0,NONE,0,,,SCRYDEX_ONLY,
CRD_90329AC34F174397A90E,백솜모카 V,SSR,306/190,144770,high_confidence,2151,2182,2026-06-26,0,0,0,0,0,0,0,0,0,0,0,0,1,2640,0,0,0,NONE,0,,,SCRYDEX_ONLY,
CRD_BFFE0E9B11644655B42B,무쇠암석 ex,SAR,095/071,180203,high_confidence,22725,22847,2026-06-27,1,3800,3800,2,2840,3800,4,8290,12,7900,0,0,0,0,1680,2,3800,A_1M,36100,0.633,-36.7,SNK_A_1M_OK,
CRD_B04BCC71D4004F4F96FC,마기라스 ex,RR,032/108,132177,high_confidence,691,707,2026-06-28,0,0,0,0,0,0,0,0,0,0,0,0,0,0,1000,12,0,NONE,0,,,SCRYDEX_ONLY,
CRD_357701E9E661484B8261,킹드라 GX,RR,014/053,391687,high_confidence,5716,5869,2026-06-28,0,0,0,0,0,0,0,0,0,0,0,0,0,0,0,0,0,NONE,0,,,SCRYDEX_ONLY,
CRD_B27CE1319A204E919650,암스타 V,RR,018/098,100545,high_confidence,722,722,2026-06-28,0,0,0,0,0,0,0,0,0,0,0,0,0,0,1000,1,0,NONE,0,,,SCRYDEX_ONLY,
CRD_C7C3982EEEB34C529318,킹드라 EX,SR,085/078,106712,high_confidence,209000,0,2026-05-08,0,0,0,0,0,0,0,0,1,68000,0,0,1,30000,36000,5,0,NONE,0,,,SCRYDEX_ONLY,
CRD_50757DF212C2435ABE50,동미러,AR,074/071,186425,high_confidence,3749,3595,2026-06-27,1,1000,1000,1,1000,1000,1,6800,4,6750,0,0,0,0,1000,6,1000,A_1M,9500,0.378,-62.2,SNK_A_1M_OK,SCRYDEX_HALF_LOW
CRD_8D791334E4F64483A551,토대부기 ex,SR,084/071,186430,high_confidence,3350,3350,2026-06-26,0,0,0,0,0,0,1,6800,3,6800,0,0,0,0,1000,3,0,NONE,0,,,SCRYDEX_ONLY,
CRD_B64FC43EC8F44F108672,기선,SR,111/098,100569,high_confidence,1736,1736,2026-06-28,0,0,0,0,0,0,0,0,0,0,0,0,0,0,1000,3,0,NONE,0,,,SCRYDEX_ONLY,
CRD_31587FB56FBD49B593F1,피오네,AR,071/066,204148,high_confidence,8804,7529,2026-06-27,0,0,0,0,0,0,2,6691,8,6683,0,0,0,0,1000,11,0,NONE,0,,,SCRYDEX_ONLY,
CRD_1383604BEB0C4B209BFE,원규,HR,089/067,96591,high_confidence,18146,18146,2026-06-28,0,0,0,0,0,0,2,8000,2,8000,0,0,0,0,2000,6,0,NONE,0,,,SCRYDEX_ONLY,
CRD_4FD05F42130846719AF7,이상해꽃 ex,SAR,200/165,128116,high_confidence,200634,197284,2026-06-27,5,28000,25000,27,25000,25000,15,39800,67,41000,3,21900,13,21000,21000,73,28000,A_1M,266000,0.742,-25.8,SNK_A_1M_OK,
CRD_66F3A5A65EF7499288F2,바랜드 V,SR,078/070,144218,high_confidence,5731,5731,2026-06-27,0,0,0,0,0,0,0,0,0,0,0,0,0,0,1500,2,0,NONE,0,,,SCRYDEX_ONLY,
CRD_F72303775E8749409E5B,차데스,AR,068/066,227624,high_confidence,3365,3303,2026-06-27,1,1100,1100,1,1100,1100,2,6733,10,6500,0,0,0,0,7800,3,1100,A_1M,10450,0.316,-68.4,MAPPING_REVIEW,SCRYDEX_HALF_LOW
CRD_2E5F9227724846BE8970,라티오스 GX,RR,034/094,321545,high_confidence,5101,4963,2026-06-28,0,0,0,0,0,0,2,15225,4,14245,0,0,0,0,1000,15,0,NONE,0,,,SCRYDEX_ONLY,
CRD_5D478653E46E4634B4E2,우리,SR,273/184,91153,high_confidence,40102,40778,2026-06-28,2,7500,7500,6,7500,7500,19,19500,69,20500,0,0,7,7000,6800,122,7500,A_1M,71250,0.572,-42.8,SNK_A_1M_OK,
CRD_6879A3B2FF474EFAABAA,위대한엄니 ex,SSR,330/190,160149,high_confidence,1060,1045,2026-06-27,0,0,0,0,0,0,1,7500,1,7500,0,0,0,0,1000,6,0,NONE,0,,,SCRYDEX_ONLY,
CRD_9003FD3BCBE34D03B083,메가깜까미&마기라스 GX,SR,101/094,321605,high_confidence,46002,43713,2026-06-28,0,0,0,0,0,0,3,19400,7,19400,0,0,0,0,5980,3,0,NONE,0,,,SCRYDEX_ONLY,
CRD_0212FE92DB3D42B3980A,눈여아,AR,104/101,246175,high_confidence,6776,6668,2026-06-28,0,0,0,0,0,0,3,6660,10,6663,0,0,0,0,1000,2,0,NONE,0,,,SCRYDEX_ONLY,
CRD_65B86BDD091845B6B9B3,루나아라 GX,SR,062/060,106179,high_confidence,38000,0,2026-05-08,0,0,0,0,0,0,0,0,1,30000,0,0,0,0,7480,3,0,NONE,0,,,SCRYDEX_ONLY,
CRD_9BD2F6B2BD1342FB9A4D,비트,HR,072/060,145583,high_confidence,5225,0,2026-05-08,0,0,0,0,0,0,0,0,0,0,0,0,0,0,16999,2,0,NONE,0,,,SCRYDEX_ONLY,
CRD_2673A337A01243339EC5,악식킹 GX,SSR,232/150,112795,high_confidence,21096,21096,2026-06-27,0,0,0,0,0,0,0,0,0,0,0,0,0,0,2500,2,0,NONE,0,,,SCRYDEX_ONLY,
CRD_287F04A23D8D4624B994,마스,SR,070/066,91320,high_confidence,161500,0,2026-05-08,0,0,0,1,11000,11000,0,0,6,16900,0,0,0,0,5000,8,11000,A_3M,104500,,,SNK_A_3M_FALLBACK,
CRD_72EA7027E1B24D65A9C8,일격 우라오스 V,SR,074/070,144216,high_confidence,9833,9833,2026-06-28,0,0,0,0,0,0,0,0,0,0,0,0,0,0,0,0,0,NONE,0,,,SCRYDEX_ONLY,
CRD_23BFAC1CC99540DEB9B9,샤미드 ex,RR,161/742,434886,high_confidence,1782,1844,2026-06-27,0,0,0,1,1000,1000,0,0,5,6900,0,0,1,2980,1000,16,1000,A_3M,9500,0.194,-80.6,MAPPING_REVIEW,SCRYDEX_HALF_LOW
CRD_CBC210FA642F420A9902,금경,SR,080/067,126536,high_confidence,3857,3857,2026-06-28,0,0,0,0,0,0,0,0,0,0,0,0,0,0,1000,3,0,NONE,0,,,SCRYDEX_ONLY,
CRD_567E3EA66DF544DA9814,수련의 돌봄,SAR,093/066,225734,high_confidence,34571,32712,2026-06-27,0,0,0,4,4550,4200,4,16200,26,14471,0,0,5,5000,4500,23,4550,A_3M,43225,0.757,-24.3,SNK_A_3M_FALLBACK,
CRD_5A8FC382CCE44FCEBEB2,아기씨,SR,115/100,93374,high_confidence,19513,19698,2026-06-28,1,2399,2399,4,2549,2399,16,13323,45,12199,1,4000,1,4000,2500,100,2399,A_1M,22790,0.864,-13.6,SNK_A_1M_OK,
CRD_27BABDECB2404E3D873F,리자몽 V,SR,102/100,96570,high_confidence,28241,27749,2026-06-26,1,9000,9000,11,8000,9000,5,21999,27,23999,0,0,1,8000,4100,35,9000,A_1M,85500,0.325,-67.5,MAPPING_REVIEW,SCRYDEX_HALF_LOW
CRD_830603D507F941958180,아르세우스 VSTAR,HR,120/100,96571,high_confidence,17854,18023,2026-06-26,1,2300,2300,1,2300,2300,3,18900,5,17800,0,0,0,0,3300,14,2300,A_1M,21850,0.825,-17.5,SNK_A_1M_OK,
CRD_AF8736ECE64947D5A57B,고릴타,UR,084/070,102325,high_confidence,19950,0,2026-05-08,0,0,0,0,0,0,0,0,0,0,0,0,0,0,20000,1,0,NONE,0,,,SCRYDEX_ONLY,
CRD_32611C07C96441F59DCF,리피아 GX,SR,067/066,105398,high_confidence,41101,41101,2026-06-28,0,0,0,0,0,0,0,0,1,29000,0,0,1,6000,6500,6,0,NONE,0,,,SCRYDEX_ONLY,
CRD_8C29A0179FEA494EACAF,파비코리 ex,RR,046/066,146991,high_confidence,814,784,2026-06-26,0,0,0,0,0,0,0,0,0,0,0,0,0,0,1000,3,0,NONE,0,,,SCRYDEX_ONLY,
CRD_4A29C46B117240F8943D,돌살이,AR,135/086,608505,high_confidence,41147,35677,2026-06-27,1,1000,1000,1,1000,1000,0,0,1,10000,0,0,0,0,0,0,1000,A_1M,9500,3.755,275.5,MAPPING_REVIEW,SCRYDEX_2X_HIGH
CRD_7F12AC1D6A604C8CB546,트래피더 ex,RR,008/078,110735,high_confidence,461,476,2026-06-27,0,0,0,0,0,0,0,0,0,0,0,0,0,0,1000,5,0,NONE,0,,,SCRYDEX_ONLY,
CRD_9376986A02A049DCA6C8,노보청 V,SR,075/071,137121,high_confidence,4241,4210,2026-06-27,0,0,0,0,0,0,0,0,0,0,0,0,0,0,0,0,0,NONE,0,,,SCRYDEX_ONLY,
CRD_4B3B7C90C55443A7B6F2,레지드래고 V,SR,108/098,100565,high_confidence,36860,35062,2026-06-28,0,0,0,2,2400,3300,0,0,8,9700,1,3000,2,2750,2300,7,2400,A_3M,22800,1.538,53.8,SNK_A_3M_FALLBACK,
CRD_18CD5427946D4525B172,한카리아스 ex,UR,090/062,140159,high_confidence,27303,27088,2026-06-27,1,2700,2700,2,2849,2700,4,14650,15,14000,0,0,0,0,2499,11,2700,A_1M,25650,1.056,5.6,SNK_A_1M_OK,
CRD_8157AABF97274614824E,모란,SAR,352/190,164255,high_confidence,20589,20082,2026-06-27,0,0,0,5,3716,3500,3,19643,30,18649,1,5200,5,4500,1500,39,3716,A_3M,35302,0.569,-43.1,SNK_A_3M_FALLBACK,
CRD_F4376F40A1924C9FADCC,샤미드 V,SR,074/069,96622,high_confidence,15918,15918,2026-06-26,0,0,0,2,3000,3000,6,11000,13,11000,0,0,3,3000,2500,10,3000,A_3M,28500,0.559,-44.1,SNK_A_3M_FALLBACK,
CRD_918A096A622440B6B1CE,파이어&썬더&프리져 GX,SR,059/054,104606,high_confidence,66268,65239,2026-06-26,0,0,0,2,15000,12000,2,58777,11,64000,5,11000,6,11500,12000,28,15000,A_3M,142500,0.458,-54.2,SNK_A_3M_FALLBACK,SCRYDEX_HALF_LOW
CRD_CDD3B1A97A91417B9277,일격 우라오스 VMAX,HR,084/070,99572,high_confidence,21495,21495,2026-06-28,0,0,0,0,0,0,0,0,0,0,0,0,0,0,0,0,0,NONE,0,,,SCRYDEX_ONLY,
CRD_447AD11B1C504AC4B5F7,보르그,AR,152/086,608592,high_confidence,5301,5224,2026-06-27,0,0,0,0,0,0,0,0,0,0,0,0,1,2444,1000,2,0,NONE,0,,,SCRYDEX_ONLY,
CRD_41167277B8FA42F693CA,카틀레야,HR,088/070,96644,high_confidence,35339,35339,2026-06-28,0,0,0,1,2240,2240,3,8275,5,8888,1,3000,1,3000,2999,16,2240,A_3M,21280,1.661,66.1,SNK_A_3M_FALLBACK,
CRD_0B84E98684704E7CBB0F,헤라크로스,AR,072/071,120729,high_confidence,7344,7652,2026-06-28,0,0,0,0,0,0,2,7150,6,6900,0,0,0,0,1000,15,0,NONE,0,,,SCRYDEX_ONLY,
CRD_71205B71BAD34A2C85BD,유카리,SR,106/080,753271,high_confidence,8113,8758,2026-06-28,3,1000,1000,4,1000,1000,0,0,0,0,0,0,0,0,1000,18,1000,A_1M,9500,0.922,-7.8,SNK_A_1M_OK,
CRD_97AD638649C74896B30E,불화살빈,AR,073/071,120730,high_confidence,6008,5455,2026-06-26,0,0,0,0,0,0,1,6308,6,6749,0,0,0,0,1000,12,0,NONE,0,,,SCRYDEX_ONLY,
CRD_E2324AA3478B4F09A915,위유이 ex,RR,016/071,117189,high_confidence,538,553,2026-06-27,0,0,0,0,0,0,0,0,1,6999,0,0,0,0,1000,5,0,NONE,0,,,SCRYDEX_ONLY,
CRD_27F3781C418A41E795E5,규리,SR,057/052,91300,high_confidence,92189,92189,2026-06-28,1,10000,10000,2,10500,10000,6,26574,23,29800,0,0,1,11500,9999,47,10000,A_1M,95000,0.97,-3.0,SNK_A_1M_OK,
CRD_8130AF03F0B74BF88F4B,제크로무 ex,SR,161/086,607933,high_confidence,6530,6438,2026-06-26,0,0,0,4,1437,1500,6,10850,18,10971,0,0,0,0,1000,29,1437,A_3M,13652,0.472,-52.8,SNK_A_3M_FALLBACK,SCRYDEX_HALF_LOW
CRD_D6EF48BBB6494035A432,M전룡 EX,RR,028/081,385413,high_confidence,46094,46094,2026-06-28,0,0,0,0,0,0,2,12400,3,12800,1,8000,1,8000,5000,5,0,NONE,0,,,SCRYDEX_ONLY,
CRD_C12CF65370894C5581E4,스컹탱크 V,SR,105/098,100562,high_confidence,3380,3334,2026-06-27,0,0,0,0,0,0,0,0,0,0,0,0,0,0,0,0,0,NONE,0,,,SCRYDEX_ONLY,
CRD_BC01567C0D53407F9CA0,부르롱,AR,117/108,132262,high_confidence,2443,2166,2026-06-27,0,0,0,0,0,0,3,6700,5,6949,0,0,1,1999,1000,10,0,NONE,0,,,SCRYDEX_ONLY,
CRD_8C2B39D4C7FE4D139F06,입치트 V,RR,039/068,288658,high_confidence,676,676,2026-06-28,0,0,0,0,0,0,0,0,0,0,0,0,0,0,0,0,0,NONE,0,,,SCRYDEX_ONLY,
CRD_C5A95DC5404443948CF9,후파 V [퓨전],SAR,231/172,105557,high_confidence,9803,9757,2026-06-26,0,0,0,3,1100,1100,5,8000,15,8500,1,3000,2,3000,1000,37,1100,A_3M,10450,0.934,-6.6,SNK_A_3M_FALLBACK,
CRD_83435CF0B3494DECB0E7,리자몽 ex,SR,185/165,128101,high_confidence,34694,33895,2026-06-28,4,7400,6900,36,8819,6900,24,26499,74,27181,1,9980,8,7190,3900,102,7400,A_1M,70300,0.482,-51.8,SNK_A_1M_OK,SCRYDEX_HALF_LOW
CRD_3E5403B79A2643CBAD3A,토네로스 V,SR,079/070,96711,high_confidence,44082,44082,2026-06-28,2,5670,6340,2,5670,6340,1,13500,6,12832,0,0,1,4500,13500,5,5670,A_1M,53865,0.818,-18.2,SNK_A_1M_OK,
CRD_97880F5EB9DE47029F78,갑주무사 ex,RR,022/066,146981,high_confidence,446,446,2026-06-27,0,0,0,0,0,0,0,0,0,0,0,0,0,0,1000,1,0,NONE,0,,,SCRYDEX_ONLY,
CRD_52F916AFA8B244C5ACDA,채두,SR,111/100,91195,high_confidence,30929,29347,2026-06-28,0,0,0,1,2999,2999,4,11000,19,9800,0,0,0,0,10800,15,2999,A_3M,28490,1.03,3.0,SNK_A_3M_FALLBACK,
CRD_B55D3E9651694E04BBB9,스트린더 [퓨전],AR,181/172,105542,high_confidence,3196,3426,2026-06-28,0,0,0,0,0,0,3,6900,5,7000,0,0,2,2456,1000,15,0,NONE,0,,,SCRYDEX_ONLY,
CRD_3575DCCD78834B1E8D87,실버디 GX,SR,065/049,104565,high_confidence,45603,44051,2026-06-28,0,0,0,2,4400,5800,0,0,10,9600,0,0,0,0,2500,20,4400,A_3M,41800,1.054,5.4,SNK_A_3M_FALLBACK,
CRD_354A9964DECF45BEBE57,악뜨거,AR,079/073,116068,high_confidence,7652,6699,2026-06-27,1,1000,1000,1,1000,1000,3,6700,10,6971,0,0,0,0,1000,12,1000,A_1M,9500,0.705,-29.5,SNK_A_1M_OK,
CRD_A73E9FF2F0254E999421,페라페,AR,081/071,186429,high_confidence,4425,4502,2026-06-28,0,0,0,0,0,0,2,6728,5,6800,1,2500,1,2500,1000,4,0,NONE,0,,,SCRYDEX_ONLY,
CRD_238DFF5330E44802A6A3,푸크린 ex,RR,141/190,160952,high_confidence,446,384,2026-06-26,0,0,0,0,0,0,0,0,0,0,0,0,0,0,1000,8,0,NONE,0,,,SCRYDEX_ONLY,
CRD_B075334FB615451B877A,눈꼬마,AR,063/062,137231,high_confidence,5931,5777,2026-06-27,0,0,0,0,0,0,2,6550,3,6200,0,0,1,2000,1000,6,0,NONE,0,,,SCRYDEX_ONLY,
CRD_B8BA3C24BCBE499B8B39,개굴반장,AR,087/083,776340,high_confidence,9772,10878,2026-06-27,3,1000,3200,32,1000,3200,4,16250,5,16500,0,0,0,0,1000,80,1000,A_1M,9500,1.145,14.5,SNK_A_1M_OK,
CRD_112139C75D774E75BDDA,킬라플로르 ex,SSR,329/190,164704,high_confidence,907,860,2026-06-27,0,0,0,0,0,0,0,0,0,0,0,0,0,0,1000,9,0,NONE,0,,,SCRYDEX_ONLY,
CRD_DBCCC554027A4F239EE1,눈여아 ex,SR,075/062,140299,high_confidence,3611,3472,2026-06-27,0,0,0,0,0,0,0,0,0,0,0,0,0,0,1000,2,0,NONE,0,,,SCRYDEX_ONLY,
CRD_89F870261BCE4E9C87D5,릴리에의 결심,SAR,090/063,663637,high_confidence,245714,245960,2026-06-28,22,30249,29000,73,35500,29000,31,78596,90,88137,29,25800,82,31622,21888,365,30249,A_1M,287366,0.856,-14.4,SNK_A_1M_OK,
CRD_413FD0336AAA480DAA38,루카리오&멜메탈 GX,SR,059/054,104629,high_confidence,132906,132906,2026-06-28,1,34000,34000,1,34000,34000,4,69900,17,69800,0,0,1,33333,26000,14,34000,A_1M,323000,0.411,-58.9,SNK_A_1M_OK,SCRYDEX_HALF_LOW
CRD_186B68241588428C9410,꼭두,SR,102/095,104687,high_confidence,107554,107554,2026-06-28,2,12055,13000,2,12055,13000,5,38333,18,38216,0,0,1,12000,8000,44,12055,A_1M,114522,0.939,-6.1,SNK_A_1M_OK,
CRD_27A8BA338F90422EA5E0,금경,HR,088/067,139725,high_confidence,5992,5992,2026-06-28,0,0,0,0,0,0,0,0,0,0,0,0,0,0,2000,2,0,NONE,0,,,SCRYDEX_ONLY,
CRD_656BC340421641E5A050,독수의 함정,SR,063/055,393239,high_confidence,31375,27641,2026-06-28,0,0,0,0,0,0,0,0,0,0,0,0,0,0,0,0,0,NONE,0,,,SCRYDEX_ONLY,
CRD_726F592D695C48E8837F,아고용&악식킹 GX,RR,066/095,339651,high_confidence,7836,7698,2026-06-26,0,0,0,0,0,0,1,9800,6,7800,0,0,0,0,7500,2,0,NONE,0,,,SCRYDEX_ONLY,
CRD_5CA455DEF57B449E9681,아이리스의 투지,SAR,248/193,730965,high_confidence,34079,34602,2026-06-28,13,2500,2400,50,2841,2400,18,15679,46,17000,13,3400,18,3650,1650,99,2500,A_1M,23750,1.457,45.7,SNK_A_1M_OK,
CRD_06B5F77BEF2A4FCE9B9B,화강돌,AR,071/063,663632,high_confidence,2735,2773,2026-06-26,0,0,0,0,0,0,16,6750,42,6599,0,0,1,2444,1000,26,0,NONE,0,,,SCRYDEX_ONLY,
CRD_77BB414B737A48BA9F33,히스이 모크나이퍼 VSTAR,HR,086/067,139723,high_confidence,5869,5900,2026-06-28,0,0,0,0,0,0,0,0,0,0,0,0,0,0,1800,1,0,NONE,0,,,SCRYDEX_ONLY,
CRD_0FD962247951488C809E,게노세크트 ex,SAR,172/086,608396,high_confidence,35785,34686,2026-06-26,0,0,0,2,2150,2300,3,8833,16,7850,0,0,0,0,3200,14,2150,A_3M,20425,1.698,69.8,SNK_A_3M_FALLBACK,
CRD_9C72C2A7A6AE408EADCE,메가루카리오 ex,RR,092/193,730136,high_confidence,630,538,2026-06-26,0,0,0,0,0,0,0,0,0,0,0,0,0,0,1000,34,0,NONE,0,,,SCRYDEX_ONLY,
CRD_6912AF9C0880455DB48F,앤티골,AR,101/086,608544,high_confidence,5378,5416,2026-06-26,0,0,0,0,0,0,0,0,0,0,0,0,0,0,2700,5,0,NONE,0,,,SCRYDEX_ONLY,
CRD_E884C26E081A41749A2E,볼케니온 ex,RR,129/742,497637,high_confidence,430,399,2026-06-27,0,0,0,0,0,0,0,0,0,0,0,0,0,0,1000,6,0,NONE,0,,,SCRYDEX_ONLY,
CRD_D8668F914B2643658274,주즈베&담죽맨,SR,200/173,127028,high_confidence,75303,74012,2026-06-28,1,14500,14500,1,14500,14500,0,0,1,14500,0,0,0,0,3500,6,14500,A_1M,137750,0.537,-46.3,SNK_A_1M_OK,
CRD_F095D8262EE24A9E89F5,핫삼 GX,RR,051/080,391774,high_confidence,6515,6661,2026-06-28,0,0,0,0,0,0,0,0,0,0,0,0,0,0,0,0,0,NONE,0,,,SCRYDEX_ONLY,
CRD_3099C7E0FF07461FA926,메가저리더프 ex,RR,049/193,724991,high_confidence,522,553,2026-06-26,0,0,0,0,0,0,0,0,0,0,0,0,0,0,1000,18,0,NONE,0,,,SCRYDEX_ONLY,
CRD_550D287466E74BD49C99,드래펄트 VMAX,HR,108/096,145434,high_confidence,18438,18438,2026-06-28,0,0,0,0,0,0,0,0,0,0,0,0,0,0,2980,1,0,NONE,0,,,SCRYDEX_ONLY,
CRD_85AC11A9F5FE4EBEB8E6,굽이치는물결 ex,RR,049/187,427220,high_confidence,476,399,2026-06-28,0,0,0,0,0,0,0,0,0,0,0,0,0,0,1000,1,0,NONE,0,,,SCRYDEX_ONLY,
CRD_D827A662E6E744C3B693,무우마,AR,202/193,730941,high_confidence,3104,3127,2026-06-26,2,1000,1000,2,1000,1000,13,6800,29,6800,4,2472,7,2444,1000,55,1000,A_1M,9500,0.329,-67.1,MAPPING_REVIEW,SCRYDEX_HALF_LOW
CRD_04E476A38A5347C9B184,과미드라,AR,068/063,538766,high_confidence,4256,3872,2026-06-28,0,0,0,0,0,0,3,6700,6,6600,0,0,0,0,1000,7,0,NONE,0,,,SCRYDEX_ONLY,
CRD_808A9BA456B1456EA2A4,M후딘 EX,SR,081/078,389654,high_confidence,475000,0,2026-05-08,0,0,0,0,0,0,0,0,0,0,0,0,0,0,0,0,0,NONE,0,,,SCRYDEX_ONLY,
CRD_3BF8865058D243DC9DBF,플라이곤 GX,SR,098/095,339683,high_confidence,9972,9972,2026-06-28,0,0,0,0,0,0,0,0,0,0,0,0,0,0,17800,3,0,NONE,0,,,SCRYDEX_ONLY,
CRD_4A62A7429FAD4BDA9715,두송,SR,191/190,126510,high_confidence,2935,2965,2026-06-28,0,0,0,0,0,0,0,0,0,0,0,0,0,0,2000,3,0,NONE,0,,,SCRYDEX_ONLY,
CRD_FBBDC7D73A6A4AF1BDC3,스파크,SR,082/071,122008,high_confidence,4333,4318,2026-06-28,0,0,0,0,0,0,0,0,0,0,0,0,0,0,1200,2,0,NONE,0,,,SCRYDEX_ONLY,
CRD_702857AB918C4E93B38D,야콘,SR,196/173,396159,high_confidence,27273,26458,2026-06-28,0,0,0,0,0,0,0,0,0,0,0,0,0,0,0,0,0,NONE,0,,,SCRYDEX_ONLY,
CRD_853F91A8D5AF441492F4,리자몽 ex,SAR,201/165,128117,high_confidence,604759,606986,2026-06-28,7,79000,78000,39,85500,78000,30,124796,86,141449,6,62000,24,70000,44000,142,79000,A_1M,750500,0.809,-19.1,SNK_A_1M_OK,
CRD_0EDD68B570E1472FB48A,키키링 ex,SR,088/071,186450,high_confidence,2351,2289,2026-06-27,0,0,0,0,0,0,1,7500,2,5250,0,0,0,0,1300,3,0,NONE,0,,,SCRYDEX_ONLY,
CRD_7F48960BD5604694BAD3,메가이어롭&푸린 GX,SR,103/095,339685,high_confidence,29450,0,2026-05-08,0,0,0,0,0,0,2,11900,7,11000,1,4000,1,4000,5000,5,0,NONE,0,,,SCRYDEX_ONLY,
CRD_8E7896DA379A4FA4AFD1,달코퀸 ex,RR,020/066,148938,high_confidence,615,599,2026-06-27,0,0,0,0,0,0,0,0,0,0,0,0,0,0,1000,2,0,NONE,0,,,SCRYDEX_ONLY,
CRD_D2329A80F560434D96B2,토게키스,AR,203/193,731016,high_confidence,3242,2996,2026-06-26,1,1000,1000,1,1000,1000,3,7133,8,7033,1,3000,7,2200,1000,41,1000,A_1M,9500,0.315,-68.5,MAPPING_REVIEW,SCRYDEX_HALF_LOW
CRD_F1FD80B31AEA4EBCB6A4,카지,SAR,130/101,255642,high_confidence,37459,35861,2026-06-27,0,0,0,2,4240,3980,1,26999,4,25162,0,0,2,3230,3300,18,4240,A_3M,40280,0.89,-11.0,SNK_A_3M_FALLBACK,
CRD_9B7BDD57CE984638AD11,다크라이 VSTAR,SAR,228/172,105543,high_confidence,93526,94125,2026-06-27,13,7500,7499,62,7965,7499,29,23400,90,28079,5,9800,22,8000,4800,169,7500,A_1M,71250,1.321,32.1,SNK_A_1M_OK,
CRD_EA938DF4CE38460F89C6,메가눈설왕 ex,SR,076/063,664119,high_confidence,2766,2743,2026-06-26,0,0,0,1,1000,1000,1,7111,2,7099,0,0,0,0,1000,17,1000,A_3M,9500,0.289,-71.1,MAPPING_REVIEW,SCRYDEX_HALF_LOW
CRD_7A000CCE7DCA4B44B198,포푸니라,CHR,051/049,126672,high_confidence,12937,11938,2026-06-26,0,0,0,0,0,0,1,7980,2,7878,0,0,0,0,3000,5,0,NONE,0,,,SCRYDEX_ONLY,
CRD_7D71C6E50BC848FDB19A,버프론 ex,SAR,172/086,607940,high_confidence,19682,18576,2026-06-28,0,0,0,3,1111,1300,2,7250,5,7000,0,0,0,0,2300,3,1111,A_3M,10554,1.76,76.0,SNK_A_3M_FALLBACK,
CRD_53601313F5F840D7BE86,네모,SAR,351/190,164252,high_confidence,7682,7575,2026-06-27,0,0,0,4,1500,1500,1,10940,8,8195,1,4000,2,3500,1500,18,1500,A_3M,14250,0.532,-46.8,SNK_A_3M_FALLBACK,
CRD_9AE512CAAE3C435392CB,어니언,HR,090/076,145141,high_confidence,10878,10878,2026-06-27,0,0,0,0,0,0,0,0,0,0,0,0,0,0,0,0,0,NONE,0,,,SCRYDEX_ONLY,
CRD_2F43F0F33B364E59B1AA,로사와 로이,SR,061/054,104603,high_confidence,293437,293437,2026-06-28,2,25000,25000,4,30000,25000,13,78818,43,80000,2,28900,9,27250,23000,53,25000,A_1M,237500,1.236,23.6,SNK_A_1M_OK,
CRD_1E02FB124E934CF8AE0F,꼬지보리,AR,106/086,608546,high_confidence,19513,15211,2026-06-27,0,0,0,1,1500,1500,1,7000,2,6999,0,0,0,0,0,0,1500,A_3M,14250,1.067,6.7,SNK_A_3M_FALLBACK,
CRD_5836A136DD3E47DB8AE1,치라치노 ex,SAR,117/083,776368,high_confidence,79421,74565,2026-06-27,20,4500,4100,71,4791,4100,3,31900,11,35800,0,0,0,0,4100,53,4500,A_1M,42750,1.744,74.4,SNK_A_1M_OK,
CRD_A95A3BB894E045F2AE02,가디안&님피아 GX,RR,031/055,393213,high_confidence,47293,45480,2026-06-28,0,0,0,7,4500,4700,9,16100,36,15800,2,6025,6,5533,4500,23,4500,A_3M,42750,1.064,6.4,SNK_A_3M_FALLBACK,
CRD_4659714945CF4C9F82C5,루티아의 어필,SR,084/064,379013,high_confidence,19483,18622,2026-06-26,3,4800,3500,15,4500,3500,13,19018,43,21500,4,3750,19,3700,3800,59,4800,A_1M,45600,0.408,-59.2,SNK_A_1M_OK,SCRYDEX_HALF_LOW
CRD_1F4026B2669C4D38ABC8,프테라 GX,SR,100/094,321604,high_confidence,6853,6960,2026-06-28,0,0,0,0,0,0,2,9150,2,9150,0,0,0,0,19999,1,0,NONE,0,,,SCRYDEX_ONLY,
CRD_642D216663B14FD592ED,로켓단의 니드킹 ex,RR,063/098,564926,high_confidence,584,415,2026-06-28,0,0,0,0,0,0,0,0,0,0,0,0,0,0,1000,5,0,NONE,0,,,SCRYDEX_ONLY,
CRD_B48D14CE62334F79A190,자크로,SAR,241/172,105539,high_confidence,3611,3672,2026-06-28,0,0,0,0,0,0,0,0,0,0,0,0,0,0,1000,7,0,NONE,0,,,SCRYDEX_ONLY,
CRD_88DE7FECFA5641C4971D,메타그로스 VMAX,HR,087/070,141939,high_confidence,24507,25014,2026-06-28,0,0,0,1,3500,3500,0,0,0,0,0,0,0,0,4000,2,3500,A_3M,33250,0.752,-24.8,SNK_A_3M_FALLBACK,
CRD_2E88C364F7394ACBB0AB,마리,SR,193/190,91190,high_confidence,93648,93648,2026-06-28,4,18000,16500,16,17250,16500,22,30791,74,30983,2,13000,18,14124,12500,204,18000,A_1M,171000,0.548,-45.2,SNK_A_1M_OK,
CRD_22C99839A70742369E3E,일목,SR,199/173,104551,high_confidence,50074,49997,2026-06-28,0,0,0,0,0,0,0,0,0,0,0,0,0,0,3500,3,0,NONE,0,,,SCRYDEX_ONLY,
CRD_A2BF0189A7944E14A265,밀로틱 V,SR,099/096,145427,high_confidence,20696,20696,2026-06-28,0,0,0,0,0,0,0,0,0,0,0,0,0,0,1500,1,0,NONE,0,,,SCRYDEX_ONLY,
CRD_1E2EB300CA564DADA074,마휘핑 V,SR,079/076,102274,high_confidence,22740,22740,2026-06-27,0,0,0,0,0,0,0,0,0,0,0,0,0,0,0,0,0,NONE,0,,,SCRYDEX_ONLY,
CRD_640E8984CA144951984C,에테르재단 직원,SR,160/150,112769,high_confidence,35262,35262,2026-06-28,2,2500,2500,4,2400,2500,0,0,6,11199,0,0,0,0,2500,14,2500,A_1M,23750,1.485,48.5,SNK_A_1M_OK,
CRD_BC1C11E90BDF4F289E1A,스트린더,AR,089/080,704382,high_confidence,2274,2366,2026-06-28,0,0,0,0,0,0,16,6800,29,6799,0,0,3,2444,1000,42,0,NONE,0,,,SCRYDEX_ONLY,
CRD_7557F5D3856F4AB8BAA7,괴력몬 V,RR,032/067,139472,high_confidence,1122,1091,2026-06-26,0,0,0,0,0,0,0,0,0,0,0,0,0,0,0,0,0,NONE,0,,,SCRYDEX_ONLY,
CRD_4866CB4A4EDF45CABC8E,M후딘 EX,RR,024/078,389551,high_confidence,54760,54760,2026-06-28,0,0,0,0,0,0,0,0,1,19000,0,0,0,0,4800,4,0,NONE,0,,,SCRYDEX_ONLY,
CRD_3C3DCDDEE1D445CF8043,빙큐보 ex,SR,121/108,132266,high_confidence,2305,2320,2026-06-27,0,0,0,0,0,0,1,7000,1,7000,0,0,0,0,1000,2,0,NONE,0,,,SCRYDEX_ONLY,
CRD_D77DDA36A4604E1A840A,마쿠와,SR,086/069,112527,high_confidence,1168,1168,2026-06-28,0,0,0,0,0,0,0,0,0,0,0,0,0,0,1000,2,0,NONE,0,,,SCRYDEX_ONLY,
CRD_D6CB6207F6D64F1A980C,오거폰 벽록의 가면 ex,SAR,125/101,246360,high_confidence,22663,22632,2026-06-28,1,2580,2580,3,2500,2580,0,0,0,0,0,0,0,0,2580,9,2580,A_1M,24510,0.923,-7.7,SNK_A_1M_OK,
CRD_D7976C3F939248F7A2C3,네리네,SR,188/187,471670,high_confidence,1813,1736,2026-06-28,0,0,0,0,0,0,0,0,0,0,0,0,0,0,1000,6,0,NONE,0,,,SCRYDEX_ONLY,
CRD_BECB62345F92435AB0E2,메가곤율거니 ex,SAR,241/193,730960,high_confidence,24153,25198,2026-06-28,8,1073,1000,25,1000,1000,10,8732,33,8900,0,0,1,3333,1000,22,1073,A_1M,10194,2.472,147.2,SNK_A_1M_OK,SCRYDEX_2X_HIGH
CRD_9AD6FE24D3594D17A130,에브이 ex,SAR,211/187,469628,high_confidence,132767,121797,2026-06-27,15,10111,9899,52,10316,9899,30,23756,90,24338,8,8999,19,9000,8000,154,10111,A_1M,96054,1.268,26.8,SNK_A_1M_OK,
CRD_B2248FE3EAB34F918B7C,가라르 창파나이트 V,RR,065/100,145017,high_confidence,1168,1168,2026-06-27,0,0,0,0,0,0,0,0,0,0,0,0,0,0,0,0,0,NONE,0,,,SCRYDEX_ONLY,
CRD_18D57DF71D81408584B5,포켓몬센터 직원,SR,085/080,725683,high_confidence,132122,132122,2026-06-28,0,0,0,0,0,0,0,0,0,0,0,0,0,0,0,0,0,NONE,0,,,SCRYDEX_ONLY,
CRD_6E9405D59DA14754A6EE,킬가르도 ex,SR,082/066,152770,high_confidence,2274,2366,2026-06-28,0,0,0,0,0,0,0,0,0,0,0,0,0,0,1000,1,0,NONE,0,,,SCRYDEX_ONLY,
CRD_6657C5F9E27145AA9961,메가픽시 ex,SAR,112/080,753273,high_confidence,58632,63165,2026-06-26,7,3700,4000,44,3622,4000,11,16833,50,16832,0,0,0,0,3000,52,3700,A_1M,35150,1.797,79.7,SNK_A_1M_OK,
CRD_A891C8ACBE5B4F3F8F48,스이쿤 GX,RR,028/095,335095,high_confidence,5178,5055,2026-06-28,0,0,0,0,0,0,0,0,0,0,0,0,0,0,1499,6,0,NONE,0,,,SCRYDEX_ONLY,
CRD_D3E4B12ED8094D568982,마기라스 GX,SR,099/095,335165,high_confidence,22110,22110,2026-06-28,0,0,0,0,0,0,0,0,1,18500,0,0,0,0,8100,3,0,NONE,0,,,SCRYDEX_ONLY,
CRD_0548814E2096488481FF,금랑,SR,256/184,96681,high_confidence,6791,6776,2026-06-28,0,0,0,0,0,0,0,0,2,6249,0,0,0,0,1000,1,0,NONE,0,,,SCRYDEX_ONLY,
CRD_02BB3BE76CE644A993D6,박사의 연구(올림박사),SR,098/078,110947,high_confidence,7099,7252,2026-06-27,1,1199,1199,1,1199,1199,0,0,1,7799,0,0,0,0,1500,8,1199,A_1M,11390,0.637,-36.3,SNK_A_1M_OK,
CRD_70232D25A67C4C04A915,웨이니발 ex,RR,043/190,151724,high_confidence,522,476,2026-06-28,0,0,0,0,0,0,0,0,0,0,0,0,0,0,1000,4,0,NONE,0,,,SCRYDEX_ONLY,
CRD_8B07A23C08EE489D87DF,카푸브루루,AR,065/064,283609,high_confidence,2842,2996,2026-06-27,0,0,0,0,0,0,2,6390,5,6500,0,0,0,0,1200,3,0,NONE,0,,,SCRYDEX_ONLY,
CRD_DCC37C7FE5CD4264A5A1,피오니,SR,083/070,96730,high_confidence,3488,3488,2026-06-27,0,0,0,0,0,0,0,0,0,0,0,0,0,0,1000,4,0,NONE,0,,,SCRYDEX_ONLY,
CRD_04E7F61A130E41B8AE30,메가지가르데 ex,SR,097/080,753264,high_confidence,9250,9373,2026-06-28,1,1000,1000,3,1000,1000,6,9650,8,9750,0,0,0,0,1000,28,1000,A_1M,9500,0.987,-1.3,SNK_A_1M_OK,
CRD_9C2FBC6E628A43679527,명희의 격려,SAR,115/080,753274,high_confidence,149515,149807,2026-06-28,20,19229,14800,78,21366,14800,31,61100,86,75674,20,16827,63,19750,12000,234,19229,A_1M,182676,0.82,-18.0,SNK_A_1M_OK,
CRD_1D3EB41A06F94BA7B512,입치트 VSTAR,HR,088/068,95331,high_confidence,8236,8236,2026-06-28,0,0,0,0,0,0,0,0,0,0,0,0,0,0,3800,5,0,NONE,0,,,SCRYDEX_ONLY,
CRD_CE6FE97D871C4A218EFD,루가루암 ex,SR,090/073,116076,high_confidence,2228,2213,2026-06-27,0,0,0,0,0,0,0,0,0,0,0,0,0,0,1500,1,0,NONE,0,,,SCRYDEX_ONLY,
CRD_D417586C8E26486E94D6,폭거북스 GX,SSR,212/150,112779,high_confidence,15749,15749,2026-06-28,0,0,0,0,0,0,0,0,0,0,0,0,0,0,0,0,0,NONE,0,,,SCRYDEX_ONLY,
CRD_D9C0CF682CE44A96BED2,네오라이트 V,SAR,216/172,103072,high_confidence,31267,27641,2026-06-28,3,1450,1400,13,2100,1400,10,7896,35,8000,0,0,1,3800,1200,32,1450,A_1M,13775,2.007,100.7,SNK_A_1M_OK,SCRYDEX_2X_HIGH
CRD_B0635A73D11746B0828B,바오프,AR,099/086,608542,high_confidence,9326,9096,2026-06-27,0,0,0,0,0,0,1,6800,0,0,0,0,0,0,1500,5,0,NONE,0,,,SCRYDEX_ONLY,
CRD_B24FEAA15B354EE7A819,파라섹트,CHR,072/071,126699,high_confidence,4241,3826,2026-06-26,1,1000,1000,1,1000,1000,3,6874,8,6775,0,0,0,0,1000,7,1000,A_1M,9500,0.403,-59.7,SNK_A_1M_OK,SCRYDEX_HALF_LOW
CRD_E5D836B0FC0D43E289F9,델빌,AR,115/108,132260,high_confidence,5086,5285,2026-06-26,0,0,0,0,0,0,1,7199,6,6950,0,0,0,0,1000,10,0,NONE,0,,,SCRYDEX_ONLY,
CRD_A92DDFDA2A8542FDA6F0,월로,SR,248/172,105531,high_confidence,2213,2136,2026-06-28,0,0,0,0,0,0,1,6700,2,7090,1,2999,1,2999,1000,6,0,NONE,0,,,SCRYDEX_ONLY,
CRD_C2779FB305824DED9533,또르박쥐,AR,116/086,608556,high_confidence,12707,11109,2026-06-27,0,0,0,0,0,0,2,6708,4,6630,0,0,1,2444,7700,3,0,NONE,0,,,SCRYDEX_ONLY,
CRD_25B8055B794A45B99714,메가아쿠스타 ex,RR,021/080,752402,high_confidence,860,768,2026-06-28,0,0,0,0,0,0,0,0,0,0,0,0,0,0,1000,14,0,NONE,0,,,SCRYDEX_ONLY,
CRD_4F4282B9BBB74862A121,찌리비,AR,105/101,251915,high_confidence,2996,3058,2026-06-27,0,0,0,0,0,0,2,6699,11,6899,0,0,0,0,1000,6,0,NONE,0,,,SCRYDEX_ONLY,
CRD_99A5A2C5F74143BABC24,코라이돈 ex,UR,106/078,110951,high_confidence,13874,14043,2026-06-27,1,2500,2500,1,2500,2500,2,12500,7,12500,0,0,0,0,3500,6,2500,A_1M,23750,0.591,-40.9,SNK_A_1M_OK,
CRD_325D356041B348968F5A,칼라마네로 EX,RR,076/171,390591,high_confidence,3303,3319,2026-06-28,0,0,0,0,0,0,0,0,0,0,0,0,0,0,0,0,0,NONE,0,,,SCRYDEX_ONLY,
CRD_C4D2295758134D1A863E,릴리에의 전력,SR,067/049,91277,high_confidence,319572,314456,2026-06-28,2,43000,40000,6,46350,40000,16,83059,64,87306,6,36949,14,37000,27000,245,43000,A_1M,408500,0.77,-23.0,SNK_A_1M_OK,
CRD_DFE572539BEC48CCB019,오리진 디아루가 V,SR,074/067,96740,high_confidence,12937,12937,2026-06-28,0,0,0,0,0,0,0,0,0,0,0,0,0,0,14700,1,0,NONE,0,,,SCRYDEX_ONLY,
CRD_0400517F2E89441EAC81,거북왕 ex,SAR,202/165,128118,high_confidence,236695,231225,2026-06-28,11,23500,16500,33,25700,16500,22,44800,71,49466,4,20000,12,20000,20480,50,23500,A_1M,223250,1.036,3.6,SNK_A_1M_OK,
CRD_E22C2110EB8743EFA3E1,팔데아의 학생,SR,346/190,164249,high_confidence,1029,1106,2026-06-27,0,0,0,0,0,0,0,0,2,7390,1,3000,1,3000,1000,15,0,NONE,0,,,SCRYDEX_ONLY,
CRD_8384DAD4A2524069AD34,로켓단의 또도가스,AR,105/098,568894,high_confidence,6300,5946,2026-06-27,1,1000,1000,1,1000,1000,18,6900,54,6899,1,2999,3,3799,1000,32,1000,A_1M,9500,0.626,-37.4,SNK_A_1M_OK,
CRD_D7065DC67F244D799293,테라파고스 ex,RR,136/187,427232,high_confidence,476,446,2026-06-28,0,0,0,0,0,0,0,0,0,0,0,0,0,0,1000,4,0,NONE,0,,,SCRYDEX_ONLY,
CRD_94CA0CA240FE402D833F,보스의 지령(플라드리),SR,266/184,96683,high_confidence,5547,5362,2026-06-28,0,0,0,0,0,0,0,0,0,0,0,0,0,0,2000,1,0,NONE,0,,,SCRYDEX_ONLY,
CRD_D3439179FAEB461CA903,코르니의 기합,SR,081/070,91186,high_confidence,19206,7682,2026-06-28,1,5600,5600,3,7000,5600,7,13499,30,14682,1,6200,1,6200,2800,41,5600,A_1M,53200,0.144,-85.6,MAPPING_REVIEW,SCRYDEX_HALF_LOW
CRD_FED5150373E949A7B4AC,한카리아스 ex,SR,076/062,140300,high_confidence,8912,8743,2026-06-27,0,0,0,2,1740,1500,1,10000,2,9995,0,0,0,0,3000,6,1740,A_3M,16530,0.529,-47.1,SNK_A_3M_FALLBACK,
CRD_EFA2913DDB894495B285,윽우지,AR,072/066,221939,high_confidence,3104,3088,2026-06-28,0,0,0,0,0,0,3,6650,9,6650,0,0,1,2900,1200,5,0,NONE,0,,,SCRYDEX_ONLY,
CRD_3E81540BBE5B4EF2A89E,오르티가,SR,192/187,462389,high_confidence,1997,1997,2026-06-28,0,0,0,0,0,0,0,0,0,0,0,0,0,0,1000,5,0,NONE,0,,,SCRYDEX_ONLY,
CRD_DF6D7BB6800645AC8C68,스컹탱크 V,SR,106/098,100563,high_confidence,14366,14366,2026-06-28,0,0,0,0,0,0,0,0,1,7499,0,0,0,0,1400,13,0,NONE,0,,,SCRYDEX_ONLY,
CRD_1F7AC8B706234CD0B21D,바랜드,CHR,061/049,126684,high_confidence,15611,14643,2026-06-26,0,0,0,0,0,0,1,11980,2,12390,0,0,0,0,11000,4,0,NONE,0,,,SCRYDEX_ONLY,
CRD_CD7EF632BD004AA79742,아머까오 V,CSR,248/184,141278,high_confidence,11892,11693,2026-06-28,0,0,0,0,0,0,0,0,0,0,0,0,0,0,1500,1,0,NONE,0,,,SCRYDEX_ONLY,
CRD_0EE4BA587BCC48B1B807,샤미드,CHR,189/184,126675,high_confidence,30192,26781,2026-06-28,4,2074,1999,16,2266,1999,24,11351,62,10016,0,0,2,3800,2000,25,2074,A_1M,19703,1.359,35.9,SNK_A_1M_OK,
CRD_02EF6DD76D804F69A99C,블래리의 한 수,SR,106/080,704396,high_confidence,1936,1798,2026-06-28,0,0,0,0,0,0,1,7500,2,7150,0,0,0,0,1000,11,0,NONE,0,,,SCRYDEX_ONLY,
CRD_090216855FE241EFB18B,이슬의 부탁,SR,105/094,93094,high_confidence,274707,271573,2026-06-28,0,0,0,4,24749,22000,9,71000,35,71525,1,25000,4,24899,17500,72,24749,A_3M,235116,1.155,15.5,SNK_A_3M_FALLBACK,
CRD_D805B78A8EC145518EBF,이브이 ex,SAR,223/187,455676,high_confidence,69510,69126,2026-06-28,12,6044,6200,50,5948,6200,29,16379,87,16502,8,5998,19,5999,4600,120,6044,A_1M,57418,1.204,20.4,SNK_A_1M_OK,
CRD_5571E9D37C0F44EB9D0C,N의 조로아크 ex,SAR,127/100,506159,high_confidence,64686,64548,2026-06-28,3,8500,8000,6,8749,8000,15,15400,51,19895,2,8700,4,8700,7800,87,8500,A_1M,80750,0.799,-20.1,SNK_A_1M_OK,
CRD_2D0FDD0C77AF4176BAA2,신비록 V,SR,076/067,139512,high_confidence,1782,1782,2026-06-28,0,0,0,0,0,0,0,0,0,0,0,0,0,0,0,0,0,NONE,0,,,SCRYDEX_ONLY,
CRD_CFB1F9B2BF5A4F108B32,킬가르도 V,SR,108/100,145058,high_confidence,23047,23047,2026-06-28,0,0,0,0,0,0,0,0,0,0,0,0,0,0,0,0,0,NONE,0,,,SCRYDEX_ONLY,
CRD_46627F2A3E6F48A9BE2F,메가가디안 ex,MUR,092/063,663661,high_confidence,410563,411623,2026-06-28,6,44999,40000,23,58000,40000,19,143233,52,159499,16,46750,31,49444,40000,72,44999,A_1M,427490,0.963,-3.7,SNK_A_1M_OK,
CRD_6434F1BE098C4F98B481,보스의 지령(게치스),SAR,099/073,116084,high_confidence,26520,25290,2026-06-27,0,0,0,4,3875,3800,1,9000,4,8500,0,0,1,4000,5000,5,3875,A_3M,36812,0.687,-31.3,SNK_A_3M_FALLBACK,
CRD_CC97B2FE443A4CA09615,네르케,SR,342/190,164248,high_confidence,630,645,2026-06-27,0,0,0,0,0,0,0,0,0,0,0,0,0,0,1000,8,0,NONE,0,,,SCRYDEX_ONLY,
CRD_5BDD62DBF28CF0E30ECD,쥬피썬더 ex,SAR,209/187,458562,high_confidence,74980,74005,2026-06-27,9,8100,6500,48,7275,6500,31,16100,91,17083,7,8500,22,7966,4500,149,8100,A_1M,76950,0.962,-3.8,SNK_A_1M_OK,
CRD_44E1537469C74DDBBA16,나몰빼미&알로라나시 GX,SR,056/054,104602,high_confidence,99871,96798,2026-06-28,0,0,0,0,0,0,1,43100,9,42000,1,13400,1,13400,10000,12,0,NONE,0,,,SCRYDEX_ONLY,
CRD_C94514D16A7E46608874,대로트&야느와르몽 GX,SR,179/173,104543,high_confidence,134043,134043,2026-06-26,0,0,0,2,5000,5000,1,28000,7,21800,0,0,2,8750,33000,3,5000,A_3M,47500,2.822,182.2,SNK_A_3M_FALLBACK,SCRYDEX_2X_HIGH
CRD_6967F2866EC341D1B5A5,고동치는달 ex,SAR,218/187,466510,high_confidence,59308,56151,2026-06-26,7,3426,3426,27,3640,3426,31,13600,91,13425,6,5675,22,5124,3500,172,3426,A_1M,32547,1.725,72.5,SNK_A_1M_OK,
CRD_B644812335694B979583,메가샤크니아 ex,SR,098/080,704389,high_confidence,3703,3780,2026-06-28,0,0,0,0,0,0,2,7984,4,7980,0,0,0,0,1000,14,0,NONE,0,,,SCRYDEX_ONLY,
CRD_5C626761376341E3AEE8,모미,HR,088/070,100080,high_confidence,33726,33726,2026-06-28,0,0,0,0,0,0,0,0,1,9700,1,2980,1,2980,1000,1,0,NONE,0,,,SCRYDEX_ONLY,
CRD_0BBA24DF2AA04E9F8934,폭거북스 GX,SR,051/050,389327,high_confidence,10371,10371,2026-06-28,0,0,0,0,0,0,0,0,0,0,0,0,0,0,0,0,0,NONE,0,,,SCRYDEX_ONLY,
CRD_4DD11310DD574B5BAF64,마셰이드,AR,066/064,363381,high_confidence,2935,3119,2026-06-28,0,0,0,0,0,0,5,6789,14,6500,0,0,0,0,1000,5,0,NONE,0,,,SCRYDEX_ONLY,
CRD_2A791989EEEC43F481BB,메가지가르데 ex,SAR,113/080,753318,high_confidence,50135,50504,2026-06-28,8,3850,3800,55,4825,3800,19,20500,58,24150,0,0,0,0,3200,66,3850,A_1M,36575,1.381,38.1,SNK_A_1M_OK,
CRD_AA3296C0D4FE45A38CAB,제르네아스 GX,SR,098/094,334656,high_confidence,27580,31667,2026-06-28,0,0,0,0,0,0,0,0,0,0,0,0,0,0,0,0,0,NONE,0,,,SCRYDEX_ONLY,
CRD_5253E851E4414AD68104,백마 버드렉스 V,SR,072/070,96738,high_confidence,9557,9880,2026-06-28,0,0,0,0,0,0,0,0,0,0,0,0,0,0,0,0,0,NONE,0,,,SCRYDEX_ONLY,
CRD_1F45F12DC0264E98B4E1,메가눈여아 ex,SAR,233/193,730955,high_confidence,43759,45403,2026-06-26,9,2300,2350,37,2000,2350,15,10029,51,10352,1,3500,4,3500,2200,36,2300,A_1M,21850,2.078,107.8,SNK_A_1M_OK,SCRYDEX_2X_HIGH
CRD_67CFE01AE03E495B9FB2,블루의 탐색,SR,195/173,93083,high_confidence,710806,710806,2026-06-28,1,46500,46500,4,63950,46500,10,150633,41,144217,2,58499,9,56999,52200,41,46500,A_1M,441750,1.609,60.9,SNK_A_1M_OK,
CRD_C83501C3B7174EAD9B11,백마 버드렉스 V,RR,125/414,141756,high_confidence,768,768,2026-06-28,0,0,0,0,0,0,0,0,0,0,0,0,0,0,0,0,0,NONE,0,,,SCRYDEX_ONLY,
CRD_7A7850AA59504787B71D,스타단의 조무래기,SR,099/078,110946,high_confidence,3319,3319,2026-06-27,0,0,0,0,0,0,0,0,1,7000,0,0,0,0,1000,5,0,NONE,0,,,SCRYDEX_ONLY,
CRD_D1C565DB2FFB4163BFFC,배쓰나이,AR,105/086,608545,high_confidence,6223,6100,2026-06-26,0,0,0,0,0,0,1,6500,3,6500,0,0,0,0,1000,1,0,NONE,0,,,SCRYDEX_ONLY,
CRD_A20BEE66070640B39730,아머까오 VMAX,HR,085/070,144125,high_confidence,31467,31221,2026-06-28,0,0,0,0,0,0,0,0,0,0,0,0,0,0,0,0,0,NONE,0,,,SCRYDEX_ONLY,
CRD_A59B08DC49AD4E5FBFA7,고동치는달 ex,RR,054/066,138252,high_confidence,538,538,2026-06-28,0,0,0,0,0,0,0,0,0,0,0,0,0,0,1000,6,0,NONE,0,,,SCRYDEX_ONLY,
CRD_A9772F1A738D41739112,스이쿤 GX,SR,098/095,104690,high_confidence,30699,30699,2026-06-28,0,0,0,0,0,0,0,0,1,22000,1,8800,1,8800,1000,7,0,NONE,0,,,SCRYDEX_ONLY,
CRD_C3F844BC04614855A4C4,코코리,AR,115/106,414089,high_confidence,5086,4901,2026-06-26,0,0,0,0,0,0,3,6639,11,6639,0,0,0,0,1000,10,0,NONE,0,,,SCRYDEX_ONLY,
CRD_1AF00E0F44D842E894A4,쌍검자비,AR,103/086,584799,high_confidence,18622,16871,2026-06-28,0,0,0,0,0,0,1,6500,4,7450,0,0,0,0,1000,5,0,NONE,0,,,SCRYDEX_ONLY,
CRD_48EDE9764E334AFE8D60,스파크,HR,089/071,137127,high_confidence,8896,8128,2026-06-28,0,0,0,0,0,0,0,0,0,0,0,0,0,0,0,0,0,NONE,0,,,SCRYDEX_ONLY,
CRD_A3C2192851584CFC8246,소도와 실디,SR,267/184,126524,high_confidence,3073,3073,2026-06-28,0,0,0,0,0,0,0,0,0,0,0,0,0,0,1600,4,0,NONE,0,,,SCRYDEX_ONLY,
CRD_B1D0E95D6A764E54A4F3,마스카나 ex,RR,007/073,111959,high_confidence,584,584,2026-06-27,0,0,0,0,0,0,0,0,1,5999,0,0,0,0,1000,6,0,NONE,0,,,SCRYDEX_ONLY,
CRD_187E76533B5540179493,지가르데 GX,RR,050/094,334609,high_confidence,7145,7145,2026-06-28,0,0,0,0,0,0,0,0,2,9247,0,0,0,0,1000,4,0,NONE,0,,,SCRYDEX_ONLY,
CRD_DB0F99DBDC074D509C4E,어니언,SR,084/076,102290,high_confidence,22141,22141,2026-06-28,0,0,0,0,0,0,1,10000,2,16850,1,6000,1,6000,2500,4,0,NONE,0,,,SCRYDEX_ONLY,
CRD_808986BE4AB54625B5D4,메로엣타 ex,SR,162/086,608528,high_confidence,2090,2059,2026-06-27,0,0,0,0,0,0,1,7500,5,7500,0,0,0,0,1000,5,0,NONE,0,,,SCRYDEX_ONLY,
CRD_02F5CFB869144C589BF7,음번 GX,SR,055/051,335034,high_confidence,33250,0,2026-05-08,0,0,0,0,0,0,0,0,0,0,0,0,0,0,0,0,0,NONE,0,,,SCRYDEX_ONLY,
CRD_4B9283B93544449DBC2D,이벨타르 ex,SR,098/080,753265,high_confidence,7559,7652,2026-06-28,0,0,0,0,0,0,8,7999,8,7999,0,0,0,0,1000,16,0,NONE,0,,,SCRYDEX_ONLY,
CRD_892B2014015549E5812F,메가저리더프 ex,SAR,235/193,731021,high_confidence,19114,18976,2026-06-27,5,1000,1000,14,1000,1000,10,7800,20,8000,0,0,2,2900,1000,39,1000,A_1M,9500,1.997,99.7,SNK_A_1M_OK,
CRD_12350A5EE2C042EBA371,아르세우스 V,SR,112/100,91145,high_confidence,74627,74627,2026-06-27,1,11500,11500,8,14792,11500,18,29612,52,28707,1,9000,5,9000,7400,50,11500,A_1M,109250,0.683,-31.7,SNK_A_1M_OK,
CRD_83CB95F730174D28B274,메가플라엣테 ex,RR,035/083,774182,high_confidence,661,676,2026-06-27,0,0,0,0,0,0,0,0,0,0,0,0,0,0,1000,9,0,NONE,0,,,SCRYDEX_ONLY,
CRD_B3834736DB2542B792B1,페릴라,HR,085/067,139514,high_confidence,4410,4410,2026-06-27,0,0,0,0,0,0,0,0,0,0,0,0,0,0,0,0,0,NONE,0,,,SCRYDEX_ONLY,
CRD_E42CBCBC0D104814A10B,더스트나 V,SR,072/067,141525,high_confidence,8543,8666,2026-06-27,0,0,0,0,0,0,0,0,0,0,0,0,0,0,1000,1,0,NONE,0,,,SCRYDEX_ONLY,
CRD_99B80601C8BF404186BC,히스이 윈디 V,SR,104/098,100561,high_confidence,4010,4041,2026-06-28,0,0,0,0,0,0,1,7500,1,7500,0,0,0,0,1000,2,0,NONE,0,,,SCRYDEX_ONLY,
CRD_E9AE47FA96644DACB7EA,클레스퍼트라 ex,RR,023/190,162020,high_confidence,338,307,2026-06-26,0,0,0,0,0,0,0,0,0,0,0,0,0,0,1000,3,0,NONE,0,,,SCRYDEX_ONLY,
CRD_212812EDFC95434E96EE,노공룡,AR,078/066,152781,high_confidence,6407,6146,2026-06-27,0,0,0,0,0,0,2,7074,5,7000,0,0,0,0,1000,10,0,NONE,0,,,SCRYDEX_ONLY,
CRD_B0A1FB4261674D529764,시라칸,AR,077/071,180177,high_confidence,4041,3872,2026-06-28,1,1000,1000,1,1000,1000,1,5555,4,6500,0,0,1,2444,1000,5,1000,A_1M,9500,0.408,-59.2,SNK_A_1M_OK,SCRYDEX_HALF_LOW
CRD_2B9182A2EF634F7E8973,올림박사의 기백,SAR,092/066,152789,high_confidence,18299,18422,2026-06-27,0,0,0,1,1300,1300,0,0,1,9000,0,0,0,0,1500,9,1300,A_3M,12350,1.492,49.2,SNK_A_3M_FALLBACK,
CRD_683F3F874CB848EF94C4,돌핀맨 ex,RR,046/187,434889,high_confidence,353,323,2026-06-28,0,0,0,0,0,0,0,0,0,0,0,0,0,0,1000,7,0,NONE,0,,,SCRYDEX_ONLY,
CRD_1019C2CFB1EE47139FD8,찌리배리,AR,112/108,132257,high_confidence,3457,3350,2026-06-27,0,0,0,0,0,0,2,6225,5,6500,0,0,0,0,1000,15,0,NONE,0,,,SCRYDEX_ONLY,
CRD_66116DF43BE7463F97E7,아로마 아가씨,HR,096/069,96558,high_confidence,9880,9895,2026-06-26,0,0,0,1,2000,2000,0,0,2,9318,0,0,1,3000,2000,11,2000,A_3M,19000,0.521,-47.9,SNK_A_3M_FALLBACK,
CRD_D32273D46FE741C19111,히스이 블레이범 V,SR,076/067,139715,high_confidence,5147,5132,2026-06-28,0,0,0,0,0,0,0,0,0,0,0,0,0,0,0,0,0,NONE,0,,,SCRYDEX_ONLY,
CRD_16552890B7E640BD9726,비상,SR,093/073,116079,high_confidence,2965,2950,2026-06-27,0,0,0,0,0,0,0,0,0,0,0,0,0,0,1000,10,0,NONE,0,,,SCRYDEX_ONLY,
CRD_069D993EF5274D81B98E,오거폰 벽록의 가면 ex,RR,020/187,427216,high_confidence,522,430,2026-06-28,0,0,0,0,0,0,0,0,0,0,0,0,0,0,1000,2,0,NONE,0,,,SCRYDEX_ONLY,
CRD_53F9BEE45FFC4745AC79,투희,SAR,173/086,607941,high_confidence,59277,59431,2026-06-28,6,8600,8700,17,8500,8700,13,27012,49,31628,2,7400,17,7500,7200,68,8600,A_1M,81700,0.727,-27.3,SNK_A_1M_OK,
CRD_9B32980D414E47C09387,전툴라 ex,SAR,128/102,325076,high_confidence,20312,20082,2026-06-27,0,0,0,0,0,0,2,8000,7,7300,0,0,0,0,1500,6,0,NONE,0,,,SCRYDEX_ONLY,
CRD_EF3512D636064758A7B4,메가개굴닌자 ex,RR,022/083,774169,high_confidence,2474,2796,2026-06-28,2,1050,1100,10,1000,1100,0,0,0,0,0,0,0,0,1000,45,1050,A_1M,9975,0.28,-72.0,MAPPING_REVIEW,SCRYDEX_HALF_LOW
CRD_8C8BBAFB1C5E4D15BAC6,메가이상해꽃 ex,SR,076/063,664095,high_confidence,14981,14719,2026-06-26,1,1000,1000,10,1000,1000,10,7929,43,7750,0,0,2,2050,1000,51,1000,A_1M,9500,1.549,54.9,SNK_A_1M_OK,
CRD_19F51F8288034A4781BC,워글,AR,157/086,608597,high_confidence,7221,6622,2026-06-27,0,0,0,0,0,0,1,6800,0,0,0,0,0,0,1000,6,0,NONE,0,,,SCRYDEX_ONLY,
CRD_DA068974AC734E7AB608,야나키,AR,090/086,608464,high_confidence,7667,7529,2026-06-27,0,0,0,0,0,0,3,6800,0,0,0,0,0,0,1000,3,0,NONE,0,,,SCRYDEX_ONLY,
CRD_C1DA511430EB46B79854,메가폭타 ex,RR,013/063,659217,high_confidence,415,430,2026-06-26,0,0,0,0,0,0,0,0,0,0,0,0,0,0,1000,16,0,NONE,0,,,SCRYDEX_ONLY,
CRD_F02E1EB24B864CCCB328,아고용 GX,RR,034/054,393157,high_confidence,2013,2136,2026-06-28,0,0,0,0,0,0,0,0,0,0,0,0,0,0,0,0,0,NONE,0,,,SCRYDEX_ONLY,
CRD_7E0814B69ADA40E58DCA,플라이곤 ex,SR,079/064,385168,high_confidence,3964,3964,2026-06-28,0,0,0,0,0,0,0,0,0,0,0,0,1,2499,2000,1,0,NONE,0,,,SCRYDEX_ONLY,
CRD_BE2FA43F663B4D16BA9C,에레키블,AR,180/172,105532,high_confidence,5777,5685,2026-06-28,1,1000,1000,1,1000,1000,3,6800,10,6999,0,0,1,2000,1000,12,1000,A_1M,9500,0.598,-40.2,SNK_A_1M_OK,
CRD_8FC14F96E9634AE0982F,쏘콘 ex,SSR,320/190,164701,high_confidence,1460,1291,2026-06-26,0,0,0,0,0,0,0,0,0,0,0,0,0,0,1000,15,0,NONE,0,,,SCRYDEX_ONLY,
CRD_E30CB17C7E4749BD9111,오거폰 우물의 가면 ex,SAR,208/187,469627,high_confidence,7006,7122,2026-06-26,1,1000,1000,2,1000,1000,3,8500,6,7250,0,0,0,0,1000,8,1000,A_1M,9500,0.75,-25.0,SNK_A_1M_OK,
CRD_D18C8870DB964490B498,히스이의 동료들,SR,250/172,105137,high_confidence,7298,7298,2026-06-28,2,1349,1500,9,1800,1500,23,10762,65,11166,2,3940,8,3350,1600,112,1349,A_1M,12816,0.569,-43.1,SNK_A_1M_OK,
CRD_49B9C68497F94042A443,일리마,SR,065/060,106189,high_confidence,71250,0,2026-05-09,0,0,0,0,0,0,1,12000,2,10475,0,0,0,0,19800,1,0,NONE,0,,,SCRYDEX_ONLY,
CRD_1D61B56A81F04560A587,염뉴트 ex,RR,016/080,752397,high_confidence,492,522,2026-06-27,0,0,0,0,0,0,0,0,0,0,0,0,0,0,1000,9,0,NONE,0,,,SCRYDEX_ONLY,
CRD_13F9528AE66A482F9AC7,나몰빼미&알로라나시 GX,RR,001/054,393124,high_confidence,10801,10586,2026-06-26,0,0,0,1,2800,2800,0,0,3,13249,0,0,0,0,1800,5,2800,A_3M,26600,0.398,-60.2,SNK_A_3M_FALLBACK,SCRYDEX_HALF_LOW
CRD_E9A8685418094D9BB850,야적 세 자매,SR,085/071,96669,high_confidence,8205,8251,2026-06-28,0,0,0,0,0,0,0,0,6,7299,0,0,2,2850,2000,9,0,NONE,0,,,SCRYDEX_ONLY,
CRD_C8B01F160C314B17A057,삼삼드래 ex,SAR,171/086,608397,high_confidence,83431,79252,2026-06-28,4,5527,6000,10,4900,6000,13,11700,49,11500,0,0,1,4000,6000,32,5527,A_1M,52506,1.509,50.9,SNK_A_1M_OK,
CRD_3A0BD9F6AF5141DC9961,고동치는달 ex,RR,101/187,427224,high_confidence,584,476,2026-06-28,0,0,0,0,0,0,0,0,0,0,0,0,0,0,1000,2,0,NONE,0,,,SCRYDEX_ONLY,
CRD_79DAA61E0E0E4DB6B833,토네로스 VMAX,HR,087/070,141806,high_confidence,9726,9726,2026-06-28,0,0,0,0,0,0,0,0,0,0,0,0,0,0,0,0,0,NONE,0,,,SCRYDEX_ONLY,
CRD_6396E1AD59084F64A801,딩루 ex,SAR,094/071,118631,high_confidence,14658,14658,2026-06-27,0,0,0,0,0,0,3,7799,6,7800,0,0,0,0,1500,6,0,NONE,0,,,SCRYDEX_ONLY,
CRD_CECA6BC4887D4E72992B,위유이 ex,RR,035/190,156414,high_confidence,446,446,2026-06-27,0,0,0,0,0,0,0,0,0,0,0,0,0,0,1000,5,0,NONE,0,,,SCRYDEX_ONLY,
CRD_36137AD704B945179433,올림박사의 기백,SR,086/066,148946,high_confidence,6008,6054,2026-06-27,0,0,0,0,0,0,0,0,0,0,0,0,0,0,1000,7,0,NONE,0,,,SCRYDEX_ONLY,
CRD_5A3BCBE340EB4953A691,드래펄트 V,SR,101/096,145429,high_confidence,4750,0,2026-05-08,0,0,0,0,0,0,0,0,0,0,0,0,0,0,3000,1,0,NONE,0,,,SCRYDEX_ONLY,
CRD_F87EEB047E184C71A2CE,한카리아스&기라티나 GX,SR,060/054,91285,high_confidence,251983,251983,2026-06-26,1,60000,60000,6,41500,60000,9,161555,35,158000,0,0,6,36000,27500,30,60000,A_1M,570000,0.442,-55.8,SNK_A_1M_OK,SCRYDEX_HALF_LOW
CRD_034271D298BA46158444,사마자르,CHR,071/067,126700,high_confidence,2627,2512,2026-06-26,0,0,0,0,0,0,1,7300,2,7300,0,0,0,0,1000,7,0,NONE,0,,,SCRYDEX_ONLY,
CRD_AA5BA868244841729ECD,신뇽,AR,182/165,128098,high_confidence,23462,24261,2026-06-28,6,1699,1600,19,1999,1600,14,10090,44,10190,0,0,6,3980,1240,39,1699,A_1M,16140,1.503,50.3,SNK_A_1M_OK,
CRD_9C70464E838941DB8DF0,더스트나 VMAX,HR,081/067,141529,high_confidence,23047,23047,2026-06-28,0,0,0,0,0,0,0,0,0,0,0,0,0,0,0,0,0,NONE,0,,,SCRYDEX_ONLY,
CRD_888168EF50BE4F89B720,비케,SR,057/051,91344,high_confidence,76809,305760,2026-06-28,0,0,0,0,0,0,2,50500,8,54625,0,0,0,0,24980,15,0,NONE,0,,,SCRYDEX_ONLY,
CRD_3E9E5C6840D049589B84,모란,SR,097/078,110948,high_confidence,7513,7513,2026-06-27,0,0,0,1,1700,1700,9,8400,23,9350,0,0,0,0,1200,49,1700,A_3M,16150,0.465,-53.5,SNK_A_3M_FALLBACK,SCRYDEX_HALF_LOW
CRD_C3E06830FAAA4837AB25,아리아도스,CHR,205/184,126688,high_confidence,2366,2397,2026-06-26,0,0,0,1,1400,1400,4,6800,15,6950,0,0,0,0,1000,10,1400,A_3M,13300,0.18,-82.0,MAPPING_REVIEW,SCRYDEX_HALF_LOW
CRD_C5B6D61127B741B3926B,아보크,AR,079/071,186427,high_confidence,9956,9234,2026-06-27,0,0,0,0,0,0,2,7199,4,7099,0,0,0,0,2300,5,0,NONE,0,,,SCRYDEX_ONLY,
CRD_A2A524FCE0E54F2C8C91,데덴네 ex,SR,089/073,116075,high_confidence,20343,18653,2026-06-28,4,1900,1800,7,1800,1800,13,8200,23,9200,1,3500,1,3500,1800,28,1900,A_1M,18050,1.033,3.3,SNK_A_1M_OK,
CRD_36360E53452543DEB82B,고릴타 VMAX,HR,079/070,145512,high_confidence,10740,10740,2026-06-28,0,0,0,0,0,0,0,0,0,0,0,0,0,0,0,0,0,NONE,0,,,SCRYDEX_ONLY,
CRD_D57859CD4BA84DEEBC5A,루카리오 VSTAR,SAR,226/172,103073,high_confidence,27780,26504,2026-06-28,8,4900,4800,51,6400,4800,25,20416,80,23652,4,6500,11,4850,4000,138,4900,A_1M,46550,0.569,-43.1,SNK_A_1M_OK,
CRD_8875DA1FBB2046CBAF86,미끄네일,AR,093/083,776345,high_confidence,5163,5531,2026-06-27,0,0,0,0,0,0,0,0,0,0,0,0,0,0,1000,22,0,NONE,0,,,SCRYDEX_ONLY,
CRD_33785863B77A4D888CC5,루카리오&멜메탈 GX,SR,058/054,393297,high_confidence,51564,51564,2026-06-28,0,0,0,0,0,0,0,0,1,33000,0,0,0,0,7500,4,0,NONE,0,,,SCRYDEX_ONLY,
CRD_96DCC4B3E85641EAA4E9,라우드본 ex,RR,032/190,151721,high_confidence,461,384,2026-06-28,0,0,0,0,0,0,0,0,0,0,0,0,0,0,1000,4,0,NONE,0,,,SCRYDEX_ONLY,
CRD_549E381006304AAB8D75,가라르 불비달마 V,SR,103/100,145054,high_confidence,2581,2504,2026-06-26,0,0,0,0,0,0,0,0,0,0,0,0,0,0,1500,1,0,NONE,0,,,SCRYDEX_ONLY,
CRD_49411B14FD8649DE8364,토네로스 V,SR,078/070,141804,high_confidence,3949,3949,2026-06-26,0,0,0,0,0,0,0,0,0,0,0,0,0,0,0,0,0,NONE,0,,,SCRYDEX_ONLY,
CRD_6FBE2AD113B74C719B5B,오르티가,SR,131/108,132275,high_confidence,2274,2274,2026-06-27,0,0,0,0,0,0,2,7593,6,7500,0,0,2,2750,1000,25,0,NONE,0,,,SCRYDEX_ONLY,
CRD_1B75DAEB61EA4A2D9A2A,마스터드 일격의 태세,HR,088/070,144222,high_confidence,8266,8266,2026-06-27,0,0,0,0,0,0,0,0,0,0,0,0,0,0,0,0,0,NONE,0,,,SCRYDEX_ONLY,
CRD_22BC9BEDDB4B49D88171,가라르 가로막구리,CHR,207/184,126691,high_confidence,2827,2827,2026-06-28,0,0,0,1,2250,2250,3,6800,7,6666,0,0,0,0,1000,4,2250,A_3M,21375,0.132,-86.8,MAPPING_REVIEW,SCRYDEX_HALF_LOW
CRD_D458688E4CDC4D52858A,고릴타 V,RR,008/070,145443,high_confidence,1905,1905,2026-06-28,0,0,0,0,0,0,0,0,0,0,0,0,0,0,0,0,0,NONE,0,,,SCRYDEX_ONLY,
CRD_B6536EB5E85E46388EC3,타임,SR,197/187,471669,high_confidence,1536,1536,2026-06-28,0,0,0,0,0,0,0,0,0,0,0,0,0,0,1000,2,0,NONE,0,,,SCRYDEX_ONLY,
CRD_AA9CB0979C7F411383FB,렌트라 V,RR,021/067,139461,high_confidence,2935,2935,2026-06-27,0,0,0,0,0,0,0,0,0,0,0,0,0,0,1000,1,0,NONE,0,,,SCRYDEX_ONLY,
CRD_482EA800F7DE4871AD8A,뮤츠 VSTAR,SAR,221/172,103080,high_confidence,215522,210882,2026-06-28,8,19750,17000,54,19999,17000,31,41000,85,46680,7,18000,22,17765,13980,173,19750,A_1M,187625,1.124,12.4,SNK_A_1M_OK,
CRD_CB62AB154B714772BCC6,그린의 전략,SR,190/173,93086,high_confidence,318943,310891,2026-06-28,0,0,0,1,33333,33333,2,76496,9,75000,3,28000,7,28000,27500,15,33333,A_3M,316664,0.982,-1.8,SNK_A_3M_FALLBACK,
CRD_8B9D59AB943441B4BAC4,무쇠손 ex,RR,054/187,466334,high_confidence,415,399,2026-06-27,0,0,0,0,0,0,0,0,0,0,0,0,0,0,1000,1,0,NONE,0,,,SCRYDEX_ONLY,
CRD_90698EA0987C4C82913F,엘풍 V,SR,107/100,139846,high_confidence,4871,4855,2026-06-28,0,0,0,0,0,0,0,0,0,0,0,0,0,0,0,0,0,NONE,0,,,SCRYDEX_ONLY,
CRD_C0B9156965764BADB0C5,레시라무&리자몽 GX,SR,096/095,104620,high_confidence,94540,94540,2026-06-28,1,21800,21800,4,20800,21800,1,71950,10,67425,1,13333,1,13333,8400,21,21800,A_1M,207100,0.456,-54.4,SNK_A_1M_OK,SCRYDEX_HALF_LOW
CRD_06913448CCA04DE6B272,무쇠가시,AR,077/071,179805,high_confidence,2950,3058,2026-06-27,0,0,0,0,0,0,3,6800,8,6850,0,0,0,0,1000,5,0,NONE,0,,,SCRYDEX_ONLY,
CRD_2570702FE3854423A069,무쇠바퀴 ex,RR,132/190,156442,high_confidence,369,353,2026-06-26,0,0,0,0,0,0,0,0,0,0,0,0,0,0,1000,3,0,NONE,0,,,SCRYDEX_ONLY,
CRD_6E0CFA01EAA84472A5AAA69BE95C2DA8,뮤 VMAX,HR,119/100,93016,high_confidence,459223,459223,2026-06-27,2,180000,170000,9,199999,170000,25,261200,74,273874,6,127000,8,129500,108888,97,180000,A_1M,1710000,0.269,-73.1,MAPPING_REVIEW,SCRYDEX_HALF_LOW
CRD_24845E4BD72A47AAA490,라티오스 EX,RR,048/078,382140,high_confidence,13828,14020,2026-06-28,0,0,0,0,0,0,1,26000,0,0,0,0,0,0,4500,9,0,NONE,0,,,SCRYDEX_ONLY,
CRD_AD994D529D6E47C2B93E,리피아 GX,RR,012/066,336619,high_confidence,7314,7037,2026-06-26,0,0,0,0,0,0,0,0,1,12000,0,0,0,0,2222,6,0,NONE,0,,,SCRYDEX_ONLY,
CRD_E3928DC52944458BBFCE,리자몽 ex,SAR,349/190,162095,high_confidence,327992,320525,2026-06-26,9,38000,45000,33,46500,45000,30,81125,86,86860,7,38800,16,39900,28000,142,38000,A_1M,361000,0.888,-11.2,SNK_A_1M_OK,
CRD_DCF9C516EF5F46D3A23A,메가루카리오 ex,SAR,088/063,657364,high_confidence,147195,140834,2026-06-27,15,9888,10000,60,9999,10000,26,25825,84,27250,1,12000,15,9500,9000,113,9888,A_1M,93936,1.499,49.9,SNK_A_1M_OK,
CRD_59976B37A8E84CBF8304,빛나,SR,107/080,704397,high_confidence,10064,10049,2026-06-28,8,1527,1800,20,1500,1800,23,8480,58,8798,7,3226,16,2999,1800,48,1527,A_1M,14506,0.693,-30.7,SNK_A_1M_OK,
CRD_39A9FDACFF514F29B347,울트라네크로즈마 GX,SR,099/094,105371,high_confidence,27641,27641,2026-06-28,0,0,0,0,0,0,0,0,0,0,0,0,0,0,11000,1,0,NONE,0,,,SCRYDEX_ONLY,
CRD_BE89EA3D6FBF480F9472,지니어,SR,100/078,110945,high_confidence,5654,5654,2026-06-27,0,0,0,0,0,0,0,0,0,0,0,0,0,0,1000,4,0,NONE,0,,,SCRYDEX_ONLY,
CRD_AA80CBBC30D44512BB73,태권왕의 수련,SR,221/193,730946,high_confidence,1629,1629,2026-06-28,0,0,0,4,1000,1000,1,8000,3,6980,1,4000,1,4000,1000,9,1000,A_3M,9500,0.171,-82.9,MAPPING_REVIEW,SCRYDEX_HALF_LOW
CRD_C4DED4CD6D9B40719BF9,치렁,AR,106/101,251916,high_confidence,3380,3334,2026-06-27,0,0,0,0,0,0,1,8400,7,8400,0,0,1,2444,1000,8,0,NONE,0,,,SCRYDEX_ONLY,
CRD_E1953E99F0A344F5ACBE,로켓단의 레트라,AR,108/098,568895,high_confidence,4533,4609,2026-06-26,0,0,0,0,0,0,15,6900,40,6800,2,2989,2,2989,1000,32,0,NONE,0,,,SCRYDEX_ONLY,
CRD_32082DD1A5DE41889046,이야후 ex,RR,037/064,277238,high_confidence,415,353,2026-06-27,0,0,0,0,0,0,0,0,0,0,0,0,0,0,2000,1,0,NONE,0,,,SCRYDEX_ONLY,
CRD_A6E8EAA77BE24D74AEA7,체렌,SR,063/059,91612,high_confidence,237500,0,2026-05-08,0,0,0,0,0,0,1,42800,2,31400,0,0,0,0,6000,5,0,NONE,0,,,SCRYDEX_ONLY,
CRD_4D3EF2E899D943459B77,은송,SR,089/078,91519,high_confidence,427500,0,2026-05-09,1,30000,30000,2,27000,30000,2,74240,6,70662,0,0,0,0,25000,8,30000,A_1M,285000,,,SNK_A_1M_OK,
CRD_7A7B7FE3D8DA4848943D,핫삼 GX,SSR,233/150,112796,high_confidence,60783,60568,2026-06-28,0,0,0,1,7500,7500,1,26000,3,22500,0,0,0,0,0,0,7500,A_3M,71250,0.85,-15.0,SNK_A_3M_FALLBACK,
CRD_46AF434D15734C6787E2,도희의 비기,SAR,228/187,471674,high_confidence,7421,7314,2026-06-28,0,0,0,3,1000,2000,5,8450,9,8450,0,0,2,3000,1000,12,1000,A_3M,9500,0.77,-23.0,SNK_A_3M_FALLBACK,
CRD_149DFDDE8D3144968EE9,암나이트,AR,180/165,128096,high_confidence,6084,5877,2026-06-26,1,1000,1000,6,1325,1000,5,7400,18,7773,0,0,0,0,1000,12,1000,A_1M,9500,0.619,-38.1,SNK_A_1M_OK,
CRD_FB98F00A1EE44AB999E2,글레이시아 ex,SAR,206/187,455594,high_confidence,162252,152665,2026-06-28,16,9349,7990,50,8919,7990,30,19338,89,19861,5,8800,25,8999,9000,139,9349,A_1M,88816,1.719,71.9,SNK_A_1M_OK,
CRD_98DAFEBB7A994BAB96D1,아크로마의 실험,SR,116/100,93377,high_confidence,3257,3242,2026-06-28,0,0,0,0,0,0,0,0,1,6800,0,0,0,0,1000,3,0,NONE,0,,,SCRYDEX_ONLY,
CRD_59D948D23D9B4A8997F2,메가디안시 ex,SAR,238/193,730959,high_confidence,45787,38458,2026-06-28,12,2187,2100,38,2187,2100,16,11569,38,13500,0,0,3,3300,1980,53,2187,A_1M,20776,1.851,85.1,SNK_A_1M_OK,
CRD_6C4CD727AA4A41F8A59D,무쇠손 ex,SAR,210/187,466506,high_confidence,8635,8412,2026-06-26,0,0,0,0,0,0,1,7999,9,7392,0,0,0,0,1000,16,0,NONE,0,,,SCRYDEX_ONLY,
CRD_604492DE52EA4B7F81F6,메가캥카 ex,SAR,089/063,657366,high_confidence,45833,44811,2026-06-26,12,3399,3499,29,3500,3499,21,10966,72,11500,0,0,2,3824,3500,100,3399,A_1M,32290,1.388,38.8,SNK_A_1M_OK,
CRD_8CBA85EFB90246F2A42C,로켓단의 아테나,SAR,129/098,568903,high_confidence,31882,31759,2026-06-28,1,3333,3333,7,3000,3333,2,17375,8,19500,2,4666,2,4666,3280,24,3333,A_1M,31664,1.003,0.3,SNK_A_1M_OK,
CRD_35A856F18BEB432BABEC,멜로코,SR,085/066,152787,high_confidence,5024,5024,2026-06-27,0,0,0,0,0,0,1,7222,2,6561,0,0,1,2800,2000,7,0,NONE,0,,,SCRYDEX_ONLY,
CRD_B845DAE48C424F97A12D,개굴닌자 ex,RR,045/066,224075,high_confidence,768,753,2026-06-27,1,1000,1000,1,1000,1000,2,7124,6,6374,0,0,0,0,1000,7,1000,A_1M,9500,0.079,-92.1,MAPPING_REVIEW,SCRYDEX_HALF_LOW
CRD_3C91F57ABFE0494F9FEE,메가이상해꽃 ex,SAR,087/063,657363,high_confidence,115820,113377,2026-06-26,11,6550,5499,41,6500,5499,24,14746,79,14798,4,7495,22,6850,5800,84,6550,A_1M,62225,1.822,82.2,SNK_A_1M_OK,
CRD_306457DE76EA45C5B61B,월로,HR,096/071,96639,high_confidence,8942,8942,2026-06-28,0,0,0,0,0,0,0,0,0,0,0,0,0,0,2000,1,0,NONE,0,,,SCRYDEX_ONLY,
CRD_3E39B2A60D644D419C7A,자마젠타,AR,107/098,555474,high_confidence,3826,3688,2026-06-28,0,0,0,1,1000,1000,16,6900,40,6900,1,2999,2,2999,1000,24,1000,A_3M,9500,0.388,-61.2,SNK_A_3M_FALLBACK,SCRYDEX_HALF_LOW
CRD_86C9D18D455541299CC0,클레스퍼트라 ex,SSR,323/190,164702,high_confidence,1168,983,2026-06-26,0,0,0,0,0,0,0,0,1,6500,0,0,0,0,1000,6,0,NONE,0,,,SCRYDEX_ONLY,
CRD_865DA476A29E409CBAA1,일격 우라오스 V,CSR,238/184,141274,high_confidence,7252,7252,2026-06-26,0,0,0,1,2000,2000,0,0,4,7899,0,0,0,0,2222,9,2000,A_3M,19000,0.382,-61.8,SNK_A_3M_FALLBACK,SCRYDEX_HALF_LOW
CRD_35F6305B626B4EA6BA1B,미라이돈 ex,SAR,102/078,110935,high_confidence,68250,65869,2026-06-26,5,6000,5500,14,6000,5500,17,15040,54,15512,0,0,0,0,4700,90,6000,A_1M,57000,1.156,15.6,SNK_A_1M_OK,
CRD_02A3EEACB0F74D7F97B6,네모,SR,343/190,164705,high_confidence,1291,1429,2026-06-27,0,0,0,0,0,0,1,6666,3,6000,0,0,1,2000,1000,14,0,NONE,0,,,SCRYDEX_ONLY,
CRD_B24FB59D3B834314A57B,비파,SAR,096/071,186437,high_confidence,21127,21004,2026-06-27,0,0,0,1,1499,1499,0,0,0,0,0,0,0,0,2000,6,1499,A_3M,14240,1.475,47.5,SNK_A_3M_FALLBACK,
CRD_017439C155E14354863F,악비아르,AR,143/086,608512,high_confidence,16901,15657,2026-06-27,0,0,0,0,0,0,2,6590,3,6900,0,0,0,0,1000,9,0,NONE,0,,,SCRYDEX_ONLY,
CRD_EE75B6D586D64FF6980F,파오젠 ex,UR,357/190,164708,high_confidence,6791,6714,2026-06-27,0,0,0,0,0,0,0,0,0,0,0,0,0,0,1000,3,0,NONE,0,,,SCRYDEX_ONLY,
CRD_A7AACB50E1D2433E83E0,더스트나,AR,139/086,608579,high_confidence,8881,7974,2026-06-27,0,0,0,0,0,0,1,6890,1,6890,1,2800,1,2800,1000,2,0,NONE,0,,,SCRYDEX_ONLY,
CRD_711241AAC3CB4EFB8F22,리파,SR,086/066,150013,high_confidence,6653,6714,2026-06-27,0,0,0,0,0,0,0,0,1,12000,0,0,1,3980,1000,20,0,NONE,0,,,SCRYDEX_ONLY,
CRD_C684704D87BF4D358292,벰크,AR,127/086,608497,high_confidence,6253,4947,2026-06-28,0,0,0,0,0,0,1,6666,1,6666,0,0,0,0,2000,3,0,NONE,0,,,SCRYDEX_ONLY,
CRD_3B4881B425A945B385D7,화염레오 BREAK,RR,010/054,387210,high_confidence,13813,13813,2026-06-28,0,0,0,0,0,0,0,0,0,0,0,0,0,0,0,0,0,NONE,0,,,SCRYDEX_ONLY,
CRD_EB0B165D0A7148E4ABE6,네크로즈마 새벽의 날개 GX,RR,033/066,338329,high_confidence,5055,5055,2026-06-28,0,0,0,0,0,0,0,0,0,0,0,0,0,0,1000,2,0,NONE,0,,,SCRYDEX_ONLY,
CRD_BD32C4DD974E418FB16F,비조푸,AR,131/086,608571,high_confidence,10018,9150,2026-06-26,0,0,0,0,0,0,2,6650,2,6650,0,0,0,0,1000,2,0,NONE,0,,,SCRYDEX_ONLY,
CRD_9C6FB71861F94FB98F11,라이코 EX,SR,071/069,91622,high_confidence,76824,76824,2026-06-28,0,0,0,0,0,0,0,0,1,115000,0,0,0,0,27800,1,0,NONE,0,,,SCRYDEX_ONLY,
CRD_F9A376E8D1EA497EABA5,아고용&악식킹 GX,SR,102/095,104555,high_confidence,154063,154063,2026-06-28,0,0,0,0,0,0,2,22390,7,22800,0,0,0,0,15000,6,0,NONE,0,,,SCRYDEX_ONLY,
CRD_C183A625C76743C5ABCD,두송,HR,115/100,102306,high_confidence,7221,7221,2026-06-28,0,0,0,0,0,0,0,0,0,0,0,0,0,0,0,0,0,NONE,0,,,SCRYDEX_ONLY,
CRD_2E8CB13E9FEE40A28A14,웅의 근성,SR,112/100,91470,high_confidence,218500,0,2026-05-09,0,0,0,0,0,0,1,38000,1,38000,0,0,0,0,25000,5,0,NONE,0,,,SCRYDEX_ONLY,
CRD_DF1BC7CED4E14C938183,운향,SAR,100/073,115238,high_confidence,77608,77608,2026-06-27,1,9100,9100,6,9200,9100,15,19666,55,21500,1,9000,7,8650,9000,104,9100,A_1M,86450,0.898,-10.2,SNK_A_1M_OK,
CRD_C728A90398A04DC9B105,백마 버드렉스 VMAX,CSR,221/184,96687,high_confidence,10894,10909,2026-06-28,0,0,0,1,2200,2200,2,8312,8,7950,0,0,0,0,2300,5,2200,A_3M,20900,0.522,-47.8,SNK_A_3M_FALLBACK,
CRD_5D48C69399A74C799C12,무쇠잎새 ex,SR,084/071,186446,high_confidence,2136,2090,2026-06-27,0,0,0,0,0,0,0,0,0,0,0,0,0,0,1000,4,0,NONE,0,,,SCRYDEX_ONLY,
CRD_BAC700F6596245A5A62A,매시붕 GX,RR,030/050,334499,high_confidence,8604,8604,2026-06-26,0,0,0,0,0,0,0,0,0,0,0,0,0,0,5000,1,0,NONE,0,,,SCRYDEX_ONLY,
CRD_5A9588570BE84441901E,대왕끼리동 V,RR,075/096,145403,high_confidence,1567,1567,2026-06-28,0,0,0,0,0,0,0,0,0,0,0,0,0,0,0,0,0,NONE,0,,,SCRYDEX_ONLY,
CRD_D1651B27D22047C4A81B,삼삼드래 BREAK,RR,043/054,387189,high_confidence,13300,0,2026-05-08,0,0,0,0,0,0,1,30000,2,27000,0,0,0,0,25000,2,0,NONE,0,,,SCRYDEX_ONLY,
CRD_5F09CD4E587B4983ACCF,킬가르도,AR,073/062,137472,high_confidence,6084,5823,2026-06-27,0,0,0,1,1000,1000,1,6800,4,6800,0,0,1,2444,1000,5,1000,A_3M,9500,0.613,-38.7,SNK_A_3M_FALLBACK,
CRD_B65A3E174310474CA8B8,타격귀,AR,128/086,608568,high_confidence,5854,5531,2026-06-28,0,0,0,0,0,0,1,7300,3,7300,0,0,0,0,2888,4,0,NONE,0,,,SCRYDEX_ONLY,
CRD_578FDAA332FD4381BC35,다크펫,CHR,197/184,126686,high_confidence,3887,3818,2026-06-26,1,1180,1180,3,1180,1180,12,6949,20,6932,0,0,1,2799,1000,29,1180,A_1M,11210,0.341,-65.9,SNK_A_1M_OK,SCRYDEX_HALF_LOW
CRD_A3B4ED53661A41AD9BE6,티고라스,AR,089/080,753309,high_confidence,4010,4410,2026-06-28,0,0,0,1,1000,1000,2,7749,2,7749,0,0,1,2000,1000,20,1000,A_3M,9500,0.464,-53.6,SNK_A_3M_FALLBACK,SCRYDEX_HALF_LOW
CRD_3EDE7FB426A144669E19,마라카치,AR,093/086,608467,high_confidence,5070,4932,2026-06-27,0,0,0,0,0,0,2,6799,0,0,0,0,0,0,1100,4,0,NONE,0,,,SCRYDEX_ONLY,
CRD_2CABD12EE5B74135858E,웨이니발 ex,SR,088/073,116074,high_confidence,1859,1859,2026-06-26,0,0,0,0,0,0,0,0,0,0,1,3100,1,3100,1000,5,0,NONE,0,,,SCRYDEX_ONLY,
CRD_F8C26BA27AF444938EB9,밀로틱 V,RR,022/096,145350,high_confidence,6284,6284,2026-06-26,0,0,0,0,0,0,0,0,0,0,0,0,0,0,0,0,0,NONE,0,,,SCRYDEX_ONLY,
CRD_D6CE520A6BA64DCF916E,리피아 V,SR,071/069,91170,high_confidence,135963,135963,2026-06-27,1,21000,21000,10,18000,21000,18,35599,55,36750,2,17250,12,15950,18999,55,21000,A_1M,199500,0.682,-31.8,SNK_A_1M_OK,
CRD_7EF3FAC1AA9F41959926,공박사의강연,SR,101/095,104645,high_confidence,119077,118309,2026-06-28,1,9200,9200,1,9200,9200,5,29999,18,27250,0,0,0,0,9800,6,9200,A_1M,87400,1.354,35.4,SNK_A_1M_OK,
CRD_8978E52260A148548BE7,야적 세 자매,HR,094/071,96641,high_confidence,17193,17193,2026-06-28,0,0,0,1,1980,1980,0,0,1,8000,0,0,0,0,1300,2,1980,A_3M,18810,0.914,-8.6,SNK_A_3M_FALLBACK,
CRD_55BE769CC493490B9696,음번 GX,SSR,241/150,112802,high_confidence,22310,22310,2026-06-28,0,0,0,0,0,0,1,9800,3,9000,0,0,0,0,3500,2,0,NONE,0,,,SCRYDEX_ONLY,
CRD_F74DCD4030904CDE95D4,원규,SR,081/067,96587,high_confidence,7744,7728,2026-06-28,0,0,0,3,2050,3000,8,7775,14,7950,1,3780,8,2783,1000,34,2050,A_3M,19475,0.397,-60.3,SNK_A_3M_FALLBACK,SCRYDEX_HALF_LOW
CRD_D3A4176E71AC47AFA6EF,전목,SR,082/067,126537,high_confidence,2581,2612,2026-06-28,0,0,0,0,0,0,0,0,0,0,0,0,0,0,1000,2,0,NONE,0,,,SCRYDEX_ONLY,
CRD_E623C3E3D8334A58BE38,대도각참,AR,089/078,110903,high_confidence,6192,5962,2026-06-26,0,0,0,0,0,0,2,7200,7,6500,0,0,0,0,1000,4,0,NONE,0,,,SCRYDEX_ONLY,
CRD_214C3CC1FFFD487FBD68,마스카나 ex,SSR,321/190,151750,high_confidence,2366,2504,2026-06-26,0,0,0,1,1000,1000,0,0,2,8750,0,0,0,0,1000,9,1000,A_3M,9500,0.264,-73.6,MAPPING_REVIEW,SCRYDEX_HALF_LOW
CRD_2076C899876544DC9B67,메가루카리오 ex,SR,078/063,664105,high_confidence,15687,16164,2026-06-26,3,2320,2320,18,2000,2320,16,10250,62,10920,2,3000,7,3000,1500,53,2320,A_1M,22040,0.733,-26.7,SNK_A_1M_OK,
CRD_4145122B76D44C99ACC5,개굴닌자&조로아크 GX,SR,059/055,104636,high_confidence,253519,253519,2026-06-28,0,0,0,1,45000,45000,11,113000,36,107725,2,36944,7,37800,29800,33,45000,A_3M,427500,0.593,-40.7,SNK_A_3M_FALLBACK,
CRD_9CD4BE7C890148EC8776,고릴타 V,RR,009/190,144363,high_confidence,584,568,2026-06-28,0,0,0,0,0,0,0,0,0,0,0,0,0,0,0,0,0,NONE,0,,,SCRYDEX_ONLY,
CRD_F1A3157631DF446BA533,루가루암 ex,RR,050/073,116064,high_confidence,630,645,2026-06-26,0,0,0,0,0,0,0,0,0,0,0,0,0,0,1000,2,0,NONE,0,,,SCRYDEX_ONLY,
CRD_F059AEB6384A40B69CA8,만마드,AR,078/071,186426,high_confidence,3995,3841,2026-06-27,0,0,0,0,0,0,1,6900,5,6500,1,2580,1,2580,1000,4,0,NONE,0,,,SCRYDEX_ONLY,
CRD_E35983B2ADA24AC889C1,찬석의 활기,SR,078/067,96736,high_confidence,12154,12476,2026-06-28,0,0,0,0,0,0,0,0,0,0,0,0,0,0,1000,2,0,NONE,0,,,SCRYDEX_ONLY,
CRD_6107CE7DBE884EAE9B22,보스의 지령(게치스),SR,092/073,116080,high_confidence,10279,9910,2026-06-27,1,3000,3000,4,2600,3000,0,0,0,0,0,0,0,0,3800,1,3000,A_1M,28500,0.348,-65.2,SNK_A_1M_OK,SCRYDEX_HALF_LOW
CRD_43F737D98D4646BC92BE,캐터피,AR,172/165,128088,high_confidence,7744,7268,2026-06-26,3,1500,1400,10,1400,1400,9,8780,20,9349,0,0,0,0,1000,14,1500,A_1M,14250,0.51,-49.0,SNK_A_1M_OK,
CRD_DB1EE27B66F247D18E05,M엘레이드 EX,RR,031/078,382107,high_confidence,35508,35508,2026-06-28,0,0,0,0,0,0,0,0,0,0,0,0,0,0,18500,2,0,NONE,0,,,SCRYDEX_ONLY,
CRD_26947826E457449096C5,마스터드 연격의 태세,SR,079/070,122004,high_confidence,5178,5070,2026-06-27,0,0,0,0,0,0,0,0,0,0,0,0,0,0,1000,2,0,NONE,0,,,SCRYDEX_ONLY,
CRD_8C4E0B58B9AB4FD8A901,메가루차불 ex,SAR,239/193,731022,high_confidence,35877,37713,2026-06-26,8,1500,1999,31,1597,1999,11,9599,33,9500,0,0,2,2649,1000,29,1500,A_1M,14250,2.647,164.7,SNK_A_1M_OK,SCRYDEX_2X_HIGH
CRD_E7D432CCBEF747E0BD9A,알로라딱구리 GX,RR,018/050,334487,high_confidence,7252,7252,2026-06-28,0,0,0,0,0,0,0,0,0,0,0,0,0,0,0,0,0,NONE,0,,,SCRYDEX_ONLY,
CRD_8A7EB290F97640FEB7AA,블랑쉬,HR,088/071,137129,high_confidence,7944,8189,2026-06-28,0,0,0,0,0,0,0,0,0,0,0,0,0,0,0,0,0,NONE,0,,,SCRYDEX_ONLY,
CRD_8E5059F15BB5478EB12A,쫀도기,AR,085/078,110906,high_confidence,22586,21879,2026-06-27,1,1500,1500,3,1000,1500,3,7299,7,7499,0,0,0,0,1000,12,1500,A_1M,14250,1.535,53.5,SNK_A_1M_OK,
CRD_BA348F823BE347518A3B,미라이돈 ex,RR,037/078,107356,high_confidence,446,461,2026-06-28,0,0,0,0,0,0,0,0,0,0,0,0,0,0,1000,12,0,NONE,0,,,SCRYDEX_ONLY,
CRD_B6DCDD8B172E42A098BE,삼삼드래 ex,SR,124/106,418749,high_confidence,4625,4640,2026-06-28,0,0,0,0,0,0,0,0,1,6999,0,0,0,0,1000,4,0,NONE,0,,,SCRYDEX_ONLY,
CRD_9A22F928864948BBAE25,마오,SR,055/050,91359,high_confidence,115236,115236,2026-06-28,1,45000,45000,2,42500,45000,5,110000,21,115000,3,33000,4,33166,30000,43,45000,A_1M,427500,0.27,-73.0,MAPPING_REVIEW,SCRYDEX_HALF_LOW
CRD_9A5EFFF204E8429BB966,내던숭이,CHR,203/184,126703,high_confidence,2013,1813,2026-06-28,0,0,0,0,0,0,0,0,2,6700,0,0,0,0,1000,7,0,NONE,0,,,SCRYDEX_ONLY,
CRD_F059826D9F804C1B83A1,드래펄트 V,SSR,317/190,144778,high_confidence,5224,4901,2026-06-26,0,0,0,0,0,0,0,0,0,0,0,0,0,0,1500,2,0,NONE,0,,,SCRYDEX_ONLY,
CRD_184AC847FEF045F0A5C3,카틀레야,SR,083/070,91181,high_confidence,90345,90345,2026-06-27,1,14500,14500,3,14500,14500,16,22500,56,23799,2,10999,9,10800,14000,130,14500,A_1M,137750,0.656,-34.4,SNK_A_1M_OK,
CRD_EB3221AC11114113A24A,라우드본 ex,SSR,324/190,151751,high_confidence,1828,1828,2026-06-28,0,0,0,0,0,0,0,0,0,0,0,0,0,0,1000,10,0,NONE,0,,,SCRYDEX_ONLY,
CRD_5CE1C6B2A9B548A8B3DF,페퍼의 마피티프 ex,SR,081/063,544396,high_confidence,2013,1982,2026-06-28,0,0,0,0,0,0,0,0,0,0,0,0,0,0,1000,4,0,NONE,0,,,SCRYDEX_ONLY,
CRD_A3AB8AC8AAC347838A4D,멜리사,SR,113/100,126545,high_confidence,6054,5808,2026-06-28,0,0,0,0,0,0,0,0,2,7750,0,0,0,0,1000,9,0,NONE,0,,,SCRYDEX_ONLY,
CRD_F2B5F8F16749426C855A,자마젠타 V,SAR,232/172,105256,high_confidence,20420,19559,2026-06-28,4,1200,1000,8,1449,1000,10,8499,24,8400,1,3000,2,2999,1180,14,1200,A_1M,11400,1.716,71.6,SNK_A_1M_OK,
CRD_D676436BD48549B1BEBE,마리,HR,072/060,93036,high_confidence,0,0,,0,0,0,1,11450,11450,7,23499,41,23999,0,0,1,10000,7000,36,11450,A_3M,108775,,,SNK_A_3M_FALLBACK,
CRD_9310EDB656AA44159715,이상해꽃&주리비얀 GX,SR,065/064,104579,high_confidence,43160,45818,2026-06-28,0,0,0,0,0,0,1,15300,4,14400,0,0,1,5200,4800,4,0,NONE,0,,,SCRYDEX_ONLY,
CRD_F51AD119C51A4A119201,호브의 자시안 ex,SAR,128/100,489824,high_confidence,34847,34571,2026-06-26,1,2999,2999,3,3500,2999,11,11400,32,10745,0,0,2,4900,2500,18,2999,A_1M,28490,1.213,21.3,SNK_A_1M_OK,
CRD_324F58AAF4F444DEAE95,귀뚤톡크,AR,174/172,105538,high_confidence,4763,4702,2026-06-28,0,0,0,0,0,0,3,6800,8,6800,0,0,0,0,1000,12,0,NONE,0,,,SCRYDEX_ONLY,
CRD_761714141AFD427DA3EC,피카츄 V,SR,104/100,101654,high_confidence,65608,65608,2026-06-25,5,30000,34900,23,27000,34900,18,63250,57,65000,0,0,7,23000,14999,70,30000,A_1M,285000,0.23,-77.0,MAPPING_REVIEW,SCRYDEX_HALF_LOW
CRD_B3798231C06C4CAB97AF,제라오라 VMAX [다이맥스],SAR,219/172,103840,high_confidence,35185,35093,2026-06-27,2,2205,2300,22,3395,2300,23,9949,69,10250,1,3749,3,3500,2300,112,2205,A_1M,20948,1.675,67.5,SNK_A_1M_OK,
CRD_CFECD5DF978944579DA4,드래피온 V,SAR,227/172,105549,high_confidence,6914,6515,2026-06-26,0,0,0,0,0,0,3,7677,12,6999,0,0,0,0,1000,8,0,NONE,0,,,SCRYDEX_ONLY,
CRD_8B8752AF245546B9B4E2,강철톤,CHR,060/049,104567,high_confidence,35170,35278,2026-06-26,1,3200,3200,1,3200,3200,4,8500,18,7946,0,0,0,0,3999,17,3200,A_1M,30400,1.16,16.0,SNK_A_1M_OK,
CRD_ABB1F47733574B969DF6,제라오라,AR,109/102,318880,high_confidence,8020,7467,2026-06-26,1,1000,1000,3,1000,1000,9,6900,22,6908,0,0,0,0,1000,19,1000,A_1M,9500,0.786,-21.4,SNK_A_1M_OK,
CRD_62132631CE684A58A336,킬가르도 V,RR,080/100,145032,high_confidence,1198,1245,2026-06-27,0,0,0,0,0,0,0,0,0,0,0,0,0,0,0,0,0,NONE,0,,,SCRYDEX_ONLY,
CRD_7C8402F1390C43ABA777,갑주무사 ex,SAR,088/066,146988,high_confidence,40594,40164,2026-06-28,2,2540,2680,3,2500,2680,2,9400,3,9800,0,0,0,0,2200,7,2540,A_1M,24130,1.664,66.4,SNK_A_1M_OK,
CRD_C57DB853FD2D46888B48,메가리자몽X ex,RR,013/080,687275,high_confidence,4656,4840,2026-06-28,2,1500,2000,23,1640,2000,27,8400,75,8999,1,3480,7,3480,1000,145,1500,A_1M,14250,0.34,-66.0,SNK_A_1M_OK,SCRYDEX_HALF_LOW
CRD_95C332448C1748B0AA30,N의 조로아크 ex,SAR,242/193,730961,high_confidence,123641,132291,2026-06-27,22,7500,6583,78,8072,6583,31,20861,82,23666,6,9424,16,8994,6200,135,7500,A_1M,71250,1.857,85.7,SNK_A_1M_OK,
CRD_694BA62B745A4D1E9025,레시라무&리자몽 GX,SR,097/095,91286,high_confidence,691401,691401,2026-06-26,0,0,0,4,147499,99000,19,326333,51,330000,2,90000,14,111499,80000,54,147499,A_3M,1401240,0.493,-50.7,SNK_A_3M_FALLBACK,SCRYDEX_HALF_LOW
CRD_F856EE96E2B84864AC0A,클레스퍼트라,AR,073/066,146995,high_confidence,4579,4087,2026-06-28,1,1400,1400,1,1400,1400,5,6898,7,6800,0,0,0,0,1000,7,1400,A_1M,13300,0.307,-69.3,MAPPING_REVIEW,SCRYDEX_HALF_LOW
CRD_95DCB3753DC641EAB5CB,어흥염 ex,SR,085/071,186447,high_confidence,2612,2520,2026-06-26,0,0,0,0,0,0,1,7980,1,7980,0,0,0,0,1000,4,0,NONE,0,,,SCRYDEX_ONLY,
CRD_DB277DCB29D047D6A9C6,쿠쿠이박사,SR,066/060,106188,high_confidence,61382,61382,2026-06-28,0,0,0,0,0,0,0,0,0,0,0,0,0,0,0,0,0,NONE,0,,,SCRYDEX_ONLY,
CRD_81C9A32B267046DDA955,고동치는달 ex,SAR,090/066,148947,high_confidence,62781,62903,2026-06-28,2,11940,5400,6,6200,5400,8,15864,36,17449,0,0,0,0,6499,33,11940,A_1M,113430,0.555,-44.5,SNK_A_1M_OK,
CRD_6EBB0D6B60B34A9CAC8D,목호,HR,120/098,100579,high_confidence,6253,6899,2026-06-27,0,0,0,0,0,0,0,0,0,0,0,0,0,0,8000,1,0,NONE,0,,,SCRYDEX_ONLY,
CRD_D80851B52D9A43F59EF6,갸라도스 ex,RR,014/078,110729,high_confidence,1214,1245,2026-06-28,0,0,0,0,0,0,0,0,1,5789,0,0,0,0,1000,4,0,NONE,0,,,SCRYDEX_ONLY,
CRD_5D69A490DCA54BE28B61,위대한엄니 ex,RR,112/190,156439,high_confidence,384,384,2026-06-28,0,0,0,0,0,0,0,0,0,0,0,0,0,0,1000,2,0,NONE,0,,,SCRYDEX_ONLY,
CRD_E770C792A1574872A1A8,화강돌,CHR,076/071,126709,high_confidence,4148,3703,2026-06-26,0,0,0,0,0,0,2,7240,11,6900,0,0,0,0,1000,9,0,NONE,0,,,SCRYDEX_ONLY,
CRD_A2F9A6312DF44494B8FF,카일리,SR,066/060,100077,high_confidence,76824,76824,2026-06-28,0,0,0,1,10000,10000,3,22500,16,38699,0,0,0,0,10000,35,10000,A_3M,95000,0.809,-19.1,SNK_A_3M_FALLBACK,
CRD_CB04FE06D4DE4ECAB7C5,몰드류,AR,079/071,186442,high_confidence,4302,4318,2026-06-25,0,0,0,0,0,0,1,6180,4,6800,0,0,0,0,1000,8,0,NONE,0,,,SCRYDEX_ONLY,
CRD_AC613BBC6EE14C01A490,헬가,CHR,206/184,126694,high_confidence,3626,3488,2026-06-28,0,0,0,1,1480,1480,5,6800,12,6923,0,0,0,0,1000,8,1480,A_3M,14060,0.248,-75.2,MAPPING_REVIEW,SCRYDEX_HALF_LOW
CRD_36C025F4B7F545C0814D,마스터드 일격의 태세,SR,260/184,126529,high_confidence,4656,4656,2026-06-28,0,0,0,0,0,0,0,0,1,6800,0,0,0,0,2000,1,0,NONE,0,,,SCRYDEX_ONLY,
CRD_2F4B432C1AE74911BACC,빙마 칼레오스 VMAX,UR,278/184,96660,high_confidence,7636,7636,2026-06-26,0,0,0,0,0,0,2,13750,0,0,0,0,0,0,2500,5,0,NONE,0,,,SCRYDEX_ONLY,
CRD_9A65F3C67F2C4ECF8FFC,M라티오스 EX,RR,049/078,382142,high_confidence,38412,38412,2026-06-28,0,0,0,0,0,0,2,16890,6,20000,0,0,1,6500,5300,13,0,NONE,0,,,SCRYDEX_ONLY,
CRD_D82F080A60144D05A9D5,이야후 ex,SR,080/064,284956,high_confidence,2243,2182,2026-06-26,0,0,0,0,0,0,0,0,0,0,0,0,0,0,1000,4,0,NONE,0,,,SCRYDEX_ONLY,
CRD_6F3A522A92D245C5BD70,리자몽 V,SSR,307/190,91192,high_confidence,171287,160793,2026-06-28,2,17650,17500,12,17327,17500,21,37400,71,41700,3,16500,10,13875,12000,123,17650,A_1M,167675,0.959,-4.1,SNK_A_1M_OK,
CRD_561FF374668A4C52B7A9,루나아라 GX,RR,028/060,388890,high_confidence,13060,13060,2026-06-28,0,0,0,0,0,0,0,0,0,0,0,0,0,0,0,0,0,NONE,0,,,SCRYDEX_ONLY,
CRD_3B5CF3B55F8242899616,코치 트레이너,SR,062/054,104616,high_confidence,14996,14965,2026-06-28,0,0,0,0,0,0,0,0,3,7800,0,0,0,0,2000,15,0,NONE,0,,,SCRYDEX_ONLY,
CRD_3E430DB8963746CBBEDB,이브이&잠만보 GX,RR,066/095,396368,high_confidence,51073,51073,2026-06-27,1,7500,7500,5,5733,7500,14,16666,46,18458,1,9999,5,7800,5000,33,7500,A_1M,71250,0.717,-28.3,SNK_A_1M_OK,
CRD_626420F611AD49BAA98D,우락고래 ex,RR,032/098,554343,high_confidence,476,399,2026-06-27,0,0,0,0,0,0,0,0,0,0,0,0,0,0,1000,2,0,NONE,0,,,SCRYDEX_ONLY,
CRD_37AEC383935947D497E1,라우드본 ex,SR,087/073,116073,high_confidence,2197,2259,2026-06-27,0,0,0,0,0,0,0,0,0,0,0,0,0,0,1000,7,0,NONE,0,,,SCRYDEX_ONLY,
CRD_F0387563D342474298CC,샤미드 ex,SAR,205/187,456933,high_confidence,118954,111280,2026-06-26,10,8700,8000,43,8500,8000,28,18296,87,18766,8,9000,19,9000,7800,102,8700,A_1M,82650,1.346,34.6,SNK_A_1M_OK,
CRD_39388984E7E045A1B1DA,칼라마네로 V,SR,103/096,145431,high_confidence,6914,6914,2026-06-28,0,0,0,0,0,0,0,0,0,0,0,0,0,0,0,0,0,NONE,0,,,SCRYDEX_ONLY,
CRD_8B92FB178FE6408F833B,릴리에의 결심,SR,085/063,663636,high_confidence,42530,47431,2026-06-26,16,7733,7475,57,8500,7475,31,22333,87,26349,14,7445,38,8000,6999,183,7733,A_1M,73464,0.646,-35.4,SNK_A_1M_OK,
CRD_D4B65CC7BF784983ADB8,메가화염레오 ex,SR,097/083,776348,high_confidence,7052,7083,2026-06-27,0,0,0,0,0,0,0,0,0,0,0,0,0,0,1000,16,0,NONE,0,,,SCRYDEX_ONLY,
CRD_B8B3074785EC350DEB26,라티아스&라티오스 GX,SR,105/095,93097,high_confidence,2779508,2779508,2026-06-28,2,390000,380000,2,390000,380000,15,964000,48,898500,3,444444,14,329500,258000,41,390000,A_1M,3705000,0.75,-25.0,SNK_A_1M_OK,
CRD_1A2B7E3263BE4E328E23,마그비,AR,068/066,146985,high_confidence,9603,9480,2026-06-27,0,0,0,1,1000,1000,1,6500,3,6899,0,0,0,0,1000,5,1000,A_3M,9500,0.998,-0.2,SNK_A_3M_FALLBACK,
CRD_CC1A5C8DB888413B9C1C,이야후 ex,SAR,088/064,284961,high_confidence,11631,11616,2026-06-26,0,0,0,0,0,0,0,0,1,7000,0,0,0,0,1000,3,0,NONE,0,,,SCRYDEX_ONLY,
CRD_936083589DA54381B714,뮤츠 VSTAR,HR,084/071,93010,high_confidence,47493,46302,2026-06-26,3,8900,8900,27,11000,8900,7,35450,26,41940,1,10500,1,10500,5000,42,8900,A_1M,84550,0.548,-45.2,SNK_A_1M_OK,
CRD_678293733C984C86A7F2,순무,SR,268/184,126522,high_confidence,3995,3995,2026-06-28,0,0,0,0,0,0,0,0,0,0,0,0,0,0,0,0,0,NONE,0,,,SCRYDEX_ONLY,
CRD_24E2B7E72A25492F960D,푸크린 ex,SSR,336/190,160958,high_confidence,1936,1997,2026-06-27,0,0,0,0,0,0,1,6990,2,7995,0,0,0,0,1000,12,0,NONE,0,,,SCRYDEX_ONLY,
CRD_AE83ACAA6B9D4A4996BD,스쿨걸,HR,085/067,141531,high_confidence,8236,8236,2026-06-27,0,0,0,0,0,0,0,0,0,0,0,0,0,0,3000,2,0,NONE,0,,,SCRYDEX_ONLY,
CRD_ADBCD39DE57C43EFADAA,단델,HR,117/100,101671,high_confidence,12154,12154,2026-06-28,0,0,0,0,0,0,0,0,0,0,0,0,0,0,3000,2,0,NONE,0,,,SCRYDEX_ONLY,
CRD_A497F0378C1349F19C8B,에이스번 ex,RR,139/742,318854,high_confidence,492,568,2026-06-28,0,0,0,0,0,0,0,0,0,0,0,0,0,0,1000,3,0,NONE,0,,,SCRYDEX_ONLY,
CRD_D0431A834EF34574BAAD,루기아 GX,RR,072/095,335139,high_confidence,19774,18177,2026-06-28,1,5750,5750,8,6966,5750,5,23000,21,23800,0,0,3,6000,1000,46,5750,A_1M,54625,0.333,-66.7,SNK_A_1M_OK,SCRYDEX_HALF_LOW
CRD_2BAD952E439344719A81,레쿠쟈 VMAX,UR,284/184,96659,high_confidence,73905,71938,2026-06-27,0,0,0,20,39749,45000,22,67933,67,79999,0,0,5,30000,11500,109,39749,A_3M,377616,0.191,-80.9,MAPPING_REVIEW,SCRYDEX_HALF_LOW
CRD_2942A77E70D64CD79DC5,킬가르도 ex,RR,045/066,149403,high_confidence,430,430,2026-06-27,0,0,0,0,0,0,0,0,0,0,0,0,0,0,1000,5,0,NONE,0,,,SCRYDEX_ONLY,
CRD_611E90329796471CB2D4,갈가부기 V,RR,026/100,145169,high_confidence,2535,2535,2026-06-27,0,0,0,0,0,0,0,0,0,0,0,0,0,0,0,0,0,NONE,0,,,SCRYDEX_ONLY,
CRD_B6CF092809C341D6B60F,미모사,SAR,104/078,110938,high_confidence,134073,135748,2026-06-27,9,13633,14500,27,15500,14500,21,42000,66,45908,10,11550,33,12800,11111,242,13633,A_1M,129514,1.048,4.8,SNK_A_1M_OK,
CRD_4F945928CE844FBD8648,빠르모트,AR,085/078,110919,high_confidence,4748,4548,2026-06-27,1,1000,1000,1,1000,1000,4,7518,9,7200,0,0,0,0,1000,11,1000,A_1M,9500,0.479,-52.1,SNK_A_1M_OK,SCRYDEX_HALF_LOW
CRD_2202D899B2514A12A3B3,싸리용 ex,RR,081/106,395717,high_confidence,538,538,2026-06-28,0,0,0,0,0,0,0,0,0,0,0,0,0,0,1000,2,0,NONE,0,,,SCRYDEX_ONLY,
CRD_9DC636DE48A4462F93A8,오거폰 우물의 가면 ex,SR,117/101,256069,high_confidence,5854,5700,2026-06-27,0,0,0,0,0,0,1,7980,1,7980,0,0,0,0,0,0,0,NONE,0,,,SCRYDEX_ONLY,
CRD_DDAB514715144497A380,히스이 대검귀 VSTAR,SAR,230/172,103077,high_confidence,14259,13429,2026-06-26,0,0,0,3,1000,1000,7,7980,25,7980,0,0,0,0,1000,12,1000,A_3M,9500,1.414,41.4,SNK_A_3M_FALLBACK,
CRD_2444A7B9A8EA415D8A2F,잠만보 VMAX,HR,070/060,96566,high_confidence,91421,91421,2026-06-28,0,0,0,2,11400,11000,1,25800,6,25100,0,0,1,6999,12500,7,11400,A_3M,108300,0.844,-15.6,SNK_A_3M_FALLBACK,
CRD_9BA6F88491964B2489ED,데덴네 GX,SR,057/055,104642,high_confidence,33034,29961,2026-06-28,0,0,0,1,4500,4500,1,35000,3,14800,0,0,0,0,5000,3,4500,A_3M,42750,0.701,-29.9,SNK_A_3M_FALLBACK,
CRD_B270EBD54E8C47AF8BA8,주혜,SAR,242/172,104900,high_confidence,30760,30929,2026-06-28,1,4800,4800,10,4940,4800,18,15500,56,15500,3,4900,5,4900,4000,121,4800,A_1M,45600,0.678,-32.2,SNK_A_1M_OK,
CRD_D73A0A8616924CE0A63E,스쿨보이,HR,085/067,113263,high_confidence,5378,5378,2026-06-28,0,0,0,0,0,0,0,0,0,0,0,0,0,0,2000,1,0,NONE,0,,,SCRYDEX_ONLY,
CRD_0D4FF129CB84410FBD8E,브리무음 V,RR,065/172,103556,high_confidence,768,738,2026-06-28,0,0,0,0,0,0,0,0,0,0,0,0,0,0,1000,3,0,NONE,0,,,SCRYDEX_ONLY,
CRD_1E093F6900FF4470B84E,카푸나비나 GX,SR,052/050,106129,high_confidence,90250,0,2026-05-08,0,0,0,0,0,0,0,0,0,0,0,0,0,0,23000,2,0,NONE,0,,,SCRYDEX_ONLY,
CRD_7ECF8DBD726740498656,체렌의 배려심,HR,122/100,139853,high_confidence,6161,6269,2026-06-28,0,0,0,0,0,0,0,0,0,0,0,0,0,0,0,0,0,NONE,0,,,SCRYDEX_ONLY,
CRD_095AFC71458E492189E1,스코빌런,AR,081/078,110922,high_confidence,3227,3165,2026-06-27,1,1000,1000,1,1000,1000,2,13400,7,6633,0,0,0,0,1000,4,1000,A_1M,9500,0.333,-66.7,SNK_A_1M_OK,SCRYDEX_HALF_LOW
CRD_BDFAAB604BE94203ADDE,오거폰 벽록의 가면 ex,SAR,201/187,450720,high_confidence,7252,7705,2026-06-26,0,0,0,2,1000,1000,3,7500,5,7500,0,0,0,0,1000,12,1000,A_3M,9500,0.811,-18.9,SNK_A_3M_FALLBACK,
CRD_52B306F7D32545678508,뮤 ex,SSR,327/190,160147,high_confidence,30822,32420,2026-06-27,16,4600,4499,63,5500,4499,23,24989,76,24774,0,0,5,8500,2700,174,4600,A_1M,43700,0.742,-25.8,SNK_A_1M_OK,
CRD_E752F21DDE8C47718A45,포플러,SR,085/076,122005,high_confidence,2950,2950,2026-06-28,0,0,0,0,0,0,0,0,0,0,0,0,0,0,20000,1,0,NONE,0,,,SCRYDEX_ONLY,
CRD_075869C1BFF3489794D1,거대코뿌리 V,SR,104/100,145247,high_confidence,4087,4210,2026-06-28,0,0,0,0,0,0,0,0,0,0,0,0,0,0,0,0,0,NONE,0,,,SCRYDEX_ONLY,
CRD_799DF0D045214B7ABBDA,가라르 히히다루마 VMAX,HR,113/100,145060,high_confidence,9111,9111,2026-06-28,0,0,0,0,0,0,0,0,0,0,0,0,0,0,1000,1,0,NONE,0,,,SCRYDEX_ONLY,
CRD_C5C509526A7B4DBFBF80,제빈,SAR,091/064,385173,high_confidence,10510,10463,2026-06-28,0,0,0,0,0,0,0,0,1,6500,0,0,0,0,1800,13,0,NONE,0,,,SCRYDEX_ONLY,
CRD_09EFFE8F5F8C4A58A5DD,파비코리 ex,SR,083/066,152771,high_confidence,2889,2889,2026-06-27,0,0,0,0,0,0,1,7400,1,7400,0,0,0,0,1000,7,0,NONE,0,,,SCRYDEX_ONLY,
CRD_30A6CD03B29E4EAFA1C2,로켓단의 니로우,AR,106/098,568316,high_confidence,6883,6538,2026-06-26,2,1500,2000,5,1100,2000,13,6888,37,6900,1,2600,3,2600,1000,37,1500,A_1M,14250,0.459,-54.1,SNK_A_1M_OK,SCRYDEX_HALF_LOW
CRD_6844172254A344548A6C,코르니,SR,102/096,91540,high_confidence,1140000,0,2026-05-08,0,0,0,0,0,0,2,135999,9,149999,0,0,0,0,21500,19,0,NONE,0,,,SCRYDEX_ONLY,
CRD_0E3F03D6041B4CED87B9,쪼마리,AR,093/086,608539,high_confidence,5577,5163,2026-06-28,0,0,0,0,0,0,1,6899,0,0,0,0,0,0,1500,6,0,NONE,0,,,SCRYDEX_ONLY,
CRD_0B59FFD0541D47B4BE4A,알로라나인테일 GX,RR,025/050,335606,high_confidence,6991,7068,2026-06-28,0,0,0,0,0,0,0,0,0,0,0,0,0,0,1000,1,0,NONE,0,,,SCRYDEX_ONLY,
CRD_AEDD3F6DAB77462C84BA,고릴타 VMAX,SSR,305/190,144769,high_confidence,5009,5086,2026-06-28,0,0,0,0,0,0,0,0,0,0,0,0,0,0,1100,1,0,NONE,0,,,SCRYDEX_ONLY,
CRD_5545BE5E05C5475FA8C2,플라이곤 V,SR,110/100,139849,high_confidence,4271,4287,2026-06-26,0,0,0,0,0,0,1,6500,1,6500,0,0,0,0,1000,3,0,NONE,0,,,SCRYDEX_ONLY,
CRD_3ABEBDCF89194B049E06,이올브 VMAX,RRR,011/184,140994,high_confidence,1214,1214,2026-06-28,0,0,0,0,0,0,0,0,0,0,0,0,0,0,0,0,0,NONE,0,,,SCRYDEX_ONLY,
CRD_E6931B5F136B4A32907D,케르디오 ex,RR,205/742,598911,high_confidence,415,399,2026-06-27,0,0,0,0,0,0,0,0,0,0,0,0,0,0,1000,3,0,NONE,0,,,SCRYDEX_ONLY,
CRD_E332BE039B64482B83AD,M샤크니아 EX,RR,178/171,106273,high_confidence,105095,105095,2026-06-28,0,0,0,0,0,0,0,0,1,50000,0,0,0,0,69800,1,0,NONE,0,,,SCRYDEX_ONLY,
CRD_D9B3211985F34D18B014,신비록 V,RR,059/067,139499,high_confidence,507,492,2026-06-28,0,0,0,0,0,0,0,0,0,0,0,0,0,0,0,0,0,NONE,0,,,SCRYDEX_ONLY,
CRD_2BD642F0ABE84DA8BDCF,테라파고스 ex,UR,133/102,325077,high_confidence,9956,9910,2026-06-28,0,0,0,1,1800,1800,1,7500,1,7500,0,0,0,0,1780,3,1800,A_3M,17100,0.58,-42.0,SNK_A_3M_FALLBACK,
CRD_8C4814A402E140B9A2FC,텅구리 BREAK,RR,036/059,390051,high_confidence,15595,15595,2026-06-26,0,0,0,0,0,0,0,0,0,0,0,0,0,0,70000,2,0,NONE,0,,,SCRYDEX_ONLY,
CRD_693D655002B04679AF62,메가리자몽Y ex,RR,085/742,737018,high_confidence,0,0,,4,7950,8000,29,8966,8000,8,39250,10,39650,1,15100,1,15100,5000,32,7950,A_1M,75525,,,SNK_A_1M_OK,
CRD_4194A800DB674EB6839A,이벨타르 EX,SR,063/060,108509,high_confidence,63288,63288,2026-06-26,0,0,0,0,0,0,1,59500,0,0,0,0,0,0,119000,1,0,NONE,0,,,SCRYDEX_ONLY,
CRD_B294F7A527664134BFA8,버프론 ex,RR,605/742,604153,high_confidence,369,353,2026-06-27,0,0,0,0,0,0,0,0,0,0,0,0,0,0,1000,2,0,NONE,0,,,SCRYDEX_ONLY,
CRD_866593D4A5494DF285FE,이브이,AR,755/742,737035,high_confidence,0,0,,18,78594,39000,73,84147,39000,22,154499,37,220000,8,41500,12,52500,33000,175,78594,A_1M,746643,,,SNK_A_1M_OK,
CRD_56BC4E58C5934A90B2F1,버터플 VMAX,RRR,002/070,145254,high_confidence,7483,7498,2026-06-27,0,0,0,0,0,0,0,0,0,0,0,0,0,0,0,0,0,NONE,0,,,SCRYDEX_ONLY,
CRD_69A3E53625B647AE962F,꿰뚫는화염 ex,RR,151/742,171997,high_confidence,538,492,2026-06-27,0,0,0,0,0,0,0,0,0,0,0,0,0,0,1000,2,0,NONE,0,,,SCRYDEX_ONLY,
CRD_FC73F3539D0C406098D5,털보박사의 관찰,SR,078/070,107429,high_confidence,90250,0,2026-05-08,0,0,0,0,0,0,0,0,0,0,0,0,0,0,9000,2,0,NONE,0,,,SCRYDEX_ONLY,
CRD_FE90D7E40EDE45F6B3D5,레시라무&리자몽 GX,RR,016/173,395998,high_confidence,47093,41516,2026-06-26,2,6055,5480,12,5440,5480,15,19671,54,19292,3,7900,11,6580,3300,39,6055,A_1M,57522,0.722,-27.8,SNK_A_1M_OK,
CRD_57A6E71EBA0E4FD0B4A1,묘두기 ex,RR,351/742,740545,high_confidence,0,0,,0,0,0,0,0,0,0,0,0,0,0,0,0,0,0,0,0,NONE,0,,,NO_DATA,
CRD_9C12DFB82488442E9159,피죤투 ex,RR,139/190,160950,high_confidence,461,507,2026-06-27,0,0,0,0,0,0,0,0,0,0,1,3980,1,3980,1000,6,0,NONE,0,,,SCRYDEX_ONLY,
CRD_6D78C3030D7942CB9EF0,레쿠쟈 EX,RR,104/171,382167,high_confidence,33157,32097,2026-06-28,0,0,0,0,0,0,2,60249,4,49693,0,0,0,0,10000,18,0,NONE,0,,,SCRYDEX_ONLY,
CRD_8EA74EA746054746A291,기라티나,HR,22/40,447944,high_confidence,71692,71692,2026-06-28,0,0,0,0,0,0,0,0,2,443888,0,0,0,0,68000,7,0,NONE,0,,,SCRYDEX_ONLY,
CRD_00D37F11A42A4F6EAD16,루기아 EX,RR,086/093,406334,high_confidence,46094,46094,2026-06-26,0,0,0,0,0,0,0,0,0,0,0,0,0,0,58000,2,0,NONE,0,,,SCRYDEX_ONLY,
CRD_9E959C4AF6BA480FA670,마기아나 EX,SR,055/054,106688,high_confidence,80750,0,2026-05-08,0,0,0,0,0,0,0,0,1,43000,0,0,0,0,80000,1,0,NONE,0,,,SCRYDEX_ONLY,
CRD_599E7458ABA7436BA692,따라큐,AR,341/190,706809,high_confidence,29239,29224,2026-06-26,0,0,0,0,0,0,0,0,0,0,0,0,0,0,0,0,0,NONE,0,,,SCRYDEX_ONLY,
CRD_A433CDC6DC8849CEA90A,꼬부기,AR,052/049,151715,high_confidence,0,0,,2,14750,16500,14,14000,16500,16,36775,57,36780,2,12500,8,9950,12999,26,14750,A_1M,140125,,,SNK_A_1M_OK,
CRD_0FDC1A9392234CDCB81C,가라르 프리져 V,RR,169/414,143985,high_confidence,1275,1306,2026-06-28,0,0,0,0,0,0,0,0,0,0,0,0,0,0,0,0,0,NONE,0,,,SCRYDEX_ONLY,
CRD_13901C5572724AADB8AA,팔데아 토오 ex,RR,074/175,425286,high_confidence,0,0,,0,0,0,0,0,0,0,0,0,0,0,0,0,0,0,0,0,NONE,0,,,NO_DATA,
CRD_B2E952D4AF8A4AED8F98,스트린더 V,RR,036/096,145364,high_confidence,1490,1506,2026-06-28,0,0,0,0,0,0,0,0,0,0,0,0,0,0,1000,1,0,NONE,0,,,SCRYDEX_ONLY,
CRD_176BE23510B840A2A394,피카츄 ex,RR,764/742,737036,high_confidence,0,0,,27,320000,237500,65,340000,237500,30,530274,92,578124,13,254000,46,287250,190000,257,320000,A_1M,3040000,,,SNK_A_1M_OK,
CRD_F78C2A2D2F374617AD49,페퍼의 마피티프 ex,RR,484/742,531297,high_confidence,384,338,2026-06-27,0,0,0,0,0,0,0,0,0,0,0,0,0,0,1000,3,0,NONE,0,,,SCRYDEX_ONLY,
CRD_BF0F5557B756404B95E3,애프룡 V,RR,041/414,144149,high_confidence,1337,1367,2026-06-28,0,0,0,0,0,0,0,0,0,0,0,0,0,0,0,0,0,NONE,0,,,SCRYDEX_ONLY,
CRD_7CB68EF6CB184B0FB066,흑마 버드렉스 V,RR,082/184,141097,high_confidence,830,907,2026-06-28,0,0,0,0,0,0,0,0,0,0,0,0,0,0,1000,2,0,NONE,0,,,SCRYDEX_ONLY,
CRD_5094F85922274E7CAC3C,블래키 ex,SAR,217/187,455596,high_confidence,706704,690049,2026-06-26,21,70000,60000,66,67687,60000,32,106834,93,108599,11,57500,42,57025,58000,361,70000,A_1M,665000,1.038,3.8,SNK_A_1M_OK,
CRD_9D7E49141F244802BAB2,렌트라 ex,RR,246/742,252097,high_confidence,661,568,2026-06-27,0,0,0,0,0,0,0,0,0,0,0,0,0,0,1000,1,0,NONE,0,,,SCRYDEX_ONLY,
CRD_F03763FBF2254275956B,M썬더볼트 EX,RR,035/171,390528,high_confidence,6392,6392,2026-06-28,0,0,0,0,0,0,0,0,1,9900,0,0,0,0,10000,2,0,NONE,0,,,SCRYDEX_ONLY,
CRD_50DE7B5127534FE2A569,게노세크트 V,RR,069/100,141366,high_confidence,891,845,2026-06-28,0,0,0,0,0,0,0,0,0,0,0,0,0,0,0,0,0,NONE,0,,,SCRYDEX_ONLY,
CRD_04F21DB3B3794D47B1C9,레지락 EX,RR,061/171,385914,high_confidence,0,0,,0,0,0,0,0,0,0,0,0,0,0,0,0,0,0,0,0,NONE,0,,,NO_DATA,
CRD_57EB73076A4B471381A3,글레이시아 ex,RR,162/742,434888,high_confidence,1490,1629,2026-06-28,1,1000,1000,1,1000,1000,1,6500,5,6826,0,0,2,2090,1000,17,1000,A_1M,9500,0.171,-82.9,MAPPING_REVIEW,SCRYDEX_HALF_LOW
CRD_C3A6BDB895B242D99F32,제라오라 VMAX,RRR,041/172,104997,high_confidence,1337,1275,2026-06-28,0,0,0,2,1033,1000,1,8000,3,8000,0,0,1,2100,1000,12,1033,A_3M,9814,0.13,-87.0,MAPPING_REVIEW,SCRYDEX_HALF_LOW
CRD_43184344379E4533B6E5,두빅굴 EX,RR,020/096,390251,high_confidence,3826,3826,2026-06-28,0,0,0,0,0,0,0,0,0,0,0,0,0,0,0,0,0,NONE,0,,,SCRYDEX_ONLY,
CRD_3610EE3BBB834DF6A0BF,밀로틱 ex,RR,185/742,408326,high_confidence,538,515,2026-06-26,0,0,0,0,0,0,0,0,0,0,0,0,0,0,1200,2,0,NONE,0,,,SCRYDEX_ONLY,
CRD_27D9B5525E234D2E9F03,할비롱 V,RR,359/414,380501,high_confidence,0,0,,0,0,0,0,0,0,0,0,0,0,0,0,0,0,1000,1,0,NONE,0,,,NO_DATA,
CRD_33FE80EB03934DEC8C07,파이리,AR,051/049,151714,high_confidence,0,0,,7,21200,22000,30,18660,22000,20,61725,57,60500,2,20750,9,22000,12000,32,21200,A_1M,201400,,,SNK_A_1M_OK,
CRD_C577C809253F4820BC3C,M루카리오 EX,RR,176/171,91456,high_confidence,0,0,,0,0,0,0,0,0,0,0,7,210000,0,0,0,0,98000,9,0,NONE,0,,,NO_DATA,
CRD_1696ABBCC85248FD81F5,쥬피썬더 EX,RR,173/171,91457,high_confidence,15365,15365,2026-06-11,0,0,0,0,0,0,0,0,3,80000,0,0,0,0,59800,7,0,NONE,0,,,SCRYDEX_ONLY,
CRD_F55908E6632F40A5BE9A,오거폰 화덕의 가면 ex,RR,149/742,466305,high_confidence,446,384,2026-06-28,0,0,0,0,0,0,0,0,0,0,0,0,0,0,1000,3,0,NONE,0,,,SCRYDEX_ONLY,
CRD_644AB314E2154B318313,블랙큐레무 EX,SR,062/059,405959,high_confidence,122918,122918,2026-06-28,0,0,0,0,0,0,1,350000,3,219800,0,0,1,45388,13000,6,0,NONE,0,,,SCRYDEX_ONLY,
CRD_D7B60917E9F749A78D85,피카츄&제크로무 GX,RR,041/173,396023,high_confidence,47692,43651,2026-06-28,15,11800,10800,41,10800,10800,27,37800,77,36650,7,11604,17,9500,4500,176,11800,A_1M,112100,0.389,-61.1,SNK_A_1M_OK,SCRYDEX_HALF_LOW
CRD_945783958D7C43BAA6E9,거북왕 ex,RR,009/165,127778,high_confidence,1321,1306,2026-06-28,1,1000,1000,3,1000,1000,0,0,0,0,0,0,0,0,1000,6,1000,A_1M,9500,0.137,-86.3,MAPPING_REVIEW,SCRYDEX_HALF_LOW
CRD_1ECDA429B4D74A1EB5F5,호브의 자시안 ex,RR,527/742,489814,high_confidence,415,369,2026-06-26,0,0,0,0,0,0,0,0,0,0,0,0,0,0,1000,7,0,NONE,0,,,SCRYDEX_ONLY,
CRD_6BFE78CBD4924CF285F9,메가염무왕 ex,RR,113/742,740279,high_confidence,0,0,,0,0,0,2,1800,2000,0,0,0,0,1,3999,1,3999,1000,12,1800,A_3M,17100,,,SNK_A_3M_FALLBACK,
CRD_6B76266004034ADFAFE2,후딘 EX,RR,040/171,389550,high_confidence,17316,17316,2026-06-28,0,0,0,0,0,0,0,0,0,0,0,0,0,0,0,0,0,NONE,0,,,SCRYDEX_ONLY,
CRD_B7DB6E711CE147A8BA79,히스이 모크나이퍼 VSTAR,RRR,045/067,139674,high_confidence,814,830,2026-06-28,0,0,0,0,0,0,0,0,0,0,0,0,0,0,1000,1,0,NONE,0,,,SCRYDEX_ONLY,
CRD_F24F4B7A40724DC2856C,대왕끼리동 VMAX,RRR,076/096,145404,high_confidence,2812,2812,2026-06-28,0,0,0,0,0,0,0,0,0,0,0,0,0,0,0,0,0,NONE,0,,,SCRYDEX_ONLY,
CRD_DEBF98B578D94A9486D2,무쇠가시 ex,RR,056/187,440027,high_confidence,446,446,2026-06-28,0,0,0,0,0,0,0,0,0,0,0,0,0,0,1000,7,0,NONE,0,,,SCRYDEX_ONLY,
CRD_83D6D0B474EF4541A65D,히스이 조로아크 V,RR,061/071,139409,high_confidence,753,753,2026-06-28,0,0,0,0,0,0,0,0,0,0,0,0,0,0,1000,1,0,NONE,0,,,SCRYDEX_ONLY,
CRD_84D9AB8184C644238C4E,제크로무 EX,RR,044/093,408031,high_confidence,14250,0,2026-05-08,0,0,0,0,0,0,0,0,0,0,0,0,0,0,0,0,0,NONE,0,,,SCRYDEX_ONLY,
CRD_568ACA1A12854172B6CD,망망이,AR,087/078,706812,high_confidence,10586,9841,2026-06-26,0,0,0,0,0,0,0,0,0,0,0,0,0,0,0,0,0,NONE,0,,,SCRYDEX_ONLY,
CRD_9327DCC9A6474DD0A15B,글레이시아 V,RR,024/069,112522,high_confidence,2735,2643,2026-06-26,0,0,0,1,1000,1000,0,0,5,9000,0,0,1,4000,1000,4,1000,A_3M,9500,0.278,-72.2,MAPPING_REVIEW,SCRYDEX_HALF_LOW
CRD_2FB8CA83CF9D40F1A071,뮤 ex,RR,002/043,659297,high_confidence,1900,0,2026-05-08,0,0,0,0,0,0,0,0,0,0,0,0,0,0,2000,1,0,NONE,0,,,SCRYDEX_ONLY,
CRD_893BF8C4050E44B6ACFA,일격 우라오스 V,RR,092/184,141113,high_confidence,522,522,2026-06-27,0,0,0,0,0,0,0,0,0,0,0,0,0,0,3000,1,0,NONE,0,,,SCRYDEX_ONLY,
CRD_2156FFB7752D47F99AC9,샤미드 GX,RR,117/095,392730,high_confidence,0,0,,0,0,0,0,0,0,0,0,8,15236,0,0,3,4280,2222,15,0,NONE,0,,,NO_DATA,
CRD_83A1176A6F644DE9B1DB,레지락 EX,RR,175/171,106282,high_confidence,0,0,,0,0,0,0,0,0,1,30000,3,34000,0,0,0,0,40000,2,0,NONE,0,,,NO_DATA,
CRD_E5348A86CBCB4A0586C9,쥬피썬더 EX,RR,032/171,413380,high_confidence,7682,7682,2026-06-28,0,0,0,0,0,0,1,29500,7,36000,0,0,0,0,7980,8,0,NONE,0,,,SCRYDEX_ONLY,
CRD_371A341D2B024125AF8E,다크라이 GX,RR,064/114,105433,high_confidence,10771,10771,2026-06-28,1,2999,2999,3,7800,2999,0,0,7,25480,0,0,1,12000,1000,22,2999,A_1M,28490,0.378,-62.2,SNK_A_1M_OK,SCRYDEX_HALF_LOW
CRD_48149BF6BE82495A8F64,세레비 VMAX,RRR,004/070,141868,high_confidence,2735,2796,2026-06-26,0,0,0,0,0,0,1,8000,0,0,0,0,0,0,1000,7,0,NONE,0,,,SCRYDEX_ONLY,
CRD_BF34F5EA41394ACEBF4D,에이스번 V,RR,073/414,380160,high_confidence,0,0,,0,0,0,0,0,0,0,0,0,0,0,0,0,0,2000,1,0,NONE,0,,,NO_DATA,
CRD_828C74272B23470D9991,그랑블루 V,RR,174/414,380292,high_confidence,0,0,,0,0,0,0,0,0,0,0,0,0,0,0,0,0,0,0,0,NONE,0,,,NO_DATA,
CRD_86826BB15E1644AEB13C,어흥염 GX,RR,009/051,389174,high_confidence,4609,4609,2026-06-28,0,0,0,0,0,0,0,0,0,0,0,0,0,0,0,0,0,NONE,0,,,SCRYDEX_ONLY,
CRD_CC4FD534DFA941C6B7AF,대여르 V,RR,102/190,144513,high_confidence,676,615,2026-06-28,0,0,0,0,0,0,0,0,0,0,0,0,0,0,0,0,0,NONE,0,,,SCRYDEX_ONLY,
CRD_983C1870E97945BEA0AB,아르세우스 VSTAR,RRR,084/100,139827,high_confidence,1798,1644,2026-06-28,0,0,0,0,0,0,0,0,0,0,0,0,0,0,1000,1,0,NONE,0,,,SCRYDEX_ONLY,
CRD_269A7AD114DA491CA9AC,레시라무 ex,BWR,174/086,585221,high_confidence,409779,409779,2026-06-26,5,74000,66000,31,76800,66000,29,108475,81,121500,6,63999,18,65000,53000,78,74000,A_1M,703000,0.583,-41.7,SNK_A_1M_OK,
CRD_C5F43E1D58DC4EB091BB,어써러셔 ex,RR,220/742,542647,high_confidence,399,384,2026-06-28,0,0,0,0,0,0,0,0,0,0,0,0,0,0,1000,2,0,NONE,0,,,SCRYDEX_ONLY,
CRD_2C36A353792C402C93E8,번치코 VMAX,RRR,020/184,141007,high_confidence,2166,2090,2026-06-28,0,0,0,0,0,0,0,0,0,0,0,0,0,0,1000,7,0,NONE,0,,,SCRYDEX_ONLY,
CRD_B3F163D4760E4999A3AE,히스이 대검귀 VSTAR,RRR,053/067,139686,high_confidence,860,845,2026-06-28,0,0,0,0,0,0,0,0,0,0,0,0,0,0,1000,3,0,NONE,0,,,SCRYDEX_ONLY,
CRD_6DB5111B654B472DAE5B,볼케니온 EX,SR,055/054,106692,high_confidence,42253,42253,2026-06-28,0,0,0,0,0,0,0,0,2,32975,0,0,0,0,14500,3,0,NONE,0,,,SCRYDEX_ONLY,
CRD_5751676A34FF4B128A73,에브이 V,RR,172/414,112524,high_confidence,2259,2074,2026-06-28,0,0,0,1,1500,1500,0,0,2,8878,0,0,2,6000,1000,6,1500,A_3M,14250,0.146,-85.4,MAPPING_REVIEW,SCRYDEX_HALF_LOW
CRD_4E708DE56D9944CFB875,오리진 디아루가 VSTAR,RRR,101/172,103044,high_confidence,937,1060,2026-06-28,0,0,0,0,0,0,1,8000,2,7350,0,0,1,4999,1000,6,0,NONE,0,,,SCRYDEX_ONLY,
CRD_4705CE7F497346EB824F,가디안 VMAX,RRR,031/070,145282,high_confidence,9987,10033,2026-06-28,0,0,0,0,0,0,1,9800,0,0,0,0,0,0,3000,3,0,NONE,0,,,SCRYDEX_ONLY,
CRD_0DF80E4557DE4819B172,나오하 ex,RR,757/742,742517,high_confidence,0,0,,6,1687,1580,14,2400,1580,4,10940,13,14500,0,0,0,0,1800,28,1687,A_1M,16026,,,SNK_A_1M_OK,
CRD_DFD109D6FD144DB3B19C,브리무음 VMAX,RRR,066/172,103555,high_confidence,1260,1214,2026-06-26,0,0,0,0,0,0,0,0,0,0,0,0,0,0,1000,5,0,NONE,0,,,SCRYDEX_ONLY,
CRD_63550D89E20048CA8259,뮤츠 VSTAR,RRR,031/071,137080,high_confidence,3242,2658,2026-06-26,2,1000,1000,10,1000,1000,0,0,10,15650,0,0,0,0,1000,24,1000,A_1M,9500,0.28,-72.0,MAPPING_REVIEW,SCRYDEX_HALF_LOW
CRD_798D0C5E75B145E48C52,이벨타르 EX,RR,079/131,379863,high_confidence,9234,8927,2026-06-28,0,0,0,0,0,0,0,0,0,0,0,0,0,0,4980,1,0,NONE,0,,,SCRYDEX_ONLY,
CRD_482D1C2F5F0041739B92,나인테일 BREAK,RR,016/100,106332,high_confidence,39933,39933,2026-06-28,0,0,0,0,0,0,0,0,0,0,0,0,0,0,29000,5,0,NONE,0,,,SCRYDEX_ONLY,
CRD_C7743941CB94475DBB80,메가곤율거니 ex,MA,231/193,730953,high_confidence,6791,6645,2026-06-26,3,1000,3999,20,1000,3999,28,7315,63,7466,2,3450,4,3550,1000,105,1000,A_1M,9500,0.699,-30.1,SNK_A_1M_OK,
CRD_3475D14B91764CC1A8DC,모르페코,AR,076/066,706810,high_confidence,20573,18476,2026-06-26,0,0,0,0,0,0,0,0,0,0,0,0,0,0,20000,1,0,NONE,0,,,SCRYDEX_ONLY,
CRD_09AAD6A024434832A88A,이벨타르 EX,RR,079/171,385932,high_confidence,23047,23047,2026-06-28,0,0,0,0,0,0,0,0,2,13750,0,0,0,0,7000,4,0,NONE,0,,,SCRYDEX_ONLY,
CRD_2F0ED241ED394BF6BF87,아이앤트 ex,RR,052/742,414014,high_confidence,415,399,2026-06-27,0,0,0,0,0,0,0,0,0,0,0,0,0,0,1000,1,0,NONE,0,,,SCRYDEX_ONLY,
CRD_B7828F2ECCE840FB8105,디아루가 GX,SR,054/050,105382,high_confidence,76747,52978,2026-06-27,0,0,0,0,0,0,0,0,1,30000,0,0,0,0,18000,4,0,NONE,0,,,SCRYDEX_ONLY,
CRD_7ADACFDF9777471C8C30,루카리오 ex,RR,380/742,740576,high_confidence,0,0,,0,0,0,0,0,0,0,0,0,0,0,0,0,0,1100,1,0,NONE,0,,,NO_DATA,
CRD_B6033352C39D43F38651,프테라 VSTAR,RRR,057/100,136998,high_confidence,1106,1168,2026-06-27,0,0,0,0,0,0,1,7000,1,7000,0,0,0,0,1000,4,0,NONE,0,,,SCRYDEX_ONLY,
CRD_CC3B5E1F932A4EE9B2E9,카푸나비나 GX,RR,045/114,335895,high_confidence,4041,4041,2026-06-28,0,0,0,0,0,0,0,0,0,0,0,0,0,0,1000,1,0,NONE,0,,,SCRYDEX_ONLY,
CRD_6C79F815204042AB91D4,킹크랩 VMAX,RR,081/414,380171,high_confidence,0,0,,0,0,0,0,0,0,0,0,0,0,0,0,0,0,0,0,0,NONE,0,,,NO_DATA,
CRD_EF2B6A9927BF426B8D82,염버니,AR,745/742,742507,high_confidence,0,0,,2,4174,3399,21,5999,3399,0,0,5,33000,0,0,0,0,3333,46,4174,A_1M,39653,,,SNK_A_1M_OK,
CRD_40C9B79679FB427396C0,꿈트렁 ex,RR,533/742,320247,high_confidence,446,353,2026-06-26,0,0,0,0,0,0,0,0,0,0,0,0,0,0,1000,5,0,NONE,0,,,SCRYDEX_ONLY,
CRD_63C895F49C5A421D9548,따라큐 VMAX,RRR,077/184,141089,high_confidence,9403,8220,2026-06-28,1,2000,2000,9,1000,2000,10,9350,35,9000,0,0,4,2950,1000,42,2000,A_1M,19000,0.433,-56.7,SNK_A_1M_OK,SCRYDEX_HALF_LOW
CRD_0B802D98F17B44E8B194,카푸느지느 GX,RR,027/114,335877,high_confidence,5439,5439,2026-06-28,0,0,0,0,0,0,0,0,0,0,0,0,0,0,1000,1,0,NONE,0,,,SCRYDEX_ONLY,
CRD_99CCE27B9E204E508DE3,갸라도스 VMAX,RRR,021/067,113250,high_confidence,5700,5700,2026-06-26,0,0,0,4,2550,2800,3,12300,15,14000,0,0,1,5555,1313,23,2550,A_3M,24225,0.235,-76.5,MAPPING_REVIEW,SCRYDEX_HALF_LOW
CRD_79ED4A2D30A34E139A64,제르네아스 ex,RR,052/175,425273,high_confidence,0,0,,0,0,0,0,0,0,0,0,0,0,0,0,0,0,0,0,0,NONE,0,,,NO_DATA,
CRD_85ACB08A9301857D6840,라티아스&라티오스 GX,UR,114/095,396406,high_confidence,127543,127543,2026-06-28,0,0,0,0,0,0,3,54450,12,52799,0,0,1,12000,7777,14,0,NONE,0,,,SCRYDEX_ONLY,
CRD_26C2FFF3ECDC4C2B8EE6,보스의 지령,SR,760/742,742520,high_confidence,0,0,,18,11500,10000,47,13475,10000,2,28900,12,39890,0,0,1,14000,9500,61,11500,A_1M,109250,,,SNK_A_1M_OK,
CRD_640F3D6A0BD2463986B1,우렁찬꼬리 ex,RR,353/742,204138,high_confidence,568,538,2026-06-27,0,0,0,0,0,0,0,0,0,0,0,0,0,0,1000,2,0,NONE,0,,,SCRYDEX_ONLY,
CRD_3A57174859F8445CB9F0,괴력몬 VMAX,RRR,072/172,105002,high_confidence,1736,1659,2026-06-28,0,0,0,0,0,0,0,0,1,5680,0,0,0,0,1000,9,0,NONE,0,,,SCRYDEX_ONLY,
CRD_F9B24EA402F141129620,레시라무 EX,RR,021/093,407955,high_confidence,7600,0,2026-05-08,0,0,0,0,0,0,0,0,0,0,0,0,0,0,3500,3,0,NONE,0,,,SCRYDEX_ONLY,
CRD_FFEB4B8D7D704A0DA7BA,이올브 V,RR,008/100,144960,high_confidence,522,522,2026-06-28,0,0,0,0,0,0,0,0,0,0,0,0,0,0,0,0,0,NONE,0,,,SCRYDEX_ONLY,
CRD_1C909A7537014095872A,윽우지 V,RR,051/060,145564,high_confidence,1490,1490,2026-06-28,0,0,0,0,0,0,0,0,0,0,0,0,0,0,1000,1,0,NONE,0,,,SCRYDEX_ONLY,
CRD_C1608F37F71B44D08013,M뮤츠 EX,SR,063/059,91503,high_confidence,1235000,0,2026-05-08,0,0,0,0,0,0,3,264000,11,301000,0,0,1,79999,57000,15,0,NONE,0,,,SCRYDEX_ONLY,
CRD_E5C703C11C0E4FC2AA91,뮤,AR,183/172,103085,high_confidence,68435,0,2026-05-13,23,7186,7599,82,7500,7599,32,26725,93,27052,12,8850,30,9000,4900,212,7186,A_1M,68267,,,SNK_A_1M_OK,
CRD_C3AC7D22528745FE8E4B,따라큐 V,RR,076/184,141088,high_confidence,1552,1590,2026-06-26,0,0,0,1,1000,1000,0,0,0,0,0,0,0,0,1000,7,1000,A_3M,9500,0.167,-83.3,MAPPING_REVIEW,SCRYDEX_HALF_LOW
CRD_E410D811910849CDAFFA,크로뱃 V,RR,108/190,144522,high_confidence,615,615,2026-06-28,0,0,0,0,0,0,1,6980,2,6480,0,0,0,0,0,0,0,NONE,0,,,SCRYDEX_ONLY,
CRD_8657995A6BC44F5DBF8E,뮤츠 V,RR,030/071,137079,high_confidence,3211,3134,2026-06-28,2,1150,1100,6,1175,1100,2,13116,6,12400,0,0,0,0,1000,36,1150,A_1M,10925,0.287,-71.3,MAPPING_REVIEW,SCRYDEX_HALF_LOW
CRD_C3BE18AFFD494670BA91,연격 우라오스 V,RR,094/184,141115,high_confidence,538,538,2026-06-28,0,0,0,0,0,0,0,0,0,0,0,0,0,0,0,0,0,NONE,0,,,SCRYDEX_ONLY,
CRD_A7F47D7A90F24520988F,심향의 칠색조 ex,RR,020/063,518766,high_confidence,615,545,2026-06-26,0,0,0,0,0,0,0,0,0,0,0,0,0,0,1000,2,0,NONE,0,,,SCRYDEX_ONLY,
CRD_34B77E90E77E454D9E00,메가가디안 ex,RR,042/063,628169,high_confidence,845,768,2026-06-26,0,0,0,0,0,0,0,0,1,5350,0,0,0,0,1000,29,0,NONE,0,,,SCRYDEX_ONLY,
CRD_F1CB7ED5CD064F76B004,M헬가 EX,SR,061/059,107357,high_confidence,215107,215107,2026-06-28,0,0,0,0,0,0,1,50000,5,50000,0,0,0,0,58000,4,0,NONE,0,,,SCRYDEX_ONLY,
CRD_F6D2FC3117BF409384AD,그란돈 EX,RR,072/131,391094,high_confidence,53685,53685,2026-06-28,0,0,0,0,0,0,0,0,2,17499,0,0,0,0,0,0,0,NONE,0,,,SCRYDEX_ONLY,
CRD_5667330F7AAF41858B63,윽우지 V,RR,155/190,144596,high_confidence,584,568,2026-06-27,0,0,0,0,0,0,0,0,0,0,0,0,0,0,0,0,0,NONE,0,,,SCRYDEX_ONLY,
CRD_44A13E89FE7A4D61BDE0,헬가 EX,SR,060/059,107359,high_confidence,190000,0,2026-05-08,0,0,0,0,0,0,0,0,1,35000,0,0,0,0,49000,2,0,NONE,0,,,SCRYDEX_ONLY,
CRD_6867ED7294D14913A168,주박사,SR,055/051,91590,high_confidence,92189,92189,2026-06-28,0,0,0,0,0,0,0,0,1,70000,0,0,0,0,20000,3,0,NONE,0,,,SCRYDEX_ONLY,
CRD_49258A0BD56C4E8CAAE1,샤크니아 EX,SR,074/070,107430,high_confidence,46094,0,2026-05-15,0,0,0,0,0,0,0,0,2,35500,0,0,0,0,25000,3,0,NONE,0,,,SCRYDEX_ONLY,
CRD_C284B6140DDE4A00A093,뮤 ex,RR,151/165,128053,high_confidence,2689,2612,2026-06-26,3,1000,1000,5,1000,1000,1,20500,8,11300,0,0,0,0,1000,13,1000,A_1M,9500,0.275,-72.5,MAPPING_REVIEW,SCRYDEX_HALF_LOW
CRD_AF23FC89109141A7AAF7,바랜드 V,RR,350/414,380492,high_confidence,0,0,,0,0,0,0,0,0,0,0,0,0,0,0,0,0,0,0,0,NONE,0,,,NO_DATA,
CRD_FF1CF3010C544E30908E,큐레무 ex,RR,203/742,584782,high_confidence,430,430,2026-06-27,0,0,0,0,0,0,0,0,0,0,0,0,0,0,1000,1,0,NONE,0,,,SCRYDEX_ONLY,
CRD_EED41E4D3D804537A93A,바오키 VSTAR,RRR,021/172,103557,high_confidence,676,584,2026-06-27,0,0,0,0,0,0,0,0,0,0,0,0,0,0,1000,5,0,NONE,0,,,SCRYDEX_ONLY,
CRD_B0FE7331201C44AB8455,리피아 VMAX,RRR,003/069,141655,high_confidence,4164,4133,2026-06-28,1,1000,1000,6,1200,1000,4,9040,15,8950,1,3250,1,3250,1000,27,1000,A_1M,9500,0.435,-56.5,SNK_A_1M_OK,SCRYDEX_HALF_LOW
CRD_41BD351FBCE24334B7DD,나무킹 EX,RR,006/131,391028,high_confidence,2850,0,2026-05-08,0,0,0,0,0,0,0,0,0,0,0,0,0,0,0,0,0,NONE,0,,,SCRYDEX_ONLY,
CRD_F5CC0C9882084007972C,메가루카리오 ex,MA,228/193,722241,high_confidence,15396,15611,2026-06-28,17,1395,2150,67,1700,2150,30,12994,81,11759,2,3750,5,4444,1000,123,1395,A_1M,13252,1.178,17.8,SNK_A_1M_OK,
CRD_11DE00F8CE7D4AF1B990,메가팬텀 ex,MA,230/193,730952,high_confidence,48076,54192,2026-06-28,30,3838,3166,90,4398,3166,32,17033,93,18812,11,5700,34,5700,2400,366,3838,A_1M,36461,1.486,48.6,SNK_A_1M_OK,
CRD_EB9C07F79DA046F0824B,가디안 EX,SR,056/054,381876,high_confidence,313500,0,2026-05-09,0,0,0,0,0,0,0,0,0,0,0,0,0,0,173000,2,0,NONE,0,,,SCRYDEX_ONLY,
CRD_93C902F4C3BD4E53BAA0,마휘핑 VMAX,RRR,032/076,145093,high_confidence,4348,4118,2026-06-28,0,0,0,0,0,0,0,0,0,0,0,0,0,0,4800,2,0,NONE,0,,,SCRYDEX_ONLY,
CRD_3C0A4BD7A21440D38FB0,M가디안 EX,SR,076/070,91529,high_confidence,307281,307281,2026-06-28,0,0,0,1,40000,40000,2,100000,3,102800,0,0,0,0,50000,10,40000,A_3M,380000,0.809,-19.1,SNK_A_3M_FALLBACK,
CRD_B95C9626B4BD40E69107,라프라스 VMAX,RRR,032/190,144398,high_confidence,2228,2090,2026-06-28,1,1780,1780,1,1780,1780,0,0,2,9150,0,0,0,0,1000,5,1780,A_1M,16910,0.124,-87.6,MAPPING_REVIEW,SCRYDEX_HALF_LOW
CRD_56CD73E3F5C544A2B1AD,히스이 드레디어 VSTAR,RRR,008/067,139448,high_confidence,1429,1429,2026-06-28,0,0,0,0,0,0,0,0,0,0,0,0,0,0,0,0,0,NONE,0,,,SCRYDEX_ONLY,
CRD_D964095CC14B4504BFB1,초염몽,HR,17/60,427646,high_confidence,22800,0,2026-05-08,0,0,0,0,0,0,0,0,0,0,0,0,0,0,0,0,0,NONE,0,,,SCRYDEX_ONLY,
CRD_7069D05844E74942ADE8,얼음귀신 EX,SR,060/059,107361,high_confidence,15365,15365,2026-06-25,0,0,0,0,0,0,1,26800,2,25900,0,0,0,0,35000,5,0,NONE,0,,,SCRYDEX_ONLY,
CRD_AF1FDA799C6143DFA5A9,강철톤 EX,SR,056/054,106691,high_confidence,30714,30714,2026-06-28,0,0,0,0,0,0,0,0,2,57499,0,0,1,15000,74000,2,0,NONE,0,,,SCRYDEX_ONLY,
CRD_EC8BBD7D28E54F38BB67,M뮤츠 EX,RR,043/171,428826,high_confidence,92189,92189,2026-06-28,0,0,0,0,0,0,0,0,0,0,0,0,0,0,3400000,1,0,NONE,0,,,SCRYDEX_ONLY,
CRD_70689C813B324C93AC03,M강철톤 EX,SR,057/054,106690,high_confidence,115236,115236,2026-06-28,0,0,0,0,0,0,0,0,4,45000,0,0,0,0,53000,4,0,NONE,0,,,SCRYDEX_ONLY,
CRD_D4F9A637FFAE4231A8CB,굽이치는물결 ex,RR,222/742,171998,high_confidence,461,522,2026-06-27,0,0,0,0,0,0,0,0,0,0,0,0,0,0,1000,3,0,NONE,0,,,SCRYDEX_ONLY,
CRD_F72B398C28494F5383EA,올리르바 ex,RR,071/742,564902,high_confidence,553,522,2026-06-28,0,0,0,0,0,0,0,0,0,0,0,0,0,0,1000,4,0,NONE,0,,,SCRYDEX_ONLY,
CRD_065512D143D348EDBE3E,님피아 ex,RR,299/742,434896,high_confidence,2197,2289,2026-06-28,1,1000,1000,2,1000,1000,0,0,5,7800,0,0,2,2239,1000,19,1000,A_1M,9500,0.241,-75.9,MAPPING_REVIEW,SCRYDEX_HALF_LOW
CRD_5E38B57AA54A42D3BA96,음번 ex,RR,113/175,425299,high_confidence,0,0,,0,0,0,0,0,0,0,0,0,0,0,0,0,0,0,0,0,NONE,0,,,NO_DATA,
CRD_B9C22C1213704F5AAF1B,무쇠잎새 ex,RR,077/742,172004,high_confidence,522,507,2026-06-27,0,0,0,0,0,0,0,0,0,0,0,0,0,0,1000,2,0,NONE,0,,,SCRYDEX_ONLY,
CRD_25A858D01145493BB66AF82B8EA32B7C,메가리자몽Y ex,MUR,766/742,742562,high_confidence,0,0,,5,1300000,1000000,14,1290000,1000000,7,3350000,16,3514907,6,854500,19,999700,550000,82,1300000,A_1M,12350000,,,SNK_A_1M_OK,
CRD_31A84E046FF1424F95D8,나루림,AR,750/742,737034,high_confidence,0,0,,3,2500,2300,12,3000,2300,1,11500,1,11500,0,0,0,0,2000,24,2500,A_1M,23750,,,SNK_A_1M_OK,
CRD_F2AAF0DDA03144BEA3E0,보만다 ex,RR,540/742,502970,high_confidence,476,384,2026-06-26,0,0,0,0,0,0,0,0,0,0,0,0,0,0,1000,4,0,NONE,0,,,SCRYDEX_ONLY,
CRD_88C7D15F245C42D6BF77,쟝고 ex,RR,588/742,740802,high_confidence,0,0,,0,0,0,0,0,0,0,0,0,0,0,0,0,0,0,0,0,NONE,0,,,NO_DATA,
CRD_E78C55792AED472BA10A,갈가부기 VMAX,RRR,027/100,145170,high_confidence,2520,2489,2026-06-28,0,0,0,0,0,0,0,0,0,0,0,0,0,0,0,0,0,NONE,0,,,SCRYDEX_ONLY,
CRD_33D12892FE0A448BA1C5,골루그 V,RR,188/414,141470,high_confidence,1659,1629,2026-06-27,0,0,0,0,0,0,0,0,0,0,0,0,0,0,0,0,0,NONE,0,,,SCRYDEX_ONLY,
CRD_6D7A01D810164EB8B111,흑마 버드렉스 V,RR,036/070,141900,high_confidence,891,937,2026-06-28,0,0,0,0,0,0,0,0,0,0,0,0,0,0,1000,1,0,NONE,0,,,SCRYDEX_ONLY,
CRD_91625DC1A887474895B5,무우마직,AR,083/073,706807,high_confidence,21572,20297,2026-06-28,0,0,0,0,0,0,0,0,0,0,0,0,0,0,0,0,0,NONE,0,,,SCRYDEX_ONLY,
CRD_1CBBEBA5751D495C81D5,레지기가스 EX,SR,055/052,108815,high_confidence,41485,41485,2026-06-28,0,0,0,0,0,0,1,85000,1,85000,0,0,0,0,0,0,0,NONE,0,,,SCRYDEX_ONLY,
CRD_9CED595A24FE40AEBE4A,오거폰 우물의 가면 ex,RR,224/742,466330,high_confidence,430,415,2026-06-28,0,0,0,0,0,0,0,0,0,0,0,0,0,0,1000,3,0,NONE,0,,,SCRYDEX_ONLY,
CRD_05103ACFA2DD4C54AC51,가디안 GX,RR,092/150,112763,high_confidence,5178,5116,2026-06-26,0,0,0,0,0,0,1,11111,5,9395,0,0,1,4500,1000,8,0,NONE,0,,,SCRYDEX_ONLY,
CRD_F9B21FCBE1B640D5ACF7,과미드라 ex,RR,064/742,466282,high_confidence,507,553,2026-06-28,0,0,0,0,0,0,0,0,0,0,0,0,0,0,1000,4,0,NONE,0,,,SCRYDEX_ONLY,
CRD_EC412671D4E6458C9C17,자시안 V,RR,067/172,104999,high_confidence,568,553,2026-06-28,0,0,0,0,0,0,0,0,1,7000,0,0,0,0,1000,1,0,NONE,0,,,SCRYDEX_ONLY,
CRD_AFBD5F78887542BAB486,마적의 히든볼트릭,SR,077/070,108426,high_confidence,61459,61459,2026-06-28,0,0,0,0,0,0,0,0,0,0,0,0,0,0,38999,1,0,NONE,0,,,SCRYDEX_ONLY,
CRD_9B730AEF79F94A5BB4C8,선배&후배,SR,078/070,91533,high_confidence,712500,0,2026-05-09,0,0,0,0,0,0,1,107900,10,104950,1,50000,1,50000,49999,10,0,NONE,0,,,SCRYDEX_ONLY,
CRD_C9E479C530F64962AF8B,스트린더 V,RR,059/190,144440,high_confidence,538,538,2026-06-28,0,0,0,0,0,0,0,0,0,0,0,0,0,0,0,0,0,NONE,0,,,SCRYDEX_ONLY,
CRD_7677BD40116548CBA138,포켓몬 레인저,SR,058/054,91478,high_confidence,190000,0,2026-05-09,0,0,0,0,0,0,0,0,1,26800,0,0,1,10000,32222,1,0,NONE,0,,,SCRYDEX_ONLY,
CRD_F8D9E7AF24C1484482DA,뮤츠&뮤 GX,RR,029/094,321540,high_confidence,49106,44558,2026-06-28,9,9305,6200,33,9000,6200,13,37450,45,37600,6,8750,12,8500,4000,68,9305,A_1M,88398,0.504,-49.6,SNK_A_1M_OK,
CRD_DFD865A2FA88435EBF11,디아루가 GX,RR,045/066,336652,high_confidence,6761,6730,2026-06-26,0,0,0,0,0,0,1,8800,2,8800,0,0,0,0,4000,1,0,NONE,0,,,SCRYDEX_ONLY,
CRD_D434D4DB501B4AF68A68,두파팡 GX,RR,028/173,396010,high_confidence,2996,2720,2026-06-27,0,0,0,0,0,0,0,0,0,0,0,0,0,0,0,0,0,NONE,0,,,SCRYDEX_ONLY,
CRD_2297ECA873FB4C6EB5C5,신비록 V,RR,131/172,105008,high_confidence,645,615,2026-06-28,0,0,0,0,0,0,0,0,0,0,0,0,0,0,1300,2,0,NONE,0,,,SCRYDEX_ONLY,
CRD_D3C57F0250DF425CBA58,파치래곤 VMAX,RRR,024/070,143984,high_confidence,1475,1490,2026-06-26,0,0,0,0,0,0,0,0,0,0,0,0,0,0,0,0,0,NONE,0,,,SCRYDEX_ONLY,
CRD_096403B193C94990A6F0,잠만보 VMAX,RRR,046/060,113238,high_confidence,50642,47569,2026-06-26,0,0,0,10,5833,7000,9,19900,34,19158,1,5800,2,4800,2199,31,5833,A_3M,55414,0.858,-14.2,SNK_A_3M_FALLBACK,
CRD_40ACC9AF379C44558884,디아루가,HR,46/60,109391,high_confidence,0,0,,0,0,0,0,0,0,0,0,0,0,0,0,0,0,0,0,0,NONE,0,,,NO_DATA,
CRD_C0A365CA88A64A5BB52A,멜메탈 VMAX,RRR,048/071,137097,high_confidence,1214,1122,2026-06-28,0,0,0,0,0,0,0,0,0,0,0,0,0,0,1000,2,0,NONE,0,,,SCRYDEX_ONLY,
CRD_46675A842A144D9E84CF,가디안 EX,RR,038/054,387185,high_confidence,13905,16871,2026-06-26,0,0,0,0,0,0,0,0,0,0,0,0,0,0,16000,1,0,NONE,0,,,SCRYDEX_ONLY,
CRD_6A29DC1A64574E9A92BE,다태우지네 V,RR,027/190,144391,high_confidence,538,538,2026-06-27,0,0,0,0,0,0,0,0,0,0,0,0,0,0,0,0,0,NONE,0,,,SCRYDEX_ONLY,
CRD_F92441CD205348ABA0D0,민화의 덩쿠리,AR,743/742,737033,high_confidence,0,0,,11,11000,10000,44,18099,10000,17,39325,33,46949,1,17300,1,17300,8000,67,11000,A_1M,104500,,,SNK_A_1M_OK,
CRD_DD4F767B8C314FCDBAF1,펄기아,HR,02/60,109392,high_confidence,99856,99856,2026-06-28,0,0,0,0,0,0,1,198000,2,173000,0,0,0,0,354043,1,0,NONE,0,,,SCRYDEX_ONLY,
CRD_9D7643B219DF4580B85F,청목의 찌르호크,AR,756/742,742516,high_confidence,0,0,,4,2300,2400,15,2500,2400,0,0,1,10000,0,0,0,0,1979,16,2300,A_1M,21850,,,SNK_A_1M_OK,
CRD_923FDD3D9ED34C4EAC1E,돌헨진 VMAX,RRR,035/060,145548,high_confidence,2382,2382,2026-06-28,0,0,0,0,0,0,0,0,0,0,0,0,0,0,0,0,0,NONE,0,,,SCRYDEX_ONLY,
CRD_614DE1758C59451FBC92,라티아스 ex,RR,075/193,730119,high_confidence,599,553,2026-06-28,0,0,0,0,0,0,0,0,0,0,0,0,0,0,1000,31,0,NONE,0,,,SCRYDEX_ONLY,
CRD_113220EE585F46CDB3E3,부스터 GX,RR,111/095,392710,high_confidence,0,0,,0,0,0,0,0,0,2,16500,11,17000,0,0,1,4980,1000,16,0,NONE,0,,,NO_DATA,
CRD_235AEB6FAEA54083A5AF,무쇠암석 ex,RR,429/742,740628,high_confidence,0,0,,0,0,0,0,0,0,0,0,0,0,0,0,0,0,2100,4,0,NONE,0,,,NO_DATA,
CRD_E435A503560845A4897E,칼라마네로 VMAX,RRR,071/096,145399,high_confidence,2105,2105,2026-06-26,0,0,0,0,0,0,0,0,0,0,0,0,0,0,3000,1,0,NONE,0,,,SCRYDEX_ONLY,
CRD_31207730A1244D4BA676,멜메탈 ex,RR,085/139,129875,high_confidence,0,0,,0,0,0,0,0,0,0,0,0,0,0,0,0,0,0,0,0,NONE,0,,,NO_DATA,
CRD_6372ABB03C6D49E1B035,부스터 VMAX,RR,052/414,96656,high_confidence,0,0,,0,0,0,0,0,0,0,0,4,6950,0,0,0,0,29800,2,0,NONE,0,,,NO_DATA,
CRD_7258B944611440859FD1,입치트 VSTAR,RRR,040/068,95251,high_confidence,1060,1091,2026-06-27,0,0,0,0,0,0,0,0,0,0,0,0,0,0,1000,3,0,NONE,0,,,SCRYDEX_ONLY,
CRD_55135DAC7D1B4FF1AB6D,드래피 VSTAR,RRR,067/100,137008,high_confidence,983,1045,2026-06-28,0,0,0,0,0,0,0,0,0,0,0,0,0,0,8000,2,0,NONE,0,,,SCRYDEX_ONLY,
CRD_EECF74BA4EA14E1AAA42,에써르 V,RR,025/060,113234,high_confidence,2704,2704,2026-06-28,0,0,0,0,0,0,0,0,0,0,0,0,0,0,0,0,0,NONE,0,,,SCRYDEX_ONLY,
CRD_A313B53B087D4A94B80A,쥬피썬더 V,RR,130/414,112523,high_confidence,1982,1875,2026-06-28,0,0,0,1,1000,1000,1,8500,4,8249,0,0,1,4000,1000,3,1000,A_3M,9500,0.197,-80.3,MAPPING_REVIEW,SCRYDEX_HALF_LOW
CRD_F42B7FFB1122449DB183,님피아 V,RR,040/069,112525,high_confidence,2873,2804,2026-06-26,0,0,0,0,0,0,0,0,5,8400,0,0,0,0,1000,12,0,NONE,0,,,SCRYDEX_ONLY,
CRD_3A8D2EC8D99B4D7B9450,샹델라 EX,RR,061/093,408085,high_confidence,7600,0,2026-05-08,0,0,0,0,0,0,0,0,0,0,0,0,0,0,10000,1,0,NONE,0,,,SCRYDEX_ONLY,
CRD_E493F0082A45481EA7EE,샤미드 V,RR,087/414,112521,high_confidence,2259,2044,2026-06-26,0,0,0,0,0,0,0,0,5,9000,0,0,0,0,1000,4,0,NONE,0,,,SCRYDEX_ONLY,
CRD_85C6AB0CD75440EFA091,레시라무 ex,RR,029/193,730075,high_confidence,415,415,2026-06-28,0,0,0,0,0,0,0,0,0,0,0,0,0,0,1000,14,0,NONE,0,,,SCRYDEX_ONLY,
CRD_FA4844F80C824187B97C,뮤츠 V,RR,050/172,103043,high_confidence,4010,4056,2026-06-28,1,1000,1000,3,1000,1000,3,14008,7,13800,0,0,0,0,1000,18,1000,A_1M,9500,0.427,-57.3,SNK_A_1M_OK,SCRYDEX_HALF_LOW
CRD_74B902EF7172401CA468,메더 ex,RR,394/742,740590,high_confidence,0,0,,0,0,0,0,0,0,0,0,0,0,0,0,0,0,0,0,0,NONE,0,,,NO_DATA,
CRD_2BE0C7968F004557B9AB,자포코일 VSTAR,RRR,017/071,139337,high_confidence,1260,1060,2026-06-28,0,0,0,0,0,0,0,0,0,0,0,0,0,0,1000,2,0,NONE,0,,,SCRYDEX_ONLY,
CRD_4E59295B4DF14431A9B7,가라르 야도킹 VMAX,RR,259/414,144007,high_confidence,1613,1690,2026-06-26,0,0,0,0,0,0,0,0,0,0,0,0,0,0,0,0,0,NONE,0,,,SCRYDEX_ONLY,
CRD_2938D81021984B85A99B,로켓단의 페르시온 ex,RR,560/742,737030,high_confidence,0,0,,0,0,0,0,0,0,0,0,0,0,0,0,0,0,1900,2,0,NONE,0,,,NO_DATA,
CRD_E6B830D04BBE49598E61,제라오라 VSTAR,RRR,042/172,104998,high_confidence,830,922,2026-06-28,0,0,0,0,0,0,0,0,0,0,0,0,0,0,1000,5,0,NONE,0,,,SCRYDEX_ONLY,
CRD_442D7542AFE94FA494F3,대여르 V,RR,061/096,145389,high_confidence,2489,2551,2026-06-28,0,0,0,0,0,0,0,0,0,0,0,0,0,0,0,0,0,NONE,0,,,SCRYDEX_ONLY,
CRD_46402F0A4DE7492785D0,게노세크트 V,RR,102/172,103052,high_confidence,661,630,2026-06-28,0,0,0,0,0,0,0,0,0,0,0,0,0,0,1000,3,0,NONE,0,,,SCRYDEX_ONLY,
CRD_042E784E8ED640CF929D,루카리오 GX,RR,038/080,338399,high_confidence,15349,15349,2026-06-28,0,0,0,0,0,0,2,18999,4,17000,0,0,0,0,2000,1,0,NONE,0,,,SCRYDEX_ONLY,
CRD_329E5AFEC48D4C2B8D03,괴력몬 GX,RR,029/049,335542,high_confidence,3073,3073,2026-06-27,0,0,0,0,0,0,0,0,0,0,0,0,0,0,8900,1,0,NONE,0,,,SCRYDEX_ONLY,
CRD_0045DA17CE1F46BFB915,팬텀 V,RR,253/414,380374,high_confidence,0,0,,0,0,0,1,1000,1000,5,16900,14,10375,0,0,1,5990,1100,5,1000,A_3M,9500,,,SNK_A_3M_FALLBACK,
CRD_35DC69B18FE34A239272,글레이시아 VMAX,RR,104/414,141674,high_confidence,3703,3626,2026-06-28,0,0,0,6,1850,1200,4,9333,15,9466,0,0,0,0,1000,20,1850,A_3M,17575,0.206,-79.4,MAPPING_REVIEW,SCRYDEX_HALF_LOW
CRD_2D3476E6CBAD4BDCB062,메타몽 VMAX,RRR,141/190,144571,high_confidence,2643,2489,2026-06-28,2,1600,2200,10,1800,2200,0,0,3,12900,0,0,0,0,1234,10,1600,A_1M,15200,0.164,-83.6,MAPPING_REVIEW,SCRYDEX_HALF_LOW
CRD_B13EADBBACFC415DBE7D,레지기가스 VSTAR,RRR,125/172,103533,high_confidence,1014,922,2026-06-28,0,0,0,0,0,0,0,0,0,0,0,0,0,0,1000,3,0,NONE,0,,,SCRYDEX_ONLY,
CRD_34634E0B83674493958D,메가저리더프 ex,MA,225/193,730949,high_confidence,3918,4256,2026-06-28,2,2625,4000,19,1000,4000,29,7200,63,7500,0,0,0,0,1000,109,2625,A_1M,24938,0.171,-82.9,MAPPING_REVIEW,SCRYDEX_HALF_LOW
CRD_8F6DB567A7EF4D5F9742,제크로무 ex,BWR,174/086,585213,high_confidence,420104,404002,2026-06-26,6,80000,80000,34,82999,80000,31,114000,86,130000,7,59999,29,63000,49500,109,80000,A_1M,760000,0.532,-46.8,SNK_A_1M_OK,
CRD_D462517CFC6F4930A7AC,무한다이노 V,RR,124/190,144547,high_confidence,676,676,2026-06-28,0,0,0,0,0,0,0,0,0,0,0,0,0,0,9800,1,0,NONE,0,,,SCRYDEX_ONLY,
CRD_16371A443973483F81FA,리자몽 GX,RR,003/043,334993,high_confidence,43528,43528,2026-06-28,1,9499,9499,3,9499,9499,2,24625,10,29899,0,0,1,5500,6666,9,9499,A_1M,90240,0.482,-51.8,SNK_A_1M_OK,SCRYDEX_HALF_LOW
CRD_294D19F698F24BE39387,나무킹 EX,RR,006/171,385862,high_confidence,9219,9219,2026-06-26,0,0,0,0,0,0,1,11500,0,0,0,0,0,0,3000,3,0,NONE,0,,,SCRYDEX_ONLY,
CRD_9965F1D5629D4B62B22A,N의 조로아크 ex,RR,112/193,727386,high_confidence,461,461,2026-06-28,0,0,0,0,0,0,0,0,0,0,0,0,0,0,1000,12,0,NONE,0,,,SCRYDEX_ONLY,
CRD_2A25393A383641F7BD29,안농 VSTAR,RRR,036/098,100549,high_confidence,1291,1260,2026-06-28,0,0,0,0,0,0,0,0,0,0,0,0,0,0,1000,2,0,NONE,0,,,SCRYDEX_ONLY,
CRD_B02D8C31DB1A44969F52,가이오가 EX,SR,072/070,91530,high_confidence,665000,0,2026-05-08,0,0,0,0,0,0,0,0,5,140000,0,0,2,56499,40000,4,0,NONE,0,,,SCRYDEX_ONLY,
CRD_600E014CD3CD4A00BD0B,무한다이노 VMAX,RRR,065/100,145208,high_confidence,3549,3303,2026-06-28,0,0,0,0,0,0,0,0,0,0,0,0,0,0,0,0,0,NONE,0,,,SCRYDEX_ONLY,
CRD_5D2CBBAD2CD244CCBB58,토게키스 VMAX,RRR,059/076,145117,high_confidence,2274,2243,2026-06-26,0,0,0,0,0,0,0,0,0,0,0,0,0,0,0,0,0,NONE,0,,,SCRYDEX_ONLY,
CRD_D2A40714424C4D3E9F8C,비주기의 계획,SR,064/059,91505,high_confidence,138283,138283,2026-06-28,0,0,0,0,0,0,1,43888,4,39999,0,0,1,18000,19800,5,0,NONE,0,,,SCRYDEX_ONLY,
CRD_2F3643AC21E84F689C43,쉐이미 EX,RR,106/171,382170,high_confidence,13536,13536,2026-06-28,0,0,0,0,0,0,0,0,0,0,0,0,0,0,2000,2,0,NONE,0,,,SCRYDEX_ONLY,
CRD_DB83835D9CEC4025A0CC,루가루암 VMAX,RRR,025/067,141480,high_confidence,2289,2274,2026-06-28,0,0,0,0,0,0,0,0,0,0,0,0,0,0,0,0,0,NONE,0,,,SCRYDEX_ONLY,
CRD_DAA35F1AF62C4F308C37,브리두라스 ex,RR,122/193,730165,high_confidence,307,307,2026-06-28,0,0,0,0,0,0,0,0,0,0,0,0,0,0,1000,12,0,NONE,0,,,SCRYDEX_ONLY,
CRD_7FBA603DD96943F5B7F0,후파 EX,RR,058/171,385430,high_confidence,5885,5885,2026-06-28,0,0,0,0,0,0,0,0,0,0,0,0,0,0,0,0,0,NONE,0,,,SCRYDEX_ONLY,
CRD_CFB2CC925A0E4568A262,망나뇽 VSTAR,RRR,050/071,137099,high_confidence,2535,2297,2026-06-26,2,1000,1000,3,1000,1000,1,10000,11,9400,0,0,0,0,1000,28,1000,A_1M,9500,0.242,-75.8,MAPPING_REVIEW,SCRYDEX_HALF_LOW
CRD_59D148E4C2854E5AAA96,마기라스 V,RR,263/414,144188,high_confidence,1782,1782,2026-06-28,0,0,0,0,0,0,0,0,0,0,0,0,0,0,0,0,0,NONE,0,,,SCRYDEX_ONLY,
CRD_9522A25A78764F77B225,M리자몽 EX,SR,104/100,91459,high_confidence,2304720,2304720,2026-06-28,0,0,0,0,0,0,4,680000,17,750000,1,300000,2,332500,280000,17,0,NONE,0,,,SCRYDEX_ONLY,
CRD_BBF48E2A085C4050AA8B,글레이시아,HR,20/40,91708,high_confidence,38000,0,2026-05-08,0,0,0,0,0,0,1,225000,2,227500,0,0,0,0,50000,3,0,NONE,0,,,SCRYDEX_ONLY,
CRD_51808E684CD64F418E0A,기라티나 VSTAR,RRR,111/172,103065,high_confidence,1214,1367,2026-06-28,0,0,0,5,1000,1000,3,9500,14,9500,0,0,0,0,1000,15,1000,A_3M,9500,0.144,-85.6,MAPPING_REVIEW,SCRYDEX_HALF_LOW
CRD_3358929E8924485E949B,크로뱃 VMAX,RRR,109/190,144523,high_confidence,1137,1060,2026-06-28,0,0,0,0,0,0,0,0,0,0,0,0,0,0,2700,3,0,NONE,0,,,SCRYDEX_ONLY,
CRD_D1558B6044BA433EB434,스트린더 VMAX,RRR,060/190,144441,high_confidence,1567,1659,2026-06-28,0,0,0,0,0,0,0,0,0,0,0,0,0,0,0,0,0,NONE,0,,,SCRYDEX_ONLY,
CRD_054B8B1A8D90438899B1,보스로라 EX,SR,075/070,108545,high_confidence,152000,0,2026-05-08,0,0,0,0,0,0,0,0,0,0,0,0,0,0,0,0,0,NONE,0,,,SCRYDEX_ONLY,
CRD_6FF014B0CBF4472C9593,마릴,AR,748/742,742510,high_confidence,0,0,,6,6499,4400,27,7000,4400,8,21999,19,29500,0,0,0,0,4000,57,6499,A_1M,61740,,,SNK_A_1M_OK,
CRD_E7759AA33E7B4CA9AE03,피카츄 VMAX,RRR,031/100,144983,high_confidence,9634,9465,2026-06-26,1,3288,3288,10,2000,3288,6,13200,33,13845,0,0,4,3750,1000,40,3288,A_1M,31236,0.303,-69.7,MAPPING_REVIEW,SCRYDEX_HALF_LOW
CRD_ECE7FABDE832461FA694,M팬텀 EX,RR,049/131,390547,high_confidence,344632,344632,2026-06-28,0,0,0,0,0,0,0,0,2,319500,0,0,0,0,0,0,0,NONE,0,,,SCRYDEX_ONLY,
CRD_366F8C52670645088A5A,흑마 버드렉스 VMAX,RRR,083/184,141098,high_confidence,1367,1337,2026-06-27,0,0,0,0,0,0,0,0,0,0,0,0,0,0,1200,4,0,NONE,0,,,SCRYDEX_ONLY,
CRD_17B76AFFA5794001AF52,에브이 VMAX,RR,173/414,96655,high_confidence,0,0,,0,0,0,1,1000,1000,0,0,2,13499,0,0,0,0,3400,4,1000,A_3M,9500,,,SNK_A_3M_FALLBACK,
CRD_B4500EAE366644C09065,무한다이노 VMAX,RRR,125/190,144548,high_confidence,1168,1198,2026-06-28,0,0,0,0,0,0,0,0,0,0,0,0,0,0,1000,3,0,NONE,0,,,SCRYDEX_ONLY,
CRD_F643E727312F4F1FBE79,캥카 EX,RR,093/131,391115,high_confidence,8128,8128,2026-06-28,0,0,0,0,0,0,0,0,0,0,0,0,0,0,0,0,0,NONE,0,,,SCRYDEX_ONLY,
CRD_FFE751C555274A6BAA16,히스이 붐볼 V,RR,003/071,139313,high_confidence,676,661,2026-06-27,0,0,0,0,0,0,0,0,0,0,0,0,0,0,0,0,0,NONE,0,,,SCRYDEX_ONLY,
CRD_8EAA19E6FCD243AC89C9,대로트 VMAX,RRR,008/067,113247,high_confidence,1705,1675,2026-06-28,0,0,0,0,0,0,0,0,0,0,0,0,0,0,1500,1,0,NONE,0,,,SCRYDEX_ONLY,
CRD_BA4BEE00353244F580C5,메가망나뇽 ex,MA,232/193,730954,high_confidence,27995,27703,2026-06-26,27,1985,1500,87,2450,1500,32,12936,93,13785,13,5000,26,4525,1300,312,1985,A_1M,18858,1.469,46.9,SNK_A_1M_OK,
CRD_DC67C08A742F4CD7BB2D,사다이사 VMAX,RRR,044/070,141773,high_confidence,1245,1245,2026-06-28,0,0,0,0,0,0,0,0,0,0,0,0,0,0,1500,2,0,NONE,0,,,SCRYDEX_ONLY,
CRD_D4D97671FD8C454A8A1C,크레세리아,HR,36/60,109372,high_confidence,11400,0,2026-05-08,0,0,0,0,0,0,0,0,0,0,0,0,0,0,150000,2,0,NONE,0,,,SCRYDEX_ONLY,
CRD_7DBBE204F9F7473293E8,킬라플로르 ex,RR,065/108,132210,high_confidence,446,446,2026-06-28,0,0,0,0,0,0,0,0,0,0,0,0,0,0,1000,4,0,NONE,0,,,SCRYDEX_ONLY,
CRD_AAFE59E917F54C8FB509,에몽가 EX,SR,062/060,108507,high_confidence,142500,0,2026-05-08,0,0,0,0,0,0,2,39495,5,38990,0,0,0,0,2000,7,0,NONE,0,,,SCRYDEX_ONLY,
CRD_13D179FEFB764051B2F2,찌리리공 ex,RR,233/742,740413,high_confidence,0,0,,0,0,0,0,0,0,0,0,0,0,0,0,0,0,1000,4,0,NONE,0,,,NO_DATA,
CRD_0BDC07CD5DF04DCC8A26,M레쿠쟈 EX,RR,105/171,382168,high_confidence,99871,99871,2026-06-26,0,0,0,1,17000,17000,2,58316,12,57016,0,0,0,0,8000,28,17000,A_3M,161500,0.618,-38.2,SNK_A_3M_FALLBACK,
CRD_C9F48C426CE14CFFA191,이상해씨,AR,050/049,151713,high_confidence,0,0,,2,13250,14500,15,12000,14500,14,39749,51,36000,6,10999,18,10999,10000,33,13250,A_1M,125875,,,SNK_A_1M_OK,
CRD_F85FB69630DE4832A47E,펄스멍 V,RR,156/414,380271,high_confidence,0,0,,0,0,0,0,0,0,0,0,0,0,0,0,0,0,0,0,0,NONE,0,,,NO_DATA,
CRD_F193258A02084B2CA026,요씽리스 V,RR,361/414,380503,high_confidence,0,0,,0,0,0,0,0,0,0,0,0,0,0,0,0,0,0,0,0,NONE,0,,,NO_DATA,
CRD_E09FFF926F714D9E8A49,리피아 VSTAR,RRR,012/172,104994,high_confidence,1659,1675,2026-06-28,0,0,0,1,1000,1000,0,0,6,7225,0,0,0,0,1000,9,1000,A_3M,9500,0.176,-82.4,MAPPING_REVIEW,SCRYDEX_HALF_LOW
CRD_DB71489497854EF98781,M가디안 EX,SR,057/054,91476,high_confidence,855000,0,2026-05-09,0,0,0,0,0,0,3,155555,6,110124,0,0,0,0,32000,3,0,NONE,0,,,SCRYDEX_ONLY,
CRD_F7FE6279B4A147BC9CD1,릴리에의 삐삐 ex,RR,765/742,742429,high_confidence,0,0,,23,84874,78125,60,116498,78125,27,188771,81,229316,10,98500,28,100000,52000,157,84874,A_1M,806303,,,SNK_A_1M_OK,
CRD_89951F6DCCFD4A329C78,두랄루돈 V,RR,325/414,141503,high_confidence,1198,1106,2026-06-28,0,0,0,0,0,0,0,0,0,0,0,0,0,0,9000,1,0,NONE,0,,,SCRYDEX_ONLY,
CRD_71D80DC21CF94EA294AF,쉐이미 EX,RR,098/131,385958,high_confidence,0,0,,0,0,0,0,0,0,0,0,0,0,0,0,0,0,3500,3,0,NONE,0,,,NO_DATA,
CRD_6E77943864C749F5B25A,메가디안시 ex,MA,227/193,730950,high_confidence,7944,8789,2026-06-28,4,1500,4999,22,1215,4999,27,8510,71,8156,0,0,4,3500,1000,149,1500,A_1M,14250,0.617,-38.3,SNK_A_1M_OK,
CRD_9AEA052EE47E4F54822F,피카츄 VMAX,RRR,046/184,141047,high_confidence,8312,8312,2026-06-27,6,1749,1799,29,2000,1799,21,12963,67,13800,2,10695,10,4219,1000,92,1749,A_1M,16616,0.5,-50.0,SNK_A_1M_OK,SCRYDEX_HALF_LOW
CRD_290E399FA6ED4C67A8C8,히스이 미끄래곤 VSTAR,RRR,057/071,139403,high_confidence,860,891,2026-06-28,0,0,0,0,0,0,0,0,0,0,0,0,0,0,0,0,0,NONE,0,,,SCRYDEX_ONLY,
CRD_877457DF732E4A2C8C7F,원시가이오가 EX,SR,073/070,91527,high_confidence,1045000,0,2026-05-08,0,0,0,0,0,0,0,0,1,180000,1,75000,3,75000,39990,4,0,NONE,0,,,SCRYDEX_ONLY,
CRD_5B5AD56134634293963C,루기아 ex,RR,097/175,425296,high_confidence,0,0,,0,0,0,2,1840,2480,2,10249,11,11000,0,0,0,0,1000,15,1840,A_3M,17480,,,SNK_A_3M_FALLBACK,
CRD_634203B063A54BAD8C11,괴력몬,HR,29/40,449075,high_confidence,40717,40717,2026-06-28,0,0,0,0,0,0,0,0,0,0,0,0,0,0,30000,1,0,NONE,0,,,SCRYDEX_ONLY,
CRD_AA56EE51E5024865B7F9,제르네아스 EX,SR,063/060,108510,high_confidence,69142,69142,2026-06-28,0,0,0,0,0,0,0,0,0,0,0,0,0,0,0,0,0,NONE,0,,,SCRYDEX_ONLY,
CRD_1164B69A14F3417EBA5C,부스터 V,RR,051/414,380135,high_confidence,2074,1967,2026-06-28,0,0,0,0,0,0,0,0,0,0,0,0,0,0,1000,2,0,NONE,0,,,SCRYDEX_ONLY,
CRD_ED0874E360244839B36D,엠페르트,HR,25/60,427766,high_confidence,14250,0,2026-05-08,0,0,0,0,0,0,0,0,0,0,0,0,0,0,0,0,0,NONE,0,,,SCRYDEX_ONLY,
