card_id,card_name,snkrdunk_apparel_id,usedMinPrice,usedListingCount,A1m_n,A1m_med,A1m_latest,A3m_n,A3m_med,A3m_latest,PSA10_1m_n,PSA10_1m_med,PSA10_3m_n,PSA10_3m_med,PSA9_1m_n,PSA9_1m_med,PSA9_3m_n,PSA9_3m_med,data_quality
CRD_DF5DDD6AC39442A9B8EC,메타그로스 EX,411746,5000,6,0,0,0,1,4980,4980,0,0,1,24980,0,0,0,0,A_3M_FB
CRD_2940721DC8F64D6382C2,M앱솔 EX,413467,48000,4,0,0,0,0,0,0,1,44000,4,45150,0,0,0,0,PSA_ONLY
CRD_77624728BFEA41878FA1,M대짱이 EX,413470,0,0,0,0,0,0,0,0,1,59800,2,59900,0,0,0,0,PSA_ONLY
CRD_7A536360D1EC48FB885A,피카츄,91428,21000,12,0,0,0,1,150000,150000,1,420000,4,369999,0,0,1,98000,A_3M_FB
CRD_C57E69F6FE4A4DE4BC7F,제크로무 EX,91569,20000,12,0,0,0,0,0,0,0,0,3,275000,0,0,2,52500,PSA_ONLY
CRD_BF6C559F974242FA94CE,엠페르트 BREAK,413478,0,0,0,0,0,0,0,0,1,49000,1,49000,0,0,0,0,PSA_ONLY
CRD_F962598C2D154F409151,피카츄,415503,15000,3,0,0,0,0,0,0,0,0,0,0,0,0,0,0,A_NO_PTS
CRD_593E4A28970A4C3C8255,이상해꽃 V,380072,1500,1,0,0,0,0,0,0,0,0,0,0,0,0,0,0,A_NO_PTS
CRD_7F2DC1D44D784529BCCE,M한카리아스 EX,413484,70000,4,0,0,0,0,0,0,3,69000,7,67990,0,0,0,0,PSA_ONLY
CRD_9641C573373F492FBFD8,앱솔 EX,413466,19999,4,0,0,0,0,0,0,0,0,0,0,0,0,0,0,A_NO_PTS
CRD_C39B236442E240D58AAD,백마 버드렉스 V,293063,1000,2,0,0,0,0,0,0,0,0,0,0,0,0,0,0,A_NO_PTS
CRD_3676B88FE7374BDBB1B2,뮤츠 ex,136229,1000,5,0,0,0,0,0,0,1,12912,0,0,0,0,0,0,PSA_ONLY
CRD_814FC9FDB9F244A7A8C0,타타륜 VMAX,91194,0,0,0,0,0,0,0,0,0,0,0,0,0,0,0,0,A_NO_PTS
CRD_5F01B946CC6C4F5F95B0,세레비 V,377771,3500,1,0,0,0,0,0,0,0,0,0,0,0,0,0,0,A_NO_PTS
CRD_A078581BD72D413189A8,피카츄 V,100081,10800,112,3,18999,24800,10,31450,24800,23,49390,72,58400,2,15490,5,18000,A_1M_OK
CRD_CFC16E65EBC1462AB99A,에브이&테오키스 GX,392832,2222,23,1,3480,3480,6,3230,3480,7,14800,36,15032,1,5400,5,5400,A_1M_OK
CRD_67EB5EB9C55848ECA538,피카츄 ex,746312,0,0,0,0,0,0,0,0,0,0,0,0,0,0,0,0,A_NO_PTS
CRD_2A1817BBD07C4C22A018,나오하 ex,214543,1000,3,0,0,0,0,0,0,0,0,0,0,0,0,0,0,A_NO_PTS
CRD_9E6C0EE28A034B84B8A7,흑마 버드렉스 V,293064,1000,1,0,0,0,0,0,0,0,0,0,0,0,0,0,0,A_NO_PTS
CRD_1735A196292E42369E03,지라치 GX,392833,1000,26,2,1500,1500,6,3116,1500,3,19443,11,18800,1,3999,1,3999,A_1M_OK
CRD_24EB8C7EAF8344B58654,샤미드 VMAX,100087,4980,20,1,3750,3750,1,3750,3750,3,14895,16,13340,0,0,0,0,A_1M_OK
CRD_ED421019893142159D1C,리자몽 VSTAR,325079,1000,43,5,2500,2500,28,3999,2500,4,22375,24,28399,2,5500,7,5000,A_1M_OK
CRD_9CCFB4AA766D475E8C62,에이스번 VMAX,378894,0,0,0,0,0,0,0,0,0,0,0,0,0,0,0,0,A_NO_PTS
CRD_CE93CF20BC2D40369EA6,팬텀 VMAX,292565,3980,150,3,7000,7200,28,6000,7200,26,27624,81,21484,3,6250,19,5600,A_1M_OK
CRD_3FAD1A600E1E4A68BEFC,크로뱃 V,292566,119999,1,0,0,0,0,0,0,0,0,0,0,0,0,0,0,A_NO_PTS
CRD_8D64C44C0FE64E8EA849,비크티니 V,377725,0,0,0,0,0,0,0,0,0,0,0,0,0,0,0,0,A_NO_PTS
CRD_FE0B395843164577B4EF,쥬피썬더 VMAX,100084,5000,21,1,5000,5000,2,5400,5000,2,13360,17,11750,0,0,0,0,A_1M_OK
CRD_37FD17FC727E435B8C84,모르페코 VMAX,378895,0,0,0,0,0,0,0,0,0,0,0,0,0,0,0,0,A_NO_PTS
CRD_7C41E202DFC4497C81E0,이상해꽃 ex,146954,9999,3,1,1000,1000,2,1000,1000,0,0,4,9182,0,0,0,0,A_1M_OK
CRD_A70AE0EAE9544E4091AC,메가팬텀 ex,674418,1000,173,2,5022,5600,12,2196,5600,28,7821,88,8872,4,2999,14,3154,A_1M_OK
CRD_C2A0DB2254344C62AF81,민화의 라플레시아 ex,737015,1100,2,0,0,0,0,0,0,0,0,0,0,0,0,0,0,A_NO_PTS
CRD_82FEBC891CD64CE98880,윽우지 VMAX,101653,0,0,0,0,0,0,0,0,0,0,0,0,0,0,0,0,A_NO_PTS
CRD_B1DFD3C3E5BB4423BF03,님피아 ex,332801,4000,2,0,0,0,0,0,0,0,0,1,7999,0,0,0,0,PSA_ONLY
CRD_48F9A5034BD346849260,제라오라 V,288958,1000,3,0,0,0,0,0,0,0,0,0,0,0,0,0,0,A_NO_PTS
CRD_292EB503923B4ADDAA36,테오키스 V,288981,1500,2,0,0,0,0,0,0,0,0,0,0,0,0,0,0,A_NO_PTS
CRD_A4E698560C3F430A9CE4,루카리오 VSTAR,326028,1000,14,1,2200,2200,9,2040,2200,1,18000,4,22400,0,0,0,0,A_1M_OK
CRD_1B7FAED9F23141518159,레지락 V,331533,0,0,0,0,0,0,0,0,0,0,0,0,0,0,0,0,A_NO_PTS
CRD_8B64BC8FA3984544BD29,아쿠스타 GX,392866,98000,1,0,0,0,0,0,0,0,0,0,0,0,0,0,0,A_NO_PTS
CRD_CC99F95ECF194AAFBB28,빠르모트 ex,121938,1000,1,0,0,0,0,0,0,0,0,0,0,0,0,0,0,A_NO_PTS
CRD_EE0DF97B0C5B4FDC88C7,쁘사이저 GX,397402,1800,4,0,0,0,0,0,0,0,0,0,0,0,0,0,0,A_NO_PTS
CRD_1550F9965A5248E99C97,리자몽 ex,263338,1000,5,1,1500,1500,3,1500,1500,5,10000,11,10000,0,0,0,0,A_1M_OK
CRD_F4C1735159F14F65A589,메가디안시 ex,674426,1050,5,1,1000,1000,0,0,0,0,0,0,0,0,0,0,0,A_1M_OK
CRD_4F738DC1C0384C8E8415,제라오라 VMAX,288959,1000,7,0,0,0,0,0,0,1,8500,3,8500,0,0,0,0,PSA_ONLY
CRD_26F927BEACCC4E94ABAB,테오키스 VMAX,288982,2000,4,0,0,0,0,0,0,0,0,0,0,0,0,0,0,A_NO_PTS
CRD_38F8D1BD378046E49339,카푸꼬꼬꼭 V,377607,0,0,0,0,0,0,0,0,0,0,0,0,0,0,0,0,A_NO_PTS
CRD_74F86A62A42E4BF9ACC7,따라큐 ex,806407,1000,3,0,0,0,0,0,0,1,9800,0,0,0,0,0,0,PSA_ONLY
CRD_DD658800D89F4F87A58E,묘두기 ex,121940,1000,1,0,0,0,0,0,0,0,0,0,0,0,0,0,0,A_NO_PTS
CRD_2FE00DB6CB1E400085C1,테오키스 VSTAR,288983,0,0,0,0,0,0,0,0,0,0,0,0,0,0,0,0,A_NO_PTS
CRD_496BA4D8911D4BBABCD9,다크라이 V,326248,1000,22,1,1000,1000,2,1990,1000,2,22999,5,12000,0,0,0,0,A_1M_OK
CRD_A4507E6EECB24AD88AC1,이브이 V,326267,2680,48,1,5000,5000,9,5900,5000,20,13731,64,15684,0,0,1,5500,A_1M_OK
CRD_506A9FE402DF410A9083,리자몽 GX,396626,2900,43,1,12795,12795,7,5980,12795,4,26650,18,28749,2,3580,4,4040,A_1M_OK
CRD_C8514FE93E8D4BEBBEDE,마리의 오롱털 ex,509393,1100,1,0,0,0,0,0,0,0,0,0,0,0,0,0,0,A_NO_PTS
CRD_BAA4E53EBC95419998FA,전룡 ex,806384,0,0,0,0,0,0,0,0,0,0,0,0,0,0,0,0,A_NO_PTS
CRD_D6BD7408ABA74C26951D,성호의 메타그로스 ex,509406,1800,1,0,0,0,0,0,0,0,0,0,0,0,0,0,0,A_NO_PTS
CRD_929B183535F2447CBCE3,모크나이퍼 ex,129798,0,0,0,0,0,0,0,0,0,0,0,0,0,0,0,0,A_NO_PTS
CRD_DF013D345EDD410F96BB,라우드본 ex,136235,0,0,0,0,0,0,0,0,0,0,0,0,0,0,0,0,A_NO_PTS
CRD_3E730E3C8E944D9C8CAD,리자몽 ex,146956,1000,34,0,0,0,6,2850,2800,2,15000,12,16874,0,0,1,2555,A_3M_FB
CRD_A01A880A185C48ADAAAF,루카리오 ex,806360,0,0,0,0,0,0,0,0,0,0,0,0,0,0,0,0,A_NO_PTS
CRD_3761F2C151EE4116B9EE,블래키&다크라이 GX,392852,2000,79,7,10000,14933,35,9833,14933,20,33050,73,37500,9,7500,22,7850,A_1M_OK
CRD_C1D0A9CD6A504D1B974A,뽀록나 ex,425262,0,0,0,0,0,0,0,0,0,0,0,0,0,0,0,0,A_NO_PTS
CRD_68C455E4A71E4DBA86E7,리자몽 GX,104617,1800,34,0,0,0,6,9100,13500,0,0,9,52000,0,0,3,9500,A_3M_FB
CRD_76C27B14CD0C45E3A73B,롱스톤 GX,392883,0,0,0,0,0,0,0,0,0,0,0,0,0,0,0,0,A_NO_PTS
CRD_D333E4DB73424513B205,쥬피썬더 GX,392741,5000,11,0,0,0,1,2980,2980,2,13150,12,14999,0,0,3,4000,A_3M_FB
CRD_1C425DFA45494FDC8351,비크티니 ex,129804,0,0,0,0,0,0,0,0,0,0,0,0,0,0,0,0,A_NO_PTS
CRD_00A1C8B22B694905AABF,개굴닌자 V,802481,1000,8,1,1000,1000,0,0,0,1,9665,0,0,0,0,0,0,A_1M_OK
CRD_A299CA442C2A41558B6E,포푸니라 GX,392857,2000,1,0,0,0,0,0,0,0,0,0,0,0,0,0,0,A_NO_PTS
CRD_64C02283DD0E49BEA124,갸라도스 GX,397445,4000,9,0,0,0,2,2700,3300,0,0,6,28750,0,0,0,0,A_3M_FB
CRD_89833C24B80A4DB1A938,개굴닌자 ex,214558,1000,10,0,0,0,0,0,0,2,7600,0,0,0,0,0,0,PSA_ONLY
CRD_91CB67168AB14A918C59,이브이 GX,392716,1500,3,0,0,0,0,0,0,1,15999,8,16749,0,0,0,0,PSA_ONLY
CRD_B71DC5DF10B44392841A,유크시,446911,26800,1,0,0,0,0,0,0,0,0,0,0,0,0,0,0,A_NO_PTS
CRD_663C98F6109848CD9597,이브이 GX,392734,2999,9,0,0,0,0,0,0,0,0,5,16425,0,0,0,0,PSA_ONLY
CRD_75F07C682B69468CA27A,메가메가니움 ex,740166,2899,4,2,3088,3000,4,3088,3000,0,0,0,0,0,0,0,0,A_1M_OK
CRD_ABED7ECAA2C04766839E,피카츄 V,802480,1000,5,0,0,0,0,0,0,0,0,0,0,0,0,0,0,A_NO_PTS
CRD_70914C281622475CA8B8,이브이 GX,392744,3400,10,0,0,0,0,0,0,1,19500,7,19500,0,0,1,7000,PSA_ONLY
CRD_F93C79FD4F1A4ADB8589,성호의 메탕,509418,1980,12,0,0,0,0,0,0,4,7224,20,7500,1,3100,1,3100,PSA_ONLY
CRD_7B2AC59C744C44BF9B8D,엠라이트,446913,0,0,0,0,0,0,0,0,0,0,0,0,0,0,0,0,A_NO_PTS
CRD_B6BEB22D4E0AE7AADC2865D17E9AE564,피카츄 (SWSH020 프로모),93381,30999,68,2,107495,90000,7,127000,90000,15,195000,54,207750,3,71000,10,68200,A_1M_OK
CRD_2252E930246B4993998A,마리의 모르페코,509405,2200,88,3,3300,3500,10,3000,3500,25,9296,82,9475,4,2980,14,2980,A_1M_OK
CRD_C5460BA77BF844449364,아그놈,447025,1280,1,0,0,0,0,0,0,1,98000,1,98000,0,0,0,0,PSA_ONLY
CRD_CCC9B1752D4045849237,라이츄 GX,397420,2555,11,0,0,0,1,2800,2800,0,0,1,12777,0,0,0,0,A_3M_FB
CRD_DF733DFFA0674744AF83,레시라무 ex,425266,0,0,0,0,0,0,0,0,0,0,0,0,0,0,0,0,A_NO_PTS
CRD_D51E4A66843B4E17B6F8,메로엣타,674431,1000,33,1,1470,1470,1,1470,1470,10,6983,46,6981,1,3500,6,2575,A_1M_OK
CRD_4E8F8D42F8524276A6BD,뮤츠 GX,397451,3000,22,1,30000,30000,4,12750,30000,1,66000,9,59800,0,0,1,5980,A_1M_OK
CRD_1C040171393842089CFF,고우스트,674424,2480,54,9,2466,2000,35,2100,2000,31,11633,89,11774,6,4965,23,4000,A_1M_OK
CRD_D62E450DC27F4ACBBA35,자시안 V,326951,2000,1,0,0,0,0,0,0,0,0,0,0,0,0,0,0,A_NO_PTS
CRD_035B0C7E2A9E47CA878C,개굴닌자 ex,129819,1000,2,0,0,0,0,0,0,0,0,0,0,0,0,0,0,A_NO_PTS
CRD_8DE3C0F874CB476BAA7D,마기라스 V,379625,3000,4,0,0,0,0,0,0,0,0,0,0,0,0,0,0,A_NO_PTS
CRD_83ED01B41C3648FCA47B,푸크린 GX,397429,2000,2,0,0,0,0,0,0,0,0,0,0,1,3999,0,0,PSA_ONLY
CRD_405854EB09E342C08AFB,다크라이 ex,214575,1000,9,1,1000,1000,0,0,0,0,0,0,0,0,0,0,0,A_1M_OK
CRD_5F5654DF27524F1385D6,가이오가 ex,425269,9000,1,0,0,0,0,0,0,0,0,0,0,0,0,0,0,A_NO_PTS
CRD_87649DD1BF8243E3895F,피카츄 ex,425270,1000,82,2,1575,1350,23,1700,1350,5,12700,34,14717,0,0,2,4000,A_1M_OK
CRD_D80CF1FA048C431C9F66,글라이온,435661,0,0,0,0,0,0,0,0,0,0,0,0,0,0,0,0,A_NO_PTS
CRD_0A4BC771BE0743608661,에브이 GX,91221,29800,10,0,0,0,0,0,0,3,68000,12,77561,0,0,2,29400,PSA_ONLY
CRD_A8F8B7FADADA4B9C8D2F,자루도 V,380126,1000,1,0,0,0,0,0,0,0,0,0,0,0,0,0,0,A_NO_PTS
CRD_6CC0A5E07CEC4B85923F,미라이돈 ex,129836,0,0,0,0,0,0,0,0,0,0,0,0,0,0,0,0,A_NO_PTS
CRD_86A7F5C65D4D4EF997C0,카푸꼬꼬꼭 ex,425271,0,0,0,0,0,0,0,0,0,0,0,0,0,0,0,0,A_NO_PTS
CRD_95BCC4E4C079449AB3C2,픽시 ex,129838,0,0,0,0,0,0,0,0,0,0,0,0,0,0,0,0,A_NO_PTS
CRD_B6294903334744A58D01,지우의 피카츄,91255,48800,15,0,0,0,0,0,0,1,179000,6,179500,0,0,0,0,PSA_ONLY
CRD_E9C4D238A08646EA997E,M입치트 EX,413372,2000,2,0,0,0,0,0,0,0,0,1,24000,0,0,0,0,PSA_ONLY
CRD_9FA8A518D9414469BEF9,단지래플 V,380121,0,0,0,0,0,0,0,0,0,0,0,0,0,0,0,0,A_NO_PTS
CRD_93D36BC983F24BABBFD1,벰크 BREAK,413375,0,0,0,0,0,0,0,0,0,0,0,0,0,0,0,0,A_NO_PTS
CRD_0F7BC33D863F44F7AA78,오리진 펄기아 V,96643,2200,2,0,0,0,0,0,0,0,0,0,0,0,0,0,0,A_NO_PTS
CRD_F42636A1EA3142B89771,리피아 GX,93047,15800,9,0,0,0,0,0,0,1,53800,4,55025,0,0,0,0,PSA_ONLY
CRD_AA0DD2AA1FBC4EEFABF7,자크로,139589,1000,1,0,0,0,0,0,0,0,0,0,0,0,0,0,0,A_NO_PTS
CRD_B27EE9CB54BE42CFB26C,자크로,126539,1400,2,0,0,0,0,0,0,0,0,0,0,0,0,0,0,A_NO_PTS
CRD_088EFCFA66FD4762A236,파이어로 BREAK,413432,0,0,0,0,0,0,0,0,0,0,0,0,0,0,0,0,A_NO_PTS
CRD_0810CE32B1AB400B95BA,한카리아스&기라티나 GX,104614,4000,4,0,0,0,0,0,0,1,23900,1,23900,0,0,0,0,PSA_ONLY
CRD_1BE9EEDEDD6944B99663,파비코리 EX,389625,0,0,0,0,0,0,0,0,0,0,0,0,0,0,0,0,A_NO_PTS
CRD_5DB81F6CB60742D3952B,찌리배리 ex,120684,1000,4,0,0,0,0,0,0,0,0,0,0,0,0,0,0,A_NO_PTS
CRD_79944D97ECE040D19022,메가자리 ex,730049,1000,33,0,0,0,0,0,0,0,0,0,0,0,0,0,0,A_NO_PTS
CRD_487F923F9A884FFDBD8A,메가개굴닌자 ex,776365,26999,403,29,43114,32745,90,50456,32745,32,73711,85,98442,9,37000,15,39900,A_1M_OK
CRD_128F70C0C950473788AA,브리두라스 ex,358108,1500,2,0,0,0,0,0,0,0,0,0,0,0,0,0,0,A_NO_PTS
CRD_F04EAB8226244033828C,팔데아 토오 ex,160121,1000,3,0,0,0,0,0,0,0,0,0,0,0,0,0,0,A_NO_PTS
CRD_4515FE8F178F464F92D2,다투곰 붉은 달 ex,227634,1000,5,0,0,0,0,0,0,1,6800,2,6900,0,0,0,0,PSA_ONLY
CRD_4EB0074F19194FD08F0B,파라블레이즈 ex,730077,1000,13,0,0,0,0,0,0,0,0,0,0,0,0,0,0,A_NO_PTS
CRD_9E40D9EE7D9844C4868B,레지드래고 V,100552,1000,3,0,0,0,0,0,0,0,0,0,0,0,0,0,0,A_NO_PTS
CRD_A25CB6E36FC71EBDA24B,판초를 입은 피카츄,91223,178000,8,0,0,0,0,0,0,3,535000,12,515000,1,240000,2,229999,PSA_ONLY
CRD_8A3F004027634756AA94,대왕끼리동 ex,120836,1000,4,0,0,0,0,0,0,0,0,0,0,0,0,0,0,A_NO_PTS
CRD_C00E1C8CFE15D51E795F88D9D5D14E94,판쵸 피카츄 (메가 캠페인),91377,65000,50,2,235000,250000,2,235000,250000,13,391333,52,382500,4,212499,14,176500,A_1M_OK
CRD_8EA0FE1484B142468656,명탐정 피카츄,93066,39800,9,0,0,0,0,0,0,0,0,6,136500,0,0,0,0,PSA_ONLY
CRD_906A3DF2C7B04997AE4D,개굴닌자 EX,411675,19500,5,0,0,0,0,0,0,3,58500,6,59250,0,0,2,22500,PSA_ONLY
CRD_C41854F7D20E8756104AAA3F9F81E8EA,요코하마 피카츄 (283),93078,28000,23,1,90000,90000,3,98000,90000,13,180000,38,180000,2,62400,12,61900,A_1M_OK
CRD_669F982DB44549EFB5E2,견고라스 EX,411777,50000,1,0,0,0,0,0,0,0,0,0,0,0,0,0,0,A_NO_PTS
CRD_7ADE94812E08415390CB,제크로무 GX,107551,23800,15,0,0,0,0,0,0,0,0,11,64800,0,0,2,13890,PSA_ONLY
CRD_8F205E645B108BEC8791C00BDAD3271D,교토 피카츄,91423,89999,23,0,0,0,0,0,0,13,365000,33,354999,4,154000,9,145000,PSA_ONLY
CRD_FEC343BD9F0F4A36ABE1,사마자르 V,139584,0,0,0,0,0,0,0,0,0,0,0,0,0,0,0,0,A_NO_PTS
CRD_38D221213CD04120860A,총지엔 ex,156409,1000,5,0,0,0,0,0,0,0,0,0,0,0,0,0,0,A_NO_PTS
CRD_D0F99DC13CF34DFD957C,오리진 펄기아 V,103062,1000,4,0,0,0,0,0,0,0,0,0,0,0,0,0,0,A_NO_PTS
CRD_EDD80B822E564D249409,악비아르 EX,411701,0,0,0,0,0,0,0,0,0,0,0,0,0,0,0,0,A_NO_PTS
CRD_58AEBF1133424C8B92C1,저승갓숭 ex,118632,1000,2,0,0,0,0,0,0,0,0,0,0,0,0,0,0,A_NO_PTS
CRD_4500844A9586482C906C,이브이&잠만보 GX,107497,30000,63,0,0,0,6,39249,48000,17,79800,56,81030,1,33000,15,29974,A_3M_FB
CRD_11E8AAB5199A493C9515,더시마사리 GX,389191,2500,1,0,0,0,0,0,0,0,0,0,0,0,0,0,0,A_NO_PTS
CRD_6EED812BE5FE4E45BB0A,다크라이 GX,91355,9500,9,0,0,0,0,0,0,0,0,3,94444,0,0,1,35000,PSA_ONLY
CRD_64EEDFC9E563497FA922,루자미네,91325,80000,38,1,140000,140000,3,159999,140000,10,444500,33,460000,0,0,2,132499,A_1M_OK
CRD_D43499400639421BA34A,한카리아스 EX,413438,22222,1,0,0,0,0,0,0,0,0,0,0,0,0,0,0,A_NO_PTS
CRD_D0443324171B2CC0D77258357000A417,스탬프박스 피카츄,91118,350000,120,0,0,0,0,0,0,29,650000,85,695000,4,337250,16,365000,PSA_ONLY
CRD_63F5B0FD4B07476CB192,파오젠 ex,120833,1000,4,0,0,0,0,0,0,2,7500,2,7500,0,0,0,0,PSA_ONLY
CRD_15AD6DF96106438BA899,쥬피썬더 EX,106290,8500,9,0,0,0,1,7000,7000,3,22000,7,28000,0,0,0,0,A_3M_FB
CRD_7AC86543E266416EBBF3,오리진 펄기아 V,91141,12500,46,2,10999,11000,13,11000,11000,12,28500,39,30100,1,12500,2,12250,A_1M_OK
CRD_7DED027B94C6483F9495,알로라텅구리GX,407404,29999,1,0,0,0,0,0,0,2,32500,0,0,0,0,0,0,PSA_ONLY
CRD_0421FACBD6704E71B2CE,입치트 EX,413371,1000,2,0,0,0,0,0,0,0,0,0,0,0,0,0,0,A_NO_PTS
CRD_78C5517A0AB142AC8502,나인테일 EX,413379,1800,5,0,0,0,0,0,0,0,0,0,0,0,0,0,0,A_NO_PTS
CRD_4DA4E6DE9B234E42BAE2,총지엔 ex,118633,1000,5,1,1800,1800,1,1800,1800,1,10000,3,8000,0,0,0,0,A_1M_OK
CRD_2B0E8A61C671491BBA15,카푸꼬꼬꼭 GX,107560,18500,1,0,0,0,0,0,0,0,0,0,0,0,0,0,0,A_NO_PTS
CRD_CE3692D573244C4CB4EA,주혜,91142,5400,148,2,6649,6300,4,6699,6300,21,14635,69,17525,5,6000,10,6150,A_1M_OK
CRD_8E484372B84147938583,경채,139590,0,0,0,0,0,0,0,0,0,0,0,0,0,0,0,0,A_NO_PTS
CRD_8C028EC35A4A49469342,난천의 한카리아스 ex,531303,99000,1,0,0,0,0,0,0,0,0,0,0,0,0,0,0,A_NO_PTS
CRD_32D88C6671424AA28280,카푸꼬꼬꼭 GX,335882,0,0,0,0,0,0,0,0,0,0,0,0,0,0,0,0,A_NO_PTS
CRD_FA27D6FC488F4ABEAE4F,사마자르 VSTAR,139588,0,0,0,0,0,0,0,0,0,0,0,0,0,0,0,0,A_NO_PTS
CRD_0B188D85E3A44B03D1BA,판초를 입은 이브이,91234,480000,6,0,0,0,0,0,0,0,0,4,465000,0,0,2,167500,PSA_ONLY
CRD_3BB0CBC7ABDE40CC8213,알로라고지 GX,407867,0,0,0,0,0,0,0,0,0,0,0,0,0,0,0,0,A_NO_PTS
CRD_84956B7620D249279F78,기라티나(프리즘스타) [오리진폼],396040,4000,6,0,0,0,0,0,0,0,0,5,39800,0,0,0,0,PSA_ONLY
CRD_143F9BB41FBA43D5B5DE,야도킹 ex,120782,1000,3,0,0,0,0,0,0,0,0,0,0,0,0,0,0,A_NO_PTS
CRD_0916BCC640C24E4088BB,드닐레이브,120827,2000,10,0,0,0,1,1000,1000,4,9500,13,8800,1,3498,1,3498,A_3M_FB
CRD_1F7AA893695B4F56A551,M보만다 EX,413444,5000,12,1,9490,9490,1,9490,9490,4,32750,8,32750,0,0,1,10000,A_1M_OK
CRD_53220555F67B44E18651,달코퀸 GX,403554,30000,2,0,0,0,0,0,0,0,0,0,0,0,0,0,0,A_NO_PTS
CRD_CB69C20D58AF4D51A9AF,번치코 EX,411771,4600,4,0,0,0,0,0,0,0,0,0,0,0,0,0,0,A_NO_PTS
CRD_1FC4B3E18BB94A0EB6CC,아머드 뮤츠,107574,4800,170,9,44500,54305,28,40000,54305,12,168333,46,170499,5,39800,24,39800,A_1M_OK
CRD_3D1314647FED4C4BB1D1,루가루암 GX,106126,19800,1,0,0,0,0,0,0,0,0,0,0,0,0,0,0,A_NO_PTS
CRD_D4EFCEF0EEB948B7B754,아고용 GX,338392,0,0,0,0,0,0,0,0,0,0,0,0,0,0,0,0,A_NO_PTS
CRD_56AEEC243AFF49348A6E,대왕끼리동 ex,120805,1000,2,0,0,0,0,0,0,0,0,0,0,0,0,0,0,A_NO_PTS
CRD_85DA754292A84C40923E,지우개굴닌자 EX,169062,8000,25,0,0,0,1,34980,34980,5,158000,19,128000,4,38943,7,38888,A_3M_FB
CRD_98BE07D514F34C678851,피카츄,107450,27800,12,1,45000,45000,2,41388,45000,3,125000,14,130000,2,27950,4,28000,A_1M_OK
CRD_33CA09BF26188C6BDA6EA9F79332A025,판쵸 피카츄 (리자몽 X),91389,1150000,23,0,0,0,0,0,0,8,3685000,17,3500000,0,0,0,0,PSA_ONLY
CRD_0A903CAA6FAE43DA81D3,M프테라 EX,413369,7800,4,0,0,0,0,0,0,1,20000,4,19000,0,0,0,0,PSA_ONLY
CRD_367674FDDC443996584B85A2030A01A3,판쵸 피카츄 (가라도스),91391,1890000,8,0,0,0,0,0,0,4,1920000,18,1869000,0,0,0,0,PSA_ONLY
CRD_50B50B0ABF4D437598F7,마임맨 GX,404467,0,0,0,0,0,0,0,0,0,0,0,0,0,0,0,0,A_NO_PTS
CRD_5C104F12C3C94EE49C84,명탐정 피카츄,93080,39800,16,1,49056,49056,5,55555,49056,5,120000,14,141374,1,39000,2,41999,A_1M_OK
CRD_01AD02026ECC4FEDBF4F,이상해꽃 EX,413428,17800,4,0,0,0,0,0,0,0,0,1,12800,0,0,0,0,PSA_ONLY
CRD_E604CAA8F82C48FB8EDF,사마자르 V,139554,0,0,0,0,0,0,0,0,0,0,0,0,0,0,0,0,A_NO_PTS
CRD_318B01AFB53C42318601,더시마사리 GX,389217,0,0,0,0,0,0,0,0,0,0,0,0,0,0,0,0,A_NO_PTS
CRD_787EEE4CA17C4384B003,경채,126540,1000,3,0,0,0,0,0,0,0,0,0,0,0,0,0,0,A_NO_PTS
CRD_E1B6948E73434311B499,피카츄 EX,107388,13000,39,0,0,0,1,98000,98000,9,170000,25,179250,2,75000,11,69800,A_3M_FB
CRD_EA0059F230D4B436EAE5B890AB606333,판쵸 피카츄 (리자몽 Y),126338,1650000,12,0,0,0,0,0,0,7,2600000,16,2600000,0,0,2,1549000,PSA_ONLY
CRD_6048FC300CB84CADAB99,리자몽 EX,91424,7776,10,0,0,0,0,0,0,0,0,1,218000,0,0,0,0,PSA_ONLY
CRD_485ACB25D5DE4A248426,그푸리,120822,1000,9,0,0,0,0,0,0,1,6610,8,6750,0,0,0,0,PSA_ONLY
CRD_6412506A2B9B42B895C2,대짱이 EX,411781,29300,5,0,0,0,0,0,0,0,0,0,0,0,0,0,0,A_NO_PTS
CRD_243B025EA81342949B2D,피카츄,475194,1000,229,15,2000,1900,58,2053,1900,30,15040,91,14849,9,3977,38,3500,A_1M_OK
CRD_278AFBE27D01417B9CBC,칼라마네로,411774,0,0,0,0,0,0,0,0,0,0,0,0,0,0,0,0,A_NO_PTS
CRD_2BE4A0CA25944D3292C7,히드런 V,139583,1000,1,0,0,0,0,0,0,0,0,0,0,0,0,0,0,A_NO_PTS
CRD_A126650873921A29A1AC79F0125D6C30,요코하마 피카츄 (282),93050,26800,23,0,0,0,0,0,0,6,240500,19,249500,2,101000,8,94000,PSA_ONLY
CRD_AAA1B0D73E594E6E9585,나옹,441212,6500,116,1,10000,10000,4,13888,10000,20,26662,70,27864,1,13500,6,9749,A_1M_OK
CRD_A63442582F7F4F8BABC9,볼케니온(프리즘스타),396019,0,0,0,0,0,0,0,0,0,0,0,0,0,0,0,0,A_NO_PTS
CRD_64121CF918D94791A1DD,솔가레오 GX,335919,3333,1,0,0,0,0,0,0,0,0,0,0,0,0,0,0,A_NO_PTS
CRD_D56048415DA2405E9DBC,피카츄 V,334017,6980,83,3,7733,7733,25,9000,7733,15,28096,46,31999,0,0,3,7000,A_1M_OK
CRD_E5592716F10843B68C39,다크라이(프리즘스타),396059,1500,14,1,5980,5980,4,6500,5980,1,32500,9,31750,0,0,1,3980,A_1M_OK
CRD_0F321114788E4CC0A5AB,플라이곤 EX,411759,14480,3,0,0,0,0,0,0,0,0,0,0,0,0,0,0,A_NO_PTS
CRD_C3E80F835D1B41C5B9F7,가이오가,411785,30000,5,0,0,0,0,0,0,0,0,0,0,0,0,0,0,A_NO_PTS
CRD_2E16148F22B445A2B1F9,솔가레오(프리즘스타),336650,2222,2,0,0,0,0,0,0,0,0,0,0,0,0,0,0,A_NO_PTS
CRD_D7F264F5E2C34408ADC5,멜메탈 GX,407422,1000,4,0,0,0,0,0,0,0,0,0,0,0,0,0,0,A_NO_PTS
CRD_262F67E35B964E6B9C67,야도킹 ex,120834,1000,5,0,0,0,2,1347,1444,3,10000,11,9800,0,0,0,0,A_3M_FB
CRD_DFDF0BC26A204FDE9CDC,님피아 GX,91362,44000,13,0,0,0,1,37500,37500,3,137000,8,131500,1,40000,1,40000,A_3M_FB
CRD_7EBB72125E6E436B8589,피카츄,93081,5000,25,1,50000,50000,4,47222,50000,0,0,3,278000,1,32600,4,34700,A_1M_OK
CRD_10E17E66F341491EB014,조로아크 GX,390959,2222,2,0,0,0,0,0,0,0,0,0,0,0,0,0,0,A_NO_PTS
CRD_C55004D65BC742D6A174,모래성이당 GX,403611,0,0,0,0,0,0,0,0,0,0,0,0,0,0,0,0,A_NO_PTS
CRD_CD533CB08B8E4E75BD7E,염뉴트 GX,335523,0,0,0,0,0,0,0,0,0,0,0,0,0,0,0,0,A_NO_PTS
CRD_79D926D3E72B4438C2AB,팀 플라즈마 보스 피카츄,91228,109000,5,0,0,0,0,0,0,0,0,5,400000,0,0,0,0,PSA_ONLY
CRD_57BF36837D354F8B8535,블래키 GX,91219,180000,22,0,0,0,0,0,0,5,258000,15,260000,2,94000,5,97000,PSA_ONLY
CRD_EC2A05A657CA48619633,칠색조 GX,335863,3500,4,1,3480,3480,0,0,0,0,0,0,0,0,0,0,0,A_1M_OK
CRD_BFE18CF6495A4D4DBB92,디안시(프리즘스타),334610,0,0,0,0,0,0,0,0,0,0,0,0,0,0,0,0,A_NO_PTS
CRD_75EF99D62A3D4947A330,루나아라 GX,335899,0,0,0,0,0,0,0,0,0,0,0,0,0,0,0,0,A_NO_PTS
CRD_911E14A963AE45CB944E,저승갓숭 ex,120835,1000,5,0,0,0,0,0,0,0,0,1,7400,0,0,0,0,PSA_ONLY
CRD_D0C1C5D1A0D94833B4EC,아고용 GX,338420,0,0,0,0,0,0,0,0,0,0,0,0,0,0,0,0,A_NO_PTS
CRD_AA4A41F8F67F4044A169,레쿠쟈 EX,411767,3000,80,2,75000,60000,5,80000,60000,2,279166,20,222500,3,85000,9,65800,A_1M_OK
CRD_95F74899B927469997D4,아세로라,91354,130000,23,0,0,0,0,0,0,11,1550000,22,1550000,1,300000,2,349500,PSA_ONLY
CRD_0099D36F822141DF8467,체렌,585229,5980,6,0,0,0,1,3333,3333,1,11000,8,12000,0,0,0,0,A_3M_FB
CRD_43A31E18194141E18BFC,피카츄 VMAX,91130,14000,70,0,0,0,11,46000,34000,20,74450,59,85000,0,0,4,30125,A_3M_FB
CRD_7C974FE36E964EB996DB,누리레느 GX,106175,0,0,0,0,0,0,0,0,0,0,0,0,0,0,0,0,A_NO_PTS
CRD_7F6CC76C333E432E9B6A,피카츄 V,727720,1500,68,3,3050,3280,12,3650,3280,4,19306,23,19280,0,0,2,5410,A_1M_OK
CRD_FD0EEE3A4AF547399878,후파,408743,5555,115,3,99900,98000,8,82500,98000,12,386000,32,348750,6,85200,16,74499,A_1M_OK
CRD_B54A04C4DD0844DE9B5E,히드런 VMAX,139529,1500,2,0,0,0,0,0,0,0,0,0,0,0,0,0,0,A_NO_PTS
CRD_4D2AB79A057148E8BE39,엘레이드 EX,411737,0,0,0,0,0,0,0,0,0,0,0,0,0,0,0,0,A_NO_PTS
CRD_C37F7B571BA54B66B848,보만다 EX,413442,0,0,0,0,0,0,0,0,0,0,0,0,0,0,0,0,A_NO_PTS
CRD_3A3F2713FE8C47F69F71,캥카 GX,407431,0,0,0,0,0,0,0,0,0,0,0,0,0,0,0,0,A_NO_PTS
CRD_0C103A2D31494C7580E2,오리진 펄기아 VSTAR,96637,19990,2,1,2500,2500,0,0,0,0,0,0,0,0,0,0,0,A_1M_OK
CRD_E556E0ACF3B040059DC9,오리진 펄기아 VSTAR,139537,0,0,0,0,0,0,0,0,0,0,0,0,0,0,0,0,A_NO_PTS
CRD_0FF5AA22F1EE4EE0BE22,루가루암 GX,335906,0,0,0,0,0,0,0,0,0,0,0,0,0,0,0,0,A_NO_PTS
CRD_74FA58390E8E48D397F0,조로아크 GX,105480,7500,3,0,0,0,0,0,0,0,0,0,0,0,0,0,0,A_NO_PTS
CRD_916F9928C49D4260B334,라이치,91248,13800,9,0,0,0,0,0,0,0,0,3,33000,0,0,0,0,PSA_ONLY
CRD_301C4EFCC282412B9BCC,뮤츠 GX,335886,4000,7,0,0,0,1,8000,8000,0,0,1,29800,0,0,0,0,A_3M_FB
CRD_12EFBAE37D35433DB103,명탐정 피카츄,135232,27000,270,27,38324,40333,78,37866,40333,31,71060,92,72745,8,30200,25,29800,A_1M_OK
CRD_F6D22923C4964376ADC7,피카츄,134393,1000,316,20,2044,1900,75,2202,1900,31,14201,92,14276,13,4750,54,4385,A_1M_OK
CRD_FFF8E815F394423595FC,라이츄 GX,105478,50000,2,0,0,0,0,0,0,0,0,0,0,0,0,0,0,A_NO_PTS
CRD_19B52BB682954C4DB699,루기아 V,100554,1000,56,3,2000,1800,15,1800,1800,9,12800,33,12750,0,0,4,3450,A_1M_OK
CRD_7DD7D9F40504433E96CA,지우의 피카츄,91258,29800,18,0,0,0,0,0,0,0,0,4,176000,0,0,1,70000,PSA_ONLY
CRD_0BDAE7D89E874FAF958A,레시라무 EX,91551,12000,7,0,0,0,0,0,0,1,370000,2,310000,0,0,1,50000,PSA_ONLY
CRD_62C3A4F356F74487824A,님피아 GX,335922,2300,9,0,0,0,0,0,0,0,0,2,23250,0,0,1,8800,PSA_ONLY
CRD_B99867335AE14F658107,코라이돈,111991,9800,45,0,0,0,2,8749,10000,8,20500,28,25500,0,0,0,0,A_3M_FB
CRD_B79D24DCE63448C89A53,피나,120842,1000,5,0,0,0,0,0,0,0,0,0,0,0,0,0,0,A_NO_PTS
CRD_9B43E03D5DF442759E58,염뉴트 GX,106125,0,0,0,0,0,0,0,0,0,0,0,0,0,0,0,0,A_NO_PTS
CRD_5D04471E96A84B7CB7F4,디아루가 GX,336652,4000,1,0,0,0,0,0,0,1,8800,2,8800,0,0,0,0,PSA_ONLY
CRD_1497BC4BBC0A034B7E00921E88FE436E,루이지 피카츄,91401,970000,10,0,0,0,0,0,0,8,985000,18,995000,1,590000,2,595000,PSA_ONLY
CRD_20E1890D79D254945C3E00F70560A986,스카루단 고꼬 피카츄,91218,755000,13,0,0,0,0,0,0,5,1890000,19,1880000,0,0,2,975000,PSA_ONLY
CRD_CF5D258E4C4326F86707666D9357D5A2,요코하마 피카츄 (WCS),93067,190000,8,0,0,0,0,0,0,1,310000,9,350000,0,0,1,170000,PSA_ONLY
CRD_549320962C484F599EC6,카푸나비나 GX,112750,1000,5,0,0,0,0,0,0,0,0,0,0,0,0,0,0,A_NO_PTS
CRD_D9FDD63E25B848EAAE06,카푸꼬꼬꼭(프리즘스타),396031,0,0,0,0,0,0,0,0,0,0,0,0,0,0,0,0,A_NO_PTS
CRD_BC643F61B6A0A15DA4F179160FCF9B92,뭉크 피카츄,100090,480212,40,0,0,0,1,740000,740000,8,2322500,33,2350000,2,1275000,9,1100000,A_3M_FB
CRD_7341FC41F0D143948B61,잠만보 GX,403322,1400,61,1,2400,2400,7,2970,2400,10,15500,37,16849,0,0,10,3383,A_1M_OK
CRD_4B160DDD24C54ACA8B72,피카츄,411795,14800,9,0,0,0,0,0,0,1,205000,8,202499,1,50000,1,50000,PSA_ONLY
CRD_F44C2F2640AB4792CB65,포켓몬 카드 페스타 피카츄,91220,132000,20,0,0,0,1,200000,200000,6,515000,19,488000,1,220000,1,220000,A_3M_FB
CRD_F7B668AA293A48758034,깨비드릴조,411760,0,0,0,0,0,0,0,0,0,0,0,0,0,0,0,0,A_NO_PTS
CRD_E930F6192B8A47DA8248,카푸브루루 GX,106124,0,0,0,0,0,0,0,0,0,0,0,0,0,0,0,0,A_NO_PTS
CRD_D90EA6EE600D4876BBB4,드니차,120825,1000,8,0,0,0,2,1000,1000,5,7700,9,7700,0,0,0,0,A_3M_FB
CRD_38C95B5BCA84434CADBB,나무킹 EX,411801,2980,1,0,0,0,0,0,0,0,0,0,0,0,0,0,0,A_NO_PTS
CRD_96FACEB498654D5F9837,이븐곰 GX,403473,0,0,0,0,0,0,0,0,0,0,0,0,0,0,0,0,A_NO_PTS
CRD_0902F4E6CC9047A98559,피카츄,332798,7000,180,12,12250,18000,58,11266,18000,30,35124,87,39000,14,8200,42,8975,A_1M_OK
CRD_0C248A94127B49FB8F15,라이츄 GX,390937,5000,2,0,0,0,0,0,0,0,0,0,0,0,0,1,6800,PSA_ONLY
CRD_B3CB2A5036FD42688BA6,비크티니,585230,84980,57,5,100000,110000,28,102500,110000,26,236750,72,234101,2,83625,20,87489,A_1M_OK
CRD_72D59C5B494A40E7BB6B,페로코체 GX,335962,0,0,0,0,0,0,0,0,0,0,0,0,0,0,0,0,A_NO_PTS
CRD_C117A9E19A5E433BA318,팔데아 우파,441213,1500,21,1,3000,3000,3,2400,3000,7,6700,30,6762,1,2600,2,2550,A_1M_OK
CRD_C13EA4410A084742AAA9,앤테이 GX,390919,3000,7,0,0,0,0,0,0,0,0,0,0,0,0,0,0,A_NO_PTS
CRD_906D53B007894C89866E,뮤츠 GX,93052,3800000,4,0,0,0,0,0,0,0,0,2,3625000,0,0,1,1780000,PSA_ONLY
CRD_E8F5B14A895540C6860E,제르네아스(프리즘스타),335614,5000,1,0,0,0,0,0,0,0,0,0,0,0,0,0,0,A_NO_PTS
CRD_D9FD0C12886E494286DB,쉐이미 EX,404638,26800,3,0,0,0,0,0,0,0,0,0,0,0,0,0,0,A_NO_PTS
CRD_4B1E14482DF6442A8088,뮤츠 EX,413377,29800,6,0,0,0,0,0,0,0,0,5,60000,0,0,1,19800,PSA_ONLY
CRD_721C06FA7E914D659B80,크로뱃 V,141122,0,0,0,0,0,0,0,0,0,0,0,0,0,0,0,0,A_NO_PTS
CRD_CDF7188601734FA48B24,피카츄,298872,5010,68,3,10000,10000,14,12750,10000,10,41000,41,47800,0,0,7,12000,A_1M_OK
CRD_7EFD5641401A41AC9D8D,펄기아 GX,105384,35000,1,0,0,0,0,0,0,0,0,1,22000,0,0,0,0,PSA_ONLY
CRD_AE113DCC3BAE4D84AB6A,뮤츠 GX,91336,19800,26,0,0,0,3,54000,54000,0,0,8,197000,1,56000,4,39000,A_3M_FB
CRD_D9FA88BC123C41F9B448,라프라스 ex,659340,1100,2,0,0,0,0,0,0,0,0,0,0,0,0,0,0,A_NO_PTS
CRD_5C57E2D4DFC8419EAFAA,거북왕 EX,413429,11000,4,0,0,0,0,0,0,2,17000,3,15000,0,0,1,3823,PSA_ONLY
CRD_4FFBC5FEC7274C13BE41,쉐이미 EX,91413,185000,9,0,0,0,0,0,0,2,267500,7,220950,0,0,0,0,PSA_ONLY
CRD_1A2192604CAF4EA98918,뮤츠 EX,91635,30000,3,0,0,0,0,0,0,0,0,0,0,0,0,0,0,A_NO_PTS
CRD_E4EBDAAC420B49DFB73D,비크티니,586847,3000,35,3,3500,3500,5,3380,3500,14,13099,47,12000,1,3000,4,3000,A_1M_OK
CRD_E81BE663681D40F082FC,피카츄,104514,48000,131,7,75000,74000,34,71166,74000,28,118640,85,130396,1,59800,8,57000,A_1M_OK
CRD_94DDE31A7F814C7DA629,지우의 피카츄,91259,14000,28,0,0,0,0,0,0,1,170000,8,216750,2,66999,4,77499,PSA_ONLY
CRD_494E55E7C59E4B6DA4E3,야도란 EX,413446,6280,1,0,0,0,0,0,0,1,28000,9,26900,0,0,0,0,PSA_ONLY
CRD_F77DAEEA7C14482FBA51,철화구야 GX,335964,15800,2,0,0,0,0,0,0,0,0,0,0,0,0,0,0,A_NO_PTS
CRD_DBCFA7ECE36342E69356,리자몽 EX,182581,4200,70,3,43800,43800,9,40000,43800,4,151250,21,160000,3,46000,5,46000,A_1M_OK
CRD_133D1F0A2A76442793E4,페로코체 GX,335862,0,0,0,0,0,0,0,0,0,0,0,0,0,0,0,0,A_NO_PTS
CRD_56E74A6F8ED840E5855A,뮤츠 GX,134005,288000,15,0,0,0,0,0,0,4,515000,22,541000,2,266000,3,287000,PSA_ONLY
CRD_E977782F22B64633B5B6,데덴네 GX,396030,1500,12,1,1480,1480,2,1940,1480,1,19800,3,13900,0,0,0,0,A_1M_OK
CRD_34771CA932624EF8993A,독침붕 V,96640,5000,8,3,4500,4800,5,4100,4800,2,13074,14,11249,0,0,0,0,A_1M_OK
CRD_BA7E5BDFBF2443BBB5C7,가이오가 EX,91632,44444,4,0,0,0,0,0,0,1,399500,3,300000,0,0,2,67999,PSA_ONLY
CRD_9AA3BC6CA44A482D92F5,뮤츠 EX,410278,1500,2,0,0,0,0,0,0,0,0,0,0,0,0,0,0,A_NO_PTS
CRD_B3FA890225FF38CC4DBE123ABCCB9B93,판쵸 피카츄 (메가도쿄),91422,50000,69,0,0,0,0,0,0,11,464000,45,438500,8,217500,26,195750,PSA_ONLY
CRD_21AA8DB739564F3E9CA5,피카츄,403513,31000,11,0,0,0,0,0,0,0,0,4,100000,0,0,0,0,PSA_ONLY
CRD_1BD0376A3CA8485BB302,릴리에,91323,358000,63,0,0,0,0,0,0,12,2300000,30,2574000,5,600000,10,635000,PSA_ONLY
CRD_3AEB0958DF704E919E03,M야도란 EX,413447,9980,6,0,0,0,1,18000,18000,4,47250,15,40000,0,0,1,12000,A_3M_FB
CRD_7670562F15A640309F43,거북왕 EX,106321,9800,2,0,0,0,0,0,0,1,18000,3,18000,0,0,1,7800,PSA_ONLY
CRD_39C73BE28BA84C03307F1717CAA31C9E,루이지 피카츄 (296),91390,1350000,11,0,0,0,0,0,0,7,2720000,14,2720000,0,0,3,1250000,PSA_ONLY
CRD_F2CFA15607F1FDEA1BCF0CF34AD4E71C,판쵸 피카츄 (메가도쿄 2),91373,3500000,2,0,0,0,0,0,0,2,3240000,3,3180000,1,1200000,1,1200000,PSA_ONLY
CRD_1C7DCAE87E334BB2AA8B,히드런 V,139528,0,0,0,0,0,0,0,0,0,0,0,0,0,0,0,0,A_NO_PTS
CRD_010576BAD6694C708F4E,고디보미,120828,1000,7,0,0,0,0,0,0,1,7000,5,6933,0,0,0,0,PSA_ONLY
CRD_CA8791D1D7B746459F70,파오젠 ex,120843,1950,6,0,0,0,0,0,0,0,0,0,0,0,0,0,0,A_NO_PTS
CRD_2F1F77D90BA84F3E8C7D,피카츄,334018,8600,93,6,13800,14933,28,16991,14933,21,41499,70,42625,4,13500,18,12000,A_1M_OK
CRD_144F4E4E8E2B4DBD8115,괴력몬 GX,106123,32000,1,0,0,0,0,0,0,0,0,0,0,0,0,0,0,A_NO_PTS
CRD_0E12AB50D23D4953B0AF,꿈트렁,120830,1000,6,0,0,0,0,0,0,0,0,1,6666,0,0,0,0,PSA_ONLY
CRD_BD9788C17AE247EC9735,모크나이퍼 GX,389168,0,0,0,0,0,0,0,0,0,0,0,0,0,0,0,0,A_NO_PTS
CRD_F40F80C9CA87094FB525D9D9A3C25C9E,마리오 피카츄,91385,1580000,16,0,0,0,0,0,0,6,4965000,12,4863888,0,0,0,0,PSA_ONLY
CRD_F7266F095112499DA31C,프테라 EX,413368,15000,1,0,0,0,0,0,0,0,0,0,0,0,0,0,0,A_NO_PTS
CRD_092D58F7609842FEA757,베라카스,117187,1000,2,0,0,0,0,0,0,4,6400,8,6625,0,0,0,0,PSA_ONLY
CRD_BE950F4C173D4903A25D,빙큐보,120824,1000,5,0,0,0,0,0,0,1,6633,2,6966,0,0,0,0,PSA_ONLY
CRD_6E9E05529FE044859508,미라이돈,111992,25000,117,0,0,0,2,22000,22000,9,32000,36,33154,1,18000,1,18000,A_3M_FB
CRD_170047638AA24C9D8581,솔가레오(프리즘스타),336650,2222,2,0,0,0,0,0,0,0,0,0,0,0,0,0,0,A_NO_PTS
CRD_C52365D9FE2D440FAF36,피나,120839,1000,7,0,0,0,0,0,0,0,0,0,0,0,0,0,0,A_NO_PTS
CRD_7C055CB02C3D4C798554,흉내내기 피카츄,127035,25000,77,4,74249,69900,9,80000,69900,18,151083,52,155000,8,48395,29,46000,A_1M_OK
CRD_B9B998819A564DE3991A,마릴,120823,1980,25,3,2650,2300,12,1000,2300,3,9800,17,10000,1,2900,1,2900,A_1M_OK
CRD_F1F1BB3E1E7544FD801E,모야모의 찌리비,485638,1500,326,15,2750,2750,53,3300,2750,31,7300,91,7490,9,2949,27,2888,A_1M_OK
CRD_D7F007D1EFC04DE9A1AF,뮤츠 EX,413376,4000,9,1,5000,5000,1,5000,5000,0,0,4,54700,0,0,1,18800,A_1M_OK
CRD_F5378ABA3B3E4D73A064,명탐정 피카츄,407831,5780,52,2,22400,25000,5,20000,25000,6,59500,26,68450,1,15800,3,21000,A_1M_OK
CRD_884CDFFE6A873A39565CEB82B1769CBA,마리오 피카츄 (293),91399,780000,12,0,0,0,0,0,0,5,1448000,18,1490000,0,0,1,600000,PSA_ONLY
CRD_DD8827F892AE449986D4,파오젠 ex,117185,1000,5,0,0,0,0,0,0,0,0,0,0,0,0,0,0,A_NO_PTS
CRD_6601BE7A1DE143349FA6,히스이 포푸니크 V,139558,0,0,0,0,0,0,0,0,0,0,0,0,0,0,0,0,A_NO_PTS
CRD_B4DD248887AA402E79E6048CF14A6FA5,판쵸 피카츄 (레쿠쟈),91396,679800,20,0,0,0,0,0,0,11,2200000,24,2200000,0,0,1,1100000,PSA_ONLY
CRD_2C540CA835784066A98A,M메타그로스 EX,411747,4000,6,0,0,0,0,0,0,4,25400,6,28370,0,0,1,7800,PSA_ONLY
CRD_174D03650DD04FAB90ED,볼케니온(프리즘스타),334586,0,0,0,0,0,0,0,0,0,0,0,0,0,0,0,0,A_NO_PTS
CRD_2165621DAD614A36A40F,지우의 피카츄,91257,23800,12,0,0,0,0,0,0,1,153634,9,164000,0,0,2,43250,PSA_ONLY
CRD_B3BF8D31D9204782972A,펄기아 GX,338379,3000,1,0,0,0,0,0,0,0,0,1,8500,0,0,0,0,PSA_ONLY
CRD_DFD10196385043FBAE04,누리레느 GX,389181,0,0,0,0,0,0,0,0,0,0,0,0,0,0,0,0,A_NO_PTS
CRD_93B44E38ADC1449B84C7,냐오닉스 EX,413381,1300,2,0,0,0,0,0,0,0,0,0,0,0,0,0,0,A_NO_PTS
CRD_0772C5CF7513F14CB993C2F4FEE4944E,판쵸 피카츄 (레쿠쟈 2),91397,790000,27,0,0,0,0,0,0,7,2540000,19,2520000,1,1100000,3,1100000,PSA_ONLY
CRD_77E23D6E57A144EB9BD7,지가르데 GX,404455,7000,1,0,0,0,0,0,0,0,0,0,0,0,0,0,0,A_NO_PTS
CRD_AFB2E1221F7B49C4B30F,M팬텀 EX,411732,22000,36,1,87899,87899,4,93500,87899,10,208750,39,189000,3,82000,7,69000,A_1M_OK
CRD_7F68718FF9574B39A05A,루나아라(프리즘스타),338328,3000,4,0,0,0,0,0,0,0,0,0,0,0,0,0,0,A_NO_PTS
CRD_B6DC45093C334784875A,맥실러,105385,11010,1,0,0,0,0,0,0,0,0,1,6980,1,3000,2,2250,PSA_ONLY
CRD_1EDE2D3DF6644957B409,기라티나(프리즘스타),338326,6000,1,1,11111,11111,1,11111,11111,0,0,3,35800,0,0,1,7300,A_1M_OK
CRD_C01B9679589B47678C03,피카츄,404453,5900,10,0,0,0,2,18500,19000,1,49999,2,49899,1,14444,1,14444,A_3M_FB
CRD_4CA4DA6436B34162B705,카푸느지느 GX,106121,0,0,0,0,0,0,0,0,0,0,0,0,0,0,0,0,A_NO_PTS
CRD_CCDCA7F8737A49DAA053,하우,91253,18000,5,0,0,0,0,0,0,0,0,1,25000,0,0,0,0,PSA_ONLY
CRD_6C71D38CA03A4D73A6F4,카푸브루루 GX,335520,0,0,0,0,0,0,0,0,0,0,0,0,0,0,0,0,A_NO_PTS
CRD_16CF32D4C1234DB68301,어흥염 GX,106174,0,0,0,0,0,0,0,0,0,0,0,0,0,0,0,0,A_NO_PTS
CRD_499466BB5F6A45A9BEAE,그루샤,120841,4600,31,2,5150,4800,3,4800,4800,6,18874,18,18695,0,0,5,4680,A_1M_OK
CRD_F7D0CB0E8461416296C4,드니꽁,120826,1500,5,0,0,0,2,1245,1490,6,7689,11,7300,0,0,0,0,A_3M_FB
CRD_DB67FF4AD9D943BF9366,라티오스(프리즘스타),334393,2000,11,0,0,0,0,0,0,1,27000,9,25000,0,0,1,8000,PSA_ONLY
CRD_E070D0BFD0812AE7FEE1,판초를 입은 이브이,91235,169800,4,0,0,0,0,0,0,1,470000,6,490000,0,0,3,149800,PSA_ONLY
CRD_6B89BCF215104ABCA86A,샤미드 EX,127033,4800,19,0,0,0,0,0,0,4,29900,21,29999,1,8000,2,6777,PSA_ONLY
CRD_4EF712E5DEDB420796AE,독침붕 V,139582,2000,1,0,0,0,0,0,0,0,0,0,0,0,0,0,0,A_NO_PTS
CRD_4DFB7837ADC84D93A7EE,제크로무 GX,91217,640000,6,0,0,0,0,0,0,3,646000,14,564000,1,300000,2,260000,PSA_ONLY
CRD_A9C9A530BD584DDBB671,아마루르가 EX,411805,0,0,0,0,0,0,0,0,0,0,0,0,0,0,0,0,A_NO_PTS
CRD_9A350D2269353CD3471E3F4C99EB760D,카나자와 피카츄 2,91113,79999,28,0,0,0,3,98000,98000,15,190000,41,225000,5,85000,8,84500,A_3M_FB
CRD_00C3F08C0B7C41B1A2DA,히스이 포푸니크 V,139585,0,0,0,0,0,0,0,0,0,0,0,0,0,0,0,0,A_NO_PTS
CRD_88A52D327991404F8340,그루샤,120838,1000,33,0,0,0,0,0,0,9,13500,22,10475,3,2999,4,2999,PSA_ONLY
CRD_15F5F5A58D814B10953B,님피아 GX,91216,30000,28,0,0,0,1,35000,35000,4,77900,18,84500,0,0,2,23500,A_3M_FB
CRD_9F8E15C89ACC4214A5CF,히스이 포푸니크 V,96646,1500,4,0,0,0,2,2250,3000,1,10600,1,10600,0,0,0,0,A_3M_FB
CRD_A6337035E8634701BFAB,피카츄,107559,10000,37,3,36000,28500,7,33800,28500,2,81749,7,90750,5,19000,7,19000,A_1M_OK
CRD_330E7648167E59934C965289F6483878,요코하마 피카츄 (281),93068,139000,8,0,0,0,0,0,0,1,251666,5,255000,1,130000,3,130000,PSA_ONLY
CRD_1490247326A741529076,삐삐,93048,49000,138,0,0,0,4,67000,69000,24,79250,73,90058,2,51750,9,49800,A_3M_FB
CRD_E9ED1194D08E47B8B587,오리진 펄기아 VSTAR,91143,2300,10,2,2999,3000,5,2999,3000,3,10980,7,10480,0,0,0,0,A_1M_OK
CRD_62F7E63236364CB1A703,파오젠 ex,118634,5000,22,1,4350,4350,2,3675,4350,4,11100,18,9999,0,0,0,0,A_1M_OK
CRD_793053A5665347469533,M디안시 EX,411745,3280,7,0,0,0,0,0,0,1,12500,2,12150,1,3500,1,3500,PSA_ONLY
CRD_4595906EF9644EC481E6,메타몽(프리즘스타),396090,4980,4,0,0,0,1,4444,4444,1,34800,4,28499,0,0,0,0,A_3M_FB
CRD_156303A10AC3422083AA,사마자르 VSTAR,139555,1500,2,0,0,0,0,0,0,0,0,0,0,0,0,0,0,A_NO_PTS
CRD_F478BDB80D9C462FA591,모크나이퍼 GX,106177,0,0,0,0,0,0,0,0,0,0,0,0,0,0,0,0,A_NO_PTS
CRD_F80B857CFE91CDEB4402E3E93F29B2CB,코이킹 고꼬 피카츄,91395,1650000,12,0,0,0,0,0,0,4,1835000,16,1830000,1,850000,1,850000,PSA_ONLY
CRD_F2298D4559AB4FFC8AFF,가이오가,413363,0,0,0,0,0,0,0,0,0,0,0,0,0,0,0,0,A_NO_PTS
CRD_58CE2CBBA7CE487B8628,악식킹 GX,335914,0,0,0,0,0,0,0,0,0,0,0,0,0,0,0,0,A_NO_PTS
CRD_1F42D34F4DCB4A0DA99D,루카리오 VSTAR,98403,331000,20,0,0,0,0,0,0,12,360000,33,340583,0,0,0,0,PSA_ONLY
CRD_6E7CD2D0B209451CA17C,파라꼬,120831,1000,6,0,0,0,0,0,0,0,0,6,6733,0,0,0,0,PSA_ONLY
CRD_BA41AC19AAAD4F04B756,비파리온 GX,389186,0,0,0,0,0,0,0,0,0,0,0,0,0,0,0,0,A_NO_PTS
CRD_E50466E481104F58984B,비파리온 GX,389216,0,0,0,0,0,0,0,0,0,0,0,0,0,0,0,0,A_NO_PTS
CRD_4EC3A525E385456A88F0,레쿠쟈 EX,411766,9000,60,4,76400,69999,22,78500,69999,15,120500,40,138194,3,64000,7,52000,A_1M_OK
CRD_D4E8EA5B4ABC4CE4803E,M번치코 EX,411782,17800,4,0,0,0,0,0,0,2,49900,4,49800,2,15000,3,15000,PSA_ONLY
CRD_274ED0D22EC54F229DAE,포켓몬 브리더,91340,25400,21,0,0,0,1,25000,25000,0,0,4,54000,0,0,0,0,A_3M_FB
CRD_D94E04ECD5514CC887E1,수련,91324,49000,33,0,0,0,0,0,0,7,209980,18,232750,0,0,9,50999,PSA_ONLY
CRD_60F01E549A5F4ED5BCAB,피카츄,104784,2000,532,24,6084,4000,84,6233,4000,32,20432,93,22515,11,7000,40,6872,A_1M_OK
CRD_1F2BEBDD9D0144DC8275,피카츄,518774,2200,267,18,4049,4700,69,4054,4700,30,19269,90,19721,10,6270,38,5838,A_1M_OK
CRD_8D798C34EC514D40851D,피카츄,253253,9000,27,1,28358,28358,4,29079,28358,8,63998,19,67000,1,17000,4,18150,A_1M_OK
CRD_FBADA9A3BE9246A8BDC3,앤테이 GX,105482,28999,1,1,9800,9800,1,9800,9800,0,0,1,25500,0,0,0,0,A_1M_OK
CRD_6FC1CB0DAF0D475BAF64,독침붕 V,139515,1000,1,0,0,0,0,0,0,0,0,0,0,0,0,0,0,A_NO_PTS
CRD_22EF9B97621442EB9B4B,철화구야 GX,335920,0,0,0,0,0,0,0,0,0,0,0,0,0,0,0,0,A_NO_PTS
CRD_74339EE06F0E42DC99FE,지라치(프리즘스타),396073,2500,2,0,0,0,1,1500,1500,1,21500,1,21500,0,0,0,0,A_3M_FB
CRD_4007297FF83B46EF9175,디안시 EX,411744,3600,2,0,0,0,0,0,0,0,0,0,0,0,0,0,0,A_NO_PTS
CRD_6B2C86298A8A48B9A1C2,켄타로스 GX,388908,1000,1,0,0,0,0,0,0,0,0,0,0,0,0,0,0,A_NO_PTS
CRD_C2A3EBDFC3B244DDA1F7,전툴라 ex,326012,1000,4,0,0,0,0,0,0,0,0,0,0,0,0,0,0,A_NO_PTS
CRD_26AE57743E2F41B084F2,차곡차곡 GX,112762,0,0,0,0,0,0,0,0,0,0,0,0,0,0,0,0,A_NO_PTS
CRD_608F4EEEECE54A96A007,바라철록,184142,1500,8,0,0,0,4,2000,2000,0,0,6,6999,0,0,0,0,A_3M_FB
CRD_7A0F593EA7884BE68C8F,채두,101652,2800,1,0,0,0,0,0,0,0,0,0,0,0,0,0,0,A_NO_PTS
CRD_2F5447039AA345D78AAB,테라파고스 ex,307293,4000,34,1,4500,4500,6,3994,4500,11,12000,48,10950,0,0,2,5388,A_1M_OK
CRD_B65EED7E271E44328B00,미라이돈 ex,151726,1000,10,0,0,0,0,0,0,0,0,0,0,0,0,0,0,A_NO_PTS
CRD_4B0D00B3E615450ABC4E,모야모,120748,39000,230,3,47000,47000,18,48000,47000,28,84590,82,89999,15,39999,36,41000,A_1M_OK
CRD_70DBE52BB8F949A2A864,오거폰 주춧돌의 가면 ex,466387,1000,6,0,0,0,0,0,0,0,0,0,0,0,0,0,0,A_NO_PTS
CRD_4E711DDC48A24974B926,고디모아젤,608563,1200,4,0,0,0,1,1200,1200,0,0,1,6849,0,0,0,0,A_3M_FB
CRD_696441FFCEB046F28C92,네크로즈마 GX,107548,0,0,0,0,0,0,0,0,0,0,0,0,0,0,0,0,A_NO_PTS
CRD_627474F7EF5F4BDB9549,리피아 VSTAR,103794,5499,143,5,5600,5000,26,6000,5000,25,14279,80,16926,4,6499,11,6550,A_1M_OK
CRD_5A5295A6BE874BBA8414,피카츄,404463,11000,35,0,0,0,2,35000,35000,2,85108,13,78490,1,16999,4,15149,A_3M_FB
CRD_6B452C1E25584A62B2AE,늑골라 GX,407848,0,0,0,0,0,0,0,0,0,0,0,0,0,0,0,0,A_NO_PTS
CRD_D3B2F8E6629F414DAAA8,지우의 피카츄,91254,44444,12,0,0,0,0,0,0,2,242490,7,210000,1,80000,1,80000,PSA_ONLY
CRD_5CE39B03B3954AB3B664,비크티니(프리즘스타),391677,3000,3,0,0,0,0,0,0,0,0,0,0,0,0,0,0,A_NO_PTS
CRD_939D613E789B4D44AE56,지우의 피카츄,91261,27800,14,0,0,0,1,90000,90000,1,158000,8,160500,0,0,0,0,A_3M_FB
CRD_5798719CFA7B4AF9928A,딱구리 EX,413382,1900,4,0,0,0,0,0,0,1,13400,0,0,0,0,0,0,PSA_ONLY
CRD_2951B02D3BE7488DA649,피카츄,106193,4000,39,1,22000,22000,7,22000,22000,1,69999,10,78694,1,24000,4,17687,A_1M_OK
CRD_F1C11C21E33A42B397C1,세레비(프리즘스타),335082,1500,9,0,0,0,0,0,0,1,29800,2,20678,0,0,0,0,PSA_ONLY
CRD_B30DFCBCDFBA21BE1C07,피카츄,91225,180000,22,0,0,0,1,335000,335000,4,475000,16,469999,3,218000,6,221500,A_3M_FB
CRD_E9EFB5201D7543CF9A76,피카츄 VMAX,328774,2800,233,8,6500,6980,45,6861,6980,29,20949,90,21084,8,6450,20,6300,A_1M_OK
CRD_FAF52ACED2AE4C21A3E1,지우의 피카츄,91256,26000,20,0,0,0,0,0,0,0,0,3,169999,0,0,0,0,PSA_ONLY
CRD_D264A2B826384DCCB7D7,가이오가 V,286331,3500,8,0,0,0,5,4500,4500,3,17400,13,18133,0,0,0,0,A_3M_FB
CRD_1EB1317E215A4D5FABEE,피카츄,407399,25000,17,2,43794,43145,5,43145,43145,1,125000,3,125000,0,0,0,0,A_1M_OK
CRD_B44585853A93C37F791B552F69C70AA6,맥도날드 피카츄,671486,2500,611,25,3953,7000,74,4100,7000,32,25435,93,28051,24,5800,73,5700,A_1M_OK
CRD_FB75B64C376D40B982B2,메타몽(프리즘스타),334799,2500,11,1,6000,6000,4,8900,6000,0,0,1,29800,0,0,0,0,A_1M_OK
CRD_87A14B554FF84A3FAE6A,드래펄트 ex,450715,1000,1,0,0,0,0,0,0,0,0,0,0,0,0,0,0,A_NO_PTS
CRD_5C16965B4D8C4C77943D,리피아 ex,434883,1000,15,1,1000,1000,1,1000,1000,0,0,6,7574,0,0,1,1499,A_1M_OK
CRD_5A11A9B4CB924667ACDC,개굴닌자 BREAK,390790,6800,8,0,0,0,0,0,0,2,69500,3,58000,0,0,1,13300,PSA_ONLY
CRD_594A5B7B75D040D5B7B8,루기아 BREAK,389618,28074,13,0,0,0,1,34000,34000,1,175000,3,175000,1,59800,3,34490,A_3M_FB
CRD_CE16E6C6333B4A89872C,다크펫,742511,2800,32,7,3700,3000,16,4200,3000,5,19800,7,20000,0,0,0,0,A_1M_OK
CRD_608AF077FAB548EA89BD,볼케니온 V,141743,0,0,0,0,0,0,0,0,0,0,0,0,0,0,0,0,A_NO_PTS
CRD_C0CD75FE2CCE46389DA9,기로치 ex,730157,1000,11,0,0,0,0,0,0,0,0,0,0,0,0,0,0,A_NO_PTS
CRD_BB0C1B7398C4442C965C,카푸나비나 GX,336257,0,0,0,0,0,0,0,0,0,0,0,0,0,0,0,0,A_NO_PTS
CRD_761AFE3BD91646FEBEA5,M샤크니아 EX,385924,16000,3,0,0,0,0,0,0,0,0,2,18250,0,0,0,0,PSA_ONLY
CRD_D8C1902727604BB699E2,팬텀&따라큐 GX,149334,25000,23,1,45000,45000,5,35000,45000,10,92833,31,99900,1,29000,8,30900,A_1M_OK
CRD_4750AF05BE3349BBA298,코라이돈 ex,425284,0,0,0,0,0,0,0,0,0,0,0,0,0,0,0,0,A_NO_PTS
CRD_EAEBF54128244B18A0E6,과미드라 ex,296147,1000,1,0,0,0,0,0,0,0,0,0,0,0,0,0,0,A_NO_PTS
CRD_646451564B014C19BB2E,피카츄 EX,91461,240000,37,0,0,0,0,0,0,14,1269999,29,1270000,0,0,6,417500,PSA_ONLY
CRD_69FF1CDC2254489A8E2D,쏘콘 ex,117827,1000,3,0,0,0,0,0,0,0,0,0,0,0,0,0,0,A_NO_PTS
CRD_C3F5BECDAF7048508A69,루카리오 ex,425281,0,0,0,0,0,0,0,0,0,0,0,0,0,0,0,0,A_NO_PTS
CRD_7BCDB81D3236447A9119,멜메탈 ex,740727,1200,6,0,0,0,0,0,0,0,0,0,0,0,0,0,0,A_NO_PTS
CRD_FC8D39B72732416CBC06,육파리 ex,160945,1000,4,0,0,0,0,0,0,0,0,0,0,0,0,0,0,A_NO_PTS
CRD_CF163D02C6AA44A39149,키키링 ex,180191,1000,2,0,0,0,0,0,0,0,0,0,0,0,0,0,0,A_NO_PTS
CRD_E0FD9A9CCE8C43758447,코라이돈 ex,737040,1000,4,0,0,0,0,0,0,0,0,0,0,0,0,0,0,A_NO_PTS
CRD_C8708FEE42914C2C92BD,다투곰 붉은 달 ex,204141,1000,4,0,0,0,0,0,0,0,0,0,0,0,0,0,0,A_NO_PTS
CRD_EF941452F94747E4BB8D,다크라이 EX,390840,8700,1,0,0,0,0,0,0,0,0,0,0,0,0,0,0,A_NO_PTS
CRD_F90882500EE5480C9161,코라이돈 ex,129858,0,0,0,0,0,0,0,0,0,0,0,0,0,0,0,0,A_NO_PTS
CRD_C98EFDB78A3045E8B138,릴리에의 삐삐 ex,730104,1000,40,0,0,0,0,0,0,1,6100,2,6050,0,0,0,0,PSA_ONLY
CRD_2E8C144F443F49BBAE9B,미라이돈 ex,740764,0,0,0,0,0,0,0,0,0,0,0,0,0,0,0,0,A_NO_PTS
CRD_8B9B58EC8BE6437C9189,뮤츠 EX,389891,0,0,0,0,0,0,0,0,0,0,0,0,0,0,0,0,A_NO_PTS
CRD_30523D5BF2EE4A83A4CB,포푸니라,742508,2500,20,5,2999,2500,11,3999,2500,3,12800,5,13480,0,0,0,0,A_1M_OK
CRD_A8210A464976421F9923,메가염무왕 ex,742522,7000,54,5,16999,15000,25,19000,15000,12,38833,24,45604,1,18500,3,19799,A_1M_OK
CRD_D36A8D255E484367A01A,메타그로스 GX,336270,0,0,0,0,0,0,0,0,0,0,0,0,0,0,0,0,A_NO_PTS
CRD_842618E42E404622A7A4,로켓단의 니드킹 ex,740637,1000,4,0,0,0,0,0,0,0,0,0,0,0,0,0,0,A_NO_PTS
CRD_4CF6CEF79B8D4088917C,백마 버드렉스 V,141044,0,0,0,0,0,0,0,0,0,0,0,0,0,0,0,0,A_NO_PTS
CRD_6A6020158B7D48B6851C,나무킹 EX,385372,0,0,0,0,0,0,0,0,0,0,0,0,0,0,0,0,A_NO_PTS
CRD_57B8FD435C2148F8854F,괴력몬 BREAK,386940,50000,1,0,0,0,0,0,0,0,0,0,0,0,0,0,0,A_NO_PTS
CRD_E7DB54455C61431B8B1B,사다이사 V,141772,0,0,0,0,0,0,0,0,0,0,0,0,0,0,0,0,A_NO_PTS
CRD_7CB1EBD45B814997B7C0,레지기가스,449130,0,0,0,0,0,0,0,0,0,0,0,0,0,0,0,0,A_NO_PTS
CRD_40E593A0BF374678B1E8,조타구 ex,277237,1000,1,0,0,0,0,0,0,0,0,0,0,0,0,0,0,A_NO_PTS
CRD_7F78F4DCAE1340BCA119,다크라이 EX,385925,1500,14,0,0,0,1,12000,12000,0,0,9,32300,0,0,1,9000,A_3M_FB
CRD_8CE0A1EE438248E1ABA7,메가장크로다일 ex,742523,17500,46,8,32000,34000,32,34000,34000,8,73525,27,89000,1,30000,1,30000,A_1M_OK
CRD_0E5CE3102B684AB7B177,멜리시 BREAK,385920,3800,2,0,0,0,0,0,0,0,0,0,0,0,0,0,0,A_NO_PTS
CRD_B2E561CB1C034FE2B65A,헬가 ex,129862,0,0,0,0,0,0,0,0,0,0,0,0,0,0,0,0,A_NO_PTS
CRD_9A06EA05B93C41B2BD2A,라이코 V,103050,1000,4,0,0,0,0,0,0,0,0,0,0,0,0,0,0,A_NO_PTS
CRD_D041ACC237314A96985C,맘모꾸리 ex,489813,1000,6,0,0,0,0,0,0,0,0,0,0,0,0,0,0,A_NO_PTS
CRD_C6A45AC1265148B69725,M후딘 EX,385895,17000,1,0,0,0,0,0,0,1,15800,2,14650,1,4500,1,4500,PSA_ONLY
CRD_33F622942A1F4876AAE4,어흥염 ex,180186,4999,1,0,0,0,0,0,0,0,0,0,0,0,0,0,0,A_NO_PTS
CRD_E1D6B66C8AB24CFC89FA,그우린차 ex,224052,1000,4,0,0,0,0,0,0,0,0,0,0,0,0,0,0,A_NO_PTS
CRD_21BD8B5DBB024A8FBC30,아머까오 VMAX,144106,0,0,0,0,0,0,0,0,0,0,0,0,0,0,0,0,A_NO_PTS
CRD_612B2096761E42C3A8A3,메더 ex,742518,1000,6,0,0,0,2,1100,1100,0,0,1,8000,0,0,0,0,A_3M_FB
CRD_F577A4D8CDE44F2498B6,디아루가 ex,425292,0,0,0,0,0,0,0,0,0,0,0,0,0,0,0,0,A_NO_PTS
CRD_6C47EADF71464DA6A684,샤로다 ex,584780,1000,7,0,0,0,0,0,0,0,0,0,0,0,0,0,0,A_NO_PTS
CRD_AE793A5668C14BE9A305,버랜지나 ex,740678,1000,1,0,0,0,0,0,0,0,0,0,0,0,0,0,0,A_NO_PTS
CRD_D2DB42A5C2EF4407A186,메가장크로다일 ex,740343,3000,13,1,3100,3100,5,3100,3100,2,13500,2,13500,0,0,0,0,A_1M_OK
CRD_12724DE193F242D89D06,돌핀맨 ex,241713,1000,2,0,0,0,0,0,0,0,0,0,0,0,0,0,0,A_NO_PTS
CRD_41C8011108CC45C3B1B1,마기라스 ex,425289,0,0,0,0,0,0,0,0,0,0,2,6450,0,0,0,0,PSA_ONLY
CRD_52591157ACD8487D99CF,카푸꼬꼬꼭 V,144159,0,0,0,0,0,0,0,0,0,0,0,0,0,0,0,0,A_NO_PTS
CRD_CFB59A3E266F4A7B8E84,자시안 V,326938,0,0,0,0,0,0,0,0,0,0,0,0,0,0,0,0,A_NO_PTS
CRD_FF559B81865C4993A3E0,앤테이 V,103048,1000,2,0,0,0,0,0,0,0,0,0,0,0,0,0,0,A_NO_PTS
CRD_0C0972C263B343A4BB0D,자마젠타 V,105540,1200,1,0,0,0,0,0,0,0,0,0,0,0,0,0,0,A_NO_PTS
CRD_D340A905D2D643CC9360,M독침붕 EX,391024,19800,1,0,0,0,0,0,0,0,0,0,0,0,0,1,6000,PSA_ONLY
CRD_5EE5BC37B7894924A235,입치트,742515,2500,21,7,2980,3000,17,3199,3000,4,9750,7,20000,1,3200,1,3200,A_1M_OK
CRD_92F676DAB8C24AD3895B,망나뇽 ex,129880,1420,3,0,0,0,0,0,0,1,9200,2,8599,0,0,0,0,PSA_ONLY
CRD_8DB157BF2CDC452DB021,레지에레키 VMAX [다이맥스],100547,1000,4,0,0,0,0,0,0,0,0,0,0,0,0,0,0,A_NO_PTS
CRD_710F7A26402941E7A4D7,카포에라,742512,1480,18,6,1649,1500,9,1700,1500,0,0,0,0,1,4000,1,4000,A_1M_OK
CRD_C876DFB3D3DC4A038B06,카푸꼬꼬꼭 VMAX,144160,0,0,0,0,0,0,0,0,0,0,0,0,0,0,0,0,A_NO_PTS
CRD_56CE5AE045504777AAE8,미라이돈 ex,737039,1000,7,0,0,0,0,0,0,0,0,0,0,0,0,0,0,A_NO_PTS
CRD_1D0F4747A8BF4524B3CF,마릴리 ex,740486,0,0,0,0,0,0,0,0,0,0,0,0,0,0,0,0,A_NO_PTS
CRD_34D1A571966643B9B808,가라르 불비달마 VMAX,144976,0,0,0,0,0,0,0,0,0,0,0,0,0,0,0,0,A_NO_PTS
CRD_F5AF7D246A2542E48326,가라르 야도킹 V,144006,0,0,0,0,0,0,0,0,0,0,0,0,0,0,0,0,A_NO_PTS
CRD_E3686CE5DF604BB1A1AB,블래키 VMAX,141124,1100,113,4,1800,1800,35,1976,1800,18,11926,67,12135,3,4700,6,4749,A_1M_OK
CRD_466890A6EF99406086D6,아르세우스 V,139826,1000,1,0,0,0,0,0,0,0,0,0,0,0,0,0,0,A_NO_PTS
CRD_A9971F75407F4A80908E,히스이 조로아크 VSTAR,103046,1000,9,0,0,0,0,0,0,0,0,0,0,0,0,0,0,A_NO_PTS
CRD_74B6C998B365467C940F,토게데마루 ex,740721,1000,1,0,0,0,0,0,0,0,0,0,0,0,0,0,0,A_NO_PTS
CRD_9414462C5B0A48D9B34B,M폭타 EX,385869,13000,1,0,0,0,0,0,0,0,0,0,0,0,0,0,0,A_NO_PTS
CRD_861F40AC33FD47E8A71A,모르페코 V,380420,0,0,0,0,0,0,0,0,0,0,0,0,0,0,0,0,A_NO_PTS
CRD_FFAB6C584CD745B9A717,다크라이 EX,404915,6500,7,1,13000,13000,1,13000,13000,0,0,6,51000,0,0,0,0,A_1M_OK
CRD_BBA44F80E157446F9E8A,귀뚤톡크 V,380088,0,0,0,0,0,0,0,0,0,0,0,0,0,0,0,0,A_NO_PTS
CRD_6208A844312F4FCEA6A1,인텔리레온 VMAX,145458,3000,1,0,0,0,0,0,0,0,0,0,0,0,0,0,0,A_NO_PTS
CRD_B7345EED8A0E4A05B2C2,마그카르고 ex,221931,1000,1,0,0,0,0,0,0,0,0,0,0,0,0,0,0,A_NO_PTS
CRD_62582500388642AD8992,그라에나,742514,1000,18,5,2280,1800,12,2290,1800,1,15000,3,15000,1,3480,1,3480,A_1M_OK
CRD_EE1FFF9039E742F39F0C,M썬더볼트 EX,106269,48000,2,0,0,0,0,0,0,0,0,1,30000,0,0,0,0,PSA_ONLY
CRD_DC0886D04B354B469FDB,제르네아스 GX,334623,16900,1,0,0,0,0,0,0,0,0,0,0,0,0,0,0,A_NO_PTS
CRD_BA10F03AB84145BBB276,메가메가니움 ex,742521,19500,48,8,27833,22000,24,30500,22000,8,63475,21,76000,3,25000,4,25000,A_1M_OK
CRD_F9597DA87C15467681E5,루카리오 V,380342,2980,1,0,0,0,0,0,0,0,0,0,0,0,0,0,0,A_NO_PTS
CRD_F2B2E546E51145C0BB3F,피카츄 V,380235,1000,12,0,0,0,4,2000,2000,1,12900,5,12800,0,0,0,0,A_3M_FB
CRD_B837D3F1A54647279AEC,뮤 EX,91584,22222,22,0,0,0,0,0,0,4,897500,14,914000,0,0,3,220000,PSA_ONLY
CRD_B166C14DF6864745B219,모르페코 V-UNION,141061,1000,3,1,2880,2880,2,2190,2880,0,0,2,22000,0,0,0,0,A_1M_OK
CRD_2DAAC2D00EB94B1F861B,마휘핑 ex,425277,0,0,0,0,0,0,0,0,0,0,0,0,0,0,0,0,A_NO_PTS
CRD_255CB9C1E0E948988562,잠만보 ex,425295,1000,8,0,0,0,0,0,0,3,8400,13,7888,0,0,0,0,PSA_ONLY
CRD_9DEBB30C1A894A7198FA,코라이돈 ex,740761,0,0,0,0,0,0,0,0,0,0,0,0,0,0,0,0,A_NO_PTS
CRD_E1A820C6EE18441B99E2,연격 우라오스 VMAX,141116,1800,2,0,0,0,0,0,0,0,0,0,0,0,0,0,0,A_NO_PTS
CRD_28FD2B5F4CE248369764,히스이 조로아크 VSTAR,139410,1500,2,0,0,0,0,0,0,0,0,0,0,0,0,0,0,A_NO_PTS
CRD_EBD265D880914608AC93,리피아 V,112519,1000,5,1,1200,1200,2,1500,1200,0,0,7,9000,1,4000,1,4000,A_1M_OK
CRD_58B23BBE13C047A0BE1A,에레키블 ex,542649,1000,3,0,0,0,0,0,0,0,0,0,0,0,0,0,0,A_NO_PTS
CRD_528E8910A24647CE96C3,레지락 ex,557457,1000,1,0,0,0,0,0,0,0,0,0,0,0,0,0,0,A_NO_PTS
CRD_6E30EACB936041E98A01,조로아크 BREAK,389915,0,0,0,0,0,0,0,0,0,0,0,0,0,0,0,0,A_NO_PTS
CRD_C669300AD32E4E5D86B4,드래펄트 VMAX,145378,0,0,0,0,0,0,0,0,0,0,0,0,0,0,0,0,A_NO_PTS
CRD_A04FE8D9C75D4F5EAF0C,히스이 블레이범 VSTAR,139648,0,0,0,0,0,0,0,0,0,0,0,0,0,0,0,0,A_NO_PTS
CRD_9987ACD7E7C54BF8A0F8,요씽리스 V,141382,1200,1,0,0,0,0,0,0,0,0,0,0,0,0,0,0,A_NO_PTS
CRD_EA7A6952A04B47458EA9,고릴타 VMAX,144364,4000,4,0,0,0,0,0,0,1,6999,1,6999,0,0,0,0,PSA_ONLY
CRD_67F29079C11444D7B0CA,킹드라 ex,277227,1000,2,0,0,0,0,0,0,0,0,0,0,0,0,0,0,A_NO_PTS
CRD_CA3D4EFF79314B22B0F0,따라큐 ex,425275,1500,8,0,0,0,0,0,0,0,0,2,16800,0,0,0,0,PSA_ONLY
CRD_C05727E691684E0B93AF,루카리오,433762,329800,2,0,0,0,0,0,0,0,0,0,0,0,0,0,0,A_NO_PTS
CRD_B71FB8408EAC4867A18F,모야모의 찌리배리 ex,730101,1000,8,0,0,0,0,0,0,0,0,0,0,0,0,0,0,A_NO_PTS
CRD_7114B0F7FF874949B3FE,카디나르마 ex,740317,1000,2,0,0,0,0,0,0,0,0,0,0,0,0,0,0,A_NO_PTS
CRD_A82C4C53C3004C17A955,레지드래고 VSTAR,100553,1000,3,0,0,0,0,0,0,0,0,0,0,0,0,0,0,A_NO_PTS
CRD_93FFCADB9F314F93B03F,케르디오 EX,406021,0,0,0,0,0,0,0,0,0,0,0,0,0,0,0,0,A_NO_PTS
CRD_5F0F40D590F84E8289CE,아머까오 VMAX,141144,2000,2,0,0,0,0,0,0,0,0,0,0,0,0,0,0,A_NO_PTS
CRD_DBF5F6102B314663AA38,루기아 VSTAR,100555,1000,36,4,1100,1000,13,1200,1000,5,12300,14,12150,0,0,0,0,A_1M_OK
CRD_0630709EA5124F718749,염뉴트,742506,1000,8,2,1450,1900,7,1290,1900,1,14000,1,14000,0,0,0,0,A_1M_OK
CRD_EC2FC453D40440CBB25E,요씽리스 ex,129890,1000,2,0,0,0,0,0,0,0,0,0,0,0,0,0,0,A_NO_PTS
CRD_49D0E25CC4FB427AB28C,오리진 펄기아 VSTAR,103059,1000,5,0,0,0,0,0,0,0,0,1,6000,0,0,0,0,PSA_ONLY
CRD_8F4DFB20EC9342C1A6A9,토대부기 ex,184065,1000,2,0,0,0,0,0,0,0,0,0,0,0,0,0,0,A_NO_PTS
CRD_04AF7F36245442EBBCF9,보스로라 V,380429,0,0,0,0,0,0,0,0,0,0,0,0,0,0,0,0,A_NO_PTS
CRD_7C49D1616BA447F592B1,가라르 파이어 V,144005,0,0,0,0,0,0,0,0,0,0,0,0,0,0,0,0,A_NO_PTS
CRD_68701C3E4E4942B29F01,킬가르도 VMAX,145033,1500,1,0,0,0,0,0,0,0,0,0,0,0,0,0,0,A_NO_PTS
CRD_DC0D44D9E66D45FA907B,가라르 날쌩마 V,141758,0,0,0,0,0,0,0,0,0,0,0,0,0,0,0,0,A_NO_PTS
CRD_FF7B16FA257D49BD8EB5,보스로라 VMAX,380431,0,0,0,0,0,0,0,0,0,0,0,0,0,0,0,0,A_NO_PTS
CRD_F169403CBFD9431CAB8D,펄스멍 VMAX,141332,1000,2,0,0,0,0,0,0,0,0,0,0,0,0,0,0,A_NO_PTS
CRD_997431762BD64CE5B949,글레이시아 EX,106715,15800,2,0,0,0,0,0,0,0,0,4,21900,0,0,0,0,PSA_ONLY
CRD_B685013BF312463DBD3F,청목의 노고고치 ex,740788,1100,1,0,0,0,0,0,0,0,0,0,0,0,0,0,0,A_NO_PTS
CRD_53811FEF046C46BC8D3A,레지아이스 ex,740366,1800,1,0,0,0,0,0,0,0,0,0,0,0,0,0,0,A_NO_PTS
CRD_B05ED192EA914D9893FB,마그마번,433648,0,0,0,0,0,0,0,0,0,0,0,0,0,0,0,0,A_NO_PTS
CRD_9FA75D54C4294BA2BBBB,히스이 대검귀 VSTAR,103075,1000,2,0,0,0,0,0,0,0,0,0,0,0,0,0,0,A_NO_PTS
CRD_0146657C0E674996969C,M루카리오 EX,390315,8200,4,0,0,0,1,3800,3800,1,26000,2,24500,0,0,1,7500,A_3M_FB
CRD_CD4628B3429A420A9319,일격 우라오스 VMAX,141114,0,0,0,0,0,0,0,0,0,0,0,0,0,0,0,0,A_NO_PTS
CRD_E506A487DE8C45099602,루가루암 V,141479,0,0,0,0,0,0,0,0,0,0,0,0,0,0,0,0,A_NO_PTS
CRD_8EF30B3B1E864419943C,블랙큐레무 ex,365472,1380,2,0,0,0,0,0,0,0,0,0,0,0,0,0,0,A_NO_PTS
CRD_909F8823101A4097BD2D,석탄산 VMAX,145103,1000,1,0,0,0,0,0,0,0,0,0,0,0,0,0,0,A_NO_PTS
CRD_3BD22AE03D484B308C7E,게노세크트 ex,598908,0,0,0,0,0,0,0,0,0,0,0,0,0,0,0,0,A_NO_PTS
CRD_8A3F628A4E3B4AC087C9,오리진 디아루가 VSTAR,139489,0,0,0,0,0,0,0,0,0,0,0,0,0,0,0,0,A_NO_PTS
CRD_7E8265C1D8B44E03910F,모르페코 VMAX,113233,4900,2,0,0,0,0,0,0,0,0,0,0,0,0,0,0,A_NO_PTS
CRD_6B4990C003EE4F5C95AF,해피너스 V,141157,0,0,0,0,0,0,0,0,0,0,0,0,0,0,0,0,A_NO_PTS
CRD_43B92747526147DBA44A,따라큐 V,141088,1000,7,0,0,0,1,1000,1000,0,0,0,0,0,0,0,0,A_3M_FB
CRD_2301905FC60B4E48B82C,아머까오 V,144105,0,0,0,0,0,0,0,0,0,0,0,0,0,0,0,0,A_NO_PTS
CRD_5FF7C03BB99345278E5E,에이스번 VMAX,145452,0,0,0,0,0,0,0,0,0,0,0,0,0,0,0,0,A_NO_PTS
CRD_3618F7507BD34B52AA5E,피카츄 ex,740407,1500,118,5,4200,3500,30,5999,3500,4,17875,18,33629,0,0,0,0,A_1M_OK
CRD_D3A5DFC3A6B34F32B872,제크로무 ex,584783,1000,6,0,0,0,0,0,0,0,0,0,0,0,0,0,0,A_NO_PTS
CRD_36B9B397B19A425CB729,리자몽 VSTAR,103071,1000,38,2,1000,1000,13,1000,1000,6,11604,22,12114,0,0,1,3800,A_1M_OK
CRD_F801E713A8D1496791AC,메타그로스 VMAX,141914,3000,1,0,0,0,0,0,0,0,0,0,0,0,0,0,0,A_NO_PTS
CRD_BE8BC1ED2FFA48EFAEE0,에브이 ex,434894,1000,20,0,0,0,2,1000,1000,2,8149,9,7999,0,0,2,2740,A_3M_FB
CRD_47E80B191CA7474EB9E3,큐레무 VMAX,136971,3000,2,1,1200,1200,0,0,0,0,0,0,0,0,0,0,0,A_1M_OK
CRD_49A64C751A444FF7B85C,메타그로스 V,141913,0,0,0,0,0,0,0,0,0,0,0,0,0,0,0,0,A_NO_PTS
CRD_F6B06CC3450049DC857B,킹크랩 V,380169,0,0,0,0,0,0,0,0,0,0,0,0,0,0,0,0,A_NO_PTS
CRD_42C881A081C2442292A2,라티아스 ex,342765,1000,2,0,0,0,0,0,0,0,0,0,0,0,0,0,0,A_NO_PTS
CRD_1FD012263A504F3CA01E,뮤츠 EX,390034,5000,2,0,0,0,0,0,0,0,0,0,0,0,0,0,0,A_NO_PTS
CRD_27DC42C3D270417B9335,님피아 VMAX,141087,1000,26,1,1800,1800,5,1000,1800,2,9649,14,10249,0,0,0,0,A_1M_OK
CRD_C2853FCE66E848CFBA00,가이오가 EX,381795,25000,2,0,0,0,0,0,0,0,0,0,0,0,0,0,0,A_NO_PTS
CRD_882A64CAAD1048D2BE8D,아쿠스타 V,139714,0,0,0,0,0,0,0,0,0,0,0,0,0,0,0,0,A_NO_PTS
CRD_F1794D3676DD476EBCCE,비파리온,742509,1200,10,6,1150,1000,7,1100,1000,0,0,1,13800,0,0,0,0,A_1M_OK
CRD_1189D005D21D4ED69DBF,어치르돈 V,141881,0,0,0,0,0,0,0,0,0,0,0,0,0,0,0,0,A_NO_PTS
CRD_D70F5446D2974DDC8EB0,펄스멍 V,141331,1200,1,0,0,0,0,0,0,0,0,0,0,0,0,0,0,A_NO_PTS
CRD_8D03B1108C6B4669B82D,토네로스 VMAX,141787,0,0,0,0,0,0,0,0,0,0,0,0,0,0,0,0,A_NO_PTS
CRD_52F68E4F10704A3FB529,알로라 식스테일 VSTAR,95113,1000,5,0,0,0,0,0,0,0,0,0,0,0,0,0,0,A_NO_PTS
CRD_7DA5510251B9473E9F3F,보만다 VMAX,145224,1555,1,0,0,0,0,0,0,0,0,0,0,0,0,0,0,A_NO_PTS
CRD_CFB01788E84D4E84B002,백마 버드렉스 VMAX,141045,1000,5,0,0,0,0,0,0,0,0,0,0,0,0,0,0,A_NO_PTS
CRD_A8B52849C3C54365B81E,핫삼 VMAX,145210,0,0,0,0,0,0,0,0,0,0,0,0,0,0,0,0,A_NO_PTS
CRD_457C08948A2D49189AA1,비크티니 VMAX,144063,1000,4,0,0,0,2,2500,3500,0,0,2,8440,0,0,0,0,A_3M_FB
CRD_D1177926ABA14B70B4E9,번치코 V,141006,1000,1,0,0,0,0,0,0,0,0,0,0,0,0,0,0,A_NO_PTS
CRD_2A2C765236DC4E0DA39B,비크티니 V,144062,0,0,0,0,0,0,0,0,0,0,0,0,0,0,0,0,A_NO_PTS
CRD_5FB29A7CDA6A4F8698B4,요씽리스 VMAX,141383,1000,2,0,0,0,0,0,0,0,0,0,0,0,0,0,0,A_NO_PTS
CRD_7283A07A9E7242E69F1F,다태우지네 VMAX,141011,0,0,0,0,0,0,0,0,0,0,0,0,0,0,0,0,A_NO_PTS
CRD_CF565FADAC9C45388046,뮤 ex,151727,1000,24,4,2062,2800,7,1100,2800,2,14850,4,13300,0,0,0,0,A_1M_OK
CRD_D543AC0888A542E78D35,얼음귀신 EX,389869,0,0,0,0,0,0,0,0,0,0,0,0,0,0,0,0,A_NO_PTS
CRD_CE5938A4B28D47A0AD85,샤로다 VSTAR,95115,1000,5,0,0,0,0,0,0,0,0,0,0,0,0,0,0,A_NO_PTS
CRD_10CAB872C0EE49CAAAAC,자포코일,447058,65000,1,0,0,0,0,0,0,0,0,0,0,0,0,0,0,A_NO_PTS
CRD_B875810CC46C4134A0C8,멜리시,742513,2280,21,4,3516,2000,16,3118,2000,1,10000,2,14900,0,0,0,0,A_1M_OK
CRD_3AC8F9831E6C417A920C,루카리오 EX,385915,17000,2,0,0,0,0,0,0,1,19499,3,13800,0,0,0,0,PSA_ONLY
CRD_CB975544B60F47048A93,블랙큐레무 EX,108804,1000,3,0,0,0,0,0,0,0,0,0,0,0,0,0,0,A_NO_PTS
CRD_9337246D91AB42D89EBE,뮤츠 EX,91504,82000,10,0,0,0,0,0,0,1,248999,6,221999,1,93000,4,44300,PSA_ONLY
CRD_4C8698FF6B3849B49B28,모단단게 V,141323,0,0,0,0,0,0,0,0,0,0,0,0,0,0,0,0,A_NO_PTS
CRD_89CF88D4F24A4B3FAB18,게을킹 ex,395720,1000,1,0,0,0,0,0,0,0,0,0,0,0,0,0,0,A_NO_PTS
CRD_B92E9CCA3B94438EB268,메가눈여아 ex,730948,1000,147,6,1000,4000,27,1100,4000,30,7843,64,7999,1,5000,3,2500,A_1M_OK
CRD_A12C9EE7BBA246C489B7,님피아 VMAX,141687,1000,45,3,1000,1000,7,1300,1000,8,9946,30,9897,0,0,3,4000,A_1M_OK
CRD_84F100B202834C6DAE3B,핫삼 ex,182223,1000,3,0,0,0,0,0,0,0,0,0,0,0,0,0,0,A_NO_PTS
CRD_8A55485EA762404EB6E8,바우첼 ex,307287,1000,2,0,0,0,0,0,0,0,0,0,0,0,0,0,0,A_NO_PTS
CRD_5FFCA0AB3BF4438A8D41,뮤 VMAX,103054,1000,170,15,2509,3600,57,2479,3600,20,21238,71,18833,0,0,4,4450,A_1M_OK
CRD_13962B7254BB4EC68492,마기아나 EX,387182,0,0,0,0,0,0,0,0,0,0,0,0,0,0,0,0,A_NO_PTS
CRD_C0490A67B50C41B78069,레쿠쟈 VMAX,105005,1000,153,5,1500,1298,43,2000,1298,16,17000,60,19485,1,4999,3,4999,A_1M_OK
CRD_917F313DC98747328859,토대부기,427749,0,0,0,0,0,0,0,0,0,0,0,0,0,0,0,0,A_NO_PTS
CRD_6C87482BDBFF4157B5FA,애프룡 VMAX,144150,0,0,0,0,0,0,0,0,0,0,0,0,0,0,0,0,A_NO_PTS
CRD_3FEFE9BCF9014B07A6CB,돈크로우,109379,0,0,0,0,0,0,0,0,0,0,0,0,0,0,0,0,A_NO_PTS
CRD_95AD52C30E9448CCA98E,피죤투 ex,132234,1000,6,0,0,0,0,0,0,0,0,0,0,0,0,0,0,A_NO_PTS
CRD_AEDD96FFA5A84E749D76,M뮤츠 EX,389892,3980,28,0,0,0,0,0,0,1,58266,11,58000,0,0,0,0,PSA_ONLY
CRD_2821F636689C4FCE8CCC,쉐이미,109250,150000,1,0,0,0,0,0,0,0,0,0,0,0,0,0,0,A_NO_PTS
CRD_95CC285CB5F240BA8D2B,네오라이트 V,139773,0,0,0,0,0,0,0,0,0,0,0,0,0,0,0,0,A_NO_PTS
CRD_DCED932B45234182889C,쉐이미 VSTAR,139756,1000,1,0,0,0,0,0,0,1,6900,0,0,0,0,0,0,PSA_ONLY
CRD_1549CC7E9EFC44D08FD4,리피아,91707,29000,3,0,0,0,0,0,0,0,0,1,99800,0,0,1,49800,PSA_ONLY
CRD_27E9FB0B75EB487ABBF6,가디안 EX,385943,2000,9,0,0,0,0,0,0,0,0,1,13500,0,0,0,0,PSA_ONLY
CRD_C204E7C7962B4792A212,가디안,109374,250000,1,0,0,0,0,0,0,0,0,0,0,0,0,0,0,A_NO_PTS
CRD_E6F10EB3F8174323B3EE,메가가디안 ex,722240,1000,190,8,1000,2000,32,1000,2000,29,9980,83,9600,1,4100,3,2500,A_1M_OK
CRD_B2272D4D776044FE9ABF,로켓단의 뮤츠 ex,550914,1000,9,0,0,0,2,1100,1200,4,11650,14,10500,0,0,0,0,A_3M_FB
CRD_7BA2781997C84AA48CE9,쉐이미 EX,91587,15000,5,0,0,0,0,0,0,3,99999,8,96500,1,35000,1,35000,PSA_ONLY
CRD_8965D3327A5540929972,M나무킹 EX,385373,0,0,0,0,0,0,0,0,0,0,0,0,0,0,0,0,A_NO_PTS
CRD_492147CE938648E78FA2,애프룡 V,144213,19980,1,0,0,0,0,0,0,0,0,0,0,0,0,0,0,A_NO_PTS
CRD_6C5AB36AD8294729A03E,고동치는달 ex,151712,1200,5,0,0,0,0,0,0,1,6599,3,6599,0,0,0,0,PSA_ONLY
CRD_BA9979085F024D49906C,웨이니발 ex,151752,1000,6,0,0,0,0,0,0,0,0,0,0,0,0,1,2999,PSA_ONLY
CRD_EA6C638A5EAE4EE0996B,메가샤크니아 ex,704404,1200,24,6,1050,1100,11,1100,1100,16,7950,53,7560,1,1980,3,1980,A_1M_OK
CRD_72783B70F01B4ED8B41A,보만다 V,145249,26500,2,0,0,0,0,0,0,0,0,0,0,0,0,0,0,A_NO_PTS
CRD_2ADA9594E1954CF89E7B,깨봉이,608578,1000,3,0,0,0,0,0,0,1,6999,3,6500,0,0,0,0,PSA_ONLY
CRD_DA27591B04B940C980EF,버랜지나,608514,1000,7,0,0,0,0,0,0,1,6750,0,0,0,0,0,0,PSA_ONLY
CRD_6BAEC561FD824CA68028,메가리자몽X ex,722239,4000,654,32,8044,7166,93,9827,7166,32,31571,93,36540,19,8522,49,9275,A_1M_OK
CRD_64AC0547355944F0835D,쥬피썬더 V,91174,13900,60,1,18888,18888,10,18894,18888,22,34949,69,37000,2,14950,5,14999,A_1M_OK
CRD_C3CF846EB0624F398AAF,갈가부기 VMAX,145250,0,0,0,0,0,0,0,0,0,0,0,0,0,0,0,0,A_NO_PTS
CRD_5668BB43C6824C25B7FB,대로트&야느와르몽 GX,396035,1800,6,0,0,0,0,0,0,1,13500,5,12800,0,0,0,0,PSA_ONLY
CRD_32B748391B31457F884D,난천&카틀레야,91276,12800,70,0,0,0,2,21500,20500,16,42750,41,43000,1,16500,4,16600,A_3M_FB
CRD_C6A1E00432684413B13B,큐레무 V,137043,1000,1,0,0,0,0,0,0,0,0,0,0,0,0,0,0,A_NO_PTS
CRD_4CE7E440FEFE4B8EB2AB,리오르,109864,1000,14,1,1400,1400,5,1480,1400,9,8700,22,8700,1,3999,2,3249,A_1M_OK
CRD_C4804FF23607466C9A90,다투곰 붉은 달 ex,427231,1000,5,0,0,0,0,0,0,0,0,0,0,0,0,0,0,A_NO_PTS
CRD_E9757BBCE7C34C4E8BF8,브리가론 V,100544,2500,1,0,0,0,0,0,0,0,0,0,0,0,0,0,0,A_NO_PTS
CRD_E57DB3482F514CE09A11,자시안 V,141280,1500,7,0,0,0,0,0,0,1,13500,6,9750,0,0,0,0,PSA_ONLY
CRD_74E51DCCF8D24ADBA306,갸라도스 ex,110942,1500,30,0,0,0,4,2355,2400,5,11293,18,10875,0,0,0,0,A_3M_FB
CRD_8D34314C145E4657910C,개구마르,776339,1000,41,6,1250,1000,40,1100,1000,3,16900,5,16900,0,0,0,0,A_1M_OK
CRD_FF670CCC91074D59B18C,쌔비냥,608574,1000,4,0,0,0,0,0,0,0,0,2,6900,0,0,1,2444,PSA_ONLY
CRD_5148B33EFB2449B1B0BA,파라솔 아가씨,136492,1600,26,0,0,0,0,0,0,4,9750,11,10500,1,3800,3,3800,PSA_ONLY
CRD_0FFC051368D048A489A8,타로,323630,4000,65,0,0,0,10,5500,6000,12,25515,47,18993,2,5600,13,4800,A_3M_FB
CRD_14D2B39ACE854972906D,가라르 산호르곤 V,145246,0,0,0,0,0,0,0,0,0,0,0,0,0,0,0,0,A_NO_PTS
CRD_63013DACF91C4789A924,니아,96693,1600,45,0,0,0,3,2400,2400,5,8400,22,7999,0,0,2,2750,A_3M_FB
CRD_EB69DF756D1A4E6F94D1,스이쿤 V,141456,1000,3,0,0,0,0,0,0,0,0,0,0,0,0,0,0,A_NO_PTS
CRD_56347219393547F19FCB,레지드래고 VSTAR,100574,1200,3,0,0,0,0,0,0,0,0,0,0,0,0,0,0,A_NO_PTS
CRD_3B28179308924FD388CA,불카모스 GX,339681,0,0,0,0,0,0,0,0,0,0,0,0,0,0,0,0,A_NO_PTS
CRD_30EDC0F1FD7B46A58FDE,춤추새 GX,339682,1500,1,0,0,0,0,0,0,0,0,0,0,0,0,0,0,A_NO_PTS
CRD_C01ECCA4431A44B09D3B,리자몽 ex,127773,1000,31,0,0,0,8,1050,2700,6,9238,20,9495,0,0,0,0,A_3M_FB
CRD_6A148797C15E4E7D9FE7,N의 각오,124085,6500,31,0,0,0,1,7500,7500,8,17350,23,15982,3,6480,3,6480,A_3M_FB
CRD_6C8A167C2A5041E8B2C2,노보청,608503,6600,6,0,0,0,0,0,0,0,0,1,6900,0,0,0,0,PSA_ONLY
CRD_A5B83823B6344946A314,피카츄 ex,408333,58000,149,5,90000,81000,28,88444,81000,30,127929,85,133999,5,63000,12,63500,A_1M_OK
CRD_B1266853754742B9AC64,릴리에의 삐삐 ex,485645,1000,10,0,0,0,0,0,0,1,8000,1,8000,0,0,0,0,PSA_ONLY
CRD_C452FDCBD46A43E587EC,가라르 가로막구리,731018,1000,42,1,1000,1000,1,1000,1000,11,6750,20,6800,2,2980,3,2980,A_1M_OK
CRD_0839A3235BFC40C7A767,말리화,104544,7000,18,0,0,0,0,0,0,1,18500,12,18125,0,0,4,4990,PSA_ONLY
CRD_E54D728D4E4B4DE8A640,카푸꼬꼬꼭 ex,139058,1000,2,0,0,0,0,0,0,0,0,0,0,0,0,0,0,A_NO_PTS
CRD_DC46034507A149F9A1E5,레쿠쟈 V,91167,80000,99,3,165000,163000,15,160000,163000,20,349625,68,331500,2,139999,10,105000,A_1M_OK
CRD_EBE8945758B043ACB73E,사다이사 V,145510,0,0,0,0,0,0,0,0,0,0,0,0,0,0,0,0,A_NO_PTS
CRD_2BD596750DCC46F5BF44,달코퀸 ex,151711,1000,7,0,0,0,0,0,0,3,6999,5,6880,0,0,0,0,PSA_ONLY
CRD_4F2A7D0A1A7B4BA789D5,한카리아스 V,96586,7000,47,1,8000,8000,5,7900,8000,16,23010,42,24188,0,0,3,9000,A_1M_OK
CRD_B9E026BC3DF546909368,웨이니발 ex,111961,1000,9,0,0,0,0,0,0,0,0,0,0,0,0,0,0,A_NO_PTS
CRD_40212CBAF40D49EE8938,춤추새 ex,687277,1000,10,0,0,0,0,0,0,0,0,0,0,0,0,0,0,A_NO_PTS
CRD_42E5F5DEFC6244BEA6CF,드래피온 V,137007,0,0,0,0,0,0,0,0,0,0,0,0,0,0,0,0,A_NO_PTS
CRD_017C5386A8B64234B9C7,멜로코,462393,1000,6,0,0,0,2,1900,1300,0,0,2,8499,0,0,0,0,A_3M_FB
CRD_047131CE3AB3482C8F7F,굽이치는물결 ex,469637,1150,7,0,0,0,1,1000,1000,1,9500,2,8925,0,0,0,0,A_3M_FB
CRD_0512DE9EF51D4BE39554,드래펄트 ex,450722,2000,29,2,2286,2350,11,1899,2350,11,7999,36,7795,0,0,1,6999,A_1M_OK
CRD_05613B885FD5443C8BC8,카지,466512,1000,14,1,1000,1000,2,1140,1000,3,8000,14,8200,1,3200,3,1800,A_1M_OK
CRD_0DE14A2FC85947DF989A,팔데아의 동료들,450719,1500,23,2,1200,1200,5,1200,1200,3,8500,10,11900,1,4200,2,4575,A_1M_OK
CRD_0FAEC0B6410647398E22,메가아쿠스타 ex,753272,3599,47,6,3000,3599,39,3800,3599,19,14300,52,15738,0,0,1,5555,A_1M_OK
CRD_12ADDDFE82F540F7B1D3,무쇠무인 ex,427221,1000,3,0,0,0,0,0,0,0,0,0,0,0,0,0,0,A_NO_PTS
CRD_11B811456C5D4DCE8A05,메가개굴닌자 ex,776349,1400,42,10,2000,2200,55,2700,2200,8,14000,9,14000,0,0,0,0,A_1M_OK
CRD_1778B01FA4AD4332B4C8,독침붕 ex,776347,1000,16,0,0,0,2,1000,1000,0,0,0,0,0,0,0,0,A_3M_FB
CRD_19C1275E8DF647B286BD,무쇠감투 ex,434995,1000,12,0,0,0,0,0,0,0,0,0,0,0,0,0,0,A_NO_PTS
CRD_227EEF4A668D4B91A0DE,메가드래캄 ex,776367,1500,33,11,2000,2000,49,2050,2000,1,20800,2,22900,0,0,0,0,A_1M_OK
CRD_22E4A9137EB24D9A80C6,아마루르가,753307,1000,26,0,0,0,0,0,0,1,6666,1,6666,0,0,0,0,PSA_ONLY
CRD_244EB50258FC45D58BB7,이브이 ex,427228,1000,19,0,0,0,2,1000,1000,1,10000,8,7283,0,0,0,0,A_3M_FB
CRD_243CD02D3D3B494795CF,한카리아스 ex,427218,1000,4,0,0,0,0,0,0,0,0,0,0,0,0,0,0,A_NO_PTS
CRD_249FD650FBBB4F8C8E9F,AZ의 평온,776359,1000,16,0,0,0,1,1000,1000,0,0,0,0,0,0,0,0,A_3M_FB
CRD_24D7C72E59DD4A338620,테라파고스 ex,450724,1000,25,1,1000,1000,3,1000,1000,3,9000,10,7400,0,0,1,4444,A_1M_OK
CRD_2D4779F86C774DBFA501,청목의 수완,471666,1000,2,0,0,0,0,0,0,0,0,0,0,0,0,0,0,A_NO_PTS
CRD_2FE394C852394D129604,나몰빼미,753257,1000,36,1,1000,1000,4,1000,1000,7,7999,14,9924,0,0,0,0,A_1M_OK
CRD_31940B3434F54CAB8CAB,이노,753269,1000,17,0,0,0,1,1000,1000,0,0,0,0,0,0,0,0,A_3M_FB
CRD_33E384F099914BF89170,비파,462392,1000,5,0,0,0,0,0,0,0,0,0,0,0,0,0,0,A_NO_PTS
CRD_36CCEEAEBFE444AF8E74,팬텀 EX,752785,1900000,1,0,0,0,0,0,0,0,0,1,1250000,0,0,0,0,PSA_ONLY
CRD_41F01DE4718B458FA5D5,추명,462390,1000,3,0,0,0,0,0,0,1,7222,1,7222,0,0,0,0,PSA_ONLY
CRD_3FDB36F0CAF24E49B6CF,블래키 ex,434898,1000,34,0,0,0,4,1035,1000,10,8625,21,8750,0,0,1,2299,A_3M_FB
CRD_4CBEC2D7C8DF430DA560,메가플라엣테 ex,776366,2000,28,8,1949,2000,44,1800,2000,2,25288,3,24000,0,0,0,0,A_1M_OK
CRD_4D1DBE122AB04EE8AB19,무쇠감투 ex,466508,1000,13,0,0,0,1,1000,1000,6,7549,12,7497,0,0,0,0,A_3M_FB
CRD_5321023EE01C496BA1D8,이벨타르 ex,752433,1000,7,0,0,0,0,0,0,0,0,0,0,0,0,0,0,A_NO_PTS
CRD_53E1012862E24CE386A1,메가지가르데 ex,752427,1000,18,0,0,0,0,0,0,1,5000,2,6200,0,0,0,0,PSA_ONLY
CRD_5592B918549340D29D73,크로뱃,776343,1000,22,0,0,0,4,1000,1000,0,0,0,0,0,0,0,0,A_3M_FB
CRD_43B0B8BE00C44F0FB400,전룡,774256,1000,27,2,1750,1000,9,1000,1000,0,0,0,0,0,0,0,0,A_1M_OK
CRD_579416A2A535432F8F30,나옹 ex,753242,10800,150,15,12266,13000,65,14000,13000,29,35416,89,37158,1,13000,9,11111,A_1M_OK
CRD_5F9A15D40E55413889CB,클레이돌,776342,1000,17,0,0,0,1,1299,1299,0,0,0,0,0,0,0,0,A_3M_FB
CRD_67DCCA6B98564C55A6CD,파라블레이즈 ex,469626,2200,68,3,2400,2100,15,2300,2100,15,12980,64,9736,2,5000,5,5000,A_1M_OK
CRD_6E2A7F9E1B124081A497,메가무장조 ex,753266,1000,15,0,0,0,1,1000,1000,1,9680,1,9680,0,0,0,0,A_3M_FB
CRD_6EA8D0D00A484C1985DD,메가아쿠스타 ex,753262,1000,32,0,0,0,2,1250,1000,2,10745,5,11950,0,0,0,0,A_3M_FB
CRD_6F660305B01D494F9AB0,무쇠무인 ex,466507,1000,23,2,1100,1000,4,1100,1000,16,7400,41,7300,1,3000,4,2825,A_1M_OK
CRD_768F67D90A2142609676,명희의 격려,753270,2480,55,16,2400,2300,52,2500,2300,13,18000,39,19000,2,5750,9,3800,A_1M_OK
CRD_79FBECF1B0704D588D61,제르네아스,776341,1000,38,2,1900,1800,14,1325,1800,0,0,0,0,0,0,0,0,A_1M_OK
CRD_7AC4C404D19B4C5FB0B1,메가드래캄 ex,774210,1000,10,0,0,0,0,0,0,0,0,0,0,0,0,0,0,A_NO_PTS
CRD_7BB12D81EF244F06890A,푸호꼬,776338,1000,40,3,1200,1000,11,1000,1000,0,0,0,0,0,0,0,0,A_1M_OK
CRD_7FFB3A5460DC46489885,쌍검킬,753259,1000,14,1,2050,2050,3,1000,2050,9,6998,9,6998,0,0,0,0,A_1M_OK
CRD_7EB1930C9A224A14AE58,피카츄 ex,469638,8000,175,10,14999,16000,54,16300,16000,31,39749,82,43810,7,13000,24,15400,A_1M_OK
CRD_80D8A3CD81B04D1D887C,AZ의 평온,776369,1000,23,3,1000,1100,22,1066,1100,0,0,0,0,0,0,0,0,A_1M_OK
CRD_8262D9F6F80441E59604,드래피온,753310,1000,13,0,0,0,0,0,0,3,6666,0,0,0,0,0,0,PSA_ONLY
CRD_8318097459A64ECD8473,파이어로,752786,1000,16,0,0,0,0,0,0,0,0,0,0,0,0,0,0,A_NO_PTS
CRD_83EC760B41124D8A9145,독침붕 ex,774150,1000,7,0,0,0,0,0,0,0,0,0,0,0,0,0,0,A_NO_PTS
CRD_899C71FEF9DC4CDFB0EF,메탕,776344,1000,19,0,0,0,0,0,0,0,0,0,0,0,0,0,0,A_NO_PTS
CRD_84061A5838C84C7996BA,보미카의 연주,776361,1000,16,1,1000,1000,7,1000,1000,0,0,0,0,0,0,0,0,A_1M_OK
CRD_90059D74FBE24DFA83D2,제빈,469632,1000,9,0,0,0,0,0,0,1,7000,1,7000,1,3500,2,3500,PSA_ONLY
CRD_94EF2035A41A4B018525,레포르,471671,1000,3,0,0,0,0,0,0,0,0,0,0,0,0,0,0,A_NO_PTS
CRD_95598861114B45F5BF5B,피나,462391,1000,3,0,0,0,0,0,0,0,0,0,0,0,0,0,0,A_NO_PTS
CRD_A5AE23F47A2B49218CB4,대코파스,753308,1000,9,0,0,0,0,0,0,3,6400,3,6400,0,0,0,0,PSA_ONLY
CRD_9DE6CF5F7FF3427298C7,레트라,753260,1000,23,0,0,0,0,0,0,3,6800,0,0,0,0,0,0,PSA_ONLY
CRD_A70EA9E8C6384E49A3D9,메가드래캄 ex,776353,1000,12,0,0,0,0,0,0,0,0,0,0,0,0,0,0,A_NO_PTS
CRD_A8B5785909B448EBB9B7,펌킨인 ex,776351,1000,10,0,0,0,1,1450,1450,0,0,0,0,0,0,0,0,A_3M_FB
CRD_AD5DBA8969314EA6A9F3,모크나이퍼 ex,753261,1000,7,0,0,0,1,3000,3000,0,0,0,0,0,0,0,0,A_3M_FB
CRD_ADB6937D5829468DB1AF,데덴네,753258,1000,58,2,1000,1000,6,1000,1000,17,7999,32,8393,2,3240,2,3240,A_1M_OK
CRD_B4458BD865D40B2B6AFB,타부자고 ex,450721,1000,31,2,1000,1000,6,1150,1000,8,8421,27,8599,0,0,0,0,A_1M_OK
CRD_B6F780670C514367833F,분떠도리,753256,1000,10,0,0,0,2,1350,1500,4,6708,4,6708,0,0,0,0,A_3M_FB
CRD_B8716C15063748DF9431,삐삐,752787,1000,123,12,1595,1480,59,1600,1480,25,13400,72,14328,5,3300,7,3300,A_1M_OK
CRD_BC53EA80A3024F12B207,도치마론,776337,1000,33,0,0,0,5,1000,1000,0,0,1,15999,0,0,0,0,A_3M_FB
CRD_C04E029C65C04840BDAD,치라치노 ex,776354,1000,14,0,0,0,2,1499,1999,0,0,0,0,0,0,0,0,A_3M_FB
CRD_C19CBFBFDA7B4814A109,복숭악동 ex,469629,1000,14,1,1000,1000,2,1000,1000,3,6600,8,6799,0,0,0,0,A_1M_OK
CRD_C2B35AF51F5B4B3D84EF,콜사,471667,1000,4,0,0,0,0,0,0,0,0,0,0,0,0,0,0,A_NO_PTS
CRD_C541F6809A4B473D8981,다투곰 붉은 달 ex,450723,1000,21,0,0,0,1,1000,1000,6,7716,23,7150,0,0,1,1200,A_3M_FB
CRD_C9FA55B6A1CF478FB8C3,냐스퍼,752788,1000,24,0,0,0,1,1000,1000,2,9454,2,9454,0,0,0,0,A_3M_FB
CRD_CB183CE3466F4730A71D,모래털가죽 ex,466509,1000,23,0,0,0,1,1000,1000,4,7700,15,7500,1,2900,3,2900,A_3M_FB
CRD_CBBC687119FD4B25A45C,타라곤,753268,1000,10,0,0,0,0,0,0,0,0,0,0,0,0,0,0,A_NO_PTS
CRD_D5BD1DC91C304D4CBBCD,무쇠잎새 ex,427215,1000,7,0,0,0,0,0,0,0,0,0,0,0,0,0,0,A_NO_PTS
CRD_D629521D90F54884A73E,유카리,753275,1222,47,7,1500,1500,27,1750,1500,3,15500,8,17724,5,4000,5,4000,A_1M_OK
CRD_DA547219871F4A868241,하솔,469631,1250,7,0,0,0,1,1000,1000,0,0,0,0,0,0,0,0,A_3M_FB
CRD_E10B1FAB841247CA967B,네리네,469634,1000,5,0,0,0,0,0,0,1,6900,1,6900,0,0,0,0,PSA_ONLY
CRD_DF3A72B78E8141B1A0D2BED89B3B20EE,메가개굴닌자 EX,776371,49000,195,17,111000,80555,69,135682,80555,30,217991,68,279250,15,83000,30,109999,A_1M_OK
CRD_E2301D1F50D64882BF93,타로,469633,1000,19,0,0,0,4,2500,2500,1,6800,4,6999,0,0,3,2500,A_3M_FB
CRD_E6B55319FE274485AB2C,테라파고스 ex,469639,1000,9,2,1000,1000,4,1000,1000,2,8799,7,8799,0,0,0,0,A_1M_OK
CRD_EEC58A640DC4464EAF59,이야후 ex,466404,1000,4,0,0,0,0,0,0,0,0,0,0,0,0,0,0,A_NO_PTS
CRD_F51E0298D1094BB490A0,오거폰 벽록의 가면 ex,469636,1000,8,0,0,0,1,1300,1300,0,0,0,0,0,0,0,0,A_3M_FB
CRD_F6B2257A2C16460CB4FE,코바르온 ex,776352,1000,8,0,0,0,0,0,0,0,0,0,0,0,0,0,0,A_NO_PTS
CRD_F8ED1A43F2F04EE69ABA,메가화염레오 ex,774162,1000,4,0,0,0,0,0,0,0,0,0,0,0,0,0,0,A_NO_PTS
CRD_FC1C8B1689F940ADBE7B,염뉴트 ex,753311,1000,6,0,0,0,0,0,0,0,0,0,0,0,0,0,0,A_NO_PTS
CRD_E9C70192F06741F59CA4,보미카의 연주,776370,1200,37,8,1399,1100,43,1550,1100,3,22222,4,23611,0,0,0,0,A_1M_OK
CRD_FEAFF0B8A8FD47979EFA,무쇠잎새 ex,469635,1200,5,1,1100,1100,3,1000,1100,2,7890,2,7890,0,0,0,0,A_1M_OK
CRD_00182F81CA884726A6BB,로켓단의 뮤츠 ex,568897,1500,60,1,3394,3394,18,3800,3394,15,17166,48,17873,0,0,3,6000,A_1M_OK
CRD_010A7FF3B3854654B6A1,네크로즈마 새벽의 날개 GX,338363,30000,2,0,0,0,0,0,0,1,30000,0,0,0,0,0,0,PSA_ONLY
CRD_F8E30FB79C2745469735,켄타로스,774257,1000,25,1,1000,1000,3,1000,1000,0,0,0,0,0,0,0,0,A_1M_OK
CRD_003510A0066E4AF58922,찌르꼬,110902,1000,8,0,0,0,0,0,0,2,7499,12,7300,0,0,0,0,PSA_ONLY
CRD_0121009428B847BEBE66,망나뇽 EX,91472,15000,6,0,0,0,0,0,0,0,0,2,27900,0,0,0,0,PSA_ONLY
CRD_014588FE8AC842E3A70E,포켓몬애호가클럽,91547,10000,4,0,0,0,0,0,0,0,0,2,52000,0,0,0,0,PSA_ONLY
CRD_0161FB6AE117410F872F,M거북왕 EX,91465,55000,9,0,0,0,0,0,0,2,153747,9,156666,0,0,0,0,PSA_ONLY
CRD_0247DE71AB2140BEBBF8,멍파치,704245,1000,27,1,1000,1000,2,1000,1000,12,6750,26,6750,1,2500,3,2500,A_1M_OK
CRD_027EB7AC44174C879264,테사,132274,1000,14,0,0,0,0,0,0,0,0,0,0,0,0,0,0,A_NO_PTS
CRD_029907DF1DDC4963B94E,달막화,608471,1000,7,0,0,0,0,0,0,1,8332,2,7666,0,0,0,0,PSA_ONLY
CRD_02C67022C498491C944C,이브이&잠만보 GX,396402,9800,11,1,12280,12280,4,10640,12280,2,41674,15,39800,2,10700,4,10950,A_1M_OK
CRD_023DB72F38FC4C87B95B,님피아 ex,455595,14500,203,16,19997,20500,60,19961,20500,32,36266,93,37000,7,18900,29,18450,A_1M_OK
CRD_02C8FFC4897D4C2288DF,로켓단의 마자용,554341,1000,69,1,1100,1100,6,1000,1100,23,7000,64,7016,0,0,0,0,A_1M_OK
CRD_0323B3DF18D24127932E,단단지,664111,1000,8,1,1000,1000,1,1000,1000,6,6790,11,6900,0,0,0,0,A_1M_OK
CRD_03D070826E284B2A9384,불비달마,608472,1000,9,0,0,0,0,0,0,1,6900,4,7250,0,0,0,0,PSA_ONLY
CRD_032F065F3B1D42379FF6,알로라나인테일 GX,396077,5000,6,0,0,0,0,0,0,0,0,1,8600,1,4280,1,4280,PSA_ONLY
CRD_04C479651A454FB3A8D3,로켓단의 뮤츠 ex,730107,1000,59,0,0,0,0,0,0,4,9459,0,0,0,0,0,0,PSA_ONLY
CRD_0422D05B3FF54A3F9FB8,파라솔 아가씨,140105,4600,26,1,7500,7500,7,7800,7500,13,30500,42,29724,1,7200,8,7500,A_1M_OK
CRD_0506892D3B1B40D3BBF2,펜드라,608509,1000,2,0,0,0,0,0,0,1,6666,3,6000,0,0,0,0,PSA_ONLY
CRD_05A7C02B26DC4C7B8CDE,마기라스 GX,335126,1000,5,0,0,0,0,0,0,1,14800,2,10600,0,0,0,0,PSA_ONLY
CRD_0596431CCC63469EA0C3,블래키 GX,91365,39800,17,0,0,0,1,55000,55000,4,124250,19,115000,3,51000,6,50999,A_3M_FB
CRD_05BEE743A1F84904ADE4,노고고치,117188,1000,5,0,0,0,0,0,0,4,6390,12,6583,0,0,0,0,PSA_ONLY
CRD_05EA83500DDE4FE39A00,딱정곤,608468,0,0,1,1500,1500,1,1500,1500,4,8475,7,8300,0,0,0,0,A_1M_OK
CRD_05EEC7741BAF4827B1B7,플라제스 EX,390597,0,0,0,0,0,0,0,0,0,0,0,0,0,0,0,0,A_NO_PTS
CRD_06740DF77DAB42EB94FC,싸리용,252247,1300,45,2,1125,1000,4,1200,1000,13,9000,40,8185,1,2500,1,2500,A_1M_OK
CRD_074346DE46AC4F019E17,약어리 [군집의 모습],104569,4500,20,0,0,0,0,0,0,8,7949,23,8000,1,2780,1,2780,PSA_ONLY
CRD_077EAB8DA2FB416FBA52,골루그,608499,0,0,0,0,0,0,0,0,0,0,0,0,0,0,0,0,A_NO_PTS
CRD_07B17A05B9584311B888,카시오페아,282196,1000,9,0,0,0,0,0,0,1,7800,4,7725,1,3500,2,3150,PSA_ONLY
CRD_07E30AB6E1C54457BB2D,서퍼,730967,1000,28,3,1100,2600,17,1100,2600,4,10500,8,12150,1,6500,1,6500,A_1M_OK
CRD_08208815CA6B42DFB7C7,단풍,110933,1000,29,0,0,0,1,1000,1000,13,10390,28,10075,2,3000,7,2900,A_3M_FB
CRD_0764FF85AFFD44039B19,다탱구 GX,334422,0,0,0,0,0,0,0,0,0,0,0,0,0,0,0,0,A_NO_PTS
CRD_08D8EFD7132A4E838F53,꿈트렁 ex,325075,1000,1,0,0,0,0,0,0,0,0,0,0,0,0,0,0,A_NO_PTS
CRD_07C8867477114A5E9490,랄토스,109867,1500,21,2,1450,1000,5,1800,1000,7,11500,23,8500,2,2640,3,2000,A_1M_OK
CRD_091DC06176614517B5E1,라이츄&알로라라이츄 GX,91284,69999,17,0,0,0,2,52222,60000,6,226500,25,205216,2,77250,3,75000,A_3M_FB
CRD_08B2DC8AD0B04FF58A33,꼬시레,146986,1000,5,0,0,0,0,0,0,1,6588,8,6500,0,0,0,0,PSA_ONLY
CRD_09A1CB4E6B9E4002ACA2,캥카,568317,1000,19,3,1000,1000,4,1000,1000,10,7016,30,7000,0,0,2,3221,A_1M_OK
CRD_0913C93AC0DD43E58008,코라이돈 ex,164257,1500,2,0,0,0,1,2400,2400,0,0,1,7300,0,0,0,0,A_3M_FB
CRD_0A536D17231946EBBE81,마이농,136490,2000,14,3,2500,2500,11,2000,2500,5,13300,9,13300,1,3700,4,3350,A_1M_OK
CRD_0AD2B95BE4924784A6C4,바닐리치,152764,1000,7,1,1000,1000,1,1000,1000,2,7500,6,7390,0,0,0,0,A_1M_OK
CRD_0989252EF29D4FAB9599,라플레시아 GX,340593,1999,14,1,1999,1999,1,1999,1999,1,12500,11,10999,0,0,0,0,A_1M_OK
CRD_0A986E45BB20474CB2BF,메로엣타 ex,605423,1000,10,0,0,0,0,0,0,0,0,0,0,0,0,0,0,A_NO_PTS
CRD_0AF83E61B4874FECB22C,꼬지모,120829,1000,6,0,0,0,0,0,0,4,8400,9,7400,1,3000,1,3000,PSA_ONLY
CRD_09BE4064BBF541EE8222,에이스번 ex,326011,1000,5,0,0,0,0,0,0,1,6500,1,6500,0,0,0,0,PSA_ONLY
CRD_527B58F17A3E49AEB25F,딩루 ex,151728,1000,4,0,0,0,0,0,0,0,0,0,0,0,0,0,0,A_NO_PTS
CRD_0A1D6B89377D433F8DC2,라프라스 GX,386680,0,0,0,0,0,0,0,0,0,0,0,0,0,0,0,0,A_NO_PTS
CRD_0B22E2A33CB14A99888F,저지맨,546113,1500,2,0,0,0,0,0,0,0,0,0,0,0,0,0,0,A_NO_PTS
CRD_0CB06AA60B6E4470B9A9,인텔리레온,662218,1000,23,0,0,0,1,1000,1000,11,6799,35,6700,0,0,3,2800,A_3M_FB
CRD_0C3B183FCB4142F2B7B8,괴력몬 EX,385431,2500,2,0,0,0,0,0,0,0,0,0,0,0,0,0,0,A_NO_PTS
CRD_0CFBA7BBD78645C38955,갑주무사 GX,112776,0,0,0,0,0,0,0,0,0,0,0,0,0,0,0,0,A_NO_PTS
CRD_0D218B96159B4E51AEC8,리오르,641578,1000,67,1,1000,1000,2,1500,1000,21,6900,53,6933,1,2933,2,2966,A_1M_OK
CRD_0C3A374FCCE5445B84A9,복숭악동 ex,284963,1780,4,0,0,0,0,0,0,1,15000,2,11750,0,0,0,0,PSA_ONLY
CRD_0DF9D911B2F24858BFB0,파쪼옥,307290,1000,5,0,0,0,0,0,0,1,7200,3,7200,0,0,1,3500,PSA_ONLY
CRD_0CE1AB32F2CE46FFAA8B,두파팡 GX,335164,0,0,0,0,0,0,0,0,0,0,0,0,0,0,0,0,A_NO_PTS
CRD_0E86D1DB89544CD7A643,배바닐라,608550,1000,2,0,0,0,0,0,0,3,6900,4,6900,0,0,0,0,PSA_ONLY
CRD_0D1FEC3632AD4FED9507,파밀리쥐,117192,1500,19,8,3099,3300,24,2583,3300,13,13000,49,12020,2,3950,4,3950,A_1M_OK
CRD_0E8F6A83F9C24975A316,알로라 닥트리오,418743,1200,7,1,1000,1000,2,1000,1000,3,6999,7,7500,0,0,2,1999,A_1M_OK
CRD_0E49A59862734A4BA71B,차곡차곡 GX,334386,5000,3,0,0,0,0,0,0,0,0,0,0,0,0,0,0,A_NO_PTS
CRD_0E33DD1809A342308392,바닥트리오 ex,186433,1000,2,0,0,0,0,0,0,1,6800,2,6900,0,0,0,0,PSA_ONLY
CRD_0F804851962E40E59955,야돈&고라파덕 GX,321522,3939,24,5,11640,8500,16,10450,8500,18,38999,60,34722,9,9000,12,9000,A_1M_OK
CRD_100CD4F587424353BDEA,페로코체&매시붕 GX,393295,14800,1,0,0,0,0,0,0,0,0,0,0,0,0,0,0,A_NO_PTS
CRD_2D4B139B3E984F86B365,울트라네크로즈마 GX,334628,1500,1,0,0,0,0,0,0,0,0,0,0,0,0,0,0,A_NO_PTS
CRD_0FA5E598B8704A0E83CC,호브의 대로트,731017,1000,47,0,0,0,0,0,0,8,6821,16,6805,1,2800,2,2750,PSA_ONLY
CRD_10433F25F9E74294B2FC,전진,105394,14388,1,0,0,0,0,0,0,0,0,1,14800,0,0,0,0,PSA_ONLY
CRD_10E2C02673E94810BC08,불켜미,608473,1000,1,1,1000,1000,2,1000,1000,1,7999,5,7400,0,0,0,0,A_1M_OK
CRD_1001E20102E24B2DA20C,파이어&썬더&프리져 GX,91283,70000,46,5,150000,240000,6,150000,240000,18,398000,49,393000,1,131442,13,125000,A_1M_OK
CRD_0EF858A4F6FE457E848E,굽이치는물결 ex,186432,1480,2,0,0,0,0,0,0,0,0,1,6500,0,0,0,0,PSA_ONLY
CRD_483AB154688A4D959891,로켓단의 크로뱃 ex,730145,1000,16,0,0,0,0,0,0,0,0,0,0,0,0,0,0,A_NO_PTS
CRD_11628ECE200A4601B5D4,M가디안 EX,91491,69000,16,0,0,0,0,0,0,5,194500,23,192000,0,0,3,78000,PSA_ONLY
CRD_11C10BF531B64E59B61C,성호의 결단,105320,15000,6,0,0,0,0,0,0,1,15000,4,16200,0,0,0,0,PSA_ONLY
CRD_11AB40F57D03470A986E,몽얌나,608492,1700,3,0,0,0,0,0,0,0,0,0,0,0,0,0,0,A_NO_PTS
CRD_11E419D20A2A499FAFC6,바우첼 ex,320349,15800,1,0,0,0,2,2650,2500,1,9900,1,9900,0,0,0,0,A_3M_FB
CRD_121C03E944C44190B954,히드런 GX,393118,0,0,0,0,0,0,0,0,0,0,0,0,0,0,0,0,A_NO_PTS
CRD_13157CF56E204E5E81EA,레디안,318876,8000,2,0,0,0,0,0,0,3,6666,6,6583,0,0,0,0,PSA_ONLY
CRD_11D9A92DB3D34830BCAB,꿰뚫는화염 ex,180178,5000,3,0,0,0,2,3250,3000,3,9400,12,9900,0,0,1,3499,A_3M_FB
CRD_12014650482C4314AA47,파비코리 GX,334425,22000,3,0,0,0,0,0,0,0,0,1,2000,0,0,0,0,PSA_ONLY
CRD_135AB4B5F4794E8BAB7F,니드킹,128090,1500,27,1,1980,1980,10,1000,1980,9,8999,20,8427,0,0,0,0,A_1M_OK
CRD_14BFE9EA9D1D474194DF,모야모의 찌리배리 ex,506151,1000,27,0,0,0,1,1900,1900,7,7800,26,7913,0,0,0,0,A_3M_FB
CRD_1573232461C14F27B212,세류,221941,1500,15,0,0,0,0,0,0,4,10788,6,10788,2,2700,4,2500,PSA_ONLY
CRD_128A2046607444A389E9,조타구 ex,284960,1500,4,0,0,0,1,2500,2500,2,7730,3,7500,0,0,0,0,A_3M_FB
CRD_14CFDC4FCADA4F70A670,데스니칸 ex,150653,1200,2,0,0,0,0,0,0,0,0,0,0,0,0,0,0,A_NO_PTS
CRD_1507A5C6549C48B1936B,마스카나 ex,116072,1000,11,0,0,0,0,0,0,0,0,3,7499,0,0,0,0,PSA_ONLY
CRD_1645BF1E84C74BFFBE20,기로치 ex,284957,1200,4,0,0,0,1,1800,1800,0,0,0,0,0,0,0,0,A_3M_FB
CRD_157F33DF43A34D268793,두빅굴,607932,7800,45,2,9338,9900,20,7416,9900,26,23799,69,22500,2,9400,10,8700,A_1M_OK
CRD_1651730F93C4413BA4C5,완철포,110920,1000,8,1,1000,1000,1,1000,1000,4,6782,15,6600,0,0,0,0,A_1M_OK
CRD_1640B082EE3340AAB612,전룡 GX,392602,35000,1,0,0,0,0,0,0,0,0,0,0,0,0,0,0,A_NO_PTS
CRD_16F1D3F4F75B4E8580A6,바닥트리오,163482,1000,4,0,0,0,0,0,0,0,0,2,6999,0,0,0,0,PSA_ONLY
CRD_16DBDADB6156412A924A,유빈의 확신,186436,2200,2,0,0,0,0,0,0,0,0,0,0,0,0,0,0,A_NO_PTS
CRD_164F19FE7E4746EEA25C,메가썬더볼트 ex,659278,1000,11,0,0,0,0,0,0,0,0,0,0,0,0,0,0,A_NO_PTS
CRD_1719064C4D5A4530B4C4,탐리스,110915,1000,13,0,0,0,1,1000,1000,6,6675,13,6750,0,0,0,0,A_3M_FB
CRD_17623798AB744107AD98,너트령,608585,7700,2,0,0,0,0,0,0,0,0,1,6500,0,0,1,2444,PSA_ONLY
CRD_1781CCF24CA84BC3B847,음뱃,506149,1000,24,0,0,0,0,0,0,7,6600,22,6638,0,0,0,0,PSA_ONLY
CRD_1727697B0064422BAEE6,피카츄,128089,4600,314,25,6249,6500,79,6733,6500,31,22666,91,25024,9,7999,40,7600,A_1M_OK
CRD_17C83FF85F944764957F,과미르,245817,1000,7,0,0,0,0,0,0,2,6544,6,6500,0,0,1,2444,PSA_ONLY
CRD_17EF823FA3CB4B2B8EE4,코바르온,108827,30000,1,0,0,0,0,0,0,0,0,0,0,0,0,0,0,A_NO_PTS
CRD_1832978663324026BBAD,다부니,608523,1700,6,1,3000,3000,0,0,0,2,12900,0,0,0,0,0,0,A_1M_OK
CRD_185DE08656684E7AA355,비크티니,91638,10000,4,0,0,0,0,0,0,0,0,3,220000,0,0,1,60000,PSA_ONLY
CRD_18ECEF4F4F6B4E32805A,마나피 EX,390772,17500,1,0,0,0,0,0,0,0,0,0,0,0,0,0,0,A_NO_PTS
CRD_17916E8A74A842A69743,배틀 리포터,108479,18900,2,0,0,0,0,0,0,1,19800,0,0,0,0,0,0,PSA_ONLY
CRD_36F3273DC7014993855A,네크로즈마 황혼의 갈기 GX,112761,12800,1,0,0,0,0,0,0,0,0,0,0,0,0,0,0,A_NO_PTS
CRD_190E3B946C714D6CBFCD,샤로다 ex,584787,3000,18,1,3000,3000,5,3000,3000,7,8800,26,8500,0,0,1,4999,A_1M_OK
CRD_19FA15073BE646958D35,코바르온 GX,392637,0,0,0,0,0,0,0,0,0,0,0,0,0,0,0,0,A_NO_PTS
CRD_1A2040BEE94E4AB1AFAE,쥬레곤,704379,1000,30,1,1000,1000,3,1000,1000,8,6800,20,6800,1,2900,7,2800,A_1M_OK
CRD_1A35479E220A4BB7AE4E,번치코 GX,334344,13500,3,0,0,0,0,0,0,0,0,0,0,0,0,0,0,A_NO_PTS
CRD_1A905AD1C8F14E1B9C83,후딘 ex,127886,1000,6,0,0,0,0,0,0,0,0,0,0,0,0,0,0,A_NO_PTS
CRD_1AA86801F7BB4278A6C8,샹델라,596232,2980,10,1,2600,2600,2,2700,2600,8,6800,17,6900,0,0,0,0,A_1M_OK
CRD_1AB7F353BFC547DC81F1,나시,664097,1000,28,2,1000,1000,3,1000,1000,18,6756,36,6761,1,2500,4,2472,A_1M_OK
CRD_1A815E05CDFE482484A2,솔가레오&루나아라 GX,91279,33333,185,0,0,0,3,58000,58000,27,83999,69,92325,5,55000,24,47499,A_3M_FB
CRD_1ACA13137E6D4322A031,메가자리 ex,546108,1000,5,0,0,0,0,0,0,1,7500,1,7500,0,0,0,0,PSA_ONLY
CRD_1AF7C5C839D646B0A61B,엠라이트,408335,1000,15,1,1200,1200,1,1200,1200,7,7304,15,7399,0,0,1,4500,A_1M_OK
CRD_1AFBAC5E15DA4DBFB50A,아라리,358112,1000,4,0,0,0,0,0,0,4,7462,8,7462,0,0,0,0,PSA_ONLY
CRD_1B0CED467C434ACBAEFE,타랜툴라,110787,1000,7,0,0,0,0,0,0,6,6500,9,6500,0,0,0,0,PSA_ONLY
CRD_1BA92AE483D3487E9AD9,레지락 ex,568319,1000,2,0,0,0,0,0,0,1,6500,1,6500,0,0,0,0,PSA_ONLY
CRD_1BB82D85E831428CABCE,M캥카 EX,380766,1000,1,0,0,0,0,0,0,0,0,0,0,0,0,0,0,A_NO_PTS
CRD_1C6AC6FAD7E44F1EBBC2,앗차프,608477,1000,1,0,0,0,0,0,0,2,6750,3,6800,0,0,0,0,PSA_ONLY
CRD_1C6F8B47E1DE4A3B8C3C,드레디어,608466,2000,2,0,0,0,0,0,0,1,5980,0,0,0,0,0,0,PSA_ONLY
CRD_1CE47901F5674D55AB69,갸라도스 EX,390768,14888,1,0,0,0,0,0,0,0,0,0,0,0,0,0,0,A_NO_PTS
CRD_1CC18469ABD541448268,돌핀맨,132256,1000,10,1,1000,1000,1,1000,1000,3,6980,9,6900,0,0,1,2000,A_1M_OK
CRD_1D1BB63C7C8542D59855,거북왕&팽도리 GX,290883,3890,29,2,6750,6800,6,5650,6800,6,22374,28,21379,2,7500,5,7500,A_1M_OK
CRD_1D3FA593099E46F2A199,붐볼 GX,391755,3500,2,0,0,0,0,0,0,0,0,0,0,0,0,0,0,A_NO_PTS
CRD_1D7AF3D440F245F09657,무쇠감투 ex,186455,0,0,0,0,0,0,0,0,1,12990,2,10939,0,0,0,0,PSA_ONLY
CRD_1DD2042E9B7D494B83FB,다크펫 GX,105352,0,0,0,0,0,0,0,0,0,0,0,0,0,0,0,0,A_NO_PTS
CRD_1D86DD36D9564C309BE6,리자몽 ex,132270,3000,73,1,5024,5024,30,4990,5024,12,18850,45,19995,1,10999,3,5200,A_1M_OK
CRD_1DF3BDE764954B38BA78,폭거북스 GX,389285,2999,2,0,0,0,0,0,0,0,0,0,0,0,0,0,0,A_NO_PTS
CRD_1E0043AFBDEA40F0A0F7,마그마단의 그란돈 EX,91525,35000,25,1,48888,48888,1,48888,48888,4,488749,20,391500,6,123750,12,122250,A_1M_OK
CRD_1ED4DECEA3A14B6C81A6,갱도라,256065,1000,2,0,0,0,0,0,0,0,0,2,6950,0,0,0,0,PSA_ONLY
CRD_1EE8B7BE600043EF8C97,피죤투 ex,160957,1000,5,0,0,0,1,1000,1000,2,7281,3,7280,0,0,0,0,A_3M_FB
CRD_1F266213F3D04671AEAA,썬더 ex,128120,13999,119,0,0,0,17,20000,22500,21,35466,67,40314,1,22000,11,19000,A_3M_FB
CRD_1F99E5B3C0D24E77A6E3,무쇠머리,148933,1000,5,1,1000,1000,2,1000,1000,0,0,4,6500,0,0,0,0,A_1M_OK
CRD_1FA0F3DE83E64E4CA272,뜨아거,113064,1000,19,1,1500,1500,6,1399,1500,6,7699,17,7980,0,0,1,3980,A_1M_OK
CRD_2004462C5BD3458BA1B6,기어르,608586,7000,1,0,0,0,0,0,0,0,0,0,0,0,0,0,0,A_NO_PTS
CRD_1E5819643E174D74811E,메가이상해꽃 ex,628153,1000,20,0,0,0,0,0,0,1,6500,3,6500,0,0,0,0,PSA_ONLY
CRD_2075A8C3697B47EDAC26,코일,126669,2500,3,0,0,0,0,0,0,4,7050,9,7100,0,0,0,0,PSA_ONLY
CRD_20857DA3F57C4FAC9BE3,이브이 GX,93085,26000,27,0,0,0,1,48000,48000,8,128000,30,125750,3,45000,11,43000,A_3M_FB
CRD_20A7B2013FDD428ABD1B,매시붕 GX,334521,0,0,0,0,0,0,0,0,1,25000,1,25000,0,0,0,0,PSA_ONLY
CRD_20B447132BB64565AC00,하솔,320347,2980,1,0,0,0,2,2249,2499,0,0,1,6900,0,0,0,0,A_3M_FB
CRD_20F5210F50C6418AB471,네르케,164253,1000,8,1,3000,3000,3,2000,3000,5,12500,9,11500,2,4500,3,4500,A_1M_OK
CRD_20FE3F484DFE4D9AA9D9,플러시,136489,1800,11,1,3200,3200,11,2900,3200,3,16999,6,14999,1,3700,2,3455,A_1M_OK
CRD_210F30877AE44F18910C,우락고래,379010,3500,5,0,0,0,0,0,0,2,6600,5,6500,1,2500,2,2400,PSA_ONLY
CRD_219500DA87B5401CBEDA,페르시온 GX,393046,2000,1,0,0,0,0,0,0,0,0,0,0,0,0,0,0,A_NO_PTS
CRD_218DB829F1974CEA95DF,로켓단의 나옹,550925,2000,117,7,2500,2300,27,2500,2300,31,10030,90,9993,5,4021,15,3500,A_1M_OK
CRD_21D7CBE19CF94AD189EB,퍼퓨돈 ex,110733,2500,2,0,0,0,0,0,0,0,0,0,0,0,0,0,0,A_NO_PTS
CRD_21362825A5DE48988411,칠색조 EX,91499,195000,7,0,0,0,0,0,0,0,0,7,160000,0,0,0,0,PSA_ONLY
CRD_217550E39F654896867F,AZ,390655,0,0,0,0,0,0,0,0,0,0,0,0,0,0,0,0,A_NO_PTS
CRD_2208E78703C9455EA45A,N의 조로아,506148,1000,47,1,1000,1000,6,1000,1000,17,6980,53,7000,1,2980,8,2824,A_1M_OK
CRD_21EAE5192D164939830F,돌핀맨 ex,469031,1500,120,2,1940,1500,8,1859,1500,32,8916,87,8900,3,3900,10,3650,A_1M_OK
CRD_2284D5AE23CD4A559E27,이슬의 고라파덕,543243,4000,38,10,5422,5540,42,4949,5540,26,20500,83,19999,3,6000,14,6250,A_1M_OK
CRD_2363D7E348AC45C3AD5C,카푸꼬꼬꼭 GX,106167,0,0,0,0,0,0,0,0,0,0,0,0,0,0,0,0,A_NO_PTS
CRD_228710100B794B3B940D,팬텀&따라큐 GX,93096,100000,46,0,0,0,0,0,0,16,593190,46,572793,6,217888,19,194999,PSA_ONLY
CRD_2332E667E081490D836A,메가앱솔 ex,664109,3200,58,7,3000,3000,21,3000,3000,16,10314,57,10500,0,0,0,0,A_1M_OK
CRD_2371B40007C64AC0B36E,모야모의 찌리배리 ex,505958,3000,56,1,3600,3600,6,3600,3600,11,12500,35,13480,0,0,2,2950,A_1M_OK
CRD_238E85F07B63450BB517,무쇠손 ex,152773,2699,3,0,0,0,0,0,0,1,9500,2,9250,0,0,0,0,PSA_ONLY
CRD_23A695E8090F40B9B1A7,꼬이밍고,117828,1000,11,0,0,0,0,0,0,4,6800,14,6683,0,0,0,0,PSA_ONLY
CRD_240F59F984B74388A1BE,기가이어스,608567,1200,2,0,0,0,0,0,0,1,6180,3,6199,0,0,0,0,PSA_ONLY
CRD_24AFDFD94F7B41E8A509,로켓단의 페르시온 ex,568320,1000,12,0,0,0,0,0,0,2,8424,5,7999,0,0,0,0,PSA_ONLY
CRD_24A7755304AF47CF931D,로켓단의 따라큐,730942,1000,221,8,1000,3200,27,1002,3200,32,7991,89,8397,9,3299,30,2780,A_1M_OK
CRD_24798C163B48423E9689,루티아의 어필,382399,16000,78,3,24800,24800,15,27000,24800,23,42000,73,46075,9,18500,20,20125,A_1M_OK
CRD_24EBBFED607C41D7B562,조로아,282237,1000,9,1,1300,1300,3,1300,1300,3,9200,6,8600,0,0,2,2722,A_1M_OK
CRD_251F9092AFDE47718BB3,로켓단의 아테나,568899,1000,9,0,0,0,1,1200,1200,0,0,0,0,0,0,0,0,A_3M_FB
CRD_24FAA1F19A0941A2BB96,보미카,91267,8000,29,0,0,0,0,0,0,4,16500,14,16799,0,0,2,5299,PSA_ONLY
CRD_2521A01014064B6586BA,앤테이 EX,91627,9980,3,0,0,0,0,0,0,1,134800,5,88000,0,0,0,0,PSA_ONLY
CRD_2531910728D94C05A9E9,팔자크,256074,4000,2,0,0,0,0,0,0,0,0,0,0,0,0,1,1500,PSA_ONLY
CRD_25A76CC236D74FF2B49A,웨이니발 ex,116083,2500,16,1,4465,4465,5,3850,4465,1,12800,13,9500,0,0,0,0,A_1M_OK
CRD_26B8AD9FA6554601A3B7,뮤츠 GX,91294,11980,66,4,34650,36300,8,33000,36300,9,104000,43,98900,2,28125,12,27250,A_1M_OK
CRD_25B97585CC304F538181,잉어킹&고래왕 GX,91292,60000,26,0,0,0,2,149500,180000,12,276400,36,285722,4,107499,16,102489,A_3M_FB
CRD_274BA225B19844028DDF,총지엔 ex,164707,1100,3,0,0,0,0,0,0,0,0,0,0,0,0,0,0,A_NO_PTS
CRD_2706BD8A739F4460B703,로켓단의 뮤츠 ex,730958,16400,350,31,24266,19999,92,29118,19999,32,53591,93,63335,17,21593,35,22000,A_1M_OK
CRD_27CAC15F8DE54882AA0F,퍼퓨돈 ex,110899,1000,2,0,0,0,0,0,0,0,0,3,7200,0,0,0,0,PSA_ONLY
CRD_27858E2B38CF47A7A939,페르시온,284953,1500,18,2,1400,1300,8,1325,1300,10,8024,27,8150,0,0,2,3150,A_1M_OK
CRD_2757D35F33AC4CF99CC7,모야모,120745,4600,196,4,5999,5700,19,6499,5700,24,16874,65,18000,11,4800,27,4800,A_1M_OK
CRD_27DD36DAE86F45C69DEB,메가가디안 ex,657365,13888,190,15,15000,15000,57,15600,15000,27,28539,87,31500,4,16675,14,16000,A_1M_OK
CRD_27F9714CA8CF4C0D8906,비조도,608572,1000,5,0,0,0,0,0,0,3,7000,4,7000,0,0,1,2200,PSA_ONLY
CRD_2816C9B402A643F99D42,이상해꽃 ex,128100,1999,34,1,2500,2500,9,3200,2500,5,11249,27,11999,0,0,2,4250,A_1M_OK
CRD_2832ADAFA5F4490F8898,엘레이드 EX,382104,11000,1,0,0,0,0,0,0,0,0,0,0,0,0,0,0,A_NO_PTS
CRD_280E5479B51D442889C9,춤추새 ex,704402,4799,253,12,5684,4900,50,6682,4900,30,17198,90,20775,7,6499,25,6200,A_1M_OK
CRD_2847A51BC6AB4B00BB53,아크로마의 집념,282195,1000,3,0,0,0,0,0,0,0,0,0,0,0,0,0,0,A_NO_PTS
CRD_28347CC12F42441E8376,이상해꽃&주리비얀 GX,290868,2500,13,1,2499,2499,2,3239,2499,2,16249,13,13999,0,0,0,0,A_1M_OK
CRD_285E533D9D2F4E4F94A6,팔데아의 학생,164706,1000,18,0,0,0,0,0,0,0,0,2,7650,0,0,0,0,PSA_ONLY
CRD_2936DD31DD3F4679992B,팬텀&따라큐 GX,387059,10450,52,14,20149,21500,44,20000,21500,26,47593,83,46449,11,16900,31,16900,A_1M_OK
CRD_29545D8447D54F8F9E57,게노세크트 EX플라스마단,406756,0,0,0,0,0,0,0,0,0,0,0,0,0,0,0,0,A_NO_PTS
CRD_298C0EBA7D414B2DB409,삼삼드래 EX,382206,0,0,0,0,0,0,0,0,0,0,0,0,0,0,0,0,A_NO_PTS
CRD_298C5CE24A9343B9AF00,N의 조로아크 ex,506160,2000,70,1,2999,2999,6,2824,2999,10,9650,31,9650,0,0,0,0,A_1M_OK
CRD_29E34E5A35CC4FFAB36C,후파 EX,107418,60000,1,0,0,0,0,0,0,0,0,1,40000,0,0,0,0,PSA_ONLY
CRD_2A44F68D825C43749B38,크리만,608590,2000,7,0,0,0,0,0,0,2,7225,3,6750,0,0,0,0,PSA_ONLY
CRD_2A51F7848C3F425BADD0,치릴리,608465,1500,1,3,1000,1000,4,1000,1000,2,6450,2,6450,0,0,0,0,A_1M_OK
CRD_2A6241DAD8844867AA49,활화르바,418740,1000,5,0,0,0,0,0,0,2,6750,9,6500,0,0,0,0,PSA_ONLY
CRD_2AFC7629A65B45FBBCC8,복숭악동 ex,277255,1500,4,1,2200,2200,2,2200,2200,0,0,1,7500,0,0,0,0,A_1M_OK
CRD_2BDD89F3616849468EE4,데스니칸,608560,2400,4,0,0,0,0,0,0,1,6000,0,0,0,0,0,0,PSA_ONLY
CRD_2C1EDC815A2644BEB9DE,푸크린,704383,1000,82,0,0,0,0,0,0,18,6900,57,6875,2,2999,13,2750,PSA_ONLY
CRD_2C17B97D2D95413699E9,뮤츠&뮤 GX,91282,110000,71,3,320000,280000,8,250000,280000,17,548000,48,581250,8,219000,18,203820,A_1M_OK
CRD_2C78DB6891D243219B2F,비퀸 ex,132268,1000,5,0,0,0,0,0,0,0,0,0,0,0,0,0,0,A_NO_PTS
CRD_2CC63A0C3FDE4901A41B,모노두,608582,1000,5,0,0,0,0,0,0,1,6666,0,0,1,2970,0,0,PSA_ONLY
CRD_2D086E56EA5A4353922E,알로라나인테일 GX,335634,12900,5,0,0,0,0,0,0,0,0,0,0,0,0,0,0,A_NO_PTS
CRD_2DB11712502240BA802B,솔가레오&루나아라 GX,124079,1980,59,0,0,0,9,3500,3500,17,14539,45,14800,6,5750,15,4980,A_3M_FB
CRD_2EDC5DADC4F24ECD976A,팔데아 토오 ex,114771,1000,13,0,0,0,0,0,0,0,0,0,0,0,0,0,0,A_NO_PTS
CRD_2F01A346908C450BB7DD,꿰뚫는화염 ex,186431,2000,1,0,0,0,0,0,0,0,0,0,0,0,0,0,0,A_NO_PTS
CRD_2E403B756FE641CB89FF32CEB4BDDB4E,메가망나뇽 ex,730968,25500,324,22,44851,37458,79,51666,37458,31,105283,90,132960,26,34075,56,41174,A_1M_OK
CRD_2F0219577D244E019E99,레시라무 GX,112746,2400,7,1,1000,1000,2,2000,1000,0,0,0,0,0,0,0,0,A_1M_OK
CRD_2F715EB445B84B778ECB,스코빌런 ex,418746,1000,3,0,0,0,0,0,0,0,0,0,0,0,0,0,0,A_NO_PTS
CRD_2FA1805FDEA84161ABE3,껍질몬,664116,1000,21,0,0,0,0,0,0,13,6777,28,6700,0,0,1,2600,PSA_ONLY
CRD_300C6F0A10AF4D768DAB,깜눈크,608510,1000,1,0,0,0,0,0,0,0,0,0,0,0,0,0,0,A_NO_PTS
CRD_2FABCAF7B31F4346915C,코고미,608484,1380,8,0,0,0,0,0,0,2,7290,3,7280,0,0,0,0,PSA_ONLY
CRD_302EC9D2C71947778B51,꼬부기,128086,3000,73,10,3950,3699,56,4321,3699,24,18187,78,18465,4,7480,25,6300,A_1M_OK
CRD_308148D51D5845769B01,아이앤트 ex,418753,3000,1,0,0,0,2,2135,2970,0,0,0,0,0,0,0,0,A_3M_FB
CRD_304D28B61C7F409C86A4,이상해씨,657361,1000,88,11,1000,1000,32,1000,1000,28,7699,80,7721,6,3700,17,3200,A_1M_OK
CRD_30FDE55BA54D445982F5,춤추새 GX,339620,0,0,0,0,0,0,0,0,0,0,0,0,0,0,0,0,A_NO_PTS
CRD_31E2B98699A1410FBAC9,브라이어,318881,1500,3,0,0,0,0,0,0,0,0,1,8000,0,0,0,0,PSA_ONLY
CRD_321E17A2C21747AAB24E,복숭악동 ex,277240,0,0,0,0,0,0,0,0,0,0,0,0,0,0,0,0,A_NO_PTS
CRD_32386B204F0740378DD5,너트령,140262,1000,5,0,0,0,0,0,0,5,6700,7,6700,0,0,0,0,PSA_ONLY
CRD_324563089502413E8DA5,마스카나 ex,116085,2000,5,0,0,0,2,1775,2000,0,0,2,8900,0,0,0,0,A_3M_FB
CRD_31B29DFE42E24D77AFE1,슬리프,110918,1900,33,7,1999,1900,15,2000,1900,23,11250,68,10850,1,3500,2,3499,A_1M_OK
CRD_326BB4D3A84B467EB968,라티아스 ex,358115,29000,44,3,27500,27000,9,27500,27000,14,40500,50,45149,2,25450,4,23450,A_1M_OK
CRD_32A3236675F94589B53C,무쇠가시 ex,227631,0,0,0,0,0,0,0,0,0,0,0,0,0,0,0,0,A_NO_PTS
CRD_32E8DC4B424E4966B6CB,쁘사이저,210033,7000,2,1,1000,1000,0,0,0,1,6800,0,0,0,0,0,0,A_1M_OK
CRD_32E8F32B11894AB188C1,플루메리,91351,9999,4,0,0,0,0,0,0,0,0,0,0,0,0,0,0,A_NO_PTS
CRD_330DDDD1228E4170B359,형사구스 GX,386724,0,0,0,0,0,0,0,0,0,0,0,0,0,0,0,0,A_NO_PTS
CRD_331BADEFF9654B599D78,저지맨,159332,1000,4,0,0,0,0,0,0,0,0,0,0,0,0,0,0,A_NO_PTS
CRD_33360078EC2F4416BC8F,일레도리자드,227626,1000,4,0,0,0,0,0,0,2,6650,5,6600,0,0,0,0,PSA_ONLY
CRD_32C64F60484E4801A991,메가루카리오 ex,663638,42780,102,7,69000,58400,35,70000,58400,19,155933,63,164499,12,51949,34,53999,A_1M_OK
CRD_3339DB7AA7FD4A21BFE5,나무킹 EX,385521,0,0,0,0,0,0,0,0,0,0,0,0,0,0,0,0,A_NO_PTS
CRD_3341BC09AE6F45A6A646,모래성이당 ex,418748,1500,1,0,0,0,0,0,0,0,0,0,0,0,0,0,0,A_NO_PTS
CRD_33A3DF458AC34EC6B1BD,호브의 자시안 ex,505954,1000,10,1,1100,1100,1,1100,1100,4,7249,7,7000,0,0,0,0,A_1M_OK
CRD_3392C238DFEC4357BA88,아세로라의 장난,663641,4666,181,12,6000,5850,46,6489,5850,27,20699,78,23947,9,5200,30,5700,A_1M_OK
CRD_33A7A42687184DCAA53F,푸크린 ex,128105,1500,6,2,1250,1500,8,1400,1500,0,0,2,6900,0,0,0,0,A_1M_OK
CRD_3446ADE0F7424C998BED,엘풍 GX,393012,0,0,0,0,0,0,0,0,0,0,0,0,0,0,0,0,A_NO_PTS
CRD_34828B53A56D44318E76,용접공,104624,2970,11,0,0,0,0,0,0,2,15690,8,12250,0,0,0,0,PSA_ONLY
CRD_34BFCA1006BC49D89AF5,잉어킹&고래왕 GX,396322,3555,35,1,4500,4500,5,4500,4500,16,15641,44,16894,4,7050,17,6500,A_1M_OK
CRD_34FC12FEB9C94EC0B729,크레세리아,284951,1000,6,0,0,0,1,1000,1000,0,0,2,6750,0,0,2,2000,A_3M_FB
CRD_35EA350A18F04A80A0D5,깜눈크,110905,1000,6,0,0,0,0,0,0,0,0,1,5555,1,2500,2,2472,PSA_ONLY
CRD_35F025B882B548A18185,어릿광대,607936,1000,5,0,0,0,0,0,0,0,0,0,0,0,0,1,3000,PSA_ONLY
CRD_368954B62A864484B467,자망칼,608516,1400,2,0,0,0,0,0,0,0,0,0,0,0,0,0,0,A_NO_PTS
CRD_36BA95B689A44C28B170,메타그로스 GX,336288,0,0,0,0,0,0,0,0,0,0,0,0,0,0,0,0,A_NO_PTS
CRD_36D39DBAA5EC4EE09001,후딘 ex,128106,1700,14,1,1800,1800,6,1899,1800,4,9800,7,9800,0,0,0,0,A_1M_OK
CRD_375B75D3FC3E42BAA4AD,사나운버섯,138258,1500,4,2,1250,1500,2,1250,1500,5,7700,8,7739,0,0,1,1999,A_1M_OK
CRD_37AD357EC31F4A4E9BDD,핫삼 EX,390843,9999,1,0,0,0,0,0,0,0,0,0,0,0,0,0,0,A_NO_PTS
CRD_3867F42D081F475AB07C,민진의 헤아림,664124,1299,15,3,1000,1000,4,1000,1000,0,0,8,10349,4,3625,7,3500,A_1M_OK
CRD_38815299C2494F679535,내루미,186445,2000,8,0,0,0,0,0,0,2,7140,7,7000,2,2949,3,2900,PSA_ONLY
CRD_3921037F2F3643A38342,무쇠암석 ex,186449,1000,2,0,0,0,0,0,0,0,0,0,0,0,0,0,0,A_NO_PTS
CRD_394561233CE44337BF9C,심보러 GX,335633,0,0,0,0,0,0,0,0,0,0,0,0,0,0,0,0,A_NO_PTS
CRD_39462590847A4E32AF5F,아고용 GX,112787,3333,3,0,0,0,0,0,0,0,0,0,0,0,0,0,0,A_NO_PTS
CRD_3A1614A1D6F443708387,수댕이,584798,4999,9,6,5000,4500,11,4500,4500,12,13631,37,12000,1,4800,2,5400,A_1M_OK
CRD_3A51FC9327024878903D,무쇠잎새 ex,180201,3500,6,1,3300,3300,4,3275,3300,2,9063,6,9158,0,0,0,0,A_1M_OK
CRD_3A73844B3540483BBFB0,마샤도&괴력몬 GX,393043,0,0,0,0,0,0,0,0,0,0,1,22222,0,0,0,0,PSA_ONLY
CRD_3A9BC04410714B2ABFF2,메타그로스,186443,1000,6,1,2000,2000,2,1500,2000,6,7000,13,7475,0,0,1,4000,A_1M_OK
CRD_3AA02ECE90604311AE59,란쿨루스,608495,1000,3,0,0,0,0,0,0,0,0,0,0,0,0,0,0,A_NO_PTS
CRD_3ABA99E638CD43358D1A,라프라스 GX,106191,0,0,0,0,0,0,0,0,0,0,0,0,0,0,0,0,A_NO_PTS
CRD_3ADB55F70EE445AF8F86,라프라스 ex,296150,1500,1,0,0,0,0,0,0,0,0,0,0,0,0,1,3000,PSA_ONLY
CRD_3B0AA576F162446CAD28,전룡 EX,385411,16980,1,0,0,0,0,0,0,0,0,0,0,0,0,0,0,A_NO_PTS
CRD_3B1892201B8240FAA691,땅밑탐험대,91303,39000,14,0,0,0,0,0,0,1,37000,9,38800,0,0,0,0,PSA_ONLY
CRD_3B1C48E46678437CBAE4,가디안&님피아 GX,91289,65000,37,2,109999,119999,6,113499,119999,14,319750,41,302500,4,90000,14,96525,A_1M_OK
CRD_3B93462476FF4AC1B6AE,투로박사의 시나리오,152774,3000,2,0,0,0,0,0,0,0,0,0,0,0,0,0,0,A_NO_PTS
CRD_3B9DA71B112D43DAA326,다크펫 GX,112785,0,0,0,0,0,0,0,0,0,0,0,0,0,0,0,0,A_NO_PTS
CRD_3B9DA73247AA4D448AB0,오거폰 화덕의 가면 ex,256067,1000,4,0,0,0,0,0,0,2,7664,0,0,0,0,0,0,PSA_ONLY
CRD_3BC79D4373A7498D87FB,메가망나뇽 ex,724992,1000,79,1,1000,1000,2,1462,1000,9,7500,28,6890,0,0,0,0,A_1M_OK
CRD_3BE5316F6AED4A72B593,다크라이 GX,112793,18000,29,1,39999,39999,3,19990,39999,2,74400,19,83900,1,25000,4,25989,A_1M_OK
CRD_3BE8944EE0F7456FBD5A,도나리 GX,393184,1799,1,0,0,0,0,0,0,0,0,0,0,0,0,0,0,A_NO_PTS
CRD_3CABC0377B7C4F4BA3A7,무쇠암석 ex,172007,1000,3,0,0,0,0,0,0,0,0,0,0,0,0,0,0,A_NO_PTS
CRD_3C1390FC1DF04130BF02,민화의 초대,128112,2500,120,4,3800,3900,22,4050,3900,12,18600,55,18800,7,4400,22,4400,A_1M_OK
CRD_3DC005D2BBD14E03914E,웅의 근성,122007,10980,6,0,0,0,0,0,0,0,0,2,11399,0,0,0,0,PSA_ONLY
CRD_3BEF85BDD3334AB1B674,위유이 ex,164256,1100,2,0,0,0,1,1100,1100,0,0,0,0,0,0,0,0,A_3M_FB
CRD_3E05F7873B1A4A2388BA,레돔벌레,152763,1000,4,0,0,0,0,0,0,1,6098,3,6000,0,0,0,0,PSA_ONLY
CRD_3D8E86F6369447DC8A73,두빅굴 EX,108482,0,0,0,0,0,0,0,0,0,0,0,0,0,0,0,0,A_NO_PTS
CRD_3D9C68A514C54A7A8160,코라이돈 ex,107351,1000,5,0,0,0,0,0,0,1,5000,1,5000,0,0,0,0,PSA_ONLY
CRD_3E51556E4E8842128C4E,도희의 비기,282728,1000,1,0,0,0,1,1000,1000,0,0,0,0,0,0,0,0,A_3M_FB
CRD_3E7EFB8B95774E57AD88,찌리배리 ex,120740,1000,7,0,0,0,0,0,0,0,0,2,6850,1,2900,1,2900,PSA_ONLY
CRD_3E8A50AC63BE422598F2,전툴라,608554,1000,4,0,0,0,0,0,0,1,6600,3,6600,0,0,0,0,PSA_ONLY
CRD_3EB598DB6DD6410AAE57,베베솔트,120734,1000,13,0,0,0,0,0,0,2,6490,12,6500,0,0,0,0,PSA_ONLY
CRD_3ECB798328944A0F8A34,굽이치는물결 ex,186439,2000,3,0,0,0,1,3200,3200,1,8500,1,8500,0,0,0,0,A_3M_FB
CRD_3ED24376E1C34EC0A25B,푸크린 ex,127837,1900,1,0,0,0,0,0,0,0,0,0,0,0,0,0,0,A_NO_PTS
CRD_3F0CF7904DE24591A85C,네크로즈마 GX,334750,1000,1,0,0,0,0,0,0,0,0,0,0,0,0,0,0,A_NO_PTS
CRD_3F47FE910E9D4632AC13,키키링,120737,1000,11,0,0,0,0,0,0,4,6750,9,6800,1,3000,1,3000,PSA_ONLY
CRD_3F1A4E09C8E142A29BCF,맛보돈,132265,1000,9,0,0,0,0,0,0,0,0,9,6900,0,0,0,0,PSA_ONLY
CRD_3E81F48F8E78476C8639,짜랑고우거 GX,389328,0,0,0,0,0,0,0,0,0,0,0,0,0,0,0,0,A_NO_PTS
CRD_3F605DD9C57145F4A405,레시라무 ex,607935,1000,19,2,1100,1000,5,1000,1000,3,8800,12,8989,0,0,0,0,A_1M_OK
CRD_3F61C7008F084A26A6CC,독개굴 ex,110731,1000,2,0,0,0,0,0,0,0,0,0,0,0,0,0,0,A_NO_PTS
CRD_3FAA8A6B685E4661B8C6,라뉴이,100063,10000,21,0,0,0,0,0,0,2,12569,11,11999,1,5555,2,4027,PSA_ONLY
CRD_401FD6071DA84BD28DBD,가디안 ex,110901,1000,7,0,0,0,1,1280,1280,0,0,2,6900,0,0,0,0,A_3M_FB
CRD_3FF1314B8C744C4087FA,시유,255643,10800,77,5,22800,21000,24,22650,21000,22,69948,57,71866,12,17575,41,19400,A_1M_OK
CRD_4032908FFCFF4C66A7DA,알로라질뻐기 GX,106109,0,0,0,0,0,0,0,0,0,0,0,0,0,0,0,0,A_NO_PTS
CRD_403F30AD7CEB4458A3BA,유리카,91313,8900,18,0,0,0,1,11400,11400,0,0,9,23798,0,0,0,0,A_3M_FB
CRD_3FED5DC18A974AFBB5BA,딜리버드,661161,1000,19,0,0,0,0,0,0,10,6800,19,6800,0,0,1,2499,PSA_ONLY
CRD_404917AFA01148F5B7A7,브리두라스 ex,385169,1000,2,0,0,0,0,0,0,0,0,0,0,0,0,0,0,A_NO_PTS
CRD_407679EEDAA34799BBA6,실버디 GX,340629,1000,3,0,0,0,0,0,0,0,0,1,6666,1,3999,1,3999,PSA_ONLY
CRD_40B4022498F2461CB0E9,자포코일 EX,380797,98000,1,0,0,0,0,0,0,0,0,0,0,0,0,0,0,A_NO_PTS
CRD_40D2B16676124F24A955,무우마직 ex,704388,1000,6,0,0,0,0,0,0,2,6600,0,0,0,0,0,0,PSA_ONLY
CRD_40D95A6077D44FA3A682,비주기의 카리스마,128123,2000,39,2,4400,3800,10,4124,3800,4,17374,26,19650,0,0,3,5500,A_1M_OK
CRD_41A8630816A54FD4A1F7,흉내내기 아가씨,91305,10000,13,0,0,0,0,0,0,3,36000,4,36500,0,0,0,0,PSA_ONLY
CRD_41C4A6AF0C704C7CB5CF,독개굴 EX,108505,20000,1,0,0,0,0,0,0,0,0,0,0,0,0,0,0,A_NO_PTS
CRD_4156299E17D24C468D3E,명희,91278,39800,132,1,45000,45000,6,47500,45000,13,81000,55,81500,5,44800,12,41800,A_1M_OK
CRD_41CF2D5A4A6A43DDB951,기로치,245819,1000,17,1,1000,1000,2,1250,1000,3,6600,14,6625,0,0,0,0,A_1M_OK
CRD_421B1590AD54493AA0C1,올리르바 ex,568896,1000,3,0,0,0,0,0,0,1,6800,1,6800,0,0,0,0,PSA_ONLY
CRD_4143730A5E3C4C31B192,불카모스,608476,6700,7,0,0,0,1,1000,1000,6,6839,13,7000,0,0,0,0,A_3M_FB
CRD_422F8452B1C741639603,위대한엄니 ex,110898,1500,6,0,0,0,1,1500,1500,1,8500,3,8500,0,0,0,0,A_3M_FB
CRD_4224526A99B34DDDA194,포푸니라 GX,396157,2800,3,0,0,0,0,0,0,0,0,0,0,0,0,0,0,A_NO_PTS
CRD_43490A3EE356478497CB,호브의 자시안 ex,730166,1000,38,0,0,0,0,0,0,0,0,0,0,0,0,0,0,A_NO_PTS
CRD_437C97C642DD44B5B6AD,딩루 ex,164710,1280,2,0,0,0,0,0,0,1,7500,1,7500,0,0,0,0,PSA_ONLY
CRD_43D855425B824A7DAA12,나로테,116066,1000,9,1,1000,1000,2,1000,1000,2,7299,9,7099,0,0,1,2222,A_1M_OK
CRD_43FDDC429EF844C5A887,블래리,393120,68000,1,0,0,0,0,0,0,0,0,0,0,0,0,0,0,A_NO_PTS
CRD_43BC0926ACC14BDDAA6B,개굴닌자 ex,224087,32980,125,0,0,0,8,48000,41666,28,64599,82,69843,0,0,12,43444,A_3M_FB
CRD_4401EC58464B477AA7F6,이벨타르,136491,1100,22,1,1000,1000,1,1000,1000,5,7433,19,7433,0,0,0,0,A_1M_OK
CRD_44313E703A974D358FBF,갑주무사 GX,334704,0,0,0,0,0,0,0,0,0,0,0,0,0,0,0,0,A_NO_PTS
CRD_4549B35197074BE18BA7,우락고래 ex,568318,1000,2,0,0,0,0,0,0,2,6200,2,6200,0,0,0,0,PSA_ONLY
CRD_448903DEA445481396DD,화염레오,116067,1000,7,0,0,0,0,0,0,2,6899,7,7000,0,0,0,0,PSA_ONLY
CRD_45708EEF14E84AD79B2A,엘레이드,126677,3000,1,0,0,0,0,0,0,1,8900,5,8900,0,0,0,0,PSA_ONLY
CRD_45BCEE6F7FD34E328ECD,강철톤,152765,1200,3,0,0,0,2,1400,1800,4,7990,6,7980,0,0,0,0,A_3M_FB
CRD_45C9E6F60F414FF4A7C1,망나뇽 EX,91464,260000,10,0,0,0,0,0,0,2,277083,11,273000,0,0,1,99999,PSA_ONLY
CRD_45F4859A17FA4968BCF6,딱구리 ex,127907,1000,6,0,0,0,1,1000,1000,0,0,0,0,0,0,0,0,A_3M_FB
CRD_462F20A41FFE435A999B,웅의 스카우트,505955,1000,9,0,0,0,0,0,0,1,7000,1,7000,0,0,0,0,PSA_ONLY
CRD_465B3016FD4B41409D8C,냄새꼬,132254,1000,20,2,1000,1000,3,1000,1000,12,12766,21,10000,0,0,0,0,A_1M_OK
CRD_466576292217484F9E58,떨구새 ex,140304,1000,5,0,0,0,0,0,0,0,0,0,0,0,0,0,0,A_NO_PTS
CRD_4681609374F6454994EB,루티아,91302,130000,63,0,0,0,0,0,0,17,282000,57,275000,0,0,4,155000,PSA_ONLY
CRD_4828906D1AF3429BB260,글레이시아 GX,112782,9580,24,0,0,0,3,12500,12500,7,27000,22,32000,2,9935,5,8600,A_3M_FB
CRD_4828E06D60BD439AB3E4,노고고치 ex,506155,1000,6,0,0,0,0,0,0,4,6850,5,6900,0,0,0,0,PSA_ONLY
CRD_487CFF0EF551423B842A,블래키 GX,91299,45000,49,0,0,0,1,65000,65000,7,215555,38,199999,0,0,3,84999,A_3M_FB
CRD_489EB78CD21244439801,따라큐 GX,335619,1000,15,0,0,0,1,3300,3300,1,12800,6,14325,0,0,1,3999,A_3M_FB
CRD_491F98C389C24B31804E,M이상해꽃 EX,379667,1800,14,0,0,0,0,0,0,1,21200,2,22225,0,0,1,4100,PSA_ONLY
CRD_47A0659087604D088710,폭거북스,326009,1000,6,0,0,0,0,0,0,1,6180,7,6500,1,2880,1,2880,PSA_ONLY
CRD_492B3C0921ED4DF68345,아이리스,91575,12000,23,0,0,0,0,0,0,2,383444,5,387500,0,0,0,0,PSA_ONLY
CRD_4926DF1CF0484F49BC50,메가리자몽X ex,704385,4100,212,21,5000,4599,71,6720,4599,30,19310,89,21469,8,7212,27,7024,A_1M_OK
CRD_498BBDABFF4741DD92A0,썬더 ex,128042,1000,8,1,1000,1000,3,1000,1000,0,0,0,0,0,0,0,0,A_1M_OK
CRD_48B3B385581F4DFEA769,아기씨,321610,0,0,0,0,0,0,0,0,0,0,0,0,0,0,0,0,A_NO_PTS
CRD_49B4C54D818A4CF7BA81,M리자몽 EX,108500,12000,38,1,70000,70000,1,70000,70000,10,146900,29,145000,4,50750,8,46000,A_1M_OK
CRD_49B864154D884E16A393,MC의 호응유도,546112,1000,14,1,2050,2050,2,1925,2050,3,8600,4,8800,0,0,1,2500,A_1M_OK
CRD_49CC517FCE054EB99CD3,M리자몽 EX,106311,10000,15,0,0,0,0,0,0,4,91249,14,93749,0,0,1,24000,PSA_ONLY
CRD_4A61F5781B4E4CF1A1F0,절벼게,110904,1000,4,1,1000,1000,1,1000,1000,2,6850,10,6750,0,0,0,0,A_1M_OK
CRD_4AC772DA06674B6BBCD3,전지충이,182580,1000,5,0,0,0,0,0,0,2,6833,5,6666,1,2555,1,2555,PSA_ONLY
CRD_4B11473ECD9245248564,하데리어,608594,1000,2,0,0,0,0,0,0,1,7300,3,6500,0,0,1,3500,PSA_ONLY
CRD_4B1DB69AB33149CFB3D1,파오젠 ex,151725,1000,6,0,0,0,0,0,0,0,0,0,0,0,0,0,0,A_NO_PTS
CRD_4A17C07AEF20419B859B,테라키온,108825,22222,1,0,0,0,0,0,0,0,0,0,0,0,0,0,0,A_NO_PTS
CRD_4A6CC4A034DF4C3DAD74,피카츄 ex,730956,33333,625,30,54673,46000,91,64650,46000,32,96430,93,118427,25,39500,61,50000,A_1M_OK
CRD_4B6DD9DF25B548FEA79D,카푸꼬꼬꼭 ex,140158,4000,5,1,3500,3500,1,3500,3500,1,11000,3,11000,0,0,0,0,A_1M_OK
CRD_4BC0454F738547C680E7,토게피&삐&푸푸린 GX,104549,9999,8,1,12800,12800,5,12800,12800,1,37700,10,34500,0,0,2,11750,A_1M_OK
CRD_4BDF5407844B4C4399F9,루기아 GX,104644,18000,27,0,0,0,3,25000,20500,1,80000,11,115000,2,23499,4,23489,A_3M_FB
CRD_4BE279D087D44FB6B0F3,렌트라 ex,256070,1160,2,0,0,0,0,0,0,0,0,0,0,0,0,0,0,A_NO_PTS
CRD_4BF74DA1A517491DB6F7,저리어,608488,6800,2,1,1100,1100,1,1100,1100,0,0,2,7475,0,0,0,0,A_1M_OK
CRD_4C0F021D6C8D4B2C95BD,망나뇽 GX,321580,1000,5,0,0,0,1,1500,1500,1,15500,3,15000,0,0,0,0,A_3M_FB
CRD_4C491E5A492F45CB8EB5,그린의 전략,104597,4000,8,1,4200,4200,2,3600,4200,1,14500,6,13950,2,5000,4,5000,A_1M_OK
CRD_4C94C9838D3A4C2DA183,악식킹 GX,334920,0,0,0,0,0,0,0,0,0,0,0,0,0,0,0,0,A_NO_PTS
CRD_4CC1B8E1952F40E5AE74,스코빌런 ex,408337,1000,2,0,0,0,0,0,0,0,0,0,0,0,0,0,0,A_NO_PTS
CRD_4CE79903A8A042498E53,차곡차곡 GX,334424,1800,1,0,0,0,0,0,0,0,0,0,0,0,0,0,0,A_NO_PTS
CRD_4C6B8CCE76054101B753,헤라크로스 EX,390218,0,0,0,0,0,0,0,0,0,0,0,0,0,0,0,0,A_NO_PTS
CRD_4D1CD4CF50AA440F904D,거북왕&팽도리 GX,104578,30000,3,0,0,0,1,9999,9999,0,0,3,21000,0,0,0,0,A_3M_FB
CRD_4CF3E079DB20440ABDB1,벌차이,608513,1000,7,0,0,0,0,0,0,0,0,0,0,0,0,0,0,A_NO_PTS
CRD_4CCBCECB375543B99CEB,아크로마플라스마단,91603,10000,2,0,0,0,0,0,0,0,0,3,35000,0,0,0,0,PSA_ONLY
CRD_4DC3694C7B5E49B7A1A8,제크로무 ex,607934,21800,85,8,29399,24000,27,28666,24000,26,42780,78,45379,1,24500,11,20800,A_1M_OK
CRD_4E00186303FD42FCA5B7,빙큐보 ex,132165,1000,3,0,0,0,0,0,0,0,0,0,0,0,0,0,0,A_NO_PTS
CRD_4DD30CBFBB2B4EB88C71,루기아 EX,385531,238000,5,0,0,0,0,0,0,0,0,2,449000,0,0,0,0,PSA_ONLY
CRD_4E19D3DA09F7478A8AE4,칼라마네로 EX,390654,32000,3,0,0,0,0,0,0,1,15000,0,0,0,0,0,0,PSA_ONLY
CRD_4E35CE088AB142C69436D3D5EB25F6E7,카르본,704378,1000,33,1,1650,1650,2,1325,1650,11,6800,24,6762,2,3150,5,2999,A_1M_OK
CRD_4E40BBC7A11147499348,엠페르트 ex,704390,1000,6,1,1000,1000,1,1000,1000,2,6374,3,6500,0,0,0,0,A_1M_OK
CRD_4E71B1C188B74ACDB2DB,요가램 ex,326014,1000,3,0,0,0,0,0,0,0,0,0,0,0,0,0,0,A_NO_PTS
CRD_4EE25BC32C984F3BBC3C,아켄,608569,1000,2,0,0,0,0,0,0,0,0,1,6500,0,0,0,0,PSA_ONLY
CRD_4F9A907B588C4D71ADBF,민진,91524,8000,3,0,0,0,0,0,0,2,19250,3,19000,0,0,0,0,PSA_ONLY
CRD_4FBC77A3FDD544CCA755,루가루암 GX,336287,0,0,0,0,0,0,0,0,0,0,0,0,0,0,0,0,A_NO_PTS
CRD_500998CEAE8F48BE9DA0,큐레무 ex,608395,4200,30,1,4000,4000,10,4350,4000,10,12550,40,11557,1,4444,2,4472,A_1M_OK
CRD_4E99AE84CC834A47AD97,파치리스,109862,1000,9,3,1200,4000,6,1000,4000,7,7760,20,7684,0,0,1,2500,A_1M_OK
CRD_50821B0A1B1544889F09,눈쓰개,664113,1000,19,0,0,0,0,0,0,10,6525,28,6658,0,0,2,2249,PSA_ONLY
CRD_50907E2F804C48AEA846,이벨타르 GX,334614,2200,2,0,0,0,0,0,0,0,0,0,0,0,0,0,0,A_NO_PTS
CRD_4F19F10CD72544CDB78E,이벨타르 GX,334655,28000,2,0,0,0,0,0,0,0,0,0,0,0,0,0,0,A_NO_PTS
CRD_509F370C46394353934C,암팰리스,152779,1000,4,0,0,0,0,0,0,2,6489,9,6800,0,0,1,2444,PSA_ONLY
CRD_51054B3353C34EBC99FF,무쇠바퀴 ex,110936,1500,4,1,1000,1000,2,1000,1000,0,0,0,0,0,0,1,2200,A_1M_OK
CRD_510E12E6D5CD417197BF,굽이치는물결 ex,180179,2200,9,1,4200,4200,4,4100,4200,3,13500,12,10899,0,0,2,5250,A_1M_OK
CRD_519C4783A21343ABB5E8,이수재의 전송,128115,1000,3,2,1000,1000,5,1000,1000,0,0,2,7777,1,3480,1,3480,A_1M_OK
CRD_517D349E079B4F5E83C7,라티오스 EX,107419,120000,1,0,0,0,0,0,0,0,0,3,119999,0,0,0,0,PSA_ONLY
CRD_51C1A941A9694DF8AA9A,알로라나시 GX,105446,0,0,0,0,0,0,0,0,0,0,0,0,0,0,0,0,A_NO_PTS
CRD_51D5975726974B7B8758,트래피더 ex,110786,7280,2,0,0,0,1,1000,1000,1,7300,1,7300,0,0,0,0,A_3M_FB
CRD_51A40A7F283548AAA8AC,갑주무사 GX,334749,0,0,0,0,0,0,0,0,0,0,0,0,0,0,0,0,A_NO_PTS
CRD_526DC57204B446B594BD,무쇠독나방,138245,1000,5,1,1000,1000,1,1000,1000,0,0,2,6500,0,0,0,0,A_1M_OK
CRD_51EB2AB1F8BE40468C95,데덴네 GX,396155,10000,21,1,19999,19999,3,19999,19999,11,47133,41,44760,2,15600,8,14000,A_1M_OK
CRD_51BAE0050B1B403BBD88,화이트큐레무 GX,391708,0,0,0,0,0,0,0,0,0,0,0,0,0,0,0,0,A_NO_PTS
CRD_52AAE0598913498D8B12,유빈,105312,4200,1,0,0,0,0,0,0,1,7800,3,7800,0,0,0,0,PSA_ONLY
CRD_52D2632208334D4B88B0,투로박사의 시나리오,148934,1000,3,0,0,0,0,0,0,0,0,0,0,0,0,0,0,A_NO_PTS
CRD_52F60B81183042E68553,아고용 GX,393177,0,0,0,0,0,0,0,0,0,0,0,0,0,0,0,0,A_NO_PTS
CRD_5308BD56BE1440DC86D2,갸라도스 GX,105477,4000,5,0,0,0,1,7800,7800,0,0,2,23500,0,0,0,0,A_3M_FB
CRD_53468E96BA24425694EB,초련의 암시,100073,7780,40,0,0,0,5,9800,10000,4,26759,21,31000,2,9650,5,9899,A_3M_FB
CRD_536CF43303D74BB4BB90,운향,115237,1000,53,0,0,0,0,0,0,13,10400,29,10424,1,11999,5,2980,PSA_ONLY
CRD_539273CC06F546848821,민화의 초대,128122,6500,113,2,9500,9000,24,10200,9000,19,29596,64,33377,5,8900,25,8500,A_1M_OK
CRD_53BC7943DA1C4E528F42,부르르룸 ex,282102,1000,1,0,0,0,0,0,0,0,0,0,0,0,0,0,0,A_NO_PTS
CRD_53C3C8439568425FBA77,루가루암 GX,112756,1000,2,0,0,0,0,0,0,0,0,0,0,0,0,0,0,A_NO_PTS
CRD_53A0FD8027524CC4A991,알로라나시 GX,334905,0,0,0,0,0,0,0,0,0,0,0,0,0,0,0,0,A_NO_PTS
CRD_5403B77391C44B59BBF1,관광객,91269,45000,63,1,110000,110000,2,120000,110000,19,252000,62,252722,5,80000,20,95000,A_1M_OK
CRD_53E878DB5D8944638209,테라키온,608573,1000,8,0,0,0,0,0,0,0,0,2,7240,0,0,0,0,PSA_ONLY
CRD_5454D86FB3AE476B8576,메가이어롭 ex,703013,1000,5,0,0,0,0,0,0,0,0,0,0,0,0,0,0,A_NO_PTS
CRD_54122CD2AC754C009580,쉐이미,546105,1000,12,1,1000,1000,3,1000,1000,4,8497,9,8300,2,3000,4,2750,A_1M_OK
CRD_54066807917542B79D0E,플라이곤,704381,1000,37,0,0,0,0,0,0,7,6650,20,6848,1,2980,7,2500,PSA_ONLY
CRD_539D580996A8493CA8A2,캥카 ex,127984,1000,6,0,0,0,0,0,0,0,0,0,0,0,0,0,0,A_NO_PTS
CRD_5470C871DF3146EB9C6B,카지,251917,1000,8,0,0,0,0,0,0,0,0,0,0,0,0,0,0,A_NO_PTS
CRD_54D2FB20FB064C93818F,몰드류 ex,605425,1000,7,0,0,0,0,0,0,0,0,0,0,0,0,0,0,A_NO_PTS
CRD_5484754441BB42A286AE,무쇠바퀴 ex,110911,1000,5,0,0,0,0,0,0,1,6450,0,0,0,0,0,0,PSA_ONLY
CRD_55EE6B10CEA84CDA8EED,마샤도&괴력몬 GX,104622,10100,7,1,9999,9999,1,9999,9999,1,49800,14,35499,1,14800,3,15900,A_1M_OK
CRD_55FDE55C017C4092A5B0,이브이,224086,4200,89,7,5500,6300,44,5600,6300,27,18500,82,18758,4,6450,20,5800,A_1M_OK
CRD_56AD26AE94C842519BA8,보만다 GX,105349,0,0,0,0,0,0,0,0,0,0,0,0,0,0,0,0,A_NO_PTS
CRD_56F7E4C6FF4B4CBEA51F,가디안 GX,112800,4600,23,1,9000,9000,1,9000,9000,4,37749,12,37749,0,0,1,5999,A_1M_OK
CRD_57174D8548094A65841F,메가가디안 ex,664090,1000,32,0,0,0,1,1000,1000,5,7600,29,7300,1,3000,1,3000,A_3M_FB
CRD_57278A1C3B6140809E3F,게을로,418744,1000,11,0,0,0,1,1180,1180,4,6728,14,6728,0,0,0,0,A_3M_FB
CRD_5727B24E8A6442A9A5E7,메가폭타 ex,664104,1000,15,0,0,0,0,0,0,4,7225,6,7100,0,0,0,0,PSA_ONLY
CRD_574890E1CF4F4130A020,모아머,606689,1000,3,0,0,0,0,0,0,2,6240,0,0,0,0,0,0,PSA_ONLY
CRD_5830A265E66848C49F6F,제브라이카,608552,1000,6,0,0,0,1,1000,1000,1,7500,3,7400,0,0,0,0,A_3M_FB
CRD_5854A8B691CA4AF9B909,TV 리포터,91304,22222,6,1,25000,25000,1,25000,25000,1,24500,5,33000,0,0,0,0,A_1M_OK
CRD_5856FD4E3CD348CD9E52,휠구,608508,1000,1,0,0,0,0,0,0,0,0,1,6200,0,0,0,0,PSA_ONLY
CRD_57E4BE5A1FDD46759576,이브이 ex,469630,5000,141,16,5172,6000,55,5550,6000,31,17000,91,17150,8,6099,28,6025,A_1M_OK
CRD_5965C8E46105490CBE74,킹드라 EX,389611,0,0,0,0,0,0,0,0,0,0,0,0,0,0,0,0,A_NO_PTS
CRD_57CF7BA35A2F4108A971,토게데마루,703344,1000,29,0,0,0,0,0,0,10,6875,25,6700,3,2800,4,2650,PSA_ONLY
CRD_59F6DAA62F9D4244976D,이브이 GX,104535,12000,19,0,0,0,1,8000,8000,4,37049,14,31333,0,0,1,8700,A_3M_FB
CRD_5AFD5F4B7631458284E9,오엽,227636,1000,5,0,0,0,0,0,0,0,0,0,0,0,0,0,0,A_NO_PTS
CRD_5B35A21321964FEFB636,오거폰 주춧돌의 가면 ex,246357,2300,2,0,0,0,0,0,0,0,0,0,0,0,0,0,0,A_NO_PTS
CRD_5B702C8872B74994BDE1,조로아크,608581,3300,18,0,0,0,4,1900,2000,7,8366,19,8314,1,4099,3,4000,A_3M_FB
CRD_5B85A98483504BD2B701,심향의 칠색조 ex,546118,4980,27,1,3500,3500,3,4750,3500,6,15958,23,15416,0,0,0,0,A_1M_OK
CRD_5BFE2B8ADBF64C2CBCFF,악비르,608511,1000,3,0,0,0,0,0,0,0,0,0,0,0,0,0,0,A_NO_PTS
CRD_5A1A6E8474A040978D4B,볼케니온 ex,506158,1799,22,1,1800,1800,2,1400,1800,6,7550,20,7500,1,1800,3,2900,A_1M_OK
CRD_5C096EF4AA584BDCA606,시트론의 재치,418752,1200,2,0,0,0,0,0,0,0,0,0,0,0,0,0,0,A_NO_PTS
CRD_5CDC6F885194428BADB1,에레키블 ex,546111,1000,3,0,0,0,0,0,0,1,7000,1,7000,0,0,0,0,PSA_ONLY
CRD_5B57F8A6A3104F4E93DA,엘풍 GX,393045,15000,1,0,0,0,0,0,0,0,0,0,0,0,0,0,0,A_NO_PTS
CRD_5D7CA51BCEB44BAEA02D,곤율거니,608577,1280,3,0,0,0,0,0,0,2,8150,3,7900,0,0,0,0,PSA_ONLY
CRD_5D857A6DB3B4475CAD61,팽도리,704380,1000,102,10,1174,1066,29,1155,1066,31,7380,84,7833,10,2987,33,2700,A_1M_OK
CRD_5D99F1F054944414B285,플라드리 최후의 수단,108461,29800,4,0,0,0,0,0,0,0,0,0,0,1,9000,1,9000,PSA_ONLY
CRD_5D9E1E48807A4B839B95,돌핀맨 ex,256068,1000,3,0,0,0,0,0,0,0,0,1,5500,0,0,0,0,PSA_ONLY
CRD_5E4E70BF23AC40C7ACFF,게을킹 ex,418751,1180,3,0,0,0,0,0,0,0,0,0,0,0,0,0,0,A_NO_PTS
CRD_5E2DD9D7EE3942628E86,괴력몬 EX,107413,38500,1,0,0,0,0,0,0,2,37500,4,37000,0,0,0,0,PSA_ONLY
CRD_5EE6DC9AFBE242028F0F,지라치 EX,406757,32000,7,0,0,0,0,0,0,1,230000,1,230000,0,0,0,0,PSA_ONLY
CRD_5EC5DF045E124BF1ACA2,로켓단의 크로뱃 ex,568325,7499,26,2,7499,7499,7,7499,7499,11,16000,40,16037,0,0,2,6774,A_1M_OK
CRD_5F01EFF37F2B4265ACDD,줄뮤마,608551,1000,4,0,0,0,0,0,0,1,6499,1,6499,0,0,0,0,PSA_ONLY
CRD_5DAB2DD66D0B451E8825,메테노,136658,1000,4,0,0,0,0,0,0,3,6899,3,6899,0,0,1,2444,PSA_ONLY
CRD_5F1E0C24C1C64F5FB49E,세레비&이상해꽃 GX,396398,6300,8,0,0,0,0,0,0,1,14500,8,14600,0,0,2,7989,PSA_ONLY
CRD_5F7760C6F9C843AFBC32,오거폰 우물의 가면 ex,246358,2200,2,0,0,0,0,0,0,0,0,0,0,0,0,0,0,A_NO_PTS
CRD_5F8E8D482CEE40979BB4,후딘 ex,156427,1000,2,0,0,0,0,0,0,0,0,0,0,0,0,0,0,A_NO_PTS
CRD_5FB16D1BB32E4BC8873F,쏘드라,277251,1300,6,1,1100,1100,2,1050,1100,1,8433,5,8580,0,0,0,0,A_1M_OK
CRD_5EF0A6A219594553A91B,한카리아스 ex,136493,4300,32,0,0,0,4,5849,5899,12,16625,35,17000,0,0,0,0,A_3M_FB
CRD_5FFCA95807BE4F5A9443,비리디온 GX,334817,0,0,0,0,0,0,0,0,0,0,0,0,0,0,0,0,A_NO_PTS
CRD_6033B85380BA4D14AE12,뮤 ex,128111,2800,92,7,5200,4249,46,6600,4249,19,25900,48,28933,2,6939,4,7989,A_1M_OK
CRD_60994F0DC5F242CA928F,릴리에의 삐삐 ex,505953,2900,44,3,2980,2980,12,2749,2980,22,10437,63,10800,1,3800,2,3140,A_1M_OK
CRD_6233EED5112D4257876B,파라블레이즈,411885,1000,67,3,1499,1499,5,1499,1499,11,7880,40,7930,0,0,2,3200,A_1M_OK
CRD_6287A3AF49C442799402,메가썬더볼트 ex,664089,1000,18,0,0,0,0,0,0,3,7000,5,7000,0,0,0,0,PSA_ONLY
CRD_62BDFC93B8524B53A057,다크펫 ex,110932,1000,4,0,0,0,0,0,0,1,6000,2,6000,0,0,0,0,PSA_ONLY
CRD_62C30725144E4427BB77,전툴라 ex,307285,1000,1,0,0,0,0,0,0,0,0,0,0,0,0,0,0,A_NO_PTS
CRD_80D85D7E34F6498CA2BB,과사삭벌레,221940,1000,10,1,1650,1650,2,1400,1650,1,6800,7,6800,0,0,0,0,A_1M_OK
CRD_815D5679E06B4695ACEE,메가헤라크로스 ex,702958,1000,15,0,0,0,0,0,0,0,0,0,0,0,0,0,0,A_NO_PTS
CRD_BA09E1E2876D4AF9A7EC,겟핸보숭,702702,1000,52,1,1000,1000,2,1000,1000,18,6733,45,6700,1,2999,2,2721,A_1M_OK
CRD_624C4EA100C746ABB72D,스핀로토무,730945,1000,55,1,1000,1000,2,1000,1000,6,6683,17,6800,1,3000,6,2322,A_1M_OK
CRD_E4269732BF5E4DAE84E6,부스터 EX,91495,30000,25,0,0,0,0,0,0,6,109749,23,127500,1,50000,1,50000,PSA_ONLY
CRD_84630510CDEC47779B56,무우마직 ex,702985,1000,13,0,0,0,0,0,0,0,0,0,0,0,0,0,0,A_NO_PTS
CRD_96F78E077FFB4F7BADB9,큐레무 EX,385523,60000,2,0,0,0,0,0,0,0,0,0,0,0,0,0,0,A_NO_PTS
CRD_80B334F26A674D66A45F,메가이어롭 ex,704391,1000,11,0,0,0,1,1000,1000,1,7499,4,7249,0,0,0,0,A_3M_FB
CRD_F5B64C8E7DA849918BEA,춤추새 ex,704386,1000,24,0,0,0,0,0,0,3,7300,8,7215,0,0,0,0,PSA_ONLY
CRD_8C5E1C0CADAB42CBA2D3,로파파,704376,1000,37,0,0,0,0,0,0,20,6800,41,6800,2,2940,5,2500,PSA_ONLY
CRD_7F1D667AFCA842A38431,엠페르트 ex,702999,1000,6,0,0,0,0,0,0,0,0,0,0,0,0,0,0,A_NO_PTS
CRD_8DA52922128149E3B77A,빛나,704406,2700,118,17,3500,3449,46,3800,3449,26,13691,84,14354,11,4300,26,4200,A_1M_OK
CRD_B8B69E5A34C042F2928346295A367A70,메가리자몽X ex,704407,125000,246,20,241500,205137,52,244000,205137,24,538349,74,578901,22,183750,77,204333,A_1M_OK
CRD_649DBF44700540B8A098,콩알뚜기,704377,1000,23,0,0,0,0,0,0,15,6800,33,6750,0,0,2,2322,PSA_ONLY
CRD_6B3F6BFCB5834D188F85,팬텀,126676,4300,102,8,5252,5555,34,5527,5555,28,17913,85,17025,4,7700,18,5750,A_1M_OK
CRD_EC62C637F8664F9692A4,드라꼰,724994,1000,58,0,0,0,0,0,0,11,6778,18,6739,2,2592,3,2500,PSA_ONLY
CRD_F95322AF0A1243D99F83,메가리자몽X ex,704401,78000,404,31,129936,121557,87,129333,121557,31,189299,92,200601,25,100000,65,106000,A_1M_OK
CRD_75D9086E863C4AA6A733,드래런치,724995,1000,49,0,0,0,1,1000,1000,11,6791,16,6750,1,2800,3,2444,A_3M_FB
CRD_9DA43870585949379283,리자몽 EX,91462,80000,24,0,0,0,0,0,0,10,700000,27,689000,0,0,2,265000,PSA_ONLY
CRD_6E6A642B52D441B786B7,뷰티플라이,731012,1000,49,1,1000,1000,1,1000,1000,13,6783,22,6700,0,0,3,2444,A_1M_OK
CRD_644D9605B98343E2BD97,고라파덕,729387,2300,215,30,2583,2000,91,2786,2000,32,21658,92,22359,21,4550,49,4980,A_1M_OK
CRD_7633E4DC01B743F4A4BC,메가팬텀 ex,724996,42000,389,32,65925,58000,92,68741,58000,32,115062,93,131179,18,54610,51,61900,A_1M_OK
CRD_EF8B22836E854405A0EE,메가자리 ex,542643,1000,9,0,0,0,0,0,0,0,0,0,0,0,0,0,0,A_NO_PTS
CRD_CCC2D6D574104829BBDF,N의 제크로무,727387,1000,177,15,1000,1000,56,1081,1000,32,8969,90,9692,15,3500,29,3500,A_1M_OK
CRD_D8CA3FC24E11442D97E0,빠모,162093,2400,8,0,0,0,2,3250,3500,2,6999,5,6999,0,0,0,0,A_3M_FB
CRD_78BC0A0FADB34F7CAADD,폭타 EX,381542,0,0,0,0,0,0,0,0,0,0,0,0,0,0,0,0,A_NO_PTS
CRD_6F63FE893F744455B063,염무왕,584797,1000,3,0,0,0,0,0,0,0,0,1,6500,0,0,0,0,PSA_ONLY
CRD_3E0AD8CAAB4F44D5B183,레시라무,405566,10000,7,1,108000,108000,1,108000,108000,3,255000,7,250000,0,0,0,0,A_1M_OK
CRD_78E696D892A1480CB471,에몽가 EX,379835,4400,1,0,0,0,0,0,0,0,0,0,0,0,0,0,0,A_NO_PTS
CRD_79B0B8C088454C1EB451,대로트 EX,381521,0,0,0,0,0,0,0,0,0,0,0,0,0,0,0,0,A_NO_PTS
CRD_6393EBE4F2594F90B558,쉐이미 EX,107420,22000,2,0,0,0,0,0,0,0,0,1,39800,0,0,0,0,PSA_ONLY
CRD_91F9D869C7DF4777B799,오거폰 벽록의 가면 ex,225329,1000,1,0,0,0,0,0,0,0,0,0,0,0,0,0,0,A_NO_PTS
CRD_FEFAF7CBA0EE46E7AC20,메가곤율거니 ex,730154,1000,14,0,0,0,0,0,0,0,0,0,0,0,0,0,0,A_NO_PTS
CRD_9337B381E5BB47909A16,꼬몽울,730938,1000,53,1,1000,1000,1,1000,1000,11,6800,20,6800,0,0,0,0,A_1M_OK
CRD_A87D1D76614640AC9160,M피죤투 EX,106659,25000,1,0,0,0,0,0,0,0,0,0,0,0,0,0,0,A_NO_PTS
CRD_979704595E1644E09F8A,난천의 화강돌,730281,1000,128,2,3375,4000,5,2750,4000,24,6815,56,6952,5,3000,11,2980,A_1M_OK
CRD_DE6ADE7BA0D1404C9EBB,심향의 마그카르고,730939,1000,62,0,0,0,0,0,0,12,6840,28,6800,3,2899,8,2500,PSA_ONLY
CRD_A2686BFC7EE14D7788F6,로켓단의 닥트리오,730943,1000,72,2,1000,1000,2,1000,1000,15,6800,34,6999,2,2640,8,2600,A_1M_OK
CRD_FA3F82848A274CCC8A5A,버베나와 헬레나,730947,1000,44,1,1000,1000,5,1000,1000,3,7800,4,7899,1,3000,4,3000,A_1M_OK
CRD_7C97C49AAB974ED1A3A3,모야모의 찌리배리 ex,730957,4100,134,16,5000,5000,58,6338,5000,28,16075,71,20000,4,5900,11,6200,A_1M_OK
CRD_DF5E783CC8444CCFA94A,일레도리자드,730940,1000,38,0,0,0,0,0,0,7,6800,15,6700,0,0,4,2444,PSA_ONLY
CRD_A82AA6D16570455DA915,둔타,731014,1000,37,1,1000,1000,1,1000,1000,12,6800,20,6800,1,2500,5,2500,A_1M_OK
CRD_F14BD93ACD694043B8B1,성호의 메타그로스 ex,730963,2800,60,13,3500,3500,51,4000,3500,23,15000,56,16266,0,0,3,4200,A_1M_OK
CRD_A5FA3E3050F046ACB362,요가램,730944,1000,48,1,1000,1000,1,1000,1000,6,6800,11,6820,3,2499,5,2444,A_1M_OK
CRD_C504554B465840AAB681,기로치 ex,730962,1800,71,9,2000,2161,42,2000,2161,19,8839,44,10000,0,0,2,2600,A_1M_OK
CRD_F209CF50AD384B7A907F,눈꼬마,731015,1000,45,0,0,0,0,0,0,10,6783,19,6766,1,2899,2,2599,PSA_ONLY
CRD_AA3AA58E730E469981E5,독케일,731013,1000,39,0,0,0,0,0,0,10,6750,19,6800,2,2490,5,2580,PSA_ONLY
CRD_EF91E183AFB348229113,성화,91135,1500,26,0,0,0,1,1750,1750,13,9900,32,10250,0,0,3,3650,A_3M_FB
CRD_BD598DEBF42248F3A0D7,유채의 활기,91138,2450,81,0,0,0,1,3500,3500,15,11500,40,11348,1,3780,1,3780,A_3M_FB
CRD_2348A7F2758F419FAB09,히스이 조로아크 VSTAR,91136,2750,10,1,2500,2500,2,2850,2500,0,0,3,9500,0,0,0,0,A_1M_OK
CRD_EC410684A6FD4E888271,뮤츠 V,91133,5500,117,2,26000,24000,29,21283,24000,20,51132,74,59292,4,16450,17,15900,A_1M_OK
CRD_695A1C7D2A614268A739,리자몽 VSTAR,91146,8000,50,0,0,0,9,14999,14999,13,38466,42,39550,0,0,4,12800,A_3M_FB
CRD_DB1896C047CE499EA48B,오리진 디아루가 V,91140,7000,35,3,10999,10000,10,11000,10000,9,24266,36,28750,0,0,2,10800,A_1M_OK
CRD_62A6B9CDD727412080D2,가라르의 동료들,91152,4000,142,3,4195,4195,8,5050,4195,17,16583,68,16912,3,4980,7,5000,A_1M_OK
CRD_6E0B4C84AEBB48D9ACE6,붐볼,96697,0,0,0,0,0,1,2700,2700,1,18000,2,17400,0,0,0,0,A_3M_FB
CRD_9164D7095AC54C06BE66,피카츄 VMAX,91154,15100,72,4,27250,26149,17,28250,26149,21,68499,68,62171,1,25000,5,20000,A_1M_OK
CRD_CE167D5150A34D07B7AF,리자몽 V,91147,29800,103,4,39999,45000,14,38750,45000,19,69498,69,79066,2,36000,13,37000,A_1M_OK
CRD_80762657E1724F278624,아세로라의 예감,91151,6280,216,2,6450,5000,9,7900,5000,24,17000,66,18132,6,5900,15,6000,A_1M_OK
CRD_6BBDDAB4D43548A49C5C,M거북왕 EX,106316,13800,8,0,0,0,0,0,0,1,31000,6,30489,0,0,0,0,PSA_ONLY
CRD_EC4DDEF3D32C4E658D4C,뮤 V,91163,19999,121,5,31000,31000,18,31500,31000,21,62670,68,69899,5,27000,11,30250,A_1M_OK
CRD_B478B609372F4829A9FD,피아나의 결의,91165,4900,54,1,8888,8888,5,5900,8888,8,21495,44,19249,0,0,0,0,A_1M_OK
CRD_30975550ADDC4EA8A667,부스터 V,91171,14000,67,3,19000,19000,10,18499,19000,20,36879,66,38000,3,19800,10,17999,A_1M_OK
CRD_3F76B4D8B9814F63AA83,샤미드 V,91172,17800,60,2,22249,22999,5,22999,22999,16,35698,57,39000,2,18699,9,17250,A_1M_OK
CRD_E77C9D8E174B4348BB30,두랄루돈 V,91169,5980,16,0,0,0,0,0,0,1,12500,5,12000,0,0,0,0,PSA_ONLY
CRD_890AC787BC9E4C2DB28A,에브이 V,91175,19000,68,1,24800,24800,10,24150,24800,23,49800,62,50000,3,21800,7,22300,A_1M_OK
CRD_C4F64FFCE1CF446580D4,사나,91168,4100,109,2,9000,9000,3,9000,9000,14,18950,50,24063,1,9000,1,9000,A_1M_OK
CRD_54862537AC0B4A368C5A,제라오라 V,91180,12000,35,3,12500,10900,7,11900,10900,7,24399,33,26480,1,11500,4,11300,A_1M_OK
CRD_6C48D7D464D0402B9F7D,뮤 ex,128124,9888,156,6,17750,16480,49,21000,16480,23,45266,73,49900,3,11800,9,17000,A_1M_OK
CRD_F54B2C86FFE74D62867A,망나뇽 V,91166,55000,28,2,66500,68000,4,69500,68000,12,119699,48,117224,1,49000,2,49000,A_1M_OK
CRD_D9AD2D4FCCF34C3D93DB,블래키 EX,91481,130000,9,0,0,0,0,0,0,1,910000,6,939000,0,0,1,240000,PSA_ONLY
CRD_1752B1022AD74CC0AF24,모미,91187,5000,33,0,0,0,0,0,0,11,13999,36,12925,0,0,1,5900,PSA_ONLY
CRD_89C3A6311F30458ABBDA,풍란,91193,3980,99,1,6600,6600,7,4999,6600,21,13375,61,13800,2,5750,7,5200,A_1M_OK
CRD_A848A7E12690411197B4,리자몽 VMAX,91191,18000,250,4,29000,27000,23,32500,27000,31,52933,85,55350,4,24258,21,24150,A_1M_OK
CRD_FE7A2CCC9AFB4044AD37,마리,91206,45000,139,2,50000,50000,7,60000,50000,24,100900,73,103199,3,52999,12,52499,A_1M_OK
CRD_BE15DB54E85D437389C2,피카츄 VMAX,91197,30000,44,0,0,0,4,68250,62800,18,105450,45,128000,2,52000,3,49000,A_3M_FB
CRD_92EC2C1ED4F04945A412,야청,91196,5000,30,0,0,0,0,0,0,10,13649,28,14099,0,0,0,0,PSA_ONLY
CRD_3C4CBC99613B4B548008,소니아,91203,12000,46,0,0,0,0,0,0,5,29999,33,39000,1,19500,3,18000,PSA_ONLY
CRD_2E4CD75454EB4A199A90,마기라스 V,91189,35000,26,1,34999,34999,2,32499,34999,9,75000,35,84000,1,45800,5,39999,A_1M_OK
CRD_0EA9A767E8E64BC7B5D3,소니아,91204,12900,4,0,0,0,0,0,0,0,0,3,9800,0,0,0,0,PSA_ONLY
CRD_6CCC633E4EDE4AC7B8F3,보스의 지령,91201,0,0,0,0,0,0,0,0,0,0,1,15000,0,0,0,0,PSA_ONLY
CRD_44A1BB145FB243139F1C,흑마 버드렉스 VMAX,91182,66000,58,0,0,0,1,90000,90000,13,107500,48,113625,2,76250,3,75000,A_3M_FB
CRD_39A2F0B42FC5405188AA,보스의 지령(비주기),91200,34400,8,0,0,0,1,18000,18000,5,34999,16,32000,3,18000,3,18000,A_3M_FB
CRD_692B14B6D94747048405,비파리온 V,91199,2500,1,0,0,0,0,0,0,0,0,0,0,0,0,0,0,A_NO_PTS
CRD_EFFAAF3652A343819720,이슬&칸나,91272,25000,37,1,44500,44500,1,44500,44500,8,89499,30,86250,2,40000,12,34350,A_1M_OK
CRD_8ED834DBED86423DAAE0,마오&수련,91275,16000,79,0,0,0,2,17350,16700,8,31007,42,31497,0,0,2,17000,A_3M_FB
CRD_95962D36A0B54D96A10A,리자몽 GX,91293,118000,46,0,0,0,0,0,0,14,354775,39,359800,2,159999,10,149200,PSA_ONLY
CRD_8B7637F128294F9EB800,피카츄&제크로무 GX,91290,92000,63,3,249999,249999,5,249999,249999,13,659500,56,637499,7,225000,19,220000,A_1M_OK
CRD_97550D8F6FD846C1809E,블루의 탐색,91288,8500,94,0,0,0,1,28000,28000,14,60375,46,69083,0,0,1,26800,A_3M_FB
CRD_85E5684497324EADB399,개굴닌자 GX,91297,7980,40,0,0,0,2,28999,25000,2,71499,15,76400,2,25500,4,23125,A_3M_FB
CRD_8B73A94707F24308AF21,에브이 GX,91298,15000,20,1,15000,15000,1,15000,15000,4,57699,14,58844,4,18500,9,18000,A_1M_OK
CRD_6DDDEA43AA7647C5BA28,난천,91296,33000,63,0,0,0,1,40000,40000,14,63500,46,66525,1,33000,6,30500,A_3M_FB
CRD_AFD17D0FE9FF44FF8492,프리져 GX,105347,39800,4,0,0,0,1,3420,3420,0,0,0,0,0,0,0,0,A_3M_FB
CRD_AA067EA038324239B8DD,카르네,91311,10000,15,0,0,0,1,9800,9800,2,22749,10,21999,0,0,0,0,A_3M_FB
CRD_F8474225830A4240A94E,민화의 대접,91291,15000,103,1,18000,18000,5,21500,18000,15,45000,56,47999,4,16695,14,16700,A_1M_OK
CRD_7EA2A978F4084F7B8C2F,레시라무 GX,105358,3500,9,0,0,0,0,0,0,0,0,1,22000,0,0,0,0,PSA_ONLY
CRD_D87B1708EDCE4A669223,망나뇽 GX,105361,22900,2,0,0,0,0,0,0,1,42000,3,35000,0,0,0,0,PSA_ONLY
CRD_B86A682830BA4F8D9F57,펄기아 GX,105386,2980,5,0,0,0,0,0,0,0,0,3,24800,0,0,0,0,PSA_ONLY
CRD_BB1E084CEC1F4C23BA89,유채,91319,6000,39,0,0,0,0,0,0,5,49800,16,57915,1,18800,3,20000,PSA_ONLY
CRD_E0218102B7A74B0FBB22,피아나,91309,10000,34,0,0,0,0,0,0,6,78000,17,85000,1,33000,3,30000,PSA_ONLY
CRD_66939CDD71824EF5877F,루자미네,91330,63000,46,0,0,0,0,0,0,15,224396,42,229964,1,102000,4,106000,PSA_ONLY
CRD_E1D8518B742042F6B3BB,솔가레오 GX,106190,12000,4,0,0,0,0,0,0,0,0,0,0,0,0,0,0,A_NO_PTS
CRD_AF75DCD7E11042F68065,디아루가 GX,105411,3999,4,0,0,0,1,4999,4999,0,0,1,28000,0,0,0,0,A_3M_FB
CRD_BC975C84189F46CDAFBF,난천,91317,35900,50,1,80000,80000,1,80000,80000,16,126999,43,142000,0,0,8,77000,A_1M_OK
CRD_ECF4D706A0EC47988C66,글라디오,91328,17800,17,0,0,0,0,0,0,0,0,6,33348,1,16500,1,16500,PSA_ONLY
CRD_FE47117BF3F441FEA5A6,리자몽 GX,91349,55800,24,0,0,0,1,99999,99999,6,370229,31,315000,1,90000,9,86250,A_3M_FB
CRD_94600282DA1043CC8FAF,구즈마,91347,25000,3,0,0,0,0,0,0,0,0,4,14999,0,0,0,0,PSA_ONLY
CRD_4DFC063703184E429E4F,가디안 VMAX,102272,7777,1,0,0,0,1,4500,4500,0,0,2,12650,0,0,0,0,A_3M_FB
CRD_70AB4EE68E7847EB9537,칠색조 GX,105495,64500,5,0,0,0,2,9499,10000,0,0,7,52000,1,17777,1,17777,A_3M_FB
CRD_787A4B40D73A4555BE21,알로라나인테일 GX,112780,3280,8,1,7000,7000,3,4200,7000,0,0,1,16000,0,0,1,5980,A_1M_OK
CRD_C53876B78A1D4CE1AAA8,에브이 GX,91368,8800,6,0,0,0,0,0,0,2,72499,3,70000,1,11899,3,13000,PSA_ONLY
CRD_EFEE7C6C9BA44AF98AF2,이상해꽃 EX,106331,30000,1,0,0,0,1,5000,5000,0,0,0,0,0,0,0,0,A_3M_FB
CRD_CC0F23B6FAC346E58A02,스컬단의 조무래기,91364,6280,11,0,0,0,0,0,0,1,28000,1,28000,0,0,0,0,PSA_ONLY
CRD_C4895FD08DDF4F6096E5,칠색조 EX,390866,0,0,0,0,0,0,0,0,0,0,0,0,0,0,0,0,A_NO_PTS
CRD_67BA3BC34CA2443FAB1C,리자몽 EX,106315,19800,17,0,0,0,0,0,0,0,0,6,77500,0,0,1,14800,PSA_ONLY
CRD_6D7FD944EBBE4E7AA8A1,N,91636,21000,8,0,0,0,0,0,0,1,168000,4,124000,0,0,1,78800,PSA_ONLY
CRD_89A20BE9777E4815B50C,M이상해꽃 EX,91468,99000,7,0,0,0,0,0,0,1,97000,3,98000,0,0,0,0,PSA_ONLY
CRD_C7EE29160ED94C72BB44,이슬의 의욕,91460,78000,11,0,0,0,0,0,0,1,255000,11,252240,0,0,1,120000,PSA_ONLY
CRD_774A388CB1DC46F384AE,뮤츠 EX,91463,235000,25,0,0,0,0,0,0,0,0,8,445666,2,175000,3,165000,PSA_ONLY
CRD_67397D46BAC44F998127,피죤투 EX,91469,25000,6,1,23000,23000,1,23000,23000,1,54800,4,52400,0,0,1,19999,A_1M_OK
CRD_8550FB250AFA4FADB616,거북왕 EX,91458,145000,11,0,0,0,0,0,0,1,330000,8,342500,0,0,1,200000,PSA_ONLY
CRD_4D37677B8AA341108958,제르네아스 EX,379755,4980,2,0,0,0,0,0,0,0,0,0,0,0,0,0,0,A_NO_PTS
CRD_B16E4806EF614E799EA1,M피죤투 EX,91471,45000,6,0,0,0,0,0,0,0,0,4,51822,0,0,0,0,PSA_ONLY
CRD_ACE1406D88444132AE41,프리져 EX플라스마단,406355,78000,3,0,0,0,0,0,0,0,0,1,250000,1,70000,1,70000,PSA_ONLY
CRD_DAA6AB20B9FA4E75BA0C,썬더 ex,128110,1000,10,3,1500,1900,6,1500,1900,6,8499,15,8000,0,0,0,0,A_1M_OK
CRD_BE12D91B22794119B3E1,글레이시아 EX,389653,3900000,1,0,0,0,0,0,0,0,0,0,0,0,0,0,0,A_NO_PTS
CRD_DDA35E539E7A4A1C897D,가디안 EX,91493,44000,23,0,0,0,0,0,0,11,166750,22,174900,0,0,0,0,PSA_ONLY
CRD_DC74E397CD2F48098A04,갸라도스 EX,91498,55000,8,0,0,0,0,0,0,2,209800,7,200000,0,0,0,0,PSA_ONLY
CRD_C94913B9843F44CAA1C8,부스터 EX,91492,65000,14,0,0,0,0,0,0,16,360000,45,325000,2,167777,3,155555,PSA_ONLY
CRD_CD013DC1D5D04AC8B637,에브이 EX,91496,60000,9,0,0,0,0,0,0,2,248000,9,200000,0,0,0,0,PSA_ONLY
CRD_BBDFDA23088F44F3B3B8,M갸라도스 EX,91501,45000,5,0,0,0,0,0,0,1,170000,4,147222,0,0,0,0,PSA_ONLY
CRD_B124B687EC404C5FAC1B,다크라이 EX,390892,0,0,0,0,0,0,0,0,0,0,0,0,0,0,0,0,A_NO_PTS
CRD_B7B757AF0B3E44FB9C36,마기라스 EX,385528,0,0,0,0,0,0,0,0,0,0,1,98000,0,0,0,0,PSA_ONLY
CRD_B443DB37EB0D40308182,M레쿠쟈 EX,382208,150000,3,0,0,0,0,0,0,2,950000,4,949999,1,219800,1,219800,PSA_ONLY
CRD_69C818D4E150495ABB8B,레쿠쟈 EX,91520,198000,13,0,0,0,0,0,0,1,450000,3,450000,0,0,1,100000,PSA_ONLY
CRD_DFCF50A9D81E409E9EB8,그란돈 EX,381643,278000,1,0,0,0,1,66666,66666,0,0,0,0,0,0,0,0,A_3M_FB
CRD_F502539900C44150AF7D,원시가이오가 EX,381796,85000,2,0,0,0,2,10499,11000,2,40500,5,38000,0,0,0,0,A_3M_FB
CRD_C1ED974D21D945F6AE35,아쿠아단의 가이오가 EX,91526,44000,13,1,150000,150000,2,142400,150000,5,398000,22,299299,7,138000,13,134000,A_1M_OK
CRD_7E2493249D5F4079918C,루카리오 EX,91541,20000,7,0,0,0,0,0,0,4,178000,9,175000,0,0,1,35000,PSA_ONLY
CRD_C89D33E80FC541129360,플라드리,380800,0,0,0,0,0,0,0,0,0,0,0,0,0,0,0,0,A_NO_PTS
CRD_0C741136B4054397BC6E,거북왕 EX,379910,200000,2,0,0,0,0,0,0,1,234999,0,0,0,0,0,0,PSA_ONLY
CRD_52F5DDE5DDE7486DAF16,이상해꽃 EX,91550,5000,3,0,0,0,0,0,0,1,110500,2,112750,1,18000,1,18000,PSA_ONLY
CRD_CBDDC3FDCA774193AB14,레시라무,91583,26980,11,0,0,0,0,0,0,1,490000,8,429000,0,0,1,120000,PSA_ONLY
CRD_9B64D783E4344EBB8735,라티아스 EX,404229,34000,2,0,0,0,0,0,0,0,0,2,231111,0,0,0,0,PSA_ONLY
CRD_E63A3661A70B481E984A,라티오스 EX,91594,14000,5,1,59800,59800,1,59800,59800,0,0,3,240000,1,55980,2,56490,A_1M_OK
CRD_2893BDF7C7674E7A8E66,게치스플라스마단,91595,10000,2,0,0,0,0,0,0,0,0,1,128000,0,0,0,0,PSA_ONLY
CRD_0C99B90A478B44A1BA11,메로엣타 EX,91588,12700,5,0,0,0,0,0,0,1,72000,5,57500,0,0,0,0,PSA_ONLY
CRD_730805FC07034C0DB994,루기아 EX플라스마단,406357,46500,10,0,0,0,0,0,0,1,1800000,6,1337777,0,0,1,259800,PSA_ONLY
CRD_2CE1E087831443ADACEE,에몽가,91586,20000,10,0,0,0,0,0,0,2,337500,9,255000,0,0,0,0,PSA_ONLY
CRD_F95BEA7A5720433E9FDF,풍란,158884,30000,11,0,0,0,0,0,0,0,0,1,312800,0,0,0,0,PSA_ONLY
CRD_F44F3EDAA2CA41CB89C5,펄기아 EX플라스마단,91582,30000,1,0,0,0,0,0,0,0,0,0,0,0,0,0,0,A_NO_PTS
CRD_6C46069A0ABF4F55BB2D,디아루가 EX플라스마단,406758,25000,4,0,0,0,0,0,0,0,0,2,449000,0,0,0,0,PSA_ONLY
CRD_391EF36F49824C58965F,세레비 EX,91605,222222,1,0,0,0,0,0,0,0,0,0,0,0,0,0,0,A_NO_PTS
CRD_4326CC9CE8E842FB8F45,벨,91606,23000,27,0,0,0,0,0,0,2,152500,7,192000,0,0,0,0,PSA_ONLY
CRD_36FC9D7A34B947999101,기라티나 EX,405057,37700,8,0,0,0,0,0,0,2,539000,6,440000,0,0,2,89900,PSA_ONLY
CRD_931723E024444FAA9D5A,다크라이 EX,91626,9300,7,0,0,0,0,0,0,2,222500,5,236666,0,0,0,0,PSA_ONLY
CRD_1123601A6CCD4FB19606,뮤 EX,405055,20000,22,0,0,0,0,0,0,1,833333,8,858416,0,0,1,350000,PSA_ONLY
CRD_C56596E4D16D42879763,크레세리아 EX,405957,14800,1,0,0,0,0,0,0,0,0,0,0,0,0,0,0,A_NO_PTS
CRD_F708A3D8A5944CB7BF93,M나무킹 EX,107415,0,0,0,0,0,0,0,0,0,0,1,70000,0,0,0,0,PSA_ONLY
CRD_007D898667D84D8F9B7E,제크로무,91640,10800,13,0,0,0,0,0,0,0,0,2,200193,0,0,0,0,PSA_ONLY
CRD_9C10318D36A044519EB6,뮤츠 EX,106318,35000,16,0,0,0,0,0,0,0,0,3,98000,0,0,0,0,PSA_ONLY
CRD_2C1DA4E5D17E428CB8AF,M얼음귀신 EX,389871,10800,3,0,0,0,0,0,0,1,10500,2,11250,0,0,0,0,PSA_ONLY
CRD_D74B2BB02D9740569EEB,노고고치 ex,495162,1000,7,0,0,0,0,0,0,0,0,0,0,0,0,0,0,A_NO_PTS
CRD_A10639DEF1044108891B,팬텀 EX,390544,17500,26,0,0,0,1,39000,39000,10,78700,31,74000,1,28800,4,21745,A_3M_FB
CRD_9EB9A88BDE8245A99331,마기라스 EX,385441,0,0,0,0,0,0,0,0,0,0,3,14500,0,0,0,0,PSA_ONLY
CRD_900AFEE83E79462B86B9,M핫삼 EX,390845,24000,3,0,0,0,0,0,0,0,0,0,0,0,0,0,0,A_NO_PTS
CRD_C041DE21E72A4D9498F0,레지스틸 EX,405189,9500,4,0,0,0,0,0,0,0,0,0,0,0,0,0,0,A_NO_PTS
CRD_AC159F45A9C945968FF3,핫삼 EX,107344,0,0,0,0,0,0,0,0,1,72000,4,56000,0,0,0,0,PSA_ONLY
CRD_9BC1A3BF1D4A4EEE8BE3,전룡 EX,107412,50000,2,0,0,0,0,0,0,0,0,1,50000,0,0,0,0,PSA_ONLY
CRD_A12119533B1C4A21B910,아쿠스타 BREAK,386916,0,0,0,0,0,1,5500,5500,0,0,0,0,0,0,0,0,A_3M_FB
CRD_853BCA2D91DC48478D36,쏘콘 ex,162011,1000,4,0,0,0,0,0,0,0,0,1,5000,0,0,0,0,PSA_ONLY
CRD_F50C5E99DDEA4109903A,볼트로스 EX,382089,0,0,0,0,0,0,0,0,0,0,0,0,0,0,0,0,A_NO_PTS
CRD_E3AC52EB71E245EEA841,헬가 EX,389999,0,0,0,0,0,0,0,0,0,0,0,0,0,0,0,0,A_NO_PTS
CRD_C7804ACB352A4684AF39,비리디온 EX,406755,0,0,0,0,0,0,0,0,0,0,0,0,0,0,0,0,A_NO_PTS
CRD_9731F68B15FE4337BE2F,자포코일 EX,380697,0,0,0,0,0,0,0,0,0,0,0,0,0,0,0,0,A_NO_PTS
CRD_75F716B7F446495680CA,기라티나 V,92206,2900,83,2,5550,4300,14,12000,4300,10,20000,32,22884,0,0,2,4900,A_1M_OK
CRD_65DE95DF80D94E05A42A,이상해꽃 EX,379665,1000,7,0,0,0,0,0,0,0,0,0,0,0,0,0,0,A_NO_PTS
CRD_4E744A43E495413AAC15,님피아 VMAX,93022,119999,84,0,0,0,3,200000,200000,19,228500,62,237457,1,138000,5,140000,A_3M_FB
CRD_382ECC8BA6034DAF9178,뮤츠 VSTAR,93009,6980,59,1,10000,10000,31,10000,10000,12,33475,44,36687,0,0,2,9999,A_1M_OK
CRD_51568A9C8361413DB34E,동탁군,96727,0,0,0,0,0,0,0,0,1,12500,1,12500,0,0,0,0,PSA_ONLY
CRD_A6F7502948814BF9A22C,블래키 VMAX,93021,398000,89,0,0,0,1,600000,600000,16,860000,58,851099,3,545555,8,479949,A_3M_FB
CRD_6FCF50A226284C4495C6,오리진 디아루가 VSTAR,93011,3400,10,1,3350,3350,3,3350,3350,3,9999,6,9998,0,0,0,0,A_1M_OK
CRD_1A87BECFAC1647F98FBC,두랄루돈 VMAX,93019,26000,14,0,0,0,2,19500,19000,2,36349,6,39499,0,0,0,0,A_3M_FB
CRD_54079F1439374F52BCF7,레쿠쟈 VMAX,93017,658000,51,1,750000,750000,1,750000,750000,19,1200000,44,1191666,1,735000,4,650000,A_1M_OK
CRD_FAA316C56DEC49B9BB70,백마 버드렉스 VMAX,93029,39999,44,0,0,0,2,75500,62000,9,85000,44,81166,0,0,1,57800,A_3M_FB
CRD_7BD79E9CD5FD4404913E,잠만보 V,113243,5000,2,0,0,0,0,0,0,5,13000,7,13000,0,0,0,0,PSA_ONLY
CRD_7F76FC1F996A4ADAAB21,일격 우라오스 VMAX,93034,30000,26,0,0,0,2,34899,35999,9,80000,18,83999,0,0,3,42000,A_3M_FB
CRD_EA7AEBBE89AB4A4A8E52,리피아 VMAX,93023,62000,59,0,0,0,2,72500,80000,20,94900,58,102750,2,67500,2,67500,A_3M_FB
CRD_093AB925F0C14BB1BFF6,글레이시아 VMAX,93024,80000,61,2,92500,95000,3,95000,95000,23,157124,63,157124,0,0,4,91000,A_1M_OK
CRD_32686724596F433298EB,자시안 V,93039,7000,5,0,0,0,0,0,0,0,0,2,11950,0,0,0,0,PSA_ONLY
CRD_64AF5808BBFB437AAAD3,블래키&다크라이 GX,93082,78000,71,1,220000,220000,4,227650,220000,21,300000,66,330000,3,172000,12,169000,A_1M_OK
CRD_73CA21A2A3EB47D1AF95,뮤츠&뮤 GX,104593,29800,43,3,37800,40500,19,39800,40500,8,137000,23,148000,3,34800,8,34736,A_1M_OK
CRD_E26D2432BB194094A890,토게피&삐&푸푸린 GX,93092,38888,31,0,0,0,0,0,0,13,100000,35,101000,0,0,1,35000,PSA_ONLY
CRD_6C093D7C67AF47468F97,레드의 도전,93091,29800,15,0,0,0,2,27944,25888,2,112249,14,81500,0,0,8,33999,A_3M_FB
CRD_1D2EAA1FB1D44C0781F7,고래왕 EX,381766,0,0,0,0,0,0,0,0,0,0,1,7950,0,0,0,0,PSA_ONLY
CRD_8FEEA7EE5FFB4B758A50,민화의 대접,93089,50000,82,0,0,0,1,70000,70000,16,166250,52,187024,3,63000,14,73333,A_3M_FB
CRD_BD23A2FE3D6140978DFB,테오키스 VSTAR,103665,2900,16,6,2950,2900,24,2999,2900,13,14650,41,13000,1,3999,3,4000,A_1M_OK
CRD_E393141F815D413DA629,루주라,95127,6767,9,2,1050,1000,4,1050,1000,7,6850,15,6899,0,0,0,0,A_1M_OK
CRD_090C5C6FE6B34BC0A9E7,기라티나 VSTAR,93380,8800,48,4,12000,8500,20,12000,8500,10,25491,50,33391,0,0,0,0,A_1M_OK
CRD_731422CCDFEE4AC59613,프테라 V,93378,17000,44,1,13500,13500,9,19000,13500,13,30895,44,31823,3,15999,4,15399,A_1M_OK
CRD_93DF43C333324F0FB26C,기라티나 V,93379,195000,100,0,0,0,6,231666,230000,29,332000,86,340666,4,209999,13,195000,A_3M_FB
CRD_1647486130EF4A25940C,샤로다 V,95114,1000,1,0,0,0,0,0,0,0,0,0,0,0,0,0,0,A_NO_PTS
CRD_B3C3F8E812884FEEB672,알로라 식스테일 V,95112,1000,5,1,1200,1200,2,1200,1200,0,0,0,0,0,0,0,0,A_1M_OK
CRD_B7768191A68445AA8817,기모노드레스,95125,2499,103,0,0,0,3,1999,2200,10,11999,46,10974,1,4000,2,4250,A_3M_FB
CRD_6AC614249DBA4DD285DE,테르나,95119,1000,152,3,1000,1000,6,1275,1000,22,8178,74,8438,5,3099,14,2974,A_1M_OK
CRD_D88B69F2CCFC4DF587DC,샤로다 V,95123,4280,36,0,0,0,4,4650,5200,13,14900,36,16316,1,6500,2,5500,A_3M_FB
CRD_49AA338BD81847B9B5A3,세레나,95124,6999,179,4,9250,9500,17,11000,9500,23,22000,75,24000,5,7900,14,8140,A_1M_OK
CRD_B4A60A8CA6AA4F26A2A9,윤진,95240,1000,6,0,0,0,0,0,0,0,0,0,0,0,0,0,0,A_NO_PTS
CRD_690D9691BB90458E8645,샤로다 VSTAR,95243,1200,5,0,0,0,0,0,0,0,0,1,12900,0,0,0,0,PSA_ONLY
CRD_0FF5866665394D78AEEA,가디안,95120,1000,35,0,0,0,4,1100,1200,8,7450,28,7420,1,3400,2,3699,A_3M_FB
CRD_B2A94238DD6A45BD8A15,밀로틱,95129,1000,18,4,1025,1000,5,1050,1000,14,6992,32,6980,0,0,0,0,A_1M_OK
CRD_ECFFCF9519AB47AC8F10,파비코리,95122,1000,183,2,1690,2000,7,1500,2000,24,8637,74,8615,4,3600,15,2980,A_1M_OK
CRD_3BD607C56C33412AAF02,입치트 V,95246,2000,6,0,0,0,1,3200,3200,2,7890,8,7700,0,0,1,3800,A_3M_FB
CRD_69B3F39FEAAD4175AFED,윤진,95245,1000,3,0,0,0,0,0,0,0,0,0,0,0,0,0,0,A_NO_PTS
CRD_69B4BC1CEE69492C85A9,세레나,95239,4999,26,1,3625,3625,3,3625,3625,3,17397,25,13745,0,0,0,0,A_1M_OK
CRD_17CEDC815C264A69A345,샤로다 V,95333,5555,4,0,0,0,0,0,0,0,0,1,6800,0,0,0,0,PSA_ONLY
CRD_E775D88E4E3048DFB1F1,아로마 아가씨,95318,2000,78,0,0,0,0,0,0,16,12469,50,12013,0,0,4,4763,PSA_ONLY
CRD_847F3AC4CA9A4D418203,입치트 V,95334,5000,1,0,0,0,0,0,0,0,0,0,0,0,0,0,0,A_NO_PTS
CRD_6D1BC2DD10F54AB98A56,알로라 식스테일 VSTAR,95244,2000,5,1,2400,2400,3,2400,2400,0,0,5,9980,0,0,0,0,A_1M_OK
CRD_21B1F91A8CC1487FB607,님피아 V,96552,2980,14,0,0,0,9,5000,4980,10,22629,22,17500,0,0,1,5000,A_3M_FB
CRD_618582EF6E874473AD9F,리피아 V,96555,1980,28,1,2680,2680,4,4090,2680,4,11849,15,11800,0,0,0,0,A_1M_OK
CRD_CE735FF66AA14F35A904,샤로다 VSTAR,95332,1000,4,0,0,0,0,0,0,0,0,0,0,0,0,0,0,A_NO_PTS
CRD_AF6C72E18B814568BD91,블래키 V,96549,9000,69,3,12000,14000,20,9475,14000,11,33799,46,34999,0,0,5,9800,A_1M_OK
CRD_B0F2BB5C7F9B413AAF68,글레이시아 V,96554,2000,18,1,2800,2800,5,3500,2800,6,10399,13,10866,0,0,0,0,A_1M_OK
CRD_7269FACD98284466BD3F,부스터 V,96553,1000,14,0,0,0,4,4150,3500,4,11500,11,11900,0,0,3,3200,A_3M_FB
CRD_EE02CE3BA278460EBEA5,인텔리온,96548,2980,6,0,0,0,0,0,0,1,8900,4,8600,0,0,0,0,PSA_ONLY
CRD_62D1A0E97E804231B0D6,리피아 VMAX,96557,11999,16,0,0,0,4,4740,4500,2,14240,11,13800,0,0,0,0,A_3M_FB
CRD_F7332249FC82459985F9,에브이 V,96550,3000,20,1,4000,4000,5,4500,4000,4,15229,22,16230,0,0,1,4000,A_1M_OK
CRD_BAF951CD1C52420DB08A,기라티나 VSTAR,96559,4840,27,0,0,0,6,9192,9200,2,21500,19,22899,0,0,0,0,A_3M_FB
CRD_89F2A38B167C4010B9FF,망나뇽 V,96563,4999,10,1,7299,7299,4,6389,7299,2,30500,6,30500,0,0,0,0,A_1M_OK
CRD_9B0C05E62D6D4E19B749,깜까미 V,96565,1500,1,0,0,0,0,0,0,0,0,0,0,0,0,0,0,A_NO_PTS
CRD_7FD569C86E8646908F84,쥬피썬더 V,96551,4395,10,0,0,0,2,2399,2799,4,10583,14,9999,0,0,0,0,A_3M_FB
CRD_2A1A9C89BB3947378F7C,자마젠타 V,96564,0,0,0,0,0,0,0,0,2,13250,4,10250,0,0,0,0,PSA_ONLY
CRD_81DCFF5DDA584C5E9F87,요가램 V,96561,3000,9,1,3300,3300,1,3300,3300,0,0,5,15000,0,0,0,0,A_1M_OK
CRD_F7465DD0B4F74D7A9777,난천의 패기,96568,2800,51,0,0,0,1,3500,3500,13,16999,39,15355,0,0,1,4000,A_3M_FB
CRD_8C2D1ED4956640F9A05F,게노세크트 V,96579,1000,4,0,0,0,0,0,0,0,0,0,0,0,0,0,0,A_NO_PTS
CRD_2261AA95080E4619A99E,네오라이트 V,96575,0,0,0,0,0,0,0,0,0,0,0,0,0,0,0,0,A_NO_PTS
CRD_DFBD272AF9C64329B300,뮤 V,96582,8000,41,5,11400,11000,25,12000,11000,15,35900,41,38800,0,0,1,20000,A_1M_OK
CRD_B2B243175D8E4033A33F,샹델라 V,141398,5000,1,0,0,0,0,0,0,0,0,0,0,0,0,0,0,A_NO_PTS
CRD_DBD66A8B209F456490D9,블래키 VMAX,96618,15000,55,1,12999,12999,12,15500,12999,16,36345,46,37999,0,0,2,13400,A_1M_OK
CRD_FE5D7A94A7D447F39D4A,아쿠스타 V,96585,15800,43,1,17490,17490,6,16900,17490,18,33616,54,40383,1,19800,9,15000,A_1M_OK
CRD_B1236C0C76BB4236BEB2,히스이 대검귀 VSTAR,96590,4000,3,0,0,0,0,0,0,0,0,0,0,0,0,0,0,A_NO_PTS
CRD_D7574728F6AB49FEBD4E,님피아 VMAX,96620,6000,28,0,0,0,5,10249,10249,5,19750,26,22500,0,0,1,5999,A_3M_FB
CRD_1F0C27DC82064235A11C,글레이시아 VMAX,96619,2800,14,0,0,0,2,4335,4690,1,13500,8,13000,0,0,0,0,A_3M_FB
CRD_E2BB1FFF8563469E809D,큐레무 VMAX,96628,10200,2,0,0,0,1,1500,1500,0,0,3,9000,0,0,0,0,A_3M_FB
CRD_F231F0C3861143839BF7,가라르 나이킹 V,96624,1200,4,1,1800,1800,1,1800,1800,0,0,3,8000,0,0,0,0,A_1M_OK
CRD_B800DDCEC18641718BAD,게노세크트 V,96577,2222,7,0,0,0,2,2800,2800,1,10000,8,9074,0,0,0,0,A_3M_FB
CRD_FB55D0FF075E4F0EBCBA,아크로마의 실험,96629,2000,1,0,0,0,0,0,0,0,0,0,0,0,0,0,0,A_NO_PTS
CRD_0D77F9604B9641DF9650,세레비 VMAX,96647,2500,4,0,0,0,2,1995,2890,3,15000,10,14449,0,0,0,0,A_3M_FB
CRD_2B58D40C1AE74F69A349,성화,96638,1800,4,0,0,0,0,0,0,0,0,2,6740,0,0,0,0,PSA_ONLY
CRD_E14A48ED116544BFB915,모르페코 VMAX,96632,4200,5,1,2780,2780,2,6945,2780,0,0,4,12350,0,0,0,0,A_1M_OK
CRD_1DB4E0B1059842A38CD7,엘레이드 V,96636,1700,5,0,0,0,0,0,0,0,0,3,8800,1,2999,1,2999,PSA_ONLY
CRD_1B2ADC910BB140BE8F44,흑마 버드렉스 VMAX,96645,0,0,0,0,0,0,0,0,0,0,0,0,0,0,0,0,A_NO_PTS
CRD_45D3A4AB841C4BAAA951,두랄루돈 VMAX,96661,1100,5,0,0,0,2,1300,1100,0,0,2,8000,0,0,0,0,A_3M_FB
CRD_4C12E5F0808C4CD8A09F,히스이 드레디어 VSTAR,96658,1700,1,0,0,0,0,0,0,0,0,0,0,0,0,0,0,A_NO_PTS
CRD_8206CD8F04C740CB8753,히스이 조로아크 V,96664,3000,2,0,0,0,0,0,0,0,0,0,0,0,0,0,0,A_NO_PTS
CRD_FD9334E6BCA74689AECC,월로,96663,0,0,0,0,0,0,0,0,1,7500,2,7000,0,0,0,0,PSA_ONLY
CRD_3EE555CE8FCD4C4CA1C9,피카츄,96667,5999,221,12,9250,14000,67,9391,14000,31,28510,91,31016,11,9577,34,10000,A_1M_OK
CRD_CE2516E395224ACA9D34,흑마 버드렉스 VMAX,96674,2400,5,0,0,0,1,1499,1499,1,9000,7,8700,0,0,1,1800,A_3M_FB
CRD_B345C0800CFB40D28BD7,님피아 V,96676,5299,42,1,5999,5999,7,7700,5999,12,21125,44,21838,1,8000,4,6940,A_1M_OK
CRD_5034E9197BEF4694BCDE,일격 우라오스 VMAX,96679,2500,9,0,0,0,2,1445,1690,2,8672,8,8672,0,0,1,4400,A_3M_FB
CRD_A137B96810564A16B8DA,번치코 VMAX,96685,2380,30,1,3800,3800,2,4150,3800,3,12599,19,13000,0,0,0,0,A_1M_OK
CRD_FF3AB4F575D74BC39C88,블래키 V,96673,4999,55,1,13800,13800,22,12000,13800,19,31600,64,34050,1,9800,7,10000,A_1M_OK
CRD_22A6C07D45A04AADBA89,히스이 미끄래곤 VSTAR,96672,0,0,0,0,0,0,0,0,0,0,0,0,0,0,0,0,A_NO_PTS
CRD_364F4FE8048A4DC09AA0,흑마 버드렉스 V,96682,7999,9,1,7500,7500,2,5500,7500,3,12400,11,12500,0,0,0,0,A_1M_OK
CRD_0F8A51DF3CF3497BAD9D,모험가의 발견,96696,1000,28,0,0,0,0,0,0,1,8000,7,7656,0,0,1,3499,PSA_ONLY
CRD_ACF61B33CDD24476B1C0,가라르 파이어 V,96692,2600,43,0,0,0,5,3000,2300,5,10400,20,11394,0,0,0,0,A_3M_FB
CRD_9BC7436092C94785A4FC,박사의 연구(주박사),96678,2450,3,0,0,0,0,0,0,1,7000,4,7624,0,0,0,0,PSA_ONLY
CRD_68AFBE59B0D944A69E33,해피너스 V,96695,3000,13,0,0,0,5,2000,1800,2,10950,13,10880,0,0,0,0,A_3M_FB
CRD_8E2C1FBCA2F54B3FBFEA,흑마 칼레오스 VMAX,96684,1500,7,0,0,0,2,2400,2800,3,9900,6,9750,0,0,0,0,A_3M_FB
CRD_0AB4A2D2E3654FD69744,채두,96675,1555,26,0,0,0,1,2800,2800,5,12599,18,13399,1,3980,2,3890,A_3M_FB
CRD_1628769382AC47C581EB,해피너스 V,96686,3500,15,0,0,0,0,0,0,0,0,11,15000,0,0,0,0,PSA_ONLY
CRD_9A16B5CDB26D4457BDC6,무한다이노 VMAX,96694,1500,4,1,1399,1399,1,1399,1399,0,0,2,6850,0,0,0,0,A_1M_OK
CRD_FF1552C5F5BD478284DD,흑마 버드렉스 V,96691,1800,4,0,0,0,0,0,0,1,8000,3,8000,0,0,0,0,PSA_ONLY
CRD_BF0BAA33D5244D7D9AE4,백마 버드렉스 V,96702,1300,13,0,0,0,0,0,0,0,0,1,8000,0,0,0,0,PSA_ONLY
CRD_322DAF78A9B34EA2B745,연격 우라오스 VMAX,96699,1500,12,0,0,0,1,1680,1680,3,11300,6,10649,0,0,0,0,A_3M_FB
CRD_716841C8EA25435BA3A7,번치코 V,96700,1380,22,1,4000,4000,5,3000,4000,7,12800,24,11894,0,0,0,0,A_1M_OK
CRD_203E701EC38E4E9A8ECE,일격 우라오스 VMAX,96698,2000,7,0,0,0,0,0,0,3,10999,5,10900,0,0,0,0,PSA_ONLY
CRD_ACC142C26F114994836D,민지,96710,2380,20,1,2500,2500,3,2500,2500,12,12607,32,11950,1,6000,1,6000,A_1M_OK
CRD_BA7824DD9F5F4039A731,멜론,96709,2222,21,0,0,0,0,0,0,4,11569,10,9212,0,0,0,0,PSA_ONLY
CRD_3FAAA0E00D4E4C6A8014,버넷박사,96706,2200,7,0,0,0,0,0,0,1,8500,4,7550,0,0,0,0,PSA_ONLY
CRD_D2B8F12F00094BD88632,피카츄 V,96712,14000,149,3,25000,32000,27,25800,32000,20,64999,65,72750,5,20800,13,21500,A_1M_OK
CRD_1589922DA5104539AFF5,레쿠쟈 VMAX,96714,15000,170,9,38399,33739,38,33819,33739,29,84782,84,84152,0,0,9,26333,A_1M_OK
CRD_BED3E8E4C2A24CE9B22C,백마 버드렉스 V,96708,4700,9,0,0,0,1,3700,3700,2,12250,7,11500,0,0,0,0,A_3M_FB
CRD_50ACE060260D40C7B2AC,멜론,96713,0,0,0,0,0,0,0,0,0,0,0,0,0,0,0,0,A_NO_PTS
CRD_749056557121444EB3EA,연격 우라오스 VMAX,96705,1000,4,0,0,0,1,1800,1800,2,7775,6,7050,0,0,0,0,A_3M_FB
CRD_F16DED4EF2094676A83D,야청,96715,2500,43,0,0,0,1,2500,2500,11,15300,34,14124,1,4000,2,3600,A_3M_FB
CRD_FA35119D522542FAB6EA,흑마 버드렉스 V,96704,0,0,0,0,0,0,0,0,0,0,0,0,0,0,0,0,A_NO_PTS
CRD_A914FCD3FCD847BFA351,히스이 드레디어 V,96742,5000,4,0,0,0,1,3000,3000,1,9000,3,9000,0,0,1,4500,A_3M_FB
CRD_7C280FA0405542028F83,뮤 VMAX,96733,11000,74,2,28900,29800,24,28840,29800,20,52650,58,57680,0,0,1,13900,A_1M_OK
CRD_FD45A140AA334C83958D,노보청 V,96749,1000,5,0,0,0,0,0,0,1,7000,3,6999,0,0,0,0,PSA_ONLY
CRD_16D77C3BD5F547639930,오리진 디아루가 VSTAR,96735,2500,5,0,0,0,0,0,0,0,0,0,0,0,0,0,0,A_NO_PTS
CRD_E68B9BE86070484B96AE,가라르 날쌩마 V,96725,4500,13,0,0,0,1,4500,4500,1,15350,9,13000,0,0,0,0,A_3M_FB
CRD_81D4DD597DBE456BB22A,님피아 VMAX,96726,6900,59,0,0,0,10,14000,14000,17,28400,57,29000,1,11000,2,13000,A_3M_FB
CRD_6C18665126FF426F9C2E,블래키 VMAX,96729,12000,62,3,22000,19399,23,15000,19399,29,48124,72,42713,2,15399,9,9800,A_1M_OK
CRD_D48A0477EDAA45118306,망나뇽 VSTAR,96746,1800,19,1,3000,3000,9,4000,3000,1,21000,15,21000,0,0,0,0,A_1M_OK
CRD_0320E0D5056F4FBDB33A,괴력몬 V,96744,17000,9,1,8780,8780,7,9500,8780,4,18044,24,19750,0,0,1,8800,A_1M_OK
CRD_7F7E8A1CDFC44B1687F8,따라큐 VMAX,96731,5500,96,3,7000,7000,12,7350,7000,26,21800,78,22708,7,7980,11,7980,A_1M_OK
CRD_CF7C7828EFFC49579A10,유채의 활기,96737,2800,8,0,0,0,1,2500,2500,0,0,3,8000,0,0,1,3500,A_3M_FB
CRD_2E8555FADF814122AE17,찬석의 활기,96734,2500,1,0,0,0,0,0,0,0,0,0,0,1,3500,1,3500,PSA_ONLY
CRD_C8796B366D1E44C889CE,박사의 연구,96751,0,0,0,0,0,0,0,0,0,0,0,0,0,0,0,0,A_NO_PTS
CRD_05B09E19DF994717ADC4,피오니아,96707,5500,3,0,0,0,0,0,0,0,0,0,0,0,0,0,0,A_NO_PTS
CRD_FFD29F9A67B34EF2988F,뮤츠 V,96755,3300,67,2,6990,7500,28,8000,7500,13,29999,41,36480,1,9000,4,6500,A_1M_OK
CRD_F2A7696A982E40248FC6,주혜,96610,3500,13,0,0,0,2,1325,1200,3,9800,9,9466,0,0,0,0,A_3M_FB
CRD_D00A4D4EA8DD49B1B244,네오라이트 V,96567,3000,11,0,0,0,0,0,0,0,0,8,7700,0,0,0,0,PSA_ONLY
CRD_F3810D112236407E9EE6,히스이 조로아크 VSTAR,96668,1300,5,0,0,0,2,1950,1900,0,0,1,8000,0,0,0,0,A_3M_FB
CRD_572C9B22477A47FB9AEB,금랑,98651,6000,5,0,0,0,1,4800,4800,0,0,4,6948,0,0,0,0,A_3M_FB
CRD_0240A6FE69024ADCAB57,제라오라 V,96701,28729,1,0,0,0,0,0,0,0,0,0,0,0,0,0,0,A_NO_PTS
CRD_85A4AA81199D42D8B160,피비,98652,2800,1,0,0,0,0,0,0,0,0,0,0,0,0,0,0,A_NO_PTS
CRD_A64742D752F444C9A34A,스이쿤 V,98664,10000,3,0,0,0,0,0,0,1,9000,2,9500,0,0,0,0,PSA_ONLY
CRD_274FD14AB17940EB8528,골루그 V,98656,5000,2,1,4000,4000,1,4000,4000,0,0,1,7900,1,4500,1,4500,A_1M_OK
CRD_1D26125A944B41DFAE0A,스쿨걸,98669,1500,27,0,0,0,1,1780,1780,9,11000,21,10972,0,0,0,0,A_3M_FB
CRD_C120B46573824D1A87A3,회연,98666,2900,23,0,0,0,0,0,0,1,13900,14,11146,1,4500,2,4740,PSA_ONLY
CRD_CEAA3C84AF6D4EE4B6F1,음번 V,98649,17800,8,1,7000,7000,1,7000,7000,4,18500,12,19250,0,0,1,12000,A_1M_OK
CRD_6254B969E7A7449094FA,흉내내기 아가씨,98675,1500,21,0,0,0,1,1500,1500,2,7388,9,7000,0,0,1,3500,A_3M_FB
CRD_C74290D9A640465F8C18,엠페르트 V,99573,7700,16,0,0,0,0,0,0,1,33500,6,43000,0,0,0,0,PSA_ONLY
CRD_202EC7F73609423FA993,크레세리아,99563,5000,1,0,0,0,0,0,0,0,0,1,12350,0,0,0,0,PSA_ONLY
CRD_261019703FC444A39023,흉내내기 아가씨,99565,2500,1,0,0,0,0,0,0,0,0,0,0,0,0,0,0,A_NO_PTS
CRD_25C230DC064948798E98,코르니의 기합,99576,5000,3,0,0,0,0,0,0,2,8299,3,8599,0,0,0,0,PSA_ONLY
CRD_99B2271A9E6B4B259FB7,연격 우라오스 V,99574,4000,5,0,0,0,0,0,0,1,11000,5,10999,0,0,0,0,PSA_ONLY
CRD_D5532CF1B3D74D75938E,엠페르트 V,99577,2000,1,0,0,0,0,0,0,0,0,0,0,0,0,0,0,A_NO_PTS
CRD_AE75FE8F2FF5446B86CF,금랑,99564,3500,1,0,0,0,0,0,0,0,0,0,0,0,0,0,0,A_NO_PTS
CRD_C09A904A2D634B4383A4,헬가,99571,2500,3,0,0,0,0,0,0,0,0,1,9800,0,0,0,0,PSA_ONLY
CRD_C5A7D2CBC1844112AE51,르수아르,100064,6900,37,0,0,0,1,7500,7500,6,22599,20,22449,0,0,2,7350,A_3M_FB
CRD_EB501A4CDBF645CBA027,비크티니 VMAX,99579,22222,1,0,0,0,1,2980,2980,1,22000,2,15499,0,0,0,0,A_3M_FB
CRD_97ACB4636E2C4BB5B152,대포무노,100079,0,0,0,0,0,0,0,0,0,0,0,0,0,0,0,0,A_NO_PTS
CRD_3A5B3FE091064B65AF4A,연격 우라오스 V,99578,0,0,0,0,0,0,0,0,0,0,0,0,0,0,0,0,A_NO_PTS
CRD_01EBD72E8D2B4C3486D6,연격 우라오스 VMAX,100078,0,0,0,0,0,0,0,0,0,0,0,0,0,0,0,0,A_NO_PTS
CRD_1D12B07C82D340E9AC74,포켓몬놀이,100076,4500,43,2,4024,3300,4,3400,3300,12,12449,44,14566,3,4444,7,4444,A_1M_OK
CRD_17E681D70E484304B6B8,레지에레키 V,100546,1000,1,0,0,0,0,0,0,0,0,0,0,0,0,0,0,A_NO_PTS
CRD_999BE8DBCC6F40B48020,안농 V,100548,0,0,0,0,0,0,0,0,0,0,0,0,0,0,0,0,A_NO_PTS
CRD_9D03992C0F05472AB893,라쥬르네,100070,6100,19,0,0,0,0,0,0,3,13600,8,13799,0,0,0,0,PSA_ONLY
CRD_59C05E1C41D0406E8DF2,스컹탱크 V,100551,2000,1,0,0,0,0,0,0,0,0,0,0,0,0,0,0,A_NO_PTS
CRD_BF1800988BEF4236B004,히스이 윈디 V,100550,1000,1,0,0,0,0,0,0,0,0,0,0,0,0,0,0,A_NO_PTS
CRD_7BA254D36DFF445F8FB2,레지드래고 V,100564,1450,1,0,0,0,0,0,0,0,0,0,0,0,0,0,0,A_NO_PTS
CRD_B01199DFD87D423494E0,브리가론 V,100556,1000,3,0,0,0,0,0,0,0,0,0,0,0,0,0,0,A_NO_PTS
CRD_9D2832A4A3F849E4BB06,암스타 V,100557,0,0,0,0,0,0,0,0,0,0,0,0,0,0,0,0,A_NO_PTS
CRD_94D776CD680F432CBF1B,루기아 V,100566,3480,43,2,4399,3999,12,6962,3999,2,24990,18,28650,0,0,0,0,A_1M_OK
CRD_E853F7CFC656494D9757,작업원,100568,1000,27,0,0,0,0,0,0,5,8300,11,7998,1,3500,1,3500,PSA_ONLY
CRD_E575B2AE33B442F687B3,목호,100571,2300,3,1,2333,2333,1,2333,2333,0,0,1,9000,0,0,0,0,A_1M_OK
CRD_147D2B78F8B043E3BB91,루기아 V,100567,89999,116,1,175000,175000,10,166250,175000,27,207000,72,221916,3,111000,15,124000,A_1M_OK
CRD_CF7FB771410741039C30,안농 V,100560,2000,5,1,3000,3000,2,2649,3000,4,12750,12,9849,0,0,0,0,A_1M_OK
CRD_0542ACBB4B534F2A8089,안농 V,100559,1900,1,0,0,0,0,0,0,0,0,0,0,0,0,0,0,A_NO_PTS
CRD_11D6E395867B46F49FE8,루기아 VSTAR,100575,3980,39,0,0,0,12,7925,6480,3,22980,17,29816,0,0,2,7495,A_3M_FB
CRD_B8A04830277E4F638EBD,레지에레키 VMAX [다이맥스],100572,2500,1,0,0,0,0,0,0,0,0,0,0,0,0,0,0,A_NO_PTS
CRD_3A2389FDB90D4D529266,작업원,100576,2000,4,0,0,0,0,0,0,2,7388,2,7388,0,0,0,0,PSA_ONLY
CRD_983678B45AB8425590AC,루기아 VSTAR,100580,4700,53,7,9500,11200,30,11350,11200,5,23000,32,37723,0,0,0,0,A_1M_OK
CRD_54B1B0CAD05346959E1C,기선,100577,1000,1,0,0,0,0,0,0,0,0,0,0,0,0,0,0,A_NO_PTS
CRD_0B145711AB734536AD63,안농 VSTAR,100573,1999,7,0,0,0,1,5000,5000,0,0,0,0,0,0,0,0,A_3M_FB
CRD_3A163A0976E24CE79D88,단델,101670,2700,9,2,2425,2650,2,2425,2650,1,9999,1,9999,0,0,0,0,A_1M_OK
CRD_94CBE75AE5E34D14A930,가라르 멘바릇,101674,0,0,0,0,0,0,0,0,1,7500,1,7500,0,0,0,0,PSA_ONLY
CRD_952E55D05FF24EA3AC1C,파이어로 V,101673,0,0,0,0,0,0,0,0,0,0,0,0,0,0,0,0,A_NO_PTS
CRD_F21447D57D74494F983B,순무,102276,0,0,0,0,0,0,0,0,0,0,0,0,0,0,0,0,A_NO_PTS
CRD_73BB41EBB51F4E5C98C6,토게키스 VMAX,102277,0,0,0,0,0,0,0,0,0,0,0,0,0,0,0,0,A_NO_PTS
CRD_DB2FCD2BE6764FDC8AD2,포켓몬 브리더의 육성,102284,1600,3,0,0,0,0,0,0,0,0,0,0,0,0,0,0,A_NO_PTS
CRD_EFB6E86E4BF24527AD76,비파리온 V,102273,1000,1,0,0,0,0,0,0,0,0,0,0,0,0,0,0,A_NO_PTS
CRD_FA1B7AC6670440C287BF,버터플 VMAX,102282,0,0,0,0,0,0,0,0,0,0,0,0,0,0,0,0,A_NO_PTS
CRD_6F5BE04789954940A44C,아가씨,102288,5000,4,0,0,0,0,0,0,0,0,1,9999,0,0,0,0,PSA_ONLY
CRD_92D9A6624DD04811B13A,마휘핑 VMAX,102271,1300,1,0,0,0,0,0,0,0,0,0,0,0,0,0,0,A_NO_PTS
CRD_EA1B94320A2645EFB446,아가씨,102296,2000,2,0,0,0,0,0,0,0,0,0,0,0,0,0,0,A_NO_PTS
CRD_C69B5517FEEB4D75832B,하랑우탄,102292,1600,3,0,0,0,0,0,0,0,0,0,0,0,0,0,0,A_NO_PTS
CRD_D9D84E45DE404ECCB835,모스노우,102302,5000,1,0,0,0,0,0,0,0,0,0,0,0,0,0,0,A_NO_PTS
CRD_D3D3847CAB9D4F80B987,칼라마네로 VMAX,102293,0,0,0,0,0,0,0,0,0,0,0,0,0,0,0,0,A_NO_PTS
CRD_3D7C380DE0344900AFCD,나이킹,102297,0,0,0,0,0,0,0,0,0,0,0,0,0,0,0,0,A_NO_PTS
CRD_987A2756FB554B91BD1A,가디안 V,102275,1999,2,0,0,0,0,0,0,0,0,0,0,0,0,0,0,A_NO_PTS
CRD_9529FB33C2B2497B9A13,올리브,102295,5000,6,0,0,0,0,0,0,3,8300,6,8440,0,0,2,2500,PSA_ONLY
CRD_6BAE3346829849DD8C4B,크로뱃 V,102308,0,0,0,0,0,0,0,0,0,0,0,0,0,0,0,0,A_NO_PTS
CRD_A19E4A91ACD440ECBEF2,인텔리레온 VMAX,102305,0,0,0,0,0,0,0,0,0,0,0,0,0,0,0,0,A_NO_PTS
CRD_9830EDEBF33245BC92FE,올리브,102298,1000,1,0,0,0,0,0,0,0,0,0,0,0,0,0,0,A_NO_PTS
CRD_79A7AA5045634FCAAE44,로즈,102313,0,0,0,0,0,0,0,0,0,0,0,0,0,0,0,0,A_NO_PTS
CRD_25909EEE9FBE41E08266,에이스번 VMAX,102304,0,0,0,0,0,0,0,0,0,0,0,0,0,0,0,0,A_NO_PTS
CRD_5A428B14DAB74DF987AB,무한다이노 VMAX,102312,0,0,0,0,0,0,0,0,0,0,0,0,0,0,0,0,A_NO_PTS
CRD_8E26CAF93B2D45FE870C,무한다이노 V,102310,0,0,0,0,0,0,0,0,0,0,0,0,0,0,0,0,A_NO_PTS
CRD_C9D88D4A7D0741C89301,석탄산,102314,0,0,0,0,0,0,0,0,0,0,0,0,0,0,0,0,A_NO_PTS
CRD_941424BAD57545578C47,보만다 VMAX,102323,55500,2,1,1800,1800,1,1800,1800,0,0,2,13374,0,0,0,0,A_1M_OK
CRD_3C062CAF599948F7BA44,난천의 패기,103056,4800,66,6,4680,4580,12,4990,4580,15,18000,50,17933,3,5740,8,5350,A_1M_OK
CRD_FA128DB79B9440E7A6F9,앤테이 V,103066,3000,39,2,4999,5999,21,4000,5999,19,13599,58,13365,1,4999,9,4999,A_1M_OK
CRD_D5E768346B67472EBC09,유채의 활기,103060,1680,39,1,2100,2100,4,2050,2100,15,12000,36,11500,0,0,3,2933,A_1M_OK
CRD_7BE4E9F9E4664866988F,원규,103061,1280,36,1,1500,1500,3,1500,1500,9,13060,27,11300,1,3980,5,2000,A_1M_OK
CRD_EE2EA1C36FA84838903C,금랑,103058,1000,16,0,0,0,1,1300,1300,2,7550,4,7550,0,0,1,3000,A_3M_FB
CRD_02610BA308E64C70A526,노고치,103063,1000,10,0,0,0,0,0,0,2,6899,11,6666,0,0,1,1999,PSA_ONLY
CRD_22F914B318E7499997AE,스이쿤 V,103068,4200,39,1,7000,7000,23,4900,7000,19,14800,58,14474,3,5900,10,5500,A_1M_OK
CRD_D6012E58494D4846B6FB,기라티나 V,103067,1000,11,1,1000,1000,2,1400,1000,0,0,6,11000,0,0,0,0,A_1M_OK
CRD_AF9E559EB5944BEFAAD8,앱솔,103083,1000,19,1,1000,1000,1,1000,1000,2,8050,10,6900,0,0,1,2899,A_1M_OK
CRD_6A05AC4797764140A0D5,파비코리,103081,1000,14,1,1000,1000,2,1250,1000,5,6800,12,6872,0,0,2,2899,A_1M_OK
CRD_CAD2C5AC7AFD4C08A84D,디안시,103084,1000,16,0,0,0,0,0,0,3,6800,14,6940,0,0,0,0,PSA_ONLY
CRD_16FAD83BCF8E45DD9103,네오라이트 V,103051,4000,3,0,0,0,0,0,0,0,0,0,0,0,0,0,0,A_NO_PTS
CRD_62AFC6A6B1234F778316,비버통,103126,1000,8,0,0,0,0,0,0,4,7199,7,7200,0,0,2,2649,PSA_ONLY
CRD_85D8B3249D6140CCAE00,리자몽 VSTAR,103079,10500,205,9,16000,14793,57,16525,14793,27,36685,88,40604,7,16000,26,15249,A_1M_OK
CRD_7FDF1B8B2C7A49388486,밀탱크,103064,1000,16,0,0,0,0,0,0,2,6390,9,6800,0,0,0,0,PSA_ONLY
CRD_ECCF09117F0E4F4BBCF1,히스이 조로아크 VSTAR,103078,3300,92,3,3050,3050,24,3250,3050,20,12668,66,11965,0,0,3,4500,A_1M_OK
CRD_F2649876E477438F80E1,바오키 VSTAR,103771,3500,71,5,4300,3500,24,3966,3500,24,15000,75,14500,2,5625,9,5000,A_1M_OK
CRD_1E87A3A1183343468691,브리무음 VMAX [거다이맥스],103770,1000,13,0,0,0,1,1000,1000,4,7350,10,7425,0,0,1,2899,A_3M_FB
CRD_518259D3BB704065A54A,춤추새 [퓨전],103761,1000,18,2,1175,1150,3,1150,1150,4,7800,13,7000,0,0,1,2499,A_1M_OK
CRD_FDBA381E42DC4D1BAE86,레지기가스 VSTAR,103769,1480,18,1,1100,1100,3,1200,1100,3,8899,10,8494,0,0,0,0,A_1M_OK
CRD_48E53C0884D54CECB73D,히스이 미끄래곤,103082,1000,14,0,0,0,2,1000,1000,2,7000,4,6500,0,0,1,2222,A_3M_FB
CRD_F83111AEFA30449C80AA,제라오라 VSTAR,103797,1900,139,3,1999,2500,22,3150,2500,18,10762,57,10746,1,5550,1,5550,A_1M_OK
CRD_54E3A91B69264976B1D1,메타몽,103801,1500,22,3,1800,1800,16,1500,1800,12,9700,27,9900,0,0,0,0,A_1M_OK
CRD_24E953E56C044EFFAEB2,뮤 V,103804,1000,43,2,1000,1000,17,1250,1000,5,19150,16,18533,0,0,0,0,A_1M_OK
CRD_6B90BFF3033D4996A9AB,가라르 파이어,103800,1000,72,6,1800,1800,26,1500,1800,25,10499,78,10449,4,3500,17,3000,A_1M_OK
CRD_48773AA6B8EC4EF892A7,가라르 프리져,103799,1000,18,1,1000,1000,4,1055,1000,4,8350,13,7999,0,0,1,3500,A_1M_OK
CRD_95663DF3179B490FB089,글레이시아 VSTAR,103795,3500,180,8,4350,4000,32,5869,4000,21,14166,77,17774,4,6489,15,5849,A_1M_OK
CRD_C73541F8726F4E58B333,테오키스 VMAX [다이맥스],103796,2500,55,2,3466,3332,10,3054,3332,7,11400,35,11400,1,3800,1,3800,A_1M_OK
CRD_F6725E8B0E5E4958840B,블래키&다크라이 GX,104534,21800,27,0,0,0,6,32400,29800,13,65250,33,71800,1,27000,3,19000,A_3M_FB
CRD_C7E6727225AD4AC8B1EA,레지기가스 V,103554,1000,2,0,0,0,0,0,0,0,0,0,0,0,0,0,0,A_NO_PTS
CRD_439C86F598EA473882CC,솔록,104427,1000,14,0,0,0,1,1000,1000,3,6600,9,6900,0,0,0,0,A_3M_FB
CRD_9FE76C9CE7304920BC39,루나톤,104426,1000,12,0,0,0,0,0,0,5,7100,13,7050,0,0,0,0,PSA_ONLY
CRD_CBF98258CCE3480F901E,지라치 GX,134006,4000,15,0,0,0,3,6666,6666,4,19499,14,19999,0,0,0,0,A_3M_FB
CRD_E17AC037337F480F9F4D,에브이&테오키스 GX,104546,5000,6,0,0,0,0,0,0,2,30500,10,27250,1,14800,1,14800,PSA_ONLY
CRD_9379FBDE7A75416C8C5F,용접공,104552,0,0,0,0,0,0,0,0,0,0,0,0,0,0,0,0,A_NO_PTS
CRD_73E84D59CC8E4A4CA6FD,레드&그린,104563,12800,22,0,0,0,0,0,0,3,28000,13,29000,0,0,1,12000,PSA_ONLY
CRD_AA4B50E788B247089DA6,거북왕&팽도리 GX,104571,31000,22,0,0,0,1,58000,58000,8,120000,22,121400,2,36722,4,41122,A_3M_FB
CRD_A1ECFBA4CD8A42679127,또가스,104566,3399,15,1,3300,3300,1,3300,3300,1,9700,11,8000,0,0,0,0,A_1M_OK
CRD_A0F533475FB645238571,이상해꽃&주리비얀 GX,104573,20000,21,0,0,0,1,19800,19800,0,0,14,44749,0,0,1,14700,A_3M_FB
CRD_9D5FE568CAD14D749F5B,야돈&고라파덕 GX,104592,27999,20,2,60500,56000,5,56000,56000,13,148000,25,151900,3,50000,8,47500,A_1M_OK
CRD_9663E5A93BBF4AEBA664,오박사의 세팅,104580,4000,5,0,0,0,0,0,0,0,0,1,14000,0,0,0,0,PSA_ONLY
CRD_CEE20BD28DB542FEB5E3,야돈&고라파덕 GX,104600,18500,13,2,19375,20000,5,18000,20000,2,71000,12,59050,1,19800,3,17000,A_1M_OK
CRD_8FB0E39EAB04441DBF55,망나뇽 GX,321472,3700,6,0,0,0,1,6500,6500,0,0,5,25000,1,6000,3,5500,A_3M_FB
CRD_A3A2A1E4057649CEA59E,나몰빼미&알로라나시 GX,104608,3999,1,0,0,0,0,0,0,0,0,1,37800,0,0,0,0,PSA_ONLY
CRD_8EAE0303CE1A4A19A2DB,라이츄&알로라라이츄 GX,104613,12800,6,0,0,0,3,13000,13000,0,0,2,56500,0,0,0,0,A_3M_FB
CRD_E0B7B2CAE21042C6B89C,도희,104641,2490,17,0,0,0,0,0,0,0,0,13,11000,0,0,0,0,PSA_ONLY
CRD_C21B5D38B82C454CBA6D,거북왕 GX,393296,4000,4,0,0,0,0,0,0,0,0,5,19750,0,0,1,4200,PSA_ONLY
CRD_A5CCF9AA1AE84EC1B4E6,질뻐기&알로라질뻐기 GX,104623,4400,6,2,6499,6999,2,6499,6999,2,23899,9,19800,0,0,2,7750,A_1M_OK
CRD_B69CC3BA1BF848229682,전룡 GX,392649,39777,1,0,0,0,0,0,0,0,0,0,0,0,0,0,0,A_NO_PTS
CRD_96611437350C4464BB4A,가디안&님피아 GX,104639,9999,25,1,11500,11500,3,10000,11500,3,25980,9,30000,1,9500,5,9000,A_1M_OK
CRD_D5801F6F54714BE18F81,레드의 도전,104619,5555,19,1,7500,7500,5,7500,7500,1,29800,10,30900,0,0,2,10940,A_1M_OK
CRD_EBB9B2B17E4B4CE2B894,단단지 GX,335163,0,0,0,0,0,0,0,0,0,0,0,0,0,0,0,0,A_NO_PTS
CRD_BF2EC3DA51FE45219EFA,제라오라 V,104996,1000,5,0,0,0,0,0,0,0,0,0,0,0,0,0,0,A_NO_PTS
CRD_F40170A3F05A4F7ABE38,따라큐 GX,105311,4700,10,0,0,0,3,5800,6500,3,37000,5,35000,0,0,0,0,A_3M_FB
CRD_85A18C735C9147958902,가라르 파이어 V,141117,0,0,0,0,0,0,0,0,0,0,0,0,0,0,0,0,A_NO_PTS
CRD_FFD938BCA721439FA9A9,풍&란,105325,2999,17,0,0,0,0,0,0,2,10000,7,8700,0,0,0,0,PSA_ONLY
CRD_59D5ED41D1EE424B829A,찬석,104901,1000,11,1,2500,2500,1,2500,2500,2,7850,8,8100,0,0,1,3500,A_1M_OK
CRD_956C0F75AB874B358574,마임맨 GX,105353,0,0,0,0,0,0,0,0,0,0,0,0,0,0,0,0,A_NO_PTS
CRD_AF50D7F7BF224CA6B856,신오의 동료들,105138,1800,123,0,0,0,8,1850,2000,12,11299,54,11027,1,3980,7,2950,A_3M_FB
CRD_DF65A340F5804E30A359,붐볼 GX,105346,4000,1,0,0,0,0,0,0,0,0,0,0,0,0,0,0,A_NO_PTS
CRD_6B800B8A1D544DEB9436,이수재의 메인터넌스,105338,16000,2,0,0,0,0,0,0,2,11650,2,11650,0,0,0,0,PSA_ONLY
CRD_D956254FB2F5419D85EE,규토리장인,105350,2500,2,0,0,0,0,0,0,0,0,0,0,0,0,0,0,A_NO_PTS
CRD_A6E97F52AAE14D00B5D3,핫삼 GX,105351,0,0,0,0,0,0,0,0,1,25000,1,25000,0,0,0,0,PSA_ONLY
CRD_96185C75E06F48A79770,라프라스 V,144773,1000,4,0,0,0,1,1400,1400,1,28888,5,11900,0,0,0,0,A_3M_FB
CRD_9674E016E1A6436995B3,강연의 단판승부,105359,0,0,0,0,0,0,0,0,0,0,1,26099,0,0,0,0,PSA_ONLY
CRD_EED352CAE96C4D95B2C9,개굴닌자 GX,105369,6999,13,0,0,0,0,0,0,2,34650,5,34800,0,0,0,0,PSA_ONLY
CRD_9B8E69E27F554FA08F77,글레이시아 GX,105395,3900,10,0,0,0,1,9999,9999,0,0,3,28000,0,0,0,0,A_3M_FB
CRD_729748E685DD4FEB87C8,네크로즈마 황혼의 갈기 GX,336673,18000,2,0,0,0,0,0,0,1,39800,0,0,0,0,0,0,PSA_ONLY
CRD_A8DEE7AEF1EB41B29CFD,포켓몬애호가클럽,105410,5900,7,0,0,0,0,0,0,1,26000,5,19500,0,0,1,5000,PSA_ONLY
CRD_63C1890645A14E069576,텅비드 GX,334919,0,0,0,0,0,0,0,0,0,0,0,0,0,0,0,0,A_NO_PTS
CRD_75B006ABADD148E0A5BB,가디안 GX,105488,29800,2,0,0,0,1,10000,10000,0,0,3,15800,0,0,0,0,A_3M_FB
CRD_F49E3C984D174548B44E,큐아링,105535,1000,8,0,0,0,0,0,0,9,6699,18,6699,0,0,3,2800,PSA_ONLY
CRD_CC162A31A5C74A9FA602,테오키스 [퓨전/일격/연격],105547,1000,33,1,1250,1250,7,1300,1250,5,9499,27,9700,0,0,0,0,A_1M_OK
CRD_44776BE951744966AC11,파비코,105545,7000,7,2,1500,2000,3,1999,2000,4,7500,15,7500,0,0,2,2750,A_1M_OK
CRD_CB7A266C3EF64219A66B,마그마번,105558,1000,18,0,0,0,1,1000,1000,2,6849,7,7000,0,0,1,2222,A_3M_FB
CRD_B6F05ABED7AE47BAAD56,카밀레의 반짝임 [서포트/퓨전],105534,3000,193,3,3800,3800,9,3700,3800,19,12749,64,12210,6,3566,17,3500,A_1M_OK
CRD_E95B8B1938F2446E81DD,기라티나 VSTAR,105536,33000,101,12,34000,34000,40,30750,34000,30,55238,87,52000,3,35000,11,26000,A_1M_OK
CRD_48D2CD939E9C4A45872A,아크로마의 실험,105529,1300,8,0,0,0,2,1700,1400,0,0,0,0,0,0,0,0,A_3M_FB
CRD_DDC143852534B415787C,아르세우스 VSTAR,105530,16980,78,8,18900,18000,37,18000,18000,27,35400,80,36452,3,20000,9,16000,A_1M_OK
CRD_AA19A54D13CC49198C77,오리진 디아루가 VSTAR,105546,10400,71,8,11999,11500,28,12125,11500,24,26500,79,25350,1,12000,10,10400,A_1M_OK
CRD_6C510F8223BB456DB67C,케르디오,105537,1000,23,0,0,0,3,1000,1000,2,8294,18,7957,0,0,3,2899,A_3M_FB
CRD_40F6EEFDAD37407C8580,폭슬라이,105559,1000,13,0,0,0,0,0,0,3,6800,9,6700,0,0,0,0,PSA_ONLY
CRD_92D5EBD5664749C184D7,박사의 연구(마박사),105577,1000,4,0,0,0,0,0,0,0,0,1,6666,0,0,0,0,PSA_ONLY
CRD_C9F47C155D5849A7A956,체렌의 배려심,105544,1000,7,0,0,0,2,1000,1000,0,0,0,0,0,0,0,0,A_3M_FB
CRD_F5935161EBF44C28BF5A,자포코일,105541,1000,11,1,1300,1300,1,1300,1300,2,6949,7,6800,0,0,0,0,A_1M_OK
CRD_F2B549C5105449D9BAD4,라프라스,105566,1500,28,2,1250,1500,11,1500,1500,7,9280,25,9099,0,0,3,2500,A_1M_OK
CRD_D143E5991165404EBBDB,리자몽 V,105568,6480,174,11,7788,8000,48,8300,8000,27,26999,82,28412,4,10500,16,9940,A_1M_OK
CRD_B56B12EB53F4412BA2DA,피카츄,105553,36000,207,9,52000,52000,44,55000,52000,31,98000,88,103989,7,44999,18,42850,A_1M_OK
CRD_9A71FB2F4A614CFCB42E,포챠나,105561,6500,8,2,1401,1802,3,1600,1802,4,7100,14,7300,0,0,1,2500,A_1M_OK
CRD_DF32332FA0B44D189C38,라티아스 [퓨전],105565,1000,37,5,1400,1400,18,1299,1400,18,10875,52,10875,2,3300,4,3000,A_1M_OK
CRD_170C21DF603D41EABA47,해골몽,105564,1000,6,2,1500,1500,5,1500,1500,4,7600,15,7800,0,0,1,2600,A_1M_OK
CRD_F170955B3BE1433FA4C2,메리프,105562,2000,12,1,2500,2500,2,2500,2500,2,7875,18,7650,0,0,1,2300,A_1M_OK
CRD_A6097CD29C7E4A2C9ACE,보스의 지령(태홍),105560,2000,4,1,1800,1800,2,1575,1800,0,0,1,6500,0,0,0,0,A_1M_OK
CRD_BB59547714764CE4B9C2,멜론,105563,1300,17,2,1105,1200,2,1105,1200,0,0,9,7500,3,2500,6,2375,A_1M_OK
CRD_84D5C2862B76466098C2,리오르,105567,3999,11,3,3500,3900,6,3500,3900,4,8775,22,8775,0,0,2,2900,A_1M_OK
CRD_98B1AD5A09294E4AA9F5,오리진 펄기아 VSTAR,105552,10000,67,12,12799,12800,36,12799,12800,27,25499,79,25174,2,11250,9,11100,A_1M_OK
CRD_4B2B4A42869D4583AFCB,파라스,105551,5480,12,2,1000,1000,7,1000,1000,3,7500,12,7237,0,0,0,0,A_1M_OK
CRD_8176FFAF907244338749,모부기,105550,2750,11,1,1750,1750,4,1625,1750,1,8900,15,8900,0,0,0,0,A_1M_OK
CRD_8710D86E084B46B1A83E,비버니,105556,1500,9,2,2300,2500,4,2150,2500,3,7800,17,7480,0,0,0,0,A_1M_OK
CRD_E4BD8403FAAC4DE5A8FE,히드런 VMAX,139587,1333,2,0,0,0,0,0,0,0,0,0,0,0,0,0,0,A_NO_PTS
CRD_FCE1C605BB654E2BBC63,할라,106164,11000,1,0,0,0,0,0,0,0,0,0,0,0,0,0,0,A_NO_PTS
CRD_EA083C360F684B138684,알로라나인테일 GX,106163,18400,4,0,0,0,0,0,0,0,0,1,18500,0,0,2,4155,PSA_ONLY
CRD_A2D5C36D69B54AE9834C,블래키 GX,106181,7000,20,3,14999,14999,11,11111,14999,11,39000,21,35500,0,0,0,0,A_1M_OK
CRD_6DDE5C3825A04030BEC6,에브이GX,106192,2000,8,2,8500,8000,2,8500,8000,1,15000,5,18000,0,0,0,0,A_1M_OK
CRD_B7BEDC89F4554878A43B,에브이 EX,107350,2400,12,0,0,0,0,0,0,1,49500,5,20499,0,0,1,8000,PSA_ONLY
CRD_C3474CAADA7145DF9485,피죤투 EX,106334,18000,3,0,0,0,0,0,0,0,0,0,0,0,0,0,0,A_NO_PTS
CRD_E2D10B6BD1CB4538A46D,니드킹 BREAK,106660,38000,6,0,0,0,0,0,0,1,50000,0,0,0,0,0,0,PSA_ONLY
CRD_FC88002577FE4003A645,히스이 미끄래곤 V,139432,1000,1,0,0,0,0,0,0,0,0,0,0,0,0,0,0,A_NO_PTS
CRD_93BA1B52B6B14CF0AEDA,비크티니 V,144122,4900,9,0,0,0,3,2999,2999,0,0,3,16500,0,0,0,0,A_3M_FB
CRD_950D0856241946C48A38,후딘 EX,106710,45000,2,0,0,0,0,0,0,0,0,1,59000,0,0,0,0,PSA_ONLY
CRD_BDD95E418BFE4188A58A,게노세크트 ex,608530,1500,4,0,0,0,0,0,0,5,6500,0,0,0,0,0,0,PSA_ONLY
CRD_9A70A69B02794F2E8412,블래키 EX,106713,13800,11,0,0,0,0,0,0,2,121333,15,106400,1,32800,1,32800,PSA_ONLY
CRD_E1885E2AE59048FFA835,파비코리 EX,389656,0,0,0,0,0,0,0,0,0,0,0,0,0,0,0,0,A_NO_PTS
CRD_68750CA7D67B49579E22,히스이 붐볼 V,139428,0,0,0,0,0,0,0,0,0,0,0,0,0,0,0,0,A_NO_PTS
CRD_B0B1E680E6EB4FC091EE,M가디안 EX,768282,0,0,0,0,0,0,0,0,0,0,0,0,0,0,0,0,A_NO_PTS
CRD_E9A371AEF72043A7881F,M핫삼 EX,107347,38800,7,0,0,0,0,0,0,3,67500,5,67500,0,0,1,36800,PSA_ONLY
CRD_B3FD6023E69B4B2DAF28,마나피 EX,107345,149800,5,0,0,0,0,0,0,1,55000,5,40000,0,0,0,0,PSA_ONLY
CRD_C0DE715FF08247A1BCA3,M갸라도스 EX,107349,4545,8,0,0,0,0,0,0,0,0,9,57933,2,15832,4,14999,PSA_ONLY
CRD_16D569A705C64B95885E,M얼음귀신 EX,389959,0,0,0,0,0,0,0,0,0,0,0,0,0,0,0,0,A_NO_PTS
CRD_DFA86BCCB5434D858268,레시라무 GX,391681,16500,2,0,0,0,0,0,0,0,0,0,0,0,0,0,0,A_NO_PTS
CRD_AE3C75BE92214FE9ACBD,M라티오스 EX,107422,37800,5,0,0,0,0,0,0,0,0,1,130000,0,0,1,45000,PSA_ONLY
CRD_A2846300EA0942BBBD3C,M전룡 EX,385525,0,0,0,0,0,0,0,0,0,0,0,0,0,0,0,0,A_NO_PTS
CRD_CDEC77ACD877490BB161,라티아스 ex,385167,3999,4,0,0,0,1,2000,2000,2,12900,5,10000,0,0,0,0,A_3M_FB
CRD_7C977A54E4F7492996C5,엘레이드 EX,107423,42000,1,0,0,0,0,0,0,0,0,0,0,0,0,0,0,A_NO_PTS
CRD_73060B256D5B47E6A823,볼트로스 EX,107424,0,0,0,0,0,0,0,0,0,0,0,0,0,0,0,0,A_NO_PTS
CRD_123A0C58771F4B76BBFE,아강의 비장의카드,381878,20000,4,0,0,0,0,0,0,0,0,0,0,0,0,0,0,A_NO_PTS
CRD_CA05CA30ECC64AAA9103,M엘레이드 EX,382203,0,0,0,0,0,0,0,0,0,0,0,0,0,0,0,0,A_NO_PTS
CRD_DB8B895CEE0C4F1D99AB,고래왕 EX,381872,0,0,0,0,0,0,0,0,0,0,0,0,0,0,0,0,A_NO_PTS
CRD_4885A59DE0CC4CA59CE0,M가디안 EX,381834,9999,6,1,7900,7900,1,7900,7900,1,27883,1,27883,1,9000,1,9000,A_1M_OK
CRD_DE7B8B068B1746649360,엠페르트 V,144076,0,0,0,0,0,0,0,0,0,0,0,0,0,0,0,0,A_NO_PTS
CRD_83BAA925FA8D48C4ABFE,플라제스 BREAK,389927,0,0,0,0,0,0,0,0,0,0,0,0,0,0,0,0,A_NO_PTS
CRD_3EF662F5F4B04A96BB1F,볼케니온 EX,387212,0,0,0,0,0,0,0,0,0,0,0,0,0,0,0,0,A_NO_PTS
CRD_9901D08249144F58A8BC,무쇠바퀴 ex,108329,1000,6,0,0,0,0,0,0,0,0,0,0,0,0,0,0,A_NO_PTS
CRD_843DB9D7E2934E2DB5CE,대로트 EX,108429,5000,1,0,0,0,0,0,0,0,0,0,0,0,0,0,0,A_NO_PTS
CRD_DB83FAE5579D41C28206,자포코일 ex,108331,1000,6,0,0,0,0,0,0,0,0,0,0,0,0,0,0,A_NO_PTS
CRD_954796060C7F45978CE6,가디안 ex,108328,1000,3,0,0,0,0,0,0,0,0,0,0,0,0,0,0,A_NO_PTS
CRD_9AD4F161BE9E44D6AAF7,폭타 EX,381642,0,0,0,0,0,0,0,0,0,0,0,0,0,0,0,0,A_NO_PTS
CRD_775A49F21F744A09869C,M보스로라 EX,381645,65000,1,0,0,0,0,0,0,0,0,2,46500,0,0,1,29800,PSA_ONLY
CRD_E5EA343F391542008AAD,헤라크로스 EX,390400,80000,1,0,0,0,0,0,0,0,0,0,0,0,0,0,0,A_NO_PTS
CRD_D2518F5B122F4451AB0C,플라제스 EX,108463,26000,2,0,0,0,0,0,0,0,0,1,25000,0,0,0,0,PSA_ONLY
CRD_F502DD41B3C245CCBC78,화석 연구원,390403,0,0,0,0,0,0,0,0,0,0,0,0,0,0,0,0,A_NO_PTS
CRD_66E574AC0049442F9B22,캥카 EX,108501,16800,5,0,0,0,0,0,0,0,0,0,0,1,7000,1,7000,PSA_ONLY
CRD_7397558D5108401EB78D,M헤라크로스 EX,390220,39800,2,0,0,0,0,0,0,0,0,0,0,0,0,1,5999,PSA_ONLY
CRD_8D8F32E2E163440DB34E,갸라도스 V,113257,7980,11,0,0,0,2,3040,3980,2,18500,9,19800,0,0,0,0,A_3M_FB
CRD_D602C3182737420E823B,볼트로스,108828,20000,2,0,0,0,0,0,0,0,0,0,0,0,0,0,0,A_NO_PTS
CRD_D4E922F147AB4D8DAF9B,비리디온,108823,0,0,0,0,0,0,0,0,0,0,0,0,0,0,0,0,A_NO_PTS
CRD_9CD978A793F04EEBB0F9,거북왕 EX,356816,1500,5,0,0,0,0,0,0,0,0,0,0,0,0,0,0,A_NO_PTS
CRD_8B4E9ACDCF524203B75F,케르디오 EX,108792,4000,2,0,0,0,0,0,0,2,58750,0,0,0,0,0,0,PSA_ONLY
CRD_6A5E3F53DC574562AB1C,히드런 EX플라스마단,108783,0,0,0,0,0,0,0,0,0,0,1,139999,0,0,0,0,PSA_ONLY
CRD_88DD09D2B6D24EC68E6E,토네로스 EX플라스마단,404230,20000,2,0,0,0,0,0,0,0,0,0,0,0,0,0,0,A_NO_PTS
CRD_59E0A7F3922147D59CD0,테오키스 EX플라스마단,108782,720000,1,0,0,0,0,0,0,0,0,3,490000,0,0,0,0,PSA_ONLY
CRD_4B54FA5828754EE1BCD7,랜드로스 EX,108803,13000,1,0,0,0,0,0,0,0,0,0,0,0,0,0,0,A_NO_PTS
CRD_44F5692ABDFC4F8DA2CA,볼트로스 EX플라스마단,404228,0,0,0,0,0,0,0,0,0,0,1,110000,0,0,0,0,PSA_ONLY
CRD_F24BA2D7FF26428BA245,토네로스 EX,108812,0,0,0,0,0,1,10000,10000,0,0,0,0,0,0,0,0,A_3M_FB
CRD_70C03F70940E4AFD89F7,삼삼드래 EX,382144,15000,1,0,0,0,0,0,0,0,0,0,0,0,0,0,0,A_NO_PTS
CRD_DAA647C583CD4B3182C5,독개굴 EX,380708,2400,2,0,0,0,0,0,0,0,0,0,0,0,0,0,0,A_NO_PTS
CRD_69C72795CBC8432A90DC,야돈,109861,1000,43,5,2599,2599,26,1625,2599,21,14200,71,12000,3,3800,6,3350,A_1M_OK
CRD_F420852AE6A24B65BF0C,킬리아,109866,1400,11,0,0,0,7,1500,1800,8,9350,22,9300,0,0,1,3400,A_3M_FB
CRD_672B4D1A3B27458F9805,가디안 ex,109865,20000,36,4,27000,25500,11,26000,25500,17,36750,56,36999,0,0,2,22240,A_1M_OK
CRD_78304A223D8C4A2EAD04,심향의 블레이범,544501,1300,36,7,1500,2000,20,1550,2000,19,10650,64,9835,2,3249,7,3500,A_1M_OK
CRD_A4B8753A4E844EE09CBA,로켓단의 파이어 ex,560968,1000,7,0,0,0,0,0,0,0,0,1,6299,0,0,0,0,PSA_ONLY
CRD_88CACC97FEA144AAB25D,다크펫 ex,110736,1000,2,0,0,0,0,0,0,0,0,0,0,0,0,0,0,A_NO_PTS
CRD_B7161883B756473E8D66,코라이돈 ex,110900,1000,5,0,0,0,0,0,0,1,7500,1,7500,0,0,0,0,PSA_ONLY
CRD_7BB063F505DD4DC096EB,유니란,608493,3000,11,0,0,0,0,0,0,4,8930,16,8250,0,0,3,2600,PSA_ONLY
CRD_C46B76D03DCD42BEB000,올리뇨,110909,1000,6,0,0,0,0,0,0,2,6583,9,6500,0,0,0,0,PSA_ONLY
CRD_C2E5273146CB463B8905,어써러셔,110907,1000,12,1,1000,1000,2,1000,1000,2,7421,5,7445,0,0,0,0,A_1M_OK
CRD_6BCC0F7F5E7F4991809F,들눈해,110921,1000,10,0,0,0,0,0,0,0,0,6,6475,0,0,1,2444,PSA_ONLY
CRD_70C9E5F033A642FA8AA9,윈디 ex,110914,1800,13,1,2000,2000,6,1650,2000,1,11000,3,11000,0,0,0,0,A_1M_OK
CRD_A807FE059D28421A9D89,박사의 연구(투로박사),110934,1500,7,0,0,0,0,0,0,0,0,0,0,0,0,0,0,A_NO_PTS
CRD_A0D58142340C4202B5FD,미모사,110910,2000,152,5,2500,2000,9,2500,2000,17,13000,56,13933,8,3500,16,3000,A_1M_OK
CRD_AA42D1C0CC194B35AB8C,트래피더 ex,110930,0,0,0,0,0,0,0,0,0,0,0,0,0,0,0,0,A_NO_PTS
CRD_9F67BA0A6712493A867F,자포코일 ex,110913,1000,4,0,0,0,0,0,0,0,0,1,7400,0,0,0,0,PSA_ONLY
CRD_DC7B1F9CDDF44E588CD0,미라이돈 ex,110931,1000,7,0,0,0,1,1000,1000,1,7000,2,8000,1,4500,1,4500,A_3M_FB
CRD_DBE064C8AC1C4B42B193,미라이돈 ex,110939,2000,20,0,0,0,10,2200,2200,0,0,11,12000,0,0,0,0,A_3M_FB
CRD_F79C2876A4E54BCA830E,위대한엄니 ex,110943,1000,3,0,0,0,0,0,0,1,6200,1,6200,0,0,0,0,PSA_ONLY
CRD_8FA7CC63580F4C988819,지니어,110949,1450,6,0,0,0,0,0,0,1,7500,1,7500,0,0,0,0,PSA_ONLY
CRD_F3CC2FAC2F1644BCBC80,독개굴 ex,110944,1000,2,0,0,0,0,0,0,0,0,0,0,0,0,0,0,A_NO_PTS
CRD_D97F8DEBE01544ABAA7E,코라이돈 ex,110953,7000,37,1,11000,11000,5,6500,11000,2,22999,40,20450,0,0,1,5000,A_1M_OK
CRD_B3AE192A44B84ED7B24E,모란,110950,1500,41,0,0,0,2,1749,2000,3,9450,15,7500,2,3700,6,3000,A_3M_FB
CRD_EACBE2D928F948BD8911,마피티프,110917,1000,6,0,0,0,0,0,0,3,6600,13,6600,0,0,0,0,PSA_ONLY
CRD_A6E16EBEE75C492DA24E,바다그다,110908,1000,5,1,1000,1000,3,1000,1000,5,8200,12,8296,0,0,0,0,A_1M_OK
CRD_A502FAAAF5E44D6EB6F0,갑주무사 GX,112745,6800,2,0,0,0,0,0,0,0,0,0,0,0,0,0,0,A_NO_PTS
CRD_A46CF82C32F04EE6BB52,아고용 GX,112753,4200,1,0,0,0,0,0,0,0,0,0,0,0,0,0,0,A_NO_PTS
CRD_C2E4C6930E644C2D8236,네크로즈마 새벽의 날개 GX,112752,5000,3,0,0,0,0,0,0,0,0,0,0,0,0,0,0,A_NO_PTS
CRD_D95254F3729941B9B6A6,루가루암 GX,336262,0,0,0,0,0,0,0,0,0,0,0,0,0,0,0,0,A_NO_PTS
CRD_8C3914BBF6F44AEA9A9F,칠색조 GX,112777,7500,24,0,0,0,4,11400,13000,7,34166,16,33166,0,0,2,10230,A_3M_FB
CRD_AFEB8972DDD3469BB268,레시라무 GX,112778,6300,24,0,0,0,2,19999,20000,8,37750,19,38000,1,10000,2,9950,A_3M_FB
CRD_D472EEFEF45D4225A0EF,텅비드 GX,112786,4500,1,0,0,0,0,0,0,0,0,0,0,0,0,0,0,A_NO_PTS
CRD_FF3213DF87294320874D,붐볼 GX,112783,4400,3,0,0,0,0,0,0,0,0,0,0,0,0,0,0,A_NO_PTS
CRD_6E6C2EE667CE4D84A52D,울트라네크로즈마 GX,112765,1000,4,0,0,0,0,0,0,0,0,0,0,0,0,0,0,A_NO_PTS
CRD_75E352E7A1BF4AD3A0CF,프리져 GX,112781,10000,9,0,0,0,0,0,0,1,35000,4,34000,0,0,3,6980,PSA_ONLY
CRD_80554114AB5D428FB10A,상행&하행,112772,8800,8,0,0,0,0,0,0,0,0,2,11541,1,4800,1,4800,PSA_ONLY
CRD_D418EAC3260E430DB338,낚시꾼,112771,0,0,0,0,0,0,0,0,0,0,2,18888,0,0,0,0,PSA_ONLY
CRD_DBB7B7B124384146B708,루카리오 GX,112788,13000,18,0,0,0,3,14999,20000,5,58000,16,60000,0,0,2,11499,A_3M_FB
CRD_9B4304F1A3704496A8EC,등산가,112773,0,0,0,0,0,0,0,0,0,0,1,8980,0,0,0,0,PSA_ONLY
CRD_FE2362DA8BC245B88CB2,리피아 GX,112774,9000,17,0,0,0,0,0,0,3,34499,11,37000,2,9749,4,9949,PSA_ONLY
CRD_D7D333F402E247A68ADE,루가루암 GX,112790,1500,3,0,0,0,0,0,0,0,0,0,0,0,0,0,0,A_NO_PTS
CRD_97EAC0317B734B3191FC,메타그로스 GX,112797,14999,2,0,0,0,0,0,0,1,27777,3,23800,0,0,0,0,PSA_ONLY
CRD_8B1DB466A7784A9DA26A,조로아크 GX,112794,8999,10,0,0,0,3,6500,6500,2,26150,7,25480,0,0,3,5600,A_3M_FB
CRD_BA27BAD558E64F00B129,모크나이퍼 GX,112775,4500,5,1,3500,3500,1,3500,3500,0,0,0,0,0,0,0,0,A_1M_OK
CRD_70A1CFED68464E399860,루가루암 GX,112791,2500,3,1,1500,1500,1,1500,1500,1,18800,2,18400,0,0,0,0,A_1M_OK
CRD_A1D8F84613574D488021,파비코리 GX,112801,14500,3,0,0,0,0,0,0,1,28000,2,28000,0,0,0,0,PSA_ONLY
CRD_4A642D0DF8D74C7B896A,잠만보 V,113237,2500,1,0,0,0,0,0,0,3,10000,5,9900,0,0,0,0,PSA_ONLY
CRD_A81205AD3C6B4221AD8F,차곡차곡 GX,112799,3300,1,0,0,0,0,0,0,0,0,0,0,0,0,0,0,A_NO_PTS
CRD_6758A956D73C4F90BE9F,저지맨,112821,12000,2,1,4000,4000,2,3750,4000,0,0,0,0,0,0,0,0,A_1M_OK
CRD_C93F0C57CAE5425995FA,저지맨,112822,3500,3,0,0,0,0,0,0,0,0,0,0,0,0,0,0,A_NO_PTS
CRD_796EC7E6363A48C6ADF7,모르페코 V,113232,6990,1,0,0,0,0,0,0,0,0,0,0,0,0,0,0,A_NO_PTS
CRD_8410E4E943C54075AE69,깜까미 V,113235,0,0,0,0,0,0,0,0,0,0,0,0,0,0,0,0,A_NO_PTS
CRD_6A047CD751384F969D65,코터스 V,113231,0,0,0,0,0,0,0,0,0,0,0,0,0,0,0,0,A_NO_PTS
CRD_ED8BDC8A7A604D6886A4,꾸왁스,113065,1000,13,0,0,0,1,1380,1380,2,7050,8,7100,1,3331,2,3065,A_3M_FB
CRD_018725C657AC494C8687,에써르 V,113241,0,0,0,0,0,0,0,0,0,0,0,0,0,0,0,0,A_NO_PTS
CRD_D3997BEB72104CE08418,모르페코 V,113240,3980,2,0,0,0,1,6990,6990,0,0,1,12500,0,0,0,0,A_3M_FB
CRD_BB580CF2765F4C48B7BB,피아나의 결의,113264,3480,5,0,0,0,0,0,0,0,0,3,12800,0,0,1,3999,PSA_ONLY
CRD_79B516E57BA34A8A8AF8,코터스 V,113239,1200,1,0,0,0,0,0,0,0,0,0,0,0,0,0,0,A_NO_PTS
CRD_F3E837515D0E435AA991,대로트 V,113246,1000,2,0,0,0,0,0,0,0,0,0,0,0,0,0,0,A_NO_PTS
CRD_CC13B8F8C8BC49B092D7,요가램 V,113251,0,0,0,0,0,0,0,0,0,0,0,0,0,0,0,0,A_NO_PTS
CRD_1CCD9CD035A348629CD9,갸라도스 VMAX,113261,8980,13,0,0,0,1,6900,6900,0,0,6,17650,0,0,0,0,A_3M_FB
CRD_971CA0485F2B45D8A839,대로트 V,113255,3500,1,0,0,0,0,0,0,0,0,0,0,0,0,0,0,A_NO_PTS
CRD_F66B10F9608D4C8CB922,스쿨보이,113259,2000,1,0,0,0,0,0,0,0,0,0,0,0,0,0,0,A_NO_PTS
CRD_1806774875564E268E6E,옐단의 조무래기,113245,2000,2,0,0,0,0,0,0,0,0,0,0,0,0,0,0,A_NO_PTS
CRD_2ED4580E9B974C03A527,눈여아,113265,0,0,0,0,0,0,0,0,0,0,1,8500,0,0,0,0,PSA_ONLY
CRD_0672E08240B840E58C03,요가램 V,113258,0,0,0,0,0,0,0,0,0,0,0,0,0,0,0,0,A_NO_PTS
CRD_06CEAC2A8B35426D926A,망나뇽 V,113252,1000,7,0,0,0,3,1200,1500,1,16700,6,13490,0,0,1,4000,A_3M_FB
CRD_1C157708149345C6BF37,갸라도스 V,113249,1000,7,0,0,0,0,0,0,0,0,0,0,0,0,0,0,A_NO_PTS
CRD_477A7D547E084F6D8315,옐단의 조무래기,113244,1000,8,0,0,0,0,0,0,2,7498,2,7498,0,0,0,0,PSA_ONLY
CRD_9854903EC2F54EBAB680,데덴네 ex,114770,1000,8,0,0,0,1,1000,1000,0,0,0,0,0,0,0,0,A_3M_FB
CRD_DAAA4A279BCD415190D0,팔데아 우파,115235,1000,5,0,0,0,0,0,0,5,6680,9,6999,0,0,0,0,PSA_ONLY
CRD_B92DA5CF55D0468FB12E,아꾸왁,116070,1000,11,0,0,0,1,1000,1000,2,7299,5,7550,0,0,0,0,A_3M_FB
CRD_ADE314545C9C40C2BE9D,팔데아 토오 ex,116077,1000,5,0,0,0,0,0,0,0,0,0,0,0,0,0,0,A_NO_PTS
CRD_CA5C4ACA8C0944F9A611,팔데아 켄타로스,116071,1000,10,0,0,0,0,0,0,2,7090,5,6780,0,0,0,0,PSA_ONLY
CRD_E7613911A4194A1BB1CF,클라벨,116078,1000,2,0,0,0,0,0,0,0,0,0,0,0,0,0,0,A_NO_PTS
CRD_C123706D03224508B63B,트로피우스,116065,1000,7,0,0,0,0,0,0,1,6840,7,6800,2,2580,2,2580,PSA_ONLY
CRD_E5E93E5E67D8453083FA,라우드본 ex,116082,4800,24,3,4998,4998,10,4982,4998,5,10500,17,10000,1,3000,1,3000,A_1M_OK
CRD_827860234B4648058D9A,마스카나 ex,116081,8200,39,2,7990,8000,5,7980,8000,9,15500,41,14560,0,0,2,7500,A_1M_OK
CRD_C19EA4CD8F604CCE8CFA,라우드본 ex,116086,1450,3,0,0,0,0,0,0,0,0,2,7740,0,0,0,0,PSA_ONLY
CRD_D69C2C88C4594015B09D,웨이니발 ex,116087,1500,5,0,0,0,0,0,0,0,0,1,6980,1,3280,1,3280,PSA_ONLY
CRD_F0E60A047F1142A5AF30,위유이 ex,118630,4000,6,6,3949,3999,13,4000,3999,5,16000,19,12499,0,0,0,0,A_1M_OK
CRD_635F799A0D2C4619893C,딩루 ex,120749,1000,4,0,0,0,0,0,0,0,0,2,7788,0,0,0,0,PSA_ONLY
CRD_DE0D19741C6C49AEA3F8,모래꿍,120731,1000,9,1,1250,1250,1,1250,1250,5,6800,13,6800,0,0,0,0,A_1M_OK
CRD_7B317B9E170247469F62,딩루 ex,120742,1000,3,0,0,0,0,0,0,0,0,1,33500,0,0,0,0,PSA_ONLY
CRD_63CF750F292B420E9045,두드리짱 ex,120746,4500,8,5,3880,4200,11,3800,4200,2,11025,9,11800,0,0,1,3000,A_1M_OK
CRD_EEFAD8CB8F514886AAEF,사구아로,120747,1300,14,1,1400,1400,4,1395,1400,2,10200,4,9750,0,0,0,0,A_1M_OK
CRD_E55586307A664832B969,음번 ex,120743,1000,4,0,0,0,0,0,0,1,6800,1,6800,0,0,0,0,PSA_ONLY
CRD_64904033464E4C1DA53B,사구아로,120744,1000,8,0,0,0,0,0,0,0,0,1,6500,0,0,0,0,PSA_ONLY
CRD_E4C1A15E591E42F1AB64,위유이 ex,120739,1000,5,0,0,0,0,0,0,1,7500,2,7450,0,0,0,0,PSA_ONLY
CRD_DF8A429C70554B56B314,쏘콘 ex,120738,1000,4,0,0,0,0,0,0,1,7980,1,7980,0,0,0,0,PSA_ONLY
CRD_A7A7C7685FE244168B9B,마기라스,120735,1800,34,1,1460,1460,11,1733,1460,14,7404,49,7777,3,3400,4,3400,A_1M_OK
CRD_231D861950D2482F92C0,아머까오 V,144124,0,0,0,0,0,0,0,0,0,0,0,0,0,0,0,0,A_NO_PTS
CRD_7FE85AF0323E486DA2F4,총지엔 ex,120832,1000,1,0,0,0,0,0,0,0,0,0,0,0,0,0,0,A_NO_PTS
CRD_D3A35E24EA494A63BB44,비트,122006,5000,8,0,0,0,0,0,0,0,0,0,0,0,0,0,0,A_NO_PTS
CRD_DDED4EDE29E446F7B0C3,릴리에,123526,185000,65,1,470000,470000,2,424000,470000,11,1396666,33,1371800,2,320000,5,340000,A_1M_OK
CRD_F30AEC33313345B18B06,아킬,126506,4000,1,0,0,0,0,0,0,0,0,0,0,0,0,0,0,A_NO_PTS
CRD_F52BF6D27A264EE6A684,따라큐,123606,7800,89,1,11500,11500,15,8500,11500,19,24888,67,24000,1,8900,8,8900,A_1M_OK
CRD_24141283AF4D42638547,볼가이,126511,1500,4,1,1000,1000,1,1000,1000,0,0,2,8150,0,0,0,0,A_1M_OK
CRD_3556A9DD9F2149C5BF0C,따라큐 V,126327,5000,45,3,7500,8000,15,6490,8000,23,22699,76,20587,2,8790,9,8280,A_1M_OK
CRD_FF698E3711E2487B8D9F,새 조련사,126509,1000,1,0,0,0,0,0,0,0,0,0,0,0,0,0,0,A_NO_PTS
CRD_5563F3670A2C4D95AB21,모젤란,126507,1500,1,0,0,0,0,0,0,1,7800,1,7800,0,0,0,0,PSA_ONLY
CRD_B00F854C44414288BAFB,로즈,126512,1000,3,0,0,0,0,0,0,0,0,0,0,0,0,0,0,A_NO_PTS
CRD_7EDD738AC9704AC483F7,어니언,126521,1700,5,0,0,0,0,0,0,1,7800,7,7800,0,0,1,2300,PSA_ONLY
CRD_403D661F93B3488CA6F5,국화,126516,0,0,0,0,0,0,0,0,0,0,1,7280,0,0,0,0,PSA_ONLY
CRD_36246E7EC9864D74B0BA,의사,126515,1000,6,0,0,0,0,0,0,2,7500,6,6800,0,0,0,0,PSA_ONLY
CRD_3B4B975E13F04C418F1C,시바,126513,0,0,0,0,0,0,0,0,0,0,0,0,0,0,0,0,A_NO_PTS
CRD_B325D03BDD34469298B9,체렌의 배려심,126534,2500,6,0,0,0,0,0,0,0,0,0,0,0,0,0,0,A_NO_PTS
CRD_7DDAF72A6F6E4107971D,즈미,126517,1000,2,0,0,0,0,0,0,0,0,0,0,0,0,0,0,A_NO_PTS
CRD_0052886022F54674939E,포플러,126526,1500,3,0,0,0,0,0,0,0,0,0,0,0,0,0,0,A_NO_PTS
CRD_2B512D9C6B334EA6B3B5,캠프파이어,126533,1000,2,0,0,0,0,0,0,0,0,0,0,0,0,0,0,A_NO_PTS
CRD_9740CC2128594EDDB54F,마쿠와,126527,1000,1,0,0,0,0,0,0,0,0,0,0,0,0,0,0,A_NO_PTS
CRD_66963C0675B84ECAA1FA,마스터,126528,0,0,0,0,0,0,0,0,0,0,0,0,0,0,0,0,A_NO_PTS
CRD_50C0DEEAB02B452683DA,수철,126544,1000,2,0,0,0,0,0,0,0,0,0,0,0,0,0,0,A_NO_PTS
CRD_0AC16029AD564BF68326,블랑쉬,126543,1000,4,0,0,0,0,0,0,0,0,0,0,0,0,0,0,A_NO_PTS
CRD_8E2D357D27A34250B5E6,코터스,126665,2200,13,0,0,0,1,1800,1800,7,8500,29,8280,0,0,0,0,A_3M_FB
CRD_9177A302A923467195DB,페릴라,126538,1500,2,0,0,0,0,0,0,0,0,0,0,0,0,0,0,A_NO_PTS
CRD_B1BA8BA294224C83B570,피카츄,126664,24500,84,4,40690,40000,20,39000,40000,23,78000,72,74949,4,26875,8,26000,A_1M_OK
CRD_B35BCAFB2F9E4FE5BE34,데덴네,126671,1000,60,3,1500,1500,8,1500,1500,25,8000,59,7700,0,0,2,2024,A_1M_OK
CRD_E2C122D990CA490FAF7E,억새,126541,1000,3,0,0,0,0,0,0,0,0,0,0,0,0,0,0,A_NO_PTS
CRD_2A2AA65BC13345549AD1,마스터드 연격의 태세,126530,1000,3,0,0,0,0,0,0,0,0,0,0,0,0,0,0,A_NO_PTS
CRD_F3D10A6AC6D949C88832,보송송,126666,1000,68,2,1999,1000,5,1300,1000,17,7249,53,7950,0,0,2,2500,A_1M_OK
CRD_96E3628EA11140F3A119,리자몽,126668,3000,120,7,3366,3200,32,3382,3200,20,15179,68,16949,4,4899,11,4800,A_1M_OK
CRD_24CD0D7FE1834DA89707,부스터,126670,2700,28,2,2783,2666,17,2390,2666,23,11385,67,10155,2,4250,4,4250,A_1M_OK
CRD_7457BA11C1D9436DAEED,제크로무,126667,2580,103,4,2599,1500,23,2999,1500,25,11768,76,12369,3,6100,6,3300,A_1M_OK
CRD_14EB3BE3034D40278311,쥬피썬더,126674,2400,43,2,2475,2300,11,2500,2300,22,10910,69,10640,1,3300,5,3500,A_1M_OK
CRD_5D9CED91492B4E768613,잠만보,126680,2499,65,0,0,0,10,2200,2000,27,10250,79,10389,1,4980,15,3800,A_3M_FB
CRD_F70C1790FD9042749050,크리만,126682,1000,9,0,0,0,1,1000,1000,2,7049,6,7049,0,0,0,0,A_3M_FB
CRD_D96E0DB78D214574BD54,로즈레이드,126679,1000,25,0,0,0,1,1000,1000,8,6990,20,6980,2,2649,2,2649,A_3M_FB
CRD_E1816DF5DFB04C90965B,동탁군,126678,1000,39,0,0,0,2,1250,1100,8,6887,33,6999,0,0,2,2240,A_3M_FB
CRD_C64D8A288A1E49DABD3B,이브이,126673,1890,66,3,2300,1950,19,2500,1950,24,11714,68,10901,1,3000,7,3000,A_1M_OK
CRD_2CECD65EDFEE402B8093,킹드라,126683,1500,26,1,1500,1500,7,1200,1500,6,8400,24,8010,0,0,0,0,A_1M_OK
CRD_53504BEF2B164AFA9492,부우부,126692,1000,4,0,0,0,1,1600,1600,4,9549,12,8640,0,0,0,0,A_3M_FB
CRD_80BD0BCAE8F6426DA55F,팽도리,126663,7500,57,0,0,0,5,9500,10400,12,24825,47,22510,2,11625,8,11250,A_3M_FB
CRD_00B0A094D2434026AD56,하랑우탄,126690,1000,6,0,0,0,0,0,0,2,6675,9,6900,0,0,0,0,PSA_ONLY
CRD_6D8F9AF9CC2D47D0ABE5,눈설왕,126697,1000,10,1,1000,1000,2,3000,1000,6,6800,10,6875,0,0,0,0,A_1M_OK
CRD_4192371C8DE14719ACB9,그라에나,126693,1000,12,0,0,0,0,0,0,5,6800,13,6899,0,0,0,0,PSA_ONLY
CRD_A55C953959164A8EBF09,히스이 윈디,126698,1000,20,1,1000,1000,2,1000,1000,5,7300,9,7200,0,0,0,0,A_1M_OK
CRD_B675C7208A854D9AAEF1,몰드류,126685,0,0,0,0,0,0,0,0,1,10800,1,10800,0,0,0,0,PSA_ONLY
CRD_AF533FDCBFB840229CB0,칼라마네로,126695,1000,7,0,0,0,0,0,0,6,6746,13,6500,0,0,0,0,PSA_ONLY
CRD_5E50FAE179C84F9C8755,대여르,126687,1000,16,1,1500,1500,2,1600,1500,3,6650,14,6875,0,0,0,0,A_1M_OK
CRD_34B94E323039433886E9,애프룡,126696,1000,5,0,0,0,2,1000,1000,4,6700,11,6800,0,0,0,0,A_3M_FB
CRD_92EBCC00579749239EE9,신비록,126701,1000,12,0,0,0,0,0,0,4,6550,8,6500,0,0,0,0,PSA_ONLY
CRD_576DC2D934294498A93F,캐스퐁,126702,1000,11,0,0,0,1,6000,6000,2,6939,12,6950,0,0,0,0,A_3M_FB
CRD_C31F1E43A61B4EC79EA3,쿡,126523,0,0,0,0,0,0,0,0,0,0,0,0,0,0,0,0,A_NO_PTS
CRD_9FAFB1939CF44F30ACE6,암멍이,126704,1000,10,0,0,0,0,0,0,1,6895,10,6697,0,0,0,0,PSA_ONLY
CRD_DE35A5AF533342F99E35,하푸우,127027,2250,6,0,0,0,0,0,0,2,6999,4,6999,0,0,0,0,PSA_ONLY
CRD_7F3A7B805F704D6C96F3,모스노우,126707,1000,9,0,0,0,0,0,0,2,6999,7,6999,0,0,0,0,PSA_ONLY
CRD_7666E22ADA2D4444AB42,메가이어롭&푸린 GX,127037,29000,15,0,0,0,0,0,0,0,0,14,52250,2,28500,3,27000,PSA_ONLY
CRD_E02E2D38E06C4D3AACF4,라플레시아 GX,127423,7600,51,0,0,0,1,11111,11111,7,21500,28,21600,1,9200,5,7980,A_3M_FB
CRD_D5A3208DB5D642528B68,세레비&이상해꽃 GX,127727,6000,37,0,0,0,1,35000,35000,8,71000,15,73400,0,0,3,30900,A_3M_FB
CRD_C5C15088983B4338BFDC,이상해꽃 ex,127768,1000,13,0,0,0,1,1300,1300,0,0,1,5500,0,0,0,0,A_3M_FB
CRD_7D548C823A1940E98115,가디안 ex,162094,16000,47,6,19450,20000,24,17650,20000,20,36259,66,34798,2,18275,11,15480,A_1M_OK
CRD_DF94CDB2489A49698586,대포무노,126708,1000,8,0,0,0,1,1000,1000,1,8266,6,7633,0,0,0,0,A_3M_FB
CRD_9324067E86B04FA9A0F8,아보크 ex,127807,1000,2,0,0,0,0,0,0,0,0,0,0,0,0,0,0,A_NO_PTS
CRD_A9DF06F1FA7544AD83E2,나인테일 ex,127834,1000,4,0,0,0,1,1000,1000,0,0,0,0,0,0,0,0,A_3M_FB
CRD_DC3CA236843E44299775,루주라 ex,128001,1000,1,0,0,0,0,0,0,0,0,1,5000,0,0,0,0,PSA_ONLY
CRD_C1430E514E7A4341B76C,거북왕 GX,393252,1550,4,0,0,0,1,1000,1000,0,0,5,8400,1,3490,2,2985,A_3M_FB
CRD_FF58AC269F384D2DB169,근육몬,128093,1000,9,3,1800,1900,11,1800,1900,6,7674,23,8466,0,0,2,2994,A_1M_OK
CRD_B807649467B3424F8C29,고라파덕,128091,2500,70,12,3850,3799,47,3760,3799,27,16266,82,15571,4,5999,13,5990,A_1M_OK
CRD_D4963DE8F541495794EE,이상해씨,128082,2000,55,9,3200,3000,49,3299,3000,23,13000,79,13066,5,5000,18,5333,A_1M_OK
CRD_7FEAB602A0214CDAB632,파이리,128084,3000,120,14,5825,8999,65,6000,8999,26,21974,78,22940,5,7000,22,7000,A_1M_OK
CRD_AC3606B6DD67461CB745,잠만보,128097,2300,121,10,3000,2000,35,3333,2000,29,13979,89,14000,6,4762,21,4499,A_1M_OK
CRD_A5C68E63AD7846D98563,이상해풀,128083,2499,55,8,2200,2400,35,2450,2400,17,9764,69,10700,6,4650,15,4290,A_1M_OK
CRD_B078B8FB2EB6415A85B6,어니부기,128087,1999,54,13,2500,9000,40,2900,9000,24,14083,73,12900,7,4700,26,3940,A_1M_OK
CRD_8538CE46E092401B8FD2,슈륙챙이,128092,1000,23,5,1000,2000,20,1920,2000,13,13000,50,10657,0,0,2,4099,A_1M_OK
CRD_D6A4F6C77AFF466C95D9,거북왕 ex,128102,1200,37,1,2980,2980,12,2980,2980,7,10500,27,12350,0,0,2,4250,A_1M_OK
CRD_725B42F08E65463899B9,나인테일 ex,128104,1000,10,1,1500,1500,7,1425,1500,0,0,1,7500,0,0,0,0,A_1M_OK
CRD_7CC5297071A246E0B3DB,캥카 ex,128108,1800,3,1,1700,1700,3,1700,1700,2,11122,5,9900,0,0,0,0,A_1M_OK
CRD_99651D6378CB49808433,비주기의 카리스마,128113,1000,13,0,0,0,4,1000,1000,2,13247,4,12749,0,0,0,0,A_3M_FB
CRD_744238CF563C4F9ABC6A,리자드,128085,2444,81,11,3100,2680,51,3864,2680,24,15390,77,15290,7,4480,22,4400,A_1M_OK
CRD_CE2F437D2073455CA89E,루주라 ex,128109,1500,1,0,0,0,3,1000,1200,0,0,2,7700,0,0,1,3980,A_3M_FB
CRD_BBC2E062E3384B639FA8,후딘 ex,128119,8900,58,3,8900,9480,15,10400,9480,13,22000,45,22988,2,8590,4,8990,A_1M_OK
CRD_6F30F6948BD54C099B7B,남나리의 도움,128114,1200,28,1,1999,1999,7,1999,1999,2,11000,7,8400,1,3000,1,3000,A_1M_OK
CRD_E79D379B22204F5A8CB8,마임맨,128095,1500,2,2,1500,1500,8,1000,1500,7,7400,18,7400,0,0,2,2249,A_1M_OK
CRD_DCA22E7A661545CBAC0E,펄스멍 V,128524,12000,1,0,0,0,0,0,0,0,0,3,7490,0,0,0,0,PSA_ONLY
CRD_828E8D059DF7414D891B,뮤 ex,128121,33333,173,11,51666,51666,44,56166,51666,30,98250,83,113000,11,38000,29,43800,A_1M_OK
CRD_EE3C7F73629F436FA9B6,비주기의 추방,128523,3499,6,0,0,0,0,0,0,1,20999,4,15500,0,0,1,4500,PSA_ONLY
CRD_80E06EF89D844F93ABE5,이올브 VMAX,128949,2200,2,0,0,0,0,0,0,1,7750,3,7750,0,0,0,0,PSA_ONLY
CRD_DECDD9969EB941668D1B,대로트 BREAK,390824,0,0,0,0,0,0,0,0,0,0,0,0,0,0,0,0,A_NO_PTS
CRD_6A64916CD6DF4E1C952E,이올브 V,128948,0,0,0,0,0,0,0,0,0,0,0,0,0,0,0,0,A_NO_PTS
CRD_F7EF825777564C459F21,몰드류 ex,608533,1500,12,1,1799,1799,2,1899,1799,2,7200,9,7400,0,0,0,0,A_1M_OK
CRD_64D59B5F08A74343BAD0,피죤투 ex,132273,1000,5,0,0,0,0,0,0,0,0,0,0,0,0,0,0,A_NO_PTS
CRD_9C5270DA79DC45DF87E7,앱솔 ex,132271,1000,2,0,0,0,0,0,0,0,0,1,6980,0,0,0,0,PSA_ONLY
CRD_95BB14D8C84E44EF9FFB,피죤,132264,1000,16,1,1000,1000,2,1000,1000,3,8500,6,8150,0,0,1,2444,A_1M_OK
CRD_D2A4A914128D48B19C2B,뽀삐,132276,1200,12,0,0,0,0,0,0,0,0,3,10000,0,0,1,2000,PSA_ONLY
CRD_7BE4EC5B6757486A9FA0,빙큐보 ex,132278,2000,5,0,0,0,1,1000,1000,0,0,0,0,0,0,0,0,A_3M_FB
CRD_B63836C8D4AD4235A59A,킬라플로르 ex,132269,1000,2,0,0,0,0,0,0,0,0,0,0,0,0,0,0,A_NO_PTS
CRD_734D08C448CA482595A4,구구,132263,1000,12,1,1000,1000,4,1000,1000,3,7940,6,7449,1,3999,2,3399,A_1M_OK
CRD_A96D274688FA4B04A973,마기라스 ex,132267,1000,10,0,0,0,1,1000,1000,2,7750,6,7750,0,0,0,0,A_3M_FB
CRD_9B1935C2FFE14C9493B6,삐,132258,2000,41,3,3500,3500,23,2000,3500,15,16000,56,16434,6,4000,12,4000,A_1M_OK
CRD_ADDEC4B6D7EC4C7FA90E,리자몽 ex,132284,12500,86,2,16500,15000,26,18249,15000,21,32500,72,43989,2,14000,6,12925,A_1M_OK
CRD_D934A1F32E1645DE8BCA,나인테일,132255,1780,49,3,1980,1980,18,1332,1980,13,10500,44,10500,1,3980,5,3500,A_1M_OK
CRD_EC86C750F0BF4F198ECA,눈여아 ex,136212,1000,2,0,0,0,0,0,0,0,0,0,0,0,0,0,0,A_NO_PTS
CRD_BA98E92E4AFE471CB7C6,후파 ex,136482,1000,4,0,0,0,0,0,0,0,0,0,0,0,0,0,0,A_NO_PTS
CRD_CD86338BE2A54676A3B5,큐레무 V,136970,1000,2,0,0,0,0,0,0,0,0,0,0,0,0,0,0,A_NO_PTS
CRD_EBD05116E1CE442AAF4E,피죤투 ex,132281,8800,3,0,0,0,1,2650,2650,1,9999,9,9900,0,0,0,0,A_3M_FB
CRD_02FBE86D930D4D10A90C,마폭시 V,136958,0,0,0,0,0,0,0,0,0,0,0,0,0,0,0,0,A_NO_PTS
CRD_A4A072ED41004885A806,소미안,608536,1000,4,0,0,0,0,0,0,1,6666,2,6783,0,0,0,0,PSA_ONLY
CRD_EB1A8BB5303F41F8BA2A,프테라 V,136997,1000,2,0,0,0,0,0,0,0,0,0,0,0,0,0,0,A_NO_PTS
CRD_BF531C372C7F46138B80,가라르 나이킹 V,137020,0,0,0,0,0,0,0,0,0,0,0,0,0,0,0,0,A_NO_PTS
CRD_5704D0F94D3F482C8103,피죤투 V,137023,0,0,0,0,0,0,0,0,0,0,0,0,0,0,0,0,A_NO_PTS
CRD_F414A783F97B45F0A953,기라티나 V,137021,1000,11,0,0,0,0,0,0,0,0,5,9980,0,0,0,0,PSA_ONLY
CRD_9F777E2B3AF448D78288,드래피온 VSTAR,137050,0,0,0,0,0,1,1100,1100,0,0,0,0,0,0,0,0,A_3M_FB
CRD_5DF12C9B3FCC471D90BA,가라르 나이킹 V,137047,0,0,0,0,0,0,0,0,0,0,0,0,0,0,0,0,A_NO_PTS
CRD_C608BA3853EA42618657,드래피온 V,137046,0,0,0,0,0,0,0,0,0,0,0,0,0,0,0,0,A_NO_PTS
CRD_FF2705137ED74AB383C1,피죤투 V,137048,1000,3,0,0,0,0,0,0,0,0,0,0,0,0,0,0,A_NO_PTS
CRD_03969BCA263B42ACB41A,프테라 VSTAR,137049,3500,4,0,0,0,1,3500,3500,1,16500,1,16500,0,0,0,0,A_3M_FB
CRD_2C1B8B60A6A24410B160,멜리사,137052,2500,3,0,0,0,0,0,0,0,0,0,0,0,0,0,0,A_NO_PTS
CRD_CA30FFDBDA9E4F959E75,수철,137051,3000,2,0,0,0,0,0,0,0,0,0,0,0,0,0,0,A_NO_PTS
CRD_6136135AE22040079308,노보청 V,137089,3500,1,0,0,0,0,0,0,0,0,0,0,0,0,0,0,A_NO_PTS
CRD_F42BA8F04DBE4AD9A8D0,망나뇽 V,137098,1000,9,0,0,0,6,1000,3000,3,11500,9,11500,0,0,0,0,A_3M_FB
CRD_8E25DF25B8DD49B6A003,알로라 나시 V,137120,1000,1,0,0,0,0,0,0,0,0,0,0,0,0,0,0,A_NO_PTS
CRD_013491CECA2E446F9AB8,게을킹 V,137107,1000,1,0,0,0,0,0,0,0,0,0,0,0,0,0,0,A_NO_PTS
CRD_ABD8EEE619A649568E06,멜메탈 V,137122,3000,1,0,0,0,0,0,0,0,0,0,0,0,0,0,0,A_NO_PTS
CRD_D5CA1113067244059C35,알로라 나시 V,137056,0,0,0,0,0,0,0,0,0,0,0,0,0,0,0,0,A_NO_PTS
CRD_9BB766F8D22C400B9459,게을킹 V,137124,0,0,0,0,0,0,0,0,0,0,1,6600,0,0,0,0,PSA_ONLY
CRD_6CBCB133079240129A9D,망나뇽 V,137123,1400,17,2,2050,2400,3,2400,2400,7,11980,20,14000,1,4979,2,3939,A_1M_OK
CRD_F17E3DA3317A4B978E20,박사의 연구,137128,1000,3,0,0,0,0,0,0,0,0,0,0,0,0,0,0,A_NO_PTS
CRD_1ACE44AEBA7B4DF5B0D6,칸델라,137126,1100,2,0,0,0,0,0,0,0,0,0,0,0,0,0,0,A_NO_PTS
CRD_A764468C60C145BBA7B2,멜메탈 VMAX,137125,1000,1,0,0,0,0,0,0,0,0,0,0,0,0,0,0,A_NO_PTS
CRD_803FA692C5CE471EA9A3,모으령,138230,1000,13,1,2300,2300,5,2000,2300,6,12350,14,12155,0,0,0,0,A_1M_OK
CRD_67500D676E7A49D1928A,리카,138231,1380,29,0,0,0,0,0,0,0,0,2,9316,0,0,1,2000,PSA_ONLY
CRD_DBE075DCBF884295B389,그란돈,137232,3480,35,5,3300,3500,22,3300,3500,21,15750,67,14333,1,5000,4,5000,A_1M_OK
CRD_CA3282A90EA344D18DDD,무쇠무인 ex,138238,1050,2,0,0,0,0,0,0,0,0,0,0,0,0,0,0,A_NO_PTS
CRD_5D86E01964624A8CBE40,피카츄 VMAX,138599,18000,99,4,31250,33000,22,25875,33000,27,62500,76,68622,1,29100,10,20250,A_1M_OK
CRD_D0DC8DD763A74B918833,청목,138600,1999,1,0,0,0,0,0,0,0,0,0,0,0,0,0,0,A_NO_PTS
CRD_FC9AB834D89544B0B4F3,블로스터 BREAK,387220,0,0,0,0,0,0,0,0,0,0,0,0,0,0,0,0,A_NO_PTS
CRD_D07E561E30914540AD43,자포코일 V,139336,0,0,0,0,0,0,0,0,0,0,0,0,0,0,0,0,A_NO_PTS
CRD_F99835774689458C8924,히스이 가디,224085,1800,21,1,1700,1700,3,1700,1700,6,7653,20,7946,1,3000,1,3000,A_1M_OK
CRD_8E99D75B637D46C0BA84,프로토가,608481,1000,2,0,0,0,0,0,0,0,0,1,7000,0,0,0,0,PSA_ONLY
CRD_73E5E12743E44600A13C,엘레이드 V,139375,1300,3,0,0,0,0,0,0,0,0,0,0,0,0,0,0,A_NO_PTS
CRD_F388F752349144079A88,히스이 미끄래곤 V,139402,0,0,0,0,0,0,0,0,0,0,0,0,0,0,0,0,A_NO_PTS
CRD_78C8EBD5445449F38745,자포코일 VSTAR,139433,1300,1,0,0,0,1,1400,1400,0,0,1,7000,0,0,0,0,A_3M_FB
CRD_3CF2CAAC6C6843768D3B,히스이 드레디어 V,139447,0,0,0,0,0,0,0,0,0,0,0,0,0,0,0,0,A_NO_PTS
CRD_73BC837020A74A488C75,억새,139434,1950,1,0,0,0,0,0,0,0,0,0,0,0,0,0,0,A_NO_PTS
CRD_866E43F5997A400B8392,렌트라 V,139509,0,0,0,0,0,0,0,0,0,0,0,0,0,0,0,0,A_NO_PTS
CRD_C99C51CB2CCA447FBB9F,자포코일 V,139429,1000,2,0,0,0,0,0,0,0,0,0,0,0,0,0,0,A_NO_PTS
CRD_1EAFC9958EE848E3BAA6,히스이 드레디어 V,139508,0,0,0,0,0,0,0,0,0,0,0,0,0,0,0,0,A_NO_PTS
CRD_BF68BBD0D4414170AFD2,괴력몬 VMAX,139513,10000,2,0,0,0,0,0,0,0,0,0,0,0,0,0,0,A_NO_PTS
CRD_58CA4FCBE74947989A92,엘레이드 V,139431,1500,1,0,0,0,0,0,0,1,6999,0,0,0,0,0,0,PSA_ONLY
CRD_C24816ED007D4FA3AB68,비리디온 V,139618,0,0,0,0,0,0,0,0,0,0,0,0,0,0,0,0,A_NO_PTS
CRD_742200F17881431CB52E,비리디온 V,139713,1000,3,0,0,0,0,0,0,0,0,0,0,0,0,0,0,A_NO_PTS
CRD_81B29653F5524988BEF1,아쿠스타 V,139628,1000,1,0,0,0,0,0,0,0,0,0,0,0,0,0,0,A_NO_PTS
CRD_4C846CECB8E74C96BF39,히스이 모크나이퍼 V,139716,1100,2,0,0,0,0,0,0,0,0,0,0,0,0,0,0,A_NO_PTS
CRD_BCA5D115D41A4E2A875F,히스이 모크나이퍼 V,139673,0,0,0,0,0,0,0,0,0,0,0,0,0,0,0,0,A_NO_PTS
CRD_621EC27A4FFC46AAA5B0,한카리아스 V,139718,1111,4,1,1800,1800,2,2150,1800,0,0,0,0,0,0,0,0,A_1M_OK
CRD_2D25B07240614BDCAAAC,히스이 대검귀 VSTAR,139724,1200,2,0,0,0,0,0,0,0,0,0,0,0,0,0,0,A_NO_PTS
CRD_E8D78BF9E79942FD96A4,전목,139727,0,0,0,0,0,0,0,0,0,0,0,0,0,0,0,0,A_NO_PTS
CRD_C5FD1D1E4E924008A6FE,라이츄 V,139777,1000,9,0,0,0,0,0,0,2,11999,4,11999,0,0,0,0,PSA_ONLY
CRD_70BF01A370254FDF84AA,엘풍 V,139792,0,0,0,0,0,0,0,0,0,0,0,0,0,0,0,0,A_NO_PTS
CRD_7472D09449364F81AB38,후파 V,141401,2800,2,0,0,0,0,0,0,0,0,0,0,0,0,0,0,A_NO_PTS
CRD_C6E94E4673E846D48583,기기어르,608587,1000,3,0,0,0,0,0,0,0,0,0,0,0,0,0,0,A_NO_PTS
CRD_1B4300D40B074B11BABC,쉐이미 V,139755,1500,3,0,0,0,0,0,0,0,0,0,0,0,0,0,0,A_NO_PTS
CRD_A2652FD03BCB44E786AA,돈크로우 V,139848,1480,3,0,0,0,0,0,0,0,0,3,9000,0,0,0,0,PSA_ONLY
CRD_641A3A941D1A424C84B3,기기기어르,608588,1000,5,0,0,0,0,0,0,5,6800,0,0,0,0,0,0,PSA_ONLY
CRD_8F9C9E655E734313A1CD,플라이곤 V,139815,1000,1,0,0,0,0,0,0,0,0,0,0,0,0,0,0,A_NO_PTS
CRD_1AD1B3ABA677423BBCAE,라이츄 V,139845,1200,18,2,1861,2222,10,2000,2222,1,16000,4,14000,0,0,0,0,A_1M_OK
CRD_BC7A6C4E12004FA0918B,쉐이미 V,139844,1000,3,0,0,0,0,0,0,0,0,0,0,0,0,0,0,A_NO_PTS
CRD_F42A2FE92E69499F8449,캠프파이어,139852,0,0,0,0,0,0,0,0,0,0,0,0,0,0,0,0,A_NO_PTS
CRD_F158AE0760914258A50D,쉐이미 VSTAR,139850,3000,2,0,0,0,0,0,0,0,0,0,0,0,0,0,0,A_NO_PTS
CRD_CC7458EF5365429CB168,괴력몬 V,139511,13990,1,0,0,0,0,0,0,0,0,0,0,0,0,0,0,A_NO_PTS
CRD_D55D68F136FE4493B753,엘풍 VSTAR,139851,12000,1,0,0,0,0,0,0,0,0,0,0,0,0,0,0,A_NO_PTS
CRD_8A1A1D352DA0498C9616,칠리,139884,3100,16,0,0,0,3,3000,3000,2,10900,8,10649,1,3900,2,4200,A_3M_FB
CRD_C6AC87E03F394758932B,망초,140157,1000,14,0,0,0,0,0,0,0,0,2,8775,0,0,0,0,PSA_ONLY
CRD_1A707D9E2FC6416F96A5,돈크로우 V,139847,0,0,0,0,0,0,0,0,0,0,0,0,0,0,0,0,A_NO_PTS
CRD_B44DD500D1A84B9384A5,후파 ex,140302,1000,3,0,0,0,0,0,0,0,0,0,0,0,0,0,0,A_NO_PTS
CRD_ADFEF65AFEF8421CA287,카푸꼬꼬꼭 ex,140301,1800,3,0,0,0,0,0,0,0,0,0,0,0,0,0,0,A_NO_PTS
CRD_44A4617C7F3347A2B08A,피카츄 V,141046,1000,54,2,1025,1000,18,1502,1000,7,13800,36,13880,0,0,2,3749,A_1M_OK
CRD_155AE57C6FB44BEF894F,아머까오 V,141143,0,0,0,0,0,0,0,0,0,0,0,0,0,0,0,0,A_NO_PTS
CRD_51DDA6EA64684E538750,펄스멍 V,144436,0,0,0,0,0,0,0,0,0,0,0,0,0,0,0,0,A_NO_PTS
CRD_2BCC60756DD640D68C16,두랄루돈 V,141151,0,0,0,0,0,0,0,0,0,0,0,0,0,0,0,0,A_NO_PTS
CRD_53864D1A7E104131B58A,자시안 V,145559,5555,1,0,0,0,0,0,0,0,0,0,0,0,0,0,0,A_NO_PTS
CRD_9541B98A19054E3AB2C3,다태우지네 V,141270,1500,2,0,0,0,0,0,0,0,0,0,0,0,0,0,0,A_NO_PTS
CRD_2D610AC70AB04D4887B7,귀뚤톡크 V,141269,0,0,0,0,0,0,0,0,0,0,0,0,0,0,0,0,A_NO_PTS
CRD_ED93EAA08A3044DEADE1,제라오라 V,141272,2000,29,0,0,0,2,2690,2580,3,8800,16,11412,0,0,1,4880,A_3M_FB
CRD_524170C118594AD6B7E3,다태우지네 VMAX,141271,2000,2,0,0,0,0,0,0,1,7699,3,7699,0,0,0,0,PSA_ONLY
CRD_6FA0D89A1693401DB8FB,연격 우라오스 V,141275,1299,4,0,0,0,1,1850,1850,0,0,3,6500,0,0,0,0,A_3M_FB
CRD_2FCEBFB496E94F0CB99B,무한다이노 V,141277,1500,2,0,0,0,0,0,0,0,0,0,0,0,0,0,0,A_NO_PTS
CRD_4EB2410F9979486EA231,크로뱃 V,141276,4980,3,0,0,0,1,1500,1500,0,0,5,7500,0,0,0,0,A_3M_FB
CRD_5CB7DF4E7368416EB437,가라르 프리져 V,141273,1300,5,1,1500,1500,3,1500,1500,1,12000,9,7566,0,0,0,0,A_1M_OK
CRD_0B17CA38B6334F20B964,샹델라 V,141311,2000,3,0,0,0,0,0,0,0,0,0,0,0,0,0,0,A_NO_PTS
CRD_F21F17A22F0747FB9F82,아머까오 VMAX,141279,1000,3,0,0,0,0,0,0,1,7799,2,7349,0,0,0,0,PSA_ONLY
CRD_4984C34823564A40A15F,대여르 V,145430,7000,1,0,0,0,0,0,0,0,0,0,0,0,0,0,0,A_NO_PTS
CRD_6692FF0A37A7473AAF6B,뮤 V,141336,1000,24,2,1700,2200,14,2216,2200,2,15500,10,16250,0,0,0,0,A_1M_OK
CRD_7014E3576D824D92AD07,펄스멍 V,141400,1100,3,0,0,0,0,0,0,0,0,0,0,0,0,0,0,A_NO_PTS
CRD_54629510CAF0436F9A1E,모단단게 V,141399,1000,1,0,0,0,0,0,0,0,0,0,0,0,0,0,0,A_NO_PTS
CRD_D36DD4F7F2DC45FBAE2B,달코퀸 V,141397,0,0,0,0,0,0,0,0,0,0,0,0,0,0,0,0,A_NO_PTS
CRD_B8BC4E618338434C9925,더스트나 V,141485,0,0,0,0,0,0,0,0,0,0,0,0,0,0,0,0,A_NO_PTS
CRD_44B4AF270D834B16884F,루가루암 V,141524,2500,1,0,0,0,0,0,0,0,0,0,0,0,0,0,0,A_NO_PTS
CRD_8603F62DAC06410E95FB,음번 V,141526,0,0,0,0,0,0,0,0,0,0,0,0,0,0,0,0,A_NO_PTS
CRD_7287BB47FFDE4919A94C,루가루암 VMAX,141528,1000,1,0,0,0,0,0,0,0,0,0,0,0,0,0,0,A_NO_PTS
CRD_35DA6B31F47244C59B9A,제르네아스 BREAK,387242,2000,2,0,0,0,0,0,0,0,0,0,0,0,0,0,0,A_NO_PTS
CRD_6145A055ACC240FCB08D,골루그 V,141523,0,0,0,0,0,0,0,0,0,0,0,0,0,0,0,0,A_NO_PTS
CRD_3BEEBBBA3187450DBC7E,두랄루돈 V,141527,12000,1,0,0,0,0,0,0,0,0,0,0,0,0,0,0,A_NO_PTS
CRD_A9AEC318816D44429B63,음번 V,141501,0,0,0,0,0,0,0,0,0,0,0,0,0,0,0,0,A_NO_PTS
CRD_E7F30E639D2045DEA1A4,두랄루돈 VMAX,141530,0,0,0,0,0,0,0,0,0,0,0,0,0,0,0,0,A_NO_PTS
CRD_D86A3315CB974B96A9E6,귀뚤톡크 V,140983,1350,1,0,0,0,0,0,0,0,0,0,0,0,0,0,0,A_NO_PTS
CRD_7DA6398AB2274B22A22D,암팰리스,608506,2000,2,0,0,0,0,0,0,0,0,0,0,0,0,0,0,A_NO_PTS
CRD_9E509ECA5F2F4685A780,M강철톤 EX,812056,0,0,0,0,0,0,0,0,0,0,0,0,0,0,0,0,A_NO_PTS
CRD_4DC194AB4E8E4B84BD67,볼케니온 V,141800,0,0,0,0,0,0,0,0,0,0,0,0,0,0,0,0,A_NO_PTS
CRD_7B0CD02EFB474874B2F9,토네로스 V,141786,0,0,0,0,0,0,0,0,0,0,0,0,0,0,0,0,A_NO_PTS
CRD_4AE3AB5A697244519998,가라르 날쌩마 V,141801,10000,1,0,0,0,0,0,0,0,0,1,5500,0,0,0,0,PSA_ONLY
CRD_28A90C6383DF4C73AFEA,아스나,141807,3000,4,0,0,0,0,0,0,0,0,0,0,0,0,0,0,A_NO_PTS
CRD_D84EB7E9F130403F8AEA,사다이사 VMAX,141805,0,0,0,0,0,0,0,0,0,0,0,0,0,0,0,0,A_NO_PTS
CRD_EEDFC6D249174138A328,사다이사 V,141802,0,0,0,0,0,0,0,0,0,0,0,0,0,0,0,0,A_NO_PTS
CRD_B18EB4936D3D4C3C8F78,피오니,141809,0,0,0,0,0,0,0,0,0,0,0,0,0,0,0,0,A_NO_PTS
CRD_3DB28C7FE7014FECAA07,의사,141808,0,0,0,0,0,0,0,0,0,0,0,0,0,0,0,0,A_NO_PTS
CRD_C3BEA4426F934FF9A7FB,세레비 V,141935,1000,2,0,0,0,2,1205,1400,3,13999,5,13999,0,0,0,0,A_3M_FB
CRD_942E10EF9F344296906A,세레비 V,141867,1000,2,0,0,0,0,0,0,0,0,0,0,0,0,0,0,A_NO_PTS
CRD_F491AB110ACC4046A312,국화,141940,0,0,0,0,0,0,0,0,0,0,0,0,0,0,0,0,A_NO_PTS
CRD_40EA643721414CC5B8E1,해피너스 V,141938,0,0,0,0,0,0,0,0,0,0,0,0,0,0,0,0,A_NO_PTS
CRD_F1A4D587B8EB4C4FB97A,어치르돈 V,141936,0,0,0,0,0,0,0,0,0,0,0,0,0,0,0,0,A_NO_PTS
CRD_CD08270B66B84F70A6EE,즈미,141941,0,0,0,0,0,0,0,0,0,0,0,0,0,0,0,0,A_NO_PTS
CRD_0606801AD7A847EF992E,번치코 V,143967,0,0,0,0,0,0,0,0,0,0,0,0,0,0,0,0,A_NO_PTS
CRD_BF0B13F713C54C379992,파치래곤 V,143983,0,0,0,0,0,0,0,0,0,0,0,0,0,0,0,0,A_NO_PTS
CRD_94284696E2874AA2AF1C,귀뚤톡크 V,144121,0,0,0,0,0,0,0,0,0,0,0,0,0,0,0,0,A_NO_PTS
CRD_A8CA5B29C9994F09BCF9,바랜드 V,144201,0,0,0,0,0,0,0,0,0,0,0,0,0,0,0,0,A_NO_PTS
CRD_420EDFD54C4F42DA98EE,따라큐 V,144215,3500,9,0,0,0,2,5000,5000,2,22000,17,21800,0,0,0,0,A_3M_FB
CRD_4CC81C78A11A4E46AD49,마기라스 V,144217,18000,1,0,0,0,0,0,0,0,0,2,9999,0,0,0,0,PSA_ONLY
CRD_B0077688E0674FEE8A14,시바,144221,0,0,0,0,0,0,0,0,0,0,0,0,0,0,0,0,A_NO_PTS
CRD_870D077A005D4B68959B,애프룡 VMAX,144219,0,0,0,0,0,0,0,0,0,0,0,0,0,0,0,0,A_NO_PTS
CRD_4AF796183B554D43B85C,카푸꼬꼬꼭 V,144214,1000,1,0,0,0,0,0,0,0,0,0,0,0,0,0,0,A_NO_PTS
CRD_7B7C4F93D58F45928675,백솜모카 V,144375,0,0,0,0,0,0,0,0,0,0,0,0,0,0,0,0,A_NO_PTS
CRD_D63C03AADD7045929DC0,카푸꼬꼬꼭 VMAX,144220,0,0,0,0,0,0,0,0,0,0,0,0,0,0,0,0,A_NO_PTS
CRD_6D3C1FEF61C14F46B4C5,드래펄트 V,145377,0,0,0,0,0,0,0,0,0,0,0,0,0,0,0,0,A_NO_PTS
CRD_DB4376253193405389B0,무한다이노 V,145207,0,0,0,0,0,0,0,0,0,0,0,0,0,0,0,0,A_NO_PTS
CRD_37121FE6503349888A93,자시안 V,144567,7000,1,0,0,0,0,0,0,0,0,0,0,0,0,0,0,A_NO_PTS
CRD_BE3F68E6C31B480581DD,배우르 V,144595,0,0,0,0,0,0,0,0,0,0,0,0,0,0,0,0,A_NO_PTS
CRD_F2E16951A6FE43BF990C,라프라스 V,144397,0,0,0,0,0,0,0,0,0,0,0,0,0,0,0,0,A_NO_PTS
CRD_3D1DDFE22E46497299FE,에써르 V,144777,12900,1,0,0,0,0,0,0,0,0,0,0,0,0,0,0,A_NO_PTS
CRD_5754D3B72AA34FB4A42C,다태우지네 VMAX,144772,1000,1,0,0,0,0,0,0,1,6600,0,0,0,0,0,0,PSA_ONLY
CRD_D8DEBF9FF3D14AEDADAA,스트린더 V,144775,2000,1,0,0,0,0,0,0,0,0,0,0,0,0,0,0,A_NO_PTS
CRD_1B81F3B284534F8B8896,스트린더 VMAX,144776,1100,2,0,0,0,0,0,0,1,7499,0,0,0,0,0,0,PSA_ONLY
CRD_C28A0C2FB60246168A94,오롱털 VMAX,144783,9999,2,0,0,0,0,0,0,0,0,0,0,0,0,0,0,A_NO_PTS
CRD_8BCE857FB5F041FE942A,오롱털 V,144782,1000,1,0,0,0,0,0,0,0,0,0,0,0,0,0,0,A_NO_PTS
CRD_2685F2D324BF4D0495CF,대여르 V,144780,2500,1,0,0,0,0,0,0,0,0,0,0,0,0,0,0,A_NO_PTS
CRD_3EC2D5FC5CD94A18B44E,메타몽 VMAX,144785,2000,25,0,0,0,15,6400,6480,3,29500,10,34805,0,0,1,8500,A_3M_FB
CRD_6CF9150210054C398987,배우르 V,144786,1000,1,0,0,0,0,0,0,0,0,0,0,0,0,0,0,A_NO_PTS
CRD_89935F355A974D4B82FD,윽우지 V,144787,19990,2,0,0,0,0,0,0,0,0,0,0,0,0,0,0,A_NO_PTS
CRD_72DC6FDF73B541818CBF,크로뱃 VMAX,144781,2300,6,0,0,0,0,0,0,0,0,2,8044,0,0,1,3000,PSA_ONLY
CRD_CA8815FCA7DF4BD3A509,드래펄트 VMAX,144779,1100,4,0,0,0,1,1000,1000,1,5000,2,6550,0,0,0,0,A_3M_FB
CRD_359332F027204F0997A9,펄스멍 V,144774,12000,1,0,0,0,0,0,0,0,0,0,0,0,0,0,0,A_NO_PTS
CRD_23872FA0E5334B128E5A,파이어로 V,144968,0,0,0,0,0,0,0,0,0,0,0,0,0,0,0,0,A_NO_PTS
CRD_AD847DF3679D4F45A446,가라르 불비달마 V,144975,0,0,0,0,0,0,0,0,0,0,0,0,0,0,0,0,A_NO_PTS
CRD_BEB0E75C862E4647B482,후딘 V,144993,0,0,0,0,0,0,0,0,0,0,0,0,0,0,0,0,A_NO_PTS
CRD_0349CF2E05594460B06B,M보스로라 EX,381591,16000,2,0,0,0,0,0,0,0,0,0,0,0,0,0,0,A_NO_PTS
CRD_876E648A957A44C9AE71,드래피온 V,145021,0,0,0,0,0,0,0,0,0,0,0,0,0,0,0,0,A_NO_PTS
CRD_16E2995DF023409E852F,강철톤 EX,387232,4600,1,0,0,0,0,0,0,0,0,0,0,0,0,0,0,A_NO_PTS
CRD_7EF64656A6724709BAEC,전룡 V,145076,0,0,0,0,0,0,0,0,0,0,0,0,0,0,0,0,A_NO_PTS
CRD_CA044084B6894F7F9764,이올브 V,145053,0,0,0,0,0,0,0,0,0,0,0,0,0,0,0,0,A_NO_PTS
CRD_7A85040155F046DBAD18,킬가르도 VMAX,145061,0,0,0,0,0,0,0,0,0,0,0,0,0,0,0,0,A_NO_PTS
CRD_0BCE4311895A4715B616,피카츄 V,144982,1000,14,1,1000,1000,7,1000,1000,3,16400,16,16945,0,0,0,0,A_1M_OK
CRD_D917D157475747FCB7AC,가라르 창파나이트 V,145056,2000,1,0,0,0,0,0,0,0,0,0,0,0,0,0,0,A_NO_PTS
CRD_782CB6FCC2EE442F9402,마휘핑 V,145092,0,0,0,0,0,0,0,0,0,0,0,0,0,0,0,0,A_NO_PTS
CRD_2FDCD42F1BBC4E4BAD11,석탄산 V,145102,0,0,0,0,0,0,0,0,0,0,0,0,0,0,0,0,A_NO_PTS
CRD_3A1E35B5FF4444B49597,강철톤 V,145106,0,0,0,0,0,0,0,0,0,0,0,0,0,0,0,0,A_NO_PTS
CRD_2E2D7916E97E4BB997FF,토게키스 V,145116,0,0,0,0,0,0,0,0,0,0,0,0,0,0,0,0,A_NO_PTS
CRD_E7FBED3E79AE4C2C829E,전룡 V,145136,0,0,0,0,0,0,0,0,0,0,0,0,0,0,0,0,A_NO_PTS
CRD_28E64B8B572C4910BC20,헬가 V,145152,0,0,0,0,0,0,0,0,0,0,0,0,0,0,0,0,A_NO_PTS
CRD_67AC53C3B7C24162A902,오팔,145142,0,0,0,0,0,0,0,0,0,0,0,0,0,0,0,0,A_NO_PTS
CRD_05D7F2E3587346D5BC44,토게키스 V,145139,0,0,0,0,0,0,0,0,0,0,0,0,0,0,0,0,A_NO_PTS
CRD_2ACE89E68BFA4F5BA7C3,석탄산 V,145137,0,0,0,0,0,0,0,0,0,0,0,0,0,0,0,0,A_NO_PTS
CRD_5468B5F7E7644C059874,석탄산 VMAX,145140,0,0,0,0,0,0,0,0,0,0,0,0,0,0,0,0,A_NO_PTS
CRD_4D987972880E4502ACD0,가라르 산호르곤 V,145186,0,0,0,0,0,0,0,0,0,0,0,0,0,0,0,0,A_NO_PTS
CRD_315BCF529A824490A671,거대코뿌리 V,145192,0,0,0,0,0,0,0,0,0,0,0,0,0,0,0,0,A_NO_PTS
CRD_DB63CA7CA3E74E61A7ED,보만다 V,145223,0,0,0,0,0,0,0,0,0,0,0,0,0,0,0,0,A_NO_PTS
CRD_90098D3232834F4891B5,강철톤 V,145138,0,0,0,0,0,0,0,0,0,0,0,0,0,0,0,0,A_NO_PTS
CRD_14DDFE1E600A4BAF8E70,헬가 V,145244,0,0,0,0,0,0,0,0,0,0,0,0,0,0,0,0,A_NO_PTS
CRD_B55AAC9C8A6C490FB575,갈가부기 V,145245,0,0,0,0,0,0,0,0,0,0,0,0,0,0,0,0,A_NO_PTS
CRD_4B75B995CF8948918B35,핫삼 VMAX,145251,0,0,1,9999,9999,0,0,0,0,0,0,0,0,0,0,0,A_1M_OK
CRD_39360915366347AFB75F,가디안 V,145281,1000,2,0,0,0,0,0,0,0,0,0,0,0,0,0,0,A_NO_PTS
CRD_F99BBE338E8843F887F4,심향의 칠색조 ex,525751,23000,54,3,28900,30000,16,30999,30000,20,44770,59,46200,0,0,4,22999,A_1M_OK
CRD_E708EA2A576B45D59B4D,로즈,145252,0,0,0,0,0,0,0,0,0,0,0,0,0,0,0,0,A_NO_PTS
CRD_3A840E756D3946778BD9,버터플 V,145253,0,0,0,0,0,0,0,0,0,0,0,0,0,0,0,0,A_NO_PTS
CRD_BC2AD209CF444EE7A541,케오퍼스 V,145296,0,0,0,0,0,0,0,0,0,0,0,0,0,0,0,0,A_NO_PTS
CRD_8AEA98061B9A431CAA79,케오퍼스 V,145324,0,0,0,0,0,0,0,0,0,0,0,0,0,0,0,0,A_NO_PTS
CRD_13997FDA2FAB493982D6,가라르 메더 V,145325,0,0,0,0,0,0,0,0,0,0,0,0,0,0,0,0,A_NO_PTS
CRD_6ECF390F7DB845A393E9,다태우지네 VMAX,145326,0,0,0,0,0,0,0,0,0,0,0,0,0,0,0,0,A_NO_PTS
CRD_99F4E975DD944ADE96D9,다태우지네 V,145323,0,0,0,0,0,0,0,0,0,0,0,0,0,0,0,0,A_NO_PTS
CRD_2A8D1058C4D1432DA733,버터플 V,145322,0,0,0,0,0,0,0,0,0,0,0,0,0,0,0,0,A_NO_PTS
CRD_CD4119F42E874BCAAF3B,가라르 메더 V,145306,0,0,0,0,0,0,0,0,0,0,0,0,0,0,0,0,A_NO_PTS
CRD_7EE4D1F73DD34E3E8CA6,포켓몬 브리더의 육성,145328,0,0,0,0,0,0,0,0,0,0,0,0,0,0,0,0,A_NO_PTS
CRD_6B42108B80C945BCA671,백솜모카 V,145338,0,0,0,0,0,0,0,0,0,0,0,0,0,0,0,0,A_NO_PTS
CRD_822997E0527747B387C1,순무,145327,0,0,0,0,0,0,0,0,0,0,0,0,0,0,0,0,A_NO_PTS
CRD_BB2AE88D795B4BC39A64,나인테일 V,145341,0,0,0,0,0,0,0,0,0,0,0,0,0,0,0,0,A_NO_PTS
CRD_DDA4F682B05845128805,칼라마네로 V,145398,0,0,0,0,0,0,0,0,0,0,0,0,0,0,0,0,A_NO_PTS
CRD_6D25064181064465A018,백솜모카 V,145425,3000,1,0,0,0,0,0,0,0,0,0,0,0,0,0,0,A_NO_PTS
CRD_C5DD719E8CEF486891DB,대왕끼리동 V,145432,0,0,0,0,0,0,0,0,0,0,0,0,0,0,0,0,A_NO_PTS
CRD_AADC70B1F06B46E196C2,대왕끼리동 VMAX,145435,0,0,0,0,0,0,0,0,0,0,0,0,0,0,0,0,A_NO_PTS
CRD_FC4C68E9A71046EC9744,스트린더 VMAX,145433,0,0,0,0,0,0,0,0,0,0,0,0,0,0,0,0,A_NO_PTS
CRD_1F2F5DBD379C4E56A95F,나인테일 V,145426,22000,1,0,0,0,0,0,0,0,0,0,0,0,0,0,0,A_NO_PTS
CRD_4F48AF7F7CD84E0EA0B1,스트린더 V,145428,0,0,0,0,0,0,0,0,0,0,0,0,0,0,0,0,A_NO_PTS
CRD_0F66DA7EFE8642B8BEC7,에이스번 V,145451,0,0,0,0,0,0,0,0,0,0,0,0,0,0,0,0,A_NO_PTS
CRD_D19E69BE367A43128A5D,사다이사 V,145481,0,0,0,0,0,0,0,0,0,0,0,0,0,0,0,0,A_NO_PTS
CRD_08372C116D1A44CE82AB,에이스번 V,145507,0,0,0,0,0,0,0,0,0,0,0,0,0,0,0,0,A_NO_PTS
CRD_3FA487AFC9CD43388FA7,고릴타 V,145506,0,0,0,0,0,0,0,0,0,0,0,0,0,0,0,0,A_NO_PTS
CRD_FE519E8935A64B4F9C41,배우르 V,145497,0,0,0,0,0,0,0,0,0,0,0,0,0,0,0,0,A_NO_PTS
CRD_2BA1CDC0E4B94B79A0AC,배우르 V,145511,0,0,0,0,0,0,0,0,0,0,0,0,0,0,0,0,A_NO_PTS
CRD_6C3E5BD53EFB49EC967E,타타륜 V,145517,0,0,0,0,0,0,0,0,0,0,0,0,0,0,0,0,A_NO_PTS
CRD_3AD11F4FC02E4D89B3FA,펄스멍 V,145509,1000,1,0,0,0,0,0,0,0,0,0,0,0,0,0,0,A_NO_PTS
CRD_17CAF561E8804762B993,순무,145513,0,0,0,0,0,0,0,0,0,0,0,0,0,0,0,0,A_NO_PTS
CRD_ABB584CF354344D0820F,팬텀 ex,180170,1000,35,0,0,0,7,1150,1000,12,11462,53,9800,1,4000,13,3000,A_3M_FB
CRD_3FA675F84C674401A71D,마자용 V,145539,0,0,0,0,0,0,0,0,0,0,0,0,0,0,0,0,A_NO_PTS
CRD_995C2B2D683845B693C1,돌헨진 V,145547,0,0,0,0,0,0,0,0,0,0,0,0,0,0,0,0,A_NO_PTS
CRD_CBCB333E225D4F5DA095,타타륜 V,145574,0,0,0,0,0,0,0,0,0,0,0,0,0,0,0,0,A_NO_PTS
CRD_E4D0E0A32E434B4396AD,박사의 연구(매그놀리아박사),145582,0,0,0,0,0,0,0,0,0,0,0,0,0,0,0,0,A_NO_PTS
CRD_8D374F0FF05C482F87FA,라프라스 V,145575,0,0,0,0,0,0,0,0,0,0,0,0,0,0,0,0,A_NO_PTS
CRD_11B89035B69F4696A10B,자시안 V,145578,17000,2,0,0,0,0,0,0,0,0,0,0,0,0,0,0,A_NO_PTS
CRD_7E87AB5F7DF14D8F97A0,라프라스 VMAX,145580,0,0,0,0,0,0,0,0,0,0,0,0,0,0,0,0,A_NO_PTS
CRD_06D78B5B12AC4475BDA5,돌헨진 VMAX,145581,0,0,0,0,0,0,0,0,0,0,0,0,0,0,0,0,A_NO_PTS
CRD_25C4E5DDBD5348CBACD3,윽우지 V,145579,9800,1,0,0,0,0,0,0,0,0,0,0,0,0,0,0,A_NO_PTS
CRD_70943598653E422CB652,마자용 V,145576,0,0,0,0,0,0,0,0,0,0,0,0,0,0,0,0,A_NO_PTS
CRD_6A49D65CBD7D467DA753,돌헨진 V,145577,0,0,0,0,0,0,0,0,0,0,0,0,0,0,0,0,A_NO_PTS
CRD_63D4879876974E509121,카디나르마 ex,146980,1000,1,0,0,0,0,0,0,0,0,0,0,0,0,0,0,A_NO_PTS
CRD_AFD5B4C57E4049A59C23,루기아 EX,385493,7777,4,0,0,0,0,0,0,1,27000,6,24800,0,0,0,0,PSA_ONLY
CRD_FE896876501E400DB1B9,파밀리쥐 ex,146992,1000,5,0,0,0,0,0,0,0,0,0,0,0,0,0,0,A_NO_PTS
CRD_EAEF2BC7191547CEAF83,파비코,146996,3000,2,1,1980,1980,1,1980,1980,1,15500,3,7200,0,0,1,2500,A_1M_OK
CRD_7F62D48BBF5543A99063,스트린더 ex,148928,1000,5,0,0,0,0,0,0,0,0,0,0,0,0,0,0,A_NO_PTS
CRD_B03010105C7A46FDAE73,무쇠보따리,148932,1000,2,0,0,0,0,0,0,0,0,0,0,0,0,0,0,A_NO_PTS
CRD_EBD42C41C2234325941E,무쇠무인 ex,148935,2980,16,0,0,0,1,4000,4000,4,9999,10,10000,0,0,1,2900,A_3M_FB
CRD_E7395C5E013648CCB64B,땅을기는날개,148945,1000,9,0,0,0,0,0,0,4,6769,7,6738,0,0,0,0,PSA_ONLY
CRD_ABBEF153A31344B5ACCA,우렁찬꼬리,148944,1000,5,0,0,0,0,0,0,1,7000,3,7500,0,0,0,0,PSA_ONLY
CRD_822A7803FD9A4D9495AC,치라치노,608525,2222,8,0,0,0,0,0,0,4,8682,6,8682,0,0,0,0,PSA_ONLY
CRD_F7BCF5E1535E4E9C8BBE,콜로솔트,151709,1000,5,0,0,0,0,0,0,1,6666,3,6666,1,3000,1,3000,PSA_ONLY
CRD_AA70617DE38A4AB8A0AC,줄뮤마,151706,1000,5,0,0,0,0,0,0,2,6900,6,6890,0,0,0,0,PSA_ONLY
CRD_A89A6F539FAC4AC7ADA2,무쇠무인 ex,152768,1100,3,0,0,0,0,0,0,0,0,0,0,0,0,0,0,A_NO_PTS
CRD_76057B536C1E494D9DD9,리자몽 ex,151753,1999,97,4,2800,2800,36,3500,2800,20,15083,75,17950,6,4450,12,4900,A_1M_OK
CRD_9A4B2959A70847CFA3F5,에이팜,152766,1000,2,0,0,0,0,0,0,2,6589,7,6890,0,0,0,0,PSA_ONLY
CRD_715FB49EC8004D6DAD2F,파밀리쥐 ex,152772,1800,8,2,1500,1500,3,1500,1500,0,0,0,0,0,0,0,0,A_1M_OK
CRD_E199C322E0DF4D0A881B,무쇠손 ex,152767,1000,4,0,0,0,0,0,0,0,0,0,0,0,0,0,0,A_NO_PTS
CRD_DA8736447EB24766A712,갑주무사 ex,152783,1000,2,0,0,0,0,0,0,0,0,1,6500,0,0,0,0,PSA_ONLY
CRD_CFE73FBE9D9E4EB0A6BA,스트린더 ex,152769,1000,3,0,0,0,0,0,0,1,6450,1,6450,0,0,0,0,PSA_ONLY
CRD_A5D2567F7CE3427BA8CF,종길,152786,1000,3,0,0,0,0,0,0,0,0,0,0,0,0,0,0,A_NO_PTS
CRD_CE12D0712CDA406DA3C5,카디나르마 ex,152782,1000,4,0,0,0,0,0,0,0,0,0,0,0,0,0,0,A_NO_PTS
CRD_7115A416A282440CAC93,고동치는달 ex,152791,3000,11,0,0,0,2,2850,3500,4,10933,5,10887,0,0,0,0,A_3M_FB
CRD_FCBEA5D75C674EA88554,무쇠무인 ex,152776,1500,5,0,0,0,0,0,0,0,0,1,7500,0,0,0,0,PSA_ONLY
CRD_6D3728BAC7354E489BA7,멜로코,152790,2500,26,0,0,0,1,2800,2800,8,10000,25,10316,1,4000,4,4000,A_3M_FB
CRD_F219617CBAE84E76BDFA,데스니칸 ex,152784,1777,4,0,0,0,0,0,0,1,6200,1,6200,0,0,0,0,PSA_ONLY
CRD_E9D3C1D6A844432A836F,모래털가죽 ex,152788,1499,3,1,1000,1000,1,1000,1000,0,0,1,7200,0,0,0,0,A_1M_OK
CRD_B08CE2F4339B49479056,가디안 ex,156432,1000,7,0,0,0,0,0,0,0,0,0,0,0,0,0,0,A_NO_PTS
CRD_E736F5863DF84C0B836A,무쇠바퀴 ex,160151,1000,6,0,0,0,0,0,0,2,6350,4,6500,0,0,0,0,PSA_ONLY
CRD_6A0E78B2E87B4CA88D98,가디안 ex,160148,1000,14,3,1200,1200,4,1149,1200,6,7695,22,7900,1,3000,1,3000,A_1M_OK
CRD_96D925F04AA34FDBB8F1,육파리 ex,160956,1000,7,0,0,0,0,0,0,1,6990,2,6745,0,0,0,0,PSA_ONLY
CRD_AB903AFCBCE64F1B90B8,미라이돈 ex,164709,1500,5,0,0,0,0,0,0,1,9200,5,9600,0,0,0,0,PSA_ONLY
CRD_BE9FEC8AE3E9478EB79E,무쇠감투 ex,172006,1001,1,0,0,0,0,0,0,0,0,0,0,0,0,0,0,A_NO_PTS
CRD_7AD3E7B95A594FFEABE6,뮤 ex,164250,59000,98,11,85000,72000,30,85375,72000,31,144300,87,151824,10,67566,21,71500,A_1M_OK
CRD_DD0DF5ACA37B41DF8B8C,날개치는머리,179804,1000,5,0,0,0,0,0,0,3,6900,5,6900,0,0,0,0,PSA_ONLY
CRD_D229BF26FFF94E27A4FE,란쿨루스,179803,1000,3,0,0,0,0,0,0,3,7200,9,6799,0,0,0,0,PSA_ONLY
CRD_A5BC4873149245CAB6B3,바닥트리오 ex,180165,1000,1,0,0,0,0,0,0,0,0,0,0,0,0,0,0,A_NO_PTS
CRD_7A64F020EDC04ED89C1D,다탱구,180200,1000,5,0,0,0,0,0,0,3,6800,10,6800,0,0,1,2444,PSA_ONLY
CRD_D602385974EB459BA404,후딘 ex,164703,1000,9,0,0,0,1,1000,1000,2,8895,4,9000,0,0,1,3200,A_3M_FB
CRD_830056EB54D14AF28E1A,무쇠감투 ex,180202,4000,5,2,4999,3999,7,3500,3999,5,9980,17,9500,0,0,0,0,A_1M_OK
CRD_667E09D4457B4159ACB6,비파,183378,1000,2,0,0,0,0,0,0,0,0,0,0,0,0,1,3000,PSA_ONLY
CRD_7198FCCE27034FF78404,유빈의 확신,184103,5500,27,3,9500,10166,8,8500,10166,13,38325,30,27900,2,7400,10,6750,A_1M_OK
CRD_E0FCA833B512419795E3,할비롱,184143,1000,2,1,1000,1000,1,1000,1000,1,6850,3,7700,0,0,1,2000,A_1M_OK
CRD_A9D7A6D3DC694E4280F3,사철록,184141,3800,4,1,8800,8800,2,4900,8800,5,8200,17,8250,0,0,0,0,A_1M_OK
CRD_BCAD270973224770B3FD,팬텀 ex,186243,6480,64,3,8450,8259,20,8500,8259,18,24283,68,27294,0,0,8,7450,A_1M_OK
CRD_88DD4F24CABA4B66939C,냐오불,186244,1000,8,0,0,0,2,1100,1200,5,7000,10,6999,0,0,0,0,A_3M_FB
CRD_7CBE310A1C2F411F889F,탐험가의 선도,186435,0,0,0,0,0,0,0,0,0,0,0,0,0,0,0,0,A_NO_PTS
CRD_791572148F7B4CA19F63,누니머기,184100,0,0,0,0,0,0,0,0,2,7250,5,6900,0,0,0,0,PSA_ONLY
CRD_6D79DA4384654ADFAD71,무쇠감투 ex,186448,1000,6,0,0,0,0,0,0,0,0,0,0,0,0,0,0,A_NO_PTS
CRD_F878464C76304FFF8660,핫삼 ex,186451,0,0,1,1000,1000,0,0,0,0,0,0,0,0,0,0,0,A_1M_OK
CRD_D4CFC33A07144C65A793,멜탄,186444,1000,13,0,0,0,0,0,0,2,6800,3,6800,0,0,0,0,PSA_ONLY
CRD_76AE8067C83542EF95BB,꿰뚫는화염 ex,186438,2999,6,0,0,0,3,3000,3000,1,13000,1,13000,0,0,1,4400,A_3M_FB
CRD_E0CDED654814435D8051,에블리,186441,2000,7,0,0,0,0,0,0,2,7350,4,6850,0,0,1,2300,PSA_ONLY
CRD_DBA4E957DBAD4886B117,세이지,186452,1000,2,0,0,0,0,0,0,1,6000,1,6000,0,0,0,0,PSA_ONLY
CRD_75B112D50ACB4C48BD78,세이지,186453,1800,3,0,0,0,2,1849,1899,0,0,0,0,0,0,0,0,A_3M_FB
CRD_6D101670C47A4618BA64,무쇠암석 ex,186456,3500,2,0,0,0,0,0,0,1,18000,3,14800,0,0,0,0,PSA_ONLY
CRD_B64ABBE03E224573AFE8,무쇠잎새 ex,186454,3000,1,0,0,0,0,0,0,1,7880,2,7840,0,0,0,0,PSA_ONLY
CRD_F620A35C87F249DD80D6,초염몽,210034,1000,26,0,0,0,1,1000,1000,4,7939,18,7350,0,0,0,0,A_3M_FB
CRD_A2E2C941F5B941E8996D,수련의 돌봄,221942,1500,22,0,0,0,1,2500,2500,2,10349,4,10490,3,3800,5,4200,A_3M_FB
CRD_D1D4CE75EC474976A7DF,코터스,227625,1000,5,0,0,0,0,0,0,1,6999,12,6550,0,0,0,0,PSA_ONLY
CRD_8CFF71200EEC47DAB5B2,세류,224088,9500,26,6,10899,11000,16,10899,11000,10,29579,41,26000,1,8788,7,9800,A_1M_OK
CRD_79C908702D7C4C89A247,그우린차 ex,227629,1000,4,0,0,0,0,0,0,0,0,0,0,0,0,0,0,A_NO_PTS
CRD_B550CAAE1FA843B28C47,관리인,227635,1000,1,0,0,0,0,0,0,0,0,0,0,0,0,0,0,A_NO_PTS
CRD_D3E88C25E8B642E3BF45,우렁찬꼬리 ex,227632,6500,3,0,0,0,0,0,0,2,7000,2,7000,0,0,0,0,PSA_ONLY
CRD_6A6D79F1AA404CF998CD,그우린차 ex,227637,0,0,2,1944,2000,4,1594,2000,0,0,0,0,0,0,0,0,A_1M_OK
CRD_8913A16F0C89452791C5,개굴닌자 ex,227633,2388,27,0,0,0,3,3000,12000,9,10000,37,10299,1,2800,2,6150,A_3M_FB
CRD_684A3F96ECB64020B759,마그카르고 ex,227630,1000,5,0,0,0,0,0,0,0,0,0,0,0,0,0,0,A_NO_PTS
CRD_EF5C5CC933FE4D72BAF1,으랏차,245820,6890,4,0,0,0,0,0,0,4,6800,10,6800,0,0,0,0,PSA_ONLY
CRD_EA905CA3CB62491A8008,오거폰 화덕의 가면 ex,246359,1900,3,0,0,0,1,1800,1800,1,8800,1,8800,0,0,0,0,A_3M_FB
CRD_79249DEC98634364B4D5,시유,251918,1780,10,0,0,0,4,2830,2860,0,0,2,10449,0,0,2,2599,A_3M_FB
CRD_6FAA2DCA23D240FBBABF,세레비&이상해꽃 GX,257910,4000,24,2,2499,2999,3,2999,2999,7,13650,18,13250,1,5000,3,4999,A_1M_OK
CRD_A5262AA512774BD48654,오거폰 벽록의 가면 ex,256066,0,0,0,0,0,1,1000,1000,1,7680,1,7680,0,0,0,0,A_3M_FB
CRD_73D90A06E6DB40DDAA41,드래펄트 ex,256072,1480,7,0,0,0,0,0,0,0,0,0,0,0,0,0,0,A_NO_PTS
CRD_C6416A62FDD4411AB1F8,오거폰 벽록의 가면 ex,256075,1820,3,0,0,0,0,0,0,1,15000,1,15000,0,0,0,0,PSA_ONLY
CRD_866697DBC93748BB918F,해골몽,277252,1000,6,0,0,0,0,0,0,1,7316,4,7657,3,3000,3,3000,PSA_ONLY
CRD_70077C9FC60D4FE79B50,미라몽,277253,1000,5,0,0,0,0,0,0,2,6740,3,7200,2,2500,3,2500,PSA_ONLY
CRD_8E2251855B704464BC69,야느와르몽,277254,1000,11,0,0,0,0,0,0,4,6875,7,6899,1,2500,1,2500,PSA_ONLY
CRD_B974BC191042453495AE,부르르룸 ex,284954,1000,1,0,0,0,0,0,0,0,0,0,0,0,0,0,0,A_NO_PTS
CRD_86A21D43FBB24CD683A0,킹드라 ex,283610,1000,1,0,0,0,0,0,0,1,7500,0,0,0,0,0,0,PSA_ONLY
CRD_C196FA6AC8E54F73BCFC,끼리동,284952,1000,5,0,0,0,0,0,0,1,6800,5,6600,0,0,0,0,PSA_ONLY
CRD_DD06C8FFD2E54F1D8E3A,기로치 ex,284962,4500,14,0,0,0,2,4675,4700,1,8900,5,8900,0,0,0,0,A_3M_FB
CRD_B2DC0D2AA6314050AD58,복숭악동 ex,284958,2000,1,0,0,0,0,0,0,0,0,0,0,0,0,0,0,A_NO_PTS
CRD_7C85BF18CA654083A203,조타구 ex,284955,8888,1,0,0,0,0,0,0,0,0,0,0,0,0,0,0,A_NO_PTS
CRD_E72D415657964CCC8728,크세로시키의 속셈,284959,1000,1,0,0,0,0,0,0,0,0,0,0,0,0,0,0,A_NO_PTS
CRD_0F7A7025AB184454A00D,알로라 식스테일 V,288632,1500,3,0,0,0,0,0,0,0,0,0,0,0,0,0,0,A_NO_PTS
CRD_16E335392D60451C9EA2,샤크니아 EX,381820,6980,1,0,0,0,0,0,0,0,0,0,0,0,0,0,0,A_NO_PTS
CRD_ACB87F5FA19140FD900F,이벨타르 BREAK,387181,2980,1,0,0,0,0,0,0,0,0,0,0,0,0,0,0,A_NO_PTS
CRD_82D8D5556A4F436CBB28,과미드라 ex,307292,3000,4,0,0,0,1,3000,3000,0,0,2,10650,0,0,0,0,A_3M_FB
CRD_79AB9AEE4B68458A98DD,비리디온,608541,7700,1,0,0,0,0,0,0,0,0,0,0,0,0,0,0,A_NO_PTS
CRD_9A786ECB0C1441ADB6E9,야부엉,307291,1000,6,1,1000,1000,2,1000,1000,1,6800,4,7016,0,0,0,0,A_1M_OK
CRD_A6FB671794764AE49A66,모단단게,318879,7667,2,0,0,0,0,0,0,1,6099,9,6500,0,0,1,2500,PSA_ONLY
CRD_AF8F92C88D0B402AAEA9,래비풋,318878,1000,7,0,0,0,0,0,0,1,6800,3,6750,0,0,0,0,PSA_ONLY
CRD_E71149545CE345E28C39,요가램 ex,320233,0,0,0,0,0,0,0,0,0,0,0,0,0,0,0,0,A_NO_PTS
CRD_E500DF40158C4A7EA42A,꼴깍몬,320346,1000,5,0,0,0,1,1000,1000,2,7240,5,6680,0,0,0,0,A_3M_FB
CRD_EFC2C3BACC80463C9CF8,마빌크,320345,1000,9,0,0,0,0,0,0,2,6534,3,6500,1,2899,1,2899,PSA_ONLY
CRD_C481BCD104FC4D799A10,타로,320348,1200,20,1,1200,1200,3,1700,1200,2,11390,10,10500,0,0,6,2540,A_1M_OK
CRD_6F764A195E6E4FF8BE8B,프테라 GX,321556,1000,2,0,0,0,0,0,0,0,0,0,0,0,0,0,0,A_NO_PTS
CRD_6424F4FA8DB0409195E6,라프라스 ex,325074,3500,4,0,0,0,0,0,0,3,12500,8,11750,0,0,0,0,PSA_ONLY
CRD_AC9F89AB71524BC4AD8B,라티오스 GX,321603,4800,9,0,0,0,0,0,0,1,28500,3,17800,0,0,1,4980,PSA_ONLY
CRD_83BEEB1396274C9BAB37,브라이어,323631,2480,10,0,0,0,0,0,0,2,8850,5,8779,0,0,0,0,PSA_ONLY
CRD_FE046994C7284B68A4F7,요가랑,325988,1800,6,0,0,0,0,0,0,7,6500,12,6600,0,0,0,0,PSA_ONLY
CRD_C4F41E3DBC5E4BAC88EA,곤포,326016,1000,2,0,0,0,0,0,0,0,0,0,0,0,0,0,0,A_NO_PTS
CRD_D2BCEBD902BB4EB7B230,과미드라 ex,326010,1000,2,0,0,0,0,0,0,0,0,0,0,0,0,0,0,A_NO_PTS
CRD_AF944BBA321248A08EBC,브리두라스,325684,1000,7,0,0,0,0,0,0,1,7000,6,6500,0,0,0,0,PSA_ONLY
CRD_B390ACDDA0BC45F28118,바우첼 ex,326013,1300,1,0,0,0,0,0,0,0,0,0,0,0,0,0,0,A_NO_PTS
CRD_763739C433694BD7A95F,다탱구 GX,334334,4200,2,0,0,0,0,0,0,0,0,0,0,0,0,0,0,A_NO_PTS
CRD_F84F74A865C24A938AB5,파비코리 GX,334387,0,0,0,0,0,0,0,0,0,0,0,0,0,0,0,0,A_NO_PTS
CRD_22DCDC22E2E84027B7A3,보스로라 EX,381589,0,0,0,0,0,0,0,0,0,0,0,0,0,0,0,0,A_NO_PTS
CRD_B87B09A888294C1C873C,네크로즈마 GX,334723,0,0,0,0,0,0,0,0,0,0,0,0,0,0,0,0,A_NO_PTS
CRD_C1E6E62B68CA49EBA053,비리디온 GX,334762,7000,2,0,0,0,0,0,0,0,0,0,0,0,0,0,0,A_NO_PTS
CRD_9649B9AE6A834C63AA80,알로라딱구리 GX,334520,3500,1,0,0,0,0,0,0,0,0,0,0,0,0,0,0,A_NO_PTS
CRD_874BB3258CA94959BBC0,갸라도스 GX,334876,4000,11,1,8000,8000,2,6250,8000,0,0,3,24990,0,0,0,0,A_1M_OK
CRD_8ED47CA7E8F5408B9A04,텅비드 GX,334890,0,0,0,0,0,0,0,0,0,0,0,0,0,0,0,0,A_NO_PTS
CRD_AE2BFD3AB7764907BA33,악식킹 GX,334901,0,0,0,0,0,0,0,0,0,0,0,0,0,0,0,0,A_NO_PTS
CRD_CF1795DF299B46889CA1,음번 GX,335022,0,0,0,0,0,0,0,0,0,0,0,0,0,0,0,0,A_NO_PTS
CRD_F35563D1D34443BD8590,심보러 GX,335599,0,0,0,0,0,0,0,0,0,0,0,0,0,0,0,0,A_NO_PTS
CRD_F4F401D1179242EE80AA,핸섬,338364,0,0,0,0,0,0,0,0,0,0,0,0,0,0,0,0,A_NO_PTS
CRD_9A188600F1B44EF88834,대굴레오,413848,1600,8,0,0,0,0,0,0,7,7980,17,8000,0,0,2,2249,PSA_ONLY
CRD_73F42BA51E1C4FD4A7B7,불카모스 GX,339598,1000,2,0,0,0,0,0,0,0,0,0,0,0,0,0,0,A_NO_PTS
CRD_798B992F69334701BDF2,단단지 GX,335080,0,0,0,0,0,0,0,0,0,0,0,0,0,0,0,0,A_NO_PTS
CRD_E6D7C7AE46B14C2281ED,아고용&악식킹 GX,339684,10980,3,0,0,0,0,0,0,0,0,0,0,0,0,0,0,A_NO_PTS
CRD_ECCB9F6BE6FB45019BF9,강철톤,664101,1000,43,0,0,0,0,0,0,20,6800,43,6766,0,0,3,2522,PSA_ONLY
CRD_9E348E7E435B4E658CB9,라티오스,358113,1199,37,4,2700,2800,18,2500,2800,18,11999,62,11343,2,4395,10,3240,A_1M_OK
CRD_DD17001A86F04AFDAF09,단지래플,372326,1600,5,0,0,0,0,0,0,3,6500,12,6500,0,0,0,0,PSA_ONLY
CRD_9622567E2CAF46A69C92,애프룡,372325,1000,7,0,0,0,0,0,0,6,6800,13,6800,0,0,1,2300,PSA_ONLY
CRD_EE3B2C43337E4C148163,드라세나,377385,1000,1,0,0,0,0,0,0,0,0,0,0,0,0,0,0,A_NO_PTS
CRD_D25814429FF94A7E84C3,블랙큐레무 ex,378062,1000,8,1,2000,2000,1,2000,2000,0,0,1,9200,1,3800,1,3800,A_1M_OK
CRD_E7A9269390E346AA93B3,플라이곤 GX,339629,0,0,0,0,0,0,0,0,0,0,0,0,0,0,0,0,A_NO_PTS
CRD_761F112811784F3C9B5A,제빈,379012,0,0,0,0,0,0,0,0,0,0,0,0,0,0,0,0,A_NO_PTS
CRD_F6AA26615B634D2BA71A,비브라바,379011,1000,6,0,0,0,0,0,0,4,6807,8,6800,0,0,0,0,PSA_ONLY
CRD_8E8635B273814CB28F1B,브리두라스 ex,379014,1100,9,1,1700,1700,1,1700,1700,0,0,3,8900,0,0,0,0,A_1M_OK
CRD_FD350229536F48219366,비비용,410059,1100,6,0,0,0,1,1000,1000,5,6900,14,6600,1,2999,1,2999,A_3M_FB
CRD_80AC3B98336D4FD0B14A,워글,380940,1500,9,0,0,0,0,0,0,2,6850,7,6700,0,0,1,2799,PSA_ONLY
CRD_E92B2532AE914FB09891,치갈기,380939,1000,6,0,0,0,0,0,0,4,6683,9,6499,0,0,0,0,PSA_ONLY
CRD_8D68F827F9B2481DA5FB,루카리오 EX,390313,1000,3,0,0,0,0,0,0,0,0,2,16349,0,0,0,0,PSA_ONLY
CRD_B7FFD1C826FF4A6FA025,큐레무 EX,385407,5000,4,0,0,0,0,0,0,0,0,0,0,0,0,0,0,A_NO_PTS
CRD_DAF9334F2EBE4F959019,그란돈 EX,381577,5200,4,0,0,0,0,0,0,0,0,2,16400,0,0,0,0,PSA_ONLY
CRD_E75C01B1AA4F453B9553,가디안 EX,381832,4444,2,0,0,0,0,0,0,0,0,2,13619,0,0,0,0,PSA_ONLY
CRD_EFAFD20CB50748A8B046,무장조,383045,1100,8,1,1000,1000,1,1000,1000,3,7000,7,7000,0,0,0,0,A_1M_OK
CRD_B5BD597A055847CBB31C,캐스퐁 태양의 모습,383120,1000,6,0,0,0,0,0,0,3,6666,9,6800,0,0,0,0,PSA_ONLY
CRD_F982F893088B4538AE96,서퍼,385172,1000,2,0,0,0,0,0,0,0,0,0,0,0,0,0,0,A_NO_PTS
CRD_77207234896E4180A67D,때때무노,383044,1000,9,0,0,0,0,0,0,3,6800,7,6750,0,0,0,0,PSA_ONLY
CRD_EF66D2E6D89F4EC5BE58,모토마 ex,385171,1500,1,0,0,0,0,0,0,1,7200,1,7200,0,0,0,0,PSA_ONLY
CRD_F28F173457F54FE4BE06,번치코,568893,1000,39,0,0,0,0,0,0,19,6900,46,6924,0,0,2,2249,PSA_ONLY
CRD_BDBA1831790543D0A08B,메가자리 BREAK,387155,0,0,0,0,0,0,0,0,0,0,0,0,0,0,0,0,A_NO_PTS
CRD_C512FB10DEBE4D3A9245,솔가레오 GX,386703,1500,2,1,2500,2500,1,2500,2500,0,0,0,0,0,0,0,0,A_1M_OK
CRD_7F8ADC12469E4311B6AC,형사구스 GX,386713,0,0,0,0,0,0,0,0,0,0,0,0,0,0,0,0,A_NO_PTS
CRD_DB00069D3B2C4916B373,켄타로스 GX,388923,1000,1,0,0,0,0,0,0,0,0,0,0,0,0,0,0,A_NO_PTS
CRD_8415237C305047B19AD4,단굴,608565,0,0,0,0,0,0,0,0,0,0,0,0,0,0,0,0,A_NO_PTS
CRD_B3149BEFD6BC407799A3,알로라나인테일 GX,389289,1000,1,0,0,0,0,0,0,0,0,0,0,0,0,0,0,A_NO_PTS
CRD_95020B5585B74E58A3AC,레트라 BREAK,390861,2000,4,0,0,0,0,0,0,0,0,0,0,0,0,0,0,A_NO_PTS
CRD_BB2792DF08BD4BE4A1F2,M헬가 EX,390001,0,0,0,0,0,0,0,0,0,0,0,0,0,0,0,0,A_NO_PTS
CRD_A99D593C22354D17A334,메가눈설왕 ex,659267,1000,9,0,0,0,0,0,0,0,0,0,0,0,0,0,0,A_NO_PTS
CRD_BE82877EE7B04D848D1B,망나뇽 GX,391701,5000,8,0,0,0,0,0,0,2,12000,7,15000,0,0,0,0,PSA_ONLY
CRD_FDD4ACFC9A3E4E2A8251,킹드라 GX,391727,0,0,0,0,0,0,0,0,0,0,0,0,0,0,0,0,A_NO_PTS
CRD_899A39AE13404402AADF,화이트큐레무 GX,391728,3500,5,0,0,0,0,0,0,1,30000,0,0,0,0,0,0,PSA_ONLY
CRD_E942132314EF46888CF0,프리져 GX,391747,17500,3,0,0,0,1,2480,2480,0,0,2,13745,0,0,0,0,A_3M_FB
CRD_A26B2D231CB94EECBAE3,다크펫 GX,391764,0,0,0,0,0,0,0,0,0,0,0,0,0,0,0,0,A_NO_PTS
CRD_7AF195199BBA474DA108,마임맨 GX,391758,0,0,0,0,0,0,0,0,0,0,0,0,0,0,0,0,A_NO_PTS
CRD_D89C085C68AB427DB734,보만다 GX,391778,0,0,0,0,0,0,0,0,0,0,0,0,0,0,0,0,A_NO_PTS
CRD_A8F55E775B1A48999A63,나누,392653,0,0,0,0,0,0,0,0,0,0,0,0,0,0,0,0,A_NO_PTS
CRD_CC3A107170E0419E98DC,후파 GX,392650,1111,2,0,0,0,0,0,0,0,0,0,0,0,0,0,0,A_NO_PTS
CRD_BB2021E55A1B4B7CBE30,페르시온 GX,393015,1500,1,0,0,0,0,0,0,0,0,0,0,0,0,0,0,A_NO_PTS
CRD_C41CDFEEB7EE415CA1B7,질뻐기&알로라질뻐기 GX,392975,1300,10,0,0,0,1,1480,1480,3,8500,7,8500,0,0,0,0,A_3M_FB
CRD_64EA988E405547A794C3,약어리 GX,396154,1500,4,0,0,0,0,0,0,0,0,0,0,0,0,0,0,A_NO_PTS
CRD_DD9A110694644BF0AA91,코바르온 GX,392652,0,0,0,0,0,0,0,0,0,0,0,0,0,0,0,0,A_NO_PTS
CRD_BF8B331F32534677B557,히드런 GX,393069,0,0,0,0,0,0,0,0,0,0,0,0,0,0,0,0,A_NO_PTS
CRD_7084B05629B04BBEA2F3,입치트 GX,393119,7000,1,0,0,0,0,0,0,0,0,0,0,0,0,0,0,A_NO_PTS
CRD_E1E6E75117094118B157,케르디오 GX,396018,5000,2,0,0,0,0,0,0,0,0,0,0,0,0,0,0,A_NO_PTS
CRD_E8ACEC3851F54A53AEF7,케르디오 GX,393176,3000,2,0,0,0,0,0,0,0,0,0,0,0,0,0,0,A_NO_PTS
CRD_EAE92820A9B54F4A9A09,개굴닌자&조로아크 GX,393207,2300,50,1,2300,2300,4,3140,2300,8,11750,39,14322,4,4949,9,4500,A_1M_OK
CRD_EA4685C2802E4DCCB4EF,도나리 GX,393238,0,0,0,0,0,0,0,0,0,0,0,0,0,0,0,0,A_NO_PTS
CRD_9239E2F6422F4F328D52,라이츄&알로라라이츄 GX,393073,2222,71,2,6000,5000,13,5650,5000,10,27400,47,28395,1,5200,6,5200,A_1M_OK
CRD_D92373A46C9C4F6FA162,페로코체&매시붕 GX,393243,1000,10,0,0,0,0,0,0,0,0,0,0,0,0,0,0,A_NO_PTS
CRD_874AC1F1697241DBA8D7,철화구야 GX,393285,1000,1,0,0,0,0,0,0,0,0,0,0,0,0,0,0,A_NO_PTS
CRD_BDC1ABE01CFF4D5CA326,포켓몬 매니아,393178,40000,2,0,0,0,1,3500,3500,0,0,0,0,0,0,0,0,A_3M_FB
CRD_66AB3EEC58944846BD32,멀레인,393299,0,0,0,0,0,0,0,0,0,0,0,0,0,0,0,0,A_NO_PTS
CRD_913741C2E37A40BAB47F,삼삼드래 ex,395716,1000,5,0,0,0,0,0,0,0,0,0,0,0,0,0,0,A_NO_PTS
CRD_68FF087ED5984A63BAE9,피카츄 ex,395201,6380,113,6,11050,8500,39,11262,8500,26,26250,78,30299,2,11490,14,9800,A_1M_OK
CRD_EA7C2CE2735D4A7FB228,페로코체&매시붕 GX,395985,1300,3,1,1111,1111,1,1111,1111,1,11800,2,14900,0,0,0,0,A_1M_OK
CRD_84EB7A5F0598461296E0,철화구야 GX,393298,0,0,0,0,0,0,0,0,0,0,0,0,0,0,0,0,A_NO_PTS
CRD_B8770884705A42238D72,토게피&삐&푸푸린 GX,396076,2300,13,2,2940,2900,8,2980,2900,7,16800,24,15825,1,4600,3,4980,A_1M_OK
CRD_DD0CD37E614744718643,멜메탈 GX,396158,0,0,0,0,0,0,0,0,0,0,0,0,0,0,0,0,A_NO_PTS
CRD_D07DE78E55D4229AB02C,라티아스&라티오스 GX,396362,2980,38,2,5199,4900,5,5185,4900,10,17688,38,17982,1,8000,2,7250,A_1M_OK
CRD_ACE083AA03F94FF58441,약어리 GX,396021,1000,2,0,0,0,0,0,0,0,0,0,0,0,0,0,0,A_NO_PTS
CRD_D59A0E499FD44F4199B5,메더,608555,1000,3,0,0,0,0,0,0,0,0,1,7000,0,0,0,0,PSA_ONLY
CRD_D354887EB90344EE923F,밀로틱 ex,408331,13800,27,3,10000,10000,6,13000,10000,15,22361,48,22275,2,12700,6,11055,A_1M_OK
CRD_A5BD2814B5454C479820,암트르,608566,7500,1,0,0,0,0,0,0,1,5950,4,6600,0,0,0,0,PSA_ONLY
CRD_710DC79FEA9542A1BD21,잉어킹&고래왕 GX,396399,8600,13,0,0,0,3,12500,12500,5,34000,11,34980,0,0,1,7900,A_3M_FB
CRD_8AFB1352B9D64F18AFDD,데스마스,608559,1100,4,0,0,0,0,0,0,0,0,0,0,0,0,0,0,A_NO_PTS
CRD_C9F99666A3067F779469,라티아스&라티오스 GX,396401,12000,19,0,0,0,1,10000,10000,3,35995,14,45000,0,0,3,13800,A_3M_FB
CRD_E3C661DEECDE4AF6AB74,심향의 칠색조 ex,546109,1000,15,1,1000,1000,1,1000,1000,2,8499,7,8000,1,3300,1,3300,A_1M_OK
CRD_EA3CF1FA1069431480A0,규리의 눈빛,414092,1000,14,0,0,0,1,1000,1000,1,8499,9,8400,3,3000,3,3000,A_3M_FB
CRD_A5A4F5FFC9A3433F8793,빈티나,408338,1000,15,0,0,0,1,1000,1000,8,6825,20,6925,2,3289,4,2999,A_3M_FB
CRD_8FA2514826954989AE45,켈리몬,414090,1000,13,0,0,0,0,0,0,4,6400,14,6800,0,0,1,2444,PSA_ONLY
CRD_9F78C4AD792F4C16A076,아이앤트 ex,418745,1000,4,0,0,0,0,0,0,1,6600,1,6600,0,0,0,0,PSA_ONLY
CRD_9D58E4813F2E44F48F9B,밀로틱 ex,418747,1800,5,1,1500,1500,1,1500,1500,1,7500,3,7900,0,0,0,0,A_1M_OK
CRD_D0EC868873694B81B52F,시트론의 재치,418754,2000,3,0,0,0,0,0,0,0,0,0,0,1,3999,1,3999,PSA_ONLY
CRD_DDAA23F00D9A45A3A417,시아노,414091,0,0,1,1000,1000,1,1000,1000,0,0,0,0,0,0,0,0,A_1M_OK
CRD_8E3889CE3AAF4DB6B6D3,규리의 눈빛,416951,4980,32,3,3850,3850,6,3825,3850,10,14550,35,14166,1,4000,6,3850,A_1M_OK
CRD_91690464DF8843E78381,메더,418742,1000,12,0,0,0,0,0,0,6,6683,14,6800,0,0,0,0,PSA_ONLY
CRD_8665C8184D854C689CB5,싸리용 ex,418750,0,0,0,0,0,0,0,0,2,7740,3,7500,0,0,0,0,PSA_ONLY
CRD_DBD0BA8810234F79AE76,메가입치트 ex,646403,1000,12,0,0,0,0,0,0,0,0,0,0,0,0,0,0,A_NO_PTS
CRD_C656819F71EC44B19DD9,로켓단의 파이어 ex,562038,1000,7,2,1500,1000,9,1000,1000,2,8833,6,9083,0,0,0,0,A_1M_OK
CRD_E0F3C75EE01E479C9004,왕자리,546104,1000,8,0,0,0,0,0,0,4,6733,10,6724,0,0,2,2471,PSA_ONLY
CRD_6B3CFFBA30BE4DB79C74,N의 조로아크 ex,485649,1000,18,0,0,0,0,0,0,0,0,0,0,0,0,0,0,A_NO_PTS
CRD_8CBB87D89D68439D919A,모야모의 찌리비크,489823,1200,69,3,1000,1116,8,1000,1116,20,9657,60,9411,4,2794,8,2784,A_1M_OK
CRD_808E7CD437F24C0A8CE3,모야모의 찌리배리 ex,485655,10000,88,1,14800,14800,9,11000,14800,20,18925,70,20879,2,12150,4,11216,A_1M_OK
CRD_68DB6AC7C4BB4ACD92ED,N의 레시라무,485654,1700,141,10,2583,4900,37,2500,4900,29,11995,88,10291,7,4000,28,3999,A_1M_OK
CRD_CDD3EE7F57224CD58823,고래왕,497652,1000,44,1,1100,1100,3,1000,1100,17,7000,49,7350,1,2500,7,2500,A_1M_OK
CRD_EA5F6C24062E430A8964,마라카치,502656,1000,16,0,0,0,0,0,0,4,6850,13,6800,0,0,0,0,PSA_ONLY
CRD_F3D13D31BE1A4E0991BE,다꼬리,499421,1000,11,0,0,0,3,1150,1154,11,7200,31,7300,1,2800,2,2650,A_3M_FB
CRD_AB63174A5154445782F6,호브의 우르,502987,1000,27,0,0,0,0,0,0,3,6999,12,6841,0,0,1,2200,PSA_ONLY
CRD_80407B2696CD4C8CA421,리피아 ex,469625,8780,124,11,9100,9000,48,9394,9000,32,20075,89,20497,6,9112,19,9000,A_1M_OK
CRD_87046B5ACF6849E9B53F,프리져,502986,1000,71,2,1150,1000,18,1200,1000,26,8212,77,8779,5,3400,11,3400,A_1M_OK
CRD_63141A82DE9B4DB48A54,보만다 ex,506154,1000,13,0,0,0,0,0,0,1,7499,2,7749,0,0,0,0,PSA_ONLY
CRD_CBD74C6D3997478C92A5,릴리에의 삐삐 ex,535520,0,0,0,0,0,0,0,0,0,0,0,0,0,0,0,0,A_NO_PTS
CRD_D4672A5ECC0F45DABED3,보만다 ex,505957,4900,42,3,4675,4999,10,3989,4999,13,12997,44,12394,2,4500,2,4500,A_1M_OK
CRD_87ACED114A5746E48FF7,N의 조로아크 ex,506153,1000,13,1,1000,1000,2,1000,1000,4,7740,8,7590,0,0,0,0,A_1M_OK
CRD_93F6FE4202C343CFB1F7,볼케니온 ex,506150,1000,8,0,0,0,0,0,0,1,7500,1,7500,0,0,0,0,PSA_ONLY
CRD_C7E2B077171045C69387,꾸꾸리,506146,1000,20,0,0,0,0,0,0,10,6775,26,6700,1,2900,2,2700,PSA_ONLY
CRD_9AC0516F5C3E4E83876E,루가루암,506147,1000,25,0,0,0,0,0,0,4,6729,17,6899,0,0,0,0,PSA_ONLY
CRD_F9792A29F11F4A35AF80,릴리에의 에리본,505952,1000,152,10,1673,1890,30,1775,1890,30,8579,88,9000,7,3299,19,2816,A_1M_OK
CRD_816F40DB48D34E998792,맘모꾸리 ex,506152,1100,2,0,0,0,0,0,0,5,7500,6,7450,0,0,0,0,PSA_ONLY
CRD_83D97C53AA124CCABCA0,아이리스의 투지,506156,1000,48,2,1000,1000,9,1000,1000,12,8000,36,8160,4,2999,13,2524,A_1M_OK
CRD_9C6A1F46424F4EBB84A6,난천의 로즈레이드,526172,1500,35,2,1750,2200,5,1399,2200,8,7949,39,7799,3,2980,6,2799,A_1M_OK
CRD_8A64A02FB1604C62BD2140CE72FDA2D7,로토무,530536,1000,14,0,0,0,0,0,0,1,5980,3,5980,0,0,1,1999,PSA_ONLY
CRD_E8C26AA9E84C4C10AF9B,날쌩마,535465,1000,12,0,0,0,0,0,0,7,7000,12,7025,0,0,0,0,PSA_ONLY
CRD_B06B18A181FB456ABDCB,암팰리스,539602,1000,6,0,0,0,0,0,0,2,6790,7,6700,0,0,1,1999,PSA_ONLY
CRD_6FC66FFBF4F043FF9348,난천의 한카리아스 ex,541529,2100,25,0,0,0,2,2000,2000,3,8183,15,8600,0,0,0,0,A_3M_FB
CRD_8BC4CFF5D3984089B81D,메가자리 ex,546115,2300,6,0,0,0,1,2500,2500,1,8400,2,8600,0,0,0,0,A_3M_FB
CRD_69525AAF5E3C4C99AB79,난천의 한카리아스 ex,538636,29000,53,2,38149,38799,9,37150,38799,23,51300,68,58638,0,0,1,29000,A_1M_OK
CRD_C8964D5114084013857C,어써러셔 ex,546110,1000,2,0,0,0,0,0,0,0,0,0,0,0,0,0,0,A_NO_PTS
CRD_CAEF24E4F3E04F20A205,썬더라이,546107,1000,6,0,0,0,0,0,0,0,0,3,6500,0,0,0,0,PSA_ONLY
CRD_F54EE62045A24CBAABB8,이슬의 라프라스,546106,1500,31,5,3499,1880,14,2675,1880,18,13499,64,12778,1,3999,11,3500,A_1M_OK
CRD_F1D5FDA4D4C44B6A84C6,난천의 한카리아스 ex,546119,5980,23,2,6000,6000,6,6000,6000,9,19299,31,19800,0,0,3,5800,A_1M_OK
CRD_B18DDE8C20D645DDA16E,페퍼의 마피티프 ex,546116,3000,2,0,0,0,0,0,0,0,0,2,7990,0,0,0,0,PSA_ONLY
CRD_A6609DDDF77E43BEBF21,심향의 모험,546117,7900,20,1,6500,6500,7,6599,6500,3,22400,27,25277,0,0,4,6350,A_1M_OK
CRD_E477534743004D15A397,진주몽,558070,1000,15,0,0,0,0,0,0,6,6400,13,6500,0,0,1,2200,PSA_ONLY
CRD_E1A0B45DD087457B9796,로켓단의 니드킹 ex,568324,6800,24,2,11000,11000,13,9500,11000,11,21500,47,21866,3,11200,6,10350,A_1M_OK
CRD_6A62F065A24240519E51,심향의 모험,546114,1000,5,0,0,0,0,0,0,0,0,2,8300,0,0,0,0,PSA_ONLY
CRD_D89AE69557754704BE5B,로켓단의 람다,568321,4100,1,2,3500,3500,4,3500,3500,0,0,0,0,0,0,0,0,A_1M_OK
CRD_98F0514FA4E449CBA343,로켓단의 페르시온 ex,550916,1000,4,0,0,0,0,0,0,0,0,0,0,0,0,0,0,A_NO_PTS
CRD_88C69A70082B440AB5C0,로켓단의 이올브,564042,1000,16,0,0,0,0,0,0,12,6860,31,6800,1,2500,3,2300,PSA_ONLY
CRD_B249F6023816421B9E82,로켓단의 비주기,568326,4100,20,4,3450,4000,9,3400,4000,2,20699,11,19800,2,4100,7,4000,A_1M_OK
CRD_C14EA7DC5F234B078571,로켓단의 랜스,568322,1500,2,0,0,0,0,0,0,0,0,0,0,0,0,0,0,A_NO_PTS
CRD_9C0777C5F0E2418B84CD,로켓단의 크로뱃 ex,568327,1200,8,1,2000,2000,6,2000,2000,4,8399,7,8498,0,0,0,0,A_1M_OK
CRD_F655D1FDB00E40F3BB93,로켓단의 뮤츠 ex,568902,45000,96,3,62000,55000,31,72800,55000,28,111825,84,125087,2,58900,14,62399,A_1M_OK
CRD_FC031847FF4E4F8989CC,로켓단의 비주기,568901,1000,8,0,0,0,6,1890,1980,1,12900,2,11200,0,0,2,2739,A_3M_FB
CRD_CC3897BA1A4C4B138E6A,로켓단의 크로뱃 ex,568898,1000,8,0,0,0,1,2000,2000,1,6600,3,6800,0,0,1,3000,A_3M_FB
CRD_9A198103AC7443DC8A26,로켓단의 아폴로,568900,1000,2,0,0,0,0,0,0,0,0,0,0,0,0,0,0,A_NO_PTS
CRD_FF09AC615D4A4B22B433,샤비,584785,1000,9,0,0,0,1,1000,1000,2,8399,10,7899,0,0,0,0,A_3M_FB
CRD_B28E6145CF994B09905F,로켓단의 파이어 ex,568323,16500,81,5,20000,19400,24,19700,19400,17,32999,69,35800,0,0,7,19000,A_1M_OK
CRD_C59C1E27D70941A983D2,차오꿀,584796,6000,3,0,0,0,0,0,0,1,6790,3,7250,0,0,0,0,PSA_ONLY
CRD_EBCFDCA7F49A46F69C45,주리비얀,584784,2000,12,0,0,0,1,1100,1100,5,8300,13,7400,1,2800,2,2400,A_3M_FB
CRD_9A8963B9CBC6485CB8D4,뚜꾸리,584795,2000,7,0,0,0,3,1200,1000,3,11200,9,8999,0,0,0,0,A_3M_FB
CRD_B11B7BA4E82A41EA95F8,대검귀,584800,1000,5,0,0,0,2,1000,1000,0,0,6,7074,0,0,0,0,A_3M_FB
CRD_CCEB4346B9854D20B752,볼트로스,585874,1000,7,0,0,0,1,1000,1000,0,0,4,7022,0,0,0,0,A_3M_FB
CRD_6CE97DC55919437DBC63,켄호로우,605504,1000,2,0,0,0,0,0,0,1,6499,1,6499,0,0,0,0,PSA_ONLY
CRD_6DA66A6437FD4A86B009,절각참,605973,1000,3,0,0,0,0,0,0,1,6666,3,6666,0,0,0,0,PSA_ONLY
CRD_7EA3BC62F30E405FADC5,메로엣타 ex,607256,3000,26,1,3000,3000,5,3000,3000,2,10950,18,11499,0,0,0,0,A_1M_OK
CRD_EDEB10E56C1B4F3F8691,야나프,608463,1000,6,0,0,0,0,0,0,0,0,0,0,0,0,0,0,A_NO_PTS
CRD_C932B86214B443F7BF18,N의 방안,606907,5900,65,2,5250,5000,11,6999,5000,15,20500,46,22983,6,5849,14,5890,A_1M_OK
CRD_F4AB8722DDB74A15A654,램프라,608474,3000,3,0,0,0,0,0,0,4,6850,8,6850,0,0,0,0,PSA_ONLY
CRD_CAA84D92B77A42B6AD29,삼삼드래 ex,605489,1000,4,0,0,0,0,0,0,0,0,0,0,0,0,0,0,A_NO_PTS
CRD_D9F3370BA1BE476D89E2,프리지오,608486,1400,1,0,0,0,0,0,0,1,6700,3,6800,0,0,0,0,PSA_ONLY
CRD_AF3164F375854354B2F4,케르디오 ex,607939,3000,15,3,3800,3000,10,3000,3000,8,10999,27,10790,0,0,1,3500,A_1M_OK
CRD_EFCB23BB10864CE3BB7F,레시라무 ex,607938,20999,70,3,29800,29900,25,25000,29900,25,43799,75,44814,3,23900,14,21990,A_1M_OK
CRD_959F73E091BA412E99DC,두까비,608480,1000,3,0,0,0,0,0,0,2,6799,0,0,0,0,0,0,PSA_ONLY
CRD_FD5DD2EE993546CAA758,에몽가,608487,7999,1,2,1000,1000,2,1000,1000,5,7800,7,7800,0,0,0,0,A_1M_OK
CRD_81C283F7B5804B6E9F93,툰베어,608485,1200,2,0,0,0,0,0,0,0,0,0,0,1,3999,1,3999,PSA_ONLY
CRD_DD9456F36A4A40BFBA2C,뽀록나,608470,1000,4,0,0,0,0,0,0,0,0,0,0,0,0,0,0,A_NO_PTS
CRD_EBB3E239BB7D4066A689,맘복치,608483,1000,11,0,0,0,0,0,0,0,0,0,0,0,0,0,0,A_NO_PTS
CRD_E5D6561E00FA4E9D92EC,저리릴,608489,8000,1,0,0,0,0,0,0,1,7100,0,0,0,0,0,0,PSA_ONLY
CRD_BBE6EFDD0952406BA8C0,깜놀버슬,608469,1200,3,0,0,0,0,0,0,1,7900,0,0,0,0,0,0,PSA_ONLY
CRD_88D258C40D594E16B22B,동챙이,608479,1000,6,0,0,0,0,0,0,0,0,3,6500,0,0,0,0,PSA_ONLY
CRD_7F072B0CB7A3432B8EEE,듀란,608494,1000,4,1,1000,1000,0,0,0,1,7699,0,0,0,0,0,0,A_1M_OK
CRD_6C2E76C8810D45DB91FC,저리더프,608490,1000,5,0,0,0,0,0,0,1,6840,1,6840,0,0,0,0,PSA_ONLY
CRD_B2D14FA1DDFA481BB7B2,앗차키,608478,6999,2,0,0,0,0,0,0,0,0,0,0,0,0,0,0,A_NO_PTS
CRD_DB44D404633141DBBC80,두더류,608500,1000,7,0,0,0,0,0,0,1,6800,2,6650,0,0,0,0,PSA_ONLY
CRD_9EC31C68BA49485F819E,던지미,608504,1000,6,0,0,0,0,0,0,0,0,0,0,0,0,0,0,A_NO_PTS
CRD_89F0DED26A364D2D9B5E,으랏차,608501,6800,1,0,0,0,0,0,0,0,0,1,6599,0,0,0,0,PSA_ONLY
CRD_AA7C762B17B749CEBF08,토쇠골,608502,6889,2,1,1000,1000,1,1000,1000,0,0,1,9590,0,0,0,0,A_1M_OK
CRD_B86D2122C72F49ECB65D,리그레,608496,1480,5,0,0,0,0,0,0,2,6110,2,6110,0,0,0,0,PSA_ONLY
CRD_DA900EAAF6EA496AA465,몽나,608491,1000,3,0,0,0,0,0,0,0,0,0,0,0,0,0,0,A_NO_PTS
CRD_EEB4000CF829493595C7,아케오스,608570,1000,3,0,0,0,0,0,0,0,0,0,0,0,0,0,0,A_NO_PTS
CRD_BC94D56140324F5E8B10,마디네,608507,6798,1,0,0,0,0,0,0,2,6699,5,6500,0,0,0,0,PSA_ONLY
CRD_B71401CE4CBA4FD5914C,슈바르고,608515,1000,5,0,0,0,0,0,0,0,0,0,0,0,0,1,1800,PSA_ONLY
CRD_9B35454E9FAA4465BC23,콩둘기,608521,1500,1,0,0,0,1,1000,1000,2,8000,5,7950,0,0,0,0,A_3M_FB
CRD_E778C735BD9241BE810D,액슨도,608519,2200,4,0,0,0,0,0,0,0,0,1,6000,0,0,0,0,PSA_ONLY
CRD_88D8B1966C914557B55B,샤로다 ex,608526,1000,5,0,0,0,0,0,0,0,0,0,0,0,0,0,0,A_NO_PTS
CRD_E489FF5E6B654755AC1B,치라미,608524,1800,3,1,1400,1400,3,1400,1400,2,6805,5,7000,0,0,0,0,A_1M_OK
CRD_D2FF712DE7F2490F83AB,액스라이즈,608520,1700,6,0,0,0,2,2400,3800,0,0,2,6899,0,0,0,0,A_3M_FB
CRD_811F41C997424C4799EC,유토브,608522,1000,4,0,0,0,0,0,0,0,0,2,6749,0,0,0,0,PSA_ONLY
CRD_73D6953981C84918B834,어지리더,608540,1000,4,0,0,0,0,0,0,1,6666,2,6732,0,0,0,0,PSA_ONLY
CRD_EB7841DA056B401A80EC,바라철록,608538,1000,3,1,1000,1000,1,1000,1000,1,8800,1,8800,0,0,0,0,A_1M_OK
CRD_BACA0ED67D664015A669,바닐프티,608548,1500,2,0,0,0,0,0,0,0,0,0,0,0,0,1,2600,PSA_ONLY
CRD_BC37591EA9BD4AFE9BD5,두르보,608534,1000,1,0,0,0,0,0,0,0,0,0,0,0,0,0,0,A_NO_PTS
CRD_F2F526A3A5F244D59FCF,사철록,608537,7548,3,0,0,0,0,0,0,2,7400,2,7400,0,0,0,0,PSA_ONLY
CRD_7BB290C3BD38478A914D,파쪼옥,608553,1000,2,0,0,0,0,0,0,1,7900,1,7900,0,0,0,0,PSA_ONLY
CRD_63B80E0E81474366B192,고디탱,608561,0,0,0,0,0,1,1000,1000,0,0,2,6474,0,0,0,0,A_3M_FB
CRD_93B336450FE341B4AC0E,큐레무 ex,608527,1000,3,0,0,0,1,1000,1000,3,7000,5,7000,0,0,0,0,A_3M_FB
CRD_7A54C2FA809B4E9699FD,몰드류 ex,608529,1000,1,0,0,0,0,0,0,2,6200,0,0,0,0,0,0,PSA_ONLY
CRD_E8C45BEBEA1E4589A70E,두르쿤,608535,2000,2,0,0,0,0,0,0,0,0,0,0,0,0,0,0,A_NO_PTS
CRD_AD6115AF78224218ACF6,스완나,608547,7800,2,0,0,0,0,0,0,1,9999,2,8811,0,0,0,0,PSA_ONLY
CRD_A1FF49B34D00462B8DF0,맘박쥐,608557,7800,5,0,0,0,0,0,0,1,6680,0,0,0,0,0,0,PSA_ONLY
CRD_CA411E680E6F4183A00B,바오키,608543,1000,2,0,0,0,0,0,0,0,0,0,0,0,0,0,0,A_NO_PTS
CRD_8C4595A6BD8543299E01,고디보미,608562,1000,4,0,0,0,0,0,0,2,6555,0,0,0,0,0,0,PSA_ONLY
CRD_E07E47F969DF425B88E9,골비람,608498,1000,4,0,0,0,0,0,0,1,7200,1,7200,0,0,0,0,PSA_ONLY
CRD_7F1F939CC0DB4671824A,바닐리치,608549,1000,3,0,0,0,0,0,0,1,7200,3,6999,0,0,0,0,PSA_ONLY
CRD_DF4775DD63D8489DB391,심보러,608558,1000,9,0,0,0,0,0,0,0,0,0,0,0,0,0,0,A_NO_PTS
CRD_A4F8739E43884B02A683,레파르다스,608575,1300,9,0,0,0,0,0,0,1,7900,1,7900,0,0,0,0,PSA_ONLY
CRD_AD8D9A5B43C24CB6A5F9,곤율랭,608576,9800,1,0,0,0,0,0,0,1,8888,2,8738,0,0,0,0,PSA_ONLY
CRD_8FAAD56862D840F2A5DC,요테리,608593,3999,4,0,0,0,0,0,0,1,7500,1,7500,0,0,0,0,PSA_ONLY
CRD_B6F27325C75E414B802B,철시드,608584,1000,7,0,0,0,0,0,0,2,7000,0,0,0,0,0,0,PSA_ONLY
CRD_BF2A02781B26488BA64B,조로아,608580,2800,7,5,2100,2999,8,2050,2999,6,9950,15,9000,0,0,0,0,A_1M_OK
CRD_E8813064F21A409D8BEF,탱그릴,608564,1000,4,0,0,0,0,0,0,0,0,0,0,0,0,0,0,A_NO_PTS
CRD_A320E30FFCFE4D5A901D,수리둥보,608596,1500,1,0,0,0,0,0,0,0,0,0,0,0,0,0,0,A_NO_PTS
CRD_F6F255B07DE64989A77B,보르쥐,608591,1000,4,0,0,0,0,0,0,0,0,1,6799,0,0,0,0,PSA_ONLY
CRD_C5B38ED6409E430EA353,디헤드,608583,1200,8,0,0,0,0,0,0,0,0,1,8000,0,0,0,0,PSA_ONLY
CRD_FA2D897E8D2644E2BDF3,아이앤트,608589,1000,2,0,0,0,0,0,0,1,6450,2,6475,0,0,0,0,PSA_ONLY
CRD_D7B9B3BCB4264919B5BC,투희,608603,2500,24,2,2949,3500,10,2549,3500,5,11500,21,11000,0,0,12,2940,A_1M_OK
CRD_A015A394F46844D180E4,케르디오 ex,608599,1000,10,0,0,0,1,1000,1000,2,6750,3,7500,0,0,0,0,A_3M_FB
CRD_D1A8C3F081B74BAE8414,삼삼드래 ex,608601,1000,9,0,0,0,0,0,0,4,6600,7,7000,0,0,0,0,PSA_ONLY
CRD_6E6230DEBE1C4DBF815D,버프론 ex,608602,1000,4,0,0,0,0,0,0,2,7549,3,7500,0,0,0,0,PSA_ONLY
CRD_78A1D3109CFF440DAF76,N의 방안,608531,1000,29,0,0,0,2,1150,1000,2,8950,9,9500,2,3972,5,2980,A_3M_FB
CRD_6CD688020940471E9BED,메가루카리오 ex,628159,1000,24,0,0,0,0,0,0,0,0,0,0,0,0,0,0,A_NO_PTS
CRD_9F16F13DF68C4204B8EF,메가라티아스 ex,628170,1000,10,0,0,0,0,0,0,1,5000,1,5000,0,0,0,0,PSA_ONLY
CRD_738510ECA688475BA724,후딘,645380,1000,53,3,1000,1250,5,1000,1250,13,6800,46,6899,0,0,3,2500,A_1M_OK
CRD_B20942F08E184FD3AC9C,이상해풀,657362,1000,110,0,0,0,19,1000,1000,26,7051,76,7425,3,3500,14,3050,A_3M_FB
CRD_DCC8CEBEBF3C4B9D88E0,레오꼬,663639,1000,22,0,0,0,0,0,0,12,6820,26,6796,0,0,2,2299,PSA_ONLY
CRD_9289770776A1479DADE6,마티스의 거래,663635,1000,7,0,0,0,0,0,0,1,5999,1,5999,1,1444,1,1444,PSA_ONLY
CRD_BE2C80A0B66343AA892E,식스테일,662217,1000,41,3,1000,1000,5,1000,1000,17,6800,42,6955,2,3300,6,3250,A_1M_OK
CRD_F2780FF8888D4EC99BCC,메가캥카 ex,664096,1000,28,1,1000,1000,1,1000,1000,7,7300,19,6999,0,0,0,0,A_1M_OK
CRD_F55FC4526B154E6FBB46,콜로솔트,664099,1000,20,0,0,0,0,0,0,19,6800,34,6798,1,3400,1,3400,PSA_ONLY
CRD_FE20328DB07A4AA9AE98,메가라티아스 ex,664092,4700,121,11,4680,4799,36,4500,4799,24,13694,82,14498,3,6200,9,5899,A_1M_OK
CRD_95CC63655EC74676BA27,땃쭈르,664100,1000,29,0,0,0,0,0,0,12,6800,40,6600,0,0,1,2600,PSA_ONLY
CRD_F58A3A5528E24CB1A4C3,목도리키텔,664115,1000,22,0,0,0,0,0,0,14,6725,34,6775,1,2550,3,2500,PSA_ONLY
CRD_E385CD17340F406F8B5F,형사구스,664103,1000,32,0,0,0,0,0,0,11,6800,37,6700,0,0,1,2444,PSA_ONLY
CRD_A20F94DEEB5245129C85,포곰곰,664118,1000,34,0,0,0,0,0,0,15,6800,35,6750,0,0,1,1999,PSA_ONLY
CRD_CF31B0FF74A849A2B69F,블로스터,664114,1000,21,0,0,0,0,0,0,14,6800,28,6746,0,0,0,0,PSA_ONLY
CRD_B5CCF871C4AD4CA18B71,마티스의 거래,664110,1000,12,0,0,0,3,1000,1000,2,8721,7,8444,0,0,0,0,A_3M_FB
CRD_DFF8CB13F6C7491C8154,메가앱솔 ex,664106,1000,21,1,1000,1000,1,1000,1000,9,7399,17,7000,1,2800,4,2899,A_1M_OK
CRD_ACB8A5DF94244A189395,메가라티아스 ex,664120,1000,24,1,1000,1000,2,1000,1000,11,7199,29,6999,1,3980,1,3980,A_1M_OK
CRD_773316D488304D578A1D,민진의 헤아림,664123,1000,8,0,0,0,1,1000,1000,1,7222,4,6780,0,0,0,0,A_3M_FB
CRD_EE9DBDB6BFC24FC08B14,묘두기,664117,1000,17,0,0,0,0,0,0,10,6762,30,6700,0,0,1,2499,PSA_ONLY
CRD_C927EDBD33EB444EA017,아이스크,664112,1000,23,0,0,0,0,0,0,8,6683,29,6675,1,2580,2,2539,PSA_ONLY
CRD_A4182C43172645D6AA8D,아세로라의 장난,664122,1300,76,12,1800,1999,38,1758,1999,18,13191,69,12426,9,3000,27,2979,A_1M_OK
CRD_CF300350E3954689842D,자시안,693513,1000,59,2,1005,1000,2,1005,1000,17,6850,42,6799,3,2500,6,2099,A_1M_OK
CRD_AE252DCBF6FA4506ACCD,메가샤크니아 ex,687283,1000,6,0,0,0,0,0,0,0,0,0,0,0,0,0,0,A_NO_PTS
CRD_3B58C4FB597C409D8154,리파,152775,2000,8,1,2500,2500,1,2500,2500,1,8500,2,8150,1,4480,2,3990,A_1M_OK
CRD_135EC26698D0487B9383,총지엔 ex,156409,1000,5,0,0,0,0,0,0,0,0,0,0,0,0,0,0,A_NO_PTS
CRD_435238B98B534ED1A50A,마마네,91359,30000,43,1,45000,45000,2,42500,45000,5,110000,21,115000,3,33000,4,33166,A_1M_OK
CRD_ABB9C24219D047ECAF3A,마샤도&괴력몬 GX,396049,1499,11,0,0,0,0,0,0,1,9800,8,11455,0,0,1,3700,PSA_ONLY
CRD_1F8F6869FA4548279B6E,루카리오&멜메탈 GX,393271,2500,5,0,0,0,1,1000,1000,0,0,6,9999,1,6000,2,5499,A_3M_FB
CRD_B67C469BF7EA40619E14,입치트 GX,396071,0,0,0,0,0,0,0,0,0,0,0,0,0,0,0,0,A_NO_PTS
CRD_5DF591EAB7B44D25AF5A,한카리아스 V,139687,1000,1,0,0,0,0,0,0,0,0,0,0,0,0,0,0,A_NO_PTS
CRD_57BFC803754F499E82F0,모래털가죽 ex,466382,1000,4,0,0,0,0,0,0,0,0,0,0,0,0,0,0,A_NO_PTS
CRD_093F671F8D0F4F349B81,블래키 V,112526,1000,25,2,2000,3000,8,1215,3000,4,12474,17,13800,0,0,2,4250,A_1M_OK
CRD_2D4AA6D08A11483FA5DB,무쇠가시 ex,204137,0,0,0,0,0,0,0,0,0,0,0,0,0,0,0,0,A_NO_PTS
CRD_143023DAF60545D2B327,오리진 디아루가 V,139488,0,0,0,0,0,0,0,0,0,0,0,0,0,0,0,0,A_NO_PTS
CRD_A45225946385449CBE53,제라오라 V,141888,0,0,0,0,0,0,0,0,0,0,0,0,0,0,0,0,A_NO_PTS
CRD_39493D33675143109748,파이어&썬더&프리져 GX,396084,3500,37,3,5200,5980,15,5500,5980,21,17899,61,17599,1,5999,3,4500,A_1M_OK
CRD_BDD8F152587B432C9CED,음번 ex,162065,1000,2,0,0,0,0,0,0,0,0,0,0,0,0,0,0,A_NO_PTS
CRD_8A1DCB955E61497F9B0D,입치트 GX,393095,1000,5,0,0,0,0,0,0,0,0,0,0,0,0,0,0,A_NO_PTS
CRD_43945060F9E847A0AE3F,그란돈 EX,91630,700000,2,0,0,0,0,0,0,0,0,0,0,0,0,0,0,A_NO_PTS
CRD_795EDB8C9C91475EBBBD,재인,91506,41999,17,0,0,0,0,0,0,0,0,7,136000,0,0,0,0,PSA_ONLY
CRD_0B59EFE11F824CC29403,다태우지네 V,145268,0,0,0,0,0,0,0,0,0,0,0,0,0,0,0,0,A_NO_PTS
CRD_01E1A15D9BF64FB3A102,캥카 EX,380763,1000,2,0,0,0,0,0,0,0,0,1,15800,2,4999,2,4999,PSA_ONLY
CRD_62382B166E0840719246,오리진 펄기아 V,103062,1000,4,0,0,0,0,0,0,0,0,0,0,0,0,0,0,A_NO_PTS
CRD_5E8B9D8B826549B5BE0E,글레이시아 GX,112747,1499,10,0,0,0,1,2600,2600,2,9500,4,9500,0,0,1,5000,A_3M_FB
CRD_535F50E9DD9145CFB167,개굴닌자 GX,112748,1200,18,1,1500,1500,1,1500,1500,3,14500,18,10821,1,4000,4,5050,A_1M_OK
CRD_D03B772C5E7A47F49391,레지스틸 ex,740704,0,0,0,0,0,0,0,0,0,0,0,0,0,0,0,0,A_NO_PTS
CRD_15FD761C7E9D47358044,기로치 ex,277239,2500,1,0,0,0,0,0,0,0,0,0,0,0,0,0,0,A_NO_PTS
CRD_97D7C457DF3B41A8A619,마자용 BREAK,391077,39800,1,0,0,0,0,0,0,0,0,0,0,0,0,0,0,A_NO_PTS
CRD_15F12748F61F45C7853E,M폭타 EX,106281,29000,1,0,0,0,0,0,0,1,30000,4,30000,0,0,0,0,PSA_ONLY
CRD_458264C893E84DF0975A,지가르데 GX,334654,8000,1,0,0,0,0,0,0,0,0,1,14800,0,0,0,0,PSA_ONLY
CRD_FC1BC821D02D4F06BD47,메가깜까미&마기라스 GX,321565,1599,15,1,2450,2450,2,2280,2450,9,10444,17,10000,2,4390,4,4740,A_1M_OK
CRD_A2C303F9E86F4EDF9398,아가씨,96627,2000,11,0,0,0,2,2500,2500,0,0,2,8500,0,0,0,0,A_3M_FB
CRD_54A4959E13F64F7AB630,해루미,256064,6999,4,0,0,0,0,0,0,3,7200,11,6900,0,0,0,0,PSA_ONLY
CRD_704B8C245A2D48CFA157,제라오라 V,141059,1200,1,0,0,0,0,0,0,0,0,0,0,0,0,0,0,A_NO_PTS
CRD_9C262C40B485491EB19A,개굴닌자&조로아크 GX,104638,7150,16,0,0,0,1,6500,6500,0,0,4,35900,1,8000,2,7375,A_3M_FB
CRD_428AF8A0299041E5A922,두드리짱 ex,118629,1000,3,0,0,0,0,0,0,0,0,0,0,0,0,0,0,A_NO_PTS
CRD_57D3263FF3A147BF9CBD,벨의 진심,184144,5200,58,0,0,0,3,6000,6000,9,21800,30,28198,6,5790,11,6280,A_3M_FB
CRD_29464E6CFC1448969B4A,무청,100570,2000,109,0,0,0,2,2350,2500,20,11938,56,11029,2,3647,5,3000,A_3M_FB
CRD_A2809ACDAA524CC6B457,야청,101651,3500,12,0,0,0,0,0,0,0,0,3,9999,0,0,2,5000,PSA_ONLY
CRD_630A12E88A2C405CB9F3,지가르데 GX,112789,8000,10,1,4000,4000,2,3250,4000,2,29200,10,26277,3,4980,8,4500,A_1M_OK
CRD_DDCF9A4843654499A109,타만타,136488,1800,2,1,2000,2000,3,2000,2000,3,7860,3,7860,0,0,0,0,A_1M_OK
CRD_6E69415874774031B60E,마폭시 BREAK,389529,0,0,0,0,0,0,0,0,0,0,0,0,0,0,0,0,A_NO_PTS
CRD_0DB9B4215B8140FAAA2E,앱솔 ex,132218,1000,5,0,0,0,0,0,0,0,0,0,0,0,0,0,0,A_NO_PTS
CRD_E0504F647D66433CB038,비퀸 ex,132196,1000,4,0,0,0,0,0,0,0,0,0,0,0,0,0,0,A_NO_PTS
CRD_C84ED2B9A3F04FFF9591,아르세우스 VSTAR,93014,3000,35,0,0,0,10,4840,3999,3,15771,19,15771,0,0,0,0,A_3M_FB
CRD_5495412158834F0487D3,로켓단의 니드킹 ex,567639,1000,13,0,0,0,1,1000,1000,3,6900,5,8300,0,0,0,0,A_3M_FB
CRD_6622C5C878F244828DA2,어리짱,120732,1000,11,0,0,0,0,0,0,3,7000,7,7000,0,0,0,0,PSA_ONLY
CRD_595B6C8D454040518BFD,랜드로스,585875,2000,2,0,0,0,1,1999,1999,2,6900,7,6800,0,0,1,2444,A_3M_FB
CRD_4078C16E4F0A46D1B247,메가헤라크로스 ex,704384,1000,14,0,0,0,0,0,0,4,7499,8,7400,0,0,0,0,PSA_ONLY
CRD_3DA9FF90C36043F5AFDC,코바르온 ex,774209,1000,7,0,0,0,0,0,0,0,0,0,0,0,0,0,0,A_NO_PTS
CRD_7B28676DCCDC4062B984,위대한엄니 ex,108327,1000,3,0,0,0,0,0,0,0,0,0,0,0,0,0,0,A_NO_PTS
CRD_5FE253E42C974A6AB4E7,라이코 V,103070,4000,38,7,4700,5400,25,4500,5400,18,15900,56,14599,2,6849,7,6700,A_1M_OK
CRD_46AA4AF10EC446A2A11D,기모노드레스,95126,2500,10,1,2800,2800,3,2800,2800,2,7725,5,7450,0,0,0,0,A_1M_OK
CRD_4A6AB07D1EE64032B862,로켓단의 뮤츠 ex,568904,9999,101,2,12750,12500,35,14000,12500,15,32249,49,38999,0,0,3,9500,A_1M_OK
CRD_53EAEC16A2AC449B842F,메가눈여아 ex,727385,1000,12,0,0,0,0,0,0,1,6999,0,0,0,0,0,0,PSA_ONLY
CRD_AC4EB0CDE09A4473820C,삼삼드래 ex,413158,2980,19,1,8000,8000,3,5000,8000,16,13341,36,12474,1,7800,2,6399,A_1M_OK
CRD_385E29A0C8C3476C9C4B,드래피온 V,105548,1000,4,0,0,0,0,0,0,0,0,0,0,0,0,0,0,A_NO_PTS
CRD_78690B2E84B943EFA5E1,메가픽시 ex,753263,1000,29,0,0,0,4,1000,1000,5,8000,9,8300,0,0,0,0,A_3M_FB
CRD_FF43D0C9318B45C5AAE4,후파 V,141363,0,0,0,0,0,0,0,0,0,0,0,0,0,0,0,0,A_NO_PTS
CRD_B158EA20CC184AF1B925,메가깜까미&마기라스 GX,104582,19800,18,0,0,0,1,33333,33333,4,85750,6,87850,4,24500,5,24980,A_3M_FB
CRD_0ED50328C342401E80A4,박사의 연구(매그놀리아박사),112825,2000,1,0,0,0,0,0,0,0,0,0,0,0,0,0,0,A_NO_PTS
CRD_26CD880191FC48B2BE27,벨의 진심,186246,1200,44,1,1000,1000,2,1000,1000,2,12775,18,12040,3,3800,6,3050,A_1M_OK
CRD_8297F066BE06430AAD93,오거폰 화덕의 가면 ex,471672,1000,24,0,0,0,1,1000,1000,2,8650,6,7350,0,0,0,0,A_3M_FB
CRD_580818D205C94783B0C1,마쿠와,112528,10000,1,0,0,0,0,0,0,0,0,0,0,0,0,0,0,A_NO_PTS
CRD_E9ED6DA4BDD449AB99F2,나옹 ex,753267,1880,26,6,2050,2000,36,2158,2000,10,16750,19,18000,0,0,0,0,A_1M_OK
CRD_EF1580E2B034449EBA2F,고오스,186428,3500,28,7,4000,4500,21,3499,4500,21,16333,72,14499,5,6000,15,5500,A_1M_OK
CRD_B21ED14E9FF94FF4BBB5,플라이곤 ex,358106,1000,3,0,0,0,0,0,0,0,0,0,0,0,0,0,0,A_NO_PTS
CRD_A69A3C32BD2A4EA590C3,모토마 ex,379008,1500,1,0,0,0,0,0,0,0,0,0,0,0,0,0,0,A_NO_PTS
CRD_64A023A4F1074382A6F7,매시붕 GX,112792,1000,2,1,1000,1000,3,1000,1000,0,0,0,0,0,0,0,0,A_1M_OK
CRD_A8C06BD8284942BA824C,다투곰 붉은 달 ex,227638,2000,2,0,0,0,0,0,0,0,0,0,0,0,0,0,0,A_NO_PTS
CRD_25D1A6018B5A4A0AA38C,마스터드 일격의 태세,126514,1000,1,0,0,0,0,0,0,0,0,0,0,0,0,0,0,A_NO_PTS
CRD_24D79E9DD4E24DDFB538,뮤츠,128099,3500,196,14,4290,4200,62,5130,4200,28,19494,86,21000,6,6347,22,5875,A_1M_OK
CRD_64E058D69CF943F5B6C0,벼리짱,120733,1000,12,0,0,0,0,0,0,5,6700,14,6683,0,0,0,0,PSA_ONLY
CRD_0B5E6A47F7A34237A44A,이올브 VMAX,145059,23000,1,0,0,0,0,0,0,0,0,0,0,0,0,0,0,A_NO_PTS
CRD_B38781B3110941E9A3DA,한카리아스&기라티나 GX,396081,1300,29,0,0,0,2,2890,2480,9,11824,30,12500,0,0,5,4580,A_3M_FB
CRD_AC43601EF1034C02924D,오거폰 주춧돌의 가면 ex,471673,1000,17,0,0,0,2,1000,1000,2,7910,4,7559,0,0,0,0,A_3M_FB
CRD_7518CBB1CFE544CF9DA8,난천의 패기,96573,1500,9,0,0,0,1,2000,2000,1,10500,3,10000,0,0,1,3500,A_3M_FB
CRD_FC1B35E514E5442BBE5C,릴링,318877,1000,6,0,0,0,0,0,0,0,0,6,6825,0,0,0,0,PSA_ONLY
CRD_2D84D1DA75FF4868B015,말리화,105310,5000,16,0,0,0,1,7850,7850,4,14924,14,16894,0,0,2,4980,A_3M_FB
CRD_8ACA05A71DAE447AAE22,후딘 V,145055,2000,1,0,0,0,0,0,0,0,0,0,0,0,0,0,0,A_NO_PTS
CRD_F2744B20C8FD43B5BCDD,대로트 VMAX,113260,9800,1,0,0,0,0,0,0,0,0,0,0,0,0,0,0,A_NO_PTS
CRD_2E7CD2B64DB94542A5DB,조타구,245821,1400,5,0,0,0,0,0,0,1,6500,7,6500,0,0,0,0,PSA_ONLY
CRD_A045FBD15C434CEA9670,리자몽 ex,132211,1000,36,0,0,0,1,1000,1000,1,11999,11,10000,0,0,0,0,A_3M_FB
CRD_54EB8FDFE84741599C5A,딱구리 ex,128107,0,0,1,1499,1499,2,1249,1499,0,0,0,0,0,0,0,0,A_1M_OK
CRD_E9B8CA77A7664CE8B9CF,오거폰 주춧돌의 가면 ex,256071,1000,2,0,0,0,0,0,0,0,0,0,0,0,0,0,0,A_NO_PTS
CRD_B050F893ACF545A0B78C,마리의 오롱털 ex,724997,4000,149,18,4500,3999,65,5540,3999,29,14600,67,17080,3,6500,8,6499,A_1M_OK
CRD_B195304202EC48F1BD65,파쪼옥,140156,1700,4,0,0,0,0,0,0,1,7000,2,7250,0,0,0,0,PSA_ONLY
CRD_5D82D98321EE4B3B8CFB,프테라 V,137045,0,0,0,0,0,0,0,0,0,0,0,0,0,0,0,0,A_NO_PTS
CRD_3AF8CE5102AA47F5A68E,리자몽 ex,132279,32880,147,6,51500,40000,24,53394,40000,31,83433,88,96261,7,42500,13,43000,A_1M_OK
CRD_511F933EEDE74C64AB4A,덩쿠리,128094,1500,11,2,1175,1350,9,1000,1350,6,8000,17,8000,0,0,1,2444,A_1M_OK
CRD_A7C30A2EF2124187ABC4,알로라질뻐기 GX,335015,0,0,0,0,0,0,0,0,0,0,0,0,0,0,0,0,A_NO_PTS
CRD_A0A34021C9D745B4A3EF,강석,151708,10000,1,0,0,0,0,0,0,0,0,0,0,0,0,0,0,A_NO_PTS
CRD_394098D4C4FC4DF5BD67,무청,100578,2000,12,0,0,0,0,0,0,0,0,3,7739,0,0,1,2300,PSA_ONLY
CRD_BAD5922B3CEB416F8E04,질뻐기&알로라질뻐기 GX,393042,1000,3,0,0,0,0,0,0,1,9500,2,10750,0,0,0,0,PSA_ONLY
CRD_0236FAB9C7144005ABC7,라임,132277,1000,6,0,0,0,0,0,0,0,0,0,0,0,0,0,0,A_NO_PTS
CRD_C3B57125A65740B3ADB8,두송,126525,1400,3,0,0,0,0,0,0,0,0,0,0,0,0,0,0,A_NO_PTS
CRD_331B23CD1B3542C09584,피카츄&제크로무 GX,129023,17000,41,1,30000,30000,9,29999,30000,5,111125,26,113500,2,34575,9,28075,A_1M_OK
CRD_44DEAF40BD594140A6C6,치라치노 ex,774218,1000,8,0,0,0,0,0,0,0,0,0,0,0,0,0,0,A_NO_PTS
CRD_7E2810AFF88645B98963,이상해꽃 EX,91466,98000,13,0,0,0,0,0,0,1,200000,10,246500,1,135000,2,131500,PSA_ONLY
CRD_FD9857DC05B1489C8909,모래성이당 ex,405369,1000,2,0,0,0,0,0,0,0,0,0,0,0,0,0,0,A_NO_PTS
CRD_ADFC6A38AABB4ACE85F4,롤러스케이터,104575,4000,19,0,0,0,1,4000,4000,0,0,7,10499,0,0,0,0,A_3M_FB
CRD_61F147DE16A4427C9E3B,백마 버드렉스 VMAX,96728,15000,1,0,0,0,0,0,0,0,0,0,0,0,0,0,0,A_NO_PTS
CRD_413FE230DC42456DB302,윈디 ex,107358,1000,11,0,0,0,0,0,0,0,0,0,0,0,0,0,0,A_NO_PTS
CRD_3430850B62B446C68A45A9CFE3741141,메가지가르데 EX,753276,21999,99,7,29800,29000,46,39000,29000,29,68485,74,87249,7,22250,21,32000,A_1M_OK
CRD_C0757BA5FDB846169FFD,뽀삐,132283,1500,25,1,1980,1980,2,1690,1980,0,0,4,8049,0,0,2,2400,A_1M_OK
CRD_2BE2AAD4366A40AAB96E,아르세우스 V,96572,1680,2,0,0,0,0,0,0,0,0,1,11800,0,0,0,0,PSA_ONLY
CRD_D2F3D6C50BA14B39ADBA,번치코 GX,334423,22000,2,1,5999,5999,1,5999,5999,0,0,0,0,0,0,0,0,A_1M_OK
CRD_EB7BA018582548A78372,페로코체&매시붕 GX,104630,7200,7,0,0,0,1,13000,13000,2,46000,10,42000,0,0,1,8000,A_3M_FB
CRD_9BC07E8750E34D2EA7E4,암호마니아의 해독,186245,2200,3,0,0,0,0,0,0,1,8600,4,8175,1,3000,1,3000,PSA_ONLY
CRD_68ACF9F3119E4D75BABA,메가루차불 ex,730138,1000,38,0,0,0,0,0,0,0,0,0,0,0,0,0,0,A_NO_PTS
CRD_168A21AE1367433791FA,에브이&테오키스 GX,91271,36800,23,0,0,0,1,55000,55000,6,98875,25,103142,1,42222,8,40750,A_3M_FB
CRD_DE454A6B91944E2B8AD3,로켓단의 공작,91483,77777,4,0,0,0,0,0,0,1,119000,4,71500,0,0,1,34999,PSA_ONLY
CRD_3D1823A431694121B9F4,멜메탈 V,137096,0,0,0,0,0,0,0,0,0,0,0,0,0,0,0,0,A_NO_PTS
CRD_20890E3348E540539C0B,파비코리 ex,146997,10500,22,2,9999,9999,6,10000,9999,9,19800,34,19112,1,7800,3,8000,A_1M_OK
CRD_297BD701806B4583B02D,헬가,282193,1000,15,0,0,0,1,1000,1000,3,7970,10,6989,0,0,1,3500,A_3M_FB
CRD_D05CD67F8E8E4364A643,가라르 썬더,103798,1000,10,1,1000,1000,1,1000,1000,4,7650,12,7000,0,0,0,0,A_1M_OK
CRD_2642CE7CAA28482ABC0C,핫삼,132261,1000,25,1,1000,1000,1,1000,1000,3,7199,12,7099,0,0,1,1999,A_1M_OK
CRD_FCAF9FB4219D4D4DB1A0,메가앱솔 ex,646402,1000,13,0,0,0,0,0,0,0,0,0,0,0,0,0,0,A_NO_PTS
CRD_4433E81381664E14ADED,로켓단의 헬가,568315,1000,31,0,0,0,3,1200,1200,17,7049,54,6999,0,0,1,3000,A_3M_FB
CRD_FE67CA965F3142E49547,팔데아 토오 ex,160150,1000,8,0,0,0,1,1000,1000,0,0,0,0,0,0,0,0,A_3M_FB
CRD_0E1312500C6C4F61A04D,구즈마,112770,6000,6,0,0,0,0,0,0,0,0,1,10249,0,0,0,0,PSA_ONLY
CRD_B165190D31814511A5A8,마샤도,664098,1000,114,0,0,0,0,0,0,23,7350,69,7380,4,2900,11,2700,PSA_ONLY
CRD_9EC2FDEB07C043AC8403,브리가론 BREAK,389992,15000,1,0,0,0,0,0,0,0,0,0,0,0,0,0,0,A_NO_PTS
CRD_4F6B88682F194C539477,메가입치트 ex,663633,1000,14,0,0,0,1,1000,1000,6,7075,10,6999,0,0,1,2300,A_3M_FB
CRD_D3BC0E4C755C49AD83CC,자시안 V,105255,1500,20,4,2016,1400,11,1899,1400,15,11000,35,10470,0,0,2,3166,A_1M_OK
CRD_423AFEA04A844D929CFC,불놀이꾼,704398,1000,10,0,0,0,0,0,0,0,0,0,0,0,0,0,0,A_NO_PTS
CRD_053F45EBABE44DD09C9B,잉어킹,116069,20000,161,19,26000,24800,59,24400,24800,32,54562,90,44832,9,22000,25,22000,A_1M_OK
CRD_F27C7CA2257D49FAA563,주리,608532,1000,6,1,1000,1000,1,1000,1000,0,0,5,7450,0,0,1,3000,A_1M_OK
CRD_5C43B57F41454A238C06,르마탱,100068,5900,14,0,0,0,0,0,0,4,11999,12,11999,0,0,1,2500,PSA_ONLY
CRD_9C50C950B3E54E4C91E3,칸델라,126542,3000,1,0,0,0,0,0,0,0,0,0,0,0,0,0,0,A_NO_PTS
CRD_DD544B72133A4A17A1BB,멜론,96677,2500,13,1,1500,1500,1,1500,1500,2,7900,7,7890,0,0,0,0,A_1M_OK
CRD_4C0F71EF7CD14B5DAC80,떨구새 ex,136221,1000,7,0,0,0,0,0,0,0,0,0,0,0,0,0,0,A_NO_PTS
CRD_9CD8CCBE97D740E59C9B,카나리,730966,3700,155,22,3825,4200,74,4500,4200,29,17400,66,23236,13,3980,36,4800,A_1M_OK
CRD_AF5EB7BCF32F4A63B0D5,마스터드 연격의 태세,144126,0,0,0,0,0,0,0,0,0,0,0,0,0,0,0,0,A_NO_PTS
CRD_58E466F3E3064DF98E83,다태우지네 V,144771,8000,1,0,0,0,0,0,0,0,0,0,0,0,0,0,0,A_NO_PTS
CRD_A71CDBCAB7AB42309937,레지에레키 V,100558,1000,1,0,0,0,0,0,0,0,0,0,0,0,0,0,0,A_NO_PTS
CRD_088D2EC7F19046DCB5F5,모크나이퍼 ex,752393,1000,9,0,0,0,0,0,0,0,0,0,0,0,0,0,0,A_NO_PTS
CRD_8ACEB76FEF1F4466B0B9,가비루사,146987,2300,9,0,0,0,0,0,0,3,7000,7,6600,0,0,0,0,PSA_ONLY
CRD_D7410D338CA64CF1BEC4,모토마,139883,1000,5,0,0,0,0,0,0,2,7449,3,7000,0,0,0,0,PSA_ONLY
CRD_AC9AF80490804185A362,키아웨,105496,5000,1,0,0,0,0,0,0,0,0,0,0,0,0,0,0,A_NO_PTS
CRD_17AEC6F70C054074BFD4,카디나르마,110785,1000,2,0,0,0,2,1000,1000,1,6650,8,7000,0,0,0,0,A_3M_FB
CRD_8BC8EED9E7524E698C95,샹델라,126689,1100,7,1,1233,1233,2,1116,1233,5,7200,10,7000,0,0,0,0,A_1M_OK
CRD_6EA72CB24D6C419B8BC1,두송,102303,19000,2,0,0,0,0,0,0,0,0,0,0,0,0,0,0,A_NO_PTS
CRD_D1410E1858CE4B84814D,카푸꼬꼬꼭 GX,389298,0,0,0,0,0,0,0,0,0,0,0,0,0,0,0,0,A_NO_PTS
CRD_09516DD8E2C14A009B0E,대로트&야느와르몽 GX,396156,4980,1,0,0,0,0,0,0,1,11900,0,0,0,0,0,0,PSA_ONLY
CRD_45DCE5D7B81948979409,메가무장조 ex,752435,1000,18,0,0,0,0,0,0,0,0,0,0,0,0,0,0,A_NO_PTS
CRD_E7E9F14138BB48D8A18A,마나피,103087,1000,20,2,1050,1000,2,1050,1000,5,7200,19,7000,1,2800,2,2649,A_1M_OK
CRD_8D845061A06143988494,피카츄 ex,730089,1000,201,8,1500,3400,41,2166,3400,16,12250,44,13633,0,0,2,5650,A_1M_OK
CRD_31985982AAFB4AECA49A,레쿠쟈 VMAX,96630,29800,53,3,66666,60000,13,49800,60000,19,145642,45,139999,0,0,2,45355,A_1M_OK
CRD_275591C4CE6A45D2A1B4,메가이어롭 ex,704405,1000,55,4,1200,1200,11,1199,1200,10,7485,37,7800,0,0,3,2700,A_1M_OK
CRD_6CE96DE4AE2A4103BE43,펌킨인 ex,774188,1000,8,0,0,0,0,0,0,0,0,0,0,0,0,0,0,A_NO_PTS
CRD_D57DF737284449919BC3,메가이어롭&푸린 GX,339658,1000,6,1,2600,2600,1,2600,2600,2,9790,15,8449,0,0,1,5000,A_1M_OK
CRD_2D3BEACE738C403A95FC,달코퀸 V,141308,0,0,0,0,0,0,0,0,0,0,0,0,0,0,0,0,A_NO_PTS
CRD_2C4C0A40740543B09035,돌핀맨,162092,1400,3,0,0,0,1,1000,1000,2,7100,5,7000,1,2580,1,2580,A_3M_FB
CRD_DE1AC8F1848D4F84A6C9,고릴타 V,144768,0,0,0,0,0,0,0,0,0,0,0,0,0,0,0,0,A_NO_PTS
CRD_71B943080D4E4023A1B4,피카츄 ex,418755,17980,154,6,30000,30000,25,29500,30000,21,58266,72,62356,0,0,1,28000,A_1M_OK
CRD_A81F66DC2106497F8D12,육파리,146994,1000,5,0,0,0,0,0,0,0,0,2,5999,0,0,1,2222,PSA_ONLY
CRD_3E28C08144174CFC8121,수풀부기,186424,2000,4,0,0,0,0,0,0,1,6600,2,6949,1,2980,1,2980,PSA_ONLY
CRD_96F2AF373AC24B51B62E,아킬,126531,1450,2,0,0,0,0,0,0,0,0,0,0,0,0,0,0,A_NO_PTS
CRD_0FFEF15EE9E045CABE6F,연격 우라오스 VMAX,91188,65000,30,0,0,0,0,0,0,10,99000,25,102999,0,0,3,69000,PSA_ONLY
CRD_4A276329B7FE4B2B876E,러브로스,227627,1000,7,0,0,0,0,0,0,0,0,7,6700,1,2800,1,2800,PSA_ONLY
CRD_62C8546C52084CE08D66,애버라스,132259,1000,10,0,0,0,0,0,0,2,7416,9,7100,0,0,0,0,PSA_ONLY
CRD_1095F9AF338D45BD8BCC,인텔리레온 V,145457,0,0,0,0,0,0,0,0,0,0,0,0,0,0,0,0,A_NO_PTS
CRD_96D90414AA724083A05A,테사,132282,1000,14,2,2060,1120,3,1120,1120,1,9999,7,7099,0,0,0,0,A_1M_OK
CRD_94CA0CBDE6B040D88062,일격 우라오스 V,98654,16500,2,0,0,0,1,5500,5500,2,13900,5,12999,0,0,0,0,A_3M_FB
CRD_0FC31AECDE1C40D58A1B,사나,113262,2800,5,0,0,0,0,0,0,1,9800,5,11500,0,0,0,0,PSA_ONLY
CRD_E62F06A94BBF4102A34B,카나리,731020,1200,111,10,1300,1950,48,1480,1950,20,11000,54,12465,8,3450,19,2933,A_1M_OK
CRD_9FDDA5BA3EEF4352A0ED,메타그로스 V,141937,0,0,0,0,0,0,0,0,0,0,0,0,1,3333,1,3333,PSA_ONLY
CRD_A6CB88032E43434B998F,메가플라엣테 ex,776350,1000,24,0,0,0,0,0,0,0,0,0,0,0,0,0,0,A_NO_PTS
CRD_DFC0FCC5B8EB4F1FB812,히스이 블레이범 V,139647,0,0,0,0,0,0,0,0,0,0,0,0,0,0,0,0,A_NO_PTS
CRD_9445125D59134FE4BE11,메가캥카 ex,659287,1000,13,0,0,0,0,0,0,0,0,0,0,0,0,0,0,A_NO_PTS
CRD_7073512FE78844239956,다투곰 붉은 달 ex,204149,2999,5,2,3590,2980,2,3590,2980,1,10000,10,9500,0,0,0,0,A_1M_OK
CRD_C64D32F3DC3143B1A26C,페퍼의 요씽리스,531301,1000,25,0,0,0,0,0,0,2,7250,5,7500,0,0,0,0,PSA_ONLY
CRD_2E14D4A8D7AB4CCB95D2,아보크 ex,128103,1000,3,1,1500,1500,4,1499,1500,2,12000,2,12000,0,0,0,0,A_1M_OK
CRD_5D76FEADA66646C89642,모래털가죽 ex,152785,1000,3,0,0,0,0,0,0,0,0,0,0,0,0,0,0,A_NO_PTS
CRD_8CE5392E17154AFFBE9B,체육관 트레이너,126508,1800,2,0,0,0,0,0,0,0,0,4,6500,1,3300,2,2400,PSA_ONLY
CRD_BC23459C3A854031B8A0,메가망나뇽 ex,730964,24500,309,31,33536,30411,92,37999,30411,32,64558,93,79416,18,30495,33,33000,A_1M_OK
CRD_C4A0597992A94A558267,글레이시아 V,91173,17000,43,1,19000,19000,8,19250,19000,22,36700,67,37800,4,16500,8,17200,A_1M_OK
CRD_70F0C4F7265945BF97DE,리자몽 ex,151730,1000,24,0,0,0,2,1000,1000,2,11480,11,8766,0,0,0,0,A_3M_FB
CRD_1F4206DD2E3D45EBAC43,님피아 GX,93099,29800,30,0,0,0,1,29500,29500,16,85250,40,85500,2,28399,8,27400,A_3M_FB
CRD_F9A6F62671CB4AE1ADA9,매시붕 GX,112757,6000,1,0,0,0,0,0,0,0,0,0,0,0,0,0,0,A_NO_PTS
CRD_6963C4D7FD56481C9E05,동탁군 BREAK,106716,0,0,0,0,0,0,0,0,0,0,1,27700,0,0,0,0,PSA_ONLY
CRD_1A85603204124465ACAD,두드리짱 ex,120741,1000,6,0,0,0,0,0,0,0,0,0,0,0,0,0,0,A_NO_PTS
CRD_6F2AFDBF9FDB47CB93E4,인텔리레온 V,145508,0,0,0,0,0,0,0,0,0,0,0,0,0,0,0,0,A_NO_PTS
CRD_05147F0295684127A3F6,액슨도,282238,1000,9,0,0,0,0,0,0,2,6400,5,6700,0,0,0,0,PSA_ONLY
CRD_0060AA44D0824398AB42,추명,471668,1000,1,0,0,0,0,0,0,0,0,0,0,0,0,0,0,A_NO_PTS
CRD_90329AC34F174397A90E,백솜모카 V,144770,0,0,0,0,0,0,0,0,0,0,0,0,0,0,1,2640,PSA_ONLY
CRD_AF3062D3422A407D9A65,블래키 V,91176,54000,114,2,58500,52000,11,65000,52000,27,99633,85,105634,6,50199,11,49400,A_1M_OK
CRD_BFFE0E9B11644655B42B,무쇠암석 ex,180203,1680,2,1,3800,3800,2,2840,3800,4,8290,12,7900,0,0,0,0,A_1M_OK
CRD_B04BCC71D4004F4F96FC,마기라스 ex,132177,1000,12,0,0,0,0,0,0,0,0,0,0,0,0,0,0,A_NO_PTS
CRD_357701E9E661484B8261,킹드라 GX,391687,0,0,0,0,0,0,0,0,0,0,0,0,0,0,0,0,A_NO_PTS
CRD_C7C3982EEEB34C529318,킹드라 EX,106712,36000,5,0,0,0,0,0,0,0,0,1,68000,0,0,1,30000,PSA_ONLY
CRD_B27CE1319A204E919650,암스타 V,100545,1000,1,0,0,0,0,0,0,0,0,0,0,0,0,0,0,A_NO_PTS
CRD_50757DF212C2435ABE50,동미러,186425,1000,6,1,1000,1000,1,1000,1000,1,6800,4,6750,0,0,0,0,A_1M_OK
CRD_8D791334E4F64483A551,토대부기 ex,186430,1000,3,0,0,0,0,0,0,1,6800,3,6800,0,0,0,0,PSA_ONLY
CRD_B64FC43EC8F44F108672,기선,100569,1000,3,0,0,0,0,0,0,0,0,0,0,0,0,0,0,A_NO_PTS
CRD_31587FB56FBD49B593F1,피오네,204148,1000,11,0,0,0,0,0,0,2,6691,8,6683,0,0,0,0,PSA_ONLY
CRD_1383604BEB0C4B209BFE,원규,96591,2000,6,0,0,0,0,0,0,2,8000,2,8000,0,0,0,0,PSA_ONLY
CRD_66F3A5A65EF7499288F2,바랜드 V,144218,1500,2,0,0,0,0,0,0,0,0,0,0,0,0,0,0,A_NO_PTS
CRD_4FD05F42130846719AF7,이상해꽃 ex,128116,21000,73,5,28000,25000,27,25000,25000,15,39800,67,41000,3,21900,13,21000,A_1M_OK
CRD_F72303775E8749409E5B,차데스,227624,7800,3,1,1100,1100,1,1100,1100,2,6733,10,6500,0,0,0,0,A_1M_OK
CRD_2E5F9227724846BE8970,라티오스 GX,321545,1000,15,0,0,0,0,0,0,2,15225,4,14245,0,0,0,0,PSA_ONLY
CRD_6879A3B2FF474EFAABAA,위대한엄니 ex,160149,1000,6,0,0,0,0,0,0,1,7500,1,7500,0,0,0,0,PSA_ONLY
CRD_5D478653E46E4634B4E2,우리,91153,6800,122,2,7500,7500,6,7500,7500,19,19500,69,20500,0,0,7,7000,A_1M_OK
CRD_65B86BDD091845B6B9B3,루나아라 GX,106179,7480,3,0,0,0,0,0,0,0,0,1,30000,0,0,0,0,PSA_ONLY
CRD_9BD2F6B2BD1342FB9A4D,비트,145583,16999,2,0,0,0,0,0,0,0,0,0,0,0,0,0,0,A_NO_PTS
CRD_2673A337A01243339EC5,악식킹 GX,112795,2500,2,0,0,0,0,0,0,0,0,0,0,0,0,0,0,A_NO_PTS
CRD_9003FD3BCBE34D03B083,메가깜까미&마기라스 GX,321605,5980,3,0,0,0,0,0,0,3,19400,7,19400,0,0,0,0,PSA_ONLY
CRD_287F04A23D8D4624B994,마스,91320,5000,8,0,0,0,1,11000,11000,0,0,6,16900,0,0,0,0,A_3M_FB
CRD_0212FE92DB3D42B3980A,눈여아,246175,1000,2,0,0,0,0,0,0,3,6660,10,6663,0,0,0,0,PSA_ONLY
CRD_72EA7027E1B24D65A9C8,일격 우라오스 V,144216,0,0,0,0,0,0,0,0,0,0,0,0,0,0,0,0,A_NO_PTS
CRD_23BFAC1CC99540DEB9B9,샤미드 ex,434886,1000,16,0,0,0,1,1000,1000,0,0,5,6900,0,0,1,2980,A_3M_FB
CRD_CBC210FA642F420A9902,금경,126536,1000,3,0,0,0,0,0,0,0,0,0,0,0,0,0,0,A_NO_PTS
CRD_567E3EA66DF544DA9814,수련의 돌봄,225734,4500,23,0,0,0,4,4550,4200,4,16200,26,14471,0,0,5,5000,A_3M_FB
CRD_27BABDECB2404E3D873F,리자몽 V,96570,4100,35,1,9000,9000,11,8000,9000,5,21999,27,23999,0,0,1,8000,A_1M_OK
CRD_830603D507F941958180,아르세우스 VSTAR,96571,3300,14,1,2300,2300,1,2300,2300,3,18900,5,17800,0,0,0,0,A_1M_OK
CRD_5A8FC382CCE44FCEBEB2,아기씨,93374,2500,100,1,2399,2399,4,2549,2399,16,13323,45,12199,1,4000,1,4000,A_1M_OK
CRD_4A29C46B117240F8943D,돌살이,608505,0,0,1,1000,1000,1,1000,1000,0,0,1,10000,0,0,0,0,A_1M_OK
CRD_8C29A0179FEA494EACAF,파비코리 ex,146991,1000,3,0,0,0,0,0,0,0,0,0,0,0,0,0,0,A_NO_PTS
CRD_AF8736ECE64947D5A57B,고릴타,102325,20000,1,0,0,0,0,0,0,0,0,0,0,0,0,0,0,A_NO_PTS
CRD_32611C07C96441F59DCF,리피아 GX,105398,6500,6,0,0,0,0,0,0,0,0,1,29000,0,0,1,6000,PSA_ONLY
CRD_9376986A02A049DCA6C8,노보청 V,137121,0,0,0,0,0,0,0,0,0,0,0,0,0,0,0,0,A_NO_PTS
CRD_4B3B7C90C55443A7B6F2,레지드래고 V,100565,2300,7,0,0,0,2,2400,3300,0,0,8,9700,1,3000,2,2750,A_3M_FB
CRD_7F12AC1D6A604C8CB546,트래피더 ex,110735,1000,5,0,0,0,0,0,0,0,0,0,0,0,0,0,0,A_NO_PTS
CRD_18CD5427946D4525B172,한카리아스 ex,140159,2499,11,1,2700,2700,2,2849,2700,4,14650,15,14000,0,0,0,0,A_1M_OK
CRD_F4376F40A1924C9FADCC,샤미드 V,96622,2500,10,0,0,0,2,3000,3000,6,11000,13,11000,0,0,3,3000,A_3M_FB
CRD_8157AABF97274614824E,모란,164255,1500,39,0,0,0,5,3716,3500,3,19643,30,18649,1,5200,5,4500,A_3M_FB
CRD_918A096A622440B6B1CE,파이어&썬더&프리져 GX,104606,12000,28,0,0,0,2,15000,12000,2,58777,11,64000,5,11000,6,11500,A_3M_FB
CRD_CDD3B1A97A91417B9277,일격 우라오스 VMAX,99572,0,0,0,0,0,0,0,0,0,0,0,0,0,0,0,0,A_NO_PTS
CRD_447AD11B1C504AC4B5F7,보르그,608592,1000,2,0,0,0,0,0,0,0,0,0,0,0,0,1,2444,PSA_ONLY
CRD_0B84E98684704E7CBB0F,헤라크로스,120729,1000,15,0,0,0,0,0,0,2,7150,6,6900,0,0,0,0,PSA_ONLY
CRD_41167277B8FA42F693CA,카틀레야,96644,2999,16,0,0,0,1,2240,2240,3,8275,5,8888,1,3000,1,3000,A_3M_FB
CRD_71205B71BAD34A2C85BD,유카리,753271,1000,18,3,1000,1000,4,1000,1000,0,0,0,0,0,0,0,0,A_1M_OK
CRD_97AD638649C74896B30E,불화살빈,120730,1000,12,0,0,0,0,0,0,1,6308,6,6749,0,0,0,0,PSA_ONLY
CRD_E2324AA3478B4F09A915,위유이 ex,117189,1000,5,0,0,0,0,0,0,0,0,1,6999,0,0,0,0,PSA_ONLY
CRD_8130AF03F0B74BF88F4B,제크로무 ex,607933,1000,29,0,0,0,4,1437,1500,6,10850,18,10971,0,0,0,0,A_3M_FB
CRD_D6EF48BBB6494035A432,M전룡 EX,385413,5000,5,0,0,0,0,0,0,2,12400,3,12800,1,8000,1,8000,PSA_ONLY
CRD_27F3781C418A41E795E5,규리,91300,9999,47,1,10000,10000,2,10500,10000,6,26574,23,29800,0,0,1,11500,A_1M_OK
CRD_C12CF65370894C5581E4,스컹탱크 V,100562,0,0,0,0,0,0,0,0,0,0,0,0,0,0,0,0,A_NO_PTS
CRD_BC01567C0D53407F9CA0,부르롱,132262,1000,10,0,0,0,0,0,0,3,6700,5,6949,0,0,1,1999,PSA_ONLY
CRD_C5A95DC5404443948CF9,후파 V [퓨전],105557,1000,37,0,0,0,3,1100,1100,5,8000,15,8500,1,3000,2,3000,A_3M_FB
CRD_83435CF0B3494DECB0E7,리자몽 ex,128101,3900,102,4,7400,6900,36,8819,6900,24,26499,74,27181,1,9980,8,7190,A_1M_OK
CRD_3E5403B79A2643CBAD3A,토네로스 V,96711,13500,5,2,5670,6340,2,5670,6340,1,13500,6,12832,0,0,1,4500,A_1M_OK
CRD_97880F5EB9DE47029F78,갑주무사 ex,146981,1000,1,0,0,0,0,0,0,0,0,0,0,0,0,0,0,A_NO_PTS
CRD_52F916AFA8B244C5ACDA,채두,91195,10800,15,0,0,0,1,2999,2999,4,11000,19,9800,0,0,0,0,A_3M_FB
CRD_B55D3E9651694E04BBB9,스트린더 [퓨전],105542,1000,15,0,0,0,0,0,0,3,6900,5,7000,0,0,2,2456,PSA_ONLY
CRD_8C2B39D4C7FE4D139F06,입치트 V,288658,0,0,0,0,0,0,0,0,0,0,0,0,0,0,0,0,A_NO_PTS
CRD_354A9964DECF45BEBE57,악뜨거,116068,1000,12,1,1000,1000,1,1000,1000,3,6700,10,6971,0,0,0,0,A_1M_OK
CRD_3575DCCD78834B1E8D87,실버디 GX,104565,2500,20,0,0,0,2,4400,5800,0,0,10,9600,0,0,0,0,A_3M_FB
CRD_A73E9FF2F0254E999421,페라페,186429,1000,4,0,0,0,0,0,0,2,6728,5,6800,1,2500,1,2500,PSA_ONLY
CRD_238DFF5330E44802A6A3,푸크린 ex,160952,1000,8,0,0,0,0,0,0,0,0,0,0,0,0,0,0,A_NO_PTS
CRD_B075334FB615451B877A,눈꼬마,137231,1000,6,0,0,0,0,0,0,2,6550,3,6200,0,0,1,2000,PSA_ONLY
CRD_112139C75D774E75BDDA,킬라플로르 ex,164704,1000,9,0,0,0,0,0,0,0,0,0,0,0,0,0,0,A_NO_PTS
CRD_B8BA3C24BCBE499B8B39,개굴반장,776340,1000,80,3,1000,3200,32,1000,3200,4,16250,5,16500,0,0,0,0,A_1M_OK
CRD_DBCCC554027A4F239EE1,눈여아 ex,140299,1000,2,0,0,0,0,0,0,0,0,0,0,0,0,0,0,A_NO_PTS
CRD_413FD0336AAA480DAA38,루카리오&멜메탈 GX,104629,26000,14,1,34000,34000,1,34000,34000,4,69900,17,69800,0,0,1,33333,A_1M_OK
CRD_27A8BA338F90422EA5E0,금경,139725,2000,2,0,0,0,0,0,0,0,0,0,0,0,0,0,0,A_NO_PTS
CRD_186B68241588428C9410,꼭두,104687,8000,44,2,12055,13000,2,12055,13000,5,38333,18,38216,0,0,1,12000,A_1M_OK
CRD_656BC340421641E5A050,독수의 함정,393239,0,0,0,0,0,0,0,0,0,0,0,0,0,0,0,0,A_NO_PTS
CRD_89F870261BCE4E9C87D5,릴리에의 결심,663637,21888,365,22,30249,29000,73,35500,29000,31,78596,90,88137,29,25800,82,31622,A_1M_OK
CRD_06B5F77BEF2A4FCE9B9B,화강돌,663632,1000,26,0,0,0,0,0,0,16,6750,42,6599,0,0,1,2444,PSA_ONLY
CRD_5CA455DEF57B449E9681,아이리스의 투지,730965,1650,99,13,2500,2400,50,2841,2400,18,15679,46,17000,13,3400,18,3650,A_1M_OK
CRD_77BB414B737A48BA9F33,히스이 모크나이퍼 VSTAR,139723,1800,1,0,0,0,0,0,0,0,0,0,0,0,0,0,0,A_NO_PTS
CRD_0FD962247951488C809E,게노세크트 ex,608396,3200,14,0,0,0,2,2150,2300,3,8833,16,7850,0,0,0,0,A_3M_FB
CRD_726F592D695C48E8837F,아고용&악식킹 GX,339651,7500,2,0,0,0,0,0,0,1,9800,6,7800,0,0,0,0,PSA_ONLY
CRD_9C72C2A7A6AE408EADCE,메가루카리오 ex,730136,1000,34,0,0,0,0,0,0,0,0,0,0,0,0,0,0,A_NO_PTS
CRD_6912AF9C0880455DB48F,앤티골,608544,2700,5,0,0,0,0,0,0,0,0,0,0,0,0,0,0,A_NO_PTS
CRD_E884C26E081A41749A2E,볼케니온 ex,497637,1000,6,0,0,0,0,0,0,0,0,0,0,0,0,0,0,A_NO_PTS
CRD_D8668F914B2643658274,주즈베&담죽맨,127028,3500,6,1,14500,14500,1,14500,14500,0,0,1,14500,0,0,0,0,A_1M_OK
CRD_F095D8262EE24A9E89F5,핫삼 GX,391774,0,0,0,0,0,0,0,0,0,0,0,0,0,0,0,0,A_NO_PTS
CRD_550D287466E74BD49C99,드래펄트 VMAX,145434,2980,1,0,0,0,0,0,0,0,0,0,0,0,0,0,0,A_NO_PTS
CRD_3099C7E0FF07461FA926,메가저리더프 ex,724991,1000,18,0,0,0,0,0,0,0,0,0,0,0,0,0,0,A_NO_PTS
CRD_85AC11A9F5FE4EBEB8E6,굽이치는물결 ex,427220,1000,1,0,0,0,0,0,0,0,0,0,0,0,0,0,0,A_NO_PTS
CRD_D827A662E6E744C3B693,무우마,730941,1000,55,2,1000,1000,2,1000,1000,13,6800,29,6800,4,2472,7,2444,A_1M_OK
CRD_04E476A38A5347C9B184,과미드라,538766,1000,7,0,0,0,0,0,0,3,6700,6,6600,0,0,0,0,PSA_ONLY
CRD_3BF8865058D243DC9DBF,플라이곤 GX,339683,17800,3,0,0,0,0,0,0,0,0,0,0,0,0,0,0,A_NO_PTS
CRD_808A9BA456B1456EA2A4,M후딘 EX,389654,0,0,0,0,0,0,0,0,0,0,0,0,0,0,0,0,A_NO_PTS
CRD_4A62A7429FAD4BDA9715,두송,126510,2000,3,0,0,0,0,0,0,0,0,0,0,0,0,0,0,A_NO_PTS
CRD_FBBDC7D73A6A4AF1BDC3,스파크,122008,1200,2,0,0,0,0,0,0,0,0,0,0,0,0,0,0,A_NO_PTS
CRD_7F48960BD5604694BAD3,메가이어롭&푸린 GX,339685,5000,5,0,0,0,0,0,0,2,11900,7,11000,1,4000,1,4000,PSA_ONLY
CRD_0EDD68B570E1472FB48A,키키링 ex,186450,1300,3,0,0,0,0,0,0,1,7500,2,5250,0,0,0,0,PSA_ONLY
CRD_853F91A8D5AF441492F4,리자몽 ex,128117,44000,142,7,79000,78000,39,85500,78000,30,124796,86,141449,6,62000,24,70000,A_1M_OK
CRD_8E7896DA379A4FA4AFD1,달코퀸 ex,148938,1000,2,0,0,0,0,0,0,0,0,0,0,0,0,0,0,A_NO_PTS
CRD_D2329A80F560434D96B2,토게키스,731016,1000,41,1,1000,1000,1,1000,1000,3,7133,8,7033,1,3000,7,2200,A_1M_OK
CRD_F1FD80B31AEA4EBCB6A4,카지,255642,3300,18,0,0,0,2,4240,3980,1,26999,4,25162,0,0,2,3230,A_3M_FB
CRD_702857AB918C4E93B38D,야콘,396159,0,0,0,0,0,0,0,0,0,0,0,0,0,0,0,0,A_NO_PTS
CRD_EA938DF4CE38460F89C6,메가눈설왕 ex,664119,1000,17,0,0,0,1,1000,1000,1,7111,2,7099,0,0,0,0,A_3M_FB
CRD_7D71C6E50BC848FDB19A,버프론 ex,607940,2300,3,0,0,0,3,1111,1300,2,7250,5,7000,0,0,0,0,A_3M_FB
CRD_7A000CCE7DCA4B44B198,포푸니라,126672,3000,5,0,0,0,0,0,0,1,7980,2,7878,0,0,0,0,PSA_ONLY
CRD_9B7BDD57CE984638AD11,다크라이 VSTAR,105543,4800,169,13,7500,7499,62,7965,7499,29,23400,90,28079,5,9800,22,8000,A_1M_OK
CRD_53601313F5F840D7BE86,네모,164252,1500,18,0,0,0,4,1500,1500,1,10940,8,8195,1,4000,2,3500,A_3M_FB
CRD_9AE512CAAE3C435392CB,어니언,145141,0,0,0,0,0,0,0,0,0,0,0,0,0,0,0,0,A_NO_PTS
CRD_1E02FB124E934CF8AE0F,꼬지보리,608546,0,0,0,0,0,1,1500,1500,1,7000,2,6999,0,0,0,0,A_3M_FB
CRD_5836A136DD3E47DB8AE1,치라치노 ex,776368,4100,53,20,4500,4100,71,4791,4100,3,31900,11,35800,0,0,0,0,A_1M_OK
CRD_A95A3BB894E045F2AE02,가디안&님피아 GX,393213,4500,23,0,0,0,7,4500,4700,9,16100,36,15800,2,6025,6,5533,A_3M_FB
CRD_1F4026B2669C4D38ABC8,프테라 GX,321604,19999,1,0,0,0,0,0,0,2,9150,2,9150,0,0,0,0,PSA_ONLY
CRD_4659714945CF4C9F82C5,루티아의 어필,379013,3800,59,3,4800,3500,15,4500,3500,13,19018,43,21500,4,3750,19,3700,A_1M_OK
CRD_642D216663B14FD592ED,로켓단의 니드킹 ex,564926,1000,5,0,0,0,0,0,0,0,0,0,0,0,0,0,0,A_NO_PTS
CRD_B48D14CE62334F79A190,자크로,105539,1000,7,0,0,0,0,0,0,0,0,0,0,0,0,0,0,A_NO_PTS
CRD_2F43F0F33B364E59B1AA,로사와 로이,104603,23000,53,2,25000,25000,4,30000,25000,13,78818,43,80000,2,28900,9,27250,A_1M_OK
CRD_88DE7FECFA5641C4971D,메타그로스 VMAX,141939,4000,2,0,0,0,1,3500,3500,0,0,0,0,0,0,0,0,A_3M_FB
CRD_22C99839A70742369E3E,일목,104551,3500,3,0,0,0,0,0,0,0,0,0,0,0,0,0,0,A_NO_PTS
CRD_A2BF0189A7944E14A265,밀로틱 V,145427,1500,1,0,0,0,0,0,0,0,0,0,0,0,0,0,0,A_NO_PTS
CRD_2E88C364F7394ACBB0AB,마리,91190,12500,204,4,18000,16500,16,17250,16500,22,30791,74,30983,2,13000,18,14124,A_1M_OK
CRD_1E2EB300CA564DADA074,마휘핑 V,102274,0,0,0,0,0,0,0,0,0,0,0,0,0,0,0,0,A_NO_PTS
CRD_640E8984CA144951984C,에테르재단 직원,112769,2500,14,2,2500,2500,4,2400,2500,0,0,6,11199,0,0,0,0,A_1M_OK
CRD_BC1C11E90BDF4F289E1A,스트린더,704382,1000,42,0,0,0,0,0,0,16,6800,29,6799,0,0,3,2444,PSA_ONLY
CRD_7557F5D3856F4AB8BAA7,괴력몬 V,139472,0,0,0,0,0,0,0,0,0,0,0,0,0,0,0,0,A_NO_PTS
CRD_4866CB4A4EDF45CABC8E,M후딘 EX,389551,4800,4,0,0,0,0,0,0,0,0,1,19000,0,0,0,0,PSA_ONLY
CRD_3C3DCDDEE1D445CF8043,빙큐보 ex,132266,1000,2,0,0,0,0,0,0,1,7000,1,7000,0,0,0,0,PSA_ONLY
CRD_D77DDA36A4604E1A840A,마쿠와,112527,1000,2,0,0,0,0,0,0,0,0,0,0,0,0,0,0,A_NO_PTS
CRD_D6CB6207F6D64F1A980C,오거폰 벽록의 가면 ex,246360,2580,9,1,2580,2580,3,2500,2580,0,0,0,0,0,0,0,0,A_1M_OK
CRD_D7976C3F939248F7A2C3,네리네,471670,1000,6,0,0,0,0,0,0,0,0,0,0,0,0,0,0,A_NO_PTS
CRD_BECB62345F92435AB0E2,메가곤율거니 ex,730960,1000,22,8,1073,1000,25,1000,1000,10,8732,33,8900,0,0,1,3333,A_1M_OK
CRD_B2248FE3EAB34F918B7C,가라르 창파나이트 V,145017,0,0,0,0,0,0,0,0,0,0,0,0,0,0,0,0,A_NO_PTS
CRD_18D57DF71D81408584B5,포켓몬센터 직원,725683,0,0,0,0,0,0,0,0,0,0,0,0,0,0,0,0,A_NO_PTS
CRD_9AD6FE24D3594D17A130,에브이 ex,469628,8000,154,15,10111,9899,52,10316,9899,30,23756,90,24338,8,8999,19,9000,A_1M_OK
CRD_6E9405D59DA14754A6EE,킬가르도 ex,152770,1000,1,0,0,0,0,0,0,0,0,0,0,0,0,0,0,A_NO_PTS
CRD_6657C5F9E27145AA9961,메가픽시 ex,753273,3000,52,7,3700,4000,44,3622,4000,11,16833,50,16832,0,0,0,0,A_1M_OK
CRD_A891C8ACBE5B4F3F8F48,스이쿤 GX,335095,1499,6,0,0,0,0,0,0,0,0,0,0,0,0,0,0,A_NO_PTS
CRD_D3E4B12ED8094D568982,마기라스 GX,335165,8100,3,0,0,0,0,0,0,0,0,1,18500,0,0,0,0,PSA_ONLY
CRD_0548814E2096488481FF,금랑,96681,1000,1,0,0,0,0,0,0,0,0,2,6249,0,0,0,0,PSA_ONLY
CRD_02BB3BE76CE644A993D6,박사의 연구(올림박사),110947,1500,8,1,1199,1199,1,1199,1199,0,0,1,7799,0,0,0,0,A_1M_OK
CRD_70232D25A67C4C04A915,웨이니발 ex,151724,1000,4,0,0,0,0,0,0,0,0,0,0,0,0,0,0,A_NO_PTS
CRD_8B07A23C08EE489D87DF,카푸브루루,283609,1200,3,0,0,0,0,0,0,2,6390,5,6500,0,0,0,0,PSA_ONLY
CRD_DCC37C7FE5CD4264A5A1,피오니,96730,1000,4,0,0,0,0,0,0,0,0,0,0,0,0,0,0,A_NO_PTS
CRD_04E7F61A130E41B8AE30,메가지가르데 ex,753264,1000,28,1,1000,1000,3,1000,1000,6,9650,8,9750,0,0,0,0,A_1M_OK
CRD_1D3EB41A06F94BA7B512,입치트 VSTAR,95331,3800,5,0,0,0,0,0,0,0,0,0,0,0,0,0,0,A_NO_PTS
CRD_9C2FBC6E628A43679527,명희의 격려,753274,12000,234,20,19229,14800,78,21366,14800,31,61100,86,75674,20,16827,63,19750,A_1M_OK
CRD_D417586C8E26486E94D6,폭거북스 GX,112779,0,0,0,0,0,0,0,0,0,0,0,0,0,0,0,0,A_NO_PTS
CRD_D9C0CF682CE44A96BED2,네오라이트 V,103072,1200,32,3,1450,1400,13,2100,1400,10,7896,35,8000,0,0,1,3800,A_1M_OK
CRD_B24FEAA15B354EE7A819,파라섹트,126699,1000,7,1,1000,1000,1,1000,1000,3,6874,8,6775,0,0,0,0,A_1M_OK
CRD_B0635A73D11746B0828B,바오프,608542,1500,5,0,0,0,0,0,0,1,6800,0,0,0,0,0,0,PSA_ONLY
CRD_E5D836B0FC0D43E289F9,델빌,132260,1000,10,0,0,0,0,0,0,1,7199,6,6950,0,0,0,0,PSA_ONLY
CRD_CE6FE97D871C4A218EFD,루가루암 ex,116076,1500,1,0,0,0,0,0,0,0,0,0,0,0,0,0,0,A_NO_PTS
CRD_A92DDFDA2A8542FDA6F0,월로,105531,1000,6,0,0,0,0,0,0,1,6700,2,7090,1,2999,1,2999,PSA_ONLY
CRD_C2779FB305824DED9533,또르박쥐,608556,7700,3,0,0,0,0,0,0,2,6708,4,6630,0,0,1,2444,PSA_ONLY
CRD_25B8055B794A45B99714,메가아쿠스타 ex,752402,1000,14,0,0,0,0,0,0,0,0,0,0,0,0,0,0,A_NO_PTS
CRD_4F4282B9BBB74862A121,찌리비,251915,1000,6,0,0,0,0,0,0,2,6699,11,6899,0,0,0,0,PSA_ONLY
CRD_99A5A2C5F74143BABC24,코라이돈 ex,110951,3500,6,1,2500,2500,1,2500,2500,2,12500,7,12500,0,0,0,0,A_1M_OK
CRD_325D356041B348968F5A,칼라마네로 EX,390591,0,0,0,0,0,0,0,0,0,0,0,0,0,0,0,0,A_NO_PTS
CRD_DFE572539BEC48CCB019,오리진 디아루가 V,96740,14700,1,0,0,0,0,0,0,0,0,0,0,0,0,0,0,A_NO_PTS
CRD_8384DAD4A2524069AD34,로켓단의 또도가스,568894,1000,32,1,1000,1000,1,1000,1000,18,6900,54,6899,1,2999,3,3799,A_1M_OK
CRD_E22C2110EB8743EFA3E1,팔데아의 학생,164249,1000,15,0,0,0,0,0,0,0,0,2,7390,1,3000,1,3000,PSA_ONLY
CRD_0400517F2E89441EAC81,거북왕 ex,128118,20480,50,11,23500,16500,33,25700,16500,22,44800,71,49466,4,20000,12,20000,A_1M_OK
CRD_C4D2295758134D1A863E,릴리에의 전력,91277,27000,245,2,43000,40000,6,46350,40000,16,83059,64,87306,6,36949,14,37000,A_1M_OK
CRD_D7065DC67F244D799293,테라파고스 ex,427232,1000,4,0,0,0,0,0,0,0,0,0,0,0,0,0,0,A_NO_PTS
CRD_94CA0CA240FE402D833F,보스의 지령(플라드리),96683,2000,1,0,0,0,0,0,0,0,0,0,0,0,0,0,0,A_NO_PTS
CRD_D3439179FAEB461CA903,코르니의 기합,91186,2800,41,1,5600,5600,3,7000,5600,7,13499,30,14682,1,6200,1,6200,A_1M_OK
CRD_EFA2913DDB894495B285,윽우지,221939,1200,5,0,0,0,0,0,0,3,6650,9,6650,0,0,1,2900,PSA_ONLY
CRD_FED5150373E949A7B4AC,한카리아스 ex,140300,3000,6,0,0,0,2,1740,1500,1,10000,2,9995,0,0,0,0,A_3M_FB
CRD_3E81540BBE5B4EF2A89E,오르티가,462389,1000,5,0,0,0,0,0,0,0,0,0,0,0,0,0,0,A_NO_PTS
CRD_1F7AC8B706234CD0B21D,바랜드,126684,11000,4,0,0,0,0,0,0,1,11980,2,12390,0,0,0,0,PSA_ONLY
CRD_CD7EF632BD004AA79742,아머까오 V,141278,1500,1,0,0,0,0,0,0,0,0,0,0,0,0,0,0,A_NO_PTS
CRD_0EE4BA587BCC48B1B807,샤미드,126675,2000,25,4,2074,1999,16,2266,1999,24,11351,62,10016,0,0,2,3800,A_1M_OK
CRD_DF6D7BB6800645AC8C68,스컹탱크 V,100563,1400,13,0,0,0,0,0,0,0,0,1,7499,0,0,0,0,PSA_ONLY
CRD_02EF6DD76D804F69A99C,블래리의 한 수,704396,1000,11,0,0,0,0,0,0,1,7500,2,7150,0,0,0,0,PSA_ONLY
CRD_090216855FE241EFB18B,이슬의 부탁,93094,17500,72,0,0,0,4,24749,22000,9,71000,35,71525,1,25000,4,24899,A_3M_FB
CRD_2D0FDD0C77AF4176BAA2,신비록 V,139512,0,0,0,0,0,0,0,0,0,0,0,0,0,0,0,0,A_NO_PTS
CRD_5571E9D37C0F44EB9D0C,N의 조로아크 ex,506159,7800,87,3,8500,8000,6,8749,8000,15,15400,51,19895,2,8700,4,8700,A_1M_OK
CRD_CFB1F9B2BF5A4F108B32,킬가르도 V,145058,0,0,0,0,0,0,0,0,0,0,0,0,0,0,0,0,A_NO_PTS
CRD_D805B78A8EC145518EBF,이브이 ex,455676,4600,120,12,6044,6200,50,5948,6200,29,16379,87,16502,8,5998,19,5999,A_1M_OK
CRD_6434F1BE098C4F98B481,보스의 지령(게치스),116084,5000,5,0,0,0,4,3875,3800,1,9000,4,8500,0,0,1,4000,A_3M_FB
CRD_CC97B2FE443A4CA09615,네르케,164248,1000,8,0,0,0,0,0,0,0,0,0,0,0,0,0,0,A_NO_PTS
CRD_46627F2A3E6F48A9BE2F,메가가디안 ex,663661,40000,72,6,44999,40000,23,58000,40000,19,143233,52,159499,16,46750,31,49444,A_1M_OK
CRD_44E1537469C74DDBBA16,나몰빼미&알로라나시 GX,104602,10000,12,0,0,0,0,0,0,1,43100,9,42000,1,13400,1,13400,PSA_ONLY
CRD_5BDD62DBF28CF0E30ECD,쥬피썬더 ex,458562,4500,149,9,8100,6500,48,7275,6500,31,16100,91,17083,7,8500,22,7966,A_1M_OK
CRD_C94514D16A7E46608874,대로트&야느와르몽 GX,104543,33000,3,0,0,0,2,5000,5000,1,28000,7,21800,0,0,2,8750,A_3M_FB
CRD_B644812335694B979583,메가샤크니아 ex,704389,1000,14,0,0,0,0,0,0,2,7984,4,7980,0,0,0,0,PSA_ONLY
CRD_5C626761376341E3AEE8,모미,100080,1000,1,0,0,0,0,0,0,0,0,1,9700,1,2980,1,2980,PSA_ONLY
CRD_0BBA24DF2AA04E9F8934,폭거북스 GX,389327,0,0,0,0,0,0,0,0,0,0,0,0,0,0,0,0,A_NO_PTS
CRD_6967F2866EC341D1B5A5,고동치는달 ex,466510,3500,172,7,3426,3426,27,3640,3426,31,13600,91,13425,6,5675,22,5124,A_1M_OK
CRD_4DD11310DD574B5BAF64,마셰이드,363381,1000,5,0,0,0,0,0,0,5,6789,14,6500,0,0,0,0,PSA_ONLY
CRD_2A791989EEEC43F481BB,메가지가르데 ex,753318,3200,66,8,3850,3800,55,4825,3800,19,20500,58,24150,0,0,0,0,A_1M_OK
CRD_AA3296C0D4FE45A38CAB,제르네아스 GX,334656,0,0,0,0,0,0,0,0,0,0,0,0,0,0,0,0,A_NO_PTS
CRD_5253E851E4414AD68104,백마 버드렉스 V,96738,0,0,0,0,0,0,0,0,0,0,0,0,0,0,0,0,A_NO_PTS
CRD_1F45F12DC0264E98B4E1,메가눈여아 ex,730955,2200,36,9,2300,2350,37,2000,2350,15,10029,51,10352,1,3500,4,3500,A_1M_OK
CRD_7A7850AA59504787B71D,스타단의 조무래기,110946,1000,5,0,0,0,0,0,0,0,0,1,7000,0,0,0,0,PSA_ONLY
CRD_A20BEE66070640B39730,아머까오 VMAX,144125,0,0,0,0,0,0,0,0,0,0,0,0,0,0,0,0,A_NO_PTS
CRD_D1C565DB2FFB4163BFFC,배쓰나이,608545,1000,1,0,0,0,0,0,0,1,6500,3,6500,0,0,0,0,PSA_ONLY
CRD_67CFE01AE03E495B9FB2,블루의 탐색,93083,52200,41,1,46500,46500,4,63950,46500,10,150633,41,144217,2,58499,9,56999,A_1M_OK
CRD_A59B08DC49AD4E5FBFA7,고동치는달 ex,138252,1000,6,0,0,0,0,0,0,0,0,0,0,0,0,0,0,A_NO_PTS
CRD_C83501C3B7174EAD9B11,백마 버드렉스 V,141756,0,0,0,0,0,0,0,0,0,0,0,0,0,0,0,0,A_NO_PTS
CRD_A9772F1A738D41739112,스이쿤 GX,104690,1000,7,0,0,0,0,0,0,0,0,1,22000,1,8800,1,8800,PSA_ONLY
CRD_C3F844BC04614855A4C4,코코리,414089,1000,10,0,0,0,0,0,0,3,6639,11,6639,0,0,0,0,PSA_ONLY
CRD_1AF00E0F44D842E894A4,쌍검자비,584799,1000,5,0,0,0,0,0,0,1,6500,4,7450,0,0,0,0,PSA_ONLY
CRD_48EDE9764E334AFE8D60,스파크,137127,0,0,0,0,0,0,0,0,0,0,0,0,0,0,0,0,A_NO_PTS
CRD_A3C2192851584CFC8246,소도와 실디,126524,1600,4,0,0,0,0,0,0,0,0,0,0,0,0,0,0,A_NO_PTS
CRD_B1D0E95D6A764E54A4F3,마스카나 ex,111959,1000,6,0,0,0,0,0,0,0,0,1,5999,0,0,0,0,PSA_ONLY
CRD_187E76533B5540179493,지가르데 GX,334609,1000,4,0,0,0,0,0,0,0,0,2,9247,0,0,0,0,PSA_ONLY
CRD_DB0F99DBDC074D509C4E,어니언,102290,2500,4,0,0,0,0,0,0,1,10000,2,16850,1,6000,1,6000,PSA_ONLY
CRD_808986BE4AB54625B5D4,메로엣타 ex,608528,1000,5,0,0,0,0,0,0,1,7500,5,7500,0,0,0,0,PSA_ONLY
CRD_02F5CFB869144C589BF7,음번 GX,335034,0,0,0,0,0,0,0,0,0,0,0,0,0,0,0,0,A_NO_PTS
CRD_4B9283B93544449DBC2D,이벨타르 ex,753265,1000,16,0,0,0,0,0,0,8,7999,8,7999,0,0,0,0,PSA_ONLY
CRD_892B2014015549E5812F,메가저리더프 ex,731021,1000,39,5,1000,1000,14,1000,1000,10,7800,20,8000,0,0,2,2900,A_1M_OK
CRD_12350A5EE2C042EBA371,아르세우스 V,91145,7400,50,1,11500,11500,8,14792,11500,18,29612,52,28707,1,9000,5,9000,A_1M_OK
CRD_83CB95F730174D28B274,메가플라엣테 ex,774182,1000,9,0,0,0,0,0,0,0,0,0,0,0,0,0,0,A_NO_PTS
CRD_B3834736DB2542B792B1,페릴라,139514,0,0,0,0,0,0,0,0,0,0,0,0,0,0,0,0,A_NO_PTS
CRD_E42CBCBC0D104814A10B,더스트나 V,141525,1000,1,0,0,0,0,0,0,0,0,0,0,0,0,0,0,A_NO_PTS
CRD_99B80601C8BF404186BC,히스이 윈디 V,100561,1000,2,0,0,0,0,0,0,1,7500,1,7500,0,0,0,0,PSA_ONLY
CRD_B0A1FB4261674D529764,시라칸,180177,1000,5,1,1000,1000,1,1000,1000,1,5555,4,6500,0,0,1,2444,A_1M_OK
CRD_683F3F874CB848EF94C4,돌핀맨 ex,434889,1000,7,0,0,0,0,0,0,0,0,0,0,0,0,0,0,A_NO_PTS
CRD_2B9182A2EF634F7E8973,올림박사의 기백,152789,1500,9,0,0,0,1,1300,1300,0,0,1,9000,0,0,0,0,A_3M_FB
CRD_1019C2CFB1EE47139FD8,찌리배리,132257,1000,15,0,0,0,0,0,0,2,6225,5,6500,0,0,0,0,PSA_ONLY
CRD_E9AE47FA96644DACB7EA,클레스퍼트라 ex,162020,1000,3,0,0,0,0,0,0,0,0,0,0,0,0,0,0,A_NO_PTS
CRD_D32273D46FE741C19111,히스이 블레이범 V,139715,0,0,0,0,0,0,0,0,0,0,0,0,0,0,0,0,A_NO_PTS
CRD_212812EDFC95434E96EE,노공룡,152781,1000,10,0,0,0,0,0,0,2,7074,5,7000,0,0,0,0,PSA_ONLY
CRD_66116DF43BE7463F97E7,아로마 아가씨,96558,2000,11,0,0,0,1,2000,2000,0,0,2,9318,0,0,1,3000,A_3M_FB
CRD_16552890B7E640BD9726,비상,116079,1000,10,0,0,0,0,0,0,0,0,0,0,0,0,0,0,A_NO_PTS
CRD_069D993EF5274D81B98E,오거폰 벽록의 가면 ex,427216,1000,2,0,0,0,0,0,0,0,0,0,0,0,0,0,0,A_NO_PTS
CRD_EF3512D636064758A7B4,메가개굴닌자 ex,774169,1000,45,2,1050,1100,10,1000,1100,0,0,0,0,0,0,0,0,A_1M_OK
CRD_9B32980D414E47C09387,전툴라 ex,325076,1500,6,0,0,0,0,0,0,2,8000,7,7300,0,0,0,0,PSA_ONLY
CRD_53F9BEE45FFC4745AC79,투희,607941,7200,68,6,8600,8700,17,8500,8700,13,27012,49,31628,2,7400,17,7500,A_1M_OK
CRD_8C8BBAFB1C5E4D15BAC6,메가이상해꽃 ex,664095,1000,51,1,1000,1000,10,1000,1000,10,7929,43,7750,0,0,2,2050,A_1M_OK
CRD_19F51F8288034A4781BC,워글,608597,1000,6,0,0,0,0,0,0,1,6800,0,0,0,0,0,0,PSA_ONLY
CRD_DA068974AC734E7AB608,야나키,608464,1000,3,0,0,0,0,0,0,3,6800,0,0,0,0,0,0,PSA_ONLY
CRD_C1DA511430EB46B79854,메가폭타 ex,659217,1000,16,0,0,0,0,0,0,0,0,0,0,0,0,0,0,A_NO_PTS
CRD_F02E1EB24B864CCCB328,아고용 GX,393157,0,0,0,0,0,0,0,0,0,0,0,0,0,0,0,0,A_NO_PTS
CRD_7E0814B69ADA40E58DCA,플라이곤 ex,385168,2000,1,0,0,0,0,0,0,0,0,0,0,0,0,1,2499,PSA_ONLY
CRD_BE2FA43F663B4D16BA9C,에레키블,105532,1000,12,1,1000,1000,1,1000,1000,3,6800,10,6999,0,0,1,2000,A_1M_OK
CRD_8FC14F96E9634AE0982F,쏘콘 ex,164701,1000,15,0,0,0,0,0,0,0,0,0,0,0,0,0,0,A_NO_PTS
CRD_E30CB17C7E4749BD9111,오거폰 우물의 가면 ex,469627,1000,8,1,1000,1000,2,1000,1000,3,8500,6,7250,0,0,0,0,A_1M_OK
CRD_D18C8870DB964490B498,히스이의 동료들,105137,1600,112,2,1349,1500,9,1800,1500,23,10762,65,11166,2,3940,8,3350,A_1M_OK
CRD_49B9C68497F94042A443,일리마,106189,19800,1,0,0,0,0,0,0,1,12000,2,10475,0,0,0,0,PSA_ONLY
CRD_1D61B56A81F04560A587,염뉴트 ex,752397,1000,9,0,0,0,0,0,0,0,0,0,0,0,0,0,0,A_NO_PTS
CRD_13F9528AE66A482F9AC7,나몰빼미&알로라나시 GX,393124,1800,5,0,0,0,1,2800,2800,0,0,3,13249,0,0,0,0,A_3M_FB
CRD_E9A8685418094D9BB850,야적 세 자매,96669,2000,9,0,0,0,0,0,0,0,0,6,7299,0,0,2,2850,PSA_ONLY
CRD_C8B01F160C314B17A057,삼삼드래 ex,608397,6000,32,4,5527,6000,10,4900,6000,13,11700,49,11500,0,0,1,4000,A_1M_OK
CRD_3A0BD9F6AF5141DC9961,고동치는달 ex,427224,1000,2,0,0,0,0,0,0,0,0,0,0,0,0,0,0,A_NO_PTS
CRD_79DAA61E0E0E4DB6B833,토네로스 VMAX,141806,0,0,0,0,0,0,0,0,0,0,0,0,0,0,0,0,A_NO_PTS
CRD_6396E1AD59084F64A801,딩루 ex,118631,1500,6,0,0,0,0,0,0,3,7799,6,7800,0,0,0,0,PSA_ONLY
CRD_CECA6BC4887D4E72992B,위유이 ex,156414,1000,5,0,0,0,0,0,0,0,0,0,0,0,0,0,0,A_NO_PTS
CRD_36137AD704B945179433,올림박사의 기백,148946,1000,7,0,0,0,0,0,0,0,0,0,0,0,0,0,0,A_NO_PTS
CRD_5A3BCBE340EB4953A691,드래펄트 V,145429,3000,1,0,0,0,0,0,0,0,0,0,0,0,0,0,0,A_NO_PTS
CRD_F87EEB047E184C71A2CE,한카리아스&기라티나 GX,91285,27500,30,1,60000,60000,6,41500,60000,9,161555,35,158000,0,0,6,36000,A_1M_OK
CRD_034271D298BA46158444,사마자르,126700,1000,7,0,0,0,0,0,0,1,7300,2,7300,0,0,0,0,PSA_ONLY
CRD_AA5BA868244841729ECD,신뇽,128098,1240,39,6,1699,1600,19,1999,1600,14,10090,44,10190,0,0,6,3980,A_1M_OK
CRD_9C70464E838941DB8DF0,더스트나 VMAX,141529,0,0,0,0,0,0,0,0,0,0,0,0,0,0,0,0,A_NO_PTS
CRD_C3E06830FAAA4837AB25,아리아도스,126688,1000,10,0,0,0,1,1400,1400,4,6800,15,6950,0,0,0,0,A_3M_FB
CRD_C5B6D61127B741B3926B,아보크,186427,2300,5,0,0,0,0,0,0,2,7199,4,7099,0,0,0,0,PSA_ONLY
CRD_3E9E5C6840D049589B84,모란,110948,1200,49,0,0,0,1,1700,1700,9,8400,23,9350,0,0,0,0,A_3M_FB
CRD_A2A524FCE0E54F2C8C91,데덴네 ex,116075,1800,28,4,1900,1800,7,1800,1800,13,8200,23,9200,1,3500,1,3500,A_1M_OK
CRD_36360E53452543DEB82B,고릴타 VMAX,145512,0,0,0,0,0,0,0,0,0,0,0,0,0,0,0,0,A_NO_PTS
CRD_888168EF50BE4F89B720,비케,91344,24980,15,0,0,0,0,0,0,2,50500,8,54625,0,0,0,0,PSA_ONLY
CRD_8875DA1FBB2046CBAF86,미끄네일,776345,1000,22,0,0,0,0,0,0,0,0,0,0,0,0,0,0,A_NO_PTS
CRD_D57859CD4BA84DEEBC5A,루카리오 VSTAR,103073,4000,138,8,4900,4800,51,6400,4800,25,20416,80,23652,4,6500,11,4850,A_1M_OK
CRD_33785863B77A4D888CC5,루카리오&멜메탈 GX,393297,7500,4,0,0,0,0,0,0,0,0,1,33000,0,0,0,0,PSA_ONLY
CRD_96DCC4B3E85641EAA4E9,라우드본 ex,151721,1000,4,0,0,0,0,0,0,0,0,0,0,0,0,0,0,A_NO_PTS
CRD_549E381006304AAB8D75,가라르 불비달마 V,145054,1500,1,0,0,0,0,0,0,0,0,0,0,0,0,0,0,A_NO_PTS
CRD_49411B14FD8649DE8364,토네로스 V,141804,0,0,0,0,0,0,0,0,0,0,0,0,0,0,0,0,A_NO_PTS
CRD_1B75DAEB61EA4A2D9A2A,마스터드 일격의 태세,144222,0,0,0,0,0,0,0,0,0,0,0,0,0,0,0,0,A_NO_PTS
CRD_6FBE2AD113B74C719B5B,오르티가,132275,1000,25,0,0,0,0,0,0,2,7593,6,7500,0,0,2,2750,PSA_ONLY
CRD_22BC9BEDDB4B49D88171,가라르 가로막구리,126691,1000,4,0,0,0,1,2250,2250,3,6800,7,6666,0,0,0,0,A_3M_FB
CRD_D458688E4CDC4D52858A,고릴타 V,145443,0,0,0,0,0,0,0,0,0,0,0,0,0,0,0,0,A_NO_PTS
CRD_B6536EB5E85E46388EC3,타임,471669,1000,2,0,0,0,0,0,0,0,0,0,0,0,0,0,0,A_NO_PTS
CRD_AA9CB0979C7F411383FB,렌트라 V,139461,1000,1,0,0,0,0,0,0,0,0,0,0,0,0,0,0,A_NO_PTS
CRD_CB62AB154B714772BCC6,그린의 전략,93086,27500,15,0,0,0,1,33333,33333,2,76496,9,75000,3,28000,7,28000,A_3M_FB
CRD_482EA800F7DE4871AD8A,뮤츠 VSTAR,103080,13980,173,8,19750,17000,54,19999,17000,31,41000,85,46680,7,18000,22,17765,A_1M_OK
CRD_8B9D59AB943441B4BAC4,무쇠손 ex,466334,1000,1,0,0,0,0,0,0,0,0,0,0,0,0,0,0,A_NO_PTS
CRD_90698EA0987C4C82913F,엘풍 V,139846,0,0,0,0,0,0,0,0,0,0,0,0,0,0,0,0,A_NO_PTS
CRD_C0B9156965764BADB0C5,레시라무&리자몽 GX,104620,8400,21,1,21800,21800,4,20800,21800,1,71950,10,67425,1,13333,1,13333,A_1M_OK
CRD_06913448CCA04DE6B272,무쇠가시,179805,1000,5,0,0,0,0,0,0,3,6800,8,6850,0,0,0,0,PSA_ONLY
CRD_2570702FE3854423A069,무쇠바퀴 ex,156442,1000,3,0,0,0,0,0,0,0,0,0,0,0,0,0,0,A_NO_PTS
CRD_24845E4BD72A47AAA490,라티오스 EX,382140,4500,9,0,0,0,0,0,0,1,26000,0,0,0,0,0,0,PSA_ONLY
CRD_6E0CFA01EAA84472A5AAA69BE95C2DA8,뮤 VMAX,93016,108888,97,2,180000,170000,9,199999,170000,25,261200,74,273874,6,127000,8,129500,A_1M_OK
CRD_AD994D529D6E47C2B93E,리피아 GX,336619,2222,6,0,0,0,0,0,0,0,0,1,12000,0,0,0,0,PSA_ONLY
CRD_59976B37A8E84CBF8304,빛나,704397,1800,48,8,1527,1800,20,1500,1800,23,8480,58,8798,7,3226,16,2999,A_1M_OK
CRD_DCF9C516EF5F46D3A23A,메가루카리오 ex,657364,9000,113,15,9888,10000,60,9999,10000,26,25825,84,27250,1,12000,15,9500,A_1M_OK
CRD_E3928DC52944458BBFCE,리자몽 ex,162095,28000,142,9,38000,45000,33,46500,45000,30,81125,86,86860,7,38800,16,39900,A_1M_OK
CRD_BE89EA3D6FBF480F9472,지니어,110945,1000,4,0,0,0,0,0,0,0,0,0,0,0,0,0,0,A_NO_PTS
CRD_39A9FDACFF514F29B347,울트라네크로즈마 GX,105371,11000,1,0,0,0,0,0,0,0,0,0,0,0,0,0,0,A_NO_PTS
CRD_AA80CBBC30D44512BB73,태권왕의 수련,730946,1000,9,0,0,0,4,1000,1000,1,8000,3,6980,1,4000,1,4000,A_3M_FB
CRD_C4DED4CD6D9B40719BF9,치렁,251916,1000,8,0,0,0,0,0,0,1,8400,7,8400,0,0,1,2444,PSA_ONLY
CRD_32082DD1A5DE41889046,이야후 ex,277238,2000,1,0,0,0,0,0,0,0,0,0,0,0,0,0,0,A_NO_PTS
CRD_A6E8EAA77BE24D74AEA7,체렌,91612,6000,5,0,0,0,0,0,0,1,42800,2,31400,0,0,0,0,PSA_ONLY
CRD_E1953E99F0A344F5ACBE,로켓단의 레트라,568895,1000,32,0,0,0,0,0,0,15,6900,40,6800,2,2989,2,2989,PSA_ONLY
CRD_7A7B7FE3D8DA4848943D,핫삼 GX,112796,0,0,0,0,0,1,7500,7500,1,26000,3,22500,0,0,0,0,A_3M_FB
CRD_4D3EF2E899D943459B77,은송,91519,25000,8,1,30000,30000,2,27000,30000,2,74240,6,70662,0,0,0,0,A_1M_OK
CRD_46AF434D15734C6787E2,도희의 비기,471674,1000,12,0,0,0,3,1000,2000,5,8450,9,8450,0,0,2,3000,A_3M_FB
CRD_149DFDDE8D3144968EE9,암나이트,128096,1000,12,1,1000,1000,6,1325,1000,5,7400,18,7773,0,0,0,0,A_1M_OK
CRD_98DAFEBB7A994BAB96D1,아크로마의 실험,93377,1000,3,0,0,0,0,0,0,0,0,1,6800,0,0,0,0,PSA_ONLY
CRD_604492DE52EA4B7F81F6,메가캥카 ex,657366,3500,100,12,3399,3499,29,3500,3499,21,10966,72,11500,0,0,2,3824,A_1M_OK
CRD_6C4CD727AA4A41F8A59D,무쇠손 ex,466506,1000,16,0,0,0,0,0,0,1,7999,9,7392,0,0,0,0,PSA_ONLY
CRD_8CBA85EFB90246F2A42C,로켓단의 아테나,568903,3280,24,1,3333,3333,7,3000,3333,2,17375,8,19500,2,4666,2,4666,A_1M_OK
CRD_FB98F00A1EE44AB999E2,글레이시아 ex,455594,9000,139,16,9349,7990,50,8919,7990,30,19338,89,19861,5,8800,25,8999,A_1M_OK
CRD_B845DAE48C424F97A12D,개굴닌자 ex,224075,1000,7,1,1000,1000,1,1000,1000,2,7124,6,6374,0,0,0,0,A_1M_OK
CRD_35A856F18BEB432BABEC,멜로코,152787,2000,7,0,0,0,0,0,0,1,7222,2,6561,0,0,1,2800,PSA_ONLY
CRD_59D948D23D9B4A8997F2,메가디안시 ex,730959,1980,53,12,2187,2100,38,2187,2100,16,11569,38,13500,0,0,3,3300,A_1M_OK
CRD_306457DE76EA45C5B61B,월로,96639,2000,1,0,0,0,0,0,0,0,0,0,0,0,0,0,0,A_NO_PTS
CRD_3C91F57ABFE0494F9FEE,메가이상해꽃 ex,657363,5800,84,11,6550,5499,41,6500,5499,24,14746,79,14798,4,7495,22,6850,A_1M_OK
CRD_86C9D18D455541299CC0,클레스퍼트라 ex,164702,1000,6,0,0,0,0,0,0,0,0,1,6500,0,0,0,0,PSA_ONLY
CRD_3E39B2A60D644D419C7A,자마젠타,555474,1000,24,0,0,0,1,1000,1000,16,6900,40,6900,1,2999,2,2999,A_3M_FB
CRD_865DA476A29E409CBAA1,일격 우라오스 V,141274,2222,9,0,0,0,1,2000,2000,0,0,4,7899,0,0,0,0,A_3M_FB
CRD_02A3EEACB0F74D7F97B6,네모,164705,1000,14,0,0,0,0,0,0,1,6666,3,6000,0,0,1,2000,PSA_ONLY
CRD_017439C155E14354863F,악비아르,608512,1000,9,0,0,0,0,0,0,2,6590,3,6900,0,0,0,0,PSA_ONLY
CRD_B24FB59D3B834314A57B,비파,186437,2000,6,0,0,0,1,1499,1499,0,0,0,0,0,0,0,0,A_3M_FB
CRD_35F6305B626B4EA6BA1B,미라이돈 ex,110935,4700,90,5,6000,5500,14,6000,5500,17,15040,54,15512,0,0,0,0,A_1M_OK
CRD_EE75B6D586D64FF6980F,파오젠 ex,164708,1000,3,0,0,0,0,0,0,0,0,0,0,0,0,0,0,A_NO_PTS
CRD_A7AACB50E1D2433E83E0,더스트나,608579,1000,2,0,0,0,0,0,0,1,6890,1,6890,1,2800,1,2800,PSA_ONLY
CRD_3B4881B425A945B385D7,화염레오 BREAK,387210,0,0,0,0,0,0,0,0,0,0,0,0,0,0,0,0,A_NO_PTS
CRD_C684704D87BF4D358292,벰크,608497,2000,3,0,0,0,0,0,0,1,6666,1,6666,0,0,0,0,PSA_ONLY
CRD_711241AAC3CB4EFB8F22,리파,150013,1000,20,0,0,0,0,0,0,0,0,1,12000,0,0,1,3980,PSA_ONLY
CRD_EB0B165D0A7148E4ABE6,네크로즈마 새벽의 날개 GX,338329,1000,2,0,0,0,0,0,0,0,0,0,0,0,0,0,0,A_NO_PTS
CRD_BD32C4DD974E418FB16F,비조푸,608571,1000,2,0,0,0,0,0,0,2,6650,2,6650,0,0,0,0,PSA_ONLY
CRD_C183A625C76743C5ABCD,두송,102306,0,0,0,0,0,0,0,0,0,0,0,0,0,0,0,0,A_NO_PTS
CRD_F9A376E8D1EA497EABA5,아고용&악식킹 GX,104555,15000,6,0,0,0,0,0,0,2,22390,7,22800,0,0,0,0,PSA_ONLY
CRD_9C6FB71861F94FB98F11,라이코 EX,91622,27800,1,0,0,0,0,0,0,0,0,1,115000,0,0,0,0,PSA_ONLY
CRD_2E8CB13E9FEE40A28A14,웅의 근성,91470,25000,5,0,0,0,0,0,0,1,38000,1,38000,0,0,0,0,PSA_ONLY
CRD_BAC700F6596245A5A62A,매시붕 GX,334499,5000,1,0,0,0,0,0,0,0,0,0,0,0,0,0,0,A_NO_PTS
CRD_C728A90398A04DC9B105,백마 버드렉스 VMAX,96687,2300,5,0,0,0,1,2200,2200,2,8312,8,7950,0,0,0,0,A_3M_FB
CRD_5D48C69399A74C799C12,무쇠잎새 ex,186446,1000,4,0,0,0,0,0,0,0,0,0,0,0,0,0,0,A_NO_PTS
CRD_5A9588570BE84441901E,대왕끼리동 V,145403,0,0,0,0,0,0,0,0,0,0,0,0,0,0,0,0,A_NO_PTS
CRD_DF1BC7CED4E14C938183,운향,115238,9000,104,1,9100,9100,6,9200,9100,15,19666,55,21500,1,9000,7,8650,A_1M_OK
CRD_5F09CD4E587B4983ACCF,킬가르도,137472,1000,5,0,0,0,1,1000,1000,1,6800,4,6800,0,0,1,2444,A_3M_FB
CRD_B65A3E174310474CA8B8,타격귀,608568,2888,4,0,0,0,0,0,0,1,7300,3,7300,0,0,0,0,PSA_ONLY
CRD_D1651B27D22047C4A81B,삼삼드래 BREAK,387189,25000,2,0,0,0,0,0,0,1,30000,2,27000,0,0,0,0,PSA_ONLY
CRD_578FDAA332FD4381BC35,다크펫,126686,1000,29,1,1180,1180,3,1180,1180,12,6949,20,6932,0,0,1,2799,A_1M_OK
CRD_A3B4ED53661A41AD9BE6,티고라스,753309,1000,20,0,0,0,1,1000,1000,2,7749,2,7749,0,0,1,2000,A_3M_FB
CRD_2CABD12EE5B74135858E,웨이니발 ex,116074,1000,5,0,0,0,0,0,0,0,0,0,0,1,3100,1,3100,PSA_ONLY
CRD_F8C26BA27AF444938EB9,밀로틱 V,145350,0,0,0,0,0,0,0,0,0,0,0,0,0,0,0,0,A_NO_PTS
CRD_7EF3FAC1AA9F41959926,공박사의강연,104645,9800,6,1,9200,9200,1,9200,9200,5,29999,18,27250,0,0,0,0,A_1M_OK
CRD_D6CE520A6BA64DCF916E,리피아 V,91170,18999,55,1,21000,21000,10,18000,21000,18,35599,55,36750,2,17250,12,15950,A_1M_OK
CRD_55BE769CC493490B9696,음번 GX,112802,3500,2,0,0,0,0,0,0,1,9800,3,9000,0,0,0,0,PSA_ONLY
CRD_3EDE7FB426A144669E19,마라카치,608467,1100,4,0,0,0,0,0,0,2,6799,0,0,0,0,0,0,PSA_ONLY
CRD_F74DCD4030904CDE95D4,원규,96587,1000,34,0,0,0,3,2050,3000,8,7775,14,7950,1,3780,8,2783,A_3M_FB
CRD_D3A4176E71AC47AFA6EF,전목,126537,1000,2,0,0,0,0,0,0,0,0,0,0,0,0,0,0,A_NO_PTS
CRD_E623C3E3D8334A58BE38,대도각참,110903,1000,4,0,0,0,0,0,0,2,7200,7,6500,0,0,0,0,PSA_ONLY
CRD_214C3CC1FFFD487FBD68,마스카나 ex,151750,1000,9,0,0,0,1,1000,1000,0,0,2,8750,0,0,0,0,A_3M_FB
CRD_8978E52260A148548BE7,야적 세 자매,96641,1300,2,0,0,0,1,1980,1980,0,0,1,8000,0,0,0,0,A_3M_FB
CRD_2076C899876544DC9B67,메가루카리오 ex,664105,1500,53,3,2320,2320,18,2000,2320,16,10250,62,10920,2,3000,7,3000,A_1M_OK
CRD_9CD4BE7C890148EC8776,고릴타 V,144363,0,0,0,0,0,0,0,0,0,0,0,0,0,0,0,0,A_NO_PTS
CRD_F1A3157631DF446BA533,루가루암 ex,116064,1000,2,0,0,0,0,0,0,0,0,0,0,0,0,0,0,A_NO_PTS
CRD_F059AEB6384A40B69CA8,만마드,186426,1000,4,0,0,0,0,0,0,1,6900,5,6500,1,2580,1,2580,PSA_ONLY
CRD_E35983B2ADA24AC889C1,찬석의 활기,96736,1000,2,0,0,0,0,0,0,0,0,0,0,0,0,0,0,A_NO_PTS
CRD_4145122B76D44C99ACC5,개굴닌자&조로아크 GX,104636,29800,33,0,0,0,1,45000,45000,11,113000,36,107725,2,36944,7,37800,A_3M_FB
CRD_6107CE7DBE884EAE9B22,보스의 지령(게치스),116080,3800,1,1,3000,3000,4,2600,3000,0,0,0,0,0,0,0,0,A_1M_OK
CRD_43F737D98D4646BC92BE,캐터피,128088,1000,14,3,1500,1400,10,1400,1400,9,8780,20,9349,0,0,0,0,A_1M_OK
CRD_DB1EE27B66F247D18E05,M엘레이드 EX,382107,18500,2,0,0,0,0,0,0,0,0,0,0,0,0,0,0,A_NO_PTS
CRD_26947826E457449096C5,마스터드 연격의 태세,122004,1000,2,0,0,0,0,0,0,0,0,0,0,0,0,0,0,A_NO_PTS
CRD_E7D432CCBEF747E0BD9A,알로라딱구리 GX,334487,0,0,0,0,0,0,0,0,0,0,0,0,0,0,0,0,A_NO_PTS
CRD_8C4E0B58B9AB4FD8A901,메가루차불 ex,731022,1000,29,8,1500,1999,31,1597,1999,11,9599,33,9500,0,0,2,2649,A_1M_OK
CRD_8A7EB290F97640FEB7AA,블랑쉬,137129,0,0,0,0,0,0,0,0,0,0,0,0,0,0,0,0,A_NO_PTS
CRD_8E5059F15BB5478EB12A,쫀도기,110906,1000,12,1,1500,1500,3,1000,1500,3,7299,7,7499,0,0,0,0,A_1M_OK
CRD_BA348F823BE347518A3B,미라이돈 ex,107356,1000,12,0,0,0,0,0,0,0,0,0,0,0,0,0,0,A_NO_PTS
CRD_B6DCDD8B172E42A098BE,삼삼드래 ex,418749,1000,4,0,0,0,0,0,0,0,0,1,6999,0,0,0,0,PSA_ONLY
CRD_9A22F928864948BBAE25,마오,91359,30000,43,1,45000,45000,2,42500,45000,5,110000,21,115000,3,33000,4,33166,A_1M_OK
CRD_F059826D9F804C1B83A1,드래펄트 V,144778,1500,2,0,0,0,0,0,0,0,0,0,0,0,0,0,0,A_NO_PTS
CRD_9A5EFFF204E8429BB966,내던숭이,126703,1000,7,0,0,0,0,0,0,0,0,2,6700,0,0,0,0,PSA_ONLY
CRD_184AC847FEF045F0A5C3,카틀레야,91181,14000,130,1,14500,14500,3,14500,14500,16,22500,56,23799,2,10999,9,10800,A_1M_OK
CRD_EB3221AC11114113A24A,라우드본 ex,151751,1000,10,0,0,0,0,0,0,0,0,0,0,0,0,0,0,A_NO_PTS
CRD_5CE1C6B2A9B548A8B3DF,페퍼의 마피티프 ex,544396,1000,4,0,0,0,0,0,0,0,0,0,0,0,0,0,0,A_NO_PTS
CRD_A3AB8AC8AAC347838A4D,멜리사,126545,1000,9,0,0,0,0,0,0,0,0,2,7750,0,0,0,0,PSA_ONLY
CRD_F2B5F8F16749426C855A,자마젠타 V,105256,1180,14,4,1200,1000,8,1449,1000,10,8499,24,8400,1,3000,2,2999,A_1M_OK
CRD_9310EDB656AA44159715,이상해꽃&주리비얀 GX,104579,4800,4,0,0,0,0,0,0,1,15300,4,14400,0,0,1,5200,PSA_ONLY
CRD_D676436BD48549B1BEBE,마리,93036,7000,36,0,0,0,1,11450,11450,7,23499,41,23999,0,0,1,10000,A_3M_FB
CRD_324F58AAF4F444DEAE95,귀뚤톡크,105538,1000,12,0,0,0,0,0,0,3,6800,8,6800,0,0,0,0,PSA_ONLY
CRD_F51AD119C51A4A119201,호브의 자시안 ex,489824,2500,18,1,2999,2999,3,3500,2999,11,11400,32,10745,0,0,2,4900,A_1M_OK
CRD_761714141AFD427DA3EC,피카츄 V,101654,14999,70,5,30000,34900,23,27000,34900,18,63250,57,65000,0,0,7,23000,A_1M_OK
CRD_B3798231C06C4CAB97AF,제라오라 VMAX [다이맥스],103840,2300,112,2,2205,2300,22,3395,2300,23,9949,69,10250,1,3749,3,3500,A_1M_OK
CRD_CFECD5DF978944579DA4,드래피온 V,105549,1000,8,0,0,0,0,0,0,3,7677,12,6999,0,0,0,0,PSA_ONLY
CRD_8B8752AF245546B9B4E2,강철톤,104567,3999,17,1,3200,3200,1,3200,3200,4,8500,18,7946,0,0,0,0,A_1M_OK
CRD_ABB1F47733574B969DF6,제라오라,318880,1000,19,1,1000,1000,3,1000,1000,9,6900,22,6908,0,0,0,0,A_1M_OK
CRD_62132631CE684A58A336,킬가르도 V,145032,0,0,0,0,0,0,0,0,0,0,0,0,0,0,0,0,A_NO_PTS
CRD_7C8402F1390C43ABA777,갑주무사 ex,146988,2200,7,2,2540,2680,3,2500,2680,2,9400,3,9800,0,0,0,0,A_1M_OK
CRD_C57DB853FD2D46888B48,메가리자몽X ex,687275,1000,145,2,1500,2000,23,1640,2000,27,8400,75,8999,1,3480,7,3480,A_1M_OK
CRD_95C332448C1748B0AA30,N의 조로아크 ex,730961,6200,135,22,7500,6583,78,8072,6583,31,20861,82,23666,6,9424,16,8994,A_1M_OK
CRD_F856EE96E2B84864AC0A,클레스퍼트라,146995,1000,7,1,1400,1400,1,1400,1400,5,6898,7,6800,0,0,0,0,A_1M_OK
CRD_694BA62B745A4D1E9025,레시라무&리자몽 GX,91286,80000,54,0,0,0,4,147499,99000,19,326333,51,330000,2,90000,14,111499,A_3M_FB
CRD_95DCB3753DC641EAB5CB,어흥염 ex,186447,1000,4,0,0,0,0,0,0,1,7980,1,7980,0,0,0,0,PSA_ONLY
CRD_DB277DCB29D047D6A9C6,쿠쿠이박사,106188,0,0,0,0,0,0,0,0,0,0,0,0,0,0,0,0,A_NO_PTS
CRD_6EBB0D6B60B34A9CAC8D,목호,100579,8000,1,0,0,0,0,0,0,0,0,0,0,0,0,0,0,A_NO_PTS
CRD_D80851B52D9A43F59EF6,갸라도스 ex,110729,1000,4,0,0,0,0,0,0,0,0,1,5789,0,0,0,0,PSA_ONLY
CRD_81C9A32B267046DDA955,고동치는달 ex,148947,6499,33,2,11940,5400,6,6200,5400,8,15864,36,17449,0,0,0,0,A_1M_OK
CRD_E770C792A1574872A1A8,화강돌,126709,1000,9,0,0,0,0,0,0,2,7240,11,6900,0,0,0,0,PSA_ONLY
CRD_A2F9A6312DF44494B8FF,카일리,100077,10000,35,0,0,0,1,10000,10000,3,22500,16,38699,0,0,0,0,A_3M_FB
CRD_AC613BBC6EE14C01A490,헬가,126694,1000,8,0,0,0,1,1480,1480,5,6800,12,6923,0,0,0,0,A_3M_FB
CRD_CB04FE06D4DE4ECAB7C5,몰드류,186442,1000,8,0,0,0,0,0,0,1,6180,4,6800,0,0,0,0,PSA_ONLY
CRD_36C025F4B7F545C0814D,마스터드 일격의 태세,126529,2000,1,0,0,0,0,0,0,0,0,1,6800,0,0,0,0,PSA_ONLY
CRD_2F4B432C1AE74911BACC,빙마 칼레오스 VMAX,96660,2500,5,0,0,0,0,0,0,2,13750,0,0,0,0,0,0,PSA_ONLY
CRD_9A65F3C67F2C4ECF8FFC,M라티오스 EX,382142,5300,13,0,0,0,0,0,0,2,16890,6,20000,0,0,1,6500,PSA_ONLY
CRD_D82F080A60144D05A9D5,이야후 ex,284956,1000,4,0,0,0,0,0,0,0,0,0,0,0,0,0,0,A_NO_PTS
CRD_5D69A490DCA54BE28B61,위대한엄니 ex,156439,1000,2,0,0,0,0,0,0,0,0,0,0,0,0,0,0,A_NO_PTS
CRD_561FF374668A4C52B7A9,루나아라 GX,388890,0,0,0,0,0,0,0,0,0,0,0,0,0,0,0,0,A_NO_PTS
CRD_3B5CF3B55F8242899616,코치 트레이너,104616,2000,15,0,0,0,0,0,0,0,0,3,7800,0,0,0,0,PSA_ONLY
CRD_626420F611AD49BAA98D,우락고래 ex,554343,1000,2,0,0,0,0,0,0,0,0,0,0,0,0,0,0,A_NO_PTS
CRD_6F3A522A92D245C5BD70,리자몽 V,91192,12000,123,2,17650,17500,12,17327,17500,21,37400,71,41700,3,16500,10,13875,A_1M_OK
CRD_3E430DB8963746CBBEDB,이브이&잠만보 GX,396368,5000,33,1,7500,7500,5,5733,7500,14,16666,46,18458,1,9999,5,7800,A_1M_OK
CRD_37AEC383935947D497E1,라우드본 ex,116073,1000,7,0,0,0,0,0,0,0,0,0,0,0,0,0,0,A_NO_PTS
CRD_39388984E7E045A1B1DA,칼라마네로 V,145431,0,0,0,0,0,0,0,0,0,0,0,0,0,0,0,0,A_NO_PTS
CRD_D4B65CC7BF784983ADB8,메가화염레오 ex,776348,1000,16,0,0,0,0,0,0,0,0,0,0,0,0,0,0,A_NO_PTS
CRD_B8B3074785EC350DEB26,라티아스&라티오스 GX,93097,258000,41,2,390000,380000,2,390000,380000,15,964000,48,898500,3,444444,14,329500,A_1M_OK
CRD_8B92FB178FE6408F833B,릴리에의 결심,663636,6999,183,16,7733,7475,57,8500,7475,31,22333,87,26349,14,7445,38,8000,A_1M_OK
CRD_1A2B7E3263BE4E328E23,마그비,146985,1000,5,0,0,0,1,1000,1000,1,6500,3,6899,0,0,0,0,A_3M_FB
CRD_CC1A5C8DB888413B9C1C,이야후 ex,284961,1000,3,0,0,0,0,0,0,0,0,1,7000,0,0,0,0,PSA_ONLY
CRD_F0387563D342474298CC,샤미드 ex,456933,7800,102,10,8700,8000,43,8500,8000,28,18296,87,18766,8,9000,19,9000,A_1M_OK
CRD_24E2B7E72A25492F960D,푸크린 ex,160958,1000,12,0,0,0,0,0,0,1,6990,2,7995,0,0,0,0,PSA_ONLY
CRD_678293733C984C86A7F2,순무,126522,0,0,0,0,0,0,0,0,0,0,0,0,0,0,0,0,A_NO_PTS
CRD_936083589DA54381B714,뮤츠 VSTAR,93010,5000,42,3,8900,8900,27,11000,8900,7,35450,26,41940,1,10500,1,10500,A_1M_OK
CRD_AE83ACAA6B9D4A4996BD,스쿨걸,141531,3000,2,0,0,0,0,0,0,0,0,0,0,0,0,0,0,A_NO_PTS
CRD_ADBCD39DE57C43EFADAA,단델,101671,3000,2,0,0,0,0,0,0,0,0,0,0,0,0,0,0,A_NO_PTS
CRD_A497F0378C1349F19C8B,에이스번 ex,318854,1000,3,0,0,0,0,0,0,0,0,0,0,0,0,0,0,A_NO_PTS
CRD_D0431A834EF34574BAAD,루기아 GX,335139,1000,46,1,5750,5750,8,6966,5750,5,23000,21,23800,0,0,3,6000,A_1M_OK
CRD_2BAD952E439344719A81,레쿠쟈 VMAX,96659,11500,109,0,0,0,20,39749,45000,22,67933,67,79999,0,0,5,30000,A_3M_FB
CRD_2942A77E70D64CD79DC5,킬가르도 ex,149403,1000,5,0,0,0,0,0,0,0,0,0,0,0,0,0,0,A_NO_PTS
CRD_611E90329796471CB2D4,갈가부기 V,145169,0,0,0,0,0,0,0,0,0,0,0,0,0,0,0,0,A_NO_PTS
CRD_4F945928CE844FBD8648,빠르모트,110919,1000,11,1,1000,1000,1,1000,1000,4,7518,9,7200,0,0,0,0,A_1M_OK
CRD_2202D899B2514A12A3B3,싸리용 ex,395717,1000,2,0,0,0,0,0,0,0,0,0,0,0,0,0,0,A_NO_PTS
CRD_9DC636DE48A4462F93A8,오거폰 우물의 가면 ex,256069,0,0,0,0,0,0,0,0,1,7980,1,7980,0,0,0,0,PSA_ONLY
CRD_B6CF092809C341D6B60F,미모사,110938,11111,242,9,13633,14500,27,15500,14500,21,42000,66,45908,10,11550,33,12800,A_1M_OK
CRD_DDAB514715144497A380,히스이 대검귀 VSTAR,103077,1000,12,0,0,0,3,1000,1000,7,7980,25,7980,0,0,0,0,A_3M_FB
CRD_2444A7B9A8EA415D8A2F,잠만보 VMAX,96566,12500,7,0,0,0,2,11400,11000,1,25800,6,25100,0,0,1,6999,A_3M_FB
CRD_9BA6F88491964B2489ED,데덴네 GX,104642,5000,3,0,0,0,1,4500,4500,1,35000,3,14800,0,0,0,0,A_3M_FB
CRD_B270EBD54E8C47AF8BA8,주혜,104900,4000,121,1,4800,4800,10,4940,4800,18,15500,56,15500,3,4900,5,4900,A_1M_OK
CRD_D73A0A8616924CE0A63E,스쿨보이,113263,2000,1,0,0,0,0,0,0,0,0,0,0,0,0,0,0,A_NO_PTS
CRD_7ECF8DBD726740498656,체렌의 배려심,139853,0,0,0,0,0,0,0,0,0,0,0,0,0,0,0,0,A_NO_PTS
CRD_1E093F6900FF4470B84E,카푸나비나 GX,106129,23000,2,0,0,0,0,0,0,0,0,0,0,0,0,0,0,A_NO_PTS
CRD_0D4FF129CB84410FBD8E,브리무음 V,103556,1000,3,0,0,0,0,0,0,0,0,0,0,0,0,0,0,A_NO_PTS
CRD_095AFC71458E492189E1,스코빌런,110922,1000,4,1,1000,1000,1,1000,1000,2,13400,7,6633,0,0,0,0,A_1M_OK
CRD_BDFAAB604BE94203ADDE,오거폰 벽록의 가면 ex,450720,1000,12,0,0,0,2,1000,1000,3,7500,5,7500,0,0,0,0,A_3M_FB
CRD_075869C1BFF3489794D1,거대코뿌리 V,145247,0,0,0,0,0,0,0,0,0,0,0,0,0,0,0,0,A_NO_PTS
CRD_E752F21DDE8C47718A45,포플러,122005,20000,1,0,0,0,0,0,0,0,0,0,0,0,0,0,0,A_NO_PTS
CRD_52B306F7D32545678508,뮤 ex,160147,2700,174,16,4600,4499,63,5500,4499,23,24989,76,24774,0,0,5,8500,A_1M_OK
CRD_799DF0D045214B7ABBDA,가라르 히히다루마 VMAX,145060,1000,1,0,0,0,0,0,0,0,0,0,0,0,0,0,0,A_NO_PTS
CRD_C5C509526A7B4DBFBF80,제빈,385173,1800,13,0,0,0,0,0,0,0,0,1,6500,0,0,0,0,PSA_ONLY
CRD_09EFFE8F5F8C4A58A5DD,파비코리 ex,152771,1000,7,0,0,0,0,0,0,1,7400,1,7400,0,0,0,0,PSA_ONLY
CRD_30A6CD03B29E4EAFA1C2,로켓단의 니로우,568316,1000,37,2,1500,2000,5,1100,2000,13,6888,37,6900,1,2600,3,2600,A_1M_OK
CRD_6844172254A344548A6C,코르니,91540,21500,19,0,0,0,0,0,0,2,135999,9,149999,0,0,0,0,PSA_ONLY
CRD_0E3F03D6041B4CED87B9,쪼마리,608539,1500,6,0,0,0,0,0,0,1,6899,0,0,0,0,0,0,PSA_ONLY
CRD_0B59FFD0541D47B4BE4A,알로라나인테일 GX,335606,1000,1,0,0,0,0,0,0,0,0,0,0,0,0,0,0,A_NO_PTS
CRD_AEDD3F6DAB77462C84BA,고릴타 VMAX,144769,1100,1,0,0,0,0,0,0,0,0,0,0,0,0,0,0,A_NO_PTS
CRD_5545BE5E05C5475FA8C2,플라이곤 V,139849,1000,3,0,0,0,0,0,0,1,6500,1,6500,0,0,0,0,PSA_ONLY
CRD_3ABEBDCF89194B049E06,이올브 VMAX,140994,0,0,0,0,0,0,0,0,0,0,0,0,0,0,0,0,A_NO_PTS
CRD_E6931B5F136B4A32907D,케르디오 ex,598911,1000,3,0,0,0,0,0,0,0,0,0,0,0,0,0,0,A_NO_PTS
CRD_E332BE039B64482B83AD,M샤크니아 EX,106273,69800,1,0,0,0,0,0,0,0,0,1,50000,0,0,0,0,PSA_ONLY
CRD_2BD642F0ABE84DA8BDCF,테라파고스 ex,325077,1780,3,0,0,0,1,1800,1800,1,7500,1,7500,0,0,0,0,A_3M_FB
CRD_D9B3211985F34D18B014,신비록 V,139499,0,0,0,0,0,0,0,0,0,0,0,0,0,0,0,0,A_NO_PTS
CRD_8C4814A402E140B9A2FC,텅구리 BREAK,390051,70000,2,0,0,0,0,0,0,0,0,0,0,0,0,0,0,A_NO_PTS
CRD_693D655002B04679AF62,메가리자몽Y ex,737018,5000,32,4,7950,8000,29,8966,8000,8,39250,10,39650,1,15100,1,15100,A_1M_OK
CRD_4194A800DB674EB6839A,이벨타르 EX,108509,119000,1,0,0,0,0,0,0,1,59500,0,0,0,0,0,0,PSA_ONLY
CRD_B294F7A527664134BFA8,버프론 ex,604153,1000,2,0,0,0,0,0,0,0,0,0,0,0,0,0,0,A_NO_PTS
CRD_56BC4E58C5934A90B2F1,버터플 VMAX,145254,0,0,0,0,0,0,0,0,0,0,0,0,0,0,0,0,A_NO_PTS
CRD_866593D4A5494DF285FE,이브이,737035,33000,175,18,78594,39000,73,84147,39000,22,154499,37,220000,8,41500,12,52500,A_1M_OK
CRD_69A3E53625B647AE962F,꿰뚫는화염 ex,171997,1000,2,0,0,0,0,0,0,0,0,0,0,0,0,0,0,A_NO_PTS
CRD_FC73F3539D0C406098D5,털보박사의 관찰,107429,9000,2,0,0,0,0,0,0,0,0,0,0,0,0,0,0,A_NO_PTS
CRD_9C12DFB82488442E9159,피죤투 ex,160950,1000,6,0,0,0,0,0,0,0,0,0,0,1,3980,1,3980,PSA_ONLY
CRD_57A6E71EBA0E4FD0B4A1,묘두기 ex,740545,0,0,0,0,0,0,0,0,0,0,0,0,0,0,0,0,A_NO_PTS
CRD_FE90D7E40EDE45F6B3D5,레시라무&리자몽 GX,395998,3300,39,2,6055,5480,12,5440,5480,15,19671,54,19292,3,7900,11,6580,A_1M_OK
CRD_6D78C3030D7942CB9EF0,레쿠쟈 EX,382167,10000,18,0,0,0,0,0,0,2,60249,4,49693,0,0,0,0,PSA_ONLY
CRD_9E959C4AF6BA480FA670,마기아나 EX,106688,80000,1,0,0,0,0,0,0,0,0,1,43000,0,0,0,0,PSA_ONLY
CRD_00D37F11A42A4F6EAD16,루기아 EX,406334,58000,2,0,0,0,0,0,0,0,0,0,0,0,0,0,0,A_NO_PTS
CRD_8EA74EA746054746A291,기라티나,447944,68000,7,0,0,0,0,0,0,0,0,2,443888,0,0,0,0,PSA_ONLY
CRD_599E7458ABA7436BA692,따라큐,706809,0,0,0,0,0,0,0,0,0,0,0,0,0,0,0,0,A_NO_PTS
CRD_A433CDC6DC8849CEA90A,꼬부기,151715,12999,26,2,14750,16500,14,14000,16500,16,36775,57,36780,2,12500,8,9950,A_1M_OK
CRD_0FDC1A9392234CDCB81C,가라르 프리져 V,143985,0,0,0,0,0,0,0,0,0,0,0,0,0,0,0,0,A_NO_PTS
CRD_B2E952D4AF8A4AED8F98,스트린더 V,145364,1000,1,0,0,0,0,0,0,0,0,0,0,0,0,0,0,A_NO_PTS
CRD_13901C5572724AADB8AA,팔데아 토오 ex,425286,0,0,0,0,0,0,0,0,0,0,0,0,0,0,0,0,A_NO_PTS
CRD_F78C2A2D2F374617AD49,페퍼의 마피티프 ex,531297,1000,3,0,0,0,0,0,0,0,0,0,0,0,0,0,0,A_NO_PTS
CRD_BF0F5557B756404B95E3,애프룡 V,144149,0,0,0,0,0,0,0,0,0,0,0,0,0,0,0,0,A_NO_PTS
CRD_7CB68EF6CB184B0FB066,흑마 버드렉스 V,141097,1000,2,0,0,0,0,0,0,0,0,0,0,0,0,0,0,A_NO_PTS
CRD_9D7E49141F244802BAB2,렌트라 ex,252097,1000,1,0,0,0,0,0,0,0,0,0,0,0,0,0,0,A_NO_PTS
CRD_50DE7B5127534FE2A569,게노세크트 V,141366,0,0,0,0,0,0,0,0,0,0,0,0,0,0,0,0,A_NO_PTS
CRD_F03763FBF2254275956B,M썬더볼트 EX,390528,10000,2,0,0,0,0,0,0,0,0,1,9900,0,0,0,0,PSA_ONLY
CRD_176BE23510B840A2A394,피카츄 ex,737036,190000,257,27,320000,237500,65,340000,237500,30,530274,92,578124,13,254000,46,287250,A_1M_OK
CRD_04F21DB3B3794D47B1C9,레지락 EX,385914,0,0,0,0,0,0,0,0,0,0,0,0,0,0,0,0,A_NO_PTS
CRD_57EB73076A4B471381A3,글레이시아 ex,434888,1000,17,1,1000,1000,1,1000,1000,1,6500,5,6826,0,0,2,2090,A_1M_OK
CRD_43184344379E4533B6E5,두빅굴 EX,390251,0,0,0,0,0,0,0,0,0,0,0,0,0,0,0,0,A_NO_PTS
CRD_C3A6BDB895B242D99F32,제라오라 VMAX,104997,1000,12,0,0,0,2,1033,1000,1,8000,3,8000,0,0,1,2100,A_3M_FB
CRD_5094F85922274E7CAC3C,블래키 ex,455596,58000,361,21,70000,60000,66,67687,60000,32,106834,93,108599,11,57500,42,57025,A_1M_OK
CRD_3610EE3BBB834DF6A0BF,밀로틱 ex,408326,1200,2,0,0,0,0,0,0,0,0,0,0,0,0,0,0,A_NO_PTS
CRD_27D9B5525E234D2E9F03,할비롱 V,380501,1000,1,0,0,0,0,0,0,0,0,0,0,0,0,0,0,A_NO_PTS
CRD_1696ABBCC85248FD81F5,쥬피썬더 EX,91457,59800,7,0,0,0,0,0,0,0,0,3,80000,0,0,0,0,PSA_ONLY
CRD_F55908E6632F40A5BE9A,오거폰 화덕의 가면 ex,466305,1000,3,0,0,0,0,0,0,0,0,0,0,0,0,0,0,A_NO_PTS
CRD_33FE80EB03934DEC8C07,파이리,151714,12000,32,7,21200,22000,30,18660,22000,20,61725,57,60500,2,20750,9,22000,A_1M_OK
CRD_644AB314E2154B318313,블랙큐레무 EX,405959,13000,6,0,0,0,0,0,0,1,350000,3,219800,0,0,1,45388,PSA_ONLY
CRD_D7B60917E9F749A78D85,피카츄&제크로무 GX,396023,4500,176,15,11800,10800,41,10800,10800,27,37800,77,36650,7,11604,17,9500,A_1M_OK
CRD_945783958D7C43BAA6E9,거북왕 ex,127778,1000,6,1,1000,1000,3,1000,1000,0,0,0,0,0,0,0,0,A_1M_OK
CRD_C577C809253F4820BC3C,M루카리오 EX,91456,98000,9,0,0,0,0,0,0,0,0,7,210000,0,0,0,0,PSA_ONLY
CRD_1ECDA429B4D74A1EB5F5,호브의 자시안 ex,489814,1000,7,0,0,0,0,0,0,0,0,0,0,0,0,0,0,A_NO_PTS
CRD_6BFE78CBD4924CF285F9,메가염무왕 ex,740279,1000,12,0,0,0,2,1800,2000,0,0,0,0,1,3999,1,3999,A_3M_FB
CRD_6B76266004034ADFAFE2,후딘 EX,389550,0,0,0,0,0,0,0,0,0,0,0,0,0,0,0,0,A_NO_PTS
CRD_B7DB6E711CE147A8BA79,히스이 모크나이퍼 VSTAR,139674,1000,1,0,0,0,0,0,0,0,0,0,0,0,0,0,0,A_NO_PTS
CRD_F24F4B7A40724DC2856C,대왕끼리동 VMAX,145404,0,0,0,0,0,0,0,0,0,0,0,0,0,0,0,0,A_NO_PTS
CRD_DEBF98B578D94A9486D2,무쇠가시 ex,440027,1000,7,0,0,0,0,0,0,0,0,0,0,0,0,0,0,A_NO_PTS
CRD_83D6D0B474EF4541A65D,히스이 조로아크 V,139409,1000,1,0,0,0,0,0,0,0,0,0,0,0,0,0,0,A_NO_PTS
CRD_84D9AB8184C644238C4E,제크로무 EX,408031,0,0,0,0,0,0,0,0,0,0,0,0,0,0,0,0,A_NO_PTS
CRD_2FB8CA83CF9D40F1A071,뮤 ex,659297,2000,1,0,0,0,0,0,0,0,0,0,0,0,0,0,0,A_NO_PTS
CRD_568ACA1A12854172B6CD,망망이,706812,0,0,0,0,0,0,0,0,0,0,0,0,0,0,0,0,A_NO_PTS
CRD_9327DCC9A6474DD0A15B,글레이시아 V,112522,1000,4,0,0,0,1,1000,1000,0,0,5,9000,0,0,1,4000,A_3M_FB
CRD_893BF8C4050E44B6ACFA,일격 우라오스 V,141113,3000,1,0,0,0,0,0,0,0,0,0,0,0,0,0,0,A_NO_PTS
CRD_2156FFB7752D47F99AC9,샤미드 GX,392730,2222,15,0,0,0,0,0,0,0,0,8,15236,0,0,3,4280,PSA_ONLY
CRD_83A1176A6F644DE9B1DB,레지락 EX,106282,40000,2,0,0,0,0,0,0,1,30000,3,34000,0,0,0,0,PSA_ONLY
CRD_E5348A86CBCB4A0586C9,쥬피썬더 EX,413380,7980,8,0,0,0,0,0,0,1,29500,7,36000,0,0,0,0,PSA_ONLY
CRD_371A341D2B024125AF8E,다크라이 GX,105433,1000,22,1,2999,2999,3,7800,2999,0,0,7,25480,0,0,1,12000,A_1M_OK
CRD_48149BF6BE82495A8F64,세레비 VMAX,141868,1000,7,0,0,0,0,0,0,1,8000,0,0,0,0,0,0,PSA_ONLY
CRD_BF34F5EA41394ACEBF4D,에이스번 V,380160,2000,1,0,0,0,0,0,0,0,0,0,0,0,0,0,0,A_NO_PTS
CRD_828C74272B23470D9991,그랑블루 V,380292,0,0,0,0,0,0,0,0,0,0,0,0,0,0,0,0,A_NO_PTS
CRD_86826BB15E1644AEB13C,어흥염 GX,389174,0,0,0,0,0,0,0,0,0,0,0,0,0,0,0,0,A_NO_PTS
CRD_CC4FD534DFA941C6B7AF,대여르 V,144513,0,0,0,0,0,0,0,0,0,0,0,0,0,0,0,0,A_NO_PTS
CRD_983C1870E97945BEA0AB,아르세우스 VSTAR,139827,1000,1,0,0,0,0,0,0,0,0,0,0,0,0,0,0,A_NO_PTS
CRD_C5F43E1D58DC4EB091BB,어써러셔 ex,542647,1000,2,0,0,0,0,0,0,0,0,0,0,0,0,0,0,A_NO_PTS
CRD_B3F163D4760E4999A3AE,히스이 대검귀 VSTAR,139686,1000,3,0,0,0,0,0,0,0,0,0,0,0,0,0,0,A_NO_PTS
CRD_2C36A353792C402C93E8,번치코 VMAX,141007,1000,7,0,0,0,0,0,0,0,0,0,0,0,0,0,0,A_NO_PTS
CRD_269A7AD114DA491CA9AC,레시라무 ex,585221,53000,78,5,74000,66000,31,76800,66000,29,108475,81,121500,6,63999,18,65000,A_1M_OK
CRD_6DB5111B654B472DAE5B,볼케니온 EX,106692,14500,3,0,0,0,0,0,0,0,0,2,32975,0,0,0,0,PSA_ONLY
CRD_5751676A34FF4B128A73,에브이 V,112524,1000,6,0,0,0,1,1500,1500,0,0,2,8878,0,0,2,6000,A_3M_FB
CRD_4705CE7F497346EB824F,가디안 VMAX,145282,3000,3,0,0,0,0,0,0,1,9800,0,0,0,0,0,0,PSA_ONLY
CRD_4E708DE56D9944CFB875,오리진 디아루가 VSTAR,103044,1000,6,0,0,0,0,0,0,1,8000,2,7350,0,0,1,4999,PSA_ONLY
CRD_0DF80E4557DE4819B172,나오하 ex,742517,1800,28,6,1687,1580,14,2400,1580,4,10940,13,14500,0,0,0,0,A_1M_OK
CRD_DFD109D6FD144DB3B19C,브리무음 VMAX,103555,1000,5,0,0,0,0,0,0,0,0,0,0,0,0,0,0,A_NO_PTS
CRD_482D1C2F5F0041739B92,나인테일 BREAK,106332,29000,5,0,0,0,0,0,0,0,0,0,0,0,0,0,0,A_NO_PTS
CRD_798D0C5E75B145E48C52,이벨타르 EX,379863,4980,1,0,0,0,0,0,0,0,0,0,0,0,0,0,0,A_NO_PTS
CRD_63550D89E20048CA8259,뮤츠 VSTAR,137080,1000,24,2,1000,1000,10,1000,1000,0,0,10,15650,0,0,0,0,A_1M_OK
CRD_C7743941CB94475DBB80,메가곤율거니 ex,730953,1000,105,3,1000,3999,20,1000,3999,28,7315,63,7466,2,3450,4,3550,A_1M_OK
CRD_3475D14B91764CC1A8DC,모르페코,706810,20000,1,0,0,0,0,0,0,0,0,0,0,0,0,0,0,A_NO_PTS
CRD_09AAD6A024434832A88A,이벨타르 EX,385932,7000,4,0,0,0,0,0,0,0,0,2,13750,0,0,0,0,PSA_ONLY
CRD_2F0ED241ED394BF6BF87,아이앤트 ex,414014,1000,1,0,0,0,0,0,0,0,0,0,0,0,0,0,0,A_NO_PTS
CRD_B7828F2ECCE840FB8105,디아루가 GX,105382,18000,4,0,0,0,0,0,0,0,0,1,30000,0,0,0,0,PSA_ONLY
CRD_7ADACFDF9777471C8C30,루카리오 ex,740576,1100,1,0,0,0,0,0,0,0,0,0,0,0,0,0,0,A_NO_PTS
CRD_B6033352C39D43F38651,프테라 VSTAR,136998,1000,4,0,0,0,0,0,0,1,7000,1,7000,0,0,0,0,PSA_ONLY
CRD_6C79F815204042AB91D4,킹크랩 VMAX,380171,0,0,0,0,0,0,0,0,0,0,0,0,0,0,0,0,A_NO_PTS
CRD_CC3B5E1F932A4EE9B2E9,카푸나비나 GX,335895,1000,1,0,0,0,0,0,0,0,0,0,0,0,0,0,0,A_NO_PTS
CRD_EF2B6A9927BF426B8D82,염버니,742507,3333,46,2,4174,3399,21,5999,3399,0,0,5,33000,0,0,0,0,A_1M_OK
CRD_40C9B79679FB427396C0,꿈트렁 ex,320247,1000,5,0,0,0,0,0,0,0,0,0,0,0,0,0,0,A_NO_PTS
CRD_63C895F49C5A421D9548,따라큐 VMAX,141089,1000,42,1,2000,2000,9,1000,2000,10,9350,35,9000,0,0,4,2950,A_1M_OK
CRD_0B802D98F17B44E8B194,카푸느지느 GX,335877,1000,1,0,0,0,0,0,0,0,0,0,0,0,0,0,0,A_NO_PTS
CRD_99CCE27B9E204E508DE3,갸라도스 VMAX,113250,1313,23,0,0,0,4,2550,2800,3,12300,15,14000,0,0,1,5555,A_3M_FB
CRD_79ED4A2D30A34E139A64,제르네아스 ex,425273,0,0,0,0,0,0,0,0,0,0,0,0,0,0,0,0,A_NO_PTS
CRD_85ACB08A9301857D6840,라티아스&라티오스 GX,396406,7777,14,0,0,0,0,0,0,3,54450,12,52799,0,0,1,12000,PSA_ONLY
CRD_26C2FFF3ECDC4C2B8EE6,보스의 지령,742520,9500,61,18,11500,10000,47,13475,10000,2,28900,12,39890,0,0,1,14000,A_1M_OK
CRD_3A57174859F8445CB9F0,괴력몬 VMAX,105002,1000,9,0,0,0,0,0,0,0,0,1,5680,0,0,0,0,PSA_ONLY
CRD_640F3D6A0BD2463986B1,우렁찬꼬리 ex,204138,1000,2,0,0,0,0,0,0,0,0,0,0,0,0,0,0,A_NO_PTS
CRD_F9B24EA402F141129620,레시라무 EX,407955,3500,3,0,0,0,0,0,0,0,0,0,0,0,0,0,0,A_NO_PTS
CRD_FFEB4B8D7D704A0DA7BA,이올브 V,144960,0,0,0,0,0,0,0,0,0,0,0,0,0,0,0,0,A_NO_PTS
CRD_1C909A7537014095872A,윽우지 V,145564,1000,1,0,0,0,0,0,0,0,0,0,0,0,0,0,0,A_NO_PTS
CRD_C1608F37F71B44D08013,M뮤츠 EX,91503,57000,15,0,0,0,0,0,0,3,264000,11,301000,0,0,1,79999,PSA_ONLY
CRD_C3AC7D22528745FE8E4B,따라큐 V,141088,1000,7,0,0,0,1,1000,1000,0,0,0,0,0,0,0,0,A_3M_FB
CRD_E410D811910849CDAFFA,크로뱃 V,144522,0,0,0,0,0,0,0,0,1,6980,2,6480,0,0,0,0,PSA_ONLY
CRD_8657995A6BC44F5DBF8E,뮤츠 V,137079,1000,36,2,1150,1100,6,1175,1100,2,13116,6,12400,0,0,0,0,A_1M_OK
CRD_E5C703C11C0E4FC2AA91,뮤,103085,4900,212,23,7186,7599,82,7500,7599,32,26725,93,27052,12,8850,30,9000,A_1M_OK
CRD_C3BE18AFFD494670BA91,연격 우라오스 V,141115,0,0,0,0,0,0,0,0,0,0,0,0,0,0,0,0,A_NO_PTS
CRD_A7F47D7A90F24520988F,심향의 칠색조 ex,518766,1000,2,0,0,0,0,0,0,0,0,0,0,0,0,0,0,A_NO_PTS
CRD_34B77E90E77E454D9E00,메가가디안 ex,628169,1000,29,0,0,0,0,0,0,0,0,1,5350,0,0,0,0,PSA_ONLY
CRD_F1CB7ED5CD064F76B004,M헬가 EX,107357,58000,4,0,0,0,0,0,0,1,50000,5,50000,0,0,0,0,PSA_ONLY
CRD_F6D2FC3117BF409384AD,그란돈 EX,391094,0,0,0,0,0,0,0,0,0,0,2,17499,0,0,0,0,PSA_ONLY
CRD_5667330F7AAF41858B63,윽우지 V,144596,0,0,0,0,0,0,0,0,0,0,0,0,0,0,0,0,A_NO_PTS
CRD_6867ED7294D14913A168,주박사,91590,20000,3,0,0,0,0,0,0,0,0,1,70000,0,0,0,0,PSA_ONLY
CRD_44A13E89FE7A4D61BDE0,헬가 EX,107359,49000,2,0,0,0,0,0,0,0,0,1,35000,0,0,0,0,PSA_ONLY
CRD_49258A0BD56C4E8CAAE1,샤크니아 EX,107430,25000,3,0,0,0,0,0,0,0,0,2,35500,0,0,0,0,PSA_ONLY
CRD_C284B6140DDE4A00A093,뮤 ex,128053,1000,13,3,1000,1000,5,1000,1000,1,20500,8,11300,0,0,0,0,A_1M_OK
CRD_AF23FC89109141A7AAF7,바랜드 V,380492,0,0,0,0,0,0,0,0,0,0,0,0,0,0,0,0,A_NO_PTS
CRD_FF1CF3010C544E30908E,큐레무 ex,584782,1000,1,0,0,0,0,0,0,0,0,0,0,0,0,0,0,A_NO_PTS
CRD_EED41E4D3D804537A93A,바오키 VSTAR,103557,1000,5,0,0,0,0,0,0,0,0,0,0,0,0,0,0,A_NO_PTS
CRD_B0FE7331201C44AB8455,리피아 VMAX,141655,1000,27,1,1000,1000,6,1200,1000,4,9040,15,8950,1,3250,1,3250,A_1M_OK
CRD_41BD351FBCE24334B7DD,나무킹 EX,391028,0,0,0,0,0,0,0,0,0,0,0,0,0,0,0,0,A_NO_PTS
CRD_EB9C07F79DA046F0824B,가디안 EX,381876,173000,2,0,0,0,0,0,0,0,0,0,0,0,0,0,0,A_NO_PTS
CRD_93C902F4C3BD4E53BAA0,마휘핑 VMAX,145093,4800,2,0,0,0,0,0,0,0,0,0,0,0,0,0,0,A_NO_PTS
CRD_3C0A4BD7A21440D38FB0,M가디안 EX,91529,50000,10,0,0,0,1,40000,40000,2,100000,3,102800,0,0,0,0,A_3M_FB
CRD_F5CC0C9882084007972C,메가루카리오 ex,722241,1000,123,17,1395,2150,67,1700,2150,30,12994,81,11759,2,3750,5,4444,A_1M_OK
CRD_11DE00F8CE7D4AF1B990,메가팬텀 ex,730952,2400,366,30,3838,3166,90,4398,3166,32,17033,93,18812,11,5700,34,5700,A_1M_OK
CRD_B95C9626B4BD40E69107,라프라스 VMAX,144398,1000,5,1,1780,1780,1,1780,1780,0,0,2,9150,0,0,0,0,A_1M_OK
CRD_56CD73E3F5C544A2B1AD,히스이 드레디어 VSTAR,139448,0,0,0,0,0,0,0,0,0,0,0,0,0,0,0,0,A_NO_PTS
CRD_D964095CC14B4504BFB1,초염몽,427646,0,0,0,0,0,0,0,0,0,0,0,0,0,0,0,0,A_NO_PTS
CRD_7069D05844E74942ADE8,얼음귀신 EX,107361,35000,5,0,0,0,0,0,0,1,26800,2,25900,0,0,0,0,PSA_ONLY
CRD_70689C813B324C93AC03,M강철톤 EX,106690,53000,4,0,0,0,0,0,0,0,0,4,45000,0,0,0,0,PSA_ONLY
CRD_AF1FDA799C6143DFA5A9,강철톤 EX,106691,74000,2,0,0,0,0,0,0,0,0,2,57499,0,0,1,15000,PSA_ONLY
CRD_EC8BBD7D28E54F38BB67,M뮤츠 EX,428826,3400000,1,0,0,0,0,0,0,0,0,0,0,0,0,0,0,A_NO_PTS
CRD_D4F9A637FFAE4231A8CB,굽이치는물결 ex,171998,1000,3,0,0,0,0,0,0,0,0,0,0,0,0,0,0,A_NO_PTS
CRD_F72B398C28494F5383EA,올리르바 ex,564902,1000,4,0,0,0,0,0,0,0,0,0,0,0,0,0,0,A_NO_PTS
CRD_5E38B57AA54A42D3BA96,음번 ex,425299,0,0,0,0,0,0,0,0,0,0,0,0,0,0,0,0,A_NO_PTS
CRD_B9C22C1213704F5AAF1B,무쇠잎새 ex,172004,1000,2,0,0,0,0,0,0,0,0,0,0,0,0,0,0,A_NO_PTS
CRD_065512D143D348EDBE3E,님피아 ex,434896,1000,19,1,1000,1000,2,1000,1000,0,0,5,7800,0,0,2,2239,A_1M_OK
CRD_25A858D01145493BB66AF82B8EA32B7C,메가리자몽Y ex,742562,550000,82,5,1300000,1000000,14,1290000,1000000,7,3350000,16,3514907,6,854500,19,999700,A_1M_OK
CRD_31A84E046FF1424F95D8,나루림,737034,2000,24,3,2500,2300,12,3000,2300,1,11500,1,11500,0,0,0,0,A_1M_OK
CRD_F2AAF0DDA03144BEA3E0,보만다 ex,502970,1000,4,0,0,0,0,0,0,0,0,0,0,0,0,0,0,A_NO_PTS
CRD_E78C55792AED472BA10A,갈가부기 VMAX,145170,0,0,0,0,0,0,0,0,0,0,0,0,0,0,0,0,A_NO_PTS
CRD_88C7D15F245C42D6BF77,쟝고 ex,740802,0,0,0,0,0,0,0,0,0,0,0,0,0,0,0,0,A_NO_PTS
CRD_6D7A01D810164EB8B111,흑마 버드렉스 V,141900,1000,1,0,0,0,0,0,0,0,0,0,0,0,0,0,0,A_NO_PTS
CRD_33D12892FE0A448BA1C5,골루그 V,141470,0,0,0,0,0,0,0,0,0,0,0,0,0,0,0,0,A_NO_PTS
CRD_91625DC1A887474895B5,무우마직,706807,0,0,0,0,0,0,0,0,0,0,0,0,0,0,0,0,A_NO_PTS
CRD_9CED595A24FE40AEBE4A,오거폰 우물의 가면 ex,466330,1000,3,0,0,0,0,0,0,0,0,0,0,0,0,0,0,A_NO_PTS
CRD_05103ACFA2DD4C54AC51,가디안 GX,112763,1000,8,0,0,0,0,0,0,1,11111,5,9395,0,0,1,4500,PSA_ONLY
CRD_F9B21FCBE1B640D5ACF7,과미드라 ex,466282,1000,4,0,0,0,0,0,0,0,0,0,0,0,0,0,0,A_NO_PTS
CRD_1CBBEBA5751D495C81D5,레지기가스 EX,108815,0,0,0,0,0,0,0,0,1,85000,1,85000,0,0,0,0,PSA_ONLY
CRD_AFBD5F78887542BAB486,마적의 히든볼트릭,108426,38999,1,0,0,0,0,0,0,0,0,0,0,0,0,0,0,A_NO_PTS
CRD_EC412671D4E6458C9C17,자시안 V,104999,1000,1,0,0,0,0,0,0,0,0,1,7000,0,0,0,0,PSA_ONLY
CRD_C9E479C530F64962AF8B,스트린더 V,144440,0,0,0,0,0,0,0,0,0,0,0,0,0,0,0,0,A_NO_PTS
CRD_9B730AEF79F94A5BB4C8,선배&후배,91533,49999,10,0,0,0,0,0,0,1,107900,10,104950,1,50000,1,50000,PSA_ONLY
CRD_7677BD40116548CBA138,포켓몬 레인저,91478,32222,1,0,0,0,0,0,0,0,0,1,26800,0,0,1,10000,PSA_ONLY
CRD_F8D9E7AF24C1484482DA,뮤츠&뮤 GX,321540,4000,68,9,9305,6200,33,9000,6200,13,37450,45,37600,6,8750,12,8500,A_1M_OK
CRD_DFD865A2FA88435EBF11,디아루가 GX,336652,4000,1,0,0,0,0,0,0,1,8800,2,8800,0,0,0,0,PSA_ONLY
CRD_D434D4DB501B4AF68A68,두파팡 GX,396010,0,0,0,0,0,0,0,0,0,0,0,0,0,0,0,0,A_NO_PTS
CRD_2297ECA873FB4C6EB5C5,신비록 V,105008,1300,2,0,0,0,0,0,0,0,0,0,0,0,0,0,0,A_NO_PTS
CRD_D3C57F0250DF425CBA58,파치래곤 VMAX,143984,0,0,0,0,0,0,0,0,0,0,0,0,0,0,0,0,A_NO_PTS
CRD_096403B193C94990A6F0,잠만보 VMAX,113238,2199,31,0,0,0,10,5833,7000,9,19900,34,19158,1,5800,2,4800,A_3M_FB
CRD_40ACC9AF379C44558884,디아루가,109391,0,0,0,0,0,0,0,0,0,0,0,0,0,0,0,0,A_NO_PTS
CRD_C0A365CA88A64A5BB52A,멜메탈 VMAX,137097,1000,2,0,0,0,0,0,0,0,0,0,0,0,0,0,0,A_NO_PTS
CRD_46675A842A144D9E84CF,가디안 EX,387185,16000,1,0,0,0,0,0,0,0,0,0,0,0,0,0,0,A_NO_PTS
CRD_6A29DC1A64574E9A92BE,다태우지네 V,144391,0,0,0,0,0,0,0,0,0,0,0,0,0,0,0,0,A_NO_PTS
CRD_DD4F767B8C314FCDBAF1,펄기아,109392,354043,1,0,0,0,0,0,0,1,198000,2,173000,0,0,0,0,PSA_ONLY
CRD_F92441CD205348ABA0D0,민화의 덩쿠리,737033,8000,67,11,11000,10000,44,18099,10000,17,39325,33,46949,1,17300,1,17300,A_1M_OK
CRD_923FDD3D9ED34C4EAC1E,돌헨진 VMAX,145548,0,0,0,0,0,0,0,0,0,0,0,0,0,0,0,0,A_NO_PTS
CRD_9D7643B219DF4580B85F,청목의 찌르호크,742516,1979,16,4,2300,2400,15,2500,2400,0,0,1,10000,0,0,0,0,A_1M_OK
CRD_614DE1758C59451FBC92,라티아스 ex,730119,1000,31,0,0,0,0,0,0,0,0,0,0,0,0,0,0,A_NO_PTS
CRD_235AEB6FAEA54083A5AF,무쇠암석 ex,740628,2100,4,0,0,0,0,0,0,0,0,0,0,0,0,0,0,A_NO_PTS
CRD_E435A503560845A4897E,칼라마네로 VMAX,145399,3000,1,0,0,0,0,0,0,0,0,0,0,0,0,0,0,A_NO_PTS
CRD_31207730A1244D4BA676,멜메탈 ex,129875,0,0,0,0,0,0,0,0,0,0,0,0,0,0,0,0,A_NO_PTS
CRD_113220EE585F46CDB3E3,부스터 GX,392710,1000,16,0,0,0,0,0,0,2,16500,11,17000,0,0,1,4980,PSA_ONLY
CRD_7258B944611440859FD1,입치트 VSTAR,95251,1000,3,0,0,0,0,0,0,0,0,0,0,0,0,0,0,A_NO_PTS
CRD_EECF74BA4EA14E1AAA42,에써르 V,113234,0,0,0,0,0,0,0,0,0,0,0,0,0,0,0,0,A_NO_PTS
CRD_A313B53B087D4A94B80A,쥬피썬더 V,112523,1000,3,0,0,0,1,1000,1000,1,8500,4,8249,0,0,1,4000,A_3M_FB
CRD_6372ABB03C6D49E1B035,부스터 VMAX,96656,29800,2,0,0,0,0,0,0,0,0,4,6950,0,0,0,0,PSA_ONLY
CRD_F42B7FFB1122449DB183,님피아 V,112525,1000,12,0,0,0,0,0,0,0,0,5,8400,0,0,0,0,PSA_ONLY
CRD_3A8D2EC8D99B4D7B9450,샹델라 EX,408085,10000,1,0,0,0,0,0,0,0,0,0,0,0,0,0,0,A_NO_PTS
CRD_E493F0082A45481EA7EE,샤미드 V,112521,1000,4,0,0,0,0,0,0,0,0,5,9000,0,0,0,0,PSA_ONLY
CRD_55135DAC7D1B4FF1AB6D,드래피 VSTAR,137008,8000,2,0,0,0,0,0,0,0,0,0,0,0,0,0,0,A_NO_PTS
CRD_85C6AB0CD75440EFA091,레시라무 ex,730075,1000,14,0,0,0,0,0,0,0,0,0,0,0,0,0,0,A_NO_PTS
CRD_FA4844F80C824187B97C,뮤츠 V,103043,1000,18,1,1000,1000,3,1000,1000,3,14008,7,13800,0,0,0,0,A_1M_OK
CRD_2BE0C7968F004557B9AB,자포코일 VSTAR,139337,1000,2,0,0,0,0,0,0,0,0,0,0,0,0,0,0,A_NO_PTS
CRD_4E59295B4DF14431A9B7,가라르 야도킹 VMAX,144007,0,0,0,0,0,0,0,0,0,0,0,0,0,0,0,0,A_NO_PTS
CRD_74B902EF7172401CA468,메더 ex,740590,0,0,0,0,0,0,0,0,0,0,0,0,0,0,0,0,A_NO_PTS
CRD_2938D81021984B85A99B,로켓단의 페르시온 ex,737030,1900,2,0,0,0,0,0,0,0,0,0,0,0,0,0,0,A_NO_PTS
CRD_E6B830D04BBE49598E61,제라오라 VSTAR,104998,1000,5,0,0,0,0,0,0,0,0,0,0,0,0,0,0,A_NO_PTS
CRD_442D7542AFE94FA494F3,대여르 V,145389,0,0,0,0,0,0,0,0,0,0,0,0,0,0,0,0,A_NO_PTS
CRD_46402F0A4DE7492785D0,게노세크트 V,103052,1000,3,0,0,0,0,0,0,0,0,0,0,0,0,0,0,A_NO_PTS
CRD_042E784E8ED640CF929D,루카리오 GX,338399,2000,1,0,0,0,0,0,0,2,18999,4,17000,0,0,0,0,PSA_ONLY
CRD_329E5AFEC48D4C2B8D03,괴력몬 GX,335542,8900,1,0,0,0,0,0,0,0,0,0,0,0,0,0,0,A_NO_PTS
CRD_0045DA17CE1F46BFB915,팬텀 V,380374,1100,5,0,0,0,1,1000,1000,5,16900,14,10375,0,0,1,5990,A_3M_FB
CRD_35DC69B18FE34A239272,글레이시아 VMAX,141674,1000,20,0,0,0,6,1850,1200,4,9333,15,9466,0,0,0,0,A_3M_FB
CRD_2D3476E6CBAD4BDCB062,메타몽 VMAX,144571,1234,10,2,1600,2200,10,1800,2200,0,0,3,12900,0,0,0,0,A_1M_OK
CRD_B13EADBBACFC415DBE7D,레지기가스 VSTAR,103533,1000,3,0,0,0,0,0,0,0,0,0,0,0,0,0,0,A_NO_PTS
CRD_34634E0B83674493958D,메가저리더프 ex,730949,1000,109,2,2625,4000,19,1000,4000,29,7200,63,7500,0,0,0,0,A_1M_OK
CRD_D462517CFC6F4930A7AC,무한다이노 V,144547,9800,1,0,0,0,0,0,0,0,0,0,0,0,0,0,0,A_NO_PTS
CRD_16371A443973483F81FA,리자몽 GX,334993,6666,9,1,9499,9499,3,9499,9499,2,24625,10,29899,0,0,1,5500,A_1M_OK
CRD_8F6DB567A7EF4D5F9742,제크로무 ex,585213,49500,109,6,80000,80000,34,82999,80000,31,114000,86,130000,7,59999,29,63000,A_1M_OK
CRD_294D19F698F24BE39387,나무킹 EX,385862,3000,3,0,0,0,0,0,0,1,11500,0,0,0,0,0,0,PSA_ONLY
CRD_9965F1D5629D4B62B22A,N의 조로아크 ex,727386,1000,12,0,0,0,0,0,0,0,0,0,0,0,0,0,0,A_NO_PTS
CRD_2A25393A383641F7BD29,안농 VSTAR,100549,1000,2,0,0,0,0,0,0,0,0,0,0,0,0,0,0,A_NO_PTS
CRD_600E014CD3CD4A00BD0B,무한다이노 VMAX,145208,0,0,0,0,0,0,0,0,0,0,0,0,0,0,0,0,A_NO_PTS
CRD_B02D8C31DB1A44969F52,가이오가 EX,91530,40000,4,0,0,0,0,0,0,0,0,5,140000,0,0,2,56499,PSA_ONLY
CRD_5D2CBBAD2CD244CCBB58,토게키스 VMAX,145117,0,0,0,0,0,0,0,0,0,0,0,0,0,0,0,0,A_NO_PTS
CRD_D2A40714424C4D3E9F8C,비주기의 계획,91505,19800,5,0,0,0,0,0,0,1,43888,4,39999,0,0,1,18000,PSA_ONLY
CRD_2F3643AC21E84F689C43,쉐이미 EX,382170,2000,2,0,0,0,0,0,0,0,0,0,0,0,0,0,0,A_NO_PTS
CRD_DAA35F1AF62C4F308C37,브리두라스 ex,730165,1000,12,0,0,0,0,0,0,0,0,0,0,0,0,0,0,A_NO_PTS
CRD_7FBA603DD96943F5B7F0,후파 EX,385430,0,0,0,0,0,0,0,0,0,0,0,0,0,0,0,0,A_NO_PTS
CRD_DB83835D9CEC4025A0CC,루가루암 VMAX,141480,0,0,0,0,0,0,0,0,0,0,0,0,0,0,0,0,A_NO_PTS
CRD_CFB2CC925A0E4568A262,망나뇽 VSTAR,137099,1000,28,2,1000,1000,3,1000,1000,1,10000,11,9400,0,0,0,0,A_1M_OK
CRD_59D148E4C2854E5AAA96,마기라스 V,144188,0,0,0,0,0,0,0,0,0,0,0,0,0,0,0,0,A_NO_PTS
CRD_BBF48E2A085C4050AA8B,글레이시아,91708,50000,3,0,0,0,0,0,0,1,225000,2,227500,0,0,0,0,PSA_ONLY
CRD_9522A25A78764F77B225,M리자몽 EX,91459,280000,17,0,0,0,0,0,0,4,680000,17,750000,1,300000,2,332500,PSA_ONLY
CRD_51808E684CD64F418E0A,기라티나 VSTAR,103065,1000,15,0,0,0,5,1000,1000,3,9500,14,9500,0,0,0,0,A_3M_FB
CRD_3358929E8924485E949B,크로뱃 VMAX,144523,2700,3,0,0,0,0,0,0,0,0,0,0,0,0,0,0,A_NO_PTS
CRD_E7759AA33E7B4CA9AE03,피카츄 VMAX,144983,1000,40,1,3288,3288,10,2000,3288,6,13200,33,13845,0,0,4,3750,A_1M_OK
CRD_054B8B1A8D90438899B1,보스로라 EX,108545,0,0,0,0,0,0,0,0,0,0,0,0,0,0,0,0,A_NO_PTS
CRD_D1558B6044BA433EB434,스트린더 VMAX,144441,0,0,0,0,0,0,0,0,0,0,0,0,0,0,0,0,A_NO_PTS
CRD_17B76AFFA5794001AF52,에브이 VMAX,96655,3400,4,0,0,0,1,1000,1000,0,0,2,13499,0,0,0,0,A_3M_FB
CRD_B4500EAE366644C09065,무한다이노 VMAX,144548,1000,3,0,0,0,0,0,0,0,0,0,0,0,0,0,0,A_NO_PTS
CRD_6FF014B0CBF4472C9593,마릴,742510,4000,57,6,6499,4400,27,7000,4400,8,21999,19,29500,0,0,0,0,A_1M_OK
CRD_ECE7FABDE832461FA694,M팬텀 EX,390547,0,0,0,0,0,0,0,0,0,0,2,319500,0,0,0,0,PSA_ONLY
CRD_366F8C52670645088A5A,흑마 버드렉스 VMAX,141098,1200,4,0,0,0,0,0,0,0,0,0,0,0,0,0,0,A_NO_PTS
CRD_F643E727312F4F1FBE79,캥카 EX,391115,0,0,0,0,0,0,0,0,0,0,0,0,0,0,0,0,A_NO_PTS
CRD_FFE751C555274A6BAA16,히스이 붐볼 V,139313,0,0,0,0,0,0,0,0,0,0,0,0,0,0,0,0,A_NO_PTS
CRD_8EAA19E6FCD243AC89C9,대로트 VMAX,113247,1500,1,0,0,0,0,0,0,0,0,0,0,0,0,0,0,A_NO_PTS
CRD_DC67C08A742F4CD7BB2D,사다이사 VMAX,141773,1500,2,0,0,0,0,0,0,0,0,0,0,0,0,0,0,A_NO_PTS
CRD_7DBBE204F9F7473293E8,킬라플로르 ex,132210,1000,4,0,0,0,0,0,0,0,0,0,0,0,0,0,0,A_NO_PTS
CRD_D4D97671FD8C454A8A1C,크레세리아,109372,150000,2,0,0,0,0,0,0,0,0,0,0,0,0,0,0,A_NO_PTS
CRD_BA4BEE00353244F580C5,메가망나뇽 ex,730954,1300,312,27,1985,1500,87,2450,1500,32,12936,93,13785,13,5000,26,4525,A_1M_OK
CRD_AAFE59E917F54C8FB509,에몽가 EX,108507,2000,7,0,0,0,0,0,0,2,39495,5,38990,0,0,0,0,PSA_ONLY
CRD_13D179FEFB764051B2F2,찌리리공 ex,740413,1000,4,0,0,0,0,0,0,0,0,0,0,0,0,0,0,A_NO_PTS
CRD_0BDC07CD5DF04DCC8A26,M레쿠쟈 EX,382168,8000,28,0,0,0,1,17000,17000,2,58316,12,57016,0,0,0,0,A_3M_FB
CRD_C9F48C426CE14CFFA191,이상해씨,151713,10000,33,2,13250,14500,15,12000,14500,14,39749,51,36000,6,10999,18,10999,A_1M_OK
CRD_F85FB69630DE4832A47E,펄스멍 V,380271,0,0,0,0,0,0,0,0,0,0,0,0,0,0,0,0,A_NO_PTS
CRD_F193258A02084B2CA026,요씽리스 V,380503,0,0,0,0,0,0,0,0,0,0,0,0,0,0,0,0,A_NO_PTS
CRD_E09FFF926F714D9E8A49,리피아 VSTAR,104994,1000,9,0,0,0,1,1000,1000,0,0,6,7225,0,0,0,0,A_3M_FB
CRD_DB71489497854EF98781,M가디안 EX,91476,32000,3,0,0,0,0,0,0,3,155555,6,110124,0,0,0,0,PSA_ONLY
CRD_89951F6DCCFD4A329C78,두랄루돈 V,141503,9000,1,0,0,0,0,0,0,0,0,0,0,0,0,0,0,A_NO_PTS
CRD_71D80DC21CF94EA294AF,쉐이미 EX,385958,3500,3,0,0,0,0,0,0,0,0,0,0,0,0,0,0,A_NO_PTS
CRD_F7FE6279B4A147BC9CD1,릴리에의 삐삐 ex,742429,52000,157,23,84874,78125,60,116498,78125,27,188771,81,229316,10,98500,28,100000,A_1M_OK
CRD_6E77943864C749F5B25A,메가디안시 ex,730950,1000,149,4,1500,4999,22,1215,4999,27,8510,71,8156,0,0,4,3500,A_1M_OK
CRD_290E399FA6ED4C67A8C8,히스이 미끄래곤 VSTAR,139403,0,0,0,0,0,0,0,0,0,0,0,0,0,0,0,0,A_NO_PTS
CRD_9AEA052EE47E4F54822F,피카츄 VMAX,141047,1000,92,6,1749,1799,29,2000,1799,21,12963,67,13800,2,10695,10,4219,A_1M_OK
CRD_877457DF732E4A2C8C7F,원시가이오가 EX,91527,39990,4,0,0,0,0,0,0,0,0,1,180000,1,75000,3,75000,PSA_ONLY
CRD_5B5AD56134634293963C,루기아 ex,425296,1000,15,0,0,0,2,1840,2480,2,10249,11,11000,0,0,0,0,A_3M_FB
CRD_634203B063A54BAD8C11,괴력몬,449075,30000,1,0,0,0,0,0,0,0,0,0,0,0,0,0,0,A_NO_PTS
CRD_AA56EE51E5024865B7F9,제르네아스 EX,108510,0,0,0,0,0,0,0,0,0,0,0,0,0,0,0,0,A_NO_PTS
CRD_1164B69A14F3417EBA5C,부스터 V,380135,1000,2,0,0,0,0,0,0,0,0,0,0,0,0,0,0,A_NO_PTS
CRD_ED0874E360244839B36D,엠페르트,427766,0,0,0,0,0,0,0,0,0,0,0,0,0,0,0,0,A_NO_PTS
