snkrdunk_product_number,set_norm,number,rarity,snkrdunk_title,used_listing_count,snkrdunk_apparel_id,snkrdunk_image_url,falsematch_our_card_id,falsematch_our_name,falsematch_score,action
pkmn-tcg-SV-P-260,SVP,260,,トウホクのピカチュウ P [SV-P 260](スペシャルBOX「ポケモンセンタートウホク」),649,618445,https://cdn.snkrdunk.com/upload_bg_removed/20250613060628-2.webp,,,,ADD_CANDIDATE
pkmn-tcg-SV-P-289,SVP,289,,フクオカのピカチュウ P [SV-P 289](スペシャルBOX「ポケモンセンターフクオカ」),491,618447,https://cdn.snkrdunk.com/upload_bg_removed/20250613060628-1.webp,,,,ADD_CANDIDATE
pkmn-tcg-SV-P-261,SVP,261,,ヒロシマのピカチュウ P [SV-P 261](スペシャルBOX「ポケモンセンターヒロシマ」),442,618446,https://cdn.snkrdunk.com/upload_bg_removed/20250613060629-3.webp,,,,ADD_CANDIDATE
pkmn-tcg-S-P-208,SP,208,,ピカチュウ:プロモ [S-P 208](「YU NAGABA×ポケモンカードゲーム」プロモーションカード「S-P」),242,106796,https://cdn.snkrdunk.com/upload_bg_removed/20250223012350-0.webp,,,,ADD_CANDIDATE
pkmn-tcg-S-P-265,SP,265,,ピカチュウVMAX: プロモ P [S-P 265](月刊コロコロコミック2022年2月号付録),234,328774,https://cdn.snkrdunk.com/upload_bg_removed/20240720081712-0.webp,CRD_E9EFB5201D7543CF9A76,피카츄 VMAX,0.8836,ADD_CANDIDATE
pkmn-tcg-S-P-272,SP,272,,ピカチュウ: プロモ P [S-P 272](プロモーションカード「S-P」),219,289056,https://cdn.snkrdunk.com/upload_bg_removed/20240610030912-0.webp,CRD_1EB1317E215A4D5FABEE,피카츄,0.6362,ADD_CANDIDATE
pkmn-tcg-SV-P-291,SVP,291,,ピカチュウ P [SV-P 291](プロモーションカード「SV-P」),187,705192,https://cdn.snkrdunk.com/upload_bg_removed/pkmn-tcg-SV-P-291-of.webp,,,,ADD_CANDIDATE
pkmn-tcg-S-P-210,SP,210,,レックウザV: プロモ P [S-P 210](プロモーションカード「S-P」),184,292633,https://cdn.snkrdunk.com/upload_bg_removed/pkmn-tcg-S-P-210.webp,,,,ADD_CANDIDATE
pkmn-tcg-SV-P-SM-218,SVPSM,218,,ピカチュウ P [SV-P 218](プロモカードパック「ポケカの夏がキタ！プロモカードGetキャンペーン！」),182,332798,https://cdn.snkrdunk.com/upload_bg_removed/pkmn-tcg-SV-P-SM-218-of.webp,CRD_0902F4E6CC9047A98559,피카츄,0.9013,ADD_CANDIDATE
pkmn-tcg-S8a-P-011,S8AP,11,,マグマ団のグラードン: プロモ [S8a-P 011/025](プロモカードパック 25th ANNIVERSARY edition),161,286964,https://cdn.snkrdunk.com/upload_bg_removed/pkmn-tcg-S8a-P-011.webp,,,,ADD_CANDIDATE
pkmn-tcg-SV-P-SM-216,SVPSM,216,,ピカチュウ P [SV-P 216](プロモカードパック「ポケカの夏がキタ！プロモカードGetキャンペーン！」),139,332796,https://cdn.snkrdunk.com/upload_bg_removed/pkmn-tcg-SV-P-SM-216-of.webp,CRD_7EBB72125E6E436B8589,피카츄,0.6928,ADD_CANDIDATE
pkmn-tcg-S-P-227-226,SP227,226,,ピカチュウ: プロモ[S-P 227](プロモーションカード 「ポケモン切手BOX 見返り美人・月に雁セット」),134,91118,https://cdn.snkrdunk.com/upload_bg_removed/20240611021904-0.webp,CRD_D0443324171B2CC0D77258357000A417,스탬프박스 피카츄,0.7406,ADD_CANDIDATE
pkmn-tcg-SA-P-003,SAP,3,,レックウザ P [S-P 003](プロモーションカード「スターターセットV 購入特典」),113,666686,https://cdn.snkrdunk.com/upload_bg_removed/20250804014845-0.webp,CRD_6D78C3030D7942CB9EF0,레쿠쟈 EX,0.7053,ADD_CANDIDATE
pkmn-tcg-SV-P-067,SVP,67,,ブラッキー: プロモ (ナガバブラッキー) [SV-P 067](「YU NAGABA×ポケモンカードゲーム」プロモーションカード「SV-P」),110,122059,https://cdn.snkrdunk.com/upload_bg_removed/20230523021334-0.webp,,,,ADD_CANDIDATE
pkmn-tcg-IDN-SV-P-190,IDNSVP,190,,バティックシャツを着たピカチュウ (フラワーピカチュウ柄) P [SV-P 190]【インドネシア語版】(ピカチュウのインドネシアジャーニー),109,708760,https://cdn.snkrdunk.com/upload_bg_removed/pkmn-tcg-IDN-SV-P-190-of.webp,,,,ADD_CANDIDATE
pkmn-tcg-XY-P-Movie-155,XYPMOVIE,155,,フーパ P (開封済) [XY-P 155](プロモーションカード「フーパのおでまし～！アルバムセット 映画公開記念」),109,408743,https://cdn.snkrdunk.com/upload_bg_removed/20241004101026-0.webp,CRD_FD0EEE3A4AF547399878,후파,0.8472,ADD_CANDIDATE
pkmn-tcg-S-P-124,SP,124,,ピカチュウ: プロモ P [S-P 124](ピカピカ！ピカチュウ！プロモカードキャンペーン),101,334018,https://cdn.snkrdunk.com/upload_bg_removed/20240728031731-0.webp,CRD_2F1F77D90BA84F3E8C7D,피카츄,0.7904,ADD_CANDIDATE
pkmn-tcg-S-P-125,SP,125,,ピカチュウ: プロモ P [S-P 125](ピカピカ！ピカチュウ！プロモカードキャンペーン),96,334019,https://cdn.snkrdunk.com/upload_bg_removed/20240728031745-0.webp,CRD_7EBB72125E6E436B8589,피카츄,0.6997,ADD_CANDIDATE
pkmn-tcg-S-P-267,SP,267,,アルセウスV: プロモ[S-P 267](プロモーションカード「S-P」),91,128518,https://cdn.snkrdunk.com/upload_bg_removed/20230620035555-0.webp,CRD_C8B01F160C314B17A057,삼삼드래 ex,0.6963,ADD_CANDIDATE
pkmn-tcg-S8a-P-015,S8AP,15,,サーナイトex δ-デルタ種 P [S8a-P 015/025](プロモカードパック「25th ANNIVERSARY edition」),91,230981,https://cdn.snkrdunk.com/upload_bg_removed/20240325092334-0.webp,CRD_46675A842A144D9E84CF,가디안 EX,0.693,ADD_CANDIDATE
pkmn-tcg-S-P-126,SP,126,,ピカチュウ: プロモ P [S-P 126](ピカピカ！ピカチュウ！プロモカードキャンペーン),88,334020,https://cdn.snkrdunk.com/upload_bg_removed/20240728031802-0.webp,,,,ADD_CANDIDATE
pkmn-tcg-SM-P-367,SMP,367,,ピカチュウ P [SM-P 367](プロモーションカード「スペシャルジャンボカードパック ミュウツー＆ミュウGX」),85,407854,https://cdn.snkrdunk.com/upload_bg_removed/pkmn-tcg-7327650-yu.webp,CRD_7EBB72125E6E436B8589,피카츄,0.6998,ADD_CANDIDATE
pkmn-tcg-SM-P-270,SMP,270,,レッドのピカチュウ: プロモ[SM-P 270](プロモーションカード「SM-P」),84,107447,https://cdn.snkrdunk.com/upload_bg_removed/20221219042024-0.webp,,,,ADD_CANDIDATE
pkmn-tcg-S-P-122,SP,122,,ピカチュウV: プロモ P [S-P 122](ピカピカ！ピカチュウ！プロモカードキャンペーン),79,334017,https://cdn.snkrdunk.com/upload_bg_removed/20240728031718-0.webp,CRD_D56048415DA2405E9DBC,피카츄 V,0.8343,ADD_CANDIDATE
pkmn-tcg-XY-P-XY6-CP-122,XYPXY6CP,122,,レックウザEX P [XY-P 122](拡張パック「エメラルドブレイク ポケモンカードチャンスキャンペーン」),76,411766,https://cdn.snkrdunk.com/upload_bg_removed/pkmn-tcg-7314666-yu.webp,CRD_4EC3A525E385456A88F0,레쿠쟈 EX,0.8699,ADD_CANDIDATE
pkmn-tcg-XY-P-CRCR1-123,XYPCRCR1,123,,レックウザEX P [XY-P 123](プロモーションカード「月刊コロコロイチバン！ 2015年4月号付録」),76,411767,https://cdn.snkrdunk.com/upload_bg_removed/pkmn-tcg-7314667-yu.webp,CRD_AA4A41F8F67F4044A169,레쿠쟈 EX,0.8463,ADD_CANDIDATE
pkmn-tcg-SM-P-325,SMP,325,,お茶会ごっこピカチュウ: プロモ[SM-P 325](プロモーションカード「SM-P」),73,91260,https://cdn.snkrdunk.com/upload_bg_removed/20240614012535-0.webp,,,,ADD_CANDIDATE
pkmn-tcg-S8a-P-006,S8AP,6,,ロケット団参上！: プロモ[S8a-P 006/025](プロモカードパック 25th ANNIVERSARY edition),73,199043,https://cdn.snkrdunk.com/upload_bg_removed/20240211054745-0.webp,,,,ADD_CANDIDATE
pkmn-tcg-S8a-P-018,S8AP,18,,ガブリアスC LV.X: プロモ [S8a-P 018](プロモカードパック 25th ANNIVERSARY edition),73,286967,https://cdn.snkrdunk.com/upload_bg_removed/pkmn-tcg-S8a-P-018.webp,CRD_F1CB7ED5CD064F76B004,M헬가 EX,0.6309,ADD_CANDIDATE
pkmn-tcg-S8a-P-023,S8AP,23,,ゼルネアスEX: プロモ [S8a-P 023](プロモカードパック 25th ANNIVERSARY edition),70,286969,https://cdn.snkrdunk.com/upload_bg_removed/20240607075514-0.webp,CRD_4D37677B8AA341108958,제르네아스 EX,0.9329,ADD_CANDIDATE
pkmn-tcg-M-P-043,MP,43,,ロケット団のミュウツーex P [M-P 043](メガ「プロモーションカード」),69,745687,https://cdn.snkrdunk.com/upload_bg_removed/pkmn-tcg-2025-12-26-2-016-of.webp,CRD_B2272D4D776044FE9ABF,로켓단의 뮤츠 ex,0.846,ADD_CANDIDATE
pkmn-tcg-PROMO-030,PROMO,30,,リザードンEX PROMO [030/XY-P] (2014年コロコロコミック3月号付録),66,182581,https://cdn.snkrdunk.com/upload_bg_removed/pkmn-tcg-PROMO-030.webp,CRD_DBCFA7ECE36342E69356,리자몽 EX,0.9239,ADD_CANDIDATE
pkmn-tcg-KR-SV-P-173,KRSVP,173,,メタモン P [SV-P 173]【韓国語版】(ポケモンタウン2025 with ロッテ),64,606347,https://cdn.snkrdunk.com/upload_bg_removed/20250531092924-0.webp,,,,ADD_CANDIDATE
pkmn-tcg-SM-P-392,SMP,392,,海で遊ぶピカチュウ: プロモ [SM-P 392](プロモーションカード「SM-P」),63,107448,https://cdn.snkrdunk.com/upload_bg_removed/20221219042224-0.webp,,,,ADD_CANDIDATE
pkmn-tcg-S-P1-024,SP1,24,,ピカチュウ: プロモ P [S-P 024](ポケモンカードゲーム ソード&シールド 「プロモカードパック 第1弾」),63,298872,https://cdn.snkrdunk.com/upload_bg_removed/20240619085615-4.webp,CRD_CDF7188601734FA48B24,피카츄,0.9057,ADD_CANDIDATE
pkmn-tcg-SV-P-196,SVP,196,,イーブイ P [SV-P-SM 196](プロモカードパック「ポケカバトルをはじめよう！キャンペーン」),62,332792,https://cdn.snkrdunk.com/upload_bg_removed/pkmn-tcg-SV-P-SM-196-of.webp,,,,ADD_CANDIDATE
pkmn-tcg-S-P-143,SP,143,,リザードン 第2回イラストグランプリ: プロモ[S-P 143](プロモーションカード「S-P」),58,128520,https://cdn.snkrdunk.com/upload_bg_removed/20230620051000-0.webp,CRD_67BA3BC34CA2443FAB1C,리자몽 EX,0.635,ADD_CANDIDATE
pkmn-tcg-BW-P-0078-235,BWP0078,235,,イーブイ P (開封済) [BW-P 235](プロモーションカード「セブンイレブン ポケモンスタンプラリー2013」),56,415567,https://cdn.snkrdunk.com/upload_bg_removed/pkmn-tcg-7314511-yu.webp,CRD_E4269732BF5E4DAE84E6,부스터 EX,0.6346,ADD_CANDIDATE
pkmn-tcg-S-P-121,SP,121,,ピカチュウV P [S-P 121](ソード＆シールド「プロモーションカード」),54,727720,https://cdn.snkrdunk.com/upload_bg_removed/pkmn-tcg-121-S-P-ot.webp,CRD_7F6CC76C333E432E9B6A,피카츄 V,0.7088,ADD_CANDIDATE
pkmn-tcg-S8a-P-009,S8AP,9,,ピィ P [S8a-P 009/025](プロモカードパック 25th ANNIVERSARY edition),54,185276,https://cdn.snkrdunk.com/upload_bg_removed/20240122053705-0.webp,,,,ADD_CANDIDATE
pkmn-tcg-S8a-P-019,S8AP,19,,ドンファン: プロモ [S8a-P 019](プロモカードパック 25th ANNIVERSARY edition),54,286968,https://cdn.snkrdunk.com/upload_bg_removed/pkmn-tcg-S8a-P-019.webp,,,,ADD_CANDIDATE
pkmn-tcg-SM-P-401,SMP,401,,アローラの仲間たち: プロモ[SM-P 401](プロモーションカード「SM-P」),53,93046,https://cdn.snkrdunk.com/upload_bg_removed/20230629020006-0.webp,CRD_E22C2110EB8743EFA3E1,팔데아의 학생,0.7186,ADD_CANDIDATE
pkmn-tcg-SV-P-066,SVP,66,,エーフィ: プロモ [SV-P 066](「YU NAGABA×ポケモンカードゲーム」プロモーションカード「SV-P」),52,122058,https://cdn.snkrdunk.com/upload_bg_removed/20240229032259-0.webp,,,,ADD_CANDIDATE
pkmn-tcg-SV-P-270,SVP,270,,ロケット団のサカキ P [SV-P 270](プロモーションカード「ポケモンカードゲーム×BOSS 割るだけクラフトボスカフェ2本パック付属」),50,553313,https://cdn.snkrdunk.com/upload_bg_removed/20250327014149-0.webp,,,,ADD_CANDIDATE
pkmn-tcg-SV-P-070,SVP,70,,ニンフィア: プロモ [SV-P 070](「YU NAGABA×ポケモンカードゲーム」プロモーションカード「SV-P」),47,122062,https://cdn.snkrdunk.com/upload_bg_removed/20230523021629-0.webp,,,,ADD_CANDIDATE
pkmn-tcg-SM-P-237,SMP,237,,ルギア P [SM-P 237](GXスタートデッキ「Wルギアキャンペーン」),47,407397,https://cdn.snkrdunk.com/upload_bg_removed/pkmn-tcg-7325745-yu.webp,,,,ADD_CANDIDATE
pkmn-tcg-cn-SV-P-057,CNSVP,57,,ピカチュウ P [SV-P 057]【中国語版】(プロモーションカード「台北オープン記念」),45,520383,https://cdn.snkrdunk.com/upload_bg_removed/20250210031440-0.webp,CRD_B30DFCBCDFBA21BE1C07,피카츄,0.6261,ADD_CANDIDATE
pkmn-tcg-SV-P-259,SVP,259,,ロケット団のニャース P [SV-P 259](プロモーションカード「コロコロイチバン2025年7・8月号 付録」),44,573267,https://cdn.snkrdunk.com/upload_bg_removed/20250521040304-0.webp,,,,ADD_CANDIDATE
pkmn-tcg-S-P-292,SP,292,,カイリューV P [S-P 292](プロモーションカード「S-P」),44,653126,https://cdn.snkrdunk.com/upload_bg_removed/20250717101239-0.webp,CRD_F42BA8F04DBE4AD9A8D0,망나뇽 V,0.6541,ADD_CANDIDATE
pkmn-tcg-S10b-P-290,S10BP,290,,ゼニガメ P [S-P 290](プロモーションカード「ポケモン GO ギフトキャンペーン」),44,666716,https://cdn.snkrdunk.com/upload_bg_removed/20250804025027-3.webp,,,,ADD_CANDIDATE
pkmn-tcg-SV-P-062,SVP,62,,イーブイ: プロモ [SV-P 062](「YU NAGABA×ポケモンカードゲーム」プロモーションカード「SV-P」),43,122054,https://cdn.snkrdunk.com/upload_bg_removed/20230522100840-0.webp,,,,ADD_CANDIDATE
pkmn-tcg-SV-P-068,SVP,68,,リーフィア: プロモ [SV-P 068](「YU NAGABA×ポケモンカードゲーム」プロモーションカード「SV-P」),43,122060,https://cdn.snkrdunk.com/upload_bg_removed/20230523021416-0.webp,,,,ADD_CANDIDATE
pkmn-tcg-S8a-P-025,S8AP,25,,カプ・テテフGX: プロモ [S8a-P 025](プロモカードパック 25th ANNIVERSARY edition),43,286970,https://cdn.snkrdunk.com/upload_bg_removed/pkmn-tcg-S8a-P-025.webp,CRD_CC3B5E1F932A4EE9B2E9,카푸나비나 GX,0.8196,ADD_CANDIDATE
pkmn-tcg-SV-P-065,SVP,65,,ブースター: プロモ [SV-P 065](「YU NAGABA×ポケモンカードゲーム」プロモーションカード「SV-P」),42,122057,https://cdn.snkrdunk.com/upload_bg_removed/20230522104222-0.webp,,,,ADD_CANDIDATE
pkmn-tcg-SV-P-069,SVP,69,,グレイシア: プロモ [SV-P 069](「YU NAGABA×ポケモンカードゲーム」プロモーションカード「SV-P」),42,122061,https://cdn.snkrdunk.com/upload_bg_removed/20230523021515-0.webp,,,,ADD_CANDIDATE
pkmn-tcg-SV-P-063,SVP,63,,シャワーズ: プロモ [SV-P 063](「YU NAGABA×ポケモンカードゲーム」プロモーションカード「SV-P」),41,122055,https://cdn.snkrdunk.com/upload_bg_removed/20230522100923-0.webp,,,,ADD_CANDIDATE
pkmn-tcg-SM-P-080,SMP,80,,リーリエ: プロモ[SM-P 080](プロモーションカード「スペシャルBOX リーリエ&コスモッグ」),40,91232,https://cdn.snkrdunk.com/upload_bg_removed/20250123095517-0.webp,,,,ADD_CANDIDATE
pkmn-tcg-S-P-161,SP,161,,ブラッキー: プロモ P [S-P 161](ポケモンカードゲーム ソード&シールド 「プロモカードパック 第5弾」),39,299244,https://cdn.snkrdunk.com/upload_bg_removed/pkmn-tcg-161-yu.webp,,,,ADD_CANDIDATE
pkmn-tcg-S10b-P-289,S10BP,289,,ヒトカゲ P [S-P 289](プロモーションカード「ポケモン GO ギフトキャンペーン」),39,666714,https://cdn.snkrdunk.com/upload_bg_removed/20250804025027-2.webp,,,,ADD_CANDIDATE
pkmn-tcg-SV-P-074,SVP,74,,ピカチュウ: プロモ[SV-P 074](「タント×ポケモンカードゲーム」プロモーションカード「SV-P」),38,132896,https://cdn.snkrdunk.com/upload_bg_removed/pkmn-tcg-SV-P-074.webp,,,,ADD_CANDIDATE
pkmn-tcg-S8a-P-017,S8AP,17,,レントラーGL LV.X: プロモ [S8a-P 017](プロモカードパック 25th ANNIVERSARY edition),38,286966,https://cdn.snkrdunk.com/upload_bg_removed/pkmn-tcg-S8a-P-017.webp,CRD_24EBBFED607C41D7B562,조로아,0.6538,ADD_CANDIDATE
pkmn-tcg-XY-P-WGCP-079,XYPWGCP,79,,MゲンガーEX P [XY-P 079](プロモーションカード「白いメガゲンガーキャンペーン 対象商品購入者プレゼント」),38,411732,https://cdn.snkrdunk.com/upload_bg_removed/pkmn-tcg-7314623-yu.webp,CRD_AFB2E1221F7B49C4B30F,M팬텀 EX,0.811,ADD_CANDIDATE
pkmn-tcg-SV-P-064,SVP,64,,サンダース: プロモ [SV-P 064](「YU NAGABA×ポケモンカードゲーム」プロモーションカード「SV-P」),37,122056,https://cdn.snkrdunk.com/upload_bg_removed/20230522101011-0.webp,CRD_C0FD791CFBCB5AE1036E,레시라무 V,0.659,ADD_CANDIDATE
pkmn-tcg-S8a-P-016,S8AP,16,,ネンドール: プロモ [S8a-P 016](プロモカードパック 25th ANNIVERSARY edition),34,286963,https://cdn.snkrdunk.com/upload_bg_removed/pkmn-tcg-S8a-P-016.webp,,,,ADD_CANDIDATE
pkmn-tcg-PKP-AC-043,PKPAC,43,,ポケパークのピカチュウ P [PCG-P 043](プロモーションカード「ポケパーク ルギアのくるくるシップ」),34,452687,https://cdn.snkrdunk.com/upload_bg_removed/pkmn-tcg-7307063-na.webp,CRD_F962598C2D154F409151,피카츄,0.7323,ADD_CANDIDATE
pkmn-tcg-M-P-022,MP,22,,リオル P [M-P 022](プロモカードパック「マクドナルド ハッピーセット2025」),34,671488,https://cdn.snkrdunk.com/upload_bg_removed/pkmn-tcg-M-P-022-of.webp,CRD_5AA4F2695B3D4CB48B68,루카리오,0.7721,ADD_CANDIDATE
pkmn-tcg-SM-P-287,SMP,287,,イーブイ ムンク展: プロモ[SM-P 287](プロモーションカード「SM-P」),33,100093,https://cdn.snkrdunk.com/upload_bg_removed/20221018030906-0.webp,,,,ADD_CANDIDATE
pkmn-tcg-M-P-033,MP,33,,おいわいファンファーレ P [M-P 033](プロモーションカード「チャンピオンシップシリーズ 2025 獲得CSP30～79ポイント 賞品」),32,704198,https://cdn.snkrdunk.com/upload_bg_removed/pkmn-tcg-M-P-033-of.webp,,,,ADD_CANDIDATE
pkmn-tcg-DP-P-093-094-095,DPP093094,95,,ピカチュウLV.12 [DP-P 095](プロモーションカード「バトルロード スプリング★2008 来場記念カード」),32,453285,https://cdn.snkrdunk.com/upload_bg_removed/pkmn-tcg-7313206-yu.webp,CRD_243B025EA81342949B2D,피카츄,0.664,ADD_CANDIDATE
pkmn-tcg-SM-P-290,SMP,290,,モクロー ムンク展: プロモ[290 SM-P](プロモーションカード「SM-P」),31,100092,https://cdn.snkrdunk.com/upload_bg_removed/20221018030609-0.webp,,,,ADD_CANDIDATE
pkmn-tcg-S10b-P-287,S10BP,287,,フシギダネ P [S-P 287](プロモーションカード「ポケモン GO ギフトキャンペーン」),31,666715,https://cdn.snkrdunk.com/upload_bg_removed/20250804025027-1.webp,,,,ADD_CANDIDATE
pkmn-tcg-SM-P-224,SMP,224,,ピカチュウ: プロモ[SM-P 224](プロモーションカード「SM-P」),30,91252,https://cdn.snkrdunk.com/upload_bg_removed/7325733.webp,,,,ADD_CANDIDATE
pkmn-tcg-SM-P-307,SMP,307,,ピカチュウ: プロモ [SM-P 307](プロモーションカード「SM-P」),30,107553,https://cdn.snkrdunk.com/upload_bg_removed/20221219071651-0.webp,CRD_C01B9679589B47678C03,피카츄,0.7772,ADD_CANDIDATE
pkmn-tcg-S8a-P-004,S8AP,4,,にせオーキドはかせ: プロモ [S8a-P 004](プロモカードパック 25th ANNIVERSARY edition),30,286962,https://cdn.snkrdunk.com/upload_bg_removed/pkmn-tcg-S8a-P-004.webp,,,,ADD_CANDIDATE
pkmn-tcg-S8a-P-013,S8AP,13,,ロケット団の幹部: プロモ [S8a-P 013](プロモカードパック 25th ANNIVERSARY edition),29,286965,https://cdn.snkrdunk.com/upload_bg_removed/pkmn-tcg-S8a-P-013.webp,,,,ADD_CANDIDATE
pkmn-tcg-SV-P-174,SVP,174,,おいわいファンファーレ P [SV-P 174](プロモーションカード「チャンピオンシップシリーズ 2024 獲得CSP30ポイント 賞品」),27,342779,https://cdn.snkrdunk.com/upload_bg_removed/20240802063705-0.webp,,,,ADD_CANDIDATE
pkmn-tcg-IDN-SV-P-155,IDNSVP,155,,バティックシャツを着たピカチュウ (ヒトデマン柄) P [SV-P 155]【インドネシア語版】(ピカチュウのインドネシアジャーニー),26,708759,https://cdn.snkrdunk.com/upload_bg_removed/pkmn-tcg-IDN-SV-P-155-of.webp,,,,ADD_CANDIDATE
pkmn-tcg-SM-P-400,SMP,400,,ピカチュウ: プロモ[SM-P 400](プロモーションカード「SM-P」),26,93060,https://cdn.snkrdunk.com/upload_bg_removed/20240518060259-0.webp,,,,ADD_CANDIDATE
pkmn-tcg-SM-P-308,SMP,308,,かんこうきゃく: プロモ [SM-P 308](プロモーションカード「SM-P」),26,107557,https://cdn.snkrdunk.com/upload_bg_removed/20221219072431-0.webp,,,,ADD_CANDIDATE
pkmn-tcg-M-P-019,MP,19,,クワッス P [M-P 019](プロモカードパック「マクドナルド ハッピーセット2025」),26,671485,https://cdn.snkrdunk.com/upload_bg_removed/pkmn-tcg-M-P-019-of.webp,,,,ADD_CANDIDATE
pkmn-tcg-SM-P-211,SMP,211,,桜アフロのピカチュウ: プロモ[SM-P 211](プロモーションカード「SM-P」),25,91251,https://cdn.snkrdunk.com/upload_bg_removed/20240617063510-0.webp,,,,ADD_CANDIDATE
pkmn-tcg-SM-P-291,SMP,291,,ピカチュウ: プロモ[SM-P 291](プロモーションカード「SM-P」),25,93081,https://cdn.snkrdunk.com/upload_bg_removed/20240812092922-5.webp,CRD_7EBB72125E6E436B8589,피카츄,0.8153,ADD_CANDIDATE
pkmn-tcg-XY-P-DRKPPC-037,XYPDRKPPC,37,,ダークライ P [XY-P 037](プロモーションカード「幻のポケモン ダークライのオリジナルキラカードプレゼントキャンペーン」),25,411694,https://cdn.snkrdunk.com/upload_bg_removed/pkmn-tcg-7314576-yu.webp,,,,ADD_CANDIDATE
pkmn-tcg-BW-P-0030-115,BWP0030,115,,ブラッキー P [BW-P 115/BW-P](プロモーションカード「ダークラッシュキャンペーンパック」),25,415472,https://cdn.snkrdunk.com/upload_bg_removed/pkmn-tcg-7314397-yu.webp,,,,ADD_CANDIDATE
pkmn-tcg-M-P-070,MP,70,,ヤドン P [M-P 070](ポケモンカードゲームMEGA「プロモカードパック 第3弾」),25,757134,https://cdn.snkrdunk.com/upload_bg_removed/pkmn-tcg-2026-01-30-001-of.webp,CRD_494E55E7C59E4B6DA4E3,야도란 EX,0.6421,ADD_CANDIDATE
pkmn-tcg-SM-P-286,SMP,286,,コダック ムンク展: プロモ[286 SM-P](プロモーションカード「SM-P」),23,100091,https://cdn.snkrdunk.com/upload_bg_removed/20221018030304-0.webp,,,,ADD_CANDIDATE
pkmn-tcg-SM-P-108,SMP,108,,ピカチュウ P :ミラー [SM-P 108](ポケモンカードジム「夏フェス2017 参加賞」),23,253253,https://cdn.snkrdunk.com/upload_bg_removed/20240421065557-0.webp,CRD_8D798C34EC514D40851D,피카츄,0.851,ADD_CANDIDATE
pkmn-tcg-SM-P-393,SMP,393,,ピカチュウGX: プロモ[SM-P 393](プロモーションカード「SM-P」),22,93069,https://cdn.snkrdunk.com/upload_bg_removed/20230628052555-0.webp,CRD_F2B2E546E51145C0BB3F,피카츄 V,0.7148,ADD_CANDIDATE
pkmn-tcg-IDN-SV-P-154,IDNSVP,154,,バティックシャツを着たピカチュウ (ネイティオ柄) P [SV-P 154]【インドネシア語版】(ピカチュウのインドネシアジャーニー),21,708758,https://cdn.snkrdunk.com/upload_bg_removed/pkmn-tcg-IDN-SV-P-154-of.webp,,,,ADD_CANDIDATE
pkmn-tcg-S-P-306,SP,306,,おいわいファンファーレ: プロモ P [S-P 306](プロモーションカード「S-P」2022),21,289441,https://cdn.snkrdunk.com/upload_bg_removed/20240610033903-0.webp,,,,ADD_CANDIDATE
pkmn-tcg-IDN-SV-P-101,IDNSVP,101,,バティックシャツを着たピカチュウ (ピカチュウ柄) P [SV-P 101]【インドネシア語版】(ピカチュウのインドネシアジャーニー),20,708757,https://cdn.snkrdunk.com/upload_bg_removed/pkmn-tcg-IDN-SV-P-101-of.webp,,,,ADD_CANDIDATE
pkmn-tcg-SV-P-134,SVP,134,,カイリューEX P [SV-P 134](プロモーションカード「エクストラバトルの日(2024年) プロモカードパック」),20,172043,https://cdn.snkrdunk.com/upload_bg_removed/pkmn-tcg-SV-P-134-20231225.webp,CRD_0121009428B847BEBE66,망나뇽 EX,0.8305,ADD_CANDIDATE
pkmn-tcg-S-P-232,SP,232,,ポッチャマ：プロモ P [S-P 232](プロジェクトポッチャマ プロモーションカード),20,291940,https://cdn.snkrdunk.com/upload_bg_removed/20240611015430-0.webp,,,,ADD_CANDIDATE
pkmn-tcg-SM-P-245,SMP,245,,イーブイ P [SM-P 245](プロモーションカード「GXスタートバトル ～イーブイゲットだぜ～」),20,407401,https://cdn.snkrdunk.com/upload_bg_removed/pkmn-tcg-7325751-yu.webp,CRD_3ED9185116C84CE4B8E5,찬란한 이브이,0.6337,ADD_CANDIDATE
pkmn-tcg-PMCG-P-0080,PMCGP,80,,そらをとぶピカチュウ LV.12 : 旧裏 [PMCG-P](プロモーションカード「ANA ジェットでゲットだ！Wチャンスキャンペーン」),20,467856,https://cdn.snkrdunk.com/upload_bg_removed/pkmn-tcg-7302868-yu.webp,,,,ADD_CANDIDATE
pkmn-tcg-SV-P-241,SVP,241,,オーダイル [SV-P 241](プロモカードパック「イラストレーションコンテスト 2024 受賞作品プロモカード化記念キャンペーン」),20,518773,https://cdn.snkrdunk.com/upload_bg_removed/pkmn-tcg-SV-P-241-of.webp,,,,ADD_CANDIDATE
pkmn-tcg-M-P-021,MP,21,,ラルトス P [M-P 021](プロモカードパック「マクドナルド ハッピーセット2025」),20,671487,https://cdn.snkrdunk.com/upload_bg_removed/pkmn-tcg-M-P-021-of.webp,,,,ADD_CANDIDATE
pkmn-tcg-SM-P-276,SMP,276,,ピカチュウ: プロモ[SM-P 276](プロモーションカード「SM-P」),19,93079,https://cdn.snkrdunk.com/upload_bg_removed/20230628053912-0.webp,CRD_4B160DDD24C54ACA8B72,피카츄,0.7628,ADD_CANDIDATE
pkmn-tcg-XY-P-139,XYP,139,,オールナイトパーティ: プロモ[XY-P 139/XY-P](プロモーションカード「XY-P」),19,128519,https://cdn.snkrdunk.com/upload_bg_removed/20230620035756-0.webp,,,,ADD_CANDIDATE
pkmn-tcg-SM-P-342-343,SMP342,343,,ミュウ P [SM-P 342](プロモーションカード「TAG TEAM GX スターターデラックスセット」),19,407834,https://cdn.snkrdunk.com/upload_bg_removed/pkmn-tcg-7327456-yu.webp,CRD_956D4472B05C4FCF9992,뮤,0.6991,ADD_CANDIDATE
pkmn-tcg-PKP-AC-047,PKPAC,47,,ポケパークのアチャモ P [PCG-P 047](プロモーションカード「ポケパーク ルギアのくるくるシップ」),19,452691,https://cdn.snkrdunk.com/upload_bg_removed/pkmn-tcg-7307067-yu.webp,,,,ADD_CANDIDATE
pkmn-tcg-PMCG-P-0029,PMCGP,29,,くいしんぼカビゴン P : 旧裏 [PMCG-P](プロモーションカード「ニンテンドー64 Wゲットだぜキャンペーン」),19,467419,https://cdn.snkrdunk.com/upload_bg_removed/pkmn-tcg-7302814-yu.webp,CRD_68A361083D184172982D,잠만보,0.6241,ADD_CANDIDATE
pkmn-tcg-SV-P-262,SVP,262,,コダック P [SV-P 262](プロモカードパック「第10弾」),19,565129,https://cdn.snkrdunk.com/upload_bg_removed/20250411072345-2.webp,,,,ADD_CANDIDATE
pkmn-tcg-M-P-018,MP,18,,ホゲータ P [M-P 018](プロモカードパック「マクドナルド ハッピーセット2025」),19,671484,https://cdn.snkrdunk.com/upload_bg_removed/pkmn-tcg-M-P-018-of.webp,,,,ADD_CANDIDATE
pkmn-tcg-SM-P-003,SMP,3,,ピカチュウ: プロモ[SM-P 003](プロモーションカード「SM-P」),18,91263,https://cdn.snkrdunk.com/upload_bg_removed/7325519.webp,CRD_2951B02D3BE7488DA649,피카츄,0.7114,ADD_CANDIDATE
pkmn-tcg-DP-P-0062-109,DPP0062,109,,現実世界のギラティナ [DP-P 109](プロモーションカード「コレクションチャレンジ 映画ギラティナと氷空の花束シェイミ 劇場入場者プレゼントカード」),18,453294,https://cdn.snkrdunk.com/upload_bg_removed/pkmn-tcg-7313220-yu.webp,CRD_36FC9D7A34B947999101,기라티나 EX,0.6862,ADD_CANDIDATE
pkmn-tcg-SC-30th-P-002,SC30THP,2,,ヒトカゲ プロモ [30th-P 002]【中国語版(簡体字)】(スカーレット&バイオレット「30周年記念 最初のパートナー スペシャルアート ホロカードセット Vol.1」),18,775835,https://cdn.snkrdunk.com/upload_bg_removed/pkmn-tcg-2026-03-10-P-002-of.webp,,,,ADD_CANDIDATE
pkmn-tcg-SM-P-366,SMP,366,,リザードン: プロモ[SM-P 366](プロモーションカード「SM-P」),17,93077,https://cdn.snkrdunk.com/upload_bg_removed/20220901020221-0.webp,,,,ADD_CANDIDATE
pkmn-tcg-SM-P-371,SMP,371,,イーブイ P [SM-P 371](プロモーションカード「ポケモンカードフレンドリィショップ 限定キャンペーン」),17,407857,https://cdn.snkrdunk.com/upload_bg_removed/pkmn-tcg-7327654-yu.webp,,,,ADD_CANDIDATE
pkmn-tcg-M-P-017,MP,17,,ニャオハ P [M-P 017](プロモカードパック「マクドナルド ハッピーセット2025」),17,671483,https://cdn.snkrdunk.com/upload_bg_removed/pkmn-tcg-M-P-017-of.webp,,,,ADD_CANDIDATE
pkmn-tcg-SM-P-168,SMP,168,,ピカチュウ: プロモ [SM-P 168](プロモーションカード「SM-P」),16,107570,https://cdn.snkrdunk.com/upload_bg_removed/20221219074051-0.webp,CRD_8D798C34EC514D40851D,피카츄,0.8702,ADD_CANDIDATE
pkmn-tcg-SV-P-033,SVP,33,,イーブイ: プロモ [SV-P 033](「 ポケモンカードゲーム教室」プロモーションカード「SV-P」),16,139119,https://cdn.snkrdunk.com/upload_bg_removed/20230915084918-0.webp,,,,ADD_CANDIDATE
pkmn-tcg-PMCG-P-137,PMCGP,137,,かっこいいポリゴン P: 旧裏 [PROMO No.137](プロモーションカード「ニンテンドー64 Wゲットだぜキャンペーン」),16,309456,https://cdn.snkrdunk.com/upload_bg_removed/pkmn-tcg-7302813-yu.webp,,,,ADD_CANDIDATE
pkmn-tcg-SH-P-019,SHP,19,,ピカチュウV RR仕様 [SH 019/053](ファミリーポケモンカードゲーム「ピカチュウV」),16,379601,https://cdn.snkrdunk.com/upload_bg_removed/80257f4b-4a5e-4090-b569-c2781efa9706.webp,CRD_ABED7ECAA2C04766839E,피카츄 V,0.8616,ADD_CANDIDATE
pkmn-tcg-XY-P-VJMP14-11-055,XYPVJMP1411,55,,ゲンガーソウルリンク P [XY-P 055](プロモーションカード「Vジャンプ 2014年11月特大号付録」),16,411712,https://cdn.snkrdunk.com/upload_bg_removed/pkmn-tcg-7314595-yu.webp,,,,ADD_CANDIDATE
pkmn-tcg-PKP-AC-041,PKPAC,41,,レックウザ P [PCG-P 041](プロモーションカード「ポケパーク ルギアのくるくるシップ」),16,452685,https://cdn.snkrdunk.com/upload_bg_removed/pkmn-tcg-7307061-yu.webp,CRD_69C818D4E150495ABB8B,레쿠쟈 EX,0.7638,ADD_CANDIDATE
pkmn-tcg-cn-SV-P-153,CNSVP,153,,ピカチュウ (皮卡丘) P [SV-P 153]【中国語版】(プロモーションカード「5周年記念カード」),16,459741,https://cdn.snkrdunk.com/upload_bg_removed/20241125014324-0.webp,,,,ADD_CANDIDATE
pkmn-tcg-PMCG-P-0057,PMCGP,57,,そらをとぶピカチュウ LV.11 : 旧裏 [PMCG-P](プロモーションカード「ANAポケモンジェット'99就航記念 ・みんなにうれしい キャンペーン」),16,467538,https://cdn.snkrdunk.com/upload_bg_removed/pkmn-tcg-7302842-yu.webp,CRD_7EBB72125E6E436B8589,피카츄,0.6935,ADD_CANDIDATE
pkmn-tcg-PMCG-P-0090,PMCGP,90,,サンダー P : 旧裏 [PMCG-P](プロモーションカード「ANA みんなにうれしいキャンペーン」),16,467862,https://cdn.snkrdunk.com/upload_bg_removed/pkmn-tcg-7302880-yu.webp,,,,ADD_CANDIDATE
pkmn-tcg-XY-P-FM-COC-209,XYPFMCOC,209,,ゲッコウガ P [XY-P 209](プロモーションカード「ファミリーマート プレゼントキャンペーン オリジナルカード」),15,413413,https://cdn.snkrdunk.com/upload_bg_removed/pkmn-tcg-7314755-yu.webp,CRD_906A3DF2C7B04997AE4D,개굴닌자 EX,0.6769,ADD_CANDIDATE
pkmn-tcg-SM-P-055,SMP,55,,イースターのピカチュウ: プロモ[SM-P 055](プロモーションカード「SM-P」),14,91222,https://cdn.snkrdunk.com/upload_bg_removed/7325571.webp,,,,ADD_CANDIDATE
pkmn-tcg-SM-P-005,SMP,5,,サッポロのピカチュウ: プロモ[SM-P 005](プロモーションカード「SM-P」),14,91243,https://cdn.snkrdunk.com/upload_bg_removed/7325521.webp,,,,ADD_CANDIDATE
pkmn-tcg-S-P-075,SP,75,,イーブイ: プロモ P [S-P 075](ポケモンカードゲーム ソード&シールド 「プロモカードパック 第3弾」),14,299229,https://cdn.snkrdunk.com/upload_bg_removed/20250703060418-5.webp,CRD_3ED9185116C84CE4B8E5,찬란한 이브이,0.7067,ADD_CANDIDATE
pkmn-tcg-XY-P-BF14-055,XYPBF14,55,,ゲンガーソウルリンク P [XY-P 055](プロモーションカード「バトルフェスタ2014入場者プレゼント」),14,411711,https://cdn.snkrdunk.com/upload_bg_removed/pkmn-tcg-7314594-yu.webp,,,,ADD_CANDIDATE
pkmn-tcg-XY-P-BF15- SGB-PP-202,XYPBF15SGBPP,202,,ミュウツー P [XY-P 202](プロモーションカード「バトルフェスタ2015 サテライトジムバトル 参加賞」),14,413387,https://cdn.snkrdunk.com/upload_bg_removed/pkmn-tcg-7314748-yu.webp,,,,ADD_CANDIDATE
pkmn-tcg-PMCG-P-0056,PMCGP,56,,カイリュー P : 旧裏 [PMCG-P](プロモーションカード「ANA ジェットでゲットだ！Wチャンスキャンペーン」),14,467537,https://cdn.snkrdunk.com/upload_bg_removed/pkmn-tcg-7302841-yu.webp,,,,ADD_CANDIDATE
pkmn-tcg-PMCG-P-0092,PMCGP,92,,ハマちゃんのヤドキング P : 旧裏 [PMCG-P](プロモーションカード「コロコロコミック 1999年9月号」),14,467864,https://cdn.snkrdunk.com/upload_bg_removed/pkmn-tcg-7302882-yu.webp,,,,ADD_CANDIDATE
pkmn-tcg-XY-P-PKMNP-259,XYPPKMNP,259,,ピカチュウ P [XY-P 259](プロモーションカード「ポケモンパン」),14,578175,https://cdn.snkrdunk.com/upload_bg_removed/20250425093945-0.webp,CRD_7EBB72125E6E436B8589,피카츄,0.637,ADD_CANDIDATE
pkmn-tcg-SM-P-124,SMP,124,,エーフィGX: プロモ[SM-P 124](プロモーションカード「SM-P」),13,91221,https://cdn.snkrdunk.com/upload_bg_removed/7325640.webp,CRD_0A4BC771BE0743608661,에브이 GX,0.8233,ADD_CANDIDATE
pkmn-tcg-SM-P-191,SMP,191,,ボスごっこピカチュウ ロケット団: プロモ[SM-P 191](プロモーションカード「SM-P」),13,91226,https://cdn.snkrdunk.com/upload_bg_removed/20240617014455-0.webp,CRD_E1B6948E73434311B499,피카츄 EX,0.7661,ADD_CANDIDATE
pkmn-tcg-SM-P-269,SMP,269,,グレイシアGX: プロモ[SM-P 269](プロモーションカード「SM-P」),13,93049,https://cdn.snkrdunk.com/upload_bg_removed/20220831092106-0.webp,CRD_5E8B9D8B826549B5BE0E,글레이시아 GX,0.6371,ADD_CANDIDATE
pkmn-tcg-SM-P-376,SMP,376,,ピカチュウ: プロモ [SM-P 376](プロモーションカード「SM-P」),13,107449,https://cdn.snkrdunk.com/upload_bg_removed/20221219042429-0.webp,,,,ADD_CANDIDATE
pkmn-tcg-SV-P-110,SVP,110,,おいわいファンファーレ: プロモ P [SV-P 110](プロモーションカード「SV-P」2023),13,289442,https://cdn.snkrdunk.com/upload_bg_removed/20240610033917-0.webp,CRD_21AA8DB739564F3E9CA5,피카츄,0.6288,ADD_CANDIDATE
pkmn-tcg-XY-P-MSGB-257,XYPMSGB,257,,MボーマンダEX P [XY-P 257](プロモーションカード「メガボーマンダジムバトル」),13,413444,https://cdn.snkrdunk.com/upload_bg_removed/pkmn-tcg-7314802-yu.webp,CRD_1F7AA893695B4F56A551,M보만다 EX,0.7658,ADD_CANDIDATE
pkmn-tcg-MS-PCS-057,MSPCS,57,,ピカチュウ P [ADV-P 057](プロモーションカード「明治製菓 ポケモンチョコスナック」),13,452639,https://cdn.snkrdunk.com/upload_bg_removed/pkmn-tcg-7305263-yu.webp,CRD_2951B02D3BE7488DA649,피카츄,0.7617,ADD_CANDIDATE
pkmn-tcg-SM-P-197,SMP,197,,ボスごっこピカチュウ スカル団: プロモ[SM-P 197](プロモーションカード「SM-P」),12,91230,https://cdn.snkrdunk.com/upload_bg_removed/20240617014650-0.webp,CRD_7EBB72125E6E436B8589,피카츄,0.6217,ADD_CANDIDATE
pkmn-tcg-L-P-019-014,LP019,14,,ピカチュウ: プロモ[L-P 019/L-P](プロモーションカード「L-P」),12,91657,https://cdn.snkrdunk.com/upload_bg_removed/7314219.webp,CRD_E1B6948E73434311B499,피카츄 EX,0.7344,ADD_CANDIDATE
pkmn-tcg-SM-P-320,SMP,320,,あばれる君: プロモ[SM-P 320](プロモーションカード「SM-P」),12,93064,https://cdn.snkrdunk.com/upload_bg_removed/20240810020601-0.webp,,,,ADD_CANDIDATE
pkmn-tcg-SV-P-032,SVP,32,,イーブイ: プロモ [SV-P 032](「 ポケカでカジュアルバトル」プロモーションカード「SV-P」),12,139120,https://cdn.snkrdunk.com/upload_bg_removed/20230915084925-0.webp,,,,ADD_CANDIDATE
pkmn-tcg-ANA-e-004,ANAE,4,,ピカチュウ P [e-P 004](プロモーションカード「ANA'S ピカ夏ですよ キャンペーン」),12,452541,https://cdn.snkrdunk.com/upload_bg_removed/pkmn-tcg-7304063-yu.webp,CRD_2951B02D3BE7488DA649,피카츄,0.7328,ADD_CANDIDATE
pkmn-tcg-DPt-P-0026-041,DPTP0026,41,,アルセウス [DPt-P 041](プロモーションカード「映画アルセウス 超克の時空へ 劇場入場者プレゼントカード」),12,453428,https://cdn.snkrdunk.com/upload_bg_removed/pkmn-tcg-7314190-yu.webp,CRD_4D37677B8AA341108958,제르네아스 EX,0.6885,ADD_CANDIDATE
pkmn-tcg-M-P-068,MP,68,,メガエルレイドex P [M-P 068](スペシャルカードセット「メガエルレイドex」),12,752313,https://cdn.snkrdunk.com/upload_bg_removed/20260122105551-0.webp,,,,ADD_CANDIDATE
pkmn-tcg-SM-P-141,SMP,141,,ポンチョを着たイーブイ: プロモ[SM-P 141](プロモーションカード「SM-P」),11,91213,https://cdn.snkrdunk.com/upload_bg_removed/20240614093207-0.webp,CRD_C00E1C8CFE15D51E795F88D9D5D14E94,판쵸 피카츄 (메가 캠페인),0.6939,ADD_CANDIDATE
pkmn-tcg-SM-P-083,SMP,83,,ひかるホウオウ: プロモ[SM-P 083](プロモーションカード「SM-P」),11,91245,https://cdn.snkrdunk.com/upload_bg_removed/7325599.webp,,,,ADD_CANDIDATE
pkmn-tcg-SM-P-198,SMP,198,,ミミッキュ: プロモ[SM-P 198](プロモーションカード「SM-P」),11,91244,https://cdn.snkrdunk.com/upload_bg_removed/20240614013739-0.webp,CRD_B30DFCBCDFBA21BE1C07,피카츄,0.6362,ADD_CANDIDATE
pkmn-tcg-PLAY9-020,PLAY9,20,,_のグラードン: プロモ[PCG-P 020/PLAY](プロモーションカード「第3期 プレイヤーズ継続キットカード」),11,91711,https://cdn.snkrdunk.com/upload_bg_removed/7315056.webp,CRD_669F982DB44549EFB5E2,견고라스 EX,0.6371,ADD_CANDIDATE
pkmn-tcg-SM-P-289,SMP,289,,ミミッキュ ムンク展: プロモ[SM-P 289](プロモーションカード「SM-P」),11,93056,https://cdn.snkrdunk.com/upload_bg_removed/20220831092724-0.webp,,,,ADD_CANDIDATE
pkmn-tcg-SV-P-148,SVP,148,,オーガポン みどりのめん P [SV-P 148](スペシャルジャンボカードセット「オーガポン」),11,263373,https://cdn.snkrdunk.com/upload_bg_removed/20240516075156-3.webp,,,,ADD_CANDIDATE
pkmn-tcg-SM-P-377,SMP,377,,ピカチュウ P [SM-P 377](プロモーションカード「ローソンサマーキャンペーン」),11,407861,https://cdn.snkrdunk.com/upload_bg_removed/pkmn-tcg-7327660-yu.webp,CRD_A6337035E8634701BFAB,피카츄,0.6277,ADD_CANDIDATE
pkmn-tcg-SI-PF-023,SIPF,23,,ピカチュウ P [ADV-P 023](プロモーションカード「セブン-イレブン ポケモンフェア」),11,452608,https://cdn.snkrdunk.com/upload_bg_removed/pkmn-tcg-7305229-yu.webp,,,,ADD_CANDIDATE
pkmn-tcg-MS-PCS-RH-014,MSPCSRH,14,,レックウザ P [PCG-P 014](プロモーションカード「明治製菓 ポケモンチョコスナック-裂空の訪問者-」),11,452662,https://cdn.snkrdunk.com/upload_bg_removed/pkmn-tcg-7307037-yu.webp,,,,ADD_CANDIDATE
pkmn-tcg-MCD-05-07-084,MCD0507,84,,ピカチュウ P [PCG-P 084](プロモーションカード「マクドナルドオリジナル 2005年7月」),11,452721,https://cdn.snkrdunk.com/upload_bg_removed/pkmn-tcg-7307097-yu.webp,CRD_1EB1317E215A4D5FABEE,피카츄,0.6986,ADD_CANDIDATE
pkmn-tcg-PMCG-PSA-0014,PMCGPSA,14,,ヤドキング : 旧裏 [PMCG-P No.199](旧裏面 プロモーションカード「サザンアイランド 映画公開記念」),11,454042,https://cdn.snkrdunk.com/upload_bg_removed/pkmn-tcg-7302342-yu.webp,,,,ADD_CANDIDATE
pkmn-tcg-S-P14-086,SP14,86,,マリィ P [S-P 086](プロモーションカード「楽しもう。春、ポケカ」),11,509742,https://cdn.snkrdunk.com/upload_bg_removed/pkmn-tcg-S-P14-086-of.webp,,,,ADD_CANDIDATE
pkmn-tcg-S-P-156,SP,156,,カビゴン P [S-P 156](プロモーションカード「コロコロイチバン！ 2020年1月発売号 付録」),11,609421,https://cdn.snkrdunk.com/upload_bg_removed/20250605044108-0.webp,,,,ADD_CANDIDATE
pkmn-tcg-SC-30th-P-001,SC30THP,1,,フシギダネ プロモ [30th-P 001]【中国語版(簡体字)】(スカーレット&バイオレット「30周年記念 最初のパートナー スペシャルアート ホロカードセット Vol.1」),11,775834,https://cdn.snkrdunk.com/upload_bg_removed/pkmn-tcg-2026-03-10-P-001-of.webp,,,,ADD_CANDIDATE
pkmn-tcg-SM-P-210,SMP,210,,紳士風のピカチュウ: プロモ[SM-P 210](プロモーションカード「SM-P」),10,91242,https://cdn.snkrdunk.com/upload_bg_removed/20240617063420-0.webp,CRD_C00E1C8CFE15D51E795F88D9D5D14E94,판쵸 피카츄 (메가 캠페인),0.6649,ADD_CANDIDATE
pkmn-tcg-XY-P-158,XYP,158,,レックウザ: プロモ[XY-P 158/XY-P](プロモーションカード「XY-P」),10,133098,https://cdn.snkrdunk.com/upload_bg_removed/20230804063902-0.webp,CRD_6D78C3030D7942CB9EF0,레쿠쟈 EX,0.6789,ADD_CANDIDATE
pkmn-tcg-SV-P-210,SVP,210,,ハッサムex P [SV-P 210](プロモーションカード「チャンピオンズリーグ2025 勝利賞」),10,356898,https://cdn.snkrdunk.com/upload_bg_removed/20240816061109-1.webp,CRD_84F100B202834C6DAE3B,핫삼 ex,0.6502,ADD_CANDIDATE
pkmn-tcg-XY-P-PKMNP-064,XYPPKMNP,64,,ピカチュウ P [XY-P 064](プロモーションカード「ポケモンパン」),10,411721,https://cdn.snkrdunk.com/upload_bg_removed/pkmn-tcg-7314605-yu.webp,CRD_7EBB72125E6E436B8589,피카츄,0.7199,ADD_CANDIDATE
pkmn-tcg-XY-P-BKSCP-064,XYPBKSCP,64,,ピカチュウ P [XY-P 064](プロモーションカード「熱戦にそなえろ！ 黒いメガサーナイトキャンペーン」),10,411723,https://cdn.snkrdunk.com/upload_bg_removed/pkmn-tcg-7314607-yu.webp,CRD_7EBB72125E6E436B8589,피카츄,0.7076,ADD_CANDIDATE
pkmn-tcg-XY-P-BR-GF-192,XYPBRGF,192,,リーフィアEX P [XY-P 192](バトル強化セット「草/闘」),10,413378,https://cdn.snkrdunk.com/upload_bg_removed/pkmn-tcg-7314738-yu.webp,,,,ADD_CANDIDATE
pkmn-tcg-PKP-AC-039,PKPAC,39,,スイクン P [PCG-P 039](プロモーションカード「ポケパーク ルギアのくるくるシップ」),10,452683,https://cdn.snkrdunk.com/upload_bg_removed/pkmn-tcg-7307059-yu.webp,,,,ADD_CANDIDATE
pkmn-tcg-L-P-0022-046,LP0022,46,,ラティオス [L-P 046](プロモーションカード「ハートゴールドコレクション・ソウルシルバーコレクション スペシャルパック」),10,453469,https://cdn.snkrdunk.com/upload_bg_removed/pkmn-tcg-7314246-yu.webp,,,,ADD_CANDIDATE
pkmn-tcg-PMCG-P-0018,PMCGP,18,,なみのりピカチュウ P : 旧裏 [PMCG-P No.025](プロモーションカード「コロコロコミック 1997年9月号」),10,467415,https://cdn.snkrdunk.com/upload_bg_removed/pkmn-tcg-7302802-yu.webp,,,,ADD_CANDIDATE
pkmn-tcg-SC-30th-P-021,SC30THP,21,,アシマリ プロモ [30th-P 021]【中国語版(簡体字)】(スカーレット&バイオレット「30周年記念 最初のパートナー スペシャルアート ホロカードセット Vol.1」),10,775842,https://cdn.snkrdunk.com/upload_bg_removed/pkmn-tcg-2026-03-10-P-021-of.webp,,,,ADD_CANDIDATE
pkmn-tcg-SM-P-137,SMP,137,,ポンチョを着たイーブイ: プロモ[SM-P 137](プロモーションカード「SM-P」),9,91233,https://cdn.snkrdunk.com/upload_bg_removed/20240614093110-0.webp,CRD_0B188D85E3A44B03D1BA,판초를 입은 이브이,0.6546,ADD_CANDIDATE
pkmn-tcg-SM-P-038,SMP,38,,ポンチョを着たピカチュウ: プロモ[SM-P 038](プロモーションカード「SM-P」),9,91224,https://cdn.snkrdunk.com/upload_bg_removed/20240614092557-0.webp,CRD_E070D0BFD0812AE7FEE1,판초를 입은 이브이,0.6413,ADD_CANDIDATE
pkmn-tcg-SM-P-144,SMP,144,,ポンチョを着たイーブイ: プロモ[SM-P 144](プロモーションカード「SM-P」),9,91238,https://cdn.snkrdunk.com/upload_bg_removed/20240614093258-0.webp,CRD_A25CB6E36FC71EBDA24B,판초를 입은 피카츄,0.6473,ADD_CANDIDATE
pkmn-tcg-XY-P-154,XYP,154,,ピカチュウ: プロモ[XY-P 154/XY-P](プロモーションカード「XY-P」),9,91410,https://cdn.snkrdunk.com/upload_bg_removed/7314699.webp,,,,ADD_CANDIDATE
pkmn-tcg-SM-P-395,SMP,395,,アセロラ エクストラバトルの日: プロモ[SM-P 395](プロモーションカード「SM-P」),9,93053,https://cdn.snkrdunk.com/upload_bg_removed/20220831092452-0.webp,,,,ADD_CANDIDATE
pkmn-tcg-SM-P-295,SMP,295,,イーブイ: プロモ [SM-P 295](プロモーションカード「SM-P」),9,107552,https://cdn.snkrdunk.com/upload_bg_removed/20221219071448-0.webp,CRD_E4269732BF5E4DAE84E6,부스터 EX,0.6292,ADD_CANDIDATE
pkmn-tcg-S-P11-296,SP11,296,,カイオーガV P [296/S-P](ポケモンカードゲーム ソード&シールド 「プロモカードパック 第11弾」),9,286331,https://cdn.snkrdunk.com/upload_bg_removed/pkmn-tcg-S-P11-296.webp,CRD_D264A2B826384DCCB7D7,가이오가 V,0.8888,ADD_CANDIDATE
pkmn-tcg-XY-P-PTEC-141,XYPPTEC,141,,ニンフィア P [XY-P 141](プロモーションカード「pokemon time EIEVUI COLLECTION 発売記念」),9,411783,https://cdn.snkrdunk.com/upload_bg_removed/pkmn-tcg-7314685-yu.webp,,,,ADD_CANDIDATE
pkmn-tcg-XY-P-MV-FP-PKC-156,XYPMVFPPKC,156,,ピカチュウ P [XY-P 156](プロモーションカード「映画公開記念スペシャルパック フーパ セブン&アイ・ポケモンセンター限定」),9,411795,https://cdn.snkrdunk.com/upload_bg_removed/pkmn-tcg-7314701-yu.webp,CRD_4B160DDD24C54ACA8B72,피카츄,0.897,ADD_CANDIDATE
pkmn-tcg-XY-P-BF15-PP-OC-176,XYPBF15PPOC,176,,ミュウツー P [XY-P 176](プロモーションカード「バトルフェスタ2015 プレイポイント オリジナルカード」),9,413362,https://cdn.snkrdunk.com/upload_bg_removed/pkmn-tcg-7314722-yu.webp,CRD_D7F007D1EFC04DE9A1AF,뮤츠 EX,0.6945,ADD_CANDIDATE
pkmn-tcg-JWHF-21-001,JWHF21,1,,ピカチュウ [001/015](プロモーションカード「第21回次世代ワールドホビーフェア」),9,452789,https://cdn.snkrdunk.com/upload_bg_removed/eaabbe39-3fa6-422f-b537-e2dde2ab341a.webp,CRD_211795C67E654E519548,피카츄,0.7045,ADD_CANDIDATE
pkmn-tcg-DP-P-0034-048,DPP0034,48,,ピカチュウLV.15 [DP-P 048](プロモーションカード「とりかえっこDP引換カード2007年7月」),9,453239,https://cdn.snkrdunk.com/upload_bg_removed/pkmn-tcg-7313159-yu.webp,CRD_646451564B014C19BB2E,피카츄 EX,0.6688,ADD_CANDIDATE
pkmn-tcg-DP-P-0066-113,DPP0066,113,,ピカチュウLV.18 [DP-P 113](プロモーションカード「コレクションチャレンジ ポケットモンスター プラチナ クイズラリー参加賞」),9,453298,https://cdn.snkrdunk.com/upload_bg_removed/pkmn-tcg-7313224-yu.webp,,,,ADD_CANDIDATE
pkmn-tcg-DPt-P-0028-044,DPTP0028,44,,ミチーナしんでん [DPt-P 044](プロモーションカード「ポケモンカードゲーム 映画公開記念スペシャルパック2009 スペシャルキラカード」),9,453429,https://cdn.snkrdunk.com/upload_bg_removed/pkmn-tcg-7314193-ot.webp,,,,ADD_CANDIDATE
pkmn-tcg-SM-P-194,SMP,194,,ボスごっこピカチュウ ギンガ団: プロモ[SM-P 194](プロモーションカード「SM-P」),8,91215,https://cdn.snkrdunk.com/upload_bg_removed/20240617014552-0.webp,CRD_79D926D3E72B4438C2AB,팀 플라즈마 보스 피카츄,0.776,ADD_CANDIDATE
pkmn-tcg-SM-P-192,SMP,192,,ボスごっこピカチュウ アクア団: プロモ[SM-P 192](プロモーションカード「SM-P」),8,91227,https://cdn.snkrdunk.com/upload_bg_removed/20240617014510-0.webp,CRD_79D926D3E72B4438C2AB,팀 플라즈마 보스 피카츄,0.6996,ADD_CANDIDATE
pkmn-tcg-SM-P-143,SMP,143,,ポンチョを着たイーブイ: プロモ[SM-P 143](プロモーションカード「SM-P」),8,91241,https://cdn.snkrdunk.com/upload_bg_removed/20240614093244-0.webp,CRD_A25CB6E36FC71EBDA24B,판초를 입은 피카츄,0.6885,ADD_CANDIDATE
pkmn-tcg-SM-P-397,SMP,397,,リーリエ エクストラバトルの日: プロモ[SM-P 397](プロモーションカード「SM-P」),8,93051,https://cdn.snkrdunk.com/upload_bg_removed/20230725032752-0.webp,,,,ADD_CANDIDATE
pkmn-tcg-SM-P-268,SMP,268,,リーフィアGX: プロモ[SM-P 268](プロモーションカード「SM-P」),8,93047,https://cdn.snkrdunk.com/upload_bg_removed/20220831091939-0.webp,CRD_F42636A1EA3142B89771,리피아 GX,0.6522,ADD_CANDIDATE
pkmn-tcg-SM-P-114,SMP,114,,ピカチュウ: プロモ [SM-P 114](プロモーションカード「SM-P」),8,107571,https://cdn.snkrdunk.com/upload_bg_removed/20221219074452-0.webp,CRD_2951B02D3BE7488DA649,피카츄,0.8817,ADD_CANDIDATE
pkmn-tcg-S-P-213,SP,213,,ジュラルドンV: プロモ P [S-P 213](プロモーションカード「S-P」),8,292636,https://cdn.snkrdunk.com/upload_bg_removed/pkmn-tcg-S-P-213.webp,CRD_FF89828CCBB14368BDA7,두랄루돈 V,0.7994,ADD_CANDIDATE
pkmn-tcg-S-P-270,SP,270,,グレイシアV: プロモ P [S-P 270](プロモーションカード「S-P」),8,292985,https://cdn.snkrdunk.com/upload_bg_removed/pkmn-tcg-S-P-270.webp,CRD_CC95EE0439504360B961,글레이시아 GX,0.6456,ADD_CANDIDATE
pkmn-tcg-XY-P-SPMMEX-102,XYPSPMMEX,102,,MメタグロスEX P [XY-P 102](スペシャルパック「銀のMメタグロスEX」),8,411747,https://cdn.snkrdunk.com/upload_bg_removed/pkmn-tcg-7314646-yu.webp,CRD_2C540CA835784066A98A,M메타그로스 EX,0.806,ADD_CANDIDATE
pkmn-tcg-XY-P-BR-FT-195,XYPBRFT,195,,サンダースEX P [XY-P 195](バトル強化セット「炎/雷」),8,413380,https://cdn.snkrdunk.com/upload_bg_removed/pkmn-tcg-7314741-yu.webp,CRD_E5348A86CBCB4A0586C9,쥬피썬더 EX,0.7735,ADD_CANDIDATE
pkmn-tcg-PTM-001,PTM,1,,カクレオン P [e-P 001](プロモーションカード「PIKACHU THE MOVIE 2001公式認定スペシャルカード」),8,452538,https://cdn.snkrdunk.com/upload_bg_removed/pkmn-tcg-7304060-yu.webp,CRD_24EBBFED607C41D7B562,조로아,0.6354,ADD_CANDIDATE
pkmn-tcg-PKP-AC-045,PKPAC,45,,ポケパークのラティオス P [PCG-P 045](プロモーションカード「ポケパーク ルギアのくるくるシップ」),8,452689,https://cdn.snkrdunk.com/upload_bg_removed/pkmn-tcg-7307065-yu.webp,,,,ADD_CANDIDATE
pkmn-tcg-PKP-AC-040,PKPAC,40,,ポケパークのゴンベ P [PCG-P 040](プロモーションカード「ポケパーク ルギアのくるくるシップ」),8,452684,https://cdn.snkrdunk.com/upload_bg_removed/pkmn-tcg-7307060-na.webp,,,,ADD_CANDIDATE
pkmn-tcg-MS-PCS4-0510-103,MSPCS40510,103,,レックウザδ-デルタ種 P [PCG-P 103](プロモーションカード「明治製菓 ポケモンチョコスナック 第4弾 2005年 10月」),8,452738,https://cdn.snkrdunk.com/upload_bg_removed/pkmn-tcg-7307114-yu.webp,,,,ADD_CANDIDATE
pkmn-tcg-PMCG-PSA-0016,PMCGPSA,16,,ドククラゲ : 旧裏 [PMCG-P No.073](旧裏面 プロモーションカード「サザンアイランド 映画公開記念」),8,454044,https://cdn.snkrdunk.com/upload_bg_removed/pkmn-tcg-7302344-yu.webp,CRD_1CE47901F5674D55AB69,갸라도스 EX,0.6252,ADD_CANDIDATE
pkmn-tcg-PMCG-P-0006,PMCGP,6,,ウィンディ P : 旧裏 [PMCG-P No.059](プロモーションカード「トヨタオートキャンペーン」),8,465927,https://cdn.snkrdunk.com/upload_bg_removed/pkmn-tcg-7302788-yu.webp,,,,ADD_CANDIDATE
pkmn-tcg-PMCG-P-0081,PMCGP,81,,フリーザー P : 旧裏 [PMCG-P](プロモーションカード「ANA みんなにうれしいキャンペーン」),8,467857,https://cdn.snkrdunk.com/upload_bg_removed/pkmn-tcg-7302869-yu.webp,CRD_0736415A8A2440169E58,스완나,0.6493,ADD_CANDIDATE
pkmn-tcg-SM-P-196,SMP,196,,ボスごっこピカチュウ フレア団: プロモ[SM-P 196](プロモーションカード「SM-P」),7,91229,https://cdn.snkrdunk.com/upload_bg_removed/20240617014634-0.webp,CRD_79D926D3E72B4438C2AB,팀 플라즈마 보스 피카츄,0.7951,ADD_CANDIDATE
pkmn-tcg-SM-P-338,SMP,338,,名探偵ピカチュウ P [SM-P 338](プロモーションカード「スペシャルジャンボカードパック 名探偵ピカチュウ リザードンGX Ver.」),7,93066,https://cdn.snkrdunk.com/upload_bg_removed/20220901014703-0.webp,CRD_8EA0FE1484B142468656,명탐정 피카츄,0.7055,ADD_CANDIDATE
pkmn-tcg-SM-P-322,SMP,322,,ジラーチ: プロモ [SM-P 322](プロモーションカード「SM-P」),7,107498,https://cdn.snkrdunk.com/upload_bg_removed/20221219070004-0.webp,,,,ADD_CANDIDATE
pkmn-tcg-SV-P-031,SVP,31,,イーブイ: プロモ [SV-P 031](プロモーションカード「SV-P」),7,115256,https://cdn.snkrdunk.com/upload_bg_removed/20230903042127-0.webp,CRD_E4269732BF5E4DAE84E6,부스터 EX,0.6255,ADD_CANDIDATE
pkmn-tcg-S-P-114,SP,114,,サンダース: プロモ P [S-P 114](ポケモンカードゲーム ソード&シールド 「プロモカードパック 第4弾」),7,299235,https://cdn.snkrdunk.com/upload_bg_removed/pkmn-tcg-114-yu.webp,,,,ADD_CANDIDATE
pkmn-tcg-S-P-179,SP,179,,エーフィ: プロモ P [S-P 179](ポケモンカードゲーム ソード&シールド 「プロモカードパック 第6弾」),7,299252,https://cdn.snkrdunk.com/upload_bg_removed/pkmn-tcg-179-yu.webp,,,,ADD_CANDIDATE
pkmn-tcg-SH-P-014,SHP,14,,ゲッコウガV RR仕様 [SH 014/053](ファミリーポケモンカードゲーム「ピカチュウV」),7,379596,https://cdn.snkrdunk.com/upload_bg_removed/edd41a2c-873d-4a24-aef1-5d1ddec996d1.webp,CRD_00A1C8B22B694905AABF,개굴닌자 V,0.6826,ADD_CANDIDATE
pkmn-tcg-SM-P-178,SMP,178,,ジガルデ P [SM-P 178](プロモーションカード「ウルトラサン ウルトラムーン GEOマストバイキャンペーン」),7,404238,https://cdn.snkrdunk.com/upload_bg_removed/pkmn-tcg-7325688-yu.webp,CRD_7F78F4DCAE1340BCA119,다크라이 EX,0.6957,ADD_CANDIDATE
pkmn-tcg-SM-P-324,SMP,324,,エリカのおもてなし P [SM-P 324](プロモーションカード「ポケモンカードジム新弾バトル 優勝賞」),7,407820,https://cdn.snkrdunk.com/upload_bg_removed/pkmn-tcg-7327114-yu.webp,,,,ADD_CANDIDATE
pkmn-tcg-SM-P-326,SMP,326,,イーブイ P [SM-P 326](プロモーションカード「フレンドリィショップ限定キャンペーン」),7,407821,https://cdn.snkrdunk.com/upload_bg_removed/pkmn-tcg-7327116-yu.webp,,,,ADD_CANDIDATE
pkmn-tcg-SM-P-408,SMP,408,,サーナイト P [SM-P 408](プロモーションカード「イラストグランプリ」),7,407878,https://cdn.snkrdunk.com/upload_bg_removed/pkmn-tcg-7329551-yu.webp,,,,ADD_CANDIDATE
pkmn-tcg-XY-P-MOVIE-Y-052,XYPMOVIEY,52,,イベルタル P [XY-P 052](プロモーションカード「映画公開記念 イベルタルセット」),7,411708,https://cdn.snkrdunk.com/upload_bg_removed/pkmn-tcg-7314591-yu.webp,,,,ADD_CANDIDATE
pkmn-tcg-XY-P-Mcd-HS-064,XYPMCDHS,64,,ピカチュウ P [XY-P 064](プロモーションカード「マクドナルド ハッピーセット」),7,411720,https://cdn.snkrdunk.com/upload_bg_removed/pkmn-tcg-7314604-yu.webp,CRD_7EBB72125E6E436B8589,피카츄,0.7224,ADD_CANDIDATE
pkmn-tcg-XY-P-XY6-PKC-126,XYPXY6PKC,126,,レックウザソウルリンク P [XY-P 126](拡張パック「ポケモンセンター エメラルドブレイク購入キャンペーン」),7,411770,https://cdn.snkrdunk.com/upload_bg_removed/pkmn-tcg-7314670-yu.webp,CRD_B443DB37EB0D40308182,M레쿠쟈 EX,0.7994,ADD_CANDIDATE
pkmn-tcg-XY-P-MM-BS-OA-191,XYPMMBSOA,191,,ミュウツーEX P [XY-P 191](スペシャルジャンボカードセット「MミュウツーEX・青い衝撃・破天の怒り Ver.」),7,413377,https://cdn.snkrdunk.com/upload_bg_removed/pkmn-tcg-7314737-yu.webp,CRD_4B1E14482DF6442A8088,뮤츠 EX,0.9089,ADD_CANDIDATE
pkmn-tcg-XY-P-SS-HL-225,XYPSSHL,225,,ホウオウBREAK P [XY-P 225](スペシャルセット「ホウオウ+ルギア」),7,413423,https://cdn.snkrdunk.com/upload_bg_removed/20241013012140-0.webp,CRD_E3C661DEECDE4AF6AB74,심향의 칠색조 ex,0.6764,ADD_CANDIDATE
pkmn-tcg-XY-P-20thSS-MS-SP-263,XYP20THSSMSSP,263,,MヤドランEX P [XY-P 263](20th Anniversary スペシャルパック「メガヤドランEX+なみのりピカチュウ」),7,413447,https://cdn.snkrdunk.com/upload_bg_removed/pkmn-tcg-7314805-yu.webp,CRD_3AEB0958DF704E919E03,M야도란 EX,0.9618,ADD_CANDIDATE
pkmn-tcg-BW-P-0028-110,BWP0028,110,,レシラム P [BW-P 110/BW-P](バトルギフトセット「ボルトロスVSトルネロス 封入カード」),7,415467,https://cdn.snkrdunk.com/upload_bg_removed/pkmn-tcg-7314392-yu.webp,,,,ADD_CANDIDATE
pkmn-tcg-PLAY2-004,PLAY2,4,,プラスル [ADV-P 004/PLAY](プロモーションカード「プレイヤーズけいけんち 3000EXPプレゼントカード」),7,440458,https://cdn.snkrdunk.com/upload_bg_removed/pkmn-tcg-7315040-yu.webp,,,,ADD_CANDIDATE
pkmn-tcg-MCD-e-021,MCDE,21,,ピカチュウ P [e-P 021](プロモーションカード「マクドナルドオリジナル」),7,452554,https://cdn.snkrdunk.com/upload_bg_removed/pkmn-tcg-7304079-na.webp,,,,ADD_CANDIDATE
pkmn-tcg-MCD-e-025,MCDE,25,,ブラッキー P [e-P 025](プロモーションカード「マクドナルドオリジナル」),7,452558,https://cdn.snkrdunk.com/upload_bg_removed/pkmn-tcg-7304083-na.webp,,,,ADD_CANDIDATE
pkmn-tcg-MS-ADV-P-054,MSADVP,54,,リザードン P [ADV-P 054](プロモーションカード「明治製菓 ポケモンチョコスナック」),7,452636,https://cdn.snkrdunk.com/upload_bg_removed/pkmn-tcg-7305260-yu.webp,CRD_DBCFA7ECE36342E69356,리자몽 EX,0.7073,ADD_CANDIDATE
pkmn-tcg-PKP-AC-038,PKPAC,38,,ルギア P [PCG-P 038](プロモーションカード「ポケパーク ルギアのくるくるシップ」),7,452682,https://cdn.snkrdunk.com/upload_bg_removed/pkmn-tcg-7307058-yu.webp,CRD_3E0AD8CAAB4F44D5B183,레시라무,0.6511,ADD_CANDIDATE
pkmn-tcg-MS-PCS5-0606-141,MSPCS50606,141,,ルギア P [PCG-P 141](プロモーションカード「明治製菓 ポケモンチョコスナック 第5弾 2006年 6月」),7,452771,https://cdn.snkrdunk.com/upload_bg_removed/pkmn-tcg-7307147-na.webp,,,,ADD_CANDIDATE
pkmn-tcg-L-P-0004-004,LP0004,4,,ギャラドス [L-P 004](プロモーションカード「ランダムベーシックパック」),7,453440,https://cdn.snkrdunk.com/upload_bg_removed/pkmn-tcg-7314204-yu.webp,CRD_DC74E397CD2F48098A04,갸라도스 EX,0.8067,ADD_CANDIDATE
pkmn-tcg-L-P-0015-028,LP0015,28,,ヤドキング [L-P 030](プロモーションカード「ドミノピザ わくわくポケモンパック 2009年12月」),7,453460,https://cdn.snkrdunk.com/upload_bg_removed/pkmn-tcg-7314230-yu.webp,,,,ADD_CANDIDATE
pkmn-tcg-PMCG-PSA-0011,PMCGPSA,11,,ラフレシア : 旧裏 [PMCG-P No.045](旧裏面 プロモーションカード「サザンアイランド 映画公開記念」),7,454039,https://cdn.snkrdunk.com/upload_bg_removed/pkmn-tcg-7302339-yu.webp,,,,ADD_CANDIDATE
pkmn-tcg-PMCG-PSA-0018,PMCGPSA,18,,ラプラス : 旧裏 [PMCG-P No.131](旧裏面 プロモーションカード「サザンアイランド 映画公開記念」),7,454046,https://cdn.snkrdunk.com/upload_bg_removed/pkmn-tcg-7302346-yu.webp,,,,ADD_CANDIDATE
pkmn-tcg-PMCG-P-0005,PMCGP,5,,ミュウ P : 旧裏 [PMCG-P No.151](プロモーションカード「コロコロコミック 1997年2月号」),7,465926,https://cdn.snkrdunk.com/upload_bg_removed/pkmn-tcg-7302787-yu.webp,,,,ADD_CANDIDATE
pkmn-tcg-neo-P-0009,NEOP,9,,ピィ P : 旧裏 [neo-P](プロモーションカード「コロコロコミック 2000年2月号」),7,470968,https://cdn.snkrdunk.com/upload_bg_removed/pkmn-tcg-7302913-yu.webp,,,,ADD_CANDIDATE
pkmn-tcg-neo-P-0022,NEOP,22,,ハッサム P : 旧裏 [neo-P](プロモーションカード「コロコロコミック 2000年7月号」),7,470980,https://cdn.snkrdunk.com/upload_bg_removed/pkmn-tcg-7302928-yu.webp,,,,ADD_CANDIDATE
pkmn-tcg-SV-P-243,SVP,243,,ストリンダーex [SV-P 243](プロモカードパック「イラストレーションコンテスト 2024 受賞作品プロモカード化記念キャンペーン」),7,518775,https://cdn.snkrdunk.com/upload_bg_removed/pkmn-tcg-SV-P-243-of.webp,,,,ADD_CANDIDATE
pkmn-tcg-SC-30th-P-003,SC30THP,3,,ゼニガメ プロモ [30th-P 003]【中国語版(簡体字)】(スカーレット&バイオレット「30周年記念 最初のパートナー スペシャルアート ホロカードセット Vol.1」),7,775836,https://cdn.snkrdunk.com/upload_bg_removed/pkmn-tcg-2026-03-10-P-003-of.webp,,,,ADD_CANDIDATE
pkmn-tcg-SC-30th-P-020,SC30THP,20,,ニャビー プロモ [30th-P 020]【中国語版(簡体字)】(スカーレット&バイオレット「30周年記念 最初のパートナー スペシャルアート ホロカードセット Vol.1」),7,775841,https://cdn.snkrdunk.com/upload_bg_removed/pkmn-tcg-2026-03-10-P-020-of.webp,,,,ADD_CANDIDATE
pkmn-tcg-S-P-166,SP,166,,アルセウス&ディアルガ&パルキアGX P [S-P 166](プロモーションカード「GXリブートキャンペーン」),7,808270,https://cdn.snkrdunk.com/upload_bg_removed/840a3470-cabd-4e9c-b80d-36a99edc52e1.webp,,,,ADD_CANDIDATE
pkmn-tcg-SM-P-193,SMP,193,,ボスごっこピカチュウ マグマ団: プロモ[SM-P 193](プロモーションカード「SM-P」),6,91214,https://cdn.snkrdunk.com/upload_bg_removed/20240617014530-0.webp,CRD_79D926D3E72B4438C2AB,팀 플라즈마 보스 피카츄,0.7343,ADD_CANDIDATE
pkmn-tcg-SM-P-140,SMP,140,,ポンチョを着たイーブイ: プロモ[SM-P 140](プロモーションカード「SM-P」),6,91236,https://cdn.snkrdunk.com/upload_bg_removed/20240614093154-0.webp,CRD_A25CB6E36FC71EBDA24B,판초를 입은 피카츄,0.7005,ADD_CANDIDATE
pkmn-tcg-SM-P-369,SMP,369,,ピカチュウ: プロモ[SM-P 369](プロモーションカード「SM-P」),6,93071,https://cdn.snkrdunk.com/upload_bg_removed/20220901015323-0.webp,,,,ADD_CANDIDATE
pkmn-tcg-SM-P-405,SMP,405,,ミュウツー: プロモ[SM-P 405](プロモーションカード「SM-P」),6,93065,https://cdn.snkrdunk.com/upload_bg_removed/20220901014559-0.webp,CRD_49B4C54D818A4CF7BA81,M리자몽 EX,0.73,ADD_CANDIDATE
pkmn-tcg-SV-P-119,SVP,119,,ラティアス P [SV-P 119](プロモーションカード「プロモーションカード」),6,158883,https://cdn.snkrdunk.com/upload_bg_removed/f3745f00-b004-4b14-9250-b8bb97591067.webp,CRD_9B64D783E4344EBB8735,라티아스 EX,0.6461,ADD_CANDIDATE
pkmn-tcg-S-P-271,SP,271,,グレイシアVSTAR: プロモ P [S-P 271](プロモーションカード「S-P」),6,292986,https://cdn.snkrdunk.com/upload_bg_removed/pkmn-tcg-S-P-271.webp,CRD_DBF5F6102B314663AA38,루기아 VSTAR,0.6486,ADD_CANDIDATE
pkmn-tcg-S-P-163,SP,163,,イーブイ: プロモ P [S-P 163](ポケモンカードゲーム ソード&シールド 「プロモカードパック 第5弾」),6,299246,https://cdn.snkrdunk.com/upload_bg_removed/pkmn-tcg-163-yu.webp,CRD_3ED9185116C84CE4B8E5,찬란한 이브이,0.628,ADD_CANDIDATE
pkmn-tcg-S-P-071,SP,71,,シャワーズ: プロモ P [S-P 071](ポケモンカードゲーム ソード&シールド 「プロモカードパック 第3弾」),6,299225,https://cdn.snkrdunk.com/upload_bg_removed/20250703060417-1.webp,,,,ADD_CANDIDATE
pkmn-tcg-S-P-044,SP,44,,イーブイ: プロモ P [S-P 044](ポケモンカードゲーム ソード&シールド 「プロモカードパック 第2弾」),6,299220,https://cdn.snkrdunk.com/upload_bg_removed/pkmn-tcg-044-yu.webp,,,,ADD_CANDIDATE
pkmn-tcg-SM-P-157,SMP,157,,アローラライチュウ P [SM-P 157](プロモカードパック「第3弾」),6,404051,https://cdn.snkrdunk.com/upload_bg_removed/pkmn-tcg-7325669-yu.webp,,,,ADD_CANDIDATE
pkmn-tcg-SM-P-225,SMP,225,,シェイミ P [SM-P 225](プロモーションカード「ポケモンセンター20周年記念キャンペーン」),6,404461,https://cdn.snkrdunk.com/upload_bg_removed/pkmn-tcg-7325734-yu.webp,CRD_4FFBC5FEC7274C13BE41,쉐이미 EX,0.7426,ADD_CANDIDATE
pkmn-tcg-XY-P-CRCR-XY-010,XYPCRCRXY,10,,ガブリアスEX P [XY-P 010](プロモーションカード「コロコロプレゼンツ XY激アツ始動キャンペーン」),6,411659,https://cdn.snkrdunk.com/upload_bg_removed/pkmn-tcg-7314541-yu.webp,,,,ADD_CANDIDATE
pkmn-tcg-XY-P-Marumiya-064,XYPMARUMIYA,64,,ピカチュウ P [XY-P 064](プロモーションカード「丸美屋」),6,411722,https://cdn.snkrdunk.com/upload_bg_removed/pkmn-tcg-7314606-yu.webp,CRD_7EBB72125E6E436B8589,피카츄,0.7096,ADD_CANDIDATE
pkmn-tcg-XY-P-SPMMEX-101,XYPSPMMEX,101,,メタグロスEX P [XY-P 101](スペシャルパック「銀のMメタグロスEX」),6,411746,https://cdn.snkrdunk.com/upload_bg_removed/pkmn-tcg-7314645-yu.webp,CRD_DF5DDD6AC39442A9B8EC,메타그로스 EX,0.7962,ADD_CANDIDATE
pkmn-tcg-XY-P-SPMDEX-093,XYPSPMDEX,93,,MディアンシーEX P [XY-P 093](スペシャルパック「MディアンシーEX」),6,411745,https://cdn.snkrdunk.com/upload_bg_removed/pkmn-tcg-7314637-yu.webp,CRD_793053A5665347469533,M디안시 EX,0.861,ADD_CANDIDATE
pkmn-tcg-XY-P-MM-BS-OA-190,XYPMMBSOA,190,,ミュウツーEX P [XY-P 190](スペシャルジャンボカードセット「MミュウツーEX・青い衝撃・破天の怒り Ver.」),6,413376,https://cdn.snkrdunk.com/upload_bg_removed/pkmn-tcg-7314736-yu.webp,CRD_D7F007D1EFC04DE9A1AF,뮤츠 EX,0.8026,ADD_CANDIDATE
pkmn-tcg-BW-P-0028-111,BWP0028,111,,ゼクロム P [BW-P 111/BW-P](バトルギフトセット「ボルトロスVSトルネロス 封入カード」),6,415468,https://cdn.snkrdunk.com/upload_bg_removed/pkmn-tcg-7314393-yu.webp,,,,ADD_CANDIDATE
pkmn-tcg-CRCR-01-11-010,CRCR0111,10,,ホウオウ P [e-P 010](プロモーションカード「月刊コロコロコミック 2001年 11月号 付録」),6,452546,https://cdn.snkrdunk.com/upload_bg_removed/pkmn-tcg-7304068-yu.webp,CRD_21362825A5DE48988411,칠색조 EX,0.7866,ADD_CANDIDATE
pkmn-tcg-MCD-e-024,MCDE,24,,サンダー P [e-P 024](プロモーションカード「マクドナルドオリジナル」),6,452557,https://cdn.snkrdunk.com/upload_bg_removed/pkmn-tcg-7304082-yu.webp,,,,ADD_CANDIDATE
pkmn-tcg-JR2002-047,JR2002,47,,ルギア P [e-P 047](プロモーションカード「JR ポケモンハッピーアドベンチャーラリー2002 オリジナルカード」),6,452587,https://cdn.snkrdunk.com/upload_bg_removed/pkmn-tcg-7304112-yu.webp,CRD_C80A57B9F72D4DD39F64,빛나는 루기아,0.633,ADD_CANDIDATE
pkmn-tcg-SI-PF-029,SIPF,29,,ニャース P [ADV-P 029](プロモーションカード「セブン-イレブン ポケモンフェア」),6,452613,https://cdn.snkrdunk.com/upload_bg_removed/pkmn-tcg-7305235-yu.webp,,,,ADD_CANDIDATE
pkmn-tcg-MS-PCS-058,MSPCS,58,,ライチュウ P [ADV-P 058](プロモーションカード「明治製菓 ポケモンチョコスナック」),6,452640,https://cdn.snkrdunk.com/upload_bg_removed/pkmn-tcg-7305264-yu.webp,,,,ADD_CANDIDATE
pkmn-tcg-PKP-AC-044,PKPAC,44,,ポケパークのセレビィ P [PCG-P 044](プロモーションカード「ポケパーク ルギアのくるくるシップ」),6,452688,https://cdn.snkrdunk.com/upload_bg_removed/pkmn-tcg-7307064-yu.webp,CRD_17D9AE509B3F4B1A8EB2,세레비,0.6679,ADD_CANDIDATE
pkmn-tcg-MS-PCS4-0510-107,MSPCS40510,107,,ミュウツーδ-デルタ種 P [PCG-P 107](プロモーションカード「明治製菓 ポケモンチョコスナック 第4弾 2005年 10月」),6,452742,https://cdn.snkrdunk.com/upload_bg_removed/pkmn-tcg-7307118-yu.webp,CRD_9337246D91AB42D89EBE,뮤츠 EX,0.702,ADD_CANDIDATE
pkmn-tcg-ANA-PN-153,ANAPN,153,,ピカチュウ P [PCG-P 153](プロモーションカード「ANA ピカ夏旅割」),6,452782,https://cdn.snkrdunk.com/upload_bg_removed/pkmn-tcg-7307158-yu.webp,,,,ADD_CANDIDATE
pkmn-tcg-L-P-0005-005,LP0005,5,,チコリータ [L-P 005](プロモーションカード「オリジナルキラカードランダムプレゼントキャンペーン」),6,453441,https://cdn.snkrdunk.com/upload_bg_removed/pkmn-tcg-7314205-yu.webp,,,,ADD_CANDIDATE
pkmn-tcg-L-P-0022-045,LP0022,45,,ラティアス [L-P 045](プロモーションカード「ハートゴールドコレクション・ソウルシルバーコレクション スペシャルパック」),6,453468,https://cdn.snkrdunk.com/upload_bg_removed/pkmn-tcg-7314245-yu.webp,CRD_0F321114788E4CC0A5AB,플라이곤 EX,0.6444,ADD_CANDIDATE
pkmn-tcg-PMCG-PSA-0004,PMCGPSA,4,,トゲピー : 旧裏 [PMCG-P No.175](旧裏面 プロモーションカード「サザンアイランド 映画公開記念」),6,454032,https://cdn.snkrdunk.com/upload_bg_removed/pkmn-tcg-7302332-yu.webp,,,,ADD_CANDIDATE
pkmn-tcg-PMCG-PSA-0017,PMCGPSA,17,,マリル : 旧裏 [PMCG-P No.183](旧裏面 プロモーションカード「サザンアイランド 映画公開記念」),6,454045,https://cdn.snkrdunk.com/upload_bg_removed/pkmn-tcg-7302345-yu.webp,,,,ADD_CANDIDATE
pkmn-tcg-PMCG-P-0012,PMCGP,12,,エレブー P : 旧裏 [PMCG-P No.125](プロモーションカード「公式カードファイル」),6,467409,https://cdn.snkrdunk.com/upload_bg_removed/pkmn-tcg-7302794-yu.webp,,,,ADD_CANDIDATE
pkmn-tcg-neo-P-0006,NEOP,6,,チコリータ P : 旧裏 [neo-P](プロモーションカード「第11回次世代ワールドホビーフェア」),6,470965,https://cdn.snkrdunk.com/upload_bg_removed/pkmn-tcg-7302910-yu.webp,,,,ADD_CANDIDATE
pkmn-tcg-M-P-071,MP,71,,メガヤドランex P [M-P 071](ポケモンカードゲームMEGA「プロモカードパック 第3弾」),6,757135,https://cdn.snkrdunk.com/upload_bg_removed/pkmn-tcg-2026-01-30-002-of.webp,,,,ADD_CANDIDATE
pkmn-tcg-M-P-096,MP,96,,メガマフォクシーex P [M-P 096](プロモカードパック「プロモカードパック 第4弾」),6,806953,https://cdn.snkrdunk.com/upload_bg_removed/pkmn-tcg-2026-04-17-05463_3-.webp,,,,ADD_CANDIDATE
pkmn-tcg-SM-P-142,SMP,142,,ポンチョを着たイーブイ: プロモ[SM-P 142](プロモーションカード「SM-P」),5,91237,https://cdn.snkrdunk.com/upload_bg_removed/20240614093223-0.webp,CRD_0B188D85E3A44B03D1BA,판초를 입은 이브이,0.6787,ADD_CANDIDATE
pkmn-tcg-PLAY16-030,PLAY16,30,,ホウオウex: プロモ[PCG-P 030/PLAY](プロモーションカード「第4期 プレイヤーズキットカード」),5,91717,https://cdn.snkrdunk.com/upload_bg_removed/7315066.webp,,,,ADD_CANDIDATE
pkmn-tcg-PLAY9-021,PLAY9,21,,_のレックウザ: プロモ[PCG-P 021/PLAY](プロモーションカード「第3期 プレイヤーズ継続キットカード」),5,91719,https://cdn.snkrdunk.com/upload_bg_removed/7315057.webp,,,,ADD_CANDIDATE
pkmn-tcg-SM-P-209,SMP,209,,火消し姿のピカチュウ: プロモ[SM-P 209](プロモーションカード「SM-P」),5,93063,https://cdn.snkrdunk.com/upload_bg_removed/20220831093213-0.webp,,,,ADD_CANDIDATE
pkmn-tcg-S-P-256,SP,256,,マオ&スイレン エクストラバトルの日: プロモ P [S-P 256](プロモーションカード「S-P」),5,296994,https://cdn.snkrdunk.com/upload_bg_removed/20240625030503-0.webp,,,,ADD_CANDIDATE
pkmn-tcg-S-P-215,SP,215,,リーフィア: プロモ P [S-P 215](ポケモンカードゲーム ソード&シールド 「プロモカードパック 第7弾」),5,299256,https://cdn.snkrdunk.com/upload_bg_removed/pkmn-tcg-215-yu.webp,CRD_2A1817BBD07C4C22A018,나오하 ex,0.6353,ADD_CANDIDATE
pkmn-tcg-SM-P-241,SMP,241,,ゼラオラ P [SM-P 241](プロモーションカード「スペシャルジャンボカードパック ゼラオラ」),5,407398,https://cdn.snkrdunk.com/upload_bg_removed/pkmn-tcg-7325748-yu.webp,CRD_2C540CA835784066A98A,M메타그로스 EX,0.6646,ADD_CANDIDATE
pkmn-tcg-SM-P-256,SMP,256,,ラティアス P [SM-P 256](プロモカードパック「第6弾」),5,407408,https://cdn.snkrdunk.com/upload_bg_removed/pkmn-tcg-7325760-yu.webp,CRD_326BB4D3A84B467EB968,라티아스 ex,0.7285,ADD_CANDIDATE
pkmn-tcg-SM-P-399,SMP,399,,イーブイ P [SM-P 399](プロモーションカード「フレンドリィショップでイーブイを手に入れよう 4回目」),5,407876,https://cdn.snkrdunk.com/upload_bg_removed/pkmn-tcg-7330968-yu.webp,,,,ADD_CANDIDATE
pkmn-tcg-XY-P-XYPCP1-021,XYPXYPCP1,21,,ゲッコウガEX P [XY-P 021](プロモカードパック「第1弾」),5,411675,https://cdn.snkrdunk.com/upload_bg_removed/pkmn-tcg-7314557-yu.webp,CRD_035B0C7E2A9E47CA878C,개굴닌자 ex,0.7559,ADD_CANDIDATE
pkmn-tcg-XY-P-LMB-S-137,XYPLMBS,137,,ラグラージEX P [XY-P 137](プロモーションカード「レックウザメガバトル 参加賞」),5,411781,https://cdn.snkrdunk.com/upload_bg_removed/pkmn-tcg-7314681-yu.webp,CRD_6412506A2B9B42B895C2,대짱이 EX,0.7858,ADD_CANDIDATE
pkmn-tcg-XY-P-FUPA-143,XYPFUPA,143,,カイオーガ P [XY-P 143](プロモーションカード「映画公開記念 フーパのおでまし～！キャンペーン」),5,411785,https://cdn.snkrdunk.com/upload_bg_removed/pkmn-tcg-7314687-yu.webp,CRD_C3E80F835D1B41C5B9F7,가이오가,0.8386,ADD_CANDIDATE
pkmn-tcg-XY-P-BR-FT-193,XYPBRFT,193,,キュウコンEX P [XY-P 193](バトル強化セット「炎/雷」),5,413379,https://cdn.snkrdunk.com/upload_bg_removed/pkmn-tcg-7314739-yu.webp,CRD_78C5517A0AB142AC8502,나인테일 EX,0.7468,ADD_CANDIDATE
pkmn-tcg-XY-P-BMB-234,XYPBMB,234,,カメックスEX P [XY-P 234](スペシャルパック「カメックスメガバトル」),5,413429,https://cdn.snkrdunk.com/upload_bg_removed/pkmn-tcg-7314780-yu.webp,CRD_5C57E2D4DFC8419EAFAA,거북왕 EX,0.9101,ADD_CANDIDATE
pkmn-tcg-XY-P-B-MB-6PP-01,XYPBMB6PP,1,,MガブリアスEX P [XY-P](プロモーションカード「カメックスメガバトル 6ポイント景品」),5,413484,https://cdn.snkrdunk.com/upload_bg_removed/pkmn-tcg-7314877-yu.webp,CRD_7F2DC1D44D784529BCCE,M한카리아스 EX,0.7199,ADD_CANDIDATE
pkmn-tcg-PLAY2-005,PLAY2,5,,マイナン [ADV-P 005/PLAY](プロモーションカード「プレイヤーズけいけんち 3000EXPプレゼントカード」),5,440459,https://cdn.snkrdunk.com/upload_bg_removed/pkmn-tcg-7315041-yu.webp,,,,ADD_CANDIDATE
pkmn-tcg-CRCR-03-02-001,CRCR0302,1,,カイオーガex P [ADV-P 001](プロモーションカード「月刊コロコロコミック 2003年 2月号」),5,452588,https://cdn.snkrdunk.com/upload_bg_removed/pkmn-tcg-7305207-yu.webp,CRD_BA7E5BDFBF2443BBB5C7,가이오가 EX,0.6632,ADD_CANDIDATE
pkmn-tcg-MCD-ADV-006,MCDADV,6,,ラティアス P [ADV-P 006](プロモーションカード「マクドナルドオリジナル ADV」),5,452593,https://cdn.snkrdunk.com/upload_bg_removed/pkmn-tcg-7305212-yu.webp,CRD_9B64D783E4344EBB8735,라티아스 EX,0.6638,ADD_CANDIDATE
pkmn-tcg-MCD-ADV-007,MCDADV,7,,ラティオス P [ADV-P 007](プロモーションカード「マクドナルドオリジナル ADV」),5,452594,https://cdn.snkrdunk.com/upload_bg_removed/pkmn-tcg-7305213-yu.webp,CRD_517D349E079B4F5E83C7,라티오스 EX,0.7566,ADD_CANDIDATE
pkmn-tcg-CRCR-IB02-076,CRCRIB02,76,,ホウオウex P [PCG-P 076](プロモーションカード「月刊コロコロコミック 7月号増販 コロコロイチバン! 第2号 付録」),5,452713,https://cdn.snkrdunk.com/upload_bg_removed/pkmn-tcg-7307089-na.webp,CRD_2BBC9C171E2800926C30,칠색조 V,0.6591,ADD_CANDIDATE
pkmn-tcg-MS-PCS4-0510-112,MSPCS40510,112,,ピカチュウδ-デルタ種 P [PCG-P 112](プロモーションカード「明治製菓 ポケモンチョコスナック 第4弾 2005年 10月」),5,452747,https://cdn.snkrdunk.com/upload_bg_removed/pkmn-tcg-7307123-na.webp,,,,ADD_CANDIDATE
pkmn-tcg-MCD-06-02-123,MCD0602,123,,ピカチュウ P [PCG-P 123](プロモーションカード「マクドナルドオリジナル 2006年2月」),5,452754,https://cdn.snkrdunk.com/upload_bg_removed/pkmn-tcg-7307130-yu.webp,CRD_4B160DDD24C54ACA8B72,피카츄,0.721,ADD_CANDIDATE
pkmn-tcg-SG-S123456-0506-133,SGS1234560506,133,,リザードδ-デルタ種 P [PCG-P 133](プロモーションカード「小学館 小学一年生 小学二年生 小学三年生 小学四年生 小学五年生 小学六年生 5.6月号 付録」),5,452763,https://cdn.snkrdunk.com/upload_bg_removed/pkmn-tcg-7307139-na.webp,,,,ADD_CANDIDATE
pkmn-tcg-MCD-06-02-127,MCD0602,127,,ニャースδ-デルタ種 P [PCG-P 127](プロモーションカード「マクドナルドオリジナル 2006年2月」),5,452758,https://cdn.snkrdunk.com/upload_bg_removed/pkmn-tcg-7307134-na.webp,,,,ADD_CANDIDATE
pkmn-tcg-DP-P-0030-025,DPP0030,25,,ピカチュウLV.13 [DP-P 025](プロモーションカード「バトルロード スプリング★2007 予選参加賞 / ポケモンチャレンジひろば 2008/11」),5,453216,https://cdn.snkrdunk.com/upload_bg_removed/pkmn-tcg-7313136-yu.webp,CRD_F962598C2D154F409151,피카츄,0.7279,ADD_CANDIDATE
pkmn-tcg-DPt-P-0001-005,DPTP0001,5,,ダークライG [DPt-P 005](プロモーションカード「拡張パックギンガの覇道 発売記念キャンペーン」),5,453403,https://cdn.snkrdunk.com/upload_bg_removed/pkmn-tcg-7314154-yu.webp,,,,ADD_CANDIDATE
pkmn-tcg-L-P-0005-006,LP0005,6,,ヒノアラシ [L-P 006](プロモーションカード「オリジナルキラカードランダムプレゼントキャンペーン」),5,453442,https://cdn.snkrdunk.com/upload_bg_removed/pkmn-tcg-7314206-yu.webp,,,,ADD_CANDIDATE
pkmn-tcg-PMCG-PSA-0013,PMCGPSA,13,,ナッシー : 旧裏 [PMCG-P No.103](旧裏面 プロモーションカード「サザンアイランド 映画公開記念」),5,454041,https://cdn.snkrdunk.com/upload_bg_removed/pkmn-tcg-7302341-yu.webp,,,,ADD_CANDIDATE
pkmn-tcg-PMCG-PSA-0015,PMCGPSA,15,,カメール : 旧裏 [PMCG-P No.008](旧裏面 プロモーションカード「サザンアイランド 映画公開記念」),5,454043,https://cdn.snkrdunk.com/upload_bg_removed/pkmn-tcg-7302343-yu.webp,,,,ADD_CANDIDATE
pkmn-tcg-PMCG-PSA-0012,PMCGPSA,12,,オコリザル : 旧裏 [PMCG-P No.057](旧裏面 プロモーションカード「サザンアイランド 映画公開記念」),5,454040,https://cdn.snkrdunk.com/upload_bg_removed/pkmn-tcg-7302340-yu.webp,,,,ADD_CANDIDATE
pkmn-tcg-PMCG-P-0009,PMCGP,9,,ミュウツー P : 旧裏 [PMCG-P No.150](プロモーションカード「コロコロコミック 1997年6月号」),5,465929,https://cdn.snkrdunk.com/upload_bg_removed/pkmn-tcg-7302791-yu.webp,,,,ADD_CANDIDATE
pkmn-tcg-PMCG-P-0023,PMCGP,23,,そらをとぶピカチュウ P : 旧裏 [PMCG-P](プロモーションカード「コロコロコミック 1997年11月号」),5,467417,https://cdn.snkrdunk.com/upload_bg_removed/pkmn-tcg-7302808-yu.webp,,,,ADD_CANDIDATE
pkmn-tcg-PMCG-P-0031,PMCGP,31,,パソコン大暴走！ P : 旧裏 [PMCG-P](プロモーションカード「コロコロコミック 1998年1月号」),5,467420,https://cdn.snkrdunk.com/upload_bg_removed/pkmn-tcg-7302816-yu.webp,,,,ADD_CANDIDATE
pkmn-tcg-PMCG-P-0065,PMCGP,65,,マチスのサンダース P : 旧裏 [PMCG-P](プロモーションカード「コロコロコミック 1998年12月号」),5,467849,https://cdn.snkrdunk.com/upload_bg_removed/pkmn-tcg-7302850-yu.webp,CRD_15AD6DF96106438BA899,쥬피썬더 EX,0.7421,ADD_CANDIDATE
pkmn-tcg-PMCG-P-0102,PMCGP,102,,ウパー P : 旧裏 [neo-P](プロモーションカード「コロコロコミック 2000年1月号」),5,467870,https://cdn.snkrdunk.com/upload_bg_removed/pkmn-tcg-7302892-yu.webp,,,,ADD_CANDIDATE
pkmn-tcg-PMCG-P-0091,PMCGP,91,,ファイヤー P : 旧裏 [PMCG-P](プロモーションカード「ANA みんなにうれしいキャンペーン」),5,467863,https://cdn.snkrdunk.com/upload_bg_removed/pkmn-tcg-7302881-yu.webp,,,,ADD_CANDIDATE
pkmn-tcg-SV-P-200,SVP,200,,Nのゾロア P [SV-P 200](プロモーションカード「コレクションファイルセット N」),5,506838,https://cdn.snkrdunk.com/upload_bg_removed/20250123091616-1.webp,,,,ADD_CANDIDATE
pkmn-tcg-SC-30th-P-011,SC30THP,11,,ヒコザル プロモ [30th-P 011]【中国語版(簡体字)】(スカーレット&バイオレット「30周年記念 最初のパートナー スペシャルアート ホロカードセット Vol.1」),5,775838,https://cdn.snkrdunk.com/upload_bg_removed/pkmn-tcg-2026-03-10-P-011-of.webp,CRD_8F7ADD803D0EF37D818A,치라미,0.6438,ADD_CANDIDATE
pkmn-tcg-PLAY9-019,PLAY9,19,,_のカイオーガ: プロモ[PCG-P 019/PLAY](プロモーションカード「第3期 プレイヤーズ継続キットカード」),4,91724,https://cdn.snkrdunk.com/upload_bg_removed/7315055.webp,CRD_B02D8C31DB1A44969F52,가이오가 EX,0.6678,ADD_CANDIDATE
pkmn-tcg-PLAY1-002,PLAY1,2,,レジロックex: プロモ[ADV-P 002/PLAY](プロモーションカード「第1期 プレイヤーズキットカード」),4,91816,https://cdn.snkrdunk.com/upload_bg_removed/7315038.webp,,,,ADD_CANDIDATE
pkmn-tcg-SM-P-278,SMP,278,,フリーザー: プロモ [SM-P 278](プロモーションカード「SM-P」),4,107549,https://cdn.snkrdunk.com/upload_bg_removed/20221219070905-0.webp,,,,ADD_CANDIDATE
pkmn-tcg-SM-P-375,SMP,375,,ニャース: プロモ [SM-P 375](プロモーションカード「SM-P」),4,107575,https://cdn.snkrdunk.com/upload_bg_removed/20221219075047-0.webp,,,,ADD_CANDIDATE
pkmn-tcg-SV-P-003,SVP,3,,ウインディ: プロモ [SV-P 003](プロモーションカード「SV-P」),4,110928,https://cdn.snkrdunk.com/upload_bg_removed/20230119105323-0.webp,,,,ADD_CANDIDATE
pkmn-tcg-SV-P-005,SVP,5,,ミライドン: プロモ [SV-P 005](プロモーションカード「SV-P」),4,110926,https://cdn.snkrdunk.com/upload_bg_removed/20230119105059-0.webp,,,,ADD_CANDIDATE
pkmn-tcg-S-P-269,SP,269,,リーフィアVSTAR: プロモ P [S-P 269](プロモーションカード「S-P」),4,292984,https://cdn.snkrdunk.com/upload_bg_removed/pkmn-tcg-S-P-269.webp,CRD_E09FFF926F714D9E8A49,리피아 VSTAR,0.8254,ADD_CANDIDATE
pkmn-tcg-S-P-117,SP,117,,イーブイ: プロモ P [S-P 117](ポケモンカードゲーム ソード&シールド 「プロモカードパック 第4弾」),4,299238,https://cdn.snkrdunk.com/upload_bg_removed/pkmn-tcg-117-yu.webp,CRD_8D798C34EC514D40851D,피카츄,0.7209,ADD_CANDIDATE
pkmn-tcg-S-P-181,SP,181,,イーブイ: プロモ P [S-P 181](ポケモンカードゲーム ソード&シールド 「プロモカードパック 第6弾」),4,299254,https://cdn.snkrdunk.com/upload_bg_removed/pkmn-tcg-181-yu.webp,,,,ADD_CANDIDATE
pkmn-tcg-S-P-216,SP,216,,グレイシア: プロモ P [S-P 216](ポケモンカードゲーム ソード&シールド 「プロモカードパック 第7弾」),4,299257,https://cdn.snkrdunk.com/upload_bg_removed/pkmn-tcg-216-yu.webp,,,,ADD_CANDIDATE
pkmn-tcg-S-P-237,SP,237,,ニンフィア: プロモ P [S-P 237](ポケモンカードゲーム ソード&シールド 「プロモカードパック 第8弾」),4,299266,https://cdn.snkrdunk.com/upload_bg_removed/pkmn-tcg-237-yu.webp,,,,ADD_CANDIDATE
pkmn-tcg-S-P-152,SP,152,,クロバットV: プロモ P [S-P 152](シャイニー ボックス クロバットV),4,331767,https://cdn.snkrdunk.com/upload_bg_removed/pkmn-tcg-S-P-7330135-yu.webp,CRD_72DC6FDF73B541818CBF,크로뱃 VMAX,0.6871,ADD_CANDIDATE
pkmn-tcg-SV-P-SM-214,SVPSM,214,,ホゲータ P [SV-P 214](プロモカードパック「ポケカの夏がキタ！プロモカードGetキャンペーン！」),4,332794,https://cdn.snkrdunk.com/upload_bg_removed/pkmn-tcg-SV-P-SM-214-of.webp,,,,ADD_CANDIDATE
pkmn-tcg-SM-P-294,SMP,294,,ミミッキュ P [SM-P 294](プロモーションカード「ポケモンパン チョコ＆カスターパン ベーコン＆ポテトパン 付属」),4,407425,https://cdn.snkrdunk.com/upload_bg_removed/pkmn-tcg-7326611-yu.webp,,,,ADD_CANDIDATE
pkmn-tcg-SM-P-306,SMP,306,,イーブイ P [SM-P 306](プロモーションカード「フレンドリィショップ限定キャンペーン」),4,407433,https://cdn.snkrdunk.com/upload_bg_removed/pkmn-tcg-7327097-yu.webp,,,,ADD_CANDIDATE
pkmn-tcg-SM-P-340,SMP,340,,ビクティニ P [SM-P 340](強化拡張パック「スカイレジェンド BOX購入キャンペーン」),4,407832,https://cdn.snkrdunk.com/upload_bg_removed/pkmn-tcg-7327625-yu.webp,,,,ADD_CANDIDATE
pkmn-tcg-XY-P-BDLCP-142,XYPBDLCP,142,,セレビィ P [XY-P 142](拡張パック「バンデットリング 購入キャンペーン」),4,411784,https://cdn.snkrdunk.com/upload_bg_removed/pkmn-tcg-7314686-yu.webp,,,,ADD_CANDIDATE
pkmn-tcg-XY-P-LMB-127,XYPLMB,127,,バシャーモEX P [XY-P 127](メガパック「レックウザメガバトル」),4,411771,https://cdn.snkrdunk.com/upload_bg_removed/pkmn-tcg-7314671-yu.webp,CRD_CB69C20D58AF4D51A9AF,번치코 EX,0.7664,ADD_CANDIDATE
pkmn-tcg-XY-P-MA-MM-LB-184,XYPMAMMLB,184,,グラードン P [XY-P 184](ダブルメガBREAKセット「メガプテラEX+メガクチートEX+レントラーBREAK」),4,413370,https://cdn.snkrdunk.com/upload_bg_removed/pkmn-tcg-7314730-yu.webp,CRD_43945060F9E847A0AE3F,그란돈 EX,0.7537,ADD_CANDIDATE
pkmn-tcg-XY-P-MA-MM-LB-183,XYPMAMMLB,183,,MプテラEX P [XY-P 183](ダブルメガBREAKセット「メガプテラEX+メガクチートEX+レントラーBREAK」),4,413369,https://cdn.snkrdunk.com/upload_bg_removed/pkmn-tcg-7314729-yu.webp,CRD_0A903CAA6FAE43DA81D3,M프테라 EX,0.7729,ADD_CANDIDATE
pkmn-tcg-XY-P-BR-GF-197,XYPBRGF,197,,ゴローニャEX P [XY-P 197](バトル強化セット「草/闘」),4,413382,https://cdn.snkrdunk.com/upload_bg_removed/pkmn-tcg-7314743-yu.webp,CRD_5798719CFA7B4AF9928A,딱구리 EX,0.8807,ADD_CANDIDATE
pkmn-tcg-XY-P-PCG-16-SC-233,XYPPCG16SC,233,,フシギバナEX P [XY-P 233](プロモーションカード「ポケモンカードジム 2016スタンプキャンペーン」),4,413428,https://cdn.snkrdunk.com/upload_bg_removed/pkmn-tcg-7314779-yu.webp,CRD_01AD02026ECC4FEDBF4F,이상해꽃 EX,0.7772,ADD_CANDIDATE
pkmn-tcg-BW-P-0104-213,BWP0104,213,,イーブイ P [BW-P 213/BW-P](プロモーションカードパック「ジム☆チャレンジ 2013年4月」),4,415547,https://cdn.snkrdunk.com/upload_bg_removed/pkmn-tcg-7314489-yu.webp,,,,ADD_CANDIDATE
pkmn-tcg-PLAY7-013,PLAY7,13,,_のミュウ [ADV-P 013/PLAY](プロモーションカード「第2期 プレイヤーズ継続キットカード」),4,440467,https://cdn.snkrdunk.com/upload_bg_removed/pkmn-tcg-7315049-yu.webp,,,,ADD_CANDIDATE
pkmn-tcg-ANA-e-005,ANAE,5,,ヨーギラス P [e-P 005](プロモーションカード「ANA'S ピカ夏ですよ キャンペーン」),4,452542,https://cdn.snkrdunk.com/upload_bg_removed/pkmn-tcg-7304064-yu.webp,,,,ADD_CANDIDATE
pkmn-tcg-MCD-e-033,MCDE,33,,ミュウ P [e-P 033](プロモーションカード「マクドナルドオリジナル」),4,452573,https://cdn.snkrdunk.com/upload_bg_removed/pkmn-tcg-7304098-na.webp,,,,ADD_CANDIDATE
pkmn-tcg-MS-PCS-062,MSPCS,62,,ニャース P [ADV-P 062](プロモーションカード「明治製菓 ポケモンチョコスナック」),4,452644,https://cdn.snkrdunk.com/upload_bg_removed/pkmn-tcg-7305268-yu.webp,,,,ADD_CANDIDATE
pkmn-tcg-PKP-AC-046,PKPAC,46,,ポケパークのゴニョニョ P [PCG-P 046](プロモーションカード「ポケパーク ルギアのくるくるシップ」),4,452690,https://cdn.snkrdunk.com/upload_bg_removed/pkmn-tcg-7307066-yu.webp,,,,ADD_CANDIDATE
pkmn-tcg-PKP-AC-049,PKPAC,49,,ケンタロス P [PCG-P 049](プロモーションカード「ポケパーク ルギアのくるくるシップ」),4,452693,https://cdn.snkrdunk.com/upload_bg_removed/pkmn-tcg-7307069-yu.webp,,,,ADD_CANDIDATE
pkmn-tcg-MS-PCS3-0506-069,MSPCS30506,69,,ミュウ P [PCG-P 069](プロモーションカード「明治製菓 ポケモンチョコスナック 第3弾 2005年 6月」),4,452706,https://cdn.snkrdunk.com/upload_bg_removed/pkmn-tcg-7307082-yu.webp,CRD_6C48D7D464D0402B9F7D,뮤 ex,0.6813,ADD_CANDIDATE
pkmn-tcg-SG-S123456-0809-091,SGS1234560809,91,,ミュウ P [PCG-P 091](プロモーションカード「小学館 小学一年生 小学二年生 小学三年生 小学四年生 小学五年生 小学六年生 8.9月号 付録」),4,452728,https://cdn.snkrdunk.com/upload_bg_removed/pkmn-tcg-7307104-na.webp,CRD_1123601A6CCD4FB19606,뮤 EX,0.7981,ADD_CANDIDATE
pkmn-tcg-MS-PCS5-0606-135,MSPCS50606,135,,ホウオウ P [PCG-P 135](プロモーションカード「明治製菓 ポケモンチョコスナック 第5弾 2006年 6月」),4,452765,https://cdn.snkrdunk.com/upload_bg_removed/pkmn-tcg-7307141-na.webp,CRD_C4895FD08DDF4F6096E5,칠색조 EX,0.7835,ADD_CANDIDATE
pkmn-tcg-SG-S123456-0506-132,SGS1234560506,132,,ヒトカゲδ-デルタ種 P [PCG-P 132](プロモーションカード「小学館 小学一年生 小学二年生 小学三年生 小学四年生 小学五年生 小学六年生 5.6月号 付録」),4,452762,https://cdn.snkrdunk.com/upload_bg_removed/pkmn-tcg-7307138-na.webp,CRD_0121009428B847BEBE66,망나뇽 EX,0.711,ADD_CANDIDATE
pkmn-tcg-PKP-AC-093,PKPAC,93,,波導のルカリオ P [PCG-P 093](プロモーションカード「ポケパーク ルギアのくるくるシップ」),4,452730,https://cdn.snkrdunk.com/upload_bg_removed/pkmn-tcg-7307106-yu.webp,,,,ADD_CANDIDATE
pkmn-tcg-DP-P-0048-085,DPP0048,85,,フィオネ [DP-P 085](プロモーションカード「ポケモンチョコスナック 第8弾」),4,453275,https://cdn.snkrdunk.com/upload_bg_removed/pkmn-tcg-7313196-yu.webp,CRD_4CB4D847706A453D8A1F,빛나는 뮤,0.6462,ADD_CANDIDATE
pkmn-tcg-PMCG-PSA-0005,PMCGPSA,5,,フシギソウ : 旧裏 [PMCG-P No.002](旧裏面 プロモーションカード「サザンアイランド 映画公開記念」),4,454033,https://cdn.snkrdunk.com/upload_bg_removed/pkmn-tcg-7302333-yu.webp,,,,ADD_CANDIDATE
pkmn-tcg-PMCG-PSA-0009,PMCGPSA,9,,バタフリー : 旧裏 [PMCG-P No.012](旧裏面 プロモーションカード「サザンアイランド 映画公開記念」),4,454037,https://cdn.snkrdunk.com/upload_bg_removed/pkmn-tcg-7302337-yu.webp,,,,ADD_CANDIDATE
pkmn-tcg-PMCG-PSA-0002,PMCGPSA,2,,ピジョット : 旧裏 [PMCG-P No.018](旧裏面 プロモーションカード「サザンアイランド 映画公開記念」),4,454030,https://cdn.snkrdunk.com/upload_bg_removed/pkmn-tcg-7302330-yu.webp,CRD_B16E4806EF614E799EA1,M피죤투 EX,0.8537,ADD_CANDIDATE
pkmn-tcg-PMCG-PSA-0007,PMCGPSA,7,,レディバ : 旧裏 [PMCG-P No.165](旧裏面 プロモーションカード「サザンアイランド 映画公開記念」),4,454035,https://cdn.snkrdunk.com/upload_bg_removed/pkmn-tcg-7302335-yu.webp,,,,ADD_CANDIDATE
pkmn-tcg-PMCG-P-0016,PMCGP,16,,ミュウ P : 旧裏 [PMCG-P No.151](プロモーションカード「JRスタンプラリー」),4,467413,https://cdn.snkrdunk.com/upload_bg_removed/pkmn-tcg-7302800-yu.webp,,,,ADD_CANDIDATE
pkmn-tcg-PMCG-P-0048,PMCGP,48,,タッチ交代！ P : 旧裏 [PMCG-P](プロモーションカード「ポケモンカードファンクラブ vol.5」),4,467530,https://cdn.snkrdunk.com/upload_bg_removed/pkmn-tcg-7302833-yu.webp,,,,ADD_CANDIDATE
pkmn-tcg-PMCG-P-0050,PMCGP,50,,マチスのエレブー P : 旧裏 [PMCG-P](プロモーションカード「コロコロコミック 1998年8月号」),4,467532,https://cdn.snkrdunk.com/upload_bg_removed/pkmn-tcg-7302835-yu.webp,,,,ADD_CANDIDATE
pkmn-tcg-PMCG-P-0072,PMCGP,72,,ニャース P : 旧裏 [PMCG-P](プロモーションカード「コロコロコミック 1999年2月号」),4,467850,https://cdn.snkrdunk.com/upload_bg_removed/pkmn-tcg-7302858-yu.webp,,,,ADD_CANDIDATE
pkmn-tcg-PMCG-P-0062,PMCGP,62,,エリカのフシギダネ P : 旧裏 [PMCG-P](プロモーションカード「コロコロコミック 1998年12月号」),4,467846,https://cdn.snkrdunk.com/upload_bg_removed/pkmn-tcg-7302847-yu.webp,CRD_7B22D01FE0474BF9AF2E,찬란한 이상해꽃,0.6825,ADD_CANDIDATE
pkmn-tcg-PMCG-P-0083,PMCGP,83,,マリル P : 旧裏 [PMCG-P](プロモーションカード「コロコロコミック 1999年7月号」),4,467859,https://cdn.snkrdunk.com/upload_bg_removed/pkmn-tcg-7302871-yu.webp,,,,ADD_CANDIDATE
pkmn-tcg-neo-P-0007,NEOP,7,,ヒノアラシ P : 旧裏 [neo-P](プロモーションカード「第11回次世代ワールドホビーフェア」),4,470966,https://cdn.snkrdunk.com/upload_bg_removed/pkmn-tcg-7302911-yu.webp,,,,ADD_CANDIDATE
pkmn-tcg-neo-P-0034,NEOP,34,,ムチュール P : 旧裏 [neo-P](プロモーションカード「コロコロコミック 2001年1月号」),4,470990,https://cdn.snkrdunk.com/upload_bg_removed/pkmn-tcg-7302942-yu.webp,,,,ADD_CANDIDATE
pkmn-tcg-SV-P-199,SVP,199,,リーリエのキュワワー P [SV-P 199](プロモーションカード「コレクションファイルセット リーリエ」),4,506837,https://cdn.snkrdunk.com/upload_bg_removed/20250123091616-0.webp,CRD_83BAA925FA8D48C4ABFE,플라제스 BREAK,0.7549,ADD_CANDIDATE
pkmn-tcg-S-P14-088,SP14,88,,シロナ&カトレア P [S-P 088](プロモーションカード「楽しもう。春、ポケカ」),4,509744,https://cdn.snkrdunk.com/upload_bg_removed/pkmn-tcg-S-P14-088-of.webp,,,,ADD_CANDIDATE
pkmn-tcg-SV-P-263,SVP,263,,ゴルダック P [SV-P 263](プロモカードパック「第10弾」),4,565130,https://cdn.snkrdunk.com/upload_bg_removed/20250411072345-3.webp,,,,ADD_CANDIDATE
pkmn-tcg-M-P-007,MP,7,,リーリエの決心 P [M-P 007](ポケモンカードゲームMEGA「プロモカードパック 第1弾」),4,659345,https://cdn.snkrdunk.com/upload_bg_removed/pkmn-tcg-M-P-007-of.webp,,,,ADD_CANDIDATE
pkmn-tcg-SM-P-147,SMP,147,,アローラロコン P [SM-P 147](スペシャルBOX「Rokon’s Crystal Season」),3,91249,https://cdn.snkrdunk.com/upload_bg_removed/7325663.webp,,,,ADD_CANDIDATE
pkmn-tcg-BW3-P-057,BW3P,57,UR,サザンドラ UR :1ED [BW3 057/052](拡張パック「サイコドライブ」),3,380071,https://cdn.snkrdunk.com/upload_bg_removed/20240908061720-0.webp,,,,ADD_CANDIDATE
pkmn-tcg-PLAY16-031,PLAY16,31,,ルギアex: プロモ[PCG-P 031/PLAY](プロモーションカード「第4期 プレイヤーズキットカード」),3,91714,https://cdn.snkrdunk.com/upload_bg_removed/7315067.webp,,,,ADD_CANDIDATE
pkmn-tcg-SM-P-396,SMP,396,,グズマ エクストラバトルの日: プロモ[SM-P 396](プロモーションカード「SM-P」),3,93055,https://cdn.snkrdunk.com/upload_bg_removed/20220831092600-0.webp,,,,ADD_CANDIDATE
pkmn-tcg-SM-P-403,SMP,403,,イーブイ: プロモ [SM-P 403](プロモーションカード「SM-P」),3,107544,https://cdn.snkrdunk.com/upload_bg_removed/20221219070140-0.webp,CRD_3ED9185116C84CE4B8E5,찬란한 이브이,0.6438,ADD_CANDIDATE
pkmn-tcg-SM-P-279,SMP,279,,サンダー: プロモ [SM-P 279](プロモーションカード「SM-P」),3,107568,https://cdn.snkrdunk.com/upload_bg_removed/20221219073733-0.webp,,,,ADD_CANDIDATE
pkmn-tcg-SM-P-060,SMP,60,,ヒトカゲ: プロモ [SM-P 060](プロモーションカード「SM-P」),3,107576,https://cdn.snkrdunk.com/upload_bg_removed/20221219075209-0.webp,CRD_0121009428B847BEBE66,망나뇽 EX,0.7586,ADD_CANDIDATE
pkmn-tcg-S-P-274,SP,274,,モクロー: プロモ P [S-P 274](プロモーションカード「楽しもう。春、ポケカ。」),3,291474,https://cdn.snkrdunk.com/upload_bg_removed/20240610100350-0.webp,,,,ADD_CANDIDATE
pkmn-tcg-S-P-209,SP,209,,チルタリス: プロモ P [S-P 209](プロモーションカード「S-P」),3,292632,https://cdn.snkrdunk.com/upload_bg_removed/pkmn-tcg-S-P-209.webp,CRD_D7F007D1EFC04DE9A1AF,뮤츠 EX,0.6332,ADD_CANDIDATE
pkmn-tcg-S-P-106,SP,106,,ココ: プロモ P (開封済) [S-P 106](プロモーションカード「S-P」),3,292717,https://cdn.snkrdunk.com/upload_bg_removed/20240611050354-0.webp,,,,ADD_CANDIDATE
pkmn-tcg-S-P-169,SP,169,,エースバーンVMAX: プロモ P [S-P 169](プロモーションカード「S-P」),3,292750,https://cdn.snkrdunk.com/upload_bg_removed/pkmn-tcg-S-P-169.webp,,,,ADD_CANDIDATE
pkmn-tcg-S-P-268,SP,268,,リーフィアV: プロモ P [S-P 268](プロモーションカード「S-P」),3,292983,https://cdn.snkrdunk.com/upload_bg_removed/pkmn-tcg-S-P-268.webp,,,,ADD_CANDIDATE
pkmn-tcg-S-P-112,SP,112,,ヒトカゲ: プロモ P [S-P 112](ポケモンカードゲーム ソード&シールド 「プロモカードパック 第4弾」),3,299233,https://cdn.snkrdunk.com/upload_bg_removed/pkmn-tcg-112-yu.webp,,,,ADD_CANDIDATE
pkmn-tcg-S-P-239,SP,239,,イーブイ: プロモ P [S-P 239](ポケモンカードゲーム ソード&シールド 「プロモカードパック 第8弾」),3,299268,https://cdn.snkrdunk.com/upload_bg_removed/pkmn-tcg-239-yu.webp,,,,ADD_CANDIDATE
pkmn-tcg-SV-P-SM-215,SVPSM,215,,クワッス P [SV-P 215](プロモカードパック「ポケカの夏がキタ！プロモカードGetキャンペーン！」),3,332795,https://cdn.snkrdunk.com/upload_bg_removed/pkmn-tcg-SV-P-SM-215-of.webp,,,,ADD_CANDIDATE
pkmn-tcg-SV-P-SM-213,SVPSM,213,,ニャオハ P [SV-P 213](プロモカードパック「ポケカの夏がキタ！プロモカードGetキャンペーン！」),3,332793,https://cdn.snkrdunk.com/upload_bg_removed/pkmn-tcg-SV-P-SM-213-of.webp,,,,ADD_CANDIDATE
pkmn-tcg-LD-065,LD,65,,ホウオウ: プロモ[L-P 065/L-P](プロモーションカード「L-P」),3,343743,https://cdn.snkrdunk.com/upload_bg_removed/20240805072426-0.webp,CRD_482D1C2F5F0041739B92,나인테일 BREAK,0.6644,ADD_CANDIDATE
pkmn-tcg-SH-P-038,SHP,38,,カビゴン [SH 038/053](ファミリーポケモンカードゲーム「ピカチュウV」),3,379607,https://cdn.snkrdunk.com/upload_bg_removed/pkmn-tcg-7331195-yu.webp,CRD_7BD79E9CD5FD4404913E,잠만보 V,0.7142,ADD_CANDIDATE
pkmn-tcg-SM-P-023,SMP,23,,アローラロコン P [SM-P 023](プロモーションカード「ジャンプフェスタ2017 ゲオポケモンカードゲーム限定キャンペーン」),3,403463,https://cdn.snkrdunk.com/upload_bg_removed/pkmn-tcg-7325539-yu.webp,,,,ADD_CANDIDATE
pkmn-tcg-SM-P-052,SMP,52,,アローラロコン P [SM-P 052](サン&ムーン スペシャルセット「アローラロコン」),3,403546,https://cdn.snkrdunk.com/upload_bg_removed/pkmn-tcg-7325568-yu.webp,,,,ADD_CANDIDATE
pkmn-tcg-SM-P-069,SMP,69,,ルカリオ P [SM-P 069](プロモーションカード「闘う虹を見たか 光を喰らう闇 BOX購入キャンペーン」),3,403555,https://cdn.snkrdunk.com/upload_bg_removed/pkmn-tcg-7325585-yu.webp,,,,ADD_CANDIDATE
pkmn-tcg-SM-P-215,SMP,215,,デデンネ P [SM-P 215](プロモカードパック「第4弾」),3,404454,https://cdn.snkrdunk.com/upload_bg_removed/pkmn-tcg-7325724-yu.webp,,,,ADD_CANDIDATE
pkmn-tcg-SM-P-257,SMP,257,,ラティオス P [SM-P 257](プロモカードパック「第6弾」),3,407409,https://cdn.snkrdunk.com/upload_bg_removed/pkmn-tcg-7325761-yu.webp,,,,ADD_CANDIDATE
pkmn-tcg-SM-P-275,SMP,275,,シャワーズ P [SM-P 275](スターターセット「雷のサンダースGX デラックスセット」),3,407420,https://cdn.snkrdunk.com/upload_bg_removed/pkmn-tcg-7326362-yu.webp,,,,ADD_CANDIDATE
pkmn-tcg-SM-P-293,SMP,293,,アローラロコン P [SM-P 293](プロモーションカード「ポケモンパン チョコ＆カスターパン ベーコン＆ポテトパン 付属」),3,407424,https://cdn.snkrdunk.com/upload_bg_removed/pkmn-tcg-7326610-yu.webp,,,,ADD_CANDIDATE
pkmn-tcg-SM-P-310,SMP,310,,イーブイ P [SM-P 310](プロモーションカード「次世代ワールドホビーフェア '19 winter ポケカくじ」),3,407435,https://cdn.snkrdunk.com/upload_bg_removed/pkmn-tcg-7327100-yu.webp,,,,ADD_CANDIDATE
pkmn-tcg-SM-P-378,SMP,378,,イーブイ P [SM-P 378](プロモーションカード「ローソンサマーキャンペーン」),3,407862,https://cdn.snkrdunk.com/upload_bg_removed/pkmn-tcg-7327661-yu.webp,CRD_3ED9185116C84CE4B8E5,찬란한 이브이,0.691,ADD_CANDIDATE
pkmn-tcg-XY-P-BF14K-091,XYPBF14K,91,,ニンフィア P [XY-P 091](プロモーションカード「バトルフェスタ2014 景品」),3,411743,https://cdn.snkrdunk.com/upload_bg_removed/pkmn-tcg-7314635-yu.webp,,,,ADD_CANDIDATE
pkmn-tcg-XY-P-LMB-OKC-138,XYPLMBOKC,138,,MバシャーモEX P [XY-P 138](プロモーションカード「レックウザメガバトル オリジナルキラカード」),3,411782,https://cdn.snkrdunk.com/upload_bg_removed/pkmn-tcg-7314682-yu.webp,CRD_D4E8EA5B4ABC4CE4803E,M번치코 EX,0.8699,ADD_CANDIDATE
pkmn-tcg-XY-P-XYPCP4-114,XYPXYPCP4,114,,フライゴンEX P [XY-P 114](プロモカードパック「第4弾」),3,411759,https://cdn.snkrdunk.com/upload_bg_removed/pkmn-tcg-7314658-yu.webp,CRD_0F321114788E4CC0A5AB,플라이곤 EX,0.8393,ADD_CANDIDATE
pkmn-tcg-XY-P-FUPA-145,XYPFUPA,145,,ラティアス P [XY-P 145](プロモーションカード「映画公開記念 フーパのおでまし～！キャンペーン」),3,411787,https://cdn.snkrdunk.com/upload_bg_removed/pkmn-tcg-7314689-yu.webp,,,,ADD_CANDIDATE
pkmn-tcg-XY-P-XYPCP6-173,XYPXYPCP6,173,,オカルトマニア P [XY-P 173](プロモカードパック「第6弾」),3,411810,https://cdn.snkrdunk.com/upload_bg_removed/pkmn-tcg-7314718-yu.webp,,,,ADD_CANDIDATE
pkmn-tcg-XY-P-KNB-256,XYPKNB,256,,カリン P [XY-P 256](プロモーションカード「カリンのナイトバトル」),3,413443,https://cdn.snkrdunk.com/upload_bg_removed/pkmn-tcg-7314801-yu.webp,,,,ADD_CANDIDATE
pkmn-tcg-XY-P-20th-EPC-282,XYP20THEPC,282,,とりかえっこプリーズ！ P [XY-P 282](プロモーションカード「とりかえっこプリーズキャンペーン20th」),3,413452,https://cdn.snkrdunk.com/upload_bg_removed/pkmn-tcg-7314821-yu.webp,,,,ADD_CANDIDATE
pkmn-tcg-BW-P-0050-160,BWP0050,160,,メロエッタ P [BW-P 160/BW-P](プロモーションカード「マクドナルドハッピーセット」),3,415509,https://cdn.snkrdunk.com/upload_bg_removed/pkmn-tcg-7314441-yu.webp,,,,ADD_CANDIDATE
pkmn-tcg-BW-P-0024-105,BWP0024,105,,ニャース P [BW-P 105/BW-P](プロモーションカード「サイコドライブ ヘイルブリザード 発売記念キャンペーン」),3,415463,https://cdn.snkrdunk.com/upload_bg_removed/pkmn-tcg-7314387-yu.webp,,,,ADD_CANDIDATE
pkmn-tcg-BW-P-0070-219,BWP0070,219,,ゲノセクト P [BW-P 219/BW-P](プロモーションカード「最強ポケモンをさがせ!! 激強デッキレシピBOOK」),3,415553,https://cdn.snkrdunk.com/upload_bg_removed/pkmn-tcg-7314495-yu.webp,,,,ADD_CANDIDATE
pkmn-tcg-BW-P-0099-098,BWP0099,98,,ベル P [BW-P 098/BW-P](プロモーションカードパック「ジム☆チャレンジ 2011年9月」),3,415456,https://cdn.snkrdunk.com/upload_bg_removed/pkmn-tcg-7314380-yu.webp,,,,ADD_CANDIDATE
pkmn-tcg-BW-P-0067-216,BWP0067,216,,ブラックキュレム P [BW-P 216/BW-P](プロモーションカード「スペシャルパック ブラックキュレム」),3,415550,https://cdn.snkrdunk.com/upload_bg_removed/pkmn-tcg-7314492-yu.webp,,,,ADD_CANDIDATE
pkmn-tcg-BW-P-0104-210,BWP0104,210,,コイキング P [BW-P 210/BW-P](プロモーションカードパック「ジム☆チャレンジ 2013年4月」),3,415544,https://cdn.snkrdunk.com/upload_bg_removed/pkmn-tcg-7314486-yu.webp,,,,ADD_CANDIDATE
pkmn-tcg-BW-P-0069-218,BWP0069,218,,N P [BW-P 218/BW-P](プロモーションカード「キラカード付きスペシャルパック N」),3,415552,https://cdn.snkrdunk.com/upload_bg_removed/pkmn-tcg-7314494-yu.webp,,,,ADD_CANDIDATE
pkmn-tcg-PLAY4-007,PLAY4,7,,ミュウex [ADV-P 007/PLAY](プロモーションカード「プレイヤーズけいけんち 15000EXPプレゼントカード」),3,440461,https://cdn.snkrdunk.com/upload_bg_removed/pkmn-tcg-7315043-yu.webp,CRD_4CB4D847706A453D8A1F,빛나는 뮤,0.6803,ADD_CANDIDATE
pkmn-tcg-PLAY6-009,PLAY6,9,,ファイヤーex [ADV-P 009/PLAY](プロモーションカード「第2期 プレイヤーズキットカード・第2期プレイヤーズ継続キットカード」),3,440463,https://cdn.snkrdunk.com/upload_bg_removed/pkmn-tcg-7315045-yu.webp,CRD_67BA3BC34CA2443FAB1C,리자몽 EX,0.6385,ADD_CANDIDATE
pkmn-tcg-SV-P-194,SVP,194,,スイクン P [SV-P 194](スタートデッキ Generations「スペシャルバトルセット」),3,441214,https://cdn.snkrdunk.com/upload_bg_removed/20241121074032-2.webp,,,,ADD_CANDIDATE
pkmn-tcg-SB-TK-026,SBTK,26,,スイクン P [e-P 026](プロモーションカード「セレビィ 時を超えた遭遇 DVD・ビデオ特典カード」),3,452559,https://cdn.snkrdunk.com/upload_bg_removed/pkmn-tcg-7304084-yu.webp,,,,ADD_CANDIDATE
pkmn-tcg-ST-TG-028,STTG,28,,ピチュー兄弟 P [e-P 028](プロモーションカード「スタータートリプルゲットキャンペーン 赤緑コース 賞品」),3,452568,https://cdn.snkrdunk.com/upload_bg_removed/pkmn-tcg-7304093-yu.webp,CRD_E1B6948E73434311B499,피카츄 EX,0.703,ADD_CANDIDATE
pkmn-tcg-JR2002-044,JR2002,44,,ピカチュウ P [e-P 044](プロモーションカード「JR ポケモンハッピーアドベンチャーラリー2002 オリジナルカード」),3,452584,https://cdn.snkrdunk.com/upload_bg_removed/pkmn-tcg-7304109-yu.webp,,,,ADD_CANDIDATE
pkmn-tcg-CRCR-03-02-002,CRCR0302,2,,グラードンex P [ADV-P 002](プロモーションカード「月刊コロコロコミック 2003年 2月号」),3,452589,https://cdn.snkrdunk.com/upload_bg_removed/pkmn-tcg-7305208-yu.webp,,,,ADD_CANDIDATE
pkmn-tcg-CRCR-04-03-001,CRCR0403,1,,カメックス P [PCG-P 001](プロモーションカード「月刊コロコロコミック 2004年 3月号」),3,452649,https://cdn.snkrdunk.com/upload_bg_removed/pkmn-tcg-7307024-yu.webp,CRD_7670562F15A640309F43,거북왕 EX,0.7479,ADD_CANDIDATE
pkmn-tcg-SG-S12345-08-017,SGS1234508,17,,デオキシス P [PCG-P 017](プロモーションカード「小学館 小学一年生 小学二年生 小学三年生 小学四年生 小学五年生 8月号 付録」),3,452665,https://cdn.snkrdunk.com/upload_bg_removed/pkmn-tcg-7307040-na.webp,,,,ADD_CANDIDATE
pkmn-tcg-PKP-AC-042,PKPAC,42,,グラードン P [PCG-P 042](プロモーションカード「ポケパーク ルギアのくるくるシップ」),3,452686,https://cdn.snkrdunk.com/upload_bg_removed/pkmn-tcg-7307062-yu.webp,,,,ADD_CANDIDATE
pkmn-tcg-MS-PCS3-0506-073,MSPCS30506,73,,ピジョット P [PCG-P 073](プロモーションカード「明治製菓 ポケモンチョコスナック 第3弾 2005年 6月」),3,452710,https://cdn.snkrdunk.com/upload_bg_removed/pkmn-tcg-7307086-yu.webp,CRD_67397D46BAC44F998127,피죤투 EX,0.8138,ADD_CANDIDATE
pkmn-tcg-MS-PCS3-0506-068,MSPCS30506,68,,ピカチュウ P [PCG-P 068](プロモーションカード「明治製菓 ポケモンチョコスナック 第3弾 2005年 6月」),3,452705,https://cdn.snkrdunk.com/upload_bg_removed/pkmn-tcg-7307081-yu.webp,CRD_21AA8DB739564F3E9CA5,피카츄,0.6308,ADD_CANDIDATE
pkmn-tcg-MCD-05-07-089,MCD0507,89,,ロータのマニューラ P [PCG-P 089](プロモーションカード「マクドナルドオリジナル 2005年7月」),3,452726,https://cdn.snkrdunk.com/upload_bg_removed/pkmn-tcg-7307102-yu.webp,,,,ADD_CANDIDATE
pkmn-tcg-MCD-05-07-085,MCD0507,85,,ミュウ P [PCG-P 085](プロモーションカード「マクドナルドオリジナル 2005年7月」),3,452722,https://cdn.snkrdunk.com/upload_bg_removed/pkmn-tcg-7307098-yu.webp,CRD_4CB4D847706A453D8A1F,빛나는 뮤,0.7425,ADD_CANDIDATE
pkmn-tcg-MV-ML-099,MVML,99,,レジロック P [PCG-P 099](プロモーションカード「映画 ミュウと波導の勇者ルカリオ」),3,452734,https://cdn.snkrdunk.com/upload_bg_removed/pkmn-tcg-7307110-na.webp,,,,ADD_CANDIDATE
pkmn-tcg-MV-ML-098,MVML,98,,レジアイス P [PCG-P 098](プロモーションカード「映画 ミュウと波導の勇者ルカリオ」),3,452733,https://cdn.snkrdunk.com/upload_bg_removed/pkmn-tcg-7307109-yu.webp,,,,ADD_CANDIDATE
pkmn-tcg-MV-ML-100,MVML,100,,レジスチル P [PCG-P 100](プロモーションカード「映画 ミュウと波導の勇者ルカリオ」),3,452735,https://cdn.snkrdunk.com/upload_bg_removed/pkmn-tcg-7307111-na.webp,,,,ADD_CANDIDATE
pkmn-tcg-BR-SM2006-148,BRSM2006,148,,ミュウδ-デルタ種 P [PCG-P 148](プロモーションカード「バトルロード サマー2006」),3,452778,https://cdn.snkrdunk.com/upload_bg_removed/pkmn-tcg-7307154-na.webp,CRD_4CB4D847706A453D8A1F,빛나는 뮤,0.7638,ADD_CANDIDATE
pkmn-tcg-TOY-IE-OKF-080,TOYIEOKF,80,,ミュウ P [PCG-P 080](プロモーションカード「トイザらス・イトーヨーカドー限定 オフィシャルカードファイル」),3,452717,https://cdn.snkrdunk.com/upload_bg_removed/pkmn-tcg-7307093-na.webp,CRD_B837D3F1A54647279AEC,뮤 EX,0.7144,ADD_CANDIDATE
pkmn-tcg-PPP-0002-004,PPP0002,4,,"マナフィ [PPP 004](プロモーションカード「第5期プレイヤーズ けいけんち3,000~4,900EXPプレゼントカード」)",3,453191,https://cdn.snkrdunk.com/upload_bg_removed/pkmn-tcg-7310614-of.webp,CRD_B3FD6023E69B4B2DAF28,마나피 EX,0.7316,ADD_CANDIDATE
pkmn-tcg-DP-P-0047-078,DPP0047,78,,エンペルトLV.X :キラ [DP-P 078](プロモーションカード「ひかる闇 スペシャルパック」),3,453268,https://cdn.snkrdunk.com/upload_bg_removed/pkmn-tcg-7313189-yu.webp,,,,ADD_CANDIDATE
pkmn-tcg-DP-P-0054-104,DPP0054,104,,ガブリアス :キラ [DP-P 104](プロモーションカード「ポケモンワールドチャンピオンシップス 日本代表決定大会 参加賞」),3,453289,https://cdn.snkrdunk.com/upload_bg_removed/pkmn-tcg-7313215-yu.webp,,,,ADD_CANDIDATE
pkmn-tcg-DP-P-0061-107,DPP0061,107,,ディアルガLV.X [DP-P 107](プロモーションカード「ポケモンカードゲームDP 秘境の叫び・怒りの神殿 スペシャルパック」),3,453292,https://cdn.snkrdunk.com/upload_bg_removed/pkmn-tcg-7313218-yu.webp,CRD_40ACC9AF379C44558884,디아루가,0.6611,ADD_CANDIDATE
pkmn-tcg-DP-P-0065-112,DPP0065,112,,ピチュー [DP-P 112](プロモーションカード「コレクションチャレンジ とりかえっこDP引換カード2008年7月」),3,453297,https://cdn.snkrdunk.com/upload_bg_removed/pkmn-tcg-7313223-yu.webp,CRD_3ED9185116C84CE4B8E5,찬란한 이브이,0.6356,ADD_CANDIDATE
pkmn-tcg-DPt-P-0031-048,DPTP0031,48,,アルティメットゾーン [DPt-P 048](プロモーションカード「拡張パックアルセウス光臨 発売記念キャンペーン」),3,453431,https://cdn.snkrdunk.com/upload_bg_removed/pkmn-tcg-7314197-ot.webp,CRD_2BE2AAD4366A40AAB96E,아르세우스 V,0.6328,ADD_CANDIDATE
pkmn-tcg-L-P-0005-010,LP0005,10,,ヒメグマ [L-P 010](プロモーションカード「オリジナルキラカードランダムプレゼントキャンペーン」),3,453446,https://cdn.snkrdunk.com/upload_bg_removed/pkmn-tcg-7314210-yu.webp,CRD_78E696D892A1480CB471,에몽가 EX,0.6812,ADD_CANDIDATE
pkmn-tcg-L-P-0005-007,LP0005,7,,ワニノコ [L-P 007](プロモーションカード「オリジナルキラカードランダムプレゼントキャンペーン」),3,453443,https://cdn.snkrdunk.com/upload_bg_removed/pkmn-tcg-7314207-yu.webp,,,,ADD_CANDIDATE
pkmn-tcg-L-P-0032-059,LP0032,59,,エンテイ [L-P 059](プロモーションカード「ポケモンカードゲームLEGEND パーフェクトセット スペシャルキラカード」),3,453472,https://cdn.snkrdunk.com/upload_bg_removed/pkmn-tcg-7314259-yu.webp,CRD_3B4881B425A945B385D7,화염레오 BREAK,0.7603,ADD_CANDIDATE
pkmn-tcg-PMCG-PSA-0003,PMCGPSA,3,,イワーク : 旧裏 [PMCG-P No.095](旧裏面 プロモーションカード「サザンアイランド 映画公開記念」),3,454031,https://cdn.snkrdunk.com/upload_bg_removed/pkmn-tcg-7302331-yu.webp,,,,ADD_CANDIDATE
pkmn-tcg-PMCG-PSA-0010,PMCGPSA,10,,ベロリンガ : 旧裏 [PMCG-P No.108](旧裏面 プロモーションカード「サザンアイランド 映画公開記念」),3,454038,https://cdn.snkrdunk.com/upload_bg_removed/pkmn-tcg-7302338-yu.webp,,,,ADD_CANDIDATE
pkmn-tcg-PMCG-P-0010,PMCGP,10,,ミュウツー P : 旧裏 [PMCG-P No.150](プロモーションカード「ポケットモンスターファンブック」),3,465930,https://cdn.snkrdunk.com/upload_bg_removed/pkmn-tcg-7302792-yu.webp,CRD_9337246D91AB42D89EBE,뮤츠 EX,0.7991,ADD_CANDIDATE
pkmn-tcg-PMCG-P-0049,PMCGP,49,,エリカのミニリュウ P : 旧裏 [PMCG-P](プロモーションカード「コロコロコミック 1998年8月号」),3,467531,https://cdn.snkrdunk.com/upload_bg_removed/pkmn-tcg-7302834-yu.webp,,,,ADD_CANDIDATE
pkmn-tcg-PMCG-P-0064,PMCGP,64,,タケシのマンキー P : 旧裏 [PMCG-P](プロモーションカード「コロコロコミック 1998年12月号」),3,467848,https://cdn.snkrdunk.com/upload_bg_removed/pkmn-tcg-7302849-yu.webp,,,,ADD_CANDIDATE
pkmn-tcg-PMCG-P-0082,PMCGP,82,,トゲピー P : 旧裏 [PMCG-P](プロモーションカード「コロコロコミック 1999年6月号」),3,467858,https://cdn.snkrdunk.com/upload_bg_removed/pkmn-tcg-7302870-yu.webp,,,,ADD_CANDIDATE
pkmn-tcg-PMCG-P-0096,PMCGP,96,,コダック P : 旧裏 [PMCG-P](プロモーションカード「ポケモンカードになったワケ2」),3,467866,https://cdn.snkrdunk.com/upload_bg_removed/pkmn-tcg-7302886-yu.webp,,,,ADD_CANDIDATE
pkmn-tcg-PMCG-P-0085,PMCGP,85,,サカキのニドキング P : 旧裏 [PMCG-P](プロモーションカード「コロコロコミック 1999年8月号」),3,467861,https://cdn.snkrdunk.com/upload_bg_removed/pkmn-tcg-7302873-yu.webp,CRD_E2D10B6BD1CB4538A46D,니드킹 BREAK,0.6878,ADD_CANDIDATE
pkmn-tcg-neo-P-0011,NEOP,11,,ハガネール P : 旧裏 [neo-P](プロモーションカード「ポケモンカードトレーナーズvol.5」),3,470970,https://cdn.snkrdunk.com/upload_bg_removed/pkmn-tcg-7302915-yu.webp,,,,ADD_CANDIDATE
pkmn-tcg-neo-P-0027,NEOP,27,,ププリン P : 旧裏 [neo-P](プロモーションカード「PIKACHU the MOVIE2000」),3,470985,https://cdn.snkrdunk.com/upload_bg_removed/pkmn-tcg-7302935-yu.webp,,,,ADD_CANDIDATE
pkmn-tcg-PMCG-P-0117,PMCGP,117,,イーブイ P : 旧裏 [PMCG-P](プロモーションカード「スタンプラリー2000 達成記念ポケモンカード US版オフィシャルプロモ 金コース」),3,470995,https://cdn.snkrdunk.com/upload_bg_removed/pkmn-tcg-7302955-na.webp,,,,ADD_CANDIDATE
pkmn-tcg-PMCG-P-0116,PMCGP,116,,ミュウツー P : 旧裏 [PMCG-P](プロモーションカード「スタンプラリー2000 達成記念ポケモンカード US版オフィシャルプロモ 銀コース」),3,470994,https://cdn.snkrdunk.com/upload_bg_removed/pkmn-tcg-7302954-na.webp,,,,ADD_CANDIDATE
pkmn-tcg-SV-P-198,SVP,198,,イーブイ P [SV-P 198](プロモーションカード「ポケモンカードゲーム教室 in ポケモンカードストア」),3,766764,https://cdn.snkrdunk.com/upload_bg_removed/pkmn-tcg-SV-P198-of.webp,,,,ADD_CANDIDATE
pkmn-tcg-SC-30th-P-019,SC30THP,19,,モクロー プロモ [30th-P 019]【中国語版(簡体字)】(スカーレット&バイオレット「30周年記念 最初のパートナー スペシャルアート ホロカードセット Vol.1」),3,775840,https://cdn.snkrdunk.com/upload_bg_removed/pkmn-tcg-2026-03-10-P-019-of.webp,,,,ADD_CANDIDATE
pkmn-tcg-M-P-047,MP,47,,エレズン P [M-P 047](プロモカードパック「ポケモンカードジム 第2弾」),2,716319,https://cdn.snkrdunk.com/upload_bg_removed/pkmn-tcg-M-P-047-of.webp,,,,ADD_CANDIDATE
pkmn-tcg-M-P-046,MP,46,,ワルビアルex P [M-P 046](プロモカードパック「ポケモンカードジム 第2弾」),2,716318,https://cdn.snkrdunk.com/upload_bg_removed/pkmn-tcg-M-P-046-of.webp,,,,ADD_CANDIDATE
pkmn-tcg-SM-P-247,SMP,247,,イーブイ: プロモ[SM-P 247](プロモーションカード「SM-P」),2,93074,https://cdn.snkrdunk.com/upload_bg_removed/20220901015719-0.webp,,,,ADD_CANDIDATE
pkmn-tcg-PDC-PCG-053-054,PDCPCG053,54,,エーフィ: プロモ[053/L-P](プロモーションカード「ポケモンだいすきクラブカード PCGアクションポイントプレゼント ＜スペシャルランク＞」),2,93160,https://cdn.snkrdunk.com/upload_bg_removed/20260211054406-0.webp,,,,ADD_CANDIDATE
pkmn-tcg-SM-P-085,SMP,85,,ロイヤルマスク: プロモ[SM-P 085](プロモーションカード「SM-P」),2,93368,https://cdn.snkrdunk.com/upload_bg_removed/20220901073221-0.webp,,,,ADD_CANDIDATE
pkmn-tcg-S-P-228,SP,228,,キバナ:プロモ [S-P 228](プロモーションカード「S-P」),2,106800,https://cdn.snkrdunk.com/upload_bg_removed/20240611044523-0.webp,,,,ADD_CANDIDATE
pkmn-tcg-SM-P-262,SMP,262,,ピカチュウ: プロモ [SM-P 262](プロモーションカード「SM-P」),2,107461,https://cdn.snkrdunk.com/upload_bg_removed/20221219044337-0.webp,CRD_A6337035E8634701BFAB,피카츄,0.6817,ADD_CANDIDATE
pkmn-tcg-SM-P-243,SMP,243,,イーブイ: プロモ [SM-P 243](プロモーションカード「SM-P」),2,107496,https://cdn.snkrdunk.com/upload_bg_removed/20221219065629-0.webp,CRD_E4269732BF5E4DAE84E6,부스터 EX,0.6274,ADD_CANDIDATE
pkmn-tcg-SM-P-223,SMP,223,,アセロラ: プロモ [SM-P 223](プロモーションカード「SM-P」),2,107550,https://cdn.snkrdunk.com/upload_bg_removed/20221219071103-0.webp,,,,ADD_CANDIDATE
pkmn-tcg-SM-P-277,SMP,277,,ファイヤー: プロモ [SM-P 277](プロモーションカード「SM-P」),2,107556,https://cdn.snkrdunk.com/upload_bg_removed/20221219072303-0.webp,CRD_A4DBE3E0E159125E3B57,칠색조 V,0.6265,ADD_CANDIDATE
pkmn-tcg-SV-P-009,SVP,9,RR,モトトカゲex: プロモ RR[SV-P 009](プロモーションカード「SV-P」),2,108334,https://cdn.snkrdunk.com/upload_bg_removed/20230119104851-0.webp,,,,ADD_CANDIDATE
pkmn-tcg-SV-P-007,SVP,7,,コライドン: プロモ [SV-P 007](プロモーションカード「SV-P」),2,110924,https://cdn.snkrdunk.com/upload_bg_removed/20230119105011-0.webp,CRD_E3AC52EB71E245EEA841,헬가 EX,0.6333,ADD_CANDIDATE
pkmn-tcg-PMCG-P-103,PMCGP,103,,ナッシー［Exeggutor］HP80 光沢あり: 旧裏プロモ[PMCG-P No.103](プロモーションカード「PMCG-P」),2,127032,https://cdn.snkrdunk.com/upload_bg_removed/20230606061141-0.webp,,,,ADD_CANDIDATE
pkmn-tcg-SV-P-080,SVP,80,,基本炎エネルギー: プロモ[SV-P 080](「タント×ポケモンカードゲーム」プロモーションカード「SV-P」),2,132902,https://cdn.snkrdunk.com/upload_bg_removed/pkmn-tcg-SV-P-080.webp,,,,ADD_CANDIDATE
pkmn-tcg-SV-P-108,SVP,108,,サンダーex CS2024: プロモ [SV-P 108](プロモーションカード「SV-P」),2,138485,https://cdn.snkrdunk.com/upload_bg_removed/20230913071308-0.webp,CRD_498BBDABFF4741DD92A0,썬더 ex,0.7634,ADD_CANDIDATE
pkmn-tcg-S-P-276,SP,276,,ミジュマル: プロモ P [S-P 276](プロモーションカード「楽しもう。春、ポケカ。」),2,291476,https://cdn.snkrdunk.com/upload_bg_removed/20240610100414-0.webp,,,,ADD_CANDIDATE
pkmn-tcg-S-P-275,SP,275,,ヒノアラシ: プロモ P [S-P 275](プロモーションカード「楽しもう。春、ポケカ。」),2,291475,https://cdn.snkrdunk.com/upload_bg_removed/20240610100401-0.webp,,,,ADD_CANDIDATE
pkmn-tcg-S-P-211,SP,211,,バクガメス: プロモ P [S-P 211](プロモーションカード「S-P」),2,292634,https://cdn.snkrdunk.com/upload_bg_removed/pkmn-tcg-S-P-211.webp,,,,ADD_CANDIDATE
pkmn-tcg-S-P-171,SP,171,,ゴリランダーVMAX: プロモ P [S-P 171](プロモーションカード「S-P」),2,292752,https://cdn.snkrdunk.com/upload_bg_removed/pkmn-tcg-S-P-171.webp,,,,ADD_CANDIDATE
pkmn-tcg-PMCG-P-052,PMCGP,52,,ロケット団のニャース P: 旧裏 [PROMO No.052](付録「ポケモンCD ニャースのパーティ」),2,309455,https://cdn.snkrdunk.com/upload_bg_removed/20240702072328-0.webp,,,,ADD_CANDIDATE
pkmn-tcg-SV-P-SM-217,SVPSM,217,,パモ P [SV-P 217](プロモカードパック「ポケカの夏がキタ！プロモカードGetキャンペーン！」),2,332797,https://cdn.snkrdunk.com/upload_bg_removed/pkmn-tcg-SV-P-SM-217-of.webp,,,,ADD_CANDIDATE
pkmn-tcg-LD-064,LD,64,,ライコウ: プロモ[L-P 064/L-P](プロモーションカード「L-P」),2,340582,https://cdn.snkrdunk.com/upload_bg_removed/20240731083742-2.webp,,,,ADD_CANDIDATE
pkmn-tcg-SV-P-201,SVP,201,,シャリタツ P [SV-P 201](プロモーションカード「チャンピオンズリーグ2025 参加賞」),2,356897,https://cdn.snkrdunk.com/upload_bg_removed/20240816061109-0.webp,,,,ADD_CANDIDATE
pkmn-tcg-SM-P-084,SMP,84,,ロイヤルマスク P [SM-P 084](プロモーションカード「ひかる伝説 10パック購入特典」),2,403596,https://cdn.snkrdunk.com/upload_bg_removed/20240930091955-4.webp,,,,ADD_CANDIDATE
pkmn-tcg-SM-P-100,SMP,100,,アローラライチュウ P [SM-P 100](プロモカードパック「第2弾」),2,403607,https://cdn.snkrdunk.com/upload_bg_removed/pkmn-tcg-7325616-yu.webp,CRD_93FFCADB9F314F93B03F,케르디오 EX,0.6244,ADD_CANDIDATE
pkmn-tcg-SM-P-122,SMP,122,,シルヴァディGX P [SM-P 122](プロモーションカード「煌めきのシルヴァディGX GETキャンペーン」),2,403689,https://cdn.snkrdunk.com/upload_bg_removed/pkmn-tcg-7325638-yu.webp,,,,ADD_CANDIDATE
pkmn-tcg-BW3-P-014,BW3P,14,,フリーザー R :1ED [BW3 014/052](拡張パック「サイコドライブ」),2,404562,https://cdn.snkrdunk.com/upload_bg_removed/pkmn-tcg-7317486-yu.webp,CRD_ACE1406D88444132AE41,프리져 EX플라스마단,0.6928,ADD_CANDIDATE
pkmn-tcg-BW3-P-015,BW3P,15,,カイオーガEX R [BW3 015/052](拡張パック「サイコドライブ」),2,404565,https://cdn.snkrdunk.com/upload_bg_removed/pkmn-tcg-7317489-yu.webp,,,,ADD_CANDIDATE
pkmn-tcg-SM-P-254,SMP,254,,カラカラ P [SM-P 254](プロモカードパック「第6弾」),2,407406,https://cdn.snkrdunk.com/upload_bg_removed/pkmn-tcg-7325758-yu.webp,,,,ADD_CANDIDATE
pkmn-tcg-SM-P-266,SMP,266,,シロナ P [SM-P 266](プロモーションカード「ポケモンカードジム 新弾バトル」),2,407415,https://cdn.snkrdunk.com/upload_bg_removed/pkmn-tcg-7325769-yu.webp,,,,ADD_CANDIDATE
pkmn-tcg-SM-P-299,SMP,299,,サンダース P [SM-P 299](プロモカードパック「第7弾」),2,407428,https://cdn.snkrdunk.com/upload_bg_removed/pkmn-tcg-7326615-yu.webp,,,,ADD_CANDIDATE
pkmn-tcg-SM-P-317,SMP,317,,ポリゴンZGX P [SM-P 317](プロモカードパック「第8弾」),2,407442,https://cdn.snkrdunk.com/upload_bg_removed/pkmn-tcg-7327107-yu.webp,,,,ADD_CANDIDATE
pkmn-tcg-SM-P-368,SMP,368,,ガルーラ P [SM-P 368](プロモーションカード「ファミリーポケモンカードゲーム＆GXスタートバトル ～ガルーラゲットだぜ～」),2,407855,https://cdn.snkrdunk.com/upload_bg_removed/pkmn-tcg-7327651-yu.webp,,,,ADD_CANDIDATE
pkmn-tcg-SM-P-301,SMP,301,,ピッピ P [SM-P 301](プロモカードパック「第7弾」),2,408253,https://cdn.snkrdunk.com/upload_bg_removed/20241004043106-0.webp,,,,ADD_CANDIDATE
pkmn-tcg-XY-P-X30-X-014,XYPX30X,14,,ピッピ P [XY-P 014](構築済みデッキ「ゼルネアスデッキ30」),2,411668,https://cdn.snkrdunk.com/upload_bg_removed/pkmn-tcg-7314550-yu.webp,,,,ADD_CANDIDATE
pkmn-tcg-XY-P-CRCR-XY-013,XYPCRCRXY,13,,デデンネ P [XY-P 013](プロモーションカード「コロコロプレゼンツ XY激アツ始動キャンペーン」),2,411663,https://cdn.snkrdunk.com/upload_bg_removed/pkmn-tcg-7314545-yu.webp,,,,ADD_CANDIDATE
pkmn-tcg-XY-P-XY2-031,XYPXY2,31,,ヌメルゴン P [XY-P 031](拡張パック「ワイルドブレイズ BOX購入キャンペーン」),2,411685,https://cdn.snkrdunk.com/upload_bg_removed/pkmn-tcg-7314567-yu.webp,,,,ADD_CANDIDATE
pkmn-tcg-XY-P-MOVIE-X-051,XYPMOVIEX,51,,ゼルネアス P [XY-P 051](プロモーションカード「映画公開記念 ゼルネアスセット」),2,411707,https://cdn.snkrdunk.com/upload_bg_removed/pkmn-tcg-7314590-yu.webp,CRD_AA56EE51E5024865B7F9,제르네아스 EX,0.6342,ADD_CANDIDATE
pkmn-tcg-XY-P-SPMDEX-092,XYPSPMDEX,92,,ディアンシーEX P [XY-P 092](スペシャルパック「MディアンシーEX」),2,411744,https://cdn.snkrdunk.com/upload_bg_removed/pkmn-tcg-7314636-yu.webp,CRD_4007297FF83B46EF9175,디안시 EX,0.8745,ADD_CANDIDATE
pkmn-tcg-XY-P-FUPA-146,XYPFUPA,146,,ラティオス P [XY-P 146](プロモーションカード「映画公開記念 フーパのおでまし～！キャンペーン」),2,411788,https://cdn.snkrdunk.com/upload_bg_removed/pkmn-tcg-7314690-yu.webp,CRD_A9C9A530BD584DDBB671,아마루르가 EX,0.6477,ADD_CANDIDATE
pkmn-tcg-XY-P-MA-MM-LB-178,XYPMAMMLB,178,,コリンク P [XY-P 178](ダブルメガBREAKセット「メガプテラEX+メガクチートEX+レントラーBREAK」),2,413364,https://cdn.snkrdunk.com/upload_bg_removed/pkmn-tcg-7314724-yu.webp,,,,ADD_CANDIDATE
pkmn-tcg-XY-P-MA-MM-LB-181,XYPMAMMLB,181,,レントラーBREAK P [XY-P 181](ダブルメガBREAKセット「メガプテラEX+メガクチートEX+レントラーBREAK」),2,413367,https://cdn.snkrdunk.com/upload_bg_removed/20241013012017-0.webp,,,,ADD_CANDIDATE
pkmn-tcg-XY-P-MA-MM-LB-185,XYPMAMMLB,185,,クチートEX P [XY-P 185](ダブルメガBREAKセット「メガプテラEX+メガクチートEX+レントラーBREAK」),2,413371,https://cdn.snkrdunk.com/upload_bg_removed/pkmn-tcg-7314731-yu.webp,CRD_0421FACBD6704E71B2CE,입치트 EX,0.7466,ADD_CANDIDATE
pkmn-tcg-XY-P-MA-MM-LB-186,XYPMAMMLB,186,,MクチートEX P [XY-P 186](ダブルメガBREAKセット「メガプテラEX+メガクチートEX+レントラーBREAK」),2,413372,https://cdn.snkrdunk.com/upload_bg_removed/pkmn-tcg-7314732-yu.webp,CRD_E9C4D238A08646EA997E,M입치트 EX,0.6376,ADD_CANDIDATE
pkmn-tcg-XY-P-BR-WP-196,XYPBRWP,196,,ニャオニクスEX P [XY-P 196](バトル強化セット「水/超」),2,413381,https://cdn.snkrdunk.com/upload_bg_removed/pkmn-tcg-7314742-yu.webp,CRD_93B44E38ADC1449B84C7,냐오닉스 EX,0.8105,ADD_CANDIDATE
pkmn-tcg-XY-P-20thSS-MS-SP-262,XYP20THSSMSSP,262,,ヤドランEX P [XY-P 262](20th Anniversary スペシャルパック「メガヤドランEX+なみのりピカチュウ」),2,413446,https://cdn.snkrdunk.com/upload_bg_removed/pkmn-tcg-7314804-yu.webp,CRD_494E55E7C59E4B6DA4E3,야도란 EX,0.922,ADD_CANDIDATE
pkmn-tcg-XY-P-20thSS-MS-SP-265,XYP20THSSMSSP,265,,ヤドランソウルリンク P [XY-P 265](20th Anniversary スペシャルパック「メガヤドランEX+なみのりピカチュウ」),2,413448,https://cdn.snkrdunk.com/upload_bg_removed/pkmn-tcg-7314807-yu.webp,,,,ADD_CANDIDATE
pkmn-tcg-XY-P-GGB-TW-02,XYPGGBTW,2,,ジムバッジ P :ミラー [XY-P](プロモーションカード「ジムバッジゲットバトル 上位入賞」),2,413562,https://cdn.snkrdunk.com/upload_bg_removed/pkmn-tcg-7315011-yu.webp,,,,ADD_CANDIDATE
pkmn-tcg-XY-P-XYPCP8-289,XYPXYPCP8,289,,ミニスカートのおすすめ P [XY-P 289](プロモーションカードパック「第8弾」),2,413548,https://cdn.snkrdunk.com/upload_bg_removed/pkmn-tcg-7314977-yu.webp,,,,ADD_CANDIDATE
pkmn-tcg-BW-P-0042-151,BWP0042,151,,ピカチュウ P [BW-P 151/BW-P](プロモーションカード「ポケモンカードゲーム教室 参加賞」),2,415503,https://cdn.snkrdunk.com/upload_bg_removed/pkmn-tcg-7314432-yu.webp,CRD_F962598C2D154F409151,피카츄,0.8746,ADD_CANDIDATE
pkmn-tcg-BW-P-0054-177,BWP0054,177,,エアームド P [BW-P 177/BW-P](プロモーションカード「プラズマゲイル 発売記念キャンペーン」),2,415525,https://cdn.snkrdunk.com/upload_bg_removed/pkmn-tcg-7314458-yu.webp,,,,ADD_CANDIDATE
pkmn-tcg-BW-P-0024-104,BWP0024,104,,リオル P [BW-P 104/BW-P](プロモーションカード「サイコドライブ ヘイルブリザード 発売記念キャンペーン」),2,415462,https://cdn.snkrdunk.com/upload_bg_removed/pkmn-tcg-7314386-yu.webp,,,,ADD_CANDIDATE
pkmn-tcg-BW-P-0075-231,BWP0075,231,,ゲノセクト P [BW-P 231/BW-P](プロモーションカード「EXバトルブースト キャンペーンパック」),2,415563,https://cdn.snkrdunk.com/upload_bg_removed/pkmn-tcg-7314507-yu.webp,,,,ADD_CANDIDATE
pkmn-tcg-BW-P-0024-103,BWP0024,103,,ルクシオ P [BW-P 103/BW-P](プロモーションカード「サイコドライブ ヘイルブリザード 発売記念キャンペーン」),2,415461,https://cdn.snkrdunk.com/upload_bg_removed/pkmn-tcg-7314385-yu.webp,,,,ADD_CANDIDATE
pkmn-tcg-PLAY7-014,PLAY7,14,,_のジラーチ [ADV-P 014/PLAY](プロモーションカード「第2期 プレイヤーズ継続キットカード」),2,440468,https://cdn.snkrdunk.com/upload_bg_removed/pkmn-tcg-7315050-yu.webp,CRD_0136A086A0EE4B56BD13,찬란한 지라치,0.6815,ADD_CANDIDATE
pkmn-tcg-PKC-TK-025,PKCTK,25,,ラルースのゴンベ P [PCG-P 025](プロモーションカード「ポケモンセンタートウキョーリニューアル記念」),2,450709,https://cdn.snkrdunk.com/upload_bg_removed/20241115062254-0.webp,,,,ADD_CANDIDATE
pkmn-tcg-PCGT-B13-007,PCGTB13,7,,セレビィ P [e-P 007](プロモーションカード「ポケモンカードトレーナーズ Vol.13」),2,452544,https://cdn.snkrdunk.com/upload_bg_removed/pkmn-tcg-7304066-yu.webp,CRD_17D9AE509B3F4B1A8EB2,세레비,0.7055,ADD_CANDIDATE
pkmn-tcg-PKFAN-018,PKFAN,18,,ひかるイマクニ? P [e-P 018](プロモーションカード「ポケモンカードファンクラブ入会記念カード」),2,452551,https://cdn.snkrdunk.com/upload_bg_removed/pkmn-tcg-7304076-yu.webp,,,,ADD_CANDIDATE
pkmn-tcg-ST-TG-017,STTG,17,,バクフーン P [e-P 017](プロモーションカード「スタータートリプルゲットキャンペーン 赤緑コース 賞品」),2,452550,https://cdn.snkrdunk.com/upload_bg_removed/pkmn-tcg-7304075-yu.webp,,,,ADD_CANDIDATE
pkmn-tcg-PKMNFES-038,PKMNFES,38,,ピカチュウ P [e-P 038](プロモーションカード「ポケモンフェスタ2002 オリエンテーリング参加記念カード」),2,452578,https://cdn.snkrdunk.com/upload_bg_removed/pkmn-tcg-7304103-yu.webp,,,,ADD_CANDIDATE
pkmn-tcg-JR2002-046,JR2002,46,,ミュウツー P [e-P 046](プロモーションカード「JR ポケモンハッピーアドベンチャーラリー2002 オリジナルカード」),2,452586,https://cdn.snkrdunk.com/upload_bg_removed/pkmn-tcg-7304111-yu.webp,CRD_1A2192604CAF4EA98918,뮤츠 EX,0.7237,ADD_CANDIDATE
pkmn-tcg-CRCR-03-06-014,CRCR0306,14,,ジラーチ P [ADV-P 014](プロモーションカード「月刊コロコロコミック 2003年 6月号」),2,452599,https://cdn.snkrdunk.com/upload_bg_removed/pkmn-tcg-7305220-yu.webp,CRD_5EE6DC9AFBE242028F0F,지라치 EX,0.7435,ADD_CANDIDATE
pkmn-tcg-SI-PF-027,SIPF,27,,グラードン P [ADV-P 027](プロモーションカード「セブン-イレブン ポケモンフェア」),2,452611,https://cdn.snkrdunk.com/upload_bg_removed/pkmn-tcg-7305233-yu.webp,,,,ADD_CANDIDATE
pkmn-tcg-SI-PF-035,SIPF,35,,アブソル P [ADV-P 035](プロモーションカード「セブン-イレブン ポケモンフェア」),2,452619,https://cdn.snkrdunk.com/upload_bg_removed/pkmn-tcg-7305241-yu.webp,,,,ADD_CANDIDATE
pkmn-tcg-MCD-ADV-047,MCDADV,47,,バシャーモ P [ADV-P 047](プロモーションカード「マクドナルドオリジナル ADV」),2,452629,https://cdn.snkrdunk.com/upload_bg_removed/pkmn-tcg-7305253-yu.webp,,,,ADD_CANDIDATE
pkmn-tcg-MCD-ADV-050,MCDADV,50,,マイナン P [ADV-P 050](プロモーションカード「マクドナルドオリジナル ADV」),2,452632,https://cdn.snkrdunk.com/upload_bg_removed/pkmn-tcg-7305256-yu.webp,,,,ADD_CANDIDATE
pkmn-tcg-MS-PCS-052,MSPCS,52,,ヒトカゲ P [ADV-P 052](プロモーションカード「明治製菓 ポケモンチョコスナック」),2,452634,https://cdn.snkrdunk.com/upload_bg_removed/pkmn-tcg-7305258-na.webp,,,,ADD_CANDIDATE
pkmn-tcg-MS-PCS-053,MSPCS,53,,リザード P [ADV-P 053](プロモーションカード「明治製菓 ポケモンチョコスナック」),2,452635,https://cdn.snkrdunk.com/upload_bg_removed/pkmn-tcg-7305259-yu.webp,,,,ADD_CANDIDATE
pkmn-tcg-MS-PCS-RH-010,MSPCSRH,10,,マイナン P [PCG-P 010](プロモーションカード「明治製菓 ポケモンチョコスナック-裂空の訪問者-」),2,452658,https://cdn.snkrdunk.com/upload_bg_removed/pkmn-tcg-7307033-yu.webp,,,,ADD_CANDIDATE
pkmn-tcg-MS-PCS-RH-011,MSPCSRH,11,,デオキシス P [PCG-P 011](プロモーションカード「明治製菓 ポケモンチョコスナック-裂空の訪問者-」),2,452659,https://cdn.snkrdunk.com/upload_bg_removed/pkmn-tcg-7307034-yu.webp,CRD_774A388CB1DC46F384AE,뮤츠 EX,0.6923,ADD_CANDIDATE
pkmn-tcg-MCD-05-01-028,MCD0501,28,,チコリータ P [PCG-P 028](プロモーションカード「マクドナルドオリジナル 2005年1月」),2,452672,https://cdn.snkrdunk.com/upload_bg_removed/pkmn-tcg-7307048-yu.webp,,,,ADD_CANDIDATE
pkmn-tcg-MS-PCS-RH-012,MSPCSRH,12,,コータス P [PCG-P 012](プロモーションカード「明治製菓 ポケモンチョコスナック-裂空の訪問者-」),2,452660,https://cdn.snkrdunk.com/upload_bg_removed/pkmn-tcg-7307035-yu.webp,,,,ADD_CANDIDATE
pkmn-tcg-MCD-05-01-029,MCD0501,29,,ヒノアラシ P [PCG-P 029](プロモーションカード「マクドナルドオリジナル 2005年1月」),2,452673,https://cdn.snkrdunk.com/upload_bg_removed/pkmn-tcg-7307049-yu.webp,,,,ADD_CANDIDATE
pkmn-tcg-PKC-YH-037,PKCYH,37,,キモリ P [PCG-P 037](プロモーションカード「ポケモンセンターヨコハマオープン記念」),2,452681,https://cdn.snkrdunk.com/upload_bg_removed/pkmn-tcg-7307057-yu.webp,,,,ADD_CANDIDATE
pkmn-tcg-PKP-AC-050,PKPAC,50,,ポケパークのジラーチ P [PCG-P 050](プロモーションカード「ポケパーク ルギアのくるくるシップ」),2,452694,https://cdn.snkrdunk.com/upload_bg_removed/pkmn-tcg-7307070-yu.webp,CRD_0136A086A0EE4B56BD13,찬란한 지라치,0.7876,ADD_CANDIDATE
pkmn-tcg-MS-PCS3-0506-067,MSPCS30506,67,,レジアイス P [PCG-P 067](プロモーションカード「明治製菓 ポケモンチョコスナック 第3弾 2005年 6月」),2,452704,https://cdn.snkrdunk.com/upload_bg_removed/pkmn-tcg-7307080-yu.webp,CRD_3BEEBBBA3187450DBC7E,두랄루돈 V,0.7107,ADD_CANDIDATE
pkmn-tcg-MCD-05-07-083,MCD0507,83,,ミズゴロウ P [PCG-P 083](プロモーションカード「マクドナルドオリジナル 2005年7月」),2,452720,https://cdn.snkrdunk.com/upload_bg_removed/pkmn-tcg-7307096-yu.webp,,,,ADD_CANDIDATE
pkmn-tcg-SG-S123456-0809-092,SGS1234560809,92,,波導のルカリオ P [PCG-P 092](プロモーションカード「小学館 小学一年生 小学二年生 小学三年生 小学四年生 小学五年生 小学六年生 8.9月号 付録」),2,452729,https://cdn.snkrdunk.com/upload_bg_removed/pkmn-tcg-7307105-na.webp,,,,ADD_CANDIDATE
pkmn-tcg-MCD-05-07-087,MCD0507,87,,ロータのウソハチ P [PCG-P 087](プロモーションカード「マクドナルドオリジナル 2005年7月」),2,452724,https://cdn.snkrdunk.com/upload_bg_removed/pkmn-tcg-7307100-yu.webp,,,,ADD_CANDIDATE
pkmn-tcg-MS-PCS4-0510-102,MSPCS40510,102,,ブースター P [PCG-P 102](プロモーションカード「明治製菓 ポケモンチョコスナック 第4弾 2005年 10月」),2,452737,https://cdn.snkrdunk.com/upload_bg_removed/pkmn-tcg-7307113-yu.webp,CRD_1164B69A14F3417EBA5C,부스터 V,0.6536,ADD_CANDIDATE
pkmn-tcg-MS-PCS4-0510-108,MSPCS40510,108,,メタモン P [PCG-P 108](プロモーションカード「明治製菓 ポケモンチョコスナック 第4弾 2005年 10月」),2,452743,https://cdn.snkrdunk.com/upload_bg_removed/pkmn-tcg-7307119-na.webp,,,,ADD_CANDIDATE
pkmn-tcg-MS-PCS4-0510-106,MSPCS40510,106,,サンダース P [PCG-P 106](プロモーションカード「明治製菓 ポケモンチョコスナック 第4弾 2005年 10月」),2,452741,https://cdn.snkrdunk.com/upload_bg_removed/pkmn-tcg-7307117-na.webp,,,,ADD_CANDIDATE
pkmn-tcg-MS-PCS4-0510-104,MSPCS40510,104,,シャワーズ P [PCG-P 104](プロモーションカード「明治製菓 ポケモンチョコスナック 第4弾 2005年 10月」),2,452739,https://cdn.snkrdunk.com/upload_bg_removed/pkmn-tcg-7307115-yu.webp,,,,ADD_CANDIDATE
pkmn-tcg-MCD-06-02-122,MCD0602,122,,ラティオスδ-デルタ種 P [PCG-P 122](プロモーションカード「マクドナルドオリジナル 2006年2月」),2,452753,https://cdn.snkrdunk.com/upload_bg_removed/pkmn-tcg-7307129-yu.webp,,,,ADD_CANDIDATE
pkmn-tcg-MS-PCS4-0510-111,MSPCS40510,111,,イーブイ P [PCG-P 111](プロモーションカード「明治製菓 ポケモンチョコスナック 第4弾 2005年 10月」),2,452746,https://cdn.snkrdunk.com/upload_bg_removed/pkmn-tcg-7307122-yu.webp,,,,ADD_CANDIDATE
pkmn-tcg-MCD-06-02-120,MCD0602,120,,ラティアスδ-デルタ種 P [PCG-P 120](プロモーションカード「マクドナルドオリジナル 2006年2月」),2,452751,https://cdn.snkrdunk.com/upload_bg_removed/pkmn-tcg-7307127-yu.webp,,,,ADD_CANDIDATE
pkmn-tcg-SGSP-PWL-V6-118,SGSPPWLV6,118,,ピカチュウδ-デルタ種 P [PCG-P 118](プロモーションカード「小学館スペシャル ポケモンワンダーランドVol.6 付録」),2,452749,https://cdn.snkrdunk.com/upload_bg_removed/pkmn-tcg-7307125-na.webp,CRD_7EBB72125E6E436B8589,피카츄,0.7075,ADD_CANDIDATE
pkmn-tcg-BR-OT2005-113,BROT2005,113,,ピカチュウδ-デルタ種 P [PCG-P 113](プロモーションカード「チャンピオンズリーグ 2005」),2,452748,https://cdn.snkrdunk.com/upload_bg_removed/pkmn-tcg-7307124-yu.webp,CRD_7EBB72125E6E436B8589,피카츄,0.7272,ADD_CANDIDATE
pkmn-tcg-BRST-0028,BRST,28,,バトルロードスタジアム P(プロモーションカード「バトルロードスタジアムDP」),2,452802,https://cdn.snkrdunk.com/upload_bg_removed/pkmn-tcg-7307178-na.webp,,,,ADD_CANDIDATE
pkmn-tcg-MCD-e-032,MCDE,32,,ピチュー P [e-P 032](プロモーションカード「マクドナルドオリジナル」),2,452572,https://cdn.snkrdunk.com/upload_bg_removed/pkmn-tcg-7304097-yu.webp,,,,ADD_CANDIDATE
pkmn-tcg-DP-P-0032-036,DPP0032,36,,マスキッパ [DP-P 036](プロモーションカード「ポケモンチョコスナック 第7弾」),2,453227,https://cdn.snkrdunk.com/upload_bg_removed/pkmn-tcg-7313147-yu.webp,,,,ADD_CANDIDATE
pkmn-tcg-DP-P-0032-042,DPP0032,42,,ディアルガ [DP-P 042](プロモーションカード「ポケモンチョコスナック 第7弾」),2,453233,https://cdn.snkrdunk.com/upload_bg_removed/pkmn-tcg-7313153-yu.webp,CRD_40ACC9AF379C44558884,디아루가,0.7302,ADD_CANDIDATE
pkmn-tcg-DP-P-0054-103,DPP0054,103,,ガバイト :キラ [DP-P 103](プロモーションカード「ポケモンワールドチャンピオンシップス 日本代表決定大会 参加賞」),2,453288,https://cdn.snkrdunk.com/upload_bg_removed/pkmn-tcg-7313214-yu.webp,,,,ADD_CANDIDATE
pkmn-tcg-DP-P-0068-115,DPP0068,115,,ミミロルLV.8 [DP-P 115](プロモーションカード「コレクションチャレンジ とりかえっこDP引換カード2008年8月」),2,453300,https://cdn.snkrdunk.com/upload_bg_removed/pkmn-tcg-7313226-yu.webp,,,,ADD_CANDIDATE
pkmn-tcg-DP-P-0032-035,DPP0032,35,,チェリム [DP-P 035](プロモーションカード「ポケモンチョコスナック 第7弾」),2,453226,https://cdn.snkrdunk.com/upload_bg_removed/pkmn-tcg-7313146-yu.webp,,,,ADD_CANDIDATE
pkmn-tcg-DPt-P-0009-015,DPTP0009,15,,ルカリオ [DPt-P 015](プロモーションカード「ポケモン☆サンデー連動企画ルカリオのカード とりかえっこキャンペーン」),2,453411,https://cdn.snkrdunk.com/upload_bg_removed/pkmn-tcg-7314164-yu.webp,,,,ADD_CANDIDATE
pkmn-tcg-L-P-0005-009,LP0005,9,,ゴマゾウ [L-P 009](プロモーションカード「オリジナルキラカードランダムプレゼントキャンペーン」),2,453445,https://cdn.snkrdunk.com/upload_bg_removed/pkmn-tcg-7314209-yu.webp,,,,ADD_CANDIDATE
pkmn-tcg-L-P-0009-022,LP0009,22,,オタチ [L-P 022](プロモーションカード「新シリーズポケモンカードゲームLEGEND 発売記念大会 参加賞」),2,453455,https://cdn.snkrdunk.com/upload_bg_removed/pkmn-tcg-7314222-yu.webp,CRD_78E696D892A1480CB471,에몽가 EX,0.6272,ADD_CANDIDATE
pkmn-tcg-L-P-0032-060,LP0032,60,,スイクン [L-P 060](プロモーションカード「ポケモンカードゲームLEGEND パーフェクトセット スペシャルキラカード」),2,453473,https://cdn.snkrdunk.com/upload_bg_removed/pkmn-tcg-7314260-yu.webp,,,,ADD_CANDIDATE
pkmn-tcg-PMCG-PSA-0006,PMCGPSA,6,,ラッタ : 旧裏 [PMCG-P No.020](旧裏面 プロモーションカード「サザンアイランド 映画公開記念」),2,454034,https://cdn.snkrdunk.com/upload_bg_removed/pkmn-tcg-7302334-yu.webp,,,,ADD_CANDIDATE
pkmn-tcg-PMCG-P-0017,PMCGP,17,,イマクニ？ P : 旧裏 [PMCG-P](プロモーションカード「コロコロコミック 1997年9月号」),2,467414,https://cdn.snkrdunk.com/upload_bg_removed/pkmn-tcg-7302801-yu.webp,,,,ADD_CANDIDATE
pkmn-tcg-PMCG-P-0040,PMCGP,40,,ルージュラ P : 旧裏 [PMCG-P](プロモーションカード「コロコロコミック 1998年4月号」),2,467529,https://cdn.snkrdunk.com/upload_bg_removed/pkmn-tcg-7302825-yu.webp,CRD_93FFCADB9F314F93B03F,케르디오 EX,0.6231,ADD_CANDIDATE
pkmn-tcg-PMCG-P-0074,PMCGP,74,,カツラのガーディ P : 旧裏 [PMCG-P](プロモーションカード「コロコロコミック 1999年3月号」),2,467851,https://cdn.snkrdunk.com/upload_bg_removed/pkmn-tcg-7302860-yu.webp,,,,ADD_CANDIDATE
pkmn-tcg-PMCG-P-0100,PMCGP,100,,ヤミカラス P : 旧裏 [neo-P](プロモーションカード「ポケモンカードトレーナーズvol.4」),2,467868,https://cdn.snkrdunk.com/upload_bg_removed/pkmn-tcg-7302890-yu.webp,,,,ADD_CANDIDATE
pkmn-tcg-neo-P-0024,NEOP,24,,マリル P : 旧裏 [neo-P](プロモーションカード「ANAポケモンジェットジェットでゲットだ！2000」),2,470981,https://cdn.snkrdunk.com/upload_bg_removed/pkmn-tcg-7302931-yu.webp,CRD_7BD79E9CD5FD4404913E,잠만보 V,0.6895,ADD_CANDIDATE
pkmn-tcg-neo-P-0026,NEOP,26,,カポエラー P : 旧裏 [neo-P](プロモーションカード「PIKACHU the MOVIE2000」),2,470984,https://cdn.snkrdunk.com/upload_bg_removed/pkmn-tcg-7302934-yu.webp,,,,ADD_CANDIDATE
pkmn-tcg-S-P14-089,SP14,89,,マオ&スイレン P [S-P 089](プロモーションカード「楽しもう。春、ポケカ」),2,509745,https://cdn.snkrdunk.com/upload_bg_removed/pkmn-tcg-S-P14-089-of.webp,,,,ADD_CANDIDATE
pkmn-tcg-M-P-066,MP,66,,ラルトス P [M-P 066](スペシャルカードセット「メガエルレイドex」),2,754601,https://cdn.snkrdunk.com/upload_bg_removed/20260122105606-0.webp,,,,ADD_CANDIDATE
pkmn-tcg-SC-30th-P-010,SC30THP,10,,ナエトル プロモ [30th-P 010]【中国語版(簡体字)】(スカーレット&バイオレット「30周年記念 最初のパートナー スペシャルアート ホロカードセット Vol.1」),2,775837,https://cdn.snkrdunk.com/upload_bg_removed/pkmn-tcg-2026-03-10-P-010-of.webp,CRD_8A64A02FB1604C62BD2140CE72FDA2D7,로토무,0.6383,ADD_CANDIDATE
pkmn-tcg-SC-30th-P-012,SC30THP,12,,ポッチャマ プロモ [30th-P 012]【中国語版(簡体字)】(スカーレット&バイオレット「30周年記念 最初のパートナー スペシャルアート ホロカードセット Vol.1」),2,775839,https://cdn.snkrdunk.com/upload_bg_removed/pkmn-tcg-2026-03-10-P-012-of.webp,,,,ADD_CANDIDATE
pkmn-tcg-M-P-133,MP,133,,ピカチュウ プロモ [133/M-P](メガ「プロモーションカード」),2,835482,https://cdn.snkrdunk.com/upload_bg_removed/pkmn-tcg-2026-06-08-001-of.webp,CRD_2951B02D3BE7488DA649,피카츄,0.7268,ADD_CANDIDATE
pkmn-tcg-M-P-045,MP,45,,リザード P [M-P 045](プロモカードパック「ポケモンカードジム 第2弾」),1,716317,https://cdn.snkrdunk.com/upload_bg_removed/pkmn-tcg-M-P-045-of.webp,,,,ADD_CANDIDATE
pkmn-tcg-SM-P-067,SMP,67,,ソルガレオ: プロモ[SM-P 067](プロモーションカード「SM-P」),1,91211,https://cdn.snkrdunk.com/upload_bg_removed/7325583.webp,,,,ADD_CANDIDATE
pkmn-tcg-SM-P-398,SMP,398,,プレイヤーズセレモニー: プロモ[SM-P 398](プロモーションカード「SM-P」2019),1,91212,https://cdn.snkrdunk.com/upload_bg_removed/20230722052232-0.webp,,,,ADD_CANDIDATE
pkmn-tcg-BW3-P-056,BW3P,56,UR,ゾロアーク UR :1ED [BW3-P 056/052](拡張パック「サイコドライブ」),1,91633,https://cdn.snkrdunk.com/upload_bg_removed/7317570.webp,,,,ADD_CANDIDATE
pkmn-tcg-PLAY16-032,PLAY16,32,,ジラーチex: プロモ[PCG-P 032/PLAY](プロモーションカード「第4期 プレイヤーズキットカード」),1,91718,https://cdn.snkrdunk.com/upload_bg_removed/7315068.webp,CRD_5EE6DC9AFBE242028F0F,지라치 EX,0.654,ADD_CANDIDATE
pkmn-tcg-PLAY1-001,PLAY1,1,,レジアイスex: プロモ[ADV-P 001/PLAY](プロモーションカード「第1期 プレイヤーズキットカード」),1,91815,https://cdn.snkrdunk.com/upload_bg_removed/7315037.webp,,,,ADD_CANDIDATE
pkmn-tcg-PLAY1-003,PLAY1,3,,レジスチルex: プロモ[ADV-P 003/PLAY](プロモーションカード「第1期 プレイヤーズキットカード」),1,91809,https://cdn.snkrdunk.com/upload_bg_removed/7315039.webp,CRD_C041DE21E72A4D9498F0,레지스틸 EX,0.7317,ADD_CANDIDATE
pkmn-tcg-SM-P-248,SMP,248,,プレイヤーズセレモニー: プロモ[SM-P 248](プロモーションカード「SM-P」2018),1,93054,https://cdn.snkrdunk.com/upload_bg_removed/20220831092530-0.webp,,,,ADD_CANDIDATE
pkmn-tcg-S-P-139,SP,139,,ホップ（ホップの日課）: プロモ P [S-P 139](プロモーションカード「S-P」),1,291519,https://cdn.snkrdunk.com/upload_bg_removed/20240611014809-0.webp,,,,ADD_CANDIDATE
pkmn-tcg-SM-P-174,SMP,174,,基本炎エネルギー*セブンイレブンミラー: プロモ [SM-P 174](プロモーションカード「SM-P」),1,107566,https://cdn.snkrdunk.com/upload_bg_removed/20221219073426-0.webp,,,,ADD_CANDIDATE
pkmn-tcg-SM-P-123,SMP,123,,マーシャドー: プロモ [SM-P 123](プロモーションカード「SM-P」),1,107577,https://cdn.snkrdunk.com/upload_bg_removed/20221219075329-0.webp,CRD_9A70A69B02794F2E8412,블래키 EX,0.6592,ADD_CANDIDATE
pkmn-tcg-SV-P-073,SVP,73,,ケロマツ: プロモ[SV-P 073](「タント×ポケモンカードゲーム」プロモーションカード「SV-P」),1,132895,https://cdn.snkrdunk.com/upload_bg_removed/pkmn-tcg-SV-P-073.webp,,,,ADD_CANDIDATE
pkmn-tcg-SV-P-071,SVP,71,,モクロー: プロモ[SV-P 071](「タント×ポケモンカードゲーム」プロモーションカード「SV-P」),1,132893,https://cdn.snkrdunk.com/upload_bg_removed/pkmn-tcg-SV-P-071.webp,,,,ADD_CANDIDATE
pkmn-tcg-SV-P-072,SVP,72,,カルボウ: プロモ[SV-P 072](「タント×ポケモンカードゲーム」プロモーションカード「SV-P」),1,132894,https://cdn.snkrdunk.com/upload_bg_removed/pkmn-tcg-SV-P-072.webp,,,,ADD_CANDIDATE
pkmn-tcg-SV-P-082,SVP,82,,基本雷エネルギー: プロモ[SV-P 082](「タント×ポケモンカードゲーム」プロモーションカード「SV-P」),1,132904,https://cdn.snkrdunk.com/upload_bg_removed/pkmn-tcg-SV-P-082.webp,,,,ADD_CANDIDATE
pkmn-tcg-SV-P-099,SVP,99,,コレクレー CS2024: プロモ [SV-P 099](プロモーションカード「SV-P」),1,136510,https://cdn.snkrdunk.com/upload_bg_removed/20230921094531-0.webp,,,,ADD_CANDIDATE
pkmn-tcg-SV-P-109,SVP,109,,まけんきハチマキ CS2024: プロモ [SV-P 109](プロモーションカード「SV-P」),1,138486,https://cdn.snkrdunk.com/upload_bg_removed/20230913071308-1.webp,,,,ADD_CANDIDATE
pkmn-tcg-SV-P-117,SVP,117,,レホール: プロモ [SV-P 117](ポケモンカードゲーム スカーレット&バイオレット「プロモカードパック 第4弾」),1,150799,https://cdn.snkrdunk.com/upload_bg_removed/pkmn-tcg-SV-P-117.webp,,,,ADD_CANDIDATE
pkmn-tcg-SV-P-162,SVP,162,,ザルード P [SV-P 162](付録「コロコロイチバン 2024年7月号」),1,251831,https://cdn.snkrdunk.com/upload_bg_removed/20240419052121-0.webp,CRD_744238CF563C4F9ABC6A,리자드,0.6233,ADD_CANDIDATE
pkmn-tcg-SV-P-149,SVP,149,,鬼の仮面 P [SV-P 149](スペシャルジャンボカードセット「オーガポン」),1,263374,https://cdn.snkrdunk.com/upload_bg_removed/20240516075157-4.webp,,,,ADD_CANDIDATE
pkmn-tcg-SV-P-156,SVP,156,,ミミッキュ P [SV-P 156] (ポケモンカードゲーム スカーレット&バイオレット「プロモカードパック 第6弾」),1,284086,https://cdn.snkrdunk.com/upload_bg_removed/pkmn-tcg-SV-P-156.webp,,,,ADD_CANDIDATE
pkmn-tcg-SV-P-155,SVP,155,,タイカイデンex P [SV-P 155] (ポケモンカードゲーム スカーレット&バイオレット「プロモカードパック 第6弾」),1,284085,https://cdn.snkrdunk.com/upload_bg_removed/pkmn-tcg-SV-P-155.webp,,,,ADD_CANDIDATE
pkmn-tcg-S-P-212,SP,212,,ジジーロン: プロモ P [S-P 212](プロモーションカード「S-P」),1,292635,https://cdn.snkrdunk.com/upload_bg_removed/pkmn-tcg-S-P-212.webp,CRD_C7C3982EEEB34C529318,킹드라 EX,0.6633,ADD_CANDIDATE
pkmn-tcg-S-P-173,SP,173,,オドリドリ: プロモ P [S-P 242](プロモーションカード「S-P」),1,292715,https://cdn.snkrdunk.com/upload_bg_removed/20240611045323-0.webp,,,,ADD_CANDIDATE
pkmn-tcg-S-P-242,SP,242,,マナフィ: プロモ P [S-P 286](プロモーションカード「S-P」),1,292714,https://cdn.snkrdunk.com/upload_bg_removed/20240611045302-0.webp,CRD_B3FD6023E69B4B2DAF28,마나피 EX,0.6376,ADD_CANDIDATE
pkmn-tcg-S-P-286,SP,286,,コオリッポ: プロモ P [S-P 173](プロモーションカード「S-P」),1,292716,https://cdn.snkrdunk.com/upload_bg_removed/20240611045318-0.webp,,,,ADD_CANDIDATE
pkmn-tcg-S-P-168,SP,168,,エースバーンV: プロモ P [S-P 168](プロモーションカード「S-P」),1,292749,https://cdn.snkrdunk.com/upload_bg_removed/pkmn-tcg-S-P-168.webp,CRD_BF34F5EA41394ACEBF4D,에이스번 V,0.7258,ADD_CANDIDATE
pkmn-tcg-S-P-170,SP,170,,ゴリランダーV: プロモ P [S-P 170](プロモーションカード「S-P」),1,292751,https://cdn.snkrdunk.com/upload_bg_removed/pkmn-tcg-S-P-170.webp,,,,ADD_CANDIDATE
pkmn-tcg-S-P-185,SP,185,,バンギラスV: プロモ P [S-P 185](プロモーションカード「S-P」),1,292753,https://cdn.snkrdunk.com/upload_bg_removed/20240611063631-0.webp,CRD_59D148E4C2854E5AAA96,마기라스 V,0.6274,ADD_CANDIDATE
pkmn-tcg-S-P1-021,SP1,21,,ヒメンカ: プロモ P [S-P 021](ポケモンカードゲーム ソード&シールド 「プロモカードパック 第1弾」),1,298869,https://cdn.snkrdunk.com/upload_bg_removed/20240619085614-1.webp,,,,ADD_CANDIDATE
pkmn-tcg-S-P1-023,SP1,23,,マンタイン: プロモ P [S-P 023](ポケモンカードゲーム ソード&シールド 「プロモカードパック 第1弾」),1,298871,https://cdn.snkrdunk.com/upload_bg_removed/20240619085615-3.webp,,,,ADD_CANDIDATE
pkmn-tcg-S-P-180,SP,180,,ドガース: プロモ P [S-P 180](ポケモンカードゲーム ソード&シールド 「プロモカードパック 第6弾」),1,299253,https://cdn.snkrdunk.com/upload_bg_removed/pkmn-tcg-180-yu.webp,,,,ADD_CANDIDATE
pkmn-tcg-S-P-220,SP,220,,イーブイ: プロモ P [S-P 220](ポケモンカードゲーム ソード&シールド 「プロモカードパック 第7弾」),1,299260,https://cdn.snkrdunk.com/upload_bg_removed/pkmn-tcg-220-yu.webp,,,,ADD_CANDIDATE
pkmn-tcg-S-P-223,SP,223,,クララ: プロモ P [S-P 223](プロモーションカード 「新弾バトル 優勝 / ジャンケン賞」),1,299262,https://cdn.snkrdunk.com/upload_bg_removed/pkmn-tcg-223-yu.webp,,,,ADD_CANDIDATE
pkmn-tcg-S-P-046,SP,46,,ソニア: プロモ P [S-P 046](プロモーションカード 「新弾バトル 優勝 / ジャンケン賞」),1,299222,https://cdn.snkrdunk.com/upload_bg_removed/pkmn-tcg-046-yu.webp,,,,ADD_CANDIDATE
pkmn-tcg-SV-P-164,SVP,164,,メガヤンマ P [SV-P 164](プロモカードパック 第7弾),1,320258,https://cdn.snkrdunk.com/upload_bg_removed/pkmn-tcg-046125_P_MYANMA-of.webp,,,,ADD_CANDIDATE
pkmn-tcg-S-P-302,SP,302,,アブソル P [S-P 302](コロコロイチバン2022年9月号 付録),1,325628,https://cdn.snkrdunk.com/upload_bg_removed/20240718031434-0.webp,,,,ADD_CANDIDATE
pkmn-tcg-S-P-048,SP,48,,ストリンダーV: プロモ P [S-P 048](Vスペシャルセット 反逆クラッシュ),1,331733,https://cdn.snkrdunk.com/upload_bg_removed/20240724080818-2.webp,,,,ADD_CANDIDATE
pkmn-tcg-LD-052,LD,52,,焼けた塔: プロモ[L-P 052/L-P](プロモーションカード「L-P」よみがえる伝説),1,340583,https://cdn.snkrdunk.com/upload_bg_removed/20240731083741-0.webp,,,,ADD_CANDIDATE
pkmn-tcg-SH-P-024,SHP,24,,モルペコ [SH 024/053](ファミリーポケモンカードゲーム「ピカチュウV」),1,379606,https://cdn.snkrdunk.com/upload_bg_removed/pkmn-tcg-7331194-yu.webp,CRD_D91DE05A19D749D59779,모르페코,0.705,ADD_CANDIDATE
pkmn-tcg-SM-P-045,SMP,45,,ジャラコ P [SM-P 045](サン&ムーン スペシャルセット「ジャラコ」),1,403514,https://cdn.snkrdunk.com/upload_bg_removed/pkmn-tcg-7325561-yu.webp,,,,ADD_CANDIDATE
pkmn-tcg-SM-P-118,SMP,118,,サザンドラ P [SM-P 118](プロモーションカード「覚醒の勇者 超次元の暴獣 BOX購入キャンペーン」),1,403685,https://cdn.snkrdunk.com/upload_bg_removed/pkmn-tcg-7325634-yu.webp,,,,ADD_CANDIDATE
pkmn-tcg-SM-P-156,SMP,156,,フィオネ P [SM-P 156](プロモカードパック「第3弾」),1,404050,https://cdn.snkrdunk.com/upload_bg_removed/pkmn-tcg-7325668-yu.webp,,,,ADD_CANDIDATE
pkmn-tcg-SM-P-150,SMP,150,,イワンコ P [SM-P 150](プロモーションカード「スターターセット伝説 プレミアムエディション」),1,404044,https://cdn.snkrdunk.com/upload_bg_removed/pkmn-tcg-7324392-yu.webp,,,,ADD_CANDIDATE
pkmn-tcg-SM-P-162,SMP,162,,ゾロアーク P [SM-P 162](プロモカードパック「第3弾」),1,404056,https://cdn.snkrdunk.com/upload_bg_removed/pkmn-tcg-7325674-yu.webp,,,,ADD_CANDIDATE
pkmn-tcg-SM-P-188,SMP,188,,基本悪エネルギー P [SM-P 188](プロモーションカード「ポケモンカードゲーム教室」),1,404247,https://cdn.snkrdunk.com/upload_bg_removed/pkmn-tcg-7325697-yu.webp,,,,ADD_CANDIDATE
pkmn-tcg-SM-P-204,SMP,204,,モクロー P [SM-P 204](プロモーションカード「輝くウルトラビーストキャンペーン」),1,404448,https://cdn.snkrdunk.com/upload_bg_removed/pkmn-tcg-7325713-yu.webp,,,,ADD_CANDIDATE
pkmn-tcg-SM-P-231,SMP,231,,バリヤードGX P [SM-P 231](プロモカードパック「第5弾」),1,404467,https://cdn.snkrdunk.com/upload_bg_removed/pkmn-tcg-7325739-yu.webp,CRD_50B50B0ABF4D437598F7,마임맨 GX,0.774,ADD_CANDIDATE
pkmn-tcg-SM-P-228,SMP,228,,ジュカイン P [SM-P 228](プロモーションカード「ポケモンカードジム限定 裂空のカリスマ BOX購入特典プロモカード」),1,404464,https://cdn.snkrdunk.com/upload_bg_removed/pkmn-tcg-7325514-yu.webp,CRD_F708A3D8A5944CB7BF93,M나무킹 EX,0.8312,ADD_CANDIDATE
pkmn-tcg-SM-P-202,SMP,202,,ベベノム P [SM-P 202](プロモーションカード「輝くウルトラビーストキャンペーン」),1,404446,https://cdn.snkrdunk.com/upload_bg_removed/pkmn-tcg-7325711-yu.webp,,,,ADD_CANDIDATE
pkmn-tcg-SM-P-218,SMP,218,,アローラキュウコン P [SM-P 218](プロモカードパック「第4弾」),1,404457,https://cdn.snkrdunk.com/upload_bg_removed/pkmn-tcg-7325727-yu.webp,,,,ADD_CANDIDATE
pkmn-tcg-SM-P-234,SMP,234,,エネコロロ P [SM-P 234](プロモカードパック「第5弾」),1,404470,https://cdn.snkrdunk.com/upload_bg_removed/pkmn-tcg-7325742-yu.webp,,,,ADD_CANDIDATE
pkmn-tcg-BW3-P-042,BW3P,42,,ズルズキン R :1ED [BW3 042/052](拡張パック「サイコドライブ」),1,404617,https://cdn.snkrdunk.com/upload_bg_removed/pkmn-tcg-7317542-yu.webp,,,,ADD_CANDIDATE
pkmn-tcg-BW3-P-040,BW3P,40,,ダーテング U :1ED [BW3 040/052](拡張パック「サイコドライブ」),1,404613,https://cdn.snkrdunk.com/upload_bg_removed/pkmn-tcg-7317538-yu.webp,,,,ADD_CANDIDATE
pkmn-tcg-BW3-P-048,BW3P,48,,チラチーノ R [BW3 048/052](拡張パック「サイコドライブ」),1,404630,https://cdn.snkrdunk.com/upload_bg_removed/pkmn-tcg-7317555-yu.webp,,,,ADD_CANDIDATE
pkmn-tcg-BW3-P-045,BW3P,45,,ニャース C :1ED [BW3 045/052](拡張パック「サイコドライブ」),1,404623,https://cdn.snkrdunk.com/upload_bg_removed/pkmn-tcg-7317548-yu.webp,,,,ADD_CANDIDATE
pkmn-tcg-SM-P-253,SMP,253,,ヤドン P [SM-P 253](プロモカードパック「第6弾」),1,407405,https://cdn.snkrdunk.com/upload_bg_removed/pkmn-tcg-7325757-yu.webp,,,,ADD_CANDIDATE
pkmn-tcg-SM-P-246,SMP,246,,マオ P [SM-P 246](プロモカードパック「ポケモンカードジム デッキビルドバトル」),1,407402,https://cdn.snkrdunk.com/upload_bg_removed/pkmn-tcg-7325752-yu.webp,,,,ADD_CANDIDATE
pkmn-tcg-SM-P-273,SMP,273,,ポケモンだいすきクラブ P [SM-P 273](プロモーションカード「ポケモンカードゲーム学園祭2018 当日参加型カード対戦 参加賞」),1,407418,https://cdn.snkrdunk.com/upload_bg_removed/pkmn-tcg-7326603-yu.webp,,,,ADD_CANDIDATE
pkmn-tcg-SM-P-267,SMP,267,,ベベノム P [SM-P 267](プロモーションカード「チャンピオンズリーグ2019 ポケカバトル 参加賞」),1,407416,https://cdn.snkrdunk.com/upload_bg_removed/pkmn-tcg-7325847-yu.webp,,,,ADD_CANDIDATE
pkmn-tcg-SM-P-284,SMP,284,,メルタン P [SM-P 284](プロモーションカード「メタルセット メルメタル」),1,407421,https://cdn.snkrdunk.com/upload_bg_removed/pkmn-tcg-7326597-yu.webp,,,,ADD_CANDIDATE
pkmn-tcg-SM-P-296,SMP,296,,フウとラン P [SM-P 296](プロモーションカード「ポケモンカードジム GXウルトラシャイニーバトル 優勝賞」),1,407426,https://cdn.snkrdunk.com/upload_bg_removed/pkmn-tcg-7326613-yu.webp,,,,ADD_CANDIDATE
pkmn-tcg-SM-P-341,SMP,341,,アンズ P [SM-P 341](プロモーションカード「新弾バトル」),1,407833,https://cdn.snkrdunk.com/upload_bg_removed/pkmn-tcg-7327626-yu.webp,,,,ADD_CANDIDATE
pkmn-tcg-SM-P-353,SMP,353,,クルマユ P [SM-P 353](プロモカードパック「第9弾」),1,407845,https://cdn.snkrdunk.com/upload_bg_removed/pkmn-tcg-7327636-yu.webp,,,,ADD_CANDIDATE
pkmn-tcg-SM-P-362,SMP,362,,エリカ P [SM-P 362](プロモーションカード「ミュウツー HR争奪戦」),1,407853,https://cdn.snkrdunk.com/upload_bg_removed/pkmn-tcg-7327645-yu.webp,,,,ADD_CANDIDATE
pkmn-tcg-SM-P-360,SMP,360,,テラキオン P [SM-P 360](拡張パック「ミラクルツイン BOX購入キャンペーン」),1,407852,https://cdn.snkrdunk.com/upload_bg_removed/pkmn-tcg-7327643-yu.webp,,,,ADD_CANDIDATE
pkmn-tcg-SM-P-373,SMP,373,,チコリータ P [SM-P 373](プロモーションカード「ポケモンカードステーション」),1,407859,https://cdn.snkrdunk.com/upload_bg_removed/pkmn-tcg-7327656-yu.webp,,,,ADD_CANDIDATE
pkmn-tcg-SM-P-389,SMP,389,,アローラキュウコン P [SM-P 389](拡張パック「オルタージェネシス BOX購入特典」),1,407872,https://cdn.snkrdunk.com/upload_bg_removed/pkmn-tcg-7330964-yu.webp,,,,ADD_CANDIDATE
pkmn-tcg-XY-P-DD711SCP14-013,XYPDD711SCP14,13,,デデンネ P [XY-P 013](プロモーションカード「破壊の繭ディアンシー セブンイレブン限定サマーキャンペーン 2014」),1,411664,https://cdn.snkrdunk.com/upload_bg_removed/pkmn-tcg-7314546-yu.webp,,,,ADD_CANDIDATE
pkmn-tcg-XY-P-MGC-CP-013,XYPMGCCP,13,,デデンネ P [XY-P 013](プロモーションカード「リザードンメガバトル 開催記念キャンペーン」),1,411665,https://cdn.snkrdunk.com/upload_bg_removed/pkmn-tcg-7314547-yu.webp,,,,ADD_CANDIDATE
pkmn-tcg-XY-P-XY1-009,XYPXY1,9,,オンバーン P [XY-P 009](拡張パック「コレクションX コレクションY BOX購入キャンペーン」),1,411658,https://cdn.snkrdunk.com/upload_bg_removed/pkmn-tcg-7314540-yu.webp,,,,ADD_CANDIDATE
pkmn-tcg-XY-P-X30-Y-015,XYPX30Y,15,,ヤンチャム P [XY-P 015](構築済みデッキ「イベルタルデッキ30」),1,411669,https://cdn.snkrdunk.com/upload_bg_removed/pkmn-tcg-7314551-yu.webp,CRD_78E696D892A1480CB471,에몽가 EX,0.6803,ADD_CANDIDATE
pkmn-tcg-XY-P-MGRBT-035,XYPMGRBT,35,,フォッコ P :ミラー [XY-P 035](メガパック「リザードンメガバトル」),1,411690,https://cdn.snkrdunk.com/upload_bg_removed/pkmn-tcg-7314572-yu.webp,CRD_1549CC7E9EFC44D08FD4,리피아,0.7334,ADD_CANDIDATE
pkmn-tcg-XY-P-MGL-BOX-038,XYPMGLBOX,38,,ルチャブルEX P [XY-P 038](プロモーションカード「メガルカリオBOX 闘 購入特典」),1,411695,https://cdn.snkrdunk.com/upload_bg_removed/pkmn-tcg-7314577-yu.webp,,,,ADD_CANDIDATE
pkmn-tcg-XY-P-SVPPC-073,XYPSVPPC,73,,ゲッコウガ P [XY-P 073](プロモーションカード「夏休みプレゼントキャンペーン」),1,411730,https://cdn.snkrdunk.com/upload_bg_removed/pkmn-tcg-7314617-yu.webp,CRD_906A3DF2C7B04997AE4D,개굴닌자 EX,0.6574,ADD_CANDIDATE
pkmn-tcg-XY-P-PKMNP-106,XYPPKMNP,106,,ニャース P [XY-P 106](プロモーションカード「ポケモンパン」),1,411751,https://cdn.snkrdunk.com/upload_bg_removed/pkmn-tcg-7314650-yu.webp,,,,ADD_CANDIDATE
pkmn-tcg-XY-P-SPMMEX-103,XYPSPMMEX,103,,アチャモ P [XY-P 103](スペシャルパック「銀のMメタグロスEX」),1,411748,https://cdn.snkrdunk.com/upload_bg_removed/pkmn-tcg-7314647-yu.webp,,,,ADD_CANDIDATE
pkmn-tcg-XY-P-XYPCP3-087,XYPXYPCP3,87,,ハピナス P [XY-P 087](プロモカードパック「第3弾」),1,411740,https://cdn.snkrdunk.com/upload_bg_removed/pkmn-tcg-7314631-yu.webp,,,,ADD_CANDIDATE
pkmn-tcg-XY-P-XYPCP5-133,XYPXYPCP5,133,,ガチゴラスEX P [XY-P 133](プロモカードパック「第5弾」),1,411777,https://cdn.snkrdunk.com/upload_bg_removed/pkmn-tcg-7314677-yu.webp,CRD_669F982DB44549EFB5E2,견고라스 EX,0.7105,ADD_CANDIDATE
pkmn-tcg-XY-P-XYPCP4-113,XYPXYPCP4,113,,サイドン P [XY-P 113](プロモカードパック「第4弾」),1,411758,https://cdn.snkrdunk.com/upload_bg_removed/pkmn-tcg-7314657-yu.webp,CRD_9CD978A793F04EEBB0F9,거북왕 EX,0.6575,ADD_CANDIDATE
pkmn-tcg-XY-P-CP1a-119,XYPCP1A,119,,アクア団のしたっぱ P [XY-P 119](コンセプトパック「マグマ団VSアクア団 ダブルクライシス 購入キャンペーン」),1,411764,https://cdn.snkrdunk.com/upload_bg_removed/pkmn-tcg-7314663-yu.webp,,,,ADD_CANDIDATE
pkmn-tcg-XY-P-CRCR1-15-5-124,XYPCRCR1155,124,,ボーマンダ P [XY-P 124](プロモーションカード「月刊コロコロイチバン！ 2015年5月号付録」),1,411768,https://cdn.snkrdunk.com/upload_bg_removed/pkmn-tcg-7314668-yu.webp,,,,ADD_CANDIDATE
pkmn-tcg-XY-P-CRCR1-15-8-147,XYPCRCR1158,147,,ヤミラミ P [XY-P 147](プロモーションカード「月刊コロコロイチバン！ 2015年8月号付録」),1,411789,https://cdn.snkrdunk.com/upload_bg_removed/pkmn-tcg-7314691-yu.webp,,,,ADD_CANDIDATE
pkmn-tcg-XY-P-FUPA-144,XYPFUPA,144,,グラードン P [XY-P 144](プロモーションカード「映画公開記念 フーパのおでまし～！キャンペーン」),1,411786,https://cdn.snkrdunk.com/upload_bg_removed/pkmn-tcg-7314688-yu.webp,CRD_43945060F9E847A0AE3F,그란돈 EX,0.6618,ADD_CANDIDATE
pkmn-tcg-XY-P-711SCP15-152,XYP711SCP15,152,,カイオーガEX P [XY-P 152](プロモーションカード「セブンイレブン限定 サマーキャンペーン2015」),1,411793,https://cdn.snkrdunk.com/upload_bg_removed/pkmn-tcg-7314697-yu.webp,CRD_5F5654DF27524F1385D6,가이오가 ex,0.7886,ADD_CANDIDATE
pkmn-tcg-XY-P-MGMDBBOX-163,XYPMGMDBBOX,163,,ジュカインEX P [XY-P 163](プロモーションカード「メガマスターデッキビルドBOX 対戦会 参加賞」),1,411801,https://cdn.snkrdunk.com/upload_bg_removed/pkmn-tcg-7314708-yu.webp,CRD_38C95B5BCA84434CADBB,나무킹 EX,0.897,ADD_CANDIDATE
pkmn-tcg-XY-P-SGK-SP-162,XYPSGKSP,162,,チルタリス P [XY-P 162](プロモーションカード「小学館のポケモンBOOKフェア スペシャルカード」),1,411800,https://cdn.snkrdunk.com/upload_bg_removed/pkmn-tcg-7314707-yu.webp,,,,ADD_CANDIDATE
pkmn-tcg-XY-P-XYPCP6-170,XYPXYPCP6,170,,ゴース P [XY-P 170](プロモカードパック「第6弾」),1,411807,https://cdn.snkrdunk.com/upload_bg_removed/pkmn-tcg-7314715-yu.webp,CRD_C4387FFC5CCB4AF9A390,또가스,0.6626,ADD_CANDIDATE
pkmn-tcg-XY-P-PKC-CP-161,XYPPKCCP,161,,レシラム P [XY-P 161](プロモーションカード「ポケモンセンター キャンペーン」),1,411799,https://cdn.snkrdunk.com/upload_bg_removed/pkmn-tcg-7314706-yu.webp,,,,ADD_CANDIDATE
pkmn-tcg-XY-P-MV-FP-PKC-157,XYPMVFPPKC,157,,フーパ P [XY-P 157](プロモーションカード「映画公開記念スペシャルパック フーパ セブン&アイ・ポケモンセンター限定」),1,411796,https://cdn.snkrdunk.com/upload_bg_removed/pkmn-tcg-7314702-yu.webp,CRD_15FD761C7E9D47358044,기로치 ex,0.6577,ADD_CANDIDATE
pkmn-tcg-SM-P-013-014,SMP013,14,,スカル団ごっこピカチュウ & 団員ごっこピカチュウ P [SM-P 013 014](スペシャルBOX「団員ごっこピカチュウ」) 未開封パック,1,411991,https://cdn.snkrdunk.com/upload_bg_removed/20241009013008-0.webp,CRD_20E1890D79D254945C3E00F70560A986,스카루단 고꼬 피카츄,0.7789,ADD_CANDIDATE
pkmn-tcg-XY-P-BF15-OKC-EOV-175,XYPBF15OKCEOV,175,,ピカチュウ P [XY-P 175](プロモーションカード「バトルフェスタ2015 オリジナルキラカードイベントオーガナイザー版」),1,413361,https://cdn.snkrdunk.com/upload_bg_removed/pkmn-tcg-7314721-yu.webp,,,,ADD_CANDIDATE
pkmn-tcg-XY-P-MA-MM-LB-182,XYPMAMMLB,182,,プテラEX P [XY-P 182](ダブルメガBREAKセット「メガプテラEX+メガクチートEX+レントラーBREAK」),1,413368,https://cdn.snkrdunk.com/upload_bg_removed/pkmn-tcg-7314728-yu.webp,CRD_F7266F095112499DA31C,프테라 EX,0.7941,ADD_CANDIDATE
pkmn-tcg-XY-P-CRCR1-16-2-205,XYPCRCR1162,205,,スイクン P [XY-P 205](プロモーションカード「月刊コロコロイチバン！ 2016年2月号付録」),1,413388,https://cdn.snkrdunk.com/upload_bg_removed/pkmn-tcg-7314751-yu.webp,CRD_49B4C54D818A4CF7BA81,M리자몽 EX,0.7382,ADD_CANDIDATE
pkmn-tcg-XY-P-BM-BP-245,XYPBMBP,245,,ガブリアスEX P [XY-P 245](プロモーションカード「カメックスメガバトル 参加者」),1,413438,https://cdn.snkrdunk.com/upload_bg_removed/pkmn-tcg-7314791-yu.webp,CRD_D43499400639421BA34A,한카리아스 EX,0.7417,ADD_CANDIDATE
pkmn-tcg-XY-P-SS-HL-228,XYPSSHL,228,,ルギア P [XY-P 228](スペシャルセット「ホウオウ+ルギア」),1,413426,https://cdn.snkrdunk.com/upload_bg_removed/pkmn-tcg-7314774-yu.webp,,,,ADD_CANDIDATE
pkmn-tcg-XY-P-BF15-PP-OC-02,XYPBF15PPOC,2,,エンペルトBREAK P [XY-P](プロモーションカード「バトルフェスタ2015 プレイポイント オリジナルカード」),1,413478,https://cdn.snkrdunk.com/upload_bg_removed/20241013012318-0.webp,CRD_BF6C559F974242FA94CE,엠페르트 BREAK,0.8078,ADD_CANDIDATE
pkmn-tcg-XY-P-SJCP-VolEX-268,XYPSJCPVOLEX,268,,マギアナ P [XY-P 268](スペシャルジャンボカードパック「ボルケニオンEX」),1,413451,https://cdn.snkrdunk.com/upload_bg_removed/pkmn-tcg-7314810-yu.webp,,,,ADD_CANDIDATE
pkmn-tcg-XY-P-PCPC-229,XYPPCPC,229,,フーディンソウルリンク P [XY-P 229](プロモーションカード「ポケモンセンター 購入キャンペーン」),1,413427,https://cdn.snkrdunk.com/upload_bg_removed/pkmn-tcg-7314775-yu.webp,,,,ADD_CANDIDATE
pkmn-tcg-XY-P-PCGP-09,XYPPCGP,9,,基本フェアリーエネルギー P [XY-P](プロモーションカード「ポケモンカードジム 景品」),1,413541,https://cdn.snkrdunk.com/upload_bg_removed/pkmn-tcg-7314968-yu.webp,,,,ADD_CANDIDATE
pkmn-tcg-XY-P-XYPCP8-287,XYPXYPCP8,287,,バンギラス P [XY-P 287](プロモーションカードパック「第8弾」),1,413546,https://cdn.snkrdunk.com/upload_bg_removed/pkmn-tcg-7314975-yu.webp,,,,ADD_CANDIDATE
pkmn-tcg-XY-P-XYPCP8-284,XYPXYPCP8,284,,ギラティナ P [XY-P 284](プロモーションカードパック「第8弾」),1,413543,https://cdn.snkrdunk.com/upload_bg_removed/pkmn-tcg-7314972-yu.webp,CRD_8EA74EA746054746A291,기라티나,0.6743,ADD_CANDIDATE
pkmn-tcg-XY-P-GGB-TW-05,XYPGGBTW,5,,ジムバッジ P :ミラー [XY-P](プロモーションカード「ジムバッジゲットバトル 上位入賞」),1,413565,https://cdn.snkrdunk.com/upload_bg_removed/pkmn-tcg-7315014-yu.webp,,,,ADD_CANDIDATE
pkmn-tcg-XY-P-GGB-PP-01,XYPGGBPP,1,,ジムバッジ P [XY-P](プロモーションカード「ジムバッジゲットバトル 参加賞」),1,413553,https://cdn.snkrdunk.com/upload_bg_removed/pkmn-tcg-7315002-yu.webp,,,,ADD_CANDIDATE
pkmn-tcg-XY-P-GGB-TW-01,XYPGGBTW,1,,ジムバッジ P :ミラー [XY-P](プロモーションカード「ジムバッジゲットバトル 上位入賞」),1,413561,https://cdn.snkrdunk.com/upload_bg_removed/pkmn-tcg-7315010-yu.webp,,,,ADD_CANDIDATE
pkmn-tcg-XY-P-GGB-TW-08,XYPGGBTW,8,,ジムバッジ P :ミラー [XY-P](プロモーションカード「ジムバッジゲットバトル 上位入賞」),1,413568,https://cdn.snkrdunk.com/upload_bg_removed/pkmn-tcg-7315017-yu.webp,,,,ADD_CANDIDATE
pkmn-tcg-BW-P-0004-020,BWP0004,20,,ミジュマル P [BW-P 020(プロモーションカード「ユニクロポケモンカードゲーム」),1,415394,https://cdn.snkrdunk.com/upload_bg_removed/pkmn-tcg-7314302-yu.webp,,,,ADD_CANDIDATE
pkmn-tcg-BW-P-0006-032,BWP0006,32,,ゾロア P [BW-P 032](プロモーションカード「はじめて大会クイズラリー」),1,415399,https://cdn.snkrdunk.com/upload_bg_removed/pkmn-tcg-7314314-yu.webp,,,,ADD_CANDIDATE
pkmn-tcg-BW-P-0004-019,BWP0004,19,,ポカブ P [BW-P 019](プロモーションカード「ユニクロポケモンカードゲーム」),1,415393,https://cdn.snkrdunk.com/upload_bg_removed/pkmn-tcg-7314301-yu.webp,CRD_7EBB72125E6E436B8589,피카츄,0.6349,ADD_CANDIDATE
pkmn-tcg-BW-P-0017-053,BWP0017,53,,ツンベアー [BW-P 053](プロモーションカード「レッドコレクション発売記念」),1,415416,https://cdn.snkrdunk.com/upload_bg_removed/pkmn-tcg-7314335-yu.webp,,,,ADD_CANDIDATE
pkmn-tcg-BW-P-0032-117,BWP0032,117,,ドレディア P [BW-P 117/BW-P](スペシャルキャンペーンパック「ゾロアーク」),1,415474,https://cdn.snkrdunk.com/upload_bg_removed/pkmn-tcg-7314399-yu.webp,CRD_83BAA925FA8D48C4ABFE,플라제스 BREAK,0.6826,ADD_CANDIDATE
pkmn-tcg-BW-P-0040-148,BWP0040,148,,チルタリス P [BW-P 148/BW-P](プロモーションカード「サザンドラ・ガブリアスカップ 参加プレゼント」),1,415500,https://cdn.snkrdunk.com/upload_bg_removed/pkmn-tcg-7314429-yu.webp,CRD_124BBBE760F0468C96D7,파비코리,0.6362,ADD_CANDIDATE
pkmn-tcg-BW-P-0041-150,BWP0041,150,,キュレム P [BW-P 150/BW-P](プロモーションカード「バトルカーニバル2012スプリング 参加賞」),1,415502,https://cdn.snkrdunk.com/upload_bg_removed/pkmn-tcg-7314431-yu.webp,,,,ADD_CANDIDATE
pkmn-tcg-BW-P-0044-154,BWP0044,154,,ビリジオン P [BW-P 154/BW-P](スペシャルキャンペーンパック「キュレム セブンイレブン・ポケモンセンターver.」),1,415505,https://cdn.snkrdunk.com/upload_bg_removed/pkmn-tcg-7314435-yu.webp,CRD_C7804ACB352A4684AF39,비리디온 EX,0.665,ADD_CANDIDATE
pkmn-tcg-BW-P-0042-152,BWP0042,152,,ライチュウ P [BW-P 152/BW-P](プロモーションカード「ポケモンカードゲーム教室 参加賞」),1,415504,https://cdn.snkrdunk.com/upload_bg_removed/pkmn-tcg-7314433-yu.webp,,,,ADD_CANDIDATE
pkmn-tcg-BW-P-0102-165,BWP0102,165,,ヒトカゲ P [BW-P 165/BW-P](プロモーションカードパック「ジム☆チャレンジ 2012年9月」),1,415514,https://cdn.snkrdunk.com/upload_bg_removed/pkmn-tcg-7314446-yu.webp,,,,ADD_CANDIDATE
pkmn-tcg-BW-P-0054-180,BWP0054,180,,N P [BW-P 180/BW-P](プロモーションカード「プラズマゲイル 発売記念キャンペーン」),1,415528,https://cdn.snkrdunk.com/upload_bg_removed/pkmn-tcg-7314461-yu.webp,,,,ADD_CANDIDATE
pkmn-tcg-BW-P-0019-069,BWP0019,69,,チラチーノ P [BW-P 069](プロモーションカード「ポケモンキッズスペシャル」),1,415431,https://cdn.snkrdunk.com/upload_bg_removed/pkmn-tcg-7314351-yu.webp,CRD_822A7803FD9A4D9495AC,치라치노,0.6329,ADD_CANDIDATE
pkmn-tcg-BW-P-0021-077,BWP0021,77,,ミジュマル P [BW-P 077](プロモーションカード「ポケモンカードゲームBW ワークブック特典」),1,415439,https://cdn.snkrdunk.com/upload_bg_removed/pkmn-tcg-7314359-yu.webp,,,,ADD_CANDIDATE
pkmn-tcg-BW-P-0059-193,BWP0059,193,,タツベイ P [BW-P 193/BW-P](プロモーションカード「Vジャンプ 2013年1月特大号 付録」),1,415532,https://cdn.snkrdunk.com/upload_bg_removed/pkmn-tcg-7314474-yu.webp,,,,ADD_CANDIDATE
pkmn-tcg-BW-P-0062-198,BWP0062,198,,ジャローダ P [BW-P 198/BW-P](プロモーションカード「ラセンフォース・ライデンナックル キャンペーンパック」),1,415537,https://cdn.snkrdunk.com/upload_bg_removed/pkmn-tcg-7314479-yu.webp,,,,ADD_CANDIDATE
pkmn-tcg-BW-P-0066-209,BWP0066,209,,ゲノセクト P [BW-P 209/BW-P](プロモーションカード「月刊コロコロコミック 2013年4月号 付録」),1,415543,https://cdn.snkrdunk.com/upload_bg_removed/pkmn-tcg-7314485-yu.webp,CRD_29545D8447D54F8F9E57,게노세크트 EX플라스마단,0.693,ADD_CANDIDATE
pkmn-tcg-BW-P-0104-215,BWP0104,215,,カトレア P [BW-P 215/BW-P](プロモーションカードパック「ジム☆チャレンジ 2013年4月」),1,415549,https://cdn.snkrdunk.com/upload_bg_removed/pkmn-tcg-7314491-yu.webp,,,,ADD_CANDIDATE
pkmn-tcg-BW-P-0028-112,BWP0028,112,,ランドロス P [BW-P 112/BW-P](バトルギフトセット「ボルトロスVSトルネロス 封入カード」),1,415469,https://cdn.snkrdunk.com/upload_bg_removed/pkmn-tcg-7314394-yu.webp,,,,ADD_CANDIDATE
pkmn-tcg-BW-P-0077-234,BWP0077,234,,ビクティニ P [BW-P 234/BW-P](プロモーションカード「ミュウツーVSゲノセクト 」),1,415566,https://cdn.snkrdunk.com/upload_bg_removed/pkmn-tcg-7314510-yu.webp,,,,ADD_CANDIDATE
pkmn-tcg-BW-P-0028-109,BWP0028,109,,ビクティニ P [BW-P 109/BW-P](バトルギフトセット「ボルトロスVSトルネロス 封入カード」),1,415466,https://cdn.snkrdunk.com/upload_bg_removed/pkmn-tcg-7314391-yu.webp,CRD_185DE08656684E7AA355,비크티니,0.6922,ADD_CANDIDATE
pkmn-tcg-BW-P-0026-107,BWP0026,107,,バトルシティ P [BW-P 107/BW-P](プロモーションカード「月刊コロコロコミック11年10月号 付録」),1,415465,https://cdn.snkrdunk.com/upload_bg_removed/pkmn-tcg-7314389-yu.webp,,,,ADD_CANDIDATE
pkmn-tcg-BW-P-0031-116,BWP0031,116,,ゾロア P [BW-P 116/BW-P](プロモーションカード「ダークラッシュキャンペーンパック セブンイレブンオリジナル」),1,415473,https://cdn.snkrdunk.com/upload_bg_removed/pkmn-tcg-7314398-yu.webp,,,,ADD_CANDIDATE
pkmn-tcg-BW-P-0087-204,BWP0087,204,,ニャース P [BW-P 204](プロモーションカード「ポケモンパン プチメロン・プチカレー」),1,415576,https://cdn.snkrdunk.com/upload_bg_removed/pkmn-tcg-7327192-yu.webp,,,,ADD_CANDIDATE
pkmn-tcg-BW-P-0053-236,BWP0053,236,,エモンガ P [BW-P 236/BW-P](プロモーションカード「ポケモンカードゲーム購入者プレゼントキャンペーン ポケモンセンター限定ver.」),1,415568,https://cdn.snkrdunk.com/upload_bg_removed/pkmn-tcg-7314512-of.webp,CRD_AAFE59E917F54C8FB509,에몽가 EX,0.7465,ADD_CANDIDATE
pkmn-tcg-DP3-P-0003,DP3P,3,,パルキアLV.X [DP3](構築スタンダードデッキ「パルキアLV.X」),1,433212,https://cdn.snkrdunk.com/upload_bg_removed/pkmn-tcg-7311723-yu.webp,,,,ADD_CANDIDATE
pkmn-tcg-PLAY6-011,PLAY6,11,,サンダーex [ADV-P 011/PLAY](プロモーションカード「第2期 プレイヤーズキットカード・第2期プレイヤーズ継続キットカード」),1,440465,https://cdn.snkrdunk.com/upload_bg_removed/pkmn-tcg-7315047-yu.webp,,,,ADD_CANDIDATE
pkmn-tcg-Dpt-E-P-002,DPTEP,2,,ポッチャマ :1ED [Dpt 002/013](ダイヤモンドパールプラチナ「エントリーパック パルキアデッキ」),1,450815,https://cdn.snkrdunk.com/upload_bg_removed/pkmn-tcg-7313497-yu.webp,,,,ADD_CANDIDATE
pkmn-tcg-Dpt-E-P-001,DPTEP,1,,ラプラス :1ED [Dpt 001/013](ダイヤモンドパールプラチナ「エントリーパック パルキアデッキ」),1,450813,https://cdn.snkrdunk.com/upload_bg_removed/pkmn-tcg-7313495-yu.webp,,,,ADD_CANDIDATE
pkmn-tcg-Pt-GB-P-005,PTGBP,5,,ポッチャマ [Pt 005/015](ギフトボックス「ポッチャマデッキ」),1,451076,https://cdn.snkrdunk.com/upload_bg_removed/pkmn-tcg-7313564-yu.webp,,,,ADD_CANDIDATE
pkmn-tcg-CRCR-01-08-003,CRCR0108,3,,R団のニューラ P [e-P 003](プロモーションカード「月刊コロコロコミック 2001年 8月号」),1,452540,https://cdn.snkrdunk.com/upload_bg_removed/pkmn-tcg-7304062-yu.webp,,,,ADD_CANDIDATE
pkmn-tcg-PCGT-B12-002,PCGTB12,2,,R団のハッサム P [e-P 002](プロモーションカード「ポケモンカードトレーナーズVol.12」),1,452539,https://cdn.snkrdunk.com/upload_bg_removed/pkmn-tcg-7304061-yu.webp,CRD_413D5C01202A4AA1B435,핫삼,0.6692,ADD_CANDIDATE
pkmn-tcg-ST-TG-016,STTG,16,,オーダイル P [e-P 016](プロモーションカード「スタータートリプルゲットキャンペーン 赤緑コース 賞品」),1,452549,https://cdn.snkrdunk.com/upload_bg_removed/pkmn-tcg-7304074-yu.webp,,,,ADD_CANDIDATE
pkmn-tcg-BR-SM2002-040,BRSM2002,40,,ブーストエネルギー P [e-P 040](プロモーションカード「バトルロード サマー2002」),1,452580,https://cdn.snkrdunk.com/upload_bg_removed/pkmn-tcg-7304105-yu.webp,,,,ADD_CANDIDATE
pkmn-tcg-JR2002-043,JR2002,43,,エンテイ P [e-P 043](プロモーションカード「JR ポケモンハッピーアドベンチャーラリー2002 オリジナルカード」),1,452583,https://cdn.snkrdunk.com/upload_bg_removed/pkmn-tcg-7304108-yu.webp,CRD_7E54538560A84C058CD1,이벨타르,0.6901,ADD_CANDIDATE
pkmn-tcg-CRCR-03-05-013,CRCR0305,13,,アーマルドex P [ADV-P 013](プロモーションカード「月刊コロコロコミック 2003年 5月号」),1,452598,https://cdn.snkrdunk.com/upload_bg_removed/pkmn-tcg-7305219-yu.webp,,,,ADD_CANDIDATE
pkmn-tcg-SI-PF-025,SIPF,25,,ジラーチ P [ADV-P 025](プロモーションカード「セブン-イレブン ポケモンフェア」),1,452609,https://cdn.snkrdunk.com/upload_bg_removed/pkmn-tcg-7305231-na.webp,CRD_5EE6DC9AFBE242028F0F,지라치 EX,0.8367,ADD_CANDIDATE
pkmn-tcg-SI-PF-021,SIPF,21,,ルンパッパ P [ADV-P 021](プロモーションカード「セブン-イレブン ポケモンフェア」),1,452606,https://cdn.snkrdunk.com/upload_bg_removed/pkmn-tcg-7305227-yu.webp,,,,ADD_CANDIDATE
pkmn-tcg-SI-PF-019,SIPF,19,,ミズゴロウ P [ADV-P 019](プロモーションカード「セブン-イレブン ポケモンフェア」),1,452604,https://cdn.snkrdunk.com/upload_bg_removed/pkmn-tcg-7305225-yu.webp,,,,ADD_CANDIDATE
pkmn-tcg-SI-PF-018,SIPF,18,,アチャモ P [ADV-P 018](プロモーションカード「セブン-イレブン ポケモンフェア」),1,452603,https://cdn.snkrdunk.com/upload_bg_removed/pkmn-tcg-7305224-yu.webp,CRD_93FFCADB9F314F93B03F,케르디오 EX,0.6719,ADD_CANDIDATE
pkmn-tcg-SGSP-PWL2004-044,SGSPPWL2004,44,,メタング P [ADV-P 044](プロモーションカード「小学館スペシャル ポケモンワンダーランド2004 付録」),1,452626,https://cdn.snkrdunk.com/upload_bg_removed/pkmn-tcg-7305250-yu.webp,CRD_DF5DDD6AC39442A9B8EC,메타그로스 EX,0.6524,ADD_CANDIDATE
pkmn-tcg-MCD-ADV-046,MCDADV,46,,ジュカイン P [ADV-P 046](プロモーションカード「マクドナルドオリジナル ADV」),1,452628,https://cdn.snkrdunk.com/upload_bg_removed/pkmn-tcg-7305252-yu.webp,CRD_38C95B5BCA84434CADBB,나무킹 EX,0.7523,ADD_CANDIDATE
pkmn-tcg-MS-PCS-051,MSPCS,51,,フシギダネ P [ADV-P 051](プロモーションカード「明治製菓 ポケモンチョコスナック」),1,452633,https://cdn.snkrdunk.com/upload_bg_removed/pkmn-tcg-7305257-yu.webp,CRD_01AD02026ECC4FEDBF4F,이상해꽃 EX,0.6228,ADD_CANDIDATE
pkmn-tcg-MS-PCS-056,MSPCS,56,,コダック P [ADV-P 056](プロモーションカード「明治製菓 ポケモンチョコスナック」),1,452638,https://cdn.snkrdunk.com/upload_bg_removed/pkmn-tcg-7305262-yu.webp,,,,ADD_CANDIDATE
pkmn-tcg-MS-PCS-055,MSPCS,55,,ゼニガメ P [ADV-P 055](プロモーションカード「明治製菓 ポケモンチョコスナック」),1,452637,https://cdn.snkrdunk.com/upload_bg_removed/pkmn-tcg-7305261-yu.webp,,,,ADD_CANDIDATE
pkmn-tcg-BR-SP2004-002,BRSP2004,2,,リザードン P [PCG-P 002](プロモーションカード「バトルロード スプリング2004」),1,452650,https://cdn.snkrdunk.com/upload_bg_removed/pkmn-tcg-7307025-yu.webp,,,,ADD_CANDIDATE
pkmn-tcg-CRCR-04-003,CRCR04,3,,フシギバナ P [PCG-P 003](プロモーションカード「月刊コロコロコミック 4月号 ポケモンカードジムオフィシャル交換カード」),1,452651,https://cdn.snkrdunk.com/upload_bg_removed/pkmn-tcg-7307026-yu.webp,CRD_7B22D01FE0474BF9AF2E,찬란한 이상해꽃,0.7527,ADD_CANDIDATE
pkmn-tcg-MS-PCS-RH-013,MSPCSRH,13,,オオスバメ P [PCG-P 013](プロモーションカード「明治製菓 ポケモンチョコスナック-裂空の訪問者-」),1,452661,https://cdn.snkrdunk.com/upload_bg_removed/pkmn-tcg-7307036-yu.webp,,,,ADD_CANDIDATE
pkmn-tcg-PKMNFES04-019,PKMNFES04,19,,デオキシス P [PCG-P 019](プロモーションカード「ポケモンフェスタ2004」),1,452667,https://cdn.snkrdunk.com/upload_bg_removed/pkmn-tcg-7307042-na.webp,,,,ADD_CANDIDATE
pkmn-tcg-SGSP-PWL-V2-018,SGSPPWLV2,18,,裂空のデオキシス P [PCG-P 018](プロモーションカード「小学館スペシャル ポケモンワンダーランドVol.2 付録」),1,452666,https://cdn.snkrdunk.com/upload_bg_removed/pkmn-tcg-7307041-na.webp,,,,ADD_CANDIDATE
pkmn-tcg-JWHF-21-036,JWHF21,36,,R団のペルシアンex P [PCG-P 036](プロモーションカード「第21回次世代ワールドホビーフェア」),1,452680,https://cdn.snkrdunk.com/upload_bg_removed/pkmn-tcg-7307056-yu.webp,,,,ADD_CANDIDATE
pkmn-tcg-MCD-05-01-033,MCD0501,33,,ヨーギラス P [PCG-P 033](プロモーションカード「マクドナルドオリジナル 2005年1月」),1,452677,https://cdn.snkrdunk.com/upload_bg_removed/pkmn-tcg-7307053-yu.webp,,,,ADD_CANDIDATE
pkmn-tcg-MCD-05-01-032,MCD0501,32,,デオキシス P [PCG-P 032](プロモーションカード「マクドナルドオリジナル 2005年1月」),1,452676,https://cdn.snkrdunk.com/upload_bg_removed/pkmn-tcg-7307052-yu.webp,CRD_6BA5079A40E942659EB7,찬란한 루차불,0.6237,ADD_CANDIDATE
pkmn-tcg-MCD-05-01-031,MCD0501,31,,ピチュー P [PCG-P 031](プロモーションカード「マクドナルドオリジナル 2005年1月」),1,452675,https://cdn.snkrdunk.com/upload_bg_removed/pkmn-tcg-7307051-yu.webp,CRD_F962598C2D154F409151,피카츄,0.6915,ADD_CANDIDATE
pkmn-tcg-RKD-SP-035,RKDSP,35,,R団のライコウex P [PCG-P 035](プロモーションカード「ロケット団スペシャルボックス -black- -silver-」),1,452679,https://cdn.snkrdunk.com/upload_bg_removed/pkmn-tcg-7307055-na.webp,CRD_9C6FB71861F94FB98F11,라이코 EX,0.7223,ADD_CANDIDATE
pkmn-tcg-GIM-FL-061,GIMFL,61,,ラティアス P [PCG-P 061](プロモーションカード「ジムファイナル 地区代表決定戦 2005年-2006年」),1,452698,https://cdn.snkrdunk.com/upload_bg_removed/pkmn-tcg-7307074-yu.webp,CRD_9B64D783E4344EBB8735,라티아스 EX,0.7114,ADD_CANDIDATE
pkmn-tcg-GIM-FL-062,GIMFL,62,,ラティオス P [PCG-P 062](プロモーションカード「ジムファイナル 地区代表決定戦 2005年-2006年」),1,452699,https://cdn.snkrdunk.com/upload_bg_removed/pkmn-tcg-7307075-yu.webp,,,,ADD_CANDIDATE
pkmn-tcg-MS-PCS3-0506-064,MSPCS30506,64,,サボネア P [PCG-P 064](プロモーションカード「明治製菓 ポケモンチョコスナック 第3弾 2005年 6月」),1,452701,https://cdn.snkrdunk.com/upload_bg_removed/pkmn-tcg-7307077-yu.webp,,,,ADD_CANDIDATE
pkmn-tcg-MCD-05-07-082,MCD0507,82,,ワカシャモ P [PCG-P 082](プロモーションカード「マクドナルドオリジナル 2005年7月」),1,452719,https://cdn.snkrdunk.com/upload_bg_removed/pkmn-tcg-7307095-yu.webp,,,,ADD_CANDIDATE
pkmn-tcg-MCD-05-07-088,MCD0507,88,,ロータのゴンベ P [PCG-P 088](プロモーションカード「マクドナルドオリジナル 2005年7月」),1,452725,https://cdn.snkrdunk.com/upload_bg_removed/pkmn-tcg-7307101-yu.webp,,,,ADD_CANDIDATE
pkmn-tcg-MS-PCS4-0510-105,MSPCS40510,105,,ヘイガニ P [PCG-P 105](プロモーションカード「明治製菓 ポケモンチョコスナック 第4弾 2005年 10月」),1,452740,https://cdn.snkrdunk.com/upload_bg_removed/pkmn-tcg-7307116-yu.webp,,,,ADD_CANDIDATE
pkmn-tcg-BR-SM2005-094,BRSM2005,94,,レックウザ P [PCG-P 094](プロモーションカード「バトルロード サマー2005」),1,452731,https://cdn.snkrdunk.com/upload_bg_removed/pkmn-tcg-7307107-yu.webp,,,,ADD_CANDIDATE
pkmn-tcg-MCD-06-02-125,MCD0602,125,,フライゴン P [PCG-P 125](プロモーションカード「マクドナルドオリジナル 2006年2月」),1,452756,https://cdn.snkrdunk.com/upload_bg_removed/pkmn-tcg-7307132-na.webp,CRD_0F321114788E4CC0A5AB,플라이곤 EX,0.6638,ADD_CANDIDATE
pkmn-tcg-MCD-06-02-124,MCD0602,124,,ソーナンス P [PCG-P 124](プロモーションカード「マクドナルドオリジナル 2006年2月」),1,452755,https://cdn.snkrdunk.com/upload_bg_removed/pkmn-tcg-7307131-yu.webp,,,,ADD_CANDIDATE
pkmn-tcg-MS-PCS5-0606-134,MSPCS50606,134,,ハブネーク P [PCG-P 134](プロモーションカード「明治製菓 ポケモンチョコスナック 第5弾 2006年 6月」),1,452764,https://cdn.snkrdunk.com/upload_bg_removed/pkmn-tcg-7307140-yu.webp,,,,ADD_CANDIDATE
pkmn-tcg-BR-SP2006-129,BRSP2006,129,,デオキシスδ-デルタ種 P [PCG-P 129](プロモーションカード「バトルロード スプリング2006」),1,452760,https://cdn.snkrdunk.com/upload_bg_removed/pkmn-tcg-7307136-yu.webp,,,,ADD_CANDIDATE
pkmn-tcg-GIM-CLL-2006-0029,GIMCLL2006,29,,勝利のメダル P(プロモーションカード「ジムチャレンジ 2006年」),1,452803,https://cdn.snkrdunk.com/upload_bg_removed/pkmn-tcg-7307187-na.webp,,,,ADD_CANDIDATE
pkmn-tcg-MS-PCS5-0606-143,MSPCS50606,143,,アクーシャのペラップ P [PCG-P 143](プロモーションカード「明治製菓 ポケモンチョコスナック 第5弾 2006年 6月」),1,452773,https://cdn.snkrdunk.com/upload_bg_removed/pkmn-tcg-7307149-yu.webp,,,,ADD_CANDIDATE
pkmn-tcg-MS-PCS5-0606-139,MSPCS50606,139,,蒼海のマナフィ P [PCG-P 139](プロモーションカード「明治製菓 ポケモンチョコスナック 第5弾 2006年 6月」),1,452769,https://cdn.snkrdunk.com/upload_bg_removed/pkmn-tcg-7307145-yu.webp,CRD_C5460BA77BF844449364,아그놈,0.7012,ADD_CANDIDATE
pkmn-tcg-PKP-AC-048,PKPAC,48,,ポケパークのミズゴロウ P [PCG-P 048](プロモーションカード「ポケパーク ルギアのくるくるシップ」),1,452692,https://cdn.snkrdunk.com/upload_bg_removed/pkmn-tcg-7307068-yu.webp,,,,ADD_CANDIDATE
pkmn-tcg-PPP-0001-003,PPP0001,3,,"ポッチャマ [PPP 003](プロモーションカード「第5期プレイヤーズ けいけんち2,000~2,900EXPプレゼントカード」)",1,453190,https://cdn.snkrdunk.com/upload_bg_removed/pkmn-tcg-7310613-of.webp,CRD_AAFE59E917F54C8FB509,에몽가 EX,0.6793,ADD_CANDIDATE
pkmn-tcg-PPP-0001-001,PPP0001,1,,"ナエトル [PPP 001](プロモーションカード「第5期プレイヤーズ けいけんち2,000~2,900EXPプレゼントカード」)",1,453188,https://cdn.snkrdunk.com/upload_bg_removed/pkmn-tcg-7310611-of.webp,,,,ADD_CANDIDATE
pkmn-tcg-DP-P-0028-008,DPP0028,8,,ポッチャマLV.9 [DP-P 008](プロモーションカード「ポケモンチョコスナック 第6弾」),1,453199,https://cdn.snkrdunk.com/upload_bg_removed/pkmn-tcg-7313119-yu.webp,,,,ADD_CANDIDATE
pkmn-tcg-DP-P-0028-013,DPP0028,13,,ムックル [DP-P 013](プロモーションカード「ポケモンチョコスナック 第6弾」),1,453204,https://cdn.snkrdunk.com/upload_bg_removed/pkmn-tcg-7313124-yu.webp,,,,ADD_CANDIDATE
pkmn-tcg-PPP-0001-002,PPP0001,2,,"ヒコザル [PPP 002](プロモーションカード「第5期プレイヤーズ けいけんち2,000~2,900EXPプレゼントカード」)",1,453189,https://cdn.snkrdunk.com/upload_bg_removed/pkmn-tcg-7310612-of.webp,,,,ADD_CANDIDATE
pkmn-tcg-DP-P-0031-030,DPP0031,30,,パルキア [DP-P 030](プロモーションカード「マクドナルドオリジナルポケモンカードゲームDP 2007年5月」),1,453221,https://cdn.snkrdunk.com/upload_bg_removed/pkmn-tcg-7313141-yu.webp,CRD_DD4F767B8C314FCDBAF1,펄기아,0.647,ADD_CANDIDATE
pkmn-tcg-DP-P-0031-029,DPP0031,29,,ポッチャマLV.9 [DP-P 029](プロモーションカード「マクドナルドオリジナルポケモンカードゲームDP 2007年5月」),1,453220,https://cdn.snkrdunk.com/upload_bg_removed/pkmn-tcg-7313140-yu.webp,,,,ADD_CANDIDATE
pkmn-tcg-DP-P-0032-040,DPP0032,40,,ルクシオ [DP-P 040](プロモーションカード「ポケモンチョコスナック 第7弾」),1,453231,https://cdn.snkrdunk.com/upload_bg_removed/pkmn-tcg-7313151-yu.webp,,,,ADD_CANDIDATE
pkmn-tcg-DP-P-0032-037,DPP0032,37,,モウカザル [DP-P 037](プロモーションカード「ポケモンチョコスナック 第7弾」),1,453228,https://cdn.snkrdunk.com/upload_bg_removed/pkmn-tcg-7313148-yu.webp,,,,ADD_CANDIDATE
pkmn-tcg-DP-P-0032-038,DPP0032,38,,ポッタイシ [DP-P 038](プロモーションカード「ポケモンチョコスナック 第7弾」),1,453229,https://cdn.snkrdunk.com/upload_bg_removed/pkmn-tcg-7313149-yu.webp,,,,ADD_CANDIDATE
pkmn-tcg-DP-P-0032-045,DPP0032,45,,ムクバード [DP-P 045](プロモーションカード「ポケモンチョコスナック 第7弾」),1,453236,https://cdn.snkrdunk.com/upload_bg_removed/pkmn-tcg-7313156-yu.webp,,,,ADD_CANDIDATE
pkmn-tcg-DP-P-0034-052,DPP0034,52,,ハヤシガメ [DP-P 052](プロモーションカード「とりかえっこDP引換カード2007年7月」),1,453243,https://cdn.snkrdunk.com/upload_bg_removed/pkmn-tcg-7313163-yu.webp,,,,ADD_CANDIDATE
pkmn-tcg-DP-P-0034-051,DPP0034,51,,ミミロップLV.33 [DP-P 051](プロモーションカード「とりかえっこDP引換カード2007年7月」),1,453242,https://cdn.snkrdunk.com/upload_bg_removed/pkmn-tcg-7313162-yu.webp,CRD_93FFCADB9F314F93B03F,케르디오 EX,0.6456,ADD_CANDIDATE
pkmn-tcg-DP-P-0032-044,DPP0032,44,,エイパム [DP-P 044](プロモーションカード「ポケモンチョコスナック 第7弾」),1,453235,https://cdn.snkrdunk.com/upload_bg_removed/pkmn-tcg-7313155-yu.webp,,,,ADD_CANDIDATE
pkmn-tcg-DP-P-0037-058,DPP0037,58,,ガブリアスLV.X :キラ [DP-P 058](プロモーションカード「ポケモンカードゲームDP 公式ビジュアルブック 湖の秘密・ひかる闇編」),1,453248,https://cdn.snkrdunk.com/upload_bg_removed/pkmn-tcg-7313169-yu.webp,,,,ADD_CANDIDATE
pkmn-tcg-DP-P-0039-067,DPP0039,67,,イーブイLV.12 [DP-P 067](プロモーションカード「トイザらスポケモンDEビンゴ キャンペーン 1ライン賞」),1,453257,https://cdn.snkrdunk.com/upload_bg_removed/pkmn-tcg-7313178-yu.webp,,,,ADD_CANDIDATE
pkmn-tcg-DP-P-0040-068,DPP0040,68,,クレセリア :キラ [DP-P 068](プロモーションカード「トイザらスポケモンDEビンゴ キャンペーン 2ライン賞」),1,453258,https://cdn.snkrdunk.com/upload_bg_removed/pkmn-tcg-7313179-yu.webp,CRD_D4D97671FD8C454A8A1C,크레세리아,0.7191,ADD_CANDIDATE
pkmn-tcg-DP-P-0038-063,DPP0038,63,,イーブイLV.14 :キラ [DP-P 063](プロモーションカード「とりかえっこDP引換カード2007年11月」),1,453253,https://cdn.snkrdunk.com/upload_bg_removed/pkmn-tcg-7313174-yu.webp,,,,ADD_CANDIDATE
pkmn-tcg-DP-P-0047-079,DPP0047,79,,ガーメイル :キラ [DP-P 079](プロモーションカード「ひかる闇 スペシャルパック」),1,453269,https://cdn.snkrdunk.com/upload_bg_removed/pkmn-tcg-7313190-yu.webp,,,,ADD_CANDIDATE
pkmn-tcg-DP-P-0048-091,DPP0048,91,,ゴンベLV.7 [DP-P 091](プロモーションカード「ポケモンチョコスナック 第8弾」),1,453281,https://cdn.snkrdunk.com/upload_bg_removed/pkmn-tcg-7313202-yu.webp,,,,ADD_CANDIDATE
pkmn-tcg-DP-P-0048-088,DPP0048,88,,リオルLV.6 [DP-P 088](プロモーションカード「ポケモンチョコスナック 第8弾」),1,453278,https://cdn.snkrdunk.com/upload_bg_removed/pkmn-tcg-7313199-yu.webp,,,,ADD_CANDIDATE
pkmn-tcg-DP-P-0048-083,DPP0048,83,,ヒードラン [DP-P 083](プロモーションカード「ポケモンチョコスナック 第8弾」),1,453273,https://cdn.snkrdunk.com/upload_bg_removed/pkmn-tcg-7313194-yu.webp,CRD_2D08E66725174B8D97BF,찬란한 히드런,0.7656,ADD_CANDIDATE
pkmn-tcg-DP-P-0054-097,DPP0054,97,,フカマルLV.9 [DP-P 097](プロモーションカード「ポケモンワールドチャンピオンシップス 日本代表決定大会 参加賞」),1,453287,https://cdn.snkrdunk.com/upload_bg_removed/pkmn-tcg-7313208-yu.webp,CRD_4C6B8CCE76054101B753,헤라크로스 EX,0.6758,ADD_CANDIDATE
pkmn-tcg-DP-P-0041-069,DPP0041,69,,リーフィア [DP-P 069](プロモーションカード「ウィンターチャレンジ 来場記念カード」),1,453259,https://cdn.snkrdunk.com/upload_bg_removed/pkmn-tcg-7313180-yu.webp,CRD_1549CC7E9EFC44D08FD4,리피아,0.6612,ADD_CANDIDATE
pkmn-tcg-DP-P-0060-106,DPP0060,106,,ポリゴンZ [DP-P 106](プロモーションカード「ポケモンカードゲームDP 月光の追跡・夜明けの疾走 スペシャルパック」),1,453291,https://cdn.snkrdunk.com/upload_bg_removed/pkmn-tcg-7313217-yu.webp,,,,ADD_CANDIDATE
pkmn-tcg-DP-P-0060-105,DPP0060,105,,パルキアLV.X [DP-P 105](プロモーションカード「ポケモンカードゲームDP 月光の追跡・夜明けの疾走 スペシャルパック」),1,453290,https://cdn.snkrdunk.com/upload_bg_removed/pkmn-tcg-7313216-yu.webp,,,,ADD_CANDIDATE
pkmn-tcg-DP-P-0068-116,DPP0068,116,,ミミロップLV.36 [DP-P 116](プロモーションカード「コレクションチャレンジ とりかえっこDP引換カード2008年8月」),1,453301,https://cdn.snkrdunk.com/upload_bg_removed/pkmn-tcg-7313227-yu.webp,,,,ADD_CANDIDATE
pkmn-tcg-DP-P-0064-111,DPP0064,111,,レジギガス [DP-P 111](プロモーションカード「コレクションチャレンジ 拡張パック破空の激闘 発売記念キャンペーン」),1,453296,https://cdn.snkrdunk.com/upload_bg_removed/pkmn-tcg-7313222-yu.webp,CRD_1CBBEBA5751D495C81D5,레지기가스 EX,0.7152,ADD_CANDIDATE
pkmn-tcg-DP-P-0067-114,DPP0067,114,,ライチュウ [DP-P 114](プロモーションカード「コレクションチャレンジ ポケモンゲームソフト購入キャンペーン」),1,453299,https://cdn.snkrdunk.com/upload_bg_removed/pkmn-tcg-7313225-yu.webp,,,,ADD_CANDIDATE
pkmn-tcg-DPt-P-0006-010,DPTP0006,10,,マルマインG [DPt-P 010](プロモーションカード「ポケモンカードゲームDPt ギンガの覇道・時の果ての絆 スペシャルパック スペシャルキラカード」),1,453407,https://cdn.snkrdunk.com/upload_bg_removed/pkmn-tcg-7314159-yu.webp,,,,ADD_CANDIDATE
pkmn-tcg-DPt-P-0006-011,DPTP0006,11,,ムウマージGLLV.X [DPt-P 011](プロモーションカード「ポケモンカードゲームDPt ギンガの覇道・時の果ての絆 スペシャルパック スペシャルキラカード」),1,453408,https://cdn.snkrdunk.com/upload_bg_removed/pkmn-tcg-7314160-yu.webp,CRD_84630510CDEC47779B56,무우마직 ex,0.6245,ADD_CANDIDATE
pkmn-tcg-DPt-P-0005-009,DPTP0005,9,,ゼニガメ [DPt-P 009](プロモーションカード「ポケモンセンター10周年記念オリジナルカード 第3弾」),1,453406,https://cdn.snkrdunk.com/upload_bg_removed/pkmn-tcg-7314158-yu.webp,,,,ADD_CANDIDATE
pkmn-tcg-DPt-P-0017-032,DPTP0017,32,,ペラップ [DPt-P 032](プロモーションカード「ポケモンチャレンジひろば 2009年 5月」),1,453423,https://cdn.snkrdunk.com/upload_bg_removed/pkmn-tcg-7314181-yu.webp,,,,ADD_CANDIDATE
pkmn-tcg-DPt-P-0025-040,DPTP0025,40,,アルセウス [DPt-P 040](プロモーションカード「オフィシャルデッキケース アルセウス」),1,453427,https://cdn.snkrdunk.com/upload_bg_removed/pkmn-tcg-7314189-yu.webp,CRD_C4865CD65C7F40D2A53C,빛나는 아르세우스,0.6675,ADD_CANDIDATE
pkmn-tcg-L-P-0001-001,LP0001,1,,メガニウム [L-P 001](プロモーションカード「ポケモンチャレンジひろば 2009年 9月」),1,453437,https://cdn.snkrdunk.com/upload_bg_removed/pkmn-tcg-7314201-yu.webp,,,,ADD_CANDIDATE
pkmn-tcg-L-P-0018-035,LP0018,35,,ヒノアラシ [L-P 035](プロモーションカード「ポケモンセンター カードバトル参加賞・勝利賞」),1,453462,https://cdn.snkrdunk.com/upload_bg_removed/pkmn-tcg-7314235-yu.webp,,,,ADD_CANDIDATE
pkmn-tcg-L-P-0032-061,LP0032,61,,ライコウ [L-P 061](プロモーションカード「ポケモンカードゲームLEGEND パーフェクトセット スペシャルキラカード」),1,453474,https://cdn.snkrdunk.com/upload_bg_removed/pkmn-tcg-7314261-yu.webp,CRD_4A61E9FAD7D64AE2BB13,빛나는 볼케니온,0.6743,ADD_CANDIDATE
pkmn-tcg-L-P-0029-056,LP0029,56,,ザングース [L-P 056](プロモーションカード「ロストリンク 発売記念大会 参加賞」),1,453471,https://cdn.snkrdunk.com/upload_bg_removed/pkmn-tcg-7314256-yu.webp,,,,ADD_CANDIDATE
pkmn-tcg-L-P-0002-015,LP0002,15,,基本超エネルギー [L-P 015](プロモーションカード「ジム☆チャレンジ 2009年 9月」),1,453451,https://cdn.snkrdunk.com/upload_bg_removed/pkmn-tcg-7314215-yu.webp,,,,ADD_CANDIDATE
pkmn-tcg-PMCG-P-0008,PMCGP,8,,ヤドン P : 旧裏 [PMCG-P No.079](プロモーションカード「プレイマット」),1,465928,https://cdn.snkrdunk.com/upload_bg_removed/pkmn-tcg-7302790-yu.webp,,,,ADD_CANDIDATE
pkmn-tcg-PMCG-P-0004,PMCGP,4,,プリン P : 旧裏 [PMCG-P No.039](プロモーションカード「すぐわかるポケモンカードの遊びかた」),1,465925,https://cdn.snkrdunk.com/upload_bg_removed/pkmn-tcg-7302786-yu.webp,,,,ADD_CANDIDATE
pkmn-tcg-PMCG-P-0024,PMCGP,24,,わるいペルシアン ● : 旧裏 [PMCG-P](プロモーションカード「ポケモンカードファンクラブ vol.3」),1,467418,https://cdn.snkrdunk.com/upload_bg_removed/pkmn-tcg-7302809-yu.webp,,,,ADD_CANDIDATE
pkmn-tcg-PMCG-P-0037,PMCGP,37,,カスミのイワーク P : 旧裏 [PMCG-P](プロモーションカード「コロコロコミック 1998年3月号」),1,467422,https://cdn.snkrdunk.com/upload_bg_removed/pkmn-tcg-7302822-yu.webp,,,,ADD_CANDIDATE
pkmn-tcg-PMCG-P-0011,PMCGP,11,,超エネルギー回収 P : 旧裏 [PMCG-P](プロモーションカード「ポケットモンスターファンブック」),1,467408,https://cdn.snkrdunk.com/upload_bg_removed/pkmn-tcg-7302793-yu.webp,,,,ADD_CANDIDATE
pkmn-tcg-PMCG-P-0036,PMCGP,36,,カスミのヒトデマン P : 旧裏 [PMCG-P](プロモーションカード「コロコロコミック 1998年3月号」),1,467421,https://cdn.snkrdunk.com/upload_bg_removed/pkmn-tcg-7302821-yu.webp,CRD_A12119533B1C4A21B910,아쿠스타 BREAK,0.8049,ADD_CANDIDATE
pkmn-tcg-PMCG-P-0063,PMCGP,63,,カスミのメノクラゲ P : 旧裏 [PMCG-P](プロモーションカード「コロコロコミック 1998年12月号」),1,467847,https://cdn.snkrdunk.com/upload_bg_removed/pkmn-tcg-7302848-yu.webp,,,,ADD_CANDIDATE
pkmn-tcg-PMCG-P-0077,PMCGP,77,,ピカチュウ P : 旧裏 [PMCG-P](プロモーションカード「ハイパーコロコロ 春号」),1,467854,https://cdn.snkrdunk.com/upload_bg_removed/pkmn-tcg-7302863-yu.webp,,,,ADD_CANDIDATE
pkmn-tcg-PMCG-P-0061,PMCGP,61,,ダグトリオ P : 旧裏 [PMCG-P](プロモーションカード「すぐわかるポケモンカードの遊びかた 最新版ver.2」),1,467845,https://cdn.snkrdunk.com/upload_bg_removed/pkmn-tcg-7302846-yu.webp,,,,ADD_CANDIDATE
pkmn-tcg-PMCG-P-0075,PMCGP,75,,ナツメのケーシィ P : 旧裏 [PMCG-P](プロモーションカード「コロコロコミック 1999年3月号」),1,467852,https://cdn.snkrdunk.com/upload_bg_removed/pkmn-tcg-7302861-yu.webp,,,,ADD_CANDIDATE
pkmn-tcg-PMCG-P-0084,PMCGP,84,,キョウの忍者ジム P : 旧裏 [PMCG-P](プロモーションカード「コロコロコミック 1999年8月号」),1,467860,https://cdn.snkrdunk.com/upload_bg_removed/pkmn-tcg-7302872-yu.webp,,,,ADD_CANDIDATE
pkmn-tcg-PMCG-P-0094,PMCGP,94,,トロピカルウインド P : 旧裏 [PMCG-P](プロモーションカード「トロピカルメガバトル 決勝トーナメント出場記念カード」),1,467865,https://cdn.snkrdunk.com/upload_bg_removed/pkmn-tcg-7302884-yu.webp,,,,ADD_CANDIDATE
pkmn-tcg-neo-P-0008,NEOP,8,,ワニノコ P : 旧裏 [neo-P](プロモーションカード「第11回次世代ワールドホビーフェア」),1,470967,https://cdn.snkrdunk.com/upload_bg_removed/pkmn-tcg-7302912-yu.webp,CRD_D1B5C3A150B3424CB4C7,누오,0.6552,ADD_CANDIDATE
pkmn-tcg-neo-P-0016,NEOP,16,,ラッキースタジアム P : 旧裏 [neo-P](プロモーションカード「公式イベント参加記念カード【中部地区】」),1,470975,https://cdn.snkrdunk.com/upload_bg_removed/pkmn-tcg-7302921-yu.webp,,,,ADD_CANDIDATE
pkmn-tcg-PMCG-P-0115,PMCGP,115,,ピカチュウ P : 旧裏 [PMCG-P](プロモーションカード「月刊コミックGOTTA 8月号」),1,470982,https://cdn.snkrdunk.com/upload_bg_removed/pkmn-tcg-7302932-yu.webp,CRD_7EBB72125E6E436B8589,피카츄,0.637,ADD_CANDIDATE
pkmn-tcg-neo-P-0025,NEOP,25,,ドーブル P : 旧裏 [neo-P](プロモーションカード「ポケモンカードトレーナーズvol.7」),1,470983,https://cdn.snkrdunk.com/upload_bg_removed/pkmn-tcg-7302933-yu.webp,,,,ADD_CANDIDATE
pkmn-tcg-neo-P-0040,NEOP,40,,キレイハナ P : 旧裏 [neo-P](プロモーションカード「インフォメーションパックおまけカードその2」),1,470993,https://cdn.snkrdunk.com/upload_bg_removed/pkmn-tcg-7302948-yu.webp,,,,ADD_CANDIDATE
pkmn-tcg-neo-P-0035,NEOP,35,,ノコッチ P : 旧裏 [neo-P](プロモーションカード「インフォメーションパックおまけカードその1」),1,470991,https://cdn.snkrdunk.com/upload_bg_removed/pkmn-tcg-7302943-yu.webp,,,,ADD_CANDIDATE
pkmn-tcg-neo-P-0036,NEOP,36,,わるいフシギソウ P : 旧裏 [neo-P](プロモーションカード「ポケモンカードトレーナーズVol.10」),1,470992,https://cdn.snkrdunk.com/upload_bg_removed/pkmn-tcg-7302944-yu.webp,,,,ADD_CANDIDATE
pkmn-tcg-neo-P-0029,NEOP,29,,トゲピー P : 旧裏 [neo-P](プロモーションカード「ANAポケモンジェットジェットでゲットだ！2000」),1,470986,https://cdn.snkrdunk.com/upload_bg_removed/pkmn-tcg-7302937-yu.webp,,,,ADD_CANDIDATE
pkmn-tcg-neo-P-0014,NEOP,14,,ラッキースタジアム P : 旧裏 [neo-P](プロモーションカード「公式イベント参加記念カード【関西地区】」),1,470973,https://cdn.snkrdunk.com/upload_bg_removed/pkmn-tcg-7302919-yu.webp,,,,ADD_CANDIDATE
pkmn-tcg-SV-P-229,SVP,229,,ポケモンレンジャー P [SV-P 229](プロモカードパック「エクストラバトルの日」),1,484958,https://cdn.snkrdunk.com/upload_bg_removed/20241221094750-2.webp,,,,ADD_CANDIDATE
pkmn-tcg-SV-P-236,SVP,236,,シャリタツ P [SV-P 236](プロモカードパック「第9弾」),1,502991,https://cdn.snkrdunk.com/upload_bg_removed/pkmn-tcg-047171_P_SHIXYARITATSU-of.webp,,,,ADD_CANDIDATE
pkmn-tcg-SV-P-233,SVP,233,,ホップのバチンウニex P [SV-P 233](プロモカードパック「第9弾」),1,502988,https://cdn.snkrdunk.com/upload_bg_removed/pkmn-tcg-047168_P_HOPPUNOBACHINUNIEX-of.webp,,,,ADD_CANDIDATE
pkmn-tcg-SV-P-254,SVP,254,,ヒビキのホウオウex P [SV-P 254](プロモーションカード「熱風のアリーナ シールド戦」),1,531302,https://cdn.snkrdunk.com/upload_bg_removed/20250221051534-0.webp,CRD_A7F47D7A90F24520988F,심향의 칠색조 ex,0.8724,ADD_CANDIDATE
pkmn-tcg-SV-P-255,SVP,255,,シロナのガブリアスex P [SV-P 255](プロモーションカード「熱風のアリーナ シールド戦」),1,531303,https://cdn.snkrdunk.com/upload_bg_removed/20250221051534-1.webp,CRD_8C028EC35A4A49469342,난천의 한카리아스 ex,0.7574,ADD_CANDIDATE
pkmn-tcg-SV-P-265,SVP,265,,ロケット団のガルーラex P [SV-P 265](プロモカードパック「第10弾」),1,565132,https://cdn.snkrdunk.com/upload_bg_removed/20250411072345-0.webp,,,,ADD_CANDIDATE
pkmn-tcg-SV-P-122,SVP,122,,ヌオー P [SV-P 122](プロモカードパック「第5弾」),1,581463,https://cdn.snkrdunk.com/upload_bg_removed/pkmn-tcg-SV-P-5-122-of.webp,,,,ADD_CANDIDATE
pkmn-tcg-SV-P-275,SVP,275,,ハイパーボール P [SV-P 275](プロモカードパック「ビクティニBWR争奪戦」),1,585225,https://cdn.snkrdunk.com/upload_bg_removed/20250504091135-5.webp,,,,ADD_CANDIDATE
pkmn-tcg-SV-P-290,SVP,290,,ツツジ P [SV-P 290](プロモーションカード「エクストラバトルの日 参加賞」),1,618448,https://cdn.snkrdunk.com/upload_bg_removed/20250613060628-0.webp,,,,ADD_CANDIDATE
pkmn-tcg-M-P-004,MP,4,,マクノシタ P [M-P 004](ポケモンカードゲームMEGA「プロモカードパック 第1弾」),1,659342,https://cdn.snkrdunk.com/upload_bg_removed/pkmn-tcg-M-P-004-of.webp,,,,ADD_CANDIDATE
pkmn-tcg-M-P-001,MP,1,,チコリータ P [M-P 001](ポケモンカードゲームMEGA「プロモカードパック 第1弾」),1,659339,https://cdn.snkrdunk.com/upload_bg_removed/pkmn-tcg-M-P-001-of.webp,,,,ADD_CANDIDATE
pkmn-tcg-M-P-005,MP,5,,あなあけスコップ P [M-P 005](ポケモンカードゲームMEGA「プロモカードパック 第1弾」),1,659343,https://cdn.snkrdunk.com/upload_bg_removed/pkmn-tcg-M-P-005-of.webp,,,,ADD_CANDIDATE
pkmn-tcg-TW-SV-P-052,TWSVP,52,,ビクティニex P [SV-P 052]【台湾版】(ビクティニ争奪戦入賞賞品),1,685591,https://cdn.snkrdunk.com/upload_bg_removed/20250828033152-2.webp,,,,ADD_CANDIDATE
pkmn-tcg-en-SVP-PRE-EN-173,ENSVPPREEN,173,,イーブイ P [SV-P 228]【インドネシア語版】(スカーレット&バイオレット「プロモーションカード」),1,744802,https://cdn.snkrdunk.com/upload_bg_removed/pkmn-tcg-IDN-228-of.webp,CRD_866593D4A5494DF285FE,이브이,0.674,ADD_CANDIDATE
pkmn-tcg-M-P-052,MP,52,,ポケパッド P [M-P 052](プロモーションカード「100人大集合でたとこバトル！スタートデッキ100 バトルコレクション 完走賞」),1,745445,https://cdn.snkrdunk.com/upload_bg_removed/pkmn-tcg-2025-12-26-001-of.webp,,,,ADD_CANDIDATE
pkmn-tcg-M-P-031,MP,31,,夜のタンカ P [M-P 031](プロモーションカード「ポケカジムエントリーキャンペーン」),1,745685,https://cdn.snkrdunk.com/upload_bg_removed/pkmn-tcg-2025-12-26-2-014-of.webp,,,,ADD_CANDIDATE
pkmn-tcg-M-P-067,MP,67,,キルリア P [M-P 067](スペシャルカードセット「メガエルレイドex」),1,754602,https://cdn.snkrdunk.com/upload_bg_removed/20260122105558-0.webp,CRD_6393EBE4F2594F90B558,쉐이미 EX,0.7355,ADD_CANDIDATE
pkmn-tcg-M-P-069,MP,69,,パワープロテイン P [M-P 069](スペシャルカードセット「メガエルレイドex」),1,754603,https://cdn.snkrdunk.com/upload_bg_removed/20260122105544-0.webp,,,,ADD_CANDIDATE
pkmn-tcg-M-P-073,MP,73,,カメテテ P [M-P 073](ポケモンカードゲームMEGA「プロモカードパック 第3弾」),1,757137,https://cdn.snkrdunk.com/upload_bg_removed/pkmn-tcg-2026-01-30-004-of.webp,,,,ADD_CANDIDATE
pkmn-tcg-M-P-072,MP,72,,ジーランス P [M-P 072](ポケモンカードゲームMEGA「プロモカードパック 第3弾」),1,757136,https://cdn.snkrdunk.com/upload_bg_removed/pkmn-tcg-2026-01-30-003-of.webp,,,,ADD_CANDIDATE
pkmn-tcg-M-P-074,MP,74,,ブレイブバングル P [M-P 074](ポケモンカードゲームMEGA「プロモカードパック 第3弾」),1,757138,https://cdn.snkrdunk.com/upload_bg_removed/pkmn-tcg-2026-01-30-005-of.webp,CRD_49B4C54D818A4CF7BA81,M리자몽 EX,0.7699,ADD_CANDIDATE
pkmn-tcg-M-P-076,MP,76,,ミツルの思いやり P [M-P 076](ポケモンカードゲームMEGA「プロモカードパック 第3弾」),1,757140,https://cdn.snkrdunk.com/upload_bg_removed/pkmn-tcg-2026-01-30-007-of.webp,,,,ADD_CANDIDATE
pkmn-tcg-M-P-036,MP,36,,基本炎エネルギー P：参加賞 [M-P 036](プロモーションカード「チャンピオンズリーグ2026」),1,759692,https://cdn.snkrdunk.com/upload_bg_removed/20260206084410-0.webp,,,,ADD_CANDIDATE
pkmn-tcg-M-P-086,MP,86,,メガガルーラex P [M-P 086](プロモーションカード「ポケカジムエントリーキャンペーン2026年前期」),1,766786,https://cdn.snkrdunk.com/upload_bg_removed/pkmn-tcg-2026-GYM-0220-002-of.webp,CRD_9445125D59134FE4BE11,메가캥카 ex,0.6786,ADD_CANDIDATE
pkmn-tcg-M-P-095,MP,95,,シェイミ P [M-P 095](メガ「プロモーションカード」),1,806952,https://cdn.snkrdunk.com/upload_bg_removed/pkmn-tcg-2026-04-17-05463_2-.webp,CRD_13157CF56E204E5E81EA,레디안,0.6893,ADD_CANDIDATE
pkmn-tcg-M-P-100,MP,100,,ヒカリ P [M-P 100](メガ「プロモーションカード」),1,806957,https://cdn.snkrdunk.com/upload_bg_removed/pkmn-tcg-2026-04-17-05463_7-.webp,,,,ADD_CANDIDATE
pkmn-tcg-M-P-098,MP,98,,シュシュプ P [M-P 098](プロモカードパック「プロモカードパック 第4弾」),1,806955,https://cdn.snkrdunk.com/upload_bg_removed/pkmn-tcg-2026-04-17-05463_5-.webp,,,,ADD_CANDIDATE
pkmn-tcg-IDN-S-P-309,IDNSP,309,,悪いニンフィアV P [S-P 309]【インドネシア語版】(プロモーションカード),0,709497,https://cdn.snkrdunk.com/upload_bg_removed/pkmn-tcg-IDN-S-P309-of.webp,,,,ADD_CANDIDATE
pkmn-tcg-M-P-050,MP,50,,ふうせん P [M-P 050](プロモカードパック「ポケモンカードジム 第2弾」),0,716322,https://cdn.snkrdunk.com/upload_bg_removed/pkmn-tcg-M-P-050-of.webp,,,,ADD_CANDIDATE
pkmn-tcg-M-P-048,MP,48,,ノココッチ P [M-P 048](プロモカードパック「ポケモンカードジム 第2弾」),0,716320,https://cdn.snkrdunk.com/upload_bg_removed/pkmn-tcg-M-P-048-of.webp,,,,ADD_CANDIDATE
pkmn-tcg-M-P-049,MP,49,,逆境ほけん P [M-P 049](プロモカードパック「ポケモンカードジム 第2弾」),0,716321,https://cdn.snkrdunk.com/upload_bg_removed/pkmn-tcg-M-P-049-of.webp,,,,ADD_CANDIDATE
pkmn-tcg-M-P-051,MP,51,,トウコ P [M-P 051](プロモカードパック「ポケモンカードジム 第2弾」),0,716323,https://cdn.snkrdunk.com/upload_bg_removed/pkmn-tcg-M-P-051-of.webp,,,,ADD_CANDIDATE
pkmn-tcg-SM-P-089,SMP,89,,ジラーチ: プロモ[SM-P 089](プロモーションカード「SM-P」),0,91262,https://cdn.snkrdunk.com/upload_bg_removed/7325605.webp,CRD_5EE6DC9AFBE242028F0F,지라치 EX,0.6583,ADD_CANDIDATE
pkmn-tcg-SM-P-406,SMP,406,,ともだちてちょう: プロモ[SM-P 406](プロモーションカード「SM-P」),0,93061,https://cdn.snkrdunk.com/upload_bg_removed/20220831093105-0.webp,,,,ADD_CANDIDATE
pkmn-tcg-SM-P-236,SMP,236,,ウルトラネクロズマ: プロモ[SM-P 236](プロモーションカード「SM-P」),0,93070,https://cdn.snkrdunk.com/upload_bg_removed/20220901015217-0.webp,,,,ADD_CANDIDATE
pkmn-tcg-BW-P-0090,BWP,90,,ビクトリーカップ優勝 [BW-P](プロモーションカード「バトルカーニバル2011 優勝」),0,93140,https://cdn.snkrdunk.com/upload_bg_removed/20220901040019-0.webp,,,,ADD_CANDIDATE
pkmn-tcg-PLAY11-023,PLAY11,23,,サンダース☆: プロモ[PCG-P 023/PLAY](プロモーションカード「プレイヤーズけいけんち 20000~29990EXPプレゼントカード」),0,93228,https://cdn.snkrdunk.com/upload_bg_removed/20220901075358-0.webp,,,,ADD_CANDIDATE
pkmn-tcg-PLAY10-022,PLAY10,22,,シャワーズ☆: プロモ[PCG-P 022/PLAY](プロモーションカード「プレイヤーズけいけんち 10000~19990EXPプレゼントカード」),0,93230,https://cdn.snkrdunk.com/upload_bg_removed/20240810085741-3.webp,,,,ADD_CANDIDATE
pkmn-tcg-PLAY15-027,PLAY15,27,,カイオーガex: プロモ[PCG-P 027/PLAY](プロモーションカード「第3期 プレイヤーズキットカード」),0,93225,https://cdn.snkrdunk.com/upload_bg_removed/20240810085740-0.webp,,,,ADD_CANDIDATE
pkmn-tcg-PLAY15-029,PLAY15,29,,レックウザex: プロモ[PCG-P 029/PLAY](プロモーションカード「第3期 プレイヤーズキットカード」),0,93243,https://cdn.snkrdunk.com/upload_bg_removed/20240810083053-6.webp,,,,ADD_CANDIDATE
pkmn-tcg-SM-P-240,SMP,240,HR,ゼクロムGX HR: 争奪戦プロモ[SM-P 240](プロモーションカード「SM-P」),0,93370,https://cdn.snkrdunk.com/upload_bg_removed/20220901073017-0.webp,,,,ADD_CANDIDATE
pkmn-tcg-SM-P-059,SMP,59,,ニャビー: プロモ [SM-P 059](プロモーションカード「SM-P」),0,107458,https://cdn.snkrdunk.com/upload_bg_removed/20221219043419-0.webp,,,,ADD_CANDIDATE
pkmn-tcg-SM-P-361,SMP,361,,セレビィ: プロモ [SM-P 361](プロモーションカード「SM-P」),0,107451,https://cdn.snkrdunk.com/upload_bg_removed/20221219042858-0.webp,CRD_17D9AE509B3F4B1A8EB2,세레비,0.7832,ADD_CANDIDATE
pkmn-tcg-SM-P-039,SMP,39,,トゲデマル: プロモ [SM-P 039](プロモーションカード「SM-P」),0,107456,https://cdn.snkrdunk.com/upload_bg_removed/20221219043046-0.webp,,,,ADD_CANDIDATE
pkmn-tcg-SM-P-026,SMP,26,,マケンカニ: プロモ [SM-P 026](プロモーションカード「SM-P」),0,107545,https://cdn.snkrdunk.com/upload_bg_removed/20221219070313-0.webp,CRD_4C6B8CCE76054101B753,헤라크로스 EX,0.6715,ADD_CANDIDATE
pkmn-tcg-SM-P-177,SMP,177,,基本水エネルギー*LAWSON: ミラー: プロモ [SM-P 177](プロモーションカード「SM-P」),0,107547,https://cdn.snkrdunk.com/upload_bg_removed/20221219070603-0.webp,CRD_3E7EFB8B95774E57AD88,찌리배리 ex,0.6244,ADD_CANDIDATE
pkmn-tcg-SM-P-126,SMP,126,,ムキムキダンベル: プロモ [SM-P 126](プロモーションカード「SM-P」),0,107546,https://cdn.snkrdunk.com/upload_bg_removed/20221219070439-0.webp,,,,ADD_CANDIDATE
pkmn-tcg-SM-P-171,SMP,171,,基本草エネルギー*ファミリーマートサークルKサンクスミラー: プロモ [SM-P 171](プロモーションカード「SM-P」),0,107555,https://cdn.snkrdunk.com/upload_bg_removed/20221219072040-0.webp,,,,ADD_CANDIDATE
pkmn-tcg-SM-P-404,SMP,404,,ボルケニオン: プロモ [SM-P 404](プロモーションカード「SM-P」),0,107558,https://cdn.snkrdunk.com/upload_bg_removed/20221219072555-0.webp,CRD_3EF662F5F4B04A96BB1F,볼케니온 EX,0.7015,ADD_CANDIDATE
pkmn-tcg-SM-P-024,SMP,24,,トゲデマル: プロモ [SM-P 024](プロモーションカード「SM-P」),0,107554,https://cdn.snkrdunk.com/upload_bg_removed/20221219071833-0.webp,,,,ADD_CANDIDATE
pkmn-tcg-SM-P-261,SMP,261,,マーイーカ: プロモ [SM-P 261](プロモーションカード「SM-P」),0,107572,https://cdn.snkrdunk.com/upload_bg_removed/20221219074616-0.webp,,,,ADD_CANDIDATE
pkmn-tcg-SM-P-264,SMP,264,,ミミッキュ: プロモ [SM-P 264](プロモーションカード「SM-P」),0,107567,https://cdn.snkrdunk.com/upload_bg_removed/20221219073556-0.webp,,,,ADD_CANDIDATE
pkmn-tcg-SM-P-091,SMP,91,,ハイパーボール: プロモ [SM-P 091](プロモーションカード「SM-P」),0,107565,https://cdn.snkrdunk.com/upload_bg_removed/20221219073300-0.webp,,,,ADD_CANDIDATE
pkmn-tcg-SM-P-305,SMP,305,,サンダー: プロモ [SM-P 305](プロモーションカード「SM-P」),0,107573,https://cdn.snkrdunk.com/upload_bg_removed/20221219074800-0.webp,,,,ADD_CANDIDATE
pkmn-tcg-SM-P-272,SMP,272,,ともだちてちょう: プロモ [SM-P 272](プロモーションカード「SM-P」),0,107578,https://cdn.snkrdunk.com/upload_bg_removed/20221219075514-0.webp,,,,ADD_CANDIDATE
pkmn-tcg-BW3-P-052,BW3P,52,,プリズムエネルギー U[BW3-P 052/052](拡張パック「サイコドライブ」),0,108820,https://cdn.snkrdunk.com/upload_bg_removed/20221230034557-0.webp,,,,ADD_CANDIDATE
pkmn-tcg-SV-P-034,SVP,34,,ルチャブル: プロモ [SV-P 034](プロモーションカード「SV-P」),0,110581,https://cdn.snkrdunk.com/upload_bg_removed/20230116094604-0.webp,,,,ADD_CANDIDATE
pkmn-tcg-SV-P-004,SVP,4,,ヘイラッシャ: プロモ [SV-P 004](プロモーションカード「SV-P」),0,110927,https://cdn.snkrdunk.com/upload_bg_removed/20230119105130-0.webp,,,,ADD_CANDIDATE
pkmn-tcg-SV-P-002,SVP,2,,ワナイダー: プロモ [SV-P 002](プロモーションカード「SV-P」),0,110929,https://cdn.snkrdunk.com/upload_bg_removed/20230119105345-0.webp,CRD_EB9C07F79DA046F0824B,가디안 EX,0.652,ADD_CANDIDATE
pkmn-tcg-SV-P-006,SVP,6,,クエスパトラ: プロモ [SV-P 006](プロモーションカード「SV-P」),0,110925,https://cdn.snkrdunk.com/upload_bg_removed/20230119105033-0.webp,,,,ADD_CANDIDATE
pkmn-tcg-SV-P-008,SVP,8,,パフュートン: プロモ [SV-P 008](プロモーションカード「SV-P」),0,110923,https://cdn.snkrdunk.com/upload_bg_removed/20230119104934-0.webp,,,,ADD_CANDIDATE
pkmn-tcg-SV-P-046,SVP,46,,ネモ: プロモ [SV-P 046](プロモーションカード「SV-P」),0,111963,https://cdn.snkrdunk.com/upload_bg_removed/20230903042026-0.webp,,,,ADD_CANDIDATE
pkmn-tcg-SV-P-047,SVP,47,,ネモ: プロモ [SV-P 047](プロモーションカード「SV-P」),0,111989,https://cdn.snkrdunk.com/upload_bg_removed/20230903042053-0.webp,,,,ADD_CANDIDATE
pkmn-tcg-SV-P-045,SVP,45,,ふしぎなアメ: プロモ [SV-P 045](プロモーションカード「SV-P」),0,111990,https://cdn.snkrdunk.com/upload_bg_removed/20230903042149-0.webp,,,,ADD_CANDIDATE
pkmn-tcg-SV-P-089,SVP,89,,スコヴィランex: プロモ [SV-P 089](「プロモカードパック第3弾」プロモーションカード「SV-P」),0,132542,https://cdn.snkrdunk.com/upload_bg_removed/pkmn-tcg-SV-P-089.webp,,,,ADD_CANDIDATE
pkmn-tcg-SV-P-092,SVP,92,,ピィ: プロモ [SV-P 092](「プロモカードパック第3弾」プロモーションカード「SV-P」),0,132545,https://cdn.snkrdunk.com/upload_bg_removed/pkmn-tcg-SV-P-092.webp,,,,ADD_CANDIDATE
pkmn-tcg-SV-P-094,SVP,94,,ブロロローム: プロモ [SV-P 094](「プロモカードパック第3弾」プロモーションカード「SV-P」),0,132547,https://cdn.snkrdunk.com/upload_bg_removed/pkmn-tcg-SV-P-094.webp,CRD_8550FB250AFA4FADB616,거북왕 EX,0.718,ADD_CANDIDATE
pkmn-tcg-SV-P-091,SVP,91,,エレズン: プロモ [SV-P 091](「プロモカードパック第3弾」プロモーションカード「SV-P」),0,132544,https://cdn.snkrdunk.com/upload_bg_removed/pkmn-tcg-SV-P-091.webp,,,,ADD_CANDIDATE
pkmn-tcg-SV-P-093,SVP,93,,サナギラス: プロモ [SV-P 093](「プロモカードパック第3弾」プロモーションカード「SV-P」),0,132546,https://cdn.snkrdunk.com/upload_bg_removed/pkmn-tcg-SV-P-093.webp,,,,ADD_CANDIDATE
pkmn-tcg-SV-P-090,SVP,90,,キバニア: プロモ [SV-P 090](「プロモカードパック第3弾」プロモーションカード「SV-P」),0,132543,https://cdn.snkrdunk.com/upload_bg_removed/pkmn-tcg-SV-P-090.webp,,,,ADD_CANDIDATE
pkmn-tcg-SV-P-095,SVP,95,,月明かりの丘: プロモ [SV-P 095](「プロモカードパック第3弾」プロモーションカード「SV-P」),0,132548,https://cdn.snkrdunk.com/upload_bg_removed/pkmn-tcg-SV-P-095.webp,,,,ADD_CANDIDATE
pkmn-tcg-SV-P-075,SVP,75,,ピッピ: プロモ[SV-P 075](「タント×ポケモンカードゲーム」プロモーションカード「SV-P」),0,132897,https://cdn.snkrdunk.com/upload_bg_removed/pkmn-tcg-SV-P-075.webp,,,,ADD_CANDIDATE
pkmn-tcg-SV-P-081,SVP,81,,基本水エネルギー: プロモ[SV-P 081](「タント×ポケモンカードゲーム」プロモーションカード「SV-P」),0,132903,https://cdn.snkrdunk.com/upload_bg_removed/pkmn-tcg-SV-P-081.webp,,,,ADD_CANDIDATE
pkmn-tcg-SV-P-076,SVP,76,,リオル: プロモ[SV-P 076](「タント×ポケモンカードゲーム」プロモーションカード「SV-P」),0,132898,https://cdn.snkrdunk.com/upload_bg_removed/pkmn-tcg-SV-P-076.webp,CRD_63EFA1E2D426449697C7,리오르,0.653,ADD_CANDIDATE
pkmn-tcg-SV-P-078,SVP,78,,メルタン: プロモ[SV-P 078](「タント×ポケモンカードゲーム」プロモーションカード「SV-P」),0,132900,https://cdn.snkrdunk.com/upload_bg_removed/pkmn-tcg-SV-P-078.webp,CRD_29E34E5A35CC4FFAB36C,후파 EX,0.654,ADD_CANDIDATE
pkmn-tcg-SV-P-077,SVP,77,,デルビル: プロモ[SV-P 077](「タント×ポケモンカードゲーム」プロモーションカード「SV-P」),0,132899,https://cdn.snkrdunk.com/upload_bg_removed/pkmn-tcg-SV-P-077.webp,CRD_44A13E89FE7A4D61BDE0,헬가 EX,0.6542,ADD_CANDIDATE
pkmn-tcg-SV-P-079,SVP,79,,基本草エネルギー: プロモ[SV-P 079](「タント×ポケモンカードゲーム」プロモーションカード「SV-P」),0,132901,https://cdn.snkrdunk.com/upload_bg_removed/pkmn-tcg-SV-P-079.webp,,,,ADD_CANDIDATE
pkmn-tcg-SV-P-084,SVP,84,,基本闘エネルギー: プロモ[SV-P 084](「タント×ポケモンカードゲーム」プロモーションカード「SV-P」),0,132906,https://cdn.snkrdunk.com/upload_bg_removed/pkmn-tcg-SV-P-084.webp,,,,ADD_CANDIDATE
pkmn-tcg-SV-P-083,SVP,83,,基本超エネルギー: プロモ[SV-P 083](「タント×ポケモンカードゲーム」プロモーションカード「SV-P」),0,132905,https://cdn.snkrdunk.com/upload_bg_removed/pkmn-tcg-SV-P-083.webp,,,,ADD_CANDIDATE
pkmn-tcg-SV-P-085,SVP,85,,基本悪エネルギー: プロモ[SV-P 085](「タント×ポケモンカードゲーム」プロモーションカード「SV-P」),0,132907,https://cdn.snkrdunk.com/upload_bg_removed/pkmn-tcg-SV-P-085.webp,,,,ADD_CANDIDATE
pkmn-tcg-SV-P-086,SVP,86,,基本鋼エネルギー: プロモ[SV-P 086](「タント×ポケモンカードゲーム」プロモーションカード「SV-P」),0,132908,https://cdn.snkrdunk.com/upload_bg_removed/pkmn-tcg-SV-P-086.webp,,,,ADD_CANDIDATE
pkmn-tcg-SV-P-100,SVP,100,,基本草エネルギー CS2024: プロモ [SV-P 100](プロモーションカード「SV-P」),0,136511,https://cdn.snkrdunk.com/upload_bg_removed/pkmn-tcg-SV-P-100.webp,,,,ADD_CANDIDATE
pkmn-tcg-SV-P-103,SVP,103,,基本雷エネルギー CS2024: プロモ [SV-P 103](プロモーションカード「SV-P」),0,136514,https://cdn.snkrdunk.com/upload_bg_removed/pkmn-tcg-SV-P-103.webp,,,,ADD_CANDIDATE
pkmn-tcg-SV-P-101,SVP,101,,基本炎エネルギー CS2024: プロモ [SV-P 101](プロモーションカード「SV-P」),0,136512,https://cdn.snkrdunk.com/upload_bg_removed/pkmn-tcg-SV-P-101.webp,,,,ADD_CANDIDATE
pkmn-tcg-SV-P-102,SVP,102,,基本水エネルギー CS2024: プロモ [SV-P 102](プロモーションカード「SV-P」),0,136513,https://cdn.snkrdunk.com/upload_bg_removed/pkmn-tcg-SV-P-102.webp,,,,ADD_CANDIDATE
pkmn-tcg-SV-P-104,SVP,104,,基本超エネルギー CS2024: プロモ [SV-P 104](プロモーションカード「SV-P」),0,136515,https://cdn.snkrdunk.com/upload_bg_removed/pkmn-tcg-SV-P-104.webp,,,,ADD_CANDIDATE
pkmn-tcg-SV-P-106,SVP,106,,基本悪エネルギー CS2024: プロモ [SV-P 106](プロモーションカード「SV-P」),0,136517,https://cdn.snkrdunk.com/upload_bg_removed/pkmn-tcg-SV-P-106.webp,,,,ADD_CANDIDATE
pkmn-tcg-SV-P-105,SVP,105,,基本闘エネルギー CS2024: プロモ [SV-P 105](プロモーションカード「SV-P」),0,136516,https://cdn.snkrdunk.com/upload_bg_removed/pkmn-tcg-SV-P-105.webp,,,,ADD_CANDIDATE
pkmn-tcg-SV-P-107,SVP,107,,基本鋼エネルギー CS2024: プロモ [SV-P 107](プロモーションカード「SV-P」),0,136518,https://cdn.snkrdunk.com/upload_bg_removed/pkmn-tcg-SV-P-107.webp,,,,ADD_CANDIDATE
pkmn-tcg-SV-P-116,SVP,116,,ポリゴン2: プロモ [SV-P 116](ポケモンカードゲーム スカーレット&バイオレット「プロモカードパック 第4弾」),0,150798,https://cdn.snkrdunk.com/upload_bg_removed/pkmn-tcg-SV-P-116.webp,,,,ADD_CANDIDATE
pkmn-tcg-SV-P-111,SVP,111,,バオップ: プロモ [SV-P 111](ポケモンカードゲーム スカーレット&バイオレット「プロモカードパック 第4弾」),0,150793,https://cdn.snkrdunk.com/upload_bg_removed/pkmn-tcg-SV-P-111.webp,,,,ADD_CANDIDATE
pkmn-tcg-SV-P-114,SVP,114,,デカヌチャン: プロモ [SV-P 114](ポケモンカードゲーム スカーレット&バイオレット「プロモカードパック 第4弾」),0,150796,https://cdn.snkrdunk.com/upload_bg_removed/pkmn-tcg-SV-P-114.webp,,,,ADD_CANDIDATE
pkmn-tcg-SV-P-112,SVP,112,,タッツー: プロモ [SV-P 112](ポケモンカードゲーム スカーレット&バイオレット「プロモカードパック 第4弾」),0,150794,https://cdn.snkrdunk.com/upload_bg_removed/pkmn-tcg-SV-P-112.webp,CRD_3ED24376E1C34EC0A25B,푸크린 ex,0.6247,ADD_CANDIDATE
pkmn-tcg-SV-P-113,SVP,113,,デスマス: プロモ [SV-P 113](ポケモンカードゲーム スカーレット&バイオレット「プロモカードパック 第4弾」),0,150795,https://cdn.snkrdunk.com/upload_bg_removed/pkmn-tcg-SV-P-113.webp,,,,ADD_CANDIDATE
pkmn-tcg-SV-P-115,SVP,115,,キョジオーンex: プロモ [SV-P 115](ポケモンカードゲーム スカーレット&バイオレット「プロモカードパック 第4弾」),0,150797,https://cdn.snkrdunk.com/upload_bg_removed/pkmn-tcg-SV-P-115.webp,,,,ADD_CANDIDATE
pkmn-tcg-CLSP-2007,CLSP,2007,,チャンピオンズリーグ: プロモ(チャンピオンズリーグ スプリングス 2007),0,159732,https://cdn.snkrdunk.com/upload_bg_removed/20250206092509-0.webp,,,,ADD_CANDIDATE
pkmn-tcg-CLSM-2007,CLSM,2007,,チャンピオンズリーグ: プロモ(チャンピオンズリーグ 2007),0,159734,https://cdn.snkrdunk.com/upload_bg_removed/20250206092538-0.webp,,,,ADD_CANDIDATE
pkmn-tcg-BRS-2007,BRS,2007,,ミラクル・ダイヤモンド: プロモ(バトルロードサマー 2007),0,159733,https://cdn.snkrdunk.com/upload_bg_removed/20250206091839-0.webp,,,,ADD_CANDIDATE
pkmn-tcg-P-CR-99,PCR,99,,トロピカルウインド: プロモ(チャレンンジロード99「トロピカルメガバトル」参加記念カード),0,159738,https://cdn.snkrdunk.com/upload_bg_removed/pkmn-tcg-P-CR-99.webp,,,,ADD_CANDIDATE
pkmn-tcg-P-016019,P,16019,,イーブイ: プロモ[019/016](2009年 乱戦! ポケモンスクランブル),0,159735,https://cdn.snkrdunk.com/upload_bg_removed/pkmn-tcg-P-016019.webp,,,,ADD_CANDIDATE
pkmn-tcg-SNP-P-005,SNPP,5,,すごいつりざお [SNP-N 005/10](BREAK進化パック「オンバーンBREAK」),0,166665,https://cdn.snkrdunk.com/upload_bg_removed/pkmn-tcg-SNP-N-005-ot.webp,,,,ADD_CANDIDATE
pkmn-tcg-S-P-277,SP,277,,ハイパーボール P [S-P 277](「スタートデッキ100 でたとこバトル！」参加賞),0,166729,https://cdn.snkrdunk.com/upload_bg_removed/pkmn-tcg-S-P-277-ot.webp,,,,ADD_CANDIDATE
pkmn-tcg-BW-P-169,BWP,169,,あなぬけのヒモ P [BW-P 169/BW-P](プロモーションカードパック「ジム☆チャレンジ 2012年9月」),0,166730,https://cdn.snkrdunk.com/upload_bg_removed/pkmn-tcg-BW-P-169-ot.webp,,,,ADD_CANDIDATE
pkmn-tcg-SM-P-329,SMP,329,,ともだちてちょう P [SM-P 329](公認自主イベント 「トレーナーズパック 2019」),0,166731,https://cdn.snkrdunk.com/upload_bg_removed/pkmn-tcg-SM-P-329-ot.webp,,,,ADD_CANDIDATE
pkmn-tcg-SM-P-025,SMP,25,,ふしぎなアメ P [SM-P 025](ポケモンカードゲーム サン&ムーン 「ウェルカムフェスタ」),0,166732,https://cdn.snkrdunk.com/upload_bg_removed/pkmn-tcg-SM-P-025-ot.webp,,,,ADD_CANDIDATE
pkmn-tcg-XY-P-243,XYP,243,,魅惑のポフレ P [XY-P 243](XY・XY BREAK プロモーションカードパック 第7弾),0,166739,https://cdn.snkrdunk.com/upload_bg_removed/pkmn-tcg-XY-P-243-ot.webp,,,,ADD_CANDIDATE
pkmn-tcg-SV-P-131,SVP,131,,ソーナンス P [SV-P 131](プロモーションカード「エクストラバトルの日(2024年) プロモカードパック」),0,172040,https://cdn.snkrdunk.com/upload_bg_removed/pkmn-tcg-SV-P-131-20231225.webp,,,,ADD_CANDIDATE
pkmn-tcg-SV-P-130,SVP,130,,キバナ P [SV-P 130](プロモーションカード「エクストラバトルの日(2024年) 参加賞」),0,172039,https://cdn.snkrdunk.com/upload_bg_removed/pkmn-tcg-SV-P-130-20231225.webp,,,,ADD_CANDIDATE
pkmn-tcg-SV-P-133,SVP,133,,カプ・テテフGX P [SV-P 133](プロモーションカード「エクストラバトルの日(2024年) プロモカードパック」),0,172042,https://cdn.snkrdunk.com/upload_bg_removed/pkmn-tcg-SV-P-133-20231225.webp,CRD_549320962C484F599EC6,카푸나비나 GX,0.8946,ADD_CANDIDATE
pkmn-tcg-SV-P-140,SVP,140,,サイレントラボ P [SV-P 140](プロモーションカード「エクストラバトルの日(2024年) プロモカードパック」),0,172049,https://cdn.snkrdunk.com/upload_bg_removed/pkmn-tcg-SV-P-140-20231225.webp,,,,ADD_CANDIDATE
pkmn-tcg-SV-P-138,SVP,138,,かるいし P [SV-P 138](プロモーションカード「エクストラバトルの日(2024年) プロモカードパック」),0,172047,https://cdn.snkrdunk.com/upload_bg_removed/pkmn-tcg-SV-P-138-20231225.webp,,,,ADD_CANDIDATE
pkmn-tcg-SV-P-135,SVP,135,,トレーナーズポスト P [SV-P 135](プロモーションカード「エクストラバトルの日(2024年) プロモカードパック」),0,172044,https://cdn.snkrdunk.com/upload_bg_removed/pkmn-tcg-SV-P-135-20231225.webp,,,,ADD_CANDIDATE
pkmn-tcg-SV-P-141,SVP,141,,スカイフィールド P [SV-P 141](プロモーションカード「エクストラバトルの日(2024年) プロモカードパック」),0,172050,https://cdn.snkrdunk.com/upload_bg_removed/pkmn-tcg-SV-P-141-20231225.webp,,,,ADD_CANDIDATE
pkmn-tcg-SV-P-136,SVP,136,,バトルコンプレッサー P [SV-P 136](プロモーションカード「エクストラバトルの日(2024年) プロモカードパック」),0,172045,https://cdn.snkrdunk.com/upload_bg_removed/pkmn-tcg-SV-P-136-20231225.webp,,,,ADD_CANDIDATE
pkmn-tcg-SV-P-142,SVP,142,,ダブルドラゴンエネルギー P [SV-P 142](プロモーションカード「エクストラバトルの日(2024年) プロモカードパック」),0,172051,https://cdn.snkrdunk.com/upload_bg_removed/pkmn-tcg-SV-P-142-20231225.webp,,,,ADD_CANDIDATE
pkmn-tcg-SV-P-137,SVP,137,,バトルサーチャー P [SV-P 137](プロモーションカード「エクストラバトルの日(2024年) プロモカードパック」),0,172046,https://cdn.snkrdunk.com/upload_bg_removed/pkmn-tcg-SV-P-137-20231225.webp,,,,ADD_CANDIDATE
pkmn-tcg-SV-P-139,SVP,139,,ミツル P [SV-P 139](プロモーションカード「エクストラバトルの日(2024年) プロモカードパック」),0,172048,https://cdn.snkrdunk.com/upload_bg_removed/pkmn-tcg-SV-P-139-20231225.webp,,,,ADD_CANDIDATE
pkmn-tcg-SV-P-132,SVP,132,,ダストダス P [SV-P 132](プロモーションカード「エクストラバトルの日(2024年) プロモカードパック」),0,172041,https://cdn.snkrdunk.com/upload_bg_removed/pkmn-tcg-SV-P-132-20231225.webp,CRD_7CB1EBD45B814997B7C0,레지기가스,0.6361,ADD_CANDIDATE
pkmn-tcg-SNAP-025,SNAP,25,,ピカチュウ P : 旧裏 [PMCG-P](プロモーションカード「ポケモンスナップ 小学館コロコロコミック主催ベストフォトコンテスト」),0,201289,https://cdn.snkrdunk.com/upload_bg_removed/20240215085444-0.webp,,,,ADD_CANDIDATE
pkmn-tcg-SV-P-157,SVP,157,,ズルッグ P [SV-P 157] (ポケモンカードゲーム スカーレット&バイオレット「プロモカードパック 第6弾」),0,284087,https://cdn.snkrdunk.com/upload_bg_removed/pkmn-tcg-SV-P-157.webp,,,,ADD_CANDIDATE
pkmn-tcg-SV-P-159,SVP,159,,ふしぎなあめ P [SV-P 159] (ポケモンカードゲーム スカーレット&バイオレット「プロモカードパック 第6弾」),0,284089,https://cdn.snkrdunk.com/upload_bg_removed/pkmn-tcg-SV-P-159.webp,,,,ADD_CANDIDATE
pkmn-tcg-SV-P-158,SVP,158,,ズルズキン P [SV-P 158] (ポケモンカードゲーム スカーレット&バイオレット「プロモカードパック 第6弾」),0,284088,https://cdn.snkrdunk.com/upload_bg_removed/pkmn-tcg-SV-P-158.webp,,,,ADD_CANDIDATE
pkmn-tcg-SV-P-161,SVP,161,,ナンジャモ P [SV-P 161] (ポケモンカードゲーム スカーレット&バイオレット「プロモカードパック 第6弾」),0,284091,https://cdn.snkrdunk.com/upload_bg_removed/pkmn-tcg-SV-P-161.webp,,,,ADD_CANDIDATE
pkmn-tcg-SV-P-160,SVP,160,,ロトりぼう P [SV-P 160] (ポケモンカードゲーム スカーレット&バイオレット「プロモカードパック 第6弾」),0,284090,https://cdn.snkrdunk.com/upload_bg_removed/pkmn-tcg-SV-P-160.webp,,,,ADD_CANDIDATE
pkmn-tcg-S-P11-297,SP11,297,,シビビール P [297/S-P](ポケモンカードゲーム ソード&シールド 「プロモカードパック 第11弾」),0,286332,https://cdn.snkrdunk.com/upload_bg_removed/pkmn-tcg-S-P11-297.webp,,,,ADD_CANDIDATE
pkmn-tcg-S-P11-298,SP11,298,,ラブトロス P [298/S-P](ポケモンカードゲーム ソード&シールド 「プロモカードパック 第11弾」),0,286333,https://cdn.snkrdunk.com/upload_bg_removed/pkmn-tcg-S-P11-298.webp,,,,ADD_CANDIDATE
pkmn-tcg-S-P11-295,SP11,295,,パウワウ P [295/S-P](ポケモンカードゲーム ソード&シールド 「プロモカードパック 第11弾」),0,286330,https://cdn.snkrdunk.com/upload_bg_removed/pkmn-tcg-S-P11-295.webp,,,,ADD_CANDIDATE
pkmn-tcg-S-P11-300,SP11,300,,穴掘り兄弟 P [300/S-P](ポケモンカードゲーム ソード&シールド 「プロモカードパック 第11弾」),0,286335,https://cdn.snkrdunk.com/upload_bg_removed/pkmn-tcg-S-P11-300.webp,,,,ADD_CANDIDATE
pkmn-tcg-S-P11-294,SP11,294,,ヒマナッツ P [294/S-P](ポケモンカードゲーム ソード&シールド 「プロモカードパック 第11弾」),0,286329,https://cdn.snkrdunk.com/upload_bg_removed/pkmn-tcg-S-P11-294.webp,,,,ADD_CANDIDATE
pkmn-tcg-S-P11-299,SP11,299,,メタング P [299/S-P](ポケモンカードゲーム ソード&シールド 「プロモカードパック 第11弾」),0,286334,https://cdn.snkrdunk.com/upload_bg_removed/pkmn-tcg-S-P11-299.webp,CRD_4C6B8CCE76054101B753,헤라크로스 EX,0.6247,ADD_CANDIDATE
pkmn-tcg-S-P-301,SP,301,,シマボシ: プロモ P [S-P 301](プロモーションカード 「新弾バトル 優勝 / ジャンケン賞」),0,286384,https://cdn.snkrdunk.com/upload_bg_removed/20240607030912-0.webp,,,,ADD_CANDIDATE
pkmn-tcg-S-P10-281,SP10,281,,ズガイドス: プロモ P [S-P 281](ポケモンカードゲーム ソード&シールド 「プロモカードパック 第10弾」),0,289885,https://cdn.snkrdunk.com/upload_bg_removed/pkmn-tcg-S-P10-281.webp,CRD_2940721DC8F64D6382C2,M앱솔 EX,0.6404,ADD_CANDIDATE
pkmn-tcg-S-P10-279,SP10,279,,ヒスイバスラオ: プロモ P [S-P 279](ポケモンカードゲーム ソード&シールド 「プロモカードパック 第10弾」),0,289883,https://cdn.snkrdunk.com/upload_bg_removed/pkmn-tcg-S-P10-279.webp,CRD_16E335392D60451C9EA2,샤크니아 EX,0.6554,ADD_CANDIDATE
pkmn-tcg-S-P-285,SP,285,,ハマナのバックアップ: プロモ P :ミラー [S-P 285](プロモーションカード 「新弾バトル 優勝 / ジャンケン賞」),0,289888,https://cdn.snkrdunk.com/upload_bg_removed/20240610050104-0.webp,,,,ADD_CANDIDATE
pkmn-tcg-S-P10-278,SP10,278,,コロボーシ: プロモ P [S-P 278](ポケモンカードゲーム ソード&シールド 「プロモカードパック 第10弾」),0,289882,https://cdn.snkrdunk.com/upload_bg_removed/pkmn-tcg-S-P10-278.webp,,,,ADD_CANDIDATE
pkmn-tcg-S-P10-283,SP10,283,,コマタナ: プロモ P [S-P 283](ポケモンカードゲーム ソード&シールド 「プロモカードパック 第10弾」),0,289886,https://cdn.snkrdunk.com/upload_bg_removed/pkmn-tcg-S-P10-283.webp,,,,ADD_CANDIDATE
pkmn-tcg-S-P10-282,SP10,282,,ガチグマV: プロモ P [S-P 282](ポケモンカードゲーム ソード&シールド 「プロモカードパック 第10弾」),0,289887,https://cdn.snkrdunk.com/upload_bg_removed/pkmn-tcg-S-P10-282.webp,,,,ADD_CANDIDATE
pkmn-tcg-S-P10-280,SP10,280,,トゲチック: プロモ P [S-P 280](ポケモンカードゲーム ソード&シールド 「プロモカードパック 第10弾」),0,289884,https://cdn.snkrdunk.com/upload_bg_removed/pkmn-tcg-S-P10-280.webp,,,,ADD_CANDIDATE
pkmn-tcg-SV-P-026,SVP,26,,ハカドッグ: プロモ P [SV-P 026](ポケモンカードゲーム スカーレット&バイオレット「プロモカードパック 第1弾」),0,291351,https://cdn.snkrdunk.com/upload_bg_removed/pkmn-tcg-SV-P1-026-of.webp,,,,ADD_CANDIDATE
pkmn-tcg-SV-P-025,SVP,25,,ガーディ: プロモ P [SV-P 025](ポケモンカードゲーム スカーレット&バイオレット「プロモカードパック 第1弾」),0,291350,https://cdn.snkrdunk.com/upload_bg_removed/20240610084242-0.webp,,,,ADD_CANDIDATE
pkmn-tcg-SV-P-023,SVP,23,,ミニーブ: プロモ P [SV-P 023](ポケモンカードゲーム スカーレット&バイオレット「プロモカードパック 第1弾」),0,291348,https://cdn.snkrdunk.com/upload_bg_removed/pkmn-tcg-SV-P1-023-of.webp,,,,ADD_CANDIDATE
pkmn-tcg-SV-P-027,SVP,27,,ガケガニex: プロモ P [SV-P 027](ポケモンカードゲーム スカーレット&バイオレット「プロモカードパック 第1弾」),0,291352,https://cdn.snkrdunk.com/upload_bg_removed/pkmn-tcg-SV-P1-027-of.webp,,,,ADD_CANDIDATE
pkmn-tcg-SV-P-024,SVP,24,,モココ: プロモ P [SV-P 024](ポケモンカードゲーム スカーレット&バイオレット「プロモカードパック 第1弾」),0,291349,https://cdn.snkrdunk.com/upload_bg_removed/20240610084226-0.webp,,,,ADD_CANDIDATE
pkmn-tcg-SV-P-054,SVP,54,,ドジョッチ: プロモ P [SV-P 054](ポケモンカードゲーム スカーレット&バイオレット「プロモカードパック 第2弾」),0,291368,https://cdn.snkrdunk.com/upload_bg_removed/pkmn-tcg-SV-P-2-054-of.webp,,,,ADD_CANDIDATE
pkmn-tcg-SV-P-050,SVP,50,,クヌギダマ: プロモ P [SV-P 050](ポケモンカードゲーム スカーレット&バイオレット「プロモカードパック 第2弾」),0,291364,https://cdn.snkrdunk.com/upload_bg_removed/pkmn-tcg-SV-P-2-050-of.webp,,,,ADD_CANDIDATE
pkmn-tcg-SV-P-053,SVP,53,,ヤバチャ: プロモ P [SV-P 053](ポケモンカードゲーム スカーレット&バイオレット「プロモカードパック 第2弾」),0,291367,https://cdn.snkrdunk.com/upload_bg_removed/pkmn-tcg-SV-P-2-053-of.webp,CRD_29E34E5A35CC4FFAB36C,후파 EX,0.6856,ADD_CANDIDATE
pkmn-tcg-SV-P-052,SVP,52,,ハラバリー: プロモ P [SV-P 052](ポケモンカードゲーム スカーレット&バイオレット「プロモカードパック 第2弾」),0,291366,https://cdn.snkrdunk.com/upload_bg_removed/pkmn-tcg-SV-P-2-052-of.webp,CRD_B71FB8408EAC4867A18F,모야모의 찌리배리 ex,0.6924,ADD_CANDIDATE
pkmn-tcg-SV-P-028,SVP,28,,ブロロン: プロモ P [SV-P 028](ポケモンカードゲーム スカーレット&バイオレット「プロモカードパック 第1弾」),0,291353,https://cdn.snkrdunk.com/upload_bg_removed/pkmn-tcg-SV-P1-028-of.webp,,,,ADD_CANDIDATE
pkmn-tcg-SV-P-051,SVP,51,,セゴール: プロモ P [SV-P 051](ポケモンカードゲーム スカーレット&バイオレット「プロモカードパック 第2弾」),0,291365,https://cdn.snkrdunk.com/upload_bg_removed/pkmn-tcg-SV-P-2-051-of.webp,,,,ADD_CANDIDATE
pkmn-tcg-SV-P-055,SVP,55,,マフィティフex: プロモ P [SV-P 055](ポケモンカードゲーム スカーレット&バイオレット「プロモカードパック 第2弾」),0,291362,https://cdn.snkrdunk.com/upload_bg_removed/pkmn-tcg-SV-P-2-055-of.webp,,,,ADD_CANDIDATE
pkmn-tcg-SV-P-029,SVP,29,,コルサ: プロモ P [SV-P 029](ポケモンカードゲーム スカーレット&バイオレット「プロモカードパック 第1弾」),0,291354,https://cdn.snkrdunk.com/upload_bg_removed/pkmn-tcg-SV-P1-029-of.webp,,,,ADD_CANDIDATE
pkmn-tcg-SV-P-056,SVP,56,,シュウメイ: プロモ P [SV-P 056](ポケモンカードゲーム スカーレット&バイオレット「プロモカードパック 第2弾」),0,291363,https://cdn.snkrdunk.com/upload_bg_removed/pkmn-tcg-SV-P-2-056-of.webp,,,,ADD_CANDIDATE
pkmn-tcg-S-P-138,SP,138,,ビート（ビートの決心）: プロモ P [S-P 138](プロモーションカード「S-P」),0,291518,https://cdn.snkrdunk.com/upload_bg_removed/20240611014756-0.webp,,,,ADD_CANDIDATE
pkmn-tcg-S-P-224,SP,224,,博士の研究（ウィロー博士）: プロモ P [S-P 224](プロモーションカード「S-P」),0,291943,https://cdn.snkrdunk.com/upload_bg_removed/20240611030612-0.webp,,,,ADD_CANDIDATE
pkmn-tcg-S-P-255,SP,255,,ヒバニー: プロモ P [S-P 255](プロモーションカード「S-P」),0,292617,https://cdn.snkrdunk.com/upload_bg_removed/20240611041249-0.webp,,,,ADD_CANDIDATE
pkmn-tcg-SM-P-251,SMP,251,,クチナシ：プロモ P [SM-P 251](プロモーションカード「SM-P」),0,296890,https://cdn.snkrdunk.com/upload_bg_removed/20240617014011-0.webp,,,,ADD_CANDIDATE
pkmn-tcg-S-P-037,SP,37,,ダイオウドウV: プロモ P [S-P 037](プロモーションカード「S-P」),0,297138,https://cdn.snkrdunk.com/upload_bg_removed/20240617061918-0.webp,,,,ADD_CANDIDATE
pkmn-tcg-S-P1-026,SP1,26,,ヨルノズク: プロモ P [S-P 026](ポケモンカードゲーム ソード&シールド 「プロモカードパック 第1弾」),0,298874,https://cdn.snkrdunk.com/upload_bg_removed/20240619085616-6.webp,,,,ADD_CANDIDATE
pkmn-tcg-S-P1-022,SP1,22,,エースバーン: プロモ P [S-P 022](ポケモンカードゲーム ソード&シールド 「プロモカードパック 第1弾」),0,298870,https://cdn.snkrdunk.com/upload_bg_removed/20240619085614-2.webp,,,,ADD_CANDIDATE
pkmn-tcg-S-P1-027,SP1,27,,ビート: プロモ P [S-P 027](プロモーションカード 「新弾バトル 優勝 / ジャンケン賞」),0,298875,https://cdn.snkrdunk.com/upload_bg_removed/20240619090612-0.webp,,,,ADD_CANDIDATE
pkmn-tcg-S-P1-025,SP1,25,,ガラルポニータ: プロモ P [S-P 025](ポケモンカードゲーム ソード&シールド 「プロモカードパック 第1弾」),0,298873,https://cdn.snkrdunk.com/upload_bg_removed/20240619085615-5.webp,,,,ADD_CANDIDATE
pkmn-tcg-S-P1-020,SP1,20,,コオリッポV: プロモ P [S-P 020](ポケモンカードゲーム ソード&シールド 「プロモカードパック 第1弾」),0,298868,https://cdn.snkrdunk.com/upload_bg_removed/20240619085614-0.webp,,,,ADD_CANDIDATE
pkmn-tcg-S-P-113,SP,113,,サシカマス: プロモ P [S-P 113](ポケモンカードゲーム ソード&シールド 「プロモカードパック 第4弾」),0,299234,https://cdn.snkrdunk.com/upload_bg_removed/pkmn-tcg-113-yu.webp,,,,ADD_CANDIDATE
pkmn-tcg-S-P-116,SP,116,,ワルビル: プロモ P [S-P 116](ポケモンカードゲーム ソード&シールド 「プロモカードパック 第4弾」),0,299237,https://cdn.snkrdunk.com/upload_bg_removed/pkmn-tcg-116-yu.webp,,,,ADD_CANDIDATE
pkmn-tcg-S-P-120,SP,120,,ローズ: プロモ P [S-P 120](プロモーションカード 「新弾バトル 優勝 / ジャンケン賞」),0,299240,https://cdn.snkrdunk.com/upload_bg_removed/pkmn-tcg-120-yu.webp,,,,ADD_CANDIDATE
pkmn-tcg-S-P-115,SP,115,,ゴマゾウ: プロモ P [S-P 115](ポケモンカードゲーム ソード&シールド 「プロモカードパック 第4弾」),0,299236,https://cdn.snkrdunk.com/upload_bg_removed/pkmn-tcg-115-yu.webp,CRD_3B0AA576F162446CAD28,전룡 EX,0.6204,ADD_CANDIDATE
pkmn-tcg-S-P-118,SP,118,,ソッドとシルディ: プロモ P [S-P 118](ポケモンカードゲーム ソード&シールド 「プロモカードパック 第4弾」),0,299239,https://cdn.snkrdunk.com/upload_bg_removed/pkmn-tcg-118-yu.webp,,,,ADD_CANDIDATE
pkmn-tcg-S-P-158,SP,158,,チェリンボ: プロモ P [S-P 158](ポケモンカードゲーム ソード&シールド 「プロモカードパック 第5弾」),0,299241,https://cdn.snkrdunk.com/upload_bg_removed/pkmn-tcg-158-yu.webp,,,,ADD_CANDIDATE
pkmn-tcg-S-P-162,SP,162,,ドードリオV: プロモ P [S-P 162](ポケモンカードゲーム ソード&シールド 「プロモカードパック 第5弾」),0,299245,https://cdn.snkrdunk.com/upload_bg_removed/pkmn-tcg-162-yu.webp,,,,ADD_CANDIDATE
pkmn-tcg-S-P-160,SP,160,,ガラルバリヤード: プロモ P [S-P 160](ポケモンカードゲーム ソード&シールド 「プロモカードパック 第5弾」),0,299243,https://cdn.snkrdunk.com/upload_bg_removed/pkmn-tcg-160-yu.webp,,,,ADD_CANDIDATE
pkmn-tcg-S-P-159,SP,159,,ポカブ: プロモ P [S-P 159](ポケモンカードゲーム ソード&シールド 「プロモカードパック 第5弾」),0,299242,https://cdn.snkrdunk.com/upload_bg_removed/pkmn-tcg-159-yu.webp,,,,ADD_CANDIDATE
pkmn-tcg-S-P-164,SP,164,,ミツバ: プロモ P [S-P 164](ポケモンカードゲーム ソード&シールド 「プロモカードパック 第5弾」),0,299247,https://cdn.snkrdunk.com/upload_bg_removed/pkmn-tcg-164-yu.webp,,,,ADD_CANDIDATE
pkmn-tcg-S-P-165,SP,165,,ダンデ: プロモ P [S-P 165](プロモーションカード 「新弾バトル 優勝 / ジャンケン賞」),0,299248,https://cdn.snkrdunk.com/upload_bg_removed/pkmn-tcg-165-yu.webp,,,,ADD_CANDIDATE
pkmn-tcg-S-P-176,SP,176,,キノガッサV: プロモ P [S-P 176](ポケモンカードゲーム ソード&シールド 「プロモカードパック 第6弾」),0,299249,https://cdn.snkrdunk.com/upload_bg_removed/pkmn-tcg-176-yu.webp,,,,ADD_CANDIDATE
pkmn-tcg-S-P-177,SP,177,,ユキワラシ: プロモ P [S-P 177](ポケモンカードゲーム ソード&シールド 「プロモカードパック 第6弾」),0,299250,https://cdn.snkrdunk.com/upload_bg_removed/pkmn-tcg-177-yu.webp,,,,ADD_CANDIDATE
pkmn-tcg-S-P-178,SP,178,,シママ: プロモ P [S-P 178](ポケモンカードゲーム ソード&シールド 「プロモカードパック 第6弾」),0,299251,https://cdn.snkrdunk.com/upload_bg_removed/pkmn-tcg-178-yu.webp,,,,ADD_CANDIDATE
pkmn-tcg-S-P-183,SP,183,,モミ: プロモ P [S-P 183](プロモーションカード 「新弾バトル 優勝 / ジャンケン賞」),0,299255,https://cdn.snkrdunk.com/upload_bg_removed/pkmn-tcg-183-yu.webp,,,,ADD_CANDIDATE
pkmn-tcg-S-P-038,SP,38,,ブースター: プロモ P [S-P 038](ポケモンカードゲーム ソード&シールド 「プロモカードパック 第2弾」),0,299214,https://cdn.snkrdunk.com/upload_bg_removed/pkmn-tcg-038-yu.webp,,,,ADD_CANDIDATE
pkmn-tcg-S-P-217,SP,217,,ヤジロン: プロモ P [S-P 217](ポケモンカードゲーム ソード&シールド 「プロモカードパック 第7弾」),0,299258,https://cdn.snkrdunk.com/upload_bg_removed/pkmn-tcg-217-yu.webp,,,,ADD_CANDIDATE
pkmn-tcg-S-P-040,SP,40,,ポットデスV: プロモ P [S-P 040](ポケモンカードゲーム ソード&シールド 「プロモカードパック 第2弾」),0,299216,https://cdn.snkrdunk.com/upload_bg_removed/pkmn-tcg-040-yu.webp,,,,ADD_CANDIDATE
pkmn-tcg-S-P-218,SP,218,,グレッグル: プロモ P [S-P 218](ポケモンカードゲーム ソード&シールド 「プロモカードパック 第7弾」),0,299259,https://cdn.snkrdunk.com/upload_bg_removed/pkmn-tcg-218-yu.webp,,,,ADD_CANDIDATE
pkmn-tcg-S-P-041,SP,41,,ミブリム: プロモ P [S-P 041](ポケモンカードゲーム ソード&シールド 「プロモカードパック 第2弾」),0,299217,https://cdn.snkrdunk.com/upload_bg_removed/pkmn-tcg-041-yu.webp,,,,ADD_CANDIDATE
pkmn-tcg-S-P-039,SP,39,,ルクシオ: プロモ P [S-P 039](ポケモンカードゲーム ソード&シールド 「プロモカードパック 第2弾」),0,299215,https://cdn.snkrdunk.com/upload_bg_removed/pkmn-tcg-039-yu.webp,CRD_AAFE59E917F54C8FB509,에몽가 EX,0.7229,ADD_CANDIDATE
pkmn-tcg-S-P-236,SP,236,,エレズン: プロモ P [S-P 236](ポケモンカードゲーム ソード&シールド 「プロモカードパック 第8弾」),0,299265,https://cdn.snkrdunk.com/upload_bg_removed/pkmn-tcg-236-yu.webp,,,,ADD_CANDIDATE
pkmn-tcg-S-P-043,SP,43,,ヤブクロン: プロモ P [S-P 043](ポケモンカードゲーム ソード&シールド 「プロモカードパック 第2弾」),0,299219,https://cdn.snkrdunk.com/upload_bg_removed/pkmn-tcg-043-yu.webp,,,,ADD_CANDIDATE
pkmn-tcg-S-P-045,SP,45,,逆境グローブ: プロモ P [S-P 045](ポケモンカードゲーム ソード&シールド 「プロモカードパック 第2弾」),0,299221,https://cdn.snkrdunk.com/upload_bg_removed/pkmn-tcg-045-yu.webp,,,,ADD_CANDIDATE
pkmn-tcg-S-P-076,SP,76,,ヨクバリスV: プロモ P [S-P 076](ポケモンカードゲーム ソード&シールド 「プロモカードパック 第3弾」),0,299230,https://cdn.snkrdunk.com/upload_bg_removed/20250703060418-6.webp,,,,ADD_CANDIDATE
pkmn-tcg-S-P-042,SP,42,,タンドン: プロモ P [S-P 042](ポケモンカードゲーム ソード&シールド 「プロモカードパック 第2弾」),0,299218,https://cdn.snkrdunk.com/upload_bg_removed/pkmn-tcg-042-yu.webp,,,,ADD_CANDIDATE
pkmn-tcg-S-P-073,SP,73,,イトマル: プロモ P [S-P 073](ポケモンカードゲーム ソード&シールド 「プロモカードパック 第3弾」),0,299227,https://cdn.snkrdunk.com/upload_bg_removed/20250703060417-3.webp,,,,ADD_CANDIDATE
pkmn-tcg-S-P-221,SP,221,,からぶりほけん: プロモ P [S-P 221](ポケモンカードゲーム ソード&シールド 「プロモカードパック 第7弾」),0,299261,https://cdn.snkrdunk.com/upload_bg_removed/pkmn-tcg-221-yu.webp,,,,ADD_CANDIDATE
pkmn-tcg-S-P-074,SP,74,,ゾウドウ: プロモ P [S-P 074](ポケモンカードゲーム ソード&シールド 「プロモカードパック 第3弾」),0,299228,https://cdn.snkrdunk.com/upload_bg_removed/20250703060418-4.webp,,,,ADD_CANDIDATE
pkmn-tcg-S-P-072,SP,72,,ナックラー: プロモ P [S-P 072](ポケモンカードゲーム ソード&シールド 「プロモカードパック 第3弾」),0,299226,https://cdn.snkrdunk.com/upload_bg_removed/20250703060417-2.webp,,,,ADD_CANDIDATE
pkmn-tcg-S-P-078,SP,78,,ヤロー: プロモ P [S-P 078](プロモーションカード 「新弾バトル 優勝 / ジャンケン賞」),0,299223,https://cdn.snkrdunk.com/upload_bg_removed/20250703060418-8.webp,,,,ADD_CANDIDATE
pkmn-tcg-S-P-235,SP,235,,ガラルバリコオルV: プロモ P [S-P 235](ポケモンカードゲーム ソード&シールド 「プロモカードパック 第8弾」),0,299264,https://cdn.snkrdunk.com/upload_bg_removed/pkmn-tcg-235-yu.webp,,,,ADD_CANDIDATE
pkmn-tcg-S-P-077,SP,77,,ウカッツ: プロモ P [S-P 077](ポケモンカードゲーム ソード&シールド 「プロモカードパック 第3弾」),0,299231,https://cdn.snkrdunk.com/upload_bg_removed/20250703060418-7.webp,,,,ADD_CANDIDATE
pkmn-tcg-S-P-070,SP,70,,フクスロー: プロモ P [S-P 070](ポケモンカードゲーム ソード&シールド 「プロモカードパック 第3弾」),0,299224,https://cdn.snkrdunk.com/upload_bg_removed/20250703060417-0.webp,,,,ADD_CANDIDATE
pkmn-tcg-S-P-234,SP,234,,アゴジムシ: プロモ P [S-P 234](ポケモンカードゲーム ソード&シールド 「プロモカードパック 第8弾」),0,299263,https://cdn.snkrdunk.com/upload_bg_removed/pkmn-tcg-234-yu.webp,,,,ADD_CANDIDATE
pkmn-tcg-S-P-111,SP,111,,ブリムオンV: プロモ P [S-P 111](ポケモンカードゲーム ソード&シールド 「プロモカードパック 第4弾」),0,299232,https://cdn.snkrdunk.com/upload_bg_removed/pkmn-tcg-111-yu.webp,,,,ADD_CANDIDATE
pkmn-tcg-S-P-238,SP,238,,ゴローン: プロモ P [S-P 238](ポケモンカードゲーム ソード&シールド 「プロモカードパック 第8弾」),0,299267,https://cdn.snkrdunk.com/upload_bg_removed/pkmn-tcg-238-yu.webp,,,,ADD_CANDIDATE
pkmn-tcg-S-P-260,SP,260,,リオル: プロモ P [S-P 260](ポケモンカードゲーム ソード&シールド 「プロモカードパック 第9弾」),0,299273,https://cdn.snkrdunk.com/upload_bg_removed/20240620045250-3.webp,,,,ADD_CANDIDATE
pkmn-tcg-S-P-257,SP,257,,ゴウカザルV: プロモ P [S-P 257](ポケモンカードゲーム ソード&シールド 「プロモカードパック 第9弾」),0,299270,https://cdn.snkrdunk.com/upload_bg_removed/20240620045248-0.webp,,,,ADD_CANDIDATE
pkmn-tcg-S-P-261,SP,261,,マニューラ: プロモ P [S-P 261](ポケモンカードゲーム ソード&シールド 「プロモカードパック 第9弾」),0,299274,https://cdn.snkrdunk.com/upload_bg_removed/20240620045250-4.webp,,,,ADD_CANDIDATE
pkmn-tcg-S-P-258,SP,258,,ヘイガニ: プロモ P [S-P 258](ポケモンカードゲーム ソード&シールド 「プロモカードパック 第9弾」),0,299271,https://cdn.snkrdunk.com/upload_bg_removed/20240620045249-1.webp,,,,ADD_CANDIDATE
pkmn-tcg-S-P-259,SP,259,,サマヨール: プロモ P [S-P 259](ポケモンカードゲーム ソード&シールド 「プロモカードパック 第9弾」),0,299272,https://cdn.snkrdunk.com/upload_bg_removed/20240620045249-2.webp,,,,ADD_CANDIDATE
pkmn-tcg-S-P-241,SP,241,,ピオニー: プロモ P [S-P 241](プロモーションカード 「新弾バトル 優勝 / ジャンケン賞」),0,299269,https://cdn.snkrdunk.com/upload_bg_removed/pkmn-tcg-241-yu.webp,,,,ADD_CANDIDATE
pkmn-tcg-S-P-263,SP,263,,ゲン: プロモ P [S-P 263](ポケモンカードゲーム ソード&シールド 「プロモカードパック 第9弾」),0,299276,https://cdn.snkrdunk.com/upload_bg_removed/20240620045250-6.webp,,,,ADD_CANDIDATE
pkmn-tcg-S-P-262,SP,262,,ムックル: プロモ P [S-P 262](ポケモンカードゲーム ソード&シールド 「プロモカードパック 第9弾」),0,299275,https://cdn.snkrdunk.com/upload_bg_removed/20240620045250-5.webp,,,,ADD_CANDIDATE
pkmn-tcg-798-1,798,1,,勝利のメダル(銀2005/ピカチュウ) : プロモ[DP-P](プロモーションカード「DP-P」),0,319283,https://cdn.snkrdunk.com/upload_bg_removed/20240711071455-0.webp,,,,ADD_CANDIDATE
pkmn-tcg-SV-P-169,SVP,169,,博士の研究（フトゥー博士） P [SV-P 169](プロモカードパック 第7弾),0,320263,https://cdn.snkrdunk.com/upload_bg_removed/pkmn-tcg-046130_T_HAKASENOKENKIXYUU-of.webp,,,,ADD_CANDIDATE
pkmn-tcg-SV-P-166,SVP,166,,メタモン P [SV-P 166](プロモカードパック 第7弾),0,320260,https://cdn.snkrdunk.com/upload_bg_removed/pkmn-tcg-046127_P_METAMON-of.webp,,,,ADD_CANDIDATE
pkmn-tcg-SV-P-163,SVP,163,,ヤンヤンマ P [SV-P 163](プロモカードパック 第7弾),0,320257,https://cdn.snkrdunk.com/upload_bg_removed/pkmn-tcg-046124_P_YANYANMA-of.webp,,,,ADD_CANDIDATE
pkmn-tcg-SV-P-168,SVP,168,,博士の研究（オーリム博士） P [SV-P 168](プロモカードパック 第7弾),0,320262,https://cdn.snkrdunk.com/upload_bg_removed/pkmn-tcg-046129_T_HAKASENOKENKIXYUU-of.webp,,,,ADD_CANDIDATE
pkmn-tcg-SV-P-165,SVP,165,,ミガルーサex P [SV-P 165](プロモカードパック 第7弾),0,320259,https://cdn.snkrdunk.com/upload_bg_removed/pkmn-tcg-046126_P_MIGARUSAEX-of.webp,,,,ADD_CANDIDATE
pkmn-tcg-SV-P-170,SVP,170,,ビリオとネア P [SV-P 170](プロモカードパック 第7弾),0,320264,https://cdn.snkrdunk.com/upload_bg_removed/pkmn-tcg-046131_T_BIRIOTONEA-of.webp,,,,ADD_CANDIDATE
pkmn-tcg-SV-P-167,SVP,167,,すごいつりざお P [SV-P 167](プロモカードパック 第7弾),0,320261,https://cdn.snkrdunk.com/upload_bg_removed/pkmn-tcg-046128_T_SUGOITSURIZAO-of.webp,,,,ADD_CANDIDATE
pkmn-tcg-S-P-049,SP,49,,スピード雷エネルギー: プロモ P [S-P 049](Vスペシャルセット 反逆クラッシュ),0,331734,https://cdn.snkrdunk.com/upload_bg_removed/20240724080817-1.webp,,,,ADD_CANDIDATE
pkmn-tcg-S-P-153,SP,153,,基本悪エネルギー: プロモ P [S-P 153](シャイニー ボックス クロバットV),0,331768,https://cdn.snkrdunk.com/upload_bg_removed/pkmn-tcg-S-P-7330136-yu.webp,,,,ADD_CANDIDATE
pkmn-tcg-S-P-154,SP,154,,ハイド悪エネルギー: プロモ P [S-P 154](シャイニー ボックス クロバットV),0,331769,https://cdn.snkrdunk.com/upload_bg_removed/pkmn-tcg-S-P-7330137-yu.webp,CRD_1D2EAA1FB1D44C0781F7,고래왕 EX,0.654,ADD_CANDIDATE
pkmn-tcg-LD-063,LD,63,,スイクン: プロモ[L-P 063/L-P](プロモーションカード「L-P」),0,340581,https://cdn.snkrdunk.com/upload_bg_removed/20240731083742-1.webp,CRD_49B4C54D818A4CF7BA81,M리자몽 EX,0.676,ADD_CANDIDATE
pkmn-tcg-LD-066,LD,66,,ルギア: プロモ[L-P 066/L-P](プロモーションカード「L-P」),0,343744,https://cdn.snkrdunk.com/upload_bg_removed/20240805072426-1.webp,,,,ADD_CANDIDATE
pkmn-tcg-SV-P-211,SVP,211,,改造ハンマー P [SV-P 211](プロモーションカード「チャンピオンズリーグ2025 勝利賞」),0,356899,https://cdn.snkrdunk.com/upload_bg_removed/20240816061110-2.webp,,,,ADD_CANDIDATE
pkmn-tcg-WCS-SVP-2024,WCSSVP,2024,,パラダイスリゾート (韓国語版) :プロモ [PROMO SV-P](ワールドチャンピオンシップス 2024 ホノルル 出場者配布),0,372803,https://cdn.snkrdunk.com/upload_bg_removed/pkmn-tcg-WCS-SVP-2024-5.webp,,,,ADD_CANDIDATE
pkmn-tcg-SH-P-013,SHP,13,,ハリーセン [SH 013/053](ファミリーポケモンカードゲーム「ピカチュウV」),0,379595,https://cdn.snkrdunk.com/upload_bg_removed/pkmn-tcg-7331183-yu.webp,,,,ADD_CANDIDATE
pkmn-tcg-SH-P-018,SHP,18,,カマスジョー [SH 018/053](ファミリーポケモンカードゲーム「ピカチュウV」),0,379600,https://cdn.snkrdunk.com/upload_bg_removed/pkmn-tcg-7331188-yu.webp,,,,ADD_CANDIDATE
pkmn-tcg-SH-P-020,SHP,20,,コリンク [SH 020/053](ファミリーポケモンカードゲーム「ピカチュウV」),0,379602,https://cdn.snkrdunk.com/upload_bg_removed/pkmn-tcg-7331190-yu.webp,,,,ADD_CANDIDATE
pkmn-tcg-SH-P-043,SHP,43,,ポケモンいれかえ [SH 043/053](ファミリーポケモンカードゲーム「ピカチュウV」),0,379610,https://cdn.snkrdunk.com/upload_bg_removed/pkmn-tcg-7331198-yu.webp,,,,ADD_CANDIDATE
pkmn-tcg-SH-P-021,SHP,21,,ルクシオ [SH 021/053](ファミリーポケモンカードゲーム「ピカチュウV」),0,379603,https://cdn.snkrdunk.com/upload_bg_removed/pkmn-tcg-7331191-yu.webp,,,,ADD_CANDIDATE
pkmn-tcg-SH-P-016,SHP,16,,カジリガメ [SH 016/053](ファミリーポケモンカードゲーム「ピカチュウV」),0,379598,https://cdn.snkrdunk.com/upload_bg_removed/pkmn-tcg-7331186-yu.webp,,,,ADD_CANDIDATE
pkmn-tcg-SH-P-017,SHP,17,,サシカマス [SH 017/053](ファミリーポケモンカードゲーム「ピカチュウV」),0,379599,https://cdn.snkrdunk.com/upload_bg_removed/pkmn-tcg-7331187-yu.webp,,,,ADD_CANDIDATE
pkmn-tcg-SH-P-022,SHP,22,,レントラー [SH 022/053](ファミリーポケモンカードゲーム「ピカチュウV」),0,379604,https://cdn.snkrdunk.com/upload_bg_removed/pkmn-tcg-7331192-yu.webp,,,,ADD_CANDIDATE
pkmn-tcg-SH-P-042,SHP,42,,スーパーボール [SH 042/053](ファミリーポケモンカードゲーム「ピカチュウV」),0,379609,https://cdn.snkrdunk.com/upload_bg_removed/pkmn-tcg-7331197-yu.webp,,,,ADD_CANDIDATE
pkmn-tcg-SH-P-023,SHP,23,,ゼラオラ [SH 023/053](ファミリーポケモンカードゲーム「ピカチュウV」),0,379605,https://cdn.snkrdunk.com/upload_bg_removed/pkmn-tcg-7331193-yu.webp,,,,ADD_CANDIDATE
pkmn-tcg-SH-P-015,SHP,15,,カムカメ [SH 015/053](ファミリーポケモンカードゲーム「ピカチュウV」),0,379597,https://cdn.snkrdunk.com/upload_bg_removed/pkmn-tcg-7331185-yu.webp,,,,ADD_CANDIDATE
pkmn-tcg-SH-P-048,SHP,48,,ジャッジマン [SH 048/053](ファミリーポケモンカードゲーム「ピカチュウV」),0,379614,https://cdn.snkrdunk.com/upload_bg_removed/pkmn-tcg-7331202-yu.webp,,,,ADD_CANDIDATE
pkmn-tcg-SH-P-044,SHP,44,,ポケモンキャッチャー [SH 044/053](ファミリーポケモンカードゲーム「ピカチュウV」),0,379611,https://cdn.snkrdunk.com/upload_bg_removed/pkmn-tcg-7331199-yu.webp,,,,ADD_CANDIDATE
pkmn-tcg-SH-P-047,SHP,47,,サナ [SH 047/053](ファミリーポケモンカードゲーム「ピカチュウV」),0,379613,https://cdn.snkrdunk.com/upload_bg_removed/pkmn-tcg-7331201-yu.webp,,,,ADD_CANDIDATE
pkmn-tcg-SH-P-040,SHP,40,,きずぐすり [SH 040/053](ファミリーポケモンカードゲーム「ピカチュウV」),0,379608,https://cdn.snkrdunk.com/upload_bg_removed/pkmn-tcg-7331196-yu.webp,,,,ADD_CANDIDATE
pkmn-tcg-SH-P-045,SHP,45,,レベルボール [SH 045/053](ファミリーポケモンカードゲーム「ピカチュウV」),0,379612,https://cdn.snkrdunk.com/upload_bg_removed/pkmn-tcg-7331200-yu.webp,,,,ADD_CANDIDATE
pkmn-tcg-SH-P-051,SHP,51,,ボスの指令（サカキ） [SH 051/053](ファミリーポケモンカードゲーム「ピカチュウV」),0,379616,https://cdn.snkrdunk.com/upload_bg_removed/pkmn-tcg-7331204-yu.webp,,,,ADD_CANDIDATE
pkmn-tcg-SH-P-052,SHP,52,,ホップ [SH 052/053](ファミリーポケモンカードゲーム「ピカチュウV」),0,379617,https://cdn.snkrdunk.com/upload_bg_removed/pkmn-tcg-7331205-yu.webp,,,,ADD_CANDIDATE
pkmn-tcg-SH-P-053,SHP,53,,むしとりしょうねん [SH 053/053](ファミリーポケモンカードゲーム「ピカチュウV」),0,379618,https://cdn.snkrdunk.com/upload_bg_removed/pkmn-tcg-7331206-yu.webp,,,,ADD_CANDIDATE
pkmn-tcg-SH-P-050,SHP,50,,博士の研究（マグノリア博士） [SH 050/053](ファミリーポケモンカードゲーム「ピカチュウV」),0,379615,https://cdn.snkrdunk.com/upload_bg_removed/pkmn-tcg-7331203-yu.webp,,,,ADD_CANDIDATE
pkmn-tcg-SNP-P-003,SNPP,3,,ペラップ [SNP 003/010](進化パック「オンバーンBREAK」),0,390168,https://cdn.snkrdunk.com/upload_bg_removed/pkmn-tcg-7321976-yu.webp,,,,ADD_CANDIDATE
pkmn-tcg-SNP-P-001,SNPP,1,,オンバーン [SNP 001/010](進化パック「オンバーンBREAK」),0,390166,https://cdn.snkrdunk.com/upload_bg_removed/pkmn-tcg-7321974-yu.webp,,,,ADD_CANDIDATE
pkmn-tcg-SNP-P-007,SNPP,7,,リザーブチケット [SNP 007/010](進化パック「オンバーンBREAK」),0,390171,https://cdn.snkrdunk.com/upload_bg_removed/pkmn-tcg-7321980-yu.webp,,,,ADD_CANDIDATE
pkmn-tcg-SNP-P-010,SNPP,10,,フウロ [SNP 010/010](進化パック「オンバーンBREAK」),0,390173,https://cdn.snkrdunk.com/upload_bg_removed/pkmn-tcg-7321983-yu.webp,,,,ADD_CANDIDATE
pkmn-tcg-SNP-P-006,SNPP,6,,はかせのてがみ [SNP 006/010](進化パック「オンバーンBREAK」),0,390170,https://cdn.snkrdunk.com/upload_bg_removed/pkmn-tcg-7321979-yu.webp,,,,ADD_CANDIDATE
pkmn-tcg-SNP-P-009,SNPP,9,,ジャッジマン [SNP 009/010](進化パック「オンバーンBREAK」),0,390172,https://cdn.snkrdunk.com/upload_bg_removed/pkmn-tcg-7321982-yu.webp,,,,ADD_CANDIDATE
pkmn-tcg-SNP-P-002,SNPP,2,,オンバーンBREAK [SNP 002/010](進化パック「オンバーンBREAK」),0,390167,https://cdn.snkrdunk.com/upload_bg_removed/pkmn-tcg-7321975-yu.webp,,,,ADD_CANDIDATE
pkmn-tcg-SNP-P-004,SNPP,4,,オンバット [SNP 004/010](進化パック「オンバーンBREAK」),0,390169,https://cdn.snkrdunk.com/upload_bg_removed/pkmn-tcg-7321977-yu.webp,,,,ADD_CANDIDATE
pkmn-tcg-SM-P-002,SMP,2,,トゲデマル P [SM-P 002](サン&ムーン スペシャルセット「トゲデマル」),0,403323,https://cdn.snkrdunk.com/upload_bg_removed/pkmn-tcg-7325518-yu.webp,CRD_78E696D892A1480CB471,에몽가 EX,0.6939,ADD_CANDIDATE
pkmn-tcg-SM-P-004,SMP,4,,ヤングース P [SM-P 004](サン&ムーン スペシャルセット「ヤングース」),0,403324,https://cdn.snkrdunk.com/upload_bg_removed/pkmn-tcg-7325520-yu.webp,,,,ADD_CANDIDATE
pkmn-tcg-SM-P-010,SMP,10,,アローラニャース P [SM-P 010](プロモーションカード「コレクション サン コレクション ムーン マストバイキャンペーン」),0,403328,https://cdn.snkrdunk.com/upload_bg_removed/pkmn-tcg-7325526-yu.webp,,,,ADD_CANDIDATE
pkmn-tcg-SM-P-009,SMP,9,,ミミッキュ P [SM-P 009](サン&ムーン「トイザらス限定 GXスターターセット」),0,403327,https://cdn.snkrdunk.com/upload_bg_removed/pkmn-tcg-7325525-yu.webp,,,,ADD_CANDIDATE
pkmn-tcg-SM-P-006,SMP,6,,アマージョ P [SM-P 006](プロモーションカード「コレクション サン コレクション ムーン BOX購入キャンペーン」),0,403325,https://cdn.snkrdunk.com/upload_bg_removed/pkmn-tcg-7325522-yu.webp,,,,ADD_CANDIDATE
pkmn-tcg-SM-P-007,SMP,7,,クワガノン P [SM-P 007](プロモーションカード「コレクション サン コレクション ムーン BOX購入キャンペーン」),0,403326,https://cdn.snkrdunk.com/upload_bg_removed/pkmn-tcg-7325523-yu.webp,,,,ADD_CANDIDATE
pkmn-tcg-SM-P-012,SMP,12,,バクガメス P [SM-P 012](プロモーションカード「ハーフデッキ バクガメス」),0,403455,https://cdn.snkrdunk.com/upload_bg_removed/pkmn-tcg-7325528-yu.webp,CRD_3EF662F5F4B04A96BB1F,볼케니온 EX,0.7083,ADD_CANDIDATE
pkmn-tcg-SM-P-015,SMP,15,,ロトム図鑑 P [SM-P 015](プロモーションカード「月刊コロコロイチバン！ 2017年2月号付録」),0,403456,https://cdn.snkrdunk.com/upload_bg_removed/pkmn-tcg-7325531-yu.webp,,,,ADD_CANDIDATE
pkmn-tcg-SM-P-016,SMP,16,,ジジーロン P [SM-P 016](プロモーションカード「月刊コロコロイチバン！ 2017年6月号付録」),0,403457,https://cdn.snkrdunk.com/upload_bg_removed/pkmn-tcg-7325532-yu.webp,,,,ADD_CANDIDATE
pkmn-tcg-SM-P-022,SMP,22,,バクガメス P [SM-P 022](サン&ムーン スペシャルセット「トゲデマル」),0,403462,https://cdn.snkrdunk.com/upload_bg_removed/pkmn-tcg-7325538-yu.webp,CRD_3EF662F5F4B04A96BB1F,볼케니온 EX,0.7189,ADD_CANDIDATE
pkmn-tcg-SM-P-018,SMP,18,,ガオガエン P [SM-P 018](サン&ムーン スペシャルセット「ガオガエン」),0,403459,https://cdn.snkrdunk.com/upload_bg_removed/pkmn-tcg-7325534-yu.webp,,,,ADD_CANDIDATE
pkmn-tcg-SM-P-019,SMP,19,,アシレーヌ P [SM-P 019](サン&ムーン スペシャルセット「アシレーヌ」),0,403460,https://cdn.snkrdunk.com/upload_bg_removed/pkmn-tcg-7325535-yu.webp,,,,ADD_CANDIDATE
pkmn-tcg-SM-P-029,SMP,29,,ハギギシリ P [SM-P 029](プロモカードパック「第1弾」),0,403467,https://cdn.snkrdunk.com/upload_bg_removed/pkmn-tcg-7325545-yu.webp,,,,ADD_CANDIDATE
pkmn-tcg-SM-P-027,SMP,27,,ヤレユータン P [SM-P 027](サン&ムーン「ウェルカムフェスタ」),0,403465,https://cdn.snkrdunk.com/upload_bg_removed/pkmn-tcg-7325543-yu.webp,,,,ADD_CANDIDATE
pkmn-tcg-SM-P-017,SMP,17,,ジュナイパー P [SM-P 017](サン&ムーン スペシャルセット「ジュナイパー」),0,403458,https://cdn.snkrdunk.com/upload_bg_removed/pkmn-tcg-7325533-yu.webp,,,,ADD_CANDIDATE
pkmn-tcg-SM-P-031,SMP,31,,ナゲツケサル P [SM-P 031](プロモカードパック「第1弾」),0,403469,https://cdn.snkrdunk.com/upload_bg_removed/pkmn-tcg-7325547-yu.webp,,,,ADD_CANDIDATE
pkmn-tcg-SM-P-021,SMP,21,,イワンコ P [SM-P 021](サン&ムーン スペシャルセット「イワンコ」),0,403461,https://cdn.snkrdunk.com/upload_bg_removed/pkmn-tcg-7325537-yu.webp,,,,ADD_CANDIDATE
pkmn-tcg-SM-P-033,SMP,33,,ジャラコ P [SM-P 033](プロモカードパック「第1弾」),0,403471,https://cdn.snkrdunk.com/upload_bg_removed/pkmn-tcg-7325549-yu.webp,,,,ADD_CANDIDATE
pkmn-tcg-SM-P-028,SMP,28,,ジュナイパー P [SM-P 028](プロモカードパック「第1弾」),0,403466,https://cdn.snkrdunk.com/upload_bg_removed/pkmn-tcg-7325544-yu.webp,,,,ADD_CANDIDATE
pkmn-tcg-SM-P-032,SMP,32,,アローラニャース P [SM-P 032](プロモカードパック「第1弾」),0,403470,https://cdn.snkrdunk.com/upload_bg_removed/pkmn-tcg-7325548-yu.webp,,,,ADD_CANDIDATE
pkmn-tcg-SM-P-036,SMP,36,,スイレン P [SM-P 036](プロモカードパック「第1弾」),0,403474,https://cdn.snkrdunk.com/upload_bg_removed/pkmn-tcg-7325552-yu.webp,,,,ADD_CANDIDATE
pkmn-tcg-SM-P-034,SMP,34,,ヌイコグマ P [SM-P 034](プロモカードパック「第1弾」),0,403472,https://cdn.snkrdunk.com/upload_bg_removed/pkmn-tcg-7325550-yu.webp,,,,ADD_CANDIDATE
pkmn-tcg-SM-P-030,SMP,30,,コスモッグ P [SM-P 030](プロモカードパック「第1弾」),0,403468,https://cdn.snkrdunk.com/upload_bg_removed/pkmn-tcg-7325546-yu.webp,,,,ADD_CANDIDATE
pkmn-tcg-SM-P-040,SMP,40,,こだわりハチマキ P [SM-P 040](プロモーションカード「チャンピオンズリーグ2017 大阪 プレイポイント」),0,403509,https://cdn.snkrdunk.com/upload_bg_removed/pkmn-tcg-7325556-yu.webp,,,,ADD_CANDIDATE
pkmn-tcg-SM-P-042,SMP,42,,ダダリン P [SM-P 042](プロモーションカード「キミを待つ島々 アローラの月光 BOX購入キャンペーン」),0,403511,https://cdn.snkrdunk.com/upload_bg_removed/pkmn-tcg-7325558-yu.webp,,,,ADD_CANDIDATE
pkmn-tcg-SM-P-041,SMP,41,,グソクムシャ P [SM-P 041](プロモーションカード「キミを待つ島々 アローラの月光 BOX購入キャンペーン」),0,403510,https://cdn.snkrdunk.com/upload_bg_removed/pkmn-tcg-7325557-yu.webp,,,,ADD_CANDIDATE
pkmn-tcg-SM-P-043,SMP,43,,ネッコアラ P [SM-P 043](サン&ムーン スペシャルセット「ネッコアラ」),0,403512,https://cdn.snkrdunk.com/upload_bg_removed/pkmn-tcg-7325559-yu.webp,,,,ADD_CANDIDATE
pkmn-tcg-SM-P-046,SMP,46,,ヤトウモリ P [SM-P 046](プロモーションカード「5パックでGET！キャンペーン」),0,403515,https://cdn.snkrdunk.com/upload_bg_removed/pkmn-tcg-7325562-yu.webp,CRD_4D37677B8AA341108958,제르네아스 EX,0.7119,ADD_CANDIDATE
pkmn-tcg-SM-P-047,SMP,47,,カプ・コケコ P [SM-P 047](プロモーションカード「5パックでGET！キャンペーン」),0,403516,https://cdn.snkrdunk.com/upload_bg_removed/pkmn-tcg-7325563-yu.webp,,,,ADD_CANDIDATE
pkmn-tcg-SM-P-058,SMP,58,,キテルグマ P [SM-P 058](プロモーションカード「ピカピカ春祭りキャンペーン」),0,403550,https://cdn.snkrdunk.com/upload_bg_removed/pkmn-tcg-7325574-yu.webp,,,,ADD_CANDIDATE
pkmn-tcg-SM-P-056,SMP,56,,ヒドイデ P [SM-P 056](プロモーションカード「ピカピカ春祭りキャンペーン」),0,403548,https://cdn.snkrdunk.com/upload_bg_removed/pkmn-tcg-7325572-yu.webp,,,,ADD_CANDIDATE
pkmn-tcg-SM-P-057,SMP,57,,ナゲツケサル P [SM-P 057](プロモーションカード「ピカピカ春祭りキャンペーン」),0,403549,https://cdn.snkrdunk.com/upload_bg_removed/pkmn-tcg-7325573-yu.webp,,,,ADD_CANDIDATE
pkmn-tcg-SM-P-063,SMP,63,,ニャビー P [SM-P 063](プロモーションカード「ポケモンカードフェスタ チャンピオンズリーグ2017 プレイポイント」),0,403552,https://cdn.snkrdunk.com/upload_bg_removed/pkmn-tcg-7325579-yu.webp,,,,ADD_CANDIDATE
pkmn-tcg-SM-P-062,SMP,62,,モクロー P [SM-P 062](プロモーションカード「ポケモンカードフェスタ チャンピオンズリーグ2017 プレイポイント」),0,403551,https://cdn.snkrdunk.com/upload_bg_removed/pkmn-tcg-7325578-yu.webp,,,,ADD_CANDIDATE
pkmn-tcg-SM-P-054,SMP,54,,バクガメス P [SM-P 054](プロモーションカード「ピカピカ春祭りキャンペーン」),0,403547,https://cdn.snkrdunk.com/upload_bg_removed/pkmn-tcg-7325570-yu.webp,CRD_3EF662F5F4B04A96BB1F,볼케니온 EX,0.7434,ADD_CANDIDATE
pkmn-tcg-SM-P-064,SMP,64,,アシマリ P [SM-P 064](プロモーションカード「ポケモンカードフェスタ チャンピオンズリーグ2017 プレイポイント」),0,403553,https://cdn.snkrdunk.com/upload_bg_removed/pkmn-tcg-7325580-yu.webp,,,,ADD_CANDIDATE
pkmn-tcg-SM-P-070,SMP,70,,ポリゴンZ P [SM-P 070](プロモーションカード「闘う虹を見たか 光を喰らう闇 BOX購入キャンペーン」),0,403556,https://cdn.snkrdunk.com/upload_bg_removed/pkmn-tcg-7325586-yu.webp,,,,ADD_CANDIDATE
pkmn-tcg-SM-P-049,SMP,49,,モクロー P [SM-P 049](プロモーションカード「読売KODOMO新聞新規購読」),0,403543,https://cdn.snkrdunk.com/upload_bg_removed/pkmn-tcg-7325565-yu.webp,,,,ADD_CANDIDATE
pkmn-tcg-SM-P-050,SMP,50,,ニャビー P [SM-P 050](プロモーションカード「読売KODOMO新聞新規購読」),0,403544,https://cdn.snkrdunk.com/upload_bg_removed/pkmn-tcg-7325566-yu.webp,,,,ADD_CANDIDATE
pkmn-tcg-SM-P-078,SMP,78,,ヒドイデ P [SM-P 078](プロモーションカード「ローソンブルーキャンペーン」),0,403593,https://cdn.snkrdunk.com/upload_bg_removed/20240930091955-1.webp,,,,ADD_CANDIDATE
pkmn-tcg-SM-P-051,SMP,51,,アシマリ P [SM-P 051](プロモーションカード「読売KODOMO新聞新規購読」),0,403545,https://cdn.snkrdunk.com/upload_bg_removed/pkmn-tcg-7325567-yu.webp,,,,ADD_CANDIDATE
pkmn-tcg-SM-P-079,SMP,79,,基本水エネルギー P [SM-P 079](プロモーションカード「ローソンブルーキャンペーン」),0,403594,https://cdn.snkrdunk.com/upload_bg_removed/20240930091955-2.webp,,,,ADD_CANDIDATE
pkmn-tcg-SM-P-093,SMP,93,,ポケモンキャッチャー P [SM-P 093](プロモーションカード「公認自主イベント トレーナーズパック 2017」),0,403600,https://cdn.snkrdunk.com/upload_bg_removed/pkmn-tcg-7325609-yu.webp,CRD_29E34E5A35CC4FFAB36C,후파 EX,0.6256,ADD_CANDIDATE
pkmn-tcg-SM-P-092,SMP,92,,ポケモンいれかえ P [SM-P 092](プロモーションカード「公認自主イベント トレーナーズパック 2017」),0,403599,https://cdn.snkrdunk.com/upload_bg_removed/pkmn-tcg-7325608-yu.webp,,,,ADD_CANDIDATE
pkmn-tcg-SM-P-094,SMP,94,,どくバリ P [SM-P 094](プロモーションカード「公認自主イベント トレーナーズパック 2017」),0,403601,https://cdn.snkrdunk.com/upload_bg_removed/pkmn-tcg-7325610-yu.webp,,,,ADD_CANDIDATE
pkmn-tcg-SM-P-082,SMP,82,,ハラ P [SM-P 082](プロモーションカード「チャンピオンズリーグ2017 3on3バトル チーム勝利賞」),0,403595,https://cdn.snkrdunk.com/upload_bg_removed/20240930091955-3.webp,,,,ADD_CANDIDATE
pkmn-tcg-SM-P-087,SMP,87,,キテルグマ P [SM-P 087](プロモーションカード「月刊コロコロイチバン！ 2017年7月号付録」),0,403597,https://cdn.snkrdunk.com/upload_bg_removed/20240930091956-5.webp,,,,ADD_CANDIDATE
pkmn-tcg-SM-P-099,SMP,99,,タマタマ P [SM-P 099](プロモカードパック「第2弾」),0,403606,https://cdn.snkrdunk.com/upload_bg_removed/pkmn-tcg-7325615-yu.webp,,,,ADD_CANDIDATE
pkmn-tcg-SM-P-097,SMP,97,,ハウ P [SM-P 097](プロモーションカード「公認自主イベント トレーナーズパック 2017」),0,403604,https://cdn.snkrdunk.com/upload_bg_removed/pkmn-tcg-7325613-yu.webp,,,,ADD_CANDIDATE
pkmn-tcg-SM-P-101,SMP,101,,ラティアス P [SM-P 101](プロモカードパック「第2弾」),0,403608,https://cdn.snkrdunk.com/upload_bg_removed/pkmn-tcg-7325617-yu.webp,,,,ADD_CANDIDATE
pkmn-tcg-SM-P-106,SMP,106,,キルリア P [SM-P 106](プロモカードパック「第2弾」),0,403613,https://cdn.snkrdunk.com/upload_bg_removed/pkmn-tcg-7325622-yu.webp,,,,ADD_CANDIDATE
pkmn-tcg-SM-P-105,SMP,105,,ゾロア P [SM-P 105](プロモカードパック「第2弾」),0,403612,https://cdn.snkrdunk.com/upload_bg_removed/pkmn-tcg-7325621-yu.webp,,,,ADD_CANDIDATE
pkmn-tcg-SM-P-098,SMP,98,,レインボーエネルギー P [SM-P 098](プロモーションカード「公認自主イベント トレーナーズパック 2017」),0,403605,https://cdn.snkrdunk.com/upload_bg_removed/pkmn-tcg-7325614-yu.webp,,,,ADD_CANDIDATE
pkmn-tcg-SM-P-103,SMP,103,,ルガルガン P [SM-P 103](プロモカードパック「第2弾」),0,403610,https://cdn.snkrdunk.com/upload_bg_removed/pkmn-tcg-7325619-yu.webp,,,,ADD_CANDIDATE
pkmn-tcg-SM-P-102,SMP,102,,ケケンカニ P [SM-P 102](プロモカードパック「第2弾」),0,403609,https://cdn.snkrdunk.com/upload_bg_removed/pkmn-tcg-7325618-yu.webp,,,,ADD_CANDIDATE
pkmn-tcg-SM-P-077,SMP,77,,アローラサンド P [SM-P 077](プロモーションカード「ローソンブルーキャンペーン」),0,403592,https://cdn.snkrdunk.com/upload_bg_removed/20240930091955-0.webp,,,,ADD_CANDIDATE
pkmn-tcg-SM-P-090,SMP,90,,おおきいマラサダ P [SM-P 090](プロモーションカード「公認自主イベント トレーナーズパック 2017」),0,403598,https://cdn.snkrdunk.com/upload_bg_removed/20240930091956-6.webp,,,,ADD_CANDIDATE
pkmn-tcg-SM-P-096,SMP,96,,ククイ博士 P [SM-P 096](プロモーションカード「公認自主イベント トレーナーズパック 2017」),0,403603,https://cdn.snkrdunk.com/upload_bg_removed/pkmn-tcg-7325612-yu.webp,,,,ADD_CANDIDATE
pkmn-tcg-SM-P-095,SMP,95,,イリマ P [SM-P 095](プロモーションカード「公認自主イベント トレーナーズパック 2017」),0,403602,https://cdn.snkrdunk.com/upload_bg_removed/pkmn-tcg-7325611-yu.webp,,,,ADD_CANDIDATE
pkmn-tcg-SM-P-107,SMP,107,,やまおとこ P [SM-P 107](プロモカードパック「第2弾」),0,403614,https://cdn.snkrdunk.com/upload_bg_removed/pkmn-tcg-7325623-yu.webp,,,,ADD_CANDIDATE
pkmn-tcg-SM-P-111,SMP,111,,バタフリー P [SM-P 111](プロモーションカード「真夏のピカピカアローラ祭」),0,403679,https://cdn.snkrdunk.com/upload_bg_removed/pkmn-tcg-7325627-yu.webp,,,,ADD_CANDIDATE
pkmn-tcg-SM-P-115,SMP,115,,ルガルガン P [SM-P 115](プロモーションカード「真夏のピカピカアローラ祭」),0,403682,https://cdn.snkrdunk.com/upload_bg_removed/pkmn-tcg-7325631-yu.webp,,,,ADD_CANDIDATE
pkmn-tcg-SM-P-109,SMP,109,,カプ・コケコ P [SM-P 109](プロモーションカード「ポケモンカードジム 夏フェス2017」),0,403677,https://cdn.snkrdunk.com/upload_bg_removed/pkmn-tcg-7325625-yu.webp,,,,ADD_CANDIDATE
pkmn-tcg-SM-P-112,SMP,112,,ヒトカゲ P [SM-P 112](プロモーションカード「真夏のピカピカアローラ祭」),0,403680,https://cdn.snkrdunk.com/upload_bg_removed/pkmn-tcg-7325628-yu.webp,CRD_798B992F69334701BDF2,단단지 GX,0.6211,ADD_CANDIDATE
pkmn-tcg-SM-P-120,SMP,120,,タイプ：ヌル P [SM-P 120](プロモーションカード「煌めきのシルヴァディGX GETキャンペーン」),0,403687,https://cdn.snkrdunk.com/upload_bg_removed/pkmn-tcg-7325636-yu.webp,,,,ADD_CANDIDATE
pkmn-tcg-SM-P-113,SMP,113,,ガオガエン P [SM-P 113](プロモーションカード「真夏のピカピカアローラ祭」),0,403681,https://cdn.snkrdunk.com/upload_bg_removed/pkmn-tcg-7325629-yu.webp,,,,ADD_CANDIDATE
pkmn-tcg-SM-P-119,SMP,119,,ニューラ P [SM-P 119](プロモーションカード「煌めきのシルヴァディGX GETキャンペーン」),0,403686,https://cdn.snkrdunk.com/upload_bg_removed/pkmn-tcg-7325635-yu.webp,,,,ADD_CANDIDATE
pkmn-tcg-SM-P-116,SMP,116,,マーシャドーGX P [SM-P 116](プロモーションカード「真夏のピカピカアローラ祭」),0,403683,https://cdn.snkrdunk.com/upload_bg_removed/pkmn-tcg-7325632-yu.webp,,,,ADD_CANDIDATE
pkmn-tcg-SM-P-121,SMP,121,,シルヴァディ P [SM-P 121](プロモーションカード「煌めきのシルヴァディGX GETキャンペーン」),0,403688,https://cdn.snkrdunk.com/upload_bg_removed/pkmn-tcg-7325637-yu.webp,,,,ADD_CANDIDATE
pkmn-tcg-SM-P-110,SMP,110,,トゲデマル P [SM-P 110](プロモーションカード「セブンイレブン ポケモンフェア マストバイキャンペーン」),0,403678,https://cdn.snkrdunk.com/upload_bg_removed/pkmn-tcg-7325626-yu.webp,,,,ADD_CANDIDATE
pkmn-tcg-SM-P-117,SMP,117,,レジギガス P [SM-P 117](プロモーションカード「覚醒の勇者 超次元の暴獣 BOX購入キャンペーン」),0,403684,https://cdn.snkrdunk.com/upload_bg_removed/pkmn-tcg-7325633-yu.webp,,,,ADD_CANDIDATE
pkmn-tcg-SM-P-129,SMP,129,,基本炎エネルギー P [SM-P 129](プロモーションカード「チャンピオンズリーグ2018 横浜 プレイポイント」),0,404033,https://cdn.snkrdunk.com/upload_bg_removed/pkmn-tcg-129-yu.webp,CRD_6E0B4C84AEBB48D9ACE6,붐볼,0.6225,ADD_CANDIDATE
pkmn-tcg-SM-P-134,SMP,134,,基本悪エネルギー P [SM-P 134](プロモーションカード「チャンピオンズリーグ2018 横浜 プレイポイント」),0,404038,https://cdn.snkrdunk.com/upload_bg_removed/pkmn-tcg-134-yu.webp,,,,ADD_CANDIDATE
pkmn-tcg-SM-P-133,SMP,133,,基本闘エネルギー P [SM-P 133](プロモーションカード「チャンピオンズリーグ2018 横浜 プレイポイント」),0,404037,https://cdn.snkrdunk.com/upload_bg_removed/pkmn-tcg-133-yu.webp,,,,ADD_CANDIDATE
pkmn-tcg-SM-P-128,SMP,128,,基本草エネルギー P [SM-P 128](プロモーションカード「チャンピオンズリーグ2018 横浜 プレイポイント」),0,404032,https://cdn.snkrdunk.com/upload_bg_removed/pkmn-tcg-128-yu.webp,,,,ADD_CANDIDATE
pkmn-tcg-SM-P-145,SMP,145,,ダストダス P [SM-P 145](ハイクラスパック「GXバトルブースト 1ボックス(10パック)購入特典」),0,404041,https://cdn.snkrdunk.com/upload_bg_removed/pkmn-tcg-7325661-yu.webp,,,,ADD_CANDIDATE
pkmn-tcg-SM-P-127,SMP,127,,カプ・コケコ P [SM-P 127](プロモーションカード「チャンピオンズリーグ2018 横浜 参加賞」),0,404031,https://cdn.snkrdunk.com/upload_bg_removed/pkmn-tcg-127-yu.webp,,,,ADD_CANDIDATE
pkmn-tcg-SM-P-132,SMP,132,,基本超エネルギー P [SM-P 132](プロモーションカード「チャンピオンズリーグ2018 横浜 プレイポイント」),0,404036,https://cdn.snkrdunk.com/upload_bg_removed/pkmn-tcg-132-yu.webp,,,,ADD_CANDIDATE
pkmn-tcg-SM-P-152,SMP,152,,カプ・テテフ P [SM-P 152](プロモーションカード「スターターセット伝説 トイザらス限定 GX対戦スタータースペシャルセット」),0,404046,https://cdn.snkrdunk.com/upload_bg_removed/pkmn-tcg-7324394-yu.webp,,,,ADD_CANDIDATE
pkmn-tcg-SM-P-146,SMP,146,,ロコン P [SM-P 146](スペシャルBOX「Rokon’s Crystal Season」),0,404042,https://cdn.snkrdunk.com/upload_bg_removed/pkmn-tcg-7325662-yu.webp,,,,ADD_CANDIDATE
pkmn-tcg-SM-P-149,SMP,149,,ロトム図鑑 P [SM-P 149](プロモーションカード「ポケモンカードゲーム学園祭 2017 参加賞」),0,404043,https://cdn.snkrdunk.com/upload_bg_removed/pkmn-tcg-7325665-yu.webp,,,,ADD_CANDIDATE
pkmn-tcg-SM-P-135,SMP,135,,基本鋼エネルギー P [SM-P 135](プロモーションカード「チャンピオンズリーグ2018 横浜 プレイポイント」),0,404039,https://cdn.snkrdunk.com/upload_bg_removed/pkmn-tcg-135-yu.webp,,,,ADD_CANDIDATE
pkmn-tcg-SM-P-159,SMP,159,,リオル P [SM-P 159](プロモカードパック「第3弾」),0,404053,https://cdn.snkrdunk.com/upload_bg_removed/pkmn-tcg-7325671-yu.webp,CRD_5AA4F2695B3D4CB48B68,루카리오,0.684,ADD_CANDIDATE
pkmn-tcg-SM-P-136,SMP,136,,基本フェアリーエネルギー P [SM-P 136](プロモーションカード「チャンピオンズリーグ2018 横浜 プレイポイント」),0,404040,https://cdn.snkrdunk.com/upload_bg_removed/pkmn-tcg-136-yu.webp,CRD_6E0B4C84AEBB48D9ACE6,붐볼,0.6233,ADD_CANDIDATE
pkmn-tcg-SM-P-161,SMP,161,,アローララッタGX P [SM-P 161](プロモカードパック「第3弾」),0,404055,https://cdn.snkrdunk.com/upload_bg_removed/pkmn-tcg-7325673-yu.webp,,,,ADD_CANDIDATE
pkmn-tcg-SM-P-131,SMP,131,,基本雷エネルギー P [SM-P 131](プロモーションカード「チャンピオンズリーグ2018 横浜 プレイポイント」),0,404035,https://cdn.snkrdunk.com/upload_bg_removed/pkmn-tcg-131-yu.webp,,,,ADD_CANDIDATE
pkmn-tcg-SM-P-155,SMP,155,,マーシャドー P [SM-P 155](プロモーションカード「チャンピオンズリーグ2018 公認大会1st」),0,404049,https://cdn.snkrdunk.com/upload_bg_removed/pkmn-tcg-7325667-yu.webp,,,,ADD_CANDIDATE
pkmn-tcg-SM-P-154,SMP,154,,カプ・コケコ P [SM-P 154](プロモーションカード「チャンピオンズリーグ2018 公認大会1st ウェルカムキット」),0,404048,https://cdn.snkrdunk.com/upload_bg_removed/pkmn-tcg-7325666-yu.webp,,,,ADD_CANDIDATE
pkmn-tcg-SM-P-158,SMP,158,,ルクシオ P [SM-P 158](プロモカードパック「第3弾」),0,404052,https://cdn.snkrdunk.com/upload_bg_removed/pkmn-tcg-7325670-yu.webp,,,,ADD_CANDIDATE
pkmn-tcg-SM-P-166,SMP,166,,クレセリア P [SM-P 166](プロモーションカード「ポケモンカードジム限定 ウルトラムーンBOX購入特典プロモカード」),0,404060,https://cdn.snkrdunk.com/upload_bg_removed/pkmn-tcg-7325512-yu.webp,CRD_C56596E4D16D42879763,크레세리아 EX,0.6469,ADD_CANDIDATE
pkmn-tcg-SM-P-153,SMP,153,,カプ・レヒレ P [SM-P 153](プロモーションカード「スターターセット伝説 トイザらス限定 GX対戦スタータースペシャルセット」),0,404047,https://cdn.snkrdunk.com/upload_bg_removed/pkmn-tcg-7324395-yu.webp,,,,ADD_CANDIDATE
pkmn-tcg-SM-P-164,SMP,164,,ウルトラボール P [SM-P 164](プロモカードパック「第3弾」),0,404058,https://cdn.snkrdunk.com/upload_bg_removed/pkmn-tcg-7325676-yu.webp,,,,ADD_CANDIDATE
pkmn-tcg-SM-P-151,SMP,151,,ルガルガン P [SM-P 151](プロモーションカード「スターターセット伝説 プレミアムエディション」),0,404045,https://cdn.snkrdunk.com/upload_bg_removed/pkmn-tcg-7324393-yu.webp,CRD_6E30EACB936041E98A01,조로아크 BREAK,0.6236,ADD_CANDIDATE
pkmn-tcg-SM-P-160,SMP,160,,アローラコラッタ P [SM-P 160](プロモカードパック「第3弾」),0,404054,https://cdn.snkrdunk.com/upload_bg_removed/pkmn-tcg-7325672-yu.webp,,,,ADD_CANDIDATE
pkmn-tcg-SM-P-130,SMP,130,,基本水エネルギー P [SM-P 130](プロモーションカード「チャンピオンズリーグ2018 横浜 プレイポイント」),0,404034,https://cdn.snkrdunk.com/upload_bg_removed/pkmn-tcg-130-yu.webp,CRD_3E7EFB8B95774E57AD88,찌리배리 ex,0.6603,ADD_CANDIDATE
pkmn-tcg-SM-P-165,SMP,165,,マニューラ P [SM-P 165](プロモーションカード「ポケモンカードジム限定 ウルトラサンBOX購入特典プロモカード」),0,404059,https://cdn.snkrdunk.com/upload_bg_removed/pkmn-tcg-7325511-yu.webp,,,,ADD_CANDIDATE
pkmn-tcg-SM-P-167,SMP,167,,ヒードラン P [SM-P 167](プロモーションカード「月刊コロコロイチバン！ 2018年2月号付録」),0,404061,https://cdn.snkrdunk.com/upload_bg_removed/pkmn-tcg-7325677-yu.webp,,,,ADD_CANDIDATE
pkmn-tcg-SM-P-163,SMP,163,,アローラディグダ P [SM-P 163](プロモカードパック「第3弾」),0,404057,https://cdn.snkrdunk.com/upload_bg_removed/pkmn-tcg-7325675-yu.webp,,,,ADD_CANDIDATE
pkmn-tcg-SM-P-169,SMP,169,,モクロー P [SM-P 169](プロモーションカード「ウルトラサン ウルトラムーン ファミリーマート・サークルＫ・サンクス限定」),0,404232,https://cdn.snkrdunk.com/upload_bg_removed/pkmn-tcg-7325679-yu.webp,,,,ADD_CANDIDATE
pkmn-tcg-SM-P-183,SMP,183,,基本炎エネルギー P [SM-P 183](プロモーションカード「ポケモンカードゲーム教室」),0,404242,https://cdn.snkrdunk.com/upload_bg_removed/pkmn-tcg-7325692-yu.webp,,,,ADD_CANDIDATE
pkmn-tcg-SM-P-189,SMP,189,,基本鋼エネルギー P [SM-P 189](プロモーションカード「ポケモンカードゲーム教室」),0,404248,https://cdn.snkrdunk.com/upload_bg_removed/pkmn-tcg-7325698-yu.webp,,,,ADD_CANDIDATE
pkmn-tcg-SM-P-180,SMP,180,,グズマ P [SM-P 180](プロモーションカード「ポケモンカードジム Winter Battle 1位」),0,404239,https://cdn.snkrdunk.com/upload_bg_removed/20241001045405-0.webp,,,,ADD_CANDIDATE
pkmn-tcg-SM-P-170,SMP,170,,基本草エネルギー P [SM-P 170](プロモーションカード「ウルトラサン ウルトラムーン ファミリーマート・サークルＫ・サンクス限定」),0,404233,https://cdn.snkrdunk.com/upload_bg_removed/pkmn-tcg-7325680-yu.webp,,,,ADD_CANDIDATE
pkmn-tcg-SM-P-185,SMP,185,,基本雷エネルギー P [SM-P 185](プロモーションカード「ポケモンカードゲーム教室」),0,404244,https://cdn.snkrdunk.com/upload_bg_removed/pkmn-tcg-7325694-yu.webp,,,,ADD_CANDIDATE
pkmn-tcg-SM-P-182,SMP,182,,基本草エネルギー P [SM-P 182](プロモーションカード「ポケモンカードゲーム教室」),0,404241,https://cdn.snkrdunk.com/upload_bg_removed/pkmn-tcg-7325691-yu.webp,,,,ADD_CANDIDATE
pkmn-tcg-SM-P-184,SMP,184,,基本水エネルギー P [SM-P 184](プロモーションカード「ポケモンカードゲーム教室」),0,404243,https://cdn.snkrdunk.com/upload_bg_removed/pkmn-tcg-7325693-yu.webp,,,,ADD_CANDIDATE
pkmn-tcg-SM-P-173,SMP,173,,基本炎エネルギー P [SM-P 173](プロモーションカード「ウルトラサン ウルトラムーン セブンイレブン限定」),0,404235,https://cdn.snkrdunk.com/upload_bg_removed/pkmn-tcg-7325683-yu.webp,,,,ADD_CANDIDATE
pkmn-tcg-SM-P-175,SMP,175,,アシマリ P [SM-P 175](プロモーションカード「ウルトラサン ウルトラムーン ローソン限定」),0,404236,https://cdn.snkrdunk.com/upload_bg_removed/pkmn-tcg-7325685-yu.webp,,,,ADD_CANDIDATE
pkmn-tcg-SM-P-172,SMP,172,,ニャビー P [SM-P 172](プロモーションカード「ウルトラサン ウルトラムーン セブンイレブン限定」),0,404234,https://cdn.snkrdunk.com/upload_bg_removed/pkmn-tcg-7325682-yu.webp,,,,ADD_CANDIDATE
pkmn-tcg-SM-P-176,SMP,176,,基本水エネルギー P [SM-P 176](プロモーションカード「ウルトラサン ウルトラムーン ローソン限定」),0,404237,https://cdn.snkrdunk.com/upload_bg_removed/pkmn-tcg-7325686-yu.webp,,,,ADD_CANDIDATE
pkmn-tcg-SM-P-181,SMP,181,,デンジュモク P [SM-P 181](プロモーションカード「ポケモンカードジム限定 ウルトラフォースBOX購入特典プロモカード」),0,404240,https://cdn.snkrdunk.com/upload_bg_removed/pkmn-tcg-7325513-yu.webp,,,,ADD_CANDIDATE
pkmn-tcg-SM-P-186,SMP,186,,基本超エネルギー P [SM-P 186](プロモーションカード「ポケモンカードゲーム教室」),0,404245,https://cdn.snkrdunk.com/upload_bg_removed/pkmn-tcg-7325695-yu.webp,,,,ADD_CANDIDATE
pkmn-tcg-SM-P-187,SMP,187,,基本闘エネルギー P [SM-P 187](プロモーションカード「ポケモンカードゲーム教室」),0,404246,https://cdn.snkrdunk.com/upload_bg_removed/pkmn-tcg-7325696-yu.webp,,,,ADD_CANDIDATE
pkmn-tcg-SM-P-190,SMP,190,,基本フェアリーエネルギー P [SM-P 190](プロモーションカード「ポケモンカードゲーム教室」),0,404249,https://cdn.snkrdunk.com/upload_bg_removed/20241001045547-0.webp,,,,ADD_CANDIDATE
pkmn-tcg-SM-P-203,SMP,203,,ベベノム P [SM-P 203](プロモーションカード「輝くウルトラビーストキャンペーン」),0,404447,https://cdn.snkrdunk.com/upload_bg_removed/pkmn-tcg-7325712-yu.webp,CRD_298C0EBA7D414B2DB409,삼삼드래 EX,0.6305,ADD_CANDIDATE
pkmn-tcg-SM-P-206,SMP,206,,アローラロコン P [SM-P 206](プロモーションカード「輝くウルトラビーストキャンペーン」),0,404450,https://cdn.snkrdunk.com/upload_bg_removed/pkmn-tcg-7325715-yu.webp,CRD_124BBBE760F0468C96D7,파비코리,0.6263,ADD_CANDIDATE
pkmn-tcg-SM-P-205,SMP,205,,ニャヒート P [SM-P 205](プロモーションカード「輝くウルトラビーストキャンペーン」),0,404449,https://cdn.snkrdunk.com/upload_bg_removed/pkmn-tcg-7325714-yu.webp,CRD_D340A905D2D643CC9360,M독침붕 EX,0.6333,ADD_CANDIDATE
pkmn-tcg-SM-P-213,SMP,213,,ウォッシュロトム P [SM-P 213](プロモカードパック「第4弾」),0,404452,https://cdn.snkrdunk.com/upload_bg_removed/pkmn-tcg-7325722-yu.webp,,,,ADD_CANDIDATE
pkmn-tcg-SM-P-212,SMP,212,,メレシー P [SM-P 212](プロモーションカード「月刊コロコロイチバン！ 2018年5月号付録」),0,404451,https://cdn.snkrdunk.com/upload_bg_removed/pkmn-tcg-7325721-yu.webp,,,,ADD_CANDIDATE
pkmn-tcg-SM-P-201,SMP,201,,アローラナッシー P [SM-P 201](プロモーションカード「ポケモンカードジム 禁断の光 BOX購入キャンペーン」),0,404445,https://cdn.snkrdunk.com/upload_bg_removed/pkmn-tcg-7325710-yu.webp,,,,ADD_CANDIDATE
pkmn-tcg-SM-P-222,SMP,222,,チルタリス P [SM-P 222](プロモカードパック「ポケモンカードジム デッキビルドバトル」),0,404460,https://cdn.snkrdunk.com/upload_bg_removed/pkmn-tcg-7325732-yu.webp,,,,ADD_CANDIDATE
pkmn-tcg-SM-P-226,SMP,226,,ザングース P [SM-P 226](プロモーションカード「月刊コロコロイチバン！ 2018年8月号付録」),0,404462,https://cdn.snkrdunk.com/upload_bg_removed/pkmn-tcg-7325735-yu.webp,,,,ADD_CANDIDATE
pkmn-tcg-SM-P-232,SMP,232,,デオキシス P [SM-P 232](プロモカードパック「第5弾」),0,404468,https://cdn.snkrdunk.com/upload_bg_removed/pkmn-tcg-7325740-yu.webp,,,,ADD_CANDIDATE
pkmn-tcg-SM-P-221,SMP,221,,ルガルガン P [SM-P 221](プロモカードパック「チャンピオンズリーグ2018 名古屋 参加賞」),0,404459,https://cdn.snkrdunk.com/upload_bg_removed/pkmn-tcg-7325730-yu.webp,CRD_0BDAE7D89E874FAF958A,레시라무 EX,0.6223,ADD_CANDIDATE
pkmn-tcg-SM-P-229,SMP,229,,コノハナ P [SM-P 229](プロモカードパック「第5弾」),0,404465,https://cdn.snkrdunk.com/upload_bg_removed/pkmn-tcg-7325737-yu.webp,,,,ADD_CANDIDATE
pkmn-tcg-SM-P-233,SMP,233,,ヒードラン P [SM-P 233](プロモカードパック「第5弾」),0,404469,https://cdn.snkrdunk.com/upload_bg_removed/pkmn-tcg-7325741-yu.webp,,,,ADD_CANDIDATE
pkmn-tcg-SM-P-217,SMP,217,,アローラサンドパン P [SM-P 217](プロモカードパック「第4弾」),0,404456,https://cdn.snkrdunk.com/upload_bg_removed/pkmn-tcg-7325726-yu.webp,CRD_6D19A5161A05C8F43E56,메가제라오라 ex,0.6226,ADD_CANDIDATE
pkmn-tcg-SM-P-230,SMP,230,,ホエルコ P [SM-P 230](プロモカードパック「第5弾」),0,404466,https://cdn.snkrdunk.com/upload_bg_removed/pkmn-tcg-7325738-yu.webp,CRD_1D2EAA1FB1D44C0781F7,고래왕 EX,0.7746,ADD_CANDIDATE
pkmn-tcg-SM-P-219,SMP,219,,エーテル財団職員 P [SM-P 219](プロモカードパック「第4弾」),0,404458,https://cdn.snkrdunk.com/upload_bg_removed/pkmn-tcg-7325728-yu.webp,,,,ADD_CANDIDATE
pkmn-tcg-SM-P-235,SMP,235,,リターンラベル P [SM-P 235](プロモカードパック「第5弾」),0,404471,https://cdn.snkrdunk.com/upload_bg_removed/pkmn-tcg-7325743-yu.webp,,,,ADD_CANDIDATE
pkmn-tcg-BW3-P-001,BW3P,1,,カイロス U :1ED [BW3 001/052](拡張パック「サイコドライブ」),0,404536,https://cdn.snkrdunk.com/upload_bg_removed/pkmn-tcg-7317460-yu.webp,,,,ADD_CANDIDATE
pkmn-tcg-BW3-P-002,BW3P,2,,タネボー C [BW3 002/052](拡張パック「サイコドライブ」),0,404539,https://cdn.snkrdunk.com/upload_bg_removed/pkmn-tcg-7317463-yu.webp,,,,ADD_CANDIDATE
pkmn-tcg-BW3-P-003,BW3P,3,,コロボーシ C :1ED [BW3 003/052](拡張パック「サイコドライブ」),0,404540,https://cdn.snkrdunk.com/upload_bg_removed/pkmn-tcg-7317464-yu.webp,,,,ADD_CANDIDATE
pkmn-tcg-BW3-P-005,BW3P,5,,シェイミEX R [BW3 005/052](拡張パック「サイコドライブ」),0,404545,https://cdn.snkrdunk.com/upload_bg_removed/pkmn-tcg-7317469-yu.webp,CRD_2F3643AC21E84F689C43,쉐이미 EX,0.7653,ADD_CANDIDATE
pkmn-tcg-BW3-P-004,BW3P,4,,コロトック U [BW3 004/052](拡張パック「サイコドライブ」),0,404543,https://cdn.snkrdunk.com/upload_bg_removed/pkmn-tcg-7317467-yu.webp,,,,ADD_CANDIDATE
pkmn-tcg-BW3-P-006,BW3P,6,,クルミル C :1ED [BW3 006/052](拡張パック「サイコドライブ」),0,404546,https://cdn.snkrdunk.com/upload_bg_removed/pkmn-tcg-7317470-yu.webp,,,,ADD_CANDIDATE
pkmn-tcg-BW3-P-009,BW3P,9,,ファイヤー R [BW3 009/052](拡張パック「サイコドライブ」),0,404553,https://cdn.snkrdunk.com/upload_bg_removed/pkmn-tcg-7317477-yu.webp,CRD_49CC517FCE054EB99CD3,M리자몽 EX,0.6863,ADD_CANDIDATE
pkmn-tcg-BW3-P-010,BW3P,10,,バオップ C :1ED [BW3 010/052](拡張パック「サイコドライブ」),0,404554,https://cdn.snkrdunk.com/upload_bg_removed/pkmn-tcg-7317478-yu.webp,,,,ADD_CANDIDATE
pkmn-tcg-BW3-P-008,BW3P,8,,ハハコモリ R [BW3 008/052](拡張パック「サイコドライブ」),0,404551,https://cdn.snkrdunk.com/upload_bg_removed/pkmn-tcg-7317475-yu.webp,,,,ADD_CANDIDATE
pkmn-tcg-BW3-P-007,BW3P,7,,クルマユ C [BW3 007/052](拡張パック「サイコドライブ」),0,404549,https://cdn.snkrdunk.com/upload_bg_removed/pkmn-tcg-7317473-yu.webp,,,,ADD_CANDIDATE
pkmn-tcg-BW3-P-013,BW3P,13,,スターミー U :1ED [BW3 013/052](拡張パック「サイコドライブ」),0,404560,https://cdn.snkrdunk.com/upload_bg_removed/pkmn-tcg-7317484-yu.webp,CRD_81B29653F5524988BEF1,아쿠스타 V,0.8242,ADD_CANDIDATE
pkmn-tcg-BW3-P-011,BW3P,11,,バオッキー U :1ED [BW3 011/052](拡張パック「サイコドライブ」),0,404556,https://cdn.snkrdunk.com/upload_bg_removed/pkmn-tcg-7317480-yu.webp,CRD_4B54FA5828754EE1BCD7,랜드로스 EX,0.6442,ADD_CANDIDATE
pkmn-tcg-BW3-P-012,BW3P,12,,ヒトデマン C :1ED [BW3 012/052](拡張パック「サイコドライブ」),0,404558,https://cdn.snkrdunk.com/upload_bg_removed/pkmn-tcg-7317482-yu.webp,,,,ADD_CANDIDATE
pkmn-tcg-BW3-P-016,BW3P,16,,ヒヤップ C [BW3 016/052](拡張パック「サイコドライブ」),0,404567,https://cdn.snkrdunk.com/upload_bg_removed/pkmn-tcg-7317491-yu.webp,,,,ADD_CANDIDATE
pkmn-tcg-BW3-P-017,BW3P,17,,ヒヤッキー U [BW3 017/052](拡張パック「サイコドライブ」),0,404569,https://cdn.snkrdunk.com/upload_bg_removed/pkmn-tcg-7317493-yu.webp,,,,ADD_CANDIDATE
pkmn-tcg-BW3-P-018,BW3P,18,,バスラオ C [BW3 018/052](拡張パック「サイコドライブ」),0,404571,https://cdn.snkrdunk.com/upload_bg_removed/pkmn-tcg-7317495-yu.webp,,,,ADD_CANDIDATE
pkmn-tcg-BW3-P-019,BW3P,19,,プルリル C [BW3 019/052](拡張パック「サイコドライブ」),0,404573,https://cdn.snkrdunk.com/upload_bg_removed/pkmn-tcg-7317497-yu.webp,,,,ADD_CANDIDATE
pkmn-tcg-BW3-P-022,BW3P,22,,ルクシオ C :1ED [BW3 022/052](拡張パック「サイコドライブ」),0,404577,https://cdn.snkrdunk.com/upload_bg_removed/pkmn-tcg-7317502-yu.webp,,,,ADD_CANDIDATE
pkmn-tcg-BW3-P-021,BW3P,21,,コリンク C [BW3 021/052](拡張パック「サイコドライブ」),0,404576,https://cdn.snkrdunk.com/upload_bg_removed/pkmn-tcg-7317501-yu.webp,,,,ADD_CANDIDATE
pkmn-tcg-BW3-P-023,BW3P,23,,レントラー R :1ED [BW3 023/052](拡張パック「サイコドライブ」),0,404579,https://cdn.snkrdunk.com/upload_bg_removed/pkmn-tcg-7317504-yu.webp,,,,ADD_CANDIDATE
pkmn-tcg-BW3-P-020,BW3P,20,,ブルンゲル U :1ED [BW3 020/052](拡張パック「サイコドライブ」),0,404574,https://cdn.snkrdunk.com/upload_bg_removed/pkmn-tcg-7317498-yu.webp,CRD_1D2EAA1FB1D44C0781F7,고래왕 EX,0.6433,ADD_CANDIDATE
pkmn-tcg-BW3-P-024,BW3P,24,,シママ C [BW3 024/052](拡張パック「サイコドライブ」),0,404582,https://cdn.snkrdunk.com/upload_bg_removed/pkmn-tcg-7317507-yu.webp,CRD_E3AC52EB71E245EEA841,헬가 EX,0.6914,ADD_CANDIDATE
pkmn-tcg-BW3-P-025,BW3P,25,,ゼブライカ U :1ED [BW3 025/052](拡張パック「サイコドライブ」),0,404583,https://cdn.snkrdunk.com/upload_bg_removed/pkmn-tcg-7317508-yu.webp,,,,ADD_CANDIDATE
pkmn-tcg-BW3-P-026,BW3P,26,,ベトベター C :1ED [BW3 026/052](拡張パック「サイコドライブ」),0,404585,https://cdn.snkrdunk.com/upload_bg_removed/pkmn-tcg-7317510-yu.webp,,,,ADD_CANDIDATE
pkmn-tcg-BW3-P-029,BW3P,29,,ムンナ C :1ED [BW3 029/052](拡張パック「サイコドライブ」),0,404591,https://cdn.snkrdunk.com/upload_bg_removed/pkmn-tcg-7317516-yu.webp,,,,ADD_CANDIDATE
pkmn-tcg-BW3-P-027,BW3P,27,,ベトベトン U :1ED [BW3 027/052](拡張パック「サイコドライブ」),0,404587,https://cdn.snkrdunk.com/upload_bg_removed/pkmn-tcg-7317512-yu.webp,CRD_D7F007D1EFC04DE9A1AF,뮤츠 EX,0.6587,ADD_CANDIDATE
pkmn-tcg-BW3-P-030,BW3P,30,,ムシャーナ U :1ED [BW3 030/052](拡張パック「サイコドライブ」),0,404593,https://cdn.snkrdunk.com/upload_bg_removed/pkmn-tcg-7317518-yu.webp,,,,ADD_CANDIDATE
pkmn-tcg-BW3-P-031,BW3P,31,,ユニラン C [BW3 031/052](拡張パック「サイコドライブ」),0,404596,https://cdn.snkrdunk.com/upload_bg_removed/pkmn-tcg-7317521-yu.webp,,,,ADD_CANDIDATE
pkmn-tcg-BW3-P-043,BW3P,43,,テッシード C [BW3 043/052](拡張パック「サイコドライブ」),0,404620,https://cdn.snkrdunk.com/upload_bg_removed/pkmn-tcg-7317545-yu.webp,,,,ADD_CANDIDATE
pkmn-tcg-BW3-P-038,BW3P,38,,コジョンド U [BW3 038/052](拡張パック「サイコドライブ」),0,404610,https://cdn.snkrdunk.com/upload_bg_removed/pkmn-tcg-7317535-yu.webp,,,,ADD_CANDIDATE
pkmn-tcg-BW3-P-035,BW3P,35,,ドテッコツ C :1ED [BW3 035/052](拡張パック「サイコドライブ」),0,404603,https://cdn.snkrdunk.com/upload_bg_removed/pkmn-tcg-7317528-yu.webp,,,,ADD_CANDIDATE
pkmn-tcg-BW3-P-037,BW3P,37,,コジョフー C [BW3 037/052](拡張パック「サイコドライブ」),0,404608,https://cdn.snkrdunk.com/upload_bg_removed/pkmn-tcg-7317533-yu.webp,,,,ADD_CANDIDATE
pkmn-tcg-BW3-P-039,BW3P,39,,コノハナ C :1ED [BW3 039/052](拡張パック「サイコドライブ」),0,404611,https://cdn.snkrdunk.com/upload_bg_removed/pkmn-tcg-7317536-yu.webp,,,,ADD_CANDIDATE
pkmn-tcg-BW3-P-041,BW3P,41,,ズルッグ C :1ED [BW3 041/052](拡張パック「サイコドライブ」),0,404615,https://cdn.snkrdunk.com/upload_bg_removed/pkmn-tcg-7317540-yu.webp,,,,ADD_CANDIDATE
pkmn-tcg-BW3-P-032,BW3P,32,,ダブラン C [BW3 032/052](拡張パック「サイコドライブ」),0,404598,https://cdn.snkrdunk.com/upload_bg_removed/pkmn-tcg-7317523-yu.webp,,,,ADD_CANDIDATE
pkmn-tcg-BW3-P-033,BW3P,33,,ランクルス U :1ED [BW3 033/052](拡張パック「サイコドライブ」),0,404599,https://cdn.snkrdunk.com/upload_bg_removed/pkmn-tcg-7317524-yu.webp,,,,ADD_CANDIDATE
pkmn-tcg-BW3-P-036,BW3P,36,,ローブシン R :1ED [BW3 036/052](拡張パック「サイコドライブ」),0,404605,https://cdn.snkrdunk.com/upload_bg_removed/pkmn-tcg-7317530-yu.webp,,,,ADD_CANDIDATE
pkmn-tcg-BW3-P-050,BW3P,50,,学習装置 U [BW3 050/052](拡張パック「サイコドライブ」),0,404634,https://cdn.snkrdunk.com/upload_bg_removed/pkmn-tcg-7317559-yu.webp,,,,ADD_CANDIDATE
pkmn-tcg-BW3-P-046,BW3P,46,,ペルシアン U :1ED [BW3 046/052](拡張パック「サイコドライブ」),0,404625,https://cdn.snkrdunk.com/upload_bg_removed/pkmn-tcg-7317550-yu.webp,,,,ADD_CANDIDATE
pkmn-tcg-BW3-P-051,BW3P,51,,スカイアローブリッジ U :1ED [BW3 051/052](拡張パック「サイコドライブ」),0,404635,https://cdn.snkrdunk.com/upload_bg_removed/pkmn-tcg-7317560-yu.webp,,,,ADD_CANDIDATE
pkmn-tcg-BW3-P-034,BW3P,34,,ドッコラー C :1ED [BW3 034/052](拡張パック「サイコドライブ」),0,404601,https://cdn.snkrdunk.com/upload_bg_removed/pkmn-tcg-7317526-yu.webp,,,,ADD_CANDIDATE
pkmn-tcg-BW3-P-047,BW3P,47,,チラーミィ C [BW3 047/052](拡張パック「サイコドライブ」),0,404628,https://cdn.snkrdunk.com/upload_bg_removed/pkmn-tcg-7317553-yu.webp,,,,ADD_CANDIDATE
pkmn-tcg-BW3-P-044,BW3P,44,,ナットレイ U [BW3 044/052](拡張パック「サイコドライブ」),0,404622,https://cdn.snkrdunk.com/upload_bg_removed/pkmn-tcg-7317547-yu.webp,CRD_AF1FDA799C6143DFA5A9,강철톤 EX,0.6638,ADD_CANDIDATE
pkmn-tcg-BW3-P-049,BW3P,49,,レベルボール U :1ED [BW3 049/052](拡張パック「サイコドライブ」),0,404631,https://cdn.snkrdunk.com/upload_bg_removed/pkmn-tcg-7317556-yu.webp,,,,ADD_CANDIDATE
pkmn-tcg-SM-P-244,SMP,244,HR,ナリヤ・オーキド P [SM-P 244](プロモーションカード「ゼクロム HR/SR 争奪戦」),0,407400,https://cdn.snkrdunk.com/upload_bg_removed/pkmn-tcg-7325750-yu.webp,,,,ADD_CANDIDATE
pkmn-tcg-SM-P-250,SMP,250,,ウツギ博士のレクチャー P [SM-P 250](拡張パック「超爆インパクト BOX購入キャンペーン」),0,407403,https://cdn.snkrdunk.com/upload_bg_removed/pkmn-tcg-7325755-yu.webp,,,,ADD_CANDIDATE
pkmn-tcg-SM-P-258,SMP,258,,エネルギースピナー P [SM-P 258](プロモカードパック「第6弾」),0,407410,https://cdn.snkrdunk.com/upload_bg_removed/pkmn-tcg-7325762-yu.webp,,,,ADD_CANDIDATE
pkmn-tcg-SM-P-265,SMP,265,,バクフーン P [SM-P 265](プロモーションカード「月刊コロコロイチバン！ 2018年11月号」),0,407414,https://cdn.snkrdunk.com/upload_bg_removed/pkmn-tcg-7326600-yu.webp,,,,ADD_CANDIDATE
pkmn-tcg-SM-P-263,SMP,263,,ケンタロスGX P [SM-P 263](プロモーションカード「トイザらス ポケカくじ景品 キャンペーン」),0,407413,https://cdn.snkrdunk.com/upload_bg_removed/pkmn-tcg-7325767-yu.webp,CRD_6B2C86298A8A48B9A1C2,켄타로스 GX,0.8749,ADD_CANDIDATE
pkmn-tcg-SM-P-255,SMP,255,,アローラニャース P [SM-P 255](プロモカードパック「第6弾」),0,407407,https://cdn.snkrdunk.com/upload_bg_removed/pkmn-tcg-7325759-yu.webp,,,,ADD_CANDIDATE
pkmn-tcg-SM-P-260,SMP,260,,ハリマロン P [SM-P 260](プロモーションカード「ポケモンカードステーションイベント参加賞 キャンペーン」),0,407412,https://cdn.snkrdunk.com/upload_bg_removed/pkmn-tcg-7325764-yu.webp,,,,ADD_CANDIDATE
pkmn-tcg-SM-P-259,SMP,259,,ニャビー P [SM-P 259](プロモーションカード「ポケモンカードステーションイベント参加賞 キャンペーン」),0,407411,https://cdn.snkrdunk.com/upload_bg_removed/pkmn-tcg-7325763-yu.webp,,,,ADD_CANDIDATE
pkmn-tcg-SM-P-271,SMP,271,,エスケープボード P [SM-P 271](プロモーションカード「チャンピオンズリーグ2019 勝利賞」),0,407417,https://cdn.snkrdunk.com/upload_bg_removed/pkmn-tcg-7326601-yu.webp,,,,ADD_CANDIDATE
pkmn-tcg-SM-P-274,SMP,274,,ブースター P [SM-P 274](スターターセット「雷のサンダースGX デラックスセット」),0,407419,https://cdn.snkrdunk.com/upload_bg_removed/pkmn-tcg-7326361-yu.webp,,,,ADD_CANDIDATE
pkmn-tcg-SM-P-292,SMP,292,,モクロー P [SM-P 292](プロモーションカード「ポケモンパン チョコ＆カスターパン ベーコン＆ポテトパン 付属」),0,407423,https://cdn.snkrdunk.com/upload_bg_removed/pkmn-tcg-7326609-yu.webp,,,,ADD_CANDIDATE
pkmn-tcg-SM-P-300,SMP,300,,キバニア P [SM-P 300](プロモカードパック「第7弾」),0,407429,https://cdn.snkrdunk.com/upload_bg_removed/pkmn-tcg-7326616-yu.webp,,,,ADD_CANDIDATE
pkmn-tcg-SM-P-298,SMP,298,,パラス P [SM-P 298](プロモカードパック「第7弾」),0,407427,https://cdn.snkrdunk.com/upload_bg_removed/pkmn-tcg-7326614-yu.webp,,,,ADD_CANDIDATE
pkmn-tcg-SM-P-304,SMP,304,,みみなりベル P [SM-P 304](プロモカードパック「第7弾」),0,407432,https://cdn.snkrdunk.com/upload_bg_removed/pkmn-tcg-7326620-yu.webp,,,,ADD_CANDIDATE
pkmn-tcg-SM-P-309,SMP,309,,クワガノン P [SM-P 309](強化拡張パック「ナイトユニゾン BOX購入特典」),0,407434,https://cdn.snkrdunk.com/upload_bg_removed/pkmn-tcg-7326596-yu.webp,,,,ADD_CANDIDATE
pkmn-tcg-SM-P-302,SMP,302,,ハクリュー P [SM-P 302](プロモカードパック「第7弾」),0,407430,https://cdn.snkrdunk.com/upload_bg_removed/pkmn-tcg-7326618-yu.webp,,,,ADD_CANDIDATE
pkmn-tcg-SM-P-311,SMP,311,,ツンデツンデ P [SM-P 311](強化拡張パック「フルメタルウォール BOX購入特典」),0,407436,https://cdn.snkrdunk.com/upload_bg_removed/pkmn-tcg-7327101-yu.webp,,,,ADD_CANDIDATE
pkmn-tcg-SM-P-314,SMP,314,,ムウマージ P [SM-P 314](プロモカードパック「第8弾」),0,407439,https://cdn.snkrdunk.com/upload_bg_removed/pkmn-tcg-7327104-yu.webp,,,,ADD_CANDIDATE
pkmn-tcg-SM-P-318,SMP,318,,カツラのクイズショー P [SM-P 318](プロモカードパック「第8弾」),0,407443,https://cdn.snkrdunk.com/upload_bg_removed/pkmn-tcg-7327108-yu.webp,,,,ADD_CANDIDATE
pkmn-tcg-SM-P-312,SMP,312,,ヒトモシ P [SM-P 312](プロモカードパック「第8弾」),0,407437,https://cdn.snkrdunk.com/upload_bg_removed/pkmn-tcg-7327102-yu.webp,,,,ADD_CANDIDATE
pkmn-tcg-SM-P-315,SMP,315,,リオル P [SM-P 315](プロモカードパック「第8弾」),0,407440,https://cdn.snkrdunk.com/upload_bg_removed/pkmn-tcg-7327105-yu.webp,,,,ADD_CANDIDATE
pkmn-tcg-SM-P-313,SMP,313,,ニャヒート P [SM-P 313](プロモカードパック「第8弾」),0,407438,https://cdn.snkrdunk.com/upload_bg_removed/pkmn-tcg-7327103-yu.webp,,,,ADD_CANDIDATE
pkmn-tcg-SM-P-321,SMP,321,,メルタン P [SM-P 321](プロモーションカード「チャンピオンズリーグ2019 千葉 ウェルカムキット 参加賞」),0,407445,https://cdn.snkrdunk.com/upload_bg_removed/pkmn-tcg-7327111-yu.webp,,,,ADD_CANDIDATE
pkmn-tcg-SM-P-319,SMP,319,,ウソッキー P [SM-P 319](プロモーションカード「月刊コロコロイチバン！ 2019年05月号付録」),0,407444,https://cdn.snkrdunk.com/upload_bg_removed/pkmn-tcg-7327109-yu.webp,,,,ADD_CANDIDATE
pkmn-tcg-SM-P-316,SMP,316,,ヤミカラス P [SM-P 316](プロモカードパック「第8弾」),0,407441,https://cdn.snkrdunk.com/upload_bg_removed/pkmn-tcg-7327106-yu.webp,,,,ADD_CANDIDATE
pkmn-tcg-SM-P-330,SMP,330,,ポケモン通信 P [SM-P 330](プロモーションカード「公認自主イベント トレーナーズパック 2019」),0,407824,https://cdn.snkrdunk.com/upload_bg_removed/pkmn-tcg-7327615-yu.webp,,,,ADD_CANDIDATE
pkmn-tcg-SM-P-331,SMP,331,,モーモーミルク P [SM-P 331](プロモーションカード「公認自主イベント トレーナーズパック 2019」),0,407825,https://cdn.snkrdunk.com/upload_bg_removed/pkmn-tcg-7327616-yu.webp,CRD_51568A9C8361413DB34E,동탁군,0.6247,ADD_CANDIDATE
pkmn-tcg-SM-P-332,SMP,332,,こだわりメット P [SM-P 332](プロモーションカード「公認自主イベント トレーナーズパック 2019」),0,407826,https://cdn.snkrdunk.com/upload_bg_removed/pkmn-tcg-7327617-yu.webp,,,,ADD_CANDIDATE
pkmn-tcg-SM-P-327,SMP,327,,シャンデラ P [SM-P 327](強化拡張パック「ジージーエンド BOX特典」),0,407822,https://cdn.snkrdunk.com/upload_bg_removed/pkmn-tcg-7327117-yu.webp,,,,ADD_CANDIDATE
pkmn-tcg-SM-P-328,SMP,328,,おとりよせパッド P [SM-P 328](プロモーションカード「公認自主イベント トレーナーズパック 2019」),0,407823,https://cdn.snkrdunk.com/upload_bg_removed/pkmn-tcg-7327613-yu.webp,,,,ADD_CANDIDATE
pkmn-tcg-SM-P-333,SMP,333,,カヒリ P [SM-P 333](プロモーションカード「公認自主イベント トレーナーズパック 2019」),0,407827,https://cdn.snkrdunk.com/upload_bg_removed/pkmn-tcg-7327618-yu.webp,,,,ADD_CANDIDATE
pkmn-tcg-SM-P-336,SMP,336,,ポケモンだいすきクラブ P [SM-P 336](プロモーションカード「公認自主イベント トレーナーズパック 2019」),0,407830,https://cdn.snkrdunk.com/upload_bg_removed/pkmn-tcg-7327621-yu.webp,,,,ADD_CANDIDATE
pkmn-tcg-SM-P-334,SMP,334,,ジャッジマン P [SM-P 334](プロモーションカード「公認自主イベント トレーナーズパック 2019」),0,407828,https://cdn.snkrdunk.com/upload_bg_removed/pkmn-tcg-7327619-yu.webp,,,,ADD_CANDIDATE
pkmn-tcg-SM-P-335,SMP,335,,シロナ P [SM-P 335](プロモーションカード「公認自主イベント トレーナーズパック 2019」),0,407829,https://cdn.snkrdunk.com/upload_bg_removed/pkmn-tcg-7327620-yu.webp,,,,ADD_CANDIDATE
pkmn-tcg-SM-P-347,SMP,347,,基本雷エネルギー P [SM-P 347](プロモーションカード「ポケモンカードステーション」),0,407839,https://cdn.snkrdunk.com/upload_bg_removed/pkmn-tcg-7327630-yu.webp,,,,ADD_CANDIDATE
pkmn-tcg-SM-P-346,SMP,346,,基本水エネルギー P [SM-P 346](プロモーションカード「ポケモンカードステーション」),0,407838,https://cdn.snkrdunk.com/upload_bg_removed/pkmn-tcg-7327629-yu.webp,,,,ADD_CANDIDATE
pkmn-tcg-SM-P-348,SMP,348,,基本超エネルギー P [SM-P 348](プロモーションカード「ポケモンカードステーション」),0,407840,https://cdn.snkrdunk.com/upload_bg_removed/pkmn-tcg-7327631-yu.webp,,,,ADD_CANDIDATE
pkmn-tcg-SM-P-354,SMP,354,,バスラオ P [SM-P 354](プロモカードパック「第9弾」),0,407846,https://cdn.snkrdunk.com/upload_bg_removed/pkmn-tcg-7327637-yu.webp,,,,ADD_CANDIDATE
pkmn-tcg-SM-P-344,SMP,344,,基本草エネルギー P [SM-P 344](プロモーションカード「ポケモンカードステーション」),0,407836,https://cdn.snkrdunk.com/upload_bg_removed/pkmn-tcg-7327627-yu.webp,,,,ADD_CANDIDATE
pkmn-tcg-SM-P-350,SMP,350,,基本悪エネルギー P [SM-P 350](プロモーションカード「ポケモンカードステーション」),0,407842,https://cdn.snkrdunk.com/upload_bg_removed/pkmn-tcg-7327633-yu.webp,,,,ADD_CANDIDATE
pkmn-tcg-SM-P-345,SMP,345,,基本炎エネルギー P [SM-P 345](プロモーションカード「ポケモンカードステーション」),0,407837,https://cdn.snkrdunk.com/upload_bg_removed/pkmn-tcg-7327628-yu.webp,,,,ADD_CANDIDATE
pkmn-tcg-SM-P-351,SMP,351,,基本鋼エネルギー P [SM-P 351](プロモーションカード「ポケモンカードステーション」),0,407843,https://cdn.snkrdunk.com/upload_bg_removed/pkmn-tcg-7327634-yu.webp,,,,ADD_CANDIDATE
pkmn-tcg-SM-P-349,SMP,349,,基本闘エネルギー P [SM-P 349](プロモーションカード「ポケモンカードステーション」),0,407841,https://cdn.snkrdunk.com/upload_bg_removed/pkmn-tcg-7327632-yu.webp,,,,ADD_CANDIDATE
pkmn-tcg-SM-P-359,SMP,359,,ドラゴンZ ドラゴンクロー P [SM-P 359](プロモカードパック「第9弾」),0,407851,https://cdn.snkrdunk.com/upload_bg_removed/pkmn-tcg-7327642-yu.webp,CRD_FF89828CCBB14368BDA7,두랄루돈 V,0.6358,ADD_CANDIDATE
pkmn-tcg-SM-P-358,SMP,358,,ププリン P [SM-P 358](プロモカードパック「第9弾」),0,407850,https://cdn.snkrdunk.com/upload_bg_removed/pkmn-tcg-7327641-yu.webp,,,,ADD_CANDIDATE
pkmn-tcg-SM-P-357,SMP,357,,マケンカニ P [SM-P 357](プロモカードパック「第9弾」),0,407849,https://cdn.snkrdunk.com/upload_bg_removed/pkmn-tcg-7327640-yu.webp,CRD_6412506A2B9B42B895C2,대짱이 EX,0.6379,ADD_CANDIDATE
pkmn-tcg-SM-P-355,SMP,355,,タマタマ P [SM-P 355](プロモカードパック「第9弾」),0,407847,https://cdn.snkrdunk.com/upload_bg_removed/pkmn-tcg-7327638-yu.webp,,,,ADD_CANDIDATE
pkmn-tcg-SM-P-370,SMP,370,,レッドの挑戦 P [SM-P 370](プロモーションカード「ポケモンカードジム 新弾バトル」),0,407856,https://cdn.snkrdunk.com/upload_bg_removed/pkmn-tcg-7327653-yu.webp,,,,ADD_CANDIDATE
pkmn-tcg-SM-P-352,SMP,352,,基本フェアリーエネルギー P [SM-P 352](プロモーションカード「ポケモンカードステーション」),0,407844,https://cdn.snkrdunk.com/upload_bg_removed/pkmn-tcg-7327635-yu.webp,,,,ADD_CANDIDATE
pkmn-tcg-SM-P-372,SMP,372,,ヨノワール P [SM-P 372](プロモーションカード「リミックスバウト BOX購入キャンペーン」),0,407858,https://cdn.snkrdunk.com/upload_bg_removed/pkmn-tcg-7327655-yu.webp,,,,ADD_CANDIDATE
pkmn-tcg-SM-P-374,SMP,374,,ニャビー P [SM-P 374](プロモーションカード「ポケモンカードステーション」),0,407860,https://cdn.snkrdunk.com/upload_bg_removed/pkmn-tcg-7327657-yu.webp,,,,ADD_CANDIDATE
pkmn-tcg-SM-P-383,SMP,383,,メラルバ P [SM-P 383](プロモカードパック「第10弾」),0,407866,https://cdn.snkrdunk.com/upload_bg_removed/pkmn-tcg-7330958-yu.webp,,,,ADD_CANDIDATE
pkmn-tcg-SM-P-387,SMP,387,,エイパム P [SM-P 387](プロモカードパック「第10弾」),0,407870,https://cdn.snkrdunk.com/upload_bg_removed/pkmn-tcg-7330962-yu.webp,,,,ADD_CANDIDATE
pkmn-tcg-SM-P-379,SMP,379,,アローラロコン P [SM-P 379](プロモーションカード「ローソンサマーキャンペーン」),0,407863,https://cdn.snkrdunk.com/upload_bg_removed/pkmn-tcg-7327662-yu.webp,,,,ADD_CANDIDATE
pkmn-tcg-SM-P-391,SMP,391,,レジギガス P [SM-P 391](プロモーションカード「コロコロイチバン！ 2019年11月付録」),0,407874,https://cdn.snkrdunk.com/upload_bg_removed/pkmn-tcg-7330966-yu.webp,CRD_1CBBEBA5751D495C81D5,레지기가스 EX,0.6619,ADD_CANDIDATE
pkmn-tcg-SM-P-386,SMP,386,,ゴビット P [SM-P 386](プロモカードパック「第10弾」),0,407869,https://cdn.snkrdunk.com/upload_bg_removed/pkmn-tcg-7330961-yu.webp,,,,ADD_CANDIDATE
pkmn-tcg-SM-P-380,SMP,380,,基本水エネルギー P [SM-P 380](プロモーションカード「ローソンサマーキャンペーン」),0,407864,https://cdn.snkrdunk.com/upload_bg_removed/pkmn-tcg-7327663-yu.webp,,,,ADD_CANDIDATE
pkmn-tcg-SM-P-388,SMP,388,,にじいろのはな P [SM-P 388](プロモカードパック「第10弾」),0,407871,https://cdn.snkrdunk.com/upload_bg_removed/pkmn-tcg-7330963-yu.webp,,,,ADD_CANDIDATE
pkmn-tcg-SM-P-382,SMP,382,,リーフィア P [SM-P 382](プロモカードパック「第10弾」),0,407865,https://cdn.snkrdunk.com/upload_bg_removed/pkmn-tcg-7330957-yu.webp,CRD_1549CC7E9EFC44D08FD4,리피아,0.6224,ADD_CANDIDATE
pkmn-tcg-SM-P-385,SMP,385,,グレイシア P [SM-P 385](プロモカードパック「第10弾」),0,407868,https://cdn.snkrdunk.com/upload_bg_removed/pkmn-tcg-7330960-yu.webp,,,,ADD_CANDIDATE
pkmn-tcg-SM-P-390,SMP,390,,ハプウ P [SM-P 390](拡張パック「オルタージェネシス 新弾バトル優勝商品」),0,407873,https://cdn.snkrdunk.com/upload_bg_removed/pkmn-tcg-7330965-yu.webp,,,,ADD_CANDIDATE
pkmn-tcg-SM-P-394,SMP,394,,ハウ P [SM-P 394](プロモーションカード「エクストラバトルの日2019年 参加賞」),0,407875,https://cdn.snkrdunk.com/upload_bg_removed/pkmn-tcg-7333275-yu.webp,,,,ADD_CANDIDATE
pkmn-tcg-SM-P-402,SMP,402,,ポケモン通信 P [SM-P 402](プロモーションカード「学園祭2019」),0,407877,https://cdn.snkrdunk.com/upload_bg_removed/pkmn-tcg-7329545-yu.webp,,,,ADD_CANDIDATE
pkmn-tcg-SM-P-011,SMP,11,,トゲデマル P [SM-P 011](プロモーションカード「ポケモンカードゲーム教室」),0,411043,https://cdn.snkrdunk.com/upload_bg_removed/pkmn-tcg-7333628-yu.webp,,,,ADD_CANDIDATE
pkmn-tcg-SM-P-014,SMP,14,,シェルダー C [SM-P 014](プロモーションカード「ポケモンカードゲーム教室」),0,411061,https://cdn.snkrdunk.com/upload_bg_removed/pkmn-tcg-7333639-yu.webp,,,,ADD_CANDIDATE
pkmn-tcg-XY-P-ENEBOX-XY-005,XYPENEBOXXY,5,,スーパーポケモン回収 P [XY-P 005](プロモーションカード「エネルギーカード付きカードボックス付属 ゼルネアス・イベルタル」),0,411654,https://cdn.snkrdunk.com/upload_bg_removed/pkmn-tcg-7314536-yu.webp,,,,ADD_CANDIDATE
pkmn-tcg-XY-P-BFP-016,XYPBFP,16,,エリキテル P [XY-P 016](プロモーションカード「バトルフェスタ 来場者プレゼント」),0,411670,https://cdn.snkrdunk.com/upload_bg_removed/pkmn-tcg-7314552-yu.webp,,,,ADD_CANDIDATE
pkmn-tcg-XY-P-ENEBOX-XY-003,XYPENEBOXXY,3,,エネルギー回収 P [XY-P 003](プロモーションカード「エネルギーカード付きカードボックス付属 ゼルネアス・イベルタル」),0,411652,https://cdn.snkrdunk.com/upload_bg_removed/pkmn-tcg-7314534-yu.webp,,,,ADD_CANDIDATE
pkmn-tcg-XY-P-CRCR-XY-011,XYPCRCRXY,11,,メェークル P [XY-P 011](プロモーションカード「コロコロプレゼンツ XY激アツ始動キャンペーン」),0,411660,https://cdn.snkrdunk.com/upload_bg_removed/pkmn-tcg-7314542-yu.webp,,,,ADD_CANDIDATE
pkmn-tcg-XY-P-ENEBOX-XY-006,XYPENEBOXXY,6,,ともだちてちょう P [XY-P 006](プロモーションカード「エネルギーカード付きカードボックス付属 ゼルネアス・イベルタル」),0,411655,https://cdn.snkrdunk.com/upload_bg_removed/pkmn-tcg-7314537-yu.webp,,,,ADD_CANDIDATE
pkmn-tcg-XY-P-ENEBOX-XY-004,XYPENEBOXXY,4,,エネルギーつけかえ P [XY-P 004](プロモーションカード「エネルギーカード付きカードボックス付属 ゼルネアス・イベルタル」),0,411653,https://cdn.snkrdunk.com/upload_bg_removed/pkmn-tcg-7314535-yu.webp,,,,ADD_CANDIDATE
pkmn-tcg-XY-P-XY1-008,XYPXY1,8,,オンバット P [XY-P 008](拡張パック「コレクションX コレクションY BOX購入キャンペーン」),0,411657,https://cdn.snkrdunk.com/upload_bg_removed/pkmn-tcg-7314539-yu.webp,,,,ADD_CANDIDATE
pkmn-tcg-XY-P-Marumiya-013,XYPMARUMIYA,13,,デデンネ P [XY-P 013](プロモーションカード「丸美屋」),0,411666,https://cdn.snkrdunk.com/upload_bg_removed/pkmn-tcg-7314548-yu.webp,,,,ADD_CANDIDATE
pkmn-tcg-XY-P-DD711SCP14-011,XYPDD711SCP14,11,,メェークル P [XY-P 011](プロモーションカード「破壊の繭ディアンシー セブンイレブン限定サマーキャンペーン 2014」),0,411661,https://cdn.snkrdunk.com/upload_bg_removed/pkmn-tcg-7314543-yu.webp,,,,ADD_CANDIDATE
pkmn-tcg-XY-P-CRCR-XY-012,XYPCRCRXY,12,,ヒトツキ P [XY-P 012](プロモーションカード「コロコロプレゼンツ XY激アツ始動キャンペーン」),0,411662,https://cdn.snkrdunk.com/upload_bg_removed/pkmn-tcg-7314544-yu.webp,,,,ADD_CANDIDATE
pkmn-tcg-XY-P-ENEBOX-XY-007,XYPENEBOXXY,7,,なんでもなおし P [XY-P 007](プロモーションカード「エネルギーカード付きカードボックス付属 ゼルネアス・イベルタル」),0,411656,https://cdn.snkrdunk.com/upload_bg_removed/pkmn-tcg-7314538-yu.webp,,,,ADD_CANDIDATE
pkmn-tcg-XY-P-PKMNP-013,XYPPKMNP,13,,デデンネ P [XY-P 013](プロモーションカード「ポケモンパン」),0,411667,https://cdn.snkrdunk.com/upload_bg_removed/pkmn-tcg-7314549-yu.webp,,,,ADD_CANDIDATE
pkmn-tcg-XY-P-MGC-CP-019,XYPMGCCP,19,,ちからのハチマキ P [XY-P 019](プロモーションカード「リザードンメガバトル 開催記念キャンペーン」),0,411673,https://cdn.snkrdunk.com/upload_bg_removed/pkmn-tcg-7314555-yu.webp,,,,ADD_CANDIDATE
pkmn-tcg-XY-P-XYPCP1-022,XYPXYPCP1,22,,オーロット P [XY-P 022](プロモカードパック「第1弾」),0,411676,https://cdn.snkrdunk.com/upload_bg_removed/pkmn-tcg-7314558-yu.webp,CRD_79B0B8C088454C1EB451,대로트 EX,0.6333,ADD_CANDIDATE
pkmn-tcg-XY-P-XYPCP1-020,XYPXYPCP1,20,,コフキムシ P [XY-P 020](プロモカードパック「第1弾」),0,411674,https://cdn.snkrdunk.com/upload_bg_removed/pkmn-tcg-7314556-yu.webp,,,,ADD_CANDIDATE
pkmn-tcg-XY-P-XYPCP1-023,XYPXYPCP1,23,,ディグダ P [XY-P 023](プロモカードパック「第1弾」),0,411677,https://cdn.snkrdunk.com/upload_bg_removed/pkmn-tcg-7314559-yu.webp,,,,ADD_CANDIDATE
pkmn-tcg-XY-P-CRCR1-14-2-018,XYPCRCR1142,18,,ファイアロー P [XY-P 018](プロモーションカード「月刊コロコロイチバン！ 2014年2月号付録」),0,411672,https://cdn.snkrdunk.com/upload_bg_removed/pkmn-tcg-7314554-yu.webp,,,,ADD_CANDIDATE
pkmn-tcg-XY-P-BFP-017,XYPBFP,17,,ゴーゴート P [XY-P 017](プロモーションカード「バトルフェスタ 来場者プレゼント」),0,411671,https://cdn.snkrdunk.com/upload_bg_removed/pkmn-tcg-7314553-yu.webp,,,,ADD_CANDIDATE
pkmn-tcg-XY-P-XYPCP1-024,XYPXYPCP1,24,,ニダンギル P [XY-P 024](プロモカードパック「第1弾」),0,411678,https://cdn.snkrdunk.com/upload_bg_removed/pkmn-tcg-7314560-yu.webp,,,,ADD_CANDIDATE
pkmn-tcg-XY-P-XYPCP1-025,XYPXYPCP1,25,,ペロリーム P [XY-P 025](プロモカードパック「第1弾」),0,411679,https://cdn.snkrdunk.com/upload_bg_removed/pkmn-tcg-7314561-yu.webp,,,,ADD_CANDIDATE
pkmn-tcg-XY-P-XYPCP1-026,XYPXYPCP1,26,,ヌメラ P [XY-P 026](プロモカードパック「第1弾」),0,411680,https://cdn.snkrdunk.com/upload_bg_removed/pkmn-tcg-7314562-yu.webp,,,,ADD_CANDIDATE
pkmn-tcg-XY-P-CRCR1-14-5-033,XYPCRCR1145,33,,カエンジシ P [XY-P 033](プロモーションカード「コロコロイチバン！ 2014年05月号付録」),0,411687,https://cdn.snkrdunk.com/upload_bg_removed/pkmn-tcg-7314569-yu.webp,CRD_8A55485EA762404EB6E8,바우첼 ex,0.6271,ADD_CANDIDATE
pkmn-tcg-XY-P-MGC-CP2-032,XYPMGCCP2,32,,炎のトーチ P [XY-P 032](プロモーションカード「めざせ！ リザードンメガバトル キャンペーン 商品購入特典」),0,411686,https://cdn.snkrdunk.com/upload_bg_removed/pkmn-tcg-7314568-yu.webp,,,,ADD_CANDIDATE
pkmn-tcg-XY-P-XYPCP2-044,XYPXYPCP2,44,,ワルビアルEX P [XY-P 044](プロモカードパック「第2弾」),0,411701,https://cdn.snkrdunk.com/upload_bg_removed/pkmn-tcg-7314583-yu.webp,CRD_EDD80B822E564D249409,악비아르 EX,0.6409,ADD_CANDIDATE
pkmn-tcg-XY-P-XYPCP2-039,XYPXYPCP2,39,,ダーテング P [XY-P 039](プロモカードパック「第2弾」),0,411696,https://cdn.snkrdunk.com/upload_bg_removed/pkmn-tcg-7314578-yu.webp,,,,ADD_CANDIDATE
pkmn-tcg-XY-P-CRCR1-14-3-030,XYPCRCR1143,30,,リザードンEX P [XY-P 030](プロモーションカード「月刊コロコロコミック 2014年3月号付録」),0,411684,https://cdn.snkrdunk.com/upload_bg_removed/pkmn-tcg-7314566-yu.webp,CRD_DBCFA7ECE36342E69356,리자몽 EX,0.9119,ADD_CANDIDATE
pkmn-tcg-XY-P-PKMNP-035,XYPPKMNP,35,,フォッコ P [XY-P 035](プロモーションカード「ポケモンパン」),0,411691,https://cdn.snkrdunk.com/upload_bg_removed/pkmn-tcg-7314573-yu.webp,CRD_1549CC7E9EFC44D08FD4,리피아,0.7395,ADD_CANDIDATE
pkmn-tcg-XY-P-Marumiya-036,XYPMARUMIYA,36,,ケロマツ P [XY-P 036](プロモーションカード「丸美屋」),0,411693,https://cdn.snkrdunk.com/upload_bg_removed/pkmn-tcg-7314575-yu.webp,,,,ADD_CANDIDATE
pkmn-tcg-XY-P-MGC-CP-029,XYPMGCCP,29,,ブリガロンEX P [XY-P 029](プロモーションカード「リザードンメガバトル 開催記念キャンペーン」),0,411683,https://cdn.snkrdunk.com/upload_bg_removed/pkmn-tcg-7314565-yu.webp,,,,ADD_CANDIDATE
pkmn-tcg-XY-P-XYPCP2-041,XYPXYPCP2,41,,ニャオニクス P [XY-P 041](プロモカードパック「第2弾」),0,411698,https://cdn.snkrdunk.com/upload_bg_removed/pkmn-tcg-7314580-yu.webp,,,,ADD_CANDIDATE
pkmn-tcg-XY-P-MGRBT-036,XYPMGRBT,36,,ケロマツ P [XY-P 036](メガパック「リザードンメガバトル」),0,411692,https://cdn.snkrdunk.com/upload_bg_removed/pkmn-tcg-7314574-yu.webp,,,,ADD_CANDIDATE
pkmn-tcg-XY-P-XYPCP2-040,XYPXYPCP2,40,,タマザラシ P [XY-P 040](プロモカードパック「第2弾」),0,411697,https://cdn.snkrdunk.com/upload_bg_removed/pkmn-tcg-7314579-yu.webp,,,,ADD_CANDIDATE
pkmn-tcg-XY-P-XYPCP1-027,XYPXYPCP1,27,,ハンドスコープ P [XY-P 027](プロモカードパック「第1弾」),0,411681,https://cdn.snkrdunk.com/upload_bg_removed/pkmn-tcg-7314563-yu.webp,,,,ADD_CANDIDATE
pkmn-tcg-XY-P-XYPCP2-042,XYPXYPCP2,42,,クズモー P [XY-P 042](プロモカードパック「第2弾」),0,411699,https://cdn.snkrdunk.com/upload_bg_removed/pkmn-tcg-7314581-yu.webp,,,,ADD_CANDIDATE
pkmn-tcg-XY-P-MGRBT-034,XYPMGRBT,34,,ハリマロン P :ミラー [XY-P 034](メガパック「リザードンメガバトル」),0,411688,https://cdn.snkrdunk.com/upload_bg_removed/pkmn-tcg-7314570-yu.webp,,,,ADD_CANDIDATE
pkmn-tcg-XY-P-BKSCP-034,XYPBKSCP,34,,ハリマロン P [XY-P 034](プロモーションカード「熱戦にそなえろ！ 黒いメガサーナイトキャンペーン」),0,411689,https://cdn.snkrdunk.com/upload_bg_removed/pkmn-tcg-7314571-yu.webp,,,,ADD_CANDIDATE
pkmn-tcg-XY-P-XYPCP1-028,XYPXYPCP1,28,,プラターヌ博士 P [XY-P 028](プロモカードパック「第1弾」),0,411682,https://cdn.snkrdunk.com/upload_bg_removed/pkmn-tcg-7314564-yu.webp,,,,ADD_CANDIDATE
pkmn-tcg-XY-P-CRCR1-14-9XY-066,XYPCRCR1149XY,66,,ルカリオEX P [XY-P 066](プロモーションカード「コロコロイチバン！ 2014年09月号増刊 ポケモンカードゲームXY激闘ガイド！ 付録」),0,411726,https://cdn.snkrdunk.com/upload_bg_removed/pkmn-tcg-7314610-yu.webp,CRD_8D68F827F9B2481DA5FB,루카리오 EX,0.9154,ADD_CANDIDATE
pkmn-tcg-XY-P-XYPCP2-043,XYPXYPCP2,43,,チゴラス P [XY-P 043](プロモカードパック「第2弾」),0,411700,https://cdn.snkrdunk.com/upload_bg_removed/pkmn-tcg-7314582-yu.webp,,,,ADD_CANDIDATE
pkmn-tcg-XY-P-MOVIE-D-7i-054,XYPMOVIED7I,54,,ディアンシー P [XY-P 054](プロモーションカード「映画公開記念 ディアンシーセット セブン＆アイ・ポケモンセンター限定」),0,411710,https://cdn.snkrdunk.com/upload_bg_removed/pkmn-tcg-7314593-yu.webp,,,,ADD_CANDIDATE
pkmn-tcg-XY-P-XYPCP2-047,XYPXYPCP2,47,,イカサマコイン P [XY-P 047](プロモカードパック「第2弾」),0,411704,https://cdn.snkrdunk.com/upload_bg_removed/pkmn-tcg-7314586-yu.webp,,,,ADD_CANDIDATE
pkmn-tcg-XY-P-CRCR1-14-8-060,XYPCRCR1148,60,,ランドロス P [XY-P 060](プロモーションカード「コロコロイチバン！ 2014年08月号付録」),0,411716,https://cdn.snkrdunk.com/upload_bg_removed/pkmn-tcg-7314600-yu.webp,,,,ADD_CANDIDATE
pkmn-tcg-XY-P-711-SMCP14-057,XYP711SMCP14,57,,クレッフィ P [XY-P 057](プロモーションカード「セブン-イレブン限定 サマーキャンペーン2014」),0,411713,https://cdn.snkrdunk.com/upload_bg_removed/pkmn-tcg-7314597-yu.webp,,,,ADD_CANDIDATE
pkmn-tcg-XY-P-PKMNP-065,XYPPKMNP,65,,ルチャブル P [XY-P 065](プロモーションカード「ポケモンパン」),0,411725,https://cdn.snkrdunk.com/upload_bg_removed/pkmn-tcg-7314609-yu.webp,CRD_6BA5079A40E942659EB7,찬란한 루차불,0.6652,ADD_CANDIDATE
pkmn-tcg-XY-P-MOVIE-D-053,XYPMOVIED,53,,ディアンシー P [XY-P 053](プロモーションカード「映画公開記念 ディアンシーセット劇場・ポケモンセンター限定」),0,411709,https://cdn.snkrdunk.com/upload_bg_removed/pkmn-tcg-7314592-yu.webp,,,,ADD_CANDIDATE
pkmn-tcg-XY-P-Mcd-HS-062,XYPMCDHS,62,,フォッコ P [XY-P 062](プロモーションカード「マクドナルド ハッピーセット」),0,411718,https://cdn.snkrdunk.com/upload_bg_removed/pkmn-tcg-7314602-yu.webp,,,,ADD_CANDIDATE
pkmn-tcg-XY-P-MGRBT-049,XYPMGRBT,49,,カメテテ P [XY-P 049](メガパック「リザードンメガバトル」),0,411706,https://cdn.snkrdunk.com/upload_bg_removed/pkmn-tcg-7314588-yu.webp,,,,ADD_CANDIDATE
pkmn-tcg-XY-P-XYPCP2-045,XYPXYPCP2,45,,ヌメイル P [XY-P 045](プロモカードパック「第2弾」),0,411702,https://cdn.snkrdunk.com/upload_bg_removed/pkmn-tcg-7314584-yu.webp,,,,ADD_CANDIDATE
pkmn-tcg-XY-P-Mcd-HS-065,XYPMCDHS,65,,ルチャブル P [XY-P 065](プロモーションカード「マクドナルド ハッピーセット」),0,411724,https://cdn.snkrdunk.com/upload_bg_removed/pkmn-tcg-7314608-yu.webp,CRD_3FEFE9BCF9014B07A6CB,돈크로우,0.6379,ADD_CANDIDATE
pkmn-tcg-XY-P-Mcd-HS-063,XYPMCDHS,63,,ケロマツ P [XY-P 063](プロモーションカード「マクドナルド ハッピーセット」),0,411719,https://cdn.snkrdunk.com/upload_bg_removed/pkmn-tcg-7314603-yu.webp,,,,ADD_CANDIDATE
pkmn-tcg-XY-P-XYPCP2-046,XYPXYPCP2,46,,改造ハンマー P [XY-P 046](プロモカードパック「第2弾」),0,411703,https://cdn.snkrdunk.com/upload_bg_removed/pkmn-tcg-7314585-yu.webp,,,,ADD_CANDIDATE
pkmn-tcg-XY-P-SVPPC-071,XYPSVPPC,71,,ブリガロン P [XY-P 071](プロモーションカード「夏休みプレゼントキャンペーン」),0,411728,https://cdn.snkrdunk.com/upload_bg_removed/pkmn-tcg-7314615-yu.webp,,,,ADD_CANDIDATE
pkmn-tcg-XY-P-CRCR1-14-8-059,XYPCRCR1148,59,,ゴロンダ P [XY-P 059](プロモーションカード「コロコロイチバン！ 2014年08月号付録」),0,411715,https://cdn.snkrdunk.com/upload_bg_removed/pkmn-tcg-7314599-yu.webp,,,,ADD_CANDIDATE
pkmn-tcg-XY-P-Mcd-HS-061,XYPMCDHS,61,,ハリマロン P [XY-P 061](プロモーションカード「マクドナルド ハッピーセット」),0,411717,https://cdn.snkrdunk.com/upload_bg_removed/pkmn-tcg-7314601-yu.webp,,,,ADD_CANDIDATE
pkmn-tcg-XY-P-711-SMCP14-058,XYP711SMCP14,58,,メレシー P [XY-P 058](プロモーションカード「セブン-イレブン限定 サマーキャンペーン2014」),0,411714,https://cdn.snkrdunk.com/upload_bg_removed/pkmn-tcg-7314598-yu.webp,,,,ADD_CANDIDATE
pkmn-tcg-XY-P-MGRBT-048,XYPMGRBT,48,,マフォクシーEX P [XY-P 048](メガパック「リザードンメガバトル」),0,411705,https://cdn.snkrdunk.com/upload_bg_removed/pkmn-tcg-7314587-yu.webp,,,,ADD_CANDIDATE
pkmn-tcg-XY-P-SVPPC-072,XYPSVPPC,72,,マフォクシー P [XY-P 072](プロモーションカード「夏休みプレゼントキャンペーン」),0,411729,https://cdn.snkrdunk.com/upload_bg_removed/pkmn-tcg-7314616-yu.webp,CRD_6E30EACB936041E98A01,조로아크 BREAK,0.6763,ADD_CANDIDATE
pkmn-tcg-XY-P-CRCR1-14-11-080,XYPCRCR11411,80,,ソーナンス P [XY-P 080](プロモーションカード「コロコロイチバン！ 2014年11月号付録」),0,411733,https://cdn.snkrdunk.com/upload_bg_removed/pkmn-tcg-7314624-yu.webp,,,,ADD_CANDIDATE
pkmn-tcg-XY-P-XYPCP3-081,XYPXYPCP3,81,,シシコ P [XY-P 081](プロモカードパック「第3弾」),0,411734,https://cdn.snkrdunk.com/upload_bg_removed/pkmn-tcg-7314625-yu.webp,,,,ADD_CANDIDATE
pkmn-tcg-XY-P-XYB-078,XYPXYB,78,,デデンネ P [XY-P 078](ハイパーメタルチェーンデッキ60「ディアルガEX+ギルガルドEX バトルフェスタ」),0,411731,https://cdn.snkrdunk.com/upload_bg_removed/pkmn-tcg-7314622-yu.webp,,,,ADD_CANDIDATE
pkmn-tcg-XY-P-XYPCP3-082,XYPXYPCP3,82,,エレザード P [XY-P 082](プロモカードパック「第3弾」),0,411735,https://cdn.snkrdunk.com/upload_bg_removed/pkmn-tcg-7314626-yu.webp,,,,ADD_CANDIDATE
pkmn-tcg-XY-P-XYPCP3-083,XYPXYPCP3,83,,ズバット P [XY-P 083](プロモカードパック「第3弾」),0,411736,https://cdn.snkrdunk.com/upload_bg_removed/pkmn-tcg-7314627-yu.webp,,,,ADD_CANDIDATE
pkmn-tcg-XY-P-XYPCP3-084,XYPXYPCP3,84,,エルレイドEX P [XY-P 084](プロモカードパック「第3弾」),0,411737,https://cdn.snkrdunk.com/upload_bg_removed/pkmn-tcg-7314628-yu.webp,CRD_4D2AB79A057148E8BE39,엘레이드 EX,0.8486,ADD_CANDIDATE
pkmn-tcg-XY-P-XYPCP4-110,XYPXYPCP4,110,,ロコン P [XY-P 110](プロモカードパック「第4弾」),0,411755,https://cdn.snkrdunk.com/upload_bg_removed/pkmn-tcg-7314654-yu.webp,,,,ADD_CANDIDATE
pkmn-tcg-XY-P-PKMNP-105,XYPPKMNP,105,,マーイーカ P [XY-P 105](プロモーションカード「ポケモンパン」),0,411750,https://cdn.snkrdunk.com/upload_bg_removed/pkmn-tcg-7314649-yu.webp,,,,ADD_CANDIDATE
pkmn-tcg-XY-P-XYPCP3-086,XYPXYPCP3,86,,ジヘッド P [XY-P 086](プロモカードパック「第3弾」),0,411739,https://cdn.snkrdunk.com/upload_bg_removed/pkmn-tcg-7314630-yu.webp,,,,ADD_CANDIDATE
pkmn-tcg-XY-P-CRCR1-15-2-104,XYPCRCR1152,104,,レジロック P [XY-P 104](プロモーションカード「月刊コロコロイチバン！ 2015年2月号付録」),0,411749,https://cdn.snkrdunk.com/upload_bg_removed/pkmn-tcg-7314648-yu.webp,,,,ADD_CANDIDATE
pkmn-tcg-XY-P-CP1-107,XYPCP1,107,,キモリ P [XY-P 107](コンセプトパック「マグマ団VSアクア団 ダブルクライシス コンビニ購入特典」),0,411752,https://cdn.snkrdunk.com/upload_bg_removed/pkmn-tcg-7314651-yu.webp,,,,ADD_CANDIDATE
pkmn-tcg-XY-P-CP1-108,XYPCP1,108,,アチャモ P [XY-P 108](コンセプトパック「マグマ団VSアクア団 ダブルクライシス コンビニ購入特典」),0,411753,https://cdn.snkrdunk.com/upload_bg_removed/pkmn-tcg-7314652-yu.webp,,,,ADD_CANDIDATE
pkmn-tcg-XY-P-XYPCP3-088,XYPXYPCP3,88,,いやしのはごろも P [XY-P 088](プロモカードパック「第3弾」),0,411741,https://cdn.snkrdunk.com/upload_bg_removed/pkmn-tcg-7314632-yu.webp,,,,ADD_CANDIDATE
pkmn-tcg-XY-P-XYPCP3-089,XYPXYPCP3,89,,トロバ P [XY-P 089](プロモカードパック「第3弾」),0,411742,https://cdn.snkrdunk.com/upload_bg_removed/pkmn-tcg-7314633-yu.webp,,,,ADD_CANDIDATE
pkmn-tcg-XY-P-XYPCP3-085,XYPXYPCP3,85,,ペロッパフ P [XY-P 085](プロモカードパック「第3弾」),0,411738,https://cdn.snkrdunk.com/upload_bg_removed/pkmn-tcg-7314629-yu.webp,,,,ADD_CANDIDATE
pkmn-tcg-XY-P-XYPCP4-111,XYPXYPCP4,111,,ランターン P [XY-P 111](プロモカードパック「第4弾」),0,411756,https://cdn.snkrdunk.com/upload_bg_removed/pkmn-tcg-7314655-yu.webp,,,,ADD_CANDIDATE
pkmn-tcg-XY-P-CP1-109,XYPCP1,109,,ミズゴロウ P [XY-P 109](コンセプトパック「マグマ団VSアクア団 ダブルクライシス コンビニ購入特典」),0,411754,https://cdn.snkrdunk.com/upload_bg_removed/pkmn-tcg-7314653-yu.webp,,,,ADD_CANDIDATE
pkmn-tcg-XY-P-MBD60MLEC-125,XYPMBD60MLEC,125,,ちからのハチマキ P [XY-P 125](メガバトルデッキ60「MレックウザEX 購入キャンペーン」),0,411769,https://cdn.snkrdunk.com/upload_bg_removed/pkmn-tcg-7314669-yu.webp,,,,ADD_CANDIDATE
pkmn-tcg-XY-P-XYPCP4-118,XYPXYPCP4,118,,ダートじてんしゃ P [XY-P 118](プロモカードパック「第4弾」),0,411763,https://cdn.snkrdunk.com/upload_bg_removed/pkmn-tcg-7314662-yu.webp,,,,ADD_CANDIDATE
pkmn-tcg-XY-P-XYPCP4-115,XYPXYPCP4,115,,オニドリル P [XY-P 115](プロモカードパック「第4弾」),0,411760,https://cdn.snkrdunk.com/upload_bg_removed/pkmn-tcg-7314659-yu.webp,CRD_F7B668AA293A48758034,깨비드릴조,0.901,ADD_CANDIDATE
pkmn-tcg-XY-P-CP1a-120,XYPCP1A,120,,マグマ団のしたっぱ P [XY-P 120](コンセプトパック「マグマ団VSアクア団 ダブルクライシス 購入キャンペーン」),0,411765,https://cdn.snkrdunk.com/upload_bg_removed/pkmn-tcg-7314664-yu.webp,,,,ADD_CANDIDATE
pkmn-tcg-XY-P-XYPCP5-129,XYPXYPCP5,129,,ジラーチ P [XY-P 129](プロモカードパック「第5弾」),0,411773,https://cdn.snkrdunk.com/upload_bg_removed/pkmn-tcg-7314673-yu.webp,CRD_93FFCADB9F314F93B03F,케르디오 EX,0.7274,ADD_CANDIDATE
pkmn-tcg-XY-P-XYPCP5-136,XYPXYPCP5,136,,ふしぎなアメ P [XY-P 136](プロモカードパック「第5弾」),0,411780,https://cdn.snkrdunk.com/upload_bg_removed/pkmn-tcg-7314680-yu.webp,,,,ADD_CANDIDATE
pkmn-tcg-XY-P-XYPCP5-132,XYPXYPCP5,132,,ハクリュー P [XY-P 132](プロモカードパック「第5弾」),0,411776,https://cdn.snkrdunk.com/upload_bg_removed/pkmn-tcg-7314676-yu.webp,,,,ADD_CANDIDATE
pkmn-tcg-XY-P-XYPCP4-112,XYPXYPCP4,112,,シビシラス P [XY-P 112](プロモカードパック「第4弾」),0,411757,https://cdn.snkrdunk.com/upload_bg_removed/pkmn-tcg-7314656-yu.webp,,,,ADD_CANDIDATE
pkmn-tcg-XY-P-XYPCP5-128,XYPXYPCP5,128,,ケムッソ P [XY-P 128](プロモカードパック「第5弾」),0,411772,https://cdn.snkrdunk.com/upload_bg_removed/pkmn-tcg-7314672-yu.webp,,,,ADD_CANDIDATE
pkmn-tcg-XY-P-XYPCP5-135,XYPXYPCP5,135,,ヘビーブーツ P [XY-P 135](プロモカードパック「第5弾」),0,411779,https://cdn.snkrdunk.com/upload_bg_removed/pkmn-tcg-7314679-yu.webp,,,,ADD_CANDIDATE
pkmn-tcg-XY-P-XYPCP4-116,XYPXYPCP4,116,,チルット P [XY-P 116](プロモカードパック「第4弾」),0,411761,https://cdn.snkrdunk.com/upload_bg_removed/pkmn-tcg-7314660-yu.webp,,,,ADD_CANDIDATE
pkmn-tcg-XY-P-XYPCP5-130,XYPXYPCP5,130,,カラマネロ P [XY-P 130](プロモカードパック「第5弾」),0,411774,https://cdn.snkrdunk.com/upload_bg_removed/pkmn-tcg-7314674-yu.webp,CRD_278AFBE27D01417B9CBC,칼라마네로,0.8306,ADD_CANDIDATE
pkmn-tcg-XY-P-XYPCP5-131,XYPXYPCP5,131,,ラルトス P [XY-P 131](プロモカードパック「第5弾」),0,411775,https://cdn.snkrdunk.com/upload_bg_removed/pkmn-tcg-7314675-yu.webp,,,,ADD_CANDIDATE
pkmn-tcg-XY-P-Marumiya-148,XYPMARUMIYA,148,,ハリマロン P [XY-P 148](プロモーションカード「丸美屋」),0,411790,https://cdn.snkrdunk.com/upload_bg_removed/pkmn-tcg-7314692-yu.webp,,,,ADD_CANDIDATE
pkmn-tcg-XY-P-XYPCP4-117,XYPXYPCP4,117,,エネルギーリサイクル P [XY-P 117](プロモカードパック「第4弾」),0,411762,https://cdn.snkrdunk.com/upload_bg_removed/pkmn-tcg-7314661-yu.webp,,,,ADD_CANDIDATE
pkmn-tcg-XY-P-PKMNP-148,XYPPKMNP,148,,ハリマロン P [XY-P 148](プロモーションカード「ポケモンパン」),0,411791,https://cdn.snkrdunk.com/upload_bg_removed/pkmn-tcg-7314693-yu.webp,,,,ADD_CANDIDATE
pkmn-tcg-XY-P-XYPCP5-134,XYPXYPCP5,134,,スバメ P [XY-P 134](プロモカードパック「第5弾」),0,411778,https://cdn.snkrdunk.com/upload_bg_removed/pkmn-tcg-7314678-yu.webp,,,,ADD_CANDIDATE
pkmn-tcg-XY-P-Marumiya-149,XYPMARUMIYA,149,,カビゴン P [XY-P 149](プロモーションカード「丸美屋」),0,411792,https://cdn.snkrdunk.com/upload_bg_removed/pkmn-tcg-7314694-yu.webp,CRD_68A361083D184172982D,잠만보,0.6731,ADD_CANDIDATE
pkmn-tcg-XY-P-PKC-CP-160,XYPPKCCP,160,,レジギガス P [XY-P 160](プロモーションカード「ポケモンセンター キャンペーン」),0,411798,https://cdn.snkrdunk.com/upload_bg_removed/pkmn-tcg-7314705-yu.webp,,,,ADD_CANDIDATE
pkmn-tcg-XY-P-XYPCP6-166,XYPXYPCP6,166,,バオップ P [XY-P 166](プロモカードパック「第6弾」),0,411803,https://cdn.snkrdunk.com/upload_bg_removed/pkmn-tcg-7314711-yu.webp,CRD_B05ED192EA914D9893FB,마그마번,0.6297,ADD_CANDIDATE
pkmn-tcg-XY-P-XYPCP6-172,XYPXYPCP6,172,,エネルギーリセット P [XY-P 172](プロモカードパック「第6弾」),0,411809,https://cdn.snkrdunk.com/upload_bg_removed/pkmn-tcg-7314717-yu.webp,,,,ADD_CANDIDATE
pkmn-tcg-XY-P-XYPCP6-169,XYPXYPCP6,169,,ガラガラ P [XY-P 169](プロモカードパック「第6弾」),0,411806,https://cdn.snkrdunk.com/upload_bg_removed/pkmn-tcg-7314714-yu.webp,,,,ADD_CANDIDATE
pkmn-tcg-XY-P-711SCP15-153,XYP711SCP15,153,,グラードンEX P [XY-P 153](プロモーションカード「セブンイレブン限定 サマーキャンペーン2015」),0,411794,https://cdn.snkrdunk.com/upload_bg_removed/pkmn-tcg-7314698-yu.webp,,,,ADD_CANDIDATE
pkmn-tcg-XY-P-PKC-CP-159,XYPPKCCP,159,,ヒポポタス P [XY-P 159](プロモーションカード「ポケモンセンター キャンペーン」),0,411797,https://cdn.snkrdunk.com/upload_bg_removed/pkmn-tcg-7314704-yu.webp,,,,ADD_CANDIDATE
pkmn-tcg-XY-P-XYPCP6-171,XYPXYPCP6,171,,フラエッテ P [XY-P 171](プロモカードパック「第6弾」),0,411808,https://cdn.snkrdunk.com/upload_bg_removed/pkmn-tcg-7314716-yu.webp,CRD_83BAA925FA8D48C4ABFE,플라제스 BREAK,0.8157,ADD_CANDIDATE
pkmn-tcg-XY-P-XYPCP6-168,XYPXYPCP6,168,,アマルルガEX P [XY-P 168](プロモカードパック「第6弾」),0,411805,https://cdn.snkrdunk.com/upload_bg_removed/pkmn-tcg-7314713-yu.webp,CRD_A9C9A530BD584DDBB671,아마루르가 EX,0.8253,ADD_CANDIDATE
pkmn-tcg-XY-P-XYPCP6-165,XYPXYPCP6,165,,ビビヨン P [XY-P 165](プロモカードパック「第6弾」),0,411802,https://cdn.snkrdunk.com/upload_bg_removed/pkmn-tcg-7314710-yu.webp,,,,ADD_CANDIDATE
pkmn-tcg-XY-P-XYPCP6-167,XYPXYPCP6,167,,ケロマツ P [XY-P 167](プロモカードパック「第6弾」),0,411804,https://cdn.snkrdunk.com/upload_bg_removed/pkmn-tcg-7314712-yu.webp,,,,ADD_CANDIDATE
pkmn-tcg-XY-P-CRCR1-14-9XY-067,XYPCRCR1149XY,67,,カイリキー P [XY-P 067](プロモーションカード「コロコロイチバン！ 2014年09月号増刊 ポケモンカードゲームXY激闘ガイド！ 付録」),0,411727,https://cdn.snkrdunk.com/upload_bg_removed/pkmn-tcg-7314611-yu.webp,CRD_0C3B183FCB4142F2B7B8,괴력몬 EX,0.7622,ADD_CANDIDATE
pkmn-tcg-XY-P-CRCR1-15-12-189,XYPCRCR11512,189,,オーベムBREAK P [XY-P 189](プロモーションカード「月刊コロコロイチバン！ 2015年12月号付録」),0,413375,https://cdn.snkrdunk.com/upload_bg_removed/20241013012034-0.webp,CRD_93D36BC983F24BABBFD1,벰크 BREAK,0.6396,ADD_CANDIDATE
pkmn-tcg-XY-P-MA-MM-LB-180,XYPMAMMLB,180,,レントラー P [XY-P 180](ダブルメガBREAKセット「メガプテラEX+メガクチートEX+レントラーBREAK」),0,413366,https://cdn.snkrdunk.com/upload_bg_removed/pkmn-tcg-7314726-yu.webp,,,,ADD_CANDIDATE
pkmn-tcg-XY-P-MA-MM-LB-187,XYPMAMMLB,187,,プテラソウルリンク P [XY-P 187](ダブルメガBREAKセット「メガプテラEX+メガクチートEX+レントラーBREAK」),0,413373,https://cdn.snkrdunk.com/upload_bg_removed/pkmn-tcg-7314733-yu.webp,CRD_4D37677B8AA341108958,제르네아스 EX,0.661,ADD_CANDIDATE
pkmn-tcg-XY-P-MA-MM-LB-177,XYPMAMMLB,177,,カイオーガ P [XY-P 177](ダブルメガBREAKセット「メガプテラEX+メガクチートEX+レントラーBREAK」),0,413363,https://cdn.snkrdunk.com/upload_bg_removed/pkmn-tcg-7314723-yu.webp,CRD_F2298D4559AB4FFC8AFF,가이오가,0.865,ADD_CANDIDATE
pkmn-tcg-XY-P-BR-GF-198,XYPBRGF,198,,活力剤 P [XY-P 198](バトル強化セット「草/闘」),0,413383,https://cdn.snkrdunk.com/upload_bg_removed/pkmn-tcg-7314744-yu.webp,,,,ADD_CANDIDATE
pkmn-tcg-XY-P-MA-MM-LB-179,XYPMAMMLB,179,,ルクシオ P [XY-P 179](ダブルメガBREAKセット「メガプテラEX+メガクチートEX+レントラーBREAK」),0,413365,https://cdn.snkrdunk.com/upload_bg_removed/pkmn-tcg-7314725-yu.webp,,,,ADD_CANDIDATE
pkmn-tcg-XY-P-MA-MM-LB-188,XYPMAMMLB,188,,クチートソウルリンク P [XY-P 188](ダブルメガBREAKセット「メガプテラEX+メガクチートEX+レントラーBREAK」),0,413374,https://cdn.snkrdunk.com/upload_bg_removed/pkmn-tcg-7314734-yu.webp,,,,ADD_CANDIDATE
pkmn-tcg-XY-P-BR-WP-199,XYPBRWP,199,,ゴジカ P [XY-P 199](バトル強化セット「水/超」),0,413384,https://cdn.snkrdunk.com/upload_bg_removed/pkmn-tcg-7314745-yu.webp,,,,ADD_CANDIDATE
pkmn-tcg-XY-P-GB-PE-PC-201,XYPGBPEPC,201,,シンカソーダ P [XY-P 201](BREAKコンボデッキ60「ゴルダックBREAK+パルキアEX 購入キャンペーン」),0,413386,https://cdn.snkrdunk.com/upload_bg_removed/pkmn-tcg-7314747-yu.webp,,,,ADD_CANDIDATE
pkmn-tcg-XY-P-BR-FT-200,XYPBRFT,200,,シトロン P [XY-P 200](バトル強化セット「炎/雷」),0,413385,https://cdn.snkrdunk.com/upload_bg_removed/pkmn-tcg-7314746-yu.webp,,,,ADD_CANDIDATE
pkmn-tcg-XY-P-NB-BTP-216,XYPNBBTP,216,,ヨルノズクBREAK P [XY-P 216](プロモーションカード「ヨルノズクBREAKバトル 上位賞」),0,413417,https://cdn.snkrdunk.com/upload_bg_removed/20241013012103-0.webp,,,,ADD_CANDIDATE
pkmn-tcg-XY-P-SD16-SC-210,XYPSD16SC,210,,レインボーエネルギー P [XY-P 210](プロモーションカード「2016スタートダッシュキャンペーン スペシャルカード」),0,413414,https://cdn.snkrdunk.com/upload_bg_removed/pkmn-tcg-7314756-yu.webp,CRD_A5FA3E3050F046ACB362,요가램,0.6363,ADD_CANDIDATE
pkmn-tcg-XY-P-UCT-214,XYPUCT,214,,ルカリオ P [XY-P 214](プロモーションカード「ユニクロ ポケモンカードゲームＴシャツ」),0,413416,https://cdn.snkrdunk.com/upload_bg_removed/pkmn-tcg-7314760-yu.webp,,,,ADD_CANDIDATE
pkmn-tcg-XY-P-ASK-PC-217,XYPASKPC,217,,バルジーナBREAK P [XY-P 217](拡張パック「めざめる超王 購入キャンペーン」),0,413418,https://cdn.snkrdunk.com/upload_bg_removed/20241013012125-0.webp,,,,ADD_CANDIDATE
pkmn-tcg-XY-P-CRCR1-16-5-219,XYPCRCR1165,219,,アグノム P [XY-P 219](プロモーションカード「月刊コロコロイチバン！ 2016年5月号付録」),0,413419,https://cdn.snkrdunk.com/upload_bg_removed/pkmn-tcg-7314765-yu.webp,CRD_C5460BA77BF844449364,아그놈,0.6457,ADD_CANDIDATE
pkmn-tcg-XY-P-SD16-SC-211,XYPSD16SC,211,,エコアーム P [XY-P 211](プロモーションカード「2016スタートダッシュキャンペーン スペシャルカード」),0,413415,https://cdn.snkrdunk.com/upload_bg_removed/pkmn-tcg-7314757-yu.webp,,,,ADD_CANDIDATE
pkmn-tcg-XY-P-XYPCP7-241,XYPXYPCP7,241,,ヨーギラス P [XY-P 241](プロモーションカードパック「第7弾」),0,413435,https://cdn.snkrdunk.com/upload_bg_removed/pkmn-tcg-7314787-yu.webp,,,,ADD_CANDIDATE
pkmn-tcg-XY-P-XYPCP7-244,XYPXYPCP7,244,,ピーピーマックス P [XY-P 244](プロモーションカードパック「第7弾」),0,413437,https://cdn.snkrdunk.com/upload_bg_removed/pkmn-tcg-7314790-yu.webp,,,,ADD_CANDIDATE
pkmn-tcg-XY-P-XYPCP7-238,XYPXYPCP7,238,,ファイアローBREAK P [XY-P 238](プロモーションカードパック「第7弾」),0,413432,https://cdn.snkrdunk.com/upload_bg_removed/20241013012157-0.webp,CRD_088EFCFA66FD4762A236,파이어로 BREAK,0.6871,ADD_CANDIDATE
pkmn-tcg-XY-P-XYPCP7-239,XYPXYPCP7,239,,ブラックキュレム P [XY-P 239](プロモーションカードパック「第7弾」),0,413433,https://cdn.snkrdunk.com/upload_bg_removed/pkmn-tcg-7314785-yu.webp,CRD_FFAB6C584CD745B9A717,다크라이 EX,0.7528,ADD_CANDIDATE
pkmn-tcg-XY-P-SS-HL-223,XYPSSHL,223,,ヒノアラシ P [XY-P 223](スペシャルセット「ホウオウ+ルギア」),0,413422,https://cdn.snkrdunk.com/upload_bg_removed/pkmn-tcg-7314769-yu.webp,,,,ADD_CANDIDATE
pkmn-tcg-XY-P-XYPCP7-236,XYPXYPCP7,236,,ミノムッチ P [XY-P 236](プロモーションカードパック「第7弾」),0,413430,https://cdn.snkrdunk.com/upload_bg_removed/pkmn-tcg-7314782-yu.webp,,,,ADD_CANDIDATE
pkmn-tcg-XY-P-SS-HL-226,XYPSSHL,226,,ワニノコ P [XY-P 226](スペシャルセット「ホウオウ+ルギア」),0,413424,https://cdn.snkrdunk.com/upload_bg_removed/pkmn-tcg-7314772-yu.webp,,,,ADD_CANDIDATE
pkmn-tcg-XY-P-ZSS-251,XYPZSS,251,,ジガルデ P [XY-P 251](スペシャルパック「ジガルデ スペシャルセット」),0,413440,https://cdn.snkrdunk.com/upload_bg_removed/pkmn-tcg-7314797-yu.webp,,,,ADD_CANDIDATE
pkmn-tcg-XY-P-XYPCP7-240,XYPXYPCP7,240,,マタドガス P [XY-P 240](プロモーションカードパック「第7弾」),0,413434,https://cdn.snkrdunk.com/upload_bg_removed/pkmn-tcg-7314786-yu.webp,,,,ADD_CANDIDATE
pkmn-tcg-XY-P-SS-HL-222,XYPSSHL,222,,チコリータ P [XY-P 222](スペシャルセット「ホウオウ+ルギア」),0,413421,https://cdn.snkrdunk.com/upload_bg_removed/pkmn-tcg-7314768-yu.webp,,,,ADD_CANDIDATE
pkmn-tcg-XY-P-SS-HL-227,XYPSSHL,227,,ドーブル P [XY-P 227](スペシャルセット「ホウオウ+ルギア」),0,413425,https://cdn.snkrdunk.com/upload_bg_removed/pkmn-tcg-7314773-yu.webp,,,,ADD_CANDIDATE
pkmn-tcg-XY-P-LS-PCS-02,XYPLSPCS,2,,基本炎エネルギー P [XY-P](プロモーションカード「ローソン限定 ポケモンコインセット」),0,413456,https://cdn.snkrdunk.com/upload_bg_removed/pkmn-tcg-7314825-yu.webp,,,,ADD_CANDIDATE
pkmn-tcg-XY-P-CRCR1-16-8-248,XYPCRCR1168,248,,ビクティニ P [XY-P 248](プロモーションカード「月刊コロコロイチバン！ 2016年8月号付録」),0,413439,https://cdn.snkrdunk.com/upload_bg_removed/pkmn-tcg-7314794-yu.webp,,,,ADD_CANDIDATE
pkmn-tcg-XY-P-XYPCP7-242,XYPXYPCP7,242,,ドーミラー P [XY-P 242](プロモーションカードパック「第7弾」),0,413436,https://cdn.snkrdunk.com/upload_bg_removed/pkmn-tcg-7314788-yu.webp,,,,ADD_CANDIDATE
pkmn-tcg-XY-P-CRCR1-BREAK-WG-254,XYPCRCR1BREAKWG,254,,ボーマンダEX P [XY-P 254](プロモーションカード「月刊コロコロイチバン！9月号増刊 ポケモンカードゲームXY BREAK 必勝ガイド！」),0,413442,https://cdn.snkrdunk.com/upload_bg_removed/pkmn-tcg-7314800-yu.webp,CRD_C37F7B571BA54B66B848,보만다 EX,0.8487,ADD_CANDIDATE
pkmn-tcg-XY-P-ZSS-252,XYPZSS,252,,ジガルデ P [XY-P 252](スペシャルパック「ジガルデ スペシャルセット」),0,413441,https://cdn.snkrdunk.com/upload_bg_removed/pkmn-tcg-7314798-yu.webp,,,,ADD_CANDIDATE
pkmn-tcg-XY-P-XYPCP7-237,XYPXYPCP7,237,,テールナー P [XY-P 237](プロモーションカードパック「第7弾」),0,413431,https://cdn.snkrdunk.com/upload_bg_removed/pkmn-tcg-7314783-yu.webp,,,,ADD_CANDIDATE
pkmn-tcg-XY-P-YUKI-VP-266,XYPYUKIVP,266,,ボルケニオン P [XY-P 266](プロモーションカード「YUKI ポストに声を投げ入れて ポケモン盤」),0,413449,https://cdn.snkrdunk.com/upload_bg_removed/pkmn-tcg-7314808-yu.webp,,,,ADD_CANDIDATE
pkmn-tcg-XY-P-LS-PCS-01,XYPLSPCS,1,,基本草エネルギー P [XY-P](プロモーションカード「ローソン限定 ポケモンコインセット」),0,413455,https://cdn.snkrdunk.com/upload_bg_removed/pkmn-tcg-7314824-yu.webp,,,,ADD_CANDIDATE
pkmn-tcg-XY-P-PAA-ICW-03,XYPPAAICW,3,,パンプジン P [XY-P](プロモーションカード「ポケモンアートアカデミー イラストコンテスト入賞作品カード」),0,413473,https://cdn.snkrdunk.com/upload_bg_removed/pkmn-tcg-031293_P_PANPUJIN-of.webp,,,,ADD_CANDIDATE
pkmn-tcg-XY-P-LS-PCS-09,XYPLSPCS,9,,基本フェアリーエネルギー P [XY-P](プロモーションカード「ローソン限定 ポケモンコインセット」),0,413463,https://cdn.snkrdunk.com/upload_bg_removed/pkmn-tcg-7314832-yu.webp,,,,ADD_CANDIDATE
pkmn-tcg-XY-P-PAA-ICW-04,XYPPAAICW,4,,ミズゴロウ P [XY-P](プロモーションカード「ポケモンアートアカデミー イラストコンテスト入賞作品カード」),0,413474,https://cdn.snkrdunk.com/upload_bg_removed/pkmn-tcg-031294_P_MIZUGOROU-of.webp,,,,ADD_CANDIDATE
pkmn-tcg-XY-P-MSGB-258,XYPMSGB,258,,ボーマンダソウルリンク P [XY-P 258](プロモーションカード「メガボーマンダジムバトル」),0,413445,https://cdn.snkrdunk.com/upload_bg_removed/pkmn-tcg-7314803-yu.webp,,,,ADD_CANDIDATE
pkmn-tcg-XY-P-LS-PCS-07,XYPLSPCS,7,,基本悪エネルギー P [XY-P](プロモーションカード「ローソン限定 ポケモンコインセット」),0,413461,https://cdn.snkrdunk.com/upload_bg_removed/pkmn-tcg-7314830-yu.webp,,,,ADD_CANDIDATE
pkmn-tcg-XY-P-LS-PCS-08,XYPLSPCS,8,,基本鋼エネルギー P [XY-P](プロモーションカード「ローソン限定 ポケモンコインセット」),0,413462,https://cdn.snkrdunk.com/upload_bg_removed/pkmn-tcg-7314831-yu.webp,,,,ADD_CANDIDATE
pkmn-tcg-XY-P-LS-PCS-06,XYPLSPCS,6,,基本闘エネルギー P [XY-P](プロモーションカード「ローソン限定 ポケモンコインセット」),0,413460,https://cdn.snkrdunk.com/upload_bg_removed/pkmn-tcg-7314829-yu.webp,,,,ADD_CANDIDATE
pkmn-tcg-XY-P-CRCR1-16-10-267,XYPCRCR11610,267,,ウインディBREAK P [XY-P 267](プロモーションカード「月刊コロコロイチバン！ 2016年10月号付録」),0,413450,https://cdn.snkrdunk.com/upload_bg_removed/20241013012258-0.webp,,,,ADD_CANDIDATE
pkmn-tcg-XY-P-LS-PCS-03,XYPLSPCS,3,,基本水エネルギー P [XY-P](プロモーションカード「ローソン限定 ポケモンコインセット」),0,413457,https://cdn.snkrdunk.com/upload_bg_removed/pkmn-tcg-7314826-yu.webp,,,,ADD_CANDIDATE
pkmn-tcg-XY-P-PAA-ICW-02,XYPPAAICW,2,,ヤミラミ P [XY-P](プロモーションカード「ポケモンアートアカデミー イラストコンテスト入賞作品カード」),0,413472,https://cdn.snkrdunk.com/upload_bg_removed/pkmn-tcg-031292_P_YAMIRAMI-of.webp,,,,ADD_CANDIDATE
pkmn-tcg-XY-P-LS-PCS-04,XYPLSPCS,4,,基本雷エネルギー P [XY-P](プロモーションカード「ローソン限定 ポケモンコインセット」),0,413458,https://cdn.snkrdunk.com/upload_bg_removed/pkmn-tcg-7314827-yu.webp,,,,ADD_CANDIDATE
pkmn-tcg-XY-P-LS-PCS-05,XYPLSPCS,5,,基本超エネルギー P [XY-P](プロモーションカード「ローソン限定 ポケモンコインセット」),0,413459,https://cdn.snkrdunk.com/upload_bg_removed/pkmn-tcg-7314828-yu.webp,,,,ADD_CANDIDATE
pkmn-tcg-XY-P-BF15-PP-OC-01,XYPBF15PPOC,1,,ドータクン P [XY-P](プロモーションカード「バトルフェスタ2015 プレイポイント オリジナルカード」),0,413477,https://cdn.snkrdunk.com/upload_bg_removed/pkmn-tcg-7314868-yu.webp,,,,ADD_CANDIDATE
pkmn-tcg-XY-P-PAA-ICW-01,XYPPAAICW,1,,ヌメラ P [XY-P](プロモーションカード「ポケモンアートアカデミー イラストコンテスト入賞作品カード」),0,413471,https://cdn.snkrdunk.com/upload_bg_removed/pkmn-tcg-7314862-yu.webp,,,,ADD_CANDIDATE
pkmn-tcg-XY-P-PCP-01,XYPPCP,1,,基本草エネルギー P :ミラー [XY-P](XY「プロモカードパック」),0,413494,https://cdn.snkrdunk.com/upload_bg_removed/pkmn-tcg-7314902-yu.webp,,,,ADD_CANDIDATE
pkmn-tcg-XY-P-R-PB-PA-07,XYPRPBPA,7,,ジムバッジ P [XY-P](プロモーションカード「レックウザプレバトル 参加賞」),0,413506,https://cdn.snkrdunk.com/upload_bg_removed/pkmn-tcg-7314918-yu.webp,,,,ADD_CANDIDATE
pkmn-tcg-XY-P-B-MB-6PP-02,XYPBMB6PP,2,,ガブリアスソウルリンク P [XY-P](プロモーションカード「カメックスメガバトル 6ポイント景品」),0,413485,https://cdn.snkrdunk.com/upload_bg_removed/pkmn-tcg-7314878-yu.webp,,,,ADD_CANDIDATE
pkmn-tcg-XY-P-PAA-ICW-06,XYPPAAICW,6,,ピカチュウ P [XY-P](プロモーションカード「ポケモンアートアカデミー イラストコンテスト入賞作品カード」),0,413512,https://cdn.snkrdunk.com/upload_bg_removed/pkmn-tcg-031296_P_PIKACHUU-of.webp,,,,ADD_CANDIDATE
pkmn-tcg-XY-P-PCP-02,XYPPCP,2,,基本炎エネルギー P :ミラー [XY-P](XY「プロモカードパック」),0,413495,https://cdn.snkrdunk.com/upload_bg_removed/pkmn-tcg-7314903-yu.webp,,,,ADD_CANDIDATE
pkmn-tcg-XY-P-PAA-ICW-07,XYPPAAICW,7,,ピカチュウ P [XY-P](プロモーションカード「ポケモンアートアカデミー イラストコンテスト入賞作品カード」),0,413513,https://cdn.snkrdunk.com/upload_bg_removed/pkmn-tcg-031297_P_PIKACHUU-of.webp,,,,ADD_CANDIDATE
pkmn-tcg-XY-P-R-PB-PA-04,XYPRPBPA,4,,ジムバッジ P [XY-P](プロモーションカード「レックウザプレバトル 参加賞」),0,413503,https://cdn.snkrdunk.com/upload_bg_removed/pkmn-tcg-7314915-yu.webp,,,,ADD_CANDIDATE
pkmn-tcg-XY-P-R-PB-PA-02,XYPRPBPA,2,,ジムバッジ P [XY-P](プロモーションカード「レックウザプレバトル 参加賞」),0,413501,https://cdn.snkrdunk.com/upload_bg_removed/pkmn-tcg-7314913-yu.webp,CRD_B0B1E680E6EB4FC091EE,M가디안 EX,0.6306,ADD_CANDIDATE
pkmn-tcg-XY-P-R-PB-PA-01,XYPRPBPA,1,,ジムバッジ P [XY-P](プロモーションカード「レックウザプレバトル 参加賞」),0,413500,https://cdn.snkrdunk.com/upload_bg_removed/pkmn-tcg-7314912-yu.webp,,,,ADD_CANDIDATE
pkmn-tcg-XY-P-PAA-ICW-05,XYPPAAICW,5,,ピカチュウ P [XY-P](プロモーションカード「ポケモンアートアカデミー イラストコンテスト入賞作品カード」),0,413511,https://cdn.snkrdunk.com/upload_bg_removed/pkmn-tcg-031295_P_PIKACHUU-of.webp,CRD_E1B6948E73434311B499,피카츄 EX,0.7791,ADD_CANDIDATE
pkmn-tcg-XY-P-R-PB-PA-08,XYPRPBPA,8,,ジムバッジ P [XY-P](プロモーションカード「レックウザプレバトル 参加賞」),0,413507,https://cdn.snkrdunk.com/upload_bg_removed/pkmn-tcg-7314919-yu.webp,,,,ADD_CANDIDATE
pkmn-tcg-XY-P-FT-NB-019,XYPFTNB,19,,ちからのハチマキ P [XY-P 019](プロモーションカード「ファミ通ナビBOOK」),0,413481,https://cdn.snkrdunk.com/upload_bg_removed/pkmn-tcg-7314874-yu.webp,,,,ADD_CANDIDATE
pkmn-tcg-XY-P-R-PB-PA-06,XYPRPBPA,6,,ジムバッジ P [XY-P](プロモーションカード「レックウザプレバトル 参加賞」),0,413505,https://cdn.snkrdunk.com/upload_bg_removed/pkmn-tcg-7314917-yu.webp,,,,ADD_CANDIDATE
pkmn-tcg-XY-P-PCP-03,XYPPCP,3,,基本悪エネルギー P :ミラー [XY-P](XY「プロモカードパック」),0,413496,https://cdn.snkrdunk.com/upload_bg_removed/pkmn-tcg-7314904-yu.webp,,,,ADD_CANDIDATE
pkmn-tcg-XY-P-PAA-ICW-10,XYPPAAICW,10,,ピカチュウ P [XY-P](プロモーションカード「ポケモンアートアカデミー イラストコンテスト入賞作品カード」),0,413516,https://cdn.snkrdunk.com/upload_bg_removed/pkmn-tcg-031300_P_PIKACHUU-of.webp,,,,ADD_CANDIDATE
pkmn-tcg-XY-P-OF-AIE-04,XYPOFAIE,4,,げんきのかたまり P [XY-P](プロモーションカード「ポケモンカードゲーム公認自主イベント」),0,413530,https://cdn.snkrdunk.com/upload_bg_removed/pkmn-tcg-7314953-yu.webp,,,,ADD_CANDIDATE
pkmn-tcg-XY-P-OF-AIE-01,XYPOFAIE,1,,トロバ P [XY-P](プロモーションカード「ポケモンカードゲーム公認自主イベント」),0,413527,https://cdn.snkrdunk.com/upload_bg_removed/pkmn-tcg-7314950-yu.webp,,,,ADD_CANDIDATE
pkmn-tcg-XY-P-CRCR1-BREAK-WG-255,XYPCRCR1BREAKWG,255,,トロバ P [XY-P 255](プロモーションカード「月刊コロコロイチバン！9月号増刊 ポケモンカードゲームXY BREAK 必勝ガイド！」),0,413532,https://cdn.snkrdunk.com/upload_bg_removed/pkmn-tcg-7314955-yu.webp,,,,ADD_CANDIDATE
pkmn-tcg-XY-P-PCGP-02,XYPPCGP,2,,基本炎エネルギー P [XY-P](プロモーションカード「ポケモンカードジム 景品」),0,413534,https://cdn.snkrdunk.com/upload_bg_removed/pkmn-tcg-7314961-yu.webp,,,,ADD_CANDIDATE
pkmn-tcg-XY-P-R-PB-PA-03,XYPRPBPA,3,,ジムバッジ P [XY-P](プロモーションカード「レックウザプレバトル 参加賞」),0,413502,https://cdn.snkrdunk.com/upload_bg_removed/pkmn-tcg-7314914-yu.webp,,,,ADD_CANDIDATE
pkmn-tcg-XY-P-PCGP-01,XYPPCGP,1,,基本草エネルギー P [XY-P](プロモーションカード「ポケモンカードジム 景品」),0,413533,https://cdn.snkrdunk.com/upload_bg_removed/pkmn-tcg-7314960-yu.webp,,,,ADD_CANDIDATE
pkmn-tcg-XY-P-R-PB-PA-05,XYPRPBPA,5,,ジムバッジ P [XY-P](プロモーションカード「レックウザプレバトル 参加賞」),0,413504,https://cdn.snkrdunk.com/upload_bg_removed/pkmn-tcg-7314916-yu.webp,,,,ADD_CANDIDATE
pkmn-tcg-XY-P-PCGP-03,XYPPCGP,3,,基本水エネルギー P [XY-P](プロモーションカード「ポケモンカードジム 景品」),0,413535,https://cdn.snkrdunk.com/upload_bg_removed/pkmn-tcg-7314962-yu.webp,,,,ADD_CANDIDATE
pkmn-tcg-XY-P-PAA-ICW-09,XYPPAAICW,9,,ピカチュウ P [XY-P](プロモーションカード「ポケモンアートアカデミー イラストコンテスト入賞作品カード」),0,413515,https://cdn.snkrdunk.com/upload_bg_removed/pkmn-tcg-7314930-yu.webp,,,,ADD_CANDIDATE
pkmn-tcg-XY-P-OF-AIE-03,XYPOFAIE,3,,レッドカード P [XY-P](プロモーションカード「ポケモンカードゲーム公認自主イベント」),0,413529,https://cdn.snkrdunk.com/upload_bg_removed/pkmn-tcg-7314952-yu.webp,,,,ADD_CANDIDATE
pkmn-tcg-XY-P-OF-AIE-02,XYPOFAIE,2,,きずぐすり P [XY-P](プロモーションカード「ポケモンカードゲーム公認自主イベント」),0,413528,https://cdn.snkrdunk.com/upload_bg_removed/pkmn-tcg-7314951-yu.webp,,,,ADD_CANDIDATE
pkmn-tcg-XY-P-PAA-ICW-08,XYPPAAICW,8,,ピカチュウ P [XY-P](プロモーションカード「ポケモンアートアカデミー イラストコンテスト入賞作品カード」),0,413514,https://cdn.snkrdunk.com/upload_bg_removed/pkmn-tcg-031298_P_PIKACHUU-of.webp,CRD_330E7648167E59934C965289F6483878,요코하마 피카츄 (281),0.6254,ADD_CANDIDATE
pkmn-tcg-XY-P-OF-AIE-05,XYPOFAIE,5,,プラターヌ博士 P [XY-P](プロモーションカード「ポケモンカードゲーム公認自主イベント」),0,413531,https://cdn.snkrdunk.com/upload_bg_removed/pkmn-tcg-7314954-yu.webp,,,,ADD_CANDIDATE
pkmn-tcg-XY-P-PCGP-04,XYPPCGP,4,,基本雷エネルギー P [XY-P](プロモーションカード「ポケモンカードジム 景品」),0,413536,https://cdn.snkrdunk.com/upload_bg_removed/pkmn-tcg-7314963-yu.webp,,,,ADD_CANDIDATE
pkmn-tcg-XY-P-XYPCP8-286,XYPXYPCP8,286,,カイリキーEX P [XY-P 286](プロモーションカードパック「第8弾」),0,413545,https://cdn.snkrdunk.com/upload_bg_removed/pkmn-tcg-7314974-yu.webp,CRD_0C3B183FCB4142F2B7B8,괴력몬 EX,0.7838,ADD_CANDIDATE
pkmn-tcg-XY-P-GGB-PP-02,XYPGGBPP,2,,ジムバッジ P [XY-P](プロモーションカード「ジムバッジゲットバトル 参加賞」),0,413554,https://cdn.snkrdunk.com/upload_bg_removed/pkmn-tcg-7315003-yu.webp,,,,ADD_CANDIDATE
pkmn-tcg-XY-P-PCGP-05,XYPPCGP,5,,基本超エネルギー P [XY-P](プロモーションカード「ポケモンカードジム 景品」),0,413537,https://cdn.snkrdunk.com/upload_bg_removed/pkmn-tcg-7314964-yu.webp,,,,ADD_CANDIDATE
pkmn-tcg-XY-P-PCGP-07,XYPPCGP,7,,基本悪エネルギー P [XY-P](プロモーションカード「ポケモンカードジム 景品」),0,413539,https://cdn.snkrdunk.com/upload_bg_removed/pkmn-tcg-7314966-yu.webp,,,,ADD_CANDIDATE
pkmn-tcg-XY-P-PCGP-08,XYPPCGP,8,,基本鋼エネルギー P [XY-P](プロモーションカード「ポケモンカードジム 景品」),0,413540,https://cdn.snkrdunk.com/upload_bg_removed/pkmn-tcg-7314967-yu.webp,,,,ADD_CANDIDATE
pkmn-tcg-XY-P-XYPCP8-283,XYPXYPCP8,283,,メガヤンマ P [XY-P 283](プロモーションカードパック「第8弾」),0,413542,https://cdn.snkrdunk.com/upload_bg_removed/pkmn-tcg-7314971-yu.webp,CRD_EF8B22836E854405A0EE,메가자리 ex,0.6224,ADD_CANDIDATE
pkmn-tcg-XY-P-GGB-TW-07,XYPGGBTW,7,,ジムバッジ P :ミラー [XY-P](プロモーションカード「ジムバッジゲットバトル 上位入賞」),0,413567,https://cdn.snkrdunk.com/upload_bg_removed/pkmn-tcg-7315016-yu.webp,,,,ADD_CANDIDATE
pkmn-tcg-XY-P-PCGP-06,XYPPCGP,6,,基本闘エネルギー P [XY-P](プロモーションカード「ポケモンカードジム 景品」),0,413538,https://cdn.snkrdunk.com/upload_bg_removed/pkmn-tcg-7314965-yu.webp,,,,ADD_CANDIDATE
pkmn-tcg-XY-P-XYPCP8-288,XYPXYPCP8,288,,ドラミドロ P [XY-P 288](プロモーションカードパック「第8弾」),0,413547,https://cdn.snkrdunk.com/upload_bg_removed/pkmn-tcg-7314976-yu.webp,,,,ADD_CANDIDATE
pkmn-tcg-XY-P-GGB-PP-04,XYPGGBPP,4,,ジムバッジ P [XY-P](プロモーションカード「ジムバッジゲットバトル 参加賞」),0,413556,https://cdn.snkrdunk.com/upload_bg_removed/pkmn-tcg-7315005-yu.webp,,,,ADD_CANDIDATE
pkmn-tcg-XY-P-XYPCP8-285,XYPXYPCP8,285,,オーロット P [XY-P 285](プロモーションカードパック「第8弾」),0,413544,https://cdn.snkrdunk.com/upload_bg_removed/pkmn-tcg-7314973-yu.webp,,,,ADD_CANDIDATE
pkmn-tcg-XY-P-GGB-TW-06,XYPGGBTW,6,,ジムバッジ P :ミラー [XY-P](プロモーションカード「ジムバッジゲットバトル 上位入賞」),0,413566,https://cdn.snkrdunk.com/upload_bg_removed/pkmn-tcg-7315015-yu.webp,,,,ADD_CANDIDATE
pkmn-tcg-XY-P-GGB-PP-05,XYPGGBPP,5,,ジムバッジ P [XY-P](プロモーションカード「ジムバッジゲットバトル 参加賞」),0,413557,https://cdn.snkrdunk.com/upload_bg_removed/pkmn-tcg-7315006-yu.webp,,,,ADD_CANDIDATE
pkmn-tcg-XY-P-GGB-PP-06,XYPGGBPP,6,,ジムバッジ P [XY-P](プロモーションカード「ジムバッジゲットバトル 参加賞」),0,413558,https://cdn.snkrdunk.com/upload_bg_removed/pkmn-tcg-7315007-yu.webp,,,,ADD_CANDIDATE
pkmn-tcg-XY-P-GGB-TW-04,XYPGGBTW,4,,ジムバッジ P :ミラー [XY-P](プロモーションカード「ジムバッジゲットバトル 上位入賞」),0,413564,https://cdn.snkrdunk.com/upload_bg_removed/pkmn-tcg-7315013-yu.webp,,,,ADD_CANDIDATE
pkmn-tcg-XY-P-GGB-TW-03,XYPGGBTW,3,,ジムバッジ P :ミラー [XY-P](プロモーションカード「ジムバッジゲットバトル 上位入賞」),0,413563,https://cdn.snkrdunk.com/upload_bg_removed/pkmn-tcg-7315012-yu.webp,,,,ADD_CANDIDATE
pkmn-tcg-XY-P-ZE-MB60-MA-PC-220,XYPZEMB60MAPC,220,,とつげきチョッキ P [XY-P 220](パーフェクトバトルデッキ60「ジガルデEX・メガバトルデッキ60・メガタブンネEX 購入キャンペーン」),0,413420,https://cdn.snkrdunk.com/upload_bg_removed/pkmn-tcg-7314766-yu.webp,CRD_304E6E316BFB44F593D5,스태솔트,0.6356,ADD_CANDIDATE
pkmn-tcg-XY-P-GGB-PP-07,XYPGGBPP,7,,ジムバッジ P [XY-P](プロモーションカード「ジムバッジゲットバトル 参加賞」),0,413559,https://cdn.snkrdunk.com/upload_bg_removed/pkmn-tcg-7315008-yu.webp,,,,ADD_CANDIDATE
pkmn-tcg-XY-P-GGB-PP-08,XYPGGBPP,8,,ジムバッジ P [XY-P](プロモーションカード「ジムバッジゲットバトル 参加賞」),0,413560,https://cdn.snkrdunk.com/upload_bg_removed/pkmn-tcg-7315009-yu.webp,,,,ADD_CANDIDATE
pkmn-tcg-XY-P-GGB-PP-03,XYPGGBPP,3,,ジムバッジ P [XY-P](プロモーションカード「ジムバッジゲットバトル 参加賞」),0,413555,https://cdn.snkrdunk.com/upload_bg_removed/pkmn-tcg-7315004-yu.webp,,,,ADD_CANDIDATE
pkmn-tcg-SV-P-189,SVP,189,,わざマシンマシン P [SV-P 189](スカーレット&バイオレット「プロモカードパック 第8弾」),0,414219,https://cdn.snkrdunk.com/upload_bg_removed/pkmn-tcg-SV-P-189.webp,,,,ADD_CANDIDATE
pkmn-tcg-SV-P-185,SVP,185,,テツノツツミ P [SV-P 185](スカーレット&バイオレット「プロモカードパック 第8弾」),0,414215,https://cdn.snkrdunk.com/upload_bg_removed/pkmn-tcg-SV-P-185.webp,CRD_3FED5DC18A974AFBB5BA,딜리버드,0.6848,ADD_CANDIDATE
pkmn-tcg-SV-P-186,SVP,186,,ヒポポタス P [SV-P 186](スカーレット&バイオレット「プロモカードパック 第8弾」),0,414216,https://cdn.snkrdunk.com/upload_bg_removed/pkmn-tcg-SV-P-186.webp,CRD_4A61E9FAD7D64AE2BB13,빛나는 볼케니온,0.7146,ADD_CANDIDATE
pkmn-tcg-SV-P-184,SVP,184,,ベラカスex P [SV-P 184](スカーレット&バイオレット「プロモカードパック 第8弾」),0,414214,https://cdn.snkrdunk.com/upload_bg_removed/pkmn-tcg-SV-P-184.webp,,,,ADD_CANDIDATE
pkmn-tcg-SV-P-187,SVP,187,,カバルドン P [SV-P 187](スカーレット&バイオレット「プロモカードパック 第8弾」),0,414217,https://cdn.snkrdunk.com/upload_bg_removed/pkmn-tcg-SV-P-187.webp,,,,ADD_CANDIDATE
pkmn-tcg-SV-P-188,SVP,188,,ボスの指令 (ゲーチス) P [SV-P 188](スカーレット&バイオレット「プロモカードパック 第8弾」),0,414218,https://cdn.snkrdunk.com/upload_bg_removed/pkmn-tcg-SV-P-188.webp,,,,ADD_CANDIDATE
pkmn-tcg-SV-P-057,SVP,57,,ボタン P [SV-P 057](プロモーションカード「新弾バトル 第2弾 / ジャンケン賞」),0,414223,https://cdn.snkrdunk.com/upload_bg_removed/20241011073357-1.webp,,,,ADD_CANDIDATE
pkmn-tcg-SV-P-096,SVP,96,,グルーシャ P [SV-P 096](プロモーションカード「新弾バトル 第3弾 / ジャンケン賞」),0,414224,https://cdn.snkrdunk.com/upload_bg_removed/20241011073357-2.webp,,,,ADD_CANDIDATE
pkmn-tcg-SV-P-030,SVP,30,,ペパー P [SV-P 030](プロモーションカード「新弾バトル 第1弾 / ジャンケン賞」),0,414222,https://cdn.snkrdunk.com/upload_bg_removed/20241011073357-0.webp,,,,ADD_CANDIDATE
pkmn-tcg-SV-P-190,SVP,190,,ジェットエネルギー P [SV-P 190](スカーレット&バイオレット「プロモカードパック 第8弾」),0,414220,https://cdn.snkrdunk.com/upload_bg_removed/pkmn-tcg-SV-P-190.webp,,,,ADD_CANDIDATE
pkmn-tcg-SV-P-191,SVP,191,,アカマツ P [SV-P 191](プロモーションカード 「新弾バトル 優勝 第8弾/ ジャンケン賞」),0,414221,https://cdn.snkrdunk.com/upload_bg_removed/pkmn-tcg-SV-P-191.webp,,,,ADD_CANDIDATE
pkmn-tcg-SV-P-118,SVP,118,,ポピー P [SV-P 118](プロモーションカード「新弾バトル 第4弾 / ジャンケン賞」),0,414225,https://cdn.snkrdunk.com/upload_bg_removed/20241011073358-3.webp,,,,ADD_CANDIDATE
pkmn-tcg-SV-P-147,SVP,147,,マツバの確信 P [SV-P 147](プロモーションカード「新弾バトル 第6弾 / ジャンケン賞」),0,414227,https://cdn.snkrdunk.com/upload_bg_removed/20241011073358-5.webp,,,,ADD_CANDIDATE
pkmn-tcg-SV-P-171,SVP,171,,ゼイユ P [SV-P 171](プロモーションカード「新弾バトル 第7弾 / ジャンケン賞」),0,414228,https://cdn.snkrdunk.com/upload_bg_removed/20241011073359-6.webp,,,,ADD_CANDIDATE
pkmn-tcg-SV-P-128,SVP,128,,チリ P [SV-P 128](プロモーションカード「新弾バトル 第5弾 / ジャンケン賞」),0,414226,https://cdn.snkrdunk.com/upload_bg_removed/20241011073358-4.webp,,,,ADD_CANDIDATE
pkmn-tcg-BW-P-0002-005,BWP0002,5,,マメパト P [BW-P 005](プロモーションカード「なぞのタマゴ キャンペーン セブンイレブン限定」),0,415379,https://cdn.snkrdunk.com/upload_bg_removed/pkmn-tcg-7314287-yu.webp,,,,ADD_CANDIDATE
pkmn-tcg-BW-P-0002-004,BWP0002,4,,ヤナップ P [BW-P 004](プロモーションカード「なぞのタマゴ キャンペーン セブンイレブン限定」),0,415378,https://cdn.snkrdunk.com/upload_bg_removed/pkmn-tcg-7314286-yu.webp,,,,ADD_CANDIDATE
pkmn-tcg-BW-P-0002-006,BWP0002,6,,キバゴ P [BW-P 006](プロモーションカード「なぞのタマゴ キャンペーン セブンイレブン限定」),0,415380,https://cdn.snkrdunk.com/upload_bg_removed/pkmn-tcg-7314288-yu.webp,,,,ADD_CANDIDATE
pkmn-tcg-BW-P-0001-001,BWP0001,1,,ヤナップ P [BW-P 001](プロモーションカード「なぞのタマゴ キャンペーン」),0,415375,https://cdn.snkrdunk.com/upload_bg_removed/pkmn-tcg-7314283-yu.webp,,,,ADD_CANDIDATE
pkmn-tcg-BW-P-0098-008,BWP0098,8,,コアルヒー P [BW-P 008](プロモーションカードパック「ジム☆チャレンジ 2011年2月」),0,415382,https://cdn.snkrdunk.com/upload_bg_removed/pkmn-tcg-7314290-yu.webp,,,,ADD_CANDIDATE
pkmn-tcg-BW-P-0098-016,BWP0098,16,,基本闘エネルギー P [BW-P 016](プロモーションカードパック「ジム☆チャレンジ 2011年2月」),0,415390,https://cdn.snkrdunk.com/upload_bg_removed/pkmn-tcg-7314298-yu.webp,,,,ADD_CANDIDATE
pkmn-tcg-BW-P-0098-009,BWP0098,9,,ヒトモシ P [BW-P 009](プロモーションカードパック「ジム☆チャレンジ 2011年2月」),0,415383,https://cdn.snkrdunk.com/upload_bg_removed/pkmn-tcg-7314291-yu.webp,CRD_93B44E38ADC1449B84C7,냐오닉스 EX,0.653,ADD_CANDIDATE
pkmn-tcg-BW-P-0098-014,BWP0098,14,,基本炎エネルギー P [BW-P 014](プロモーションカードパック「ジム☆チャレンジ 2011年2月」),0,415388,https://cdn.snkrdunk.com/upload_bg_removed/pkmn-tcg-7314296-yu.webp,,,,ADD_CANDIDATE
pkmn-tcg-BW-P-0098-011,BWP0098,11,,ミネズミ [BW-P 011](プロモーションカードパック「ジム☆チャレンジ 2011年2月」),0,415385,https://cdn.snkrdunk.com/upload_bg_removed/pkmn-tcg-7314293-yu.webp,,,,ADD_CANDIDATE
pkmn-tcg-BW-P-0098-012,BWP0098,12,,アララギ博士 P [BW-P 012/BW-P](プロモーションカードパック「ジム☆チャレンジ 2011年2月」),0,415386,https://cdn.snkrdunk.com/upload_bg_removed/pkmn-tcg-7314294-yu.webp,,,,ADD_CANDIDATE
pkmn-tcg-BW-P-0001-002,BWP0001,2,,マメパト P [BW-P 002](プロモーションカード「なぞのタマゴ キャンペーン」),0,415376,https://cdn.snkrdunk.com/upload_bg_removed/pkmn-tcg-7314284-yu.webp,CRD_ACE1406D88444132AE41,프리져 EX플라스마단,0.6322,ADD_CANDIDATE
pkmn-tcg-BW-P-0004-022,BWP0004,22,,チラーミィ P [BW-P 022](プロモーションカード「ユニクロポケモンカードゲーム」),0,415396,https://cdn.snkrdunk.com/upload_bg_removed/pkmn-tcg-7314304-yu.webp,CRD_44DEAF40BD594140A6C6,치라치노 ex,0.6256,ADD_CANDIDATE
pkmn-tcg-BW-P-0001-003,BWP0001,3,,キバゴ P [BW-P 003](プロモーションカード「なぞのタマゴ キャンペーン」),0,415377,https://cdn.snkrdunk.com/upload_bg_removed/pkmn-tcg-7314285-yu.webp,,,,ADD_CANDIDATE
pkmn-tcg-BW-P-0004-021,BWP0004,21,,ゾロア P [BW-P 021](プロモーションカード「ユニクロポケモンカードゲーム」),0,415395,https://cdn.snkrdunk.com/upload_bg_removed/pkmn-tcg-7314303-yu.webp,,,,ADD_CANDIDATE
pkmn-tcg-BW-P-0003-007,BWP0003,7,,ゾロアーク P [BW-P 007](プロモーションカード「ブラックコレクション・ホワイトコレクション BOX購入キャンペーン」),0,415381,https://cdn.snkrdunk.com/upload_bg_removed/pkmn-tcg-7314289-yu.webp,,,,ADD_CANDIDATE
pkmn-tcg-BW-P-0004-018,BWP0004,18,,ツタージャ P [BW-P 018](プロモーションカード「ユニクロポケモンカードゲーム」),0,415392,https://cdn.snkrdunk.com/upload_bg_removed/pkmn-tcg-7314300-yu.webp,,,,ADD_CANDIDATE
pkmn-tcg-BW-P-0004-023,BWP0004,23,,ポケモン図鑑 P [BW-P 023](プロモーションカード「ユニクロポケモンカードゲーム」),0,415397,https://cdn.snkrdunk.com/upload_bg_removed/pkmn-tcg-7314305-yu.webp,,,,ADD_CANDIDATE
pkmn-tcg-BW-P-0098-015,BWP0098,15,,基本雷エネルギー P [BW-P 015](プロモーションカードパック「ジム☆チャレンジ 2011年2月」),0,415389,https://cdn.snkrdunk.com/upload_bg_removed/pkmn-tcg-7314297-yu.webp,,,,ADD_CANDIDATE
pkmn-tcg-BW-P-0098-013,BWP0098,13,,チェレン P [BW-P 013](プロモーションカードパック「ジム☆チャレンジ 2011年2月」),0,415387,https://cdn.snkrdunk.com/upload_bg_removed/pkmn-tcg-7314295-yu.webp,,,,ADD_CANDIDATE
pkmn-tcg-BW-P-0005-024,BWP0005,24,,ゾロアーク P [BW-P 024](プロモーションカード「ポケモンカードゲーム関連商品購入特典」),0,415398,https://cdn.snkrdunk.com/upload_bg_removed/pkmn-tcg-7314306-yu.webp,,,,ADD_CANDIDATE
pkmn-tcg-BW-P-0098-010,BWP0098,10,,ギガイアス P [BW-P 010](プロモーションカードパック「ジム☆チャレンジ 2011年2月」),0,415384,https://cdn.snkrdunk.com/upload_bg_removed/pkmn-tcg-7314292-yu.webp,CRD_43945060F9E847A0AE3F,그란돈 EX,0.6888,ADD_CANDIDATE
pkmn-tcg-BW-P-0007-036,BWP0007,36,,ミジュマル P [BW-P 036](プロモーションカード「イトーヨカドースタンプラリー」),0,415403,https://cdn.snkrdunk.com/upload_bg_removed/pkmn-tcg-7314318-yu.webp,,,,ADD_CANDIDATE
pkmn-tcg-BW-P-0009-040,BWP0009,40,,ナゲキ P [BW-P 040](プロモーションカード「ミニカードファイルセット ナゲキVer.」),0,415404,https://cdn.snkrdunk.com/upload_bg_removed/pkmn-tcg-7314322-yu.webp,,,,ADD_CANDIDATE
pkmn-tcg-BW-P-0006-033,BWP0006,33,,基本悪エネルギー P [BW-P 033](プロモーションカード「はじめて大会クイズラリー」),0,415400,https://cdn.snkrdunk.com/upload_bg_removed/pkmn-tcg-7314315-yu.webp,,,,ADD_CANDIDATE
pkmn-tcg-BW-P-0007-034,BWP0007,34,,ツタージャ P [BW-P 034](プロモーションカード「イトーヨカドースタンプラリー」),0,415401,https://cdn.snkrdunk.com/upload_bg_removed/pkmn-tcg-7314316-yu.webp,,,,ADD_CANDIDATE
pkmn-tcg-BW-P-0007-035,BWP0007,35,,ポカブ P [BW-P 035](プロモーションカード「イトーヨカドースタンプラリー」),0,415402,https://cdn.snkrdunk.com/upload_bg_removed/pkmn-tcg-7314317-yu.webp,,,,ADD_CANDIDATE
pkmn-tcg-BW-P-0011-044,BWP0011,44,,ミジュマル P [BW-P 044](プロモーションカード「ユニースタンプラリー」),0,415408,https://cdn.snkrdunk.com/upload_bg_removed/pkmn-tcg-7314326-of.webp,,,,ADD_CANDIDATE
pkmn-tcg-BW-P-0011-042,BWP0011,42,,ツタージャ P [BW-P 042](プロモーションカード「ユニースタンプラリー」),0,415406,https://cdn.snkrdunk.com/upload_bg_removed/pkmn-tcg-7314324-of.webp,,,,ADD_CANDIDATE
pkmn-tcg-BW-P-0010-041,BWP0010,41,,ダゲキ P [BW-P 041](プロモーションカード「ミニカードファイルセット ダゲキVer.」),0,415405,https://cdn.snkrdunk.com/upload_bg_removed/pkmn-tcg-7314323-yu.webp,,,,ADD_CANDIDATE
pkmn-tcg-BW-P-0098-017,BWP0098,17,,基本悪エネルギー P [BW-P 017](プロモーションカードパック「ジム☆チャレンジ 2011年2月」),0,415391,https://cdn.snkrdunk.com/upload_bg_removed/pkmn-tcg-7314299-yu.webp,,,,ADD_CANDIDATE
pkmn-tcg-BW-P-0011-043,BWP0011,43,,ポカブ P [BW-P 043](プロモーションカード「ユニースタンプラリー」),0,415407,https://cdn.snkrdunk.com/upload_bg_removed/pkmn-tcg-7314325-of.webp,,,,ADD_CANDIDATE
pkmn-tcg-BW-P-0012-045,BWP0012,45,,ギギギアル P [BW-P 045](プロモーションカード「映画公開記念 バリューセット セブンイレブン・ポケモンセンター」),0,415409,https://cdn.snkrdunk.com/upload_bg_removed/pkmn-tcg-7314327-yu.webp,,,,ADD_CANDIDATE
pkmn-tcg-BW-P-0019-060,BWP0019,60,,エルフーン P [BW-P 060](プロモーションカード「ポケモンキッズスペシャル」),0,415422,https://cdn.snkrdunk.com/upload_bg_removed/pkmn-tcg-7314342-yu.webp,CRD_555EE842647815F48715,엘풍 ex,0.6266,ADD_CANDIDATE
pkmn-tcg-BW-P-0018-057,BWP0018,57,,ヤナッキー P [BW-P 057](プロモーションカード「ポケモン言えるかな? BW CD初回封入特典」),0,415419,https://cdn.snkrdunk.com/upload_bg_removed/pkmn-tcg-7314339-yu.webp,,,,ADD_CANDIDATE
pkmn-tcg-BW-P-0018-059,BWP0018,59,,ヒヤッキー P [BW-P 059](プロモーションカード「ポケモン言えるかな? BW CD初回封入特典」),0,415421,https://cdn.snkrdunk.com/upload_bg_removed/pkmn-tcg-7314341-yu.webp,,,,ADD_CANDIDATE
pkmn-tcg-BW-P-0016-052,BWP0016,52,,ゼクロム P [BW-P 052](プロモーションカード「スペシャルトランクセット レシラム」),0,415415,https://cdn.snkrdunk.com/upload_bg_removed/pkmn-tcg-7314334-yu.webp,CRD_84D9AB8184C644238C4E,제크로무 EX,0.6231,ADD_CANDIDATE
pkmn-tcg-BW-P-0014-047,BWP0014,47,,ランドロス P [BW-P 047](プロモーションカード「レッドコレクション BOX購入特典」),0,415411,https://cdn.snkrdunk.com/upload_bg_removed/pkmn-tcg-7314329-yu.webp,,,,ADD_CANDIDATE
pkmn-tcg-BW-P-0016-051,BWP0016,51,,レシラム P [BW-P 051](プロモーションカード「スペシャルトランクセット レシラム」),0,415414,https://cdn.snkrdunk.com/upload_bg_removed/pkmn-tcg-7314333-yu.webp,CRD_6E30EACB936041E98A01,조로아크 BREAK,0.7536,ADD_CANDIDATE
pkmn-tcg-BW-P-0013-046,BWP0013,46,,ゴルーグ P [BW-P 046](プロモーションカード「映画公開記念 バリューセット」),0,415410,https://cdn.snkrdunk.com/upload_bg_removed/pkmn-tcg-7314328-yu.webp,CRD_9CD978A793F04EEBB0F9,거북왕 EX,0.6709,ADD_CANDIDATE
pkmn-tcg-BW-P-0015-050,BWP0015,50,,キバゴ P [BW-P 050](プロモーションカード「ピザーラ限定セット」),0,415413,https://cdn.snkrdunk.com/upload_bg_removed/pkmn-tcg-7314332-yu.webp,,,,ADD_CANDIDATE
pkmn-tcg-BW-P-0015-048,BWP0015,48,,ダルマッカ P [BW-P 048](プロモーションカード「ピザーラ限定セット」),0,415412,https://cdn.snkrdunk.com/upload_bg_removed/pkmn-tcg-7314330-yu.webp,,,,ADD_CANDIDATE
pkmn-tcg-BW-P-0018-058,BWP0018,58,,バオッキー P [BW-P 058](プロモーションカード「ポケモン言えるかな? BW CD初回封入特典」),0,415420,https://cdn.snkrdunk.com/upload_bg_removed/pkmn-tcg-7314340-yu.webp,,,,ADD_CANDIDATE
pkmn-tcg-BW-P-0017-056,BWP0017,56,,ランクルス P [BW-P 056](プロモーションカード「レッドコレクション発売記念」),0,415418,https://cdn.snkrdunk.com/upload_bg_removed/pkmn-tcg-7314338-yu.webp,,,,ADD_CANDIDATE
pkmn-tcg-BW-P-0019-061,BWP0019,61,,チュリネ P [BW-P 061](プロモーションカード「ポケモンキッズスペシャル」),0,415423,https://cdn.snkrdunk.com/upload_bg_removed/pkmn-tcg-7314343-yu.webp,,,,ADD_CANDIDATE
pkmn-tcg-BW-P-0019-062,BWP0019,62,,ドレディア P [BW-P 062](プロモーションカード「ポケモンキッズスペシャル」),0,415424,https://cdn.snkrdunk.com/upload_bg_removed/pkmn-tcg-7314344-yu.webp,CRD_1C6F8B47E1DE4A3B8C3C,드레디어,0.632,ADD_CANDIDATE
pkmn-tcg-BW-P-0036-121,BWP0036,121,,オノノクス P [BW-P 121/BW-P](プロモーションカード「別冊コロコロコミック 2月号増刊 付録」),0,415477,https://cdn.snkrdunk.com/upload_bg_removed/pkmn-tcg-7314403-yu.webp,,,,ADD_CANDIDATE
pkmn-tcg-BW-P-0036-122,BWP0036,122,,ヘビーボール [BW-P 122/BW-P](プロモーションカード「別冊コロコロコミック 2月号増刊 付録」),0,415478,https://cdn.snkrdunk.com/upload_bg_removed/pkmn-tcg-7314404-yu.webp,,,,ADD_CANDIDATE
pkmn-tcg-BW-P-0100-124,BWP0100,124,,フシギダネ P [BW-P 124/BW-P](プロモーションカードパック「ジム☆チャレンジ 2012年3月」),0,415480,https://cdn.snkrdunk.com/upload_bg_removed/pkmn-tcg-7314406-yu.webp,CRD_65DE95DF80D94E05A42A,이상해꽃 EX,0.6635,ADD_CANDIDATE
pkmn-tcg-BW-P-0033-118,BWP0033,118,,ドリュウズ P [BW-P 118/BW-P](スペシャルキャンペーンパック「ビクティニ」),0,415475,https://cdn.snkrdunk.com/upload_bg_removed/pkmn-tcg-7314400-yu.webp,,,,ADD_CANDIDATE
pkmn-tcg-BW-P-0100-125,BWP0100,125,,エンペルト P [BW-P 125/BW-P](プロモーションカードパック「ジム☆チャレンジ 2012年3月」),0,415481,https://cdn.snkrdunk.com/upload_bg_removed/pkmn-tcg-7314407-yu.webp,,,,ADD_CANDIDATE
pkmn-tcg-BW-P-0034-119,BWP0034,119,,ウルガモス P [BW-P 119/BW-P](プロモーションカード「ダークラッシュ BOX購入キャンペーン」),0,415476,https://cdn.snkrdunk.com/upload_bg_removed/pkmn-tcg-7314401-yu.webp,,,,ADD_CANDIDATE
pkmn-tcg-BW-P-0100-131,BWP0100,131,,基本雷エネルギー P [BW-P 131/BW-P](プロモーションカードパック「ジム☆チャレンジ 2012年3月」),0,415486,https://cdn.snkrdunk.com/upload_bg_removed/pkmn-tcg-7314412-yu.webp,,,,ADD_CANDIDATE
pkmn-tcg-BW-P-0100-127,BWP0100,127,,プリン P [BW-P 127/BW-P](プロモーションカードパック「ジム☆チャレンジ 2012年3月」),0,415483,https://cdn.snkrdunk.com/upload_bg_removed/pkmn-tcg-7314409-yu.webp,CRD_D3E88C25E8B642E3BF45,우렁찬꼬리 ex,0.7411,ADD_CANDIDATE
pkmn-tcg-BW-P-0037-123,BWP0037,123,,キュウコン P [BW-P 123/BW-P](プロモーションカード「リューズブラスト リューノブレード BOX購入キャンペーン」),0,415479,https://cdn.snkrdunk.com/upload_bg_removed/pkmn-tcg-7314405-yu.webp,CRD_67BA3BC34CA2443FAB1C,리자몽 EX,0.7674,ADD_CANDIDATE
pkmn-tcg-BW-P-0100-132,BWP0100,132,,基本闘エネルギー P [BW-P 132/BW-P](プロモーションカードパック「ジム☆チャレンジ 2012年3月」),0,415487,https://cdn.snkrdunk.com/upload_bg_removed/pkmn-tcg-7314413-yu.webp,,,,ADD_CANDIDATE
pkmn-tcg-BW-P-0100-126,BWP0100,126,,リグレー P [BW-P 126/BW-P](プロモーションカードパック「ジム☆チャレンジ 2012年3月」),0,415482,https://cdn.snkrdunk.com/upload_bg_removed/pkmn-tcg-7314408-yu.webp,,,,ADD_CANDIDATE
pkmn-tcg-BW-P-0100-130,BWP0100,130,,基本炎エネルギー P [BW-P 130/BW-P](プロモーションカードパック「ジム☆チャレンジ 2012年3月」),0,415485,https://cdn.snkrdunk.com/upload_bg_removed/pkmn-tcg-7314411-yu.webp,,,,ADD_CANDIDATE
pkmn-tcg-BW-P-0100-129,BWP0100,129,,プリズムエネルギー P [BW-P 129/BW-P](プロモーションカードパック「ジム☆チャレンジ 2012年3月」),0,415484,https://cdn.snkrdunk.com/upload_bg_removed/pkmn-tcg-7314410-yu.webp,,,,ADD_CANDIDATE
pkmn-tcg-BW-P-0101-136,BWP0101,136,,ココドラ P [BW-P 136/BW-P](プロモーションカードパック「ジム☆チャレンジ 2012年6月」),0,415491,https://cdn.snkrdunk.com/upload_bg_removed/pkmn-tcg-7314417-yu.webp,,,,ADD_CANDIDATE
pkmn-tcg-BW-P-0100-133,BWP0100,133,,基本悪エネルギー P [BW-P 133/BW-P](プロモーションカードパック「ジム☆チャレンジ 2012年3月」),0,415488,https://cdn.snkrdunk.com/upload_bg_removed/pkmn-tcg-7314414-yu.webp,,,,ADD_CANDIDATE
pkmn-tcg-BW-P-0101-135,BWP0101,135,,ヤブクロン P [BW-P 135/BW-P](プロモーションカードパック「ジム☆チャレンジ 2012年6月」),0,415490,https://cdn.snkrdunk.com/upload_bg_removed/pkmn-tcg-7314416-yu.webp,,,,ADD_CANDIDATE
pkmn-tcg-BW-P-0101-137,BWP0101,137,,ウォーグル P [BW-P 137/BW-P](プロモーションカードパック「ジム☆チャレンジ 2012年6月」),0,415492,https://cdn.snkrdunk.com/upload_bg_removed/pkmn-tcg-7314418-yu.webp,,,,ADD_CANDIDATE
pkmn-tcg-BW-P-0101-139,BWP0101,139,,ツールスクラッパー P [BW-P 139/BW-P](プロモーションカードパック「ジム☆チャレンジ 2012年6月」),0,415494,https://cdn.snkrdunk.com/upload_bg_removed/pkmn-tcg-7314420-yu.webp,,,,ADD_CANDIDATE
pkmn-tcg-BW-P-0101-142,BWP0101,142,,基本超エネルギー P [BW-P 142/BW-P](プロモーションカードパック「ジム☆チャレンジ 2012年6月」),0,415497,https://cdn.snkrdunk.com/upload_bg_removed/pkmn-tcg-7314423-yu.webp,,,,ADD_CANDIDATE
pkmn-tcg-BW-P-0101-143,BWP0101,143,,基本鋼エネルギー P [BW-P 143/BW-P](プロモーションカードパック「ジム☆チャレンジ 2012年6月」),0,415498,https://cdn.snkrdunk.com/upload_bg_removed/pkmn-tcg-7314424-yu.webp,,,,ADD_CANDIDATE
pkmn-tcg-BW-P-0101-134,BWP0101,134,,デンリュウ P [BW-P 134/BW-P](プロモーションカードパック「ジム☆チャレンジ 2012年6月」),0,415489,https://cdn.snkrdunk.com/upload_bg_removed/pkmn-tcg-7314415-yu.webp,,,,ADD_CANDIDATE
pkmn-tcg-BW-P-0101-140,BWP0101,140,,基本草エネルギー P [BW-P 140/BW-P](プロモーションカードパック「ジム☆チャレンジ 2012年6月」),0,415495,https://cdn.snkrdunk.com/upload_bg_removed/pkmn-tcg-7314421-yu.webp,,,,ADD_CANDIDATE
pkmn-tcg-BW-P-0040-147,BWP0040,147,,フワライド P [BW-P 147/BW-P](プロモーションカード「サザンドラ・ガブリアスカップ 参加プレゼント」),0,415499,https://cdn.snkrdunk.com/upload_bg_removed/pkmn-tcg-7314428-yu.webp,,,,ADD_CANDIDATE
pkmn-tcg-BW-P-0101-138,BWP0101,138,,ふしぎなアメ P [BW-P 138/BW-P](プロモーションカードパック「ジム☆チャレンジ 2012年6月」),0,415493,https://cdn.snkrdunk.com/upload_bg_removed/pkmn-tcg-7314419-yu.webp,,,,ADD_CANDIDATE
pkmn-tcg-BW-P-0041-149,BWP0041,149,,チョロネコ P [BW-P 149/BW-P](プロモーションカード「バトルカーニバル2012スプリング 参加賞」),0,415501,https://cdn.snkrdunk.com/upload_bg_removed/pkmn-tcg-7314430-yu.webp,,,,ADD_CANDIDATE
pkmn-tcg-BW-P-0101-141,BWP0101,141,,基本水エネルギー P [BW-P 141/BW-P](プロモーションカードパック「ジム☆チャレンジ 2012年6月」),0,415496,https://cdn.snkrdunk.com/upload_bg_removed/pkmn-tcg-7314422-yu.webp,,,,ADD_CANDIDATE
pkmn-tcg-BW-P-0046-156,BWP0046,156,,コバルオン P [BW-P 156/BW-P](プロモーションカード「映画公開記念 ブラックキュレム・ホワイトキュレムセット」),0,415507,https://cdn.snkrdunk.com/upload_bg_removed/pkmn-tcg-7314437-yu.webp,CRD_24845E4BD72A47AAA490,라티오스 EX,0.6655,ADD_CANDIDATE
pkmn-tcg-BW-P-0047-157,BWP0047,157,,フライゴン P [BW-P 157/BW-P](プロモーションカード「フリーズボルト コールドフレア BOX購入特典」),0,415508,https://cdn.snkrdunk.com/upload_bg_removed/pkmn-tcg-7314438-yu.webp,,,,ADD_CANDIDATE
pkmn-tcg-BW-P-0045-155,BWP0045,155,,テラキオン P [BW-P 155/BW-P](プロモーションカード「映画公開記念 ブラックキュレム・ホワイトキュレムセット 劇場・ポケモンセンターver.」),0,415506,https://cdn.snkrdunk.com/upload_bg_removed/pkmn-tcg-7314436-yu.webp,CRD_4A61E9FAD7D64AE2BB13,빛나는 볼케니온,0.6272,ADD_CANDIDATE
pkmn-tcg-BW-P-0050-161,BWP0050,161,,メロエッタ P [BW-P 161/BW-P](プロモーションカード「マクドナルドハッピーセット」),0,415510,https://cdn.snkrdunk.com/upload_bg_removed/pkmn-tcg-7314442-yu.webp,,,,ADD_CANDIDATE
pkmn-tcg-BW-P-0051-162,BWP0051,162,,ケルディオ P [BW-P 162/BW-P](プロモーションカード「トイザらス・イトーヨーカドー・アピタ・ビアゴ・イオン ポケモン関連商品1000円以上購入特典」),0,415511,https://cdn.snkrdunk.com/upload_bg_removed/pkmn-tcg-7314443-yu.webp,CRD_8B4E9ACDCF524203B75F,케르디오 EX,0.7459,ADD_CANDIDATE
pkmn-tcg-BW-P-0052-163,BWP0052,163,,ピカチュウ P [BW-P 163/BW-P](プロモーションカード「ポケモンカードゲームBW ワークブック全国図鑑版」),0,415512,https://cdn.snkrdunk.com/upload_bg_removed/pkmn-tcg-7314444-of.webp,CRD_7A536360D1EC48FB885A,피카츄,0.7656,ADD_CANDIDATE
pkmn-tcg-BW-P-0102-166,BWP0102,166,,カメール P [BW-P 166/BW-P](プロモーションカードパック「ジム☆チャレンジ 2012年9月」),0,415515,https://cdn.snkrdunk.com/upload_bg_removed/pkmn-tcg-7314447-yu.webp,CRD_5C57E2D4DFC8419EAFAA,거북왕 EX,0.6775,ADD_CANDIDATE
pkmn-tcg-BW-P-0053-164,BWP0053,164,,ケルディオ P [BW-P 164/BW-P](プロモーションカード「ポケモンカードゲーム購入者プレゼントキャンペーン ポケモンセンター限定ver.」),0,415513,https://cdn.snkrdunk.com/upload_bg_removed/pkmn-tcg-7314445-yu.webp,CRD_8B4E9ACDCF524203B75F,케르디오 EX,0.6929,ADD_CANDIDATE
pkmn-tcg-BW-P-0102-170,BWP0102,170,,ヒュウ P [BW-P 170/BW-P](プロモーションカードパック「ジム☆チャレンジ 2012年9月」),0,415518,https://cdn.snkrdunk.com/upload_bg_removed/pkmn-tcg-7314451-yu.webp,,,,ADD_CANDIDATE
pkmn-tcg-BW-P-0103-171,BWP0103,171,,ヒコザル P [BW-P 171/BW-P](プロモーションカードパック「ジム☆チャレンジ 2012年12月」),0,415519,https://cdn.snkrdunk.com/upload_bg_removed/pkmn-tcg-7314452-yu.webp,,,,ADD_CANDIDATE
pkmn-tcg-BW-P-0102-168,BWP0102,168,,フライゴン P [BW-P 168/BW-P](プロモーションカードパック「ジム☆チャレンジ 2012年9月」),0,415517,https://cdn.snkrdunk.com/upload_bg_removed/pkmn-tcg-7314449-yu.webp,CRD_54066807917542B79D0E,플라이곤,0.7097,ADD_CANDIDATE
pkmn-tcg-BW-P-0054-179,BWP0054,179,,プラズマ団のモンスターボール P [BW-P 179/BW-P](プロモーションカード「プラズマゲイル 発売記念キャンペーン」),0,415527,https://cdn.snkrdunk.com/upload_bg_removed/pkmn-tcg-7314460-yu.webp,,,,ADD_CANDIDATE
pkmn-tcg-BW-P-0103-173,BWP0103,173,,マルマイン P [BW-P 173/BW-P](プロモーションカードパック「ジム☆チャレンジ 2012年12月」),0,415521,https://cdn.snkrdunk.com/upload_bg_removed/pkmn-tcg-7314454-yu.webp,,,,ADD_CANDIDATE
pkmn-tcg-BW-P-0103-174,BWP0103,174,,ズルッグ P [BW-P 174/BW-P](プロモーションカードパック「ジム☆チャレンジ 2012年12月」),0,415522,https://cdn.snkrdunk.com/upload_bg_removed/pkmn-tcg-7314455-yu.webp,,,,ADD_CANDIDATE
pkmn-tcg-BW-P-0102-167,BWP0102,167,,コダック P [BW-P 167/BW-P](プロモーションカードパック「ジム☆チャレンジ 2012年9月」),0,415516,https://cdn.snkrdunk.com/upload_bg_removed/pkmn-tcg-7314448-yu.webp,,,,ADD_CANDIDATE
pkmn-tcg-BW-P-0103-172,BWP0103,172,,ランプラー P [BW-P 172/BW-P](プロモーションカードパック「ジム☆チャレンジ 2012年12月」),0,415520,https://cdn.snkrdunk.com/upload_bg_removed/pkmn-tcg-7314453-yu.webp,,,,ADD_CANDIDATE
pkmn-tcg-BW-P-0103-175,BWP0103,175,,どくさいみん光線 P [BW-P 175/BW-P](プロモーションカードパック「ジム☆チャレンジ 2012年12月」),0,415523,https://cdn.snkrdunk.com/upload_bg_removed/pkmn-tcg-7314456-yu.webp,,,,ADD_CANDIDATE
pkmn-tcg-BW-P-0055-181,BWP0055,181,,クロバット P [BW-P 181/BW-P](拡張パック「プラズマゲイル BOX購入キャンペーン」),0,415529,https://cdn.snkrdunk.com/upload_bg_removed/pkmn-tcg-7314462-yu.webp,,,,ADD_CANDIDATE
pkmn-tcg-BW-P-0103-176,BWP0103,176,,プラズマ団のしたっぱ P [BW-P 176/BW-P](プロモーションカードパック「ジム☆チャレンジ 2012年12月」),0,415524,https://cdn.snkrdunk.com/upload_bg_removed/pkmn-tcg-7314457-yu.webp,,,,ADD_CANDIDATE
pkmn-tcg-BW-P-0019-063,BWP0019,63,,コアルヒー P [BW-P 063](プロモーションカード「ポケモンキッズスペシャル」),0,415425,https://cdn.snkrdunk.com/upload_bg_removed/pkmn-tcg-7314345-yu.webp,,,,ADD_CANDIDATE
pkmn-tcg-BW-P-0017-054,BWP0017,54,,ゼブライカ P [BW-P 054](プロモーションカード「レッドコレクション発売記念」),0,415417,https://cdn.snkrdunk.com/upload_bg_removed/pkmn-tcg-7314336-yu.webp,,,,ADD_CANDIDATE
pkmn-tcg-BW-P-0019-070,BWP0019,70,,オノノクス P [BW-P 070](プロモーションカード「ポケモンキッズスペシャル」),0,415432,https://cdn.snkrdunk.com/upload_bg_removed/pkmn-tcg-7314352-yu.webp,CRD_F03763FBF2254275956B,M썬더볼트 EX,0.656,ADD_CANDIDATE
pkmn-tcg-BW-P-0020-072,BWP0020,72,,基本水エネルギー P [BW-P 072](プロモーションカード「レッドコレクション 発売記念大会」),0,415434,https://cdn.snkrdunk.com/upload_bg_removed/pkmn-tcg-7314354-of.webp,,,,ADD_CANDIDATE
pkmn-tcg-BW-P-0054-178,BWP0054,178,,バッフロン P [BW-P 178/BW-P](プロモーションカード「プラズマゲイル 発売記念キャンペーン」),0,415526,https://cdn.snkrdunk.com/upload_bg_removed/pkmn-tcg-7314459-yu.webp,,,,ADD_CANDIDATE
pkmn-tcg-BW-P-0019-068,BWP0019,68,,バルチャイ P [BW-P 068](プロモーションカード「ポケモンキッズスペシャル」),0,415430,https://cdn.snkrdunk.com/upload_bg_removed/pkmn-tcg-7314350-yu.webp,,,,ADD_CANDIDATE
pkmn-tcg-BW-P-0020-071,BWP0020,71,,基本草エネルギー P [BW-P 071](プロモーションカード「レッドコレクション 発売記念大会」),0,415433,https://cdn.snkrdunk.com/upload_bg_removed/pkmn-tcg-7314353-of.webp,,,,ADD_CANDIDATE
pkmn-tcg-BW-P-0020-074,BWP0020,74,,基本鋼エネルギー P [BW-P 074](プロモーションカード「レッドコレクション 発売記念大会」),0,415436,https://cdn.snkrdunk.com/upload_bg_removed/pkmn-tcg-7314356-of.webp,,,,ADD_CANDIDATE
pkmn-tcg-BW-P-0019-067,BWP0019,67,,キリキザン P [BW-P 067](プロモーションカード「ポケモンキッズスペシャル」),0,415429,https://cdn.snkrdunk.com/upload_bg_removed/pkmn-tcg-7314349-yu.webp,,,,ADD_CANDIDATE
pkmn-tcg-BW-P-0019-065,BWP0019,65,,ドリュウズ P [BW-P 065](プロモーションカード「ポケモンキッズスペシャル」),0,415427,https://cdn.snkrdunk.com/upload_bg_removed/pkmn-tcg-7314347-yu.webp,,,,ADD_CANDIDATE
pkmn-tcg-BW-P-0021-076,BWP0021,76,,ポカブ P [BW-P 076](プロモーションカード「ポケモンカードゲームBW ワークブック特典」),0,415438,https://cdn.snkrdunk.com/upload_bg_removed/pkmn-tcg-7314358-yu.webp,,,,ADD_CANDIDATE
pkmn-tcg-BW-P-0019-066,BWP0019,66,,レパルダス P [BW-P 066](プロモーションカード「ポケモンキッズスペシャル」),0,415428,https://cdn.snkrdunk.com/upload_bg_removed/pkmn-tcg-7314348-yu.webp,,,,ADD_CANDIDATE
pkmn-tcg-BW-P-0021-075,BWP0021,75,,ツタージャ P [BW-P 075](プロモーションカード「ポケモンカードゲームBW ワークブック特典」),0,415437,https://cdn.snkrdunk.com/upload_bg_removed/pkmn-tcg-7314357-yu.webp,,,,ADD_CANDIDATE
pkmn-tcg-BW-P-0059-194,BWP0059,194,,コモルー P [BW-P 194/BW-P](プロモーションカード「Vジャンプ 2013年1月特大号 付録」),0,415533,https://cdn.snkrdunk.com/upload_bg_removed/pkmn-tcg-7314475-yu.webp,,,,ADD_CANDIDATE
pkmn-tcg-BW-P-0060-196,BWP0060,196,,退化スプレー P [BW-P 196/BW-P](プロモーションカード「Vジャンプ 1月特大号 付録」),0,415535,https://cdn.snkrdunk.com/upload_bg_removed/pkmn-tcg-7314477-yu.webp,,,,ADD_CANDIDATE
pkmn-tcg-BW-P-0020-073,BWP0020,73,,基本超エネルギー P [BW-P 073](プロモーションカード「レッドコレクション 発売記念大会」),0,415435,https://cdn.snkrdunk.com/upload_bg_removed/pkmn-tcg-7314355-of.webp,,,,ADD_CANDIDATE
pkmn-tcg-BW-P-0023-084,BWP0023,84,,基本炎エネルギー P [BW-P 084](プロモーションカード「サマーカーニバル in 東京タワー」),0,415442,https://cdn.snkrdunk.com/upload_bg_removed/pkmn-tcg-7314366-yu.webp,,,,ADD_CANDIDATE
pkmn-tcg-BW-P-0061-197,BWP0061,197,,メタグロス P [BW-P 197/BW-P](プロモーションカード「ラセンフォース・ライデンナックル ボックス購入特典」),0,415536,https://cdn.snkrdunk.com/upload_bg_removed/pkmn-tcg-7314478-yu.webp,,,,ADD_CANDIDATE
pkmn-tcg-BW-P-0063-200,BWP0063,200,,レパルダス P [BW-P 200/BW-P](プロモーションカード「セブンイレブン オリジナルウインターキャンペーン」),0,415539,https://cdn.snkrdunk.com/upload_bg_removed/pkmn-tcg-7314481-yu.webp,,,,ADD_CANDIDATE
pkmn-tcg-BW-P-0023-086,BWP0023,86,,基本雷エネルギー P [BW-P 086/BW-P](プロモーションカード「サマーカーニバル in 東京タワー」),0,415444,https://cdn.snkrdunk.com/upload_bg_removed/pkmn-tcg-7314368-yu.webp,,,,ADD_CANDIDATE
pkmn-tcg-BW-P-0063-199,BWP0063,199,,ゼブライカ P [BW-P 199/BW-P](プロモーションカード「セブンイレブン オリジナルウインターキャンペーン」),0,415538,https://cdn.snkrdunk.com/upload_bg_removed/pkmn-tcg-7314480-yu.webp,,,,ADD_CANDIDATE
pkmn-tcg-BW-P-0019-064,BWP0019,64,,ゴチミル P [BW-P 064](プロモーションカード「ポケモンキッズスペシャル」),0,415426,https://cdn.snkrdunk.com/upload_bg_removed/pkmn-tcg-7314346-yu.webp,,,,ADD_CANDIDATE
pkmn-tcg-BW-P-0059-195,BWP0059,195,,ボーマンダ P [BW-P 195/BW-P](プロモーションカード「Vジャンプ 2013年1月特大号 付録」),0,415534,https://cdn.snkrdunk.com/upload_bg_removed/pkmn-tcg-7314476-yu.webp,,,,ADD_CANDIDATE
pkmn-tcg-BW-P-0023-082,BWP0023,82,,プラスパワー P [BW-P 082](プロモーションカード「サマーカーニバル in 東京タワー」),0,415440,https://cdn.snkrdunk.com/upload_bg_removed/pkmn-tcg-7314364-yu.webp,,,,ADD_CANDIDATE
pkmn-tcg-BW-P-0058-191,BWP0058,191,,オタマロ P [BW-P 191/BW-P](プロモーションカード「バトルカーニバル2012 オータム参加賞」),0,415530,https://cdn.snkrdunk.com/upload_bg_removed/pkmn-tcg-7314472-yu.webp,,,,ADD_CANDIDATE
pkmn-tcg-BW-P-0023-088,BWP0023,88,,基本闘エネルギー P [BW-P 088/BW-P](プロモーションカード「サマーカーニバル in 東京タワー」),0,415446,https://cdn.snkrdunk.com/upload_bg_removed/pkmn-tcg-7314370-yu.webp,,,,ADD_CANDIDATE
pkmn-tcg-BW-P-0064-207,BWP0064,207,,カビゴン P [BW-P 207/BW-P](プロモーションカード「月刊コロコロイチバン! 2013年3月号 付録」),0,415541,https://cdn.snkrdunk.com/upload_bg_removed/pkmn-tcg-7314483-yu.webp,,,,ADD_CANDIDATE
pkmn-tcg-BW-P-0023-085,BWP0023,85,,基本水エネルギー P [BW-P 085/BW-P](プロモーションカード「サマーカーニバル in 東京タワー」),0,415443,https://cdn.snkrdunk.com/upload_bg_removed/pkmn-tcg-7314367-yu.webp,,,,ADD_CANDIDATE
pkmn-tcg-BW-P-0058-192,BWP0058,192,,ランドロス P [BW-P 192/BW-P](プロモーションカード「バトルカーニバル2012 オータム参加賞」),0,415531,https://cdn.snkrdunk.com/upload_bg_removed/pkmn-tcg-7314473-yu.webp,,,,ADD_CANDIDATE
pkmn-tcg-BW-P-0023-087,BWP0023,87,,基本超エネルギー P [BW-P 087/BW-P](プロモーションカード「サマーカーニバル in 東京タワー」),0,415445,https://cdn.snkrdunk.com/upload_bg_removed/pkmn-tcg-7314369-yu.webp,,,,ADD_CANDIDATE
pkmn-tcg-BW-P-0023-083,BWP0023,83,,基本草エネルギー P [BW-P 083](プロモーションカード「サマーカーニバル in 東京タワー」),0,415441,https://cdn.snkrdunk.com/upload_bg_removed/pkmn-tcg-7314365-yu.webp,,,,ADD_CANDIDATE
pkmn-tcg-BW-P-0065-208,BWP0065,208,,ポリゴンZ P [BW-P 208/BW-P](プロモーションカード「メガロキャノン BOX購入特典」),0,415542,https://cdn.snkrdunk.com/upload_bg_removed/pkmn-tcg-7314484-yu.webp,,,,ADD_CANDIDATE
pkmn-tcg-BW-P-0063-201,BWP0063,201,,クリムガン P [BW-P 201/BW-P](プロモーションカード「セブンイレブン オリジナルウインターキャンペーン」),0,415540,https://cdn.snkrdunk.com/upload_bg_removed/pkmn-tcg-7314482-yu.webp,CRD_4078C16E4F0A46D1B247,메가헤라크로스 ex,0.6339,ADD_CANDIDATE
pkmn-tcg-BW-P-0099-096,BWP0099,96,,ミルホッグ P [BW-P 096/BW-P](プロモーションカードパック「ジム☆チャレンジ 2011年9月」),0,415454,https://cdn.snkrdunk.com/upload_bg_removed/pkmn-tcg-7314378-yu.webp,,,,ADD_CANDIDATE
pkmn-tcg-BW-P-0099-095,BWP0099,95,,チョロネコ P [BW-P 095/BW-P](プロモーションカードパック「ジム☆チャレンジ 2011年9月」),0,415453,https://cdn.snkrdunk.com/upload_bg_removed/pkmn-tcg-7314377-yu.webp,,,,ADD_CANDIDATE
pkmn-tcg-BW-P-0104-211,BWP0104,211,,ユキメノコ P [BW-P 211/BW-P](プロモーションカードパック「ジム☆チャレンジ 2013年4月」),0,415545,https://cdn.snkrdunk.com/upload_bg_removed/pkmn-tcg-7314487-yu.webp,,,,ADD_CANDIDATE
pkmn-tcg-BW-P-0104-212,BWP0104,212,,カイリキー P [BW-P 212/BW-P](プロモーションカードパック「ジム☆チャレンジ 2013年4月」),0,415546,https://cdn.snkrdunk.com/upload_bg_removed/pkmn-tcg-7314488-yu.webp,CRD_57B8FD435C2148F8854F,괴력몬 BREAK,0.7153,ADD_CANDIDATE
pkmn-tcg-BW-P-0099-102,BWP0099,102,,基本鋼エネルギー P [BW-P 102/BW-P](プロモーションカードパック「ジム☆チャレンジ 2011年9月」),0,415460,https://cdn.snkrdunk.com/upload_bg_removed/pkmn-tcg-7314384-yu.webp,,,,ADD_CANDIDATE
pkmn-tcg-BW-P-0099-097,BWP0099,97,,しんかのきせき P [BW-P 097/BW-P](プロモーションカードパック「ジム☆チャレンジ 2011年9月」),0,415455,https://cdn.snkrdunk.com/upload_bg_removed/pkmn-tcg-7314379-yu.webp,,,,ADD_CANDIDATE
pkmn-tcg-BW-P-0099-094,BWP0099,94,,ワルビアル P [BW-P 094/BW-P](プロモーションカードパック「ジム☆チャレンジ 2011年9月」),0,415452,https://cdn.snkrdunk.com/upload_bg_removed/pkmn-tcg-7314376-yu.webp,CRD_6BA5079A40E942659EB7,찬란한 루차불,0.6221,ADD_CANDIDATE
pkmn-tcg-BW-P-0099-092,BWP0099,92,,スワンナ P [BW-P 092/BW-P](プロモーションカードパック「ジム☆チャレンジ 2011年9月」),0,415450,https://cdn.snkrdunk.com/upload_bg_removed/pkmn-tcg-7314374-yu.webp,,,,ADD_CANDIDATE
pkmn-tcg-BW-P-0099-100,BWP0099,100,,基本水エネルギー P [BW-P 100/BW-P](プロモーションカードパック「ジム☆チャレンジ 2011年9月」),0,415458,https://cdn.snkrdunk.com/upload_bg_removed/pkmn-tcg-7314382-yu.webp,,,,ADD_CANDIDATE
pkmn-tcg-BW-P-0072-222,BWP0072,222,,基本炎エネルギー P [BW-P 222/BW-P](プロモーションカード「バトルカーニバル2013スプリング ポケカポイントプレゼント」),0,415555,https://cdn.snkrdunk.com/upload_bg_removed/pkmn-tcg-7314498-yu.webp,,,,ADD_CANDIDATE
pkmn-tcg-BW-P-0023-089,BWP0023,89,,基本悪エネルギー P [BW-P 089/BW-P](プロモーションカード「サマーカーニバル in 東京タワー」),0,415447,https://cdn.snkrdunk.com/upload_bg_removed/pkmn-tcg-7314371-yu.webp,,,,ADD_CANDIDATE
pkmn-tcg-BW-P-0023-090,BWP0023,90,,基本鋼エネルギー P [BW-P 090/BW-P](プロモーションカード「サマーカーニバル in 東京タワー」),0,415448,https://cdn.snkrdunk.com/upload_bg_removed/pkmn-tcg-7314372-yu.webp,,,,ADD_CANDIDATE
pkmn-tcg-BW-P-0104-214,BWP0104,214,,シルバーバングル P [BW-P 214/BW-P](プロモーションカードパック「ジム☆チャレンジ 2013年4月」),0,415548,https://cdn.snkrdunk.com/upload_bg_removed/pkmn-tcg-7314490-yu.webp,CRD_16D569A705C64B95885E,M얼음귀신 EX,0.6595,ADD_CANDIDATE
pkmn-tcg-BW-P-0072-223,BWP0072,223,,基本水エネルギー P [BW-P 223/BW-P](プロモーションカード「バトルカーニバル2013スプリング ポケカポイントプレゼント」),0,415556,https://cdn.snkrdunk.com/upload_bg_removed/pkmn-tcg-7314499-yu.webp,,,,ADD_CANDIDATE
pkmn-tcg-BW-P-0099-093,BWP0099,93,,ペンドラー P [BW-P 093/BW-P](プロモーションカードパック「ジム☆チャレンジ 2011年9月」),0,415451,https://cdn.snkrdunk.com/upload_bg_removed/pkmn-tcg-7314375-yu.webp,,,,ADD_CANDIDATE
pkmn-tcg-BW-P-0099-101,BWP0099,101,,基本超エネルギー P [BW-P 101/BW-P](プロモーションカードパック「ジム☆チャレンジ 2011年9月」),0,415459,https://cdn.snkrdunk.com/upload_bg_removed/pkmn-tcg-7314383-yu.webp,,,,ADD_CANDIDATE
pkmn-tcg-BW-P-0099-091,BWP0099,91,,ハハコモリ P [BW-P 091/BW-P](プロモーションカードパック「ジム☆チャレンジ 2011年9月」),0,415449,https://cdn.snkrdunk.com/upload_bg_removed/pkmn-tcg-7314373-yu.webp,,,,ADD_CANDIDATE
pkmn-tcg-BW-P-0099-099,BWP0099,99,,基本草エネルギー P [BW-P 099/BW-P](プロモーションカードパック「ジム☆チャレンジ 2011年9月」),0,415457,https://cdn.snkrdunk.com/upload_bg_removed/pkmn-tcg-7314381-yu.webp,,,,ADD_CANDIDATE
pkmn-tcg-BW-P-0068-217,BWP0068,217,,ホワイトキュレム P [BW-P 217/BW-P](プロモーションカード「スペシャルパック ホワイトキュレム」),0,415551,https://cdn.snkrdunk.com/upload_bg_removed/pkmn-tcg-7314493-yu.webp,CRD_AA19A54D13CC49198C77,오리진 디아루가 VSTAR,0.6362,ADD_CANDIDATE
pkmn-tcg-BW-P-0072-221,BWP0072,221,,基本草エネルギー P [BW-P 221/BW-P](プロモーションカード「バトルカーニバル2013スプリング ポケカポイントプレゼント」),0,415554,https://cdn.snkrdunk.com/upload_bg_removed/pkmn-tcg-7314497-yu.webp,,,,ADD_CANDIDATE
pkmn-tcg-BW-P-0025-106,BWP0025,106,,ルカリオ P [BW-P 106/BW-P](プロモーションカード「サイコドライブ ヘイルブリザード BOX購入特典」),0,415464,https://cdn.snkrdunk.com/upload_bg_removed/pkmn-tcg-7314388-yu.webp,,,,ADD_CANDIDATE
pkmn-tcg-BW-P-0029-113,BWP0029,113,,メグロコ P [BW-P 113/BW-P](プロモーションカード「バトルカーニバル2011 参加賞」),0,415470,https://cdn.snkrdunk.com/upload_bg_removed/pkmn-tcg-7314395-yu.webp,,,,ADD_CANDIDATE
pkmn-tcg-BW-P-0072-224,BWP0072,224,,基本雷エネルギー P [BW-P 224/BW-P](プロモーションカード「バトルカーニバル2013スプリング ポケカポイントプレゼント」),0,415557,https://cdn.snkrdunk.com/upload_bg_removed/pkmn-tcg-7314500-yu.webp,,,,ADD_CANDIDATE
pkmn-tcg-BW-P-0072-226,BWP0072,226,,基本闘エネルギー P [BW-P 226/BW-P](プロモーションカード「バトルカーニバル2013スプリング ポケカポイントプレゼント」),0,415559,https://cdn.snkrdunk.com/upload_bg_removed/pkmn-tcg-7314502-yu.webp,,,,ADD_CANDIDATE
pkmn-tcg-BW-P-0072-228,BWP0072,228,,基本鋼エネルギー P [BW-P 228/BW-P](プロモーションカード「バトルカーニバル2013スプリング ポケカポイントプレゼント」),0,415561,https://cdn.snkrdunk.com/upload_bg_removed/pkmn-tcg-7314504-yu.webp,,,,ADD_CANDIDATE
pkmn-tcg-BW-P-0077-233,BWP0077,233,,シェイミ P [BW-P 233/BW-P](プロモーションカード「ミュウツーVSゲノセクト 」),0,415565,https://cdn.snkrdunk.com/upload_bg_removed/pkmn-tcg-7314509-yu.webp,CRD_6393EBE4F2594F90B558,쉐이미 EX,0.8807,ADD_CANDIDATE
pkmn-tcg-BW-P-0076-232,BWP0076,232,,ゲノセクト P [BW-P 232/BW-P](プロモーションカード「映画公開記念 ゲノセクトセット」),0,415564,https://cdn.snkrdunk.com/upload_bg_removed/pkmn-tcg-7314508-yu.webp,,,,ADD_CANDIDATE
pkmn-tcg-BW-P-0100-128,BWP0100,128,,デント P [BW-P 128](プロモーションカードパック「ジム☆チャレンジ 2012年3月」),0,415573,https://cdn.snkrdunk.com/upload_bg_removed/pkmn-tcg-7327189-yu.webp,,,,ADD_CANDIDATE
pkmn-tcg-BW-P-0029-114,BWP0029,114,,ワルビル P [BW-P 114/BW-P](プロモーションカード「バトルカーニバル2011 参加賞」),0,415471,https://cdn.snkrdunk.com/upload_bg_removed/pkmn-tcg-7314396-yu.webp,CRD_9813FECD47C44526AC0E,찬란한 거북왕,0.645,ADD_CANDIDATE
pkmn-tcg-BW-P-0071,BWP,71,,白銀の鏡 P [BW-P](プロモーションカード「バトルカーニバル2013スプリング 参加賞」),0,415572,https://cdn.snkrdunk.com/upload_bg_removed/pkmn-tcg-7314529-yu.webp,,,,ADD_CANDIDATE
pkmn-tcg-BW-P-0079,BWP,79,,トロピカルビーチ P [BW-P](プロモーションカード「ワールドチャンピオンシップ2011 参加記念カード」),0,415569,https://cdn.snkrdunk.com/upload_bg_removed/pkmn-tcg-7314521-of.webp,,,,ADD_CANDIDATE
pkmn-tcg-BW-P-0087-202,BWP0087,202,,ヤナップ P [BW-P 202](プロモーションカード「ポケモンパン プチメロン・プチカレー」),0,415574,https://cdn.snkrdunk.com/upload_bg_removed/pkmn-tcg-7327190-yu.webp,,,,ADD_CANDIDATE
pkmn-tcg-BW-P-0082,BWP,82,,ビクトリーカップ P [BW-P](プロモーションカード「バトルカーニバル2012オータム 3位」),0,415570,https://cdn.snkrdunk.com/upload_bg_removed/pkmn-tcg-7314525-of.webp,,,,ADD_CANDIDATE
pkmn-tcg-BW-P-0072-227,BWP0072,227,,基本悪エネルギー P [BW-P 227/BW-P](プロモーションカード「バトルカーニバル2013スプリング ポケカポイントプレゼント」),0,415560,https://cdn.snkrdunk.com/upload_bg_removed/pkmn-tcg-7314503-yu.webp,,,,ADD_CANDIDATE
pkmn-tcg-BW-P-0072-225,BWP0072,225,,基本超エネルギー P [BW-P 225/BW-P](プロモーションカード「バトルカーニバル2013スプリング ポケカポイントプレゼント」),0,415558,https://cdn.snkrdunk.com/upload_bg_removed/pkmn-tcg-7314501-yu.webp,,,,ADD_CANDIDATE
pkmn-tcg-BW-P-0087-203,BWP0087,203,,ルカリオ P [BW-P 203](プロモーションカード「ポケモンパン プチメロン・プチカレー」),0,415575,https://cdn.snkrdunk.com/upload_bg_removed/pkmn-tcg-7327191-yu.webp,,,,ADD_CANDIDATE
pkmn-tcg-BW-P-0087-206,BWP0087,206,,キバゴ P [BW-P 206](プロモーションカード「ポケモンパン プチメロン・プチカレー」),0,415578,https://cdn.snkrdunk.com/upload_bg_removed/pkmn-tcg-7327194-yu.webp,,,,ADD_CANDIDATE
pkmn-tcg-BW-P-0074-230,BWP0074,230,,トルネロスEX P [BW-P 230](プロモーションカード「EXバトルブースト BOX購入キャンペーン」),0,415562,https://cdn.snkrdunk.com/upload_bg_removed/pkmn-tcg-7314506-yu.webp,CRD_8D03B1108C6B4669B82D,토네로스 VMAX,0.6229,ADD_CANDIDATE
pkmn-tcg-BW-P-0083,BWP,83,,まんたんのくすり P [BW-P](プロモーションカード「バトルカーニバル2012スプリング クリア賞」),0,415571,https://cdn.snkrdunk.com/upload_bg_removed/pkmn-tcg-7314526-yu.webp,,,,ADD_CANDIDATE
pkmn-tcg-BW-P-0092-2,BWP0092,2,,ビクトリーカップ P [BW-P](プロモーションカード「バトルカーニバル2012スプリング 2位」),0,415582,https://cdn.snkrdunk.com/upload_bg_removed/pkmn-tcg-7327200-of.webp,,,,ADD_CANDIDATE
pkmn-tcg-BW-P-0092-1,BWP0092,1,,ビクトリーカップ P [BW-P](プロモーションカード「バトルカーニバル2012スプリング 優勝」),0,415581,https://cdn.snkrdunk.com/upload_bg_removed/pkmn-tcg-7327199-of.webp,,,,ADD_CANDIDATE
pkmn-tcg-BW-P-0092-3,BWP0092,3,,ビクトリーカップ P [BW-P](プロモーションカード「バトルカーニバル2012スプリング 3位」),0,415583,https://cdn.snkrdunk.com/upload_bg_removed/pkmn-tcg-7327201-of.webp,,,,ADD_CANDIDATE
pkmn-tcg-BW-P-0097,BWP,97,,_のピカチュウ P [BW-P](プロモーションカード「お誕生日は、ポケモンセンターへ遊びに行こう! キャンペーン」),0,415586,https://cdn.snkrdunk.com/upload_bg_removed/pkmn-tcg-7333273-ot.webp,,,,ADD_CANDIDATE
pkmn-tcg-BW-P-0087-205,BWP0087,205,,マメパト P [BW-P 205](プロモーションカード「ポケモンパン プチメロン・プチカレー」),0,415577,https://cdn.snkrdunk.com/upload_bg_removed/pkmn-tcg-7327193-yu.webp,,,,ADD_CANDIDATE
pkmn-tcg-BW-P-0017-055,BWP0017,55,,ゴチルゼル P [BW-P 055](プロモーションカード「レッドコレクション発売記念」),0,416024,https://cdn.snkrdunk.com/upload_bg_removed/pkmn-tcg-7314337-yu.webp,,,,ADD_CANDIDATE
pkmn-tcg-DP3-P-0004,DP3P,4,,きずぐすり :1ED [DP3](構築スタンダードデッキ「パルキアLV.X」),0,433231,https://cdn.snkrdunk.com/upload_bg_removed/pkmn-tcg-7311742-yu.webp,,,,ADD_CANDIDATE
pkmn-tcg-PLAY3-006,PLAY3,6,,セレビィex [ADV-P 006/PLAY](プロモーションカード「プレイヤーズけいけんち 10000EXPプレゼントカード」),0,440460,https://cdn.snkrdunk.com/upload_bg_removed/pkmn-tcg-7315042-yu.webp,,,,ADD_CANDIDATE
pkmn-tcg-PLAY6-010,PLAY6,10,,フリーザーex [ADV-P 010/PLAY](プロモーションカード「第2期 プレイヤーズキットカード・第2期プレイヤーズ継続キットカード」),0,440464,https://cdn.snkrdunk.com/upload_bg_removed/pkmn-tcg-7315046-yu.webp,CRD_ACE1406D88444132AE41,프리져 EX플라스마단,0.6733,ADD_CANDIDATE
pkmn-tcg-PLAY5-008,PLAY5,8,,ポケモンカードファン [ADV-P 008/PLAY](プロモーションカード「プレイヤーズ限定「バトルロード サマー★2003」来場記念カード」),0,440462,https://cdn.snkrdunk.com/upload_bg_removed/pkmn-tcg-7315044-yu.webp,,,,ADD_CANDIDATE
pkmn-tcg-PLAY7-016,PLAY7,16,,ブーストエネルギー [ADV-P 016/PLAY](プロモーションカード「第2期 プレイヤーズ継続キットカード」),0,440470,https://cdn.snkrdunk.com/upload_bg_removed/pkmn-tcg-7315052-yu.webp,,,,ADD_CANDIDATE
pkmn-tcg-PLAY7-017,PLAY7,17,,ワープエネルギー [ADV-P 017/PLAY](プロモーションカード「第2期 プレイヤーズ継続キットカード」),0,440471,https://cdn.snkrdunk.com/upload_bg_removed/pkmn-tcg-7315053-yu.webp,,,,ADD_CANDIDATE
pkmn-tcg-PLAY7-012,PLAY7,12,,_のセレビィ [ADV-P 012/PLAY](プロモーションカード「第2期 プレイヤーズ継続キットカード」),0,440466,https://cdn.snkrdunk.com/upload_bg_removed/pkmn-tcg-7315048-yu.webp,CRD_391EF36F49824C58965F,세레비 EX,0.6314,ADD_CANDIDATE
pkmn-tcg-PLAY8-018,PLAY8,18,,マスターボール [ADV-P 018/PLAY](プロモーションカード「プレイヤーズ限定「バトルロード スプリング★2004」来場記念カード」),0,440472,https://cdn.snkrdunk.com/upload_bg_removed/pkmn-tcg-7315054-yu.webp,,,,ADD_CANDIDATE
pkmn-tcg-PLAY14-026,PLAY14,26,,ブラッキー☆ [PCG-P 026/PLAY](プロモーションカード「プレイヤーズけいけんち 70000EXPプレゼントカード」),0,440474,https://cdn.snkrdunk.com/upload_bg_removed/pkmn-tcg-7315062-yu.webp,,,,ADD_CANDIDATE
pkmn-tcg-PLAY7-015,PLAY7,15,,サイクロンエネルギー [ADV-P 015/PLAY](プロモーションカード「第2期 プレイヤーズ継続キットカード」),0,440469,https://cdn.snkrdunk.com/upload_bg_removed/pkmn-tcg-7315051-yu.webp,,,,ADD_CANDIDATE
pkmn-tcg-PLAY13-025,PLAY13,25,,エーフィ☆ [PCG-P 025/PLAY](プロモーションカード「プレイヤーズけいけんち 40000~69990EXPプレゼントカード」),0,440473,https://cdn.snkrdunk.com/upload_bg_removed/pkmn-tcg-7315061-yu.webp,,,,ADD_CANDIDATE
pkmn-tcg-SV-P-195,SVP,195,,ジュラルドン P [SV-P 195](スタートデッキ Generations「スペシャルバトルセット」),0,441215,https://cdn.snkrdunk.com/upload_bg_removed/20241121074032-3.webp,,,,ADD_CANDIDATE
pkmn-tcg-Dpt-E-P-006,DPTEP,6,,ノズパス [Dpt 006/013](ダイヤモンドパールプラチナ「エントリーパック パルキアデッキ」),0,450824,https://cdn.snkrdunk.com/upload_bg_removed/pkmn-tcg-7313506-yu.webp,,,,ADD_CANDIDATE
pkmn-tcg-Dpt-E-P-007,DPTEP,7,,ダイノーズ :1ED [Dpt 007/013](ダイヤモンドパールプラチナ「エントリーパック パルキアデッキ」),0,450825,https://cdn.snkrdunk.com/upload_bg_removed/pkmn-tcg-7313507-yu.webp,,,,ADD_CANDIDATE
pkmn-tcg-Dpt-E-P-009,DPTEP,9,,エネルギーつけかえ [Dpt 009/013](ダイヤモンドパールプラチナ「エントリーパック パルキアデッキ」),0,450830,https://cdn.snkrdunk.com/upload_bg_removed/pkmn-tcg-7313512-yu.webp,,,,ADD_CANDIDATE
pkmn-tcg-Dpt-E-P-008,DPTEP,8,,ケンタロス :1ED [Dpt 008/013](ダイヤモンドパールプラチナ「エントリーパック パルキアデッキ」),0,450827,https://cdn.snkrdunk.com/upload_bg_removed/pkmn-tcg-7313509-yu.webp,CRD_0121009428B847BEBE66,망나뇽 EX,0.7024,ADD_CANDIDATE
pkmn-tcg-Dpt-E-P-010,DPTEP,10,,エネルギー転送 :1ED [Dpt 010/013](ダイヤモンドパールプラチナ「エントリーパック パルキアデッキ」),0,450831,https://cdn.snkrdunk.com/upload_bg_removed/pkmn-tcg-7313513-yu.webp,,,,ADD_CANDIDATE
pkmn-tcg-Dpt-E-P-011,DPTEP,11,,ポケモンいれかえ :1ED [Dpt 011/013](ダイヤモンドパールプラチナ「エントリーパック パルキアデッキ」),0,450833,https://cdn.snkrdunk.com/upload_bg_removed/pkmn-tcg-7313515-yu.webp,,,,ADD_CANDIDATE
pkmn-tcg-Dpt-E-P-012,DPTEP,12,,ポケモン図鑑HANDY910is [Dpt 012/013](ダイヤモンドパールプラチナ「エントリーパック パルキアデッキ」),0,450836,https://cdn.snkrdunk.com/upload_bg_removed/pkmn-tcg-7313518-yu.webp,,,,ADD_CANDIDATE
pkmn-tcg-Dpt-E-P-013,DPTEP,13,,モンスターボール :1ED [Dpt 013/013](ダイヤモンドパールプラチナ「エントリーパック パルキアデッキ」),0,450837,https://cdn.snkrdunk.com/upload_bg_removed/pkmn-tcg-7313519-yu.webp,,,,ADD_CANDIDATE
pkmn-tcg-Dpt-E-P-005,DPTEP,5,,パルキア [Dpt 005/013](ダイヤモンドパールプラチナ「エントリーパック パルキアデッキ」),0,450822,https://cdn.snkrdunk.com/upload_bg_removed/pkmn-tcg-7313504-yu.webp,CRD_DD4F767B8C314FCDBAF1,펄기아,0.7341,ADD_CANDIDATE
pkmn-tcg-Pt-GB-P-001,PTGBP,1,,ロゼリア [Pt 001/015](ギフトボックス「ポッチャマデッキ」),0,451072,https://cdn.snkrdunk.com/upload_bg_removed/pkmn-tcg-7313560-yu.webp,,,,ADD_CANDIDATE
pkmn-tcg-Pt-GB-P-003,PTGBP,3,,フリーザー [Pt 003/015](ギフトボックス「ポッチャマデッキ」),0,451074,https://cdn.snkrdunk.com/upload_bg_removed/pkmn-tcg-7313562-yu.webp,,,,ADD_CANDIDATE
pkmn-tcg-Pt-GB-P-006,PTGBP,6,,フワンテ [Pt 006/015](ギフトボックス「ポッチャマデッキ」),0,451077,https://cdn.snkrdunk.com/upload_bg_removed/pkmn-tcg-7313565-yu.webp,,,,ADD_CANDIDATE
pkmn-tcg-Pt-GB-P-002,PTGBP,2,,ロズレイド [Pt 002/015](ギフトボックス「ポッチャマデッキ」),0,451073,https://cdn.snkrdunk.com/upload_bg_removed/pkmn-tcg-7313561-yu.webp,,,,ADD_CANDIDATE
pkmn-tcg-Pt-GB-P-004,PTGBP,4,,ヘイガニ [Pt 004/015](ギフトボックス「ポッチャマデッキ」),0,451075,https://cdn.snkrdunk.com/upload_bg_removed/pkmn-tcg-7313563-yu.webp,CRD_45C9E6F60F414FF4A7C1,망나뇽 EX,0.6544,ADD_CANDIDATE
pkmn-tcg-Pt-GB-P-007,PTGBP,7,,フワライド [Pt 007/015](ギフトボックス「ポッチャマデッキ」),0,451078,https://cdn.snkrdunk.com/upload_bg_removed/pkmn-tcg-7313566-yu.webp,CRD_B71DC5DF10B44392841A,유크시,0.6261,ADD_CANDIDATE
pkmn-tcg-Pt-GB-P-008,PTGBP,8,,スコルピ [Pt 008/015](ギフトボックス「ポッチャマデッキ」),0,451079,https://cdn.snkrdunk.com/upload_bg_removed/pkmn-tcg-7313567-yu.webp,,,,ADD_CANDIDATE
pkmn-tcg-Pt-GB-P-009,PTGBP,9,,ムックル [Pt 009/015](ギフトボックス「ポッチャマデッキ」),0,451080,https://cdn.snkrdunk.com/upload_bg_removed/pkmn-tcg-7313568-yu.webp,,,,ADD_CANDIDATE
pkmn-tcg-Pt-GB-P-015,PTGBP,15,,ママのきづかい [Pt 015/015](ギフトボックス「ポッチャマデッキ」),0,451086,https://cdn.snkrdunk.com/upload_bg_removed/pkmn-tcg-7313574-yu.webp,,,,ADD_CANDIDATE
pkmn-tcg-Pt-GB-P-012,PTGBP,12,,なんでもなおしW [Pt 012/015](ギフトボックス「ポッチャマデッキ」),0,451083,https://cdn.snkrdunk.com/upload_bg_removed/pkmn-tcg-7313571-yu.webp,,,,ADD_CANDIDATE
pkmn-tcg-Pt-GB-P-013,PTGBP,13,,ポケモンいれかえ [Pt 013/015](ギフトボックス「ポッチャマデッキ」),0,451084,https://cdn.snkrdunk.com/upload_bg_removed/pkmn-tcg-7313572-yu.webp,,,,ADD_CANDIDATE
pkmn-tcg-Pt-GB-P-010,PTGBP,10,,ムクバード [Pt 010/015](ギフトボックス「ポッチャマデッキ」),0,451081,https://cdn.snkrdunk.com/upload_bg_removed/pkmn-tcg-7313569-yu.webp,,,,ADD_CANDIDATE
pkmn-tcg-Pt-GB-P-014,PTGBP,14,,モンスターボール [Pt 014/015](ギフトボックス「ポッチャマデッキ」),0,451085,https://cdn.snkrdunk.com/upload_bg_removed/pkmn-tcg-7313573-yu.webp,,,,ADD_CANDIDATE
pkmn-tcg-Pt-GB-P-011,PTGBP,11,,きずぐすり [Pt 011/015](ギフトボックス「ポッチャマデッキ」),0,451082,https://cdn.snkrdunk.com/upload_bg_removed/pkmn-tcg-7313570-yu.webp,,,,ADD_CANDIDATE
pkmn-tcg-Dpt-E-P-003,DPTEP,3,,ポッタイシ :1ED [Dpt 003/013](ダイヤモンドパールプラチナ「エントリーパック パルキアデッキ」),0,450817,https://cdn.snkrdunk.com/upload_bg_removed/pkmn-tcg-7313499-yu.webp,,,,ADD_CANDIDATE
pkmn-tcg-Dpt-E-P-004,DPTEP,4,,エンペルト [Dpt 004/013](ダイヤモンドパールプラチナ「エントリーパック パルキアデッキ」),0,450820,https://cdn.snkrdunk.com/upload_bg_removed/pkmn-tcg-7313502-yu.webp,CRD_ED0874E360244839B36D,엠페르트,0.6301,ADD_CANDIDATE
pkmn-tcg-WIG2001SM-008,WIG2001SM,8,,トロピカルウインド P [e-P 008](プロモーションカード「世界交流戦2001 夏参加記念カード」),0,452537,https://cdn.snkrdunk.com/upload_bg_removed/pkmn-tcg-7304056-ot.webp,,,,ADD_CANDIDATE
pkmn-tcg-NTDSW2001-006,NTDSW2001,6,,セレビィ P [e-P 006](プロモーションカード「ニンテンドースペースワールド2001」),0,452543,https://cdn.snkrdunk.com/upload_bg_removed/pkmn-tcg-7304065-yu.webp,,,,ADD_CANDIDATE
pkmn-tcg-PCGT-B13-009,PCGTB13,9,,マサキ P [e-P 009](プロモーションカード「ポケモンカードトレーナーズ Vol.13」),0,452545,https://cdn.snkrdunk.com/upload_bg_removed/pkmn-tcg-7304067-yu.webp,,,,ADD_CANDIDATE
pkmn-tcg-CRCR-01-12-011,CRCR0112,11,,ギャロップ P [e-P 011](プロモーションカード「月刊コロコロコミック 2001年 12月号 付録」),0,452547,https://cdn.snkrdunk.com/upload_bg_removed/pkmn-tcg-7304069-yu.webp,CRD_6E30EACB936041E98A01,조로아크 BREAK,0.7415,ADD_CANDIDATE
pkmn-tcg-ST-TG-015,STTG,15,,メガニウム P [e-P 015](プロモーションカード「スタータートリプルゲットキャンペーン 赤緑コース 賞品」),0,452548,https://cdn.snkrdunk.com/upload_bg_removed/pkmn-tcg-7304073-yu.webp,,,,ADD_CANDIDATE
pkmn-tcg-PKC-NY-019,PKCNY,19,,ポケモンセンター トウキョー P [e-P 019](プロモーションカード「ポケモンセンターNYオープン記念 オリジナルカード」),0,452552,https://cdn.snkrdunk.com/upload_bg_removed/pkmn-tcg-7304077-yu.webp,,,,ADD_CANDIDATE
pkmn-tcg-PKC-NY-020,PKCNY,20,,ポケモンセンター オーサカ P [e-P 020](プロモーションカード「ポケモンセンターNYオープン記念 オリジナルカード」),0,452553,https://cdn.snkrdunk.com/upload_bg_removed/pkmn-tcg-7304078-yu.webp,,,,ADD_CANDIDATE
pkmn-tcg-MCD-e-023,MCDE,23,,バルキー P [e-P 023](プロモーションカード「マクドナルドオリジナル」),0,452556,https://cdn.snkrdunk.com/upload_bg_removed/pkmn-tcg-7304081-yu.webp,,,,ADD_CANDIDATE
pkmn-tcg-MCD-e-022,MCDE,22,,ウパー P [e-P 022](プロモーションカード「マクドナルドオリジナル」),0,452555,https://cdn.snkrdunk.com/upload_bg_removed/pkmn-tcg-7304080-yu.webp,,,,ADD_CANDIDATE
pkmn-tcg-MCD-e-030,MCDE,30,,ガーディ P [e-P 030](プロモーションカード「マクドナルドオリジナル」),0,452570,https://cdn.snkrdunk.com/upload_bg_removed/pkmn-tcg-7304095-na.webp,,,,ADD_CANDIDATE
pkmn-tcg-MCD-e-031,MCDE,31,,ランターン P [e-P 031](プロモーションカード「マクドナルドオリジナル」),0,452571,https://cdn.snkrdunk.com/upload_bg_removed/pkmn-tcg-7304096-yu.webp,,,,ADD_CANDIDATE
pkmn-tcg-BR-SM2002-039,BRSM2002,39,,クリスタルエネルギー P [e-P 039](プロモーションカード「バトルロード サマー2002」),0,452579,https://cdn.snkrdunk.com/upload_bg_removed/pkmn-tcg-7304104-yu.webp,,,,ADD_CANDIDATE
pkmn-tcg-MCD-e-036,MCDE,36,,ニューラ P [e-P 036](プロモーションカード「マクドナルドオリジナル」),0,452576,https://cdn.snkrdunk.com/upload_bg_removed/pkmn-tcg-7304101-yu.webp,,,,ADD_CANDIDATE
pkmn-tcg-MCD-e-037,MCDE,37,,ハッサム P [e-P 037](プロモーションカード「マクドナルドオリジナル」),0,452577,https://cdn.snkrdunk.com/upload_bg_removed/pkmn-tcg-7304102-yu.webp,CRD_84F100B202834C6DAE3B,핫삼 ex,0.7534,ADD_CANDIDATE
pkmn-tcg-MCD-e-029,MCDE,29,,ハネッコ P [e-P 029](プロモーションカード「マクドナルドオリジナル」),0,452569,https://cdn.snkrdunk.com/upload_bg_removed/pkmn-tcg-7304094-na.webp,,,,ADD_CANDIDATE
pkmn-tcg-MCD-e-035,MCDE,35,,トゲピー P [e-P 035](プロモーションカード「マクドナルドオリジナル」),0,452575,https://cdn.snkrdunk.com/upload_bg_removed/pkmn-tcg-7304100-yu.webp,,,,ADD_CANDIDATE
pkmn-tcg-MCD-e-034,MCDE,34,,ドンファン P [e-P 034](プロモーションカード「マクドナルドオリジナル」),0,452574,https://cdn.snkrdunk.com/upload_bg_removed/pkmn-tcg-7304099-yu.webp,,,,ADD_CANDIDATE
pkmn-tcg-JR2002-045,JR2002,45,,ピチュー P [e-P 045](プロモーションカード「JR ポケモンハッピーアドベンチャーラリー2002 オリジナルカード」),0,452585,https://cdn.snkrdunk.com/upload_bg_removed/pkmn-tcg-7304110-yu.webp,,,,ADD_CANDIDATE
pkmn-tcg-MCD-ADV-003,MCDADV,3,,キモリ P [ADV-P 003](プロモーションカード「マクドナルドオリジナル ADV」),0,452590,https://cdn.snkrdunk.com/upload_bg_removed/pkmn-tcg-7305209-yu.webp,CRD_4D2AB79A057148E8BE39,엘레이드 EX,0.6403,ADD_CANDIDATE
pkmn-tcg-JR2002-042,JR2002,42,,セレビィ P [e-P 042](プロモーションカード「JR ポケモンハッピーアドベンチャーラリー2002 オリジナルカード」),0,452582,https://cdn.snkrdunk.com/upload_bg_removed/pkmn-tcg-7304107-yu.webp,,,,ADD_CANDIDATE
pkmn-tcg-BR-SM2002-041,BRSM2002,41,,ワープエネルギー P [e-P 041](プロモーションカード「バトルロード サマー2002」),0,452581,https://cdn.snkrdunk.com/upload_bg_removed/pkmn-tcg-7304106-yu.webp,,,,ADD_CANDIDATE
pkmn-tcg-MCD-ADV-004,MCDADV,4,,アチャモ P [ADV-P 004](プロモーションカード「マクドナルドオリジナル ADV」),0,452591,https://cdn.snkrdunk.com/upload_bg_removed/pkmn-tcg-7305210-yu.webp,,,,ADD_CANDIDATE
pkmn-tcg-SGK-010,SGK,10,,ヌマクロー P [ADV-P 010](プロモーションカード「小学館学年誌おまけカード」),0,452597,https://cdn.snkrdunk.com/upload_bg_removed/pkmn-tcg-7305216-yu.webp,,,,ADD_CANDIDATE
pkmn-tcg-SI-PF-015,SIPF,15,,キモリ P [ADV-P 015](プロモーションカード「セブン-イレブン ポケモンフェア」),0,452600,https://cdn.snkrdunk.com/upload_bg_removed/pkmn-tcg-7305221-yu.webp,,,,ADD_CANDIDATE
pkmn-tcg-SGK-009,SGK,9,,ワカシャモ P [ADV-P 009](プロモーションカード「小学館学年誌おまけカード」),0,452596,https://cdn.snkrdunk.com/upload_bg_removed/pkmn-tcg-7305215-yu.webp,,,,ADD_CANDIDATE
pkmn-tcg-MCD-ADV-005,MCDADV,5,,ミズゴロウ P [ADV-P 005](プロモーションカード「マクドナルドオリジナル ADV」),0,452592,https://cdn.snkrdunk.com/upload_bg_removed/pkmn-tcg-7305211-yu.webp,CRD_D9FD0C12886E494286DB,쉐이미 EX,0.7282,ADD_CANDIDATE
pkmn-tcg-SI-PF-017,SIPF,17,,アチャモ P [ADV-P 017](プロモーションカード「セブン-イレブン ポケモンフェア」),0,452602,https://cdn.snkrdunk.com/upload_bg_removed/pkmn-tcg-7305223-yu.webp,,,,ADD_CANDIDATE
pkmn-tcg-SGK-008,SGK,8,,ジュプトル P [ADV-P 008](プロモーションカード「小学館学年誌おまけカード」),0,452595,https://cdn.snkrdunk.com/upload_bg_removed/pkmn-tcg-7305214-yu.webp,,,,ADD_CANDIDATE
pkmn-tcg-SI-PF-016,SIPF,16,,キモリ P [ADV-P 016](プロモーションカード「セブン-イレブン ポケモンフェア」),0,452601,https://cdn.snkrdunk.com/upload_bg_removed/pkmn-tcg-7305222-yu.webp,,,,ADD_CANDIDATE
pkmn-tcg-SI-PF-028,SIPF,28,,ニャース P [ADV-P 028](プロモーションカード「セブン-イレブン ポケモンフェア」),0,452612,https://cdn.snkrdunk.com/upload_bg_removed/pkmn-tcg-7305234-yu.webp,,,,ADD_CANDIDATE
pkmn-tcg-SI-PF-022,SIPF,22,,ルンパッパ P [ADV-P 022](プロモーションカード「セブン-イレブン ポケモンフェア」),0,452607,https://cdn.snkrdunk.com/upload_bg_removed/pkmn-tcg-7305228-yu.webp,,,,ADD_CANDIDATE
pkmn-tcg-SI-PF-030,SIPF,30,,ゴニョニョ P [ADV-P 030](プロモーションカード「セブン-イレブン ポケモンフェア」),0,452614,https://cdn.snkrdunk.com/upload_bg_removed/pkmn-tcg-7305236-yu.webp,,,,ADD_CANDIDATE
pkmn-tcg-SI-PF-020,SIPF,20,,ミズゴロウ P [ADV-P 020](プロモーションカード「セブン-イレブン ポケモンフェア」),0,452605,https://cdn.snkrdunk.com/upload_bg_removed/pkmn-tcg-7305226-yu.webp,,,,ADD_CANDIDATE
pkmn-tcg-SI-PF-026,SIPF,26,,グラードン P [ADV-P 026](プロモーションカード「セブン-イレブン ポケモンフェア」),0,452610,https://cdn.snkrdunk.com/upload_bg_removed/pkmn-tcg-7305232-yu.webp,,,,ADD_CANDIDATE
pkmn-tcg-SI-PF-032,SIPF,32,,フライゴン P [ADV-P 032](プロモーションカード「セブン-イレブン ポケモンフェア」),0,452616,https://cdn.snkrdunk.com/upload_bg_removed/pkmn-tcg-7305238-yu.webp,CRD_0F321114788E4CC0A5AB,플라이곤 EX,0.6722,ADD_CANDIDATE
pkmn-tcg-SI-PF-031,SIPF,31,,ゴニョニョ P [ADV-P 031](プロモーションカード「セブン-イレブン ポケモンフェア」),0,452615,https://cdn.snkrdunk.com/upload_bg_removed/pkmn-tcg-7305237-yu.webp,,,,ADD_CANDIDATE
pkmn-tcg-SI-PF-033,SIPF,33,,フライゴン P [ADV-P 033](プロモーションカード「セブン-イレブン ポケモンフェア」),0,452617,https://cdn.snkrdunk.com/upload_bg_removed/pkmn-tcg-7305239-yu.webp,CRD_0F321114788E4CC0A5AB,플라이곤 EX,0.6834,ADD_CANDIDATE
pkmn-tcg-BR-SP2003-041,BRSP2003,41,,チリーン P [ADV-P 041](プロモーションカード「バトルロード スプリング2003」),0,452624,https://cdn.snkrdunk.com/upload_bg_removed/pkmn-tcg-7305247-yu.webp,,,,ADD_CANDIDATE
pkmn-tcg-SGK-036,SGK,36,,サトシのキモリ P [ADV-P 036](プロモーションカード「小学館学年誌おまけカード」),0,452620,https://cdn.snkrdunk.com/upload_bg_removed/pkmn-tcg-7305242-yu.webp,,,,ADD_CANDIDATE
pkmn-tcg-BR-SP2003-042,BRSP2003,42,,マルチエネルギー P [ADV-P 042](プロモーションカード「バトルロード スプリング2003」),0,452625,https://cdn.snkrdunk.com/upload_bg_removed/pkmn-tcg-7305248-yu.webp,,,,ADD_CANDIDATE
pkmn-tcg-SI-PF-034,SIPF,34,,アブソル P [ADV-P 034](プロモーションカード「セブン-イレブン ポケモンフェア」),0,452618,https://cdn.snkrdunk.com/upload_bg_removed/pkmn-tcg-7305240-yu.webp,,,,ADD_CANDIDATE
pkmn-tcg-PKGOF-039,PKGOF,39,,バトラーのキルリア P [P 039](プロモーションカード「ポケモンカードジムオフィシャル・スタートジム抽選コーナーカード」),0,452622,https://cdn.snkrdunk.com/upload_bg_removed/pkmn-tcg-7305245-yu.webp,CRD_C204E7C7962B4792A212,가디안,0.657,ADD_CANDIDATE
pkmn-tcg-PKGOF-040,PKGOF,40,,ファウンスのアブソル P [P 040](プロモーションカード「ポケモンカードジムオフィシャル・スタートジム抽選コーナーカード」),0,452623,https://cdn.snkrdunk.com/upload_bg_removed/pkmn-tcg-7305246-yu.webp,,,,ADD_CANDIDATE
pkmn-tcg-SGK-038,SGK,38,,タケシのミズゴロウ P [ADV-P 038](プロモーションカード「小学館学年誌おまけカード」),0,452621,https://cdn.snkrdunk.com/upload_bg_removed/pkmn-tcg-7305244-yu.webp,,,,ADD_CANDIDATE
pkmn-tcg-SG-S1234-045,SGS1234,45,,ダンバル P [ADV-P 045](プロモーションカード「小学館 小学一年生 小学二年生 小学三年生 小学四年生」),0,452627,https://cdn.snkrdunk.com/upload_bg_removed/pkmn-tcg-7305251-yu.webp,,,,ADD_CANDIDATE
pkmn-tcg-MCD-ADV-049,MCDADV,49,,プラスル P [ADV-P 049](プロモーションカード「マクドナルドオリジナル ADV」),0,452631,https://cdn.snkrdunk.com/upload_bg_removed/pkmn-tcg-7305255-yu.webp,,,,ADD_CANDIDATE
pkmn-tcg-MS-PCS-061,MSPCS,61,,プリン P [ADV-P 061](プロモーションカード「明治製菓 ポケモンチョコスナック」),0,452643,https://cdn.snkrdunk.com/upload_bg_removed/pkmn-tcg-7305267-yu.webp,CRD_D3E88C25E8B642E3BF45,우렁찬꼬리 ex,0.6428,ADD_CANDIDATE
pkmn-tcg-MS-PCS-059,MSPCS,59,,ヤドン P [ADV-P 059](プロモーションカード「明治製菓 ポケモンチョコスナック」),0,452641,https://cdn.snkrdunk.com/upload_bg_removed/pkmn-tcg-7305265-yu.webp,,,,ADD_CANDIDATE
pkmn-tcg-MS-PCS-060,MSPCS,60,,カラカラ P [ADV-P 060](プロモーションカード「明治製菓 ポケモンチョコスナック」),0,452642,https://cdn.snkrdunk.com/upload_bg_removed/pkmn-tcg-7305266-yu.webp,,,,ADD_CANDIDATE
pkmn-tcg-MCD-ADV-048,MCDADV,48,,ラグラージ P [ADV-P 048](プロモーションカード「マクドナルドオリジナル ADV」),0,452630,https://cdn.snkrdunk.com/upload_bg_removed/pkmn-tcg-7305254-yu.webp,CRD_6412506A2B9B42B895C2,대짱이 EX,0.6229,ADD_CANDIDATE
pkmn-tcg-BR-SP2003-0008,BRSP2003,8,,勝利のリング P(プロモーションカード「バトルロード スプリング2003」),0,452646,https://cdn.snkrdunk.com/upload_bg_removed/pkmn-tcg-7305270-na.webp,,,,ADD_CANDIDATE
pkmn-tcg-BR-OT2003-0010,BROT2003,10,,勝利のリング P(プロモーションカード「バトルロード オータム2003」),0,452648,https://cdn.snkrdunk.com/upload_bg_removed/pkmn-tcg-7305272-na.webp,,,,ADD_CANDIDATE
pkmn-tcg-GWHF-19-063,GWHF19,63,,メタング P [ADV-P 063](プロモーションカード「第19回 次世代ワールドホビーフェア」),0,452645,https://cdn.snkrdunk.com/upload_bg_removed/pkmn-tcg-7305269-yu.webp,,,,ADD_CANDIDATE
pkmn-tcg-BR-SP2003-0009,BRSP2003,9,,勝利のオーブ P(プロモーションカード「バトルロード スプリング2003」),0,452647,https://cdn.snkrdunk.com/upload_bg_removed/pkmn-tcg-7305271-yu.webp,,,,ADD_CANDIDATE
pkmn-tcg-MS-PCS-RH-009,MSPCSRH,9,,プラスル P [PCG-P 009](プロモーションカード「明治製菓 ポケモンチョコスナック-裂空の訪問者-」),0,452657,https://cdn.snkrdunk.com/upload_bg_removed/pkmn-tcg-7307032-yu.webp,CRD_7A536360D1EC48FB885A,피카츄,0.6494,ADD_CANDIDATE
pkmn-tcg-PKGOF-004,PKGOF,4,,フシギソウ P [P 004](プロモーションカード「ポケモンカードジムオフィシャル・スタートジム抽選コーナーカード」),0,452652,https://cdn.snkrdunk.com/upload_bg_removed/pkmn-tcg-7307027-yu.webp,CRD_7C41E202DFC4497C81E0,이상해꽃 ex,0.6465,ADD_CANDIDATE
pkmn-tcg-MS-PCS-RH-008,MSPCSRH,8,,アメタマ P [PCG-P 008](プロモーションカード「明治製菓 ポケモンチョコスナック-裂空の訪問者-」),0,452656,https://cdn.snkrdunk.com/upload_bg_removed/pkmn-tcg-7307031-yu.webp,,,,ADD_CANDIDATE
pkmn-tcg-MS-PCS-RH-006,MSPCSRH,6,,アメモース P [PCG-P 006](プロモーションカード「明治製菓 ポケモンチョコスナック-裂空の訪問者-」),0,452654,https://cdn.snkrdunk.com/upload_bg_removed/pkmn-tcg-7307029-yu.webp,,,,ADD_CANDIDATE
pkmn-tcg-MS-PCS-RH-005,MSPCSRH,5,,アゲハント P [PCG-P 005](プロモーションカード「明治製菓 ポケモンチョコスナック-裂空の訪問者-」),0,452653,https://cdn.snkrdunk.com/upload_bg_removed/pkmn-tcg-7307028-yu.webp,CRD_6E6A642B52D441B786B7,뷰티플라이,0.6331,ADD_CANDIDATE
pkmn-tcg-MS-PCS-RH-007,MSPCSRH,7,,バシャーモ P [PCG-P 007](プロモーションカード「明治製菓 ポケモンチョコスナック-裂空の訪問者-」),0,452655,https://cdn.snkrdunk.com/upload_bg_removed/pkmn-tcg-7307030-yu.webp,CRD_C89D33E80FC541129360,플라드리,0.6255,ADD_CANDIDATE
pkmn-tcg-BR-SM2004-023,BRSM2004,23,,ラブカス P [PCG-P 023](プロモーションカード「バトルロード サマー2004」),0,452669,https://cdn.snkrdunk.com/upload_bg_removed/pkmn-tcg-7307044-na.webp,,,,ADD_CANDIDATE
pkmn-tcg-MS-PCS-RH-016,MSPCSRH,16,,メタグロス P [PCG-P 016](プロモーションカード「明治製菓 ポケモンチョコスナック-裂空の訪問者-」),0,452664,https://cdn.snkrdunk.com/upload_bg_removed/pkmn-tcg-7307039-yu.webp,CRD_DF5DDD6AC39442A9B8EC,메타그로스 EX,0.7283,ADD_CANDIDATE
pkmn-tcg-SGSP-PWL-V3-027,SGSPPWLV3,27,,デオキシスex P [PCG-P 027](プロモーションカード「小学館スペシャル ポケモンワンダーランドVol.3 付録」),0,452671,https://cdn.snkrdunk.com/upload_bg_removed/pkmn-tcg-7307047-na.webp,CRD_56CE5AE045504777AAE8,미라이돈 ex,0.649,ADD_CANDIDATE
pkmn-tcg-MS-PCS-RH-015,MSPCSRH,15,,ヤミカラス P [PCG-P 015](プロモーションカード「明治製菓 ポケモンチョコスナック-裂空の訪問者-」),0,452663,https://cdn.snkrdunk.com/upload_bg_removed/pkmn-tcg-7307038-yu.webp,CRD_3FEFE9BCF9014B07A6CB,돈크로우,0.6271,ADD_CANDIDATE
pkmn-tcg-SG-S12345-09-020,SGS1234509,20,,ラルースのゴンベ P [PCG-P 020](プロモーションカード「小学館 小学一年生 小学二年生 小学三年生 小学四年生 小学五年生 9月号 付録」),0,452668,https://cdn.snkrdunk.com/upload_bg_removed/pkmn-tcg-7307043-yu.webp,,,,ADD_CANDIDATE
pkmn-tcg-MCD-05-01-034,MCD0501,34,,トゲピー P [PCG-P 034](プロモーションカード「マクドナルドオリジナル 2005年1月」),0,452678,https://cdn.snkrdunk.com/upload_bg_removed/pkmn-tcg-7307054-yu.webp,,,,ADD_CANDIDATE
pkmn-tcg-MCD-05-01-030,MCD0501,30,,ワニノコ P [PCG-P 030](プロモーションカード「マクドナルドオリジナル 2005年1月」),0,452674,https://cdn.snkrdunk.com/upload_bg_removed/pkmn-tcg-7307050-yu.webp,,,,ADD_CANDIDATE
pkmn-tcg-MS-PCS3-0506-063,MSPCS30506,63,,ジュカイン P [PCG-P 063](プロモーションカード「明治製菓 ポケモンチョコスナック 第3弾 2005年 6月」),0,452700,https://cdn.snkrdunk.com/upload_bg_removed/pkmn-tcg-7307076-yu.webp,CRD_38C95B5BCA84434CADBB,나무킹 EX,0.74,ADD_CANDIDATE
pkmn-tcg-BR-SP2005-052,BRSP2005,52,,セレビィex P [PCG-P 052](プロモーションカード「バトルロード スプリング2005」),0,452696,https://cdn.snkrdunk.com/upload_bg_removed/pkmn-tcg-7307072-na.webp,CRD_391EF36F49824C58965F,세레비 EX,0.7896,ADD_CANDIDATE
pkmn-tcg-BR-SP2005-053,BRSP2005,53,,R団のペルシアンex P [PCG-P 053](プロモーションカード「バトルロード スプリング2005」),0,452697,https://cdn.snkrdunk.com/upload_bg_removed/pkmn-tcg-7307073-na.webp,,,,ADD_CANDIDATE
pkmn-tcg-SGSP-PWL-V4-051,SGSPPWLV4,51,,バクフーン P [PCG-P 051](プロモーションカード「小学館スペシャル ポケモンワンダーランドVol.4 付録」),0,452695,https://cdn.snkrdunk.com/upload_bg_removed/pkmn-tcg-7307071-na.webp,,,,ADD_CANDIDATE
pkmn-tcg-MS-PCS3-0506-071,MSPCS30506,71,,ゴマゾウ P [PCG-P 071](プロモーションカード「明治製菓 ポケモンチョコスナック 第3弾 2005年 6月」),0,452708,https://cdn.snkrdunk.com/upload_bg_removed/pkmn-tcg-7307084-yu.webp,CRD_D1B5C3A150B3424CB4C7,누오,0.6475,ADD_CANDIDATE
pkmn-tcg-SG-PN-077,SGPN,77,,マリルリ P [PCG-P 077](プロモーションカード「小学館 DVD/ビデオ ピカチュウのなつまつり」),0,452714,https://cdn.snkrdunk.com/upload_bg_removed/pkmn-tcg-7307090-na.webp,,,,ADD_CANDIDATE
pkmn-tcg-MS-PCS3-0506-072,MSPCS30506,72,,レジロック P [PCG-P 072](プロモーションカード「明治製菓 ポケモンチョコスナック 第3弾 2005年 6月」),0,452709,https://cdn.snkrdunk.com/upload_bg_removed/pkmn-tcg-7307085-yu.webp,CRD_83A1176A6F644DE9B1DB,레지락 EX,0.6757,ADD_CANDIDATE
pkmn-tcg-SG-PN-078,SGPN,78,,ピチュー兄弟 P [PCG-P 078](プロモーションカード「小学館 DVD/ビデオ ピカチュウのなつまつり」),0,452715,https://cdn.snkrdunk.com/upload_bg_removed/pkmn-tcg-7307091-na.webp,,,,ADD_CANDIDATE
pkmn-tcg-MS-PCS3-0506-070,MSPCS30506,70,,サーナイト P [PCG-P 070](プロモーションカード「明治製菓 ポケモンチョコスナック 第3弾 2005年 6月」),0,452707,https://cdn.snkrdunk.com/upload_bg_removed/pkmn-tcg-7307083-yu.webp,CRD_27E9FB0B75EB487ABBF6,가디안 EX,0.8176,ADD_CANDIDATE
pkmn-tcg-MS-PCS3-0506-074,MSPCS30506,74,,レジスチル P [PCG-P 074](プロモーションカード「明治製菓 ポケモンチョコスナック 第3弾 2005年 6月」),0,452711,https://cdn.snkrdunk.com/upload_bg_removed/pkmn-tcg-7307087-yu.webp,CRD_C041DE21E72A4D9498F0,레지스틸 EX,0.7425,ADD_CANDIDATE
pkmn-tcg-MCD-05-07-081,MCD0507,81,,ジュプトル P [PCG-P 081](プロモーションカード「マクドナルドオリジナル 2005年7月」),0,452718,https://cdn.snkrdunk.com/upload_bg_removed/pkmn-tcg-7307094-yu.webp,,,,ADD_CANDIDATE
pkmn-tcg-MS-PCS3-0506-065,MSPCS30506,65,,ワカシャモ P [PCG-P 065](プロモーションカード「明治製菓 ポケモンチョコスナック 第3弾 2005年 6月」),0,452702,https://cdn.snkrdunk.com/upload_bg_removed/pkmn-tcg-7307078-yu.webp,CRD_93FFCADB9F314F93B03F,케르디오 EX,0.6604,ADD_CANDIDATE
pkmn-tcg-SI-OFWD-079,SIOFWD,79,,波導のルカリオ P [PCG-P 079](プロモーションカード「セブン-イレブン限定 オフィシャルダブルデッキケース」),0,452716,https://cdn.snkrdunk.com/upload_bg_removed/pkmn-tcg-7307092-yu.webp,CRD_7E2493249D5F4079918C,루카리오 EX,0.7578,ADD_CANDIDATE
pkmn-tcg-SGSP-PWL-V5-097,SGSPPWLV5,97,,ロータのマネネ P [PCG-P 097](プロモーションカード「小学館スペシャル ポケモンワンダーランドVol.5 付録」),0,452732,https://cdn.snkrdunk.com/upload_bg_removed/pkmn-tcg-7307108-na.webp,,,,ADD_CANDIDATE
pkmn-tcg-MCD-05-07-090,MCD0507,90,,波導のルカリオ P [PCG-P 090](プロモーションカード「マクドナルドオリジナル 2005年7月」),0,452727,https://cdn.snkrdunk.com/upload_bg_removed/pkmn-tcg-7307103-yu.webp,,,,ADD_CANDIDATE
pkmn-tcg-MCD-05-07-086,MCD0507,86,,ロータのマネネ P [PCG-P 086](プロモーションカード「マクドナルドオリジナル 2005年7月」),0,452723,https://cdn.snkrdunk.com/upload_bg_removed/pkmn-tcg-7307099-yu.webp,,,,ADD_CANDIDATE
pkmn-tcg-MS-PCS4-0510-110,MSPCS40510,110,,ヌマクロー P [PCG-P 110](プロモーションカード「明治製菓 ポケモンチョコスナック 第4弾 2005年 10月」),0,452745,https://cdn.snkrdunk.com/upload_bg_removed/pkmn-tcg-7307121-yu.webp,,,,ADD_CANDIDATE
pkmn-tcg-MS-PCS4-0510-101,MSPCS40510,101,,フォレトス P [PCG-P 101](プロモーションカード「明治製菓 ポケモンチョコスナック 第4弾 2005年 10月」),0,452736,https://cdn.snkrdunk.com/upload_bg_removed/pkmn-tcg-7307112-yu.webp,CRD_853BCA2D91DC48478D36,쏘콘 ex,0.7753,ADD_CANDIDATE
pkmn-tcg-MS-PCS4-0510-109,MSPCS40510,109,,ドンファン P [PCG-P 109](プロモーションカード「明治製菓 ポケモンチョコスナック 第4弾 2005年 10月」),0,452744,https://cdn.snkrdunk.com/upload_bg_removed/pkmn-tcg-7307120-na.webp,CRD_BDBA1831790543D0A08B,메가자리 BREAK,0.6687,ADD_CANDIDATE
pkmn-tcg-MCD-06-02-121,MCD0602,121,,ゼニガメ P [PCG-P 121](プロモーションカード「マクドナルドオリジナル 2006年2月」),0,452752,https://cdn.snkrdunk.com/upload_bg_removed/pkmn-tcg-7307128-yu.webp,,,,ADD_CANDIDATE
pkmn-tcg-MCD-06-02-126,MCD0602,126,,ポッポ P [PCG-P 126](プロモーションカード「マクドナルドオリジナル 2006年2月」),0,452757,https://cdn.snkrdunk.com/upload_bg_removed/pkmn-tcg-7307133-yu.webp,,,,ADD_CANDIDATE
pkmn-tcg-MCD-06-02-128,MCD0602,128,,チリーンδ-デルタ種 P [PCG-P 128](プロモーションカード「マクドナルドオリジナル 2006年2月」),0,452759,https://cdn.snkrdunk.com/upload_bg_removed/pkmn-tcg-7307135-yu.webp,,,,ADD_CANDIDATE
pkmn-tcg-MS-PCS5-0606-138,MSPCS50606,138,,アクーシャのブイゼル P [PCG-P 138](プロモーションカード「明治製菓 ポケモンチョコスナック 第5弾 2006年 6月」),0,452768,https://cdn.snkrdunk.com/upload_bg_removed/pkmn-tcg-7307144-yu.webp,,,,ADD_CANDIDATE
pkmn-tcg-SGSP-PWL-V7-131,SGSPPWLV7,131,,キモリδ-デルタ種 P [PCG-P 131](プロモーションカード「小学館スペシャル ポケモンワンダーランドVol.7 付録」),0,452761,https://cdn.snkrdunk.com/upload_bg_removed/pkmn-tcg-7307137-yu.webp,CRD_4D2AB79A057148E8BE39,엘레이드 EX,0.6412,ADD_CANDIDATE
pkmn-tcg-MS-PCS5-0606-137,MSPCS50606,137,,アクーシャのタマンタ P [PCG-P 137](プロモーションカード「明治製菓 ポケモンチョコスナック 第5弾 2006年 6月」),0,452767,https://cdn.snkrdunk.com/upload_bg_removed/pkmn-tcg-7307143-na.webp,,,,ADD_CANDIDATE
pkmn-tcg-MS-PCS5-0606-140,MSPCS50606,140,,ペリッパーδ-デルタ種 P [PCG-P 140](プロモーションカード「明治製菓 ポケモンチョコスナック 第5弾 2006年 6月」),0,452770,https://cdn.snkrdunk.com/upload_bg_removed/pkmn-tcg-7307146-yu.webp,,,,ADD_CANDIDATE
pkmn-tcg-SG-S123456-0809-150,SGS1234560809,150,,蒼海のマナフィ P [PCG-P 150](プロモーションカード「小学館 小学一年生 小学二年生 小学三年生 小学四年生 小学五年生 小学六年生 8.9月号 付録」),0,452779,https://cdn.snkrdunk.com/upload_bg_removed/pkmn-tcg-7307155-na.webp,CRD_B3FD6023E69B4B2DAF28,마나피 EX,0.6662,ADD_CANDIDATE
pkmn-tcg-ANA-PN-154,ANAPN,154,,蒼海のマナフィ P [PCG-P 154](プロモーションカード「ANA ピカ夏旅割」),0,452783,https://cdn.snkrdunk.com/upload_bg_removed/pkmn-tcg-7307159-na.webp,,,,ADD_CANDIDATE
pkmn-tcg-MS-PCS5-0606-142,MSPCS50606,142,,アサナン P [PCG-P 142](プロモーションカード「明治製菓 ポケモンチョコスナック 第5弾 2006年 6月」),0,452772,https://cdn.snkrdunk.com/upload_bg_removed/pkmn-tcg-7307148-yu.webp,CRD_9C10318D36A044519EB6,뮤츠 EX,0.7578,ADD_CANDIDATE
pkmn-tcg-SGSP-PWL-V8-152,SGSPPWLV8,152,,アクーシャのペラップ P [PCG-P 152](プロモーションカード「小学館スペシャル ポケモンワンダーランドvol.8 付録」),0,452781,https://cdn.snkrdunk.com/upload_bg_removed/pkmn-tcg-7307157-na.webp,,,,ADD_CANDIDATE
pkmn-tcg-BR-SP2004-0011,BRSP2004,11,,勝利のリング P(プロモーションカード「バトルロード スプリング2004」),0,452784,https://cdn.snkrdunk.com/upload_bg_removed/pkmn-tcg-7307160-yu.webp,,,,ADD_CANDIDATE
pkmn-tcg-BR-SM2005-0017,BRSM2005,17,,勝利のオーブ P(プロモーションカード「バトルロード サマー2005」),0,452791,https://cdn.snkrdunk.com/upload_bg_removed/pkmn-tcg-7307167-na.webp,,,,ADD_CANDIDATE
pkmn-tcg-MS-PCS5-0606-145,MSPCS50606,145,,ザングースδ-デルタ種 P [PCG-P 145](プロモーションカード「明治製菓 ポケモンチョコスナック 第5弾 2006年 6月」),0,452775,https://cdn.snkrdunk.com/upload_bg_removed/pkmn-tcg-7307151-yu.webp,,,,ADD_CANDIDATE
pkmn-tcg-PK-DSC-0014,PKDSC,14,,おしえテレビのおにいさん P(プロモーションカード「ポケモンだいすきクラブ イベント」),0,452787,https://cdn.snkrdunk.com/upload_bg_removed/pkmn-tcg-7307163-na.webp,,,,ADD_CANDIDATE
pkmn-tcg-SG-S123456-0809-151,SGS1234560809,151,,アクーシャのブイゼル P [PCG-P 151](プロモーションカード「小学館 小学一年生 小学二年生 小学三年生 小学四年生 小学五年生 小学六年生 8.9月号 付録」),0,452780,https://cdn.snkrdunk.com/upload_bg_removed/pkmn-tcg-7307156-yu.webp,CRD_93FFCADB9F314F93B03F,케르디오 EX,0.6644,ADD_CANDIDATE
pkmn-tcg-SI-IE-OD-146,SIIEOD,146,,蒼海のマナフィ P [PCG-P 146](プロモーションカード「セブンイレブン・イトーヨーカドー限定 オフィシャルデッキケース」),0,452776,https://cdn.snkrdunk.com/upload_bg_removed/pkmn-tcg-7307152-yu.webp,CRD_B3FD6023E69B4B2DAF28,마나피 EX,0.6986,ADD_CANDIDATE
pkmn-tcg-TOY-ION-OFC-147,TOYIONOFC,147,,蒼海のマナフィ P [PCG-P 147](プロモーションカード「トイザらス・イオン限定 オフィシャルカードファイル」),0,452777,https://cdn.snkrdunk.com/upload_bg_removed/pkmn-tcg-7307153-na.webp,CRD_C5460BA77BF844449364,아그놈,0.6795,ADD_CANDIDATE
pkmn-tcg-MS-PCS5-0606-144,MSPCS50606,144,,サメハダー P [PCG-P 144](プロモーションカード「明治製菓 ポケモンチョコスナック 第5弾 2006年 6月」),0,452774,https://cdn.snkrdunk.com/upload_bg_removed/pkmn-tcg-7307150-na.webp,CRD_16E335392D60451C9EA2,샤크니아 EX,0.6471,ADD_CANDIDATE
pkmn-tcg-BR-SM2004-0012,BRSM2004,12,,勝利のオーブ P(プロモーションカード「バトルロード サマー2004」),0,452785,https://cdn.snkrdunk.com/upload_bg_removed/pkmn-tcg-7307161-na.webp,,,,ADD_CANDIDATE
pkmn-tcg-BR-OT2004-0015,BROT2004,15,,勝利のリング P(プロモーションカード「バトルロード オータム2004」),0,452788,https://cdn.snkrdunk.com/upload_bg_removed/pkmn-tcg-7307164-na.webp,,,,ADD_CANDIDATE
pkmn-tcg-BR-SP2006-0023,BRSP2006,23,,勝利のリング P(プロモーションカード「バトルロード スプリング2006」),0,452797,https://cdn.snkrdunk.com/upload_bg_removed/pkmn-tcg-7307173-na.webp,,,,ADD_CANDIDATE
pkmn-tcg-GIM-FL-0022,GIMFL,22,,勝利のメダル（金） 2005-2006 P(プロモーションカード「ジムファイナル 地区代表決定戦 2005年-2006年」),0,452796,https://cdn.snkrdunk.com/upload_bg_removed/pkmn-tcg-7307172-na.webp,,,,ADD_CANDIDATE
pkmn-tcg-BR-SP2005-0016,BRSP2005,16,,勝利のリング P(プロモーションカード「バトルロード スプリング2005」),0,452790,https://cdn.snkrdunk.com/upload_bg_removed/pkmn-tcg-7307166-na.webp,,,,ADD_CANDIDATE
pkmn-tcg-BR-SM2004-024,BRSM2004,24,,ポケモンカード研究所 P [PCG-P 024](プロモーションカード「バトルロード サマー2004」),0,452804,https://cdn.snkrdunk.com/upload_bg_removed/pkmn-tcg-7327149-yu.webp,,,,ADD_CANDIDATE
pkmn-tcg-GIM-CLL-0021,GIMCLL,21,,勝利のメダル（銀） 2005 P(プロモーションカード「ジムチャレンジ」),0,452795,https://cdn.snkrdunk.com/upload_bg_removed/pkmn-tcg-7307171-na.webp,,,,ADD_CANDIDATE
pkmn-tcg-PWCS2005-0019,PWCS2005,19,,トロピカルタイダルウェーブ P(プロモーションカード「ポケモンワールドチャンピオンシップス2005 」),0,452793,https://cdn.snkrdunk.com/upload_bg_removed/pkmn-tcg-7307169-na.webp,,,,ADD_CANDIDATE
pkmn-tcg-PWCS2006-0025,PWCS2006,25,,トロピカルタイダルウェーブ P(プロモーションカード「ポケモンワールドチャンピオンシップス2006」),0,452799,https://cdn.snkrdunk.com/upload_bg_removed/20241119014830-0.webp,,,,ADD_CANDIDATE
pkmn-tcg-BR-SM2006-0024,BRSM2006,24,,勝利のオーブ P(プロモーションカード「バトルロード サマー2006」),0,452798,https://cdn.snkrdunk.com/upload_bg_removed/pkmn-tcg-7307174-na.webp,,,,ADD_CANDIDATE
pkmn-tcg-JB-BP-0026,JBBP,26,,サーナイトex P(プロモーションカード「ジャンボカード ポケモンジャングルツアーズ～ダイヤモンド＆パールの伝説～」),0,452800,https://cdn.snkrdunk.com/upload_bg_removed/pkmn-tcg-7307176-na.webp,CRD_4885A59DE0CC4CA59CE0,M가디안 EX,0.7943,ADD_CANDIDATE
pkmn-tcg-PWCS2004-0013,PWCS2004,13,,トロピカルウインド P(プロモーションカード「ポケモンワールドチャンピオンシップス2004」),0,452786,https://cdn.snkrdunk.com/upload_bg_removed/pkmn-tcg-7307162-na.webp,,,,ADD_CANDIDATE
pkmn-tcg-BR-OT2005-0020,BROT2005,20,,チャンピオンズリーグ P(プロモーションカード「チャンピオンズリーグ 2005」),0,452794,https://cdn.snkrdunk.com/upload_bg_removed/pkmn-tcg-7307170-na.webp,,,,ADD_CANDIDATE
pkmn-tcg-JB-BP-0027,JBBP,27,,バンギラスex P(プロモーションカード「ジャンボカード ポケモンジャングルツアーズ～ダイヤモンド＆パールの伝説～」),0,452801,https://cdn.snkrdunk.com/upload_bg_removed/pkmn-tcg-7307177-na.webp,CRD_9EB9A88BDE8245A99331,마기라스 EX,0.7107,ADD_CANDIDATE
pkmn-tcg-PK-DSC-096,PKDSC,96,,ポケモン大好きクラブ P [PCG-P 096](プロモーションカード「ポケモンだいすきクラブ イベント」),0,452805,https://cdn.snkrdunk.com/upload_bg_removed/pkmn-tcg-7327158-na.webp,,,,ADD_CANDIDATE
pkmn-tcg-MV-ML-0018,MVML,18,,ダーク ルギア P(プロモーションカード「映画 ミュウと波導の勇者ルカリオ」),0,452792,https://cdn.snkrdunk.com/upload_bg_removed/pkmn-tcg-7307168-na.webp,,,,ADD_CANDIDATE
pkmn-tcg-BR-SP2006-130,BRSP2006,130,,タッチ交換！ P [PCG-P 130](プロモーションカード「バトルロード スプリング2006」),0,452807,https://cdn.snkrdunk.com/upload_bg_removed/pkmn-tcg-7327163-yu.webp,,,,ADD_CANDIDATE
pkmn-tcg-BR-SM2007-130,BRSM2007,130,,タッチ交換！ P [PCG-P 130](プロモーションカード「ポケモンワールドチャンピオンシップス2006」),0,452808,https://cdn.snkrdunk.com/upload_bg_removed/pkmn-tcg-7327164-na.webp,,,,ADD_CANDIDATE
pkmn-tcg-MCD-06-02-119,MCD0602,119,,ジュカイン P [PCG-P 119](プロモーションカード「マクドナルドオリジナル 2006年2月」),0,452750,https://cdn.snkrdunk.com/upload_bg_removed/pkmn-tcg-7307126-yu.webp,CRD_38C95B5BCA84434CADBB,나무킹 EX,0.6447,ADD_CANDIDATE
pkmn-tcg-MS-PCS5-0606-136,MSPCS50606,136,,ワカシャモ P [PCG-P 136](プロモーションカード「明治製菓 ポケモンチョコスナック 第5弾 2006年 6月」),0,452766,https://cdn.snkrdunk.com/upload_bg_removed/pkmn-tcg-7307142-yu.webp,CRD_93FFCADB9F314F93B03F,케르디오 EX,0.6753,ADD_CANDIDATE
pkmn-tcg-BR-OT2004-026,BROT2004,26,,R団のライコウex P [PCG-P 026](プロモーションカード「バトルロード オータム2004」),0,452670,https://cdn.snkrdunk.com/upload_bg_removed/pkmn-tcg-7307046-na.webp,CRD_9C6FB71861F94FB98F11,라이코 EX,0.7558,ADD_CANDIDATE
pkmn-tcg-BR-OT2005-117,BROT2005,117,,バトルロードスタジアム P [PCG-P 117](プロモーションカード「チャンピオンズリーグ 2005」),0,452806,https://cdn.snkrdunk.com/upload_bg_removed/pkmn-tcg-7327162-na.webp,,,,ADD_CANDIDATE
pkmn-tcg-MS-PCS3-0506-075,MSPCS30506,75,,波導のルカリオ P [PCG-P 075](プロモーションカード「明治製菓 ポケモンチョコスナック 第3弾 2005年 6月」),0,452712,https://cdn.snkrdunk.com/upload_bg_removed/pkmn-tcg-7307088-yu.webp,,,,ADD_CANDIDATE
pkmn-tcg-MS-PCS3-0506-066,MSPCS30506,66,,ラグラージ P [PCG-P 066](プロモーションカード「明治製菓 ポケモンチョコスナック 第3弾 2005年 6月」),0,452703,https://cdn.snkrdunk.com/upload_bg_removed/pkmn-tcg-7307079-yu.webp,,,,ADD_CANDIDATE
pkmn-tcg-DP-P-0001,DPP,1,,悪エネルギー [DP-P](プロモーションカード「第25回次世代ワールドホビーフェア ジム☆チャレンジ 湖の秘密 発売記念大会」),0,453177,https://cdn.snkrdunk.com/upload_bg_removed/pkmn-tcg-7310496-of.webp,,,,ADD_CANDIDATE
pkmn-tcg-DP-P-0003,DPP,3,,たての化石 [DP-P](プロモーションカード「バトルロード スプリング★2007」),0,453179,https://cdn.snkrdunk.com/upload_bg_removed/pkmn-tcg-7310498-ot.webp,,,,ADD_CANDIDATE
pkmn-tcg-DP-P-0004,DPP,4,,ずがいの化石 [DP-P](プロモーションカード「バトルロード スプリング★2007」),0,453180,https://cdn.snkrdunk.com/upload_bg_removed/pkmn-tcg-7310499-ot.webp,,,,ADD_CANDIDATE
pkmn-tcg-DP-P-0005,DPP,5,,ミズキの検索 [DP-P](プロモーションカード「バトルロード スプリング★2007」),0,453181,https://cdn.snkrdunk.com/upload_bg_removed/pkmn-tcg-7310500-ot.webp,,,,ADD_CANDIDATE
pkmn-tcg-DP-P-0019,DPP,19,,ミラクル・ダイヤモンド [DP-P](プロモーションカード「バトルロード サマー★2007 / バトルロード スプリング★2008 公式トーナメント入賞カード」),0,453183,https://cdn.snkrdunk.com/upload_bg_removed/pkmn-tcg-7310514-of.webp,CRD_2C1DA4E5D17E428CB8AF,M얼음귀신 EX,0.7654,ADD_CANDIDATE
pkmn-tcg-DP-P-0002,DPP,2,,鋼エネルギー [DP-P](プロモーションカード「第25回次世代ワールドホビーフェア ジム☆チャレンジ 湖の秘密 発売記念大会」),0,453178,https://cdn.snkrdunk.com/upload_bg_removed/pkmn-tcg-7310497-of.webp,,,,ADD_CANDIDATE
pkmn-tcg-DP-P-0012,DPP,12,,チャンピオンズリーグ [DP-P](プロモーションカード「チャンピオンズリーグ スプリング★2007」),0,453182,https://cdn.snkrdunk.com/upload_bg_removed/pkmn-tcg-7310507-of.webp,,,,ADD_CANDIDATE
pkmn-tcg-DP-P-0024,DPP,24,,トロピカルウインド [DP-P](プロモーションカード「ポケモンワールドチャンピオンシップス2007」),0,453184,https://cdn.snkrdunk.com/upload_bg_removed/20241119025742-0.webp,,,,ADD_CANDIDATE
pkmn-tcg-DP-P-0028,DPP,28,,バクのトレーニング [DP-P](プロモーションカード「バトルロード スプリング★2008」),0,453185,https://cdn.snkrdunk.com/upload_bg_removed/pkmn-tcg-7310523-of.webp,,,,ADD_CANDIDATE
pkmn-tcg-DP-P-0026-003,DPP0026,3,,マナフィ [DP-P 003](プロモーションカード「バトルフェスタ★2006 ダブル体験プレゼント / バトルロードスタジアムDP 参加賞」),0,453194,https://cdn.snkrdunk.com/upload_bg_removed/pkmn-tcg-7313114-yu.webp,CRD_18ECEF4F4F6B4E32805A,마나피 EX,0.6467,ADD_CANDIDATE
pkmn-tcg-DP-P-0032,DPP,32,,トロピカルウインド [DP-P](プロモーションカード「ポケモンワールドチャンピオンシップス2008」),0,453187,https://cdn.snkrdunk.com/upload_bg_removed/20241119025609-0.webp,,,,ADD_CANDIDATE
pkmn-tcg-DP-P-0028-006,DPP0028,6,,チェリンボ [DP-P 006](プロモーションカード「ポケモンチョコスナック 第6弾」),0,453197,https://cdn.snkrdunk.com/upload_bg_removed/pkmn-tcg-7313117-yu.webp,,,,ADD_CANDIDATE
pkmn-tcg-DP-P-0028-010,DPP0028,10,,コリンク [DP-P 010](プロモーションカード「ポケモンチョコスナック 第6弾」),0,453201,https://cdn.snkrdunk.com/upload_bg_removed/pkmn-tcg-7313121-yu.webp,,,,ADD_CANDIDATE
pkmn-tcg-DP-P-0028-009,DPP0028,9,,ブイゼルLV.10 [DP-P 009](プロモーションカード「ポケモンチョコスナック 第6弾」),0,453200,https://cdn.snkrdunk.com/upload_bg_removed/pkmn-tcg-7313120-yu.webp,CRD_0121009428B847BEBE66,망나뇽 EX,0.6956,ADD_CANDIDATE
pkmn-tcg-DP-P-0029,DPP,29,,シロナの想い [DP-P](プロモーションカード「バトルロード スプリング★2008」),0,453186,https://cdn.snkrdunk.com/upload_bg_removed/pkmn-tcg-7310524-of.webp,CRD_BC975C84189F46CDAFBF,난천,0.6728,ADD_CANDIDATE
pkmn-tcg-DP-P-0027-004,DPP0027,4,,ルカリオLV.X [DP-P 004](プロモーションカード「ポケモンカードゲームDP 公式ビジュアルブック」),0,453195,https://cdn.snkrdunk.com/upload_bg_removed/pkmn-tcg-7313115-yu.webp,CRD_7E2493249D5F4079918C,루카리오 EX,0.7408,ADD_CANDIDATE
pkmn-tcg-DP-P-0028-005,DPP0028,5,,ナエトルLV.10 [DP-P 005](プロモーションカード「ポケモンチョコスナック 第6弾」),0,453196,https://cdn.snkrdunk.com/upload_bg_removed/pkmn-tcg-7313116-yu.webp,,,,ADD_CANDIDATE
pkmn-tcg-DP-P-0024-001,DPP0024,1,,リオルLV.7 [DP-P 001](プロモーションカード「月刊コロコロコミック 2006年12月号付録」),0,453192,https://cdn.snkrdunk.com/upload_bg_removed/pkmn-tcg-7313112-yu.webp,,,,ADD_CANDIDATE
pkmn-tcg-DP-P-0028-011,DPP0028,11,,パチリスLV.23 [DP-P 011](プロモーションカード「ポケモンチョコスナック 第6弾」),0,453202,https://cdn.snkrdunk.com/upload_bg_removed/pkmn-tcg-7313122-yu.webp,,,,ADD_CANDIDATE
pkmn-tcg-DP-P-0028-007,DPP0028,7,,ヒコザルLV.8 [DP-P 007](プロモーションカード「ポケモンチョコスナック 第6弾」),0,453198,https://cdn.snkrdunk.com/upload_bg_removed/pkmn-tcg-7313118-yu.webp,,,,ADD_CANDIDATE
pkmn-tcg-DP-P-0028-014,DPP0028,14,,ビッパ [DP-P 014](プロモーションカード「ポケモンチョコスナック 第6弾」),0,453205,https://cdn.snkrdunk.com/upload_bg_removed/pkmn-tcg-7313125-yu.webp,CRD_555EE842647815F48715,엘풍 ex,0.6284,ADD_CANDIDATE
pkmn-tcg-DP-P-0028-012,DPP0028,12,,フワンテ [DP-P 012](プロモーションカード「ポケモンチョコスナック 第6弾」),0,453203,https://cdn.snkrdunk.com/upload_bg_removed/pkmn-tcg-7313123-yu.webp,,,,ADD_CANDIDATE
pkmn-tcg-DP-P-0028-015,DPP0028,15,,ミミロルLV.11 [DP-P 015](プロモーションカード「ポケモンチョコスナック 第6弾」),0,453206,https://cdn.snkrdunk.com/upload_bg_removed/pkmn-tcg-7313126-yu.webp,,,,ADD_CANDIDATE
pkmn-tcg-DP-P-0029-018,DPP0029,18,,ヒコザルLV.8 [DP-P 018](プロモーションカード「第25回次世代ワールドホビーフェア とりかえっこDP引換カード」),0,453209,https://cdn.snkrdunk.com/upload_bg_removed/pkmn-tcg-7313129-yu.webp,CRD_5EE6DC9AFBE242028F0F,지라치 EX,0.6272,ADD_CANDIDATE
pkmn-tcg-DP-P-0028-016,DPP0028,16,,ペラップ [DP-P 016](プロモーションカード「ポケモンチョコスナック 第6弾」),0,453207,https://cdn.snkrdunk.com/upload_bg_removed/pkmn-tcg-7313127-yu.webp,,,,ADD_CANDIDATE
pkmn-tcg-DP-P-0029-017,DPP0029,17,,ナエトルLV.10 [DP-P 017](プロモーションカード「第25回次世代ワールドホビーフェア とりかえっこDP引換カード」),0,453208,https://cdn.snkrdunk.com/upload_bg_removed/pkmn-tcg-7313128-yu.webp,,,,ADD_CANDIDATE
pkmn-tcg-DP-P-0029-020,DPP0029,20,,パチリスLV.23 [DP-P 020](プロモーションカード「第25回次世代ワールドホビーフェア とりかえっこDP引換カード」),0,453211,https://cdn.snkrdunk.com/upload_bg_removed/pkmn-tcg-7313131-yu.webp,CRD_C56596E4D16D42879763,크레세리아 EX,0.6405,ADD_CANDIDATE
pkmn-tcg-DP-P-0032-034,DPP0032,34,,ハヤシガメ [DP-P 034](プロモーションカード「ポケモンチョコスナック 第7弾」),0,453225,https://cdn.snkrdunk.com/upload_bg_removed/pkmn-tcg-7313145-yu.webp,CRD_917F313DC98747328859,토대부기,0.7033,ADD_CANDIDATE
pkmn-tcg-DP-P-0029-022,DPP0029,22,,ムクバード [DP-P 022](プロモーションカード「第25回次世代ワールドホビーフェア とりかえっこDP引換カード」),0,453213,https://cdn.snkrdunk.com/upload_bg_removed/pkmn-tcg-7313133-yu.webp,,,,ADD_CANDIDATE
pkmn-tcg-DP-P-0029-024,DPP0029,24,,ニャルマー [DP-P 024](プロモーションカード「第25回次世代ワールドホビーフェア とりかえっこDP引換カード」),0,453215,https://cdn.snkrdunk.com/upload_bg_removed/pkmn-tcg-7313135-yu.webp,,,,ADD_CANDIDATE
pkmn-tcg-DP-P-0031-031,DPP0031,31,,フワライド [DP-P 031](プロモーションカード「マクドナルドオリジナルポケモンカードゲームDP 2007年5月」),0,453222,https://cdn.snkrdunk.com/upload_bg_removed/pkmn-tcg-7313142-yu.webp,,,,ADD_CANDIDATE
pkmn-tcg-DP-P-0031-027,DPP0031,27,,ナエトルLV.10 [DP-P 027](プロモーションカード「マクドナルドオリジナルポケモンカードゲームDP 2007年5月」),0,453218,https://cdn.snkrdunk.com/upload_bg_removed/pkmn-tcg-7313138-yu.webp,,,,ADD_CANDIDATE
pkmn-tcg-DP-P-0030-026,DPP0030,26,,フカマルLV.8 [DP-P 026](プロモーションカード「バトルロード スプリング★2007 予選参加賞 / ポケモンチャレンジひろば 2008/11」),0,453217,https://cdn.snkrdunk.com/upload_bg_removed/pkmn-tcg-7313137-yu.webp,,,,ADD_CANDIDATE
pkmn-tcg-DP-P-0029-019,DPP0029,19,,ポッチャマLV.9 [DP-P 019](プロモーションカード「第25回次世代ワールドホビーフェア とりかえっこDP引換カード」),0,453210,https://cdn.snkrdunk.com/upload_bg_removed/pkmn-tcg-7313130-yu.webp,CRD_93B44E38ADC1449B84C7,냐오닉스 EX,0.6394,ADD_CANDIDATE
pkmn-tcg-DP-P-0031-033,DPP0031,33,,ディアルガ [DP-P 033](プロモーションカード「マクドナルドオリジナルポケモンカードゲームDP 2007年5月」),0,453224,https://cdn.snkrdunk.com/upload_bg_removed/pkmn-tcg-7313144-yu.webp,CRD_40ACC9AF379C44558884,디아루가,0.7429,ADD_CANDIDATE
pkmn-tcg-DP-P-0029-023,DPP0029,23,,ミミロルLV.11 [DP-P 023](プロモーションカード「第25回次世代ワールドホビーフェア とりかえっこDP引換カード」),0,453214,https://cdn.snkrdunk.com/upload_bg_removed/pkmn-tcg-7313134-yu.webp,,,,ADD_CANDIDATE
pkmn-tcg-DP-P-0029-021,DPP0029,21,,マネネ [DP-P 021](プロモーションカード「第25回次世代ワールドホビーフェア とりかえっこDP引換カード」),0,453212,https://cdn.snkrdunk.com/upload_bg_removed/pkmn-tcg-7313132-yu.webp,,,,ADD_CANDIDATE
pkmn-tcg-DP-P-0031-032,DPP0031,32,,グレッグルLV.17 [DP-P 032](プロモーションカード「マクドナルドオリジナルポケモンカードゲームDP 2007年5月」),0,453223,https://cdn.snkrdunk.com/upload_bg_removed/pkmn-tcg-7313143-yu.webp,,,,ADD_CANDIDATE
pkmn-tcg-DP-P-0031-028,DPP0031,28,,ヒコザルLV.8 [DP-P 028](プロモーションカード「マクドナルドオリジナルポケモンカードゲームDP 2007年5月」),0,453219,https://cdn.snkrdunk.com/upload_bg_removed/pkmn-tcg-7313139-yu.webp,,,,ADD_CANDIDATE
pkmn-tcg-DP-P-0032-041,DPP0032,41,,グレッグルLV.17 [DP-P 041](プロモーションカード「ポケモンチョコスナック 第7弾」),0,453232,https://cdn.snkrdunk.com/upload_bg_removed/pkmn-tcg-7313152-yu.webp,,,,ADD_CANDIDATE
pkmn-tcg-DP-P-0032-043,DPP0032,43,,ピンプク [DP-P 043](プロモーションカード「ポケモンチョコスナック 第7弾」),0,453234,https://cdn.snkrdunk.com/upload_bg_removed/pkmn-tcg-7313154-yu.webp,,,,ADD_CANDIDATE
pkmn-tcg-DP-P-0038-061,DPP0038,61,,コリンク :キラ [DP-P 061](プロモーションカード「とりかえっこDP引換カード2007年11月」),0,453251,https://cdn.snkrdunk.com/upload_bg_removed/pkmn-tcg-7313172-yu.webp,,,,ADD_CANDIDATE
pkmn-tcg-DP-P-0038-060,DPP0038,60,,カラナクシ にしのうみ :キラ [DP-P 060](プロモーションカード「とりかえっこDP引換カード2007年11月」),0,453250,https://cdn.snkrdunk.com/upload_bg_removed/pkmn-tcg-7313171-yu.webp,,,,ADD_CANDIDATE
pkmn-tcg-DP-P-0034-050,DPP0034,50,,ドクロッグ [DP-P 050](プロモーションカード「とりかえっこDP引換カード2007年7月」),0,453241,https://cdn.snkrdunk.com/upload_bg_removed/pkmn-tcg-7313161-yu.webp,,,,ADD_CANDIDATE
pkmn-tcg-DP-P-0035-055,DPP0035,55,,プラスル :キラ [DP-P 055](プロモーションカード「バトルロード サマー★2007 タッグバトルDP優秀賞」),0,453246,https://cdn.snkrdunk.com/upload_bg_removed/pkmn-tcg-7313166-yu.webp,,,,ADD_CANDIDATE
pkmn-tcg-DP-P-0038-059,DPP0038,59,,ミノムッチ すなちのミノ :キラ [DP-P 059](プロモーションカード「とりかえっこDP引換カード2007年11月」),0,453249,https://cdn.snkrdunk.com/upload_bg_removed/pkmn-tcg-7313170-yu.webp,,,,ADD_CANDIDATE
pkmn-tcg-DP-P-0034-054,DPP0034,54,,ポッタイシ [DP-P 054](プロモーションカード「とりかえっこDP引換カード2007年7月」),0,453245,https://cdn.snkrdunk.com/upload_bg_removed/pkmn-tcg-7313165-yu.webp,,,,ADD_CANDIDATE
pkmn-tcg-DP-P-0035-056,DPP0035,56,,マイナン :キラ [DP-P 056](プロモーションカード「バトルロード サマー★2007 タッグバトルDP優秀賞」),0,453247,https://cdn.snkrdunk.com/upload_bg_removed/pkmn-tcg-7313167-yu.webp,,,,ADD_CANDIDATE
pkmn-tcg-DP-P-0034-047,DPP0034,47,,チェリム [DP-P 047](プロモーションカード「とりかえっこDP引換カード2007年7月」),0,453238,https://cdn.snkrdunk.com/upload_bg_removed/pkmn-tcg-7313158-yu.webp,,,,ADD_CANDIDATE
pkmn-tcg-DP-P-0034-049,DPP0034,49,,ルクシオ [DP-P 049](プロモーションカード「とりかえっこDP引換カード2007年7月」),0,453240,https://cdn.snkrdunk.com/upload_bg_removed/pkmn-tcg-7313160-yu.webp,CRD_AAFE59E917F54C8FB509,에몽가 EX,0.6244,ADD_CANDIDATE
pkmn-tcg-DP-P-0038-066,DPP0038,66,,リオルLV.7 :キラ [DP-P 066](プロモーションカード「とりかえっこDP引換カード2007年11月」),0,453256,https://cdn.snkrdunk.com/upload_bg_removed/pkmn-tcg-7313177-yu.webp,,,,ADD_CANDIDATE
pkmn-tcg-DP-P-0038-062,DPP0038,62,,ヤミカラス :キラ [DP-P 062](プロモーションカード「とりかえっこDP引換カード2007年11月」),0,453252,https://cdn.snkrdunk.com/upload_bg_removed/pkmn-tcg-7313173-yu.webp,,,,ADD_CANDIDATE
pkmn-tcg-DP-P-0038-064,DPP0038,64,,ブーバー :キラ [DP-P 064](プロモーションカード「とりかえっこDP引換カード2007年11月」),0,453254,https://cdn.snkrdunk.com/upload_bg_removed/pkmn-tcg-7313175-yu.webp,,,,ADD_CANDIDATE
pkmn-tcg-DP-P-0042-070,DPP0042,70,,グレイシア [DP-P 070](プロモーションカード「ウィンターチャレンジ 当日大会参加賞」),0,453260,https://cdn.snkrdunk.com/upload_bg_removed/pkmn-tcg-7313181-yu.webp,CRD_BBF48E2A085C4050AA8B,글레이시아,0.6262,ADD_CANDIDATE
pkmn-tcg-DP-P-0043-071,DPP0043,71,,ゴウカザルLV.X :キラ [DP-P 071](プロモーションカード「ウィンターチャレンジ ジムリーダー・ギンガ団に挑戦! 参加賞」),0,453261,https://cdn.snkrdunk.com/upload_bg_removed/pkmn-tcg-7313182-yu.webp,,,,ADD_CANDIDATE
pkmn-tcg-DP-P-0044-072,DPP0044,72,,ナエトルLV.11 :キラ [DP-P 072](プロモーションカード「ウィンターチャレンジ はじめて教室DP / バトルロード スプリング★2008 はじめて教室DP 参加賞」),0,453262,https://cdn.snkrdunk.com/upload_bg_removed/pkmn-tcg-7313183-yu.webp,,,,ADD_CANDIDATE
pkmn-tcg-DP-P-0038-065,DPP0038,65,,エレブー :キラ [DP-P 065](プロモーションカード「とりかえっこDP引換カード2007年11月」),0,453255,https://cdn.snkrdunk.com/upload_bg_removed/pkmn-tcg-7313176-yu.webp,,,,ADD_CANDIDATE
pkmn-tcg-DP-P-0048-081,DPP0048,81,,ミツハニー [DP-P 081](プロモーションカード「ポケモンチョコスナック 第8弾」),0,453271,https://cdn.snkrdunk.com/upload_bg_removed/pkmn-tcg-7313192-yu.webp,,,,ADD_CANDIDATE
pkmn-tcg-DP-P-0045-075,DPP0045,75,,ポリゴンZLV.X :キラ [DP-P 075](プロモーションカード「公式ビジュアルブック 月光の追跡・夜明けの疾走編」),0,453265,https://cdn.snkrdunk.com/upload_bg_removed/pkmn-tcg-7313186-yu.webp,,,,ADD_CANDIDATE
pkmn-tcg-DP-P-0048-087,DPP0048,87,,リーシャン [DP-P 087](プロモーションカード「ポケモンチョコスナック 第8弾」),0,453277,https://cdn.snkrdunk.com/upload_bg_removed/pkmn-tcg-7313198-yu.webp,,,,ADD_CANDIDATE
pkmn-tcg-DP-P-0046-077,DPP0046,77,,ドータクン :キラ [DP-P 077](プロモーションカード「湖の秘密 スペシャルパック」),0,453267,https://cdn.snkrdunk.com/upload_bg_removed/pkmn-tcg-7313188-yu.webp,,,,ADD_CANDIDATE
pkmn-tcg-DP-P-0044-073,DPP0044,73,,ヒコザルLV.6 :キラ [DP-P 073](プロモーションカード「ウィンターチャレンジ はじめて教室DP / バトルロード スプリング★2008 はじめて教室DP 参加賞」),0,453263,https://cdn.snkrdunk.com/upload_bg_removed/pkmn-tcg-7313184-yu.webp,CRD_5EE6DC9AFBE242028F0F,지라치 EX,0.6383,ADD_CANDIDATE
pkmn-tcg-DP-P-0048-090,DPP0048,90,,ダイノーズ [DP-P 090](プロモーションカード「ポケモンチョコスナック 第8弾」),0,453280,https://cdn.snkrdunk.com/upload_bg_removed/pkmn-tcg-7313201-yu.webp,,,,ADD_CANDIDATE
pkmn-tcg-DP-P-0049-092,DPP0049,92,,ヒードランLV.X :キラ [DP-P 092](プロモーションカード「公式ビジュアルブック 秘境の叫び・怒りの神殿編」),0,453282,https://cdn.snkrdunk.com/upload_bg_removed/pkmn-tcg-7313203-yu.webp,CRD_7CB1EBD45B814997B7C0,레지기가스,0.6654,ADD_CANDIDATE
pkmn-tcg-DP-P-0048-082,DPP0048,82,,メガヤンマ [DP-P 082](プロモーションカード「ポケモンチョコスナック 第8弾」),0,453272,https://cdn.snkrdunk.com/upload_bg_removed/pkmn-tcg-7313193-yu.webp,,,,ADD_CANDIDATE
pkmn-tcg-DP-P-0048-080,DPP0048,80,,ミノムッチ すなちのミノ [DP-P 080](プロモーションカード「ポケモンチョコスナック 第8弾」),0,453270,https://cdn.snkrdunk.com/upload_bg_removed/pkmn-tcg-7313191-yu.webp,,,,ADD_CANDIDATE
pkmn-tcg-DP-P-0048-086,DPP0048,86,,レントラー [DP-P 086](プロモーションカード「ポケモンチョコスナック 第8弾」),0,453276,https://cdn.snkrdunk.com/upload_bg_removed/pkmn-tcg-7313197-yu.webp,,,,ADD_CANDIDATE
pkmn-tcg-DP-P-0046-076,DPP0046,76,,ドダイトスLV.X :キラ [DP-P 076](プロモーションカード「湖の秘密 スペシャルパック」),0,453266,https://cdn.snkrdunk.com/upload_bg_removed/pkmn-tcg-7313187-yu.webp,CRD_917F313DC98747328859,토대부기,0.7314,ADD_CANDIDATE
pkmn-tcg-DP-P-0048-089,DPP0048,89,,スカンプー [DP-P 089](プロモーションカード「ポケモンチョコスナック 第8弾」),0,453279,https://cdn.snkrdunk.com/upload_bg_removed/pkmn-tcg-7313200-yu.webp,,,,ADD_CANDIDATE
pkmn-tcg-DP-P-0053-096,DPP0053,96,,ルカリオLV.39 [DP-P 096](プロモーションカード「バトルロード スプリング★2008 ポケモンセンター・ポケモンセンターサテライトプレゼントカード」),0,453286,https://cdn.snkrdunk.com/upload_bg_removed/pkmn-tcg-7313207-yu.webp,,,,ADD_CANDIDATE
pkmn-tcg-DP-P-0061-108,DPP0061,108,,グライオン [DP-P 108](プロモーションカード「ポケモンカードゲームDP 秘境の叫び・怒りの神殿 スペシャルパック」),0,453293,https://cdn.snkrdunk.com/upload_bg_removed/pkmn-tcg-7313219-yu.webp,CRD_D80CF1FA048C431C9F66,글라이온,0.6545,ADD_CANDIDATE
pkmn-tcg-DP-P-0063-110,DPP0063,110,,コイル [DP-P 110](プロモーションカード「ジム☆チャレンジ 破空の激闘 発売記念大会 参加賞」),0,453295,https://cdn.snkrdunk.com/upload_bg_removed/pkmn-tcg-7313221-yu.webp,,,,ADD_CANDIDATE
pkmn-tcg-DP-P-0073-121,DPP0073,121,,パチリスLV.20 [DP-P 121](プロモーションカード「コレクションチャレンジ ポケモンファン第4号 付録」),0,453306,https://cdn.snkrdunk.com/upload_bg_removed/pkmn-tcg-7313232-yu.webp,,,,ADD_CANDIDATE
pkmn-tcg-DP-P-0074-122,DPP0074,122,,グレッグルLV.19 [DP-P 122](プロモーションカード「コレクションチャレンジ 映画ギラティナと氷空の花束シェイミ パンフレットおまけカード」),0,453307,https://cdn.snkrdunk.com/upload_bg_removed/pkmn-tcg-7313233-yu.webp,,,,ADD_CANDIDATE
pkmn-tcg-DP-P-0070-118,DPP0070,118,,ヒコザルLV.5 [DP-P 118](プロモーションカード「コレクションチャレンジ ユニクロ キャンペーン」),0,453303,https://cdn.snkrdunk.com/upload_bg_removed/pkmn-tcg-7313229-yu.webp,,,,ADD_CANDIDATE
pkmn-tcg-DP-P-0075-123,DPP0075,123,,ドラピオンLV.X [DP-P 123](プロモーションカード「ポケモンカードゲームDP 公式ビジュアルブック 破空の激闘編」),0,453308,https://cdn.snkrdunk.com/upload_bg_removed/pkmn-tcg-7313234-yu.webp,,,,ADD_CANDIDATE
pkmn-tcg-DP-P-0069-117,DPP0069,117,,ナエトルLV.7 [DP-P 117](プロモーションカード「コレクションチャレンジ スタンプラリー 参加記念カード」),0,453302,https://cdn.snkrdunk.com/upload_bg_removed/pkmn-tcg-7313228-yu.webp,,,,ADD_CANDIDATE
pkmn-tcg-DP-P-0071-119,DPP0071,119,,ポッチャマLV.6 [DP-P 119](プロモーションカード「コレクションチャレンジ チャレンジひろば 来場記念カード」),0,453304,https://cdn.snkrdunk.com/upload_bg_removed/pkmn-tcg-7313230-yu.webp,,,,ADD_CANDIDATE
pkmn-tcg-DP-P-0072-120,DPP0072,120,,ブイゼルLV.17 [DP-P 120](プロモーションカード「コレクションチャレンジ ジム☆チャレンジ 来場記念カード」),0,453305,https://cdn.snkrdunk.com/upload_bg_removed/pkmn-tcg-7313231-yu.webp,,,,ADD_CANDIDATE
pkmn-tcg-DPt-P-0001-001,DPTP0001,1,,マスキッパG [DPt-P 001](プロモーションカード「拡張パックギンガの覇道 発売記念キャンペーン」),0,453399,https://cdn.snkrdunk.com/upload_bg_removed/pkmn-tcg-7314150-yu.webp,,,,ADD_CANDIDATE
pkmn-tcg-DPt-P-0001-003,DPTP0001,3,,ロトム [DPt-P 003](プロモーションカード「拡張パックギンガの覇道 発売記念キャンペーン」),0,453401,https://cdn.snkrdunk.com/upload_bg_removed/pkmn-tcg-7314152-yu.webp,,,,ADD_CANDIDATE
pkmn-tcg-DPt-P-0001-002,DPTP0001,2,,マナフィ [DPt-P 002](プロモーションカード「拡張パックギンガの覇道 発売記念キャンペーン」),0,453400,https://cdn.snkrdunk.com/upload_bg_removed/pkmn-tcg-7314151-yu.webp,CRD_C5460BA77BF844449364,아그놈,0.7283,ADD_CANDIDATE
pkmn-tcg-DPt-P-0001-004,DPTP0001,4,,ダイノーズG [DPt-P 004](プロモーションカード「拡張パックギンガの覇道 発売記念キャンペーン」),0,453402,https://cdn.snkrdunk.com/upload_bg_removed/pkmn-tcg-7314153-yu.webp,,,,ADD_CANDIDATE
pkmn-tcg-DPt-P-0002-006,DPTP0002,6,,ドータクンG [DPt-P 006](プロモーションカード「ジム☆チャレンジ ギンガの覇道 発売記念大会 参加賞」),0,453404,https://cdn.snkrdunk.com/upload_bg_removed/pkmn-tcg-7314155-yu.webp,,,,ADD_CANDIDATE
pkmn-tcg-DPt-P-0007-013,DPTP0007,13,,ギンガ団の発明 G-109 SPレーダー [DPt-P 013](プロモーションカード「ジム☆チャレンジ 時の果ての絆 発売記念大会 参加賞」),0,453410,https://cdn.snkrdunk.com/upload_bg_removed/pkmn-tcg-7314162-yu.webp,,,,ADD_CANDIDATE
pkmn-tcg-DPt-P-0004-008,DPTP0004,8,,ドクロッグG [DPt-P 008](プロモーションカード「ポケモンカードゲームDPt 公式ビジュアルブック ギンガの覇道編」),0,453405,https://cdn.snkrdunk.com/upload_bg_removed/pkmn-tcg-7314157-yu.webp,,,,ADD_CANDIDATE
pkmn-tcg-DPt-P-0019-034,DPTP0019,34,,ポニータ [DPt-P 034](プロモーションカード「ポケモンチャレンジひろば カードゲットバトル 参加賞」),0,453424,https://cdn.snkrdunk.com/upload_bg_removed/pkmn-tcg-7314183-yu.webp,,,,ADD_CANDIDATE
pkmn-tcg-DPt-P-0014-022,DPTP0014,22,,基本草エネルギー [DPt-P 022](プロモーションカード「ジム☆チャレンジ 2009年 3月」),0,453415,https://cdn.snkrdunk.com/upload_bg_removed/pkmn-tcg-7314171-yu.webp,,,,ADD_CANDIDATE
pkmn-tcg-DPt-P-0014-023,DPTP0014,23,,基本炎エネルギー [DPt-P 023](プロモーションカード「ジム☆チャレンジ 2009年 3月」),0,453416,https://cdn.snkrdunk.com/upload_bg_removed/pkmn-tcg-7314172-yu.webp,,,,ADD_CANDIDATE
pkmn-tcg-DPt-P-0007-012,DPTP0007,12,,フーディン四(してんのう) [DPt-P 012](プロモーションカード「ジム☆チャレンジ 時の果ての絆 発売記念大会 参加賞」),0,453409,https://cdn.snkrdunk.com/upload_bg_removed/pkmn-tcg-7314161-yu.webp,,,,ADD_CANDIDATE
pkmn-tcg-DPt-P-0020-035,DPTP0020,35,,ポリゴンZG [DPt-P 035](プロモーションカード「ジム☆チャレンジ 参加賞」),0,453425,https://cdn.snkrdunk.com/upload_bg_removed/pkmn-tcg-7314184-yu.webp,,,,ADD_CANDIDATE
pkmn-tcg-DPt-P-0014-026,DPTP0014,26,,基本超エネルギー [DPt-P 026](プロモーションカード「ジム☆チャレンジ 2009年 3月」),0,453419,https://cdn.snkrdunk.com/upload_bg_removed/pkmn-tcg-7314175-yu.webp,,,,ADD_CANDIDATE
pkmn-tcg-DPt-P-0014-021,DPTP0014,21,,レインボーエネルギー [DPt-P 021](プロモーションカード「ジム☆チャレンジ 2009年 3月」),0,453414,https://cdn.snkrdunk.com/upload_bg_removed/pkmn-tcg-7314170-yu.webp,CRD_A5FA3E3050F046ACB362,요가램,0.7326,ADD_CANDIDATE
pkmn-tcg-DPt-P-0014-020,DPTP0014,20,,SPエネルギー [DPt-P 020](プロモーションカード「ジム☆チャレンジ 2009年 3月」),0,453413,https://cdn.snkrdunk.com/upload_bg_removed/pkmn-tcg-7314169-yu.webp,,,,ADD_CANDIDATE
pkmn-tcg-DPt-P-0014-028,DPTP0014,28,,基本悪エネルギー [DPt-P 028](プロモーションカード「ジム☆チャレンジ 2009年 3月」),0,453421,https://cdn.snkrdunk.com/upload_bg_removed/pkmn-tcg-7314177-yu.webp,,,,ADD_CANDIDATE
pkmn-tcg-DP-P-0034-053,DPP0034,53,,モウカザル [DP-P 053](プロモーションカード「とりかえっこDP引換カード2007年7月」),0,453244,https://cdn.snkrdunk.com/upload_bg_removed/pkmn-tcg-7313164-yu.webp,,,,ADD_CANDIDATE
pkmn-tcg-DPt-P-0014-029,DPTP0014,29,,基本鋼エネルギー [DPt-P 029](プロモーションカード「ジム☆チャレンジ 2009年 3月」),0,453422,https://cdn.snkrdunk.com/upload_bg_removed/pkmn-tcg-7314178-of.webp,,,,ADD_CANDIDATE
pkmn-tcg-DPt-P-0014-027,DPTP0014,27,,基本闘エネルギー [DPt-P 027](プロモーションカード「ジム☆チャレンジ 2009年 3月」),0,453420,https://cdn.snkrdunk.com/upload_bg_removed/pkmn-tcg-7314176-yu.webp,,,,ADD_CANDIDATE
pkmn-tcg-DPt-P-0014-024,DPTP0014,24,,基本水エネルギー [DPt-P 024](プロモーションカード「ジム☆チャレンジ 2009年 3月」),0,453417,https://cdn.snkrdunk.com/upload_bg_removed/pkmn-tcg-7314173-yu.webp,,,,ADD_CANDIDATE
pkmn-tcg-DPt-P-0014-025,DPTP0014,25,,基本雷エネルギー [DPt-P 025](プロモーションカード「ジム☆チャレンジ 2009年 3月」),0,453418,https://cdn.snkrdunk.com/upload_bg_removed/pkmn-tcg-7314174-yu.webp,,,,ADD_CANDIDATE
pkmn-tcg-L-P-0002-002,LP0002,2,,オーダイル [L-P 002](プロモーションカード「ジム☆チャレンジ 2009年 9月」),0,453438,https://cdn.snkrdunk.com/upload_bg_removed/pkmn-tcg-7314202-yu.webp,,,,ADD_CANDIDATE
pkmn-tcg-DPt-P-0013-019,DPTP0013,19,,バトルタワー [DPt-P 019](プロモーションカード「フロンティアの鼓動 発売記念大会 参加賞」),0,453412,https://cdn.snkrdunk.com/upload_bg_removed/pkmn-tcg-7314168-yu.webp,,,,ADD_CANDIDATE
pkmn-tcg-DPt-P-0030-047,DPTP0030,47,,プリン [DPt-P 047](プロモーションカード「ポケモンチャレンジひろば 2009年 8月」),0,453430,https://cdn.snkrdunk.com/upload_bg_removed/20241119032825-0.webp,,,,ADD_CANDIDATE
pkmn-tcg-DPt-P-0033-050,DPTP0033,50,,ヒードラン [DPt-P 050](プロモーションカード「ポケモンバトルツアー09 チャレンジデッキ オリジナルカード」),0,453432,https://cdn.snkrdunk.com/upload_bg_removed/pkmn-tcg-7314199-ot.webp,CRD_7CB1EBD45B814997B7C0,레지기가스,0.6716,ADD_CANDIDATE
pkmn-tcg-L-P-0006-011,LP0006,11,,基本草エネルギー [L-P 011](プロモーションカード「ジム☆チャレンジ 2009年 3月」),0,453447,https://cdn.snkrdunk.com/upload_bg_removed/pkmn-tcg-7314211-yu.webp,,,,ADD_CANDIDATE
pkmn-tcg-L-P-0003-003,LP0003,3,,バクフーン [L-P 003](プロモーションカード「ポケモンファン 2009年 第9号 付録」),0,453439,https://cdn.snkrdunk.com/upload_bg_removed/pkmn-tcg-7314203-yu.webp,,,,ADD_CANDIDATE
pkmn-tcg-L-P-0005-008,LP0005,8,,メリープ [L-P 008](プロモーションカード「オリジナルキラカードランダムプレゼントキャンペーン」),0,453444,https://cdn.snkrdunk.com/upload_bg_removed/pkmn-tcg-7314208-yu.webp,CRD_E13F6EAA1F7541A9841D,M거북왕 EX,0.6574,ADD_CANDIDATE
pkmn-tcg-L-P-0002-013,LP0002,13,,基本水エネルギー [L-P 013](プロモーションカード「ジム☆チャレンジ 2009年 9月」),0,453449,https://cdn.snkrdunk.com/upload_bg_removed/pkmn-tcg-7314213-yu.webp,,,,ADD_CANDIDATE
pkmn-tcg-L-P-0002-016,LP0002,16,,基本闘エネルギー [L-P 016](プロモーションカード「ジム☆チャレンジ 2009年 9月」),0,453452,https://cdn.snkrdunk.com/upload_bg_removed/pkmn-tcg-7314216-yu.webp,,,,ADD_CANDIDATE
pkmn-tcg-L-P-0002-012,LP0002,12,,基本炎エネルギー [L-P 012](プロモーションカード「ジム☆チャレンジ 2009年 9月」),0,453448,https://cdn.snkrdunk.com/upload_bg_removed/pkmn-tcg-7314212-yu.webp,CRD_6E0B4C84AEBB48D9ACE6,붐볼,0.6222,ADD_CANDIDATE
pkmn-tcg-L-P-0002-014,LP0002,14,,基本雷エネルギー [L-P 014](プロモーションカード「ジム☆チャレンジ 2009年 9月」),0,453450,https://cdn.snkrdunk.com/upload_bg_removed/pkmn-tcg-7314214-yu.webp,,,,ADD_CANDIDATE
pkmn-tcg-L-P-0002-018,LP0002,18,,基本鋼エネルギー [L-P 018](プロモーションカード「ジム☆チャレンジ 2009年 9月」),0,453454,https://cdn.snkrdunk.com/upload_bg_removed/pkmn-tcg-7314218-yu.webp,,,,ADD_CANDIDATE
pkmn-tcg-L-P-0002-017,LP0002,17,,基本悪エネルギー [L-P 017](プロモーションカード「ジム☆チャレンジ 2009年 9月」),0,453453,https://cdn.snkrdunk.com/upload_bg_removed/pkmn-tcg-7314217-yu.webp,,,,ADD_CANDIDATE
pkmn-tcg-L-P-0018-034,LP0018,34,,チコリータ [L-P 034](プロモーションカード「ポケモンセンター カードバトル参加賞・勝利賞」),0,453461,https://cdn.snkrdunk.com/upload_bg_removed/pkmn-tcg-7314234-yu.webp,,,,ADD_CANDIDATE
pkmn-tcg-L-P-0012-025,LP0012,25,,ホーホー [L-P 025](プロモーションカード「ポケモンバトルチャレンジ ノックアウトバトル 参加賞」),0,453456,https://cdn.snkrdunk.com/upload_bg_removed/pkmn-tcg-7314225-yu.webp,,,,ADD_CANDIDATE
pkmn-tcg-L-P-0013-026,LP0013,26,,ヨルノズク [L-P 026](プロモーションカード「ポケモンバトルチャレンジ ノックアウトバトル 勝利賞」),0,453457,https://cdn.snkrdunk.com/upload_bg_removed/pkmn-tcg-7314226-yu.webp,,,,ADD_CANDIDATE
pkmn-tcg-L-P-0018-037,LP0018,37,,メリープ [L-P 037](プロモーションカード「ポケモンセンター カードバトル参加賞・勝利賞」),0,453464,https://cdn.snkrdunk.com/upload_bg_removed/pkmn-tcg-7314237-yu.webp,,,,ADD_CANDIDATE
pkmn-tcg-L-P-0039-077,LP0039,77,,ポリゴン [L-P 077](プロモーションカード「ジム☆チャレンジ バトルでゲット!なつやすみ対戦キャンペーン2010」),0,453475,https://cdn.snkrdunk.com/upload_bg_removed/pkmn-tcg-7314277-yu.webp,,,,ADD_CANDIDATE
pkmn-tcg-L-P-0039-078,LP0039,78,,ポリゴン2 [L-P 078](プロモーションカード「ジム☆チャレンジ バトルでゲット!なつやすみ対戦キャンペーン2010」),0,453476,https://cdn.snkrdunk.com/upload_bg_removed/pkmn-tcg-7314278-yu.webp,,,,ADD_CANDIDATE
pkmn-tcg-L-P-0018-039,LP0018,39,,ヒメグマ [L-P 039](プロモーションカード「ポケモンセンター カードバトル参加賞・勝利賞」),0,453466,https://cdn.snkrdunk.com/upload_bg_removed/pkmn-tcg-7314239-yu.webp,CRD_01E1A15D9BF64FB3A102,캥카 EX,0.6653,ADD_CANDIDATE
pkmn-tcg-L-P-0019-040,LP0019,40,,ソーナンス [L-P 040](プロモーションカード「ポケモンチャレンジひろば 2009年11月」),0,453467,https://cdn.snkrdunk.com/upload_bg_removed/pkmn-tcg-7314240-yu.webp,,,,ADD_CANDIDATE
pkmn-tcg-DP-P-0036,DPP,36,,トロピカルタイダルウェーブ [L-P](プロモーションカード「ポケモンワールドチャンピオンシップス2010 参加記念」),0,453478,https://cdn.snkrdunk.com/upload_bg_removed/pkmn-tcg-7314282-ot.webp,,,,ADD_CANDIDATE
pkmn-tcg-DP-P-0035,DPP,35,,幻影のゾロアーク [L-P](プロモーションカード「ポケモンカードゲーム デザインコンテスト」),0,453477,https://cdn.snkrdunk.com/upload_bg_removed/pkmn-tcg-7314281-ot.webp,,,,ADD_CANDIDATE
pkmn-tcg-L-P-0024-050,LP0024,50,,デルビル [L-P 050](プロモーションカード「よみがえる伝説 発売記念大会 参加賞」),0,453470,https://cdn.snkrdunk.com/upload_bg_removed/pkmn-tcg-7314250-yu.webp,,,,ADD_CANDIDATE
pkmn-tcg-L-P-0018-038,LP0018,38,,ゴマゾウ [L-P 038](プロモーションカード「ポケモンセンター カードバトル参加賞・勝利賞」),0,453465,https://cdn.snkrdunk.com/upload_bg_removed/pkmn-tcg-7314238-yu.webp,,,,ADD_CANDIDATE
pkmn-tcg-DP-P-0025-002,DPP0025,2,,ルカリオLV.30 [DP-P 002](プロモーションカード「月刊コロコロコミック 2006年12月号リオル 台紙 / バトルフェスタ★2006 / ジム☆チャレンジ イベント引換カード」),0,453193,https://cdn.snkrdunk.com/upload_bg_removed/pkmn-tcg-7313113-yu.webp,,,,ADD_CANDIDATE
pkmn-tcg-DP-P-0032-039,DPP0032,39,,パルキア [DP-P 039](プロモーションカード「ポケモンチョコスナック 第7弾」),0,453230,https://cdn.snkrdunk.com/upload_bg_removed/pkmn-tcg-7313150-yu.webp,CRD_DD4F767B8C314FCDBAF1,펄기아,0.741,ADD_CANDIDATE
pkmn-tcg-DP-P-0048-084,DPP0048,84,,カラナクシ ひがしのうみ [DP-P 084](プロモーションカード「ポケモンチョコスナック 第8弾」),0,453274,https://cdn.snkrdunk.com/upload_bg_removed/pkmn-tcg-7313195-yu.webp,,,,ADD_CANDIDATE
pkmn-tcg-DP-P-0044-074,DPP0044,74,,ポッチャマLV.10 :キラ [DP-P 074](プロモーションカード「ウィンターチャレンジ はじめて教室DP / バトルロード スプリング★2008 はじめて教室DP 参加賞」),0,453264,https://cdn.snkrdunk.com/upload_bg_removed/pkmn-tcg-7313185-yu.webp,,,,ADD_CANDIDATE
pkmn-tcg-DPt-P-0022-037,DPTP0022,37,,はじまりの扉 [DPt-P 037](プロモーションカード「アルセウス光臨 発売記念大会 参加賞」),0,453426,https://cdn.snkrdunk.com/upload_bg_removed/pkmn-tcg-7314186-yu.webp,CRD_00D37F11A42A4F6EAD16,루기아 EX,0.6872,ADD_CANDIDATE
pkmn-tcg-L-P-0018-036,LP0018,36,,ワニノコ [L-P 036](プロモーションカード「ポケモンセンター カードバトル参加賞・勝利賞」),0,453463,https://cdn.snkrdunk.com/upload_bg_removed/pkmn-tcg-7314236-yu.webp,,,,ADD_CANDIDATE
pkmn-tcg-PMCG-PSA-0008,PMCGPSA,8,,プリン : 旧裏 [PMCG-P No.039](旧裏面 プロモーションカード「サザンアイランド 映画公開記念」),0,454036,https://cdn.snkrdunk.com/upload_bg_removed/pkmn-tcg-7302336-yu.webp,,,,ADD_CANDIDATE
pkmn-tcg-PMCG-P-0013,PMCGP,13,,No.1トレーナー P : 旧裏 [PMCG-P](プロモーションカード「第1回 ポケモンカードトーナメント 優勝者」),0,467410,https://cdn.snkrdunk.com/upload_bg_removed/pkmn-tcg-7302795-yu.webp,CRD_B44585853A93C37F791B552F69C70AA6,맥도날드 피카츄,0.646,ADD_CANDIDATE
pkmn-tcg-PMCG-P-0038,PMCGP,38,,カモネギ P : 旧裏 [PMCG-P](プロモーションカード「コロコロコミック 1998年4月号」),0,467423,https://cdn.snkrdunk.com/upload_bg_removed/pkmn-tcg-7302823-yu.webp,,,,ADD_CANDIDATE
pkmn-tcg-PMCG-P-0021,PMCGP,21,,No.2トレーナー P : 旧裏 [PMCG-P](プロモーションカード「第2回 ポケモンカードトーナメント」),0,467416,https://cdn.snkrdunk.com/upload_bg_removed/pkmn-tcg-7302806-yu.webp,,,,ADD_CANDIDATE
pkmn-tcg-PMCG-P-0039,PMCGP,39,,カラカラ P : 旧裏 [PMCG-P](プロモーションカード「コロコロコミック 1998年4月号」),0,467424,https://cdn.snkrdunk.com/upload_bg_removed/pkmn-tcg-7302824-yu.webp,,,,ADD_CANDIDATE
pkmn-tcg-PMCG-P-0053,PMCGP,53,,No.2トレーナー P : 旧裏 [PMCG-P](プロモーションカード「リザードンメガバトル・カメックスメガバトル」),0,467535,https://cdn.snkrdunk.com/upload_bg_removed/pkmn-tcg-7302838-yu.webp,CRD_F962598C2D154F409151,피카츄,0.6306,ADD_CANDIDATE
pkmn-tcg-PMCG-P-0051,PMCGP,51,,パソコン大暴走！ P : 旧裏 [PMCG-P](プロモーションカード「カメックスメガバトル 出場記念カード」),0,467533,https://cdn.snkrdunk.com/upload_bg_removed/pkmn-tcg-7302836-yu.webp,,,,ADD_CANDIDATE
pkmn-tcg-PMCG-P-0054,PMCGP,54,,No.3トレーナー P : 旧裏 [PMCG-P](プロモーションカード「リザードンメガバトル・カメックスメガバトル」),0,467536,https://cdn.snkrdunk.com/upload_bg_removed/pkmn-tcg-7302839-yu.webp,CRD_4B160DDD24C54ACA8B72,피카츄,0.6569,ADD_CANDIDATE
pkmn-tcg-PMCG-P-0052,PMCGP,52,,No.1トレーナー P : 旧裏 [PMCG-P](プロモーションカード「リザードンメガバトル・カメックスメガバトル 優勝者」),0,467534,https://cdn.snkrdunk.com/upload_bg_removed/pkmn-tcg-7302837-yu.webp,,,,ADD_CANDIDATE
pkmn-tcg-PMCG-P-0060,PMCGP,60,,ディグダ P : 旧裏 [PMCG-P](プロモーションカード「すぐわかるポケモンカードの遊びかた 最新版ver.2」),0,467844,https://cdn.snkrdunk.com/upload_bg_removed/pkmn-tcg-7302845-yu.webp,,,,ADD_CANDIDATE
pkmn-tcg-PMCG-P-0076,PMCGP,76,,プリン P : 旧裏 [PMCG-P](プロモーションカード「ハイパーコロコロ 春号」),0,467853,https://cdn.snkrdunk.com/upload_bg_removed/pkmn-tcg-7302862-yu.webp,,,,ADD_CANDIDATE
pkmn-tcg-PMCG-P-0099,PMCGP,99,,ミュウツー P : 旧裏 [PMCG-P](プロモーションカード「映画 ミュウツーの逆襲 全米公開記念VIDEO」),0,467867,https://cdn.snkrdunk.com/upload_bg_removed/pkmn-tcg-7302889-yu.webp,CRD_9337246D91AB42D89EBE,뮤츠 EX,0.7088,ADD_CANDIDATE
pkmn-tcg-PMCG-P-0078,PMCGP,78,,マンキー P : 旧裏 [PMCG-P](プロモーションカード「ポケモンカードになったワケ1」),0,467855,https://cdn.snkrdunk.com/upload_bg_removed/pkmn-tcg-7302865-yu.webp,,,,ADD_CANDIDATE
pkmn-tcg-PMCG-P-0101,PMCGP,101,,悪エネルギー P : 旧裏 [neo-P](プロモーションカード「ポケモンカードトレーナーズvol.4」),0,467869,https://cdn.snkrdunk.com/upload_bg_removed/pkmn-tcg-7302891-yu.webp,,,,ADD_CANDIDATE
pkmn-tcg-PMCG-P-0104,PMCGP,104,,ギャラドス P : 旧裏 [PMCG-P](プロモーションカード「ポケモンスナップ 小学館コロコロコミック主催コンテスト」),0,470953,https://cdn.snkrdunk.com/upload_bg_removed/pkmn-tcg-7302895-yu.webp,,,,ADD_CANDIDATE
pkmn-tcg-PMCG-P-0113,PMCGP,113,,ヒトカゲ P : 旧裏 [PMCG-P](プロモーションカード「ポケモンスナップ テレビ東京 64マリオスタジアム 主催コンテスト」),0,470962,https://cdn.snkrdunk.com/upload_bg_removed/pkmn-tcg-7302904-yu.webp,,,,ADD_CANDIDATE
pkmn-tcg-PMCG-P-0110,PMCGP,110,,ドガース P : 旧裏 [PMCG-P](プロモーションカード「ポケモンスナップ テレビ東京 64マリオスタジアム 主催コンテスト」),0,470959,https://cdn.snkrdunk.com/upload_bg_removed/pkmn-tcg-7302901-yu.webp,,,,ADD_CANDIDATE
pkmn-tcg-PMCG-P-0109,PMCGP,109,,ゼニガメ P : 旧裏 [PMCG-P](プロモーションカード「ポケモンスナップ テレビ東京 64マリオスタジアム 主催コンテスト」),0,470958,https://cdn.snkrdunk.com/upload_bg_removed/pkmn-tcg-7302900-yu.webp,,,,ADD_CANDIDATE
pkmn-tcg-PMCG-P-0107,PMCGP,107,,フシギダネ P : 旧裏 [PMCG-P](プロモーションカード「ポケモンスナップ 小学館コロコロコミック主催コンテスト」),0,470956,https://cdn.snkrdunk.com/upload_bg_removed/pkmn-tcg-7302898-yu.webp,,,,ADD_CANDIDATE
pkmn-tcg-PMCG-P-0108,PMCGP,108,,コイキング P : 旧裏 [PMCG-P](プロモーションカード「ポケモンスナップ 小学館コロコロコミック主催コンテスト」),0,470957,https://cdn.snkrdunk.com/upload_bg_removed/pkmn-tcg-7302899-yu.webp,,,,ADD_CANDIDATE
pkmn-tcg-neo-P-0015,NEOP,15,,ラッキースタジアム P : 旧裏 [neo-P](プロモーションカード「公式イベント参加記念カード【中国・四国地区】」),0,470974,https://cdn.snkrdunk.com/upload_bg_removed/pkmn-tcg-7302920-yu.webp,,,,ADD_CANDIDATE
pkmn-tcg-neo-P-0017,NEOP,17,,ラッキースタジアム P : 旧裏 [neo-P](プロモーションカード「公式イベント参加記念カード【東北地区】」),0,470976,https://cdn.snkrdunk.com/upload_bg_removed/pkmn-tcg-7302922-yu.webp,,,,ADD_CANDIDATE
pkmn-tcg-neo-P-0002,NEOP,2,,きせきのみ P : 旧裏 [neo-P](プロモーションカード「チャンピオンロード2000 3人勝ち抜きコーナー」),0,470964,https://cdn.snkrdunk.com/upload_bg_removed/pkmn-tcg-7302906-yu.webp,,,,ADD_CANDIDATE
pkmn-tcg-PMCG-P-0106,PMCGP,106,,ニョロモ P : 旧裏 [PMCG-P](プロモーションカード「ポケモンスナップ 小学館コロコロコミック主催コンテスト」),0,470955,https://cdn.snkrdunk.com/upload_bg_removed/pkmn-tcg-7302897-yu.webp,,,,ADD_CANDIDATE
pkmn-tcg-PMCG-P-0111,PMCGP,111,,ラッキー P : 旧裏 [PMCG-P](プロモーションカード「ポケモンスナップ テレビ東京 64マリオスタジアム 主催コンテスト」),0,470960,https://cdn.snkrdunk.com/upload_bg_removed/pkmn-tcg-7302902-yu.webp,,,,ADD_CANDIDATE
pkmn-tcg-neo-P-0013,NEOP,13,,ラッキースタジアム P : 旧裏 [neo-P](プロモーションカード「公式イベント参加記念カード【関東地区】」),0,470972,https://cdn.snkrdunk.com/upload_bg_removed/pkmn-tcg-7302918-yu.webp,,,,ADD_CANDIDATE
pkmn-tcg-neo-P-0001,NEOP,1,,きのみ P : 旧裏 [neo-P](プロモーションカード「チャンピオンロード2000 3人勝ち抜きコーナー」),0,470963,https://cdn.snkrdunk.com/upload_bg_removed/pkmn-tcg-7302905-yu.webp,,,,ADD_CANDIDATE
pkmn-tcg-neo-P-0010,NEOP,10,,ルージュラ P : 旧裏 [neo-P](プロモーションカード「ポケモンカードになったワケ3」),0,470969,https://cdn.snkrdunk.com/upload_bg_removed/pkmn-tcg-7302914-yu.webp,,,,ADD_CANDIDATE
pkmn-tcg-PMCG-P-0114,PMCGP,114,,ミュウ P : 旧裏 [PMCG-P](プロモーションカード「月刊コミックGOTTA 5月号」),0,470977,https://cdn.snkrdunk.com/upload_bg_removed/pkmn-tcg-7302925-yu.webp,CRD_4CB4D847706A453D8A1F,빛나는 뮤,0.8042,ADD_CANDIDATE
pkmn-tcg-neo-P-0012,NEOP,12,,ラッキースタジアム P : 旧裏 [neo-P](プロモーションカード「公式イベント参加記念カード【九州地区】」),0,470971,https://cdn.snkrdunk.com/upload_bg_removed/pkmn-tcg-7302917-yu.webp,,,,ADD_CANDIDATE
pkmn-tcg-neo-P-0020,NEOP,20,,ラッキースタジアム P : 旧裏 [neo-P](プロモーションカード「ポケモンカード公式イベント参加記念カード【北信越地区】」),0,470978,https://cdn.snkrdunk.com/upload_bg_removed/pkmn-tcg-7302926-yu.webp,,,,ADD_CANDIDATE
pkmn-tcg-neo-P-0021,NEOP,21,,ラッキースタジアム P : 旧裏 [neo-P](プロモーションカード「ポケモンカード公式イベント参加記念カード【北海道地区】」),0,470979,https://cdn.snkrdunk.com/upload_bg_removed/pkmn-tcg-7302927-yu.webp,,,,ADD_CANDIDATE
pkmn-tcg-PMCG-P-0118,PMCGP,118,,ニャース P : 旧裏 [PMCG-P](プロモーションカード「JR西日本スタンプラリー2000 ピカチュウプロジェクト2000 プレゼントカード」),0,470996,https://cdn.snkrdunk.com/upload_bg_removed/pkmn-tcg-7302956-na.webp,,,,ADD_CANDIDATE
pkmn-tcg-neo-P-0032,NEOP,32,,アンノーンR P : 旧裏 [neo-P](プロモーションカード「コロコロコミック 2000年11月号」),0,470988,https://cdn.snkrdunk.com/upload_bg_removed/pkmn-tcg-7302940-yu.webp,,,,ADD_CANDIDATE
pkmn-tcg-neo-P-0031,NEOP,31,,アンノーンJ P : 旧裏 [neo-P](プロモーションカード「ポケモンカードトレーナーズVol.8」),0,470987,https://cdn.snkrdunk.com/upload_bg_removed/pkmn-tcg-7302939-yu.webp,,,,ADD_CANDIDATE
pkmn-tcg-neo-P-0033,NEOP,33,,ムウマ P : 旧裏 [neo-P](プロモーションカード「ポケモンカードトレーナーズVol.9」),0,470989,https://cdn.snkrdunk.com/upload_bg_removed/pkmn-tcg-7302941-yu.webp,,,,ADD_CANDIDATE
pkmn-tcg-PMCG-P-0112,PMCGP,112,,フリーザー P : 旧裏 [PMCG-P](プロモーションカード「ポケモンスナップ テレビ東京 64マリオスタジアム 主催コンテスト」),0,470961,https://cdn.snkrdunk.com/upload_bg_removed/pkmn-tcg-7302903-yu.webp,CRD_ACE1406D88444132AE41,프리져 EX플라스마단,0.6203,ADD_CANDIDATE
pkmn-tcg-SV-P-220,SVP,220,,キリンリキ P [SV-P 220](プロモカードパック「エクストラバトルの日」),0,484954,https://cdn.snkrdunk.com/upload_bg_removed/20241221094751-10.webp,CRD_6B76266004034ADFAFE2,후딘 EX,0.6853,ADD_CANDIDATE
pkmn-tcg-SV-P-224,SVP,224,,パソコン通信 P [SV-P 224](プロモカードパック「エクストラバトルの日」),0,484956,https://cdn.snkrdunk.com/upload_bg_removed/20241221094750-0.webp,,,,ADD_CANDIDATE
pkmn-tcg-SV-P-228,SVP,228,,ちからのハチマキ P [SV-P 228](プロモカードパック「エクストラバトルの日」),0,484957,https://cdn.snkrdunk.com/upload_bg_removed/20241221094751-11.webp,,,,ADD_CANDIDATE
pkmn-tcg-SV-P-222,SVP,222,,クロバットＶ P [SV-P 222](プロモカードパック「エクストラバトルの日」),0,484955,https://cdn.snkrdunk.com/upload_bg_removed/20241221094750-1.webp,CRD_721C06FA7E914D659B80,크로뱃 V,0.91,ADD_CANDIDATE
pkmn-tcg-SV-P-221,SVP,221,,ダストダス P [SV-P 221](プロモカードパック「エクストラバトルの日」),0,484959,https://cdn.snkrdunk.com/upload_bg_removed/20241221094751-9.webp,,,,ADD_CANDIDATE
pkmn-tcg-SV-P-223,SVP,223,,トレーナーズポスト P [SV-P 223](プロモカードパック「エクストラバトルの日」),0,484960,https://cdn.snkrdunk.com/upload_bg_removed/20241221094751-8.webp,,,,ADD_CANDIDATE
pkmn-tcg-SV-P-225,SVP,225,,バトルコンプレッサー P [SV-P 225](プロモカードパック「エクストラバトルの日」),0,484961,https://cdn.snkrdunk.com/upload_bg_removed/20241221094750-4.webp,,,,ADD_CANDIDATE
pkmn-tcg-SV-P-226,SVP,226,,バトルサーチャー P [SV-P 226](プロモカードパック「エクストラバトルの日」),0,484962,https://cdn.snkrdunk.com/upload_bg_removed/20241221094751-5.webp,,,,ADD_CANDIDATE
pkmn-tcg-SV-P-227,SVP,227,,かるいし P [SV-P 227](プロモカードパック「エクストラバトルの日」),0,484963,https://cdn.snkrdunk.com/upload_bg_removed/20241221094751-6.webp,,,,ADD_CANDIDATE
pkmn-tcg-SV-P-230,SVP,230,,サイレントラボ P [SV-P 230](プロモカードパック「エクストラバトルの日」),0,484964,https://cdn.snkrdunk.com/upload_bg_removed/20241221094751-7.webp,,,,ADD_CANDIDATE
pkmn-tcg-SV-P-219,SVP,219,,カイ P [SV-P 219](プロモーションカード「エクストラバトルの日 参加賞」),0,484966,https://cdn.snkrdunk.com/upload_bg_removed/20241221094750-3.webp,,,,ADD_CANDIDATE
pkmn-tcg-SV-P-231,SVP,231,,ダブルドラゴンエネルギー P [SV-P 231](プロモカードパック「エクストラバトルの日」),0,484965,https://cdn.snkrdunk.com/upload_bg_removed/20241221094751-12.webp,,,,ADD_CANDIDATE
pkmn-tcg-SV-P-237,SVP,237,,なかよしポフィン P [SV-P 237](プロモカードパック「第9弾」),0,502992,https://cdn.snkrdunk.com/upload_bg_removed/pkmn-tcg-047172_T_NAKAYOSHIPOFUIN-of.webp,,,,ADD_CANDIDATE
pkmn-tcg-SV-P-234,SVP,234,,フワンテ P [SV-P 234](プロモカードパック「第9弾」),0,502989,https://cdn.snkrdunk.com/upload_bg_removed/pkmn-tcg-047169_P_FUWANTE-of.webp,,,,ADD_CANDIDATE
pkmn-tcg-SV-P-240,SVP,240,,カキツバタ P [SV-P 240](プロモカードパック「第9弾」),0,502995,https://cdn.snkrdunk.com/upload_bg_removed/pkmn-tcg-047175_T_KAKITSUBATA-of.webp,,,,ADD_CANDIDATE
pkmn-tcg-SV-P-239,SVP,239,,ポケモンセンターのお姉さん P [SV-P 239](プロモカードパック「第9弾」),0,502994,https://cdn.snkrdunk.com/upload_bg_removed/pkmn-tcg-047174_T_POKEMONSENTANOONEESAN-of.webp,,,,ADD_CANDIDATE
pkmn-tcg-SV-P-235,SVP,235,,フワライド P [SV-P 235](プロモカードパック「第9弾」),0,502990,https://cdn.snkrdunk.com/upload_bg_removed/pkmn-tcg-047170_P_FUWARAIDO-of.webp,,,,ADD_CANDIDATE
pkmn-tcg-SV-P-238,SVP,238,,ペパー P [SV-P 238](プロモカードパック「第9弾」),0,502993,https://cdn.snkrdunk.com/upload_bg_removed/pkmn-tcg-047173_T_PEPA-of.webp,,,,ADD_CANDIDATE
pkmn-tcg-S-P14-085,SP14,85,,エール団のしたっぱ P [S-P 085](プロモーションカード「楽しもう。春、ポケカ」),0,509741,https://cdn.snkrdunk.com/upload_bg_removed/pkmn-tcg-S-P14-085-of.webp,,,,ADD_CANDIDATE
pkmn-tcg-S-P14-087,SP14,87,,グズマ&ハラ P [S-P 087](プロモーションカード「楽しもう。春、ポケカ」),0,509743,https://cdn.snkrdunk.com/upload_bg_removed/pkmn-tcg-S-P14-087-of.webp,,,,ADD_CANDIDATE
pkmn-tcg-SV-P-258,SVP,258,,ガチグマ アカツキex [SV-P 258](プロモーションカード「ポケカジムエントリーキャンペーン」),0,524995,https://cdn.snkrdunk.com/upload_bg_removed/20250214051516-0.webp,CRD_C8708FEE42914C2C92BD,다투곰 붉은 달 ex,0.7111,ADD_CANDIDATE
pkmn-tcg-SV-P-256,SVP,256,,ペパーのマフィティフex P [SV-P 256](プロモーションカード「熱風のアリーナ シールド戦」),0,531304,https://cdn.snkrdunk.com/upload_bg_removed/20250221051534-2.webp,CRD_F78C2A2D2F374617AD49,페퍼의 마피티프 ex,0.7437,ADD_CANDIDATE
pkmn-tcg-SV-P-264,SVP,264,,ハバタクカミ P [SV-P 264](プロモカードパック「第10弾」),0,565131,https://cdn.snkrdunk.com/upload_bg_removed/20250411072346-6.webp,,,,ADD_CANDIDATE
pkmn-tcg-SV-P-266,SVP,266,,夜のタンカ P [SV-P 266](プロモカードパック「第10弾」),0,565133,https://cdn.snkrdunk.com/upload_bg_removed/20250411072345-4.webp,,,,ADD_CANDIDATE
pkmn-tcg-SV-P-267,SVP,267,,ロケット団のさいみん装置 P [SV-P 267](プロモカードパック「第10弾」),0,565134,https://cdn.snkrdunk.com/upload_bg_removed/20250411072345-1.webp,,,,ADD_CANDIDATE
pkmn-tcg-SV-P-268,SVP,268,,スグリ P [SV-P 268](プロモカードパック「第10弾」),0,565135,https://cdn.snkrdunk.com/upload_bg_removed/20250411072345-5.webp,,,,ADD_CANDIDATE
pkmn-tcg-SV-P-269,SVP,269,,アイリスの闘志 P [SV-P 269](プロモーションカード「新弾バトル 第10弾 / ジャンケン賞」),0,565136,https://cdn.snkrdunk.com/upload_bg_removed/20250411072346-7.webp,,,,ADD_CANDIDATE
pkmn-tcg-SV-P-121,SVP,121,,ウパー P [SV-P 121](プロモカードパック「第5弾」),0,581462,https://cdn.snkrdunk.com/upload_bg_removed/pkmn-tcg-SV-P-5-121-of.webp,,,,ADD_CANDIDATE
pkmn-tcg-SV-P-125,SVP,125,,ネストボール P [SV-P 125](プロモカードパック「第5弾」),0,581466,https://cdn.snkrdunk.com/upload_bg_removed/pkmn-tcg-SV-P-5-125-of.webp,CRD_D74B2BB02D9740569EEB,노고고치 ex,0.6715,ADD_CANDIDATE
pkmn-tcg-SV-P-126,SVP,126,,ポケモンいれかえ P [SV-P 126](プロモカードパック「第5弾」),0,581467,https://cdn.snkrdunk.com/upload_bg_removed/pkmn-tcg-SV-P-5-126-of.webp,,,,ADD_CANDIDATE
pkmn-tcg-SV-P-127,SVP,127,,タイム P [SV-P 127](プロモカードパック「第5弾」),0,581468,https://cdn.snkrdunk.com/upload_bg_removed/pkmn-tcg-SV-P-5-127-of.webp,,,,ADD_CANDIDATE
pkmn-tcg-SV-P-124,SVP,124,,カラミンゴex P [SV-P 124](プロモカードパック「第5弾」),0,581465,https://cdn.snkrdunk.com/upload_bg_removed/pkmn-tcg-SV-P-5-124-of.webp,,,,ADD_CANDIDATE
pkmn-tcg-SV-P-123,SVP,123,,クレッフィ P [SV-P 123](プロモカードパック「第5弾」),0,581464,https://cdn.snkrdunk.com/upload_bg_removed/pkmn-tcg-SV-P-5-123-of.webp,,,,ADD_CANDIDATE
pkmn-tcg-SV-P-277,SVP,277,,ポケモンキャッチャー P [SV-P 277](プロモカードパック「ビクティニBWR争奪戦」),0,585227,https://cdn.snkrdunk.com/upload_bg_removed/20250504091134-3.webp,,,,ADD_CANDIDATE
pkmn-tcg-SV-P-278,SVP,278,,ボスの指令 (ゲーチス) P [SV-P 278](プロモカードパック「ビクティニBWR争奪戦」),0,585228,https://cdn.snkrdunk.com/upload_bg_removed/20250504091134-2.webp,,,,ADD_CANDIDATE
pkmn-tcg-SV-P-276,SVP,276,,ポケモンいれかえ P [SV-P 276](プロモカードパック「ビクティニBWR争奪戦」),0,585226,https://cdn.snkrdunk.com/upload_bg_removed/20250504091134-4.webp,,,,ADD_CANDIDATE
pkmn-tcg-SV-P-273,SVP,273,,きずぐすり P [SV-P 273](プロモカードパック「ビクティニBWR争奪戦」),0,585223,https://cdn.snkrdunk.com/upload_bg_removed/20250504091135-7.webp,,,,ADD_CANDIDATE
pkmn-tcg-SV-P-272,SVP,272,,エネルギー転送 P [SV-P 272](プロモカードパック「ビクティニBWR争奪戦」),0,585222,https://cdn.snkrdunk.com/upload_bg_removed/20250504091135-8.webp,,,,ADD_CANDIDATE
pkmn-tcg-SV-P-274,SVP,274,,クラッシュハンマー P [SV-P 274](プロモカードパック「ビクティニBWR争奪戦」),0,585224,https://cdn.snkrdunk.com/upload_bg_removed/20250504091135-6.webp,,,,ADD_CANDIDATE
pkmn-tcg-en-SV-P-003,ENSVP,3,,ミュウex P [SV-P 003]【中国語版】(プロモーションカード 「大会配布1510枚限定」),0,592176,https://cdn.snkrdunk.com/upload_bg_removed/20250515040310-0.webp,CRD_34771CA932624EF8993A,독침붕 V,0.6805,ADD_CANDIDATE
pkmn-tcg-M-P-003,MP,3,,マシマシラ P [M-P 003](ポケモンカードゲームMEGA「プロモカードパック 第1弾」),0,659341,https://cdn.snkrdunk.com/upload_bg_removed/pkmn-tcg-M-P-003-of.webp,,,,ADD_CANDIDATE
pkmn-tcg-M-P-006,MP,6,,カウンターゲイン P [M-P 006](ポケモンカードゲームMEGA「プロモカードパック 第1弾」),0,659344,https://cdn.snkrdunk.com/upload_bg_removed/pkmn-tcg-M-P-006-of.webp,,,,ADD_CANDIDATE
pkmn-tcg-S-P3-075,SP3,75,,イーブイ P [S-P 075](プロモカードパック「第3弾」),0,666713,https://cdn.snkrdunk.com/upload_bg_removed/20250804025026-0.webp,CRD_3ED9185116C84CE4B8E5,찬란한 이브이,0.6655,ADD_CANDIDATE
pkmn-tcg-CN-SV-P-144,CNSVP,144,,ビクティニex P [SV-P 144]【中国語版】(ジムスタートライアル 優勝記念品),0,685590,https://cdn.snkrdunk.com/upload_bg_removed/20250828033152-0.webp,,,,ADD_CANDIDATE
pkmn-tcg-TW-SV-P-051,TWSVP,51,,ビクティニex P [SV-P 051]【台湾版】(ビクティニ争奪戦入賞賞品),0,685592,https://cdn.snkrdunk.com/upload_bg_removed/20250828033152-1.webp,CRD_93BA1B52B6B14CF0AEDA,비크티니 V,0.7328,ADD_CANDIDATE
pkmn-tcg-M-P-054,MP,54,,デデンネGX [M-P 054](プロモカードパック「エクストラバトルの日 プロモカードパック」),0,745617,https://cdn.snkrdunk.com/upload_bg_removed/pkmn-tcg-2025-12-26-2-002-of.webp,CRD_E977782F22B64633B5B6,데덴네 GX,0.9338,ADD_CANDIDATE
pkmn-tcg-M-P-058,MP,58,,トレーナーズポスト [M-P 058](プロモカードパック「エクストラバトルの日 プロモカードパック」),0,745621,https://cdn.snkrdunk.com/upload_bg_removed/pkmn-tcg-2025-12-26-2-006-of.webp,,,,ADD_CANDIDATE
pkmn-tcg-M-P-062,MP,62,,かるいし [M-P 062](プロモカードパック「エクストラバトルの日 プロモカードパック」),0,745625,https://cdn.snkrdunk.com/upload_bg_removed/pkmn-tcg-2025-12-26-2-010-of.webp,,,,ADD_CANDIDATE
pkmn-tcg-M-P-057,MP,57,,スペシャルチャージ [M-P 057](プロモカードパック「エクストラバトルの日 プロモカードパック」),0,745620,https://cdn.snkrdunk.com/upload_bg_removed/pkmn-tcg-2025-12-26-2-005-of.webp,,,,ADD_CANDIDATE
pkmn-tcg-M-P-060,MP,60,,バトルサーチャー [M-P 060](プロモカードパック「エクストラバトルの日 プロモカードパック」),0,745623,https://cdn.snkrdunk.com/upload_bg_removed/pkmn-tcg-2025-12-26-2-008-of.webp,,,,ADD_CANDIDATE
pkmn-tcg-M-P-059,MP,59,,バトルコンプレッサーフレア団ギア [M-P 059](プロモカードパック「エクストラバトルの日 プロモカードパック」),0,745622,https://cdn.snkrdunk.com/upload_bg_removed/pkmn-tcg-2025-12-26-2-007-of.webp,,,,ADD_CANDIDATE
pkmn-tcg-M-P-064,MP,64,,パラレルシティ [M-P 064](プロモカードパック「エクストラバトルの日 プロモカードパック」),0,745627,https://cdn.snkrdunk.com/upload_bg_removed/pkmn-tcg-2025-12-26-2-012-of.webp,,,,ADD_CANDIDATE
pkmn-tcg-M-P-063,MP,63,,プルメリ [M-P 063](プロモカードパック「エクストラバトルの日 プロモカードパック」),0,745626,https://cdn.snkrdunk.com/upload_bg_removed/pkmn-tcg-2025-12-26-2-011-of.webp,CRD_32E8F32B11894AB188C1,플루메리,0.6449,ADD_CANDIDATE
pkmn-tcg-M-P-053,MP,53,,ペパー [M-P 053](プロモーションカード「エクストラバトルの日」),0,745616,https://cdn.snkrdunk.com/upload_bg_removed/pkmn-tcg-2025-12-26-2-001-of.webp,,,,ADD_CANDIDATE
pkmn-tcg-M-P-055,MP,55,,ミカルゲ [M-P 055](プロモカードパック「エクストラバトルの日 プロモカードパック」),0,745618,https://cdn.snkrdunk.com/upload_bg_removed/pkmn-tcg-2025-12-26-2-003-of.webp,,,,ADD_CANDIDATE
pkmn-tcg-M-P-061,MP,61,,フィールドブロアー [M-P 061](プロモカードパック「エクストラバトルの日 プロモカードパック」),0,745624,https://cdn.snkrdunk.com/upload_bg_removed/pkmn-tcg-2025-12-26-2-009-of.webp,,,,ADD_CANDIDATE
pkmn-tcg-M-P-065,MP,65,,ダブルドラゴンエネルギー [M-P 065](プロモカードパック「エクストラバトルの日 プロモカードパック」),0,745628,https://cdn.snkrdunk.com/upload_bg_removed/pkmn-tcg-2025-12-26-2-013-of.webp,,,,ADD_CANDIDATE
pkmn-tcg-M-P-056,MP,56,,ホルビー [M-P 056](プロモカードパック「エクストラバトルの日 プロモカードパック」),0,745619,https://cdn.snkrdunk.com/upload_bg_removed/pkmn-tcg-2025-12-26-2-004-of.webp,,,,ADD_CANDIDATE
pkmn-tcg-M-P-032,MP,32,,ラティアスex P [M-P 032](プロモーションカード「ポケカジムエントリーキャンペーン」),0,745686,https://cdn.snkrdunk.com/upload_bg_removed/pkmn-tcg-2025-12-26-2-015-of.webp,CRD_614DE1758C59451FBC92,라티아스 ex,0.864,ADD_CANDIDATE
pkmn-tcg-M-P-044,MP,44,,ブレイブバングル P [M-P 044](メガ「プロモーションカード」),0,745688,https://cdn.snkrdunk.com/upload_bg_removed/pkmn-tcg-2025-12-26-2-017-of.webp,CRD_49B4C54D818A4CF7BA81,M리자몽 EX,0.7672,ADD_CANDIDATE
pkmn-tcg-M-P-075,MP,75,,ジェット P [M-P 075](ポケモンカードゲームMEGA「プロモカードパック 第3弾」),0,757139,https://cdn.snkrdunk.com/upload_bg_removed/pkmn-tcg-2026-01-30-006-of.webp,,,,ADD_CANDIDATE
pkmn-tcg-M-P-035,MP,35,,基本草エネルギー P：参加賞 [M-P 035](プロモーションカード「チャンピオンズリーグ2026」),0,759691,https://cdn.snkrdunk.com/upload_bg_removed/20260206083435-0.webp,,,,ADD_CANDIDATE
pkmn-tcg-M-P-037,MP,37,,基本水エネルギー P：参加賞 [M-P 037](プロモーションカード「チャンピオンズリーグ2026」),0,759695,https://cdn.snkrdunk.com/upload_bg_removed/20260206084939-0.webp,CRD_3E7EFB8B95774E57AD88,찌리배리 ex,0.6216,ADD_CANDIDATE
pkmn-tcg-M-P-039,MP,39,,基本超エネルギー P：参加賞 [M-P 039](プロモーションカード「チャンピオンズリーグ2026」),0,759699,https://cdn.snkrdunk.com/upload_bg_removed/20260206085458-0.webp,,,,ADD_CANDIDATE
pkmn-tcg-M-P-038,MP,38,,基本雷エネルギー P：参加賞 [M-P 038](プロモーションカード「チャンピオンズリーグ2026」),0,759698,https://cdn.snkrdunk.com/upload_bg_removed/20260206085229-0.webp,,,,ADD_CANDIDATE
pkmn-tcg-M-P-041,MP,41,,基本悪エネルギー P：参加賞 [M-P 041](プロモーションカード「チャンピオンズリーグ2026」),0,759707,https://cdn.snkrdunk.com/upload_bg_removed/20260206090642-0.webp,,,,ADD_CANDIDATE
pkmn-tcg-M-P-040,MP,40,,基本闘エネルギー P：参加賞 [M-P 040](プロモーションカード「チャンピオンズリーグ2026」),0,759703,https://cdn.snkrdunk.com/upload_bg_removed/20260206085810-0.webp,,,,ADD_CANDIDATE
pkmn-tcg-M-P-042,MP,42,,基本鋼エネルギー P：参加賞 [M-P 042](プロモーションカード「チャンピオンズリーグ2026」),0,759708,https://cdn.snkrdunk.com/upload_bg_removed/20260206090922-0.webp,,,,ADD_CANDIDATE
pkmn-tcg-M-P-085,MP,85,,ポケパッド P [M-P 085](プロモーションカード「ポケカジムエントリーキャンペーン2026年前期」),0,766785,https://cdn.snkrdunk.com/upload_bg_removed/pkmn-tcg-2026-GYM-0220-001-of.webp,,,,ADD_CANDIDATE
pkmn-tcg-M-P-089,MP,89,,基本水エネルギー P :参加賞 [M-P 089](プロモーションカード「いっしょにフレンドバトル」),0,773254,https://cdn.snkrdunk.com/upload_bg_removed/pkmn-tcg-2026-03-05-6-of.webp,,,,ADD_CANDIDATE
pkmn-tcg-M-P-087,MP,87,,基本草エネルギー P :参加賞 [M-P 087](プロモーションカード「いっしょにフレンドバトル」),0,773252,https://cdn.snkrdunk.com/upload_bg_removed/pkmn-tcg-2026-03-05-8-of.webp,,,,ADD_CANDIDATE
pkmn-tcg-M-P-094,MP,94,,基本鋼エネルギー P :参加賞 [M-P 094](プロモーションカード「いっしょにフレンドバトル」),0,773259,https://cdn.snkrdunk.com/upload_bg_removed/pkmn-tcg-2026-03-05-1-of.webp,,,,ADD_CANDIDATE
pkmn-tcg-M-P-092,MP,92,,基本闘エネルギー P :参加賞 [M-P 092](プロモーションカード「いっしょにフレンドバトル」),0,773257,https://cdn.snkrdunk.com/upload_bg_removed/pkmn-tcg-2026-03-05-3-of.webp,,,,ADD_CANDIDATE
pkmn-tcg-M-P-090,MP,90,,基本雷エネルギー P :参加賞 [M-P 090](プロモーションカード「いっしょにフレンドバトル」),0,773255,https://cdn.snkrdunk.com/upload_bg_removed/pkmn-tcg-2026-03-05-5-of.webp,,,,ADD_CANDIDATE
pkmn-tcg-M-P-091,MP,91,,基本超エネルギー P :参加賞 [M-P 091](プロモーションカード「いっしょにフレンドバトル」),0,773256,https://cdn.snkrdunk.com/upload_bg_removed/pkmn-tcg-2026-03-05-4-of.webp,,,,ADD_CANDIDATE
pkmn-tcg-M-P-088,MP,88,,基本炎エネルギー P :参加賞 [M-P 088](プロモーションカード「いっしょにフレンドバトル」),0,773253,https://cdn.snkrdunk.com/upload_bg_removed/pkmn-tcg-2026-03-05-7-of.webp,,,,ADD_CANDIDATE
pkmn-tcg-M-P-093,MP,93,,基本悪エネルギー P :参加賞 [M-P 093](プロモーションカード「いっしょにフレンドバトル」),0,773258,https://cdn.snkrdunk.com/upload_bg_removed/pkmn-tcg-2026-03-05-2-of.webp,,,,ADD_CANDIDATE
pkmn-tcg-M-P-097,MP,97,,パウワウ P [M-P 097](プロモカードパック「プロモカードパック 第4弾」),0,806954,https://cdn.snkrdunk.com/upload_bg_removed/pkmn-tcg-2026-04-17-05463_4-.webp,,,,ADD_CANDIDATE
pkmn-tcg-M-P-099,MP,99,,グリ P [M-P 099](プロモカードパック「プロモカードパック 第4弾」),0,806956,https://cdn.snkrdunk.com/upload_bg_removed/pkmn-tcg-2026-04-17-05463_6-.webp,,,,ADD_CANDIDATE
pkmn-tcg-S-P-167,SP,167,,プレシャスボール P [S-P 167](プロモーションカード「GXリブートキャンペーン」),0,808271,https://cdn.snkrdunk.com/upload_bg_removed/pkmn-tcg-2026-04-21-P167-of.webp,,,,ADD_CANDIDATE
pkmn-tcg-71,71,,,_のピカチュウ: プロモ (お誕生日ピカチュウ) [S8a-P 007/025](プロモカードパック 25th ANNIVERSARY edition),337,93015,https://cdn.snkrdunk.com/upload_bg_removed/20250927034333-0.webp,CRD_B44585853A93C37F791B552F69C70AA6,맥도날드 피카츄,0.6788,SPECIAL_PROMO_REVIEW
pkmn-tcg-17,17,,,イエッサンV 2020: プロモ[S-P 059](プロモーションカード「S-P」),2,91115,https://cdn.snkrdunk.com/upload_bg_removed/7329552.webp,CRD_EECF74BA4EA14E1AAA42,에써르 V,0.6479,SPECIAL_PROMO_REVIEW
pkmn-tcg-21,21,,,あなぬけのヒモ: プロモ[S-P 245](プロモーションカード「S-P」),0,91116,https://cdn.snkrdunk.com/upload_bg_removed/20240610035821-0.webp,,,,SPECIAL_PROMO_REVIEW
pkmn-tcg-15,15,,,マリィ（マリィの練習）: プロモ[S-P 140](プロモーションカード「S-P」),50,91114,https://cdn.snkrdunk.com/upload_bg_removed/20230628020530-0.webp,,,,SPECIAL_PROMO_REVIEW
pkmn-tcg-25,25,,,ともだちてちょう: プロモ[S-P 031](プロモーションカード「S-P」),0,91120,https://cdn.snkrdunk.com/upload_bg_removed/7328838.webp,,,,SPECIAL_PROMO_REVIEW
pkmn-tcg-22,22,,,ルリナ: プロモ[S-P 231](プロモーションカード「S-P」),5,91117,https://cdn.snkrdunk.com/upload_bg_removed/20240611044156-0.webp,,,,SPECIAL_PROMO_REVIEW
pkmn-tcg-26,26,,,救助隊DXのピカチュウ: プロモ[S-P 036](プロモーションカード「S-P」),39,91121,https://cdn.snkrdunk.com/upload_bg_removed/20240617062404-0.webp,CRD_A6337035E8634701BFAB,피카츄,0.6593,SPECIAL_PROMO_REVIEW
pkmn-tcg-28,28,,,ウッウロボ: プロモ[S-P 182](ポケモンカードゲーム ソード&シールド 「プロモカードパック 第6弾」),0,91123,https://cdn.snkrdunk.com/upload_bg_removed/20230812004258-0.webp,,,,SPECIAL_PROMO_REVIEW
pkmn-tcg-27,27,,,名探偵ピカチュウ: プロモ[S-P 099](プロモーションカード「S-P」),15,91122,https://cdn.snkrdunk.com/upload_bg_removed/20240614092157-0.webp,CRD_5C104F12C3C94EE49C84,명탐정 피카츄,0.7759,SPECIAL_PROMO_REVIEW
pkmn-tcg-29,29,,,ミロカロス カナザワ: プロモ[S-P 145](プロモーションカード「S-P」),4,91124,https://cdn.snkrdunk.com/upload_bg_removed/20240614075403-0.webp,,,,SPECIAL_PROMO_REVIEW
pkmn-tcg-32,32,,,シブヤのピカチュウ: プロモ[S-P 002](プロモーションカード「S-P」),83,91127,https://cdn.snkrdunk.com/upload_bg_removed/20240614092938-0.webp,CRD_A6337035E8634701BFAB,피카츄,0.6289,SPECIAL_PROMO_REVIEW
pkmn-tcg-30,30,,,メッソン カナザワ: プロモ[S-P 146](プロモーションカード「S-P」),6,91125,https://cdn.snkrdunk.com/upload_bg_removed/20240614075416-0.webp,,,,SPECIAL_PROMO_REVIEW
pkmn-tcg-31,31,,,セレビィV: プロモ[S-P 175](プロモーションカード「白銀のランス・漆黒のガイスト 2BOX購入キャンペーン」),42,91126,https://cdn.snkrdunk.com/upload_bg_removed/20240611041524-0.webp,,,,SPECIAL_PROMO_REVIEW
pkmn-tcg-33,33,,,ポケモンセンターのお姉さん: プロモ[S-P 069](プロモーションカード「S-P」),48,91128,https://cdn.snkrdunk.com/upload_bg_removed/20240614092426-0.webp,,,,SPECIAL_PROMO_REVIEW
pkmn-tcg-34,34,,,ザルードV ガリガリ君: プロモ[S-P 108](プロモーションカード「S-P」),16,91129,https://cdn.snkrdunk.com/upload_bg_removed/20240724075927-0.webp,CRD_C2D419D0BA0BE07BC5B5,자루도 V,0.8918,SPECIAL_PROMO_REVIEW
pkmn-tcg-37,37,,,まるのみされたピカチュウ: プロモ[S-P 105](プロモーションカード「S-P」),16,91132,https://cdn.snkrdunk.com/upload_bg_removed/20240720091242-0.webp,,,,SPECIAL_PROMO_REVIEW
pkmn-tcg-36,36,,,プレイヤーズセレモニー: プロモ[S-P 127](プロモーションカード「S-P」2020),6,91131,https://cdn.snkrdunk.com/upload_bg_removed/20240611022719-0.webp,,,,SPECIAL_PROMO_REVIEW
pkmn-tcg-35,35,,,ピカチュウVMAX（バンザイピカチュウ）: プロモ[S-P 123](ピカピカ！ピカチュウ！プロモカードキャンペーン),69,91130,https://cdn.snkrdunk.com/upload_bg_removed/20230728045552-0.webp,CRD_43A31E18194141E18BFC,피카츄 VMAX,0.8464,SPECIAL_PROMO_REVIEW
pkmn-tcg-1,1,,HR,リザードンVMAX HR: 争奪戦プロモ[S-P 104](プロモーションカード「S-P」),5,91103,https://cdn.snkrdunk.com/upload_bg_removed/20240614092824-0.webp,,,,SPECIAL_PROMO_REVIEW
pkmn-tcg-1344,1344,,,カメックス: 旧裏/プロモ[PMCG-P No.009](プロモーションカード「PMCG-P」),12,91104,https://cdn.snkrdunk.com/upload_bg_removed/7302818.webp,CRD_9813FECD47C44526AC0E,찬란한 거북왕,0.8197,SPECIAL_PROMO_REVIEW
pkmn-tcg-1343,1343,,,フシギバナ: 旧裏/プロモ[PMCG-P No.003](プロモーションカード「PMCG-P」),22,91107,https://cdn.snkrdunk.com/upload_bg_removed/7302819.webp,CRD_01AD02026ECC4FEDBF4F,이상해꽃 EX,0.7151,SPECIAL_PROMO_REVIEW
pkmn-tcg-13,13,,,げんきのハチマキ: プロモ[S-P 136](プロモーションカード「S-P」),0,91112,https://cdn.snkrdunk.com/upload_bg_removed/20240611012942-0.webp,,,,SPECIAL_PROMO_REVIEW
pkmn-tcg-11,11,,,ニャースVMAX: プロモ[S-P 029](プロモーションカード「S-P」),4,91110,https://cdn.snkrdunk.com/upload_bg_removed/20240614074656-0.webp,,,,SPECIAL_PROMO_REVIEW
pkmn-tcg-8,8,,,サイトウ: プロモ[S-P 229](プロモーションカード「S-P」),4,91108,https://cdn.snkrdunk.com/upload_bg_removed/20240611044246-0.webp,,,,SPECIAL_PROMO_REVIEW
pkmn-tcg-14,14,,,カナザワのピカチュウ: プロモ (マークあり) [S-P 144](プロモーションカード「S-P」),120,120250,https://cdn.snkrdunk.com/upload_bg_removed/20230409035254-0.webp,CRD_9A350D2269353CD3471E3F4C99EB760D,카나자와 피카츄 2,0.8259,SPECIAL_PROMO_REVIEW
pkmn-tcg-3,3,,SR,リザードンV SR: 争奪戦プロモ[S-P 103](プロモーションカード「S-P」),20,91105,https://cdn.snkrdunk.com/upload_bg_removed/20230709002418-0.webp,,,,SPECIAL_PROMO_REVIEW
pkmn-tcg-12,12,,,バチンウニV: プロモ[S-P 033](プロモーションカード「S-P」),4,91111,https://cdn.snkrdunk.com/upload_bg_removed/7328840.webp,,,,SPECIAL_PROMO_REVIEW
pkmn-tcg-4,4,,,ブースターVMAX 夏ポケカ: プロモ[S-P 186](プロモーションカード「S-P」),15,91106,https://cdn.snkrdunk.com/upload_bg_removed/20240611024427-0.webp,,,,SPECIAL_PROMO_REVIEW
pkmn-tcg-70,70,,,カメックス: プロモ[S8a-P 003/025](プロモカードパック 25th ANNIVERSARY edition),156,91158,https://cdn.snkrdunk.com/upload_bg_removed/20230627082544-2.webp,CRD_6BBDDAB4D43548A49C5C,M거북왕 EX,0.7775,SPECIAL_PROMO_REVIEW
pkmn-tcg-9,9,,,おいわいファンファーレ: プロモ[S-P 254](プロモーションカード「S-P」2021),8,91109,https://cdn.snkrdunk.com/upload_bg_removed/20240610032630-0.webp,CRD_21AA8DB739564F3E9CA5,피카츄,0.6834,SPECIAL_PROMO_REVIEW
pkmn-tcg-68,68,,,リザードン: プロモ[S8a-P 001/025](プロモカードパック 25th ANNIVERSARY edition),351,91156,https://cdn.snkrdunk.com/upload_bg_removed/20230627082543-0.webp,,,,SPECIAL_PROMO_REVIEW
pkmn-tcg-69,69,,,フシギバナ: プロモ[S8a-P 002/025](プロモカードパック 25th ANNIVERSARY edition),159,91157,https://cdn.snkrdunk.com/upload_bg_removed/20230627082543-1.webp,CRD_7B22D01FE0474BF9AF2E,찬란한 이상해꽃,0.8894,SPECIAL_PROMO_REVIEW
pkmn-tcg-72,72,,,ひかるコイキング: プロモ[S8a-P 010/025](プロモカードパック 25th ANNIVERSARY edition),184,91159,https://cdn.snkrdunk.com/upload_bg_removed/20231123082937-0.webp,,,,SPECIAL_PROMO_REVIEW
pkmn-tcg-73,73,,,ブラッキー☆: プロモ[S8a-P 012/025](プロモカードパック 25th ANNIVERSARY edition),393,91160,https://cdn.snkrdunk.com/upload_bg_removed/20221015014405-0.webp,CRD_D9AD2D4FCCF34C3D93DB,블래키 EX,0.6936,SPECIAL_PROMO_REVIEW
pkmn-tcg-172,172,,,スカル団ごっこピカチュウ: プロモ[SM-P 013](スペシャルBOX「団員ごっこピカチュウ」),17,91218,https://cdn.snkrdunk.com/upload_bg_removed/20240614092301-0.webp,CRD_20E1890D79D254945C3E00F70560A986,스카루단 고꼬 피카츄,0.8602,SPECIAL_PROMO_REVIEW
pkmn-tcg-154,154,,,ルナアーラ: プロモ[SM-P 066](プロモーションカード「SM-P」),0,91210,https://cdn.snkrdunk.com/upload_bg_removed/7325582.webp,,,,SPECIAL_PROMO_REVIEW
pkmn-tcg-192,192,,,団員ごっこピカチュウ: プロモ[SM-P 014](スペシャルBOX「団員ごっこピカチュウ」),12,91231,https://cdn.snkrdunk.com/upload_bg_removed/20240614092323-0.webp,CRD_C00E1C8CFE15D51E795F88D9D5D14E94,판쵸 피카츄 (메가 캠페인),0.6681,SPECIAL_PROMO_REVIEW
pkmn-tcg-213,213,,,トウホクのピカチュウ: プロモ[SM-P 088](プロモーションカード「SM-P」),13,91246,https://cdn.snkrdunk.com/upload_bg_removed/7325604.webp,CRD_0B188D85E3A44B03D1BA,판초를 입은 이브이,0.6934,SPECIAL_PROMO_REVIEW
pkmn-tcg-217,217,,,ロコン: プロモ[SM-P 146](プロモーションカード「SM-P」),4,91250,https://cdn.snkrdunk.com/upload_bg_removed/7325662.webp,,,,SPECIAL_PROMO_REVIEW
pkmn-tcg-214,214,,,ピカチュウ: プロモ[SM-P 008](プロモーションカード「SM-P」),5,91247,https://cdn.snkrdunk.com/upload_bg_removed/7325524.webp,CRD_A23AE6A8E89D4058AA29,피카츄,0.9474,SPECIAL_PROMO_REVIEW
pkmn-tcg-193,193,,,リーリエ: プロモ[SM-P 148](プロモーションカード「SM-P」),7,91265,https://cdn.snkrdunk.com/upload_bg_removed/7325664.webp,,,,SPECIAL_PROMO_REVIEW
pkmn-tcg-242,242,,,ピカチュウ: プロモ[SM-P 179](プロモーションカード「SM-P」),20,91264,https://cdn.snkrdunk.com/upload_bg_removed/7325689.webp,CRD_21AA8DB739564F3E9CA5,피카츄,0.8441,SPECIAL_PROMO_REVIEW
pkmn-tcg-392,392,,,フウロ: プロモ[XY-P 164/XY-P](プロモーションカード「XY-P」),26,91374,https://cdn.snkrdunk.com/upload_bg_removed/7314709.webp,,,,SPECIAL_PROMO_REVIEW
pkmn-tcg-444,444,,,ピカチュウ: バトルフェスタ2015プロモ[XY-P 175/XY-P](プロモーションカード「XY-P」),25,91412,https://cdn.snkrdunk.com/upload_bg_removed/7314720.webp,,,,SPECIAL_PROMO_REVIEW
pkmn-tcg-396,396,,,ポケモンカードジムメダル: プロモ[XY-P](プロモーションカード「XY-P」),0,91378,https://cdn.snkrdunk.com/upload_bg_removed/7314838.webp,,,,SPECIAL_PROMO_REVIEW
pkmn-tcg-391,391,,,メガトウキョーのピカチュウ: プロモ[XY-P 204/XY-P](プロモーションカード「XY-P」),1,91373,https://cdn.snkrdunk.com/upload_bg_removed/7314750.webp,CRD_F2CFA15607F1FDEA1BCF0CF34AD4E71C,판쵸 피카츄 (메가도쿄 2),0.7875,SPECIAL_PROMO_REVIEW
pkmn-tcg-395,395,,,ポンチョを着たピカチュウ: プロモ (ポンチョピカチュウ) [XY-P 203/XY-P](プロモーションカード「XY-P」),40,91377,https://cdn.snkrdunk.com/upload_bg_removed/7314749.webp,CRD_C00E1C8CFE15D51E795F88D9D5D14E94,판쵸 피카츄 (메가 캠페인),0.7001,SPECIAL_PROMO_REVIEW
pkmn-tcg-408,408,,,ミュウ: プロモ[XY-P](プロモーションカード「XY-P」),3,91386,https://cdn.snkrdunk.com/upload_bg_removed/20240810072310-7.webp,CRD_6C48D7D464D0402B9F7D,뮤 ex,0.7614,SPECIAL_PROMO_REVIEW
pkmn-tcg-431,431,,,ルイージピカチュウ: プロモ[XY-P 295/XY-P](プロモーションカード「ルイージピカチュウスペシャルBOX」),7,91401,https://cdn.snkrdunk.com/upload_bg_removed/7314984.webp,CRD_1497BC4BBC0A034B7E00921E88FE436E,루이지 피카츄,0.8595,SPECIAL_PROMO_REVIEW
pkmn-tcg-423,423,,,マリオピカチュウ: プロモ[XY-P 294/XY-P](プロモーションカード「XY-P」),16,91385,https://cdn.snkrdunk.com/upload_bg_removed/7314983.webp,CRD_F40F80C9CA87094FB525D9D9A3C25C9E,마리오 피카츄,0.7936,SPECIAL_PROMO_REVIEW
pkmn-tcg-411,411,,,ピカチュウ P [XY-P 206](スペシャルBOX「メガリザードンXのポンチョを着たピカチュウ・メガリザードンYのポンチョを着たピカチュウ」),39,413412,https://cdn.snkrdunk.com/upload_bg_removed/pkmn-tcg-7314752-yu.webp,CRD_B30DFCBCDFBA21BE1C07,피카츄,0.6235,SPECIAL_PROMO_REVIEW
pkmn-tcg-397,397,,,レックウザ イラストコレクション: プロモ[XY-P 100/XY-P](プロモーションカード「XY-P」),42,91438,https://cdn.snkrdunk.com/upload_bg_removed/7314644.webp,CRD_6D78C3030D7942CB9EF0,레쿠쟈 EX,0.7393,SPECIAL_PROMO_REVIEW
pkmn-tcg-402,402,,,ロケット団参上！ : プロモ [XY-P 278](プロモーションカード「20周年記念 ロケット団スペシャルケース」),1,91382,https://cdn.snkrdunk.com/upload_bg_removed/7314970.webp,,,,SPECIAL_PROMO_REVIEW
pkmn-tcg-417,417,,,チャンピオンズフェスティバル 2016: プロモ[XY-P](プロモーションカード「XY-P」),3,91393,https://cdn.snkrdunk.com/upload_bg_removed/7314959.webp,,,,SPECIAL_PROMO_REVIEW
pkmn-tcg-404,404,,,ブラッキー: プロモ[XY-P 140/XY-P](プロモーションカード「XY-P」),3,91384,https://cdn.snkrdunk.com/upload_bg_removed/7314684.webp,,,,SPECIAL_PROMO_REVIEW
pkmn-tcg-410,410,,,ギャラドス: プロモ[XY-P](プロモーションカード「XY-P」),5,91388,https://cdn.snkrdunk.com/upload_bg_removed/7314861.webp,CRD_0CB06AA60B6E4470B9A9,인텔리레온,0.6764,SPECIAL_PROMO_REVIEW
pkmn-tcg-398,398,,,フシギバナEX: プロモ[XY-P 074/XY-P](プロモーションカード「XY-P」),1,91380,https://cdn.snkrdunk.com/upload_bg_removed/7314618.webp,CRD_EFEE7C6C9BA44AF98AF2,이상해꽃 EX,0.9213,SPECIAL_PROMO_REVIEW
pkmn-tcg-409,409,,,ミュウツーEX: プロモ[XY-P](プロモーションカード「XY-P」),11,91387,https://cdn.snkrdunk.com/upload_bg_removed/7327145.webp,,,,SPECIAL_PROMO_REVIEW
pkmn-tcg-403,403,,,サカキの計画 : プロモ [XY-P 277](プロモーションカード「20周年記念 ロケット団スペシャルケース」),2,91383,https://cdn.snkrdunk.com/upload_bg_removed/7314969.webp,,,,SPECIAL_PROMO_REVIEW
pkmn-tcg-393,393,,,センパイとコウハイ: プロモ[XY-P](プロモーションカード「XY-P」),2,91375,https://cdn.snkrdunk.com/upload_bg_removed/7314991.webp,,,,SPECIAL_PROMO_REVIEW
pkmn-tcg-432,432,,,あったかピカチュウ: プロモ[XY-P 094/XY-P](プロモーションカード「XY-P」),9,91403,https://cdn.snkrdunk.com/upload_bg_removed/7314638.webp,CRD_A6337035E8634701BFAB,피카츄,0.668,SPECIAL_PROMO_REVIEW
pkmn-tcg-413,413,,,コイキングごっこピカチュウ: プロモ[XY-P 150/XY-P](プロモーションカード「XY-P」),15,91395,https://cdn.snkrdunk.com/upload_bg_removed/7314695.webp,CRD_F80B857CFE91CDEB4402E3E93F29B2CB,코이킹 고꼬 피카츄,0.8626,SPECIAL_PROMO_REVIEW
pkmn-tcg-394,394,,,コダック: プロモ[XY-P](プロモーションカード「XY-P」),6,91376,https://cdn.snkrdunk.com/upload_bg_removed/7314879.webp,,,,SPECIAL_PROMO_REVIEW
pkmn-tcg-419,419,,,ポンチョを着たピカチュウ: プロモ[XY-P 230/XY-P](プロモーションカード「XY-P」),20,91396,https://cdn.snkrdunk.com/upload_bg_removed/20240725063604-0.webp,CRD_B4DD248887AA402E79E6048CF14A6FA5,판쵸 피카츄 (레쿠쟈),0.8052,SPECIAL_PROMO_REVIEW
pkmn-tcg-421,421,,,コイキング: プロモ[XY-P](プロモーションカード「XY-P」),0,91398,https://cdn.snkrdunk.com/upload_bg_removed/7314992.webp,,,,SPECIAL_PROMO_REVIEW
pkmn-tcg-438,438,,,ピカチュウ ニコル: プロモ[XY-P](プロモーションカード「XY-P」),8,91406,https://cdn.snkrdunk.com/upload_bg_removed/7314946.webp,CRD_B30DFCBCDFBA21BE1C07,피카츄,0.6418,SPECIAL_PROMO_REVIEW
pkmn-tcg-420,420,,,ポンチョを着たピカチュウ: プロモ[XY-P 231/XY-P](プロモーションカード「XY-P」),27,91397,https://cdn.snkrdunk.com/upload_bg_removed/7314777.webp,CRD_0772C5CF7513F14CB993C2F4FEE4944E,판쵸 피카츄 (레쿠쟈 2),0.8099,SPECIAL_PROMO_REVIEW
pkmn-tcg-456,456,,,リザードンEX: プロモ(アートコレクション)[XY-P 276/XY-P](プロモーションカード「XY-P」),13,91400,https://cdn.snkrdunk.com/upload_bg_removed/7314818.webp,,,,SPECIAL_PROMO_REVIEW
pkmn-tcg-399,399,,,カメックスEX: プロモ[XY-P 076/XY-P](プロモーションカード「XY-P」),0,91381,https://cdn.snkrdunk.com/upload_bg_removed/7314620.webp,CRD_7670562F15A640309F43,거북왕 EX,0.9675,SPECIAL_PROMO_REVIEW
pkmn-tcg-439,439,,,ピカチュウ: バトルフェスタ2014プロモ[XY-P 090/XY-P](プロモーションカード「XY-P」),10,91407,https://cdn.snkrdunk.com/upload_bg_removed/7314634.webp,,,,SPECIAL_PROMO_REVIEW
pkmn-tcg-441,441,,,ポンチョを着たピカチュウ: プロモ[XY-P 275/XY-P](プロモーションカード「XY-P」),4,91409,https://cdn.snkrdunk.com/upload_bg_removed/7314817.webp,,,,SPECIAL_PROMO_REVIEW
pkmn-tcg-440,440,,,リザードン: プロモ[XY-P 280/XY-P](プロモーションカード「XY-P」),14,91408,https://cdn.snkrdunk.com/upload_bg_removed/7314819.webp,CRD_DBCFA7ECE36342E69356,리자몽 EX,0.6555,SPECIAL_PROMO_REVIEW
pkmn-tcg-445,445,,,シェイミEX: プロモ[XY-P 212/XY-P](プロモーションカード「XY-P」),6,91413,https://cdn.snkrdunk.com/upload_bg_removed/7314758.webp,CRD_4FFBC5FEC7274C13BE41,쉐이미 EX,0.9182,SPECIAL_PROMO_REVIEW
pkmn-tcg-443,443,,,ダイゴ: プロモ[XY-P 121/XY-P](プロモーションカード「XY-P」),8,91411,https://cdn.snkrdunk.com/upload_bg_removed/7314665.webp,,,,SPECIAL_PROMO_REVIEW
pkmn-tcg-457,457,,,日本代表のピカチュウ: プロモ[XY-P 050/XY-P](プロモーションカード「XY-P」),29,91425,https://cdn.snkrdunk.com/upload_bg_removed/7314589.webp,CRD_A6337035E8634701BFAB,피카츄,0.6472,SPECIAL_PROMO_REVIEW
pkmn-tcg-448,448,,,マスクド・ピカチュウ: プロモ[XY-P 247/XY-P](プロモーションカード「XY-P」),14,91416,https://cdn.snkrdunk.com/upload_bg_removed/7314793.webp,,,,SPECIAL_PROMO_REVIEW
pkmn-tcg-446,446,,,ジラーチ: プロモ[XY-P 235/XY-P](プロモーションカード「XY-P」),6,91414,https://cdn.snkrdunk.com/upload_bg_removed/7314781.webp,,,,SPECIAL_PROMO_REVIEW
pkmn-tcg-451,451,,,チルタリス: プロモ[XY-P 291/XY-P](プロモーションカード「XY-P」),1,91419,https://cdn.snkrdunk.com/upload_bg_removed/7314979.webp,,,,SPECIAL_PROMO_REVIEW
pkmn-tcg-447,447,,,ポンチョを着たピカチュウ: プロモ[XY-P 274/XY-P](プロモーションカード「XY-P」),2,91415,https://cdn.snkrdunk.com/upload_bg_removed/7314816.webp,,,,SPECIAL_PROMO_REVIEW
pkmn-tcg-450,450,,,おきがえピカチュウ: プロモ[XY-P 099/XY-P](プロモーションカード「XY-P」),24,91418,https://cdn.snkrdunk.com/upload_bg_removed/7314643.webp,,,,SPECIAL_PROMO_REVIEW
pkmn-tcg-452,452,,,ゲッコウガ: プロモ[XY-P](プロモーションカード「XY-P」),2,91420,https://cdn.snkrdunk.com/upload_bg_removed/7314835.webp,,,,SPECIAL_PROMO_REVIEW
pkmn-tcg-465,465,,,サトシゲッコウガEX: プロモ[XY-P 290/XY-P](プロモーションカード「XY-P」),8,91433,https://cdn.snkrdunk.com/upload_bg_removed/7314978.webp,CRD_85DA754292A84C40923E,지우개굴닌자 EX,0.7189,SPECIAL_PROMO_REVIEW
pkmn-tcg-454,454,,,メガトウキョーのピカチュウ: プロモ[XY-P 098/XY-P](プロモーションカード「XY-P」),56,91422,https://cdn.snkrdunk.com/upload_bg_removed/7314642.webp,CRD_B3FA890225FF38CC4DBE123ABCCB9B93,판쵸 피카츄 (메가도쿄),0.9487,SPECIAL_PROMO_REVIEW
pkmn-tcg-449,449,,,基本炎エネルギー リザードンメガバトル: プロモ[XY-P](プロモーションカード「XY-P」),2,91417,https://cdn.snkrdunk.com/upload_bg_removed/7314901.webp,,,,SPECIAL_PROMO_REVIEW
pkmn-tcg-458,458,,,ピッチのピカチュウ ドリブル: プロモ[XY-P](プロモーションカード「XY-P」),16,91427,https://cdn.snkrdunk.com/upload_bg_removed/7315117.webp,CRD_7EBB72125E6E436B8589,피카츄,0.8377,SPECIAL_PROMO_REVIEW
pkmn-tcg-463,463,,,ピカチュウ: プロモ[XY-P 068/XY-P](プロモーションカード「XY-P」),10,91431,https://cdn.snkrdunk.com/upload_bg_removed/7314612.webp,CRD_4B160DDD24C54ACA8B72,피카츄,0.7082,SPECIAL_PROMO_REVIEW
pkmn-tcg-455,455,,,お公家さまと舞妓はんピカチュウ: プロモ[XY-P 221/XY-P](プロモーションカード「XY-P」),21,91423,https://cdn.snkrdunk.com/upload_bg_removed/7314767.webp,CRD_8F205E645B108BEC8791C00BDAD3271D,교토 피카츄,0.7163,SPECIAL_PROMO_REVIEW
pkmn-tcg-468,468,,,殿堂の書: プロモ[XY-P](プロモーションカード「XY-P」),0,91436,https://cdn.snkrdunk.com/upload_bg_removed/7314839.webp,,,,SPECIAL_PROMO_REVIEW
pkmn-tcg-461,461,,,ポケテレのADピカチュウ: プロモ[XY-P 056/XY-P](プロモーションカード「XY-P」),1,91429,https://cdn.snkrdunk.com/upload_bg_removed/7314596.webp,CRD_A23AE6A8E89D4058AA29,피카츄,0.6888,SPECIAL_PROMO_REVIEW
pkmn-tcg-469,469,,,ラティオス: プロモ[XY-P 174/XY-P](プロモーションカード「XY-P」),0,91437,https://cdn.snkrdunk.com/upload_bg_removed/7314719.webp,CRD_24845E4BD72A47AAA490,라티오스 EX,0.6742,SPECIAL_PROMO_REVIEW
pkmn-tcg-464,464,,,ピカチュウ: プロモ (開封済) [XY-P 070/XY-P](プロモーションカード「XY-P」),5,91432,https://cdn.snkrdunk.com/upload_bg_removed/7314614.webp,CRD_21AA8DB739564F3E9CA5,피카츄,0.7042,SPECIAL_PROMO_REVIEW
pkmn-tcg-467,467,,,ティエルノ バトルフェスタ2013: プロモ[XY-P](プロモーションカード「XY-P」),0,91435,https://cdn.snkrdunk.com/upload_bg_removed/7314834.webp,,,,SPECIAL_PROMO_REVIEW
pkmn-tcg-473,473,,,メタモン: プロモ[XY-P 077/XY-P](プロモーションカード「XY-P」),4,91441,https://cdn.snkrdunk.com/upload_bg_removed/7314621.webp,,,,SPECIAL_PROMO_REVIEW
pkmn-tcg-472,472,,,ホウオウ: プロモ[XY-P 224/XY-P](プロモーションカード「XY-P」),2,91440,https://cdn.snkrdunk.com/upload_bg_removed/7314770.webp,CRD_C4895FD08DDF4F6096E5,칠색조 EX,0.8295,SPECIAL_PROMO_REVIEW
pkmn-tcg-477,477,,,そらをとぶピカチュウ: プロモ[XY-P 292/XY-P](プロモーションカード「XY-P」),13,91445,https://cdn.snkrdunk.com/upload_bg_removed/7314980.webp,,,,SPECIAL_PROMO_REVIEW
pkmn-tcg-480,480,,,なみのりピカチュウ: プロモ[XY-P 264/XY-P](プロモーションカード「XY-P」),25,91447,https://cdn.snkrdunk.com/upload_bg_removed/7314806.webp,,,,SPECIAL_PROMO_REVIEW
pkmn-tcg-479,479,,,ティエルノ 公認自主イベント: プロモ[XY-P](プロモーションカード「XY-P」),0,91446,https://cdn.snkrdunk.com/upload_bg_removed/7327141.webp,,,,SPECIAL_PROMO_REVIEW
pkmn-tcg-466,466,,,基本悪エネルギー BREAK柄UR仕様: プロモ[XY-P](プロモーションカード「XY-P」),1,91434,https://cdn.snkrdunk.com/upload_bg_removed/7314871.webp,,,,SPECIAL_PROMO_REVIEW
pkmn-tcg-476,476,,,ライチュウ プロモ :参加賞 [002/XY-P](プロモーションカード「ポケモンカードゲーム教室2013」),1,91444,https://cdn.snkrdunk.com/upload_bg_removed/d251bef3-6823-4462-949f-e1765978fabe.webp,,,,SPECIAL_PROMO_REVIEW
pkmn-tcg-475,475,,,基本草エネルギー BREAK柄UR仕様: プロモ[XY-P](プロモーションカード「XY-P」),0,91443,https://cdn.snkrdunk.com/upload_bg_removed/20230902024036-0.webp,,,,SPECIAL_PROMO_REVIEW
pkmn-tcg-1334,1334,,,ゲンガー 通信進化: 旧裏/プロモ[PMCG-P No.094](プロモーションカード「PMCG-P」),14,91502,https://cdn.snkrdunk.com/upload_bg_removed/7302853.webp,CRD_2936DD31DD3F4679992B,팬텀&따라큐 GX,0.6977,SPECIAL_PROMO_REVIEW
pkmn-tcg-603,603,,,ミュウ P [BW-P 220/BW-P](プロモーションカード「バトルカーニバル2013スプリング 参加賞」),6,91554,https://cdn.snkrdunk.com/upload_bg_removed/7314496.webp,,,,SPECIAL_PROMO_REVIEW
pkmn-tcg-604,604,,,殿堂ベルト P [BW-P 153/BW-P](プロモーションカード「バトルカーニバル2012スプリング 勝ち抜きバトル」),0,91555,https://cdn.snkrdunk.com/upload_bg_removed/7314434.webp,,,,SPECIAL_PROMO_REVIEW
pkmn-tcg-607,607,,,ブラッキー P [BW-P 188/BW-P](プロモーションカード「コレクションファイル イーブイコレクション スペシャルカード」),4,91558,https://cdn.snkrdunk.com/upload_bg_removed/7314469.webp,,,,SPECIAL_PROMO_REVIEW
pkmn-tcg-602,602,,,ポケモンセンター P [BW-P 190/BW-P](プロモーションカード「ラセンフォース・ライデンナックル 10パック購入スペシャルカード」),5,91553,https://cdn.snkrdunk.com/upload_bg_removed/7314471.webp,,,,SPECIAL_PROMO_REVIEW
pkmn-tcg-610,610,,,エモンガ P [BW-P 081/BW-P](プロモーションカード「サマーカーニバル in 東京タワー」),2,91561,https://cdn.snkrdunk.com/upload_bg_removed/7314363.webp,CRD_78E696D892A1480CB471,에몽가 EX,0.6444,SPECIAL_PROMO_REVIEW
pkmn-tcg-615,615,,,サンダース P [BW-P 186/BW-P](プロモーションカード「コレクションファイル イーブイコレクション スペシャルカード」),1,91566,https://cdn.snkrdunk.com/upload_bg_removed/7314467.webp,,,,SPECIAL_PROMO_REVIEW
pkmn-tcg-108/BW-P,108BWP,,,ピカチュウ P [BW-P 108/BW-P](プロモーションカード「はじめてセットDX ピカチュウver. 封入カード」),14,91557,https://cdn.snkrdunk.com/upload_bg_removed/7314390.webp,CRD_7A536360D1EC48FB885A,피카츄,0.732,SPECIAL_PROMO_REVIEW
pkmn-tcg-614,614,,,グレイシア P [BW-P 185/BW-P](プロモーションカード「コレクションファイル イーブイコレクション スペシャルカード」),0,91565,https://cdn.snkrdunk.com/upload_bg_removed/7314466.webp,CRD_BBF48E2A085C4050AA8B,글레이시아,0.6396,SPECIAL_PROMO_REVIEW
pkmn-tcg-597,597,,,ピカチュウ P [BW-P 229/BW-P](プロモーションカード「ポケモンセンター15周年 カードプレミアムセット」),16,91552,https://cdn.snkrdunk.com/upload_bg_removed/7314505.webp,,,,SPECIAL_PROMO_REVIEW
pkmn-tcg-616,616,,,エーフィ P [BW-P 187/BW-P](プロモーションカード「コレクションファイル イーブイコレクション スペシャルカード」),3,91567,https://cdn.snkrdunk.com/upload_bg_removed/7314468.webp,,,,SPECIAL_PROMO_REVIEW
pkmn-tcg-612,612,,,ブースター P [BW-P 183/BW-P](プロモーションカード「コレクションファイル イーブイコレクション スペシャルカード」),2,91563,https://cdn.snkrdunk.com/upload_bg_removed/7314464.webp,,,,SPECIAL_PROMO_REVIEW
pkmn-tcg-608,608,,,ヘビーボール: プロモ[BW-P](プロモーションカード「BW-P」),1,91559,https://cdn.snkrdunk.com/upload_bg_removed/7314524.webp,,,,SPECIAL_PROMO_REVIEW
pkmn-tcg-588,588,,,レシラムEX P [BW-P 158/BW-P](プロモーションカード「プレミアムキラカード付きスペシャルパック レシラム」),6,91551,https://cdn.snkrdunk.com/upload_bg_removed/7314439.webp,CRD_0BDAE7D89E874FAF958A,레시라무 EX,0.8557,SPECIAL_PROMO_REVIEW
pkmn-tcg-613,613,,,シャワーズ P [BW-P 184/BW-P](プロモーションカード「コレクションファイル イーブイコレクション スペシャルカード」),5,91564,https://cdn.snkrdunk.com/upload_bg_removed/7314465.webp,,,,SPECIAL_PROMO_REVIEW
pkmn-tcg-611,611,,,リーフィア P [BW-P 182/BW-P](プロモーションカード「コレクションファイル イーブイコレクション スペシャルカード」),1,91562,https://cdn.snkrdunk.com/upload_bg_removed/7314463.webp,CRD_1549CC7E9EFC44D08FD4,리피아,0.6792,SPECIAL_PROMO_REVIEW
pkmn-tcg-609,609,,,イーブイ P [BW-P 189/BW-P](プロモーションカード「コレクションファイル イーブイコレクション スペシャルカード」),2,91560,https://cdn.snkrdunk.com/upload_bg_removed/7314470.webp,,,,SPECIAL_PROMO_REVIEW
pkmn-tcg-619,619,,,ゼクロムEX P [BW-P 159/BW-P](プロモーションカード「プレミアムキラカード付きスペシャルパック ゼクロム」),8,91569,https://cdn.snkrdunk.com/upload_bg_removed/7314440.webp,CRD_C57E69F6FE4A4DE4BC7F,제크로무 EX,0.9499,SPECIAL_PROMO_REVIEW
pkmn-tcg-621,621,,,プラズマ団バッジ [BW-P](プロモーションカード「バトルカーニバル2012オータム 勝利賞」),0,91571,https://cdn.snkrdunk.com/upload_bg_removed/7314528.webp,,,,SPECIAL_PROMO_REVIEW
pkmn-tcg-620,620,,,レックウザ P [BW-P 144/BW-P](プロモーションカード「ポケモン + ノブナガの野望 初回限定特典」),79,91570,https://cdn.snkrdunk.com/upload_bg_removed/20240419072532-0.webp,,,,SPECIAL_PROMO_REVIEW
pkmn-tcg-618,618,,,ズルッグ P [BW-P 049/BW-P](プロモーションカード「ピザーラ限定セット」),1,91568,https://cdn.snkrdunk.com/upload_bg_removed/7314331.webp,,,,SPECIAL_PROMO_REVIEW
pkmn-tcg-1336,1336,,,フーディン 通信進化: 旧裏/プロモ[PMCG-P No.065](プロモーションカード「PMCG-P」),1,91639,https://cdn.snkrdunk.com/upload_bg_removed/7302855.webp,,,,SPECIAL_PROMO_REVIEW
pkmn-tcg-728,728,,,エレブー: プロモ[L-P 069/L-P](プロモーションカード「L-P」),2,91660,https://cdn.snkrdunk.com/upload_bg_removed/7314269.webp,,,,SPECIAL_PROMO_REVIEW
pkmn-tcg-707,707,,,勝利のメダル: プロモ[L-P 033/L-P](プロモーションカード「L-P」),5,91649,https://cdn.snkrdunk.com/upload_bg_removed/7314233.webp,,,,SPECIAL_PROMO_REVIEW
pkmn-tcg-719,719,,,ダークライ: プロモ[L-P 021/L-P](プロモーションカード「L-P」),3,91652,https://cdn.snkrdunk.com/upload_bg_removed/7314221.webp,CRD_FFAB6C584CD745B9A717,다크라이 EX,0.7599,SPECIAL_PROMO_REVIEW
pkmn-tcg-714,714,,,クレセリア: プロモ[L-P 020/L-P](プロモーションカード「L-P」),1,91648,https://cdn.snkrdunk.com/upload_bg_removed/7314220.webp,CRD_D4D97671FD8C454A8A1C,크레세리아,0.7758,SPECIAL_PROMO_REVIEW
pkmn-tcg-722,722,,,ホウオウ: プロモ[L-P 048/L-P](プロモーションカード「L-P」),7,91654,https://cdn.snkrdunk.com/upload_bg_removed/7314248.webp,CRD_C4895FD08DDF4F6096E5,칠색조 EX,0.8334,SPECIAL_PROMO_REVIEW
pkmn-tcg-724,724,,,ルギア: プロモ[L-P 047/L-P](プロモーションカード「L-P」),4,91656,https://cdn.snkrdunk.com/upload_bg_removed/7314247.webp,,,,SPECIAL_PROMO_REVIEW
pkmn-tcg-704,704,,,セキエイこうげん: プロモ[L-P 070/L-P](プロモーションカード「L-P」),0,91643,https://cdn.snkrdunk.com/upload_bg_removed/7314270.webp,,,,SPECIAL_PROMO_REVIEW
pkmn-tcg-726,726,,,おかいものピカチュウ: プロモ[L-P 079/L-P](プロモーションカード「L-P」),13,91658,https://cdn.snkrdunk.com/upload_bg_removed/7314279.webp,CRD_1F2BEBDD9D0144DC8275,피카츄,0.6264,SPECIAL_PROMO_REVIEW
pkmn-tcg-727,727,,,ストライク: プロモ[L-P 049/L-P](プロモーションカード「L-P」),1,91659,https://cdn.snkrdunk.com/upload_bg_removed/7314249.webp,CRD_F708A3D8A5944CB7BF93,M나무킹 EX,0.6587,SPECIAL_PROMO_REVIEW
pkmn-tcg-706,706,,,レジェンドボックス: プロモ[L-P 051/L-P](プロモーションカード「L-P」),0,91644,https://cdn.snkrdunk.com/upload_bg_removed/7314251.webp,,,,SPECIAL_PROMO_REVIEW
pkmn-tcg-713,713,,,ロストリムーバー: プロモ[L-P 057/L-P](プロモーションカード「L-P」),1,91647,https://cdn.snkrdunk.com/upload_bg_removed/7314257.webp,,,,SPECIAL_PROMO_REVIEW
pkmn-tcg-702,702,,,ラプラス: プロモ[L-P 058/L-P](プロモーションカード「L-P」),0,91642,https://cdn.snkrdunk.com/upload_bg_removed/7314258.webp,,,,SPECIAL_PROMO_REVIEW
pkmn-tcg-766,766,,,ピチュー: プロモ[DPt-P 038/DPt-P](プロモーションカード「DPt-P」),2,91676,https://cdn.snkrdunk.com/upload_bg_removed/7314187.webp,CRD_79D926D3E72B4438C2AB,팀 플라즈마 보스 피카츄,0.6406,SPECIAL_PROMO_REVIEW
pkmn-tcg-769,769,,,フワライドFB フロンティアブレーン: プロモ[DPt-P 017/DPt-P](プロモーションカード「DPt-P」),0,91678,https://cdn.snkrdunk.com/upload_bg_removed/7314166.webp,,,,SPECIAL_PROMO_REVIEW
pkmn-tcg-767,767,,,レントラーGL［ジムリーダー］: プロモ[DPt-P 014/DPt-P](プロモーションカード「DPt-P」),0,91677,https://cdn.snkrdunk.com/upload_bg_removed/7314163.webp,CRD_66EF57E1FAC943AEA97D,렌트라,0.6503,SPECIAL_PROMO_REVIEW
pkmn-tcg-771,771,,,カイリューFB フロンティアブレーン: プロモ[DPt-P 018/DPt-P](プロモーションカード「DPt-P」),1,91679,https://cdn.snkrdunk.com/upload_bg_removed/7314167.webp,,,,SPECIAL_PROMO_REVIEW
pkmn-tcg-773,773,,,勝利のメダル: プロモ[DPt-P 051/DPt-P](プロモーションカード「DPt-P」),2,91681,https://cdn.snkrdunk.com/upload_bg_removed/7314200.webp,CRD_00D37F11A42A4F6EAD16,루기아 EX,0.6267,SPECIAL_PROMO_REVIEW
pkmn-tcg-772,772,,,アカギの策略: プロモ[DPt-P 007/DPt-P](プロモーションカード「DPt-P」),0,91680,https://cdn.snkrdunk.com/upload_bg_removed/7314156.webp,,,,SPECIAL_PROMO_REVIEW
pkmn-tcg-774,774,,,ガーメイル: プロモ[DPt-P 039/DPt-P](プロモーションカード「DPt-P」),0,91682,https://cdn.snkrdunk.com/upload_bg_removed/7314188.webp,,,,SPECIAL_PROMO_REVIEW
pkmn-tcg-776,776,,,勝利のメダル: プロモ[DPt-P 036/DPt-P](プロモーションカード「DPt-P」),2,91684,https://cdn.snkrdunk.com/upload_bg_removed/7314185.webp,,,,SPECIAL_PROMO_REVIEW
pkmn-tcg-800,800,,,カビゴン: プロモ[DP-P 126/DP-P](プロモーションカード「DP-P」),1,91694,https://cdn.snkrdunk.com/upload_bg_removed/20230720083517-0.webp,,,,SPECIAL_PROMO_REVIEW
pkmn-tcg-777,777,,,ミュウツー: プロモ[DPt-P 049/DPt-P](プロモーションカード「DPt-P」),4,91685,https://cdn.snkrdunk.com/upload_bg_removed/7314198.webp,CRD_9337246D91AB42D89EBE,뮤츠 EX,0.899,SPECIAL_PROMO_REVIEW
pkmn-tcg-804,804,,,ピカチュウ 東京: プロモ[DP-P 098/DP-P](プロモーションカード「DP-P」),3,91697,https://cdn.snkrdunk.com/upload_bg_removed/7313209.webp,CRD_1EB1317E215A4D5FABEE,피카츄,0.6281,SPECIAL_PROMO_REVIEW
pkmn-tcg-818,818,,,ピカチュウ: プロモ[DP-P 057/DP-P](プロモーションカード「DP-P」),0,91699,https://cdn.snkrdunk.com/upload_bg_removed/7313168.webp,,,,SPECIAL_PROMO_REVIEW
pkmn-tcg-778,778,,,フシギダネ: プロモ[DPt-P 030/DPt-P](プロモーションカード「DPt-P」),1,91686,https://cdn.snkrdunk.com/upload_bg_removed/7314179.webp,,,,SPECIAL_PROMO_REVIEW
pkmn-tcg-775,775,,,勝利のメダル: プロモ[DPt-P 031/DPt-P](プロモーションカード「DPt-P」),2,91683,https://cdn.snkrdunk.com/upload_bg_removed/7314180.webp,CRD_2C1DA4E5D17E428CB8AF,M얼음귀신 EX,0.6766,SPECIAL_PROMO_REVIEW
pkmn-tcg-821,821,,,ゴンベ: プロモ[DP-P 125/DP-P](プロモーションカード「DP-P」),2,91701,https://cdn.snkrdunk.com/upload_bg_removed/7313236.webp,,,,SPECIAL_PROMO_REVIEW
pkmn-tcg-832,832,,,フシギバナ: プロモ[PCG-P 003/PCG-P](プロモーションカード「PCG-P」),1,91710,https://cdn.snkrdunk.com/upload_bg_removed/7307026.webp,CRD_7B22D01FE0474BF9AF2E,찬란한 이상해꽃,0.7712,SPECIAL_PROMO_REVIEW
pkmn-tcg-847,847,,,リザードン: プロモ[PCG-P 002/PCG-P](プロモーションカード「PCG-P」),0,91712,https://cdn.snkrdunk.com/upload_bg_removed/7307025.webp,,,,SPECIAL_PROMO_REVIEW
pkmn-tcg-823,823,,,ヒトカゲ: プロモ[DP-P 124/DP-P](プロモーションカード「DP-P」),0,91702,https://cdn.snkrdunk.com/upload_bg_removed/7313235.webp,CRD_99598A733BBA4B09B0AD,파이리,0.6321,SPECIAL_PROMO_REVIEW
pkmn-tcg-855,855,,,_のミュウ: プロモ[PCG-P 013/PLAY](プロモーションカード「PCG-P」),0,91715,https://cdn.snkrdunk.com/upload_bg_removed/7315049.webp,,,,SPECIAL_PROMO_REVIEW
pkmn-tcg-870,870,,,_のセレビィ: プロモ[PCG-P 012/PLAY](プロモーションカード「PCG-P」),2,91722,https://cdn.snkrdunk.com/upload_bg_removed/7315048.webp,,,,SPECIAL_PROMO_REVIEW
pkmn-tcg-864,864,,,レックウザ: プロモ[PCG-P 094/PCG-P](プロモーションカード「PCG-P」),0,91720,https://cdn.snkrdunk.com/upload_bg_removed/7307107.webp,,,,SPECIAL_PROMO_REVIEW
pkmn-tcg-873,873,,,デオキシスδ-デルタ種: プロモ[PCG-P 129/PCG-P](プロモーションカード「PCG-P」),0,91723,https://cdn.snkrdunk.com/upload_bg_removed/7307136.webp,,,,SPECIAL_PROMO_REVIEW
pkmn-tcg-869,869,,,_のジラーチ: プロモ[PCG-P 014/PLAY](プロモーションカード「PCG-P」),1,91721,https://cdn.snkrdunk.com/upload_bg_removed/7315050.webp,CRD_0136A086A0EE4B56BD13,찬란한 지라치,0.7735,SPECIAL_PROMO_REVIEW
pkmn-tcg-850,850,,,ポケモンカード研究所: プロモ[PCG-P 024/PCG-P](プロモーションカード「PCG-P」),0,91713,https://cdn.snkrdunk.com/upload_bg_removed/7327149.webp,,,,SPECIAL_PROMO_REVIEW
pkmn-tcg-876,876,,,フリーザーex: プロモ[PCG-P 010/PLAY](プロモーションカード「PCG-P」),0,91726,https://cdn.snkrdunk.com/upload_bg_removed/7315046.webp,,,,SPECIAL_PROMO_REVIEW
pkmn-tcg-856,856,,,ピカチュウδ-デルタ種: プロモ[PCG-P 113/PCG-P](プロモーションカード「PCG-P」),3,91716,https://cdn.snkrdunk.com/upload_bg_removed/7307124.webp,CRD_1EB1317E215A4D5FABEE,피카츄,0.7335,SPECIAL_PROMO_REVIEW
pkmn-tcg-877,877,,,サンダーex: プロモ[PCG-P 011/PLAY](プロモーションカード「PCG-P」),1,91727,https://cdn.snkrdunk.com/upload_bg_removed/7315047.webp,,,,SPECIAL_PROMO_REVIEW
pkmn-tcg-875,875,,,ファイヤーex: プロモ[PCG-P 009/PLAY](プロモーションカード「PCG-P」),0,91725,https://cdn.snkrdunk.com/upload_bg_removed/7315045.webp,CRD_9DA43870585949379283,리자몽 EX,0.6659,SPECIAL_PROMO_REVIEW
pkmn-tcg-993,993,,,ハルカのアチャモ: プロモ[ADV-P 037/ADV-P](プロモーションカード「ADV-P」),1,91813,https://cdn.snkrdunk.com/upload_bg_removed/7305243.webp,,,,SPECIAL_PROMO_REVIEW
pkmn-tcg-997,997,,,ファウンスのアブソル: プロモ[ADV-P 040/ADV-P](プロモーションカード「ADV-P」),0,91817,https://cdn.snkrdunk.com/upload_bg_removed/7305246.webp,,,,SPECIAL_PROMO_REVIEW
pkmn-tcg-994,994,,,オレンのみ: プロモ[ADV-P 043/ADV-P](プロモーションカード「ADV-P」),0,91814,https://cdn.snkrdunk.com/upload_bg_removed/7305249.webp,,,,SPECIAL_PROMO_REVIEW
pkmn-tcg-988,988,,,グラードンex: プロモ[ADV-P 012/ADV-P](プロモーションカード「ADV-P」),0,91808,https://cdn.snkrdunk.com/upload_bg_removed/7305218.webp,,,,SPECIAL_PROMO_REVIEW
pkmn-tcg-992,992,,,バトラーのキルリア: プロモ[ADV-P 039/ADV-P](プロモーションカード「ADV-P」),0,91812,https://cdn.snkrdunk.com/upload_bg_removed/7305245.webp,,,,SPECIAL_PROMO_REVIEW
pkmn-tcg-990,990,,,カイオーガex: プロモ[ADV-P 011/ADV-P](プロモーションカード「ADV-P」),1,91810,https://cdn.snkrdunk.com/upload_bg_removed/7305217.webp,,,,SPECIAL_PROMO_REVIEW
pkmn-tcg-991,991,,,リザードン: プロモ[ADV-P 054/ADV-P](プロモーションカード「ADV-P」),1,91811,https://cdn.snkrdunk.com/upload_bg_removed/7305260.webp,CRD_DBCFA7ECE36342E69356,리자몽 EX,0.696,SPECIAL_PROMO_REVIEW
pkmn-tcg-998,998,,,ピカチュウ: プロモ[ADV-P 024/ADV-P](プロモーションカード「ADV-P」),9,91818,https://cdn.snkrdunk.com/upload_bg_removed/7305230.webp,,,,SPECIAL_PROMO_REVIEW
pkmn-tcg-1013,1013,,,メガニウム: プロモ[eP 015/P](プロモーションカード「e-P」),0,91833,https://cdn.snkrdunk.com/upload_bg_removed/7304073.webp,,,,SPECIAL_PROMO_REVIEW
pkmn-tcg-1016,1016,,,フシギバナ: プロモ[e-P 012](プロモーションカード「トリプルゲットキャンペーン」),1,91836,https://cdn.snkrdunk.com/upload_bg_removed/7304070.webp,,,,SPECIAL_PROMO_REVIEW
pkmn-tcg-1015,1015,,,ひかるイマクニ?: プロモ[eP 018/P](プロモーションカード「e-P」),0,91835,https://cdn.snkrdunk.com/upload_bg_removed/7304076.webp,,,,SPECIAL_PROMO_REVIEW
pkmn-tcg-1014,1014,,,オーダイル: プロモ[eP 016/P](プロモーションカード「e-P」),0,91834,https://cdn.snkrdunk.com/upload_bg_removed/7304074.webp,,,,SPECIAL_PROMO_REVIEW
pkmn-tcg-1017,1017,,,カメックス: プロモ[e-P 013](プロモーションカード「トリプルゲットキャンペーン」),5,91837,https://cdn.snkrdunk.com/upload_bg_removed/7304071.webp,CRD_9813FECD47C44526AC0E,찬란한 거북왕,0.8608,SPECIAL_PROMO_REVIEW
pkmn-tcg-1020,1020,,,ポケモンセンター トウキョー: プロモ[eP 019/P](プロモーションカード「e-P」),1,91839,https://cdn.snkrdunk.com/upload_bg_removed/7304077.webp,,,,SPECIAL_PROMO_REVIEW
pkmn-tcg-1022,1022,,,ピカチュウ: プロモ[eP 004/P](プロモーションカード「e-P」),0,91853,https://cdn.snkrdunk.com/upload_bg_removed/7304063.webp,CRD_A6337035E8634701BFAB,피카츄,0.7402,SPECIAL_PROMO_REVIEW
pkmn-tcg-1032,1032,,,セレビィ: プロモ[eP 006/P](プロモーションカード「e-P」),4,93296,https://cdn.snkrdunk.com/upload_bg_removed/20240812091048-3.webp,CRD_17D9AE509B3F4B1A8EB2,세레비,0.6701,SPECIAL_PROMO_REVIEW
pkmn-tcg-1029,1029,,,ルギア: プロモ[eP 047/P](プロモーションカード「e-P」),0,91847,https://cdn.snkrdunk.com/upload_bg_removed/7304112.webp,CRD_C80A57B9F72D4DD39F64,빛나는 루기아,0.6601,SPECIAL_PROMO_REVIEW
pkmn-tcg-1033,1033,,,エンテイ: プロモ[eP 043/P](プロモーションカード「e-P」),0,91851,https://cdn.snkrdunk.com/upload_bg_removed/7304108.webp,CRD_482D1C2F5F0041739B92,나인테일 BREAK,0.6882,SPECIAL_PROMO_REVIEW
pkmn-tcg-1023,1023,,,スイクン: プロモ[eP 026/P](プロモーションカード「e-P」),0,91842,https://cdn.snkrdunk.com/upload_bg_removed/7304084.webp,,,,SPECIAL_PROMO_REVIEW
pkmn-tcg-1018,1018,,,バクフーン: プロモ[eP 017/P](プロモーションカード「e-P」),0,91838,https://cdn.snkrdunk.com/upload_bg_removed/7304075.webp,,,,SPECIAL_PROMO_REVIEW
pkmn-tcg-1026,1026,,,ミュウツー: プロモ[eP 046/P](プロモーションカード「e-P」),0,91844,https://cdn.snkrdunk.com/upload_bg_removed/7304111.webp,CRD_1A2192604CAF4EA98918,뮤츠 EX,0.7787,SPECIAL_PROMO_REVIEW
pkmn-tcg-1031,1031,,,ブーストエネルギー: プロモ[eP 040/P](プロモーションカード「e-P」),0,91849,https://cdn.snkrdunk.com/upload_bg_removed/7304105.webp,,,,SPECIAL_PROMO_REVIEW
pkmn-tcg-1039,1039,,,シャワーズ: プロモ[PROMO E 002/T](エキスパートデッキ「リーフィアVSメタグロス+Online」メタグロスデッキ),2,91857,https://cdn.snkrdunk.com/upload_bg_removed/7315722.webp,,,,SPECIAL_PROMO_REVIEW
pkmn-tcg-1046,1046,,,ファイヤー: プロモ[PROMO E 013/T](エキスパートデッキ「リーフィアVSメタグロス+Online」メタグロスデッキ),2,91863,https://cdn.snkrdunk.com/upload_bg_removed/7315733.webp,CRD_482D1C2F5F0041739B92,나인테일 BREAK,0.7434,SPECIAL_PROMO_REVIEW
pkmn-tcg-1040,1040,,,ヤドン: プロモ[PROMO E 004/T](エキスパートデッキ「リーフィアVSメタグロス+Online」メタグロスデッキ),0,91858,https://cdn.snkrdunk.com/upload_bg_removed/7315724.webp,,,,SPECIAL_PROMO_REVIEW
pkmn-tcg-1044,1044,,,ヤドラン: プロモ[PROMO E 005/T](エキスパートデッキ「リーフィアVSメタグロス+Online」メタグロスデッキ),2,91861,https://cdn.snkrdunk.com/upload_bg_removed/7315725.webp,,,,SPECIAL_PROMO_REVIEW
pkmn-tcg-1042,1042,,,クリスタルエネルギー: プロモ[eP 039/P](プロモーションカード「e-P」),0,91860,https://cdn.snkrdunk.com/upload_bg_removed/7304104.webp,,,,SPECIAL_PROMO_REVIEW
pkmn-tcg-1049,1049,,,ミニリュウ: プロモ[PROMO E 016/T](エキスパートデッキ「リーフィアVSメタグロス+Online」メタグロスデッキ),0,91866,https://cdn.snkrdunk.com/upload_bg_removed/7315736.webp,,,,SPECIAL_PROMO_REVIEW
pkmn-tcg-1037,1037,,,ブースター: プロモ[PROMO E 001/T](エキスパートデッキ「リーフィアVSメタグロス+Online」メタグロスデッキ),2,91855,https://cdn.snkrdunk.com/upload_bg_removed/7315721.webp,,,,SPECIAL_PROMO_REVIEW
pkmn-tcg-1034,1034,,,ピチュー: プロモ[eP 045/P](プロモーションカード「e-P」),0,91852,https://cdn.snkrdunk.com/upload_bg_removed/7304110.webp,,,,SPECIAL_PROMO_REVIEW
pkmn-tcg-1050,1050,,,ハクリュー: プロモ[PROMO E 017/T](エキスパートデッキ「リーフィアVSメタグロス+Online」メタグロスデッキ),0,91867,https://cdn.snkrdunk.com/upload_bg_removed/7315737.webp,,,,SPECIAL_PROMO_REVIEW
pkmn-tcg-1047,1047,,,フリーザー: プロモ[PROMO E 014/T](エキスパートデッキ「リーフィアVSメタグロス+Online」メタグロスデッキ),1,91864,https://cdn.snkrdunk.com/upload_bg_removed/7315734.webp,CRD_482D1C2F5F0041739B92,나인테일 BREAK,0.6704,SPECIAL_PROMO_REVIEW
pkmn-tcg-1025,1025,,,ピチュー兄弟: プロモ[eP 028/P](プロモーションカード「e-P」),2,91843,https://cdn.snkrdunk.com/upload_bg_removed/7304093.webp,CRD_E1B6948E73434311B499,피카츄 EX,0.6781,SPECIAL_PROMO_REVIEW
pkmn-tcg-1030,1030,,,タッチ世代交代！: プロモ[eP 027/P](プロモーションカード「e-P」),0,91848,https://cdn.snkrdunk.com/upload_bg_removed/7304085.webp,,,,SPECIAL_PROMO_REVIEW
pkmn-tcg-1048,1048,,,サンダー: プロモ[PROMO E 015/T](エキスパートデッキ「リーフィアVSメタグロス+Online」メタグロスデッキ),0,91865,https://cdn.snkrdunk.com/upload_bg_removed/7315735.webp,,,,SPECIAL_PROMO_REVIEW
pkmn-tcg-1038,1038,,,サンダース: プロモ[PROMO E 003/T](エキスパートデッキ「リーフィアVSメタグロス+Online」メタグロスデッキ),0,91856,https://cdn.snkrdunk.com/upload_bg_removed/7315723.webp,,,,SPECIAL_PROMO_REVIEW
pkmn-tcg-1027,1027,,,カイリュー: プロモ[PROMO E 018/T](エキスパートデッキ「リーフィアVSメタグロス+Online」メタグロスデッキ),1,91845,https://cdn.snkrdunk.com/upload_bg_removed/7315738.webp,,,,SPECIAL_PROMO_REVIEW
pkmn-tcg-1036,1036,,,ワープエネルギー: プロモ[eP 041/P](プロモーションカード「e-P」),0,91854,https://cdn.snkrdunk.com/upload_bg_removed/7304106.webp,,,,SPECIAL_PROMO_REVIEW
pkmn-tcg-1297,1297,,,タッチ世代交代！: 旧裏/プロモ[neo-P](プロモーションカード「neo-P」),0,92102,https://cdn.snkrdunk.com/upload_bg_removed/7304086.webp,,,,SPECIAL_PROMO_REVIEW
pkmn-tcg-1298,1298,,,おどれ！neo★イマクニ？ P : 旧裏 [neo-P](プロモーションカード「neo-P」),0,92103,https://cdn.snkrdunk.com/upload_bg_removed/7302929.webp,,,,SPECIAL_PROMO_REVIEW
pkmn-tcg-1292,1292,,,ルギア GB2: 旧裏/プロモ[neo-P No.249](プロモーションカード「neo-P」),10,92097,https://cdn.snkrdunk.com/upload_bg_removed/7302947.webp,CRD_00D37F11A42A4F6EAD16,루기아 EX,0.7959,SPECIAL_PROMO_REVIEW
pkmn-tcg-1290,1290,,,イーブイ ファンクラブ: 旧裏/プロモ[neo-P No.133](プロモーションカード「neo-P」),3,92095,https://cdn.snkrdunk.com/upload_bg_removed/7302924.webp,CRD_8D798C34EC514D40851D,피카츄,0.6506,SPECIAL_PROMO_REVIEW
pkmn-tcg-1289,1289,,,ひかるミュウ コロコロ: 旧裏/プロモ[neo-P No.151](プロモーションカード「neo-P」),86,92094,https://cdn.snkrdunk.com/upload_bg_removed/7302949.webp,CRD_4CB4D847706A453D8A1F,빛나는 뮤,0.6931,SPECIAL_PROMO_REVIEW
pkmn-tcg-1293,1293,,,わるいフシギバナ: 旧裏/プロモ[neo-P No.003](プロモーションカード「neo-P」),0,92098,https://cdn.snkrdunk.com/upload_bg_removed/7302945.webp,CRD_7B22D01FE0474BF9AF2E,찬란한 이상해꽃,0.7009,SPECIAL_PROMO_REVIEW
pkmn-tcg-1295,1295,,,わるいオニドリル: 旧裏/プロモ[neo-P No.022](プロモーションカード「neo-P」),0,92100,https://cdn.snkrdunk.com/upload_bg_removed/7302950.webp,,,,SPECIAL_PROMO_REVIEW
pkmn-tcg-1291,1291,,,GR団のミュウツー: 旧裏/プロモ[neo-P No.150](プロモーションカード「neo-P」),7,92096,https://cdn.snkrdunk.com/upload_bg_removed/7302946.webp,CRD_C1608F37F71B44D08013,M뮤츠 EX,0.7026,SPECIAL_PROMO_REVIEW
pkmn-tcg-1288,1288,,,ポリゴン ファンクラブ: 旧裏/プロモ[neo-P No.137](プロモーションカード「neo-P」),4,92093,https://cdn.snkrdunk.com/upload_bg_removed/20230809070222-0.webp,,,,SPECIAL_PROMO_REVIEW
pkmn-tcg-1294,1294,,,ヒマナッツ: 旧裏/プロモ[neo-P No.191](プロモーションカード「neo-P」),0,92099,https://cdn.snkrdunk.com/upload_bg_removed/7302936.webp,,,,SPECIAL_PROMO_REVIEW
pkmn-tcg-1296,1296,,,ハネッコ: 旧裏/プロモ[neo-P No.187](プロモーションカード「neo-P」),0,92101,https://cdn.snkrdunk.com/upload_bg_removed/7302953.webp,,,,SPECIAL_PROMO_REVIEW
pkmn-tcg-1326,1326,,,カードトレーナー認定証: 旧裏/プロモ[PMCG-P](プロモーションカード「PMCG-P」),4,92120,https://cdn.snkrdunk.com/upload_bg_removed/7302893.webp,CRD_5B85A98483504BD2B701,심향의 칠색조 ex,0.6375,SPECIAL_PROMO_REVIEW
pkmn-tcg-1330,1330,,,コイキング タマムシ大学: 旧裏/プロモ[PMCG-P No.129](プロモーションカード「PMCG-P」),1,92121,https://cdn.snkrdunk.com/upload_bg_removed/7302826.webp,,,,SPECIAL_PROMO_REVIEW
pkmn-tcg-1332,1332,,,_のピカチュウ: 旧裏/プロモ[PMCG-P No.025](プロモーションカード「PMCG-P」),25,92122,https://cdn.snkrdunk.com/upload_bg_removed/20250218074338-0.webp,CRD_B44585853A93C37F791B552F69C70AA6,맥도날드 피카츄,0.6435,SPECIAL_PROMO_REVIEW
pkmn-tcg-1339,1339,,,オムスター 通信進化: 旧裏/プロモ[PMCG-P No.139](プロモーションカード「PMCG-P」),6,92126,https://cdn.snkrdunk.com/upload_bg_removed/7302851.webp,,,,SPECIAL_PROMO_REVIEW
pkmn-tcg-1333,1333,,,_のピカチュウ/旧裏/プロモ: キラ/プロモ/旧裏[PMCG-P](プロモーションカード「PMCG-P」),11,92123,https://cdn.snkrdunk.com/upload_bg_removed/7302844.webp,,,,SPECIAL_PROMO_REVIEW
pkmn-tcg-1340,1340,,,ゴローニャ 通信進化: 旧裏/プロモ[PMCG-P No.076](プロモーションカード「PMCG-P」),4,92127,https://cdn.snkrdunk.com/upload_bg_removed/7302854.webp,CRD_4A61E9FAD7D64AE2BB13,빛나는 볼케니온,0.6453,SPECIAL_PROMO_REVIEW
pkmn-tcg-1349,1349,,,カイリュー GB: 旧裏/プロモ[PMCG-P No.149](プロモーションカード「PMCG-P」),50,92134,https://cdn.snkrdunk.com/upload_bg_removed/7302856.webp,CRD_45C9E6F60F414FF4A7C1,망나뇽 EX,0.7291,SPECIAL_PROMO_REVIEW
pkmn-tcg-1342,1342,,,なみのりピカチュウ 新幹線: 旧裏/プロモ[PMCG-P No.025](プロモーションカード「PMCG-P」),6,92129,https://cdn.snkrdunk.com/upload_bg_removed/7302799.webp,,,,SPECIAL_PROMO_REVIEW
pkmn-tcg-1348,1348,,,とりかえっこプリーズ: 旧裏/プロモ[PMCG-P](プロモーションカード「PMCG-P」),2,92133,https://cdn.snkrdunk.com/upload_bg_removed/7302817.webp,,,,SPECIAL_PROMO_REVIEW
pkmn-tcg-1357,1357,,,ミュウ : 旧裏 [PMCG-P No.151](旧裏面 プロモーションカード「サザンアイランド 映画公開記念」),37,92137,https://cdn.snkrdunk.com/upload_bg_removed/7302329.webp,,,,SPECIAL_PROMO_REVIEW
pkmn-tcg-1345,1345,,,フシギバナ GB: 旧裏/プロモ[PMCG-P No.003](プロモーションカード「PMCG-P」),7,92131,https://cdn.snkrdunk.com/upload_bg_removed/7302859.webp,,,,SPECIAL_PROMO_REVIEW
pkmn-tcg-1341,1341,,,カイリキー 通信進化: 旧裏/プロモ[PMCG-P No.068](プロモーションカード「PMCG-P」),4,92128,https://cdn.snkrdunk.com/upload_bg_removed/7302852.webp,,,,SPECIAL_PROMO_REVIEW
pkmn-tcg-1350,1350,,,ピカチュウ P : 旧裏 (※ 光沢あり) [PMCG-P No.025](プロモーションカード「コロコロコミック 1996年11月号付録」),20,93323,https://cdn.snkrdunk.com/upload_bg_removed/20241128014930-0.webp,,,,SPECIAL_PROMO_REVIEW
pkmn-tcg-1347,1347,,,カスミのてあて: 旧裏/プロモ[PMCG-P](プロモーションカード「PMCG-P」),1,92132,https://cdn.snkrdunk.com/upload_bg_removed/7302883.webp,,,,SPECIAL_PROMO_REVIEW
pkmn-tcg-7,7,,,ビクティニV: プロモ[S-P 243](プロモーションカード「S-P」),4,92161,https://cdn.snkrdunk.com/upload_bg_removed/20240610035926-0.webp,CRD_8D64C44C0FE64E8EA849,비크티니 V,0.743,SPECIAL_PROMO_REVIEW
pkmn-tcg-5,5,,,ハイパーボール: プロモ[S-P 277](プロモーションカード「S-P」),0,93002,https://cdn.snkrdunk.com/upload_bg_removed/20240812093948-3.webp,,,,SPECIAL_PROMO_REVIEW
pkmn-tcg-10,10,,,エーフィVMAX: SA/プロモ[S-P 189](プロモーションカード「S-P」),143,93004,https://cdn.snkrdunk.com/upload_bg_removed/20240228072428-0.webp,,,,SPECIAL_PROMO_REVIEW
pkmn-tcg-38,38,,,ミュウツーV: プロモ[S-P 273](プロモーションカード「S-P」),77,93008,https://cdn.snkrdunk.com/upload_bg_removed/20240812093949-7.webp,,,,SPECIAL_PROMO_REVIEW
pkmn-tcg-173,173,,,チャンピオンズフェスティバル 2017: プロモ[SM-P](プロモーションカード「SM-P」),1,93057,https://cdn.snkrdunk.com/upload_bg_removed/20220831092802-0.webp,,,,SPECIAL_PROMO_REVIEW
pkmn-tcg-224,224,,,殿堂の書: プロモ[SM-P](プロモーションカード「SM-P」),0,93075,https://cdn.snkrdunk.com/upload_bg_removed/20240810020603-8.webp,,,,SPECIAL_PROMO_REVIEW
pkmn-tcg-190,190,,,袴姿のピカチュウ: プロモ[SM-P 208](プロモーションカード「SM-P」),8,93062,https://cdn.snkrdunk.com/upload_bg_removed/20220831093141-0.webp,CRD_884CDFFE6A873A39565CEB82B1769CBA,마리오 피카츄 (293),0.6561,SPECIAL_PROMO_REVIEW
pkmn-tcg-SM-P-Movie,SMPMOVIE,,,古代ミュウ P [SM-P 2019](プロモーションカード「映画 ミュウツーの逆襲 EVOLUTION パンフレット」),47,93076,https://cdn.snkrdunk.com/upload_bg_removed/20241128043331-0.webp,,,,SPECIAL_PROMO_REVIEW
pkmn-tcg-XY-P-C-MB-TW,XYPCMBTW,,,ビクトリーリング P (プロモーションカード「リザードンメガバトル 上位入賞」),0,93122,https://cdn.snkrdunk.com/upload_bg_removed/20220901031621-0.webp,,,,SPECIAL_PROMO_REVIEW
pkmn-tcg-426,426,,,基本水エネルギー 20thアニバーサリー: プロモ[XY-P](プロモーションカード「XY-P」),0,93128,https://cdn.snkrdunk.com/upload_bg_removed/20240816020737-8.webp,CRD_1D2EAA1FB1D44C0781F7,고래왕 EX,0.625,SPECIAL_PROMO_REVIEW
pkmn-tcg-407,407,,,スズキサン: プロモ[XY-P 297/XY-P](プロモーションカード「XY-P」),2,93124,https://cdn.snkrdunk.com/upload_bg_removed/20220901031900-0.webp,,,,SPECIAL_PROMO_REVIEW
pkmn-tcg-405,405,,,ピカチュウ 20thアニバーサリーフェスタ: プロモ[XY-P](プロモーションカード「XY-P」),6,93123,https://cdn.snkrdunk.com/upload_bg_removed/20220901031725-0.webp,CRD_21AA8DB739564F3E9CA5,피카츄,0.7093,SPECIAL_PROMO_REVIEW
pkmn-tcg-400,400,,,MサチコEX: プロモ[XY-P 298/XY-P](プロモーションカード「XY-P」),2,93121,https://cdn.snkrdunk.com/upload_bg_removed/20220901031439-0.webp,,,,SPECIAL_PROMO_REVIEW
pkmn-tcg-427,427,,,基本雷エネルギー 20thアニバーサリー: プロモ[XY-P](プロモーションカード「XY-P」),0,93129,https://cdn.snkrdunk.com/upload_bg_removed/20220901032638-0.webp,,,,SPECIAL_PROMO_REVIEW
pkmn-tcg-428,428,,,基本超エネルギー 20thアニバーサリー: プロモ[XY-P](プロモーションカード「XY-P」),0,93130,https://cdn.snkrdunk.com/upload_bg_removed/20220901033951-0.webp,,,,SPECIAL_PROMO_REVIEW
pkmn-tcg-586,586,,,ギラティナEX P [BW-P 146/BW-P](プロモーションカード「レックウザEX・ギラティナEX オリジナルスーパーレアカードセット ゲット!キャンペーン」),1,93138,https://cdn.snkrdunk.com/upload_bg_removed/20220901035713-0.webp,CRD_51808E684CD64F418E0A,기라티나 VSTAR,0.6669,SPECIAL_PROMO_REVIEW
pkmn-tcg-414,414,,,ピカチュウ ワゴン: プロモ[XY-P](プロモーションカード「XY-P」),3,93125,https://cdn.snkrdunk.com/upload_bg_removed/20220901032023-0.webp,,,,SPECIAL_PROMO_REVIEW
pkmn-tcg-436,436,,,基本フェアリーエネルギー 20thアニバーサリー: プロモ[XY-P](プロモーションカード「XY-P」),0,93133,https://cdn.snkrdunk.com/upload_bg_removed/20220901034606-0.webp,,,,SPECIAL_PROMO_REVIEW
pkmn-tcg-598,598,,,コバルオン P [BW-P 037/BW-P](プロモーションカード「バトル激強化キャンペーン」),0,93148,https://cdn.snkrdunk.com/upload_bg_removed/20220901042151-0.webp,CRD_17EF823FA3CB4B2B8EE4,코바르온,0.6876,SPECIAL_PROMO_REVIEW
pkmn-tcg-600,600,,,ビリジオン P [BW-P 039/BW-P](プロモーションカード「バトル激強化キャンペーン」),0,93150,https://cdn.snkrdunk.com/upload_bg_removed/20220901043046-0.webp,CRD_C7804ACB352A4684AF39,비리디온 EX,0.6901,SPECIAL_PROMO_REVIEW
pkmn-tcg-595,595,,,ポカブ P [BW-P 079/BW-P](プロモーションカード「JR北海道ポケモン調査隊 2011」),0,93146,https://cdn.snkrdunk.com/upload_bg_removed/20220901041822-0.webp,,,,SPECIAL_PROMO_REVIEW
pkmn-tcg-594,594,,,ツタージャ P [BW-P 078/BW-P](プロモーションカード「JR北海道ポケモン調査隊 2011」),0,93145,https://cdn.snkrdunk.com/upload_bg_removed/20220901041708-0.webp,,,,SPECIAL_PROMO_REVIEW
pkmn-tcg-437,437,,,基本草エネルギー 20thアニバーサリー: プロモ[XY-P](プロモーションカード「XY-P」),0,93134,https://cdn.snkrdunk.com/upload_bg_removed/20220901034814-0.webp,,,,SPECIAL_PROMO_REVIEW
pkmn-tcg-422,422,,,基本悪エネルギー 20thアニバーサリー: プロモ[XY-P](プロモーションカード「XY-P」),0,93126,https://cdn.snkrdunk.com/upload_bg_removed/20220901032140-0.webp,,,,SPECIAL_PROMO_REVIEW
pkmn-tcg-617,617,,,ダークライEX [BW-P](プロモーションカード「バトルカーニバル 2013 スプリング」),1,93152,https://cdn.snkrdunk.com/upload_bg_removed/20240812092922-2.webp,CRD_EF941452F94747E4BB8D,다크라이 EX,0.636,SPECIAL_PROMO_REVIEW
pkmn-tcg-478,478,,,鍛冶屋: プロモ[XY-P](プロモーションカード「XY-P」),0,93135,https://cdn.snkrdunk.com/upload_bg_removed/20220901035009-0.webp,,,,SPECIAL_PROMO_REVIEW
pkmn-tcg-120/BW-P,120BWP,,,ピカチュウ P [BW-P 120/BW-P](プロモーションカード「ポケモンセンタートウホク オープン記念プレゼント」),10,93151,https://cdn.snkrdunk.com/upload_bg_removed/20220901043622-0.webp,,,,SPECIAL_PROMO_REVIEW
pkmn-tcg-596,596,,,チャンピオンズフェスティバル 2013: プロモ[BW-P](プロモーションカード「BW-P」),0,93147,https://cdn.snkrdunk.com/upload_bg_removed/20220901041923-0.webp,CRD_05EEC7741BAF4827B1B7,플라제스 EX,0.6924,SPECIAL_PROMO_REVIEW
pkmn-tcg-592,592,,,ゼクロム 15th: プロモ[BW-P 055/053](プロモーションカード「BW-P」),4,93143,https://cdn.snkrdunk.com/upload_bg_removed/20230609090501-0.webp,CRD_007D898667D84D8F9B7E,제크로무,0.9265,SPECIAL_PROMO_REVIEW
pkmn-tcg-425,425,,,基本炎エネルギー 20thアニバーサリー: プロモ[XY-P](プロモーションカード「XY-P」),0,93127,https://cdn.snkrdunk.com/upload_bg_removed/20220901032305-0.webp,,,,SPECIAL_PROMO_REVIEW
pkmn-tcg-587,587,,,ミジュマル P [BW-P 080/BW-P](プロモーションカード「JR北海道ポケモン調査隊 2011」),0,93139,https://cdn.snkrdunk.com/upload_bg_removed/20220901035910-0.webp,,,,SPECIAL_PROMO_REVIEW
pkmn-tcg-590,590,,,レックウザEX P [BW-P 145/BW-P](プロモーションカード「レックウザEX・ギラティナEX オリジナルスーパーレアカードセット ゲット!キャンペーン」),0,93141,https://cdn.snkrdunk.com/upload_bg_removed/20220901040145-0.webp,CRD_69C818D4E150495ABB8B,레쿠쟈 EX,0.6905,SPECIAL_PROMO_REVIEW
pkmn-tcg-429,429,,,基本闘エネルギー 20thアニバーサリー: プロモ[XY-P](プロモーションカード「XY-P」),0,93131,https://cdn.snkrdunk.com/upload_bg_removed/20240816020737-9.webp,,,,SPECIAL_PROMO_REVIEW
pkmn-tcg-430,430,,,基本鋼エネルギー 20thアニバーサリー: プロモ[XY-P](プロモーションカード「XY-P」),0,93132,https://cdn.snkrdunk.com/upload_bg_removed/20220901034338-0.webp,,,,SPECIAL_PROMO_REVIEW
pkmn-tcg-708,708,,,ディアルガ: プロモ[L-P 074/L-P](プロモーションカード「L-P」),0,93165,https://cdn.snkrdunk.com/upload_bg_removed/20240810020602-5.webp,CRD_40ACC9AF379C44558884,디아루가,0.8364,SPECIAL_PROMO_REVIEW
pkmn-tcg-712,712,,,カイオーガ: プロモ[L-P 071/L-P](プロモーションカード「L-P」),2,93168,https://cdn.snkrdunk.com/upload_bg_removed/20220901050551-0.webp,,,,SPECIAL_PROMO_REVIEW
pkmn-tcg-720,720,,,ウツギはかせの育てかた: プロモ[L-P 023/L-P](プロモーションカード「L-P」),0,93170,https://cdn.snkrdunk.com/upload_bg_removed/20220901050902-0.webp,,,,SPECIAL_PROMO_REVIEW
pkmn-tcg-705,705,,,レックウザ: プロモ[L-P 075/L-P](プロモーションカード「L-P」),3,93164,https://cdn.snkrdunk.com/upload_bg_removed/20240816024345-0.webp,,,,SPECIAL_PROMO_REVIEW
pkmn-tcg-711,711,,,グラードン: プロモ[L-P 072/L-P](プロモーションカード「L-P」),2,93167,https://cdn.snkrdunk.com/upload_bg_removed/20220901050316-0.webp,CRD_8EA74EA746054746A291,기라티나,0.7094,SPECIAL_PROMO_REVIEW
pkmn-tcg-599,599,,,テラキオン P [BW-P 038/BW-P](プロモーションカード「バトル激強化キャンペーン」),0,93149,https://cdn.snkrdunk.com/upload_bg_removed/20220901042303-0.webp,,,,SPECIAL_PROMO_REVIEW
pkmn-tcg-700,700,,,ライチュウ: プロモ[L-P 044/L-P](プロモーションカード「L-P」),0,93161,https://cdn.snkrdunk.com/upload_bg_removed/20220901045448-0.webp,,,,SPECIAL_PROMO_REVIEW
pkmn-tcg-717,717,,,デオキシス: プロモ[L-P 076/L-P](プロモーションカード「L-P」),0,93169,https://cdn.snkrdunk.com/upload_bg_removed/20220901050709-0.webp,,,,SPECIAL_PROMO_REVIEW
pkmn-tcg-697,697,,,マスターのカギ: プロモ[L-P 068/L-P](プロモーションカード「L-P」),0,93158,https://cdn.snkrdunk.com/upload_bg_removed/20220901045104-0.webp,,,,SPECIAL_PROMO_REVIEW
pkmn-tcg-710,710,,,パルキア: プロモ[L-P 073/L-P](プロモーションカード「L-P」),1,93166,https://cdn.snkrdunk.com/upload_bg_removed/20220901050135-0.webp,CRD_D964095CC14B4504BFB1,초염몽,0.7225,SPECIAL_PROMO_REVIEW
pkmn-tcg-593,593,,,トロピカルビーチ [BW-P](プロモーションカード「ポケモンワールドチャンピオンシップス2012 参加賞」),0,93144,https://cdn.snkrdunk.com/upload_bg_removed/20220901041535-0.webp,,,,SPECIAL_PROMO_REVIEW
pkmn-tcg-701,701,,,モノマネむすめ: プロモ[L-P 024/L-P](プロモーションカード「L-P」),1,93162,https://cdn.snkrdunk.com/upload_bg_removed/20220901045611-0.webp,,,,SPECIAL_PROMO_REVIEW
pkmn-tcg-703,703,,,ツボツボ: プロモ[L-P 067/L-P](プロモーションカード「L-P」),0,93163,https://cdn.snkrdunk.com/upload_bg_removed/20220901045805-0.webp,,,,SPECIAL_PROMO_REVIEW
pkmn-tcg-698,698,,,エンテイ: プロモ[L-P 062/L-P](プロモーションカード「L-P」),1,93159,https://cdn.snkrdunk.com/upload_bg_removed/20220901045222-0.webp,CRD_2521A01014064B6586BA,앤테이 EX,0.6888,SPECIAL_PROMO_REVIEW
pkmn-tcg-762,762,,,ダークライ [DP-P 046](プロモーションカード「映画 ディアルガVSパルキアVSダークライ 劇場入場者プレゼントカード」),70,93189,https://cdn.snkrdunk.com/upload_bg_removed/20240810020602-4.webp,,,,SPECIAL_PROMO_REVIEW
pkmn-tcg-763,763,,,トロピカルウインド2009: プロモ[DPt-P](プロモーションカード「DPt-P」),0,93190,https://cdn.snkrdunk.com/upload_bg_removed/20220902013805-0.webp,,,,SPECIAL_PROMO_REVIEW
pkmn-tcg-764,764,,,クレセリア: プロモ[DPt-P 045/DPt-P](プロモーションカード「DPt-P」),0,93191,https://cdn.snkrdunk.com/upload_bg_removed/20220901065124-0.webp,CRD_D4D97671FD8C454A8A1C,크레세리아,0.6691,SPECIAL_PROMO_REVIEW
pkmn-tcg-761,761,,,ギザみみピチューM [010/022](プロモーションカード「映画公開記念ランダムパック2009」),10,614304,https://cdn.snkrdunk.com/upload_bg_removed/20250610022818-0.webp,,,,SPECIAL_PROMO_REVIEW
pkmn-tcg-765,765,,,ピカチュウ: プロモ[DPt-P 016/DPt-P](プロモーションカード「DPt-P」),1,93192,https://cdn.snkrdunk.com/upload_bg_removed/20220901065328-0.webp,CRD_79D926D3E72B4438C2AB,팀 플라즈마 보스 피카츄,0.625,SPECIAL_PROMO_REVIEW
pkmn-tcg-805,805,,,ポケモンパルシティ 関東: プロモ[DP-P](プロモーションカード「DP-P」),2,93213,https://cdn.snkrdunk.com/upload_bg_removed/20220901072912-0.webp,CRD_B6294903334744A58D01,지우의 피카츄,0.6366,SPECIAL_PROMO_REVIEW
pkmn-tcg-798,798,,,勝利のメダル ジム☆チャレンジ2006: プロモ[DP-P](プロモーションカード「DP-P」),5,93207,https://cdn.snkrdunk.com/upload_bg_removed/20240711070736-0.webp,,,,SPECIAL_PROMO_REVIEW
pkmn-tcg-807,807,,,勝利のメダル 金メダル: プロモ[DP-P](プロモーションカード「DP-P」),3,93214,https://cdn.snkrdunk.com/upload_bg_removed/20240810022904-1.webp,,,,SPECIAL_PROMO_REVIEW
pkmn-tcg-770,770,,,ピカチュウM ムービー LV.X: プロモ[DPt-P 043/DPt-P](プロモーションカード「DPt-P」),18,93194,https://cdn.snkrdunk.com/upload_bg_removed/20240811081537-7.webp,CRD_2951B02D3BE7488DA649,피카츄,0.6587,SPECIAL_PROMO_REVIEW
pkmn-tcg-768,768,,,カビゴンLV.X: プロモ[DP-P 127/DP-P](プロモーションカード「DP-P」),8,93193,https://cdn.snkrdunk.com/upload_bg_removed/20220901065611-0.webp,CRD_494E55E7C59E4B6DA4E3,야도란 EX,0.7563,SPECIAL_PROMO_REVIEW
pkmn-tcg-810,810,,,ハマナのリサーチ: プロモ[DP-P](プロモーションカード「DP-P」),1,93215,https://cdn.snkrdunk.com/upload_bg_removed/20220819030724-0.webp,,,,SPECIAL_PROMO_REVIEW
pkmn-tcg-840,840,,,δレインボーエネルギー: プロモ[PCG-P 149/PCG-P](プロモーションカード「PCG-P」),0,93231,https://cdn.snkrdunk.com/upload_bg_removed/20240810085742-9.webp,,,,SPECIAL_PROMO_REVIEW
pkmn-tcg-802,802,,,ミステリアス・パール: プロモ[DP-P](プロモーションカード「DP-P」),2,93210,https://cdn.snkrdunk.com/upload_bg_removed/20220901072412-0.webp,,,,SPECIAL_PROMO_REVIEW
pkmn-tcg-838,838,,,ミュウex: プロモ[PCG-P 007/PLAY](プロモーションカード「PCG-P」),2,93229,https://cdn.snkrdunk.com/upload_bg_removed/20220901075554-0.webp,CRD_4CB4D847706A453D8A1F,빛나는 뮤,0.7403,SPECIAL_PROMO_REVIEW
pkmn-tcg-799,799,,,時空のゆがみ: プロモ[DP-P](プロモーションカード「DP-P」),0,93208,https://cdn.snkrdunk.com/upload_bg_removed/20240810022904-6.webp,,,,SPECIAL_PROMO_REVIEW
pkmn-tcg-820,820,,,タッチ交換！: プロモ[DP-P](プロモーションカード「DP-P」),0,93222,https://cdn.snkrdunk.com/upload_bg_removed/20220819032008-0.webp,,,,SPECIAL_PROMO_REVIEW
pkmn-tcg-803,803,,,バトルロードスタジアム: プロモ[DP-P](プロモーションカード「DP-P」),0,93211,https://cdn.snkrdunk.com/upload_bg_removed/20220901072523-0.webp,,,,SPECIAL_PROMO_REVIEW
pkmn-tcg-835,835,,,ブースター☆: プロモ[PCG-P 024/PLAY](プロモーションカード「PCG-P」),0,93226,https://cdn.snkrdunk.com/upload_bg_removed/20240810035456-2.webp,,,,SPECIAL_PROMO_REVIEW
pkmn-tcg-822,822,,,パルキア: プロモ[DP-P 006/PPP](プロモーションカード「DP-P」),1,93223,https://cdn.snkrdunk.com/upload_bg_removed/20240810085742-7.webp,,,,SPECIAL_PROMO_REVIEW
pkmn-tcg-801,801,,,ディアルガLV.63: プロモ[DP-P 005/PPP](プロモーションカード「DP-P」),4,93209,https://cdn.snkrdunk.com/upload_bg_removed/20240810085742-6.webp,,,,SPECIAL_PROMO_REVIEW
pkmn-tcg-811,811,,,オーキドはかせの訪問: プロモ[DP-P](プロモーションカード「DP-P」),0,93216,https://cdn.snkrdunk.com/upload_bg_removed/20240810022905-9.webp,,,,SPECIAL_PROMO_REVIEW
pkmn-tcg-797,797,,,ダークライ: プロモ[DP-P 007/PPP](プロモーションカード「DP-P」),6,93206,https://cdn.snkrdunk.com/upload_bg_removed/20240810085741-5.webp,,,,SPECIAL_PROMO_REVIEW
pkmn-tcg-824,824,,,ゴージャスボール: プロモ[DP-P](プロモーションカード「DP-P」),0,93224,https://cdn.snkrdunk.com/upload_bg_removed/20240810035456-3.webp,,,,SPECIAL_PROMO_REVIEW
pkmn-tcg-836,836,,,バトルロードスタジアム: プロモ[PCG-P 117/PCG-P](プロモーションカード「PCG-P」),0,93227,https://cdn.snkrdunk.com/upload_bg_removed/20220901075229-0.webp,,,,SPECIAL_PROMO_REVIEW
pkmn-tcg-845,845,,,基本炎エネルギー: キラ/プロモ[PCG-P 056/PCG-P](プロモーションカード「PCG-P」),0,93236,https://cdn.snkrdunk.com/upload_bg_removed/20220901100018-0.webp,CRD_6E0B4C84AEBB48D9ACE6,붐볼,0.6514,SPECIAL_PROMO_REVIEW
pkmn-tcg-860,860,,,グラードンex: プロモ[PCG-P 028/PLAY](プロモーションカード「PCG-P」),0,93244,https://cdn.snkrdunk.com/upload_bg_removed/20240810083051-1.webp,,,,SPECIAL_PROMO_REVIEW
pkmn-tcg-849,849,,,基本水エネルギー: キラ/プロモ[PCG-P 057/PCG-P](プロモーションカード「PCG-P」),0,93239,https://cdn.snkrdunk.com/upload_bg_removed/20240816015121-7.webp,CRD_6E0B4C84AEBB48D9ACE6,붐볼,0.6486,SPECIAL_PROMO_REVIEW
pkmn-tcg-844,844,,,セレビィex: プロモ[PCG-P 006/PLAY](プロモーションカード「PCG-P」),3,93235,https://cdn.snkrdunk.com/upload_bg_removed/20240810085741-4.webp,,,,SPECIAL_PROMO_REVIEW
pkmn-tcg-851,851,,,基本闘エネルギー: キラ/プロモ[PCG-P 060/PCG-P](プロモーションカード「PCG-P」),0,93240,https://cdn.snkrdunk.com/upload_bg_removed/20221015020240-0.webp,CRD_6E0B4C84AEBB48D9ACE6,붐볼,0.6477,SPECIAL_PROMO_REVIEW
pkmn-tcg-842,842,,,基本超エネルギー: キラ/プロモ[PCG-P 059/PCG-P](プロモーションカード「PCG-P」),0,93233,https://cdn.snkrdunk.com/upload_bg_removed/20240816015122-8.webp,,,,SPECIAL_PROMO_REVIEW
pkmn-tcg-848,848,,,基本草エネルギー: キラ/プロモ[PCG-P 055/PCG-P](プロモーションカード「PCG-P」),0,93238,https://cdn.snkrdunk.com/upload_bg_removed/20240810083053-8.webp,,,,SPECIAL_PROMO_REVIEW
pkmn-tcg-846,846,,,基本雷エネルギー: キラ/プロモ[PCG-P 058/PCG-P](プロモーションカード「PCG-P」),0,93237,https://cdn.snkrdunk.com/upload_bg_removed/20240810083053-9.webp,CRD_6E0B4C84AEBB48D9ACE6,붐볼,0.6924,SPECIAL_PROMO_REVIEW
pkmn-tcg-843,843,,,リアクトエネルギー: プロモ[PCG-P 095/PCG-P](プロモーションカード「PCG-P」),0,93234,https://cdn.snkrdunk.com/upload_bg_removed/20220901100124-0.webp,,,,SPECIAL_PROMO_REVIEW
pkmn-tcg-841,841,,,R団のペルシアンex: プロモ[PCG-P 053/PCG-P](プロモーションカード「PCG-P」),0,93232,https://cdn.snkrdunk.com/upload_bg_removed/20220901100229-0.webp,,,,SPECIAL_PROMO_REVIEW
pkmn-tcg-866,866,,,ホロンエネルギー SYN GL: プロモ[PCG-P 114/PCG-P](プロモーションカード「PCG-P」),0,93248,https://cdn.snkrdunk.com/upload_bg_removed/20240810072310-5.webp,,,,SPECIAL_PROMO_REVIEW
pkmn-tcg-852,852,,,ミュウδ-デルタ種: プロモ[PCG-P 148/PCG-P](プロモーションカード「PCG-P」),0,93241,https://cdn.snkrdunk.com/upload_bg_removed/20220901095738-0.webp,CRD_4CB4D847706A453D8A1F,빛나는 뮤,0.6639,SPECIAL_PROMO_REVIEW
pkmn-tcg-867,867,,,ホロンエネルギー SYN FF: プロモ[PCG-P 115/PCG-P](プロモーションカード「PCG-P」),0,93249,https://cdn.snkrdunk.com/upload_bg_removed/20240810072309-4.webp,,,,SPECIAL_PROMO_REVIEW
pkmn-tcg-868,868,,,ホロンエネルギー SYN WP: プロモ[PCG-P 116/PCG-P](プロモーションカード「PCG-P」),0,93250,https://cdn.snkrdunk.com/upload_bg_removed/20240810072310-6.webp,,,,SPECIAL_PROMO_REVIEW
pkmn-tcg-879,879,,,ピチュー兄弟: プロモ[PCG-P 078/PCG-P](プロモーションカード「PCG-P」),0,93254,https://cdn.snkrdunk.com/upload_bg_removed/20240810072310-9.webp,,,,SPECIAL_PROMO_REVIEW
pkmn-tcg-861,861,,,R団のライコウex: プロモ[PCG-P 035/PCG-P](プロモーションカード「PCG-P」),0,93246,https://cdn.snkrdunk.com/upload_bg_removed/20221015041232-0.webp,CRD_9C6FB71861F94FB98F11,라이코 EX,0.6566,SPECIAL_PROMO_REVIEW
pkmn-tcg-871,871,,,マスターボール: プロモ[PCG-P 018/PLAY](プロモーションカード「PCG-P」),0,93251,https://cdn.snkrdunk.com/upload_bg_removed/20220901095003-0.webp,,,,SPECIAL_PROMO_REVIEW
pkmn-tcg-872,872,,,ダークメタルエネルギー: プロモ[PCG-P 054/PCG-P](プロモーションカード「PCG-P」),0,93252,https://cdn.snkrdunk.com/upload_bg_removed/20220901094929-0.webp,,,,SPECIAL_PROMO_REVIEW
pkmn-tcg-854,854,,,セレビィex: プロモ[PCG-P 052/PCG-P](プロモーションカード「PCG-P」),0,93242,https://cdn.snkrdunk.com/upload_bg_removed/20220901095613-0.webp,CRD_391EF36F49824C58965F,세레비 EX,0.7972,SPECIAL_PROMO_REVIEW
pkmn-tcg-865,865,,,ポケモンだいすきクラブ: プロモ[PCG-P 096/PCG-P](プロモーションカード「PCG-P」),0,93247,https://cdn.snkrdunk.com/upload_bg_removed/20220901095224-0.webp,,,,SPECIAL_PROMO_REVIEW
pkmn-tcg-878,878,,,スクランブルエネルギー: プロモ[PCG-P 021/PCG-P](プロモーションカード「PCG-P」),0,93253,https://cdn.snkrdunk.com/upload_bg_removed/20220901094854-0.webp,,,,SPECIAL_PROMO_REVIEW
pkmn-tcg-880,880,,,ミュウ: プロモ[PCG-P 080/PCG-P](プロモーションカード「PCG-P」),0,93255,https://cdn.snkrdunk.com/upload_bg_removed/20240719054647-0.webp,CRD_2FB8CA83CF9D40F1A071,뮤 ex,0.7634,SPECIAL_PROMO_REVIEW
pkmn-tcg-1337,1337,,,古代ミュウ Wizards表記 : 旧裏/プロモ[PMCG-P](プロモーションカード「映画 幻のポケモン ルギア爆誕」北米版),9,93314,https://cdn.snkrdunk.com/upload_bg_removed/47eac3aa-1521-4c35-a768-4d282701a877.webp,,,,SPECIAL_PROMO_REVIEW
pkmn-tcg-1329,1329,,,ガルーラ 親子大会: 旧裏/プロモ[PMCG-P No.115](プロモーションカード「PMCG-P」),0,93311,https://cdn.snkrdunk.com/upload_bg_removed/20220901090058-0.webp,,,,SPECIAL_PROMO_REVIEW
pkmn-tcg-1328,1328,,,No.3 トレーナー 1997年 : 旧裏/プロモ[PMCG-P](プロモーションカード「第2回ポケモンカードトーナメント三位」),0,93310,https://cdn.snkrdunk.com/upload_bg_removed/20241129041232-2.webp,CRD_E1B6948E73434311B499,피카츄 EX,0.6487,SPECIAL_PROMO_REVIEW
pkmn-tcg-1327,1327,,,No.1 トレーナー 1997年: 旧裏/プロモ[PMCG-P](プロモーションカード「第2回ポケモンカードトーナメント優勝」),0,93309,https://cdn.snkrdunk.com/upload_bg_removed/20241129041231-0.webp,CRD_646451564B014C19BB2E,피카츄 EX,0.6391,SPECIAL_PROMO_REVIEW
pkmn-tcg-1331,1331,,,古代ミュウ 後期修正版 : 旧裏/プロモ[PMCG-P](プロモーションカード「映画 幻のポケモン ルギア爆誕」Nintendo表記・Wizards表記なし),9,93312,https://cdn.snkrdunk.com/upload_bg_removed/20241128051134-0.webp,,,,SPECIAL_PROMO_REVIEW
pkmn-tcg-1335,1335,,,リザードン: 旧裏/プロモ[PMCG-P No.006](プロモーションカード「PMCG-P」),17,93313,https://cdn.snkrdunk.com/upload_bg_removed/20241128030030-0.webp,,,,SPECIAL_PROMO_REVIEW
pkmn-tcg-1338,1338,,,古代ミュウ 前期修正版 : 旧裏/プロモ[PMCG-P](プロモーションカード「映画 幻のポケモン ルギア爆誕」 Nintendo 表記),5,93315,https://cdn.snkrdunk.com/upload_bg_removed/20241128050543-0.webp,,,,SPECIAL_PROMO_REVIEW
pkmn-tcg-1351,1351,,,ニャース: 旧裏/プロモ[PMCG-P](プロモーションカード「コロコロコミック 1998年 1月号 付録」),6,93319,https://cdn.snkrdunk.com/upload_bg_removed/20240811083546-3.webp,,,,SPECIAL_PROMO_REVIEW
pkmn-tcg-1354,1354,,,ミュウ 光沢: 旧裏/プロモ[PMCG-P No.151](プロモーションカード「PMCG-P」),28,93321,https://cdn.snkrdunk.com/upload_bg_removed/20240811083547-6.webp,CRD_4CB4D847706A453D8A1F,빛나는 뮤,0.7005,SPECIAL_PROMO_REVIEW
pkmn-tcg-1346,1346,,,古代ミュウ エラー 前期版 : 旧裏/プロモ[PMCG-P](プロモーションカード「映画 幻のポケモン ルギア爆誕」Nintedo n抜け 表記),47,93317,https://cdn.snkrdunk.com/upload_bg_removed/20241128044007-0.webp,,,,SPECIAL_PROMO_REVIEW
pkmn-tcg-1352,1352,,,プリン コロコロ: 旧裏/プロモ[PMCG-P No.039](プロモーションカード「PMCG-P」),6,93320,https://cdn.snkrdunk.com/upload_bg_removed/20240811083546-4.webp,,,,SPECIAL_PROMO_REVIEW
pkmn-tcg-1355,1355,,,ミュウツー 光沢: 旧裏/プロモ[PMCG-P No.150](プロモーションカード「ワールドホビーフェア」),15,93322,https://cdn.snkrdunk.com/upload_bg_removed/20240811083809-0.webp,CRD_C1608F37F71B44D08013,M뮤츠 EX,0.6916,SPECIAL_PROMO_REVIEW
pkmn-tcg-1359,1359,,,ナッシー［Exeggutor］HP80 光沢なし: 旧裏/プロモ[PMCG-P No.103](プロモーションカード「PMCG-P」),0,93324,https://cdn.snkrdunk.com/upload_bg_removed/20240816020736-3.webp,,,,SPECIAL_PROMO_REVIEW
pkmn-tcg-6,6,,,ビクティニV: エラー/プロモ[S-P 243](プロモーションカード「S-P」),2,93334,https://cdn.snkrdunk.com/upload_bg_removed/20220901082147-0.webp,CRD_8D64C44C0FE64E8EA849,비크티니 V,0.7492,SPECIAL_PROMO_REVIEW
pkmn-tcg-2,2,,,シャワーズVMAX 夏ポケカ: プロモ[S-P 187](プロモーションカード「S-P」),14,93332,https://cdn.snkrdunk.com/upload_bg_removed/20240611024516-0.webp,CRD_E493F0082A45481EA7EE,샤미드 V,0.6209,SPECIAL_PROMO_REVIEW
pkmn-tcg-18,18,,,サンダースVMAX 夏ポケカ: プロモ[S-P 188](プロモーションカード「S-P」),17,93333,https://cdn.snkrdunk.com/upload_bg_removed/20240611024452-0.webp,,,,SPECIAL_PROMO_REVIEW
pkmn-tcg-959,959,,,レックウザ[PCG-P 009/009](プロモーションカード「PCG-P」),0,93272,https://cdn.snkrdunk.com/upload_bg_removed/20240810072310-8.webp,CRD_6D78C3030D7942CB9EF0,레쿠쟈 EX,0.7268,SPECIAL_PROMO_REVIEW
pkmn-tcg-1463,1463,,,ギャラドス : プロモ [SNAP 130] (「ポケモンスナップ ベストフォトコンテスト」),0,93360,https://cdn.snkrdunk.com/upload_bg_removed/20220901074146-0.webp,,,,SPECIAL_PROMO_REVIEW
pkmn-tcg-1019,1019,,,ブラッキー: プロモ[eP 025/P](プロモーションカード「e-P」),0,93283,https://cdn.snkrdunk.com/upload_bg_removed/20240810072309-3.webp,,,,SPECIAL_PROMO_REVIEW
pkmn-tcg-1462,1462,,,フリーザー : プロモ [SNAP 144] (「ポケモンスナップ ベストフォトコンテスト」),0,93359,https://cdn.snkrdunk.com/upload_bg_removed/20220901074303-0.webp,CRD_ACE1406D88444132AE41,프리져 EX플라스마단,0.7111,SPECIAL_PROMO_REVIEW
pkmn-tcg-1459,1459,,,ラッキー : プロモ [SNAP 113] (「ポケモンスナップ ベストフォトコンテスト」),0,93356,https://cdn.snkrdunk.com/upload_bg_removed/20220819021452-0.webp,,,,SPECIAL_PROMO_REVIEW
pkmn-tcg-1460,1460,,,ニョロモ : プロモ [SNAP 060] (「ポケモンスナップ ベストフォトコンテスト」),0,93357,https://cdn.snkrdunk.com/upload_bg_removed/20220901074538-0.webp,,,,SPECIAL_PROMO_REVIEW
pkmn-tcg-1024,1024,,,ミュウ: プロモ[eP 033/P](プロモーションカード「e-P」),1,93284,https://cdn.snkrdunk.com/upload_bg_removed/20231214042201-0.webp,CRD_D7F007D1EFC04DE9A1AF,뮤츠 EX,0.6226,SPECIAL_PROMO_REVIEW
pkmn-tcg-1043,1043,,,ピカチュウ: プロモ[eP 021/P](プロモーションカード「e-P」),1,93285,https://cdn.snkrdunk.com/upload_bg_removed/20240812091048-5.webp,,,,SPECIAL_PROMO_REVIEW
pkmn-tcg-1458,1458,,,コイキング : プロモ [SNAP 129] (「ポケモンスナップ ベストフォトコンテスト」),0,93355,https://cdn.snkrdunk.com/upload_bg_removed/20250206100957-1.webp,,,,SPECIAL_PROMO_REVIEW
pkmn-tcg-1461,1461,,,ドガース : プロモ [SNAP 109] (「ポケモンスナップ ベストフォトコンテスト」),0,93358,https://cdn.snkrdunk.com/upload_bg_removed/20250206100956-0.webp,CRD_B71FB8408EAC4867A18F,모야모의 찌리배리 ex,0.6312,SPECIAL_PROMO_REVIEW
pkmn-tcg-1466,1466,,,フシギダネ : プロモ [SNAP 001] (「ポケモンスナップ ベストフォトコンテスト」),0,93363,https://cdn.snkrdunk.com/upload_bg_removed/20220902014633-0.webp,,,,SPECIAL_PROMO_REVIEW
pkmn-tcg-1465,1465,,,ゼニガメ : プロモ [SNAP 007] (「ポケモンスナップ ベストフォトコンテスト」),0,93362,https://cdn.snkrdunk.com/upload_bg_removed/20240811081536-3.webp,,,,SPECIAL_PROMO_REVIEW
pkmn-tcg-1301,1301,,,ヒノアラシ チャンピオンロード2000: 旧裏/プロモ[neo-P](プロモーションカード「neo-P」),0,93300,https://cdn.snkrdunk.com/upload_bg_removed/20221015021917-0.webp,,,,SPECIAL_PROMO_REVIEW
pkmn-tcg-1299,1299,,,ワニノコ チャンピオンロード2000: 旧裏/プロモ[neo-P](プロモーションカード「neo-P」),0,93298,https://cdn.snkrdunk.com/upload_bg_removed/20220901091643-0.webp,,,,SPECIAL_PROMO_REVIEW
pkmn-tcg-1300,1300,,,チコリータ チャンピオンロード2000: 旧裏/プロモ[neo-P](プロモーションカード「neo-P」),0,93299,https://cdn.snkrdunk.com/upload_bg_removed/20240810072309-1.webp,,,,SPECIAL_PROMO_REVIEW
pkmn-tcg-1469,1469,,,ブラッキー☆ プレイヤーズプロモ版,0,93366,https://cdn.snkrdunk.com/upload_bg_removed/20221226020752-0.webp,,,,SPECIAL_PROMO_REVIEW
pkmn-tcg-1464,1464,,,ヒトカゲ : プロモ [SNAP 004] (「ポケモンスナップ ベストフォトコンテスト」),0,93361,https://cdn.snkrdunk.com/upload_bg_removed/20220819022427-0.webp,,,,SPECIAL_PROMO_REVIEW
pkmn-tcg-1467,1467,,,ポケモンイラストレーター P : 旧裏 [PMCG-P](プロモーションカード「イラストアーティストコンテスト」),0,93364,https://cdn.snkrdunk.com/upload_bg_removed/20241130081259-0.webp,CRD_2C540CA835784066A98A,M메타그로스 EX,0.6324,SPECIAL_PROMO_REVIEW
pkmn-tcg-1045,1045,,,ヤドキング: プロモ[PROMO E 006/T](エキスパートデッキ「リーフィアVSメタグロス+Online」メタグロスデッキ),2,93297,https://cdn.snkrdunk.com/upload_bg_removed/20240816024650-0.webp,,,,SPECIAL_PROMO_REVIEW
pkmn-tcg-1474,1474,,,ラッキースタジアム P : 旧裏 [neo-P](プロモーションカード「トロピカルメガバトル in ハワイ」),0,93371,https://cdn.snkrdunk.com/upload_bg_removed/20220901072916-0.webp,,,,SPECIAL_PROMO_REVIEW
pkmn-tcg-16,16,,,ピカチュウ セブンイレブン: プロモ[S-P 001](プロモーションカード「S-P」),68,93381,https://cdn.snkrdunk.com/upload_bg_removed/20220901071804-0.webp,CRD_B6BEB22D4E0AE7AADC2865D17E9AE564,피카츄 (SWSH020 프로모),0.8403,SPECIAL_PROMO_REVIEW
pkmn-tcg-1476,1476,,,ひかるコイキング P : 旧裏 [neo-P](プロモーションカード「ポケモンカードファンクラブ」),4,93373,https://cdn.snkrdunk.com/upload_bg_removed/20221124084345-0.webp,,,,SPECIAL_PROMO_REVIEW
pkmn-tcg-1472,1472,,,エーフィ☆ プレイヤーズプロモ版,0,93369,https://cdn.snkrdunk.com/upload_bg_removed/20220901073124-0.webp,,,,SPECIAL_PROMO_REVIEW
pkmn-tcg-1706,1706,,HR,ルカリオVSTAR HR: 争奪戦プロモ[S-P 305](プロモーションカード「S-P」),19,98403,https://cdn.snkrdunk.com/upload_bg_removed/20221003081026-1.webp,CRD_1F42D34F4DCB4A0DA99D,루카리오 VSTAR,0.8669,SPECIAL_PROMO_REVIEW
pkmn-tcg-1709,1709,,,ジュン: プロモ[S-P 303](プロモーションカード「S-P」) ,1,98513,https://cdn.snkrdunk.com/upload_bg_removed/20221003081026-2.webp,,,,SPECIAL_PROMO_REVIEW
pkmn-tcg-1707,1707,,SR,ルカリオV SR: 争奪戦プロモ (シールド戦ルカリオ) [S-P 304](プロモーションカード「S-P」),41,98512,https://cdn.snkrdunk.com/upload_bg_removed/20221003081026-0.webp,,,,SPECIAL_PROMO_REVIEW
pkmn-tcg-1710,1710,,,レシラム: プロモ[S8a-P 020/025](プロモカードパック 25th ANNIVERSARY edition) ,168,98529,https://cdn.snkrdunk.com/upload_bg_removed/20221004015410-3.webp,CRD_3E0AD8CAAB4F44D5B183,레시라무,0.8198,SPECIAL_PROMO_REVIEW
pkmn-tcg-1711,1711,,,ゼクロム: プロモ[S8a-P 021/025](プロモカードパック 25th ANNIVERSARY edition) ,178,98530,https://cdn.snkrdunk.com/upload_bg_removed/20221004015409-0.webp,CRD_007D898667D84D8F9B7E,제크로무,0.9306,SPECIAL_PROMO_REVIEW
pkmn-tcg-1713,1713,,,ミュウツーEX: プロモ[S8a-P 022/025](プロモカードパック 25th ANNIVERSARY edition),209,98532,https://cdn.snkrdunk.com/upload_bg_removed/20221004015410-4.webp,CRD_9AA3BC6CA44A482D92F5,뮤츠 EX,0.8089,SPECIAL_PROMO_REVIEW
pkmn-tcg-1714,1714,,,わるいギャラドス: プロモ[S8a-P 005/025](プロモカードパック 25th ANNIVERSARY edition),143,98533,https://cdn.snkrdunk.com/upload_bg_removed/20221004015409-1.webp,CRD_F03763FBF2254275956B,M썬더볼트 EX,0.6895,SPECIAL_PROMO_REVIEW
pkmn-tcg-1712,1712,,,ミュウex: プロモ[S8a-P 014/025](プロモカードパック 25th ANNIVERSARY edition),176,98531,https://cdn.snkrdunk.com/upload_bg_removed/20221004015410-2.webp,CRD_4CB4D847706A453D8A1F,빛나는 뮤,0.7235,SPECIAL_PROMO_REVIEW
pkmn-tcg-1715,1715,,,MレックウザEX: プロモ[S8a-P 024/025](プロモカードパック 25th ANNIVERSARY edition),410,98534,https://cdn.snkrdunk.com/upload_bg_removed/20221004015410-5.webp,CRD_0BDC07CD5DF04DCC8A26,M레쿠쟈 EX,0.8424,SPECIAL_PROMO_REVIEW
pkmn-tcg-3130,3130,,,レジエレキV : プロモ[S-P 319](プロモーションカード「S-P」),0,100540,https://cdn.snkrdunk.com/upload_bg_removed/20221020110514-0.webp,CRD_ABED7ECAA2C04766839E,피카츄 V,0.6539,SPECIAL_PROMO_REVIEW
pkmn-tcg-3128,3128,,,レジドラゴV : プロモ[S-P 321](プロモーションカード「S-P」),5,100542,https://cdn.snkrdunk.com/upload_bg_removed/20221020110515-2.webp,,,,SPECIAL_PROMO_REVIEW
pkmn-tcg-3129,3129,,,アンノーンV : プロモ[S-P 320](プロモーションカード「S-P」),1,100541,https://cdn.snkrdunk.com/upload_bg_removed/20221020110515-1.webp,CRD_2A25393A383641F7BD29,안농 VSTAR,0.7458,SPECIAL_PROMO_REVIEW
pkmn-tcg-3127,3127,,,ルギアV : プロモ[S-P 322](プロモーションカード「S-P」),42,100543,https://cdn.snkrdunk.com/upload_bg_removed/20221020110515-3.webp,CRD_D0431A834EF34574BAAD,루기아 GX,0.6268,SPECIAL_PROMO_REVIEW
pkmn-tcg-1792,1792,,,シェイミ: プロモ[326 S-P](プロモーションカード「S-P」),5,100595,https://cdn.snkrdunk.com/upload_bg_removed/20230322015151-0.webp,CRD_6393EBE4F2594F90B558,쉐이미 EX,0.7995,SPECIAL_PROMO_REVIEW
pkmn-tcg-1794,1794,,,ダブルターボエネルギー: プロモ[328 S-P](プロモーションカード「S-P」),1,100597,https://cdn.snkrdunk.com/upload_bg_removed/20230322014830-0.webp,,,,SPECIAL_PROMO_REVIEW
pkmn-tcg-1790,1790,,,ルギアV: プロモ[324 S-P](プロモーションカード「S-P」),68,100593,https://cdn.snkrdunk.com/upload_bg_removed/20230322014936-0.webp,CRD_19B52BB682954C4DB699,루기아 V,0.8549,SPECIAL_PROMO_REVIEW
pkmn-tcg-1793,1793,,,アーケオス: プロモ[327 S-P](プロモーションカード「S-P」),2,100596,https://cdn.snkrdunk.com/upload_bg_removed/20230320095513-0.webp,,,,SPECIAL_PROMO_REVIEW
pkmn-tcg-1791,1791,,,ルギアVSTAR: プロモ[325 S-P](プロモーションカード「S-P」),25,100594,https://cdn.snkrdunk.com/upload_bg_removed/20230322015036-0.webp,CRD_DBF5F6102B314663AA38,루기아 VSTAR,0.6465,SPECIAL_PROMO_REVIEW
pkmn-tcg-3104,3104,,,ピカチュウ: プロモ[323 S-P](プロモーションカード「プレシャス コレクターボックス ソード&シールド」),120,104514,https://cdn.snkrdunk.com/upload_bg_removed/20221122012508-0.webp,CRD_E81BE663681D40F082FC,피카츄,0.9193,SPECIAL_PROMO_REVIEW
pkmn-tcg-SVP,SVP,,,ピカチュウ: プロモ [001/SV-P](プロモーションカード「SV-P」),525,104784,https://cdn.snkrdunk.com/upload_bg_removed/20250805071137-0.webp,CRD_60F01E549A5F4ED5BCAB,피카츄,0.8013,SPECIAL_PROMO_REVIEW
pkmn-tcg-6032,6032,,,パソコン通信 エクストラバトルの日: プロモ P [S-P 350](プロモーションカード「S-P」),0,106736,https://cdn.snkrdunk.com/upload_bg_removed/20221212072759-0.webp,,,,SPECIAL_PROMO_REVIEW
pkmn-tcg-2425,2425,,,マリィ エクストラバトルの日: プロモ[S-P 340](プロモーションカード「S-P」),36,106726,https://cdn.snkrdunk.com/upload_bg_removed/20221212072154-0.webp,,,,SPECIAL_PROMO_REVIEW
pkmn-tcg-2432,2432,,,かるいし エクストラバトルの日: プロモ P [S-P 347](プロモーションカード「S-P」),0,106733,https://cdn.snkrdunk.com/upload_bg_removed/20221212072627-0.webp,,,,SPECIAL_PROMO_REVIEW
pkmn-tcg-6023,6023,,,ダウジングマシン エクストラバトルの日: プロモ P [S-P 349](プロモーションカード「S-P」),0,106735,https://cdn.snkrdunk.com/upload_bg_removed/20221212072731-0.webp,,,,SPECIAL_PROMO_REVIEW
pkmn-tcg-6034,6034,,,バトルコンプレッサー エクストラバトルの日: プロモ P [S-P 345][PROMO345 S-P](プロモーションカード「S-P」),0,106731,https://cdn.snkrdunk.com/upload_bg_removed/20221212072519-0.webp,,,,SPECIAL_PROMO_REVIEW
pkmn-tcg-6024,6024,,,タマタマ エクストラバトルの日: プロモ[PROMO341 S-P](プロモーションカード「S-P」),0,106727,https://cdn.snkrdunk.com/upload_bg_removed/20221212072231-0.webp,,,,SPECIAL_PROMO_REVIEW
pkmn-tcg-6048,6048,,,ミュウ エクストラバトルの日: プロモ P [S-P 343](プロモーションカード「S-P」),45,106729,https://cdn.snkrdunk.com/upload_bg_removed/20221212072338-0.webp,,,,SPECIAL_PROMO_REVIEW
pkmn-tcg-1764,1764,,,シロナ:プロモ [S-P 155](プロモーションカード「S-P」),4,106745,https://cdn.snkrdunk.com/upload_bg_removed/20240611013248-0.webp,,,,SPECIAL_PROMO_REVIEW
pkmn-tcg-6014,6014,,,サイレントラボ エクストラバトルの日: プロモ P [S-P 348][S-P 348](プロモーションカード「S-P」),0,106734,https://cdn.snkrdunk.com/upload_bg_removed/20221212072701-0.webp,,,,SPECIAL_PROMO_REVIEW
pkmn-tcg-6028,6028,,,トレーナーズポスト エクストラバトルの日: プロモ P [S-P 344](プロモーションカード「S-P」),0,106730,https://cdn.snkrdunk.com/upload_bg_removed/20221212072416-0.webp,,,,SPECIAL_PROMO_REVIEW
pkmn-tcg-1769,1769,,,基本雷エネルギー*CS2022:プロモ [S-P 249](プロモーションカード「S-P」),0,106750,https://cdn.snkrdunk.com/upload_bg_removed/20221212083611-0.webp,CRD_68750CA7D67B49579E22,히스이 붐볼 V,0.6513,SPECIAL_PROMO_REVIEW
pkmn-tcg-1771,1771,,,ワンパチ:プロモ [S-P 244](プロモーションカード「S-P」),5,106752,https://cdn.snkrdunk.com/upload_bg_removed/20240610040024-0.webp,,,,SPECIAL_PROMO_REVIEW
pkmn-tcg-1766,1766,,,ガラルジグザグマ: プロモ [S-P 135](プロモーションカード「S-P」),1,106747,https://cdn.snkrdunk.com/upload_bg_removed/20240611013056-0.webp,,,,SPECIAL_PROMO_REVIEW
pkmn-tcg-1768,1768,,,基本水エネルギー CS2022:プロモ [S-P 248](プロモーションカード「S-P」),0,106749,https://cdn.snkrdunk.com/upload_bg_removed/20221212083436-0.webp,,,,SPECIAL_PROMO_REVIEW
pkmn-tcg-1765,1765,,,基本悪エネルギー*CS2022:プロモ [S-P 252](プロモーションカード「S-P」),0,106746,https://cdn.snkrdunk.com/upload_bg_removed/20221212082942-0.webp,,,,SPECIAL_PROMO_REVIEW
pkmn-tcg-1767,1767,,,基本炎エネルギー CS2022:プロモ [S-P 247](プロモーションカード「S-P」),0,106748,https://cdn.snkrdunk.com/upload_bg_removed/20221212083255-0.webp,CRD_68750CA7D67B49579E22,히스이 붐볼 V,0.639,SPECIAL_PROMO_REVIEW
pkmn-tcg-6088,6088,,,基本草エネルギー CS2022:プロモ [S-P 246](プロモーションカード「S-P」),0,106753,https://cdn.snkrdunk.com/upload_bg_removed/20240610040418-0.webp,,,,SPECIAL_PROMO_REVIEW
pkmn-tcg-1770,1770,,,基本鋼エネルギー CS2022:プロモ [S-P 253](プロモーションカード「S-P」),0,106751,https://cdn.snkrdunk.com/upload_bg_removed/20221212083810-0.webp,,,,SPECIAL_PROMO_REVIEW
pkmn-tcg-3125,3125,,,基本鋼エネルギー*CS2020:プロモ [S-P 67](プロモーションカード「S-P」),0,106754,https://cdn.snkrdunk.com/upload_bg_removed/20221212084336-0.webp,,,,SPECIAL_PROMO_REVIEW
pkmn-tcg-6035,6035,,,バトルサーチャー エクストラバトルの日: プロモ P [S-P 346](プロモーションカード「S-P」),0,106732,https://cdn.snkrdunk.com/upload_bg_removed/20221212072557-0.webp,,,,SPECIAL_PROMO_REVIEW
pkmn-tcg-1763,1763,,,基本闘エネルギー*CS2022:プロモ [S-P 251](プロモーションカード「S-P」),0,106744,https://cdn.snkrdunk.com/upload_bg_removed/20221212082622-0.webp,CRD_68750CA7D67B49579E22,히스이 붐볼 V,0.6722,SPECIAL_PROMO_REVIEW
pkmn-tcg-6025,6025,,,デデンネGX エクストラバトルの日: プロモ[PROMO342 S-P](プロモーションカード「S-P」),2,106728,https://cdn.snkrdunk.com/upload_bg_removed/20221212072306-0.webp,CRD_E977782F22B64633B5B6,데덴네 GX,0.7279,SPECIAL_PROMO_REVIEW
pkmn-tcg-3124,3124,,,カイリューVSTAR:プロモ [S-P 293](プロモーションカード「S-P」),36,106755,https://cdn.snkrdunk.com/upload_bg_removed/20221212084554-0.webp,CRD_CFB2CC925A0E4568A262,망나뇽 VSTAR,0.7954,SPECIAL_PROMO_REVIEW
pkmn-tcg-3121,3121,,,基本悪エネルギー CS2020:プロモ [S-P 66](プロモーションカード「S-P」),0,106762,https://cdn.snkrdunk.com/upload_bg_removed/20221212085122-0.webp,,,,SPECIAL_PROMO_REVIEW
pkmn-tcg-3123,3123,,,基本超エネルギー*CS2020:プロモ [S-P 64](プロモーションカード「S-P」),0,106756,https://cdn.snkrdunk.com/upload_bg_removed/20221212084731-0.webp,,,,SPECIAL_PROMO_REVIEW
pkmn-tcg-3119,3119,,,ウオノラゴンV:プロモ [S-P 219](ポケモンカードゲーム ソード&シールド 「プロモカードパック 第7弾」),0,106764,https://cdn.snkrdunk.com/upload_bg_removed/20221212085504-0.webp,,,,SPECIAL_PROMO_REVIEW
pkmn-tcg-3120,3120,,,博士の研究（マグノリア博士）:プロモ [S-P 128](プロモーションカード「S-P」),1,106763,https://cdn.snkrdunk.com/upload_bg_removed/20221212085304-0.webp,,,,SPECIAL_PROMO_REVIEW
pkmn-tcg-3122,3122,,,サダイジャV:プロモ [S-P 174](プロモーションカード「S-P」),3,106761,https://cdn.snkrdunk.com/upload_bg_removed/20240611041554-0.webp,,,,SPECIAL_PROMO_REVIEW
pkmn-tcg-3115,3115,,,ふしぎなアメ:プロモ [S-P 52](プロモーションカード「S-P」),0,106785,https://cdn.snkrdunk.com/upload_bg_removed/20221213002450-0.webp,,,,SPECIAL_PROMO_REVIEW
pkmn-tcg-3113,3113,,,ヒバニー:プロモ [S-P 6](プロモーションカード「S-P」),0,106787,https://cdn.snkrdunk.com/upload_bg_removed/20221213002925-0.webp,,,,SPECIAL_PROMO_REVIEW
pkmn-tcg-3108,3108,,,サルノリ:プロモ [S-P 7](プロモーションカード「S-P」),0,106792,https://cdn.snkrdunk.com/upload_bg_removed/20221213004208-0.webp,,,,SPECIAL_PROMO_REVIEW
pkmn-tcg-1795,1795,,,ピカチュウ:プロモ [S-P 132](プロモーションカード「S-P」),4,106789,https://cdn.snkrdunk.com/upload_bg_removed/20221213003305-0.webp,CRD_CDF7188601734FA48B24,피카츄,0.9101,SPECIAL_PROMO_REVIEW
pkmn-tcg-3109,3109,,,ミツバ:プロモ [S-P 157](プロモーションカード「S-P」),10,106791,https://cdn.snkrdunk.com/upload_bg_removed/20240611061801-0.webp,,,,SPECIAL_PROMO_REVIEW
pkmn-tcg-3107,3107,,,ムゲンダイナVMAX:プロモ [S-P 80](プロモーションカード「S-P」),1,106793,https://cdn.snkrdunk.com/upload_bg_removed/20221213004339-0.webp,CRD_B4500EAE366644C09065,무한다이노 VMAX,0.863,SPECIAL_PROMO_REVIEW
pkmn-tcg-3117,3117,,,基本草エネルギー CS2020:プロモ [S-P 60](プロモーションカード「S-P」),0,106782,https://cdn.snkrdunk.com/upload_bg_removed/20221213001554-0.webp,,,,SPECIAL_PROMO_REVIEW
pkmn-tcg-3114,3114,,,モルペコ:プロモ [S-P 32](プロモーションカード「S-P」),2,106786,https://cdn.snkrdunk.com/upload_bg_removed/20221213002758-0.webp,CRD_AAFE59E917F54C8FB509,에몽가 EX,0.6582,SPECIAL_PROMO_REVIEW
pkmn-tcg-3101,3101,,,イーブイVMAX:プロモ [S-P 101](プロモーションカード「S-P」),38,106799,https://cdn.snkrdunk.com/upload_bg_removed/20221213005232-0.webp,,,,SPECIAL_PROMO_REVIEW
pkmn-tcg-3168,3168,,,基本雷エネルギー*CS2020:プロモ [S-P 63](プロモーションカード「S-P」),0,106806,https://cdn.snkrdunk.com/upload_bg_removed/20221213010634-0.webp,CRD_68750CA7D67B49579E22,히스이 붐볼 V,0.6439,SPECIAL_PROMO_REVIEW
pkmn-tcg-6051,6051,,,モミ:プロモ [S-P 183](プロモーションカード「S-P」),1,106809,https://cdn.snkrdunk.com/upload_bg_removed/20221213010921-0.webp,,,,SPECIAL_PROMO_REVIEW
pkmn-tcg-6070,6070,,,ビート:プロモ [S-P 138](プロモーションカード「S-P」),0,106798,https://cdn.snkrdunk.com/upload_bg_removed/20221213005109-0.webp,,,,SPECIAL_PROMO_REVIEW
pkmn-tcg-3103,3103,,,バチンウニ:プロモ [S-P 47](プロモーションカード「S-P」),1,106797,https://cdn.snkrdunk.com/upload_bg_removed/20221213004943-0.webp,,,,SPECIAL_PROMO_REVIEW
pkmn-tcg-3099,3099,,,ダンデ:プロモ [S-P 230](プロモーションカード「S-P」),5,106801,https://cdn.snkrdunk.com/upload_bg_removed/20240611044416-0.webp,,,,SPECIAL_PROMO_REVIEW
pkmn-tcg-3105,3105,,,ふくよかミュージシャン:プロモ [S-P 119](プロモーションカード「S-P」),2,106795,https://cdn.snkrdunk.com/upload_bg_removed/20240611050004-0.webp,,,,SPECIAL_PROMO_REVIEW
pkmn-tcg-6090,6090,,,基本炎エネルギー CS2020:プロモ [S-P 061](プロモーションカード「S-P」),0,106808,https://cdn.snkrdunk.com/upload_bg_removed/20240610040939-0.webp,,,,SPECIAL_PROMO_REVIEW
pkmn-tcg-3098,3098,,,ルギア:プロモ [S-P 151](プロモーションカード「S-P」),9,106802,https://cdn.snkrdunk.com/upload_bg_removed/20221213005729-0.webp,CRD_00D37F11A42A4F6EAD16,루기아 EX,0.7867,SPECIAL_PROMO_REVIEW
pkmn-tcg-1789,1789,,,ホップ:プロモ [S-P 005](プロモーションカード「S-P」),3,106804,https://cdn.snkrdunk.com/upload_bg_removed/20221213010148-0.webp,,,,SPECIAL_PROMO_REVIEW
pkmn-tcg-3169,3169,,,イエッサン:プロモ [S-P 109](プロモーションカード「S-P」),0,106805,https://cdn.snkrdunk.com/upload_bg_removed/20221213010453-0.webp,,,,SPECIAL_PROMO_REVIEW
pkmn-tcg-3106,3106,,,基本超エネルギー*CS2022:プロモ [S-P 250](プロモーションカード「S-P」),0,106794,https://cdn.snkrdunk.com/upload_bg_removed/20240610040330-0.webp,,,,SPECIAL_PROMO_REVIEW
pkmn-tcg-6087,6087,,,基本水エネルギー CS2020:プロモ [S-P 62](プロモーションカード「S-P」),0,106784,https://cdn.snkrdunk.com/upload_bg_removed/20221213002256-0.webp,,,,SPECIAL_PROMO_REVIEW
pkmn-tcg-2438,2438,,,ゲッコウガ プロモ[PROMO339 S-P](プロモーションカード「ポケモンセンター・ポケモンストア・ポケモンセンターオンライン2000円以上購入特典」),82,107018,https://cdn.snkrdunk.com/upload_bg_removed/20230719061908-0.webp,,,,SPECIAL_PROMO_REVIEW
pkmn-tcg-3100,3100,,,キバナ:プロモ [S-P 264](プロモーションカード 「新弾バトル 優勝 / ジャンケン賞」),2,107433,https://cdn.snkrdunk.com/upload_bg_removed/20221219035105-0.webp,,,,SPECIAL_PROMO_REVIEW
pkmn-tcg-3165,3165,,,アップリュー:プロモ [S-P 225](プロモーションカード「S-P」),0,107443,https://cdn.snkrdunk.com/upload_bg_removed/20240611044718-0.webp,,,,SPECIAL_PROMO_REVIEW
pkmn-tcg-3163,3163,,,ジュラルドン:プロモ [S-P 30](プロモーションカード「S-P」),0,107445,https://cdn.snkrdunk.com/upload_bg_removed/20221219041701-0.webp,,,,SPECIAL_PROMO_REVIEW
pkmn-tcg-3166,3166,,,からくちスパイシーカレー:プロモ [S-P 240](ポケモンカードゲーム ソード&シールド 「プロモカードパック 第8弾」),0,107442,https://cdn.snkrdunk.com/upload_bg_removed/20240620042903-0.webp,,,,SPECIAL_PROMO_REVIEW
pkmn-tcg-3162,3162,,,エンペルトV: プロモ [S-P 184](プロモーションカード「S-P」),1,107446,https://cdn.snkrdunk.com/upload_bg_removed/20221219041854-0.webp,CRD_DE7B8B068B1746649360,엠페르트 V,0.6612,SPECIAL_PROMO_REVIEW
pkmn-tcg-3164,3164,,,ニャースV:プロモ [S-P 28](プロモーションカード「S-P」),3,107444,https://cdn.snkrdunk.com/upload_bg_removed/20240614074720-0.webp,,,,SPECIAL_PROMO_REVIEW
pkmn-tcg-3147,3147,,,トゲデマル: プロモ [SM-P 011](プロモーションカード「SM-P」),0,107457,https://cdn.snkrdunk.com/upload_bg_removed/20221219043257-0.webp,,,,SPECIAL_PROMO_REVIEW
pkmn-tcg-3144,3144,,,カプ・コケコGX: プロモ [SM-P 048](プロモーションカード「SM-P」),1,107560,https://cdn.snkrdunk.com/upload_bg_removed/20221219072915-0.webp,CRD_2B0E8A61C671491BBA15,카푸꼬꼬꼭 GX,0.7503,SPECIAL_PROMO_REVIEW
pkmn-tcg-6094,6094,,,いたずら好きのピチュー：プロモ[214 S-P](プロモーションカード「S-P」),106,111868,https://cdn.snkrdunk.com/upload_bg_removed/20230611131828-0.webp,,,,SPECIAL_PROMO_REVIEW
pkmn-tcg-SV-P-NAGABA-SET,SVPNAGABASET,,,ポケモンカードゲーム YU NAGABA × ポケモンカードゲーム イーブイズ 全種セット: プロモ [SV-P ](「YU NAGABA×ポケモンカードゲーム」プロモーションカード「SV-P」),26,126334,https://cdn.snkrdunk.com/upload_bg_removed/20230529022748-0.webp,,,,SPECIAL_PROMO_REVIEW
pkmn-tcg-BW-P-TCG2013,BWPTCG2013,,,レックウザ ポケモンゲームショー2013: プロモ[BW-P](プロモーションカード「BW-P」),0,133094,https://cdn.snkrdunk.com/upload_bg_removed/20230804063904-4.webp,,,,SPECIAL_PROMO_REVIEW
pkmn-tcg-S8a-P-008/025,S8AP008025,,,R団のサンダー(25th): プロモ[025 008](プロモカードパック 25th ANNIVERSARY edition「S8a-P」),108,135980,https://cdn.snkrdunk.com/upload_bg_removed/20230828033449-0.webp,,,,SPECIAL_PROMO_REVIEW
pkmn-tcg-BW-P,BWP,,,ミュウツーEX P [BW-P](プロモーションカード「バトルカーニバル2013スプリング 入賞」),0,159730,https://cdn.snkrdunk.com/upload_bg_removed/20241007092908-0.webp,CRD_1A2192604CAF4EA98918,뮤츠 EX,0.7552,SPECIAL_PROMO_REVIEW
pkmn-tcg-033-DPt-P,033DPTP,,,ワンダー・プラチナ: プロモ[DPt-P 033](WCS 日本代表決定大会 入賞カード),0,159731,https://cdn.snkrdunk.com/upload_bg_removed/pkmn-tcg-033-DPt-P.webp,,,,SPECIAL_PROMO_REVIEW
pkmn-tcg-XY-P-ILL,XYPILL,,,ヌメラ: プロモ[XY-P](イラストコンテスト入賞カード),0,159737,https://cdn.snkrdunk.com/upload_bg_removed/pkmn-tcg-XY-P-ILL.webp,,,,SPECIAL_PROMO_REVIEW
pkmn-tcg-P-8NE-PCT-KFG,P8NEPCTKFG,,,勝利のオーブ: プロモ[8NE-PCT-KFG](バトルロードサマー 2003),0,159739,https://cdn.snkrdunk.com/upload_bg_removed/pkmn-tcg-P-8NE-PCT-KFG.webp,,,,SPECIAL_PROMO_REVIEW
pkmn-tcg-P-026PLAY,P026PLAY,,,"ブラッキー☆: プロモ[026/PLAY](プレイヤーズけいけんち70,000EXPプレゼントカード)",0,159736,https://cdn.snkrdunk.com/upload_bg_removed/pkmn-tcg-P-026PLAY.webp,CRD_D9AD2D4FCCF34C3D93DB,블래키 EX,0.6855,SPECIAL_PROMO_REVIEW
pkmn-tcg-BW-P-EH,BWPEH,,,改造ハンマー P [BW-P](プロモーションカード「バトルカーニバル2012スプリング クリア賞」),0,166734,https://cdn.snkrdunk.com/upload_bg_removed/pkmn-tcg-BW-P-EH-ot.webp,,,,SPECIAL_PROMO_REVIEW
pkmn-tcg-BW-P-LB,BWPLB,,,レベルボール P [BW-P](バトルカーニバル2011 クリア賞「プレミアステージ進出賞」),0,166733,https://cdn.snkrdunk.com/upload_bg_removed/20231206101414-0.webp,,,,SPECIAL_PROMO_REVIEW
pkmn-tcg-PRPMO-L-P,PRPMOLP,,,幻影のゾロア PROMO [L-P] (小学館 ポケモンカードゲーム デザインコンテスト),0,182582,https://cdn.snkrdunk.com/upload_bg_removed/20240116052904-0.webp,,,,SPECIAL_PROMO_REVIEW
pkmn-tcg-ep-014/P,EP014P,,,リザードン: プロモ[e-P 014](プロモーションカード「トリプルゲットキャンペーン」),5,195168,https://cdn.snkrdunk.com/upload_bg_removed/20240206105029-0.webp,CRD_9522A25A78764F77B225,M리자몽 EX,0.734,SPECIAL_PROMO_REVIEW
pkmn-tcg-WCS-SVP,WCSSVP,,,パラダイスリゾート :プロモ [PROMO SV-P] (ワールドチャンピオンシップス 2023 横浜 出場者配布),2,250839,https://cdn.snkrdunk.com/upload_bg_removed/20240417043247-0.webp,,,,SPECIAL_PROMO_REVIEW
pkmn-tcg-WCS-SVP-2023-SET,WCSSVP2023SET,,,パラダイスリゾート :プロモ [SV-P](ワールドチャンピオンシップス 2023 横浜 出場者配布 十一ヶ国語セット ),0,253254,https://cdn.snkrdunk.com/upload_bg_removed/20240421070258-0.webp,,,,SPECIAL_PROMO_REVIEW
pkmn-tcg-S-P-LIG,SPLIG,,,基本雷エネルギー [S-P LIG](Vスペシャルセット 反逆クラッシュ),0,331735,https://cdn.snkrdunk.com/upload_bg_removed/20240724080817-0.webp,CRD_68750CA7D67B49579E22,히스이 붐볼 V,0.6755,SPECIAL_PROMO_REVIEW
pkmn-tcg-Cynthia-P,CYNTHIAP,,,シロナの想い :プロモ (バトルロード スプリング★2008),0,333660,https://cdn.snkrdunk.com/upload_bg_removed/20240727062817-0.webp,CRD_BC975C84189F46CDAFBF,난천,0.6582,SPECIAL_PROMO_REVIEW
pkmn-tcg-WCS-SVP-2024SET,WCSSVP2024SET,,,パラダイスリゾート（12ヶ国語セット） :プロモ (ワールドチャンピオンシップス 2024 ホノルル 出場者配布),0,372816,https://cdn.snkrdunk.com/upload_bg_removed/pkmn-tcg-WCS-SVP-2024SET-1.webp,,,,SPECIAL_PROMO_REVIEW
pkmn-tcg-SM-P-CL2017-MIYAGI,SMPCL2017MIYAGI,,,勝利の勲章 P [SM-P](プロモーションカード「チャンピオンズリーグ2017 宮城 優勝」),0,411003,https://cdn.snkrdunk.com/upload_bg_removed/pkmn-tcg-7327080-yu.webp,CRD_70689C813B324C93AC03,M강철톤 EX,0.7782,SPECIAL_PROMO_REVIEW
pkmn-tcg-SM-P-CL2017-OSAKA,SMPCL2017OSAKA,,,勝利の勲章 P [SM-P](プロモーションカード「チャンピオンズリーグ2017 大阪 優勝」),0,411000,https://cdn.snkrdunk.com/upload_bg_removed/pkmn-tcg-7327077-yu.webp,CRD_70689C813B324C93AC03,M강철톤 EX,0.7927,SPECIAL_PROMO_REVIEW
pkmn-tcg-SM-P-FIR,SMPFIR,,,基本炎エネルギー P [SM-P FIR](プロモーションカード「EDIONスタンプキャンペーン C賞」),0,410998,https://cdn.snkrdunk.com/upload_bg_removed/pkmn-tcg-7327075-yu.webp,,,,SPECIAL_PROMO_REVIEW
pkmn-tcg-SM-P-WAT,SMPWAT,,,基本水エネルギー P [SM-P WAT](プロモーションカード「EDIONスタンプキャンペーン C賞」),0,410999,https://cdn.snkrdunk.com/upload_bg_removed/pkmn-tcg-7327076-yu.webp,,,,SPECIAL_PROMO_REVIEW
pkmn-tcg-SM-P-CL2017-AICHI,SMPCL2017AICHI,,,勝利の勲章 P [SM-P](プロモーションカード「チャンピオンズリーグ2017 愛知 2位」),0,411007,https://cdn.snkrdunk.com/upload_bg_removed/pkmn-tcg-7327084-yu.webp,CRD_2C1DA4E5D17E428CB8AF,M얼음귀신 EX,0.7134,SPECIAL_PROMO_REVIEW
pkmn-tcg-SM-P-CL2017-CHIBA,SMPCL2017CHIBA,,,勝利の勲章 P [SM-P](プロモーションカード「チャンピオンズリーグ2017 千葉 優勝」),0,411009,https://cdn.snkrdunk.com/upload_bg_removed/pkmn-tcg-7327086-yu.webp,CRD_70689C813B324C93AC03,M강철톤 EX,0.7795,SPECIAL_PROMO_REVIEW
pkmn-tcg-SM-P-CL2017-OKAYAMA,SMPCL2017OKAYAMA,,,勝利の勲章 P [SM-P](プロモーションカード「チャンピオンズリーグ2017 岡山 2位」),0,411013,https://cdn.snkrdunk.com/upload_bg_removed/pkmn-tcg-7327090-yu.webp,CRD_2C1DA4E5D17E428CB8AF,M얼음귀신 EX,0.7197,SPECIAL_PROMO_REVIEW
pkmn-tcg-SM-P-CL2018-YOKOHAMA,SMPCL2018YOKOHAMA,,,勝利の勲章 P [SM-P](プロモーションカード「チャンピオンズリーグ2018 横浜 優勝」),0,411018,https://cdn.snkrdunk.com/upload_bg_removed/pkmn-tcg-7327118-yu.webp,CRD_70689C813B324C93AC03,M강철톤 EX,0.7831,SPECIAL_PROMO_REVIEW
pkmn-tcg-SM-P-WF,SMPWF,,,ふしぎなアメ P [SM-P](サン&ムーン「ウェルカムフェスタ ほんきをだすバトル 2位」),0,411016,https://cdn.snkrdunk.com/upload_bg_removed/pkmn-tcg-7327093-yu.webp,,,,SPECIAL_PROMO_REVIEW
pkmn-tcg-SM-P-CL2018-OF,SMPCL2018OF,,,勝利の勲章 P [SM-P](プロモーションカード「チャンピオンズリーグ2018 公認大会1st 優勝」),0,411024,https://cdn.snkrdunk.com/upload_bg_removed/pkmn-tcg-7327124-yu.webp,CRD_70689C813B324C93AC03,M강철톤 EX,0.7802,SPECIAL_PROMO_REVIEW
pkmn-tcg-SM-P-CL2018-NAGOYA,SMPCL2018NAGOYA,,,勝利の勲章 P [SM-P](プロモーションカード「チャンピオンズリーグ2018 名古屋 3位」),0,411023,https://cdn.snkrdunk.com/upload_bg_removed/pkmn-tcg-7327123-yu.webp,,,,SPECIAL_PROMO_REVIEW
pkmn-tcg-SM-P-CL2018-KYOTO,SMPCL2018KYOTO,,,勝利の勲章 P [SM-P](プロモーションカード「チャンピオンズリーグ2018 京都 優勝」),0,411027,https://cdn.snkrdunk.com/upload_bg_removed/pkmn-tcg-7327127-yu.webp,CRD_9E509ECA5F2F4685A780,M강철톤 EX,0.7329,SPECIAL_PROMO_REVIEW
pkmn-tcg-SM-P-CL2019-NIIGATA,SMPCL2019NIIGATA,,,勝利の勲章 P [SM-P](プロモーションカード「チャンピオンズリーグ2019 新潟 3位」),0,411039,https://cdn.snkrdunk.com/upload_bg_removed/pkmn-tcg-7327138-yu.webp,,,,SPECIAL_PROMO_REVIEW
pkmn-tcg-SM-P-SM7,SMPSM7,,,ハイパーボール P [SM-P](ポケモンカードステーション「裂空のカリスマ シールド戦」),0,411032,https://cdn.snkrdunk.com/upload_bg_removed/pkmn-tcg-7327132-yu.webp,,,,SPECIAL_PROMO_REVIEW
pkmn-tcg-SM-P-CL2019-TOKYO,SMPCL2019TOKYO,,,勝利の勲章 P [SM-P](プロモーションカード「チャンピオンズリーグ2019 東京 優勝」),0,411034,https://cdn.snkrdunk.com/upload_bg_removed/pkmn-tcg-7327133-yu.webp,CRD_70689C813B324C93AC03,M강철톤 EX,0.7072,SPECIAL_PROMO_REVIEW
pkmn-tcg-SM-P-2017HOF,SMP2017HOF,,,殿堂の書 P [SM-P](プロモーションカード「2017年殿堂バトル 優勝」),2,411033,https://cdn.snkrdunk.com/upload_bg_removed/pkmn-tcg-7333276-yu.webp,,,,SPECIAL_PROMO_REVIEW
pkmn-tcg-SM-P-LIG,SMPLIG,,,基本雷エネルギー [SM-P LIG](プロモーションカード「ポケモンカードゲーム教室」),0,411070,https://cdn.snkrdunk.com/upload_bg_removed/pkmn-tcg-7333619-yu.webp,,,,SPECIAL_PROMO_REVIEW
pkmn-tcg-SM-P-FIG,SMPFIG,,,基本闘エネルギー [SM-P FIG](プロモーションカード「ポケモンカードゲーム教室」),0,411084,https://cdn.snkrdunk.com/upload_bg_removed/pkmn-tcg-7333648-yu.webp,,,,SPECIAL_PROMO_REVIEW
pkmn-tcg-S-P-SET,SPSET,,,ブースターVMAX シャワーズVMAX サンダースVMAX P [S-P 186/187/188](プロモーションカード「夏ポケカ キャンペーン」) 3枚セット,1,412809,https://cdn.snkrdunk.com/upload_bg_removed/20241009084700-0.webp,,,,SPECIAL_PROMO_REVIEW
pkmn-tcg-XY-P-PGS-MCB,XYPPGSMCB,,,フレア団のしたっぱ P [XY-P](プロモーションカード「ポケモンゲームショー ミステリーカードバトル 参加賞」),1,413453,https://cdn.snkrdunk.com/upload_bg_removed/pkmn-tcg-7314822-yu.webp,,,,SPECIAL_PROMO_REVIEW
pkmn-tcg-XY-P-PCTB-GO,XYPPCTBGO,,,マーイーカ P [XY-P](プロモーションカード「ポケモンセンター トウキョーベイ グランドオープン記念 ジャンボ」),0,413454,https://cdn.snkrdunk.com/upload_bg_removed/pkmn-tcg-7314823-ot.webp,,,,SPECIAL_PROMO_REVIEW
pkmn-tcg-XY-P-BF14-PPEP,XYPBF14PPEP,,,MアブソルEX P [XY-P](プロモーションカード「バトルフェスタ2014 プレイポイント交換景品」),6,413467,https://cdn.snkrdunk.com/upload_bg_removed/pkmn-tcg-7314847-yu.webp,CRD_2940721DC8F64D6382C2,M앱솔 EX,0.7555,SPECIAL_PROMO_REVIEW
pkmn-tcg-XY-P-BF-VA,XYPBFVA,,,ちからのハチマキ P [XY-P](プロモーションカード「バトルフェスタ 勝利賞」),0,413464,https://cdn.snkrdunk.com/upload_bg_removed/pkmn-tcg-7314833-yu.webp,,,,SPECIAL_PROMO_REVIEW
pkmn-tcg-XY-P-BF15-CRCR-CVA,XYPBF15CRCRCVA,,,ダブルドラゴンエネルギー P [XY-P](プロモーションカード「バトルフェスタ2015 コロコロチャレンジ 勝利賞」),0,413475,https://cdn.snkrdunk.com/upload_bg_removed/pkmn-tcg-7314866-yu.webp,,,,SPECIAL_PROMO_REVIEW
pkmn-tcg-XY-P-BF14-12PP,XYPBF1412PP,,,アブソルEX P [XY-P](プロモーションカード「バトルフェスタ2014 12ポイント景品」),5,413466,https://cdn.snkrdunk.com/upload_bg_removed/pkmn-tcg-7314846-yu.webp,CRD_9641C573373F492FBFD8,앱솔 EX,0.625,SPECIAL_PROMO_REVIEW
pkmn-tcg-XY-P-R-MB-VA,XYPRMBVA,,,メガターボ P [XY-P](プロモーションカード「レックウザメガバトル 勝利賞」),0,413469,https://cdn.snkrdunk.com/upload_bg_removed/pkmn-tcg-7314859-yu.webp,,,,SPECIAL_PROMO_REVIEW
pkmn-tcg-XY-P-BF14-VA,XYPBF14VA,,,みがわりロボ フレア団ギア P [XY-P](プロモーションカード「バトルフェスタ2014 勝利賞」),1,413465,https://cdn.snkrdunk.com/upload_bg_removed/pkmn-tcg-7314845-yu.webp,,,,SPECIAL_PROMO_REVIEW
pkmn-tcg-XY-P-R-MB-9PP,XYPRMB9PP,,,MラグラージEX P [XY-P](プロモーションカード「レックウザメガバトル 9ポイント景品」),0,413470,https://cdn.snkrdunk.com/upload_bg_removed/pkmn-tcg-7314860-yu.webp,CRD_77624728BFEA41878FA1,M대짱이 EX,0.7441,SPECIAL_PROMO_REVIEW
pkmn-tcg-XY-P-BF15-VBVA,XYPBF15VBVA,,,まんたんのくすり P [XY-P](プロモーションカード「バトルフェスタ2015 ビクトリーバトル 勝利賞」),1,413476,https://cdn.snkrdunk.com/upload_bg_removed/pkmn-tcg-7314867-yu.webp,,,,SPECIAL_PROMO_REVIEW
pkmn-tcg-XY-P-BF-VB-TW,XYPBFVBTW,,,ビクトリーリング P [XY-P](プロモーションカード「バトルフェスタ ビクトリーバトル 上位入賞」),0,413489,https://cdn.snkrdunk.com/upload_bg_removed/pkmn-tcg-030229_T_BIKUTORIRINGU-of.webp,CRD_2C1DA4E5D17E428CB8AF,M얼음귀신 EX,0.7222,SPECIAL_PROMO_REVIEW
pkmn-tcg-XY-P-B-MB-VB-VA,XYPBMBVBVA,,,闘魂のまわし P [XY-P](プロモーションカード「カメックスメガバトル ビクトリーバトル 勝利賞」),0,413482,https://cdn.snkrdunk.com/upload_bg_removed/pkmn-tcg-7314875-yu.webp,,,,SPECIAL_PROMO_REVIEW
pkmn-tcg-XY-P-BF14-TW,XYPBF14TW,,,ビクトリーリング P [XY-P](プロモーションカード「バトルフェスタ2014 上位入賞」),0,413498,https://cdn.snkrdunk.com/upload_bg_removed/pkmn-tcg-030661_T_BIKUTORIRINGU-of.webp,,,,SPECIAL_PROMO_REVIEW
pkmn-tcg-XY-P-BF15-CRCR-TW,XYPBF15CRCRTW,,,ビクトリーリング P [XY-P](プロモーションカード「バトルフェスタ2015 コロコロチャレンジ 上位入賞」),0,413517,https://cdn.snkrdunk.com/upload_bg_removed/pkmn-tcg-031576_T_BIKUTORIRINGU-of.webp,CRD_2C1DA4E5D17E428CB8AF,M얼음귀신 EX,0.7205,SPECIAL_PROMO_REVIEW
pkmn-tcg-XY-P-R-PB-TW,XYPRPBTW,,,ビクトリーリング P [XY-P](プロモーションカード「レックウザメガバトル 上位入賞」),0,413509,https://cdn.snkrdunk.com/upload_bg_removed/pkmn-tcg-031084_T_BIKUTORIRINGU-of.webp,,,,SPECIAL_PROMO_REVIEW
pkmn-tcg-XY-P-B-MB-3PP,XYPBMB3PP,,,クロバットBREAK P [XY-P](プロモーションカード「カメックスメガバトル 3ポイント景品」),2,413483,https://cdn.snkrdunk.com/upload_bg_removed/20241013012335-0.webp,,,,SPECIAL_PROMO_REVIEW
pkmn-tcg-XY-P-BF15-VBTW,XYPBF15VBTW,,,ビクトリーリング P [XY-P](プロモーションカード「バトルフェスタ2015 ビクトリーバトル 上位入賞」),0,413521,https://cdn.snkrdunk.com/upload_bg_removed/pkmn-tcg-031572_T_BIKUTORIRINGU-of.webp,CRD_2C1DA4E5D17E428CB8AF,M얼음귀신 EX,0.717,SPECIAL_PROMO_REVIEW
pkmn-tcg-XY-P-BMB,XYPBMB,,,ビクトリーリング P [XY-P](プロモーションカード「カメックスメガバトル 上位入賞」),0,413525,https://cdn.snkrdunk.com/upload_bg_removed/pkmn-tcg-032146_T_BIKUTORIRINGU-of.webp,,,,SPECIAL_PROMO_REVIEW
pkmn-tcg-XY-P-PCG-CB-B,XYPPCGCBB,,,クロバットBREAK P [XY-P](プロモーションカード「ポケモンカードジム クロバットBREAKバトル」),0,413523,https://cdn.snkrdunk.com/upload_bg_removed/20241013012405-0.webp,,,,SPECIAL_PROMO_REVIEW
pkmn-tcg-XY-P-MSGB,XYPMSGB,,,ダブルドラゴンエネルギー P [XY-P](プロモーションカード「メガボーマンダジムバトル」),0,413487,https://cdn.snkrdunk.com/upload_bg_removed/pkmn-tcg-7314881-yu.webp,,,,SPECIAL_PROMO_REVIEW
pkmn-tcg-XY-P-KNB,XYPKNB,,,アブソル P [XY-P](プロモーションカード「カリンのナイトバトル」),0,413486,https://cdn.snkrdunk.com/upload_bg_removed/pkmn-tcg-7314880-yu.webp,,,,SPECIAL_PROMO_REVIEW
pkmn-tcg-XY-P-20th-AF-CB-TW,XYP20THAFCBTW,,,ビクトリーリング P [XY-P](プロモーションカード「20th アニバーサリーフェスタ クラシックバトル 上位入賞」),0,413549,https://cdn.snkrdunk.com/upload_bg_removed/pkmn-tcg-032354_T_BIKUTORIRINGUKIN-of.webp,CRD_2C1DA4E5D17E428CB8AF,M얼음귀신 EX,0.7015,SPECIAL_PROMO_REVIEW
pkmn-tcg-XY-P-20th-AF-PP-OC,XYP20THAFPPOC,,,コイキング P [XY-P](プロモーションカード「20th アニバーサリーフェスタ プレイポイント オリジナルカード」),4,413552,https://cdn.snkrdunk.com/upload_bg_removed/pkmn-tcg-7314992-yu.webp,,,,SPECIAL_PROMO_REVIEW
pkmn-tcg-25thCD-LIG,25THCDLIG,,,基本雷エネルギー P :25thホロ [XY-P](ポケモンカード 25th 「クリーチャーズデッキ」),1,428849,https://cdn.snkrdunk.com/upload_bg_removed/pkmn-tcg-25thCD-30.webp,,,,SPECIAL_PROMO_REVIEW
pkmn-tcg-DP3-P-#523,DP3P523,,,パルキア :1ED [DP3 #523](構築スタンダードデッキ「パルキアLV.X」),3,433219,https://cdn.snkrdunk.com/upload_bg_removed/20241031043527-1.webp,,,,SPECIAL_PROMO_REVIEW
pkmn-tcg-DP3-P-#330,DP3P330,,,ラルトス [DP3 #330](構築スタンダードデッキ「パルキアLV.X」),0,433222,https://cdn.snkrdunk.com/upload_bg_removed/pkmn-tcg-7311733-yu.webp,,,,SPECIAL_PROMO_REVIEW
pkmn-tcg-DP3-P-#472,DP3P472,,,ミノムッチ すなちのミノ :1ED [DP3 #472](構築スタンダードデッキ「パルキアLV.X」),0,433215,https://cdn.snkrdunk.com/upload_bg_removed/pkmn-tcg-7311726-yu.webp,,,,SPECIAL_PROMO_REVIEW
pkmn-tcg-DP3-P-#279,DP3P279,,,サニーゴ [DP3 #279](構築スタンダードデッキ「パルキアLV.X」),0,433218,https://cdn.snkrdunk.com/upload_bg_removed/pkmn-tcg-7311729-yu.webp,,,,SPECIAL_PROMO_REVIEW
pkmn-tcg-DP3-P-#380,DP3P380,,,パッチール [DP3 #380](構築スタンダードデッキ「パルキアLV.X」),2,433230,https://cdn.snkrdunk.com/upload_bg_removed/pkmn-tcg-7311741-yu.webp,,,,SPECIAL_PROMO_REVIEW
pkmn-tcg-DP3-P-#333,DP3P333,,,エルレイド :1ED [DP3 #333](構築スタンダードデッキ「パルキアLV.X」),0,433225,https://cdn.snkrdunk.com/upload_bg_removed/pkmn-tcg-7311736-yu.webp,CRD_7C977A54E4F7492996C5,엘레이드 EX,0.8185,SPECIAL_PROMO_REVIEW
pkmn-tcg-DP3-P-#475,DP3P475,,,ミノマダム すなちのミノ :1ED [DP3 #475](構築スタンダードデッキ「パルキアLV.X」),0,433227,https://cdn.snkrdunk.com/upload_bg_removed/pkmn-tcg-7311738-yu.webp,,,,SPECIAL_PROMO_REVIEW
pkmn-tcg-DP3-P-#331,DP3P331,,,キルリア [DP3 #331](構築スタンダードデッキ「パルキアLV.X」),2,433224,https://cdn.snkrdunk.com/upload_bg_removed/pkmn-tcg-7311735-yu.webp,CRD_6393EBE4F2594F90B558,쉐이미 EX,0.6302,SPECIAL_PROMO_REVIEW
pkmn-tcg-WCS2022,WCS2022,,,チャンピオンズフェスティバル2022 P [S-P](プロモーションカード「ワールドチャンピオンシップス 2022」),5,498199,https://cdn.snkrdunk.com/upload_bg_removed/20250111013447-0.webp,CRD_A6337035E8634701BFAB,피카츄,0.6373,SPECIAL_PROMO_REVIEW
pkmn-tcg-326,326,,,リーリエ（がんばリーリエ） 【中国語版】[CSML 005/005](プロモーションカード),12,580652,https://cdn.snkrdunk.com/upload_bg_removed/20250428094751-0.webp,CRD_1BD0376A3CA8485BB302,릴리에,0.9029,SPECIAL_PROMO_REVIEW
pkmn-tcg-M-P-034/M-P,MP034MP,,,シェイミ プロモ [034/M-P](メガ「プロモーションカード」),1,816233,https://cdn.snkrdunk.com/upload_bg_removed/pkmn-tcg-2026-05-01-001-.webp,CRD_D8CA3FC24E11442D97E0,빠모,0.6858,SPECIAL_PROMO_REVIEW
pkmn-tcg-M-P-084/M-P,MP084MP,,,カラスバ プロモ [084/M-P](メガ「プロモーションカード」),0,816234,https://cdn.snkrdunk.com/upload_bg_removed/pkmn-tcg-2026-05-01-002-.webp,,,,SPECIAL_PROMO_REVIEW
pkmn-tcg-SC-30th-P-022/30th-P,SC30THP02230THP,,,サルノリ プロモ [022/30th-P]【中国語版(簡体字)】(スカーレット&バイオレット「30周年記念 最初のパートナー スペシャルアート ホロカードセット Vol.2」),0,832395,https://cdn.snkrdunk.com/upload_bg_removed/pkmn-tcg-2026-06-01-P-022-of.webp,,,,SPECIAL_PROMO_REVIEW
pkmn-tcg-SC-30th-P-006/30th-P,SC30THP00630THP,,,ワニノコ プロモ [006/30th-P]【中国語版(簡体字)】(スカーレット&バイオレット「30周年記念 最初のパートナー スペシャルアート ホロカードセット Vol.2」),0,832391,https://cdn.snkrdunk.com/upload_bg_removed/pkmn-tcg-2026-06-01-P-006-of.webp,,,,SPECIAL_PROMO_REVIEW
pkmn-tcg-SC-30th-P-015/30th-P,SC30THP01530THP,,,ミジュマル プロモ [015/30th-P]【中国語版(簡体字)】(スカーレット&バイオレット「30周年記念 最初のパートナー スペシャルアート ホロカードセット Vol.2」),0,832394,https://cdn.snkrdunk.com/upload_bg_removed/pkmn-tcg-2026-06-01-P-015-of.webp,,,,SPECIAL_PROMO_REVIEW
pkmn-tcg-SC-30th-P-004/30th-P,SC30THP00430THP,,,チコリータ プロモ [004/30th-P]【中国語版(簡体字)】(スカーレット&バイオレット「30周年記念 最初のパートナー スペシャルアート ホロカードセット Vol.2」),0,832389,https://cdn.snkrdunk.com/upload_bg_removed/pkmn-tcg-2026-06-01-P-004-of.webp,,,,SPECIAL_PROMO_REVIEW
pkmn-tcg-SC-30th-P-005/30th-P,SC30THP00530THP,,,ヒノアラシ プロモ [005/30th-P]【中国語版(簡体字)】(スカーレット&バイオレット「30周年記念 最初のパートナー スペシャルアート ホロカードセット Vol.2」),0,832390,https://cdn.snkrdunk.com/upload_bg_removed/pkmn-tcg-2026-06-01-P-005-of.webp,,,,SPECIAL_PROMO_REVIEW
pkmn-tcg-SC-30th-P-013/30th-P,SC30THP01330THP,,,ツタージャ プロモ [013/30th-P]【中国語版(簡体字)】(スカーレット&バイオレット「30周年記念 最初のパートナー スペシャルアート ホロカードセット Vol.2」),0,832392,https://cdn.snkrdunk.com/upload_bg_removed/021dc031-fa24-4402-abb7-ed8d51e53672.webp,,,,SPECIAL_PROMO_REVIEW
pkmn-tcg-SC-30th-P-024/30th-P,SC30THP02430THP,,,メッソン プロモ [024/30th-P]【中国語版(簡体字)】(スカーレット&バイオレット「30周年記念 最初のパートナー スペシャルアート ホロカードセット Vol.2」),0,832397,https://cdn.snkrdunk.com/upload_bg_removed/pkmn-tcg-2026-06-01-P-024-of.webp,,,,SPECIAL_PROMO_REVIEW
pkmn-tcg-SC-30th-P-014/30th-P,SC30THP01430THP,,,ポカブ プロモ [014/30th-P]【中国語版(簡体字)】(スカーレット&バイオレット「30周年記念 最初のパートナー スペシャルアート ホロカードセット Vol.2」),0,832393,https://cdn.snkrdunk.com/upload_bg_removed/pkmn-tcg-2026-06-01-P-014-of.webp,,,,SPECIAL_PROMO_REVIEW
pkmn-tcg-SC-30th-P-023/30th-P,SC30THP02330THP,,,ヒバニー プロモ [023/30th-P]【中国語版(簡体字)】(スカーレット&バイオレット「30周年記念 最初のパートナー スペシャルアート ホロカードセット Vol.2」),0,832396,https://cdn.snkrdunk.com/upload_bg_removed/pkmn-tcg-2026-06-01-P-023-of.webp,CRD_8F7ADD803D0EF37D818A,치라미,0.6236,SPECIAL_PROMO_REVIEW
