card_id,name,official_card_code,product_id,collection_number,rarity_code,language,super_type,jp_scrydex_ref,en_scrydex_ref
CRD_1A87BECFAC1647F98FBC,두랄루돈 VMAX,,PRD_BCB8045CC957488BB992,083/067,HR,KO,POKEMON,swsh7d_ja-83,swsh7-220
CRD_027EB7AC44174C879264,테사,BS2023015132,PRD_C017B01380CF490A9480,132/108,SR,KO,TRAINER,sv3_ja-129,sv3-218
CRD_53A0FD8027524CC4A991,알로라나시 GX,BS2017012037,PRD_B9ABCB229FAD45509D71,037/050,RR,KO,POKEMON,sm4a_ja-37,sm4-74
CRD_8C4E0B58B9AB4FD8A901,메가루차불 ex,BS2025015239,PRD_90A8D5BDA5664CEF9F48,239/193,SAR,KO,POKEMON,m2a_ja-239,me2pt5-283
CRD_5571E9D37C0F44EB9D0C,N의 조로아크 ex,BS2025001127,PRD_EC14FE47676E4D529FD0,127/100,SAR,KO,POKEMON,sv9_ja-127,sv9-185
CRD_D143E5991165404EBBDB,리자몽 V,BS2023001211,PRD_B4F8E0D2E2414F1DBC9B,211/172,SAR,KO,POKEMON,swsh12a_ja-211,swshp-SWSH260
CRD_DF3A72B78E8141B1A0D2BED89B3B20EE,메가개굴닌자 EX,"",PRD_156BB71C4F5A41C39521,120/083,MUR,KO,POKEMON,m4_ja-120,NO_EN
CRD_149DFDDE8D3144968EE9,암나이트,BS2023014180,PRD_DAB43E31433041FC942F,180/165,AR,KO,POKEMON,sv2a_ja-180,sv3pt5-180
CRD_6E0CFA01EAA84472A5AAA69BE95C2DA8,뮤 VMAX,"",PRD_3BEB5A9863D54FE7BE25,119/100,HR,KO,POKEMON,swsh8_ja-119,swsh8-269
CRD_3430850B62B446C68A45A9CFE3741141,메가지가르데 EX,"",PRD_B269D7FE35F74921BDB2,117/080,MUR,KO,POKEMON,m3_ja-117,NO_EN
CRD_CF565FADAC9C45388046,뮤 ex,BS2024001076,PRD_219AD0EF77CA4165AD0F,076/190,RR,KO,POKEMON,sv4a_ja-76,sv3pt5-151
CRD_0C126096DBBD4B00BFB9,망키,BS2024001276,PRD_219AD0EF77CA4165AD0F,276/190,S,KO,POKEMON,sv4a_ja-276,sv4pt5-169
CRD_678293733C984C86A7F2,순무,BS2022001268,PRD_767E549F894445C98D52,268/184,SR,KO,TRAINER,swsh8b_ja-257,swsh11tg-TG26
CRD_74FA58390E8E48D397F0,조로아크 GX,BS2017010076,PRD_F59042429A0444D3B06F,076/072,SR,KO,POKEMON,sm3p_ja-76,smp-SM84
CRD_EAE92820A9B54F4A9A09,개굴닌자&조로아크 GX,BS2019003025,PRD_B4B304E3BD094584B09E,025/055,RR,KO,POKEMON,sm9a_ja-25,sm10-107
CRD_EAEBF54128244B18A0E6,과미드라 ex,BS2024012012,PRD_3C9C174C842D499D9A02,012/102,RR,KO,POKEMON,sv7_ja-12,sv7-14
CRD_EAEF2BC7191547CEAF83,파비코,BS2023022076,PRD_245223BF212C456385F3,076/066,AR,KO,POKEMON,sv4m_ja-76,sv4-213
CRD_7AC86543E266416EBBF3,오리진 펄기아 V,BS2022008071,PRD_7DF9CF9792C3451BBA08,071/067,SR,KO,POKEMON,swsh10p_ja-71,swsh10-167
CRD_909F8823101A4097BD2D,석탄산 VMAX,BS2020012043,PRD_FE54F67A9C114773A9CD,043/076,RRR,KO,POKEMON,swsh3a_ja-43,swsh4-99
CRD_D845279FDA5B4030B495,한바이트,BS2019002199,PRD_F0B2C76547E5479F8E65,199/150,S,KO,POKEMON,sm8b_ja-199,sma-SV39
CRD_8C4814A402E140B9A2FC,텅구리 BREAK,BS2015007036,PRD_1B1F4A770E5A4B92896A,036/059,RR,KO,POKEMON,xy8r_ja-36,xy8-79
CRD_69B3F39FEAAD4175AFED,윤진,BS2022016091,PRD_0C8B6847314E495B9C8E,091/068,HR,KO,TRAINER,swsh11a_ja-91,swsh12-208
CRD_F1D5FDA4D4C44B6A84C6,난천의 한카리아스 ex,BS2025005091,PRD_66A71505B24242AD9875,091/063,UR,KO,POKEMON,sv9a_ja-91,sv10-241
CRD_9A22F928864948BBAE25,마오,BS2017005055,PRD_B037DA2FF59847768F3C,055/050,SR,KO,TRAINER,sm2l_ja-55,sm2-145
CRD_25A858D01145493BB66AF82B8EA32B7C,메가리자몽Y ex,BS2026001766,PRD_6F0F228947EF48919808,766/742,MUR,KO,POKEMON,NO_JP,me2pt5-294
CRD_F78C2A2D2F374617AD49,페퍼의 마피티프 ex,BS2026001484,PRD_6F0F228947EF48919808,484/742,RR,KO,POKEMON,sv9a_ja-52,sv10-139
CRD_31A84E046FF1424F95D8,나루림,BS2026001750,PRD_6F0F228947EF48919808,750/742,AR,KO,POKEMON,NO_JP,me2pt5-236
CRD_7BD33C57DE2641AAA1CE,통통코,BS2024001195,PRD_219AD0EF77CA4165AD0F,195/190,S,KO,POKEMON,sv4a_ja-195,sv4pt5-96
CRD_F7FE6279B4A147BC9CD1,릴리에의 삐삐 ex,BS2026001765,PRD_6F0F228947EF48919808,765/742,RR,KO,POKEMON,NO_JP,me2pt5-280
CRD_F9792A29F11F4A35AF80,릴리에의 에리본,BS2025001105,PRD_EC14FE47676E4D529FD0,105/100,AR,KO,POKEMON,sv9_ja-105,sv9-164
CRD_0FC33162C1024EF6B657,매시붕,BS2019002184,PRD_F0B2C76547E5479F8E65,184/150,S,KO,POKEMON,sm8b_ja-184,sma-SV24
CRD_41E509EE2DEB451BB2ED,스라크,BS2019002161,PRD_F0B2C76547E5479F8E65,161/150,S,KO,POKEMON,sm8b_ja-161,sma-SV1
CRD_7086E1BDC9604B90A351,망망이,BS2024001274,PRD_219AD0EF77CA4165AD0F,274/190,S,KO,POKEMON,sv4a_ja-274,svp-70
CRD_38D221213CD04120860A,총지엔 ex,BS2023011015,PRD_514C148400944D8AA72F,015/071,RR,KO,POKEMON,sv2p_ja-15,sv2-27
CRD_06913448CCA04DE6B272,무쇠가시,BS2024005077,PRD_B8A7BADF7613420288AC,077/071,AR,KO,POKEMON,sv5m_ja-77,svp-98
CRD_0839A3235BFC40C7A767,말리화,BS2019017192,PRD_C50AF6B22D9843F5B112,192/173,SR,KO,TRAINER,sm12a_ja-198,NO_EN
CRD_1589922DA5104539AFF5,레쿠쟈 VMAX,BS2022001252,PRD_767E549F894445C98D52,252/184,CSR,KO,POKEMON,swsh8b_ja-252,swsh12tg-TG20
CRD_26C2FFF3ECDC4C2B8EE6,보스의 지령,BS2026001760,PRD_6F0F228947EF48919808,760/742,SR,KO,TRAINER,NO_JP,me2pt5-256
CRD_1497BC4BBC0A034B7E00921E88FE436E,루이지 피카츄,295/XY-P,JP_PROMO_EXCLUSIVE,295/XY-P,PR,JP,POKEMON,xyp_ja-295,
CRD_DCECCFE1C2954B5181B2,악뜨거,BS2024001216,PRD_219AD0EF77CA4165AD0F,216/190,S,KO,POKEMON,sv4a_ja-216,svp-80
CRD_8E69FD2F5CA44C2388A4,괴력몬 V,BS2023001071,PRD_B4F8E0D2E2414F1DBC9B,071/172,RR,KO,POKEMON,swsh12a_ja-71,swsh10-72
CRD_0349CF2E05594460B06B,M보스로라 EX,BS2015001046,PRD_F918066FC0EA4F6B9C99,046/070,RR,KO,POKEMON,xy5g_ja-46,xy5-94
CRD_05103ACFA2DD4C54AC51,가디안 GX,BS2019002092,PRD_F0B2C76547E5479F8E65,092/150,RR,KO,POKEMON,sm8b_ja-92,sm3-93
CRD_0512DE9EF51D4BE39554,드래펄트 ex,BS2024019221,PRD_D26383A636BE42F09D6B,221/187,SAR,KO,POKEMON,sv8a_ja-221,sv8pt5-165
CRD_077EAB8DA2FB416FBA52,골루그,BS2025007129,PRD_D52A4B350D2344119847,129/086,AR,KO,POKEMON,sv11b_ja-129,zsv10pt5-123
CRD_9541B98A19054E3AB2C3,다태우지네 V,BS2022001218,PRD_767E549F894445C98D52,218/184,CSR,KO,POKEMON,swsh8b_ja-218,swsh11tg-TG14
CRD_1383604BEB0C4B209BFE,원규,BS2022004134,PRD_B6A92B9A3823440F8F49,089/067,HR,KO,TRAINER,swsh9a_ja-89,swsh10-206
CRD_128A2046607444A389E9,조타구 ex,BS2024011087,PRD_7293190A22224C0598D5,087/064,SAR,KO,POKEMON,sv6a_ja-87,sv6pt5-90
CRD_09A1CB4E6B9E4002ACA2,캥카,BS2025006110,PRD_FA31487748A24EAF9EE3,110/098,AR,KO,POKEMON,sv10_ja-110,sv10-204
CRD_0B59FFD0541D47B4BE4A,알로라나인테일 GX,BS2018009025,PRD_D59FE8DA38A0461A8AB8,025/050,RR,KO,POKEMON,sm7b_ja-25,sm8-132
CRD_093F671F8D0F4F349B81,블래키 V,BS2021007047,PRD_BD7FA21EB0B4407086A0,047/069,RR,KO,POKEMON,swsh6a_ja-47,swsh7-94
CRD_08BB039F0F51499BA059,찬란한 리자몽,BS2022010011,PRD_FEBA8CBAF36B40D9850F,011/071,K,KO,POKEMON,swsh10b_ja-11,pgo-11
CRD_0B802D98F17B44E8B194,카푸느지느 GX,BS2017013027,PRD_5DB928790C7E449C8459,027/114,RR,KO,POKEMON,sm4p_ja-27,sm3-39
CRD_0C3B183FCB4142F2B7B8,괴력몬 EX,BS2015005037,PRD_D8F59899D45046079FE1,037/081,RR,KO,POKEMON,xy7_ja-37,xy7-37
CRD_13F9528AE66A482F9AC7,나몰빼미&알로라나시 GX,BS2019011001,PRD_3E9DB59EE4A3494BAC2C,001/054,RR,KO,POKEMON,sm10b_ja-1,sm11-1
CRD_017439C155E14354863F,악비아르,BS2025007143,PRD_D52A4B350D2344119847,143/086,AR,KO,POKEMON,sv11b_ja-143,zsv10pt5-137
CRD_023DB72F38FC4C87B95B,님피아 ex,BS2024019212,PRD_D26383A636BE42F09D6B,212/187,SAR,KO,POKEMON,sv8a_ja-212,sv8pt5-156
CRD_9663E5A93BBF4AEBA664,오박사의 세팅,BS2019014073,PRD_8F7CD105F639462ABA75,073/064,SR,KO,TRAINER,sm11a_ja-72,sm12-233
CRD_98B1AD5A09294E4AA9F5,오리진 펄기아 VSTAR,BS2023001259,PRD_B4F8E0D2E2414F1DBC9B,259/172,UR,KO,POKEMON,swsh12a_ja-259,swsh12pt5gg-GG67
CRD_9B8E69E27F554FA08F77,글레이시아 GX,BS2018002067,PRD_F201E3D7E4F640C7847E,067/066,SR,KO,POKEMON,sm5m_ja-67,sm5-141
CRD_9BC07E8750E34D2EA7E4,암호마니아의 해독,BS2024005092,PRD_B8A7BADF7613420288AC,092/071,SR,KO,TRAINER,sv5m_ja-90,sv5-198
CRD_9FA75D54C4294BA2BBBB,히스이 대검귀 VSTAR,BS2023001087,PRD_B4F8E0D2E2414F1DBC9B,087/172,RRR,KO,POKEMON,swsh12a_ja-87,swsh10-102
CRD_B24FEAA15B354EE7A819,파라섹트,BS2022011121,PRD_554AB5D7D5A440D0AA2A,072/071,CHR,KO,POKEMON,swsh10a_ja-72,swsh11tg-TG01
CRD_A6FB671794764AE49A66,모단단게,BS2024012107,PRD_3C9C174C842D499D9A02,107/102,AR,KO,POKEMON,sv7_ja-107,sv7-149
CRD_088D2EC7F19046DCB5F5,모크나이퍼 ex,BS2026002012,PRD_B269D7FE35F74921BDB2,012/080,RR,KO,POKEMON,m3_ja-12,me3-12
CRD_9B1935C2FFE14C9493B6,삐,BS2023015113,PRD_C017B01380CF490A9480,113/108,AR,KO,POKEMON,sv3_ja-113,sv3-202
CRD_8E7F741A0EA743319394,가라르 데스판,BS2020016265,PRD_595A32AA23664B6ABD92,265/190,S,KO,POKEMON,swsh4a_ja-265,swsh45sv-SV066
CRD_9C3BF0A3D4544A87AE5F,찌리비크,BS2024001251,PRD_219AD0EF77CA4165AD0F,251/190,S,KO,POKEMON,sv4a_ja-251,sv4pt5-146
CRD_9F22D144C3944837A628,흉내내,BS2024001262,PRD_219AD0EF77CA4165AD0F,262/190,S,KO,POKEMON,sv4a_ja-262,sv4pt5-157
CRD_9E3FF9A0219649098877,팔데아 켄타로스,BS2024001223,PRD_219AD0EF77CA4165AD0F,223/190,S,KO,POKEMON,sv4a_ja-223,sv4pt5-120
CRD_0736415A8A2440169E58,스완나,BS2020016295,PRD_595A32AA23664B6ABD92,295/190,S,KO,POKEMON,swsh4a_ja-295,swsh45sv-SV096
CRD_A4F869F470ED469F8FDF,스트린더,BS2024001246,PRD_219AD0EF77CA4165AD0F,246/190,S,KO,POKEMON,sv4a_ja-246,sv4pt5-141
CRD_1B75DAEB61EA4A2D9A2A,마스터드 일격의 태세,,PRD_FDDAB6E1AF8D49E6A224,088/070,HR,KO,TRAINER,swsh5i_ja-88,swsh5-177
CRD_1B81F3B284534F8B8896,스트린더 VMAX,BS2020016315,PRD_595A32AA23664B6ABD92,315/190,SSR,KO,POKEMON,swsh4a_ja-315,swsh45sv-SV113
CRD_1645BF1E84C74BFFBE20,기로치 ex,BS2024011081,PRD_7293190A22224C0598D5,081/064,SR,KO,POKEMON,sv6a_ja-81,sv6pt5-84
CRD_147D2B78F8B043E3BB91,루기아 V,BS2022017110,PRD_75DAB61BCF5342C38563,110/098,SR,KO,POKEMON,swsh12_ja-110,swsh12-186
CRD_1C7DCAE87E334BB2AA8B,히드런 V,BS2022008014,PRD_7DF9CF9792C3451BBA08,014/067,RR,KO,POKEMON,swsh10p_ja-14,swsh10-25
CRD_1520EDCDD3D64D6CA7AE,리자드,BS2024001211,PRD_219AD0EF77CA4165AD0F,211/190,S,KO,POKEMON,sv4a_ja-211,sv4pt5-110
CRD_14EB3BE3034D40278311,쥬피썬더,BS2022001193,PRD_767E549F894445C98D52,193/184,CHR,KO,POKEMON,swsh8b_ja-193,swsh9tg-TG04
CRD_157F33DF43A34D268793,두빅굴,BS2025007109,PRD_D52A4B350D2344119847,109/086,AR,KO,POKEMON,sv11b_ja-109,zsv10pt5-105
CRD_15FD761C7E9D47358044,기로치 ex,BS2024019104,PRD_D26383A636BE42F09D6B,104/187,RR,KO,POKEMON,sv6a_ja-38,sv6pt5-38
CRD_1628769382AC47C581EB,해피너스 V,BS2021005079,PRD_EACC12D2E1D547E3ACE6,079/070,SR,KO,POKEMON,swsh6k_ja-79,swsh6-183
CRD_1640B082EE3340AAB612,전룡 GX,BS2018013006,PRD_6DB848A34AB046C29FCF,006/052,RR,KO,POKEMON,sm8a_ja-6,sm9-43
CRD_19F51F8288034A4781BC,워글,BS2025008157,PRD_53034524E98C4FE8BF8D,157/086,AR,KO,POKEMON,sv11w_ja-157,zsv10pt5-155
CRD_1AA86801F7BB4278A6C8,샹델라,BS2025007102,PRD_D52A4B350D2344119847,102/086,AR,KO,POKEMON,sv11b_ja-102,rsv10pt5-103
CRD_1AFBAC5E15DA4DBFB50A,아라리,BS2024016065,PRD_3FAB90CDEC7C43B6A8DF,065/064,AR,KO,POKEMON,sv7a_ja-65,sv8-192
CRD_1BA92AE483D3487E9AD9,레지락 ex,BS2025006115,PRD_FA31487748A24EAF9EE3,115/098,SR,KO,POKEMON,sv10_ja-115,sv10-214
CRD_1C6AC6FAD7E44F1EBBC2,앗차프,BS2025007105,PRD_D52A4B350D2344119847,105/086,AR,KO,POKEMON,sv11b_ja-105,zsv10pt5-101
CRD_20857DA3F57C4FAC9BE3,이브이 GX,BS2019017188,PRD_C50AF6B22D9843F5B112,188/173,SR,KO,POKEMON,sm12a_ja-188,smp-SM233
CRD_0772C5CF7513F14CB993C2F4FEE4944E,판쵸 피카츄 (레쿠쟈 2),231/XY-P,JP_PROMO_EXCLUSIVE,231/XY-P,PR,JP,POKEMON,xyp_ja-231,
CRD_BE2C80A0B66343AA892E,식스테일,BS2025009067,PRD_488E92535E424D04B2B5,067/063,AR,KO,POKEMON,m1l_ja-67,me1-138
CRD_D354887EB90344EE923F,밀로틱 ex,BS2024017131,PRD_0CC50B878F5F40BAA824,131/106,SAR,KO,POKEMON,sv8_ja-131,sv8-237
CRD_DD0CD37E614744718643,멜메탈 GX,BS2019017184,PRD_C50AF6B22D9843F5B112,184/173,SR,KO,POKEMON,sm12a_ja-184,NO_EN
CRD_33CA09BF26188C6BDA6EA9F79332A025,판쵸 피카츄 (리자몽 X),207/XY-P,JP_PROMO_EXCLUSIVE,207/XY-P,PR,JP,POKEMON,xyp_ja-207,
CRD_DBF213BF7C11429B9323,야돈,BS2024001219,PRD_219AD0EF77CA4165AD0F,219/190,S,KO,POKEMON,sv4a_ja-219,sv4pt5-116
CRD_0C741136B4054397BC6E,거북왕 EX,BS2014501061,PRD_9977B6F18CD34810B58A,061/060,SR,KO,POKEMON,xy1y_ja-61,xy1-142
CRD_D77DDA36A4604E1A840A,마쿠와,BS2021007086,PRD_BD7FA21EB0B4407086A0,086/069,SR,KO,TRAINER,swsh6a_ja-87,swsh7-201
CRD_0E33DD1809A342308392,바닥트리오 ex,BS2024004087,PRD_171222A74859484783EB,087/071,SR,KO,POKEMON,sv5k_ja-87,sv5-190
CRD_0E49A59862734A4BA71B,차곡차곡 GX,BS2018007060,PRD_D2E62F137D9A44ACBEBC,060/096,RR,KO,POKEMON,sm7_ja-60,sm7-102
CRD_0E8F6A83F9C24975A316,알로라 닥트리오,BS2024017116,PRD_0CC50B878F5F40BAA824,116/106,AR,KO,POKEMON,sv8_ja-116,sv8-208
CRD_20890E3348E540539C0B,파비코리 ex,BS2023022090,PRD_245223BF212C456385F3,090/066,SAR,KO,POKEMON,sv4m_ja-90,sv4-253
CRD_0F66DA7EFE8642B8BEC7,에이스번 V,BS2020004016,PRD_D785A25B9DFD4C32AE7C,016/070,RR,KO,POKEMON,swsh1a_ja-16,swsh45-18
CRD_0D5CD6FAF42744938562,찬란한 달코퀸,BS2022016009,PRD_0C8B6847314E495B9C8E,009/068,K,KO,POKEMON,swsh11a_ja-9,swsh12-16
CRD_0E3023BFDFCA4815BC48,두루지벌레,BS2020016206,PRD_595A32AA23664B6ABD92,206/190,S,KO,POKEMON,swsh4a_ja-206,swsh45sv-SV007
CRD_C88F58584ECC45019F54,파밀리쥐,BS2024001318,PRD_219AD0EF77CA4165AD0F,318/190,S,KO,POKEMON,sv4a_ja-318,sv4pt5-210
CRD_CB258E4BA4884902A051,파라꼬,BS2020016300,PRD_595A32AA23664B6ABD92,300/190,S,KO,POKEMON,swsh4a_ja-300,swsh45sv-SV101
CRD_D4F1ED76199148DD94FA,패리퍼,BS2024001312,PRD_219AD0EF77CA4165AD0F,312/190,S,KO,TRAINER,sv4a_ja-312,sv4pt5-204
CRD_E556E0ACF3B040059DC9,오리진 펄기아 VSTAR,BS2022008023,PRD_7DF9CF9792C3451BBA08,023/067,RRR,KO,POKEMON,swsh10p_ja-23,swsh10-40
CRD_E9B8CA77A7664CE8B9CF,오거폰 주춧돌의 가면 ex,BS2024008119,PRD_980F0BFCCDBB47558BFA,119/101,SR,KO,POKEMON,sv6_ja-119,sv6-199
CRD_FA3F82848A274CCC8A5A,버베나와 헬레나,BS2025015219,PRD_90A8D5BDA5664CEF9F48,219/193,SR,KO,TRAINER,m2a_ja-221,me2pt5-254
CRD_B44585853A93C37F791B552F69C70AA6,맥도날드 피카츄,,JP_PROMO_EXCLUSIVE,020/MP,PR,JP,POKEMON,mp_ja-20,
CRD_E5D6561E00FA4E9D92EC,저리릴,BS2025007118,PRD_D52A4B350D2344119847,118/086,AR,KO,POKEMON,sv11b_ja-118,zsv10pt5-114
CRD_1050F085B2EE449DB943,하랑우탄,BS2020016297,PRD_595A32AA23664B6ABD92,297/190,S,KO,POKEMON,swsh4a_ja-297,swsh45sv-SV098
CRD_1019C2CFB1EE47139FD8,찌리배리,BS2023015112,PRD_C017B01380CF490A9480,112/108,AR,KO,POKEMON,sv3_ja-112,sv3-201
CRD_BE6756C32CA74D509D22,과사삭벌레,BS2020016211,PRD_595A32AA23664B6ABD92,211/190,S,KO,POKEMON,swsh4a_ja-211,swsh45sv-SV012
CRD_43FD147D4B73449DA411,가라르 포니타,BS2020016246,PRD_595A32AA23664B6ABD92,246/190,S,KO,POKEMON,swsh4a_ja-246,swsh45sv-SV047
CRD_16D569A705C64B95885E,M얼음귀신 EX,BS2015006061,PRD_E658C5D993B042F88176,061/059,SR,KO,POKEMON,xy8b_ja-61,xy8-156
CRD_16E2995DF023409E852F,강철톤 EX,BS2016006032,PRD_CBD194134D1F48C5B86E,032/054,RR,KO,POKEMON,xy11f_ja-32,xy11-67
CRD_17C83FF85F944764957F,과미르,BS2024008103,PRD_980F0BFCCDBB47558BFA,103/101,AR,KO,POKEMON,sv6_ja-103,sv6-170
CRD_187E76533B5540179493,지가르데 GX,BS2018004050,PRD_3FDB16A819514C3C85B3,050/094,RR,KO,POKEMON,sm6_ja-50,sm6-73
CRD_17ED530C10224680B18D,빙큐보,BS2020016234,PRD_595A32AA23664B6ABD92,234/190,S,KO,POKEMON,swsh4a_ja-234,swsh45sv-SV035
CRD_1D61B56A81F04560A587,염뉴트 ex,BS2026002016,PRD_B269D7FE35F74921BDB2,016/080,RR,KO,POKEMON,m3_ja-16,me3-16
CRD_1E093F6900FF4470B84E,카푸나비나 GX,BS2017005052,PRD_B037DA2FF59847768F3C,052/050,SR,KO,TRAINER,sm2l_ja-52,sm2-137
CRD_1ED4DECEA3A14B6C81A6,갱도라,BS2024008111,PRD_980F0BFCCDBB47558BFA,111/101,AR,KO,POKEMON,sv6_ja-111,sv6-184
CRD_1F45F12DC0264E98B4E1,메가눈여아 ex,BS2025015233,PRD_90A8D5BDA5664CEF9F48,233/193,SAR,KO,POKEMON,m2a_ja-233,me2pt5-275
CRD_1CCD9CD035A348629CD9,갸라도스 VMAX,,PRD_3AD5C945B465480BA36C,081/067,HR,KO,POKEMON,swsh7r_ja-81,swsh7-207
CRD_1EE8B7BE600043EF8C97,피죤투 ex,BS2024001335,PRD_219AD0EF77CA4165AD0F,335/190,SSR,KO,POKEMON,sv4a_ja-335,sv4pt5-221
CRD_1D12B07C82D340E9AC74,포켓몬놀이,BS2020016198,PRD_595A32AA23664B6ABD92,198/190,SR,KO,TRAINER,swsh4a_ja-197,swsh45-70
CRD_203E701EC38E4E9A8ECE,일격 우라오스 VMAX,,PRD_767E549F894445C98D52,282/184,UR,KO,POKEMON,swsh8b_ja-282,swsh9tg-TG29
CRD_20F5210F50C6418AB471,네르케,BS2024001350,PRD_219AD0EF77CA4165AD0F,350/190,SAR,KO,TRAINER,sv4a_ja-352,sv4pt5-236
CRD_04E7F61A130E41B8AE30,메가지가르데 ex,BS2026002097,PRD_B269D7FE35F74921BDB2,097/080,SR,KO,POKEMON,m3_ja-97,me3-104
CRD_20E1890D79D254945C3E00F70560A986,스카루단 고꼬 피카츄,,JP_PROMO_EXCLUSIVE,013/SM-P,PR,JP,POKEMON,smp_ja-13,
CRD_231D861950D2482F92C0,아머까오 V,BS2021002078,PRD_AD7B5C4F802F4D64BE90,078/070,SR,KO,POKEMON,swsh5r_ja-78,swsh5-156
CRD_39C73BE28BA84C03307F1717CAA31C9E,루이지 피카츄 (296),,JP_PROMO_EXCLUSIVE,296/XY-P,PR,JP,POKEMON,xyp_ja-296,
CRD_228710100B794B3B940D,팬텀&따라큐 GX,BS2019001103,PRD_0D6AE93A1F194DF2AFCC,103/095,SR,KO,POKEMON,sm9_ja-103,sm9-165
CRD_22C99839A70742369E3E,일목,BS2019017199,PRD_C50AF6B22D9843F5B112,199/173,SR,KO,TRAINER,sm12a_ja-189,NO_EN
CRD_2332E667E081490D836A,메가앱솔 ex,BS2025009089,PRD_488E92535E424D04B2B5,089/063,SAR,KO,POKEMON,m1l_ja-89,me1-180
CRD_22E4A9137EB24D9A80C6,아마루르가,BS2026002084,PRD_B269D7FE35F74921BDB2,084/080,AR,KO,POKEMON,m3_ja-84,me3-92
CRD_0F8A51DF3CF3497BAD9D,모험가의 발견,BS2022001263,PRD_767E549F894445C98D52,263/184,SR,KO,TRAINER,swsh8b_ja-267,swsh11tg-TG23
CRD_16E335392D60451C9EA2,샤크니아 EX,BS201707070,PRD_87A114BC5BF44CB19C97,070/171,RR,KO,POKEMON,xy5t_ja-44,xy5-91
CRD_210F30877AE44F18910C,우락고래,BS2024016069,PRD_3FAB90CDEC7C43B6A8DF,069/064,AR,KO,POKEMON,sv7a_ja-69,sv8-201
CRD_21AFED71CBC5406A8145,개굴닌자 GX,BS2018004020,PRD_3FDB16A819514C3C85B3,020/094,RR,KO,POKEMON,sm6_ja-20,sm6-24
CRD_2301905FC60B4E48B82C,아머까오 V,BS2021002055,PRD_AD7B5C4F802F4D64BE90,055/070,RR,KO,POKEMON,swsh5r_ja-55,swsh5-109
CRD_21BD8B5DBB024A8FBC30,아머까오 VMAX,BS2021002056,PRD_AD7B5C4F802F4D64BE90,056/070,RRR,KO,POKEMON,swsh5r_ja-56,swsh5-110
CRD_2202D899B2514A12A3B3,싸리용 ex,BS2024017081,PRD_0CC50B878F5F40BAA824,081/106,RR,KO,POKEMON,sv8_ja-81,sv8-142
CRD_2208E78703C9455EA45A,N의 조로아,BS2025001108,PRD_EC14FE47676E4D529FD0,108/100,AR,KO,POKEMON,sv9_ja-108,svp-189
CRD_235AEB6FAEA54083A5AF,무쇠암석 ex,BS2026001429,PRD_6F0F228947EF48919808,429/742,RR,KO,POKEMON,NO_JP,svp-147
CRD_2363D7E348AC45C3AD5C,카푸꼬꼬꼭 GX,BS2017004053,PRD_580510CA86824BE7B26B,053/050,SR,KO,POKEMON,sm2k_ja-53,sm2-135
CRD_27BABDECB2404E3D873F,리자몽 V,BS2022002102,PRD_FA60964DC9AC4C999AC2,102/100,SR,KO,POKEMON,swsh9_ja-102,swsh9-153
CRD_24141283AF4D42638547,볼가이,BS2020016195,PRD_595A32AA23664B6ABD92,195/190,SR,KO,TRAINER,swsh4a_ja-196,swsh45-65
CRD_23726C952A68490FB117,아쿠스타,BS2024001222,PRD_219AD0EF77CA4165AD0F,222/190,S,KO,POKEMON,sv4a_ja-222,sv4pt5-119
CRD_23872FA0E5334B128E5A,파이어로 V,BS2020014016,PRD_32C23D5FA71F45ADB572,016/100,RR,KO,POKEMON,swsh4_ja-16,swsh4-29
CRD_D07DE78E55D4229AB02C,라티아스&라티오스 GX,BS2019001060,PRD_0D6AE93A1F194DF2AFCC,060/095,RR,KO,POKEMON,sm9_ja-60,sm9-113
CRD_238DFF5330E44802A6A3,푸크린 ex,BS2024001141,PRD_219AD0EF77CA4165AD0F,141/190,RR,KO,TRAINER,sv4a_ja-141,sv3pt5-40
CRD_238E85F07B63450BB517,무쇠손 ex,BS2023022088,PRD_245223BF212C456385F3,088/066,SAR,KO,POKEMON,sv4m_ja-88,sv4-248
CRD_24EBBFED607C41D7B562,조로아,BS2024011072,PRD_7293190A22224C0598D5,072/064,AR,KO,POKEMON,sv6a_ja-72,sv6pt5-75
CRD_25B8055B794A45B99714,메가아쿠스타 ex,BS2026002021,PRD_B269D7FE35F74921BDB2,021/080,RR,KO,POKEMON,m3_ja-21,me3-21
CRD_24845E4BD72A47AAA490,라티오스 EX,BS2015004048,PRD_9B9032EBA3C24F1ABA5C,048/078,RR,KO,POKEMON,xy6_ja-48,xy6-58
CRD_254CCBD76DFA46BDB30B,스이쿤 V,BS2023001024,PRD_B4F8E0D2E2414F1DBC9B,024/172,RR,KO,POKEMON,swsh12a_ja-24,swsh7-31
CRD_2570702FE3854423A069,무쇠바퀴 ex,BS2024001132,PRD_219AD0EF77CA4165AD0F,132/190,RR,KO,POKEMON,sv4a_ja-132,sv4pt5-66
CRD_25C4E5DDBD5348CBACD3,윽우지 V,BS2020002066,PRD_7CCB63858C7E43A287F2,066/060,SR,KO,POKEMON,swsh1w_ja-66,swsh1-198
CRD_25D1A6018B5A4A0AA38C,마스터드 일격의 태세,BS2021001079,PRD_FDDAB6E1AF8D49E6A224,079/070,SR,KO,TRAINER,swsh5i_ja-81,swsh5-163
CRD_1F0C27DC82064235A11C,글레이시아 VMAX,,PRD_BD7FA21EB0B4407086A0,090/069,HR,KO,POKEMON,swsh6a_ja-90,swsh7-208
CRD_093AB925F0C14BB1BFF6,글레이시아 VMAX,,PRD_BD7FA21EB0B4407086A0,091/069,HR,KO,POKEMON,swsh6a_ja-91,swsh7-209
CRD_269A7AD114DA491CA9AC,레시라무 ex,BS2025008174,PRD_53034524E98C4FE8BF8D,174/086,BWR,KO,POKEMON,sv11w_ja-174,rsv10pt5-173
CRD_262F67E35B964E6B9C67,야도킹 ex,BS2023011086,PRD_514C148400944D8AA72F,086/071,SR,KO,POKEMON,sv2p_ja-86,sv2-238
CRD_26947826E457449096C5,마스터드 연격의 태세,BS2021002079,PRD_AD7B5C4F802F4D64BE90,079/070,SR,KO,TRAINER,swsh5r_ja-80,swsh5-162
CRD_26AE57743E2F41B084F2,차곡차곡 GX,BS2019002088,PRD_F0B2C76547E5479F8E65,088/150,RR,KO,POKEMON,sm8b_ja-88,sm7-102
CRD_2D4AA6D08A11483FA5DB,무쇠가시 ex,BS2026001282,PRD_6F0F228947EF48919808,282/742,RR,KO,POKEMON,sv5a_ja-33,sv8pt5-32
CRD_2165621DAD614A36A40F,지우의 피카츄,SMP0000000068,PRD_231732ED8F2047F39E3E,047/SM-P,SM-P,KO,POKEMON,smp_ja-74,smp-SM112
CRD_0FAEC0B6410647398E22,메가아쿠스타 ex,BS2026002111,PRD_B269D7FE35F74921BDB2,111/080,SAR,KO,POKEMON,m3_ja-111,me3-118
CRD_322DAF78A9B34EA2B745,연격 우라오스 VMAX,,PRD_767E549F894445C98D52,283/184,UR,KO,POKEMON,swsh8b_ja-283,swsh9tg-TG30
CRD_274ED0D22EC54F229DAE,포켓몬 브리더,BS2017010077,PRD_F59042429A0444D3B06F,077/072,SR,KO,TRAINER,sm3p_ja-77,sm35-73
CRD_2E2D7916E97E4BB997FF,토게키스 V,BS2020012058,PRD_FE54F67A9C114773A9CD,058/076,RR,KO,POKEMON,swsh3a_ja-58,swsh4-140
CRD_275591C4CE6A45D2A1B4,메가이어롭 ex,BS2025014114,PRD_DD94FB8DCB7C4A129478,114/080,SAR,KO,POKEMON,m2_ja-114,me2-128
CRD_2893BDF7C7674E7A8E66,게치스플라스마단,BS2013002055,PRD_D2B25BD104C94F7CA1E1,055/051,SR,KO,TRAINER,bw8s_ja-55,bw9-115
CRD_088EFCFA66FD4762A236,파이어로 BREAK,PR2015001152,PRD_5335DFBF031D4BA68337,,PR,KO,POKEMON,xyp_ja-238,xy11-21
CRD_297BD701806B4583B02D,헬가,BS2024011066,PRD_7293190A22224C0598D5,066/064,AR,KO,POKEMON,sv6a_ja-66,sv6pt5-66
CRD_27858E2B38CF47A7A939,페르시온,BS2024011075,PRD_7293190A22224C0598D5,075/064,AR,KO,POKEMON,sv6a_ja-75,sv6pt5-78
CRD_29775D0DA6924EA992F1,배우르,BS2020016303,PRD_595A32AA23664B6ABD92,303/190,S,KO,POKEMON,swsh4a_ja-303,swsh45sv-SV104
CRD_27E9FB0B75EB487ABBF6,가디안 EX,BS201707091,PRD_87A114BC5BF44CB19C97,091/171,RR,KO,POKEMON,xy_ja-91,xy11-78
CRD_2816C9B402A643F99D42,이상해꽃 ex,BS2023014184,PRD_DAB43E31433041FC942F,184/165,SR,KO,POKEMON,sv2a_ja-184,sv3pt5-182
CRD_2938D81021984B85A99B,로켓단의 페르시온 ex,BS2026001560,PRD_6F0F228947EF48919808,560/742,RR,KO,POKEMON,NO_JP,svp-218
CRD_2951B02D3BE7488DA649,피카츄,SMP0000000005,PRD_CD2D408CD162428D93A7,005/SM-P,SM-P,KO,POKEMON,sm0_ja-4,smp-SM04
CRD_29E55FFA536646B6A891,히스이 블레이범 VSTAR,BS2022004130,PRD_B6A92B9A3823440F8F49,085/067,HR,KO,POKEMON,swsh9a_ja-85,swsh10-193
CRD_0421FACBD6704E71B2CE,입치트 EX,PR2015001098,PRD_5335DFBF031D4BA68337,,PR,KO,POKEMON,xyp_ja-185,xyp-XY103
CRD_2ACE89E68BFA4F5BA7C3,석탄산 V,BS2020012080,PRD_FE54F67A9C114773A9CD,080/076,SR,KO,POKEMON,swsh3a_ja-80,swsh4-173
CRD_2BAD952E439344719A81,레쿠쟈 VMAX,,PRD_767E549F894445C98D52,284/184,UR,KO,POKEMON,swsh8b_ja-284,swsh12tg-TG29
CRD_278AFBE27D01417B9CBC,칼라마네로,PR2015001114,PRD_5335DFBF031D4BA68337,,PR,KO,POKEMON,xyp_ja-130,xyp-XY58
CRD_29E34E5A35CC4FFAB36C,후파 EX,BS2015005087,PRD_D8F59899D45046079FE1,087/081,SR,KO,POKEMON,xy7_ja-87,xy7-89
CRD_2A2C765236DC4E0DA39B,비크티니 V,BS2022003059,PRD_B2ACFB7F8D3D424D8D60,059/414,RR,KO,POKEMON,swsh5r_ja-12,swsh5-21
CRD_3935851BE6988D5F34B3,부스터 ex,BS2024019202,PRD_D26383A636BE42F09D6B,202/187,SAR,KO,POKEMON,sv8a_ja-202,sv8pt5-146
CRD_2A791989EEEC43F481BB,메가지가르데 ex,BS2026002113,PRD_B269D7FE35F74921BDB2,113/080,SAR,KO,POKEMON,m3_ja-113,me3-120
CRD_2A8D1058C4D1432DA733,버터플 V,BS2020010071,PRD_9C4063C50B5B45C09FF9,071/070,SR,KO,POKEMON,swsh2a_ja-71,swsh3-177
CRD_2ADA9594E1954CF89E7B,깨봉이,BS2025008138,PRD_53034524E98C4FE8BF8D,138/086,AR,KO,POKEMON,sv11w_ja-138,rsv10pt5-140
CRD_2B58D40C1AE74F69A349,성화,BS2022011142,PRD_554AB5D7D5A440D0AA2A,093/071,HR,KO,TRAINER,swsh10a_ja-95,swsh11-204
CRD_2BDD89F3616849468EE4,데스니칸,BS2025008120,PRD_53034524E98C4FE8BF8D,120/086,AR,KO,POKEMON,sv11w_ja-120,rsv10pt5-123
CRD_2CC63A0C3FDE4901A41B,모노두,BS2025008142,PRD_53034524E98C4FE8BF8D,142/086,AR,KO,POKEMON,sv11w_ja-142,rsv10pt5-146
CRD_2AFC7629A65B45FBBCC8,복숭악동 ex,BS2024011090,PRD_7293190A22224C0598D5,090/064,SAR,KO,POKEMON,sv6a_ja-90,sv6pt5-93
CRD_0AD2B95BE4924784A6C4,바닐리치,BS2023022070,PRD_245223BF212C456385F3,070/066,AR,KO,POKEMON,sv4m_ja-70,sv4-190
CRD_0F321114788E4CC0A5AB,플라이곤 EX,PR2015001063,PRD_5335DFBF031D4BA68337,,PR,KO,POKEMON,xyp_ja-114,xyp-XY61
CRD_2940721DC8F64D6382C2,M앱솔 EX,PR2015001053,PRD_5335DFBF031D4BA68337,,PR,KO,POKEMON,NO_JP,xyp-XY63
CRD_2B9182A2EF634F7E8973,올림박사의 기백,BS2023021092,PRD_8E32996A2E964C128DBF,092/066,SAR,KO,TRAINER,sv4k_ja-91,sv4-256
CRD_2BD596750DCC46F5BF44,달코퀸 ex,BS2023021080,PRD_8E32996A2E964C128DBF,080/066,SR,KO,POKEMON,sv4k_ja-80,sv4-220
CRD_2C1DA4E5D17E428CB8AF,M얼음귀신 EX,BS2015006015,PRD_E658C5D993B042F88176,015/059,RR,KO,POKEMON,xy8b_ja-15,xy8-35
CRD_2C78DB6891D243219B2F,비퀸 ex,BS2023015123,PRD_C017B01380CF490A9480,123/108,SR,KO,POKEMON,sv3_ja-123,sv3-212
CRD_2E403B756FE641CB89FF32CEB4BDDB4E,메가망나뇽 ex,BS2025015250,PRD_90A8D5BDA5664CEF9F48,250/193,MUR,KO,POKEMON,m2a_ja-250,me2pt5-295
CRD_330E7648167E59934C965289F6483878,요코하마 피카츄 (281),,JP_PROMO_EXCLUSIVE,281/SM-P,PR,JP,POKEMON,smp_ja-281,
CRD_2D4779F86C774DBFA501,청목의 수완,BS2024019193,PRD_D26383A636BE42F09D6B,193/187,SR,KO,TRAINER,sv8a_ja-188,sv8pt5-139
CRD_2D086E56EA5A4353922E,알로라나인테일 GX,BS2018009053,PRD_D59FE8DA38A0461A8AB8,053/050,SR,KO,POKEMON,sm7b_ja-53,sm8-205
CRD_2D3476E6CBAD4BDCB062,메타몽 VMAX,BS2020016141,PRD_595A32AA23664B6ABD92,141/190,RRR,KO,POKEMON,swsh4a_ja-141,swsh45-51
CRD_2D610AC70AB04D4887B7,귀뚤톡크 V,BS2022001213,PRD_767E549F894445C98D52,213/184,CSR,KO,POKEMON,swsh8b_ja-213,swsh12tg-TG12
CRD_2D84D1DA75FF4868B015,말리화,BS2018009055,PRD_D59FE8DA38A0461A8AB8,055/050,SR,KO,TRAINER,sm7b_ja-56,sm8-211
CRD_2DB11712502240BA802B,솔가레오&루나아라 GX,BS2019015020,PRD_FDF989679F15435DB74E,020/049,RR,KO,POKEMON,sm11b_ja-20,sm12-75
CRD_2F0ED241ED394BF6BF87,아이앤트 ex,BS2026001052,PRD_6F0F228947EF48919808,052/742,RR,KO,POKEMON,sv8_ja-3,sv8-4
CRD_2F4B432C1AE74911BACC,빙마 칼레오스 VMAX,,PRD_767E549F894445C98D52,278/184,UR,KO,POKEMON,swsh8b_ja-278,swsh10tg-TG29
CRD_2FABCAF7B31F4346915C,코고미,BS2025007113,PRD_D52A4B350D2344119847,113/086,AR,KO,POKEMON,sv11b_ja-113,zsv10pt5-109
CRD_2FE394C852394D129604,나몰빼미,BS2026002082,PRD_B269D7FE35F74921BDB2,082/080,AR,KO,POKEMON,m3_ja-82,me3-90
CRD_300C6F0A10AF4D768DAB,깜눈크,BS2025007141,PRD_D52A4B350D2344119847,141/086,AR,KO,POKEMON,sv11b_ja-141,zsv10pt5-135
CRD_308148D51D5845769B01,아이앤트 ex,BS2024017130,PRD_0CC50B878F5F40BAA824,130/106,SAR,KO,POKEMON,sv8_ja-130,sv8-236
CRD_2EDC5DADC4F24ECD976A,팔데아 토오 ex,BS2023010054,PRD_FC339076828C45ED9BA0,054/073,RR,KO,POKEMON,sv1a_ja-54,sv2-130
CRD_174C612CD9AF412F9F27,에써르,BS2020016258,PRD_595A32AA23664B6ABD92,258/190,S,KO,POKEMON,swsh4a_ja-258,swsh45sv-SV059
CRD_2F3643AC21E84F689C43,쉐이미 EX,BS201707106,PRD_87A114BC5BF44CB19C97,106/171,RR,KO,POKEMON,xy6_ja-63,xy6-77
CRD_2FCEBFB496E94F0CB99B,무한다이노 V,BS2022001246,PRD_767E549F894445C98D52,246/184,CSR,KO,POKEMON,swsh8b_ja-246,swsh11tg-TG21
CRD_2FDCD42F1BBC4E4BAD11,석탄산 V,BS2020012042,PRD_FE54F67A9C114773A9CD,042/076,RR,KO,POKEMON,swsh3a_ja-42,swsh4-98
CRD_0422D05B3FF54A3F9FB8,파라솔 아가씨,BS2023020089,PRD_B7309AB1FDF64E4EA6B1,089/062,SAR,KO,TRAINER,sv3a_ja-89,sv4-255
CRD_2E4CD75454EB4A199A90,마기라스 V,BS2021001077,PRD_FDDAB6E1AF8D49E6A224,077/070,SR,KO,POKEMON,swsh5i_ja-77,swsh5-155
CRD_2F0219577D244E019E99,레시라무 GX,BS2019002018,PRD_F0B2C76547E5479F8E65,018/150,RR,KO,POKEMON,sm8b_ja-18,smp-SM137
CRD_30A6CD03B29E4EAFA1C2,로켓단의 니로우,BS2025006106,PRD_FA31487748A24EAF9EE3,106/098,AR,KO,TRAINER,sv10_ja-106,sv10-200
CRD_31985982AAFB4AECA49A,레쿠쟈 VMAX,,PRD_3AD5C945B465480BA36C,082/067,HR,KO,POKEMON,swsh7r_ja-82,swsh7-217
CRD_31587FB56FBD49B593F1,피오네,BS2024007071,PRD_965FA5E5CD004C97AE74,071/066,AR,KO,TRAINER,sv5a_ja-71,sv6-175
CRD_318B01AFB53C42318601,더시마사리 GX,BS2017003056,PRD_8E7CED8394594453A32D,056/051,SR,KO,POKEMON,sm1p_ja-56,sm2-136
CRD_30E3A8301DC84AC182A0,올리르바,BS2024001205,PRD_219AD0EF77CA4165AD0F,205/190,S,KO,POKEMON,sv4a_ja-205,sv4pt5-104
CRD_30EDC0F1FD7B46A58FDE,춤추새 GX,BS2019016097,PRD_26B8AEB977614902B314,097/095,SR,KO,POKEMON,sm12_ja-97,sm12-217
CRD_244EB50258FC45D58BB7,이브이 ex,BS2026001566,PRD_6F0F228947EF48919808,566/742,RR,KO,POKEMON,sv8a_ja-126,sv8pt5-75
CRD_30975550ADDC4EA8A667,부스터 V,BS2021007073,PRD_BD7FA21EB0B4407086A0,073/069,SR,KO,POKEMON,swsh6a_ja-73,swshp-SWSH179
CRD_31207730A1244D4BA676,멜메탈 ex,BS2023016085,PRD_BBA412AFA17F47F4B0BA,085/139,RR,KO,POKEMON,NO_JP,sv3-153
CRD_31940B3434F54CAB8CAB,이노,BS2026002107,PRD_B269D7FE35F74921BDB2,107/080,SR,KO,TRAINER,m3_ja-106,me3-112
CRD_31E2B98699A1410FBAC9,브라이어,BS2024012124,PRD_3C9C174C842D499D9A02,124/102,SR,KO,TRAINER,sv7_ja-126,sv7-163
CRD_32082DD1A5DE41889046,이야후 ex,BS2024011037,PRD_7293190A22224C0598D5,037/064,RR,KO,POKEMON,sv6a_ja-37,sv6pt5-37
CRD_321E17A2C21747AAB24E,복숭악동 ex,BS2026001491,PRD_6F0F228947EF48919808,491/742,RR,KO,POKEMON,sv6a_ja-39,sv6pt5-39
CRD_32386B204F0740378DD5,너트령,BS2023020072,PRD_B7309AB1FDF64E4EA6B1,072/062,AR,KO,POKEMON,sv3a_ja-72,sv4-209
CRD_325D356041B348968F5A,칼라마네로 EX,BS201707076,PRD_87A114BC5BF44CB19C97,076/171,RR,KO,POKEMON,xy4_ja-57,xy4-58
CRD_326058E0F4514E8083F0,글레이시아 GX,BS2018002011,PRD_F201E3D7E4F640C7847E,011/066,RR,KO,POKEMON,sm5m_ja-11,sm5-39
CRD_326BB4D3A84B467EB968,라티아스 ex,BS2024016087,PRD_3FAB90CDEC7C43B6A8DF,087/064,SAR,KO,POKEMON,sv7a_ja-87,sv8-239
CRD_32B748391B31457F884D,난천&카틀레야,BS2019016106,PRD_26B8AEB977614902B314,106/095,SR,KO,TRAINER,sm12_ja-106,sm12-228
CRD_32763B48F1E343B49F3A,드닐레이브,BS2024001235,PRD_219AD0EF77CA4165AD0F,235/190,S,KO,POKEMON,sv4a_ja-235,sv4pt5-130
CRD_32E8DC4B424E4966B6CB,쁘사이저,BS2024007067,PRD_965FA5E5CD004C97AE74,067/066,AR,KO,POKEMON,sv5a_ja-67,sv6-168
CRD_32E8F32B11894AB188C1,플루메리,BS2017008057,PRD_5358D70C809B48A3851F,057/051,SR,KO,TRAINER,sm3h_ja-57,sm3-145
CRD_33785863B77A4D888CC5,루카리오&멜메탈 GX,BS2019005058,PRD_F47B27397A4F495BA9FE,058/054,SR,KO,POKEMON,sm9b_ja-58,sm10-203
CRD_27D5FC7D18F54B668AE2,대왕끼리동,BS2020016290,PRD_595A32AA23664B6ABD92,290/190,S,KO,POKEMON,swsh4a_ja-290,swsh45sv-SV091
CRD_331B23CD1B3542C09584,피카츄&제크로무 GX,BS2019001100,PRD_0D6AE93A1F194DF2AFCC,100/095,SR,KO,POKEMON,sm9_ja-100,sm9-162
CRD_331BADEFF9654B599D78,저지맨,BS2024001344,PRD_219AD0EF77CA4165AD0F,344/190,SR,KO,TRAINER,sv4a_ja-342,sv4pt5-228
CRD_34D1A571966643B9B808,가라르 불비달마 VMAX,BS2020014024,PRD_32C23D5FA71F45ADB572,024/100,RRR,KO,POKEMON,swsh4_ja-24,swsh4-37
CRD_34B94E323039433886E9,애프룡,BS2022001186,PRD_767E549F894445C98D52,186/184,CHR,KO,POKEMON,swsh8b_ja-186,swsh10tg-TG02
CRD_34FC12FEB9C94EC0B729,크레세리아,BS2024011071,PRD_7293190A22224C0598D5,071/064,AR,KO,POKEMON,sv6a_ja-71,sv6pt5-71
CRD_3824C7743E944CD1AD14,루차불,BS2024001282,PRD_219AD0EF77CA4165AD0F,282/190,S,KO,POKEMON,sv4a_ja-282,sv4pt5-175
CRD_33A7A42687184DCAA53F,푸크린 ex,BS2023014189,PRD_DAB43E31433041FC942F,189/165,SR,KO,TRAINER,sv2a_ja-189,sv3pt5-187
CRD_3446ADE0F7424C998BED,엘풍 GX,BS2019007066,PRD_BDAF39161DD0442B99F6,066/095,RR,KO,POKEMON,sm10_ja-66,sm10-140
CRD_34771CA932624EF8993A,독침붕 V,BS2022008069,PRD_7DF9CF9792C3451BBA08,069/067,SR,KO,POKEMON,swsh10p_ja-69,swsh10-161
CRD_34BFCA1006BC49D89AF5,잉어킹&고래왕 GX,BS2019001019,PRD_0D6AE93A1F194DF2AFCC,019/095,RR,KO,POKEMON,sm9_ja-19,smp-SM166
CRD_3C0A4BD7A21440D38FB0,M가디안 EX,BS2015002076,PRD_1E0575E3D10E43ACBECB,076/070,SR,KO,POKEMON,xy5t_ja-76,xy5-156
CRD_1806774875564E268E6E,옐단의 조무래기,,PRD_FC1A7B5927A44298A2A2,071/060,HR,KO,TRAINER,swsh1h_ja-71,swsh1-210
CRD_11E419D20A2A499FAFC6,바우첼 ex,BS2024012129,PRD_3C9C174C842D499D9A02,129/102,SAR,KO,POKEMON,sv7_ja-129,sv7-169
CRD_36360E53452543DEB82B,고릴타 VMAX,,PRD_D785A25B9DFD4C32AE7C,079/070,HR,KO,POKEMON,swsh1a_ja-79,swsh2-193
CRD_25909EEE9FBE41E08266,에이스번 VMAX,,PRD_D785A25B9DFD4C32AE7C,080/070,HR,KO,POKEMON,swsh1a_ja-80,swsh2-194
CRD_354A9964DECF45BEBE57,악뜨거,BS2023010079,PRD_FC339076828C45ED9BA0,079/073,AR,KO,POKEMON,sv1a_ja-79,sv2-202
CRD_0EA9A767E8E64BC7B5D3,소니아,,PRD_D785A25B9DFD4C32AE7C,082/070,HR,KO,TRAINER,swsh1a_ja-82,swsh2-203
CRD_C9F99666A3067F779469,라티아스&라티오스 GX,BS2019001104,PRD_0D6AE93A1F194DF2AFCC,104/095,SR,KO,POKEMON,sm9_ja-104,sm9-169
CRD_3556A9DD9F2149C5BF0C,따라큐 V,BS2022001233,PRD_767E549F894445C98D52,233/184,CSR,KO,POKEMON,swsh8b_ja-233,swsh9tg-TG16
CRD_AF8736ECE64947D5A57B,고릴타,,PRD_9C4063C50B5B45C09FF9,084/070,UR,KO,POKEMON,swsh2a_ja-84,swsh3-197
CRD_359332F027204F0997A9,펄스멍 V,BS2020016313,PRD_595A32AA23664B6ABD92,313/190,SSR,KO,POKEMON,swsh4a_ja-313,swshp-SWSH085
CRD_36FC9D7A34B947999101,기라티나 EX,BS2012005053,PRD_52F25CD879E2435AB037,053/050,SR,KO,POKEMON,bw5s_ja-53,bw6-124
CRD_364F4FE8048A4DC09AA0,흑마 버드렉스 V,BS2021005076,PRD_EACC12D2E1D547E3ACE6,076/070,SR,KO,POKEMON,swsh6k_ja-76,swsh6-172
CRD_379A5BE80E2245808B5C,히스이 붐볼 V,BS2023001005,PRD_B4F8E0D2E2414F1DBC9B,005/172,RR,KO,POKEMON,swsh12a_ja-5,swshp-SWSH294
CRD_37AEC383935947D497E1,라우드본 ex,BS2023010087,PRD_FC339076828C45ED9BA0,087/073,SR,KO,POKEMON,sv1a_ja-87,sv2-233
CRD_37B2BB043B9E407EA0D9,탐리스,BS2020016298,PRD_595A32AA23664B6ABD92,298/190,S,KO,POKEMON,swsh4a_ja-298,swsh45sv-SV099
CRD_3575DCCD78834B1E8D87,실버디 GX,BS2019015065,PRD_FDF989679F15435DB74E,065/049,SR,KO,TRAINER,sm11b_ja-65,sm12-227
CRD_367674FDDC443996584B85A2030A01A3,판쵸 피카츄 (가라도스),151/XY-P,JP_PROMO_EXCLUSIVE,151/XY-P,PR,JP,POKEMON,xyp_ja-151,
CRD_35A856F18BEB432BABEC,멜로코,BS2023021085,PRD_8E32996A2E964C128DBF,085/066,SR,KO,TRAINER,sv4k_ja-87,sv4-236
CRD_36B9B397B19A425CB729,리자몽 VSTAR,BS2023001014,PRD_B4F8E0D2E2414F1DBC9B,014/172,RRR,KO,POKEMON,swsh12a_ja-14,swsh9-18
CRD_36D39DBAA5EC4EE09001,후딘 ex,BS2023014190,PRD_DAB43E31433041FC942F,190/165,SR,KO,POKEMON,sv2a_ja-190,sv3pt5-188
CRD_382ECC8BA6034DAF9178,뮤츠 VSTAR,BS2022010091,PRD_FEBA8CBAF36B40D9850F,091/071,UR,KO,POKEMON,swsh10b_ja-91,pgo-86
CRD_39A9FDACFF514F29B347,울트라네크로즈마 GX,BS2018004099,PRD_3FDB16A819514C3C85B3,099/094,SR,KO,POKEMON,sm6_ja-99,sm6-127
CRD_3A1614A1D6F443708387,수댕이,BS2025008102,PRD_53034524E98C4FE8BF8D,102/086,AR,KO,POKEMON,sv11w_ja-102,rsv10pt5-105
CRD_3B93462476FF4AC1B6AE,투로박사의 시나리오,BS2023022092,PRD_245223BF212C456385F3,092/066,SAR,KO,TRAINER,sv4m_ja-91,sv4-257
CRD_3BF8865058D243DC9DBF,플라이곤 GX,BS2019016098,PRD_26B8AEB977614902B314,098/095,SR,KO,POKEMON,sm12_ja-98,sm12-218
CRD_B8B3074785EC350DEB26,라티아스&라티오스 GX,BS2019001105,PRD_0D6AE93A1F194DF2AFCC,105/095,SR,KO,POKEMON,sm9_ja-105,sm9-170
CRD_3A0BD9F6AF5141DC9961,고동치는달 ex,BS2024019101,PRD_D26383A636BE42F09D6B,101/187,RR,KO,POKEMON,sv8a_ja-101,svp-67
CRD_38F6394B2FA64EFABD8A,대여르,BS2020016273,PRD_595A32AA23664B6ABD92,273/190,S,KO,POKEMON,swsh4a_ja-273,swsh45sv-SV074
CRD_38C95B5BCA84434CADBB,나무킹 EX,PR2015001134,PRD_5335DFBF031D4BA68337,,PR,KO,POKEMON,xyp_ja-163,xyp-XY53
CRD_38F8D1BD378046E49339,카푸꼬꼬꼭 V,BS2020001078,PRD_4D3A6225A93549AB8266,006/024,RR,KO,POKEMON,NO_JP,swsh1-72
CRD_3927C712A40B4469A53E,이올브 VMAX,BS2020014009,PRD_32C23D5FA71F45ADB572,009/100,RRR,KO,POKEMON,swsh4_ja-9,swsh4-21
CRD_39A2F0B42FC5405188AA,보스의 지령(비주기),BS2020005105,PRD_E4286779F3FF4A8DA34F,105/096,SR,KO,TRAINER,swsh2_ja-106,swsh2-189
CRD_3A163A0976E24CE79D88,단델,BS2020014109,PRD_32C23D5FA71F45ADB572,109/100,SR,KO,TRAINER,swsh4_ja-110,swsh4-182
CRD_3AEB0958DF704E919E03,M야도란 EX,BS2016009027,PRD_E8E7DDCB3A754A04BC5A,027/100,RR,KO,POKEMON,xyp_ja-263,xy12-27
CRD_3B0AA576F162446CAD28,전룡 EX,BS2015005027,PRD_D8F59899D45046079FE1,027/081,RR,KO,POKEMON,xy7_ja-27,xy7-27
CRD_3B5CF3B55F8242899616,코치 트레이너,BS2019010062,PRD_472A74A595644AAF95EA,062/054,SR,KO,TRAINER,sm10a_ja-62,sm11-233
CRD_3B9DA71B112D43DAA326,다크펫 GX,BS2019002221,PRD_F0B2C76547E5479F8E65,221/150,SSR,KO,TRAINER,sm8b_ja-221,sma-SV61
CRD_3BB0CBC7ABDE40CC8213,알로라고지 GX,SMP000000246,PRD_A1A34A5756554F088BA7,187/SM-P,SM-P,KO,POKEMON,smp_ja-384,smp-SM236
CRD_550D287466E74BD49C99,드래펄트 VMAX,,PRD_E4286779F3FF4A8DA34F,108/096,HR,KO,POKEMON,swsh2_ja-108,swsh2-197
CRD_3C062CAF599948F7BA44,난천의 패기,BS2023001236,PRD_B4F8E0D2E2414F1DBC9B,236/172,SAR,KO,TRAINER,swsh12a_ja-239,swsh12pt5gg-GG60
CRD_3CACC2204A9044EA93A2,사다이사,BS2020016270,PRD_595A32AA23664B6ABD92,270/190,S,KO,POKEMON,swsh4a_ja-270,swsh45sv-SV071
CRD_3D1FFCD550FE4CE49C08,두코,BS2024001196,PRD_219AD0EF77CA4165AD0F,196/190,S,KO,POKEMON,sv4a_ja-196,sv4pt5-97
CRD_3CF2CAAC6C6843768D3B,히스이 드레디어 V,BS2022007007,PRD_A34AF524E977421D94D7,007/067,RR,KO,POKEMON,swsh10d_ja-7,swsh10-17
CRD_3D1314647FED4C4BB1D1,루가루암 GX,BS2017007054,PRD_8A0B1007C3C94557BB73,054/049,SR,KO,POKEMON,sm2p_ja-54,sm3-136
CRD_3D1DDFE22E46497299FE,에써르 V,BS2020016316,PRD_595A32AA23664B6ABD92,316/190,SSR,KO,POKEMON,swsh4a_ja-316,swsh45sv-SV114
CRD_3D5EDF548DF943ACAADD,데덴네 GX,BS2019003016,PRD_B4B304E3BD094584B09E,016/055,RR,KO,POKEMON,sm9a_ja-16,sm10-57
CRD_3D9C68A514C54A7A8160,코라이돈 ex,BS2023006050,PRD_ED1CAC91B03F4EAD86F7,050/078,RR,KO,POKEMON,sv1s_ja-50,sv1-125
CRD_3DA9FF90C36043F5AFDC,코바르온 ex,BS2026003062,PRD_156BB71C4F5A41C39521,062/083,RR,KO,POKEMON,m4_ja-62,NO_EN
CRD_3E05F7873B1A4A2388BA,레돔벌레,BS2023022067,PRD_245223BF212C456385F3,067/066,AR,KO,POKEMON,sv4m_ja-67,sv4-184
CRD_3E28C08144174CFC8121,수풀부기,BS2024004072,PRD_171222A74859484783EB,072/071,AR,KO,POKEMON,sv5k_ja-72,sv5-164
CRD_3E39B2A60D644D419C7A,자마젠타,BS2025006107,PRD_FA31487748A24EAF9EE3,107/098,AR,KO,POKEMON,sv10_ja-107,sv10-201
CRD_3E4E6014D8C14643B6EE,한카리아스&기라티나 GX,BS2019010032,PRD_472A74A595644AAF95EA,032/054,RR,KO,POKEMON,sm10a_ja-32,sm11-146
CRD_3EC2D5FC5CD94A18B44E,메타몽 VMAX,BS2020016324,PRD_595A32AA23664B6ABD92,324/190,SSR,KO,POKEMON,swsh4a_ja-324,swsh45sv-SV119
CRD_3EB598DB6DD6410AAE57,베베솔트,BS2023012078,PRD_66FB8C2B312E46E081B1,078/071,AR,KO,POKEMON,sv2d_ja-78,sv2-220
CRD_3EE555CE8FCD4C4CA1C9,피카츄,BS2022011122,PRD_554AB5D7D5A440D0AA2A,073/071,CHR,KO,POKEMON,swsh10a_ja-73,swsh11tg-TG05
CRD_3ED9185116C84CE4B8E5,찬란한 이브이,BS2022010055,PRD_FEBA8CBAF36B40D9850F,055/071,K,KO,POKEMON,swsh10b_ja-55,swshp-SWSH230
CRD_3E9E5C6840D049589B84,모란,BS2023006097,PRD_ED1CAC91B03F4EAD86F7,097/078,SR,KO,TRAINER,sv1s_ja-100,sv1-239
CRD_06D78B5B12AC4475BDA5,돌헨진 VMAX,,PRD_7CCB63858C7E43A287F2,070/060,HR,KO,POKEMON,swsh1w_ja-70,swsh1-205
CRD_0FFEF15EE9E045CABE6F,연격 우라오스 VMAX,,PRD_AD7B5C4F802F4D64BE90,084/070,HR,KO,POKEMON,swsh5r_ja-84,swsh5-170
CRD_3F0CF7904DE24591A85C,네크로즈마 GX,BS2017009053,PRD_CF155EC649AE400EB0D1,053/051,SR,KO,POKEMON,sm3n_ja-53,sm3-134
CRD_4549B35197074BE18BA7,우락고래 ex,BS2025006113,PRD_FA31487748A24EAF9EE3,113/098,SR,KO,POKEMON,sv10_ja-113,sv10-210
CRD_3E7EFB8B95774E57AD88,찌리배리 ex,BS2023012086,PRD_66FB8C2B312E46E081B1,086/071,SR,KO,POKEMON,sv2d_ja-86,sv2-237
CRD_3F1A4E09C8E142A29BCF,맛보돈,BS2023015120,PRD_C017B01380CF490A9480,120/108,AR,KO,POKEMON,sv3_ja-120,sv3-209
CRD_4DFC063703184E429E4F,가디안 VMAX,,PRD_9C4063C50B5B45C09FF9,081/070,HR,KO,POKEMON,swsh2a_ja-81,swsh35-76
CRD_3F47FE910E9D4632AC13,키키링,BS2023012083,PRD_66FB8C2B312E46E081B1,083/071,AR,KO,POKEMON,sv2d_ja-83,sv2-228
CRD_3F76B4D8B9814F63AA83,샤미드 V,BS2021007075,PRD_BD7FA21EB0B4407086A0,075/069,SR,KO,POKEMON,swsh6a_ja-75,swshp-SWSH181
CRD_3E81540BBE5B4EF2A89E,오르티가,BS2024019192,PRD_D26383A636BE42F09D6B,192/187,SR,KO,TRAINER,sv8a_ja-189,sv8pt5-141
CRD_3E8A50AC63BE422598F2,전툴라,BS2025008114,PRD_53034524E98C4FE8BF8D,114/086,AR,KO,POKEMON,sv11w_ja-114,rsv10pt5-117
CRD_0161FB6AE117410F872F,M거북왕 EX,BS2016009106,PRD_E8E7DDCB3A754A04BC5A,106/100,SR,KO,POKEMON,cp6_ja-93,xy12-102
CRD_3FA487AFC9CD43388FA7,고릴타 V,BS2020004071,PRD_D785A25B9DFD4C32AE7C,071/070,SR,KO,POKEMON,swsh1a_ja-71,swsh2-175
CRD_25C230DC064948798E98,코르니의 기합,,PRD_AD7B5C4F802F4D64BE90,086/070,HR,KO,TRAINER,swsh5r_ja-86,swsh5-174
CRD_3D845D79A43446819D94,뮤츠 VSTAR,BS2023001051,PRD_B4F8E0D2E2414F1DBC9B,051/172,RRR,KO,POKEMON,swsh12a_ja-51,pgo-31
CRD_3FA675F84C674401A71D,마자용 V,BS2020002026,PRD_7CCB63858C7E43A287F2,026/060,RR,KO,POKEMON,swsh1w_ja-26,swsh1-86
CRD_403D661F93B3488CA6F5,국화,BS2021005080,PRD_EACC12D2E1D547E3ACE6,080/070,SR,KO,TRAINER,swsh6k_ja-81,swsh6-186
CRD_0C0972C263B343A4BB0D,자마젠타 V,BS2023001103,PRD_B4F8E0D2E2414F1DBC9B,103/172,RR,KO,POKEMON,swsh12a_ja-103,swsh9-105
CRD_3FED5DC18A974AFBB5BA,딜리버드,BS2025010074,PRD_86C30C87F04C465BA58C,074/063,AR,KO,POKEMON,m1s_ja-74,me1-152
CRD_401FD6071DA84BD28DBD,가디안 ex,BS2023006092,PRD_ED1CAC91B03F4EAD86F7,092/078,SR,KO,POKEMON,sv1s_ja-92,sv1-228
CRD_4032908FFCFF4C66A7DA,알로라질뻐기 GX,BS2017008054,PRD_5358D70C809B48A3851F,054/051,SR,KO,POKEMON,sm3h_ja-54,sm3-138
CRD_403F30AD7CEB4458A3BA,유리카,BS2018004101,PRD_3FDB16A819514C3C85B3,101/094,SR,KO,TRAINER,sm6_ja-102,sm6-128
CRD_40B4022498F2461CB0E9,자포코일 EX,BS2014002082,PRD_C2C1ECDBD68A4BC08849,082/080,SR,KO,POKEMON,xy2_ja-82,xy2-101
CRD_4B75B995CF8948918B35,핫삼 VMAX,,PRD_91D480C53D3248F79831,113/100,HR,KO,POKEMON,swsh3_ja-113,swsh3-193
CRD_40E593A0BF374678B1E8,조타구 ex,BS2026001488,PRD_6F0F228947EF48919808,488/742,RR,KO,POKEMON,sv6a_ja-36,sv6pt5-36
CRD_85ACB08A9301857D6840,라티아스&라티오스 GX,BS2019001114,PRD_0D6AE93A1F194DF2AFCC,114/095,UR,KO,POKEMON,sm9_ja-114,sm9-190
CRD_40F6EEFDAD37407C8580,폭슬라이,BS2023001192,PRD_B4F8E0D2E2414F1DBC9B,192/172,AR,KO,TRAINER,swsh12a_ja-192,swsh12pt5gg-GG17
CRD_413FD0336AAA480DAA38,루카리오&멜메탈 GX,BS2019005059,PRD_F47B27397A4F495BA9FE,059/054,SR,KO,POKEMON,sm9b_ja-59,smp-SM192
CRD_413FE230DC42456DB302,윈디 ex,BS2023007016,PRD_5AD4DD681C694EAC8DDA,016/078,RR,KO,POKEMON,sv1v_ja-16,sv1-32
CRD_329E5AFEC48D4C2B8D03,괴력몬 GX,BS2017007029,PRD_8A0B1007C3C94557BB73,029/049,RR,KO,POKEMON,sm2p_ja-29,sm3-64
CRD_43184344379E4533B6E5,두빅굴 EX,BS2014003020,PRD_48B06855BF394BE69706,020/096,RR,KO,POKEMON,xy3_ja-20,xy3-20
CRD_435238B98B534ED1A50A,마마네,BS2017007056,PRD_8A0B1007C3C94557BB73,057/049,SR,KO,TRAINER,NO_JP,sm3-146
CRD_428AF8A0299041E5A922,두드리짱 ex,BS2023012035,PRD_66FB8C2B312E46E081B1,035/071,RR,KO,POKEMON,sv2d_ja-35,svp-31
CRD_43BC0926ACC14BDDAA6B,개굴닌자 ex,BS2024007090,PRD_965FA5E5CD004C97AE74,090/066,SAR,KO,POKEMON,sv5a_ja-90,sv6-214
CRD_420EDFD54C4F42DA98EE,따라큐 V,BS2021001073,PRD_FDDAB6E1AF8D49E6A224,073/070,SR,KO,POKEMON,swsh5i_ja-73,swsh5-148
CRD_433D5703B4F246C4AFF6,메타몽,BS2024001309,PRD_219AD0EF77CA4165AD0F,309/190,S,KO,POKEMON,sv4a_ja-309,sv4pt5-201
CRD_4143730A5E3C4C31B192,불카모스,BS2025007104,PRD_D52A4B350D2344119847,104/086,AR,KO,POKEMON,sv11b_ja-104,zsv10pt5-100
CRD_05147F0295684127A3F6,액슨도,BS2024011074,PRD_7293190A22224C0598D5,074/064,AR,KO,POKEMON,sv6a_ja-74,sv6pt5-77
CRD_421B1590AD54493AA0C1,올리르바 ex,BS2025006111,PRD_FA31487748A24EAF9EE3,111/098,SR,KO,POKEMON,sv10_ja-111,sv10-207
CRD_43D855425B824A7DAA12,나로테,BS2023010076,PRD_FC339076828C45ED9BA0,076/073,AR,KO,POKEMON,sv1a_ja-76,sv2-197
CRD_43F737D98D4646BC92BE,캐터피,BS2023014172,PRD_DAB43E31433041FC942F,172/165,AR,KO,POKEMON,sv2a_ja-172,sv3pt5-172
CRD_442D7542AFE94FA494F3,대여르 V,BS2020005061,PRD_E4286779F3FF4A8DA34F,061/096,RR,KO,POKEMON,swsh2_ja-61,swsh2-110
CRD_4224526A99B34DDDA194,포푸니라 GX,BS2019017183,PRD_C50AF6B22D9843F5B112,183/173,SR,KO,POKEMON,sm12a_ja-183,NO_EN
CRD_44313E703A974D358FBF,갑주무사 GX,BS2017009007,PRD_CF155EC649AE400EB0D1,007/051,RR,KO,POKEMON,sm3n_ja-7,sm3-17
CRD_487F923F9A884FFDBD8A,메가개굴닌자 ex,,PRD_156BB71C4F5A41C39521,114/083,SAR,KO,POKEMON,m4_ja-114,NO_EN
CRD_448903DEA445481396DD,화염레오,BS2023010077,PRD_FC339076828C45ED9BA0,077/073,AR,KO,POKEMON,sv1a_ja-77,sv2-200
CRD_44A13E89FE7A4D61BDE0,헬가 EX,BS2015007060,PRD_1B1F4A770E5A4B92896A,060/059,SR,KO,POKEMON,xy8r_ja-60,xy8-153
CRD_447AD11B1C504AC4B5F7,보르그,BS2025008152,PRD_53034524E98C4FE8BF8D,152/086,AR,KO,POKEMON,sv11w_ja-152,rsv10pt5-153
CRD_44F5692ABDFC4F8DA2CA,볼트로스 EX플라스마단,BS2013003052,PRD_815E43D10B08494B9B51,052/051,SR,KO,POKEMON,bw8t_ja-52,bw9-110
CRD_02F5CFB869144C589BF7,음번 GX,BS2017008055,PRD_5358D70C809B48A3851F,055/051,SR,KO,POKEMON,sm3h_ja-55,sm3-141
CRD_4433E81381664E14ADED,로켓단의 헬가,BS2025006100,PRD_FA31487748A24EAF9EE3,100/098,AR,KO,POKEMON,sv10_ja-100,sv10-191
CRD_447A0348BBF24CB6AA73,레시라무&리자몽 GX,BS2019007007,PRD_BDAF39161DD0442B99F6,007/095,RR,KO,POKEMON,sm10_ja-7,sm10-20
CRD_113220EE585F46CDB3E3,부스터 GX,BS2019000001,PRD_15C0A5C104624A34AE78,111/095,RR,KO,POKEMON,NO_JP,smp-SM171
CRD_44A4617C7F3347A2B08A,피카츄 V,BS2022001045,PRD_767E549F894445C98D52,045/184,RR,KO,POKEMON,swsh8b_ja-45,swsh4-43
CRD_44DEAF40BD594140A6C6,치라치노 ex,BS2026003071,PRD_156BB71C4F5A41C39521,071/083,RR,KO,POKEMON,m4_ja-71,NO_EN
CRD_44E1537469C74DDBBA16,나몰빼미&알로라나시 GX,BS2019011056,PRD_3E9DB59EE4A3494BAC2C,056/054,SR,KO,POKEMON,sm10b_ja-56,sm11-215
CRD_457C08948A2D49189AA1,비크티니 VMAX,BS2021002013,PRD_AD7B5C4F802F4D64BE90,013/070,RRR,KO,POKEMON,swsh5r_ja-13,swsh5-22
CRD_13962B7254BB4EC68492,마기아나 EX,BS201707089,PRD_87A114BC5BF44CB19C97,089/171,RR,KO,POKEMON,xy11c_ja-35,xy11-75
CRD_04F21DB3B3794D47B1C9,레지락 EX,BS201707061,PRD_87A114BC5BF44CB19C97,061/171,RR,KO,POKEMON,xy_ja-61,xy10-43
CRD_45BCEE6F7FD34E328ECD,강철톤,BS2023022074,PRD_245223BF212C456385F3,074/066,AR,KO,POKEMON,sv4m_ja-74,sv4-208
CRD_032F065F3B1D42379FF6,알로라나인테일 GX,BS2019017095,PRD_C50AF6B22D9843F5B112,095/173,RR,KO,POKEMON,sm12a_ja-95,sm8-132
CRD_458264C893E84DF0975A,지가르데 GX,BS2018004096,PRD_3FDB16A819514C3C85B3,096/094,SR,KO,POKEMON,sm6_ja-96,sm6-123
CRD_46AA4AF10EC446A2A11D,기모노드레스,BS2022016089,PRD_0C8B6847314E495B9C8E,089/068,HR,KO,TRAINER,swsh11a_ja-90,swsh12-205
CRD_4CBEC2D7C8DF430DA560,메가플라엣테 ex,,PRD_156BB71C4F5A41C39521,115/083,SAR,KO,POKEMON,m4_ja-115,NO_EN
CRD_45DCE5D7B81948979409,메가무장조 ex,BS2026002054,PRD_B269D7FE35F74921BDB2,054/080,RR,KO,POKEMON,m3_ja-54,me3-55
CRD_45C9E6F60F414FF4A7C1,망나뇽 EX,BS2016009111,PRD_E8E7DDCB3A754A04BC5A,111/100,SR,KO,POKEMON,cp6_ja-98,xy12-106
CRD_0E5CE3102B684AB7B177,멜리시 BREAK,BS201707067,PRD_87A114BC5BF44CB19C97,067/171,RR,KO,POKEMON,xy_ja-67,xy10-51
CRD_466576292217484F9E58,떨구새 ex,BS2023020080,PRD_B7309AB1FDF64E4EA6B1,080/062,SR,KO,POKEMON,sv3a_ja-80,sv4-234
CRD_45D3A4AB841C4BAAA951,두랄루돈 VMAX,,PRD_767E549F894445C98D52,285/184,UR,KO,POKEMON,swsh8b_ja-285,swsh12tg-TG30
CRD_46627F2A3E6F48A9BE2F,메가가디안 ex,BS2025010092,PRD_86C30C87F04C465BA58C,092/063,MUR,KO,POKEMON,m1s_ja-92,me1-187
CRD_46675A842A144D9E84CF,가디안 EX,BS2016007038,PRD_83AFAF718E5E44349857,038/054,RR,KO,POKEMON,xy11c_ja-38,xy11-78
CRD_46AF434D15734C6787E2,도희의 비기,BS2024019228,PRD_D26383A636BE42F09D6B,228/187,SAR,KO,TRAINER,sv8a_ja-228,sv8pt5-173
CRD_46C3AF403C0244BCBFF4,코라이돈 ex,BS2024001114,PRD_219AD0EF77CA4165AD0F,114/190,RR,KO,POKEMON,sv4a_ja-114,svp-29
CRD_4705CE7F497346EB824F,가디안 VMAX,BS2020010031,PRD_9C4063C50B5B45C09FF9,031/070,RRR,KO,POKEMON,swsh2a_ja-31,swsh35-17
CRD_13D179FEFB764051B2F2,찌리리공 ex,BS2026001233,PRD_6F0F228947EF48919808,233/742,RR,KO,POKEMON,NO_JP,me2pt5-58
CRD_47977278A0254FA4BCA9,연격 우라오스 VMAX,BS2021002051,PRD_AD7B5C4F802F4D64BE90,051/070,RRR,KO,POKEMON,swsh5r_ja-51,swsh5-88
CRD_47A0659087604D088710,폭거북스,BS2024012105,PRD_3C9C174C842D499D9A02,105/102,AR,KO,POKEMON,sv7_ja-105,sv7-146
CRD_47E80B191CA7474EB9E3,큐레무 VMAX,BS2022014030,PRD_D85C098E2C3449848167,030/100,RRR,KO,POKEMON,swsh11_ja-30,swsh11-49
CRD_4825831A44A54D91A8C4,그우린차 ex,BS2024019019,PRD_D26383A636BE42F09D6B,019/187,RR,KO,POKEMON,sv8a_ja-19,sv6-23
CRD_48149BF6BE82495A8F64,세레비 VMAX,BS2021005004,PRD_EACC12D2E1D547E3ACE6,004/070,RRR,KO,POKEMON,swsh6k_ja-4,swsh6-8
CRD_48773AA6B8EC4EF892A7,가라르 프리져,BS2023001182,PRD_B4F8E0D2E2414F1DBC9B,182/172,AR,KO,POKEMON,swsh12a_ja-182,swshp-SWSH282
CRD_4828E06D60BD439AB3E4,노고고치 ex,BS2025001120,PRD_EC14FE47676E4D529FD0,120/100,SR,KO,POKEMON,sv9_ja-120,sv9-178
CRD_6CCC633E4EDE4AC7B8F3,보스의 지령,,PRD_E4286779F3FF4A8DA34F,112/096,HR,KO,TRAINER,swsh2_ja-112,swsh2-200
CRD_4828906D1AF3429BB260,글레이시아 GX,BS2019002215,PRD_F0B2C76547E5479F8E65,215/150,SSR,KO,POKEMON,sm8b_ja-215,sma-SV55
CRD_482D1C2F5F0041739B92,나인테일 BREAK,BS2016009016,PRD_E8E7DDCB3A754A04BC5A,016/100,RR,KO,POKEMON,cp6_ja-16,xy12-16
CRD_080B6E0862C44602A883,아르세우스 VSTAR,BS2023001127,PRD_B4F8E0D2E2414F1DBC9B,127/172,RRR,KO,POKEMON,swsh12a_ja-127,swsh9-123
CRD_482EA800F7DE4871AD8A,뮤츠 VSTAR,BS2023001221,PRD_B4F8E0D2E2414F1DBC9B,221/172,SAR,KO,POKEMON,swsh12a_ja-221,swsh12pt5gg-GG44
CRD_13901C5572724AADB8AA,팔데아 토오 ex,BS2024018074,PRD_58FB9039FC3548478196,074/175,RR,KO,POKEMON,NO_JP,sv9-94
CRD_483AB154688A4D959891,로켓단의 크로뱃 ex,BS2026001440,PRD_6F0F228947EF48919808,440/742,RR,KO,POKEMON,m2a_ja-101,sv10-122
CRD_485ACB25D5DE4A248426,그푸리,BS2023011072,PRD_514C148400944D8AA72F,072/071,AR,KO,POKEMON,sv2p_ja-72,sv2-198
CRD_48B34F0217EF45879C43,이올브 V,BS2022001010,PRD_767E549F894445C98D52,010/184,RR,KO,POKEMON,swsh8b_ja-10,swsh4-20
CRD_1ECDA429B4D74A1EB5F5,호브의 자시안 ex,BS2026001527,PRD_6F0F228947EF48919808,527/742,RR,KO,POKEMON,sv9_ja-69,sv9-111
CRD_48DEAB90649C4E5386BB,라프라스 VMAX,BS2020002015,PRD_7CCB63858C7E43A287F2,015/060,RRR,KO,POKEMON,swsh1w_ja-15,swsh1-50
CRD_48EDE9764E334AFE8D60,스파크,BS2022010089,PRD_FEBA8CBAF36B40D9850F,089/071,HR,KO,TRAINER,swsh10b_ja-88,pgo-85
CRD_49258A0BD56C4E8CAAE1,샤크니아 EX,BS2015002074,PRD_1E0575E3D10E43ACBECB,074/070,SR,KO,POKEMON,xy5t_ja-74,xy5-152
CRD_4926DF1CF0484F49BC50,메가리자몽X ex,BS2025014094,PRD_DD94FB8DCB7C4A129478,094/080,SR,KO,POKEMON,m2_ja-94,me2-109
CRD_49B864154D884E16A393,MC의 호응유도,BS2025005082,PRD_66A71505B24242AD9875,082/063,SR,KO,TRAINER,sv9a_ja-82,sv10-220
CRD_492B3C0921ED4DF68345,아이리스,BS2013005082,PRD_258843B22E7940E8A2A6,082/076,SR,KO,TRAINER,bw9_ja-82,bw10-101
CRD_48E53C0884D54CECB73D,히스이 미끄래곤,BS2023001196,PRD_B4F8E0D2E2414F1DBC9B,196/172,AR,KO,POKEMON,swsh12a_ja-196,swsh12pt5gg-GG21
CRD_491F98C389C24B31804E,M이상해꽃 EX,BS2016009002,PRD_E8E7DDCB3A754A04BC5A,002/100,RR,KO,POKEMON,cp6_ja-2,xy12-2
CRD_492147CE938648E78FA2,애프룡 V,BS2021001071,PRD_FDDAB6E1AF8D49E6A224,071/070,SR,KO,POKEMON,swsh5i_ja-71,swsh5-143
CRD_227EEF4A668D4B91A0DE,메가드래캄 ex,,PRD_156BB71C4F5A41C39521,116/083,SAR,KO,POKEMON,m4_ja-116,NO_EN
CRD_494E55E7C59E4B6DA4E3,야도란 EX,BS2016009026,PRD_E8E7DDCB3A754A04BC5A,026/100,RR,KO,POKEMON,xyp_ja-262,xy12-26
CRD_4986313CCE1543ED8030,에써르 V,BS2020016084,PRD_595A32AA23664B6ABD92,084/190,RR,KO,POKEMON,swsh4a_ja-84,swsh1-91
CRD_49B9C68497F94042A443,일리마,BS2017001065,PRD_498EC017052748FA9B3C,065/060,SR,KO,TRAINER,sm1s_ja-65,sm1-146
CRD_202EC7F73609423FA993,크레세리아,,PRD_BCB8045CC957488BB992,087/067,UR,KO,POKEMON,swsh7d_ja-87,swsh7-228
CRD_4A62A7429FAD4BDA9715,두송,BS2020016191,PRD_595A32AA23664B6ABD92,191/190,SR,KO,TRAINER,swsh4a_ja-194,swsh45-69
CRD_4A276329B7FE4B2B876E,러브로스,BS2024007074,PRD_965FA5E5CD004C97AE74,074/066,AR,KO,POKEMON,sv5a_ja-74,sv6-180
CRD_4A29C46B117240F8943D,돌살이,BS2025007135,PRD_D52A4B350D2344119847,135/086,AR,KO,POKEMON,sv11b_ja-135,zsv10pt5-129
CRD_4A642D0DF8D74C7B896A,잠만보 V,BS2020003045,PRD_FC1A7B5927A44298A2A2,045/060,RR,KO,POKEMON,swsh1h_ja-45,swsh1-141
CRD_4A6AB07D1EE64032B862,로켓단의 뮤츠 ex,BS2025006130,PRD_FA31487748A24EAF9EE3,130/098,UR,KO,POKEMON,sv10_ja-130,sv10-240
CRD_0BDC07CD5DF04DCC8A26,M레쿠쟈 EX,BS201707105,PRD_87A114BC5BF44CB19C97,105/171,RR,KO,POKEMON,xy6_ja-62,xy6-76
CRD_15F12748F61F45C7853E,M폭타 EX,BS201707172,PRD_87A114BC5BF44CB19C97,172/171,RR,KO,POKEMON,xy_ja-172,xyp-XY198a
CRD_1696ABBCC85248FD81F5,쥬피썬더 EX,BS201707173,PRD_87A114BC5BF44CB19C97,173/171,RR,KO,POKEMON,xy_ja-173,g1-28a
CRD_357701E9E661484B8261,킹드라 GX,BS2018005014,PRD_6FAC8D9AE7E9486E91BC,014/053,RR,KO,POKEMON,sm6a_ja-14,sm75-18
CRD_4B0D00B3E615450ABC4E,모야모,BS2023012095,PRD_66FB8C2B312E46E081B1,095/071,SAR,KO,TRAINER,sv2d_ja-96,sv2-269
CRD_4AF796183B554D43B85C,카푸꼬꼬꼭 V,BS2021001072,PRD_FDDAB6E1AF8D49E6A224,072/070,SR,KO,POKEMON,swsh5i_ja-72,swsh5-147
CRD_4B1DB69AB33149CFB3D1,파오젠 ex,BS2024001054,PRD_219AD0EF77CA4165AD0F,054/190,RR,KO,POKEMON,sv4a_ja-54,svp-30
CRD_08372C116D1A44CE82AB,에이스번 V,BS2020004072,PRD_D785A25B9DFD4C32AE7C,072/070,SR,KO,POKEMON,swsh1a_ja-72,swsh2-178
CRD_4AEF7AD96E324D9EA958,아꾸왁,BS2024001225,PRD_219AD0EF77CA4165AD0F,225/190,S,KO,POKEMON,sv4a_ja-225,svp-83
CRD_0052886022F54674939E,포플러,BS2022001277,PRD_767E549F894445C98D52,277/184,SR,KO,TRAINER,swsh8b_ja-269,swsh11tg-TG28
CRD_2B0E8A61C671491BBA15,카푸꼬꼬꼭 GX,SMP0000000023,PRD_E4C36327BF1F4DC5891A,023/SM-P,SM-P,KO,POKEMON,smp_ja-48,smp-SM50
CRD_3B1892201B8240FAA691,땅밑탐험대,BS2018006075,PRD_151FCDB5743444E7A349,075/066,SR,KO,TRAINER,sm6b_ja-73,sm7-168
CRD_4B6DD9DF25B548FEA79D,카푸꼬꼬꼭 ex,BS2023020086,PRD_B7309AB1FDF64E4EA6B1,086/062,SAR,KO,POKEMON,sv3a_ja-86,sv4-247
CRD_4BC0454F738547C680E7,토게피&삐&푸푸린 GX,BS2019017185,PRD_C50AF6B22D9843F5B112,185/173,SR,KO,POKEMON,sm12a_ja-185,NO_EN
CRD_4BF74DA1A517491DB6F7,저리어,BS2025007117,PRD_D52A4B350D2344119847,117/086,AR,KO,POKEMON,sv11b_ja-117,zsv10pt5-113
CRD_4C0F021D6C8D4B2C95BD,망나뇽 GX,BS2019013069,PRD_85013CC4B9634E819F22,069/094,RR,KO,POKEMON,sm11_ja-69,sm11-152
CRD_4C12E5F0808C4CD8A09F,히스이 드레디어 VSTAR,BS2022007080,PRD_A34AF524E977421D94D7,080/067,HR,KO,POKEMON,swsh10d_ja-80,swsh10-190
CRD_4C67C7A9419549B09F71,마스카나 ex,BS2024001014,PRD_219AD0EF77CA4165AD0F,014/190,RR,KO,POKEMON,sv4a_ja-14,svp-33
CRD_4B9283B93544449DBC2D,이벨타르 ex,BS2026002098,PRD_B269D7FE35F74921BDB2,098/080,SR,KO,POKEMON,m3_ja-98,me3-105
CRD_4C3F242E3B7545CEA793,파르빗,BS2020016296,PRD_595A32AA23664B6ABD92,296/190,S,KO,POKEMON,swsh4a_ja-296,swsh45sv-SV097
CRD_4C0F71EF7CD14B5DAC80,떨구새 ex,BS2023020051,PRD_B7309AB1FDF64E4EA6B1,051/062,RR,KO,POKEMON,sv3a_ja-51,sv4-156
CRD_0AC16029AD564BF68326,블랑쉬,BS2022010081,PRD_FEBA8CBAF36B40D9850F,081/071,SR,KO,TRAINER,swsh10b_ja-83,swshp-SWSH227
CRD_0FDC1A9392234CDCB81C,가라르 프리져 V,BS2022003169,PRD_B2ACFB7F8D3D424D8D60,169/414,RR,KO,POKEMON,swsh5a_ja-25,swsh6-58
CRD_184AC847FEF045F0A5C3,카틀레야,BS2021005083,PRD_EACC12D2E1D547E3ACE6,083/070,SR,KO,TRAINER,swsh6k_ja-80,swsh6-189
CRD_28FD2B5F4CE248369764,히스이 조로아크 VSTAR,BS2022011103,PRD_554AB5D7D5A440D0AA2A,062/071,RRR,KO,POKEMON,swsh10a_ja-62,swsh11-147
CRD_48D2CD939E9C4A45872A,아크로마의 실험,BS2023001238,PRD_B4F8E0D2E2414F1DBC9B,238/172,SAR,KO,TRAINER,swsh12a_ja-235,swsh12pt5gg-GG59
CRD_0F7BC33D863F44F7AA78,오리진 펄기아 V,BS2022008070,PRD_7DF9CF9792C3451BBA08,070/067,SR,KO,POKEMON,swsh10p_ja-70,swshp-SWSH253
CRD_3C1390FC1DF04130BF02,민화의 초대,BS2023014197,PRD_DAB43E31433041FC942F,197/165,SR,KO,TRAINER,sv2a_ja-196,sv3pt5-196
CRD_4C6B8CCE76054101B753,헤라크로스 EX,BS2014003004,PRD_48B06855BF394BE69706,004/096,RR,KO,POKEMON,xy3_ja-4,xy3-4
CRD_4F738DC1C0384C8E8415,제라오라 VMAX,BS2022012006,PRD_81E4799E3B544024855A,006/020,RR,KO,POKEMON,NO_JP,swshp-SWSH264
CRD_50ACE060260D40C7B2AC,멜론,,PRD_83E04A9A71A74A88AB44,091/070,HR,KO,TRAINER,swsh6h_ja-91,swsh6-218
CRD_12350A5EE2C042EBA371,아르세우스 V,BS2022002112,PRD_FA60964DC9AC4C999AC2,112/100,SR,KO,POKEMON,swsh9_ja-112,swsh9-166
CRD_2E16148F22B445A2B1F9,솔가레오(프리즘스타),BS2019002082,PRD_F0B2C76547E5479F8E65,082/150,PR,KO,POKEMON,sm8b_ja-82,sm5-89
CRD_1F4206DD2E3D45EBAC43,님피아 GX,BS2019002238,PRD_F0B2C76547E5479F8E65,238/150,SSR,KO,POKEMON,sm8b_ja-238,sma-SV76
CRD_487CFF0EF551423B842A,블래키 GX,BS2019002229,PRD_F0B2C76547E5479F8E65,229/150,SSR,KO,POKEMON,sm8b_ja-229,sma-SV69
CRD_54079F1439374F52BCF7,레쿠쟈 VMAX,,PRD_3AD5C945B465480BA36C,083/067,HR,KO,POKEMON,swsh7r_ja-83,swsh7-218
CRD_4C846CECB8E74C96BF39,히스이 모크나이퍼 V,BS2022004122,PRD_B6A92B9A3823440F8F49,077/067,SR,KO,POKEMON,swsh9a_ja-77,swsh10-173
CRD_144F4E4E8E2B4DBD8115,괴력몬 GX,BS2017007053,PRD_8A0B1007C3C94557BB73,053/049,SR,KO,POKEMON,sm2p_ja-53,sm3-135
CRD_3B708D58DCB3490BBE06,스코빌런,BS2024001208,PRD_219AD0EF77CA4165AD0F,208/190,S,KO,POKEMON,sv4a_ja-208,sv4pt5-107
CRD_4C8698FF6B3849B49B28,모단단게 V,BS2022003112,PRD_B2ACFB7F8D3D424D8D60,112/414,RR,KO,POKEMON,swsh8_ja-26,swsh8-76
CRD_19B52BB682954C4DB699,루기아 V,BS2022017079,PRD_75DAB61BCF5342C38563,079/098,RR,KO,POKEMON,swsh12_ja-79,swsh12-138
CRD_4C94C9838D3A4C2DA183,악식킹 GX,BS2017012053,PRD_B9ABCB229FAD45509D71,053/050,SR,KO,POKEMON,sm4a_ja-53,sm4-105
CRD_205C20056CBF48F8B08D,메타몽,SVP000000173,PRD_EF8B2F4DE4044C9C9DBB,,PR,KO,POKEMON,NO_JP,NO_EN
CRD_19FA15073BE646958D35,코바르온 GX,BS2018013041,PRD_6DB848A34AB046C29FCF,041/052,RR,KO,POKEMON,sm8a_ja-41,sm9-106
CRD_1F2BEBDD9D0144DC8275,피카츄,SVP000000165,PRD_E982F78248B5470ABA76,,PR,KO,POKEMON,svp_ja-242,svp-214
CRD_59C05E1C41D0406E8DF2,스컹탱크 V,BS2022017056,PRD_75DAB61BCF5342C38563,056/098,RR,KO,POKEMON,swsh12_ja-56,swsh12-108
CRD_21B1F91A8CC1487FB607,님피아 V,BS2021007082,PRD_BD7FA21EB0B4407086A0,082/069,SR,KO,POKEMON,swsh6a_ja-82,swsh7-183
CRD_124BBBE760F0468C96D7,파비코리,BS2019002197,PRD_F0B2C76547E5479F8E65,197/150,S,KO,POKEMON,sm8b_ja-197,sma-SV37
CRD_4CCBCECB375543B99CEB,아크로마플라스마단,BS2013001075,PRD_3904E11581AD4E859320,075/070,SR,KO,TRAINER,bw7_ja-75,bw8-135
CRD_4CF3E079DB20440ABDB1,벌차이,BS2025007144,PRD_D52A4B350D2344119847,144/086,AR,KO,POKEMON,sv11b_ja-144,rsv10pt5-144
CRD_4CC1B8E1952F40E5AE74,스코빌런 ex,BS2026001147,PRD_6F0F228947EF48919808,147/742,RR,KO,POKEMON,sv8_ja-23,sv8-37
CRD_4CF6CEF79B8D4088917C,백마 버드렉스 V,BS2022001043,PRD_767E549F894445C98D52,043/184,RR,KO,POKEMON,swsh8b_ja-43,swsh6-45
CRD_4CA4DA6436B34162B705,카푸느지느 GX,BS2017007052,PRD_8A0B1007C3C94557BB73,052/049,SR,KO,POKEMON,sm2p_ja-52,sm3-133
CRD_3B37F7C8EEF44621A6E1,파비코,BS2019002202,PRD_F0B2C76547E5479F8E65,202/150,S,KO,POKEMON,sm8b_ja-202,sma-SV42
CRD_11DB17EF51B440E391EF,메탕구,BS2019002191,PRD_F0B2C76547E5479F8E65,191/150,S,KO,POKEMON,sm8b_ja-191,sma-SV31
CRD_279CE3C2D7CE469A85E7,메탕,BS2019002190,PRD_F0B2C76547E5479F8E65,190/150,S,KO,POKEMON,sm8b_ja-190,sma-SV30
CRD_4DD11310DD574B5BAF64,마셰이드,BS2024016066,PRD_3FAB90CDEC7C43B6A8DF,066/064,AR,KO,POKEMON,sv7a_ja-66,sv8-194
CRD_45708EEF14E84AD79B2A,엘레이드,BS2019015057,PRD_FDF989679F15435DB74E,057/049,CHR,KO,POKEMON,sm11b_ja-57,sm12-244
CRD_11D9A92DB3D34830BCAB,꿰뚫는화염 ex,BS2024004093,PRD_171222A74859484783EB,093/071,SAR,KO,POKEMON,sv5k_ja-93,sv5-204
CRD_2075A8C3697B47EDAC26,코일,BS2019015055,PRD_FDF989679F15435DB74E,055/049,CHR,KO,POKEMON,sm11b_ja-55,sm12-242
CRD_4D2AB79A057148E8BE39,엘레이드 EX,PR2015001042,PRD_5335DFBF031D4BA68337,,PR,KO,POKEMON,xyp_ja-84,xyp-XY45
CRD_4DC3694C7B5E49B7A1A8,제크로무 ex,BS2025007169,PRD_D52A4B350D2344119847,169/086,SAR,KO,POKEMON,sv11b_ja-169,zsv10pt5-166
CRD_30FF9351A4A04DDEBA05,리자드,BS2019002167,PRD_F0B2C76547E5479F8E65,167/150,S,KO,POKEMON,sm8b_ja-167,sma-SV7
CRD_217D78A666514D618747,알로라식스테일,BS2019002168,PRD_F0B2C76547E5479F8E65,168/150,S,KO,POKEMON,sm8b_ja-168,sma-SV8
CRD_5CDC6F885194428BADB1,에레키블 ex,BS2025005079,PRD_66A71505B24242AD9875,079/063,SR,KO,POKEMON,sv9a_ja-79,sv10-212
CRD_2BE2AAD4366A40AAB96E,아르세우스 V,BS2022002111,PRD_FA60964DC9AC4C999AC2,111/100,SR,KO,POKEMON,swsh9_ja-111,swsh9-165
CRD_4DFB7837ADC84D93A7EE,제크로무 GX,SMP000000159,PRD_4ACB97699662497D825B,117/SM-P,SM-P,KO,POKEMON,smp_ja-239,NO_EN
CRD_3D033F417C70493F8472,종이신도,BS2019002193,PRD_F0B2C76547E5479F8E65,193/150,S,KO,POKEMON,sm8b_ja-193,sma-SV33
CRD_15B7E26B244F437BA6AB,찌리리공,BS2019002173,PRD_F0B2C76547E5479F8E65,173/150,S,KO,POKEMON,sm8b_ja-173,sma-SV13
CRD_57B32B1E9555424D8963,전수목,BS2019002174,PRD_F0B2C76547E5479F8E65,174/150,S,KO,POKEMON,sm8b_ja-174,sma-SV14
CRD_17916E8A74A842A69743,배틀 리포터,BS2014003101,PRD_48B06855BF394BE69706,101/096,SR,KO,TRAINER,xy3_ja-103,xy3-109
CRD_4E00186303FD42FCA5B7,빙큐보 ex,BS2023015020,PRD_C017B01380CF490A9480,020/108,RR,KO,POKEMON,sv3_ja-20,sv3-42
CRD_2BE0C7968F004557B9AB,자포코일 VSTAR,BS2022011029,PRD_554AB5D7D5A440D0AA2A,017/071,RRR,KO,POKEMON,swsh10a_ja-17,swsh11-57
CRD_4E19D3DA09F7478A8AE4,칼라마네로 EX,BS2014004091,PRD_42626661804D4BE1B5E2,091/088,SR,KO,POKEMON,xy4_ja-91,xy4-115
CRD_2BE4A0CA25944D3292C7,히드런 V,BS2022008072,PRD_7DF9CF9792C3451BBA08,072/067,SR,KO,POKEMON,swsh10p_ja-72,swsh10-165
CRD_4E59295B4DF14431A9B7,가라르 야도킹 VMAX,BS2022003259,PRD_B2ACFB7F8D3D424D8D60,259/414,RR,KO,POKEMON,swsh5a_ja-47,swsh6-100
CRD_33E384F099914BF89170,비파,BS2024019191,PRD_D26383A636BE42F09D6B,191/187,SR,KO,TRAINER,sv8a_ja-197,sv8pt5-136
CRD_62D1A0E97E804231B0D6,리피아 VMAX,,PRD_BD7FA21EB0B4407086A0,088/069,HR,KO,POKEMON,swsh6a_ja-88,swsh7-204
CRD_3D8E86F6369447DC8A73,두빅굴 EX,BS2014003098,PRD_48B06855BF394BE69706,098/096,SR,KO,POKEMON,xy3_ja-98,xy3-106
CRD_422F8452B1C741639603,위대한엄니 ex,BS2023006102,PRD_ED1CAC91B03F4EAD86F7,102/078,SAR,KO,POKEMON,sv1s_ja-102,sv1-246
CRD_40FAAC6A04774AEEB7B2,음번 ex,BS2024001334,PRD_219AD0EF77CA4165AD0F,334/190,SSR,KO,POKEMON,sv4a_ja-334,sv4pt5-220
CRD_4E708DE56D9944CFB875,오리진 디아루가 VSTAR,BS2023001101,PRD_B4F8E0D2E2414F1DBC9B,101/172,RRR,KO,POKEMON,swsh12a_ja-101,swshp-SWSH256
CRD_67AC53C3B7C24162A902,오팔,,PRD_FE54F67A9C114773A9CD,091/076,HR,KO,TRAINER,swsh3a_ja-91,swsh4-197
CRD_3E5403B79A2643CBAD3A,토네로스 V,BS2021004079,PRD_83E04A9A71A74A88AB44,079/070,SR,KO,POKEMON,swsh6h_ja-79,swsh6-185
CRD_5836A136DD3E47DB8AE1,치라치노 ex,,PRD_156BB71C4F5A41C39521,117/083,SAR,KO,POKEMON,m4_ja-117,NO_EN
CRD_5F5654DF27524F1385D6,가이오가 ex,BS2024018037,PRD_58FB9039FC3548478196,037/175,RR,KO,POKEMON,NO_JP,svp-178
CRD_4E744A43E495413AAC15,님피아 VMAX,,PRD_BD7FA21EB0B4407086A0,093/069,HR,KO,POKEMON,swsh6a_ja-93,swsh7-212
CRD_4BDF5407844B4C4399F9,루기아 GX,BS2018010100,PRD_6066B79FCD694BDCBF82,100/095,SR,KO,POKEMON,sm8_ja-100,sm8-207
CRD_4E71B1C188B74ACDB2DB,요가램 ex,BS2024012120,PRD_3C9C174C842D499D9A02,120/102,SR,KO,POKEMON,sv7_ja-120,sv7-161
CRD_6912AF9C0880455DB48F,앤티골,BS2025008101,PRD_53034524E98C4FE8BF8D,101/086,AR,KO,POKEMON,sv11w_ja-101,rsv10pt5-104
CRD_4EB0074F19194FD08F0B,파라블레이즈 ex,BS2025015031,PRD_90A8D5BDA5664CEF9F48,031/193,RR,KO,POKEMON,m2a_ja-31,sv8-36
CRD_4DD30CBFBB2B4EB88C71,루기아 EX,BS2015005092,PRD_D8F59899D45046079FE1,092/081,SR,KO,POKEMON,xy7_ja-92,xy7-94
CRD_14D2B39ACE854972906D,가라르 산호르곤 V,BS2020011103,PRD_91D480C53D3248F79831,103/100,SR,KO,POKEMON,swsh3_ja-103,swsh35-71
CRD_5A3BCBE340EB4953A691,드래펄트 V,BS2020005101,PRD_E4286779F3FF4A8DA34F,101/096,SR,KO,POKEMON,swsh2_ja-101,swsh2-183
CRD_3AA02ECE90604311AE59,란쿨루스,BS2025007125,PRD_D52A4B350D2344119847,125/086,AR,KO,POKEMON,sv11b_ja-125,svp-212
CRD_09516DD8E2C14A009B0E,대로트&야느와르몽 GX,BS2019017178,PRD_C50AF6B22D9843F5B112,178/173,SR,KO,POKEMON,sm12a_ja-178,NO_EN
CRD_4EB2410F9979486EA231,크로뱃 V,BS2022001243,PRD_767E549F894445C98D52,243/184,CSR,KO,POKEMON,swsh8b_ja-243,swsh11tg-TG20
CRD_4EE25BC32C984F3BBC3C,아켄,BS2025008129,PRD_53034524E98C4FE8BF8D,129/086,AR,KO,POKEMON,sv11w_ja-129,rsv10pt5-131
CRD_49411B14FD8649DE8364,토네로스 V,BS2021004078,PRD_83E04A9A71A74A88AB44,078/070,SR,KO,POKEMON,swsh6h_ja-78,swsh6-184
CRD_4EF712E5DEDB420796AE,독침붕 V,BS2022008068,PRD_7DF9CF9792C3451BBA08,068/067,SR,KO,POKEMON,swsh10p_ja-68,swsh10-160
CRD_5704D0F94D3F482C8103,피죤투 V,BS2022014082,PRD_D85C098E2C3449848167,082/100,RR,KO,POKEMON,swsh11_ja-82,swsh11-137
CRD_4F4282B9BBB74862A121,찌리비,BS2024008105,PRD_980F0BFCCDBB47558BFA,105/101,AR,KO,POKEMON,sv6_ja-105,sv6-178
CRD_298C5CE24A9343B9AF00,N의 조로아크 ex,BS2025001131,PRD_EC14FE47676E4D529FD0,131/100,UR,KO,POKEMON,sv9_ja-131,sv9-189
CRD_80D8A3CD81B04D1D887C,AZ의 평온,,PRD_156BB71C4F5A41C39521,118/083,SAR,KO,TRAINER,m4_ja-118,NO_EN
CRD_4F48AF7F7CD84E0EA0B1,스트린더 V,BS2020005100,PRD_E4286779F3FF4A8DA34F,100/096,SR,KO,POKEMON,swsh2_ja-100,swsh2-182
CRD_1DDA49C90A3047D59903,모야모,BS2024001353,PRD_219AD0EF77CA4165AD0F,353/190,SAR,KO,TRAINER,sv4a_ja-350,sv4pt5-237
CRD_6E0B4C84AEBB48D9ACE6,붐볼,,PRD_EACC12D2E1D547E3ACE6,092/070,UR,KO,POKEMON,swsh6k_ja-92,swsh6-222
CRD_0ED50328C342401E80A4,박사의 연구(매그놀리아박사),BS2020002067,PRD_7CCB63858C7E43A287F2,067/060,SR,KO,TRAINER,swsh1w_ja-67,NO_EN
CRD_11B89035B69F4696A10B,자시안 V,BS2020002065,PRD_7CCB63858C7E43A287F2,065/060,SR,KO,POKEMON,swsh1w_ja-65,swsh1-195
CRD_4FFBC5FEC7274C13BE41,쉐이미 EX,PR2015001146,PRD_5335DFBF031D4BA68337,,PR,KO,POKEMON,xyp_ja-212,xyp-XY148
CRD_4FD05F42130846719AF7,이상해꽃 ex,BS2023014200,PRD_DAB43E31433041FC942F,200/165,SAR,KO,POKEMON,sv2a_ja-200,sv3pt5-198
CRD_608F4EEEECE54A96A007,바라철록,BS2024005074,PRD_B8A7BADF7613420288AC,074/071,AR,KO,POKEMON,sv5m_ja-74,sv5-166
CRD_4681609374F6454994EB,루티아,BS2018007102,PRD_D2E62F137D9A44ACBEBC,102/096,SR,KO,TRAINER,sm7_ja-104,sm7-164
CRD_02EF6DD76D804F69A99C,블래리의 한 수,BS2025014106,PRD_DD94FB8DCB7C4A129478,106/080,SR,KO,TRAINER,m2_ja-105,me2-120
CRD_2BA1CDC0E4B94B79A0AC,배우르 V,BS2020004076,PRD_D785A25B9DFD4C32AE7C,076/070,SR,KO,POKEMON,swsh1a_ja-76,swsh2-188
CRD_502F5EDDE5B44325905B,싸리용,BS2024001232,PRD_219AD0EF77CA4165AD0F,232/190,S,KO,POKEMON,sv4a_ja-232,sv4pt5-127
CRD_62C30725144E4427BB77,전툴라 ex,BS2024012033,PRD_3C9C174C842D499D9A02,033/102,RR,KO,POKEMON,sv7_ja-33,sv7-51
CRD_50757DF212C2435ABE50,동미러,BS2024004074,PRD_171222A74859484783EB,074/071,AR,KO,POKEMON,sv5k_ja-74,sv5-170
CRD_509F370C46394353934C,암팰리스,BS2023021067,PRD_8E32996A2E964C128DBF,067/066,AR,KO,POKEMON,sv4k_ja-67,sv4-183
CRD_7115A416A282440CAC93,고동치는달 ex,BS2023021093,PRD_8E32996A2E964C128DBF,093/066,UR,KO,POKEMON,sv4k_ja-93,sv4-262
CRD_51568A9C8361413DB34E,동탁군,,PRD_83E04A9A71A74A88AB44,092/070,UR,KO,POKEMON,swsh6h_ja-92,swsh6-223
CRD_7A0F593EA7884BE68C8F,채두,,PRD_32C23D5FA71F45ADB572,116/100,HR,KO,TRAINER,swsh4_ja-116,swsh4-193
CRD_51054B3353C34EBC99FF,무쇠바퀴 ex,BS2023007103,PRD_5AD4DD681C694EAC8DDA,103/078,SAR,KO,POKEMON,sv1v_ja-103,sv1-248
CRD_E9C70192F06741F59CA4,보미카의 연주,,PRD_156BB71C4F5A41C39521,119/083,SAR,KO,TRAINER,m4_ja-119,NO_EN
CRD_517D349E079B4F5E83C7,라티오스 EX,BS2015004082,PRD_9B9032EBA3C24F1ABA5C,082/078,SR,KO,POKEMON,xy6_ja-82,xy6-101
CRD_79B516E57BA34A8A8AF8,코터스 V,BS2020003061,PRD_FC1A7B5927A44298A2A2,061/060,SR,KO,POKEMON,swsh1h_ja-61,swsh1-188
CRD_51808E684CD64F418E0A,기라티나 VSTAR,BS2023001111,PRD_B4F8E0D2E2414F1DBC9B,111/172,RRR,KO,POKEMON,swsh12a_ja-111,swsh11-131
CRD_7CB68EF6CB184B0FB066,흑마 버드렉스 V,BS2022001082,PRD_767E549F894445C98D52,082/184,RR,KO,POKEMON,swsh8b_ja-82,swsh6-74
CRD_518259D3BB704065A54A,춤추새 [퓨전],BS2023001176,PRD_B4F8E0D2E2414F1DBC9B,176/172,AR,KO,POKEMON,swsh12a_ja-176,swsh12pt5gg-GG04
CRD_7FEAB602A0214CDAB632,파이리,BS2023014168,PRD_DAB43E31433041FC942F,168/165,AR,KO,POKEMON,sv2a_ja-168,sv3pt5-168
CRD_7FDEF1F24E7A4606A63F,바다그다,BS2024001226,PRD_219AD0EF77CA4165AD0F,226/190,S,KO,POKEMON,sv4a_ja-226,sv4pt5-121
CRD_519C4783A21343ABB5E8,이수재의 전송,BS2023014199,PRD_DAB43E31433041FC942F,199/165,SR,KO,TRAINER,sv2a_ja-199,sv3pt5-194
CRD_51A40A7F283548AAA8AC,갑주무사 GX,BS2017009052,PRD_CF155EC649AE400EB0D1,052/051,SR,KO,POKEMON,sm3n_ja-52,sm3-129
CRD_80E06EF89D844F93ABE5,이올브 VMAX,BS2022001215,PRD_767E549F894445C98D52,215/184,CSR,KO,POKEMON,swsh8b_ja-215,swsh11tg-TG13
CRD_3A840E756D3946778BD9,버터플 V,BS2020010001,PRD_9C4063C50B5B45C09FF9,001/070,RR,KO,POKEMON,swsh2a_ja-1,swsh3-1
CRD_51C1A941A9694DF8AA9A,알로라나시 GX,BS2017012054,PRD_B9ABCB229FAD45509D71,054/050,SR,KO,POKEMON,sm4a_ja-54,sm4-107
CRD_14DDFE1E600A4BAF8E70,헬가 V,BS2020011101,PRD_91D480C53D3248F79831,101/100,SR,KO,POKEMON,swsh3_ja-101,swsh3-178
CRD_85A4AA81199D42D8B160,피비,,PRD_FDDAB6E1AF8D49E6A224,087/070,HR,KO,TRAINER,swsh5i_ja-87,swsh5-175
CRD_51D04CC150CD4DD58F28,염버니,BS2020016214,PRD_595A32AA23664B6ABD92,214/190,S,KO,POKEMON,swsh4a_ja-214,swsh45sv-SV015
CRD_51D5975726974B7B8758,트래피더 ex,BS2023007101,PRD_5AD4DD681C694EAC8DDA,101/078,SAR,KO,POKEMON,sv1v_ja-101,sv1-243
CRD_5253E851E4414AD68104,백마 버드렉스 V,BS2021004072,PRD_83E04A9A71A74A88AB44,072/070,SR,KO,POKEMON,swsh6h_ja-72,swsh6-163
CRD_52591157ACD8487D99CF,카푸꼬꼬꼭 V,BS2022003149,PRD_B2ACFB7F8D3D424D8D60,149/414,RR,KO,POKEMON,swsh5i_ja-17,swsh5-50
CRD_2444A7B9A8EA415D8A2F,잠만보 VMAX,,PRD_FC1A7B5927A44298A2A2,070/060,HR,KO,POKEMON,swsh1h_ja-70,swsh1-206
CRD_527B58F17A3E49AEB25F,딩루 ex,BS2024001113,PRD_219AD0EF77CA4165AD0F,113/190,RR,KO,POKEMON,sv4a_ja-113,sv2-127
CRD_526DC57204B446B594BD,무쇠독나방,BS2023022069,PRD_245223BF212C456385F3,069/066,AR,KO,POKEMON,sv4m_ja-69,sv4-187
CRD_528E8910A24647CE96C3,레지락 ex,BS2026001374,PRD_6F0F228947EF48919808,374/742,RR,KO,POKEMON,sv10_ja-55,me2pt5-107
CRD_8ACA05A71DAE447AAE22,후딘 V,BS2020014105,PRD_32C23D5FA71F45ADB572,105/100,SR,KO,POKEMON,swsh4_ja-105,swsh4-172
CRD_52D2632208334D4B88B0,투로박사의 시나리오,BS2023022087,PRD_245223BF212C456385F3,087/066,SR,KO,TRAINER,sv4m_ja-86,sv4-240
CRD_4DA4E6DE9B234E42BAE2,총지엔 ex,BS2023011092,PRD_514C148400944D8AA72F,092/071,SAR,KO,POKEMON,sv2p_ja-92,sv2-257
CRD_8E2C1FBCA2F54B3FBFEA,흑마 칼레오스 VMAX,,PRD_767E549F894445C98D52,281/184,UR,KO,POKEMON,swsh8b_ja-281,swsh10tg-TG30
CRD_5308BD56BE1440DC86D2,갸라도스 GX,BS2017012051,PRD_B9ABCB229FAD45509D71,051/050,SR,KO,POKEMON,sm4a_ja-51,sm4-101
CRD_52F68E4F10704A3FB529,알로라 식스테일 VSTAR,BS2022016023,PRD_0C8B6847314E495B9C8E,023/068,RRR,KO,POKEMON,swsh11a_ja-23,swsh12-34
CRD_9327DCC9A6474DD0A15B,글레이시아 V,BS2021007024,PRD_BD7FA21EB0B4407086A0,024/069,RR,KO,POKEMON,swsh6a_ja-24,swsh7-40
CRD_94CBE75AE5E34D14A930,가라르 멘바릇,,PRD_32C23D5FA71F45ADB572,119/100,UR,KO,POKEMON,swsh4_ja-119,swsh4-198
CRD_3358929E8924485E949B,크로뱃 VMAX,BS2020016109,PRD_595A32AA23664B6ABD92,109/190,RRR,KO,POKEMON,swsh4a_ja-109,swsh45-45
CRD_5321023EE01C496BA1D8,이벨타르 ex,BS2026002052,PRD_B269D7FE35F74921BDB2,052/080,RR,KO,POKEMON,m3_ja-52,me3-53
CRD_3BE83FC74DE14380BC3B,가라르 날쌩마,BS2020016247,PRD_595A32AA23664B6ABD92,247/190,S,KO,POKEMON,swsh4a_ja-247,swsh45sv-SV048
CRD_530DC1322A98447495D2,럭시오,BS2024001241,PRD_219AD0EF77CA4165AD0F,241/190,S,KO,POKEMON,sv4a_ja-241,sv4pt5-136
CRD_53504BEF2B164AFA9492,부우부,BS2022004118,PRD_B6A92B9A3823440F8F49,073/067,CHR,KO,POKEMON,swsh9a_ja-73,swsh10tg-TG12
CRD_53811FEF046C46BC8D3A,레지아이스 ex,BS2026001192,PRD_6F0F228947EF48919808,192/742,RR,KO,POKEMON,NO_JP,me2pt5-48
CRD_9813FECD47C44526AC0E,찬란한 거북왕,BS2022010018,PRD_FEBA8CBAF36B40D9850F,018/071,K,KO,POKEMON,swsh10b_ja-18,pgo-18
CRD_53864D1A7E104131B58A,자시안 V,BS2020002046,PRD_7CCB63858C7E43A287F2,046/060,RR,KO,POKEMON,swsh1w_ja-46,swsh1-138
CRD_BC53EA80A3024F12B207,도치마론,,PRD_156BB71C4F5A41C39521,084/083,AR,KO,POKEMON,m4_ja-84,NO_EN
CRD_539D580996A8493CA8A2,캥카 ex,BS2023014115,PRD_DAB43E31433041FC942F,115/165,RR,KO,POKEMON,sv2a_ja-115,sv3pt5-115
CRD_54066807917542B79D0E,플라이곤,BS2025014088,PRD_DD94FB8DCB7C4A129478,088/080,AR,KO,POKEMON,m2_ja-88,me2-101
CRD_53C3C8439568425FBA77,루가루암 GX,BS2019002061,PRD_F0B2C76547E5479F8E65,061/150,RR,KO,POKEMON,sm8b_ja-61,sm9-82
CRD_54B1B0CAD05346959E1C,기선,BS2022017119,PRD_75DAB61BCF5342C38563,119/098,HR,KO,TRAINER,swsh12_ja-120,swsh12-203
CRD_5468B5F7E7644C059874,석탄산 VMAX,,PRD_0A7EE93DE4014CF7A4B6,087/076,HR,KO,POKEMON,swsh3a_ja-87,swsh4-189
CRD_54862537AC0B4A368C5A,제라오라 V,BS2021005074,PRD_EACC12D2E1D547E3ACE6,074/070,SR,KO,POKEMON,swsh6k_ja-74,swsh6-166
CRD_53E1012862E24CE386A1,메가지가르데 ex,BS2026002046,PRD_B269D7FE35F74921BDB2,046/080,RR,KO,POKEMON,m3_ja-46,me3-47
CRD_54E3A91B69264976B1D1,메타몽,BS2023001197,PRD_B4F8E0D2E2414F1DBC9B,197/172,AR,KO,POKEMON,swsh12a_ja-197,swsh12pt5gg-GG22
CRD_5428C6299F5640EBA326,찬란한 개굴닌자,BS2022004044,PRD_B6A92B9A3823440F8F49,026/067,K,KO,POKEMON,swsh9a_ja-26,swsh10-46
CRD_53BC7943DA1C4E528F42,부르르룸 ex,BS2024011015,PRD_7293190A22224C0598D5,015/064,RR,KO,POKEMON,sv6a_ja-15,sv6pt5-15
CRD_5403B77391C44B59BBF1,관광객,BS2019017189,PRD_C50AF6B22D9843F5B112,189/173,SR,KO,TRAINER,sm12a_ja-192,NO_EN
CRD_549320962C484F599EC6,카푸나비나 GX,BS2019002044,PRD_F0B2C76547E5479F8E65,044/150,RR,KO,TRAINER,sm8b_ja-44,sm2-60
CRD_5495412158834F0487D3,로켓단의 니드킹 ex,BS2025006116,PRD_FA31487748A24EAF9EE3,116/098,SR,KO,POKEMON,sv10_ja-116,sv10-216
CRD_54A4959E13F64F7AB630,해루미,BS2024008102,PRD_980F0BFCCDBB47558BFA,102/101,AR,KO,POKEMON,sv6_ja-102,sv6-169
CRD_54D2FB20FB064C93818F,몰드류 ex,BS2026001387,PRD_6F0F228947EF48919808,387/742,RR,KO,POKEMON,sv11b_ja-49,zsv10pt5-46
CRD_54EB8FDFE84741599C5A,딱구리 ex,BS2023014191,PRD_DAB43E31433041FC942F,191/165,SR,KO,POKEMON,sv2a_ja-191,sv3pt5-189
CRD_55135DAC7D1B4FF1AB6D,드래피 VSTAR,BS2022014067,PRD_D85C098E2C3449848167,067/100,RRR,KO,POKEMON,swsh11_ja-67,swsh11-119
CRD_5545BE5E05C5475FA8C2,플라이곤 V,BS2022002110,PRD_FA60964DC9AC4C999AC2,110/100,SR,KO,POKEMON,swsh9_ja-110,swsh9-164
CRD_7BB12D81EF244F06890A,푸호꼬,,PRD_156BB71C4F5A41C39521,085/083,AR,KO,POKEMON,m4_ja-85,NO_EN
CRD_57278A1C3B6140809E3F,게을로,BS2024017117,PRD_0CC50B878F5F40BAA824,117/106,AR,KO,POKEMON,sv8_ja-117,sv8-212
CRD_55BE769CC493490B9696,음번 GX,BS2019002241,PRD_F0B2C76547E5479F8E65,241/150,SSR,KO,POKEMON,sm8b_ja-241,sma-SV78
CRD_55835D4F7A5A4F3BA60D,래비풋,BS2020016215,PRD_595A32AA23664B6ABD92,215/190,S,KO,POKEMON,swsh4a_ja-215,swsh45sv-SV016
CRD_561FF374668A4C52B7A9,루나아라 GX,BS2017002028,PRD_A7690D997FD6483B8C54,028/060,RR,KO,POKEMON,sm1m_ja-28,sm1-66
CRD_5667330F7AAF41858B63,윽우지 V,BS2020016155,PRD_595A32AA23664B6ABD92,155/190,RR,KO,POKEMON,swsh4a_ja-155,swsh45-54
CRD_5668BB43C6824C25B7FB,대로트&야느와르몽 GX,BS2019017053,PRD_C50AF6B22D9843F5B112,053/173,RR,KO,POKEMON,sm12a_ja-53,smp-SM217
CRD_567E3EA66DF544DA9814,수련의 돌봄,BS2024007093,PRD_965FA5E5CD004C97AE74,093/066,SAR,KO,TRAINER,sv5a_ja-93,sv6-219
CRD_568ACA1A12854172B6CD,망망이,BS2023007087,PRD_5AD4DD681C694EAC8DDA,087/078,AR,KO,POKEMON,sv1v_ja-87,sv1-214
CRD_56A35E064F464D32B8D7,M이상해꽃 EX,BS2014001002,PRD_53EB7B68B0224C239C02,002/060,RR,KO,POKEMON,xy1x_ja-2,xy1-2
CRD_56AEEC243AFF49348A6E,대왕끼리동 ex,BS2023011054,PRD_514C148400944D8AA72F,054/071,RR,KO,POKEMON,sv2p_ja-54,sv2-150
CRD_56BC4E58C5934A90B2F1,버터플 VMAX,BS2020010002,PRD_9C4063C50B5B45C09FF9,002/070,RRR,KO,POKEMON,swsh2a_ja-2,swsh3-2
CRD_56CD73E3F5C544A2B1AD,히스이 드레디어 VSTAR,BS2022007008,PRD_A34AF524E977421D94D7,008/067,RRR,KO,POKEMON,swsh10d_ja-8,swsh10-18
CRD_56CE5AE045504777AAE8,미라이돈 ex,BS2026001284,PRD_6F0F228947EF48919808,284/742,RR,KO,POKEMON,NO_JP,me2pt5-73
CRD_572C9B22477A47FB9AEB,금랑,BS2021008077,PRD_BCB8045CC957488BB992,077/067,SR,KO,TRAINER,swsh7d_ja-77,swsh7-202
CRD_576DC2D934294498A93F,캐스퐁,BS2022001211,PRD_767E549F894445C98D52,211/184,CHR,KO,POKEMON,swsh8b_ja-211,swsh11tg-TG11
CRD_578FDAA332FD4381BC35,다크펫,BS2022001197,PRD_767E549F894445C98D52,197/184,CHR,KO,POKEMON,swsh8b_ja-197,swsh11tg-TG07
CRD_58CA4FCBE74947989A92,엘레이드 V,BS2022011130,PRD_554AB5D7D5A440D0AA2A,081/071,SR,KO,POKEMON,swsh10a_ja-81,swsh11-181
CRD_58E466F3E3064DF98E83,다태우지네 V,BS2020016309,PRD_595A32AA23664B6ABD92,309/190,SSR,KO,POKEMON,swsh4a_ja-309,swsh45sv-SV108
CRD_8D34314C145E4657910C,개구마르,,PRD_156BB71C4F5A41C39521,086/083,AR,KO,POKEMON,m4_ja-86,NO_EN
CRD_595B6C8D454040518BFD,랜드로스,BS2025007137,PRD_D52A4B350D2344119847,137/086,AR,KO,POKEMON,sv11b_ja-137,zsv10pt5-131
CRD_5798719CFA7B4AF9928A,딱구리 EX,PR2015001108,PRD_5335DFBF031D4BA68337,,PR,KO,POKEMON,xyp_ja-197,g1-46
CRD_599E7458ABA7436BA692,따라큐,BS2024001341,PRD_219AD0EF77CA4165AD0F,341/190,AR,KO,POKEMON,sv4a_ja-341,svp-75
CRD_594A5B7B75D040D5B7B8,루기아 BREAK,BS2016020059,PRD_218CE0DABAD1493786DF,059/078,RR,KO,POKEMON,xy10_ja-59,xy10-79
CRD_579416A2A535432F8F30,나옹 ex,BS2026002114,PRD_B269D7FE35F74921BDB2,114/080,SAR,KO,TRAINER,m3_ja-114,me3-121
CRD_11D6E395867B46F49FE8,루기아 VSTAR,BS2022017118,PRD_75DAB61BCF5342C38563,118/098,HR,KO,POKEMON,swsh12_ja-118,swsh12-202
CRD_1A707D9E2FC6416F96A5,돈크로우 V,BS2022002108,PRD_FA60964DC9AC4C999AC2,108/100,SR,KO,POKEMON,swsh9_ja-108,swsh9-161
CRD_5965C8E46105490CBE74,킹드라 EX,BS2016020055,PRD_218CE0DABAD1493786DF,055/078,RR,KO,POKEMON,xy10_ja-55,xy10-73
CRD_57BF36837D354F8B8535,블래키 GX,SMP0000000061,PRD_6FECFBC555C1465CAFA0,043/SM-P,SM-P,KO,POKEMON,smp_ja-125,smp-SM36
CRD_57E4BE5A1FDD46759576,이브이 ex,BS2024019224,PRD_D26383A636BE42F09D6B,224/187,SAR,KO,POKEMON,sv8a_ja-224,svp-174
CRD_5854A8B691CA4AF9B909,TV 리포터,BS2018006073,PRD_151FCDB5743444E7A349,073/066,SR,KO,TRAINER,sm6b_ja-74,sm7-167
CRD_58AEBF1133424C8B92C1,저승갓숭 ex,BS2023011040,PRD_514C148400944D8AA72F,040/071,RR,KO,POKEMON,sv2p_ja-40,svp-32
CRD_59D5ED41D1EE424B829A,찬석,BS2023001243,PRD_B4F8E0D2E2414F1DBC9B,243/172,SAR,KO,TRAINER,swsh12a_ja-240,swsh12pt5gg-GG57
CRD_5A428B14DAB74DF987AB,무한다이노 VMAX,,PRD_91D480C53D3248F79831,112/100,HR,KO,POKEMON,swsh3_ja-112,swsh3-192
CRD_5CE1C6B2A9B548A8B3DF,페퍼의 마피티프 ex,BS2025005081,PRD_66A71505B24242AD9875,081/063,SR,KO,POKEMON,sv9a_ja-81,sv10-218
CRD_59E0A7F3922147D59CD0,테오키스 EX플라스마단,BS2013002053,PRD_D2B25BD104C94F7CA1E1,053/051,SR,KO,POKEMON,bw8s_ja-53,bw9-111
CRD_59F6DAA62F9D4244976D,이브이 GX,BS2019017187,PRD_C50AF6B22D9843F5B112,187/173,SR,KO,POKEMON,sm12a_ja-187,smp-SM242
CRD_5B85A98483504BD2B701,심향의 칠색조 ex,BS2025005090,PRD_66A71505B24242AD9875,090/063,UR,KO,POKEMON,sv9a_ja-90,sv10-239
CRD_B8BA3C24BCBE499B8B39,개굴반장,,PRD_156BB71C4F5A41C39521,087/083,AR,KO,POKEMON,m4_ja-87,NO_EN
CRD_5D04471E96A84B7CB7F4,디아루가 GX,BS2018003035,PRD_0BF9D5EE99F244E7910D,035/050,RR,KO,POKEMON,sm5p_ja-35,sm6-82
CRD_5C3EB535E3A64CD4886B,리오르,BS2024001280,PRD_219AD0EF77CA4165AD0F,280/190,S,KO,POKEMON,sv4a_ja-280,sv4pt5-173
CRD_5AA4F2695B3D4CB48B68,루카리오,BS2024001281,PRD_219AD0EF77CA4165AD0F,281/190,S,KO,POKEMON,sv4a_ja-281,sv4pt5-174
CRD_5A0A8856ED35413F8D24,뚜벅쵸,BS2024001191,PRD_219AD0EF77CA4165AD0F,191/190,S,KO,POKEMON,sv4a_ja-191,sv4pt5-92
CRD_5AFD5F4B7631458284E9,오엽,BS2024007088,PRD_965FA5E5CD004C97AE74,088/066,SR,KO,TRAINER,sv5a_ja-86,sv6-208
CRD_5B35A21321964FEFB636,오거폰 주춧돌의 가면 ex,BS2024008128,PRD_980F0BFCCDBB47558BFA,128/101,SAR,KO,POKEMON,sv6_ja-128,sv6-215
CRD_5B57F8A6A3104F4E93DA,엘풍 GX,BS2019007103,PRD_BDAF39161DD0442B99F6,103/095,SR,KO,POKEMON,sm10_ja-103,sm10-206
CRD_5C096EF4AA584BDCA606,시트론의 재치,BS2024017129,PRD_0CC50B878F5F40BAA824,129/106,SR,KO,TRAINER,sv8_ja-128,sv8-229
CRD_5C57E2D4DFC8419EAFAA,거북왕 EX,PR2015001170,PRD_5335DFBF031D4BA68337,,PR,KO,POKEMON,xyp_ja-234,xyp-XY30
CRD_5CB7DF4E7368416EB437,가라르 프리져 V,BS2022001230,PRD_767E549F894445C98D52,230/184,CSR,KO,POKEMON,swsh8b_ja-230,swsh10tg-TG16
CRD_5D48C69399A74C799C12,무쇠잎새 ex,BS2024005084,PRD_B8A7BADF7613420288AC,084/071,SR,KO,POKEMON,sv5m_ja-84,sv5-186
CRD_5DB81F6CB60742D3952B,찌리배리 ex,BS2023012025,PRD_66FB8C2B312E46E081B1,025/071,RR,KO,POKEMON,sv2d_ja-25,sv2-79
CRD_5D69A490DCA54BE28B61,위대한엄니 ex,BS2024001112,PRD_219AD0EF77CA4165AD0F,112/190,RR,KO,POKEMON,sv4a_ja-112,sv4pt5-53
CRD_5D2CBBAD2CD244CCBB58,토게키스 VMAX,BS2020012059,PRD_FE54F67A9C114773A9CD,059/076,RRR,KO,POKEMON,swsh3a_ja-59,swsh4-141
CRD_5D82D98321EE4B3B8CFB,프테라 V,BS2022014104,PRD_D85C098E2C3449848167,105/100,SR,KO,POKEMON,swsh11_ja-105,swsh11-179
CRD_5D857A6DB3B4475CAD61,팽도리,BS2025014085,PRD_DD94FB8DCB7C4A129478,085/080,AR,KO,TRAINER,m2_ja-85,me2-98
CRD_5D7CA51BCEB44BAEA02D,곤율거니,BS2025008137,PRD_53034524E98C4FE8BF8D,137/086,AR,KO,POKEMON,sv11w_ja-137,rsv10pt5-139
CRD_466890A6EF99406086D6,아르세우스 V,BS2022002083,PRD_FA60964DC9AC4C999AC2,083/100,RR,KO,POKEMON,swsh9_ja-83,swsh9-122
CRD_43B0B8BE00C44F0FB400,전룡,,PRD_156BB71C4F5A41C39521,088/083,AR,KO,POKEMON,m4_ja-88,NO_EN
CRD_298C0EBA7D414B2DB409,삼삼드래 EX,BS2015004084,PRD_9B9032EBA3C24F1ABA5C,084/078,SR,KO,POKEMON,xy6_ja-84,xy6-103
CRD_68ACF9F3119E4D75BABA,메가루차불 ex,BS2025015094,PRD_90A8D5BDA5664CEF9F48,094/193,RR,KO,POKEMON,m2a_ja-94,me2pt5-116
CRD_10433F25F9E74294B2FC,전진,BS2018002071,PRD_F201E3D7E4F640C7847E,071/066,SR,KO,TRAINER,sm5m_ja-71,sm5-156
CRD_5D99F1F054944414B285,플라드리 최후의 수단,BS2014004095,PRD_42626661804D4BE1B5E2,095/088,SR,KO,TRAINER,xy4_ja-95,xy4-118
CRD_5D9CED91492B4E768613,잠만보,BS2022011126,PRD_554AB5D7D5A440D0AA2A,077/071,CHR,KO,POKEMON,swsh10a_ja-77,swsh11tg-TG10
CRD_5D9E1E48807A4B839B95,돌핀맨 ex,BS2024008116,PRD_980F0BFCCDBB47558BFA,116/101,SR,KO,POKEMON,sv6_ja-116,sv6-193
CRD_5E2DD9D7EE3942628E86,괴력몬 EX,BS2015005088,PRD_D8F59899D45046079FE1,088/081,SR,KO,POKEMON,xy7_ja-88,xy7-90
CRD_5E4E70BF23AC40C7ACFF,게을킹 ex,BS2024017126,PRD_0CC50B878F5F40BAA824,126/106,SR,KO,POKEMON,sv8_ja-126,sv8-227
CRD_3B4B975E13F04C418F1C,시바,BS2021001080,PRD_FDDAB6E1AF8D49E6A224,080/070,SR,KO,TRAINER,swsh5i_ja-79,swsh5-158
CRD_799DF0D045214B7ABBDA,가라르 히히다루마 VMAX,,PRD_32C23D5FA71F45ADB572,113/100,HR,KO,POKEMON,swsh4_ja-113,swsh4-187
CRD_4CC81C78A11A4E46AD49,마기라스 V,BS2021001076,PRD_FDDAB6E1AF8D49E6A224,076/070,SR,KO,POKEMON,swsh5i_ja-76,swsh5-154
CRD_5E50FAE179C84F9C8755,대여르,BS2022001204,PRD_767E549F894445C98D52,204/184,CHR,KO,POKEMON,swsh8b_ja-204,swsh10tg-TG07
CRD_A0B7FEC7EBCC30F32231005D7A76B620,카나자와 피카츄,144/S-P,JP_PROMO_EXCLUSIVE,144/S-P,PR,JP,POKEMON,swshp_ja-144,
CRD_A20BEE66070640B39730,아머까오 VMAX,,PRD_AD7B5C4F802F4D64BE90,085/070,HR,KO,POKEMON,swsh5r_ja-85,swsh5-171
CRD_3DB07E020BC24EA1AB3B,해피너스 V,BS2021005052,PRD_EACC12D2E1D547E3ACE6,052/070,RR,KO,POKEMON,swsh6k_ja-52,swsh6-119
CRD_A59B08DC49AD4E5FBFA7,고동치는달 ex,BS2023021054,PRD_8E32996A2E964C128DBF,054/066,RR,KO,POKEMON,sv4k_ja-54,sv4-124
CRD_A690931A982740A4A1A5,고릴타,BS2020016205,PRD_595A32AA23664B6ABD92,205/190,S,KO,POKEMON,swsh4a_ja-205,swsh45sv-SV006
CRD_79FBECF1B0704D588D61,제르네아스,,PRD_156BB71C4F5A41C39521,089/083,AR,KO,POKEMON,m4_ja-89,NO_EN
CRD_E7F30E639D2045DEA1A4,두랄루돈 VMAX,,PRD_BCB8045CC957488BB992,082/067,HR,KO,POKEMON,swsh7d_ja-82,swsh7-219
CRD_5E8B9D8B826549B5BE0E,글레이시아 GX,BS2019002027,PRD_F0B2C76547E5479F8E65,027/150,RR,KO,POKEMON,sm8b_ja-27,sm5-39
CRD_5EC5DF045E124BF1ACA2,로켓단의 크로뱃 ex,BS2025006127,PRD_FA31487748A24EAF9EE3,127/098,SAR,KO,POKEMON,sv10_ja-127,sv10-234
CRD_5EE5BC37B7894924A235,입치트,BS2026001754,PRD_6F0F228947EF48919808,754/742,AR,KO,POKEMON,NO_JP,me2pt5-246
CRD_5EE6DC9AFBE242028F0F,지라치 EX,BS2013005079,PRD_258843B22E7940E8A2A6,079/076,SR,KO,TRAINER,bw9_ja-79,bw10-98
CRD_B0077688E0674FEE8A14,시바,,PRD_FDDAB6E1AF8D49E6A224,086/070,HR,KO,TRAINER,swsh5i_ja-86,swsh5-172
CRD_AF9E559EB5944BEFAAD8,앱솔,BS2023001191,PRD_B4F8E0D2E2414F1DBC9B,191/172,AR,KO,POKEMON,swsh12a_ja-191,swsh12pt5gg-GG16
CRD_B1236C0C76BB4236BEB2,히스이 대검귀 VSTAR,BS2022004136,PRD_B6A92B9A3823440F8F49,091/067,UR,KO,POKEMON,swsh9a_ja-91,swsh10-209
CRD_B11B7BA4E82A41EA95F8,대검귀,BS2025008104,PRD_53034524E98C4FE8BF8D,104/086,AR,KO,POKEMON,sv11w_ja-104,rsv10pt5-107
CRD_B13EADBBACFC415DBE7D,레지기가스 VSTAR,BS2023001125,PRD_B4F8E0D2E2414F1DBC9B,125/172,RRR,KO,POKEMON,swsh12a_ja-125,swsh12pt5-114
CRD_B253550B1F2740F395BE,베베솔트,BS2024001283,PRD_219AD0EF77CA4165AD0F,283/190,S,KO,POKEMON,sv4a_ja-283,sv4pt5-176
CRD_B3FA890225FF38CC4DBE123ABCCB9B93,판쵸 피카츄 (메가도쿄),098/XY-P,JP_PROMO_EXCLUSIVE,098/XY-P,PR,JP,POKEMON,xyp_ja-98,
CRD_2D3BEACE738C403A95FC,달코퀸 V,BS2021018011,PRD_3BEB5A9863D54FE7BE25,011/100,RR,KO,POKEMON,swsh8_ja-11,swsh8-21
CRD_B6F780670C514367833F,분떠도리,BS2026002081,PRD_B269D7FE35F74921BDB2,081/080,AR,KO,POKEMON,m3_ja-81,me3-89
CRD_58C2AC0BC35A4605B2A3,부르르룸,BS2024001301,PRD_219AD0EF77CA4165AD0F,301/190,S,KO,POKEMON,sv4a_ja-301,sv4pt5-193
CRD_BAC700F6596245A5A62A,매시붕 GX,BS2017011030,PRD_308E1F33050B4777988E,030/050,RR,KO,POKEMON,sm4s_ja-30,sm4-57
CRD_BC94D56140324F5E8B10,마디네,BS2025007138,PRD_D52A4B350D2344119847,138/086,AR,KO,POKEMON,sv11b_ja-138,zsv10pt5-132
CRD_BC7A6C4E12004FA0918B,쉐이미 V,BS2022002101,PRD_FA60964DC9AC4C999AC2,101/100,SR,KO,POKEMON,swsh9_ja-101,swsh9-152
CRD_5F9A15D40E55413889CB,클레이돌,,PRD_156BB71C4F5A41C39521,090/083,AR,KO,POKEMON,m4_ja-90,NO_EN
CRD_5F01EFF37F2B4265ACDD,줄뮤마,BS2025008111,PRD_53034524E98C4FE8BF8D,111/086,AR,KO,POKEMON,sv11w_ja-111,rsv10pt5-114
CRD_C00E1C8CFE15D51E795F88D9D5D14E94,판쵸 피카츄 (메가 캠페인),203/XY-P,JP_PROMO_EXCLUSIVE,203/XY-P,PR,JP,POKEMON,xyp_ja-203,
CRD_C2A3EBDFC3B244DDA1F7,전툴라 ex,BS2024012118,PRD_3C9C174C842D499D9A02,118/102,SR,KO,POKEMON,sv7_ja-118,sv7-159
CRD_5F1E0C24C1C64F5FB49E,세레비&이상해꽃 GX,BS2019001096,PRD_0D6AE93A1F194DF2AFCC,096/095,SR,KO,POKEMON,sm9_ja-96,sm9-159
CRD_5F4D4AC299E34809963A,흑마 버드렉스 VMAX,BS2021005037,PRD_EACC12D2E1D547E3ACE6,037/070,RRR,KO,POKEMON,swsh6k_ja-37,swsh6-75
CRD_C4A0597992A94A558267,글레이시아 V,BS2021007077,PRD_BD7FA21EB0B4407086A0,077/069,SR,KO,POKEMON,swsh6a_ja-77,swsh7-175
CRD_30FDE55BA54D445982F5,춤추새 GX,BS2019016035,PRD_26B8AEB977614902B314,035/095,RR,KO,POKEMON,sm12_ja-35,sm12-95
CRD_C69B5517FEEB4D75832B,하랑우탄,,PRD_0A7EE93DE4014CF7A4B6,092/076,UR,KO,POKEMON,swsh3a_ja-92,swsh4-199
CRD_5F8E8D482CEE40979BB4,후딘 ex,BS2024001075,PRD_219AD0EF77CA4165AD0F,075/190,RR,KO,POKEMON,sv4a_ja-75,svp-50
CRD_5FB16D1BB32E4BC8873F,쏘드라,BS2024011067,PRD_7293190A22224C0598D5,067/064,AR,KO,POKEMON,sv6a_ja-67,sv6pt5-67
CRD_5FB29A7CDA6A4F8698B4,요씽리스 VMAX,BS2021018086,PRD_3BEB5A9863D54FE7BE25,086/100,RRR,KO,POKEMON,swsh8_ja-86,swsh8-218
CRD_366F8C52670645088A5A,흑마 버드렉스 VMAX,BS2022001083,PRD_767E549F894445C98D52,083/184,RRR,KO,POKEMON,swsh8b_ja-83,swsh6-75
CRD_CB62AB154B714772BCC6,그린의 전략,BS2019017190,PRD_C50AF6B22D9843F5B112,190/173,SR,KO,TRAINER,sm12a_ja-193,NO_EN
CRD_CD08270B66B84F70A6EE,즈미,,PRD_EACC12D2E1D547E3ACE6,091/070,HR,KO,TRAINER,swsh6k_ja-91,swsh6-221
CRD_5FE253E42C974A6AB4E7,라이코 V,BS2023001218,PRD_B4F8E0D2E2414F1DBC9B,218/172,SAR,KO,POKEMON,swsh12a_ja-218,swsh12pt5gg-GG41
CRD_5FF7C03BB99345278E5E,에이스번 VMAX,BS2020004017,PRD_D785A25B9DFD4C32AE7C,017/070,RRR,KO,POKEMON,swsh1a_ja-17,swsh2-36
CRD_5FFCA0AB3BF4438A8D41,뮤 VMAX,BS2023001054,PRD_B4F8E0D2E2414F1DBC9B,054/172,RRR,KO,POKEMON,swsh12a_ja-54,swsh8-114
CRD_5FFCA95807BE4F5A9443,비리디온 GX,BS2018012061,PRD_AFDD781CB39B4FCD9356,061/060,SR,KO,TRAINER,sm7a_ja-61,sm8-197
CRD_941424BAD57545578C47,보만다 VMAX,,PRD_91D480C53D3248F79831,114/100,HR,KO,POKEMON,swsh3_ja-114,swsh3-194
CRD_600E014CD3CD4A00BD0B,무한다이노 VMAX,BS2020011065,PRD_91D480C53D3248F79831,065/100,RRR,KO,POKEMON,swsh3_ja-65,swsh3-117
CRD_3676B88FE7374BDBB1B2,뮤츠 ex,BS2023018001,PRD_C9C1E802DBE343E590F4,001/020,RR,KO,POKEMON,NO_JP,sv4-58
CRD_1550F9965A5248E99C97,리자몽 ex,BS2024009006,PRD_48F67037C46A4924A0B8,006/021,RR,KO,POKEMON,NO_JP,svp-196
CRD_D549C9C22E9C4E4C83D4,저승갓숭,BS2024001278,PRD_219AD0EF77CA4165AD0F,278/190,S,KO,POKEMON,sv4a_ja-278,sv4pt5-171
CRD_D543AC0888A542E78D35,얼음귀신 EX,BS2015006014,PRD_E658C5D993B042F88176,014/059,RR,KO,POKEMON,xy8b_ja-14,xy8-34
CRD_6033B85380BA4D14AE12,뮤 ex,BS2023014195,PRD_DAB43E31433041FC942F,195/165,SR,KO,POKEMON,sv2a_ja-195,sv3pt5-193
CRD_6048FC300CB84CADAB99,리자몽 EX,PR2015001169,PRD_5335DFBF031D4BA68337,,PR,KO,POKEMON,xyp_ja-213,xyp-XY29
CRD_606F71558BA8468DA1FE,어써러셔,BS2024001231,PRD_219AD0EF77CA4165AD0F,231/190,S,KO,POKEMON,sv4a_ja-231,sv4pt5-126
CRD_DDCF9A4843654499A109,타만타,BS2023020064,PRD_B7309AB1FDF64E4EA6B1,064/062,AR,KO,POKEMON,sv3a_ja-64,sv4-189
CRD_2261AA95080E4619A99E,네오라이트 V,BS2022002104,PRD_FA60964DC9AC4C999AC2,104/100,SR,KO,TRAINER,swsh9_ja-104,swsh9-155
CRD_608AF077FAB548EA89BD,볼케니온 V,BS2021004014,PRD_83E04A9A71A74A88AB44,014/070,RR,KO,POKEMON,swsh6h_ja-14,swsh6-25
CRD_60994F0DC5F242CA928F,릴리에의 삐삐 ex,BS2025001115,PRD_EC14FE47676E4D529FD0,115/100,SR,KO,POKEMON,sv9_ja-115,sv9-173
CRD_E708EA2A576B45D59B4D,로즈,,PRD_91D480C53D3248F79831,116/100,HR,KO,TRAINER,swsh3_ja-116,swsh3-196
CRD_60DCE63929FF4EDD9CEA,찬란한 가디안,BS2022011047,PRD_554AB5D7D5A440D0AA2A,027/071,K,KO,POKEMON,swsh10a_ja-27,swsh11-69
CRD_45F4859A17FA4968BCF6,딱구리 ex,BS2023014076,PRD_DAB43E31433041FC942F,076/165,RR,KO,POKEMON,sv2a_ja-76,sv3pt5-76
CRD_4D987972880E4502ACD0,가라르 산호르곤 V,BS2020011043,PRD_91D480C53D3248F79831,043/100,RR,KO,POKEMON,swsh3_ja-43,swsh35-21
CRD_EC4DDEF3D32C4E658D4C,뮤 V,BS2021018106,PRD_3BEB5A9863D54FE7BE25,106/100,SR,KO,POKEMON,swsh8_ja-106,swsh8-251
CRD_60F01E549A5F4ED5BCAB,피카츄,SVP000000126,PRD_FFB3A5A250584AA28007,,PR,KO,POKEMON,svp_ja-1,svp-27
CRD_6107CE7DBE884EAE9B22,보스의 지령(게치스),BS2023010092,PRD_FC339076828C45ED9BA0,092/073,SR,KO,TRAINER,sv1a_ja-95,sv2-248
CRD_F24BA2D7FF26428BA245,토네로스 EX,BS2012003073,PRD_D3C43A91C1D442598A5C,073/069,SR,KO,POKEMON,bw4_ja-73,bw5-108
CRD_F169403CBFD9431CAB8D,펄스멍 VMAX,BS2021018035,PRD_3BEB5A9863D54FE7BE25,035/100,RRR,KO,POKEMON,swsh8_ja-35,swsh8-104
CRD_F2A7696A982E40248FC6,주혜,BS2022008085,PRD_7DF9CF9792C3451BBA08,085/067,HR,KO,TRAINER,swsh10p_ja-83,swsh10-204
CRD_F42B7FFB1122449DB183,님피아 V,BS2021007040,PRD_BD7FA21EB0B4407086A0,040/069,RR,KO,POKEMON,swsh6a_ja-40,swsh7-74
CRD_378581C7E2764EC3A6BA,가라르 창파나이트,BS2020016263,PRD_595A32AA23664B6ABD92,263/190,S,KO,POKEMON,swsh4a_ja-263,swsh45sv-SV064
CRD_611E90329796471CB2D4,갈가부기 V,BS2020011026,PRD_91D480C53D3248F79831,026/100,RR,KO,POKEMON,swsh3_ja-26,swsh35-14
CRD_6136135AE22040079308,노보청 V,BS2022010040,PRD_FEBA8CBAF36B40D9850F,040/071,RR,KO,POKEMON,swsh10b_ja-40,pgo-40
CRD_F83111AEFA30449C80AA,제라오라 VSTAR,BS2023001220,PRD_B4F8E0D2E2414F1DBC9B,220/172,SAR,KO,POKEMON,swsh12a_ja-220,swsh12pt5gg-GG43
CRD_F801E713A8D1496791AC,메타그로스 VMAX,BS2021005050,PRD_EACC12D2E1D547E3ACE6,050/070,RRR,KO,POKEMON,swsh6k_ja-50,swsh6-113
CRD_F80B857CFE91CDEB4402E3E93F29B2CB,코이킹 고꼬 피카츄,,JP_PROMO_EXCLUSIVE,150/XY-P,PR,JP,POKEMON,xyp_ja-150,
CRD_FAA316C56DEC49B9BB70,백마 버드렉스 VMAX,,PRD_83E04A9A71A74A88AB44,085/070,HR,KO,POKEMON,swsh6h_ja-85,swsh6-203
CRD_618582EF6E874473AD9F,리피아 V,BS2021007070,PRD_BD7FA21EB0B4407086A0,070/069,SR,KO,POKEMON,swsh6a_ja-70,swsh7-166
CRD_5B5AD56134634293963C,루기아 ex,BS2024018097,PRD_58FB9039FC3548478196,097/175,RR,KO,POKEMON,NO_JP,sv8pt5-82
CRD_255CB9C1E0E948988562,잠만보 ex,BS2024018094,PRD_58FB9039FC3548478196,094/175,RR,KO,POKEMON,NO_JP,sv8pt5-76
CRD_621EC27A4FFC46AAA5B0,한카리아스 V,BS2022004124,PRD_B6A92B9A3823440F8F49,079/067,SR,KO,POKEMON,swsh9a_ja-79,swsh10-178
CRD_62382B166E0840719246,오리진 펄기아 V,BS2023001027,PRD_B4F8E0D2E2414F1DBC9B,027/172,RR,KO,POKEMON,swsh12a_ja-27,swsh10-39
CRD_6208A844312F4FCEA6A1,인텔리레온 VMAX,BS2020004023,PRD_D785A25B9DFD4C32AE7C,023/070,RRR,KO,POKEMON,swsh1a_ja-23,swsh2-50
CRD_6254B969E7A7449094FA,흉내내기 아가씨,BS2021008079,PRD_BCB8045CC957488BB992,079/067,SR,KO,TRAINER,swsh7d_ja-79,swsh7-200
CRD_62582500388642AD8992,그라에나,BS2026001753,PRD_6F0F228947EF48919808,753/742,AR,KO,POKEMON,NO_JP,me2pt5-243
CRD_62C3A4F356F74487824A,님피아 GX,BS2017013073,PRD_5DB928790C7E449C8459,073/114,RR,KO,POKEMON,sm4p_ja-73,sm2-92
CRD_62C8546C52084CE08D66,애버라스,BS2023015114,PRD_C017B01380CF490A9480,114/108,AR,KO,POKEMON,sv3_ja-114,sv3-203
CRD_62BDFC93B8524B53A057,다크펫 ex,BS2023007095,PRD_5AD4DD681C694EAC8DDA,095/078,SR,KO,POKEMON,sv1v_ja-95,sv1-229
CRD_635F799A0D2C4619893C,딩루 ex,BS2023012097,PRD_66FB8C2B312E46E081B1,097/071,UR,KO,POKEMON,sv2d_ja-97,sv2-275
CRD_63550D89E20048CA8259,뮤츠 VSTAR,BS2022010031,PRD_FEBA8CBAF36B40D9850F,031/071,RRR,KO,POKEMON,swsh10b_ja-31,pgo-31
CRD_627474F7EF5F4BDB9549,리피아 VSTAR,BS2023001210,PRD_B4F8E0D2E2414F1DBC9B,210/172,SAR,KO,POKEMON,swsh12a_ja-210,swsh12pt5gg-GG35
CRD_630A12E88A2C405CB9F3,지가르데 GX,BS2019002225,PRD_F0B2C76547E5479F8E65,225/150,SSR,KO,POKEMON,sm8b_ja-225,sma-SV65
CRD_63141A82DE9B4DB48A54,보만다 ex,BS2025001119,PRD_EC14FE47676E4D529FD0,119/100,SR,KO,POKEMON,sv9_ja-119,sv9-177
CRD_6287A3AF49C442799402,메가썬더볼트 ex,BS2025010077,PRD_86C30C87F04C465BA58C,077/063,SR,KO,POKEMON,m1s_ja-77,me1-158
CRD_634203B063A54BAD8C11,괴력몬,BS2010008029,PRD_90AA859558D449D4A776,29/40,HR,KO,POKEMON,dp6_ja-52,dp7-98
CRD_6396E1AD59084F64A801,딩루 ex,BS2023012094,PRD_66FB8C2B312E46E081B1,094/071,SAR,KO,POKEMON,sv2d_ja-94,sv2-263
CRD_626420F611AD49BAA98D,우락고래 ex,BS2025006032,PRD_FA31487748A24EAF9EE3,032/098,RR,KO,POKEMON,sv10_ja-32,sv10-65
CRD_5DF591EAB7B44D25AF5A,한카리아스 V,BS2022004087,PRD_B6A92B9A3823440F8F49,054/067,RR,KO,POKEMON,swsh9a_ja-54,swsh10-117
CRD_62A6B9CDD727412080D2,가라르의 동료들,BS2022001255,PRD_767E549F894445C98D52,255/184,SR,KO,TRAINER,swsh8b_ja-258,swsh12tg-TG23
CRD_6412506A2B9B42B895C2,대짱이 EX,PR2015001076,PRD_5335DFBF031D4BA68337,,PR,KO,POKEMON,xyp_ja-137,xyp-XY55
CRD_63C895F49C5A421D9548,따라큐 VMAX,BS2022001077,PRD_767E549F894445C98D52,077/184,RRR,KO,POKEMON,swsh8b_ja-77,swsh9-69
CRD_63C1890645A14E069576,텅비드 GX,BS2017012052,PRD_B9ABCB229FAD45509D71,052/050,SR,KO,POKEMON,sm4a_ja-52,sm4-103
CRD_64A023A4F1074382A6F7,매시붕 GX,BS2019002228,PRD_F0B2C76547E5479F8E65,228/150,SSR,KO,POKEMON,sm8b_ja-228,sma-SV68
CRD_63F5B0FD4B07476CB192,파오젠 ex,BS2023011085,PRD_514C148400944D8AA72F,085/071,SR,KO,POKEMON,sv2p_ja-85,sv2-236
CRD_0EF858A4F6FE457E848E,굽이치는물결 ex,BS2024004086,PRD_171222A74859484783EB,086/071,SR,KO,POKEMON,sv5k_ja-86,sv5-189
CRD_646451564B014C19BB2E,피카츄 EX,BS2016009107,PRD_E8E7DDCB3A754A04BC5A,107/100,SR,KO,POKEMON,cp6_ja-94,xyp-XY124
CRD_64904033464E4C1DA53B,사구아로,BS2023012091,PRD_66FB8C2B312E46E081B1,091/071,SR,KO,TRAINER,sv2d_ja-90,sv2-255
CRD_63B80E0E81474366B192,고디탱,BS2025008121,PRD_53034524E98C4FE8BF8D,121/086,AR,KO,POKEMON,sv11w_ja-121,rsv10pt5-124
CRD_63D4879876974E509121,카디나르마 ex,BS2023021015,PRD_8E32996A2E964C128DBF,015/066,RR,KO,POKEMON,sv4k_ja-15,sv4-27
CRD_64D59B5F08A74343BAD0,피죤투 ex,BS2023015128,PRD_C017B01380CF490A9480,128/108,SR,KO,POKEMON,sv3_ja-128,sv3-217
CRD_6399B03EC1A54922BB8C,들눈해,BS2024001206,PRD_219AD0EF77CA4165AD0F,206/190,S,KO,POKEMON,sv4a_ja-206,sv4pt5-105
CRD_641A3A941D1A424C84B3,기기기어르,BS2025008148,PRD_53034524E98C4FE8BF8D,148/086,AR,KO,POKEMON,sv11w_ja-148,zsv10pt5-141
CRD_6424F4FA8DB0409195E6,라프라스 ex,BS2024012117,PRD_3C9C174C842D499D9A02,117/102,SR,KO,POKEMON,sv7_ja-117,sv7-158
CRD_649DBF44700540B8A098,콩알뚜기,BS2025014082,PRD_DD94FB8DCB7C4A129478,082/080,AR,KO,POKEMON,m2_ja-82,me2-96
CRD_64E058D69CF943F5B6C0,벼리짱,BS2023012077,PRD_66FB8C2B312E46E081B1,077/071,AR,KO,POKEMON,sv2d_ja-77,sv2-217
CRD_663C98F6109848CD9597,이브이 GX,BS2019000018,PRD_84AD0AAADD6A491990EE,018/038,RR,KO,POKEMON,NO_JP,smp-SM175
CRD_672B4D1A3B27458F9805,가디안 ex,BS2023006101,PRD_ED1CAC91B03F4EAD86F7,101/078,SAR,KO,POKEMON,sv1s_ja-101,sv1-245
CRD_64EA988E405547A794C3,약어리 GX,BS2019017174,PRD_C50AF6B22D9843F5B112,174/173,SR,KO,POKEMON,sm12a_ja-174,NO_EN
CRD_667E09D4457B4159ACB6,비파,BS2024004090,PRD_171222A74859484783EB,090/071,SR,KO,TRAINER,sv5k_ja-91,sv5-199
CRD_6586202DC9F2442E92B7,손지브림,BS2020016254,PRD_595A32AA23664B6ABD92,254/190,S,KO,POKEMON,swsh4a_ja-254,swsh45sv-SV055
CRD_5592B918549340D29D73,크로뱃,,PRD_156BB71C4F5A41C39521,091/083,AR,KO,POKEMON,m4_ja-91,NO_EN
CRD_66EF57E1FAC943AEA97D,렌트라,BS2024001242,PRD_219AD0EF77CA4165AD0F,242/190,S,KO,POKEMON,sv4a_ja-242,sv4pt5-137
CRD_656BC340421641E5A050,독수의 함정,BS2019003063,PRD_B4B304E3BD094584B09E,063/055,SR,KO,TRAINER,sm9a_ja-63,sm10-211
CRD_65DE95DF80D94E05A42A,이상해꽃 EX,BS2014001001,PRD_53EB7B68B0224C239C02,001/060,RR,KO,POKEMON,xy1x_ja-1,xy1-1
CRD_6601BE7A1DE143349FA6,히스이 포푸니크 V,BS2022008044,PRD_7DF9CF9792C3451BBA08,044/067,RR,KO,POKEMON,swsh10p_ja-44,swsh10-94
CRD_6622C5C878F244828DA2,어리짱,BS2023012076,PRD_66FB8C2B312E46E081B1,076/071,AR,KO,POKEMON,sv2d_ja-76,sv2-216
CRD_6657C5F9E27145AA9961,메가픽시 ex,BS2026002112,PRD_B269D7FE35F74921BDB2,112/080,SAR,KO,POKEMON,m3_ja-112,me3-119
CRD_669F982DB44549EFB5E2,견고라스 EX,PR2015001117,PRD_5335DFBF031D4BA68337,,PR,KO,POKEMON,xyp_ja-133,xyp-XY70
CRD_66AB3EEC58944846BD32,멀레인,BS2019005061,PRD_F47B27397A4F495BA9FE,061/054,SR,KO,TRAINER,sm9b_ja-62,sm10-212
CRD_6758A956D73C4F90BE9F,저지맨,BS2018012065,PRD_AFDD781CB39B4FCD9356,065/060,SR,KO,TRAINER,sm7a_ja-66,sm8-209
CRD_67CFE01AE03E495B9FB2,블루의 탐색,BS2019017195,PRD_C50AF6B22D9843F5B112,195/173,SR,KO,TRAINER,sm12a_ja-196,NO_EN
CRD_67DCCA6B98564C55A6CD,파라블레이즈 ex,BS2024019203,PRD_D26383A636BE42F09D6B,203/187,SAR,KO,POKEMON,sv8a_ja-203,sv8pt5-147
CRD_67F29079C11444D7B0CA,킹드라 ex,BS2026001154,PRD_6F0F228947EF48919808,154/742,RR,KO,POKEMON,sv6a_ja-12,sv6pt5-12
CRD_683F3F874CB848EF94C4,돌핀맨 ex,BS2024019046,PRD_D26383A636BE42F09D6B,046/187,RR,KO,POKEMON,sv8a_ja-46,svp-126
CRD_68750CA7D67B49579E22,히스이 붐볼 V,BS2022011127,PRD_554AB5D7D5A440D0AA2A,078/071,SR,KO,POKEMON,swsh10a_ja-78,swsh11-172
CRD_69B4BC1CEE69492C85A9,세레나,BS2022016090,PRD_0C8B6847314E495B9C8E,090/068,HR,KO,TRAINER,swsh11a_ja-89,swsh12-207
CRD_690D9691BB90458E8645,샤로다 VSTAR,BS2022016092,PRD_0C8B6847314E495B9C8E,092/068,UR,KO,POKEMON,swsh11a_ja-92,swsh12-210
CRD_6967F2866EC341D1B5A5,고동치는달 ex,BS2024019218,PRD_D26383A636BE42F09D6B,218/187,SAR,KO,POKEMON,sv8a_ja-218,sv8pt5-162
CRD_6867ED7294D14913A168,주박사,BS2013003055,PRD_815E43D10B08494B9B51,055/051,SR,KO,TRAINER,bw8t_ja-55,bw9-116
CRD_899C71FEF9DC4CDFB0EF,메탕,,PRD_156BB71C4F5A41C39521,092/083,AR,KO,POKEMON,m4_ja-92,NO_EN
CRD_68FF087ED5984A63BAE9,피카츄 ex,BS2024017122,PRD_0CC50B878F5F40BAA824,122/106,SR,KO,POKEMON,sv8_ja-122,sv8-219
CRD_6844172254A344548A6C,코르니,BS2014003102,PRD_48B06855BF394BE69706,102/096,SR,KO,TRAINER,xy3_ja-102,xy3-111
CRD_684A3F96ECB64020B759,마그카르고 ex,BS2024007080,PRD_965FA5E5CD004C97AE74,080/066,SR,KO,POKEMON,sv5a_ja-80,sv6-191
CRD_685FD3A30CD4473393DD,펄기아 GX,BS2018002045,PRD_F201E3D7E4F640C7847E,045/066,RR,KO,POKEMON,sm5m_ja-45,sm5-101
CRD_6879A3B2FF474EFAABAA,위대한엄니 ex,BS2024001330,PRD_219AD0EF77CA4165AD0F,330/190,SSR,KO,POKEMON,sv4a_ja-330,svp-72
CRD_68DB6AC7C4BB4ACD92ED,N의 레시라무,BS2025001109,PRD_EC14FE47676E4D529FD0,109/100,AR,KO,POKEMON,sv9_ja-109,sv9-167
CRD_694BA62B745A4D1E9025,레시라무&리자몽 GX,BS2019007097,PRD_BDAF39161DD0442B99F6,097/095,SR,KO,POKEMON,sm10_ja-97,smp-SM201
CRD_69525AAF5E3C4C99AB79,난천의 한카리아스 ex,BS2025005087,PRD_66A71505B24242AD9875,087/063,SAR,KO,POKEMON,sv9a_ja-87,sv10-232
CRD_69C72795CBC8432A90DC,야돈,BS2023007082,PRD_5AD4DD681C694EAC8DDA,082/078,AR,KO,POKEMON,sv1v_ja-82,sv1-204
CRD_69C818D4E150495ABB8B,레쿠쟈 EX,BS2015004085,PRD_9B9032EBA3C24F1ABA5C,085/078,SR,KO,POKEMON,xy6_ja-85,xy6-104
CRD_69FF1CDC2254489A8E2D,쏘콘 ex,BS2023012005,PRD_66FB8C2B312E46E081B1,005/071,RR,KO,POKEMON,sv2d_ja-5,sv2-5
CRD_6A49D65CBD7D467DA753,돌헨진 V,BS2020002064,PRD_7CCB63858C7E43A287F2,064/060,SR,KO,POKEMON,swsh1w_ja-64,swsh1-193
CRD_6A05AC4797764140A0D5,파비코리,BS2023001194,PRD_B4F8E0D2E2414F1DBC9B,194/172,AR,KO,TRAINER,swsh12a_ja-194,swsh12pt5gg-GG19
CRD_6A6D79F1AA404CF998CD,그우린차 ex,BS2024007089,PRD_965FA5E5CD004C97AE74,089/066,SAR,KO,POKEMON,sv5a_ja-89,sv6-210
CRD_6A23462E4F984F01BBC8,카디나르마,BS2024001218,PRD_219AD0EF77CA4165AD0F,218/190,S,KO,POKEMON,sv4a_ja-218,sv4pt5-115
CRD_6A047CD751384F969D65,코터스 V,BS2020003006,PRD_FC1A7B5927A44298A2A2,006/060,RR,KO,POKEMON,swsh1h_ja-6,swsh1-24
CRD_6A29DC1A64574E9A92BE,다태우지네 V,BS2020016027,PRD_595A32AA23664B6ABD92,027/190,RR,KO,POKEMON,swsh4a_ja-27,swsh3-33
CRD_6A6020158B7D48B6851C,나무킹 EX,BS2015005007,PRD_D8F59899D45046079FE1,007/081,RR,KO,POKEMON,xy7_ja-7,xy7-7
CRD_6A62F065A24240519E51,심향의 모험,BS2025005083,PRD_66A71505B24242AD9875,083/063,SR,KO,TRAINER,sv9a_ja-84,sv10-221
CRD_6A64916CD6DF4E1C952E,이올브 V,BS2022001214,PRD_767E549F894445C98D52,214/184,CSR,KO,POKEMON,swsh8b_ja-214,swsh11tg-TG12
CRD_6AC614249DBA4DD285DE,테르나,BS2022016069,PRD_0C8B6847314E495B9C8E,069/068,CHR,KO,POKEMON,swsh11a_ja-69,swsh12tg-TG01
CRD_6B3CFFBA30BE4DB79C74,N의 조로아크 ex,BS2026001470,PRD_6F0F228947EF48919808,470/742,RR,KO,POKEMON,sv9_ja-61,sv9-98
CRD_6B3F6BFCB5834D188F85,팬텀,BS2022011123,PRD_554AB5D7D5A440D0AA2A,074/071,CHR,KO,POKEMON,swsh10a_ja-74,swsh11tg-TG06
CRD_6B452C1E25584A62B2AE,늑골라 GX,SMP000000240,PRD_9B07DE115EC346669203,179/SM-P,SM-P,KO,POKEMON,smp_ja-356,smp-SM239
CRD_6B800B8A1D544DEB9436,이수재의 메인터넌스,BS2018006076,PRD_151FCDB5743444E7A349,076/066,SR,KO,TRAINER,sm6b_ja-76,sm7-162
CRD_2D25B07240614BDCAAAC,히스이 대검귀 VSTAR,BS2022004132,PRD_B6A92B9A3823440F8F49,087/067,HR,KO,POKEMON,swsh9a_ja-87,swsh10-197
CRD_6B89BCF215104ABCA86A,샤미드 EX,PR2015001105,PRD_5335DFBF031D4BA68337,,PR,KO,POKEMON,xyp_ja-194,g1-24
CRD_6BCC0F7F5E7F4991809F,들눈해,BS2023007080,PRD_5AD4DD681C694EAC8DDA,080/078,AR,KO,POKEMON,sv1v_ja-80,sv1-201
CRD_6B90BFF3033D4996A9AB,가라르 파이어,BS2023001190,PRD_B4F8E0D2E2414F1DBC9B,190/172,AR,KO,POKEMON,swsh12a_ja-190,swshp-SWSH284
CRD_6BFE78CBD4924CF285F9,메가염무왕 ex,BS2026001113,PRD_6F0F228947EF48919808,113/742,RR,KO,POKEMON,NO_JP,me2pt5-31
CRD_6BAE3346829849DD8C4B,크로뱃 V,BS2020011105,PRD_91D480C53D3248F79831,105/100,SR,KO,POKEMON,swsh3_ja-105,swsh3-182
CRD_6C510F8223BB456DB67C,케르디오,BS2023001179,PRD_B4F8E0D2E2414F1DBC9B,179/172,AR,KO,POKEMON,swsh12a_ja-179,swsh12pt5gg-GG07
CRD_6C46069A0ABF4F55BB2D,디아루가 EX플라스마단,BS2013005080,PRD_258843B22E7940E8A2A6,080/076,SR,KO,POKEMON,bw9_ja-80,bw10-99
CRD_6C093D7C67AF47468F97,레드의 도전,BS2019017191,PRD_C50AF6B22D9843F5B112,191/173,SR,KO,TRAINER,sm12a_ja-201,NO_EN
CRD_6C5AB36AD8294729A03E,고동치는달 ex,BS2023021084,PRD_8E32996A2E964C128DBF,084/066,SR,KO,POKEMON,sv4k_ja-84,sv4-229
CRD_8875DA1FBB2046CBAF86,미끄네일,,PRD_156BB71C4F5A41C39521,093/083,AR,KO,POKEMON,m4_ja-93,NO_EN
CRD_6C18665126FF426F9C2E,블래키 VMAX,BS2022001245,PRD_767E549F894445C98D52,245/184,CSR,KO,POKEMON,swsh8b_ja-245,swsh9tg-TG23
CRD_0CE6EEB1A26B404D9703,피콘,BS2024001198,PRD_219AD0EF77CA4165AD0F,198/190,S,KO,POKEMON,sv4a_ja-198,sv4pt5-99
CRD_6C2E76C8810D45DB91FC,저리더프,BS2025007119,PRD_D52A4B350D2344119847,119/086,AR,KO,POKEMON,sv11b_ja-119,zsv10pt5-115
CRD_6C3E5BD53EFB49EC967E,타타륜 V,BS2020002004,PRD_7CCB63858C7E43A287F2,004/060,RR,KO,POKEMON,swsh1w_ja-4,swsh1-9
CRD_6C48D7D464D0402B9F7D,뮤 ex,BS2023014208,PRD_DAB43E31433041FC942F,208/165,UR,KO,POKEMON,sv2a_ja-208,sv3pt5-205
CRD_25B97585CC304F538181,잉어킹&고래왕 GX,BS2019001099,PRD_0D6AE93A1F194DF2AFCC,099/095,SR,KO,POKEMON,sm9_ja-99,sm9-161
CRD_6C87482BDBFF4157B5FA,애프룡 VMAX,BS2021001008,PRD_FDDAB6E1AF8D49E6A224,008/070,RRR,KO,POKEMON,swsh5i_ja-8,swsh5-19
CRD_6D79DA4384654ADFAD71,무쇠감투 ex,BS2024005086,PRD_B8A7BADF7613420288AC,086/071,SR,KO,POKEMON,sv5m_ja-86,sv5-191
CRD_6D1BC2DD10F54AB98A56,알로라 식스테일 VSTAR,BS2022016087,PRD_0C8B6847314E495B9C8E,087/068,HR,KO,POKEMON,swsh11a_ja-87,swsh12-197
CRD_6CF9150210054C398987,배우르 V,BS2020016325,PRD_595A32AA23664B6ABD92,325/190,SSR,KO,POKEMON,swsh4a_ja-325,swsh45sv-SV120
CRD_6C8A167C2A5041E8B2C2,노보청,BS2025007133,PRD_D52A4B350D2344119847,133/086,AR,KO,POKEMON,sv11b_ja-133,zsv10pt5-127
CRD_6DDE5C3825A04030BEC6,에브이GX,BS2017001024,PRD_498EC017052748FA9B3C,024/060,RR,KO,POKEMON,sm1s_ja-24,sm1-61
CRD_6DA66A6437FD4A86B009,절각참,BS2025007148,PRD_D52A4B350D2344119847,148/086,AR,KO,POKEMON,sv11b_ja-148,zsv10pt5-143
CRD_6D7FD944EBBE4E7AA8A1,N,BS2011003071,PRD_F516B48B00EC4405B043,071/066,SR,KO,TRAINER,bw2_ja-71,bw3-101
CRD_6D7A01D810164EB8B111,흑마 버드렉스 V,BS2021005036,PRD_EACC12D2E1D547E3ACE6,036/070,RR,KO,POKEMON,swsh6k_ja-36,swsh6-74
CRD_6CE96DE4AE2A4103BE43,펌킨인 ex,BS2026003041,PRD_156BB71C4F5A41C39521,041/083,RR,KO,POKEMON,m4_ja-41,NO_EN
CRD_6CE97DC55919437DBC63,켄호로우,BS2025007155,PRD_D52A4B350D2344119847,155/086,AR,KO,POKEMON,sv11b_ja-155,zsv10pt5-150
CRD_3DDAD77110704AF290D4,가라르 산호르곤,BS2020016249,PRD_595A32AA23664B6ABD92,249/190,S,KO,POKEMON,swsh4a_ja-249,swsh45sv-SV050
CRD_F8E30FB79C2745469735,켄타로스,,PRD_156BB71C4F5A41C39521,094/083,AR,KO,POKEMON,m4_ja-94,NO_EN
CRD_6D101670C47A4618BA64,무쇠암석 ex,BS2024005100,PRD_B8A7BADF7613420288AC,100/071,UR,KO,POKEMON,sv5m_ja-100,sv5-217
CRD_6E69415874774031B60E,마폭시 BREAK,BS2016020012,PRD_218CE0DABAD1493786DF,012/078,RR,KO,POKEMON,xy10_ja-12,xy10-14
CRD_6E6A642B52D441B786B7,뷰티플라이,BS2025015194,PRD_90A8D5BDA5664CEF9F48,194/193,AR,KO,POKEMON,m2a_ja-194,me2pt5-219
CRD_6E6C2EE667CE4D84A52D,울트라네크로즈마 GX,BS2019002104,PRD_F0B2C76547E5479F8E65,104/150,RR,KO,POKEMON,sm8b_ja-104,smp-SM126
CRD_6EA72CB24D6C419B8BC1,두송,BS2020011109,PRD_91D480C53D3248F79831,109/100,SR,KO,TRAINER,swsh3_ja-109,swsh3-187
CRD_6E2A7F9E1B124081A497,메가무장조 ex,BS2026002099,PRD_B269D7FE35F74921BDB2,099/080,SR,KO,POKEMON,m3_ja-99,me3-106
CRD_6EBB0D6B60B34A9CAC8D,목호,BS2022017120,PRD_75DAB61BCF5342C38563,120/098,HR,KO,TRAINER,swsh12_ja-122,swsh12-206
CRD_6E9405D59DA14754A6EE,킬가르도 ex,BS2023022082,PRD_245223BF212C456385F3,082/066,SR,KO,POKEMON,sv4m_ja-82,sv4-230
CRD_6E30EACB936041E98A01,조로아크 BREAK,BS201707075,PRD_87A114BC5BF44CB19C97,075/171,RR,KO,POKEMON,xy8b_ja-37,xy8-92
CRD_2D0FDD0C77AF4176BAA2,신비록 V,BS2022007076,PRD_A34AF524E977421D94D7,076/067,SR,KO,POKEMON,swsh10d_ja-76,swsh10-180
CRD_6EA8D0D00A484C1985DD,메가아쿠스타 ex,BS2026002095,PRD_B269D7FE35F74921BDB2,095/080,SR,KO,POKEMON,m3_ja-95,me3-102
CRD_6E6230DEBE1C4DBF815D,버프론 ex,BS2025008164,PRD_53034524E98C4FE8BF8D,164/086,SR,KO,POKEMON,sv11w_ja-164,rsv10pt5-162
CRD_3EE3FCDAD8A84659B149,네이티,BS2024001256,PRD_219AD0EF77CA4165AD0F,256/190,S,KO,POKEMON,sv4a_ja-256,sv4pt5-151
CRD_6DE3AEC9CE8C40398C7C,데인차,BS2020016251,PRD_595A32AA23664B6ABD92,251/190,S,KO,POKEMON,swsh4a_ja-251,swsh45sv-SV052
CRD_3EC5906755954D34B0B9,드래런치,BS2020016260,PRD_595A32AA23664B6ABD92,260/190,S,KO,POKEMON,swsh4a_ja-260,swsh45sv-SV061
CRD_6ECF390F7DB845A393E9,다태우지네 VMAX,,PRD_9C4063C50B5B45C09FF9,080/070,HR,KO,POKEMON,swsh2a_ja-80,swsh3-191
CRD_6EED812BE5FE4E45BB0A,다크라이 GX,BS2017007055,PRD_8A0B1007C3C94557BB73,055/049,SR,KO,POKEMON,sm2p_ja-55,sm3-139
CRD_6FC1CB0DAF0D475BAF64,독침붕 V,BS2022008001,PRD_7DF9CF9792C3451BBA08,001/067,RR,KO,POKEMON,swsh10p_ja-1,swsh10-1
CRD_702857AB918C4E93B38D,야콘,BS2019017196,PRD_C50AF6B22D9843F5B112,196/173,SR,KO,TRAINER,sm12a_ja-199,NO_EN
CRD_6F3A522A92D245C5BD70,리자몽 V,BS2020016307,PRD_595A32AA23664B6ABD92,307/190,SSR,KO,POKEMON,swsh4a_ja-307,swsh35-79
CRD_70689C813B324C93AC03,M강철톤 EX,BS2016006057,PRD_CBD194134D1F48C5B86E,057/054,SR,KO,POKEMON,xy11f_ja-57,xy11-109
CRD_6F63FE893F744455B063,염무왕,BS2025008098,PRD_53034524E98C4FE8BF8D,098/086,AR,KO,POKEMON,sv11w_ja-98,rsv10pt5-98
CRD_70077C9FC60D4FE79B50,미라몽,BS2024011069,PRD_7293190A22224C0598D5,069/064,AR,KO,POKEMON,sv6a_ja-69,sv6pt5-69
CRD_6F2AFDBF9FDB47CB93E4,인텔리레온 V,BS2020004073,PRD_D785A25B9DFD4C32AE7C,073/070,SR,KO,POKEMON,swsh1a_ja-73,swsh2-180
CRD_6F5BE04789954940A44C,아가씨,BS2020012083,PRD_FE54F67A9C114773A9CD,083/076,SR,KO,TRAINER,swsh3a_ja-83,swsh4-181
CRD_6F660305B01D494F9AB0,무쇠무인 ex,BS2024019213,PRD_D26383A636BE42F09D6B,213/187,SAR,KO,POKEMON,sv8a_ja-213,sv8pt5-157
CRD_6FA0D89A1693401DB8FB,연격 우라오스 V,BS2022001240,PRD_767E549F894445C98D52,240/184,CSR,KO,POKEMON,swsh8b_ja-240,swsh9tg-TG20
CRD_6FAA2DCA23D240FBBABF,세레비&이상해꽃 GX,BS2019001001,PRD_0D6AE93A1F194DF2AFCC,001/095,RR,KO,POKEMON,sm9_ja-1,sm9-1
CRD_6FBE2AD113B74C719B5B,오르티가,BS2023015131,PRD_C017B01380CF490A9480,131/108,SR,KO,TRAINER,sv3_ja-130,sv3-219
CRD_70232D25A67C4C04A915,웨이니발 ex,BS2024001043,PRD_219AD0EF77CA4165AD0F,043/190,RR,KO,POKEMON,sv4a_ja-43,svp-35
CRD_704B8C245A2D48CFA157,제라오라 V,BS2022001054,PRD_767E549F894445C98D52,054/184,RR,KO,POKEMON,swsh8b_ja-54,swsh6-53
CRD_70AB4EE68E7847EB9537,칠색조 GX,BS2017008053,PRD_5358D70C809B48A3851F,053/051,SR,KO,POKEMON,sm3h_ja-53,sm3-131
CRD_70A1CFED68464E399860,루가루암 GX,BS2019002227,PRD_F0B2C76547E5479F8E65,227/150,SSR,KO,POKEMON,sm8b_ja-227,sma-SV67
CRD_70943598653E422CB652,마자용 V,BS2020002063,PRD_7CCB63858C7E43A287F2,063/060,SR,KO,POKEMON,swsh1w_ja-63,swsh1-191
CRD_7073512FE78844239956,다투곰 붉은 달 ex,BS2024007091,PRD_965FA5E5CD004C97AE74,091/066,SAR,KO,POKEMON,sv5a_ja-91,sv6-216
CRD_70C03F70940E4AFD89F7,삼삼드래 EX,BS2015004050,PRD_9B9032EBA3C24F1ABA5C,050/078,RR,KO,POKEMON,xy6_ja-50,xy6-62
CRD_709A2E7C8F6F465F9E61,킬리아,BS2019002195,PRD_F0B2C76547E5479F8E65,195/150,S,KO,POKEMON,sm8b_ja-195,sma-SV35
CRD_70BF01A370254FDF84AA,엘풍 V,BS2022002049,PRD_FA60964DC9AC4C999AC2,049/100,RR,KO,POKEMON,swsh9_ja-49,swsh9-64
CRD_70DBE52BB8F949A2A864,오거폰 주춧돌의 가면 ex,BS2026001428,PRD_6F0F228947EF48919808,428/742,RR,KO,POKEMON,sv8a_ja-91,sv8pt5-58
CRD_70F0C4F7265945BF97DE,리자몽 ex,BS2024001115,PRD_219AD0EF77CA4165AD0F,115/190,RR,KO,POKEMON,sv4a_ja-115,sv4pt5-54
CRD_710DC79FEA9542A1BD21,잉어킹&고래왕 GX,BS2019001098,PRD_0D6AE93A1F194DF2AFCC,098/095,SR,KO,POKEMON,sm9_ja-98,sm9-160
CRD_711241AAC3CB4EFB8F22,리파,BS2023022086,PRD_245223BF212C456385F3,086/066,SR,KO,TRAINER,sv4m_ja-87,sv4-244
CRD_7114B0F7FF874949B3FE,카디나르마 ex,BS2026001146,PRD_6F0F228947EF48919808,146/742,RR,KO,POKEMON,NO_JP,svp-105
CRD_71205B71BAD34A2C85BD,유카리,BS2026002106,PRD_B269D7FE35F74921BDB2,106/080,SR,KO,TRAINER,m3_ja-108,me3-110
CRD_715FB49EC8004D6DAD2F,파밀리쥐 ex,BS2023022084,PRD_245223BF212C456385F3,084/066,SR,KO,POKEMON,sv4m_ja-84,sv4-233
CRD_716841C8EA25435BA3A7,번치코 V,BS2022001216,PRD_767E549F894445C98D52,216/184,CSR,KO,POKEMON,swsh8b_ja-216,swsh12tg-TG14
CRD_7287BB47FFDE4919A94C,루가루암 VMAX,,PRD_BCB8045CC957488BB992,080/067,HR,KO,POKEMON,swsh7d_ja-80,swsh7-213
CRD_734D08C448CA482595A4,구구,BS2023015118,PRD_C017B01380CF490A9480,118/108,AR,KO,POKEMON,sv3_ja-118,sv3-207
CRD_72783B70F01B4ED8B41A,보만다 V,BS2020011108,PRD_91D480C53D3248F79831,108/100,SR,KO,POKEMON,swsh3_ja-108,swsh3-185
CRD_72EA7027E1B24D65A9C8,일격 우라오스 V,BS2021001074,PRD_FDDAB6E1AF8D49E6A224,074/070,SR,KO,POKEMON,swsh5i_ja-74,swsh5-150
CRD_7269FACD98284466BD3F,부스터 V,BS2021007072,PRD_BD7FA21EB0B4407086A0,072/069,SR,KO,POKEMON,swsh6a_ja-72,swsh7-169
CRD_73BB41EBB51F4E5C98C6,토게키스 VMAX,,PRD_FE54F67A9C114773A9CD,088/076,HR,KO,POKEMON,swsh3a_ja-88,swsh4-191
CRD_72DC6FDF73B541818CBF,크로뱃 VMAX,BS2020016320,PRD_595A32AA23664B6ABD92,320/190,SSR,KO,POKEMON,swsh4a_ja-320,swshp-SWSH099
CRD_71B943080D4E4023A1B4,피카츄 ex,BS2024017136,PRD_0CC50B878F5F40BAA824,136/106,UR,KO,POKEMON,sv8_ja-136,sv8-247
CRD_7283A07A9E7242E69F1F,다태우지네 VMAX,BS2022001023,PRD_767E549F894445C98D52,023/184,RRR,KO,POKEMON,swsh8b_ja-23,swsh3-34
CRD_7198FCCE27034FF78404,유빈의 확신,BS2024004097,PRD_171222A74859484783EB,097/071,SAR,KO,TRAINER,sv5k_ja-97,sv5-211
CRD_7258B944611440859FD1,입치트 VSTAR,BS2022016040,PRD_0C8B6847314E495B9C8E,040/068,RRR,KO,POKEMON,swsh11a_ja-40,swsh12-71
CRD_725B42F08E65463899B9,나인테일 ex,BS2023014188,PRD_DAB43E31433041FC942F,188/165,SR,KO,POKEMON,sv2a_ja-188,sv3pt5-186
CRD_729748E685DD4FEB87C8,네크로즈마 황혼의 갈기 GX,BS2018001068,PRD_F6FE8B8F09B645B4BEA7,068/066,SR,KO,POKEMON,sm5s_ja-68,sm5-145
CRD_7341FC41F0D143948B61,잠만보 GX,SMP0000000017,PRD_84BC5F34E90043A2B281,017/SM-P,SM-P,KO,POKEMON,smp_ja-1,smp-SM05
CRD_73BC837020A74A488C75,억새,BS2022011144,PRD_554AB5D7D5A440D0AA2A,095/071,HR,KO,TRAINER,swsh10a_ja-94,swsh11-207
CRD_721C06FA7E914D659B80,크로뱃 V,BS2022001099,PRD_767E549F894445C98D52,099/184,RR,KO,POKEMON,swsh8b_ja-99,swsh3-104
CRD_7518CBB1CFE544CF9DA8,난천의 패기,BS2022002121,PRD_FA60964DC9AC4C999AC2,121/100,HR,KO,TRAINER,swsh9_ja-122,swsh9-178
CRD_7472D09449364F81AB38,후파 V,BS2021018107,PRD_3BEB5A9863D54FE7BE25,107/100,SR,KO,POKEMON,swsh8_ja-107,swsh8-253
CRD_744238CF563C4F9ABC6A,리자드,BS2023014169,PRD_DAB43E31433041FC942F,169/165,AR,KO,POKEMON,sv2a_ja-169,sv3pt5-169
CRD_73BF8E71FFB94618AEB0,무한다이노 V,BS2022001109,PRD_767E549F894445C98D52,109/184,RR,KO,POKEMON,swsh8b_ja-109,swsh3-116
CRD_73CA21A2A3EB47D1AF95,뮤츠&뮤 GX,BS2019013097,PRD_85013CC4B9634E819F22,097/094,SR,KO,POKEMON,sm11_ja-97,sm11-222
CRD_73D6953981C84918B834,어지리더,BS2025008094,PRD_53034524E98C4FE8BF8D,094/086,AR,KO,POKEMON,sv11w_ja-94,rsv10pt5-94
CRD_73D90A06E6DB40DDAA41,드래펄트 ex,BS2024008120,PRD_980F0BFCCDBB47558BFA,120/101,SR,KO,POKEMON,sv6_ja-120,sv6-200
CRD_73E5E12743E44600A13C,엘레이드 V,BS2022011068,PRD_554AB5D7D5A440D0AA2A,040/071,RR,KO,POKEMON,swsh10a_ja-40,swshp-SWSH258
CRD_73E84D59CC8E4A4CA6FD,레드&그린,BS2019016107,PRD_26B8AEB977614902B314,107/095,SR,KO,TRAINER,sm12_ja-108,sm12-234
CRD_73F42BA51E1C4FD4A7B7,불카모스 GX,BS2019016013,PRD_26B8AEB977614902B314,013/095,RR,KO,POKEMON,sm12_ja-13,sm12-35
CRD_742200F17881431CB52E,비리디온 V,BS2022004119,PRD_B6A92B9A3823440F8F49,074/067,SR,KO,POKEMON,swsh9a_ja-74,swsh10-164
CRD_74339EE06F0E42DC99FE,지라치(프리즘스타),BS2019017091,PRD_C50AF6B22D9843F5B112,091/173,PR,KO,POKEMON,sm12a_ja-91,sm7-97
CRD_7457BA11C1D9436DAEED,제크로무,BS2022001195,PRD_767E549F894445C98D52,195/184,CHR,KO,POKEMON,swsh8b_ja-195,swsh9tg-TG05
CRD_749056557121444EB3EA,연격 우라오스 VMAX,BS2022001241,PRD_767E549F894445C98D52,241/184,CSR,KO,POKEMON,swsh8b_ja-241,swsh9tg-TG21
CRD_74B902EF7172401CA468,메더 ex,BS2026001394,PRD_6F0F228947EF48919808,394/742,RR,KO,POKEMON,NO_JP,me2pt5-114
CRD_74E51DCCF8D24ADBA306,갸라도스 ex,BS2023006091,PRD_ED1CAC91B03F4EAD86F7,091/078,SR,KO,POKEMON,sv1s_ja-91,sv1-225
CRD_75B006ABADD148E0A5BB,가디안 GX,BS2017009055,PRD_CF155EC649AE400EB0D1,055/051,SR,KO,POKEMON,sm3n_ja-55,sm3-140
CRD_75F07C682B69468CA27A,메가메가니움 ex,BS2026001018,PRD_6F0F228947EF48919808,018/742,RR,KO,POKEMON,NO_JP,me2pt5-10
CRD_77BB414B737A48BA9F33,히스이 모크나이퍼 VSTAR,BS2022004131,PRD_B6A92B9A3823440F8F49,086/067,HR,KO,POKEMON,swsh9a_ja-86,swsh10-195
CRD_76AE8067C83542EF95BB,꿰뚫는화염 ex,BS2024004098,PRD_171222A74859484783EB,098/071,UR,KO,POKEMON,sv5k_ja-98,sv5-214
CRD_774A388CB1DC46F384AE,뮤츠 EX,BS2016009108,PRD_E8E7DDCB3A754A04BC5A,108/100,SR,KO,POKEMON,cp6_ja-95,xy12-103
CRD_76057B536C1E494D9DD9,리자몽 ex,BS2024001331,PRD_219AD0EF77CA4165AD0F,331/190,SSR,KO,POKEMON,sv4a_ja-331,svp-74
CRD_77BD7E23B3354084B0C9,포트데스,BS2020016252,PRD_595A32AA23664B6ABD92,252/190,S,KO,POKEMON,swsh4a_ja-252,swsh45sv-SV053
CRD_761714141AFD427DA3EC,피카츄 V,BS2020014104,PRD_32C23D5FA71F45ADB572,104/100,SR,KO,POKEMON,swsh4_ja-104,swsh4-170
CRD_761AFE3BD91646FEBEA5,M샤크니아 EX,BS201707071,PRD_87A114BC5BF44CB19C97,071/171,RR,KO,POKEMON,xy_ja-71,xyp-XY200
CRD_761F112811784F3C9B5A,제빈,BS2024016086,PRD_3FAB90CDEC7C43B6A8DF,086/064,SR,KO,TRAINER,sv7a_ja-83,sv8-232
CRD_76493C10952F4FC896FF,케르디오 GX,BS2019011019,PRD_3E9DB59EE4A3494BAC2C,019/054,RR,KO,POKEMON,sm10b_ja-19,sm11-47
CRD_7666E22ADA2D4444AB42,메가이어롭&푸린 GX,BS2019016104,PRD_26B8AEB977614902B314,104/095,SR,KO,POKEMON,sm12_ja-104,sm12-226
CRD_7670562F15A640309F43,거북왕 EX,BS2016009021,PRD_E8E7DDCB3A754A04BC5A,021/100,RR,KO,POKEMON,cp6_ja-21,xy12-21
CRD_1778B01FA4AD4332B4C8,독침붕 ex,,PRD_156BB71C4F5A41C39521,096/083,SR,KO,POKEMON,m4_ja-96,NO_EN
CRD_768F67D90A2142609676,명희의 격려,BS2026002105,PRD_B269D7FE35F74921BDB2,105/080,SR,KO,TRAINER,m3_ja-107,me3-114
CRD_77207234896E4180A67D,때때무노,BS2024016072,PRD_3FAB90CDEC7C43B6A8DF,072/064,AR,KO,POKEMON,sv7a_ja-72,sv8-207
CRD_775A49F21F744A09869C,M보스로라 EX,BS2015001076,PRD_F918066FC0EA4F6B9C99,076/070,SR,KO,POKEMON,xy5g_ja-76,xy5-154
CRD_787EEE4CA17C4384B003,경채,BS2022008077,PRD_7DF9CF9792C3451BBA08,077/067,SR,KO,TRAINER,swsh10p_ja-79,swsh10-182
CRD_78304A223D8C4A2EAD04,심향의 블레이범,BS2025005070,PRD_66A71505B24242AD9875,070/063,AR,KO,POKEMON,sv9a_ja-70,sv10-190
CRD_798B992F69334701BDF2,단단지 GX,BS2018010013,PRD_6066B79FCD694BDCBF82,013/095,RR,KO,POKEMON,sm8_ja-13,sm8-17
CRD_78690B2E84B943EFA5E1,메가픽시 ex,BS2026002096,PRD_B269D7FE35F74921BDB2,096/080,SR,KO,POKEMON,m3_ja-96,me3-103
CRD_78A1D3109CFF440DAF76,N의 방안,BS2025007165,PRD_D52A4B350D2344119847,165/086,SR,KO,TRAINER,sv11b_ja-165,zsv10pt5-163
CRD_78C8EBD5445449F38745,자포코일 VSTAR,BS2022011139,PRD_554AB5D7D5A440D0AA2A,090/071,HR,KO,POKEMON,swsh10a_ja-90,swsh11-198
CRD_5C43B57F41454A238C06,르마탱,BS2019002155,PRD_F0B2C76547E5479F8E65,155/150,SR,KO,TRAINER,sm8b_ja-157,sm9-178
CRD_782CB6FCC2EE442F9402,마휘핑 V,BS2020012031,PRD_FE54F67A9C114773A9CD,031/076,RR,KO,POKEMON,swsh3a_ja-31,swsh35-22
CRD_786B7853318348889FA2,자시안 ex,BS2024018089,PRD_58FB9039FC3548478196,089/175,RR,KO,POKEMON,NO_JP,svp-198
CRD_787A4B40D73A4555BE21,알로라나인테일 GX,BS2019002213,PRD_F0B2C76547E5479F8E65,213/150,SSR,KO,POKEMON,sm8b_ja-213,sma-SV53
CRD_78BC0A0FADB34F7CAADD,폭타 EX,BS201707012,PRD_87A114BC5BF44CB19C97,012/171,RR,KO,POKEMON,xy5g_ja-21,xy5-29
CRD_78E696D892A1480CB471,에몽가 EX,BS2014501023,PRD_9977B6F18CD34810B58A,023/060,RR,KO,POKEMON,xy1y_ja-23,xy1-46
CRD_793053A5665347469533,M디안시 EX,PR2015001028,PRD_5335DFBF031D4BA68337,,PR,KO,POKEMON,xyp_ja-93,xyp-XY44
CRD_796EC7E6363A48C6ADF7,모르페코 V,BS2020003019,PRD_FC1A7B5927A44298A2A2,019/060,RR,KO,POKEMON,swsh1h_ja-19,swsh1-79
CRD_79A7AA5045634FCAAE44,로즈,BS2020011110,PRD_91D480C53D3248F79831,110/100,SR,KO,TRAINER,swsh3_ja-110,swsh3-189
CRD_D4B65CC7BF784983ADB8,메가화염레오 ex,,PRD_156BB71C4F5A41C39521,097/083,SR,KO,POKEMON,m4_ja-97,NO_EN
CRD_7A7B7FE3D8DA4848943D,핫삼 GX,BS2019002233,PRD_F0B2C76547E5479F8E65,233/150,SSR,KO,POKEMON,sm8b_ja-233,sma-SV72
CRD_7A85040155F046DBAD18,킬가르도 VMAX,,PRD_32C23D5FA71F45ADB572,115/100,HR,KO,POKEMON,swsh4_ja-115,swsh4-190
CRD_79B0B8C088454C1EB451,대로트 EX,BS2015001011,PRD_F918066FC0EA4F6B9C99,011/070,RR,KO,POKEMON,xy5g_ja-11,xy5-19
CRD_7B28676DCCDC4062B984,위대한엄니 ex,BS2023006049,PRD_ED1CAC91B03F4EAD86F7,049/078,RR,KO,POKEMON,sv1s_ja-49,sv1-123
CRD_7A54C2FA809B4E9699FD,몰드류 ex,BS2025007163,PRD_D52A4B350D2344119847,163/086,SR,KO,POKEMON,sv11b_ja-163,zsv10pt5-160
CRD_7B317B9E170247469F62,딩루 ex,BS2023012088,PRD_66FB8C2B312E46E081B1,088/071,SR,KO,POKEMON,sv2d_ja-88,sv2-243
CRD_79AB9AEE4B68458A98DD,비리디온,BS2025008095,PRD_53034524E98C4FE8BF8D,095/086,AR,KO,POKEMON,sv11w_ja-95,rsv10pt5-95
CRD_7B0CD02EFB474874B2F9,토네로스 V,BS2021004057,PRD_83E04A9A71A74A88AB44,057/070,RR,KO,POKEMON,swsh6h_ja-57,swsh6-124
CRD_79C908702D7C4C89A247,그우린차 ex,BS2024007079,PRD_965FA5E5CD004C97AE74,079/066,SR,KO,POKEMON,sv5a_ja-79,sv6-189
CRD_79ED4A2D30A34E139A64,제르네아스 ex,BS2024018052,PRD_58FB9039FC3548478196,052/175,RR,KO,POKEMON,NO_JP,svp-179
CRD_7AC4C404D19B4C5FB0B1,메가드래캄 ex,BS2026003063,PRD_156BB71C4F5A41C39521,063/083,RR,KO,POKEMON,m4_ja-63,NO_EN
CRD_7B22D01FE0474BF9AF2E,찬란한 이상해꽃,BS2022010004,PRD_FEBA8CBAF36B40D9850F,004/071,K,KO,POKEMON,swsh10b_ja-4,pgo-4
CRD_7A000CCE7DCA4B44B198,포푸니라,BS2019015051,PRD_FDF989679F15435DB74E,051/049,CHR,KO,POKEMON,sm11b_ja-51,sm12-238
CRD_7A536360D1EC48FB885A,피카츄,PR2015001001,PRD_5335DFBF031D4BA68337,,PR,KO,POKEMON,NO_JP,xy3-27
CRD_7A64F020EDC04ED89C1D,다탱구,BS2024005072,PRD_B8A7BADF7613420288AC,072/071,AR,KO,POKEMON,sv5m_ja-72,sv5-163
CRD_7A7850AA59504787B71D,스타단의 조무래기,BS2023006099,PRD_ED1CAC91B03F4EAD86F7,099/078,SR,KO,TRAINER,sv1s_ja-98,sv1-242
CRD_7ADACFDF9777471C8C30,루카리오 ex,BS2026001380,PRD_6F0F228947EF48919808,380/742,RR,KO,POKEMON,NO_JP,sv7-82
CRD_7BE4E9F9E4664866988F,원규,BS2023001239,PRD_B4F8E0D2E2414F1DBC9B,239/172,SAR,KO,TRAINER,swsh12a_ja-242,swsh12pt5gg-GG66
CRD_7C974FE36E964EB996DB,누리레느 GX,BS2017003054,PRD_8E7CED8394594453A32D,054/051,SR,KO,POKEMON,sm1p_ja-54,smp-SM39
CRD_2E8555FADF814122AE17,찬석의 활기,BS2022007084,PRD_A34AF524E977421D94D7,084/067,HR,KO,TRAINER,swsh10d_ja-83,swsh10-199
CRD_7BA254D36DFF445F8FB2,레지드래고 V,BS2022017107,PRD_75DAB61BCF5342C38563,107/098,SR,KO,POKEMON,swsh12_ja-107,swsh12-183
CRD_7BA2781997C84AA48CE9,쉐이미 EX,BS2013004021,PRD_FF9AC7CB363846D0A190,021/025,SR,KO,POKEMON,sc1_ja-21,bw11-RC21
CRD_7BD79E9CD5FD4404913E,잠만보 V,BS2020003066,PRD_FC1A7B5927A44298A2A2,066/060,SR,KO,POKEMON,swsh1h_ja-66,swsh1-197
CRD_7CB1EBD45B814997B7C0,레지기가스,BS2010010035,PRD_FE3C362E12E14D7686A8,35/40,HR,KO,POKEMON,dp6_ja-80,dp7-100
CRD_7C280FA0405542028F83,뮤 VMAX,,PRD_767E549F894445C98D52,280/184,UR,KO,POKEMON,swsh8b_ja-280,swsh11tg-TG30
CRD_7B7C4F93D58F45928675,백솜모카 V,BS2020016016,PRD_595A32AA23664B6ABD92,016/190,RR,KO,TRAINER,swsh4a_ja-16,swsh35-5
CRD_7BB290C3BD38478A914D,파쪼옥,BS2025008113,PRD_53034524E98C4FE8BF8D,113/086,AR,KO,POKEMON,sv11w_ja-113,rsv10pt5-116
CRD_7C8402F1390C43ABA777,갑주무사 ex,BS2023021088,PRD_8E32996A2E964C128DBF,088/066,SAR,KO,POKEMON,sv4k_ja-88,sv4-246
CRD_7BE4EC5B6757486A9FA0,빙큐보 ex,BS2023015133,PRD_C017B01380CF490A9480,133/108,SAR,KO,POKEMON,sv3_ja-133,sv3-222
CRD_7C977A54E4F7492996C5,엘레이드 EX,BS2015004080,PRD_9B9032EBA3C24F1ABA5C,080/078,SR,KO,POKEMON,xy6_ja-80,xy6-99
CRD_7C97C49AAB974ED1A3A3,모야모의 찌리배리 ex,BS2025015236,PRD_90A8D5BDA5664CEF9F48,236/193,SAR,KO,POKEMON,m2a_ja-236,me2pt5-279
CRD_7BB063F505DD4DC096EB,유니란,BS2025007123,PRD_D52A4B350D2344119847,123/086,AR,KO,POKEMON,sv11b_ja-123,zsv10pt5-118
CRD_7DBBE204F9F7473293E8,킬라플로르 ex,BS2023015065,PRD_C017B01380CF490A9480,065/108,RR,KO,POKEMON,sv3_ja-65,sv3-123
CRD_7E2493249D5F4079918C,루카리오 EX,BS2014003099,PRD_48B06855BF394BE69706,099/096,SR,KO,POKEMON,xy3_ja-99,xy3-107
CRD_7E87AB5F7DF14D8F97A0,라프라스 VMAX,,PRD_7CCB63858C7E43A287F2,069/060,HR,KO,POKEMON,swsh1w_ja-69,swsh1-203
CRD_7DA6398AB2274B22A22D,암팰리스,BS2025007136,PRD_D52A4B350D2344119847,136/086,AR,KO,POKEMON,sv11b_ja-136,zsv10pt5-130
CRD_7CBE310A1C2F411F889F,탐험가의 선도,BS2024004092,PRD_171222A74859484783EB,092/071,SR,KO,TRAINER,sv5k_ja-90,sv5-200
CRD_11B811456C5D4DCE8A05,메가개굴닌자 ex,,PRD_156BB71C4F5A41C39521,098/083,SR,KO,POKEMON,m4_ja-98,NO_EN
CRD_7E0814B69ADA40E58DCA,플라이곤 ex,BS2024016079,PRD_3FAB90CDEC7C43B6A8DF,079/064,SR,KO,POKEMON,sv7a_ja-79,sv8-222
CRD_7EB1930C9A224A14AE58,피카츄 ex,BS2024019236,PRD_D26383A636BE42F09D6B,236/187,UR,KO,POKEMON,sv8a_ja-236,sv8pt5-179
CRD_7CC5297071A246E0B3DB,캥카 ex,BS2023014192,PRD_DAB43E31433041FC942F,192/165,SR,KO,POKEMON,sv2a_ja-192,sv3pt5-190
CRD_7D548C823A1940E98115,가디안 ex,BS2024001348,PRD_219AD0EF77CA4165AD0F,348/190,SAR,KO,POKEMON,sv4a_ja-348,sv4pt5-233
CRD_7E8265C1D8B44E03910F,모르페코 VMAX,BS2020003020,PRD_FC1A7B5927A44298A2A2,020/060,RRR,KO,POKEMON,swsh1h_ja-20,swsh1-80
CRD_7EA2A978F4084F7B8C2F,레시라무 GX,BS2018005054,PRD_6FAC8D9AE7E9486E91BC,054/053,SR,KO,POKEMON,sm6a_ja-54,sm75-65
CRD_7EA3BC62F30E405FADC5,메로엣타 ex,BS2025007170,PRD_D52A4B350D2344119847,170/086,SAR,KO,POKEMON,sv11b_ja-170,zsv10pt5-167
CRD_7DA5510251B9473E9F3F,보만다 VMAX,BS2020011081,PRD_91D480C53D3248F79831,081/100,RRR,KO,POKEMON,swsh3_ja-81,swsh3-144
CRD_7F12AC1D6A604C8CB546,트래피더 ex,BS2023007008,PRD_5AD4DD681C694EAC8DDA,008/078,RR,KO,POKEMON,sv1v_ja-8,sv1-19
CRD_7EDD738AC9704AC483F7,어니언,BS2022001272,PRD_767E549F894445C98D52,272/184,SR,KO,TRAINER,swsh8b_ja-256,swsh10tg-TG24
CRD_7F072B0CB7A3432B8EEE,듀란,BS2025007124,PRD_D52A4B350D2344119847,124/086,AR,KO,POKEMON,sv11b_ja-124,zsv10pt5-119
CRD_7F68718FF9574B39A05A,루나아라(프리즘스타),BS2018002032,PRD_F201E3D7E4F640C7847E,032/066,PR,KO,POKEMON,sm5m_ja-32,sm5-62
CRD_7ECF8DBD726740498656,체렌의 배려심,BS2022002122,PRD_FA60964DC9AC4C999AC2,122/100,HR,KO,TRAINER,swsh9_ja-123,swsh9-177
CRD_4542CCF430DC4AEE91DE,가라르 달막화,BS2020016222,PRD_595A32AA23664B6ABD92,222/190,S,KO,POKEMON,swsh4a_ja-222,swsh45sv-SV023
CRD_7F76FC1F996A4ADAAB21,일격 우라오스 VMAX,,PRD_FDDAB6E1AF8D49E6A224,085/070,HR,KO,POKEMON,swsh5i_ja-85,swsh5-168
CRD_7EE4D1F73DD34E3E8CA6,포켓몬 브리더의 육성,,PRD_9C4063C50B5B45C09FF9,083/070,HR,KO,TRAINER,swsh2a_ja-83,swsh3-195
CRD_7ECA02E1619548F98130,고릴타 VMAX,BS2020004009,PRD_D785A25B9DFD4C32AE7C,009/070,RRR,KO,POKEMON,swsh1a_ja-9,swsh2-18
CRD_7F1F939CC0DB4671824A,바닐리치,BS2025008109,PRD_53034524E98C4FE8BF8D,109/086,AR,KO,POKEMON,sv11w_ja-109,rsv10pt5-112
CRD_A6CB88032E43434B998F,메가플라엣테 ex,,PRD_156BB71C4F5A41C39521,099/083,SR,KO,POKEMON,m4_ja-99,NO_EN
CRD_A8B5785909B448EBB9B7,펌킨인 ex,,PRD_156BB71C4F5A41C39521,100/083,SR,KO,POKEMON,m4_ja-100,NO_EN
CRD_7EF3FAC1AA9F41959926,공박사의강연,BS2018010101,PRD_6066B79FCD694BDCBF82,101/095,SR,KO,TRAINER,sm8_ja-102,sm8-213
CRD_7EF64656A6724709BAEC,전룡 V,BS2020012014,PRD_FE54F67A9C114773A9CD,014/076,RR,KO,POKEMON,swsh3a_ja-14,swsh4-49
CRD_7EFD5641401A41AC9D8D,펄기아 GX,BS2018003051,PRD_0BF9D5EE99F244E7910D,051/050,SR,KO,POKEMON,sm5p_ja-51,sm6-119
CRD_7F2DC1D44D784529BCCE,M한카리아스 EX,PR2015001141,PRD_5335DFBF031D4BA68337,,PR,KO,POKEMON,NO_JP,xyp-XY168
CRD_7F62D48BBF5543A99063,스트린더 ex,BS2023022040,PRD_245223BF212C456385F3,040/066,RR,KO,POKEMON,sv4m_ja-40,sv4-100
CRD_7F78F4DCAE1340BCA119,다크라이 EX,BS201707072,PRD_87A114BC5BF44CB19C97,072/171,RR,KO,POKEMON,xy_ja-72,xy9-74
CRD_7F7E8A1CDFC44B1687F8,따라큐 VMAX,BS2022001234,PRD_767E549F894445C98D52,234/184,CSR,KO,POKEMON,swsh8b_ja-234,swsh9tg-TG17
CRD_7FE85AF0323E486DA2F4,총지엔 ex,BS2023011084,PRD_514C148400944D8AA72F,084/071,SR,KO,POKEMON,sv2p_ja-84,sv2-232
CRD_803FA692C5CE471EA9A3,모으령,BS2023020068,PRD_B7309AB1FDF64E4EA6B1,068/062,AR,KO,POKEMON,sv3a_ja-68,sv4-198
CRD_7FDF1B8B2C7A49388486,밀탱크,BS2023001199,PRD_B4F8E0D2E2414F1DBC9B,199/172,AR,KO,POKEMON,swsh12a_ja-199,swsh12pt5gg-GG24
CRD_80F1FC05F4D8499DA9DA,모야모의 찌리배리 ex,BS2025001030,PRD_EC14FE47676E4D529FD0,030/100,RR,KO,POKEMON,sv9_ja-30,sv9-53
CRD_80554114AB5D428FB10A,상행&하행,BS2019002159,PRD_F0B2C76547E5479F8E65,159/150,SR,KO,TRAINER,sm8b_ja-155,sm9-176
CRD_7FFB3A5460DC46489885,쌍검킬,BS2026002091,PRD_B269D7FE35F74921BDB2,091/080,AR,KO,POKEMON,m3_ja-91,me3-98
CRD_80762657E1724F278624,아세로라의 예감,BS2022001269,PRD_767E549F894445C98D52,269/184,SR,KO,TRAINER,swsh8b_ja-255,swsh9tg-TG24
CRD_7F8ADC12469E4311B6AC,형사구스 GX,BS2017001050,PRD_498EC017052748FA9B3C,050/060,RR,KO,POKEMON,sm1s_ja-50,sm1-110
CRD_808986BE4AB54625B5D4,메로엣타 ex,BS2025007162,PRD_D52A4B350D2344119847,162/086,SR,KO,POKEMON,sv11b_ja-162,zsv10pt5-159
CRD_808A9BA456B1456EA2A4,M후딘 EX,BS2016020081,PRD_218CE0DABAD1493786DF,081/078,SR,KO,POKEMON,xy10_ja-81,xy10-118
CRD_808E7CD437F24C0A8CE3,모야모의 찌리배리 ex,BS2025001125,PRD_EC14FE47676E4D529FD0,125/100,SAR,KO,POKEMON,sv9_ja-125,sv9-183
CRD_80BD0BCAE8F6426DA55F,팽도리,BS2019015052,PRD_FDF989679F15435DB74E,052/049,CHR,KO,POKEMON,sm11b_ja-52,sm12-239
CRD_80CDA53B178942988954,모래털가죽 ex,BS2023021042,PRD_8E32996A2E964C128DBF,042/066,RR,KO,POKEMON,sv4k_ja-42,sv4-108
CRD_80D85D7E34F6498CA2BB,과사삭벌레,BS2024007077,PRD_965FA5E5CD004C97AE74,077/066,AR,KO,POKEMON,sv5a_ja-77,sv6-185
CRD_7FD569C86E8646908F84,쥬피썬더 V,BS2021007078,PRD_BD7FA21EB0B4407086A0,078/069,SR,KO,POKEMON,swsh6a_ja-78,swsh7-177
CRD_816B2902F24747B0AB3F,일격 우라오스 VMAX,BS2021001037,PRD_FDDAB6E1AF8D49E6A224,037/070,RRR,KO,POKEMON,swsh5i_ja-37,swsh5-86
CRD_8157AABF97274614824E,모란,BS2024001352,PRD_219AD0EF77CA4165AD0F,352/190,SAR,KO,TRAINER,sv4a_ja-354,sv4pt5-239
CRD_81C9A32B267046DDA955,고동치는달 ex,BS2023021090,PRD_8E32996A2E964C128DBF,090/066,SAR,KO,POKEMON,sv4k_ja-90,sv4-251
CRD_8206CD8F04C740CB8753,히스이 조로아크 V,BS2022011132,PRD_554AB5D7D5A440D0AA2A,083/071,SR,KO,POKEMON,swsh10a_ja-83,swshp-SWSH297
CRD_822997E0527747B387C1,순무,,PRD_9C4063C50B5B45C09FF9,082/070,HR,KO,TRAINER,swsh2a_ja-82,swsh35-77
CRD_5A9588570BE84441901E,대왕끼리동 V,BS2020005075,PRD_E4286779F3FF4A8DA34F,075/096,RR,KO,POKEMON,swsh2_ja-75,swsh2-136
CRD_8176FFAF907244338749,모부기,BS2023001206,PRD_B4F8E0D2E2414F1DBC9B,206/172,AR,KO,POKEMON,swsh12a_ja-206,swsh12pt5gg-GG31
CRD_811F41C997424C4799EC,유토브,BS2025007154,PRD_D52A4B350D2344119847,154/086,AR,KO,POKEMON,sv11b_ja-154,zsv10pt5-149
CRD_822A7803FD9A4D9495AC,치라치노,BS2025007158,PRD_D52A4B350D2344119847,158/086,AR,KO,POKEMON,sv11b_ja-158,zsv10pt5-153
CRD_8130AF03F0B74BF88F4B,제크로무 ex,BS2025007161,PRD_D52A4B350D2344119847,161/086,SR,KO,POKEMON,sv11b_ja-161,zsv10pt5-158
CRD_81C283F7B5804B6E9F93,툰베어,BS2025007114,PRD_D52A4B350D2344119847,114/086,AR,KO,POKEMON,sv11b_ja-114,zsv10pt5-110
CRD_81D1A443CB7D4C37840B,루카리오 GX,BS2018003053,PRD_0BF9D5EE99F244E7910D,053/050,SR,KO,POKEMON,sm5p_ja-53,sm6-122
CRD_81D4DD597DBE456BB22A,님피아 VMAX,BS2022001232,PRD_767E549F894445C98D52,232/184,CSR,KO,POKEMON,swsh8b_ja-232,swsh9tg-TG15
CRD_81DCFF5DDA584C5E9F87,요가램 V,BS2021009072,PRD_3AD5C945B465480BA36C,072/067,SR,KO,POKEMON,swsh7r_ja-72,swsh7-186
CRD_820C8A1490C243AF8876,오거폰 주춧돌의 가면 ex,BS2024008065,PRD_980F0BFCCDBB47558BFA,065/101,RR,KO,POKEMON,sv6_ja-65,sv6-112
CRD_8262D9F6F80441E59604,드래피온,BS2026002090,PRD_B269D7FE35F74921BDB2,090/080,AR,KO,POKEMON,m3_ja-90,me3-97
CRD_8298C8E112E94322BE4D,드래펄트 VMAX,BS2020016089,PRD_595A32AA23664B6ABD92,089/190,RRR,KO,POKEMON,swsh4a_ja-89,swsh2-93
CRD_827860234B4648058D9A,마스카나 ex,BS2023010096,PRD_FC339076828C45ED9BA0,096/073,SAR,KO,POKEMON,sv1a_ja-96,sv2-256
CRD_83BAA925FA8D48C4ABFE,플라제스 BREAK,BS2015006043,PRD_E658C5D993B042F88176,043/059,RR,KO,POKEMON,xy8b_ja-43,xy8-104
CRD_83BEEB1396274C9BAB37,브라이어,BS2024012131,PRD_3C9C174C842D499D9A02,131/102,SAR,KO,TRAINER,sv7_ja-132,sv7-171
CRD_83435CF0B3494DECB0E7,리자몽 ex,BS2023014185,PRD_DAB43E31433041FC942F,185/165,SR,KO,POKEMON,sv2a_ja-185,sv3pt5-183
CRD_8318097459A64ECD8473,파이어로,BS2026002083,PRD_B269D7FE35F74921BDB2,083/080,AR,KO,POKEMON,m3_ja-83,me3-91
CRD_830603D507F941958180,아르세우스 VSTAR,BS2022002120,PRD_FA60964DC9AC4C999AC2,120/100,HR,KO,POKEMON,swsh9_ja-120,swsh9-176
CRD_6692FF0A37A7473AAF6B,뮤 V,BS2021018039,PRD_3BEB5A9863D54FE7BE25,039/100,RR,KO,POKEMON,swsh8_ja-39,swsh8-113
CRD_828E8D059DF7414D891B,뮤 ex,BS2023014205,PRD_DAB43E31433041FC942F,205/165,SAR,KO,POKEMON,sv2a_ja-205,svp-53
CRD_82702EEBF6134FF1A729,어래곤,BS2020016235,PRD_595A32AA23664B6ABD92,235/190,S,KO,POKEMON,swsh4a_ja-235,swsh45sv-SV036
CRD_82BBF9DCCF3D4D5AB172,두두,BS2024001307,PRD_219AD0EF77CA4165AD0F,307/190,S,KO,POKEMON,sv4a_ja-307,sv4pt5-199
CRD_830056EB54D14AF28E1A,무쇠감투 ex,BS2024005094,PRD_B8A7BADF7613420288AC,094/071,SAR,KO,POKEMON,sv5m_ja-94,sv5-206
CRD_8384DAD4A2524069AD34,로켓단의 또도가스,BS2025006105,PRD_FA31487748A24EAF9EE3,105/098,AR,KO,POKEMON,sv10_ja-105,sv10-199
CRD_83CB95F730174D28B274,메가플라엣테 ex,BS2026003035,PRD_156BB71C4F5A41C39521,035/083,RR,KO,POKEMON,m4_ja-35,NO_EN
CRD_83D97C53AA124CCABCA0,아이리스의 투지,BS2025001122,PRD_EC14FE47676E4D529FD0,122/100,SR,KO,TRAINER,sv9_ja-121,sv9-180
CRD_847F3AC4CA9A4D418203,입치트 V,BS2022016078,PRD_0C8B6847314E495B9C8E,078/068,SR,KO,POKEMON,swsh11a_ja-78,swsh12-178
CRD_F6B2257A2C16460CB4FE,코바르온 ex,,PRD_156BB71C4F5A41C39521,101/083,SR,KO,POKEMON,m4_ja-101,NO_EN
CRD_84F100B202834C6DAE3B,핫삼 ex,BS2026001492,PRD_6F0F228947EF48919808,492/742,RR,KO,POKEMON,sv5m_ja-44,sv5-111
CRD_853F91A8D5AF441492F4,리자몽 ex,BS2023014201,PRD_DAB43E31433041FC942F,201/165,SAR,KO,POKEMON,sv2a_ja-201,sv3pt5-199
CRD_84EB7A5F0598461296E0,철화구야 GX,BS2019005060,PRD_F47B27397A4F495BA9FE,060/054,SR,KO,POKEMON,sm9b_ja-60,sm10-208
CRD_84956B7620D249279F78,기라티나(프리즘스타) [오리진폼],BS2019017058,PRD_C50AF6B22D9843F5B112,058/173,PR,KO,POKEMON,sm12a_ja-58,sm5-58
CRD_8604AD97AE074716B377,파치리스,BS2024001243,PRD_219AD0EF77CA4165AD0F,243/190,S,KO,POKEMON,sv4a_ja-243,sv4pt5-138
CRD_83D6D0B474EF4541A65D,히스이 조로아크 V,BS2022011102,PRD_554AB5D7D5A440D0AA2A,061/071,RR,KO,POKEMON,swsh10a_ja-61,swsh11-146
CRD_83EC760B41124D8A9145,독침붕 ex,BS2026003003,PRD_156BB71C4F5A41C39521,003/083,RR,KO,POKEMON,m4_ja-3,NO_EN
CRD_8410E4E943C54075AE69,깜까미 V,BS2020003036,PRD_FC1A7B5927A44298A2A2,036/060,RR,KO,POKEMON,swsh1h_ja-36,swsh1-120
CRD_8415237C305047B19AD4,단굴,BS2025008125,PRD_53034524E98C4FE8BF8D,125/086,AR,KO,POKEMON,sv11w_ja-125,rsv10pt5-127
CRD_843DB9D7E2934E2DB5CE,대로트 EX,BS2015001071,PRD_F918066FC0EA4F6B9C99,071/070,SR,KO,POKEMON,xy5g_ja-71,xy5-145
CRD_8538CE46E092401B8FD2,슈륙챙이,BS2023014176,PRD_DAB43E31433041FC942F,176/165,AR,KO,POKEMON,sv2a_ja-176,sv3pt5-176
CRD_8550FB250AFA4FADB616,거북왕 EX,BS2016009105,PRD_E8E7DDCB3A754A04BC5A,105/100,SR,KO,POKEMON,cp6_ja-92,xyp-XY122
CRD_85AC11A9F5FE4EBEB8E6,굽이치는물결 ex,BS2024019049,PRD_D26383A636BE42F09D6B,049/187,RR,KO,POKEMON,sv8a_ja-49,svp-127
CRD_85D8B3249D6140CCAE00,리자몽 VSTAR,BS2023001212,PRD_B4F8E0D2E2414F1DBC9B,212/172,SAR,KO,POKEMON,swsh12a_ja-212,swshp-SWSH262
CRD_8657995A6BC44F5DBF8E,뮤츠 V,BS2022010030,PRD_FEBA8CBAF36B40D9850F,030/071,RR,KO,POKEMON,swsh10b_ja-30,pgo-30
CRD_86826BB15E1644AEB13C,어흥염 GX,BS2017003009,PRD_8E7CED8394594453A32D,009/051,RR,KO,POKEMON,sm1p_ja-9,sm1-27
CRD_86A21D43FBB24CD683A0,킹드라 ex,BS2024011077,PRD_7293190A22224C0598D5,077/064,SR,KO,POKEMON,sv6a_ja-77,sv6pt5-80
CRD_87046B5ACF6849E9B53F,프리져,BS2025001102,PRD_EC14FE47676E4D529FD0,102/100,AR,KO,POKEMON,sv9_ja-102,sv9-161
CRD_A70EA9E8C6384E49A3D9,메가드래캄 ex,,PRD_156BB71C4F5A41C39521,102/083,SR,KO,POKEMON,m4_ja-102,NO_EN
CRD_865DA476A29E409CBAA1,일격 우라오스 V,BS2022001238,PRD_767E549F894445C98D52,238/184,CSR,KO,POKEMON,swsh8b_ja-238,swsh9tg-TG18
CRD_874BB3258CA94959BBC0,갸라도스 GX,BS2017012008,PRD_B9ABCB229FAD45509D71,008/050,RR,KO,POKEMON,sm4a_ja-8,sm4-18
CRD_870D077A005D4B68959B,애프룡 VMAX,,PRD_FDDAB6E1AF8D49E6A224,082/070,HR,KO,POKEMON,swsh5i_ja-82,swsh5-164
CRD_8665C8184D854C689CB5,싸리용 ex,BS2024017125,PRD_0CC50B878F5F40BAA824,125/106,SR,KO,POKEMON,sv8_ja-125,sv8-226
CRD_874AC1F1697241DBA8D7,철화구야 GX,BS2019005043,PRD_F47B27397A4F495BA9FE,043/054,RR,KO,POKEMON,sm9b_ja-43,sm10-163
CRD_14896572D23849A88EA3,삐,BS2024001255,PRD_219AD0EF77CA4165AD0F,255/190,S,KO,POKEMON,sv4a_ja-255,sv4pt5-150
CRD_871EF36DB50541E2A367,돌핀맨,BS2024001229,PRD_219AD0EF77CA4165AD0F,229/190,S,KO,POKEMON,sv4a_ja-229,sv4pt5-124
CRD_86639AEE339A4E1D9109,눈쓰개,BS2024001199,PRD_219AD0EF77CA4165AD0F,199/190,S,KO,POKEMON,sv4a_ja-199,sv4pt5-100
CRD_87649DD1BF8243E3895F,피카츄 ex,BS2024018038,PRD_58FB9039FC3548478196,038/175,RR,KO,POKEMON,NO_JP,sv8pt5-28
CRD_876E648A957A44C9AE71,드래피온 V,BS2020014069,PRD_32C23D5FA71F45ADB572,069/100,RR,KO,POKEMON,swsh4_ja-69,swsh4-106
CRD_877457DF732E4A2C8C7F,원시가이오가 EX,BS2015002073,PRD_1E0575E3D10E43ACBECB,073/070,SR,KO,POKEMON,xy5t_ja-73,xy5-149
CRD_888168EF50BE4F89B720,비케,BS2017009057,PRD_CF155EC649AE400EB0D1,057/051,SR,KO,TRAINER,sm3n_ja-57,sm3-147
CRD_88D258C40D594E16B22B,동챙이,BS2025007107,PRD_D52A4B350D2344119847,107/086,AR,KO,POKEMON,sv11b_ja-107,zsv10pt5-103
CRD_88C69A70082B440AB5C0,로켓단의 이올브,BS2025006104,PRD_FA31487748A24EAF9EE3,104/098,AR,KO,POKEMON,sv10_ja-104,sv10-198
CRD_88A52D327991404F8340,그루샤,BS2023011090,PRD_514C148400944D8AA72F,090/071,SR,KO,TRAINER,sv2p_ja-90,sv2-253
CRD_88CACC97FEA144AAB25D,다크펫 ex,BS2023007041,PRD_5AD4DD681C694EAC8DDA,041/078,RR,KO,POKEMON,sv1v_ja-41,sv1-88
CRD_4B3B7C90C55443A7B6F2,레지드래고 V,BS2022017108,PRD_75DAB61BCF5342C38563,108/098,SR,KO,POKEMON,swsh12_ja-108,swsh12-184
CRD_87ACED114A5746E48FF7,N의 조로아크 ex,BS2025001117,PRD_EC14FE47676E4D529FD0,117/100,SR,KO,POKEMON,sv9_ja-117,sv9-175
CRD_88C3837F7E224CCB8F9A,브리무음,BS2020016255,PRD_595A32AA23664B6ABD92,255/190,S,KO,POKEMON,swsh4a_ja-255,swsh45sv-SV056
CRD_48C7959DC8854C038FC9,자망칼,BS2024001292,PRD_219AD0EF77CA4165AD0F,292/190,S,KO,POKEMON,sv4a_ja-292,sv4pt5-185
CRD_8922BCF6E26F48C19343,네이티오,BS2024001257,PRD_219AD0EF77CA4165AD0F,257/190,S,KO,POKEMON,sv4a_ja-257,sv4pt5-152
CRD_882A64CAAD1048D2BE8D,아쿠스타 V,BS2022004120,PRD_B6A92B9A3823440F8F49,075/067,SR,KO,POKEMON,swsh9a_ja-75,swsh10-166
CRD_884CDFFE6A873A39565CEB82B1769CBA,마리오 피카츄 (293),,JP_PROMO_EXCLUSIVE,293/XY-P,PR,JP,POKEMON,xyp_ja-293,
CRD_88C7D15F245C42D6BF77,쟝고 ex,BS2026001588,PRD_6F0F228947EF48919808,588/742,RR,KO,POKEMON,NO_JP,me2pt5-167
CRD_88D8B1966C914557B55B,샤로다 ex,BS2025007159,PRD_D52A4B350D2344119847,159/086,SR,KO,POKEMON,sv11b_ja-159,zsv10pt5-156
CRD_8913A16F0C89452791C5,개굴닌자 ex,BS2024007083,PRD_965FA5E5CD004C97AE74,083/066,SR,KO,POKEMON,sv5a_ja-83,sv6-198
CRD_893BF8C4050E44B6ACFA,일격 우라오스 V,BS2022001092,PRD_767E549F894445C98D52,092/184,RR,KO,POKEMON,swsh8b_ja-92,swsh5-85
CRD_89F2A38B167C4010B9FF,망나뇽 V,BS2021009073,PRD_3AD5C945B465480BA36C,073/067,SR,KO,POKEMON,swsh7r_ja-73,swsh7-191
CRD_89935F355A974D4B82FD,윽우지 V,BS2020016326,PRD_595A32AA23664B6ABD92,326/190,SSR,KO,POKEMON,swsh4a_ja-326,swshp-SWSH086
CRD_8A6B11549C614D0C858F,히트팩토리(프리즘스타),BS2018010093,PRD_6066B79FCD694BDCBF82,093/095,PR,KO,TRAINER,sm8_ja-93,sm8-178
CRD_8978E52260A148548BE7,야적 세 자매,BS2022011143,PRD_554AB5D7D5A440D0AA2A,094/071,HR,KO,TRAINER,swsh10a_ja-96,swsh11-209
CRD_899A39AE13404402AADF,화이트큐레무 GX,BS2018005057,PRD_6FAC8D9AE7E9486E91BC,057/053,SR,KO,POKEMON,sm6a_ja-57,smp-SM141
CRD_89E2E59F5D304DF9BBF8,나몰빼미,BS2019002162,PRD_F0B2C76547E5479F8E65,162/150,S,KO,POKEMON,sm8b_ja-162,sma-SV2
CRD_8965D3327A5540929972,M나무킹 EX,BS201707007,PRD_87A114BC5BF44CB19C97,007/171,RR,KO,POKEMON,xy7_ja-8,xy7-8
CRD_89A20BE9777E4815B50C,M이상해꽃 EX,BS2016009102,PRD_E8E7DDCB3A754A04BC5A,102/100,SR,KO,POKEMON,cp6_ja-89,xy12-100
CRD_89CF88D4F24A4B3FAB18,게을킹 ex,BS2026001583,PRD_6F0F228947EF48919808,583/742,RR,KO,POKEMON,sv8_ja-84,sv8-147
CRD_89F0DED26A364D2D9B5E,으랏차,BS2025007131,PRD_D52A4B350D2344119847,131/086,AR,KO,POKEMON,sv11b_ja-131,zsv10pt5-125
CRD_8A0FF8340E754322A4A3,일격 우라오스 V,BS2022003247,PRD_B2ACFB7F8D3D424D8D60,247/414,RR,KO,POKEMON,swsh5i_ja-36,swsh5-85
CRD_8A1A1D352DA0498C9616,칠리,BS2023020088,PRD_B7309AB1FDF64E4EA6B1,088/062,SAR,KO,TRAINER,sv3a_ja-88,sv4-258
CRD_8A1DCB955E61497F9B0D,입치트 GX,BS2019010030,PRD_472A74A595644AAF95EA,030/054,RR,KO,TRAINER,sm10a_ja-30,sm11-141
CRD_8A3F004027634756AA94,대왕끼리동 ex,BS2023011088,PRD_514C148400944D8AA72F,088/071,SR,KO,POKEMON,sv2p_ja-88,sv2-245
CRD_8A3F628A4E3B4AC087C9,오리진 디아루가 VSTAR,BS2022007049,PRD_A34AF524E977421D94D7,049/067,RRR,KO,POKEMON,swsh10d_ja-49,swsh10-114
CRD_8A55485EA762404EB6E8,바우첼 ex,BS2026001348,PRD_6F0F228947EF48919808,348/742,RR,KO,POKEMON,sv7_ja-46,sv7-67
CRD_8A7EB290F97640FEB7AA,블랑쉬,BS2022010088,PRD_FEBA8CBAF36B40D9850F,088/071,HR,KO,TRAINER,swsh10b_ja-90,pgo-82
CRD_8C2D1ED4956640F9A05F,게노세크트 V,BS2021018108,PRD_3BEB5A9863D54FE7BE25,108/100,SR,KO,POKEMON,swsh8_ja-108,swsh8-254
CRD_8BCE857FB5F041FE942A,오롱털 V,BS2020016321,PRD_595A32AA23664B6ABD92,321/190,SSR,KO,POKEMON,swsh4a_ja-321,swsh45sv-SV116
CRD_8B07A23C08EE489D87DF,카푸브루루,BS2024011065,PRD_7293190A22224C0598D5,065/064,AR,KO,POKEMON,sv6a_ja-65,sv6pt5-65
CRD_8C3914BBF6F44AEA9A9F,칠색조 GX,BS2019002210,PRD_F0B2C76547E5479F8E65,210/150,SSR,KO,POKEMON,sm8b_ja-210,sma-SV50
CRD_8B4E9ACDCF524203B75F,케르디오 EX,BS2012009061,PRD_FBAE3D3A352E4D5B856D,061/059,SR,KO,POKEMON,bw6c_ja-61,bw7-142
CRD_8AC31448F8F9420FAE62,볼트로스,BS2024001244,PRD_219AD0EF77CA4165AD0F,244/190,S,KO,POKEMON,sv4a_ja-244,sv4pt5-139
CRD_8ACEB76FEF1F4466B0B9,가비루사,BS2023021070,PRD_8E32996A2E964C128DBF,070/066,AR,KO,POKEMON,sv4k_ja-70,sv4-192
CRD_8AEA98061B9A431CAA79,케오퍼스 V,BS2020010075,PRD_9C4063C50B5B45C09FF9,075/070,SR,KO,POKEMON,swsh2a_ja-75,swsh35-72
CRD_8B1DB466A7784A9DA26A,조로아크 GX,BS2019002231,PRD_F0B2C76547E5479F8E65,231/150,SSR,KO,POKEMON,sm8b_ja-231,sm35-77a
CRD_8B7637F128294F9EB800,피카츄&제크로무 GX,BS2019001101,PRD_0D6AE93A1F194DF2AFCC,101/095,SR,KO,POKEMON,sm9_ja-101,smp-SM168
CRD_8B9D59AB943441B4BAC4,무쇠손 ex,BS2024019054,PRD_D26383A636BE42F09D6B,054/187,RR,KO,POKEMON,sv8a_ja-54,sv8pt5-31
CRD_8BC4CFF5D3984089B81D,메가자리 ex,BS2025005085,PRD_66A71505B24242AD9875,085/063,SAR,KO,POKEMON,sv9a_ja-85,sv10-228
CRD_8C028EC35A4A49469342,난천의 한카리아스 ex,BS2026001378,PRD_6F0F228947EF48919808,378/742,RR,KO,POKEMON,m2a_ja-90,sv10-104
CRD_8C29A0179FEA494EACAF,파비코리 ex,BS2023022046,PRD_245223BF212C456385F3,046/066,RR,KO,POKEMON,sv4m_ja-46,sv4-140
CRD_8C2B39D4C7FE4D139F06,입치트 V,BS2022016039,PRD_0C8B6847314E495B9C8E,039/068,RR,KO,POKEMON,swsh11a_ja-39,swsh12-70
CRD_8C4595A6BD8543299E01,고디보미,BS2025008122,PRD_53034524E98C4FE8BF8D,122/086,AR,KO,POKEMON,sv11w_ja-122,rsv10pt5-125
CRD_8C5E1C0CADAB42CBA2D3,로파파,BS2025014081,PRD_DD94FB8DCB7C4A129478,081/080,AR,KO,POKEMON,m2_ja-81,me2-95
CRD_8CBA85EFB90246F2A42C,로켓단의 아테나,BS2025006129,PRD_FA31487748A24EAF9EE3,129/098,SAR,KO,TRAINER,sv10_ja-128,sv10-237
CRD_8DB157BF2CDC452DB021,레지에레키 VMAX [다이맥스],BS2022017034,PRD_75DAB61BCF5342C38563,034/098,RRR,KO,POKEMON,swsh12_ja-34,swsh12-58
CRD_8E26CAF93B2D45FE870C,무한다이노 V,BS2020011106,PRD_91D480C53D3248F79831,106/100,SR,KO,POKEMON,swsh3_ja-106,swshp-SWSH044
CRD_8C8BBAFB1C5E4D15BAC6,메가이상해꽃 ex,BS2025009076,PRD_488E92535E424D04B2B5,076/063,SR,KO,POKEMON,m1l_ja-76,me1-155
CRD_8E25DF25B8DD49B6A003,알로라 나시 V,BS2022010072,PRD_FEBA8CBAF36B40D9850F,072/071,SR,KO,POKEMON,swsh10b_ja-72,pgo-71
CRD_8CBB87D89D68439D919A,모야모의 찌리비크,BS2025001104,PRD_EC14FE47676E4D529FD0,104/100,AR,KO,POKEMON,sv9_ja-104,sv9-163
CRD_8D03B1108C6B4669B82D,토네로스 VMAX,BS2021004058,PRD_83E04A9A71A74A88AB44,058/070,RRR,KO,POKEMON,swsh6h_ja-58,swsh6-125
CRD_8CE0A1EE438248E1ABA7,메가장크로다일 ex,BS2026001763,PRD_6F0F228947EF48919808,763/742,RR,KO,POKEMON,NO_JP,me2pt5-274
CRD_8CE5392E17154AFFBE9B,체육관 트레이너,BS2020016197,PRD_595A32AA23664B6ABD92,197/190,SR,KO,TRAINER,swsh4a_ja-192,swsh45-68
CRD_8CFF71200EEC47DAB5B2,세류,BS2024007092,PRD_965FA5E5CD004C97AE74,092/066,SAR,KO,TRAINER,sv5a_ja-92,sv6-220
CRD_8D374F0FF05C482F87FA,라프라스 V,BS2020002062,PRD_7CCB63858C7E43A287F2,062/060,SR,KO,POKEMON,swsh1w_ja-62,swsh1-189
CRD_8D791334E4F64483A551,토대부기 ex,BS2024004084,PRD_171222A74859484783EB,084/071,SR,KO,POKEMON,sv5k_ja-84,sv5-185
CRD_8D845061A06143988494,피카츄 ex,BS2025015044,PRD_90A8D5BDA5664CEF9F48,044/193,RR,KO,POKEMON,m2a_ja-44,me2pt5-57
CRD_8D8F32E2E163440DB34E,갸라도스 V,BS2021009070,PRD_3AD5C945B465480BA36C,070/067,SR,KO,POKEMON,swsh7r_ja-70,swsh7-171
CRD_8E12B9EC416149CFB898,심향의 칠색조 ex,BS2025015021,PRD_90A8D5BDA5664CEF9F48,021/193,RR,KO,POKEMON,m2a_ja-21,me2pt5-26
CRD_8FAAD56862D840F2A5DC,요테리,BS2025008153,PRD_53034524E98C4FE8BF8D,153/086,AR,KO,POKEMON,sv11w_ja-153,rsv10pt5-154
CRD_8E7896DA379A4FA4AFD1,달코퀸 ex,BS2023021020,PRD_8E32996A2E964C128DBF,020/066,RR,KO,POKEMON,sv4k_ja-20,sv4-46
CRD_8EAA19E6FCD243AC89C9,대로트 VMAX,BS2021012008,PRD_3AD5C945B465480BA36C,008/067,RRR,KO,TRAINER,swsh7r_ja-8,swsh7-14
CRD_8F35806D9F12400BA566,가라르 불비달마,BS2020016223,PRD_595A32AA23664B6ABD92,223/190,S,KO,POKEMON,swsh4a_ja-223,swsh45sv-SV024
CRD_8E2D357D27A34250B5E6,코터스,BS2019015050,PRD_FDF989679F15435DB74E,050/049,CHR,KO,POKEMON,sm11b_ja-50,sm12-237
CRD_8E5059F15BB5478EB12A,쫀도기,BS2023006085,PRD_ED1CAC91B03F4EAD86F7,085/078,AR,KO,POKEMON,sv1s_ja-85,sv1-213
CRD_8E8635B273814CB28F1B,브리두라스 ex,BS2024016088,PRD_3FAB90CDEC7C43B6A8DF,088/064,SAR,KO,POKEMON,sv7a_ja-88,sv8-241
CRD_8E99D75B637D46C0BA84,프로토가,BS2025007110,PRD_D52A4B350D2344119847,110/086,AR,KO,POKEMON,sv11b_ja-110,zsv10pt5-106
CRD_8EAE0303CE1A4A19A2DB,라이츄&알로라라이츄 GX,BS2019010056,PRD_472A74A595644AAF95EA,056/054,SR,KO,POKEMON,sm10a_ja-56,sm11-220
CRD_8ED47CA7E8F5408B9A04,텅비드 GX,BS2017012022,PRD_B9ABCB229FAD45509D71,022/050,RR,KO,POKEMON,sm4a_ja-22,sm4-49
CRD_8ED834DBED86423DAAE0,마오&수련,BS2019016108,PRD_26B8AEB977614902B314,108/095,SR,KO,TRAINER,sm12_ja-107,sm12-231
CRD_8F9C9E655E734313A1CD,플라이곤 V,BS2022002072,PRD_FA60964DC9AC4C999AC2,072/100,RR,KO,POKEMON,swsh9_ja-72,swsh9-106
CRD_8F205E645B108BEC8791C00BDAD3271D,교토 피카츄,221/XY-P,JP_PROMO_EXCLUSIVE,221/XY-P,PR,JP,POKEMON,xyp_ja-221,
CRD_8FA2514826954989AE45,켈리몬,BS2024017118,PRD_0CC50B878F5F40BAA824,118/106,AR,KO,POKEMON,sv8_ja-118,sv8-213
CRD_8FA7CC63580F4C988819,지니어,BS2023006105,PRD_ED1CAC91B03F4EAD86F7,105/078,SAR,KO,TRAINER,sv1s_ja-104,sv1-250
CRD_8FB0E39EAB04441DBF55,망나뇽 GX,BS2019013103,PRD_85013CC4B9634E819F22,103/094,SR,KO,POKEMON,sm11_ja-103,sm11-229
CRD_C04E029C65C04840BDAD,치라치노 ex,,PRD_156BB71C4F5A41C39521,103/083,SR,KO,POKEMON,m4_ja-103,NO_EN
CRD_900AFEE83E79462B86B9,M핫삼 EX,BS2016001058,PRD_52E8B395613649EDA22B,058/080,RR,KO,POKEMON,xy9_ja-58,xy9-77
CRD_906A3DF2C7B04997AE4D,개굴닌자 EX,PR2015001019,PRD_5335DFBF031D4BA68337,,PR,KO,POKEMON,xyp_ja-21,xyp-XY20
CRD_90698EA0987C4C82913F,엘풍 V,BS2022002107,PRD_FA60964DC9AC4C999AC2,107/100,SR,KO,POKEMON,swsh9_ja-107,swsh9-160
CRD_906DE8D98AE348C9BBDD,암멍이,BS2019002183,PRD_F0B2C76547E5479F8E65,183/150,S,KO,POKEMON,sm8b_ja-183,sma-SV23
CRD_9177A302A923467195DB,페릴라,BS2022007079,PRD_A34AF524E977421D94D7,079/067,SR,KO,TRAINER,swsh10d_ja-79,swsh10-189
CRD_90098D3232834F4891B5,강철톤 V,BS2020012081,PRD_FE54F67A9C114773A9CD,081/076,SR,KO,POKEMON,swsh3a_ja-81,swsh4-176
CRD_8FEEA7EE5FFB4B758A50,민화의 대접,BS2019017193,PRD_C50AF6B22D9843F5B112,193/173,SR,KO,TRAINER,sm12a_ja-190,NO_EN
CRD_90329AC34F174397A90E,백솜모카 V,BS2020016306,PRD_595A32AA23664B6ABD92,306/190,SSR,KO,TRAINER,swsh4a_ja-306,swshp-SWSH084
CRD_9164D7095AC54C06BE66,피카츄 VMAX,,PRD_767E549F894445C98D52,279/184,UR,KO,POKEMON,swsh8b_ja-279,swsh11tg-TG29
CRD_91690464DF8843E78381,메더,BS2024017113,PRD_0CC50B878F5F40BAA824,113/106,AR,KO,POKEMON,sv8_ja-113,sv8-202
CRD_90059D74FBE24DFA83D2,제빈,BS2024019229,PRD_D26383A636BE42F09D6B,229/187,SAR,KO,TRAINER,sv8a_ja-229,sv8pt5-172
CRD_9003FD3BCBE34D03B083,메가깜까미&마기라스 GX,BS2019013101,PRD_85013CC4B9634E819F22,101/094,SR,KO,POKEMON,sm11_ja-101,sm11-225
CRD_8FC14F96E9634AE0982F,쏘콘 ex,BS2024001320,PRD_219AD0EF77CA4165AD0F,320/190,SSR,KO,POKEMON,sv4a_ja-320,sv4pt5-212
CRD_911E14A963AE45CB944E,저승갓숭 ex,BS2023011087,PRD_514C148400944D8AA72F,087/071,SR,KO,POKEMON,sv2p_ja-87,sv2-242
CRD_913741C2E37A40BAB47F,삼삼드래 ex,BS2024017072,PRD_0CC50B878F5F40BAA824,072/106,RR,KO,POKEMON,sv8_ja-72,sv8-119
CRD_91625DC1A887474895B5,무우마직,BS2023010083,PRD_FC339076828C45ED9BA0,083/073,AR,KO,POKEMON,sv1a_ja-83,sv2-212
CRD_91CB67168AB14A918C59,이브이 GX,BS2019000017,PRD_15C0A5C104624A34AE78,017/038,RR,KO,POKEMON,NO_JP,smp-SM174
CRD_92D5EBD5664749C184D7,박사의 연구(마박사),BS2023001245,PRD_B4F8E0D2E2414F1DBC9B,245/172,SR,KO,TRAINER,swsh12a_ja-248,swsh12pt5-150
CRD_132E975FFFD94678AED6,우파,BS2019002169,PRD_F0B2C76547E5479F8E65,169/150,S,KO,POKEMON,sm8b_ja-169,sma-SV9
CRD_9239E2F6422F4F328D52,라이츄&알로라라이츄 GX,BS2019010008,PRD_472A74A595644AAF95EA,008/054,RR,KO,POKEMON,sm10a_ja-8,sm11-54
CRD_92D9A6624DD04811B13A,마휘핑 VMAX,,PRD_0A7EE93DE4014CF7A4B6,086/076,HR,KO,POKEMON,swsh3a_ja-86,swsh45-73
CRD_9337B381E5BB47909A16,꼬몽울,BS2025015196,PRD_90A8D5BDA5664CEF9F48,196/193,AR,KO,POKEMON,m2a_ja-196,me2pt5-221
CRD_923FDD3D9ED34C4EAC1E,돌헨진 VMAX,BS2020002035,PRD_7CCB63858C7E43A287F2,035/060,RRR,KO,POKEMON,swsh1w_ja-35,swsh1-116
CRD_9379FBDE7A75416C8C5F,용접공,BS2019017197,PRD_C50AF6B22D9843F5B112,197/173,SR,KO,TRAINER,sm12a_ja-200,NO_EN
CRD_9376986A02A049DCA6C8,노보청 V,BS2022010075,PRD_FEBA8CBAF36B40D9850F,075/071,SR,KO,POKEMON,swsh10b_ja-75,pgo-73
CRD_9324067E86B04FA9A0F8,아보크 ex,BS2023014024,PRD_DAB43E31433041FC942F,024/165,RR,KO,POKEMON,sv2a_ja-24,sv3pt5-24
CRD_92EBCC00579749239EE9,신비록,BS2022004115,PRD_B6A92B9A3823440F8F49,070/067,CHR,KO,POKEMON,swsh9a_ja-70,swsh10tg-TG06
CRD_92EC2C1ED4F04945A412,야청,BS2020014110,PRD_32C23D5FA71F45ADB572,110/100,SR,KO,TRAINER,swsh4_ja-111,swsh4-183
CRD_9310EDB656AA44159715,이상해꽃&주리비얀 GX,BS2019014065,PRD_8F7CD105F639462ABA75,065/064,SR,KO,POKEMON,sm11a_ja-65,sm12-210
CRD_9337246D91AB42D89EBE,뮤츠 EX,BS2015007062,PRD_1B1F4A770E5A4B92896A,062/059,SR,KO,POKEMON,xy8r_ja-62,xy8-158
CRD_93B336450FE341B4AC0E,큐레무 ex,BS2025007160,PRD_D52A4B350D2344119847,160/086,SR,KO,POKEMON,sv11b_ja-160,zsv10pt5-157
CRD_93B44E38ADC1449B84C7,냐오닉스 EX,PR2015001107,PRD_5335DFBF031D4BA68337,,PR,KO,POKEMON,xyp_ja-196,g1-37
CRD_93C902F4C3BD4E53BAA0,마휘핑 VMAX,BS2020012032,PRD_FE54F67A9C114773A9CD,032/076,RRR,KO,POKEMON,swsh3a_ja-32,swsh35-23
CRD_93F6FE4202C343CFB1F7,볼케니온 ex,BS2025001113,PRD_EC14FE47676E4D529FD0,113/100,SR,KO,POKEMON,sv9_ja-113,sv9-171
CRD_94D776CD680F432CBF1B,루기아 V,BS2022017109,PRD_75DAB61BCF5342C38563,109/098,SR,KO,POKEMON,swsh12_ja-109,swsh12-185
CRD_93D36BC983F24BABBFD1,벰크 BREAK,PR2015001136,PRD_5335DFBF031D4BA68337,,PR,KO,POKEMON,xyp_ja-189,xyp-XY135
CRD_9529FB33C2B2497B9A13,올리브,BS2020005106,PRD_E4286779F3FF4A8DA34F,106/096,SR,KO,TRAINER,swsh2_ja-105,swsh2-191
CRD_94284696E2874AA2AF1C,귀뚤톡크 V,BS2021002071,PRD_AD7B5C4F802F4D64BE90,071/070,SR,KO,POKEMON,swsh5r_ja-71,swsh5-142
CRD_94CA0CA240FE402D833F,보스의 지령(플라드리),BS2022001266,PRD_767E549F894445C98D52,266/184,SR,KO,TRAINER,swsh8b_ja-268,swsh11tg-TG24
CRD_94EF2035A41A4B018525,레포르,BS2024019189,PRD_D26383A636BE42F09D6B,189/187,SR,KO,TRAINER,sv8a_ja-199,sv8pt5-142
CRD_9414462C5B0A48D9B34B,M폭타 EX,BS201707013,PRD_87A114BC5BF44CB19C97,013/171,RR,KO,POKEMON,xy_ja-13,xyp-XY198
CRD_94200842BFF04437AAA7,블래키 VMAX,BS2021007048,PRD_BD7FA21EB0B4407086A0,048/069,RRR,KO,POKEMON,swsh6a_ja-48,swsh7-95
CRD_942E10EF9F344296906A,세레비 V,BS2021005003,PRD_EACC12D2E1D547E3ACE6,003/070,RR,KO,POKEMON,swsh6k_ja-3,swsh6-7
CRD_945783958D7C43BAA6E9,거북왕 ex,BS2023014009,PRD_DAB43E31433041FC942F,009/165,RR,KO,POKEMON,sv2a_ja-9,sv3pt5-9
CRD_94600282DA1043CC8FAF,구즈마,BS2017009056,PRD_CF155EC649AE400EB0D1,056/051,SR,KO,TRAINER,sm3n_ja-56,sm3-143
CRD_94CA0CBDE6B040D88062,일격 우라오스 V,BS2021001075,PRD_FDDAB6E1AF8D49E6A224,075/070,SR,KO,POKEMON,swsh5i_ja-75,swsh5-151
CRD_9522A25A78764F77B225,M리자몽 EX,BS2016009104,PRD_E8E7DDCB3A754A04BC5A,104/100,SR,KO,POKEMON,cp6_ja-91,xy12-101
CRD_952E55D05FF24EA3AC1C,파이어로 V,BS2020014102,PRD_32C23D5FA71F45ADB572,102/100,SR,KO,POKEMON,swsh4_ja-102,swsh4-168
CRD_954796060C7F45978CE6,가디안 ex,BS2023006028,PRD_ED1CAC91B03F4EAD86F7,028/078,RR,KO,POKEMON,sv1s_ja-28,sv1-86
CRD_95CC285CB5F240BA8D2B,네오라이트 V,BS2024013002,PRD_D12600476F504A90856D,002/044,RR,KO,TRAINER,swsh9_ja-30,swsh9-40
CRD_95CC63655EC74676BA27,땃쭈르,BS2025009072,PRD_488E92535E424D04B2B5,072/063,AR,KO,POKEMON,m1l_ja-72,me1-149
CRD_95AD52C30E9448CCA98E,피죤투 ex,BS2023015089,PRD_C017B01380CF490A9480,089/108,RR,KO,POKEMON,sv3_ja-89,sv3-164
CRD_96185C75E06F48A79770,라프라스 V,BS2020016311,PRD_595A32AA23664B6ABD92,311/190,SSR,KO,POKEMON,swsh4a_ja-311,swsh45sv-SV110
CRD_249FD650FBBB4F8C8E9F,AZ의 평온,,PRD_156BB71C4F5A41C39521,108/083,SR,KO,TRAINER,m4_ja-108,NO_EN
CRD_95663DF3179B490FB089,글레이시아 VSTAR,BS2023001217,PRD_B4F8E0D2E2414F1DBC9B,217/172,SAR,KO,POKEMON,swsh12a_ja-217,swsh12pt5gg-GG40
CRD_95598861114B45F5BF5B,피나,BS2024019199,PRD_D26383A636BE42F09D6B,199/187,SR,KO,TRAINER,sv8a_ja-196,sv8pt5-138
CRD_956C0F75AB874B358574,마임맨 GX,BS2018006069,PRD_151FCDB5743444E7A349,069/066,SR,KO,POKEMON,sm6b_ja-69,sm7-156
CRD_959F73E091BA412E99DC,두까비,BS2025007108,PRD_D52A4B350D2344119847,108/086,AR,KO,POKEMON,sv11b_ja-108,zsv10pt5-104
CRD_95BB14D8C84E44EF9FFB,피죤,BS2023015119,PRD_C017B01380CF490A9480,119/108,AR,KO,POKEMON,sv3_ja-119,sv3-208
CRD_95F74899B927469997D4,아세로라,BS2017007057,PRD_8A0B1007C3C94557BB73,056/049,SR,KO,TRAINER,sm2p_ja-56,sm3-142
CRD_9622567E2CAF46A69C92,애프룡,BS2024016074,PRD_3FAB90CDEC7C43B6A8DF,074/064,AR,KO,POKEMON,sv7a_ja-74,sv8-210
CRD_9641C573373F492FBFD8,앱솔 EX,PR2015001052,PRD_5335DFBF031D4BA68337,,PR,KO,POKEMON,NO_JP,xyp-XY62
CRD_9649B9AE6A834C63AA80,알로라딱구리 GX,BS2017011051,PRD_308E1F33050B4777988E,051/050,SR,KO,POKEMON,sm4s_ja-51,sm4-102
CRD_96611437350C4464BB4A,가디안&님피아 GX,BS2019003060,PRD_B4B304E3BD094584B09E,060/055,SR,KO,POKEMON,sm9a_ja-60,sm10-204
CRD_956D4472B05C4FCF9992,뮤,SMP000000225,PRD_7B3C1057DEFB4DB3991A,166/SM-P,SM-P,KO,POKEMON,sm10_ja-37,sm10-76
CRD_9674E016E1A6436995B3,강연의 단판승부,BS2018005058,PRD_6FAC8D9AE7E9486E91BC,058/053,SR,KO,TRAINER,sm6a_ja-58,sm75-69
CRD_97ACB4636E2C4BB5B152,대포무노,,PRD_AD7B5C4F802F4D64BE90,089/070,UR,KO,POKEMON,swsh5r_ja-89,swsh5-178
CRD_9740CC2128594EDDB54F,마쿠와,BS2022001261,PRD_767E549F894445C98D52,261/184,SR,KO,TRAINER,swsh8b_ja-270,swsh12tg-TG24
CRD_97880F5EB9DE47029F78,갑주무사 ex,BS2023021022,PRD_8E32996A2E964C128DBF,022/066,RR,KO,POKEMON,sv4k_ja-22,sv4-50
CRD_979704595E1644E09F8A,난천의 화강돌,BS2025015208,PRD_90A8D5BDA5664CEF9F48,208/193,AR,KO,POKEMON,m2a_ja-208,me2pt5-244
CRD_96D925F04AA34FDBB8F1,육파리 ex,BS2024001322,PRD_219AD0EF77CA4165AD0F,322/190,SSR,KO,POKEMON,sv4a_ja-322,sv4pt5-213
CRD_968F5C29113147B3835C,비크티니,BS2025007097,PRD_D52A4B350D2344119847,097/086,AR,KO,POKEMON,sv11b_ja-97,svp-208
CRD_AE75FE8F2FF5446B86CF,금랑,,PRD_BCB8045CC957488BB992,084/067,HR,KO,TRAINER,swsh7d_ja-84,swsh7-224
CRD_96D90414AA724083A05A,테사,BS2023015138,PRD_C017B01380CF490A9480,138/108,SAR,KO,TRAINER,sv3_ja-137,sv3-226
CRD_96DCC4B3E85641EAA4E9,라우드본 ex,BS2024001032,PRD_219AD0EF77CA4165AD0F,032/190,RR,KO,POKEMON,sv4a_ja-32,svp-34
CRD_96E3628EA11140F3A119,리자몽,BS2022001187,PRD_767E549F894445C98D52,187/184,CHR,KO,POKEMON,swsh8b_ja-187,swsh11tg-TG03
CRD_96F2AF373AC24B51B62E,아킬,BS2022001270,PRD_767E549F894445C98D52,270/184,SR,KO,TRAINER,swsh8b_ja-275,swsh10tg-TG27
CRD_96F78E077FFB4F7BADB9,큐레무 EX,BS2015005084,PRD_D8F59899D45046079FE1,084/081,SR,KO,POKEMON,xy7_ja-84,xy7-86
CRD_971CA0485F2B45D8A839,대로트 V,BS2021009068,PRD_3AD5C945B465480BA36C,068/067,SR,KO,POKEMON,swsh7r_ja-68,swsh7-168
CRD_9731F68B15FE4337BE2F,자포코일 EX,BS2014002030,PRD_C2C1ECDBD68A4BC08849,030/080,RR,KO,POKEMON,xy2_ja-30,xy2-35
CRD_97550D8F6FD846C1809E,블루의 탐색,BS2019005062,PRD_F47B27397A4F495BA9FE,062/054,SR,KO,TRAINER,sm9b_ja-61,sm10-209
CRD_97AC02D307514BA797A4,다태우지네 V,BS2022001022,PRD_767E549F894445C98D52,022/184,RR,KO,POKEMON,swsh8b_ja-22,swsh3-33
CRD_97AD638649C74896B30E,불화살빈,BS2023012073,PRD_66FB8C2B312E46E081B1,073/071,AR,KO,POKEMON,sv2d_ja-73,sv2-199
CRD_97EAC0317B734B3191FC,메타그로스 GX,BS2019002234,PRD_F0B2C76547E5479F8E65,234/150,SSR,KO,POKEMON,sm8b_ja-234,sm2-157a
CRD_999BE8DBCC6F40B48020,안농 V,BS2022017035,PRD_75DAB61BCF5342C38563,035/098,RR,KO,POKEMON,swsh12_ja-35,swsh12-65
CRD_9830EDEBF33245BC92FE,올리브,,PRD_E4286779F3FF4A8DA34F,111/096,HR,KO,TRAINER,swsh2_ja-111,swsh2-202
CRD_983678B45AB8425590AC,루기아 VSTAR,BS2022017123,PRD_75DAB61BCF5342C38563,123/098,UR,KO,POKEMON,swsh12_ja-123,swsh12-211
CRD_987A2756FB554B91BD1A,가디안 V,BS2020010074,PRD_9C4063C50B5B45C09FF9,074/070,SR,KO,POKEMON,swsh2a_ja-74,swsh35-70
CRD_983C1870E97945BEA0AB,아르세우스 VSTAR,BS2022002084,PRD_FA60964DC9AC4C999AC2,084/100,RRR,KO,POKEMON,swsh9_ja-84,swsh9-123
CRD_031003EE522945D8A175,드라꼰,BS2020016259,PRD_595A32AA23664B6ABD92,259/190,S,KO,POKEMON,swsh4a_ja-259,swsh45sv-SV060
CRD_99598A733BBA4B09B0AD,파이리,BS2019002166,PRD_F0B2C76547E5479F8E65,166/150,S,KO,POKEMON,sm8b_ja-166,sma-SV6
CRD_DBD66A8B209F456490D9,블래키 VMAX,,PRD_BD7FA21EB0B4407086A0,094/069,HR,KO,POKEMON,swsh6a_ja-94,swsh7-214
CRD_9854903EC2F54EBAB680,데덴네 ex,BS2023010038,PRD_FC339076828C45ED9BA0,038/073,RR,KO,POKEMON,sv1a_ja-38,sv2-93
CRD_98BE07D514F34C678851,피카츄,SMP000000171,PRD_B4AD08889B964B48AE16,134/SM-P,SM-P,KO,POKEMON,smp_ja-200,NO_EN
CRD_98DAFEBB7A994BAB96D1,아크로마의 실험,BS2022014115,PRD_D85C098E2C3449848167,116/100,SR,KO,TRAINER,swsh11_ja-113,swsh11-190
CRD_98F0514FA4E449CBA343,로켓단의 페르시온 ex,BS2025006079,PRD_FA31487748A24EAF9EE3,079/098,RR,KO,POKEMON,sv10_ja-79,sv10-150
CRD_9901D08249144F58A8BC,무쇠바퀴 ex,BS2023007058,PRD_5AD4DD681C694EAC8DDA,058/078,RR,KO,POKEMON,sv1v_ja-58,sv1-143
CRD_995C2B2D683845B693C1,돌헨진 V,BS2020002034,PRD_7CCB63858C7E43A287F2,034/060,RR,KO,POKEMON,swsh1w_ja-34,swsh1-115
CRD_99A5A2C5F74143BABC24,코라이돈 ex,BS2023006106,PRD_ED1CAC91B03F4EAD86F7,106/078,UR,KO,POKEMON,sv1s_ja-106,sv1-254
CRD_99B2271A9E6B4B259FB7,연격 우라오스 V,BS2021002077,PRD_AD7B5C4F802F4D64BE90,077/070,SR,KO,POKEMON,swsh5r_ja-77,swsh5-153
CRD_99B80601C8BF404186BC,히스이 윈디 V,BS2022017104,PRD_75DAB61BCF5342C38563,104/098,SR,KO,POKEMON,swsh12_ja-104,swsh12-179
CRD_9AE512CAAE3C435392CB,어니언,,PRD_0A7EE93DE4014CF7A4B6,090/076,HR,KO,TRAINER,swsh3a_ja-90,swsh4-192
CRD_9B0C05E62D6D4E19B749,깜까미 V,BS2020003064,PRD_FC1A7B5927A44298A2A2,064/060,SR,KO,POKEMON,swsh1h_ja-64,swsh1-194
CRD_99F4E975DD944ADE96D9,다태우지네 V,BS2020010072,PRD_9C4063C50B5B45C09FF9,072/070,SR,KO,POKEMON,swsh2a_ja-72,swsh3-179
CRD_9A06EA05B93C41B2BD2A,라이코 V,BS2023001038,PRD_B4F8E0D2E2414F1DBC9B,038/172,RR,KO,POKEMON,swsh12a_ja-38,swsh9-48
CRD_9A16B5CDB26D4457BDC6,무한다이노 VMAX,BS2022001247,PRD_767E549F894445C98D52,247/184,CSR,KO,POKEMON,swsh8b_ja-247,swsh11tg-TG22
CRD_9A8963B9CBC6485CB8D4,뚜꾸리,BS2025008096,PRD_53034524E98C4FE8BF8D,096/086,AR,KO,POKEMON,sv11w_ja-96,rsv10pt5-96
CRD_9A188600F1B44EF88834,대굴레오,BS2024017111,PRD_0CC50B878F5F40BAA824,111/106,AR,KO,POKEMON,sv8_ja-111,sv8-199
CRD_9A198103AC7443DC8A26,로켓단의 아폴로,BS2025006123,PRD_FA31487748A24EAF9EE3,123/098,SR,KO,TRAINER,sv10_ja-120,sv10-223
CRD_9A4B2959A70847CFA3F5,에이팜,BS2023022075,PRD_245223BF212C456385F3,075/066,AR,KO,POKEMON,sv4m_ja-75,sv4-211
CRD_9A5EFFF204E8429BB966,내던숭이,BS2022001203,PRD_767E549F894445C98D52,203/184,CHR,KO,POKEMON,swsh8b_ja-203,swsh12tg-TG08
CRD_9A65F3C67F2C4ECF8FFC,M라티오스 EX,BS2015004049,PRD_9B9032EBA3C24F1ABA5C,049/078,RR,KO,POKEMON,xy6_ja-49,xy6-59
CRD_9A350D2269353CD3471E3F4C99EB760D,카나자와 피카츄 2,147/S-P,JP_PROMO_EXCLUSIVE,147/S-P,PR,JP,POKEMON,swshp_ja-147,
CRD_9A70A69B02794F2E8412,블래키 EX,BS2016020042,PRD_218CE0DABAD1493786DF,042/078,RR,KO,POKEMON,xy10_ja-42,xy10-55
CRD_9A786ECB0C1441ADB6E9,야부엉,BS2024012114,PRD_3C9C174C842D499D9A02,114/102,AR,KO,POKEMON,sv7_ja-114,svp-141
CRD_9AEA052EE47E4F54822F,피카츄 VMAX,BS2022001046,PRD_767E549F894445C98D52,046/184,RRR,KO,POKEMON,swsh8b_ja-46,swsh4-44
CRD_9BD2F6B2BD1342FB9A4D,비트,,PRD_7CCB63858C7E43A287F2,072/060,HR,KO,TRAINER,swsh1w_ja-72,swsh1-207
CRD_9BB766F8D22C400B9459,게을킹 V,BS2022010079,PRD_FEBA8CBAF36B40D9850F,079/071,SR,KO,POKEMON,swsh10b_ja-79,pgo-77
CRD_9C111FFCAB0E4282A578,드래펄트 ex,BS2024008081,PRD_980F0BFCCDBB47558BFA,081/101,RR,KO,POKEMON,sv6_ja-81,sv6-130
CRD_9C12DFB82488442E9159,피죤투 ex,BS2024001139,PRD_219AD0EF77CA4165AD0F,139/190,RR,KO,POKEMON,sv4a_ja-139,sv3-164
CRD_9BE58FA4A9F6422D96ED,음번 ex,BS2023012058,PRD_66FB8C2B312E46E081B1,058/071,RR,KO,POKEMON,sv2d_ja-58,sv2-153
CRD_9B35454E9FAA4465BC23,콩둘기,BS2025007153,PRD_D52A4B350D2344119847,153/086,AR,KO,POKEMON,sv11b_ja-153,zsv10pt5-148
CRD_9B32980D414E47C09387,전툴라 ex,BS2024012128,PRD_3C9C174C842D499D9A02,128/102,SAR,KO,POKEMON,sv7_ja-128,sv7-168
CRD_9B7BDD57CE984638AD11,다크라이 VSTAR,BS2023001228,PRD_B4F8E0D2E2414F1DBC9B,228/172,SAR,KO,POKEMON,swsh12a_ja-228,swsh12pt5gg-GG50
CRD_9B57B62C08254A7582BA,화강돌,BS2024001263,PRD_219AD0EF77CA4165AD0F,263/190,S,KO,POKEMON,sv4a_ja-263,sv4pt5-158
CRD_9B4304F1A3704496A8EC,등산가,BS2019002154,PRD_F0B2C76547E5479F8E65,154/150,SR,KO,TRAINER,sm8b_ja-156,sma-SV85
CRD_9B43E03D5DF442759E58,염뉴트 GX,BS2017007051,PRD_8A0B1007C3C94557BB73,051/049,SR,KO,POKEMON,sm2p_ja-51,sm3-132
CRD_9B730AEF79F94A5BB4C8,선배&후배,BS2015001078,PRD_F918066FC0EA4F6B9C99,078/070,SR,KO,TRAINER,xy5g_ja-77,xy5-160
CRD_9BA6F88491964B2489ED,데덴네 GX,BS2019003057,PRD_B4B304E3BD094584B09E,057/055,SR,KO,POKEMON,sm9a_ja-57,sm10-195
CRD_9BC1A3BF1D4A4EEE8BE3,전룡 EX,BS2015005085,PRD_D8F59899D45046079FE1,085/081,SR,KO,POKEMON,xy7_ja-85,xy7-87
CRD_9C262C40B485491EB19A,개굴닌자&조로아크 GX,BS2019003058,PRD_B4B304E3BD094584B09E,058/055,SR,KO,POKEMON,sm9a_ja-58,sm10-200
CRD_9C2FBC6E628A43679527,명희의 격려,BS2026002115,PRD_B269D7FE35F74921BDB2,115/080,SAR,KO,TRAINER,m3_ja-115,me3-123
CRD_9C70464E838941DB8DF0,더스트나 VMAX,,PRD_BCB8045CC957488BB992,081/067,HR,KO,POKEMON,swsh7d_ja-81,swsh7-216
CRD_9D2832A4A3F849E4BB06,암스타 V,BS2022017100,PRD_75DAB61BCF5342C38563,100/098,SR,KO,POKEMON,swsh12_ja-100,swsh12-174
CRD_9C6FB71861F94FB98F11,라이코 EX,BS2012003071,PRD_D3C43A91C1D442598A5C,071/069,SR,KO,POKEMON,bw4_ja-71,bw5-105
CRD_9C72C2A7A6AE408EADCE,메가루카리오 ex,BS2025015092,PRD_90A8D5BDA5664CEF9F48,092/193,RR,KO,POKEMON,m2a_ja-92,mep-12
CRD_9C50C950B3E54E4C91E3,칸델라,BS2022010083,PRD_FEBA8CBAF36B40D9850F,083/071,SR,KO,TRAINER,swsh10b_ja-80,swshp-SWSH228
CRD_9C5270DA79DC45DF87E7,앱솔 ex,BS2023015126,PRD_C017B01380CF490A9480,126/108,SR,KO,POKEMON,sv3_ja-126,sv3-214
CRD_9C6A1F46424F4EBB84A6,난천의 로즈레이드,BS2025005065,PRD_66A71505B24242AD9875,065/063,AR,KO,POKEMON,sv9a_ja-65,sv10-184
CRD_9C787F52EE3041818DE6,카푸나비나 GX,BS2019014246,PRD_60C4B2B436F34869A60E,,RR,KO,TRAINER,NO_JP,sm2-60a
CRD_9CD4BE7C890148EC8776,고릴타 V,BS2020016009,PRD_595A32AA23664B6ABD92,009/190,RR,KO,POKEMON,swsh4a_ja-9,swshp-SWSH014
CRD_9CD8CCBE97D740E59C9B,카나리,BS2025015249,PRD_90A8D5BDA5664CEF9F48,249/193,SAR,KO,TRAINER,m2a_ja-248,me2pt5-291
CRD_9CD978A793F04EEBB0F9,거북왕 EX,BS2014501014,PRD_9977B6F18CD34810B58A,014/060,RR,KO,POKEMON,xy1y_ja-14,xy1-29
CRD_9CED595A24FE40AEBE4A,오거폰 우물의 가면 ex,BS2026001224,PRD_6F0F228947EF48919808,224/742,RR,KO,POKEMON,sv8a_ja-50,sv8pt5-27
CRD_9CFBBAADBD4644919823,무한다이노 VMAX,BS2022001110,PRD_767E549F894445C98D52,110/184,RRR,KO,POKEMON,swsh8b_ja-110,swsh3-117
CRD_9D03992C0F05472AB893,라쥬르네,BS2019002156,PRD_F0B2C76547E5479F8E65,156/150,SR,KO,TRAINER,sm8b_ja-158,sm9-173
CRD_9D58E4813F2E44F48F9B,밀로틱 ex,BS2024017121,PRD_0CC50B878F5F40BAA824,121/106,SR,KO,POKEMON,sv8_ja-121,sv8-217
CRD_84061A5838C84C7996BA,보미카의 연주,,PRD_156BB71C4F5A41C39521,110/083,SR,KO,TRAINER,m4_ja-110,NO_EN
CRD_9D5FE568CAD14D749F5B,야돈&고라파덕 GX,BS2019013096,PRD_85013CC4B9634E819F22,096/094,SR,KO,TRAINER,sm11_ja-96,sm11-218
CRD_9D7E49141F244802BAB2,렌트라 ex,BS2026001246,PRD_6F0F228947EF48919808,246/742,RR,KO,POKEMON,sv6_ja-41,sv6-68
CRD_9DA43870585949379283,리자몽 EX,BS2016009103,PRD_E8E7DDCB3A754A04BC5A,103/100,SR,KO,POKEMON,cp6_ja-90,xyp-XY121
CRD_9F8E15C89ACC4214A5CF,히스이 포푸니크 V,BS2022008075,PRD_7DF9CF9792C3451BBA08,075/067,SR,KO,POKEMON,swsh10p_ja-75,swsh10-175
CRD_9F78C4AD792F4C16A076,아이앤트 ex,BS2024017119,PRD_0CC50B878F5F40BAA824,119/106,SR,KO,POKEMON,sv8_ja-119,sv8-215
CRD_9DC636DE48A4462F93A8,오거폰 우물의 가면 ex,BS2024008117,PRD_980F0BFCCDBB47558BFA,117/101,SR,KO,POKEMON,sv6_ja-117,sv6-194
CRD_9EC2FDEB07C043AC8403,브리가론 BREAK,BS2016004015,PRD_F4FEB5AEAFD341BE97EA,015/131,RR,KO,POKEMON,xy8r_ja-6,xy8-12
CRD_9DE6CF5F7FF3427298C7,레트라,BS2026002092,PRD_B269D7FE35F74921BDB2,092/080,AR,KO,POKEMON,m3_ja-92,me3-99
CRD_9F3F0D7B0CFA40C49558,개구마르,BS2019002171,PRD_F0B2C76547E5479F8E65,171/150,S,KO,POKEMON,sm8b_ja-171,sma-SV11
CRD_9F31701D86B049C6865C,마피티프,BS2024001296,PRD_219AD0EF77CA4165AD0F,296/190,S,KO,POKEMON,sv4a_ja-296,sv4pt5-188
CRD_9E348E7E435B4E658CB9,라티오스,BS2024016070,PRD_3FAB90CDEC7C43B6A8DF,070/064,AR,KO,POKEMON,sv7a_ja-70,sv8-203
CRD_9E40D9EE7D9844C4868B,레지드래고 V,BS2022017076,PRD_75DAB61BCF5342C38563,076/098,RR,KO,POKEMON,swsh12_ja-76,swsh12-135
CRD_9EB9A88BDE8245A99331,마기라스 EX,BS2015005042,PRD_D8F59899D45046079FE1,042/081,RR,KO,POKEMON,xy7_ja-42,xy7-42
CRD_9EC31C68BA49485F819E,던지미,BS2025007134,PRD_D52A4B350D2344119847,134/086,AR,KO,POKEMON,sv11b_ja-134,zsv10pt5-128
CRD_9F67BA0A6712493A867F,자포코일 ex,BS2023007093,PRD_5AD4DD681C694EAC8DDA,093/078,SR,KO,POKEMON,sv1v_ja-93,sv1-226
CRD_A045FBD15C434CEA9670,리자몽 ex,BS2023015066,PRD_C017B01380CF490A9480,066/108,RR,KO,POKEMON,sv3_ja-66,sv3-125
CRD_A0D58142340C4202B5FD,미모사,BS2023007098,PRD_5AD4DD681C694EAC8DDA,098/078,SR,KO,TRAINER,sv1v_ja-100,sv1-238
CRD_A0A34021C9D745B4A3EF,강석,BS2023022085,PRD_245223BF212C456385F3,085/066,SR,KO,TRAINER,sv4m_ja-85,sv4-242
CRD_5BDD62DBF28CF0E30ECD,쥬피썬더 ex,BS2024019209,PRD_D26383A636BE42F09D6B,209/187,SAR,KO,POKEMON,sv8a_ja-209,sv8pt5-153
CRD_A0F533475FB645238571,이상해꽃&주리비얀 GX,BS2019014066,PRD_8F7CD105F639462ABA75,066/064,SR,KO,POKEMON,sm11a_ja-66,smp-SM229
CRD_A04FE8D9C75D4F5EAF0C,히스이 블레이범 VSTAR,BS2022004048,PRD_B6A92B9A3823440F8F49,029/067,RRR,KO,POKEMON,swsh9a_ja-29,swsh10-54
CRD_A12119533B1C4A21B910,아쿠스타 BREAK,BS2016009032,PRD_E8E7DDCB3A754A04BC5A,032/100,RR,KO,POKEMON,cp6_ja-30,xy12-32
CRD_7E2810AFF88645B98963,이상해꽃 EX,BS2016009101,PRD_E8E7DDCB3A754A04BC5A,101/100,SR,KO,POKEMON,cp6_ja-88,xyp-XY123
CRD_9FAFB1939CF44F30ACE6,암멍이,BS2022001202,PRD_767E549F894445C98D52,202/184,CHR,KO,POKEMON,swsh8b_ja-202,swsh12tg-TG07
CRD_A10639DEF1044108891B,팬텀 EX,BS2016004048,PRD_F4FEB5AEAFD341BE97EA,048/131,RR,KO,POKEMON,xy4_ja-33,xy4-34
CRD_A12C9EE7BBA246C489B7,님피아 VMAX,BS2021007041,PRD_BD7FA21EB0B4407086A0,041/069,RRR,KO,POKEMON,swsh6a_ja-41,swsh7-75
CRD_A137B96810564A16B8DA,번치코 VMAX,BS2022001217,PRD_767E549F894445C98D52,217/184,CSR,KO,POKEMON,swsh8b_ja-217,swsh12tg-TG15
CRD_A180773A019F4C8BA2B4,드래펄트 V,BS2020016088,PRD_595A32AA23664B6ABD92,088/190,RR,KO,POKEMON,swsh4a_ja-88,swsh2-92
CRD_A126650873921A29A1AC79F0125D6C30,요코하마 피카츄 (282),,JP_PROMO_EXCLUSIVE,282/SM-P,PR,JP,POKEMON,smp_ja-282,
CRD_9FA8A518D9414469BEF9,단지래플 V,BS2022003042,PRD_B2ACFB7F8D3D424D8D60,042/414,RR,KO,POKEMON,NO_JP,swsh8-26
CRD_9FE76C9CE7304920BC39,루나톤,BS2023001184,PRD_B4F8E0D2E2414F1DBC9B,184/172,AR,KO,POKEMON,swsh12a_ja-184,swsh12pt5gg-GG11
CRD_A2CD819C7FE041DAA9C8,디안시(프리즘스타),BS2019002058,PRD_F0B2C76547E5479F8E65,058/150,PR,KO,POKEMON,sm8b_ja-58,sm6-74
CRD_A2809ACDAA524CC6B457,야청,,PRD_32C23D5FA71F45ADB572,118/100,HR,KO,TRAINER,swsh4_ja-118,swsh4-196
CRD_A19E4A91ACD440ECBEF2,인텔리레온 VMAX,,PRD_D785A25B9DFD4C32AE7C,081/070,HR,KO,POKEMON,swsh1a_ja-81,swsh2-195
CRD_A2652FD03BCB44E786AA,돈크로우 V,BS2022002109,PRD_FA60964DC9AC4C999AC2,109/100,SR,KO,POKEMON,swsh9_ja-109,swsh9-162
CRD_A320E30FFCFE4D5A901D,수리둥보,BS2025008156,PRD_53034524E98C4FE8BF8D,156/086,AR,KO,POKEMON,sv11w_ja-156,zsv10pt5-154
CRD_A1ECFBA4CD8A42679127,또가스,BS2019015056,PRD_FDF989679F15435DB74E,056/049,CHR,KO,POKEMON,sm11b_ja-56,sm12-243
CRD_A1D8F84613574D488021,파비코리 GX,BS2019002239,PRD_F0B2C76547E5479F8E65,239/150,SSR,KO,POKEMON,sm8b_ja-239,sma-SV77
CRD_A1FF49B34D00462B8DF0,맘박쥐,BS2025008117,PRD_53034524E98C4FE8BF8D,117/086,AR,KO,POKEMON,sv11w_ja-117,rsv10pt5-120
CRD_A20F94DEEB5245129C85,포곰곰,BS2025010075,PRD_86C30C87F04C465BA58C,075/063,AR,KO,POKEMON,m1s_ja-75,me1-154
CRD_A23AE6A8E89D4058AA29,피카츄,SMP0000000022,PRD_E4C36327BF1F4DC5891A,022/SM-P,SM-P,KO,POKEMON,smp_ja-207,smp-SM76
CRD_A2846300EA0942BBBD3C,M전룡 EX,BS2015005086,PRD_D8F59899D45046079FE1,086/081,SR,KO,POKEMON,xy7_ja-86,xy7-88
CRD_A299CA442C2A41558B6E,포푸니라 GX,BS2019012015,PRD_E086FB5366D74C6FBB43,015/031,RR,KO,POKEMON,NO_JP,sm11-132
CRD_A2A524FCE0E54F2C8C91,데덴네 ex,BS2023010089,PRD_FC339076828C45ED9BA0,089/073,SR,KO,POKEMON,sv1a_ja-89,sv2-239
CRD_A2D5C36D69B54AE9834C,블래키 GX,BS2017002037,PRD_A7690D997FD6483B8C54,037/060,RR,KO,POKEMON,sm1m_ja-37,sm1-80
CRD_A2E2C941F5B941E8996D,수련의 돌봄,BS2024007087,PRD_965FA5E5CD004C97AE74,087/066,SR,KO,TRAINER,sv5a_ja-88,sv6-207
CRD_A2E6B453A2A741BCA11A,마샤도&괴력몬 GX,BS2019007042,PRD_BDAF39161DD0442B99F6,042/095,RR,KO,POKEMON,sm10_ja-42,sm10-82
CRD_A2F9A6312DF44494B8FF,카일리,BS2018012066,PRD_AFDD781CB39B4FCD9356,066/060,SR,KO,TRAINER,sm7a_ja-65,sm8-210
CRD_A4B8753A4E844EE09CBA,로켓단의 파이어 ex,BS2025006015,PRD_FA31487748A24EAF9EE3,015/098,RR,KO,POKEMON,sv10_ja-15,sv10-31
CRD_A3B4ED53661A41AD9BE6,티고라스,BS2026002089,PRD_B269D7FE35F74921BDB2,089/080,AR,KO,POKEMON,m3_ja-89,mep-70
CRD_A54C3A0567954337AFBE,찌로꼬치,BS2020016230,PRD_595A32AA23664B6ABD92,230/190,S,KO,POKEMON,swsh4a_ja-230,swsh45sv-SV031
CRD_A3A2A1E4057649CEA59E,나몰빼미&알로라나시 GX,BS2019011055,PRD_3E9DB59EE4A3494BAC2C,055/054,SR,KO,POKEMON,sm10b_ja-55,sm11-214
CRD_A3AB8AC8AAC347838A4D,멜리사,BS2022014112,PRD_D85C098E2C3449848167,113/100,SR,KO,TRAINER,swsh11_ja-116,swsh11-191
CRD_A3C2192851584CFC8246,소도와 실디,BS2022001267,PRD_767E549F894445C98D52,267/184,SR,KO,TRAINER,swsh8b_ja-263,swsh12tg-TG28
CRD_A433CDC6DC8849CEA90A,꼬부기,BS2023023052,PRD_CC65479EEB8C445BB1DF,052/049,AR,KO,POKEMON,NO_JP,sv7-148
CRD_A45225946385449CBE53,제라오라 V,BS2021005024,PRD_EACC12D2E1D547E3ACE6,024/070,RR,KO,POKEMON,swsh6k_ja-24,swsh6-53
CRD_B4458BD865D40B2B6AFB,타부자고 ex,BS2024019220,PRD_D26383A636BE42F09D6B,220/187,SAR,KO,POKEMON,sv8a_ja-220,sv8pt5-164
CRD_A45D3E9BF08B4D07AF14,루가루암 GX,BS2019002060,PRD_F0B2C76547E5479F8E65,060/150,RR,KO,POKEMON,sm8b_ja-60,sm2-74
CRD_A46CF82C32F04EE6BB52,아고용 GX,BS2019002052,PRD_F0B2C76547E5479F8E65,052/150,RR,KO,POKEMON,sm8b_ja-52,smp-SM125
CRD_A4A072ED41004885A806,소미안,BS2025008090,PRD_53034524E98C4FE8BF8D,090/086,AR,KO,POKEMON,sv11w_ja-90,rsv10pt5-90
CRD_A4F8739E43884B02A683,레파르다스,BS2025008135,PRD_53034524E98C4FE8BF8D,135/086,AR,KO,POKEMON,sv11w_ja-135,rsv10pt5-137
CRD_A502FAAAF5E44D6EB6F0,갑주무사 GX,BS2019002008,PRD_F0B2C76547E5479F8E65,008/150,RR,KO,POKEMON,sm8b_ja-8,smp-SM62
CRD_A5262AA512774BD48654,오거폰 벽록의 가면 ex,BS2024008114,PRD_980F0BFCCDBB47558BFA,114/101,SR,KO,POKEMON,sv6_ja-114,sv6-190
CRD_A55C953959164A8EBF09,히스이 윈디,BS2022011124,PRD_554AB5D7D5A440D0AA2A,075/071,CHR,KO,POKEMON,swsh10a_ja-75,swsh11tg-TG08
CRD_A5A4F5FFC9A3433F8793,빈티나,BS2024017110,PRD_0CC50B878F5F40BAA824,110/106,AR,KO,POKEMON,sv8_ja-110,sv8-198
CRD_A5BC4873149245CAB6B3,바닥트리오 ex,BS2024004025,PRD_171222A74859484783EB,025/071,RR,KO,POKEMON,sv5k_ja-25,sv5-60
CRD_A5BD2814B5454C479820,암트르,BS2025008126,PRD_53034524E98C4FE8BF8D,126/086,AR,KO,POKEMON,sv11w_ja-126,rsv10pt5-128
CRD_A5AE23F47A2B49218CB4,대코파스,BS2026002088,PRD_B269D7FE35F74921BDB2,088/080,AR,KO,POKEMON,m3_ja-88,me3-96
CRD_A5CCF9AA1AE84EC1B4E6,질뻐기&알로라질뻐기 GX,BS2019007099,PRD_BDAF39161DD0442B99F6,099/095,SR,KO,POKEMON,sm10_ja-99,sm10-197
CRD_A6E97F52AAE14D00B5D3,핫삼 GX,BS2018006071,PRD_151FCDB5743444E7A349,071/066,SR,KO,POKEMON,sm6b_ja-71,sm7-158
CRD_A5AB48532440455987B1,가라르 코산호,BS2020016248,PRD_595A32AA23664B6ABD92,248/190,S,KO,POKEMON,swsh4a_ja-248,swsh45sv-SV049
CRD_A60634103BDB41F18C31,돌헨진,BS2020016274,PRD_595A32AA23664B6ABD92,274/190,S,KO,POKEMON,swsh4a_ja-274,swsh45sv-SV075
CRD_A5B83823B6344946A314,피카츄 ex,BS2024017132,PRD_0CC50B878F5F40BAA824,132/106,SAR,KO,POKEMON,sv8_ja-132,sv8-238
CRD_A5C68E63AD7846D98563,이상해풀,BS2023014167,PRD_DAB43E31433041FC942F,167/165,AR,KO,POKEMON,sv2a_ja-167,sv3pt5-167
CRD_A5D2567F7CE3427BA8CF,종길,BS2023021087,PRD_8E32996A2E964C128DBF,087/066,SR,KO,TRAINER,sv4k_ja-86,sv4-237
CRD_A6097CD29C7E4A2C9ACE,보스의 지령(태홍),BS2023001246,PRD_B4F8E0D2E2414F1DBC9B,246/172,SR,KO,TRAINER,swsh12a_ja-250,swshp-SWSH251
CRD_A63442582F7F4F8BABC9,볼케니온(프리즘스타),BS2019017037,PRD_C50AF6B22D9843F5B112,037/173,PR,KO,POKEMON,sm12a_ja-37,sm6-31
CRD_A64742D752F444C9A34A,스이쿤 V,BS2021008068,PRD_BCB8045CC957488BB992,068/067,SR,KO,POKEMON,swsh7d_ja-68,swsh7-173
CRD_A6609DDDF77E43BEBF21,심향의 모험,BS2025005089,PRD_66A71505B24242AD9875,089/063,SAR,KO,TRAINER,sv9a_ja-89,sv10-236
CRD_A69A3C32BD2A4EA590C3,모토마 ex,BS2024016051,PRD_3FAB90CDEC7C43B6A8DF,051/064,RR,KO,POKEMON,sv7a_ja-51,sv8-159
CRD_A6E16EBEE75C492DA24E,바다그다,BS2023006081,PRD_ED1CAC91B03F4EAD86F7,081/078,AR,KO,POKEMON,sv1s_ja-81,sv1-206
CRD_A73E9FF2F0254E999421,페라페,BS2024004081,PRD_171222A74859484783EB,081/071,AR,KO,POKEMON,sv5k_ja-81,sv5-181
CRD_A7A7C7685FE244168B9B,마기라스,BS2023012079,PRD_66FB8C2B312E46E081B1,079/071,AR,KO,POKEMON,sv2d_ja-79,sv2-222
CRD_A7AACB50E1D2433E83E0,더스트나,BS2025008139,PRD_53034524E98C4FE8BF8D,139/086,AR,KO,POKEMON,sv11w_ja-139,rsv10pt5-141
CRD_A7C30A2EF2124187ABC4,알로라질뻐기 GX,BS2017008033,PRD_5358D70C809B48A3851F,033/051,RR,KO,POKEMON,sm3h_ja-33,sm3-84
CRD_A7955AC1C4F2421B940F,백마 버드렉스 VMAX,BS2021004028,PRD_83E04A9A71A74A88AB44,028/070,RRR,KO,POKEMON,swsh6h_ja-28,swsh6-46
CRD_A82AA6D16570455DA915,둔타,BS2025015198,PRD_90A8D5BDA5664CEF9F48,198/193,AR,KO,POKEMON,m2a_ja-198,me2pt5-223
CRD_A764468C60C145BBA7B2,멜메탈 VMAX,BS2022010085,PRD_FEBA8CBAF36B40D9850F,085/071,HR,KO,POKEMON,swsh10b_ja-85,pgo-80
CRD_A848A7E12690411197B4,리자몽 VMAX,BS2020016308,PRD_595A32AA23664B6ABD92,308/190,SSR,KO,POKEMON,swsh4a_ja-308,swsh45sv-SV107
CRD_A7F47D7A90F24520988F,심향의 칠색조 ex,BS2025005020,PRD_66A71505B24242AD9875,020/063,RR,KO,POKEMON,sv9a_ja-20,sv10-39
CRD_A807FE059D28421A9D89,박사의 연구(투로박사),BS2023007099,PRD_5AD4DD681C694EAC8DDA,099/078,SR,KO,TRAINER,sv1v_ja-98,sv1-241
CRD_A81205AD3C6B4221AD8F,차곡차곡 GX,BS2019002236,PRD_F0B2C76547E5479F8E65,236/150,SSR,KO,POKEMON,sm8b_ja-236,sma-SV74
CRD_A81F66DC2106497F8D12,육파리,BS2023022068,PRD_245223BF212C456385F3,068/066,AR,KO,POKEMON,sv4m_ja-68,sv4-185
CRD_A82C4C53C3004C17A955,레지드래고 VSTAR,BS2022017077,PRD_75DAB61BCF5342C38563,077/098,RRR,KO,POKEMON,swsh12_ja-77,swsh12-136
CRD_A87D1D76614640AC9160,M피죤투 EX,BS2016009065,PRD_E8E7DDCB3A754A04BC5A,065/100,RR,KO,POKEMON,cp6_ja-63,xy12-65
CRD_A891C8ACBE5B4F3F8F48,스이쿤 GX,BS2018010028,PRD_6066B79FCD694BDCBF82,028/095,RR,KO,POKEMON,sm8_ja-28,sm8-60
CRD_763739C433694BD7A95F,다탱구 GX,BS2018007008,PRD_D2E62F137D9A44ACBEBC,008/096,RR,KO,POKEMON,sm7_ja-8,sm7-14
CRD_A89A6F539FAC4AC7ADA2,무쇠무인 ex,BS2023022080,PRD_245223BF212C456385F3,080/066,SR,KO,POKEMON,sv4m_ja-80,sv4-225
CRD_A8DEE7AEF1EB41B29CFD,포켓몬애호가클럽,BS2018001072,PRD_F6FE8B8F09B645B4BEA7,072/066,SR,KO,TRAINER,sm5s_ja-71,sm5-155
CRD_A8F55E775B1A48999A63,나누,BS2018013058,PRD_6DB848A34AB046C29FCF,058/052,SR,KO,TRAINER,sm8a_ja-57,sm9-179
CRD_A95A3BB894E045F2AE02,가디안&님피아 GX,BS2019003031,PRD_B4B304E3BD094584B09E,031/055,RR,KO,POKEMON,sm9a_ja-31,sm10-130
CRD_A9971F75407F4A80908E,히스이 조로아크 VSTAR,BS2023001129,PRD_B4F8E0D2E2414F1DBC9B,129/172,RRR,KO,POKEMON,swsh12a_ja-129,swshp-SWSH298
CRD_A914FCD3FCD847BFA351,히스이 드레디어 V,BS2022007069,PRD_A34AF524E977421D94D7,069/067,SR,KO,POKEMON,swsh10d_ja-69,swsh10-163
CRD_A9C9A530BD584DDBB671,아마루르가 EX,PR2015001128,PRD_5335DFBF031D4BA68337,,PR,KO,POKEMON,xyp_ja-168,xyp-XY102
CRD_A92DDFDA2A8542FDA6F0,월로,BS2023001248,PRD_B4F8E0D2E2414F1DBC9B,248/172,SR,KO,TRAINER,swsh12a_ja-245,swsh12pt5-151
CRD_A9DF06F1FA7544AD83E2,나인테일 ex,BS2023014038,PRD_DAB43E31433041FC942F,038/165,RR,KO,POKEMON,sv2a_ja-38,sv3pt5-38
CRD_A9772F1A738D41739112,스이쿤 GX,BS2018010098,PRD_6066B79FCD694BDCBF82,098/095,SR,KO,POKEMON,sm8_ja-98,sm8-200
CRD_0E1AC369063E4E869847,악식킹,BS2019002186,PRD_F0B2C76547E5479F8E65,186/150,S,KO,POKEMON,sm8b_ja-186,sma-SV26
CRD_A8C06BD8284942BA824C,다투곰 붉은 달 ex,BS2024007094,PRD_965FA5E5CD004C97AE74,094/066,UR,KO,POKEMON,sv5a_ja-94,sv6-222
CRD_A9D7A6D3DC694E4280F3,사철록,BS2024005073,PRD_B8A7BADF7613420288AC,073/071,AR,KO,POKEMON,sv5m_ja-73,sv5-165
CRD_AA067EA038324239B8DD,카르네,BS2018004102,PRD_3FDB16A819514C3C85B3,102/094,SR,KO,TRAINER,sm6_ja-101,sm6-130
CRD_0320E0D5056F4FBDB33A,괴력몬 V,BS2022007073,PRD_A34AF524E977421D94D7,073/067,SR,KO,POKEMON,swsh10d_ja-73,swsh10-172
CRD_AA3296C0D4FE45A38CAB,제르네아스 GX,BS2018004098,PRD_3FDB16A819514C3C85B3,098/094,SR,KO,POKEMON,sm6_ja-98,sm6-126
CRD_AA42D1C0CC194B35AB8C,트래피더 ex,BS2023007091,PRD_5AD4DD681C694EAC8DDA,091/078,SR,KO,POKEMON,sv1v_ja-91,sv1-223
CRD_AA4B50E788B247089DA6,거북왕&팽도리 GX,BS2019014070,PRD_8F7CD105F639462ABA75,070/064,SR,KO,POKEMON,sm11a_ja-70,sm12-215
CRD_AA80CBBC30D44512BB73,태권왕의 수련,BS2025015221,PRD_90A8D5BDA5664CEF9F48,221/193,SR,KO,TRAINER,m2a_ja-220,me2pt5-255
CRD_AA56EE51E5024865B7F9,제르네아스 EX,BS2014001063,PRD_53EB7B68B0224C239C02,063/060,SR,KO,POKEMON,xy1x_ja-63,xy1-146
CRD_AA0DD2AA1FBC4EEFABF7,자크로,BS2022008084,PRD_7DF9CF9792C3451BBA08,084/067,HR,KO,TRAINER,swsh10p_ja-84,swsh10-203
CRD_AA3AA58E730E469981E5,독케일,BS2025015195,PRD_90A8D5BDA5664CEF9F48,195/193,AR,KO,POKEMON,m2a_ja-195,me2pt5-220
CRD_AA70617DE38A4AB8A0AC,줄뮤마,BS2023022072,PRD_245223BF212C456385F3,072/066,AR,KO,POKEMON,sv4m_ja-72,sv4-195
CRD_AA5BA868244841729ECD,신뇽,BS2023014182,PRD_DAB43E31433041FC942F,182/165,AR,KO,POKEMON,sv2a_ja-182,sv3pt5-181
CRD_AA7C762B17B749CEBF08,토쇠골,BS2025007132,PRD_D52A4B350D2344119847,132/086,AR,KO,POKEMON,sv11b_ja-132,zsv10pt5-126
CRD_5DAB2DD66D0B451E8825,메테노,BS2023020070,PRD_B7309AB1FDF64E4EA6B1,070/062,AR,KO,POKEMON,sv3a_ja-70,sv4-201
CRD_ABB1F47733574B969DF6,제라오라,BS2024012109,PRD_3C9C174C842D499D9A02,109/102,AR,KO,POKEMON,sv7_ja-109,sv7-151
CRD_AA9CB0979C7F411383FB,렌트라 V,BS2022007021,PRD_A34AF524E977421D94D7,021/067,RR,KO,POKEMON,swsh10d_ja-21,swsh10-50
CRD_AAFE59E917F54C8FB509,에몽가 EX,BS2014501062,PRD_9977B6F18CD34810B58A,062/060,SR,KO,POKEMON,xy1y_ja-62,xy1-143
CRD_AADC70B1F06B46E196C2,대왕끼리동 VMAX,,PRD_E4286779F3FF4A8DA34F,110/096,HR,KO,POKEMON,swsh2_ja-110,swsh2-199
CRD_ABB9C24219D047ECAF3A,마샤도&괴력몬 GX,BS2019017067,PRD_C50AF6B22D9843F5B112,067/173,RR,KO,POKEMON,sm12a_ja-67,sm10-82
CRD_ABBEF153A31344B5ACCA,우렁찬꼬리,BS2023021071,PRD_8E32996A2E964C128DBF,071/066,AR,KO,POKEMON,sv4k_ja-71,svp-65
CRD_AB63174A5154445782F6,호브의 우르,BS2025001112,PRD_EC14FE47676E4D529FD0,112/100,AR,KO,POKEMON,sv9_ja-112,sv9-170
CRD_ABC8E286EC2E4320896C,훔처우,BS2020016280,PRD_595A32AA23664B6ABD92,280/190,S,KO,POKEMON,swsh4a_ja-280,swsh45sv-SV081
CRD_AB903AFCBCE64F1B90B8,미라이돈 ex,BS2024001358,PRD_219AD0EF77CA4165AD0F,358/190,UR,KO,POKEMON,sv4a_ja-358,sv4pt5-243
CRD_1D26125A944B41DFAE0A,스쿨걸,BS2021008078,PRD_BCB8045CC957488BB992,078/067,SR,KO,TRAINER,swsh7d_ja-78,swsh8-262
CRD_3867F42D081F475AB07C,민진의 헤아림,BS2025010090,PRD_86C30C87F04C465BA58C,090/063,SAR,KO,TRAINER,m1s_ja-91,me1-186
CRD_3E430DB8963746CBBEDB,이브이&잠만보 GX,BS2019001066,PRD_0D6AE93A1F194DF2AFCC,066/095,RR,KO,POKEMON,sm9_ja-66,sm9-120
CRD_AC3606B6DD67461CB745,잠만보,BS2023014181,PRD_DAB43E31433041FC942F,181/165,AR,KO,POKEMON,sv2a_ja-181,svp-51
CRD_2936DD31DD3F4679992B,팬텀&따라큐 GX,BS2019001038,PRD_0D6AE93A1F194DF2AFCC,038/095,RR,KO,POKEMON,sm9_ja-38,sm9-53
CRD_AC43601EF1034C02924D,오거폰 주춧돌의 가면 ex,BS2024019216,PRD_D26383A636BE42F09D6B,216/187,SAR,KO,POKEMON,sv8a_ja-216,sv8pt5-160
CRD_AC4EB0CDE09A4473820C,삼삼드래 ex,BS2024017133,PRD_0CC50B878F5F40BAA824,133/106,SAR,KO,POKEMON,sv8_ja-133,sv8-240
CRD_ACB87F5FA19140FD900F,이벨타르 BREAK,BS2016007034,PRD_83AFAF718E5E44349857,034/054,RR,KO,POKEMON,xy11c_ja-34,xy11-66
CRD_AC9AF80490804185A362,키아웨,BS2017008056,PRD_5358D70C809B48A3851F,056/051,SR,KO,TRAINER,sm3h_ja-56,sm3-144
CRD_ABD8EEE619A649568E06,멜메탈 V,BS2022010077,PRD_FEBA8CBAF36B40D9850F,077/071,SR,KO,POKEMON,swsh10b_ja-77,pgo-75
CRD_AC159F45A9C945968FF3,핫삼 EX,BS2016001086,PRD_52E8B395613649EDA22B,086/080,SR,KO,POKEMON,xy9_ja-86,xy9-119
CRD_AC64EB9FF98F4DD68A0B,원더래버린스(프리즘스타),BS2019002145,PRD_F0B2C76547E5479F8E65,145/150,PR,KO,TRAINER,sm8b_ja-145,sm9-158
CRD_ACB8A5DF94244A189395,메가라티아스 ex,BS2025010079,PRD_86C30C87F04C465BA58C,079/063,SR,KO,POKEMON,m1s_ja-79,me1-163
CRD_ACE1406D88444132AE41,프리져 EX플라스마단,BS2013001072,PRD_3904E11581AD4E859320,072/070,SR,KO,POKEMON,bw7_ja-72,bw8-132
CRD_AC9F89AB71524BC4AD8B,라티오스 GX,BS2019013099,PRD_85013CC4B9634E819F22,099/094,SR,KO,POKEMON,sm11_ja-99,sm11-223
CRD_ACC142C26F114994836D,민지,BS2021004081,PRD_83E04A9A71A74A88AB44,081/070,SR,KO,TRAINER,swsh6h_ja-80,swsh6-191
CRD_13558DB4C891415388DF,케오퍼스,BS2020016272,PRD_595A32AA23664B6ABD92,272/190,S,KO,POKEMON,swsh4a_ja-272,swsh45sv-SV073
CRD_AC75F54F4CA8440381E1,랄토스,BS2024001258,PRD_219AD0EF77CA4165AD0F,258/190,S,KO,POKEMON,sv4a_ja-258,sv4pt5-153
CRD_ACF61B33CDD24476B1C0,가라르 파이어 V,BS2022001242,PRD_767E549F894445C98D52,242/184,CSR,KO,POKEMON,swsh8b_ja-242,swsh10tg-TG20
CRD_A8B52849C3C54365B81E,핫삼 VMAX,BS2020011067,PRD_91D480C53D3248F79831,067/100,RRR,KO,POKEMON,swsh3_ja-67,swsh3-119
CRD_AD8D9A5B43C24CB6A5F9,곤율랭,BS2025008136,PRD_53034524E98C4FE8BF8D,136/086,AR,KO,POKEMON,sv11w_ja-136,rsv10pt5-138
CRD_ADFC6A38AABB4ACE85F4,롤러스케이터,BS2019014072,PRD_8F7CD105F639462ABA75,072/064,SR,KO,TRAINER,sm11a_ja-73,sm12-235
CRD_AD9A574810174B64B773,님피아 V,BS2021007083,PRD_BD7FA21EB0B4407086A0,083/069,SR,KO,POKEMON,swsh6a_ja-83,swsh7-184
CRD_AD6115AF78224218ACF6,스완나,BS2025008107,PRD_53034524E98C4FE8BF8D,107/086,AR,KO,POKEMON,sv11w_ja-107,rsv10pt5-110
CRD_AD994D529D6E47C2B93E,리피아 GX,BS2018001012,PRD_F6FE8B8F09B645B4BEA7,012/066,RR,KO,POKEMON,sm5s_ja-12,sm5-13
CRD_AD847DF3679D4F45A446,가라르 불비달마 V,BS2020014023,PRD_32C23D5FA71F45ADB572,023/100,RR,KO,POKEMON,swsh4_ja-23,swsh4-36
CRD_8E484372B84147938583,경채,BS2022008083,PRD_7DF9CF9792C3451BBA08,083/067,HR,KO,TRAINER,swsh10p_ja-85,swsh10-200
CRD_ADBCD39DE57C43EFADAA,단델,,PRD_32C23D5FA71F45ADB572,117/100,HR,KO,TRAINER,swsh4_ja-117,swsh4-195
CRD_ADDEC4B6D7EC4C7FA90E,리자몽 ex,BS2023015139,PRD_C017B01380CF490A9480,139/108,UR,KO,POKEMON,sv3_ja-139,sv3-228
CRD_AD5DBA8969314EA6A9F3,모크나이퍼 ex,BS2026002093,PRD_B269D7FE35F74921BDB2,093/080,SR,KO,POKEMON,m3_ja-93,me3-100
CRD_ADB6937D5829468DB1AF,데덴네,BS2026002085,PRD_B269D7FE35F74921BDB2,085/080,AR,KO,POKEMON,m3_ja-85,me3-93
CRD_ADE314545C9C40C2BE9D,팔데아 토오 ex,BS2023010091,PRD_FC339076828C45ED9BA0,091/073,SR,KO,POKEMON,sv1a_ja-91,sv2-244
CRD_14469D0439594627BCB4,마빌크,BS2020016256,PRD_595A32AA23664B6ABD92,256/190,S,KO,POKEMON,swsh4a_ja-256,swsh45sv-SV057
CRD_ADEEB51643EF48499D9B,가라르 지그제구리,BS2020016277,PRD_595A32AA23664B6ABD92,277/190,S,KO,POKEMON,swsh4a_ja-277,swsh45sv-SV078
CRD_AE113DCC3BAE4D84AB6A,뮤츠 GX,BS2017010075,PRD_F59042429A0444D3B06F,075/072,SR,KO,POKEMON,sm3p_ja-75,sm35-72
CRD_AE3C75BE92214FE9ACBD,M라티오스 EX,BS2015004083,PRD_9B9032EBA3C24F1ABA5C,083/078,SR,KO,POKEMON,xy6_ja-83,xy6-102
CRD_5DF12C9B3FCC471D90BA,가라르 나이킹 V,BS2022014107,PRD_D85C098E2C3449848167,108/100,SR,KO,POKEMON,swsh11_ja-108,swsh11-183
CRD_AE83ACAA6B9D4A4996BD,스쿨걸,,PRD_BCB8045CC957488BB992,085/067,HR,KO,TRAINER,swsh7d_ja-85,swsh8-277
CRD_AF5EB7BCF32F4A63B0D5,마스터드 연격의 태세,,PRD_AD7B5C4F802F4D64BE90,087/070,HR,KO,TRAINER,swsh5r_ja-87,swsh5-176
CRD_AEDD96FFA5A84E749D76,M뮤츠 EX,BS2015006026,PRD_E658C5D993B042F88176,026/059,RR,KO,POKEMON,xy8b_ja-26,xy8-63
CRD_AF6C72E18B814568BD91,블래키 V,BS2021007084,PRD_BD7FA21EB0B4407086A0,084/069,SR,KO,POKEMON,swsh6a_ja-84,swsh7-188
CRD_AF3062D3422A407D9A65,블래키 V,BS2021007085,PRD_BD7FA21EB0B4407086A0,085/069,SR,KO,POKEMON,swsh6a_ja-85,swsh7-189
CRD_AEDD3F6DAB77462C84BA,고릴타 VMAX,BS2020016305,PRD_595A32AA23664B6ABD92,305/190,SSR,KO,POKEMON,swsh4a_ja-305,swsh45sv-SV106
CRD_ADFEF65AFEF8421CA287,카푸꼬꼬꼭 ex,BS2023020077,PRD_B7309AB1FDF64E4EA6B1,077/062,SR,KO,POKEMON,sv3a_ja-77,sv4-222
CRD_AF1FDA799C6143DFA5A9,강철톤 EX,BS2016006056,PRD_CBD194134D1F48C5B86E,056/054,SR,KO,POKEMON,xy11f_ja-56,xy11-108
CRD_AF50D7F7BF224CA6B856,신오의 동료들,BS2023001247,PRD_B4F8E0D2E2414F1DBC9B,247/172,SR,KO,TRAINER,swsh12a_ja-247,swsh12pt5-149
CRD_AF533FDCBFB840229CB0,칼라마네로,BS2022001199,PRD_767E549F894445C98D52,199/184,CHR,KO,POKEMON,swsh8b_ja-199,swsh12tg-TG06
CRD_AF75DCD7E11042F68065,디아루가 GX,BS2018001069,PRD_F6FE8B8F09B645B4BEA7,069/066,SR,KO,POKEMON,sm5s_ja-69,sm5-146
CRD_AF8F92C88D0B402AAEA9,래비풋,BS2024012106,PRD_3C9C174C842D499D9A02,106/102,AR,KO,POKEMON,sv7_ja-106,sv7-147
CRD_AF944BBA321248A08EBC,브리두라스,BS2024012113,PRD_3C9C174C842D499D9A02,113/102,AR,KO,POKEMON,sv7_ja-113,sv7-155
CRD_AFB2E1221F7B49C4B30F,M팬텀 EX,PR2015001017,PRD_5335DFBF031D4BA68337,,PR,KO,POKEMON,xyp_ja-79,xyp-XY166
CRD_AFBD5F78887542BAB486,마적의 히든볼트릭,BS2015001077,PRD_F918066FC0EA4F6B9C99,077/070,SR,KO,TRAINER,xy5g_ja-78,xy5-158
CRD_B6BEB22D4E0AE7AADC2865D17E9AE564,피카츄 (SWSH020 프로모),SWSH020,JP_PROMO_EXCLUSIVE,SWSH020,PR,EN,POKEMON,,swshp-SWSH020
CRD_AFEB8972DDD3469BB268,레시라무 GX,BS2019002211,PRD_F0B2C76547E5479F8E65,211/150,SSR,KO,POKEMON,sm8b_ja-211,sma-SV51
CRD_B00F854C44414288BAFB,로즈,BS2020016192,PRD_595A32AA23664B6ABD92,192/190,SR,KO,TRAINER,swsh4a_ja-199,swsh45-71
CRD_B02D8C31DB1A44969F52,가이오가 EX,BS2015002072,PRD_1E0575E3D10E43ACBECB,072/070,SR,KO,POKEMON,xy5t_ja-72,xy5-148
CRD_B01199DFD87D423494E0,브리가론 V,BS2022017099,PRD_75DAB61BCF5342C38563,099/098,SR,KO,POKEMON,swsh12_ja-99,swsh12-171
CRD_B0635A73D11746B0828B,바오프,BS2025008099,PRD_53034524E98C4FE8BF8D,099/086,AR,KO,POKEMON,sv11w_ja-99,rsv10pt5-99
CRD_AFD5B4C57E4049A59C23,루기아 EX,BS2015005068,PRD_D8F59899D45046079FE1,068/081,RR,KO,POKEMON,xy7_ja-68,xy7-68
CRD_B04BCC71D4004F4F96FC,마기라스 ex,BS2023015032,PRD_C017B01380CF490A9480,032/108,RR,KO,POKEMON,sv3_ja-32,sv3-66
CRD_B03010105C7A46FDAE73,무쇠보따리,BS2023022071,PRD_245223BF212C456385F3,071/066,AR,KO,POKEMON,sv4m_ja-71,svp-66
CRD_AFD17D0FE9FF44FF8492,프리져 GX,BS2018006067,PRD_151FCDB5743444E7A349,067/066,SR,KO,POKEMON,sm6b_ja-67,sm7-154
CRD_B04734F496D84C34A6EA,자포코일,BS2019002189,PRD_F0B2C76547E5479F8E65,189/150,S,KO,POKEMON,sm8b_ja-189,sma-SV29
CRD_16E3CC2DFD2149399A2C,가라르 나이킹,BS2020016286,PRD_595A32AA23664B6ABD92,286/190,S,KO,POKEMON,swsh4a_ja-286,swsh45sv-SV087
CRD_B050F893ACF545A0B78C,마리의 오롱털 ex,BS2025015243,PRD_90A8D5BDA5664CEF9F48,243/193,SAR,KO,POKEMON,m2a_ja-243,me2pt5-287
CRD_B0F2BB5C7F9B413AAF68,글레이시아 V,BS2021007076,PRD_BD7FA21EB0B4407086A0,076/069,SR,KO,POKEMON,swsh6a_ja-76,swsh7-174
CRD_B1D0E95D6A764E54A4F3,마스카나 ex,BS2023010007,PRD_FC339076828C45ED9BA0,007/073,RR,KO,POKEMON,sv1a_ja-7,sv2-15
CRD_B166C14DF6864745B219,모르페코 V-UNION,BS2022001056,PRD_767E549F894445C98D52,056/184,RRR,KO,POKEMON,swsh8b_ja-56,"swshp-SWSH215,swshp-SWSH216,swshp-SWSH217,swshp-SWSH218"
CRD_B21ED14E9FF94FF4BBB5,플라이곤 ex,BS2024016027,PRD_3FAB90CDEC7C43B6A8DF,027/064,RR,KO,POKEMON,sv7a_ja-27,sv8-106
CRD_B06B18A181FB456ABDCB,암팰리스,BS2025005067,PRD_66A71505B24242AD9875,067/063,AR,KO,POKEMON,sv9a_ja-67,sv10-186
CRD_B1643D67B83E4EC5B075,음뱃,BS2019002203,PRD_F0B2C76547E5479F8E65,203/150,S,KO,POKEMON,sm8b_ja-203,sma-SV43
CRD_B078B8FB2EB6415A85B6,어니부기,BS2023014171,PRD_DAB43E31433041FC942F,171/165,AR,KO,POKEMON,sv2a_ja-171,sv3pt5-171
CRD_B1266853754742B9AC64,릴리에의 삐삐 ex,BS2025001033,PRD_EC14FE47676E4D529FD0,033/100,RR,KO,POKEMON,sv9_ja-33,sv9-56
CRD_B158EA20CC184AF1B925,메가깜까미&마기라스 GX,BS2019013102,PRD_85013CC4B9634E819F22,102/094,SR,KO,POKEMON,sm11_ja-102,sm11-226
CRD_B165190D31814511A5A8,마샤도,BS2025009069,PRD_488E92535E424D04B2B5,069/063,AR,KO,POKEMON,m1l_ja-69,me1-146
CRD_B16E4806EF614E799EA1,M피죤투 EX,BS2016009110,PRD_E8E7DDCB3A754A04BC5A,110/100,SR,KO,POKEMON,cp6_ja-97,xy12-105
CRD_B18DDE8C20D645DDA16E,페퍼의 마피티프 ex,BS2025005088,PRD_66A71505B24242AD9875,088/063,SAR,KO,POKEMON,sv9a_ja-88,sv10-235
CRD_B1BA8BA294224C83B570,피카츄,BS2019015054,PRD_FDF989679F15435DB74E,054/049,CHR,KO,POKEMON,sm11b_ja-54,sm12-241
CRD_B1DFD3C3E5BB4423BF03,님피아 ex,BS2024014005,PRD_31C47A84C39148D986FA,005/022,RR,KO,POKEMON,NO_JP,sv8-86
CRD_B20942F08E184FD3AC9C,이상해풀,BS2025009065,PRD_488E92535E424D04B2B5,065/063,AR,KO,POKEMON,m1l_ja-65,me1-134
CRD_B2248FE3EAB34F918B7C,가라르 창파나이트 V,BS2020014065,PRD_32C23D5FA71F45ADB572,065/100,RR,KO,POKEMON,swsh4_ja-65,swshp-SWSH043
CRD_B2B243175D8E4033A33F,샹델라 V,BS2021018102,PRD_3BEB5A9863D54FE7BE25,102/100,SR,KO,POKEMON,swsh8_ja-102,swsh8-247
CRD_695A1C7D2A614268A739,리자몽 VSTAR,BS2022002118,PRD_FA60964DC9AC4C999AC2,118/100,HR,KO,POKEMON,swsh9_ja-118,swsh9-174
CRD_B27EE9CB54BE42CFB26C,자크로,BS2022008078,PRD_7DF9CF9792C3451BBA08,078/067,SR,KO,TRAINER,swsh10p_ja-78,swsh10-185
CRD_B35BCAFB2F9E4FE5BE34,데덴네,BS2022001200,PRD_767E549F894445C98D52,200/184,CHR,KO,POKEMON,swsh8b_ja-200,swsh9tg-TG07
CRD_B2DC0D2AA6314050AD58,복숭악동 ex,BS2024011082,PRD_7293190A22224C0598D5,082/064,SR,KO,POKEMON,sv6a_ja-82,sv6pt5-85
CRD_B27CE1319A204E919650,암스타 V,BS2022017018,PRD_75DAB61BCF5342C38563,018/098,RR,KO,POKEMON,swsh12_ja-18,swsh12-35
CRD_B24FB59D3B834314A57B,비파,BS2024004096,PRD_171222A74859484783EB,096/071,SAR,KO,TRAINER,sv5k_ja-96,sv5-210
CRD_B270EBD54E8C47AF8BA8,주혜,BS2023001242,PRD_B4F8E0D2E2414F1DBC9B,242/172,SAR,KO,TRAINER,swsh12a_ja-236,swsh12pt5gg-GG63
CRD_B28E6145CF994B09905F,로켓단의 파이어 ex,BS2025006124,PRD_FA31487748A24EAF9EE3,124/098,SAR,KO,POKEMON,sv10_ja-124,sv10-229
CRD_B294F7A527664134BFA8,버프론 ex,BS2026001605,PRD_6F0F228947EF48919808,605/742,RR,KO,POKEMON,sv11w_ja-75,rsv10pt5-77
CRD_B2A94238DD6A45BD8A15,밀로틱,BS2022016070,PRD_0C8B6847314E495B9C8E,070/068,CHR,KO,POKEMON,swsh11a_ja-70,swsh12tg-TG02
CRD_B2D14FA1DDFA481BB7B2,앗차키,BS2025007106,PRD_D52A4B350D2344119847,106/086,AR,KO,POKEMON,sv11b_ja-106,zsv10pt5-102
CRD_B3149BEFD6BC407799A3,알로라나인테일 GX,BS2017004013,PRD_580510CA86824BE7B26B,013/050,RR,KO,POKEMON,sm2k_ja-13,sm2-22
CRD_B325D03BDD34469298B9,체렌의 배려심,BS2022002114,PRD_FA60964DC9AC4C999AC2,114/100,SR,KO,TRAINER,swsh9_ja-115,swsh9-168
CRD_B345C0800CFB40D28BD7,님피아 V,BS2022001231,PRD_767E549F894445C98D52,231/184,CSR,KO,POKEMON,swsh8b_ja-231,swsh9tg-TG14
CRD_B249F6023816421B9E82,로켓단의 비주기,BS2025006128,PRD_FA31487748A24EAF9EE3,128/098,SAR,KO,TRAINER,sv10_ja-129,sv10-238
CRD_B3798231C06C4CAB97AF,제라오라 VMAX [다이맥스],BS2023001219,PRD_B4F8E0D2E2414F1DBC9B,219/172,SAR,KO,POKEMON,swsh12a_ja-219,swsh12pt5gg-GG42
CRD_B38781B3110941E9A3DA,한카리아스&기라티나 GX,BS2019017099,PRD_C50AF6B22D9843F5B112,099/173,RR,KO,POKEMON,sm12a_ja-99,sm11-146
CRD_B390ACDDA0BC45F28118,바우첼 ex,BS2024012119,PRD_3C9C174C842D499D9A02,119/102,SR,KO,POKEMON,sv7_ja-119,sv7-160
CRD_B3AE192A44B84ED7B24E,모란,BS2023006104,PRD_ED1CAC91B03F4EAD86F7,104/078,SAR,KO,TRAINER,sv1s_ja-105,sv1-252
CRD_B3FD6023E69B4B2DAF28,마나피 EX,BS2016001083,PRD_52E8B395613649EDA22B,083/080,SR,KO,POKEMON,xy9_ja-83,xy9-116
CRD_B3BF8D31D9204782972A,펄기아 GX,BS2018003010,PRD_0BF9D5EE99F244E7910D,010/050,RR,KO,POKEMON,sm5p_ja-10,sm6-20
CRD_B3CB2A5036FD42688BA6,비크티니,SVP000000202,PRD_B6726A34BBDB4752A2DF,,PR,KO,POKEMON,svp_ja-288,zsv10pt5-171
CRD_B3834736DB2542B792B1,페릴라,BS2022007085,PRD_A34AF524E977421D94D7,085/067,HR,KO,TRAINER,swsh10d_ja-85,swsh10-207
CRD_1CA71C6A9BAE4E20BD02,탄차곤,BS2020016267,PRD_595A32AA23664B6ABD92,267/190,S,KO,POKEMON,swsh4a_ja-267,swsh45sv-SV068
CRD_1ADDB3B731DE412E851A,피죤,BS2024001305,PRD_219AD0EF77CA4165AD0F,305/190,S,KO,POKEMON,sv4a_ja-305,sv4pt5-197
CRD_B3C3F8E812884FEEB672,알로라 식스테일 V,BS2022016077,PRD_0C8B6847314E495B9C8E,077/068,SR,KO,POKEMON,swsh11a_ja-77,swsh12-173
CRD_B3F163D4760E4999A3AE,히스이 대검귀 VSTAR,BS2022004086,PRD_B6A92B9A3823440F8F49,053/067,RRR,KO,POKEMON,swsh9a_ja-53,swsh10-102
CRD_B443DB37EB0D40308182,M레쿠쟈 EX,BS2015004086,PRD_9B9032EBA3C24F1ABA5C,086/078,SR,KO,POKEMON,xy6_ja-86,xy6-105
CRD_B44DD500D1A84B9384A5,후파 ex,BS2023020078,PRD_B7309AB1FDF64E4EA6B1,078/062,SR,KO,POKEMON,sv3a_ja-78,sv4-226
CRD_B4500EAE366644C09065,무한다이노 VMAX,BS2020016125,PRD_595A32AA23664B6ABD92,125/190,RRR,KO,POKEMON,swsh4a_ja-125,swsh3-117
CRD_B478B609372F4829A9FD,피아나의 결의,BS2021009079,PRD_3AD5C945B465480BA36C,079/067,SR,KO,TRAINER,swsh7r_ja-79,swsh7-203
CRD_B48D14CE62334F79A190,자크로,BS2023001241,PRD_B4F8E0D2E2414F1DBC9B,241/172,SAR,KO,TRAINER,swsh12a_ja-238,swsh12pt5gg-GG62
CRD_B4A60A8CA6AA4F26A2A9,윤진,BS2022016083,PRD_0C8B6847314E495B9C8E,083/068,SR,KO,TRAINER,swsh11a_ja-83,swsh12-194
CRD_B550CAAE1FA843B28C47,관리인,BS2024007085,PRD_965FA5E5CD004C97AE74,085/066,SR,KO,TRAINER,sv5a_ja-85,sv6-203
CRD_B55AAC9C8A6C490FB575,갈가부기 V,BS2020011102,PRD_91D480C53D3248F79831,102/100,SR,KO,POKEMON,swsh3_ja-102,swsh35-69
CRD_B4DD248887AA402E79E6048CF14A6FA5,판쵸 피카츄 (레쿠쟈),230/XY-P,JP_PROMO_EXCLUSIVE,230/XY-P,PR,JP,POKEMON,xyp_ja-230,
CRD_B54A04C4DD0844DE9B5E,히드런 VMAX,BS2022008015,PRD_7DF9CF9792C3451BBA08,015/067,RRR,KO,POKEMON,swsh10p_ja-15,swsh10-26
CRD_B6033352C39D43F38651,프테라 VSTAR,BS2022014057,PRD_D85C098E2C3449848167,057/100,RRR,KO,POKEMON,swsh11_ja-57,swsh11-93
CRD_3BEEBBBA3187450DBC7E,두랄루돈 V,BS2021008075,PRD_BCB8045CC957488BB992,075/067,SR,KO,POKEMON,swsh7d_ja-75,swsh7-197
CRD_1D2EAFB251904489A557,두트리오,BS2024001308,PRD_219AD0EF77CA4165AD0F,308/190,S,KO,POKEMON,sv4a_ja-308,sv4pt5-200
CRD_B5DF3C0636DC414DBEFD,별가사리,BS2024001221,PRD_219AD0EF77CA4165AD0F,221/190,S,KO,POKEMON,sv4a_ja-221,sv4pt5-118
CRD_B55D3E9651694E04BBB9,스트린더 [퓨전],BS2023001181,PRD_B4F8E0D2E2414F1DBC9B,181/172,AR,KO,POKEMON,swsh12a_ja-181,swsh12pt5gg-GG09
CRD_6233EED5112D4257876B,파라블레이즈,BS2024017109,PRD_0CC50B878F5F40BAA824,109/106,AR,KO,POKEMON,sv8_ja-109,sv8-197
CRD_B56B12EB53F4412BA2DA,피카츄,BS2023001205,PRD_B4F8E0D2E2414F1DBC9B,205/172,AR,KO,POKEMON,swsh12a_ja-205,swsh12pt5gg-GG30
CRD_B5BD597A055847CBB31C,캐스퐁 태양의 모습,BS2024016067,PRD_3FAB90CDEC7C43B6A8DF,067/064,AR,KO,POKEMON,sv7a_ja-67,sv8-195
CRD_B63836C8D4AD4235A59A,킬라플로르 ex,BS2023015124,PRD_C017B01380CF490A9480,124/108,SR,KO,POKEMON,sv3_ja-124,sv3-213
CRD_B644812335694B979583,메가샤크니아 ex,BS2025014098,PRD_DD94FB8DCB7C4A129478,098/080,SR,KO,POKEMON,m2_ja-98,me2-113
CRD_B64ABBE03E224573AFE8,무쇠잎새 ex,BS2024005098,PRD_B8A7BADF7613420288AC,098/071,UR,KO,POKEMON,sv5m_ja-98,sv5-213
CRD_B6536EB5E85E46388EC3,타임,BS2024019197,PRD_D26383A636BE42F09D6B,197/187,SR,KO,TRAINER,sv8a_ja-193,sv8pt5-143
CRD_B65EED7E271E44328B00,미라이돈 ex,BS2024001071,PRD_219AD0EF77CA4165AD0F,071/190,RR,KO,POKEMON,sv4a_ja-71,svp-28
CRD_B69CC3BA1BF848229682,전룡 GX,BS2018013053,PRD_6DB848A34AB046C29FCF,053/052,SR,KO,POKEMON,sm8a_ja-53,sm9-163
CRD_B64FC43EC8F44F108672,기선,BS2022017111,PRD_75DAB61BCF5342C38563,111/098,SR,KO,TRAINER,swsh12_ja-112,swsh12-188
CRD_22D9C293BC9A4A30A4A0,절각참,BS2024001293,PRD_219AD0EF77CA4165AD0F,293/190,S,KO,POKEMON,sv4a_ja-293,sv4pt5-186
CRD_9F777E2B3AF448D78288,드래피온 VSTAR,BS2022014118,PRD_D85C098E2C3449848167,119/100,HR,KO,POKEMON,swsh11_ja-119,swsh11-200
CRD_B65A3E174310474CA8B8,타격귀,BS2025008128,PRD_53034524E98C4FE8BF8D,128/086,AR,KO,POKEMON,sv11w_ja-128,rsv10pt5-130
CRD_B675C7208A854D9AAEF1,몰드류,BS2019015059,PRD_FDF989679F15435DB74E,059/049,CHR,KO,POKEMON,sm11b_ja-59,sm12-246
CRD_B67C469BF7EA40619E14,입치트 GX,BS2019017089,PRD_C50AF6B22D9843F5B112,089/173,RR,KO,TRAINER,sm12a_ja-89,sm11-141
CRD_B6CF092809C341D6B60F,미모사,BS2023007104,PRD_5AD4DD681C694EAC8DDA,104/078,SAR,KO,TRAINER,sv1v_ja-105,sv1-251
CRD_B6DC45093C334784875A,맥실러,BS2018003055,PRD_0BF9D5EE99F244E7910D,055/050,SR,KO,TRAINER,sm5p_ja-56,sm6-129
CRD_B6DCDD8B172E42A098BE,삼삼드래 ex,BS2024017124,PRD_0CC50B878F5F40BAA824,124/106,SR,KO,POKEMON,sv8_ja-124,sv8-223
CRD_B6F05ABED7AE47BAAD56,카밀레의 반짝임 [서포트/퓨전],BS2023001249,PRD_B4F8E0D2E2414F1DBC9B,249/172,SR,KO,TRAINER,swsh12a_ja-246,swsh12pt5-147
CRD_B6F27325C75E414B802B,철시드,BS2025008144,PRD_53034524E98C4FE8BF8D,144/086,AR,KO,POKEMON,sv11w_ja-144,rsv10pt5-148
CRD_B79D24DCE63448C89A53,피나,BS2023011096,PRD_514C148400944D8AA72F,096/071,SAR,KO,TRAINER,sv2p_ja-96,sv2-267
CRD_B807649467B3424F8C29,고라파덕,BS2023014175,PRD_DAB43E31433041FC942F,175/165,AR,KO,POKEMON,sv2a_ja-175,sv3pt5-175
CRD_B7B757AF0B3E44FB9C36,마기라스 EX,BS2015005089,PRD_D8F59899D45046079FE1,089/081,SR,KO,POKEMON,xy7_ja-89,xy7-91
CRD_B8B69E5A34C042F2928346295A367A70,메가리자몽X ex,BS2025014116,PRD_DD94FB8DCB7C4A129478,116/080,MUR,KO,POKEMON,m2_ja-116,me2-130
CRD_B71401CE4CBA4FD5914C,슈바르고,BS2025007146,PRD_D52A4B350D2344119847,146/086,AR,KO,POKEMON,sv11b_ja-146,zsv10pt5-138
CRD_B7161883B756473E8D66,코라이돈 ex,BS2023006094,PRD_ED1CAC91B03F4EAD86F7,094/078,SR,KO,POKEMON,sv1s_ja-94,sv1-231
CRD_B7768191A68445AA8817,기모노드레스,BS2022016081,PRD_0C8B6847314E495B9C8E,081/068,SR,KO,TRAINER,swsh11a_ja-82,swsh12-190
CRD_B7DB6E711CE147A8BA79,히스이 모크나이퍼 VSTAR,BS2022004074,PRD_B6A92B9A3823440F8F49,045/067,RRR,KO,POKEMON,swsh9a_ja-45,swsh10-84
CRD_B7FFD1C826FF4A6FA025,큐레무 EX,BS2015005025,PRD_D8F59899D45046079FE1,025/081,RR,KO,POKEMON,xy7_ja-25,xy7-25
CRD_B800DDCEC18641718BAD,게노세크트 V,BS2021018109,PRD_3BEB5A9863D54FE7BE25,109/100,SR,KO,POKEMON,swsh8_ja-109,swsh8-255
CRD_B86D2122C72F49ECB65D,리그레,BS2025007126,PRD_D52A4B350D2344119847,126/086,AR,KO,POKEMON,sv11b_ja-126,zsv10pt5-120
CRD_B8716C15063748DF9431,삐삐,BS2026002086,PRD_B269D7FE35F74921BDB2,086/080,AR,KO,POKEMON,m3_ja-86,me3-94
CRD_B875810CC46C4134A0C8,멜리시,BS2026001752,PRD_6F0F228947EF48919808,752/742,AR,KO,POKEMON,NO_JP,me2pt5-242
CRD_B8770884705A42238D72,토게피&삐&푸푸린 GX,BS2019017094,PRD_C50AF6B22D9843F5B112,094/173,RR,KO,POKEMON,sm12a_ja-94,sm12-143
CRD_B87B09A888294C1C873C,네크로즈마 GX,BS2017009026,PRD_CF155EC649AE400EB0D1,026/051,RR,KO,POKEMON,sm3n_ja-26,sm3-63
CRD_B92DA5CF55D0468FB12E,아꾸왁,BS2023010082,PRD_FC339076828C45ED9BA0,082/073,AR,KO,POKEMON,sv1a_ja-82,sv2-207
CRD_B95C9626B4BD40E69107,라프라스 VMAX,BS2020016032,PRD_595A32AA23664B6ABD92,032/190,RRR,KO,POKEMON,swsh4a_ja-32,swsh1-50
CRD_B9E026BC3DF546909368,웨이니발 ex,BS2023010030,PRD_FC339076828C45ED9BA0,030/073,RR,KO,POKEMON,sv1a_ja-30,sv2-52
CRD_BA27BAD558E64F00B129,모크나이퍼 GX,BS2019002207,PRD_F0B2C76547E5479F8E65,207/150,SSR,KO,POKEMON,sm8b_ja-207,sma-SV47
CRD_BAF951CD1C52420DB08A,기라티나 VSTAR,BS2022014119,PRD_D85C098E2C3449848167,120/100,HR,KO,POKEMON,swsh11_ja-120,swsh11-201
CRD_B974BC191042453495AE,부르르룸 ex,BS2024011078,PRD_7293190A22224C0598D5,078/064,SR,KO,POKEMON,sv6a_ja-78,sv6pt5-81
CRD_B9B998819A564DE3991A,마릴,BS2023011073,PRD_514C148400944D8AA72F,073/071,AR,KO,POKEMON,sv2p_ja-73,sv2-204
CRD_BA9979085F024D49906C,웨이니발 ex,BS2024001325,PRD_219AD0EF77CA4165AD0F,325/190,SSR,KO,POKEMON,sv4a_ja-325,svp-84
CRD_BB2021E55A1B4B7CBE30,페르시온 GX,BS2019007069,PRD_BDAF39161DD0442B99F6,069/095,RR,KO,POKEMON,sm10_ja-69,sm10-149
CRD_BA7E5BDFBF2443BBB5C7,가이오가 EX,BS2012002054,PRD_D26FF272537E40BCB70E,054/052,SR,KO,POKEMON,bw3p_ja-54,bw5-104
CRD_BA348F823BE347518A3B,미라이돈 ex,BS2023007037,PRD_5AD4DD681C694EAC8DDA,037/078,RR,KO,POKEMON,sv1v_ja-37,sv1-81
CRD_BAD5922B3CEB416F8E04,질뻐기&알로라질뻐기 GX,BS2019007098,PRD_BDAF39161DD0442B99F6,098/095,SR,KO,POKEMON,sm10_ja-98,sm10-196
CRD_BA41AC19AAAD4F04B756,비파리온 GX,BS2017003021,PRD_8E7CED8394594453A32D,021/051,RR,KO,POKEMON,sm1p_ja-21,sm2-45
CRD_BA7824DD9F5F4039A731,멜론,BS2021004080,PRD_83E04A9A71A74A88AB44,080/070,SR,KO,TRAINER,swsh6h_ja-83,swsh6-195
CRD_BA98E92E4AFE471CB7C6,후파 ex,BS2023020029,PRD_B7309AB1FDF64E4EA6B1,029/062,RR,KO,POKEMON,sv3a_ja-29,sv4-98
CRD_BACA0ED67D664015A669,바닐프티,BS2025008108,PRD_53034524E98C4FE8BF8D,108/086,AR,KO,POKEMON,sv11w_ja-108,rsv10pt5-111
CRD_BB1E084CEC1F4C23BA89,유채,BS2018001071,PRD_F6FE8B8F09B645B4BEA7,071/066,SR,KO,TRAINER,sm5s_ja-70,sm5-149
CRD_BB2792DF08BD4BE4A1F2,M헬가 EX,BS2015007010,PRD_1B1F4A770E5A4B92896A,010/059,RR,KO,POKEMON,xy8r_ja-10,xy8-22
CRD_BB2AE88D795B4BC39A64,나인테일 V,BS2020005013,PRD_E4286779F3FF4A8DA34F,013/096,RR,KO,POKEMON,swsh2_ja-13,swsh2-26
CRD_BBA44F80E157446F9E8A,귀뚤톡크 V,BS2022001004,PRD_767E549F894445C98D52,004/184,RR,KO,POKEMON,swsh8b_ja-4,swsh5-6
CRD_BB59547714764CE4B9C2,멜론,BS2023001237,PRD_B4F8E0D2E2414F1DBC9B,237/172,SAR,KO,TRAINER,swsh12a_ja-244,swsh12pt5gg-GG64
CRD_295D5C65BB2240D6ACE9,울머기,BS2020016224,PRD_595A32AA23664B6ABD92,224/190,S,KO,POKEMON,swsh4a_ja-224,swsh45sv-SV025
CRD_BB580CF2765F4C48B7BB,피아나의 결의,,PRD_3AD5C945B465480BA36C,086/067,HR,KO,TRAINER,swsh7r_ja-86,swsh7-225
CRD_B8A04830277E4F638EBD,레지에레키 VMAX [다이맥스],BS2022017115,PRD_75DAB61BCF5342C38563,115/098,HR,KO,POKEMON,swsh12_ja-115,swsh12-198
CRD_BBC2E062E3384B639FA8,후딘 ex,BS2023014203,PRD_DAB43E31433041FC942F,203/165,SAR,KO,POKEMON,sv2a_ja-203,sv3pt5-201
CRD_BBDFDA23088F44F3B3B8,M갸라도스 EX,BS2016001082,PRD_52E8B395613649EDA22B,082/080,SR,KO,POKEMON,xy9_ja-82,xy9-115
CRD_BBE6EFDD0952406BA8C0,깜놀버슬,BS2025007095,PRD_D52A4B350D2344119847,095/086,AR,KO,POKEMON,sv11b_ja-95,zsv10pt5-95
CRD_BC01567C0D53407F9CA0,부르롱,BS2023015117,PRD_C017B01380CF490A9480,117/108,AR,KO,POKEMON,sv3_ja-117,sv3-206
CRD_BC1C11E90BDF4F289E1A,스트린더,BS2025014089,PRD_DD94FB8DCB7C4A129478,089/080,AR,KO,POKEMON,m2_ja-89,me2-103
CRD_BC2AD209CF444EE7A541,케오퍼스 V,BS2020010045,PRD_9C4063C50B5B45C09FF9,045/070,RR,KO,POKEMON,swsh2a_ja-45,swsh35-32
CRD_BC37591EA9BD4AFE9BD5,두르보,BS2025008087,PRD_53034524E98C4FE8BF8D,087/086,AR,KO,POKEMON,sv11w_ja-87,rsv10pt5-87
CRD_BC975C84189F46CDAFBF,난천,BS2018002070,PRD_F201E3D7E4F640C7847E,070/066,SR,KO,TRAINER,sm5m_ja-70,sm5-148
CRD_BC643F61B6A0A15DA4F179160FCF9B92,뭉크 피카츄,288/SM-P,JP_PROMO_EXCLUSIVE,288/SM-P,PR,JP,POKEMON,smp_ja-288,
CRD_BE15DB54E85D437389C2,피카츄 VMAX,,PRD_32C23D5FA71F45ADB572,114/100,HR,KO,POKEMON,swsh4_ja-114,swsh4-188
CRD_BDBA1831790543D0A08B,메가자리 BREAK,BS2016007008,PRD_83AFAF718E5E44349857,008/054,RR,KO,POKEMON,xy11c_ja-8,xy11-8
CRD_BE8BC1ED2FFA48EFAEE0,에브이 ex,BS2026001298,PRD_6F0F228947EF48919808,298/742,RR,KO,POKEMON,sv8a_ja-63,sv8pt5-34
CRD_BCA5D115D41A4E2A875F,히스이 모크나이퍼 V,BS2022004073,PRD_B6A92B9A3823440F8F49,044/067,RR,KO,POKEMON,swsh9a_ja-44,swsh10-83
CRD_BDFAAB604BE94203ADDE,오거폰 벽록의 가면 ex,BS2024019201,PRD_D26383A636BE42F09D6B,201/187,SAR,KO,POKEMON,sv8a_ja-201,sv8pt5-145
CRD_BDD8F152587B432C9CED,음번 ex,BS2024001135,PRD_219AD0EF77CA4165AD0F,135/190,RR,KO,POKEMON,sv4a_ja-135,sv4pt5-69
CRD_BD9788C17AE247EC9735,모크나이퍼 GX,BS2017003003,PRD_8E7CED8394594453A32D,003/051,RR,KO,POKEMON,sm1p_ja-3,sm1-12
CRD_BCAD270973224770B3FD,팬텀 ex,BS2024004088,PRD_171222A74859484783EB,088/071,SR,KO,POKEMON,sv5k_ja-88,sv5-193
CRD_BD23A2FE3D6140978DFB,테오키스 VSTAR,BS2023001223,PRD_B4F8E0D2E2414F1DBC9B,223/172,SAR,KO,POKEMON,swsh12a_ja-223,swsh12pt5gg-GG46
CRD_BD598DEBF42248F3A0D7,유채의 활기,BS2022007077,PRD_A34AF524E977421D94D7,077/067,SR,KO,TRAINER,swsh10d_ja-78,swsh10-184
CRD_BDC1ABE01CFF4D5CA326,포켓몬 매니아,BS2019011062,PRD_3E9DB59EE4A3494BAC2C,062/054,SR,KO,TRAINER,sm10b_ja-61,sm11-236
CRD_BE12D91B22794119B3E1,글레이시아 EX,BS2016020079,PRD_218CE0DABAD1493786DF,079/078,SR,KO,POKEMON,xy10_ja-79,xy10-116
CRD_BE3F68E6C31B480581DD,배우르 V,BS2020016154,PRD_595A32AA23664B6ABD92,154/190,RR,KO,POKEMON,swsh4a_ja-154,swshp-SWSH049
CRD_BE89EA3D6FBF480F9472,지니어,BS2023006100,PRD_ED1CAC91B03F4EAD86F7,100/078,SR,KO,TRAINER,sv1s_ja-97,sv1-236
CRD_BE950F4C173D4903A25D,빙큐보,BS2023011074,PRD_514C148400944D8AA72F,074/071,AR,KO,POKEMON,sv2p_ja-74,sv2-205
CRD_BE9FEC8AE3E9478EB79E,무쇠감투 ex,BS2026001361,PRD_6F0F228947EF48919808,361/742,RR,KO,POKEMON,sv5m_ja-36,sv5-81
CRD_BEB0E75C862E4647B482,후딘 V,BS2020014041,PRD_32C23D5FA71F45ADB572,041/100,RR,KO,POKEMON,swsh4_ja-41,swshp-SWSH083
CRD_BF6C559F974242FA94CE,엠페르트 BREAK,PR2015001135,PRD_5335DFBF031D4BA68337,,PR,KO,POKEMON,NO_JP,xyp-XY134
CRD_BF68BBD0D4414170AFD2,괴력몬 VMAX,BS2022007081,PRD_A34AF524E977421D94D7,081/067,HR,KO,POKEMON,swsh10d_ja-81,swsh10-194
CRD_BFFE0E9B11644655B42B,무쇠암석 ex,BS2024005095,PRD_B8A7BADF7613420288AC,095/071,SAR,KO,POKEMON,sv5m_ja-95,sv5-207
CRD_BF2A02781B26488BA64B,조로아,BS2025008140,PRD_53034524E98C4FE8BF8D,140/086,AR,KO,POKEMON,sv11w_ja-140,rsv10pt5-142
CRD_BFE18CF6495A4D4DBB92,디안시(프리즘스타),BS2018004051,PRD_3FDB16A819514C3C85B3,051/094,PR,KO,POKEMON,sm6_ja-51,sm6-74
CRD_BECB62345F92435AB0E2,메가곤율거니 ex,BS2025015241,PRD_90A8D5BDA5664CEF9F48,241/193,SAR,KO,POKEMON,m2a_ja-241,me2pt5-285
CRD_BED3E8E4C2A24CE9B22C,백마 버드렉스 V,BS2021004073,PRD_83E04A9A71A74A88AB44,073/070,SR,KO,POKEMON,swsh6h_ja-73,swsh6-164
CRD_BEEC7EC2646C4D2AA6E9,단지래플,BS2020016213,PRD_595A32AA23664B6ABD92,213/190,S,KO,POKEMON,swsh4a_ja-213,swsh45sv-SV014
CRD_BEEDDDF92F76487894E3,빠모,BS2024001247,PRD_219AD0EF77CA4165AD0F,247/190,S,KO,POKEMON,sv4a_ja-247,sv4pt5-142
CRD_BF0BAA33D5244D7D9AE4,백마 버드렉스 V,BS2022001220,PRD_767E549F894445C98D52,220/184,CSR,KO,POKEMON,swsh8b_ja-220,swsh10tg-TG14
CRD_BF1800988BEF4236B004,히스이 윈디 V,BS2022017046,PRD_75DAB61BCF5342C38563,046/098,RR,KO,POKEMON,swsh12_ja-46,swsh12-90
CRD_BF2EC3DA51FE45219EFA,제라오라 V,BS2023001040,PRD_B4F8E0D2E2414F1DBC9B,040/172,RR,KO,POKEMON,swsh12a_ja-40,swsh12pt5-53
CRD_BF531C372C7F46138B80,가라르 나이킹 V,BS2022014079,PRD_D85C098E2C3449848167,079/100,RR,KO,POKEMON,swsh11_ja-79,swsh11-129
CRD_BF8B331F32534677B557,히드런 GX,BS2019010004,PRD_472A74A595644AAF95EA,004/054,RR,KO,POKEMON,sm10a_ja-4,sm11-25
CRD_C01B9679589B47678C03,피카츄,SMP000000114,PRD_63E0557D426542D4A27F,086/SM-P,SM-P,KO,POKEMON,smp_ja-214,smp-SM98
CRD_C0A365CA88A64A5BB52A,멜메탈 VMAX,BS2022010048,PRD_FEBA8CBAF36B40D9850F,048/071,RRR,KO,POKEMON,swsh10b_ja-48,pgo-48
CRD_C12CF65370894C5581E4,스컹탱크 V,BS2022017105,PRD_75DAB61BCF5342C38563,105/098,SR,KO,POKEMON,swsh12_ja-105,swsh12-180
CRD_C01ECCA4431A44B09D3B,리자몽 ex,BS2023014006,PRD_DAB43E31433041FC942F,006/165,RR,KO,POKEMON,sv2a_ja-6,sv3pt5-6
CRD_C183A625C76743C5ABCD,두송,,PRD_91D480C53D3248F79831,115/100,HR,KO,TRAINER,swsh3_ja-115,swsh35-78
CRD_C09A904A2D634B4383A4,헬가,,PRD_FDDAB6E1AF8D49E6A224,089/070,UR,KO,POKEMON,swsh5i_ja-89,swsh5-179
CRD_C041DE21E72A4D9498F0,레지스틸 EX,BS2012006052,PRD_7F3B825CBCB341F78921,052/050,SR,KO,POKEMON,bw5d_ja-52,bw6-122
CRD_C0490A67B50C41B78069,레쿠쟈 VMAX,BS2023001108,PRD_B4F8E0D2E2414F1DBC9B,108/172,RRR,KO,POKEMON,swsh12a_ja-108,swsh7-111
CRD_8BC8EED9E7524E698C95,샹델라,BS2022004114,PRD_B6A92B9A3823440F8F49,069/067,CHR,KO,POKEMON,swsh9a_ja-69,swsh11tg-TG04
CRD_C14EA7DC5F234B078571,로켓단의 랜스,BS2025006120,PRD_FA31487748A24EAF9EE3,120/098,SR,KO,TRAINER,sv10_ja-123,sv10-227
CRD_C0757BA5FDB846169FFD,뽀삐,BS2023015137,PRD_C017B01380CF490A9480,137/108,SAR,KO,TRAINER,sv3_ja-138,sv3-227
CRD_C0B9156965764BADB0C5,레시라무&리자몽 GX,BS2019007096,PRD_BDAF39161DD0442B99F6,096/095,SR,KO,POKEMON,sm10_ja-96,sm10-194
CRD_C0CD75FE2CCE46389DA9,기로치 ex,BS2026001489,PRD_6F0F228947EF48919808,489/742,RR,KO,POKEMON,m2a_ja-114,me2pt5-142
CRD_C0DE715FF08247A1BCA3,M갸라도스 EX,BS2016001019,PRD_52E8B395613649EDA22B,019/080,RR,KO,POKEMON,xy9_ja-19,xy9-27
CRD_C120B46573824D1A87A3,회연,BS2021001081,PRD_FDDAB6E1AF8D49E6A224,081/070,SR,KO,TRAINER,swsh5i_ja-80,swsh5-161
CRD_C123706D03224508B63B,트로피우스,BS2023010074,PRD_FC339076828C45ED9BA0,074/073,AR,KO,POKEMON,sv1a_ja-74,sv2-195
CRD_C13EA4410A084742AAA9,앤테이 GX,BS2017010011,PRD_F59042429A0444D3B06F,011/072,RR,KO,POKEMON,sm3p_ja-11,sm35-10
CRD_C196FA6AC8E54F73BCFC,끼리동,BS2024011073,PRD_7293190A22224C0598D5,073/064,AR,KO,POKEMON,sv6a_ja-73,sv6pt5-76
CRD_C19CBFBFDA7B4814A109,복숭악동 ex,BS2024019219,PRD_D26383A636BE42F09D6B,219/187,SAR,KO,POKEMON,sv8a_ja-219,sv8pt5-163
CRD_C19EA4CD8F604CCE8CFA,라우드본 ex,BS2023010102,PRD_FC339076828C45ED9BA0,102/073,UR,KO,POKEMON,sv1a_ja-102,sv2-272
CRD_C1D0A9CD6A504D1B974A,뽀록나 ex,BS2024018010,PRD_58FB9039FC3548478196,010/175,RR,KO,POKEMON,NO_JP,sv9-11
CRD_C28A0C2FB60246168A94,오롱털 VMAX,BS2020016322,PRD_595A32AA23664B6ABD92,322/190,SSR,KO,POKEMON,swsh4a_ja-322,swsh45sv-SV117
CRD_C204E7C7962B4792A212,가디안,BS2010007024,PRD_05DDEA7A6EB1402BA37B,24/40,HR,KO,POKEMON,dp4d_ja-1003,dp3-131
CRD_C21B5D38B82C454CBA6D,거북왕 GX,BS2019005057,PRD_F47B27397A4F495BA9FE,057/054,SR,KO,POKEMON,sm9b_ja-57,smp-SM189
CRD_C317FB78E5844D49AEC5,님피아 V,BS2022001073,PRD_767E549F894445C98D52,073/184,RR,KO,POKEMON,swsh8b_ja-74,swsh7-74
CRD_321DE0F8BCA944D8BF43,때때무노,BS2020016271,PRD_595A32AA23664B6ABD92,271/190,S,KO,POKEMON,swsh4a_ja-271,swsh45sv-SV072
CRD_C29D97F59E3E4E9FB4E0,야도란,BS2024001220,PRD_219AD0EF77CA4165AD0F,220/190,S,KO,POKEMON,sv4a_ja-220,sv4pt5-117
CRD_C24816ED007D4FA3AB68,비리디온 V,BS2022004018,PRD_B6A92B9A3823440F8F49,010/067,RR,KO,POKEMON,swsh9a_ja-10,swshp-SWSH295
CRD_C2779FB305824DED9533,또르박쥐,BS2025008116,PRD_53034524E98C4FE8BF8D,116/086,AR,KO,POKEMON,sv11w_ja-116,rsv10pt5-119
CRD_C284B6140DDE4A00A093,뮤 ex,BS2023014151,PRD_DAB43E31433041FC942F,151/165,RR,KO,POKEMON,sv2a_ja-151,sv3pt5-151
CRD_C2853FCE66E848CFBA00,가이오가 EX,BS2015002031,PRD_1E0575E3D10E43ACBECB,031/070,RR,KO,POKEMON,xy5t_ja-31,xy5-54
CRD_C2E4C6930E644C2D8236,네크로즈마 새벽의 날개 GX,BS2019002049,PRD_F0B2C76547E5479F8E65,049/150,RR,KO,POKEMON,sm8b_ja-49,smp-SM101
CRD_C2E5273146CB463B8905,어써러셔,BS2023006082,PRD_ED1CAC91B03F4EAD86F7,082/078,AR,KO,POKEMON,sv1s_ja-82,sv1-207
CRD_C31AA0E0F2D940BA9105,개굴닌자&조로아크 GX,BS2019017072,PRD_C50AF6B22D9843F5B112,072/173,RR,KO,POKEMON,sm12a_ja-72,sm10-107
CRD_C3E80F835D1B41C5B9F7,가이오가,PR2015001075,PRD_5335DFBF031D4BA68337,,PR,KO,POKEMON,xyp_ja-143,xyp-XY51
CRD_C3CF846EB0624F398AAF,갈가부기 VMAX,,PRD_91D480C53D3248F79831,111/100,HR,KO,POKEMON,swsh3_ja-111,swsh35-75
CRD_C3BEA4426F934FF9A7FB,세레비 V,BS2021005071,PRD_EACC12D2E1D547E3ACE6,071/070,SR,KO,POKEMON,swsh6k_ja-71,swsh6-160
CRD_C31F1E43A61B4EC79EA3,쿡,BS2022001276,PRD_767E549F894445C98D52,276/184,SR,KO,TRAINER,swsh8b_ja-260,swsh11tg-TG25
CRD_C3474CAADA7145DF9485,피죤투 EX,BS2016009064,PRD_E8E7DDCB3A754A04BC5A,064/100,RR,KO,POKEMON,cp6_ja-62,xy12-64
CRD_C3E06830FAAA4837AB25,아리아도스,BS2022001205,PRD_767E549F894445C98D52,205/184,CHR,KO,POKEMON,swsh8b_ja-205,swsh9tg-TG09
CRD_C3A6BDB895B242D99F32,제라오라 VMAX,BS2023001041,PRD_B4F8E0D2E2414F1DBC9B,041/172,RRR,KO,POKEMON,swsh12a_ja-41,swsh12pt5-54
CRD_C3AC7D22528745FE8E4B,따라큐 V,BS2022001076,PRD_767E549F894445C98D52,076/184,RR,KO,POKEMON,swsh8b_ja-76,swsh9-68
CRD_C3B57125A65740B3ADB8,두송,BS2022001257,PRD_767E549F894445C98D52,257/184,SR,KO,TRAINER,swsh8b_ja-264,swsh10tg-TG28
CRD_C3F844BC04614855A4C4,코코리,BS2024017115,PRD_0CC50B878F5F40BAA824,115/106,AR,KO,POKEMON,sv8_ja-115,sv8-205
CRD_C3F5BECDAF7048508A69,루카리오 ex,BS2024018065,PRD_58FB9039FC3548478196,065/175,RR,KO,POKEMON,NO_JP,sv8pt5-51
CRD_C3BE18AFFD494670BA91,연격 우라오스 V,BS2022001094,PRD_767E549F894445C98D52,094/184,RR,KO,POKEMON,swsh8b_ja-94,swsh5-87
CRD_C41854F7D20E8756104AAA3F9F81E8EA,요코하마 피카츄 (283),,JP_PROMO_EXCLUSIVE,283/SM-P,PR,JP,POKEMON,smp_ja-283,
CRD_C41CDFEEB7EE415CA1B7,질뻐기&알로라질뻐기 GX,BS2019007029,PRD_BDAF39161DD0442B99F6,029/095,RR,KO,POKEMON,sm10_ja-29,sm10-61
CRD_C46B76D03DCD42BEB000,올리뇨,BS2023006079,PRD_ED1CAC91B03F4EAD86F7,079/078,AR,KO,POKEMON,sv1s_ja-79,sv1-200
CRD_C504554B465840AAB681,기로치 ex,BS2025015244,PRD_90A8D5BDA5664CEF9F48,244/193,SAR,KO,POKEMON,m2a_ja-244,me2pt5-288
CRD_C5460BA77BF844449364,아그놈,BS2010009022,PRD_B3DED462DD5E47C0ADDD,22/40,HR,KO,POKEMON,NO_JP,dp6-140
CRD_526DC2B6050A4A1FB8A3,인텔리레온,BS2020016226,PRD_595A32AA23664B6ABD92,226/190,S,KO,POKEMON,swsh4a_ja-226,swsh45sv-SV027
CRD_C46CF6C3E34746C1BB6D,한카리아스,BS2019002200,PRD_F0B2C76547E5479F8E65,200/150,S,KO,POKEMON,sm8b_ja-200,sma-SV40
CRD_C452FDCBD46A43E587EC,가라르 가로막구리,BS2025015209,PRD_90A8D5BDA5664CEF9F48,209/193,AR,KO,POKEMON,m2a_ja-209,me2pt5-245
CRD_C481BCD104FC4D799A10,타로,BS2024012125,PRD_3C9C174C842D499D9A02,125/102,SR,KO,TRAINER,sv7_ja-124,sv7-166
CRD_C4895FD08DDF4F6096E5,칠색조 EX,BS2016001068,PRD_52E8B395613649EDA22B,068/080,RR,KO,POKEMON,xy9_ja-68,xy9-92
CRD_C4D2295758134D1A863E,릴리에의 전력,BS2019015067,PRD_FDF989679F15435DB74E,067/049,SR,KO,TRAINER,sm11b_ja-68,sm12-230
CRD_C4F64FFCE1CF446580D4,사나,BS2021009077,PRD_3AD5C945B465480BA36C,077/067,SR,KO,TRAINER,swsh7r_ja-77,swsh8-263
CRD_C512FB10DEBE4D3A9245,솔가레오 GX,BS2017001040,PRD_498EC017052748FA9B3C,040/060,RR,KO,POKEMON,sm1s_ja-40,sm1-89
CRD_C52365D9FE2D440FAF36,피나,BS2023011091,PRD_514C148400944D8AA72F,091/071,SR,KO,TRAINER,sv2p_ja-91,sv2-252
CRD_C53876B78A1D4CE1AAA8,에브이 GX,BS2017001062,PRD_498EC017052748FA9B3C,062/060,SR,KO,POKEMON,sm1s_ja-62,sm1-140
CRD_C541F6809A4B473D8981,다투곰 붉은 달 ex,BS2024019225,PRD_D26383A636BE42F09D6B,225/187,SAR,KO,POKEMON,sv8a_ja-225,sv8pt5-168
CRD_C5A7D2CBC1844112AE51,르수아르,BS2019002157,PRD_F0B2C76547E5479F8E65,157/150,SR,KO,TRAINER,sm8b_ja-159,sm9-175
CRD_C57E69F6FE4A4DE4BC7F,제크로무 EX,PR2012002042,PRD_F3ACAED44CEB47F5A6A0,,PR,KO,POKEMON,NO_JP,bw4-97
CRD_C608BA3853EA42618657,드래피온 V,BS2022014106,PRD_D85C098E2C3449848167,107/100,SR,KO,POKEMON,swsh11_ja-107,swsh11-182
CRD_54D722AB502448B6BCB9,꼬지모,BS2019002180,PRD_F0B2C76547E5479F8E65,180/150,S,KO,POKEMON,sm8b_ja-180,sma-SV20
CRD_C5A95DC5404443948CF9,후파 V [퓨전],BS2023001231,PRD_B4F8E0D2E2414F1DBC9B,231/172,SAR,KO,POKEMON,swsh12a_ja-231,swsh12pt5gg-GG53
CRD_C5DD719E8CEF486891DB,대왕끼리동 V,BS2020005104,PRD_E4286779F3FF4A8DA34F,104/096,SR,KO,POKEMON,swsh2_ja-104,swsh2-187
CRD_C59C1E27D70941A983D2,차오꿀,BS2025008097,PRD_53034524E98C4FE8BF8D,097/086,AR,KO,POKEMON,sv11w_ja-97,rsv10pt5-97
CRD_C5AAC2405EE34F249A43,오거폰 우물의 가면 ex,BS2024008038,PRD_980F0BFCCDBB47558BFA,038/101,RR,KO,POKEMON,sv6_ja-38,sv6-64
CRD_C5B38ED6409E430EA353,디헤드,BS2025008143,PRD_53034524E98C4FE8BF8D,143/086,AR,KO,POKEMON,sv11w_ja-143,rsv10pt5-147
CRD_C5B6D61127B741B3926B,아보크,BS2024004079,PRD_171222A74859484783EB,079/071,AR,KO,POKEMON,sv5k_ja-79,sv5-176
CRD_C5C15088983B4338BFDC,이상해꽃 ex,BS2023014003,PRD_DAB43E31433041FC942F,003/165,RR,KO,POKEMON,sv2a_ja-3,sv3pt5-3
CRD_C5C509526A7B4DBFBF80,제빈,BS2024016091,PRD_3FAB90CDEC7C43B6A8DF,091/064,SAR,KO,TRAINER,sv7a_ja-90,sv8-244
CRD_C5FD1D1E4E924008A6FE,라이츄 V,BS2022002034,PRD_FA60964DC9AC4C999AC2,034/100,RR,KO,POKEMON,swsh9_ja-34,swsh9-45
CRD_C6416A62FDD4411AB1F8,오거폰 벽록의 가면 ex,BS2024008131,PRD_980F0BFCCDBB47558BFA,131/101,UR,KO,POKEMON,sv6_ja-131,sv6-221
CRD_C64D32F3DC3143B1A26C,페퍼의 요씽리스,BS2025005075,PRD_66A71505B24242AD9875,075/063,AR,KO,POKEMON,sv9a_ja-75,sv10-205
CRD_C64D8A288A1E49DABD3B,이브이,BS2022001210,PRD_767E549F894445C98D52,210/184,CHR,KO,POKEMON,swsh8b_ja-210,swsh9tg-TG11
CRD_C7743941CB94475DBB80,메가곤율거니 ex,BS2025015231,PRD_90A8D5BDA5664CEF9F48,231/193,MA,KO,POKEMON,m2a_ja-231,me2pt5-270
CRD_C6A1E00432684413B13B,큐레무 V,BS2022014101,PRD_D85C098E2C3449848167,102/100,SR,KO,POKEMON,swsh11_ja-102,swsh11-174
CRD_C7E2B077171045C69387,꾸꾸리,BS2025001106,PRD_EC14FE47676E4D529FD0,106/100,AR,KO,POKEMON,sv9_ja-106,sv9-165
CRD_C7804ACB352A4684AF39,비리디온 EX,BS2013005077,PRD_258843B22E7940E8A2A6,077/076,SR,KO,POKEMON,bw9_ja-77,bw10-96
CRD_C6E94E4673E846D48583,기기어르,BS2025008147,PRD_53034524E98C4FE8BF8D,147/086,AR,KO,POKEMON,sv11w_ja-147,zsv10pt5-140
CRD_C7EE29160ED94C72BB44,이슬의 의욕,BS2016009112,PRD_E8E7DDCB3A754A04BC5A,113/100,SR,KO,TRAINER,cp6_ja-99,xy12-108
CRD_C7C3982EEEB34C529318,킹드라 EX,BS2016020085,PRD_218CE0DABAD1493786DF,085/078,SR,KO,POKEMON,xy10_ja-85,xy10-122
CRD_C656819F71EC44B19DD9,로켓단의 파이어 ex,BS2025006112,PRD_FA31487748A24EAF9EE3,112/098,SR,KO,POKEMON,sv10_ja-112,sv10-208
CRD_C726940566D64B5D97C1,올리뇨,BS2024001204,PRD_219AD0EF77CA4165AD0F,204/190,S,KO,POKEMON,sv4a_ja-204,sv4pt5-103
CRD_C669300AD32E4E5D86B4,드래펄트 VMAX,BS2020005050,PRD_E4286779F3FF4A8DA34F,050/096,RRR,KO,POKEMON,swsh2_ja-50,swsh2-93
CRD_C684704D87BF4D358292,벰크,BS2025007127,PRD_D52A4B350D2344119847,127/086,AR,KO,POKEMON,sv11b_ja-127,zsv10pt5-121
CRD_C6AC87E03F394758932B,망초,BS2023020081,PRD_B7309AB1FDF64E4EA6B1,081/062,SR,KO,TRAINER,sv3a_ja-82,sv4-243
CRD_C728A90398A04DC9B105,백마 버드렉스 VMAX,BS2022001221,PRD_767E549F894445C98D52,221/184,CSR,KO,POKEMON,swsh8b_ja-221,swsh10tg-TG15
CRD_C73541F8726F4E58B333,테오키스 VMAX [다이맥스],BS2023001222,PRD_B4F8E0D2E2414F1DBC9B,222/172,SAR,KO,POKEMON,swsh12a_ja-222,swsh12pt5gg-GG45
CRD_C74290D9A640465F8C18,엠페르트 V,BS2021002074,PRD_AD7B5C4F802F4D64BE90,074/070,SR,KO,POKEMON,swsh5r_ja-74,swsh5-146
CRD_C7E6727225AD4AC8B1EA,레지기가스 V,BS2023001124,PRD_B4F8E0D2E2414F1DBC9B,124/172,RR,KO,POKEMON,swsh12a_ja-124,swsh12pt5-113
CRD_C83501C3B7174EAD9B11,백마 버드렉스 V,BS2022003125,PRD_B2ACFB7F8D3D424D8D60,125/414,RR,KO,POKEMON,swsh6h_ja-27,swsh6-45
CRD_C9D88D4A7D0741C89301,석탄산,,PRD_91D480C53D3248F79831,117/100,UR,KO,POKEMON,swsh3_ja-117,swsh3-198
CRD_C99C51CB2CCA447FBB9F,자포코일 V,BS2022011128,PRD_554AB5D7D5A440D0AA2A,079/071,SR,KO,POKEMON,swsh10a_ja-79,swsh11-175
CRD_C8796B366D1E44C889CE,박사의 연구,BS2022010080,PRD_FEBA8CBAF36B40D9850F,080/071,SR,KO,TRAINER,swsh10b_ja-82,pgo-78
CRD_C93F0C57CAE5425995FA,저지맨,BS2022001274,PRD_767E549F894445C98D52,274/184,SR,KO,TRAINER,swsh8b_ja-262,swsh12tg-TG25
CRD_C89D33E80FC541129360,플라드리,BS2014002087,PRD_C2C1ECDBD68A4BC08849,087/080,SR,KO,TRAINER,xy2_ja-85,xy2-104
CRD_C8964D5114084013857C,어써러셔 ex,BS2025005078,PRD_66A71505B24242AD9875,078/063,SR,KO,POKEMON,sv9a_ja-78,sv10-211
CRD_C927EDBD33EB444EA017,아이스크,BS2025010065,PRD_86C30C87F04C465BA58C,065/063,AR,KO,POKEMON,m1s_ja-65,me1-137
CRD_C84ED2B9A3F04FFF9591,아르세우스 VSTAR,BS2022002125,PRD_FA60964DC9AC4C999AC2,125/100,UR,KO,POKEMON,swsh9_ja-125,swsh9-184
CRD_C896B50891774460A672,찬란한 강철톤,BS2022011085,PRD_554AB5D7D5A440D0AA2A,050/071,K,KO,POKEMON,swsh10a_ja-50,swsh11-124
CRD_C84CD0D4247C45DD9DA2,피카츄&제크로무 GX,BS2019001031,PRD_0D6AE93A1F194DF2AFCC,031/095,RR,KO,POKEMON,sm9_ja-31,sm9-33
CRD_C84E53788D884322B54B,짜랑고우거 GX,BS2017004041,PRD_580510CA86824BE7B26B,041/050,RR,KO,POKEMON,sm2k_ja-41,sm2-100
CRD_C876DFB3D3DC4A038B06,카푸꼬꼬꼭 VMAX,BS2021001018,PRD_FDDAB6E1AF8D49E6A224,018/070,RRR,KO,POKEMON,swsh5i_ja-18,swsh5-51
CRD_C932B86214B443F7BF18,N의 방안,BS2025007173,PRD_D52A4B350D2344119847,173/086,SAR,KO,TRAINER,sv11b_ja-173,zsv10pt5-170
CRD_C941F30AB1514C58AEC3,후파 GX,BS2018013031,PRD_6DB848A34AB046C29FCF,031/052,RR,KO,POKEMON,sm8a_ja-31,sm9-96
CRD_C94514D16A7E46608874,대로트&야느와르몽 GX,BS2019017179,PRD_C50AF6B22D9843F5B112,179/173,SR,KO,POKEMON,sm12a_ja-179,NO_EN
CRD_C94913B9843F44CAA1C8,부스터 EX,BS2016003007,PRD_46D8E6F1D6A94A918F5A,007/032,RR,KO,POKEMON,cp3_ja-7,g1-RC28
CRD_C9610AAB6E5FBA4645BC4011ED62CF41,고흐 피카츄,085/SVP,JP_PROMO_EXCLUSIVE,085/SVP,PR,JP,POKEMON,,svp-85
CRD_CA5C4ACA8C0944F9A611,팔데아 켄타로스,BS2023010084,PRD_FC339076828C45ED9BA0,084/073,AR,KO,POKEMON,sv1a_ja-84,sv2-218
CRD_C9FA55B6A1CF478FB8C3,냐스퍼,BS2026002087,PRD_B269D7FE35F74921BDB2,087/080,AR,KO,POKEMON,m3_ja-87,me3-95
CRD_CA30FFDBDA9E4F959E75,수철,BS2022014121,PRD_D85C098E2C3449848167,122/100,HR,KO,TRAINER,swsh11_ja-123,swsh11-210
CRD_CA044084B6894F7F9764,이올브 V,BS2020014101,PRD_32C23D5FA71F45ADB572,101/100,SR,KO,POKEMON,swsh4_ja-101,swsh4-166
CRD_C9E479C530F64962AF8B,스트린더 V,BS2020016059,PRD_595A32AA23664B6ABD92,059/190,RR,KO,POKEMON,swsh4a_ja-59,swsh2-70
CRD_CA5B1279C7ED42C78594,라프라스 VMAX,BS2020016312,PRD_595A32AA23664B6ABD92,312/190,SSR,KO,POKEMON,swsh4a_ja-312,swsh45sv-SV111
CRD_CA8815FCA7DF4BD3A509,드래펄트 VMAX,BS2020016318,PRD_595A32AA23664B6ABD92,318/190,SSR,KO,POKEMON,swsh4a_ja-318,swshp-SWSH097
CRD_C9F47C155D5849A7A956,체렌의 배려심,BS2023001244,PRD_B4F8E0D2E2414F1DBC9B,244/172,SAR,KO,TRAINER,swsh12a_ja-241,swsh12pt5gg-GG58
CRD_C9F48C426CE14CFFA191,이상해씨,BS2023023050,PRD_CC65479EEB8C445BB1DF,050/049,AR,KO,POKEMON,NO_JP,sv7-143
CRD_CA05CA30ECC64AAA9103,M엘레이드 EX,BS2015004081,PRD_9B9032EBA3C24F1ABA5C,081/078,SR,KO,POKEMON,xy6_ja-81,xy6-100
CRD_CA1450D6F122424A81D0,오리진 디아루가 V,BS2023001100,PRD_B4F8E0D2E2414F1DBC9B,100/172,RR,KO,POKEMON,swsh12a_ja-100,swsh10-113
CRD_CA3282A90EA344D18DDD,무쇠무인 ex,BS2023022038,PRD_245223BF212C456385F3,038/066,RR,KO,POKEMON,sv4m_ja-38,sv4-89
CRD_CA3D4EFF79314B22B0F0,따라큐 ex,BS2024018054,PRD_58FB9039FC3548478196,054/175,RR,KO,POKEMON,NO_JP,sv9-69
CRD_CA411E680E6F4183A00B,바오키,BS2025008100,PRD_53034524E98C4FE8BF8D,100/086,AR,KO,POKEMON,sv11w_ja-100,rsv10pt5-100
CRD_CA8791D1D7B746459F70,파오젠 ex,BS2023011097,PRD_514C148400944D8AA72F,097/071,UR,KO,POKEMON,sv2p_ja-97,sv2-274
CRD_CAD2C5AC7AFD4C08A84D,디안시,BS2023001186,PRD_B4F8E0D2E2414F1DBC9B,186/172,AR,KO,TRAINER,swsh12a_ja-186,swsh12pt5gg-GG13
CRD_CAEF24E4F3E04F20A205,썬더라이,BS2025005073,PRD_66A71505B24242AD9875,073/063,AR,KO,POKEMON,sv9a_ja-73,sv10-196
CRD_CB04FE06D4DE4ECAB7C5,몰드류,BS2024005079,PRD_B8A7BADF7613420288AC,079/071,AR,KO,POKEMON,sv5m_ja-79,sv5-174
CRD_CBC210FA642F420A9902,금경,BS2022004125,PRD_B6A92B9A3823440F8F49,080/067,SR,KO,TRAINER,swsh9a_ja-80,swsh10-183
CRD_CC1A5C8DB888413B9C1C,이야후 ex,BS2024011088,PRD_7293190A22224C0598D5,088/064,SAR,KO,POKEMON,sv6a_ja-88,sv6pt5-91
CRD_CBBC687119FD4B25A45C,타라곤,BS2026002108,PRD_B269D7FE35F74921BDB2,108/080,SR,KO,TRAINER,m3_ja-105,me3-116
CRD_CC3897BA1A4C4B138E6A,로켓단의 크로뱃 ex,BS2025006117,PRD_FA31487748A24EAF9EE3,117/098,SR,KO,POKEMON,sv10_ja-117,sv10-217
CRD_CBDDC3FDCA774193AB14,레시라무,BS2013004022,PRD_FF9AC7CB363846D0A190,022/025,SR,KO,POKEMON,sc1_ja-22,bw11-RC22
CRD_CB183CE3466F4730A71D,모래털가죽 ex,BS2024019215,PRD_D26383A636BE42F09D6B,215/187,SAR,KO,POKEMON,sv8a_ja-215,sv8pt5-159
CRD_5E2191E093894018B5DF,어치르돈,BS2020016236,PRD_595A32AA23664B6ABD92,236/190,S,KO,POKEMON,swsh4a_ja-236,swsh45sv-SV037
CRD_CBCB333E225D4F5DA095,타타륜 V,BS2020002061,PRD_7CCB63858C7E43A287F2,061/060,SR,KO,POKEMON,swsh1w_ja-61,swsh1-187
CRD_CBD74C6D3997478C92A5,릴리에의 삐삐 ex,BS2025001126,PRD_EC14FE47676E4D529FD0,126/100,SAR,KO,POKEMON,sv9_ja-126,sv9-184
CRD_CBF98258CCE3480F901E,지라치 GX,BS2019017180,PRD_C50AF6B22D9843F5B112,180/173,SR,KO,POKEMON,sm12a_ja-180,sm11-79a
CRD_CC0F23B6FAC346E58A02,스컬단의 조무래기,BS2017002066,PRD_A7690D997FD6483B8C54,066/060,SR,KO,TRAINER,sm1m_ja-65,sm1-149
CRD_CC162A31A5C74A9FA602,테오키스 [퓨전/일격/연격],BS2023001185,PRD_B4F8E0D2E2414F1DBC9B,185/172,AR,KO,POKEMON,swsh12a_ja-185,swsh12pt5gg-GG12
CRD_CC3A107170E0419E98DC,후파 GX,BS2018013054,PRD_6DB848A34AB046C29FCF,054/052,SR,KO,POKEMON,sm8a_ja-54,sm9-166
CRD_CC4FD534DFA941C6B7AF,대여르 V,BS2020016102,PRD_595A32AA23664B6ABD92,102/190,RR,KO,POKEMON,swsh4a_ja-102,swsh2-110
CRD_CC7458EF5365429CB168,괴력몬 V,BS2022007072,PRD_A34AF524E977421D94D7,072/067,SR,KO,POKEMON,swsh10d_ja-72,swsh10-171
CRD_CCC2D6D574104829BBDF,N의 제크로무,BS2025015210,PRD_90A8D5BDA5664CEF9F48,210/193,AR,KO,POKEMON,m2a_ja-210,mep-31
CRD_CD013DC1D5D04AC8B637,에브이 EX,BS2016001084,PRD_52E8B395613649EDA22B,084/080,SR,KO,POKEMON,xy9_ja-84,xy9-117
CRD_CDD3B1A97A91417B9277,일격 우라오스 VMAX,,PRD_FDDAB6E1AF8D49E6A224,084/070,HR,KO,POKEMON,swsh5i_ja-84,swsh5-167
CRD_CCEB4346B9854D20B752,볼트로스,BS2025007120,PRD_D52A4B350D2344119847,120/086,AR,KO,POKEMON,sv11b_ja-120,svp-209
CRD_CD4628B3429A420A9319,일격 우라오스 VMAX,BS2022001093,PRD_767E549F894445C98D52,093/184,RRR,KO,POKEMON,swsh8b_ja-93,swsh5-86
CRD_2A1817BBD07C4C22A018,나오하 ex,BS2024006002,PRD_5FF8886A6E294DEAB643,002/066,RR,KO,POKEMON,NO_JP,svp-87
CRD_CE167D5150A34D07B7AF,리자몽 V,BS2022002103,PRD_FA60964DC9AC4C999AC2,103/100,SR,KO,POKEMON,swsh9_ja-103,swsh9-154
CRD_CD4119F42E874BCAAF3B,가라르 메더 V,BS2020010055,PRD_9C4063C50B5B45C09FF9,055/070,RR,KO,POKEMON,swsh2a_ja-55,swsh3-128
CRD_5F3E80E210DF43958293,흔들풍손,BS2024001260,PRD_219AD0EF77CA4165AD0F,260/190,S,KO,POKEMON,sv4a_ja-260,sv4pt5-155
CRD_CC97B2FE443A4CA09615,네르케,BS2024001342,PRD_219AD0EF77CA4165AD0F,342/190,SR,KO,TRAINER,sv4a_ja-344,sv4pt5-227
CRD_CD533CB08B8E4E75BD7E,염뉴트 GX,BS2017007010,PRD_8A0B1007C3C94557BB73,010/049,RR,KO,POKEMON,sm2p_ja-10,sm3-25
CRD_CD657B6734F646DD9398,라이츄,BS2023012074,PRD_66FB8C2B312E46E081B1,074/071,AR,KO,POKEMON,sv2d_ja-74,sv2-211
CRD_CD7EF632BD004AA79742,아머까오 V,BS2022001248,PRD_767E549F894445C98D52,248/184,CSR,KO,POKEMON,swsh8b_ja-248,swsh12tg-TG18
CRD_CD86338BE2A54676A3B5,큐레무 V,BS2022014029,PRD_D85C098E2C3449848167,029/100,RR,KO,POKEMON,swsh11_ja-29,swsh11-48
CRD_CDEC77ACD877490BB161,라티아스 ex,BS2024016078,PRD_3FAB90CDEC7C43B6A8DF,078/064,SR,KO,POKEMON,sv7a_ja-78,sv8-220
CRD_CF7FB771410741039C30,안농 V,BS2022017103,PRD_75DAB61BCF5342C38563,103/098,SR,KO,POKEMON,swsh12_ja-103,swsh12-177
CRD_CEAA3C84AF6D4EE4B6F1,음번 V,BS2021008074,PRD_BCB8045CC957488BB992,074/067,SR,KO,POKEMON,swsh7d_ja-74,swsh7-196
CRD_CFB01788E84D4E84B002,백마 버드렉스 VMAX,BS2022001044,PRD_767E549F894445C98D52,044/184,RRR,KO,POKEMON,swsh8b_ja-44,swsh6-46
CRD_CE2516E395224ACA9D34,흑마 버드렉스 VMAX,BS2022001236,PRD_767E549F894445C98D52,236/184,CSR,KO,POKEMON,swsh8b_ja-236,swsh10tg-TG18
CRD_CF31B0FF74A849A2B69F,블로스터,BS2025010068,PRD_86C30C87F04C465BA58C,068/063,AR,KO,POKEMON,m1s_ja-68,me1-141
CRD_CE2F437D2073455CA89E,루주라 ex,BS2023014193,PRD_DAB43E31433041FC942F,193/165,SR,KO,POKEMON,sv2a_ja-193,sv3pt5-191
CRD_CE3692D573244C4CB4EA,주혜,BS2022008079,PRD_7DF9CF9792C3451BBA08,079/067,SR,KO,TRAINER,swsh10p_ja-77,swsh10-186
CRD_CF1795DF299B46889CA1,음번 GX,BS2017008040,PRD_5358D70C809B48A3851F,040/051,RR,KO,POKEMON,sm3h_ja-40,sm3-99
CRD_CECA6BC4887D4E72992B,위유이 ex,BS2024001035,PRD_219AD0EF77CA4165AD0F,035/190,RR,KO,POKEMON,sv4a_ja-35,sv2-40
CRD_CEE20BD28DB542FEB5E3,야돈&고라파덕 GX,BS2019013095,PRD_85013CC4B9634E819F22,095/094,SR,KO,TRAINER,sm11_ja-95,sm11-217
CRD_CF300350E3954689842D,자시안,BS2025014087,PRD_DD94FB8DCB7C4A129478,087/080,AR,KO,POKEMON,m2_ja-87,me2-100
CRD_CF6F85E730554DB796E4,다크라이(프리즘스타),BS2018001031,PRD_F6FE8B8F09B645B4BEA7,031/066,PR,KO,POKEMON,sm5s_ja-31,sm5-77
CRD_CF7C7828EFFC49579A10,유채의 활기,BS2022007083,PRD_A34AF524E977421D94D7,083/067,HR,KO,TRAINER,swsh10d_ja-84,swsh10-202
CRD_CF9F8888EB1242B69BE6,메가픽시 ex,BS2026002030,PRD_B269D7FE35F74921BDB2,030/080,RR,KO,POKEMON,m3_ja-30,me3-31
CRD_CF5D258E4C4326F86707666D9357D5A2,요코하마 피카츄 (WCS),280/SM-P,JP_PROMO_EXCLUSIVE,280/SM-P,PR,JP,POKEMON,smp_ja-280,
CRD_CFB59A3E266F4A7B8E84,자시안 V,BS2022001117,PRD_767E549F894445C98D52,117/184,RR,KO,POKEMON,swsh8b_ja-117,swsh1-138
CRD_CFB2CC925A0E4568A262,망나뇽 VSTAR,BS2022010050,PRD_FEBA8CBAF36B40D9850F,050/071,RRR,KO,POKEMON,swsh10b_ja-50,pgo-50
CRD_D00A4D4EA8DD49B1B244,네오라이트 V,BS2022002105,PRD_FA60964DC9AC4C999AC2,105/100,SR,KO,TRAINER,swsh9_ja-105,swsh9-156
CRD_D0F99DC13CF34DFD957C,오리진 펄기아 V,BS2022008022,PRD_7DF9CF9792C3451BBA08,022/067,RR,KO,POKEMON,swsh10p_ja-22,swsh10-39
CRD_D07E561E30914540AD43,자포코일 V,BS2022011028,PRD_554AB5D7D5A440D0AA2A,016/071,RR,KO,POKEMON,swsh10a_ja-16,swsh11-56
CRD_A2BF0189A7944E14A265,밀로틱 V,BS2020005099,PRD_E4286779F3FF4A8DA34F,099/096,SR,KO,POKEMON,swsh2_ja-99,swsh2-179
CRD_CFB1F9B2BF5A4F108B32,킬가르도 V,BS2020014108,PRD_32C23D5FA71F45ADB572,108/100,SR,KO,POKEMON,swsh4_ja-108,swsh4-177
CRD_D05CD67F8E8E4364A643,가라르 썬더,BS2023001188,PRD_B4F8E0D2E2414F1DBC9B,188/172,AR,KO,POKEMON,swsh12a_ja-188,swshp-SWSH283
CRD_CFECD5DF978944579DA4,드래피온 V,BS2023001227,PRD_B4F8E0D2E2414F1DBC9B,227/172,SAR,KO,POKEMON,swsh12a_ja-227,swsh12pt5gg-GG49
CRD_D0EC868873694B81B52F,시트론의 재치,BS2024017135,PRD_0CC50B878F5F40BAA824,135/106,SAR,KO,TRAINER,sv8_ja-134,sv8-243
CRD_D0C1C5D1A0D94833B4EC,아고용 GX,BS2018003052,PRD_0BF9D5EE99F244E7910D,052/050,SR,KO,POKEMON,sm5p_ja-52,sm6-121
CRD_D041ACC237314A96985C,맘모꾸리 ex,BS2026001364,PRD_6F0F228947EF48919808,364/742,RR,KO,POKEMON,sv9_ja-46,sv9-79
CRD_D0431A834EF34574BAAD,루기아 GX,BS2018010072,PRD_6066B79FCD694BDCBF82,072/095,RR,KO,POKEMON,sm8_ja-72,sm8-159
CRD_D0DC8DD763A74B918833,청목,BS2023020082,PRD_B7309AB1FDF64E4EA6B1,082/062,SR,KO,TRAINER,sv3a_ja-81,sv4-235
CRD_D0443324171B2CC0D77258357000A417,스탬프박스 피카츄,227/S-P,JP_PROMO_EXCLUSIVE,227/S-P,PR,JP,POKEMON,swshp_ja-227,
CRD_D1177926ABA14B70B4E9,번치코 V,BS2022003057,PRD_B2ACFB7F8D3D424D8D60,057/414,RR,KO,POKEMON,swsh8b_ja-19,swsh6-20
CRD_D1410E1858CE4B84814D,카푸꼬꼬꼭 GX,BS2017004022,PRD_580510CA86824BE7B26B,022/050,RR,KO,POKEMON,sm2k_ja-22,sm2-47
CRD_510E12E6D5CD417197BF,굽이치는물결 ex,BS2024004094,PRD_171222A74859484783EB,094/071,SAR,KO,POKEMON,sv5k_ja-94,sv5-205
CRD_D1558B6044BA433EB434,스트린더 VMAX,BS2020016060,PRD_595A32AA23664B6ABD92,060/190,RRR,KO,POKEMON,swsh4a_ja-60,swsh2-71
CRD_D18C8870DB964490B498,히스이의 동료들,BS2023001250,PRD_B4F8E0D2E2414F1DBC9B,250/172,SR,KO,TRAINER,swsh12a_ja-249,swsh12pt5-148
CRD_339521F5D18A48858134,찬란한 후딘,BS2022016031,PRD_0C8B6847314E495B9C8E,031/068,K,KO,POKEMON,swsh11a_ja-31,swsh12-59
CRD_D1D4CE75EC474976A7DF,코터스,BS2024007069,PRD_965FA5E5CD004C97AE74,069/066,AR,KO,POKEMON,sv5a_ja-69,sv6-172
CRD_D19E69BE367A43128A5D,사다이사 V,BS2020004046,PRD_D785A25B9DFD4C32AE7C,046/070,RR,KO,POKEMON,swsh1a_ja-46,swsh2-108
CRD_0F804851962E40E59955,야돈&고라파덕 GX,BS2019013011,PRD_85013CC4B9634E819F22,011/094,RR,KO,TRAINER,sm11_ja-11,sm11-35
CRD_D1651B27D22047C4A81B,삼삼드래 BREAK,BS2016007043,PRD_83AFAF718E5E44349857,043/054,RR,KO,POKEMON,xy11c_ja-43,xy11-87
CRD_D1AAF580D6724936A745,애프룡,BS2020016212,PRD_595A32AA23664B6ABD92,212/190,S,KO,POKEMON,swsh4a_ja-212,swsh45sv-SV013
CRD_D1B5C3A150B3424CB4C7,누오,BS2019002170,PRD_F0B2C76547E5479F8E65,170/150,S,KO,POKEMON,sm8b_ja-170,sma-SV10
CRD_D1A8C3F081B74BAE8414,삼삼드래 ex,BS2025008163,PRD_53034524E98C4FE8BF8D,163/086,SR,KO,POKEMON,sv11w_ja-163,rsv10pt5-161
CRD_D1C565DB2FFB4163BFFC,배쓰나이,BS2025008105,PRD_53034524E98C4FE8BF8D,105/086,AR,KO,POKEMON,sv11w_ja-105,rsv10pt5-108
CRD_D229BF26FFF94E27A4FE,란쿨루스,BS2024004075,PRD_171222A74859484783EB,075/071,AR,KO,POKEMON,sv5k_ja-75,sv5-171
CRD_D2495E3800AA46048DEE,라우드본 ex,BS2023010020,PRD_FC339076828C45ED9BA0,020/073,RR,KO,POKEMON,sv1a_ja-20,sv2-37
CRD_D2A40714424C4D3E9F8C,비주기의 계획,BS2015007064,PRD_1B1F4A770E5A4B92896A,064/059,SR,KO,TRAINER,xy8r_ja-64,xy8-162
CRD_68A361083D184172982D,잠만보,BS2024001310,PRD_219AD0EF77CA4165AD0F,310/190,S,KO,POKEMON,sv4a_ja-310,sv4pt5-202
CRD_D341F09B720748DE8BA5,킬리아,BS2024001259,PRD_219AD0EF77CA4165AD0F,259/190,S,KO,POKEMON,sv4a_ja-259,sv4pt5-154
CRD_D2518F5B122F4451AB0C,플라제스 EX,BS2014004092,PRD_42626661804D4BE1B5E2,092/088,SR,KO,TRAINER,xy4_ja-92,xy4-116
CRD_D2A4A914128D48B19C2B,뽀삐,BS2023015130,PRD_C017B01380CF490A9480,130/108,SR,KO,TRAINER,sv3_ja-131,sv3-220
CRD_D2B8F12F00094BD88632,피카츄 V,BS2022001222,PRD_767E549F894445C98D52,222/184,CSR,KO,POKEMON,swsh8b_ja-222,swsh11tg-TG16
CRD_D2BCEBD902BB4EB7B230,과미드라 ex,BS2024012115,PRD_3C9C174C842D499D9A02,115/102,SR,KO,POKEMON,sv7_ja-115,sv7-156
CRD_D2DB42A5C2EF4407A186,메가장크로다일 ex,BS2026001169,PRD_6F0F228947EF48919808,169/742,RR,KO,POKEMON,NO_JP,me2pt5-43
CRD_D2F3D6C50BA14B39ADBA,번치코 GX,BS2018007098,PRD_D2E62F137D9A44ACBEBC,098/096,SR,KO,POKEMON,sm7_ja-98,sm7-153
CRD_D2FF712DE7F2490F83AB,액스라이즈,BS2025007152,PRD_D52A4B350D2344119847,152/086,AR,KO,POKEMON,sv11b_ja-152,zsv10pt5-147
CRD_D314F766A59B4473933E,리피아 V,BS2023001011,PRD_B4F8E0D2E2414F1DBC9B,011/172,RR,KO,POKEMON,swsh12a_ja-11,swsh7-7
CRD_D333E4DB73424513B205,쥬피썬더 GX,BS2019000013,PRD_F0B27DFABBE04F75BF70,013/038,RR,KO,POKEMON,NO_JP,smp-SM173
CRD_D340A905D2D643CC9360,M독침붕 EX,BS2016004002,PRD_F4FEB5AEAFD341BE97EA,002/131,RR,KO,POKEMON,cp4_ja-2,xyp-XY158
CRD_D3439179FAEB461CA903,코르니의 기합,BS2021002081,PRD_AD7B5C4F802F4D64BE90,081/070,SR,KO,TRAINER,swsh5r_ja-79,swsh5-160
CRD_D3D3847CAB9D4F80B987,칼라마네로 VMAX,,PRD_E4286779F3FF4A8DA34F,109/096,HR,KO,POKEMON,swsh2_ja-109,swsh2-198
CRD_D3A35E24EA494A63BB44,비트,BS2020002068,PRD_7CCB63858C7E43A287F2,068/060,SR,KO,TRAINER,swsh1w_ja-68,swsh1-199
CRD_D3A4176E71AC47AFA6EF,전목,BS2022004127,PRD_B6A92B9A3823440F8F49,082/067,SR,KO,TRAINER,swsh9a_ja-82,swsh10-187
CRD_D3BC0E4C755C49AD83CC,자시안 V,BS2023001225,PRD_B4F8E0D2E2414F1DBC9B,225/172,SAR,KO,POKEMON,swsh12a_ja-225,swsh12pt5gg-GG48
CRD_D417586C8E26486E94D6,폭거북스 GX,BS2019002212,PRD_F0B2C76547E5479F8E65,212/150,SSR,KO,POKEMON,sm8b_ja-212,sma-SV52
CRD_D36A8D255E484367A01A,메타그로스 GX,BS2017005035,PRD_B037DA2FF59847768F3C,035/050,RR,KO,POKEMON,sm2l_ja-35,sm2-85
CRD_D36DD4F7F2DC45FBAE2B,달코퀸 V,BS2021018101,PRD_3BEB5A9863D54FE7BE25,101/100,SR,KO,POKEMON,swsh8_ja-101,swsh8-246
CRD_D3997BEB72104CE08418,모르페코 V,BS2020003062,PRD_FC1A7B5927A44298A2A2,062/060,SR,KO,POKEMON,swsh1h_ja-62,swsh1-190
CRD_D3E4B12ED8094D568982,마기라스 GX,BS2018010099,PRD_6066B79FCD694BDCBF82,099/095,SR,KO,POKEMON,sm8_ja-99,sm8-203
CRD_D3E88C25E8B642E3BF45,우렁찬꼬리 ex,BS2024007082,PRD_965FA5E5CD004C97AE74,082/066,SR,KO,TRAINER,sv5a_ja-82,sv6-197
CRD_D418EAC3260E430DB338,낚시꾼,BS2019002152,PRD_F0B2C76547E5479F8E65,152/150,SR,KO,TRAINER,sm8b_ja-154,sma-SV83
CRD_D43499400639421BA34A,한카리아스 EX,PR2015001140,PRD_5335DFBF031D4BA68337,,PR,KO,POKEMON,xyp_ja-245,xyp-XY167
CRD_D434D4DB501B4AF68A68,두파팡 GX,BS2019017028,PRD_C50AF6B22D9843F5B112,028/173,RR,KO,POKEMON,sm12a_ja-28,sm8-52
CRD_D458688E4CDC4D52858A,고릴타 V,BS2020004008,PRD_D785A25B9DFD4C32AE7C,008/070,RR,KO,POKEMON,swsh1a_ja-8,swsh2-17
CRD_D462517CFC6F4930A7AC,무한다이노 V,BS2020016124,PRD_595A32AA23664B6ABD92,124/190,RR,KO,POKEMON,swsh4a_ja-124,swsh3-116
CRD_D4672A5ECC0F45DABED3,보만다 ex,BS2025001129,PRD_EC14FE47676E4D529FD0,129/100,SAR,KO,POKEMON,sv9_ja-129,sv9-187
CRD_D3B2F8E6629F414DAAA8,지우의 피카츄,SMP0000000065,PRD_231732ED8F2047F39E3E,044/SM-P,SM-P,KO,POKEMON,smp_ja-71,smp-SM109
CRD_D4963DE8F541495794EE,이상해씨,BS2023014166,PRD_DAB43E31433041FC942F,166/165,AR,KO,POKEMON,sv2a_ja-166,sv3pt5-166
CRD_D4E922F147AB4D8DAF9B,비리디온,BS2011003067,PRD_F516B48B00EC4405B043,067/066,SR,KO,POKEMON,bw2_ja-67,bw3-97
CRD_D472EEFEF45D4225A0EF,텅비드 GX,BS2019002222,PRD_F0B2C76547E5479F8E65,222/150,SSR,KO,POKEMON,sm8b_ja-222,sma-SV62
CRD_D5532CF1B3D74D75938E,엠페르트 V,BS2021002073,PRD_AD7B5C4F802F4D64BE90,073/070,SR,KO,POKEMON,swsh5r_ja-73,swsh5-145
CRD_D55D68F136FE4493B753,엘풍 VSTAR,BS2022002119,PRD_FA60964DC9AC4C999AC2,119/100,HR,KO,POKEMON,swsh9_ja-119,swsh9-175
CRD_D48A0477EDAA45118306,망나뇽 VSTAR,BS2022010086,PRD_FEBA8CBAF36B40D9850F,086/071,HR,KO,POKEMON,swsh10b_ja-86,pgo-81
CRD_D4CFC33A07144C65A793,멜탄,BS2024005081,PRD_B8A7BADF7613420288AC,081/071,AR,KO,POKEMON,sv5m_ja-81,sv5-179
CRD_D59A0E499FD44F4199B5,메더,BS2025008115,PRD_53034524E98C4FE8BF8D,115/086,AR,KO,POKEMON,sv11w_ja-115,rsv10pt5-118
CRD_D4E8EA5B4ABC4CE4803E,M번치코 EX,PR2015001069,PRD_5335DFBF031D4BA68337,,PR,KO,POKEMON,xyp_ja-138,xyp-XY86
CRD_D4EFCEF0EEB948B7B754,아고용 GX,BS2018003023,PRD_0BF9D5EE99F244E7910D,023/050,RR,KO,POKEMON,sm5p_ja-23,sm6-56
CRD_75B6983BC68F478F89E9,일레즌,BS2020016240,PRD_595A32AA23664B6ABD92,240/190,S,KO,POKEMON,swsh4a_ja-240,swsh45sv-SV041
CRD_D4F9A637FFAE4231A8CB,굽이치는물결 ex,BS2026001222,PRD_6F0F228947EF48919808,222/742,RR,KO,POKEMON,sv5k_ja-24,sv5-50
CRD_D57859CD4BA84DEEBC5A,루카리오 VSTAR,BS2023001226,PRD_B4F8E0D2E2414F1DBC9B,226/172,SAR,KO,POKEMON,swsh12a_ja-226,swshp-SWSH291
CRD_D5801F6F54714BE18F81,레드의 도전,BS2019007105,PRD_BDAF39161DD0442B99F6,105/095,SR,KO,TRAINER,sm10_ja-107,sm10-213
CRD_D5A3208DB5D642528B68,세레비&이상해꽃 GX,BS2019001097,PRD_0D6AE93A1F194DF2AFCC,097/095,SR,KO,POKEMON,sm9_ja-97,smp-SM167
CRD_D5BD1DC91C304D4CBBCD,무쇠잎새 ex,BS2024019016,PRD_D26383A636BE42F09D6B,016/187,RR,KO,POKEMON,sv8a_ja-16,svp-128
CRD_D5CA1113067244059C35,알로라 나시 V,BS2022010005,PRD_FEBA8CBAF36B40D9850F,005/071,RR,KO,POKEMON,swsh10b_ja-5,pgo-5
CRD_D6012E58494D4846B6FB,기라티나 V,BS2023001110,PRD_B4F8E0D2E2414F1DBC9B,110/172,RR,KO,POKEMON,swsh12a_ja-110,swshp-SWSH259
CRD_D629521D90F54884A73E,유카리,BS2026002116,PRD_B269D7FE35F74921BDB2,116/080,SAR,KO,TRAINER,m3_ja-116,me3-122
CRD_D6A4F6C77AFF466C95D9,거북왕 ex,BS2023014186,PRD_DAB43E31433041FC942F,186/165,SR,KO,POKEMON,sv2a_ja-186,sv3pt5-184
CRD_D73A0A8616924CE0A63E,스쿨보이,,PRD_3AD5C945B465480BA36C,085/067,HR,KO,TRAINER,swsh7r_ja-85,swsh8-276
CRD_D6CB6207F6D64F1A980C,오거폰 벽록의 가면 ex,BS2024008125,PRD_980F0BFCCDBB47558BFA,125/101,SAR,KO,POKEMON,sv6_ja-125,sv6-211
CRD_D602C3182737420E823B,볼트로스,BS2011002054,PRD_1B7E1128D4A34947BFA3,054/053,SR,KO,POKEMON,bw1w_ja-54,bw2-97
CRD_D676436BD48549B1BEBE,마리,,PRD_FC1A7B5927A44298A2A2,072/060,HR,KO,TRAINER,swsh1h_ja-72,swsh1-208
CRD_D63C03AADD7045929DC0,카푸꼬꼬꼭 VMAX,,PRD_FDDAB6E1AF8D49E6A224,083/070,HR,KO,POKEMON,swsh5i_ja-83,swsh5-166
CRD_D5E768346B67472EBC09,유채의 활기,BS2023001240,PRD_B4F8E0D2E2414F1DBC9B,240/172,SAR,KO,TRAINER,swsh12a_ja-243,swsh12pt5gg-GG61
CRD_76E040037E814AEF841B,벼리짱,BS2024001272,PRD_219AD0EF77CA4165AD0F,272/190,S,KO,POKEMON,sv4a_ja-272,sv4pt5-166
CRD_D65DE41A73AB4B91B33B,뜨아거,BS2024001215,PRD_219AD0EF77CA4165AD0F,215/190,S,KO,POKEMON,sv4a_ja-215,svp-79
CRD_768441CE9EA84982800D,솜솜코,BS2024001197,PRD_219AD0EF77CA4165AD0F,197/190,S,KO,POKEMON,sv4a_ja-197,sv4pt5-98
CRD_D6CE520A6BA64DCF916E,리피아 V,BS2021007071,PRD_BD7FA21EB0B4407086A0,071/069,SR,KO,POKEMON,swsh6a_ja-71,swsh7-167
CRD_D7065DC67F244D799293,테라파고스 ex,BS2024019136,PRD_D26383A636BE42F09D6B,136/187,RR,KO,POKEMON,sv8a_ja-136,sv8pt5-92
CRD_D7410D338CA64CF1BEC4,모토마,BS2023020074,PRD_B7309AB1FDF64E4EA6B1,074/062,AR,KO,TRAINER,sv3a_ja-74,sv4-215
CRD_D7976C3F939248F7A2C3,네리네,BS2024019188,PRD_D26383A636BE42F09D6B,188/187,SR,KO,TRAINER,sv8a_ja-194,sv8pt5-132
CRD_D74B2BB02D9740569EEB,노고고치 ex,BS2026001575,PRD_6F0F228947EF48919808,575/742,RR,KO,POKEMON,sv9_ja-79,sv9-121
CRD_D7574728F6AB49FEBD4E,님피아 VMAX,,PRD_BD7FA21EB0B4407086A0,092/069,HR,KO,POKEMON,swsh6a_ja-92,swsh7-211
CRD_D82F080A60144D05A9D5,이야후 ex,BS2024011080,PRD_7293190A22224C0598D5,080/064,SR,KO,POKEMON,sv6a_ja-80,sv6pt5-83
CRD_D844EA6139A443209168,누니머기,BS2020016232,PRD_595A32AA23664B6ABD92,232/190,S,KO,POKEMON,swsh4a_ja-232,swsh45sv-SV033
CRD_D7F827AC8C0A42269337,하랑우탄,BS2019002204,PRD_F0B2C76547E5479F8E65,204/150,S,KO,POKEMON,sm8b_ja-204,sma-SV44
CRD_D7B60917E9F749A78D85,피카츄&제크로무 GX,BS2019017041,PRD_C50AF6B22D9843F5B112,041/173,RR,KO,POKEMON,sm12a_ja-41,sm9-33
CRD_D7B9B3BCB4264919B5BC,투희,BS2025008166,PRD_53034524E98C4FE8BF8D,166/086,SR,KO,TRAINER,sv11w_ja-166,rsv10pt5-164
CRD_D7D333F402E247A68ADE,루가루암 GX,BS2019002226,PRD_F0B2C76547E5479F8E65,226/150,SSR,KO,POKEMON,sm8b_ja-226,sma-SV66
CRD_D7F007D1EFC04DE9A1AF,뮤츠 EX,PR2015001122,PRD_5335DFBF031D4BA68337,,PR,KO,POKEMON,xyp_ja-190,xyp-XY183
CRD_D7F264F5E2C34408ADC5,멜메탈 GX,SMP000000236,PRD_9D38AE2D57854EF295EF,1 84 /SM-P,SM-P,KO,POKEMON,smp_ja-285,smp-SM178
CRD_D805B78A8EC145518EBF,이브이 ex,BS2024019223,PRD_D26383A636BE42F09D6B,223/187,SAR,KO,POKEMON,sv8a_ja-223,sv8pt5-167
CRD_D80851B52D9A43F59EF6,갸라도스 ex,BS2023006014,PRD_ED1CAC91B03F4EAD86F7,014/078,RR,KO,POKEMON,sv1s_ja-14,sv1-45
CRD_D8668F914B2643658274,주즈베&담죽맨,BS2019017200,PRD_C50AF6B22D9843F5B112,200/173,SR,KO,TRAINER,sm12a_ja-194,NO_EN
CRD_D86A3315CB974B96A9E6,귀뚤톡크 V,BS2022003014,PRD_B2ACFB7F8D3D424D8D60,014/414,RR,KO,POKEMON,swsh5r_ja-4,swsh5-6
CRD_D97F8DEBE01544ABAA7E,코라이돈 ex,BS2023006103,PRD_ED1CAC91B03F4EAD86F7,103/078,SAR,KO,POKEMON,sv1s_ja-103,sv1-247
CRD_D8CA3FC24E11442D97E0,빠모,BS2024001340,PRD_219AD0EF77CA4165AD0F,340/190,AR,KO,POKEMON,sv4a_ja-340,sv4pt5-226
CRD_D956254FB2F5419D85EE,규토리장인,BS2018006074,PRD_151FCDB5743444E7A349,074/066,SR,KO,TRAINER,sm6b_ja-75,sm7-161
CRD_D87B1708EDCE4A669223,망나뇽 GX,BS2018005056,PRD_6FAC8D9AE7E9486E91BC,056/053,SR,KO,POKEMON,sm6a_ja-56,sm75-67
CRD_D91DE05A19D749D59779,모르페코,BS2020016243,PRD_595A32AA23664B6ABD92,243/190,S,KO,POKEMON,swsh4a_ja-243,swsh45sv-SV044
CRD_D88B69F2CCFC4DF587DC,샤로다 V,BS2022016084,PRD_0C8B6847314E495B9C8E,084/068,CSR,KO,POKEMON,swsh11a_ja-84,swsh12tg-TG13
CRD_D89AE69557754704BE5B,로켓단의 람다,BS2025006119,PRD_FA31487748A24EAF9EE3,119/098,SR,KO,TRAINER,sv10_ja-122,sv10-226
CRD_D89C085C68AB427DB734,보만다 GX,BS2018006045,PRD_151FCDB5743444E7A349,045/066,RR,KO,POKEMON,sm6b_ja-45,sm75-44
CRD_D8C1902727604BB699E2,팬텀&따라큐 GX,BS2019001102,PRD_0D6AE93A1F194DF2AFCC,102/095,SR,KO,POKEMON,sm9_ja-102,sm9-164
CRD_D8DEBF9FF3D14AEDADAA,스트린더 V,BS2020016314,PRD_595A32AA23664B6ABD92,314/190,SSR,KO,POKEMON,swsh4a_ja-314,swsh45sv-SV112
CRD_D90EA6EE600D4876BBB4,드니차,BS2023011075,PRD_514C148400944D8AA72F,075/071,AR,KO,POKEMON,sv2p_ja-75,sv2-208
CRD_D917D157475747FCB7AC,가라르 창파나이트 V,BS2020014106,PRD_32C23D5FA71F45ADB572,106/100,SR,KO,POKEMON,swsh4_ja-106,swsh4-174
CRD_D92373A46C9C4F6FA162,페로코체&매시붕 GX,BS2019005001,PRD_F47B27397A4F495BA9FE,001/054,RR,KO,POKEMON,sm9b_ja-1,sm10-1
CRD_D934A1F32E1645DE8BCA,나인테일,BS2023015110,PRD_C017B01380CF490A9480,110/108,AR,KO,POKEMON,sv3_ja-110,sv3-199
CRD_D94E04ECD5514CC887E1,수련,BS2018011120,PRD_E1C4AAB9A1BC43F5B408,120/114,SR,KO,TRAINER,sm4p_ja-118,sm5-150
CRD_D95254F3729941B9B6A6,루가루암 GX,BS2017005027,PRD_B037DA2FF59847768F3C,027/050,RR,KO,POKEMON,sm2l_ja-27,sm2-74
CRD_D96E0DB78D214574BD54,로즈레이드,BS2022004113,PRD_B6A92B9A3823440F8F49,068/067,CHR,KO,POKEMON,swsh9a_ja-68,swsh11tg-TG02
CRD_DA068974AC734E7AB608,야나키,BS2025007090,PRD_D52A4B350D2344119847,090/086,AR,KO,POKEMON,sv11b_ja-90,zsv10pt5-90
CRD_D9AD2D4FCCF34C3D93DB,블래키 EX,BS2016020082,PRD_218CE0DABAD1493786DF,082/078,SR,KO,POKEMON,xy10_ja-82,xy10-119
CRD_D9FD0C12886E494286DB,쉐이미 EX,BS2012002053,PRD_D26FF272537E40BCB70E,053/052,SR,KO,POKEMON,bw3p_ja-53,bw4-94
CRD_DA27591B04B940C980EF,버랜지나,BS2025007145,PRD_D52A4B350D2344119847,145/086,AR,KO,POKEMON,sv11b_ja-145,rsv10pt5-145
CRD_CE735FF66AA14F35A904,샤로다 VSTAR,BS2022016086,PRD_0C8B6847314E495B9C8E,086/068,HR,KO,POKEMON,swsh11a_ja-86,swsh12-196
CRD_D9D84E45DE404ECCB835,모스노우,,PRD_D785A25B9DFD4C32AE7C,084/070,UR,KO,POKEMON,swsh1a_ja-84,swsh2-204
CRD_D9FDD63E25B848EAAE06,카푸꼬꼬꼭(프리즘스타),BS2019017049,PRD_C50AF6B22D9843F5B112,049/173,PR,KO,POKEMON,sm12a_ja-49,sm9-51
CRD_D9B3211985F34D18B014,신비록 V,BS2022007059,PRD_A34AF524E977421D94D7,059/067,RR,KO,POKEMON,swsh10d_ja-59,swsh10-134
CRD_7CB42882DB184472A73A,가라르 마임맨,BS2020016219,PRD_595A32AA23664B6ABD92,219/190,S,KO,POKEMON,swsh4a_ja-219,swsh45sv-SV020
CRD_D9F3370BA1BE476D89E2,프리지오,BS2025007115,PRD_D52A4B350D2344119847,115/086,AR,KO,POKEMON,sv11b_ja-115,zsv10pt5-111
CRD_DA900EAAF6EA496AA465,몽나,BS2025007121,PRD_D52A4B350D2344119847,121/086,AR,KO,POKEMON,sv11b_ja-121,zsv10pt5-116
CRD_0FF5866665394D78AEEA,가디안,BS2022016072,PRD_0C8B6847314E495B9C8E,072/068,CHR,KO,POKEMON,swsh11a_ja-72,swsh12tg-TG05
CRD_DA547219871F4A868241,하솔,BS2024019232,PRD_D26383A636BE42F09D6B,232/187,SAR,KO,TRAINER,sv8a_ja-227,sv8pt5-171
CRD_DA8736447EB24766A712,갑주무사 ex,BS2023021081,PRD_8E32996A2E964C128DBF,081/066,SR,KO,POKEMON,sv4k_ja-81,sv4-221
CRD_DAA647C583CD4B3182C5,독개굴 EX,BS2014002036,PRD_C2C1ECDBD68A4BC08849,036/080,RR,KO,POKEMON,xy2_ja-36,xy2-41
CRD_DAA6AB20B9FA4E75BA0C,썬더 ex,BS2023014194,PRD_DAB43E31433041FC942F,194/165,SR,KO,POKEMON,sv2a_ja-194,sv3pt5-192
CRD_DAF9334F2EBE4F959019,그란돈 EX,BS2015001039,PRD_F918066FC0EA4F6B9C99,039/070,RR,KO,POKEMON,xy5g_ja-39,xy5-85
CRD_DAAA4A279BCD415190D0,팔데아 우파,BS2023010085,PRD_FC339076828C45ED9BA0,085/073,AR,KO,POKEMON,sv1a_ja-85,sv2-221
CRD_DB00069D3B2C4916B373,켄타로스 GX,BS2017002064,PRD_A7690D997FD6483B8C54,064/060,SR,KO,POKEMON,sm1m_ja-64,sm1-144
CRD_DB67FF4AD9D943BF9366,라티오스(프리즘스타),BS2018007067,PRD_D2E62F137D9A44ACBEBC,067/096,PR,KO,POKEMON,sm7_ja-67,sm7-108
CRD_DB1896C047CE499EA48B,오리진 디아루가 V,BS2022007075,PRD_A34AF524E977421D94D7,075/067,SR,KO,POKEMON,swsh10d_ja-75,swsh10-177
CRD_DB0F99DBDC074D509C4E,어니언,BS2020012084,PRD_FE54F67A9C114773A9CD,084/076,SR,KO,TRAINER,swsh3a_ja-84,swsh4-179
CRD_DB44D404633141DBBC80,두더류,BS2025007130,PRD_D52A4B350D2344119847,130/086,AR,KO,POKEMON,sv11b_ja-130,zsv10pt5-124
CRD_7D9BD5DD298A4155B65D,팔데아 켄타로스,BS2024001279,PRD_219AD0EF77CA4165AD0F,279/190,S,KO,POKEMON,sv4a_ja-279,sv4pt5-172
CRD_DAFD8B92B8CF427FB7FE,팔데아 켄타로스,BS2024001212,PRD_219AD0EF77CA4165AD0F,212/190,S,KO,POKEMON,sv4a_ja-212,sv4pt5-111
CRD_DB1EE27B66F247D18E05,M엘레이드 EX,BS2015004031,PRD_9B9032EBA3C24F1ABA5C,031/078,RR,KO,POKEMON,xy6_ja-31,xy6-35
CRD_DB277DCB29D047D6A9C6,쿠쿠이박사,BS2017001066,PRD_498EC017052748FA9B3C,066/060,SR,KO,TRAINER,sm1s_ja-66,sm1-148
CRD_DB2FCD2BE6764FDC8AD2,포켓몬 브리더의 육성,BS2020010078,PRD_9C4063C50B5B45C09FF9,078/070,SR,KO,TRAINER,swsh2a_ja-78,swsh3-188
CRD_DB63CA7CA3E74E61A7ED,보만다 V,BS2020011080,PRD_91D480C53D3248F79831,080/100,RR,KO,POKEMON,swsh3_ja-80,swsh3-143
CRD_DB71489497854EF98781,M가디안 EX,BS2016007057,PRD_83AFAF718E5E44349857,057/054,SR,KO,POKEMON,xy11c_ja-57,xy11-112
CRD_DBCFA7ECE36342E69356,리자몽 EX,PR2015001011,PRD_5335DFBF031D4BA68337,,PR,KO,POKEMON,xyp_ja-30,xyp-XY17
CRD_DBD0BA8810234F79AE76,메가입치트 ex,BS2025009046,PRD_488E92535E424D04B2B5,046/063,RR,KO,POKEMON,m1l_ja-46,me1-94
CRD_DB83FAE5579D41C28206,자포코일 ex,BS2023007028,PRD_5AD4DD681C694EAC8DDA,028/078,RR,KO,POKEMON,sv1v_ja-28,sv1-65
CRD_DBB7B7B124384146B708,루카리오 GX,BS2019002224,PRD_F0B2C76547E5479F8E65,224/150,SSR,KO,POKEMON,sm8b_ja-224,sma-SV64
CRD_DB83835D9CEC4025A0CC,루가루암 VMAX,BS2021011025,PRD_BCB8045CC957488BB992,025/067,RRR,KO,POKEMON,swsh7d_ja-25,swsh7-92
CRD_DB8B895CEE0C4F1D99AB,고래왕 EX,BS2015002071,PRD_1E0575E3D10E43ACBECB,071/070,SR,KO,POKEMON,xy5t_ja-71,xy5-147
CRD_DBA4E957DBAD4886B117,세이지,BS2024005091,PRD_B8A7BADF7613420288AC,091/071,SR,KO,TRAINER,sv5m_ja-91,sv5-202
CRD_80CF967EAA07425DA991,꼬링크,BS2024001240,PRD_219AD0EF77CA4165AD0F,240/190,S,KO,POKEMON,sv4a_ja-240,sv4pt5-135
CRD_DBCCC554027A4F239EE1,눈여아 ex,BS2023020075,PRD_B7309AB1FDF64E4EA6B1,075/062,SR,KO,POKEMON,sv3a_ja-75,sv4-217
CRD_7F9046D32F6E42E9A4EC,아머까오,BS2020016288,PRD_595A32AA23664B6ABD92,288/190,S,KO,POKEMON,swsh4a_ja-288,swsh45sv-SV089
CRD_DBE064C8AC1C4B42B193,미라이돈 ex,BS2023007106,PRD_5AD4DD681C694EAC8DDA,106/078,UR,KO,POKEMON,sv1v_ja-106,sv1-253
CRD_DBE075DCBF884295B389,그란돈,BS2023020069,PRD_B7309AB1FDF64E4EA6B1,069/062,AR,KO,POKEMON,sv3a_ja-69,sv4-199
CRD_DD06C8FFD2E54F1D8E3A,기로치 ex,BS2024011089,PRD_7293190A22224C0598D5,089/064,SAR,KO,POKEMON,sv6a_ja-89,sv6pt5-92
CRD_DCC8CEBEBF3C4B9D88E0,레오꼬,BS2025010066,PRD_86C30C87F04C465BA58C,066/063,AR,KO,POKEMON,m1s_ja-66,me1-139
CRD_DCF9C516EF5F46D3A23A,메가루카리오 ex,BS2025009088,PRD_488E92535E424D04B2B5,088/063,SAR,KO,POKEMON,m1l_ja-88,me1-179
CRD_DBF5F6102B314663AA38,루기아 VSTAR,BS2022017080,PRD_75DAB61BCF5342C38563,080/098,RRR,KO,POKEMON,swsh12_ja-80,swsh12-139
CRD_DC67C08A742F4CD7BB2D,사다이사 VMAX,BS2021004044,PRD_83E04A9A71A74A88AB44,044/070,RRR,KO,POKEMON,swsh6h_ja-44,swsh6-90
CRD_820858E331F94DAE8910,딥상어동,BS2019002198,PRD_F0B2C76547E5479F8E65,198/150,S,KO,POKEMON,sm8b_ja-198,sma-SV38
CRD_DBF770636571450E9F41,쫀도기,BS2024001266,PRD_219AD0EF77CA4165AD0F,266/190,S,KO,POKEMON,sv4a_ja-266,svp-69
CRD_DC3CA236843E44299775,루주라 ex,BS2023014124,PRD_DAB43E31433041FC942F,124/165,RR,KO,POKEMON,sv2a_ja-124,sv3pt5-124
CRD_DC46034507A149F9A1E5,레쿠쟈 V,BS2021009076,PRD_3AD5C945B465480BA36C,076/067,SR,KO,POKEMON,swsh7r_ja-76,swsh7-194
CRD_DC74E397CD2F48098A04,갸라도스 EX,BS2016001081,PRD_52E8B395613649EDA22B,081/080,SR,KO,POKEMON,xy9_ja-81,xy9-114
CRD_DC7B1F9CDDF44E588CD0,미라이돈 ex,BS2023007094,PRD_5AD4DD681C694EAC8DDA,094/078,SR,KO,POKEMON,sv1v_ja-94,sv1-227
CRD_E83933BC2C29478785BE,가라르 직구리,BS2020016278,PRD_595A32AA23664B6ABD92,278/190,S,KO,POKEMON,swsh4a_ja-278,swsh45sv-SV079
CRD_DCA22E7A661545CBAC0E,펄스멍 V,BS2022001225,PRD_767E549F894445C98D52,225/184,CSR,KO,POKEMON,swsh8b_ja-225,swsh9tg-TG13
CRD_DCC37C7FE5CD4264A5A1,피오니,BS2021004083,PRD_83E04A9A71A74A88AB44,083/070,SR,KO,TRAINER,swsh6h_ja-82,swsh6-197
CRD_DD6F191F02AB496F8456,암스타 BREAK,BS2016020017,PRD_218CE0DABAD1493786DF,017/078,RR,KO,POKEMON,xy10_ja-17,xy10-19
CRD_DD9A110694644BF0AA91,코바르온 GX,BS2018013056,PRD_6DB848A34AB046C29FCF,056/052,SR,KO,POKEMON,sm8a_ja-56,sm9-168
CRD_DE1AC8F1848D4F84A6C9,고릴타 V,BS2020016304,PRD_595A32AA23664B6ABD92,304/190,SSR,KO,POKEMON,swsh4a_ja-304,swsh45sv-SV105
CRD_DD9456F36A4A40BFBA2C,뽀록나,BS2025007096,PRD_D52A4B350D2344119847,096/086,AR,KO,POKEMON,sv11b_ja-96,zsv10pt5-96
CRD_DD8827F892AE449986D4,파오젠 ex,BS2023011028,PRD_514C148400944D8AA72F,028/071,RR,KO,POKEMON,sv2p_ja-28,sv2-61
CRD_DD0DF5ACA37B41DF8B8C,날개치는머리,BS2024004076,PRD_171222A74859484783EB,076/071,AR,KO,POKEMON,sv5k_ja-76,svp-97
CRD_DDAA23F00D9A45A3A417,시아노,BS2024017128,PRD_0CC50B878F5F40BAA824,128/106,SR,KO,TRAINER,sv8_ja-127,sv8-230
CRD_DE0D19741C6C49AEA3F8,모래꿍,BS2023012075,PRD_66FB8C2B312E46E081B1,075/071,AR,KO,POKEMON,sv2d_ja-75,sv2-214
CRD_DD17001A86F04AFDAF09,단지래플,BS2024016075,PRD_3FAB90CDEC7C43B6A8DF,075/064,AR,KO,POKEMON,sv7a_ja-75,sv8-211
CRD_DDA35E539E7A4A1C897D,가디안 EX,BS2016003019,PRD_46D8E6F1D6A94A918F5A,019/032,RR,KO,POKEMON,cp3_ja-19,g1-RC30
CRD_DDA4F682B05845128805,칼라마네로 V,BS2020005070,PRD_E4286779F3FF4A8DA34F,070/096,RR,KO,POKEMON,swsh2_ja-70,swsh2-121
CRD_DDAB514715144497A380,히스이 대검귀 VSTAR,BS2023001230,PRD_B4F8E0D2E2414F1DBC9B,230/172,SAR,KO,POKEMON,swsh12a_ja-230,swsh12pt5gg-GG52
CRD_DDC143852534B415787C,아르세우스 VSTAR,BS2023001262,PRD_B4F8E0D2E2414F1DBC9B,262/172,UR,KO,POKEMON,swsh12a_ja-262,swsh12pt5gg-GG70
CRD_DDED4EDE29E446F7B0C3,릴리에,BS2017002065,PRD_A7690D997FD6483B8C54,065/060,SR,KO,TRAINER,sm1m_ja-66,sm1-147
CRD_DE35A5AF533342F99E35,하푸우,BS2019017201,PRD_C50AF6B22D9843F5B112,201/173,SR,KO,TRAINER,sm12a_ja-195,NO_EN
CRD_DE454A6B91944E2B8AD3,로켓단의 공작,BS2016020087,PRD_218CE0DABAD1493786DF,087/078,SR,KO,TRAINER,xy10_ja-87,xy10-124
CRD_DE6ADE7BA0D1404C9EBB,심향의 마그카르고,BS2025015197,PRD_90A8D5BDA5664CEF9F48,197/193,AR,KO,POKEMON,m2a_ja-197,me2pt5-222
CRD_DF32332FA0B44D189C38,라티아스 [퓨전],BS2023001195,PRD_B4F8E0D2E2414F1DBC9B,195/172,AR,KO,POKEMON,swsh12a_ja-195,swsh12pt5gg-GG20
CRD_DF6D7BB6800645AC8C68,스컹탱크 V,BS2022017106,PRD_75DAB61BCF5342C38563,106/098,SR,KO,POKEMON,swsh12_ja-106,swsh12-181
CRD_DFD109D6FD144DB3B19C,브리무음 VMAX,BS2023001066,PRD_B4F8E0D2E2414F1DBC9B,066/172,RRR,KO,POKEMON,swsh12a_ja-66,swsh12pt5-66
CRD_DF65A340F5804E30A359,붐볼 GX,BS2018006068,PRD_151FCDB5743444E7A349,068/066,SR,KO,POKEMON,sm6b_ja-68,sm7-155
CRD_DFD865A2FA88435EBF11,디아루가 GX,BS2018001045,PRD_F6FE8B8F09B645B4BEA7,045/066,RR,KO,POKEMON,sm5s_ja-45,sm5-100
CRD_DF5E783CC8444CCFA94A,일레도리자드,BS2025015201,PRD_90A8D5BDA5664CEF9F48,201/193,AR,KO,POKEMON,m2a_ja-201,me2pt5-229
CRD_DF4775DD63D8489DB391,심보러,BS2025008118,PRD_53034524E98C4FE8BF8D,118/086,AR,KO,POKEMON,sv11w_ja-118,rsv10pt5-121
CRD_DF5DDD6AC39442A9B8EC,메타그로스 EX,PR2015001048,PRD_5335DFBF031D4BA68337,,PR,KO,POKEMON,NO_JP,xyp-XY34
CRD_DF8A429C70554B56B314,쏘콘 ex,BS2023012084,PRD_66FB8C2B312E46E081B1,084/071,SR,KO,POKEMON,sv2d_ja-84,sv2-230
CRD_DF94CDB2489A49698586,대포무노,BS2022001191,PRD_767E549F894445C98D52,191/184,CHR,KO,POKEMON,swsh8b_ja-191,swsh9tg-TG03
CRD_DFA86BCCB5434D858268,레시라무 GX,BS2018005008,PRD_6FAC8D9AE7E9486E91BC,008/053,RR,KO,POKEMON,sm6a_ja-8,sm75-11
CRD_DFBD272AF9C64329B300,뮤 V,BS2021018105,PRD_3BEB5A9863D54FE7BE25,105/100,SR,KO,POKEMON,swsh8_ja-105,swsh8-250
CRD_DFC0FCC5B8EB4F1FB812,히스이 블레이범 V,BS2022004047,PRD_B6A92B9A3823440F8F49,028/067,RR,KO,POKEMON,swsh9a_ja-28,swsh10-53
CRD_DFCF50A9D81E409E9EB8,그란돈 EX,BS2015001073,PRD_F918066FC0EA4F6B9C99,073/070,SR,KO,POKEMON,xy5g_ja-73,xy5-150
CRD_DFD10196385043FBAE04,누리레느 GX,BS2017003016,PRD_8E7CED8394594453A32D,016/051,RR,KO,POKEMON,sm1p_ja-16,sm1-42
CRD_DFDF0BC26A204FDE9CDC,님피아 GX,BS2017003057,PRD_8E7CED8394594453A32D,057/051,SR,KO,POKEMON,sm1p_ja-57,sm2-140
CRD_FC6DF7AE850749B381FE,꼬시레,BS2019002164,PRD_F0B2C76547E5479F8E65,164/150,S,KO,POKEMON,sm8b_ja-164,sma-SV4
CRD_E0218102B7A74B0FBB22,피아나,BS2018005059,PRD_6FAC8D9AE7E9486E91BC,059/053,SR,KO,TRAINER,sm6a_ja-59,sm75-70
CRD_E0CDED654814435D8051,에블리,BS2024005078,PRD_B8A7BADF7613420288AC,078/071,AR,KO,POKEMON,sv5m_ja-78,sv5-172
CRD_E14A48ED116544BFB915,모르페코 VMAX,,PRD_FC1A7B5927A44298A2A2,069/060,HR,KO,POKEMON,swsh1h_ja-69,swsh1-204
CRD_DFE572539BEC48CCB019,오리진 디아루가 V,BS2022007074,PRD_A34AF524E977421D94D7,074/067,SR,KO,POKEMON,swsh10d_ja-74,swshp-SWSH255
CRD_E0F3C75EE01E479C9004,왕자리,BS2025005064,PRD_66A71505B24242AD9875,064/063,AR,KO,POKEMON,sv9a_ja-64,sv10-183
CRD_E02E2D38E06C4D3AACF4,라플레시아 GX,BS2019015062,PRD_FDF989679F15435DB74E,062/049,SR,KO,POKEMON,sm11b_ja-62,sm12-211
CRD_E0B7B2CAE21042C6B89C,도희,BS2019003062,PRD_B4B304E3BD094584B09E,062/055,SR,KO,TRAINER,sm9a_ja-62,sm10-210
CRD_E0C0B777B17C4CE3A691,둥실라이드,BS2024001261,PRD_219AD0EF77CA4165AD0F,261/190,S,KO,POKEMON,sv4a_ja-261,sv4pt5-156
CRD_E0504F647D66433CB038,비퀸 ex,BS2023015051,PRD_C017B01380CF490A9480,051/108,RR,KO,POKEMON,sv3_ja-51,sv3-96
CRD_E07E47F969DF425B88E9,골비람,BS2025007128,PRD_D52A4B350D2344119847,128/086,AR,KO,POKEMON,sv11b_ja-128,zsv10pt5-122
CRD_E09FFF926F714D9E8A49,리피아 VSTAR,BS2023001012,PRD_B4F8E0D2E2414F1DBC9B,012/172,RRR,KO,POKEMON,swsh12a_ja-12,swsh12pt5-14
CRD_E0F313BE00484CB282A2,오거폰 화덕의 가면 ex,BS2024008022,PRD_980F0BFCCDBB47558BFA,022/101,RR,KO,POKEMON,sv6_ja-22,sv6-40
CRD_E0FCA833B512419795E3,할비롱,BS2024005083,PRD_B8A7BADF7613420288AC,083/071,AR,KO,POKEMON,sv5m_ja-83,sv5-184
CRD_E0FD9A9CCE8C43758447,코라이돈 ex,BS2026001425,PRD_6F0F228947EF48919808,425/742,RR,KO,POKEMON,NO_JP,me2pt5-121
CRD_E10B1FAB841247CA967B,네리네,BS2024019227,PRD_D26383A636BE42F09D6B,227/187,SAR,KO,TRAINER,sv8a_ja-232,sv8pt5-170
CRD_E13F6EAA1F7541A9841D,M거북왕 EX,BS2014501015,PRD_9977B6F18CD34810B58A,015/060,RR,KO,POKEMON,xy1y_ja-15,xy1-30
CRD_E1885E2AE59048FFA835,파비코리 EX,BS2016020086,PRD_218CE0DABAD1493786DF,086/078,SR,KO,POKEMON,xy10_ja-86,xy10-123
CRD_E17AC037337F480F9F4D,에브이&테오키스 GX,BS2019017176,PRD_C50AF6B22D9843F5B112,176/173,SR,KO,POKEMON,sm12a_ja-176,NO_EN
CRD_E2BB1FFF8563469E809D,큐레무 VMAX,BS2022014116,PRD_D85C098E2C3449848167,117/100,HR,KO,POKEMON,swsh11_ja-117,swsh11-197
CRD_E1816DF5DFB04C90965B,동탁군,BS2022001208,PRD_767E549F894445C98D52,208/184,CHR,KO,POKEMON,swsh8b_ja-208,swsh10tg-TG11
CRD_E1953E99F0A344F5ACBE,로켓단의 레트라,BS2025006108,PRD_FA31487748A24EAF9EE3,108/098,AR,KO,POKEMON,sv10_ja-108,sv10-202
CRD_E199C322E0DF4D0A881B,무쇠손 ex,BS2023022079,PRD_245223BF212C456385F3,079/066,SR,KO,POKEMON,sv4m_ja-79,sv4-223
CRD_E1A0B45DD087457B9796,로켓단의 니드킹 ex,BS2025006126,PRD_FA31487748A24EAF9EE3,126/098,SAR,KO,POKEMON,sv10_ja-126,sv10-233
CRD_E1A820C6EE18441B99E2,연격 우라오스 VMAX,BS2022001095,PRD_767E549F894445C98D52,095/184,RRR,KO,POKEMON,swsh8b_ja-95,swsh5-88
CRD_E1D8518B742042F6B3BB,솔가레오 GX,BS2017001063,PRD_498EC017052748FA9B3C,063/060,SR,KO,POKEMON,sm1s_ja-63,sm1-143
CRD_E1E6E75117094118B157,케르디오 GX,BS2019017036,PRD_C50AF6B22D9843F5B112,036/173,RR,KO,POKEMON,sm12a_ja-36,sm11-47
CRD_E22C2110EB8743EFA3E1,팔데아의 학생,BS2024001346,PRD_219AD0EF77CA4165AD0F,346/190,SR,KO,TRAINER,sv4a_ja-346,sv4pt5-231
CRD_E2301D1F50D64882BF93,타로,BS2024019231,PRD_D26383A636BE42F09D6B,231/187,SAR,KO,TRAINER,sv8a_ja-231,sv8pt5-175
CRD_E2324AA3478B4F09A915,위유이 ex,BS2023012016,PRD_66FB8C2B312E46E081B1,016/071,RR,KO,POKEMON,sv2d_ja-16,sv2-40
CRD_E26D2432BB194094A890,토게피&삐&푸푸린 GX,BS2019017186,PRD_C50AF6B22D9843F5B112,186/173,SR,KO,POKEMON,sm12a_ja-186,sm12-143a
CRD_E27171EB9F484C6AA129,조로아크 GX,BS2019002070,PRD_F0B2C76547E5479F8E65,070/150,RR,KO,POKEMON,sm8b_ja-70,sm35-53
CRD_BE82877EE7B04D848D1B,망나뇽 GX,BS2018005028,PRD_6FAC8D9AE7E9486E91BC,028/053,RR,KO,POKEMON,sm6a_ja-28,sm75-37
CRD_E332BE039B64482B83AD,M샤크니아 EX,BS201707178,PRD_87A114BC5BF44CB19C97,178/171,RR,KO,POKEMON,xy_ja-178,xyp-XY200a
CRD_E35983B2ADA24AC889C1,찬석의 활기,BS2022007078,PRD_A34AF524E977421D94D7,078/067,SR,KO,TRAINER,swsh10d_ja-77,swsh10-181
CRD_E393141F815D413DA629,루주라,BS2022016071,PRD_0C8B6847314E495B9C8E,071/068,CHR,KO,POKEMON,swsh11a_ja-71,swsh12tg-TG04
CRD_E2C122D990CA490FAF7E,억새,BS2022011135,PRD_554AB5D7D5A440D0AA2A,086/071,SR,KO,TRAINER,swsh10a_ja-85,swsh11-192
CRD_E3C661DEECDE4AF6AB74,심향의 칠색조 ex,BS2025005077,PRD_66A71505B24242AD9875,077/063,SR,KO,POKEMON,sv9a_ja-77,sv10-209
CRD_AE2BFD3AB7764907BA33,악식킹 GX,BS2017012033,PRD_B9ABCB229FAD45509D71,033/050,RR,KO,POKEMON,sm4a_ja-33,sm4-63
CRD_E2D10B6BD1CB4538A46D,니드킹 BREAK,BS2016009046,PRD_E8E7DDCB3A754A04BC5A,046/100,RR,KO,POKEMON,cp6_ja-44,xy12-46
CRD_E385CD17340F406F8B5F,형사구스,BS2025009075,PRD_488E92535E424D04B2B5,075/063,AR,KO,POKEMON,m1l_ja-75,me1-153
CRD_E30CB17C7E4749BD9111,오거폰 우물의 가면 ex,BS2024019208,PRD_D26383A636BE42F09D6B,208/187,SAR,KO,POKEMON,sv8a_ja-208,sv8pt5-152
CRD_E3686CE5DF604BB1A1AB,블래키 VMAX,BS2022001101,PRD_767E549F894445C98D52,101/184,RRR,KO,POKEMON,swsh8b_ja-101,swsh7-95
CRD_E3928DC52944458BBFCE,리자몽 ex,BS2024001349,PRD_219AD0EF77CA4165AD0F,349/190,SAR,KO,POKEMON,sv4a_ja-349,sv4pt5-234
CRD_E3AC52EB71E245EEA841,헬가 EX,BS2015007009,PRD_1B1F4A770E5A4B92896A,009/059,RR,KO,POKEMON,xy8r_ja-9,xy8-21
CRD_E410D811910849CDAFFA,크로뱃 V,BS2020016108,PRD_595A32AA23664B6ABD92,108/190,RR,KO,POKEMON,swsh4a_ja-108,swsh45-44
CRD_E4C1A15E591E42F1AB64,위유이 ex,BS2023012085,PRD_66FB8C2B312E46E081B1,085/071,SR,KO,POKEMON,sv2d_ja-85,sv2-234
CRD_E435A503560845A4897E,칼라마네로 VMAX,BS2020005071,PRD_E4286779F3FF4A8DA34F,071/096,RRR,KO,POKEMON,swsh2_ja-71,swsh2-122
CRD_E4EBDAAC420B49DFB73D,비크티니,SVP000000203,PRD_2EBDE7E471A247549CCD,,PR,KO,POKEMON,svp_ja-271,svp-208
CRD_E4BD8403FAAC4DE5A8FE,히드런 VMAX,BS2022008080,PRD_7DF9CF9792C3451BBA08,080/067,HR,KO,POKEMON,swsh10p_ja-80,swsh10-191
CRD_E575B2AE33B442F687B3,목호,BS2022017112,PRD_75DAB61BCF5342C38563,112/098,SR,KO,TRAINER,swsh12_ja-114,swsh12-192
CRD_E42CBCBC0D104814A10B,더스트나 V,BS2021008072,PRD_BCB8045CC957488BB992,072/067,SR,KO,POKEMON,swsh7d_ja-72,swsh7-190
CRD_E4D0E0A32E434B4396AD,박사의 연구(매그놀리아박사),,PRD_7CCB63858C7E43A287F2,071/060,HR,KO,TRAINER,swsh1w_ja-71,swsh1-209
CRD_500998CEAE8F48BE9DA0,큐레무 ex,BS2025007168,PRD_D52A4B350D2344119847,168/086,SAR,KO,POKEMON,sv11b_ja-168,zsv10pt5-165
CRD_E55586307A664832B969,음번 ex,BS2023012089,PRD_66FB8C2B312E46E081B1,089/071,SR,KO,POKEMON,sv2d_ja-89,sv2-246
CRD_E4211A929E7B46D59F1D,윤겔라,BS2024001254,PRD_219AD0EF77CA4165AD0F,254/190,S,KO,POKEMON,sv4a_ja-254,sv4pt5-149
CRD_E54D728D4E4B4DE8A640,카푸꼬꼬꼭 ex,BS2023020019,PRD_B7309AB1FDF64E4EA6B1,019/062,RR,KO,POKEMON,sv3a_ja-19,sv4-68
CRD_E477534743004D15A397,진주몽,BS2025006102,PRD_FA31487748A24EAF9EE3,102/098,AR,KO,POKEMON,sv10_ja-102,sv10-195
CRD_E500DF40158C4A7EA42A,꼴깍몬,BS2024012112,PRD_3C9C174C842D499D9A02,112/102,AR,KO,POKEMON,sv7_ja-112,sv7-154
CRD_E489FF5E6B654755AC1B,치라미,BS2025007157,PRD_D52A4B350D2344119847,157/086,AR,KO,POKEMON,sv11b_ja-157,zsv10pt5-152
CRD_E50466E481104F58984B,비파리온 GX,BS2017003055,PRD_8E7CED8394594453A32D,055/051,SR,KO,POKEMON,sm1p_ja-55,sm2-134
CRD_E506A487DE8C45099602,루가루암 V,BS2022003234,PRD_B2ACFB7F8D3D424D8D60,234/414,RR,KO,POKEMON,swsh7d_ja-24,swsh7-91
CRD_E5592716F10843B68C39,다크라이(프리즘스타),BS2019017077,PRD_C50AF6B22D9843F5B112,077/173,PR,KO,POKEMON,sm12a_ja-77,sm5-77
CRD_E57DB3482F514CE09A11,자시안 V,BS2022001250,PRD_767E549F894445C98D52,250/184,CSR,KO,POKEMON,swsh8b_ja-250,swsh10tg-TG21
CRD_E5C703C11C0E4FC2AA91,뮤,BS2023001183,PRD_B4F8E0D2E2414F1DBC9B,183/172,AR,KO,POKEMON,swshp_ja-502,swsh12pt5gg-GG10
CRD_E5D836B0FC0D43E289F9,델빌,BS2023015115,PRD_C017B01380CF490A9480,115/108,AR,KO,POKEMON,sv3_ja-115,sv3-204
CRD_E624293C3C374000B9C3,블래키 ex,SVP000000143,PRD_D130DAEC476F4455978F,,PR,KO,POKEMON,NO_JP,svp-176
CRD_E6B55319FE274485AB2C,테라파고스 ex,BS2024019237,PRD_D26383A636BE42F09D6B,237/187,UR,KO,POKEMON,sv8a_ja-237,sv8pt5-180
CRD_E736F5863DF84C0B836A,무쇠바퀴 ex,BS2024001333,PRD_219AD0EF77CA4165AD0F,333/190,SSR,KO,POKEMON,sv4a_ja-333,svp-73
CRD_E6B830D04BBE49598E61,제라오라 VSTAR,BS2023001042,PRD_B4F8E0D2E2414F1DBC9B,042/172,RRR,KO,POKEMON,swsh12a_ja-42,swsh12pt5-55
CRD_93050ED08EF24E91A1CA,흥나숭,BS2020016203,PRD_595A32AA23664B6ABD92,203/190,S,KO,POKEMON,swsh4a_ja-203,swsh45sv-SV004
CRD_E5EA343F391542008AAD,헤라크로스 EX,BS2014003097,PRD_48B06855BF394BE69706,097/096,SR,KO,POKEMON,xy3_ja-97,xy3-105
CRD_4E35CE088AB142C69436D3D5EB25F6E7,카르본,BS2025014083,PRD_DD94FB8DCB7C4A129478,083/080,AR,KO,POKEMON,m2_ja-83,mep-22
CRD_E604CAA8F82C48FB8EDF,사마자르 V,BS2022008040,PRD_7DF9CF9792C3451BBA08,040/067,RR,KO,POKEMON,swsh10p_ja-40,swsh10-87
CRD_E623C3E3D8334A58BE38,대도각참,BS2023006089,PRD_ED1CAC91B03F4EAD86F7,089/078,AR,KO,POKEMON,sv1s_ja-89,sv1-220
CRD_E63A3661A70B481E984A,라티오스 EX,BS2013002054,PRD_D2B25BD104C94F7CA1E1,054/051,SR,KO,POKEMON,bw8s_ja-54,bw9-113
CRD_E68B9BE86070484B96AE,가라르 날쌩마 V,BS2021004075,PRD_83E04A9A71A74A88AB44,075/070,SR,KO,POKEMON,swsh6h_ja-75,swsh6-168
CRD_E6931B5F136B4A32907D,케르디오 ex,BS2026001205,PRD_6F0F228947EF48919808,205/742,RR,KO,POKEMON,sv11w_ja-27,rsv10pt5-30
CRD_E6D7C7AE46B14C2281ED,아고용&악식킹 GX,BS2019016101,PRD_26B8AEB977614902B314,101/095,SR,KO,POKEMON,sm12_ja-101,sm12-223
CRD_E71149545CE345E28C39,요가램 ex,BS2026001370,PRD_6F0F228947EF48919808,370/742,RR,KO,POKEMON,sv7_ja-54,sv7-80
CRD_E72D415657964CCC8728,크세로시키의 속셈,BS2024011086,PRD_7293190A22224C0598D5,086/064,SR,KO,TRAINER,sv6a_ja-86,sv6pt5-89
CRD_E7395C5E013648CCB64B,땅을기는날개,BS2023021074,PRD_8E32996A2E964C128DBF,074/066,AR,KO,POKEMON,sv4k_ja-74,sv4-203
CRD_E752F21DDE8C47718A45,포플러,BS2020012085,PRD_0A7EE93DE4014CF7A4B6,085/076,SR,KO,TRAINER,swsh3a_ja-85,swsh4-184
CRD_E7FBED3E79AE4C2C829E,전룡 V,BS2020012078,PRD_FE54F67A9C114773A9CD,078/076,SR,KO,POKEMON,swsh3a_ja-78,swsh4-171
CRD_E7613911A4194A1BB1CF,클라벨,BS2023010095,PRD_FC339076828C45ED9BA0,095/073,SR,KO,TRAINER,sv1a_ja-93,sv2-249
CRD_E7E9F14138BB48D8A18A,마나피,BS2023001178,PRD_B4F8E0D2E2414F1DBC9B,178/172,AR,KO,POKEMON,swsh12a_ja-178,swsh12pt5gg-GG06
CRD_E79D379B22204F5A8CB8,마임맨,BS2023014179,PRD_DAB43E31433041FC942F,179/165,AR,KO,POKEMON,sv2a_ja-179,sv3pt5-179
CRD_E75C01B1AA4F453B9553,가디안 EX,BS2015002050,PRD_1E0575E3D10E43ACBECB,050/070,RR,KO,POKEMON,xy5t_ja-50,xy5-105
CRD_E7A9269390E346AA93B3,플라이곤 GX,BS2019016044,PRD_26B8AEB977614902B314,044/095,RR,KO,POKEMON,sm12_ja-44,sm12-110
CRD_1507A5C6549C48B1936B,마스카나 ex,BS2023010086,PRD_FC339076828C45ED9BA0,086/073,SR,KO,POKEMON,sv1a_ja-86,sv2-231
CRD_E7D432CCBEF747E0BD9A,알로라딱구리 GX,BS2017011018,PRD_308E1F33050B4777988E,018/050,RR,KO,POKEMON,sm4s_ja-18,sm4-34
CRD_E770C792A1574872A1A8,화강돌,BS2022011125,PRD_554AB5D7D5A440D0AA2A,076/071,CHR,KO,POKEMON,swsh10a_ja-76,swsh11tg-TG09
CRD_E7759AA33E7B4CA9AE03,피카츄 VMAX,BS2020014031,PRD_32C23D5FA71F45ADB572,031/100,RRR,KO,POKEMON,swsh4_ja-31,swsh4-44
CRD_E775D88E4E3048DFB1F1,아로마 아가씨,BS2021007087,PRD_BD7FA21EB0B4407086A0,087/069,SR,KO,TRAINER,swsh6a_ja-86,swsh7-199
CRD_E778C735BD9241BE810D,액슨도,BS2025007151,PRD_D52A4B350D2344119847,151/086,AR,KO,POKEMON,sv11b_ja-151,zsv10pt5-146
CRD_E77C9D8E174B4348BB30,두랄루돈 V,BS2021008076,PRD_BCB8045CC957488BB992,076/067,SR,KO,POKEMON,swsh7d_ja-76,swsh7-198
CRD_E81D96E28ECE484B9F6F,두파팡 GX,BS2018010023,PRD_6066B79FCD694BDCBF82,023/095,RR,KO,POKEMON,sm8_ja-23,sm8-52
CRD_E8813064F21A409D8BEF,탱그릴,BS2025008124,PRD_53034524E98C4FE8BF8D,124/086,AR,KO,POKEMON,sv11w_ja-124,rsv10pt5-126
CRD_E853F7CFC656494D9757,작업원,BS2022017114,PRD_75DAB61BCF5342C38563,114/098,SR,KO,TRAINER,swsh12_ja-111,swsh12-195
CRD_CFE73FBE9D9E4EB0A6BA,스트린더 ex,BS2023022081,PRD_245223BF212C456385F3,081/066,SR,KO,POKEMON,sv4m_ja-81,sv4-227
CRD_E930F6192B8A47DA8248,카푸브루루 GX,BS2017007050,PRD_8A0B1007C3C94557BB73,050/049,SR,KO,POKEMON,sm2p_ja-50,sm3-130
CRD_E8ACEC3851F54A53AEF7,케르디오 GX,BS2019011057,PRD_3E9DB59EE4A3494BAC2C,057/054,SR,KO,POKEMON,sm10b_ja-57,sm11-219
CRD_E8C26AA9E84C4C10AF9B,날쌩마,BS2025005069,PRD_66A71505B24242AD9875,069/063,AR,KO,POKEMON,sv9a_ja-69,sv10-189
CRD_E8C45BEBEA1E4589A70E,두르쿤,BS2025008088,PRD_53034524E98C4FE8BF8D,088/086,AR,KO,POKEMON,sv11w_ja-88,rsv10pt5-88
CRD_56347219393547F19FCB,레지드래고 VSTAR,BS2022017117,PRD_75DAB61BCF5342C38563,117/098,HR,KO,POKEMON,swsh12_ja-117,swsh12-201
CRD_E8D78BF9E79942FD96A4,전목,BS2022004135,PRD_B6A92B9A3823440F8F49,090/067,HR,KO,TRAINER,swsh9a_ja-90,swsh10-205
CRD_E8F5B14A895540C6860E,제르네아스(프리즘스타),BS2018009033,PRD_D59FE8DA38A0461A8AB8,033/050,PR,KO,POKEMON,sm7b_ja-33,sm8-144
CRD_E87E061502334A9C87ED,지라치(프리즘스타),BS2018007057,PRD_D2E62F137D9A44ACBEBC,057/096,PR,KO,POKEMON,sm7_ja-57,sm7-97
CRD_96E94DE3D95545C5ADE7,푸크린,BS2024001252,PRD_219AD0EF77CA4165AD0F,252/190,S,KO,POKEMON,sv4a_ja-252,sv4pt5-147
CRD_E89AEB260280462CBB85,짜랑고우거 GX,SMP000000101,PRD_53E40A5426654734B2E9,076/SM-P,SM-P,KO,POKEMON,NO_JP,smp-SM71
CRD_E942132314EF46888CF0,프리져 GX,BS2018006014,PRD_151FCDB5743444E7A349,014/066,RR,KO,POKEMON,sm6b_ja-14,sm7-31
CRD_E95B8B1938F2446E81DD,기라티나 VSTAR,BS2023001261,PRD_B4F8E0D2E2414F1DBC9B,261/172,UR,KO,POKEMON,swsh12a_ja-261,swsh12pt5gg-GG69
CRD_E977782F22B64633B5B6,데덴네 GX,BS2019017048,PRD_C50AF6B22D9843F5B112,048/173,RR,KO,POKEMON,sm12a_ja-48,sm10-57
CRD_E9757BBCE7C34C4E8BF8,브리가론 V,BS2022017009,PRD_75DAB61BCF5342C38563,009/098,RR,KO,POKEMON,swsh12_ja-9,swsh12-15
CRD_E9ED1194D08E47B8B587,오리진 펄기아 VSTAR,BS2022008086,PRD_7DF9CF9792C3451BBA08,086/067,UR,KO,POKEMON,swsh10p_ja-86,swsh10-208
CRD_EA1B94320A2645EFB446,아가씨,,PRD_FE54F67A9C114773A9CD,089/076,HR,KO,TRAINER,swsh3a_ja-89,swsh4-194
CRD_EA3CF1FA1069431480A0,규리의 눈빛,BS2024017127,PRD_0CC50B878F5F40BAA824,127/106,SR,KO,TRAINER,sv8_ja-129,sv8-233
CRD_E9D3C1D6A844432A836F,모래털가죽 ex,BS2023021089,PRD_8E32996A2E964C128DBF,089/066,SAR,KO,POKEMON,sv4k_ja-89,sv4-250
CRD_9A44D06692124A76B84D,크로뱃 V,BS2020011053,PRD_91D480C53D3248F79831,053/100,RR,KO,POKEMON,swsh3_ja-53,swsh3-104
CRD_E9A8685418094D9BB850,야적 세 자매,BS2022011134,PRD_554AB5D7D5A440D0AA2A,085/071,SR,KO,TRAINER,swsh10a_ja-87,swsh11-194
CRD_E9A371AEF72043A7881F,M핫삼 EX,BS2016001087,PRD_52E8B395613649EDA22B,087/080,SR,KO,POKEMON,xy9_ja-87,xy9-120
CRD_EA083C360F684B138684,알로라나인테일 GX,BS2017004052,PRD_580510CA86824BE7B26B,052/050,SR,KO,POKEMON,sm2k_ja-52,sm2-132
CRD_E9E4D67784014F98A95D,빼미스로우,BS2019002163,PRD_F0B2C76547E5479F8E65,163/150,S,KO,POKEMON,sm8b_ja-163,sma-SV3
CRD_E9ED6DA4BDD449AB99F2,나옹 ex,BS2026002100,PRD_B269D7FE35F74921BDB2,100/080,SR,KO,TRAINER,m3_ja-100,me3-107
CRD_EA4685C2802E4DCCB4EF,도나리 GX,BS2019003056,PRD_B4B304E3BD094584B09E,056/055,SR,KO,POKEMON,sm9a_ja-56,sm10-193
CRD_EA5F6C24062E430A8964,마라카치,BS2025001101,PRD_EC14FE47676E4D529FD0,101/100,AR,KO,POKEMON,sv9_ja-101,sv9-160
CRD_EA0059F230D4B436EAE5B890AB606333,판쵸 피카츄 (리자몽 Y),208/XY-P,JP_PROMO_EXCLUSIVE,208/XY-P,PR,JP,POKEMON,xyp_ja-208,
CRD_B08CE2F4339B49479056,가디안 ex,BS2024001082,PRD_219AD0EF77CA4165AD0F,082/190,RR,KO,POKEMON,sv4a_ja-82,sv4pt5-29
CRD_EA905CA3CB62491A8008,오거폰 화덕의 가면 ex,BS2024008126,PRD_980F0BFCCDBB47558BFA,126/101,SAR,KO,POKEMON,sv6_ja-126,sv6-212
CRD_EACBE2D928F948BD8911,마피티프,BS2023007088,PRD_5AD4DD681C694EAC8DDA,088/078,AR,KO,POKEMON,sv1v_ja-88,sv1-218
CRD_EB501A4CDBF645CBA027,비크티니 VMAX,,PRD_AD7B5C4F802F4D64BE90,082/070,HR,KO,POKEMON,swsh5r_ja-82,swsh5-165
CRD_EA7AEBBE89AB4A4A8E52,리피아 VMAX,,PRD_BD7FA21EB0B4407086A0,089/069,HR,KO,POKEMON,swsh6a_ja-89,swsh7-205
CRD_EA7A6952A04B47458EA9,고릴타 VMAX,BS2020016010,PRD_595A32AA23664B6ABD92,010/190,RRR,KO,POKEMON,swsh4a_ja-10,swsh2-18
CRD_EB0B165D0A7148E4ABE6,네크로즈마 새벽의 날개 GX,BS2018002033,PRD_F201E3D7E4F640C7847E,033/066,RR,KO,POKEMON,sm5m_ja-33,sm5-63
CRD_EB1A8BB5303F41F8BA2A,프테라 V,BS2022014056,PRD_D85C098E2C3449848167,056/100,RR,KO,POKEMON,swsh11_ja-56,swsh11-92
CRD_EB3221AC11114113A24A,라우드본 ex,BS2024001324,PRD_219AD0EF77CA4165AD0F,324/190,SSR,KO,POKEMON,sv4a_ja-324,svp-81
CRD_EB69DF756D1A4E6F94D1,스이쿤 V,BS2021011001,PRD_BCB8045CC957488BB992,001/067,RR,KO,POKEMON,swsh7d_ja-1,swsh7-31
CRD_EB7841DA056B401A80EC,바라철록,BS2025008092,PRD_53034524E98C4FE8BF8D,092/086,AR,KO,POKEMON,sv11w_ja-92,rsv10pt5-92
CRD_EB793D839B1B4D889867,가디안 GX,BS2017009038,PRD_CF155EC649AE400EB0D1,038/051,RR,KO,POKEMON,sm3n_ja-38,sm3-93
CRD_EB7BA018582548A78372,페로코체&매시붕 GX,BS2019005056,PRD_F47B27397A4F495BA9FE,056/054,SR,KO,POKEMON,sm9b_ja-56,sm10-192
CRD_EBB9B2B17E4B4CE2B894,단단지 GX,BS2018010096,PRD_6066B79FCD694BDCBF82,096/095,SR,KO,POKEMON,sm8_ja-96,sm8-195
CRD_EBD42C41C2234325941E,무쇠무인 ex,BS2023022089,PRD_245223BF212C456385F3,089/066,SAR,KO,POKEMON,sv4m_ja-89,sv4-249
CRD_EC410684A6FD4E888271,뮤츠 V,BS2022010074,PRD_FEBA8CBAF36B40D9850F,074/071,SR,KO,POKEMON,swsh10b_ja-74,pgo-72
CRD_EBCFDCA7F49A46F69C45,주리비얀,BS2025007087,PRD_D52A4B350D2344119847,087/086,AR,KO,POKEMON,sv11b_ja-87,zsv10pt5-87
CRD_EBE8945758B043ACB73E,사다이사 V,BS2020004075,PRD_D785A25B9DFD4C32AE7C,075/070,SR,KO,POKEMON,swsh1a_ja-75,swsh2-184
CRD_B2E952D4AF8A4AED8F98,스트린더 V,BS2020005036,PRD_E4286779F3FF4A8DA34F,036/096,RR,KO,POKEMON,swsh2_ja-36,swsh2-70
CRD_79DAA61E0E0E4DB6B833,토네로스 VMAX,,PRD_83E04A9A71A74A88AB44,087/070,HR,KO,POKEMON,swsh6h_ja-87,swsh6-209
CRD_EBB3E239BB7D4066A689,맘복치,BS2025007112,PRD_D52A4B350D2344119847,112/086,AR,KO,POKEMON,sv11b_ja-112,zsv10pt5-108
CRD_EB9C07F79DA046F0824B,가디안 EX,BS2016007056,PRD_83AFAF718E5E44349857,056/054,SR,KO,POKEMON,xy11c_ja-56,xy11-111
CRD_EC62C637F8664F9692A4,드라꼰,BS2025015211,PRD_90A8D5BDA5664CEF9F48,211/193,AR,KO,POKEMON,m2a_ja-211,me2pt5-247
CRD_EBD05116E1CE442AAF4E,피죤투 ex,BS2023015136,PRD_C017B01380CF490A9480,136/108,SAR,KO,POKEMON,sv3_ja-136,sv3-225
CRD_9D5269AF1A2A42B4A293,랄토스,BS2019002194,PRD_F0B2C76547E5479F8E65,194/150,S,KO,POKEMON,sm8b_ja-194,sma-SV34
CRD_EC2A05A657CA48619633,칠색조 GX,BS2017013013,PRD_5DB928790C7E449C8459,013/114,RR,KO,POKEMON,sm4p_ja-13,sm3-21
CRD_EB8762CB36174FA7BC0F,갈모매,BS2024001311,PRD_219AD0EF77CA4165AD0F,311/190,S,KO,POKEMON,sv4a_ja-311,sv4pt5-203
CRD_EC412671D4E6458C9C17,자시안 V,BS2023001067,PRD_B4F8E0D2E2414F1DBC9B,067/172,RR,KO,POKEMON,swsh12a_ja-67,cel25-16
CRD_EDEB10E56C1B4F3F8691,야나프,BS2025007089,PRD_D52A4B350D2344119847,089/086,AR,KO,POKEMON,sv11b_ja-89,zsv10pt5-89
CRD_EE3B2C43337E4C148163,드라세나,BS2024016083,PRD_3FAB90CDEC7C43B6A8DF,083/064,SR,KO,TRAINER,sv7a_ja-85,sv8-231
CRD_EC86C750F0BF4F198ECA,눈여아 ex,BS2023020001,PRD_B7309AB1FDF64E4EA6B1,001/062,RR,KO,POKEMON,sv3a_ja-1,sv4-3
CRD_EDB2D7BB9EB141A49767,페로코체,BS2019002165,PRD_F0B2C76547E5479F8E65,165/150,S,KO,POKEMON,sm8b_ja-165,sma-SV5
CRD_EC8BBD7D28E54F38BB67,M뮤츠 EX,BS201707043,PRD_87A114BC5BF44CB19C97,043/171,RR,KO,POKEMON,xy8r_ja-28,xy8-64
CRD_ECCF09117F0E4F4BBCF1,히스이 조로아크 VSTAR,BS2023001234,PRD_B4F8E0D2E2414F1DBC9B,234/172,SAR,KO,POKEMON,swsh12a_ja-234,swsh12pt5gg-GG56
CRD_ECE7FABDE832461FA694,M팬텀 EX,BS2016004049,PRD_F4FEB5AEAFD341BE97EA,049/131,RR,KO,POKEMON,xy4_ja-34,xy4-35
CRD_ECF4D706A0EC47988C66,글라디오,BS2017011055,PRD_308E1F33050B4777988E,055/050,SR,KO,TRAINER,sm4s_ja-55,sm4-109
CRD_ECFFCF9519AB47AC8F10,파비코리,BS2022016074,PRD_0C8B6847314E495B9C8E,074/068,CHR,KO,POKEMON,swsh11a_ja-74,swsh12tg-TG11
CRD_ED8BDC8A7A604D6886A4,꾸왁스,BS2023010081,PRD_FC339076828C45ED9BA0,081/073,AR,KO,POKEMON,sv1a_ja-81,sv2-206
CRD_3DB28C7FE7014FECAA07,의사,,PRD_83E04A9A71A74A88AB44,089/070,HR,KO,TRAINER,swsh6h_ja-89,swsh6-214
CRD_ED93EAA08A3044DEADE1,제라오라 V,BS2022001224,PRD_767E549F894445C98D52,224/184,CSR,KO,POKEMON,swsh8b_ja-224,swsh12tg-TG16
CRD_EE2EA1C36FA84838903C,금랑,BS2023001235,PRD_B4F8E0D2E2414F1DBC9B,235/172,SAR,KO,TRAINER,swsh12a_ja-237,swsh12pt5gg-GG65
CRD_EE3C7F73629F436FA9B6,비주기의 추방,BS2019007106,PRD_BDAF39161DD0442B99F6,106/095,SR,KO,TRAINER,sm10_ja-105,sm115-67
CRD_EE9DBDB6BFC24FC08B14,묘두기,BS2025010073,PRD_86C30C87F04C465BA58C,073/063,AR,KO,POKEMON,m1s_ja-73,me1-145
CRD_EED352CAE96C4D95B2C9,개굴닌자 GX,BS2018004095,PRD_3FDB16A819514C3C85B3,095/094,SR,KO,POKEMON,sm6_ja-95,sm6-120
CRD_EF1580E2B034449EBA2F,고오스,BS2024004080,PRD_171222A74859484783EB,080/071,AR,KO,POKEMON,sv5k_ja-80,sv5-177
CRD_EEFAD8CB8F514886AAEF,사구아로,BS2023012096,PRD_66FB8C2B312E46E081B1,096/071,SAR,KO,TRAINER,sv2d_ja-95,sv2-270
CRD_EE75B6D586D64FF6980F,파오젠 ex,BS2024001357,PRD_219AD0EF77CA4165AD0F,357/190,UR,KO,POKEMON,sv4a_ja-357,sv4pt5-242
CRD_ABA7DEE8174B496492CB,펄스멍,BS2020016239,PRD_595A32AA23664B6ABD92,239/190,S,KO,POKEMON,swsh4a_ja-239,swsh45sv-SV040
CRD_EEB4000CF829493595C7,아케오스,BS2025008130,PRD_53034524E98C4FE8BF8D,130/086,AR,KO,POKEMON,sv11w_ja-130,rsv10pt5-132
CRD_EEC58A640DC4464EAF59,이야후 ex,BS2024019103,PRD_D26383A636BE42F09D6B,103/187,RR,KO,POKEMON,sv8a_ja-103,sv6pt5-37
CRD_EECF74BA4EA14E1AAA42,에써르 V,BS2020003025,PRD_FC1A7B5927A44298A2A2,025/060,RR,KO,POKEMON,swsh1h_ja-25,swsh1-91
CRD_EED41E4D3D804537A93A,바오키 VSTAR,BS2023001021,PRD_B4F8E0D2E2414F1DBC9B,021/172,RRR,KO,POKEMON,swsh12a_ja-21,swsh12pt5-23
CRD_EF3512D636064758A7B4,메가개굴닌자 ex,BS2026003022,PRD_156BB71C4F5A41C39521,022/083,RR,KO,POKEMON,m4_ja-22,NO_EN
CRD_EF5C5CC933FE4D72BAF1,으랏차,BS2024008109,PRD_980F0BFCCDBB47558BFA,109/101,AR,KO,POKEMON,sv6_ja-109,sv6-183
CRD_EF91E183AFB348229113,성화,BS2022011133,PRD_554AB5D7D5A440D0AA2A,084/071,SR,KO,TRAINER,swsh10a_ja-86,swsh11-189
CRD_EF941452F94747E4BB8D,다크라이 EX,BS2016001055,PRD_52E8B395613649EDA22B,055/080,RR,KO,POKEMON,xy9_ja-55,xy9-74
CRD_EFA2913DDB894495B285,윽우지,BS2024007072,PRD_965FA5E5CD004C97AE74,072/066,AR,KO,POKEMON,sv5a_ja-72,sv6-176
CRD_EFAFD20CB50748A8B046,무장조,BS2024016073,PRD_3FAB90CDEC7C43B6A8DF,073/064,AR,KO,POKEMON,sv7a_ja-73,sv8-209
CRD_F059826D9F804C1B83A1,드래펄트 V,BS2020016317,PRD_595A32AA23664B6ABD92,317/190,SSR,KO,POKEMON,swsh4a_ja-317,swshp-SWSH096
CRD_F03763FBF2254275956B,M썬더볼트 EX,BS201707035,PRD_87A114BC5BF44CB19C97,035/171,RR,KO,POKEMON,xy4_ja-24,xy4-24
CRD_F0387563D342474298CC,샤미드 ex,BS2024019205,PRD_D26383A636BE42F09D6B,205/187,SAR,KO,POKEMON,sv8a_ja-205,sv8pt5-149
CRD_F059AEB6384A40B69CA8,만마드,BS2024004078,PRD_171222A74859484783EB,078/071,AR,KO,POKEMON,sv5k_ja-78,sv5-175
CRD_F02E1EB24B864CCCB328,아고용 GX,BS2019011034,PRD_3E9DB59EE4A3494BAC2C,034/054,RR,KO,POKEMON,sm10b_ja-34,sm11-160
CRD_EFC2C3BACC80463C9CF8,마빌크,BS2024012110,PRD_3C9C174C842D499D9A02,110/102,AR,KO,POKEMON,sv7_ja-110,sv7-152
CRD_F14BD93ACD694043B8B1,성호의 메타그로스 ex,BS2025015245,PRD_90A8D5BDA5664CEF9F48,245/193,SAR,KO,POKEMON,m2a_ja-245,me2pt5-289
CRD_EFFAAF3652A343819720,이슬&칸나,BS2019017198,PRD_C50AF6B22D9843F5B112,198/173,SR,KO,TRAINER,sm12a_ja-191,NO_EN
CRD_EFB6E86E4BF24527AD76,비파리온 V,BS2020010025,PRD_9C4063C50B5B45C09FF9,025/070,RR,KO,POKEMON,swsh2a_ja-25,swsh3-60
CRD_F04EAB8226244033828C,팔데아 토오 ex,BS2024001117,PRD_219AD0EF77CA4165AD0F,117/190,RR,KO,POKEMON,sv4a_ja-117,sv4pt5-59
CRD_EFEE7C6C9BA44AF98AF2,이상해꽃 EX,BS2016009001,PRD_E8E7DDCB3A754A04BC5A,001/100,RR,KO,POKEMON,cp6_ja-1,xy12-1
CRD_F0E60A047F1142A5AF30,위유이 ex,BS2023012092,PRD_66FB8C2B312E46E081B1,092/071,SAR,KO,POKEMON,sv2d_ja-92,sv2-259
CRD_ABF0EE72A9DD496393D1,스이쿤,BS2020016221,PRD_595A32AA23664B6ABD92,221/190,S,KO,POKEMON,swsh4a_ja-221,swsh45sv-SV022
CRD_AD8BBF65FE79434B9A17,꼬이밍고,BS2024001319,PRD_219AD0EF77CA4165AD0F,319/190,S,KO,POKEMON,sv4a_ja-319,sv4pt5-211
CRD_F16DED4EF2094676A83D,야청,BS2022001271,PRD_767E549F894445C98D52,271/184,SR,KO,TRAINER,swsh8b_ja-277,swsh11tg-TG27
CRD_F1A4D587B8EB4C4FB97A,어치르돈 V,BS2021005072,PRD_EACC12D2E1D547E3ACE6,072/070,SR,KO,POKEMON,swsh6k_ja-72,swsh7-176
CRD_F209CF50AD384B7A907F,눈꼬마,BS2025015200,PRD_90A8D5BDA5664CEF9F48,200/193,AR,KO,POKEMON,m2a_ja-200,me2pt5-227
CRD_F1A3157631DF446BA533,루가루암 ex,BS2023010050,PRD_FC339076828C45ED9BA0,050/073,RR,KO,POKEMON,sv1a_ja-50,sv2-117
CRD_F2744B20C8FD43B5BCDD,대로트 VMAX,,PRD_3AD5C945B465480BA36C,080/067,HR,KO,POKEMON,swsh7r_ja-80,swsh7-206
CRD_F24F4B7A40724DC2856C,대왕끼리동 VMAX,BS2020005076,PRD_E4286779F3FF4A8DA34F,076/096,RRR,KO,POKEMON,swsh2_ja-76,swsh2-137
CRD_F158AE0760914258A50D,쉐이미 VSTAR,BS2022002117,PRD_FA60964DC9AC4C999AC2,117/100,HR,KO,POKEMON,swsh9_ja-117,swsh9-173
CRD_F170955B3BE1433FA4C2,메리프,BS2023001209,PRD_B4F8E0D2E2414F1DBC9B,209/172,AR,KO,POKEMON,swsh12a_ja-209,swsh12pt5gg-GG34
CRD_F17E3DA3317A4B978E20,박사의 연구,BS2022010087,PRD_FEBA8CBAF36B40D9850F,087/071,HR,KO,TRAINER,swsh10b_ja-89,pgo-84
CRD_F1C11C21E33A42B397C1,세레비(프리즘스타),BS2018010015,PRD_6066B79FCD694BDCBF82,015/095,PR,KO,POKEMON,sm8_ja-15,sm8-19
CRD_F1CB7ED5CD064F76B004,M헬가 EX,BS2015007061,PRD_1B1F4A770E5A4B92896A,061/059,SR,KO,POKEMON,xy8r_ja-61,xy8-154
CRD_F1FD80B31AEA4EBCB6A4,카지,BS2024008130,PRD_980F0BFCCDBB47558BFA,130/101,SAR,KO,TRAINER,sv6_ja-129,sv6-218
CRD_F21447D57D74494F983B,순무,BS2020010077,PRD_9C4063C50B5B45C09FF9,077/070,SR,KO,TRAINER,swsh2a_ja-77,swsh3-186
CRD_F219617CBAE84E76BDFA,데스니칸 ex,BS2023021082,PRD_8E32996A2E964C128DBF,082/066,SR,KO,POKEMON,sv4k_ja-82,sv4-224
CRD_F21F17A22F0747FB9F82,아머까오 VMAX,BS2022001249,PRD_767E549F894445C98D52,249/184,CSR,KO,POKEMON,swsh8b_ja-249,swsh12tg-TG19
CRD_F231F0C3861143839BF7,가라르 나이킹 V,BS2022014108,PRD_D85C098E2C3449848167,109/100,SR,KO,POKEMON,swsh11_ja-109,swsh11-184
CRD_3AD11F4FC02E4D89B3FA,펄스멍 V,BS2020004074,PRD_D785A25B9DFD4C32AE7C,074/070,SR,KO,POKEMON,swsh1a_ja-74,swsh2-181
CRD_F2780FF8888D4EC99BCC,메가캥카 ex,BS2025010080,PRD_86C30C87F04C465BA58C,080/063,SR,KO,POKEMON,m1s_ja-80,me1-164
CRD_F28F173457F54FE4BE06,번치코,BS2025006101,PRD_FA31487748A24EAF9EE3,101/098,AR,KO,POKEMON,sv10_ja-101,sv10-192
CRD_F3810D112236407E9EE6,히스이 조로아크 VSTAR,BS2022011141,PRD_554AB5D7D5A440D0AA2A,092/071,HR,KO,POKEMON,swsh10a_ja-92,swsh11-203
CRD_F30AEC33313345B18B06,아킬,BS2020004078,PRD_D785A25B9DFD4C32AE7C,078/070,SR,KO,TRAINER,swsh1a_ja-78,swsh2-190
CRD_F27C7CA2257D49FAA563,주리,BS2025007166,PRD_D52A4B350D2344119847,166/086,SR,KO,TRAINER,sv11b_ja-166,zsv10pt5-162
CRD_F2B549C5105449D9BAD4,라프라스,BS2023001177,PRD_B4F8E0D2E2414F1DBC9B,177/172,AR,KO,POKEMON,swsh12a_ja-177,swsh12pt5gg-GG05
CRD_F31E32105A2B4456AAF1,테라파고스 ex,BS2024012122,PRD_3C9C174C842D499D9A02,122/102,SR,KO,POKEMON,sv7_ja-122,svp-165
CRD_AFAA23E9034D48008DBB,가라르 파오리,BS2020016262,PRD_595A32AA23664B6ABD92,262/190,S,KO,POKEMON,swsh4a_ja-262,swsh45sv-SV063
CRD_F2B5F8F16749426C855A,자마젠타 V,BS2023001232,PRD_B4F8E0D2E2414F1DBC9B,232/172,SAR,KO,POKEMON,swsh12a_ja-232,swsh12pt5gg-GG54
CRD_F2E16951A6FE43BF990C,라프라스 V,BS2020016031,PRD_595A32AA23664B6ABD92,031/190,RR,KO,POKEMON,swsh4a_ja-31,swsh1-49
CRD_F2F526A3A5F244D59FCF,사철록,BS2025008091,PRD_53034524E98C4FE8BF8D,091/086,AR,KO,POKEMON,sv11w_ja-91,rsv10pt5-91
CRD_F35563D1D34443BD8590,심보러 GX,BS2018009018,PRD_D59FE8DA38A0461A8AB8,018/050,RR,KO,POKEMON,sm7b_ja-18,sm8-98
CRD_F3CC2FAC2F1644BCBC80,독개굴 ex,BS2023006095,PRD_ED1CAC91B03F4EAD86F7,095/078,SR,KO,POKEMON,sv1s_ja-95,sv1-232
CRD_F2CFA15607F1FDEA1BCF0CF34AD4E71C,판쵸 피카츄 (메가도쿄 2),204/XY-P,JP_PROMO_EXCLUSIVE,204/XY-P,PR,JP,POKEMON,xyp_ja-204,
CRD_F3D10A6AC6D949C88832,보송송,BS2022001194,PRD_767E549F894445C98D52,194/184,CHR,KO,POKEMON,swsh8b_ja-194,swsh12tg-TG03
CRD_F40F80C9CA87094FB525D9D9A3C25C9E,마리오 피카츄,294/XY-P,JP_PROMO_EXCLUSIVE,294/XY-P,PR,JP,POKEMON,xyp_ja-294,
CRD_B195304202EC48F1BD65,파쪼옥,BS2023020067,PRD_B7309AB1FDF64E4EA6B1,067/062,AR,KO,POKEMON,sv3a_ja-67,sv4-196
CRD_CEA9EABF38B14FBBAF02,스트린더 VMAX,BS2020005037,PRD_E4286779F3FF4A8DA34F,037/096,RRR,KO,POKEMON,swsh2_ja-37,swsh2-71
CRD_F42A2FE92E69499F8449,캠프파이어,BS2022002123,PRD_FA60964DC9AC4C999AC2,123/100,HR,KO,TRAINER,swsh9_ja-121,swsh9-179
CRD_F491AB110ACC4046A312,국화,,PRD_EACC12D2E1D547E3ACE6,089/070,HR,KO,TRAINER,swsh6k_ja-89,swsh6-210
CRD_F40170A3F05A4F7ABE38,따라큐 GX,BS2018009054,PRD_D59FE8DA38A0461A8AB8,054/050,SR,KO,POKEMON,sm7b_ja-54,sm8-206
CRD_F420852AE6A24B65BF0C,킬리아,BS2023006084,PRD_ED1CAC91B03F4EAD86F7,084/078,AR,KO,POKEMON,sv1s_ja-84,sv1-212
CRD_F4376F40A1924C9FADCC,샤미드 V,BS2021007074,PRD_BD7FA21EB0B4407086A0,074/069,SR,KO,POKEMON,swsh6a_ja-74,swsh7-172
CRD_F42BA8F04DBE4AD9A8D0,망나뇽 V,BS2022010049,PRD_FEBA8CBAF36B40D9850F,049/071,RR,KO,POKEMON,swsh10b_ja-49,pgo-49
CRD_F478BDB80D9C462FA591,모크나이퍼 GX,BS2017003052,PRD_8E7CED8394594453A32D,052/051,SR,KO,POKEMON,sm1p_ja-52,smp-SM37
CRD_F44F3EDAA2CA41CB89C5,펄기아 EX플라스마단,BS2013005081,PRD_258843B22E7940E8A2A6,081/076,SR,KO,POKEMON,bw9_ja-81,bw10-100
CRD_F44C2F2640AB4792CB65,포켓몬 카드 페스타 피카츄,,PRD_F44C2F2640AB4792CB65,061/SM-P,PR,KO,POKEMON,smp_ja-61,NO_EN
CRD_F414A783F97B45F0A953,기라티나 V,BS2022014080,PRD_D85C098E2C3449848167,080/100,RR,KO,POKEMON,swsh11_ja-80,swsh11-130
CRD_F4AB8722DDB74A15A654,램프라,BS2025007101,PRD_D52A4B350D2344119847,101/086,AR,KO,POKEMON,sv11b_ja-101,rsv10pt5-102
CRD_F49E3C984D174548B44E,큐아링,BS2023001187,PRD_B4F8E0D2E2414F1DBC9B,187/172,AR,KO,POKEMON,swsh12a_ja-187,swsh12pt5gg-GG14
CRD_F51AD119C51A4A119201,호브의 자시안 ex,BS2025001128,PRD_EC14FE47676E4D529FD0,128/100,SAR,KO,POKEMON,sv9_ja-128,sv9-186
CRD_F51E0298D1094BB490A0,오거폰 벽록의 가면 ex,BS2024019234,PRD_D26383A636BE42F09D6B,234/187,UR,KO,POKEMON,sv8a_ja-234,sv8pt5-177
CRD_F4F401D1179242EE80AA,핸섬,BS2018002072,PRD_F201E3D7E4F640C7847E,072/066,SR,KO,TRAINER,sm5m_ja-72,sm5-152
CRD_F502539900C44150AF7D,원시가이오가 EX,BS2015002032,PRD_1E0575E3D10E43ACBECB,032/070,RR,KO,POKEMON,xy5t_ja-32,xy5-55
CRD_F4C1735159F14F65A589,메가디안시 ex,BS2025012005,PRD_BFE8A36EB7F64CE8BD24,005/021,RR,KO,POKEMON,NO_JP,me2-41
CRD_B176ED9CB33B457593A4,하느라기,BS2024001270,PRD_219AD0EF77CA4165AD0F,270/190,S,KO,POKEMON,sv4a_ja-270,sv4pt5-164
CRD_F502DD41B3C245CCBC78,화석 연구원,BS2014003103,PRD_48B06855BF394BE69706,103/096,SR,KO,TRAINER,xy3_ja-101,xy3-110
CRD_F50C5E99DDEA4109903A,볼트로스 EX,BS2015004022,PRD_9B9032EBA3C24F1ABA5C,022/078,RR,KO,POKEMON,xy6_ja-22,xy6-26
CRD_F52BF6D27A264EE6A684,따라큐,BS2019015058,PRD_FDF989679F15435DB74E,058/049,CHR,KO,TRAINER,sm11b_ja-58,sm12-245
CRD_F54B2C86FFE74D62867A,망나뇽 V,BS2021009074,PRD_3AD5C945B465480BA36C,074/067,SR,KO,POKEMON,swsh7r_ja-74,swsh7-192
CRD_F55908E6632F40A5BE9A,오거폰 화덕의 가면 ex,BS2026001149,PRD_6F0F228947EF48919808,149/742,RR,KO,POKEMON,sv8a_ja-26,sv8pt5-17
CRD_8A64A02FB1604C62BD2140CE72FDA2D7,로토무,BS2025005074,PRD_66A71505B24242AD9875,074/063,AR,KO,POKEMON,sv9a_ja-74,sv10-197
CRD_F55FC4526B154E6FBB46,콜로솔트,BS2025009070,PRD_488E92535E424D04B2B5,070/063,AR,KO,POKEMON,m1l_ja-70,me1-147
CRD_F577A4D8CDE44F2498B6,디아루가 ex,BS2024018083,PRD_58FB9039FC3548478196,083/175,RR,KO,POKEMON,NO_JP,svp-180
CRD_F620A35C87F249DD80D6,초염몽,BS2024007070,PRD_965FA5E5CD004C97AE74,070/066,AR,KO,POKEMON,sv5a_ja-70,sv6-173
CRD_324F58AAF4F444DEAE95,귀뚤톡크,BS2023001174,PRD_B4F8E0D2E2414F1DBC9B,174/172,AR,KO,POKEMON,swsh12a_ja-174,swsh12pt5gg-GG02
CRD_8F6DB567A7EF4D5F9742,제크로무 ex,BS2025007174,PRD_D52A4B350D2344119847,174/086,BWR,KO,POKEMON,sv11b_ja-174,zsv10pt5-172
CRD_F58A3A5528E24CB1A4C3,목도리키텔,BS2025010070,PRD_86C30C87F04C465BA58C,070/063,AR,KO,POKEMON,m1s_ja-70,me1-143
CRD_F5E9D7BE768749B597AF,드래펄트,BS2020016261,PRD_595A32AA23664B6ABD92,261/190,S,KO,POKEMON,swsh4a_ja-261,swsh45sv-SV062
CRD_F60B6726EBFD4A6F915D,꾸왁스,BS2024001224,PRD_219AD0EF77CA4165AD0F,224/190,S,KO,POKEMON,sv4a_ja-224,svp-82
CRD_F58AABA5F4304312AC73,캡싸이,BS2024001207,PRD_219AD0EF77CA4165AD0F,207/190,S,KO,POKEMON,sv4a_ja-207,sv4pt5-106
CRD_B2AFB9324B7B47889320,메롱꿍,BS2020016282,PRD_595A32AA23664B6ABD92,282/190,S,KO,POKEMON,swsh4a_ja-282,swsh45sv-SV083
CRD_F643E727312F4F1FBE79,캥카 EX,BS2016004093,PRD_F4FEB5AEAFD341BE97EA,093/131,RR,KO,POKEMON,cp4_ja-93,xy2-78
CRD_F655D1FDB00E40F3BB93,로켓단의 뮤츠 ex,BS2025006125,PRD_FA31487748A24EAF9EE3,125/098,SAR,KO,POKEMON,sv10_ja-125,sv10-231
CRD_F66B10F9608D4C8CB922,스쿨보이,BS2021009078,PRD_3AD5C945B465480BA36C,078/067,SR,KO,TRAINER,swsh7r_ja-78,swsh8-261
CRD_F5935161EBF44C28BF5A,자포코일,BS2023001193,PRD_B4F8E0D2E2414F1DBC9B,193/172,AR,KO,POKEMON,swsh12a_ja-193,swsh12pt5gg-GG18
CRD_F6725E8B0E5E4958840B,블래키&다크라이 GX,BS2019017181,PRD_C50AF6B22D9843F5B112,181/173,SR,KO,POKEMON,sm12a_ja-181,NO_EN
CRD_F6AA26615B634D2BA71A,비브라바,BS2024016071,PRD_3FAB90CDEC7C43B6A8DF,071/064,AR,KO,POKEMON,sv7a_ja-71,sv8-206
CRD_F708A3D8A5944CB7BF93,M나무킹 EX,BS2015005083,PRD_D8F59899D45046079FE1,083/081,SR,KO,POKEMON,xy7_ja-83,xy7-85
CRD_F79C2876A4E54BCA830E,위대한엄니 ex,BS2023006093,PRD_ED1CAC91B03F4EAD86F7,093/078,SR,KO,POKEMON,sv1s_ja-93,sv1-230
CRD_5332201EA310411BBF5D,오라티프,BS2024001295,PRD_219AD0EF77CA4165AD0F,295/190,S,KO,POKEMON,sv4a_ja-295,svp-71
CRD_F74DCD4030904CDE95D4,원규,BS2022004126,PRD_B6A92B9A3823440F8F49,081/067,SR,KO,TRAINER,swsh9a_ja-81,swsh10-188
CRD_F7EF825777564C459F21,몰드류 ex,BS2025007171,PRD_D52A4B350D2344119847,171/086,SAR,KO,POKEMON,sv11b_ja-171,zsv10pt5-168
CRD_F6F255B07DE64989A77B,보르쥐,BS2025008151,PRD_53034524E98C4FE8BF8D,151/086,AR,KO,POKEMON,sv11w_ja-151,rsv10pt5-152
CRD_B6225CABC6D64AC5A224,누겔레온,BS2020016225,PRD_595A32AA23664B6ABD92,225/190,S,KO,POKEMON,swsh4a_ja-225,swsh45sv-SV026
CRD_F70C1790FD9042749050,크리만,BS2022001209,PRD_767E549F894445C98D52,209/184,CHR,KO,POKEMON,swsh8b_ja-209,swsh12tg-TG09
CRD_F72303775E8749409E5B,차데스,BS2024007068,PRD_965FA5E5CD004C97AE74,068/066,AR,KO,POKEMON,sv5a_ja-68,sv6-171
CRD_F7332249FC82459985F9,에브이 V,BS2021007080,PRD_BD7FA21EB0B4407086A0,080/069,SR,KO,POKEMON,swsh6a_ja-80,swsh7-179
CRD_F7465DD0B4F74D7A9777,난천의 패기,BS2022002113,PRD_FA60964DC9AC4C999AC2,113/100,SR,KO,TRAINER,swsh9_ja-114,swsh9-169
CRD_F77DAEEA7C14482FBA51,철화구야 GX,BS2018011117,PRD_E1C4AAB9A1BC43F5B408,117/114,SR,KO,POKEMON,sm4p_ja-117,sm5-144
CRD_F7BCF5E1535E4E9C8BBE,콜로솔트,BS2023021073,PRD_8E32996A2E964C128DBF,073/066,AR,KO,POKEMON,sv4k_ja-73,sv4-202
CRD_F7D0CB0E8461416296C4,드니꽁,BS2023011076,PRD_514C148400944D8AA72F,076/071,AR,KO,POKEMON,sv2p_ja-76,sv2-209
CRD_F8474225830A4240A94E,민화의 대접,BS2019001107,PRD_0D6AE93A1F194DF2AFCC,,SR,KO,TRAINER,sm9_ja-107,sm9-174
CRD_F84F74A865C24A938AB5,파비코리 GX,BS2018007061,PRD_D2E62F137D9A44ACBEBC,061/096,RR,KO,POKEMON,sm7_ja-61,sm75-41
CRD_F878464C76304FFF8660,핫삼 ex,BS2024005089,PRD_B8A7BADF7613420288AC,089/071,SR,KO,POKEMON,sv5m_ja-89,sv5-195
CRD_F8C26BA27AF444938EB9,밀로틱 V,BS2020005022,PRD_E4286779F3FF4A8DA34F,022/096,RR,KO,POKEMON,swsh2_ja-22,swsh2-43
CRD_F856EE96E2B84864AC0A,클레스퍼트라,BS2023022073,PRD_245223BF212C456385F3,073/066,AR,KO,POKEMON,sv4m_ja-73,sv4-197
CRD_F95BEA7A5720433E9FDF,풍란,BS2013001076,PRD_3904E11581AD4E859320,076/070,SR,KO,TRAINER,bw7_ja-76,bw7-149
CRD_F8D9E7AF24C1484482DA,뮤츠&뮤 GX,BS2019013029,PRD_85013CC4B9634E819F22,029/094,RR,KO,POKEMON,sm11_ja-29,sm11-71
CRD_F8ED1A43F2F04EE69ABA,메가화염레오 ex,BS2026003015,PRD_156BB71C4F5A41C39521,015/083,RR,KO,POKEMON,m4_ja-15,NO_EN
CRD_BE2FA43F663B4D16BA9C,에레키블,BS2023001180,PRD_B4F8E0D2E2414F1DBC9B,180/172,AR,KO,POKEMON,swsh12a_ja-180,swsh12pt5gg-GG08
CRD_B6D4B710F4FD4BA698FB,개굴반장,BS2019002172,PRD_F0B2C76547E5479F8E65,172/150,S,KO,POKEMON,sm8b_ja-172,sma-SV12
CRD_F95322AF0A1243D99F83,메가리자몽X ex,BS2025014110,PRD_DD94FB8DCB7C4A129478,110/080,SAR,KO,POKEMON,m2_ja-110,me2-125
CRD_F982F893088B4538AE96,서퍼,BS2024016085,PRD_3FAB90CDEC7C43B6A8DF,085/064,SR,KO,TRAINER,sv7a_ja-84,sv8-235
CRD_F99835774689458C8924,히스이 가디,BS2024007075,PRD_965FA5E5CD004C97AE74,075/066,AR,KO,POKEMON,sv5a_ja-75,sv6-181
CRD_F99BBE338E8843F887F4,심향의 칠색조 ex,BS2025005086,PRD_66A71505B24242AD9875,086/063,SAR,KO,POKEMON,sv9a_ja-86,sv10-230
CRD_F9A376E8D1EA497EABA5,아고용&악식킹 GX,BS2019016102,PRD_26B8AEB977614902B314,102/095,SR,KO,POKEMON,sm12_ja-102,sm12-224
CRD_F9A6F62671CB4AE1ADA9,매시붕 GX,BS2019002063,PRD_F0B2C76547E5479F8E65,063/150,RR,KO,POKEMON,sm8b_ja-63,smp-SM69
CRD_F9B21FCBE1B640D5ACF7,과미드라 ex,BS2026001064,PRD_6F0F228947EF48919808,064/742,RR,KO,POKEMON,sv8a_ja-10,sv8pt5-11
CRD_E5E93E5E67D8453083FA,라우드본 ex,BS2023010097,PRD_FC339076828C45ED9BA0,097/073,SAR,KO,POKEMON,sv1a_ja-97,sv2-258
CRD_FC1C8B1689F940ADBE7B,염뉴트 ex,BS2026002094,PRD_B269D7FE35F74921BDB2,094/080,SR,KO,POKEMON,m3_ja-94,me3-101
CRD_FA35119D522542FAB6EA,흑마 버드렉스 V,BS2021005075,PRD_EACC12D2E1D547E3ACE6,075/070,SR,KO,POKEMON,swsh6k_ja-75,swsh6-171
CRD_FB75B64C376D40B982B2,메타몽(프리즘스타),BS2018012043,PRD_AFDD781CB39B4FCD9356,043/060,PR,KO,POKEMON,sm7a_ja-43,sm8-154
CRD_FB55D0FF075E4F0EBCBA,아크로마의 실험,BS2022014123,PRD_D85C098E2C3449848167,124/100,HR,KO,TRAINER,swsh11_ja-121,swsh11-205
CRD_FC4C68E9A71046EC9744,스트린더 VMAX,,PRD_E4286779F3FF4A8DA34F,107/096,HR,KO,POKEMON,swsh2_ja-107,swsh2-196
CRD_FA4844F80C824187B97C,뮤츠 V,BS2023001050,PRD_B4F8E0D2E2414F1DBC9B,050/172,RR,KO,POKEMON,swsh12a_ja-50,pgo-30
CRD_FA27D6FC488F4ABEAE4F,사마자르 VSTAR,BS2022008082,PRD_7DF9CF9792C3451BBA08,082/067,HR,KO,POKEMON,swsh10p_ja-82,swsh10-196
CRD_7C055CB02C3D4C798554,흉내내기 피카츄,,JP_PROMO_EXCLUSIVE,407/SM-P,PR,JP,POKEMON,smp_ja-407,
CRD_FA128DB79B9440E7A6F9,앤테이 V,BS2023001213,PRD_B4F8E0D2E2414F1DBC9B,213/172,SAR,KO,POKEMON,swsh12a_ja-213,swsh12pt5gg-GG36
CRD_FC1B35E514E5442BBE5C,릴링,BS2024012104,PRD_3C9C174C842D499D9A02,104/102,AR,KO,POKEMON,sv7_ja-104,sv7-145
CRD_FA2D897E8D2644E2BDF3,아이앤트,BS2025008149,PRD_53034524E98C4FE8BF8D,149/086,AR,KO,POKEMON,sv11w_ja-149,rsv10pt5-150
CRD_FC031847FF4E4F8989CC,로켓단의 비주기,BS2025006121,PRD_FA31487748A24EAF9EE3,121/098,SR,KO,TRAINER,sv10_ja-121,sv10-225
CRD_FB98F00A1EE44AB999E2,글레이시아 ex,BS2024019206,PRD_D26383A636BE42F09D6B,206/187,SAR,KO,POKEMON,sv8a_ja-206,sv8pt5-150
CRD_FBADA9A3BE9246A8BDC3,앤테이 GX,BS2017010073,PRD_F59042429A0444D3B06F,073/072,SR,KO,POKEMON,sm3p_ja-73,sm35-71
CRD_FBBDC7D73A6A4AF1BDC3,스파크,BS2022010082,PRD_FEBA8CBAF36B40D9850F,082/071,SR,KO,TRAINER,swsh10b_ja-81,swshp-SWSH226
CRD_FC1BC821D02D4F06BD47,메가깜까미&마기라스 GX,BS2019013054,PRD_85013CC4B9634E819F22,054/094,RR,KO,POKEMON,sm11_ja-54,sm11-126
CRD_FC73F3539D0C406098D5,털보박사의 관찰,BS2015002078,PRD_1E0575E3D10E43ACBECB,078/070,SR,KO,TRAINER,xy5t_ja-78,xy5-159
CRD_FDBA381E42DC4D1BAE86,레지기가스 VSTAR,BS2023001233,PRD_B4F8E0D2E2414F1DBC9B,233/172,SAR,KO,POKEMON,swsh12a_ja-233,swsh12pt5gg-GG55
CRD_FD9334E6BCA74689AECC,월로,BS2022011136,PRD_554AB5D7D5A440D0AA2A,087/071,SR,KO,TRAINER,swsh10a_ja-84,swsh11-196
CRD_FC9AB834D89544B0B4F3,블로스터 BREAK,BS2016006020,PRD_CBD194134D1F48C5B86E,020/054,RR,KO,POKEMON,xy11f_ja-20,xy11-35
CRD_FC88002577FE4003A645,히스이 미끄래곤 V,BS2022011131,PRD_554AB5D7D5A440D0AA2A,082/071,SR,KO,POKEMON,swsh10a_ja-82,swsh11-187
CRD_FD45A140AA334C83958D,노보청 V,BS2022010076,PRD_FEBA8CBAF36B40D9850F,076/071,SR,KO,POKEMON,swsh10b_ja-76,pgo-74
CRD_62AFC6A6B1234F778316,비버통,BS2023001200,PRD_B4F8E0D2E2414F1DBC9B,200/172,AR,KO,POKEMON,swsh12a_ja-200,swsh12pt5gg-GG25
CRD_FD5DD2EE993546CAA758,에몽가,BS2025007116,PRD_D52A4B350D2344119847,116/086,AR,KO,POKEMON,sv11b_ja-116,zsv10pt5-112
CRD_FE32D3EB75B042BE97D0,이야후,BS2024008107,PRD_980F0BFCCDBB47558BFA,107/101,AR,KO,POKEMON,sv6_ja-107,sv6pt5-72
CRD_FC8D39B72732416CBC06,육파리 ex,BS2024001019,PRD_219AD0EF77CA4165AD0F,019/190,RR,KO,POKEMON,sv4a_ja-19,sv4pt5-5
CRD_FDD4ACFC9A3E4E2A8251,킹드라 GX,BS2018005055,PRD_6FAC8D9AE7E9486E91BC,055/053,SR,KO,POKEMON,sm6a_ja-55,sm75-66
CRD_FCE1C605BB654E2BBC63,할라,BS2017004055,PRD_580510CA86824BE7B26B,055/050,SR,KO,TRAINER,sm2k_ja-55,sm2-143
CRD_FD350229536F48219366,비비용,BS2024017107,PRD_0CC50B878F5F40BAA824,107/106,AR,KO,POKEMON,sv8_ja-107,sv8-193
CRD_FD9857DC05B1489C8909,모래성이당 ex,BS2024017057,PRD_0CC50B878F5F40BAA824,057/106,RR,KO,POKEMON,sv8_ja-57,sv8-91
CRD_FE046994C7284B68A4F7,요가랑,BS2024012111,PRD_3C9C174C842D499D9A02,111/102,AR,KO,POKEMON,sv7_ja-111,sv7-153
CRD_FE20328DB07A4AA9AE98,메가라티아스 ex,BS2025010088,PRD_86C30C87F04C465BA58C,088/063,SAR,KO,POKEMON,m1s_ja-88,me1-181
CRD_FE2362DA8BC245B88CB2,리피아 GX,BS2019002206,PRD_F0B2C76547E5479F8E65,206/150,SSR,KO,POKEMON,sm8b_ja-206,sma-SV46
CRD_FCBEA5D75C674EA88554,무쇠무인 ex,BS2023022093,PRD_245223BF212C456385F3,093/066,UR,KO,POKEMON,sv4m_ja-93,sv4-261
CRD_FEAFF0B8A8FD47979EFA,무쇠잎새 ex,BS2024019233,PRD_D26383A636BE42F09D6B,233/187,UR,KO,POKEMON,sv8a_ja-233,sv8pt5-176
CRD_FE519E8935A64B4F9C41,배우르 V,BS2020004062,PRD_D785A25B9DFD4C32AE7C,062/070,RR,KO,POKEMON,swsh1a_ja-62,swsh2-153
CRD_FE5D7A94A7D447F39D4A,아쿠스타 V,BS2022004128,PRD_B6A92B9A3823440F8F49,083/067,CSR,KO,POKEMON,swsh9a_ja-83,swsh10tg-TG13
CRD_FE7A2CCC9AFB4044AD37,마리,BS2020003067,PRD_FC1A7B5927A44298A2A2,067/060,SR,KO,TRAINER,swsh1h_ja-68,swsh1-200
CRD_FEC343BD9F0F4A36ABE1,사마자르 V,BS2022008073,PRD_7DF9CF9792C3451BBA08,073/067,SR,KO,POKEMON,swsh10p_ja-73,swshp-SWSH248
CRD_9C0777C5F0E2418B84CD,로켓단의 크로뱃 ex,BS2025006131,PRD_FA31487748A24EAF9EE3,131/098,UR,KO,POKEMON,sv10_ja-131,sv10-242
CRD_FE47117BF3F441FEA5A6,리자몽 GX,BS2017008052,PRD_5358D70C809B48A3851F,052/051,SR,KO,POKEMON,sm3h_ja-52,smp-SM60
CRD_FF2705137ED74AB383C1,피죤투 V,BS2022014111,PRD_D85C098E2C3449848167,112/100,SR,KO,POKEMON,swsh11_ja-112,swsh11-188
CRD_FE67CA965F3142E49547,팔데아 토오 ex,BS2024001332,PRD_219AD0EF77CA4165AD0F,332/190,SSR,KO,POKEMON,sv4a_ja-332,sv4pt5-219
CRD_FE6051706DB64BF286A3,가비루사,BS2024001230,PRD_219AD0EF77CA4165AD0F,230/190,S,KO,POKEMON,sv4a_ja-230,sv4pt5-125
CRD_FE896876501E400DB1B9,파밀리쥐 ex,BS2023022057,PRD_245223BF212C456385F3,057/066,RR,KO,POKEMON,sv4m_ja-57,sv4-155
CRD_FE90D7E40EDE45F6B3D5,레시라무&리자몽 GX,BS2019017016,PRD_C50AF6B22D9843F5B112,016/173,RR,KO,POKEMON,sm12a_ja-16,sm10-20
CRD_FED5150373E949A7B4AC,한카리아스 ex,BS2023020076,PRD_B7309AB1FDF64E4EA6B1,076/062,SR,KO,POKEMON,sv3a_ja-76,sv4-219
CRD_FF09AC615D4A4B22B433,샤비,BS2025007088,PRD_D52A4B350D2344119847,088/086,AR,KO,POKEMON,sv11b_ja-88,zsv10pt5-88
CRD_FF1552C5F5BD478284DD,흑마 버드렉스 V,BS2022001235,PRD_767E549F894445C98D52,235/184,CSR,KO,POKEMON,swsh8b_ja-235,swsh10tg-TG17
CRD_FF1CF3010C544E30908E,큐레무 ex,BS2026001203,PRD_6F0F228947EF48919808,203/742,RR,KO,POKEMON,sv11b_ja-31,zsv10pt5-28
CRD_FFD29F9A67B34EF2988F,뮤츠 V,BS2022010073,PRD_FEBA8CBAF36B40D9850F,073/071,SR,KO,POKEMON,swsh10b_ja-73,swshp-SWSH229
CRD_FF698E3711E2487B8D9F,새 조련사,BS2020016196,PRD_595A32AA23664B6ABD92,196/190,SR,KO,TRAINER,swsh4a_ja-193,swsh45-66
CRD_FF5337092E8945C18E38,조로아,BS2019002185,PRD_F0B2C76547E5479F8E65,185/150,S,KO,POKEMON,sm8b_ja-185,sma-SV25
CRD_FF3AB4F575D74BC39C88,블래키 V,BS2022001244,PRD_767E549F894445C98D52,244/184,CSR,KO,POKEMON,swsh8b_ja-244,swsh9tg-TG22
CRD_FF670CCC91074D59B18C,쌔비냥,BS2025008134,PRD_53034524E98C4FE8BF8D,134/086,AR,KO,POKEMON,sv11w_ja-134,rsv10pt5-136
CRD_FFD938BCA721439FA9A9,풍&란,BS2018007104,PRD_D2E62F137D9A44ACBEBC,104/096,SR,KO,TRAINER,sm7_ja-103,sm7-166
CRD_FFE751C555274A6BAA16,히스이 붐볼 V,BS2022011005,PRD_554AB5D7D5A440D0AA2A,003/071,RR,KO,POKEMON,swsh10a_ja-3,swshp-SWSH294
CRD_FFEB4B8D7D704A0DA7BA,이올브 V,BS2020014008,PRD_32C23D5FA71F45ADB572,008/100,RR,KO,POKEMON,swsh4_ja-8,swsh4-20
CRD_FFF8E815F394423595FC,라이츄 GX,BS2017010074,PRD_F59042429A0444D3B06F,074/072,SR,KO,POKEMON,sm3p_ja-74,smp-SM90
CRD_FF43D0C9318B45C5AAE4,후파 V,BS2021018066,PRD_3BEB5A9863D54FE7BE25,066/100,RR,KO,POKEMON,swsh8_ja-66,swshp-SWSH176
CRD_FF559B81865C4993A3E0,앤테이 V,BS2023001019,PRD_B4F8E0D2E2414F1DBC9B,019/172,RR,KO,POKEMON,swsh12a_ja-19,swsh9-22
CRD_FF58AC269F384D2DB169,근육몬,BS2023014177,PRD_DAB43E31433041FC942F,177/165,AR,KO,POKEMON,sv2a_ja-177,sv3pt5-177
CRD_2C17B97D2D95413699E9,뮤츠&뮤 GX,BS2019013098,PRD_85013CC4B9634E819F22,098/094,SR,KO,POKEMON,sm11_ja-98,smp-SM191
CRD_DF1BC7CED4E14C938183,운향,BS2023010100,PRD_FC339076828C45ED9BA0,100/073,SAR,KO,TRAINER,sv1a_ja-99,sv2-266
CRD_170C21DF603D41EABA47,해골몽,BS2023001203,PRD_B4F8E0D2E2414F1DBC9B,203/172,AR,KO,POKEMON,swsh12a_ja-203,swsh12pt5gg-GG28
CRD_8710D86E084B46B1A83E,비버니,BS2023001204,PRD_B4F8E0D2E2414F1DBC9B,204/172,AR,KO,POKEMON,swsh12a_ja-204,swsh12pt5gg-GG29
CRD_C572CDE3A4084624BF2B,멍파치,BS2020016238,PRD_595A32AA23664B6ABD92,238/190,S,KO,POKEMON,swsh4a_ja-238,swsh45sv-SV039
CRD_67500D676E7A49D1928A,리카,BS2023020083,PRD_B7309AB1FDF64E4EA6B1,083/062,SR,KO,TRAINER,sv3a_ja-83,sv4-241
CRD_CCA2E7D114F543BB8331,퍼퓨돈,BS2024001316,PRD_219AD0EF77CA4165AD0F,316/190,S,KO,POKEMON,sv4a_ja-316,sv4pt5-208
CRD_D57DF737284449919BC3,메가이어롭&푸린 GX,BS2019016073,PRD_26B8AEB977614902B314,073/095,RR,KO,POKEMON,sm12_ja-73,sm12-165
CRD_D0DC4C237DF94E399FBC,오케이징,BS2019002177,PRD_F0B2C76547E5479F8E65,177/150,S,KO,POKEMON,sm8b_ja-177,sma-SV17
CRD_CF990D31C8414F2FACAA,묘두기,BS2024001275,PRD_219AD0EF77CA4165AD0F,275/190,S,KO,POKEMON,sv4a_ja-275,sv4pt5-168
CRD_DB3058C2ACCB4A9498BD,빠르모트,BS2024001249,PRD_219AD0EF77CA4165AD0F,249/190,S,KO,POKEMON,sv4a_ja-249,sv4pt5-144
CRD_9A71FB2F4A614CFCB42E,포챠나,BS2023001208,PRD_B4F8E0D2E2414F1DBC9B,208/172,AR,KO,POKEMON,swsh12a_ja-208,swsh12pt5gg-GG33
CRD_37CAD2854A2A45769811,콜로솔트,BS2024001285,PRD_219AD0EF77CA4165AD0F,285/190,S,KO,POKEMON,sv4a_ja-285,sv4pt5-178
CRD_DD79A82191CE49F19151,미니브,BS2024001203,PRD_219AD0EF77CA4165AD0F,203/190,S,KO,POKEMON,sv4a_ja-203,sv4pt5-102
CRD_2E5F9227724846BE8970,라티오스 GX,BS2019013034,PRD_85013CC4B9634E819F22,034/094,RR,KO,POKEMON,sm11_ja-34,sm11-78
CRD_1B4300D40B074B11BABC,쉐이미 V,BS2022002012,PRD_FA60964DC9AC4C999AC2,012/100,RR,KO,POKEMON,swsh9_ja-12,swsh9-13
CRD_3A1E35B5FF4444B49597,강철톤 V,BS2020012046,PRD_FE54F67A9C114773A9CD,046/076,RR,KO,POKEMON,swsh3a_ja-46,swsh4-115
CRD_0B17CA38B6334F20B964,샹델라 V,BS2021018014,PRD_3BEB5A9863D54FE7BE25,014/100,RR,KO,POKEMON,swsh8_ja-14,swsh8-39
CRD_DCED932B45234182889C,쉐이미 VSTAR,BS2022002013,PRD_FA60964DC9AC4C999AC2,013/100,RRR,KO,POKEMON,swsh9_ja-13,swsh9-14
CRD_4B2B4A42869D4583AFCB,파라스,BS2023001207,PRD_B4F8E0D2E2414F1DBC9B,207/172,AR,KO,POKEMON,swsh12a_ja-207,swsh12pt5gg-GG32
CRD_DF24CA2636884683B997,춤추새,BS2024001214,PRD_219AD0EF77CA4165AD0F,214/190,S,KO,POKEMON,sv4a_ja-214,sv4pt5-113
CRD_E04360C619254AE28E13,몸지브림,BS2020016253,PRD_595A32AA23664B6ABD92,253/190,S,KO,POKEMON,swsh4a_ja-253,swsh45sv-SV054
CRD_F2649876E477438F80E1,바오키 VSTAR,BS2023001214,PRD_B4F8E0D2E2414F1DBC9B,214/172,SAR,KO,POKEMON,swsh12a_ja-214,swsh12pt5gg-GG37
CRD_640E8984CA144951984C,에테르재단 직원,BS2019002160,PRD_F0B2C76547E5479F8E65,160/150,SR,KO,TRAINER,sm8b_ja-151,sma-SV81
CRD_D9C0CF682CE44A96BED2,네오라이트 V,BS2023001216,PRD_B4F8E0D2E2414F1DBC9B,216/172,SAR,KO,TRAINER,swsh12a_ja-216,swsh12pt5gg-GG39
CRD_6D3C1FEF61C14F46B4C5,드래펄트 V,BS2020005049,PRD_E4286779F3FF4A8DA34F,049/096,RR,KO,POKEMON,swsh2_ja-49,swsh2-92
CRD_E4B7ECA2F70F4E5B8AE9,성원숭,BS2024001277,PRD_219AD0EF77CA4165AD0F,277/190,S,KO,POKEMON,sv4a_ja-277,sv4pt5-170
CRD_E8099A50DB2E477EBACA,모크나이퍼,BS2020016202,PRD_595A32AA23664B6ABD92,202/190,S,KO,POKEMON,swsh4a_ja-202,swsh45sv-SV003
CRD_E75AF1D183344D918F9B,태우지네,BS2020016217,PRD_595A32AA23664B6ABD92,217/190,S,KO,POKEMON,swsh4a_ja-217,swsh45sv-SV018
CRD_2D4B139B3E984F86B365,울트라네크로즈마 GX,BS2018004069,PRD_3FDB16A819514C3C85B3,069/094,RR,KO,POKEMON,sm6_ja-69,sm6-95
CRD_EE2DE0499447479491AB,타입:널,BS2019002205,PRD_F0B2C76547E5479F8E65,205/150,S,KO,POKEMON,sm8b_ja-205,sma-SV45
CRD_EAF99B6AB43548FBB4A2,우르,BS2020016302,PRD_595A32AA23664B6ABD92,302/190,S,KO,POKEMON,swsh4a_ja-302,swsh45sv-SV103
CRD_E78C55792AED472BA10A,갈가부기 VMAX,BS2020011027,PRD_91D480C53D3248F79831,027/100,RRR,KO,POKEMON,swsh3_ja-27,swsh35-15
CRD_F7F029C74F69471AA3AB,꼬지보리,BS2020016294,PRD_595A32AA23664B6ABD92,294/190,S,KO,POKEMON,swsh4a_ja-294,swsh45sv-SV095
CRD_F94CD3EFB93247CD8BD1,가라르 데스마스,BS2020016264,PRD_595A32AA23664B6ABD92,264/190,S,KO,POKEMON,swsh4a_ja-264,swsh45sv-SV065
CRD_BD32C4DD974E418FB16F,비조푸,BS2025008131,PRD_53034524E98C4FE8BF8D,131/086,AR,KO,POKEMON,sv11w_ja-131,rsv10pt5-133
CRD_E9AE47FA96644DACB7EA,클레스퍼트라 ex,BS2024001023,PRD_219AD0EF77CA4165AD0F,023/190,RR,KO,POKEMON,sv4a_ja-23,sv4pt5-6
CRD_9E509ECA5F2F4685A780,M강철톤 EX,BS2016006033,PRD_CBD194134D1F48C5B86E,033/054,RR,KO,POKEMON,xy11f_ja-33,xy11-68
CRD_A96D274688FA4B04A973,마기라스 ex,BS2023015122,PRD_C017B01380CF490A9480,122/108,SR,KO,POKEMON,sv3_ja-122,sv3-211
CRD_BDD95E418BFE4188A58A,게노세크트 ex,BS2025007164,PRD_D52A4B350D2344119847,164/086,SR,KO,POKEMON,sv11b_ja-164,zsv10pt5-161
CRD_CB7A266C3EF64219A66B,마그마번,BS2023001175,PRD_B4F8E0D2E2414F1DBC9B,175/172,AR,KO,POKEMON,swsh12a_ja-175,swsh12pt5gg-GG03
CRD_CDD3EE7F57224CD58823,고래왕,BS2025001103,PRD_EC14FE47676E4D529FD0,103/100,AR,KO,POKEMON,sv9_ja-103,sv9-162
CRD_DEBF98B578D94A9486D2,무쇠가시 ex,BS2024019056,PRD_D26383A636BE42F09D6B,056/187,RR,KO,POKEMON,sv8a_ja-56,sv8pt5-32
CRD_2F01A346908C450BB7DD,꿰뚫는화염 ex,BS2024004085,PRD_171222A74859484783EB,085/071,SR,KO,POKEMON,sv5k_ja-85,sv5-188
CRD_0DB9B4215B8140FAAA2E,앱솔 ex,BS2023015073,PRD_C017B01380CF490A9480,073/108,RR,KO,POKEMON,sv3_ja-73,sv3-135
CRD_0ED2317A116F4980A7F8,한카리아스 ex,BS2023020006,PRD_B7309AB1FDF64E4EA6B1,006/062,RR,KO,POKEMON,sv3a_ja-6,sv4-38
CRD_0AD03EC9544B43B4AF4F,라프라스 V,BS2020002014,PRD_7CCB63858C7E43A287F2,014/060,RR,KO,POKEMON,swsh1w_ja-14,swsh1-49
CRD_17E681D70E484304B6B8,레지에레키 V,BS2022017033,PRD_75DAB61BCF5342C38563,033/098,RR,KO,POKEMON,swsh12_ja-33,swsh12-57
CRD_29545D8447D54F8F9E57,게노세크트 EX플라스마단,BS2013005078,PRD_258843B22E7940E8A2A6,078/076,SR,KO,POKEMON,bw9_ja-78,bw10-97
CRD_45CC8DC151BA47F9906E,펄스멍 V,BS2022001055,PRD_767E549F894445C98D52,055/184,RR,KO,POKEMON,swsh8b_ja-55,swsh2-67
CRD_5856FD4E3CD348CD9E52,휠구,BS2025007139,PRD_D52A4B350D2344119847,139/086,AR,KO,POKEMON,sv11b_ja-139,zsv10pt5-133
CRD_240F59F984B74388A1BE,기가이어스,BS2025008127,PRD_53034524E98C4FE8BF8D,127/086,AR,KO,POKEMON,sv11w_ja-127,rsv10pt5-129
CRD_368954B62A864484B467,자망칼,BS2025007147,PRD_D52A4B350D2344119847,147/086,AR,KO,POKEMON,sv11b_ja-147,zsv10pt5-142
CRD_642D216663B14FD592ED,로켓단의 니드킹 ex,BS2025006063,PRD_FA31487748A24EAF9EE3,063/098,RR,KO,POKEMON,sv10_ja-63,sv10-119
CRD_07C8867477114A5E9490,랄토스,BS2023006083,PRD_ED1CAC91B03F4EAD86F7,083/078,AR,KO,POKEMON,sv1s_ja-83,sv1-211
CRD_17AEC6F70C054074BFD4,카디나르마,BS2023006080,PRD_ED1CAC91B03F4EAD86F7,080/078,AR,KO,POKEMON,sv1s_ja-80,sv1-203
CRD_3F605DD9C57145F4A405,레시라무 ex,BS2025008160,PRD_53034524E98C4FE8BF8D,160/086,SR,KO,POKEMON,sv11w_ja-160,rsv10pt5-158
CRD_17CEDC815C264A69A345,샤로다 V,BS2022016075,PRD_0C8B6847314E495B9C8E,075/068,SR,KO,POKEMON,swsh11a_ja-75,swsh12-170
CRD_27CAC15F8DE54882AA0F,퍼퓨돈 ex,BS2023006096,PRD_ED1CAC91B03F4EAD86F7,096/078,SR,KO,POKEMON,sv1s_ja-96,sv1-234
CRD_1651730F93C4413BA4C5,완철포,BS2023007083,PRD_5AD4DD681C694EAC8DDA,083/078,AR,KO,POKEMON,sv1v_ja-83,sv1-205
CRD_274FD14AB17940EB8528,골루그 V,BS2021008070,PRD_BCB8045CC957488BB992,070/067,SR,KO,POKEMON,swsh7d_ja-70,swsh7-182
CRD_08208815CA6B42DFB7C7,단풍,BS2023007097,PRD_5AD4DD681C694EAC8DDA,097/078,SR,KO,TRAINER,sv1v_ja-97,sv1-237
CRD_1FA0F3DE83E64E4CA272,뜨아거,BS2023010078,PRD_FC339076828C45ED9BA0,078/073,AR,KO,POKEMON,sv1a_ja-78,sv2-201
CRD_39360915366347AFB75F,가디안 V,BS2020010030,PRD_9C4063C50B5B45C09FF9,030/070,RR,KO,POKEMON,swsh2a_ja-30,swsh35-16
CRD_39493D33675143109748,파이어&썬더&프리져 GX,BS2019017102,PRD_C50AF6B22D9843F5B112,102/173,RR,KO,POKEMON,sm12a_ja-102,sm115-44
CRD_49CC517FCE054EB99CD3,M리자몽 EX,BS2016009013,PRD_E8E7DDCB3A754A04BC5A,013/100,RR,KO,POKEMON,cp6_ja-13,xy12-13
CRD_4B54FA5828754EE1BCD7,랜드로스 EX,BS2012008061,PRD_B0A7A04CD1034734B76D,061/059,SR,KO,POKEMON,bw6f_ja-61,bw7-144
CRD_00B0A094D2434026AD56,하랑우탄,BS2022001212,PRD_767E549F894445C98D52,212/184,CHR,KO,POKEMON,swsh8b_ja-212,swsh9tg-TG12
CRD_12014650482C4314AA47,파비코리 GX,BS2018007100,PRD_D2E62F137D9A44ACBEBC,100/096,SR,KO,POKEMON,sm7_ja-100,sm75-68
CRD_2D08E66725174B8D97BF,찬란한 히드런,BS2022004019,PRD_B6A92B9A3823440F8F49,011/067,K,KO,POKEMON,swsh9a_ja-11,swsh10-27
CRD_1BD0376A3CA8485BB302,릴리에,BS2017013119,PRD_5DB928790C7E449C8459,119/114,SR,KO,TRAINER,sm4p_ja-119,sm5-151
CRD_465B3016FD4B41409D8C,냄새꼬,BS2023015109,PRD_C017B01380CF490A9480,109/108,AR,KO,POKEMON,sv3_ja-109,sv3-198
CRD_5D86E01964624A8CBE40,피카츄 VMAX,BS2022001223,PRD_767E549F894445C98D52,223/184,CSR,KO,POKEMON,swsh8b_ja-223,swsh11tg-TG17
CRD_6434F1BE098C4F98B481,보스의 지령(게치스),BS2023010099,PRD_FC339076828C45ED9BA0,099/073,SAR,KO,TRAINER,sv1a_ja-100,sv2-265
CRD_A6E8EAA77BE24D74AEA7,체렌,BS2012008063,PRD_B0A7A04CD1034734B76D,063/059,SR,KO,TRAINER,bw6f_ja-63,bw7-148
CRD_644AB314E2154B318313,블랙큐레무 EX,BS2012008062,PRD_B0A7A04CD1034734B76D,062/059,SR,KO,POKEMON,bw6f_ja-62,bw7-145
CRD_4326CC9CE8E842FB8F45,벨,BS2012009063,PRD_FBAE3D3A352E4D5B856D,063/059,SR,KO,TRAINER,bw6c_ja-63,bw7-147
CRD_091DC06176614517B5E1,라이츄&알로라라이츄 GX,BS2019010057,PRD_472A74A595644AAF95EA,057/054,SR,KO,POKEMON,sm10a_ja-57,sm11-221
CRD_25A76CC236D74FF2B49A,웨이니발 ex,BS2023010098,PRD_FC339076828C45ED9BA0,098/073,SAR,KO,POKEMON,sv1a_ja-98,sv2-260
CRD_CE12D0712CDA406DA3C5,카디나르마 ex,BS2023021079,PRD_8E32996A2E964C128DBF,079/066,SR,KO,POKEMON,sv4k_ja-79,sv4-218
CRD_536CF43303D74BB4BB90,운향,BS2023010094,PRD_FC339076828C45ED9BA0,094/073,SR,KO,TRAINER,sv1a_ja-92,sv2-250
CRD_6A5E3F53DC574562AB1C,히드런 EX플라스마단,BS2013002052,PRD_D2B25BD104C94F7CA1E1,052/051,SR,KO,POKEMON,bw8s_ja-52,bw9-109
CRD_1F2F5DBD379C4E56A95F,나인테일 V,BS2020005098,PRD_E4286779F3FF4A8DA34F,098/096,SR,KO,POKEMON,swsh2_ja-98,swsh2-177
CRD_3ABA99E638CD43358D1A,라프라스 GX,BS2017001061,PRD_498EC017052748FA9B3C,061/060,SR,KO,POKEMON,sm1s_ja-61,sm1-139
CRD_7AF195199BBA474DA108,마임맨 GX,BS2018006025,PRD_151FCDB5743444E7A349,025/066,RR,KO,POKEMON,sm6b_ja-25,sm7-56
CRD_A71CDBCAB7AB42309937,레지에레키 V,BS2022017101,PRD_75DAB61BCF5342C38563,101/098,SR,KO,POKEMON,swsh12_ja-101,swsh12-175
CRD_D25814429FF94A7E84C3,블랙큐레무 ex,BS2024016077,PRD_3FAB90CDEC7C43B6A8DF,077/064,SR,KO,POKEMON,sv7a_ja-77,sv8-218
CRD_88DD4F24CABA4B66939C,냐오불,BS2024005075,PRD_B8A7BADF7613420288AC,075/071,AR,KO,POKEMON,sv5m_ja-75,sv5-167
CRD_3921037F2F3643A38342,무쇠암석 ex,BS2024005087,PRD_B8A7BADF7613420288AC,087/071,SR,KO,POKEMON,sv5m_ja-87,sv5-192
CRD_39388984E7E045A1B1DA,칼라마네로 V,BS2020005103,PRD_E4286779F3FF4A8DA34F,103/096,SR,KO,POKEMON,swsh2_ja-103,swsh2-186
CRD_2B512D9C6B334EA6B3B5,캠프파이어,BS2022002115,PRD_FA60964DC9AC4C999AC2,115/100,SR,KO,TRAINER,swsh9_ja-113,swsh9-170
CRD_014588FE8AC842E3A70E,포켓몬애호가클럽,BS2014002086,PRD_C2C1ECDBD68A4BC08849,086/080,SR,KO,TRAINER,xy2_ja-87,xy2-106
CRD_5830A265E66848C49F6F,제브라이카,BS2025008112,PRD_53034524E98C4FE8BF8D,112/086,AR,KO,POKEMON,sv11w_ja-112,rsv10pt5-115
CRD_7F48960BD5604694BAD3,메가이어롭&푸린 GX,BS2019016103,PRD_26B8AEB977614902B314,103/095,SR,KO,POKEMON,sm12_ja-103,sm12-225
CRD_34634E0B83674493958D,메가저리더프 ex,BS2025015225,PRD_90A8D5BDA5664CEF9F48,225/193,MA,KO,POKEMON,m2a_ja-225,me2pt5-266
CRD_82D8D5556A4F436CBB28,과미드라 ex,BS2024012127,PRD_3C9C174C842D499D9A02,127/102,SAR,KO,POKEMON,sv7_ja-127,sv7-167
CRD_2642CE7CAA28482ABC0C,핫삼,BS2023015116,PRD_C017B01380CF490A9480,116/108,AR,KO,POKEMON,sv3_ja-116,sv3-205
CRD_2F43F0F33B364E59B1AA,로사와 로이,BS2019011061,PRD_3E9DB59EE4A3494BAC2C,061/054,SR,KO,TRAINER,sm10b_ja-62,sm115-68
CRD_0C99B90A478B44A1BA11,메로엣타 EX,BS2013004025,PRD_FF9AC7CB363846D0A190,025/025,SR,KO,POKEMON,sc1_ja-25,bw11-RC25
CRD_135AB4B5F4794E8BAB7F,니드킹,BS2023014174,PRD_DAB43E31433041FC942F,174/165,AR,KO,POKEMON,sv2a_ja-174,sv3pt5-174
CRD_52AAE0598913498D8B12,유빈,BS2018009056,PRD_D59FE8DA38A0461A8AB8,056/050,SR,KO,TRAINER,sm7b_ja-55,sm8-212
CRD_0BBA24DF2AA04E9F8934,폭거북스 GX,BS2017004051,PRD_580510CA86824BE7B26B,051/050,SR,KO,POKEMON,sm2k_ja-51,sm2-131
CRD_13997FDA2FAB493982D6,가라르 메더 V,BS2020010076,PRD_9C4063C50B5B45C09FF9,076/070,SR,KO,POKEMON,swsh2a_ja-76,swsh3-184
CRD_16F1D3F4F75B4E8580A6,바닥트리오,BS2024001338,PRD_219AD0EF77CA4165AD0F,338/190,AR,KO,POKEMON,sv4a_ja-338,sv4pt5-224
CRD_1E87A3A1183343468691,브리무음 VMAX [거다이맥스],BS2023001224,PRD_B4F8E0D2E2414F1DBC9B,224/172,SAR,KO,POKEMON,swsh12a_ja-224,swsh12pt5gg-GG47
CRD_48B3B385581F4DFEA769,아기씨,BS2018004100,PRD_3FDB16A819514C3C85B3,100/094,SR,KO,TRAINER,sm6_ja-100,sma-SV86
CRD_4AC772DA06674B6BBCD3,전지충이,BS2024005076,PRD_B8A7BADF7613420288AC,076/071,AR,KO,POKEMON,sv5m_ja-76,sv5-169
CRD_3341BC09AE6F45A6A646,모래성이당 ex,BS2024017123,PRD_0CC50B878F5F40BAA824,123/106,SR,KO,POKEMON,sv8_ja-123,sv8-221
CRD_49BB72C01E4C40628D5B,루카리오&멜메탈 GX,BS2019017083,PRD_C50AF6B22D9843F5B112,083/173,RR,KO,POKEMON,sm12a_ja-83,sm10-120
CRD_5D478653E46E4634B4E2,우리,BS2022001273,PRD_767E549F894445C98D52,273/184,SR,KO,TRAINER,swsh8b_ja-276,swsh9tg-TG26
CRD_7557F5D3856F4AB8BAA7,괴력몬 V,BS2022007032,PRD_A34AF524E977421D94D7,032/067,RR,KO,POKEMON,swsh10d_ja-32,swsh10-72
CRD_89C3A6311F30458ABBDA,풍란,BS2020016199,PRD_595A32AA23664B6ABD92,199/190,SR,KO,TRAINER,swsh4a_ja-195,swsh45-72
CRD_AC613BBC6EE14C01A490,헬가,BS2022001206,PRD_767E549F894445C98D52,206/184,CHR,KO,POKEMON,swsh8b_ja-206,swsh9tg-TG10
CRD_306457DE76EA45C5B61B,월로,BS2022011145,PRD_554AB5D7D5A440D0AA2A,096/071,HR,KO,TRAINER,swsh10a_ja-93,swsh11-211
CRD_05A7C02B26DC4C7B8CDE,마기라스 GX,BS2018010059,PRD_6066B79FCD694BDCBF82,059/095,RR,KO,POKEMON,sm8_ja-59,sm8-121
CRD_290E399FA6ED4C67A8C8,히스이 미끄래곤 VSTAR,BS2022011096,PRD_554AB5D7D5A440D0AA2A,057/071,RRR,KO,POKEMON,swsh10a_ja-57,swsh11-136
CRD_43FDDC429EF844C5A887,블래리,BS2019010061,PRD_472A74A595644AAF95EA,061/054,SR,KO,TRAINER,sm10a_ja-61,sm11-234
CRD_1D3FA593099E46F2A199,붐볼 GX,BS2018006022,PRD_151FCDB5743444E7A349,022/066,RR,KO,POKEMON,sm6b_ja-22,sm7-48
CRD_2E8CB13E9FEE40A28A14,웅의 근성,BS2016009113,PRD_E8E7DDCB3A754A04BC5A,112/100,SR,KO,TRAINER,cp6_ja-100,xy12-107
CRD_23A695E8090F40B9B1A7,꼬이밍고,BS2023012082,PRD_66FB8C2B312E46E081B1,082/071,AR,KO,POKEMON,sv2d_ja-82,sv2-227
CRD_394561233CE44337BF9C,심보러 GX,BS2018009052,PRD_D59FE8DA38A0461A8AB8,052/050,SR,KO,POKEMON,sm7b_ja-52,sm8-202
CRD_4595906EF9644EC481E6,메타몽(프리즘스타),BS2019017108,PRD_C50AF6B22D9843F5B112,108/173,PR,KO,POKEMON,sm12a_ja-108,sm8-154
CRD_27F3781C418A41E795E5,규리,BS2018013057,PRD_6DB848A34AB046C29FCF,057/052,SR,KO,TRAINER,sm8a_ja-58,sm9-177
CRD_4F945928CE844FBD8648,빠르모트,BS2023007085,PRD_5AD4DD681C694EAC8DDA,085/078,AR,KO,POKEMON,sv1v_ja-85,sv1-209
CRD_6C71D38CA03A4D73A6F4,카푸브루루 GX,BS2017007007,PRD_8A0B1007C3C94557BB73,007/049,RR,KO,POKEMON,sm2p_ja-7,smp-SM32
CRD_8B8752AF245546B9B4E2,강철톤,BS2019015060,PRD_FDF989679F15435DB74E,060/049,CHR,KO,POKEMON,sm11b_ja-60,sm12-247
CRD_06740DF77DAB42EB94FC,싸리용,BS2024008112,PRD_980F0BFCCDBB47558BFA,112/101,AR,KO,TRAINER,sv6_ja-112,sv6-186
CRD_1A905AD1C8F14E1B9C83,후딘 ex,BS2023014065,PRD_DAB43E31433041FC942F,065/165,RR,KO,POKEMON,sv2a_ja-65,sv3pt5-65
CRD_498BBDABFF4741DD92A0,썬더 ex,BS2023014145,PRD_DAB43E31433041FC942F,145/165,RR,KO,POKEMON,sv2a_ja-145,sv3pt5-145
CRD_52B306F7D32545678508,뮤 ex,BS2024001327,PRD_219AD0EF77CA4165AD0F,327/190,SSR,KO,POKEMON,sv4a_ja-327,sv4pt5-216
CRD_4CE79903A8A042498E53,차곡차곡 GX,BS2018007099,PRD_D2E62F137D9A44ACBEBC,099/096,SR,KO,POKEMON,sm7_ja-99,sm7-159
CRD_85E5684497324EADB399,개굴닌자 GX,BS2019002216,PRD_F0B2C76547E5479F8E65,216/150,SSR,KO,POKEMON,sm8b_ja-216,sma-SV56
CRD_21EAE5192D164939830F,돌핀맨 ex,BS2024019207,PRD_D26383A636BE42F09D6B,207/187,SAR,KO,POKEMON,sv8a_ja-207,sv8pt5-151
CRD_371A341D2B024125AF8E,다크라이 GX,BS2017013064,PRD_5DB928790C7E449C8459,064/114,RR,KO,POKEMON,sm4p_ja-64,sm3-88
CRD_054B8B1A8D90438899B1,보스로라 EX,BS2015001075,PRD_F918066FC0EA4F6B9C99,075/070,SR,KO,POKEMON,xy5g_ja-75,xy5-153
CRD_62132631CE684A58A336,킬가르도 V,BS2020014080,PRD_32C23D5FA71F45ADB572,080/100,RR,KO,POKEMON,swsh4_ja-80,swsh4-126
CRD_63CF750F292B420E9045,두드리짱 ex,BS2023012093,PRD_66FB8C2B312E46E081B1,093/071,SAR,KO,POKEMON,sv2d_ja-93,sv2-262
CRD_52F60B81183042E68553,아고용 GX,BS2019011058,PRD_3E9DB59EE4A3494BAC2C,058/054,SR,KO,POKEMON,sm10b_ja-58,sm11-230
CRD_0E1312500C6C4F61A04D,구즈마,BS2019002151,PRD_F0B2C76547E5479F8E65,151/150,SR,KO,TRAINER,sm8b_ja-152,sma-SV84
CRD_39462590847A4E32AF5F,아고용 GX,BS2019002223,PRD_F0B2C76547E5479F8E65,223/150,SSR,KO,POKEMON,sm8b_ja-223,sma-SV63
CRD_1727697B0064422BAEE6,피카츄,BS2023014173,PRD_DAB43E31433041FC942F,173/165,AR,KO,POKEMON,sv2a_ja-173,sv3pt5-173
CRD_19171E29E9D34C17A9BF,네크로즈마 황혼의 갈기 GX,BS2018001044,PRD_F6FE8B8F09B645B4BEA7,044/066,RR,KO,POKEMON,sm5s_ja-44,sm5-90
CRD_35EA350A18F04A80A0D5,깜눈크,BS2023006087,PRD_ED1CAC91B03F4EAD86F7,087/078,AR,KO,POKEMON,sv1s_ja-87,sv1-216
CRD_0B84E98684704E7CBB0F,헤라크로스,BS2023012072,PRD_66FB8C2B312E46E081B1,072/071,AR,KO,POKEMON,sv2d_ja-72,sv2-194
CRD_489EB78CD21244439801,따라큐 GX,BS2018009038,PRD_D59FE8DA38A0461A8AB8,038/050,RR,KO,POKEMON,sm7b_ja-38,sm8-149
CRD_0C3B052D2AB54CD8908B,딩루 ex,BS2023012049,PRD_66FB8C2B312E46E081B1,049/071,RR,KO,POKEMON,sv2d_ja-49,sv2-127
CRD_302EC9D2C71947778B51,꼬부기,BS2023014170,PRD_DAB43E31433041FC942F,170/165,AR,KO,POKEMON,sv2a_ja-170,sv3pt5-170
CRD_51EB2AB1F8BE40468C95,데덴네 GX,BS2019017175,PRD_C50AF6B22D9843F5B112,175/173,SR,KO,POKEMON,sm12a_ja-175,sm10-195a
CRD_0D1FEC3632AD4FED9507,파밀리쥐,BS2023012081,PRD_66FB8C2B312E46E081B1,081/071,AR,KO,POKEMON,sv2d_ja-81,sv2-226
CRD_2F5447039AA345D78AAB,테라파고스 ex,BS2024012130,PRD_3C9C174C842D499D9A02,130/102,SAR,KO,POKEMON,sv7_ja-130,sv7-170
CRD_0B145711AB734536AD63,안농 VSTAR,BS2022017116,PRD_75DAB61BCF5342C38563,116/098,HR,KO,POKEMON,swsh12_ja-116,swsh12-199
CRD_24D79E9DD4E24DDFB538,뮤츠,BS2023014183,PRD_DAB43E31433041FC942F,183/165,AR,KO,POKEMON,sv2a_ja-183,svp-52
CRD_511F933EEDE74C64AB4A,덩쿠리,BS2023014178,PRD_DAB43E31433041FC942F,178/165,AR,KO,POKEMON,sv2a_ja-178,sv3pt5-178
CRD_170047638AA24C9D8581,솔가레오(프리즘스타),BS2018001043,PRD_F6FE8B8F09B645B4BEA7,043/066,PR,KO,POKEMON,sm5s_ja-43,sm5-89
CRD_2757D35F33AC4CF99CC7,모야모,BS2023012090,PRD_66FB8C2B312E46E081B1,090/071,SR,KO,TRAINER,sv2d_ja-91,sv2-254
CRD_2A51F7848C3F425BADD0,치릴리,BS2025007091,PRD_D52A4B350D2344119847,091/086,AR,KO,POKEMON,sv11b_ja-91,zsv10pt5-91
CRD_3E81F48F8E78476C8639,짜랑고우거 GX,BS2017004054,PRD_580510CA86824BE7B26B,054/050,SR,KO,POKEMON,sm2k_ja-54,sm2-141
CRD_10E17E66F341491EB014,조로아크 GX,BS2017010054,PRD_F59042429A0444D3B06F,054/072,RR,KO,POKEMON,sm3p_ja-54,sm35-53
CRD_44776BE951744966AC11,파비코,BS2023001202,PRD_B4F8E0D2E2414F1DBC9B,202/172,AR,KO,POKEMON,swsh12a_ja-202,swsh12pt5gg-GG27
CRD_143F9BB41FBA43D5B5DE,야도킹 ex,BS2023011030,PRD_514C148400944D8AA72F,030/071,RR,KO,POKEMON,sv2p_ja-30,sv2-86
CRD_404917AFA01148F5B7A7,브리두라스 ex,BS2024016080,PRD_3FAB90CDEC7C43B6A8DF,080/064,SR,KO,POKEMON,sv7a_ja-80,sv8-224
CRD_010576BAD6694C708F4E,고디보미,BS2023011078,PRD_514C148400944D8AA72F,078/071,AR,KO,POKEMON,sv2p_ja-78,sv2-213
CRD_0AF83E61B4874FECB22C,꼬지모,BS2023011080,PRD_514C148400944D8AA72F,080/071,AR,KO,POKEMON,sv2p_ja-80,sv2-219
CRD_3BD607C56C33412AAF02,입치트 V,BS2022016085,PRD_0C8B6847314E495B9C8E,085/068,CSR,KO,POKEMON,swsh11a_ja-85,swsh12tg-TG17
CRD_05BEE743A1F84904ADE4,노고고치,BS2023011083,PRD_514C148400944D8AA72F,083/071,AR,KO,POKEMON,sv2p_ja-83,sv2-229
CRD_62F7E63236364CB1A703,파오젠 ex,BS2023011093,PRD_514C148400944D8AA72F,093/071,SAR,KO,POKEMON,sv2p_ja-93,sv2-261
CRD_73060B256D5B47E6A823,볼트로스 EX,BS2015004079,PRD_9B9032EBA3C24F1ABA5C,079/078,SR,KO,POKEMON,xy6_ja-79,xy6-98
CRD_84D5C2862B76466098C2,리오르,BS2023001201,PRD_B4F8E0D2E2414F1DBC9B,201/172,AR,KO,POKEMON,swsh12a_ja-201,swsh12pt5gg-GG26
CRD_36A1599A2C254B9C957E,한카리아스 V,BS2023001109,PRD_B4F8E0D2E2414F1DBC9B,109/172,RR,KO,POKEMON,swsh12a_ja-109,swsh10-117
CRD_3B1C48E46678437CBAE4,가디안&님피아 GX,BS2019003061,PRD_B4B304E3BD094584B09E,061/055,SR,KO,POKEMON,sm9a_ja-61,sm10-205
CRD_3B9DA73247AA4D448AB0,오거폰 화덕의 가면 ex,BS2024008115,PRD_980F0BFCCDBB47558BFA,115/101,SR,KO,POKEMON,sv6_ja-115,sv6-192
CRD_407679EEDAA34799BBA6,실버디 GX,BS2019015041,PRD_FDF989679F15435DB74E,041/049,RR,KO,TRAINER,sm11b_ja-41,sm12-184
CRD_499466BB5F6A45A9BEAE,그루샤,BS2023011095,PRD_514C148400944D8AA72F,095/071,SAR,KO,TRAINER,sv2p_ja-95,sv2-268
CRD_2E14D4A8D7AB4CCB95D2,아보크 ex,BS2023014187,PRD_DAB43E31433041FC942F,187/165,SR,KO,POKEMON,sv2a_ja-187,sv3pt5-185
CRD_35F025B882B548A18185,어릿광대,BS2025008165,PRD_53034524E98C4FE8BF8D,165/086,SR,KO,TRAINER,sv11w_ja-165,rsv10pt5-163
CRD_41CF2D5A4A6A43DDB951,기로치,BS2024008108,PRD_980F0BFCCDBB47558BFA,108/101,AR,KO,POKEMON,sv6_ja-108,sv6pt5-73
CRD_053F45EBABE44DD09C9B,잉어킹,BS2023010080,PRD_FC339076828C45ED9BA0,080/073,AR,KO,POKEMON,sv1a_ja-80,sv2-203
CRD_49AA338BD81847B9B5A3,세레나,BS2022016082,PRD_0C8B6847314E495B9C8E,082/068,SR,KO,TRAINER,swsh11a_ja-81,swsh12-193
CRD_9DEBB30C1A894A7198FA,코라이돈 ex,BS2026001551,PRD_6F0F228947EF48919808,551/742,RR,KO,POKEMON,NO_JP,sv5-120
CRD_1F266213F3D04671AEAA,썬더 ex,BS2023014204,PRD_DAB43E31433041FC942F,204/165,SAR,KO,POKEMON,sv2a_ja-204,sv3pt5-202
CRD_4C491E5A492F45CB8EB5,그린의 전략,BS2019013104,PRD_85013CC4B9634E819F22,104/094,SR,KO,TRAINER,sm11_ja-106,sm11-231
CRD_0400517F2E89441EAC81,거북왕 ex,BS2023014202,PRD_DAB43E31433041FC942F,202/165,SAR,KO,POKEMON,sv2a_ja-202,sv3pt5-200
CRD_003510A0066E4AF58922,찌르꼬,BS2023006090,PRD_ED1CAC91B03F4EAD86F7,090/078,AR,KO,POKEMON,sv1s_ja-90,sv1-221
CRD_0136A086A0EE4B56BD13,찬란한 지라치,BS2022016045,PRD_0C8B6847314E495B9C8E,045/068,K,KO,POKEMON,swsh11a_ja-45,swsh12-120
CRD_02610BA308E64C70A526,노고치,BS2023001198,PRD_B4F8E0D2E2414F1DBC9B,198/172,AR,KO,POKEMON,swsh12a_ja-198,swsh12pt5gg-GG23
CRD_029907DF1DDC4963B94E,달막화,BS2025007098,PRD_D52A4B350D2344119847,098/086,AR,KO,POKEMON,sv11b_ja-98,zsv10pt5-97
CRD_1D1BB63C7C8542D59855,거북왕&팽도리 GX,BS2019014016,PRD_8F7CD105F639462ABA75,016/064,RR,KO,POKEMON,sm11a_ja-16,sm12-38
CRD_1DF3BDE764954B38BA78,폭거북스 GX,BS2017004009,PRD_580510CA86824BE7B26B,009/050,RR,KO,POKEMON,sm2k_ja-9,sm2-18
CRD_4F9A907B588C4D71ADBF,민진,BS2015004088,PRD_9B9032EBA3C24F1ABA5C,088/078,SR,KO,TRAINER,xy6_ja-89,xy6-107
CRD_6CBCB133079240129A9D,망나뇽 V,BS2022010078,PRD_FEBA8CBAF36B40D9850F,078/071,SR,KO,POKEMON,swsh10b_ja-78,pgo-76
CRD_936083589DA54381B714,뮤츠 VSTAR,BS2022010084,PRD_FEBA8CBAF36B40D9850F,084/071,HR,KO,POKEMON,swsh10b_ja-84,pgo-79
CRD_2673A337A01243339EC5,악식킹 GX,BS2019002232,PRD_F0B2C76547E5479F8E65,232/150,SSR,KO,POKEMON,sm8b_ja-232,sma-SV71
CRD_1ACE44AEBA7B4DF5B0D6,칸델라,BS2022010090,PRD_FEBA8CBAF36B40D9850F,090/071,HR,KO,TRAINER,swsh10b_ja-87,pgo-83
CRD_287970473FD84B928D5D,카푸꼬꼬꼭(프리즘스타),BS2018013014,PRD_6DB848A34AB046C29FCF,014/052,PR,KO,POKEMON,sm8a_ja-14,sm9-51
CRD_46402F0A4DE7492785D0,게노세크트 V,BS2023001102,PRD_B4F8E0D2E2414F1DBC9B,102/172,RR,KO,POKEMON,swsh12a_ja-102,swsh8-185
CRD_2297ECA873FB4C6EB5C5,신비록 V,BS2023001131,PRD_B4F8E0D2E2414F1DBC9B,131/172,RR,KO,POKEMON,swsh12a_ja-131,swsh10-134
CRD_33FE80EB03934DEC8C07,파이리,BS2023023051,PRD_CC65479EEB8C445BB1DF,051/049,AR,KO,POKEMON,NO_JP,svp-44
CRD_57D75046E0404E6EBE7B,울트라조사대,BS2018003056,PRD_0BF9D5EE99F244E7910D,056/050,SR,KO,TRAINER,sm5p_ja-55,sm6-131
CRD_5F09CD4E587B4983ACCF,킬가르도,BS2023020073,PRD_B7309AB1FDF64E4EA6B1,073/062,AR,KO,POKEMON,sv3a_ja-73,sv4-210
CRD_7397558D5108401EB78D,M헤라크로스 EX,BS2014003005,PRD_48B06855BF394BE69706,005/096,RR,KO,POKEMON,xy3_ja-5,xy3-5
CRD_AA19A54D13CC49198C77,오리진 디아루가 VSTAR,BS2023001260,PRD_B4F8E0D2E2414F1DBC9B,260/172,UR,KO,POKEMON,swsh12a_ja-260,swsh12pt5gg-GG68
CRD_95020B5585B74E58A3AC,레트라 BREAK,BS2016001066,PRD_52E8B395613649EDA22B,066/080,RR,KO,POKEMON,xy9_ja-66,xy9-89
CRD_65B86BDD091845B6B9B3,루나아라 GX,BS2017002062,PRD_A7690D997FD6483B8C54,062/060,SR,KO,POKEMON,sm1m_ja-62,sm1-141
CRD_5EF0A6A219594553A91B,한카리아스 ex,BS2023020085,PRD_B7309AB1FDF64E4EA6B1,085/062,SAR,KO,POKEMON,sv3a_ja-85,sv4-245
CRD_9C10318D36A044519EB6,뮤츠 EX,BS2016009052,PRD_E8E7DDCB3A754A04BC5A,052/100,RR,KO,POKEMON,cp6_ja-50,xy12-52
CRD_14CFDC4FCADA4F70A670,데스니칸 ex,BS2023021031,PRD_8E32996A2E964C128DBF,031/066,RR,KO,POKEMON,sv4k_ja-31,sv4-76
CRD_2CECD65EDFEE402B8093,킹드라,BS2022001190,PRD_767E549F894445C98D52,190/184,CHR,KO,POKEMON,swsh8b_ja-190,swsh10tg-TG03
CRD_3A57174859F8445CB9F0,괴력몬 VMAX,BS2023001072,PRD_B4F8E0D2E2414F1DBC9B,072/172,RRR,KO,POKEMON,swsh12a_ja-72,swsh10-73
CRD_4145122B76D44C99ACC5,개굴닌자&조로아크 GX,BS2019003059,PRD_B4B304E3BD094584B09E,059/055,SR,KO,POKEMON,sm9a_ja-59,sm10-201
CRD_524170C118594AD6B7E3,다태우지네 VMAX,BS2022001219,PRD_767E549F894445C98D52,219/184,CSR,KO,POKEMON,swsh8b_ja-219,swsh11tg-TG15
CRD_168A21AE1367433791FA,에브이&테오키스 GX,BS2019017177,PRD_C50AF6B22D9843F5B112,177/173,SR,KO,POKEMON,sm12a_ja-177,smp-SM240
CRD_24CD0D7FE1834DA89707,부스터,BS2022001188,PRD_767E549F894445C98D52,188/184,CHR,KO,POKEMON,swsh8b_ja-188,swsh9tg-TG01
CRD_375B75D3FC3E42BAA4AD,사나운버섯,BS2023021077,PRD_8E32996A2E964C128DBF,077/066,AR,KO,POKEMON,sv4k_ja-77,sv4-207
CRD_385E29A0C8C3476C9C4B,드래피온 V,BS2023001085,PRD_B4F8E0D2E2414F1DBC9B,085/172,RR,KO,POKEMON,swsh12a_ja-85,swsh11-118
CRD_4BE279D087D44FB6B0F3,렌트라 ex,BS2024008118,PRD_980F0BFCCDBB47558BFA,118/101,SR,KO,POKEMON,sv6_ja-118,sv6-195
CRD_5034E9197BEF4694BCDE,일격 우라오스 VMAX,BS2022001239,PRD_767E549F894445C98D52,239/184,CSR,KO,POKEMON,swsh8b_ja-239,swsh9tg-TG19
CRD_1CC18469ABD541448268,돌핀맨,BS2023015111,PRD_C017B01380CF490A9480,111/108,AR,KO,POKEMON,sv3_ja-111,sv3-200
CRD_3AF8CE5102AA47F5A68E,리자몽 ex,BS2023015134,PRD_C017B01380CF490A9480,134/108,SAR,KO,POKEMON,sv3_ja-134,sv3-223
CRD_1781CCF24CA84BC3B847,음뱃,BS2025001111,PRD_EC14FE47676E4D529FD0,111/100,AR,KO,POKEMON,sv9_ja-111,sv9-169
CRD_6A148797C15E4E7D9FE7,N의 각오,BS2019015066,PRD_FDF989679F15435DB74E,066/049,SR,KO,TRAINER,sm11b_ja-66,sm12-232
CRD_5754D3B72AA34FB4A42C,다태우지네 VMAX,BS2020016310,PRD_595A32AA23664B6ABD92,310/190,SSR,KO,POKEMON,swsh4a_ja-310,swsh45sv-SV109
CRD_36CCEEAEBFE444AF8E74,팬텀 EX,BS2014004090,PRD_42626661804D4BE1B5E2,090/088,SR,KO,POKEMON,xy4_ja-90,xy4-114
CRD_3FAAA0E00D4E4C6A8014,버넷박사,BS2022001265,PRD_767E549F894445C98D52,265/184,SR,KO,TRAINER,swsh8b_ja-265,swsh12tg-TG26
CRD_1AF00E0F44D842E894A4,쌍검자비,BS2025008103,PRD_53034524E98C4FE8BF8D,103/086,AR,KO,POKEMON,sv11w_ja-103,rsv10pt5-106
CRD_27F9714CA8CF4C0D8906,비조도,BS2025008132,PRD_53034524E98C4FE8BF8D,132/086,AR,KO,POKEMON,sv11w_ja-132,rsv10pt5-134
CRD_2A2AA65BC13345549AD1,마스터드 연격의 태세,BS2022001259,PRD_767E549F894445C98D52,259/184,SR,KO,TRAINER,swsh8b_ja-273,swsh9tg-TG27
CRD_36C025F4B7F545C0814D,마스터드 일격의 태세,BS2022001260,PRD_767E549F894445C98D52,260/184,SR,KO,TRAINER,swsh8b_ja-272,swsh9tg-TG28
CRD_4E711DDC48A24974B926,고디모아젤,BS2025008123,PRD_53034524E98C4FE8BF8D,123/086,AR,KO,POKEMON,sv11w_ja-123,svp-211
CRD_190E3B946C714D6CBFCD,샤로다 ex,BS2025007167,PRD_D52A4B350D2344119847,167/086,SAR,KO,POKEMON,sv11b_ja-167,zsv10pt5-164
CRD_05613B885FD5443C8BC8,카지,BS2024019230,PRD_D26383A636BE42F09D6B,230/187,SAR,KO,TRAINER,sv8a_ja-230,sv8pt5-174
CRD_0E86D1DB89544CD7A643,배바닐라,BS2025008110,PRD_53034524E98C4FE8BF8D,110/086,AR,KO,POKEMON,sv11w_ja-110,rsv10pt5-113
CRD_047131CE3AB3482C8F7F,굽이치는물결 ex,BS2024019235,PRD_D26383A636BE42F09D6B,235/187,UR,KO,POKEMON,sv8a_ja-235,sv8pt5-178
CRD_55EE6B10CEA84CDA8EED,마샤도&괴력몬 GX,BS2019007101,PRD_BDAF39161DD0442B99F6,101/095,SR,KO,POKEMON,sm10_ja-101,sm10-199
CRD_121C03E944C44190B954,히드런 GX,BS2019010055,PRD_472A74A595644AAF95EA,055/054,SR,KO,POKEMON,sm10a_ja-55,sm11-216
CRD_22BC9BEDDB4B49D88171,가라르 가로막구리,BS2022001207,PRD_767E549F894445C98D52,207/184,CHR,KO,POKEMON,swsh8b_ja-207,swsh10tg-TG10
CRD_6BA5079A40E942659EB7,찬란한 루차불,BS2022004072,PRD_B6A92B9A3823440F8F49,043/067,K,KO,POKEMON,swsh9a_ja-43,swsh10-81
CRD_287F04A23D8D4624B994,마스,BS2018001070,PRD_F6FE8B8F09B645B4BEA7,070/066,SR,KO,TRAINER,sm5s_ja-72,sm5-154
CRD_2BD642F0ABE84DA8BDCF,테라파고스 ex,BS2024012133,PRD_3C9C174C842D499D9A02,133/102,UR,KO,POKEMON,sv7_ja-133,sv7-173
CRD_2942A77E70D64CD79DC5,킬가르도 ex,BS2023022045,PRD_245223BF212C456385F3,045/066,RR,KO,POKEMON,sv4m_ja-45,sv4-135
CRD_32686724596F433298EB,자시안 V,,PRD_7CCB63858C7E43A287F2,073/060,UR,KO,POKEMON,swsh1w_ja-73,swsh1-211
CRD_2A1A9C89BB3947378F7C,자마젠타 V,,PRD_FC1A7B5927A44298A2A2,073/060,UR,KO,POKEMON,swsh1h_ja-73,swsh1-212
CRD_6D3728BAC7354E489BA7,멜로코,BS2023021091,PRD_8E32996A2E964C128DBF,091/066,SAR,KO,TRAINER,sv4k_ja-92,sv4-254
CRD_2C4C0A40740543B09035,돌핀맨,BS2024001339,PRD_219AD0EF77CA4165AD0F,339/190,AR,KO,POKEMON,sv4a_ja-339,sv4pt5-225
CRD_274BA225B19844028DDF,총지엔 ex,BS2024001355,PRD_219AD0EF77CA4165AD0F,355/190,UR,KO,POKEMON,sv4a_ja-355,sv4pt5-240
CRD_143023DAF60545D2B327,오리진 디아루가 V,BS2022007048,PRD_A34AF524E977421D94D7,048/067,RR,KO,POKEMON,swsh10d_ja-48,swsh10-113
CRD_EE02CE3BA278460EBEA5,인텔리온,,PRD_BD7FA21EB0B4407086A0,098/069,UR,KO,TRAINER,swsh6a_ja-98,swsh7-227
CRD_0212FE92DB3D42B3980A,눈여아,BS2024008104,PRD_980F0BFCCDBB47558BFA,104/101,AR,KO,POKEMON,sv6_ja-104,sv6-174
CRD_1123601A6CCD4FB19606,뮤 EX,BS2012005051,PRD_52F25CD879E2435AB037,051/050,SR,KO,POKEMON,bw5s_ja-51,bw6-120
CRD_0F948BF5021D42F9BF8F,울트라네크로즈마 GX,BS2019017101,PRD_C50AF6B22D9843F5B112,101/173,RR,KO,POKEMON,sm12a_ja-101,sm6-95
CRD_09EFFE8F5F8C4A58A5DD,파비코리 ex,BS2023022083,PRD_245223BF212C456385F3,083/066,SR,KO,POKEMON,sv4m_ja-83,sv4-232
CRD_0FF5AA22F1EE4EE0BE22,루가루암 GX,BS2017013056,PRD_5DB928790C7E449C8459,056/114,RR,KO,POKEMON,sm4p_ja-56,smp-SM14
CRD_1AF555656B2048A2B4EE,무쇠손 ex,BS2023022027,PRD_245223BF212C456385F3,027/066,RR,KO,POKEMON,sv4m_ja-27,sv4-70
CRD_0B59EFE11F824CC29403,다태우지네 V,BS2020010016,PRD_9C4063C50B5B45C09FF9,016/070,RR,KO,POKEMON,swsh2a_ja-16,swsh3-33
CRD_3ABEBDCF89194B049E06,이올브 VMAX,BS2022001011,PRD_767E549F894445C98D52,011/184,RRR,KO,POKEMON,swsh8b_ja-11,swsh4-21
CRD_51DDA6EA64684E538750,펄스멍 V,BS2020016056,PRD_595A32AA23664B6ABD92,056/190,RR,KO,POKEMON,swsh4a_ja-56,swsh2-67
CRD_3B58C4FB597C409D8154,리파,BS2023022091,PRD_245223BF212C456385F3,091/066,SAR,KO,TRAINER,sv4m_ja-92,sv4-259
CRD_22DCDC22E2E84027B7A3,보스로라 EX,BS2015001045,PRD_F918066FC0EA4F6B9C99,045/070,RR,KO,POKEMON,xy5g_ja-45,xy5-93
CRD_01E1A15D9BF64FB3A102,캥카 EX,BS2014002064,PRD_C2C1ECDBD68A4BC08849,064/080,RR,KO,POKEMON,xy2_ja-64,xy2-78
CRD_0C248A94127B49FB8F15,라이츄 GX,BS2017010030,PRD_F59042429A0444D3B06F,030/072,RR,KO,POKEMON,sm3p_ja-30,sm35-29
CRD_3B4881B425A945B385D7,화염레오 BREAK,BS2016006010,PRD_CBD194134D1F48C5B86E,010/054,RR,KO,POKEMON,xy11f_ja-10,xy11-24
CRD_13157CF56E204E5E81EA,레디안,BS2024012103,PRD_3C9C174C842D499D9A02,103/102,AR,KO,POKEMON,sv7_ja-103,sv7-144
CRD_1F8F6869FA4548279B6E,루카리오&멜메탈 GX,BS2019005029,PRD_F47B27397A4F495BA9FE,029/054,RR,KO,POKEMON,sm9b_ja-29,sm10-120
CRD_11E8AAB5199A493C9515,더시마사리 GX,BS2017003026,PRD_8E7CED8394594453A32D,026/051,RR,KO,POKEMON,sm1p_ja-26,sm2-57
CRD_64AC0547355944F0835D,쥬피썬더 V,BS2021007079,PRD_BD7FA21EB0B4407086A0,079/069,SR,KO,POKEMON,swsh6a_ja-79,swshp-SWSH183
CRD_6D8F9AF9CC2D47D0ABE5,눈설왕,BS2022001185,PRD_767E549F894445C98D52,185/184,CHR,KO,POKEMON,swsh8b_ja-185,swsh10tg-TG01
CRD_75E352E7A1BF4AD3A0CF,프리져 GX,BS2019002214,PRD_F0B2C76547E5479F8E65,214/150,SSR,KO,POKEMON,sm8b_ja-214,sma-SV54
CRD_26B8AD9FA6554601A3B7,뮤츠 GX,BS2019002219,PRD_F0B2C76547E5479F8E65,219/150,SSR,KO,POKEMON,sm8b_ja-219,sma-SV59
CRD_074346DE46AC4F019E17,약어리 [군집의 모습],BS2019015053,PRD_FDF989679F15435DB74E,053/049,CHR,KO,POKEMON,sm11b_ja-53,sm12-240
CRD_24FAA1F19A0941A2BB96,보미카,BS2019017194,PRD_C50AF6B22D9843F5B112,194/173,SR,KO,TRAINER,sm12a_ja-197,NO_EN
CRD_3BE5316F6AED4A72B593,다크라이 GX,BS2019002230,PRD_F0B2C76547E5479F8E65,230/150,SSR,KO,POKEMON,sm8b_ja-230,sma-SV70
CRD_1AF7C5C839D646B0A61B,엠라이트,BS2024017114,PRD_0CC50B878F5F40BAA824,114/106,AR,KO,POKEMON,sv8_ja-114,sv8-204
CRD_285E533D9D2F4E4F94A6,팔데아의 학생,BS2024001345,PRD_219AD0EF77CA4165AD0F,345/190,SR,KO,TRAINER,sv4a_ja-345,sv4pt5-230
CRD_22A6C07D45A04AADBA89,히스이 미끄래곤 VSTAR,BS2022011140,PRD_554AB5D7D5A440D0AA2A,091/071,HR,KO,POKEMON,swsh10a_ja-91,swsh11-202
CRD_31C58C5A3B144203BD03,히스이 조로아크 V,BS2023001128,PRD_B4F8E0D2E2414F1DBC9B,128/172,RR,KO,POKEMON,swsh12a_ja-128,swsh11-146
CRD_059BC58882F1444791AD,뮤츠&뮤 GX,BS2019017052,PRD_C50AF6B22D9843F5B112,052/173,RR,KO,POKEMON,sm12a_ja-52,sm11-71
CRD_315BCF529A824490A671,거대코뿌리 V,BS2020011049,PRD_91D480C53D3248F79831,049/100,RR,KO,POKEMON,swsh3_ja-49,swsh3-95
CRD_0250ADD17A674DED8424,눈설왕,BS2024001200,PRD_219AD0EF77CA4165AD0F,200/190,S,KO,POKEMON,sv4a_ja-200,sv4pt5-101
CRD_1C157708149345C6BF37,갸라도스 V,BS2021012020,PRD_3AD5C945B465480BA36C,020/067,RR,KO,POKEMON,swsh7r_ja-20,swsh7-28
CRD_51BAE0050B1B403BBD88,화이트큐레무 GX,BS2018005035,PRD_6FAC8D9AE7E9486E91BC,035/053,RR,KO,POKEMON,sm6a_ja-35,sm75-48
CRD_791572148F7B4CA19F63,누니머기,BS2024004073,PRD_171222A74859484783EB,073/071,AR,KO,POKEMON,sv5k_ja-73,sv5-168
CRD_3BEF85BDD3334AB1B674,위유이 ex,BS2024001356,PRD_219AD0EF77CA4165AD0F,356/190,UR,KO,POKEMON,sv4a_ja-356,sv4pt5-241
CRD_24E953E56C044EFFAEB2,뮤 V,BS2023001053,PRD_B4F8E0D2E2414F1DBC9B,053/172,RR,KO,POKEMON,swsh12a_ja-53,swsh12pt5-60
CRD_4CE7E440FEFE4B8EB2AB,리오르,BS2023006086,PRD_ED1CAC91B03F4EAD86F7,086/078,AR,KO,POKEMON,sv1s_ja-86,sv1-215
CRD_1EDE2D3DF6644957B409,기라티나(프리즘스타),BS2018002030,PRD_F201E3D7E4F640C7847E,030/066,PR,KO,POKEMON,sm5m_ja-30,sm5-58
CRD_28347CC12F42441E8376,이상해꽃&주리비얀 GX,BS2019014001,PRD_8F7CD105F639462ABA75,001/064,RR,KO,POKEMON,sm11a_ja-1,sm12-1
CRD_36F3273DC7014993855A,네크로즈마 황혼의 갈기 GX,BS2019002086,PRD_F0B2C76547E5479F8E65,086/150,RR,KO,POKEMON,sm8b_ja-86,smp-SM102
CRD_04E476A38A5347C9B184,과미드라,BS2025005068,PRD_66A71505B24242AD9875,068/063,AR,KO,POKEMON,sv9a_ja-68,sv10-188
CRD_08E2001528D84351A367,가라르 프리져 V,BS2022001060,PRD_767E549F894445C98D52,060/184,RR,KO,POKEMON,swsh8b_ja-60,swsh6-58
CRD_0A1D6B89377D433F8DC2,라프라스 GX,BS2017001016,PRD_498EC017052748FA9B3C,016/060,RR,KO,POKEMON,sm1s_ja-16,sm1-35
CRD_1AD1B3ABA677423BBCAE,라이츄 V,BS2022002106,PRD_FA60964DC9AC4C999AC2,106/100,SR,KO,POKEMON,swsh9_ja-106,swsh9-158
CRD_186B68241588428C9410,꼭두,BS2018010102,PRD_6066B79FCD694BDCBF82,102/095,SR,KO,TRAINER,sm8_ja-101,sm8-214
CRD_5563F3670A2C4D95AB21,모젤란,BS2020016194,PRD_595A32AA23664B6ABD92,194/190,SR,KO,TRAINER,swsh4a_ja-191,swsh45-67
CRD_5CE39B03B3954AB3B664,비크티니(프리즘스타),BS2018005004,PRD_6FAC8D9AE7E9486E91BC,004/053,PR,KO,POKEMON,sm6a_ja-4,sm75-7
CRD_16DBDADB6156412A924A,유빈의 확신,BS2024004091,PRD_171222A74859484783EB,091/071,SR,KO,TRAINER,sv5k_ja-92,sv5-201
CRD_3ECB798328944A0F8A34,굽이치는물결 ex,BS2024004099,PRD_171222A74859484783EB,099/071,UR,KO,POKEMON,sv5k_ja-99,sv5-215
CRD_535F50E9DD9145CFB167,개굴닌자 GX,BS2019002033,PRD_F0B2C76547E5479F8E65,033/150,RR,KO,POKEMON,sm8b_ja-33,sm6-24
CRD_68701C3E4E4942B29F01,킬가르도 VMAX,BS2020014081,PRD_32C23D5FA71F45ADB572,081/100,RRR,KO,POKEMON,swsh4_ja-81,swsh4-127
CRD_16CF32D4C1234DB68301,어흥염 GX,BS2017003053,PRD_8E7CED8394594453A32D,053/051,SR,KO,POKEMON,sm1p_ja-53,smp-SM38
CRD_18CD5427946D4525B172,한카리아스 ex,BS2023020090,PRD_B7309AB1FDF64E4EA6B1,090/062,UR,KO,POKEMON,sv3a_ja-90,sv4-260
CRD_4D1CD4CF50AA440F904D,거북왕&팽도리 GX,BS2019014069,PRD_8F7CD105F639462ABA75,069/064,SR,KO,POKEMON,sm11a_ja-69,sm12-214
CRD_4FBC77A3FDD544CCA755,루가루암 GX,BS2017005053,PRD_B037DA2FF59847768F3C,053/050,SR,KO,POKEMON,sm2l_ja-53,sm2-138
CRD_3A51FC9327024878903D,무쇠잎새 ex,BS2024005093,PRD_B8A7BADF7613420288AC,093/071,SAR,KO,POKEMON,sv5m_ja-93,sv5-203
CRD_1A85603204124465ACAD,두드리짱 ex,BS2023012087,PRD_66FB8C2B312E46E081B1,087/071,SR,KO,POKEMON,sv2d_ja-87,sv2-240
CRD_26CD880191FC48B2BE27,벨의 진심,BS2024005090,PRD_B8A7BADF7613420288AC,090/071,SR,KO,TRAINER,sv5m_ja-92,sv5-197
CRD_3A9BC04410714B2ABFF2,메타그로스,BS2024005080,PRD_B8A7BADF7613420288AC,080/071,AR,KO,POKEMON,sv5m_ja-80,sv5-178
CRD_0596431CCC63469EA0C3,블래키 GX,BS2017002063,PRD_A7690D997FD6483B8C54,063/060,SR,KO,POKEMON,sm1m_ja-63,sm1-142
CRD_57D3263FF3A147BF9CBD,벨의 진심,BS2024005096,PRD_B8A7BADF7613420288AC,096/071,SAR,KO,TRAINER,sv5m_ja-97,sv5-209
CRD_6FCF50A226284C4495C6,오리진 디아루가 VSTAR,BS2022007086,PRD_A34AF524E977421D94D7,086/067,UR,KO,POKEMON,swsh10d_ja-86,swsh10-210
CRD_75B112D50ACB4C48BD78,세이지,BS2024005097,PRD_B8A7BADF7613420288AC,097/071,SAR,KO,TRAINER,sv5m_ja-96,sv5-212
CRD_8E2251855B704464BC69,야느와르몽,BS2024011070,PRD_7293190A22224C0598D5,070/064,AR,KO,POKEMON,sv6a_ja-70,sv6pt5-70
CRD_0E12AB50D23D4953B0AF,꿈트렁,BS2023011081,PRD_514C148400944D8AA72F,081/071,AR,KO,POKEMON,sv2p_ja-81,sv2-224
CRD_1D7AF3D440F245F09657,무쇠감투 ex,BS2024005099,PRD_B8A7BADF7613420288AC,099/071,UR,KO,POKEMON,sv5m_ja-99,sv5-216
CRD_1F7AC8B706234CD0B21D,바랜드,BS2019015061,PRD_FDF989679F15435DB74E,061/049,CHR,KO,POKEMON,sm11b_ja-61,sm12-248
CRD_100CD4F587424353BDEA,페로코체&매시붕 GX,BS2019005055,PRD_F47B27397A4F495BA9FE,055/054,SR,KO,POKEMON,sm9b_ja-55,sm10-191
CRD_1573232461C14F27B212,세류,BS2024007086,PRD_965FA5E5CD004C97AE74,086/066,SR,KO,TRAINER,sv5a_ja-87,sv6-209
CRD_0810CE32B1AB400B95BA,한카리아스&기라티나 GX,BS2019010059,PRD_472A74A595644AAF95EA,059/054,SR,KO,POKEMON,sm10a_ja-59,sm11-228
CRD_0C3A374FCCE5445B84A9,복숭악동 ex,BS2024011092,PRD_7293190A22224C0598D5,092/064,UR,KO,POKEMON,sv6a_ja-92,sv6pt5-95
CRD_16FAD83BCF8E45DD9103,네오라이트 V,BS2023001026,PRD_B4F8E0D2E2414F1DBC9B,026/172,RR,KO,TRAINER,swsh12a_ja-26,swshp-SWSH250
CRD_2E7CD2B64DB94542A5DB,조타구,BS2024008110,PRD_980F0BFCCDBB47558BFA,110/101,AR,KO,POKEMON,sv6_ja-110,sv6pt5-74
CRD_2ED0AB8374204F3DABF4,가라르 파이어 V,BS2023001080,PRD_B4F8E0D2E2414F1DBC9B,080/172,RR,KO,POKEMON,swsh12a_ja-80,swsh6-97
CRD_330DDDD1228E4170B359,형사구스 GX,BS2017001064,PRD_498EC017052748FA9B3C,064/060,SR,KO,POKEMON,sm1s_ja-64,sm1-145
CRD_2E88C364F7394ACBB0AB,마리,BS2020016193,PRD_595A32AA23664B6ABD92,193/190,SR,KO,TRAINER,swsh4a_ja-198,swshp-SWSH121
CRD_24E2B7E72A25492F960D,푸크린 ex,BS2024001336,PRD_219AD0EF77CA4165AD0F,336/190,SSR,KO,TRAINER,sv4a_ja-336,sv4pt5-222
CRD_010A7FF3B3854654B6A1,네크로즈마 새벽의 날개 GX,BS2018002068,PRD_F201E3D7E4F640C7847E,068/066,SR,KO,POKEMON,sm5m_ja-68,sm5-143
CRD_090C5C6FE6B34BC0A9E7,기라티나 VSTAR,BS2022014124,PRD_D85C098E2C3449848167,125/100,UR,KO,POKEMON,swsh11_ja-125,swsh11-212
CRD_0121009428B847BEBE66,망나뇽 EX,BS2016009072,PRD_E8E7DDCB3A754A04BC5A,072/100,RR,KO,POKEMON,cp6_ja-70,xy12-72
CRD_32611C07C96441F59DCF,리피아 GX,BS2018001067,PRD_F6FE8B8F09B645B4BEA7,067/066,SR,KO,POKEMON,sm5s_ja-67,sm5-139
CRD_4AE3AB5A697244519998,가라르 날쌩마 V,BS2021004074,PRD_83E04A9A71A74A88AB44,074/070,SR,KO,POKEMON,swsh6h_ja-74,swsh6-167
CRD_6FC66FFBF4F043FF9348,난천의 한카리아스 ex,BS2025005080,PRD_66A71505B24242AD9875,080/063,SR,KO,POKEMON,sv9a_ja-80,sv10-215
CRD_1A815E05CDFE482484A2,솔가레오&루나아라 GX,BS2019015063,PRD_FDF989679F15435DB74E,063/049,SR,KO,POKEMON,sm11b_ja-63,sm12-216
CRD_66939CDD71824EF5877F,루자미네,BS2017012055,PRD_B9ABCB229FAD45509D71,055/050,SR,KO,TRAINER,sm4a_ja-55,sm4-110
CRD_6DDDEA43AA7647C5BA28,난천,BS2019002153,PRD_F0B2C76547E5479F8E65,153/150,SR,KO,TRAINER,sm8b_ja-153,sma-SV82
CRD_1D86DD36D9564C309BE6,리자몽 ex,BS2023015125,PRD_C017B01380CF490A9480,125/108,SR,KO,POKEMON,sv3_ja-125,sv3-215
CRD_2847A51BC6AB4B00BB53,아크로마의 집념,BS2024011084,PRD_7293190A22224C0598D5,084/064,SR,KO,TRAINER,sv6a_ja-83,sv6pt5-87
CRD_0548814E2096488481FF,금랑,BS2022001256,PRD_767E549F894445C98D52,256/184,SR,KO,TRAINER,swsh8b_ja-259,swsh12tg-TG27
CRD_56F7E4C6FF4B4CBEA51F,가디안 GX,BS2019002237,PRD_F0B2C76547E5479F8E65,237/150,SSR,KO,POKEMON,sm8b_ja-237,sma-SV75
CRD_66963C0675B84ECAA1FA,마스터,BS2022001258,PRD_767E549F894445C98D52,258/184,SR,KO,TRAINER,swsh8b_ja-271,swsh9tg-TG25
CRD_6F30F6948BD54C099B7B,남나리의 도움,BS2023014196,PRD_DAB43E31433041FC942F,196/165,SR,KO,TRAINER,sv2a_ja-198,sv3pt5-195
CRD_D343C56E339540C186C2,깨물부기,BS2020016227,PRD_595A32AA23664B6ABD92,227/190,S,KO,POKEMON,swsh4a_ja-227,swsh45sv-SV028
CRD_3BE8944EE0F7456FBD5A,도나리 GX,BS2019003002,PRD_B4B304E3BD094584B09E,002/055,RR,KO,POKEMON,sm9a_ja-2,sm10-12
CRD_49B4C54D818A4CF7BA81,M리자몽 EX,BS2014002055,PRD_C2C1ECDBD68A4BC08849,055/080,RR,KO,POKEMON,xy2_ja-55,xy2-69
CRD_4F2A7D0A1A7B4BA789D5,한카리아스 V,BS2022004129,PRD_B6A92B9A3823440F8F49,084/067,CSR,KO,POKEMON,swsh9a_ja-84,swsh10tg-TG23
CRD_3BD22AE03D484B308C7E,게노세크트 ex,BS2025007069,PRD_D52A4B350D2344119847,069/086,RR,KO,POKEMON,sv11b_ja-69,zsv10pt5-67
CRD_22F914B318E7499997AE,스이쿤 V,BS2023001215,PRD_B4F8E0D2E2414F1DBC9B,215/172,SAR,KO,POKEMON,swsh12a_ja-215,swsh12pt5gg-GG38
CRD_0D4FF129CB84410FBD8E,브리무음 V,BS2023001065,PRD_B4F8E0D2E2414F1DBC9B,065/172,RR,KO,POKEMON,swsh12a_ja-65,swsh12pt5-65
CRD_2BB68D76B2954C079D6A,펄스멍 V,BS2020004031,PRD_D785A25B9DFD4C32AE7C,031/070,RR,KO,POKEMON,swsh1a_ja-31,swsh2-67
CRD_3EDE7FB426A144669E19,마라카치,BS2025007093,PRD_D52A4B350D2344119847,093/086,AR,KO,POKEMON,sv11b_ja-93,zsv10pt5-93
CRD_9390ABC39D714947A980,카르본,BS2024001217,PRD_219AD0EF77CA4165AD0F,217/190,S,KO,POKEMON,sv4a_ja-217,sv4pt5-114
CRD_4D1DBE122AB04EE8AB19,무쇠감투 ex,BS2024019214,PRD_D26383A636BE42F09D6B,214/187,SAR,KO,POKEMON,sv8a_ja-214,sv8pt5-158
CRD_7AD3E7B95A594FFEABE6,뮤 ex,BS2024001347,PRD_219AD0EF77CA4165AD0F,347/190,SAR,KO,POKEMON,sv4a_ja-347,sv4pt5-232
CRD_437C97C642DD44B5B6AD,딩루 ex,BS2024001359,PRD_219AD0EF77CA4165AD0F,359/190,UR,KO,POKEMON,sv4a_ja-359,sv4pt5-244
CRD_0913C93AC0DD43E58008,코라이돈 ex,BS2024001360,PRD_219AD0EF77CA4165AD0F,360/190,UR,KO,POKEMON,sv4a_ja-360,sv4pt5-245
CRD_112139C75D774E75BDDA,킬라플로르 ex,BS2024001329,PRD_219AD0EF77CA4165AD0F,329/190,SSR,KO,POKEMON,sv4a_ja-329,sv4pt5-218
CRD_0CFBA7BBD78645C38955,갑주무사 GX,BS2019002208,PRD_F0B2C76547E5479F8E65,208/150,SSR,KO,POKEMON,sm8b_ja-208,sma-SV48
CRD_174D03650DD04FAB90ED,볼케니온(프리즘스타),BS2018004027,PRD_3FDB16A819514C3C85B3,027/094,PR,KO,POKEMON,sm6_ja-27,sm6-31
CRD_1E02FB124E934CF8AE0F,꼬지보리,BS2025008106,PRD_53034524E98C4FE8BF8D,106/086,AR,KO,POKEMON,sv11w_ja-106,rsv10pt5-109
CRD_5BFE2B8ADBF64C2CBCFF,악비르,BS2025007142,PRD_D52A4B350D2344119847,142/086,AR,KO,POKEMON,sv11b_ja-142,zsv10pt5-136
CRD_6A0E78B2E87B4CA88D98,가디안 ex,BS2024001328,PRD_219AD0EF77CA4165AD0F,328/190,SSR,KO,POKEMON,sv4a_ja-328,sv4pt5-217
CRD_095AFC71458E492189E1,스코빌런,BS2023007081,PRD_5AD4DD681C694EAC8DDA,081/078,AR,KO,POKEMON,sv1v_ja-81,sv1-202
CRD_09BE4064BBF541EE8222,에이스번 ex,BS2024012116,PRD_3C9C174C842D499D9A02,116/102,SR,KO,POKEMON,sv7_ja-116,sv7-157
CRD_08D8EFD7132A4E838F53,꿈트렁 ex,BS2024012121,PRD_3C9C174C842D499D9A02,121/102,SR,KO,POKEMON,sv7_ja-121,sv7-162
CRD_0FFC051368D048A489A8,타로,BS2024012132,PRD_3C9C174C842D499D9A02,132/102,SAR,KO,TRAINER,sv7_ja-131,sv7-172
CRD_135EC26698D0487B9383,총지엔 ex,BS2024001024,PRD_219AD0EF77CA4165AD0F,024/190,RR,KO,POKEMON,sv4a_ja-24,sv2-27
CRD_20B447132BB64565AC00,하솔,BS2024012126,PRD_3C9C174C842D499D9A02,126/102,SR,KO,TRAINER,sv7_ja-123,sv7-164
CRD_214C3CC1FFFD487FBD68,마스카나 ex,BS2024001321,PRD_219AD0EF77CA4165AD0F,321/190,SSR,KO,POKEMON,sv4a_ja-321,svp-78
CRD_1E4B7D9AA9DB42A7982A,킬라플로르 ex,BS2024001111,PRD_219AD0EF77CA4165AD0F,111/190,RR,KO,POKEMON,sv4a_ja-111,sv3-123
CRD_301C4EFCC282412B9BCC,뮤츠 GX,BS2017013036,PRD_5DB928790C7E449C8459,036/114,RR,KO,POKEMON,sm4p_ja-36,sm35-39
CRD_0506892D3B1B40D3BBF2,펜드라,BS2025007140,PRD_D52A4B350D2344119847,140/086,AR,KO,POKEMON,sv11b_ja-140,zsv10pt5-134
CRD_0E88D3F2434C477CA856,드니차,BS2024001233,PRD_219AD0EF77CA4165AD0F,233/190,S,KO,POKEMON,sv4a_ja-233,sv4pt5-128
CRD_4A61F5781B4E4CF1A1F0,절벼게,BS2023006088,PRD_ED1CAC91B03F4EAD86F7,088/078,AR,KO,POKEMON,sv1s_ja-88,sv1-217
CRD_0916BCC640C24E4088BB,드닐레이브,BS2023011077,PRD_514C148400944D8AA72F,077/071,AR,KO,POKEMON,sv2p_ja-77,sv2-210
CRD_4659714945CF4C9F82C5,루티아의 어필,BS2024016084,PRD_3FAB90CDEC7C43B6A8DF,084/064,SR,KO,TRAINER,sv7a_ja-86,sv8-234
CRD_53601313F5F840D7BE86,네모,BS2024001351,PRD_219AD0EF77CA4165AD0F,351/190,SAR,KO,TRAINER,sv4a_ja-351,sv4pt5-238
CRD_3B62213E98D54EF7BF55,찌리리공,BS2024001238,PRD_219AD0EF77CA4165AD0F,238/190,S,KO,POKEMON,sv4a_ja-238,sv4pt5-133
CRD_70C9E5F033A642FA8AA9,윈디 ex,BS2023007092,PRD_5AD4DD681C694EAC8DDA,092/078,SR,KO,POKEMON,sv1v_ja-92,sv1-224
CRD_08B2DC8AD0B04FF58A33,꼬시레,BS2023021069,PRD_8E32996A2E964C128DBF,069/066,AR,KO,POKEMON,sv4k_ja-69,sv4-191
CRD_4E99AE84CC834A47AD97,파치리스,BS2023007084,PRD_5AD4DD681C694EAC8DDA,084/078,AR,KO,POKEMON,sv1v_ja-84,sv1-208
CRD_36137AD704B945179433,올림박사의 기백,BS2023021086,PRD_8E32996A2E964C128DBF,086/066,SR,KO,TRAINER,sv4k_ja-85,sv4-239
CRD_57BFC803754F499E82F0,모래털가죽 ex,BS2024019088,PRD_D26383A636BE42F09D6B,088/187,RR,KO,POKEMON,sv8a_ja-88,sv8pt5-56
CRD_284CA7EBBD6A4A86BDFF,바닥트리오,BS2024001227,PRD_219AD0EF77CA4165AD0F,227/190,S,KO,POKEMON,sv4a_ja-227,sv4pt5-122
CRD_24798C163B48423E9689,루티아의 어필,BS2024016090,PRD_3FAB90CDEC7C43B6A8DF,090/064,SAR,KO,TRAINER,sv7a_ja-91,sv8-246
CRD_2A6241DAD8844867AA49,활화르바,BS2024017108,PRD_0CC50B878F5F40BAA824,108/106,AR,KO,POKEMON,sv8_ja-108,sv8-196
CRD_3B28179308924FD388CA,불카모스 GX,BS2019016096,PRD_26B8AEB977614902B314,096/095,SR,KO,POKEMON,sm12_ja-96,sm12-213
CRD_3FAA8A6B685E4661B8C6,라뉴이,BS2019002158,PRD_F0B2C76547E5479F8E65,158/150,SR,KO,TRAINER,sm8b_ja-160,sm9-180
CRD_007D898667D84D8F9B7E,제크로무,BS2011002055,PRD_1B7E1128D4A34947BFA3,055/053,SR,KO,POKEMON,bw1w_ja-55,bw1-114
CRD_0764FF85AFFD44039B19,다탱구 GX,BS2018007097,PRD_D2E62F137D9A44ACBEBC,097/096,SR,KO,POKEMON,sm7_ja-97,sm7-152
CRD_2F715EB445B84B778ECB,스코빌런 ex,BS2024017120,PRD_0CC50B878F5F40BAA824,120/106,SR,KO,POKEMON,sv8_ja-120,sv8-216
CRD_2C1B8B60A6A24410B160,멜리사,BS2022014120,PRD_D85C098E2C3449848167,121/100,HR,KO,TRAINER,swsh11_ja-124,swsh11-206
CRD_22EF9B97621442EB9B4B,철화구야 GX,BS2018011071,PRD_E1C4AAB9A1BC43F5B408,071/114,RR,KO,POKEMON,sm4p_ja-71,smp-SM67
CRD_0CE1AB32F2CE46FFAA8B,두파팡 GX,BS2018010097,PRD_6066B79FCD694BDCBF82,097/095,SR,KO,POKEMON,sm8_ja-97,sm8-199
CRD_07E30AB6E1C54457BB2D,서퍼,BS2025015247,PRD_90A8D5BDA5664CEF9F48,247/193,SAR,KO,TRAINER,m2a_ja-249,me2pt5-293
CRD_0060AA44D0824398AB42,추명,BS2024019194,PRD_D26383A636BE42F09D6B,194/187,SR,KO,TRAINER,sv8a_ja-191,sv8pt5-133
CRD_46EB7F96CAE54656B563,일레즌,BS2024001245,PRD_219AD0EF77CA4165AD0F,245/190,S,KO,POKEMON,sv4a_ja-245,sv4pt5-140
CRD_816F40DB48D34E998792,맘모꾸리 ex,BS2025001116,PRD_EC14FE47676E4D529FD0,116/100,SR,KO,POKEMON,sv9_ja-116,sv9-174
CRD_63E87C95C4734C3FB480,드니꽁,BS2024001234,PRD_219AD0EF77CA4165AD0F,234/190,S,KO,POKEMON,sv4a_ja-234,sv4pt5-129
CRD_9AC0516F5C3E4E83876E,루가루암,BS2025001107,PRD_EC14FE47676E4D529FD0,107/100,AR,KO,POKEMON,sv9_ja-107,sv9-166
CRD_0EDD68B570E1472FB48A,키키링 ex,BS2024005088,PRD_B8A7BADF7613420288AC,088/071,SR,KO,POKEMON,sv5m_ja-88,sv5-194
CRD_38815299C2494F679535,내루미,BS2024005082,PRD_B8A7BADF7613420288AC,082/071,AR,KO,POKEMON,sv5m_ja-82,sv5-180
CRD_92F7CF802A46497BBC5F,캐이시,BS2024001253,PRD_219AD0EF77CA4165AD0F,253/190,S,KO,POKEMON,sv4a_ja-253,sv4pt5-148
CRD_3CABC0377B7C4F4BA3A7,무쇠암석 ex,BS2024005041,PRD_B8A7BADF7613420288AC,041/071,RR,KO,POKEMON,sv5m_ja-41,sv5-99
CRD_281071E67CFC40DD8688,빠모트,BS2024001248,PRD_219AD0EF77CA4165AD0F,248/190,S,KO,POKEMON,sv4a_ja-248,sv4pt5-143
CRD_43945060F9E847A0AE3F,그란돈 EX,BS2012001054,PRD_68FE3CF5A620409F8298,054/052,SR,KO,POKEMON,bw3h_ja-54,bw5-106
CRD_33360078EC2F4416BC8F,일레도리자드,BS2024007073,PRD_965FA5E5CD004C97AE74,073/066,AR,KO,POKEMON,sv5a_ja-73,sv6-177
CRD_3475D14B91764CC1A8DC,모르페코,BS2023021076,PRD_8E32996A2E964C128DBF,076/066,AR,KO,POKEMON,sv4k_ja-76,sv4-206
CRD_4515FE8F178F464F92D2,다투곰 붉은 달 ex,BS2024007084,PRD_965FA5E5CD004C97AE74,084/066,SR,KO,POKEMON,sv5a_ja-84,sv6-202
CRD_185DE08656684E7AA355,비크티니,BS2011003070,PRD_F516B48B00EC4405B043,070/066,SR,KO,POKEMON,bw2_ja-70,bw3-98
CRD_0A536D17231946EBBE81,마이농,BS2023020066,PRD_B7309AB1FDF64E4EA6B1,066/062,AR,KO,POKEMON,sv3a_ja-66,sv4-194
CRD_35F6305B626B4EA6BA1B,미라이돈 ex,BS2023007102,PRD_5AD4DD681C694EAC8DDA,102/078,SAR,KO,POKEMON,sv1v_ja-102,sv1-244
CRD_2CABD12EE5B74135858E,웨이니발 ex,BS2023010088,PRD_FC339076828C45ED9BA0,088/073,SR,KO,POKEMON,sv1a_ja-88,sv2-235
CRD_0606801AD7A847EF992E,번치코 V,BS2021003007,PRD_9ACB5EDE4CA94A0493A2,007/070,RR,KO,POKEMON,swsh5a_ja-7,swsh6-20
CRD_2821F636689C4FCE8CCC,쉐이미,BS2010008009,PRD_90AA859558D449D4A776,09/40,HR,KO,POKEMON,dp6_ja-12,pl1-126
CRD_283662D99DED475396E1,기라티나 VSTAR,BS2022014081,PRD_D85C098E2C3449848167,081/100,RRR,KO,POKEMON,swsh11_ja-81,swsh11-131
CRD_092D58F7609842FEA757,베라카스,BS2023011079,PRD_514C148400944D8AA72F,079/071,AR,KO,POKEMON,sv2p_ja-79,sv2-215
CRD_19C1275E8DF647B286BD,무쇠감투 ex,BS2024019078,PRD_D26383A636BE42F09D6B,078/187,RR,KO,POKEMON,sv8a_ja-78,svp-146
CRD_41167277B8FA42F693CA,카틀레야,,PRD_EACC12D2E1D547E3ACE6,088/070,HR,KO,TRAINER,swsh6k_ja-88,swsh6-213
CRD_63013DACF91C4789A924,니아,BS2021005081,PRD_EACC12D2E1D547E3ACE6,081/070,SR,KO,TRAINER,swsh6k_ja-82,swsh6-196
CRD_44B4AF270D834B16884F,루가루암 V,BS2021008071,PRD_BCB8045CC957488BB992,071/067,SR,KO,POKEMON,swsh7d_ja-71,swsh7-187
CRD_1E2EB300CA564DADA074,마휘핑 V,BS2020012079,PRD_FE54F67A9C114773A9CD,079/076,SR,KO,POKEMON,swsh3a_ja-79,swsh45-64
CRD_00C3F08C0B7C41B1A2DA,히스이 포푸니크 V,BS2022008074,PRD_7DF9CF9792C3451BBA08,074/067,SR,KO,POKEMON,swsh10p_ja-74,swsh10-174
CRD_05D7F2E3587346D5BC44,토게키스 V,BS2020012082,PRD_FE54F67A9C114773A9CD,082/076,SR,KO,POKEMON,swsh3a_ja-82,swsh4-178
CRD_1EAFC9958EE848E3BAA6,히스이 드레디어 V,BS2022007068,PRD_A34AF524E977421D94D7,068/067,SR,KO,POKEMON,swsh10d_ja-68,swsh10-162
CRD_50DE7B5127534FE2A569,게노세크트 V,BS2021018069,PRD_3BEB5A9863D54FE7BE25,069/100,RR,KO,POKEMON,swsh8_ja-69,swsh8-185
CRD_81B29653F5524988BEF1,아쿠스타 V,BS2022004028,PRD_B6A92B9A3823440F8F49,017/067,RR,KO,POKEMON,swsh9a_ja-17,swsh10-30
CRD_B18EB4936D3D4C3C8F78,피오니,,PRD_83E04A9A71A74A88AB44,090/070,HR,KO,TRAINER,swsh6h_ja-90,swsh6-220
CRD_1C909A7537014095872A,윽우지 V,BS2020002051,PRD_7CCB63858C7E43A287F2,051/060,RR,KO,POKEMON,swsh1w_ja-51,swsh1-155
CRD_82A3BB0D14EE48B5ACCD,따라큐,BS2024001265,PRD_219AD0EF77CA4165AD0F,265/190,S,KO,POKEMON,sv4a_ja-265,sv4pt5-160
CRD_4192371C8DE14719ACB9,그라에나,BS2022004117,PRD_B6A92B9A3823440F8F49,072/067,CHR,KO,POKEMON,swsh9a_ja-72,swsh10tg-TG09
CRD_0FC31AECDE1C40D58A1B,사나,,PRD_3AD5C945B465480BA36C,084/067,HR,KO,TRAINER,swsh7r_ja-84,swsh8-278
CRD_2ED4580E9B974C03A527,눈여아,,PRD_3AD5C945B465480BA36C,087/067,UR,KO,POKEMON,swsh7r_ja-87,swsh7-226
CRD_61F147DE16A4427C9E3B,백마 버드렉스 VMAX,,PRD_83E04A9A71A74A88AB44,084/070,HR,KO,POKEMON,swsh6h_ja-84,swsh6-202
CRD_A26B2D231CB94EECBAE3,다크펫 GX,BS2018006031,PRD_151FCDB5743444E7A349,031/066,RR,KO,TRAINER,sm6b_ja-31,sm7-66
CRD_1DD2042E9B7D494B83FB,다크펫 GX,BS2018006070,PRD_151FCDB5743444E7A349,070/066,SR,KO,TRAINER,sm6b_ja-70,sm7-157
CRD_56AD26AE94C842519BA8,보만다 GX,BS2018006072,PRD_151FCDB5743444E7A349,072/066,SR,KO,POKEMON,sm6b_ja-72,smp-SM139
CRD_54122CD2AC754C009580,쉐이미,BS2025005066,PRD_66A71505B24242AD9875,066/063,AR,KO,POKEMON,sv9a_ja-66,sv10-185
CRD_2284D5AE23CD4A559E27,이슬의 고라파덕,BS2025005071,PRD_66A71505B24242AD9875,071/063,AR,KO,POKEMON,sv9a_ja-71,sv10-193
CRD_5A1A6E8474A040978D4B,볼케니온 ex,BS2025001124,PRD_EC14FE47676E4D529FD0,124/100,SAR,KO,POKEMON,sv9_ja-124,sv9-182
CRD_2371B40007C64AC0B36E,모야모의 찌리배리 ex,BS2025001130,PRD_EC14FE47676E4D529FD0,130/100,UR,KO,POKEMON,sv9_ja-130,sv9-188
CRD_138330E698484F569942,베라카스,BS2024001269,PRD_219AD0EF77CA4165AD0F,269/190,S,KO,POKEMON,sv4a_ja-269,sv4pt5-163
CRD_03D070826E284B2A9384,불비달마,BS2025007099,PRD_D52A4B350D2344119847,099/086,AR,KO,POKEMON,sv11b_ja-99,zsv10pt5-98
CRD_05EA83500DDE4FE39A00,딱정곤,BS2025007094,PRD_D52A4B350D2344119847,094/086,AR,KO,POKEMON,sv11b_ja-94,zsv10pt5-94
CRD_0D226425CE0B4E138078,다태우지네 VMAX,BS2020016028,PRD_595A32AA23664B6ABD92,028/190,RRR,KO,POKEMON,swsh4a_ja-28,swsh3-34
CRD_0E3F03D6041B4CED87B9,쪼마리,BS2025008093,PRD_53034524E98C4FE8BF8D,093/086,AR,KO,POKEMON,sv11w_ja-93,rsv10pt5-93
CRD_574890E1CF4F4130A020,모아머,BS2025008089,PRD_53034524E98C4FE8BF8D,089/086,AR,KO,POKEMON,sv11w_ja-89,rsv10pt5-89
CRD_0FD962247951488C809E,게노세크트 ex,BS2025007172,PRD_D52A4B350D2344119847,172/086,SAR,KO,POKEMON,sv11b_ja-172,zsv10pt5-169
CRD_53E878DB5D8944638209,테라키온,BS2025008133,PRD_53034524E98C4FE8BF8D,133/086,AR,KO,POKEMON,sv11w_ja-133,rsv10pt5-135
CRD_5B702C8872B74994BDE1,조로아크,BS2025008141,PRD_53034524E98C4FE8BF8D,141/086,AR,KO,POKEMON,sv11w_ja-141,rsv10pt5-143
CRD_17623798AB744107AD98,너트령,BS2025008145,PRD_53034524E98C4FE8BF8D,145/086,AR,KO,POKEMON,sv11w_ja-145,rsv10pt5-149
CRD_304E6E316BFB44F593D5,스태솔트,BS2024001284,PRD_219AD0EF77CA4165AD0F,284/190,S,KO,POKEMON,sv4a_ja-284,sv4pt5-177
CRD_4B11473ECD9245248564,하데리어,BS2025008154,PRD_53034524E98C4FE8BF8D,154/086,AR,KO,POKEMON,sv11w_ja-154,rsv10pt5-155
CRD_2A44F68D825C43749B38,크리만,BS2025008150,PRD_53034524E98C4FE8BF8D,150/086,AR,KO,POKEMON,sv11w_ja-150,rsv10pt5-151
CRD_C8B01F160C314B17A057,삼삼드래 ex,BS2025008171,PRD_53034524E98C4FE8BF8D,171/086,SAR,KO,POKEMON,sv11w_ja-171,rsv10pt5-169
CRD_EFCB23BB10864CE3BB7F,레시라무 ex,BS2025008168,PRD_53034524E98C4FE8BF8D,168/086,SAR,KO,POKEMON,sv11w_ja-168,rsv10pt5-166
CRD_A015A394F46844D180E4,케르디오 ex,BS2025008161,PRD_53034524E98C4FE8BF8D,161/086,SR,KO,POKEMON,sv11w_ja-161,rsv10pt5-159
CRD_AF3164F375854354B2F4,케르디오 ex,BS2025008169,PRD_53034524E98C4FE8BF8D,169/086,SAR,KO,POKEMON,sv11w_ja-169,rsv10pt5-167
CRD_7D71C6E50BC848FDB19A,버프론 ex,BS2025008172,PRD_53034524E98C4FE8BF8D,172/086,SAR,KO,POKEMON,sv11w_ja-172,rsv10pt5-170
CRD_79D926D3E72B4438C2AB,팀 플라즈마 보스 피카츄,SMP000000137,PRD_79D926D3E72B4438C2AB,195/SM-P,PR,KO,POKEMON,smp_ja-195,NO_EN
CRD_1C040171393842089CFF,고우스트,BS2025011022,PRD_C6E79506AD314C84A3A7,022/021,AR,KO,POKEMON,NO_JP,mep-27
CRD_2FB8CA83CF9D40F1A071,뮤 ex,BS2025013002,PRD_80BF9B42F7984F2CB85A,002/043,RR,KO,POKEMON,ma_ja-2,sv3pt5-151
CRD_B30DFCBCDFBA21BE1C07,피카츄,,PRD_B30DFCBCDFBA21BE1C07,199/SM-P,PR,KO,POKEMON,smp_ja-199,smp-SM162
CRD_2390067C529942A68821,초롱순,BS2024001286,PRD_219AD0EF77CA4165AD0F,286/190,S,KO,POKEMON,sv4a_ja-286,sv4pt5-179
CRD_8F4DFB20EC9342C1A6A9,토대부기 ex,BS2026001036,PRD_6F0F228947EF48919808,036/742,RR,KO,POKEMON,sv5k_ja-5,sv5-12
CRD_0B188D85E3A44B03D1BA,판초를 입은 이브이,,PRD_0B188D85E3A44B03D1BA,138/SM-P,PR,KO,POKEMON,smp_ja-138,NO_EN
CRD_E070D0BFD0812AE7FEE1,판초를 입은 이브이,,PRD_E070D0BFD0812AE7FEE1,139/SM-P,PR,KO,POKEMON,smp_ja-139,NO_EN
CRD_B2272D4D776044FE9ABF,로켓단의 뮤츠 ex,BS2026001290,PRD_6F0F228947EF48919808,290/742,RR,KO,POKEMON,sv10_ja-39,sv10-81
CRD_DB0269F2CFB9449490D3,니로우,BS2024001288,PRD_219AD0EF77CA4165AD0F,288/190,S,KO,POKEMON,sv4a_ja-288,sv4pt5-181
CRD_B80EAC51607C49BEB42E,포푸니,BS2024001289,PRD_219AD0EF77CA4165AD0F,289/190,S,KO,POKEMON,sv4a_ja-289,sv4pt5-182
CRD_C8829581CD5F4E798F14,깜까미,BS2024001291,PRD_219AD0EF77CA4165AD0F,291/190,S,KO,POKEMON,sv4a_ja-291,sv4pt5-184
CRD_D03B772C5E7A47F49391,레지스틸 ex,BS2026001499,PRD_6F0F228947EF48919808,499/742,RR,KO,POKEMON,NO_JP,me2pt5-145
CRD_CE5938A4B28D47A0AD85,샤로다 VSTAR,BS2022016006,PRD_0C8B6847314E495B9C8E,006/068,RRR,KO,POKEMON,swsh11a_ja-6,swsh12-8
CRD_87A14B554FF84A3FAE6A,드래펄트 ex,BS2026001548,PRD_6F0F228947EF48919808,548/742,RR,KO,POKEMON,sv8a_ja-120,sv6-130
CRD_F2AAF0DDA03144BEA3E0,보만다 ex,BS2026001540,PRD_6F0F228947EF48919808,540/742,RR,KO,POKEMON,sv9_ja-72,sv9-114
CRD_413D5C01202A4AA1B435,핫삼,BS2024001299,PRD_219AD0EF77CA4165AD0F,299/190,S,KO,POKEMON,sv4a_ja-299,sv4pt5-191
CRD_E037A348D10F4C8C9277,음뱃,BS2024001302,PRD_219AD0EF77CA4165AD0F,302/190,S,KO,POKEMON,sv4a_ja-302,sv4pt5-194
CRD_C168AAFB91D64962B256,모토마,BS2024001303,PRD_219AD0EF77CA4165AD0F,303/190,S,KO,POKEMON,sv4a_ja-303,sv4pt5-195
CRD_4AEF0D8909AC4E3F8560,구구,BS2024001304,PRD_219AD0EF77CA4165AD0F,304/190,S,KO,POKEMON,sv4a_ja-304,sv4pt5-196
CRD_866593D4A5494DF285FE,이브이,BS2026001755,PRD_6F0F228947EF48919808,755/742,AR,KO,POKEMON,NO_JP,svp-173
CRD_CE16E6C6333B4A89872C,다크펫,BS2026001749,PRD_6F0F228947EF48919808,749/742,AR,KO,POKEMON,NO_JP,me2pt5-234
CRD_DC1576AAD82E4D478E9D,푸린,BS2024001306,PRD_219AD0EF77CA4165AD0F,306/190,S,KO,TRAINER,sv4a_ja-306,sv4pt5-198
CRD_57B8FD435C2148F8854F,괴력몬 BREAK,BS2016009060,PRD_E8E7DDCB3A754A04BC5A,060/100,RR,KO,POKEMON,cp6_ja-58,xy12-60
CRD_243CD02D3D3B494795CF,한카리아스 ex,BS2024019039,PRD_D26383A636BE42F09D6B,039/187,RR,KO,POKEMON,sv8a_ja-39,sv4-38
CRD_43490A3EE356478497CB,호브의 자시안 ex,BS2025015123,PRD_90A8D5BDA5664CEF9F48,123/193,RR,KO,POKEMON,m2a_ja-123,svp-193
CRD_2CE1E087831443ADACEE,에몽가,BS2013004023,PRD_FF9AC7CB363846D0A190,023/025,SR,KO,POKEMON,sc1_ja-23,bw11-RC23
CRD_13AB6AC593DB41D7A45B,루나아라(프리즘스타),BS2019002047,PRD_F0B2C76547E5479F8E65,047/150,PR,KO,POKEMON,sm8b_ja-47,sm5-62
CRD_2004462C5BD3458BA1B6,기어르,BS2025008146,PRD_53034524E98C4FE8BF8D,146/086,AR,KO,POKEMON,sv11w_ja-146,zsv10pt5-139
CRD_0B5E6A47F7A34237A44A,이올브 VMAX,,PRD_32C23D5FA71F45ADB572,112/100,HR,KO,POKEMON,swsh4_ja-112,swsh4-186
CRD_93B75FD465674E1E970C,탐리스,BS2024001313,PRD_219AD0EF77CA4165AD0F,313/190,S,KO,POKEMON,sv4a_ja-313,sv4pt5-205
CRD_44A1BB145FB243139F1C,흑마 버드렉스 VMAX,,PRD_EACC12D2E1D547E3ACE6,086/070,HR,KO,POKEMON,swsh6k_ja-86,swsh6-205
CRD_1A7C81EF49754D76B049,디안시(프리즘스타),BS2019017070,PRD_C50AF6B22D9843F5B112,070/173,PR,KO,POKEMON,sm12a_ja-70,sm6-74
CRD_37121FE6503349888A93,자시안 V,BS2020016137,PRD_595A32AA23664B6ABD92,137/190,RR,KO,POKEMON,swsh4a_ja-137,swshp-SWSH018
CRD_3E139045F2814C85AD9A,두리쥐,BS2024001317,PRD_219AD0EF77CA4165AD0F,317/190,S,KO,POKEMON,sv4a_ja-317,sv4pt5-209
CRD_6B42108B80C945BCA671,백솜모카 V,BS2020005010,PRD_E4286779F3FF4A8DA34F,010/096,RR,KO,TRAINER,swsh2_ja-10,swsh2-19
CRD_042BA07087FB420BABAE,꿰뚫는화염 ex,BS2024019027,PRD_D26383A636BE42F09D6B,027/187,RR,KO,POKEMON,sv8a_ja-27,svp-144
CRD_31B29DFE42E24D77AFE1,슬리프,BS2023007086,PRD_5AD4DD681C694EAC8DDA,086/078,AR,KO,POKEMON,sv1v_ja-86,sv1-210
CRD_2685F2D324BF4D0495CF,대여르 V,BS2020016319,PRD_595A32AA23664B6ABD92,319/190,SSR,KO,POKEMON,swsh4a_ja-319,swsh45sv-SV115
CRD_324563089502413E8DA5,마스카나 ex,BS2023010101,PRD_FC339076828C45ED9BA0,101/073,UR,KO,POKEMON,sv1a_ja-101,sv2-271
CRD_017C5386A8B64234B9C7,멜로코,BS2024019190,PRD_D26383A636BE42F09D6B,190/187,SR,KO,TRAINER,sv8a_ja-198,sv8pt5-140
CRD_096403B193C94990A6F0,잠만보 VMAX,BS2020003046,PRD_FC1A7B5927A44298A2A2,046/060,RRR,KO,POKEMON,swsh1h_ja-46,swsh1-142
CRD_0989252EF29D4FAB9599,라플레시아 GX,BS2019015003,PRD_FDF989679F15435DB74E,003/049,RR,KO,POKEMON,sm11b_ja-3,sm12-4
CRD_0C103A2D31494C7580E2,오리진 펄기아 VSTAR,BS2022008081,PRD_7DF9CF9792C3451BBA08,081/067,HR,KO,POKEMON,swsh10p_ja-81,swsh10-192
CRD_0D77F9604B9641DF9650,세레비 VMAX,,PRD_EACC12D2E1D547E3ACE6,084/070,HR,KO,POKEMON,swsh6k_ja-84,swsh6-199
CRD_0EE4BA587BCC48B1B807,샤미드,BS2022001189,PRD_767E549F894445C98D52,189/184,CHR,KO,POKEMON,swsh8b_ja-189,swsh9tg-TG02
CRD_0F7A7025AB184454A00D,알로라 식스테일 V,BS2022016022,PRD_0C8B6847314E495B9C8E,022/068,RR,KO,POKEMON,swsh11a_ja-22,swsh12-33
CRD_115109E7938F4445A01C,로켓단의 크로뱃 ex,BS2025006066,PRD_FA31487748A24EAF9EE3,066/098,RR,KO,POKEMON,sv10_ja-66,sv10-122
CRD_11AB40F57D03470A986E,몽얌나,BS2025007122,PRD_D52A4B350D2344119847,122/086,AR,KO,POKEMON,sv11b_ja-122,zsv10pt5-117
CRD_123A0C58771F4B76BBFE,아강의 비장의카드,BS2015002077,PRD_1E0575E3D10E43ACBECB,077/070,SR,KO,TRAINER,xy5t_ja-77,xy5-157
CRD_125EACE4FC044F7B9D44,난천의 한카리아스 ex,BS2025005044,PRD_66A71505B24242AD9875,044/063,RR,KO,POKEMON,sv9a_ja-44,sv10-104
CRD_090216855FE241EFB18B,이슬의 부탁,BS2019013105,PRD_85013CC4B9634E819F22,105/094,SR,KO,TRAINER,sm11_ja-104,sm11-235
CRD_156303A10AC3422083AA,사마자르 VSTAR,BS2022008041,PRD_7DF9CF9792C3451BBA08,041/067,RRR,KO,POKEMON,swsh10p_ja-41,swshp-SWSH249
CRD_17CAF561E8804762B993,순무,,PRD_D785A25B9DFD4C32AE7C,083/070,HR,KO,TRAINER,swsh1a_ja-83,swsh2-201
CRD_1719064C4D5A4530B4C4,탐리스,BS2023007090,PRD_5AD4DD681C694EAC8DDA,090/078,AR,KO,POKEMON,sv1v_ja-90,sv1-222
CRD_1752B1022AD74CC0AF24,모미,BS2021002080,PRD_AD7B5C4F802F4D64BE90,080/070,SR,KO,TRAINER,swsh5r_ja-81,swsh5-159
CRD_1832978663324026BBAD,다부니,BS2025007156,PRD_D52A4B350D2344119847,156/086,AR,KO,POKEMON,sv11b_ja-156,zsv10pt5-151
CRD_18D57DF71D81408584B5,포켓몬센터 직원,BS2014002085,PRD_C2C1ECDBD68A4BC08849,085/080,SR,KO,TRAINER,xy2_ja-86,xy2-105
CRD_1B0CED467C434ACBAEFE,타랜툴라,BS2023007079,PRD_5AD4DD681C694EAC8DDA,079/078,AR,KO,POKEMON,sv1v_ja-79,sv1-199
CRD_0DF9D911B2F24858BFB0,파쪼옥,BS2024012108,PRD_3C9C174C842D499D9A02,108/102,AR,KO,POKEMON,sv7_ja-108,sv7-150
CRD_1B2ADC910BB140BE8F44,흑마 버드렉스 VMAX,,PRD_EACC12D2E1D547E3ACE6,085/070,HR,KO,POKEMON,swsh6k_ja-85,swsh6-204
CRD_10E2C02673E94810BC08,불켜미,BS2025007100,PRD_D52A4B350D2344119847,100/086,AR,KO,POKEMON,sv11b_ja-100,rsv10pt5-101
CRD_1ACA13137E6D4322A031,메가자리 ex,BS2025005076,PRD_66A71505B24242AD9875,076/063,SR,KO,POKEMON,sv9a_ja-76,sv10-206
CRD_1D3EB41A06F94BA7B512,입치트 VSTAR,BS2022016088,PRD_0C8B6847314E495B9C8E,088/068,HR,KO,POKEMON,swsh11a_ja-88,swsh12-200
CRD_1D2EAA1FB1D44C0781F7,고래왕 EX,BS2015002017,PRD_1E0575E3D10E43ACBECB,017/070,RR,KO,POKEMON,xy5t_ja-17,xy5-38
CRD_1BE9EEDEDD6944B99663,파비코리 EX,BS2016020063,PRD_218CE0DABAD1493786DF,063/078,RR,KO,POKEMON,xy10_ja-63,xy10-83
CRD_1C6F8B47E1DE4A3B8C3C,드레디어,BS2025007092,PRD_D52A4B350D2344119847,092/086,AR,KO,POKEMON,sv11b_ja-92,zsv10pt5-92
CRD_1CE47901F5674D55AB69,갸라도스 EX,BS2016001018,PRD_52E8B395613649EDA22B,018/080,RR,KO,POKEMON,xy9_ja-18,xy9-26
CRD_3E51556E4E8842128C4E,도희의 비기,BS2024011083,PRD_7293190A22224C0598D5,083/064,SR,KO,TRAINER,sv6a_ja-84,sv6pt5-88
CRD_218DB829F1974CEA95DF,로켓단의 나옹,BS2025006109,PRD_FA31487748A24EAF9EE3,109/098,AR,KO,POKEMON,sv10_ja-109,sv10-203
CRD_20A7B2013FDD428ABD1B,매시붕 GX,BS2017011052,PRD_308E1F33050B4777988E,052/050,SR,KO,POKEMON,sm4s_ja-52,sm4-104
CRD_1F4026B2669C4D38ABC8,프테라 GX,BS2019013100,PRD_85013CC4B9634E819F22,100/094,SR,KO,POKEMON,sm11_ja-100,sm11-224
CRD_20FE3F484DFE4D9AA9D9,플러시,BS2023020065,PRD_B7309AB1FDF64E4EA6B1,065/062,AR,KO,POKEMON,sv3a_ja-65,sv4-193
CRD_8E3889CE3AAF4DB6B6D3,규리의 눈빛,BS2024017134,PRD_0CC50B878F5F40BAA824,134/106,SAR,KO,TRAINER,sv8_ja-135,sv8-245
CRD_C4804FF23607466C9A90,다투곰 붉은 달 ex,BS2024019134,PRD_D26383A636BE42F09D6B,134/187,RR,KO,POKEMON,sv8a_ja-134,svp-177
CRD_24AFDFD94F7B41E8A509,로켓단의 페르시온 ex,BS2025006118,PRD_FA31487748A24EAF9EE3,118/098,SR,KO,POKEMON,sv10_ja-118,sv10-219
CRD_251F9092AFDE47718BB3,로켓단의 아테나,BS2025006122,PRD_FA31487748A24EAF9EE3,122/098,SR,KO,TRAINER,sv10_ja-119,sv10-224
CRD_02BB3BE76CE644A993D6,박사의 연구(올림박사),BS2023006098,PRD_ED1CAC91B03F4EAD86F7,098/078,SR,KO,TRAINER,sv1s_ja-99,sv1-240
CRD_12ADDDFE82F540F7B1D3,무쇠무인 ex,BS2024019074,PRD_D26383A636BE42F09D6B,074/187,RR,KO,POKEMON,sv8a_ja-74,svp-68
CRD_2531910728D94C05A9E9,팔자크,BS2024008124,PRD_980F0BFCCDBB47558BFA,124/101,SR,KO,TRAINER,sv6_ja-124,sv6-205
CRD_41F01DE4718B458FA5D5,추명,BS2024019195,PRD_D26383A636BE42F09D6B,195/187,SR,KO,TRAINER,sv8a_ja-192,sv8pt5-134
CRD_261019703FC444A39023,흉내내기 아가씨,,PRD_BCB8045CC957488BB992,086/067,HR,KO,TRAINER,swsh7d_ja-86,swsh7-222
CRD_24D7C72E59DD4A338620,테라파고스 ex,BS2024019226,PRD_D26383A636BE42F09D6B,226/187,SAR,KO,POKEMON,sv8a_ja-226,sv8pt5-169
CRD_02C8FFC4897D4C2288DF,로켓단의 마자용,BS2025006103,PRD_FA31487748A24EAF9EE3,103/098,AR,KO,POKEMON,sv10_ja-103,svp-203
CRD_16552890B7E640BD9726,비상,BS2023010093,PRD_FC339076828C45ED9BA0,093/073,SR,KO,TRAINER,sv1a_ja-94,sv2-251
CRD_3C3DCDDEE1D445CF8043,빙큐보 ex,BS2023015121,PRD_C017B01380CF490A9480,121/108,SR,KO,POKEMON,sv3_ja-121,sv3-210
CRD_3C56BFC81EEB4EE89BB1,피카츄 ex,BS2024017033,PRD_0CC50B878F5F40BAA824,033/106,RR,KO,POKEMON,sv8_ja-33,sv8-57
CRD_3583C21779BE400FB9A6,피카츄,SP000000203,PRD_DEEA8F094F434E168C50,S-P 203,PR,KO,POKEMON,swshp_ja-1,swshp-SWSH020
CRD_3E0AD8CAAB4F44D5B183,레시라무,BS2011001055,PRD_F1AC5248C3E34B408BFD,055/053,SR,KO,POKEMON,bw1b_ja-55,bw1-113
CRD_462F20A41FFE435A999B,웅의 스카우트,BS2025001123,PRD_EC14FE47676E4D529FD0,123/100,SR,KO,TRAINER,sv9_ja-123,sv9-179
CRD_17EF823FA3CB4B2B8EE4,코바르온,BS2011003069,PRD_F516B48B00EC4405B043,069/066,SR,KO,POKEMON,bw2_ja-69,bw3-100
CRD_5484754441BB42A286AE,무쇠바퀴 ex,BS2023007096,PRD_5AD4DD681C694EAC8DDA,096/078,SR,KO,POKEMON,sv1v_ja-96,sv1-233
CRD_243B025EA81342949B2D,피카츄,SVP000000102,PRD_9CCAFABDF268493D9297,,PR,KO,POKEMON,svp_ja-197,svp-190
CRD_6D25064181064465A018,백솜모카 V,BS2020005097,PRD_E4286779F3FF4A8DA34F,097/096,SR,KO,TRAINER,swsh2_ja-97,swsh2-176
CRD_88DE7FECFA5641C4971D,메타그로스 VMAX,,PRD_EACC12D2E1D547E3ACE6,087/070,HR,KO,POKEMON,swsh6k_ja-87,swsh6-208
CRD_853BCA2D91DC48478D36,쏘콘 ex,BS2024001009,PRD_219AD0EF77CA4165AD0F,009/190,RR,KO,POKEMON,sv4a_ja-9,sv4pt5-2
CRD_866697DBC93748BB918F,해골몽,BS2024011068,PRD_7293190A22224C0598D5,068/064,AR,KO,POKEMON,sv6a_ja-68,sv6pt5-68
CRD_1CBBEBA5751D495C81D5,레지기가스 EX,BS2012001055,PRD_68FE3CF5A620409F8298,055/052,SR,KO,POKEMON,bw3h_ja-55,bw4-99
CRD_0AB4A2D2E3654FD69744,채두,BS2022001275,PRD_767E549F894445C98D52,275/184,SR,KO,TRAINER,swsh8b_ja-261,swsh10tg-TG25
CRD_86C9D18D455541299CC0,클레스퍼트라 ex,BS2024001323,PRD_219AD0EF77CA4165AD0F,323/190,SSR,KO,POKEMON,sv4a_ja-323,sv4pt5-214
CRD_8B73A94707F24308AF21,에브이 GX,BS2019002220,PRD_F0B2C76547E5479F8E65,220/150,SSR,KO,POKEMON,sm8b_ja-220,sma-SV60
CRD_8AFB1352B9D64F18AFDD,데스마스,BS2025008119,PRD_53034524E98C4FE8BF8D,119/086,AR,KO,POKEMON,sv11w_ja-119,rsv10pt5-122
CRD_2521A01014064B6586BA,앤테이 EX,BS2012003070,PRD_D3C43A91C1D442598A5C,070/069,SR,KO,POKEMON,bw4_ja-70,bw5-103
CRD_67397D46BAC44F998127,피죤투 EX,BS2016009109,PRD_E8E7DDCB3A754A04BC5A,109/100,SR,KO,POKEMON,cp6_ja-96,xy12-104
CRD_219500DA87B5401CBEDA,페르시온 GX,BS2019007104,PRD_BDAF39161DD0442B99F6,104/095,SR,KO,POKEMON,sm10_ja-104,sm10-207
CRD_34828B53A56D44318E76,용접공,BS2019007107,PRD_BDAF39161DD0442B99F6,107/095,SR,KO,TRAINER,sm10_ja-106,sm10-214
CRD_3A73844B3540483BBFB0,마샤도&괴력몬 GX,BS2019007100,PRD_BDAF39161DD0442B99F6,100/095,SR,KO,POKEMON,sm10_ja-100,sm10-198
CRD_80B334F26A674D66A45F,메가이어롭 ex,BS2025014100,PRD_DD94FB8DCB7C4A129478,100/080,SR,KO,POKEMON,m2_ja-100,me2-115
CRD_67BA3BC34CA2443FAB1C,리자몽 EX,BS2016009012,PRD_E8E7DDCB3A754A04BC5A,012/100,RR,KO,POKEMON,cp6_ja-12,xy12-12
CRD_6B2C86298A8A48B9A1C2,켄타로스 GX,BS2017002047,PRD_A7690D997FD6483B8C54,047/060,RR,KO,POKEMON,sm1m_ja-47,sm1-100
CRD_6F764A195E6E4FF8BE8B,프테라 GX,BS2019013045,PRD_85013CC4B9634E819F22,045/094,RR,KO,POKEMON,sm11_ja-45,sm11-106
CRD_11C10BF531B64E59B61C,성호의 결단,BS2018007103,PRD_D2E62F137D9A44ACBEBC,103/096,SR,KO,TRAINER,sm7_ja-102,sm7-165
CRD_4F19F10CD72544CDB78E,이벨타르 GX,BS2018004097,PRD_3FDB16A819514C3C85B3,097/094,SR,KO,POKEMON,sm6_ja-97,sm6-124
CRD_36BA95B689A44C28B170,메타그로스 GX,BS2017005054,PRD_B037DA2FF59847768F3C,054/050,SR,KO,POKEMON,sm2l_ja-54,sm2-139
CRD_41A8630816A54FD4A1F7,흉내내기 아가씨,BS2018006077,PRD_151FCDB5743444E7A349,077/066,SR,KO,TRAINER,sm6b_ja-77,sm7-163
CRD_1A35479E220A4BB7AE4E,번치코 GX,BS2018007018,PRD_D2E62F137D9A44ACBEBC,018/096,RR,KO,POKEMON,sm7_ja-18,sm7-28
CRD_00182F81CA884726A6BB,로켓단의 뮤츠 ex,BS2025006114,PRD_FA31487748A24EAF9EE3,114/098,SR,KO,POKEMON,sv10_ja-114,sv10-213
CRD_02C67022C498491C944C,이브이&잠만보 GX,BS2019001106,PRD_0D6AE93A1F194DF2AFCC,106/095,SR,KO,POKEMON,sm9_ja-106,sm9-171
CRD_0A986E45BB20474CB2BF,메로엣타 ex,BS2025007047,PRD_D52A4B350D2344119847,047/086,RR,KO,POKEMON,sv11b_ja-47,zsv10pt5-44
CRD_0236FAB9C7144005ABC7,라임,BS2023015129,PRD_C017B01380CF490A9480,129/108,SR,KO,TRAINER,sv3_ja-132,sv3-221
CRD_40D95A6077D44FA3A682,비주기의 카리스마,BS2023014207,PRD_DAB43E31433041FC942F,207/165,SAR,KO,TRAINER,sv2a_ja-207,sv3pt5-204
CRD_539273CC06F546848821,민화의 초대,BS2023014206,PRD_DAB43E31433041FC942F,206/165,SAR,KO,TRAINER,sv2a_ja-206,sv3pt5-203
CRD_53F9BEE45FFC4745AC79,투희,BS2025008173,PRD_53034524E98C4FE8BF8D,173/086,SAR,KO,TRAINER,sv11w_ja-173,rsv10pt5-171
CRD_5148B33EFB2449B1B0BA,파라솔 아가씨,BS2023020084,PRD_B7309AB1FDF64E4EA6B1,084/062,SR,KO,TRAINER,sv3a_ja-84,sv4-238
CRD_02A3EEACB0F74D7F97B6,네모,BS2024001343,PRD_219AD0EF77CA4165AD0F,343/190,SR,KO,TRAINER,sv4a_ja-343,sv4pt5-229
CRD_6BBDDAB4D43548A49C5C,M거북왕 EX,BS2016009022,PRD_E8E7DDCB3A754A04BC5A,022/100,RR,KO,POKEMON,cp6_ja-22,xy12-22
CRD_4401EC58464B477AA7F6,이벨타르,BS2023020071,PRD_B7309AB1FDF64E4EA6B1,071/062,AR,KO,POKEMON,sv3a_ja-71,sv4-205
CRD_55FDE55C017C4092A5B0,이브이,BS2024007078,PRD_965FA5E5CD004C97AE74,078/066,AR,KO,POKEMON,sv5a_ja-78,sv6-188
CRD_5D76FEADA66646C89642,모래털가죽 ex,BS2023021083,PRD_8E32996A2E964C128DBF,083/066,SR,KO,POKEMON,sv4k_ja-83,sv4-228
CRD_1F99E5B3C0D24E77A6E3,무쇠머리,BS2023022078,PRD_245223BF212C456385F3,078/066,AR,KO,POKEMON,sv4m_ja-78,sv4-216
CRD_32A3236675F94589B53C,무쇠가시 ex,BS2024007081,PRD_965FA5E5CD004C97AE74,081/066,SR,KO,POKEMON,sv5a_ja-81,sv6-196
CRD_3FF1314B8C744C4087FA,시유,BS2024008129,PRD_980F0BFCCDBB47558BFA,129/101,SAR,KO,TRAINER,sv6_ja-130,sv6-217
CRD_07B17A05B9584311B888,카시오페아,BS2024011085,PRD_7293190A22224C0598D5,085/064,SR,KO,TRAINER,sv6a_ja-85,sv6pt5-86
CRD_3ADB55F70EE445AF8F86,라프라스 ex,BS2024012019,PRD_3C9C174C842D499D9A02,019/102,RR,KO,POKEMON,sv7_ja-19,sv7-32
CRD_5F7760C6F9C843AFBC32,오거폰 우물의 가면 ex,BS2024008127,PRD_980F0BFCCDBB47558BFA,127/101,SAR,KO,POKEMON,sv6_ja-127,sv6-213
CRD_6C79F815204042AB91D4,킹크랩 VMAX,BS2022003081,PRD_B2ACFB7F8D3D424D8D60,081/414,RR,KO,POKEMON,NO_JP,swsh9-29
CRD_79249DEC98634364B4D5,시유,BS2024008122,PRD_980F0BFCCDBB47558BFA,122/101,SR,KO,TRAINER,sv6_ja-123,sv6-204
CRD_C06423A2D6344CF88D62,거북왕 ex,BS2023023016,PRD_CC65479EEB8C445BB1DF,016/049,RR,KO,POKEMON,NO_JP,sv7-30
CRD_0DE14A2FC85947DF989A,팔데아의 동료들,BS2024019198,PRD_D26383A636BE42F09D6B,198/187,SR,KO,TRAINER,sv8a_ja-195,sv8pt5-137
CRD_C2B35AF51F5B4B3D84EF,콜사,BS2024019196,PRD_D26383A636BE42F09D6B,196/187,SR,KO,TRAINER,sv8a_ja-190,sv8pt5-135
CRD_E32A25B9BB914CFB8D62,카시오페아,BS2024011091,PRD_7293190A22224C0598D5,091/064,SAR,KO,TRAINER,sv6a_ja-91,sv6pt5-94
CRD_80AC3B98336D4FD0B14A,워글,BS2024016076,PRD_3FAB90CDEC7C43B6A8DF,076/064,AR,KO,POKEMON,sv7a_ja-76,sv8-214
CRD_C4F41E3DBC5E4BAC88EA,곤포,BS2024012123,PRD_3C9C174C842D499D9A02,123/102,SR,KO,TRAINER,sv7_ja-125,sv7-165
CRD_5094F85922274E7CAC3C,블래키 ex,BS2024019217,PRD_D26383A636BE42F09D6B,217/187,SAR,KO,POKEMON,sv8a_ja-217,sv8pt5-161
CRD_6C4CD727AA4A41F8A59D,무쇠손 ex,BS2024019210,PRD_D26383A636BE42F09D6B,210/187,SAR,KO,POKEMON,sv8a_ja-210,sv8pt5-154
CRD_80407B2696CD4C8CA421,리피아 ex,BS2024019200,PRD_D26383A636BE42F09D6B,200/187,SAR,KO,POKEMON,sv8a_ja-200,sv8pt5-144
CRD_8297F066BE06430AAD93,오거폰 화덕의 가면 ex,BS2024019204,PRD_D26383A636BE42F09D6B,204/187,SAR,KO,POKEMON,sv8a_ja-204,sv8pt5-148
CRD_9AD6FE24D3594D17A130,에브이 ex,BS2024019211,PRD_D26383A636BE42F09D6B,211/187,SAR,KO,POKEMON,sv8a_ja-211,sv8pt5-155
CRD_14BFE9EA9D1D474194DF,모야모의 찌리배리 ex,BS2025001114,PRD_EC14FE47676E4D529FD0,114/100,SR,KO,POKEMON,sv9_ja-114,sv9-172
CRD_33A3DF458AC34EC6B1BD,호브의 자시안 ex,BS2025001118,PRD_EC14FE47676E4D529FD0,118/100,SR,KO,POKEMON,sv9_ja-118,sv9-176
CRD_0B22E2A33CB14A99888F,저지맨,BS2025005084,PRD_66A71505B24242AD9875,084/063,SR,KO,TRAINER,sv9a_ja-83,sv10-222
CRD_3441FF9483AB4687A5BF,괴력몬 VMAX,BS2022007033,PRD_A34AF524E977421D94D7,033/067,RRR,KO,POKEMON,swsh10d_ja-33,swsh10-73
CRD_16D77C3BD5F547639930,오리진 디아루가 VSTAR,BS2022007082,PRD_A34AF524E977421D94D7,082/067,HR,KO,POKEMON,swsh10d_ja-82,swsh10-198
CRD_2348A7F2758F419FAB09,히스이 조로아크 VSTAR,BS2022011146,PRD_554AB5D7D5A440D0AA2A,097/071,UR,KO,POKEMON,swsh10a_ja-97,swsh11-213
CRD_731422CCDFEE4AC59613,프테라 V,BS2022014105,PRD_D85C098E2C3449848167,106/100,SR,KO,POKEMON,swsh11_ja-106,swsh11-180
CRD_75F716B7F446495680CA,기라티나 V,BS2022014109,PRD_D85C098E2C3449848167,110/100,SR,KO,POKEMON,swsh11_ja-110,swsh11-185
CRD_93DF43C333324F0FB26C,기라티나 V,BS2022014110,PRD_D85C098E2C3449848167,111/100,SR,KO,POKEMON,swsh11_ja-111,swsh11-186
CRD_50C0DEEAB02B452683DA,수철,BS2022014113,PRD_D85C098E2C3449848167,114/100,SR,KO,TRAINER,swsh11_ja-115,swsh11-195
CRD_5A8FC382CCE44FCEBEB2,아기씨,BS2022014114,PRD_D85C098E2C3449848167,115/100,SR,KO,TRAINER,swsh11_ja-114,swsh11-193
CRD_03969BCA263B42ACB41A,프테라 VSTAR,BS2022014117,PRD_D85C098E2C3449848167,118/100,HR,KO,POKEMON,swsh11_ja-118,swsh11-199
CRD_02FBE86D930D4D10A90C,마폭시 V,BS2022014017,PRD_D85C098E2C3449848167,017/100,RR,KO,POKEMON,swsh11_ja-17,swsh11-27
CRD_0542ACBB4B534F2A8089,안농 V,BS2022017102,PRD_75DAB61BCF5342C38563,102/098,SR,KO,POKEMON,swsh12_ja-102,swsh12-176
CRD_29464E6CFC1448969B4A,무청,BS2022017113,PRD_75DAB61BCF5342C38563,113/098,SR,KO,TRAINER,swsh12_ja-113,swsh12-189
CRD_42E5F5DEFC6244BEA6CF,드래피온 V,BS2022014066,PRD_D85C098E2C3449848167,066/100,RR,KO,POKEMON,swsh11_ja-66,swsh11-118
CRD_3A2389FDB90D4D529266,작업원,BS2022017122,PRD_75DAB61BCF5342C38563,122/098,HR,KO,TRAINER,swsh12_ja-119,swsh12-209
CRD_1095F9AF338D45BD8BCC,인텔리레온 V,BS2020004022,PRD_D785A25B9DFD4C32AE7C,022/070,RR,KO,POKEMON,swsh1a_ja-22,swsh2-49
CRD_2A25393A383641F7BD29,안농 VSTAR,BS2022017036,PRD_75DAB61BCF5342C38563,036/098,RRR,KO,POKEMON,swsh12_ja-36,swsh12-66
CRD_394098D4C4FC4DF5BD67,무청,BS2022017121,PRD_75DAB61BCF5342C38563,121/098,HR,KO,TRAINER,swsh12_ja-121,swsh12-204
CRD_018725C657AC494C8687,에써르 V,BS2020003063,PRD_FC1A7B5927A44298A2A2,063/060,SR,KO,POKEMON,swsh1h_ja-63,swsh1-192
CRD_477A7D547E084F6D8315,옐단의 조무래기,BS2020003068,PRD_FC1A7B5927A44298A2A2,068/060,SR,KO,TRAINER,swsh1h_ja-67,swsh1-202
CRD_4984C34823564A40A15F,대여르 V,BS2020005102,PRD_E4286779F3FF4A8DA34F,102/096,SR,KO,POKEMON,swsh2_ja-102,swsh2-185
CRD_075869C1BFF3489794D1,거대코뿌리 V,BS2020011104,PRD_91D480C53D3248F79831,104/100,SR,KO,POKEMON,swsh3_ja-104,swsh3-181
CRD_3D7C380DE0344900AFCD,나이킹,,PRD_E4286779F3FF4A8DA34F,113/096,UR,KO,POKEMON,swsh2_ja-113,swsh2-205
CRD_070B71AF46134ABAB790,다태우지네 VMAX,BS2020010017,PRD_9C4063C50B5B45C09FF9,017/070,RRR,KO,POKEMON,swsh2a_ja-17,swsh3-34
CRD_52F916AFA8B244C5ACDA,채두,BS2020014111,PRD_32C23D5FA71F45ADB572,111/100,SR,KO,TRAINER,swsh4_ja-109,swsh4-180
CRD_28E64B8B572C4910BC20,헬가 V,BS2020011009,PRD_91D480C53D3248F79831,009/100,RR,KO,POKEMON,swsh3_ja-9,swsh3-21
CRD_549E381006304AAB8D75,가라르 불비달마 V,BS2020014103,PRD_32C23D5FA71F45ADB572,103/100,SR,KO,POKEMON,swsh4_ja-103,swsh4-169
CRD_0BCE4311895A4715B616,피카츄 V,BS2020014030,PRD_32C23D5FA71F45ADB572,030/100,RR,KO,POKEMON,swsh4_ja-30,swsh4-43
CRD_3A5B3FE091064B65AF4A,연격 우라오스 V,BS2021002076,PRD_AD7B5C4F802F4D64BE90,076/070,SR,KO,POKEMON,swsh5r_ja-76,swsh5-152
CRD_01EBD72E8D2B4C3486D6,연격 우라오스 VMAX,,PRD_AD7B5C4F802F4D64BE90,083/070,HR,KO,POKEMON,swsh5r_ja-83,swsh5-169
CRD_5C626761376341E3AEE8,모미,,PRD_AD7B5C4F802F4D64BE90,088/070,HR,KO,TRAINER,swsh5r_ja-88,swsh5-173
CRD_36246E7EC9864D74B0BA,의사,BS2021004082,PRD_83E04A9A71A74A88AB44,082/070,SR,KO,TRAINER,swsh6h_ja-81,swsh6-190
CRD_4DC194AB4E8E4B84BD67,볼케니온 V,BS2021004071,PRD_83E04A9A71A74A88AB44,071/070,SR,KO,POKEMON,swsh6h_ja-71,swsh6-162
CRD_890AC787BC9E4C2DB28A,에브이 V,BS2021007081,PRD_BD7FA21EB0B4407086A0,081/069,SR,KO,POKEMON,swsh6a_ja-81,swsh7-180
CRD_28A90C6383DF4C73AFEA,아스나,,PRD_83E04A9A71A74A88AB44,088/070,HR,KO,TRAINER,swsh6h_ja-88,swsh6-215
CRD_66116DF43BE7463F97E7,아로마 아가씨,,PRD_BD7FA21EB0B4407086A0,096/069,HR,KO,TRAINER,swsh6a_ja-96,swsh7-221
CRD_580818D205C94783B0C1,마쿠와,,PRD_BD7FA21EB0B4407086A0,097/069,HR,KO,TRAINER,swsh6a_ja-97,swsh7-223
CRD_7DDAF72A6F6E4107971D,즈미,BS2021005082,PRD_EACC12D2E1D547E3ACE6,082/070,SR,KO,TRAINER,swsh6k_ja-83,swsh6-198
CRD_99CCE27B9E204E508DE3,갸라도스 VMAX,BS2021012021,PRD_3AD5C945B465480BA36C,021/067,RRR,KO,POKEMON,swsh7r_ja-21,swsh7-29
CRD_6145A055ACC240FCB08D,골루그 V,BS2021008069,PRD_BCB8045CC957488BB992,069/067,SR,KO,POKEMON,swsh7d_ja-69,swsh7-181
CRD_8603F62DAC06410E95FB,음번 V,BS2021008073,PRD_BCB8045CC957488BB992,073/067,SR,KO,POKEMON,swsh7d_ja-73,swsh7-195
CRD_9FDDA5BA3EEF4352A0ED,메타그로스 V,BS2021005077,PRD_EACC12D2E1D547E3ACE6,077/070,SR,KO,POKEMON,swsh6k_ja-77,swsh6-181
CRD_40EA643721414CC5B8E1,해피너스 V,BS2021005078,PRD_EACC12D2E1D547E3ACE6,078/070,SR,KO,POKEMON,swsh6k_ja-78,swsh6-182
CRD_05B09E19DF994717ADC4,피오니아,,PRD_EACC12D2E1D547E3ACE6,090/070,HR,KO,TRAINER,swsh6k_ja-90,swsh6-219
CRD_54629510CAF0436F9A1E,모단단게 V,BS2021018103,PRD_3BEB5A9863D54FE7BE25,103/100,SR,KO,POKEMON,swsh8_ja-103,swsh8-248
CRD_0672E08240B840E58C03,요가램 V,BS2021009071,PRD_3AD5C945B465480BA36C,071/067,SR,KO,POKEMON,swsh7r_ja-71,swsh7-185
CRD_7014E3576D824D92AD07,펄스멍 V,BS2021018104,PRD_3BEB5A9863D54FE7BE25,104/100,SR,KO,POKEMON,swsh8_ja-104,swsh8-249
CRD_2C36A353792C402C93E8,번치코 VMAX,BS2022001020,PRD_767E549F894445C98D52,020/184,RRR,KO,POKEMON,swsh8b_ja-20,swsh6-21
CRD_4866CB4A4EDF45CABC8E,M후딘 EX,BS2016020024,PRD_218CE0DABAD1493786DF,024/078,RR,KO,POKEMON,xy10_ja-24,xy10-26
CRD_27A8BA338F90422EA5E0,금경,BS2022004133,PRD_B6A92B9A3823440F8F49,088/067,HR,KO,TRAINER,swsh9a_ja-88,swsh10-201
CRD_52F5DDE5DDE7486DAF16,이상해꽃 EX,BS2014001061,PRD_53EB7B68B0224C239C02,061/060,SR,KO,POKEMON,xy1x_ja-61,xy1-141
CRD_6DB5111B654B472DAE5B,볼케니온 EX,BS2016006055,PRD_CBD194134D1F48C5B86E,055/054,SR,KO,POKEMON,xy11f_ja-55,xy11-107
CRD_7677BD40116548CBA138,포켓몬 레인저,BS2016007058,PRD_83AFAF718E5E44349857,058/054,SR,KO,TRAINER,xy11c_ja-58,xy11-113
CRD_950D0856241946C48A38,후딘 EX,BS2016020080,PRD_218CE0DABAD1493786DF,080/078,SR,KO,POKEMON,xy10_ja-80,xy10-117
CRD_9E959C4AF6BA480FA670,마기아나 EX,BS2016007055,PRD_83AFAF718E5E44349857,055/054,SR,KO,POKEMON,xy11c_ja-55,xy11-110
CRD_4194A800DB674EB6839A,이벨타르 EX,BS2014501063,PRD_9977B6F18CD34810B58A,063/060,SR,KO,POKEMON,xy1y_ja-63,xy1-144
CRD_66E574AC0049442F9B22,캥카 EX,BS2014002084,PRD_C2C1ECDBD68A4BC08849,084/080,SR,KO,POKEMON,xy2_ja-84,xy2-103
CRD_41C4A6AF0C704C7CB5CF,독개굴 EX,BS2014002083,PRD_C2C1ECDBD68A4BC08849,083/080,SR,KO,POKEMON,xy2_ja-83,xy2-102
CRD_4885A59DE0CC4CA59CE0,M가디안 EX,BS2015002051,PRD_1E0575E3D10E43ACBECB,051/070,RR,KO,POKEMON,xy5t_ja-51,xy5-106
CRD_2832ADAFA5F4490F8898,엘레이드 EX,BS2015004030,PRD_9B9032EBA3C24F1ABA5C,030/078,RR,KO,POKEMON,xy6_ja-30,xy6-34
CRD_4D3EF2E899D943459B77,은송,BS2015004089,PRD_9B9032EBA3C24F1ABA5C,089/078,SR,KO,TRAINER,xy6_ja-88,xy6-108
CRD_7069D05844E74942ADE8,얼음귀신 EX,BS2015006060,PRD_E658C5D993B042F88176,060/059,SR,KO,POKEMON,xy8b_ja-60,xy8-155
CRD_3339DB7AA7FD4A21BFE5,나무킹 EX,BS2015005082,PRD_D8F59899D45046079FE1,082/081,SR,KO,POKEMON,xy7_ja-82,xy7-84
CRD_6393EBE4F2594F90B558,쉐이미 EX,BS2015004087,PRD_9B9032EBA3C24F1ABA5C,087/078,SR,KO,POKEMON,xy6_ja-87,xy6-106
CRD_795EDB8C9C91475EBBBD,재인,BS2015006064,PRD_E658C5D993B042F88176,064/059,SR,KO,TRAINER,xy8b_ja-64,xy8-161
CRD_37AD357EC31F4A4E9BDD,핫삼 EX,BS2016001057,PRD_52E8B395613649EDA22B,057/080,RR,KO,POKEMON,xy9_ja-57,xy9-76
CRD_B075334FB615451B877A,눈꼬마,BS2023020063,PRD_B7309AB1FDF64E4EA6B1,063/062,AR,KO,POKEMON,sv3a_ja-63,sv4-188
CRD_B0FE7331201C44AB8455,리피아 VMAX,BS2021007003,PRD_BD7FA21EB0B4407086A0,003/069,RRR,KO,POKEMON,swsh6a_ja-3,swsh7-8
CRD_B845DAE48C424F97A12D,개굴닌자 ex,BS2024007045,PRD_965FA5E5CD004C97AE74,045/066,RR,KO,POKEMON,sv5a_ja-45,sv6-106
CRD_C1608F37F71B44D08013,M뮤츠 EX,BS2015007063,PRD_1B1F4A770E5A4B92896A,063/059,SR,KO,POKEMON,xy8r_ja-63,xy8-160
CRD_D84EB7E9F130403F8AEA,사다이사 VMAX,,PRD_83E04A9A71A74A88AB44,086/070,HR,KO,POKEMON,swsh6h_ja-86,swsh6-206
CRD_D69C2C88C4594015B09D,웨이니발 ex,BS2023010103,PRD_FC339076828C45ED9BA0,103/073,UR,KO,POKEMON,sv1a_ja-103,sv2-273
CRD_D6EF48BBB6494035A432,M전룡 EX,BS2015005028,PRD_D8F59899D45046079FE1,028/081,RR,KO,POKEMON,xy7_ja-28,xy7-28
CRD_FA1B7AC6670440C287BF,버터플 VMAX,,PRD_9C4063C50B5B45C09FF9,079/070,HR,KO,POKEMON,swsh2a_ja-79,swsh3-190
CRD_F02EC95B2E1B448A8272,파이어&썬더&프리져 GX,BS2019011035,PRD_3E9DB59EE4A3494BAC2C,035/054,RR,KO,POKEMON,sm10b_ja-35,sm115-44
CRD_64AF5808BBFB437AAAD3,블래키&다크라이 GX,BS2019017182,PRD_C50AF6B22D9843F5B112,182/173,SR,KO,POKEMON,sm12a_ja-182,smp-SM241
CRD_6E7CD2D0B209451CA17C,파라꼬,BS2023011082,PRD_514C148400944D8AA72F,082/071,AR,KO,POKEMON,sv2p_ja-82,sv2-225
CRD_D602385974EB459BA404,후딘 ex,BS2024001326,PRD_219AD0EF77CA4165AD0F,326/190,SSR,KO,POKEMON,sv4a_ja-326,sv4pt5-215
CRD_E92B2532AE914FB09891,치갈기,BS2024016068,PRD_3FAB90CDEC7C43B6A8DF,068/064,AR,KO,POKEMON,sv7a_ja-68,sv8-200
CRD_3ED24376E1C34EC0A25B,푸크린 ex,BS2023014040,PRD_DAB43E31433041FC942F,040/165,RR,KO,TRAINER,sv2a_ja-40,sv3pt5-40
CRD_A25CB6E36FC71EBDA24B,판초를 입은 피카츄,,PRD_A25CB6E36FC71EBDA24B,037/SM-P,PR,KO,POKEMON,smp_ja-37,NO_EN
CRD_B99867335AE14F658107,코라이돈,SVP000000027,PRD_878BCD84E3A14C879A3E,,PR,KO,POKEMON,svp_ja-49,svp-14
CRD_34B77E90E77E454D9E00,메가가디안 ex,BS2025010042,PRD_86C30C87F04C465BA58C,042/063,RR,KO,POKEMON,m1s_ja-42,me1-60
CRD_9B32F91113364341A405,구르데,BS2024001209,PRD_219AD0EF77CA4165AD0F,209/190,S,KO,POKEMON,sv4a_ja-209,sv4pt5-108
CRD_B71DC5DF10B44392841A,유크시,BS2010009018,PRD_B3DED462DD5E47C0ADDD,18/40,HR,KO,POKEMON,NO_JP,dp6-146
CRD_6CC0A5E07CEC4B85923F,미라이돈 ex,BS2023016046,PRD_BBA412AFA17F47F4B0BA,046/139,RR,KO,POKEMON,NO_JP,sv3-79
CRD_99651D6378CB49808433,비주기의 카리스마,BS2023014198,PRD_DAB43E31433041FC942F,198/165,SR,KO,TRAINER,sv2a_ja-197,sv3pt5-197
CRD_F90882500EE5480C9161,코라이돈 ex,BS2023016068,PRD_BBA412AFA17F47F4B0BA,068/139,RR,KO,POKEMON,NO_JP,sv3-124
CRD_95BCC4E4C079449AB3C2,픽시 ex,BS2023016048,PRD_BBA412AFA17F47F4B0BA,048/139,RR,KO,POKEMON,NO_JP,sv3-82
CRD_92F676DAB8C24AD3895B,망나뇽 ex,BS2023016090,PRD_BBA412AFA17F47F4B0BA,090/139,RR,KO,POKEMON,NO_JP,sv3-159
CRD_EC2FC453D40440CBB25E,요씽리스 ex,BS2023016100,PRD_BBA412AFA17F47F4B0BA,100/139,RR,KO,POKEMON,NO_JP,sv3-179
CRD_773316D488304D578A1D,민진의 헤아림,BS2025010084,PRD_86C30C87F04C465BA58C,084/063,SR,KO,TRAINER,m1s_ja-85,me1-176
CRD_9289770776A1479DADE6,마티스의 거래,BS2025009086,PRD_488E92535E424D04B2B5,086/063,SR,KO,TRAINER,m1l_ja-85,me1-170
CRD_EA7C2CE2735D4A7FB228,페로코체&매시붕 GX,BS2019017001,PRD_C50AF6B22D9843F5B112,001/173,RR,KO,POKEMON,sm12a_ja-1,sm10-1
CRD_CC99F95ECF194AAFBB28,빠르모트 ex,BS2023013005,PRD_E36B8DCC6BEC4AE38BAF,005/007,RR,KO,POKEMON,NO_JP,sv3-73
CRD_3F61C7008F084A26A6CC,독개굴 ex,BS2023006055,PRD_ED1CAC91B03F4EAD86F7,055/078,RR,KO,POKEMON,sv1s_ja-55,sv1-131
CRD_21D7CBE19CF94AD189EB,퍼퓨돈 ex,BS2023006068,PRD_ED1CAC91B03F4EAD86F7,068/078,RR,KO,POKEMON,sv1s_ja-68,sv1-158
CRD_A01A880A185C48ADAAAF,루카리오 ex,BS2023002009,PRD_A26F397D65B548AE8F52,009/023,RR,KO,POKEMON,NO_JP,svp-17
CRD_1C425DFA45494FDC8351,비크티니 ex,BS2023016014,PRD_BBA412AFA17F47F4B0BA,014/139,RR,KO,POKEMON,NO_JP,sv3-33
CRD_B7828F2ECCE840FB8105,디아루가 GX,BS2018003054,PRD_0BF9D5EE99F244E7910D,054/050,SR,KO,POKEMON,sm5p_ja-54,sm6-125
CRD_BAA4E53EBC95419998FA,전룡 ex,BS2023003007,PRD_FE40080E1F95492DBC55,007/021,RR,KO,POKEMON,NO_JP,svp-16
CRD_D62E450DC27F4ACBBA35,자시안 V,BS2021019029,PRD_A9D9A46C54C84ED7B89F,029/028,RR,KO,POKEMON,NO_JP,swshp-SWSH292
CRD_66F3A5A65EF7499288F2,바랜드 V,BS2021001078,PRD_FDDAB6E1AF8D49E6A224,078/070,SR,KO,POKEMON,swsh5i_ja-78,swsh5-157
CRD_F388F752349144079A88,히스이 미끄래곤 V,BS2022011095,PRD_554AB5D7D5A440D0AA2A,056/071,RR,KO,POKEMON,swsh10a_ja-56,swsh11-135
CRD_866E43F5997A400B8392,렌트라 V,BS2022007070,PRD_A34AF524E977421D94D7,070/067,SR,KO,POKEMON,swsh10d_ja-70,swsh10-168
CRD_D55D93F3B3354DD8B604,뮤 VMAX,BS2021018040,PRD_3BEB5A9863D54FE7BE25,040/100,RRR,KO,POKEMON,swsh8_ja-40,swsh8-114
CRD_ED421019893142159D1C,리자몽 VSTAR,BS2022018002,PRD_6F6AB9B253E243948DB9,002/030,RR,KO,POKEMON,NO_JP,swsh12pt5-19
CRD_918A096A622440B6B1CE,파이어&썬더&프리져 GX,BS2019011059,PRD_3E9DB59EE4A3494BAC2C,059/054,SR,KO,POKEMON,sm10b_ja-59,sm115-66
CRD_F87EEB047E184C71A2CE,한카리아스&기라티나 GX,BS2019010060,PRD_472A74A595644AAF95EA,060/054,SR,KO,POKEMON,sm10a_ja-60,smp-SM193
CRD_D264A2B826384DCCB7D7,가이오가 V,SP000000177,PRD_64AF1ABD4884491ABCC3,S-P 177,PR,KO,POKEMON,swshp_ja-296,swsh12pt5-37
CRD_E81BE663681D40F082FC,피카츄,SP000000183,PRD_0252BA4B7C954AB9A75B,S-P 183,PR,KO,POKEMON,swshp_ja-323,swsh12pt5-160
CRD_D65357D1999445768C17,맨돌핀,BS2024001228,PRD_219AD0EF77CA4165AD0F,228/190,S,KO,POKEMON,sv4a_ja-228,sv4pt5-123
CRD_C5C46399E49A476BBCF1,자시안 V,BS2022015003,PRD_ECFFE220EFE34577926D,003/006,RR,KO,POKEMON,NO_JP,swsh12pt5-95
CRD_FACBD44F4AA042459A6A,자마젠타 VSTAR,BS2022015006,PRD_ECFFE220EFE34577926D,006/006,RR,KO,POKEMON,NO_JP,swsh12pt5-99
CRD_54805A45B9364F29B502,자시안 VSTAR,BS2022015004,PRD_ECFFE220EFE34577926D,004/006,RR,KO,POKEMON,NO_JP,swsh12pt5-96
CRD_66B86CAACE834BA39882,자마젠타 V,BS2022015005,PRD_ECFFE220EFE34577926D,005/006,RR,KO,POKEMON,NO_JP,swsh12pt5-98
CRD_1549CC7E9EFC44D08FD4,리피아,BS2010005007,PRD_E3BB9AFC5E4047EEA2E0,07/40,HR,KO,POKEMON,dp4d_ja-1001,dp5-99
CRD_1001E20102E24B2DA20C,파이어&썬더&프리져 GX,BS2019011060,PRD_3E9DB59EE4A3494BAC2C,060/054,SR,KO,POKEMON,sm10b_ja-60,smp-SM210
CRD_6D78C3030D7942CB9EF0,레쿠쟈 EX,BS201707104,PRD_87A114BC5BF44CB19C97,104/171,RR,KO,POKEMON,xy6_ja-61,xy6-75
CRD_A078581BD72D413189A8,피카츄 V,BS2022009001,PRD_5B48329CB1F945D89368,001/024,RR,KO,POKEMON,NO_JP,swshp-SWSH285
CRD_AF23FC89109141A7AAF7,바랜드 V,BS2022003350,PRD_B2ACFB7F8D3D424D8D60,350/414,RR,KO,POKEMON,NO_JP,swsh12pt5-116
CRD_C98511277D834B8FB4C7,모야모,SVP000000158,PRD_95C43961AC254D90A5D1,,PR,KO,TRAINER,NO_JP,svp-124
CRD_1647486130EF4A25940C,샤로다 V,BS2022016005,PRD_0C8B6847314E495B9C8E,005/068,RR,KO,POKEMON,swsh11a_ja-5,swsh12-7
CRD_1DB4E0B1059842A38CD7,엘레이드 V,BS2022011138,PRD_554AB5D7D5A440D0AA2A,089/071,CSR,KO,POKEMON,swsh10a_ja-89,swsh11tg-TG19
CRD_E0DC82EA957B4BEAB08B,모스노우,BS2020016233,PRD_595A32AA23664B6ABD92,233/190,S,KO,POKEMON,swsh4a_ja-233,swsh45sv-SV034
CRD_F90501BB1ECA45259FE2,리자몽 VSTAR,BS2022002015,PRD_FA60964DC9AC4C999AC2,015/100,RRR,KO,POKEMON,swsh9_ja-15,swsh9-18
CRD_B7345EED8A0E4A05B2C2,마그카르고 ex,BS2026001096,PRD_6F0F228947EF48919808,096/742,RR,KO,POKEMON,sv5a_ja-13,sv6-29
CRD_726F592D695C48E8837F,아고용&악식킹 GX,BS2019016066,PRD_26B8AEB977614902B314,066/095,RR,KO,POKEMON,sm12_ja-66,sm12-158
CRD_6B4990C003EE4F5C95AF,해피너스 V,BS2022003334,PRD_B2ACFB7F8D3D424D8D60,334/414,RR,KO,POKEMON,swsh8b_ja-127,swsh6-119
CRD_292EB503923B4ADDAA36,테오키스 V,BS2022013005,PRD_9FE66CB9CBD347C69D04,005/020,RR,KO,POKEMON,NO_JP,swshp-SWSH266
CRD_391EF36F49824C58965F,세레비 EX,BS2012009060,PRD_FBAE3D3A352E4D5B856D,060/059,SR,KO,POKEMON,bw6c_ja-60,bw7-141
CRD_931723E024444FAA9D5A,다크라이 EX,BS2012003072,PRD_D3C43A91C1D442598A5C,072/069,SR,KO,POKEMON,bw4_ja-72,bw5-107
CRD_2FE00DB6CB1E400085C1,테오키스 VSTAR,BS2022013007,PRD_9FE66CB9CBD347C69D04,007/020,RR,KO,POKEMON,NO_JP,swshp-SWSH268
CRD_F193258A02084B2CA026,요씽리스 V,BS2022003361,PRD_B2ACFB7F8D3D424D8D60,361/414,RR,KO,POKEMON,NO_JP,swsh12pt5-120
CRD_89951F6DCCFD4A329C78,두랄루돈 V,BS2022003325,PRD_B2ACFB7F8D3D424D8D60,325/414,RR,KO,POKEMON,swsh7d_ja-48,swsh7-122
CRD_E9EFB5201D7543CF9A76,피카츄 VMAX,SP000000142,PRD_47993D05734642238309,S-P 142,PR,KO,POKEMON,swshp_ja-265,swshp-SWSH286
CRD_A8CA5B29C9994F09BCF9,바랜드 V,BS2022003349,PRD_B2ACFB7F8D3D424D8D60,349/414,RR,KO,POKEMON,swsh5i_ja-59,swsh5-117
CRD_861F40AC33FD47E8A71A,모르페코 V,BS2022003290,PRD_B2ACFB7F8D3D424D8D60,290/414,RR,KO,POKEMON,NO_JP,swsh9-95
CRD_F5AF7D246A2542E48326,가라르 야도킹 V,BS2022003258,PRD_B2ACFB7F8D3D424D8D60,258/414,RR,KO,POKEMON,swsh5a_ja-46,swsh6-99
CRD_59D148E4C2854E5AAA96,마기라스 V,BS2022003263,PRD_B2ACFB7F8D3D424D8D60,263/414,RR,KO,POKEMON,swsh5i_ja-46,swsh5-97
CRD_D6BD7408ABA74C26951D,성호의 메타그로스 ex,BS2025003007,PRD_401A6FEEE2CD41B7BA19,007/018,RR,KO,POKEMON,NO_JP,sv10-145
CRD_7C49D1616BA447F592B1,가라르 파이어 V,BS2022003254,PRD_B2ACFB7F8D3D424D8D60,254/414,RR,KO,POKEMON,swsh5a_ja-45,swsh6-97
CRD_E7DB54455C61431B8B1B,사다이사 V,BS2022003241,PRD_B2ACFB7F8D3D424D8D60,241/414,RR,KO,POKEMON,swsh6h_ja-43,swsh6-89
CRD_F9597DA87C15467681E5,루카리오 V,BS2022003225,PRD_B2ACFB7F8D3D424D8D60,225/414,RR,KO,POKEMON,NO_JP,swsh8-146
CRD_33D12892FE0A448BA1C5,골루그 V,BS2022003188,PRD_B2ACFB7F8D3D424D8D60,188/414,RR,KO,POKEMON,swsh7d_ja-15,swsh7-70
CRD_43B92747526147DBA44A,따라큐 V,BS2022003197,PRD_B2ACFB7F8D3D424D8D60,197/414,RR,KO,POKEMON,swsh5i_ja-27,swsh5-62
CRD_DC0D44D9E66D45FA907B,가라르 날쌩마 V,BS2022003163,PRD_B2ACFB7F8D3D424D8D60,163/414,RR,KO,POKEMON,swsh6h_ja-29,swshp-SWSH111
CRD_49D0E25CC4FB427AB28C,오리진 펄기아 VSTAR,BS2023001028,PRD_B4F8E0D2E2414F1DBC9B,028/172,RRR,KO,POKEMON,swsh12a_ja-28,swshp-SWSH254
CRD_828C74272B23470D9991,그랑블루 V,BS2022003174,PRD_B2ACFB7F8D3D424D8D60,174/414,RR,KO,POKEMON,NO_JP,swsh9-57
CRD_4A17C07AEF20419B859B,테라키온,BS2011003068,PRD_F516B48B00EC4405B043,068/066,SR,KO,POKEMON,bw2_ja-68,bw3-99
CRD_93BA1B52B6B14CF0AEDA,비크티니 V,BS2021002072,PRD_AD7B5C4F802F4D64BE90,072/070,SR,KO,POKEMON,swsh5r_ja-72,swsh5-144
CRD_1189D005D21D4ED69DBF,어치르돈 V,BS2022003124,PRD_B2ACFB7F8D3D424D8D60,124/414,RR,KO,POKEMON,swsh6k_ja-17,swsh7-48
CRD_35DC69B18FE34A239272,글레이시아 VMAX,BS2022003104,PRD_B2ACFB7F8D3D424D8D60,104/414,RR,KO,POKEMON,swsh6a_ja-25,swsh7-41
CRD_E493F0082A45481EA7EE,샤미드 V,BS2022003087,PRD_B2ACFB7F8D3D424D8D60,087/414,RR,KO,POKEMON,swsh6a_ja-15,swshp-SWSH150
CRD_1FC4B3E18BB94A0EB6CC,아머드 뮤츠,SMP000000269,PRD_EF2D36098270467A869D,196/SM-P,SM-P,KO,POKEMON,smp_ja-365,smp-SM228
CRD_6372ABB03C6D49E1B035,부스터 VMAX,BS2022003052,PRD_B2ACFB7F8D3D424D8D60,052/414,RR,KO,POKEMON,NO_JP,swsh7-18
CRD_1164B69A14F3417EBA5C,부스터 V,BS2022003051,PRD_B2ACFB7F8D3D424D8D60,051/414,RR,KO,POKEMON,swsh6a_ja-11,swshp-SWSH149
CRD_593E4A28970A4C3C8255,이상해꽃 V,BS2022003001,PRD_B2ACFB7F8D3D424D8D60,001/414,RR,KO,POKEMON,NO_JP,swshp-SWSH100
CRD_CFF5112271AB4A80BF9B,라이츄 GX,SMP000000257,PRD_82492C40613B4AA2957C,195/SM-P,SM-P,KO,POKEMON,NO_JP,smp-SM213
CRD_A2C303F9E86F4EDF9398,아가씨,BS2022014122,PRD_D85C098E2C3449848167,123/100,HR,KO,TRAINER,swsh11_ja-122,swsh11-208
CRD_D32273D46FE741C19111,히스이 블레이범 V,BS2022004121,PRD_B6A92B9A3823440F8F49,076/067,SR,KO,POKEMON,swsh9a_ja-76,swsh10-169
CRD_9F16F13DF68C4204B8EF,메가라티아스 ex,BS2025010049,PRD_86C30C87F04C465BA58C,049/063,RR,KO,POKEMON,m1s_ja-49,me1-100
CRD_EEDFC6D249174138A328,사다이사 V,BS2021004076,PRD_83E04A9A71A74A88AB44,076/070,SR,KO,POKEMON,swsh6h_ja-76,swsh6-175
CRD_739A8D30A5494EFBA4DB,리자몽 ex,SVP000000163,PRD_1ACA702B37DC48A39A36,,PR,KO,POKEMON,NO_JP,svp-56
CRD_8D64C44C0FE64E8EA849,비크티니 V,BS2020001027,PRD_94496EE2ED9C4E6791C8,003/023,RR,KO,POKEMON,NO_JP,swsh1-25
CRD_217550E39F654896867F,AZ,BS2014004093,PRD_42626661804D4BE1B5E2,093/088,SR,KO,TRAINER,xy4_ja-93,xy4-117
CRD_DB4376253193405389B0,무한다이노 V,BS2021019010,PRD_A9D9A46C54C84ED7B89F,010/028,RR,KO,POKEMON,swsh3_ja-64,swsh3-116
CRD_5CA455DEF57B449E9681,아이리스의 투지,BS2025015248,PRD_90A8D5BDA5664CEF9F48,248/193,SAR,KO,TRAINER,m2a_ja-247,me2pt5-292
CRD_8DE3C0F874CB476BAA7D,마기라스 V,BS2021013059,PRD_F8EBFB3CDA14402EB238,031/053,RR,KO,POKEMON,NO_JP,swsh8-158
CRD_3C4CBC99613B4B548008,소니아,BS2020004077,PRD_D785A25B9DFD4C32AE7C,077/070,SR,KO,TRAINER,swsh1a_ja-77,swsh2-192
CRD_F095D8262EE24A9E89F5,핫삼 GX,BS2019018051,PRD_E3C9A6F3A7094CB5B77C,051/080,RR,KO,POKEMON,sm6b_ja-41,sm7-90
CRD_7C85BF18CA654083A203,조타구 ex,BS2024011079,PRD_7293190A22224C0598D5,079/064,SR,KO,POKEMON,sv6a_ja-79,sv6pt5-82
CRD_C1430E514E7A4341B76C,거북왕 GX,BS2019018016,PRD_E3C9A6F3A7094CB5B77C,016/080,RR,KO,POKEMON,sm9b_ja-10,sm10-35
CRD_AAA1B0D73E594E6E9585,나옹,SVP000000127,PRD_3D485613010C46EF928E,,PR,KO,POKEMON,svp_ja-192,me2-106
CRD_A371FDE27863442B9247,석탄산,BS2020016268,PRD_595A32AA23664B6ABD92,268/190,S,KO,POKEMON,swsh4a_ja-268,swsh45sv-SV069
CRD_6E9E05529FE044859508,미라이돈,SVP000000026,PRD_878BCD84E3A14C879A3E,,PR,KO,POKEMON,svp_ja-48,svp-13
CRD_E62F06A94BBF4102A34B,카나리,BS2025015220,PRD_90A8D5BDA5664CEF9F48,220/193,SR,KO,TRAINER,m2a_ja-219,me2pt5-257
CRD_CCC9B1752D4045849237,라이츄 GX,BS2019018022,PRD_E3C9A6F3A7094CB5B77C,022/080,RR,KO,POKEMON,NO_JP,sm115-20
CRD_C39B236442E240D58AAD,백마 버드렉스 V,BS2021006001,PRD_5152EBDC54E740B89050,001/006,RR,KO,POKEMON,NO_JP,swshp-SWSH130
CRD_644D9605B98343E2BD97,고라파덕,BS2025015199,PRD_90A8D5BDA5664CEF9F48,199/193,AR,KO,POKEMON,m2a_ja-199,me2pt5-226
CRD_9E6C0EE28A034B84B8A7,흑마 버드렉스 V,BS2021006002,PRD_5152EBDC54E740B89050,002/006,RR,KO,POKEMON,NO_JP,swshp-SWSH131
CRD_CE93CF20BC2D40369EA6,팬텀 VMAX,BS2021008002,PRD_4C239B3E5F8242FDB0E0,002/019,RR,KO,POKEMON,NO_JP,swsh8-157
CRD_3FAD1A600E1E4A68BEFC,크로뱃 V,BS2021008003,PRD_4C239B3E5F8242FDB0E0,003/019,RR,KO,POKEMON,NO_JP,swshp-SWSH110
CRD_3AC8F9831E6C417A920C,루카리오 EX,BS201707062,PRD_87A114BC5BF44CB19C97,062/171,RR,KO,POKEMON,xy_ja-62,xy3-54
CRD_50821B0A1B1544889F09,눈쓰개,BS2025010067,PRD_86C30C87F04C465BA58C,067/063,AR,KO,POKEMON,m1s_ja-67,me1-140
CRD_C1E6E62B68CA49EBA053,비리디온 GX,BS2019018007,PRD_E3C9A6F3A7094CB5B77C,007/080,RR,KO,TRAINER,sm7a_ja-6,sm8-34
CRD_034271D298BA46158444,사마자르,BS2022004116,PRD_B6A92B9A3823440F8F49,071/067,CHR,KO,POKEMON,swsh9a_ja-71,swsh10tg-TG08
CRD_5470C871DF3146EB9C6B,카지,BS2024008123,PRD_980F0BFCCDBB47558BFA,123/101,SR,KO,TRAINER,sv6_ja-122,sv6-206
CRD_1A2B7E3263BE4E328E23,마그비,BS2023021068,PRD_8E32996A2E964C128DBF,068/066,AR,KO,POKEMON,sv4k_ja-68,sv4-186
CRD_ECCB9F6BE6FB45019BF9,강철톤,BS2025009073,PRD_488E92535E424D04B2B5,073/063,AR,KO,POKEMON,m1l_ja-73,me1-150
CRD_68AFBE59B0D944A69E33,해피너스 V,BS2022001254,PRD_767E549F894445C98D52,254/184,CSR,KO,POKEMON,swsh8b_ja-254,swsh12tg-TG22
CRD_AAAB529B18A64AB9A9A0,루카리오 V,BS2020013020,PRD_9FB39A358D474F2A800E,020/031,RR,KO,POKEMON,NO_JP,swsh35-27
CRD_B1A5D7C5C507422DA40C,에이스번,BS2020016216,PRD_595A32AA23664B6ABD92,216/190,S,KO,POKEMON,swsh4a_ja-216,swsh45sv-SV017
CRD_42C692170F6E4A3EBDA6,스트린더,BS2020016241,PRD_595A32AA23664B6ABD92,241/190,S,KO,POKEMON,swsh4a_ja-241,swsh45sv-SV042
CRD_9DFAA769E1B744799783,파치래곤,BS2020016244,PRD_595A32AA23664B6ABD92,244/190,S,KO,POKEMON,swsh4a_ja-244,swsh45sv-SV045
CRD_C4387FFC5CCB4AF9A390,또가스,BS2020016275,PRD_595A32AA23664B6ABD92,275/190,S,KO,POKEMON,swsh4a_ja-275,swsh45sv-SV076
CRD_37FD17FC727E435B8C84,모르페코 VMAX,BS2020015003,PRD_54235F60186849AB8D4D,003/004,RR,KO,POKEMON,NO_JP,swsh45-38
CRD_46D80DE27C1642C5B543,어흥염 V,BS2020013006,PRD_9FB39A358D474F2A800E,006/031,RR,KO,POKEMON,NO_JP,swsh35-8
CRD_46745DD4BB00424D81F5,꼬모카,BS2020016209,PRD_595A32AA23664B6ABD92,209/190,S,KO,POKEMON,swsh4a_ja-209,swsh45sv-SV010
CRD_BE0337E9E178414A89BA,백솜모카,BS2020016210,PRD_595A32AA23664B6ABD92,210/190,S,KO,POKEMON,swsh4a_ja-210,swsh45sv-SV011
CRD_730805FC07034C0DB994,루기아 EX플라스마단,BS2013001074,PRD_3904E11581AD4E859320,074/070,SR,KO,POKEMON,bw7_ja-74,bw8-134
CRD_439C86F598EA473882CC,솔록,BS2023001189,PRD_B4F8E0D2E2414F1DBC9B,189/172,AR,KO,POKEMON,swsh12a_ja-189,swsh12pt5gg-GG15
CRD_410093B53305439B9BB8,이올브,BS2020016208,PRD_595A32AA23664B6ABD92,208/190,S,KO,POKEMON,swsh4a_ja-208,swsh45sv-SV009
CRD_3E23CFF0B8FC46699E5A,갈가부기,BS2020016228,PRD_595A32AA23664B6ABD92,228/190,S,KO,POKEMON,swsh4a_ja-228,swsh45sv-SV029
CRD_7A36346C7D944650B5E6,윽우지,BS2020016229,PRD_595A32AA23664B6ABD92,229/190,S,KO,POKEMON,swsh4a_ja-229,swsh45sv-SV030
CRD_EFA94CD056AD49A7805F,꼬치조,BS2020016231,PRD_595A32AA23664B6ABD92,231/190,S,KO,POKEMON,swsh4a_ja-231,swsh45sv-SV032
CRD_810E1D47AA834EEFB64E,파치르돈,BS2020016245,PRD_595A32AA23664B6ABD92,245/190,S,KO,POKEMON,swsh4a_ja-245,swsh45sv-SV046
CRD_10FA5F0FB2BB48E0A8F5,가라르 야도란 V,BS2020013025,PRD_9FB39A358D474F2A800E,025/031,RR,KO,POKEMON,NO_JP,swsh3-99
CRD_D977F918DEE8417F8794,이브이 V,BS2020013029,PRD_9FB39A358D474F2A800E,029/031,RR,KO,TRAINER,NO_JP,swshp-SWSH065
CRD_FF89828CCBB14368BDA7,두랄루돈 V,BS2020013028,PRD_9FB39A358D474F2A800E,028/031,RR,KO,POKEMON,NO_JP,swsh35-47
CRD_E5FB08E4216944D298B1,빼미스로우,BS2020016201,PRD_595A32AA23664B6ABD92,201/190,S,KO,POKEMON,swsh4a_ja-201,swsh45sv-SV002
CRD_F4545F0EEDC64F099394,탄동,BS2020016266,PRD_595A32AA23664B6ABD92,266/190,S,KO,POKEMON,swsh4a_ja-266,swsh45sv-SV067
CRD_D67FF6D515B941C0B69E,쏘겨모,BS2020016283,PRD_595A32AA23664B6ABD92,283/190,S,KO,POKEMON,swsh4a_ja-283,swsh45sv-SV084
CRD_203BE953DCCE454BB9A0,오롱털,BS2020016284,PRD_595A32AA23664B6ABD92,284/190,S,KO,POKEMON,swsh4a_ja-284,swsh45sv-SV085
CRD_0A08B2E2AE7D46908548,가라르 가로막구리,BS2020016279,PRD_595A32AA23664B6ABD92,279/190,S,KO,POKEMON,swsh4a_ja-279,swsh45sv-SV080
CRD_E033B69140A8460AAD0B,끼리동,BS2020016289,PRD_595A32AA23664B6ABD92,289/190,S,KO,POKEMON,swsh4a_ja-289,swsh45sv-SV090
CRD_81527A6C6D8242E7962C,치라미,BS2020016292,PRD_595A32AA23664B6ABD92,292/190,S,KO,POKEMON,swsh4a_ja-292,swsh45sv-SV093
CRD_F43008DDDC81402A908A,가라르 메더,BS2020016287,PRD_595A32AA23664B6ABD92,287/190,S,KO,POKEMON,swsh4a_ja-287,swsh45sv-SV088
CRD_AC463A6E41054C3A8E71,가라르 나옹,BS2020016285,PRD_595A32AA23664B6ABD92,285/190,S,KO,POKEMON,swsh4a_ja-285,swsh45sv-SV086
CRD_814FC9FDB9F244A7A8C0,타타륜 VMAX,BS2020015001,PRD_54235F60186849AB8D4D,001/004,RR,KO,POKEMON,NO_JP,swsh45-10
CRD_D56048415DA2405E9DBC,피카츄 V,SP000000073,PRD_DA8331A4704A44B6957D,S-P 73,PR,KO,POKEMON,swshp_ja-122,swshp-SWSH061
CRD_BC5D8A5B4A5049FC8235,레돔벌레,BS2020016207,PRD_595A32AA23664B6ABD92,207/190,S,KO,POKEMON,swsh4a_ja-207,swsh45sv-SV008
CRD_3BDBFB0461F4481F9A03,다태우지네,BS2020016218,PRD_595A32AA23664B6ABD92,218/190,S,KO,POKEMON,swsh4a_ja-218,swsh45sv-SV019
CRD_51B35B799843488F8BD0,가라르 마임꽁꽁,BS2020016220,PRD_595A32AA23664B6ABD92,220/190,S,KO,POKEMON,swsh4a_ja-220,swsh45sv-SV021
CRD_C2A0DB2254344C62AF81,민화의 라플레시아 ex,BS2026001003,PRD_6F0F228947EF48919808,003/742,RR,KO,POKEMON,NO_JP,me2pt5-3
CRD_A4507E6EECB24AD88AC1,이브이 V,BS2022009007,PRD_5B48329CB1F945D89368,007/024,RR,KO,POKEMON,NO_JP,swsh12pt5-108
CRD_7EBB72125E6E436B8589,피카츄,SMP000000223,PRD_7B3C1057DEFB4DB3991A,164/SM-P,SM-P,KO,POKEMON,NO_JP,sm11-55
CRD_70A5FC244F7E41DE819D,볼트로스 GX,BS2019014245,PRD_60C4B2B436F34869A60E,,RR,KO,POKEMON,NO_JP,smp-SM133
CRD_D0519CFFD9564C798E9F,카푸느지느 GX,BS2019014244,PRD_60C4B2B436F34869A60E,,RR,KO,POKEMON,NO_JP,sm3-39a
CRD_15F5F5A58D814B10953B,님피아 GX,BS2019014247,PRD_60C4B2B436F34869A60E,,RR,KO,POKEMON,smp_ja-323,sm2-92a
CRD_CFC16E65EBC1462AB99A,에브이&테오키스 GX,BS2019012001,PRD_DDC3BB3CB0314EC4BEF6,001/031,RR,KO,POKEMON,NO_JP,sm11-72
CRD_1735A196292E42369E03,지라치 GX,BS2019012002,PRD_DDC3BB3CB0314EC4BEF6,002/031,RR,KO,POKEMON,NO_JP,sm11-79
CRD_3761F2C151EE4116B9EE,블래키&다크라이 GX,BS2019012010,PRD_E086FB5366D74C6FBB43,010/031,RR,KO,POKEMON,NO_JP,sm11-125
CRD_5CC4F5F3C4294D54BEBB,제크로무 ex,BS2025015051,PRD_90A8D5BDA5664CEF9F48,051/193,RR,KO,POKEMON,m2a_ja-51,zsv10pt5-34
CRD_3A3F2713FE8C47F69F71,캥카 GX,SMP000000200,PRD_FFD9405FB4944E33A617,149/SM-P,SM-P,KO,POKEMON,smp_ja-303,smp-SM188
CRD_5C104F12C3C94EE49C84,명탐정 피카츄,SMP000000194,PRD_C928FE6652B14828B4CA,143/SM-P,SM-P,KO,POKEMON,smp_ja-337,smp-SM170
CRD_4500844A9586482C906C,이브이&잠만보 GX,SMP000000191,PRD_ED6E63DB5B5947769F83,140/SM-P,SM-P,KO,POKEMON,smp_ja-297,smp-SM169
CRD_013491CECA2E446F9AB8,게을킹 V,BS2022010059,PRD_FEBA8CBAF36B40D9850F,059/071,RR,KO,POKEMON,swsh10b_ja-59,pgo-58
CRD_76C27B14CD0C45E3A73B,롱스톤 GX,BS2019004011,PRD_4EC62866124346138250,011/031,RR,KO,POKEMON,NO_JP,sm115-36
CRD_83ED01B41C3648FCA47B,푸크린 GX,BS2019006009,PRD_BBEBBF685AA44C9DAF38,032/051,RR,KO,POKEMON,NO_JP,sm115-42
CRD_1EB1317E215A4D5FABEE,피카츄,SMP000000186,PRD_231732ED8F2047F39E3E,120/SM-P,SM-P,KO,POKEMON,smp_ja-242,smp-SM157
CRD_8B64BC8FA3984544BD29,아쿠스타 GX,BS2019004004,PRD_811F8361E5F040F9A660,004/031,RR,KO,POKEMON,NO_JP,sm115-14
CRD_41A99002828C474D8A58,디안시,BS2019002196,PRD_F0B2C76547E5479F8E65,196/150,S,KO,POKEMON,sm8b_ja-196,sma-SV36
CRD_F992B99929D74209A136,레어코일,BS2019002188,PRD_F0B2C76547E5479F8E65,188/150,S,KO,POKEMON,sm8b_ja-188,sma-SV28
CRD_A416CBFC4F164B6BA7E4,코일,BS2019002187,PRD_F0B2C76547E5479F8E65,187/150,S,KO,POKEMON,sm8b_ja-187,sma-SV27
CRD_646D4781521444DCA2AF,루카리오,BS2019002182,PRD_F0B2C76547E5479F8E65,182/150,S,KO,POKEMON,sm8b_ja-182,sma-SV22
CRD_BEB146883AF3442F81D9,베베놈,BS2019002179,PRD_F0B2C76547E5479F8E65,179/150,S,KO,POKEMON,sm8b_ja-179,sma-SV19
CRD_63EFA1E2D426449697C7,리오르,BS2019002181,PRD_F0B2C76547E5479F8E65,181/150,S,KO,POKEMON,sm8b_ja-181,sma-SV21
CRD_C75DB7DA4F574A29A6BB,어둠대신,BS2019002176,PRD_F0B2C76547E5479F8E65,176/150,S,KO,POKEMON,sm8b_ja-176,sma-SV16
CRD_A4E698560C3F430A9CE4,루카리오 VSTAR,BS2022005005,PRD_11F5D6628FC34B098AD0,005/021,RR,KO,POKEMON,NO_JP,swshp-SWSH214
CRD_A6337035E8634701BFAB,피카츄,SMP000000173,PRD_B4AD08889B964B48AE16,136/SM-P,SM-P,KO,POKEMON,smp_ja-249,smp-SM234
CRD_41BD351FBCE24334B7DD,나무킹 EX,BS2016004006,PRD_F4FEB5AEAFD341BE97EA,006/131,RR,KO,POKEMON,cp4_ja-6,xy7-7
CRD_5A5295A6BE874BBA8414,피카츄,SMP000000172,PRD_B4AD08889B964B48AE16,135/SM-P,SM-P,KO,POKEMON,smp_ja-227,NO_EN
CRD_7DED027B94C6483F9495,알로라텅구리GX,SMP000000164,PRD_32A4D18B7D984066BEDB,127/SM-P,SM-P,KO,POKEMON,smp_ja-252,smp-SM187
CRD_7ADE94812E08415390CB,제크로무 GX,SMP000000158,PRD_FC540D961A674244B333,116/SM-P,SM-P,KO,POKEMON,smp_ja-238,smp-SM138
CRD_9D5DBEB83D8747A7865D,칠색조 GX,SMP000000152,PRD_E1C4AAB9A1BC43F5B408,112/SM-P,SM-P,KO,POKEMON,NO_JP,smp-SM57
CRD_F1E137530AAC4509ACBD,카푸꼬꼬꼭 GX,SMP000000154,PRD_E1C4AAB9A1BC43F5B408,114/SM-P,SM-P,KO,POKEMON,NO_JP,smp-SM33
CRD_0BB77FE2EEEC4F359733,염뉴트 GX,SMP000000153,PRD_E1C4AAB9A1BC43F5B408,SM63,SM-P,KO,POKEMON,NO_JP,smp-SM63
CRD_E9C4D238A08646EA997E,M입치트 EX,PR2015001099,PRD_5335DFBF031D4BA68337,,PR,KO,POKEMON,xyp_ja-186,xyp-XY104
CRD_ACE083AA03F94FF58441,약어리 GX,BS2019017039,PRD_C50AF6B22D9843F5B112,039/173,RR,KO,POKEMON,sm12a_ja-39,sm12-63
CRD_77E23D6E57A144EB9BD7,지가르데 GX,SMP000000116,PRD_63E0557D426542D4A27F,088/SM-P,SM-P,KO,POKEMON,smp_ja-216,NO_EN
CRD_696441FFCEB046F28C92,네크로즈마 GX,SMP000000104,PRD_CC9FA5F3736D45FCB4D5,079/SM-P,SM-P,KO,POKEMON,smp_ja-220,smp-SM58
CRD_DD544B72133A4A17A1BB,멜론,BS2022001262,PRD_767E549F894445C98D52,262/184,SR,KO,TRAINER,swsh8b_ja-274,swsh10tg-TG26
CRD_83A1176A6F644DE9B1DB,레지락 EX,BS201707175,PRD_87A114BC5BF44CB19C97,175/171,RR,KO,POKEMON,xy_ja-175,xy10-43a
CRD_C577C809253F4820BC3C,M루카리오 EX,BS201707176,PRD_87A114BC5BF44CB19C97,176/171,RR,KO,POKEMON,xy_ja-176,xy3-55a
CRD_35DA6B31F47244C59B9A,제르네아스 BREAK,BS201707097,PRD_87A114BC5BF44CB19C97,097/171,RR,KO,POKEMON,xy11f_ja-42,xy11-82
CRD_7084B05629B04BBEA2F3,입치트 GX,BS2019010058,PRD_472A74A595644AAF95EA,058/054,SR,KO,TRAINER,sm10a_ja-58,sm11-227
CRD_B0B1E680E6EB4FC091EE,M가디안 EX,BS201707092,PRD_87A114BC5BF44CB19C97,092/171,RR,KO,POKEMON,xy11c_ja-39,xy11-79
CRD_6963C4D7FD56481C9E05,동탁군 BREAK,BS201707083,PRD_87A114BC5BF44CB19C97,083/171,RR,KO,POKEMON,xy10_ja-49,xy10-62
CRD_B7BEDC89F4554878A43B,에브이 EX,BS201707045,PRD_87A114BC5BF44CB19C97,045/171,RR,KO,POKEMON,xy9_ja-35,xy9-52
CRD_6B76266004034ADFAFE2,후딘 EX,BS201707040,PRD_87A114BC5BF44CB19C97,040/171,RR,KO,POKEMON,xy10_ja-23,xy10-25
CRD_5A11A9B4CB924667ACDC,개굴닌자 BREAK,BS201707028,PRD_87A114BC5BF44CB19C97,028/171,RR,KO,POKEMON,xy9_ja-30,xy9-41
CRD_3EF662F5F4B04A96BB1F,볼케니온 EX,BS201707015,PRD_87A114BC5BF44CB19C97,015/171,RR,KO,POKEMON,xy11f_ja-12,xy11-26
CRD_294D19F698F24BE39387,나무킹 EX,BS201707006,PRD_87A114BC5BF44CB19C97,006/171,RR,KO,POKEMON,xy_ja-6,xy7-7
CRD_4D37677B8AA341108958,제르네아스 EX,BS2016004090,PRD_F4FEB5AEAFD341BE97EA,090/131,RR,KO,POKEMON,xy1x_ja-44,xy1-97
CRD_FD0EEE3A4AF547399878,후파,PR2015001102,PRD_5335DFBF031D4BA68337,,PR,KO,POKEMON,xyp_ja-155,NO_EN
CRD_F6D2FC3117BF409384AD,그란돈 EX,BS2016004072,PRD_F4FEB5AEAFD341BE97EA,072/131,RR,KO,POKEMON,cp4_ja-72,xy5-85
CRD_4B160DDD24C54ACA8B72,피카츄,PR2015001164,PRD_5335DFBF031D4BA68337,,PR,KO,POKEMON,xyp_ja-156,xyp-XY89
CRD_910B11C0B86040AE84AA,렌트라 BREAK,PR2015001094,PRD_5335DFBF031D4BA68337,,PR,KO,POKEMON,xyp_ja-181,xy9-47
CRD_CB69C20D58AF4D51A9AF,번치코 EX,PR2015001068,PRD_5335DFBF031D4BA68337,,PR,KO,POKEMON,xyp_ja-127,xyp-XY54
CRD_F7266F095112499DA31C,프테라 EX,PR2015001095,PRD_5335DFBF031D4BA68337,,PR,KO,POKEMON,xyp_ja-182,xyp-XY97
CRD_F7B668AA293A48758034,깨비드릴조,PR2015001064,PRD_5335DFBF031D4BA68337,,PR,KO,POKEMON,xyp_ja-115,xyp-XY57
CRD_AA4A41F8F67F4044A169,레쿠쟈 EX,PR2015001057,PRD_5335DFBF031D4BA68337,,PR,KO,POKEMON,xyp_ja-123,xyp-XY66
CRD_9BC7436092C94785A4FC,박사의 연구(주박사),BS2022001264,PRD_767E549F894445C98D52,264/184,SR,KO,TRAINER,swsh8b_ja-266,swshp-SWSH152
CRD_693D655002B04679AF62,메가리자몽Y ex,BS2026001085,PRD_6F0F228947EF48919808,085/742,RR,KO,POKEMON,NO_JP,me2pt5-22
CRD_8D68F827F9B2481DA5FB,루카리오 EX,BS2016004074,PRD_F4FEB5AEAFD341BE97EA,074/131,RR,KO,POKEMON,xy3_ja-52,xy3-54
CRD_E1B6948E73434311B499,피카츄 EX,BS2015008008,PRD_1C6DC92B6C1C4A56A692,008/027,RR,KO,POKEMON,cp2_ja-8,xyp-XY84
CRD_70914C281622475CA8B8,이브이 GX,BS2019000019,PRD_F0B27DFABBE04F75BF70,019/038,RR,KO,POKEMON,NO_JP,smp-SM176
CRD_8D798C34EC514D40851D,피카츄,SMP0000000093,PRD_07B3B25950244680B7FB,069/SM-P,SM-P,KO,POKEMON,NO_JP,sm3-40
CRD_B6294903334744A58D01,지우의 피카츄,SMP0000000066,PRD_231732ED8F2047F39E3E,045/SM-P,SM-P,KO,POKEMON,smp_ja-72,smp-SM110
CRD_94DDE31A7F814C7DA629,지우의 피카츄,SMP0000000058,PRD_129FF3B10C034C14B2D5,041/SM-P,SM-P,KO,POKEMON,smp_ja-86,smp-SM108
CRD_95DCB3753DC641EAB5CB,어흥염 ex,BS2024005085,PRD_B8A7BADF7613420288AC,085/071,SR,KO,POKEMON,sv5m_ja-85,sv5-187
CRD_C55004D65BC742D6A174,모래성이당 GX,SMP0000000036,PRD_84E368246DB649A9846A,030/SM-P,SM-P,KO,POKEMON,smp_ja-104,sm7-82
CRD_3D1823A431694121B9F4,멜메탈 V,BS2022010047,PRD_FEBA8CBAF36B40D9850F,047/071,RR,KO,POKEMON,swsh10b_ja-47,pgo-47
CRD_97D7C457DF3B41A8A619,마자용 BREAK,BS2016004055,PRD_F4FEB5AEAFD341BE97EA,055/131,RR,KO,POKEMON,cp4_ja-55,xyp-XY155
CRD_F962598C2D154F409151,피카츄,PR2013001049,PRD_F3ACAED44CEB47F5A6A0,,PR,KO,POKEMON,NO_JP,bwp-BW77
CRD_212812EDFC95434E96EE,노공룡,BS2023021078,PRD_8E32996A2E964C128DBF,078/066,AR,KO,POKEMON,sv4k_ja-78,sv4-212
CRD_53220555F67B44E18651,달코퀸 GX,SMP0000000041,PRD_F2F1079296AF45799968,035/SM-P,SM-P,KO,POKEMON,smp_ja-65,smp-SM56
CRD_8B9B58EC8BE6437C9189,뮤츠 EX,BS2016004050,PRD_F4FEB5AEAFD341BE97EA,050/131,RR,KO,POKEMON,xy8b_ja-25,xy8-61
CRD_F9B24EA402F141129620,레시라무 EX,BS2013006021,PRD_A28DEA2BDF4745EEBEF4,021/093,RR,KO,POKEMON,ebb1_ja-21,bw4-22
CRD_93FFCADB9F314F93B03F,케르디오 EX,BS2013006037,PRD_A28DEA2BDF4745EEBEF4,037/093,RR,KO,POKEMON,bw6c_ja-19,bw7-49
CRD_3A8D2EC8D99B4D7B9450,샹델라 EX,BS2013006061,PRD_A28DEA2BDF4745EEBEF4,061/093,RR,KO,POKEMON,ebb1_ja-61,bw11-77
CRD_FFAB6C584CD745B9A717,다크라이 EX,BS2013006072,PRD_A28DEA2BDF4745EEBEF4,072/093,RR,KO,POKEMON,bw4_ja-44,bw5-63
CRD_CB975544B60F47048A93,블랙큐레무 EX,BS2013006084,PRD_A28DEA2BDF4745EEBEF4,084/093,RR,KO,POKEMON,bw6f_ja-45,bw7-101
CRD_D970AD67FDC84F989B91,찌리비,BS2024001250,PRD_219AD0EF77CA4165AD0F,250/190,S,KO,POKEMON,sv4a_ja-250,sv4pt5-145
CRD_EBD265D880914608AC93,리피아 V,BS2022003017,PRD_B2ACFB7F8D3D424D8D60,017/414,RR,KO,POKEMON,swsh6a_ja-2,swsh7-7
CRD_A9AEC318816D44429B63,음번 V,BS2022003321,PRD_B2ACFB7F8D3D424D8D60,321/414,RR,KO,POKEMON,swsh7d_ja-46,swsh7-117
CRD_A313B53B087D4A94B80A,쥬피썬더 V,BS2022003130,PRD_B2ACFB7F8D3D424D8D60,130/414,RR,KO,POKEMON,swsh6a_ja-30,swshp-SWSH151
CRD_F54EE62045A24CBAABB8,이슬의 라프라스,BS2025005072,PRD_66A71505B24242AD9875,072/063,AR,KO,POKEMON,sv9a_ja-72,sv10-194
CRD_C37F7B571BA54B66B848,보만다 EX,PR2016001001,PRD_6BEB848A7A87407A9FCD,,PR,KO,POKEMON,xyp_ja-253,xyp-XY170
CRD_1F7AA893695B4F56A551,M보만다 EX,PR2016001002,PRD_6BEB848A7A87407A9FCD,,PR,KO,POKEMON,xyp_ja-257,xyp-XY171
CRD_BF34F5EA41394ACEBF4D,에이스번 V,BS2022003073,PRD_B2ACFB7F8D3D424D8D60,073/414,RR,KO,POKEMON,NO_JP,swsh8-43
CRD_0045DA17CE1F46BFB915,팬텀 V,BS2022003253,PRD_B2ACFB7F8D3D424D8D60,253/414,RR,KO,POKEMON,NO_JP,swsh8-156
CRD_71D80DC21CF94EA294AF,쉐이미 EX,BS2016004098,PRD_F4FEB5AEAFD341BE97EA,098/131,RR,KO,POKEMON,xy_ja-106,xy6-77
CRD_155AE57C6FB44BEF894F,아머까오 V,BS2022003309,PRD_B2ACFB7F8D3D424D8D60,309/414,RR,KO,POKEMON,swsh8b_ja-115,swsh5-109
CRD_B0A1FB4261674D529764,시라칸,BS2024004077,PRD_171222A74859484783EB,077/071,AR,KO,POKEMON,sv5k_ja-77,sv5-173
CRD_D70F5446D2974DDC8EB0,펄스멍 V,BS2022003155,PRD_B2ACFB7F8D3D424D8D60,155/414,RR,KO,POKEMON,swsh8_ja-34,swsh8-103
CRD_3E730E3C8E944D9C8CAD,리자몽 ex,BS2023023009,PRD_CC65479EEB8C445BB1DF,009/049,RR,KO,POKEMON,NO_JP,svp-161
CRD_3F2D5876782D4E44B4B3,고래왕 V,BS2020013011,PRD_9FB39A358D474F2A800E,011/031,RR,KO,POKEMON,NO_JP,swsh35-13
CRD_4007297FF83B46EF9175,디안시 EX,PR2015001027,PRD_5335DFBF031D4BA68337,,PR,KO,POKEMON,xyp_ja-92,xyp-XY43
CRD_405854EB09E342C08AFB,다크라이 ex,BS2024006055,PRD_5FF8886A6E294DEAB643,034/066,RR,KO,POKEMON,NO_JP,svp-110
CRD_41C8011108CC45C3B1B1,마기라스 ex,BS2024018078,PRD_58FB9039FC3548478196,078/175,RR,KO,POKEMON,NO_JP,sv8pt5-64
CRD_D3C57F0250DF425CBA58,파치래곤 VMAX,BS2021003024,PRD_9ACB5EDE4CA94A0493A2,024/070,RRR,KO,POKEMON,swsh5a_ja-24,swsh7-59
CRD_1F42D34F4DCB4A0DA99D,루카리오 VSTAR,SP000000186,PRD_5291FE6DDD574296818C,,HR,KO,POKEMON,swshp_ja-305,NO_EN
CRD_42AFED1003354B5DA9E4,에브이 ex,SVP000000142,PRD_B292EBC5F71449A3B0AF,,PR,KO,POKEMON,NO_JP,svp-175
CRD_43A31E18194141E18BFC,피카츄 VMAX,SP000000074,PRD_DA8331A4704A44B6957D,S-P 74,PR,KO,POKEMON,swshp_ja-123,swshp-SWSH062
CRD_906D53B007894C89866E,뮤츠 GX,SMP000000232,PRD_D72E8DA043D0459BA91D,173/SM-P,SM-P,KO,POKEMON,smp_ja-364,NO_EN
CRD_C117A9E19A5E433BA318,팔데아 우파,SVP000000128,PRD_3D485613010C46EF928E,,PR,KO,POKEMON,svp_ja-193,me2-102
CRD_0902F4E6CC9047A98559,피카츄,SVP000000160,PRD_D7476D50BBB64A75B2AD,,PR,KO,POKEMON,svp_ja-218,svp-88
CRD_4750AF05BE3349BBA298,코라이돈 ex,BS2024018072,PRD_58FB9039FC3548478196,072/175,RR,KO,POKEMON,NO_JP,svp-197
CRD_48F9A5034BD346849260,제라오라 V,BS2022012005,PRD_81E4799E3B544024855A,005/020,RR,KO,POKEMON,NO_JP,swshp-SWSH263
CRD_9AD4F161BE9E44D6AAF7,폭타 EX,BS2015001072,PRD_F918066FC0EA4F6B9C99,072/070,SR,KO,POKEMON,xy5g_ja-72,xy5-146
CRD_40ACC9AF379C44558884,디아루가,BS2010003046,PRD_9768E444383E4DC49E5C,46/60,HR,KO,POKEMON,dp3_ja-1004,dp4-105
CRD_496BA4D8911D4BBABCD9,다크라이 V,BS2022006007,PRD_0B599EC823EF416688FB,007/020,RR,KO,POKEMON,NO_JP,swsh10-98
CRD_49A64C751A444FF7B85C,메타그로스 V,BS2022003301,PRD_B2ACFB7F8D3D424D8D60,301/414,RR,KO,POKEMON,swsh6k_ja-49,swsh6-112
CRD_DD4F767B8C314FCDBAF1,펄기아,BS2010003002,PRD_9768E444383E4DC49E5C,02/60,HR,KO,POKEMON,dp3_ja-1005,dp4-106
CRD_4B1E14482DF6442A8088,뮤츠 EX,PR2015001123,PRD_5335DFBF031D4BA68337,,PR,KO,POKEMON,xyp_ja-191,xyp-XY107
CRD_2252E930246B4993998A,마리의 모르페코,BS2025004020,PRD_93925D420D8A4C74B0D6,020/019,AR,KO,POKEMON,NO_JP,svp-206
CRD_8EA74EA746054746A291,기라티나,BS2010004022,PRD_B7AE1271CF61494A8B08,22/40,HR,KO,POKEMON,pt1_ja-52,pl1-124
CRD_4C9F174845584E2D8806,맛보돈,BS2024001315,PRD_219AD0EF77CA4165AD0F,315/190,S,KO,POKEMON,sv4a_ja-315,sv4pt5-207
CRD_A4182C43172645D6AA8D,아세로라의 장난,BS2025010085,PRD_86C30C87F04C465BA58C,085/063,SR,KO,TRAINER,m1s_ja-84,me1-165
CRD_10CAB872C0EE49CAAAAC,자포코일,BS2010003042,PRD_9768E444383E4DC49E5C,42/60,HR,KO,POKEMON,dp5t_ja-1011,dp6-142
CRD_4E9C75A6CC65443E9021,모래뱀,BS2020016269,PRD_595A32AA23664B6ABD92,269/190,S,KO,POKEMON,swsh4a_ja-269,swsh45sv-SV070
CRD_4E8F8D42F8524276A6BD,뮤츠 GX,BS2019018027,PRD_E3C9A6F3A7094CB5B77C,027/080,RR,KO,POKEMON,NO_JP,sm115-31
CRD_8B92FB178FE6408F833B,릴리에의 결심,BS2025009085,PRD_488E92535E424D04B2B5,085/063,SR,KO,TRAINER,m1l_ja-86,me1-169
CRD_C05727E691684E0B93AF,루카리오,BS2010004029,PRD_B7AE1271CF61494A8B08,29/40,HR,KO,POKEMON,dp2_ja-1005,dp2-122
CRD_3392C238DFEC4357BA88,아세로라의 장난,BS2025010091,PRD_86C30C87F04C465BA58C,091/063,SAR,KO,TRAINER,m1s_ja-90,me1-183
CRD_ED0874E360244839B36D,엠페르트,BS2010001025,PRD_31FFADC1995A46C4B218,25/60,HR,KO,POKEMON,dp1_ja-1000,dp1-120
CRD_4EC3A525E385456A88F0,레쿠쟈 EX,PR2015001078,PRD_5335DFBF031D4BA68337,,PR,KO,POKEMON,xyp_ja-122,xyp-XY69
CRD_3FEFE9BCF9014B07A6CB,돈크로우,BS2010010030,PRD_FE3C362E12E14D7686A8,30/40,HR,KO,POKEMON,dp4m_ja-1000,dp3-132
CRD_7B2AC59C744C44BF9B8D,엠라이트,BS2010009020,PRD_B3DED462DD5E47C0ADDD,20/40,HR,KO,POKEMON,NO_JP,dp6-143
CRD_89F870261BCE4E9C87D5,릴리에의 결심,BS2025009090,PRD_488E92535E424D04B2B5,090/063,SAR,KO,TRAINER,m1l_ja-91,me1-184
CRD_0099D36F822141DF8467,체렌,SVP000000193,PRD_006313F6036040A1AEF9,,PR,KO,TRAINER,svp_ja-279,me2pt5-258
CRD_00A1C8B22B694905AABF,개굴닌자 V,BS2021013028,PRD_F8EBFB3CDA14402EB238,014/053,RR,KO,POKEMON,NO_JP,swsh8-73
CRD_00D37F11A42A4F6EAD16,루기아 EX,BS2013006086,PRD_A28DEA2BDF4745EEBEF4,086/093,RR,KO,POKEMON,bw7_ja-59,bw8-108
CRD_CE6FE97D871C4A218EFD,루가루암 ex,BS2023010090,PRD_FC339076828C45ED9BA0,090/073,SR,KO,POKEMON,sv1a_ja-90,sv2-241
CRD_0146657C0E674996969C,M루카리오 EX,BS201707063,PRD_87A114BC5BF44CB19C97,063/171,RR,KO,POKEMON,xy3_ja-53,xy3-55
CRD_01AD02026ECC4FEDBF4F,이상해꽃 EX,PR2015001168,PRD_5335DFBF031D4BA68337,,PR,KO,POKEMON,xyp_ja-233,xyp-XY28
CRD_B5CCF871C4AD4CA18B71,마티스의 거래,BS2025009091,PRD_488E92535E424D04B2B5,091/063,SAR,KO,TRAINER,m1l_ja-90,me1-185
CRD_035B0C7E2A9E47CA878C,개굴닌자 ex,BS2023016029,PRD_BBA412AFA17F47F4B0BA,029/139,RR,KO,POKEMON,NO_JP,svp-54
CRD_042E784E8ED640CF929D,루카리오 GX,BS2019018038,PRD_E3C9A6F3A7094CB5B77C,038/080,RR,KO,POKEMON,sm5p_ja-30,smp-SM100
CRD_4156299E17D24C468D3E,명희,BS2019015068,PRD_FDF989679F15435DB74E,068/049,SR,KO,TRAINER,sm11b_ja-67,sm12-236
CRD_FF3213DF87294320874D,붐볼 GX,BS2019002217,PRD_F0B2C76547E5479F8E65,217/150,SSR,KO,POKEMON,sm8b_ja-217,sma-SV57
CRD_04AF7F36245442EBBCF9,보스로라 V,BS2022003299,PRD_B2ACFB7F8D3D424D8D60,299/414,RR,KO,POKEMON,NO_JP,swsh9-96
CRD_05EEC7741BAF4827B1B7,플라제스 EX,BS2016004086,PRD_F4FEB5AEAFD341BE97EA,086/131,RR,KO,TRAINER,xy4_ja-60,xy4-67
CRD_093C06DA9ACB4816A395,앤테이,BS2024001213,PRD_219AD0EF77CA4165AD0F,213/190,S,KO,POKEMON,sv4a_ja-213,sv4pt5-112
CRD_09AAD6A024434832A88A,이벨타르 EX,BS201707079,PRD_87A114BC5BF44CB19C97,079/171,RR,KO,POKEMON,xy_ja-79,xy1-79
CRD_BBF48E2A085C4050AA8B,글레이시아,BS2010005020,PRD_E3BB9AFC5E4047EEA2E0,20/40,HR,KO,POKEMON,dp4d_ja-1002,dp5-98
CRD_D4D97671FD8C454A8A1C,크레세리아,BS2010006036,PRD_BB9B364579564660B414,36/60,HR,KO,POKEMON,dp4m_ja-1003,dp4-103
CRD_098C383D6CBC4015A438,포푸니라,BS2024001290,PRD_219AD0EF77CA4165AD0F,290/190,S,KO,POKEMON,sv4a_ja-290,sv4pt5-183
CRD_0A4BC771BE0743608661,에브이 GX,SMP0000000060,PRD_6FECFBC555C1465CAFA0,042/SM-P,SM-P,KO,POKEMON,NO_JP,smp-SM35
CRD_0A903CAA6FAE43DA81D3,M프테라 EX,PR2015001096,PRD_5335DFBF031D4BA68337,,PR,KO,POKEMON,xyp_ja-183,xyp-XY98
CRD_423AFEA04A844D929CFC,불놀이꾼,BS2025014105,PRD_DD94FB8DCB7C4A129478,105/080,SR,KO,TRAINER,m2_ja-107,me2-119
CRD_0BDAE7D89E874FAF958A,레시라무 EX,PR2012001041,PRD_F3ACAED44CEB47F5A6A0,,PR,KO,POKEMON,bwp_ja-158,bw4-95
CRD_D80CF1FA048C431C9F66,글라이온,BS2010006039,PRD_BB9B364579564660B414,39/60,HR,KO,POKEMON,NO_JP,dp6-141
CRD_10C2A523B328418CA28E,토네로스 GX,BS2019014248,PRD_60C4B2B436F34869A60E,,RR,KO,POKEMON,NO_JP,smp-SM134
CRD_0F292DCC6C0240B4B017,파라블레이즈,BS2024001268,PRD_219AD0EF77CA4165AD0F,268/190,S,KO,POKEMON,sv4a_ja-268,sv4pt5-162
CRD_0F9E29696D0647A2A431,스라크,BS2024001194,PRD_219AD0EF77CA4165AD0F,194/190,S,KO,POKEMON,sv4a_ja-194,sv4pt5-95
CRD_12EFBAE37D35433DB103,명탐정 피카츄,SVP000000051,PRD_61D83769D3BC416494DB,,PR,KO,POKEMON,svp_ja-98,NO_EN
CRD_1490247326A741529076,삐삐,SMP000000234,PRD_0D7DD374BFC94B809A4C,175/SM-P,SM-P,KO,POKEMON,smp_ja-381,NO_EN
CRD_15AD6DF96106438BA899,쥬피썬더 EX,PR2015001106,PRD_5335DFBF031D4BA68337,,PR,KO,POKEMON,xy_ja-32,g1-28
CRD_176BE23510B840A2A394,피카츄 ex,BS2026001764,PRD_6F0F228947EF48919808,764/742,RR,KO,POKEMON,NO_JP,me2pt5-276
CRD_16371A443973483F81FA,리자몽 GX,BS2019009003,PRD_0F196FC2776F45BC8325,003/043,RR,KO,POKEMON,sm3h_ja-11,sm3-20
CRD_17B76AFFA5794001AF52,에브이 VMAX,BS2022003173,PRD_B2ACFB7F8D3D424D8D60,173/414,RR,KO,POKEMON,NO_JP,swsh7-65
CRD_1AA5792C99D94054AB63,칼라마네로,BS2019002178,PRD_F0B2C76547E5479F8E65,178/150,S,KO,POKEMON,sm8b_ja-178,sma-SV18
CRD_18ECEF4F4F6B4E32805A,마나피 EX,BS201707021,PRD_87A114BC5BF44CB19C97,021/171,RR,KO,POKEMON,xy9_ja-21,xy9-32
CRD_1B7FAED9F23141518159,레지락 V,BS2020001102,PRD_BABB2B298D844FC992EA,005/024,RR,KO,POKEMON,NO_JP,swsh1-104
CRD_1BB82D85E831428CABCE,M캥카 EX,BS2016004094,PRD_F4FEB5AEAFD341BE97EA,094/131,RR,KO,POKEMON,xy2_ja-65,xy2-79
CRD_1C2F4BFC2FE24963AAD6,가라르 또도가스,BS2020016276,PRD_595A32AA23664B6ABD92,276/190,S,KO,POKEMON,swsh4a_ja-276,swsh45sv-SV077
CRD_1EDD60BB0BE04B8C999B,라이코 GX,BS2018008007,PRD_E9B2F9D664AA4F028480,007/022,RR,KO,POKEMON,NO_JP,smp-SM121
CRD_1FD012263A504F3CA01E,뮤츠 EX,BS201707042,PRD_87A114BC5BF44CB19C97,042/171,RR,KO,POKEMON,xy8r_ja-27,xy8-62
CRD_2156FFB7752D47F99AC9,샤미드 GX,BS2019000007,PRD_84AD0AAADD6A491990EE,117/095,RR,KO,POKEMON,NO_JP,smp-SM172
CRD_1F692CD4AE004ABBACC3,야부엉 BREAK,PR2015001138,PRD_5335DFBF031D4BA68337,,PR,KO,POKEMON,xyp_ja-216,xyp-XY136
CRD_211795C67E654E519548,피카츄,BS2024001236,PRD_219AD0EF77CA4165AD0F,236/190,S,KO,POKEMON,sv4a_ja-236,sv4pt5-131
CRD_20D11F0C16204F278BD5,두랄루돈,BS2020016291,PRD_595A32AA23664B6ABD92,291/190,S,KO,POKEMON,swsh4a_ja-291,swsh45sv-SV092
CRD_22CE66F664EA4815A5C1,바우첼,BS2024001267,PRD_219AD0EF77CA4165AD0F,267/190,S,KO,POKEMON,sv4a_ja-267,sv4pt5-161
CRD_21AA8DB739564F3E9CA5,피카츄,SMP0000000075,PRD_3344798D08D74388B169,052/SM-P,SM-P,KO,POKEMON,smp_ja-44,smp-SM86
CRD_24EB8C7EAF8344B58654,샤미드 VMAX,BS2021010002,PRD_90076E812D7E43D3BAD2,002/004,RR,KO,POKEMON,NO_JP,swsh7-30
CRD_26F927BEACCC4E94ABAB,테오키스 VMAX,BS2022013006,PRD_9FE66CB9CBD347C69D04,006/020,RR,KO,POKEMON,NO_JP,swshp-SWSH267
CRD_2794B6F1FB74431BA82B,폭슬라이,BS2020016281,PRD_595A32AA23664B6ABD92,281/190,S,KO,POKEMON,swsh4a_ja-281,swsh45sv-SV082
CRD_27D9B5525E234D2E9F03,할비롱 V,BS2022003359,PRD_B2ACFB7F8D3D424D8D60,359/414,RR,KO,POKEMON,NO_JP,swsh9-128
CRD_27DC42C3D270417B9335,님피아 VMAX,BS2022003192,PRD_B2ACFB7F8D3D424D8D60,192/414,RR,KO,POKEMON,swsh8b_ja-75,swsh7-75
CRD_932E2AB3AB22444D9575,조타구 ex,BS2024019102,PRD_D26383A636BE42F09D6B,102/187,RR,KO,POKEMON,sv8a_ja-102,sv6pt5-36
CRD_28EAE8B1B5464580A078,나로테,BS2024001202,PRD_219AD0EF77CA4165AD0F,202/190,S,KO,POKEMON,sv4a_ja-202,svp-77
CRD_2C540CA835784066A98A,M메타그로스 EX,PR2015001049,PRD_5335DFBF031D4BA68337,,PR,KO,POKEMON,xyp_ja-102,xyp-XY35
CRD_C4DED4CD6D9B40719BF9,치렁,BS2024008106,PRD_980F0BFCCDBB47558BFA,106/101,AR,KO,POKEMON,sv6_ja-106,sv6-179
CRD_2DAAC2D00EB94B1F861B,마휘핑 ex,BS2024018060,PRD_58FB9039FC3548478196,060/175,RR,KO,POKEMON,NO_JP,sv9-75
CRD_2F1F77D90BA84F3E8C7D,피카츄,SP000000075,PRD_DA8331A4704A44B6957D,S-P 75,PR,KO,POKEMON,swshp_ja-124,swshp-SWSH153
CRD_50907E2F804C48AEA846,이벨타르 GX,BS2019018046,PRD_E3C9A6F3A7094CB5B77C,046/080,RR,KO,POKEMON,sm6_ja-55,sm6-79
CRD_50B50B0ABF4D437598F7,마임맨 GX,SMP000000147,PRD_D156945DB7EA44D4A61E,106/SM-P,SM-P,KO,POKEMON,NO_JP,sm9-67
CRD_538D95CFF9F94605BAA0,라이츄,BS2024001237,PRD_219AD0EF77CA4165AD0F,237/190,S,KO,POKEMON,sv4a_ja-237,sv4pt5-132
CRD_5751676A34FF4B128A73,에브이 V,BS2022003172,PRD_B2ACFB7F8D3D424D8D60,172/414,RR,KO,POKEMON,swsh6a_ja-35,swsh7-64
CRD_553E1785CA84462FAFF5,찌르성게,BS2020016242,PRD_595A32AA23664B6ABD92,242/190,S,KO,POKEMON,swsh4a_ja-242,swsh45sv-SV043
CRD_5E38B57AA54A42D3BA96,음번 ex,BS2024018113,PRD_58FB9039FC3548478196,113/175,RR,KO,POKEMON,NO_JP,sv8pt5-91
CRD_5F01B946CC6C4F5F95B0,세레비 V,BS2020001001,PRD_55EE0CBD74034AFFB9D4,001/023,RR,KO,POKEMON,NO_JP,swsh1-1
CRD_5B8CAA654E9949FC8C70,대도각참,BS2024001294,PRD_219AD0EF77CA4165AD0F,294/190,S,KO,POKEMON,sv4a_ja-294,sv4pt5-187
CRD_9B64D783E4344EBB8735,라티아스 EX,BS2013003053,PRD_815E43D10B08494B9B51,053/051,SR,KO,POKEMON,bw8t_ja-53,bw9-112
CRD_6607B77324F0417E8647,데덴네,BS2020016250,PRD_595A32AA23664B6ABD92,250/190,S,KO,POKEMON,swsh4a_ja-250,swsh45sv-SV051
CRD_64C02283DD0E49BEA124,갸라도스 GX,BS2019006049,PRD_E8ABA5503A5340DA8A7F,015/051,RR,KO,POKEMON,NO_JP,sm115-16
CRD_68C455E4A71E4DBA86E7,리자몽 GX,BS2019018011,PRD_E3C9A6F3A7094CB5B77C,011/080,RR,KO,POKEMON,NO_JP,sm115-9
CRD_67EB5EB9C55848ECA538,피카츄 ex,BS2023008001,PRD_D82B81DD76C74C3C9224,001/021,RR,KO,POKEMON,NO_JP,sv2-63
CRD_738510ECA688475BA724,후딘,BS2025010071,PRD_86C30C87F04C465BA58C,071/063,AR,KO,POKEMON,m1s_ja-71,mep-9
CRD_746765E6B4BD453D839B,연격 우라오스 V,BS2022003248,PRD_B2ACFB7F8D3D424D8D60,248/414,RR,KO,POKEMON,swsh5r_ja-50,swsh5-87
CRD_74F86A62A42E4BF9ACC7,따라큐 ex,BS2023004006,PRD_785C760E090B47DF9D59,006/023,RR,KO,POKEMON,NO_JP,svp-4
CRD_77624728BFEA41878FA1,M대짱이 EX,PR2015001077,PRD_5335DFBF031D4BA68337,,PR,KO,POKEMON,NO_JP,xyp-XY87
CRD_B124B687EC404C5FAC1B,다크라이 EX,BS2016001085,PRD_52E8B395613649EDA22B,085/080,SR,KO,POKEMON,xy9_ja-85,xy9-118
CRD_798D0C5E75B145E48C52,이벨타르 EX,BS2016004079,PRD_F4FEB5AEAFD341BE97EA,079/131,RR,KO,POKEMON,xy1y_ja-37,xy1-79
CRD_78C5517A0AB142AC8502,나인테일 EX,PR2015001104,PRD_5335DFBF031D4BA68337,,PR,KO,POKEMON,xyp_ja-193,g1-13
CRD_7C41E202DFC4497C81E0,이상해꽃 ex,BS2023023003,PRD_CC65479EEB8C445BB1DF,003/049,RR,KO,POKEMON,NO_JP,sv7-1
CRD_7DD7D9F40504433E96CA,지우의 피카츄,SMP0000000069,PRD_231732ED8F2047F39E3E,048/SM-P,SM-P,KO,POKEMON,smp_ja-75,smp-SM113
CRD_7DA779D04F114E638002,세비퍼,BS2019002175,PRD_F0B2C76547E5479F8E65,175/150,S,KO,POKEMON,sm8b_ja-175,sma-SV15
CRD_7F6CC76C333E432E9B6A,피카츄 V,BS2020013012,PRD_9FB39A358D474F2A800E,012/031,RR,KO,POKEMON,swshp_ja-121,swshp-SWSH063
CRD_7FBA603DD96943F5B7F0,후파 EX,BS201707058,PRD_87A114BC5BF44CB19C97,058/171,RR,KO,POKEMON,xy7_ja-36,xy7-36
CRD_21362825A5DE48988411,칠색조 EX,BS2016001088,PRD_52E8B395613649EDA22B,088/080,SR,KO,POKEMON,xy9_ja-88,xy9-121
CRD_82FEBC891CD64CE98880,윽우지 VMAX,BS2020015004,PRD_54235F60186849AB8D4D,004/004,RR,KO,POKEMON,NO_JP,swsh45-55
CRD_86A7F5C65D4D4EF997C0,카푸꼬꼬꼭 ex,BS2024018046,PRD_58FB9039FC3548478196,046/175,RR,KO,POKEMON,NO_JP,sv9-51
CRD_84D9AB8184C644238C4E,제크로무 EX,BS2013006044,PRD_A28DEA2BDF4745EEBEF4,044/093,RR,KO,POKEMON,ebb1_ja-44,bw4-51
CRD_85DA754292A84C40923E,지우개굴닌자 EX,PR2015001139,PRD_5335DFBF031D4BA68337,,PR,KO,POKEMON,xyp_ja-218,xyp-XY133
CRD_89833C24B80A4DB1A938,개굴닌자 ex,BS2024006054,PRD_5FF8886A6E294DEAB643,017/066,RR,KO,POKEMON,NO_JP,sv7-41
CRD_B86A682830BA4F8D9F57,펄기아 GX,BS2018002069,PRD_F201E3D7E4F640C7847E,069/066,SR,KO,POKEMON,sm5m_ja-69,sm5-147
CRD_8EA0FE1484B142468656,명탐정 피카츄,SMP000000192,PRD_DD830B8D50B34700ACCB,141/SM-P,SM-P,KO,POKEMON,NO_JP,det1-10
CRD_929B183535F2447CBCE3,모크나이퍼 ex,BS2023016008,PRD_BBA412AFA17F47F4B0BA,008/139,RR,KO,POKEMON,NO_JP,sv3-15
CRD_939D613E789B4D44AE56,지우의 피카츄,SMP0000000070,PRD_231732ED8F2047F39E3E,049/SM-P,SM-P,KO,POKEMON,smp_ja-76,smp-SM114
CRD_916F9928C49D4260B334,라이치,SMP000000107,PRD_09C0DF8CCA6444FAA2B7,082/SM-P,SM-P,KO,TRAINER,smp_ja-53,sm4-111
CRD_96FACEB498654D5F9837,이븐곰 GX,SMP0000000015,PRD_DF95BC1E26F64439ADEA,015/SM-P,SM-P,KO,POKEMON,smp_ja-35,smp-SM34
CRD_F5B64C8E7DA849918BEA,춤추새 ex,BS2025014095,PRD_DD94FB8DCB7C4A129478,095/080,SR,KO,POKEMON,m2_ja-95,me2-110
CRD_57CF7BA35A2F4108A971,토게데마루,BS2025014090,PRD_DD94FB8DCB7C4A129478,090/080,AR,KO,POKEMON,m2_ja-90,me2-104
CRD_94FBB30FCD3F4317B29C,철화구야,BS2019002192,PRD_F0B2C76547E5479F8E65,192/150,S,KO,POKEMON,sm8b_ja-192,sma-SV32
CRD_997431762BD64CE5B949,글레이시아 EX,BS201707020,PRD_87A114BC5BF44CB19C97,020/171,RR,KO,POKEMON,xy10_ja-18,xy10-20
CRD_9987ACD7E7C54BF8A0F8,요씽리스 V,BS2022003360,PRD_B2ACFB7F8D3D424D8D60,360/414,RR,KO,POKEMON,swsh8_ja-85,swsh8-217
CRD_9AA3BC6CA44A482D92F5,뮤츠 EX,BS2013006045,PRD_A28DEA2BDF4745EEBEF4,045/093,RR,KO,POKEMON,bw3p_ja-28,bw4-54
CRD_9CCFB4AA766D475E8C62,에이스번 VMAX,BS2020015002,PRD_54235F60186849AB8D4D,002/004,RR,KO,POKEMON,NO_JP,swsh45-19
CRD_9CD0F357237A492C8A2D,이상해꽃 V,BS2020013001,PRD_9FB39A358D474F2A800E,001/031,RR,KO,POKEMON,NO_JP,swsh35-1
CRD_A8F8B7FADADA4B9C8D2F,자루도 V,BS2022003045,PRD_B2ACFB7F8D3D424D8D60,045/414,RR,KO,POKEMON,NO_JP,swsh9-16
CRD_0240A6FE69024ADCAB57,제라오라 V,BS2021005073,PRD_EACC12D2E1D547E3ACE6,073/070,SR,KO,POKEMON,swsh6k_ja-73,swsh6-165
CRD_ABED7ECAA2C04766839E,피카츄 V,BS2021013033,PRD_F8EBFB3CDA14402EB238,019/053,RR,KO,POKEMON,NO_JP,swsh8-86
CRD_AE793A5668C14BE9A305,버랜지나 ex,BS2026001475,PRD_6F0F228947EF48919808,475/742,RR,KO,POKEMON,NO_JP,me2pt5-139
CRD_B2E561CB1C034FE2B65A,헬가 ex,BS2023016072,PRD_BBA412AFA17F47F4B0BA,072/139,RR,KO,POKEMON,NO_JP,sv3-134
CRD_F92441CD205348ABA0D0,민화의 덩쿠리,BS2026001743,PRD_6F0F228947EF48919808,743/742,AR,KO,POKEMON,NO_JP,me2pt5-218
CRD_B8BC4E618338434C9925,더스트나 V,BS2022003281,PRD_B2ACFB7F8D3D424D8D60,281/414,RR,KO,POKEMON,swsh7d_ja-30,swsh7-100
CRD_B96269B83CA14C11933E,뮤 V,BS2020013016,PRD_9FB39A358D474F2A800E,016/031,RR,KO,POKEMON,NO_JP,swsh3-69
CRD_BB0C1B7398C4442C965C,카푸나비나 GX,BS2019012008,PRD_DDC3BB3CB0314EC4BEF6,008/031,RR,KO,TRAINER,sm2l_ja-22,sm2-60
CRD_BF0B13F713C54C379992,파치래곤 V,BS2022003160,PRD_B2ACFB7F8D3D424D8D60,160/414,RR,KO,POKEMON,swsh5a_ja-23,swsh7-58
CRD_BF0F5557B756404B95E3,애프룡 V,BS2022003041,PRD_B2ACFB7F8D3D424D8D60,041/414,RR,KO,POKEMON,swsh5i_ja-7,swsh5-18
CRD_57EB73076A4B471381A3,글레이시아 ex,BS2026001162,PRD_6F0F228947EF48919808,162/742,RR,KO,POKEMON,sv8a_ja-41,sv8pt5-26
CRD_C6A45AC1265148B69725,M후딘 EX,BS201707041,PRD_87A114BC5BF44CB19C97,041/171,RR,KO,POKEMON,xy_ja-41,xy10-26
CRD_C8514FE93E8D4BEBBEDE,마리의 오롱털 ex,BS2025004007,PRD_93925D420D8A4C74B0D6,007/019,RR,KO,POKEMON,NO_JP,sv10-136
CRD_CBEEC91D0B7A4E249169,나몰빼미,BS2020016200,PRD_595A32AA23664B6ABD92,200/190,S,KO,POKEMON,swsh4a_ja-200,swsh45sv-SV001
CRD_CC13B8F8C8BC49B092D7,요가램 V,BS2022003221,PRD_B2ACFB7F8D3D424D8D60,221/414,RR,KO,POKEMON,swsh7r_ja-36,swsh7-83
CRD_CC95EE0439504360B961,글레이시아 GX,SMP000000176,PRD_B4AD08889B964B48AE16,139/SM-P,SM-P,KO,POKEMON,NO_JP,smp-SM147
CRD_CCDCA7F8737A49DAA053,하우,SMP000000096,PRD_C3C1318A75C14510B12A,071/SM-P,SM-P,KO,TRAINER,smp_ja-20,sm2-144
CRD_CDF7188601734FA48B24,피카츄,SP000000005,PRD_2A9C144A5A8E468CA75E,S-P 5,PR,KO,POKEMON,swshp_ja-24,swshp-SWSH039
CRD_CF7DFD225E054B048301,갸라도스 GX,SMP000000256,PRD_82492C40613B4AA2957C,194/SM-P,SM-P,KO,POKEMON,NO_JP,smp-SM212
CRD_DC0886D04B354B469FDB,제르네아스 GX,BS2019018057,PRD_E3C9A6F3A7094CB5B77C,057/080,RR,KO,POKEMON,sm6_ja-64,sm6-90
CRD_DD658800D89F4F87A58E,묘두기 ex,BS2023013007,PRD_E36B8DCC6BEC4AE38BAF,007/007,RR,KO,POKEMON,NO_JP,sv3-102
CRD_DE7B8B068B1746649360,엠페르트 V,BS2022003100,PRD_B2ACFB7F8D3D424D8D60,100/414,RR,KO,POKEMON,swsh5r_ja-26,swsh5-40
CRD_DF013D345EDD410F96BB,라우드본 ex,BS2023019008,PRD_7AE0904D0D884E26A44D,008/020,RR,KO,POKEMON,NO_JP,sv4-137
CRD_DF733DFFA0674744AF83,레시라무 ex,BS2024018022,PRD_58FB9039FC3548478196,022/175,RR,KO,POKEMON,NO_JP,sv9-30
CRD_DECDD9969EB941668D1B,대로트 BREAK,BS201707055,PRD_87A114BC5BF44CB19C97,055/171,RR,KO,POKEMON,xy9_ja-47,xy9-66
CRD_E0677DDD24AB4D0B961D,블래키 V,BS2022003255,PRD_B2ACFB7F8D3D424D8D60,255/414,RR,KO,POKEMON,swsh8b_ja-100,swsh7-94
CRD_E5348A86CBCB4A0586C9,쥬피썬더 EX,BS201707032,PRD_87A114BC5BF44CB19C97,032/171,RR,KO,POKEMON,xyp_ja-195,g1-28
CRD_EE1FFF9039E742F39F0C,M썬더볼트 EX,BS201707174,PRD_87A114BC5BF44CB19C97,174/171,RR,KO,POKEMON,xy_ja-174,xy4-24a
CRD_EDD80B822E564D249409,악비아르 EX,PR2015001035,PRD_5335DFBF031D4BA68337,,PR,KO,POKEMON,xyp_ja-44,xyp-XY25
CRD_F3D13D31BE1A4E0991BE,다꼬리,BS2025001110,PRD_EC14FE47676E4D529FD0,110/100,AR,KO,POKEMON,sv9_ja-110,sv9-168
CRD_EE0DF97B0C5B4FDC88C7,쁘사이저 GX,BS2019006028,PRD_F17481B6DC6743DFBFDA,005/051,RR,KO,POKEMON,NO_JP,sm115-6
CRD_F2298D4559AB4FFC8AFF,가이오가,PR2015001090,PRD_5335DFBF031D4BA68337,,PR,KO,POKEMON,xyp_ja-177,xy5-53
CRD_069D993EF5274D81B98E,오거폰 벽록의 가면 ex,BS2024019020,PRD_D26383A636BE42F09D6B,020/187,RR,KO,POKEMON,sv8a_ja-20,sv8pt5-12
CRD_F2B2E546E51145C0BB3F,피카츄 V,BS2022003129,PRD_B2ACFB7F8D3D424D8D60,129/414,RR,KO,POKEMON,NO_JP,swshp-SWSH198
CRD_F3E837515D0E435AA991,대로트 V,BS2022003028,PRD_B2ACFB7F8D3D424D8D60,028/414,RR,KO,POKEMON,swsh7r_ja-7,swsh7-13
CRD_F42636A1EA3142B89771,리피아 GX,SMP000000175,PRD_B4AD08889B964B48AE16,138/SM-P,SM-P,KO,POKEMON,NO_JP,smp-SM146
CRD_F1F1BB3E1E7544FD801E,모야모의 찌리비,SVP000000152,PRD_816EF4FD67D14358B859,,PR,KO,POKEMON,svp_ja-232,me2pt5-231
CRD_F5378ABA3B3E4D73A064,명탐정 피카츄,SMP000000193,PRD_F0E74A54F9F241ADBFE5,142/SM-P,SM-P,KO,POKEMON,smp_ja-339,smp-SM190
CRD_F6B06CC3450049DC857B,킹크랩 V,BS2022003080,PRD_B2ACFB7F8D3D424D8D60,080/414,RR,KO,POKEMON,NO_JP,swsh9-28
CRD_F85FB69630DE4832A47E,펄스멍 V,BS2022003156,PRD_B2ACFB7F8D3D424D8D60,156/414,RR,KO,POKEMON,NO_JP,swshp-SWSH219
CRD_F6D22923C4964376ADC7,피카츄,SVP000000050,PRD_BD11E7243AC24A63AFF9,,PR,KO,POKEMON,svp_ja-120,svp-101
CRD_F93C79FD4F1A4ADB8589,성호의 메탕,BS2025003019,PRD_401A6FEEE2CD41B7BA19,019/018,AR,KO,POKEMON,NO_JP,svp-207
CRD_FAF52ACED2AE4C21A3E1,지우의 피카츄,SMP0000000067,PRD_231732ED8F2047F39E3E,046/SM-P,SM-P,KO,POKEMON,smp_ja-73,smp-SM111
CRD_FDC7930C5EE84F0A96EF,리자몽 GX,SMP000000255,PRD_82492C40613B4AA2957C,193/SM-P,SM-P,KO,POKEMON,NO_JP,smp-SM211
CRD_FE0B395843164577B4EF,쥬피썬더 VMAX,BS2021010003,PRD_90076E812D7E43D3BAD2,003/004,RR,KO,POKEMON,NO_JP,swsh7-51
CRD_FF7B16FA257D49BD8EB5,보스로라 VMAX,BS2022003300,PRD_B2ACFB7F8D3D424D8D60,300/414,RR,KO,POKEMON,NO_JP,swsh9-97
CRD_59976B37A8E84CBF8304,빛나,BS2025014107,PRD_DD94FB8DCB7C4A129478,107/080,SR,KO,TRAINER,m2_ja-106,me2-118
CRD_917F313DC98747328859,토대부기,BS2010001005,PRD_31FFADC1995A46C4B218,05/60,HR,KO,POKEMON,dp1_ja-1002,dp1-122
CRD_EF66D2E6D89F4EC5BE58,모토마 ex,BS2024016082,PRD_3FAB90CDEC7C43B6A8DF,082/064,SR,KO,POKEMON,sv7a_ja-82,sv8-228
CRD_56E74A6F8ED840E5855A,뮤츠 GX,SMP000000231,PRD_BB3F58298B3B4FD58DF4,172/SM-P,SM-P,KO,POKEMON,smp_ja-363,NO_EN
CRD_B05ED192EA914D9893FB,마그마번,BS2010002012,PRD_AD457F77741848B89753,12/40,HR,KO,POKEMON,dp2_ja-1004,dp2-123
CRD_88DD09D2B6D24EC68E6E,토네로스 EX플라스마단,BS2013003054,PRD_815E43D10B08494B9B51,054/051,SR,KO,POKEMON,bw8t_ja-54,bw9-114
CRD_C56596E4D16D42879763,크레세리아 EX,BS2012008060,PRD_B0A7A04CD1034734B76D,060/059,SR,KO,POKEMON,bw6f_ja-60,bw7-143
CRD_23BFAC1CC99540DEB9B9,샤미드 ex,BS2026001161,PRD_6F0F228947EF48919808,161/742,RR,KO,POKEMON,sv8a_ja-31,sv8pt5-23
CRD_F5CC0C9882084007972C,메가루카리오 ex,BS2025015228,PRD_90A8D5BDA5664CEF9F48,228/193,MA,KO,POKEMON,m2a_ja-228,mep-33
CRD_C1DA511430EB46B79854,메가폭타 ex,BS2025009013,PRD_488E92535E424D04B2B5,013/063,RR,KO,POKEMON,m1l_ja-13,me1-22
CRD_1A2192604CAF4EA98918,뮤츠 EX,BS2012002055,PRD_D26FF272537E40BCB70E,055/052,SR,KO,POKEMON,bw3p_ja-55,bw4-98
CRD_85C6AB0CD75440EFA091,레시라무 ex,BS2025015029,PRD_90A8D5BDA5664CEF9F48,029/193,RR,KO,POKEMON,m2a_ja-29,rsv10pt5-20
CRD_A5FA3E3050F046ACB362,요가램,BS2025015207,PRD_90A8D5BDA5664CEF9F48,207/193,AR,KO,POKEMON,m2a_ja-207,me2pt5-241
CRD_D3A5DFC3A6B34F32B872,제크로무 ex,BS2026001259,PRD_6F0F228947EF48919808,259/742,RR,KO,POKEMON,sv11b_ja-37,zsv10pt5-34
CRD_B92E9CCA3B94438EB268,메가눈여아 ex,BS2025015224,PRD_90A8D5BDA5664CEF9F48,224/193,MA,KO,POKEMON,m2a_ja-224,me2pt5-265
CRD_32C64F60484E4801A991,메가루카리오 ex,BS2025009092,PRD_488E92535E424D04B2B5,092/063,MUR,KO,POKEMON,m1l_ja-92,me1-188
CRD_3610EE3BBB834DF6A0BF,밀로틱 ex,BS2026001185,PRD_6F0F228947EF48919808,185/742,RR,KO,POKEMON,sv8_ja-26,sv8-42
CRD_3618F7507BD34B52AA5E,피카츄 ex,BS2026001227,PRD_6F0F228947EF48919808,227/742,RR,KO,POKEMON,NO_JP,svp-106
CRD_6BAEC561FD824CA68028,메가리자몽X ex,BS2025015223,PRD_90A8D5BDA5664CEF9F48,223/193,MA,KO,POKEMON,m2a_ja-223,mep-23
CRD_5454D86FB3AE476B8576,메가이어롭 ex,BS2025014072,PRD_DD94FB8DCB7C4A129478,072/080,RR,KO,POKEMON,m2_ja-72,me2-84
CRD_21CE4716EFF648768118,드래펄트 ex,BS2025015134,PRD_90A8D5BDA5664CEF9F48,134/193,RR,KO,POKEMON,m2a_ja-134,me2pt5-160
CRD_58CE2CBBA7CE487B8628,악식킹 GX,BS2018011065,PRD_E1C4AAB9A1BC43F5B408,065/114,RR,KO,POKEMON,sm4p_ja-65,sm4-63a
CRD_CC3B5E1F932A4EE9B2E9,카푸나비나 GX,BS2018011045,PRD_E1C4AAB9A1BC43F5B408,045/114,RR,KO,TRAINER,sm4p_ja-45,sm2-60
CRD_6C47EADF71464DA6A684,샤로다 ex,BS2026001042,PRD_6F0F228947EF48919808,042/742,RR,KO,POKEMON,sv11b_ja-3,zsv10pt5-3
CRD_DAA35F1AF62C4F308C37,브리두라스 ex,BS2025015122,PRD_90A8D5BDA5664CEF9F48,122/193,RR,KO,POKEMON,m2a_ja-122,sv8-130
CRD_D51E4A66843B4E17B6F8,메로엣타,BS2025012022,PRD_BFE8A36EB7F64CE8BD24,022/021,AR,KO,POKEMON,NO_JP,mep-26
CRD_A70AE0EAE9544E4091AC,메가팬텀 ex,BS2025011003,PRD_C6E79506AD314C84A3A7,003/021,RR,KO,POKEMON,NO_JP,me2-56
CRD_506A9FE402DF410A9083,리자몽 GX,BS2019008007,PRD_5A89CF566D874D14AD07,007/024,RR,KO,POKEMON,NO_JP,smp-SM195
CRD_CF1F30D89B8A4666A200,메가가디안 ex,BS2025015071,PRD_90A8D5BDA5664CEF9F48,071/193,RR,KO,POKEMON,m2a_ja-71,me2pt5-89
CRD_F72B398C28494F5383EA,올리르바 ex,BS2026001071,PRD_6F0F228947EF48919808,071/742,RR,KO,POKEMON,sv10_ja-12,sv10-23
CRD_815D5679E06B4695ACEE,메가헤라크로스 ex,BS2025014004,PRD_DD94FB8DCB7C4A129478,004/080,RR,KO,POKEMON,m2_ja-4,me2-4
CRD_D827A662E6E744C3B693,무우마,BS2025015202,PRD_90A8D5BDA5664CEF9F48,202/193,AR,KO,POKEMON,m2a_ja-202,me2pt5-233
CRD_BA10F03AB84145BBB276,메가메가니움 ex,BS2026001761,PRD_6F0F228947EF48919808,761/742,RR,KO,POKEMON,NO_JP,me2pt5-272
CRD_614DE1758C59451FBC92,라티아스 ex,BS2025015075,PRD_90A8D5BDA5664CEF9F48,075/193,RR,KO,POKEMON,m2a_ja-75,sv8-76
CRD_FEFAF7CBA0EE46E7AC20,메가곤율거니 ex,BS2025015110,PRD_90A8D5BDA5664CEF9F48,110/193,RR,KO,POKEMON,m2a_ja-110,me2pt5-135
CRD_3BC79D4373A7498D87FB,메가망나뇽 ex,BS2025015126,PRD_90A8D5BDA5664CEF9F48,126/193,RR,KO,POKEMON,m2a_ja-126,me2pt5-152
CRD_7F1D667AFCA842A38431,엠페르트 ex,BS2025014058,PRD_DD94FB8DCB7C4A129478,058/080,RR,KO,POKEMON,m2_ja-58,me2-70
CRD_75D9086E863C4AA6A733,드래런치,BS2025015212,PRD_90A8D5BDA5664CEF9F48,212/193,AR,KO,POKEMON,m2a_ja-212,me2pt5-248
CRD_64EEDFC9E563497FA922,루자미네,BS2018011118,PRD_E1C4AAB9A1BC43F5B408,118/114,SR,KO,TRAINER,sm4p_ja-120,sm5-153
CRD_5727B24E8A6442A9A5E7,메가폭타 ex,BS2025009077,PRD_488E92535E424D04B2B5,077/063,SR,KO,POKEMON,m1l_ja-77,me1-156
CRD_4F6B88682F194C539477,메가입치트 ex,BS2025009080,PRD_488E92535E424D04B2B5,080/063,SR,KO,POKEMON,m1l_ja-80,me1-162
CRD_6CD688020940471E9BED,메가루카리오 ex,BS2025009029,PRD_488E92535E424D04B2B5,029/063,RR,KO,POKEMON,m1l_ja-29,me1-77
CRD_84630510CDEC47779B56,무우마직 ex,BS2025014036,PRD_DD94FB8DCB7C4A129478,036/080,RR,KO,POKEMON,m2_ja-36,me2-36
CRD_9445125D59134FE4BE11,메가캥카 ex,BS2025010051,PRD_86C30C87F04C465BA58C,051/063,RR,KO,POKEMON,m1s_ja-51,me1-104
CRD_6E77943864C749F5B25A,메가디안시 ex,BS2025015227,PRD_90A8D5BDA5664CEF9F48,227/193,MA,KO,POKEMON,m2a_ja-227,me2pt5-267
CRD_8DA52922128149E3B77A,빛나,BS2025014115,PRD_DD94FB8DCB7C4A129478,115/080,SAR,KO,TRAINER,m2_ja-115,me2-129
CRD_3099C7E0FF07461FA926,메가저리더프 ex,BS2025015049,PRD_90A8D5BDA5664CEF9F48,049/193,RR,KO,POKEMON,m2a_ja-49,me2pt5-61
CRD_FCAF9FB4219D4D4DB1A0,메가앱솔 ex,BS2025009038,PRD_488E92535E424D04B2B5,038/063,RR,KO,POKEMON,m1l_ja-38,me1-86
CRD_40212CBAF40D49EE8938,춤추새 ex,BS2025014018,PRD_DD94FB8DCB7C4A129478,018/080,RR,KO,POKEMON,m2_ja-18,me2-18
CRD_DFF8CB13F6C7491C8154,메가앱솔 ex,BS2025009079,PRD_488E92535E424D04B2B5,079/063,SR,KO,POKEMON,m1l_ja-79,me1-161
CRD_604492DE52EA4B7F81F6,메가캥카 ex,BS2025010089,PRD_86C30C87F04C465BA58C,089/063,SAR,KO,POKEMON,m1s_ja-89,me1-182
CRD_95C332448C1748B0AA30,N의 조로아크 ex,BS2025015242,PRD_90A8D5BDA5664CEF9F48,242/193,SAR,KO,POKEMON,m2a_ja-242,me2pt5-286
CRD_9965F1D5629D4B62B22A,N의 조로아크 ex,BS2025015112,PRD_90A8D5BDA5664CEF9F48,112/193,RR,KO,POKEMON,m2a_ja-112,me2pt5-137
CRD_61DFC00AB69D4E0D953C,테라파고스 ex,BS2025015145,PRD_90A8D5BDA5664CEF9F48,145/193,RR,KO,POKEMON,m2a_ja-145,me2pt5-179
CRD_7633E4DC01B743F4A4BC,메가팬텀 ex,BS2025015240,PRD_90A8D5BDA5664CEF9F48,240/193,SAR,KO,POKEMON,m2a_ja-240,me2pt5-284
CRD_24A7755304AF47CF931D,로켓단의 따라큐,BS2025015205,PRD_90A8D5BDA5664CEF9F48,205/193,AR,KO,POKEMON,m2a_ja-205,me2pt5-238
CRD_A99D593C22354D17A334,메가눈설왕 ex,BS2025010018,PRD_86C30C87F04C465BA58C,018/063,RR,KO,POKEMON,m1s_ja-18,me1-36
CRD_04C479651A454FB3A8D3,로켓단의 뮤츠 ex,BS2025015063,PRD_90A8D5BDA5664CEF9F48,063/193,RR,KO,POKEMON,m2a_ja-63,svp-205
CRD_2C1EDC815A2644BEB9DE,푸크린,BS2025014091,PRD_DD94FB8DCB7C4A129478,091/080,AR,KO,POKEMON,m2_ja-91,me2-105
CRD_0323B3DF18D24127932E,단단지,BS2025010064,PRD_86C30C87F04C465BA58C,064/063,AR,KO,POKEMON,m1s_ja-64,me1-136
CRD_4E40BBC7A11147499348,엠페르트 ex,BS2025014099,PRD_DD94FB8DCB7C4A129478,099/080,SR,KO,POKEMON,m2_ja-99,me2-114
CRD_40D2B16676124F24A955,무우마직 ex,BS2025014097,PRD_DD94FB8DCB7C4A129478,097/080,SR,KO,POKEMON,m2_ja-97,me2-112
CRD_06B5F77BEF2A4FCE9B9B,화강돌,BS2025009071,PRD_488E92535E424D04B2B5,071/063,AR,KO,POKEMON,m1l_ja-71,me1-148
CRD_280E5479B51D442889C9,춤추새 ex,BS2025014111,PRD_DD94FB8DCB7C4A129478,111/080,SAR,KO,POKEMON,m2_ja-111,mep-24
CRD_0D218B96159B4E51AEC8,리오르,BS2025009068,PRD_488E92535E424D04B2B5,068/063,AR,KO,POKEMON,m1l_ja-68,mep-10
CRD_1A2040BEE94E4AB1AFAE,쥬레곤,BS2025014084,PRD_DD94FB8DCB7C4A129478,084/080,AR,KO,POKEMON,m2_ja-84,me2-97
CRD_1AB7F353BFC547DC81F1,나시,BS2025009066,PRD_488E92535E424D04B2B5,066/063,AR,KO,POKEMON,m1l_ja-66,me1-135
CRD_5C16965B4D8C4C77943D,리피아 ex,BS2026001038,PRD_6F0F228947EF48919808,038/742,RR,KO,POKEMON,sv8a_ja-3,sv8pt5-6
CRD_B9C22C1213704F5AAF1B,무쇠잎새 ex,BS2026001077,PRD_6F0F228947EF48919808,077/742,RR,KO,POKEMON,sv5m_ja-16,sv5-25
CRD_91F9D869C7DF4777B799,오거폰 벽록의 가면 ex,BS2026001082,PRD_6F0F228947EF48919808,082/742,RR,KO,POKEMON,sv6_ja-16,sv6-25
CRD_6983EB0AA95941FE8196,루가루암 GX,BS2018011057,PRD_E1C4AAB9A1BC43F5B408,057/114,RR,KO,POKEMON,sm4p_ja-57,sm2-74
CRD_C5F43E1D58DC4EB091BB,어써러셔 ex,BS2026001220,PRD_6F0F228947EF48919808,220/742,RR,KO,POKEMON,sv9a_ja-32,sv10-66
CRD_6FF014B0CBF4472C9593,마릴,BS2026001748,PRD_6F0F228947EF48919808,748/742,AR,KO,POKEMON,NO_JP,me2pt5-232
CRD_133D1F0A2A76442793E4,페로코체 GX,BS2018011012,PRD_E1C4AAB9A1BC43F5B408,012/114,RR,KO,POKEMON,sm4p_ja-12,smp-SM66
CRD_69A3E53625B647AE962F,꿰뚫는화염 ex,BS2026001151,PRD_6F0F228947EF48919808,151/742,RR,KO,POKEMON,sv5k_ja-12,sv5-38
CRD_ABB584CF354344D0820F,팬텀 ex,BS2026001445,PRD_6F0F228947EF48919808,445/742,RR,KO,POKEMON,sv5k_ja-47,sv5-104
CRD_0630709EA5124F718749,염뉴트,BS2026001744,PRD_6F0F228947EF48919808,744/742,AR,KO,POKEMON,NO_JP,me2pt5-224
CRD_C8708FEE42914C2C92BD,다투곰 붉은 달 ex,BS2026001625,PRD_6F0F228947EF48919808,625/742,RR,KO,POKEMON,sv5a_ja-52,sv6-141
CRD_EF2B6A9927BF426B8D82,염버니,BS2026001745,PRD_6F0F228947EF48919808,745/742,AR,KO,POKEMON,NO_JP,me2pt5-225
CRD_F1794D3676DD476EBCCE,비파리온,BS2026001747,PRD_6F0F228947EF48919808,747/742,AR,KO,POKEMON,NO_JP,me2pt5-230
CRD_A497F0378C1349F19C8B,에이스번 ex,BS2026001139,PRD_6F0F228947EF48919808,139/742,RR,KO,POKEMON,sv7_ja-18,me2pt5-38
CRD_3CE005C5398E4DF8AA7A,레시라무 ex,BS2026001126,PRD_6F0F228947EF48919808,126/742,RR,KO,POKEMON,sv11w_ja-17,rsv10pt5-20
CRD_710F7A26402941E7A4D7,카포에라,BS2026001751,PRD_6F0F228947EF48919808,751/742,AR,KO,POKEMON,NO_JP,me2pt5-240
CRD_D964095CC14B4504BFB1,초염몽,BS2010001017,PRD_31FFADC1995A46C4B218,17/60,HR,KO,POKEMON,dp1_ja-1001,dp1-121
CRD_58B23BBE13C047A0BE1A,에레키블 ex,BS2026001237,PRD_6F0F228947EF48919808,237/742,RR,KO,POKEMON,sv9a_ja-35,sv10-69
CRD_D9FA88BC123C41F9B448,라프라스 ex,MP000000002,PRD_98A2CDF05EE941619069,,RR,KO,POKEMON,mp_ja-2,me3-22
CRD_128F70C0C950473788AA,브리두라스 ex,BS2026001526,PRD_6F0F228947EF48919808,526/742,RR,KO,POKEMON,sv7a_ja-37,sv8-130
CRD_72D59C5B494A40E7BB6B,페로코체 GX,BS2018011115,PRD_E1C4AAB9A1BC43F5B408,115/114,SR,KO,POKEMON,sm4p_ja-115,sm5-140
CRD_EF8B22836E854405A0EE,메가자리 ex,BS2026001022,PRD_6F0F228947EF48919808,022/742,RR,KO,POKEMON,sv9a_ja-3,sv10-3
CRD_9D7643B219DF4580B85F,청목의 찌르호크,BS2026001756,PRD_6F0F228947EF48919808,756/742,AR,KO,POKEMON,NO_JP,me2pt5-249
CRD_3FDB36F0CAF24E49B6CF,블래키 ex,BS2026001446,PRD_6F0F228947EF48919808,446/742,RR,KO,POKEMON,sv8a_ja-93,sv8pt5-60
CRD_C1ED974D21D945F6AE35,아쿠아단의 가이오가 EX,BS2015003006,PRD_07350E5B503F4B7E8115,006/034,RR,KO,POKEMON,cp1_ja-6,dc1-6
CRD_40C9B79679FB427396C0,꿈트렁 ex,BS2026001533,PRD_6F0F228947EF48919808,533/742,RR,KO,POKEMON,sv7_ja-74,sv7-110
CRD_42C881A081C2442292A2,라티아스 ex,BS2026001312,PRD_6F0F228947EF48919808,312/742,RR,KO,POKEMON,sv7a_ja-19,sv8-76
CRD_8A0CD9EAC8D7498A9705,번치코 VMAX,BS2021003008,PRD_9ACB5EDE4CA94A0493A2,008/070,RRR,KO,POKEMON,swsh5a_ja-8,swsh6-21
CRD_4F8FA4ED50DA4A6AA4D3,테라파고스 ex,MP000000014,PRD_EF0FA2B20B98474E88F3,,RR,KO,POKEMON,sv7_ja-88,me2pt5-179
CRD_0247DE71AB2140BEBBF8,멍파치,BS2025014086,PRD_DD94FB8DCB7C4A129478,086/080,AR,KO,POKEMON,m2_ja-86,me2-99
CRD_065512D143D348EDBE3E,님피아 ex,BS2026001299,PRD_6F0F228947EF48919808,299/742,RR,KO,POKEMON,sv8a_ja-69,sv8pt5-41
CRD_0DF80E4557DE4819B172,나오하 ex,BS2026001757,PRD_6F0F228947EF48919808,757/742,RR,KO,POKEMON,NO_JP,me2pt5-251
CRD_11DE00F8CE7D4AF1B990,메가팬텀 ex,BS2025015230,PRD_90A8D5BDA5664CEF9F48,230/193,MA,KO,POKEMON,m2a_ja-230,me2pt5-269
CRD_164F19FE7E4746EEA25C,메가썬더볼트 ex,BS2025010032,PRD_86C30C87F04C465BA58C,032/063,RR,KO,POKEMON,m1s_ja-32,me1-50
CRD_0CB06AA60B6E4470B9A9,인텔리레온,BS2025010069,PRD_86C30C87F04C465BA58C,069/063,AR,KO,POKEMON,m1s_ja-69,me1-142
CRD_11628ECE200A4601B5D4,M가디안 EX,BS2016003020,PRD_46D8E6F1D6A94A918F5A,020/032,RR,KO,POKEMON,cp3_ja-20,g1-RC31
CRD_12724DE193F242D89D06,돌핀맨 ex,BS2026001216,PRD_6F0F228947EF48919808,216/742,RR,KO,POKEMON,sv6_ja-36,sv6-61
CRD_1B828812B58A4E3FB0CD,네크로즈마 GX,BS2018011050,PRD_E1C4AAB9A1BC43F5B408,050/114,RR,KO,POKEMON,sm4p_ja-50,sm3-63
CRD_1E0043AFBDEA40F0A0F7,마그마단의 그란돈 EX,BS2015003015,PRD_07350E5B503F4B7E8115,015/034,RR,KO,POKEMON,cp1_ja-15,dc1-15
CRD_1D0F4747A8BF4524B3CF,마릴리 ex,BS2026001297,PRD_6F0F228947EF48919808,297/742,RR,KO,POKEMON,NO_JP,me2pt5-84
CRD_1E5819643E174D74811E,메가이상해꽃 ex,BS2025009003,PRD_488E92535E424D04B2B5,003/063,RR,KO,POKEMON,m1l_ja-3,me1-3
CRD_2076C899876544DC9B67,메가루카리오 ex,BS2025009078,PRD_488E92535E424D04B2B5,078/063,SR,KO,POKEMON,m1l_ja-78,me1-160
CRD_2E8C144F443F49BBAE9B,미라이돈 ex,BS2026001553,PRD_6F0F228947EF48919808,553/742,RR,KO,POKEMON,NO_JP,sv5-122
CRD_33F622942A1F4876AAE4,어흥염 ex,BS2026001132,PRD_6F0F228947EF48919808,132/742,RR,KO,POKEMON,sv5m_ja-22,sv5-34
CRD_64121CF918D94791A1DD,솔가레오 GX,BS2018011070,PRD_E1C4AAB9A1BC43F5B408,070/114,RR,KO,POKEMON,sm4p_ja-70,smp-SM16
CRD_32D88C6671424AA28280,카푸꼬꼬꼭 GX,BS2018011032,PRD_E1C4AAB9A1BC43F5B408,032/114,RR,KO,POKEMON,sm4p_ja-32,sm2-47
CRD_53EAEC16A2AC449B842F,메가눈여아 ex,BS2025015036,PRD_90A8D5BDA5664CEF9F48,036/193,RR,KO,POKEMON,m2a_ja-36,me2pt5-47
CRD_30523D5BF2EE4A83A4CB,포푸니라,BS2026001746,PRD_6F0F228947EF48919808,746/742,AR,KO,POKEMON,NO_JP,me2pt5-228
CRD_612B2096761E42C3A8A3,메더 ex,BS2026001758,PRD_6F0F228947EF48919808,758/742,RR,KO,POKEMON,NO_JP,me2pt5-252
CRD_57A6E71EBA0E4FD0B4A1,묘두기 ex,BS2026001351,PRD_6F0F228947EF48919808,351/742,RR,KO,POKEMON,NO_JP,svp-162
CRD_79944D97ECE040D19022,메가자리 ex,BS2025015003,PRD_90A8D5BDA5664CEF9F48,003/193,RR,KO,POKEMON,m2a_ja-3,sv10-3
CRD_640F3D6A0BD2463986B1,우렁찬꼬리 ex,BS2026001353,PRD_6F0F228947EF48919808,353/742,RR,KO,TRAINER,sv5a_ja-40,sv6-94
CRD_75EF99D62A3D4947A330,루나아라 GX,BS2018011049,PRD_E1C4AAB9A1BC43F5B408,049/114,RR,KO,POKEMON,sm4p_ja-49,smp-SM17
CRD_74B6C998B365467C940F,토게데마루 ex,BS2026001514,PRD_6F0F228947EF48919808,514/742,RR,KO,POKEMON,NO_JP,me2pt5-149
CRD_7BCDB81D3236447A9119,멜메탈 ex,BS2026001519,PRD_6F0F228947EF48919808,519/742,RR,KO,POKEMON,NO_JP,sv7-105
CRD_842618E42E404622A7A4,로켓단의 니드킹 ex,BS2026001437,PRD_6F0F228947EF48919808,437/742,RR,KO,POKEMON,NO_JP,svp-217
CRD_8EF30B3B1E864419943C,블랙큐레무 ex,BS2026001204,PRD_6F0F228947EF48919808,204/742,RR,KO,POKEMON,sv7a_ja-11,sv8-48
CRD_A8210A464976421F9923,메가염무왕 ex,BS2026001762,PRD_6F0F228947EF48919808,762/742,RR,KO,POKEMON,NO_JP,me2pt5-273
CRD_AE252DCBF6FA4506ACCD,메가샤크니아 ex,BS2025014051,PRD_DD94FB8DCB7C4A129478,051/080,RR,KO,POKEMON,m2_ja-51,me2-61
CRD_B071913DFA814921BA27,게노세크트 ex,BS2026001512,PRD_6F0F228947EF48919808,512/742,RR,KO,POKEMON,m2a_ja-119,zsv10pt5-67
CRD_C57DB853FD2D46888B48,메가리자몽X ex,BS2025014013,PRD_DD94FB8DCB7C4A129478,013/080,RR,KO,POKEMON,m2_ja-13,me2-13
CRD_B685013BF312463DBD3F,청목의 노고고치 ex,BS2026001577,PRD_6F0F228947EF48919808,577/742,RR,KO,POKEMON,NO_JP,me2pt5-164
CRD_B71FB8408EAC4867A18F,모야모의 찌리배리 ex,BS2026001274,PRD_6F0F228947EF48919808,274/742,RR,KO,POKEMON,m2a_ja-57,me2pt5-70
CRD_BA09E1E2876D4AF9A7EC,겟핸보숭,BS2025014092,PRD_DD94FB8DCB7C4A129478,092/080,AR,KO,POKEMON,m2_ja-92,me2-107
CRD_BA4BEE00353244F580C5,메가망나뇽 ex,BS2025015232,PRD_90A8D5BDA5664CEF9F48,232/193,MA,KO,POKEMON,m2a_ja-232,me2pt5-271
CRD_C98EFDB78A3045E8B138,릴리에의 삐삐 ex,BS2026001287,PRD_6F0F228947EF48919808,287/742,RR,KO,POKEMON,m2a_ja-60,sv9-56
CRD_CAA84D92B77A42B6AD29,삼삼드래 ex,BS2026001478,PRD_6F0F228947EF48919808,478/742,RR,KO,POKEMON,sv11w_ja-62,rsv10pt5-67
CRD_CF163D02C6AA44A39149,키키링 ex,BS2026001486,PRD_6F0F228947EF48919808,486/742,RR,KO,POKEMON,sv5m_ja-42,sv5-108
CRD_E6F10EB3F8174323B3EE,메가가디안 ex,BS2025015226,PRD_90A8D5BDA5664CEF9F48,226/193,MA,KO,POKEMON,m2a_ja-226,mep-32
CRD_E1D6B66C8AB24CFC89FA,그우린차 ex,BS2026001079,PRD_6F0F228947EF48919808,079/742,RR,KO,POKEMON,sv5a_ja-9,sv6-23
CRD_E4269732BF5E4DAE84E6,부스터 EX,BS2016003006,PRD_46D8E6F1D6A94A918F5A,006/032,RR,KO,POKEMON,cp3_ja-6,g1-RC6
CRD_E884C26E081A41749A2E,볼케니온 ex,BS2026001129,PRD_6F0F228947EF48919808,129/742,RR,KO,POKEMON,sv9_ja-17,sv9-31
CRD_EA6C638A5EAE4EE0996B,메가샤크니아 ex,BS2025014113,PRD_DD94FB8DCB7C4A129478,113/080,SAR,KO,POKEMON,m2_ja-113,me2-127
CRD_EA938DF4CE38460F89C6,메가눈설왕 ex,BS2025010076,PRD_86C30C87F04C465BA58C,076/063,SR,KO,POKEMON,m1s_ja-76,me1-157
CRD_4A6CC4A034DF4C3DAD74,피카츄 ex,BS2025015234,PRD_90A8D5BDA5664CEF9F48,234/193,SAR,KO,POKEMON,m2a_ja-234,me2pt5-277
CRD_53468E96BA24425694EB,초련의 암시,BS2019001109,PRD_0D6AE93A1F194DF2AFCC,,SR,KO,TRAINER,sm9_ja-109,sm9-181
CRD_59D948D23D9B4A8997F2,메가디안시 ex,BS2025015238,PRD_90A8D5BDA5664CEF9F48,238/193,SAR,KO,POKEMON,m2a_ja-238,me2pt5-282
CRD_892B2014015549E5812F,메가저리더프 ex,BS2025015235,PRD_90A8D5BDA5664CEF9F48,235/193,SAR,KO,POKEMON,m2a_ja-235,me2pt5-278
CRD_692B14B6D94747048405,비파리온 V,BS2020010073,PRD_9C4063C50B5B45C09FF9,073/070,SR,KO,POKEMON,swsh2a_ja-73,swsh3-180
CRD_A2686BFC7EE14D7788F6,로켓단의 닥트리오,BS2025015206,PRD_90A8D5BDA5664CEF9F48,206/193,AR,KO,POKEMON,m2a_ja-206,me2pt5-239
CRD_57174D8548094A65841F,메가가디안 ex,BS2025010078,PRD_86C30C87F04C465BA58C,078/063,SR,KO,POKEMON,m1s_ja-78,me1-159
CRD_4078C16E4F0A46D1B247,메가헤라크로스 ex,BS2025014093,PRD_DD94FB8DCB7C4A129478,093/080,SR,KO,POKEMON,m2_ja-93,me2-108
CRD_2706BD8A739F4460B703,로켓단의 뮤츠 ex,BS2025015237,PRD_90A8D5BDA5664CEF9F48,237/193,SAR,KO,POKEMON,m2a_ja-237,me2pt5-281
CRD_0FA5E598B8704A0E83CC,호브의 대로트,BS2025015204,PRD_90A8D5BDA5664CEF9F48,204/193,AR,KO,POKEMON,m2a_ja-204,me2pt5-237
CRD_27DD36DAE86F45C69DEB,메가가디안 ex,BS2025010087,PRD_86C30C87F04C465BA58C,087/063,SAR,KO,POKEMON,m1s_ja-87,me1-178
CRD_3DC005D2BBD14E03914E,웅의 근성,BS2019001108,PRD_0D6AE93A1F194DF2AFCC,,SR,KO,TRAINER,sm9_ja-108,sm9-172
CRD_304D28B61C7F409C86A4,이상해씨,BS2025009064,PRD_488E92535E424D04B2B5,064/063,AR,KO,POKEMON,m1l_ja-64,me1-133
CRD_2FA1805FDEA84161ABE3,껍질몬,BS2025010072,PRD_86C30C87F04C465BA58C,072/063,AR,KO,POKEMON,m1s_ja-72,me1-144
CRD_3C91F57ABFE0494F9FEE,메가이상해꽃 ex,BS2025009087,PRD_488E92535E424D04B2B5,087/063,SAR,KO,POKEMON,m1l_ja-87,me1-177
CRD_5F0F40D590F84E8289CE,아머까오 VMAX,BS2022001116,PRD_767E549F894445C98D52,116/184,RRR,KO,POKEMON,swsh8b_ja-116,swsh5-110
CRD_7F3A7B805F704D6C96F3,모스노우,BS2022001192,PRD_767E549F894445C98D52,192/184,CHR,KO,POKEMON,swsh8b_ja-192,swsh10tg-TG04
CRD_D2329A80F560434D96B2,토게키스,BS2025015203,PRD_90A8D5BDA5664CEF9F48,203/193,AR,KO,POKEMON,m2a_ja-203,me2pt5-235
CRD_B837D3F1A54647279AEC,뮤 EX,BS2013004024,PRD_FF9AC7CB363846D0A190,024/025,SR,KO,POKEMON,sc1_ja-24,bw11-RC24
CRD_85A18C735C9147958902,가라르 파이어 V,BS2022001096,PRD_767E549F894445C98D52,096/184,RR,KO,POKEMON,swsh8b_ja-96,swsh6-97
CRD_06CEAC2A8B35426D926A,망나뇽 V,BS2021012042,PRD_3AD5C945B465480BA36C,042/067,RR,KO,POKEMON,swsh7r_ja-42,swshp-SWSH154
CRD_2BCC60756DD640D68C16,두랄루돈 V,BS2022001122,PRD_767E549F894445C98D52,122/184,RR,KO,POKEMON,swsh8b_ja-122,swsh7-122
CRD_4A61E9FAD7D64AE2BB13,빛나는 볼케니온,BS2017010028,PRD_F59042429A0444D3B06F,028/072,A,KO,POKEMON,sm3p_ja-28,sm35-27
CRD_94EFF45E92BE40FB9155,빛나는 지라치,BS2017010043,PRD_F59042429A0444D3B06F,043/072,A,KO,POKEMON,sm3p_ja-43,sm35-42
CRD_141407CDC6C3483B9AF1,빛나는 레쿠쟈,BS2017010057,PRD_F59042429A0444D3B06F,057/072,A,KO,POKEMON,sm3p_ja-57,sm35-56
CRD_70824255C49C485D92BC,라이코,BS2020012015,PRD_FE54F67A9C114773A9CD,015/076,A,KO,POKEMON,swsh3a_ja-15,swsh4-50
CRD_4CB4D847706A453D8A1F,빛나는 뮤,BS2017010041,PRD_F59042429A0444D3B06F,041/072,A,KO,POKEMON,sm3p_ja-41,sm35-40
CRD_939CD60D0A3F433EA9AD,가이오가,BS2020016036,PRD_595A32AA23664B6ABD92,036/190,A,KO,POKEMON,swsh4a_ja-36,swsh45-21
CRD_17D9AE509B3F4B1A8EB2,세레비,BS2020012009,PRD_FE54F67A9C114773A9CD,009/076,A,KO,POKEMON,swsh3a_ja-9,swsh4-9
CRD_D7B1A8152CB241248591,빛나는 게노세크트,BS2017010010,PRD_F59042429A0444D3B06F,010/072,A,KO,POKEMON,sm3p_ja-10,sm35-9
CRD_7E54538560A84C058CD1,이벨타르,BS2020016117,PRD_595A32AA23664B6ABD92,117/190,A,KO,POKEMON,swsh4a_ja-117,swsh45-46
CRD_8C8EEF4E7290462E9827,빛나는 세레비,BS2017010004,PRD_F59042429A0444D3B06F,004/072,A,KO,POKEMON,sm3p_ja-4,smp-SM79
CRD_C4865CD65C7F40D2A53C,빛나는 아르세우스,BS2017010059,PRD_F59042429A0444D3B06F,059/072,A,KO,POKEMON,sm3p_ja-59,sm35-57
CRD_C80A57B9F72D4DD39F64,빛나는 루기아,BS2017010058,PRD_F59042429A0444D3B06F,058/072,A,KO,POKEMON,sm3p_ja-58,smp-SM82
CRD_F92431F1799849F1AA74,레시라무,BS2020016021,PRD_595A32AA23664B6ABD92,021/190,A,KO,POKEMON,swsh4a_ja-21,swsh45-17
CRD_624C4EA100C746ABB72D,스핀로토무,BS2025015213,PRD_90A8D5BDA5664CEF9F48,213/193,AR,KO,POKEMON,m2a_ja-213,NO_EN
CRD_95962D36A0B54D96A10A,리자몽 GX,BS2019002209,PRD_F0B2C76547E5479F8E65,209/150,SSR,KO,POKEMON,sm8b_ja-209,sma-SV49
CRD_BC23459C3A854031B8A0,메가망나뇽 ex,BS2025015246,PRD_90A8D5BDA5664CEF9F48,246/193,SAR,KO,POKEMON,m2a_ja-246,me2pt5-290
CRD_A6F7502948814BF9A22C,블래키 VMAX,,PRD_BD7FA21EB0B4407086A0,095/069,HR,KO,POKEMON,swsh6a_ja-95,swsh7-215
