card_id,name,rarity,num,jp_ref,en_ref,selected_source,ko_current,selected_raw_krw,coef_current,en_raw,jp_raw,snk_raw,snk_n,jp_p10,jp_p9,snk_p10,snk_p9,scry_ladder,snk_ladder,pricing_mode,jp_coef,jp_coef_scope,ko_via_jp,ko_via_snk,mult_jp,mult_snk,selection_bug_raw,underpriced_by_jp,underpriced_by_snk,coef_missing,actionable,category
CRD_DDED4EDE29E446F7B0C3,릴리에,SR,065/060,sm1m_ja-66,sm1-147,EN,12646,75272,0.168000,75272,7125000,4465000,2,11403263,3151228,13268327,3040000,PSA10 > RAW > PSA9,PSA10 > RAW > PSA9,COEF,0.388629,RARITY,2768982,1735228,219.0,137.2,True,True,True,False,True,UNDERPRICED
CRD_95F74899B927469997D4,아세로라,SR,056/049,sm2p_ja-56,sm3-142,EN,13051,77684,0.168000,77684,5700000,0,0,5709560,2914165,14725000,2850000,PSA10 > RAW > PSA9,PSA10 > PSA9,COEF,0.388629,RARITY,2215185,,169.7,,True,True,False,False,True,UNDERPRICED
CRD_774A388CB1DC46F384AE,뮤츠 EX,SR,108/100,cp6_ja-95,xy12-103,EN,8047,59877,0.134400,59641,2850000,0,0,4216347,808865,4233827,1662500,PSA10 > RAW > PSA9,PSA10 > PSA9,COEF,0.388629,RARITY,1107593,,137.6,,True,True,False,False,True,UNDERPRICED
CRD_C7EE29160ED94C72BB44,이슬의 의욕,SR,113/100,cp6_ja-99,xy12-108,EN,7884,58663,0.134400,58663,1900000,0,0,2137459,646843,2422500,1140000,PSA10 > RAW > PSA9,PSA10 > PSA9,COEF,0.388629,RARITY,738395,,93.7,,True,True,False,False,True,UNDERPRICED
CRD_435238B98B534ED1A50A,마마네,SR,057/049,NO_JP,sm3-146,EN,1851,11017,0.168000,11017,109713,427500,2,473785,331187,1045000,313500,PSA10 > PSA9 > RAW,PSA10 > RAW > PSA9,COEF,0.388629,RARITY,42638,166139,23.0,89.8,True,True,True,False,True,UNDERPRICED
CRD_66939CDD71824EF5877F,루자미네,SR,055/050,sm4a_ja-55,sm4-110,EN,11203,66683,0.168000,66683,1615000,0,0,2023974,762294,2131762,969000,PSA10 > RAW > PSA9,PSA10 > PSA9,COEF,0.388629,RARITY,627636,,56.0,,True,True,False,False,True,UNDERPRICED
CRD_D9AD2D4FCCF34C3D93DB,블래키 EX,SR,082/078,xy10_ja-82,xy10-119,EN,30418,226324,0.134400,225276,4275000,0,0,7108079,0,8645000,2280000,PSA10 > RAW,PSA10 > PSA9,COEF,0.388629,RARITY,1661389,,54.6,,True,True,False,False,True,UNDERPRICED
CRD_6844172254A344548A6C,코르니,SR,102/096,xy3_ja-102,xy3-111,EN,8246,61352,0.134400,61068,1140000,0,0,1536480,346476,1291990,0,PSA10 > RAW > PSA9,PSA10,COEF,0.388629,RARITY,443037,,53.7,,True,True,False,False,True,UNDERPRICED
CRD_866593D4A5494DF285FE,이브이,AR,755/742,NO_JP,svp-173,EN,7863,22863,0.343900,22757,0,746643,73,0,0,1467740,394250,,PSA10 > RAW > PSA9,COEF,0.535789,RARITY,,400043,,50.9,False,False,True,False,True,UNDERPRICED
CRD_7A536360D1EC48FB885A,피카츄,PR,,NO_JP,xy3-27,EN,2620,8159,0.321100,8121,0,1425000,1,0,0,3990000,931000,,PSA10 > RAW > PSA9,COEF,0.085544,RARITY,,121900,,46.5,False,False,True,False,True,UNDERPRICED
CRD_7677BD40116548CBA138,포켓몬 레인저,SR,058/054,xy11c_ja-58,xy11-113,EN,1602,11923,0.134400,11868,190000,0,0,322461,0,254600,95000,PSA10 > RAW,PSA10 > PSA9,COEF,0.388629,RARITY,73840,,46.1,,True,True,False,False,True,UNDERPRICED
CRD_9B730AEF79F94A5BB4C8,선배&후배,SR,078/070,xy5g_ja-77,xy5-160,EN,6001,44650,0.134400,44443,712500,0,0,540749,444212,1025050,475000,RAW > PSA10 > PSA9,PSA10 > PSA9,COEF,0.388629,RARITY,276898,,46.1,,True,True,False,False,True,UNDERPRICED
CRD_BE12D91B22794119B3E1,글레이시아 EX,SR,079/078,xy10_ja-79,xy10-116,EN,6912,51426,0.134400,51188,807500,0,0,3841200,0,0,0,PSA10 > RAW,,COEF,0.388629,RARITY,313818,,45.4,,True,True,False,False,True,UNDERPRICED
CRD_3E0AD8CAAB4F44D5B183,레시라무,SR,055/053,bw1b_ja-55,bw1-113,EN,16858,168583,0.100000,167802,1900000,1026000,1,6499387,487033,2422500,0,PSA10 > RAW > PSA9,PSA10 > RAW,COEF,0.388629,RARITY,738395,398733,43.8,23.7,True,True,True,False,True,UNDERPRICED
CRD_67397D46BAC44F998127,피죤투 EX,SR,109/100,cp6_ja-96,xy12-104,EN,2342,17424,0.134400,17343,237500,218500,1,399715,55267,520600,189990,PSA10 > RAW > PSA9,PSA10 > RAW > PSA9,COEF,0.388629,RARITY,92299,84915,39.4,36.3,True,True,True,False,True,UNDERPRICED
CRD_2E8CB13E9FEE40A28A14,웅의 근성,SR,112/100,cp6_ja-100,xy12-107,EN,2168,16133,0.134400,16058,218500,0,0,292023,193228,361000,0,PSA10 > RAW > PSA9,PSA10,COEF,0.388629,RARITY,84915,,39.2,,True,True,False,False,True,UNDERPRICED
CRD_DE454A6B91944E2B8AD3,로켓단의 공작,SR,087/078,xy10_ja-87,xy10-124,EN,5247,39042,0.134400,38861,522500,0,0,772988,230226,1130500,332490,PSA10 > RAW > PSA9,PSA10 > PSA9,COEF,0.388629,RARITY,203059,,38.7,,True,True,False,False,True,UNDERPRICED
CRD_1BD0376A3CA8485BB302,릴리에,SR,119/114,sm4p_ja-119,sm5-151,EN,118282,704061,0.168000,704061,11400000,0,0,24608986,5744899,21850000,5700000,PSA10 > RAW > PSA9,PSA10 > PSA9,COEF,0.388629,RARITY,4430371,,37.5,,True,True,False,False,True,UNDERPRICED
CRD_E1885E2AE59048FFA835,파비코리 EX,SR,086/078,xy10_ja-86,xy10-123,EN,2744,20420,0.134400,20325,247000,0,0,499356,191538,0,0,PSA10 > RAW > PSA9,,COEF,0.388629,RARITY,95991,,35.0,,True,True,False,False,True,UNDERPRICED
CRD_49B9C68497F94042A443,일리마,SR,065/060,sm1s_ja-65,sm1-146,EN,798,4748,0.168000,4726,71250,0,0,55313,42945,114000,0,RAW > PSA10 > PSA9,PSA10,COEF,0.388629,RARITY,27690,,34.7,,True,True,False,False,True,UNDERPRICED
CRD_EB9C07F79DA046F0824B,가디안 EX,SR,056/054,xy11c_ja-56,xy11-111,EN,4287,31897,0.134400,31750,380000,0,0,390266,0,0,0,PSA10 > RAW,,COEF,0.388629,RARITY,147679,,34.4,,True,True,False,False,True,UNDERPRICED
CRD_89A20BE9777E4815B50C,M이상해꽃 EX,SR,102/100,cp6_ja-89,xy12-100,EN,7521,55959,0.134400,55959,613824,0,0,656999,89208,921500,0,PSA10 > RAW > PSA9,PSA10,COEF,0.388629,RARITY,238550,,31.7,,True,True,False,False,True,UNDERPRICED
CRD_274ED0D22EC54F229DAE,포켓몬 브리더,SR,077/072,sm3p_ja-77,sm35-73,EN,2948,17547,0.168000,17465,115221,237500,1,319542,0,513000,0,PSA10 > RAW,PSA10 > RAW,COEF,0.388629,RARITY,44778,92299,15.2,31.3,True,True,True,False,True,UNDERPRICED
CRD_217550E39F654896867F,AZ,SR,093/088,xy4_ja-93,xy4-117,EN,5328,39641,0.134400,39458,427500,0,0,248910,0,0,0,RAW > PSA10,,COEF,0.388629,RARITY,166139,,31.2,,True,True,False,False,True,UNDERPRICED
CRD_48B3B385581F4DFEA769,아기씨,SR,100/094,sm6_ja-100,sma-SV86,EN,3908,23262,0.168000,23262,304000,0,0,435654,87748,0,0,PSA10 > RAW > PSA9,,COEF,0.388629,RARITY,118143,,30.2,,True,True,False,False,True,UNDERPRICED
CRD_DB71489497854EF98781,M가디안 EX,SR,057/054,xy11c_ja-57,xy11-112,EN,11149,82955,0.134400,82955,855000,0,0,860429,0,1477772,0,PSA10 > RAW,PSA10,COEF,0.388629,RARITY,332278,,29.8,,True,True,False,False,True,UNDERPRICED
CRD_9522A25A78764F77B225,M리자몽 EX,SR,104/100,cp6_ja-91,xy12-101,EN,31488,234282,0.134400,234282,2304720,0,0,6178125,2220782,6460000,2850000,PSA10 > RAW > PSA9,PSA10 > PSA9,COEF,0.388629,RARITY,895681,,28.4,,True,True,False,False,True,UNDERPRICED
CRD_FE47117BF3F441FEA5A6,리자몽 GX,SR,052/051,sm3h_ja-52,smp-SM60,EN,13436,79974,0.168000,79974,345708,949990,1,2389211,378312,3517176,855000,PSA10 > PSA9 > RAW,PSA10 > RAW > PSA9,COEF,0.388629,RARITY,134352,369194,10.0,27.5,True,True,True,False,True,UNDERPRICED
CRD_AE113DCC3BAE4D84AB6A,뮤츠 GX,SR,075/072,sm3p_ja-75,sm35-72,EN,7287,43375,0.168000,43375,112670,513000,3,1450176,187558,1871500,532000,PSA10 > PSA9 > RAW,PSA10 > PSA9 > RAW,COEF,0.388629,RARITY,43787,199367,6.0,27.4,True,True,True,False,True,UNDERPRICED
CRD_A078581BD72D413189A8,피카츄 V,RR,001/024,NO_JP,swshp-SWSH285,EN,1628,8650,0.188200,8610,0,180490,10,0,0,469205,147155,,PSA10 > RAW > PSA9,COEF,0.228936,RARITY,,41321,,25.4,False,False,True,False,True,UNDERPRICED
CRD_014588FE8AC842E3A70E,포켓몬애호가클럽,SR,086/080,xy2_ja-87,xy2-106,EN,5115,38059,0.134400,37882,323000,0,0,583862,0,494000,0,PSA10 > RAW,PSA10,COEF,0.388629,RARITY,125527,,24.5,,True,True,False,False,True,UNDERPRICED
CRD_64AF5808BBFB437AAAD3,블래키&다크라이 GX,SR,182/173,sm12a_ja-182,smp-SM241,JP,33127,422532,0.078400,413052,422532,2090000,4,3361680,420289,2850000,1634000,PSA10 > RAW > PSA9,PSA10 > RAW > PSA9,COEF,0.388629,RARITY,164208,812235,5.0,24.5,False,True,True,False,True,UNDERPRICED
CRD_2C17B97D2D95413699E9,뮤츠&뮤 GX,SR,098/094,sm11_ja-98,smp-SM191,JP,49130,626653,0.078400,485128,626653,3040000,8,5041959,1183904,5206000,2080500,PSA10 > PSA9 > RAW,PSA10 > RAW > PSA9,COEF,0.388629,RARITY,243536,1181432,5.0,24.0,False,True,True,False,True,UNDERPRICED
CRD_4E8F8D42F8524276A6BD,뮤츠 GX,RR,027/080,NO_JP,sm115-31,EN,2718,14443,0.188200,14376,0,285000,4,0,0,627000,56810,,PSA10 > RAW > PSA9,COEF,0.228936,RARITY,,65247,,24.0,False,False,True,False,True,UNDERPRICED
CRD_4326CC9CE8E842FB8F45,벨,SR,063/059,bw6c_ja-63,bw7-147,EN,31999,319987,0.100000,318507,1900000,0,0,1564521,442137,1448750,0,RAW > PSA10 > PSA9,PSA10,COEF,0.388629,RARITY,738395,,23.1,,True,True,False,False,True,UNDERPRICED
CRD_ECF4D706A0EC47988C66,글라디오,SR,055/050,sm4s_ja-55,sm4-109,EN,4040,24046,0.168000,24046,237500,0,0,170457,167476,316806,156750,RAW > PSA10 > PSA9,PSA10 > PSA9,COEF,0.388629,RARITY,92299,,22.8,,True,True,False,False,True,UNDERPRICED
CRD_4D3EF2E899D943459B77,은송,SR,089/078,xy6_ja-88,xy6-108,EN,7376,54883,0.134400,54629,427500,285000,2,764783,198943,705280,0,PSA10 > RAW > PSA9,PSA10 > RAW,COEF,0.388629,RARITY,166139,110759,22.5,15.0,True,True,True,False,True,UNDERPRICED
CRD_7BA2781997C84AA48CE9,쉐이미 EX,SR,021/025,sc1_ja-21,bw11-RC21,EN,6161,61613,0.100000,61328,353350,0,0,995163,306267,949990,332500,PSA10 > RAW > PSA9,PSA10 > PSA9,COEF,0.388629,RARITY,137322,,22.3,,True,True,False,False,True,UNDERPRICED
CRD_0161FB6AE117410F872F,M거북왕 EX,SR,106/100,cp6_ja-93,xy12-102,EN,13551,100824,0.134400,100824,760000,0,0,1100289,175159,1460596,0,PSA10 > RAW > PSA9,PSA10,COEF,0.388629,RARITY,295358,,21.8,,True,True,False,False,True,UNDERPRICED
CRD_576DC2D934294498A93F,캐스퐁,CHR,211/184,swsh8b_ja-211,swsh11tg-TG11,JP,2952,3165,0.932500,3640,3165,57000,1,65869,30207,65920,0,PSA10 > PSA9 > RAW,PSA10 > RAW,COEF,1.12,RARITY,3545,63840,1.2,21.6,False,True,True,False,True,UNDERPRICED
CRD_0099D36F822141DF8467,체렌,PR,,svp_ja-279,me2pt5-258,EN,434,1352,0.321100,1346,107538,31664,1,0,0,104500,0,RAW,PSA10 > RAW,COEF,0.085544,RARITY,9199,2709,21.2,6.2,True,True,True,False,True,UNDERPRICED
CRD_F95BEA7A5720433E9FDF,풍란,SR,076/070,bw7_ja-76,bw7-149,EN,33749,337488,0.100000,335926,1805000,0,0,3323929,0,2971600,0,PSA10 > RAW,PSA10,COEF,0.388629,RARITY,701475,,20.8,,True,True,False,False,True,UNDERPRICED
CRD_2893BDF7C7674E7A8E66,게치스플라스마단,SR,055/051,bw8s_ja-55,bw9-115,EN,12131,121305,0.100000,120744,646000,0,0,850764,157412,1216000,0,PSA10 > RAW > PSA9,PSA10,COEF,0.388629,RARITY,251054,,20.7,,True,True,False,False,True,UNDERPRICED
CRD_C7C3982EEEB34C529318,킹드라 EX,SR,085/078,xy10_ja-85,xy10-122,EN,3932,29255,0.134400,29119,209000,0,0,489968,122934,646000,285000,PSA10 > RAW > PSA9,PSA10 > PSA9,COEF,0.388629,RARITY,81223,,20.7,,True,True,False,False,True,UNDERPRICED
CRD_3D033F417C70493F8472,종이신도,S,193/150,sm8b_ja-193,sma-SV33,EN,1702,5301,0.321100,5276,30714,0,0,0,0,0,0,RAW,,COEF,1.12,RARITY,34400,,20.2,,True,True,False,False,True,UNDERPRICED
CRD_0596431CCC63469EA0C3,블래키 GX,SR,063/060,sm1m_ja-63,sm1-142,EN,13436,79974,0.168000,79974,665000,522500,1,1003076,277749,1180375,484500,PSA10 > RAW > PSA9,PSA10 > RAW > PSA9,COEF,0.388629,RARITY,258438,203059,19.2,15.1,True,True,True,False,True,UNDERPRICED
CRD_9A22F928864948BBAE25,마오,SR,055/050,sm2l_ja-55,sm2-145,EN,8655,51518,0.168000,51518,115236,427500,2,493901,224848,1045000,313500,PSA10 > PSA9 > RAW,PSA10 > RAW > PSA9,COEF,0.388629,RARITY,44784,166139,5.2,19.2,True,True,True,False,True,UNDERPRICED
CRD_950D0856241946C48A38,후딘 EX,SR,080/078,xy10_ja-80,xy10-117,EN,5939,44189,0.134400,43985,285000,0,0,766704,104753,560500,0,PSA10 > RAW > PSA9,PSA10,COEF,0.388629,RARITY,110759,,18.6,,True,True,False,False,True,UNDERPRICED
CRD_C1608F37F71B44D08013,M뮤츠 EX,SR,063/059,xy8r_ja-63,xy8-160,EN,29889,222390,0.134400,222322,1425000,0,0,1894787,0,2508000,759990,PSA10 > RAW,PSA10 > PSA9,COEF,0.388629,RARITY,553796,,18.5,,True,True,False,False,True,UNDERPRICED
CRD_FFF8E815F394423595FC,라이츄 GX,SR,074/072,sm3p_ja-74,smp-SM90,EN,2628,15641,0.168000,15569,123500,0,0,122596,0,0,0,RAW > PSA10,,COEF,0.388629,RARITY,47996,,18.3,,True,True,False,False,True,UNDERPRICED
CRD_4681609374F6454994EB,루티아,SR,102/096,sm7_ja-104,sm7-164,EN,49623,295373,0.168000,295373,2280000,0,0,2615796,0,2679000,1472500,PSA10 > RAW,PSA10 > PSA9,COEF,0.388629,RARITY,886074,,17.9,,True,True,False,False,True,UNDERPRICED
CRD_4F9A907B588C4D71ADBF,민진,SR,088/078,xy6_ja-89,xy6-107,EN,3709,27595,0.134400,27467,171000,0,0,426327,169781,182875,0,PSA10 > RAW > PSA9,PSA10,COEF,0.388629,RARITY,66456,,17.9,,True,True,False,False,True,UNDERPRICED
CRD_8B7637F128294F9EB800,피카츄&제크로무 GX,SR,101/095,sm9_ja-101,smp-SM168,EN,60671,361134,0.168000,361134,2755000,2374990,5,5950234,1861584,6265250,2137500,PSA10 > RAW > PSA9,PSA10 > RAW > PSA9,COEF,0.388629,RARITY,1070673,922990,17.6,15.2,True,True,True,False,True,UNDERPRICED
CRD_6BFE78CBD4924CF285F9,메가염무왕 ex,RR,113/742,NO_JP,me2pt5-31,EN,228,1214,0.188200,1208,0,17100,2,0,0,0,37990,,PSA9 > RAW,COEF,0.228936,RARITY,,3915,,17.2,False,False,True,False,True,UNDERPRICED
CRD_E63A3661A70B481E984A,라티오스 EX,SR,054/051,bw8s_ja-54,bw9-113,JP,12906,230472,0.056000,352244,230472,568100,1,2532657,366804,2280000,531810,PSA10 > PSA9 > RAW,PSA10 > RAW > PSA9,COEF,0.388629,RARITY,89568,220780,6.9,17.1,False,True,True,False,True,UNDERPRICED
CRD_6EED812BE5FE4E45BB0A,다크라이 GX,SR,055/049,sm2p_ja-55,sm3-139,EN,6562,39057,0.168000,38877,285000,0,0,684195,192060,897218,332500,PSA10 > RAW > PSA9,PSA10 > PSA9,COEF,0.388629,RARITY,110759,,16.9,,True,True,False,False,True,UNDERPRICED
CRD_D2DB42A5C2EF4407A186,메가장크로다일 ex,RR,169/742,NO_JP,me2pt5-43,EN,399,2120,0.188200,2111,0,29450,5,0,0,128250,0,,PSA10 > RAW,COEF,0.228936,RARITY,,6742,,16.9,False,False,True,False,True,UNDERPRICED
CRD_45C9E6F60F414FF4A7C1,망나뇽 EX,SR,111/100,cp6_ja-98,xy12-106,EN,10872,80896,0.134400,80896,460944,0,0,2482998,271926,2632288,949990,PSA10 > RAW > PSA9,PSA10 > PSA9,COEF,0.388629,RARITY,179136,,16.5,,True,True,False,False,True,UNDERPRICED
CRD_B443DB37EB0D40308182,M레쿠쟈 EX,SR,086/078,xy6_ja-86,xy6-105,EN,73912,549937,0.134400,547392,3135000,0,0,7810158,346123,9025000,2088100,PSA10 > RAW > PSA9,PSA10 > PSA9,COEF,0.388629,RARITY,1218352,,16.5,,True,True,False,False,True,UNDERPRICED
CRD_9E959C4AF6BA480FA670,마기아나 EX,SR,055/054,xy11c_ja-55,xy11-110,EN,1912,14228,0.134400,14162,80750,0,0,550459,0,408500,0,PSA10 > RAW,PSA10,COEF,0.388629,RARITY,31382,,16.4,,True,True,False,False,True,UNDERPRICED
CRD_CC0F23B6FAC346E58A02,스컬단의 조무래기,SR,066/060,sm1m_ja-65,sm1-149,EN,1926,11462,0.168000,11409,80750,0,0,148624,75641,266000,0,PSA10 > RAW > PSA9,PSA10,COEF,0.388629,RARITY,31382,,16.3,,True,True,False,False,True,UNDERPRICED
CRD_75F07C682B69468CA27A,메가메가니움 ex,RR,018/742,NO_JP,me2pt5-10,EN,414,2197,0.188200,2187,0,29336,4,0,0,0,0,,RAW,COEF,0.228936,RARITY,,6716,,16.2,False,False,True,False,True,UNDERPRICED
CRD_32E8F32B11894AB188C1,플루메리,SR,057/051,sm3h_ja-57,sm3-145,EN,3634,21634,0.168000,21634,145966,0,0,191338,90330,0,0,PSA10 > RAW > PSA9,,COEF,0.388629,RARITY,56727,,15.6,,True,True,False,False,True,UNDERPRICED
CRD_C89D33E80FC541129360,플라드리,SR,087/080,xy2_ja-85,xy2-104,EN,6637,49382,0.134400,49154,266000,0,0,275337,57710,0,0,PSA10 > RAW > PSA9,,COEF,0.388629,RARITY,103375,,15.6,,True,True,False,False,True,UNDERPRICED
CRD_DB277DCB29D047D6A9C6,쿠쿠이박사,SR,066/060,sm1s_ja-66,sm1-148,EN,1533,9127,0.168000,9127,61382,0,0,138222,0,0,0,PSA10 > RAW,,COEF,0.388629,RARITY,23855,,15.6,,True,True,False,False,True,UNDERPRICED
CRD_73CA21A2A3EB47D1AF95,뮤츠&뮤 GX,SR,097/094,sm11_ja-97,sm11-222,JP,8989,114652,0.078400,240229,114652,359100,19,1263371,105572,1301500,330600,PSA10 > RAW > PSA9,PSA10 > RAW > PSA9,COEF,0.388629,RARITY,44557,139557,5.0,15.5,False,True,True,False,True,UNDERPRICED
CRD_64EEDFC9E563497FA922,루자미네,SR,118/114,sm4p_ja-120,sm5-153,EN,40784,242764,0.168000,242764,1615000,1330000,3,2102089,779979,4222750,1258740,PSA10 > RAW > PSA9,PSA10 > RAW > PSA9,COEF,0.388629,RARITY,627636,516877,15.4,12.7,True,True,True,False,True,UNDERPRICED
CRD_A12119533B1C4A21B910,아쿠스타 BREAK,RR,032/100,cp6_ja-30,xy12-32,EN,778,4133,0.188200,4114,32712,52250,1,165617,29746,0,0,PSA10 > RAW > PSA9,RAW,COEF,0.228936,RARITY,7489,11962,9.6,15.4,True,True,True,False,True,UNDERPRICED
CRD_5854A8B691CA4AF9B909,TV 리포터,SR,073/066,sm6b_ja-74,sm7-167,JP,6023,76824,0.078400,96337,76824,237500,1,420366,109059,232750,0,PSA10 > PSA9 > RAW,RAW > PSA10,COEF,0.388629,RARITY,29856,92299,5.0,15.3,False,True,True,False,True,UNDERPRICED
CRD_FBADA9A3BE9246A8BDC3,앤테이 GX,SR,073/072,sm3p_ja-73,sm35-71,EN,2364,14074,0.168000,14009,37644,93100,1,122442,84122,242250,0,PSA10 > PSA9 > RAW,PSA10 > RAW,COEF,0.388629,RARITY,14630,36181,6.2,15.3,True,True,True,False,True,UNDERPRICED
CRD_9337246D91AB42D89EBE,뮤츠 EX,SR,062/059,xy8r_ja-62,xy8-158,EN,14532,108122,0.134400,107622,570000,0,0,2623954,204106,2365490,883500,PSA10 > RAW > PSA9,PSA10 > PSA9,COEF,0.388629,RARITY,221519,,15.2,,True,True,False,False,True,UNDERPRICED
CRD_4CA4DA6436B34162B705,카푸느지느 GX,SR,052/049,sm2p_ja-52,sm3-133,EN,1497,8912,0.168000,8870,57000,0,0,184378,0,0,0,PSA10 > RAW,,COEF,0.388629,RARITY,22152,,14.8,,True,True,False,False,True,UNDERPRICED
CRD_E1D8518B742042F6B3BB,솔가레오 GX,SR,063/060,sm1s_ja-63,sm1-143,EN,1618,9634,0.168000,9589,61750,0,0,274984,76824,0,0,PSA10 > PSA9 > RAW,,COEF,0.388629,RARITY,23998,,14.8,,True,True,False,False,True,UNDERPRICED
CRD_AE3C75BE92214FE9ACBD,M라티오스 EX,SR,083/078,xy6_ja-83,xy6-102,EN,20213,150391,0.134400,149695,760000,0,0,1018640,268976,1235000,427500,PSA10 > RAW > PSA9,PSA10 > PSA9,COEF,0.388629,RARITY,295358,,14.6,,True,True,False,False,True,UNDERPRICED
CRD_2CE1E087831443ADACEE,에몽가,SR,023/025,sc1_ja-23,bw11-RC23,EN,12914,129141,0.100000,127501,477500,0,0,3561929,442368,3206250,0,PSA10 > RAW > PSA9,PSA10,COEF,0.388629,RARITY,185570,,14.4,,True,True,False,False,True,UNDERPRICED
CRD_1E093F6900FF4470B84E,카푸나비나 GX,SR,052/050,sm2l_ja-52,sm2-137,EN,2455,14612,0.168000,14612,90250,0,0,24584,153648,0,0,PSA9 > RAW > PSA10,,COEF,0.388629,RARITY,35074,,14.3,,True,True,False,False,True,UNDERPRICED
CRD_185DE08656684E7AA355,비크티니,SR,070/066,bw2_ja-70,bw3-98,EN,25407,254072,0.100000,252897,931000,0,0,2664640,888070,2090000,570000,PSA10 > RAW > PSA9,PSA10 > PSA9,COEF,0.388629,RARITY,361814,,14.2,,True,True,False,False,True,UNDERPRICED
CRD_15F5F5A58D814B10953B,님피아 GX,RR,,smp_ja-323,sm2-92a,EN,6237,33142,0.188200,32989,380000,332500,1,617573,382584,740050,223250,PSA10 > PSA9 > RAW,PSA10 > RAW > PSA9,COEF,0.228936,RARITY,86996,76121,13.9,12.2,True,True,True,False,True,UNDERPRICED
CRD_6393EBE4F2594F90B558,쉐이미 EX,SR,087/078,xy6_ja-87,xy6-106,EN,4795,35677,0.134400,35512,171000,0,0,480334,53792,378100,0,PSA10 > RAW > PSA9,PSA10,COEF,0.388629,RARITY,66456,,13.9,,True,True,False,False,True,UNDERPRICED
CRD_3AEB0958DF704E919E03,M야도란 EX,RR,027/100,xyp_ja-263,xy12-27,EN,2848,15134,0.188200,14942,54253,171000,1,256269,0,448875,114000,PSA10 > RAW,PSA10 > RAW > PSA9,COEF,0.228936,RARITY,12420,39148,4.4,13.7,True,True,True,False,True,UNDERPRICED
CRD_6D7FD944EBBE4E7AA8A1,N,SR,071/066,bw2_ja-71,bw3-101,EN,35107,351070,0.100000,351070,1235000,0,0,1438222,478475,1596000,748600,PSA10 > RAW > PSA9,PSA10 > PSA9,COEF,0.388629,RARITY,479957,,13.7,,True,True,False,False,True,UNDERPRICED
CRD_9DA43870585949379283,리자몽 EX,SR,103/100,cp6_ja-90,xyp-XY121,EN,35436,263660,0.134400,263850,1229184,0,0,6547571,2034960,6650000,2517500,PSA10 > PSA9 > RAW,PSA10 > PSA9,COEF,0.388629,RARITY,477697,,13.5,,True,True,False,False,True,UNDERPRICED
CRD_168A21AE1367433791FA,에브이&테오키스 GX,SR,177/173,sm12a_ja-177,smp-SM240,JP,15459,197176,0.078400,204198,197176,522500,1,1311278,253227,939312,401109,PSA10 > PSA9 > RAW,PSA10 > RAW > PSA9,COEF,0.388629,RARITY,76628,203059,5.0,13.1,False,True,True,False,True,UNDERPRICED
CRD_20857DA3F57C4FAC9BE3,이브이 GX,SR,188/173,sm12a_ja-188,smp-SM233,JP,13563,172992,0.078400,242134,172992,456000,1,1464296,370845,1216000,427500,PSA10 > PSA9 > RAW,PSA10 > RAW > PSA9,COEF,0.388629,RARITY,67230,177215,5.0,13.1,False,True,True,False,True,UNDERPRICED
CRD_FAA316C56DEC49B9BB70,백마 버드렉스 VMAX,HR,085/070,swsh6h_ja-85,swsh6-203,EN,23777,66453,0.357800,66453,307281,717250,2,654863,353390,807500,549100,PSA10 > PSA9 > RAW,PSA10 > RAW > PSA9,COEF,0.432255,RARITY,132824,310035,5.6,13.0,True,True,True,False,True,UNDERPRICED
CRD_1001E20102E24B2DA20C,파이어&썬더&프리져 GX,SR,060/054,sm10b_ja-60,smp-SM210,EN,43079,256423,0.168000,256423,696517,1425000,6,3507400,894062,3781000,1248699,PSA10 > PSA9 > RAW,PSA10 > RAW > PSA9,COEF,0.388629,RARITY,270687,553796,6.3,12.9,True,True,True,False,True,UNDERPRICED
CRD_F4C1735159F14F65A589,메가디안시 ex,RR,005/021,NO_JP,me2-41,EN,168,891,0.188200,887,0,9500,1,0,0,0,0,,RAW,COEF,0.228936,RARITY,,2175,,12.9,False,False,True,False,True,UNDERPRICED
CRD_FC73F3539D0C406098D5,털보박사의 관찰,SR,078/070,xy5t_ja-78,xy5-159,EN,2732,20328,0.134400,20234,90250,0,0,382584,0,0,0,PSA10 > RAW,,COEF,0.388629,RARITY,35074,,12.8,,True,True,False,False,True,UNDERPRICED
CRD_694BA62B745A4D1E9025,레시라무&리자몽 GX,SR,097/095,sm10_ja-97,smp-SM201,EN,42836,254979,0.168000,253799,691401,1401240,4,2826078,722591,3100164,855000,PSA10 > PSA9 > RAW,PSA10 > RAW > PSA9,COEF,0.388629,RARITY,268698,544562,6.3,12.7,True,True,True,False,True,UNDERPRICED
CRD_A70AE0EAE9544E4091AC,메가팬텀 ex,RR,003/021,NO_JP,me2-56,EN,870,4625,0.188200,4603,0,47709,12,0,0,74300,28490,,PSA10 > RAW > PSA9,COEF,0.228936,RARITY,,10922,,12.6,False,False,True,False,True,UNDERPRICED
CRD_D5A3208DB5D642528B68,세레비&이상해꽃 GX,SR,097/095,sm9_ja-97,smp-SM167,JP,10239,130601,0.078400,129034,130601,332500,1,623304,133228,674500,293550,PSA10 > PSA9 > RAW,PSA10 > RAW > PSA9,COEF,0.388629,RARITY,50755,129219,5.0,12.6,False,True,True,False,True,UNDERPRICED
CRD_51EB2AB1F8BE40468C95,데덴네 GX,SR,175/173,sm12a_ja-175,sm10-195a,JP,6001,76547,0.078400,49982,76547,189990,3,486281,78238,447764,148200,PSA10 > PSA9 > RAW,PSA10 > RAW > PSA9,COEF,0.388629,RARITY,29748,73836,5.0,12.3,False,True,True,False,True,UNDERPRICED
CRD_AA4A41F8F67F4044A169,레쿠쟈 EX,PR,,xyp_ja-123,xyp-XY66,JP,4975,58187,0.085500,74028,58186,712500,5,2922800,0,2652077,807500,PSA10 > RAW,PSA10 > PSA9 > RAW,COEF,0.085544,RARITY,4977,60950,1.0,12.3,False,True,True,False,True,UNDERPRICED
CRD_5D99F1F054944414B285,플라드리 최후의 수단,SR,095/088,xy4_ja-95,xy4-118,EN,3482,25905,0.134400,25905,108537,0,0,328884,62950,0,85500,PSA10 > RAW > PSA9,PSA9,COEF,0.388629,RARITY,42181,,12.1,,True,True,False,False,True,UNDERPRICED
CRD_413FD0336AAA480DAA38,루카리오&멜메탈 GX,SR,059/054,sm9b_ja-59,smp-SM192,JP,10420,132906,0.078400,104235,132906,323000,1,540564,132322,664050,316664,PSA10 > RAW > PSA9,PSA10 > RAW > PSA9,COEF,0.388629,RARITY,51651,125527,5.0,12.0,False,True,True,False,True,UNDERPRICED
CRD_492B3C0921ED4DF68345,아이리스,SR,082/076,bw9_ja-82,bw10-101,EN,19951,199512,0.100000,198589,614592,0,0,2872311,0,3642718,0,PSA10 > RAW,PSA10,COEF,0.388629,RARITY,238848,,12.0,,True,True,False,False,True,UNDERPRICED
CRD_73060B256D5B47E6A823,볼트로스 EX,SR,079/078,xy6_ja-79,xy6-98,EN,3067,22817,0.134400,22711,95000,0,0,364929,41685,0,0,PSA10 > RAW > PSA9,,COEF,0.388629,RARITY,36920,,12.0,,True,True,False,False,True,UNDERPRICED
CRD_E9A371AEF72043A7881F,M핫삼 EX,SR,087/080,xy9_ja-87,xy9-120,EN,9912,73751,0.134400,74092,307281,0,0,498280,129157,641250,349600,PSA10 > RAW > PSA9,PSA10 > PSA9,COEF,0.388629,RARITY,119418,,12.0,,True,True,False,False,True,UNDERPRICED
CRD_41A8630816A54FD4A1F7,흉내내기 아가씨,SR,077/066,sm6b_ja-77,sm7-163,EN,9298,55344,0.168000,55344,285000,0,0,386870,103144,342000,0,PSA10 > RAW > PSA9,PSA10,COEF,0.388629,RARITY,110759,,11.9,,True,True,False,False,True,UNDERPRICED
CRD_69C818D4E150495ABB8B,레쿠쟈 EX,SR,085/078,xy6_ja-85,xy6-104,EN,32144,239168,0.134400,238062,950000,0,0,5126404,997114,4275000,950000,PSA10 > PSA9 > RAW,PSA10 > PSA9,COEF,0.388629,RARITY,369198,,11.5,,True,True,False,False,True,UNDERPRICED
CRD_820858E331F94DAE8910,딥상어동,S,198/150,sm8b_ja-198,sma-SV38,EN,2496,7775,0.321100,7739,25598,0,0,0,0,0,0,RAW,,COEF,1.12,RARITY,28670,,11.5,,True,True,False,False,True,UNDERPRICED
CRD_DFDF0BC26A204FDE9CDC,님피아 GX,SR,057/051,sm1p_ja-57,sm2-140,EN,17264,102760,0.168000,102760,503500,356250,1,596077,137745,1301500,380000,PSA10 > RAW > PSA9,PSA10 > PSA9 > RAW,COEF,0.388629,RARITY,195675,138449,11.3,8.0,True,True,True,False,True,UNDERPRICED
CRD_017C5386A8B64234B9C7,멜로코,SR,190/187,sv8a_ja-198,sv8pt5-140,JP,629,1598,0.393600,994,1598,18050,2,57434,13152,80740,0,PSA10 > PSA9 > RAW,PSA10 > RAW,COEF,0.388629,RARITY,621,7015,1.0,11.2,False,False,True,False,True,UNDERPRICED
CRD_36CCEEAEBFE444AF8E74,팬텀 EX,SR,090/088,xy4_ja-90,xy4-114,EN,148589,1105574,0.134400,1100458,4275000,0,0,11380446,741644,11875000,0,PSA10 > RAW > PSA9,PSA10,COEF,0.388629,RARITY,1661389,,11.2,,True,True,False,False,True,UNDERPRICED
CRD_3F0CF7904DE24591A85C,네크로즈마 GX,SR,053/051,sm3n_ja-53,sm3-134,EN,1203,7160,0.168000,7127,34555,0,0,46094,0,0,0,PSA10 > RAW,,COEF,0.388629,RARITY,13429,,11.2,,True,True,False,False,True,UNDERPRICED
CRD_808A9BA456B1456EA2A4,M후딘 EX,SR,081/078,xy10_ja-81,xy10-118,EN,16512,122857,0.134400,122857,475000,0,0,881048,374486,0,0,PSA10 > RAW > PSA9,,COEF,0.388629,RARITY,184599,,11.2,,True,True,False,False,True,UNDERPRICED
CRD_F87EEB047E184C71A2CE,한카리아스&기라티나 GX,SR,060/054,sm10a_ja-60,smp-SM193,JP,19755,251983,0.078400,147333,251983,570000,6,1217215,144875,1534772,342000,PSA10 > RAW > PSA9,PSA10 > RAW > PSA9,COEF,0.388629,RARITY,97928,221519,5.0,11.2,False,True,True,False,True,UNDERPRICED
CRD_3B37F7C8EEF44621A6E1,파비코,S,202/150,sm8b_ja-202,sma-SV42,EN,2487,7744,0.321100,7708,24568,0,0,58386,0,0,0,PSA10 > RAW,,COEF,1.12,RARITY,27516,,11.1,,True,True,False,False,True,UNDERPRICED
CRD_DFCF50A9D81E409E9EB8,그란돈 EX,SR,073/070,xy5g_ja-73,xy5-150,EN,22234,165433,0.134400,164667,401405,633327,1,1861369,401513,0,0,PSA10 > PSA9 > RAW,RAW,COEF,0.388629,RARITY,155998,246129,7.0,11.1,True,True,True,False,True,UNDERPRICED
CRD_16D569A705C64B95885E,M얼음귀신 EX,SR,061/059,xy8b_ja-61,xy8-156,EN,4339,32281,0.134400,32132,122918,0,0,360443,311137,0,0,PSA10 > PSA9 > RAW,,COEF,0.388629,RARITY,47769,,11.0,,True,True,False,False,True,UNDERPRICED
CRD_517D349E079B4F5E83C7,라티오스 EX,SR,082/078,xy6_ja-82,xy6-101,EN,12801,95246,0.134400,94806,361000,0,0,1542718,150898,1139990,0,PSA10 > RAW > PSA9,PSA10,COEF,0.388629,RARITY,140295,,11.0,,True,True,False,False,True,UNDERPRICED
CRD_A0F533475FB645238571,이상해꽃&주리비얀 GX,SR,066/064,sm11a_ja-66,smp-SM229,JP,6624,84491,0.078400,170764,84491,188100,1,379726,118140,425116,139650,PSA10 > PSA9 > RAW,PSA10 > RAW > PSA9,COEF,0.388629,RARITY,32836,73101,5.0,11.0,False,True,True,False,True,UNDERPRICED
CRD_612B2096761E42C3A8A3,메더 ex,RR,758/742,NO_JP,me2pt5-252,EN,220,1168,0.188200,1169,0,10450,2,0,0,76000,0,,PSA10 > RAW,COEF,0.228936,RARITY,,2392,,10.9,False,False,True,False,True,UNDERPRICED
CRD_C0B9156965764BADB0C5,레시라무&리자몽 GX,SR,096/095,sm10_ja-96,sm10-194,JP,7412,94540,0.078400,135180,94540,207100,4,497697,89300,683525,126664,PSA10 > RAW > PSA9,PSA10 > RAW > PSA9,COEF,0.388629,RARITY,36741,80485,5.0,10.9,False,True,True,False,True,UNDERPRICED
CRD_646451564B014C19BB2E,피카츄 EX,SR,107/100,cp6_ja-94,xyp-XY124,EN,83229,619263,0.134400,616397,2304720,0,0,14374062,3062666,12064990,3966250,PSA10 > PSA9 > RAW,PSA10 > PSA9,COEF,0.388629,RARITY,895681,,10.8,,True,True,False,False,True,UNDERPRICED
CRD_74FA58390E8E48D397F0,조로아크 GX,SR,076/072,sm3p_ja-76,smp-SM84,EN,1376,8189,0.168000,8152,38412,0,0,0,0,0,0,RAW,,COEF,0.388629,RARITY,14928,,10.8,,True,True,False,False,True,UNDERPRICED
CRD_918A096A622440B6B1CE,파이어&썬더&프리져 GX,SR,059/054,sm10b_ja-59,sm115-66,JP,5195,66268,0.078400,67482,66268,142500,2,272356,108552,558382,104500,PSA10 > PSA9 > RAW,PSA10 > RAW > PSA9,COEF,0.388629,RARITY,25754,55380,5.0,10.7,False,True,True,False,True,UNDERPRICED
CRD_D2A40714424C4D3E9F8C,비주기의 계획,SR,064/059,xy8r_ja-64,xy8-162,EN,5002,37214,0.134400,37041,138283,0,0,702678,0,416936,171000,PSA10 > RAW,PSA10 > PSA9,COEF,0.388629,RARITY,53741,,10.7,,True,True,False,False,True,UNDERPRICED
CRD_7F78F4DCAE1340BCA119,다크라이 EX,RR,072/171,xy_ja-72,xy9-74,EN,2467,13106,0.188200,13046,27657,114000,1,761495,76809,306850,85500,PSA10 > PSA9 > RAW,PSA10 > RAW > PSA9,COEF,0.228936,RARITY,6332,26099,2.6,10.6,True,True,True,False,True,UNDERPRICED
CRD_A416CBFC4F164B6BA7E4,코일,S,187/150,sm8b_ja-187,sma-SV27,EN,1401,4364,0.321100,4343,13214,0,0,0,0,0,0,RAW,,COEF,1.12,RARITY,14800,,10.6,,True,True,False,False,True,UNDERPRICED
CRD_B04734F496D84C34A6EA,자포코일,S,189/150,sm8b_ja-189,sma-SV29,EN,1268,3949,0.321100,3930,12000,0,0,76824,33634,0,0,PSA10 > PSA9 > RAW,,COEF,1.12,RARITY,13440,,10.6,,True,True,False,False,True,UNDERPRICED
CRD_9BC1A3BF1D4A4EEE8BE3,전룡 EX,SR,085/081,xy7_ja-85,xy7-87,EN,7042,52394,0.134400,52152,190000,0,0,543622,0,475000,0,PSA10 > RAW,PSA10,COEF,0.388629,RARITY,73840,,10.5,,True,True,False,False,True,UNDERPRICED
CRD_D94E04ECD5514CC887E1,수련,SR,120/114,sm4p_ja-118,sm5-150,EN,11515,68542,0.168000,68542,307296,0,0,1997747,360535,1994810,484490,PSA10 > PSA9 > RAW,PSA10 > PSA9,COEF,0.388629,RARITY,119424,,10.4,,True,True,False,False,True,UNDERPRICED
CRD_65B86BDD091845B6B9B3,루나아라 GX,SR,062/060,sm1m_ja-62,sm1-141,EN,1784,10617,0.168000,10568,47500,0,0,88870,12476,285000,0,PSA10 > RAW > PSA9,PSA10,COEF,0.388629,RARITY,18460,,10.3,,True,True,False,False,True,UNDERPRICED
CRD_795EDB8C9C91475EBBBD,재인,SR,064/059,xy8b_ja-64,xy8-161,EN,7062,52548,0.134400,52304,186298,0,0,1123997,459408,1292000,0,PSA10 > PSA9 > RAW,PSA10,COEF,0.388629,RARITY,72401,,10.3,,True,True,False,False,True,UNDERPRICED
CRD_331B23CD1B3542C09584,피카츄&제크로무 GX,SR,100/095,sm9_ja-100,sm9-162,JP,10841,138283,0.078400,224357,138283,285000,9,898918,157474,1055688,328462,PSA10 > PSA9 > RAW,PSA10 > PSA9 > RAW,COEF,0.388629,RARITY,53741,110759,5.0,10.2,False,True,True,False,True,UNDERPRICED
CRD_4BDF5407844B4C4399F9,루기아 GX,SR,100/095,sm8_ja-100,sm8-207,JP,9031,115190,0.078400,168297,115190,237500,3,918416,204214,760000,223240,PSA10 > PSA9 > RAW,PSA10 > RAW > PSA9,COEF,0.388629,RARITY,44766,92299,5.0,10.2,False,True,True,False,True,UNDERPRICED
CRD_B02D8C31DB1A44969F52,가이오가 EX,SR,072/070,xy5t_ja-72,xy5-148,EN,25491,189663,0.134400,188785,665000,0,0,1691741,360335,1330000,536740,PSA10 > RAW > PSA9,PSA10 > PSA9,COEF,0.388629,RARITY,258438,,10.1,,True,True,False,False,True,UNDERPRICED
CRD_5B5AD56134634293963C,루기아 ex,RR,097/175,NO_JP,sv8pt5-82,EN,399,2120,0.188200,2111,0,17480,2,0,0,97366,0,,PSA10 > RAW,COEF,0.228936,RARITY,,4002,,10.0,False,False,True,False,True,UNDERPRICED
CRD_8EAE0303CE1A4A19A2DB,라이츄&알로라라이츄 GX,SR,056/054,sm10a_ja-56,sm11-220,JP,4870,62120,0.078400,79282,62120,123500,3,233484,54975,536750,0,PSA10 > RAW > PSA9,PSA10 > RAW,COEF,0.388629,RARITY,24142,47996,5.0,9.9,False,True,True,False,True,UNDERPRICED
CRD_E0218102B7A74B0FBB22,피아나,SR,059/053,sm6a_ja-59,sm75-70,EN,15643,93111,0.168000,93111,399000,0,0,726647,152250,741000,313500,PSA10 > RAW > PSA9,PSA10 > PSA9,COEF,0.388629,RARITY,155063,,9.9,,True,True,False,False,True,UNDERPRICED
CRD_A6E8EAA77BE24D74AEA7,체렌,SR,063/059,bw6f_ja-63,bw7-148,EN,9397,93971,0.100000,93971,237500,0,0,414850,259404,406600,0,PSA10 > PSA9 > RAW,PSA10,COEF,0.388629,RARITY,92299,,9.8,,True,True,False,False,True,UNDERPRICED
CRD_3B1892201B8240FAA691,땅밑탐험대,SR,075/066,sm6b_ja-73,sm7-168,EN,9597,57126,0.168000,57126,237500,0,0,271143,77392,351500,0,PSA10 > RAW > PSA9,PSA10,COEF,0.388629,RARITY,92299,,9.6,,True,True,False,False,True,UNDERPRICED
CRD_44A13E89FE7A4D61BDE0,헬가 EX,SR,060/059,xy8r_ja-60,xy8-153,EN,7659,56988,0.134400,56724,190000,0,0,445564,122918,332500,0,PSA10 > RAW > PSA9,PSA10,COEF,0.388629,RARITY,73840,,9.6,,True,True,False,False,True,UNDERPRICED
CRD_6DB5111B654B472DAE5B,볼케니온 EX,SR,055/054,xy11f_ja-55,xy11-107,EN,1706,12691,0.134400,12633,42253,0,0,226139,0,313262,0,PSA10 > RAW,PSA10,COEF,0.388629,RARITY,16421,,9.6,,True,True,False,False,True,UNDERPRICED
CRD_9B8E69E27F554FA08F77,글레이시아 GX,SR,067/066,sm5m_ja-67,sm5-141,JP,3854,49152,0.078400,62811,49152,94990,1,160685,63457,266000,0,PSA10 > PSA9 > RAW,PSA10 > RAW,COEF,0.388629,RARITY,19102,36916,5.0,9.6,False,True,True,False,True,UNDERPRICED
CRD_3D1314647FED4C4BB1D1,루가루암 GX,SR,054/049,sm2p_ja-54,sm3-136,EN,942,5608,0.168000,5582,23032,0,0,0,0,0,0,RAW,,COEF,0.388629,RARITY,8951,,9.5,,True,True,False,False,True,UNDERPRICED
CRD_44A1BB145FB243139F1C,흑마 버드렉스 VMAX,HR,086/070,swsh6k_ja-86,swsh6-205,EN,38818,108491,0.357800,108491,430199,855000,1,719349,460821,1021250,724375,PSA10 > PSA9 > RAW,PSA10 > RAW > PSA9,COEF,0.432255,RARITY,185956,369578,4.8,9.5,True,True,True,False,True,UNDERPRICED
CRD_A87D1D76614640AC9160,M피죤투 EX,RR,065/100,cp6_ja-63,xy12-65,EN,1472,7821,0.188200,7784,59769,0,0,139282,32235,0,0,PSA10 > RAW > PSA9,,COEF,0.228936,RARITY,13683,,9.3,,True,True,False,False,True,UNDERPRICED
CRD_D845279FDA5B4030B495,한바이트,S,199/150,sm8b_ja-199,sma-SV39,EN,2403,7483,0.321100,7448,19974,0,0,0,0,0,0,RAW,,COEF,1.12,RARITY,22371,,9.3,,True,True,False,False,True,UNDERPRICED
CRD_02F5CFB869144C589BF7,음번 GX,SR,055/051,sm3h_ja-55,sm3-141,EN,1404,8358,0.168000,8320,33250,0,0,50458,0,0,0,PSA10 > RAW,,COEF,0.388629,RARITY,12922,,9.2,,True,True,False,False,True,UNDERPRICED
CRD_96F78E077FFB4F7BADB9,큐레무 EX,SR,084/081,xy7_ja-84,xy7-86,EN,7201,53577,0.134400,53329,171000,0,0,444043,0,0,0,PSA10 > RAW,,COEF,0.388629,RARITY,66456,,9.2,,True,True,False,False,True,UNDERPRICED
CRD_B56B12EB53F4412BA2DA,피카츄,AR,205/172,swsh12a_ja-205,swsh12pt5gg-GG30,EN,28697,83446,0.343900,83446,327777,494000,44,857924,282067,931000,427490,PSA10 > RAW > PSA9,PSA10 > RAW > PSA9,COEF,0.535789,RARITY,175619,264680,6.1,9.2,True,True,True,False,True,UNDERPRICED
CRD_ADFC6A38AABB4ACE85F4,롤러스케이터,SR,072/064,sm11a_ja-73,sm12-235,JP,1623,20696,0.078400,32097,20696,38000,1,69925,26566,99740,0,PSA10 > PSA9 > RAW,PSA10 > RAW,COEF,0.388629,RARITY,8043,14768,5.0,9.1,False,True,True,False,True,UNDERPRICED
CRD_D8668F914B2643658274,주즈베&담죽맨,SR,200/173,sm12a_ja-194,NO_EN,JP,5904,75303,0.078400,0,75303,137750,1,192290,76532,137750,0,PSA10 > PSA9 > RAW,RAW > PSA10,COEF,0.388629,RARITY,29265,53534,5.0,9.1,False,True,True,False,True,UNDERPRICED
CRD_22BC9BEDDB4B49D88171,가라르 가로막구리,CHR,207/184,swsh8b_ja-207,swsh10tg-TG10,JP,2665,2858,0.932500,3594,2858,21375,1,61490,13490,64600,0,PSA10 > PSA9 > RAW,PSA10 > RAW,COEF,1.12,RARITY,3201,23940,1.2,9.0,False,True,True,False,True,UNDERPRICED
CRD_EE1FFF9039E742F39F0C,M썬더볼트 EX,RR,174/171,xy_ja-174,xy4-24a,EN,3918,20819,0.188200,20819,153571,0,0,361088,0,285000,0,PSA10 > RAW,PSA10,COEF,0.228936,RARITY,35158,,9.0,,True,True,False,False,True,UNDERPRICED
CRD_D0DC4C237DF94E399FBC,오케이징,S,177/150,sm8b_ja-177,sma-SV17,EN,1066,3319,0.321100,3303,8451,0,0,0,0,0,0,RAW,,COEF,1.12,RARITY,9465,,8.9,,True,True,False,False,True,UNDERPRICED
CRD_AC9AF80490804185A362,키아웨,SR,056/051,sm3h_ja-56,sm3-144,EN,2504,14904,0.168000,14904,57000,0,0,230457,0,0,0,PSA10 > RAW,,COEF,0.388629,RARITY,22152,,8.8,,True,True,False,False,True,UNDERPRICED
CRD_0FFEF15EE9E045CABE6F,연격 우라오스 VMAX,HR,084/070,swsh5r_ja-84,swsh5-170,EN,42578,119000,0.357800,119000,855000,0,0,708824,0,940500,655500,RAW > PSA10,PSA10 > PSA9,COEF,0.432255,RARITY,369578,,8.7,,True,True,False,False,True,UNDERPRICED
CRD_97550D8F6FD846C1809E,블루의 탐색,SR,062/054,sm9b_ja-61,sm10-209,JP,12046,153648,0.078400,166785,153648,266000,1,559586,161284,573562,254600,PSA10 > PSA9 > RAW,PSA10 > RAW > PSA9,COEF,0.388629,RARITY,59712,103375,5.0,8.6,False,True,True,False,True,UNDERPRICED
CRD_CEE20BD28DB542FEB5E3,야돈&고라파덕 GX,SR,095/094,sm11_ja-95,sm11-217,JP,8356,106586,0.078400,205258,106586,184062,5,431812,72845,674500,188100,PSA10 > RAW > PSA9,PSA10 > PSA9 > RAW,COEF,0.388629,RARITY,41422,71532,5.0,8.6,False,True,True,False,True,UNDERPRICED
CRD_E1B6948E73434311B499,피카츄 EX,RR,008/027,cp2_ja-8,xyp-XY84,JP,24750,61444,0.402800,96182,61444,931000,1,1832590,403126,1615000,712500,PSA10 > PSA9 > RAW,PSA10 > RAW > PSA9,COEF,0.228936,RARITY,14067,213139,0.6,8.6,False,False,True,False,True,UNDERPRICED
CRD_1123601A6CCD4FB19606,뮤 EX,SR,051/050,bw5s_ja-51,bw6-120,EN,65071,650715,0.100000,647703,1425000,0,0,4609440,1148534,7916664,3325000,PSA10 > RAW > PSA9,PSA10 > PSA9,COEF,0.388629,RARITY,553796,,8.5,,True,True,False,False,True,UNDERPRICED
CRD_4145122B76D44C99ACC5,개굴닌자&조로아크 GX,SR,059/055,sm9a_ja-59,sm10-201,JP,19876,253519,0.078400,476078,253519,427500,1,965632,194426,1073500,350968,PSA10 > RAW > PSA9,PSA10 > RAW > PSA9,COEF,0.388629,RARITY,98525,166139,5.0,8.4,False,True,True,False,True,UNDERPRICED
CRD_4CCBCECB375543B99CEB,아크로마플라스마단,SR,075/070,bw7_ja-75,bw8-135,EN,14956,149561,0.100000,148869,323000,0,0,460944,0,332500,0,PSA10 > RAW,PSA10,COEF,0.388629,RARITY,125527,,8.4,,True,True,False,False,True,UNDERPRICED
CRD_C3474CAADA7145DF9485,피죤투 EX,RR,064/100,cp6_ja-62,xy12-64,EN,489,2597,0.188200,2585,18050,0,0,74396,14504,0,0,PSA10 > RAW > PSA9,,COEF,0.228936,RARITY,4132,,8.4,,True,True,False,False,True,UNDERPRICED
CRD_DF1BC7CED4E14C938183,운향,SAR,100/073,sv1a_ja-99,sv2-266,EN,3877,17331,0.223700,17331,76363,86450,6,126775,54929,186827,85500,PSA10 > RAW > PSA9,PSA10 > RAW > PSA9,COEF,0.376892,RARITY,28781,32582,7.4,8.4,True,True,True,False,True,UNDERPRICED
CRD_5E2DD9D7EE3942628E86,괴력몬 EX,SR,088/081,xy7_ja-88,xy7-90,EN,5334,39687,0.134400,39183,114000,0,0,197545,104358,356250,0,PSA10 > RAW > PSA9,PSA10,COEF,0.388629,RARITY,44304,,8.3,,True,True,False,False,True,UNDERPRICED
CRD_1EDE2D3DF6644957B409,기라티나(프리즘스타),PR,030/066,sm5m_ja-30,sm5-58,JP,1101,12876,0.085500,25846,12876,105554,1,434563,77623,340100,69350,PSA10 > PSA9 > RAW,PSA10 > RAW > PSA9,COEF,0.085544,RARITY,1101,9030,1.0,8.2,False,False,True,False,True,UNDERPRICED
CRD_EE3C7F73629F436FA9B6,비주기의 추방,SR,106/095,sm10_ja-105,sm115-67,EN,1136,6761,0.168000,6729,23984,0,0,76778,28824,199490,42750,PSA10 > PSA9 > RAW,PSA10 > PSA9,COEF,0.388629,RARITY,9321,,8.2,,True,True,False,False,True,UNDERPRICED
CRD_24798C163B48423E9689,루티아의 어필,SAR,090/064,sv7a_ja-91,sv8-246,EN,10923,48829,0.223700,48829,119938,235600,15,317206,90299,399000,175750,PSA10 > RAW > PSA9,PSA10 > RAW > PSA9,COEF,0.376892,RARITY,45204,88796,4.1,8.1,True,True,True,False,True,UNDERPRICED
CRD_70AB4EE68E7847EB9537,칠색조 GX,SR,053/051,sm3h_ja-53,sm3-131,EN,4308,25644,0.168000,25525,85500,90240,2,177125,0,494000,168882,PSA10 > RAW,PSA10 > PSA9 > RAW,COEF,0.388629,RARITY,33228,35070,7.7,8.1,True,True,True,False,True,UNDERPRICED
CRD_C5C15088983B4338BFDC,이상해꽃 ex,RR,003/165,sv2a_ja-3,sv3pt5-3,EN,347,1844,0.188200,1835,784,12350,1,54960,22325,52250,0,PSA10 > PSA9 > RAW,PSA10 > RAW,COEF,0.228936,RARITY,179,2827,0.5,8.1,False,False,True,False,True,UNDERPRICED
CRD_CCC9B1752D4045849237,라이츄 GX,RR,022/080,NO_JP,sm115-20,EN,761,4041,0.188200,4022,0,26600,1,0,0,121382,0,,PSA10 > RAW,COEF,0.228936,RARITY,,6090,,8.0,False,False,True,False,True,UNDERPRICED
CRD_3E81F48F8E78476C8639,짜랑고우거 GX,SR,054/050,sm2k_ja-54,sm2-141,EN,1446,8604,0.168000,8564,29577,0,0,0,16133,0,0,RAW > PSA9,,COEF,0.388629,RARITY,11494,,7.9,,True,True,False,False,True,UNDERPRICED
CRD_75B006ABADD148E0A5BB,가디안 GX,SR,055/051,sm3n_ja-55,sm3-140,EN,4646,27657,0.168000,27428,72138,95000,1,220546,16901,150100,0,PSA10 > RAW > PSA9,PSA10 > RAW,COEF,0.388629,RARITY,28035,36920,6.0,7.9,True,True,True,False,True,UNDERPRICED
CRD_7F76FC1F996A4ADAAB21,일격 우라오스 VMAX,HR,085/070,swsh5i_ja-85,swsh5-168,EN,18202,50873,0.357800,50873,230472,331540,2,564487,261171,760000,399000,PSA10 > PSA9 > RAW,PSA10 > PSA9 > RAW,COEF,0.432255,RARITY,99623,143310,5.5,7.9,True,True,True,False,True,UNDERPRICED
CRD_17916E8A74A842A69743,배틀 리포터,SR,101/096,xy3_ja-103,xy3-109,EN,3044,22648,0.134400,22543,61459,0,0,210313,53869,188100,0,PSA10 > RAW > PSA9,PSA10,COEF,0.388629,RARITY,23885,,7.8,,True,True,False,False,True,UNDERPRICED
CRD_25A858D01145493BB66AF82B8EA32B7C,메가리자몽Y ex,MUR,766/742,NO_JP,me2pt5-294,EN,775632,943706,0.821900,943706,0,12350000,14,0,0,31825000,8117750,,PSA10 > RAW > PSA9,COEF,0.487134,RARITY,,6016105,,7.8,False,False,True,False,True,UNDERPRICED
CRD_B837D3F1A54647279AEC,뮤 EX,SR,024/025,sc1_ja-24,bw11-RC24,EN,26647,266472,0.100000,265239,537768,0,0,11074026,710284,8526250,2090000,PSA10 > PSA9 > RAW,PSA10 > PSA9,COEF,0.388629,RARITY,208992,,7.8,,True,True,False,False,True,UNDERPRICED
CRD_3C0A4BD7A21440D38FB0,M가디안 EX,SR,076/070,xy5t_ja-76,xy5-156,EN,19225,143046,0.134400,142384,307281,380000,1,1175269,0,950000,0,PSA10 > RAW,PSA10 > RAW,COEF,0.388629,RARITY,119418,147679,6.2,7.7,True,True,True,False,True,UNDERPRICED
CRD_AF75DCD7E11042F68065,디아루가 GX,SR,069/066,sm5s_ja-69,sm5-146,JP,2403,30653,0.078400,29685,30653,47490,1,199742,53700,266000,0,PSA10 > PSA9 > RAW,PSA10 > RAW,COEF,0.388629,RARITY,11913,18456,5.0,7.7,False,True,True,False,True,UNDERPRICED
CRD_054B8B1A8D90438899B1,보스로라 EX,SR,075/070,xy5g_ja-75,xy5-153,EN,7822,58202,0.134400,57933,152000,0,0,505548,161899,0,0,PSA10 > PSA9 > RAW,,COEF,0.388629,RARITY,59072,,7.6,,True,True,False,False,True,UNDERPRICED
CRD_1A87BECFAC1647F98FBC,두랄루돈 VMAX,HR,083/067,swsh7d_ja-83,swsh7-220,EN,10500,29347,0.357800,29347,169013,185250,2,306297,153479,345316,0,PSA10 > RAW > PSA9,PSA10 > RAW,COEF,0.432255,RARITY,73057,80075,7.0,7.6,True,True,True,False,True,UNDERPRICED
CRD_403F30AD7CEB4458A3BA,유리카,SR,101/094,sm6_ja-102,sm6-128,EN,6789,40409,0.168000,40409,133000,108300,1,183502,107538,226081,0,PSA10 > RAW > PSA9,PSA10 > RAW,COEF,0.388629,RARITY,51688,42089,7.6,6.2,True,True,True,False,True,UNDERPRICED
CRD_94600282DA1043CC8FAF,구즈마,SR,056/051,sm3n_ja-56,sm3-143,EN,6280,37383,0.168000,37383,123500,0,0,338026,28425,142490,0,PSA10 > RAW > PSA9,PSA10,COEF,0.388629,RARITY,47996,,7.6,,True,True,False,False,True,UNDERPRICED
CRD_EFEE7C6C9BA44AF98AF2,이상해꽃 EX,RR,001/100,cp6_ja-1,xy12-1,EN,1423,7559,0.188200,7525,17224,47500,1,138406,37874,0,0,PSA10 > PSA9 > RAW,RAW,COEF,0.228936,RARITY,3943,10874,2.8,7.6,True,True,True,False,True,UNDERPRICED
CRD_4E19D3DA09F7478A8AE4,칼라마네로 EX,SR,091/088,xy4_ja-91,xy4-115,EN,4000,29762,0.134400,29624,76809,0,0,288950,0,142500,0,PSA10 > RAW,PSA10,COEF,0.388629,RARITY,29850,,7.5,,True,True,False,False,True,UNDERPRICED
CRD_BC975C84189F46CDAFBF,난천,SR,070/066,sm5m_ja-70,sm5-148,EN,60167,358138,0.168000,358138,1140000,760000,1,1693524,601916,1206490,731500,PSA10 > RAW > PSA9,PSA10 > RAW > PSA9,COEF,0.388629,RARITY,443037,295358,7.4,4.9,True,True,True,False,True,UNDERPRICED
CRD_279CE3C2D7CE469A85E7,메탕,S,190/150,sm8b_ja-190,sma-SV30,EN,1406,4379,0.321100,4359,9219,0,0,0,0,0,0,RAW,,COEF,1.12,RARITY,10325,,7.3,,True,True,False,False,True,UNDERPRICED
CRD_7DA779D04F114E638002,세비퍼,S,175/150,sm8b_ja-175,sma-SV15,EN,1056,3288,0.321100,3273,6883,0,0,0,0,0,0,RAW,,COEF,1.12,RARITY,7709,,7.3,,True,True,False,False,True,UNDERPRICED
CRD_D264A2B826384DCCB7D7,가이오가 V,PR,S-P 177,swshp_ja-296,swsh12pt5-37,EN,498,1552,0.321100,1545,15534,42750,5,142140,24584,165300,0,PSA10 > PSA9 > RAW,PSA10 > RAW,COEF,0.085544,RARITY,1329,3657,2.7,7.3,True,True,True,False,True,UNDERPRICED
CRD_4B0D00B3E615450ABC4E,모야모,SAR,095/071,sv2d_ja-96,sv2-269,EN,24517,109597,0.223700,109597,466568,446500,18,746330,471469,803605,379990,PSA10 > PSA9 > RAW,PSA10 > RAW > PSA9,COEF,0.376892,RARITY,175846,168282,7.2,6.9,True,True,True,False,True,UNDERPRICED
CRD_217D78A666514D618747,알로라식스테일,S,168/150,sm8b_ja-168,sma-SV8,EN,6887,21449,0.321100,21449,43790,0,0,55267,53761,0,0,PSA10 > PSA9 > RAW,,COEF,1.12,RARITY,49045,,7.1,,True,True,False,False,True,UNDERPRICED
CRD_624C4EA100C746ABB72D,스핀로토무,AR,213/193,m2a_ja-213,NO_EN,JP,715,1521,0.470300,0,1521,9500,2,57219,13936,63488,28500,PSA10 > PSA9 > RAW,PSA10 > PSA9 > RAW,COEF,0.535789,RARITY,815,5090,1.1,7.1,False,True,True,False,True,UNDERPRICED
CRD_E930F6192B8A47DA8248,카푸브루루 GX,SR,050/049,sm2p_ja-50,sm3-130,EN,1089,6484,0.168000,6454,19950,0,0,0,15365,0,0,RAW > PSA9,,COEF,0.388629,RARITY,7753,,7.1,,True,True,False,False,True,UNDERPRICED
CRD_482D1C2F5F0041739B92,나인테일 BREAK,RR,016/100,cp6_ja-16,xy12-16,EN,1313,6976,0.188200,6943,39933,0,0,206180,27780,0,0,PSA10 > RAW > PSA9,,COEF,0.228936,RARITY,9142,,7.0,,True,True,False,False,True,UNDERPRICED
CRD_693D655002B04679AF62,메가리자몽Y ex,RR,085/742,NO_JP,me2pt5-22,EN,2472,13137,0.188200,13076,0,75525,29,0,0,372875,143450,,PSA10 > PSA9 > RAW,COEF,0.228936,RARITY,,17290,,7.0,False,False,True,False,True,UNDERPRICED
CRD_7FFB3A5460DC46489885,쌍검킬,AR,091/080,m3_ja-91,me3-98,JP,1496,3181,0.470300,5062,3181,19475,3,121136,30714,66481,0,PSA10 > PSA9 > RAW,PSA10 > RAW,COEF,0.535789,RARITY,1704,10434,1.1,7.0,False,True,True,False,True,UNDERPRICED
CRD_C3E06830FAAA4837AB25,아리아도스,CHR,205/184,swsh8b_ja-205,swsh9tg-TG09,JP,2163,2320,0.932500,3930,2320,13300,1,49813,19974,64600,0,PSA10 > PSA9 > RAW,PSA10 > RAW,COEF,1.12,RARITY,2598,14896,1.2,6.9,False,True,True,False,True,UNDERPRICED
CRD_45F4859A17FA4968BCF6,딱구리 ex,RR,076/165,sv2a_ja-76,sv3pt5-76,EN,318,1690,0.188200,1682,676,9500,1,59938,22817,0,0,PSA10 > PSA9 > RAW,RAW,COEF,0.228936,RARITY,155,2175,0.5,6.8,False,False,True,False,True,UNDERPRICED
CRD_CA05CA30ECC64AAA9103,M엘레이드 EX,SR,081/078,xy6_ja-81,xy6-100,EN,12289,91436,0.134400,91013,215092,0,0,749418,119845,0,0,PSA10 > RAW > PSA9,,COEF,0.388629,RARITY,83591,,6.8,,True,True,False,False,True,UNDERPRICED
CRD_F1CB7ED5CD064F76B004,M헬가 EX,SR,061/059,xy8r_ja-61,xy8-154,EN,12520,93157,0.134400,92726,215107,0,0,493087,0,475000,0,PSA10 > RAW,PSA10,COEF,0.388629,RARITY,83597,,6.7,,True,True,False,False,True,UNDERPRICED
CRD_318B01AFB53C42318601,더시마사리 GX,SR,056/051,sm1p_ja-56,sm2-136,EN,1180,7022,0.168000,6989,19974,0,0,0,0,0,0,RAW,,COEF,0.388629,RARITY,7762,,6.6,,True,True,False,False,True,UNDERPRICED
CRD_6F30F6948BD54C099B7B,남나리의 도움,SR,196/165,sv2a_ja-198,sv3pt5-195,JP,1119,2842,0.393600,5582,2842,18990,7,61367,12615,104500,28500,PSA10 > PSA9 > RAW,PSA10 > PSA9 > RAW,COEF,0.388629,RARITY,1104,7380,1.0,6.6,False,False,True,False,True,UNDERPRICED
CRD_B270EBD54E8C47AF8BA8,주혜,SAR,242/172,swsh12a_ja-236,swsh12pt5gg-GG63,EN,2616,11693,0.223700,11639,30760,45600,10,98919,41977,147250,46550,PSA10 > PSA9 > RAW,PSA10 > PSA9 > RAW,COEF,0.376892,RARITY,11593,17186,4.4,6.6,True,True,True,False,True,UNDERPRICED
CRD_144F4E4E8E2B4DBD8115,괴력몬 GX,SR,053/049,sm2p_ja-53,sm3-135,EN,1877,11170,0.168000,11119,31350,0,0,35339,23047,0,0,PSA10 > RAW > PSA9,,COEF,0.388629,RARITY,12184,,6.5,,True,True,False,False,True,UNDERPRICED
CRD_828E8D059DF7414D891B,뮤 ex,SAR,205/165,sv2a_ja-205,svp-53,EN,28349,126729,0.223700,126729,339562,490827,44,884106,372520,933375,361000,PSA10 > PSA9 > RAW,PSA10 > RAW > PSA9,COEF,0.376892,RARITY,127978,184989,4.5,6.5,True,True,True,False,True,UNDERPRICED
CRD_AFBD5F78887542BAB486,마적의 히든볼트릭,SR,077/070,xy5g_ja-78,xy5-158,EN,3667,27288,0.134400,27162,61459,0,0,515259,0,0,0,PSA10 > RAW,,COEF,0.388629,RARITY,23885,,6.5,,True,True,False,False,True,UNDERPRICED
CRD_4E35CE088AB142C69436D3D5EB25F6E7,카르본,AR,083/080,m2_ja-83,mep-22,JP,1315,2796,0.470300,4316,2796,15675,2,66468,22678,64600,29925,PSA10 > PSA9 > RAW,PSA10 > PSA9 > RAW,COEF,0.535789,RARITY,1498,8398,1.1,6.4,False,True,True,False,True,UNDERPRICED
CRD_7C41E202DFC4497C81E0,이상해꽃 ex,RR,003/049,NO_JP,sv7-1,EN,341,1813,0.188200,1805,0,9500,2,0,0,87229,0,,PSA10 > RAW,COEF,0.228936,RARITY,,2175,,6.4,False,False,True,False,True,UNDERPRICED
CRD_B7B757AF0B3E44FB9C36,마기라스 EX,SR,089/081,xy7_ja-89,xy7-91,EN,21877,162775,0.134400,162021,361000,0,0,823000,0,931000,0,PSA10 > RAW,PSA10,COEF,0.388629,RARITY,140295,,6.4,,True,True,False,False,True,UNDERPRICED
CRD_C4F64FFCE1CF446580D4,사나,SR,077/067,swsh7r_ja-77,swsh8-263,EN,5195,5808,0.894500,5781,43482,85500,3,132107,41393,180025,85500,PSA10 > RAW > PSA9,PSA10 > RAW > PSA9,COEF,0.388629,RARITY,16898,33228,3.3,6.4,True,True,True,False,True,UNDERPRICED
CRD_7C977A54E4F7492996C5,엘레이드 EX,SR,080/078,xy6_ja-80,xy6-99,EN,3678,27365,0.134400,27238,59154,0,0,291025,33987,0,0,PSA10 > RAW > PSA9,,COEF,0.388629,RARITY,22989,,6.3,,True,True,False,False,True,UNDERPRICED
CRD_3ABA99E638CD43358D1A,라프라스 GX,SR,061/060,sm1s_ja-61,sm1-139,EN,2395,14259,0.168000,14193,38000,0,0,150575,73521,0,0,PSA10 > PSA9 > RAW,,COEF,0.388629,RARITY,14768,,6.2,,True,True,False,False,True,UNDERPRICED
CRD_877457DF732E4A2C8C7F,원시가이오가 EX,SR,073/070,xy5t_ja-73,xy5-149,EN,65534,487602,0.134400,487602,1045000,0,0,2159599,519330,1710000,712500,PSA10 > RAW > PSA9,PSA10 > PSA9,COEF,0.388629,RARITY,406117,,6.2,,True,True,False,False,True,UNDERPRICED
CRD_F502DD41B3C245CCBC78,화석 연구원,SR,103/096,xy3_ja-101,xy3-110,EN,5373,39979,0.134400,39794,85500,0,0,189448,0,0,0,PSA10 > RAW,,COEF,0.388629,RARITY,33228,,6.2,,True,True,False,False,True,UNDERPRICED
CRD_34634E0B83674493958D,메가저리더프 ex,MA,225/193,m2a_ja-225,me2pt5-266,JP,1045,4072,0.256600,7035,4072,24938,19,77946,35984,68400,0,PSA10 > PSA9 > RAW,PSA10 > RAW,COEF,0.256562,RARITY,1045,6398,1.0,6.1,False,False,True,False,True,UNDERPRICED
CRD_70689C813B324C93AC03,M강철톤 EX,SR,057/054,xy11f_ja-57,xy11-109,EN,7318,54453,0.134400,54453,115236,0,0,412161,0,427500,0,PSA10 > RAW,PSA10,COEF,0.388629,RARITY,44784,,6.1,,True,True,False,False,True,UNDERPRICED
CRD_9854903EC2F54EBAB680,데덴네 ex,RR,038/073,sv1a_ja-38,sv2-93,JP,359,891,0.402800,1728,891,9500,1,42745,15365,0,0,PSA10 > PSA9 > RAW,RAW,COEF,0.228936,RARITY,204,2175,0.6,6.1,False,False,True,False,True,UNDERPRICED
CRD_D8CA3FC24E11442D97E0,빠모,AR,340/190,sv4a_ja-340,sv4pt5-226,JP,2695,5731,0.470300,5628,5731,30875,2,64501,0,66490,0,PSA10 > RAW,PSA10 > RAW,COEF,0.535789,RARITY,3071,16542,1.1,6.1,False,True,True,False,True,UNDERPRICED
CRD_49258A0BD56C4E8CAAE1,샤크니아 EX,SR,074/070,xy5t_ja-74,xy5-152,EN,7967,59277,0.134400,59003,123500,0,0,339946,138283,337250,0,PSA10 > PSA9 > RAW,PSA10,COEF,0.388629,RARITY,47996,,6.0,,True,True,False,False,True,UNDERPRICED
CRD_57B8FD435C2148F8854F,괴력몬 BREAK,RR,060/100,cp6_ja-58,xy12-60,EN,1029,5470,0.188200,5445,26888,0,0,144859,70309,0,0,PSA10 > PSA9 > RAW,,COEF,0.228936,RARITY,6156,,6.0,,True,True,False,False,True,UNDERPRICED
CRD_D56048415DA2405E9DBC,피카츄 V,PR,S-P 73,swshp_ja-122,swshp-SWSH061,EN,1071,3334,0.321100,3319,13997,73464,25,222605,38627,266912,66500,PSA10 > PSA9 > RAW,PSA10 > RAW > PSA9,COEF,0.085544,RARITY,1197,6284,1.1,5.9,True,True,True,False,True,UNDERPRICED
CRD_FCE1C605BB654E2BBC63,할라,SR,055/050,sm2k_ja-55,sm2-143,EN,1136,6761,0.168000,6729,17100,0,0,345769,0,0,0,PSA10 > RAW,,COEF,0.388629,RARITY,6646,,5.9,,True,True,False,False,True,UNDERPRICED
CRD_2BAD952E439344719A81,레쿠쟈 VMAX,UR,284/184,swsh8b_ja-284,swsh12tg-TG29,JP,32252,73905,0.436400,62350,73905,377616,20,622689,77070,645364,285000,PSA10 > PSA9 > RAW,PSA10 > RAW > PSA9,COEF,0.491811,RARITY,36347,185716,1.1,5.8,False,True,True,False,True,UNDERPRICED
CRD_330DDDD1228E4170B359,형사구스 GX,SR,064/060,sm1s_ja-64,sm1-145,EN,638,3795,0.168000,3778,9500,0,0,0,12292,0,0,PSA9 > RAW,,COEF,0.388629,RARITY,3692,,5.8,,True,True,False,False,True,UNDERPRICED
CRD_7C280FA0405542028F83,뮤 VMAX,UR,280/184,swsh8b_ja-280,swsh11tg-TG30,JP,23475,53792,0.436400,50258,53792,274550,24,496406,28748,500175,132050,PSA10 > RAW > PSA9,PSA10 > RAW > PSA9,COEF,0.491811,RARITY,26455,135027,1.1,5.8,False,True,True,False,True,UNDERPRICED
CRD_AA80CBBC30D44512BB73,태권왕의 수련,SR,221/193,m2a_ja-220,me2pt5-255,JP,641,1629,0.393600,1629,1629,9500,4,69833,13859,76000,38000,PSA10 > PSA9 > RAW,PSA10 > PSA9 > RAW,COEF,0.388629,RARITY,633,3692,1.0,5.8,False,False,True,False,True,UNDERPRICED
CRD_20A7B2013FDD428ABD1B,매시붕 GX,SR,052/050,sm4s_ja-52,sm4-104,EN,1897,11293,0.168000,11241,27641,0,0,61444,23047,237500,0,PSA10 > RAW > PSA9,PSA10,COEF,0.388629,RARITY,10742,,5.7,,True,True,False,False,True,UNDERPRICED
CRD_31985982AAFB4AECA49A,레쿠쟈 VMAX,HR,082/067,swsh7r_ja-82,swsh7-217,JP,48043,111134,0.432300,178938,111134,633327,13,706489,215107,1383599,430872,PSA10 > PSA9 > RAW,PSA10 > RAW > PSA9,COEF,0.432255,RARITY,48038,273759,1.0,5.7,False,False,True,False,True,UNDERPRICED
CRD_59F6DAA62F9D4244976D,이브이 GX,SR,187/173,sm12a_ja-187,smp-SM242,EN,5152,30668,0.168000,30526,65731,76000,1,244085,75533,351966,82650,PSA10 > PSA9 > RAW,PSA10 > PSA9 > RAW,COEF,0.388629,RARITY,25545,29536,5.0,5.7,True,True,True,False,True,UNDERPRICED
CRD_A4E698560C3F430A9CE4,루카리오 VSTAR,RR,005/021,NO_JP,swshp-SWSH214,EN,844,4487,0.188200,4466,0,20900,9,0,0,171000,0,,PSA10 > RAW,COEF,0.228936,RARITY,,4785,,5.7,False,False,True,False,True,UNDERPRICED
CRD_ACB87F5FA19140FD900F,이벨타르 BREAK,RR,034/054,xy11c_ja-34,xy11-66,EN,2175,11554,0.188200,11501,53777,0,0,158073,50704,0,0,PSA10 > RAW > PSA9,,COEF,0.228936,RARITY,12311,,5.7,,True,True,False,False,True,UNDERPRICED
CRD_B875810CC46C4134A0C8,멜리시,AR,752/742,NO_JP,me2pt5-242,EN,3144,9142,0.343900,9100,0,33402,16,0,0,95000,0,,PSA10 > RAW,COEF,0.535789,RARITY,,17896,,5.7,False,False,True,False,True,UNDERPRICED
CRD_FFAB6C584CD745B9A717,다크라이 EX,RR,072/093,bw4_ja-44,bw5-63,JP,4945,12276,0.402800,16196,12276,123500,1,322599,23969,484500,0,PSA10 > PSA9 > RAW,PSA10 > RAW,COEF,0.228936,RARITY,2810,28274,0.6,5.7,False,False,True,False,True,UNDERPRICED
CRD_54079F1439374F52BCF7,레쿠쟈 VMAX,HR,083/067,swsh7r_ja-83,swsh7-218,EN,564805,1578549,0.357800,1578549,3841200,7125000,1,10848302,4571243,11400000,6982500,PSA10 > PSA9 > RAW,PSA10 > RAW > PSA9,COEF,0.432255,RARITY,1660378,3079817,2.9,5.5,True,True,True,False,True,UNDERPRICED
CRD_68C455E4A71E4DBA86E7,리자몽 GX,RR,011/080,NO_JP,sm115-9,EN,3664,19467,0.188200,19467,0,86450,6,0,0,494000,90250,,PSA10 > PSA9 > RAW,COEF,0.228936,RARITY,,19792,,5.4,False,False,True,False,True,UNDERPRICED
CRD_87649DD1BF8243E3895F,피카츄 ex,RR,038/175,NO_JP,sv8pt5-28,EN,630,3350,0.188200,3334,0,14962,23,0,0,120650,38000,,PSA10 > PSA9 > RAW,COEF,0.228936,RARITY,,3425,,5.4,False,False,True,False,True,UNDERPRICED
CRD_AD5DBA8969314EA6A9F3,모크나이퍼 ex,SR,093/080,m3_ja-93,me3-100,JP,2056,5224,0.393600,3411,5224,28500,1,76809,0,0,0,PSA10 > RAW,RAW,COEF,0.388629,RARITY,2030,11076,1.0,5.4,False,False,True,False,True,UNDERPRICED
CRD_B2272D4D776044FE9ABF,로켓단의 뮤츠 ex,RR,290/742,sv10_ja-39,sv10-81,EN,454,2412,0.188200,2401,1076,10450,2,113377,36368,110675,0,PSA10 > PSA9 > RAW,PSA10 > RAW,COEF,0.228936,RARITY,246,2392,0.5,5.3,False,False,True,False,True,UNDERPRICED
CRD_B6CF092809C341D6B60F,미모사,SAR,104/078,sv1v_ja-105,sv1-251,EN,9614,42975,0.223700,42975,134073,129514,27,347675,103943,399000,109725,PSA10 > RAW > PSA9,PSA10 > RAW > PSA9,COEF,0.376892,RARITY,50531,48813,5.3,5.1,True,True,True,False,True,UNDERPRICED
CRD_496BA4D8911D4BBABCD9,다크라이 V,RR,007/020,NO_JP,swsh10-98,EN,416,2213,0.188200,2202,0,9500,2,0,0,218490,0,,PSA10 > RAW,COEF,0.228936,RARITY,,2175,,5.2,False,False,True,False,True,UNDERPRICED
CRD_640E8984CA144951984C,에테르재단 직원,SR,160/150,sm8b_ja-151,sma-SV81,EN,2648,15764,0.168000,15764,35262,23750,4,184362,16901,106390,0,PSA10 > RAW > PSA9,PSA10 > RAW,COEF,0.388629,RARITY,13704,9230,5.2,3.5,True,True,True,False,True,UNDERPRICED
CRD_B30DFCBCDFBA21BE1C07,피카츄,PR,199/SM-P,smp_ja-199,smp-SM162,PROMO_DIRECT,614592,614592,,246989,614592,3182500,1,0,0,4512500,2071000,RAW,PSA10 > RAW > PSA9,RAW_DIRECT,,PROMO,614592,3182500,1.0,5.2,False,False,True,False,True,UNDERPRICED
CRD_F2B2E546E51145C0BB3F,피카츄 V,RR,129/414,NO_JP,swshp-SWSH198,EN,841,4471,0.188200,4450,0,19000,4,0,0,122550,0,,PSA10 > RAW,COEF,0.228936,RARITY,,4350,,5.2,False,False,True,False,True,UNDERPRICED
CRD_57D75046E0404E6EBE7B,울트라조사대,SR,056/050,sm5p_ja-55,sm6-131,EN,4781,28456,0.168000,28324,62227,0,0,140511,49167,0,0,PSA10 > RAW > PSA9,,COEF,0.388629,RARITY,24183,,5.1,,True,True,False,False,True,UNDERPRICED
CRD_26C2FFF3ECDC4C2B8EE6,보스의 지령,SR,760/742,NO_JP,me2pt5-256,EN,8449,14320,0.590000,14269,0,109250,47,0,0,274550,133000,,PSA10 > PSA9 > RAW,COEF,0.388629,RARITY,,42458,,5.0,False,False,True,False,True,UNDERPRICED
CRD_2F43F0F33B364E59B1AA,로사와 로이,SR,061/054,sm10b_ja-62,sm115-68,EN,22971,136731,0.168000,136731,293437,237500,4,678894,149469,748771,274550,PSA10 > RAW > PSA9,PSA10 > PSA9 > RAW,COEF,0.388629,RARITY,114038,92299,5.0,4.0,True,True,True,False,True,UNDERPRICED
CRD_5A5295A6BE874BBA8414,피카츄,SM-P,135/SM-P,smp_ja-227,NO_EN,PROMO_DIRECT,69142,69142,,0,69142,332500,2,719288,0,808526,161490,PSA10 > RAW,PSA10 > RAW > PSA9,RAW_DIRECT,,PROMO,69142,332500,1.0,4.8,False,False,True,False,True,UNDERPRICED
CRD_9164D7095AC54C06BE66,피카츄 VMAX,UR,279/184,swsh8b_ja-279,swsh11tg-TG29,JP,26519,60768,0.436400,41316,60768,258875,17,388315,67175,650740,237500,PSA10 > PSA9 > RAW,PSA10 > RAW > PSA9,COEF,0.491811,RARITY,29886,127318,1.1,4.8,False,True,True,False,True,UNDERPRICED
CRD_0DE14A2FC85947DF989A,팔데아의 동료들,SR,198/187,sv8a_ja-195,sv8pt5-137,EN,934,1583,0.590000,1575,3949,11400,5,85459,15949,80750,39900,PSA10 > PSA9 > RAW,PSA10 > PSA9 > RAW,COEF,0.388629,RARITY,1535,4430,1.6,4.7,True,True,True,False,True,UNDERPRICED
CRD_0FC31AECDE1C40D58A1B,사나,HR,084/067,swsh7r_ja-84,swsh8-278,EN,2798,7821,0.357800,7784,30730,0,0,73428,26059,93100,0,PSA10 > RAW > PSA9,PSA10,COEF,0.432255,RARITY,13283,,4.7,,True,True,False,False,True,UNDERPRICED
CRD_33A3DF458AC34EC6B1BD,호브의 자시안 ex,SR,118/100,sv9_ja-118,sv9-176,JP,859,2182,0.393600,3365,2182,10450,1,57142,14428,68866,0,PSA10 > PSA9 > RAW,PSA10 > RAW,COEF,0.388629,RARITY,848,4061,1.0,4.7,False,False,True,False,True,UNDERPRICED
CRD_498BBDABFF4741DD92A0,썬더 ex,RR,145/165,sv2a_ja-145,sv3pt5-145,EN,466,2474,0.188200,2462,937,9500,3,67375,29746,0,0,PSA10 > PSA9 > RAW,RAW,COEF,0.228936,RARITY,215,2175,0.5,4.7,False,False,True,False,True,UNDERPRICED
CRD_67BA3BC34CA2443FAB1C,리자몽 EX,RR,012/100,cp6_ja-12,xy12-12,EN,5176,27503,0.188200,27376,105725,0,0,495561,86611,736250,140600,PSA10 > RAW > PSA9,PSA10 > PSA9,COEF,0.228936,RARITY,24204,,4.7,,True,True,False,False,True,UNDERPRICED
CRD_6E69415874774031B60E,마폭시 BREAK,RR,012/078,xy10_ja-12,xy10-14,EN,1131,6008,0.188200,5980,23047,0,0,460944,0,0,0,PSA10 > RAW,,COEF,0.228936,RARITY,5276,,4.7,,True,True,False,False,True,UNDERPRICED
CRD_93B336450FE341B4AC0E,큐레무 ex,SR,160/086,sv11b_ja-160,zsv10pt5-157,JP,792,2013,0.393600,2080,2013,9500,1,54822,17685,66500,0,PSA10 > PSA9 > RAW,PSA10 > RAW,COEF,0.388629,RARITY,782,3692,1.0,4.7,False,False,True,False,True,UNDERPRICED
CRD_DDA35E539E7A4A1C897D,가디안 EX,RR,019/032,cp3_ja-19,g1-RC30,EN,22619,120183,0.188200,119627,460944,0,0,2333852,648195,1584125,0,PSA10 > PSA9 > RAW,PSA10,COEF,0.228936,RARITY,105527,,4.7,,True,True,False,False,True,UNDERPRICED
CRD_0CB06AA60B6E4470B9A9,인텔리레온,AR,069/063,m1s_ja-69,me1-142,JP,1098,2335,0.470300,3808,2335,9500,1,56573,27457,64590,26600,PSA10 > PSA9 > RAW,PSA10 > PSA9 > RAW,COEF,0.535789,RARITY,1251,5090,1.1,4.6,False,True,True,False,True,UNDERPRICED
CRD_11628ECE200A4601B5D4,M가디안 EX,RR,020/032,cp3_ja-20,g1-RC31,EN,30293,160962,0.188200,160217,614592,0,0,2125874,1200221,1847750,741000,PSA10 > PSA9 > RAW,PSA10 > PSA9,COEF,0.228936,RARITY,140702,,4.6,,True,True,False,False,True,UNDERPRICED
CRD_6E9E05529FE044859508,미라이돈,PR,,svp_ja-48,svp-13,EN,4549,14166,0.321100,14101,247000,209000,2,246651,227399,304000,171000,RAW > PSA10 > PSA9,PSA10 > RAW > PSA9,COEF,0.085544,RARITY,21129,17879,4.6,3.9,True,True,True,False,True,UNDERPRICED
CRD_AC613BBC6EE14C01A490,헬가,CHR,206/184,swsh8b_ja-206,swsh9tg-TG10,JP,3424,3672,0.932500,6592,3672,14060,1,55482,33618,64600,0,PSA10 > PSA9 > RAW,PSA10 > RAW,COEF,1.12,RARITY,4113,15747,1.2,4.6,False,True,True,False,True,UNDERPRICED
CRD_14BFE9EA9D1D474194DF,모야모의 찌리배리 ex,SR,114/100,sv9_ja-114,sv9-172,JP,1554,3949,0.393600,3059,3949,18050,1,64501,15242,74100,0,PSA10 > PSA9 > RAW,PSA10 > RAW,COEF,0.388629,RARITY,1535,7015,1.0,4.5,False,False,True,False,True,UNDERPRICED
CRD_5308BD56BE1440DC86D2,갸라도스 GX,SR,051/050,sm4a_ja-51,sm4-101,EN,6350,37797,0.168000,37623,15349,74100,1,183502,64916,223250,0,PSA10 > PSA9 > RAW,PSA10 > RAW,COEF,0.388629,RARITY,5965,28797,0.9,4.5,False,False,True,False,True,UNDERPRICED
CRD_6D8F9AF9CC2D47D0ABE5,눈설왕,CHR,185/184,swsh8b_ja-185,swsh10tg-TG01,JP,2364,2535,0.932500,3885,2535,9500,2,54699,27288,64600,0,PSA10 > PSA9 > RAW,PSA10 > RAW,COEF,1.12,RARITY,2839,10640,1.2,4.5,False,True,True,False,True,UNDERPRICED
CRD_B3AE192A44B84ED7B24E,모란,SAR,104/078,sv1s_ja-105,sv1-252,EN,2217,9910,0.223700,9864,26258,16616,2,65638,31313,89775,35150,PSA10 > PSA9 > RAW,PSA10 > PSA9 > RAW,COEF,0.376892,RARITY,9896,6262,4.5,2.8,True,True,True,False,True,UNDERPRICED
CRD_F27C7CA2257D49FAA563,주리,SR,166/086,sv11b_ja-166,zsv10pt5-162,JP,829,2105,0.393600,2111,2105,9500,1,57126,0,70775,28500,PSA10 > RAW,PSA10 > PSA9 > RAW,COEF,0.388629,RARITY,818,3692,1.0,4.5,False,False,True,False,True,UNDERPRICED
CRD_FA3F82848A274CCC8A5A,버베나와 헬레나,SR,219/193,m2a_ja-221,me2pt5-254,JP,829,2105,0.393600,1728,2105,9500,5,66653,31482,74100,28500,PSA10 > PSA9 > RAW,PSA10 > PSA9 > RAW,COEF,0.388629,RARITY,818,3692,1.0,4.5,False,False,True,False,True,UNDERPRICED
CRD_0DF80E4557DE4819B172,나오하 ex,RR,757/742,NO_JP,me2pt5-251,EN,839,4456,0.188200,4435,0,16026,14,0,0,103930,0,,PSA10 > RAW,COEF,0.228936,RARITY,,3669,,4.4,False,False,True,False,True,UNDERPRICED
CRD_35DA6B31F47244C59B9A,제르네아스 BREAK,RR,097/171,xy11f_ja-42,xy11-82,EN,1987,10556,0.188200,10507,38397,0,0,191399,0,0,0,PSA10 > RAW,,COEF,0.228936,RARITY,8790,,4.4,,True,True,False,False,True,UNDERPRICED
CRD_43A31E18194141E18BFC,피카츄 VMAX,PR,S-P 74,swshp_ja-123,swshp-SWSH062,EN,8466,26366,0.321100,26238,153648,437000,11,732993,167031,707275,286188,PSA10 > PSA9 > RAW,PSA10 > RAW > PSA9,COEF,0.085544,RARITY,13144,37383,1.6,4.4,True,True,True,False,True,UNDERPRICED
CRD_4659714945CF4C9F82C5,루티아의 어필,SR,084/064,sv7a_ja-86,sv8-234,EN,4034,6837,0.590000,6806,19652,45600,15,158534,50688,180671,35625,PSA10 > PSA9 > RAW,PSA10 > RAW > PSA9,COEF,0.388629,RARITY,7637,17721,1.9,4.4,True,True,True,False,True,UNDERPRICED
CRD_A015A394F46844D180E4,케르디오 ex,SR,161/086,sv11w_ja-161,rsv10pt5-159,JP,841,2136,0.393600,1927,2136,9500,1,40747,13828,64125,0,PSA10 > PSA9 > RAW,PSA10 > RAW,COEF,0.388629,RARITY,830,3692,1.0,4.4,False,False,True,False,True,UNDERPRICED
CRD_A2809ACDAA524CC6B457,야청,HR,118/100,swsh4_ja-118,swsh4-196,EN,6284,17562,0.357800,17562,63533,0,0,97766,19974,94990,47500,PSA10 > RAW > PSA9,PSA10 > PSA9,COEF,0.432255,RARITY,27462,,4.4,,True,True,False,False,True,UNDERPRICED
CRD_A2E2C941F5B941E8996D,수련의 돌봄,SR,087/066,sv5a_ja-88,sv6-207,JP,2117,5378,0.393600,10094,5378,23750,1,62673,31990,98316,36100,PSA10 > PSA9 > RAW,PSA10 > PSA9 > RAW,COEF,0.388629,RARITY,2090,9230,1.0,4.4,False,False,True,False,True,UNDERPRICED
CRD_DBCFA7ECE36342E69356,리자몽 EX,PR,,xyp_ja-30,xyp-XY17,JP,8049,94140,0.085500,53711,94140,416100,9,953417,168367,1436875,437000,PSA10 > PSA9 > RAW,PSA10 > PSA9 > RAW,COEF,0.085544,RARITY,8053,35595,1.0,4.4,False,True,True,False,True,UNDERPRICED
CRD_5E50FAE179C84F9C8755,대여르,CHR,204/184,swsh8b_ja-204,swsh10tg-TG07,JP,3697,3964,0.932500,6607,3964,14250,2,68281,30699,63175,0,PSA10 > PSA9 > RAW,PSA10 > RAW,COEF,1.12,RARITY,4440,15960,1.2,4.3,False,True,True,False,True,UNDERPRICED
CRD_761714141AFD427DA3EC,피카츄 V,SR,104/100,swsh4_ja-104,swsh4-170,JP,25823,65608,0.393600,67083,65608,285000,23,522680,351101,600875,218500,PSA10 > PSA9 > RAW,PSA10 > RAW > PSA9,COEF,0.388629,RARITY,25497,110759,1.0,4.3,False,False,True,False,True,UNDERPRICED
CRD_9D7643B219DF4580B85F,청목의 찌르호크,AR,756/742,NO_JP,me2pt5-249,EN,2742,7974,0.343900,7937,0,21850,15,0,0,95000,0,,PSA10 > RAW,COEF,0.535789,RARITY,,11707,,4.3,False,False,True,False,True,UNDERPRICED
CRD_E575B2AE33B442F687B3,목호,SR,112/098,swsh12_ja-114,swsh12-192,JP,2026,7329,0.276500,6423,7329,22164,1,58540,30653,85500,0,PSA10 > PSA9 > RAW,PSA10 > RAW,COEF,0.388629,RARITY,2848,8614,1.4,4.3,False,True,True,False,True,UNDERPRICED
CRD_A4507E6EECB24AD88AC1,이브이 V,RR,007/024,NO_JP,swsh12pt5-108,EN,2611,13874,0.188200,13810,0,47500,9,0,0,130444,52250,,PSA10 > PSA9 > RAW,COEF,0.228936,RARITY,,10874,,4.2,False,False,True,False,True,UNDERPRICED
CRD_B478B609372F4829A9FD,피아나의 결의,SR,079/067,swsh7r_ja-79,swsh7-203,EN,7889,8819,0.894500,8779,41700,84436,5,98427,43021,204202,0,PSA10 > PSA9 > RAW,PSA10 > RAW,COEF,0.388629,RARITY,16206,32814,2.1,4.2,True,True,True,False,True,UNDERPRICED
CRD_B6F780670C514367833F,분떠도리,AR,081/080,m3_ja-81,me3-89,JP,1640,3488,0.470300,3134,3488,12825,2,54929,46094,63726,0,PSA10 > PSA9 > RAW,PSA10 > RAW,COEF,0.535789,RARITY,1869,6871,1.1,4.2,False,True,True,False,True,UNDERPRICED
CRD_F1794D3676DD476EBCCE,비파리온,AR,747/742,NO_JP,me2pt5-230,EN,1390,4041,0.343900,4022,0,10925,7,0,0,131100,0,,PSA10 > RAW,COEF,0.535789,RARITY,,5853,,4.2,False,False,True,False,True,UNDERPRICED
CRD_1E0043AFBDEA40F0A0F7,마그마단의 그란돈 EX,RR,015/034,cp1_ja-15,dc1-15,EN,96631,718980,0.134400,715653,1710000,464436,1,5365373,1426391,4643116,1175625,PSA10 > RAW > PSA9,PSA10 > PSA9 > RAW,COEF,0.228936,RARITY,391481,106326,4.1,1.1,True,True,True,False,True,UNDERPRICED
CRD_48D2CD939E9C4A45872A,아크로마의 실험,SAR,238/172,swsh12a_ja-235,swsh12pt5gg-GG59,JP,1500,4502,0.333300,4894,4502,16150,2,43267,14443,0,0,PSA10 > PSA9 > RAW,RAW,COEF,0.376892,RARITY,1697,6087,1.1,4.1,False,True,True,False,True,UNDERPRICED
CRD_5EE5BC37B7894924A235,입치트,AR,754/742,NO_JP,me2pt5-246,EN,3678,10694,0.343900,10644,0,28310,17,0,0,92625,30400,,PSA10 > PSA9 > RAW,COEF,0.535789,RARITY,,15168,,4.1,False,False,True,False,True,UNDERPRICED
CRD_BA09E1E2876D4AF9A7EC,겟핸보숭,AR,092/080,m2_ja-92,me2-107,JP,1236,2627,0.470300,3502,2627,9500,2,43728,25751,63964,28490,PSA10 > PSA9 > RAW,PSA10 > PSA9 > RAW,COEF,0.535789,RARITY,1408,5090,1.1,4.1,False,True,True,False,True,UNDERPRICED
CRD_49B864154D884E16A393,MC의 호응유도,SR,082/063,sv9a_ja-82,sv10-220,JP,1875,4763,0.393600,3334,4763,19475,2,46724,16133,81700,23750,PSA10 > PSA9 > RAW,PSA10 > PSA9 > RAW,COEF,0.388629,RARITY,1851,7569,1.0,4.0,False,False,True,False,True,UNDERPRICED
CRD_4B75B995CF8948918B35,핫삼 VMAX,HR,113/100,swsh3_ja-113,swsh3-193,JP,10362,23969,0.432300,21895,23969,94990,1,85567,23047,0,0,PSA10 > RAW > PSA9,RAW,COEF,0.432255,RARITY,10361,41060,1.0,4.0,False,False,True,False,True,UNDERPRICED
CRD_A8B5785909B448EBB9B7,펌킨인 ex,SR,100/083,m4_ja-100,NO_EN,JP,1343,3411,0.393600,0,3411,13775,1,0,0,0,0,RAW,RAW,COEF,0.388629,RARITY,1326,5353,1.0,4.0,False,False,True,False,True,UNDERPRICED
CRD_D676436BD48549B1BEBE,마리,HR,072/060,swsh1h_ja-72,swsh1-208,EN,11864,33157,0.357800,33157,0,108775,1,176388,38412,223240,95000,PSA10 > PSA9,PSA10 > RAW > PSA9,COEF,0.432255,RARITY,,47019,,4.0,False,False,True,False,True,UNDERPRICED
CRD_0AB4A2D2E3654FD69744,채두,SR,275/184,swsh8b_ja-261,swsh10tg-TG25,JP,2638,9542,0.276500,9100,9542,26600,1,71446,30315,119690,37810,PSA10 > PSA9 > RAW,PSA10 > PSA9 > RAW,COEF,0.388629,RARITY,3708,10338,1.4,3.9,False,True,True,False,True,UNDERPRICED
CRD_518259D3BB704065A54A,춤추새 [퓨전],AR,176/172,swsh12a_ja-176,swsh12pt5gg-GG04,JP,1517,3227,0.470300,6393,3227,11162,3,48430,31667,74100,23740,PSA10 > PSA9 > RAW,PSA10 > PSA9 > RAW,COEF,0.535789,RARITY,1729,5980,1.1,3.9,False,True,True,False,True,UNDERPRICED
CRD_7670562F15A640309F43,거북왕 EX,RR,021/100,cp6_ja-21,xy12-21,EN,1903,10110,0.188200,10063,32404,0,0,162790,50473,171000,74100,PSA10 > PSA9 > RAW,PSA10 > PSA9,COEF,0.228936,RARITY,7418,,3.9,,True,True,False,False,True,UNDERPRICED
CRD_C69B5517FEEB4D75832B,하랑우탄,UR,092/076,swsh3a_ja-92,swsh4-199,EN,2434,7759,0.313700,7723,19513,0,0,71508,0,0,0,PSA10 > RAW,,COEF,0.491811,RARITY,9597,,3.9,,True,True,False,False,True,UNDERPRICED
CRD_CA8791D1D7B746459F70,파오젠 ex,UR,097/071,sv2p_ja-97,sv2-274,EN,2902,9250,0.313700,9207,23078,0,0,45096,6146,0,0,PSA10 > RAW > PSA9,,COEF,0.491811,RARITY,11350,,3.9,,True,True,False,False,True,UNDERPRICED
CRD_FE7A2CCC9AFB4044AD37,마리,SR,067/060,swsh1h_ja-68,swsh1-200,EN,52130,58279,0.894500,58279,522179,475000,7,943629,361826,958550,503490,PSA10 > RAW > PSA9,PSA10 > PSA9 > RAW,COEF,0.388629,RARITY,202934,184599,3.9,3.5,True,True,True,False,True,UNDERPRICED
CRD_0630709EA5124F718749,염뉴트,AR,744/742,NO_JP,me2pt5-224,EN,1966,5716,0.343900,5689,0,13775,7,0,0,133000,0,,PSA10 > RAW,COEF,0.535789,RARITY,,7380,,3.8,False,False,True,False,True,UNDERPRICED
CRD_0B145711AB734536AD63,안농 VSTAR,HR,116/098,swsh12_ja-116,swsh12-199,JP,5413,12522,0.432300,14820,12522,47500,1,60414,0,0,0,PSA10 > RAW,RAW,COEF,0.432255,RARITY,5413,20532,1.0,3.8,False,False,True,False,True,UNDERPRICED
CRD_6FF014B0CBF4472C9593,마릴,AR,748/742,NO_JP,me2pt5-232,EN,8634,25106,0.343900,25124,0,61740,27,0,0,208990,0,,PSA10 > RAW,COEF,0.535789,RARITY,,33080,,3.8,False,False,True,False,True,UNDERPRICED
CRD_8D845061A06143988494,피카츄 ex,RR,044/193,m2a_ja-44,me2pt5-57,EN,853,4533,0.188200,4512,1813,14250,41,130078,24123,116375,53675,PSA10 > PSA9 > RAW,PSA10 > PSA9 > RAW,COEF,0.228936,RARITY,415,3262,0.5,3.8,False,False,True,False,True,UNDERPRICED
CRD_BE15DB54E85D437389C2,피카츄 VMAX,HR,114/100,swsh4_ja-114,swsh4-188,JP,73064,169013,0.432300,305944,169013,648375,4,769654,230779,1001775,494000,PSA10 > PSA9 > RAW,PSA10 > RAW > PSA9,COEF,0.432255,RARITY,73057,280263,1.0,3.8,False,False,True,False,True,UNDERPRICED
CRD_CF1795DF299B46889CA1,음번 GX,RR,040/051,sm3h_ja-40,sm3-99,EN,489,2597,0.188200,2585,8220,0,0,0,0,0,0,RAW,,COEF,0.228936,RARITY,1882,,3.8,,True,True,False,False,True,UNDERPRICED
CRD_30523D5BF2EE4A83A4CB,포푸니라,AR,746/742,NO_JP,me2pt5-228,EN,4079,11862,0.343900,11807,0,28490,11,0,0,121600,0,,PSA10 > RAW,COEF,0.535789,RARITY,,15265,,3.7,False,False,True,False,True,UNDERPRICED
CRD_5C626761376341E3AEE8,모미,HR,088/070,swsh5r_ja-88,swsh5-173,EN,3991,11155,0.357800,11155,33726,0,0,41208,0,92150,28310,PSA10 > RAW,PSA10 > PSA9,COEF,0.432255,RARITY,14578,,3.7,,True,True,False,False,True,UNDERPRICED
CRD_6D3728BAC7354E489BA7,멜로코,SAR,091/066,sv4k_ja-92,sv4-254,EN,2877,12860,0.223700,12801,28363,26600,1,104834,41393,95000,38000,PSA10 > PSA9 > RAW,PSA10 > PSA9 > RAW,COEF,0.376892,RARITY,10690,10025,3.7,3.5,True,True,True,False,True,UNDERPRICED
CRD_6E0CFA01EAA84472A5AAA69BE95C2DA8,뮤 VMAX,HR,119/100,swsh8_ja-119,swsh8-269,JP,198522,459223,0.432300,412376,459223,1710000,9,2269535,430107,2481400,1206500,PSA10 > RAW > PSA9,PSA10 > RAW > PSA9,COEF,0.432255,RARITY,198501,739156,1.0,3.7,False,False,True,False,True,UNDERPRICED
CRD_945783958D7C43BAA6E9,거북왕 ex,RR,009/165,sv2a_ja-9,sv3pt5-9,JP,582,1444,0.402800,2569,1444,9500,3,77039,32604,0,0,PSA10 > PSA9 > RAW,RAW,COEF,0.228936,RARITY,331,2175,0.6,3.7,False,False,True,False,True,UNDERPRICED
CRD_997431762BD64CE5B949,글레이시아 EX,RR,020/171,xy10_ja-18,xy10-20,EN,4713,25045,0.188200,25045,75441,0,0,206334,0,208050,0,PSA10 > RAW,PSA10,COEF,0.228936,RARITY,17271,,3.7,,True,True,False,False,True,UNDERPRICED
CRD_CFB1F9B2BF5A4F108B32,킬가르도 V,SR,108/100,swsh4_ja-108,swsh4-177,EN,2393,4056,0.590000,4038,23047,0,0,25782,0,0,0,PSA10 > RAW,,COEF,0.388629,RARITY,8957,,3.7,,True,True,False,False,True,UNDERPRICED
CRD_5751676A34FF4B128A73,에브이 V,RR,172/414,swsh6a_ja-35,swsh7-64,JP,916,2274,0.402800,4053,2274,14250,1,59662,17132,84341,57000,PSA10 > PSA9 > RAW,PSA10 > PSA9 > RAW,COEF,0.228936,RARITY,521,3262,0.6,3.6,False,False,True,False,True,UNDERPRICED
CRD_6C71D38CA03A4D73A6F4,카푸브루루 GX,RR,007/049,sm2p_ja-7,smp-SM32,EN,489,2597,0.188200,2585,7682,0,0,0,0,0,0,RAW,,COEF,0.228936,RARITY,1759,,3.6,,True,True,False,False,True,UNDERPRICED
CRD_8A1A1D352DA0498C9616,칠리,SAR,088/062,sv3a_ja-88,sv4-258,EN,3289,14704,0.223700,14704,31283,28500,3,76594,28932,103550,37050,PSA10 > RAW > PSA9,PSA10 > PSA9 > RAW,COEF,0.376892,RARITY,11790,10741,3.6,3.3,True,True,True,False,True,UNDERPRICED
CRD_9C10318D36A044519EB6,뮤츠 EX,RR,052/100,cp6_ja-50,xy12-52,EN,2970,15780,0.188200,15718,46094,0,0,272372,27242,931000,0,PSA10 > RAW > PSA9,PSA10,COEF,0.228936,RARITY,10553,,3.6,,True,True,False,False,True,UNDERPRICED
CRD_090C5C6FE6B34BC0A9E7,기라티나 VSTAR,UR,125/100,swsh11_ja-125,swsh11-212,JP,15938,36522,0.436400,29076,36522,114000,20,230580,32343,242164,0,PSA10 > RAW > PSA9,PSA10 > RAW,COEF,0.491811,RARITY,17962,56066,1.1,3.5,False,True,True,False,True,UNDERPRICED
CRD_3ECB798328944A0F8A34,굽이치는물결 ex,UR,099/071,sv5k_ja-99,sv5-215,JP,4298,9849,0.436400,19467,9849,30400,1,81741,0,80750,0,PSA10 > RAW,PSA10 > RAW,COEF,0.491811,RARITY,4844,14951,1.1,3.5,False,True,True,False,True,UNDERPRICED
CRD_4E40BBC7A11147499348,엠페르트 ex,SR,099/080,m2_ja-99,me2-114,JP,1046,2658,0.393600,3059,2658,9500,1,52071,16118,60553,0,PSA10 > PSA9 > RAW,PSA10 > RAW,COEF,0.388629,RARITY,1033,3692,1.0,3.5,False,False,True,False,True,UNDERPRICED
CRD_64C02283DD0E49BEA124,갸라도스 GX,RR,015/051,NO_JP,sm115-16,EN,1692,8988,0.188200,8947,0,25650,2,0,0,273125,0,,PSA10 > RAW,COEF,0.228936,RARITY,,5872,,3.5,False,False,True,False,True,UNDERPRICED
CRD_95020B5585B74E58A3AC,레트라 BREAK,RR,066/080,xy9_ja-66,xy9-89,EN,1001,5316,0.188200,5292,15349,0,0,110166,27657,0,0,PSA10 > PSA9 > RAW,,COEF,0.228936,RARITY,3514,,3.5,,True,True,False,False,True,UNDERPRICED
CRD_9BD2F6B2BD1342FB9A4D,비트,HR,072/060,swsh1w_ja-72,swsh1-207,EN,2727,7621,0.357800,7586,21818,0,0,45157,0,0,0,PSA10 > RAW,,COEF,0.432255,RARITY,9431,,3.5,,True,True,False,False,True,UNDERPRICED
CRD_9D58E4813F2E44F48F9B,밀로틱 ex,SR,121/106,sv8_ja-121,sv8-217,JP,1572,3995,0.393600,3627,3995,14250,1,61582,22079,71250,0,PSA10 > PSA9 > RAW,PSA10 > RAW,COEF,0.388629,RARITY,1553,5538,1.0,3.5,False,False,True,False,True,UNDERPRICED
CRD_BAF951CD1C52420DB08A,기라티나 VSTAR,HR,120/100,swsh11_ja-120,swsh11-201,JP,10807,24999,0.432300,41838,24999,87324,6,165464,33879,204250,0,PSA10 > PSA9 > RAW,PSA10 > RAW,COEF,0.432255,RARITY,10806,37746,1.0,3.5,False,False,True,False,True,UNDERPRICED
CRD_BB580CF2765F4C48B7BB,피아나의 결의,HR,086/067,swsh7r_ja-86,swsh7-225,EN,3408,9526,0.357800,9482,27979,0,0,138268,28425,121600,37990,PSA10 > PSA9 > RAW,PSA10 > PSA9,COEF,0.432255,RARITY,12094,,3.5,,True,True,False,False,True,UNDERPRICED
CRD_D25814429FF94A7E84C3,블랙큐레무 ex,SR,077/064,sv7a_ja-77,sv8-218,JP,2123,5393,0.393600,4007,5393,19000,1,40640,23708,87400,36100,PSA10 > PSA9 > RAW,PSA10 > PSA9 > RAW,COEF,0.388629,RARITY,2096,7384,1.0,3.5,False,False,True,False,True,UNDERPRICED
CRD_D96E0DB78D214574BD54,로즈레이드,CHR,068/067,swsh9a_ja-68,swsh11tg-TG02,JP,3066,3288,0.932500,4481,3288,9500,1,35815,21280,66405,25166,PSA10 > PSA9 > RAW,PSA10 > PSA9 > RAW,COEF,1.12,RARITY,3683,10640,1.2,3.5,False,True,True,False,True,UNDERPRICED
CRD_F74DCD4030904CDE95D4,원규,SR,081/067,swsh9a_ja-81,swsh10-188,JP,2141,7744,0.276500,9023,7744,19475,3,94355,30914,73862,35910,PSA10 > PSA9 > RAW,PSA10 > PSA9 > RAW,COEF,0.388629,RARITY,3010,7569,1.4,3.5,False,True,True,False,True,UNDERPRICED
CRD_F9792A29F11F4A35AF80,릴리에의 에리본,AR,105/100,sv9_ja-105,sv9-164,JP,2428,5163,0.470300,9192,5163,15894,30,68757,17040,81500,31340,PSA10 > PSA9 > RAW,PSA10 > PSA9 > RAW,COEF,0.535789,RARITY,2766,8516,1.1,3.5,False,True,True,False,True,UNDERPRICED
CRD_FD0EEE3A4AF547399878,후파,PR,,xyp_ja-155,NO_EN,PROMO_DIRECT,269345,269345,,0,269345,949050,8,4148665,1071111,3667000,809400,PSA10 > PSA9 > RAW,PSA10 > RAW > PSA9,RAW_DIRECT,,PROMO,269345,949050,1.0,3.5,False,False,True,False,True,UNDERPRICED
CRD_1B828812B58A4E3FB0CD,네크로즈마 GX,RR,050/114,sm4p_ja-50,sm3-63,EN,590,3134,0.188200,3120,8650,0,0,0,0,0,0,RAW,,COEF,0.228936,RARITY,1980,,3.4,,True,True,False,False,True,UNDERPRICED
CRD_51568A9C8361413DB34E,동탁군,UR,092/070,swsh6h_ja-92,swsh6-223,EN,3075,9803,0.313700,9757,21511,0,0,48368,0,118750,0,PSA10 > RAW,PSA10,COEF,0.491811,RARITY,10579,,3.4,,True,True,False,False,True,UNDERPRICED
CRD_594A5B7B75D040D5B7B8,루기아 BREAK,RR,059/078,xy10_ja-59,xy10-79,JP,21661,53777,0.402800,34885,53777,323000,1,617957,0,1662500,568100,PSA10 > RAW,PSA10 > PSA9 > RAW,COEF,0.228936,RARITY,12311,73946,0.6,3.4,False,False,True,False,True,UNDERPRICED
CRD_5F9A15D40E55413889CB,클레이돌,AR,090/083,m4_ja-90,NO_EN,JP,1958,4164,0.470300,0,4164,12340,1,71923,0,0,0,PSA10 > RAW,RAW,COEF,0.535789,RARITY,2231,6612,1.1,3.4,False,True,True,False,True,UNDERPRICED
CRD_92D9A6624DD04811B13A,마휘핑 VMAX,HR,086/076,swsh3a_ja-86,swsh45-73,EN,2628,7344,0.357800,7310,20435,0,0,44911,0,0,0,PSA10 > RAW,,COEF,0.432255,RARITY,8833,,3.4,,True,True,False,False,True,UNDERPRICED
CRD_A2C303F9E86F4EDF9398,아가씨,HR,123/100,swsh11_ja-122,swsh11-208,EN,3057,8543,0.357800,8541,17347,23750,2,70463,21465,80750,0,PSA10 > PSA9 > RAW,PSA10 > RAW,COEF,0.432255,RARITY,7498,10266,2.5,3.4,True,True,True,False,True,UNDERPRICED
CRD_CF7C7828EFFC49579A10,유채의 활기,HR,083/067,swsh10d_ja-84,swsh10-202,EN,3024,8451,0.357800,8412,23047,23750,1,78914,0,76000,33250,PSA10 > RAW,PSA10 > PSA9 > RAW,COEF,0.432255,RARITY,9962,10266,3.3,3.4,True,True,True,False,True,UNDERPRICED
CRD_D3997BEB72104CE08418,모르페코 V,SR,062/060,swsh1h_ja-62,swsh1-190,JP,7632,19390,0.393600,15125,19390,66405,1,75288,0,118750,0,PSA10 > RAW,PSA10 > RAW,COEF,0.388629,RARITY,7536,25807,1.0,3.4,False,False,True,False,True,UNDERPRICED
CRD_EA938DF4CE38460F89C6,메가눈설왕 ex,SR,076/063,m1s_ja-76,me1-157,JP,1083,2750,0.393600,3365,2750,9500,1,60891,21511,67554,0,PSA10 > PSA9 > RAW,PSA10 > RAW,COEF,0.388629,RARITY,1069,3692,1.0,3.4,False,False,True,False,True,UNDERPRICED
CRD_FFD29F9A67B34EF2988F,뮤츠 V,SR,073/071,swsh10b_ja-73,swshp-SWSH229,JP,7505,19068,0.393600,12523,19068,66405,28,202923,55283,284990,85500,PSA10 > PSA9 > RAW,PSA10 > PSA9 > RAW,COEF,0.388629,RARITY,7410,25807,1.0,3.4,False,False,True,False,True,UNDERPRICED
CRD_301C4EFCC282412B9BCC,뮤츠 GX,RR,036/114,sm4p_ja-36,sm35-39,JP,5254,13045,0.402800,19897,13045,76000,1,129541,31728,283100,0,PSA10 > PSA9 > RAW,PSA10 > RAW,COEF,0.228936,RARITY,2986,17399,0.6,3.3,False,False,True,False,True,UNDERPRICED
CRD_34B94E323039433886E9,애프룡,CHR,186/184,swsh8b_ja-186,swsh10tg-TG02,JP,3252,3488,0.932500,5796,3488,9500,2,49091,17977,63650,0,PSA10 > PSA9 > RAW,PSA10 > RAW,COEF,1.12,RARITY,3907,10640,1.2,3.3,False,True,True,False,True,UNDERPRICED
CRD_519C4783A21343ABB5E8,이수재의 전송,SR,199/165,sv2a_ja-199,sv3pt5-194,JP,1125,2858,0.393600,5445,2858,9500,5,93572,35523,73882,33060,PSA10 > PSA9 > RAW,PSA10 > PSA9 > RAW,COEF,0.388629,RARITY,1111,3692,1.0,3.3,False,False,True,False,True,UNDERPRICED
CRD_578FDAA332FD4381BC35,다크펫,CHR,197/184,swsh8b_ja-197,swsh11tg-TG07,JP,3797,4072,0.932500,4909,4072,11210,3,71124,12399,66016,26590,PSA10 > PSA9 > RAW,PSA10 > PSA9 > RAW,COEF,1.12,RARITY,4561,12555,1.2,3.3,False,True,True,False,True,UNDERPRICED
CRD_7A0F593EA7884BE68C8F,채두,HR,116/100,swsh4_ja-116,swsh4-193,EN,3991,11155,0.357800,11103,30730,0,0,50519,0,0,0,PSA10 > RAW,,COEF,0.432255,RARITY,13283,,3.3,,True,True,False,False,True,UNDERPRICED
CRD_8AEA98061B9A431CAA79,케오퍼스 V,SR,075/070,swsh2a_ja-75,swsh35-72,EN,1133,1921,0.590000,1912,9526,0,0,0,0,0,0,RAW,,COEF,0.388629,RARITY,3702,,3.3,,True,True,False,False,True,UNDERPRICED
CRD_C9D88D4A7D0741C89301,석탄산,UR,117/100,swsh3_ja-117,swsh3-198,EN,2738,8727,0.313700,8687,18130,0,0,47477,0,0,0,PSA10 > RAW,,COEF,0.491811,RARITY,8917,,3.3,,True,True,False,False,True,UNDERPRICED
CRD_DFBD272AF9C64329B300,뮤 V,SR,105/100,swsh8_ja-105,swsh8-250,JP,12857,32666,0.393600,59815,32666,108300,25,253212,65362,341050,190000,PSA10 > PSA9 > RAW,PSA10 > PSA9 > RAW,COEF,0.388629,RARITY,12695,42089,1.0,3.3,False,False,True,False,True,UNDERPRICED
CRD_EF2B6A9927BF426B8D82,염버니,AR,745/742,NO_JP,me2pt5-225,EN,6420,18668,0.343900,18582,0,39653,21,0,0,313500,0,,PSA10 > RAW,COEF,0.535789,RARITY,,21246,,3.3,False,False,True,False,True,UNDERPRICED
CRD_F2A7696A982E40248FC6,주혜,HR,085/067,swsh10p_ja-83,swsh10-204,EN,4986,13936,0.357800,13871,38612,12588,2,56896,0,93100,0,PSA10 > RAW,PSA10 > RAW,COEF,0.432255,RARITY,16690,5441,3.3,1.1,True,True,True,False,True,UNDERPRICED
CRD_F6D2FC3117BF409384AD,그란돈 EX,RR,072/131,cp4_ja-72,xy5-85,EN,3736,19851,0.188200,19759,53685,0,0,135349,44097,166240,0,PSA10 > RAW > PSA9,PSA10,COEF,0.228936,RARITY,12290,,3.3,,True,True,False,False,True,UNDERPRICED
CRD_494E55E7C59E4B6DA4E3,야도란 EX,RR,026/100,xyp_ja-262,xy12-26,EN,778,4133,0.188200,4114,10924,0,0,249463,16394,266000,0,PSA10 > PSA9 > RAW,PSA10,COEF,0.228936,RARITY,2501,,3.2,,True,True,False,False,True,UNDERPRICED
CRD_53A0FD8027524CC4A991,알로라나시 GX,RR,037/050,sm4a_ja-37,sm4-74,EN,651,3457,0.188200,3441,8958,0,0,58263,0,0,0,PSA10 > RAW,,COEF,0.228936,RARITY,2051,,3.2,,True,True,False,False,True,UNDERPRICED
CRD_7EE4D1F73DD34E3E8CA6,포켓몬 브리더의 육성,HR,083/070,swsh2a_ja-83,swsh3-195,EN,2507,7006,0.357800,6974,18438,0,0,0,0,0,0,RAW,,COEF,0.432255,RARITY,7970,,3.2,,True,True,False,False,True,UNDERPRICED
CRD_8BC8EED9E7524E698C95,샹델라,CHR,069/067,swsh9a_ja-69,swsh11tg-TG04,JP,4055,4348,0.932500,5949,4348,11714,2,51810,13091,68400,0,PSA10 > PSA9 > RAW,PSA10 > RAW,COEF,1.12,RARITY,4870,13120,1.2,3.2,False,True,True,False,True,UNDERPRICED
CRD_ADDEC4B6D7EC4C7FA90E,리자몽 ex,UR,139/108,sv3_ja-139,sv3-228,JP,24098,55221,0.436400,65807,55221,156750,26,351731,74596,308750,133000,PSA10 > PSA9 > RAW,PSA10 > RAW > PSA9,COEF,0.491811,RARITY,27158,77091,1.1,3.2,False,True,True,False,True,UNDERPRICED
CRD_CC3897BA1A4C4B138E6A,로켓단의 크로뱃 ex,SR,117/098,sv10_ja-117,sv10-217,JP,2328,5915,0.393600,4741,5915,19000,1,51656,29039,62700,28500,PSA10 > PSA9 > RAW,PSA10 > PSA9 > RAW,COEF,0.388629,RARITY,2299,7384,1.0,3.2,False,False,True,False,True,UNDERPRICED
CRD_CD533CB08B8E4E75BD7E,염뉴트 GX,RR,010/049,sm2p_ja-10,sm3-25,EN,555,2950,0.188200,2936,7682,0,0,33803,0,0,0,PSA10 > RAW,,COEF,0.228936,RARITY,1759,,3.2,,True,True,False,False,True,UNDERPRICED
CRD_E1816DF5DFB04C90965B,동탁군,CHR,208/184,swsh8b_ja-208,swsh10tg-TG11,JP,4112,4410,0.932500,5338,4410,11875,2,45357,23908,65426,21280,PSA10 > PSA9 > RAW,PSA10 > PSA9 > RAW,COEF,1.12,RARITY,4939,13300,1.2,3.2,False,True,True,False,True,UNDERPRICED
CRD_F92441CD205348ABA0D0,민화의 덩쿠리,AR,743/742,NO_JP,me2pt5-218,EN,17541,39887,0.439775,39745,0,104500,44,0,0,373588,164350,,PSA10 > PSA9 > RAW,COEF,0.535789,RARITY,,55990,,3.2,False,False,True,False,True,UNDERPRICED
CRD_1D12B07C82D340E9AC74,포켓몬놀이,SR,198/190,swsh4a_ja-197,swsh45-70,JP,4839,17501,0.276500,15997,17501,38228,4,158841,37874,118266,42218,PSA10 > PSA9 > RAW,PSA10 > PSA9 > RAW,COEF,0.388629,RARITY,6801,14857,1.4,3.1,False,True,True,False,True,UNDERPRICED
CRD_48E53C0884D54CECB73D,히스이 미끄래곤,AR,196/172,swsh12a_ja-196,swsh12pt5gg-GG21,JP,1619,3442,0.470300,6729,3442,9500,2,60245,20497,66500,21109,PSA10 > PSA9 > RAW,PSA10 > PSA9 > RAW,COEF,0.535789,RARITY,1844,5090,1.1,3.1,False,True,True,False,True,UNDERPRICED
CRD_506A9FE402DF410A9083,리자몽 GX,RR,007/024,NO_JP,smp-SM195,EN,9031,47984,0.188200,47984,0,121552,7,0,0,253175,34010,,PSA10 > RAW > PSA9,COEF,0.228936,RARITY,,27828,,3.1,False,False,True,False,True,UNDERPRICED
CRD_56A35E064F464D32B8D7,M이상해꽃 EX,RR,002/060,xy1x_ja-2,xy1-2,EN,6298,33465,0.188200,33465,84491,0,0,0,0,0,0,RAW,,COEF,0.228936,RARITY,19343,,3.1,,True,True,False,False,True,UNDERPRICED
CRD_57EB73076A4B471381A3,글레이시아 ex,RR,162/742,sv8a_ja-41,sv8pt5-26,EN,706,3749,0.188200,3732,1506,9500,1,52271,30115,61750,19855,PSA10 > PSA9 > RAW,PSA10 > PSA9 > RAW,COEF,0.228936,RARITY,345,2175,0.5,3.1,False,False,True,False,True,UNDERPRICED
CRD_6C3E5BD53EFB49EC967E,타타륜 V,RR,004/060,swsh1w_ja-4,swsh1-9,EN,214,1137,0.188200,1132,2935,0,0,0,0,0,0,RAW,,COEF,0.228936,RARITY,672,,3.1,,True,True,False,False,True,UNDERPRICED
CRD_71B943080D4E4023A1B4,피카츄 ex,UR,136/106,sv8_ja-136,sv8-247,JP,45300,103805,0.436400,148086,103805,285000,25,441846,129602,553527,266000,PSA10 > PSA9 > RAW,PSA10 > RAW > PSA9,COEF,0.491811,RARITY,51052,140166,1.1,3.1,False,True,True,False,True,UNDERPRICED
CRD_8978E52260A148548BE7,야적 세 자매,HR,094/071,swsh10a_ja-96,swsh11-209,EN,2622,7329,0.357800,7295,17193,18810,1,45403,10863,76000,0,PSA10 > RAW > PSA9,PSA10 > RAW,COEF,0.432255,RARITY,7432,8131,2.8,3.1,True,True,True,False,True,UNDERPRICED
CRD_A9DF06F1FA7544AD83E2,나인테일 ex,RR,038/165,sv2a_ja-38,sv3pt5-38,EN,694,3688,0.188200,3670,845,9500,1,134657,15334,0,0,PSA10 > PSA9 > RAW,RAW,COEF,0.228936,RARITY,193,2175,0.3,3.1,False,False,True,False,True,UNDERPRICED
CRD_CF300350E3954689842D,자시안,AR,087/080,m2_ja-87,me2-100,JP,1633,3472,0.470300,5995,3472,9548,2,61213,23063,65075,23750,PSA10 > PSA9 > RAW,PSA10 > PSA9 > RAW,COEF,0.535789,RARITY,1860,5116,1.1,3.1,False,True,True,False,True,UNDERPRICED
CRD_D3439179FAEB461CA903,코르니의 기합,SR,081/070,swsh5r_ja-79,swsh5-160,EN,6597,7375,0.894500,7341,19206,53200,3,93403,23815,128240,58900,PSA10 > PSA9 > RAW,PSA10 > PSA9 > RAW,COEF,0.388629,RARITY,7464,20675,1.1,3.1,True,True,True,False,True,UNDERPRICED
CRD_DF94CDB2489A49698586,대포무노,CHR,191/184,swsh8b_ja-191,swsh9tg-TG03,JP,3467,3718,0.932500,5246,3718,9500,1,63610,22556,78527,0,PSA10 > PSA9 > RAW,PSA10 > RAW,COEF,1.12,RARITY,4164,10640,1.2,3.1,False,True,True,False,True,UNDERPRICED
CRD_E2D10B6BD1CB4538A46D,니드킹 BREAK,RR,046/100,cp6_ja-44,xy12-46,EN,1032,5485,0.188200,5460,14059,0,0,192798,0,475000,0,PSA10 > RAW,PSA10,COEF,0.228936,RARITY,3219,,3.1,,True,True,False,False,True,UNDERPRICED
CRD_FE0B395843164577B4EF,쥬피썬더 VMAX,RR,003/004,NO_JP,swsh7-51,EN,3505,18622,0.188200,18622,0,47500,2,0,0,126920,0,,PSA10 > RAW,COEF,0.228936,RARITY,,10874,,3.1,False,False,True,False,True,UNDERPRICED
CRD_0247DE71AB2140BEBBF8,멍파치,AR,086/080,m2_ja-86,me2-99,JP,1698,3611,0.470300,5246,3611,9500,2,62734,14981,64125,23750,PSA10 > PSA9 > RAW,PSA10 > PSA9 > RAW,COEF,0.535789,RARITY,1935,5090,1.1,3.0,False,True,True,False,True,UNDERPRICED
CRD_2C4C0A40740543B09035,돌핀맨,AR,339/190,sv4a_ja-339,sv4pt5-225,JP,1669,3549,0.470300,3028,3549,9500,1,60691,15795,67450,24510,PSA10 > PSA9 > RAW,PSA10 > PSA9 > RAW,COEF,0.535789,RARITY,1902,5090,1.1,3.0,False,True,True,False,True,UNDERPRICED
CRD_382ECC8BA6034DAF9178,뮤츠 VSTAR,UR,091/071,swsh10b_ja-91,pgo-86,JP,15616,35785,0.436400,60860,35785,95000,31,172777,33787,318012,94990,PSA10 > RAW > PSA9,PSA10 > RAW > PSA9,COEF,0.491811,RARITY,17599,46722,1.1,3.0,False,True,True,False,True,UNDERPRICED
CRD_3B4881B425A945B385D7,화염레오 BREAK,RR,010/054,xy11f_ja-10,xy11-24,EN,1047,5562,0.188200,5536,13813,0,0,0,0,0,0,RAW,,COEF,0.228936,RARITY,3162,,3.0,,True,True,False,False,True,UNDERPRICED
CRD_5D478653E46E4634B4E2,우리,SR,273/184,swsh8b_ja-276,swsh9tg-TG26,EN,9305,10402,0.894500,10354,40102,71250,6,146473,39196,185250,66500,PSA10 > RAW > PSA9,PSA10 > RAW > PSA9,COEF,0.388629,RARITY,15585,27690,1.7,3.0,True,True,True,False,True,UNDERPRICED
CRD_8965D3327A5540929972,M나무킹 EX,RR,007/171,xy7_ja-8,xy7-8,EN,5896,31329,0.188200,31329,76824,0,0,124424,58386,0,0,PSA10 > RAW > PSA9,,COEF,0.228936,RARITY,17588,,3.0,,True,True,False,False,True,UNDERPRICED
CRD_983678B45AB8425590AC,루기아 VSTAR,UR,123/098,swsh12_ja-123,swsh12-211,JP,14812,33941,0.436400,41239,33941,90250,30,214416,71323,218500,0,PSA10 > PSA9 > RAW,PSA10 > RAW,COEF,0.491811,RARITY,16693,44386,1.1,3.0,False,True,True,False,True,UNDERPRICED
CRD_A10639DEF1044108891B,팬텀 EX,RR,048/131,xy4_ja-33,xy4-34,JP,27850,69142,0.402800,139205,69142,370500,1,1012110,75288,747650,273600,PSA10 > PSA9 > RAW,PSA10 > RAW > PSA9,COEF,0.228936,RARITY,15829,84821,0.6,3.0,False,False,True,False,True,UNDERPRICED
CRD_B99867335AE14F658107,코라이돈,PR,,svp_ja-49,svp-14,EN,3503,10909,0.321100,10859,123500,83116,2,149884,0,194750,0,PSA10 > RAW,PSA10 > RAW,COEF,0.085544,RARITY,10565,7110,3.0,2.0,True,True,True,False,True,UNDERPRICED
CRD_E393141F815D413DA629,루주라,CHR,071/068,swsh11a_ja-71,swsh12tg-TG04,JP,3783,4056,0.932500,5643,4056,9975,4,57065,38351,65075,0,PSA10 > PSA9 > RAW,PSA10 > RAW,COEF,1.12,RARITY,4543,11172,1.2,3.0,False,True,True,False,True,UNDERPRICED
CRD_E9EFB5201D7543CF9A76,피카츄 VMAX,PR,S-P 142,swshp_ja-265,swshp-SWSH286,JP,1789,20927,0.085500,13046,20927,61750,45,238293,53131,199016,61275,PSA10 > PSA9 > RAW,PSA10 > RAW > PSA9,COEF,0.085544,RARITY,1790,5282,1.0,3.0,False,True,True,False,True,UNDERPRICED
CRD_F7FE6279B4A147BC9CD1,릴리에의 삐삐 ex,RR,765/742,NO_JP,me2pt5-280,EN,60678,322415,0.188200,322415,0,806303,60,0,0,1793324,935750,,PSA10 > PSA9 > RAW,COEF,0.228936,RARITY,,184592,,3.0,False,False,True,False,True,UNDERPRICED
CRD_0121009428B847BEBE66,망나뇽 EX,RR,072/100,cp6_ja-70,xy12-72,EN,2842,15104,0.188200,15034,35923,0,0,199850,61444,265050,0,PSA10 > PSA9 > RAW,PSA10,COEF,0.228936,RARITY,8224,,2.9,,True,True,False,False,True,UNDERPRICED
CRD_28A90C6383DF4C73AFEA,아스나,HR,088/070,swsh6h_ja-88,swsh6-215,EN,3277,9157,0.357800,9115,22279,0,0,36860,0,0,0,PSA10 > RAW,,COEF,0.432255,RARITY,9630,,2.9,,True,True,False,False,True,UNDERPRICED
CRD_33FE80EB03934DEC8C07,파이리,AR,051/049,NO_JP,svp-44,EN,37463,108936,0.343900,108432,0,201400,30,0,0,586388,197125,,PSA10 > RAW > PSA9,COEF,0.535789,RARITY,,107908,,2.9,False,False,True,False,True,UNDERPRICED
CRD_3618F7507BD34B52AA5E,피카츄 ex,RR,227/742,NO_JP,svp-106,EN,3184,16917,0.188200,16838,0,39900,30,0,0,169812,0,,PSA10 > RAW,COEF,0.228936,RARITY,,9135,,2.9,False,False,True,False,True,UNDERPRICED
CRD_3C4CBC99613B4B548008,소니아,SR,077/070,swsh1a_ja-77,swsh2-192,EN,28876,32281,0.894500,32281,218500,0,0,297232,86857,284990,185250,PSA10 > RAW > PSA9,PSA10 > PSA9,COEF,0.388629,RARITY,84915,,2.9,,True,True,False,False,True,UNDERPRICED
CRD_6BBDDAB4D43548A49C5C,M거북왕 EX,RR,022/100,cp6_ja-22,xy12-22,EN,6015,31959,0.188200,31811,76916,0,0,263814,63918,294500,0,PSA10 > RAW > PSA9,PSA10,COEF,0.228936,RARITY,17609,,2.9,,True,True,False,False,True,UNDERPRICED
CRD_6C48D7D464D0402B9F7D,뮤 ex,UR,208/165,sv2a_ja-208,sv3pt5-205,JP,28725,65823,0.436400,52965,65823,168625,49,390542,70770,430027,112100,PSA10 > PSA9 > RAW,PSA10 > RAW > PSA9,COEF,0.491811,RARITY,32372,82932,1.1,2.9,False,True,True,False,True,UNDERPRICED
CRD_A5B83823B6344946A314,피카츄 ex,SAR,132/106,sv8_ja-132,sv8-238,JP,109622,328899,0.333300,588456,328899,855000,28,968920,452509,1215326,598500,PSA10 > PSA9 > RAW,PSA10 > RAW > PSA9,COEF,0.376892,RARITY,123959,322243,1.1,2.9,False,True,True,False,True,UNDERPRICED
CRD_B87B09A888294C1C873C,네크로즈마 GX,RR,026/051,sm3n_ja-26,sm3-63,EN,590,3134,0.188200,3120,7590,0,0,75272,0,0,0,PSA10 > RAW,,COEF,0.228936,RARITY,1738,,2.9,,True,True,False,False,True,UNDERPRICED
CRD_D05CD67F8E8E4364A643,가라르 썬더,AR,188/172,swsh12a_ja-188,swshp-SWSH283,JP,1770,3764,0.470300,5995,3764,9500,1,53562,24722,72675,0,PSA10 > PSA9 > RAW,PSA10 > RAW,COEF,0.535789,RARITY,2017,5090,1.1,2.9,False,True,True,False,True,UNDERPRICED
CRD_DD544B72133A4A17A1BB,멜론,SR,262/184,swsh8b_ja-274,swsh10tg-TG26,JP,1891,6837,0.276500,10033,6837,14250,1,68128,28809,75050,0,PSA10 > PSA9 > RAW,PSA10 > RAW,COEF,0.388629,RARITY,2657,5538,1.4,2.9,False,True,True,False,True,UNDERPRICED
CRD_EA3CF1FA1069431480A0,규리의 눈빛,SR,127/106,sv8_ja-129,sv8-233,JP,1258,3196,0.393600,2829,3196,9500,1,59047,16225,80740,28500,PSA10 > PSA9 > RAW,PSA10 > PSA9 > RAW,COEF,0.388629,RARITY,1242,3692,1.0,2.9,False,False,True,False,True,UNDERPRICED
CRD_F50C5E99DDEA4109903A,볼트로스 EX,RR,022/078,xy6_ja-22,xy6-26,EN,599,3181,0.188200,3166,7667,0,0,25828,46018,0,0,PSA9 > PSA10 > RAW,,COEF,0.228936,RARITY,1755,,2.9,,True,True,False,False,True,UNDERPRICED
CRD_08208815CA6B42DFB7C7,단풍,SR,097/078,sv1v_ja-97,sv1-237,JP,1324,3365,0.393600,5368,3365,9500,1,62412,32343,98705,28500,PSA10 > PSA9 > RAW,PSA10 > PSA9 > RAW,COEF,0.388629,RARITY,1308,3692,1.0,2.8,False,False,True,False,True,UNDERPRICED
CRD_0FF5AA22F1EE4EE0BE22,루가루암 GX,RR,056/114,sm4p_ja-56,smp-SM14,EN,379,2013,0.188200,2013,4594,0,0,0,0,0,0,RAW,,COEF,0.228936,RARITY,1052,,2.8,,True,True,False,False,True,UNDERPRICED
CRD_3E39B2A60D644D419C7A,자마젠타,AR,107/098,sv10_ja-107,sv10-201,JP,1850,3933,0.470300,6913,3933,9500,1,61782,29178,65550,28490,PSA10 > PSA9 > RAW,PSA10 > PSA9 > RAW,COEF,0.535789,RARITY,2107,5090,1.1,2.8,False,True,True,False,True,UNDERPRICED
CRD_3E730E3C8E944D9C8CAD,리자몽 ex,RR,009/049,NO_JP,svp-161,EN,2186,11616,0.188200,11562,0,27075,6,0,0,142500,24272,,PSA10 > RAW > PSA9,COEF,0.228936,RARITY,,6198,,2.8,False,False,True,False,True,UNDERPRICED
CRD_3F605DD9C57145F4A405,레시라무 ex,SR,160/086,sv11w_ja-160,rsv10pt5-158,JP,1451,3688,0.393600,5078,3688,10450,5,74903,28394,83600,0,PSA10 > PSA9 > RAW,PSA10 > RAW,COEF,0.388629,RARITY,1433,4061,1.0,2.8,False,False,True,False,True,UNDERPRICED
CRD_6CCC633E4EDE4AC7B8F3,보스의 지령,HR,112/096,swsh2_ja-112,swsh2-200,EN,25036,69971,0.357800,69971,161500,0,0,0,0,142500,0,RAW,PSA10,COEF,0.432255,RARITY,69809,,2.8,,True,True,False,False,True,UNDERPRICED
CRD_83D97C53AA124CCABCA0,아이리스의 투지,SR,122/100,sv9_ja-121,sv9-180,JP,1324,3365,0.393600,1973,3365,9500,9,55989,21157,76000,28490,PSA10 > PSA9 > RAW,PSA10 > PSA9 > RAW,COEF,0.388629,RARITY,1308,3692,1.0,2.8,False,False,True,False,True,UNDERPRICED
CRD_97D7C457DF3B41A8A619,마자용 BREAK,RR,055/131,cp4_ja-55,xyp-XY155,EN,4991,26520,0.188200,26520,61444,0,0,262446,32266,0,0,PSA10 > RAW > PSA9,,COEF,0.228936,RARITY,14067,,2.8,,True,True,False,False,True,UNDERPRICED
CRD_BB2792DF08BD4BE4A1F2,M헬가 EX,RR,010/059,xy8r_ja-10,xy8-22,EN,6229,33096,0.188200,32943,76809,0,0,64409,0,0,0,RAW > PSA10,,COEF,0.228936,RARITY,17584,,2.8,,True,True,False,False,True,UNDERPRICED
CRD_CDF7188601734FA48B24,피카츄,PR,S-P 5,swshp_ja-24,swshp-SWSH039,JP,2890,33803,0.085500,16196,33803,95000,14,353897,88701,389500,114000,PSA10 > PSA9 > RAW,PSA10 > PSA9 > RAW,COEF,0.085544,RARITY,2892,8127,1.0,2.8,False,True,True,False,True,UNDERPRICED
CRD_D36A8D255E484367A01A,메타그로스 GX,RR,035/050,sm2l_ja-35,sm2-85,EN,766,4072,0.188200,4053,9250,0,0,147533,92173,0,0,PSA10 > PSA9 > RAW,,COEF,0.228936,RARITY,2118,,2.8,,True,True,False,False,True,UNDERPRICED
CRD_E4D0E0A32E434B4396AD,박사의 연구(매그놀리아박사),HR,071/060,swsh1w_ja-71,swsh1-209,EN,2166,6054,0.357800,6026,13890,0,0,38412,0,0,0,PSA10 > RAW,,COEF,0.432255,RARITY,6004,,2.8,,True,True,False,False,True,UNDERPRICED
CRD_03969BCA263B42ACB41A,프테라 VSTAR,HR,118/100,swsh11_ja-118,swsh11-199,JP,5274,12200,0.432300,23047,12200,33250,1,72353,34202,156750,0,PSA10 > PSA9 > RAW,PSA10 > RAW,COEF,0.432255,RARITY,5274,14372,1.0,2.7,False,False,True,False,True,UNDERPRICED
CRD_093F671F8D0F4F349B81,블래키 V,RR,047/069,swsh6a_ja-47,swsh7-94,EN,1614,8574,0.188200,8534,3595,19000,8,119108,37398,118503,40375,PSA10 > PSA9 > RAW,PSA10 > PSA9 > RAW,COEF,0.228936,RARITY,823,4350,0.5,2.7,False,False,True,False,True,UNDERPRICED
CRD_1A2040BEE94E4AB1AFAE,쥬레곤,AR,084/080,m2_ja-84,me2-97,JP,1872,3979,0.470300,7769,3979,9500,3,63518,22940,64600,27550,PSA10 > PSA9 > RAW,PSA10 > PSA9 > RAW,COEF,0.535789,RARITY,2132,5090,1.1,2.7,False,True,True,False,True,UNDERPRICED
CRD_1BE9EEDEDD6944B99663,파비코리 EX,RR,063/078,xy10_ja-63,xy10-83,EN,836,4440,0.188200,4420,10002,0,0,99948,0,0,0,PSA10 > RAW,,COEF,0.228936,RARITY,2290,,2.7,,True,True,False,False,True,UNDERPRICED
CRD_23BFAC1CC99540DEB9B9,샤미드 ex,RR,161/742,sv8a_ja-31,sv8pt5-23,EN,801,4256,0.188200,4236,1767,9500,1,59907,28179,65550,28310,PSA10 > PSA9 > RAW,PSA10 > PSA9 > RAW,COEF,0.228936,RARITY,405,2175,0.5,2.7,False,False,True,False,True,UNDERPRICED
CRD_561FF374668A4C52B7A9,루나아라 GX,RR,028/060,sm1m_ja-28,sm1-66,EN,1105,5869,0.188200,5869,13060,0,0,107216,18438,0,0,PSA10 > PSA9 > RAW,,COEF,0.228936,RARITY,2990,,2.7,,True,True,False,False,True,UNDERPRICED
CRD_6107CE7DBE884EAE9B22,보스의 지령(게치스),SR,092/073,sv1a_ja-95,sv2-248,JP,4046,10279,0.393600,17639,10279,28500,4,47247,15380,0,0,PSA10 > PSA9 > RAW,RAW,COEF,0.388629,RARITY,3995,11076,1.0,2.7,False,False,True,False,True,UNDERPRICED
CRD_7518CBB1CFE544CF9DA8,난천의 패기,HR,121/100,swsh9_ja-122,swsh9-178,EN,3502,9787,0.357800,9742,21480,19000,1,52363,19083,99750,33250,PSA10 > RAW > PSA9,PSA10 > PSA9 > RAW,COEF,0.432255,RARITY,9285,8213,2.7,2.3,True,True,True,False,True,UNDERPRICED
CRD_89C3A6311F30458ABBDA,풍란,SR,199/190,swsh4a_ja-195,swsh45-72,JP,8981,32481,0.276500,18173,32481,62700,7,109182,51549,127062,54625,PSA10 > PSA9 > RAW,PSA10 > RAW > PSA9,COEF,0.388629,RARITY,12623,24367,1.4,2.7,False,True,True,False,True,UNDERPRICED
CRD_8E2C1FBCA2F54B3FBFEA,흑마 칼레오스 VMAX,UR,281/184,swsh8b_ja-281,swsh10tg-TG30,JP,4211,9649,0.436400,7708,9649,22800,2,36599,0,94050,0,PSA10 > RAW,PSA10 > RAW,COEF,0.491811,RARITY,4745,11213,1.1,2.7,False,True,True,False,True,UNDERPRICED
CRD_A2D5C36D69B54AE9834C,블래키 GX,RR,037/060,sm1m_ja-37,sm1-80,JP,12099,30038,0.402800,47077,30038,142490,11,657537,55605,370500,0,PSA10 > PSA9 > RAW,PSA10 > RAW,COEF,0.228936,RARITY,6877,32621,0.6,2.7,False,False,True,False,True,UNDERPRICED
CRD_A3B4ED53661A41AD9BE6,티고라스,AR,089/080,m3_ja-89,mep-70,JP,1886,4010,0.470300,5399,4010,9500,1,130002,53777,73616,19000,PSA10 > PSA9 > RAW,PSA10 > PSA9 > RAW,COEF,0.535789,RARITY,2149,5090,1.1,2.7,False,True,True,False,True,UNDERPRICED
CRD_A4182C43172645D6AA8D,아세로라의 장난,SR,085/063,m1s_ja-84,me1-165,JP,2437,6192,0.393600,4221,6192,17100,38,84445,20865,125314,28500,PSA10 > PSA9 > RAW,PSA10 > PSA9 > RAW,COEF,0.388629,RARITY,2406,6646,1.0,2.7,False,False,True,False,True,UNDERPRICED
CRD_CE16E6C6333B4A89872C,다크펫,AR,749/742,NO_JP,me2pt5-234,EN,6964,20251,0.343900,19994,0,35150,16,0,0,188100,0,,PSA10 > RAW,COEF,0.535789,RARITY,,18833,,2.7,False,False,True,False,True,UNDERPRICED
CRD_D6012E58494D4846B6FB,기라티나 V,RR,110/172,swsh12a_ja-110,swshp-SWSH259,EN,815,4333,0.188200,4313,1198,9500,2,76117,15518,104500,0,PSA10 > PSA9 > RAW,PSA10 > RAW,COEF,0.228936,RARITY,274,2175,0.3,2.7,False,False,True,False,True,UNDERPRICED
CRD_EBD265D880914608AC93,리피아 V,RR,017/414,swsh6a_ja-2,swsh7-7,EN,963,5116,0.188200,5093,2028,11400,2,48783,23216,85500,38000,PSA10 > PSA9 > RAW,PSA10 > PSA9 > RAW,COEF,0.228936,RARITY,464,2610,0.5,2.7,False,False,True,False,True,UNDERPRICED
CRD_065512D143D348EDBE3E,님피아 ex,RR,299/742,sv8a_ja-69,sv8pt5-41,JP,842,2090,0.402800,3930,2090,9500,2,57341,36876,74100,21270,PSA10 > PSA9 > RAW,PSA10 > PSA9 > RAW,COEF,0.228936,RARITY,478,2175,0.6,2.6,False,False,True,False,True,UNDERPRICED
CRD_249FD650FBBB4F8C8E9F,AZ의 평온,SR,108/083,m4_ja-108,NO_EN,JP,1415,3595,0.393600,0,3595,9500,1,0,33818,0,0,PSA9 > RAW,RAW,COEF,0.388629,RARITY,1397,3692,1.0,2.6,False,False,True,False,True,UNDERPRICED
CRD_2E88C364F7394ACBB0AB,마리,SR,193/190,swsh4a_ja-198,swshp-SWSH121,JP,25894,93648,0.276500,48215,93648,171000,16,254103,77546,292514,123500,PSA10 > RAW > PSA9,PSA10 > RAW > PSA9,COEF,0.388629,RARITY,36394,66456,1.4,2.6,False,True,True,False,True,UNDERPRICED
CRD_32D88C6671424AA28280,카푸꼬꼬꼭 GX,RR,032/114,sm4p_ja-32,sm2-47,EN,567,3012,0.188200,2998,6530,0,0,30791,0,0,0,PSA10 > RAW,,COEF,0.228936,RARITY,1495,,2.6,,True,True,False,False,True,UNDERPRICED
CRD_4595906EF9644EC481E6,메타몽(프리즘스타),PR,108/173,sm12a_ja-108,sm8-154,JP,1364,15949,0.085500,29762,15949,42218,1,93295,38135,330600,0,PSA10 > PSA9 > RAW,PSA10 > RAW,COEF,0.085544,RARITY,1364,3611,1.0,2.6,False,False,True,False,True,UNDERPRICED
CRD_53504BEF2B164AFA9492,부우부,CHR,073/067,swsh9a_ja-73,swsh10tg-TG12,JP,6648,7129,0.932500,13030,7129,15200,1,69065,27595,90716,0,PSA10 > PSA9 > RAW,PSA10 > RAW,COEF,1.12,RARITY,7984,17024,1.2,2.6,False,True,True,False,True,UNDERPRICED
CRD_59D5ED41D1EE424B829A,찬석,SAR,243/172,swsh12a_ja-240,swsh12pt5gg-GG57,JP,3426,10279,0.333300,8197,10279,23750,1,46340,20650,74575,33250,PSA10 > PSA9 > RAW,PSA10 > PSA9 > RAW,COEF,0.376892,RARITY,3874,8951,1.1,2.6,False,True,True,False,True,UNDERPRICED
CRD_6DDE5C3825A04030BEC6,에브이GX,RR,024/060,sm1s_ja-24,sm1-61,JP,7062,17531,0.402800,14101,17531,80750,2,195025,31482,142500,0,PSA10 > PSA9 > RAW,PSA10 > RAW,COEF,0.228936,RARITY,4013,18487,0.6,2.6,False,False,True,False,True,UNDERPRICED
CRD_6EA72CB24D6C419B8BC1,두송,SR,109/100,swsh3_ja-109,swsh3-187,EN,3422,3826,0.894500,3808,22648,0,0,28870,12292,0,0,PSA10 > RAW > PSA9,,COEF,0.388629,RARITY,8802,,2.6,,True,True,False,False,True,UNDERPRICED
CRD_808E7CD437F24C0A8CE3,모야모의 찌리배리 ex,SAR,125/100,sv9_ja-125,sv9-183,JP,20438,61321,0.333300,68573,61321,140600,9,160793,48968,179788,115425,PSA10 > RAW > PSA9,PSA10 > RAW > PSA9,COEF,0.376892,RARITY,23111,52991,1.1,2.6,False,True,True,False,True,UNDERPRICED
CRD_822997E0527747B387C1,순무,HR,082/070,swsh2a_ja-82,swsh35-77,EN,1600,4471,0.357800,4450,9634,0,0,21511,43021,0,0,PSA9 > PSA10 > RAW,,COEF,0.432255,RARITY,4164,,2.6,,True,True,False,False,True,UNDERPRICED
CRD_B24FEAA15B354EE7A819,파라섹트,CHR,072/071,swsh10a_ja-72,swsh11tg-TG01,JP,4040,4333,0.932500,6010,4333,9500,1,53377,22340,65303,0,PSA10 > PSA9 > RAW,PSA10 > RAW,COEF,1.12,RARITY,4853,10640,1.2,2.6,False,True,True,False,True,UNDERPRICED
CRD_D89AE69557754704BE5B,로켓단의 람다,SR,119/098,sv10_ja-122,sv10-226,JP,4971,12630,0.393600,15288,12630,33250,4,78637,9956,0,0,PSA10 > RAW > PSA9,RAW,COEF,0.388629,RARITY,4908,12922,1.0,2.6,False,False,True,False,True,UNDERPRICED
CRD_0F7BC33D863F44F7AA78,오리진 펄기아 V,SR,070/067,swsh10p_ja-70,swshp-SWSH253,EN,2411,4087,0.590000,4068,15718,0,0,68496,0,0,0,PSA10 > RAW,,COEF,0.388629,RARITY,6108,,2.5,,True,True,False,False,True,UNDERPRICED
CRD_24EB8C7EAF8344B58654,샤미드 VMAX,RR,002/004,NO_JP,swsh7-30,EN,3262,17331,0.188200,17331,0,35625,1,0,0,141502,0,,PSA10 > RAW,COEF,0.228936,RARITY,,8156,,2.5,False,False,True,False,True,UNDERPRICED
CRD_2FE394C852394D129604,나몰빼미,AR,082/080,m3_ja-82,me3-90,JP,2045,4348,0.470300,8558,4348,9500,4,67344,25982,75990,0,PSA10 > PSA9 > RAW,PSA10 > RAW,COEF,0.535789,RARITY,2330,5090,1.1,2.5,False,True,True,False,True,UNDERPRICED
CRD_31A84E046FF1424F95D8,나루림,AR,750/742,NO_JP,me2pt5-236,EN,5062,14719,0.343900,14651,0,23750,12,0,0,109250,0,,PSA10 > RAW,COEF,0.535789,RARITY,,12725,,2.5,False,False,True,False,True,UNDERPRICED
CRD_7115A416A282440CAC93,고동치는달 ex,UR,093/066,sv4k_ja-93,sv4-262,JP,5264,12061,0.436400,10216,12061,27075,2,82171,26458,103864,0,PSA10 > PSA9 > RAW,PSA10 > RAW,COEF,0.491811,RARITY,5932,13316,1.1,2.5,False,True,True,False,True,UNDERPRICED
CRD_B1BA8BA294224C83B570,피카츄,CHR,054/049,sm11b_ja-54,sm12-241,JP,170872,183241,0.932500,342189,183241,386555,20,760865,369861,741000,255312,PSA10 > PSA9 > RAW,PSA10 > RAW > PSA9,COEF,1.12,RARITY,205230,432942,1.2,2.5,False,True,True,False,True,UNDERPRICED
CRD_D18C8870DB964490B498,히스이의 동료들,SR,250/172,swsh12a_ja-249,swsh12pt5-148,JP,2018,7298,0.276500,10675,7298,12816,9,66053,27395,102239,37430,PSA10 > PSA9 > RAW,PSA10 > PSA9 > RAW,COEF,0.388629,RARITY,2836,4981,1.4,2.5,False,True,True,False,True,UNDERPRICED
CRD_DC46034507A149F9A1E5,레쿠쟈 V,SR,076/067,swsh7r_ja-76,swsh7-194,JP,239974,609691,0.393600,770038,609691,1567500,15,3097805,759451,3321438,1329990,PSA10 > PSA9 > RAW,PSA10 > RAW > PSA9,COEF,0.388629,RARITY,236944,609176,1.0,2.5,False,False,True,False,True,UNDERPRICED
CRD_DD6F191F02AB496F8456,암스타 BREAK,RR,017/078,xy10_ja-17,xy10-19,EN,885,4702,0.188200,4680,9500,0,0,67728,0,0,0,PSA10 > RAW,,COEF,0.228936,RARITY,2175,,2.5,,True,True,False,False,True,UNDERPRICED
CRD_EC2A05A657CA48619633,칠색조 GX,RR,013/114,sm4p_ja-13,sm3-21,JP,3076,7636,0.402800,8702,7636,33060,1,121413,34509,0,0,PSA10 > PSA9 > RAW,RAW,COEF,0.228936,RARITY,1748,7569,0.6,2.5,False,False,True,False,True,UNDERPRICED
CRD_F3D10A6AC6D949C88832,보송송,CHR,194/184,swsh8b_ja-194,swsh12tg-TG03,JP,8396,9004,0.932500,8779,9004,18990,5,56128,34156,68866,23750,PSA10 > PSA9 > RAW,PSA10 > PSA9 > RAW,COEF,1.12,RARITY,10084,21269,1.2,2.5,False,True,True,False,True,UNDERPRICED
CRD_1383604BEB0C4B209BFE,원규,HR,089/067,swsh9a_ja-89,swsh10-206,EN,3227,9019,0.357800,8977,18146,0,0,81049,9419,76000,0,PSA10 > RAW > PSA9,PSA10,COEF,0.432255,RARITY,7844,,2.4,,True,True,False,False,True,UNDERPRICED
CRD_1AD1B3ABA677423BBCAE,라이츄 V,SR,106/100,swsh9_ja-106,swsh9-158,JP,2885,7329,0.393600,9452,7329,17680,10,40886,39948,152000,0,PSA10 > PSA9 > RAW,PSA10 > RAW,COEF,0.388629,RARITY,2848,6871,1.0,2.4,False,False,True,False,True,UNDERPRICED
CRD_1BA92AE483D3487E9AD9,레지락 ex,SR,115/098,sv10_ja-115,sv10-214,EN,997,1690,0.590000,1682,6192,0,0,45987,38258,61750,0,PSA10 > PSA9 > RAW,PSA10,COEF,0.388629,RARITY,2406,,2.4,,True,True,False,False,True,UNDERPRICED
CRD_1DF3BDE764954B38BA78,폭거북스 GX,RR,009/050,sm2k_ja-9,sm2-18,EN,575,3058,0.188200,3043,6146,0,0,102990,0,0,0,PSA10 > RAW,,COEF,0.228936,RARITY,1407,,2.4,,True,True,False,False,True,UNDERPRICED
CRD_261019703FC444A39023,흉내내기 아가씨,HR,086/067,swsh7d_ja-86,swsh7-222,EN,2457,6868,0.357800,6836,13813,0,0,33418,0,0,0,PSA10 > RAW,,COEF,0.432255,RARITY,5971,,2.4,,True,True,False,False,True,UNDERPRICED
CRD_262F67E35B964E6B9C67,야도킹 ex,SR,086/071,sv2p_ja-86,sv2-238,JP,2050,5209,0.393600,10644,5209,12796,2,73198,0,95000,0,PSA10 > RAW,PSA10 > RAW,COEF,0.388629,RARITY,2024,4973,1.0,2.4,False,False,True,False,True,UNDERPRICED
CRD_3AF8CE5102AA47F5A68E,리자몽 ex,SAR,134/108,sv3_ja-134,sv3-223,JP,77805,233437,0.333300,185545,233437,489250,24,829453,315962,792614,403750,PSA10 > PSA9 > RAW,PSA10 > RAW > PSA9,COEF,0.376892,RARITY,87981,184394,1.1,2.4,False,True,True,False,True,UNDERPRICED
CRD_6FC66FFBF4F043FF9348,난천의 한카리아스 ex,SR,080/063,sv9a_ja-80,sv10-215,JP,3072,7805,0.393600,8672,7805,19000,2,77807,17024,77738,0,PSA10 > PSA9 > RAW,PSA10 > RAW,COEF,0.388629,RARITY,3033,7384,1.0,2.4,False,False,True,False,True,UNDERPRICED
CRD_7269FACD98284466BD3F,부스터 V,SR,072/069,swsh6a_ja-72,swsh7-169,JP,6265,15918,0.393600,30192,15918,39425,4,81987,34709,109250,30400,PSA10 > PSA9 > RAW,PSA10 > RAW > PSA9,COEF,0.388629,RARITY,6186,15322,1.0,2.4,False,False,True,False,True,UNDERPRICED
CRD_7BB12D81EF244F06890A,푸호꼬,AR,085/083,m4_ja-85,NO_EN,JP,2587,5501,0.470300,0,5501,11400,11,40916,30130,0,0,PSA10 > PSA9 > RAW,RAW,COEF,0.535789,RARITY,2947,6108,1.1,2.4,False,True,True,False,True,UNDERPRICED
CRD_9A786ECB0C1441ADB6E9,야부엉,AR,114/102,sv7_ja-114,svp-141,EN,2135,6207,0.343900,6179,2735,9500,2,57464,19252,64600,0,PSA10 > PSA9 > RAW,PSA10 > RAW,COEF,0.535789,RARITY,1465,5090,0.7,2.4,False,False,True,False,True,UNDERPRICED
CRD_C452FDCBD46A43E587EC,가라르 가로막구리,AR,209/193,m2a_ja-209,me2pt5-245,EN,2140,6223,0.343900,6194,2259,9500,1,56051,26581,64125,28310,PSA10 > PSA9 > RAW,PSA10 > PSA9 > RAW,COEF,0.535789,RARITY,1210,5090,0.6,2.4,False,False,True,False,True,UNDERPRICED
CRD_C512FB10DEBE4D3A9245,솔가레오 GX,RR,040/060,sm1s_ja-40,sm1-89,JP,2253,5593,0.402800,4129,5593,23750,1,48061,0,0,0,PSA10 > RAW,RAW,COEF,0.228936,RARITY,1280,5437,0.6,2.4,False,False,True,False,True,UNDERPRICED
CRD_CCEB4346B9854D20B752,볼트로스,AR,120/086,sv11b_ja-120,svp-209,JP,2132,4533,0.470300,3319,4533,9500,1,65623,17762,66709,0,PSA10 > PSA9 > RAW,PSA10 > RAW,COEF,0.535789,RARITY,2429,5090,1.1,2.4,False,True,True,False,True,UNDERPRICED
CRD_D3A35E24EA494A63BB44,비트,SR,068/060,swsh1w_ja-68,swsh1-199,EN,4962,5547,0.894500,5521,30714,0,0,33019,115236,0,0,PSA9 > PSA10 > RAW,,COEF,0.388629,RARITY,11936,,2.4,,True,True,False,False,True,UNDERPRICED
CRD_F878464C76304FFF8660,핫삼 ex,SR,089/071,sv5m_ja-89,sv5-195,JP,1560,3964,0.393600,5720,3964,9500,1,46217,12276,0,0,PSA10 > PSA9 > RAW,RAW,COEF,0.388629,RARITY,1541,3692,1.0,2.4,False,False,True,False,True,UNDERPRICED
CRD_0902F4E6CC9047A98559,피카츄,PR,,svp_ja-218,svp-88,JP,4326,50596,0.085500,43989,50596,116375,58,345385,119692,333678,77900,PSA10 > PSA9 > RAW,PSA10 > RAW > PSA9,COEF,0.085544,RARITY,4328,9955,1.0,2.3,False,True,True,False,True,UNDERPRICED
CRD_11D6E395867B46F49FE8,루기아 VSTAR,HR,118/098,swsh12_ja-118,swsh12-202,JP,14095,32604,0.432300,64548,32604,75288,12,203522,55190,218310,71202,PSA10 > PSA9 > RAW,PSA10 > RAW > PSA9,COEF,0.432255,RARITY,14093,32544,1.0,2.3,False,False,True,False,True,UNDERPRICED
CRD_1752B1022AD74CC0AF24,모미,SR,080/070,swsh5r_ja-81,swsh5-159,EN,11174,12492,0.894500,12434,66192,0,0,79482,36276,132990,56050,PSA10 > RAW > PSA9,PSA10 > PSA9,COEF,0.388629,RARITY,25724,,2.3,,True,True,False,False,True,UNDERPRICED
CRD_29464E6CFC1448969B4A,무청,SR,113/098,swsh12_ja-113,swsh12-189,JP,3853,13936,0.276500,10186,13936,22325,2,67375,38274,113411,34646,PSA10 > PSA9 > RAW,PSA10 > PSA9 > RAW,COEF,0.388629,RARITY,5416,8676,1.4,2.3,False,True,True,False,True,UNDERPRICED
CRD_60994F0DC5F242CA928F,릴리에의 삐삐 ex,SR,115/100,sv9_ja-115,sv9-173,JP,4856,12338,0.393600,13917,12338,28310,12,71738,21280,99152,36100,PSA10 > PSA9 > RAW,PSA10 > PSA9 > RAW,COEF,0.388629,RARITY,4795,11002,1.0,2.3,False,False,True,False,True,UNDERPRICED
CRD_79249DEC98634364B4D5,시유,SR,122/101,sv6_ja-123,sv6-204,JP,4566,11600,0.393600,10767,11600,26885,4,63795,18407,99266,24690,PSA10 > PSA9 > RAW,PSA10 > RAW > PSA9,COEF,0.388629,RARITY,4508,10448,1.0,2.3,False,False,True,False,True,UNDERPRICED
CRD_874BB3258CA94959BBC0,갸라도스 GX,RR,008/050,sm4a_ja-8,sm4-18,EN,7507,39887,0.188200,39388,12445,76000,2,165510,73567,237405,0,PSA10 > PSA9 > RAW,PSA10 > RAW,COEF,0.228936,RARITY,2849,17399,0.4,2.3,False,False,True,False,True,UNDERPRICED
CRD_94D776CD680F432CBF1B,루기아 V,SR,109/098,swsh12_ja-109,swsh12-185,JP,7118,18084,0.393600,26351,18084,41790,12,162928,30714,237405,0,PSA10 > PSA9 > RAW,PSA10 > RAW,COEF,0.388629,RARITY,7028,16241,1.0,2.3,False,False,True,False,True,UNDERPRICED
CRD_96D90414AA724083A05A,테사,SAR,138/108,sv3_ja-137,sv3-226,JP,3201,9603,0.333300,4970,9603,19570,3,28886,15964,94990,0,PSA10 > PSA9 > RAW,PSA10 > RAW,COEF,0.376892,RARITY,3619,7376,1.1,2.3,False,True,True,False,True,UNDERPRICED
CRD_B8B69E5A34C042F2928346295A367A70,메가리자몽X ex,MUR,116/080,m2_ja-116,me2-130,JP,483749,995163,0.486100,546050,995163,2294250,52,4572334,589532,5114316,1745625,PSA10 > RAW > PSA9,PSA10 > RAW > PSA9,COEF,0.487134,RARITY,484778,1117607,1.0,2.3,False,True,True,False,True,UNDERPRICED
CRD_C41854F7D20E8756104AAA3F9F81E8EA,요코하마 피카츄 (283),PR,283/SM-P,smp_ja-283,,PROMO_DIRECT,367864,367864,,0,367864,855000,3,1988543,773372,1710000,592800,PSA10 > PSA9 > RAW,PSA10 > RAW > PSA9,RAW_DIRECT,,PROMO,367864,855000,1.0,2.3,False,False,True,False,True,UNDERPRICED
CRD_D333E4DB73424513B205,쥬피썬더 GX,RR,013/038,NO_JP,smp-SM173,EN,2762,14673,0.188200,14605,0,28310,1,0,0,124925,38000,,PSA10 > PSA9 > RAW,COEF,0.228936,RARITY,,6481,,2.3,False,False,True,False,True,UNDERPRICED
CRD_DC7B1F9CDDF44E588CD0,미라이돈 ex,SR,094/078,sv1v_ja-94,sv1-227,JP,1633,4149,0.393600,5062,4148,9500,1,50473,19944,66500,42750,PSA10 > PSA9 > RAW,PSA10 > PSA9 > RAW,COEF,0.388629,RARITY,1612,3692,1.0,2.3,False,False,True,False,True,UNDERPRICED
CRD_E81BE663681D40F082FC,피카츄,PR,S-P 183,swshp_ja-323,swsh12pt5-160,EN,26405,82232,0.321100,82232,646000,712500,34,1171074,523202,1127080,568100,PSA10 > RAW > PSA9,PSA10 > RAW > PSA9,COEF,0.085544,RARITY,55261,60950,2.1,2.3,True,True,True,False,True,UNDERPRICED
CRD_EC410684A6FD4E888271,뮤츠 V,SR,074/071,swsh10b_ja-74,pgo-72,JP,42170,107139,0.393600,99933,107139,247000,29,402435,116312,485754,156275,PSA10 > PSA9 > RAW,PSA10 > RAW > PSA9,COEF,0.388629,RARITY,41637,95991,1.0,2.3,False,False,True,False,True,UNDERPRICED
CRD_EF3512D636064758A7B4,메가개굴닌자 ex,RR,022/083,m4_ja-22,NO_EN,JP,996,2474,0.402800,0,2474,9975,10,79175,0,0,0,PSA10 > RAW,RAW,COEF,0.228936,RARITY,566,2284,0.6,2.3,False,False,True,False,True,UNDERPRICED
CRD_147D2B78F8B043E3BB91,루기아 V,SR,110/098,swsh12_ja-110,swsh12-186,JP,287254,729813,0.393600,820035,729813,1662500,10,2150918,688574,1966500,1054500,PSA10 > RAW > PSA9,PSA10 > RAW > PSA9,COEF,0.388629,RARITY,283626,646096,1.0,2.2,False,False,True,False,True,UNDERPRICED
CRD_1550F9965A5248E99C97,리자몽 ex,RR,006/021,NO_JP,svp-196,EN,1507,8005,0.188200,7968,0,14250,3,0,0,95000,0,,PSA10 > RAW,COEF,0.228936,RARITY,,3262,,2.2,False,False,True,False,True,UNDERPRICED
CRD_1D26125A944B41DFAE0A,스쿨걸,SR,078/067,swsh7d_ja-78,swsh8-262,EN,3037,3396,0.894500,3380,9219,16910,1,69203,18653,104500,0,PSA10 > PSA9 > RAW,PSA10 > RAW,COEF,0.388629,RARITY,3583,6572,1.2,2.2,True,True,True,False,True,UNDERPRICED
CRD_26CD880191FC48B2BE27,벨의 진심,SR,090/071,sv5m_ja-92,sv5-197,JP,1693,4302,0.393600,4359,4302,9500,2,64824,23308,121362,36100,PSA10 > PSA9 > RAW,PSA10 > PSA9 > RAW,COEF,0.388629,RARITY,1672,3692,1.0,2.2,False,False,True,False,True,UNDERPRICED
CRD_2F1F77D90BA84F3E8C7D,피카츄,PR,S-P 75,swshp_ja-124,swshp-SWSH153,JP,5087,59493,0.085500,71712,59493,131100,28,471454,136363,394240,128250,PSA10 > PSA9 > RAW,PSA10 > RAW > PSA9,COEF,0.085544,RARITY,5089,11215,1.0,2.2,False,True,True,False,True,UNDERPRICED
CRD_3C1390FC1DF04130BF02,민화의 초대,SR,197/165,sv2a_ja-196,sv3pt5-196,JP,6344,16118,0.393600,15080,16118,36100,22,105894,34217,176700,41800,PSA10 > PSA9 > RAW,PSA10 > PSA9 > RAW,COEF,0.388629,RARITY,6264,14030,1.0,2.2,False,False,True,False,True,UNDERPRICED
CRD_44A4617C7F3347A2B08A,피카츄 V,RR,045/184,swsh8b_ja-45,swsh4-43,JP,996,2474,0.402800,4099,2474,9738,18,108337,33956,131100,35616,PSA10 > PSA9 > RAW,PSA10 > PSA9 > RAW,COEF,0.228936,RARITY,566,2229,0.6,2.2,False,False,True,False,True,UNDERPRICED
CRD_45D3A4AB841C4BAAA951,두랄루돈 VMAX,UR,285/184,swsh8b_ja-285,swsh12tg-TG30,JP,2769,6346,0.436400,6393,6346,12350,2,52179,10755,76000,0,PSA10 > PSA9 > RAW,PSA10 > RAW,COEF,0.491811,RARITY,3121,6074,1.1,2.2,False,True,True,False,True,UNDERPRICED
CRD_5E8B9D8B826549B5BE0E,글레이시아 GX,RR,027/150,sm8b_ja-27,sm5-39,EN,2611,13874,0.188200,13810,5915,24700,1,72537,35047,90250,47500,PSA10 > PSA9 > RAW,PSA10 > PSA9 > RAW,COEF,0.228936,RARITY,1354,5655,0.5,2.2,False,False,True,False,True,UNDERPRICED
CRD_6254B969E7A7449094FA,흉내내기 아가씨,SR,079/067,swsh7d_ja-79,swsh7-200,EN,3532,3949,0.894500,3930,19682,14250,1,73014,32066,70186,33250,PSA10 > PSA9 > RAW,PSA10 > PSA9 > RAW,COEF,0.388629,RARITY,7649,5538,2.2,1.6,True,True,True,False,True,UNDERPRICED
CRD_80B334F26A674D66A45F,메가이어롭 ex,SR,100/080,m2_ja-100,me2-115,JP,1705,4333,0.393600,4298,4333,9500,1,56281,26028,71240,0,PSA10 > PSA9 > RAW,PSA10 > RAW,COEF,0.388629,RARITY,1684,3692,1.0,2.2,False,False,True,False,True,UNDERPRICED
CRD_85DA754292A84C40923E,지우개굴닌자 EX,PR,,xyp_ja-218,xyp-XY133,JP,13137,153648,0.085500,159594,153648,332310,1,1223161,486158,1501000,369958,PSA10 > PSA9 > RAW,PSA10 > PSA9 > RAW,COEF,0.085544,RARITY,13144,28427,1.0,2.2,False,True,True,False,True,UNDERPRICED
CRD_99651D6378CB49808433,비주기의 카리스마,SR,198/165,sv2a_ja-197,sv3pt5-197,JP,1699,4318,0.393600,7769,4318,9500,4,93848,35785,125846,0,PSA10 > PSA9 > RAW,PSA10 > RAW,COEF,0.388629,RARITY,1678,3692,1.0,2.2,False,False,True,False,True,UNDERPRICED
CRD_AF50D7F7BF224CA6B856,신오의 동료들,SR,247/172,swsh12a_ja-247,swsh12pt5-149,JP,3114,11262,0.276500,13997,11262,17575,8,60153,7145,107340,37810,PSA10 > RAW > PSA9,PSA10 > PSA9 > RAW,COEF,0.388629,RARITY,4377,6830,1.4,2.2,False,True,True,False,True,UNDERPRICED
CRD_CDEC77ACD877490BB161,라티아스 ex,SR,078/064,sv7a_ja-78,sv8-220,JP,3320,8435,0.393600,10813,8435,19000,1,74442,41270,122550,0,PSA10 > PSA9 > RAW,PSA10 > RAW,COEF,0.388629,RARITY,3278,7384,1.0,2.2,False,False,True,False,True,UNDERPRICED
CRD_CF565FADAC9C45388046,뮤 ex,RR,076/190,sv4a_ja-76,sv3pt5-151,EN,2082,11063,0.188200,11011,2950,19589,7,102483,31467,141075,0,PSA10 > PSA9 > RAW,PSA10 > RAW,COEF,0.228936,RARITY,675,4485,0.3,2.2,False,False,True,False,True,UNDERPRICED
CRD_D7B9B3BCB4264919B5BC,투희,SR,166/086,sv11w_ja-166,rsv10pt5-164,JP,4965,12615,0.393600,21004,12615,28016,10,68158,20051,109250,27930,PSA10 > PSA9 > RAW,PSA10 > RAW > PSA9,COEF,0.388629,RARITY,4903,10888,1.0,2.2,False,False,True,False,True,UNDERPRICED
CRD_D97F8DEBE01544ABAA7E,코라이돈 ex,SAR,103/078,sv1s_ja-103,sv1-247,JP,17688,53070,0.333300,38627,53070,104500,5,145858,36368,218490,47500,PSA10 > RAW > PSA9,PSA10 > RAW > PSA9,COEF,0.376892,RARITY,20002,39385,1.1,2.2,False,True,True,False,True,UNDERPRICED
CRD_EF91E183AFB348229113,성화,SR,084/071,swsh10a_ja-86,swsh11-189,JP,2953,10679,0.276500,6010,10679,16625,1,62120,27964,94050,34675,PSA10 > PSA9 > RAW,PSA10 > PSA9 > RAW,COEF,0.388629,RARITY,4150,6461,1.4,2.2,False,True,True,False,True,UNDERPRICED
CRD_00A1C8B22B694905AABF,개굴닌자 V,RR,014/053,NO_JP,swsh8-73,EN,1038,5516,0.188200,5490,0,9500,1,0,0,91818,0,,PSA10 > RAW,COEF,0.228936,RARITY,,2175,,2.1,False,False,True,False,True,UNDERPRICED
CRD_24141283AF4D42638547,볼가이,SR,195/190,swsh4a_ja-196,swsh45-65,JP,1721,6223,0.276500,6714,6223,9500,1,50550,10310,77425,0,PSA10 > PSA9 > RAW,PSA10 > RAW,COEF,0.388629,RARITY,2418,3692,1.4,2.1,False,True,True,False,True,UNDERPRICED
CRD_3E9E5C6840D049589B84,모란,SR,097/078,sv1s_ja-100,sv1-239,JP,2957,7513,0.393600,6821,7513,16150,1,75718,17162,79800,0,PSA10 > PSA9 > RAW,PSA10 > RAW,COEF,0.388629,RARITY,2920,6276,1.0,2.1,False,False,True,False,True,UNDERPRICED
CRD_439C86F598EA473882CC,솔록,AR,189/172,swsh12a_ja-189,swsh12pt5gg-GG15,JP,2421,5147,0.470300,9039,5147,9500,1,46033,22002,62700,0,PSA10 > PSA9 > RAW,PSA10 > RAW,COEF,0.535789,RARITY,2758,5090,1.1,2.1,False,True,True,False,True,UNDERPRICED
CRD_4A6AB07D1EE64032B862,로켓단의 뮤츠 ex,UR,130/098,sv10_ja-130,sv10-240,JP,28249,64732,0.436400,113715,64732,121125,35,236725,92250,306366,90250,PSA10 > PSA9 > RAW,PSA10 > RAW > PSA9,COEF,0.491811,RARITY,31836,59571,1.1,2.1,False,True,True,False,True,UNDERPRICED
CRD_4E744A43E495413AAC15,님피아 VMAX,HR,093/069,swsh6a_ja-93,swsh7-212,JP,398532,921888,0.432300,598459,921888,1900000,3,2224700,811830,2170750,1311000,PSA10 > RAW > PSA9,PSA10 > RAW > PSA9,COEF,0.432255,RARITY,398491,821284,1.0,2.1,False,False,True,False,True,UNDERPRICED
CRD_4F6B88682F194C539477,메가입치트 ex,SR,080/063,m1l_ja-80,me1-162,JP,1772,4502,0.393600,4359,4502,9500,1,44619,26289,67212,21850,PSA10 > PSA9 > RAW,PSA10 > PSA9 > RAW,COEF,0.388629,RARITY,1750,3692,1.0,2.1,False,False,True,False,True,UNDERPRICED
CRD_53601313F5F840D7BE86,네모,SAR,351/190,sv4a_ja-351,sv4pt5-238,JP,2561,7682,0.333300,10751,7682,14250,4,59385,24092,103930,38000,PSA10 > PSA9 > RAW,PSA10 > PSA9 > RAW,COEF,0.376892,RARITY,2895,5371,1.1,2.1,False,True,True,False,True,UNDERPRICED
CRD_5592B918549340D29D73,크로뱃,AR,091/083,m4_ja-91,NO_EN,JP,2457,5224,0.470300,0,5224,9500,4,111395,0,0,0,PSA10 > RAW,RAW,COEF,0.535789,RARITY,2799,5090,1.1,2.1,False,True,True,False,True,UNDERPRICED
CRD_7C055CB02C3D4C798554,흉내내기 피카츄,PR,407/SM-P,smp_ja-407,,PROMO_DIRECT,343833,343833,,0,343833,705366,9,1684750,532360,1435288,459752,PSA10 > PSA9 > RAW,PSA10 > RAW > PSA9,RAW_DIRECT,,PROMO,343833,705366,1.0,2.1,False,False,True,False,True,UNDERPRICED
CRD_80762657E1724F278624,아세로라의 예감,SR,269/184,swsh8b_ja-255,swsh9tg-TG24,EN,11545,12906,0.894500,12906,42745,61275,9,167860,43344,161500,56050,PSA10 > PSA9 > RAW,PSA10 > RAW > PSA9,COEF,0.388629,RARITY,16612,23813,1.4,2.1,True,True,True,False,True,UNDERPRICED
CRD_8130AF03F0B74BF88F4B,제크로무 ex,SR,161/086,sv11b_ja-161,zsv10pt5-158,JP,2528,6422,0.393600,7219,6422,13652,4,74642,26182,103075,0,PSA10 > PSA9 > RAW,PSA10 > RAW,COEF,0.388629,RARITY,2496,5306,1.0,2.1,False,False,True,False,True,UNDERPRICED
CRD_89F2A38B167C4010B9FF,망나뇽 V,SR,073/067,swsh7r_ja-73,swsh7-191,JP,12851,32650,0.393600,57449,32650,69340,4,182856,34571,289750,0,PSA10 > PSA9 > RAW,PSA10 > RAW,COEF,0.388629,RARITY,12689,26948,1.0,2.1,False,False,True,False,True,UNDERPRICED
CRD_8E26CAF93B2D45FE870C,무한다이노 V,SR,106/100,swsh3_ja-106,swshp-SWSH044,EN,2846,4825,0.590000,4802,15119,0,0,19882,0,0,0,PSA10 > RAW,,COEF,0.388629,RARITY,5876,,2.1,,True,True,False,False,True,UNDERPRICED
CRD_93DF43C333324F0FB26C,기라티나 V,SR,111/100,swsh11_ja-111,swsh11-186,JP,408212,1037124,0.393600,1330914,1037124,2200827,6,3332502,1663378,3154000,1994990,PSA10 > PSA9 > RAW,PSA10 > RAW > PSA9,COEF,0.388629,RARITY,403056,855305,1.0,2.1,False,False,True,False,True,UNDERPRICED
CRD_A313B53B087D4A94B80A,쥬피썬더 V,RR,130/414,swsh6a_ja-30,swshp-SWSH151,EN,1024,5439,0.188200,5414,1982,9500,1,73935,33956,80750,38000,PSA10 > PSA9 > RAW,PSA10 > PSA9 > RAW,COEF,0.228936,RARITY,454,2175,0.4,2.1,False,False,True,False,True,UNDERPRICED
CRD_BA10F03AB84145BBB276,메가메가니움 ex,RR,761/742,NO_JP,me2pt5-272,EN,28370,150744,0.188200,150744,0,264414,24,0,0,603012,237500,,PSA10 > RAW > PSA9,COEF,0.228936,RARITY,,60534,,2.1,False,False,True,False,True,UNDERPRICED
CRD_BE8BC1ED2FFA48EFAEE0,에브이 ex,RR,298/742,sv8a_ja-63,sv8pt5-34,EN,1012,5378,0.188200,5353,2428,9500,2,48814,30253,77416,26030,PSA10 > PSA9 > RAW,PSA10 > PSA9 > RAW,COEF,0.228936,RARITY,556,2175,0.5,2.1,False,False,True,False,True,UNDERPRICED
CRD_C0757BA5FDB846169FFD,뽀삐,SAR,137/108,sv3_ja-138,sv3-227,JP,3318,9956,0.333300,6087,9956,18810,2,62550,25967,76466,22800,PSA10 > PSA9 > RAW,PSA10 > PSA9 > RAW,COEF,0.376892,RARITY,3752,7089,1.1,2.1,False,True,True,False,True,UNDERPRICED
CRD_C3AC7D22528745FE8E4B,따라큐 V,RR,076/184,swsh8b_ja-76,swsh9-68,EN,1029,5470,0.188200,5445,1629,9500,1,68174,13874,0,0,PSA10 > PSA9 > RAW,RAW,COEF,0.228936,RARITY,373,2175,0.4,2.1,False,False,True,False,True,UNDERPRICED
CRD_C84ED2B9A3F04FFF9591,아르세우스 VSTAR,UR,125/100,swsh9_ja-125,swsh9-184,JP,10661,24430,0.436400,27795,24430,45980,10,92558,26089,149824,0,PSA10 > PSA9 > RAW,PSA10 > RAW,COEF,0.491811,RARITY,12015,22613,1.1,2.1,False,True,True,False,True,UNDERPRICED
CRD_D7574728F6AB49FEBD4E,님피아 VMAX,HR,092/069,swsh6a_ja-92,swsh7-211,JP,20146,46601,0.432300,87871,46601,97366,5,131338,75334,187625,56990,PSA10 > PSA9 > RAW,PSA10 > RAW > PSA9,COEF,0.432255,RARITY,20144,42087,1.0,2.1,False,False,True,False,True,UNDERPRICED
CRD_F8E30FB79C2745469735,켄타로스,AR,094/083,m4_ja-94,NO_EN,JP,2464,5239,0.470300,0,5239,9500,3,110120,0,0,0,PSA10 > RAW,RAW,COEF,0.535789,RARITY,2807,5090,1.1,2.1,False,True,True,False,True,UNDERPRICED
CRD_0323B3DF18D24127932E,단단지,AR,064/063,m1s_ja-64,me1-136,JP,2594,5516,0.470300,10782,5516,9500,1,74642,25613,64505,0,PSA10 > PSA9 > RAW,PSA10 > RAW,COEF,0.535789,RARITY,2955,5090,1.1,2.0,False,True,True,False,True,UNDERPRICED
CRD_2371B40007C64AC0B36E,모야모의 찌리배리 ex,UR,130/100,sv9_ja-130,sv9-188,JP,8542,19575,0.436400,29946,19575,34200,6,79282,29470,118750,28025,PSA10 > PSA9 > RAW,PSA10 > RAW > PSA9,COEF,0.491811,RARITY,9627,16820,1.1,2.0,False,True,True,False,True,UNDERPRICED
CRD_322DAF78A9B34EA2B745,연격 우라오스 VMAX,UR,283/184,swsh8b_ja-283,swsh9tg-TG30,JP,3889,8912,0.436400,7310,8912,15960,1,58448,13828,107350,0,PSA10 > PSA9 > RAW,PSA10 > RAW,COEF,0.491811,RARITY,4383,7849,1.1,2.0,False,True,True,False,True,UNDERPRICED
CRD_68FF087ED5984A63BAE9,피카츄 ex,SR,122/106,sv8_ja-122,sv8-219,JP,20247,51441,0.393600,47861,51441,104975,39,230564,90821,249375,109155,PSA10 > PSA9 > RAW,PSA10 > PSA9 > RAW,COEF,0.388629,RARITY,19991,40796,1.0,2.0,False,False,True,False,True,UNDERPRICED
CRD_7F6CC76C333E432E9B6A,피카츄 V,RR,012/031,swshp_ja-121,swshp-SWSH063,JP,3299,8189,0.402800,10706,8189,28975,12,178723,29961,183407,51395,PSA10 > PSA9 > RAW,PSA10 > PSA9 > RAW,COEF,0.228936,RARITY,1875,6633,0.6,2.0,False,False,True,False,True,UNDERPRICED
CRD_81C9A32B267046DDA955,고동치는달 ex,SAR,090/066,sv4k_ja-90,sv4-251,JP,21017,63057,0.333300,64271,63057,113430,6,139681,76102,150708,0,PSA10 > PSA9 > RAW,PSA10 > RAW,COEF,0.376892,RARITY,23766,42751,1.1,2.0,False,True,True,False,True,UNDERPRICED
CRD_9327DCC9A6474DD0A15B,글레이시아 V,RR,024/069,swsh6a_ja-24,swsh7-40,JP,1108,2750,0.402800,4267,2750,9500,1,101976,21065,85500,38000,PSA10 > PSA9 > RAW,PSA10 > PSA9 > RAW,COEF,0.228936,RARITY,630,2175,0.6,2.0,False,False,True,False,True,UNDERPRICED
CRD_A6F7502948814BF9A22C,블래키 VMAX,HR,095/069,swsh6a_ja-95,swsh7-215,EN,1215206,3396328,0.357800,3396328,5225000,5700000,1,7500296,3244877,8170000,5182772,PSA10 > RAW > PSA9,PSA10 > RAW > PSA9,COEF,0.432255,RARITY,2258532,2463854,1.9,2.0,True,True,True,False,True,UNDERPRICED
CRD_ADB6937D5829468DB1AF,데덴네,AR,085/080,m3_ja-85,me3-93,JP,2580,5485,0.470300,8988,5485,9500,6,78268,30730,75990,30780,PSA10 > PSA9 > RAW,PSA10 > PSA9 > RAW,COEF,0.535789,RARITY,2939,5090,1.1,2.0,False,True,True,False,True,UNDERPRICED
CRD_C481BCD104FC4D799A10,타로,SR,125/102,sv7_ja-124,sv7-166,JP,2207,5608,0.393600,4466,5608,11400,3,102345,33772,108205,24130,PSA10 > PSA9 > RAW,PSA10 > PSA9 > RAW,COEF,0.388629,RARITY,2179,4430,1.0,2.0,False,False,True,False,True,UNDERPRICED
CRD_CE3692D573244C4CB4EA,주혜,SR,079/067,swsh10p_ja-77,swsh10-186,EN,12067,13490,0.894500,13490,56235,63166,4,154432,41009,139032,57000,PSA10 > RAW > PSA9,PSA10 > RAW > PSA9,COEF,0.388629,RARITY,21855,24548,1.8,2.0,True,True,True,False,True,UNDERPRICED
CRD_EC4DDEF3D32C4E658D4C,뮤 V,SR,106/100,swsh8_ja-106,swsh8-251,JP,57150,145197,0.393600,178754,145197,294500,18,591652,169428,595365,256500,PSA10 > PSA9 > RAW,PSA10 > RAW > PSA9,COEF,0.388629,RARITY,56428,114451,1.0,2.0,False,False,True,False,True,UNDERPRICED
CRD_EE2EA1C36FA84838903C,금랑,SAR,235/172,swsh12a_ja-237,swsh12pt5gg-GG65,JP,2361,7083,0.333300,8075,7083,12350,1,126529,31897,71725,28500,PSA10 > PSA9 > RAW,PSA10 > PSA9 > RAW,COEF,0.376892,RARITY,2670,4655,1.1,2.0,False,True,True,False,True,UNDERPRICED
CRD_FEAFF0B8A8FD47979EFA,무쇠잎새 ex,UR,233/187,sv8a_ja-233,sv8pt5-176,JP,2555,5854,0.436400,8901,5854,10450,3,56773,28748,74955,0,PSA10 > PSA9 > RAW,PSA10 > RAW,COEF,0.491811,RARITY,2879,5139,1.1,2.0,False,True,True,False,True,UNDERPRICED
CRD_0BCE4311895A4715B616,피카츄 V,RR,030/100,swsh4_ja-30,swsh4-43,JP,1139,2827,0.402800,4099,2827,9500,7,129433,31529,155800,0,PSA10 > PSA9 > RAW,PSA10 > RAW,COEF,0.228936,RARITY,647,2175,0.6,1.9,False,False,True,False,True,UNDERPRICED
CRD_176BE23510B840A2A394,피카츄 ex,RR,764/742,NO_JP,me2pt5-276,EN,371494,1973931,0.188200,1973931,0,3040000,65,0,0,5037603,2413000,,PSA10 > RAW > PSA9,COEF,0.228936,RARITY,,695965,,1.9,False,False,True,False,True,UNDERPRICED
CRD_2BD642F0ABE84DA8BDCF,테라파고스 ex,UR,133/102,sv7_ja-133,sv7-173,JP,4345,9956,0.436400,18330,9956,17100,1,62335,19990,71250,0,PSA10 > PSA9 > RAW,PSA10 > RAW,COEF,0.491811,RARITY,4896,8410,1.1,1.9,False,True,True,False,True,UNDERPRICED
CRD_66116DF43BE7463F97E7,아로마 아가씨,HR,096/069,swsh6a_ja-96,swsh7-221,JP,4271,9880,0.432300,9436,9880,19000,1,78360,19375,88521,28500,PSA10 > PSA9 > RAW,PSA10 > PSA9 > RAW,COEF,0.432255,RARITY,4271,8213,1.0,1.9,False,False,True,False,True,UNDERPRICED
CRD_75F716B7F446495680CA,기라티나 V,SR,110/100,swsh11_ja-110,swsh11-185,JP,10753,27319,0.393600,29285,27319,52725,14,140803,69695,190000,46550,PSA10 > PSA9 > RAW,PSA10 > RAW > PSA9,COEF,0.388629,RARITY,10617,20490,1.0,1.9,False,False,True,False,True,UNDERPRICED
CRD_8157AABF97274614824E,모란,SAR,352/190,sv4a_ja-354,sv4pt5-239,JP,6862,20589,0.333300,28041,20589,35302,5,92834,29608,186608,49400,PSA10 > PSA9 > RAW,PSA10 > PSA9 > RAW,COEF,0.376892,RARITY,7760,13305,1.1,1.9,False,True,True,False,True,UNDERPRICED
CRD_99A5A2C5F74143BABC24,코라이돈 ex,UR,106/078,sv1s_ja-106,sv1-254,JP,6055,13874,0.436400,10262,13874,23750,1,47001,22064,118750,0,PSA10 > PSA9 > RAW,PSA10 > RAW,COEF,0.491811,RARITY,6823,11681,1.1,1.9,False,True,True,False,True,UNDERPRICED
CRD_99F4E975DD944ADE96D9,다태우지네 V,SR,072/070,swsh2a_ja-72,swsh3-179,EN,1550,2627,0.590000,2615,7636,0,0,0,0,0,0,RAW,,COEF,0.388629,RARITY,2968,,1.9,,True,True,False,False,True,UNDERPRICED
CRD_AC4EB0CDE09A4473820C,삼삼드래 ex,SAR,133/106,sv8_ja-133,sv8-240,JP,14979,44942,0.333300,65915,44942,76000,3,101131,60860,126740,74100,PSA10 > PSA9 > RAW,PSA10 > RAW > PSA9,COEF,0.376892,RARITY,16938,28644,1.1,1.9,False,True,True,False,True,UNDERPRICED
CRD_C1ED974D21D945F6AE35,아쿠아단의 가이오가 EX,RR,006/034,cp1_ja-6,dc1-6,JP,172053,427141,0.402800,757930,427141,1425000,2,3745370,1781871,3781000,1311000,PSA10 > PSA9 > RAW,PSA10 > RAW > PSA9,COEF,0.228936,RARITY,97788,326234,0.6,1.9,False,False,True,False,True,UNDERPRICED
CRD_D57859CD4BA84DEEBC5A,루카리오 VSTAR,SAR,226/172,swsh12a_ja-226,swshp-SWSH291,JP,9341,28025,0.333300,24111,28025,46550,51,198943,45664,193952,61750,PSA10 > PSA9 > RAW,PSA10 > PSA9 > RAW,COEF,0.376892,RARITY,10562,17544,1.1,1.9,False,True,True,False,True,UNDERPRICED
CRD_DBD66A8B209F456490D9,블래키 VMAX,HR,094/069,swsh6a_ja-94,swsh7-214,JP,28488,65900,0.432300,117172,65900,123490,12,300336,44005,345278,127300,PSA10 > RAW > PSA9,PSA10 > PSA9 > RAW,COEF,0.432255,RARITY,28486,53379,1.0,1.9,False,False,True,False,True,UNDERPRICED
CRD_E942132314EF46888CF0,프리져 GX,RR,014/066,sm6b_ja-14,sm7-31,JP,2909,7221,0.402800,14009,7221,23560,1,79528,43006,130578,0,PSA10 > PSA9 > RAW,PSA10 > RAW,COEF,0.228936,RARITY,1653,5394,0.6,1.9,False,False,True,False,True,UNDERPRICED
CRD_F21447D57D74494F983B,순무,SR,077/070,swsh2a_ja-77,swsh3-186,EN,1855,2074,0.894500,2065,9210,0,0,0,0,0,0,RAW,,COEF,0.388629,RARITY,3579,,1.9,,True,True,False,False,True,UNDERPRICED
CRD_F2780FF8888D4EC99BCC,메가캥카 ex,SR,080/063,m1s_ja-80,me1-164,JP,1990,5055,0.393600,7723,5055,9500,1,45802,25690,69350,0,PSA10 > PSA9 > RAW,PSA10 > RAW,COEF,0.388629,RARITY,1965,3692,1.0,1.9,False,False,True,False,True,UNDERPRICED
CRD_F70C1790FD9042749050,크리만,CHR,209/184,swsh8b_ja-209,swsh12tg-TG09,JP,5545,5946,0.932500,6454,5946,9500,1,54007,39441,66966,0,PSA10 > PSA9 > RAW,PSA10 > RAW,COEF,1.12,RARITY,6660,10640,1.2,1.9,False,True,True,False,True,UNDERPRICED
CRD_047131CE3AB3482C8F7F,굽이치는물결 ex,UR,235/187,sv8a_ja-235,sv8pt5-178,JP,2635,6038,0.436400,10293,6038,9500,1,56435,34156,90250,0,PSA10 > PSA9 > RAW,PSA10 > RAW,COEF,0.491811,RARITY,2970,4672,1.1,1.8,False,True,True,False,True,UNDERPRICED
CRD_0FFC051368D048A489A8,타로,SAR,132/102,sv7_ja-131,sv7-172,JP,11241,33726,0.333300,35600,33726,52250,10,148439,33925,242392,53200,PSA10 > PSA9 > RAW,PSA10 > PSA9 > RAW,COEF,0.376892,RARITY,12711,19693,1.1,1.8,False,True,True,False,True,UNDERPRICED
CRD_14D2B39ACE854972906D,가라르 산호르곤 V,SR,103/100,swsh3_ja-103,swsh35-71,EN,1432,2428,0.590000,2416,6530,0,0,67405,0,0,0,PSA10 > RAW,,COEF,0.388629,RARITY,2538,,1.8,,True,True,False,False,True,UNDERPRICED
CRD_1D86DD36D9564C309BE6,리자몽 ex,SR,125/108,sv3_ja-125,sv3-215,JP,10245,26028,0.393600,35692,26028,47728,30,210021,29562,179075,104490,PSA10 > PSA9 > RAW,PSA10 > PSA9 > RAW,COEF,0.388629,RARITY,10115,18548,1.0,1.8,False,False,True,False,True,UNDERPRICED
CRD_1EAFC9958EE848E3BAA6,히스이 드레디어 V,SR,068/067,swsh10d_ja-68,swsh10-162,EN,2620,4440,0.590000,4420,12215,0,0,38458,0,0,0,PSA10 > RAW,,COEF,0.388629,RARITY,4747,,1.8,,True,True,False,False,True,UNDERPRICED
CRD_364F4FE8048A4DC09AA0,흑마 버드렉스 V,SR,076/070,swsh6k_ja-76,swsh6-172,JP,15101,38366,0.393600,41485,38366,71250,2,86258,30730,117800,0,PSA10 > RAW > PSA9,PSA10 > RAW,COEF,0.388629,RARITY,14910,27690,1.0,1.8,False,False,True,False,True,UNDERPRICED
CRD_572C9B22477A47FB9AEB,금랑,SR,077/067,swsh7d_ja-77,swsh7-202,EN,9882,11047,0.894500,11047,22940,45600,1,55298,13828,66006,0,PSA10 > RAW > PSA9,PSA10 > RAW,COEF,0.388629,RARITY,8915,17721,0.9,1.8,True,False,True,False,True,UNDERPRICED
CRD_695A1C7D2A614268A739,리자몽 VSTAR,HR,118/100,swsh9_ja-118,swsh9-174,JP,34041,78745,0.432300,124900,78745,142490,9,253043,88885,365427,121600,PSA10 > PSA9 > RAW,PSA10 > RAW > PSA9,COEF,0.432255,RARITY,34038,61592,1.0,1.8,False,False,True,False,True,UNDERPRICED
CRD_79FBECF1B0704D588D61,제르네아스,AR,089/083,m4_ja-89,NO_EN,JP,5441,11570,0.470300,0,11570,18050,14,374133,99856,0,0,PSA10 > PSA9 > RAW,RAW,COEF,0.535789,RARITY,6199,9671,1.1,1.8,False,True,True,False,True,UNDERPRICED
CRD_8F6DB567A7EF4D5F9742,제크로무 ex,BWR,174/086,sv11b_ja-174,zsv10pt5-172,JP,140447,430844,0.325980,845863,430844,760000,34,1024924,609952,1083000,569990,PSA10 > PSA9 > RAW,PSA10 > RAW > PSA9,COEF,0.32598,CARD,140447,247745,1.0,1.8,False,False,True,False,True,UNDERPRICED
CRD_92EC2C1ED4F04945A412,야청,SR,110/100,swsh4_ja-111,swsh4-183,EN,14142,15810,0.894500,15810,67175,0,0,132767,57987,129666,0,PSA10 > RAW > PSA9,PSA10,COEF,0.388629,RARITY,26106,,1.8,,True,True,False,False,True,UNDERPRICED
CRD_936083589DA54381B714,뮤츠 VSTAR,HR,084/071,swsh10b_ja-84,pgo-79,JP,20531,47493,0.432300,85536,47493,84550,27,256838,41331,336775,99750,PSA10 > RAW > PSA9,PSA10 > PSA9 > RAW,COEF,0.432255,RARITY,20529,36547,1.0,1.8,False,False,True,False,True,UNDERPRICED
CRD_93BA1B52B6B14CF0AEDA,비크티니 V,SR,072/070,swsh5r_ja-72,swsh5-144,JP,6162,15657,0.393600,18754,15657,28490,3,92803,12276,156750,0,PSA10 > RAW > PSA9,PSA10 > RAW,COEF,0.388629,RARITY,6085,11072,1.0,1.8,False,False,True,False,True,UNDERPRICED
CRD_A0D58142340C4202B5FD,미모사,SR,098/078,sv1v_ja-100,sv1-238,EN,5258,8912,0.590000,8870,19897,23750,9,98396,16333,123500,33250,PSA10 > RAW > PSA9,PSA10 > PSA9 > RAW,COEF,0.388629,RARITY,7733,9230,1.5,1.8,True,True,True,False,True,UNDERPRICED
CRD_BFFE0E9B11644655B42B,무쇠암석 ex,SAR,095/071,sv5m_ja-95,sv5-207,JP,7600,22801,0.333300,44281,22801,36100,2,58140,20404,78755,0,PSA10 > RAW > PSA9,PSA10 > RAW,COEF,0.376892,RARITY,8594,13606,1.1,1.8,False,True,True,False,True,UNDERPRICED
CRD_C9FA55B6A1CF478FB8C3,냐스퍼,AR,087/080,m3_ja-87,me3-95,JP,2840,6038,0.470300,7913,6038,9500,1,126606,33741,89813,0,PSA10 > PSA9 > RAW,PSA10 > RAW,COEF,0.535789,RARITY,3235,5090,1.1,1.8,False,True,True,False,True,UNDERPRICED
CRD_DFF8CB13F6C7491C8154,메가앱솔 ex,SR,079/063,m1l_ja-79,me1-161,JP,2080,5285,0.393600,7341,5285,9500,1,69618,22402,70290,26600,PSA10 > PSA9 > RAW,PSA10 > PSA9 > RAW,COEF,0.388629,RARITY,2054,3692,1.0,1.8,False,False,True,False,True,UNDERPRICED
CRD_FED5150373E949A7B4AC,한카리아스 ex,SR,076/062,sv3a_ja-76,sv4-219,JP,3508,8912,0.393600,11715,8912,16530,2,81218,27180,95000,0,PSA10 > PSA9 > RAW,PSA10 > RAW,COEF,0.388629,RARITY,3463,6424,1.0,1.8,False,False,True,False,True,UNDERPRICED
CRD_269A7AD114DA491CA9AC,레시라무 ex,BWR,174/086,sv11w_ja-174,rsv10pt5-173,JP,145379,416048,0.349428,749633,416048,703000,31,1016090,466568,1030512,607990,PSA10 > PSA9 > RAW,PSA10 > RAW > PSA9,COEF,0.349428,CARD,145379,245648,1.0,1.7,False,False,True,False,True,UNDERPRICED
CRD_2757D35F33AC4CF99CC7,모야모,SR,090/071,sv2d_ja-91,sv2-254,JP,12924,32835,0.393600,17731,32835,56990,19,122611,37751,160303,45600,PSA10 > PSA9 > RAW,PSA10 > RAW > PSA9,COEF,0.388629,RARITY,12761,22148,1.0,1.7,False,False,True,False,True,UNDERPRICED
CRD_2BA1CDC0E4B94B79A0AC,배우르 V,SR,076/070,swsh1a_ja-76,swsh2-188,EN,2049,3472,0.590000,3456,8835,0,0,19974,0,0,0,PSA10 > RAW,,COEF,0.388629,RARITY,3434,,1.7,,True,True,False,False,True,UNDERPRICED
CRD_43B92747526147DBA44A,따라큐 V,RR,197/414,swsh5i_ja-27,swsh5-62,JP,1256,3119,0.402800,3227,3119,9500,1,206211,0,0,0,PSA10 > RAW,RAW,COEF,0.228936,RARITY,714,2175,0.6,1.7,False,False,True,False,True,UNDERPRICED
CRD_46AA4AF10EC446A2A11D,기모노드레스,HR,089/068,swsh11a_ja-90,swsh12-205,JP,6762,15641,0.432300,10079,15641,26600,3,62827,0,73388,0,PSA10 > RAW,PSA10 > RAW,COEF,0.432255,RARITY,6761,11498,1.0,1.7,False,False,True,False,True,UNDERPRICED
CRD_4CC81C78A11A4E46AD49,마기라스 V,SR,076/070,swsh5i_ja-76,swsh5-154,EN,9573,16225,0.590000,16150,41485,0,0,116173,21926,94990,0,PSA10 > RAW > PSA9,PSA10,COEF,0.388629,RARITY,16122,,1.7,,True,True,False,False,True,UNDERPRICED
CRD_6E77943864C749F5B25A,메가디안시 ex,MA,227/193,m2a_ja-227,me2pt5-267,JP,2145,8358,0.256600,14942,8358,14250,22,76962,39211,80845,33250,PSA10 > PSA9 > RAW,PSA10 > PSA9 > RAW,COEF,0.256562,RARITY,2144,3656,1.0,1.7,False,False,True,False,True,UNDERPRICED
CRD_7EB1930C9A224A14AE58,피카츄 ex,UR,236/187,sv8a_ja-236,sv8pt5-179,JP,41157,94309,0.436400,111088,94309,142490,54,308156,104911,377616,123500,PSA10 > PSA9 > RAW,PSA10 > RAW > PSA9,COEF,0.491811,RARITY,46382,70078,1.1,1.7,False,True,True,False,True,UNDERPRICED
CRD_8206CD8F04C740CB8753,히스이 조로아크 V,SR,083/071,swsh10a_ja-83,swshp-SWSH297,EN,1786,3027,0.590000,3013,7590,0,0,42207,0,0,0,PSA10 > RAW,,COEF,0.388629,RARITY,2950,,1.7,,True,True,False,False,True,UNDERPRICED
CRD_8B92FB178FE6408F833B,릴리에의 결심,SR,085/063,m1l_ja-86,me1-169,JP,14033,42530,0.329955,38796,42530,73464,57,231087,46479,212164,70728,PSA10 > PSA9 > RAW,PSA10 > RAW > PSA9,COEF,0.329955,CARD,14033,24240,1.0,1.7,False,False,True,False,True,UNDERPRICED
CRD_9F777E2B3AF448D78288,드래피온 VSTAR,HR,119/100,swsh11_ja-119,swsh11-200,JP,2637,6100,0.432300,9604,6100,10450,1,60000,0,0,0,PSA10 > RAW,RAW,COEF,0.432255,RARITY,2637,4517,1.0,1.7,False,False,True,False,True,UNDERPRICED
CRD_B6BEB22D4E0AE7AADC2865D17E9AE564,피카츄 (SWSH020 프로모),PR,SWSH020,,swshp-SWSH020,EN,50851,158365,0.321100,158365,0,1021202,7,0,0,1852500,674500,,PSA10 > RAW > PSA9,COEF,0.085544,RARITY,,87358,,1.7,False,False,True,False,True,UNDERPRICED
CRD_C04E029C65C04840BDAD,치라치노 ex,SR,103/083,m4_ja-103,NO_EN,JP,3169,8051,0.393600,0,8051,14240,2,0,0,0,0,RAW,RAW,COEF,0.388629,RARITY,3129,5534,1.0,1.7,False,False,True,False,True,UNDERPRICED
CRD_C57DB853FD2D46888B48,메가리자몽X ex,RR,013/080,m2_ja-13,me2-13,JP,1869,4640,0.402800,5643,4640,14250,23,115267,41869,79800,33060,PSA10 > PSA9 > RAW,PSA10 > PSA9 > RAW,COEF,0.228936,RARITY,1062,3262,0.6,1.7,False,False,True,False,True,UNDERPRICED
CRD_02BB3BE76CE644A993D6,박사의 연구(올림박사),SR,098/078,sv1s_ja-99,sv1-240,JP,2794,7099,0.393600,4925,7099,11390,1,38904,18883,74090,0,PSA10 > PSA9 > RAW,PSA10 > RAW,COEF,0.388629,RARITY,2759,4426,1.0,1.6,False,False,True,False,True,UNDERPRICED
CRD_184AC847FEF045F0A5C3,카틀레야,SR,083/070,swsh6k_ja-80,swsh6-189,EN,33769,37751,0.894500,37751,90345,137750,3,190370,84844,213750,104490,PSA10 > RAW > PSA9,PSA10 > RAW > PSA9,COEF,0.388629,RARITY,35111,53534,1.0,1.6,True,True,True,False,True,UNDERPRICED
CRD_25D1A6018B5A4A0AA38C,마스터드 일격의 태세,SR,079/070,swsh5i_ja-81,swsh5-163,EN,1855,2074,0.894500,2065,7851,0,0,24645,0,0,0,PSA10 > RAW,,COEF,0.388629,RARITY,3051,,1.6,,True,True,False,False,True,UNDERPRICED
CRD_32C64F60484E4801A991,메가루카리오 ex,MUR,092/063,m1l_ja-92,me1-188,JP,199164,409718,0.486100,436591,409718,655500,35,1240784,357815,1481364,493516,PSA10 > RAW > PSA9,PSA10 > RAW > PSA9,COEF,0.487134,RARITY,199588,319316,1.0,1.6,False,True,True,False,True,UNDERPRICED
CRD_401FD6071DA84BD28DBD,가디안 ex,SR,092/078,sv1s_ja-92,sv1-228,JP,3048,7744,0.393600,7677,7744,12160,1,66530,35339,65550,0,PSA10 > PSA9 > RAW,PSA10 > RAW,COEF,0.388629,RARITY,3010,4726,1.0,1.6,False,False,True,False,True,UNDERPRICED
CRD_49AA338BD81847B9B5A3,세레나,SR,082/068,swsh11a_ja-81,swsh12-193,EN,20698,23139,0.894500,23139,64302,87875,17,201863,74489,209000,75050,PSA10 > PSA9 > RAW,PSA10 > RAW > PSA9,COEF,0.388629,RARITY,24990,34151,1.2,1.6,True,True,True,False,True,UNDERPRICED
CRD_60F01E549A5F4ED5BCAB,피카츄,PR,,svp_ja-1,svp-27,JP,3041,35570,0.085500,36552,35570,57798,84,230195,112563,194104,66500,PSA10 > PSA9 > RAW,PSA10 > PSA9 > RAW,COEF,0.085544,RARITY,3043,4944,1.0,1.6,False,True,True,False,True,UNDERPRICED
CRD_64AC0547355944F0835D,쥬피썬더 V,SR,079/069,swsh6a_ja-79,swshp-SWSH183,JP,43440,110365,0.393600,117956,110365,179436,10,407920,125776,332016,142025,PSA10 > PSA9 > RAW,PSA10 > RAW > PSA9,COEF,0.388629,RARITY,42891,69734,1.0,1.6,False,False,True,False,True,UNDERPRICED
CRD_78C8EBD5445449F38745,자포코일 VSTAR,HR,090/071,swsh10a_ja-90,swsh11-198,JP,3507,8113,0.432300,10063,8113,13300,1,46617,55728,66500,0,PSA9 > PSA10 > RAW,PSA10 > RAW,COEF,0.432255,RARITY,3507,5749,1.0,1.6,False,False,True,False,True,UNDERPRICED
CRD_79A7AA5045634FCAAE44,로즈,SR,110/100,swsh3_ja-110,swsh3-189,EN,2639,2950,0.894500,2936,10709,0,0,23109,0,0,0,PSA10 > RAW,,COEF,0.388629,RARITY,4162,,1.6,,True,True,False,False,True,UNDERPRICED
CRD_94CA0CBDE6B040D88062,일격 우라오스 V,SR,075/070,swsh5i_ja-75,swsh5-151,JP,12688,32235,0.393600,28686,32235,52250,1,107953,55959,132050,0,PSA10 > PSA9 > RAW,PSA10 > RAW,COEF,0.388629,RARITY,12527,20306,1.0,1.6,False,False,True,False,True,UNDERPRICED
CRD_A96D274688FA4B04A973,마기라스 ex,SR,122/108,sv3_ja-122,sv3-211,JP,2298,5839,0.393600,8977,5839,9500,1,71877,26842,73625,0,PSA10 > PSA9 > RAW,PSA10 > RAW,COEF,0.388629,RARITY,2269,3692,1.0,1.6,False,False,True,False,True,UNDERPRICED
CRD_B7768191A68445AA8817,기모노드레스,SR,081/068,swsh11a_ja-82,swsh12-190,EN,6707,7498,0.894500,7463,27687,18990,3,75856,23815,113990,38000,PSA10 > RAW > PSA9,PSA10 > PSA9 > RAW,COEF,0.388629,RARITY,10760,7380,1.6,1.1,True,True,True,False,True,UNDERPRICED
CRD_F1F1BB3E1E7544FD801E,모야모의 찌리비,PR,,svp_ja-232,me2pt5-231,JP,1424,16655,0.085500,17343,16655,26125,53,52655,27841,69350,28016,PSA10 > PSA9 > RAW,PSA10 > PSA9 > RAW,COEF,0.085544,RARITY,1425,2235,1.0,1.6,False,True,True,False,True,UNDERPRICED
CRD_F7332249FC82459985F9,에브이 V,SR,080/069,swsh6a_ja-80,swsh7-179,JP,9138,23216,0.393600,41132,23216,38000,5,117956,37459,144676,38000,PSA10 > PSA9 > RAW,PSA10 > RAW > PSA9,COEF,0.388629,RARITY,9022,14768,1.0,1.6,False,False,True,False,True,UNDERPRICED
CRD_093AB925F0C14BB1BFF6,글레이시아 VMAX,HR,091/069,swsh6a_ja-91,swsh7-209,JP,245762,568498,0.432300,466537,568498,878750,3,1180078,469441,1492678,864500,PSA10 > RAW > PSA9,PSA10 > RAW > PSA9,COEF,0.432255,RARITY,245736,379844,1.0,1.5,False,False,True,False,True,UNDERPRICED
CRD_1F0C27DC82064235A11C,글레이시아 VMAX,HR,090/069,swsh6a_ja-90,swsh7-208,JP,11524,26658,0.432300,57833,26658,41182,2,116112,38335,128250,0,PSA10 > PSA9 > RAW,PSA10 > RAW,COEF,0.432255,RARITY,11523,17801,1.0,1.5,False,False,True,False,True,UNDERPRICED
CRD_33E384F099914BF89170,비파,SR,191/187,sv8a_ja-197,sv8pt5-136,EN,879,1490,0.590000,1483,3472,0,0,49198,22218,0,0,PSA10 > PSA9 > RAW,,COEF,0.388629,RARITY,1349,,1.5,,True,True,False,False,True,UNDERPRICED
CRD_371A341D2B024125AF8E,다크라이 GX,RR,064/114,sm4p_ja-64,sm3-88,JP,4338,10771,0.402800,10828,10771,28490,3,273447,35339,242060,114000,PSA10 > PSA9 > RAW,PSA10 > PSA9 > RAW,COEF,0.228936,RARITY,2466,6522,0.6,1.5,False,False,True,False,True,UNDERPRICED
CRD_536CF43303D74BB4BB90,운향,SR,094/073,sv1a_ja-92,sv2-250,EN,1840,3119,0.590000,3105,7099,0,0,36030,26535,98800,113990,PSA10 > PSA9 > RAW,PSA9 > PSA10,COEF,0.388629,RARITY,2759,,1.5,,True,True,False,False,True,UNDERPRICED
CRD_62D1A0E97E804231B0D6,리피아 VMAX,HR,088/069,swsh6a_ja-88,swsh7-204,JP,12620,29193,0.432300,55882,29193,45030,4,110580,31191,135280,0,PSA10 > PSA9 > RAW,PSA10 > RAW,COEF,0.432255,RARITY,12619,19464,1.0,1.5,False,False,True,False,True,UNDERPRICED
CRD_6E2A7F9E1B124081A497,메가무장조 ex,SR,099/080,m3_ja-99,me3-106,JP,2437,6192,0.393600,7406,6192,9500,1,73597,46094,91960,0,PSA10 > PSA9 > RAW,PSA10 > RAW,COEF,0.388629,RARITY,2406,3692,1.0,1.5,False,False,True,False,True,UNDERPRICED
CRD_87ACED114A5746E48FF7,N의 조로아크 ex,SR,117/100,sv9_ja-117,sv9-175,JP,2437,6192,0.393600,7632,6192,9500,2,69172,21203,73530,0,PSA10 > PSA9 > RAW,PSA10 > RAW,COEF,0.388629,RARITY,2406,3692,1.0,1.5,False,False,True,False,True,UNDERPRICED
CRD_94EF2035A41A4B018525,레포르,SR,189/187,sv8a_ja-199,sv8pt5-142,EN,589,999,0.590000,994,2259,0,0,36645,24538,0,0,PSA10 > PSA9 > RAW,,COEF,0.388629,RARITY,878,,1.5,,True,True,False,False,True,UNDERPRICED
CRD_95598861114B45F5BF5B,피나,SR,199/187,sv8a_ja-196,sv8pt5-138,EN,417,707,0.590000,704,1629,0,0,39749,7682,0,0,PSA10 > PSA9 > RAW,,COEF,0.388629,RARITY,633,,1.5,,True,True,False,False,True,UNDERPRICED
CRD_987A2756FB554B91BD1A,가디안 V,SR,074/070,swsh2a_ja-74,swsh35-70,EN,3554,6023,0.590000,5995,14074,0,0,66668,0,0,0,PSA10 > RAW,,COEF,0.388629,RARITY,5470,,1.5,,True,True,False,False,True,UNDERPRICED
CRD_C5DD719E8CEF486891DB,대왕끼리동 V,SR,104/096,swsh2_ja-104,swsh2-187,EN,1931,3273,0.590000,3258,7298,0,0,0,0,0,0,RAW,,COEF,0.388629,RARITY,2836,,1.5,,True,True,False,False,True,UNDERPRICED
CRD_DB2FCD2BE6764FDC8AD2,포켓몬 브리더의 육성,SR,078/070,swsh2a_ja-78,swsh3-188,EN,3972,4440,0.894500,4420,15365,0,0,63195,15349,0,0,PSA10 > RAW > PSA9,,COEF,0.388629,RARITY,5971,,1.5,,True,True,False,False,True,UNDERPRICED
CRD_DFE572539BEC48CCB019,오리진 디아루가 V,SR,074/067,swsh10d_ja-74,swshp-SWSH255,EN,3300,5593,0.590000,5567,12937,0,0,63242,0,0,0,PSA10 > RAW,,COEF,0.388629,RARITY,5028,,1.5,,True,True,False,False,True,UNDERPRICED
CRD_E62F06A94BBF4102A34B,카나리,SR,220/193,m2a_ja-219,me2pt5-257,JP,3127,7944,0.393600,6102,7944,12350,48,120829,31406,104500,32775,PSA10 > PSA9 > RAW,PSA10 > PSA9 > RAW,COEF,0.388629,RARITY,3087,4800,1.0,1.5,False,False,True,False,True,UNDERPRICED
CRD_1E2EB300CA564DADA074,마휘핑 V,SR,079/076,swsh3a_ja-79,swsh45-64,EN,6119,10371,0.590000,10323,22740,0,0,78898,0,0,0,PSA10 > RAW,,COEF,0.388629,RARITY,8837,,1.4,,True,True,False,False,True,UNDERPRICED
CRD_3E81540BBE5B4EF2A89E,오르티가,SR,192/187,sv8a_ja-189,sv8pt5-141,EN,562,953,0.590000,948,1997,0,0,31467,28701,0,0,PSA10 > PSA9 > RAW,,COEF,0.388629,RARITY,776,,1.4,,True,True,False,False,True,UNDERPRICED
CRD_492147CE938648E78FA2,애프룡 V,SR,071/070,swsh5i_ja-71,swsh5-143,EN,3291,5577,0.590000,5552,11985,0,0,47631,12292,0,0,PSA10 > PSA9 > RAW,,COEF,0.388629,RARITY,4658,,1.4,,True,True,False,False,True,UNDERPRICED
CRD_54629510CAF0436F9A1E,모단단게 V,SR,103/100,swsh8_ja-103,swsh8-248,EN,1224,2074,0.590000,2065,4256,0,0,45188,0,0,0,PSA10 > RAW,,COEF,0.388629,RARITY,1654,,1.4,,True,True,False,False,True,UNDERPRICED
CRD_5A8FC382CCE44FCEBEB2,아기씨,SR,115/100,swsh11_ja-114,swsh11-193,EN,6405,7160,0.894500,7127,19513,22790,4,77838,18929,126568,38000,PSA10 > RAW > PSA9,PSA10 > PSA9 > RAW,COEF,0.388629,RARITY,7583,8857,1.2,1.4,True,True,True,False,True,UNDERPRICED
CRD_6D25064181064465A018,백솜모카 V,SR,097/096,swsh2_ja-97,swsh2-176,EN,2085,3534,0.590000,3518,7483,0,0,35339,0,0,0,PSA10 > RAW,,COEF,0.388629,RARITY,2908,,1.4,,True,True,False,False,True,UNDERPRICED
CRD_C117A9E19A5E433BA318,팔데아 우파,PR,,svp_ja-193,me2-102,EN,2126,6622,0.321100,6592,35247,28500,3,67113,39380,63650,24700,PSA10 > PSA9 > RAW,PSA10 > RAW > PSA9,COEF,0.085544,RARITY,3015,2438,1.4,1.1,True,True,True,False,True,UNDERPRICED
CRD_E77C9D8E174B4348BB30,두랄루돈 V,SR,076/067,swsh7d_ja-76,swsh7-198,EN,17432,29547,0.590000,29547,62227,0,0,90867,76455,118750,0,PSA10 > PSA9 > RAW,PSA10,COEF,0.388629,RARITY,24183,,1.4,,True,True,False,False,True,UNDERPRICED
CRD_F2298D4559AB4FFC8AFF,가이오가,PR,,xyp_ja-177,xy5-53,EN,469,1460,0.321100,1453,7682,0,0,162037,76440,0,0,PSA10 > PSA9 > RAW,,COEF,0.085544,RARITY,657,,1.4,,True,True,False,False,True,UNDERPRICED
CRD_0060AA44D0824398AB42,추명,SR,194/187,sv8a_ja-191,sv8pt5-133,EN,689,1168,0.590000,1162,2228,0,0,48722,10786,0,0,PSA10 > PSA9 > RAW,,COEF,0.388629,RARITY,866,,1.3,,True,True,False,False,True,UNDERPRICED
CRD_25C4E5DDBD5348CBACD3,윽우지 V,SR,066/060,swsh1w_ja-66,swsh1-198,EN,2565,4348,0.590000,4328,8835,0,0,60199,19974,0,0,PSA10 > PSA9 > RAW,,COEF,0.388629,RARITY,3434,,1.3,,True,True,False,False,True,UNDERPRICED
CRD_16371A443973483F81FA,리자몽 GX,RR,003/043,sm3h_ja-11,sm3-20,JP,17533,43528,0.402800,38402,43528,90240,3,249555,53977,233938,52250,PSA10 > PSA9 > RAW,PSA10 > RAW > PSA9,COEF,0.228936,RARITY,9965,20659,0.6,1.2,False,False,True,False,True,UNDERPRICED
CRD_70F0C4F7265945BF97DE,리자몽 ex,RR,115/190,sv4a_ja-115,sv4pt5-54,JP,1838,4563,0.402800,7800,4563,9500,2,98304,23800,109060,0,PSA10 > PSA9 > RAW,PSA10 > RAW,COEF,0.228936,RARITY,1045,2175,0.6,1.2,False,False,True,False,True,UNDERPRICED
CRD_89F870261BCE4E9C87D5,릴리에의 결심,SAR,090/063,m1l_ja-91,me1-184,EN,85167,115405,0.737984,115405,245714,287366,73,684732,139881,746662,245100,PSA10 > RAW > PSA9,PSA10 > RAW > PSA9,COEF,0.341699,CARD,83960,98193,1.0,1.2,True,False,True,False,True,UNDERPRICED
CRD_9239E2F6422F4F328D52,라이츄&알로라라이츄 GX,RR,008/054,sm10a_ja-8,sm11-54,JP,11338,28148,0.402800,55221,28148,57000,13,177632,46479,260300,49400,PSA10 > PSA9 > RAW,PSA10 > RAW > PSA9,COEF,0.228936,RARITY,6444,13049,0.6,1.2,False,False,True,False,True,UNDERPRICED
CRD_DB0F99DBDC074D509C4E,어니언,SR,084/076,swsh3a_ja-84,swsh4-179,EN,7229,8082,0.894500,8044,22141,0,0,54560,0,95000,57000,PSA10 > RAW,PSA10 > PSA9,COEF,0.388629,RARITY,8605,,1.2,,True,True,False,False,True,UNDERPRICED
CRD_26947826E457449096C5,마스터드 연격의 태세,SR,079/070,swsh5r_ja-80,swsh5-162,EN,1883,2105,0.894500,2095,5178,0,0,27657,0,0,0,PSA10 > RAW,,COEF,0.388629,RARITY,2012,,1.1,,True,True,False,False,True,UNDERPRICED
CRD_93B44E38ADC1449B84C7,냐오닉스 EX,PR,,xyp_ja-196,g1-37,EN,2294,7145,0.321100,7112,30714,0,0,122411,0,0,0,PSA10 > RAW,,COEF,0.085544,RARITY,2627,,1.1,,True,True,False,False,True,UNDERPRICED
CRD_280E5479B51D442889C9,춤추새 ex,SAR,111/080,m2_ja-111,mep-24,EN,21205,23308,0.909779,23308,43759,53998,50,192905,44558,163381,61740,PSA10 > PSA9 > RAW,PSA10 > PSA9 > RAW,COEF,0.397478,CARD,17393,21463,0.8,1.0,True,False,True,False,True,UNDERPRICED
CRD_52F916AFA8B244C5ACDA,채두,SR,111/100,swsh4_ja-109,swsh4-180,EN,12259,13705,0.894500,13642,30929,28490,1,79252,61137,104500,0,PSA10 > PSA9 > RAW,PSA10 > RAW,COEF,0.388629,RARITY,12020,11072,1.0,0.9,True,False,False,False,False,SELECTION_ONLY
CRD_9529FB33C2B2497B9A13,올리브,SR,106/096,swsh2_ja-105,swsh2-191,EN,11572,12937,0.894500,12891,30730,0,0,92634,21311,78850,23750,PSA10 > RAW > PSA9,PSA10 > PSA9,COEF,0.388629,RARITY,11943,,1.0,,True,True,False,False,True,UNDERPRICED
CRD_A045FBD15C434CEA9670,리자몽 ex,RR,066/108,sv3_ja-66,sv3-125,JP,2172,5393,0.402800,9054,5393,9500,1,99287,47385,113990,0,PSA10 > PSA9 > RAW,PSA10 > RAW,COEF,0.228936,RARITY,1235,2175,0.6,1.0,False,False,True,False,True,UNDERPRICED
CRD_BA7824DD9F5F4039A731,멜론,SR,080/070,swsh6h_ja-83,swsh6-195,EN,7985,8927,0.894500,8886,20312,0,0,67375,43697,109906,0,PSA10 > PSA9 > RAW,PSA10,COEF,0.388629,RARITY,7894,,1.0,,True,False,False,False,False,SELECTION_ONLY
CRD_F66B10F9608D4C8CB922,스쿨보이,SR,078/067,swsh7r_ja-78,swsh8-261,EN,2611,2919,0.894500,2906,6914,0,0,32865,0,0,0,PSA10 > RAW,,COEF,0.388629,RARITY,2687,,1.0,,True,True,False,False,True,UNDERPRICED
CRD_0BDC07CD5DF04DCC8A26,M레쿠쟈 EX,RR,105/171,xy6_ja-62,xy6-76,JP,40228,99871,0.402800,129769,99871,161500,1,689895,184900,554002,0,PSA10 > PSA9 > RAW,PSA10 > RAW,COEF,0.228936,RARITY,22864,36973,0.6,0.9,False,False,False,False,False,REVIEW
CRD_123A0C58771F4B76BBFE,아강의 비장의카드,SR,077/070,xy5t_ja-77,xy5-157,EN,14850,35877,0.413928,35877,114000,0,0,265703,141356,0,0,PSA10 > PSA9 > RAW,,COEF,0.123719,CARD,14104,,0.9,,True,False,False,False,False,SELECTION_ONLY
CRD_19B52BB682954C4DB699,루기아 V,RR,079/098,swsh12_ja-79,swsh12-138,JP,4852,12046,0.402800,25982,12046,19000,15,149991,38289,121600,32775,PSA10 > PSA9 > RAW,PSA10 > PSA9 > RAW,COEF,0.228936,RARITY,2758,4350,0.6,0.9,False,False,False,False,False,REVIEW
CRD_49B4C54D818A4CF7BA81,M리자몽 EX,RR,055/080,xy2_ja-55,xy2-69,JP,176385,437897,0.402800,413006,437897,665000,1,1521638,167953,1395550,482125,PSA10 > RAW > PSA9,PSA10 > RAW > PSA9,COEF,0.228936,RARITY,100250,152242,0.6,0.9,False,False,False,False,False,REVIEW
CRD_4EC3A525E385456A88F0,레쿠쟈 EX,PR,,xyp_ja-122,xyp-XY69,EN,68627,213724,0.321100,212735,0,725800,22,1776263,443029,1144750,608000,PSA10 > PSA9,PSA10 > RAW > PSA9,COEF,0.085544,RARITY,,62088,,0.9,False,False,False,False,False,REVIEW
CRD_5798719CFA7B4AF9928A,딱구리 EX,PR,,xyp_ja-197,g1-46,EN,1307,4072,0.321100,4053,13644,0,0,40394,0,127300,0,PSA10 > RAW,PSA10,COEF,0.085544,RARITY,1167,,0.9,,True,False,False,False,False,SELECTION_ONLY
CRD_D7F007D1EFC04DE9A1AF,뮤츠 EX,PR,,xyp_ja-190,xyp-XY183,EN,7484,23308,0.321100,23201,76824,47500,1,201248,53761,519650,178600,PSA10 > RAW > PSA9,PSA10 > PSA9 > RAW,COEF,0.085544,RARITY,6572,4063,0.9,0.5,True,False,False,False,False,SELECTION_ONLY
CRD_E35983B2ADA24AC889C1,찬석의 활기,SR,078/067,swsh10d_ja-77,swsh10-181,EN,5209,5823,0.894500,5796,12154,0,0,47754,32558,0,0,PSA10 > PSA9 > RAW,,COEF,0.388629,RARITY,4723,,0.9,,True,False,False,False,False,SELECTION_ONLY
CRD_AAA1B0D73E594E6E9585,나옹,PR,,svp_ja-192,me2-106,EN,11387,35462,0.321100,35462,109858,95000,4,227261,84476,253289,128250,PSA10 > RAW > PSA9,PSA10 > PSA9 > RAW,COEF,0.085544,RARITY,9398,8127,0.8,0.7,True,False,False,False,False,SELECTION_ONLY
CRD_AC64EB9FF98F4DD68A0B,원더래버린스(프리즘스타),PR,145/150,sm8b_ja-145,sm9-158,EN,321,999,0.321100,994,3073,0,0,99871,0,0,0,PSA10 > RAW,,COEF,0.085544,RARITY,263,,0.8,,True,False,False,False,False,SELECTION_ONLY
CRD_01AD02026ECC4FEDBF4F,이상해꽃 EX,PR,,xyp_ja-233,xyp-XY28,EN,2363,7360,0.321100,7326,18868,0,0,110534,52916,121600,0,PSA10 > PSA9 > RAW,PSA10,COEF,0.085544,RARITY,1614,,0.7,,True,False,False,False,False,SELECTION_ONLY
CRD_0F321114788E4CC0A5AB,플라이곤 EX,PR,,xyp_ja-114,xyp-XY61,EN,4539,14136,0.321100,14136,37260,0,0,141218,39948,0,0,PSA10 > PSA9 > RAW,,COEF,0.085544,RARITY,3187,,0.7,,True,False,False,False,False,SELECTION_ONLY
CRD_174D03650DD04FAB90ED,볼케니온(프리즘스타),PR,027/094,sm6_ja-27,sm6-31,EN,1322,4118,0.321100,4099,11493,0,0,89792,0,0,0,PSA10 > RAW,,COEF,0.085544,RARITY,983,,0.7,,True,False,False,False,False,SELECTION_ONLY
CRD_906A3DF2C7B04997AE4D,개굴닌자 EX,PR,,xyp_ja-21,xyp-XY20,EN,13479,41977,0.321100,41782,115236,0,0,692276,153648,555750,213750,PSA10 > PSA9 > RAW,PSA10 > PSA9,COEF,0.085544,RARITY,9858,,0.7,,True,False,False,False,False,SELECTION_ONLY
CRD_C3E80F835D1B41C5B9F7,가이오가,PR,,xyp_ja-143,xyp-XY51,EN,6433,20036,0.321100,19943,56327,0,0,446025,0,0,0,PSA10 > RAW,,COEF,0.085544,RARITY,4818,,0.7,,True,False,False,False,False,SELECTION_ONLY
CRD_E87E061502334A9C87ED,지라치(프리즘스타),PR,057/096,sm7_ja-57,sm7-97,EN,4569,14228,0.321100,14162,38397,0,0,114821,0,0,0,PSA10 > RAW,,COEF,0.085544,RARITY,3285,,0.7,,True,False,False,False,False,SELECTION_ONLY
CRD_3583C21779BE400FB9A6,피카츄,PR,S-P 203,swshp_ja-1,swshp-SWSH020,EN,50851,158365,0.321100,158365,384120,0,0,1251571,248802,0,0,PSA10 > RAW > PSA9,,COEF,0.085544,RARITY,32859,,0.6,,True,False,False,False,False,SELECTION_ONLY
CRD_6412506A2B9B42B895C2,대짱이 EX,PR,,xyp_ja-137,xyp-XY55,EN,5008,15595,0.321100,15595,36876,0,0,245207,56174,0,0,PSA10 > PSA9 > RAW,,COEF,0.085544,RARITY,3155,,0.6,,True,False,False,False,False,SELECTION_ONLY
CRD_6B89BCF215104ABCA86A,샤미드 EX,PR,,xyp_ja-194,g1-24,EN,9640,30023,0.321100,29884,66929,0,0,362794,79882,284050,76000,PSA10 > PSA9 > RAW,PSA10 > PSA9,COEF,0.085544,RARITY,5725,,0.6,,True,False,False,False,False,SELECTION_ONLY
CRD_AFB2E1221F7B49C4B30F,M팬텀 EX,PR,,xyp_ja-79,xyp-XY166,EN,126799,394891,0.321100,393063,0,835040,4,2126335,614208,1983125,779000,PSA10 > PSA9,PSA10 > RAW > PSA9,COEF,0.085544,RARITY,,71433,,0.6,False,False,False,False,False,REVIEW
CRD_0BDAE7D89E874FAF958A,레시라무 EX,PR,,bwp_ja-158,bw4-95,EN,120701,375900,0.321100,374160,760000,0,0,838565,342620,3515000,475000,PSA10 > RAW > PSA9,PSA10 > PSA9,COEF,0.085544,RARITY,65013,,0.5,,True,False,False,False,False,SELECTION_ONLY
CRD_E5592716F10843B68C39,다크라이(프리즘스타),PR,077/173,sm12a_ja-77,sm5-77,EN,9246,28794,0.321100,28660,14197,56810,4,238907,73029,308750,37810,PSA10 > PSA9 > RAW,PSA10 > RAW > PSA9,COEF,0.085544,RARITY,1214,4860,0.1,0.5,False,False,False,False,False,REVIEW
CRD_EDD80B822E564D249409,악비아르 EX,PR,,xyp_ja-44,xyp-XY25,EN,6754,21034,0.321100,20937,42253,0,0,130601,0,0,0,PSA10 > RAW,,COEF,0.085544,RARITY,3614,,0.5,,True,False,False,False,False,SELECTION_ONLY
CRD_FB75B64C376D40B982B2,메타몽(프리즘스타),PR,043/060,sm7a_ja-43,sm8-154,EN,9601,29900,0.321100,29762,13275,57000,4,216167,31098,283100,0,PSA10 > PSA9 > RAW,PSA10 > RAW,COEF,0.085544,RARITY,1136,4876,0.1,0.5,False,False,False,False,False,REVIEW
CRD_0136A086A0EE4B56BD13,찬란한 지라치,K,045/068,swsh11a_ja-45,swsh12-120,EN,651,2028,0.321100,2019,10786,0,0,96230,38412,0,0,PSA10 > PSA9 > RAW,,COEF,,,,,,,True,False,False,True,False,COEF_MISSING
CRD_0D5CD6FAF42744938562,찬란한 달코퀸,K,009/068,swsh11a_ja-9,swsh12-16,EN,232,722,0.321100,719,2213,0,0,61444,0,0,0,PSA10 > RAW,,COEF,,,,,,,True,False,False,True,False,COEF_MISSING
CRD_141407CDC6C3483B9AF1,빛나는 레쿠쟈,A,057/072,sm3p_ja-57,sm35-56,EN,60338,187912,0.321100,187912,931000,0,0,1540582,228613,0,0,PSA10 > RAW > PSA9,,COEF,,,,,,,True,False,False,True,False,COEF_MISSING
CRD_1EB1317E215A4D5FABEE,피카츄,SM-P,120/SM-P,smp_ja-242,smp-SM157,EN,12615,39288,0.321100,39106,107554,416043,5,1074768,218672,1187500,0,PSA10 > PSA9 > RAW,PSA10 > RAW,COEF,,,,,,,True,False,False,True,False,COEF_MISSING
CRD_1EE8B7BE600043EF8C97,피죤투 ex,SSR,335/190,sv4a_ja-335,sv4pt5-221,JP,782,2044,0.382700,3808,2044,9500,1,49536,20389,69170,0,PSA10 > PSA9 > RAW,PSA10 > RAW,COEF,,,,,,,False,False,False,True,False,COEF_MISSING
CRD_2165621DAD614A36A40F,지우의 피카츄,SM-P,047/SM-P,smp_ja-74,smp-SM112,EN,27007,84107,0.321100,84107,741000,0,0,1537018,312827,1459523,410875,PSA10 > RAW > PSA9,PSA10 > PSA9,COEF,,,,,,,True,False,False,True,False,COEF_MISSING
CRD_21AA8DB739564F3E9CA5,피카츄,SM-P,052/SM-P,smp_ja-44,smp-SM86,EN,12156,37859,0.321100,37859,123500,0,0,1065764,212833,950000,0,PSA10 > PSA9 > RAW,PSA10,COEF,,,,,,,True,False,False,True,False,COEF_MISSING
CRD_26B8AD9FA6554601A3B7,뮤츠 GX,SSR,219/150,sm8b_ja-219,sma-SV59,JP,45688,119385,0.382700,210713,119384,329175,8,848414,224126,988000,267188,PSA10 > PSA9 > RAW,PSA10 > RAW > PSA9,COEF,,,,,,,False,False,False,True,False,COEF_MISSING
CRD_2951B02D3BE7488DA649,피카츄,SM-P,005/SM-P,sm0_ja-4,smp-SM04,JP,6439,16824,0.382700,15058,16824,209000,7,594310,146165,664990,228000,PSA10 > PSA9 > RAW,PSA10 > PSA9 > RAW,COEF,,,,,,,False,False,False,True,False,COEF_MISSING
CRD_2B0E8A61C671491BBA15,카푸꼬꼬꼭 GX,SM-P,023/SM-P,smp_ja-48,smp-SM50,EN,1066,3319,0.321100,3303,12350,0,0,177556,0,0,0,PSA10 > RAW,,COEF,,,,,,,True,False,False,True,False,COEF_MISSING
CRD_2D3476E6CBAD4BDCB062,메타몽 VMAX,RRR,141/190,swsh4a_ja-141,swsh45-51,EN,2181,6791,0.321100,6760,2673,15200,10,81649,22878,122550,0,PSA10 > PSA9 > RAW,PSA10 > RAW,COEF,,,,,,,False,False,False,True,False,COEF_MISSING
CRD_3A3F2713FE8C47F69F71,캥카 GX,SM-P,149/SM-P,smp_ja-303,smp-SM188,EN,1465,4563,0.321100,4542,12292,0,0,103620,23047,0,0,PSA10 > PSA9 > RAW,,COEF,,,,,,,True,False,False,True,False,COEF_MISSING
CRD_3BD607C56C33412AAF02,입치트 V,CSR,085/068,swsh11a_ja-85,swsh12tg-TG17,JP,7491,19575,0.382700,20789,19575,30400,1,0,33956,74955,36100,PSA9 > RAW,PSA10 > PSA9 > RAW,COEF,,,,,,,False,False,False,True,False,COEF_MISSING
CRD_3BE5316F6AED4A72B593,다크라이 GX,SSR,230/150,sm8b_ja-230,sma-SV70,JP,40931,106954,0.382700,152496,106954,379990,3,536493,99871,706800,237500,PSA10 > RAW > PSA9,PSA10 > RAW > PSA9,COEF,,,,,,,False,False,False,True,False,COEF_MISSING
CRD_3EC2D5FC5CD94A18B44E,메타몽 VMAX,SSR,324/190,swsh4a_ja-324,swsh45sv-SV119,JP,7521,19652,0.382700,24031,19652,60800,15,107062,41147,280250,80750,PSA10 > PSA9 > RAW,PSA10 > PSA9 > RAW,COEF,,,,,,,False,False,False,True,False,COEF_MISSING
CRD_4500844A9586482C906C,이브이&잠만보 GX,SM-P,140/SM-P,smp_ja-297,smp-SM169,JP,88419,231041,0.382700,260357,231040,372866,6,897873,341713,758100,313500,PSA10 > PSA9 > RAW,PSA10 > RAW > PSA9,COEF,,,,,,,False,False,False,True,False,COEF_MISSING
CRD_457C08948A2D49189AA1,비크티니 VMAX,RRR,013/070,swsh5r_ja-13,swsh5-22,JP,1370,3580,0.382700,4374,3580,23750,2,97198,0,80180,0,PSA10 > RAW,PSA10 > RAW,COEF,,,,,,,False,False,False,True,False,COEF_MISSING
CRD_47E80B191CA7474EB9E3,큐레무 VMAX,RRR,030/100,swsh11_ja-30,swsh11-49,JP,829,2166,0.382700,3961,2166,11400,1,69434,25521,0,0,PSA10 > PSA9 > RAW,RAW,COEF,,,,,,,False,False,False,True,False,COEF_MISSING
CRD_487CFF0EF551423B842A,블래키 GX,SSR,229/150,sm8b_ja-229,sma-SV69,JP,153083,400007,0.382700,462511,400007,617500,1,1643496,262569,2047772,807490,PSA10 > RAW > PSA9,PSA10 > PSA9 > RAW,COEF,,,,,,,False,False,False,True,False,COEF_MISSING
CRD_4A61E9FAD7D64AE2BB13,빛나는 볼케니온,A,028/072,sm3p_ja-28,sm35-27,EN,3883,12092,0.321100,12036,47500,0,0,180060,36584,0,0,PSA10 > RAW > PSA9,,COEF,,,,,,,True,False,False,True,False,COEF_MISSING
CRD_4CB4D847706A453D8A1F,빛나는 뮤,A,041/072,sm3p_ja-41,sm35-40,EN,74301,231394,0.321100,231394,950000,0,0,1568055,567591,0,0,PSA10 > RAW > PSA9,,COEF,,,,,,,True,False,False,True,False,COEF_MISSING
CRD_51808E684CD64F418E0A,기라티나 VSTAR,RRR,111/172,swsh12a_ja-111,swsh11-131,EN,1352,4210,0.321100,4210,1321,9500,5,71769,23693,90250,0,PSA10 > PSA9 > RAW,PSA10 > RAW,COEF,,,,,,,False,False,False,True,False,COEF_MISSING
CRD_53220555F67B44E18651,달코퀸 GX,SM-P,035/SM-P,smp_ja-65,smp-SM56,EN,1194,3718,0.321100,3718,16150,0,0,209576,69126,0,0,PSA10 > PSA9 > RAW,,COEF,,,,,,,True,False,False,True,False,COEF_MISSING
CRD_57BF36837D354F8B8535,블래키 GX,SM-P,043/SM-P,smp_ja-125,smp-SM36,EN,24999,77853,0.321100,77493,1045000,0,0,374440,129464,2451000,893000,RAW > PSA10 > PSA9,PSA10 > PSA9,COEF,,,,,,,True,False,False,True,False,COEF_MISSING
CRD_5C104F12C3C94EE49C84,명탐정 피카츄,SM-P,143/SM-P,smp_ja-337,smp-SM170,EN,19310,60138,0.321100,60138,427500,466032,5,389621,62811,1140000,370500,RAW > PSA10 > PSA9,PSA10 > RAW > PSA9,COEF,,,,,,,True,False,False,True,False,COEF_MISSING
CRD_5D86E01964624A8CBE40,피카츄 VMAX,CSR,223/184,swsh8b_ja-223,swsh11tg-TG17,JP,42872,112025,0.382700,193474,112025,296875,22,600794,82739,593750,276450,PSA10 > RAW > PSA9,PSA10 > RAW > PSA9,COEF,,,,,,,False,False,False,True,False,COEF_MISSING
CRD_696441FFCEB046F28C92,네크로즈마 GX,SM-P,079/SM-P,smp_ja-220,smp-SM58,EN,1224,3810,0.321100,3793,23750,0,0,151773,0,0,0,PSA10 > RAW,,COEF,,,,,,,True,False,False,True,False,COEF_MISSING
CRD_6C18665126FF426F9C2E,블래키 VMAX,CSR,245/184,swsh8b_ja-245,swsh9tg-TG23,JP,37733,98596,0.382700,188495,98596,209000,23,422117,174913,457178,146290,PSA10 > PSA9 > RAW,PSA10 > RAW > PSA9,COEF,,,,,,,False,False,False,True,False,COEF_MISSING
CRD_6FA0D89A1693401DB8FB,연격 우라오스 V,CSR,240/184,swsh8b_ja-240,swsh9tg-TG20,JP,2540,6638,0.382700,8259,6638,17575,1,65685,46018,61750,0,PSA10 > PSA9 > RAW,PSA10 > RAW,COEF,,,,,,,False,False,False,True,False,COEF_MISSING
CRD_70824255C49C485D92BC,라이코,A,015/076,swsh3a_ja-15,swsh4-50,EN,4120,12830,0.321100,12770,29101,0,0,150575,27918,0,0,PSA10 > RAW > PSA9,,COEF,,,,,,,True,False,False,True,False,COEF_MISSING
CRD_72DC6FDF73B541818CBF,크로뱃 VMAX,SSR,320/190,swsh4a_ja-320,swshp-SWSH099,EN,1061,3303,0.321100,3288,6945,0,0,49075,26120,76418,28500,PSA10 > PSA9 > RAW,PSA10 > PSA9,COEF,,,,,,,True,False,False,True,False,COEF_MISSING
CRD_787A4B40D73A4555BE21,알로라나인테일 GX,SSR,213/150,sm8b_ja-213,sma-SV53,JP,16023,41869,0.382700,80266,41869,66500,3,119584,46094,152000,56810,PSA10 > PSA9 > RAW,PSA10 > RAW > PSA9,COEF,,,,,,,False,False,False,True,False,COEF_MISSING
CRD_7ADE94812E08415390CB,제크로무 GX,SM-P,116/SM-P,smp_ja-238,smp-SM138,EN,10992,34233,0.321100,34074,122903,0,0,681874,168460,615600,131955,PSA10 > PSA9 > RAW,PSA10 > PSA9,COEF,,,,,,,True,False,False,True,False,COEF_MISSING
CRD_7DD7D9F40504433E96CA,지우의 피카츄,SM-P,048/SM-P,smp_ja-75,smp-SM113,EN,23593,73474,0.321100,73474,741000,0,0,1287601,307296,1672000,665000,PSA10 > RAW > PSA9,PSA10 > PSA9,COEF,,,,,,,True,False,False,True,False,COEF_MISSING
CRD_7EBB72125E6E436B8589,피카츄,SM-P,164/SM-P,NO_JP,sm11-55,EN,720,2243,0.321100,2233,0,475000,4,305200,128408,2641000,309700,PSA10 > PSA9,PSA10 > RAW > PSA9,COEF,,,,,,,False,False,False,True,False,COEF_MISSING
CRD_81D4DD597DBE456BB22A,님피아 VMAX,CSR,232/184,swsh8b_ja-232,swsh9tg-TG15,JP,28701,74996,0.382700,122242,74996,133000,10,226216,75610,269800,104500,PSA10 > PSA9 > RAW,PSA10 > RAW > PSA9,COEF,,,,,,,False,False,False,True,False,COEF_MISSING
CRD_85E5684497324EADB399,개굴닌자 GX,SSR,216/150,sm8b_ja-216,sma-SV56,JP,35275,92173,0.382700,181151,92173,275490,2,775431,170334,679240,242250,PSA10 > PSA9 > RAW,PSA10 > RAW > PSA9,COEF,,,,,,,False,False,False,True,False,COEF_MISSING
CRD_865DA476A29E409CBAA1,일격 우라오스 V,CSR,238/184,swsh8b_ja-238,swsh9tg-TG18,JP,2775,7252,0.382700,8121,7252,19000,1,83077,0,75040,0,PSA10 > RAW,PSA10 > RAW,COEF,,,,,,,False,False,False,True,False,COEF_MISSING
CRD_8C3914BBF6F44AEA9A9F,칠색조 GX,SSR,210/150,sm8b_ja-210,sma-SV50,JP,17817,46555,0.382700,63180,46555,108300,4,228644,35262,324577,97185,PSA10 > RAW > PSA9,PSA10 > RAW > PSA9,COEF,,,,,,,False,False,False,True,False,COEF_MISSING
CRD_8C8EEF4E7290462E9827,빛나는 세레비,A,004/072,sm3p_ja-4,smp-SM79,EN,16824,52394,0.321100,52152,247000,0,0,497543,98166,0,0,PSA10 > RAW > PSA9,,COEF,,,,,,,True,False,False,True,False,COEF_MISSING
CRD_8D798C34EC514D40851D,피카츄,SM-P,069/SM-P,NO_JP,sm3-40,EN,424,1321,0.321100,1315,0,269401,4,479167,205523,607981,161500,PSA10 > PSA9,PSA10 > RAW > PSA9,COEF,,,,,,,False,False,False,True,False,COEF_MISSING
CRD_916F9928C49D4260B334,라이치,SM-P,082/SM-P,smp_ja-53,sm4-111,EN,11328,35278,0.321100,35278,161500,0,0,307803,0,313500,0,PSA10 > RAW,PSA10,COEF,,,,,,,True,False,False,True,False,COEF_MISSING
CRD_939D613E789B4D44AE56,지우의 피카츄,SM-P,049/SM-P,smp_ja-76,smp-SM114,EN,17791,55405,0.321100,55149,741000,855000,1,1198593,87579,1501000,0,PSA10 > RAW > PSA9,PSA10 > RAW,COEF,,,,,,,True,False,False,True,False,COEF_MISSING
CRD_94EFF45E92BE40FB9155,빛나는 지라치,A,043/072,sm3p_ja-43,sm35-42,EN,13380,41669,0.321100,41521,228000,0,0,348812,121797,0,0,PSA10 > RAW > PSA9,,COEF,,,,,,,True,False,False,True,False,COEF_MISSING
CRD_96185C75E06F48A79770,라프라스 V,SSR,311/190,swsh4a_ja-311,swsh45sv-SV110,JP,2640,6899,0.382700,6790,6899,13300,1,68466,34847,274436,0,PSA10 > PSA9 > RAW,PSA10 > RAW,COEF,,,,,,,False,False,False,True,False,COEF_MISSING
CRD_96FACEB498654D5F9837,이븐곰 GX,SM-P,015/SM-P,smp_ja-35,smp-SM34,EN,1367,4256,0.321100,4256,23047,0,0,0,0,0,0,RAW,,COEF,,,,,,,True,False,False,True,False,COEF_MISSING
CRD_99CCE27B9E204E508DE3,갸라도스 VMAX,RRR,021/067,swsh7r_ja-21,swsh7-29,EN,4514,14059,0.321100,13994,5700,24225,4,109244,18515,116850,52772,PSA10 > PSA9 > RAW,PSA10 > PSA9 > RAW,COEF,,,,,,,False,False,False,True,False,COEF_MISSING
CRD_A6337035E8634701BFAB,피카츄,SM-P,136/SM-P,smp_ja-249,smp-SM234,EN,14436,44957,0.321100,44749,104500,342000,7,874057,160685,776616,180500,PSA10 > PSA9 > RAW,PSA10 > RAW > PSA9,COEF,,,,,,,True,False,False,True,False,COEF_MISSING
CRD_AFEB8972DDD3469BB268,레시라무 GX,SSR,211/150,sm8b_ja-211,sma-SV51,JP,21756,56850,0.382700,99549,56850,189990,2,288689,79021,358625,95000,PSA10 > PSA9 > RAW,PSA10 > RAW > PSA9,COEF,,,,,,,False,False,False,True,False,COEF_MISSING
CRD_B166C14DF6864745B219,모르페코 V-UNION,RRR,056/184,swsh8b_ja-56,"swshp-SWSH215,swshp-SWSH216,swshp-SWSH217,swshp-SWSH218",JP,476,1245,0.382700,0,1245,27360,2,13075,18438,209000,0,PSA9 > PSA10 > RAW,PSA10 > RAW,COEF,,,,,,,False,False,False,True,False,COEF_MISSING
CRD_B6294903334744A58D01,지우의 피카츄,SM-P,045/SM-P,smp_ja-72,smp-SM110,EN,27046,84230,0.321100,83840,741000,0,0,1309066,138283,1700500,0,PSA10 > RAW > PSA9,PSA10,COEF,,,,,,,True,False,False,True,False,COEF_MISSING
CRD_B95C9626B4BD40E69107,라프라스 VMAX,RRR,032/190,swsh4a_ja-32,swsh1-50,EN,2733,8512,0.321100,8473,2228,16910,1,58847,41331,86925,0,PSA10 > PSA9 > RAW,PSA10 > RAW,COEF,,,,,,,False,False,False,True,False,COEF_MISSING
CRD_C01B9679589B47678C03,피카츄,SM-P,086/SM-P,smp_ja-214,smp-SM98,EN,21930,68297,0.321100,67980,30730,175750,2,583862,47954,474990,137218,PSA10 > PSA9 > RAW,PSA10 > RAW > PSA9,COEF,,,,,,,False,False,False,True,False,COEF_MISSING
CRD_C3A6BDB895B242D99F32,제라오라 VMAX,RRR,041/172,swsh12a_ja-41,swsh12pt5-54,EN,1515,4717,0.321100,4695,1337,9814,2,64256,38397,76000,19950,PSA10 > PSA9 > RAW,PSA10 > PSA9 > RAW,COEF,,,,,,,False,False,False,True,False,COEF_MISSING
CRD_C4865CD65C7F40D2A53C,빛나는 아르세우스,A,059/072,sm3p_ja-59,sm35-57,EN,13321,41485,0.321100,41293,266000,0,0,371751,48599,0,0,PSA10 > RAW > PSA9,,COEF,,,,,,,True,False,False,True,False,COEF_MISSING
CRD_C728A90398A04DC9B105,백마 버드렉스 VMAX,CSR,221/184,swsh8b_ja-221,swsh10tg-TG15,JP,4169,10894,0.382700,11073,10894,20900,1,54391,0,78964,0,PSA10 > RAW,PSA10 > RAW,COEF,,,,,,,False,False,False,True,False,COEF_MISSING
CRD_C80A57B9F72D4DD39F64,빛나는 루기아,A,058/072,sm3p_ja-58,smp-SM82,EN,49943,155538,0.321100,154818,741000,0,0,1429387,416570,0,0,PSA10 > RAW > PSA9,,COEF,,,,,,,True,False,False,True,False,COEF_MISSING
CRD_C896B50891774460A672,찬란한 강철톤,K,050/071,swsh10a_ja-50,swsh11-124,EN,444,1383,0.321100,1376,3841,0,0,62873,7898,0,0,PSA10 > PSA9 > RAW,,COEF,,,,,,,True,False,False,True,False,COEF_MISSING
CRD_CA8815FCA7DF4BD3A509,드래펄트 VMAX,SSR,318/190,swsh4a_ja-318,swshp-SWSH097,JP,1952,5101,0.382700,5399,5101,9500,1,59354,13798,47500,0,PSA10 > PSA9 > RAW,PSA10 > RAW,COEF,,,,,,,False,False,False,True,False,COEF_MISSING
CRD_CCDCA7F8737A49DAA053,하우,SM-P,071/SM-P,smp_ja-20,sm2-144,EN,9630,29992,0.321100,29992,85500,0,0,200864,63011,237500,0,PSA10 > RAW > PSA9,PSA10,COEF,,,,,,,True,False,False,True,False,COEF_MISSING
CRD_CFB2CC925A0E4568A262,망나뇽 VSTAR,RRR,050/071,swsh10b_ja-50,pgo-50,EN,1875,5839,0.321100,5812,2597,9500,3,79359,29208,95000,0,PSA10 > PSA9 > RAW,PSA10 > RAW,COEF,,,,,,,False,False,False,True,False,COEF_MISSING
CRD_D3B2F8E6629F414DAAA8,지우의 피카츄,SM-P,044/SM-P,smp_ja-71,smp-SM109,EN,63200,196823,0.321100,196823,741000,0,0,1341101,416693,2303655,760000,PSA10 > RAW > PSA9,PSA10 > PSA9,COEF,,,,,,,True,False,False,True,False,COEF_MISSING
CRD_D7B1A8152CB241248591,빛나는 게노세크트,A,010/072,sm3p_ja-10,sm35-9,EN,6029,18776,0.321100,18689,47500,0,0,176311,16517,0,0,PSA10 > RAW > PSA9,,COEF,,,,,,,True,False,False,True,False,COEF_MISSING
CRD_D88B69F2CCFC4DF587DC,샤로다 V,CSR,084/068,swsh11a_ja-84,swsh12tg-TG13,EN,11712,36476,0.321100,36476,68327,44175,4,142078,34571,141550,61750,PSA10 > RAW > PSA9,PSA10 > PSA9 > RAW,COEF,,,,,,,True,False,False,True,False,COEF_MISSING
CRD_DBF5F6102B314663AA38,루기아 VSTAR,RRR,080/098,swsh12_ja-80,swsh12-139,JP,1829,4778,0.382700,8794,4778,10450,13,106524,46094,116850,0,PSA10 > PSA9 > RAW,PSA10 > RAW,COEF,,,,,,,False,False,False,True,False,COEF_MISSING
CRD_E09FFF926F714D9E8A49,리피아 VSTAR,RRR,012/172,swsh12a_ja-12,swsh12pt5-14,EN,1643,5116,0.321100,5093,1659,9500,1,58540,25567,68638,0,PSA10 > PSA9 > RAW,PSA10 > RAW,COEF,,,,,,,False,False,False,True,False,COEF_MISSING
CRD_F5378ABA3B3E4D73A064,명탐정 피카츄,SM-P,142/SM-P,smp_ja-339,smp-SM190,JP,18810,49152,0.382700,44151,49152,212800,5,572600,121151,565250,150100,PSA10 > PSA9 > RAW,PSA10 > RAW > PSA9,COEF,,,,,,,False,False,False,True,False,COEF_MISSING
CRD_FAF52ACED2AE4C21A3E1,지우의 피카츄,SM-P,046/SM-P,smp_ja-73,smp-SM111,EN,26523,82601,0.321100,82219,199727,0,0,843758,0,1614990,0,PSA10 > RAW,PSA10,COEF,,,,,,,True,False,False,True,False,COEF_MISSING
CRD_FE67CA965F3142E49547,팔데아 토오 ex,SSR,332/190,sv4a_ja-332,sv4pt5-219,JP,741,1936,0.382700,3609,1936,9500,1,45680,23047,0,0,PSA10 > PSA9 > RAW,RAW,COEF,,,,,,,False,False,False,True,False,COEF_MISSING
CRD_FF3AB4F575D74BC39C88,블래키 V,CSR,244/184,swsh8b_ja-244,swsh9tg-TG22,JP,26684,69725,0.382700,119323,69725,131100,22,266195,96476,300200,93100,PSA10 > PSA9 > RAW,PSA10 > RAW > PSA9,COEF,,,,,,,False,False,False,True,False,COEF_MISSING
