card_id,source,card_status,grade,raw_price,raw_currency,price,traded
CRD_00182F81CA884726A6BB,SCRYDEX_EN,RAW,,22.2800,USD,34233,2026-06-29
CRD_00182F81CA884726A6BB,SCRYDEX_JP,GRADED,10,,,159164,2026-06-29
CRD_00182F81CA884726A6BB,SCRYDEX_JP,GRADED,9,,,61797,2026-06-29
CRD_00182F81CA884726A6BB,SCRYDEX_JP,RAW,,18.6300,USD,28625,2026-06-29
CRD_003510A0066E4AF58922,SCRYDEX_EN,RAW,,15.3500,USD,23476,2026-06-05
CRD_003510A0066E4AF58922,SCRYDEX_JP,GRADED,10,,,70263,2026-06-29
CRD_003510A0066E4AF58922,SCRYDEX_JP,GRADED,9,,,18330,2026-06-29
CRD_003510A0066E4AF58922,SCRYDEX_JP,RAW,,9.1600,USD,14074,2026-06-29
CRD_0045DA17CE1F46BFB915,SCRYDEX_EN,RAW,,14.9500,USD,22970,2026-06-29
CRD_0052886022F54674939E,SCRYDEX_EN,RAW,,2.2200,USD,3395,2026-06-05
CRD_0052886022F54674939E,SCRYDEX_JP,GRADED,10,,,33234,2026-06-29
CRD_0052886022F54674939E,SCRYDEX_JP,GRADED,9,,,14873,2026-06-29
CRD_0052886022F54674939E,SCRYDEX_JP,RAW,,1.5800,USD,2428,2026-06-29
CRD_0060AA44D0824398AB42,SCRYDEX_EN,RAW,,0.7600,USD,1162,2026-06-05
CRD_0060AA44D0824398AB42,SCRYDEX_JP,GRADED,10,,,48722,2026-06-29
CRD_0060AA44D0824398AB42,SCRYDEX_JP,GRADED,9,,,10786,2026-06-29
CRD_0060AA44D0824398AB42,SCRYDEX_JP,RAW,,1.4500,USD,2228,2026-06-29
CRD_007D898667D84D8F9B7E,SCRYDEX_EN,RAW,,128.0600,USD,195851,2026-06-05
CRD_007D898667D84D8F9B7E,SCRYDEX_JP,GRADED,10,,,2494644,2026-06-29
CRD_007D898667D84D8F9B7E,SCRYDEX_JP,GRADED,9,,,653742,2026-06-29
CRD_007D898667D84D8F9B7E,SCRYDEX_JP,RAW,,99.9500,USD,153571,2026-06-29
CRD_0099D36F822141DF8467,SCRYDEX_EN,RAW,,0.8800,USD,1346,2026-06-05
CRD_0099D36F822141DF8467,SCRYDEX_JP,RAW,,69.9900,USD,107538,2026-06-29
CRD_00A1C8B22B694905AABF,SCRYDEX_EN,RAW,,3.5900,USD,5490,2026-06-05
CRD_00B0A094D2434026AD56,SCRYDEX_EN,RAW,,3.2000,USD,4894,2026-06-05
CRD_00B0A094D2434026AD56,SCRYDEX_JP,GRADED,10,,,50950,2026-06-29
CRD_00B0A094D2434026AD56,SCRYDEX_JP,GRADED,9,,,27795,2026-06-29
CRD_00B0A094D2434026AD56,SCRYDEX_JP,RAW,,1.9700,USD,3027,2026-06-29
CRD_00C3F08C0B7C41B1A2DA,SCRYDEX_EN,RAW,,5.2200,USD,7983,2026-06-05
CRD_00C3F08C0B7C41B1A2DA,SCRYDEX_JP,GRADED,10,,,56527,2026-06-29
CRD_00C3F08C0B7C41B1A2DA,SCRYDEX_JP,GRADED,9,,,30730,2026-06-29
CRD_00C3F08C0B7C41B1A2DA,SCRYDEX_JP,RAW,,3.9100,USD,6008,2026-06-29
CRD_00D37F11A42A4F6EAD16,SCRYDEX_EN,RAW,,59.1800,USD,90508,2026-06-05
CRD_00D37F11A42A4F6EAD16,SCRYDEX_JP,GRADED,10,,,630833,2026-06-29
CRD_00D37F11A42A4F6EAD16,SCRYDEX_JP,GRADED,9,,,110534,2026-06-29
CRD_00D37F11A42A4F6EAD16,SCRYDEX_JP,RAW,,30.0000,USD,46094,2026-06-29
CRD_010576BAD6694C708F4E,SCRYDEX_EN,RAW,,13.6000,USD,20896,2026-06-29
CRD_010576BAD6694C708F4E,SCRYDEX_JP,GRADED,10,,,47354,2026-06-29
CRD_010576BAD6694C708F4E,SCRYDEX_JP,RAW,,3.6100,USD,5547,2026-06-29
CRD_010A7FF3B3854654B6A1,SCRYDEX_EN,RAW,,14.2200,USD,21456,2026-06-18
CRD_010A7FF3B3854654B6A1,SCRYDEX_JP,GRADED,10,,,87579,2026-06-29
CRD_010A7FF3B3854654B6A1,SCRYDEX_JP,GRADED,9,,,13828,2026-06-29
CRD_010A7FF3B3854654B6A1,SCRYDEX_JP,RAW,,11.0300,USD,16947,2026-06-29
CRD_0121009428B847BEBE66,SCRYDEX_EN,RAW,,9.8300,USD,15034,2026-06-05
CRD_0121009428B847BEBE66,SCRYDEX_JP,GRADED,10,,,199850,2026-06-29
CRD_0121009428B847BEBE66,SCRYDEX_JP,GRADED,9,,,61444,2026-06-29
CRD_0121009428B847BEBE66,SCRYDEX_JP,RAW,,23.3800,USD,35923,2026-06-29
CRD_013491CECA2E446F9AB8,SCRYDEX_EN,RAW,,0.8400,USD,1285,2026-06-05
CRD_013491CECA2E446F9AB8,SCRYDEX_JP,GRADED,10,,,26735,2026-06-29
CRD_013491CECA2E446F9AB8,SCRYDEX_JP,GRADED,9,,,16901,2026-06-29
CRD_013491CECA2E446F9AB8,SCRYDEX_JP,RAW,,0.4200,USD,645,2026-06-29
CRD_0136A086A0EE4B56BD13,SCRYDEX_EN,RAW,,1.3200,USD,2019,2026-06-05
CRD_0136A086A0EE4B56BD13,SCRYDEX_JP,GRADED,10,,,96230,2026-06-29
CRD_0136A086A0EE4B56BD13,SCRYDEX_JP,GRADED,9,,,38412,2026-06-29
CRD_0136A086A0EE4B56BD13,SCRYDEX_JP,RAW,,7.0200,USD,10786,2026-06-29
CRD_014588FE8AC842E3A70E,SCRYDEX_EN,RAW,,24.7700,USD,37882,2026-06-05
CRD_014588FE8AC842E3A70E,SCRYDEX_JP,GRADED,10,,,583862,2026-06-29
CRD_014588FE8AC842E3A70E,SCRYDEX_JP,RAW,,323000.0000,KRW,323000,2026-06-29
CRD_0146657C0E674996969C,SCRYDEX_EN,RAW,,50.2100,USD,77147,2026-06-29
CRD_0146657C0E674996969C,SCRYDEX_JP,GRADED,10,,,809341,2026-06-29
CRD_0146657C0E674996969C,SCRYDEX_JP,GRADED,9,,,70571,2026-06-29
CRD_0146657C0E674996969C,SCRYDEX_JP,RAW,,59.9800,USD,92158,2026-06-29
CRD_0161FB6AE117410F872F,SCRYDEX_EN,RAW,,65.6200,USD,100824,2026-06-29
CRD_0161FB6AE117410F872F,SCRYDEX_JP,GRADED,10,,,1100289,2026-06-29
CRD_0161FB6AE117410F872F,SCRYDEX_JP,GRADED,9,,,175159,2026-06-29
CRD_0161FB6AE117410F872F,SCRYDEX_JP,RAW,,760000.0000,KRW,760000,2026-06-29
CRD_017439C155E14354863F,SCRYDEX_EN,RAW,,59.9500,USD,92112,2026-06-29
CRD_017439C155E14354863F,SCRYDEX_JP,GRADED,10,,,95523,2026-06-29
CRD_017439C155E14354863F,SCRYDEX_JP,GRADED,9,,,27580,2026-06-29
CRD_017439C155E14354863F,SCRYDEX_JP,RAW,,11.2600,USD,17301,2026-06-29
CRD_017C5386A8B64234B9C7,SCRYDEX_EN,RAW,,0.6500,USD,994,2026-06-05
CRD_017C5386A8B64234B9C7,SCRYDEX_JP,GRADED,10,,,57434,2026-06-29
CRD_017C5386A8B64234B9C7,SCRYDEX_JP,GRADED,9,,,13152,2026-06-29
CRD_017C5386A8B64234B9C7,SCRYDEX_JP,RAW,,1.0400,USD,1598,2026-06-29
CRD_018725C657AC494C8687,SCRYDEX_EN,RAW,,1.9800,USD,3028,2026-06-05
CRD_018725C657AC494C8687,SCRYDEX_JP,GRADED,10,,,27657,2026-06-29
CRD_018725C657AC494C8687,SCRYDEX_JP,GRADED,9,,,21511,2026-06-29
CRD_018725C657AC494C8687,SCRYDEX_JP,RAW,,2.9700,USD,4563,2026-06-29
CRD_01AD02026ECC4FEDBF4F,SCRYDEX_EN,RAW,,4.7900,USD,7326,2026-06-05
CRD_01AD02026ECC4FEDBF4F,SCRYDEX_JP,GRADED,10,,,110534,2026-06-29
CRD_01AD02026ECC4FEDBF4F,SCRYDEX_JP,GRADED,9,,,52916,2026-06-29
CRD_01AD02026ECC4FEDBF4F,SCRYDEX_JP,RAW,,12.2800,USD,18868,2026-06-29
CRD_01E1A15D9BF64FB3A102,SCRYDEX_EN,RAW,,2.8600,USD,4374,2026-06-05
CRD_01E1A15D9BF64FB3A102,SCRYDEX_JP,GRADED,10,,,49936,2026-06-29
CRD_01E1A15D9BF64FB3A102,SCRYDEX_JP,RAW,,1.8300,USD,2812,2026-06-29
CRD_01EBD72E8D2B4C3486D6,SCRYDEX_EN,RAW,,12.0700,USD,18545,2026-06-29
CRD_01EBD72E8D2B4C3486D6,SCRYDEX_JP,GRADED,10,,,38412,2026-06-29
CRD_01EBD72E8D2B4C3486D6,SCRYDEX_JP,RAW,,16.8500,USD,25890,2026-06-29
CRD_0212FE92DB3D42B3980A,SCRYDEX_EN,RAW,,8.9800,USD,13734,2026-06-05
CRD_0212FE92DB3D42B3980A,SCRYDEX_JP,GRADED,10,,,52179,2026-06-29
CRD_0212FE92DB3D42B3980A,SCRYDEX_JP,GRADED,9,,,60799,2026-06-29
CRD_0212FE92DB3D42B3980A,SCRYDEX_JP,RAW,,4.4300,USD,6807,2026-06-29
CRD_0236FAB9C7144005ABC7,SCRYDEX_EN,RAW,,0.9300,USD,1422,2026-06-05
CRD_0236FAB9C7144005ABC7,SCRYDEX_JP,GRADED,10,,,23247,2026-06-29
CRD_0236FAB9C7144005ABC7,SCRYDEX_JP,GRADED,9,,,20681,2026-06-29
CRD_0236FAB9C7144005ABC7,SCRYDEX_JP,RAW,,1.2900,USD,1982,2026-06-29
CRD_023DB72F38FC4C87B95B,SCRYDEX_EN,RAW,,549.7900,USD,844741,2026-06-29
CRD_023DB72F38FC4C87B95B,SCRYDEX_JP,GRADED,10,,,447008,2026-06-29
CRD_023DB72F38FC4C87B95B,SCRYDEX_JP,GRADED,9,,,226231,2026-06-29
CRD_023DB72F38FC4C87B95B,SCRYDEX_JP,RAW,,182.6900,USD,280700,2026-06-29
CRD_0240A6FE69024ADCAB57,SCRYDEX_EN,RAW,,9.9700,USD,15319,2026-06-29
CRD_0240A6FE69024ADCAB57,SCRYDEX_JP,GRADED,10,,,72261,2026-06-29
CRD_0240A6FE69024ADCAB57,SCRYDEX_JP,RAW,,11.6700,USD,17931,2026-06-29
CRD_0247DE71AB2140BEBBF8,SCRYDEX_EN,RAW,,3.4300,USD,5246,2026-06-05
CRD_0247DE71AB2140BEBBF8,SCRYDEX_JP,GRADED,10,,,62734,2026-06-29
CRD_0247DE71AB2140BEBBF8,SCRYDEX_JP,GRADED,9,,,14981,2026-06-29
CRD_0247DE71AB2140BEBBF8,SCRYDEX_JP,RAW,,2.3500,USD,3611,2026-06-29
CRD_0250ADD17A674DED8424,SCRYDEX_EN,RAW,,3.2000,USD,4917,2026-06-29
CRD_0250ADD17A674DED8424,SCRYDEX_JP,GRADED,10,,,59416,2026-06-29
CRD_0250ADD17A674DED8424,SCRYDEX_JP,RAW,,1.0500,USD,1613,2026-06-29
CRD_02610BA308E64C70A526,SCRYDEX_EN,RAW,,4.2300,USD,6469,2026-06-05
CRD_02610BA308E64C70A526,SCRYDEX_JP,GRADED,10,,,57695,2026-06-29
CRD_02610BA308E64C70A526,SCRYDEX_JP,GRADED,9,,,21311,2026-06-29
CRD_02610BA308E64C70A526,SCRYDEX_JP,RAW,,2.2500,USD,3457,2026-06-29
CRD_027EB7AC44174C879264,SCRYDEX_EN,RAW,,1.1400,USD,1743,2026-06-05
CRD_027EB7AC44174C879264,SCRYDEX_JP,GRADED,10,,,28686,2026-06-29
CRD_027EB7AC44174C879264,SCRYDEX_JP,GRADED,9,,,25536,2026-06-29
CRD_027EB7AC44174C879264,SCRYDEX_JP,RAW,,1.6700,USD,2566,2026-06-29
CRD_029907DF1DDC4963B94E,SCRYDEX_EN,RAW,,16.7100,USD,25675,2026-06-29
CRD_029907DF1DDC4963B94E,SCRYDEX_JP,GRADED,10,,,80250,2026-06-29
CRD_029907DF1DDC4963B94E,SCRYDEX_JP,GRADED,9,,,23800,2026-06-29
CRD_029907DF1DDC4963B94E,SCRYDEX_JP,RAW,,7.4100,USD,11385,2026-06-29
CRD_02A04C78DFA5C2D39430,SCRYDEX_JP,GRADED,10,,,58571,2026-06-29
CRD_02A04C78DFA5C2D39430,SCRYDEX_JP,GRADED,9,,,14105,2026-06-29
CRD_02A04C78DFA5C2D39430,SCRYDEX_JP,RAW,,2.0700,USD,3181,2026-06-29
CRD_02A3EEACB0F74D7F97B6,SCRYDEX_EN,RAW,,0.9500,USD,1453,2026-06-05
CRD_02A3EEACB0F74D7F97B6,SCRYDEX_JP,GRADED,10,,,38351,2026-06-29
CRD_02A3EEACB0F74D7F97B6,SCRYDEX_JP,GRADED,9,,,12445,2026-06-29
CRD_02A3EEACB0F74D7F97B6,SCRYDEX_JP,RAW,,0.8400,USD,1291,2026-06-29
CRD_02BB3BE76CE644A993D6,SCRYDEX_EN,RAW,,3.2200,USD,4925,2026-06-05
CRD_02BB3BE76CE644A993D6,SCRYDEX_JP,GRADED,10,,,38904,2026-06-29
CRD_02BB3BE76CE644A993D6,SCRYDEX_JP,GRADED,9,,,18883,2026-06-29
CRD_02BB3BE76CE644A993D6,SCRYDEX_JP,RAW,,4.6200,USD,7099,2026-06-29
CRD_02C67022C498491C944C,SCRYDEX_EN,RAW,,221.1400,USD,339777,2026-06-29
CRD_02C67022C498491C944C,SCRYDEX_JP,GRADED,10,,,481210,2026-06-29
CRD_02C67022C498491C944C,SCRYDEX_JP,GRADED,9,,,197853,2026-06-29
CRD_02C67022C498491C944C,SCRYDEX_JP,RAW,,72.3000,USD,111088,2026-06-29
CRD_02C8FFC4897D4C2288DF,SCRYDEX_EN,RAW,,13.5400,USD,20708,2026-06-05
CRD_02C8FFC4897D4C2288DF,SCRYDEX_JP,GRADED,10,,,84153,2026-06-29
CRD_02C8FFC4897D4C2288DF,SCRYDEX_JP,GRADED,9,,,37966,2026-06-29
CRD_02C8FFC4897D4C2288DF,SCRYDEX_JP,RAW,,4.5800,USD,7037,2026-06-29
CRD_02EF6DD76D804F69A99C,SCRYDEX_EN,RAW,,0.9100,USD,1392,2026-06-05
CRD_02EF6DD76D804F69A99C,SCRYDEX_JP,GRADED,10,,,38596,2026-06-29
CRD_02EF6DD76D804F69A99C,SCRYDEX_JP,GRADED,9,,,15396,2026-06-29
CRD_02EF6DD76D804F69A99C,SCRYDEX_JP,RAW,,1.2800,USD,1967,2026-06-29
CRD_02F5CFB869144C589BF7,SCRYDEX_EN,RAW,,5.4400,USD,8320,2026-06-05
CRD_02F5CFB869144C589BF7,SCRYDEX_JP,GRADED,10,,,50458,2026-06-29
CRD_02F5CFB869144C589BF7,SCRYDEX_JP,RAW,,33250.0000,KRW,33250,2026-06-29
CRD_02FBE86D930D4D10A90C,SCRYDEX_EN,RAW,,0.9400,USD,1438,2026-06-05
CRD_02FBE86D930D4D10A90C,SCRYDEX_JP,GRADED,10,,,52609,2026-06-29
CRD_02FBE86D930D4D10A90C,SCRYDEX_JP,GRADED,9,,,13828,2026-06-29
CRD_02FBE86D930D4D10A90C,SCRYDEX_JP,RAW,,0.5000,USD,768,2026-06-29
CRD_031003EE522945D8A175,SCRYDEX_EN,RAW,,7.3400,USD,11328,2026-06-24
CRD_031003EE522945D8A175,SCRYDEX_JP,RAW,,2.9300,USD,4502,2026-06-29
CRD_0320E0D5056F4FBDB33A,SCRYDEX_EN,RAW,,217.9200,USD,334830,2026-06-29
CRD_0320E0D5056F4FBDB33A,SCRYDEX_JP,GRADED,10,,,216060,2026-06-29
CRD_0320E0D5056F4FBDB33A,SCRYDEX_JP,GRADED,9,,,88824,2026-06-29
CRD_0320E0D5056F4FBDB33A,SCRYDEX_JP,RAW,,77.3000,USD,118770,2026-06-29
CRD_0323B3DF18D24127932E,SCRYDEX_EN,RAW,,7.0500,USD,10782,2026-06-05
CRD_0323B3DF18D24127932E,SCRYDEX_JP,GRADED,10,,,74642,2026-06-28
CRD_0323B3DF18D24127932E,SCRYDEX_JP,GRADED,9,,,25613,2026-06-28
CRD_0323B3DF18D24127932E,SCRYDEX_JP,RAW,,3.5900,USD,5516,2026-06-28
CRD_032F065F3B1D42379FF6,SCRYDEX_EN,RAW,,13.6500,USD,20973,2026-06-29
CRD_032F065F3B1D42379FF6,SCRYDEX_JP,GRADED,10,,,68942,2026-06-29
CRD_032F065F3B1D42379FF6,SCRYDEX_JP,GRADED,9,,,25936,2026-06-29
CRD_032F065F3B1D42379FF6,SCRYDEX_JP,RAW,,2.8500,USD,4379,2026-06-29
CRD_034271D298BA46158444,SCRYDEX_EN,RAW,,3.0200,USD,4619,2026-06-05
CRD_034271D298BA46158444,SCRYDEX_JP,GRADED,10,,,56020,2026-06-29
CRD_034271D298BA46158444,SCRYDEX_JP,GRADED,9,,,22648,2026-06-29
CRD_034271D298BA46158444,SCRYDEX_JP,RAW,,1.7200,USD,2643,2026-06-29
CRD_0349CF2E05594460B06B,SCRYDEX_EN,RAW,,18.4300,USD,28186,2026-06-05
CRD_0349CF2E05594460B06B,SCRYDEX_JP,GRADED,10,,,202016,2026-06-29
CRD_0349CF2E05594460B06B,SCRYDEX_JP,GRADED,9,,,38397,2026-06-29
CRD_0349CF2E05594460B06B,SCRYDEX_JP,RAW,,10.0000,USD,15365,2026-06-29
CRD_035B0C7E2A9E47CA878C,SCRYDEX_EN,RAW,,5.2900,USD,8090,2026-06-05
CRD_03969BCA263B42ACB41A,SCRYDEX_EN,RAW,,15.0000,USD,23047,2026-06-29
CRD_03969BCA263B42ACB41A,SCRYDEX_JP,GRADED,10,,,72353,2026-06-29
CRD_03969BCA263B42ACB41A,SCRYDEX_JP,GRADED,9,,,34202,2026-06-29
CRD_03969BCA263B42ACB41A,SCRYDEX_JP,RAW,,7.9400,USD,12200,2026-06-29
CRD_03D070826E284B2A9384,SCRYDEX_EN,RAW,,12.9300,USD,19867,2026-06-29
CRD_03D070826E284B2A9384,SCRYDEX_JP,GRADED,10,,,55067,2026-06-29
CRD_03D070826E284B2A9384,SCRYDEX_JP,GRADED,9,,,35231,2026-06-29
CRD_03D070826E284B2A9384,SCRYDEX_JP,RAW,,5.2400,USD,8051,2026-06-29
CRD_0400517F2E89441EAC81,SCRYDEX_EN,RAW,,161.3000,USD,247834,2026-06-29
CRD_0400517F2E89441EAC81,SCRYDEX_JP,GRADED,10,,,390758,2026-06-29
CRD_0400517F2E89441EAC81,SCRYDEX_JP,GRADED,9,,,221806,2026-06-29
CRD_0400517F2E89441EAC81,SCRYDEX_JP,RAW,,154.0500,USD,236695,2026-06-29
CRD_0421FACBD6704E71B2CE,SCRYDEX_EN,RAW,,9.7300,USD,14950,2026-06-29
CRD_0421FACBD6704E71B2CE,SCRYDEX_JP,GRADED,10,,,221115,2026-06-29
CRD_0421FACBD6704E71B2CE,SCRYDEX_JP,GRADED,9,,,32266,2026-06-29
CRD_0421FACBD6704E71B2CE,SCRYDEX_JP,RAW,,9.5000,USD,14597,2026-06-29
CRD_0422D05B3FF54A3F9FB8,SCRYDEX_EN,RAW,,17.4100,USD,26750,2026-06-29
CRD_0422D05B3FF54A3F9FB8,SCRYDEX_JP,GRADED,10,,,270666,2026-06-29
CRD_0422D05B3FF54A3F9FB8,SCRYDEX_JP,GRADED,9,,,66115,2026-06-29
CRD_0422D05B3FF54A3F9FB8,SCRYDEX_JP,RAW,,32.9000,USD,50550,2026-06-29
CRD_042BA07087FB420BABAE,SCRYDEX_EN,RAW,,0.7500,USD,1147,2026-06-05
CRD_042BA07087FB420BABAE,SCRYDEX_JP,GRADED,10,,,30576,2026-06-29
CRD_042BA07087FB420BABAE,SCRYDEX_JP,RAW,,0.3300,USD,507,2026-06-29
CRD_042E784E8ED640CF929D,SCRYDEX_EN,RAW,,15.4300,USD,23708,2026-06-29
CRD_042E784E8ED640CF929D,SCRYDEX_JP,GRADED,10,,,94785,2026-06-29
CRD_042E784E8ED640CF929D,SCRYDEX_JP,RAW,,9.9900,USD,15349,2026-06-29
CRD_047131CE3AB3482C8F7F,SCRYDEX_EN,RAW,,6.7300,USD,10293,2026-06-05
CRD_047131CE3AB3482C8F7F,SCRYDEX_JP,GRADED,10,,,56435,2026-06-29
CRD_047131CE3AB3482C8F7F,SCRYDEX_JP,GRADED,9,,,34156,2026-06-29
CRD_047131CE3AB3482C8F7F,SCRYDEX_JP,RAW,,3.9300,USD,6038,2026-06-29
CRD_04AF7F36245442EBBCF9,SCRYDEX_EN,RAW,,0.9800,USD,1499,2026-06-05
CRD_04C479651A454FB3A8D3,SCRYDEX_EN,RAW,,2.1900,USD,3349,2026-06-05
CRD_04C479651A454FB3A8D3,SCRYDEX_JP,GRADED,10,,,98965,2026-06-29
CRD_04C479651A454FB3A8D3,SCRYDEX_JP,GRADED,9,,,39979,2026-06-29
CRD_04C479651A454FB3A8D3,SCRYDEX_JP,RAW,,0.6400,USD,983,2026-06-29
CRD_04E476A38A5347C9B184,SCRYDEX_EN,RAW,,4.6500,USD,7112,2026-06-05
CRD_04E476A38A5347C9B184,SCRYDEX_JP,GRADED,10,,,59585,2026-06-29
CRD_04E476A38A5347C9B184,SCRYDEX_JP,GRADED,9,,,31805,2026-06-29
CRD_04E476A38A5347C9B184,SCRYDEX_JP,RAW,,2.7800,USD,4271,2026-06-29
CRD_04E7F61A130E41B8AE30,SCRYDEX_EN,RAW,,10.0000,USD,15455,2026-06-08
CRD_04E7F61A130E41B8AE30,SCRYDEX_JP,GRADED,10,,,152557,2026-06-29
CRD_04E7F61A130E41B8AE30,SCRYDEX_JP,RAW,,5.9900,USD,9204,2026-06-29
CRD_04F21DB3B3794D47B1C9,SCRYDEX_EN,RAW,,2.4500,USD,3747,2026-06-05
CRD_04F21DB3B3794D47B1C9,SCRYDEX_JP,GRADED,10,,,84261,2026-06-29
CRD_0506892D3B1B40D3BBF2,SCRYDEX_EN,RAW,,30.5700,USD,46970,2026-06-29
CRD_0506892D3B1B40D3BBF2,SCRYDEX_JP,GRADED,10,,,75779,2026-06-29
CRD_0506892D3B1B40D3BBF2,SCRYDEX_JP,GRADED,9,,,26120,2026-06-29
CRD_0506892D3B1B40D3BBF2,SCRYDEX_JP,RAW,,8.5600,USD,13152,2026-06-29
CRD_05103ACFA2DD4C54AC51,SCRYDEX_EN,RAW,,7.5800,USD,11647,2026-06-29
CRD_05103ACFA2DD4C54AC51,SCRYDEX_JP,GRADED,10,,,69925,2026-06-29
CRD_05103ACFA2DD4C54AC51,SCRYDEX_JP,GRADED,9,,,38059,2026-06-29
CRD_05103ACFA2DD4C54AC51,SCRYDEX_JP,RAW,,3.3700,USD,5178,2026-06-29
CRD_0512DE9EF51D4BE39554,SCRYDEX_EN,RAW,,133.3600,USD,204905,2026-06-29
CRD_0512DE9EF51D4BE39554,SCRYDEX_JP,GRADED,10,,,98903,2026-06-29
CRD_0512DE9EF51D4BE39554,SCRYDEX_JP,GRADED,9,,,34448,2026-06-29
CRD_0512DE9EF51D4BE39554,SCRYDEX_JP,RAW,,21.6600,USD,33280,2026-06-29
CRD_05147F0295684127A3F6,SCRYDEX_EN,RAW,,17.3200,USD,26612,2026-06-29
CRD_05147F0295684127A3F6,SCRYDEX_JP,GRADED,10,,,47370,2026-06-29
CRD_05147F0295684127A3F6,SCRYDEX_JP,GRADED,9,,,24538,2026-06-29
CRD_05147F0295684127A3F6,SCRYDEX_JP,RAW,,3.3100,USD,5086,2026-06-29
CRD_053F45EBABE44DD09C9B,SCRYDEX_EN,RAW,,426.7900,USD,655754,2026-06-29
CRD_053F45EBABE44DD09C9B,SCRYDEX_JP,GRADED,10,,,560493,2026-06-29
CRD_053F45EBABE44DD09C9B,SCRYDEX_JP,GRADED,9,,,310000,2026-06-29
CRD_053F45EBABE44DD09C9B,SCRYDEX_JP,RAW,,178.0400,USD,273555,2026-06-29
CRD_0542ACBB4B534F2A8089,SCRYDEX_EN,RAW,,3.5700,USD,5460,2026-06-05
CRD_0542ACBB4B534F2A8089,SCRYDEX_JP,GRADED,10,,,53393,2026-06-29
CRD_0542ACBB4B534F2A8089,SCRYDEX_JP,RAW,,1.9100,USD,2935,2026-06-29
CRD_0548814E2096488481FF,SCRYDEX_EN,RAW,,3.3100,USD,5062,2026-06-05
CRD_0548814E2096488481FF,SCRYDEX_JP,GRADED,10,,,24968,2026-06-29
CRD_0548814E2096488481FF,SCRYDEX_JP,GRADED,9,,,15580,2026-06-29
CRD_0548814E2096488481FF,SCRYDEX_JP,RAW,,4.4200,USD,6791,2026-06-29
CRD_054B8B1A8D90438899B1,SCRYDEX_EN,RAW,,37.8800,USD,57933,2026-06-05
CRD_054B8B1A8D90438899B1,SCRYDEX_JP,GRADED,10,,,505548,2026-06-29
CRD_054B8B1A8D90438899B1,SCRYDEX_JP,GRADED,9,,,161899,2026-06-29
CRD_054B8B1A8D90438899B1,SCRYDEX_JP,RAW,,152000.0000,KRW,152000,2026-06-29
CRD_05613B885FD5443C8BC8,SCRYDEX_EN,RAW,,20.9800,USD,32235,2026-06-29
CRD_05613B885FD5443C8BC8,SCRYDEX_JP,GRADED,10,,,54745,2026-06-29
CRD_05613B885FD5443C8BC8,SCRYDEX_JP,GRADED,9,,,14412,2026-06-29
CRD_05613B885FD5443C8BC8,SCRYDEX_JP,RAW,,5.3500,USD,8220,2026-06-29
CRD_0596431CCC63469EA0C3,SCRYDEX_EN,RAW,,52.0500,USD,79974,2026-06-29
CRD_0596431CCC63469EA0C3,SCRYDEX_JP,GRADED,10,,,1003076,2026-06-29
CRD_0596431CCC63469EA0C3,SCRYDEX_JP,GRADED,9,,,277749,2026-06-29
CRD_0596431CCC63469EA0C3,SCRYDEX_JP,RAW,,665000.0000,KRW,665000,2026-06-29
CRD_059BC58882F1444791AD,SCRYDEX_EN,RAW,,119.0400,USD,182903,2026-06-29
CRD_059BC58882F1444791AD,SCRYDEX_JP,GRADED,10,,,336750,2026-06-29
CRD_059BC58882F1444791AD,SCRYDEX_JP,GRADED,9,,,104496,2026-06-29
CRD_059BC58882F1444791AD,SCRYDEX_JP,RAW,,39.1500,USD,60153,2026-06-29
CRD_05A7C02B26DC4C7B8CDE,SCRYDEX_EN,RAW,,12.5500,USD,19194,2026-06-05
CRD_05A7C02B26DC4C7B8CDE,SCRYDEX_JP,GRADED,10,,,91374,2026-06-29
CRD_05A7C02B26DC4C7B8CDE,SCRYDEX_JP,GRADED,9,,,46356,2026-06-29
CRD_05A7C02B26DC4C7B8CDE,SCRYDEX_JP,RAW,,5.8500,USD,8988,2026-06-29
CRD_05B09E19DF994717ADC4,SCRYDEX_EN,RAW,,7.4600,USD,11409,2026-06-05
CRD_05B09E19DF994717ADC4,SCRYDEX_JP,GRADED,10,,,64379,2026-06-29
CRD_05B09E19DF994717ADC4,SCRYDEX_JP,GRADED,9,,,45895,2026-06-29
CRD_05B09E19DF994717ADC4,SCRYDEX_JP,RAW,,10.0000,USD,15365,2026-06-29
CRD_05BEE743A1F84904ADE4,SCRYDEX_EN,RAW,,11.8900,USD,18269,2026-06-29
CRD_05BEE743A1F84904ADE4,SCRYDEX_JP,GRADED,10,,,64332,2026-06-29
CRD_05BEE743A1F84904ADE4,SCRYDEX_JP,GRADED,9,,,13413,2026-06-29
CRD_05BEE743A1F84904ADE4,SCRYDEX_JP,RAW,,2.4800,USD,3810,2026-06-29
CRD_05D7F2E3587346D5BC44,SCRYDEX_EN,RAW,,4.4000,USD,6729,2026-06-05
CRD_05D7F2E3587346D5BC44,SCRYDEX_JP,GRADED,10,,,53147,2026-06-29
CRD_05D7F2E3587346D5BC44,SCRYDEX_JP,RAW,,4.2200,USD,6484,2026-06-29
CRD_05EA83500DDE4FE39A00,SCRYDEX_EN,RAW,,21.1300,USD,32466,2026-06-29
CRD_05EA83500DDE4FE39A00,SCRYDEX_JP,GRADED,10,,,132491,2026-06-29
CRD_05EA83500DDE4FE39A00,SCRYDEX_JP,GRADED,9,,,28440,2026-06-29
CRD_05EA83500DDE4FE39A00,SCRYDEX_JP,RAW,,7.2200,USD,11093,2026-06-29
CRD_05EEC7741BAF4827B1B7,SCRYDEX_EN,RAW,,5.2000,USD,7990,2026-06-27
CRD_05EEC7741BAF4827B1B7,SCRYDEX_JP,GRADED,10,,,66376,2026-06-29
CRD_05EEC7741BAF4827B1B7,SCRYDEX_JP,GRADED,9,,,46094,2026-06-29
CRD_05EEC7741BAF4827B1B7,SCRYDEX_JP,RAW,,2.5600,USD,3933,2026-06-29
CRD_0606801AD7A847EF992E,SCRYDEX_EN,RAW,,1.2400,USD,1896,2026-06-05
CRD_0606801AD7A847EF992E,SCRYDEX_JP,GRADED,10,,,101577,2026-06-29
CRD_0606801AD7A847EF992E,SCRYDEX_JP,RAW,,1.0400,USD,1598,2026-06-29
CRD_0630709EA5124F718749,SCRYDEX_EN,RAW,,3.7200,USD,5689,2026-06-05
CRD_065512D143D348EDBE3E,SCRYDEX_EN,RAW,,2.5700,USD,3930,2026-06-05
CRD_065512D143D348EDBE3E,SCRYDEX_JP,GRADED,10,,,57341,2026-06-29
CRD_065512D143D348EDBE3E,SCRYDEX_JP,GRADED,9,,,36876,2026-06-29
CRD_065512D143D348EDBE3E,SCRYDEX_JP,RAW,,1.3600,USD,2090,2026-06-29
CRD_0672E08240B840E58C03,SCRYDEX_EN,RAW,,2.1800,USD,3334,2026-06-05
CRD_0672E08240B840E58C03,SCRYDEX_JP,RAW,,3.6800,USD,5654,2026-06-29
CRD_06740DF77DAB42EB94FC,SCRYDEX_EN,RAW,,24.2400,USD,37244,2026-06-29
CRD_06740DF77DAB42EB94FC,SCRYDEX_JP,GRADED,10,,,84737,2026-06-29
CRD_06740DF77DAB42EB94FC,SCRYDEX_JP,GRADED,9,,,33372,2026-06-29
CRD_06740DF77DAB42EB94FC,SCRYDEX_JP,RAW,,11.1400,USD,17116,2026-06-29
CRD_06913448CCA04DE6B272,SCRYDEX_EN,RAW,,2.5600,USD,3915,2026-06-05
CRD_06913448CCA04DE6B272,SCRYDEX_JP,GRADED,10,,,56097,2026-06-29
CRD_06913448CCA04DE6B272,SCRYDEX_JP,GRADED,9,,,21219,2026-06-29
CRD_06913448CCA04DE6B272,SCRYDEX_JP,RAW,,1.9300,USD,2965,2026-06-29
CRD_069D993EF5274D81B98E,SCRYDEX_EN,RAW,,4.1100,USD,6286,2026-06-05
CRD_069D993EF5274D81B98E,SCRYDEX_JP,GRADED,10,,,47016,2026-06-29
CRD_069D993EF5274D81B98E,SCRYDEX_JP,GRADED,9,,,20420,2026-06-29
CRD_069D993EF5274D81B98E,SCRYDEX_JP,RAW,,0.3400,USD,522,2026-06-29
CRD_06B5F77BEF2A4FCE9B9B,SCRYDEX_EN,RAW,,2.6700,USD,4083,2026-06-05
CRD_06B5F77BEF2A4FCE9B9B,SCRYDEX_JP,GRADED,10,,,56696,2026-06-29
CRD_06B5F77BEF2A4FCE9B9B,SCRYDEX_JP,GRADED,9,,,27595,2026-06-29
CRD_06B5F77BEF2A4FCE9B9B,SCRYDEX_JP,RAW,,1.7400,USD,2673,2026-06-29
CRD_06BED8DCDED386D09CC6,SCRYDEX_EN,RAW,,13.0100,USD,19990,2026-06-29
CRD_06BED8DCDED386D09CC6,SCRYDEX_JP,GRADED,10,,,73014,2026-06-29
CRD_06BED8DCDED386D09CC6,SCRYDEX_JP,GRADED,9,,,22279,2026-06-29
CRD_06BED8DCDED386D09CC6,SCRYDEX_JP,RAW,,6.1700,USD,9480,2026-06-29
CRD_06CEAC2A8B35426D926A,SCRYDEX_EN,RAW,,6.2600,USD,9574,2026-06-05
CRD_06CEAC2A8B35426D926A,SCRYDEX_JP,GRADED,10,,,99764,2026-06-29
CRD_06CEAC2A8B35426D926A,SCRYDEX_JP,GRADED,9,,,26120,2026-06-29
CRD_06CEAC2A8B35426D926A,SCRYDEX_JP,RAW,,2.4700,USD,3795,2026-06-29
CRD_06D78B5B12AC4475BDA5,SCRYDEX_EN,RAW,,6.6900,USD,10231,2026-06-05
CRD_06D78B5B12AC4475BDA5,SCRYDEX_JP,RAW,,10.6900,USD,16425,2026-06-29
CRD_070B71AF46134ABAB790,SCRYDEX_EN,RAW,,1.8000,USD,2753,2026-06-05
CRD_070B71AF46134ABAB790,SCRYDEX_JP,GRADED,10,,,45633,2026-06-29
CRD_070B71AF46134ABAB790,SCRYDEX_JP,RAW,,0.7700,USD,1183,2026-06-29
CRD_0736415A8A2440169E58,SCRYDEX_EN,RAW,,2.2900,USD,3502,2026-06-05
CRD_0736415A8A2440169E58,SCRYDEX_JP,GRADED,10,,,41562,2026-06-29
CRD_0736415A8A2440169E58,SCRYDEX_JP,RAW,,1.2900,USD,1982,2026-06-29
CRD_074346DE46AC4F019E17,SCRYDEX_EN,RAW,,18.6900,USD,28717,2026-06-29
CRD_074346DE46AC4F019E17,SCRYDEX_JP,GRADED,10,,,82709,2026-06-29
CRD_074346DE46AC4F019E17,SCRYDEX_JP,GRADED,9,,,26658,2026-06-29
CRD_074346DE46AC4F019E17,SCRYDEX_JP,RAW,,17.8400,USD,27411,2026-06-29
CRD_075869C1BFF3489794D1,SCRYDEX_EN,RAW,,2.8400,USD,4343,2026-06-05
CRD_075869C1BFF3489794D1,SCRYDEX_JP,GRADED,10,,,6146,2026-06-29
CRD_075869C1BFF3489794D1,SCRYDEX_JP,RAW,,2.6600,USD,4087,2026-06-29
CRD_0764FF85AFFD44039B19,SCRYDEX_EN,RAW,,5.5300,USD,8457,2026-06-05
CRD_0764FF85AFFD44039B19,SCRYDEX_JP,GRADED,10,,,38458,2026-06-29
CRD_0764FF85AFFD44039B19,SCRYDEX_JP,RAW,,7.1900,USD,11047,2026-06-29
CRD_0772C5CF7513F14CB993C2F4FEE4944E,SCRYDEX_JP,GRADED,10,,,24394847,2026-06-29
CRD_0772C5CF7513F14CB993C2F4FEE4944E,SCRYDEX_JP,GRADED,9,,,12018500,2026-06-29
CRD_077EAB8DA2FB416FBA52,SCRYDEX_EN,RAW,,16.5500,USD,25429,2026-06-29
CRD_077EAB8DA2FB416FBA52,SCRYDEX_JP,GRADED,10,,,57434,2026-06-29
CRD_077EAB8DA2FB416FBA52,SCRYDEX_JP,GRADED,9,,,21511,2026-06-29
CRD_077EAB8DA2FB416FBA52,SCRYDEX_JP,RAW,,6.1500,USD,9449,2026-06-29
CRD_07838391EB0EE31C2240,SCRYDEX_EN,RAW,,11.1000,USD,17055,2026-06-29
CRD_07838391EB0EE31C2240,SCRYDEX_JP,GRADED,10,,,65700,2026-06-29
CRD_07838391EB0EE31C2240,SCRYDEX_JP,RAW,,17.2800,USD,26550,2026-06-29
CRD_078657E48A5C7962311A,SCRYDEX_JP,GRADED,10,,,28609,2026-06-29
CRD_078657E48A5C7962311A,SCRYDEX_JP,RAW,,0.4000,USD,615,2026-06-29
CRD_07B17A05B9584311B888,SCRYDEX_EN,RAW,,3.3900,USD,5185,2026-06-05
CRD_07B17A05B9584311B888,SCRYDEX_JP,GRADED,10,,,51088,2026-06-29
CRD_07B17A05B9584311B888,SCRYDEX_JP,GRADED,9,,,30760,2026-06-29
CRD_07B17A05B9584311B888,SCRYDEX_JP,RAW,,2.5500,USD,3918,2026-06-29
CRD_07C8867477114A5E9490,SCRYDEX_EN,RAW,,53.8800,USD,82786,2026-06-29
CRD_07C8867477114A5E9490,SCRYDEX_JP,GRADED,10,,,133781,2026-06-29
CRD_07C8867477114A5E9490,SCRYDEX_JP,GRADED,9,,,27672,2026-06-29
CRD_07C8867477114A5E9490,SCRYDEX_JP,RAW,,16.7900,USD,25797,2026-06-29
CRD_07E30AB6E1C54457BB2D,SCRYDEX_EN,RAW,,28.8200,USD,44281,2026-06-29
CRD_07E30AB6E1C54457BB2D,SCRYDEX_JP,GRADED,10,,,135149,2026-06-28
CRD_07E30AB6E1C54457BB2D,SCRYDEX_JP,GRADED,9,,,42852,2026-06-28
CRD_07E30AB6E1C54457BB2D,SCRYDEX_JP,RAW,,8.4500,USD,12983,2026-06-28
CRD_080B6E0862C44602A883,SCRYDEX_EN,RAW,,6.6800,USD,10216,2026-06-05
CRD_080B6E0862C44602A883,SCRYDEX_JP,GRADED,10,,,64532,2026-06-29
CRD_080B6E0862C44602A883,SCRYDEX_JP,GRADED,9,,,21234,2026-06-29
CRD_080B6E0862C44602A883,SCRYDEX_JP,RAW,,0.8700,USD,1337,2026-06-29
CRD_0810CE32B1AB400B95BA,SCRYDEX_EN,RAW,,61.0400,USD,93787,2026-06-29
CRD_0810CE32B1AB400B95BA,SCRYDEX_JP,GRADED,10,,,236971,2026-06-29
CRD_0810CE32B1AB400B95BA,SCRYDEX_JP,GRADED,9,,,69172,2026-06-29
CRD_0810CE32B1AB400B95BA,SCRYDEX_JP,RAW,,41.2500,USD,63380,2026-06-29
CRD_08208815CA6B42DFB7C7,SCRYDEX_EN,RAW,,3.5100,USD,5368,2026-06-05
CRD_08208815CA6B42DFB7C7,SCRYDEX_JP,GRADED,10,,,62412,2026-06-29
CRD_08208815CA6B42DFB7C7,SCRYDEX_JP,GRADED,9,,,32343,2026-06-29
CRD_08208815CA6B42DFB7C7,SCRYDEX_JP,RAW,,2.1900,USD,3365,2026-06-29
CRD_0822CD02EBF4BC46E659,SCRYDEX_JP,RAW,,99.9900,USD,148949,2026-05-14
CRD_08372C116D1A44CE82AB,SCRYDEX_EN,RAW,,6.1000,USD,9329,2026-06-05
CRD_08372C116D1A44CE82AB,SCRYDEX_JP,GRADED,10,,,76885,2026-06-29
CRD_08372C116D1A44CE82AB,SCRYDEX_JP,RAW,,4.3800,USD,6730,2026-06-29
CRD_0839A3235BFC40C7A767,SCRYDEX_JP,GRADED,10,,,205089,2026-06-29
CRD_0839A3235BFC40C7A767,SCRYDEX_JP,GRADED,9,,,105111,2026-06-29
CRD_0839A3235BFC40C7A767,SCRYDEX_JP,RAW,,86.1600,USD,132383,2026-06-29
CRD_088D2EC7F19046DCB5F5,SCRYDEX_EN,RAW,,0.4500,USD,691,2026-06-29
CRD_088D2EC7F19046DCB5F5,SCRYDEX_JP,RAW,,0.3000,USD,461,2026-06-28
CRD_088EFCFA66FD4762A236,SCRYDEX_EN,RAW,,5.0300,USD,7728,2026-06-29
CRD_088EFCFA66FD4762A236,SCRYDEX_JP,GRADED,10,,,169996,2026-06-29
CRD_088EFCFA66FD4762A236,SCRYDEX_JP,RAW,,50.0000,USD,76824,2026-06-29
CRD_08B2DC8AD0B04FF58A33,SCRYDEX_EN,RAW,,13.1300,USD,20174,2026-06-29
CRD_08B2DC8AD0B04FF58A33,SCRYDEX_JP,GRADED,10,,,49813,2026-06-29
CRD_08B2DC8AD0B04FF58A33,SCRYDEX_JP,GRADED,9,,,10878,2026-06-29
CRD_08B2DC8AD0B04FF58A33,SCRYDEX_JP,RAW,,2.4700,USD,3795,2026-06-29
CRD_08BB039F0F51499BA059,SCRYDEX_EN,RAW,,25.5300,USD,39226,2026-06-29
CRD_08BB039F0F51499BA059,SCRYDEX_JP,GRADED,10,,,272587,2026-06-29
CRD_08BB039F0F51499BA059,SCRYDEX_JP,GRADED,9,,,58140,2026-06-29
CRD_08BB039F0F51499BA059,SCRYDEX_JP,RAW,,17.3000,USD,26581,2026-06-29
CRD_08D8EFD7132A4E838F53,SCRYDEX_EN,RAW,,1.2500,USD,1912,2026-06-05
CRD_08D8EFD7132A4E838F53,SCRYDEX_JP,GRADED,10,,,36092,2026-06-29
CRD_08D8EFD7132A4E838F53,SCRYDEX_JP,RAW,,1.0000,USD,1536,2026-06-29
CRD_08E2001528D84351A367,SCRYDEX_EN,RAW,,1.3700,USD,2095,2026-06-05
CRD_08E2001528D84351A367,SCRYDEX_JP,GRADED,10,,,52548,2026-06-29
CRD_08E2001528D84351A367,SCRYDEX_JP,GRADED,9,,,26873,2026-06-29
CRD_08E2001528D84351A367,SCRYDEX_JP,RAW,,0.7200,USD,1106,2026-06-29
CRD_090216855FE241EFB18B,SCRYDEX_EN,RAW,,341.1300,USD,524139,2026-06-29
CRD_090216855FE241EFB18B,SCRYDEX_JP,GRADED,10,,,627084,2026-06-29
CRD_090216855FE241EFB18B,SCRYDEX_JP,GRADED,9,,,267255,2026-06-29
CRD_090216855FE241EFB18B,SCRYDEX_JP,RAW,,178.7900,USD,274707,2026-06-29
CRD_0902F4E6CC9047A98559,SCRYDEX_EN,RAW,,28.6300,USD,43989,2026-06-29
CRD_0902F4E6CC9047A98559,SCRYDEX_JP,GRADED,10,,,345385,2026-06-29
CRD_0902F4E6CC9047A98559,SCRYDEX_JP,GRADED,9,,,119692,2026-06-29
CRD_0902F4E6CC9047A98559,SCRYDEX_JP,RAW,,32.9300,USD,50596,2026-06-29
CRD_090C5C6FE6B34BC0A9E7,SCRYDEX_EN,RAW,,18.9100,USD,29076,2026-06-23
CRD_090C5C6FE6B34BC0A9E7,SCRYDEX_JP,GRADED,10,,,230580,2026-06-29
CRD_090C5C6FE6B34BC0A9E7,SCRYDEX_JP,GRADED,9,,,32343,2026-06-29
CRD_090C5C6FE6B34BC0A9E7,SCRYDEX_JP,RAW,,23.7700,USD,36522,2026-06-29
CRD_0913C93AC0DD43E58008,SCRYDEX_EN,RAW,,13.1100,USD,20143,2026-06-29
CRD_0913C93AC0DD43E58008,SCRYDEX_JP,GRADED,10,,,74919,2026-06-29
CRD_0913C93AC0DD43E58008,SCRYDEX_JP,GRADED,9,,,26934,2026-06-29
CRD_0913C93AC0DD43E58008,SCRYDEX_JP,RAW,,6.1700,USD,9480,2026-06-29
CRD_0916BCC640C24E4088BB,SCRYDEX_EN,RAW,,43.3900,USD,66668,2026-06-29
CRD_0916BCC640C24E4088BB,SCRYDEX_JP,GRADED,10,,,100363,2026-06-29
CRD_0916BCC640C24E4088BB,SCRYDEX_JP,GRADED,9,,,28179,2026-06-29
CRD_0916BCC640C24E4088BB,SCRYDEX_JP,RAW,,10.0700,USD,15472,2026-06-29
CRD_091DC06176614517B5E1,SCRYDEX_EN,RAW,,330.2900,USD,507484,2026-06-29
CRD_091DC06176614517B5E1,SCRYDEX_JP,GRADED,10,,,1947642,2026-06-29
CRD_091DC06176614517B5E1,SCRYDEX_JP,GRADED,9,,,553394,2026-06-29
CRD_091DC06176614517B5E1,SCRYDEX_JP,RAW,,224.9900,USD,345693,2026-06-29
CRD_092D58F7609842FEA757,SCRYDEX_EN,RAW,,6.2400,USD,9543,2026-06-05
CRD_092D58F7609842FEA757,SCRYDEX_JP,GRADED,10,,,49229,2026-06-29
CRD_092D58F7609842FEA757,SCRYDEX_JP,GRADED,9,,,22755,2026-06-29
CRD_092D58F7609842FEA757,SCRYDEX_JP,RAW,,2.2000,USD,3380,2026-06-29
CRD_093AB925F0C14BB1BFF6,SCRYDEX_EN,RAW,,303.6400,USD,466537,2026-06-29
CRD_093AB925F0C14BB1BFF6,SCRYDEX_JP,GRADED,10,,,1180078,2026-06-29
CRD_093AB925F0C14BB1BFF6,SCRYDEX_JP,GRADED,9,,,469441,2026-06-29
CRD_093AB925F0C14BB1BFF6,SCRYDEX_JP,RAW,,370.0000,USD,568498,2026-06-29
CRD_093C06DA9ACB4816A395,SCRYDEX_EN,RAW,,18.4200,USD,28302,2026-06-29
CRD_093C06DA9ACB4816A395,SCRYDEX_JP,GRADED,10,,,91083,2026-06-29
CRD_093C06DA9ACB4816A395,SCRYDEX_JP,GRADED,9,,,27334,2026-06-29
CRD_093C06DA9ACB4816A395,SCRYDEX_JP,RAW,,6.1500,USD,9449,2026-06-29
CRD_093F671F8D0F4F349B81,SCRYDEX_EN,RAW,,5.5800,USD,8534,2026-06-05
CRD_093F671F8D0F4F349B81,SCRYDEX_JP,GRADED,10,,,119108,2026-06-29
CRD_093F671F8D0F4F349B81,SCRYDEX_JP,GRADED,9,,,37398,2026-06-29
CRD_093F671F8D0F4F349B81,SCRYDEX_JP,RAW,,2.3400,USD,3595,2026-06-29
CRD_0947A2BADF48F0637F4B,SCRYDEX_JP,GRADED,10,,,140742,2026-06-29
CRD_0947A2BADF48F0637F4B,SCRYDEX_JP,GRADED,9,,,19974,2026-06-29
CRD_0947A2BADF48F0637F4B,SCRYDEX_JP,RAW,,0.8900,USD,1367,2026-06-29
CRD_09516DD8E2C14A009B0E,SCRYDEX_JP,GRADED,10,,,105418,2026-06-29
CRD_09516DD8E2C14A009B0E,SCRYDEX_JP,GRADED,9,,,23908,2026-06-29
CRD_09516DD8E2C14A009B0E,SCRYDEX_JP,RAW,,22.7700,USD,34986,2026-06-29
CRD_095AFC71458E492189E1,SCRYDEX_EN,RAW,,6.2700,USD,9589,2026-06-05
CRD_095AFC71458E492189E1,SCRYDEX_JP,GRADED,10,,,55190,2026-06-29
CRD_095AFC71458E492189E1,SCRYDEX_JP,GRADED,9,,,21280,2026-06-29
CRD_095AFC71458E492189E1,SCRYDEX_JP,RAW,,2.1100,USD,3242,2026-06-29
CRD_096403B193C94990A6F0,SCRYDEX_EN,RAW,,64.2200,USD,98673,2026-06-29
CRD_096403B193C94990A6F0,SCRYDEX_JP,GRADED,10,,,222067,2026-06-29
CRD_096403B193C94990A6F0,SCRYDEX_JP,GRADED,9,,,76010,2026-06-29
CRD_096403B193C94990A6F0,SCRYDEX_JP,RAW,,32.9600,USD,50642,2026-06-29
CRD_0989252EF29D4FAB9599,SCRYDEX_EN,RAW,,23.6400,USD,36483,2026-06-25
CRD_0989252EF29D4FAB9599,SCRYDEX_JP,GRADED,10,,,61106,2026-06-29
CRD_0989252EF29D4FAB9599,SCRYDEX_JP,GRADED,9,,,33956,2026-06-29
CRD_0989252EF29D4FAB9599,SCRYDEX_JP,RAW,,9.2900,USD,14274,2026-06-29
CRD_098C383D6CBC4015A438,SCRYDEX_EN,RAW,,3.4300,USD,5246,2026-06-05
CRD_098C383D6CBC4015A438,SCRYDEX_JP,GRADED,10,,,66499,2026-06-29
CRD_098C383D6CBC4015A438,SCRYDEX_JP,GRADED,9,,,30253,2026-06-29
CRD_098C383D6CBC4015A438,SCRYDEX_JP,RAW,,1.1400,USD,1752,2026-06-29
CRD_09A1CB4E6B9E4002ACA2,SCRYDEX_EN,RAW,,12.6800,USD,19483,2026-06-29
CRD_09A1CB4E6B9E4002ACA2,SCRYDEX_JP,GRADED,10,,,101239,2026-06-29
CRD_09A1CB4E6B9E4002ACA2,SCRYDEX_JP,GRADED,9,,,31667,2026-06-29
CRD_09A1CB4E6B9E4002ACA2,SCRYDEX_JP,RAW,,5.2400,USD,8051,2026-06-29
CRD_09AAD6A024434832A88A,SCRYDEX_EN,RAW,,15.7700,USD,24118,2026-06-05
CRD_09AAD6A024434832A88A,SCRYDEX_JP,GRADED,10,,,153033,2026-06-29
CRD_09AAD6A024434832A88A,SCRYDEX_JP,RAW,,15.0000,USD,23047,2026-06-29
CRD_09BE4064BBF541EE8222,SCRYDEX_EN,RAW,,3.9400,USD,6026,2026-06-05
CRD_09BE4064BBF541EE8222,SCRYDEX_JP,GRADED,10,,,63411,2026-06-29
CRD_09BE4064BBF541EE8222,SCRYDEX_JP,GRADED,9,,,34986,2026-06-29
CRD_09BE4064BBF541EE8222,SCRYDEX_JP,RAW,,2.5700,USD,3949,2026-06-29
CRD_09EFFE8F5F8C4A58A5DD,SCRYDEX_EN,RAW,,3.0500,USD,4665,2026-06-05
CRD_09EFFE8F5F8C4A58A5DD,SCRYDEX_JP,GRADED,10,,,53208,2026-06-29
CRD_09EFFE8F5F8C4A58A5DD,SCRYDEX_JP,RAW,,1.8800,USD,2889,2026-06-29
CRD_0A08B2E2AE7D46908548,SCRYDEX_EN,RAW,,3.0400,USD,4649,2026-06-05
CRD_0A08B2E2AE7D46908548,SCRYDEX_JP,GRADED,10,,,10371,2026-06-29
CRD_0A08B2E2AE7D46908548,SCRYDEX_JP,GRADED,9,,,13828,2026-06-29
CRD_0A08B2E2AE7D46908548,SCRYDEX_JP,RAW,,1.8000,USD,2766,2026-06-29
CRD_0A1A02B69C48772F29BD,SCRYDEX_JP,RAW,,5.6700,USD,8712,2026-06-29
CRD_0A1D6B89377D433F8DC2,SCRYDEX_EN,RAW,,3.8200,USD,5842,2026-06-05
CRD_0A1D6B89377D433F8DC2,SCRYDEX_JP,GRADED,10,,,139973,2026-06-29
CRD_0A1D6B89377D433F8DC2,SCRYDEX_JP,GRADED,9,,,61444,2026-06-29
CRD_0A1D6B89377D433F8DC2,SCRYDEX_JP,RAW,,4.0400,USD,6207,2026-06-29
CRD_0A4BC771BE0743608661,SCRYDEX_EN,RAW,,23.8400,USD,36460,2026-06-05
CRD_0A4BC771BE0743608661,SCRYDEX_JP,GRADED,10,,,610190,2026-05-05
CRD_0A536D17231946EBBE81,SCRYDEX_EN,RAW,,49.2600,USD,75687,2026-06-29
CRD_0A536D17231946EBBE81,SCRYDEX_JP,GRADED,10,,,131630,2026-06-29
CRD_0A536D17231946EBBE81,SCRYDEX_JP,GRADED,9,,,41009,2026-06-29
CRD_0A536D17231946EBBE81,SCRYDEX_JP,RAW,,21.5800,USD,33157,2026-06-29
CRD_0A903CAA6FAE43DA81D3,SCRYDEX_EN,RAW,,23.7100,USD,36261,2026-06-05
CRD_0A903CAA6FAE43DA81D3,SCRYDEX_JP,GRADED,10,,,109874,2026-06-29
CRD_0A903CAA6FAE43DA81D3,SCRYDEX_JP,GRADED,9,,,69387,2026-06-29
CRD_0A903CAA6FAE43DA81D3,SCRYDEX_JP,RAW,,9.3500,USD,14366,2026-06-29
CRD_0A986E45BB20474CB2BF,SCRYDEX_EN,RAW,,0.5700,USD,872,2026-06-05
CRD_0A986E45BB20474CB2BF,SCRYDEX_JP,GRADED,9,,,27534,2026-06-29
CRD_0A986E45BB20474CB2BF,SCRYDEX_JP,RAW,,0.3200,USD,492,2026-06-29
CRD_0AB4A2D2E3654FD69744,SCRYDEX_EN,RAW,,5.9500,USD,9100,2026-06-05
CRD_0AB4A2D2E3654FD69744,SCRYDEX_JP,GRADED,10,,,71446,2026-06-29
CRD_0AB4A2D2E3654FD69744,SCRYDEX_JP,GRADED,9,,,30315,2026-06-29
CRD_0AB4A2D2E3654FD69744,SCRYDEX_JP,RAW,,6.2100,USD,9542,2026-06-29
CRD_0AC16029AD564BF68326,SCRYDEX_EN,RAW,,2.4600,USD,3762,2026-06-05
CRD_0AC16029AD564BF68326,SCRYDEX_JP,GRADED,10,,,42269,2026-06-29
CRD_0AC16029AD564BF68326,SCRYDEX_JP,GRADED,9,,,30514,2026-06-29
CRD_0AC16029AD564BF68326,SCRYDEX_JP,RAW,,3.0000,USD,4609,2026-06-29
CRD_0AD03EC9544B43B4AF4F,SCRYDEX_EN,RAW,,2.5400,USD,3885,2026-06-05
CRD_0AD03EC9544B43B4AF4F,SCRYDEX_JP,GRADED,10,,,61674,2026-06-29
CRD_0AD03EC9544B43B4AF4F,SCRYDEX_JP,RAW,,1.6300,USD,2504,2026-06-29
CRD_0AD2B95BE4924784A6C4,SCRYDEX_EN,RAW,,11.8800,USD,18253,2026-06-29
CRD_0AD2B95BE4924784A6C4,SCRYDEX_JP,GRADED,10,,,72921,2026-06-29
CRD_0AD2B95BE4924784A6C4,SCRYDEX_JP,GRADED,9,,,21050,2026-06-29
CRD_0AD2B95BE4924784A6C4,SCRYDEX_JP,RAW,,4.3800,USD,6730,2026-06-29
CRD_0AF83E61B4874FECB22C,SCRYDEX_EN,RAW,,31.9500,USD,49091,2026-06-29
CRD_0AF83E61B4874FECB22C,SCRYDEX_JP,GRADED,10,,,110965,2026-06-29
CRD_0AF83E61B4874FECB22C,SCRYDEX_JP,GRADED,9,,,31974,2026-06-29
CRD_0AF83E61B4874FECB22C,SCRYDEX_JP,RAW,,8.0000,USD,12292,2026-06-29
CRD_0B145711AB734536AD63,SCRYDEX_EN,RAW,,9.6900,USD,14820,2026-06-05
CRD_0B145711AB734536AD63,SCRYDEX_JP,GRADED,10,,,60414,2026-06-29
CRD_0B145711AB734536AD63,SCRYDEX_JP,RAW,,8.1500,USD,12522,2026-06-29
CRD_0B17CA38B6334F20B964,SCRYDEX_EN,RAW,,0.9800,USD,1499,2026-06-05
CRD_0B17CA38B6334F20B964,SCRYDEX_JP,GRADED,10,,,62980,2026-06-29
CRD_0B17CA38B6334F20B964,SCRYDEX_JP,GRADED,9,,,10755,2026-06-29
CRD_0B17CA38B6334F20B964,SCRYDEX_JP,RAW,,0.7900,USD,1214,2026-06-29
CRD_0B188D85E3A44B03D1BA,SCRYDEX_JP,GRADED,10,,,6428463,2026-06-29
CRD_0B188D85E3A44B03D1BA,SCRYDEX_JP,GRADED,9,,,1556178,2026-06-29
CRD_0B188D85E3A44B03D1BA,SCRYDEX_JP,RAW,,1235000.0000,KRW,1235000,2026-06-29
CRD_0B1B22D6D38DC9FDB7C1,SCRYDEX_JP,GRADED,10,,,62980,2026-06-29
CRD_0B1B22D6D38DC9FDB7C1,SCRYDEX_JP,RAW,,0.4900,USD,753,2026-06-29
CRD_0B22E2A33CB14A99888F,SCRYDEX_EN,RAW,,2.8100,USD,4298,2026-06-05
CRD_0B22E2A33CB14A99888F,SCRYDEX_JP,GRADED,10,,,40840,2026-06-29
CRD_0B22E2A33CB14A99888F,SCRYDEX_JP,GRADED,9,,,25490,2026-06-29
CRD_0B22E2A33CB14A99888F,SCRYDEX_JP,RAW,,1.4000,USD,2151,2026-06-29
CRD_0B59EFE11F824CC29403,SCRYDEX_EN,RAW,,0.7600,USD,1162,2026-06-05
CRD_0B59EFE11F824CC29403,SCRYDEX_JP,GRADED,10,,,70678,2026-06-29
CRD_0B59EFE11F824CC29403,SCRYDEX_JP,RAW,,0.5300,USD,814,2026-06-29
CRD_0B59FFD0541D47B4BE4A,SCRYDEX_EN,RAW,,13.6500,USD,20973,2026-06-29
CRD_0B59FFD0541D47B4BE4A,SCRYDEX_JP,GRADED,10,,,307219,2026-06-29
CRD_0B59FFD0541D47B4BE4A,SCRYDEX_JP,RAW,,4.5500,USD,6991,2026-06-29
CRD_0B5E6A47F7A34237A44A,SCRYDEX_EN,RAW,,6.9600,USD,10644,2026-06-05
CRD_0B5E6A47F7A34237A44A,SCRYDEX_JP,GRADED,10,,,39948,2026-06-29
CRD_0B5E6A47F7A34237A44A,SCRYDEX_JP,RAW,,6.0700,USD,9326,2026-06-29
CRD_0B802D98F17B44E8B194,SCRYDEX_EN,RAW,,2.2900,USD,3502,2026-06-05
CRD_0B802D98F17B44E8B194,SCRYDEX_JP,GRADED,9,,,19974,2026-06-29
CRD_0B802D98F17B44E8B194,SCRYDEX_JP,RAW,,3.5400,USD,5439,2026-06-29
CRD_0B84E98684704E7CBB0F,SCRYDEX_EN,RAW,,34.9700,USD,53731,2026-06-29
CRD_0B84E98684704E7CBB0F,SCRYDEX_JP,GRADED,10,,,64148,2026-06-29
CRD_0B84E98684704E7CBB0F,SCRYDEX_JP,GRADED,9,,,33572,2026-06-29
CRD_0B84E98684704E7CBB0F,SCRYDEX_JP,RAW,,4.8300,USD,7421,2026-06-29
CRD_0BB77FE2EEEC4F359733,SCRYDEX_EN,RAW,,2.6200,USD,4026,2026-06-29
CRD_0BBA24DF2AA04E9F8934,SCRYDEX_EN,RAW,,4.3500,USD,6653,2026-06-05
CRD_0BBA24DF2AA04E9F8934,SCRYDEX_JP,GRADED,10,,,179584,2026-06-29
CRD_0BBA24DF2AA04E9F8934,SCRYDEX_JP,RAW,,6.7500,USD,10371,2026-06-29
CRD_0BCE4311895A4715B616,SCRYDEX_EN,RAW,,2.6800,USD,4099,2026-06-05
CRD_0BCE4311895A4715B616,SCRYDEX_JP,GRADED,10,,,129433,2026-06-29
CRD_0BCE4311895A4715B616,SCRYDEX_JP,GRADED,9,,,31529,2026-06-29
CRD_0BCE4311895A4715B616,SCRYDEX_JP,RAW,,1.8400,USD,2827,2026-06-29
CRD_0BDAE7D89E874FAF958A,SCRYDEX_EN,RAW,,244.6500,USD,374160,2026-06-05
CRD_0BDAE7D89E874FAF958A,SCRYDEX_JP,GRADED,10,,,838565,2026-06-29
CRD_0BDAE7D89E874FAF958A,SCRYDEX_JP,GRADED,9,,,342620,2026-06-29
CRD_0BDAE7D89E874FAF958A,SCRYDEX_JP,RAW,,760000.0000,KRW,760000,2026-06-29
CRD_0BDC07CD5DF04DCC8A26,SCRYDEX_EN,RAW,,84.0700,USD,129769,2026-06-26
CRD_0BDC07CD5DF04DCC8A26,SCRYDEX_JP,GRADED,10,,,689895,2026-06-29
CRD_0BDC07CD5DF04DCC8A26,SCRYDEX_JP,GRADED,9,,,184900,2026-06-29
CRD_0BDC07CD5DF04DCC8A26,SCRYDEX_JP,RAW,,65.0000,USD,99871,2026-06-29
CRD_0C0972C263B343A4BB0D,SCRYDEX_EN,RAW,,0.8700,USD,1331,2026-06-05
CRD_0C0972C263B343A4BB0D,SCRYDEX_JP,GRADED,10,,,45311,2026-06-29
CRD_0C0972C263B343A4BB0D,SCRYDEX_JP,GRADED,9,,,12384,2026-06-29
CRD_0C0972C263B343A4BB0D,SCRYDEX_JP,RAW,,0.5400,USD,830,2026-06-29
CRD_0C103A2D31494C7580E2,SCRYDEX_EN,RAW,,14.2400,USD,21879,2026-06-29
CRD_0C103A2D31494C7580E2,SCRYDEX_JP,GRADED,10,,,83108,2026-06-29
CRD_0C103A2D31494C7580E2,SCRYDEX_JP,GRADED,9,,,26043,2026-06-29
CRD_0C103A2D31494C7580E2,SCRYDEX_JP,RAW,,18.9200,USD,29070,2026-06-29
CRD_0C126096DBBD4B00BFB9,SCRYDEX_EN,RAW,,5.0400,USD,7744,2026-06-29
CRD_0C126096DBBD4B00BFB9,SCRYDEX_JP,GRADED,10,,,94908,2026-06-29
CRD_0C126096DBBD4B00BFB9,SCRYDEX_JP,RAW,,1.4200,USD,2182,2026-06-29
CRD_0C248A94127B49FB8F15,SCRYDEX_EN,RAW,,5.8200,USD,8901,2026-06-05
CRD_0C248A94127B49FB8F15,SCRYDEX_JP,GRADED,10,,,80419,2026-06-29
CRD_0C248A94127B49FB8F15,SCRYDEX_JP,RAW,,3.8000,USD,5839,2026-06-29
CRD_0C3A374FCCE5445B84A9,SCRYDEX_EN,RAW,,23.3100,USD,35815,2026-06-29
CRD_0C3A374FCCE5445B84A9,SCRYDEX_JP,GRADED,10,,,51672,2026-06-29
CRD_0C3A374FCCE5445B84A9,SCRYDEX_JP,GRADED,9,,,9219,2026-06-29
CRD_0C3A374FCCE5445B84A9,SCRYDEX_JP,RAW,,6.2900,USD,9664,2026-06-29
CRD_0C3B052D2AB54CD8908B,SCRYDEX_EN,RAW,,0.7600,USD,1162,2026-06-05
CRD_0C3B052D2AB54CD8908B,SCRYDEX_JP,GRADED,10,,,33418,2026-06-29
CRD_0C3B052D2AB54CD8908B,SCRYDEX_JP,RAW,,0.2600,USD,399,2026-06-29
CRD_0C3B183FCB4142F2B7B8,SCRYDEX_EN,RAW,,3.8100,USD,5827,2026-06-05
CRD_0C3B183FCB4142F2B7B8,SCRYDEX_JP,GRADED,10,,,90330,2026-06-29
CRD_0C3B183FCB4142F2B7B8,SCRYDEX_JP,RAW,,5.1100,USD,7851,2026-06-29
CRD_0C741136B4054397BC6E,SCRYDEX_EN,RAW,,151.1200,USD,231118,2026-06-05
CRD_0C741136B4054397BC6E,SCRYDEX_JP,GRADED,10,,,1112796,2026-06-29
CRD_0C741136B4054397BC6E,SCRYDEX_JP,GRADED,9,,,194104,2026-06-29
CRD_0C741136B4054397BC6E,SCRYDEX_JP,RAW,,80.0000,USD,122918,2026-06-29
CRD_0C99B90A478B44A1BA11,SCRYDEX_EN,RAW,,34.6100,USD,52931,2026-06-05
CRD_0C99B90A478B44A1BA11,SCRYDEX_JP,GRADED,10,,,913023,2026-06-29
CRD_0C99B90A478B44A1BA11,SCRYDEX_JP,GRADED,9,,,82325,2026-06-29
CRD_0C99B90A478B44A1BA11,SCRYDEX_JP,RAW,,53.3300,USD,81940,2026-06-29
CRD_0CB06AA60B6E4470B9A9,SCRYDEX_EN,RAW,,2.4900,USD,3808,2026-06-05
CRD_0CB06AA60B6E4470B9A9,SCRYDEX_JP,GRADED,10,,,56573,2026-06-28
CRD_0CB06AA60B6E4470B9A9,SCRYDEX_JP,GRADED,9,,,27457,2026-06-28
CRD_0CB06AA60B6E4470B9A9,SCRYDEX_JP,RAW,,1.5200,USD,2335,2026-06-28
CRD_0CE1AB32F2CE46FFAA8B,SCRYDEX_EN,RAW,,25.6400,USD,39395,2026-06-29
CRD_0CE1AB32F2CE46FFAA8B,SCRYDEX_JP,GRADED,10,,,64686,2026-06-29
CRD_0CE1AB32F2CE46FFAA8B,SCRYDEX_JP,GRADED,9,,,41101,2026-06-29
CRD_0CE1AB32F2CE46FFAA8B,SCRYDEX_JP,RAW,,7.5000,USD,11524,2026-06-29
CRD_0CE1E882E3DB3A128B10,SCRYDEX_EN,RAW,,1.5100,USD,2320,2026-06-29
CRD_0CE1E882E3DB3A128B10,SCRYDEX_JP,RAW,,0.8800,USD,1352,2026-06-29
CRD_0CE6EEB1A26B404D9703,SCRYDEX_EN,RAW,,2.5200,USD,3854,2026-06-05
CRD_0CE6EEB1A26B404D9703,SCRYDEX_JP,GRADED,10,,,9219,2026-06-29
CRD_0CE6EEB1A26B404D9703,SCRYDEX_JP,GRADED,9,,,10755,2026-06-29
CRD_0CE6EEB1A26B404D9703,SCRYDEX_JP,RAW,,0.9500,USD,1460,2026-06-29
CRD_0CFBA7BBD78645C38955,SCRYDEX_EN,RAW,,9.2800,USD,14343,2026-06-07
CRD_0CFBA7BBD78645C38955,SCRYDEX_JP,GRADED,10,,,253504,2026-06-29
CRD_0CFBA7BBD78645C38955,SCRYDEX_JP,GRADED,9,,,23047,2026-06-29
CRD_0CFBA7BBD78645C38955,SCRYDEX_JP,RAW,,9.4400,USD,14504,2026-06-29
CRD_0D1FEC3632AD4FED9507,SCRYDEX_EN,RAW,,102.5800,USD,157612,2026-06-29
CRD_0D1FEC3632AD4FED9507,SCRYDEX_JP,GRADED,10,,,153003,2026-06-29
CRD_0D1FEC3632AD4FED9507,SCRYDEX_JP,GRADED,9,,,54776,2026-06-29
CRD_0D1FEC3632AD4FED9507,SCRYDEX_JP,RAW,,38.2800,USD,58816,2026-06-29
CRD_0D218B96159B4E51AEC8,SCRYDEX_EN,RAW,,10.8400,USD,16578,2026-06-05
CRD_0D218B96159B4E51AEC8,SCRYDEX_JP,GRADED,10,,,66407,2026-06-29
CRD_0D218B96159B4E51AEC8,SCRYDEX_JP,GRADED,9,,,33280,2026-06-29
CRD_0D218B96159B4E51AEC8,SCRYDEX_JP,RAW,,4.6500,USD,7145,2026-06-29
CRD_0D226425CE0B4E138078,SCRYDEX_EN,RAW,,1.8000,USD,2753,2026-06-05
CRD_0D226425CE0B4E138078,SCRYDEX_JP,GRADED,10,,,50381,2026-06-29
CRD_0D226425CE0B4E138078,SCRYDEX_JP,GRADED,9,,,10755,2026-06-29
CRD_0D226425CE0B4E138078,SCRYDEX_JP,RAW,,0.5800,USD,891,2026-06-29
CRD_0D4FF129CB84410FBD8E,SCRYDEX_EN,RAW,,0.9900,USD,1514,2026-06-05
CRD_0D4FF129CB84410FBD8E,SCRYDEX_JP,GRADED,10,,,41915,2026-06-29
CRD_0D4FF129CB84410FBD8E,SCRYDEX_JP,RAW,,0.5000,USD,768,2026-06-29
CRD_0D5CD6FAF42744938562,SCRYDEX_EN,RAW,,0.4700,USD,719,2026-06-05
CRD_0D5CD6FAF42744938562,SCRYDEX_JP,GRADED,10,,,61444,2026-06-29
CRD_0D5CD6FAF42744938562,SCRYDEX_JP,RAW,,1.4400,USD,2213,2026-06-29
CRD_0D77F9604B9641DF9650,SCRYDEX_EN,RAW,,25.5800,USD,39303,2026-06-29
CRD_0D77F9604B9641DF9650,SCRYDEX_JP,GRADED,10,,,89761,2026-06-29
CRD_0D77F9604B9641DF9650,SCRYDEX_JP,RAW,,13.9400,USD,21419,2026-06-29
CRD_0DB9B4215B8140FAAA2E,SCRYDEX_EN,RAW,,1.3800,USD,2111,2026-06-05
CRD_0DB9B4215B8140FAAA2E,SCRYDEX_JP,GRADED,10,,,77024,2026-06-29
CRD_0DB9B4215B8140FAAA2E,SCRYDEX_JP,GRADED,9,,,12922,2026-06-29
CRD_0DB9B4215B8140FAAA2E,SCRYDEX_JP,RAW,,0.5600,USD,860,2026-06-29
CRD_0DE14A2FC85947DF989A,SCRYDEX_EN,RAW,,1.0300,USD,1575,2026-06-05
CRD_0DE14A2FC85947DF989A,SCRYDEX_JP,GRADED,10,,,85459,2026-06-29
CRD_0DE14A2FC85947DF989A,SCRYDEX_JP,GRADED,9,,,15949,2026-06-29
CRD_0DE14A2FC85947DF989A,SCRYDEX_JP,RAW,,2.5700,USD,3949,2026-06-29
CRD_0DF80E4557DE4819B172,SCRYDEX_EN,RAW,,2.9000,USD,4435,2026-06-05
CRD_0DF9D911B2F24858BFB0,SCRYDEX_EN,RAW,,8.4700,USD,13014,2026-06-29
CRD_0DF9D911B2F24858BFB0,SCRYDEX_JP,GRADED,10,,,53439,2026-06-29
CRD_0DF9D911B2F24858BFB0,SCRYDEX_JP,GRADED,9,,,25060,2026-06-29
CRD_0DF9D911B2F24858BFB0,SCRYDEX_JP,RAW,,2.7200,USD,4179,2026-06-29
CRD_0E12AB50D23D4953B0AF,SCRYDEX_EN,RAW,,7.2500,USD,11088,2026-06-05
CRD_0E12AB50D23D4953B0AF,SCRYDEX_JP,GRADED,10,,,52886,2026-06-29
CRD_0E12AB50D23D4953B0AF,SCRYDEX_JP,GRADED,9,,,12584,2026-06-29
CRD_0E12AB50D23D4953B0AF,SCRYDEX_JP,RAW,,2.2900,USD,3519,2026-06-29
CRD_0E1312500C6C4F61A04D,SCRYDEX_EN,RAW,,24.6500,USD,37874,2026-06-29
CRD_0E1312500C6C4F61A04D,SCRYDEX_JP,GRADED,10,,,308879,2026-06-29
CRD_0E1312500C6C4F61A04D,SCRYDEX_JP,GRADED,9,,,30714,2026-06-29
CRD_0E1312500C6C4F61A04D,SCRYDEX_JP,RAW,,35.7400,USD,54914,2026-06-29
CRD_0E1AC369063E4E869847,SCRYDEX_EN,RAW,,4.6600,USD,7127,2026-06-05
CRD_0E1AC369063E4E869847,SCRYDEX_JP,RAW,,6.7500,USD,10371,2026-06-29
CRD_0E3023BFDFCA4815BC48,SCRYDEX_EN,RAW,,1.7800,USD,2735,2026-06-29
CRD_0E3023BFDFCA4815BC48,SCRYDEX_JP,GRADED,10,,,20420,2026-06-29
CRD_0E3023BFDFCA4815BC48,SCRYDEX_JP,GRADED,9,,,18438,2026-06-29
CRD_0E3023BFDFCA4815BC48,SCRYDEX_JP,RAW,,1.0000,USD,1536,2026-06-29
CRD_0E33DD1809A342308392,SCRYDEX_EN,RAW,,1.5200,USD,2325,2026-06-05
CRD_0E33DD1809A342308392,SCRYDEX_JP,GRADED,10,,,54653,2026-06-29
CRD_0E33DD1809A342308392,SCRYDEX_JP,RAW,,1.5400,USD,2366,2026-06-29
CRD_0E3F03D6041B4CED87B9,SCRYDEX_EN,RAW,,10.1900,USD,15657,2026-06-29
CRD_0E3F03D6041B4CED87B9,SCRYDEX_JP,GRADED,10,,,51180,2026-06-29
CRD_0E3F03D6041B4CED87B9,SCRYDEX_JP,GRADED,9,,,23815,2026-06-29
CRD_0E3F03D6041B4CED87B9,SCRYDEX_JP,RAW,,3.6400,USD,5593,2026-06-29
CRD_0E49A59862734A4BA71B,SCRYDEX_EN,RAW,,10.0200,USD,15396,2026-06-29
CRD_0E49A59862734A4BA71B,SCRYDEX_JP,GRADED,10,,,37644,2026-06-29
CRD_0E49A59862734A4BA71B,SCRYDEX_JP,RAW,,4.8100,USD,7390,2026-06-29
CRD_0E5CE3102B684AB7B177,SCRYDEX_EN,RAW,,3.3800,USD,5127,2026-06-15
CRD_0E86D1DB89544CD7A643,SCRYDEX_EN,RAW,,44.9700,USD,69096,2026-06-29
CRD_0E86D1DB89544CD7A643,SCRYDEX_JP,GRADED,10,,,49475,2026-06-29
CRD_0E86D1DB89544CD7A643,SCRYDEX_JP,GRADED,9,,,32527,2026-06-29
CRD_0E86D1DB89544CD7A643,SCRYDEX_JP,RAW,,11.2900,USD,17347,2026-06-29
CRD_0E88D3F2434C477CA856,SCRYDEX_JP,GRADED,10,,,47093,2026-06-29
CRD_0E88D3F2434C477CA856,SCRYDEX_JP,GRADED,9,,,27657,2026-06-29
CRD_0E88D3F2434C477CA856,SCRYDEX_JP,RAW,,1.2700,USD,1951,2026-06-29
CRD_0E8F6A83F9C24975A316,SCRYDEX_EN,RAW,,8.8100,USD,13474,2026-06-05
CRD_0E8F6A83F9C24975A316,SCRYDEX_JP,GRADED,10,,,85766,2026-06-29
CRD_0E8F6A83F9C24975A316,SCRYDEX_JP,GRADED,9,,,21695,2026-06-29
CRD_0E8F6A83F9C24975A316,SCRYDEX_JP,RAW,,4.3700,USD,6714,2026-06-29
CRD_0EA9A767E8E64BC7B5D3,SCRYDEX_EN,RAW,,13.7300,USD,21096,2026-06-29
CRD_0EA9A767E8E64BC7B5D3,SCRYDEX_JP,GRADED,10,,,53470,2026-06-29
CRD_0EA9A767E8E64BC7B5D3,SCRYDEX_JP,RAW,,38000.0000,KRW,38000,2026-06-29
CRD_0ED2317A116F4980A7F8,SCRYDEX_EN,RAW,,0.9200,USD,1407,2026-06-05
CRD_0ED2317A116F4980A7F8,SCRYDEX_JP,GRADED,10,,,37490,2026-06-29
CRD_0ED2317A116F4980A7F8,SCRYDEX_JP,RAW,,0.4700,USD,722,2026-06-29
CRD_0ED50328C342401E80A4,SCRYDEX_JP,GRADED,10,,,32266,2026-06-29
CRD_0ED50328C342401E80A4,SCRYDEX_JP,RAW,,19.9900,USD,30714,2026-06-29
CRD_0EDD68B570E1472FB48A,SCRYDEX_EN,RAW,,2.0000,USD,3059,2026-06-05
CRD_0EDD68B570E1472FB48A,SCRYDEX_JP,GRADED,10,,,48276,2026-06-29
CRD_0EDD68B570E1472FB48A,SCRYDEX_JP,GRADED,9,,,19974,2026-06-29
CRD_0EDD68B570E1472FB48A,SCRYDEX_JP,RAW,,1.5300,USD,2351,2026-06-29
CRD_0EE4BA587BCC48B1B807,SCRYDEX_EN,RAW,,27.0600,USD,41577,2026-06-29
CRD_0EE4BA587BCC48B1B807,SCRYDEX_JP,GRADED,10,,,107538,2026-06-29
CRD_0EE4BA587BCC48B1B807,SCRYDEX_JP,GRADED,9,,,34586,2026-06-29
CRD_0EE4BA587BCC48B1B807,SCRYDEX_JP,RAW,,19.7300,USD,30315,2026-06-29
CRD_0EEEB9560308D4F4A44D,SCRYDEX_JP,RAW,,5.7500,USD,8835,2026-06-29
CRD_0EF858A4F6FE457E848E,SCRYDEX_EN,RAW,,2.0300,USD,3105,2026-06-05
CRD_0EF858A4F6FE457E848E,SCRYDEX_JP,GRADED,10,,,66007,2026-06-29
CRD_0EF858A4F6FE457E848E,SCRYDEX_JP,RAW,,1.6200,USD,2489,2026-06-29
CRD_0F292DCC6C0240B4B017,SCRYDEX_EN,RAW,,11.9500,USD,18361,2026-06-29
CRD_0F292DCC6C0240B4B017,SCRYDEX_JP,GRADED,10,,,92926,2026-06-29
CRD_0F292DCC6C0240B4B017,SCRYDEX_JP,GRADED,9,,,16548,2026-06-29
CRD_0F292DCC6C0240B4B017,SCRYDEX_JP,RAW,,3.9800,USD,6115,2026-06-29
CRD_0F321114788E4CC0A5AB,SCRYDEX_EN,RAW,,9.2000,USD,14136,2026-06-29
CRD_0F321114788E4CC0A5AB,SCRYDEX_JP,GRADED,10,,,141218,2026-06-29
CRD_0F321114788E4CC0A5AB,SCRYDEX_JP,GRADED,9,,,39948,2026-06-29
CRD_0F321114788E4CC0A5AB,SCRYDEX_JP,RAW,,24.2500,USD,37260,2026-06-29
CRD_0F66DA7EFE8642B8BEC7,SCRYDEX_EN,RAW,,0.7700,USD,1178,2026-06-05
CRD_0F66DA7EFE8642B8BEC7,SCRYDEX_JP,GRADED,10,,,15365,2026-06-29
CRD_0F66DA7EFE8642B8BEC7,SCRYDEX_JP,RAW,,0.7500,USD,1152,2026-06-29
CRD_0F7A7025AB184454A00D,SCRYDEX_EN,RAW,,1.8500,USD,2829,2026-06-05
CRD_0F7A7025AB184454A00D,SCRYDEX_JP,GRADED,10,,,63549,2026-06-29
CRD_0F7A7025AB184454A00D,SCRYDEX_JP,RAW,,0.9700,USD,1490,2026-06-29
CRD_0F7BC33D863F44F7AA78,SCRYDEX_EN,RAW,,2.6600,USD,4068,2026-06-05
CRD_0F7BC33D863F44F7AA78,SCRYDEX_JP,GRADED,10,,,68496,2026-06-29
CRD_0F7BC33D863F44F7AA78,SCRYDEX_JP,RAW,,10.2300,USD,15718,2026-06-29
CRD_0F804851962E40E59955,SCRYDEX_EN,RAW,,122.9600,USD,188926,2026-06-29
CRD_0F804851962E40E59955,SCRYDEX_JP,GRADED,10,,,395121,2026-06-29
CRD_0F804851962E40E59955,SCRYDEX_JP,GRADED,9,,,106924,2026-06-29
CRD_0F804851962E40E59955,SCRYDEX_JP,RAW,,44.3200,USD,68097,2026-06-29
CRD_0F8A51DF3CF3497BAD9D,SCRYDEX_EN,RAW,,3.7600,USD,5750,2026-06-05
CRD_0F8A51DF3CF3497BAD9D,SCRYDEX_JP,GRADED,10,,,51334,2026-06-29
CRD_0F8A51DF3CF3497BAD9D,SCRYDEX_JP,GRADED,9,,,16732,2026-06-29
CRD_0F8A51DF3CF3497BAD9D,SCRYDEX_JP,RAW,,2.8100,USD,4318,2026-06-29
CRD_0F948BF5021D42F9BF8F,SCRYDEX_EN,RAW,,7.8500,USD,12061,2026-06-29
CRD_0F948BF5021D42F9BF8F,SCRYDEX_JP,GRADED,10,,,62504,2026-06-29
CRD_0F948BF5021D42F9BF8F,SCRYDEX_JP,GRADED,9,,,30868,2026-06-29
CRD_0F948BF5021D42F9BF8F,SCRYDEX_JP,RAW,,2.0300,USD,3119,2026-06-29
CRD_0F9E29696D0647A2A431,SCRYDEX_EN,RAW,,11.6600,USD,17832,2026-06-05
CRD_0F9E29696D0647A2A431,SCRYDEX_JP,GRADED,10,,,58064,2026-06-29
CRD_0F9E29696D0647A2A431,SCRYDEX_JP,GRADED,9,,,20435,2026-06-29
CRD_0F9E29696D0647A2A431,SCRYDEX_JP,RAW,,2.2800,USD,3503,2026-06-29
CRD_0FA5E598B8704A0E83CC,SCRYDEX_EN,RAW,,4.8100,USD,7356,2026-06-05
CRD_0FA5E598B8704A0E83CC,SCRYDEX_JP,GRADED,10,,,57265,2026-06-29
CRD_0FA5E598B8704A0E83CC,SCRYDEX_JP,GRADED,9,,,27703,2026-06-29
CRD_0FA5E598B8704A0E83CC,SCRYDEX_JP,RAW,,1.4700,USD,2259,2026-06-29
CRD_0FAEC0B6410647398E22,SCRYDEX_EN,RAW,,61.0700,USD,93833,2026-06-29
CRD_0FAEC0B6410647398E22,SCRYDEX_JP,GRADED,10,,,149530,2026-06-29
CRD_0FAEC0B6410647398E22,SCRYDEX_JP,GRADED,9,,,65131,2026-06-29
CRD_0FAEC0B6410647398E22,SCRYDEX_JP,RAW,,33.2500,USD,51088,2026-06-29
CRD_0FC31AECDE1C40D58A1B,SCRYDEX_EN,RAW,,5.0900,USD,7784,2026-06-05
CRD_0FC31AECDE1C40D58A1B,SCRYDEX_JP,GRADED,10,,,73428,2026-06-29
CRD_0FC31AECDE1C40D58A1B,SCRYDEX_JP,GRADED,9,,,26059,2026-06-29
CRD_0FC31AECDE1C40D58A1B,SCRYDEX_JP,RAW,,20.0000,USD,30730,2026-06-29
CRD_0FC33162C1024EF6B657,SCRYDEX_EN,RAW,,3.2900,USD,5032,2026-06-05
CRD_0FC33162C1024EF6B657,SCRYDEX_JP,RAW,,5.5000,USD,8451,2026-06-29
CRD_0FD962247951488C809E,SCRYDEX_EN,RAW,,47.9000,USD,73597,2026-06-29
CRD_0FD962247951488C809E,SCRYDEX_JP,GRADED,10,,,94217,2026-06-29
CRD_0FD962247951488C809E,SCRYDEX_JP,GRADED,9,,,28563,2026-06-29
CRD_0FD962247951488C809E,SCRYDEX_JP,RAW,,23.2900,USD,35785,2026-06-29
CRD_0FDC1A9392234CDCB81C,SCRYDEX_EN,RAW,,1.3700,USD,2095,2026-06-05
CRD_0FDC1A9392234CDCB81C,SCRYDEX_JP,GRADED,10,,,38673,2026-06-29
CRD_0FDC1A9392234CDCB81C,SCRYDEX_JP,RAW,,0.7900,USD,1214,2026-06-29
CRD_0FF5866665394D78AEEA,SCRYDEX_EN,RAW,,9.6100,USD,14697,2026-06-05
CRD_0FF5866665394D78AEEA,SCRYDEX_JP,GRADED,10,,,74304,2026-06-29
CRD_0FF5866665394D78AEEA,SCRYDEX_JP,GRADED,9,,,10417,2026-06-29
CRD_0FF5866665394D78AEEA,SCRYDEX_JP,RAW,,7.9400,USD,12200,2026-06-29
CRD_0FF5AA22F1EE4EE0BE22,SCRYDEX_EN,RAW,,1.3100,USD,2013,2026-06-29
CRD_0FF5AA22F1EE4EE0BE22,SCRYDEX_JP,RAW,,2.9900,USD,4594,2026-06-29
CRD_0FFC051368D048A489A8,SCRYDEX_EN,RAW,,23.1700,USD,35600,2026-06-29
CRD_0FFC051368D048A489A8,SCRYDEX_JP,GRADED,10,,,148439,2026-06-29
CRD_0FFC051368D048A489A8,SCRYDEX_JP,GRADED,9,,,33925,2026-06-29
CRD_0FFC051368D048A489A8,SCRYDEX_JP,RAW,,21.9500,USD,33726,2026-06-29
CRD_0FFEF15EE9E045CABE6F,SCRYDEX_EN,RAW,,77.4500,USD,119000,2026-06-29
CRD_0FFEF15EE9E045CABE6F,SCRYDEX_JP,GRADED,10,,,708824,2026-06-29
CRD_0FFEF15EE9E045CABE6F,SCRYDEX_JP,RAW,,855000.0000,KRW,855000,2026-06-29
CRD_1001E20102E24B2DA20C,SCRYDEX_EN,RAW,,166.8900,USD,256423,2026-06-29
CRD_1001E20102E24B2DA20C,SCRYDEX_JP,GRADED,10,,,3507400,2026-06-29
CRD_1001E20102E24B2DA20C,SCRYDEX_JP,GRADED,9,,,894062,2026-06-29
CRD_1001E20102E24B2DA20C,SCRYDEX_JP,RAW,,453.3200,USD,696517,2026-06-29
CRD_100CD4F587424353BDEA,SCRYDEX_EN,RAW,,21.6900,USD,33326,2026-06-29
CRD_100CD4F587424353BDEA,SCRYDEX_JP,GRADED,10,,,102990,2026-06-29
CRD_100CD4F587424353BDEA,SCRYDEX_JP,GRADED,9,,,31129,2026-06-29
CRD_100CD4F587424353BDEA,SCRYDEX_JP,RAW,,14.5100,USD,22294,2026-06-29
CRD_1019C2CFB1EE47139FD8,SCRYDEX_EN,RAW,,6.6600,USD,10186,2026-06-05
CRD_1019C2CFB1EE47139FD8,SCRYDEX_JP,GRADED,10,,,72107,2026-06-29
CRD_1019C2CFB1EE47139FD8,SCRYDEX_JP,GRADED,9,,,39395,2026-06-29
CRD_1019C2CFB1EE47139FD8,SCRYDEX_JP,RAW,,2.4400,USD,3749,2026-06-29
CRD_10433F25F9E74294B2FC,SCRYDEX_EN,RAW,,33.0300,USD,50750,2026-06-29
CRD_10433F25F9E74294B2FC,SCRYDEX_JP,GRADED,10,,,141018,2026-06-29
CRD_10433F25F9E74294B2FC,SCRYDEX_JP,GRADED,9,,,46094,2026-06-29
CRD_10433F25F9E74294B2FC,SCRYDEX_JP,RAW,,19950.0000,KRW,19950,2026-06-29
CRD_1050F085B2EE449DB943,SCRYDEX_EN,RAW,,1.9100,USD,2921,2026-06-05
CRD_1050F085B2EE449DB943,SCRYDEX_JP,GRADED,10,,,41162,2026-06-29
CRD_1050F085B2EE449DB943,SCRYDEX_JP,GRADED,9,,,12292,2026-06-29
CRD_1050F085B2EE449DB943,SCRYDEX_JP,RAW,,1.9200,USD,2950,2026-06-29
CRD_1095F9AF338D45BD8BCC,SCRYDEX_EN,RAW,,0.8900,USD,1361,2026-06-05
CRD_1095F9AF338D45BD8BCC,SCRYDEX_JP,RAW,,1.1000,USD,1690,2026-06-29
CRD_10C2A523B328418CA28E,SCRYDEX_EN,RAW,,2.9700,USD,4542,2026-06-05
CRD_10CAB872C0EE49CAAAAC,SCRYDEX_EN,RAW,,66.4800,USD,101673,2026-06-05
CRD_10CAB872C0EE49CAAAAC,SCRYDEX_JP,GRADED,10,,,256454,2026-06-29
CRD_10CAB872C0EE49CAAAAC,SCRYDEX_JP,GRADED,9,,,90499,2026-06-29
CRD_10E17E66F341491EB014,SCRYDEX_EN,RAW,,3.6900,USD,5643,2026-06-05
CRD_10E17E66F341491EB014,SCRYDEX_JP,GRADED,10,,,76409,2026-06-29
CRD_10E17E66F341491EB014,SCRYDEX_JP,GRADED,9,,,11524,2026-06-29
CRD_10E17E66F341491EB014,SCRYDEX_JP,RAW,,2.0700,USD,3181,2026-06-29
CRD_10E2C02673E94810BC08,SCRYDEX_EN,RAW,,26.4000,USD,40563,2026-06-29
CRD_10E2C02673E94810BC08,SCRYDEX_JP,GRADED,10,,,70186,2026-06-29
CRD_10E2C02673E94810BC08,SCRYDEX_JP,GRADED,9,,,31252,2026-06-29
CRD_10E2C02673E94810BC08,SCRYDEX_JP,RAW,,15.9700,USD,24538,2026-06-29
CRD_10FA5F0FB2BB48E0A8F5,SCRYDEX_EN,RAW,,1.1100,USD,1698,2026-06-05
CRD_112139C75D774E75BDDA,SCRYDEX_EN,RAW,,1.1100,USD,1698,2026-06-05
CRD_112139C75D774E75BDDA,SCRYDEX_JP,GRADED,10,,,43129,2026-06-29
CRD_112139C75D774E75BDDA,SCRYDEX_JP,RAW,,0.5700,USD,876,2026-06-29
CRD_1123601A6CCD4FB19606,SCRYDEX_EN,RAW,,423.5100,USD,647703,2026-06-05
CRD_1123601A6CCD4FB19606,SCRYDEX_JP,GRADED,10,,,4609440,2026-06-29
CRD_1123601A6CCD4FB19606,SCRYDEX_JP,GRADED,9,,,1148534,2026-06-29
CRD_1123601A6CCD4FB19606,SCRYDEX_JP,RAW,,1425000.0000,KRW,1425000,2026-06-29
CRD_113220EE585F46CDB3E3,SCRYDEX_EN,RAW,,13.7200,USD,20983,2026-06-05
CRD_114D84429B6042BA1484,SCRYDEX_EN,RAW,,72.1600,USD,110872,2026-06-29
CRD_114D84429B6042BA1484,SCRYDEX_JP,GRADED,10,,,112040,2026-06-29
CRD_114D84429B6042BA1484,SCRYDEX_JP,GRADED,9,,,62289,2026-06-29
CRD_114D84429B6042BA1484,SCRYDEX_JP,RAW,,46.6400,USD,71661,2026-06-29
CRD_115109E7938F4445A01C,SCRYDEX_EN,RAW,,0.6500,USD,994,2026-06-05
CRD_115109E7938F4445A01C,SCRYDEX_JP,GRADED,10,,,90683,2026-06-29
CRD_115109E7938F4445A01C,SCRYDEX_JP,GRADED,9,,,15349,2026-06-29
CRD_115109E7938F4445A01C,SCRYDEX_JP,RAW,,0.3400,USD,522,2026-06-29
CRD_11628ECE200A4601B5D4,SCRYDEX_EN,RAW,,104.7600,USD,160217,2026-06-05
CRD_11628ECE200A4601B5D4,SCRYDEX_JP,GRADED,10,,,2125874,2026-06-29
CRD_11628ECE200A4601B5D4,SCRYDEX_JP,GRADED,9,,,1200221,2026-06-29
CRD_11628ECE200A4601B5D4,SCRYDEX_JP,RAW,,400.0000,USD,614592,2026-06-29
CRD_1164B69A14F3417EBA5C,SCRYDEX_EN,RAW,,4.6900,USD,7173,2026-06-05
CRD_1164B69A14F3417EBA5C,SCRYDEX_JP,GRADED,10,,,69587,2026-06-29
CRD_1164B69A14F3417EBA5C,SCRYDEX_JP,GRADED,9,,,17808,2026-06-29
CRD_1164B69A14F3417EBA5C,SCRYDEX_JP,RAW,,1.4100,USD,2166,2026-06-29
CRD_1189D005D21D4ED69DBF,SCRYDEX_EN,RAW,,1.0500,USD,1606,2026-06-05
CRD_1189D005D21D4ED69DBF,SCRYDEX_JP,RAW,,0.6500,USD,999,2026-06-29
CRD_11AB40F57D03470A986E,SCRYDEX_EN,RAW,,12.3000,USD,18899,2026-06-29
CRD_11AB40F57D03470A986E,SCRYDEX_JP,GRADED,10,,,58248,2026-06-29
CRD_11AB40F57D03470A986E,SCRYDEX_JP,GRADED,9,,,23063,2026-06-29
CRD_11AB40F57D03470A986E,SCRYDEX_JP,RAW,,5.5800,USD,8574,2026-06-29
CRD_11B811456C5D4DCE8A05,SCRYDEX_JP,GRADED,10,,,203169,2026-06-29
CRD_11B811456C5D4DCE8A05,SCRYDEX_JP,GRADED,9,,,34586,2026-06-29
CRD_11B811456C5D4DCE8A05,SCRYDEX_JP,RAW,,16.5200,USD,25383,2026-06-29
CRD_11B89035B69F4696A10B,SCRYDEX_EN,RAW,,5.8900,USD,9008,2026-06-05
CRD_11B89035B69F4696A10B,SCRYDEX_JP,GRADED,10,,,152972,2026-06-29
CRD_11B89035B69F4696A10B,SCRYDEX_JP,RAW,,11.5500,USD,17746,2026-06-29
CRD_11C10BF531B64E59B61C,SCRYDEX_EN,RAW,,51.7700,USD,79544,2026-06-29
CRD_11C10BF531B64E59B61C,SCRYDEX_JP,GRADED,10,,,210528,2026-06-29
CRD_11C10BF531B64E59B61C,SCRYDEX_JP,RAW,,69.9900,USD,107538,2026-06-29
CRD_11D6E395867B46F49FE8,SCRYDEX_EN,RAW,,42.0100,USD,64548,2026-06-29
CRD_11D6E395867B46F49FE8,SCRYDEX_JP,GRADED,10,,,203522,2026-06-29
CRD_11D6E395867B46F49FE8,SCRYDEX_JP,GRADED,9,,,55190,2026-06-29
CRD_11D6E395867B46F49FE8,SCRYDEX_JP,RAW,,21.2200,USD,32604,2026-06-29
CRD_11D9A92DB3D34830BCAB,SCRYDEX_EN,RAW,,58.9000,USD,90499,2026-06-29
CRD_11D9A92DB3D34830BCAB,SCRYDEX_JP,GRADED,10,,,93280,2026-06-29
CRD_11D9A92DB3D34830BCAB,SCRYDEX_JP,GRADED,9,,,52609,2026-06-29
CRD_11D9A92DB3D34830BCAB,SCRYDEX_JP,RAW,,30.9400,USD,47539,2026-06-29
CRD_11DB17EF51B440E391EF,SCRYDEX_EN,RAW,,4.9300,USD,7540,2026-06-05
CRD_11DB17EF51B440E391EF,SCRYDEX_JP,RAW,,6.5700,USD,10095,2026-06-29
CRD_11DE00F8CE7D4AF1B990,SCRYDEX_EN,RAW,,69.7000,USD,107093,2026-06-29
CRD_11DE00F8CE7D4AF1B990,SCRYDEX_JP,GRADED,10,,,176588,2026-06-29
CRD_11DE00F8CE7D4AF1B990,SCRYDEX_JP,GRADED,9,,,82647,2026-06-29
CRD_11DE00F8CE7D4AF1B990,SCRYDEX_JP,RAW,,31.3000,USD,48092,2026-06-29
CRD_11E419D20A2A499FAFC6,SCRYDEX_EN,RAW,,78.0300,USD,119892,2026-06-29
CRD_11E419D20A2A499FAFC6,SCRYDEX_JP,GRADED,10,,,125577,2026-06-29
CRD_11E419D20A2A499FAFC6,SCRYDEX_JP,GRADED,9,,,43467,2026-06-29
CRD_11E419D20A2A499FAFC6,SCRYDEX_JP,RAW,,44.9500,USD,69065,2026-06-29
CRD_11E8AAB5199A493C9515,SCRYDEX_EN,RAW,,2.3800,USD,3640,2026-06-05
CRD_11E8AAB5199A493C9515,SCRYDEX_JP,GRADED,10,,,76824,2026-06-29
CRD_11E8AAB5199A493C9515,SCRYDEX_JP,RAW,,4.2500,USD,6530,2026-06-29
CRD_12014650482C4314AA47,SCRYDEX_EN,RAW,,8.1800,USD,12510,2026-06-05
CRD_12014650482C4314AA47,SCRYDEX_JP,GRADED,10,,,74780,2026-06-29
CRD_12014650482C4314AA47,SCRYDEX_JP,RAW,,11400.0000,KRW,11400,2026-06-29
CRD_121C03E944C44190B954,SCRYDEX_EN,RAW,,4.9400,USD,7555,2026-06-05
CRD_121C03E944C44190B954,SCRYDEX_JP,GRADED,10,,,98703,2026-06-29
CRD_121C03E944C44190B954,SCRYDEX_JP,GRADED,9,,,53761,2026-06-29
CRD_121C03E944C44190B954,SCRYDEX_JP,RAW,,3.3000,USD,5070,2026-06-29
CRD_12350A5EE2C042EBA371,SCRYDEX_EN,RAW,,61.9300,USD,95154,2026-06-29
CRD_12350A5EE2C042EBA371,SCRYDEX_JP,GRADED,10,,,196316,2026-06-29
CRD_12350A5EE2C042EBA371,SCRYDEX_JP,GRADED,9,,,84998,2026-06-29
CRD_12350A5EE2C042EBA371,SCRYDEX_JP,RAW,,48.5700,USD,74627,2026-06-29
CRD_123A0C58771F4B76BBFE,SCRYDEX_EN,RAW,,23.3500,USD,35877,2026-06-29
CRD_123A0C58771F4B76BBFE,SCRYDEX_JP,GRADED,10,,,265703,2026-06-29
CRD_123A0C58771F4B76BBFE,SCRYDEX_JP,GRADED,9,,,141356,2026-06-29
CRD_123A0C58771F4B76BBFE,SCRYDEX_JP,RAW,,114000.0000,KRW,114000,2026-06-29
CRD_124BBBE760F0468C96D7,SCRYDEX_EN,RAW,,6.2300,USD,9528,2026-06-05
CRD_124BBBE760F0468C96D7,SCRYDEX_JP,GRADED,10,,,153633,2026-06-29
CRD_124BBBE760F0468C96D7,SCRYDEX_JP,RAW,,7.2300,USD,11109,2026-06-29
CRD_125EACE4FC044F7B9D44,SCRYDEX_EN,RAW,,1.1700,USD,1789,2026-06-05
CRD_125EACE4FC044F7B9D44,SCRYDEX_JP,GRADED,10,,,52148,2026-06-29
CRD_125EACE4FC044F7B9D44,SCRYDEX_JP,GRADED,9,,,28502,2026-06-29
CRD_125EACE4FC044F7B9D44,SCRYDEX_JP,RAW,,0.3300,USD,507,2026-06-29
CRD_12724DE193F242D89D06,SCRYDEX_EN,RAW,,0.6800,USD,1040,2026-06-05
CRD_12724DE193F242D89D06,SCRYDEX_JP,GRADED,10,,,19129,2026-06-29
CRD_12724DE193F242D89D06,SCRYDEX_JP,GRADED,9,,,13798,2026-06-29
CRD_12724DE193F242D89D06,SCRYDEX_JP,RAW,,0.3200,USD,492,2026-06-29
CRD_128A2046607444A389E9,SCRYDEX_EN,RAW,,21.3700,USD,32835,2026-06-29
CRD_128A2046607444A389E9,SCRYDEX_JP,GRADED,10,,,72015,2026-06-29
CRD_128A2046607444A389E9,SCRYDEX_JP,GRADED,9,,,35662,2026-06-29
CRD_128A2046607444A389E9,SCRYDEX_JP,RAW,,10.8900,USD,16732,2026-06-29
CRD_128F70C0C950473788AA,SCRYDEX_EN,RAW,,0.7600,USD,1162,2026-06-05
CRD_128F70C0C950473788AA,SCRYDEX_JP,GRADED,10,,,30576,2026-06-29
CRD_128F70C0C950473788AA,SCRYDEX_JP,GRADED,9,,,15303,2026-06-29
CRD_128F70C0C950473788AA,SCRYDEX_JP,RAW,,0.3800,USD,584,2026-06-29
CRD_12ADDDFE82F540F7B1D3,SCRYDEX_EN,RAW,,0.8300,USD,1269,2026-06-05
CRD_12ADDDFE82F540F7B1D3,SCRYDEX_JP,GRADED,10,,,49828,2026-06-29
CRD_12ADDDFE82F540F7B1D3,SCRYDEX_JP,RAW,,0.3700,USD,568,2026-06-29
CRD_12EFBAE37D35433DB103,SCRYDEX_JP,GRADED,10,,,690556,2026-06-29
CRD_12EFBAE37D35433DB103,SCRYDEX_JP,GRADED,9,,,423623,2026-06-29
CRD_12EFBAE37D35433DB103,SCRYDEX_JP,RAW,,231.0700,USD,355034,2026-06-29
CRD_13157CF56E204E5E81EA,SCRYDEX_EN,RAW,,6.4700,USD,9895,2026-06-05
CRD_13157CF56E204E5E81EA,SCRYDEX_JP,GRADED,10,,,56143,2026-06-29
CRD_13157CF56E204E5E81EA,SCRYDEX_JP,GRADED,9,,,31728,2026-06-29
CRD_13157CF56E204E5E81EA,SCRYDEX_JP,RAW,,2.1400,USD,3288,2026-06-29
CRD_132E975FFFD94678AED6,SCRYDEX_EN,RAW,,29.7900,USD,45772,2026-06-29
CRD_132E975FFFD94678AED6,SCRYDEX_JP,GRADED,10,,,251061,2026-06-29
CRD_132E975FFFD94678AED6,SCRYDEX_JP,RAW,,14.7500,USD,22663,2026-06-29
CRD_133D1F0A2A76442793E4,SCRYDEX_EN,RAW,,12.7100,USD,19529,2026-06-29
CRD_133D1F0A2A76442793E4,SCRYDEX_JP,RAW,,5.8700,USD,9019,2026-06-29
CRD_13558DB4C891415388DF,SCRYDEX_EN,RAW,,2.0500,USD,3135,2026-06-05
CRD_13558DB4C891415388DF,SCRYDEX_JP,GRADED,10,,,24553,2026-06-29
CRD_13558DB4C891415388DF,SCRYDEX_JP,GRADED,9,,,7682,2026-06-29
CRD_13558DB4C891415388DF,SCRYDEX_JP,RAW,,2.5200,USD,3872,2026-06-29
CRD_135AB4B5F4794E8BAB7F,SCRYDEX_EN,RAW,,23.5600,USD,36199,2026-06-29
CRD_135AB4B5F4794E8BAB7F,SCRYDEX_JP,GRADED,10,,,91129,2026-06-29
CRD_135AB4B5F4794E8BAB7F,SCRYDEX_JP,GRADED,9,,,28701,2026-06-29
CRD_135AB4B5F4794E8BAB7F,SCRYDEX_JP,RAW,,5.9900,USD,9204,2026-06-29
CRD_135EC26698D0487B9383,SCRYDEX_EN,RAW,,0.8200,USD,1254,2026-06-05
CRD_135EC26698D0487B9383,SCRYDEX_JP,GRADED,10,,,32896,2026-06-29
CRD_135EC26698D0487B9383,SCRYDEX_JP,GRADED,9,,,13060,2026-06-29
CRD_135EC26698D0487B9383,SCRYDEX_JP,RAW,,0.2500,USD,384,2026-06-29
CRD_138330E698484F569942,SCRYDEX_EN,RAW,,2.1000,USD,3227,2026-06-29
CRD_138330E698484F569942,SCRYDEX_JP,GRADED,10,,,67682,2026-06-29
CRD_138330E698484F569942,SCRYDEX_JP,GRADED,9,,,32850,2026-06-29
CRD_138330E698484F569942,SCRYDEX_JP,RAW,,0.7600,USD,1168,2026-06-29
CRD_1383604BEB0C4B209BFE,SCRYDEX_EN,RAW,,5.8700,USD,8977,2026-06-05
CRD_1383604BEB0C4B209BFE,SCRYDEX_JP,GRADED,10,,,81049,2026-06-29
CRD_1383604BEB0C4B209BFE,SCRYDEX_JP,GRADED,9,,,9419,2026-06-29
CRD_1383604BEB0C4B209BFE,SCRYDEX_JP,RAW,,11.8100,USD,18146,2026-06-29
CRD_1385EBCD996A88D82253,SCRYDEX_JP,RAW,,3.3600,USD,5163,2026-06-29
CRD_13901C5572724AADB8AA,SCRYDEX_EN,RAW,,0.7100,USD,1086,2026-06-05
CRD_13962B7254BB4EC68492,SCRYDEX_EN,RAW,,1.6400,USD,2508,2026-06-05
CRD_13962B7254BB4EC68492,SCRYDEX_JP,GRADED,10,,,55329,2026-06-29
CRD_13962B7254BB4EC68492,SCRYDEX_JP,GRADED,9,,,19974,2026-06-29
CRD_13962B7254BB4EC68492,SCRYDEX_JP,RAW,,2.3500,USD,3611,2026-06-29
CRD_13997FDA2FAB493982D6,SCRYDEX_EN,RAW,,1.7300,USD,2646,2026-06-05
CRD_13997FDA2FAB493982D6,SCRYDEX_JP,RAW,,1.0000,USD,1536,2026-06-29
CRD_13AB6AC593DB41D7A45B,SCRYDEX_EN,RAW,,6.0000,USD,9176,2026-06-05
CRD_13AB6AC593DB41D7A45B,SCRYDEX_JP,GRADED,10,,,152572,2026-06-29
CRD_13AB6AC593DB41D7A45B,SCRYDEX_JP,RAW,,4.5000,USD,6914,2026-06-29
CRD_13D179FEFB764051B2F2,SCRYDEX_EN,RAW,,0.6100,USD,937,2026-06-29
CRD_13F9528AE66A482F9AC7,SCRYDEX_EN,RAW,,18.5100,USD,28440,2026-06-29
CRD_13F9528AE66A482F9AC7,SCRYDEX_JP,GRADED,10,,,89300,2026-06-29
CRD_13F9528AE66A482F9AC7,SCRYDEX_JP,GRADED,9,,,34094,2026-06-29
CRD_13F9528AE66A482F9AC7,SCRYDEX_JP,RAW,,7.0300,USD,10801,2026-06-29
CRD_141407CDC6C3483B9AF1,SCRYDEX_EN,RAW,,122.3000,USD,187912,2026-06-29
CRD_141407CDC6C3483B9AF1,SCRYDEX_JP,GRADED,10,,,1540582,2026-06-29
CRD_141407CDC6C3483B9AF1,SCRYDEX_JP,GRADED,9,,,228613,2026-06-29
CRD_141407CDC6C3483B9AF1,SCRYDEX_JP,RAW,,931000.0000,KRW,931000,2026-06-29
CRD_143023DAF60545D2B327,SCRYDEX_EN,RAW,,1.3500,USD,2065,2026-06-05
CRD_143023DAF60545D2B327,SCRYDEX_JP,GRADED,10,,,160777,2026-06-29
CRD_143023DAF60545D2B327,SCRYDEX_JP,GRADED,9,,,88317,2026-06-29
CRD_143023DAF60545D2B327,SCRYDEX_JP,RAW,,0.5600,USD,860,2026-06-29
CRD_143F9BB41FBA43D5B5DE,SCRYDEX_EN,RAW,,0.9400,USD,1438,2026-06-05
CRD_143F9BB41FBA43D5B5DE,SCRYDEX_JP,GRADED,10,,,33803,2026-06-29
CRD_143F9BB41FBA43D5B5DE,SCRYDEX_JP,RAW,,0.3800,USD,584,2026-06-29
CRD_14469D0439594627BCB4,SCRYDEX_EN,RAW,,5.9400,USD,9127,2026-06-29
CRD_14469D0439594627BCB4,SCRYDEX_JP,GRADED,10,,,23032,2026-06-29
CRD_14469D0439594627BCB4,SCRYDEX_JP,RAW,,4.6400,USD,7129,2026-06-29
CRD_144F4E4E8E2B4DBD8115,SCRYDEX_EN,RAW,,7.2700,USD,11119,2026-06-05
CRD_144F4E4E8E2B4DBD8115,SCRYDEX_JP,GRADED,10,,,35339,2026-06-29
CRD_144F4E4E8E2B4DBD8115,SCRYDEX_JP,GRADED,9,,,23047,2026-06-29
CRD_144F4E4E8E2B4DBD8115,SCRYDEX_JP,RAW,,31350.0000,KRW,31350,2026-06-29
CRD_147D2B78F8B043E3BB91,SCRYDEX_EN,RAW,,533.7100,USD,820035,2026-06-29
CRD_147D2B78F8B043E3BB91,SCRYDEX_JP,GRADED,10,,,2150918,2026-06-29
CRD_147D2B78F8B043E3BB91,SCRYDEX_JP,GRADED,9,,,688574,2026-06-29
CRD_147D2B78F8B043E3BB91,SCRYDEX_JP,RAW,,474.9900,USD,729813,2026-06-29
CRD_14896572D23849A88EA3,SCRYDEX_EN,RAW,,4.7600,USD,7280,2026-06-05
CRD_14896572D23849A88EA3,SCRYDEX_JP,GRADED,10,,,68450,2026-06-29
CRD_14896572D23849A88EA3,SCRYDEX_JP,GRADED,9,,,30361,2026-06-29
CRD_14896572D23849A88EA3,SCRYDEX_JP,RAW,,3.1200,USD,4794,2026-06-29
CRD_1490247326A741529076,SCRYDEX_JP,GRADED,10,,,1006748,2026-06-29
CRD_1490247326A741529076,SCRYDEX_JP,GRADED,9,,,644231,2026-06-29
CRD_1490247326A741529076,SCRYDEX_JP,RAW,,499.5000,USD,767472,2026-06-29
CRD_1497BC4BBC0A034B7E00921E88FE436E,SCRYDEX_JP,GRADED,10,,,10975138,2026-06-29
CRD_1497BC4BBC0A034B7E00921E88FE436E,SCRYDEX_JP,GRADED,9,,,6918631,2026-06-29
CRD_149DFDDE8D3144968EE9,SCRYDEX_EN,RAW,,17.1600,USD,26366,2026-06-29
CRD_149DFDDE8D3144968EE9,SCRYDEX_JP,GRADED,10,,,79513,2026-06-29
CRD_149DFDDE8D3144968EE9,SCRYDEX_JP,GRADED,9,,,19098,2026-06-29
CRD_149DFDDE8D3144968EE9,SCRYDEX_JP,RAW,,3.9400,USD,6054,2026-06-29
CRD_14BFE9EA9D1D474194DF,SCRYDEX_EN,RAW,,2.0000,USD,3059,2026-06-05
CRD_14BFE9EA9D1D474194DF,SCRYDEX_JP,GRADED,10,,,64501,2026-06-29
CRD_14BFE9EA9D1D474194DF,SCRYDEX_JP,GRADED,9,,,15242,2026-06-29
CRD_14BFE9EA9D1D474194DF,SCRYDEX_JP,RAW,,2.5700,USD,3949,2026-06-29
CRD_14CFDC4FCADA4F70A670,SCRYDEX_EN,RAW,,0.7300,USD,1116,2026-06-05
CRD_14CFDC4FCADA4F70A670,SCRYDEX_JP,GRADED,10,,,38397,2026-06-29
CRD_14CFDC4FCADA4F70A670,SCRYDEX_JP,RAW,,0.3700,USD,568,2026-06-29
CRD_14D2B39ACE854972906D,SCRYDEX_EN,RAW,,1.5800,USD,2416,2026-06-05
CRD_14D2B39ACE854972906D,SCRYDEX_JP,GRADED,10,,,67405,2026-06-29
CRD_14D2B39ACE854972906D,SCRYDEX_JP,RAW,,4.2500,USD,6530,2026-06-29
CRD_14DDFE1E600A4BAF8E70,SCRYDEX_EN,RAW,,6.4000,USD,9788,2026-06-05
CRD_14DDFE1E600A4BAF8E70,SCRYDEX_JP,GRADED,10,,,72676,2026-06-29
CRD_14DDFE1E600A4BAF8E70,SCRYDEX_JP,RAW,,8.8100,USD,13536,2026-06-29
CRD_14EB3BE3034D40278311,SCRYDEX_EN,RAW,,19.9400,USD,30637,2026-06-29
CRD_14EB3BE3034D40278311,SCRYDEX_JP,GRADED,10,,,75933,2026-06-29
CRD_14EB3BE3034D40278311,SCRYDEX_JP,GRADED,9,,,42560,2026-06-29
CRD_14EB3BE3034D40278311,SCRYDEX_JP,RAW,,14.6800,USD,22556,2026-06-29
CRD_1507A5C6549C48B1936B,SCRYDEX_EN,RAW,,4.0700,USD,6290,2026-06-08
CRD_1507A5C6549C48B1936B,SCRYDEX_JP,GRADED,10,,,68020,2026-06-29
CRD_1507A5C6549C48B1936B,SCRYDEX_JP,RAW,,3.8300,USD,5885,2026-06-29
CRD_1520EDCDD3D64D6CA7AE,SCRYDEX_EN,RAW,,21.8800,USD,33618,2026-06-29
CRD_1520EDCDD3D64D6CA7AE,SCRYDEX_JP,GRADED,10,,,87057,2026-06-29
CRD_1520EDCDD3D64D6CA7AE,SCRYDEX_JP,GRADED,9,,,24415,2026-06-29
CRD_1520EDCDD3D64D6CA7AE,SCRYDEX_JP,RAW,,6.6000,USD,10141,2026-06-29
CRD_1549CC7E9EFC44D08FD4,SCRYDEX_EN,RAW,,200.0000,USD,305874,2026-06-05
CRD_1549CC7E9EFC44D08FD4,SCRYDEX_JP,GRADED,10,,,3049175,2026-06-29
CRD_1549CC7E9EFC44D08FD4,SCRYDEX_JP,GRADED,9,,,294512,2026-06-29
CRD_1549CC7E9EFC44D08FD4,SCRYDEX_JP,RAW,,38000.0000,KRW,38000,2026-06-29
CRD_1550F9965A5248E99C97,SCRYDEX_EN,RAW,,5.2100,USD,7968,2026-06-05
CRD_155AE57C6FB44BEF894F,SCRYDEX_EN,RAW,,0.9800,USD,1506,2026-06-29
CRD_155AE57C6FB44BEF894F,SCRYDEX_JP,GRADED,10,,,72476,2026-06-29
CRD_155AE57C6FB44BEF894F,SCRYDEX_JP,GRADED,9,,,13828,2026-06-29
CRD_155AE57C6FB44BEF894F,SCRYDEX_JP,RAW,,0.4600,USD,707,2026-06-29
CRD_156303A10AC3422083AA,SCRYDEX_EN,RAW,,1.0100,USD,1545,2026-06-05
CRD_156303A10AC3422083AA,SCRYDEX_JP,GRADED,10,,,45864,2026-06-29
CRD_156303A10AC3422083AA,SCRYDEX_JP,GRADED,9,,,11539,2026-06-29
CRD_156303A10AC3422083AA,SCRYDEX_JP,RAW,,0.7300,USD,1122,2026-06-29
CRD_1573232461C14F27B212,SCRYDEX_EN,RAW,,5.3200,USD,8136,2026-06-05
CRD_1573232461C14F27B212,SCRYDEX_JP,GRADED,10,,,92650,2026-06-29
CRD_1573232461C14F27B212,SCRYDEX_JP,GRADED,9,,,22141,2026-06-29
CRD_1573232461C14F27B212,SCRYDEX_JP,RAW,,5.4700,USD,8405,2026-06-29
CRD_157F33DF43A34D268793,SCRYDEX_EN,RAW,,250.8400,USD,385411,2026-06-29
CRD_157F33DF43A34D268793,SCRYDEX_JP,GRADED,10,,,270374,2026-06-29
CRD_157F33DF43A34D268793,SCRYDEX_JP,GRADED,9,,,96522,2026-06-29
CRD_157F33DF43A34D268793,SCRYDEX_JP,RAW,,74.8300,USD,114975,2026-06-29
CRD_1589922DA5104539AFF5,SCRYDEX_EN,RAW,,222.0700,USD,341206,2026-06-29
CRD_1589922DA5104539AFF5,SCRYDEX_JP,GRADED,10,,,683211,2026-06-29
CRD_1589922DA5104539AFF5,SCRYDEX_JP,GRADED,9,,,251660,2026-06-29
CRD_1589922DA5104539AFF5,SCRYDEX_JP,RAW,,83.0200,USD,127559,2026-06-29
CRD_15AD6DF96106438BA899,SCRYDEX_EN,RAW,,27.1500,USD,41522,2026-06-05
CRD_15AD6DF96106438BA899,SCRYDEX_JP,GRADED,10,,,309340,2026-06-29
CRD_15AD6DF96106438BA899,SCRYDEX_JP,GRADED,9,,,153571,2026-06-29
CRD_15AD6DF96106438BA899,SCRYDEX_JP,RAW,,33.0000,USD,50704,2026-06-29
CRD_15B7E26B244F437BA6AB,SCRYDEX_EN,RAW,,3.8900,USD,5949,2026-06-05
CRD_15B7E26B244F437BA6AB,SCRYDEX_JP,GRADED,10,,,46094,2026-06-29
CRD_15B7E26B244F437BA6AB,SCRYDEX_JP,RAW,,6.7300,USD,10341,2026-06-29
CRD_15F12748F61F45C7853E,SCRYDEX_EN,RAW,,27.1800,USD,41762,2026-06-29
CRD_15F12748F61F45C7853E,SCRYDEX_JP,GRADED,10,,,275568,2026-06-29
CRD_15F12748F61F45C7853E,SCRYDEX_JP,RAW,,19.9900,USD,30714,2026-06-29
CRD_15F5F5A58D814B10953B,SCRYDEX_EN,RAW,,21.5700,USD,32989,2026-06-05
CRD_15F5F5A58D814B10953B,SCRYDEX_JP,GRADED,10,,,617573,2026-06-29
CRD_15F5F5A58D814B10953B,SCRYDEX_JP,GRADED,9,,,382584,2026-06-29
CRD_15F5F5A58D814B10953B,SCRYDEX_JP,RAW,,380000.0000,KRW,380000,2026-06-29
CRD_15FD761C7E9D47358044,SCRYDEX_EN,RAW,,2.7100,USD,4164,2026-06-29
CRD_15FD761C7E9D47358044,SCRYDEX_JP,GRADED,10,,,36584,2026-06-29
CRD_15FD761C7E9D47358044,SCRYDEX_JP,GRADED,9,,,4609,2026-06-29
CRD_15FD761C7E9D47358044,SCRYDEX_JP,RAW,,0.3700,USD,568,2026-06-29
CRD_1628769382AC47C581EB,SCRYDEX_EN,RAW,,43.9000,USD,67451,2026-06-29
CRD_1628769382AC47C581EB,SCRYDEX_JP,GRADED,10,,,92634,2026-06-29
CRD_1628769382AC47C581EB,SCRYDEX_JP,GRADED,9,,,23324,2026-06-29
CRD_1628769382AC47C581EB,SCRYDEX_JP,RAW,,33.2400,USD,51073,2026-06-29
CRD_16371A443973483F81FA,SCRYDEX_EN,RAW,,25.1100,USD,38402,2026-06-05
CRD_16371A443973483F81FA,SCRYDEX_JP,GRADED,10,,,249555,2026-06-29
CRD_16371A443973483F81FA,SCRYDEX_JP,GRADED,9,,,53977,2026-06-29
CRD_16371A443973483F81FA,SCRYDEX_JP,RAW,,28.3300,USD,43528,2026-06-29
CRD_1640B082EE3340AAB612,SCRYDEX_EN,RAW,,5.6900,USD,8702,2026-06-05
CRD_1640B082EE3340AAB612,SCRYDEX_JP,GRADED,10,,,84506,2026-06-29
CRD_1640B082EE3340AAB612,SCRYDEX_JP,RAW,,3.7400,USD,5746,2026-06-29
CRD_1645BF1E84C74BFFBE20,SCRYDEX_EN,RAW,,12.8100,USD,19682,2026-06-29
CRD_1645BF1E84C74BFFBE20,SCRYDEX_JP,GRADED,10,,,65807,2026-06-29
CRD_1645BF1E84C74BFFBE20,SCRYDEX_JP,GRADED,9,,,30714,2026-06-29
CRD_1645BF1E84C74BFFBE20,SCRYDEX_JP,RAW,,2.7700,USD,4256,2026-06-29
CRD_1647486130EF4A25940C,SCRYDEX_EN,RAW,,0.8700,USD,1331,2026-06-05
CRD_1647486130EF4A25940C,SCRYDEX_JP,GRADED,10,,,60599,2026-06-29
CRD_1647486130EF4A25940C,SCRYDEX_JP,RAW,,0.6000,USD,922,2026-06-29
CRD_164F19FE7E4746EEA25C,SCRYDEX_EN,RAW,,0.6600,USD,1009,2026-06-05
CRD_164F19FE7E4746EEA25C,SCRYDEX_JP,GRADED,10,,,41377,2026-06-28
CRD_164F19FE7E4746EEA25C,SCRYDEX_JP,GRADED,9,,,20742,2026-06-28
CRD_164F19FE7E4746EEA25C,SCRYDEX_JP,RAW,,0.2600,USD,399,2026-06-28
CRD_1651730F93C4413BA4C5,SCRYDEX_EN,RAW,,8.6800,USD,13398,2026-06-26
CRD_1651730F93C4413BA4C5,SCRYDEX_JP,GRADED,10,,,59216,2026-06-29
CRD_1651730F93C4413BA4C5,SCRYDEX_JP,GRADED,9,,,26535,2026-06-29
CRD_1651730F93C4413BA4C5,SCRYDEX_JP,RAW,,2.8100,USD,4318,2026-06-29
CRD_16552890B7E640BD9726,SCRYDEX_EN,RAW,,1.2800,USD,1958,2026-06-05
CRD_16552890B7E640BD9726,SCRYDEX_JP,GRADED,10,,,50043,2026-06-29
CRD_16552890B7E640BD9726,SCRYDEX_JP,GRADED,9,,,11723,2026-06-29
CRD_16552890B7E640BD9726,SCRYDEX_JP,RAW,,1.9200,USD,2950,2026-06-29
CRD_168A21AE1367433791FA,SCRYDEX_EN,RAW,,132.9000,USD,204198,2026-06-29
CRD_168A21AE1367433791FA,SCRYDEX_JP,GRADED,10,,,1311278,2026-06-29
CRD_168A21AE1367433791FA,SCRYDEX_JP,GRADED,9,,,253227,2026-06-29
CRD_168A21AE1367433791FA,SCRYDEX_JP,RAW,,128.3300,USD,197176,2026-06-29
CRD_1696ABBCC85248FD81F5,SCRYDEX_EN,RAW,,24.2500,USD,37260,2026-06-29
CRD_1696ABBCC85248FD81F5,SCRYDEX_JP,GRADED,10,,,736235,2026-06-29
CRD_1696ABBCC85248FD81F5,SCRYDEX_JP,GRADED,9,,,168997,2026-06-29
CRD_1696ABBCC85248FD81F5,SCRYDEX_JP,RAW,,10.0000,USD,15238,2026-06-11
CRD_16CF32D4C1234DB68301,SCRYDEX_EN,RAW,,13.7300,USD,20998,2026-06-05
CRD_16CF32D4C1234DB68301,SCRYDEX_JP,GRADED,10,,,154478,2026-06-29
CRD_16CF32D4C1234DB68301,SCRYDEX_JP,GRADED,9,,,46094,2026-06-29
CRD_16CF32D4C1234DB68301,SCRYDEX_JP,RAW,,12.0000,USD,18438,2026-06-29
CRD_16D569A705C64B95885E,SCRYDEX_EN,RAW,,21.0100,USD,32132,2026-06-05
CRD_16D569A705C64B95885E,SCRYDEX_JP,GRADED,10,,,360443,2026-06-29
CRD_16D569A705C64B95885E,SCRYDEX_JP,GRADED,9,,,311137,2026-06-29
CRD_16D569A705C64B95885E,SCRYDEX_JP,RAW,,80.0000,USD,122918,2026-06-29
CRD_16D77C3BD5F547639930,SCRYDEX_EN,RAW,,18.1200,USD,27841,2026-06-29
CRD_16D77C3BD5F547639930,SCRYDEX_JP,GRADED,10,,,65992,2026-06-29
CRD_16D77C3BD5F547639930,SCRYDEX_JP,RAW,,12.8100,USD,19682,2026-06-29
CRD_16DBDADB6156412A924A,SCRYDEX_EN,RAW,,4.2100,USD,6439,2026-06-05
CRD_16DBDADB6156412A924A,SCRYDEX_JP,GRADED,10,,,34648,2026-06-29
CRD_16DBDADB6156412A924A,SCRYDEX_JP,GRADED,9,,,20220,2026-06-29
CRD_16DBDADB6156412A924A,SCRYDEX_JP,RAW,,1.7300,USD,2658,2026-06-29
CRD_16E2995DF023409E852F,SCRYDEX_EN,RAW,,2.2900,USD,3502,2026-06-05
CRD_16E2995DF023409E852F,SCRYDEX_JP,GRADED,10,,,118693,2026-06-29
CRD_16E2995DF023409E852F,SCRYDEX_JP,GRADED,9,,,50704,2026-06-29
CRD_16E2995DF023409E852F,SCRYDEX_JP,RAW,,3.9900,USD,6131,2026-06-29
CRD_16E335392D60451C9EA2,SCRYDEX_EN,RAW,,3.7300,USD,5705,2026-06-05
CRD_16E335392D60451C9EA2,SCRYDEX_JP,GRADED,10,,,70325,2026-06-29
CRD_16E335392D60451C9EA2,SCRYDEX_JP,RAW,,4.8900,USD,7513,2026-06-29
CRD_16E3CC2DFD2149399A2C,SCRYDEX_EN,RAW,,2.4100,USD,3686,2026-06-05
CRD_16E3CC2DFD2149399A2C,SCRYDEX_JP,GRADED,10,,,38013,2026-06-29
CRD_16E3CC2DFD2149399A2C,SCRYDEX_JP,RAW,,2.1400,USD,3288,2026-06-29
CRD_16F1D3F4F75B4E8580A6,SCRYDEX_EN,RAW,,2.5500,USD,3900,2026-06-05
CRD_16F1D3F4F75B4E8580A6,SCRYDEX_JP,GRADED,10,,,59969,2026-06-29
CRD_16F1D3F4F75B4E8580A6,SCRYDEX_JP,GRADED,9,,,16855,2026-06-29
CRD_16F1D3F4F75B4E8580A6,SCRYDEX_JP,RAW,,2.6200,USD,4026,2026-06-29
CRD_16FAD83BCF8E45DD9103,SCRYDEX_EN,RAW,,0.7100,USD,1091,2026-06-29
CRD_16FAD83BCF8E45DD9103,SCRYDEX_JP,GRADED,10,,,18069,2026-06-29
CRD_16FAD83BCF8E45DD9103,SCRYDEX_JP,GRADED,9,,,28302,2026-06-29
CRD_16FAD83BCF8E45DD9103,SCRYDEX_JP,RAW,,0.4200,USD,645,2026-06-29
CRD_170047638AA24C9D8581,SCRYDEX_EN,RAW,,3.2300,USD,4940,2026-06-05
CRD_170047638AA24C9D8581,SCRYDEX_JP,GRADED,10,,,16901,2026-06-29
CRD_170047638AA24C9D8581,SCRYDEX_JP,RAW,,3.1300,USD,4809,2026-06-29
CRD_170C21DF603D41EABA47,SCRYDEX_EN,RAW,,6.1700,USD,9436,2026-06-05
CRD_170C21DF603D41EABA47,SCRYDEX_JP,GRADED,10,,,60768,2026-06-29
CRD_170C21DF603D41EABA47,SCRYDEX_JP,GRADED,9,,,29777,2026-06-29
CRD_170C21DF603D41EABA47,SCRYDEX_JP,RAW,,11.5200,USD,17700,2026-06-29
CRD_1719064C4D5A4530B4C4,SCRYDEX_EN,RAW,,8.0400,USD,12296,2026-06-05
CRD_1719064C4D5A4530B4C4,SCRYDEX_JP,GRADED,10,,,57372,2026-06-29
CRD_1719064C4D5A4530B4C4,SCRYDEX_JP,GRADED,9,,,16502,2026-06-29
CRD_1719064C4D5A4530B4C4,SCRYDEX_JP,RAW,,2.3800,USD,3657,2026-06-29
CRD_1727697B0064422BAEE6,SCRYDEX_EN,RAW,,93.0900,USD,143031,2026-06-29
CRD_1727697B0064422BAEE6,SCRYDEX_JP,GRADED,10,,,224741,2026-06-29
CRD_1727697B0064422BAEE6,SCRYDEX_JP,GRADED,9,,,90606,2026-06-29
CRD_1727697B0064422BAEE6,SCRYDEX_JP,RAW,,36.3100,USD,55790,2026-06-29
CRD_1735A196292E42369E03,SCRYDEX_EN,RAW,,11.1600,USD,17068,2026-06-05
CRD_174C612CD9AF412F9F27,SCRYDEX_EN,RAW,,2.2600,USD,3472,2026-06-29
CRD_174C612CD9AF412F9F27,SCRYDEX_JP,GRADED,10,,,33956,2026-06-29
CRD_174C612CD9AF412F9F27,SCRYDEX_JP,GRADED,9,,,13828,2026-06-29
CRD_174C612CD9AF412F9F27,SCRYDEX_JP,RAW,,2.2300,USD,3426,2026-06-29
CRD_174D03650DD04FAB90ED,SCRYDEX_EN,RAW,,2.6800,USD,4099,2026-06-05
CRD_174D03650DD04FAB90ED,SCRYDEX_JP,GRADED,10,,,89792,2026-06-29
CRD_174D03650DD04FAB90ED,SCRYDEX_JP,RAW,,7.4800,USD,11493,2026-06-29
CRD_1752B1022AD74CC0AF24,SCRYDEX_EN,RAW,,8.1300,USD,12434,2026-06-05
CRD_1752B1022AD74CC0AF24,SCRYDEX_JP,GRADED,10,,,79482,2026-06-29
CRD_1752B1022AD74CC0AF24,SCRYDEX_JP,GRADED,9,,,36276,2026-06-29
CRD_1752B1022AD74CC0AF24,SCRYDEX_JP,RAW,,43.0800,USD,66192,2026-06-29
CRD_17623798AB744107AD98,SCRYDEX_EN,RAW,,19.9000,USD,30576,2026-06-29
CRD_17623798AB744107AD98,SCRYDEX_JP,GRADED,10,,,57449,2026-06-29
CRD_17623798AB744107AD98,SCRYDEX_JP,GRADED,9,,,23570,2026-06-29
CRD_17623798AB744107AD98,SCRYDEX_JP,RAW,,4.9700,USD,7636,2026-06-29
CRD_176BE23510B840A2A394,SCRYDEX_EN,RAW,,1284.7100,USD,1973931,2026-06-29
CRD_1778B01FA4AD4332B4C8,SCRYDEX_JP,GRADED,10,,,59923,2026-06-29
CRD_1778B01FA4AD4332B4C8,SCRYDEX_JP,RAW,,6.2300,USD,9572,2026-06-29
CRD_1781CCF24CA84BC3B847,SCRYDEX_EN,RAW,,5.9200,USD,9054,2026-06-05
CRD_1781CCF24CA84BC3B847,SCRYDEX_JP,GRADED,10,,,45511,2026-06-29
CRD_1781CCF24CA84BC3B847,SCRYDEX_JP,GRADED,9,,,28978,2026-06-29
CRD_1781CCF24CA84BC3B847,SCRYDEX_JP,RAW,,2.8700,USD,4410,2026-06-29
CRD_17916E8A74A842A69743,SCRYDEX_EN,RAW,,14.7400,USD,22543,2026-06-05
CRD_17916E8A74A842A69743,SCRYDEX_JP,GRADED,10,,,210313,2026-06-29
CRD_17916E8A74A842A69743,SCRYDEX_JP,GRADED,9,,,53869,2026-06-29
CRD_17916E8A74A842A69743,SCRYDEX_JP,RAW,,40.0000,USD,61459,2026-06-29
CRD_17AEC6F70C054074BFD4,SCRYDEX_EN,RAW,,17.8800,USD,27472,2026-06-29
CRD_17AEC6F70C054074BFD4,SCRYDEX_JP,GRADED,10,,,74965,2026-06-29
CRD_17AEC6F70C054074BFD4,SCRYDEX_JP,GRADED,9,,,40409,2026-06-29
CRD_17AEC6F70C054074BFD4,SCRYDEX_JP,RAW,,9.4800,USD,14566,2026-06-29
CRD_17B76AFFA5794001AF52,SCRYDEX_EN,RAW,,16.2600,USD,24983,2026-06-29
CRD_17C83FF85F944764957F,SCRYDEX_EN,RAW,,12.9700,USD,19928,2026-06-29
CRD_17C83FF85F944764957F,SCRYDEX_JP,GRADED,10,,,56650,2026-06-29
CRD_17C83FF85F944764957F,SCRYDEX_JP,GRADED,9,,,22479,2026-06-29
CRD_17C83FF85F944764957F,SCRYDEX_JP,RAW,,3.8000,USD,5839,2026-06-29
CRD_17CAF561E8804762B993,SCRYDEX_EN,RAW,,6.6100,USD,10109,2026-06-05
CRD_17CAF561E8804762B993,SCRYDEX_JP,RAW,,4.9900,USD,7667,2026-06-29
CRD_17CEDC815C264A69A345,SCRYDEX_EN,RAW,,2.2000,USD,3365,2026-06-05
CRD_17CEDC815C264A69A345,SCRYDEX_JP,GRADED,10,,,40240,2026-06-29
CRD_17CEDC815C264A69A345,SCRYDEX_JP,RAW,,4.2700,USD,6561,2026-06-29
CRD_17D9AE509B3F4B1A8EB2,SCRYDEX_EN,RAW,,9.0900,USD,13967,2026-06-29
CRD_17D9AE509B3F4B1A8EB2,SCRYDEX_JP,GRADED,10,,,221253,2026-06-29
CRD_17D9AE509B3F4B1A8EB2,SCRYDEX_JP,RAW,,17.2700,USD,26535,2026-06-29
CRD_17E681D70E484304B6B8,SCRYDEX_EN,RAW,,0.6500,USD,999,2026-06-29
CRD_17E681D70E484304B6B8,SCRYDEX_JP,GRADED,10,,,34571,2026-06-29
CRD_17E681D70E484304B6B8,SCRYDEX_JP,RAW,,0.3200,USD,492,2026-06-29
CRD_17ED530C10224680B18D,SCRYDEX_EN,RAW,,3.6000,USD,5506,2026-06-05
CRD_17ED530C10224680B18D,SCRYDEX_JP,GRADED,10,,,43559,2026-06-29
CRD_17ED530C10224680B18D,SCRYDEX_JP,GRADED,9,,,12292,2026-06-29
CRD_17ED530C10224680B18D,SCRYDEX_JP,RAW,,3.0100,USD,4625,2026-06-29
CRD_17EF823FA3CB4B2B8EE4,SCRYDEX_EN,RAW,,59.7400,USD,91365,2026-06-05
CRD_17EF823FA3CB4B2B8EE4,SCRYDEX_JP,GRADED,10,,,239829,2026-06-29
CRD_17EF823FA3CB4B2B8EE4,SCRYDEX_JP,GRADED,9,,,110765,2026-06-29
CRD_17EF823FA3CB4B2B8EE4,SCRYDEX_JP,RAW,,16.0000,USD,24584,2026-06-29
CRD_1806774875564E268E6E,SCRYDEX_EN,RAW,,4.1300,USD,6316,2026-06-05
CRD_1806774875564E268E6E,SCRYDEX_JP,GRADED,10,,,33818,2026-06-29
CRD_1806774875564E268E6E,SCRYDEX_JP,RAW,,5.3400,USD,8205,2026-06-29
CRD_1832978663324026BBAD,SCRYDEX_EN,RAW,,42.4900,USD,65285,2026-06-29
CRD_1832978663324026BBAD,SCRYDEX_JP,GRADED,10,,,99779,2026-06-29
CRD_1832978663324026BBAD,SCRYDEX_JP,GRADED,9,,,53562,2026-06-29
CRD_1832978663324026BBAD,SCRYDEX_JP,RAW,,14.8200,USD,22771,2026-06-29
CRD_184AC847FEF045F0A5C3,SCRYDEX_EN,RAW,,24.5700,USD,37751,2026-06-29
CRD_184AC847FEF045F0A5C3,SCRYDEX_JP,GRADED,10,,,190370,2026-06-29
CRD_184AC847FEF045F0A5C3,SCRYDEX_JP,GRADED,9,,,84844,2026-06-29
CRD_184AC847FEF045F0A5C3,SCRYDEX_JP,RAW,,58.8000,USD,90345,2026-06-29
CRD_185DE08656684E7AA355,SCRYDEX_EN,RAW,,165.3600,USD,252897,2026-06-05
CRD_185DE08656684E7AA355,SCRYDEX_JP,GRADED,10,,,2664640,2026-06-29
CRD_185DE08656684E7AA355,SCRYDEX_JP,GRADED,9,,,888070,2026-06-29
CRD_185DE08656684E7AA355,SCRYDEX_JP,RAW,,931000.0000,KRW,931000,2026-06-29
CRD_186B68241588428C9410,SCRYDEX_EN,RAW,,93.4100,USD,143523,2026-06-29
CRD_186B68241588428C9410,SCRYDEX_JP,GRADED,10,,,267440,2026-06-29
CRD_186B68241588428C9410,SCRYDEX_JP,GRADED,9,,,144537,2026-06-29
CRD_186B68241588428C9410,SCRYDEX_JP,RAW,,70.0000,USD,107554,2026-06-29
CRD_187E76533B5540179493,SCRYDEX_EN,RAW,,11.8900,USD,18269,2026-06-29
CRD_187E76533B5540179493,SCRYDEX_JP,GRADED,10,,,107938,2026-06-29
CRD_187E76533B5540179493,SCRYDEX_JP,GRADED,9,,,44327,2026-06-29
CRD_187E76533B5540179493,SCRYDEX_JP,RAW,,4.6500,USD,7145,2026-06-29
CRD_18CD5427946D4525B172,SCRYDEX_EN,RAW,,18.7700,USD,28840,2026-06-29
CRD_18CD5427946D4525B172,SCRYDEX_JP,GRADED,10,,,91451,2026-06-29
CRD_18CD5427946D4525B172,SCRYDEX_JP,GRADED,9,,,46586,2026-06-29
CRD_18CD5427946D4525B172,SCRYDEX_JP,RAW,,17.7700,USD,27303,2026-06-29
CRD_18D57DF71D81408584B5,SCRYDEX_EN,RAW,,59.4500,USD,90921,2026-06-05
CRD_18D57DF71D81408584B5,SCRYDEX_JP,GRADED,10,,,918815,2026-06-29
CRD_18D57DF71D81408584B5,SCRYDEX_JP,RAW,,85.9900,USD,132122,2026-06-29
CRD_18E0A0EBCAEFC42D7567,SCRYDEX_JP,GRADED,10,,,48507,2026-06-29
CRD_18E0A0EBCAEFC42D7567,SCRYDEX_JP,RAW,,1.9700,USD,3027,2026-06-29
CRD_18ECEF4F4F6B4E32805A,SCRYDEX_EN,RAW,,3.6700,USD,5613,2026-06-05
CRD_18ECEF4F4F6B4E32805A,SCRYDEX_JP,GRADED,10,,,115236,2026-06-29
CRD_18ECEF4F4F6B4E32805A,SCRYDEX_JP,GRADED,9,,,30580,2026-06-09
CRD_18ECEF4F4F6B4E32805A,SCRYDEX_JP,RAW,,3.2600,USD,5009,2026-06-29
CRD_190E3B946C714D6CBFCD,SCRYDEX_EN,RAW,,57.8900,USD,88947,2026-06-29
CRD_190E3B946C714D6CBFCD,SCRYDEX_JP,GRADED,10,,,100071,2026-06-29
CRD_190E3B946C714D6CBFCD,SCRYDEX_JP,GRADED,9,,,19575,2026-06-29
CRD_190E3B946C714D6CBFCD,SCRYDEX_JP,RAW,,39.7800,USD,61121,2026-06-29
CRD_19171E29E9D34C17A9BF,SCRYDEX_EN,RAW,,5.6500,USD,8641,2026-06-05
CRD_19171E29E9D34C17A9BF,SCRYDEX_JP,GRADED,10,,,97720,2026-06-29
CRD_19171E29E9D34C17A9BF,SCRYDEX_JP,GRADED,9,,,59600,2026-06-29
CRD_19171E29E9D34C17A9BF,SCRYDEX_JP,RAW,,2.4800,USD,3810,2026-06-29
CRD_19B52BB682954C4DB699,SCRYDEX_EN,RAW,,16.9100,USD,25982,2026-06-29
CRD_19B52BB682954C4DB699,SCRYDEX_JP,GRADED,10,,,149991,2026-06-29
CRD_19B52BB682954C4DB699,SCRYDEX_JP,GRADED,9,,,38289,2026-06-29
CRD_19B52BB682954C4DB699,SCRYDEX_JP,RAW,,7.8400,USD,12046,2026-06-29
CRD_19C1275E8DF647B286BD,SCRYDEX_EN,RAW,,0.6800,USD,1040,2026-06-05
CRD_19C1275E8DF647B286BD,SCRYDEX_JP,GRADED,10,,,55313,2026-06-29
CRD_19C1275E8DF647B286BD,SCRYDEX_JP,GRADED,9,,,21618,2026-06-29
CRD_19C1275E8DF647B286BD,SCRYDEX_JP,RAW,,0.2800,USD,430,2026-06-29
CRD_19DB508398AD4D219234,SCRYDEX_JP,RAW,,0.1000,USD,149,2026-05-14
CRD_19F51F8288034A4781BC,SCRYDEX_EN,RAW,,10.3100,USD,15914,2026-06-26
CRD_19F51F8288034A4781BC,SCRYDEX_JP,GRADED,10,,,64932,2026-06-29
CRD_19F51F8288034A4781BC,SCRYDEX_JP,GRADED,9,,,30622,2026-06-29
CRD_19F51F8288034A4781BC,SCRYDEX_JP,RAW,,4.8400,USD,7437,2026-06-29
CRD_19FA15073BE646958D35,SCRYDEX_EN,RAW,,2.8400,USD,4343,2026-06-05
CRD_19FA15073BE646958D35,SCRYDEX_JP,GRADED,10,,,103620,2026-06-29
CRD_19FA15073BE646958D35,SCRYDEX_JP,RAW,,3.3300,USD,5116,2026-06-29
CRD_1A2040BEE94E4AB1AFAE,SCRYDEX_EN,RAW,,5.0800,USD,7769,2026-06-05
CRD_1A2040BEE94E4AB1AFAE,SCRYDEX_JP,GRADED,10,,,63518,2026-06-29
CRD_1A2040BEE94E4AB1AFAE,SCRYDEX_JP,GRADED,9,,,22940,2026-06-29
CRD_1A2040BEE94E4AB1AFAE,SCRYDEX_JP,RAW,,2.5900,USD,3979,2026-06-29
CRD_1A2192604CAF4EA98918,SCRYDEX_EN,RAW,,231.7600,USD,354447,2026-06-05
CRD_1A2192604CAF4EA98918,SCRYDEX_JP,GRADED,10,,,3255478,2026-06-29
CRD_1A2192604CAF4EA98918,SCRYDEX_JP,GRADED,9,,,595847,2026-06-29
CRD_1A2192604CAF4EA98918,SCRYDEX_JP,RAW,,50.0000,USD,76824,2026-06-29
CRD_1A2B7E3263BE4E328E23,SCRYDEX_EN,RAW,,23.3500,USD,35877,2026-06-29
CRD_1A2B7E3263BE4E328E23,SCRYDEX_JP,GRADED,10,,,60169,2026-06-29
CRD_1A2B7E3263BE4E328E23,SCRYDEX_JP,GRADED,9,,,24369,2026-06-29
CRD_1A2B7E3263BE4E328E23,SCRYDEX_JP,RAW,,6.3300,USD,9726,2026-06-29
CRD_1A35479E220A4BB7AE4E,SCRYDEX_EN,RAW,,10.7300,USD,16410,2026-06-05
CRD_1A35479E220A4BB7AE4E,SCRYDEX_JP,GRADED,10,,,170457,2026-06-29
CRD_1A35479E220A4BB7AE4E,SCRYDEX_JP,GRADED,9,,,30760,2026-06-29
CRD_1A35479E220A4BB7AE4E,SCRYDEX_JP,RAW,,5.1700,USD,7944,2026-06-29
CRD_1A707D9E2FC6416F96A5,SCRYDEX_EN,RAW,,1.5400,USD,2355,2026-06-05
CRD_1A707D9E2FC6416F96A5,SCRYDEX_JP,GRADED,10,,,18760,2026-06-29
CRD_1A707D9E2FC6416F96A5,SCRYDEX_JP,RAW,,1.7000,USD,2612,2026-06-29
CRD_1A7C81EF49754D76B049,SCRYDEX_EN,RAW,,5.2900,USD,7982,2026-06-18
CRD_1A7C81EF49754D76B049,SCRYDEX_JP,GRADED,10,,,107508,2026-06-29
CRD_1A7C81EF49754D76B049,SCRYDEX_JP,GRADED,9,,,12292,2026-06-29
CRD_1A7C81EF49754D76B049,SCRYDEX_JP,RAW,,3.7300,USD,5731,2026-06-29
CRD_1A815E05CDFE482484A2,SCRYDEX_EN,RAW,,299.0600,USD,459500,2026-06-29
CRD_1A815E05CDFE482484A2,SCRYDEX_JP,GRADED,10,,,767134,2026-06-29
CRD_1A815E05CDFE482484A2,SCRYDEX_JP,GRADED,9,,,405047,2026-06-29
CRD_1A815E05CDFE482484A2,SCRYDEX_JP,RAW,,263.4400,USD,404770,2026-06-29
CRD_1A85603204124465ACAD,SCRYDEX_EN,RAW,,9.7800,USD,14968,2026-06-19
CRD_1A85603204124465ACAD,SCRYDEX_JP,GRADED,10,,,60537,2026-06-29
CRD_1A85603204124465ACAD,SCRYDEX_JP,GRADED,9,,,31436,2026-06-29
CRD_1A85603204124465ACAD,SCRYDEX_JP,RAW,,4.5400,USD,6976,2026-06-29
CRD_1A87BECFAC1647F98FBC,SCRYDEX_EN,RAW,,19.1000,USD,29347,2026-06-29
CRD_1A87BECFAC1647F98FBC,SCRYDEX_JP,GRADED,10,,,306297,2026-06-29
CRD_1A87BECFAC1647F98FBC,SCRYDEX_JP,GRADED,9,,,153479,2026-06-29
CRD_1A87BECFAC1647F98FBC,SCRYDEX_JP,RAW,,110.0000,USD,169013,2026-06-29
CRD_1A905AD1C8F14E1B9C83,SCRYDEX_EN,RAW,,2.1000,USD,3212,2026-06-05
CRD_1A905AD1C8F14E1B9C83,SCRYDEX_JP,GRADED,10,,,68527,2026-06-29
CRD_1A905AD1C8F14E1B9C83,SCRYDEX_JP,GRADED,9,,,9649,2026-06-29
CRD_1A905AD1C8F14E1B9C83,SCRYDEX_JP,RAW,,0.5000,USD,768,2026-06-29
CRD_1AA5792C99D94054AB63,SCRYDEX_EN,RAW,,2.9200,USD,4466,2026-06-05
CRD_1AA5792C99D94054AB63,SCRYDEX_JP,RAW,,3.1500,USD,4840,2026-06-29
CRD_1AA86801F7BB4278A6C8,SCRYDEX_EN,RAW,,70.1600,USD,107799,2026-06-29
CRD_1AA86801F7BB4278A6C8,SCRYDEX_JP,GRADED,10,,,81157,2026-06-29
CRD_1AA86801F7BB4278A6C8,SCRYDEX_JP,GRADED,9,,,41424,2026-06-29
CRD_1AA86801F7BB4278A6C8,SCRYDEX_JP,RAW,,17.5800,USD,27011,2026-06-29
CRD_1AB7F353BFC547DC81F1,SCRYDEX_EN,RAW,,5.3000,USD,8106,2026-06-05
CRD_1AB7F353BFC547DC81F1,SCRYDEX_JP,GRADED,10,,,50596,2026-06-28
CRD_1AB7F353BFC547DC81F1,SCRYDEX_JP,GRADED,9,,,25890,2026-06-28
CRD_1AB7F353BFC547DC81F1,SCRYDEX_JP,RAW,,2.3500,USD,3611,2026-06-28
CRD_1ACA13137E6D4322A031,SCRYDEX_EN,RAW,,1.2900,USD,1973,2026-06-05
CRD_1ACA13137E6D4322A031,SCRYDEX_JP,GRADED,10,,,40102,2026-06-29
CRD_1ACA13137E6D4322A031,SCRYDEX_JP,GRADED,9,,,14842,2026-06-29
CRD_1ACA13137E6D4322A031,SCRYDEX_JP,RAW,,1.3500,USD,2074,2026-06-29
CRD_1ACE44AEBA7B4DF5B0D6,SCRYDEX_EN,RAW,,7.8000,USD,11985,2026-06-29
CRD_1ACE44AEBA7B4DF5B0D6,SCRYDEX_JP,GRADED,10,,,59769,2026-06-29
CRD_1ACE44AEBA7B4DF5B0D6,SCRYDEX_JP,RAW,,4.2500,USD,6530,2026-06-29
CRD_1AD1B3ABA677423BBCAE,SCRYDEX_EN,RAW,,6.1800,USD,9452,2026-06-05
CRD_1AD1B3ABA677423BBCAE,SCRYDEX_JP,GRADED,10,,,40886,2026-06-29
CRD_1AD1B3ABA677423BBCAE,SCRYDEX_JP,GRADED,9,,,39948,2026-06-29
CRD_1AD1B3ABA677423BBCAE,SCRYDEX_JP,RAW,,4.7700,USD,7329,2026-06-29
CRD_1ADDB3B731DE412E851A,SCRYDEX_EN,RAW,,5.7800,USD,8879,2026-06-18
CRD_1ADDB3B731DE412E851A,SCRYDEX_JP,GRADED,10,,,54407,2026-06-29
CRD_1ADDB3B731DE412E851A,SCRYDEX_JP,RAW,,1.2100,USD,1859,2026-06-29
CRD_1AF00E0F44D842E894A4,SCRYDEX_EN,RAW,,22.5800,USD,34694,2026-06-29
CRD_1AF00E0F44D842E894A4,SCRYDEX_JP,GRADED,10,,,70617,2026-06-29
CRD_1AF00E0F44D842E894A4,SCRYDEX_JP,GRADED,9,,,35201,2026-06-29
CRD_1AF00E0F44D842E894A4,SCRYDEX_JP,RAW,,12.3300,USD,18945,2026-06-29
CRD_1AF396E7442011F20F00,SCRYDEX_JP,GRADED,10,,,65700,2026-06-29
CRD_1AF396E7442011F20F00,SCRYDEX_JP,GRADED,9,,,25183,2026-06-29
CRD_1AF396E7442011F20F00,SCRYDEX_JP,RAW,,2.2500,USD,3457,2026-06-29
CRD_1AF555656B2048A2B4EE,SCRYDEX_EN,RAW,,0.9600,USD,1468,2026-06-05
CRD_1AF555656B2048A2B4EE,SCRYDEX_JP,GRADED,10,,,29700,2026-06-29
CRD_1AF555656B2048A2B4EE,SCRYDEX_JP,GRADED,9,,,29193,2026-06-29
CRD_1AF555656B2048A2B4EE,SCRYDEX_JP,RAW,,0.2500,USD,384,2026-06-29
CRD_1AF7C5C839D646B0A61B,SCRYDEX_EN,RAW,,13.8100,USD,21219,2026-06-29
CRD_1AF7C5C839D646B0A61B,SCRYDEX_JP,GRADED,10,,,66161,2026-06-29
CRD_1AF7C5C839D646B0A61B,SCRYDEX_JP,GRADED,9,,,29439,2026-06-29
CRD_1AF7C5C839D646B0A61B,SCRYDEX_JP,RAW,,6.0300,USD,9265,2026-06-29
CRD_1AFBAC5E15DA4DBFB50A,SCRYDEX_EN,RAW,,7.7400,USD,11837,2026-06-05
CRD_1AFBAC5E15DA4DBFB50A,SCRYDEX_JP,GRADED,10,,,59262,2026-06-29
CRD_1AFBAC5E15DA4DBFB50A,SCRYDEX_JP,GRADED,9,,,24722,2026-06-29
CRD_1AFBAC5E15DA4DBFB50A,SCRYDEX_JP,RAW,,2.8600,USD,4394,2026-06-29
CRD_1B0CED467C434ACBAEFE,SCRYDEX_EN,RAW,,16.1300,USD,24783,2026-06-29
CRD_1B0CED467C434ACBAEFE,SCRYDEX_JP,GRADED,10,,,63134,2026-06-29
CRD_1B0CED467C434ACBAEFE,SCRYDEX_JP,GRADED,9,,,27073,2026-06-29
CRD_1B0CED467C434ACBAEFE,SCRYDEX_JP,RAW,,2.2600,USD,3472,2026-06-29
CRD_1B2ADC910BB140BE8F44,SCRYDEX_EN,RAW,,8.5700,USD,13107,2026-06-05
CRD_1B2ADC910BB140BE8F44,SCRYDEX_JP,GRADED,10,,,29224,2026-06-29
CRD_1B2ADC910BB140BE8F44,SCRYDEX_JP,RAW,,18050.0000,KRW,18050,2026-06-29
CRD_1B4300D40B074B11BABC,SCRYDEX_EN,RAW,,0.8300,USD,1269,2026-06-05
CRD_1B4300D40B074B11BABC,SCRYDEX_JP,GRADED,10,,,26904,2026-06-29
CRD_1B4300D40B074B11BABC,SCRYDEX_JP,RAW,,0.5900,USD,907,2026-06-29
CRD_1B75DAEB61EA4A2D9A2A,SCRYDEX_EN,RAW,,4.3000,USD,6576,2026-06-05
CRD_1B75DAEB61EA4A2D9A2A,SCRYDEX_JP,GRADED,10,,,32266,2026-06-29
CRD_1B75DAEB61EA4A2D9A2A,SCRYDEX_JP,RAW,,5.3800,USD,8266,2026-06-29
CRD_1B7FAED9F23141518159,SCRYDEX_EN,RAW,,0.8900,USD,1361,2026-06-05
CRD_1B81F3B284534F8B8896,SCRYDEX_EN,RAW,,4.0700,USD,6225,2026-06-05
CRD_1B81F3B284534F8B8896,SCRYDEX_JP,GRADED,10,,,43636,2026-06-29
CRD_1B81F3B284534F8B8896,SCRYDEX_JP,GRADED,9,,,15365,2026-06-29
CRD_1B81F3B284534F8B8896,SCRYDEX_JP,RAW,,5.2600,USD,8082,2026-06-29
CRD_1B828812B58A4E3FB0CD,SCRYDEX_EN,RAW,,2.0400,USD,3120,2026-06-05
CRD_1B828812B58A4E3FB0CD,SCRYDEX_JP,RAW,,5.6300,USD,8650,2026-06-29
CRD_1BA92AE483D3487E9AD9,SCRYDEX_EN,RAW,,1.1000,USD,1682,2026-06-05
CRD_1BA92AE483D3487E9AD9,SCRYDEX_JP,GRADED,10,,,45987,2026-06-29
CRD_1BA92AE483D3487E9AD9,SCRYDEX_JP,GRADED,9,,,38258,2026-06-29
CRD_1BA92AE483D3487E9AD9,SCRYDEX_JP,RAW,,4.0300,USD,6192,2026-06-29
CRD_1BB82D85E831428CABCE,SCRYDEX_EN,RAW,,19.8600,USD,30373,2026-06-05
CRD_1BB82D85E831428CABCE,SCRYDEX_JP,GRADED,10,,,145382,2026-06-29
CRD_1BB82D85E831428CABCE,SCRYDEX_JP,RAW,,10.9500,USD,16824,2026-06-29
CRD_1BD0376A3CA8485BB302,SCRYDEX_EN,RAW,,458.2300,USD,704061,2026-06-29
CRD_1BD0376A3CA8485BB302,SCRYDEX_JP,GRADED,10,,,24608986,2026-06-29
CRD_1BD0376A3CA8485BB302,SCRYDEX_JP,GRADED,9,,,5744899,2026-06-29
CRD_1BD0376A3CA8485BB302,SCRYDEX_JP,RAW,,11400000.0000,KRW,11400000,2026-06-29
CRD_1BE9EEDEDD6944B99663,SCRYDEX_EN,RAW,,2.8900,USD,4420,2026-06-05
CRD_1BE9EEDEDD6944B99663,SCRYDEX_JP,GRADED,10,,,99948,2026-06-29
CRD_1BE9EEDEDD6944B99663,SCRYDEX_JP,RAW,,6.5100,USD,10002,2026-06-29
CRD_1C040171393842089CFF,SCRYDEX_EN,RAW,,56.3100,USD,86519,2026-06-29
CRD_1C157708149345C6BF37,SCRYDEX_EN,RAW,,2.1700,USD,3319,2026-06-05
CRD_1C157708149345C6BF37,SCRYDEX_JP,GRADED,10,,,64133,2026-06-29
CRD_1C157708149345C6BF37,SCRYDEX_JP,GRADED,9,,,13552,2026-06-29
CRD_1C157708149345C6BF37,SCRYDEX_JP,RAW,,1.4300,USD,2197,2026-06-29
CRD_1C2F4BFC2FE24963AAD6,SCRYDEX_EN,RAW,,3.5200,USD,5383,2026-06-05
CRD_1C2F4BFC2FE24963AAD6,SCRYDEX_JP,GRADED,10,,,69341,2026-06-29
CRD_1C2F4BFC2FE24963AAD6,SCRYDEX_JP,GRADED,9,,,7682,2026-06-29
CRD_1C2F4BFC2FE24963AAD6,SCRYDEX_JP,RAW,,2.3600,USD,3626,2026-06-29
CRD_1C425DFA45494FDC8351,SCRYDEX_EN,RAW,,1.0300,USD,1575,2026-06-05
CRD_1C6AC6FAD7E44F1EBBC2,SCRYDEX_EN,RAW,,16.2700,USD,24999,2026-06-29
CRD_1C6AC6FAD7E44F1EBBC2,SCRYDEX_JP,GRADED,10,,,72476,2026-06-29
CRD_1C6AC6FAD7E44F1EBBC2,SCRYDEX_JP,GRADED,9,,,30161,2026-06-29
CRD_1C6AC6FAD7E44F1EBBC2,SCRYDEX_JP,RAW,,6.0600,USD,9311,2026-06-29
CRD_1C6F8B47E1DE4A3B8C3C,SCRYDEX_EN,RAW,,64.1900,USD,98627,2026-06-29
CRD_1C6F8B47E1DE4A3B8C3C,SCRYDEX_JP,GRADED,10,,,88209,2026-06-29
CRD_1C6F8B47E1DE4A3B8C3C,SCRYDEX_JP,GRADED,9,,,22279,2026-06-29
CRD_1C6F8B47E1DE4A3B8C3C,SCRYDEX_JP,RAW,,19.5800,USD,30084,2026-06-29
CRD_1C7DCAE87E334BB2AA8B,SCRYDEX_EN,RAW,,0.9000,USD,1376,2026-06-05
CRD_1C7DCAE87E334BB2AA8B,SCRYDEX_JP,GRADED,10,,,60245,2026-06-29
CRD_1C7DCAE87E334BB2AA8B,SCRYDEX_JP,RAW,,0.5800,USD,891,2026-06-29
CRD_1C909A7537014095872A,SCRYDEX_EN,RAW,,0.7900,USD,1208,2026-06-05
CRD_1C909A7537014095872A,SCRYDEX_JP,GRADED,10,,,30714,2026-06-29
CRD_1C909A7537014095872A,SCRYDEX_JP,RAW,,0.9700,USD,1490,2026-06-29
CRD_1CA71C6A9BAE4E20BD02,SCRYDEX_EN,RAW,,1.7900,USD,2738,2026-06-05
CRD_1CA71C6A9BAE4E20BD02,SCRYDEX_JP,GRADED,10,,,72798,2026-06-29
CRD_1CA71C6A9BAE4E20BD02,SCRYDEX_JP,RAW,,1.2600,USD,1936,2026-06-29
CRD_1CBBEBA5751D495C81D5,SCRYDEX_EN,RAW,,65.0000,USD,99409,2026-06-05
CRD_1CBBEBA5751D495C81D5,SCRYDEX_JP,GRADED,10,,,312674,2026-06-29
CRD_1CBBEBA5751D495C81D5,SCRYDEX_JP,GRADED,9,,,111041,2026-06-29
CRD_1CBBEBA5751D495C81D5,SCRYDEX_JP,RAW,,27.0000,USD,41485,2026-06-29
CRD_1CC18469ABD541448268,SCRYDEX_EN,RAW,,4.9700,USD,7601,2026-06-05
CRD_1CC18469ABD541448268,SCRYDEX_JP,GRADED,10,,,70202,2026-06-29
CRD_1CC18469ABD541448268,SCRYDEX_JP,GRADED,9,,,17285,2026-06-29
CRD_1CC18469ABD541448268,SCRYDEX_JP,RAW,,1.9500,USD,2996,2026-06-29
CRD_1CCA522F5463C6D36D73,SCRYDEX_JP,RAW,,2.7700,USD,4256,2026-06-29
CRD_1CCD9CD035A348629CD9,SCRYDEX_EN,RAW,,49.1700,USD,75549,2026-06-29
CRD_1CCD9CD035A348629CD9,SCRYDEX_JP,GRADED,10,,,148916,2026-06-29
CRD_1CCD9CD035A348629CD9,SCRYDEX_JP,GRADED,9,,,46202,2026-06-29
CRD_1CCD9CD035A348629CD9,SCRYDEX_JP,RAW,,28.5400,USD,43851,2026-06-29
CRD_1CE47901F5674D55AB69,SCRYDEX_EN,RAW,,19.6200,USD,30006,2026-06-05
CRD_1CE47901F5674D55AB69,SCRYDEX_JP,GRADED,10,,,307296,2026-06-29
CRD_1CE47901F5674D55AB69,SCRYDEX_JP,GRADED,9,,,106017,2026-06-29
CRD_1CE47901F5674D55AB69,SCRYDEX_JP,RAW,,29.0000,USD,44558,2026-06-29
CRD_1D0F4747A8BF4524B3CF,SCRYDEX_EN,RAW,,0.7500,USD,1147,2026-06-05
CRD_1D12B07C82D340E9AC74,SCRYDEX_EN,RAW,,10.4600,USD,15997,2026-06-05
CRD_1D12B07C82D340E9AC74,SCRYDEX_JP,GRADED,10,,,158841,2026-06-29
CRD_1D12B07C82D340E9AC74,SCRYDEX_JP,GRADED,9,,,37874,2026-06-29
CRD_1D12B07C82D340E9AC74,SCRYDEX_JP,RAW,,11.3900,USD,17501,2026-06-29
CRD_1D1BB63C7C8542D59855,SCRYDEX_EN,RAW,,81.8500,USD,125761,2026-06-29
CRD_1D1BB63C7C8542D59855,SCRYDEX_JP,GRADED,10,,,271404,2026-06-29
CRD_1D1BB63C7C8542D59855,SCRYDEX_JP,GRADED,9,,,87518,2026-06-29
CRD_1D1BB63C7C8542D59855,SCRYDEX_JP,RAW,,28.9100,USD,44420,2026-06-29
CRD_1D26125A944B41DFAE0A,SCRYDEX_EN,RAW,,2.2100,USD,3380,2026-06-05
CRD_1D26125A944B41DFAE0A,SCRYDEX_JP,GRADED,10,,,69203,2026-06-29
CRD_1D26125A944B41DFAE0A,SCRYDEX_JP,GRADED,9,,,18653,2026-06-29
CRD_1D26125A944B41DFAE0A,SCRYDEX_JP,RAW,,6.0000,USD,9219,2026-06-29
CRD_1D2EAA1FB1D44C0781F7,SCRYDEX_EN,RAW,,4.6800,USD,7157,2026-06-05
CRD_1D2EAA1FB1D44C0781F7,SCRYDEX_JP,GRADED,10,,,112286,2026-06-29
CRD_1D2EAA1FB1D44C0781F7,SCRYDEX_JP,RAW,,7.2300,USD,11109,2026-06-29
CRD_1D2EAFB251904489A557,SCRYDEX_EN,RAW,,4.0100,USD,6133,2026-06-05
CRD_1D2EAFB251904489A557,SCRYDEX_JP,GRADED,10,,,61766,2026-06-29
CRD_1D2EAFB251904489A557,SCRYDEX_JP,GRADED,9,,,12492,2026-06-29
CRD_1D2EAFB251904489A557,SCRYDEX_JP,RAW,,1.0300,USD,1583,2026-06-29
CRD_1D3EB41A06F94BA7B512,SCRYDEX_EN,RAW,,7.2900,USD,11201,2026-06-29
CRD_1D3EB41A06F94BA7B512,SCRYDEX_JP,GRADED,10,,,67974,2026-06-29
CRD_1D3EB41A06F94BA7B512,SCRYDEX_JP,RAW,,5.3600,USD,8236,2026-06-29
CRD_1D3FA593099E46F2A199,SCRYDEX_EN,RAW,,5.9800,USD,9146,2026-06-05
CRD_1D3FA593099E46F2A199,SCRYDEX_JP,GRADED,10,,,23846,2026-06-29
CRD_1D3FA593099E46F2A199,SCRYDEX_JP,RAW,,5.8300,USD,8958,2026-06-29
CRD_1D61B56A81F04560A587,SCRYDEX_EN,RAW,,0.4300,USD,661,2026-06-29
CRD_1D61B56A81F04560A587,SCRYDEX_JP,RAW,,0.3300,USD,507,2026-06-28
CRD_1D7AF3D440F245F09657,SCRYDEX_EN,RAW,,9.2200,USD,14166,2026-06-29
CRD_1D7AF3D440F245F09657,SCRYDEX_JP,GRADED,10,,,56373,2026-06-29
CRD_1D7AF3D440F245F09657,SCRYDEX_JP,GRADED,9,,,8236,2026-06-29
CRD_1D7AF3D440F245F09657,SCRYDEX_JP,RAW,,5.3100,USD,8159,2026-06-29
CRD_1D86DD36D9564C309BE6,SCRYDEX_EN,RAW,,23.2300,USD,35692,2026-06-29
CRD_1D86DD36D9564C309BE6,SCRYDEX_JP,GRADED,10,,,210021,2026-06-29
CRD_1D86DD36D9564C309BE6,SCRYDEX_JP,GRADED,9,,,29562,2026-06-29
CRD_1D86DD36D9564C309BE6,SCRYDEX_JP,RAW,,16.9400,USD,26028,2026-06-29
CRD_1DB4E0B1059842A38CD7,SCRYDEX_EN,RAW,,10.9000,USD,16624,2026-06-12
CRD_1DB4E0B1059842A38CD7,SCRYDEX_JP,GRADED,10,,,76471,2026-06-29
CRD_1DB4E0B1059842A38CD7,SCRYDEX_JP,RAW,,13.0700,USD,20082,2026-06-29
CRD_1DD2042E9B7D494B83FB,SCRYDEX_EN,RAW,,9.4400,USD,14437,2026-06-05
CRD_1DD2042E9B7D494B83FB,SCRYDEX_JP,GRADED,10,,,115159,2026-06-29
CRD_1DD2042E9B7D494B83FB,SCRYDEX_JP,GRADED,9,,,15365,2026-06-29
CRD_1DD2042E9B7D494B83FB,SCRYDEX_JP,RAW,,9.9500,USD,15288,2026-06-29
CRD_1DDA49C90A3047D59903,SCRYDEX_EN,RAW,,31.3300,USD,48138,2026-06-29
CRD_1DDA49C90A3047D59903,SCRYDEX_JP,GRADED,10,,,196316,2026-06-29
CRD_1DDA49C90A3047D59903,SCRYDEX_JP,GRADED,9,,,57833,2026-06-29
CRD_1DDA49C90A3047D59903,SCRYDEX_JP,RAW,,33.8000,USD,51933,2026-06-29
CRD_1DF3BDE764954B38BA78,SCRYDEX_EN,RAW,,1.9900,USD,3043,2026-06-05
CRD_1DF3BDE764954B38BA78,SCRYDEX_JP,GRADED,10,,,102990,2026-06-29
CRD_1DF3BDE764954B38BA78,SCRYDEX_JP,RAW,,4.0000,USD,6146,2026-06-29
CRD_1E0043AFBDEA40F0A0F7,SCRYDEX_EN,RAW,,467.9400,USD,715653,2026-06-05
CRD_1E0043AFBDEA40F0A0F7,SCRYDEX_JP,GRADED,10,,,5365373,2026-06-29
CRD_1E0043AFBDEA40F0A0F7,SCRYDEX_JP,GRADED,9,,,1426391,2026-06-29
CRD_1E0043AFBDEA40F0A0F7,SCRYDEX_JP,RAW,,1710000.0000,KRW,1710000,2026-06-29
CRD_1E02FB124E934CF8AE0F,SCRYDEX_EN,RAW,,34.8900,USD,53608,2026-06-29
CRD_1E02FB124E934CF8AE0F,SCRYDEX_JP,GRADED,10,,,79052,2026-06-29
CRD_1E02FB124E934CF8AE0F,SCRYDEX_JP,GRADED,9,,,23739,2026-06-29
CRD_1E02FB124E934CF8AE0F,SCRYDEX_JP,RAW,,12.8200,USD,19698,2026-06-29
CRD_1E093F6900FF4470B84E,SCRYDEX_EN,RAW,,9.5100,USD,14612,2026-06-29
CRD_1E093F6900FF4470B84E,SCRYDEX_JP,GRADED,10,,,24584,2026-06-29
CRD_1E093F6900FF4470B84E,SCRYDEX_JP,GRADED,9,,,153648,2026-06-29
CRD_1E093F6900FF4470B84E,SCRYDEX_JP,RAW,,90250.0000,KRW,90250,2026-06-29
CRD_1E2EB300CA564DADA074,SCRYDEX_EN,RAW,,6.7500,USD,10323,2026-06-05
CRD_1E2EB300CA564DADA074,SCRYDEX_JP,GRADED,10,,,78898,2026-06-29
CRD_1E2EB300CA564DADA074,SCRYDEX_JP,RAW,,14.8000,USD,22740,2026-06-29
CRD_1E4B7D9AA9DB42A7982A,SCRYDEX_EN,RAW,,0.8900,USD,1361,2026-06-05
CRD_1E4B7D9AA9DB42A7982A,SCRYDEX_JP,GRADED,10,,,50735,2026-06-29
CRD_1E4B7D9AA9DB42A7982A,SCRYDEX_JP,GRADED,9,,,9219,2026-06-29
CRD_1E4B7D9AA9DB42A7982A,SCRYDEX_JP,RAW,,0.2300,USD,353,2026-06-29
CRD_1E5819643E174D74811E,SCRYDEX_EN,RAW,,0.9300,USD,1422,2026-06-05
CRD_1E5819643E174D74811E,SCRYDEX_JP,GRADED,10,,,63656,2026-06-28
CRD_1E5819643E174D74811E,SCRYDEX_JP,GRADED,9,,,23846,2026-06-28
CRD_1E5819643E174D74811E,SCRYDEX_JP,RAW,,0.6200,USD,953,2026-06-28
CRD_1E87A3A1183343468691,SCRYDEX_EN,RAW,,8.0700,USD,12342,2026-06-05
CRD_1E87A3A1183343468691,SCRYDEX_JP,GRADED,10,,,53761,2026-06-29
CRD_1E87A3A1183343468691,SCRYDEX_JP,GRADED,9,,,23984,2026-06-29
CRD_1E87A3A1183343468691,SCRYDEX_JP,RAW,,5.8900,USD,9050,2026-06-29
CRD_1EAFC9958EE848E3BAA6,SCRYDEX_EN,RAW,,2.8900,USD,4420,2026-06-05
CRD_1EAFC9958EE848E3BAA6,SCRYDEX_JP,GRADED,10,,,38458,2026-06-29
CRD_1EAFC9958EE848E3BAA6,SCRYDEX_JP,RAW,,7.9500,USD,12215,2026-06-29
CRD_1EB1317E215A4D5FABEE,SCRYDEX_EN,RAW,,25.5700,USD,39106,2026-06-05
CRD_1EB1317E215A4D5FABEE,SCRYDEX_JP,GRADED,10,,,1074768,2026-06-29
CRD_1EB1317E215A4D5FABEE,SCRYDEX_JP,GRADED,9,,,218672,2026-06-29
CRD_1EB1317E215A4D5FABEE,SCRYDEX_JP,RAW,,70.0000,USD,107554,2026-06-29
CRD_1ECDA429B4D74A1EB5F5,SCRYDEX_EN,RAW,,0.6200,USD,948,2026-06-05
CRD_1ECDA429B4D74A1EB5F5,SCRYDEX_JP,GRADED,10,,,47155,2026-06-29
CRD_1ECDA429B4D74A1EB5F5,SCRYDEX_JP,GRADED,9,,,16901,2026-06-29
CRD_1ECDA429B4D74A1EB5F5,SCRYDEX_JP,RAW,,0.2700,USD,415,2026-06-29
CRD_1ED4DECEA3A14B6C81A6,SCRYDEX_EN,RAW,,5.7400,USD,8779,2026-06-05
CRD_1ED4DECEA3A14B6C81A6,SCRYDEX_JP,GRADED,10,,,53900,2026-06-29
CRD_1ED4DECEA3A14B6C81A6,SCRYDEX_JP,GRADED,9,,,29377,2026-06-29
CRD_1ED4DECEA3A14B6C81A6,SCRYDEX_JP,RAW,,2.1300,USD,3273,2026-06-29
CRD_1EDD60BB0BE04B8C999B,SCRYDEX_EN,RAW,,8.4100,USD,12862,2026-06-05
CRD_1EDE2D3DF6644957B409,SCRYDEX_EN,RAW,,16.9000,USD,25846,2026-06-05
CRD_1EDE2D3DF6644957B409,SCRYDEX_JP,GRADED,10,,,434563,2026-06-29
CRD_1EDE2D3DF6644957B409,SCRYDEX_JP,GRADED,9,,,77623,2026-06-29
CRD_1EDE2D3DF6644957B409,SCRYDEX_JP,RAW,,8.3800,USD,12876,2026-06-29
CRD_1EE8B7BE600043EF8C97,SCRYDEX_EN,RAW,,2.4900,USD,3808,2026-06-05
CRD_1EE8B7BE600043EF8C97,SCRYDEX_JP,GRADED,10,,,49536,2026-06-29
CRD_1EE8B7BE600043EF8C97,SCRYDEX_JP,GRADED,9,,,20389,2026-06-29
CRD_1EE8B7BE600043EF8C97,SCRYDEX_JP,RAW,,1.3300,USD,2044,2026-06-29
CRD_1F0C27DC82064235A11C,SCRYDEX_EN,RAW,,37.6400,USD,57833,2026-06-29
CRD_1F0C27DC82064235A11C,SCRYDEX_JP,GRADED,10,,,116112,2026-06-29
CRD_1F0C27DC82064235A11C,SCRYDEX_JP,GRADED,9,,,38335,2026-06-29
CRD_1F0C27DC82064235A11C,SCRYDEX_JP,RAW,,17.3500,USD,26658,2026-06-29
CRD_1F266213F3D04671AEAA,SCRYDEX_EN,RAW,,111.2400,USD,170918,2026-06-29
CRD_1F266213F3D04671AEAA,SCRYDEX_JP,GRADED,10,,,314057,2026-06-29
CRD_1F266213F3D04671AEAA,SCRYDEX_JP,GRADED,9,,,150606,2026-06-29
CRD_1F266213F3D04671AEAA,SCRYDEX_JP,RAW,,104.0000,USD,159794,2026-06-29
CRD_1F2BEBDD9D0144DC8275,SCRYDEX_EN,RAW,,18.0900,USD,27795,2026-06-29
CRD_1F2BEBDD9D0144DC8275,SCRYDEX_JP,GRADED,10,,,169581,2026-06-29
CRD_1F2BEBDD9D0144DC8275,SCRYDEX_JP,GRADED,9,,,47677,2026-06-29
CRD_1F2BEBDD9D0144DC8275,SCRYDEX_JP,RAW,,16.8500,USD,25890,2026-06-29
CRD_1F2F5DBD379C4E56A95F,SCRYDEX_EN,RAW,,30.7800,USD,47293,2026-06-29
CRD_1F2F5DBD379C4E56A95F,SCRYDEX_JP,GRADED,10,,,106079,2026-06-29
CRD_1F2F5DBD379C4E56A95F,SCRYDEX_JP,GRADED,9,,,11524,2026-06-29
CRD_1F2F5DBD379C4E56A95F,SCRYDEX_JP,RAW,,14.9500,USD,22970,2026-06-29
CRD_1F4026B2669C4D38ABC8,SCRYDEX_EN,RAW,,7.3000,USD,11164,2026-06-05
CRD_1F4026B2669C4D38ABC8,SCRYDEX_JP,GRADED,10,,,57126,2026-06-29
CRD_1F4026B2669C4D38ABC8,SCRYDEX_JP,GRADED,9,,,22847,2026-06-29
CRD_1F4026B2669C4D38ABC8,SCRYDEX_JP,RAW,,4.4600,USD,6853,2026-06-29
CRD_1F4206DD2E3D45EBAC43,SCRYDEX_EN,RAW,,196.4600,USD,301857,2026-06-29
CRD_1F4206DD2E3D45EBAC43,SCRYDEX_JP,GRADED,10,,,613578,2026-06-29
CRD_1F4206DD2E3D45EBAC43,SCRYDEX_JP,GRADED,9,,,262062,2026-06-29
CRD_1F4206DD2E3D45EBAC43,SCRYDEX_JP,RAW,,351500.0000,KRW,351500,2026-06-29
CRD_1F42D34F4DCB4A0DA99D,SCRYDEX_JP,GRADED,10,,,1194598,2026-06-29
CRD_1F42D34F4DCB4A0DA99D,SCRYDEX_JP,GRADED,9,,,606910,2026-06-29
CRD_1F42D34F4DCB4A0DA99D,SCRYDEX_JP,RAW,,1235000.0000,KRW,1235000,2026-06-29
CRD_1F45F12DC0264E98B4E1,SCRYDEX_EN,RAW,,88.4200,USD,135856,2026-06-29
CRD_1F45F12DC0264E98B4E1,SCRYDEX_JP,GRADED,10,,,117341,2026-06-29
CRD_1F45F12DC0264E98B4E1,SCRYDEX_JP,GRADED,9,,,51134,2026-06-29
CRD_1F45F12DC0264E98B4E1,SCRYDEX_JP,RAW,,28.2100,USD,43344,2026-06-29
CRD_1F692CD4AE004ABBACC3,SCRYDEX_EN,RAW,,12.9600,USD,19821,2026-06-05
CRD_1F692CD4AE004ABBACC3,SCRYDEX_JP,GRADED,10,,,265811,2026-06-29
CRD_1F7AA893695B4F56A551,SCRYDEX_EN,RAW,,59.6600,USD,91242,2026-06-05
CRD_1F7AA893695B4F56A551,SCRYDEX_JP,GRADED,10,,,411976,2026-06-29
CRD_1F7AA893695B4F56A551,SCRYDEX_JP,GRADED,9,,,105280,2026-06-29
CRD_1F7AA893695B4F56A551,SCRYDEX_JP,RAW,,42.3600,USD,65085,2026-06-29
CRD_1F7AC8B706234CD0B21D,SCRYDEX_EN,RAW,,12.6500,USD,19436,2026-06-29
CRD_1F7AC8B706234CD0B21D,SCRYDEX_JP,GRADED,10,,,69756,2026-06-29
CRD_1F7AC8B706234CD0B21D,SCRYDEX_JP,GRADED,9,,,24322,2026-06-29
CRD_1F7AC8B706234CD0B21D,SCRYDEX_JP,RAW,,10.2600,USD,15764,2026-06-29
CRD_1F8F6869FA4548279B6E,SCRYDEX_EN,RAW,,34.1900,USD,52532,2026-06-29
CRD_1F8F6869FA4548279B6E,SCRYDEX_JP,GRADED,10,,,86919,2026-06-29
CRD_1F8F6869FA4548279B6E,SCRYDEX_JP,GRADED,9,,,50228,2026-06-29
CRD_1F8F6869FA4548279B6E,SCRYDEX_JP,RAW,,8.4800,USD,13029,2026-06-29
CRD_1F99E5B3C0D24E77A6E3,SCRYDEX_EN,RAW,,12.0500,USD,18515,2026-06-29
CRD_1F99E5B3C0D24E77A6E3,SCRYDEX_JP,GRADED,10,,,59339,2026-06-29
CRD_1F99E5B3C0D24E77A6E3,SCRYDEX_JP,GRADED,9,,,19114,2026-06-29
CRD_1F99E5B3C0D24E77A6E3,SCRYDEX_JP,RAW,,3.4100,USD,5239,2026-06-29
CRD_1FA0F3DE83E64E4CA272,SCRYDEX_EN,RAW,,58.6700,USD,90145,2026-06-29
CRD_1FA0F3DE83E64E4CA272,SCRYDEX_JP,GRADED,10,,,104696,2026-06-29
CRD_1FA0F3DE83E64E4CA272,SCRYDEX_JP,GRADED,9,,,38212,2026-06-29
CRD_1FA0F3DE83E64E4CA272,SCRYDEX_JP,RAW,,15.9700,USD,24538,2026-06-29
CRD_1FAE56A534F527997652,SCRYDEX_JP,GRADED,10,,,51948,2026-06-29
CRD_1FAE56A534F527997652,SCRYDEX_JP,GRADED,9,,,3918,2026-06-29
CRD_1FAE56A534F527997652,SCRYDEX_JP,RAW,,0.2400,USD,369,2026-06-29
CRD_1FC4B3E18BB94A0EB6CC,SCRYDEX_EN,RAW,,243.2600,USD,372035,2026-06-05
CRD_1FC4B3E18BB94A0EB6CC,SCRYDEX_JP,GRADED,10,,,1771408,2026-06-29
CRD_1FC4B3E18BB94A0EB6CC,SCRYDEX_JP,GRADED,9,,,395090,2026-06-29
CRD_1FC4B3E18BB94A0EB6CC,SCRYDEX_JP,RAW,,86.6900,USD,133197,2026-06-29
CRD_1FD012263A504F3CA01E,SCRYDEX_EN,RAW,,9.5200,USD,14560,2026-06-05
CRD_1FD012263A504F3CA01E,SCRYDEX_JP,GRADED,10,,,154324,2026-06-29
CRD_1FD012263A504F3CA01E,SCRYDEX_JP,GRADED,9,,,78007,2026-06-29
CRD_1FD012263A504F3CA01E,SCRYDEX_JP,RAW,,6.5100,USD,10002,2026-06-29
CRD_2004462C5BD3458BA1B6,SCRYDEX_EN,RAW,,6.6100,USD,10109,2026-06-05
CRD_2004462C5BD3458BA1B6,SCRYDEX_JP,GRADED,10,,,56466,2026-06-29
CRD_2004462C5BD3458BA1B6,SCRYDEX_JP,GRADED,9,,,19974,2026-06-29
CRD_2004462C5BD3458BA1B6,SCRYDEX_JP,RAW,,3.5600,USD,5470,2026-06-29
CRD_202EC7F73609423FA993,SCRYDEX_EN,RAW,,14.4700,USD,22049,2026-06-10
CRD_202EC7F73609423FA993,SCRYDEX_JP,GRADED,10,,,93126,2026-06-29
CRD_202EC7F73609423FA993,SCRYDEX_JP,RAW,,13.3300,USD,20481,2026-06-29
CRD_203BE953DCCE454BB9A0,SCRYDEX_EN,RAW,,2.5300,USD,3869,2026-06-05
CRD_203BE953DCCE454BB9A0,SCRYDEX_JP,GRADED,10,,,48553,2026-06-29
CRD_203BE953DCCE454BB9A0,SCRYDEX_JP,GRADED,9,,,13828,2026-06-29
CRD_203BE953DCCE454BB9A0,SCRYDEX_JP,RAW,,1.8700,USD,2873,2026-06-29
CRD_203E701EC38E4E9A8ECE,SCRYDEX_EN,RAW,,4.8700,USD,7448,2026-06-05
CRD_203E701EC38E4E9A8ECE,SCRYDEX_JP,GRADED,10,,,51841,2026-06-29
CRD_203E701EC38E4E9A8ECE,SCRYDEX_JP,RAW,,7.1200,USD,10940,2026-06-29
CRD_2075A8C3697B47EDAC26,SCRYDEX_EN,RAW,,22.5100,USD,34586,2026-06-29
CRD_2075A8C3697B47EDAC26,SCRYDEX_JP,GRADED,10,,,72384,2026-06-29
CRD_2075A8C3697B47EDAC26,SCRYDEX_JP,GRADED,9,,,19897,2026-06-29
CRD_2075A8C3697B47EDAC26,SCRYDEX_JP,RAW,,16.1200,USD,24768,2026-06-29
CRD_2076C899876544DC9B67,SCRYDEX_EN,RAW,,14.5900,USD,22516,2026-06-25
CRD_2076C899876544DC9B67,SCRYDEX_JP,GRADED,10,,,83231,2026-06-29
CRD_2076C899876544DC9B67,SCRYDEX_JP,GRADED,9,,,41439,2026-06-29
CRD_2076C899876544DC9B67,SCRYDEX_JP,RAW,,10.1200,USD,15549,2026-06-29
CRD_20857DA3F57C4FAC9BE3,SCRYDEX_EN,RAW,,157.5900,USD,242134,2026-06-29
CRD_20857DA3F57C4FAC9BE3,SCRYDEX_JP,GRADED,10,,,1464296,2026-06-29
CRD_20857DA3F57C4FAC9BE3,SCRYDEX_JP,GRADED,9,,,370845,2026-06-29
CRD_20857DA3F57C4FAC9BE3,SCRYDEX_JP,RAW,,112.5900,USD,172992,2026-06-29
CRD_20890E3348E540539C0B,SCRYDEX_EN,RAW,,63.5400,USD,97628,2026-06-29
CRD_20890E3348E540539C0B,SCRYDEX_JP,GRADED,10,,,231087,2026-06-29
CRD_20890E3348E540539C0B,SCRYDEX_JP,GRADED,9,,,83323,2026-06-29
CRD_20890E3348E540539C0B,SCRYDEX_JP,RAW,,57.1200,USD,87764,2026-06-29
CRD_20A7B2013FDD428ABD1B,SCRYDEX_EN,RAW,,7.3500,USD,11241,2026-06-05
CRD_20A7B2013FDD428ABD1B,SCRYDEX_JP,GRADED,10,,,61444,2026-06-29
CRD_20A7B2013FDD428ABD1B,SCRYDEX_JP,GRADED,9,,,23047,2026-06-29
CRD_20A7B2013FDD428ABD1B,SCRYDEX_JP,RAW,,17.9900,USD,27641,2026-06-29
CRD_20B447132BB64565AC00,SCRYDEX_EN,RAW,,12.4400,USD,19114,2026-06-29
CRD_20B447132BB64565AC00,SCRYDEX_JP,GRADED,10,,,48245,2026-06-29
CRD_20B447132BB64565AC00,SCRYDEX_JP,GRADED,9,,,14750,2026-06-29
CRD_20B447132BB64565AC00,SCRYDEX_JP,RAW,,5.3400,USD,8205,2026-06-29
CRD_20D11F0C16204F278BD5,SCRYDEX_EN,RAW,,2.4400,USD,3732,2026-06-05
CRD_20D11F0C16204F278BD5,SCRYDEX_JP,GRADED,10,,,49966,2026-06-29
CRD_20D11F0C16204F278BD5,SCRYDEX_JP,GRADED,9,,,15396,2026-06-29
CRD_20D11F0C16204F278BD5,SCRYDEX_JP,RAW,,0.9400,USD,1444,2026-06-29
CRD_20E1890D79D254945C3E00F70560A986,SCRYDEX_JP,GRADED,10,,,22192364,2026-06-29
CRD_20E1890D79D254945C3E00F70560A986,SCRYDEX_JP,GRADED,9,,,10314790,2026-06-29
CRD_20E1890D79D254945C3E00F70560A986,SCRYDEX_JP,RAW,,3499.9900,USD,5377665,2026-06-29
CRD_20F5210F50C6418AB471,SCRYDEX_EN,RAW,,30.4400,USD,46770,2026-06-29
CRD_20F5210F50C6418AB471,SCRYDEX_JP,GRADED,10,,,137684,2026-06-29
CRD_20F5210F50C6418AB471,SCRYDEX_JP,GRADED,9,,,44665,2026-06-29
CRD_20F5210F50C6418AB471,SCRYDEX_JP,RAW,,19.3000,USD,29654,2026-06-29
CRD_20FE3F484DFE4D9AA9D9,SCRYDEX_EN,RAW,,52.1300,USD,80097,2026-06-29
CRD_20FE3F484DFE4D9AA9D9,SCRYDEX_JP,GRADED,10,,,117264,2026-06-29
CRD_20FE3F484DFE4D9AA9D9,SCRYDEX_JP,GRADED,9,,,39180,2026-06-29
CRD_20FE3F484DFE4D9AA9D9,SCRYDEX_JP,RAW,,21.2300,USD,32619,2026-06-29
CRD_210F30877AE44F18910C,SCRYDEX_EN,RAW,,2.6400,USD,4038,2026-06-05
CRD_210F30877AE44F18910C,SCRYDEX_JP,GRADED,10,,,37505,2026-06-29
CRD_210F30877AE44F18910C,SCRYDEX_JP,GRADED,9,,,10894,2026-06-29
CRD_210F30877AE44F18910C,SCRYDEX_JP,RAW,,1.8800,USD,2889,2026-06-29
CRD_211795C67E654E519548,SCRYDEX_EN,RAW,,89.6800,USD,137792,2026-06-29
CRD_211795C67E654E519548,SCRYDEX_JP,GRADED,10,,,425252,2026-06-29
CRD_211795C67E654E519548,SCRYDEX_JP,GRADED,9,,,104342,2026-06-29
CRD_211795C67E654E519548,SCRYDEX_JP,RAW,,47.5700,USD,73090,2026-06-29
CRD_212812EDFC95434E96EE,SCRYDEX_EN,RAW,,17.1000,USD,26274,2026-06-29
CRD_212812EDFC95434E96EE,SCRYDEX_JP,GRADED,10,,,67667,2026-06-29
CRD_212812EDFC95434E96EE,SCRYDEX_JP,GRADED,9,,,32819,2026-06-29
CRD_212812EDFC95434E96EE,SCRYDEX_JP,RAW,,4.1500,USD,6376,2026-06-29
CRD_21362825A5DE48988411,SCRYDEX_EN,RAW,,41.0700,USD,62811,2026-06-05
CRD_21362825A5DE48988411,SCRYDEX_JP,GRADED,10,,,1642973,2026-06-29
CRD_21362825A5DE48988411,SCRYDEX_JP,GRADED,9,,,267093,2026-06-03
CRD_214C3CC1FFFD487FBD68,SCRYDEX_EN,RAW,,8.2500,USD,12674,2026-06-18
CRD_214C3CC1FFFD487FBD68,SCRYDEX_JP,GRADED,10,,,62274,2026-06-29
CRD_214C3CC1FFFD487FBD68,SCRYDEX_JP,GRADED,9,,,25967,2026-06-29
CRD_214C3CC1FFFD487FBD68,SCRYDEX_JP,RAW,,1.5500,USD,2382,2026-06-29
CRD_2155A4D54F44F7A42D0F,SCRYDEX_JP,GRADED,10,,,70402,2026-06-29
CRD_2155A4D54F44F7A42D0F,SCRYDEX_JP,GRADED,9,,,22755,2026-06-29
CRD_2155A4D54F44F7A42D0F,SCRYDEX_JP,RAW,,1.2100,USD,1859,2026-06-29
CRD_2156FFB7752D47F99AC9,SCRYDEX_EN,RAW,,12.7000,USD,19513,2026-06-29
CRD_2165621DAD614A36A40F,SCRYDEX_EN,RAW,,54.7400,USD,84107,2026-06-27
CRD_2165621DAD614A36A40F,SCRYDEX_JP,GRADED,10,,,1537018,2026-06-29
CRD_2165621DAD614A36A40F,SCRYDEX_JP,GRADED,9,,,312827,2026-06-29
CRD_2165621DAD614A36A40F,SCRYDEX_JP,RAW,,741000.0000,KRW,741000,2026-06-29
CRD_217550E39F654896867F,SCRYDEX_EN,RAW,,25.8000,USD,39458,2026-06-05
CRD_217550E39F654896867F,SCRYDEX_JP,GRADED,10,,,248910,2026-06-29
CRD_217550E39F654896867F,SCRYDEX_JP,RAW,,427500.0000,KRW,427500,2026-06-29
CRD_217D78A666514D618747,SCRYDEX_EN,RAW,,13.9600,USD,21449,2026-06-29
CRD_217D78A666514D618747,SCRYDEX_JP,GRADED,10,,,55267,2026-06-29
CRD_217D78A666514D618747,SCRYDEX_JP,GRADED,9,,,53761,2026-06-29
CRD_217D78A666514D618747,SCRYDEX_JP,RAW,,28.5000,USD,43790,2026-06-29
CRD_218DB829F1974CEA95DF,SCRYDEX_EN,RAW,,32.3800,USD,49751,2026-06-29
CRD_218DB829F1974CEA95DF,SCRYDEX_JP,GRADED,10,,,115420,2026-06-29
CRD_218DB829F1974CEA95DF,SCRYDEX_JP,GRADED,9,,,44527,2026-06-29
CRD_218DB829F1974CEA95DF,SCRYDEX_JP,RAW,,14.9300,USD,22940,2026-06-29
CRD_219500DA87B5401CBEDA,SCRYDEX_EN,RAW,,7.0600,USD,10797,2026-06-05
CRD_219500DA87B5401CBEDA,SCRYDEX_JP,GRADED,10,,,96245,2026-06-29
CRD_219500DA87B5401CBEDA,SCRYDEX_JP,GRADED,9,,,41531,2026-06-29
CRD_219500DA87B5401CBEDA,SCRYDEX_JP,RAW,,4.7100,USD,7237,2026-06-29
CRD_21AA8DB739564F3E9CA5,SCRYDEX_EN,RAW,,24.6400,USD,37859,2026-06-29
CRD_21AA8DB739564F3E9CA5,SCRYDEX_JP,GRADED,10,,,1065764,2026-06-29
CRD_21AA8DB739564F3E9CA5,SCRYDEX_JP,GRADED,9,,,212833,2026-06-29
CRD_21AA8DB739564F3E9CA5,SCRYDEX_JP,RAW,,123500.0000,KRW,123500,2026-06-29
CRD_21AFED71CBC5406A8145,SCRYDEX_EN,RAW,,18.0100,USD,27174,2026-06-18
CRD_21AFED71CBC5406A8145,SCRYDEX_JP,GRADED,10,,,117971,2026-06-29
CRD_21AFED71CBC5406A8145,SCRYDEX_JP,GRADED,9,,,35339,2026-06-29
CRD_21AFED71CBC5406A8145,SCRYDEX_JP,RAW,,9.3200,USD,14320,2026-06-29
CRD_21B1F91A8CC1487FB607,SCRYDEX_EN,RAW,,37.2500,USD,57234,2026-06-29
CRD_21B1F91A8CC1487FB607,SCRYDEX_JP,GRADED,10,,,129126,2026-06-29
CRD_21B1F91A8CC1487FB607,SCRYDEX_JP,GRADED,9,,,44788,2026-06-29
CRD_21B1F91A8CC1487FB607,SCRYDEX_JP,RAW,,22.5900,USD,34709,2026-06-29
CRD_21BD8B5DBB024A8FBC30,SCRYDEX_EN,RAW,,2.1000,USD,3212,2026-06-05
CRD_21BD8B5DBB024A8FBC30,SCRYDEX_JP,GRADED,10,,,19513,2026-06-29
CRD_21BD8B5DBB024A8FBC30,SCRYDEX_JP,RAW,,1.2700,USD,1951,2026-06-29
CRD_21CE4716EFF648768118,SCRYDEX_EN,RAW,,1.3100,USD,2013,2026-06-29
CRD_21CE4716EFF648768118,SCRYDEX_JP,GRADED,10,,,34755,2026-06-29
CRD_21CE4716EFF648768118,SCRYDEX_JP,RAW,,0.2400,USD,369,2026-06-29
CRD_21D7CBE19CF94AD189EB,SCRYDEX_EN,RAW,,0.6300,USD,964,2026-06-05
CRD_21D7CBE19CF94AD189EB,SCRYDEX_JP,GRADED,10,,,24430,2026-06-29
CRD_21D7CBE19CF94AD189EB,SCRYDEX_JP,GRADED,9,,,7682,2026-06-29
CRD_21D7CBE19CF94AD189EB,SCRYDEX_JP,RAW,,0.3500,USD,538,2026-06-29
CRD_21EAE5192D164939830F,SCRYDEX_EN,RAW,,47.9700,USD,73705,2026-06-29
CRD_21EAE5192D164939830F,SCRYDEX_JP,GRADED,10,,,70678,2026-06-29
CRD_21EAE5192D164939830F,SCRYDEX_JP,GRADED,9,,,40732,2026-06-29
CRD_21EAE5192D164939830F,SCRYDEX_JP,RAW,,10.5400,USD,16194,2026-06-29
CRD_2202D899B2514A12A3B3,SCRYDEX_EN,RAW,,0.7000,USD,1071,2026-06-05
CRD_2202D899B2514A12A3B3,SCRYDEX_JP,GRADED,10,,,59370,2026-06-29
CRD_2202D899B2514A12A3B3,SCRYDEX_JP,GRADED,9,,,12768,2026-06-29
CRD_2202D899B2514A12A3B3,SCRYDEX_JP,RAW,,0.3700,USD,568,2026-06-29
CRD_2208E78703C9455EA45A,SCRYDEX_EN,RAW,,11.5100,USD,17603,2026-06-05
CRD_2208E78703C9455EA45A,SCRYDEX_JP,GRADED,10,,,53562,2026-06-29
CRD_2208E78703C9455EA45A,SCRYDEX_JP,GRADED,9,,,16717,2026-06-29
CRD_2208E78703C9455EA45A,SCRYDEX_JP,RAW,,5.7400,USD,8819,2026-06-29
CRD_222E9847135B140CEF27,SCRYDEX_EN,RAW,,0.6500,USD,999,2026-06-29
CRD_222E9847135B140CEF27,SCRYDEX_JP,GRADED,10,,,36000,2026-06-29
CRD_222E9847135B140CEF27,SCRYDEX_JP,RAW,,0.4000,USD,615,2026-06-29
CRD_2252E930246B4993998A,SCRYDEX_EN,RAW,,49.2700,USD,75702,2026-06-29
CRD_2261AA95080E4619A99E,SCRYDEX_EN,RAW,,2.5000,USD,3823,2026-06-05
CRD_2261AA95080E4619A99E,SCRYDEX_JP,GRADED,10,,,38412,2026-06-29
CRD_2261AA95080E4619A99E,SCRYDEX_JP,RAW,,4.5300,USD,6960,2026-06-29
CRD_227EEF4A668D4B91A0DE,SCRYDEX_JP,GRADED,10,,,264336,2026-06-29
CRD_227EEF4A668D4B91A0DE,SCRYDEX_JP,RAW,,29.8200,USD,45818,2026-06-29
CRD_2284D5AE23CD4A559E27,SCRYDEX_EN,RAW,,77.5900,USD,119215,2026-06-29
CRD_2284D5AE23CD4A559E27,SCRYDEX_JP,GRADED,10,,,216521,2026-06-29
CRD_2284D5AE23CD4A559E27,SCRYDEX_JP,GRADED,9,,,78099,2026-06-29
CRD_2284D5AE23CD4A559E27,SCRYDEX_JP,RAW,,43.0900,USD,66207,2026-06-29
CRD_228710100B794B3B940D,SCRYDEX_EN,RAW,,1549.5800,USD,2380899,2026-06-29
CRD_228710100B794B3B940D,SCRYDEX_JP,GRADED,10,,,6142432,2026-06-29
CRD_228710100B794B3B940D,SCRYDEX_JP,GRADED,9,,,1700653,2026-06-29
CRD_228710100B794B3B940D,SCRYDEX_JP,RAW,,2565000.0000,KRW,2565000,2026-06-29
CRD_2297ECA873FB4C6EB5C5,SCRYDEX_EN,RAW,,0.8000,USD,1229,2026-06-29
CRD_2297ECA873FB4C6EB5C5,SCRYDEX_JP,GRADED,10,,,41639,2026-06-29
CRD_2297ECA873FB4C6EB5C5,SCRYDEX_JP,RAW,,0.4200,USD,645,2026-06-29
CRD_22A6C07D45A04AADBA89,SCRYDEX_EN,RAW,,8.5700,USD,13107,2026-06-05
CRD_22A6C07D45A04AADBA89,SCRYDEX_JP,GRADED,10,,,78529,2026-06-29
CRD_22A6C07D45A04AADBA89,SCRYDEX_JP,RAW,,10.5500,USD,16210,2026-06-29
CRD_22BC9BEDDB4B49D88171,SCRYDEX_EN,RAW,,2.3500,USD,3594,2026-06-05
CRD_22BC9BEDDB4B49D88171,SCRYDEX_JP,GRADED,10,,,61490,2026-06-29
CRD_22BC9BEDDB4B49D88171,SCRYDEX_JP,GRADED,9,,,13490,2026-06-29
CRD_22BC9BEDDB4B49D88171,SCRYDEX_JP,RAW,,1.8600,USD,2858,2026-06-29
CRD_22C99839A70742369E3E,SCRYDEX_JP,GRADED,10,,,94570,2026-06-29
CRD_22C99839A70742369E3E,SCRYDEX_JP,GRADED,9,,,43575,2026-06-29
CRD_22C99839A70742369E3E,SCRYDEX_JP,RAW,,32.5900,USD,50074,2026-06-29
CRD_22CE66F664EA4815A5C1,SCRYDEX_EN,RAW,,11.3200,USD,17393,2026-06-29
CRD_22CE66F664EA4815A5C1,SCRYDEX_JP,GRADED,10,,,57633,2026-06-29
CRD_22CE66F664EA4815A5C1,SCRYDEX_JP,GRADED,9,,,24614,2026-06-29
CRD_22CE66F664EA4815A5C1,SCRYDEX_JP,RAW,,3.4100,USD,5239,2026-06-29
CRD_22D9C293BC9A4A30A4A0,SCRYDEX_EN,RAW,,2.7600,USD,4221,2026-06-05
CRD_22D9C293BC9A4A30A4A0,SCRYDEX_JP,GRADED,10,,,47785,2026-06-29
CRD_22D9C293BC9A4A30A4A0,SCRYDEX_JP,GRADED,9,,,33803,2026-06-29
CRD_22D9C293BC9A4A30A4A0,SCRYDEX_JP,RAW,,1.2600,USD,1936,2026-06-29
CRD_22DCDC22E2E84027B7A3,SCRYDEX_EN,RAW,,4.7000,USD,7188,2026-06-05
CRD_22DCDC22E2E84027B7A3,SCRYDEX_JP,GRADED,10,,,46094,2026-06-29
CRD_22DCDC22E2E84027B7A3,SCRYDEX_JP,RAW,,8.5000,USD,13060,2026-06-29
CRD_22E4A9137EB24D9A80C6,SCRYDEX_EN,RAW,,3.5600,USD,5470,2026-06-27
CRD_22E4A9137EB24D9A80C6,SCRYDEX_JP,GRADED,10,,,76978,2026-06-29
CRD_22E4A9137EB24D9A80C6,SCRYDEX_JP,GRADED,9,,,25352,2026-06-29
CRD_22E4A9137EB24D9A80C6,SCRYDEX_JP,RAW,,2.5100,USD,3857,2026-06-29
CRD_22EF9B97621442EB9B4B,SCRYDEX_EN,RAW,,5.6500,USD,8641,2026-06-05
CRD_22EF9B97621442EB9B4B,SCRYDEX_JP,RAW,,3.1900,USD,4901,2026-06-29
CRD_22F914B318E7499997AE,SCRYDEX_EN,RAW,,72.4200,USD,111272,2026-06-29
CRD_22F914B318E7499997AE,SCRYDEX_JP,GRADED,10,,,168475,2026-06-29
CRD_22F914B318E7499997AE,SCRYDEX_JP,GRADED,9,,,70171,2026-06-29
CRD_22F914B318E7499997AE,SCRYDEX_JP,RAW,,46.4400,USD,71354,2026-06-29
CRD_2301905FC60B4E48B82C,SCRYDEX_EN,RAW,,0.9800,USD,1506,2026-06-29
CRD_2301905FC60B4E48B82C,SCRYDEX_JP,RAW,,0.7900,USD,1214,2026-06-29
CRD_231D861950D2482F92C0,SCRYDEX_EN,RAW,,4.9600,USD,7586,2026-06-05
CRD_231D861950D2482F92C0,SCRYDEX_JP,GRADED,10,,,72998,2026-06-29
CRD_231D861950D2482F92C0,SCRYDEX_JP,RAW,,5.9600,USD,9157,2026-06-29
CRD_2332E667E081490D836A,SCRYDEX_EN,RAW,,71.7200,USD,110196,2026-06-29
CRD_2332E667E081490D836A,SCRYDEX_JP,GRADED,10,,,121397,2026-06-29
CRD_2332E667E081490D836A,SCRYDEX_JP,GRADED,9,,,51134,2026-06-29
CRD_2332E667E081490D836A,SCRYDEX_JP,RAW,,32.0200,USD,49198,2026-06-29
CRD_2344B9016C984A769B60,SCRYDEX_JP,RAW,,0.1600,USD,238,2026-05-14
CRD_2348A7F2758F419FAB09,SCRYDEX_EN,RAW,,6.4600,USD,9880,2026-06-05
CRD_2348A7F2758F419FAB09,SCRYDEX_JP,GRADED,10,,,52379,2026-06-29
CRD_2348A7F2758F419FAB09,SCRYDEX_JP,RAW,,10.8300,USD,16640,2026-06-29
CRD_235AEB6FAEA54083A5AF,SCRYDEX_EN,RAW,,0.6600,USD,1009,2026-06-05
CRD_2363D7E348AC45C3AD5C,SCRYDEX_EN,RAW,,5.3600,USD,8197,2026-06-05
CRD_2363D7E348AC45C3AD5C,SCRYDEX_JP,GRADED,10,,,264889,2026-06-29
CRD_2363D7E348AC45C3AD5C,SCRYDEX_JP,RAW,,14250.0000,KRW,14250,2026-06-29
CRD_2371B40007C64AC0B36E,SCRYDEX_EN,RAW,,19.4900,USD,29946,2026-06-29
CRD_2371B40007C64AC0B36E,SCRYDEX_JP,GRADED,10,,,79282,2026-06-29
CRD_2371B40007C64AC0B36E,SCRYDEX_JP,GRADED,9,,,29470,2026-06-29
CRD_2371B40007C64AC0B36E,SCRYDEX_JP,RAW,,12.7400,USD,19575,2026-06-29
CRD_23726C952A68490FB117,SCRYDEX_EN,RAW,,10.0700,USD,15472,2026-06-27
CRD_23726C952A68490FB117,SCRYDEX_JP,GRADED,10,,,36368,2026-06-29
CRD_23726C952A68490FB117,SCRYDEX_JP,GRADED,9,,,14090,2026-06-29
CRD_23726C952A68490FB117,SCRYDEX_JP,RAW,,1.7800,USD,2735,2026-06-29
CRD_23872FA0E5334B128E5A,SCRYDEX_EN,RAW,,0.9600,USD,1468,2026-06-05
CRD_23872FA0E5334B128E5A,SCRYDEX_JP,GRADED,10,,,53777,2026-06-29
CRD_23872FA0E5334B128E5A,SCRYDEX_JP,RAW,,0.6900,USD,1060,2026-06-29
CRD_238DFF5330E44802A6A3,SCRYDEX_EN,RAW,,1.2700,USD,1942,2026-06-05
CRD_238DFF5330E44802A6A3,SCRYDEX_JP,GRADED,10,,,61659,2026-06-29
CRD_238DFF5330E44802A6A3,SCRYDEX_JP,GRADED,9,,,4609,2026-06-29
CRD_238DFF5330E44802A6A3,SCRYDEX_JP,RAW,,0.3000,USD,461,2026-06-29
CRD_238E85F07B63450BB517,SCRYDEX_EN,RAW,,11.9500,USD,18276,2026-06-05
CRD_238E85F07B63450BB517,SCRYDEX_JP,GRADED,10,,,64763,2026-06-29
CRD_238E85F07B63450BB517,SCRYDEX_JP,GRADED,9,,,32266,2026-06-29
CRD_238E85F07B63450BB517,SCRYDEX_JP,RAW,,14.3300,USD,22018,2026-06-29
CRD_2390067C529942A68821,SCRYDEX_EN,RAW,,2.1200,USD,3257,2026-06-29
CRD_2390067C529942A68821,SCRYDEX_JP,GRADED,10,,,53439,2026-06-29
CRD_2390067C529942A68821,SCRYDEX_JP,GRADED,9,,,9219,2026-06-29
CRD_2390067C529942A68821,SCRYDEX_JP,RAW,,0.8600,USD,1321,2026-06-29
CRD_23A695E8090F40B9B1A7,SCRYDEX_EN,RAW,,10.6500,USD,16288,2026-06-05
CRD_23A695E8090F40B9B1A7,SCRYDEX_JP,GRADED,10,,,49659,2026-06-29
CRD_23A695E8090F40B9B1A7,SCRYDEX_JP,GRADED,9,,,23693,2026-06-29
CRD_23A695E8090F40B9B1A7,SCRYDEX_JP,RAW,,3.0700,USD,4717,2026-06-29
CRD_23BFAC1CC99540DEB9B9,SCRYDEX_EN,RAW,,2.7700,USD,4236,2026-06-05
CRD_23BFAC1CC99540DEB9B9,SCRYDEX_JP,GRADED,10,,,59907,2026-06-29
CRD_23BFAC1CC99540DEB9B9,SCRYDEX_JP,GRADED,9,,,28179,2026-06-29
CRD_23BFAC1CC99540DEB9B9,SCRYDEX_JP,RAW,,1.1500,USD,1767,2026-06-29
CRD_240F59F984B74388A1BE,SCRYDEX_EN,RAW,,19.1200,USD,29377,2026-06-29
CRD_240F59F984B74388A1BE,SCRYDEX_JP,GRADED,10,,,75503,2026-06-29
CRD_240F59F984B74388A1BE,SCRYDEX_JP,GRADED,9,,,22970,2026-06-29
CRD_240F59F984B74388A1BE,SCRYDEX_JP,RAW,,5.6300,USD,8650,2026-06-29
CRD_24141283AF4D42638547,SCRYDEX_EN,RAW,,4.3900,USD,6714,2026-06-05
CRD_24141283AF4D42638547,SCRYDEX_JP,GRADED,10,,,50550,2026-06-29
CRD_24141283AF4D42638547,SCRYDEX_JP,GRADED,9,,,10310,2026-06-29
CRD_24141283AF4D42638547,SCRYDEX_JP,RAW,,4.0500,USD,6223,2026-06-29
CRD_243B025EA81342949B2D,SCRYDEX_EN,RAW,,13.9000,USD,21281,2026-06-21
CRD_243B025EA81342949B2D,SCRYDEX_JP,GRADED,10,,,150698,2026-06-29
CRD_243B025EA81342949B2D,SCRYDEX_JP,GRADED,9,,,45311,2026-06-29
CRD_243B025EA81342949B2D,SCRYDEX_JP,RAW,,9.6400,USD,14812,2026-06-29
CRD_243CD02D3D3B494795CF,SCRYDEX_EN,RAW,,0.9200,USD,1407,2026-06-05
CRD_243CD02D3D3B494795CF,SCRYDEX_JP,GRADED,10,,,48507,2026-06-29
CRD_243CD02D3D3B494795CF,SCRYDEX_JP,RAW,,0.3400,USD,522,2026-06-29
CRD_2444A7B9A8EA415D8A2F,SCRYDEX_EN,RAW,,100.7100,USD,154739,2026-06-29
CRD_2444A7B9A8EA415D8A2F,SCRYDEX_JP,GRADED,10,,,318067,2026-06-29
CRD_2444A7B9A8EA415D8A2F,SCRYDEX_JP,GRADED,9,,,46233,2026-06-29
CRD_2444A7B9A8EA415D8A2F,SCRYDEX_JP,RAW,,59.5000,USD,91421,2026-06-29
CRD_244EB50258FC45D58BB7,SCRYDEX_EN,RAW,,6.4000,USD,9788,2026-06-05
CRD_244EB50258FC45D58BB7,SCRYDEX_JP,GRADED,10,,,63595,2026-06-29
CRD_244EB50258FC45D58BB7,SCRYDEX_JP,GRADED,9,,,37336,2026-06-29
CRD_244EB50258FC45D58BB7,SCRYDEX_JP,RAW,,1.8100,USD,2781,2026-06-29
CRD_24798C163B48423E9689,SCRYDEX_EN,RAW,,31.7800,USD,48829,2026-06-29
CRD_24798C163B48423E9689,SCRYDEX_JP,GRADED,10,,,317206,2026-06-29
CRD_24798C163B48423E9689,SCRYDEX_JP,GRADED,9,,,90299,2026-06-29
CRD_24798C163B48423E9689,SCRYDEX_JP,RAW,,78.0600,USD,119938,2026-06-29
CRD_24845E4BD72A47AAA490,SCRYDEX_EN,RAW,,7.5800,USD,11593,2026-06-05
CRD_24845E4BD72A47AAA490,SCRYDEX_JP,GRADED,10,,,159978,2026-06-29
CRD_24845E4BD72A47AAA490,SCRYDEX_JP,GRADED,9,,,101408,2026-06-29
CRD_24845E4BD72A47AAA490,SCRYDEX_JP,RAW,,9.0000,USD,13828,2026-06-29
CRD_249FD650FBBB4F8C8E9F,SCRYDEX_JP,GRADED,9,,,33818,2026-06-29
CRD_249FD650FBBB4F8C8E9F,SCRYDEX_JP,RAW,,2.3400,USD,3595,2026-06-29
CRD_24A7755304AF47CF931D,SCRYDEX_EN,RAW,,28.6200,USD,43974,2026-06-29
CRD_24A7755304AF47CF931D,SCRYDEX_JP,GRADED,10,,,84752,2026-06-29
CRD_24A7755304AF47CF931D,SCRYDEX_JP,GRADED,9,,,38796,2026-06-29
CRD_24A7755304AF47CF931D,SCRYDEX_JP,RAW,,5.2400,USD,8051,2026-06-29
CRD_24AFDFD94F7B41E8A509,SCRYDEX_EN,RAW,,4.5300,USD,6928,2026-06-05
CRD_24AFDFD94F7B41E8A509,SCRYDEX_JP,GRADED,10,,,63564,2026-06-29
CRD_24AFDFD94F7B41E8A509,SCRYDEX_JP,GRADED,9,,,25736,2026-06-29
CRD_24AFDFD94F7B41E8A509,SCRYDEX_JP,RAW,,4.2800,USD,6576,2026-06-29
CRD_24CD0D7FE1834DA89707,SCRYDEX_EN,RAW,,23.5100,USD,36123,2026-06-29
CRD_24CD0D7FE1834DA89707,SCRYDEX_JP,GRADED,10,,,101623,2026-06-29
CRD_24CD0D7FE1834DA89707,SCRYDEX_JP,GRADED,9,,,45772,2026-06-29
CRD_24CD0D7FE1834DA89707,SCRYDEX_JP,RAW,,19.9800,USD,30699,2026-06-29
CRD_24D79E9DD4E24DDFB538,SCRYDEX_EN,RAW,,50.6800,USD,77869,2026-06-29
CRD_24D79E9DD4E24DDFB538,SCRYDEX_JP,GRADED,10,,,227875,2026-06-29
CRD_24D79E9DD4E24DDFB538,SCRYDEX_JP,GRADED,9,,,66361,2026-06-29
CRD_24D79E9DD4E24DDFB538,SCRYDEX_JP,RAW,,23.3500,USD,35877,2026-06-29
CRD_24D7C72E59DD4A338620,SCRYDEX_EN,RAW,,39.9500,USD,61382,2026-06-29
CRD_24D7C72E59DD4A338620,SCRYDEX_JP,GRADED,10,,,73029,2026-06-29
CRD_24D7C72E59DD4A338620,SCRYDEX_JP,GRADED,9,,,29132,2026-06-29
CRD_24D7C72E59DD4A338620,SCRYDEX_JP,RAW,,5.9100,USD,9081,2026-06-29
CRD_24E2B7E72A25492F960D,SCRYDEX_EN,RAW,,2.5800,USD,3946,2026-06-05
CRD_24E2B7E72A25492F960D,SCRYDEX_JP,GRADED,10,,,38781,2026-06-29
CRD_24E2B7E72A25492F960D,SCRYDEX_JP,GRADED,9,,,23846,2026-06-29
CRD_24E2B7E72A25492F960D,SCRYDEX_JP,RAW,,1.2600,USD,1936,2026-06-29
CRD_24E953E56C044EFFAEB2,SCRYDEX_EN,RAW,,8.5000,USD,13000,2026-06-05
CRD_24E953E56C044EFFAEB2,SCRYDEX_JP,GRADED,10,,,148992,2026-06-29
CRD_24E953E56C044EFFAEB2,SCRYDEX_JP,GRADED,9,,,21311,2026-06-29
CRD_24E953E56C044EFFAEB2,SCRYDEX_JP,RAW,,2.1500,USD,3303,2026-06-29
CRD_24EB8C7EAF8344B58654,SCRYDEX_EN,RAW,,11.2800,USD,17331,2026-06-29
CRD_24EBBFED607C41D7B562,SCRYDEX_EN,RAW,,28.4300,USD,43682,2026-06-29
CRD_24EBBFED607C41D7B562,SCRYDEX_JP,GRADED,10,,,46386,2026-06-29
CRD_24EBBFED607C41D7B562,SCRYDEX_JP,GRADED,9,,,28456,2026-06-29
CRD_24EBBFED607C41D7B562,SCRYDEX_JP,RAW,,6.5900,USD,10125,2026-06-29
CRD_24FAA1F19A0941A2BB96,SCRYDEX_JP,GRADED,10,,,137899,2026-06-29
CRD_24FAA1F19A0941A2BB96,SCRYDEX_JP,GRADED,9,,,98642,2026-06-29
CRD_24FAA1F19A0941A2BB96,SCRYDEX_JP,RAW,,78.8300,USD,121121,2026-06-29
CRD_251F9092AFDE47718BB3,SCRYDEX_EN,RAW,,6.1600,USD,9421,2026-06-05
CRD_251F9092AFDE47718BB3,SCRYDEX_JP,GRADED,10,,,52256,2026-06-29
CRD_251F9092AFDE47718BB3,SCRYDEX_JP,GRADED,9,,,20742,2026-06-29
CRD_251F9092AFDE47718BB3,SCRYDEX_JP,RAW,,2.9900,USD,4594,2026-06-29
CRD_2521A01014064B6586BA,SCRYDEX_EN,RAW,,320.0000,USD,489398,2026-06-05
CRD_2521A01014064B6586BA,SCRYDEX_JP,GRADED,10,,,1251678,2026-06-29
CRD_2521A01014064B6586BA,SCRYDEX_JP,GRADED,9,,,375639,2026-06-29
CRD_2521A01014064B6586BA,SCRYDEX_JP,RAW,,30.0000,USD,46094,2026-06-29
CRD_25251C19A57081F5E42B,SCRYDEX_JP,GRADED,10,,,20374,2026-06-29
CRD_25251C19A57081F5E42B,SCRYDEX_JP,RAW,,1.1900,USD,1828,2026-06-29
CRD_2531910728D94C05A9E9,SCRYDEX_EN,RAW,,1.5100,USD,2309,2026-06-05
CRD_2531910728D94C05A9E9,SCRYDEX_JP,GRADED,10,,,62796,2026-06-29
CRD_2531910728D94C05A9E9,SCRYDEX_JP,GRADED,9,,,7682,2026-06-29
CRD_2531910728D94C05A9E9,SCRYDEX_JP,RAW,,1.0400,USD,1598,2026-06-29
CRD_254CCBD76DFA46BDB30B,SCRYDEX_EN,RAW,,1.6200,USD,2478,2026-06-05
CRD_254CCBD76DFA46BDB30B,SCRYDEX_JP,GRADED,10,,,65915,2026-06-29
CRD_254CCBD76DFA46BDB30B,SCRYDEX_JP,GRADED,9,,,13168,2026-06-29
CRD_254CCBD76DFA46BDB30B,SCRYDEX_JP,RAW,,0.5200,USD,799,2026-06-29
CRD_255CB9C1E0E948988562,SCRYDEX_EN,RAW,,1.3900,USD,2126,2026-06-05
CRD_2570702FE3854423A069,SCRYDEX_EN,RAW,,0.7300,USD,1116,2026-06-05
CRD_2570702FE3854423A069,SCRYDEX_JP,GRADED,10,,,29593,2026-06-29
CRD_2570702FE3854423A069,SCRYDEX_JP,GRADED,9,,,3119,2026-06-29
CRD_2570702FE3854423A069,SCRYDEX_JP,RAW,,0.2400,USD,369,2026-06-29
CRD_25909EEE9FBE41E08266,SCRYDEX_EN,RAW,,17.7000,USD,27196,2026-06-29
CRD_25909EEE9FBE41E08266,SCRYDEX_JP,RAW,,12.8700,USD,19774,2026-06-29
CRD_25A76CC236D74FF2B49A,SCRYDEX_EN,RAW,,15.1100,USD,23216,2026-06-29
CRD_25A76CC236D74FF2B49A,SCRYDEX_JP,GRADED,10,,,58263,2026-06-29
CRD_25A76CC236D74FF2B49A,SCRYDEX_JP,GRADED,9,,,24538,2026-06-29
CRD_25A76CC236D74FF2B49A,SCRYDEX_JP,RAW,,22.0500,USD,33879,2026-06-29
CRD_25A858D01145493BB66AF82B8EA32B7C,SCRYDEX_EN,RAW,,614.2000,USD,943706,2026-06-29
CRD_25B8055B794A45B99714,SCRYDEX_EN,RAW,,0.7600,USD,1168,2026-06-29
CRD_25B8055B794A45B99714,SCRYDEX_JP,GRADED,10,,,46094,2026-06-28
CRD_25B8055B794A45B99714,SCRYDEX_JP,RAW,,0.5600,USD,860,2026-06-28
CRD_25B97585CC304F538181,SCRYDEX_EN,RAW,,851.7700,USD,1308728,2026-06-29
CRD_25B97585CC304F538181,SCRYDEX_JP,GRADED,10,,,3064079,2026-06-29
CRD_25B97585CC304F538181,SCRYDEX_JP,GRADED,9,,,1162193,2026-06-29
CRD_25B97585CC304F538181,SCRYDEX_JP,RAW,,349.9900,USD,537753,2026-06-29
CRD_25C230DC064948798E98,SCRYDEX_EN,RAW,,6.0100,USD,9192,2026-06-05
CRD_25C230DC064948798E98,SCRYDEX_JP,GRADED,10,,,51687,2026-06-29
CRD_25C230DC064948798E98,SCRYDEX_JP,RAW,,12350.0000,KRW,12350,2026-06-29
CRD_25C4E5DDBD5348CBACD3,SCRYDEX_EN,RAW,,2.8300,USD,4328,2026-06-05
CRD_25C4E5DDBD5348CBACD3,SCRYDEX_JP,GRADED,10,,,60199,2026-06-29
CRD_25C4E5DDBD5348CBACD3,SCRYDEX_JP,GRADED,9,,,19974,2026-06-29
CRD_25C4E5DDBD5348CBACD3,SCRYDEX_JP,RAW,,5.7500,USD,8835,2026-06-29
CRD_25D1A6018B5A4A0AA38C,SCRYDEX_EN,RAW,,1.3500,USD,2065,2026-06-05
CRD_25D1A6018B5A4A0AA38C,SCRYDEX_JP,GRADED,10,,,24645,2026-06-29
CRD_25D1A6018B5A4A0AA38C,SCRYDEX_JP,RAW,,5.1100,USD,7851,2026-06-29
CRD_25FDA4C47211D0DECF2F,SCRYDEX_JP,RAW,,17.5400,USD,26950,2026-06-29
CRD_261019703FC444A39023,SCRYDEX_EN,RAW,,4.4700,USD,6836,2026-06-05
CRD_261019703FC444A39023,SCRYDEX_JP,GRADED,10,,,33418,2026-06-29
CRD_261019703FC444A39023,SCRYDEX_JP,RAW,,8.9900,USD,13813,2026-06-29
CRD_262F67E35B964E6B9C67,SCRYDEX_EN,RAW,,6.9600,USD,10644,2026-06-05
CRD_262F67E35B964E6B9C67,SCRYDEX_JP,GRADED,10,,,73198,2026-06-29
CRD_262F67E35B964E6B9C67,SCRYDEX_JP,RAW,,3.3900,USD,5209,2026-06-29
CRD_2642CE7CAA28482ABC0C,SCRYDEX_EN,RAW,,19.5900,USD,30100,2026-06-29
CRD_2642CE7CAA28482ABC0C,SCRYDEX_JP,GRADED,10,,,79482,2026-06-29
CRD_2642CE7CAA28482ABC0C,SCRYDEX_JP,GRADED,9,,,40609,2026-06-29
CRD_2642CE7CAA28482ABC0C,SCRYDEX_JP,RAW,,8.2100,USD,12615,2026-06-29
CRD_2673A337A01243339EC5,SCRYDEX_EN,RAW,,16.5400,USD,25413,2026-06-29
CRD_2673A337A01243339EC5,SCRYDEX_JP,GRADED,10,,,136132,2026-06-29
CRD_2673A337A01243339EC5,SCRYDEX_JP,RAW,,13.7300,USD,21096,2026-06-29
CRD_2685F2D324BF4D0495CF,SCRYDEX_EN,RAW,,1.5300,USD,2340,2026-06-05
CRD_2685F2D324BF4D0495CF,SCRYDEX_JP,GRADED,10,,,30468,2026-06-29
CRD_2685F2D324BF4D0495CF,SCRYDEX_JP,GRADED,9,,,18361,2026-06-29
CRD_2685F2D324BF4D0495CF,SCRYDEX_JP,RAW,,1.8800,USD,2889,2026-06-29
CRD_26947826E457449096C5,SCRYDEX_EN,RAW,,1.3700,USD,2095,2026-06-05
CRD_26947826E457449096C5,SCRYDEX_JP,GRADED,10,,,27657,2026-06-29
CRD_26947826E457449096C5,SCRYDEX_JP,RAW,,3.3700,USD,5178,2026-06-29
CRD_269A7AD114DA491CA9AC,SCRYDEX_EN,RAW,,487.8900,USD,749633,2026-06-29
CRD_269A7AD114DA491CA9AC,SCRYDEX_JP,GRADED,10,,,1016090,2026-06-29
CRD_269A7AD114DA491CA9AC,SCRYDEX_JP,GRADED,9,,,466568,2026-06-29
CRD_269A7AD114DA491CA9AC,SCRYDEX_JP,RAW,,270.7800,USD,416048,2026-06-29
CRD_26A53A13CEEDA2B3A1B4,SCRYDEX_EN,RAW,,34.7500,USD,53393,2026-06-29
CRD_26A53A13CEEDA2B3A1B4,SCRYDEX_JP,GRADED,10,,,81095,2026-06-29
CRD_26A53A13CEEDA2B3A1B4,SCRYDEX_JP,GRADED,9,,,34709,2026-06-29
CRD_26A53A13CEEDA2B3A1B4,SCRYDEX_JP,RAW,,23.2300,USD,35692,2026-06-29
CRD_26AE57743E2F41B084F2,SCRYDEX_EN,RAW,,10.0200,USD,15396,2026-06-29
CRD_26AE57743E2F41B084F2,SCRYDEX_JP,GRADED,10,,,23047,2026-06-29
CRD_26AE57743E2F41B084F2,SCRYDEX_JP,GRADED,9,,,16118,2026-06-29
CRD_26AE57743E2F41B084F2,SCRYDEX_JP,RAW,,1.8800,USD,2889,2026-06-29
CRD_26B8AD9FA6554601A3B7,SCRYDEX_EN,RAW,,137.1400,USD,210713,2026-06-29
CRD_26B8AD9FA6554601A3B7,SCRYDEX_JP,GRADED,10,,,848414,2026-06-29
CRD_26B8AD9FA6554601A3B7,SCRYDEX_JP,GRADED,9,,,224126,2026-06-29
CRD_26B8AD9FA6554601A3B7,SCRYDEX_JP,RAW,,77.7000,USD,119384,2026-06-29
CRD_26BD4ABA6D11E04846BA,SCRYDEX_JP,RAW,,38.6000,USD,59308,2026-06-29
CRD_26C2FFF3ECDC4C2B8EE6,SCRYDEX_EN,RAW,,9.3200,USD,14269,2026-06-20
CRD_26CD880191FC48B2BE27,SCRYDEX_EN,RAW,,2.8500,USD,4359,2026-06-05
CRD_26CD880191FC48B2BE27,SCRYDEX_JP,GRADED,10,,,64824,2026-06-29
CRD_26CD880191FC48B2BE27,SCRYDEX_JP,GRADED,9,,,23308,2026-06-29
CRD_26CD880191FC48B2BE27,SCRYDEX_JP,RAW,,2.8000,USD,4302,2026-06-29
CRD_26F927BEACCC4E94ABAB,SCRYDEX_EN,RAW,,5.6100,USD,8580,2026-06-05
CRD_2706BD8A739F4460B703,SCRYDEX_EN,RAW,,423.1600,USD,650177,2026-06-29
CRD_2706BD8A739F4460B703,SCRYDEX_JP,GRADED,10,,,496099,2026-06-29
CRD_2706BD8A739F4460B703,SCRYDEX_JP,GRADED,9,,,264259,2026-06-29
CRD_2706BD8A739F4460B703,SCRYDEX_JP,RAW,,187.0000,USD,287322,2026-06-29
CRD_274BA225B19844028DDF,SCRYDEX_EN,RAW,,7.3500,USD,11241,2026-06-05
CRD_274BA225B19844028DDF,SCRYDEX_JP,GRADED,10,,,43098,2026-06-29
CRD_274BA225B19844028DDF,SCRYDEX_JP,GRADED,9,,,26689,2026-06-29
CRD_274BA225B19844028DDF,SCRYDEX_JP,RAW,,3.4700,USD,5332,2026-06-29
CRD_274ED0D22EC54F229DAE,SCRYDEX_EN,RAW,,11.4200,USD,17465,2026-06-05
CRD_274ED0D22EC54F229DAE,SCRYDEX_JP,GRADED,10,,,319542,2026-06-29
CRD_274ED0D22EC54F229DAE,SCRYDEX_JP,RAW,,74.9900,USD,115221,2026-06-29
CRD_274FD14AB17940EB8528,SCRYDEX_EN,RAW,,47.0400,USD,72276,2026-06-29
CRD_274FD14AB17940EB8528,SCRYDEX_JP,GRADED,10,,,110304,2026-06-29
CRD_274FD14AB17940EB8528,SCRYDEX_JP,GRADED,9,,,61259,2026-06-29
CRD_274FD14AB17940EB8528,SCRYDEX_JP,RAW,,24.3300,USD,37383,2026-06-29
CRD_275591C4CE6A45D2A1B4,SCRYDEX_EN,RAW,,18.5600,USD,28517,2026-06-29
CRD_275591C4CE6A45D2A1B4,SCRYDEX_JP,GRADED,10,,,67144,2026-06-29
CRD_275591C4CE6A45D2A1B4,SCRYDEX_JP,GRADED,9,,,37767,2026-06-29
CRD_275591C4CE6A45D2A1B4,SCRYDEX_JP,RAW,,11.4700,USD,17623,2026-06-29
CRD_2757D35F33AC4CF99CC7,SCRYDEX_EN,RAW,,11.5400,USD,17731,2026-06-29
CRD_2757D35F33AC4CF99CC7,SCRYDEX_JP,GRADED,10,,,122611,2026-06-29
CRD_2757D35F33AC4CF99CC7,SCRYDEX_JP,GRADED,9,,,37751,2026-06-29
CRD_2757D35F33AC4CF99CC7,SCRYDEX_JP,RAW,,21.3700,USD,32835,2026-06-29
CRD_27858E2B38CF47A7A939,SCRYDEX_EN,RAW,,85.0800,USD,130724,2026-06-29
CRD_27858E2B38CF47A7A939,SCRYDEX_JP,GRADED,10,,,102084,2026-06-29
CRD_27858E2B38CF47A7A939,SCRYDEX_JP,GRADED,9,,,34094,2026-06-29
CRD_27858E2B38CF47A7A939,SCRYDEX_JP,RAW,,17.5300,USD,26934,2026-06-29
CRD_278AFBE27D01417B9CBC,SCRYDEX_EN,RAW,,4.8300,USD,7421,2026-06-29
CRD_278AFBE27D01417B9CBC,SCRYDEX_JP,GRADED,10,,,111441,2026-06-29
CRD_2794B6F1FB74431BA82B,SCRYDEX_EN,RAW,,2.1100,USD,3227,2026-06-05
CRD_2794B6F1FB74431BA82B,SCRYDEX_JP,GRADED,10,,,16886,2026-06-29
CRD_2794B6F1FB74431BA82B,SCRYDEX_JP,GRADED,9,,,18438,2026-06-29
CRD_2794B6F1FB74431BA82B,SCRYDEX_JP,RAW,,2.0800,USD,3196,2026-06-29
CRD_279CE3C2D7CE469A85E7,SCRYDEX_EN,RAW,,2.8500,USD,4359,2026-06-05
CRD_279CE3C2D7CE469A85E7,SCRYDEX_JP,RAW,,6.0000,USD,9219,2026-06-29
CRD_27A8BA338F90422EA5E0,SCRYDEX_EN,RAW,,4.2000,USD,6423,2026-06-05
CRD_27A8BA338F90422EA5E0,SCRYDEX_JP,GRADED,10,,,53147,2026-06-29
CRD_27A8BA338F90422EA5E0,SCRYDEX_JP,RAW,,3.9000,USD,5992,2026-06-29
CRD_27BABDECB2404E3D873F,SCRYDEX_EN,RAW,,40.8700,USD,62796,2026-06-29
CRD_27BABDECB2404E3D873F,SCRYDEX_JP,GRADED,10,,,164834,2026-06-29
CRD_27BABDECB2404E3D873F,SCRYDEX_JP,GRADED,9,,,32174,2026-06-29
CRD_27BABDECB2404E3D873F,SCRYDEX_JP,RAW,,18.3800,USD,28241,2026-06-29
CRD_27CAC15F8DE54882AA0F,SCRYDEX_EN,RAW,,1.4200,USD,2172,2026-06-05
CRD_27CAC15F8DE54882AA0F,SCRYDEX_JP,GRADED,10,,,34125,2026-06-29
CRD_27CAC15F8DE54882AA0F,SCRYDEX_JP,GRADED,9,,,13690,2026-06-29
CRD_27CAC15F8DE54882AA0F,SCRYDEX_JP,RAW,,1.6000,USD,2458,2026-06-29
CRD_27D5FC7D18F54B668AE2,SCRYDEX_EN,RAW,,1.6900,USD,2597,2026-06-29
CRD_27D5FC7D18F54B668AE2,SCRYDEX_JP,GRADED,10,,,107246,2026-06-29
CRD_27D5FC7D18F54B668AE2,SCRYDEX_JP,RAW,,1.2100,USD,1859,2026-06-29
CRD_27D9B5525E234D2E9F03,SCRYDEX_EN,RAW,,0.9100,USD,1392,2026-06-05
CRD_27DC42C3D270417B9335,SCRYDEX_EN,RAW,,18.4100,USD,28287,2026-06-29
CRD_27DC42C3D270417B9335,SCRYDEX_JP,GRADED,10,,,74949,2026-06-29
CRD_27DC42C3D270417B9335,SCRYDEX_JP,GRADED,9,,,31390,2026-06-29
CRD_27DC42C3D270417B9335,SCRYDEX_JP,RAW,,3.8700,USD,5946,2026-06-29
CRD_27DD36DAE86F45C69DEB,SCRYDEX_EN,RAW,,205.0300,USD,315024,2026-06-29
CRD_27DD36DAE86F45C69DEB,SCRYDEX_JP,GRADED,10,,,315962,2026-06-29
CRD_27DD36DAE86F45C69DEB,SCRYDEX_JP,GRADED,9,,,199266,2026-06-29
CRD_27DD36DAE86F45C69DEB,SCRYDEX_JP,RAW,,140.7600,USD,216275,2026-06-29
CRD_27E9FB0B75EB487ABBF6,SCRYDEX_EN,RAW,,5.4800,USD,8381,2026-06-05
CRD_27E9FB0B75EB487ABBF6,SCRYDEX_JP,GRADED,10,,,97090,2026-06-29
CRD_27E9FB0B75EB487ABBF6,SCRYDEX_JP,RAW,,9.9100,USD,15227,2026-06-29
CRD_27F3781C418A41E795E5,SCRYDEX_EN,RAW,,75.5000,USD,116004,2026-06-29
CRD_27F3781C418A41E795E5,SCRYDEX_JP,GRADED,10,,,234451,2026-06-29
CRD_27F3781C418A41E795E5,SCRYDEX_JP,GRADED,9,,,75288,2026-06-29
CRD_27F3781C418A41E795E5,SCRYDEX_JP,RAW,,60.0000,USD,92189,2026-06-29
CRD_27F9714CA8CF4C0D8906,SCRYDEX_EN,RAW,,10.4900,USD,16118,2026-06-29
CRD_27F9714CA8CF4C0D8906,SCRYDEX_JP,GRADED,10,,,50735,2026-06-29
CRD_27F9714CA8CF4C0D8906,SCRYDEX_JP,GRADED,9,,,9219,2026-06-29
CRD_27F9714CA8CF4C0D8906,SCRYDEX_JP,RAW,,5.6800,USD,8727,2026-06-29
CRD_280E5479B51D442889C9,SCRYDEX_EN,RAW,,15.1700,USD,23308,2026-06-29
CRD_280E5479B51D442889C9,SCRYDEX_JP,GRADED,10,,,192905,2026-06-29
CRD_280E5479B51D442889C9,SCRYDEX_JP,GRADED,9,,,44558,2026-06-29
CRD_280E5479B51D442889C9,SCRYDEX_JP,RAW,,28.4800,USD,43759,2026-06-29
CRD_281071E67CFC40DD8688,SCRYDEX_EN,RAW,,3.6100,USD,5521,2026-06-05
CRD_281071E67CFC40DD8688,SCRYDEX_JP,GRADED,10,,,45756,2026-06-29
CRD_281071E67CFC40DD8688,SCRYDEX_JP,RAW,,1.4700,USD,2259,2026-06-29
CRD_2816C9B402A643F99D42,SCRYDEX_EN,RAW,,18.3300,USD,28164,2026-06-29
CRD_2816C9B402A643F99D42,SCRYDEX_JP,GRADED,10,,,83093,2026-06-29
CRD_2816C9B402A643F99D42,SCRYDEX_JP,GRADED,9,,,39795,2026-06-29
CRD_2816C9B402A643F99D42,SCRYDEX_JP,RAW,,5.3200,USD,8174,2026-06-29
CRD_2821F636689C4FCE8CCC,SCRYDEX_EN,RAW,,87.0400,USD,133116,2026-06-05
CRD_2821F636689C4FCE8CCC,SCRYDEX_JP,GRADED,10,,,770575,2026-06-29
CRD_2821F636689C4FCE8CCC,SCRYDEX_JP,GRADED,9,,,293667,2026-06-29
CRD_2821F636689C4FCE8CCC,SCRYDEX_JP,RAW,,23.0000,USD,35339,2026-06-29
CRD_2832ADAFA5F4490F8898,SCRYDEX_EN,RAW,,3.2100,USD,4909,2026-06-05
CRD_2832ADAFA5F4490F8898,SCRYDEX_JP,GRADED,10,,,142601,2026-06-29
CRD_2832ADAFA5F4490F8898,SCRYDEX_JP,GRADED,9,,,23047,2026-06-29
CRD_2832ADAFA5F4490F8898,SCRYDEX_JP,RAW,,2850.0000,KRW,2850,2026-06-29
CRD_28347CC12F42441E8376,SCRYDEX_EN,RAW,,26.1900,USD,40240,2026-06-29
CRD_28347CC12F42441E8376,SCRYDEX_JP,GRADED,10,,,119231,2026-06-29
CRD_28347CC12F42441E8376,SCRYDEX_JP,GRADED,9,,,43221,2026-06-29
CRD_28347CC12F42441E8376,SCRYDEX_JP,RAW,,9.8200,USD,15088,2026-06-29
CRD_283662D99DED475396E1,SCRYDEX_EN,RAW,,2.7400,USD,4210,2026-06-29
CRD_283662D99DED475396E1,SCRYDEX_JP,GRADED,10,,,57142,2026-06-29
CRD_283662D99DED475396E1,SCRYDEX_JP,GRADED,9,,,18315,2026-06-29
CRD_283662D99DED475396E1,SCRYDEX_JP,RAW,,1.4200,USD,2182,2026-06-29
CRD_2847A51BC6AB4B00BB53,SCRYDEX_EN,RAW,,6.7700,USD,10402,2026-06-29
CRD_2847A51BC6AB4B00BB53,SCRYDEX_JP,GRADED,10,,,45173,2026-06-29
CRD_2847A51BC6AB4B00BB53,SCRYDEX_JP,GRADED,9,,,8097,2026-06-29
CRD_2847A51BC6AB4B00BB53,SCRYDEX_JP,RAW,,2.3200,USD,3565,2026-06-29
CRD_284CA7EBBD6A4A86BDFF,SCRYDEX_EN,RAW,,2.6300,USD,4022,2026-06-05
CRD_284CA7EBBD6A4A86BDFF,SCRYDEX_JP,GRADED,10,,,76885,2026-06-29
CRD_284CA7EBBD6A4A86BDFF,SCRYDEX_JP,RAW,,1.2900,USD,1982,2026-06-29
CRD_285E533D9D2F4E4F94A6,SCRYDEX_EN,RAW,,0.7900,USD,1208,2026-06-05
CRD_285E533D9D2F4E4F94A6,SCRYDEX_JP,GRADED,10,,,77362,2026-06-29
CRD_285E533D9D2F4E4F94A6,SCRYDEX_JP,GRADED,9,,,16640,2026-06-29
CRD_285E533D9D2F4E4F94A6,SCRYDEX_JP,RAW,,0.6900,USD,1060,2026-06-29
CRD_287970473FD84B928D5D,SCRYDEX_EN,RAW,,1.5800,USD,2416,2026-06-05
CRD_287970473FD84B928D5D,SCRYDEX_JP,RAW,,3.4200,USD,5255,2026-06-29
CRD_287F04A23D8D4624B994,SCRYDEX_EN,RAW,,57.5800,USD,88471,2026-06-29
CRD_287F04A23D8D4624B994,SCRYDEX_JP,GRADED,10,,,250124,2026-06-29
CRD_287F04A23D8D4624B994,SCRYDEX_JP,GRADED,9,,,90360,2026-06-29
CRD_287F04A23D8D4624B994,SCRYDEX_JP,RAW,,77.0000,USD,118309,2026-06-29
CRD_2893BDF7C7674E7A8E66,SCRYDEX_EN,RAW,,78.9500,USD,120744,2026-06-05
CRD_2893BDF7C7674E7A8E66,SCRYDEX_JP,GRADED,10,,,850764,2026-06-29
CRD_2893BDF7C7674E7A8E66,SCRYDEX_JP,GRADED,9,,,157412,2026-06-29
CRD_2893BDF7C7674E7A8E66,SCRYDEX_JP,RAW,,646000.0000,KRW,646000,2026-06-29
CRD_28A90C6383DF4C73AFEA,SCRYDEX_EN,RAW,,5.9600,USD,9115,2026-06-05
CRD_28A90C6383DF4C73AFEA,SCRYDEX_JP,GRADED,10,,,36860,2026-06-29
CRD_28A90C6383DF4C73AFEA,SCRYDEX_JP,RAW,,14.5000,USD,22279,2026-06-29
CRD_28E64B8B572C4910BC20,SCRYDEX_EN,RAW,,1.6100,USD,2462,2026-06-05
CRD_28E64B8B572C4910BC20,SCRYDEX_JP,GRADED,10,,,30115,2026-06-29
CRD_28E64B8B572C4910BC20,SCRYDEX_JP,GRADED,9,,,41516,2026-06-29
CRD_28E64B8B572C4910BC20,SCRYDEX_JP,RAW,,1.8400,USD,2827,2026-06-29
CRD_28EAE8B1B5464580A078,SCRYDEX_EN,RAW,,2.9200,USD,4466,2026-06-05
CRD_28EAE8B1B5464580A078,SCRYDEX_JP,GRADED,10,,,24276,2026-06-29
CRD_28EAE8B1B5464580A078,SCRYDEX_JP,RAW,,1.3200,USD,2028,2026-06-29
CRD_28FD2B5F4CE248369764,SCRYDEX_EN,RAW,,1.5600,USD,2386,2026-06-05
CRD_28FD2B5F4CE248369764,SCRYDEX_JP,GRADED,10,,,61044,2026-06-29
CRD_28FD2B5F4CE248369764,SCRYDEX_JP,GRADED,9,,,29746,2026-06-29
CRD_28FD2B5F4CE248369764,SCRYDEX_JP,RAW,,0.7100,USD,1091,2026-06-29
CRD_290E399FA6ED4C67A8C8,SCRYDEX_EN,RAW,,1.2900,USD,1973,2026-06-05
CRD_290E399FA6ED4C67A8C8,SCRYDEX_JP,GRADED,10,,,53731,2026-06-29
CRD_290E399FA6ED4C67A8C8,SCRYDEX_JP,RAW,,0.5600,USD,860,2026-06-29
CRD_292EB503923B4ADDAA36,SCRYDEX_EN,RAW,,2.1300,USD,3258,2026-06-05
CRD_2936DD31DD3F4679992B,SCRYDEX_EN,RAW,,335.8800,USD,516073,2026-06-29
CRD_2936DD31DD3F4679992B,SCRYDEX_JP,GRADED,10,,,616344,2026-06-29
CRD_2936DD31DD3F4679992B,SCRYDEX_JP,GRADED,9,,,258436,2026-06-29
CRD_2936DD31DD3F4679992B,SCRYDEX_JP,RAW,,102.5100,USD,157505,2026-06-29
CRD_2938D81021984B85A99B,SCRYDEX_EN,RAW,,1.1700,USD,1789,2026-06-05
CRD_2940721DC8F64D6382C2,SCRYDEX_EN,RAW,,27.7200,USD,42591,2026-06-29
CRD_2942A77E70D64CD79DC5,SCRYDEX_EN,RAW,,0.7600,USD,1162,2026-06-05
CRD_2942A77E70D64CD79DC5,SCRYDEX_JP,GRADED,10,,,35554,2026-06-29
CRD_2942A77E70D64CD79DC5,SCRYDEX_JP,RAW,,0.2800,USD,430,2026-06-29
CRD_29464E6CFC1448969B4A,SCRYDEX_EN,RAW,,6.6600,USD,10186,2026-06-05
CRD_29464E6CFC1448969B4A,SCRYDEX_JP,GRADED,10,,,67375,2026-06-29
CRD_29464E6CFC1448969B4A,SCRYDEX_JP,GRADED,9,,,38274,2026-06-29
CRD_29464E6CFC1448969B4A,SCRYDEX_JP,RAW,,9.0700,USD,13936,2026-06-29
CRD_294D19F698F24BE39387,SCRYDEX_EN,RAW,,7.3400,USD,11226,2026-06-05
CRD_294D19F698F24BE39387,SCRYDEX_JP,GRADED,10,,,107538,2026-06-29
CRD_294D19F698F24BE39387,SCRYDEX_JP,RAW,,6.0000,USD,9219,2026-06-29
CRD_2951B02D3BE7488DA649,SCRYDEX_EN,RAW,,9.8000,USD,15058,2026-06-27
CRD_2951B02D3BE7488DA649,SCRYDEX_JP,GRADED,10,,,594310,2026-06-29
CRD_2951B02D3BE7488DA649,SCRYDEX_JP,GRADED,9,,,146165,2026-06-29
CRD_2951B02D3BE7488DA649,SCRYDEX_JP,RAW,,10.9500,USD,16824,2026-06-29
CRD_29545D8447D54F8F9E57,SCRYDEX_EN,RAW,,292.2700,USD,446989,2026-06-05
CRD_29545D8447D54F8F9E57,SCRYDEX_JP,GRADED,10,,,1002231,2026-06-29
CRD_29545D8447D54F8F9E57,SCRYDEX_JP,GRADED,9,,,346276,2026-06-29
CRD_29545D8447D54F8F9E57,SCRYDEX_JP,RAW,,41.0000,USD,62996,2026-06-29
CRD_295D5C65BB2240D6ACE9,SCRYDEX_EN,RAW,,2.2000,USD,3365,2026-06-05
CRD_295D5C65BB2240D6ACE9,SCRYDEX_JP,GRADED,10,,,73290,2026-06-29
CRD_295D5C65BB2240D6ACE9,SCRYDEX_JP,GRADED,9,,,10771,2026-06-29
CRD_295D5C65BB2240D6ACE9,SCRYDEX_JP,RAW,,1.3100,USD,2013,2026-06-29
CRD_29775D0DA6924EA992F1,SCRYDEX_EN,RAW,,1.5800,USD,2416,2026-06-05
CRD_29775D0DA6924EA992F1,SCRYDEX_JP,GRADED,10,,,76701,2026-06-29
CRD_29775D0DA6924EA992F1,SCRYDEX_JP,GRADED,9,,,25168,2026-06-29
CRD_29775D0DA6924EA992F1,SCRYDEX_JP,RAW,,1.1000,USD,1690,2026-06-29
CRD_297BD701806B4583B02D,SCRYDEX_EN,RAW,,57.5600,USD,88440,2026-06-29
CRD_297BD701806B4583B02D,SCRYDEX_JP,GRADED,10,,,71692,2026-06-29
CRD_297BD701806B4583B02D,SCRYDEX_JP,GRADED,9,,,32619,2026-06-29
CRD_297BD701806B4583B02D,SCRYDEX_JP,RAW,,11.5100,USD,17685,2026-06-29
CRD_298C0EBA7D414B2DB409,SCRYDEX_EN,RAW,,32.9300,USD,50362,2026-06-05
CRD_298C0EBA7D414B2DB409,SCRYDEX_JP,GRADED,10,,,358169,2026-06-29
CRD_298C0EBA7D414B2DB409,SCRYDEX_JP,GRADED,9,,,99671,2026-06-29
CRD_298C0EBA7D414B2DB409,SCRYDEX_JP,RAW,,29.9900,USD,46079,2026-06-29
CRD_298C5CE24A9343B9AF00,SCRYDEX_EN,RAW,,17.4600,USD,26827,2026-06-29
CRD_298C5CE24A9343B9AF00,SCRYDEX_JP,GRADED,10,,,52502,2026-06-29
CRD_298C5CE24A9343B9AF00,SCRYDEX_JP,GRADED,9,,,166247,2026-06-29
CRD_298C5CE24A9343B9AF00,SCRYDEX_JP,RAW,,12.9900,USD,19959,2026-06-29
CRD_29E34E5A35CC4FFAB36C,SCRYDEX_EN,RAW,,50.6300,USD,77432,2026-06-05
CRD_29E34E5A35CC4FFAB36C,SCRYDEX_JP,GRADED,10,,,386840,2026-06-29
CRD_29E34E5A35CC4FFAB36C,SCRYDEX_JP,GRADED,9,,,100178,2026-06-29
CRD_29E34E5A35CC4FFAB36C,SCRYDEX_JP,RAW,,86.5000,USD,132906,2026-06-29
CRD_29E55FFA536646B6A891,SCRYDEX_EN,RAW,,12.3000,USD,18849,2026-06-06
CRD_29E55FFA536646B6A891,SCRYDEX_JP,GRADED,10,,,55574,2026-06-29
CRD_29E55FFA536646B6A891,SCRYDEX_JP,GRADED,9,,,29193,2026-06-29
CRD_29E55FFA536646B6A891,SCRYDEX_JP,RAW,,9.7600,USD,14996,2026-06-29
CRD_2A1817BBD07C4C22A018,SCRYDEX_EN,RAW,,1.2300,USD,1881,2026-06-05
CRD_2A1A9C89BB3947378F7C,SCRYDEX_EN,RAW,,12.7900,USD,19652,2026-06-29
CRD_2A1A9C89BB3947378F7C,SCRYDEX_JP,GRADED,10,,,77377,2026-06-29
CRD_2A25393A383641F7BD29,SCRYDEX_EN,RAW,,1.6500,USD,2523,2026-06-05
CRD_2A25393A383641F7BD29,SCRYDEX_JP,GRADED,10,,,62565,2026-06-29
CRD_2A25393A383641F7BD29,SCRYDEX_JP,GRADED,9,,,13075,2026-06-29
CRD_2A25393A383641F7BD29,SCRYDEX_JP,RAW,,0.8500,USD,1306,2026-06-29
CRD_2A2AA65BC13345549AD1,SCRYDEX_EN,RAW,,1.7200,USD,2631,2026-06-05
CRD_2A2AA65BC13345549AD1,SCRYDEX_JP,GRADED,10,,,54622,2026-06-29
CRD_2A2AA65BC13345549AD1,SCRYDEX_JP,RAW,,1.1000,USD,1690,2026-06-29
CRD_2A2C765236DC4E0DA39B,SCRYDEX_EN,RAW,,1.1000,USD,1682,2026-06-05
CRD_2A2C765236DC4E0DA39B,SCRYDEX_JP,GRADED,10,,,64501,2026-06-29
CRD_2A2C765236DC4E0DA39B,SCRYDEX_JP,RAW,,0.8700,USD,1337,2026-06-29
CRD_2A44F68D825C43749B38,SCRYDEX_EN,RAW,,28.9800,USD,44527,2026-06-29
CRD_2A44F68D825C43749B38,SCRYDEX_JP,GRADED,10,,,113592,2026-06-29
CRD_2A44F68D825C43749B38,SCRYDEX_JP,GRADED,9,,,39042,2026-06-29
CRD_2A44F68D825C43749B38,SCRYDEX_JP,RAW,,19.6600,USD,30207,2026-06-29
CRD_2A51F7848C3F425BADD0,SCRYDEX_EN,RAW,,33.7600,USD,51872,2026-06-29
CRD_2A51F7848C3F425BADD0,SCRYDEX_JP,GRADED,10,,,72430,2026-06-29
CRD_2A51F7848C3F425BADD0,SCRYDEX_JP,GRADED,9,,,33803,2026-06-29
CRD_2A51F7848C3F425BADD0,SCRYDEX_JP,RAW,,15.5200,USD,23846,2026-06-29
CRD_2A6241DAD8844867AA49,SCRYDEX_EN,RAW,,3.1100,USD,4756,2026-06-05
CRD_2A6241DAD8844867AA49,SCRYDEX_JP,GRADED,10,,,51211,2026-06-29
CRD_2A6241DAD8844867AA49,SCRYDEX_JP,GRADED,9,,,27933,2026-06-29
CRD_2A6241DAD8844867AA49,SCRYDEX_JP,RAW,,1.8700,USD,2873,2026-06-29
CRD_2A791989EEEC43F481BB,SCRYDEX_EN,RAW,,74.2400,USD,113540,2026-06-05
CRD_2A791989EEEC43F481BB,SCRYDEX_JP,GRADED,10,,,191722,2026-06-29
CRD_2A791989EEEC43F481BB,SCRYDEX_JP,GRADED,9,,,84906,2026-06-29
CRD_2A791989EEEC43F481BB,SCRYDEX_JP,RAW,,32.4200,USD,49813,2026-06-29
CRD_2A8D1058C4D1432DA733,SCRYDEX_EN,RAW,,4.6300,USD,7081,2026-06-05
CRD_2A8D1058C4D1432DA733,SCRYDEX_JP,GRADED,10,,,40502,2026-06-29
CRD_2A8D1058C4D1432DA733,SCRYDEX_JP,RAW,,5.2500,USD,8067,2026-06-29
CRD_2ACE89E68BFA4F5BA7C3,SCRYDEX_EN,RAW,,2.1900,USD,3349,2026-06-05
CRD_2ACE89E68BFA4F5BA7C3,SCRYDEX_JP,GRADED,10,,,54146,2026-06-29
CRD_2ACE89E68BFA4F5BA7C3,SCRYDEX_JP,RAW,,2.7600,USD,4241,2026-06-29
CRD_2ADA9594E1954CF89E7B,SCRYDEX_EN,RAW,,19.4500,USD,29885,2026-06-29
CRD_2ADA9594E1954CF89E7B,SCRYDEX_JP,GRADED,10,,,57464,2026-06-29
CRD_2ADA9594E1954CF89E7B,SCRYDEX_JP,GRADED,9,,,30161,2026-06-29
CRD_2ADA9594E1954CF89E7B,SCRYDEX_JP,RAW,,9.5700,USD,14704,2026-06-29
CRD_2AFC7629A65B45FBBCC8,SCRYDEX_EN,RAW,,25.6700,USD,39441,2026-06-29
CRD_2AFC7629A65B45FBBCC8,SCRYDEX_JP,GRADED,10,,,55421,2026-06-29
CRD_2AFC7629A65B45FBBCC8,SCRYDEX_JP,GRADED,9,,,27626,2026-06-29
CRD_2AFC7629A65B45FBBCC8,SCRYDEX_JP,RAW,,11.0700,USD,17009,2026-06-29
CRD_2B0E8A61C671491BBA15,SCRYDEX_EN,RAW,,2.1600,USD,3303,2026-06-05
CRD_2B0E8A61C671491BBA15,SCRYDEX_JP,GRADED,10,,,177556,2026-06-29
CRD_2B0E8A61C671491BBA15,SCRYDEX_JP,RAW,,12350.0000,KRW,12350,2026-06-29
CRD_2B512D9C6B334EA6B3B5,SCRYDEX_EN,RAW,,1.1500,USD,1759,2026-06-05
CRD_2B512D9C6B334EA6B3B5,SCRYDEX_JP,GRADED,10,,,36876,2026-06-29
CRD_2B512D9C6B334EA6B3B5,SCRYDEX_JP,GRADED,9,,,15365,2026-06-29
CRD_2B512D9C6B334EA6B3B5,SCRYDEX_JP,RAW,,1.1000,USD,1690,2026-06-29
CRD_2B58D40C1AE74F69A349,SCRYDEX_EN,RAW,,4.7800,USD,7310,2026-06-05
CRD_2B58D40C1AE74F69A349,SCRYDEX_JP,GRADED,10,,,47216,2026-06-29
CRD_2B58D40C1AE74F69A349,SCRYDEX_JP,GRADED,9,,,10832,2026-06-29
CRD_2B58D40C1AE74F69A349,SCRYDEX_JP,RAW,,5.9000,USD,9065,2026-06-29
CRD_2B9182A2EF634F7E8973,SCRYDEX_EN,RAW,,8.3300,USD,12740,2026-06-05
CRD_2B9182A2EF634F7E8973,SCRYDEX_JP,GRADED,10,,,88716,2026-06-29
CRD_2B9182A2EF634F7E8973,SCRYDEX_JP,GRADED,9,,,24445,2026-06-29
CRD_2B9182A2EF634F7E8973,SCRYDEX_JP,RAW,,11.9100,USD,18299,2026-06-29
CRD_2BA1CDC0E4B94B79A0AC,SCRYDEX_EN,RAW,,2.2600,USD,3456,2026-06-05
CRD_2BA1CDC0E4B94B79A0AC,SCRYDEX_JP,GRADED,10,,,19974,2026-06-29
CRD_2BA1CDC0E4B94B79A0AC,SCRYDEX_JP,RAW,,5.7500,USD,8835,2026-06-29
CRD_2BAD952E439344719A81,SCRYDEX_EN,RAW,,40.5800,USD,62350,2026-06-29
CRD_2BAD952E439344719A81,SCRYDEX_JP,GRADED,10,,,622689,2026-06-29
CRD_2BAD952E439344719A81,SCRYDEX_JP,GRADED,9,,,77070,2026-06-29
CRD_2BAD952E439344719A81,SCRYDEX_JP,RAW,,48.1000,USD,73905,2026-06-29
CRD_2BB68D76B2954C079D6A,SCRYDEX_EN,RAW,,1.0600,USD,1621,2026-06-05
CRD_2BB68D76B2954C079D6A,SCRYDEX_JP,RAW,,0.7400,USD,1137,2026-06-29
CRD_2BBC9C171E2800926C30,SCRYDEX_JP,GRADED,10,,,102053,2026-06-29
CRD_2BBC9C171E2800926C30,SCRYDEX_JP,GRADED,9,,,21680,2026-06-29
CRD_2BBC9C171E2800926C30,SCRYDEX_JP,RAW,,6.1600,USD,9465,2026-06-29
CRD_2BCC60756DD640D68C16,SCRYDEX_EN,RAW,,0.6900,USD,1060,2026-06-29
CRD_2BCC60756DD640D68C16,SCRYDEX_JP,GRADED,10,,,45695,2026-06-29
CRD_2BCC60756DD640D68C16,SCRYDEX_JP,RAW,,0.3400,USD,522,2026-06-29
CRD_2BD596750DCC46F5BF44,SCRYDEX_EN,RAW,,2.3300,USD,3563,2026-06-05
CRD_2BD596750DCC46F5BF44,SCRYDEX_JP,GRADED,10,,,56297,2026-06-29
CRD_2BD596750DCC46F5BF44,SCRYDEX_JP,RAW,,1.8100,USD,2781,2026-06-29
CRD_2BD642F0ABE84DA8BDCF,SCRYDEX_EN,RAW,,11.9300,USD,18330,2026-06-29
CRD_2BD642F0ABE84DA8BDCF,SCRYDEX_JP,GRADED,10,,,62335,2026-06-29
CRD_2BD642F0ABE84DA8BDCF,SCRYDEX_JP,GRADED,9,,,19990,2026-06-29
CRD_2BD642F0ABE84DA8BDCF,SCRYDEX_JP,RAW,,6.4800,USD,9956,2026-06-29
CRD_2BDD89F3616849468EE4,SCRYDEX_EN,RAW,,27.7500,USD,42637,2026-06-29
CRD_2BDD89F3616849468EE4,SCRYDEX_JP,GRADED,10,,,62857,2026-06-29
CRD_2BDD89F3616849468EE4,SCRYDEX_JP,GRADED,9,,,18499,2026-06-29
CRD_2BDD89F3616849468EE4,SCRYDEX_JP,RAW,,5.8900,USD,9050,2026-06-29
CRD_2BE0C7968F004557B9AB,SCRYDEX_EN,RAW,,0.9200,USD,1407,2026-06-05
CRD_2BE0C7968F004557B9AB,SCRYDEX_JP,GRADED,10,,,52993,2026-06-29
CRD_2BE0C7968F004557B9AB,SCRYDEX_JP,RAW,,0.8200,USD,1260,2026-06-29
CRD_2BE2AAD4366A40AAB96E,SCRYDEX_EN,RAW,,8.9300,USD,13657,2026-06-05
CRD_2BE2AAD4366A40AAB96E,SCRYDEX_JP,GRADED,10,,,102837,2026-06-29
CRD_2BE2AAD4366A40AAB96E,SCRYDEX_JP,GRADED,9,,,12507,2026-06-29
CRD_2BE2AAD4366A40AAB96E,SCRYDEX_JP,RAW,,10.5800,USD,16256,2026-06-29
CRD_2BE4A0CA25944D3292C7,SCRYDEX_EN,RAW,,1.8800,USD,2875,2026-06-05
CRD_2BE4A0CA25944D3292C7,SCRYDEX_JP,GRADED,10,,,36829,2026-06-29
CRD_2BE4A0CA25944D3292C7,SCRYDEX_JP,RAW,,1.7400,USD,2673,2026-06-29
CRD_2C17B97D2D95413699E9,SCRYDEX_EN,RAW,,315.7400,USD,485128,2026-06-29
CRD_2C17B97D2D95413699E9,SCRYDEX_JP,GRADED,10,,,5041959,2026-06-29
CRD_2C17B97D2D95413699E9,SCRYDEX_JP,GRADED,9,,,1183904,2026-06-29
CRD_2C17B97D2D95413699E9,SCRYDEX_JP,RAW,,407.8500,USD,626653,2026-06-29
CRD_2C1B8B60A6A24410B160,SCRYDEX_EN,RAW,,4.2700,USD,6530,2026-06-05
CRD_2C1B8B60A6A24410B160,SCRYDEX_JP,GRADED,10,,,45649,2026-06-29
CRD_2C1B8B60A6A24410B160,SCRYDEX_JP,GRADED,9,,,24538,2026-06-29
CRD_2C1B8B60A6A24410B160,SCRYDEX_JP,RAW,,7.6900,USD,11816,2026-06-29
CRD_2C1DA4E5D17E428CB8AF,SCRYDEX_EN,RAW,,8.3000,USD,12694,2026-06-05
CRD_2C1DA4E5D17E428CB8AF,SCRYDEX_JP,GRADED,10,,,78745,2026-06-29
CRD_2C1DA4E5D17E428CB8AF,SCRYDEX_JP,RAW,,13.6500,USD,20973,2026-06-29
CRD_2C1EDC815A2644BEB9DE,SCRYDEX_EN,RAW,,7.6700,USD,11730,2026-06-05
CRD_2C1EDC815A2644BEB9DE,SCRYDEX_JP,GRADED,10,,,65177,2026-06-29
CRD_2C1EDC815A2644BEB9DE,SCRYDEX_JP,GRADED,9,,,27733,2026-06-29
CRD_2C1EDC815A2644BEB9DE,SCRYDEX_JP,RAW,,3.3500,USD,5147,2026-06-29
CRD_2C36A353792C402C93E8,SCRYDEX_EN,RAW,,4.5500,USD,6959,2026-06-05
CRD_2C36A353792C402C93E8,SCRYDEX_JP,GRADED,10,,,61137,2026-06-29
CRD_2C36A353792C402C93E8,SCRYDEX_JP,GRADED,9,,,22125,2026-06-29
CRD_2C36A353792C402C93E8,SCRYDEX_JP,RAW,,1.4400,USD,2213,2026-06-29
CRD_2C4C0A40740543B09035,SCRYDEX_EN,RAW,,1.9800,USD,3028,2026-06-05
CRD_2C4C0A40740543B09035,SCRYDEX_JP,GRADED,10,,,60691,2026-06-29
CRD_2C4C0A40740543B09035,SCRYDEX_JP,GRADED,9,,,15795,2026-06-29
CRD_2C4C0A40740543B09035,SCRYDEX_JP,RAW,,2.3100,USD,3549,2026-06-29
CRD_2C540CA835784066A98A,SCRYDEX_EN,RAW,,64.2900,USD,98323,2026-06-05
CRD_2C540CA835784066A98A,SCRYDEX_JP,GRADED,9,,,101438,2026-06-29
CRD_2C540CA835784066A98A,SCRYDEX_JP,RAW,,56.2300,USD,86396,2026-06-29
CRD_2C78DB6891D243219B2F,SCRYDEX_EN,RAW,,1.4400,USD,2202,2026-06-05
CRD_2C78DB6891D243219B2F,SCRYDEX_JP,GRADED,10,,,55405,2026-06-29
CRD_2C78DB6891D243219B2F,SCRYDEX_JP,GRADED,9,,,39349,2026-06-29
CRD_2C78DB6891D243219B2F,SCRYDEX_JP,RAW,,1.5700,USD,2412,2026-06-29
CRD_2CABD12EE5B74135858E,SCRYDEX_EN,RAW,,1.7800,USD,2722,2026-06-05
CRD_2CABD12EE5B74135858E,SCRYDEX_JP,GRADED,10,,,45357,2026-06-29
CRD_2CABD12EE5B74135858E,SCRYDEX_JP,GRADED,9,,,21526,2026-06-29
CRD_2CABD12EE5B74135858E,SCRYDEX_JP,RAW,,1.2100,USD,1859,2026-06-29
CRD_2CC63A0C3FDE4901A41B,SCRYDEX_EN,RAW,,18.8100,USD,28901,2026-06-29
CRD_2CC63A0C3FDE4901A41B,SCRYDEX_JP,GRADED,10,,,97843,2026-06-29
CRD_2CC63A0C3FDE4901A41B,SCRYDEX_JP,RAW,,11.0100,USD,16917,2026-06-29
CRD_2CE1E087831443ADACEE,SCRYDEX_EN,RAW,,84.0500,USD,127501,2026-06-15
CRD_2CE1E087831443ADACEE,SCRYDEX_JP,GRADED,10,,,3561929,2026-06-29
CRD_2CE1E087831443ADACEE,SCRYDEX_JP,GRADED,9,,,442368,2026-06-29
CRD_2CE1E087831443ADACEE,SCRYDEX_JP,RAW,,477500.0000,KRW,477500,2026-06-09
CRD_2CECD65EDFEE402B8093,SCRYDEX_EN,RAW,,17.4500,USD,26812,2026-06-29
CRD_2CECD65EDFEE402B8093,SCRYDEX_JP,GRADED,10,,,108675,2026-06-29
CRD_2CECD65EDFEE402B8093,SCRYDEX_JP,GRADED,9,,,30883,2026-06-29
CRD_2CECD65EDFEE402B8093,SCRYDEX_JP,RAW,,7.5400,USD,11585,2026-06-29
CRD_2D086E56EA5A4353922E,SCRYDEX_EN,RAW,,31.1500,USD,47861,2026-06-29
CRD_2D086E56EA5A4353922E,SCRYDEX_JP,GRADED,10,,,120706,2026-06-29
CRD_2D086E56EA5A4353922E,SCRYDEX_JP,GRADED,9,,,42714,2026-06-29
CRD_2D086E56EA5A4353922E,SCRYDEX_JP,RAW,,26.1800,USD,40225,2026-06-29
CRD_2D08E66725174B8D97BF,SCRYDEX_EN,RAW,,0.6100,USD,933,2026-06-05
CRD_2D08E66725174B8D97BF,SCRYDEX_JP,GRADED,10,,,58832,2026-06-29
CRD_2D08E66725174B8D97BF,SCRYDEX_JP,RAW,,1.2100,USD,1859,2026-06-29
CRD_2D0FDD0C77AF4176BAA2,SCRYDEX_EN,RAW,,2.2200,USD,3395,2026-06-05
CRD_2D0FDD0C77AF4176BAA2,SCRYDEX_JP,GRADED,10,,,46094,2026-06-29
CRD_2D0FDD0C77AF4176BAA2,SCRYDEX_JP,RAW,,1.1600,USD,1782,2026-06-29
CRD_2D25B07240614BDCAAAC,SCRYDEX_EN,RAW,,8.0700,USD,12399,2026-06-29
CRD_2D25B07240614BDCAAAC,SCRYDEX_JP,GRADED,10,,,56312,2026-06-29
CRD_2D25B07240614BDCAAAC,SCRYDEX_JP,RAW,,6.6100,USD,10156,2026-06-29
CRD_2D3476E6CBAD4BDCB062,SCRYDEX_EN,RAW,,4.4200,USD,6760,2026-06-05
CRD_2D3476E6CBAD4BDCB062,SCRYDEX_JP,GRADED,10,,,81649,2026-06-29
CRD_2D3476E6CBAD4BDCB062,SCRYDEX_JP,GRADED,9,,,22878,2026-06-29
CRD_2D3476E6CBAD4BDCB062,SCRYDEX_JP,RAW,,1.7400,USD,2673,2026-06-29
CRD_2D3BEACE738C403A95FC,SCRYDEX_EN,RAW,,0.8400,USD,1285,2026-06-05
CRD_2D3BEACE738C403A95FC,SCRYDEX_JP,GRADED,10,,,62965,2026-06-29
CRD_2D3BEACE738C403A95FC,SCRYDEX_JP,GRADED,9,,,27211,2026-06-29
CRD_2D3BEACE738C403A95FC,SCRYDEX_JP,RAW,,0.7800,USD,1198,2026-06-29
CRD_2D4779F86C774DBFA501,SCRYDEX_EN,RAW,,0.9300,USD,1422,2026-06-05
CRD_2D4779F86C774DBFA501,SCRYDEX_JP,GRADED,10,,,43160,2026-06-29
CRD_2D4779F86C774DBFA501,SCRYDEX_JP,GRADED,9,,,13444,2026-06-29
CRD_2D4779F86C774DBFA501,SCRYDEX_JP,RAW,,1.4900,USD,2289,2026-06-29
CRD_2D4AA6D08A11483FA5DB,SCRYDEX_EN,RAW,,0.7800,USD,1193,2026-06-05
CRD_2D4AA6D08A11483FA5DB,SCRYDEX_JP,GRADED,10,,,24630,2026-06-29
CRD_2D4AA6D08A11483FA5DB,SCRYDEX_JP,RAW,,0.2300,USD,353,2026-06-29
CRD_2D4B139B3E984F86B365,SCRYDEX_EN,RAW,,7.8500,USD,12061,2026-06-29
CRD_2D4B139B3E984F86B365,SCRYDEX_JP,GRADED,10,,,64133,2026-06-29
CRD_2D4B139B3E984F86B365,SCRYDEX_JP,RAW,,5.2900,USD,8128,2026-06-29
CRD_2D610AC70AB04D4887B7,SCRYDEX_EN,RAW,,5.4100,USD,8274,2026-06-05
CRD_2D610AC70AB04D4887B7,SCRYDEX_JP,GRADED,10,,,56850,2026-06-29
CRD_2D610AC70AB04D4887B7,SCRYDEX_JP,RAW,,3.3000,USD,5070,2026-06-29
CRD_2D84D1DA75FF4868B015,SCRYDEX_EN,RAW,,84.5600,USD,129925,2026-06-29
CRD_2D84D1DA75FF4868B015,SCRYDEX_JP,GRADED,10,,,230580,2026-06-29
CRD_2D84D1DA75FF4868B015,SCRYDEX_JP,RAW,,71.0900,USD,109228,2026-06-29
CRD_2DAAC2D00EB94B1F861B,SCRYDEX_EN,RAW,,0.8200,USD,1260,2026-06-29
CRD_2DB11712502240BA802B,SCRYDEX_EN,RAW,,39.1100,USD,60092,2026-06-29
CRD_2DB11712502240BA802B,SCRYDEX_JP,GRADED,10,,,122258,2026-06-29
CRD_2DB11712502240BA802B,SCRYDEX_JP,GRADED,9,,,62489,2026-06-29
CRD_2DB11712502240BA802B,SCRYDEX_JP,RAW,,15.2700,USD,23462,2026-06-29
CRD_2E14D4A8D7AB4CCB95D2,SCRYDEX_EN,RAW,,9.9600,USD,15233,2026-06-05
CRD_2E14D4A8D7AB4CCB95D2,SCRYDEX_JP,GRADED,10,,,70094,2026-06-29
CRD_2E14D4A8D7AB4CCB95D2,SCRYDEX_JP,GRADED,9,,,24645,2026-06-29
CRD_2E14D4A8D7AB4CCB95D2,SCRYDEX_JP,RAW,,2.5700,USD,3949,2026-06-29
CRD_2E16148F22B445A2B1F9,SCRYDEX_EN,RAW,,3.2300,USD,4940,2026-06-05
CRD_2E16148F22B445A2B1F9,SCRYDEX_JP,GRADED,10,,,166816,2026-06-29
CRD_2E16148F22B445A2B1F9,SCRYDEX_JP,GRADED,9,,,14597,2026-06-29
CRD_2E16148F22B445A2B1F9,SCRYDEX_JP,RAW,,3.5200,USD,5408,2026-06-29
CRD_2E2D7916E97E4BB997FF,SCRYDEX_EN,RAW,,0.9600,USD,1468,2026-06-05
CRD_2E2D7916E97E4BB997FF,SCRYDEX_JP,GRADED,10,,,49951,2026-06-29
CRD_2E2D7916E97E4BB997FF,SCRYDEX_JP,RAW,,0.7000,USD,1076,2026-06-29
CRD_2E403B756FE641CB89FF32CEB4BDDB4E,SCRYDEX_EN,RAW,,318.0300,USD,488647,2026-06-29
CRD_2E403B756FE641CB89FF32CEB4BDDB4E,SCRYDEX_JP,GRADED,10,,,794345,2026-06-29
CRD_2E403B756FE641CB89FF32CEB4BDDB4E,SCRYDEX_JP,GRADED,9,,,263230,2026-06-29
CRD_2E403B756FE641CB89FF32CEB4BDDB4E,SCRYDEX_JP,RAW,,207.0500,USD,318128,2026-06-29
CRD_2E4CD75454EB4A199A90,SCRYDEX_EN,RAW,,267.0600,USD,410332,2026-06-29
CRD_2E4CD75454EB4A199A90,SCRYDEX_JP,GRADED,10,,,801151,2026-06-29
CRD_2E4CD75454EB4A199A90,SCRYDEX_JP,GRADED,9,,,340822,2026-06-29
CRD_2E4CD75454EB4A199A90,SCRYDEX_JP,RAW,,168.8500,USD,259435,2026-06-29
CRD_2E5F9227724846BE8970,SCRYDEX_EN,RAW,,10.8400,USD,16655,2026-06-29
CRD_2E5F9227724846BE8970,SCRYDEX_JP,GRADED,10,,,83246,2026-06-29
CRD_2E5F9227724846BE8970,SCRYDEX_JP,GRADED,9,,,23862,2026-06-29
CRD_2E5F9227724846BE8970,SCRYDEX_JP,RAW,,3.4400,USD,5285,2026-06-29
CRD_2E7CD2B64DB94542A5DB,SCRYDEX_EN,RAW,,17.2000,USD,26427,2026-06-29
CRD_2E7CD2B64DB94542A5DB,SCRYDEX_JP,GRADED,10,,,55067,2026-06-29
CRD_2E7CD2B64DB94542A5DB,SCRYDEX_JP,GRADED,9,,,13214,2026-06-29
CRD_2E7CD2B64DB94542A5DB,SCRYDEX_JP,RAW,,2.3500,USD,3611,2026-06-29
CRD_2E8555FADF814122AE17,SCRYDEX_EN,RAW,,5.3200,USD,8174,2026-06-29
CRD_2E8555FADF814122AE17,SCRYDEX_JP,GRADED,10,,,29654,2026-06-29
CRD_2E8555FADF814122AE17,SCRYDEX_JP,RAW,,5.6300,USD,8650,2026-06-29
CRD_2E88C364F7394ACBB0AB,SCRYDEX_EN,RAW,,31.3800,USD,48215,2026-06-29
CRD_2E88C364F7394ACBB0AB,SCRYDEX_JP,GRADED,10,,,254103,2026-06-29
CRD_2E88C364F7394ACBB0AB,SCRYDEX_JP,GRADED,9,,,77546,2026-06-29
CRD_2E88C364F7394ACBB0AB,SCRYDEX_JP,RAW,,60.9500,USD,93648,2026-06-29
CRD_2E8C144F443F49BBAE9B,SCRYDEX_EN,RAW,,0.6600,USD,1009,2026-06-05
CRD_2E8CB13E9FEE40A28A14,SCRYDEX_EN,RAW,,10.5000,USD,16058,2026-06-05
CRD_2E8CB13E9FEE40A28A14,SCRYDEX_JP,GRADED,10,,,292023,2026-06-29
CRD_2E8CB13E9FEE40A28A14,SCRYDEX_JP,GRADED,9,,,193228,2026-06-29
CRD_2E8CB13E9FEE40A28A14,SCRYDEX_JP,RAW,,218500.0000,KRW,218500,2026-06-29
CRD_2ED0AB8374204F3DABF4,SCRYDEX_EN,RAW,,1.5100,USD,2320,2026-06-29
CRD_2ED0AB8374204F3DABF4,SCRYDEX_JP,GRADED,10,,,43482,2026-06-29
CRD_2ED0AB8374204F3DABF4,SCRYDEX_JP,GRADED,9,,,19913,2026-06-29
CRD_2ED0AB8374204F3DABF4,SCRYDEX_JP,RAW,,0.6000,USD,922,2026-06-29
CRD_2ED4580E9B974C03A527,SCRYDEX_EN,RAW,,14.3100,USD,21987,2026-06-29
CRD_2ED4580E9B974C03A527,SCRYDEX_JP,GRADED,10,,,49167,2026-06-29
CRD_2ED4580E9B974C03A527,SCRYDEX_JP,RAW,,8.9900,USD,13813,2026-06-29
CRD_2EDC5DADC4F24ECD976A,SCRYDEX_EN,RAW,,0.8100,USD,1239,2026-06-05
CRD_2EDC5DADC4F24ECD976A,SCRYDEX_JP,GRADED,10,,,26043,2026-06-29
CRD_2EDC5DADC4F24ECD976A,SCRYDEX_JP,GRADED,9,,,16901,2026-06-29
CRD_2EDC5DADC4F24ECD976A,SCRYDEX_JP,RAW,,0.4100,USD,630,2026-06-29
CRD_2F01A346908C450BB7DD,SCRYDEX_EN,RAW,,2.9500,USD,4512,2026-06-05
CRD_2F01A346908C450BB7DD,SCRYDEX_JP,GRADED,10,,,54361,2026-06-29
CRD_2F01A346908C450BB7DD,SCRYDEX_JP,GRADED,9,,,21173,2026-06-29
CRD_2F01A346908C450BB7DD,SCRYDEX_JP,RAW,,1.6600,USD,2551,2026-06-29
CRD_2F0219577D244E019E99,SCRYDEX_EN,RAW,,10.2400,USD,15734,2026-06-29
CRD_2F0219577D244E019E99,SCRYDEX_JP,GRADED,10,,,64455,2026-06-29
CRD_2F0219577D244E019E99,SCRYDEX_JP,GRADED,9,,,24138,2026-06-29
CRD_2F0219577D244E019E99,SCRYDEX_JP,RAW,,2.1500,USD,3303,2026-06-29
CRD_2F0ED241ED394BF6BF87,SCRYDEX_EN,RAW,,0.6200,USD,948,2026-06-05
CRD_2F0ED241ED394BF6BF87,SCRYDEX_JP,GRADED,10,,,30760,2026-06-29
CRD_2F0ED241ED394BF6BF87,SCRYDEX_JP,RAW,,0.2800,USD,430,2026-06-29
CRD_2F1F77D90BA84F3E8C7D,SCRYDEX_EN,RAW,,46.8900,USD,71712,2026-06-05
CRD_2F1F77D90BA84F3E8C7D,SCRYDEX_JP,GRADED,10,,,471454,2026-06-29
CRD_2F1F77D90BA84F3E8C7D,SCRYDEX_JP,GRADED,9,,,136363,2026-06-29
CRD_2F1F77D90BA84F3E8C7D,SCRYDEX_JP,RAW,,38.7200,USD,59493,2026-06-29
CRD_2F3643AC21E84F689C43,SCRYDEX_EN,RAW,,7.8900,USD,12067,2026-06-05
CRD_2F3643AC21E84F689C43,SCRYDEX_JP,GRADED,10,,,136793,2026-06-29
CRD_2F3643AC21E84F689C43,SCRYDEX_JP,RAW,,8.8100,USD,13536,2026-06-29
CRD_2F43F0F33B364E59B1AA,SCRYDEX_EN,RAW,,88.9900,USD,136731,2026-06-29
CRD_2F43F0F33B364E59B1AA,SCRYDEX_JP,GRADED,10,,,678894,2026-06-29
CRD_2F43F0F33B364E59B1AA,SCRYDEX_JP,GRADED,9,,,149469,2026-06-29
CRD_2F43F0F33B364E59B1AA,SCRYDEX_JP,RAW,,190.9800,USD,293437,2026-06-29
CRD_2F4B432C1AE74911BACC,SCRYDEX_EN,RAW,,4.2700,USD,6530,2026-06-05
CRD_2F4B432C1AE74911BACC,SCRYDEX_JP,GRADED,10,,,61597,2026-06-29
CRD_2F4B432C1AE74911BACC,SCRYDEX_JP,RAW,,4.9700,USD,7636,2026-06-29
CRD_2F5447039AA345D78AAB,SCRYDEX_EN,RAW,,59.3400,USD,91175,2026-06-29
CRD_2F5447039AA345D78AAB,SCRYDEX_JP,GRADED,10,,,98335,2026-06-29
CRD_2F5447039AA345D78AAB,SCRYDEX_JP,GRADED,9,,,47815,2026-06-29
CRD_2F5447039AA345D78AAB,SCRYDEX_JP,RAW,,29.3100,USD,45034,2026-06-29
CRD_2F715EB445B84B778ECB,SCRYDEX_EN,RAW,,1.1200,USD,1713,2026-06-05
CRD_2F715EB445B84B778ECB,SCRYDEX_JP,GRADED,10,,,50304,2026-06-29
CRD_2F715EB445B84B778ECB,SCRYDEX_JP,RAW,,0.9400,USD,1444,2026-06-29
CRD_2FA1805FDEA84161ABE3,SCRYDEX_EN,RAW,,3.4600,USD,5292,2026-06-05
CRD_2FA1805FDEA84161ABE3,SCRYDEX_JP,GRADED,10,,,43759,2026-06-29
CRD_2FA1805FDEA84161ABE3,SCRYDEX_JP,GRADED,9,,,22494,2026-06-29
CRD_2FA1805FDEA84161ABE3,SCRYDEX_JP,RAW,,2.1300,USD,3273,2026-06-29
CRD_2FA2149F64BC049AC26F,SCRYDEX_JP,RAW,,0.5300,USD,814,2026-06-29
CRD_2FA7E35871623C66AA96,SCRYDEX_JP,GRADED,10,,,41485,2026-06-29
CRD_2FA7E35871623C66AA96,SCRYDEX_JP,RAW,,4.7000,USD,7221,2026-06-29
CRD_2FABCAF7B31F4346915C,SCRYDEX_EN,RAW,,20.6600,USD,31744,2026-06-29
CRD_2FABCAF7B31F4346915C,SCRYDEX_JP,GRADED,10,,,68804,2026-06-29
CRD_2FABCAF7B31F4346915C,SCRYDEX_JP,GRADED,9,,,32742,2026-06-29
CRD_2FABCAF7B31F4346915C,SCRYDEX_JP,RAW,,10.0400,USD,15426,2026-06-29
CRD_2FB8CA83CF9D40F1A071,SCRYDEX_EN,RAW,,7.2000,USD,11011,2026-06-05
CRD_2FB8CA83CF9D40F1A071,SCRYDEX_JP,RAW,,1900.0000,KRW,1900,2026-06-29
CRD_2FCEBFB496E94F0CB99B,SCRYDEX_EN,RAW,,5.0900,USD,7784,2026-06-05
CRD_2FCEBFB496E94F0CB99B,SCRYDEX_JP,GRADED,10,,,81556,2026-06-29
CRD_2FCEBFB496E94F0CB99B,SCRYDEX_JP,RAW,,3.8300,USD,5885,2026-06-29
CRD_2FDCD42F1BBC4E4BAD11,SCRYDEX_EN,RAW,,0.7800,USD,1193,2026-06-05
CRD_2FDCD42F1BBC4E4BAD11,SCRYDEX_JP,GRADED,10,,,62857,2026-06-29
CRD_2FDCD42F1BBC4E4BAD11,SCRYDEX_JP,GRADED,9,,,26120,2026-06-29
CRD_2FDCD42F1BBC4E4BAD11,SCRYDEX_JP,RAW,,0.6400,USD,983,2026-06-29
CRD_2FE00DB6CB1E400085C1,SCRYDEX_EN,RAW,,6.1500,USD,9406,2026-06-05
CRD_2FE394C852394D129604,SCRYDEX_EN,RAW,,5.5700,USD,8558,2026-06-29
CRD_2FE394C852394D129604,SCRYDEX_JP,GRADED,10,,,67344,2026-06-29
CRD_2FE394C852394D129604,SCRYDEX_JP,GRADED,9,,,25982,2026-06-29
CRD_2FE394C852394D129604,SCRYDEX_JP,RAW,,2.8300,USD,4348,2026-06-29
CRD_300C6F0A10AF4D768DAB,SCRYDEX_EN,RAW,,19.6900,USD,30253,2026-06-29
CRD_300C6F0A10AF4D768DAB,SCRYDEX_JP,GRADED,10,,,84660,2026-06-29
CRD_300C6F0A10AF4D768DAB,SCRYDEX_JP,GRADED,9,,,21511,2026-06-29
CRD_300C6F0A10AF4D768DAB,SCRYDEX_JP,RAW,,6.2800,USD,9649,2026-06-29
CRD_301C4EFCC282412B9BCC,SCRYDEX_EN,RAW,,13.0100,USD,19897,2026-06-05
CRD_301C4EFCC282412B9BCC,SCRYDEX_JP,GRADED,10,,,129541,2026-06-29
CRD_301C4EFCC282412B9BCC,SCRYDEX_JP,GRADED,9,,,31728,2026-06-29
CRD_301C4EFCC282412B9BCC,SCRYDEX_JP,RAW,,8.4900,USD,13045,2026-06-29
CRD_302EC9D2C71947778B51,SCRYDEX_EN,RAW,,109.6700,USD,168506,2026-06-29
CRD_302EC9D2C71947778B51,SCRYDEX_JP,GRADED,10,,,170918,2026-06-29
CRD_302EC9D2C71947778B51,SCRYDEX_JP,GRADED,9,,,82432,2026-06-29
CRD_302EC9D2C71947778B51,SCRYDEX_JP,RAW,,29.4500,USD,45249,2026-06-29
CRD_304585F5A84F181F1105,SCRYDEX_EN,RAW,,19.9800,USD,30699,2026-06-29
CRD_304585F5A84F181F1105,SCRYDEX_JP,GRADED,10,,,77869,2026-06-29
CRD_304585F5A84F181F1105,SCRYDEX_JP,GRADED,9,,,19774,2026-06-29
CRD_304585F5A84F181F1105,SCRYDEX_JP,RAW,,11.4500,USD,17593,2026-06-29
CRD_304D28B61C7F409C86A4,SCRYDEX_EN,RAW,,23.6900,USD,36399,2026-06-29
CRD_304D28B61C7F409C86A4,SCRYDEX_JP,GRADED,10,,,83508,2026-06-28
CRD_304D28B61C7F409C86A4,SCRYDEX_JP,GRADED,9,,,33680,2026-06-28
CRD_304D28B61C7F409C86A4,SCRYDEX_JP,RAW,,12.8800,USD,19790,2026-06-28
CRD_304E6E316BFB44F593D5,SCRYDEX_EN,RAW,,2.4400,USD,3732,2026-06-05
CRD_304E6E316BFB44F593D5,SCRYDEX_JP,GRADED,10,,,36676,2026-06-29
CRD_304E6E316BFB44F593D5,SCRYDEX_JP,RAW,,0.8000,USD,1229,2026-06-29
CRD_30523D5BF2EE4A83A4CB,SCRYDEX_EN,RAW,,7.7200,USD,11807,2026-06-05
CRD_306457DE76EA45C5B61B,SCRYDEX_EN,RAW,,4.3700,USD,6683,2026-06-05
CRD_306457DE76EA45C5B61B,SCRYDEX_JP,GRADED,10,,,29531,2026-06-29
CRD_306457DE76EA45C5B61B,SCRYDEX_JP,GRADED,9,,,30730,2026-06-29
CRD_306457DE76EA45C5B61B,SCRYDEX_JP,RAW,,5.8200,USD,8942,2026-06-29
CRD_308148D51D5845769B01,SCRYDEX_EN,RAW,,38.6200,USD,59339,2026-06-29
CRD_308148D51D5845769B01,SCRYDEX_JP,GRADED,10,,,87057,2026-06-29
CRD_308148D51D5845769B01,SCRYDEX_JP,GRADED,9,,,24507,2026-06-29
CRD_308148D51D5845769B01,SCRYDEX_JP,RAW,,20.3500,USD,31267,2026-06-29
CRD_30975550ADDC4EA8A667,SCRYDEX_EN,RAW,,80.7100,USD,124009,2026-06-29
CRD_30975550ADDC4EA8A667,SCRYDEX_JP,GRADED,10,,,353867,2026-06-29
CRD_30975550ADDC4EA8A667,SCRYDEX_JP,GRADED,9,,,131384,2026-06-29
CRD_30975550ADDC4EA8A667,SCRYDEX_JP,RAW,,96.5000,USD,148270,2026-06-29
CRD_3099C7E0FF07461FA926,SCRYDEX_EN,RAW,,0.8300,USD,1275,2026-06-29
CRD_3099C7E0FF07461FA926,SCRYDEX_JP,GRADED,10,,,81556,2026-06-28
CRD_3099C7E0FF07461FA926,SCRYDEX_JP,RAW,,0.3500,USD,538,2026-06-28
CRD_30A6CD03B29E4EAFA1C2,SCRYDEX_EN,RAW,,10.2600,USD,15764,2026-06-29
CRD_30A6CD03B29E4EAFA1C2,SCRYDEX_JP,GRADED,10,,,54099,2026-06-29
CRD_30A6CD03B29E4EAFA1C2,SCRYDEX_JP,GRADED,9,,,23109,2026-06-29
CRD_30A6CD03B29E4EAFA1C2,SCRYDEX_JP,RAW,,4.5500,USD,6991,2026-06-29
CRD_30E3A8301DC84AC182A0,SCRYDEX_EN,RAW,,2.2400,USD,3426,2026-06-05
CRD_30E3A8301DC84AC182A0,SCRYDEX_JP,GRADED,10,,,15426,2026-06-29
CRD_30E3A8301DC84AC182A0,SCRYDEX_JP,RAW,,0.9200,USD,1414,2026-06-29
CRD_30EDC0F1FD7B46A58FDE,SCRYDEX_EN,RAW,,5.8100,USD,8886,2026-06-05
CRD_30EDC0F1FD7B46A58FDE,SCRYDEX_JP,GRADED,10,,,73290,2026-06-29
CRD_30EDC0F1FD7B46A58FDE,SCRYDEX_JP,GRADED,9,,,21465,2026-06-29
CRD_30EDC0F1FD7B46A58FDE,SCRYDEX_JP,RAW,,7.2700,USD,11170,2026-06-29
CRD_30FDE55BA54D445982F5,SCRYDEX_EN,RAW,,2.0400,USD,3120,2026-06-05
CRD_30FDE55BA54D445982F5,SCRYDEX_JP,GRADED,10,,,39226,2026-06-29
CRD_30FDE55BA54D445982F5,SCRYDEX_JP,RAW,,1.3600,USD,2090,2026-06-29
CRD_30FF9351A4A04DDEBA05,SCRYDEX_EN,RAW,,19.1100,USD,29362,2026-06-29
CRD_30FF9351A4A04DDEBA05,SCRYDEX_JP,GRADED,10,,,107938,2026-06-29
CRD_30FF9351A4A04DDEBA05,SCRYDEX_JP,GRADED,9,,,44619,2026-06-29
CRD_30FF9351A4A04DDEBA05,SCRYDEX_JP,RAW,,27.5000,USD,42253,2026-06-29
CRD_31207730A1244D4BA676,SCRYDEX_EN,RAW,,1.0000,USD,1529,2026-06-05
CRD_31587FB56FBD49B593F1,SCRYDEX_EN,RAW,,14.3500,USD,22048,2026-06-29
CRD_31587FB56FBD49B593F1,SCRYDEX_JP,GRADED,10,,,69971,2026-06-29
CRD_31587FB56FBD49B593F1,SCRYDEX_JP,GRADED,9,,,25813,2026-06-29
CRD_31587FB56FBD49B593F1,SCRYDEX_JP,RAW,,5.6100,USD,8620,2026-06-29
CRD_315BCF529A824490A671,SCRYDEX_EN,RAW,,0.9200,USD,1407,2026-06-05
CRD_315BCF529A824490A671,SCRYDEX_JP,RAW,,1.5600,USD,2397,2026-06-29
CRD_318B01AFB53C42318601,SCRYDEX_EN,RAW,,4.5700,USD,6989,2026-06-05
CRD_318B01AFB53C42318601,SCRYDEX_JP,RAW,,13.0000,USD,19974,2026-06-29
CRD_31940B3434F54CAB8CAB,SCRYDEX_EN,RAW,,2.3100,USD,3549,2026-06-29
CRD_31940B3434F54CAB8CAB,SCRYDEX_JP,GRADED,10,,,129064,2026-06-29
CRD_31940B3434F54CAB8CAB,SCRYDEX_JP,RAW,,4.9500,USD,7606,2026-06-29
CRD_31985982AAFB4AECA49A,SCRYDEX_EN,RAW,,116.4600,USD,178938,2026-06-29
CRD_31985982AAFB4AECA49A,SCRYDEX_JP,GRADED,10,,,706489,2026-06-29
CRD_31985982AAFB4AECA49A,SCRYDEX_JP,GRADED,9,,,215107,2026-06-29
CRD_31985982AAFB4AECA49A,SCRYDEX_JP,RAW,,72.3300,USD,111134,2026-06-29
CRD_31A84E046FF1424F95D8,SCRYDEX_EN,RAW,,9.5800,USD,14651,2026-06-05
CRD_31B29DFE42E24D77AFE1,SCRYDEX_EN,RAW,,70.2000,USD,107861,2026-06-29
CRD_31B29DFE42E24D77AFE1,SCRYDEX_JP,GRADED,10,,,142001,2026-06-29
CRD_31B29DFE42E24D77AFE1,SCRYDEX_JP,GRADED,9,,,49029,2026-06-29
CRD_31B29DFE42E24D77AFE1,SCRYDEX_JP,RAW,,21.0500,USD,32343,2026-06-29
CRD_31C58C5A3B144203BD03,SCRYDEX_EN,RAW,,0.8900,USD,1361,2026-06-05
CRD_31C58C5A3B144203BD03,SCRYDEX_JP,GRADED,10,,,34002,2026-06-29
CRD_31C58C5A3B144203BD03,SCRYDEX_JP,GRADED,9,,,31498,2026-06-29
CRD_31C58C5A3B144203BD03,SCRYDEX_JP,RAW,,0.4000,USD,615,2026-06-29
CRD_31E2B98699A1410FBAC9,SCRYDEX_EN,RAW,,2.5000,USD,3823,2026-06-05
CRD_31E2B98699A1410FBAC9,SCRYDEX_JP,GRADED,10,,,48522,2026-06-29
CRD_31E2B98699A1410FBAC9,SCRYDEX_JP,GRADED,9,,,23032,2026-06-29
CRD_31E2B98699A1410FBAC9,SCRYDEX_JP,RAW,,1.9500,USD,2996,2026-06-29
CRD_32082DD1A5DE41889046,SCRYDEX_EN,RAW,,0.7100,USD,1086,2026-06-05
CRD_32082DD1A5DE41889046,SCRYDEX_JP,GRADED,10,,,54253,2026-06-29
CRD_32082DD1A5DE41889046,SCRYDEX_JP,GRADED,9,,,15365,2026-06-29
CRD_32082DD1A5DE41889046,SCRYDEX_JP,RAW,,0.2700,USD,415,2026-06-29
CRD_321DE0F8BCA944D8BF43,SCRYDEX_EN,RAW,,2.2400,USD,3442,2026-06-29
CRD_321DE0F8BCA944D8BF43,SCRYDEX_JP,GRADED,10,,,28425,2026-06-29
CRD_321DE0F8BCA944D8BF43,SCRYDEX_JP,RAW,,1.4000,USD,2151,2026-06-29
CRD_321E17A2C21747AAB24E,SCRYDEX_EN,RAW,,4.2200,USD,6484,2026-06-29
CRD_321E17A2C21747AAB24E,SCRYDEX_JP,GRADED,10,,,23524,2026-06-29
CRD_321E17A2C21747AAB24E,SCRYDEX_JP,RAW,,0.2900,USD,446,2026-06-29
CRD_322DAF78A9B34EA2B745,SCRYDEX_EN,RAW,,4.7800,USD,7310,2026-06-05
CRD_322DAF78A9B34EA2B745,SCRYDEX_JP,GRADED,10,,,58448,2026-06-29
CRD_322DAF78A9B34EA2B745,SCRYDEX_JP,GRADED,9,,,13828,2026-06-29
CRD_322DAF78A9B34EA2B745,SCRYDEX_JP,RAW,,5.8000,USD,8912,2026-06-29
CRD_32386B204F0740378DD5,SCRYDEX_EN,RAW,,5.5500,USD,8488,2026-06-05
CRD_32386B204F0740378DD5,SCRYDEX_JP,GRADED,10,,,73382,2026-06-29
CRD_32386B204F0740378DD5,SCRYDEX_JP,GRADED,9,,,15918,2026-06-29
CRD_32386B204F0740378DD5,SCRYDEX_JP,RAW,,2.3900,USD,3672,2026-06-29
CRD_324563089502413E8DA5,SCRYDEX_EN,RAW,,9.3500,USD,14366,2026-06-29
CRD_324563089502413E8DA5,SCRYDEX_JP,GRADED,10,,,60322,2026-06-29
CRD_324563089502413E8DA5,SCRYDEX_JP,GRADED,9,,,26305,2026-06-29
CRD_324563089502413E8DA5,SCRYDEX_JP,RAW,,10.1700,USD,15626,2026-06-29
CRD_324F58AAF4F444DEAE95,SCRYDEX_EN,RAW,,9.8600,USD,15080,2026-06-05
CRD_324F58AAF4F444DEAE95,SCRYDEX_JP,GRADED,10,,,43298,2026-06-29
CRD_324F58AAF4F444DEAE95,SCRYDEX_JP,GRADED,9,,,22340,2026-06-29
CRD_324F58AAF4F444DEAE95,SCRYDEX_JP,RAW,,3.1100,USD,4778,2026-06-29
CRD_325D356041B348968F5A,SCRYDEX_EN,RAW,,2.8200,USD,4313,2026-06-05
CRD_325D356041B348968F5A,SCRYDEX_JP,GRADED,10,,,53777,2026-06-29
CRD_325D356041B348968F5A,SCRYDEX_JP,GRADED,9,,,29193,2026-06-29
CRD_325D356041B348968F5A,SCRYDEX_JP,RAW,,2.1500,USD,3303,2026-06-29
CRD_326058E0F4514E8083F0,SCRYDEX_EN,RAW,,9.0300,USD,13810,2026-06-05
CRD_326058E0F4514E8083F0,SCRYDEX_JP,GRADED,10,,,69941,2026-06-29
CRD_326058E0F4514E8083F0,SCRYDEX_JP,GRADED,9,,,11985,2026-06-29
CRD_326058E0F4514E8083F0,SCRYDEX_JP,RAW,,8.1200,USD,12476,2026-06-29
CRD_32611C07C96441F59DCF,SCRYDEX_EN,RAW,,41.1100,USD,63165,2026-06-29
CRD_32611C07C96441F59DCF,SCRYDEX_JP,GRADED,10,,,157612,2026-06-29
CRD_32611C07C96441F59DCF,SCRYDEX_JP,GRADED,9,,,44235,2026-06-29
CRD_32611C07C96441F59DCF,SCRYDEX_JP,RAW,,26.7500,USD,41101,2026-06-29
CRD_32686724596F433298EB,SCRYDEX_EN,RAW,,18.9400,USD,29101,2026-06-29
CRD_32686724596F433298EB,SCRYDEX_JP,GRADED,10,,,120091,2026-06-29
CRD_32686724596F433298EB,SCRYDEX_JP,RAW,,35.0000,USD,53777,2026-06-29
CRD_326BB4D3A84B467EB968,SCRYDEX_EN,RAW,,191.9900,USD,294989,2026-06-29
CRD_326BB4D3A84B467EB968,SCRYDEX_JP,GRADED,10,,,425928,2026-06-29
CRD_326BB4D3A84B467EB968,SCRYDEX_JP,GRADED,9,,,257622,2026-06-29
CRD_326BB4D3A84B467EB968,SCRYDEX_JP,RAW,,146.1800,USD,224603,2026-06-29
CRD_32763B48F1E343B49F3A,SCRYDEX_EN,RAW,,4.3900,USD,6714,2026-06-05
CRD_32763B48F1E343B49F3A,SCRYDEX_JP,GRADED,10,,,28625,2026-06-29
CRD_32763B48F1E343B49F3A,SCRYDEX_JP,GRADED,9,,,11570,2026-06-29
CRD_32763B48F1E343B49F3A,SCRYDEX_JP,RAW,,1.4600,USD,2243,2026-06-29
CRD_329E5AFEC48D4C2B8D03,SCRYDEX_EN,RAW,,5.0400,USD,7708,2026-06-05
CRD_329E5AFEC48D4C2B8D03,SCRYDEX_JP,GRADED,10,,,50335,2026-06-29
CRD_329E5AFEC48D4C2B8D03,SCRYDEX_JP,RAW,,2.0000,USD,3073,2026-06-29
CRD_32A3236675F94589B53C,SCRYDEX_EN,RAW,,2.6600,USD,4068,2026-06-05
CRD_32A3236675F94589B53C,SCRYDEX_JP,GRADED,10,,,81864,2026-06-29
CRD_32A3236675F94589B53C,SCRYDEX_JP,GRADED,9,,,18438,2026-06-29
CRD_32A3236675F94589B53C,SCRYDEX_JP,RAW,,1.9800,USD,3042,2026-06-29
CRD_32B748391B31457F884D,SCRYDEX_EN,RAW,,199.2600,USD,306159,2026-06-29
CRD_32B748391B31457F884D,SCRYDEX_JP,GRADED,10,,,366988,2026-06-29
CRD_32B748391B31457F884D,SCRYDEX_JP,GRADED,9,,,215015,2026-06-29
CRD_32B748391B31457F884D,SCRYDEX_JP,RAW,,144.8900,USD,222621,2026-06-29
CRD_32C64F60484E4801A991,SCRYDEX_EN,RAW,,284.1500,USD,436591,2026-06-29
CRD_32C64F60484E4801A991,SCRYDEX_JP,GRADED,10,,,1240784,2026-06-28
CRD_32C64F60484E4801A991,SCRYDEX_JP,GRADED,9,,,357815,2026-06-28
CRD_32C64F60484E4801A991,SCRYDEX_JP,RAW,,266.6600,USD,409718,2026-06-28
CRD_32D88C6671424AA28280,SCRYDEX_EN,RAW,,1.9600,USD,2998,2026-06-05
CRD_32D88C6671424AA28280,SCRYDEX_JP,GRADED,10,,,30791,2026-06-29
CRD_32D88C6671424AA28280,SCRYDEX_JP,RAW,,4.2500,USD,6530,2026-06-29
CRD_32E8DC4B424E4966B6CB,SCRYDEX_EN,RAW,,17.5400,USD,26950,2026-06-29
CRD_32E8DC4B424E4966B6CB,SCRYDEX_JP,GRADED,10,,,70663,2026-06-29
CRD_32E8DC4B424E4966B6CB,SCRYDEX_JP,GRADED,9,,,24783,2026-06-29
CRD_32E8DC4B424E4966B6CB,SCRYDEX_JP,RAW,,4.6200,USD,7099,2026-06-29
CRD_32E8F32B11894AB188C1,SCRYDEX_EN,RAW,,14.0800,USD,21634,2026-06-29
CRD_32E8F32B11894AB188C1,SCRYDEX_JP,GRADED,10,,,191338,2026-06-29
CRD_32E8F32B11894AB188C1,SCRYDEX_JP,GRADED,9,,,90330,2026-06-29
CRD_32E8F32B11894AB188C1,SCRYDEX_JP,RAW,,95.0000,USD,145966,2026-06-29
CRD_330DDDD1228E4170B359,SCRYDEX_EN,RAW,,2.4700,USD,3778,2026-06-05
CRD_330DDDD1228E4170B359,SCRYDEX_JP,GRADED,9,,,12292,2026-06-29
CRD_330DDDD1228E4170B359,SCRYDEX_JP,RAW,,9500.0000,KRW,9500,2026-06-29
CRD_330E7648167E59934C965289F6483878,SCRYDEX_JP,GRADED,10,,,2528677,2026-06-29
CRD_330E7648167E59934C965289F6483878,SCRYDEX_JP,GRADED,9,,,832788,2026-06-29
CRD_330E7648167E59934C965289F6483878,SCRYDEX_JP,RAW,,1900000.0000,KRW,1900000,2026-06-29
CRD_331B23CD1B3542C09584,SCRYDEX_EN,RAW,,146.0200,USD,224357,2026-06-29
CRD_331B23CD1B3542C09584,SCRYDEX_JP,GRADED,10,,,898918,2026-06-29
CRD_331B23CD1B3542C09584,SCRYDEX_JP,GRADED,9,,,157474,2026-06-29
CRD_331B23CD1B3542C09584,SCRYDEX_JP,RAW,,90.0000,USD,138283,2026-06-29
CRD_331BADEFF9654B599D78,SCRYDEX_EN,RAW,,1.3100,USD,2003,2026-06-05
CRD_331BADEFF9654B599D78,SCRYDEX_JP,GRADED,10,,,41669,2026-06-29
CRD_331BADEFF9654B599D78,SCRYDEX_JP,GRADED,9,,,10740,2026-06-29
CRD_331BADEFF9654B599D78,SCRYDEX_JP,RAW,,0.5700,USD,876,2026-06-29
CRD_331E1FDCBECBFA41AEA9,SCRYDEX_JP,GRADED,10,,,47954,2026-06-29
CRD_331E1FDCBECBFA41AEA9,SCRYDEX_JP,RAW,,2.8000,USD,4302,2026-06-29
CRD_33360078EC2F4416BC8F,SCRYDEX_EN,RAW,,4.9300,USD,7540,2026-06-05
CRD_33360078EC2F4416BC8F,SCRYDEX_JP,GRADED,10,,,43867,2026-06-29
CRD_33360078EC2F4416BC8F,SCRYDEX_JP,GRADED,9,,,25383,2026-06-29
CRD_33360078EC2F4416BC8F,SCRYDEX_JP,RAW,,2.1100,USD,3242,2026-06-29
CRD_3339DB7AA7FD4A21BFE5,SCRYDEX_EN,RAW,,57.2500,USD,87556,2026-06-05
CRD_3339DB7AA7FD4A21BFE5,SCRYDEX_JP,GRADED,10,,,253657,2026-06-29
CRD_3339DB7AA7FD4A21BFE5,SCRYDEX_JP,GRADED,9,,,62996,2026-06-29
CRD_3339DB7AA7FD4A21BFE5,SCRYDEX_JP,RAW,,39.9900,USD,61444,2026-06-29
CRD_3341BC09AE6F45A6A646,SCRYDEX_EN,RAW,,1.8500,USD,2829,2026-06-05
CRD_3341BC09AE6F45A6A646,SCRYDEX_JP,GRADED,10,,,40932,2026-06-29
CRD_3341BC09AE6F45A6A646,SCRYDEX_JP,GRADED,9,,,10709,2026-06-29
CRD_3341BC09AE6F45A6A646,SCRYDEX_JP,RAW,,1.5500,USD,2382,2026-06-29
CRD_3358929E8924485E949B,SCRYDEX_EN,RAW,,1.7000,USD,2600,2026-06-05
CRD_3358929E8924485E949B,SCRYDEX_JP,GRADED,10,,,46125,2026-06-29
CRD_3358929E8924485E949B,SCRYDEX_JP,GRADED,9,,,17700,2026-06-29
CRD_3358929E8924485E949B,SCRYDEX_JP,RAW,,0.7500,USD,1152,2026-06-29
CRD_33785863B77A4D888CC5,SCRYDEX_EN,RAW,,42.9600,USD,66007,2026-06-29
CRD_33785863B77A4D888CC5,SCRYDEX_JP,GRADED,10,,,95999,2026-06-29
CRD_33785863B77A4D888CC5,SCRYDEX_JP,GRADED,9,,,39334,2026-06-29
CRD_33785863B77A4D888CC5,SCRYDEX_JP,RAW,,33.5600,USD,51564,2026-06-29
CRD_3392C238DFEC4357BA88,SCRYDEX_EN,RAW,,36.2800,USD,55743,2026-06-29
CRD_3392C238DFEC4357BA88,SCRYDEX_JP,GRADED,10,,,196823,2026-06-28
CRD_3392C238DFEC4357BA88,SCRYDEX_JP,GRADED,9,,,47247,2026-06-28
CRD_3392C238DFEC4357BA88,SCRYDEX_JP,RAW,,29.6900,USD,45618,2026-06-28
CRD_339521F5D18A48858134,SCRYDEX_EN,RAW,,1.7400,USD,2661,2026-06-05
CRD_339521F5D18A48858134,SCRYDEX_JP,GRADED,10,,,101177,2026-06-29
CRD_339521F5D18A48858134,SCRYDEX_JP,RAW,,2.8100,USD,4318,2026-06-29
CRD_33A3DF458AC34EC6B1BD,SCRYDEX_EN,RAW,,2.2000,USD,3365,2026-06-05
CRD_33A3DF458AC34EC6B1BD,SCRYDEX_JP,GRADED,10,,,57142,2026-06-28
CRD_33A3DF458AC34EC6B1BD,SCRYDEX_JP,GRADED,9,,,14428,2026-06-28
CRD_33A3DF458AC34EC6B1BD,SCRYDEX_JP,RAW,,1.4200,USD,2182,2026-06-28
CRD_33A7A42687184DCAA53F,SCRYDEX_EN,RAW,,8.8000,USD,13519,2026-06-18
CRD_33A7A42687184DCAA53F,SCRYDEX_JP,GRADED,10,,,71400,2026-06-29
CRD_33A7A42687184DCAA53F,SCRYDEX_JP,GRADED,9,,,18038,2026-06-29
CRD_33A7A42687184DCAA53F,SCRYDEX_JP,RAW,,2.6200,USD,4026,2026-06-29
CRD_33CA09BF26188C6BDA6EA9F79332A025,SCRYDEX_JP,GRADED,10,,,37801956,2026-06-29
CRD_33CA09BF26188C6BDA6EA9F79332A025,SCRYDEX_JP,GRADED,9,,,13063860,2026-06-29
CRD_33D12892FE0A448BA1C5,SCRYDEX_EN,RAW,,0.7700,USD,1178,2026-06-05
CRD_33D12892FE0A448BA1C5,SCRYDEX_JP,GRADED,10,,,59923,2026-06-29
CRD_33D12892FE0A448BA1C5,SCRYDEX_JP,RAW,,1.0800,USD,1659,2026-06-29
CRD_33E384F099914BF89170,SCRYDEX_EN,RAW,,0.9700,USD,1483,2026-06-05
CRD_33E384F099914BF89170,SCRYDEX_JP,GRADED,10,,,49198,2026-06-29
CRD_33E384F099914BF89170,SCRYDEX_JP,GRADED,9,,,22218,2026-06-29
CRD_33E384F099914BF89170,SCRYDEX_JP,RAW,,2.2600,USD,3472,2026-06-29
CRD_33F622942A1F4876AAE4,SCRYDEX_EN,RAW,,0.8700,USD,1331,2026-06-05
CRD_33F622942A1F4876AAE4,SCRYDEX_JP,GRADED,10,,,93756,2026-06-29
CRD_33F622942A1F4876AAE4,SCRYDEX_JP,RAW,,0.3500,USD,538,2026-06-29
CRD_33FE80EB03934DEC8C07,SCRYDEX_EN,RAW,,70.9000,USD,108432,2026-06-05
CRD_3430850B62B446C68A45A9CFE3741141,SCRYDEX_JP,GRADED,10,,,595663,2026-06-29
CRD_3430850B62B446C68A45A9CFE3741141,SCRYDEX_JP,GRADED,9,,,244408,2026-06-29
CRD_3430850B62B446C68A45A9CFE3741141,SCRYDEX_JP,RAW,,182.1600,USD,279885,2026-06-29
CRD_3441FF9483AB4687A5BF,SCRYDEX_EN,RAW,,6.3100,USD,9650,2026-06-05
CRD_3441FF9483AB4687A5BF,SCRYDEX_JP,GRADED,10,,,49551,2026-06-29
CRD_3441FF9483AB4687A5BF,SCRYDEX_JP,GRADED,9,,,26120,2026-06-29
CRD_3441FF9483AB4687A5BF,SCRYDEX_JP,RAW,,1.2300,USD,1890,2026-06-29
CRD_3446ADE0F7424C998BED,SCRYDEX_EN,RAW,,3.2500,USD,4970,2026-06-05
CRD_3446ADE0F7424C998BED,SCRYDEX_JP,GRADED,10,,,43175,2026-06-29
CRD_3446ADE0F7424C998BED,SCRYDEX_JP,GRADED,9,,,7836,2026-06-29
CRD_3446ADE0F7424C998BED,SCRYDEX_JP,RAW,,1.3300,USD,2044,2026-06-29
CRD_34634E0B83674493958D,SCRYDEX_EN,RAW,,4.6000,USD,7035,2026-06-05
CRD_34634E0B83674493958D,SCRYDEX_JP,GRADED,10,,,77946,2026-06-29
CRD_34634E0B83674493958D,SCRYDEX_JP,GRADED,9,,,35984,2026-06-29
CRD_34634E0B83674493958D,SCRYDEX_JP,RAW,,2.6500,USD,4072,2026-06-29
CRD_3475D14B91764CC1A8DC,SCRYDEX_EN,RAW,,48.2300,USD,74104,2026-06-29
CRD_3475D14B91764CC1A8DC,SCRYDEX_JP,GRADED,10,,,130816,2026-06-29
CRD_3475D14B91764CC1A8DC,SCRYDEX_JP,GRADED,9,,,33787,2026-06-29
CRD_3475D14B91764CC1A8DC,SCRYDEX_JP,RAW,,13.4900,USD,20727,2026-06-29
CRD_34771CA932624EF8993A,SCRYDEX_EN,RAW,,77.0500,USD,118386,2026-06-29
CRD_34771CA932624EF8993A,SCRYDEX_JP,GRADED,10,,,113023,2026-06-29
CRD_34771CA932624EF8993A,SCRYDEX_JP,GRADED,9,,,71124,2026-06-29
CRD_34771CA932624EF8993A,SCRYDEX_JP,RAW,,43.2800,USD,66499,2026-06-29
CRD_34828B53A56D44318E76,SCRYDEX_EN,RAW,,46.5900,USD,71585,2026-06-29
CRD_34828B53A56D44318E76,SCRYDEX_JP,GRADED,10,,,119892,2026-06-29
CRD_34828B53A56D44318E76,SCRYDEX_JP,GRADED,9,,,47523,2026-06-29
CRD_34828B53A56D44318E76,SCRYDEX_JP,RAW,,33.5000,USD,51472,2026-06-29
CRD_34B77E90E77E454D9E00,SCRYDEX_EN,RAW,,0.7000,USD,1071,2026-06-05
CRD_34B77E90E77E454D9E00,SCRYDEX_JP,GRADED,10,,,61674,2026-06-28
CRD_34B77E90E77E454D9E00,SCRYDEX_JP,GRADED,9,,,21203,2026-06-28
CRD_34B77E90E77E454D9E00,SCRYDEX_JP,RAW,,0.5400,USD,830,2026-06-28
CRD_34B94E323039433886E9,SCRYDEX_EN,RAW,,3.7900,USD,5796,2026-06-05
CRD_34B94E323039433886E9,SCRYDEX_JP,GRADED,10,,,49091,2026-06-29
CRD_34B94E323039433886E9,SCRYDEX_JP,GRADED,9,,,17977,2026-06-29
CRD_34B94E323039433886E9,SCRYDEX_JP,RAW,,2.2700,USD,3488,2026-06-29
CRD_34BFCA1006BC49D89AF5,SCRYDEX_EN,RAW,,126.7700,USD,193878,2026-06-05
CRD_34BFCA1006BC49D89AF5,SCRYDEX_JP,GRADED,10,,,214462,2026-06-29
CRD_34BFCA1006BC49D89AF5,SCRYDEX_JP,GRADED,9,,,74012,2026-06-29
CRD_34BFCA1006BC49D89AF5,SCRYDEX_JP,RAW,,27.4200,USD,42130,2026-06-29
CRD_34D1A571966643B9B808,SCRYDEX_EN,RAW,,1.4000,USD,2141,2026-06-05
CRD_34D1A571966643B9B808,SCRYDEX_JP,GRADED,10,,,32589,2026-06-29
CRD_34D1A571966643B9B808,SCRYDEX_JP,RAW,,1.1200,USD,1721,2026-06-29
CRD_34FC12FEB9C94EC0B729,SCRYDEX_EN,RAW,,29.8900,USD,45925,2026-06-29
CRD_34FC12FEB9C94EC0B729,SCRYDEX_JP,GRADED,10,,,66253,2026-06-29
CRD_34FC12FEB9C94EC0B729,SCRYDEX_JP,GRADED,9,,,24937,2026-06-29
CRD_34FC12FEB9C94EC0B729,SCRYDEX_JP,RAW,,6.1000,USD,9373,2026-06-29
CRD_35047170BCFDE40B1CF7,SCRYDEX_JP,RAW,,5.9900,USD,9204,2026-06-29
CRD_3520EA33302182486E9D,SCRYDEX_EN,RAW,,18.4300,USD,28317,2026-06-29
CRD_3520EA33302182486E9D,SCRYDEX_JP,GRADED,10,,,71984,2026-06-29
CRD_3520EA33302182486E9D,SCRYDEX_JP,GRADED,9,,,24584,2026-06-29
CRD_3520EA33302182486E9D,SCRYDEX_JP,RAW,,3.6200,USD,5562,2026-06-29
CRD_354A9964DECF45BEBE57,SCRYDEX_EN,RAW,,21.3300,USD,32773,2026-06-29
CRD_354A9964DECF45BEBE57,SCRYDEX_JP,GRADED,10,,,50904,2026-06-29
CRD_354A9964DECF45BEBE57,SCRYDEX_JP,GRADED,9,,,19836,2026-06-29
CRD_354A9964DECF45BEBE57,SCRYDEX_JP,RAW,,5.0400,USD,7744,2026-06-29
CRD_3556A9DD9F2149C5BF0C,SCRYDEX_EN,RAW,,87.1300,USD,133874,2026-06-29
CRD_3556A9DD9F2149C5BF0C,SCRYDEX_JP,GRADED,10,,,238293,2026-06-29
CRD_3556A9DD9F2149C5BF0C,SCRYDEX_JP,GRADED,9,,,115774,2026-06-29
CRD_3556A9DD9F2149C5BF0C,SCRYDEX_JP,RAW,,50.2000,USD,77131,2026-06-29
CRD_3575DCCD78834B1E8D87,SCRYDEX_EN,RAW,,58.4000,USD,89730,2026-06-29
CRD_3575DCCD78834B1E8D87,SCRYDEX_JP,GRADED,10,,,72261,2026-06-29
CRD_3575DCCD78834B1E8D87,SCRYDEX_JP,GRADED,9,,,38120,2026-06-29
CRD_3575DCCD78834B1E8D87,SCRYDEX_JP,RAW,,29.6800,USD,45603,2026-06-29
CRD_357701E9E661484B8261,SCRYDEX_EN,RAW,,4.4300,USD,6775,2026-06-05
CRD_357701E9E661484B8261,SCRYDEX_JP,GRADED,10,,,52778,2026-06-29
CRD_357701E9E661484B8261,SCRYDEX_JP,RAW,,3.7200,USD,5716,2026-06-29
CRD_3583C21779BE400FB9A6,SCRYDEX_EN,RAW,,103.0700,USD,158365,2026-06-29
CRD_3583C21779BE400FB9A6,SCRYDEX_JP,GRADED,10,,,1251571,2026-06-29
CRD_3583C21779BE400FB9A6,SCRYDEX_JP,GRADED,9,,,248802,2026-06-29
CRD_3583C21779BE400FB9A6,SCRYDEX_JP,RAW,,250.0000,USD,384120,2026-06-29
CRD_359332F027204F0997A9,SCRYDEX_EN,RAW,,1.0400,USD,1591,2026-06-05
CRD_359332F027204F0997A9,SCRYDEX_JP,GRADED,10,,,40363,2026-06-29
CRD_359332F027204F0997A9,SCRYDEX_JP,GRADED,9,,,13413,2026-06-29
CRD_359332F027204F0997A9,SCRYDEX_JP,RAW,,1.3500,USD,2074,2026-06-29
CRD_35A856F18BEB432BABEC,SCRYDEX_EN,RAW,,3.4800,USD,5322,2026-06-05
CRD_35A856F18BEB432BABEC,SCRYDEX_JP,GRADED,10,,,54699,2026-06-29
CRD_35A856F18BEB432BABEC,SCRYDEX_JP,GRADED,9,,,42053,2026-06-29
CRD_35A856F18BEB432BABEC,SCRYDEX_JP,RAW,,3.2800,USD,5040,2026-06-29
CRD_35DA6B31F47244C59B9A,SCRYDEX_EN,RAW,,6.8700,USD,10507,2026-06-05
CRD_35DA6B31F47244C59B9A,SCRYDEX_JP,GRADED,10,,,191399,2026-06-29
CRD_35DA6B31F47244C59B9A,SCRYDEX_JP,RAW,,24.9900,USD,38397,2026-06-29
CRD_35DC69B18FE34A239272,SCRYDEX_EN,RAW,,9.1000,USD,13917,2026-06-05
CRD_35DC69B18FE34A239272,SCRYDEX_JP,GRADED,10,,,79513,2026-06-29
CRD_35DC69B18FE34A239272,SCRYDEX_JP,GRADED,9,,,24538,2026-06-29
CRD_35DC69B18FE34A239272,SCRYDEX_JP,RAW,,2.3700,USD,3641,2026-06-29
CRD_35EA350A18F04A80A0D5,SCRYDEX_EN,RAW,,5.9000,USD,9023,2026-06-05
CRD_35EA350A18F04A80A0D5,SCRYDEX_JP,GRADED,10,,,65439,2026-06-29
CRD_35EA350A18F04A80A0D5,SCRYDEX_JP,GRADED,9,,,16410,2026-06-29
CRD_35EA350A18F04A80A0D5,SCRYDEX_JP,RAW,,2.1500,USD,3303,2026-06-29
CRD_35F025B882B548A18185,SCRYDEX_EN,RAW,,1.4200,USD,2172,2026-06-05
CRD_35F025B882B548A18185,SCRYDEX_JP,GRADED,10,,,56604,2026-06-29
CRD_35F025B882B548A18185,SCRYDEX_JP,GRADED,9,,,15411,2026-06-29
CRD_35F025B882B548A18185,SCRYDEX_JP,RAW,,0.8000,USD,1229,2026-06-29
CRD_35F6305B626B4EA6BA1B,SCRYDEX_EN,RAW,,30.7300,USD,47216,2026-06-29
CRD_35F6305B626B4EA6BA1B,SCRYDEX_JP,GRADED,10,,,144767,2026-06-29
CRD_35F6305B626B4EA6BA1B,SCRYDEX_JP,GRADED,9,,,30438,2026-06-29
CRD_35F6305B626B4EA6BA1B,SCRYDEX_JP,RAW,,44.4200,USD,68250,2026-06-29
CRD_3610EE3BBB834DF6A0BF,SCRYDEX_EN,RAW,,0.7100,USD,1086,2026-06-05
CRD_3610EE3BBB834DF6A0BF,SCRYDEX_JP,GRADED,10,,,100916,2026-06-29
CRD_3610EE3BBB834DF6A0BF,SCRYDEX_JP,GRADED,9,,,18438,2026-06-29
CRD_3610EE3BBB834DF6A0BF,SCRYDEX_JP,RAW,,0.3600,USD,553,2026-06-29
CRD_36137AD704B945179433,SCRYDEX_EN,RAW,,2.1700,USD,3319,2026-06-05
CRD_36137AD704B945179433,SCRYDEX_JP,GRADED,10,,,50888,2026-06-29
CRD_36137AD704B945179433,SCRYDEX_JP,GRADED,9,,,19129,2026-06-29
CRD_36137AD704B945179433,SCRYDEX_JP,RAW,,3.9100,USD,6008,2026-06-29
CRD_3618F7507BD34B52AA5E,SCRYDEX_EN,RAW,,11.0100,USD,16838,2026-06-05
CRD_36246E7EC9864D74B0BA,SCRYDEX_EN,RAW,,8.6900,USD,13352,2026-06-29
CRD_36246E7EC9864D74B0BA,SCRYDEX_JP,GRADED,10,,,51749,2026-06-29
CRD_36246E7EC9864D74B0BA,SCRYDEX_JP,GRADED,9,,,18638,2026-06-29
CRD_36246E7EC9864D74B0BA,SCRYDEX_JP,RAW,,7.8200,USD,12015,2026-06-29
CRD_36360E53452543DEB82B,SCRYDEX_EN,RAW,,13.2600,USD,20374,2026-06-29
CRD_36360E53452543DEB82B,SCRYDEX_JP,GRADED,10,,,46094,2026-06-29
CRD_36360E53452543DEB82B,SCRYDEX_JP,RAW,,6.9900,USD,10740,2026-06-29
CRD_364F4FE8048A4DC09AA0,SCRYDEX_EN,RAW,,27.0000,USD,41485,2026-06-29
CRD_364F4FE8048A4DC09AA0,SCRYDEX_JP,GRADED,10,,,86258,2026-06-29
CRD_364F4FE8048A4DC09AA0,SCRYDEX_JP,GRADED,9,,,30730,2026-06-29
CRD_364F4FE8048A4DC09AA0,SCRYDEX_JP,RAW,,24.9700,USD,38366,2026-06-29
CRD_366F8C52670645088A5A,SCRYDEX_EN,RAW,,1.5200,USD,2335,2026-06-29
CRD_366F8C52670645088A5A,SCRYDEX_JP,GRADED,10,,,49859,2026-06-29
CRD_366F8C52670645088A5A,SCRYDEX_JP,GRADED,9,,,23047,2026-06-29
CRD_366F8C52670645088A5A,SCRYDEX_JP,RAW,,0.8900,USD,1367,2026-06-29
CRD_367674FDDC443996584B85A2030A01A3,SCRYDEX_JP,GRADED,10,,,11120551,2026-06-29
CRD_367674FDDC443996584B85A2030A01A3,SCRYDEX_JP,GRADED,9,,,9126691,2026-06-29
CRD_3676B88FE7374BDBB1B2,SCRYDEX_EN,RAW,,2.6700,USD,4083,2026-06-05
CRD_368954B62A864484B467,SCRYDEX_EN,RAW,,7.6200,USD,11654,2026-06-05
CRD_368954B62A864484B467,SCRYDEX_JP,GRADED,10,,,56235,2026-06-29
CRD_368954B62A864484B467,SCRYDEX_JP,GRADED,9,,,15365,2026-06-29
CRD_368954B62A864484B467,SCRYDEX_JP,RAW,,4.1600,USD,6392,2026-06-29
CRD_36A1599A2C254B9C957E,SCRYDEX_EN,RAW,,1.1500,USD,1759,2026-06-05
CRD_36A1599A2C254B9C957E,SCRYDEX_JP,GRADED,10,,,31436,2026-06-29
CRD_36A1599A2C254B9C957E,SCRYDEX_JP,GRADED,9,,,15365,2026-06-29
CRD_36A1599A2C254B9C957E,SCRYDEX_JP,RAW,,0.5000,USD,768,2026-06-29
CRD_36B9B397B19A425CB729,SCRYDEX_EN,RAW,,12.7000,USD,19513,2026-06-29
CRD_36B9B397B19A425CB729,SCRYDEX_JP,GRADED,10,,,85398,2026-06-29
CRD_36B9B397B19A425CB729,SCRYDEX_JP,GRADED,9,,,35723,2026-06-29
CRD_36B9B397B19A425CB729,SCRYDEX_JP,RAW,,5.9400,USD,9127,2026-06-29
CRD_36BA95B689A44C28B170,SCRYDEX_EN,RAW,,9.6100,USD,14697,2026-06-05
CRD_36BA95B689A44C28B170,SCRYDEX_JP,GRADED,10,,,86043,2026-06-29
CRD_36BA95B689A44C28B170,SCRYDEX_JP,GRADED,9,,,31283,2026-06-29
CRD_36BA95B689A44C28B170,SCRYDEX_JP,RAW,,17100.0000,KRW,17100,2026-06-29
CRD_36C025F4B7F545C0814D,SCRYDEX_EN,RAW,,1.6600,USD,2539,2026-06-05
CRD_36C025F4B7F545C0814D,SCRYDEX_JP,GRADED,10,,,61797,2026-06-29
CRD_36C025F4B7F545C0814D,SCRYDEX_JP,RAW,,3.0300,USD,4656,2026-06-29
CRD_36CCEEAEBFE444AF8E74,SCRYDEX_EN,RAW,,719.5500,USD,1100458,2026-06-05
CRD_36CCEEAEBFE444AF8E74,SCRYDEX_JP,GRADED,10,,,11380446,2026-06-29
CRD_36CCEEAEBFE444AF8E74,SCRYDEX_JP,GRADED,9,,,741644,2026-06-29
CRD_36CCEEAEBFE444AF8E74,SCRYDEX_JP,RAW,,4275000.0000,KRW,4275000,2026-06-29
CRD_36D39DBAA5EC4EE09001,SCRYDEX_EN,RAW,,13.4200,USD,20620,2026-06-28
CRD_36D39DBAA5EC4EE09001,SCRYDEX_JP,GRADED,10,,,64563,2026-06-29
CRD_36D39DBAA5EC4EE09001,SCRYDEX_JP,GRADED,9,,,34248,2026-06-29
CRD_36D39DBAA5EC4EE09001,SCRYDEX_JP,RAW,,4.1400,USD,6361,2026-06-29
CRD_36F3273DC7014993855A,SCRYDEX_EN,RAW,,6.6000,USD,10141,2026-06-29
CRD_36F3273DC7014993855A,SCRYDEX_JP,GRADED,10,,,128557,2026-06-29
CRD_36F3273DC7014993855A,SCRYDEX_JP,RAW,,2.6500,USD,4072,2026-06-29
CRD_36FC9D7A34B947999101,SCRYDEX_EN,RAW,,275.3200,USD,416022,2026-06-01
CRD_36FC9D7A34B947999101,SCRYDEX_JP,GRADED,10,,,2295931,2026-06-29
CRD_36FC9D7A34B947999101,SCRYDEX_JP,GRADED,9,,,268884,2026-06-29
CRD_36FC9D7A34B947999101,SCRYDEX_JP,RAW,,150.0000,USD,230472,2026-06-29
CRD_37121FE6503349888A93,SCRYDEX_EN,RAW,,1.2300,USD,1881,2026-06-05
CRD_37121FE6503349888A93,SCRYDEX_JP,GRADED,10,,,21526,2026-06-29
CRD_37121FE6503349888A93,SCRYDEX_JP,RAW,,0.4300,USD,661,2026-06-29
CRD_371A341D2B024125AF8E,SCRYDEX_EN,RAW,,7.0800,USD,10828,2026-06-05
CRD_371A341D2B024125AF8E,SCRYDEX_JP,GRADED,10,,,273447,2026-06-29
CRD_371A341D2B024125AF8E,SCRYDEX_JP,GRADED,9,,,35339,2026-06-29
CRD_371A341D2B024125AF8E,SCRYDEX_JP,RAW,,7.0100,USD,10771,2026-06-29
CRD_375B75D3FC3E42BAA4AD,SCRYDEX_EN,RAW,,20.1900,USD,31022,2026-06-29
CRD_375B75D3FC3E42BAA4AD,SCRYDEX_JP,GRADED,10,,,99733,2026-06-29
CRD_375B75D3FC3E42BAA4AD,SCRYDEX_JP,GRADED,9,,,31360,2026-06-29
CRD_375B75D3FC3E42BAA4AD,SCRYDEX_JP,RAW,,4.7200,USD,7252,2026-06-29
CRD_3761F2C151EE4116B9EE,SCRYDEX_EN,RAW,,107.3700,USD,164972,2026-06-29
CRD_378581C7E2764EC3A6BA,SCRYDEX_EN,RAW,,1.4500,USD,2218,2026-06-05
CRD_378581C7E2764EC3A6BA,SCRYDEX_JP,GRADED,10,,,44881,2026-06-29
CRD_378581C7E2764EC3A6BA,SCRYDEX_JP,GRADED,9,,,30714,2026-06-29
CRD_378581C7E2764EC3A6BA,SCRYDEX_JP,RAW,,2.8800,USD,4425,2026-06-29
CRD_379A5BE80E2245808B5C,SCRYDEX_EN,RAW,,0.8500,USD,1300,2026-06-05
CRD_379A5BE80E2245808B5C,SCRYDEX_JP,GRADED,10,,,47616,2026-06-29
CRD_379A5BE80E2245808B5C,SCRYDEX_JP,GRADED,9,,,50934,2026-06-29
CRD_379A5BE80E2245808B5C,SCRYDEX_JP,RAW,,0.4000,USD,615,2026-06-29
CRD_37AD357EC31F4A4E9BDD,SCRYDEX_EN,RAW,,3.9900,USD,6102,2026-06-05
CRD_37AD357EC31F4A4E9BDD,SCRYDEX_JP,GRADED,10,,,196378,2026-06-29
CRD_37AD357EC31F4A4E9BDD,SCRYDEX_JP,GRADED,9,,,32703,2026-05-16
CRD_37AD357EC31F4A4E9BDD,SCRYDEX_JP,RAW,,8.3300,USD,12799,2026-06-29
CRD_37AEC383935947D497E1,SCRYDEX_EN,RAW,,2.3700,USD,3625,2026-06-05
CRD_37AEC383935947D497E1,SCRYDEX_JP,GRADED,10,,,39626,2026-06-29
CRD_37AEC383935947D497E1,SCRYDEX_JP,GRADED,9,,,18438,2026-06-29
CRD_37AEC383935947D497E1,SCRYDEX_JP,RAW,,1.4300,USD,2197,2026-06-29
CRD_37B2BB043B9E407EA0D9,SCRYDEX_EN,RAW,,2.2700,USD,3488,2026-06-29
CRD_37B2BB043B9E407EA0D9,SCRYDEX_JP,GRADED,10,,,19621,2026-06-29
CRD_37B2BB043B9E407EA0D9,SCRYDEX_JP,GRADED,9,,,13844,2026-06-29
CRD_37B2BB043B9E407EA0D9,SCRYDEX_JP,RAW,,2.5800,USD,3964,2026-06-29
CRD_37B7393178B645AADF6F,SCRYDEX_EN,RAW,,9.0100,USD,13844,2026-06-27
CRD_37B7393178B645AADF6F,SCRYDEX_JP,GRADED,10,,,59907,2026-06-29
CRD_37B7393178B645AADF6F,SCRYDEX_JP,GRADED,9,,,46018,2026-06-29
CRD_37B7393178B645AADF6F,SCRYDEX_JP,RAW,,4.6000,USD,7068,2026-06-29
CRD_37CAD2854A2A45769811,SCRYDEX_EN,RAW,,2.1800,USD,3334,2026-06-05
CRD_37CAD2854A2A45769811,SCRYDEX_JP,GRADED,10,,,29700,2026-06-29
CRD_37CAD2854A2A45769811,SCRYDEX_JP,GRADED,9,,,4609,2026-06-29
CRD_37CAD2854A2A45769811,SCRYDEX_JP,RAW,,0.8400,USD,1291,2026-06-29
CRD_37E539F9B29822A89711,SCRYDEX_JP,RAW,,12.4400,USD,19114,2026-06-28
CRD_37FD17FC727E435B8C84,SCRYDEX_EN,RAW,,2.8700,USD,4389,2026-06-05
CRD_380B71F8BB3CF96A61EE,SCRYDEX_JP,RAW,,0.5400,USD,830,2026-06-29
CRD_3824C7743E944CD1AD14,SCRYDEX_EN,RAW,,8.2100,USD,12556,2026-06-05
CRD_3824C7743E944CD1AD14,SCRYDEX_JP,GRADED,10,,,71830,2026-06-29
CRD_3824C7743E944CD1AD14,SCRYDEX_JP,RAW,,1.4300,USD,2197,2026-06-29
CRD_382ECC8BA6034DAF9178,SCRYDEX_EN,RAW,,39.6100,USD,60860,2026-06-29
CRD_382ECC8BA6034DAF9178,SCRYDEX_JP,GRADED,10,,,172777,2026-06-29
CRD_382ECC8BA6034DAF9178,SCRYDEX_JP,GRADED,9,,,33787,2026-06-29
CRD_382ECC8BA6034DAF9178,SCRYDEX_JP,RAW,,23.2900,USD,35785,2026-06-29
CRD_385E29A0C8C3476C9C4B,SCRYDEX_EN,RAW,,0.7600,USD,1162,2026-06-05
CRD_385E29A0C8C3476C9C4B,SCRYDEX_JP,GRADED,10,,,38719,2026-06-29
CRD_385E29A0C8C3476C9C4B,SCRYDEX_JP,RAW,,0.3200,USD,492,2026-06-29
CRD_3867F42D081F475AB07C,SCRYDEX_EN,RAW,,24.9800,USD,38381,2026-06-29
CRD_3867F42D081F475AB07C,SCRYDEX_JP,GRADED,10,,,59769,2026-06-29
CRD_3867F42D081F475AB07C,SCRYDEX_JP,GRADED,9,,,26351,2026-06-29
CRD_3867F42D081F475AB07C,SCRYDEX_JP,RAW,,13.4300,USD,20635,2026-06-29
CRD_38815299C2494F679535,SCRYDEX_EN,RAW,,30.9500,USD,47554,2026-06-29
CRD_38815299C2494F679535,SCRYDEX_JP,GRADED,10,,,66714,2026-06-29
CRD_38815299C2494F679535,SCRYDEX_JP,GRADED,9,,,26366,2026-06-29
CRD_38815299C2494F679535,SCRYDEX_JP,RAW,,9.7600,USD,14996,2026-06-29
CRD_38C95B5BCA84434CADBB,SCRYDEX_EN,RAW,,8.1300,USD,12434,2026-06-05
CRD_38C95B5BCA84434CADBB,SCRYDEX_JP,GRADED,10,,,167323,2026-06-29
CRD_38C95B5BCA84434CADBB,SCRYDEX_JP,GRADED,9,,,52240,2026-06-29
CRD_38D221213CD04120860A,SCRYDEX_EN,RAW,,0.8200,USD,1254,2026-06-05
CRD_38D221213CD04120860A,SCRYDEX_JP,GRADED,10,,,15626,2026-06-29
CRD_38D221213CD04120860A,SCRYDEX_JP,GRADED,9,,,13060,2026-06-29
CRD_38D221213CD04120860A,SCRYDEX_JP,RAW,,0.2400,USD,369,2026-06-29
CRD_38F6394B2FA64EFABD8A,SCRYDEX_EN,RAW,,1.2100,USD,1851,2026-06-05
CRD_38F6394B2FA64EFABD8A,SCRYDEX_JP,GRADED,10,,,38381,2026-06-29
CRD_38F6394B2FA64EFABD8A,SCRYDEX_JP,RAW,,1.4100,USD,2166,2026-06-29
CRD_38F85DABEF2F6DCF83A5,SCRYDEX_JP,GRADED,10,,,44435,2026-06-29
CRD_38F85DABEF2F6DCF83A5,SCRYDEX_JP,GRADED,9,,,11570,2026-06-29
CRD_38F85DABEF2F6DCF83A5,SCRYDEX_JP,RAW,,0.6400,USD,983,2026-06-29
CRD_38F8D1BD378046E49339,SCRYDEX_EN,RAW,,0.9000,USD,1376,2026-06-05
CRD_391EF36F49824C58965F,SCRYDEX_EN,RAW,,129.0200,USD,197319,2026-06-05
CRD_391EF36F49824C58965F,SCRYDEX_JP,GRADED,10,,,1079393,2026-06-29
CRD_391EF36F49824C58965F,SCRYDEX_JP,GRADED,9,,,303393,2026-06-29
CRD_391EF36F49824C58965F,SCRYDEX_JP,RAW,,237500.0000,KRW,237500,2026-06-29
CRD_3921037F2F3643A38342,SCRYDEX_EN,RAW,,1.4500,USD,2218,2026-06-05
CRD_3921037F2F3643A38342,SCRYDEX_JP,GRADED,10,,,43851,2026-06-29
CRD_3921037F2F3643A38342,SCRYDEX_JP,GRADED,9,,,18438,2026-06-29
CRD_3921037F2F3643A38342,SCRYDEX_JP,RAW,,1.3000,USD,1997,2026-06-29
CRD_3927C712A40B4469A53E,SCRYDEX_EN,RAW,,1.3900,USD,2126,2026-06-05
CRD_3927C712A40B4469A53E,SCRYDEX_JP,GRADED,10,,,18054,2026-06-29
CRD_3927C712A40B4469A53E,SCRYDEX_JP,RAW,,1.8200,USD,2796,2026-06-29
CRD_3935851BE6988D5F34B3,SCRYDEX_EN,RAW,,216.3600,USD,332433,2026-06-29
CRD_3935851BE6988D5F34B3,SCRYDEX_JP,GRADED,10,,,212895,2026-06-29
CRD_3935851BE6988D5F34B3,SCRYDEX_JP,GRADED,9,,,122457,2026-06-29
CRD_3935851BE6988D5F34B3,SCRYDEX_JP,RAW,,67.1500,USD,103175,2026-06-29
CRD_39360915366347AFB75F,SCRYDEX_EN,RAW,,1.6500,USD,2523,2026-06-05
CRD_39360915366347AFB75F,SCRYDEX_JP,GRADED,10,,,180460,2026-06-29
CRD_39360915366347AFB75F,SCRYDEX_JP,RAW,,3.2000,USD,4917,2026-06-29
CRD_39388984E7E045A1B1DA,SCRYDEX_EN,RAW,,3.7500,USD,5735,2026-06-05
CRD_39388984E7E045A1B1DA,SCRYDEX_JP,GRADED,10,,,6238,2026-06-29
CRD_39388984E7E045A1B1DA,SCRYDEX_JP,RAW,,4.5000,USD,6914,2026-06-29
CRD_394098D4C4FC4DF5BD67,SCRYDEX_EN,RAW,,5.5300,USD,8457,2026-06-05
CRD_394098D4C4FC4DF5BD67,SCRYDEX_JP,GRADED,10,,,51211,2026-06-29
CRD_394098D4C4FC4DF5BD67,SCRYDEX_JP,GRADED,9,,,18438,2026-06-29
CRD_394098D4C4FC4DF5BD67,SCRYDEX_JP,RAW,,4.7100,USD,7237,2026-06-29
CRD_3943EFE37BBAE1B52202,SCRYDEX_JP,RAW,,0.6500,USD,999,2026-06-28
CRD_394561233CE44337BF9C,SCRYDEX_EN,RAW,,4.0900,USD,6255,2026-06-05
CRD_394561233CE44337BF9C,SCRYDEX_JP,GRADED,10,,,38397,2026-06-29
CRD_394561233CE44337BF9C,SCRYDEX_JP,RAW,,4.8800,USD,7498,2026-06-29
CRD_39462590847A4E32AF5F,SCRYDEX_EN,RAW,,13.3600,USD,20527,2026-06-29
CRD_39462590847A4E32AF5F,SCRYDEX_JP,GRADED,10,,,63088,2026-06-29
CRD_39462590847A4E32AF5F,SCRYDEX_JP,GRADED,9,,,87042,2026-06-29
CRD_39462590847A4E32AF5F,SCRYDEX_JP,RAW,,9.9000,USD,15211,2026-06-29
CRD_39493D33675143109748,SCRYDEX_EN,RAW,,75.2500,USD,115620,2026-06-29
CRD_39493D33675143109748,SCRYDEX_JP,GRADED,10,,,184470,2026-06-29
CRD_39493D33675143109748,SCRYDEX_JP,GRADED,9,,,59001,2026-06-29
CRD_39493D33675143109748,SCRYDEX_JP,RAW,,25.2900,USD,38858,2026-06-29
CRD_39A2F0B42FC5405188AA,SCRYDEX_EN,RAW,,67.4600,USD,103651,2026-06-29
CRD_39A2F0B42FC5405188AA,SCRYDEX_JP,GRADED,10,,,151282,2026-06-29
CRD_39A2F0B42FC5405188AA,SCRYDEX_JP,GRADED,9,,,156091,2026-06-29
CRD_39A2F0B42FC5405188AA,SCRYDEX_JP,RAW,,89.9900,USD,138268,2026-06-29
CRD_39A9FDACFF514F29B347,SCRYDEX_EN,RAW,,23.8100,USD,36414,2026-06-05
CRD_39A9FDACFF514F29B347,SCRYDEX_JP,GRADED,10,,,175927,2026-06-29
CRD_39A9FDACFF514F29B347,SCRYDEX_JP,RAW,,17.9900,USD,27641,2026-06-29
CRD_39C73BE28BA84C03307F1717CAA31C9E,SCRYDEX_JP,GRADED,10,,,24580561,2026-06-29
CRD_39C73BE28BA84C03307F1717CAA31C9E,SCRYDEX_JP,GRADED,9,,,13291535,2026-06-29
CRD_3A0BD9F6AF5141DC9961,SCRYDEX_EN,RAW,,0.8700,USD,1331,2026-06-05
CRD_3A0BD9F6AF5141DC9961,SCRYDEX_JP,GRADED,10,,,48630,2026-06-29
CRD_3A0BD9F6AF5141DC9961,SCRYDEX_JP,GRADED,9,,,27703,2026-06-29
CRD_3A0BD9F6AF5141DC9961,SCRYDEX_JP,RAW,,0.3700,USD,568,2026-06-29
CRD_3A1614A1D6F443708387,SCRYDEX_EN,RAW,,93.2300,USD,143246,2026-06-29
CRD_3A1614A1D6F443708387,SCRYDEX_JP,GRADED,10,,,186744,2026-06-29
CRD_3A1614A1D6F443708387,SCRYDEX_JP,GRADED,9,,,83754,2026-06-29
CRD_3A1614A1D6F443708387,SCRYDEX_JP,RAW,,59.1500,USD,90883,2026-06-29
CRD_3A163A0976E24CE79D88,SCRYDEX_EN,RAW,,9.9900,USD,15349,2026-06-29
CRD_3A163A0976E24CE79D88,SCRYDEX_JP,GRADED,10,,,77700,2026-06-29
CRD_3A163A0976E24CE79D88,SCRYDEX_JP,GRADED,9,,,8174,2026-06-29
CRD_3A163A0976E24CE79D88,SCRYDEX_JP,RAW,,13.9500,USD,21434,2026-06-29
CRD_3A1E35B5FF4444B49597,SCRYDEX_EN,RAW,,0.8800,USD,1346,2026-06-05
CRD_3A1E35B5FF4444B49597,SCRYDEX_JP,GRADED,10,,,15365,2026-06-29
CRD_3A1E35B5FF4444B49597,SCRYDEX_JP,GRADED,9,,,27657,2026-06-29
CRD_3A1E35B5FF4444B49597,SCRYDEX_JP,RAW,,0.8500,USD,1306,2026-06-29
CRD_3A2389FDB90D4D529266,SCRYDEX_EN,RAW,,4.6900,USD,7173,2026-06-05
CRD_3A2389FDB90D4D529266,SCRYDEX_JP,GRADED,10,,,54238,2026-06-29
CRD_3A2389FDB90D4D529266,SCRYDEX_JP,GRADED,9,,,41485,2026-06-29
CRD_3A2389FDB90D4D529266,SCRYDEX_JP,RAW,,3.9600,USD,6084,2026-06-29
CRD_3A3F2713FE8C47F69F71,SCRYDEX_EN,RAW,,2.9700,USD,4542,2026-06-05
CRD_3A3F2713FE8C47F69F71,SCRYDEX_JP,GRADED,10,,,103620,2026-06-29
CRD_3A3F2713FE8C47F69F71,SCRYDEX_JP,GRADED,9,,,23047,2026-06-29
CRD_3A3F2713FE8C47F69F71,SCRYDEX_JP,RAW,,8.0000,USD,12292,2026-06-29
CRD_3A51FC9327024878903D,SCRYDEX_EN,RAW,,41.0100,USD,63011,2026-06-29
CRD_3A51FC9327024878903D,SCRYDEX_JP,GRADED,10,,,85551,2026-06-29
CRD_3A51FC9327024878903D,SCRYDEX_JP,GRADED,9,,,42530,2026-06-29
CRD_3A51FC9327024878903D,SCRYDEX_JP,RAW,,20.9200,USD,32143,2026-06-29
CRD_3A57174859F8445CB9F0,SCRYDEX_EN,RAW,,6.3100,USD,9650,2026-06-05
CRD_3A57174859F8445CB9F0,SCRYDEX_JP,GRADED,10,,,54622,2026-06-29
CRD_3A57174859F8445CB9F0,SCRYDEX_JP,GRADED,9,,,17547,2026-06-29
CRD_3A57174859F8445CB9F0,SCRYDEX_JP,RAW,,1.1300,USD,1736,2026-06-29
CRD_3A5B3FE091064B65AF4A,SCRYDEX_EN,RAW,,4.4800,USD,6852,2026-06-05
CRD_3A5B3FE091064B65AF4A,SCRYDEX_JP,GRADED,10,,,43021,2026-06-29
CRD_3A5B3FE091064B65AF4A,SCRYDEX_JP,RAW,,7.6900,USD,11816,2026-06-29
CRD_3A73844B3540483BBFB0,SCRYDEX_EN,RAW,,39.7700,USD,61106,2026-06-29
CRD_3A73844B3540483BBFB0,SCRYDEX_JP,GRADED,10,,,162329,2026-06-29
CRD_3A73844B3540483BBFB0,SCRYDEX_JP,GRADED,9,,,45280,2026-06-29
CRD_3A73844B3540483BBFB0,SCRYDEX_JP,RAW,,19.7500,USD,30345,2026-06-29
CRD_3A840E756D3946778BD9,SCRYDEX_EN,RAW,,1.3800,USD,2111,2026-06-05
CRD_3A840E756D3946778BD9,SCRYDEX_JP,GRADED,10,,,30730,2026-06-29
CRD_3A840E756D3946778BD9,SCRYDEX_JP,GRADED,9,,,24584,2026-06-29
CRD_3A840E756D3946778BD9,SCRYDEX_JP,RAW,,2.2100,USD,3396,2026-06-29
CRD_3A8D2EC8D99B4D7B9450,SCRYDEX_EN,RAW,,10.1300,USD,15565,2026-06-29
CRD_3A8D2EC8D99B4D7B9450,SCRYDEX_JP,GRADED,10,,,234129,2026-06-29
CRD_3A8D2EC8D99B4D7B9450,SCRYDEX_JP,RAW,,7600.0000,KRW,7600,2026-06-29
CRD_3A9BC04410714B2ABFF2,SCRYDEX_EN,RAW,,40.1400,USD,61674,2026-06-29
CRD_3A9BC04410714B2ABFF2,SCRYDEX_JP,GRADED,10,,,100009,2026-06-29
CRD_3A9BC04410714B2ABFF2,SCRYDEX_JP,GRADED,9,,,29577,2026-06-29
CRD_3A9BC04410714B2ABFF2,SCRYDEX_JP,RAW,,8.4400,USD,12968,2026-06-29
CRD_3AA02ECE90604311AE59,SCRYDEX_EN,RAW,,2.3100,USD,3533,2026-06-05
CRD_3AA02ECE90604311AE59,SCRYDEX_JP,GRADED,10,,,60522,2026-06-29
CRD_3AA02ECE90604311AE59,SCRYDEX_JP,GRADED,9,,,16901,2026-06-29
CRD_3AA02ECE90604311AE59,SCRYDEX_JP,RAW,,4.2600,USD,6545,2026-06-29
CRD_3ABA99E638CD43358D1A,SCRYDEX_EN,RAW,,9.2800,USD,14193,2026-06-05
CRD_3ABA99E638CD43358D1A,SCRYDEX_JP,GRADED,10,,,150575,2026-06-29
CRD_3ABA99E638CD43358D1A,SCRYDEX_JP,GRADED,9,,,73521,2026-06-29
CRD_3ABA99E638CD43358D1A,SCRYDEX_JP,RAW,,38000.0000,KRW,38000,2026-06-29
CRD_3ABEBDCF89194B049E06,SCRYDEX_EN,RAW,,1.3900,USD,2126,2026-06-05
CRD_3ABEBDCF89194B049E06,SCRYDEX_JP,GRADED,10,,,45173,2026-06-29
CRD_3ABEBDCF89194B049E06,SCRYDEX_JP,GRADED,9,,,17301,2026-06-29
CRD_3ABEBDCF89194B049E06,SCRYDEX_JP,RAW,,0.7900,USD,1214,2026-06-29
CRD_3AC8F9831E6C417A920C,SCRYDEX_EN,RAW,,10.5000,USD,16058,2026-06-05
CRD_3AC8F9831E6C417A920C,SCRYDEX_JP,GRADED,10,,,130601,2026-06-29
CRD_3AC8F9831E6C417A920C,SCRYDEX_JP,GRADED,9,,,76747,2026-06-29
CRD_3AC8F9831E6C417A920C,SCRYDEX_JP,RAW,,8.1000,USD,12445,2026-06-29
CRD_3AD11F4FC02E4D89B3FA,SCRYDEX_EN,RAW,,2.8000,USD,4282,2026-06-05
CRD_3AD11F4FC02E4D89B3FA,SCRYDEX_JP,RAW,,4.6400,USD,7129,2026-06-29
CRD_3ADB55F70EE445AF8F86,SCRYDEX_EN,RAW,,2.2000,USD,3365,2026-06-05
CRD_3ADB55F70EE445AF8F86,SCRYDEX_JP,GRADED,10,,,57787,2026-06-29
CRD_3ADB55F70EE445AF8F86,SCRYDEX_JP,GRADED,9,,,15257,2026-06-29
CRD_3ADB55F70EE445AF8F86,SCRYDEX_JP,RAW,,0.5400,USD,830,2026-06-29
CRD_3AEB0958DF704E919E03,SCRYDEX_EN,RAW,,9.8500,USD,14942,2026-06-15
CRD_3AEB0958DF704E919E03,SCRYDEX_JP,GRADED,10,,,256269,2026-06-29
CRD_3AEB0958DF704E919E03,SCRYDEX_JP,RAW,,35.3100,USD,54253,2026-06-29
CRD_3AF8CE5102AA47F5A68E,SCRYDEX_EN,RAW,,120.7600,USD,185545,2026-06-29
CRD_3AF8CE5102AA47F5A68E,SCRYDEX_JP,GRADED,10,,,829453,2026-06-29
CRD_3AF8CE5102AA47F5A68E,SCRYDEX_JP,GRADED,9,,,315962,2026-06-29
CRD_3AF8CE5102AA47F5A68E,SCRYDEX_JP,RAW,,151.9300,USD,233437,2026-06-29
CRD_3B0AA576F162446CAD28,SCRYDEX_EN,RAW,,3.6300,USD,5552,2026-06-05
CRD_3B0AA576F162446CAD28,SCRYDEX_JP,GRADED,10,,,106816,2026-06-29
CRD_3B0AA576F162446CAD28,SCRYDEX_JP,GRADED,9,,,44558,2026-06-29
CRD_3B0AA576F162446CAD28,SCRYDEX_JP,RAW,,4.3500,USD,6684,2026-06-29
CRD_3B1892201B8240FAA691,SCRYDEX_EN,RAW,,37.1800,USD,57126,2026-06-29
CRD_3B1892201B8240FAA691,SCRYDEX_JP,GRADED,10,,,271143,2026-06-29
CRD_3B1892201B8240FAA691,SCRYDEX_JP,GRADED,9,,,77392,2026-06-29
CRD_3B1892201B8240FAA691,SCRYDEX_JP,RAW,,237500.0000,KRW,237500,2026-06-29
CRD_3B1C48E46678437CBAE4,SCRYDEX_EN,RAW,,606.1400,USD,931322,2026-06-29
CRD_3B1C48E46678437CBAE4,SCRYDEX_JP,GRADED,10,,,2831502,2026-06-29
CRD_3B1C48E46678437CBAE4,SCRYDEX_JP,GRADED,9,,,1078363,2026-06-29
CRD_3B1C48E46678437CBAE4,SCRYDEX_JP,RAW,,1425000.0000,KRW,1425000,2026-06-29
CRD_3B28179308924FD388CA,SCRYDEX_EN,RAW,,6.5700,USD,10048,2026-06-05
CRD_3B28179308924FD388CA,SCRYDEX_JP,GRADED,10,,,90068,2026-06-29
CRD_3B28179308924FD388CA,SCRYDEX_JP,GRADED,9,,,13813,2026-06-29
CRD_3B28179308924FD388CA,SCRYDEX_JP,RAW,,9.3200,USD,14320,2026-06-29
CRD_3B37F7C8EEF44621A6E1,SCRYDEX_EN,RAW,,5.0400,USD,7708,2026-06-05
CRD_3B37F7C8EEF44621A6E1,SCRYDEX_JP,GRADED,10,,,58386,2026-06-29
CRD_3B37F7C8EEF44621A6E1,SCRYDEX_JP,RAW,,15.9900,USD,24568,2026-06-29
CRD_3B4881B425A945B385D7,SCRYDEX_EN,RAW,,3.6200,USD,5536,2026-06-05
CRD_3B4881B425A945B385D7,SCRYDEX_JP,RAW,,8.9900,USD,13813,2026-06-29
CRD_3B4B975E13F04C418F1C,SCRYDEX_EN,RAW,,2.9000,USD,4435,2026-06-05
CRD_3B4B975E13F04C418F1C,SCRYDEX_JP,GRADED,10,,,24522,2026-06-29
CRD_3B4B975E13F04C418F1C,SCRYDEX_JP,RAW,,5.2300,USD,8036,2026-06-29
CRD_3B58C4FB597C409D8154,SCRYDEX_EN,RAW,,8.4000,USD,12847,2026-06-05
CRD_3B58C4FB597C409D8154,SCRYDEX_JP,GRADED,10,,,83907,2026-06-29
CRD_3B58C4FB597C409D8154,SCRYDEX_JP,GRADED,9,,,33526,2026-06-29
CRD_3B58C4FB597C409D8154,SCRYDEX_JP,RAW,,13.2400,USD,20343,2026-06-29
CRD_3B5CF3B55F8242899616,SCRYDEX_EN,RAW,,15.7300,USD,24169,2026-06-29
CRD_3B5CF3B55F8242899616,SCRYDEX_JP,GRADED,10,,,74458,2026-06-29
CRD_3B5CF3B55F8242899616,SCRYDEX_JP,GRADED,9,,,23185,2026-06-29
CRD_3B5CF3B55F8242899616,SCRYDEX_JP,RAW,,9.7600,USD,14996,2026-06-29
CRD_3B62213E98D54EF7BF55,SCRYDEX_EN,RAW,,4.6300,USD,7081,2026-06-05
CRD_3B62213E98D54EF7BF55,SCRYDEX_JP,GRADED,10,,,56650,2026-06-29
CRD_3B62213E98D54EF7BF55,SCRYDEX_JP,GRADED,9,,,13813,2026-06-29
CRD_3B62213E98D54EF7BF55,SCRYDEX_JP,RAW,,1.3200,USD,2028,2026-06-29
CRD_3B708D58DCB3490BBE06,SCRYDEX_EN,RAW,,2.4700,USD,3778,2026-06-05
CRD_3B708D58DCB3490BBE06,SCRYDEX_JP,GRADED,10,,,69142,2026-06-29
CRD_3B708D58DCB3490BBE06,SCRYDEX_JP,RAW,,0.8200,USD,1260,2026-06-29
CRD_3B93462476FF4AC1B6AE,SCRYDEX_EN,RAW,,5.8600,USD,9004,2026-06-29
CRD_3B93462476FF4AC1B6AE,SCRYDEX_JP,GRADED,10,,,40932,2026-06-29
CRD_3B93462476FF4AC1B6AE,SCRYDEX_JP,GRADED,9,,,12230,2026-06-29
CRD_3B93462476FF4AC1B6AE,SCRYDEX_JP,RAW,,5.8100,USD,8927,2026-06-29
CRD_3B9DA71B112D43DAA326,SCRYDEX_EN,RAW,,11.0400,USD,17063,2026-06-07
CRD_3B9DA71B112D43DAA326,SCRYDEX_JP,GRADED,10,,,108721,2026-06-29
CRD_3B9DA71B112D43DAA326,SCRYDEX_JP,GRADED,9,,,46064,2026-06-29
CRD_3B9DA71B112D43DAA326,SCRYDEX_JP,RAW,,10.2500,USD,15749,2026-06-29
CRD_3B9DA73247AA4D448AB0,SCRYDEX_EN,RAW,,2.2300,USD,3410,2026-06-05
CRD_3B9DA73247AA4D448AB0,SCRYDEX_JP,GRADED,10,,,44788,2026-06-29
CRD_3B9DA73247AA4D448AB0,SCRYDEX_JP,GRADED,9,,,18438,2026-06-29
CRD_3B9DA73247AA4D448AB0,SCRYDEX_JP,RAW,,2.1100,USD,3242,2026-06-29
CRD_3BB0CBC7ABDE40CC8213,SCRYDEX_EN,RAW,,12.4900,USD,18947,2026-06-15
CRD_3BB0CBC7ABDE40CC8213,SCRYDEX_JP,GRADED,10,,,169213,2026-06-29
CRD_3BB0CBC7ABDE40CC8213,SCRYDEX_JP,RAW,,10.0000,USD,15365,2026-06-29
CRD_3BC79D4373A7498D87FB,SCRYDEX_EN,RAW,,4.7500,USD,7265,2026-06-05
CRD_3BC79D4373A7498D87FB,SCRYDEX_JP,GRADED,10,,,62212,2026-06-29
CRD_3BC79D4373A7498D87FB,SCRYDEX_JP,GRADED,9,,,28456,2026-06-29
CRD_3BC79D4373A7498D87FB,SCRYDEX_JP,RAW,,0.7400,USD,1137,2026-06-29
CRD_3BD22AE03D484B308C7E,SCRYDEX_EN,RAW,,0.7500,USD,1147,2026-06-05
CRD_3BD22AE03D484B308C7E,SCRYDEX_JP,GRADED,10,,,31498,2026-06-29
CRD_3BD22AE03D484B308C7E,SCRYDEX_JP,RAW,,0.2800,USD,430,2026-06-29
CRD_3BD607C56C33412AAF02,SCRYDEX_EN,RAW,,13.5300,USD,20789,2026-06-29
CRD_3BD607C56C33412AAF02,SCRYDEX_JP,GRADED,9,,,33956,2026-06-29
CRD_3BD607C56C33412AAF02,SCRYDEX_JP,RAW,,12.7400,USD,19575,2026-06-29
CRD_3BDBFB0461F4481F9A03,SCRYDEX_EN,RAW,,2.5300,USD,3869,2026-06-05
CRD_3BDBFB0461F4481F9A03,SCRYDEX_JP,GRADED,10,,,42438,2026-06-29
CRD_3BDBFB0461F4481F9A03,SCRYDEX_JP,GRADED,9,,,69142,2026-06-29
CRD_3BDBFB0461F4481F9A03,SCRYDEX_JP,RAW,,2.4900,USD,3826,2026-06-29
CRD_3BE5316F6AED4A72B593,SCRYDEX_EN,RAW,,99.2500,USD,152496,2026-06-29
CRD_3BE5316F6AED4A72B593,SCRYDEX_JP,GRADED,10,,,536493,2026-06-29
CRD_3BE5316F6AED4A72B593,SCRYDEX_JP,GRADED,9,,,99871,2026-06-29
CRD_3BE5316F6AED4A72B593,SCRYDEX_JP,RAW,,69.6100,USD,106954,2026-06-29
CRD_3BE83FC74DE14380BC3B,SCRYDEX_EN,RAW,,13.6400,USD,20958,2026-06-29
CRD_3BE83FC74DE14380BC3B,SCRYDEX_JP,GRADED,10,,,43390,2026-06-29
CRD_3BE83FC74DE14380BC3B,SCRYDEX_JP,GRADED,9,,,39887,2026-06-29
CRD_3BE83FC74DE14380BC3B,SCRYDEX_JP,RAW,,4.2800,USD,6576,2026-06-29
CRD_3BE8944EE0F7456FBD5A,SCRYDEX_EN,RAW,,4.8200,USD,7372,2026-06-05
CRD_3BE8944EE0F7456FBD5A,SCRYDEX_JP,GRADED,10,,,19467,2026-06-29
CRD_3BE8944EE0F7456FBD5A,SCRYDEX_JP,RAW,,1.8900,USD,2904,2026-06-29
CRD_3BEEBBBA3187450DBC7E,SCRYDEX_EN,RAW,,1.9900,USD,3043,2026-06-05
CRD_3BEEBBBA3187450DBC7E,SCRYDEX_JP,GRADED,10,,,49167,2026-06-29
CRD_3BEEBBBA3187450DBC7E,SCRYDEX_JP,RAW,,4.2500,USD,6530,2026-06-29
CRD_3BEF85BDD3334AB1B674,SCRYDEX_EN,RAW,,12.5800,USD,19260,2026-06-20
CRD_3BEF85BDD3334AB1B674,SCRYDEX_JP,GRADED,10,,,107646,2026-06-29
CRD_3BEF85BDD3334AB1B674,SCRYDEX_JP,GRADED,9,,,26120,2026-06-29
CRD_3BEF85BDD3334AB1B674,SCRYDEX_JP,RAW,,5.7600,USD,8850,2026-06-29
CRD_3BF8865058D243DC9DBF,SCRYDEX_EN,RAW,,13.2800,USD,20404,2026-06-29
CRD_3BF8865058D243DC9DBF,SCRYDEX_JP,GRADED,10,,,93741,2026-06-29
CRD_3BF8865058D243DC9DBF,SCRYDEX_JP,RAW,,6.4900,USD,9972,2026-06-29
CRD_3C062CAF599948F7BA44,SCRYDEX_EN,RAW,,26.6600,USD,40963,2026-06-29
CRD_3C062CAF599948F7BA44,SCRYDEX_JP,GRADED,10,,,146995,2026-06-29
CRD_3C062CAF599948F7BA44,SCRYDEX_JP,GRADED,9,,,43359,2026-06-29
CRD_3C062CAF599948F7BA44,SCRYDEX_JP,RAW,,32.0400,USD,49229,2026-06-29
CRD_3C0A4BD7A21440D38FB0,SCRYDEX_EN,RAW,,93.1000,USD,142384,2026-06-05
CRD_3C0A4BD7A21440D38FB0,SCRYDEX_JP,GRADED,10,,,1175269,2026-06-29
CRD_3C0A4BD7A21440D38FB0,SCRYDEX_JP,RAW,,199.9900,USD,307281,2026-06-29
CRD_3C1390FC1DF04130BF02,SCRYDEX_EN,RAW,,9.8500,USD,15080,2026-06-21
CRD_3C1390FC1DF04130BF02,SCRYDEX_JP,GRADED,10,,,105894,2026-06-29
CRD_3C1390FC1DF04130BF02,SCRYDEX_JP,GRADED,9,,,34217,2026-06-29
CRD_3C1390FC1DF04130BF02,SCRYDEX_JP,RAW,,10.4900,USD,16118,2026-06-29
CRD_3C3DCDDEE1D445CF8043,SCRYDEX_EN,RAW,,1.9900,USD,3043,2026-06-05
CRD_3C3DCDDEE1D445CF8043,SCRYDEX_JP,GRADED,10,,,62888,2026-06-29
CRD_3C3DCDDEE1D445CF8043,SCRYDEX_JP,GRADED,9,,,7682,2026-06-29
CRD_3C3DCDDEE1D445CF8043,SCRYDEX_JP,RAW,,1.5000,USD,2305,2026-06-29
CRD_3C4CBC99613B4B548008,SCRYDEX_EN,RAW,,21.0100,USD,32281,2026-06-29
CRD_3C4CBC99613B4B548008,SCRYDEX_JP,GRADED,10,,,297232,2026-06-29
CRD_3C4CBC99613B4B548008,SCRYDEX_JP,GRADED,9,,,86857,2026-06-29
CRD_3C4CBC99613B4B548008,SCRYDEX_JP,RAW,,218500.0000,KRW,218500,2026-06-29
CRD_3C56BFC81EEB4EE89BB1,SCRYDEX_EN,RAW,,4.9400,USD,7555,2026-06-05
CRD_3C56BFC81EEB4EE89BB1,SCRYDEX_JP,GRADED,10,,,111610,2026-06-29
CRD_3C56BFC81EEB4EE89BB1,SCRYDEX_JP,GRADED,9,,,35416,2026-06-29
CRD_3C56BFC81EEB4EE89BB1,SCRYDEX_JP,RAW,,1.3300,USD,2044,2026-06-29
CRD_3C91F57ABFE0494F9FEE,SCRYDEX_EN,RAW,,174.4900,USD,268100,2026-06-29
CRD_3C91F57ABFE0494F9FEE,SCRYDEX_JP,GRADED,10,,,176050,2026-06-29
CRD_3C91F57ABFE0494F9FEE,SCRYDEX_JP,GRADED,9,,,115128,2026-06-29
CRD_3C91F57ABFE0494F9FEE,SCRYDEX_JP,RAW,,74.8700,USD,115036,2026-06-29
CRD_3CABC0377B7C4F4BA3A7,SCRYDEX_EN,RAW,,0.6900,USD,1055,2026-06-05
CRD_3CABC0377B7C4F4BA3A7,SCRYDEX_JP,GRADED,10,,,46094,2026-06-29
CRD_3CABC0377B7C4F4BA3A7,SCRYDEX_JP,RAW,,0.3100,USD,476,2026-06-29
CRD_3CACC2204A9044EA93A2,SCRYDEX_EN,RAW,,1.5300,USD,2351,2026-06-29
CRD_3CACC2204A9044EA93A2,SCRYDEX_JP,GRADED,10,,,52916,2026-06-29
CRD_3CACC2204A9044EA93A2,SCRYDEX_JP,GRADED,9,,,18438,2026-06-29
CRD_3CACC2204A9044EA93A2,SCRYDEX_JP,RAW,,1.1900,USD,1828,2026-06-29
CRD_3CE005C5398E4DF8AA7A,SCRYDEX_EN,RAW,,0.6200,USD,953,2026-06-29
CRD_3CE005C5398E4DF8AA7A,SCRYDEX_JP,GRADED,10,,,42960,2026-06-29
CRD_3CE005C5398E4DF8AA7A,SCRYDEX_JP,GRADED,9,,,36568,2026-06-29
CRD_3CE005C5398E4DF8AA7A,SCRYDEX_JP,RAW,,0.4400,USD,676,2026-06-29
CRD_3CF2CAAC6C6843768D3B,SCRYDEX_EN,RAW,,0.8800,USD,1346,2026-06-05
CRD_3CF2CAAC6C6843768D3B,SCRYDEX_JP,GRADED,10,,,29193,2026-06-29
CRD_3CF2CAAC6C6843768D3B,SCRYDEX_JP,RAW,,0.6000,USD,922,2026-06-29
CRD_3D033F417C70493F8472,SCRYDEX_EN,RAW,,3.4500,USD,5276,2026-06-05
CRD_3D033F417C70493F8472,SCRYDEX_JP,RAW,,19.9900,USD,30714,2026-06-29
CRD_3D1314647FED4C4BB1D1,SCRYDEX_EN,RAW,,3.6500,USD,5582,2026-06-05
CRD_3D1314647FED4C4BB1D1,SCRYDEX_JP,RAW,,14.9900,USD,23032,2026-06-29
CRD_3D1823A431694121B9F4,SCRYDEX_EN,RAW,,0.8500,USD,1300,2026-06-05
CRD_3D1823A431694121B9F4,SCRYDEX_JP,RAW,,0.3700,USD,568,2026-06-29
CRD_3D1DDFE22E46497299FE,SCRYDEX_EN,RAW,,1.2600,USD,1927,2026-06-05
CRD_3D1DDFE22E46497299FE,SCRYDEX_JP,GRADED,10,,,46740,2026-06-29
CRD_3D1DDFE22E46497299FE,SCRYDEX_JP,RAW,,1.1700,USD,1798,2026-06-29
CRD_3D1FFCD550FE4CE49C08,SCRYDEX_EN,RAW,,3.0900,USD,4726,2026-06-05
CRD_3D1FFCD550FE4CE49C08,SCRYDEX_JP,GRADED,10,,,44942,2026-06-29
CRD_3D1FFCD550FE4CE49C08,SCRYDEX_JP,GRADED,9,,,10909,2026-06-29
CRD_3D1FFCD550FE4CE49C08,SCRYDEX_JP,RAW,,1.1800,USD,1813,2026-06-29
CRD_3D2652A213CB1E4217EF,SCRYDEX_JP,GRADED,10,,,61106,2026-06-29
CRD_3D2652A213CB1E4217EF,SCRYDEX_JP,GRADED,9,,,13214,2026-06-29
CRD_3D2652A213CB1E4217EF,SCRYDEX_JP,RAW,,2.2300,USD,3426,2026-06-29
CRD_3D5EDF548DF943ACAADD,SCRYDEX_EN,RAW,,13.3000,USD,20435,2026-06-29
CRD_3D5EDF548DF943ACAADD,SCRYDEX_JP,GRADED,10,,,33357,2026-06-29
CRD_3D5EDF548DF943ACAADD,SCRYDEX_JP,RAW,,4.8500,USD,7452,2026-06-29
CRD_3D7C380DE0344900AFCD,SCRYDEX_EN,RAW,,11.1100,USD,17070,2026-06-29
CRD_3D7C380DE0344900AFCD,SCRYDEX_JP,GRADED,10,,,36906,2026-06-29
CRD_3D7C380DE0344900AFCD,SCRYDEX_JP,GRADED,9,,,38412,2026-06-29
CRD_3D7C380DE0344900AFCD,SCRYDEX_JP,RAW,,15.0000,USD,23047,2026-06-29
CRD_3D845D79A43446819D94,SCRYDEX_EN,RAW,,8.6500,USD,13291,2026-06-29
CRD_3D845D79A43446819D94,SCRYDEX_JP,GRADED,10,,,119892,2026-06-29
CRD_3D845D79A43446819D94,SCRYDEX_JP,GRADED,9,,,32635,2026-06-29
CRD_3D845D79A43446819D94,SCRYDEX_JP,RAW,,2.3600,USD,3626,2026-06-29
CRD_3D8E86F6369447DC8A73,SCRYDEX_EN,RAW,,24.5600,USD,37561,2026-06-05
CRD_3D8E86F6369447DC8A73,SCRYDEX_JP,GRADED,10,,,380724,2026-06-29
CRD_3D8E86F6369447DC8A73,SCRYDEX_JP,GRADED,9,,,92173,2026-06-29
CRD_3D8E86F6369447DC8A73,SCRYDEX_JP,RAW,,30.0000,USD,46094,2026-06-29
CRD_3D9C68A514C54A7A8160,SCRYDEX_EN,RAW,,0.7500,USD,1147,2026-06-05
CRD_3D9C68A514C54A7A8160,SCRYDEX_JP,GRADED,10,,,31928,2026-06-29
CRD_3D9C68A514C54A7A8160,SCRYDEX_JP,RAW,,0.2800,USD,430,2026-06-29
CRD_3DA9FF90C36043F5AFDC,SCRYDEX_JP,RAW,,0.2100,USD,323,2026-06-29
CRD_3DB07E020BC24EA1AB3B,SCRYDEX_EN,RAW,,1.1400,USD,1752,2026-06-29
CRD_3DB07E020BC24EA1AB3B,SCRYDEX_JP,GRADED,10,,,23831,2026-06-29
CRD_3DB07E020BC24EA1AB3B,SCRYDEX_JP,RAW,,0.6000,USD,922,2026-06-29
CRD_3DB28C7FE7014FECAA07,SCRYDEX_EN,RAW,,9.7900,USD,15042,2026-06-29
CRD_3DB28C7FE7014FECAA07,SCRYDEX_JP,GRADED,10,,,98581,2026-06-29
CRD_3DB28C7FE7014FECAA07,SCRYDEX_JP,GRADED,9,,,23047,2026-06-29
CRD_3DB28C7FE7014FECAA07,SCRYDEX_JP,RAW,,7.0000,USD,10755,2026-06-29
CRD_3DC005D2BBD14E03914E,SCRYDEX_EN,RAW,,64.9700,USD,99825,2026-06-29
CRD_3DC005D2BBD14E03914E,SCRYDEX_JP,GRADED,10,,,132291,2026-06-29
CRD_3DC005D2BBD14E03914E,SCRYDEX_JP,GRADED,9,,,30376,2026-06-29
CRD_3DC005D2BBD14E03914E,SCRYDEX_JP,RAW,,19.4800,USD,29931,2026-06-29
CRD_3DDAD77110704AF290D4,SCRYDEX_EN,RAW,,1.8000,USD,2753,2026-06-05
CRD_3DDAD77110704AF290D4,SCRYDEX_JP,GRADED,10,,,33756,2026-06-29
CRD_3DDAD77110704AF290D4,SCRYDEX_JP,GRADED,9,,,13828,2026-06-29
CRD_3DDAD77110704AF290D4,SCRYDEX_JP,RAW,,1.7500,USD,2689,2026-06-29
CRD_3E05F7873B1A4A2388BA,SCRYDEX_EN,RAW,,5.0300,USD,7693,2026-06-05
CRD_3E05F7873B1A4A2388BA,SCRYDEX_JP,GRADED,10,,,60384,2026-06-29
CRD_3E05F7873B1A4A2388BA,SCRYDEX_JP,GRADED,9,,,30929,2026-06-29
CRD_3E05F7873B1A4A2388BA,SCRYDEX_JP,RAW,,1.9400,USD,2981,2026-06-29
CRD_3E0AD8CAAB4F44D5B183,SCRYDEX_EN,RAW,,109.7200,USD,167802,2026-06-05
CRD_3E0AD8CAAB4F44D5B183,SCRYDEX_JP,GRADED,10,,,6499387,2026-06-29
CRD_3E0AD8CAAB4F44D5B183,SCRYDEX_JP,GRADED,9,,,487033,2026-06-29
CRD_3E0AD8CAAB4F44D5B183,SCRYDEX_JP,RAW,,1900000.0000,KRW,1900000,2026-06-29
CRD_3E139045F2814C85AD9A,SCRYDEX_EN,RAW,,31.8300,USD,48906,2026-06-29
CRD_3E139045F2814C85AD9A,SCRYDEX_JP,GRADED,10,,,59877,2026-06-29
CRD_3E139045F2814C85AD9A,SCRYDEX_JP,RAW,,15.2400,USD,23416,2026-06-29
CRD_3E23CFF0B8FC46699E5A,SCRYDEX_EN,RAW,,1.8600,USD,2845,2026-06-05
CRD_3E23CFF0B8FC46699E5A,SCRYDEX_JP,GRADED,10,,,40963,2026-06-29
CRD_3E23CFF0B8FC46699E5A,SCRYDEX_JP,RAW,,1.0400,USD,1598,2026-06-29
CRD_3E28C08144174CFC8121,SCRYDEX_EN,RAW,,16.9700,USD,26074,2026-06-29
CRD_3E28C08144174CFC8121,SCRYDEX_JP,GRADED,10,,,67851,2026-06-29
CRD_3E28C08144174CFC8121,SCRYDEX_JP,GRADED,9,,,33787,2026-06-29
CRD_3E28C08144174CFC8121,SCRYDEX_JP,RAW,,6.8200,USD,10479,2026-06-29
CRD_3E39B2A60D644D419C7A,SCRYDEX_EN,RAW,,4.5200,USD,6913,2026-06-05
CRD_3E39B2A60D644D419C7A,SCRYDEX_JP,GRADED,10,,,61782,2026-06-29
CRD_3E39B2A60D644D419C7A,SCRYDEX_JP,GRADED,9,,,29178,2026-06-29
CRD_3E39B2A60D644D419C7A,SCRYDEX_JP,RAW,,2.5600,USD,3933,2026-06-29
CRD_3E430DB8963746CBBEDB,SCRYDEX_EN,RAW,,92.1900,USD,141648,2026-06-29
CRD_3E430DB8963746CBBEDB,SCRYDEX_JP,GRADED,10,,,200864,2026-06-29
CRD_3E430DB8963746CBBEDB,SCRYDEX_JP,GRADED,9,,,69034,2026-06-29
CRD_3E430DB8963746CBBEDB,SCRYDEX_JP,RAW,,33.2400,USD,51073,2026-06-29
CRD_3E4E6014D8C14643B6EE,SCRYDEX_EN,RAW,,47.9600,USD,73690,2026-06-29
CRD_3E4E6014D8C14643B6EE,SCRYDEX_JP,GRADED,10,,,115236,2026-06-29
CRD_3E4E6014D8C14643B6EE,SCRYDEX_JP,GRADED,9,,,46555,2026-06-29
CRD_3E4E6014D8C14643B6EE,SCRYDEX_JP,RAW,,13.9000,USD,21357,2026-06-29
CRD_3E51556E4E8842128C4E,SCRYDEX_EN,RAW,,6.1800,USD,9452,2026-06-05
CRD_3E51556E4E8842128C4E,SCRYDEX_JP,GRADED,10,,,53377,2026-06-29
CRD_3E51556E4E8842128C4E,SCRYDEX_JP,GRADED,9,,,16287,2026-06-29
CRD_3E51556E4E8842128C4E,SCRYDEX_JP,RAW,,1.7200,USD,2643,2026-06-29
CRD_3E5403B79A2643CBAD3A,SCRYDEX_EN,RAW,,31.7800,USD,48829,2026-06-29
CRD_3E5403B79A2643CBAD3A,SCRYDEX_JP,GRADED,10,,,83216,2026-06-29
CRD_3E5403B79A2643CBAD3A,SCRYDEX_JP,GRADED,9,,,66483,2026-06-29
CRD_3E5403B79A2643CBAD3A,SCRYDEX_JP,RAW,,28.6900,USD,44082,2026-06-29
CRD_3E730E3C8E944D9C8CAD,SCRYDEX_EN,RAW,,7.5600,USD,11562,2026-06-05
CRD_3E7EFB8B95774E57AD88,SCRYDEX_EN,RAW,,4.1800,USD,6393,2026-06-05
CRD_3E7EFB8B95774E57AD88,SCRYDEX_JP,GRADED,10,,,73905,2026-06-29
CRD_3E7EFB8B95774E57AD88,SCRYDEX_JP,RAW,,2.0800,USD,3196,2026-06-29
CRD_3E81540BBE5B4EF2A89E,SCRYDEX_EN,RAW,,0.6200,USD,948,2026-06-05
CRD_3E81540BBE5B4EF2A89E,SCRYDEX_JP,GRADED,10,,,31467,2026-06-29
CRD_3E81540BBE5B4EF2A89E,SCRYDEX_JP,GRADED,9,,,28701,2026-06-29
CRD_3E81540BBE5B4EF2A89E,SCRYDEX_JP,RAW,,1.3000,USD,1997,2026-06-29
CRD_3E81F48F8E78476C8639,SCRYDEX_EN,RAW,,5.6000,USD,8564,2026-06-05
CRD_3E81F48F8E78476C8639,SCRYDEX_JP,GRADED,9,,,16133,2026-06-29
CRD_3E81F48F8E78476C8639,SCRYDEX_JP,RAW,,19.2500,USD,29577,2026-06-29
CRD_3E8A50AC63BE422598F2,SCRYDEX_EN,RAW,,20.9700,USD,32220,2026-06-29
CRD_3E8A50AC63BE422598F2,SCRYDEX_JP,GRADED,10,,,65838,2026-06-29
CRD_3E8A50AC63BE422598F2,SCRYDEX_JP,GRADED,9,,,21541,2026-06-29
CRD_3E8A50AC63BE422598F2,SCRYDEX_JP,RAW,,5.7600,USD,8850,2026-06-29
CRD_3E9E5C6840D049589B84,SCRYDEX_EN,RAW,,4.4600,USD,6821,2026-06-05
CRD_3E9E5C6840D049589B84,SCRYDEX_JP,GRADED,10,,,75718,2026-06-29
CRD_3E9E5C6840D049589B84,SCRYDEX_JP,GRADED,9,,,17162,2026-06-29
CRD_3E9E5C6840D049589B84,SCRYDEX_JP,RAW,,4.8900,USD,7513,2026-06-29
CRD_3EB598DB6DD6410AAE57,SCRYDEX_EN,RAW,,7.4200,USD,11348,2026-06-05
CRD_3EB598DB6DD6410AAE57,SCRYDEX_JP,GRADED,10,,,53393,2026-06-29
CRD_3EB598DB6DD6410AAE57,SCRYDEX_JP,GRADED,9,,,13444,2026-06-29
CRD_3EB598DB6DD6410AAE57,SCRYDEX_JP,RAW,,2.3300,USD,3580,2026-06-29
CRD_3EC2D5FC5CD94A18B44E,SCRYDEX_EN,RAW,,15.6400,USD,24031,2026-06-29
CRD_3EC2D5FC5CD94A18B44E,SCRYDEX_JP,GRADED,10,,,107062,2026-06-29
CRD_3EC2D5FC5CD94A18B44E,SCRYDEX_JP,GRADED,9,,,41147,2026-06-29
CRD_3EC2D5FC5CD94A18B44E,SCRYDEX_JP,RAW,,12.7900,USD,19652,2026-06-29
CRD_3EC5906755954D34B0B9,SCRYDEX_EN,RAW,,4.1300,USD,6316,2026-06-05
CRD_3EC5906755954D34B0B9,SCRYDEX_JP,GRADED,10,,,38320,2026-06-29
CRD_3EC5906755954D34B0B9,SCRYDEX_JP,RAW,,1.9500,USD,2996,2026-06-29
CRD_3ECB798328944A0F8A34,SCRYDEX_EN,RAW,,12.6700,USD,19467,2026-06-29
CRD_3ECB798328944A0F8A34,SCRYDEX_JP,GRADED,10,,,81741,2026-06-29
CRD_3ECB798328944A0F8A34,SCRYDEX_JP,RAW,,6.4100,USD,9849,2026-06-29
CRD_3ED24376E1C34EC0A25B,SCRYDEX_EN,RAW,,1.2700,USD,1942,2026-06-05
CRD_3ED24376E1C34EC0A25B,SCRYDEX_JP,GRADED,10,,,51196,2026-06-29
CRD_3ED24376E1C34EC0A25B,SCRYDEX_JP,GRADED,9,,,24430,2026-06-29
CRD_3ED24376E1C34EC0A25B,SCRYDEX_JP,RAW,,0.3600,USD,553,2026-06-29
CRD_3ED9185116C84CE4B8E5,SCRYDEX_EN,RAW,,23.0300,USD,35385,2026-06-29
CRD_3ED9185116C84CE4B8E5,SCRYDEX_JP,GRADED,10,,,183010,2026-06-29
CRD_3ED9185116C84CE4B8E5,SCRYDEX_JP,GRADED,9,,,57787,2026-06-29
CRD_3ED9185116C84CE4B8E5,SCRYDEX_JP,RAW,,19.3100,USD,29669,2026-06-29
CRD_3EDE7FB426A144669E19,SCRYDEX_EN,RAW,,3.5000,USD,5353,2026-06-05
CRD_3EDE7FB426A144669E19,SCRYDEX_JP,GRADED,10,,,58571,2026-06-29
CRD_3EDE7FB426A144669E19,SCRYDEX_JP,GRADED,9,,,25367,2026-06-29
CRD_3EDE7FB426A144669E19,SCRYDEX_JP,RAW,,3.3400,USD,5132,2026-06-29
CRD_3EE3FCDAD8A84659B149,SCRYDEX_EN,RAW,,3.1400,USD,4802,2026-06-05
CRD_3EE3FCDAD8A84659B149,SCRYDEX_JP,GRADED,10,,,65731,2026-06-29
CRD_3EE3FCDAD8A84659B149,SCRYDEX_JP,GRADED,9,,,39948,2026-06-29
CRD_3EE3FCDAD8A84659B149,SCRYDEX_JP,RAW,,1.1500,USD,1767,2026-06-29
CRD_3EE555CE8FCD4C4CA1C9,SCRYDEX_EN,RAW,,65.4900,USD,100624,2026-06-29
CRD_3EE555CE8FCD4C4CA1C9,SCRYDEX_JP,GRADED,10,,,294973,2026-06-29
CRD_3EE555CE8FCD4C4CA1C9,SCRYDEX_JP,GRADED,9,,,125807,2026-06-29
CRD_3EE555CE8FCD4C4CA1C9,SCRYDEX_JP,RAW,,53.4900,USD,82186,2026-06-29
CRD_3EF662F5F4B04A96BB1F,SCRYDEX_EN,RAW,,3.2300,USD,4940,2026-06-05
CRD_3EF662F5F4B04A96BB1F,SCRYDEX_JP,GRADED,10,,,52025,2026-06-29
CRD_3EF662F5F4B04A96BB1F,SCRYDEX_JP,GRADED,9,,,21511,2026-06-29
CRD_3EF662F5F4B04A96BB1F,SCRYDEX_JP,RAW,,3.9900,USD,6131,2026-06-29
CRD_3F0CF7904DE24591A85C,SCRYDEX_EN,RAW,,4.6600,USD,7127,2026-06-05
CRD_3F0CF7904DE24591A85C,SCRYDEX_JP,GRADED,10,,,46094,2026-06-29
CRD_3F0CF7904DE24591A85C,SCRYDEX_JP,RAW,,22.4900,USD,34555,2026-06-29
CRD_3F1A4E09C8E142A29BCF,SCRYDEX_EN,RAW,,15.2000,USD,23354,2026-06-29
CRD_3F1A4E09C8E142A29BCF,SCRYDEX_JP,GRADED,10,,,111026,2026-06-29
CRD_3F1A4E09C8E142A29BCF,SCRYDEX_JP,GRADED,9,,,28886,2026-06-29
CRD_3F1A4E09C8E142A29BCF,SCRYDEX_JP,RAW,,5.7100,USD,8773,2026-06-29
CRD_3F2D5876782D4E44B4B3,SCRYDEX_EN,RAW,,1.4300,USD,2187,2026-06-05
CRD_3F47FE910E9D4632AC13,SCRYDEX_EN,RAW,,14.6200,USD,22463,2026-06-29
CRD_3F47FE910E9D4632AC13,SCRYDEX_JP,GRADED,10,,,53085,2026-06-29
CRD_3F47FE910E9D4632AC13,SCRYDEX_JP,GRADED,9,,,24891,2026-06-29
CRD_3F47FE910E9D4632AC13,SCRYDEX_JP,RAW,,2.6700,USD,4102,2026-06-29
CRD_3F605DD9C57145F4A405,SCRYDEX_EN,RAW,,3.3200,USD,5078,2026-06-05
CRD_3F605DD9C57145F4A405,SCRYDEX_JP,GRADED,10,,,74903,2026-06-29
CRD_3F605DD9C57145F4A405,SCRYDEX_JP,GRADED,9,,,28394,2026-06-29
CRD_3F605DD9C57145F4A405,SCRYDEX_JP,RAW,,2.4000,USD,3688,2026-06-29
CRD_3F61C7008F084A26A6CC,SCRYDEX_EN,RAW,,0.6400,USD,979,2026-06-05
CRD_3F61C7008F084A26A6CC,SCRYDEX_JP,GRADED,10,,,20620,2026-06-29
CRD_3F61C7008F084A26A6CC,SCRYDEX_JP,GRADED,9,,,23047,2026-06-29
CRD_3F61C7008F084A26A6CC,SCRYDEX_JP,RAW,,0.3500,USD,538,2026-06-29
CRD_3F76B4D8B9814F63AA83,SCRYDEX_EN,RAW,,92.1100,USD,141525,2026-06-29
CRD_3F76B4D8B9814F63AA83,SCRYDEX_JP,GRADED,10,,,368586,2026-06-29
CRD_3F76B4D8B9814F63AA83,SCRYDEX_JP,GRADED,9,,,136455,2026-06-29
CRD_3F76B4D8B9814F63AA83,SCRYDEX_JP,RAW,,97.9900,USD,150560,2026-06-29
CRD_3FA487AFC9CD43388FA7,SCRYDEX_EN,RAW,,3.1700,USD,4848,2026-06-05
CRD_3FA487AFC9CD43388FA7,SCRYDEX_JP,GRADED,10,,,26120,2026-06-29
CRD_3FA487AFC9CD43388FA7,SCRYDEX_JP,RAW,,3.4800,USD,5347,2026-06-29
CRD_3FA675F84C674401A71D,SCRYDEX_EN,RAW,,1.3500,USD,2065,2026-06-05
CRD_3FA675F84C674401A71D,SCRYDEX_JP,GRADED,10,,,30591,2026-06-29
CRD_3FA675F84C674401A71D,SCRYDEX_JP,RAW,,1.9600,USD,3012,2026-06-29
CRD_3FAA8A6B685E4661B8C6,SCRYDEX_EN,RAW,,41.4900,USD,63749,2026-06-29
CRD_3FAA8A6B685E4661B8C6,SCRYDEX_JP,GRADED,10,,,147395,2026-06-29
CRD_3FAA8A6B685E4661B8C6,SCRYDEX_JP,GRADED,9,,,84092,2026-06-29
CRD_3FAA8A6B685E4661B8C6,SCRYDEX_JP,RAW,,24.9900,USD,38397,2026-06-29
CRD_3FAAA0E00D4E4C6A8014,SCRYDEX_EN,RAW,,4.2300,USD,6469,2026-06-05
CRD_3FAAA0E00D4E4C6A8014,SCRYDEX_JP,GRADED,10,,,50842,2026-06-29
CRD_3FAAA0E00D4E4C6A8014,SCRYDEX_JP,GRADED,9,,,38704,2026-06-29
CRD_3FAAA0E00D4E4C6A8014,SCRYDEX_JP,RAW,,2.9300,USD,4502,2026-06-29
CRD_3FAD1A600E1E4A68BEFC,SCRYDEX_EN,RAW,,1.0500,USD,1606,2026-06-05
CRD_3FDB36F0CAF24E49B6CF,SCRYDEX_EN,RAW,,7.3100,USD,11180,2026-06-05
CRD_3FDB36F0CAF24E49B6CF,SCRYDEX_JP,GRADED,10,,,88839,2026-06-29
CRD_3FDB36F0CAF24E49B6CF,SCRYDEX_JP,GRADED,9,,,30637,2026-06-29
CRD_3FDB36F0CAF24E49B6CF,SCRYDEX_JP,RAW,,2.6400,USD,4056,2026-06-29
CRD_3FED5DC18A974AFBB5BA,SCRYDEX_EN,RAW,,2.8000,USD,4282,2026-06-05
CRD_3FED5DC18A974AFBB5BA,SCRYDEX_JP,GRADED,10,,,44189,2026-06-29
CRD_3FED5DC18A974AFBB5BA,SCRYDEX_JP,GRADED,9,,,17301,2026-06-29
CRD_3FED5DC18A974AFBB5BA,SCRYDEX_JP,RAW,,1.6600,USD,2551,2026-06-29
CRD_3FEFE9BCF9014B07A6CB,SCRYDEX_EN,RAW,,41.9800,USD,64203,2026-06-05
CRD_3FEFE9BCF9014B07A6CB,SCRYDEX_JP,GRADED,10,,,287982,2026-06-29
CRD_3FEFE9BCF9014B07A6CB,SCRYDEX_JP,GRADED,9,,,131446,2026-06-29
CRD_3FF1314B8C744C4087FA,SCRYDEX_EN,RAW,,71.9100,USD,110488,2026-06-29
CRD_3FF1314B8C744C4087FA,SCRYDEX_JP,GRADED,10,,,651206,2026-06-29
CRD_3FF1314B8C744C4087FA,SCRYDEX_JP,GRADED,9,,,116865,2026-06-29
CRD_3FF1314B8C744C4087FA,SCRYDEX_JP,RAW,,94.6900,USD,145489,2026-06-29
CRD_4007297FF83B46EF9175,SCRYDEX_EN,RAW,,10.0300,USD,15340,2026-06-05
CRD_4007297FF83B46EF9175,SCRYDEX_JP,GRADED,10,,,112916,2026-06-29
CRD_4007297FF83B46EF9175,SCRYDEX_JP,GRADED,9,,,20789,2026-06-29
CRD_4007297FF83B46EF9175,SCRYDEX_JP,RAW,,4.9900,USD,7667,2026-06-29
CRD_401FD6071DA84BD28DBD,SCRYDEX_EN,RAW,,5.0200,USD,7677,2026-06-05
CRD_401FD6071DA84BD28DBD,SCRYDEX_JP,GRADED,10,,,66530,2026-06-29
CRD_401FD6071DA84BD28DBD,SCRYDEX_JP,GRADED,9,,,35339,2026-06-29
CRD_401FD6071DA84BD28DBD,SCRYDEX_JP,RAW,,5.0400,USD,7744,2026-06-29
CRD_40212CBAF40D49EE8938,SCRYDEX_EN,RAW,,0.5600,USD,856,2026-06-05
CRD_40212CBAF40D49EE8938,SCRYDEX_JP,GRADED,10,,,45203,2026-06-28
CRD_40212CBAF40D49EE8938,SCRYDEX_JP,GRADED,9,,,13060,2026-06-28
CRD_40212CBAF40D49EE8938,SCRYDEX_JP,RAW,,0.2700,USD,415,2026-06-28
CRD_4032908FFCFF4C66A7DA,SCRYDEX_EN,RAW,,5.8200,USD,8901,2026-06-05
CRD_4032908FFCFF4C66A7DA,SCRYDEX_JP,GRADED,9,,,16901,2026-06-29
CRD_4032908FFCFF4C66A7DA,SCRYDEX_JP,RAW,,10.5000,USD,16133,2026-06-29
CRD_403D661F93B3488CA6F5,SCRYDEX_EN,RAW,,4.4400,USD,6790,2026-06-05
CRD_403D661F93B3488CA6F5,SCRYDEX_JP,GRADED,10,,,33803,2026-06-29
CRD_403D661F93B3488CA6F5,SCRYDEX_JP,GRADED,9,,,23938,2026-06-29
CRD_403D661F93B3488CA6F5,SCRYDEX_JP,RAW,,3.7600,USD,5777,2026-06-29
CRD_403F30AD7CEB4458A3BA,SCRYDEX_EN,RAW,,26.3000,USD,40409,2026-06-29
CRD_403F30AD7CEB4458A3BA,SCRYDEX_JP,GRADED,10,,,183502,2026-06-29
CRD_403F30AD7CEB4458A3BA,SCRYDEX_JP,GRADED,9,,,107538,2026-06-29
CRD_403F30AD7CEB4458A3BA,SCRYDEX_JP,RAW,,133000.0000,KRW,133000,2026-06-29
CRD_404917AFA01148F5B7A7,SCRYDEX_EN,RAW,,1.0100,USD,1545,2026-06-05
CRD_404917AFA01148F5B7A7,SCRYDEX_JP,GRADED,10,,,42192,2026-06-29
CRD_404917AFA01148F5B7A7,SCRYDEX_JP,GRADED,9,,,10755,2026-06-29
CRD_404917AFA01148F5B7A7,SCRYDEX_JP,RAW,,1.2700,USD,1951,2026-06-29
CRD_405854EB09E342C08AFB,SCRYDEX_EN,RAW,,7.4300,USD,11363,2026-06-05
CRD_407679EEDAA34799BBA6,SCRYDEX_EN,RAW,,8.2600,USD,12633,2026-06-05
CRD_407679EEDAA34799BBA6,SCRYDEX_JP,GRADED,10,,,66837,2026-06-29
CRD_407679EEDAA34799BBA6,SCRYDEX_JP,GRADED,9,,,19175,2026-06-29
CRD_407679EEDAA34799BBA6,SCRYDEX_JP,RAW,,2.5100,USD,3857,2026-06-29
CRD_4078C16E4F0A46D1B247,SCRYDEX_EN,RAW,,1.8900,USD,2891,2026-06-05
CRD_4078C16E4F0A46D1B247,SCRYDEX_JP,GRADED,10,,,54146,2026-06-29
CRD_4078C16E4F0A46D1B247,SCRYDEX_JP,GRADED,9,,,21495,2026-06-29
CRD_4078C16E4F0A46D1B247,SCRYDEX_JP,RAW,,2.5700,USD,3949,2026-06-29
CRD_40ACC9AF379C44558884,SCRYDEX_EN,RAW,,249.9900,USD,382327,2026-06-05
CRD_40ACC9AF379C44558884,SCRYDEX_JP,GRADED,10,,,1936395,2026-06-29
CRD_40ACC9AF379C44558884,SCRYDEX_JP,GRADED,9,,,204106,2026-06-29
CRD_40B4022498F2461CB0E9,SCRYDEX_EN,RAW,,16.4200,USD,25112,2026-06-05
CRD_40B4022498F2461CB0E9,SCRYDEX_JP,GRADED,10,,,106017,2026-06-29
CRD_40B4022498F2461CB0E9,SCRYDEX_JP,GRADED,9,,,52240,2026-06-29
CRD_40B4022498F2461CB0E9,SCRYDEX_JP,RAW,,5.0000,USD,7682,2026-06-29
CRD_40C9B79679FB427396C0,SCRYDEX_EN,RAW,,0.6900,USD,1055,2026-06-05
CRD_40C9B79679FB427396C0,SCRYDEX_JP,GRADED,10,,,40532,2026-06-29
CRD_40C9B79679FB427396C0,SCRYDEX_JP,RAW,,0.3000,USD,461,2026-06-29
CRD_40D2B16676124F24A955,SCRYDEX_EN,RAW,,1.7100,USD,2615,2026-06-05
CRD_40D2B16676124F24A955,SCRYDEX_JP,GRADED,10,,,52870,2026-06-29
CRD_40D2B16676124F24A955,SCRYDEX_JP,GRADED,9,,,30653,2026-06-29
CRD_40D2B16676124F24A955,SCRYDEX_JP,RAW,,1.6100,USD,2474,2026-06-29
CRD_40D95A6077D44FA3A682,SCRYDEX_EN,RAW,,18.6300,USD,28625,2026-06-29
CRD_40D95A6077D44FA3A682,SCRYDEX_JP,GRADED,10,,,155676,2026-06-29
CRD_40D95A6077D44FA3A682,SCRYDEX_JP,GRADED,9,,,47155,2026-06-29
CRD_40D95A6077D44FA3A682,SCRYDEX_JP,RAW,,20.9300,USD,32159,2026-06-29
CRD_40E593A0BF374678B1E8,SCRYDEX_EN,RAW,,0.7000,USD,1071,2026-06-05
CRD_40E593A0BF374678B1E8,SCRYDEX_JP,GRADED,10,,,30883,2026-06-29
CRD_40E593A0BF374678B1E8,SCRYDEX_JP,RAW,,0.2600,USD,399,2026-06-29
CRD_40EA643721414CC5B8E1,SCRYDEX_EN,RAW,,8.1300,USD,12501,2026-06-23
CRD_40EA643721414CC5B8E1,SCRYDEX_JP,GRADED,10,,,58571,2026-06-29
CRD_40EA643721414CC5B8E1,SCRYDEX_JP,GRADED,9,,,16901,2026-06-29
CRD_40EA643721414CC5B8E1,SCRYDEX_JP,RAW,,8.9500,USD,13751,2026-06-29
CRD_40F6EEFDAD37407C8580,SCRYDEX_EN,RAW,,2.9700,USD,4542,2026-06-05
CRD_40F6EEFDAD37407C8580,SCRYDEX_JP,GRADED,10,,,48076,2026-06-29
CRD_40F6EEFDAD37407C8580,SCRYDEX_JP,GRADED,9,,,16702,2026-06-29
CRD_40F6EEFDAD37407C8580,SCRYDEX_JP,RAW,,1.9400,USD,2981,2026-06-29
CRD_40FAAC6A04774AEEB7B2,SCRYDEX_EN,RAW,,2.0200,USD,3089,2026-06-05
CRD_40FAAC6A04774AEEB7B2,SCRYDEX_JP,GRADED,10,,,56850,2026-06-29
CRD_40FAAC6A04774AEEB7B2,SCRYDEX_JP,GRADED,9,,,14658,2026-06-29
CRD_40FAAC6A04774AEEB7B2,SCRYDEX_JP,RAW,,1.1300,USD,1736,2026-06-29
CRD_40FBDA9D8B07812A7D95,SCRYDEX_EN,RAW,,14.7700,USD,22694,2026-06-29
CRD_40FBDA9D8B07812A7D95,SCRYDEX_JP,GRADED,10,,,96153,2026-06-29
CRD_40FBDA9D8B07812A7D95,SCRYDEX_JP,GRADED,9,,,37736,2026-06-29
CRD_40FBDA9D8B07812A7D95,SCRYDEX_JP,RAW,,9.4300,USD,14489,2026-06-29
CRD_410093B53305439B9BB8,SCRYDEX_EN,RAW,,2.0800,USD,3196,2026-06-29
CRD_410093B53305439B9BB8,SCRYDEX_JP,GRADED,10,,,32850,2026-06-29
CRD_410093B53305439B9BB8,SCRYDEX_JP,RAW,,1.2900,USD,1982,2026-06-29
CRD_41167277B8FA42F693CA,SCRYDEX_EN,RAW,,16.5500,USD,25429,2026-06-29
CRD_41167277B8FA42F693CA,SCRYDEX_JP,GRADED,10,,,71600,2026-06-29
CRD_41167277B8FA42F693CA,SCRYDEX_JP,GRADED,9,,,27042,2026-06-29
CRD_41167277B8FA42F693CA,SCRYDEX_JP,RAW,,23.0000,USD,35339,2026-06-29
CRD_412140A7DDD1C94BB3FC,SCRYDEX_JP,RAW,,3.8600,USD,5931,2026-06-29
CRD_413D5C01202A4AA1B435,SCRYDEX_EN,RAW,,9.7300,USD,14881,2026-06-05
CRD_413D5C01202A4AA1B435,SCRYDEX_JP,GRADED,10,,,70186,2026-06-29
CRD_413D5C01202A4AA1B435,SCRYDEX_JP,GRADED,9,,,18069,2026-06-29
CRD_413D5C01202A4AA1B435,SCRYDEX_JP,RAW,,2.2300,USD,3426,2026-06-29
CRD_413FD0336AAA480DAA38,SCRYDEX_EN,RAW,,67.8400,USD,104235,2026-06-29
CRD_413FD0336AAA480DAA38,SCRYDEX_JP,GRADED,10,,,540564,2026-06-29
CRD_413FD0336AAA480DAA38,SCRYDEX_JP,GRADED,9,,,132322,2026-06-29
CRD_413FD0336AAA480DAA38,SCRYDEX_JP,RAW,,86.5000,USD,132906,2026-06-29
CRD_413FE230DC42456DB302,SCRYDEX_EN,RAW,,1.2000,USD,1844,2026-06-29
CRD_413FE230DC42456DB302,SCRYDEX_JP,GRADED,10,,,74135,2026-06-29
CRD_413FE230DC42456DB302,SCRYDEX_JP,GRADED,9,,,15703,2026-06-29
CRD_413FE230DC42456DB302,SCRYDEX_JP,RAW,,0.5000,USD,768,2026-06-29
CRD_4143730A5E3C4C31B192,SCRYDEX_EN,RAW,,62.0000,USD,95262,2026-06-29
CRD_4143730A5E3C4C31B192,SCRYDEX_JP,GRADED,10,,,123886,2026-06-29
CRD_4143730A5E3C4C31B192,SCRYDEX_JP,RAW,,15.0000,USD,23047,2026-06-29
CRD_4145122B76D44C99ACC5,SCRYDEX_EN,RAW,,309.8500,USD,476078,2026-06-29
CRD_4145122B76D44C99ACC5,SCRYDEX_JP,GRADED,10,,,965632,2026-06-29
CRD_4145122B76D44C99ACC5,SCRYDEX_JP,GRADED,9,,,194426,2026-06-29
CRD_4145122B76D44C99ACC5,SCRYDEX_JP,RAW,,165.0000,USD,253519,2026-06-29
CRD_4156299E17D24C468D3E,SCRYDEX_EN,RAW,,270.2300,USD,415203,2026-06-29
CRD_4156299E17D24C468D3E,SCRYDEX_JP,GRADED,10,,,792609,2026-06-29
CRD_4156299E17D24C468D3E,SCRYDEX_JP,GRADED,9,,,376868,2026-06-29
CRD_4156299E17D24C468D3E,SCRYDEX_JP,RAW,,275.0000,USD,422532,2026-06-29
CRD_4192371C8DE14719ACB9,SCRYDEX_EN,RAW,,4.8900,USD,7479,2026-06-05
CRD_4192371C8DE14719ACB9,SCRYDEX_JP,GRADED,10,,,51687,2026-06-29
CRD_4192371C8DE14719ACB9,SCRYDEX_JP,GRADED,9,,,15073,2026-06-29
CRD_4192371C8DE14719ACB9,SCRYDEX_JP,RAW,,2.8100,USD,4318,2026-06-29
CRD_4194A800DB674EB6839A,SCRYDEX_EN,RAW,,83.6100,USD,127871,2026-06-05
CRD_4194A800DB674EB6839A,SCRYDEX_JP,GRADED,10,,,633137,2026-06-29
CRD_4194A800DB674EB6839A,SCRYDEX_JP,GRADED,9,,,122734,2026-06-29
CRD_4194A800DB674EB6839A,SCRYDEX_JP,RAW,,35.0000,USD,53777,2026-06-29
CRD_41A8630816A54FD4A1F7,SCRYDEX_EN,RAW,,36.0200,USD,55344,2026-06-29
CRD_41A8630816A54FD4A1F7,SCRYDEX_JP,GRADED,10,,,386870,2026-06-29
CRD_41A8630816A54FD4A1F7,SCRYDEX_JP,GRADED,9,,,103144,2026-06-29
CRD_41A8630816A54FD4A1F7,SCRYDEX_JP,RAW,,285000.0000,KRW,285000,2026-06-29
CRD_41A99002828C474D8A58,SCRYDEX_EN,RAW,,5.0300,USD,7693,2026-06-05
CRD_41A99002828C474D8A58,SCRYDEX_JP,GRADED,9,,,30730,2026-06-29
CRD_41A99002828C474D8A58,SCRYDEX_JP,RAW,,4.8100,USD,7390,2026-06-29
CRD_41BD351FBCE24334B7DD,SCRYDEX_EN,RAW,,7.3400,USD,11226,2026-06-05
CRD_41BD351FBCE24334B7DD,SCRYDEX_JP,GRADED,10,,,85351,2026-06-29
CRD_41BD351FBCE24334B7DD,SCRYDEX_JP,RAW,,2850.0000,KRW,2850,2026-06-29
CRD_41C4A6AF0C704C7CB5CF,SCRYDEX_EN,RAW,,21.4100,USD,32744,2026-06-05
CRD_41C4A6AF0C704C7CB5CF,SCRYDEX_JP,GRADED,10,,,284249,2026-06-29
CRD_41C4A6AF0C704C7CB5CF,SCRYDEX_JP,GRADED,9,,,62519,2026-06-29
CRD_41C4A6AF0C704C7CB5CF,SCRYDEX_JP,RAW,,2.0000,USD,3073,2026-06-29
CRD_41C8011108CC45C3B1B1,SCRYDEX_EN,RAW,,0.5800,USD,887,2026-06-05
CRD_41CF2D5A4A6A43DDB951,SCRYDEX_EN,RAW,,15.2500,USD,23431,2026-06-29
CRD_41CF2D5A4A6A43DDB951,SCRYDEX_JP,GRADED,10,,,43390,2026-06-29
CRD_41CF2D5A4A6A43DDB951,SCRYDEX_JP,GRADED,9,,,20082,2026-06-29
CRD_41CF2D5A4A6A43DDB951,SCRYDEX_JP,RAW,,2.1900,USD,3365,2026-06-29
CRD_41E509EE2DEB451BB2ED,SCRYDEX_EN,RAW,,10.5900,USD,16196,2026-06-05
CRD_41E509EE2DEB451BB2ED,SCRYDEX_JP,GRADED,10,,,231240,2026-06-29
CRD_41E509EE2DEB451BB2ED,SCRYDEX_JP,GRADED,9,,,23047,2026-06-29
CRD_41E509EE2DEB451BB2ED,SCRYDEX_JP,RAW,,9.9900,USD,15349,2026-06-29
CRD_41F01DE4718B458FA5D5,SCRYDEX_EN,RAW,,0.6500,USD,994,2026-06-05
CRD_41F01DE4718B458FA5D5,SCRYDEX_JP,GRADED,10,,,42146,2026-06-29
CRD_41F01DE4718B458FA5D5,SCRYDEX_JP,GRADED,9,,,3288,2026-06-29
CRD_41F01DE4718B458FA5D5,SCRYDEX_JP,RAW,,1.1200,USD,1721,2026-06-29
CRD_420EDFD54C4F42DA98EE,SCRYDEX_EN,RAW,,50.9900,USD,78345,2026-06-29
CRD_420EDFD54C4F42DA98EE,SCRYDEX_JP,GRADED,10,,,229827,2026-06-29
CRD_420EDFD54C4F42DA98EE,SCRYDEX_JP,GRADED,9,,,67206,2026-06-29
CRD_420EDFD54C4F42DA98EE,SCRYDEX_JP,RAW,,30.5300,USD,46909,2026-06-29
CRD_421B1590AD54493AA0C1,SCRYDEX_EN,RAW,,3.2700,USD,5001,2026-06-05
CRD_421B1590AD54493AA0C1,SCRYDEX_JP,GRADED,10,,,45680,2026-06-29
CRD_421B1590AD54493AA0C1,SCRYDEX_JP,RAW,,2.9100,USD,4471,2026-06-29
CRD_4224526A99B34DDDA194,SCRYDEX_JP,GRADED,10,,,109397,2026-06-29
CRD_4224526A99B34DDDA194,SCRYDEX_JP,GRADED,9,,,20082,2026-06-29
CRD_4224526A99B34DDDA194,SCRYDEX_JP,RAW,,5.0300,USD,7728,2026-06-29
CRD_422F8452B1C741639603,SCRYDEX_EN,RAW,,13.1300,USD,20174,2026-06-29
CRD_422F8452B1C741639603,SCRYDEX_JP,GRADED,10,,,119615,2026-06-29
CRD_422F8452B1C741639603,SCRYDEX_JP,GRADED,9,,,37260,2026-06-29
CRD_422F8452B1C741639603,SCRYDEX_JP,RAW,,13.4800,USD,20712,2026-06-29
CRD_423AFEA04A844D929CFC,SCRYDEX_EN,RAW,,0.8500,USD,1300,2026-06-05
CRD_423AFEA04A844D929CFC,SCRYDEX_JP,GRADED,10,,,52210,2026-06-29
CRD_423AFEA04A844D929CFC,SCRYDEX_JP,GRADED,9,,,23032,2026-06-29
CRD_423AFEA04A844D929CFC,SCRYDEX_JP,RAW,,1.2300,USD,1890,2026-06-29
CRD_428AF8A0299041E5A922,SCRYDEX_EN,RAW,,10.6600,USD,16379,2026-06-29
CRD_428AF8A0299041E5A922,SCRYDEX_JP,GRADED,10,,,73229,2026-06-29
CRD_428AF8A0299041E5A922,SCRYDEX_JP,RAW,,0.6500,USD,999,2026-06-29
CRD_42AFED1003354B5DA9E4,SCRYDEX_EN,RAW,,25.2400,USD,38781,2026-06-29
CRD_42C692170F6E4A3EBDA6,SCRYDEX_EN,RAW,,1.8500,USD,2829,2026-06-05
CRD_42C692170F6E4A3EBDA6,SCRYDEX_JP,GRADED,10,,,46893,2026-06-29
CRD_42C692170F6E4A3EBDA6,SCRYDEX_JP,GRADED,9,,,12292,2026-06-29
CRD_42C692170F6E4A3EBDA6,SCRYDEX_JP,RAW,,2.2900,USD,3519,2026-06-29
CRD_42C881A081C2442292A2,SCRYDEX_EN,RAW,,5.1400,USD,7861,2026-06-05
CRD_42C881A081C2442292A2,SCRYDEX_JP,GRADED,10,,,67528,2026-06-29
CRD_42C881A081C2442292A2,SCRYDEX_JP,GRADED,9,,,13828,2026-06-29
CRD_42C881A081C2442292A2,SCRYDEX_JP,RAW,,0.4900,USD,753,2026-06-29
CRD_42E5F5DEFC6244BEA6CF,SCRYDEX_EN,RAW,,0.7600,USD,1162,2026-06-05
CRD_42E5F5DEFC6244BEA6CF,SCRYDEX_JP,RAW,,0.3700,USD,568,2026-06-29
CRD_43184344379E4533B6E5,SCRYDEX_EN,RAW,,5.0100,USD,7662,2026-06-05
CRD_43184344379E4533B6E5,SCRYDEX_JP,GRADED,10,,,90437,2026-06-29
CRD_43184344379E4533B6E5,SCRYDEX_JP,RAW,,2.4900,USD,3826,2026-06-29
CRD_4326CC9CE8E842FB8F45,SCRYDEX_EN,RAW,,208.2600,USD,318507,2026-06-05
CRD_4326CC9CE8E842FB8F45,SCRYDEX_JP,GRADED,10,,,1564521,2026-06-29
CRD_4326CC9CE8E842FB8F45,SCRYDEX_JP,GRADED,9,,,442137,2026-06-29
CRD_4326CC9CE8E842FB8F45,SCRYDEX_JP,RAW,,1900000.0000,KRW,1900000,2026-06-29
CRD_433D5703B4F246C4AFF6,SCRYDEX_EN,RAW,,52.4100,USD,80527,2026-06-29
CRD_433D5703B4F246C4AFF6,SCRYDEX_JP,GRADED,10,,,237079,2026-06-29
CRD_433D5703B4F246C4AFF6,SCRYDEX_JP,GRADED,9,,,38274,2026-06-29
CRD_433D5703B4F246C4AFF6,SCRYDEX_JP,RAW,,17.5300,USD,26934,2026-06-29
CRD_43490A3EE356478497CB,SCRYDEX_EN,RAW,,0.8600,USD,1315,2026-06-05
CRD_43490A3EE356478497CB,SCRYDEX_JP,GRADED,10,,,46002,2026-06-29
CRD_43490A3EE356478497CB,SCRYDEX_JP,GRADED,9,,,21511,2026-06-29
CRD_43490A3EE356478497CB,SCRYDEX_JP,RAW,,0.2800,USD,430,2026-06-29
CRD_435238B98B534ED1A50A,SCRYDEX_EN,RAW,,7.1700,USD,11017,2026-06-29
CRD_435238B98B534ED1A50A,SCRYDEX_JP,GRADED,10,,,473785,2026-05-12
CRD_435238B98B534ED1A50A,SCRYDEX_JP,GRADED,9,,,331187,2026-05-12
CRD_435238B98B534ED1A50A,SCRYDEX_JP,RAW,,75.0000,USD,109713,2026-05-12
CRD_437C97C642DD44B5B6AD,SCRYDEX_EN,RAW,,6.5800,USD,9928,2026-06-17
CRD_437C97C642DD44B5B6AD,SCRYDEX_JP,GRADED,10,,,51626,2026-06-29
CRD_437C97C642DD44B5B6AD,SCRYDEX_JP,GRADED,9,,,25736,2026-06-29
CRD_437C97C642DD44B5B6AD,SCRYDEX_JP,RAW,,2.9700,USD,4563,2026-06-29
CRD_43945060F9E847A0AE3F,SCRYDEX_EN,RAW,,450.3100,USD,688691,2026-06-05
CRD_43945060F9E847A0AE3F,SCRYDEX_JP,GRADED,10,,,3783367,2026-06-29
CRD_43945060F9E847A0AE3F,SCRYDEX_JP,GRADED,9,,,1024525,2026-06-29
CRD_43945060F9E847A0AE3F,SCRYDEX_JP,RAW,,45.0000,USD,69142,2026-06-29
CRD_439C86F598EA473882CC,SCRYDEX_EN,RAW,,5.9100,USD,9039,2026-06-05
CRD_439C86F598EA473882CC,SCRYDEX_JP,GRADED,10,,,46033,2026-06-29
CRD_439C86F598EA473882CC,SCRYDEX_JP,GRADED,9,,,22002,2026-06-29
CRD_439C86F598EA473882CC,SCRYDEX_JP,RAW,,3.3500,USD,5147,2026-06-29
CRD_43A31E18194141E18BFC,SCRYDEX_EN,RAW,,17.1600,USD,26238,2026-06-09
CRD_43A31E18194141E18BFC,SCRYDEX_JP,GRADED,10,,,732993,2026-06-29
CRD_43A31E18194141E18BFC,SCRYDEX_JP,GRADED,9,,,167031,2026-06-29
CRD_43A31E18194141E18BFC,SCRYDEX_JP,RAW,,100.0000,USD,153648,2026-06-29
CRD_43B0B8BE00C44F0FB400,SCRYDEX_JP,GRADED,10,,,169551,2026-06-29
CRD_43B0B8BE00C44F0FB400,SCRYDEX_JP,RAW,,8.1600,USD,12538,2026-06-29
CRD_43B92747526147DBA44A,SCRYDEX_EN,RAW,,2.1100,USD,3227,2026-06-05
CRD_43B92747526147DBA44A,SCRYDEX_JP,GRADED,10,,,206211,2026-06-29
CRD_43B92747526147DBA44A,SCRYDEX_JP,RAW,,2.0300,USD,3119,2026-06-29
CRD_43BC0926ACC14BDDAA6B,SCRYDEX_EN,RAW,,400.7600,USD,615760,2026-06-29
CRD_43BC0926ACC14BDDAA6B,SCRYDEX_JP,GRADED,10,,,640159,2026-06-29
CRD_43BC0926ACC14BDDAA6B,SCRYDEX_JP,GRADED,9,,,370000,2026-06-29
CRD_43BC0926ACC14BDDAA6B,SCRYDEX_JP,RAW,,206.9300,USD,317944,2026-06-29
CRD_43CD00684F9D255492C8,SCRYDEX_JP,RAW,,0.7100,USD,1091,2026-06-29
CRD_43D855425B824A7DAA12,SCRYDEX_EN,RAW,,24.0400,USD,36937,2026-06-29
CRD_43D855425B824A7DAA12,SCRYDEX_JP,GRADED,10,,,67405,2026-06-29
CRD_43D855425B824A7DAA12,SCRYDEX_JP,GRADED,9,,,24737,2026-06-29
CRD_43D855425B824A7DAA12,SCRYDEX_JP,RAW,,7.4500,USD,11447,2026-06-29
CRD_43F737D98D4646BC92BE,SCRYDEX_EN,RAW,,19.5400,USD,30023,2026-06-29
CRD_43F737D98D4646BC92BE,SCRYDEX_JP,GRADED,10,,,83446,2026-06-29
CRD_43F737D98D4646BC92BE,SCRYDEX_JP,GRADED,9,,,32957,2026-06-29
CRD_43F737D98D4646BC92BE,SCRYDEX_JP,RAW,,4.5000,USD,6914,2026-06-29
CRD_43FD147D4B73449DA411,SCRYDEX_EN,RAW,,15.7900,USD,24261,2026-06-29
CRD_43FD147D4B73449DA411,SCRYDEX_JP,GRADED,10,,,47677,2026-06-29
CRD_43FD147D4B73449DA411,SCRYDEX_JP,GRADED,9,,,41301,2026-06-29
CRD_43FD147D4B73449DA411,SCRYDEX_JP,RAW,,7.1100,USD,10924,2026-06-29
CRD_43FDDC429EF844C5A887,SCRYDEX_EN,RAW,,11.2700,USD,17316,2026-06-29
CRD_43FDDC429EF844C5A887,SCRYDEX_JP,GRADED,10,,,75195,2026-06-29
CRD_43FDDC429EF844C5A887,SCRYDEX_JP,RAW,,12.5500,USD,19283,2026-06-29
CRD_4401EC58464B477AA7F6,SCRYDEX_EN,RAW,,34.7900,USD,53454,2026-06-29
CRD_4401EC58464B477AA7F6,SCRYDEX_JP,GRADED,10,,,88209,2026-06-29
CRD_4401EC58464B477AA7F6,SCRYDEX_JP,GRADED,9,,,34924,2026-06-29
CRD_4401EC58464B477AA7F6,SCRYDEX_JP,RAW,,9.3400,USD,14351,2026-06-29
CRD_442D7542AFE94FA494F3,SCRYDEX_EN,RAW,,1.0900,USD,1667,2026-06-05
CRD_442D7542AFE94FA494F3,SCRYDEX_JP,RAW,,1.6200,USD,2489,2026-06-29
CRD_44313E703A974D358FBF,SCRYDEX_EN,RAW,,1.7900,USD,2738,2026-06-05
CRD_44313E703A974D358FBF,SCRYDEX_JP,GRADED,10,,,32266,2026-06-29
CRD_44313E703A974D358FBF,SCRYDEX_JP,RAW,,2.0000,USD,3073,2026-06-29
CRD_4433E81381664E14ADED,SCRYDEX_EN,RAW,,17.9500,USD,27580,2026-06-29
CRD_4433E81381664E14ADED,SCRYDEX_JP,GRADED,10,,,75072,2026-06-29
CRD_4433E81381664E14ADED,SCRYDEX_JP,GRADED,9,,,29301,2026-06-29
CRD_4433E81381664E14ADED,SCRYDEX_JP,RAW,,5.8600,USD,9004,2026-06-29
CRD_446729B24008F954BB0A,SCRYDEX_JP,GRADED,10,,,60353,2026-06-29
CRD_446729B24008F954BB0A,SCRYDEX_JP,GRADED,9,,,10294,2026-06-29
CRD_446729B24008F954BB0A,SCRYDEX_JP,RAW,,0.2600,USD,399,2026-06-29
CRD_44776BE951744966AC11,SCRYDEX_EN,RAW,,7.2000,USD,11011,2026-06-05
CRD_44776BE951744966AC11,SCRYDEX_JP,GRADED,10,,,73336,2026-06-29
CRD_44776BE951744966AC11,SCRYDEX_JP,GRADED,9,,,18223,2026-06-29
CRD_44776BE951744966AC11,SCRYDEX_JP,RAW,,14.5500,USD,22356,2026-06-29
CRD_447A0348BBF24CB6AA73,SCRYDEX_EN,RAW,,58.1700,USD,89377,2026-06-29
CRD_447A0348BBF24CB6AA73,SCRYDEX_JP,GRADED,10,,,186098,2026-06-29
CRD_447A0348BBF24CB6AA73,SCRYDEX_JP,GRADED,9,,,61597,2026-06-29
CRD_447A0348BBF24CB6AA73,SCRYDEX_JP,RAW,,21.9200,USD,33680,2026-06-29
CRD_447AD11B1C504AC4B5F7,SCRYDEX_EN,RAW,,10.3500,USD,15903,2026-06-29
CRD_447AD11B1C504AC4B5F7,SCRYDEX_JP,GRADED,10,,,46340,2026-06-29
CRD_447AD11B1C504AC4B5F7,SCRYDEX_JP,GRADED,9,,,28532,2026-06-29
CRD_447AD11B1C504AC4B5F7,SCRYDEX_JP,RAW,,3.4900,USD,5362,2026-06-29
CRD_448903DEA445481396DD,SCRYDEX_EN,RAW,,20.5600,USD,31590,2026-06-29
CRD_448903DEA445481396DD,SCRYDEX_JP,GRADED,10,,,85182,2026-06-29
CRD_448903DEA445481396DD,SCRYDEX_JP,GRADED,9,,,29485,2026-06-29
CRD_448903DEA445481396DD,SCRYDEX_JP,RAW,,3.4100,USD,5239,2026-06-29
CRD_44A13E89FE7A4D61BDE0,SCRYDEX_EN,RAW,,37.0900,USD,56724,2026-06-05
CRD_44A13E89FE7A4D61BDE0,SCRYDEX_JP,GRADED,10,,,445564,2026-06-29
CRD_44A13E89FE7A4D61BDE0,SCRYDEX_JP,GRADED,9,,,122918,2026-06-29
CRD_44A13E89FE7A4D61BDE0,SCRYDEX_JP,RAW,,190000.0000,KRW,190000,2026-06-29
CRD_44A1BB145FB243139F1C,SCRYDEX_EN,RAW,,70.6100,USD,108491,2026-06-29
CRD_44A1BB145FB243139F1C,SCRYDEX_JP,GRADED,10,,,719349,2026-06-29
CRD_44A1BB145FB243139F1C,SCRYDEX_JP,GRADED,9,,,460821,2026-06-29
CRD_44A1BB145FB243139F1C,SCRYDEX_JP,RAW,,279.9900,USD,430199,2026-06-29
CRD_44A4617C7F3347A2B08A,SCRYDEX_EN,RAW,,2.6800,USD,4099,2026-06-05
CRD_44A4617C7F3347A2B08A,SCRYDEX_JP,GRADED,10,,,108337,2026-06-29
CRD_44A4617C7F3347A2B08A,SCRYDEX_JP,GRADED,9,,,33956,2026-06-29
CRD_44A4617C7F3347A2B08A,SCRYDEX_JP,RAW,,1.6100,USD,2474,2026-06-29
CRD_44B4AF270D834B16884F,SCRYDEX_EN,RAW,,4.0900,USD,6255,2026-06-05
CRD_44B4AF270D834B16884F,SCRYDEX_JP,GRADED,10,,,32266,2026-06-29
CRD_44B4AF270D834B16884F,SCRYDEX_JP,GRADED,9,,,19990,2026-06-29
CRD_44B4AF270D834B16884F,SCRYDEX_JP,RAW,,3.2000,USD,4917,2026-06-29
CRD_44DEAF40BD594140A6C6,SCRYDEX_JP,RAW,,0.5000,USD,768,2026-06-29
CRD_44E1537469C74DDBBA16,SCRYDEX_EN,RAW,,128.3200,USD,197161,2026-06-29
CRD_44E1537469C74DDBBA16,SCRYDEX_JP,GRADED,10,,,325611,2026-06-29
CRD_44E1537469C74DDBBA16,SCRYDEX_JP,GRADED,9,,,142555,2026-06-29
CRD_44E1537469C74DDBBA16,SCRYDEX_JP,RAW,,65.0000,USD,99871,2026-06-29
CRD_44F5692ABDFC4F8DA2CA,SCRYDEX_EN,RAW,,125.5900,USD,192967,2026-06-29
CRD_44F5692ABDFC4F8DA2CA,SCRYDEX_JP,GRADED,10,,,1458918,2026-06-29
CRD_44F5692ABDFC4F8DA2CA,SCRYDEX_JP,GRADED,9,,,90545,2026-06-29
CRD_44F5692ABDFC4F8DA2CA,SCRYDEX_JP,RAW,,79.9900,USD,122903,2026-06-29
CRD_4500844A9586482C906C,SCRYDEX_EN,RAW,,169.4500,USD,260357,2026-06-29
CRD_4500844A9586482C906C,SCRYDEX_JP,GRADED,10,,,897873,2026-06-29
CRD_4500844A9586482C906C,SCRYDEX_JP,GRADED,9,,,341713,2026-06-29
CRD_4500844A9586482C906C,SCRYDEX_JP,RAW,,150.3700,USD,231040,2026-06-29
CRD_4515FE8F178F464F92D2,SCRYDEX_EN,RAW,,3.0200,USD,4619,2026-06-05
CRD_4515FE8F178F464F92D2,SCRYDEX_JP,GRADED,10,,,45511,2026-06-29
CRD_4515FE8F178F464F92D2,SCRYDEX_JP,GRADED,9,,,13828,2026-06-29
CRD_4515FE8F178F464F92D2,SCRYDEX_JP,RAW,,1.2400,USD,1905,2026-06-29
CRD_4542CCF430DC4AEE91DE,SCRYDEX_EN,RAW,,2.0200,USD,3089,2026-06-05
CRD_4542CCF430DC4AEE91DE,SCRYDEX_JP,GRADED,10,,,90391,2026-06-29
CRD_4542CCF430DC4AEE91DE,SCRYDEX_JP,GRADED,9,,,23047,2026-06-29
CRD_4542CCF430DC4AEE91DE,SCRYDEX_JP,RAW,,1.7300,USD,2658,2026-06-29
CRD_4549B35197074BE18BA7,SCRYDEX_EN,RAW,,1.3300,USD,2034,2026-06-05
CRD_4549B35197074BE18BA7,SCRYDEX_JP,GRADED,10,,,48952,2026-06-29
CRD_4549B35197074BE18BA7,SCRYDEX_JP,GRADED,9,,,16133,2026-06-29
CRD_4549B35197074BE18BA7,SCRYDEX_JP,RAW,,2.3900,USD,3672,2026-06-29
CRD_45708EEF14E84AD79B2A,SCRYDEX_EN,RAW,,16.4700,USD,25306,2026-06-29
CRD_45708EEF14E84AD79B2A,SCRYDEX_JP,GRADED,10,,,82186,2026-06-29
CRD_45708EEF14E84AD79B2A,SCRYDEX_JP,GRADED,9,,,12599,2026-06-29
CRD_45708EEF14E84AD79B2A,SCRYDEX_JP,RAW,,10.2300,USD,15718,2026-06-29
CRD_457C08948A2D49189AA1,SCRYDEX_EN,RAW,,2.8600,USD,4374,2026-06-05
CRD_457C08948A2D49189AA1,SCRYDEX_JP,GRADED,10,,,97198,2026-06-29
CRD_457C08948A2D49189AA1,SCRYDEX_JP,RAW,,2.3300,USD,3580,2026-06-29
CRD_458264C893E84DF0975A,SCRYDEX_EN,RAW,,23.5200,USD,36138,2026-06-29
CRD_458264C893E84DF0975A,SCRYDEX_JP,GRADED,10,,,136209,2026-06-29
CRD_458264C893E84DF0975A,SCRYDEX_JP,RAW,,17100.0000,KRW,17100,2026-06-29
CRD_4595906EF9644EC481E6,SCRYDEX_EN,RAW,,19.4600,USD,29762,2026-06-05
CRD_4595906EF9644EC481E6,SCRYDEX_JP,GRADED,10,,,93295,2026-06-29
CRD_4595906EF9644EC481E6,SCRYDEX_JP,GRADED,9,,,38135,2026-06-29
CRD_4595906EF9644EC481E6,SCRYDEX_JP,RAW,,10.3800,USD,15949,2026-06-29
CRD_45BCEE6F7FD34E328ECD,SCRYDEX_EN,RAW,,42.3400,USD,65055,2026-06-29
CRD_45BCEE6F7FD34E328ECD,SCRYDEX_JP,GRADED,10,,,97628,2026-06-29
CRD_45BCEE6F7FD34E328ECD,SCRYDEX_JP,GRADED,9,,,39841,2026-06-29
CRD_45BCEE6F7FD34E328ECD,SCRYDEX_JP,RAW,,10.2000,USD,15672,2026-06-29
CRD_45C9E6F60F414FF4A7C1,SCRYDEX_EN,RAW,,52.6500,USD,80896,2026-06-29
CRD_45C9E6F60F414FF4A7C1,SCRYDEX_JP,GRADED,10,,,2482998,2026-06-29
CRD_45C9E6F60F414FF4A7C1,SCRYDEX_JP,GRADED,9,,,271926,2026-06-29
CRD_45C9E6F60F414FF4A7C1,SCRYDEX_JP,RAW,,300.0000,USD,460944,2026-06-29
CRD_45CC8DC151BA47F9906E,SCRYDEX_EN,RAW,,1.0600,USD,1621,2026-06-05
CRD_45CC8DC151BA47F9906E,SCRYDEX_JP,GRADED,10,,,55206,2026-06-29
CRD_45CC8DC151BA47F9906E,SCRYDEX_JP,RAW,,0.3800,USD,584,2026-06-29
CRD_45D3A4AB841C4BAAA951,SCRYDEX_EN,RAW,,4.1800,USD,6393,2026-06-05
CRD_45D3A4AB841C4BAAA951,SCRYDEX_JP,GRADED,10,,,52179,2026-06-29
CRD_45D3A4AB841C4BAAA951,SCRYDEX_JP,GRADED,9,,,10755,2026-06-29
CRD_45D3A4AB841C4BAAA951,SCRYDEX_JP,RAW,,4.1300,USD,6346,2026-06-29
CRD_45DCE5D7B81948979409,SCRYDEX_EN,RAW,,0.5700,USD,876,2026-06-29
CRD_45DCE5D7B81948979409,SCRYDEX_JP,GRADED,10,,,61444,2026-06-29
CRD_45DCE5D7B81948979409,SCRYDEX_JP,RAW,,0.4300,USD,661,2026-06-29
CRD_45F4859A17FA4968BCF6,SCRYDEX_EN,RAW,,1.1000,USD,1682,2026-06-05
CRD_45F4859A17FA4968BCF6,SCRYDEX_JP,GRADED,10,,,59938,2026-06-29
CRD_45F4859A17FA4968BCF6,SCRYDEX_JP,GRADED,9,,,22817,2026-06-29
CRD_45F4859A17FA4968BCF6,SCRYDEX_JP,RAW,,0.4400,USD,676,2026-06-29
CRD_462F20A41FFE435A999B,SCRYDEX_EN,RAW,,3.0900,USD,4726,2026-06-05
CRD_462F20A41FFE435A999B,SCRYDEX_JP,GRADED,10,,,33280,2026-06-29
CRD_462F20A41FFE435A999B,SCRYDEX_JP,GRADED,9,,,13905,2026-06-29
CRD_462F20A41FFE435A999B,SCRYDEX_JP,RAW,,1.5600,USD,2397,2026-06-29
CRD_46355D0F57297D6AEAE6,SCRYDEX_JP,RAW,,92.9800,USD,142862,2026-06-29
CRD_46402F0A4DE7492785D0,SCRYDEX_EN,RAW,,0.7000,USD,1071,2026-06-05
CRD_46402F0A4DE7492785D0,SCRYDEX_JP,GRADED,10,,,22786,2026-06-29
CRD_46402F0A4DE7492785D0,SCRYDEX_JP,GRADED,9,,,29193,2026-06-29
CRD_46402F0A4DE7492785D0,SCRYDEX_JP,RAW,,0.4300,USD,661,2026-06-29
CRD_4659714945CF4C9F82C5,SCRYDEX_EN,RAW,,4.4500,USD,6806,2026-06-05
CRD_4659714945CF4C9F82C5,SCRYDEX_JP,GRADED,10,,,158534,2026-06-29
CRD_4659714945CF4C9F82C5,SCRYDEX_JP,GRADED,9,,,50688,2026-06-29
CRD_4659714945CF4C9F82C5,SCRYDEX_JP,RAW,,12.7900,USD,19652,2026-06-29
CRD_465B3016FD4B41409D8C,SCRYDEX_EN,RAW,,28.1300,USD,43221,2026-06-29
CRD_465B3016FD4B41409D8C,SCRYDEX_JP,GRADED,10,,,217627,2026-06-29
CRD_465B3016FD4B41409D8C,SCRYDEX_JP,GRADED,9,,,64486,2026-06-29
CRD_465B3016FD4B41409D8C,SCRYDEX_JP,RAW,,7.9500,USD,12215,2026-06-29
CRD_46627F2A3E6F48A9BE2F,SCRYDEX_EN,RAW,,225.1600,USD,345954,2026-06-29
CRD_46627F2A3E6F48A9BE2F,SCRYDEX_JP,GRADED,10,,,1296666,2026-06-29
CRD_46627F2A3E6F48A9BE2F,SCRYDEX_JP,GRADED,9,,,333401,2026-06-29
CRD_46627F2A3E6F48A9BE2F,SCRYDEX_JP,RAW,,267.2100,USD,410563,2026-06-29
CRD_466576292217484F9E58,SCRYDEX_EN,RAW,,1.7300,USD,2646,2026-06-05
CRD_466576292217484F9E58,SCRYDEX_JP,GRADED,10,,,27165,2026-06-29
CRD_466576292217484F9E58,SCRYDEX_JP,GRADED,9,,,18438,2026-06-29
CRD_466576292217484F9E58,SCRYDEX_JP,RAW,,1.2100,USD,1859,2026-06-29
CRD_46675A842A144D9E84CF,SCRYDEX_EN,RAW,,5.4800,USD,8381,2026-06-05
CRD_46675A842A144D9E84CF,SCRYDEX_JP,GRADED,10,,,107830,2026-06-29
CRD_46675A842A144D9E84CF,SCRYDEX_JP,RAW,,9.0500,USD,13905,2026-06-29
CRD_466890A6EF99406086D6,SCRYDEX_EN,RAW,,3.2600,USD,4986,2026-06-05
CRD_466890A6EF99406086D6,SCRYDEX_JP,GRADED,10,,,41731,2026-06-29
CRD_466890A6EF99406086D6,SCRYDEX_JP,GRADED,9,,,12445,2026-06-29
CRD_466890A6EF99406086D6,SCRYDEX_JP,RAW,,1.0500,USD,1613,2026-06-29
CRD_46745DD4BB00424D81F5,SCRYDEX_EN,RAW,,2.0500,USD,3135,2026-06-05
CRD_46745DD4BB00424D81F5,SCRYDEX_JP,GRADED,10,,,43867,2026-06-29
CRD_46745DD4BB00424D81F5,SCRYDEX_JP,RAW,,2.0200,USD,3104,2026-06-29
CRD_4681609374F6454994EB,SCRYDEX_EN,RAW,,192.2400,USD,295373,2026-06-29
CRD_4681609374F6454994EB,SCRYDEX_JP,GRADED,10,,,2615796,2026-06-29
CRD_4681609374F6454994EB,SCRYDEX_JP,RAW,,2280000.0000,KRW,2280000,2026-06-29
CRD_46AA4AF10EC446A2A11D,SCRYDEX_EN,RAW,,6.5900,USD,10079,2026-06-05
CRD_46AA4AF10EC446A2A11D,SCRYDEX_JP,GRADED,10,,,62827,2026-06-29
CRD_46AA4AF10EC446A2A11D,SCRYDEX_JP,RAW,,10.1800,USD,15641,2026-06-29
CRD_46AF434D15734C6787E2,SCRYDEX_EN,RAW,,27.8700,USD,42822,2026-06-29
CRD_46AF434D15734C6787E2,SCRYDEX_JP,GRADED,10,,,46479,2026-06-29
CRD_46AF434D15734C6787E2,SCRYDEX_JP,GRADED,9,,,29377,2026-06-29
CRD_46AF434D15734C6787E2,SCRYDEX_JP,RAW,,4.8200,USD,7406,2026-06-29
CRD_46C3AF403C0244BCBFF4,SCRYDEX_EN,RAW,,0.6800,USD,1040,2026-06-05
CRD_46C3AF403C0244BCBFF4,SCRYDEX_JP,GRADED,10,,,42929,2026-06-29
CRD_46C3AF403C0244BCBFF4,SCRYDEX_JP,GRADED,9,,,13828,2026-06-29
CRD_46C3AF403C0244BCBFF4,SCRYDEX_JP,RAW,,0.2500,USD,384,2026-06-29
CRD_46D80DE27C1642C5B543,SCRYDEX_EN,RAW,,1.6300,USD,2493,2026-06-05
CRD_46EB7F96CAE54656B563,SCRYDEX_EN,RAW,,4.0700,USD,6253,2026-06-29
CRD_46EB7F96CAE54656B563,SCRYDEX_JP,GRADED,10,,,48983,2026-06-29
CRD_46EB7F96CAE54656B563,SCRYDEX_JP,GRADED,9,,,22125,2026-06-29
CRD_46EB7F96CAE54656B563,SCRYDEX_JP,RAW,,1.2000,USD,1844,2026-06-29
CRD_4705CE7F497346EB824F,SCRYDEX_EN,RAW,,3.7900,USD,5796,2026-06-05
CRD_4705CE7F497346EB824F,SCRYDEX_JP,GRADED,10,,,47738,2026-06-29
CRD_4705CE7F497346EB824F,SCRYDEX_JP,GRADED,9,,,29869,2026-06-29
CRD_4705CE7F497346EB824F,SCRYDEX_JP,RAW,,6.5000,USD,9987,2026-06-29
CRD_4750AF05BE3349BBA298,SCRYDEX_EN,RAW,,0.5700,USD,872,2026-06-05
CRD_477A7D547E084F6D8315,SCRYDEX_EN,RAW,,3.0800,USD,4710,2026-06-05
CRD_477A7D547E084F6D8315,SCRYDEX_JP,GRADED,10,,,33895,2026-06-29
CRD_477A7D547E084F6D8315,SCRYDEX_JP,GRADED,9,,,27595,2026-06-29
CRD_477A7D547E084F6D8315,SCRYDEX_JP,RAW,,4.7500,USD,7298,2026-06-29
CRD_47977278A0254FA4BCA9,SCRYDEX_EN,RAW,,1.6100,USD,2462,2026-06-05
CRD_47977278A0254FA4BCA9,SCRYDEX_JP,GRADED,10,,,83554,2026-06-29
CRD_47977278A0254FA4BCA9,SCRYDEX_JP,RAW,,1.3600,USD,2090,2026-06-29
CRD_47A0659087604D088710,SCRYDEX_EN,RAW,,4.4000,USD,6729,2026-06-05
CRD_47A0659087604D088710,SCRYDEX_JP,GRADED,10,,,47785,2026-06-29
CRD_47A0659087604D088710,SCRYDEX_JP,GRADED,9,,,24107,2026-06-29
CRD_47A0659087604D088710,SCRYDEX_JP,RAW,,1.7600,USD,2704,2026-06-29
CRD_47E80B191CA7474EB9E3,SCRYDEX_EN,RAW,,2.5900,USD,3961,2026-06-05
CRD_47E80B191CA7474EB9E3,SCRYDEX_JP,GRADED,10,,,69434,2026-06-29
CRD_47E80B191CA7474EB9E3,SCRYDEX_JP,GRADED,9,,,25521,2026-06-29
CRD_47E80B191CA7474EB9E3,SCRYDEX_JP,RAW,,1.4100,USD,2166,2026-06-29
CRD_48149BF6BE82495A8F64,SCRYDEX_EN,RAW,,3.6800,USD,5628,2026-06-05
CRD_48149BF6BE82495A8F64,SCRYDEX_JP,GRADED,10,,,67605,2026-06-29
CRD_48149BF6BE82495A8F64,SCRYDEX_JP,GRADED,9,,,29485,2026-06-29
CRD_48149BF6BE82495A8F64,SCRYDEX_JP,RAW,,1.7700,USD,2720,2026-06-29
CRD_4825831A44A54D91A8C4,SCRYDEX_EN,RAW,,0.6000,USD,918,2026-06-05
CRD_4825831A44A54D91A8C4,SCRYDEX_JP,GRADED,10,,,16886,2026-06-29
CRD_4825831A44A54D91A8C4,SCRYDEX_JP,GRADED,9,,,13828,2026-06-29
CRD_4825831A44A54D91A8C4,SCRYDEX_JP,RAW,,0.2500,USD,384,2026-06-29
CRD_4828906D1AF3429BB260,SCRYDEX_EN,RAW,,55.6500,USD,85505,2026-06-29
CRD_4828906D1AF3429BB260,SCRYDEX_JP,GRADED,10,,,206027,2026-06-29
CRD_4828906D1AF3429BB260,SCRYDEX_JP,GRADED,9,,,42192,2026-06-29
CRD_4828906D1AF3429BB260,SCRYDEX_JP,RAW,,60.0000,USD,92189,2026-06-29
CRD_4828E06D60BD439AB3E4,SCRYDEX_EN,RAW,,1.6100,USD,2462,2026-06-05
CRD_4828E06D60BD439AB3E4,SCRYDEX_JP,GRADED,10,,,29454,2026-06-29
CRD_4828E06D60BD439AB3E4,SCRYDEX_JP,GRADED,9,,,17070,2026-06-29
CRD_4828E06D60BD439AB3E4,SCRYDEX_JP,RAW,,1.0900,USD,1675,2026-06-29
CRD_482D1C2F5F0041739B92,SCRYDEX_EN,RAW,,4.5400,USD,6943,2026-06-05
CRD_482D1C2F5F0041739B92,SCRYDEX_JP,GRADED,10,,,206180,2026-06-29
CRD_482D1C2F5F0041739B92,SCRYDEX_JP,GRADED,9,,,27780,2026-06-29
CRD_482D1C2F5F0041739B92,SCRYDEX_JP,RAW,,25.9900,USD,39933,2026-06-29
CRD_482EA800F7DE4871AD8A,SCRYDEX_EN,RAW,,308.4700,USD,473958,2026-06-29
CRD_482EA800F7DE4871AD8A,SCRYDEX_JP,GRADED,10,,,466014,2026-06-29
CRD_482EA800F7DE4871AD8A,SCRYDEX_JP,GRADED,9,,,247051,2026-06-29
CRD_482EA800F7DE4871AD8A,SCRYDEX_JP,RAW,,141.2500,USD,217028,2026-06-29
CRD_483AB154688A4D959891,SCRYDEX_EN,RAW,,0.6500,USD,994,2026-06-05
CRD_483AB154688A4D959891,SCRYDEX_JP,GRADED,10,,,55160,2026-06-29
CRD_483AB154688A4D959891,SCRYDEX_JP,RAW,,0.2300,USD,353,2026-06-29
CRD_4859A1CEBEE02962E908,SCRYDEX_JP,GRADED,10,,,49598,2026-06-28
CRD_4859A1CEBEE02962E908,SCRYDEX_JP,GRADED,9,,,25736,2026-06-28
CRD_4859A1CEBEE02962E908,SCRYDEX_JP,RAW,,0.3100,USD,476,2026-06-28
CRD_485ACB25D5DE4A248426,SCRYDEX_EN,RAW,,11.2600,USD,17381,2026-06-26
CRD_485ACB25D5DE4A248426,SCRYDEX_JP,GRADED,10,,,46601,2026-06-29
CRD_485ACB25D5DE4A248426,SCRYDEX_JP,GRADED,9,,,14597,2026-06-29
CRD_485ACB25D5DE4A248426,SCRYDEX_JP,RAW,,2.6000,USD,3995,2026-06-29
CRD_4866CB4A4EDF45CABC8E,SCRYDEX_EN,RAW,,17.6900,USD,27055,2026-06-05
CRD_4866CB4A4EDF45CABC8E,SCRYDEX_JP,GRADED,9,,,122903,2026-06-29
CRD_4866CB4A4EDF45CABC8E,SCRYDEX_JP,RAW,,35.6400,USD,54760,2026-06-29
CRD_4875AEF7FE12F4A51EE9,SCRYDEX_JP,GRADED,10,,,60553,2026-06-29
CRD_4875AEF7FE12F4A51EE9,SCRYDEX_JP,GRADED,9,,,18530,2026-06-29
CRD_4875AEF7FE12F4A51EE9,SCRYDEX_JP,RAW,,1.0700,USD,1644,2026-06-29
CRD_48773AA6B8EC4EF892A7,SCRYDEX_EN,RAW,,6.3100,USD,9650,2026-06-05
CRD_48773AA6B8EC4EF892A7,SCRYDEX_JP,GRADED,10,,,61628,2026-06-29
CRD_48773AA6B8EC4EF892A7,SCRYDEX_JP,GRADED,9,,,29946,2026-06-29
CRD_48773AA6B8EC4EF892A7,SCRYDEX_JP,RAW,,3.2600,USD,5009,2026-06-29
CRD_487CFF0EF551423B842A,SCRYDEX_EN,RAW,,301.0200,USD,462511,2026-06-29
CRD_487CFF0EF551423B842A,SCRYDEX_JP,GRADED,10,,,1643496,2026-06-29
CRD_487CFF0EF551423B842A,SCRYDEX_JP,GRADED,9,,,262569,2026-06-29
CRD_487CFF0EF551423B842A,SCRYDEX_JP,RAW,,260.3400,USD,400007,2026-06-29
CRD_487F923F9A884FFDBD8A,SCRYDEX_JP,GRADED,10,,,567023,2026-06-29
CRD_487F923F9A884FFDBD8A,SCRYDEX_JP,GRADED,9,,,456934,2026-06-29
CRD_487F923F9A884FFDBD8A,SCRYDEX_JP,RAW,,319.2900,USD,490583,2026-06-29
CRD_4885A59DE0CC4CA59CE0,SCRYDEX_EN,RAW,,26.4200,USD,40594,2026-06-29
CRD_4885A59DE0CC4CA59CE0,SCRYDEX_JP,GRADED,10,,,208992,2026-06-29
CRD_4885A59DE0CC4CA59CE0,SCRYDEX_JP,GRADED,9,,,61459,2026-06-29
CRD_4885A59DE0CC4CA59CE0,SCRYDEX_JP,RAW,,40.0000,USD,61459,2026-06-29
CRD_489EB78CD21244439801,SCRYDEX_EN,RAW,,60.2400,USD,92558,2026-06-29
CRD_489EB78CD21244439801,SCRYDEX_JP,GRADED,10,,,186529,2026-06-29
CRD_489EB78CD21244439801,SCRYDEX_JP,GRADED,9,,,115221,2026-06-29
CRD_489EB78CD21244439801,SCRYDEX_JP,RAW,,12.9600,USD,19913,2026-06-29
CRD_48B34F0217EF45879C43,SCRYDEX_EN,RAW,,0.7300,USD,1116,2026-06-05
CRD_48B34F0217EF45879C43,SCRYDEX_JP,GRADED,10,,,62857,2026-06-29
CRD_48B34F0217EF45879C43,SCRYDEX_JP,RAW,,0.3600,USD,553,2026-06-29
CRD_48B3B385581F4DFEA769,SCRYDEX_EN,RAW,,15.1400,USD,23262,2026-06-29
CRD_48B3B385581F4DFEA769,SCRYDEX_JP,GRADED,10,,,435654,2026-06-29
CRD_48B3B385581F4DFEA769,SCRYDEX_JP,GRADED,9,,,87748,2026-06-29
CRD_48B3B385581F4DFEA769,SCRYDEX_JP,RAW,,304000.0000,KRW,304000,2026-06-29
CRD_48C7959DC8854C038FC9,SCRYDEX_EN,RAW,,2.7300,USD,4175,2026-06-05
CRD_48C7959DC8854C038FC9,SCRYDEX_JP,GRADED,10,,,56220,2026-06-29
CRD_48C7959DC8854C038FC9,SCRYDEX_JP,GRADED,9,,,38412,2026-06-29
CRD_48C7959DC8854C038FC9,SCRYDEX_JP,RAW,,0.9900,USD,1521,2026-06-29
CRD_48D2CD939E9C4A45872A,SCRYDEX_EN,RAW,,3.2000,USD,4894,2026-06-05
CRD_48D2CD939E9C4A45872A,SCRYDEX_JP,GRADED,10,,,43267,2026-06-29
CRD_48D2CD939E9C4A45872A,SCRYDEX_JP,GRADED,9,,,14443,2026-06-29
CRD_48D2CD939E9C4A45872A,SCRYDEX_JP,RAW,,2.9300,USD,4502,2026-06-29
CRD_48DEAB90649C4E5386BB,SCRYDEX_EN,RAW,,5.5400,USD,8473,2026-06-05
CRD_48DEAB90649C4E5386BB,SCRYDEX_JP,GRADED,10,,,39902,2026-06-29
CRD_48DEAB90649C4E5386BB,SCRYDEX_JP,RAW,,3.1100,USD,4778,2026-06-29
CRD_48E53C0884D54CECB73D,SCRYDEX_EN,RAW,,4.4000,USD,6729,2026-06-05
CRD_48E53C0884D54CECB73D,SCRYDEX_JP,GRADED,10,,,60245,2026-06-29
CRD_48E53C0884D54CECB73D,SCRYDEX_JP,GRADED,9,,,20497,2026-06-29
CRD_48E53C0884D54CECB73D,SCRYDEX_JP,RAW,,2.2400,USD,3442,2026-06-29
CRD_48EDE9764E334AFE8D60,SCRYDEX_EN,RAW,,8.5100,USD,13075,2026-06-29
CRD_48EDE9764E334AFE8D60,SCRYDEX_JP,GRADED,10,,,52901,2026-06-29
CRD_48EDE9764E334AFE8D60,SCRYDEX_JP,RAW,,5.7900,USD,8896,2026-06-29
CRD_48F9A5034BD346849260,SCRYDEX_EN,RAW,,1.0100,USD,1545,2026-06-05
CRD_491F98C389C24B31804E,SCRYDEX_EN,RAW,,13.2300,USD,20234,2026-06-05
CRD_491F98C389C24B31804E,SCRYDEX_JP,GRADED,10,,,181489,2026-06-29
CRD_491F98C389C24B31804E,SCRYDEX_JP,GRADED,9,,,57848,2026-06-29
CRD_491F98C389C24B31804E,SCRYDEX_JP,RAW,,22.9200,USD,35216,2026-06-29
CRD_492147CE938648E78FA2,SCRYDEX_EN,RAW,,3.6300,USD,5552,2026-06-05
CRD_492147CE938648E78FA2,SCRYDEX_JP,GRADED,10,,,47631,2026-06-29
CRD_492147CE938648E78FA2,SCRYDEX_JP,GRADED,9,,,12292,2026-06-29
CRD_492147CE938648E78FA2,SCRYDEX_JP,RAW,,7.8000,USD,11985,2026-06-29
CRD_49258A0BD56C4E8CAAE1,SCRYDEX_EN,RAW,,38.5800,USD,59003,2026-06-05
CRD_49258A0BD56C4E8CAAE1,SCRYDEX_JP,GRADED,10,,,339946,2026-06-29
CRD_49258A0BD56C4E8CAAE1,SCRYDEX_JP,GRADED,9,,,138283,2026-06-29
CRD_49258A0BD56C4E8CAAE1,SCRYDEX_JP,RAW,,123500.0000,KRW,123500,2026-06-29
CRD_4926DF1CF0484F49BC50,SCRYDEX_EN,RAW,,33.2500,USD,51088,2026-06-29
CRD_4926DF1CF0484F49BC50,SCRYDEX_JP,GRADED,10,,,172332,2026-06-29
CRD_4926DF1CF0484F49BC50,SCRYDEX_JP,GRADED,9,,,80266,2026-06-29
CRD_4926DF1CF0484F49BC50,SCRYDEX_JP,RAW,,31.9700,USD,49121,2026-06-29
CRD_492B3C0921ED4DF68345,SCRYDEX_EN,RAW,,129.8500,USD,198589,2026-06-05
CRD_492B3C0921ED4DF68345,SCRYDEX_JP,GRADED,10,,,2872311,2026-06-29
CRD_492B3C0921ED4DF68345,SCRYDEX_JP,RAW,,400.0000,USD,614592,2026-06-29
CRD_49411B14FD8649DE8364,SCRYDEX_EN,RAW,,2.9200,USD,4466,2026-06-05
CRD_49411B14FD8649DE8364,SCRYDEX_JP,RAW,,2.5700,USD,3949,2026-06-29
CRD_494E55E7C59E4B6DA4E3,SCRYDEX_EN,RAW,,2.6900,USD,4114,2026-06-05
CRD_494E55E7C59E4B6DA4E3,SCRYDEX_JP,GRADED,10,,,249463,2026-06-29
CRD_494E55E7C59E4B6DA4E3,SCRYDEX_JP,GRADED,9,,,16394,2026-06-29
CRD_494E55E7C59E4B6DA4E3,SCRYDEX_JP,RAW,,7.1100,USD,10924,2026-06-29
CRD_4962BD93FC13EF9634B6,SCRYDEX_JP,GRADED,10,,,2984950,2026-06-29
CRD_4962BD93FC13EF9634B6,SCRYDEX_JP,GRADED,9,,,1536480,2026-06-29
CRD_4962BD93FC13EF9634B6,SCRYDEX_JP,RAW,,500.0000,USD,768240,2026-06-29
CRD_496BA4D8911D4BBABCD9,SCRYDEX_EN,RAW,,1.4400,USD,2202,2026-06-05
CRD_4984C34823564A40A15F,SCRYDEX_EN,RAW,,3.8700,USD,5946,2026-06-29
CRD_4984C34823564A40A15F,SCRYDEX_JP,RAW,,0.1700,USD,261,2026-06-29
CRD_4986313CCE1543ED8030,SCRYDEX_EN,RAW,,0.9900,USD,1514,2026-06-05
CRD_4986313CCE1543ED8030,SCRYDEX_JP,GRADED,10,,,29731,2026-06-29
CRD_4986313CCE1543ED8030,SCRYDEX_JP,GRADED,9,,,21511,2026-06-29
CRD_4986313CCE1543ED8030,SCRYDEX_JP,RAW,,0.5100,USD,784,2026-06-29
CRD_498BBDABFF4741DD92A0,SCRYDEX_EN,RAW,,1.6100,USD,2462,2026-06-05
CRD_498BBDABFF4741DD92A0,SCRYDEX_JP,GRADED,10,,,67375,2026-06-29
CRD_498BBDABFF4741DD92A0,SCRYDEX_JP,GRADED,9,,,29746,2026-06-29
CRD_498BBDABFF4741DD92A0,SCRYDEX_JP,RAW,,0.6100,USD,937,2026-06-29
CRD_499466BB5F6A45A9BEAE,SCRYDEX_EN,RAW,,20.4600,USD,31436,2026-06-29
CRD_499466BB5F6A45A9BEAE,SCRYDEX_JP,GRADED,10,,,140911,2026-06-29
CRD_499466BB5F6A45A9BEAE,SCRYDEX_JP,GRADED,9,,,33372,2026-06-29
CRD_499466BB5F6A45A9BEAE,SCRYDEX_JP,RAW,,38.9300,USD,59815,2026-06-29
CRD_49A64C751A444FF7B85C,SCRYDEX_EN,RAW,,0.9900,USD,1514,2026-06-05
CRD_49A64C751A444FF7B85C,SCRYDEX_JP,GRADED,10,,,76824,2026-06-29
CRD_49A64C751A444FF7B85C,SCRYDEX_JP,RAW,,0.7400,USD,1137,2026-06-29
CRD_49AA338BD81847B9B5A3,SCRYDEX_EN,RAW,,15.0600,USD,23139,2026-06-29
CRD_49AA338BD81847B9B5A3,SCRYDEX_JP,GRADED,10,,,201863,2026-06-29
CRD_49AA338BD81847B9B5A3,SCRYDEX_JP,GRADED,9,,,74489,2026-06-29
CRD_49AA338BD81847B9B5A3,SCRYDEX_JP,RAW,,41.8500,USD,64302,2026-06-29
CRD_49B4C54D818A4CF7BA81,SCRYDEX_EN,RAW,,268.8000,USD,413006,2026-06-29
CRD_49B4C54D818A4CF7BA81,SCRYDEX_JP,GRADED,10,,,1521638,2026-06-29
CRD_49B4C54D818A4CF7BA81,SCRYDEX_JP,GRADED,9,,,167953,2026-06-29
CRD_49B4C54D818A4CF7BA81,SCRYDEX_JP,RAW,,285.0000,USD,437897,2026-06-29
CRD_49B864154D884E16A393,SCRYDEX_EN,RAW,,2.1800,USD,3334,2026-06-05
CRD_49B864154D884E16A393,SCRYDEX_JP,GRADED,10,,,46724,2026-06-29
CRD_49B864154D884E16A393,SCRYDEX_JP,GRADED,9,,,16133,2026-06-29
CRD_49B864154D884E16A393,SCRYDEX_JP,RAW,,3.1000,USD,4763,2026-06-29
CRD_49B9C68497F94042A443,SCRYDEX_EN,RAW,,3.0900,USD,4726,2026-06-05
CRD_49B9C68497F94042A443,SCRYDEX_JP,GRADED,10,,,55313,2026-06-29
CRD_49B9C68497F94042A443,SCRYDEX_JP,GRADED,9,,,42945,2026-06-29
CRD_49B9C68497F94042A443,SCRYDEX_JP,RAW,,71250.0000,KRW,71250,2026-06-29
CRD_49BB72C01E4C40628D5B,SCRYDEX_EN,RAW,,34.1900,USD,52532,2026-06-29
CRD_49BB72C01E4C40628D5B,SCRYDEX_JP,GRADED,10,,,103236,2026-06-29
CRD_49BB72C01E4C40628D5B,SCRYDEX_JP,GRADED,9,,,30253,2026-06-29
CRD_49BB72C01E4C40628D5B,SCRYDEX_JP,RAW,,12.5800,USD,19329,2026-06-29
CRD_49CC517FCE054EB99CD3,SCRYDEX_EN,RAW,,51.6400,USD,79344,2026-06-29
CRD_49CC517FCE054EB99CD3,SCRYDEX_JP,GRADED,10,,,799815,2026-06-29
CRD_49CC517FCE054EB99CD3,SCRYDEX_JP,GRADED,9,,,124332,2026-06-29
CRD_49CC517FCE054EB99CD3,SCRYDEX_JP,RAW,,86.6200,USD,133090,2026-06-29
CRD_49D0E25CC4FB427AB28C,SCRYDEX_EN,RAW,,1.6300,USD,2493,2026-06-05
CRD_49D0E25CC4FB427AB28C,SCRYDEX_JP,GRADED,10,,,49705,2026-06-29
CRD_49D0E25CC4FB427AB28C,SCRYDEX_JP,GRADED,9,,,62627,2026-06-29
CRD_49D0E25CC4FB427AB28C,SCRYDEX_JP,RAW,,0.6100,USD,937,2026-06-29
CRD_4A17C07AEF20419B859B,SCRYDEX_EN,RAW,,36.9600,USD,56526,2026-06-05
CRD_4A17C07AEF20419B859B,SCRYDEX_JP,GRADED,10,,,586336,2026-06-29
CRD_4A17C07AEF20419B859B,SCRYDEX_JP,GRADED,9,,,91205,2026-06-29
CRD_4A17C07AEF20419B859B,SCRYDEX_JP,RAW,,19.9800,USD,30699,2026-06-29
CRD_4A276329B7FE4B2B876E,SCRYDEX_EN,RAW,,6.7800,USD,10425,2026-06-23
CRD_4A276329B7FE4B2B876E,SCRYDEX_JP,GRADED,10,,,60030,2026-06-29
CRD_4A276329B7FE4B2B876E,SCRYDEX_JP,GRADED,9,,,17670,2026-06-29
CRD_4A276329B7FE4B2B876E,SCRYDEX_JP,RAW,,2.0900,USD,3211,2026-06-29
CRD_4A29C46B117240F8943D,SCRYDEX_EN,RAW,,64.2800,USD,98765,2026-06-29
CRD_4A29C46B117240F8943D,SCRYDEX_JP,GRADED,10,,,110458,2026-06-29
CRD_4A29C46B117240F8943D,SCRYDEX_JP,GRADED,9,,,25874,2026-06-29
CRD_4A29C46B117240F8943D,SCRYDEX_JP,RAW,,27.5300,USD,42299,2026-06-29
CRD_4A61E9FAD7D64AE2BB13,SCRYDEX_EN,RAW,,7.8700,USD,12036,2026-06-05
CRD_4A61E9FAD7D64AE2BB13,SCRYDEX_JP,GRADED,10,,,180060,2026-06-29
CRD_4A61E9FAD7D64AE2BB13,SCRYDEX_JP,GRADED,9,,,36584,2026-06-29
CRD_4A61E9FAD7D64AE2BB13,SCRYDEX_JP,RAW,,47500.0000,KRW,47500,2026-06-29
CRD_4A61F5781B4E4CF1A1F0,SCRYDEX_EN,RAW,,6.6500,USD,10225,2026-06-23
CRD_4A61F5781B4E4CF1A1F0,SCRYDEX_JP,GRADED,10,,,54760,2026-06-29
CRD_4A61F5781B4E4CF1A1F0,SCRYDEX_JP,GRADED,9,,,19728,2026-06-29
CRD_4A61F5781B4E4CF1A1F0,SCRYDEX_JP,RAW,,2.3600,USD,3626,2026-06-29
CRD_4A62A7429FAD4BDA9715,SCRYDEX_EN,RAW,,2.1200,USD,3242,2026-06-05
CRD_4A62A7429FAD4BDA9715,SCRYDEX_JP,GRADED,10,,,47139,2026-06-29
CRD_4A62A7429FAD4BDA9715,SCRYDEX_JP,GRADED,9,,,19191,2026-06-29
CRD_4A62A7429FAD4BDA9715,SCRYDEX_JP,RAW,,1.9000,USD,2919,2026-06-29
CRD_4A642D0DF8D74C7B896A,SCRYDEX_EN,RAW,,12.4900,USD,19191,2026-06-29
CRD_4A642D0DF8D74C7B896A,SCRYDEX_JP,GRADED,10,,,116988,2026-06-29
CRD_4A642D0DF8D74C7B896A,SCRYDEX_JP,GRADED,9,,,49767,2026-06-29
CRD_4A642D0DF8D74C7B896A,SCRYDEX_JP,RAW,,6.3800,USD,9803,2026-06-29
CRD_4A6AB07D1EE64032B862,SCRYDEX_EN,RAW,,74.0100,USD,113715,2026-06-29
CRD_4A6AB07D1EE64032B862,SCRYDEX_JP,GRADED,10,,,236725,2026-06-29
CRD_4A6AB07D1EE64032B862,SCRYDEX_JP,GRADED,9,,,92250,2026-06-29
CRD_4A6AB07D1EE64032B862,SCRYDEX_JP,RAW,,42.1300,USD,64732,2026-06-29
CRD_4A6CC4A034DF4C3DAD74,SCRYDEX_EN,RAW,,450.4100,USD,692046,2026-06-29
CRD_4A6CC4A034DF4C3DAD74,SCRYDEX_JP,GRADED,10,,,766734,2026-06-29
CRD_4A6CC4A034DF4C3DAD74,SCRYDEX_JP,GRADED,9,,,352638,2026-06-29
CRD_4A6CC4A034DF4C3DAD74,SCRYDEX_JP,RAW,,272.0400,USD,417984,2026-06-29
CRD_4AC772DA06674B6BBCD3,SCRYDEX_EN,RAW,,9.0500,USD,13905,2026-06-29
CRD_4AC772DA06674B6BBCD3,SCRYDEX_JP,GRADED,10,,,50228,2026-06-29
CRD_4AC772DA06674B6BBCD3,SCRYDEX_JP,RAW,,2.3200,USD,3565,2026-06-29
CRD_4AE3AB5A697244519998,SCRYDEX_EN,RAW,,13.2500,USD,20264,2026-06-05
CRD_4AE3AB5A697244519998,SCRYDEX_JP,GRADED,10,,,102314,2026-06-29
CRD_4AE3AB5A697244519998,SCRYDEX_JP,GRADED,9,,,69556,2026-06-29
CRD_4AE3AB5A697244519998,SCRYDEX_JP,RAW,,12.1600,USD,18684,2026-06-29
CRD_4AEF0D8909AC4E3F8560,SCRYDEX_EN,RAW,,7.4400,USD,11379,2026-06-05
CRD_4AEF0D8909AC4E3F8560,SCRYDEX_JP,GRADED,10,,,35047,2026-06-29
CRD_4AEF0D8909AC4E3F8560,SCRYDEX_JP,GRADED,9,,,26120,2026-06-29
CRD_4AEF0D8909AC4E3F8560,SCRYDEX_JP,RAW,,2.4800,USD,3810,2026-06-29
CRD_4AEF7AD96E324D9EA958,SCRYDEX_EN,RAW,,1.1200,USD,1713,2026-06-05
CRD_4AEF7AD96E324D9EA958,SCRYDEX_JP,GRADED,10,,,47954,2026-06-29
CRD_4AEF7AD96E324D9EA958,SCRYDEX_JP,GRADED,9,,,5608,2026-06-29
CRD_4AEF7AD96E324D9EA958,SCRYDEX_JP,RAW,,0.9100,USD,1398,2026-06-29
CRD_4AF796183B554D43B85C,SCRYDEX_EN,RAW,,3.0300,USD,4634,2026-06-05
CRD_4AF796183B554D43B85C,SCRYDEX_JP,GRADED,10,,,36983,2026-06-29
CRD_4AF796183B554D43B85C,SCRYDEX_JP,RAW,,5.5600,USD,8543,2026-06-29
CRD_4B0D00B3E615450ABC4E,SCRYDEX_EN,RAW,,71.3300,USD,109597,2026-06-29
CRD_4B0D00B3E615450ABC4E,SCRYDEX_JP,GRADED,10,,,746330,2026-06-29
CRD_4B0D00B3E615450ABC4E,SCRYDEX_JP,GRADED,9,,,471469,2026-06-29
CRD_4B0D00B3E615450ABC4E,SCRYDEX_JP,RAW,,303.6600,USD,466568,2026-06-29
CRD_4B11473ECD9245248564,SCRYDEX_EN,RAW,,20.3300,USD,31237,2026-06-29
CRD_4B11473ECD9245248564,SCRYDEX_JP,GRADED,10,,,74243,2026-06-29
CRD_4B11473ECD9245248564,SCRYDEX_JP,RAW,,9.5300,USD,14643,2026-06-29
CRD_4B160DDD24C54ACA8B72,SCRYDEX_EN,RAW,,19.5200,USD,29992,2026-06-29
CRD_4B160DDD24C54ACA8B72,SCRYDEX_JP,GRADED,10,,,1505750,2026-06-29
CRD_4B160DDD24C54ACA8B72,SCRYDEX_JP,RAW,,15.0000,USD,23047,2026-06-29
CRD_4B1DB69AB33149CFB3D1,SCRYDEX_EN,RAW,,3.2400,USD,4955,2026-06-05
CRD_4B1DB69AB33149CFB3D1,SCRYDEX_JP,GRADED,10,,,39242,2026-06-29
CRD_4B1DB69AB33149CFB3D1,SCRYDEX_JP,GRADED,9,,,18407,2026-06-29
CRD_4B1DB69AB33149CFB3D1,SCRYDEX_JP,RAW,,0.2600,USD,399,2026-06-29
CRD_4B1E14482DF6442A8088,SCRYDEX_EN,RAW,,11.5400,USD,17649,2026-06-05
CRD_4B1E14482DF6442A8088,SCRYDEX_JP,GRADED,10,,,241980,2026-06-29
CRD_4B1E14482DF6442A8088,SCRYDEX_JP,RAW,,16.0000,USD,24584,2026-06-29
CRD_4B2B4A42869D4583AFCB,SCRYDEX_EN,RAW,,10.9500,USD,16764,2026-06-21
CRD_4B2B4A42869D4583AFCB,SCRYDEX_JP,GRADED,10,,,59370,2026-06-29
CRD_4B2B4A42869D4583AFCB,SCRYDEX_JP,GRADED,9,,,30176,2026-06-29
CRD_4B2B4A42869D4583AFCB,SCRYDEX_JP,RAW,,19.4100,USD,29823,2026-06-29
CRD_4B3B7C90C55443A7B6F2,SCRYDEX_EN,RAW,,32.7100,USD,50258,2026-06-29
CRD_4B3B7C90C55443A7B6F2,SCRYDEX_JP,GRADED,10,,,96829,2026-06-29
CRD_4B3B7C90C55443A7B6F2,SCRYDEX_JP,GRADED,9,,,13444,2026-06-29
CRD_4B3B7C90C55443A7B6F2,SCRYDEX_JP,RAW,,23.9900,USD,36860,2026-06-29
CRD_4B54FA5828754EE1BCD7,SCRYDEX_EN,RAW,,89.9800,USD,138252,2026-06-29
CRD_4B54FA5828754EE1BCD7,SCRYDEX_JP,GRADED,10,,,760266,2026-06-29
CRD_4B54FA5828754EE1BCD7,SCRYDEX_JP,GRADED,9,,,139820,2026-06-29
CRD_4B54FA5828754EE1BCD7,SCRYDEX_JP,RAW,,15.0000,USD,23047,2026-06-29
CRD_4B6DD9DF25B548FEA79D,SCRYDEX_EN,RAW,,21.4700,USD,32988,2026-06-29
CRD_4B6DD9DF25B548FEA79D,SCRYDEX_JP,GRADED,10,,,120691,2026-06-29
CRD_4B6DD9DF25B548FEA79D,SCRYDEX_JP,GRADED,9,,,23155,2026-06-29
CRD_4B6DD9DF25B548FEA79D,SCRYDEX_JP,RAW,,17.2100,USD,26443,2026-06-29
CRD_4B75B995CF8948918B35,SCRYDEX_EN,RAW,,14.2500,USD,21895,2026-06-29
CRD_4B75B995CF8948918B35,SCRYDEX_JP,GRADED,10,,,85567,2026-06-29
CRD_4B75B995CF8948918B35,SCRYDEX_JP,GRADED,9,,,23047,2026-06-29
CRD_4B75B995CF8948918B35,SCRYDEX_JP,RAW,,15.6000,USD,23969,2026-06-29
CRD_4B9283B93544449DBC2D,SCRYDEX_EN,RAW,,5.2100,USD,8011,2026-06-23
CRD_4B9283B93544449DBC2D,SCRYDEX_JP,GRADED,10,,,182011,2026-06-29
CRD_4B9283B93544449DBC2D,SCRYDEX_JP,GRADED,9,,,33034,2026-06-29
CRD_4B9283B93544449DBC2D,SCRYDEX_JP,RAW,,4.9200,USD,7559,2026-06-29
CRD_4BC0454F738547C680E7,SCRYDEX_JP,GRADED,10,,,331311,2026-06-29
CRD_4BC0454F738547C680E7,SCRYDEX_JP,GRADED,9,,,106954,2026-06-29
CRD_4BC0454F738547C680E7,SCRYDEX_JP,RAW,,80.6100,USD,123856,2026-06-29
CRD_4BDF5407844B4C4399F9,SCRYDEX_EN,RAW,,109.0300,USD,168297,2026-06-26
CRD_4BDF5407844B4C4399F9,SCRYDEX_JP,GRADED,10,,,918416,2026-06-29
CRD_4BDF5407844B4C4399F9,SCRYDEX_JP,GRADED,9,,,204214,2026-06-29
CRD_4BDF5407844B4C4399F9,SCRYDEX_JP,RAW,,74.9700,USD,115190,2026-06-29
CRD_4BE279D087D44FB6B0F3,SCRYDEX_EN,RAW,,3.0200,USD,4619,2026-06-05
CRD_4BE279D087D44FB6B0F3,SCRYDEX_JP,GRADED,10,,,62043,2026-06-29
CRD_4BE279D087D44FB6B0F3,SCRYDEX_JP,GRADED,9,,,12369,2026-06-29
CRD_4BE279D087D44FB6B0F3,SCRYDEX_JP,RAW,,2.5000,USD,3841,2026-06-29
CRD_4BF74DA1A517491DB6F7,SCRYDEX_EN,RAW,,19.7500,USD,30345,2026-06-29
CRD_4BF74DA1A517491DB6F7,SCRYDEX_JP,GRADED,10,,,85474,2026-06-29
CRD_4BF74DA1A517491DB6F7,SCRYDEX_JP,GRADED,9,,,20066,2026-06-29
CRD_4BF74DA1A517491DB6F7,SCRYDEX_JP,RAW,,12.1100,USD,18607,2026-06-29
CRD_4C0F021D6C8D4B2C95BD,SCRYDEX_EN,RAW,,19.3100,USD,29800,2026-06-24
CRD_4C0F021D6C8D4B2C95BD,SCRYDEX_JP,GRADED,10,,,106770,2026-06-29
CRD_4C0F021D6C8D4B2C95BD,SCRYDEX_JP,GRADED,9,,,29424,2026-06-29
CRD_4C0F021D6C8D4B2C95BD,SCRYDEX_JP,RAW,,4.5100,USD,6930,2026-06-29
CRD_4C0F71EF7CD14B5DAC80,SCRYDEX_EN,RAW,,0.6800,USD,1040,2026-06-05
CRD_4C0F71EF7CD14B5DAC80,SCRYDEX_JP,GRADED,10,,,21511,2026-06-29
CRD_4C0F71EF7CD14B5DAC80,SCRYDEX_JP,RAW,,0.3200,USD,492,2026-06-29
CRD_4C12E5F0808C4CD8A09F,SCRYDEX_EN,RAW,,8.2300,USD,12645,2026-06-29
CRD_4C12E5F0808C4CD8A09F,SCRYDEX_JP,GRADED,10,,,39918,2026-06-29
CRD_4C12E5F0808C4CD8A09F,SCRYDEX_JP,RAW,,6.3000,USD,9680,2026-06-29
CRD_4C3F242E3B7545CEA793,SCRYDEX_EN,RAW,,1.2300,USD,1881,2026-06-05
CRD_4C3F242E3B7545CEA793,SCRYDEX_JP,GRADED,10,,,59370,2026-06-29
CRD_4C3F242E3B7545CEA793,SCRYDEX_JP,GRADED,9,,,16871,2026-06-29
CRD_4C3F242E3B7545CEA793,SCRYDEX_JP,RAW,,1.1700,USD,1798,2026-06-29
CRD_4C491E5A492F45CB8EB5,SCRYDEX_EN,RAW,,54.9700,USD,84460,2026-06-29
CRD_4C491E5A492F45CB8EB5,SCRYDEX_JP,GRADED,10,,,112870,2026-06-29
CRD_4C491E5A492F45CB8EB5,SCRYDEX_JP,GRADED,9,,,60338,2026-06-29
CRD_4C491E5A492F45CB8EB5,SCRYDEX_JP,RAW,,32.6500,USD,50166,2026-06-29
CRD_4C67C7A9419549B09F71,SCRYDEX_EN,RAW,,0.9300,USD,1422,2026-06-05
CRD_4C67C7A9419549B09F71,SCRYDEX_JP,GRADED,10,,,61813,2026-06-29
CRD_4C67C7A9419549B09F71,SCRYDEX_JP,GRADED,9,,,13075,2026-06-29
CRD_4C67C7A9419549B09F71,SCRYDEX_JP,RAW,,0.3200,USD,492,2026-06-29
CRD_4C6B8CCE76054101B753,SCRYDEX_EN,RAW,,6.6800,USD,10216,2026-06-05
CRD_4C6B8CCE76054101B753,SCRYDEX_JP,GRADED,10,,,34018,2026-06-29
CRD_4C6B8CCE76054101B753,SCRYDEX_JP,GRADED,9,,,17654,2026-06-29
CRD_4C6B8CCE76054101B753,SCRYDEX_JP,RAW,,3.8600,USD,5931,2026-06-29
CRD_4C846CECB8E74C96BF39,SCRYDEX_EN,RAW,,1.9700,USD,3013,2026-06-05
CRD_4C846CECB8E74C96BF39,SCRYDEX_JP,GRADED,10,,,27933,2026-06-29
CRD_4C846CECB8E74C96BF39,SCRYDEX_JP,RAW,,3.7000,USD,5685,2026-06-29
CRD_4C8698FF6B3849B49B28,SCRYDEX_EN,RAW,,0.7000,USD,1076,2026-06-29
CRD_4C8698FF6B3849B49B28,SCRYDEX_JP,RAW,,0.4900,USD,753,2026-06-29
CRD_4C94C9838D3A4C2DA183,SCRYDEX_EN,RAW,,6.8200,USD,10430,2026-06-05
CRD_4C94C9838D3A4C2DA183,SCRYDEX_JP,GRADED,10,,,92189,2026-06-29
CRD_4C94C9838D3A4C2DA183,SCRYDEX_JP,RAW,,12.3200,USD,18929,2026-06-29
CRD_4C9F174845584E2D8806,SCRYDEX_EN,RAW,,9.9200,USD,15171,2026-06-05
CRD_4C9F174845584E2D8806,SCRYDEX_JP,GRADED,10,,,103313,2026-06-29
CRD_4C9F174845584E2D8806,SCRYDEX_JP,GRADED,9,,,30837,2026-06-29
CRD_4C9F174845584E2D8806,SCRYDEX_JP,RAW,,2.1900,USD,3365,2026-06-29
CRD_4CA4DA6436B34162B705,SCRYDEX_EN,RAW,,5.8000,USD,8870,2026-06-05
CRD_4CA4DA6436B34162B705,SCRYDEX_JP,GRADED,10,,,184378,2026-06-29
CRD_4CA4DA6436B34162B705,SCRYDEX_JP,RAW,,57000.0000,KRW,57000,2026-06-29
CRD_4CB4D847706A453D8A1F,SCRYDEX_EN,RAW,,150.6000,USD,231394,2026-06-29
CRD_4CB4D847706A453D8A1F,SCRYDEX_JP,GRADED,10,,,1568055,2026-06-29
CRD_4CB4D847706A453D8A1F,SCRYDEX_JP,GRADED,9,,,567591,2026-06-29
CRD_4CB4D847706A453D8A1F,SCRYDEX_JP,RAW,,950000.0000,KRW,950000,2026-06-29
CRD_4CBEC2D7C8DF430DA560,SCRYDEX_JP,GRADED,10,,,184332,2026-06-29
CRD_4CBEC2D7C8DF430DA560,SCRYDEX_JP,RAW,,28.6000,USD,43943,2026-06-29
CRD_4CC1B8E1952F40E5AE74,SCRYDEX_EN,RAW,,0.6000,USD,918,2026-06-05
CRD_4CC1B8E1952F40E5AE74,SCRYDEX_JP,GRADED,10,,,44420,2026-06-29
CRD_4CC1B8E1952F40E5AE74,SCRYDEX_JP,GRADED,9,,,19959,2026-06-29
CRD_4CC1B8E1952F40E5AE74,SCRYDEX_JP,RAW,,0.2400,USD,369,2026-06-29
CRD_4CC81C78A11A4E46AD49,SCRYDEX_EN,RAW,,10.5600,USD,16150,2026-06-05
CRD_4CC81C78A11A4E46AD49,SCRYDEX_JP,GRADED,10,,,116173,2026-06-29
CRD_4CC81C78A11A4E46AD49,SCRYDEX_JP,GRADED,9,,,21926,2026-06-29
CRD_4CC81C78A11A4E46AD49,SCRYDEX_JP,RAW,,27.0000,USD,41485,2026-06-29
CRD_4CCBCECB375543B99CEB,SCRYDEX_EN,RAW,,97.3400,USD,148869,2026-06-05
CRD_4CCBCECB375543B99CEB,SCRYDEX_JP,GRADED,10,,,460944,2026-06-29
CRD_4CCBCECB375543B99CEB,SCRYDEX_JP,RAW,,323000.0000,KRW,323000,2026-06-29
CRD_4CE79903A8A042498E53,SCRYDEX_EN,RAW,,11.0700,USD,16930,2026-06-05
CRD_4CE79903A8A042498E53,SCRYDEX_JP,RAW,,9.0000,USD,13828,2026-06-29
CRD_4CE7E440FEFE4B8EB2AB,SCRYDEX_EN,RAW,,41.7500,USD,64148,2026-06-29
CRD_4CE7E440FEFE4B8EB2AB,SCRYDEX_JP,GRADED,10,,,113669,2026-06-29
CRD_4CE7E440FEFE4B8EB2AB,SCRYDEX_JP,GRADED,9,,,38228,2026-06-29
CRD_4CE7E440FEFE4B8EB2AB,SCRYDEX_JP,RAW,,13.8100,USD,21219,2026-06-29
CRD_4CF3E079DB20440ABDB1,SCRYDEX_EN,RAW,,7.6900,USD,11761,2026-06-05
CRD_4CF3E079DB20440ABDB1,SCRYDEX_JP,GRADED,10,,,50335,2026-06-29
CRD_4CF3E079DB20440ABDB1,SCRYDEX_JP,GRADED,9,,,15488,2026-06-29
CRD_4CF3E079DB20440ABDB1,SCRYDEX_JP,RAW,,4.3200,USD,6638,2026-06-29
CRD_4CF6CEF79B8D4088917C,SCRYDEX_EN,RAW,,0.8600,USD,1321,2026-06-29
CRD_4CF6CEF79B8D4088917C,SCRYDEX_JP,GRADED,10,,,64809,2026-06-29
CRD_4CF6CEF79B8D4088917C,SCRYDEX_JP,GRADED,9,,,15365,2026-06-29
CRD_4CF6CEF79B8D4088917C,SCRYDEX_JP,RAW,,0.4500,USD,691,2026-06-29
CRD_4D1CD4CF50AA440F904D,SCRYDEX_EN,RAW,,75.9500,USD,116696,2026-06-29
CRD_4D1CD4CF50AA440F904D,SCRYDEX_JP,GRADED,10,,,225463,2026-06-29
CRD_4D1CD4CF50AA440F904D,SCRYDEX_JP,GRADED,9,,,88870,2026-06-29
CRD_4D1CD4CF50AA440F904D,SCRYDEX_JP,RAW,,32.9500,USD,50627,2026-06-29
CRD_4D1DBE122AB04EE8AB19,SCRYDEX_EN,RAW,,38.9300,USD,59815,2026-06-29
CRD_4D1DBE122AB04EE8AB19,SCRYDEX_JP,GRADED,10,,,60829,2026-06-29
CRD_4D1DBE122AB04EE8AB19,SCRYDEX_JP,GRADED,9,,,21695,2026-06-29
CRD_4D1DBE122AB04EE8AB19,SCRYDEX_JP,RAW,,5.7900,USD,8896,2026-06-29
CRD_4D2AB79A057148E8BE39,SCRYDEX_EN,RAW,,3.1800,USD,4886,2026-06-29
CRD_4D2AB79A057148E8BE39,SCRYDEX_JP,GRADED,10,,,102898,2026-06-29
CRD_4D2AB79A057148E8BE39,SCRYDEX_JP,GRADED,9,,,41485,2026-06-29
CRD_4D37677B8AA341108958,SCRYDEX_EN,RAW,,12.5700,USD,19224,2026-06-05
CRD_4D37677B8AA341108958,SCRYDEX_JP,GRADED,10,,,58663,2026-06-29
CRD_4D37677B8AA341108958,SCRYDEX_JP,RAW,,4.6300,USD,7114,2026-06-29
CRD_4D3EF2E899D943459B77,SCRYDEX_EN,RAW,,35.7200,USD,54629,2026-06-05
CRD_4D3EF2E899D943459B77,SCRYDEX_JP,GRADED,10,,,764783,2026-06-29
CRD_4D3EF2E899D943459B77,SCRYDEX_JP,GRADED,9,,,198943,2026-06-29
CRD_4D3EF2E899D943459B77,SCRYDEX_JP,RAW,,427500.0000,KRW,427500,2026-06-29
CRD_4D987972880E4502ACD0,SCRYDEX_EN,RAW,,1.1400,USD,1743,2026-06-05
CRD_4D987972880E4502ACD0,SCRYDEX_JP,GRADED,10,,,15365,2026-06-29
CRD_4D987972880E4502ACD0,SCRYDEX_JP,RAW,,1.3900,USD,2136,2026-06-29
CRD_4DA4E6DE9B234E42BAE2,SCRYDEX_EN,RAW,,18.0700,USD,27764,2026-06-29
CRD_4DA4E6DE9B234E42BAE2,SCRYDEX_JP,GRADED,10,,,94939,2026-06-29
CRD_4DA4E6DE9B234E42BAE2,SCRYDEX_JP,RAW,,15.1500,USD,23278,2026-06-29
CRD_4DC194AB4E8E4B84BD67,SCRYDEX_EN,RAW,,2.4400,USD,3732,2026-06-05
CRD_4DC194AB4E8E4B84BD67,SCRYDEX_JP,GRADED,10,,,47400,2026-06-29
CRD_4DC194AB4E8E4B84BD67,SCRYDEX_JP,RAW,,3.9800,USD,6115,2026-06-29
CRD_4DC3694C7B5E49B7A1A8,SCRYDEX_EN,RAW,,277.5800,USD,426496,2026-06-29
CRD_4DC3694C7B5E49B7A1A8,SCRYDEX_JP,GRADED,10,,,392663,2026-06-29
CRD_4DC3694C7B5E49B7A1A8,SCRYDEX_JP,GRADED,9,,,220393,2026-06-29
CRD_4DC3694C7B5E49B7A1A8,SCRYDEX_JP,RAW,,159.4400,USD,244976,2026-06-29
CRD_4DD11310DD574B5BAF64,SCRYDEX_EN,RAW,,3.2500,USD,4970,2026-06-05
CRD_4DD11310DD574B5BAF64,SCRYDEX_JP,GRADED,10,,,48875,2026-06-29
CRD_4DD11310DD574B5BAF64,SCRYDEX_JP,GRADED,9,,,15242,2026-06-29
CRD_4DD11310DD574B5BAF64,SCRYDEX_JP,RAW,,1.8500,USD,2842,2026-06-29
CRD_4DD30CBFBB2B4EB88C71,SCRYDEX_EN,RAW,,213.0500,USD,325832,2026-06-05
CRD_4DD30CBFBB2B4EB88C71,SCRYDEX_JP,GRADED,10,,,3727040,2026-06-29
CRD_4DD30CBFBB2B4EB88C71,SCRYDEX_JP,GRADED,9,,,901622,2026-06-29
CRD_4DD30CBFBB2B4EB88C71,SCRYDEX_JP,RAW,,49.9900,USD,76809,2026-06-29
CRD_4DFB7837ADC84D93A7EE,SCRYDEX_JP,GRADED,10,,,2765664,2026-06-29
CRD_4DFC063703184E429E4F,SCRYDEX_EN,RAW,,16.9800,USD,26089,2026-06-29
CRD_4DFC063703184E429E4F,SCRYDEX_JP,GRADED,10,,,57280,2026-06-29
CRD_4DFC063703184E429E4F,SCRYDEX_JP,RAW,,41800.0000,KRW,41800,2026-06-29
CRD_4E00186303FD42FCA5B7,SCRYDEX_EN,RAW,,1.0200,USD,1560,2026-06-05
CRD_4E00186303FD42FCA5B7,SCRYDEX_JP,GRADED,10,,,19267,2026-06-29
CRD_4E00186303FD42FCA5B7,SCRYDEX_JP,RAW,,0.3200,USD,492,2026-06-29
CRD_4E19D3DA09F7478A8AE4,SCRYDEX_EN,RAW,,19.3700,USD,29624,2026-06-05
CRD_4E19D3DA09F7478A8AE4,SCRYDEX_JP,GRADED,10,,,288950,2026-06-29
CRD_4E19D3DA09F7478A8AE4,SCRYDEX_JP,RAW,,49.9900,USD,76809,2026-06-29
CRD_4E2B82591E6842DFB0EB,SCRYDEX_JP,RAW,,0.1000,USD,149,2026-05-14
CRD_4E35CE088AB142C69436D3D5EB25F6E7,SCRYDEX_EN,RAW,,2.8450,USD,4316,2026-06-16
CRD_4E35CE088AB142C69436D3D5EB25F6E7,SCRYDEX_JP,GRADED,10,,,66468,2026-06-29
CRD_4E35CE088AB142C69436D3D5EB25F6E7,SCRYDEX_JP,GRADED,9,,,22678,2026-06-29
CRD_4E35CE088AB142C69436D3D5EB25F6E7,SCRYDEX_JP,RAW,,1.8200,USD,2796,2026-06-29
CRD_4E40BBC7A11147499348,SCRYDEX_EN,RAW,,2.0000,USD,3059,2026-06-05
CRD_4E40BBC7A11147499348,SCRYDEX_JP,GRADED,10,,,52071,2026-06-29
CRD_4E40BBC7A11147499348,SCRYDEX_JP,GRADED,9,,,16118,2026-06-29
CRD_4E40BBC7A11147499348,SCRYDEX_JP,RAW,,1.7300,USD,2658,2026-06-29
CRD_4E59295B4DF14431A9B7,SCRYDEX_EN,RAW,,1.8000,USD,2753,2026-06-05
CRD_4E59295B4DF14431A9B7,SCRYDEX_JP,GRADED,10,,,70002,2026-06-29
CRD_4E59295B4DF14431A9B7,SCRYDEX_JP,RAW,,1.0400,USD,1598,2026-06-29
CRD_4E708DE56D9944CFB875,SCRYDEX_EN,RAW,,1.8300,USD,2799,2026-06-05
CRD_4E708DE56D9944CFB875,SCRYDEX_JP,GRADED,10,,,59815,2026-06-29
CRD_4E708DE56D9944CFB875,SCRYDEX_JP,GRADED,9,,,47539,2026-06-29
CRD_4E708DE56D9944CFB875,SCRYDEX_JP,RAW,,0.6100,USD,937,2026-06-29
CRD_4E711DDC48A24974B926,SCRYDEX_EN,RAW,,4.8100,USD,7356,2026-06-05
CRD_4E711DDC48A24974B926,SCRYDEX_JP,GRADED,10,,,59032,2026-06-29
CRD_4E711DDC48A24974B926,SCRYDEX_JP,GRADED,9,,,25091,2026-06-29
CRD_4E711DDC48A24974B926,SCRYDEX_JP,RAW,,5.8500,USD,8988,2026-06-29
CRD_4E71B1C188B74ACDB2DB,SCRYDEX_EN,RAW,,1.1900,USD,1820,2026-06-05
CRD_4E71B1C188B74ACDB2DB,SCRYDEX_JP,GRADED,10,,,29224,2026-06-29
CRD_4E71B1C188B74ACDB2DB,SCRYDEX_JP,RAW,,1.3100,USD,2013,2026-06-29
CRD_4E744A43E495413AAC15,SCRYDEX_EN,RAW,,389.5000,USD,598459,2026-06-29
CRD_4E744A43E495413AAC15,SCRYDEX_JP,GRADED,10,,,2224700,2026-06-29
CRD_4E744A43E495413AAC15,SCRYDEX_JP,GRADED,9,,,811830,2026-06-29
CRD_4E744A43E495413AAC15,SCRYDEX_JP,RAW,,600.0000,USD,921888,2026-06-29
CRD_4E8F8D42F8524276A6BD,SCRYDEX_EN,RAW,,9.4000,USD,14376,2026-06-05
CRD_4E99AE84CC834A47AD97,SCRYDEX_EN,RAW,,21.5700,USD,33142,2026-06-29
CRD_4E99AE84CC834A47AD97,SCRYDEX_JP,GRADED,10,,,109536,2026-06-29
CRD_4E99AE84CC834A47AD97,SCRYDEX_JP,GRADED,9,,,17501,2026-06-29
CRD_4E99AE84CC834A47AD97,SCRYDEX_JP,RAW,,7.6100,USD,11693,2026-06-29
CRD_4E9C75A6CC65443E9021,SCRYDEX_EN,RAW,,1.9700,USD,3013,2026-06-05
CRD_4E9C75A6CC65443E9021,SCRYDEX_JP,GRADED,10,,,53992,2026-06-29
CRD_4E9C75A6CC65443E9021,SCRYDEX_JP,RAW,,1.0400,USD,1598,2026-06-29
CRD_4EB0074F19194FD08F0B,SCRYDEX_EN,RAW,,1.3300,USD,2034,2026-06-05
CRD_4EB0074F19194FD08F0B,SCRYDEX_JP,GRADED,10,,,60768,2026-06-28
CRD_4EB0074F19194FD08F0B,SCRYDEX_JP,GRADED,9,,,20128,2026-06-28
CRD_4EB0074F19194FD08F0B,SCRYDEX_JP,RAW,,0.3800,USD,584,2026-06-28
CRD_4EB2410F9979486EA231,SCRYDEX_EN,RAW,,12.8000,USD,19667,2026-06-29
CRD_4EB2410F9979486EA231,SCRYDEX_JP,GRADED,10,,,122703,2026-06-29
CRD_4EB2410F9979486EA231,SCRYDEX_JP,GRADED,9,,,51564,2026-06-29
CRD_4EB2410F9979486EA231,SCRYDEX_JP,RAW,,6.9200,USD,10632,2026-06-29
CRD_4EB5FCA02B815775E0D5,SCRYDEX_JP,GRADED,10,,,130785,2026-06-29
CRD_4EB5FCA02B815775E0D5,SCRYDEX_JP,GRADED,9,,,40363,2026-06-29
CRD_4EB5FCA02B815775E0D5,SCRYDEX_JP,RAW,,5.1600,USD,7928,2026-06-29
CRD_4EC3A525E385456A88F0,SCRYDEX_EN,RAW,,139.1000,USD,212735,2026-06-05
CRD_4EC3A525E385456A88F0,SCRYDEX_JP,GRADED,10,,,1776263,2026-06-29
CRD_4EC3A525E385456A88F0,SCRYDEX_JP,GRADED,9,,,443029,2026-06-29
CRD_4EE25BC32C984F3BBC3C,SCRYDEX_EN,RAW,,11.2100,USD,17224,2026-06-29
CRD_4EE25BC32C984F3BBC3C,SCRYDEX_JP,GRADED,10,,,70386,2026-06-29
CRD_4EE25BC32C984F3BBC3C,SCRYDEX_JP,GRADED,9,,,21511,2026-06-29
CRD_4EE25BC32C984F3BBC3C,SCRYDEX_JP,RAW,,5.2800,USD,8113,2026-06-29
CRD_4EF712E5DEDB420796AE,SCRYDEX_EN,RAW,,3.8900,USD,5949,2026-06-05
CRD_4EF712E5DEDB420796AE,SCRYDEX_JP,GRADED,10,,,38412,2026-06-29
CRD_4EF712E5DEDB420796AE,SCRYDEX_JP,RAW,,3.9700,USD,6100,2026-06-29
CRD_4F19F10CD72544CDB78E,SCRYDEX_EN,RAW,,18.3800,USD,28110,2026-06-05
CRD_4F19F10CD72544CDB78E,SCRYDEX_JP,GRADED,10,,,69111,2026-06-29
CRD_4F19F10CD72544CDB78E,SCRYDEX_JP,GRADED,9,,,61459,2026-06-29
CRD_4F19F10CD72544CDB78E,SCRYDEX_JP,RAW,,14.9600,USD,22986,2026-06-29
CRD_4F2A7D0A1A7B4BA789D5,SCRYDEX_EN,RAW,,82.3800,USD,126575,2026-06-29
CRD_4F2A7D0A1A7B4BA789D5,SCRYDEX_JP,GRADED,10,,,261540,2026-06-29
CRD_4F2A7D0A1A7B4BA789D5,SCRYDEX_JP,GRADED,9,,,130539,2026-06-29
CRD_4F2A7D0A1A7B4BA789D5,SCRYDEX_JP,RAW,,57.5500,USD,88424,2026-06-29
CRD_4F4282B9BBB74862A121,SCRYDEX_EN,RAW,,4.9400,USD,7555,2026-06-05
CRD_4F4282B9BBB74862A121,SCRYDEX_JP,GRADED,10,,,53116,2026-06-29
CRD_4F4282B9BBB74862A121,SCRYDEX_JP,GRADED,9,,,20865,2026-06-29
CRD_4F4282B9BBB74862A121,SCRYDEX_JP,RAW,,2.1700,USD,3334,2026-06-29
CRD_4F48AF7F7CD84E0EA0B1,SCRYDEX_EN,RAW,,4.6000,USD,7035,2026-06-05
CRD_4F48AF7F7CD84E0EA0B1,SCRYDEX_JP,GRADED,10,,,50427,2026-06-29
CRD_4F48AF7F7CD84E0EA0B1,SCRYDEX_JP,RAW,,2.9800,USD,4579,2026-06-29
CRD_4F6B88682F194C539477,SCRYDEX_EN,RAW,,2.8500,USD,4359,2026-06-05
CRD_4F6B88682F194C539477,SCRYDEX_JP,GRADED,10,,,44619,2026-06-29
CRD_4F6B88682F194C539477,SCRYDEX_JP,GRADED,9,,,26289,2026-06-29
CRD_4F6B88682F194C539477,SCRYDEX_JP,RAW,,2.9300,USD,4502,2026-06-29
CRD_4F738DC1C0384C8E8415,SCRYDEX_EN,RAW,,4.7100,USD,7203,2026-06-05
CRD_4F8FA4ED50DA4A6AA4D3,SCRYDEX_EN,RAW,,0.7100,USD,1091,2026-06-29
CRD_4F8FA4ED50DA4A6AA4D3,SCRYDEX_JP,GRADED,10,,,46755,2026-06-29
CRD_4F8FA4ED50DA4A6AA4D3,SCRYDEX_JP,GRADED,9,,,6146,2026-06-29
CRD_4F8FA4ED50DA4A6AA4D3,SCRYDEX_JP,RAW,,0.2500,USD,384,2026-06-29
CRD_4F945928CE844FBD8648,SCRYDEX_EN,RAW,,11.0400,USD,16963,2026-06-29
CRD_4F945928CE844FBD8648,SCRYDEX_JP,GRADED,10,,,60537,2026-06-29
CRD_4F945928CE844FBD8648,SCRYDEX_JP,GRADED,9,,,17608,2026-06-29
CRD_4F945928CE844FBD8648,SCRYDEX_JP,RAW,,3.1000,USD,4763,2026-06-29
CRD_4F9A907B588C4D71ADBF,SCRYDEX_EN,RAW,,17.9600,USD,27467,2026-06-05
CRD_4F9A907B588C4D71ADBF,SCRYDEX_JP,GRADED,10,,,426327,2026-06-29
CRD_4F9A907B588C4D71ADBF,SCRYDEX_JP,GRADED,9,,,169781,2026-06-29
CRD_4F9A907B588C4D71ADBF,SCRYDEX_JP,RAW,,171000.0000,KRW,171000,2026-06-29
CRD_4FBC77A3FDD544CCA755,SCRYDEX_EN,RAW,,5.6600,USD,8656,2026-06-05
CRD_4FBC77A3FDD544CCA755,SCRYDEX_JP,GRADED,10,,,35339,2026-06-29
CRD_4FBC77A3FDD544CCA755,SCRYDEX_JP,RAW,,9500.0000,KRW,9500,2026-06-29
CRD_4FD05F42130846719AF7,SCRYDEX_EN,RAW,,127.1000,USD,195287,2026-06-29
CRD_4FD05F42130846719AF7,SCRYDEX_JP,GRADED,10,,,411946,2026-06-29
CRD_4FD05F42130846719AF7,SCRYDEX_JP,GRADED,9,,,212434,2026-06-29
CRD_4FD05F42130846719AF7,SCRYDEX_JP,RAW,,130.5800,USD,200634,2026-06-29
CRD_4FFBC5FEC7274C13BE41,SCRYDEX_EN,RAW,,65.1500,USD,98831,2026-06-15
CRD_4FFBC5FEC7274C13BE41,SCRYDEX_JP,GRADED,10,,,3177425,2026-06-29
CRD_4FFBC5FEC7274C13BE41,SCRYDEX_JP,GRADED,9,,,768102,2026-06-29
CRD_500998CEAE8F48BE9DA0,SCRYDEX_EN,RAW,,83.3200,USD,128020,2026-06-29
CRD_500998CEAE8F48BE9DA0,SCRYDEX_JP,GRADED,10,,,127635,2026-06-29
CRD_500998CEAE8F48BE9DA0,SCRYDEX_JP,GRADED,9,,,35447,2026-06-29
CRD_500998CEAE8F48BE9DA0,SCRYDEX_JP,RAW,,43.6800,USD,67113,2026-06-29
CRD_502F5EDDE5B44325905B,SCRYDEX_EN,RAW,,6.6200,USD,10124,2026-06-05
CRD_502F5EDDE5B44325905B,SCRYDEX_JP,GRADED,10,,,127236,2026-06-29
CRD_502F5EDDE5B44325905B,SCRYDEX_JP,GRADED,9,,,20635,2026-06-29
CRD_502F5EDDE5B44325905B,SCRYDEX_JP,RAW,,2.1200,USD,3257,2026-06-29
CRD_5034E9197BEF4694BCDE,SCRYDEX_EN,RAW,,9.5300,USD,14643,2026-06-29
CRD_5034E9197BEF4694BCDE,SCRYDEX_JP,GRADED,10,,,69111,2026-06-29
CRD_5034E9197BEF4694BCDE,SCRYDEX_JP,RAW,,9.9100,USD,15227,2026-06-29
CRD_503935417E87561B409C,SCRYDEX_JP,RAW,,4.6600,USD,7160,2026-06-29
CRD_506A9FE402DF410A9083,SCRYDEX_EN,RAW,,31.2300,USD,47984,2026-06-29
CRD_50757DF212C2435ABE50,SCRYDEX_EN,RAW,,7.8600,USD,12021,2026-06-05
CRD_50757DF212C2435ABE50,SCRYDEX_JP,GRADED,10,,,20942,2026-06-29
CRD_50757DF212C2435ABE50,SCRYDEX_JP,GRADED,9,,,6530,2026-06-29
CRD_50757DF212C2435ABE50,SCRYDEX_JP,RAW,,2.4800,USD,3810,2026-06-29
CRD_50821B0A1B1544889F09,SCRYDEX_EN,RAW,,2.0000,USD,3059,2026-06-05
CRD_50821B0A1B1544889F09,SCRYDEX_JP,GRADED,10,,,46048,2026-06-29
CRD_50821B0A1B1544889F09,SCRYDEX_JP,GRADED,9,,,10310,2026-06-29
CRD_50821B0A1B1544889F09,SCRYDEX_JP,RAW,,1.6000,USD,2458,2026-06-29
CRD_50907E2F804C48AEA846,SCRYDEX_EN,RAW,,11.1400,USD,17037,2026-06-05
CRD_50907E2F804C48AEA846,SCRYDEX_JP,GRADED,10,,,135533,2026-06-29
CRD_50907E2F804C48AEA846,SCRYDEX_JP,GRADED,9,,,19206,2026-06-29
CRD_50907E2F804C48AEA846,SCRYDEX_JP,RAW,,5.3200,USD,8174,2026-06-29
CRD_5094F85922274E7CAC3C,SCRYDEX_EN,RAW,,1508.1400,USD,2317227,2026-06-29
CRD_5094F85922274E7CAC3C,SCRYDEX_JP,GRADED,10,,,1115546,2026-06-29
CRD_5094F85922274E7CAC3C,SCRYDEX_JP,GRADED,9,,,747451,2026-06-29
CRD_5094F85922274E7CAC3C,SCRYDEX_JP,RAW,,456.8800,USD,701987,2026-06-29
CRD_509D0B3B4A0D5FBD0AF9,SCRYDEX_JP,RAW,,66.3200,USD,101899,2026-06-29
CRD_509F370C46394353934C,SCRYDEX_EN,RAW,,5.4300,USD,8304,2026-06-05
CRD_509F370C46394353934C,SCRYDEX_JP,GRADED,10,,,61628,2026-06-29
CRD_509F370C46394353934C,SCRYDEX_JP,GRADED,9,,,13767,2026-06-29
CRD_509F370C46394353934C,SCRYDEX_JP,RAW,,2.1500,USD,3303,2026-06-29
CRD_50ACE060260D40C7B2AC,SCRYDEX_EN,RAW,,9.3800,USD,14345,2026-06-05
CRD_50ACE060260D40C7B2AC,SCRYDEX_JP,GRADED,10,,,38258,2026-06-29
CRD_50ACE060260D40C7B2AC,SCRYDEX_JP,GRADED,9,,,45987,2026-06-29
CRD_50ACE060260D40C7B2AC,SCRYDEX_JP,RAW,,10.9800,USD,16871,2026-06-29
CRD_50B2FD354E4E28060E93,SCRYDEX_EN,RAW,,3.0300,USD,4656,2026-06-29
CRD_50B2FD354E4E28060E93,SCRYDEX_JP,GRADED,10,,,61459,2026-06-29
CRD_50B2FD354E4E28060E93,SCRYDEX_JP,GRADED,9,,,30730,2026-06-29
CRD_50B2FD354E4E28060E93,SCRYDEX_JP,RAW,,0.9800,USD,1506,2026-06-29
CRD_50B50B0ABF4D437598F7,SCRYDEX_EN,RAW,,4.9800,USD,7616,2026-06-05
CRD_50C0DEEAB02B452683DA,SCRYDEX_EN,RAW,,1.2800,USD,1958,2026-06-05
CRD_50C0DEEAB02B452683DA,SCRYDEX_JP,GRADED,10,,,25014,2026-06-29
CRD_50C0DEEAB02B452683DA,SCRYDEX_JP,RAW,,1.7700,USD,2720,2026-06-29
CRD_50DE7B5127534FE2A569,SCRYDEX_EN,RAW,,0.7000,USD,1071,2026-06-05
CRD_50DE7B5127534FE2A569,SCRYDEX_JP,GRADED,10,,,52870,2026-06-29
CRD_50DE7B5127534FE2A569,SCRYDEX_JP,GRADED,9,,,3073,2026-06-29
CRD_50DE7B5127534FE2A569,SCRYDEX_JP,RAW,,0.5800,USD,891,2026-06-29
CRD_50F6F1C119D4792B9B1C,SCRYDEX_JP,GRADED,10,,,38412,2026-06-29
CRD_50F6F1C119D4792B9B1C,SCRYDEX_JP,RAW,,1.2300,USD,1890,2026-06-29
CRD_51054B3353C34EBC99FF,SCRYDEX_EN,RAW,,5.6400,USD,8626,2026-06-05
CRD_51054B3353C34EBC99FF,SCRYDEX_JP,GRADED,10,,,55390,2026-06-29
CRD_51054B3353C34EBC99FF,SCRYDEX_JP,GRADED,9,,,24968,2026-06-29
CRD_51054B3353C34EBC99FF,SCRYDEX_JP,RAW,,5.6200,USD,8635,2026-06-29
CRD_510E12E6D5CD417197BF,SCRYDEX_EN,RAW,,62.0200,USD,95292,2026-06-29
CRD_510E12E6D5CD417197BF,SCRYDEX_JP,GRADED,10,,,123886,2026-06-29
CRD_510E12E6D5CD417197BF,SCRYDEX_JP,GRADED,9,,,57557,2026-06-29
CRD_510E12E6D5CD417197BF,SCRYDEX_JP,RAW,,34.1500,USD,52471,2026-06-29
CRD_511F933EEDE74C64AB4A,SCRYDEX_EN,RAW,,19.1300,USD,29393,2026-06-29
CRD_511F933EEDE74C64AB4A,SCRYDEX_JP,GRADED,10,,,70248,2026-06-29
CRD_511F933EEDE74C64AB4A,SCRYDEX_JP,GRADED,9,,,39472,2026-06-29
CRD_511F933EEDE74C64AB4A,SCRYDEX_JP,RAW,,3.9600,USD,6084,2026-06-29
CRD_5148B33EFB2449B1B0BA,SCRYDEX_EN,RAW,,5.6600,USD,8656,2026-06-05
CRD_5148B33EFB2449B1B0BA,SCRYDEX_JP,GRADED,10,,,69649,2026-06-29
CRD_5148B33EFB2449B1B0BA,SCRYDEX_JP,GRADED,9,,,30100,2026-06-29
CRD_5148B33EFB2449B1B0BA,SCRYDEX_JP,RAW,,5.8400,USD,8973,2026-06-29
CRD_51568A9C8361413DB34E,SCRYDEX_EN,RAW,,6.3800,USD,9757,2026-06-05
CRD_51568A9C8361413DB34E,SCRYDEX_JP,GRADED,10,,,48368,2026-06-29
CRD_51568A9C8361413DB34E,SCRYDEX_JP,RAW,,14.0000,USD,21511,2026-06-29
CRD_517D349E079B4F5E83C7,SCRYDEX_EN,RAW,,61.9900,USD,94806,2026-06-05
CRD_517D349E079B4F5E83C7,SCRYDEX_JP,GRADED,10,,,1542718,2026-06-29
CRD_517D349E079B4F5E83C7,SCRYDEX_JP,GRADED,9,,,150898,2026-06-29
CRD_517D349E079B4F5E83C7,SCRYDEX_JP,RAW,,361000.0000,KRW,361000,2026-06-29
CRD_51808E684CD64F418E0A,SCRYDEX_EN,RAW,,2.7400,USD,4210,2026-06-29
CRD_51808E684CD64F418E0A,SCRYDEX_JP,GRADED,10,,,71769,2026-06-29
CRD_51808E684CD64F418E0A,SCRYDEX_JP,GRADED,9,,,23693,2026-06-29
CRD_51808E684CD64F418E0A,SCRYDEX_JP,RAW,,0.8600,USD,1321,2026-06-29
CRD_518259D3BB704065A54A,SCRYDEX_EN,RAW,,4.1800,USD,6393,2026-06-05
CRD_518259D3BB704065A54A,SCRYDEX_JP,GRADED,10,,,48430,2026-06-29
CRD_518259D3BB704065A54A,SCRYDEX_JP,GRADED,9,,,31667,2026-06-29
CRD_518259D3BB704065A54A,SCRYDEX_JP,RAW,,2.1000,USD,3227,2026-06-29
CRD_519C4783A21343ABB5E8,SCRYDEX_EN,RAW,,3.5600,USD,5445,2026-06-05
CRD_519C4783A21343ABB5E8,SCRYDEX_JP,GRADED,10,,,93572,2026-06-29
CRD_519C4783A21343ABB5E8,SCRYDEX_JP,GRADED,9,,,35523,2026-06-29
CRD_519C4783A21343ABB5E8,SCRYDEX_JP,RAW,,1.8600,USD,2858,2026-06-29
CRD_51A40A7F283548AAA8AC,SCRYDEX_EN,RAW,,4.5600,USD,6974,2026-06-05
CRD_51A40A7F283548AAA8AC,SCRYDEX_JP,RAW,,3.0000,USD,4609,2026-06-29
CRD_51B35B799843488F8BD0,SCRYDEX_EN,RAW,,1.2800,USD,1967,2026-06-27
CRD_51B35B799843488F8BD0,SCRYDEX_JP,GRADED,10,,,55943,2026-06-29
CRD_51B35B799843488F8BD0,SCRYDEX_JP,GRADED,9,,,9219,2026-06-29
CRD_51B35B799843488F8BD0,SCRYDEX_JP,RAW,,1.0500,USD,1613,2026-06-29
CRD_51BAE0050B1B403BBD88,SCRYDEX_EN,RAW,,5.4900,USD,8396,2026-06-05
CRD_51BAE0050B1B403BBD88,SCRYDEX_JP,GRADED,10,,,85551,2026-06-29
CRD_51BAE0050B1B403BBD88,SCRYDEX_JP,GRADED,9,,,10894,2026-06-29
CRD_51BAE0050B1B403BBD88,SCRYDEX_JP,RAW,,7.0000,USD,10755,2026-06-29
CRD_51C1A941A9694DF8AA9A,SCRYDEX_EN,RAW,,8.6800,USD,13275,2026-06-05
CRD_51C1A941A9694DF8AA9A,SCRYDEX_JP,GRADED,10,,,96445,2026-06-29
CRD_51C1A941A9694DF8AA9A,SCRYDEX_JP,GRADED,9,,,17670,2026-06-29
CRD_51C1A941A9694DF8AA9A,SCRYDEX_JP,RAW,,15.0000,USD,23047,2026-06-29
CRD_51C7825705E35C6FF71F,SCRYDEX_JP,RAW,,3.7800,USD,5808,2026-06-29
CRD_51D04CC150CD4DD58F28,SCRYDEX_EN,RAW,,4.0400,USD,6179,2026-06-05
CRD_51D04CC150CD4DD58F28,SCRYDEX_JP,GRADED,10,,,64317,2026-06-29
CRD_51D04CC150CD4DD58F28,SCRYDEX_JP,GRADED,9,,,12753,2026-06-29
CRD_51D04CC150CD4DD58F28,SCRYDEX_JP,RAW,,2.6700,USD,4102,2026-06-29
CRD_51D5975726974B7B8758,SCRYDEX_EN,RAW,,10.7800,USD,16487,2026-06-05
CRD_51D5975726974B7B8758,SCRYDEX_JP,GRADED,10,,,68158,2026-06-29
CRD_51D5975726974B7B8758,SCRYDEX_JP,GRADED,9,,,12476,2026-06-29
CRD_51D5975726974B7B8758,SCRYDEX_JP,RAW,,16.1200,USD,24768,2026-06-29
CRD_51DDA6EA64684E538750,SCRYDEX_EN,RAW,,1.0600,USD,1621,2026-06-05
CRD_51DDA6EA64684E538750,SCRYDEX_JP,GRADED,10,,,60676,2026-06-29
CRD_51DDA6EA64684E538750,SCRYDEX_JP,RAW,,0.3900,USD,599,2026-06-29
CRD_51EB2AB1F8BE40468C95,SCRYDEX_EN,RAW,,32.5300,USD,49982,2026-06-29
CRD_51EB2AB1F8BE40468C95,SCRYDEX_JP,GRADED,10,,,486281,2026-06-29
CRD_51EB2AB1F8BE40468C95,SCRYDEX_JP,GRADED,9,,,78238,2026-06-29
CRD_51EB2AB1F8BE40468C95,SCRYDEX_JP,RAW,,49.8200,USD,76547,2026-06-29
CRD_524170C118594AD6B7E3,SCRYDEX_EN,RAW,,7.8200,USD,11960,2026-06-05
CRD_524170C118594AD6B7E3,SCRYDEX_JP,GRADED,10,,,64747,2026-06-29
CRD_524170C118594AD6B7E3,SCRYDEX_JP,GRADED,9,,,32696,2026-06-29
CRD_524170C118594AD6B7E3,SCRYDEX_JP,RAW,,6.6800,USD,10264,2026-06-29
CRD_5253E851E4414AD68104,SCRYDEX_EN,RAW,,4.8200,USD,7372,2026-06-05
CRD_5253E851E4414AD68104,SCRYDEX_JP,GRADED,10,,,45618,2026-06-29
CRD_5253E851E4414AD68104,SCRYDEX_JP,RAW,,6.2200,USD,9557,2026-06-29
CRD_52591157ACD8487D99CF,SCRYDEX_EN,RAW,,0.9700,USD,1483,2026-06-05
CRD_52591157ACD8487D99CF,SCRYDEX_JP,GRADED,10,,,58248,2026-06-29
CRD_52591157ACD8487D99CF,SCRYDEX_JP,RAW,,0.8300,USD,1275,2026-06-29
CRD_526DC2B6050A4A1FB8A3,SCRYDEX_EN,RAW,,4.5500,USD,6959,2026-06-05
CRD_526DC2B6050A4A1FB8A3,SCRYDEX_JP,GRADED,10,,,60061,2026-06-29
CRD_526DC2B6050A4A1FB8A3,SCRYDEX_JP,RAW,,1.9300,USD,2965,2026-06-29
CRD_526DC57204B446B594BD,SCRYDEX_EN,RAW,,8.6100,USD,13168,2026-06-05
CRD_526DC57204B446B594BD,SCRYDEX_JP,GRADED,10,,,53408,2026-06-29
CRD_526DC57204B446B594BD,SCRYDEX_JP,GRADED,9,,,13460,2026-06-29
CRD_526DC57204B446B594BD,SCRYDEX_JP,RAW,,2.6100,USD,4010,2026-06-29
CRD_527B58F17A3E49AEB25F,SCRYDEX_EN,RAW,,0.7600,USD,1162,2026-06-05
CRD_527B58F17A3E49AEB25F,SCRYDEX_JP,GRADED,10,,,15319,2026-06-29
CRD_527B58F17A3E49AEB25F,SCRYDEX_JP,GRADED,9,,,16886,2026-06-29
CRD_527B58F17A3E49AEB25F,SCRYDEX_JP,RAW,,0.2300,USD,353,2026-06-29
CRD_528E8910A24647CE96C3,SCRYDEX_EN,RAW,,0.5400,USD,830,2026-06-29
CRD_528E8910A24647CE96C3,SCRYDEX_JP,GRADED,10,,,42776,2026-06-29
CRD_528E8910A24647CE96C3,SCRYDEX_JP,GRADED,9,,,13828,2026-06-29
CRD_528E8910A24647CE96C3,SCRYDEX_JP,RAW,,0.2900,USD,446,2026-06-29
CRD_52AAE0598913498D8B12,SCRYDEX_EN,RAW,,21.3500,USD,32804,2026-06-29
CRD_52AAE0598913498D8B12,SCRYDEX_JP,RAW,,11.5600,USD,17762,2026-06-29
CRD_52B306F7D32545678508,SCRYDEX_EN,RAW,,40.5200,USD,62258,2026-06-29
CRD_52B306F7D32545678508,SCRYDEX_JP,GRADED,10,,,196485,2026-06-29
CRD_52B306F7D32545678508,SCRYDEX_JP,GRADED,9,,,79021,2026-06-29
CRD_52B306F7D32545678508,SCRYDEX_JP,RAW,,20.0200,USD,30760,2026-06-29
CRD_52D2632208334D4B88B0,SCRYDEX_EN,RAW,,1.8900,USD,2891,2026-06-05
CRD_52D2632208334D4B88B0,SCRYDEX_JP,GRADED,10,,,24015,2026-06-29
CRD_52D2632208334D4B88B0,SCRYDEX_JP,RAW,,1.8900,USD,2904,2026-06-29
CRD_52F5DDE5DDE7486DAF16,SCRYDEX_EN,RAW,,80.0100,USD,122365,2026-06-05
CRD_52F5DDE5DDE7486DAF16,SCRYDEX_JP,GRADED,10,,,807589,2026-06-29
CRD_52F5DDE5DDE7486DAF16,SCRYDEX_JP,GRADED,9,,,174406,2026-06-29
CRD_52F5DDE5DDE7486DAF16,SCRYDEX_JP,RAW,,22.0000,USD,33803,2026-06-29
CRD_52F60B81183042E68553,SCRYDEX_EN,RAW,,6.1900,USD,9467,2026-06-05
CRD_52F60B81183042E68553,SCRYDEX_JP,GRADED,10,,,101054,2026-06-29
CRD_52F60B81183042E68553,SCRYDEX_JP,GRADED,9,,,50473,2026-06-29
CRD_52F60B81183042E68553,SCRYDEX_JP,RAW,,4.3400,USD,6668,2026-06-29
CRD_52F68E4F10704A3FB529,SCRYDEX_EN,RAW,,2.6300,USD,4022,2026-06-05
CRD_52F68E4F10704A3FB529,SCRYDEX_JP,GRADED,10,,,53946,2026-06-29
CRD_52F68E4F10704A3FB529,SCRYDEX_JP,GRADED,9,,,30714,2026-06-29
CRD_52F68E4F10704A3FB529,SCRYDEX_JP,RAW,,1.4900,USD,2289,2026-06-29
CRD_52F916AFA8B244C5ACDA,SCRYDEX_EN,RAW,,8.9200,USD,13642,2026-06-05
CRD_52F916AFA8B244C5ACDA,SCRYDEX_JP,GRADED,10,,,79252,2026-06-29
CRD_52F916AFA8B244C5ACDA,SCRYDEX_JP,GRADED,9,,,61137,2026-06-29
CRD_52F916AFA8B244C5ACDA,SCRYDEX_JP,RAW,,20.1300,USD,30929,2026-06-29
CRD_5308BD56BE1440DC86D2,SCRYDEX_EN,RAW,,24.6000,USD,37623,2026-06-05
CRD_5308BD56BE1440DC86D2,SCRYDEX_JP,GRADED,10,,,183502,2026-06-29
CRD_5308BD56BE1440DC86D2,SCRYDEX_JP,GRADED,9,,,64916,2026-06-29
CRD_5308BD56BE1440DC86D2,SCRYDEX_JP,RAW,,9.9900,USD,15349,2026-06-29
CRD_530DC1322A98447495D2,SCRYDEX_EN,RAW,,8.5400,USD,13122,2026-06-29
CRD_530DC1322A98447495D2,SCRYDEX_JP,GRADED,10,,,59523,2026-06-29
CRD_530DC1322A98447495D2,SCRYDEX_JP,GRADED,9,,,13398,2026-06-29
CRD_530DC1322A98447495D2,SCRYDEX_JP,RAW,,1.9400,USD,2981,2026-06-29
CRD_5321023EE01C496BA1D8,SCRYDEX_EN,RAW,,0.5100,USD,784,2026-06-29
CRD_5321023EE01C496BA1D8,SCRYDEX_JP,RAW,,0.2900,USD,446,2026-06-29
CRD_53220555F67B44E18651,SCRYDEX_EN,RAW,,2.4200,USD,3718,2026-06-29
CRD_53220555F67B44E18651,SCRYDEX_JP,GRADED,10,,,209576,2026-06-29
CRD_53220555F67B44E18651,SCRYDEX_JP,GRADED,9,,,69126,2026-06-29
CRD_53220555F67B44E18651,SCRYDEX_JP,RAW,,16150.0000,KRW,16150,2026-06-29
CRD_5332201EA310411BBF5D,SCRYDEX_EN,RAW,,0.5300,USD,811,2026-06-05
CRD_5332201EA310411BBF5D,SCRYDEX_JP,GRADED,10,,,27657,2026-06-29
CRD_5332201EA310411BBF5D,SCRYDEX_JP,GRADED,9,,,26120,2026-06-29
CRD_5332201EA310411BBF5D,SCRYDEX_JP,RAW,,0.6400,USD,983,2026-06-29
CRD_53468E96BA24425694EB,SCRYDEX_EN,RAW,,177.8900,USD,273324,2026-06-29
CRD_53468E96BA24425694EB,SCRYDEX_JP,GRADED,10,,,341206,2026-06-29
CRD_53468E96BA24425694EB,SCRYDEX_JP,GRADED,9,,,133090,2026-06-29
CRD_53468E96BA24425694EB,SCRYDEX_JP,RAW,,91.0100,USD,139835,2026-06-29
CRD_53504BEF2B164AFA9492,SCRYDEX_EN,RAW,,8.5200,USD,13030,2026-06-05
CRD_53504BEF2B164AFA9492,SCRYDEX_JP,GRADED,10,,,69065,2026-06-29
CRD_53504BEF2B164AFA9492,SCRYDEX_JP,GRADED,9,,,27595,2026-06-29
CRD_53504BEF2B164AFA9492,SCRYDEX_JP,RAW,,4.6400,USD,7129,2026-06-29
CRD_535F50E9DD9145CFB167,SCRYDEX_EN,RAW,,18.0100,USD,27174,2026-06-18
CRD_535F50E9DD9145CFB167,SCRYDEX_JP,GRADED,10,,,94663,2026-06-29
CRD_535F50E9DD9145CFB167,SCRYDEX_JP,GRADED,9,,,46064,2026-06-29
CRD_535F50E9DD9145CFB167,SCRYDEX_JP,RAW,,4.4500,USD,6837,2026-06-29
CRD_53601313F5F840D7BE86,SCRYDEX_EN,RAW,,7.0300,USD,10751,2026-06-05
CRD_53601313F5F840D7BE86,SCRYDEX_JP,GRADED,10,,,59385,2026-06-29
CRD_53601313F5F840D7BE86,SCRYDEX_JP,GRADED,9,,,24092,2026-06-29
CRD_53601313F5F840D7BE86,SCRYDEX_JP,RAW,,5.0000,USD,7682,2026-06-29
CRD_536CF43303D74BB4BB90,SCRYDEX_EN,RAW,,2.0300,USD,3105,2026-06-05
CRD_536CF43303D74BB4BB90,SCRYDEX_JP,GRADED,10,,,36030,2026-06-29
CRD_536CF43303D74BB4BB90,SCRYDEX_JP,GRADED,9,,,26535,2026-06-29
CRD_536CF43303D74BB4BB90,SCRYDEX_JP,RAW,,4.6200,USD,7099,2026-06-29
CRD_53811FEF046C46BC8D3A,SCRYDEX_EN,RAW,,0.6900,USD,1060,2026-06-29
CRD_53864D1A7E104131B58A,SCRYDEX_EN,RAW,,1.1700,USD,1789,2026-06-05
CRD_53864D1A7E104131B58A,SCRYDEX_JP,GRADED,10,,,21511,2026-06-29
CRD_53864D1A7E104131B58A,SCRYDEX_JP,RAW,,0.8200,USD,1260,2026-06-29
CRD_538D95CFF9F94605BAA0,SCRYDEX_EN,RAW,,26.8600,USD,41270,2026-06-29
CRD_538D95CFF9F94605BAA0,SCRYDEX_JP,GRADED,10,,,125607,2026-06-29
CRD_538D95CFF9F94605BAA0,SCRYDEX_JP,GRADED,9,,,40594,2026-06-29
CRD_538D95CFF9F94605BAA0,SCRYDEX_JP,RAW,,7.3400,USD,11278,2026-06-29
CRD_539273CC06F546848821,SCRYDEX_EN,RAW,,21.9900,USD,33787,2026-06-29
CRD_539273CC06F546848821,SCRYDEX_JP,GRADED,10,,,225140,2026-06-29
CRD_539273CC06F546848821,SCRYDEX_JP,GRADED,9,,,80696,2026-06-29
CRD_539273CC06F546848821,SCRYDEX_JP,RAW,,42.6400,USD,65516,2026-06-29
CRD_539D580996A8493CA8A2,SCRYDEX_EN,RAW,,1.1200,USD,1713,2026-06-05
CRD_539D580996A8493CA8A2,SCRYDEX_JP,GRADED,10,,,52962,2026-06-29
CRD_539D580996A8493CA8A2,SCRYDEX_JP,GRADED,9,,,11969,2026-06-29
CRD_539D580996A8493CA8A2,SCRYDEX_JP,RAW,,0.3700,USD,568,2026-06-29
CRD_53A0FD8027524CC4A991,SCRYDEX_EN,RAW,,2.2500,USD,3441,2026-06-05
CRD_53A0FD8027524CC4A991,SCRYDEX_JP,GRADED,10,,,58263,2026-06-29
CRD_53A0FD8027524CC4A991,SCRYDEX_JP,RAW,,5.8300,USD,8958,2026-06-29
CRD_53BC7943DA1C4E528F42,SCRYDEX_EN,RAW,,0.6700,USD,1025,2026-06-05
CRD_53BC7943DA1C4E528F42,SCRYDEX_JP,GRADED,10,,,24630,2026-06-29
CRD_53BC7943DA1C4E528F42,SCRYDEX_JP,RAW,,0.2900,USD,446,2026-06-29
CRD_53C3C8439568425FBA77,SCRYDEX_EN,RAW,,2.6300,USD,4022,2026-06-05
CRD_53C3C8439568425FBA77,SCRYDEX_JP,GRADED,9,,,14597,2026-06-29
CRD_53C3C8439568425FBA77,SCRYDEX_JP,RAW,,1.5200,USD,2335,2026-06-29
CRD_53E1012862E24CE386A1,SCRYDEX_EN,RAW,,0.6100,USD,937,2026-06-29
CRD_53E1012862E24CE386A1,SCRYDEX_JP,GRADED,10,,,61444,2026-06-28
CRD_53E1012862E24CE386A1,SCRYDEX_JP,RAW,,0.3000,USD,461,2026-06-28
CRD_53E878DB5D8944638209,SCRYDEX_EN,RAW,,29.5500,USD,45403,2026-06-29
CRD_53E878DB5D8944638209,SCRYDEX_JP,GRADED,10,,,68926,2026-06-29
CRD_53E878DB5D8944638209,SCRYDEX_JP,RAW,,5.1000,USD,7836,2026-06-29
CRD_53EAEC16A2AC449B842F,SCRYDEX_EN,RAW,,5.4700,USD,8366,2026-06-05
CRD_53EAEC16A2AC449B842F,SCRYDEX_JP,GRADED,10,,,57142,2026-06-28
CRD_53EAEC16A2AC449B842F,SCRYDEX_JP,GRADED,9,,,22448,2026-06-28
CRD_53EAEC16A2AC449B842F,SCRYDEX_JP,RAW,,0.2700,USD,415,2026-06-28
CRD_53F9BEE45FFC4745AC79,SCRYDEX_EN,RAW,,61.1200,USD,93910,2026-06-29
CRD_53F9BEE45FFC4745AC79,SCRYDEX_JP,GRADED,10,,,226108,2026-06-29
CRD_53F9BEE45FFC4745AC79,SCRYDEX_JP,GRADED,9,,,43989,2026-06-29
CRD_53F9BEE45FFC4745AC79,SCRYDEX_JP,RAW,,38.5800,USD,59277,2026-06-29
CRD_5403B77391C44B59BBF1,SCRYDEX_JP,GRADED,10,,,2437226,2026-06-29
CRD_5403B77391C44B59BBF1,SCRYDEX_JP,GRADED,9,,,1082143,2026-06-29
CRD_5403B77391C44B59BBF1,SCRYDEX_JP,RAW,,625.0000,USD,960300,2026-06-29
CRD_54066807917542B79D0E,SCRYDEX_EN,RAW,,5.2900,USD,8090,2026-06-05
CRD_54066807917542B79D0E,SCRYDEX_JP,GRADED,10,,,69203,2026-06-29
CRD_54066807917542B79D0E,SCRYDEX_JP,GRADED,9,,,26351,2026-06-29
CRD_54066807917542B79D0E,SCRYDEX_JP,RAW,,2.3200,USD,3565,2026-06-29
CRD_54079F1439374F52BCF7,SCRYDEX_EN,RAW,,1027.3800,USD,1578549,2026-06-29
CRD_54079F1439374F52BCF7,SCRYDEX_JP,GRADED,10,,,10848302,2026-06-29
CRD_54079F1439374F52BCF7,SCRYDEX_JP,GRADED,9,,,4571243,2026-06-29
CRD_54079F1439374F52BCF7,SCRYDEX_JP,RAW,,2500.0000,USD,3841200,2026-06-29
CRD_54122CD2AC754C009580,SCRYDEX_EN,RAW,,14.9900,USD,23138,2026-06-26
CRD_54122CD2AC754C009580,SCRYDEX_JP,GRADED,10,,,69695,2026-06-29
CRD_54122CD2AC754C009580,SCRYDEX_JP,GRADED,9,,,33511,2026-06-29
CRD_54122CD2AC754C009580,SCRYDEX_JP,RAW,,6.1000,USD,9373,2026-06-29
CRD_5428C6299F5640EBA326,SCRYDEX_EN,RAW,,4.6800,USD,7157,2026-06-05
CRD_5428C6299F5640EBA326,SCRYDEX_JP,GRADED,10,,,72322,2026-06-29
CRD_5428C6299F5640EBA326,SCRYDEX_JP,GRADED,9,,,46094,2026-06-29
CRD_5428C6299F5640EBA326,SCRYDEX_JP,RAW,,2.1400,USD,3288,2026-06-29
CRD_5454D86FB3AE476B8576,SCRYDEX_EN,RAW,,0.7200,USD,1101,2026-06-05
CRD_5454D86FB3AE476B8576,SCRYDEX_JP,GRADED,10,,,40440,2026-06-29
CRD_5454D86FB3AE476B8576,SCRYDEX_JP,GRADED,9,,,22894,2026-06-29
CRD_5454D86FB3AE476B8576,SCRYDEX_JP,RAW,,0.3300,USD,507,2026-06-29
CRD_54629510CAF0436F9A1E,SCRYDEX_EN,RAW,,1.3500,USD,2065,2026-06-05
CRD_54629510CAF0436F9A1E,SCRYDEX_JP,GRADED,10,,,45188,2026-06-29
CRD_54629510CAF0436F9A1E,SCRYDEX_JP,RAW,,2.7700,USD,4256,2026-06-29
CRD_5468B5F7E7644C059874,SCRYDEX_EN,RAW,,6.4600,USD,9880,2026-06-05
CRD_5468B5F7E7644C059874,SCRYDEX_JP,GRADED,10,,,30253,2026-06-29
CRD_5468B5F7E7644C059874,SCRYDEX_JP,RAW,,9.0000,USD,13828,2026-06-29
CRD_5470C871DF3146EB9C6B,SCRYDEX_EN,RAW,,3.8200,USD,5842,2026-06-05
CRD_5470C871DF3146EB9C6B,SCRYDEX_JP,GRADED,10,,,44174,2026-06-29
CRD_5470C871DF3146EB9C6B,SCRYDEX_JP,GRADED,9,,,15580,2026-06-29
CRD_5470C871DF3146EB9C6B,SCRYDEX_JP,RAW,,2.3800,USD,3657,2026-06-29
CRD_54805A45B9364F29B502,SCRYDEX_EN,RAW,,1.4800,USD,2263,2026-06-05
CRD_5484754441BB42A286AE,SCRYDEX_EN,RAW,,1.1100,USD,1698,2026-06-05
CRD_5484754441BB42A286AE,SCRYDEX_JP,GRADED,10,,,36507,2026-06-29
CRD_5484754441BB42A286AE,SCRYDEX_JP,GRADED,9,,,50704,2026-06-29
CRD_5484754441BB42A286AE,SCRYDEX_JP,RAW,,1.3400,USD,2059,2026-06-29
CRD_54862537AC0B4A368C5A,SCRYDEX_EN,RAW,,94.2600,USD,144829,2026-06-29
CRD_54862537AC0B4A368C5A,SCRYDEX_JP,GRADED,10,,,255578,2026-06-29
CRD_54862537AC0B4A368C5A,SCRYDEX_JP,GRADED,9,,,69080,2026-06-29
CRD_54862537AC0B4A368C5A,SCRYDEX_JP,RAW,,78.6300,USD,120813,2026-06-29
CRD_549320962C484F599EC6,SCRYDEX_EN,RAW,,5.1600,USD,7892,2026-06-05
CRD_549320962C484F599EC6,SCRYDEX_JP,GRADED,10,,,48583,2026-06-29
CRD_549320962C484F599EC6,SCRYDEX_JP,RAW,,1.2900,USD,1982,2026-06-29
CRD_5495412158834F0487D3,SCRYDEX_EN,RAW,,4.2800,USD,6546,2026-06-05
CRD_5495412158834F0487D3,SCRYDEX_JP,GRADED,10,,,61720,2026-06-29
CRD_5495412158834F0487D3,SCRYDEX_JP,GRADED,9,,,32604,2026-06-29
CRD_5495412158834F0487D3,SCRYDEX_JP,RAW,,5.0200,USD,7713,2026-06-29
CRD_549E381006304AAB8D75,SCRYDEX_EN,RAW,,1.9500,USD,2982,2026-06-05
CRD_549E381006304AAB8D75,SCRYDEX_JP,GRADED,10,,,47877,2026-06-29
CRD_549E381006304AAB8D75,SCRYDEX_JP,RAW,,1.6800,USD,2581,2026-06-29
CRD_54A4959E13F64F7AB630,SCRYDEX_EN,RAW,,7.5600,USD,11562,2026-06-05
CRD_54A4959E13F64F7AB630,SCRYDEX_JP,GRADED,10,,,58402,2026-06-29
CRD_54A4959E13F64F7AB630,SCRYDEX_JP,GRADED,9,,,27442,2026-06-29
CRD_54A4959E13F64F7AB630,SCRYDEX_JP,RAW,,2.9500,USD,4533,2026-06-29
CRD_54B1B0CAD05346959E1C,SCRYDEX_EN,RAW,,8.0700,USD,12342,2026-06-05
CRD_54B1B0CAD05346959E1C,SCRYDEX_JP,GRADED,10,,,41331,2026-06-29
CRD_54B1B0CAD05346959E1C,SCRYDEX_JP,RAW,,4.1400,USD,6361,2026-06-29
CRD_54D2FB20FB064C93818F,SCRYDEX_EN,RAW,,0.5600,USD,856,2026-06-05
CRD_54D2FB20FB064C93818F,SCRYDEX_JP,GRADED,10,,,33710,2026-06-29
CRD_54D2FB20FB064C93818F,SCRYDEX_JP,RAW,,0.2400,USD,369,2026-06-29
CRD_54D722AB502448B6BCB9,SCRYDEX_EN,RAW,,3.5200,USD,5383,2026-06-05
CRD_54D722AB502448B6BCB9,SCRYDEX_JP,GRADED,10,,,76824,2026-06-29
CRD_54D722AB502448B6BCB9,SCRYDEX_JP,RAW,,5.1600,USD,7928,2026-06-29
CRD_54E3A91B69264976B1D1,SCRYDEX_EN,RAW,,22.4000,USD,34258,2026-06-05
CRD_54E3A91B69264976B1D1,SCRYDEX_JP,GRADED,10,,,136501,2026-06-29
CRD_54E3A91B69264976B1D1,SCRYDEX_JP,GRADED,9,,,37797,2026-06-29
CRD_54E3A91B69264976B1D1,SCRYDEX_JP,RAW,,11.1900,USD,17193,2026-06-29
CRD_54EB8FDFE84741599C5A,SCRYDEX_EN,RAW,,8.2400,USD,12602,2026-06-05
CRD_54EB8FDFE84741599C5A,SCRYDEX_JP,GRADED,10,,,107953,2026-06-29
CRD_54EB8FDFE84741599C5A,SCRYDEX_JP,GRADED,9,,,29147,2026-06-29
CRD_54EB8FDFE84741599C5A,SCRYDEX_JP,RAW,,3.1600,USD,4855,2026-06-29
CRD_550D287466E74BD49C99,SCRYDEX_EN,RAW,,23.0200,USD,35370,2026-06-29
CRD_550D287466E74BD49C99,SCRYDEX_JP,GRADED,10,,,79175,2026-06-29
CRD_550D287466E74BD49C99,SCRYDEX_JP,RAW,,12.0000,USD,18438,2026-06-29
CRD_55135DAC7D1B4FF1AB6D,SCRYDEX_EN,RAW,,1.2300,USD,1890,2026-06-29
CRD_55135DAC7D1B4FF1AB6D,SCRYDEX_JP,GRADED,10,,,56512,2026-06-29
CRD_55135DAC7D1B4FF1AB6D,SCRYDEX_JP,GRADED,9,,,7682,2026-06-29
CRD_55135DAC7D1B4FF1AB6D,SCRYDEX_JP,RAW,,0.6300,USD,968,2026-06-29
CRD_553E1785CA84462FAFF5,SCRYDEX_EN,RAW,,2.0800,USD,3181,2026-06-05
CRD_553E1785CA84462FAFF5,SCRYDEX_JP,GRADED,10,,,41546,2026-06-29
CRD_553E1785CA84462FAFF5,SCRYDEX_JP,GRADED,9,,,3150,2026-06-29
CRD_553E1785CA84462FAFF5,SCRYDEX_JP,RAW,,3.4200,USD,5255,2026-06-29
CRD_5545BE5E05C5475FA8C2,SCRYDEX_EN,RAW,,2.4500,USD,3747,2026-06-05
CRD_5545BE5E05C5475FA8C2,SCRYDEX_JP,GRADED,10,,,117817,2026-06-29
CRD_5545BE5E05C5475FA8C2,SCRYDEX_JP,RAW,,2.9100,USD,4471,2026-06-29
CRD_555EE842647815F48715,SCRYDEX_JP,GRADED,10,,,67866,2026-06-29
CRD_555EE842647815F48715,SCRYDEX_JP,GRADED,9,,,4609,2026-06-29
CRD_555EE842647815F48715,SCRYDEX_JP,RAW,,1.1400,USD,1752,2026-06-29
CRD_5563F3670A2C4D95AB21,SCRYDEX_EN,RAW,,1.3600,USD,2080,2026-06-05
CRD_5563F3670A2C4D95AB21,SCRYDEX_JP,GRADED,10,,,30561,2026-06-29
CRD_5563F3670A2C4D95AB21,SCRYDEX_JP,GRADED,9,,,22986,2026-06-29
CRD_5563F3670A2C4D95AB21,SCRYDEX_JP,RAW,,1.8500,USD,2842,2026-06-29
CRD_5571E9D37C0F44EB9D0C,SCRYDEX_EN,RAW,,52.7000,USD,80972,2026-06-29
CRD_5571E9D37C0F44EB9D0C,SCRYDEX_JP,GRADED,10,,,118386,2026-06-29
CRD_5571E9D37C0F44EB9D0C,SCRYDEX_JP,GRADED,9,,,73352,2026-06-29
CRD_5571E9D37C0F44EB9D0C,SCRYDEX_JP,RAW,,42.0900,USD,64670,2026-06-29
CRD_55835D4F7A5A4F3BA60D,SCRYDEX_EN,RAW,,5.1600,USD,7892,2026-06-05
CRD_55835D4F7A5A4F3BA60D,SCRYDEX_JP,GRADED,10,,,51887,2026-06-29
CRD_55835D4F7A5A4F3BA60D,SCRYDEX_JP,GRADED,9,,,15365,2026-06-29
CRD_55835D4F7A5A4F3BA60D,SCRYDEX_JP,RAW,,1.8800,USD,2889,2026-06-29
CRD_5592B918549340D29D73,SCRYDEX_JP,GRADED,10,,,111395,2026-06-29
CRD_5592B918549340D29D73,SCRYDEX_JP,RAW,,3.4000,USD,5224,2026-06-29
CRD_55BE769CC493490B9696,SCRYDEX_EN,RAW,,19.2800,USD,29623,2026-06-29
CRD_55BE769CC493490B9696,SCRYDEX_JP,GRADED,10,,,125899,2026-06-29
CRD_55BE769CC493490B9696,SCRYDEX_JP,GRADED,9,,,32942,2026-06-29
CRD_55BE769CC493490B9696,SCRYDEX_JP,RAW,,14.5200,USD,22310,2026-06-29
CRD_55EE6B10CEA84CDA8EED,SCRYDEX_EN,RAW,,232.2700,USD,356878,2026-06-29
CRD_55EE6B10CEA84CDA8EED,SCRYDEX_JP,GRADED,10,,,485466,2026-06-29
CRD_55EE6B10CEA84CDA8EED,SCRYDEX_JP,GRADED,9,,,137054,2026-06-29
CRD_55EE6B10CEA84CDA8EED,SCRYDEX_JP,RAW,,92.5000,USD,142124,2026-06-29
CRD_55FDE55C017C4092A5B0,SCRYDEX_EN,RAW,,91.4800,USD,140557,2026-06-29
CRD_55FDE55C017C4092A5B0,SCRYDEX_JP,GRADED,10,,,193627,2026-06-29
CRD_55FDE55C017C4092A5B0,SCRYDEX_JP,GRADED,9,,,93618,2026-06-29
CRD_55FDE55C017C4092A5B0,SCRYDEX_JP,RAW,,45.0100,USD,69157,2026-06-29
CRD_561FF374668A4C52B7A9,SCRYDEX_EN,RAW,,3.8200,USD,5869,2026-06-29
CRD_561FF374668A4C52B7A9,SCRYDEX_JP,GRADED,10,,,107216,2026-06-29
CRD_561FF374668A4C52B7A9,SCRYDEX_JP,GRADED,9,,,18438,2026-06-29
CRD_561FF374668A4C52B7A9,SCRYDEX_JP,RAW,,8.5000,USD,13060,2026-06-29
CRD_56347219393547F19FCB,SCRYDEX_EN,RAW,,7.7000,USD,11776,2026-06-05
CRD_56347219393547F19FCB,SCRYDEX_JP,GRADED,10,,,46171,2026-06-29
CRD_56347219393547F19FCB,SCRYDEX_JP,RAW,,9.2100,USD,14151,2026-06-29
CRD_5667330F7AAF41858B63,SCRYDEX_EN,RAW,,0.7200,USD,1101,2026-06-05
CRD_5667330F7AAF41858B63,SCRYDEX_JP,GRADED,10,,,27841,2026-06-29
CRD_5667330F7AAF41858B63,SCRYDEX_JP,RAW,,0.3800,USD,584,2026-06-29
CRD_5668BB43C6824C25B7FB,SCRYDEX_EN,RAW,,21.1700,USD,32377,2026-06-05
CRD_5668BB43C6824C25B7FB,SCRYDEX_JP,GRADED,10,,,92604,2026-06-29
CRD_5668BB43C6824C25B7FB,SCRYDEX_JP,GRADED,9,,,24630,2026-06-29
CRD_5668BB43C6824C25B7FB,SCRYDEX_JP,RAW,,6.3600,USD,9772,2026-06-29
CRD_567E3EA66DF544DA9814,SCRYDEX_EN,RAW,,41.1900,USD,63288,2026-06-29
CRD_567E3EA66DF544DA9814,SCRYDEX_JP,GRADED,10,,,100394,2026-06-29
CRD_567E3EA66DF544DA9814,SCRYDEX_JP,GRADED,9,,,47738,2026-06-29
CRD_567E3EA66DF544DA9814,SCRYDEX_JP,RAW,,23.3400,USD,35861,2026-06-29
CRD_568ACA1A12854172B6CD,SCRYDEX_EN,RAW,,23.9800,USD,36845,2026-06-29
CRD_568ACA1A12854172B6CD,SCRYDEX_JP,GRADED,10,,,92389,2026-06-29
CRD_568ACA1A12854172B6CD,SCRYDEX_JP,GRADED,9,,,36353,2026-06-29
CRD_568ACA1A12854172B6CD,SCRYDEX_JP,RAW,,6.9600,USD,10694,2026-06-29
CRD_56A35E064F464D32B8D7,SCRYDEX_EN,RAW,,21.7800,USD,33465,2026-06-29
CRD_56A35E064F464D32B8D7,SCRYDEX_JP,RAW,,54.9900,USD,84491,2026-06-29
CRD_56AD26AE94C842519BA8,SCRYDEX_EN,RAW,,15.4000,USD,23552,2026-06-05
CRD_56AD26AE94C842519BA8,SCRYDEX_JP,GRADED,10,,,100808,2026-06-29
CRD_56AD26AE94C842519BA8,SCRYDEX_JP,RAW,,10.1200,USD,15549,2026-06-29
CRD_56AEEC243AFF49348A6E,SCRYDEX_EN,RAW,,0.6600,USD,1009,2026-06-05
CRD_56AEEC243AFF49348A6E,SCRYDEX_JP,GRADED,10,,,56542,2026-06-29
CRD_56AEEC243AFF49348A6E,SCRYDEX_JP,RAW,,0.3100,USD,476,2026-06-29
CRD_56BC4E58C5934A90B2F1,SCRYDEX_EN,RAW,,6.0200,USD,9207,2026-06-05
CRD_56BC4E58C5934A90B2F1,SCRYDEX_JP,GRADED,10,,,72368,2026-06-29
CRD_56BC4E58C5934A90B2F1,SCRYDEX_JP,GRADED,9,,,44404,2026-06-29
CRD_56BC4E58C5934A90B2F1,SCRYDEX_JP,RAW,,4.8700,USD,7483,2026-06-29
CRD_56CD73E3F5C544A2B1AD,SCRYDEX_EN,RAW,,1.7000,USD,2600,2026-06-05
CRD_56CD73E3F5C544A2B1AD,SCRYDEX_JP,GRADED,10,,,41254,2026-06-29
CRD_56CD73E3F5C544A2B1AD,SCRYDEX_JP,RAW,,0.9300,USD,1429,2026-06-29
CRD_56CE5AE045504777AAE8,SCRYDEX_EN,RAW,,0.8000,USD,1229,2026-06-29
CRD_56E74A6F8ED840E5855A,SCRYDEX_JP,GRADED,10,,,5785093,2026-06-29
CRD_56E74A6F8ED840E5855A,SCRYDEX_JP,GRADED,9,,,1574201,2026-06-29
CRD_56E74A6F8ED840E5855A,SCRYDEX_JP,RAW,,3135000.0000,KRW,3135000,2026-06-29
CRD_56F7E4C6FF4B4CBEA51F,SCRYDEX_EN,RAW,,81.3500,USD,124993,2026-06-29
CRD_56F7E4C6FF4B4CBEA51F,SCRYDEX_JP,GRADED,10,,,231978,2026-06-29
CRD_56F7E4C6FF4B4CBEA51F,SCRYDEX_JP,GRADED,9,,,53485,2026-06-29
CRD_56F7E4C6FF4B4CBEA51F,SCRYDEX_JP,RAW,,43.6600,USD,67083,2026-06-29
CRD_5704D0F94D3F482C8103,SCRYDEX_EN,RAW,,0.9000,USD,1376,2026-06-05
CRD_5704D0F94D3F482C8103,SCRYDEX_JP,GRADED,10,,,9204,2026-06-29
CRD_5704D0F94D3F482C8103,SCRYDEX_JP,RAW,,0.5600,USD,860,2026-06-29
CRD_57174D8548094A65841F,SCRYDEX_EN,RAW,,5.2200,USD,7983,2026-06-05
CRD_57174D8548094A65841F,SCRYDEX_JP,GRADED,10,,,57311,2026-06-28
CRD_57174D8548094A65841F,SCRYDEX_JP,GRADED,9,,,27104,2026-06-28
CRD_57174D8548094A65841F,SCRYDEX_JP,RAW,,4.5400,USD,6976,2026-06-28
CRD_57278A1C3B6140809E3F,SCRYDEX_EN,RAW,,14.7700,USD,22710,2026-06-23
CRD_57278A1C3B6140809E3F,SCRYDEX_JP,GRADED,10,,,57772,2026-06-29
CRD_57278A1C3B6140809E3F,SCRYDEX_JP,GRADED,9,,,40701,2026-06-29
CRD_57278A1C3B6140809E3F,SCRYDEX_JP,RAW,,3.9100,USD,6008,2026-06-29
CRD_5727B24E8A6442A9A5E7,SCRYDEX_EN,RAW,,1.7700,USD,2707,2026-06-05
CRD_5727B24E8A6442A9A5E7,SCRYDEX_JP,GRADED,10,,,55713,2026-06-29
CRD_5727B24E8A6442A9A5E7,SCRYDEX_JP,GRADED,9,,,24092,2026-06-29
CRD_5727B24E8A6442A9A5E7,SCRYDEX_JP,RAW,,2.0500,USD,3150,2026-06-29
CRD_572C9B22477A47FB9AEB,SCRYDEX_EN,RAW,,7.1900,USD,11047,2026-06-29
CRD_572C9B22477A47FB9AEB,SCRYDEX_JP,GRADED,10,,,55298,2026-06-29
CRD_572C9B22477A47FB9AEB,SCRYDEX_JP,GRADED,9,,,13828,2026-06-29
CRD_572C9B22477A47FB9AEB,SCRYDEX_JP,RAW,,14.9300,USD,22940,2026-06-29
CRD_574890E1CF4F4130A020,SCRYDEX_EN,RAW,,42.1800,USD,64809,2026-06-29
CRD_574890E1CF4F4130A020,SCRYDEX_JP,GRADED,10,,,58386,2026-06-29
CRD_574890E1CF4F4130A020,SCRYDEX_JP,GRADED,9,,,23032,2026-06-29
CRD_574890E1CF4F4130A020,SCRYDEX_JP,RAW,,9.9700,USD,15319,2026-06-29
CRD_5751676A34FF4B128A73,SCRYDEX_EN,RAW,,2.6500,USD,4053,2026-06-05
CRD_5751676A34FF4B128A73,SCRYDEX_JP,GRADED,10,,,59662,2026-06-29
CRD_5751676A34FF4B128A73,SCRYDEX_JP,GRADED,9,,,17132,2026-06-29
CRD_5751676A34FF4B128A73,SCRYDEX_JP,RAW,,1.4800,USD,2274,2026-06-29
CRD_5754D3B72AA34FB4A42C,SCRYDEX_EN,RAW,,2.0000,USD,3059,2026-06-05
CRD_5754D3B72AA34FB4A42C,SCRYDEX_JP,GRADED,10,,,48952,2026-06-29
CRD_5754D3B72AA34FB4A42C,SCRYDEX_JP,GRADED,9,,,16932,2026-06-29
CRD_5754D3B72AA34FB4A42C,SCRYDEX_JP,RAW,,2.0700,USD,3181,2026-06-29
CRD_576DC2D934294498A93F,SCRYDEX_EN,RAW,,2.3800,USD,3640,2026-06-05
CRD_576DC2D934294498A93F,SCRYDEX_JP,GRADED,10,,,65869,2026-06-29
CRD_576DC2D934294498A93F,SCRYDEX_JP,GRADED,9,,,30207,2026-06-29
CRD_576DC2D934294498A93F,SCRYDEX_JP,RAW,,2.0600,USD,3165,2026-06-29
CRD_578FDAA332FD4381BC35,SCRYDEX_EN,RAW,,3.2100,USD,4909,2026-06-05
CRD_578FDAA332FD4381BC35,SCRYDEX_JP,GRADED,10,,,71124,2026-06-29
CRD_578FDAA332FD4381BC35,SCRYDEX_JP,GRADED,9,,,12399,2026-06-29
CRD_578FDAA332FD4381BC35,SCRYDEX_JP,RAW,,2.6500,USD,4072,2026-06-29
CRD_579416A2A535432F8F30,SCRYDEX_EN,RAW,,166.0500,USD,255133,2026-06-29
CRD_579416A2A535432F8F30,SCRYDEX_JP,GRADED,10,,,311337,2026-06-29
CRD_579416A2A535432F8F30,SCRYDEX_JP,GRADED,9,,,163635,2026-06-29
CRD_579416A2A535432F8F30,SCRYDEX_JP,RAW,,93.3900,USD,143492,2026-06-29
CRD_5798719CFA7B4AF9928A,SCRYDEX_EN,RAW,,2.6500,USD,4053,2026-06-05
CRD_5798719CFA7B4AF9928A,SCRYDEX_JP,GRADED,10,,,40394,2026-06-29
CRD_5798719CFA7B4AF9928A,SCRYDEX_JP,RAW,,8.8800,USD,13644,2026-06-29
CRD_57A6E71EBA0E4FD0B4A1,SCRYDEX_EN,RAW,,0.8000,USD,1223,2026-06-05
CRD_57B32B1E9555424D8963,SCRYDEX_EN,RAW,,4.8100,USD,7356,2026-06-05
CRD_57B32B1E9555424D8963,SCRYDEX_JP,RAW,,5.0000,USD,7682,2026-06-29
CRD_57B8FD435C2148F8854F,SCRYDEX_EN,RAW,,3.5600,USD,5445,2026-06-05
CRD_57B8FD435C2148F8854F,SCRYDEX_JP,GRADED,10,,,144859,2026-06-29
CRD_57B8FD435C2148F8854F,SCRYDEX_JP,GRADED,9,,,70309,2026-06-29
CRD_57B8FD435C2148F8854F,SCRYDEX_JP,RAW,,17.5000,USD,26888,2026-06-29
CRD_57BF36837D354F8B8535,SCRYDEX_EN,RAW,,50.6700,USD,77493,2026-06-05
CRD_57BF36837D354F8B8535,SCRYDEX_JP,GRADED,10,,,374440,2026-06-29
CRD_57BF36837D354F8B8535,SCRYDEX_JP,GRADED,9,,,129464,2026-06-29
CRD_57BF36837D354F8B8535,SCRYDEX_JP,RAW,,1045000.0000,KRW,1045000,2026-06-29
CRD_57BFC803754F499E82F0,SCRYDEX_EN,RAW,,0.7100,USD,1086,2026-06-05
CRD_57BFC803754F499E82F0,SCRYDEX_JP,GRADED,10,,,26888,2026-06-29
CRD_57BFC803754F499E82F0,SCRYDEX_JP,GRADED,9,,,21511,2026-06-29
CRD_57BFC803754F499E82F0,SCRYDEX_JP,RAW,,0.2700,USD,415,2026-06-29
CRD_57CF7BA35A2F4108A971,SCRYDEX_EN,RAW,,2.1600,USD,3303,2026-06-05
CRD_57CF7BA35A2F4108A971,SCRYDEX_JP,GRADED,10,,,58878,2026-06-29
CRD_57CF7BA35A2F4108A971,SCRYDEX_JP,GRADED,9,,,20512,2026-06-29
CRD_57CF7BA35A2F4108A971,SCRYDEX_JP,RAW,,2.0700,USD,3181,2026-06-29
CRD_57D3263FF3A147BF9CBD,SCRYDEX_EN,RAW,,29.4500,USD,45249,2026-06-29
CRD_57D3263FF3A147BF9CBD,SCRYDEX_JP,GRADED,10,,,168367,2026-06-29
CRD_57D3263FF3A147BF9CBD,SCRYDEX_JP,GRADED,9,,,34217,2026-06-29
CRD_57D3263FF3A147BF9CBD,SCRYDEX_JP,RAW,,28.8400,USD,44312,2026-06-29
CRD_57D75046E0404E6EBE7B,SCRYDEX_EN,RAW,,18.5200,USD,28324,2026-06-05
CRD_57D75046E0404E6EBE7B,SCRYDEX_JP,GRADED,10,,,140511,2026-06-29
CRD_57D75046E0404E6EBE7B,SCRYDEX_JP,GRADED,9,,,49167,2026-06-29
CRD_57D75046E0404E6EBE7B,SCRYDEX_JP,RAW,,40.5000,USD,62227,2026-06-29
CRD_57E4BE5A1FDD46759576,SCRYDEX_EN,RAW,,28.0200,USD,43052,2026-06-29
CRD_57E4BE5A1FDD46759576,SCRYDEX_JP,GRADED,10,,,160639,2026-06-29
CRD_57E4BE5A1FDD46759576,SCRYDEX_JP,GRADED,9,,,73075,2026-06-29
CRD_57E4BE5A1FDD46759576,SCRYDEX_JP,RAW,,24.8400,USD,38166,2026-06-29
CRD_57EB73076A4B471381A3,SCRYDEX_EN,RAW,,2.4400,USD,3732,2026-06-05
CRD_57EB73076A4B471381A3,SCRYDEX_JP,GRADED,10,,,52271,2026-06-29
CRD_57EB73076A4B471381A3,SCRYDEX_JP,GRADED,9,,,30115,2026-06-29
CRD_57EB73076A4B471381A3,SCRYDEX_JP,RAW,,0.9800,USD,1506,2026-06-29
CRD_580818D205C94783B0C1,SCRYDEX_EN,RAW,,3.0400,USD,4649,2026-06-05
CRD_580818D205C94783B0C1,SCRYDEX_JP,GRADED,10,,,22402,2026-06-29
CRD_580818D205C94783B0C1,SCRYDEX_JP,GRADED,9,,,13828,2026-06-29
CRD_580818D205C94783B0C1,SCRYDEX_JP,RAW,,2.0900,USD,3211,2026-06-29
CRD_5830A265E66848C49F6F,SCRYDEX_EN,RAW,,29.9000,USD,45941,2026-06-29
CRD_5830A265E66848C49F6F,SCRYDEX_JP,GRADED,10,,,54222,2026-06-29
CRD_5830A265E66848C49F6F,SCRYDEX_JP,GRADED,9,,,9219,2026-06-29
CRD_5830A265E66848C49F6F,SCRYDEX_JP,RAW,,5.8300,USD,8958,2026-06-29
CRD_5836A136DD3E47DB8AE1,SCRYDEX_JP,GRADED,10,,,247896,2026-06-29
CRD_5836A136DD3E47DB8AE1,SCRYDEX_JP,GRADED,9,,,69142,2026-06-29
CRD_5836A136DD3E47DB8AE1,SCRYDEX_JP,RAW,,51.7300,USD,79482,2026-06-29
CRD_5854A8B691CA4AF9B909,SCRYDEX_EN,RAW,,62.7000,USD,96337,2026-06-29
CRD_5854A8B691CA4AF9B909,SCRYDEX_JP,GRADED,10,,,420366,2026-06-29
CRD_5854A8B691CA4AF9B909,SCRYDEX_JP,GRADED,9,,,109059,2026-06-29
CRD_5854A8B691CA4AF9B909,SCRYDEX_JP,RAW,,50.0000,USD,76824,2026-06-29
CRD_5856FD4E3CD348CD9E52,SCRYDEX_EN,RAW,,9.8100,USD,15073,2026-06-29
CRD_5856FD4E3CD348CD9E52,SCRYDEX_JP,GRADED,10,,,55989,2026-06-29
CRD_5856FD4E3CD348CD9E52,SCRYDEX_JP,GRADED,9,,,23001,2026-06-29
CRD_5856FD4E3CD348CD9E52,SCRYDEX_JP,RAW,,4.3300,USD,6653,2026-06-29
CRD_58AEBF1133424C8B92C1,SCRYDEX_EN,RAW,,0.8800,USD,1346,2026-06-05
CRD_58AEBF1133424C8B92C1,SCRYDEX_JP,GRADED,10,,,38151,2026-06-29
CRD_58AEBF1133424C8B92C1,SCRYDEX_JP,GRADED,9,,,13767,2026-06-29
CRD_58AEBF1133424C8B92C1,SCRYDEX_JP,RAW,,0.3400,USD,522,2026-06-29
CRD_58B23BBE13C047A0BE1A,SCRYDEX_EN,RAW,,0.7000,USD,1071,2026-06-05
CRD_58B23BBE13C047A0BE1A,SCRYDEX_JP,GRADED,10,,,43421,2026-06-29
CRD_58B23BBE13C047A0BE1A,SCRYDEX_JP,RAW,,0.2600,USD,399,2026-06-29
CRD_58C2AC0BC35A4605B2A3,SCRYDEX_EN,RAW,,1.9900,USD,3043,2026-06-05
CRD_58C2AC0BC35A4605B2A3,SCRYDEX_JP,GRADED,10,,,25014,2026-06-29
CRD_58C2AC0BC35A4605B2A3,SCRYDEX_JP,RAW,,0.7000,USD,1076,2026-06-29
CRD_58CA4FCBE74947989A92,SCRYDEX_EN,RAW,,2.4400,USD,3732,2026-06-05
CRD_58CA4FCBE74947989A92,SCRYDEX_JP,GRADED,10,,,69126,2026-06-29
CRD_58CA4FCBE74947989A92,SCRYDEX_JP,GRADED,9,,,13828,2026-06-29
CRD_58CA4FCBE74947989A92,SCRYDEX_JP,RAW,,2.8100,USD,4318,2026-06-29
CRD_58CE2CBBA7CE487B8628,SCRYDEX_EN,RAW,,19.7500,USD,30345,2026-06-28
CRD_58CE2CBBA7CE487B8628,SCRYDEX_JP,GRADED,10,,,61444,2026-06-29
CRD_58CE2CBBA7CE487B8628,SCRYDEX_JP,RAW,,6.0100,USD,9234,2026-06-29
CRD_58E466F3E3064DF98E83,SCRYDEX_EN,RAW,,1.5900,USD,2432,2026-06-05
CRD_58E466F3E3064DF98E83,SCRYDEX_JP,GRADED,10,,,35447,2026-06-29
CRD_58E466F3E3064DF98E83,SCRYDEX_JP,GRADED,9,,,11892,2026-06-29
CRD_58E466F3E3064DF98E83,SCRYDEX_JP,RAW,,1.4400,USD,2213,2026-06-29
CRD_593E4A28970A4C3C8255,SCRYDEX_EN,RAW,,5.1900,USD,8021,2026-06-07
CRD_594A5B7B75D040D5B7B8,SCRYDEX_EN,RAW,,22.8100,USD,34885,2026-06-05
CRD_594A5B7B75D040D5B7B8,SCRYDEX_JP,GRADED,10,,,617957,2026-06-29
CRD_594A5B7B75D040D5B7B8,SCRYDEX_JP,RAW,,35.0000,USD,53777,2026-06-29
CRD_595B6C8D454040518BFD,SCRYDEX_EN,RAW,,30.8100,USD,47339,2026-06-29
CRD_595B6C8D454040518BFD,SCRYDEX_JP,GRADED,10,,,57848,2026-06-29
CRD_595B6C8D454040518BFD,SCRYDEX_JP,GRADED,9,,,24015,2026-06-29
CRD_595B6C8D454040518BFD,SCRYDEX_JP,RAW,,7.3300,USD,11262,2026-06-29
CRD_5965C8E46105490CBE74,SCRYDEX_EN,RAW,,4.4400,USD,6790,2026-06-05
CRD_5965C8E46105490CBE74,SCRYDEX_JP,GRADED,10,,,172163,2026-06-29
CRD_5965C8E46105490CBE74,SCRYDEX_JP,GRADED,9,,,73613,2026-06-29
CRD_5965C8E46105490CBE74,SCRYDEX_JP,RAW,,8.4900,USD,13045,2026-06-29
CRD_59976B37A8E84CBF8304,SCRYDEX_EN,RAW,,6.6400,USD,10155,2026-06-05
CRD_59976B37A8E84CBF8304,SCRYDEX_JP,GRADED,10,,,78391,2026-06-29
CRD_59976B37A8E84CBF8304,SCRYDEX_JP,GRADED,9,,,22955,2026-06-29
CRD_59976B37A8E84CBF8304,SCRYDEX_JP,RAW,,6.5200,USD,10018,2026-06-29
CRD_599E7458ABA7436BA692,SCRYDEX_EN,RAW,,15.9000,USD,24317,2026-06-05
CRD_599E7458ABA7436BA692,SCRYDEX_JP,GRADED,10,,,158273,2026-06-29
CRD_599E7458ABA7436BA692,SCRYDEX_JP,GRADED,9,,,52578,2026-06-29
CRD_599E7458ABA7436BA692,SCRYDEX_JP,RAW,,19.0300,USD,29239,2026-06-29
CRD_59C05E1C41D0406E8DF2,SCRYDEX_EN,RAW,,0.7800,USD,1193,2026-06-05
CRD_59C05E1C41D0406E8DF2,SCRYDEX_JP,GRADED,10,,,47954,2026-06-29
CRD_59C05E1C41D0406E8DF2,SCRYDEX_JP,RAW,,0.3800,USD,584,2026-06-29
CRD_59D148E4C2854E5AAA96,SCRYDEX_EN,RAW,,0.8800,USD,1346,2026-06-05
CRD_59D148E4C2854E5AAA96,SCRYDEX_JP,GRADED,10,,,257099,2026-06-29
CRD_59D148E4C2854E5AAA96,SCRYDEX_JP,GRADED,9,,,30207,2026-06-29
CRD_59D148E4C2854E5AAA96,SCRYDEX_JP,RAW,,1.1600,USD,1782,2026-06-29
CRD_59D5ED41D1EE424B829A,SCRYDEX_EN,RAW,,5.3600,USD,8197,2026-06-05
CRD_59D5ED41D1EE424B829A,SCRYDEX_JP,GRADED,10,,,46340,2026-06-29
CRD_59D5ED41D1EE424B829A,SCRYDEX_JP,GRADED,9,,,20650,2026-06-29
CRD_59D5ED41D1EE424B829A,SCRYDEX_JP,RAW,,6.6900,USD,10279,2026-06-29
CRD_59D948D23D9B4A8997F2,SCRYDEX_EN,RAW,,73.7000,USD,113239,2026-06-29
CRD_59D948D23D9B4A8997F2,SCRYDEX_JP,GRADED,10,,,157351,2026-06-29
CRD_59D948D23D9B4A8997F2,SCRYDEX_JP,GRADED,9,,,65147,2026-06-29
CRD_59D948D23D9B4A8997F2,SCRYDEX_JP,RAW,,30.4400,USD,46770,2026-06-29
CRD_59E0A7F3922147D59CD0,SCRYDEX_EN,RAW,,598.9600,USD,916031,2026-06-05
CRD_59E0A7F3922147D59CD0,SCRYDEX_JP,GRADED,10,,,6354605,2026-06-29
CRD_59E0A7F3922147D59CD0,SCRYDEX_JP,GRADED,9,,,483392,2026-06-29
CRD_59E0A7F3922147D59CD0,SCRYDEX_JP,RAW,,85.0000,USD,130601,2026-06-29
CRD_59F6DAA62F9D4244976D,SCRYDEX_EN,RAW,,19.9600,USD,30526,2026-06-05
CRD_59F6DAA62F9D4244976D,SCRYDEX_JP,GRADED,10,,,244085,2026-06-29
CRD_59F6DAA62F9D4244976D,SCRYDEX_JP,GRADED,9,,,75533,2026-06-29
CRD_59F6DAA62F9D4244976D,SCRYDEX_JP,RAW,,42.7800,USD,65731,2026-06-29
CRD_5A0A8856ED35413F8D24,SCRYDEX_EN,RAW,,14.8600,USD,22832,2026-06-29
CRD_5A0A8856ED35413F8D24,SCRYDEX_JP,GRADED,10,,,61797,2026-06-29
CRD_5A0A8856ED35413F8D24,SCRYDEX_JP,RAW,,1.8400,USD,2827,2026-06-29
CRD_5A11A9B4CB924667ACDC,SCRYDEX_EN,RAW,,35.3000,USD,54238,2026-06-29
CRD_5A11A9B4CB924667ACDC,SCRYDEX_JP,GRADED,10,,,412437,2026-06-29
CRD_5A11A9B4CB924667ACDC,SCRYDEX_JP,GRADED,9,,,82109,2026-06-29
CRD_5A11A9B4CB924667ACDC,SCRYDEX_JP,RAW,,20.1600,USD,30975,2026-06-29
CRD_5A13BAFB5F4751341641,SCRYDEX_EN,RAW,,12.4300,USD,19098,2026-06-29
CRD_5A13BAFB5F4751341641,SCRYDEX_JP,GRADED,10,,,76732,2026-06-29
CRD_5A13BAFB5F4751341641,SCRYDEX_JP,RAW,,18.7300,USD,28778,2026-06-29
CRD_5A1A6E8474A040978D4B,SCRYDEX_EN,RAW,,21.2500,USD,32650,2026-06-29
CRD_5A1A6E8474A040978D4B,SCRYDEX_JP,GRADED,10,,,53147,2026-06-29
CRD_5A1A6E8474A040978D4B,SCRYDEX_JP,GRADED,9,,,32835,2026-06-29
CRD_5A1A6E8474A040978D4B,SCRYDEX_JP,RAW,,12.9800,USD,19944,2026-06-29
CRD_5A3BCBE340EB4953A691,SCRYDEX_EN,RAW,,13.5300,USD,20789,2026-06-29
CRD_5A3BCBE340EB4953A691,SCRYDEX_JP,GRADED,10,,,39564,2026-06-29
CRD_5A3BCBE340EB4953A691,SCRYDEX_JP,GRADED,9,,,30730,2026-06-29
CRD_5A3BCBE340EB4953A691,SCRYDEX_JP,RAW,,4750.0000,KRW,4750,2026-06-29
CRD_5A428B14DAB74DF987AB,SCRYDEX_EN,RAW,,10.8000,USD,16517,2026-06-05
CRD_5A428B14DAB74DF987AB,SCRYDEX_JP,GRADED,10,,,34417,2026-06-29
CRD_5A428B14DAB74DF987AB,SCRYDEX_JP,RAW,,20.0900,USD,30868,2026-06-29
CRD_5A5295A6BE874BBA8414,SCRYDEX_JP,GRADED,10,,,719288,2026-06-29
CRD_5A5295A6BE874BBA8414,SCRYDEX_JP,RAW,,45.0000,USD,69142,2026-06-29
CRD_5A8FC382CCE44FCEBEB2,SCRYDEX_EN,RAW,,4.6600,USD,7127,2026-06-05
CRD_5A8FC382CCE44FCEBEB2,SCRYDEX_JP,GRADED,10,,,77838,2026-06-29
CRD_5A8FC382CCE44FCEBEB2,SCRYDEX_JP,GRADED,9,,,18929,2026-06-29
CRD_5A8FC382CCE44FCEBEB2,SCRYDEX_JP,RAW,,12.7000,USD,19513,2026-06-29
CRD_5A9588570BE84441901E,SCRYDEX_EN,RAW,,0.9400,USD,1438,2026-06-05
CRD_5A9588570BE84441901E,SCRYDEX_JP,RAW,,1.0200,USD,1567,2026-06-29
CRD_5AA4F2695B3D4CB48B68,SCRYDEX_EN,RAW,,35.4800,USD,54514,2026-06-29
CRD_5AA4F2695B3D4CB48B68,SCRYDEX_JP,GRADED,10,,,87672,2026-06-29
CRD_5AA4F2695B3D4CB48B68,SCRYDEX_JP,GRADED,9,,,22125,2026-06-29
CRD_5AA4F2695B3D4CB48B68,SCRYDEX_JP,RAW,,8.7200,USD,13398,2026-06-29
CRD_5AFD5F4B7631458284E9,SCRYDEX_EN,RAW,,1.7900,USD,2738,2026-06-05
CRD_5AFD5F4B7631458284E9,SCRYDEX_JP,GRADED,10,,,42791,2026-06-29
CRD_5AFD5F4B7631458284E9,SCRYDEX_JP,GRADED,9,,,21096,2026-06-29
CRD_5AFD5F4B7631458284E9,SCRYDEX_JP,RAW,,1.0100,USD,1552,2026-06-29
CRD_5B35A21321964FEFB636,SCRYDEX_EN,RAW,,15.8100,USD,24292,2026-06-29
CRD_5B35A21321964FEFB636,SCRYDEX_JP,GRADED,10,,,39073,2026-06-29
CRD_5B35A21321964FEFB636,SCRYDEX_JP,GRADED,9,,,32128,2026-06-29
CRD_5B35A21321964FEFB636,SCRYDEX_JP,RAW,,11.2100,USD,17224,2026-06-29
CRD_5B57F8A6A3104F4E93DA,SCRYDEX_EN,RAW,,9.9700,USD,15319,2026-06-29
CRD_5B57F8A6A3104F4E93DA,SCRYDEX_JP,GRADED,10,,,40947,2026-06-29
CRD_5B57F8A6A3104F4E93DA,SCRYDEX_JP,GRADED,9,,,26074,2026-06-29
CRD_5B57F8A6A3104F4E93DA,SCRYDEX_JP,RAW,,5.1400,USD,7898,2026-06-29
CRD_5B5AD56134634293963C,SCRYDEX_EN,RAW,,1.3800,USD,2111,2026-06-05
CRD_5B702C8872B74994BDE1,SCRYDEX_EN,RAW,,84.2600,USD,129464,2026-06-29
CRD_5B702C8872B74994BDE1,SCRYDEX_JP,GRADED,10,,,89730,2026-06-29
CRD_5B702C8872B74994BDE1,SCRYDEX_JP,GRADED,9,,,48968,2026-06-29
CRD_5B702C8872B74994BDE1,SCRYDEX_JP,RAW,,25.2100,USD,38735,2026-06-29
CRD_5B85A98483504BD2B701,SCRYDEX_EN,RAW,,30.7500,USD,47247,2026-06-29
CRD_5B85A98483504BD2B701,SCRYDEX_JP,GRADED,10,,,108076,2026-06-29
CRD_5B85A98483504BD2B701,SCRYDEX_JP,GRADED,9,,,28609,2026-06-29
CRD_5B85A98483504BD2B701,SCRYDEX_JP,RAW,,17.5400,USD,26950,2026-06-29
CRD_5B8CAA654E9949FC8C70,SCRYDEX_EN,RAW,,3.0500,USD,4665,2026-06-05
CRD_5B8CAA654E9949FC8C70,SCRYDEX_JP,GRADED,10,,,27933,2026-06-29
CRD_5B8CAA654E9949FC8C70,SCRYDEX_JP,GRADED,9,,,13828,2026-06-29
CRD_5B8CAA654E9949FC8C70,SCRYDEX_JP,RAW,,1.1000,USD,1690,2026-06-29
CRD_5BDD62DBF28CF0E30ECD,SCRYDEX_EN,RAW,,203.1400,USD,312121,2026-06-29
CRD_5BDD62DBF28CF0E30ECD,SCRYDEX_JP,GRADED,10,,,182549,2026-06-29
CRD_5BDD62DBF28CF0E30ECD,SCRYDEX_JP,GRADED,9,,,95999,2026-06-29
CRD_5BDD62DBF28CF0E30ECD,SCRYDEX_JP,RAW,,50.4000,USD,77439,2026-06-29
CRD_5BFE2B8ADBF64C2CBCFF,SCRYDEX_EN,RAW,,14.5200,USD,22310,2026-06-29
CRD_5BFE2B8ADBF64C2CBCFF,SCRYDEX_JP,GRADED,10,,,65346,2026-06-29
CRD_5BFE2B8ADBF64C2CBCFF,SCRYDEX_JP,GRADED,9,,,29193,2026-06-29
CRD_5BFE2B8ADBF64C2CBCFF,SCRYDEX_JP,RAW,,4.9300,USD,7575,2026-06-29
CRD_5C096EF4AA584BDCA606,SCRYDEX_EN,RAW,,1.5000,USD,2294,2026-06-05
CRD_5C096EF4AA584BDCA606,SCRYDEX_JP,GRADED,10,,,34832,2026-06-29
CRD_5C096EF4AA584BDCA606,SCRYDEX_JP,GRADED,9,,,16901,2026-06-29
CRD_5C096EF4AA584BDCA606,SCRYDEX_JP,RAW,,1.3600,USD,2090,2026-06-29
CRD_5C104F12C3C94EE49C84,SCRYDEX_EN,RAW,,39.1400,USD,60138,2026-06-29
CRD_5C104F12C3C94EE49C84,SCRYDEX_JP,GRADED,10,,,389621,2026-06-29
CRD_5C104F12C3C94EE49C84,SCRYDEX_JP,GRADED,9,,,62811,2026-06-29
CRD_5C104F12C3C94EE49C84,SCRYDEX_JP,RAW,,427500.0000,KRW,427500,2026-06-29
CRD_5C16965B4D8C4C77943D,SCRYDEX_EN,RAW,,4.3700,USD,6683,2026-06-05
CRD_5C16965B4D8C4C77943D,SCRYDEX_JP,GRADED,10,,,70156,2026-06-29
CRD_5C16965B4D8C4C77943D,SCRYDEX_JP,GRADED,9,,,33065,2026-06-29
CRD_5C16965B4D8C4C77943D,SCRYDEX_JP,RAW,,1.1900,USD,1828,2026-06-29
CRD_5C3EB535E3A64CD4886B,SCRYDEX_EN,RAW,,15.9400,USD,24491,2026-06-29
CRD_5C3EB535E3A64CD4886B,SCRYDEX_JP,GRADED,10,,,56696,2026-06-29
CRD_5C3EB535E3A64CD4886B,SCRYDEX_JP,GRADED,9,,,21649,2026-06-29
CRD_5C3EB535E3A64CD4886B,SCRYDEX_JP,RAW,,3.3700,USD,5178,2026-06-29
CRD_5C43B57F41454A238C06,SCRYDEX_EN,RAW,,48.8700,USD,75088,2026-06-29
CRD_5C43B57F41454A238C06,SCRYDEX_JP,GRADED,10,,,143861,2026-06-29
CRD_5C43B57F41454A238C06,SCRYDEX_JP,GRADED,9,,,97905,2026-06-29
CRD_5C43B57F41454A238C06,SCRYDEX_JP,RAW,,29.1200,USD,44742,2026-06-29
CRD_5C57E2D4DFC8419EAFAA,SCRYDEX_EN,RAW,,10.9800,USD,16792,2026-06-05
CRD_5C57E2D4DFC8419EAFAA,SCRYDEX_JP,GRADED,10,,,130601,2026-06-29
CRD_5C57E2D4DFC8419EAFAA,SCRYDEX_JP,GRADED,9,,,53946,2026-06-29
CRD_5C57E2D4DFC8419EAFAA,SCRYDEX_JP,RAW,,20.0000,USD,30730,2026-06-29
CRD_5C626761376341E3AEE8,SCRYDEX_EN,RAW,,7.2600,USD,11155,2026-06-29
CRD_5C626761376341E3AEE8,SCRYDEX_JP,GRADED,10,,,41208,2026-06-29
CRD_5C626761376341E3AEE8,SCRYDEX_JP,RAW,,21.9500,USD,33726,2026-06-29
CRD_5CA455DEF57B449E9681,SCRYDEX_EN,RAW,,36.5200,USD,56112,2026-06-29
CRD_5CA455DEF57B449E9681,SCRYDEX_JP,GRADED,10,,,166124,2026-06-29
CRD_5CA455DEF57B449E9681,SCRYDEX_JP,GRADED,9,,,47231,2026-06-29
CRD_5CA455DEF57B449E9681,SCRYDEX_JP,RAW,,22.1400,USD,34018,2026-06-29
CRD_5CB7DF4E7368416EB437,SCRYDEX_EN,RAW,,18.5400,USD,28486,2026-06-29
CRD_5CB7DF4E7368416EB437,SCRYDEX_JP,GRADED,10,,,92173,2026-06-29
CRD_5CB7DF4E7368416EB437,SCRYDEX_JP,RAW,,7.6700,USD,11785,2026-06-29
CRD_5CC4F5F3C4294D54BEBB,SCRYDEX_EN,RAW,,0.7000,USD,1076,2026-06-29
CRD_5CC4F5F3C4294D54BEBB,SCRYDEX_JP,GRADED,10,,,56988,2026-06-28
CRD_5CC4F5F3C4294D54BEBB,SCRYDEX_JP,RAW,,0.2500,USD,384,2026-06-28
CRD_5CDC6F885194428BADB1,SCRYDEX_EN,RAW,,1.6800,USD,2569,2026-06-05
CRD_5CDC6F885194428BADB1,SCRYDEX_JP,GRADED,10,,,41977,2026-06-29
CRD_5CDC6F885194428BADB1,SCRYDEX_JP,GRADED,9,,,55313,2026-06-29
CRD_5CDC6F885194428BADB1,SCRYDEX_JP,RAW,,1.6600,USD,2551,2026-06-29
CRD_5CE1C6B2A9B548A8B3DF,SCRYDEX_EN,RAW,,1.8100,USD,2768,2026-06-05
CRD_5CE1C6B2A9B548A8B3DF,SCRYDEX_JP,GRADED,10,,,47831,2026-06-29
CRD_5CE1C6B2A9B548A8B3DF,SCRYDEX_JP,GRADED,9,,,26166,2026-06-29
CRD_5CE1C6B2A9B548A8B3DF,SCRYDEX_JP,RAW,,1.3100,USD,2013,2026-06-29
CRD_5CE39B03B3954AB3B664,SCRYDEX_EN,RAW,,10.8100,USD,16532,2026-06-05
CRD_5CE39B03B3954AB3B664,SCRYDEX_JP,GRADED,10,,,318128,2026-06-29
CRD_5CE39B03B3954AB3B664,SCRYDEX_JP,GRADED,9,,,9219,2026-06-29
CRD_5CE39B03B3954AB3B664,SCRYDEX_JP,RAW,,7.4000,USD,11370,2026-06-29
CRD_5D04471E96A84B7CB7F4,SCRYDEX_EN,RAW,,7.4900,USD,11455,2026-06-05
CRD_5D04471E96A84B7CB7F4,SCRYDEX_JP,GRADED,10,,,44650,2026-06-29
CRD_5D04471E96A84B7CB7F4,SCRYDEX_JP,RAW,,6.9500,USD,10679,2026-06-29
CRD_5D24108CE9A30C619201,SCRYDEX_EN,RAW,,46.2700,USD,71093,2026-06-29
CRD_5D24108CE9A30C619201,SCRYDEX_JP,GRADED,10,,,86458,2026-06-29
CRD_5D24108CE9A30C619201,SCRYDEX_JP,GRADED,9,,,32957,2026-06-29
CRD_5D24108CE9A30C619201,SCRYDEX_JP,RAW,,16.9200,USD,25997,2026-06-29
CRD_5D2CBBAD2CD244CCBB58,SCRYDEX_EN,RAW,,1.7600,USD,2704,2026-06-29
CRD_5D2CBBAD2CD244CCBB58,SCRYDEX_JP,GRADED,10,,,50228,2026-06-29
CRD_5D2CBBAD2CD244CCBB58,SCRYDEX_JP,RAW,,1.4800,USD,2274,2026-06-29
CRD_5D478653E46E4634B4E2,SCRYDEX_EN,RAW,,6.7700,USD,10354,2026-06-05
CRD_5D478653E46E4634B4E2,SCRYDEX_JP,GRADED,10,,,146473,2026-06-29
CRD_5D478653E46E4634B4E2,SCRYDEX_JP,GRADED,9,,,39196,2026-06-29
CRD_5D478653E46E4634B4E2,SCRYDEX_JP,RAW,,26.1000,USD,40102,2026-06-29
CRD_5D48C69399A74C799C12,SCRYDEX_EN,RAW,,1.9300,USD,2952,2026-06-05
CRD_5D48C69399A74C799C12,SCRYDEX_JP,GRADED,10,,,48875,2026-06-29
CRD_5D48C69399A74C799C12,SCRYDEX_JP,GRADED,9,,,13828,2026-06-29
CRD_5D48C69399A74C799C12,SCRYDEX_JP,RAW,,1.4100,USD,2166,2026-06-29
CRD_5D69A490DCA54BE28B61,SCRYDEX_EN,RAW,,0.5700,USD,872,2026-06-05
CRD_5D69A490DCA54BE28B61,SCRYDEX_JP,GRADED,10,,,20435,2026-06-29
CRD_5D69A490DCA54BE28B61,SCRYDEX_JP,GRADED,9,,,7682,2026-06-29
CRD_5D69A490DCA54BE28B61,SCRYDEX_JP,RAW,,0.2300,USD,353,2026-06-29
CRD_5D76FEADA66646C89642,SCRYDEX_EN,RAW,,2.0900,USD,3196,2026-06-05
CRD_5D76FEADA66646C89642,SCRYDEX_JP,GRADED,10,,,39457,2026-06-29
CRD_5D76FEADA66646C89642,SCRYDEX_JP,GRADED,9,,,4686,2026-06-29
CRD_5D76FEADA66646C89642,SCRYDEX_JP,RAW,,1.4400,USD,2213,2026-06-29
CRD_5D7CA51BCEB44BAEA02D,SCRYDEX_EN,RAW,,26.3900,USD,40548,2026-06-29
CRD_5D7CA51BCEB44BAEA02D,SCRYDEX_JP,GRADED,10,,,54560,2026-06-29
CRD_5D7CA51BCEB44BAEA02D,SCRYDEX_JP,GRADED,9,,,28456,2026-06-29
CRD_5D7CA51BCEB44BAEA02D,SCRYDEX_JP,RAW,,5.4400,USD,8358,2026-06-29
CRD_5D82D98321EE4B3B8CFB,SCRYDEX_EN,RAW,,2.7800,USD,4252,2026-06-05
CRD_5D82D98321EE4B3B8CFB,SCRYDEX_JP,GRADED,10,,,54576,2026-06-29
CRD_5D82D98321EE4B3B8CFB,SCRYDEX_JP,GRADED,9,,,18576,2026-06-29
CRD_5D82D98321EE4B3B8CFB,SCRYDEX_JP,RAW,,3.8500,USD,5915,2026-06-29
CRD_5D857A6DB3B4475CAD61,SCRYDEX_EN,RAW,,16.3100,USD,25060,2026-06-29
CRD_5D857A6DB3B4475CAD61,SCRYDEX_JP,GRADED,10,,,73982,2026-06-29
CRD_5D857A6DB3B4475CAD61,SCRYDEX_JP,GRADED,9,,,33050,2026-06-29
CRD_5D857A6DB3B4475CAD61,SCRYDEX_JP,RAW,,7.5000,USD,11524,2026-06-29
CRD_5D86E01964624A8CBE40,SCRYDEX_EN,RAW,,125.9200,USD,193474,2026-06-29
CRD_5D86E01964624A8CBE40,SCRYDEX_JP,GRADED,10,,,600794,2026-06-29
CRD_5D86E01964624A8CBE40,SCRYDEX_JP,GRADED,9,,,82739,2026-06-29
CRD_5D86E01964624A8CBE40,SCRYDEX_JP,RAW,,72.9100,USD,112025,2026-06-29
CRD_5D99F1F054944414B285,SCRYDEX_EN,RAW,,16.8600,USD,25905,2026-06-29
CRD_5D99F1F054944414B285,SCRYDEX_JP,GRADED,10,,,328884,2026-06-29
CRD_5D99F1F054944414B285,SCRYDEX_JP,GRADED,9,,,62950,2026-06-29
CRD_5D99F1F054944414B285,SCRYDEX_JP,RAW,,70.6400,USD,108537,2026-06-29
CRD_5D9CED91492B4E768613,SCRYDEX_EN,RAW,,22.7800,USD,34909,2026-06-06
CRD_5D9CED91492B4E768613,SCRYDEX_JP,GRADED,10,,,141909,2026-06-29
CRD_5D9CED91492B4E768613,SCRYDEX_JP,GRADED,9,,,52578,2026-06-29
CRD_5D9CED91492B4E768613,SCRYDEX_JP,RAW,,14.6900,USD,22571,2026-06-29
CRD_5D9E1E48807A4B839B95,SCRYDEX_EN,RAW,,1.9100,USD,2921,2026-06-05
CRD_5D9E1E48807A4B839B95,SCRYDEX_JP,GRADED,10,,,42023,2026-06-29
CRD_5D9E1E48807A4B839B95,SCRYDEX_JP,RAW,,1.2100,USD,1859,2026-06-29
CRD_5DA33B32A229766D5250,SCRYDEX_EN,RAW,,21.1900,USD,32558,2026-06-29
CRD_5DA33B32A229766D5250,SCRYDEX_JP,GRADED,10,,,78745,2026-06-29
CRD_5DA33B32A229766D5250,SCRYDEX_JP,GRADED,9,,,30822,2026-06-29
CRD_5DA33B32A229766D5250,SCRYDEX_JP,RAW,,12.6800,USD,19483,2026-06-29
CRD_5DAB2DD66D0B451E8825,SCRYDEX_EN,RAW,,27.1400,USD,41700,2026-06-29
CRD_5DAB2DD66D0B451E8825,SCRYDEX_JP,GRADED,10,,,65792,2026-06-29
CRD_5DAB2DD66D0B451E8825,SCRYDEX_JP,GRADED,9,,,36107,2026-06-29
CRD_5DAB2DD66D0B451E8825,SCRYDEX_JP,RAW,,10.2000,USD,15672,2026-06-29
CRD_5DB81F6CB60742D3952B,SCRYDEX_EN,RAW,,0.8900,USD,1361,2026-06-05
CRD_5DB81F6CB60742D3952B,SCRYDEX_JP,GRADED,10,,,51103,2026-06-29
CRD_5DB81F6CB60742D3952B,SCRYDEX_JP,GRADED,9,,,13075,2026-06-29
CRD_5DB81F6CB60742D3952B,SCRYDEX_JP,RAW,,0.3900,USD,599,2026-06-29
CRD_5DF12C9B3FCC471D90BA,SCRYDEX_EN,RAW,,1.5500,USD,2371,2026-06-05
CRD_5DF12C9B3FCC471D90BA,SCRYDEX_JP,GRADED,10,,,31851,2026-06-29
CRD_5DF12C9B3FCC471D90BA,SCRYDEX_JP,RAW,,2.0900,USD,3211,2026-06-29
CRD_5DF591EAB7B44D25AF5A,SCRYDEX_EN,RAW,,1.1500,USD,1759,2026-06-05
CRD_5DF591EAB7B44D25AF5A,SCRYDEX_JP,GRADED,10,,,24584,2026-06-29
CRD_5DF591EAB7B44D25AF5A,SCRYDEX_JP,GRADED,9,,,23047,2026-06-29
CRD_5DF591EAB7B44D25AF5A,SCRYDEX_JP,RAW,,0.5200,USD,799,2026-06-29
CRD_5E2191E093894018B5DF,SCRYDEX_EN,RAW,,2.4200,USD,3701,2026-06-05
CRD_5E2191E093894018B5DF,SCRYDEX_JP,GRADED,10,,,132460,2026-06-29
CRD_5E2191E093894018B5DF,SCRYDEX_JP,GRADED,9,,,12292,2026-06-29
CRD_5E2191E093894018B5DF,SCRYDEX_JP,RAW,,2.2800,USD,3503,2026-06-29
CRD_5E2DD9D7EE3942628E86,SCRYDEX_EN,RAW,,25.8300,USD,39183,2026-06-15
CRD_5E2DD9D7EE3942628E86,SCRYDEX_JP,GRADED,10,,,197545,2026-06-29
CRD_5E2DD9D7EE3942628E86,SCRYDEX_JP,GRADED,9,,,104358,2026-06-29
CRD_5E2DD9D7EE3942628E86,SCRYDEX_JP,RAW,,114000.0000,KRW,114000,2026-06-29
CRD_5E38B57AA54A42D3BA96,SCRYDEX_EN,RAW,,0.6900,USD,1055,2026-06-05
CRD_5E4E70BF23AC40C7ACFF,SCRYDEX_EN,RAW,,1.0500,USD,1606,2026-06-05
CRD_5E4E70BF23AC40C7ACFF,SCRYDEX_JP,GRADED,10,,,48199,2026-06-29
CRD_5E4E70BF23AC40C7ACFF,SCRYDEX_JP,GRADED,9,,,38243,2026-06-29
CRD_5E4E70BF23AC40C7ACFF,SCRYDEX_JP,RAW,,1.0500,USD,1613,2026-06-29
CRD_5E50FAE179C84F9C8755,SCRYDEX_EN,RAW,,4.3200,USD,6607,2026-06-05
CRD_5E50FAE179C84F9C8755,SCRYDEX_JP,GRADED,10,,,68281,2026-06-29
CRD_5E50FAE179C84F9C8755,SCRYDEX_JP,GRADED,9,,,30699,2026-06-29
CRD_5E50FAE179C84F9C8755,SCRYDEX_JP,RAW,,2.5800,USD,3964,2026-06-29
CRD_5E8B9D8B826549B5BE0E,SCRYDEX_EN,RAW,,9.0300,USD,13810,2026-06-05
CRD_5E8B9D8B826549B5BE0E,SCRYDEX_JP,GRADED,10,,,72537,2026-06-29
CRD_5E8B9D8B826549B5BE0E,SCRYDEX_JP,GRADED,9,,,35047,2026-06-29
CRD_5E8B9D8B826549B5BE0E,SCRYDEX_JP,RAW,,3.8500,USD,5915,2026-06-29
CRD_5EC5DF045E124BF1ACA2,SCRYDEX_EN,RAW,,76.7900,USD,117986,2026-06-29
CRD_5EC5DF045E124BF1ACA2,SCRYDEX_JP,GRADED,10,,,142969,2026-06-29
CRD_5EC5DF045E124BF1ACA2,SCRYDEX_JP,GRADED,9,,,63795,2026-06-29
CRD_5EC5DF045E124BF1ACA2,SCRYDEX_JP,RAW,,53.0300,USD,81480,2026-06-29
CRD_5EE5BC37B7894924A235,SCRYDEX_EN,RAW,,6.9600,USD,10644,2026-06-05
CRD_5EE6DC9AFBE242028F0F,SCRYDEX_EN,RAW,,158.1800,USD,241916,2026-06-05
CRD_5EE6DC9AFBE242028F0F,SCRYDEX_JP,GRADED,10,,,1872539,2026-06-29
CRD_5EE6DC9AFBE242028F0F,SCRYDEX_JP,GRADED,9,,,432826,2026-06-29
CRD_5EE6DC9AFBE242028F0F,SCRYDEX_JP,RAW,,90.0000,USD,138283,2026-06-29
CRD_5EF0A6A219594553A91B,SCRYDEX_EN,RAW,,36.9000,USD,56696,2026-06-29
CRD_5EF0A6A219594553A91B,SCRYDEX_JP,GRADED,10,,,150514,2026-06-29
CRD_5EF0A6A219594553A91B,SCRYDEX_JP,GRADED,9,,,52363,2026-06-29
CRD_5EF0A6A219594553A91B,SCRYDEX_JP,RAW,,31.5200,USD,48430,2026-06-29
CRD_5F01B946CC6C4F5F95B0,SCRYDEX_EN,RAW,,1.5400,USD,2355,2026-06-05
CRD_5F01EFF37F2B4265ACDD,SCRYDEX_EN,RAW,,11.8200,USD,18161,2026-06-29
CRD_5F01EFF37F2B4265ACDD,SCRYDEX_JP,GRADED,10,,,57879,2026-06-29
CRD_5F01EFF37F2B4265ACDD,SCRYDEX_JP,GRADED,9,,,30591,2026-06-29
CRD_5F01EFF37F2B4265ACDD,SCRYDEX_JP,RAW,,5.8600,USD,9004,2026-06-29
CRD_5F09CD4E587B4983ACCF,SCRYDEX_EN,RAW,,11.0300,USD,16947,2026-06-29
CRD_5F09CD4E587B4983ACCF,SCRYDEX_JP,GRADED,10,,,47892,2026-06-29
CRD_5F09CD4E587B4983ACCF,SCRYDEX_JP,GRADED,9,,,19959,2026-06-29
CRD_5F09CD4E587B4983ACCF,SCRYDEX_JP,RAW,,3.9200,USD,6023,2026-06-29
CRD_5F0F40D590F84E8289CE,SCRYDEX_EN,RAW,,2.1000,USD,3212,2026-06-05
CRD_5F0F40D590F84E8289CE,SCRYDEX_JP,GRADED,10,,,42130,2026-06-29
CRD_5F0F40D590F84E8289CE,SCRYDEX_JP,GRADED,9,,,29101,2026-06-29
CRD_5F0F40D590F84E8289CE,SCRYDEX_JP,RAW,,0.8300,USD,1275,2026-06-29
CRD_5F1E0C24C1C64F5FB49E,SCRYDEX_EN,RAW,,62.5900,USD,96168,2026-06-29
CRD_5F1E0C24C1C64F5FB49E,SCRYDEX_JP,GRADED,10,,,151850,2026-06-29
CRD_5F1E0C24C1C64F5FB49E,SCRYDEX_JP,GRADED,9,,,46878,2026-06-29
CRD_5F1E0C24C1C64F5FB49E,SCRYDEX_JP,RAW,,21.0000,USD,32266,2026-06-29
CRD_5F3E80E210DF43958293,SCRYDEX_EN,RAW,,4.9700,USD,7601,2026-06-05
CRD_5F3E80E210DF43958293,SCRYDEX_JP,GRADED,10,,,59754,2026-06-29
CRD_5F3E80E210DF43958293,SCRYDEX_JP,GRADED,9,,,43021,2026-06-29
CRD_5F3E80E210DF43958293,SCRYDEX_JP,RAW,,1.7900,USD,2750,2026-06-29
CRD_5F4D4AC299E34809963A,SCRYDEX_EN,RAW,,1.5200,USD,2335,2026-06-29
CRD_5F4D4AC299E34809963A,SCRYDEX_JP,GRADED,10,,,1001862,2026-06-29
CRD_5F4D4AC299E34809963A,SCRYDEX_JP,RAW,,1.0300,USD,1583,2026-06-29
CRD_5F5654DF27524F1385D6,SCRYDEX_EN,RAW,,1.4400,USD,2202,2026-06-05
CRD_5F7760C6F9C843AFBC32,SCRYDEX_EN,RAW,,17.7400,USD,27257,2026-06-29
CRD_5F7760C6F9C843AFBC32,SCRYDEX_JP,GRADED,10,,,91851,2026-06-29
CRD_5F7760C6F9C843AFBC32,SCRYDEX_JP,GRADED,9,,,9265,2026-06-29
CRD_5F7760C6F9C843AFBC32,SCRYDEX_JP,RAW,,15.3100,USD,23524,2026-06-29
CRD_5F8E8D482CEE40979BB4,SCRYDEX_EN,RAW,,0.9000,USD,1376,2026-06-05
CRD_5F8E8D482CEE40979BB4,SCRYDEX_JP,GRADED,10,,,48030,2026-06-29
CRD_5F8E8D482CEE40979BB4,SCRYDEX_JP,RAW,,0.4100,USD,630,2026-06-29
CRD_5F9A15D40E55413889CB,SCRYDEX_JP,GRADED,10,,,71923,2026-06-29
CRD_5F9A15D40E55413889CB,SCRYDEX_JP,RAW,,2.7100,USD,4164,2026-06-29
CRD_5FB16D1BB32E4BC8873F,SCRYDEX_EN,RAW,,50.9100,USD,78222,2026-06-29
CRD_5FB16D1BB32E4BC8873F,SCRYDEX_JP,GRADED,10,,,82432,2026-06-29
CRD_5FB16D1BB32E4BC8873F,SCRYDEX_JP,GRADED,9,,,32435,2026-06-29
CRD_5FB16D1BB32E4BC8873F,SCRYDEX_JP,RAW,,14.0300,USD,21557,2026-06-29
CRD_5FB29A7CDA6A4F8698B4,SCRYDEX_EN,RAW,,1.5500,USD,2371,2026-06-05
CRD_5FB29A7CDA6A4F8698B4,SCRYDEX_JP,GRADED,10,,,51703,2026-06-29
CRD_5FB29A7CDA6A4F8698B4,SCRYDEX_JP,RAW,,0.8400,USD,1291,2026-06-29
CRD_5FCF39B83D268FC86798,SCRYDEX_JP,GRADED,10,,,45495,2026-06-29
CRD_5FCF39B83D268FC86798,SCRYDEX_JP,GRADED,9,,,12292,2026-06-29
CRD_5FCF39B83D268FC86798,SCRYDEX_JP,RAW,,0.4700,USD,722,2026-06-29
CRD_5FE253E42C974A6AB4E7,SCRYDEX_EN,RAW,,51.8100,USD,79605,2026-06-29
CRD_5FE253E42C974A6AB4E7,SCRYDEX_JP,GRADED,10,,,157382,2026-06-29
CRD_5FE253E42C974A6AB4E7,SCRYDEX_JP,GRADED,9,,,68757,2026-06-29
CRD_5FE253E42C974A6AB4E7,SCRYDEX_JP,RAW,,31.6600,USD,48645,2026-06-29
CRD_5FF7C03BB99345278E5E,SCRYDEX_EN,RAW,,2.6900,USD,4114,2026-06-05
CRD_5FF7C03BB99345278E5E,SCRYDEX_JP,GRADED,10,,,45664,2026-06-29
CRD_5FF7C03BB99345278E5E,SCRYDEX_JP,RAW,,2.6300,USD,4041,2026-06-29
CRD_5FFCA0AB3BF4438A8D41,SCRYDEX_EN,RAW,,22.8900,USD,35170,2026-06-29
CRD_5FFCA0AB3BF4438A8D41,SCRYDEX_JP,GRADED,10,,,169182,2026-06-29
CRD_5FFCA0AB3BF4438A8D41,SCRYDEX_JP,GRADED,9,,,52425,2026-06-29
CRD_5FFCA0AB3BF4438A8D41,SCRYDEX_JP,RAW,,7.1400,USD,10970,2026-06-29
CRD_5FFCA95807BE4F5A9443,SCRYDEX_EN,RAW,,6.3800,USD,9757,2026-06-05
CRD_5FFCA95807BE4F5A9443,SCRYDEX_JP,GRADED,10,,,74089,2026-06-29
CRD_5FFCA95807BE4F5A9443,SCRYDEX_JP,GRADED,9,,,45802,2026-06-29
CRD_5FFCA95807BE4F5A9443,SCRYDEX_JP,RAW,,7.9400,USD,12200,2026-06-29
CRD_600E014CD3CD4A00BD0B,SCRYDEX_EN,RAW,,4.0500,USD,6194,2026-06-05
CRD_600E014CD3CD4A00BD0B,SCRYDEX_JP,GRADED,10,,,36707,2026-06-29
CRD_600E014CD3CD4A00BD0B,SCRYDEX_JP,GRADED,9,,,15365,2026-06-29
CRD_600E014CD3CD4A00BD0B,SCRYDEX_JP,RAW,,2.3100,USD,3549,2026-06-29
CRD_6033B85380BA4D14AE12,SCRYDEX_EN,RAW,,41.2300,USD,63349,2026-06-29
CRD_6033B85380BA4D14AE12,SCRYDEX_JP,GRADED,10,,,186821,2026-06-29
CRD_6033B85380BA4D14AE12,SCRYDEX_JP,GRADED,9,,,44220,2026-06-29
CRD_6033B85380BA4D14AE12,SCRYDEX_JP,RAW,,19.6800,USD,30238,2026-06-29
CRD_604492DE52EA4B7F81F6,SCRYDEX_EN,RAW,,70.6700,USD,108583,2026-06-29
CRD_604492DE52EA4B7F81F6,SCRYDEX_JP,GRADED,10,,,107169,2026-06-29
CRD_604492DE52EA4B7F81F6,SCRYDEX_JP,GRADED,9,,,59032,2026-06-29
CRD_604492DE52EA4B7F81F6,SCRYDEX_JP,RAW,,29.8500,USD,45864,2026-06-29
CRD_6048FC300CB84CADAB99,SCRYDEX_EN,RAW,,19.3100,USD,29532,2026-06-05
CRD_6048FC300CB84CADAB99,SCRYDEX_JP,GRADED,10,,,915204,2026-06-29
CRD_6048FC300CB84CADAB99,SCRYDEX_JP,GRADED,9,,,570910,2026-06-29
CRD_606F71558BA8468DA1FE,SCRYDEX_EN,RAW,,3.2400,USD,4955,2026-06-05
CRD_606F71558BA8468DA1FE,SCRYDEX_JP,GRADED,10,,,38397,2026-06-29
CRD_606F71558BA8468DA1FE,SCRYDEX_JP,GRADED,9,,,6146,2026-06-29
CRD_606F71558BA8468DA1FE,SCRYDEX_JP,RAW,,1.2100,USD,1859,2026-06-29
CRD_608AF077FAB548EA89BD,SCRYDEX_EN,RAW,,0.8000,USD,1223,2026-06-05
CRD_608AF077FAB548EA89BD,SCRYDEX_JP,RAW,,0.6500,USD,999,2026-06-29
CRD_608F4EEEECE54A96A007,SCRYDEX_EN,RAW,,58.3700,USD,89684,2026-06-29
CRD_608F4EEEECE54A96A007,SCRYDEX_JP,GRADED,10,,,91221,2026-06-29
CRD_608F4EEEECE54A96A007,SCRYDEX_JP,GRADED,9,,,30253,2026-06-29
CRD_608F4EEEECE54A96A007,SCRYDEX_JP,RAW,,18.7100,USD,28748,2026-06-29
CRD_60994F0DC5F242CA928F,SCRYDEX_EN,RAW,,9.1000,USD,13917,2026-06-05
CRD_60994F0DC5F242CA928F,SCRYDEX_JP,GRADED,10,,,71738,2026-06-29
CRD_60994F0DC5F242CA928F,SCRYDEX_JP,GRADED,9,,,21280,2026-06-29
CRD_60994F0DC5F242CA928F,SCRYDEX_JP,RAW,,8.0300,USD,12338,2026-06-29
CRD_60DCE63929FF4EDD9CEA,SCRYDEX_EN,RAW,,1.6400,USD,2520,2026-06-29
CRD_60DCE63929FF4EDD9CEA,SCRYDEX_JP,GRADED,10,,,69679,2026-06-29
CRD_60DCE63929FF4EDD9CEA,SCRYDEX_JP,GRADED,9,,,38381,2026-06-29
CRD_60DCE63929FF4EDD9CEA,SCRYDEX_JP,RAW,,1.8000,USD,2766,2026-06-29
CRD_60F01E549A5F4ED5BCAB,SCRYDEX_EN,RAW,,23.9000,USD,36552,2026-06-05
CRD_60F01E549A5F4ED5BCAB,SCRYDEX_JP,GRADED,10,,,230195,2026-06-29
CRD_60F01E549A5F4ED5BCAB,SCRYDEX_JP,GRADED,9,,,112563,2026-06-29
CRD_60F01E549A5F4ED5BCAB,SCRYDEX_JP,RAW,,23.1500,USD,35570,2026-06-29
CRD_6107CE7DBE884EAE9B22,SCRYDEX_EN,RAW,,11.4800,USD,17639,2026-06-29
CRD_6107CE7DBE884EAE9B22,SCRYDEX_JP,GRADED,10,,,47247,2026-06-29
CRD_6107CE7DBE884EAE9B22,SCRYDEX_JP,GRADED,9,,,15380,2026-06-29
CRD_6107CE7DBE884EAE9B22,SCRYDEX_JP,RAW,,6.6900,USD,10279,2026-06-29
CRD_611E90329796471CB2D4,SCRYDEX_EN,RAW,,0.9200,USD,1407,2026-06-05
CRD_611E90329796471CB2D4,SCRYDEX_JP,RAW,,1.5100,USD,2320,2026-06-29
CRD_612B2096761E42C3A8A3,SCRYDEX_EN,RAW,,0.7600,USD,1169,2026-06-23
CRD_6136135AE22040079308,SCRYDEX_EN,RAW,,0.7100,USD,1086,2026-06-05
CRD_6136135AE22040079308,SCRYDEX_JP,GRADED,10,,,55682,2026-06-29
CRD_6136135AE22040079308,SCRYDEX_JP,RAW,,0.3200,USD,492,2026-06-29
CRD_6145A055ACC240FCB08D,SCRYDEX_EN,RAW,,3.7500,USD,5735,2026-06-05
CRD_6145A055ACC240FCB08D,SCRYDEX_JP,GRADED,10,,,34586,2026-06-29
CRD_6145A055ACC240FCB08D,SCRYDEX_JP,RAW,,7.1100,USD,10924,2026-06-29
CRD_614DE1758C59451FBC92,SCRYDEX_EN,RAW,,5.1400,USD,7861,2026-06-05
CRD_614DE1758C59451FBC92,SCRYDEX_JP,GRADED,10,,,50566,2026-06-29
CRD_614DE1758C59451FBC92,SCRYDEX_JP,GRADED,9,,,17670,2026-06-29
CRD_614DE1758C59451FBC92,SCRYDEX_JP,RAW,,0.3600,USD,553,2026-06-29
CRD_618582EF6E874473AD9F,SCRYDEX_EN,RAW,,22.3800,USD,34386,2026-06-29
CRD_618582EF6E874473AD9F,SCRYDEX_JP,GRADED,10,,,62888,2026-06-29
CRD_618582EF6E874473AD9F,SCRYDEX_JP,GRADED,9,,,45695,2026-06-29
CRD_618582EF6E874473AD9F,SCRYDEX_JP,RAW,,8.5000,USD,13060,2026-06-29
CRD_61DFC00AB69D4E0D953C,SCRYDEX_EN,RAW,,0.7100,USD,1091,2026-06-29
CRD_61DFC00AB69D4E0D953C,SCRYDEX_JP,GRADED,10,,,46094,2026-06-29
CRD_61DFC00AB69D4E0D953C,SCRYDEX_JP,RAW,,0.2600,USD,399,2026-06-29
CRD_61F147DE16A4427C9E3B,SCRYDEX_EN,RAW,,9.2900,USD,14274,2026-06-29
CRD_61F147DE16A4427C9E3B,SCRYDEX_JP,GRADED,10,,,40517,2026-06-29
CRD_61F147DE16A4427C9E3B,SCRYDEX_JP,RAW,,9.6400,USD,14812,2026-06-29
CRD_6208A844312F4FCEA6A1,SCRYDEX_EN,RAW,,1.9100,USD,2921,2026-06-05
CRD_6208A844312F4FCEA6A1,SCRYDEX_JP,GRADED,10,,,30822,2026-06-29
CRD_6208A844312F4FCEA6A1,SCRYDEX_JP,GRADED,9,,,22279,2026-06-29
CRD_6208A844312F4FCEA6A1,SCRYDEX_JP,RAW,,2.1200,USD,3257,2026-06-29
CRD_62132631CE684A58A336,SCRYDEX_EN,RAW,,0.7400,USD,1132,2026-06-05
CRD_62132631CE684A58A336,SCRYDEX_JP,GRADED,10,,,85121,2026-06-29
CRD_62132631CE684A58A336,SCRYDEX_JP,GRADED,9,,,24568,2026-06-29
CRD_62132631CE684A58A336,SCRYDEX_JP,RAW,,0.7700,USD,1183,2026-06-29
CRD_621EC27A4FFC46AAA5B0,SCRYDEX_EN,RAW,,9.5500,USD,14673,2026-06-29
CRD_621EC27A4FFC46AAA5B0,SCRYDEX_JP,GRADED,10,,,56973,2026-06-29
CRD_621EC27A4FFC46AAA5B0,SCRYDEX_JP,GRADED,9,,,30653,2026-06-29
CRD_621EC27A4FFC46AAA5B0,SCRYDEX_JP,RAW,,8.2800,USD,12722,2026-06-29
CRD_6233EED5112D4257876B,SCRYDEX_EN,RAW,,25.7000,USD,39488,2026-06-29
CRD_6233EED5112D4257876B,SCRYDEX_JP,GRADED,10,,,82693,2026-06-29
CRD_6233EED5112D4257876B,SCRYDEX_JP,GRADED,9,,,34648,2026-06-29
CRD_6233EED5112D4257876B,SCRYDEX_JP,RAW,,10.4300,USD,16025,2026-06-29
CRD_62382B166E0840719246,SCRYDEX_EN,RAW,,1.0100,USD,1545,2026-06-05
CRD_62382B166E0840719246,SCRYDEX_JP,GRADED,10,,,40993,2026-06-29
CRD_62382B166E0840719246,SCRYDEX_JP,GRADED,9,,,10755,2026-06-29
CRD_62382B166E0840719246,SCRYDEX_JP,RAW,,0.4100,USD,630,2026-06-29
CRD_624C4EA100C746ABB72D,SCRYDEX_JP,GRADED,10,,,57219,2026-06-29
CRD_624C4EA100C746ABB72D,SCRYDEX_JP,GRADED,9,,,13936,2026-06-29
CRD_624C4EA100C746ABB72D,SCRYDEX_JP,RAW,,0.9900,USD,1521,2026-06-29
CRD_6254B969E7A7449094FA,SCRYDEX_EN,RAW,,2.5700,USD,3930,2026-06-05
CRD_6254B969E7A7449094FA,SCRYDEX_JP,GRADED,10,,,73014,2026-06-29
CRD_6254B969E7A7449094FA,SCRYDEX_JP,GRADED,9,,,32066,2026-06-29
CRD_6254B969E7A7449094FA,SCRYDEX_JP,RAW,,12.8100,USD,19682,2026-06-29
CRD_62582500388642AD8992,SCRYDEX_EN,RAW,,9.4300,USD,14422,2026-06-05
CRD_626420F611AD49BAA98D,SCRYDEX_EN,RAW,,0.5700,USD,872,2026-06-05
CRD_626420F611AD49BAA98D,SCRYDEX_JP,GRADED,10,,,26089,2026-06-29
CRD_626420F611AD49BAA98D,SCRYDEX_JP,GRADED,9,,,12292,2026-06-29
CRD_626420F611AD49BAA98D,SCRYDEX_JP,RAW,,0.3200,USD,492,2026-06-29
CRD_627474F7EF5F4BDB9549,SCRYDEX_EN,RAW,,97.3900,USD,149638,2026-06-29
CRD_627474F7EF5F4BDB9549,SCRYDEX_JP,GRADED,10,,,151451,2026-06-29
CRD_627474F7EF5F4BDB9549,SCRYDEX_JP,GRADED,9,,,75641,2026-06-29
CRD_627474F7EF5F4BDB9549,SCRYDEX_JP,RAW,,66.7500,USD,102560,2026-06-29
CRD_6287A3AF49C442799402,SCRYDEX_EN,RAW,,2.4100,USD,3686,2026-06-05
CRD_6287A3AF49C442799402,SCRYDEX_JP,GRADED,10,,,53915,2026-06-29
CRD_6287A3AF49C442799402,SCRYDEX_JP,GRADED,9,,,23769,2026-06-29
CRD_6287A3AF49C442799402,SCRYDEX_JP,RAW,,1.9100,USD,2935,2026-06-29
CRD_62A6B9CDD727412080D2,SCRYDEX_EN,RAW,,9.9100,USD,15227,2026-06-29
CRD_62A6B9CDD727412080D2,SCRYDEX_JP,GRADED,10,,,122150,2026-06-29
CRD_62A6B9CDD727412080D2,SCRYDEX_JP,GRADED,9,,,27841,2026-06-29
CRD_62A6B9CDD727412080D2,SCRYDEX_JP,RAW,,19.6500,USD,30192,2026-06-29
CRD_62AFC6A6B1234F778316,SCRYDEX_EN,RAW,,4.1200,USD,6301,2026-06-05
CRD_62AFC6A6B1234F778316,SCRYDEX_JP,GRADED,10,,,76209,2026-06-29
CRD_62AFC6A6B1234F778316,SCRYDEX_JP,GRADED,9,,,20589,2026-06-29
CRD_62AFC6A6B1234F778316,SCRYDEX_JP,RAW,,2.5800,USD,3964,2026-06-29
CRD_62BDFC93B8524B53A057,SCRYDEX_EN,RAW,,1.8500,USD,2829,2026-06-05
CRD_62BDFC93B8524B53A057,SCRYDEX_JP,GRADED,10,,,48706,2026-06-29
CRD_62BDFC93B8524B53A057,SCRYDEX_JP,GRADED,9,,,15396,2026-06-29
CRD_62BDFC93B8524B53A057,SCRYDEX_JP,RAW,,2.0800,USD,3196,2026-06-29
CRD_62C30725144E4427BB77,SCRYDEX_EN,RAW,,0.9200,USD,1407,2026-06-05
CRD_62C30725144E4427BB77,SCRYDEX_JP,GRADED,10,,,41224,2026-06-29
CRD_62C30725144E4427BB77,SCRYDEX_JP,RAW,,0.3800,USD,584,2026-06-29
CRD_62C3A4F356F74487824A,SCRYDEX_EN,RAW,,27.4400,USD,42161,2026-06-29
CRD_62C3A4F356F74487824A,SCRYDEX_JP,GRADED,10,,,79544,2026-06-29
CRD_62C3A4F356F74487824A,SCRYDEX_JP,GRADED,9,,,34817,2026-06-29
CRD_62C3A4F356F74487824A,SCRYDEX_JP,RAW,,16.1800,USD,24860,2026-06-29
CRD_62C8546C52084CE08D66,SCRYDEX_EN,RAW,,8.1500,USD,12464,2026-06-05
CRD_62C8546C52084CE08D66,SCRYDEX_JP,GRADED,10,,,55083,2026-06-29
CRD_62C8546C52084CE08D66,SCRYDEX_JP,GRADED,9,,,26289,2026-06-29
CRD_62C8546C52084CE08D66,SCRYDEX_JP,RAW,,2.3500,USD,3611,2026-06-29
CRD_62D1A0E97E804231B0D6,SCRYDEX_EN,RAW,,36.3700,USD,55882,2026-06-29
CRD_62D1A0E97E804231B0D6,SCRYDEX_JP,GRADED,10,,,110580,2026-06-29
CRD_62D1A0E97E804231B0D6,SCRYDEX_JP,GRADED,9,,,31191,2026-06-29
CRD_62D1A0E97E804231B0D6,SCRYDEX_JP,RAW,,19.0000,USD,29193,2026-06-29
CRD_62F7E63236364CB1A703,SCRYDEX_EN,RAW,,30.8700,USD,47431,2026-06-29
CRD_62F7E63236364CB1A703,SCRYDEX_JP,GRADED,10,,,130063,2026-06-29
CRD_62F7E63236364CB1A703,SCRYDEX_JP,GRADED,9,,,44558,2026-06-29
CRD_62F7E63236364CB1A703,SCRYDEX_JP,RAW,,38.6000,USD,59308,2026-06-29
CRD_63013DACF91C4789A924,SCRYDEX_EN,RAW,,10.8100,USD,16609,2026-06-29
CRD_63013DACF91C4789A924,SCRYDEX_JP,GRADED,10,,,46002,2026-06-29
CRD_63013DACF91C4789A924,SCRYDEX_JP,GRADED,9,,,27595,2026-06-29
CRD_63013DACF91C4789A924,SCRYDEX_JP,RAW,,14.3700,USD,22079,2026-06-29
CRD_630A12E88A2C405CB9F3,SCRYDEX_EN,RAW,,39.2300,USD,60276,2026-06-29
CRD_630A12E88A2C405CB9F3,SCRYDEX_JP,GRADED,10,,,197868,2026-06-29
CRD_630A12E88A2C405CB9F3,SCRYDEX_JP,GRADED,9,,,68850,2026-06-29
CRD_630A12E88A2C405CB9F3,SCRYDEX_JP,RAW,,44.7000,USD,68681,2026-06-29
CRD_63141A82DE9B4DB48A54,SCRYDEX_EN,RAW,,2.6900,USD,4114,2026-06-05
CRD_63141A82DE9B4DB48A54,SCRYDEX_JP,GRADED,10,,,58064,2026-06-29
CRD_63141A82DE9B4DB48A54,SCRYDEX_JP,GRADED,9,,,21127,2026-06-29
CRD_63141A82DE9B4DB48A54,SCRYDEX_JP,RAW,,1.6100,USD,2474,2026-06-29
CRD_631AD80FA334FB95F195,SCRYDEX_JP,GRADED,10,,,143692,2026-06-29
CRD_631AD80FA334FB95F195,SCRYDEX_JP,GRADED,9,,,35093,2026-06-29
CRD_631AD80FA334FB95F195,SCRYDEX_JP,RAW,,13.5000,USD,20742,2026-06-29
CRD_634203B063A54BAD8C11,SCRYDEX_EN,RAW,,69.9900,USD,107041,2026-06-05
CRD_634203B063A54BAD8C11,SCRYDEX_JP,GRADED,10,,,419889,2026-06-29
CRD_634203B063A54BAD8C11,SCRYDEX_JP,GRADED,9,,,110580,2026-06-29
CRD_634203B063A54BAD8C11,SCRYDEX_JP,RAW,,26.5000,USD,40717,2026-06-29
CRD_63550D89E20048CA8259,SCRYDEX_EN,RAW,,8.6500,USD,13291,2026-06-29
CRD_63550D89E20048CA8259,SCRYDEX_JP,GRADED,10,,,104573,2026-06-29
CRD_63550D89E20048CA8259,SCRYDEX_JP,GRADED,9,,,24153,2026-06-29
CRD_63550D89E20048CA8259,SCRYDEX_JP,RAW,,2.1200,USD,3257,2026-06-29
CRD_635F799A0D2C4619893C,SCRYDEX_EN,RAW,,4.1000,USD,6270,2026-06-05
CRD_635F799A0D2C4619893C,SCRYDEX_JP,GRADED,10,,,50274,2026-06-29
CRD_635F799A0D2C4619893C,SCRYDEX_JP,RAW,,4.5500,USD,6991,2026-06-29
CRD_6372ABB03C6D49E1B035,SCRYDEX_EN,RAW,,11.9300,USD,18330,2026-06-29
CRD_6393EBE4F2594F90B558,SCRYDEX_EN,RAW,,23.2200,USD,35512,2026-06-05
CRD_6393EBE4F2594F90B558,SCRYDEX_JP,GRADED,10,,,480334,2026-06-29
CRD_6393EBE4F2594F90B558,SCRYDEX_JP,GRADED,9,,,53792,2026-06-29
CRD_6393EBE4F2594F90B558,SCRYDEX_JP,RAW,,171000.0000,KRW,171000,2026-06-29
CRD_6396E1AD59084F64A801,SCRYDEX_EN,RAW,,12.0700,USD,18545,2026-06-29
CRD_6396E1AD59084F64A801,SCRYDEX_JP,GRADED,10,,,55774,2026-06-29
CRD_6396E1AD59084F64A801,SCRYDEX_JP,GRADED,9,,,30730,2026-06-29
CRD_6396E1AD59084F64A801,SCRYDEX_JP,RAW,,9.5400,USD,14658,2026-06-29
CRD_6399B03EC1A54922BB8C,SCRYDEX_EN,RAW,,3.2400,USD,4955,2026-06-05
CRD_6399B03EC1A54922BB8C,SCRYDEX_JP,GRADED,10,,,19022,2026-06-29
CRD_6399B03EC1A54922BB8C,SCRYDEX_JP,GRADED,9,,,7667,2026-06-29
CRD_6399B03EC1A54922BB8C,SCRYDEX_JP,RAW,,0.9000,USD,1383,2026-06-29
CRD_63B80E0E81474366B192,SCRYDEX_EN,RAW,,24.6800,USD,37920,2026-06-29
CRD_63B80E0E81474366B192,SCRYDEX_JP,GRADED,10,,,66361,2026-06-29
CRD_63B80E0E81474366B192,SCRYDEX_JP,GRADED,9,,,26904,2026-06-29
CRD_63B80E0E81474366B192,SCRYDEX_JP,RAW,,13.0300,USD,20020,2026-06-29
CRD_63C1890645A14E069576,SCRYDEX_EN,RAW,,9.6100,USD,14697,2026-06-05
CRD_63C1890645A14E069576,SCRYDEX_JP,GRADED,10,,,16901,2026-06-29
CRD_63C1890645A14E069576,SCRYDEX_JP,RAW,,17.1400,USD,26335,2026-06-29
CRD_63C895F49C5A421D9548,SCRYDEX_EN,RAW,,14.2500,USD,21621,2026-06-14
CRD_63C895F49C5A421D9548,SCRYDEX_JP,GRADED,10,,,139989,2026-06-29
CRD_63C895F49C5A421D9548,SCRYDEX_JP,GRADED,9,,,53915,2026-06-29
CRD_63C895F49C5A421D9548,SCRYDEX_JP,RAW,,6.3300,USD,9726,2026-06-29
CRD_63CF750F292B420E9045,SCRYDEX_EN,RAW,,61.8300,USD,95001,2026-06-29
CRD_63CF750F292B420E9045,SCRYDEX_JP,GRADED,10,,,161607,2026-06-29
CRD_63CF750F292B420E9045,SCRYDEX_JP,GRADED,9,,,23047,2026-06-29
CRD_63CF750F292B420E9045,SCRYDEX_JP,RAW,,46.8700,USD,72015,2026-06-29
CRD_63D4879876974E509121,SCRYDEX_EN,RAW,,0.9100,USD,1392,2026-06-05
CRD_63D4879876974E509121,SCRYDEX_JP,GRADED,10,,,42100,2026-06-29
CRD_63D4879876974E509121,SCRYDEX_JP,RAW,,0.3300,USD,507,2026-06-29
CRD_63E87C95C4734C3FB480,SCRYDEX_EN,RAW,,3.7700,USD,5793,2026-06-29
CRD_63E87C95C4734C3FB480,SCRYDEX_JP,GRADED,10,,,33065,2026-06-29
CRD_63E87C95C4734C3FB480,SCRYDEX_JP,GRADED,9,,,30253,2026-06-29
CRD_63E87C95C4734C3FB480,SCRYDEX_JP,RAW,,1.1900,USD,1828,2026-06-29
CRD_63EFA1E2D426449697C7,SCRYDEX_EN,RAW,,12.1100,USD,18607,2026-06-29
CRD_63EFA1E2D426449697C7,SCRYDEX_JP,GRADED,10,,,50596,2026-06-29
CRD_63EFA1E2D426449697C7,SCRYDEX_JP,RAW,,4.4900,USD,6899,2026-06-29
CRD_63F5B0FD4B07476CB192,SCRYDEX_EN,RAW,,2.8700,USD,4389,2026-06-05
CRD_63F5B0FD4B07476CB192,SCRYDEX_JP,GRADED,10,,,56573,2026-06-29
CRD_63F5B0FD4B07476CB192,SCRYDEX_JP,RAW,,2.2000,USD,3380,2026-06-29
CRD_640E8984CA144951984C,SCRYDEX_EN,RAW,,10.2600,USD,15764,2026-06-29
CRD_640E8984CA144951984C,SCRYDEX_JP,GRADED,10,,,184362,2026-06-29
CRD_640E8984CA144951984C,SCRYDEX_JP,GRADED,9,,,16901,2026-06-29
CRD_640E8984CA144951984C,SCRYDEX_JP,RAW,,22.9500,USD,35262,2026-06-29
CRD_640F3D6A0BD2463986B1,SCRYDEX_EN,RAW,,0.6400,USD,979,2026-06-05
CRD_640F3D6A0BD2463986B1,SCRYDEX_JP,GRADED,10,,,30376,2026-06-29
CRD_640F3D6A0BD2463986B1,SCRYDEX_JP,GRADED,9,,,23047,2026-06-29
CRD_640F3D6A0BD2463986B1,SCRYDEX_JP,RAW,,0.3400,USD,522,2026-06-29
CRD_64121CF918D94791A1DD,SCRYDEX_EN,RAW,,2.3400,USD,3579,2026-06-05
CRD_64121CF918D94791A1DD,SCRYDEX_JP,GRADED,10,,,78437,2026-06-29
CRD_64121CF918D94791A1DD,SCRYDEX_JP,GRADED,9,,,17670,2026-06-29
CRD_64121CF918D94791A1DD,SCRYDEX_JP,RAW,,2.2600,USD,3472,2026-06-29
CRD_6412506A2B9B42B895C2,SCRYDEX_EN,RAW,,10.1500,USD,15595,2026-06-29
CRD_6412506A2B9B42B895C2,SCRYDEX_JP,GRADED,10,,,245207,2026-06-29
CRD_6412506A2B9B42B895C2,SCRYDEX_JP,GRADED,9,,,56174,2026-06-29
CRD_6412506A2B9B42B895C2,SCRYDEX_JP,RAW,,24.0000,USD,36876,2026-06-29
CRD_641A3A941D1A424C84B3,SCRYDEX_EN,RAW,,30.2500,USD,46479,2026-06-29
CRD_641A3A941D1A424C84B3,SCRYDEX_JP,GRADED,10,,,58294,2026-06-29
CRD_641A3A941D1A424C84B3,SCRYDEX_JP,RAW,,5.5200,USD,8481,2026-06-29
CRD_6424F4FA8DB0409195E6,SCRYDEX_EN,RAW,,7.7700,USD,11883,2026-06-05
CRD_6424F4FA8DB0409195E6,SCRYDEX_JP,GRADED,10,,,75964,2026-06-29
CRD_6424F4FA8DB0409195E6,SCRYDEX_JP,GRADED,9,,,35308,2026-06-29
CRD_6424F4FA8DB0409195E6,SCRYDEX_JP,RAW,,4.0900,USD,6284,2026-06-29
CRD_642D216663B14FD592ED,SCRYDEX_EN,RAW,,0.7300,USD,1116,2026-06-05
CRD_642D216663B14FD592ED,SCRYDEX_JP,GRADED,10,,,38811,2026-06-29
CRD_642D216663B14FD592ED,SCRYDEX_JP,GRADED,9,,,33495,2026-06-29
CRD_642D216663B14FD592ED,SCRYDEX_JP,RAW,,0.3900,USD,599,2026-06-29
CRD_6434F1BE098C4F98B481,SCRYDEX_EN,RAW,,21.0300,USD,32312,2026-06-29
CRD_6434F1BE098C4F98B481,SCRYDEX_JP,GRADED,10,,,72937,2026-06-29
CRD_6434F1BE098C4F98B481,SCRYDEX_JP,GRADED,9,,,18638,2026-06-29
CRD_6434F1BE098C4F98B481,SCRYDEX_JP,RAW,,17.2600,USD,26520,2026-06-29
CRD_644AB314E2154B318313,SCRYDEX_EN,RAW,,596.6500,USD,916741,2026-06-29
CRD_644AB314E2154B318313,SCRYDEX_JP,GRADED,10,,,3790127,2026-06-29
CRD_644AB314E2154B318313,SCRYDEX_JP,GRADED,9,,,618141,2026-06-29
CRD_644AB314E2154B318313,SCRYDEX_JP,RAW,,80.0000,USD,122918,2026-06-29
CRD_644D9605B98343E2BD97,SCRYDEX_EN,RAW,,96.5700,USD,148378,2026-06-29
CRD_644D9605B98343E2BD97,SCRYDEX_JP,GRADED,10,,,196838,2026-06-29
CRD_644D9605B98343E2BD97,SCRYDEX_JP,GRADED,9,,,66683,2026-06-29
CRD_644D9605B98343E2BD97,SCRYDEX_JP,RAW,,20.5600,USD,31590,2026-06-29
CRD_646451564B014C19BB2E,SCRYDEX_EN,RAW,,403.0400,USD,616397,2026-06-05
CRD_646451564B014C19BB2E,SCRYDEX_JP,GRADED,10,,,14374062,2026-06-29
CRD_646451564B014C19BB2E,SCRYDEX_JP,GRADED,9,,,3062666,2026-06-29
CRD_646451564B014C19BB2E,SCRYDEX_JP,RAW,,1500.0000,USD,2304720,2026-06-29
CRD_646D4781521444DCA2AF,SCRYDEX_EN,RAW,,22.6700,USD,34832,2026-06-29
CRD_646D4781521444DCA2AF,SCRYDEX_JP,GRADED,10,,,138990,2026-06-29
CRD_646D4781521444DCA2AF,SCRYDEX_JP,GRADED,9,,,47631,2026-06-29
CRD_646D4781521444DCA2AF,SCRYDEX_JP,RAW,,21.2000,USD,32573,2026-06-29
CRD_64904033464E4C1DA53B,SCRYDEX_EN,RAW,,1.0800,USD,1652,2026-06-05
CRD_64904033464E4C1DA53B,SCRYDEX_JP,GRADED,10,,,40317,2026-06-29
CRD_64904033464E4C1DA53B,SCRYDEX_JP,GRADED,9,,,20881,2026-06-29
CRD_64904033464E4C1DA53B,SCRYDEX_JP,RAW,,0.8000,USD,1229,2026-06-29
CRD_649DBF44700540B8A098,SCRYDEX_EN,RAW,,1.4000,USD,2141,2026-06-05
CRD_649DBF44700540B8A098,SCRYDEX_JP,GRADED,10,,,44082,2026-06-29
CRD_649DBF44700540B8A098,SCRYDEX_JP,GRADED,9,,,15165,2026-06-29
CRD_649DBF44700540B8A098,SCRYDEX_JP,RAW,,1.3800,USD,2120,2026-06-29
CRD_64A023A4F1074382A6F7,SCRYDEX_EN,RAW,,14.9100,USD,22909,2026-06-29
CRD_64A023A4F1074382A6F7,SCRYDEX_JP,GRADED,10,,,274892,2026-06-29
CRD_64A023A4F1074382A6F7,SCRYDEX_JP,RAW,,13.2900,USD,20420,2026-06-29
CRD_64AC0547355944F0835D,SCRYDEX_EN,RAW,,76.7700,USD,117956,2026-06-29
CRD_64AC0547355944F0835D,SCRYDEX_JP,GRADED,10,,,407920,2026-06-29
CRD_64AC0547355944F0835D,SCRYDEX_JP,GRADED,9,,,125776,2026-06-29
CRD_64AC0547355944F0835D,SCRYDEX_JP,RAW,,71.8300,USD,110365,2026-06-29
CRD_64AF5808BBFB437AAAD3,SCRYDEX_EN,RAW,,268.8300,USD,413052,2026-06-29
CRD_64AF5808BBFB437AAAD3,SCRYDEX_JP,GRADED,10,,,3361680,2026-06-29
CRD_64AF5808BBFB437AAAD3,SCRYDEX_JP,GRADED,9,,,420289,2026-06-29
CRD_64AF5808BBFB437AAAD3,SCRYDEX_JP,RAW,,275.0000,USD,422532,2026-06-29
CRD_64C02283DD0E49BEA124,SCRYDEX_EN,RAW,,5.8500,USD,8947,2026-06-05
CRD_64D59B5F08A74343BAD0,SCRYDEX_EN,RAW,,2.4900,USD,3808,2026-06-05
CRD_64D59B5F08A74343BAD0,SCRYDEX_JP,GRADED,10,,,53316,2026-06-29
CRD_64D59B5F08A74343BAD0,SCRYDEX_JP,RAW,,1.7700,USD,2720,2026-06-29
CRD_64E058D69CF943F5B6C0,SCRYDEX_EN,RAW,,39.1800,USD,60199,2026-06-29
CRD_64E058D69CF943F5B6C0,SCRYDEX_JP,GRADED,10,,,51641,2026-06-29
CRD_64E058D69CF943F5B6C0,SCRYDEX_JP,GRADED,9,,,19990,2026-06-29
CRD_64E058D69CF943F5B6C0,SCRYDEX_JP,RAW,,4.9700,USD,7636,2026-06-29
CRD_64EA988E405547A794C3,SCRYDEX_JP,GRADED,10,,,62550,2026-06-29
CRD_64EA988E405547A794C3,SCRYDEX_JP,RAW,,5.1400,USD,7898,2026-06-29
CRD_64EEDFC9E563497FA922,SCRYDEX_EN,RAW,,158.0000,USD,242764,2026-06-29
CRD_64EEDFC9E563497FA922,SCRYDEX_JP,GRADED,10,,,2102089,2026-06-29
CRD_64EEDFC9E563497FA922,SCRYDEX_JP,GRADED,9,,,779979,2026-06-29
CRD_64EEDFC9E563497FA922,SCRYDEX_JP,RAW,,1615000.0000,KRW,1615000,2026-06-29
CRD_656BC340421641E5A050,SCRYDEX_EN,RAW,,27.4300,USD,42340,2026-06-26
CRD_656BC340421641E5A050,SCRYDEX_JP,GRADED,10,,,85351,2026-06-29
CRD_656BC340421641E5A050,SCRYDEX_JP,RAW,,20.4200,USD,31375,2026-06-29
CRD_6586202DC9F2442E92B7,SCRYDEX_EN,RAW,,3.5200,USD,5408,2026-06-29
CRD_6586202DC9F2442E92B7,SCRYDEX_JP,GRADED,10,,,47923,2026-06-29
CRD_6586202DC9F2442E92B7,SCRYDEX_JP,RAW,,2.6800,USD,4118,2026-06-29
CRD_65B86BDD091845B6B9B3,SCRYDEX_EN,RAW,,6.9100,USD,10568,2026-06-05
CRD_65B86BDD091845B6B9B3,SCRYDEX_JP,GRADED,10,,,88870,2026-06-29
CRD_65B86BDD091845B6B9B3,SCRYDEX_JP,GRADED,9,,,12476,2026-06-29
CRD_65B86BDD091845B6B9B3,SCRYDEX_JP,RAW,,47500.0000,KRW,47500,2026-06-29
CRD_65DE95DF80D94E05A42A,SCRYDEX_EN,RAW,,6.7200,USD,10277,2026-06-05
CRD_65DE95DF80D94E05A42A,SCRYDEX_JP,GRADED,10,,,50274,2026-06-29
CRD_65DE95DF80D94E05A42A,SCRYDEX_JP,GRADED,9,,,35339,2026-06-29
CRD_65DE95DF80D94E05A42A,SCRYDEX_JP,RAW,,7.2500,USD,11139,2026-06-29
CRD_6601BE7A1DE143349FA6,SCRYDEX_EN,RAW,,0.8700,USD,1331,2026-06-05
CRD_6601BE7A1DE143349FA6,SCRYDEX_JP,GRADED,10,,,47047,2026-06-29
CRD_6601BE7A1DE143349FA6,SCRYDEX_JP,GRADED,9,,,10755,2026-06-29
CRD_6601BE7A1DE143349FA6,SCRYDEX_JP,RAW,,0.5700,USD,876,2026-06-29
CRD_6607B77324F0417E8647,SCRYDEX_EN,RAW,,6.0600,USD,9274,2026-06-19
CRD_6607B77324F0417E8647,SCRYDEX_JP,GRADED,10,,,64194,2026-06-29
CRD_6607B77324F0417E8647,SCRYDEX_JP,GRADED,9,,,6253,2026-06-29
CRD_6607B77324F0417E8647,SCRYDEX_JP,RAW,,2.7200,USD,4179,2026-06-29
CRD_66116DF43BE7463F97E7,SCRYDEX_EN,RAW,,6.1700,USD,9436,2026-06-05
CRD_66116DF43BE7463F97E7,SCRYDEX_JP,GRADED,10,,,78360,2026-06-29
CRD_66116DF43BE7463F97E7,SCRYDEX_JP,GRADED,9,,,19375,2026-06-29
CRD_66116DF43BE7463F97E7,SCRYDEX_JP,RAW,,6.4300,USD,9880,2026-06-29
CRD_6622C5C878F244828DA2,SCRYDEX_EN,RAW,,33.6500,USD,51703,2026-06-29
CRD_6622C5C878F244828DA2,SCRYDEX_JP,GRADED,10,,,74903,2026-06-29
CRD_6622C5C878F244828DA2,SCRYDEX_JP,GRADED,9,,,19175,2026-06-29
CRD_6622C5C878F244828DA2,SCRYDEX_JP,RAW,,6.0800,USD,9342,2026-06-29
CRD_663C98F6109848CD9597,SCRYDEX_EN,RAW,,33.3700,USD,51035,2026-06-05
CRD_6657C5F9E27145AA9961,SCRYDEX_EN,RAW,,75.0200,USD,114733,2026-06-05
CRD_6657C5F9E27145AA9961,SCRYDEX_JP,GRADED,10,,,157904,2026-06-28
CRD_6657C5F9E27145AA9961,SCRYDEX_JP,GRADED,9,,,84737,2026-06-28
CRD_6657C5F9E27145AA9961,SCRYDEX_JP,RAW,,38.0800,USD,58509,2026-06-28
CRD_667E09D4457B4159ACB6,SCRYDEX_EN,RAW,,2.3500,USD,3594,2026-06-05
CRD_667E09D4457B4159ACB6,SCRYDEX_JP,GRADED,10,,,51303,2026-06-29
CRD_667E09D4457B4159ACB6,SCRYDEX_JP,GRADED,9,,,31175,2026-06-29
CRD_667E09D4457B4159ACB6,SCRYDEX_JP,RAW,,1.6900,USD,2597,2026-06-29
CRD_6692FF0A37A7473AAF6B,SCRYDEX_EN,RAW,,9.3600,USD,14312,2026-06-09
CRD_6692FF0A37A7473AAF6B,SCRYDEX_JP,GRADED,10,,,129756,2026-06-29
CRD_6692FF0A37A7473AAF6B,SCRYDEX_JP,GRADED,9,,,33541,2026-06-29
CRD_6692FF0A37A7473AAF6B,SCRYDEX_JP,RAW,,2.5100,USD,3857,2026-06-29
CRD_66939CDD71824EF5877F,SCRYDEX_EN,RAW,,43.4000,USD,66683,2026-06-29
CRD_66939CDD71824EF5877F,SCRYDEX_JP,GRADED,10,,,2023974,2026-06-29
CRD_66939CDD71824EF5877F,SCRYDEX_JP,GRADED,9,,,762294,2026-06-29
CRD_66939CDD71824EF5877F,SCRYDEX_JP,RAW,,1615000.0000,KRW,1615000,2026-06-29
CRD_66963C0675B84ECAA1FA,SCRYDEX_EN,RAW,,2.1400,USD,3273,2026-06-05
CRD_66963C0675B84ECAA1FA,SCRYDEX_JP,GRADED,10,,,31851,2026-06-29
CRD_66963C0675B84ECAA1FA,SCRYDEX_JP,GRADED,9,,,9219,2026-06-29
CRD_66963C0675B84ECAA1FA,SCRYDEX_JP,RAW,,1.2100,USD,1859,2026-06-29
CRD_669F982DB44549EFB5E2,SCRYDEX_EN,RAW,,36.3700,USD,55882,2026-06-29
CRD_669F982DB44549EFB5E2,SCRYDEX_JP,GRADED,10,,,452063,2026-06-29
CRD_669F982DB44549EFB5E2,SCRYDEX_JP,GRADED,9,,,215107,2026-06-29
CRD_669F982DB44549EFB5E2,SCRYDEX_JP,RAW,,35.0000,USD,53777,2026-06-29
CRD_66AB3EEC58944846BD32,SCRYDEX_EN,RAW,,7.2300,USD,11057,2026-06-05
CRD_66AB3EEC58944846BD32,SCRYDEX_JP,GRADED,10,,,31559,2026-06-29
CRD_66AB3EEC58944846BD32,SCRYDEX_JP,GRADED,9,,,15319,2026-06-29
CRD_66AB3EEC58944846BD32,SCRYDEX_JP,RAW,,4.8900,USD,7513,2026-06-29
CRD_66B86CAACE834BA39882,SCRYDEX_EN,RAW,,1.0700,USD,1636,2026-06-05
CRD_66E574AC0049442F9B22,SCRYDEX_EN,RAW,,34.6600,USD,53008,2026-06-05
CRD_66E574AC0049442F9B22,SCRYDEX_JP,GRADED,10,,,365068,2026-06-29
CRD_66E574AC0049442F9B22,SCRYDEX_JP,RAW,,35.0000,USD,53777,2026-06-29
CRD_66EF57E1FAC943AEA97D,SCRYDEX_EN,RAW,,11.1300,USD,17022,2026-06-05
CRD_66EF57E1FAC943AEA97D,SCRYDEX_JP,GRADED,10,,,54207,2026-06-29
CRD_66EF57E1FAC943AEA97D,SCRYDEX_JP,GRADED,9,,,18038,2026-06-29
CRD_66EF57E1FAC943AEA97D,SCRYDEX_JP,RAW,,3.3900,USD,5209,2026-06-29
CRD_66F3A5A65EF7499288F2,SCRYDEX_EN,RAW,,3.2500,USD,4970,2026-06-05
CRD_66F3A5A65EF7499288F2,SCRYDEX_JP,GRADED,10,,,35339,2026-06-29
CRD_66F3A5A65EF7499288F2,SCRYDEX_JP,RAW,,3.7300,USD,5731,2026-06-29
CRD_672B4D1A3B27458F9805,SCRYDEX_EN,RAW,,87.7800,USD,134872,2026-06-29
CRD_672B4D1A3B27458F9805,SCRYDEX_JP,GRADED,10,,,399992,2026-06-29
CRD_672B4D1A3B27458F9805,SCRYDEX_JP,GRADED,9,,,191799,2026-06-29
CRD_672B4D1A3B27458F9805,SCRYDEX_JP,RAW,,182.7100,USD,280730,2026-06-29
CRD_67397D46BAC44F998127,SCRYDEX_EN,RAW,,11.3400,USD,17343,2026-06-05
CRD_67397D46BAC44F998127,SCRYDEX_JP,GRADED,10,,,399715,2026-06-29
CRD_67397D46BAC44F998127,SCRYDEX_JP,GRADED,9,,,55267,2026-06-29
CRD_67397D46BAC44F998127,SCRYDEX_JP,RAW,,237500.0000,KRW,237500,2026-06-29
CRD_67500D676E7A49D1928A,SCRYDEX_EN,RAW,,2.2800,USD,3487,2026-06-05
CRD_67500D676E7A49D1928A,SCRYDEX_JP,GRADED,10,,,77577,2026-06-29
CRD_67500D676E7A49D1928A,SCRYDEX_JP,GRADED,9,,,11416,2026-06-29
CRD_67500D676E7A49D1928A,SCRYDEX_JP,RAW,,4.0900,USD,6284,2026-06-29
CRD_6758A956D73C4F90BE9F,SCRYDEX_EN,RAW,,65.7400,USD,101008,2026-06-29
CRD_6758A956D73C4F90BE9F,SCRYDEX_JP,GRADED,10,,,137699,2026-06-29
CRD_6758A956D73C4F90BE9F,SCRYDEX_JP,RAW,,8.3400,USD,12814,2026-06-29
CRD_678293733C984C86A7F2,SCRYDEX_EN,RAW,,1.6500,USD,2523,2026-06-05
CRD_678293733C984C86A7F2,SCRYDEX_JP,GRADED,10,,,21311,2026-06-29
CRD_678293733C984C86A7F2,SCRYDEX_JP,GRADED,9,,,10817,2026-06-29
CRD_678293733C984C86A7F2,SCRYDEX_JP,RAW,,2.6000,USD,3995,2026-06-29
CRD_67A190424D479A4DA947,SCRYDEX_JP,GRADED,10,,,51503,2026-06-29
CRD_67A190424D479A4DA947,SCRYDEX_JP,GRADED,9,,,14950,2026-06-29
CRD_67A190424D479A4DA947,SCRYDEX_JP,RAW,,2.4200,USD,3718,2026-06-29
CRD_67AC53C3B7C24162A902,SCRYDEX_EN,RAW,,4.0400,USD,6179,2026-06-05
CRD_67AC53C3B7C24162A902,SCRYDEX_JP,GRADED,10,,,39948,2026-06-29
CRD_67AC53C3B7C24162A902,SCRYDEX_JP,RAW,,2.3100,USD,3549,2026-06-29
CRD_67BA3BC34CA2443FAB1C,SCRYDEX_EN,RAW,,17.9000,USD,27376,2026-06-05
CRD_67BA3BC34CA2443FAB1C,SCRYDEX_JP,GRADED,10,,,495561,2026-06-29
CRD_67BA3BC34CA2443FAB1C,SCRYDEX_JP,GRADED,9,,,86611,2026-06-29
CRD_67BA3BC34CA2443FAB1C,SCRYDEX_JP,RAW,,68.8100,USD,105725,2026-06-29
CRD_67CFE01AE03E495B9FB2,SCRYDEX_JP,GRADED,10,,,1860723,2026-06-29
CRD_67CFE01AE03E495B9FB2,SCRYDEX_JP,GRADED,9,,,816808,2026-06-29
CRD_67CFE01AE03E495B9FB2,SCRYDEX_JP,RAW,,462.6200,USD,710806,2026-06-29
CRD_67DCCA6B98564C55A6CD,SCRYDEX_EN,RAW,,99.9800,USD,153617,2026-06-29
CRD_67DCCA6B98564C55A6CD,SCRYDEX_JP,GRADED,10,,,99733,2026-06-29
CRD_67DCCA6B98564C55A6CD,SCRYDEX_JP,GRADED,9,,,65131,2026-06-29
CRD_67DCCA6B98564C55A6CD,SCRYDEX_JP,RAW,,22.7400,USD,34940,2026-06-29
CRD_67EB5EB9C55848ECA538,SCRYDEX_EN,RAW,,3.9700,USD,6072,2026-06-05
CRD_67F29079C11444D7B0CA,SCRYDEX_EN,RAW,,0.8000,USD,1223,2026-06-05
CRD_67F29079C11444D7B0CA,SCRYDEX_JP,GRADED,10,,,34771,2026-06-29
CRD_67F29079C11444D7B0CA,SCRYDEX_JP,GRADED,9,,,14766,2026-06-29
CRD_67F29079C11444D7B0CA,SCRYDEX_JP,RAW,,0.2500,USD,384,2026-06-29
CRD_683F3F874CB848EF94C4,SCRYDEX_EN,RAW,,0.7600,USD,1162,2026-06-05
CRD_683F3F874CB848EF94C4,SCRYDEX_JP,GRADED,10,,,18438,2026-06-29
CRD_683F3F874CB848EF94C4,SCRYDEX_JP,GRADED,9,,,15349,2026-06-29
CRD_683F3F874CB848EF94C4,SCRYDEX_JP,RAW,,0.2300,USD,353,2026-06-29
CRD_6844172254A344548A6C,SCRYDEX_EN,RAW,,39.9300,USD,61068,2026-06-05
CRD_6844172254A344548A6C,SCRYDEX_JP,GRADED,10,,,1536480,2026-06-29
CRD_6844172254A344548A6C,SCRYDEX_JP,GRADED,9,,,346476,2026-06-29
CRD_6844172254A344548A6C,SCRYDEX_JP,RAW,,1140000.0000,KRW,1140000,2026-06-29
CRD_684A3F96ECB64020B759,SCRYDEX_EN,RAW,,1.6900,USD,2585,2026-06-05
CRD_684A3F96ECB64020B759,SCRYDEX_JP,GRADED,10,,,30668,2026-06-29
CRD_684A3F96ECB64020B759,SCRYDEX_JP,RAW,,1.1800,USD,1813,2026-06-29
CRD_685FD3A30CD4473393DD,SCRYDEX_EN,RAW,,5.4400,USD,8320,2026-06-05
CRD_685FD3A30CD4473393DD,SCRYDEX_JP,GRADED,10,,,25874,2026-06-29
CRD_685FD3A30CD4473393DD,SCRYDEX_JP,GRADED,9,,,45971,2026-06-29
CRD_685FD3A30CD4473393DD,SCRYDEX_JP,RAW,,4.0200,USD,6177,2026-06-29
CRD_6867ED7294D14913A168,SCRYDEX_EN,RAW,,110.5900,USD,169919,2026-06-29
CRD_6867ED7294D14913A168,SCRYDEX_JP,GRADED,10,,,606956,2026-06-29
CRD_6867ED7294D14913A168,SCRYDEX_JP,RAW,,60.0000,USD,92189,2026-06-29
CRD_68701C3E4E4942B29F01,SCRYDEX_EN,RAW,,1.4700,USD,2248,2026-06-05
CRD_68701C3E4E4942B29F01,SCRYDEX_JP,GRADED,10,,,36891,2026-06-29
CRD_68701C3E4E4942B29F01,SCRYDEX_JP,RAW,,1.3500,USD,2074,2026-06-29
CRD_68750CA7D67B49579E22,SCRYDEX_EN,RAW,,2.2700,USD,3472,2026-06-05
CRD_68750CA7D67B49579E22,SCRYDEX_JP,GRADED,10,,,60645,2026-06-29
CRD_68750CA7D67B49579E22,SCRYDEX_JP,RAW,,2.0300,USD,3119,2026-06-29
CRD_6879A3B2FF474EFAABAA,SCRYDEX_EN,RAW,,1.0600,USD,1621,2026-06-05
CRD_6879A3B2FF474EFAABAA,SCRYDEX_JP,GRADED,10,,,41546,2026-06-29
CRD_6879A3B2FF474EFAABAA,SCRYDEX_JP,GRADED,9,,,38412,2026-06-29
CRD_6879A3B2FF474EFAABAA,SCRYDEX_JP,RAW,,0.6900,USD,1060,2026-06-29
CRD_68A361083D184172982D,SCRYDEX_EN,RAW,,70.7800,USD,108752,2026-06-29
CRD_68A361083D184172982D,SCRYDEX_JP,GRADED,10,,,215614,2026-06-29
CRD_68A361083D184172982D,SCRYDEX_JP,GRADED,9,,,44619,2026-06-29
CRD_68A361083D184172982D,SCRYDEX_JP,RAW,,15.3400,USD,23570,2026-06-29
CRD_68ACF9F3119E4D75BABA,SCRYDEX_EN,RAW,,0.8800,USD,1352,2026-06-29
CRD_68ACF9F3119E4D75BABA,SCRYDEX_JP,GRADED,10,,,48276,2026-06-29
CRD_68ACF9F3119E4D75BABA,SCRYDEX_JP,RAW,,0.3000,USD,461,2026-06-29
CRD_68AFBE59B0D944A69E33,SCRYDEX_EN,RAW,,22.6400,USD,34786,2026-06-29
CRD_68AFBE59B0D944A69E33,SCRYDEX_JP,GRADED,10,,,85121,2026-06-29
CRD_68AFBE59B0D944A69E33,SCRYDEX_JP,GRADED,9,,,31421,2026-06-29
CRD_68AFBE59B0D944A69E33,SCRYDEX_JP,RAW,,13.9500,USD,21434,2026-06-29
CRD_68C455E4A71E4DBA86E7,SCRYDEX_EN,RAW,,12.6700,USD,19467,2026-06-29
CRD_68DB6AC7C4BB4ACD92ED,SCRYDEX_EN,RAW,,22.9100,USD,35201,2026-06-29
CRD_68DB6AC7C4BB4ACD92ED,SCRYDEX_JP,GRADED,10,,,113054,2026-06-29
CRD_68DB6AC7C4BB4ACD92ED,SCRYDEX_JP,GRADED,9,,,47554,2026-06-29
CRD_68DB6AC7C4BB4ACD92ED,SCRYDEX_JP,RAW,,15.4600,USD,23754,2026-06-29
CRD_68E850BB1B68A2B8E14D,SCRYDEX_JP,RAW,,12.9500,USD,19897,2026-06-29
CRD_68FF087ED5984A63BAE9,SCRYDEX_EN,RAW,,31.1500,USD,47861,2026-06-29
CRD_68FF087ED5984A63BAE9,SCRYDEX_JP,GRADED,10,,,230564,2026-06-29
CRD_68FF087ED5984A63BAE9,SCRYDEX_JP,GRADED,9,,,90821,2026-06-29
CRD_68FF087ED5984A63BAE9,SCRYDEX_JP,RAW,,33.4800,USD,51441,2026-06-29
CRD_690D9691BB90458E8645,SCRYDEX_EN,RAW,,5.9300,USD,9069,2026-06-05
CRD_690D9691BB90458E8645,SCRYDEX_JP,GRADED,10,,,51288,2026-06-29
CRD_690D9691BB90458E8645,SCRYDEX_JP,GRADED,9,,,23047,2026-06-29
CRD_690D9691BB90458E8645,SCRYDEX_JP,RAW,,7.8400,USD,12046,2026-06-29
CRD_6912AF9C0880455DB48F,SCRYDEX_EN,RAW,,9.8200,USD,15088,2026-06-29
CRD_6912AF9C0880455DB48F,SCRYDEX_JP,GRADED,10,,,49167,2026-06-29
CRD_6912AF9C0880455DB48F,SCRYDEX_JP,GRADED,9,,,20696,2026-06-29
CRD_6912AF9C0880455DB48F,SCRYDEX_JP,RAW,,3.6000,USD,5531,2026-06-29
CRD_692B14B6D94747048405,SCRYDEX_EN,RAW,,1.9300,USD,2952,2026-06-05
CRD_692B14B6D94747048405,SCRYDEX_JP,RAW,,3.0000,USD,4609,2026-06-29
CRD_693D655002B04679AF62,SCRYDEX_EN,RAW,,8.5500,USD,13076,2026-06-05
CRD_6940E14A45E56ECEAE53,SCRYDEX_JP,GRADED,10,,,35508,2026-06-29
CRD_6940E14A45E56ECEAE53,SCRYDEX_JP,GRADED,9,,,4609,2026-06-29
CRD_6940E14A45E56ECEAE53,SCRYDEX_JP,RAW,,0.3500,USD,538,2026-06-29
CRD_694BA62B745A4D1E9025,SCRYDEX_EN,RAW,,165.9500,USD,253799,2026-06-05
CRD_694BA62B745A4D1E9025,SCRYDEX_JP,GRADED,10,,,2826078,2026-06-29
CRD_694BA62B745A4D1E9025,SCRYDEX_JP,GRADED,9,,,722591,2026-06-29
CRD_694BA62B745A4D1E9025,SCRYDEX_JP,RAW,,449.9900,USD,691401,2026-06-29
CRD_69525AAF5E3C4C99AB79,SCRYDEX_EN,RAW,,284.9300,USD,437789,2026-06-29
CRD_69525AAF5E3C4C99AB79,SCRYDEX_JP,GRADED,10,,,508268,2026-06-29
CRD_69525AAF5E3C4C99AB79,SCRYDEX_JP,GRADED,9,,,334722,2026-06-29
CRD_69525AAF5E3C4C99AB79,SCRYDEX_JP,RAW,,201.6600,USD,309847,2026-06-29
CRD_695A1C7D2A614268A739,SCRYDEX_EN,RAW,,81.2900,USD,124900,2026-06-29
CRD_695A1C7D2A614268A739,SCRYDEX_JP,GRADED,10,,,253043,2026-06-29
CRD_695A1C7D2A614268A739,SCRYDEX_JP,GRADED,9,,,88885,2026-06-29
CRD_695A1C7D2A614268A739,SCRYDEX_JP,RAW,,51.2500,USD,78745,2026-06-29
CRD_6963C4D7FD56481C9E05,SCRYDEX_EN,RAW,,2.9900,USD,4573,2026-06-05
CRD_6963C4D7FD56481C9E05,SCRYDEX_JP,GRADED,10,,,138237,2026-06-29
CRD_6963C4D7FD56481C9E05,SCRYDEX_JP,RAW,,5.0000,USD,7682,2026-06-29
CRD_696441FFCEB046F28C92,SCRYDEX_EN,RAW,,2.4800,USD,3793,2026-06-05
CRD_696441FFCEB046F28C92,SCRYDEX_JP,GRADED,10,,,151773,2026-06-29
CRD_696441FFCEB046F28C92,SCRYDEX_JP,RAW,,23750.0000,KRW,23750,2026-06-29
CRD_6967F2866EC341D1B5A5,SCRYDEX_EN,RAW,,180.5900,USD,277473,2026-06-29
CRD_6967F2866EC341D1B5A5,SCRYDEX_JP,GRADED,10,,,147241,2026-06-29
CRD_6967F2866EC341D1B5A5,SCRYDEX_JP,GRADED,9,,,82340,2026-06-29
CRD_6967F2866EC341D1B5A5,SCRYDEX_JP,RAW,,38.6100,USD,59323,2026-06-29
CRD_6983EB0AA95941FE8196,SCRYDEX_EN,RAW,,2.6300,USD,4022,2026-06-05
CRD_6983EB0AA95941FE8196,SCRYDEX_JP,RAW,,4.0000,USD,6146,2026-06-29
CRD_69A3E53625B647AE962F,SCRYDEX_EN,RAW,,0.8200,USD,1254,2026-06-05
CRD_69A3E53625B647AE962F,SCRYDEX_JP,GRADED,10,,,38243,2026-06-29
CRD_69A3E53625B647AE962F,SCRYDEX_JP,GRADED,9,,,9219,2026-06-29
CRD_69A3E53625B647AE962F,SCRYDEX_JP,RAW,,0.3500,USD,538,2026-06-29
CRD_69B3F39FEAAD4175AFED,SCRYDEX_EN,RAW,,3.8400,USD,5873,2026-06-05
CRD_69B3F39FEAAD4175AFED,SCRYDEX_JP,GRADED,10,,,53746,2026-06-29
CRD_69B3F39FEAAD4175AFED,SCRYDEX_JP,RAW,,3.1500,USD,4840,2026-06-29
CRD_69B4BC1CEE69492C85A9,SCRYDEX_EN,RAW,,16.9400,USD,26028,2026-06-29
CRD_69B4BC1CEE69492C85A9,SCRYDEX_JP,GRADED,10,,,68466,2026-06-29
CRD_69B4BC1CEE69492C85A9,SCRYDEX_JP,GRADED,9,,,47616,2026-06-29
CRD_69B4BC1CEE69492C85A9,SCRYDEX_JP,RAW,,21.1600,USD,32512,2026-06-29
CRD_69C72795CBC8432A90DC,SCRYDEX_EN,RAW,,48.0000,USD,73751,2026-06-29
CRD_69C72795CBC8432A90DC,SCRYDEX_JP,GRADED,10,,,147733,2026-06-29
CRD_69C72795CBC8432A90DC,SCRYDEX_JP,GRADED,9,,,42269,2026-06-29
CRD_69C72795CBC8432A90DC,SCRYDEX_JP,RAW,,23.6600,USD,36353,2026-06-29
CRD_69C818D4E150495ABB8B,SCRYDEX_EN,RAW,,155.6600,USD,238062,2026-06-05
CRD_69C818D4E150495ABB8B,SCRYDEX_JP,GRADED,10,,,5126404,2026-06-29
CRD_69C818D4E150495ABB8B,SCRYDEX_JP,GRADED,9,,,997114,2026-06-29
CRD_69C818D4E150495ABB8B,SCRYDEX_JP,RAW,,950000.0000,KRW,950000,2026-06-29
CRD_69FF1CDC2254489A8E2D,SCRYDEX_EN,RAW,,0.7100,USD,1086,2026-06-05
CRD_69FF1CDC2254489A8E2D,SCRYDEX_JP,GRADED,10,,,49874,2026-06-29
CRD_69FF1CDC2254489A8E2D,SCRYDEX_JP,RAW,,0.2800,USD,430,2026-06-29
CRD_6A047CD751384F969D65,SCRYDEX_EN,RAW,,1.0600,USD,1621,2026-06-05
CRD_6A047CD751384F969D65,SCRYDEX_JP,GRADED,10,,,33695,2026-06-29
CRD_6A047CD751384F969D65,SCRYDEX_JP,RAW,,1.1400,USD,1752,2026-06-29
CRD_6A05AC4797764140A0D5,SCRYDEX_EN,RAW,,17.2300,USD,26474,2026-06-29
CRD_6A05AC4797764140A0D5,SCRYDEX_JP,GRADED,10,,,62519,2026-06-29
CRD_6A05AC4797764140A0D5,SCRYDEX_JP,GRADED,9,,,26612,2026-06-29
CRD_6A05AC4797764140A0D5,SCRYDEX_JP,RAW,,6.3600,USD,9772,2026-06-29
CRD_6A0E78B2E87B4CA88D98,SCRYDEX_EN,RAW,,10.9500,USD,16747,2026-06-05
CRD_6A0E78B2E87B4CA88D98,SCRYDEX_JP,GRADED,10,,,77239,2026-06-29
CRD_6A0E78B2E87B4CA88D98,SCRYDEX_JP,GRADED,9,,,34817,2026-06-29
CRD_6A0E78B2E87B4CA88D98,SCRYDEX_JP,RAW,,5.1900,USD,7974,2026-06-29
CRD_6A148797C15E4E7D9FE7,SCRYDEX_EN,RAW,,122.2100,USD,187773,2026-06-29
CRD_6A148797C15E4E7D9FE7,SCRYDEX_JP,GRADED,10,,,152342,2026-06-29
CRD_6A148797C15E4E7D9FE7,SCRYDEX_JP,GRADED,9,,,87088,2026-06-29
CRD_6A148797C15E4E7D9FE7,SCRYDEX_JP,RAW,,55.4500,USD,85198,2026-06-29
CRD_6A23462E4F984F01BBC8,SCRYDEX_EN,RAW,,5.3000,USD,8106,2026-06-05
CRD_6A23462E4F984F01BBC8,SCRYDEX_JP,GRADED,10,,,67160,2026-06-29
CRD_6A23462E4F984F01BBC8,SCRYDEX_JP,GRADED,9,,,29193,2026-06-29
CRD_6A23462E4F984F01BBC8,SCRYDEX_JP,RAW,,2.1000,USD,3227,2026-06-29
CRD_6A29DC1A64574E9A92BE,SCRYDEX_EN,RAW,,0.7600,USD,1162,2026-06-05
CRD_6A29DC1A64574E9A92BE,SCRYDEX_JP,GRADED,10,,,26427,2026-06-29
CRD_6A29DC1A64574E9A92BE,SCRYDEX_JP,GRADED,9,,,7851,2026-06-29
CRD_6A29DC1A64574E9A92BE,SCRYDEX_JP,RAW,,0.3500,USD,538,2026-06-29
CRD_6A49D65CBD7D467DA753,SCRYDEX_EN,RAW,,1.9500,USD,2982,2026-06-05
CRD_6A49D65CBD7D467DA753,SCRYDEX_JP,GRADED,10,,,38182,2026-06-29
CRD_6A49D65CBD7D467DA753,SCRYDEX_JP,RAW,,1.5000,USD,2305,2026-06-29
CRD_6A5E3F53DC574562AB1C,SCRYDEX_EN,RAW,,136.6800,USD,209034,2026-06-05
CRD_6A5E3F53DC574562AB1C,SCRYDEX_JP,GRADED,10,,,1999590,2026-06-29
CRD_6A5E3F53DC574562AB1C,SCRYDEX_JP,GRADED,9,,,186836,2026-06-29
CRD_6A5E3F53DC574562AB1C,SCRYDEX_JP,RAW,,49.8000,USD,76517,2026-06-29
CRD_6A6020158B7D48B6851C,SCRYDEX_EN,RAW,,7.3400,USD,11226,2026-06-05
CRD_6A6020158B7D48B6851C,SCRYDEX_JP,GRADED,10,,,108875,2026-06-29
CRD_6A6020158B7D48B6851C,SCRYDEX_JP,RAW,,8.2500,USD,12676,2026-06-29
CRD_6A62F065A24240519E51,SCRYDEX_EN,RAW,,3.2300,USD,4940,2026-06-05
CRD_6A62F065A24240519E51,SCRYDEX_JP,GRADED,10,,,53808,2026-06-29
CRD_6A62F065A24240519E51,SCRYDEX_JP,GRADED,9,,,15780,2026-06-29
CRD_6A62F065A24240519E51,SCRYDEX_JP,RAW,,2.6100,USD,4010,2026-06-29
CRD_6A64916CD6DF4E1C952E,SCRYDEX_EN,RAW,,5.2800,USD,8075,2026-06-05
CRD_6A64916CD6DF4E1C952E,SCRYDEX_JP,GRADED,10,,,69879,2026-06-29
CRD_6A64916CD6DF4E1C952E,SCRYDEX_JP,RAW,,3.9500,USD,6069,2026-06-29
CRD_6A6D79F1AA404CF998CD,SCRYDEX_EN,RAW,,33.1700,USD,50965,2026-06-29
CRD_6A6D79F1AA404CF998CD,SCRYDEX_JP,GRADED,10,,,88793,2026-06-29
CRD_6A6D79F1AA404CF998CD,SCRYDEX_JP,GRADED,9,,,27657,2026-06-29
CRD_6A6D79F1AA404CF998CD,SCRYDEX_JP,RAW,,19.3200,USD,29685,2026-06-29
CRD_6A84D927543336D14029,SCRYDEX_JP,GRADED,10,,,45695,2026-06-29
CRD_6A84D927543336D14029,SCRYDEX_JP,GRADED,9,,,30730,2026-06-29
CRD_6A84D927543336D14029,SCRYDEX_JP,RAW,,0.9000,USD,1383,2026-06-29
CRD_6AC614249DBA4DD285DE,SCRYDEX_EN,RAW,,6.3000,USD,9635,2026-06-05
CRD_6AC614249DBA4DD285DE,SCRYDEX_JP,GRADED,10,,,53623,2026-06-29
CRD_6AC614249DBA4DD285DE,SCRYDEX_JP,GRADED,9,,,30622,2026-06-29
CRD_6AC614249DBA4DD285DE,SCRYDEX_JP,RAW,,5.5000,USD,8451,2026-06-29
CRD_6B2C86298A8A48B9A1C2,SCRYDEX_EN,RAW,,2.6800,USD,4099,2026-06-05
CRD_6B2C86298A8A48B9A1C2,SCRYDEX_JP,GRADED,10,,,69372,2026-06-29
CRD_6B2C86298A8A48B9A1C2,SCRYDEX_JP,RAW,,4.6900,USD,7206,2026-06-29
CRD_6B3CFFBA30BE4DB79C74,SCRYDEX_EN,RAW,,1.2800,USD,1958,2026-06-05
CRD_6B3CFFBA30BE4DB79C74,SCRYDEX_JP,GRADED,10,,,131092,2026-06-29
CRD_6B3CFFBA30BE4DB79C74,SCRYDEX_JP,GRADED,9,,,11385,2026-06-29
CRD_6B3CFFBA30BE4DB79C74,SCRYDEX_JP,RAW,,0.3600,USD,553,2026-06-29
CRD_6B3F6BFCB5834D188F85,SCRYDEX_EN,RAW,,62.7200,USD,96368,2026-06-29
CRD_6B3F6BFCB5834D188F85,SCRYDEX_JP,GRADED,10,,,230672,2026-06-29
CRD_6B3F6BFCB5834D188F85,SCRYDEX_JP,GRADED,9,,,83108,2026-06-29
CRD_6B3F6BFCB5834D188F85,SCRYDEX_JP,RAW,,40.1600,USD,61705,2026-06-29
CRD_6B42108B80C945BCA671,SCRYDEX_EN,RAW,,0.8200,USD,1254,2026-06-05
CRD_6B42108B80C945BCA671,SCRYDEX_JP,RAW,,0.8900,USD,1367,2026-06-29
CRD_6B452C1E25584A62B2AE,SCRYDEX_EN,RAW,,1.2400,USD,1896,2026-06-05
CRD_6B452C1E25584A62B2AE,SCRYDEX_JP,GRADED,10,,,81649,2026-06-29
CRD_6B452C1E25584A62B2AE,SCRYDEX_JP,GRADED,9,,,23815,2026-06-29
CRD_6B452C1E25584A62B2AE,SCRYDEX_JP,RAW,,2.2400,USD,3442,2026-06-29
CRD_6B4990C003EE4F5C95AF,SCRYDEX_EN,RAW,,1.1400,USD,1752,2026-06-29
CRD_6B4990C003EE4F5C95AF,SCRYDEX_JP,GRADED,10,,,62980,2026-06-29
CRD_6B4990C003EE4F5C95AF,SCRYDEX_JP,GRADED,9,,,20758,2026-06-29
CRD_6B4990C003EE4F5C95AF,SCRYDEX_JP,RAW,,0.5100,USD,784,2026-06-29
CRD_6B76266004034ADFAFE2,SCRYDEX_EN,RAW,,13.8000,USD,21105,2026-06-05
CRD_6B76266004034ADFAFE2,SCRYDEX_JP,GRADED,10,,,535525,2026-06-29
CRD_6B76266004034ADFAFE2,SCRYDEX_JP,GRADED,9,,,92173,2026-06-29
CRD_6B76266004034ADFAFE2,SCRYDEX_JP,RAW,,11.2700,USD,17316,2026-06-29
CRD_6B800B8A1D544DEB9436,SCRYDEX_EN,RAW,,21.2400,USD,32635,2026-06-27
CRD_6B800B8A1D544DEB9436,SCRYDEX_JP,GRADED,9,,,23216,2026-06-29
CRD_6B800B8A1D544DEB9436,SCRYDEX_JP,RAW,,24.9900,USD,38397,2026-06-29
CRD_6B89BCF215104ABCA86A,SCRYDEX_EN,RAW,,19.5400,USD,29884,2026-06-05
CRD_6B89BCF215104ABCA86A,SCRYDEX_JP,GRADED,10,,,362794,2026-06-29
CRD_6B89BCF215104ABCA86A,SCRYDEX_JP,GRADED,9,,,79882,2026-06-29
CRD_6B89BCF215104ABCA86A,SCRYDEX_JP,RAW,,43.5600,USD,66929,2026-06-29
CRD_6B90BFF3033D4996A9AB,SCRYDEX_EN,RAW,,17.6800,USD,27165,2026-06-29
CRD_6B90BFF3033D4996A9AB,SCRYDEX_JP,GRADED,10,,,135241,2026-06-29
CRD_6B90BFF3033D4996A9AB,SCRYDEX_JP,GRADED,9,,,35570,2026-06-29
CRD_6B90BFF3033D4996A9AB,SCRYDEX_JP,RAW,,11.6700,USD,17931,2026-06-29
CRD_6BA5079A40E942659EB7,SCRYDEX_EN,RAW,,0.6800,USD,1040,2026-06-05
CRD_6BA5079A40E942659EB7,SCRYDEX_JP,GRADED,10,,,95385,2026-06-29
CRD_6BA5079A40E942659EB7,SCRYDEX_JP,RAW,,0.9700,USD,1490,2026-06-29
CRD_6BAE3346829849DD8C4B,SCRYDEX_EN,RAW,,2.9600,USD,4527,2026-06-05
CRD_6BAE3346829849DD8C4B,SCRYDEX_JP,GRADED,10,,,37736,2026-06-29
CRD_6BAE3346829849DD8C4B,SCRYDEX_JP,GRADED,9,,,26812,2026-06-29
CRD_6BAE3346829849DD8C4B,SCRYDEX_JP,RAW,,8550.0000,KRW,8550,2026-06-29
CRD_6BAEC561FD824CA68028,SCRYDEX_EN,RAW,,40.1600,USD,61705,2026-06-29
CRD_6BAEC561FD824CA68028,SCRYDEX_JP,GRADED,10,,,228475,2026-06-28
CRD_6BAEC561FD824CA68028,SCRYDEX_JP,GRADED,9,,,84583,2026-06-28
CRD_6BAEC561FD824CA68028,SCRYDEX_JP,RAW,,44.6200,USD,68558,2026-06-28
CRD_6BBDDAB4D43548A49C5C,SCRYDEX_EN,RAW,,20.8000,USD,31811,2026-06-05
CRD_6BBDDAB4D43548A49C5C,SCRYDEX_JP,GRADED,10,,,263814,2026-06-29
CRD_6BBDDAB4D43548A49C5C,SCRYDEX_JP,GRADED,9,,,63918,2026-06-29
CRD_6BBDDAB4D43548A49C5C,SCRYDEX_JP,RAW,,50.0600,USD,76916,2026-06-29
CRD_6BCC0F7F5E7F4991809F,SCRYDEX_EN,RAW,,5.5600,USD,8503,2026-06-05
CRD_6BCC0F7F5E7F4991809F,SCRYDEX_JP,GRADED,10,,,63472,2026-06-29
CRD_6BCC0F7F5E7F4991809F,SCRYDEX_JP,GRADED,9,,,25413,2026-06-29
CRD_6BCC0F7F5E7F4991809F,SCRYDEX_JP,RAW,,2.1000,USD,3227,2026-06-29
CRD_6BFE78CBD4924CF285F9,SCRYDEX_EN,RAW,,0.7900,USD,1208,2026-06-05
CRD_6C093D7C67AF47468F97,SCRYDEX_JP,GRADED,10,,,988694,2026-06-29
CRD_6C093D7C67AF47468F97,SCRYDEX_JP,GRADED,9,,,342988,2026-06-29
CRD_6C093D7C67AF47468F97,SCRYDEX_JP,RAW,,194.6600,USD,299091,2026-06-29
CRD_6C18665126FF426F9C2E,SCRYDEX_EN,RAW,,122.6800,USD,188495,2026-06-29
CRD_6C18665126FF426F9C2E,SCRYDEX_JP,GRADED,10,,,422117,2026-06-29
CRD_6C18665126FF426F9C2E,SCRYDEX_JP,GRADED,9,,,174913,2026-06-29
CRD_6C18665126FF426F9C2E,SCRYDEX_JP,RAW,,64.1700,USD,98596,2026-06-29
CRD_6C2E76C8810D45DB91FC,SCRYDEX_EN,RAW,,32.1600,USD,49413,2026-06-29
CRD_6C2E76C8810D45DB91FC,SCRYDEX_JP,GRADED,10,,,58847,2026-06-29
CRD_6C2E76C8810D45DB91FC,SCRYDEX_JP,GRADED,9,,,30714,2026-06-29
CRD_6C2E76C8810D45DB91FC,SCRYDEX_JP,RAW,,6.1300,USD,9419,2026-06-29
CRD_6C3E5BD53EFB49EC967E,SCRYDEX_EN,RAW,,0.7400,USD,1132,2026-06-05
CRD_6C3E5BD53EFB49EC967E,SCRYDEX_JP,RAW,,1.9100,USD,2935,2026-06-29
CRD_6C46069A0ABF4F55BB2D,SCRYDEX_EN,RAW,,200.0000,USD,305874,2026-06-05
CRD_6C46069A0ABF4F55BB2D,SCRYDEX_JP,GRADED,10,,,4336315,2026-06-29
CRD_6C46069A0ABF4F55BB2D,SCRYDEX_JP,GRADED,9,,,676067,2026-06-29
CRD_6C46069A0ABF4F55BB2D,SCRYDEX_JP,RAW,,418000.0000,KRW,418000,2026-06-29
CRD_6C47EADF71464DA6A684,SCRYDEX_EN,RAW,,0.6800,USD,1040,2026-06-05
CRD_6C47EADF71464DA6A684,SCRYDEX_JP,GRADED,10,,,104312,2026-06-29
CRD_6C47EADF71464DA6A684,SCRYDEX_JP,GRADED,9,,,30730,2026-06-29
CRD_6C47EADF71464DA6A684,SCRYDEX_JP,RAW,,0.2200,USD,338,2026-06-29
CRD_6C48D7D464D0402B9F7D,SCRYDEX_EN,RAW,,34.3200,USD,52965,2026-06-24
CRD_6C48D7D464D0402B9F7D,SCRYDEX_JP,GRADED,10,,,390542,2026-06-29
CRD_6C48D7D464D0402B9F7D,SCRYDEX_JP,GRADED,9,,,70770,2026-06-29
CRD_6C48D7D464D0402B9F7D,SCRYDEX_JP,RAW,,42.8400,USD,65823,2026-06-29
CRD_6C4CD727AA4A41F8A59D,SCRYDEX_EN,RAW,,36.5800,USD,56204,2026-06-29
CRD_6C4CD727AA4A41F8A59D,SCRYDEX_JP,GRADED,10,,,43267,2026-06-29
CRD_6C4CD727AA4A41F8A59D,SCRYDEX_JP,GRADED,9,,,32927,2026-06-29
CRD_6C4CD727AA4A41F8A59D,SCRYDEX_JP,RAW,,5.6700,USD,8712,2026-06-29
CRD_6C510F8223BB456DB67C,SCRYDEX_EN,RAW,,19.9500,USD,30653,2026-06-29
CRD_6C510F8223BB456DB67C,SCRYDEX_JP,GRADED,10,,,78437,2026-06-29
CRD_6C510F8223BB456DB67C,SCRYDEX_JP,GRADED,9,,,45680,2026-06-29
CRD_6C510F8223BB456DB67C,SCRYDEX_JP,RAW,,8.4200,USD,12937,2026-06-29
CRD_6C5AB36AD8294729A03E,SCRYDEX_EN,RAW,,3.3500,USD,5123,2026-06-05
CRD_6C5AB36AD8294729A03E,SCRYDEX_JP,GRADED,10,,,77116,2026-06-29
CRD_6C5AB36AD8294729A03E,SCRYDEX_JP,GRADED,9,,,23047,2026-06-29
CRD_6C5AB36AD8294729A03E,SCRYDEX_JP,RAW,,3.0500,USD,4686,2026-06-29
CRD_6C71D38CA03A4D73A6F4,SCRYDEX_EN,RAW,,1.6900,USD,2585,2026-06-05
CRD_6C71D38CA03A4D73A6F4,SCRYDEX_JP,RAW,,5.0000,USD,7682,2026-06-29
CRD_6C79F815204042AB91D4,SCRYDEX_EN,RAW,,1.9200,USD,2936,2026-06-05
CRD_6C87482BDBFF4157B5FA,SCRYDEX_EN,RAW,,2.3400,USD,3579,2026-06-05
CRD_6C87482BDBFF4157B5FA,SCRYDEX_JP,GRADED,10,,,48215,2026-06-29
CRD_6C87482BDBFF4157B5FA,SCRYDEX_JP,RAW,,1.7900,USD,2750,2026-06-29
CRD_6C8A167C2A5041E8B2C2,SCRYDEX_EN,RAW,,42.6900,USD,65592,2026-06-29
CRD_6C8A167C2A5041E8B2C2,SCRYDEX_JP,GRADED,10,,,78652,2026-06-29
CRD_6C8A167C2A5041E8B2C2,SCRYDEX_JP,RAW,,7.9000,USD,12138,2026-06-29
CRD_6CAB4D0FFC760A69F69A,SCRYDEX_JP,RAW,,3.8500,USD,5915,2026-06-29
CRD_6CBCB133079240129A9D,SCRYDEX_EN,RAW,,17.1000,USD,26274,2026-06-29
CRD_6CBCB133079240129A9D,SCRYDEX_JP,GRADED,10,,,133996,2026-06-29
CRD_6CBCB133079240129A9D,SCRYDEX_JP,GRADED,9,,,39564,2026-06-29
CRD_6CBCB133079240129A9D,SCRYDEX_JP,RAW,,9.9000,USD,15211,2026-06-29
CRD_6CC0A5E07CEC4B85923F,SCRYDEX_EN,RAW,,0.9200,USD,1407,2026-06-05
CRD_6CCC633E4EDE4AC7B8F3,SCRYDEX_EN,RAW,,45.5400,USD,69971,2026-06-29
CRD_6CCC633E4EDE4AC7B8F3,SCRYDEX_JP,RAW,,161500.0000,KRW,161500,2026-06-29
CRD_6CD688020940471E9BED,SCRYDEX_EN,RAW,,0.9300,USD,1422,2026-06-05
CRD_6CD688020940471E9BED,SCRYDEX_JP,GRADED,10,,,39272,2026-06-28
CRD_6CD688020940471E9BED,SCRYDEX_JP,GRADED,9,,,19206,2026-06-28
CRD_6CD688020940471E9BED,SCRYDEX_JP,RAW,,0.3300,USD,507,2026-06-28
CRD_6CE96DE4AE2A4103BE43,SCRYDEX_JP,RAW,,0.3700,USD,568,2026-06-28
CRD_6CE97DC55919437DBC63,SCRYDEX_EN,RAW,,33.9100,USD,52102,2026-06-29
CRD_6CE97DC55919437DBC63,SCRYDEX_JP,GRADED,10,,,60522,2026-06-29
CRD_6CE97DC55919437DBC63,SCRYDEX_JP,GRADED,9,,,26858,2026-06-29
CRD_6CE97DC55919437DBC63,SCRYDEX_JP,RAW,,8.3600,USD,12845,2026-06-29
CRD_6CF9150210054C398987,SCRYDEX_EN,RAW,,1.2300,USD,1881,2026-06-05
CRD_6CF9150210054C398987,SCRYDEX_JP,GRADED,10,,,52425,2026-06-29
CRD_6CF9150210054C398987,SCRYDEX_JP,GRADED,9,,,15365,2026-06-29
CRD_6CF9150210054C398987,SCRYDEX_JP,RAW,,1.9700,USD,3027,2026-06-29
CRD_6D101670C47A4618BA64,SCRYDEX_EN,RAW,,9.2300,USD,14131,2026-06-21
CRD_6D101670C47A4618BA64,SCRYDEX_JP,GRADED,10,,,49644,2026-06-29
CRD_6D101670C47A4618BA64,SCRYDEX_JP,RAW,,4.9900,USD,7667,2026-06-29
CRD_6D19A5161A05C8F43E56,SCRYDEX_JP,RAW,,0.7500,USD,1152,2026-06-29
CRD_6D1BC2DD10F54AB98A56,SCRYDEX_EN,RAW,,24.7900,USD,38089,2026-06-29
CRD_6D1BC2DD10F54AB98A56,SCRYDEX_JP,GRADED,10,,,98335,2026-06-29
CRD_6D1BC2DD10F54AB98A56,SCRYDEX_JP,GRADED,9,,,23047,2026-06-29
CRD_6D1BC2DD10F54AB98A56,SCRYDEX_JP,RAW,,20.2400,USD,31098,2026-06-29
CRD_6D25064181064465A018,SCRYDEX_EN,RAW,,2.3000,USD,3518,2026-06-05
CRD_6D25064181064465A018,SCRYDEX_JP,GRADED,10,,,35339,2026-06-29
CRD_6D25064181064465A018,SCRYDEX_JP,RAW,,4.8700,USD,7483,2026-06-29
CRD_6D3728BAC7354E489BA7,SCRYDEX_EN,RAW,,8.3700,USD,12801,2026-06-05
CRD_6D3728BAC7354E489BA7,SCRYDEX_JP,GRADED,10,,,104834,2026-06-29
CRD_6D3728BAC7354E489BA7,SCRYDEX_JP,GRADED,9,,,41393,2026-06-29
CRD_6D3728BAC7354E489BA7,SCRYDEX_JP,RAW,,18.4600,USD,28363,2026-06-29
CRD_6D3C1FEF61C14F46B4C5,SCRYDEX_EN,RAW,,1.9400,USD,2967,2026-06-05
CRD_6D3C1FEF61C14F46B4C5,SCRYDEX_JP,RAW,,1.5900,USD,2443,2026-06-29
CRD_6D78C3030D7942CB9EF0,SCRYDEX_EN,RAW,,39.6200,USD,60594,2026-06-05
CRD_6D78C3030D7942CB9EF0,SCRYDEX_JP,GRADED,10,,,708932,2026-06-29
CRD_6D78C3030D7942CB9EF0,SCRYDEX_JP,GRADED,9,,,102867,2026-06-29
CRD_6D78C3030D7942CB9EF0,SCRYDEX_JP,RAW,,21.5800,USD,33157,2026-06-29
CRD_6D79DA4384654ADFAD71,SCRYDEX_EN,RAW,,1.6700,USD,2554,2026-06-05
CRD_6D79DA4384654ADFAD71,SCRYDEX_JP,GRADED,10,,,44496,2026-06-29
CRD_6D79DA4384654ADFAD71,SCRYDEX_JP,GRADED,9,,,12292,2026-06-29
CRD_6D79DA4384654ADFAD71,SCRYDEX_JP,RAW,,1.4300,USD,2197,2026-06-29
CRD_6D7A01D810164EB8B111,SCRYDEX_EN,RAW,,1.0300,USD,1583,2026-06-29
CRD_6D7A01D810164EB8B111,SCRYDEX_JP,GRADED,10,,,34571,2026-06-29
CRD_6D7A01D810164EB8B111,SCRYDEX_JP,RAW,,0.5800,USD,891,2026-06-29
CRD_6D7FD944EBBE4E7AA8A1,SCRYDEX_EN,RAW,,228.4900,USD,351070,2026-06-29
CRD_6D7FD944EBBE4E7AA8A1,SCRYDEX_JP,GRADED,10,,,1438222,2026-06-29
CRD_6D7FD944EBBE4E7AA8A1,SCRYDEX_JP,GRADED,9,,,478475,2026-06-29
CRD_6D7FD944EBBE4E7AA8A1,SCRYDEX_JP,RAW,,1235000.0000,KRW,1235000,2026-06-29
CRD_6D8F9AF9CC2D47D0ABE5,SCRYDEX_EN,RAW,,2.5400,USD,3885,2026-06-05
CRD_6D8F9AF9CC2D47D0ABE5,SCRYDEX_JP,GRADED,10,,,54699,2026-06-29
CRD_6D8F9AF9CC2D47D0ABE5,SCRYDEX_JP,GRADED,9,,,27288,2026-06-29
CRD_6D8F9AF9CC2D47D0ABE5,SCRYDEX_JP,RAW,,1.6500,USD,2535,2026-06-29
CRD_6DA66A6437FD4A86B009,SCRYDEX_EN,RAW,,12.3300,USD,18945,2026-06-29
CRD_6DA66A6437FD4A86B009,SCRYDEX_JP,GRADED,10,,,60291,2026-06-29
CRD_6DA66A6437FD4A86B009,SCRYDEX_JP,GRADED,9,,,21849,2026-06-29
CRD_6DA66A6437FD4A86B009,SCRYDEX_JP,RAW,,5.5700,USD,8558,2026-06-29
CRD_6DB5111B654B472DAE5B,SCRYDEX_EN,RAW,,8.2600,USD,12633,2026-06-05
CRD_6DB5111B654B472DAE5B,SCRYDEX_JP,GRADED,10,,,226139,2026-06-29
CRD_6DB5111B654B472DAE5B,SCRYDEX_JP,RAW,,27.5000,USD,42253,2026-06-29
CRD_6DDDEA43AA7647C5BA28,SCRYDEX_EN,RAW,,194.7400,USD,299214,2026-06-29
CRD_6DDDEA43AA7647C5BA28,SCRYDEX_JP,GRADED,10,,,607109,2026-06-29
CRD_6DDDEA43AA7647C5BA28,SCRYDEX_JP,GRADED,9,,,232423,2026-06-29
CRD_6DDDEA43AA7647C5BA28,SCRYDEX_JP,RAW,,187.6100,USD,288259,2026-06-29
CRD_6DDE5C3825A04030BEC6,SCRYDEX_EN,RAW,,9.2200,USD,14101,2026-06-05
CRD_6DDE5C3825A04030BEC6,SCRYDEX_JP,GRADED,10,,,195025,2026-06-29
CRD_6DDE5C3825A04030BEC6,SCRYDEX_JP,GRADED,9,,,31482,2026-06-29
CRD_6DDE5C3825A04030BEC6,SCRYDEX_JP,RAW,,11.4100,USD,17531,2026-06-29
CRD_6DE3AEC9CE8C40398C7C,SCRYDEX_EN,RAW,,4.2800,USD,6546,2026-06-05
CRD_6DE3AEC9CE8C40398C7C,SCRYDEX_JP,GRADED,10,,,44911,2026-06-29
CRD_6DE3AEC9CE8C40398C7C,SCRYDEX_JP,RAW,,1.2300,USD,1890,2026-06-29
CRD_6E0B4C84AEBB48D9ACE6,SCRYDEX_EN,RAW,,16.8500,USD,25890,2026-06-29
CRD_6E0B4C84AEBB48D9ACE6,SCRYDEX_JP,GRADED,10,,,122089,2026-06-29
CRD_6E0B4C84AEBB48D9ACE6,SCRYDEX_JP,GRADED,9,,,30637,2026-06-29
CRD_6E0B4C84AEBB48D9ACE6,SCRYDEX_JP,RAW,,13.5000,USD,20742,2026-06-29
CRD_6E0CFA01EAA84472A5AAA69BE95C2DA8,SCRYDEX_EN,RAW,,268.3900,USD,412376,2026-06-29
CRD_6E0CFA01EAA84472A5AAA69BE95C2DA8,SCRYDEX_JP,GRADED,10,,,2269535,2026-06-29
CRD_6E0CFA01EAA84472A5AAA69BE95C2DA8,SCRYDEX_JP,GRADED,9,,,430107,2026-06-29
CRD_6E0CFA01EAA84472A5AAA69BE95C2DA8,SCRYDEX_JP,RAW,,298.8800,USD,459223,2026-06-29
CRD_6E2A7F9E1B124081A497,SCRYDEX_EN,RAW,,4.8200,USD,7406,2026-06-29
CRD_6E2A7F9E1B124081A497,SCRYDEX_JP,GRADED,10,,,73597,2026-06-29
CRD_6E2A7F9E1B124081A497,SCRYDEX_JP,GRADED,9,,,46094,2026-06-29
CRD_6E2A7F9E1B124081A497,SCRYDEX_JP,RAW,,4.0300,USD,6192,2026-06-29
CRD_6E30EACB936041E98A01,SCRYDEX_EN,RAW,,5.8900,USD,9008,2026-06-05
CRD_6E30EACB936041E98A01,SCRYDEX_JP,GRADED,10,,,158380,2026-06-29
CRD_6E30EACB936041E98A01,SCRYDEX_JP,RAW,,4.8600,USD,7467,2026-06-29
CRD_6E6230DEBE1C4DBF815D,SCRYDEX_EN,RAW,,0.8300,USD,1269,2026-06-05
CRD_6E6230DEBE1C4DBF815D,SCRYDEX_JP,GRADED,10,,,43083,2026-06-29
CRD_6E6230DEBE1C4DBF815D,SCRYDEX_JP,RAW,,0.8500,USD,1306,2026-06-29
CRD_6E69415874774031B60E,SCRYDEX_EN,RAW,,3.9100,USD,5980,2026-06-05
CRD_6E69415874774031B60E,SCRYDEX_JP,GRADED,10,,,460944,2026-06-29
CRD_6E69415874774031B60E,SCRYDEX_JP,RAW,,15.0000,USD,23047,2026-06-29
CRD_6E6A642B52D441B786B7,SCRYDEX_EN,RAW,,8.2800,USD,12663,2026-06-05
CRD_6E6A642B52D441B786B7,SCRYDEX_JP,GRADED,10,,,67682,2026-06-29
CRD_6E6A642B52D441B786B7,SCRYDEX_JP,GRADED,9,,,22479,2026-06-29
CRD_6E6A642B52D441B786B7,SCRYDEX_JP,RAW,,2.4900,USD,3826,2026-06-29
CRD_6E6C2EE667CE4D84A52D,SCRYDEX_EN,RAW,,7.8900,USD,12067,2026-06-05
CRD_6E6C2EE667CE4D84A52D,SCRYDEX_JP,GRADED,10,,,47631,2026-06-29
CRD_6E6C2EE667CE4D84A52D,SCRYDEX_JP,RAW,,3.4000,USD,5224,2026-06-29
CRD_6E77943864C749F5B25A,SCRYDEX_EN,RAW,,9.7700,USD,14942,2026-06-05
CRD_6E77943864C749F5B25A,SCRYDEX_JP,GRADED,10,,,76962,2026-06-29
CRD_6E77943864C749F5B25A,SCRYDEX_JP,GRADED,9,,,39211,2026-06-29
CRD_6E77943864C749F5B25A,SCRYDEX_JP,RAW,,5.4400,USD,8358,2026-06-29
CRD_6E7CD2D0B209451CA17C,SCRYDEX_EN,RAW,,12.0700,USD,18545,2026-06-29
CRD_6E7CD2D0B209451CA17C,SCRYDEX_JP,GRADED,10,,,65101,2026-06-29
CRD_6E7CD2D0B209451CA17C,SCRYDEX_JP,GRADED,9,,,23815,2026-06-29
CRD_6E7CD2D0B209451CA17C,SCRYDEX_JP,RAW,,3.9700,USD,6100,2026-06-29
CRD_6E9405D59DA14754A6EE,SCRYDEX_EN,RAW,,2.1300,USD,3258,2026-06-05
CRD_6E9405D59DA14754A6EE,SCRYDEX_JP,GRADED,10,,,52517,2026-06-29
CRD_6E9405D59DA14754A6EE,SCRYDEX_JP,RAW,,1.4800,USD,2274,2026-06-29
CRD_6E9E05529FE044859508,SCRYDEX_EN,RAW,,9.2200,USD,14101,2026-06-05
CRD_6E9E05529FE044859508,SCRYDEX_JP,GRADED,10,,,246651,2026-06-29
CRD_6E9E05529FE044859508,SCRYDEX_JP,GRADED,9,,,227399,2026-06-29
CRD_6E9E05529FE044859508,SCRYDEX_JP,RAW,,247000.0000,KRW,247000,2026-06-29
CRD_6EA72CB24D6C419B8BC1,SCRYDEX_EN,RAW,,2.4900,USD,3808,2026-06-05
CRD_6EA72CB24D6C419B8BC1,SCRYDEX_JP,GRADED,10,,,28870,2026-06-29
CRD_6EA72CB24D6C419B8BC1,SCRYDEX_JP,GRADED,9,,,12292,2026-06-29
CRD_6EA72CB24D6C419B8BC1,SCRYDEX_JP,RAW,,14.7400,USD,22648,2026-06-29
CRD_6EA8D0D00A484C1985DD,SCRYDEX_EN,RAW,,10.9000,USD,16670,2026-06-05
CRD_6EA8D0D00A484C1985DD,SCRYDEX_JP,GRADED,10,,,85874,2026-06-29
CRD_6EA8D0D00A484C1985DD,SCRYDEX_JP,GRADED,9,,,34586,2026-06-29
CRD_6EA8D0D00A484C1985DD,SCRYDEX_JP,RAW,,8.5400,USD,13122,2026-06-29
CRD_6EBB0D6B60B34A9CAC8D,SCRYDEX_EN,RAW,,4.5900,USD,7020,2026-06-05
CRD_6EBB0D6B60B34A9CAC8D,SCRYDEX_JP,GRADED,10,,,62089,2026-06-29
CRD_6EBB0D6B60B34A9CAC8D,SCRYDEX_JP,RAW,,4.0200,USD,6177,2026-06-29
CRD_6ECF390F7DB845A393E9,SCRYDEX_EN,RAW,,6.8800,USD,10522,2026-06-05
CRD_6ECF390F7DB845A393E9,SCRYDEX_JP,GRADED,10,,,27657,2026-06-29
CRD_6ECF390F7DB845A393E9,SCRYDEX_JP,RAW,,9.5700,USD,14704,2026-06-29
CRD_6EED812BE5FE4E45BB0A,SCRYDEX_EN,RAW,,25.4200,USD,38877,2026-06-05
CRD_6EED812BE5FE4E45BB0A,SCRYDEX_JP,GRADED,10,,,684195,2026-06-29
CRD_6EED812BE5FE4E45BB0A,SCRYDEX_JP,GRADED,9,,,192060,2026-06-29
CRD_6EED812BE5FE4E45BB0A,SCRYDEX_JP,RAW,,285000.0000,KRW,285000,2026-06-29
CRD_6F2AFDBF9FDB47CB93E4,SCRYDEX_EN,RAW,,5.0200,USD,7677,2026-06-05
CRD_6F2AFDBF9FDB47CB93E4,SCRYDEX_JP,GRADED,10,,,121612,2026-06-29
CRD_6F2AFDBF9FDB47CB93E4,SCRYDEX_JP,RAW,,6.9800,USD,10725,2026-06-29
CRD_6F30F6948BD54C099B7B,SCRYDEX_EN,RAW,,3.6500,USD,5582,2026-06-05
CRD_6F30F6948BD54C099B7B,SCRYDEX_JP,GRADED,10,,,61367,2026-06-29
CRD_6F30F6948BD54C099B7B,SCRYDEX_JP,GRADED,9,,,12615,2026-06-29
CRD_6F30F6948BD54C099B7B,SCRYDEX_JP,RAW,,1.8500,USD,2842,2026-06-29
CRD_6F3A522A92D245C5BD70,SCRYDEX_EN,RAW,,265.9200,USD,408581,2026-06-29
CRD_6F3A522A92D245C5BD70,SCRYDEX_JP,GRADED,10,,,362148,2026-06-29
CRD_6F3A522A92D245C5BD70,SCRYDEX_JP,GRADED,9,,,172823,2026-06-29
CRD_6F3A522A92D245C5BD70,SCRYDEX_JP,RAW,,111.4800,USD,171287,2026-06-29
CRD_6F5BE04789954940A44C,SCRYDEX_EN,RAW,,3.8700,USD,5919,2026-06-05
CRD_6F5BE04789954940A44C,SCRYDEX_JP,GRADED,10,,,43037,2026-06-29
CRD_6F5BE04789954940A44C,SCRYDEX_JP,GRADED,9,,,16440,2026-06-29
CRD_6F5BE04789954940A44C,SCRYDEX_JP,RAW,,7.3100,USD,11232,2026-06-29
CRD_6F63FE893F744455B063,SCRYDEX_EN,RAW,,46.7000,USD,71754,2026-06-29
CRD_6F63FE893F744455B063,SCRYDEX_JP,GRADED,10,,,84491,2026-06-29
CRD_6F63FE893F744455B063,SCRYDEX_JP,GRADED,9,,,27534,2026-06-29
CRD_6F63FE893F744455B063,SCRYDEX_JP,RAW,,10.3700,USD,15933,2026-06-29
CRD_6F660305B01D494F9AB0,SCRYDEX_EN,RAW,,73.9800,USD,113669,2026-06-29
CRD_6F660305B01D494F9AB0,SCRYDEX_JP,GRADED,10,,,75364,2026-06-29
CRD_6F660305B01D494F9AB0,SCRYDEX_JP,GRADED,9,,,29716,2026-06-29
CRD_6F660305B01D494F9AB0,SCRYDEX_JP,RAW,,8.7200,USD,13398,2026-06-29
CRD_6F764A195E6E4FF8BE8B,SCRYDEX_EN,RAW,,4.1800,USD,6393,2026-06-05
CRD_6F764A195E6E4FF8BE8B,SCRYDEX_JP,GRADED,10,,,73029,2026-06-29
CRD_6F764A195E6E4FF8BE8B,SCRYDEX_JP,GRADED,9,,,32220,2026-06-29
CRD_6F764A195E6E4FF8BE8B,SCRYDEX_JP,RAW,,1.4500,USD,2228,2026-06-29
CRD_6FA0D89A1693401DB8FB,SCRYDEX_EN,RAW,,5.4000,USD,8259,2026-06-05
CRD_6FA0D89A1693401DB8FB,SCRYDEX_JP,GRADED,10,,,65685,2026-06-29
CRD_6FA0D89A1693401DB8FB,SCRYDEX_JP,GRADED,9,,,46018,2026-06-29
CRD_6FA0D89A1693401DB8FB,SCRYDEX_JP,RAW,,4.3200,USD,6638,2026-06-29
CRD_6FAA2DCA23D240FBBABF,SCRYDEX_EN,RAW,,48.9600,USD,75226,2026-06-29
CRD_6FAA2DCA23D240FBBABF,SCRYDEX_JP,GRADED,10,,,120352,2026-06-29
CRD_6FAA2DCA23D240FBBABF,SCRYDEX_JP,GRADED,9,,,60829,2026-06-29
CRD_6FAA2DCA23D240FBBABF,SCRYDEX_JP,RAW,,17.1900,USD,26412,2026-06-29
CRD_6FBE2AD113B74C719B5B,SCRYDEX_EN,RAW,,1.1500,USD,1759,2026-06-05
CRD_6FBE2AD113B74C719B5B,SCRYDEX_JP,GRADED,10,,,40133,2026-06-29
CRD_6FBE2AD113B74C719B5B,SCRYDEX_JP,GRADED,9,,,22786,2026-06-29
CRD_6FBE2AD113B74C719B5B,SCRYDEX_JP,RAW,,1.4800,USD,2274,2026-06-29
CRD_6FC1CB0DAF0D475BAF64,SCRYDEX_EN,RAW,,1.3800,USD,2082,2026-06-18
CRD_6FC1CB0DAF0D475BAF64,SCRYDEX_JP,GRADED,10,,,61459,2026-06-29
CRD_6FC1CB0DAF0D475BAF64,SCRYDEX_JP,RAW,,0.8800,USD,1352,2026-06-29
CRD_6FC66FFBF4F043FF9348,SCRYDEX_EN,RAW,,5.6700,USD,8672,2026-06-05
CRD_6FC66FFBF4F043FF9348,SCRYDEX_JP,GRADED,10,,,77807,2026-06-29
CRD_6FC66FFBF4F043FF9348,SCRYDEX_JP,GRADED,9,,,17024,2026-06-29
CRD_6FC66FFBF4F043FF9348,SCRYDEX_JP,RAW,,5.0800,USD,7805,2026-06-29
CRD_6FCF50A226284C4495C6,SCRYDEX_EN,RAW,,13.2500,USD,20358,2026-06-29
CRD_6FCF50A226284C4495C6,SCRYDEX_JP,GRADED,10,,,74104,2026-06-29
CRD_6FCF50A226284C4495C6,SCRYDEX_JP,GRADED,9,,,29593,2026-06-29
CRD_6FCF50A226284C4495C6,SCRYDEX_JP,RAW,,14.9600,USD,22986,2026-06-29
CRD_6FF014B0CBF4472C9593,SCRYDEX_EN,RAW,,16.3400,USD,25124,2026-06-23
CRD_70077C9FC60D4FE79B50,SCRYDEX_EN,RAW,,50.6100,USD,77761,2026-06-29
CRD_70077C9FC60D4FE79B50,SCRYDEX_JP,GRADED,10,,,69756,2026-06-29
CRD_70077C9FC60D4FE79B50,SCRYDEX_JP,GRADED,9,,,24737,2026-06-29
CRD_70077C9FC60D4FE79B50,SCRYDEX_JP,RAW,,9.6000,USD,14750,2026-06-29
CRD_7014E3576D824D92AD07,SCRYDEX_EN,RAW,,2.1200,USD,3242,2026-06-05
CRD_7014E3576D824D92AD07,SCRYDEX_JP,GRADED,10,,,41869,2026-06-29
CRD_7014E3576D824D92AD07,SCRYDEX_JP,RAW,,4.0600,USD,6238,2026-06-29
CRD_70232D25A67C4C04A915,SCRYDEX_EN,RAW,,0.8400,USD,1285,2026-06-05
CRD_70232D25A67C4C04A915,SCRYDEX_JP,GRADED,10,,,39672,2026-06-29
CRD_70232D25A67C4C04A915,SCRYDEX_JP,RAW,,0.3400,USD,522,2026-06-29
CRD_702857AB918C4E93B38D,SCRYDEX_JP,GRADED,10,,,77731,2026-06-29
CRD_702857AB918C4E93B38D,SCRYDEX_JP,GRADED,9,,,46970,2026-06-29
CRD_702857AB918C4E93B38D,SCRYDEX_JP,RAW,,17.7500,USD,27273,2026-06-29
CRD_704B8C245A2D48CFA157,SCRYDEX_EN,RAW,,0.9500,USD,1460,2026-06-29
CRD_704B8C245A2D48CFA157,SCRYDEX_JP,GRADED,10,,,57649,2026-06-29
CRD_704B8C245A2D48CFA157,SCRYDEX_JP,GRADED,9,,,11524,2026-06-29
CRD_704B8C245A2D48CFA157,SCRYDEX_JP,RAW,,0.4000,USD,615,2026-06-29
CRD_7064C189CC039FA97194,SCRYDEX_EN,RAW,,2.5000,USD,3841,2026-06-29
CRD_7064C189CC039FA97194,SCRYDEX_JP,GRADED,10,,,40194,2026-06-29
CRD_7064C189CC039FA97194,SCRYDEX_JP,RAW,,2.8100,USD,4318,2026-06-29
CRD_70689C813B324C93AC03,SCRYDEX_EN,RAW,,35.4400,USD,54453,2026-06-29
CRD_70689C813B324C93AC03,SCRYDEX_JP,GRADED,10,,,412161,2026-06-29
CRD_70689C813B324C93AC03,SCRYDEX_JP,RAW,,75.0000,USD,115236,2026-06-29
CRD_7069D05844E74942ADE8,SCRYDEX_EN,RAW,,14.8400,USD,22696,2026-06-05
CRD_7069D05844E74942ADE8,SCRYDEX_JP,GRADED,9,,,92173,2026-06-29
CRD_7069D05844E74942ADE8,SCRYDEX_JP,RAW,,10.0000,USD,15365,2026-06-29
CRD_7073512FE78844239956,SCRYDEX_EN,RAW,,48.7200,USD,74857,2026-06-29
CRD_7073512FE78844239956,SCRYDEX_JP,GRADED,10,,,120552,2026-06-29
CRD_7073512FE78844239956,SCRYDEX_JP,GRADED,9,,,33173,2026-06-29
CRD_7073512FE78844239956,SCRYDEX_JP,RAW,,34.4700,USD,52962,2026-06-29
CRD_70824255C49C485D92BC,SCRYDEX_EN,RAW,,8.3500,USD,12770,2026-06-05
CRD_70824255C49C485D92BC,SCRYDEX_JP,GRADED,10,,,150575,2026-06-29
CRD_70824255C49C485D92BC,SCRYDEX_JP,GRADED,9,,,27918,2026-06-29
CRD_70824255C49C485D92BC,SCRYDEX_JP,RAW,,18.9400,USD,29101,2026-06-29
CRD_7084B05629B04BBEA2F3,SCRYDEX_EN,RAW,,7.3500,USD,11241,2026-06-05
CRD_7084B05629B04BBEA2F3,SCRYDEX_JP,GRADED,10,,,76932,2026-06-29
CRD_7084B05629B04BBEA2F3,SCRYDEX_JP,GRADED,9,,,6146,2026-06-29
CRD_7084B05629B04BBEA2F3,SCRYDEX_JP,RAW,,10.4100,USD,15995,2026-06-29
CRD_7086E1BDC9604B90A351,SCRYDEX_EN,RAW,,0.6900,USD,1055,2026-06-05
CRD_7086E1BDC9604B90A351,SCRYDEX_JP,GRADED,10,,,31529,2026-06-29
CRD_7086E1BDC9604B90A351,SCRYDEX_JP,GRADED,9,,,9219,2026-06-29
CRD_7086E1BDC9604B90A351,SCRYDEX_JP,RAW,,0.8800,USD,1352,2026-06-29
CRD_70914C281622475CA8B8,SCRYDEX_EN,RAW,,31.2100,USD,47954,2026-06-29
CRD_70943598653E422CB652,SCRYDEX_EN,RAW,,5.0500,USD,7723,2026-06-05
CRD_70943598653E422CB652,SCRYDEX_JP,GRADED,10,,,76056,2026-06-29
CRD_70943598653E422CB652,SCRYDEX_JP,RAW,,6.4400,USD,9895,2026-06-29
CRD_709A2E7C8F6F465F9E61,SCRYDEX_EN,RAW,,6.0500,USD,9296,2026-06-29
CRD_709A2E7C8F6F465F9E61,SCRYDEX_JP,GRADED,10,,,14904,2026-06-29
CRD_709A2E7C8F6F465F9E61,SCRYDEX_JP,RAW,,8.0000,USD,12292,2026-06-29
CRD_70A1CFED68464E399860,SCRYDEX_EN,RAW,,19.7500,USD,30345,2026-06-29
CRD_70A1CFED68464E399860,SCRYDEX_JP,GRADED,10,,,154001,2026-06-29
CRD_70A1CFED68464E399860,SCRYDEX_JP,GRADED,9,,,38504,2026-06-29
CRD_70A1CFED68464E399860,SCRYDEX_JP,RAW,,25.3100,USD,38888,2026-06-29
CRD_70A5FC244F7E41DE819D,SCRYDEX_EN,RAW,,3.3900,USD,5185,2026-06-05
CRD_70AB4EE68E7847EB9537,SCRYDEX_EN,RAW,,16.6900,USD,25525,2026-06-05
CRD_70AB4EE68E7847EB9537,SCRYDEX_JP,GRADED,10,,,177125,2026-06-29
CRD_70AB4EE68E7847EB9537,SCRYDEX_JP,RAW,,85500.0000,KRW,85500,2026-06-29
CRD_70BA4386D40400E2AC36,SCRYDEX_JP,GRADED,10,,,32988,2026-06-29
CRD_70BA4386D40400E2AC36,SCRYDEX_JP,RAW,,0.9700,USD,1490,2026-06-29
CRD_70BF01A370254FDF84AA,SCRYDEX_EN,RAW,,0.8900,USD,1361,2026-06-05
CRD_70BF01A370254FDF84AA,SCRYDEX_JP,GRADED,10,,,37306,2026-06-29
CRD_70BF01A370254FDF84AA,SCRYDEX_JP,RAW,,0.6300,USD,968,2026-06-29
CRD_70C03F70940E4AFD89F7,SCRYDEX_EN,RAW,,4.8400,USD,7402,2026-06-05
CRD_70C03F70940E4AFD89F7,SCRYDEX_JP,GRADED,10,,,114929,2026-06-29
CRD_70C03F70940E4AFD89F7,SCRYDEX_JP,GRADED,9,,,23800,2026-06-29
CRD_70C03F70940E4AFD89F7,SCRYDEX_JP,RAW,,5.6400,USD,8666,2026-06-29
CRD_70C9E5F033A642FA8AA9,SCRYDEX_EN,RAW,,16.6200,USD,25217,2026-06-14
CRD_70C9E5F033A642FA8AA9,SCRYDEX_JP,GRADED,10,,,103912,2026-06-29
CRD_70C9E5F033A642FA8AA9,SCRYDEX_JP,GRADED,9,,,35616,2026-06-29
CRD_70C9E5F033A642FA8AA9,SCRYDEX_JP,RAW,,11.9000,USD,18284,2026-06-29
CRD_70DBE52BB8F949A2A864,SCRYDEX_EN,RAW,,1.0300,USD,1575,2026-06-05
CRD_70DBE52BB8F949A2A864,SCRYDEX_JP,GRADED,10,,,34356,2026-06-29
CRD_70DBE52BB8F949A2A864,SCRYDEX_JP,RAW,,0.2600,USD,399,2026-06-29
CRD_70F0C4F7265945BF97DE,SCRYDEX_EN,RAW,,5.1000,USD,7800,2026-06-05
CRD_70F0C4F7265945BF97DE,SCRYDEX_JP,GRADED,10,,,98304,2026-06-29
CRD_70F0C4F7265945BF97DE,SCRYDEX_JP,GRADED,9,,,23800,2026-06-29
CRD_70F0C4F7265945BF97DE,SCRYDEX_JP,RAW,,2.9700,USD,4563,2026-06-29
CRD_710DC79FEA9542A1BD21,SCRYDEX_EN,RAW,,105.3200,USD,161822,2026-06-29
CRD_710DC79FEA9542A1BD21,SCRYDEX_JP,GRADED,10,,,410117,2026-06-29
CRD_710DC79FEA9542A1BD21,SCRYDEX_JP,GRADED,9,,,76194,2026-06-29
CRD_710DC79FEA9542A1BD21,SCRYDEX_JP,RAW,,60.3200,USD,92680,2026-06-29
CRD_710F7A26402941E7A4D7,SCRYDEX_EN,RAW,,7.5000,USD,11470,2026-06-05
CRD_711241AAC3CB4EFB8F22,SCRYDEX_EN,RAW,,3.9000,USD,5965,2026-06-05
CRD_711241AAC3CB4EFB8F22,SCRYDEX_JP,GRADED,10,,,62381,2026-06-29
CRD_711241AAC3CB4EFB8F22,SCRYDEX_JP,GRADED,9,,,43498,2026-06-29
CRD_711241AAC3CB4EFB8F22,SCRYDEX_JP,RAW,,4.3300,USD,6653,2026-06-29
CRD_7114B0F7FF874949B3FE,SCRYDEX_EN,RAW,,2.3800,USD,3657,2026-06-29
CRD_7115A416A282440CAC93,SCRYDEX_EN,RAW,,6.6800,USD,10216,2026-06-05
CRD_7115A416A282440CAC93,SCRYDEX_JP,GRADED,10,,,82171,2026-06-29
CRD_7115A416A282440CAC93,SCRYDEX_JP,GRADED,9,,,26458,2026-06-29
CRD_7115A416A282440CAC93,SCRYDEX_JP,RAW,,7.8500,USD,12061,2026-06-29
CRD_71205B71BAD34A2C85BD,SCRYDEX_EN,RAW,,3.7400,USD,5746,2026-06-29
CRD_71205B71BAD34A2C85BD,SCRYDEX_JP,GRADED,10,,,107554,2026-06-29
CRD_71205B71BAD34A2C85BD,SCRYDEX_JP,GRADED,9,,,43467,2026-06-29
CRD_71205B71BAD34A2C85BD,SCRYDEX_JP,RAW,,5.3900,USD,8282,2026-06-29
CRD_715FB49EC8004D6DAD2F,SCRYDEX_EN,RAW,,16.9800,USD,26089,2026-06-29
CRD_715FB49EC8004D6DAD2F,SCRYDEX_JP,GRADED,10,,,57280,2026-06-29
CRD_715FB49EC8004D6DAD2F,SCRYDEX_JP,GRADED,9,,,25459,2026-06-29
CRD_715FB49EC8004D6DAD2F,SCRYDEX_JP,RAW,,13.7000,USD,21050,2026-06-29
CRD_716841C8EA25435BA3A7,SCRYDEX_EN,RAW,,34.9300,USD,53669,2026-06-29
CRD_716841C8EA25435BA3A7,SCRYDEX_JP,GRADED,10,,,108814,2026-06-29
CRD_716841C8EA25435BA3A7,SCRYDEX_JP,GRADED,9,,,55206,2026-06-29
CRD_716841C8EA25435BA3A7,SCRYDEX_JP,RAW,,19.9300,USD,30622,2026-06-29
CRD_7198FCCE27034FF78404,SCRYDEX_EN,RAW,,76.5500,USD,117618,2026-06-29
CRD_7198FCCE27034FF78404,SCRYDEX_JP,GRADED,10,,,308141,2026-06-29
CRD_7198FCCE27034FF78404,SCRYDEX_JP,GRADED,9,,,65531,2026-06-29
CRD_7198FCCE27034FF78404,SCRYDEX_JP,RAW,,71250.0000,KRW,71250,2026-06-29
CRD_71B943080D4E4023A1B4,SCRYDEX_EN,RAW,,96.3800,USD,148086,2026-06-29
CRD_71B943080D4E4023A1B4,SCRYDEX_JP,GRADED,10,,,441846,2026-06-29
CRD_71B943080D4E4023A1B4,SCRYDEX_JP,GRADED,9,,,129602,2026-06-29
CRD_71B943080D4E4023A1B4,SCRYDEX_JP,RAW,,67.5600,USD,103805,2026-06-29
CRD_71D80DC21CF94EA294AF,SCRYDEX_EN,RAW,,7.8900,USD,12067,2026-06-05
CRD_71D80DC21CF94EA294AF,SCRYDEX_JP,GRADED,10,,,138191,2026-06-29
CRD_721C06FA7E914D659B80,SCRYDEX_EN,RAW,,0.8300,USD,1269,2026-06-05
CRD_721C06FA7E914D659B80,SCRYDEX_JP,GRADED,10,,,61444,2026-06-29
CRD_721C06FA7E914D659B80,SCRYDEX_JP,GRADED,9,,,18438,2026-06-29
CRD_721C06FA7E914D659B80,SCRYDEX_JP,RAW,,0.4000,USD,615,2026-06-29
CRD_7258B944611440859FD1,SCRYDEX_EN,RAW,,1.3800,USD,2111,2026-06-05
CRD_7258B944611440859FD1,SCRYDEX_JP,GRADED,10,,,52732,2026-06-29
CRD_7258B944611440859FD1,SCRYDEX_JP,RAW,,0.6900,USD,1060,2026-06-29
CRD_725B42F08E65463899B9,SCRYDEX_EN,RAW,,16.7500,USD,25736,2026-06-29
CRD_725B42F08E65463899B9,SCRYDEX_JP,GRADED,10,,,79559,2026-06-29
CRD_725B42F08E65463899B9,SCRYDEX_JP,GRADED,9,,,30330,2026-06-29
CRD_725B42F08E65463899B9,SCRYDEX_JP,RAW,,4.6500,USD,7145,2026-06-29
CRD_7269FACD98284466BD3F,SCRYDEX_EN,RAW,,20.0100,USD,30192,2026-06-18
CRD_7269FACD98284466BD3F,SCRYDEX_JP,GRADED,10,,,81987,2026-06-29
CRD_7269FACD98284466BD3F,SCRYDEX_JP,GRADED,9,,,34709,2026-06-29
CRD_7269FACD98284466BD3F,SCRYDEX_JP,RAW,,10.3600,USD,15918,2026-06-29
CRD_726F592D695C48E8837F,SCRYDEX_EN,RAW,,10.8000,USD,16517,2026-06-05
CRD_726F592D695C48E8837F,SCRYDEX_JP,GRADED,10,,,68788,2026-06-29
CRD_726F592D695C48E8837F,SCRYDEX_JP,GRADED,9,,,25613,2026-06-29
CRD_726F592D695C48E8837F,SCRYDEX_JP,RAW,,5.1000,USD,7836,2026-06-29
CRD_72783B70F01B4ED8B41A,SCRYDEX_EN,RAW,,4.4000,USD,6729,2026-06-05
CRD_72783B70F01B4ED8B41A,SCRYDEX_JP,GRADED,10,,,60783,2026-06-29
CRD_72783B70F01B4ED8B41A,SCRYDEX_JP,RAW,,9.2600,USD,14228,2026-06-29
CRD_7283A07A9E7242E69F1F,SCRYDEX_EN,RAW,,1.8000,USD,2753,2026-06-05
CRD_7283A07A9E7242E69F1F,SCRYDEX_JP,GRADED,10,,,49198,2026-06-29
CRD_7283A07A9E7242E69F1F,SCRYDEX_JP,GRADED,9,,,10755,2026-06-29
CRD_7283A07A9E7242E69F1F,SCRYDEX_JP,RAW,,0.5900,USD,907,2026-06-29
CRD_7287BB47FFDE4919A94C,SCRYDEX_EN,RAW,,9.3200,USD,14254,2026-06-05
CRD_7287BB47FFDE4919A94C,SCRYDEX_JP,GRADED,10,,,24614,2026-06-29
CRD_7287BB47FFDE4919A94C,SCRYDEX_JP,RAW,,13.3300,USD,20481,2026-06-29
CRD_728824875FB0AB727B38,SCRYDEX_EN,RAW,,13.6500,USD,20973,2026-06-29
CRD_728824875FB0AB727B38,SCRYDEX_JP,GRADED,10,,,60015,2026-06-29
CRD_728824875FB0AB727B38,SCRYDEX_JP,GRADED,9,,,52486,2026-06-29
CRD_728824875FB0AB727B38,SCRYDEX_JP,RAW,,8.4500,USD,12983,2026-06-29
CRD_729748E685DD4FEB87C8,SCRYDEX_EN,RAW,,19.0800,USD,29316,2026-06-29
CRD_729748E685DD4FEB87C8,SCRYDEX_JP,GRADED,10,,,58386,2026-06-29
CRD_729748E685DD4FEB87C8,SCRYDEX_JP,RAW,,16.9700,USD,26074,2026-06-29
CRD_72D59C5B494A40E7BB6B,SCRYDEX_EN,RAW,,19.9800,USD,30699,2026-06-29
CRD_72D59C5B494A40E7BB6B,SCRYDEX_JP,GRADED,10,,,93725,2026-06-29
CRD_72D59C5B494A40E7BB6B,SCRYDEX_JP,RAW,,13300.0000,KRW,13300,2026-06-29
CRD_72DC6FDF73B541818CBF,SCRYDEX_EN,RAW,,2.1500,USD,3288,2026-06-05
CRD_72DC6FDF73B541818CBF,SCRYDEX_JP,GRADED,10,,,49075,2026-06-29
CRD_72DC6FDF73B541818CBF,SCRYDEX_JP,GRADED,9,,,26120,2026-06-29
CRD_72DC6FDF73B541818CBF,SCRYDEX_JP,RAW,,4.5200,USD,6945,2026-06-29
CRD_72EA7027E1B24D65A9C8,SCRYDEX_EN,RAW,,3.9700,USD,6072,2026-06-05
CRD_72EA7027E1B24D65A9C8,SCRYDEX_JP,GRADED,10,,,83124,2026-06-29
CRD_72EA7027E1B24D65A9C8,SCRYDEX_JP,RAW,,6.4000,USD,9833,2026-06-29
CRD_73060B256D5B47E6A823,SCRYDEX_EN,RAW,,14.8500,USD,22711,2026-06-05
CRD_73060B256D5B47E6A823,SCRYDEX_JP,GRADED,10,,,364929,2026-06-29
CRD_73060B256D5B47E6A823,SCRYDEX_JP,GRADED,9,,,41685,2026-06-29
CRD_73060B256D5B47E6A823,SCRYDEX_JP,RAW,,95000.0000,KRW,95000,2026-06-29
CRD_730805FC07034C0DB994,SCRYDEX_EN,RAW,,725.0000,USD,1108793,2026-06-05
CRD_730805FC07034C0DB994,SCRYDEX_JP,GRADED,10,,,4513687,2026-06-29
CRD_730805FC07034C0DB994,SCRYDEX_JP,GRADED,9,,,620093,2026-06-29
CRD_730805FC07034C0DB994,SCRYDEX_JP,RAW,,1425000.0000,KRW,1425000,2026-06-29
CRD_731422CCDFEE4AC59613,SCRYDEX_EN,RAW,,228.9800,USD,351823,2026-06-29
CRD_731422CCDFEE4AC59613,SCRYDEX_JP,GRADED,10,,,366927,2026-06-29
CRD_731422CCDFEE4AC59613,SCRYDEX_JP,GRADED,9,,,195456,2026-06-29
CRD_731422CCDFEE4AC59613,SCRYDEX_JP,RAW,,104.5000,USD,160562,2026-06-29
CRD_7316D576A7F66A4CB338,SCRYDEX_EN,RAW,,9.3200,USD,14320,2026-06-29
CRD_7316D576A7F66A4CB338,SCRYDEX_JP,GRADED,10,,,57357,2026-06-29
CRD_7316D576A7F66A4CB338,SCRYDEX_JP,GRADED,9,,,15580,2026-06-29
CRD_7316D576A7F66A4CB338,SCRYDEX_JP,RAW,,2.1900,USD,3365,2026-06-29
CRD_7341FC41F0D143948B61,SCRYDEX_EN,RAW,,19.7700,USD,30236,2026-06-05
CRD_7341FC41F0D143948B61,SCRYDEX_JP,GRADED,10,,,156951,2026-06-29
CRD_7341FC41F0D143948B61,SCRYDEX_JP,GRADED,9,,,38888,2026-06-29
CRD_7341FC41F0D143948B61,SCRYDEX_JP,RAW,,10.4500,USD,16056,2026-06-29
CRD_734D08C448CA482595A4,SCRYDEX_EN,RAW,,19.6500,USD,30192,2026-06-29
CRD_734D08C448CA482595A4,SCRYDEX_JP,GRADED,10,,,86873,2026-06-29
CRD_734D08C448CA482595A4,SCRYDEX_JP,GRADED,9,,,41500,2026-06-29
CRD_734D08C448CA482595A4,SCRYDEX_JP,RAW,,5.0600,USD,7775,2026-06-29
CRD_738510ECA688475BA724,SCRYDEX_EN,RAW,,11.9300,USD,18245,2026-06-05
CRD_738510ECA688475BA724,SCRYDEX_JP,GRADED,10,,,71154,2026-06-28
CRD_738510ECA688475BA724,SCRYDEX_JP,GRADED,9,,,24645,2026-06-28
CRD_738510ECA688475BA724,SCRYDEX_JP,RAW,,4.8300,USD,7421,2026-06-28
CRD_7397558D5108401EB78D,SCRYDEX_EN,RAW,,16.8200,USD,25836,2026-06-27
CRD_7397558D5108401EB78D,SCRYDEX_JP,GRADED,10,,,511648,2026-06-29
CRD_7397558D5108401EB78D,SCRYDEX_JP,RAW,,26.6600,USD,40963,2026-06-29
CRD_739A8D30A5494EFBA4DB,SCRYDEX_EN,RAW,,18.2800,USD,27957,2026-06-05
CRD_739A8D30A5494EFBA4DB,SCRYDEX_JP,GRADED,10,,,87258,2026-05-12
CRD_739A8D30A5494EFBA4DB,SCRYDEX_JP,GRADED,9,,,26316,2026-05-12
CRD_739A8D30A5494EFBA4DB,SCRYDEX_JP,RAW,,2.0700,USD,3028,2026-05-12
CRD_73BB41EBB51F4E5C98C6,SCRYDEX_EN,RAW,,13.4700,USD,20696,2026-06-29
CRD_73BB41EBB51F4E5C98C6,SCRYDEX_JP,GRADED,10,,,38888,2026-06-29
CRD_73BB41EBB51F4E5C98C6,SCRYDEX_JP,GRADED,9,,,19974,2026-06-29
CRD_73BB41EBB51F4E5C98C6,SCRYDEX_JP,RAW,,12.1500,USD,18668,2026-06-29
CRD_73BC837020A74A488C75,SCRYDEX_EN,RAW,,3.1700,USD,4848,2026-06-05
CRD_73BC837020A74A488C75,SCRYDEX_JP,GRADED,9,,,12292,2026-06-29
CRD_73BC837020A74A488C75,SCRYDEX_JP,RAW,,3.5400,USD,5439,2026-06-29
CRD_73BF8E71FFB94618AEB0,SCRYDEX_EN,RAW,,1.3700,USD,2105,2026-06-29
CRD_73BF8E71FFB94618AEB0,SCRYDEX_JP,GRADED,10,,,65177,2026-06-29
CRD_73BF8E71FFB94618AEB0,SCRYDEX_JP,RAW,,0.4800,USD,738,2026-06-29
CRD_73CA21A2A3EB47D1AF95,SCRYDEX_EN,RAW,,156.3500,USD,240229,2026-06-29
CRD_73CA21A2A3EB47D1AF95,SCRYDEX_JP,GRADED,10,,,1263371,2026-06-29
CRD_73CA21A2A3EB47D1AF95,SCRYDEX_JP,GRADED,9,,,105572,2026-06-29
CRD_73CA21A2A3EB47D1AF95,SCRYDEX_JP,RAW,,74.6200,USD,114652,2026-06-29
CRD_73D6953981C84918B834,SCRYDEX_EN,RAW,,17.8900,USD,27488,2026-06-29
CRD_73D6953981C84918B834,SCRYDEX_JP,GRADED,10,,,47923,2026-06-29
CRD_73D6953981C84918B834,SCRYDEX_JP,GRADED,9,,,29208,2026-06-29
CRD_73D6953981C84918B834,SCRYDEX_JP,RAW,,4.6700,USD,7175,2026-06-29
CRD_73D90A06E6DB40DDAA41,SCRYDEX_EN,RAW,,15.3800,USD,23631,2026-06-29
CRD_73D90A06E6DB40DDAA41,SCRYDEX_JP,GRADED,10,,,79159,2026-06-29
CRD_73D90A06E6DB40DDAA41,SCRYDEX_JP,RAW,,5.2500,USD,8067,2026-06-29
CRD_73E5E12743E44600A13C,SCRYDEX_EN,RAW,,0.9900,USD,1514,2026-06-05
CRD_73E5E12743E44600A13C,SCRYDEX_JP,GRADED,10,,,34924,2026-06-29
CRD_73E5E12743E44600A13C,SCRYDEX_JP,GRADED,9,,,9219,2026-06-29
CRD_73E5E12743E44600A13C,SCRYDEX_JP,RAW,,0.5500,USD,845,2026-06-29
CRD_73E84D59CC8E4A4CA6FD,SCRYDEX_EN,RAW,,200.4200,USD,307941,2026-06-29
CRD_73E84D59CC8E4A4CA6FD,SCRYDEX_JP,GRADED,10,,,309416,2026-06-29
CRD_73E84D59CC8E4A4CA6FD,SCRYDEX_JP,GRADED,9,,,137377,2026-06-29
CRD_73E84D59CC8E4A4CA6FD,SCRYDEX_JP,RAW,,114.3900,USD,175758,2026-06-29
CRD_73F42BA51E1C4FD4A7B7,SCRYDEX_EN,RAW,,2.3100,USD,3533,2026-06-05
CRD_73F42BA51E1C4FD4A7B7,SCRYDEX_JP,GRADED,10,,,46525,2026-06-29
CRD_73F42BA51E1C4FD4A7B7,SCRYDEX_JP,GRADED,9,,,51503,2026-06-29
CRD_73F42BA51E1C4FD4A7B7,SCRYDEX_JP,RAW,,2.3200,USD,3565,2026-06-29
CRD_742200F17881431CB52E,SCRYDEX_EN,RAW,,1.9500,USD,2982,2026-06-05
CRD_742200F17881431CB52E,SCRYDEX_JP,GRADED,10,,,29193,2026-06-29
CRD_742200F17881431CB52E,SCRYDEX_JP,RAW,,3.3000,USD,5070,2026-06-29
CRD_74339EE06F0E42DC99FE,SCRYDEX_EN,RAW,,9.2600,USD,14162,2026-06-05
CRD_74339EE06F0E42DC99FE,SCRYDEX_JP,GRADED,10,,,86719,2026-06-29
CRD_74339EE06F0E42DC99FE,SCRYDEX_JP,GRADED,9,,,23800,2026-06-29
CRD_74339EE06F0E42DC99FE,SCRYDEX_JP,RAW,,12.6000,USD,19360,2026-06-29
CRD_744238CF563C4F9ABC6A,SCRYDEX_EN,RAW,,80.3800,USD,123502,2026-06-29
CRD_744238CF563C4F9ABC6A,SCRYDEX_JP,GRADED,10,,,233883,2026-06-29
CRD_744238CF563C4F9ABC6A,SCRYDEX_JP,GRADED,9,,,59984,2026-06-29
CRD_744238CF563C4F9ABC6A,SCRYDEX_JP,RAW,,19.1000,USD,29347,2026-06-29
CRD_7457BA11C1D9436DAEED,SCRYDEX_EN,RAW,,16.6600,USD,25711,2026-06-25
CRD_7457BA11C1D9436DAEED,SCRYDEX_JP,GRADED,10,,,90038,2026-06-29
CRD_7457BA11C1D9436DAEED,SCRYDEX_JP,GRADED,9,,,48845,2026-06-29
CRD_7457BA11C1D9436DAEED,SCRYDEX_JP,RAW,,15.6900,USD,24107,2026-06-29
CRD_746765E6B4BD453D839B,SCRYDEX_EN,RAW,,0.7400,USD,1137,2026-06-29
CRD_746765E6B4BD453D839B,SCRYDEX_JP,RAW,,0.4700,USD,722,2026-06-29
CRD_7472D09449364F81AB38,SCRYDEX_EN,RAW,,2.1400,USD,3273,2026-06-05
CRD_7472D09449364F81AB38,SCRYDEX_JP,GRADED,10,,,40717,2026-06-29
CRD_7472D09449364F81AB38,SCRYDEX_JP,GRADED,9,,,19974,2026-06-29
CRD_7472D09449364F81AB38,SCRYDEX_JP,RAW,,2.8300,USD,4348,2026-06-29
CRD_749056557121444EB3EA,SCRYDEX_EN,RAW,,10.9700,USD,16855,2026-06-29
CRD_749056557121444EB3EA,SCRYDEX_JP,GRADED,10,,,49598,2026-06-29
CRD_749056557121444EB3EA,SCRYDEX_JP,RAW,,9.0800,USD,13951,2026-06-29
CRD_74B6C998B365467C940F,SCRYDEX_EN,RAW,,0.6000,USD,922,2026-06-29
CRD_74B902EF7172401CA468,SCRYDEX_EN,RAW,,0.5800,USD,891,2026-06-29
CRD_74E51DCCF8D24ADBA306,SCRYDEX_EN,RAW,,15.5800,USD,23828,2026-06-05
CRD_74E51DCCF8D24ADBA306,SCRYDEX_JP,GRADED,10,,,119584,2026-06-29
CRD_74E51DCCF8D24ADBA306,SCRYDEX_JP,GRADED,9,,,43697,2026-06-29
CRD_74E51DCCF8D24ADBA306,SCRYDEX_JP,RAW,,7.7300,USD,11877,2026-06-29
CRD_74F86A62A42E4BF9ACC7,SCRYDEX_EN,RAW,,1.1500,USD,1759,2026-06-05
CRD_74FA58390E8E48D397F0,SCRYDEX_EN,RAW,,5.3300,USD,8152,2026-06-05
CRD_74FA58390E8E48D397F0,SCRYDEX_JP,RAW,,25.0000,USD,38412,2026-06-29
CRD_7518CBB1CFE544CF9DA8,SCRYDEX_EN,RAW,,6.3700,USD,9742,2026-06-05
CRD_7518CBB1CFE544CF9DA8,SCRYDEX_JP,GRADED,10,,,52363,2026-06-29
CRD_7518CBB1CFE544CF9DA8,SCRYDEX_JP,GRADED,9,,,19083,2026-06-29
CRD_7518CBB1CFE544CF9DA8,SCRYDEX_JP,RAW,,13.9800,USD,21480,2026-06-29
CRD_7557F5D3856F4AB8BAA7,SCRYDEX_EN,RAW,,1.9600,USD,2998,2026-06-05
CRD_7557F5D3856F4AB8BAA7,SCRYDEX_JP,GRADED,10,,,67836,2026-06-29
CRD_7557F5D3856F4AB8BAA7,SCRYDEX_JP,GRADED,9,,,24584,2026-06-29
CRD_7557F5D3856F4AB8BAA7,SCRYDEX_JP,RAW,,0.7300,USD,1122,2026-06-29
CRD_75B006ABADD148E0A5BB,SCRYDEX_EN,RAW,,18.0000,USD,27428,2026-06-10
CRD_75B006ABADD148E0A5BB,SCRYDEX_JP,GRADED,10,,,220546,2026-06-29
CRD_75B006ABADD148E0A5BB,SCRYDEX_JP,GRADED,9,,,16901,2026-06-29
CRD_75B006ABADD148E0A5BB,SCRYDEX_JP,RAW,,46.9500,USD,72138,2026-06-29
CRD_75B112D50ACB4C48BD78,SCRYDEX_EN,RAW,,20.0000,USD,30730,2026-06-29
CRD_75B112D50ACB4C48BD78,SCRYDEX_JP,GRADED,10,,,67451,2026-06-29
CRD_75B112D50ACB4C48BD78,SCRYDEX_JP,GRADED,9,,,44804,2026-06-29
CRD_75B112D50ACB4C48BD78,SCRYDEX_JP,RAW,,10.3900,USD,15964,2026-06-29
CRD_75B6983BC68F478F89E9,SCRYDEX_EN,RAW,,4.5400,USD,6943,2026-06-05
CRD_75B6983BC68F478F89E9,SCRYDEX_JP,GRADED,10,,,85182,2026-06-29
CRD_75B6983BC68F478F89E9,SCRYDEX_JP,GRADED,9,,,17577,2026-06-29
CRD_75B6983BC68F478F89E9,SCRYDEX_JP,RAW,,2.1900,USD,3365,2026-06-29
CRD_75D9086E863C4AA6A733,SCRYDEX_EN,RAW,,9.4000,USD,14376,2026-06-05
CRD_75D9086E863C4AA6A733,SCRYDEX_JP,GRADED,10,,,55528,2026-06-29
CRD_75D9086E863C4AA6A733,SCRYDEX_JP,GRADED,9,,,20604,2026-06-29
CRD_75D9086E863C4AA6A733,SCRYDEX_JP,RAW,,1.6400,USD,2520,2026-06-29
CRD_75E352E7A1BF4AD3A0CF,SCRYDEX_EN,RAW,,52.3600,USD,80450,2026-06-29
CRD_75E352E7A1BF4AD3A0CF,SCRYDEX_JP,GRADED,10,,,219624,2026-06-29
CRD_75E352E7A1BF4AD3A0CF,SCRYDEX_JP,GRADED,9,,,99871,2026-06-29
CRD_75E352E7A1BF4AD3A0CF,SCRYDEX_JP,RAW,,41.8200,USD,64256,2026-06-29
CRD_75EF99D62A3D4947A330,SCRYDEX_EN,RAW,,4.5100,USD,6930,2026-06-29
CRD_75EF99D62A3D4947A330,SCRYDEX_JP,GRADED,10,,,148347,2026-06-29
CRD_75EF99D62A3D4947A330,SCRYDEX_JP,GRADED,9,,,19974,2026-06-29
CRD_75EF99D62A3D4947A330,SCRYDEX_JP,RAW,,5.6700,USD,8712,2026-06-29
CRD_75F07C682B69468CA27A,SCRYDEX_EN,RAW,,1.4300,USD,2187,2026-06-05
CRD_75F716B7F446495680CA,SCRYDEX_EN,RAW,,19.0600,USD,29285,2026-06-27
CRD_75F716B7F446495680CA,SCRYDEX_JP,GRADED,10,,,140803,2026-06-29
CRD_75F716B7F446495680CA,SCRYDEX_JP,GRADED,9,,,69695,2026-06-29
CRD_75F716B7F446495680CA,SCRYDEX_JP,RAW,,17.7800,USD,27319,2026-06-29
CRD_76057B536C1E494D9DD9,SCRYDEX_EN,RAW,,26.8400,USD,41239,2026-06-29
CRD_76057B536C1E494D9DD9,SCRYDEX_JP,GRADED,10,,,157858,2026-06-29
CRD_76057B536C1E494D9DD9,SCRYDEX_JP,GRADED,9,,,49167,2026-06-29
CRD_76057B536C1E494D9DD9,SCRYDEX_JP,RAW,,17.0400,USD,26182,2026-06-29
CRD_761714141AFD427DA3EC,SCRYDEX_EN,RAW,,43.6600,USD,67083,2026-06-29
CRD_761714141AFD427DA3EC,SCRYDEX_JP,GRADED,10,,,522680,2026-06-29
CRD_761714141AFD427DA3EC,SCRYDEX_JP,GRADED,9,,,351101,2026-06-29
CRD_761714141AFD427DA3EC,SCRYDEX_JP,RAW,,42.7000,USD,65608,2026-06-29
CRD_761AFE3BD91646FEBEA5,SCRYDEX_EN,RAW,,23.6600,USD,36185,2026-06-05
CRD_761AFE3BD91646FEBEA5,SCRYDEX_JP,GRADED,10,,,230518,2026-06-29
CRD_761AFE3BD91646FEBEA5,SCRYDEX_JP,RAW,,25.0000,USD,38412,2026-06-29
CRD_761F112811784F3C9B5A,SCRYDEX_EN,RAW,,1.0100,USD,1545,2026-06-05
CRD_761F112811784F3C9B5A,SCRYDEX_JP,GRADED,10,,,31851,2026-06-29
CRD_761F112811784F3C9B5A,SCRYDEX_JP,GRADED,9,,,69126,2026-06-29
CRD_761F112811784F3C9B5A,SCRYDEX_JP,RAW,,1.0400,USD,1598,2026-06-29
CRD_7633E4DC01B743F4A4BC,SCRYDEX_EN,RAW,,1403.1600,USD,2155927,2026-06-29
CRD_7633E4DC01B743F4A4BC,SCRYDEX_JP,GRADED,10,,,1065672,2026-06-29
CRD_7633E4DC01B743F4A4BC,SCRYDEX_JP,GRADED,9,,,688712,2026-06-29
CRD_7633E4DC01B743F4A4BC,SCRYDEX_JP,RAW,,459.3200,USD,705736,2026-06-29
CRD_763739C433694BD7A95F,SCRYDEX_EN,RAW,,2.1300,USD,3273,2026-06-29
CRD_763739C433694BD7A95F,SCRYDEX_JP,GRADED,10,,,27657,2026-06-29
CRD_763739C433694BD7A95F,SCRYDEX_JP,RAW,,1.9400,USD,2981,2026-06-29
CRD_76493C10952F4FC896FF,SCRYDEX_EN,RAW,,3.2000,USD,4894,2026-06-05
CRD_76493C10952F4FC896FF,SCRYDEX_JP,GRADED,10,,,70386,2026-06-29
CRD_76493C10952F4FC896FF,SCRYDEX_JP,RAW,,1.2600,USD,1936,2026-06-29
CRD_7666E22ADA2D4444AB42,SCRYDEX_EN,RAW,,243.7500,USD,374517,2026-06-29
CRD_7666E22ADA2D4444AB42,SCRYDEX_JP,GRADED,10,,,596738,2026-06-29
CRD_7666E22ADA2D4444AB42,SCRYDEX_JP,GRADED,9,,,199051,2026-06-29
CRD_7666E22ADA2D4444AB42,SCRYDEX_JP,RAW,,155.7600,USD,239322,2026-06-29
CRD_7670562F15A640309F43,SCRYDEX_EN,RAW,,6.5800,USD,10063,2026-06-05
CRD_7670562F15A640309F43,SCRYDEX_JP,GRADED,10,,,162790,2026-06-29
CRD_7670562F15A640309F43,SCRYDEX_JP,GRADED,9,,,50473,2026-06-29
CRD_7670562F15A640309F43,SCRYDEX_JP,RAW,,21.0900,USD,32404,2026-06-29
CRD_7677BD40116548CBA138,SCRYDEX_EN,RAW,,7.7600,USD,11868,2026-06-05
CRD_7677BD40116548CBA138,SCRYDEX_JP,GRADED,10,,,322461,2026-06-29
CRD_7677BD40116548CBA138,SCRYDEX_JP,RAW,,190000.0000,KRW,190000,2026-06-29
CRD_768441CE9EA84982800D,SCRYDEX_EN,RAW,,4.4800,USD,6852,2026-06-05
CRD_768441CE9EA84982800D,SCRYDEX_JP,GRADED,10,,,46632,2026-06-29
CRD_768441CE9EA84982800D,SCRYDEX_JP,RAW,,1.9500,USD,2996,2026-06-29
CRD_768F67D90A2142609676,SCRYDEX_EN,RAW,,5.8200,USD,8942,2026-06-29
CRD_768F67D90A2142609676,SCRYDEX_JP,GRADED,10,,,190324,2026-06-29
CRD_768F67D90A2142609676,SCRYDEX_JP,RAW,,11.2800,USD,17331,2026-06-29
CRD_769E68E6E5B20F7CD4C6,SCRYDEX_JP,RAW,,2.8300,USD,4348,2026-06-29
CRD_76AE8067C83542EF95BB,SCRYDEX_EN,RAW,,16.0600,USD,24676,2026-06-29
CRD_76AE8067C83542EF95BB,SCRYDEX_JP,GRADED,10,,,66038,2026-06-29
CRD_76AE8067C83542EF95BB,SCRYDEX_JP,GRADED,9,,,19959,2026-06-29
CRD_76AE8067C83542EF95BB,SCRYDEX_JP,RAW,,6.6900,USD,10279,2026-06-29
CRD_76BD806D0418EAE90B42,SCRYDEX_JP,RAW,,0.4800,USD,738,2026-06-29
CRD_76C27B14CD0C45E3A73B,SCRYDEX_EN,RAW,,2.8400,USD,4343,2026-06-05
CRD_76E040037E814AEF841B,SCRYDEX_EN,RAW,,6.6200,USD,10124,2026-06-05
CRD_76E040037E814AEF841B,SCRYDEX_JP,GRADED,10,,,50581,2026-06-29
CRD_76E040037E814AEF841B,SCRYDEX_JP,GRADED,9,,,16056,2026-06-29
CRD_76E040037E814AEF841B,SCRYDEX_JP,RAW,,1.8500,USD,2842,2026-06-29
CRD_77207234896E4180A67D,SCRYDEX_EN,RAW,,8.3500,USD,12770,2026-06-05
CRD_77207234896E4180A67D,SCRYDEX_JP,GRADED,10,,,72522,2026-06-29
CRD_77207234896E4180A67D,SCRYDEX_JP,GRADED,9,,,24768,2026-06-29
CRD_77207234896E4180A67D,SCRYDEX_JP,RAW,,3.2700,USD,5024,2026-06-29
CRD_773316D488304D578A1D,SCRYDEX_EN,RAW,,5.1600,USD,7892,2026-06-05
CRD_773316D488304D578A1D,SCRYDEX_JP,GRADED,10,,,34617,2026-06-29
CRD_773316D488304D578A1D,SCRYDEX_JP,GRADED,9,,,22463,2026-06-29
CRD_773316D488304D578A1D,SCRYDEX_JP,RAW,,1.1700,USD,1798,2026-06-29
CRD_774A388CB1DC46F384AE,SCRYDEX_EN,RAW,,38.9700,USD,59641,2026-06-20
CRD_774A388CB1DC46F384AE,SCRYDEX_JP,GRADED,10,,,4216347,2026-06-29
CRD_774A388CB1DC46F384AE,SCRYDEX_JP,GRADED,9,,,808865,2026-06-29
CRD_774A388CB1DC46F384AE,SCRYDEX_JP,RAW,,2850000.0000,KRW,2850000,2026-06-29
CRD_7752DD5232086D6A4146,SCRYDEX_JP,GRADED,10,,,42883,2026-06-29
CRD_7752DD5232086D6A4146,SCRYDEX_JP,GRADED,9,,,1613,2026-06-29
CRD_7752DD5232086D6A4146,SCRYDEX_JP,RAW,,2.7900,USD,4287,2026-06-29
CRD_775A49F21F744A09869C,SCRYDEX_EN,RAW,,95.9200,USD,146697,2026-06-05
CRD_775A49F21F744A09869C,SCRYDEX_JP,GRADED,10,,,891143,2026-06-29
CRD_775A49F21F744A09869C,SCRYDEX_JP,GRADED,9,,,168644,2026-06-29
CRD_775A49F21F744A09869C,SCRYDEX_JP,RAW,,209000.0000,KRW,209000,2026-06-29
CRD_77624728BFEA41878FA1,SCRYDEX_EN,RAW,,68.2800,USD,104911,2026-06-29
CRD_77BB414B737A48BA9F33,SCRYDEX_EN,RAW,,7.5600,USD,11616,2026-06-29
CRD_77BB414B737A48BA9F33,SCRYDEX_JP,GRADED,10,,,84107,2026-06-29
CRD_77BB414B737A48BA9F33,SCRYDEX_JP,RAW,,3.8200,USD,5869,2026-06-29
CRD_77BD7E23B3354084B0C9,SCRYDEX_EN,RAW,,1.3800,USD,2111,2026-06-05
CRD_77BD7E23B3354084B0C9,SCRYDEX_JP,GRADED,10,,,61444,2026-06-29
CRD_77BD7E23B3354084B0C9,SCRYDEX_JP,RAW,,1.3500,USD,2074,2026-06-29
CRD_77E23D6E57A144EB9BD7,SCRYDEX_EN,RAW,,17.8200,USD,26545,2026-05-14
CRD_77E23D6E57A144EB9BD7,SCRYDEX_JP,GRADED,10,,,78360,2026-06-29
CRD_77E23D6E57A144EB9BD7,SCRYDEX_JP,RAW,,30.0000,USD,46094,2026-06-29
CRD_782CB6FCC2EE442F9402,SCRYDEX_EN,RAW,,1.9500,USD,2982,2026-06-05
CRD_782CB6FCC2EE442F9402,SCRYDEX_JP,GRADED,10,,,51518,2026-06-29
CRD_782CB6FCC2EE442F9402,SCRYDEX_JP,RAW,,0.8000,USD,1229,2026-06-29
CRD_78304A223D8C4A2EAD04,SCRYDEX_EN,RAW,,33.7300,USD,51825,2026-06-29
CRD_78304A223D8C4A2EAD04,SCRYDEX_JP,GRADED,10,,,107707,2026-06-29
CRD_78304A223D8C4A2EAD04,SCRYDEX_JP,GRADED,9,,,44558,2026-06-29
CRD_78304A223D8C4A2EAD04,SCRYDEX_JP,RAW,,14.8400,USD,22801,2026-06-29
CRD_785C8280FB8348EAA230,SCRYDEX_JP,RAW,,0.0700,USD,104,2026-05-13
CRD_78690B2E84B943EFA5E1,SCRYDEX_EN,RAW,,8.4800,USD,12969,2026-06-05
CRD_78690B2E84B943EFA5E1,SCRYDEX_JP,GRADED,10,,,76655,2026-06-29
CRD_78690B2E84B943EFA5E1,SCRYDEX_JP,RAW,,5.4500,USD,8374,2026-06-29
CRD_786B7853318348889FA2,SCRYDEX_EN,RAW,,0.7500,USD,1147,2026-06-05
CRD_787A4B40D73A4555BE21,SCRYDEX_EN,RAW,,52.2400,USD,80266,2026-06-29
CRD_787A4B40D73A4555BE21,SCRYDEX_JP,GRADED,10,,,119584,2026-06-29
CRD_787A4B40D73A4555BE21,SCRYDEX_JP,GRADED,9,,,46094,2026-06-29
CRD_787A4B40D73A4555BE21,SCRYDEX_JP,RAW,,27.2500,USD,41869,2026-06-29
CRD_787EEE4CA17C4384B003,SCRYDEX_EN,RAW,,1.3600,USD,2080,2026-06-05
CRD_787EEE4CA17C4384B003,SCRYDEX_JP,GRADED,10,,,33526,2026-06-29
CRD_787EEE4CA17C4384B003,SCRYDEX_JP,RAW,,2.5500,USD,3918,2026-06-29
CRD_78A1D3109CFF440DAF76,SCRYDEX_EN,RAW,,4.3200,USD,6607,2026-06-05
CRD_78A1D3109CFF440DAF76,SCRYDEX_JP,GRADED,10,,,65039,2026-06-29
CRD_78A1D3109CFF440DAF76,SCRYDEX_JP,GRADED,9,,,23693,2026-06-29
CRD_78A1D3109CFF440DAF76,SCRYDEX_JP,RAW,,5.1600,USD,7928,2026-06-29
CRD_78BC0A0FADB34F7CAADD,SCRYDEX_EN,RAW,,1.9800,USD,3028,2026-06-05
CRD_78BC0A0FADB34F7CAADD,SCRYDEX_JP,GRADED,10,,,80312,2026-06-29
CRD_78BC0A0FADB34F7CAADD,SCRYDEX_JP,GRADED,9,,,10030,2026-06-07
CRD_78BC0A0FADB34F7CAADD,SCRYDEX_JP,RAW,,3.2400,USD,4978,2026-06-29
CRD_78C5517A0AB142AC8502,SCRYDEX_EN,RAW,,5.0900,USD,7784,2026-06-05
CRD_78C5517A0AB142AC8502,SCRYDEX_JP,GRADED,10,,,108660,2026-06-29
CRD_78C5517A0AB142AC8502,SCRYDEX_JP,GRADED,9,,,29961,2026-06-29
CRD_78C5517A0AB142AC8502,SCRYDEX_JP,RAW,,9.5000,USD,14597,2026-06-29
CRD_78C8EBD5445449F38745,SCRYDEX_EN,RAW,,6.5800,USD,10063,2026-06-05
CRD_78C8EBD5445449F38745,SCRYDEX_JP,GRADED,10,,,46617,2026-06-29
CRD_78C8EBD5445449F38745,SCRYDEX_JP,GRADED,9,,,55728,2026-06-29
CRD_78C8EBD5445449F38745,SCRYDEX_JP,RAW,,5.2800,USD,8113,2026-06-29
CRD_78E696D892A1480CB471,SCRYDEX_EN,RAW,,7.8900,USD,12132,2026-06-23
CRD_78E696D892A1480CB471,SCRYDEX_JP,GRADED,10,,,126836,2026-06-29
CRD_78E696D892A1480CB471,SCRYDEX_JP,GRADED,9,,,25352,2026-06-29
CRD_78E696D892A1480CB471,SCRYDEX_JP,RAW,,6.9800,USD,10725,2026-06-29
CRD_791572148F7B4CA19F63,SCRYDEX_EN,RAW,,18.6600,USD,28671,2026-06-29
CRD_791572148F7B4CA19F63,SCRYDEX_JP,GRADED,10,,,78176,2026-06-29
CRD_791572148F7B4CA19F63,SCRYDEX_JP,GRADED,9,,,25168,2026-06-29
CRD_791572148F7B4CA19F63,SCRYDEX_JP,RAW,,4.7800,USD,7344,2026-06-29
CRD_79249DEC98634364B4D5,SCRYDEX_EN,RAW,,7.0400,USD,10767,2026-06-05
CRD_79249DEC98634364B4D5,SCRYDEX_JP,GRADED,10,,,63795,2026-06-29
CRD_79249DEC98634364B4D5,SCRYDEX_JP,GRADED,9,,,18407,2026-06-29
CRD_79249DEC98634364B4D5,SCRYDEX_JP,RAW,,7.5500,USD,11600,2026-06-29
CRD_793053A5665347469533,SCRYDEX_EN,RAW,,29.1600,USD,44804,2026-06-29
CRD_793053A5665347469533,SCRYDEX_JP,GRADED,10,,,188219,2026-06-29
CRD_793053A5665347469533,SCRYDEX_JP,GRADED,9,,,61674,2026-06-29
CRD_793053A5665347469533,SCRYDEX_JP,RAW,,20.6500,USD,31728,2026-06-29
CRD_795EDB8C9C91475EBBBD,SCRYDEX_EN,RAW,,34.2000,USD,52304,2026-06-05
CRD_795EDB8C9C91475EBBBD,SCRYDEX_JP,GRADED,10,,,1123997,2026-06-29
CRD_795EDB8C9C91475EBBBD,SCRYDEX_JP,GRADED,9,,,459408,2026-06-29
CRD_795EDB8C9C91475EBBBD,SCRYDEX_JP,RAW,,121.2500,USD,186298,2026-06-29
CRD_796EC7E6363A48C6ADF7,SCRYDEX_EN,RAW,,1.0200,USD,1560,2026-06-05
CRD_796EC7E6363A48C6ADF7,SCRYDEX_JP,RAW,,1.3000,USD,1997,2026-06-29
CRD_798B992F69334701BDF2,SCRYDEX_EN,RAW,,8.9700,USD,13718,2026-06-05
CRD_798B992F69334701BDF2,SCRYDEX_JP,GRADED,10,,,126852,2026-06-29
CRD_798B992F69334701BDF2,SCRYDEX_JP,GRADED,9,,,6530,2026-06-29
CRD_798B992F69334701BDF2,SCRYDEX_JP,RAW,,4.2400,USD,6515,2026-06-29
CRD_798D0C5E75B145E48C52,SCRYDEX_EN,RAW,,15.7700,USD,24118,2026-06-05
CRD_798D0C5E75B145E48C52,SCRYDEX_JP,GRADED,10,,,130893,2026-06-29
CRD_798D0C5E75B145E48C52,SCRYDEX_JP,RAW,,6.0100,USD,9234,2026-06-29
CRD_79944D97ECE040D19022,SCRYDEX_EN,RAW,,0.6900,USD,1055,2026-06-05
CRD_79944D97ECE040D19022,SCRYDEX_JP,GRADED,10,,,28440,2026-06-28
CRD_79944D97ECE040D19022,SCRYDEX_JP,RAW,,0.2100,USD,323,2026-06-28
CRD_799DF0D045214B7ABBDA,SCRYDEX_EN,RAW,,7.8800,USD,12107,2026-06-29
CRD_799DF0D045214B7ABBDA,SCRYDEX_JP,GRADED,10,,,76378,2026-06-29
CRD_799DF0D045214B7ABBDA,SCRYDEX_JP,RAW,,5.9300,USD,9111,2026-06-29
CRD_79A7AA5045634FCAAE44,SCRYDEX_EN,RAW,,1.9200,USD,2936,2026-06-05
CRD_79A7AA5045634FCAAE44,SCRYDEX_JP,GRADED,10,,,23109,2026-06-29
CRD_79A7AA5045634FCAAE44,SCRYDEX_JP,RAW,,6.9700,USD,10709,2026-06-29
CRD_79AB9AEE4B68458A98DD,SCRYDEX_EN,RAW,,32.6800,USD,50212,2026-06-29
CRD_79AB9AEE4B68458A98DD,SCRYDEX_JP,GRADED,10,,,72445,2026-06-29
CRD_79AB9AEE4B68458A98DD,SCRYDEX_JP,GRADED,9,,,17147,2026-06-29
CRD_79AB9AEE4B68458A98DD,SCRYDEX_JP,RAW,,10.1200,USD,15549,2026-06-29
CRD_79B0B8C088454C1EB451,SCRYDEX_EN,RAW,,2.5900,USD,3961,2026-06-05
CRD_79B0B8C088454C1EB451,SCRYDEX_JP,GRADED,10,,,71200,2026-06-29
CRD_79B0B8C088454C1EB451,SCRYDEX_JP,RAW,,3.7400,USD,5746,2026-06-29
CRD_79B516E57BA34A8A8AF8,SCRYDEX_EN,RAW,,5.0100,USD,7662,2026-06-05
CRD_79B516E57BA34A8A8AF8,SCRYDEX_JP,GRADED,10,,,83108,2026-06-29
CRD_79B516E57BA34A8A8AF8,SCRYDEX_JP,RAW,,8.0000,USD,12292,2026-06-29
CRD_79C908702D7C4C89A247,SCRYDEX_EN,RAW,,1.3800,USD,2111,2026-06-05
CRD_79C908702D7C4C89A247,SCRYDEX_JP,GRADED,10,,,27964,2026-06-29
CRD_79C908702D7C4C89A247,SCRYDEX_JP,GRADED,9,,,12292,2026-06-29
CRD_79C908702D7C4C89A247,SCRYDEX_JP,RAW,,1.2300,USD,1890,2026-06-29
CRD_79D926D3E72B4438C2AB,SCRYDEX_JP,GRADED,10,,,4493190,2026-06-29
CRD_79D926D3E72B4438C2AB,SCRYDEX_JP,GRADED,9,,,1390607,2026-06-29
CRD_79D926D3E72B4438C2AB,SCRYDEX_JP,RAW,,2280000.0000,KRW,2280000,2026-06-29
CRD_79DAA61E0E0E4DB6B833,SCRYDEX_EN,RAW,,7.5400,USD,11585,2026-06-29
CRD_79DAA61E0E0E4DB6B833,SCRYDEX_JP,GRADED,10,,,61321,2026-06-29
CRD_79DAA61E0E0E4DB6B833,SCRYDEX_JP,RAW,,5.8100,USD,8927,2026-06-29
CRD_79ED4A2D30A34E139A64,SCRYDEX_EN,RAW,,0.7300,USD,1116,2026-06-05
CRD_79FBECF1B0704D588D61,SCRYDEX_JP,GRADED,10,,,374133,2026-06-29
CRD_79FBECF1B0704D588D61,SCRYDEX_JP,GRADED,9,,,99856,2026-06-29
CRD_79FBECF1B0704D588D61,SCRYDEX_JP,RAW,,7.5300,USD,11570,2026-06-29
CRD_7A000CCE7DCA4B44B198,SCRYDEX_EN,RAW,,14.3600,USD,22064,2026-06-27
CRD_7A000CCE7DCA4B44B198,SCRYDEX_JP,GRADED,10,,,84460,2026-06-29
CRD_7A000CCE7DCA4B44B198,SCRYDEX_JP,GRADED,9,,,49659,2026-06-29
CRD_7A000CCE7DCA4B44B198,SCRYDEX_JP,RAW,,8.4200,USD,12937,2026-06-29
CRD_7A0F593EA7884BE68C8F,SCRYDEX_EN,RAW,,7.2600,USD,11103,2026-06-05
CRD_7A0F593EA7884BE68C8F,SCRYDEX_JP,GRADED,10,,,50519,2026-06-29
CRD_7A0F593EA7884BE68C8F,SCRYDEX_JP,RAW,,20.0000,USD,30730,2026-06-29
CRD_7A1CEB09D1B58CFDD57B,SCRYDEX_JP,GRADED,10,,,62996,2026-06-29
CRD_7A1CEB09D1B58CFDD57B,SCRYDEX_JP,RAW,,0.8700,USD,1337,2026-06-29
CRD_7A36346C7D944650B5E6,SCRYDEX_EN,RAW,,1.1800,USD,1814,2026-06-23
CRD_7A36346C7D944650B5E6,SCRYDEX_JP,GRADED,10,,,47738,2026-06-29
CRD_7A36346C7D944650B5E6,SCRYDEX_JP,GRADED,9,,,12292,2026-06-29
CRD_7A36346C7D944650B5E6,SCRYDEX_JP,RAW,,1.7800,USD,2735,2026-06-29
CRD_7A536360D1EC48FB885A,SCRYDEX_EN,RAW,,5.3100,USD,8121,2026-06-05
CRD_7A54C2FA809B4E9699FD,SCRYDEX_EN,RAW,,0.8800,USD,1346,2026-06-05
CRD_7A54C2FA809B4E9699FD,SCRYDEX_JP,GRADED,10,,,46832,2026-06-29
CRD_7A54C2FA809B4E9699FD,SCRYDEX_JP,GRADED,9,,,14981,2026-06-29
CRD_7A54C2FA809B4E9699FD,SCRYDEX_JP,RAW,,0.6900,USD,1060,2026-06-29
CRD_7A64F020EDC04ED89C1D,SCRYDEX_EN,RAW,,12.7800,USD,19636,2026-06-29
CRD_7A64F020EDC04ED89C1D,SCRYDEX_JP,GRADED,10,,,59154,2026-06-29
CRD_7A64F020EDC04ED89C1D,SCRYDEX_JP,GRADED,9,,,26489,2026-06-29
CRD_7A64F020EDC04ED89C1D,SCRYDEX_JP,RAW,,2.7700,USD,4256,2026-06-29
CRD_7A7850AA59504787B71D,SCRYDEX_EN,RAW,,1.9200,USD,2936,2026-06-05
CRD_7A7850AA59504787B71D,SCRYDEX_JP,GRADED,10,,,45879,2026-06-29
CRD_7A7850AA59504787B71D,SCRYDEX_JP,GRADED,9,,,19928,2026-06-29
CRD_7A7850AA59504787B71D,SCRYDEX_JP,RAW,,2.1600,USD,3319,2026-06-29
CRD_7A7B7FE3D8DA4848943D,SCRYDEX_EN,RAW,,78.4100,USD,120475,2026-06-29
CRD_7A7B7FE3D8DA4848943D,SCRYDEX_JP,GRADED,10,,,225064,2026-06-29
CRD_7A7B7FE3D8DA4848943D,SCRYDEX_JP,GRADED,9,,,40287,2026-06-29
CRD_7A7B7FE3D8DA4848943D,SCRYDEX_JP,RAW,,39.5600,USD,60783,2026-06-29
CRD_7A85040155F046DBAD18,SCRYDEX_EN,RAW,,7.8100,USD,12000,2026-06-29
CRD_7A85040155F046DBAD18,SCRYDEX_JP,RAW,,4750.0000,KRW,4750,2026-06-29
CRD_7A88D55AC936FE0D18E4,SCRYDEX_JP,GRADED,10,,,104158,2026-06-29
CRD_7A88D55AC936FE0D18E4,SCRYDEX_JP,GRADED,9,,,44512,2026-06-29
CRD_7A88D55AC936FE0D18E4,SCRYDEX_JP,RAW,,0.8300,USD,1275,2026-06-29
CRD_7AC4C404D19B4C5FB0B1,SCRYDEX_JP,RAW,,0.4400,USD,676,2026-06-29
CRD_7AC86543E266416EBBF3,SCRYDEX_EN,RAW,,91.9700,USD,141310,2026-06-29
CRD_7AC86543E266416EBBF3,SCRYDEX_JP,GRADED,10,,,426742,2026-06-29
CRD_7AC86543E266416EBBF3,SCRYDEX_JP,GRADED,9,,,139005,2026-06-29
CRD_7AC86543E266416EBBF3,SCRYDEX_JP,RAW,,81.2700,USD,124870,2026-06-29
CRD_7AD3E7B95A594FFEABE6,SCRYDEX_EN,RAW,,1035.6600,USD,1591271,2026-06-29
CRD_7AD3E7B95A594FFEABE6,SCRYDEX_JP,GRADED,10,,,1524434,2026-06-29
CRD_7AD3E7B95A594FFEABE6,SCRYDEX_JP,GRADED,9,,,797203,2026-06-29
CRD_7AD3E7B95A594FFEABE6,SCRYDEX_JP,RAW,,499.7300,USD,767825,2026-06-29
CRD_7ADACFDF9777471C8C30,SCRYDEX_EN,RAW,,0.9300,USD,1422,2026-06-05
CRD_7ADE94812E08415390CB,SCRYDEX_EN,RAW,,22.2800,USD,34074,2026-06-05
CRD_7ADE94812E08415390CB,SCRYDEX_JP,GRADED,10,,,681874,2026-06-29
CRD_7ADE94812E08415390CB,SCRYDEX_JP,GRADED,9,,,168460,2026-06-29
CRD_7ADE94812E08415390CB,SCRYDEX_JP,RAW,,79.9900,USD,122903,2026-06-29
CRD_7AF195199BBA474DA108,SCRYDEX_EN,RAW,,3.7700,USD,5766,2026-06-05
CRD_7AF195199BBA474DA108,SCRYDEX_JP,RAW,,3.3100,USD,5086,2026-06-29
CRD_7B0CD02EFB474874B2F9,SCRYDEX_EN,RAW,,0.8100,USD,1239,2026-06-05
CRD_7B0CD02EFB474874B2F9,SCRYDEX_JP,RAW,,0.6500,USD,999,2026-06-29
CRD_7B22D01FE0474BF9AF2E,SCRYDEX_EN,RAW,,10.7800,USD,16487,2026-06-05
CRD_7B22D01FE0474BF9AF2E,SCRYDEX_JP,GRADED,10,,,82279,2026-06-29
CRD_7B22D01FE0474BF9AF2E,SCRYDEX_JP,GRADED,9,,,36153,2026-06-29
CRD_7B22D01FE0474BF9AF2E,SCRYDEX_JP,RAW,,6.5700,USD,10095,2026-06-29
CRD_7B28676DCCDC4062B984,SCRYDEX_EN,RAW,,0.7200,USD,1101,2026-06-05
CRD_7B28676DCCDC4062B984,SCRYDEX_JP,GRADED,10,,,24614,2026-06-29
CRD_7B28676DCCDC4062B984,SCRYDEX_JP,RAW,,0.2900,USD,446,2026-06-29
CRD_7B2AC59C744C44BF9B8D,SCRYDEX_EN,RAW,,70.0300,USD,107102,2026-06-05
CRD_7B317B9E170247469F62,SCRYDEX_EN,RAW,,1.5000,USD,2294,2026-06-05
CRD_7B317B9E170247469F62,SCRYDEX_JP,GRADED,10,,,39672,2026-06-29
CRD_7B317B9E170247469F62,SCRYDEX_JP,RAW,,1.2100,USD,1859,2026-06-29
CRD_7B7C4F93D58F45928675,SCRYDEX_EN,RAW,,0.9300,USD,1422,2026-06-05
CRD_7B7C4F93D58F45928675,SCRYDEX_JP,GRADED,10,,,40794,2026-06-29
CRD_7B7C4F93D58F45928675,SCRYDEX_JP,RAW,,0.4100,USD,630,2026-06-29
CRD_7BA254D36DFF445F8FB2,SCRYDEX_EN,RAW,,2.2500,USD,3441,2026-06-05
CRD_7BA254D36DFF445F8FB2,SCRYDEX_JP,GRADED,10,,,61382,2026-06-29
CRD_7BA254D36DFF445F8FB2,SCRYDEX_JP,RAW,,2.8300,USD,4348,2026-06-29
CRD_7BA2781997C84AA48CE9,SCRYDEX_EN,RAW,,40.1000,USD,61328,2026-06-05
CRD_7BA2781997C84AA48CE9,SCRYDEX_JP,GRADED,10,,,995163,2026-06-29
CRD_7BA2781997C84AA48CE9,SCRYDEX_JP,GRADED,9,,,306267,2026-06-29
CRD_7BA2781997C84AA48CE9,SCRYDEX_JP,RAW,,353350.0000,KRW,353350,2026-06-09
CRD_7BB063F505DD4DC096EB,SCRYDEX_EN,RAW,,36.4200,USD,55959,2026-06-29
CRD_7BB063F505DD4DC096EB,SCRYDEX_JP,GRADED,10,,,118678,2026-06-29
CRD_7BB063F505DD4DC096EB,SCRYDEX_JP,GRADED,9,,,24430,2026-06-29
CRD_7BB063F505DD4DC096EB,SCRYDEX_JP,RAW,,20.8700,USD,32066,2026-06-29
CRD_7BB12D81EF244F06890A,SCRYDEX_JP,GRADED,10,,,40916,2026-06-29
CRD_7BB12D81EF244F06890A,SCRYDEX_JP,GRADED,9,,,30130,2026-06-29
CRD_7BB12D81EF244F06890A,SCRYDEX_JP,RAW,,3.5800,USD,5501,2026-06-29
CRD_7BB290C3BD38478A914D,SCRYDEX_EN,RAW,,37.8100,USD,58094,2026-06-29
CRD_7BB290C3BD38478A914D,SCRYDEX_JP,GRADED,10,,,76225,2026-06-29
CRD_7BB290C3BD38478A914D,SCRYDEX_JP,GRADED,9,,,38320,2026-06-29
CRD_7BB290C3BD38478A914D,SCRYDEX_JP,RAW,,17.5400,USD,26950,2026-06-29
CRD_7BCDB81D3236447A9119,SCRYDEX_EN,RAW,,0.6400,USD,983,2026-06-29
CRD_7BD33C57DE2641AAA1CE,SCRYDEX_EN,RAW,,3.4400,USD,5261,2026-06-05
CRD_7BD33C57DE2641AAA1CE,SCRYDEX_JP,GRADED,10,,,49490,2026-06-29
CRD_7BD33C57DE2641AAA1CE,SCRYDEX_JP,RAW,,1.5000,USD,2305,2026-06-29
CRD_7BD79E9CD5FD4404913E,SCRYDEX_EN,RAW,,33.9500,USD,52163,2026-06-29
CRD_7BD79E9CD5FD4404913E,SCRYDEX_JP,GRADED,10,,,185192,2026-06-29
CRD_7BD79E9CD5FD4404913E,SCRYDEX_JP,GRADED,9,,,54161,2026-06-29
CRD_7BD79E9CD5FD4404913E,SCRYDEX_JP,RAW,,14.2600,USD,21910,2026-06-29
CRD_7BE4E9F9E4664866988F,SCRYDEX_EN,RAW,,5.2400,USD,8014,2026-06-05
CRD_7BE4E9F9E4664866988F,SCRYDEX_JP,GRADED,10,,,68619,2026-06-29
CRD_7BE4E9F9E4664866988F,SCRYDEX_JP,GRADED,9,,,31482,2026-06-29
CRD_7BE4E9F9E4664866988F,SCRYDEX_JP,RAW,,7.0000,USD,10755,2026-06-29
CRD_7BE4EC5B6757486A9FA0,SCRYDEX_EN,RAW,,13.0500,USD,20051,2026-06-29
CRD_7BE4EC5B6757486A9FA0,SCRYDEX_JP,GRADED,10,,,56850,2026-06-29
CRD_7BE4EC5B6757486A9FA0,SCRYDEX_JP,RAW,,8.7600,USD,13460,2026-06-29
CRD_7C055CB02C3D4C798554,SCRYDEX_JP,GRADED,10,,,1684750,2026-06-29
CRD_7C055CB02C3D4C798554,SCRYDEX_JP,GRADED,9,,,532360,2026-06-29
CRD_7C055CB02C3D4C798554,SCRYDEX_JP,RAW,,223.7800,USD,343833,2026-06-29
CRD_7C280FA0405542028F83,SCRYDEX_EN,RAW,,32.7100,USD,50258,2026-06-29
CRD_7C280FA0405542028F83,SCRYDEX_JP,GRADED,10,,,496406,2026-06-29
CRD_7C280FA0405542028F83,SCRYDEX_JP,GRADED,9,,,28748,2026-06-29
CRD_7C280FA0405542028F83,SCRYDEX_JP,RAW,,35.0100,USD,53792,2026-06-29
CRD_7C41E202DFC4497C81E0,SCRYDEX_EN,RAW,,1.1800,USD,1805,2026-06-05
CRD_7C49D1616BA447F592B1,SCRYDEX_EN,RAW,,1.5100,USD,2320,2026-06-29
CRD_7C49D1616BA447F592B1,SCRYDEX_JP,GRADED,10,,,433287,2026-06-29
CRD_7C49D1616BA447F592B1,SCRYDEX_JP,RAW,,0.7800,USD,1198,2026-06-29
CRD_7C8402F1390C43ABA777,SCRYDEX_EN,RAW,,28.1300,USD,43221,2026-06-29
CRD_7C8402F1390C43ABA777,SCRYDEX_JP,GRADED,10,,,123410,2026-06-29
CRD_7C8402F1390C43ABA777,SCRYDEX_JP,GRADED,9,,,18714,2026-06-29
CRD_7C8402F1390C43ABA777,SCRYDEX_JP,RAW,,26.4200,USD,40594,2026-06-29
CRD_7C85BF18CA654083A203,SCRYDEX_EN,RAW,,2.7200,USD,4160,2026-06-05
CRD_7C85BF18CA654083A203,SCRYDEX_JP,GRADED,10,,,43774,2026-06-29
CRD_7C85BF18CA654083A203,SCRYDEX_JP,GRADED,9,,,18438,2026-06-29
CRD_7C85BF18CA654083A203,SCRYDEX_JP,RAW,,1.0900,USD,1675,2026-06-29
CRD_7C974FE36E964EB996DB,SCRYDEX_EN,RAW,,22.1400,USD,34018,2026-06-29
CRD_7C974FE36E964EB996DB,SCRYDEX_JP,RAW,,7.0000,USD,10755,2026-06-29
CRD_7C977A54E4F7492996C5,SCRYDEX_EN,RAW,,17.8100,USD,27238,2026-06-05
CRD_7C977A54E4F7492996C5,SCRYDEX_JP,GRADED,10,,,291025,2026-06-29
CRD_7C977A54E4F7492996C5,SCRYDEX_JP,GRADED,9,,,33987,2026-06-29
CRD_7C977A54E4F7492996C5,SCRYDEX_JP,RAW,,38.5000,USD,59154,2026-06-29
CRD_7C97C49AAB974ED1A3A3,SCRYDEX_EN,RAW,,72.3100,USD,111103,2026-06-29
CRD_7C97C49AAB974ED1A3A3,SCRYDEX_JP,GRADED,10,,,188326,2026-06-28
CRD_7C97C49AAB974ED1A3A3,SCRYDEX_JP,GRADED,9,,,66591,2026-06-28
CRD_7C97C49AAB974ED1A3A3,SCRYDEX_JP,RAW,,47.1000,USD,72368,2026-06-28
CRD_7CB1EBD45B814997B7C0,SCRYDEX_EN,RAW,,99.6600,USD,153126,2026-06-29
CRD_7CB1EBD45B814997B7C0,SCRYDEX_JP,GRADED,10,,,1135320,2026-06-29
CRD_7CB1EBD45B814997B7C0,SCRYDEX_JP,GRADED,9,,,87779,2026-06-29
CRD_7CB1EBD45B814997B7C0,SCRYDEX_JP,RAW,,15.5000,USD,23815,2026-06-29
CRD_7CB42882DB184472A73A,SCRYDEX_EN,RAW,,2.1000,USD,3212,2026-06-05
CRD_7CB42882DB184472A73A,SCRYDEX_JP,GRADED,10,,,95462,2026-06-29
CRD_7CB42882DB184472A73A,SCRYDEX_JP,RAW,,1.6400,USD,2520,2026-06-29
CRD_7CB68EF6CB184B0FB066,SCRYDEX_EN,RAW,,1.0300,USD,1583,2026-06-29
CRD_7CB68EF6CB184B0FB066,SCRYDEX_JP,GRADED,10,,,29347,2026-06-29
CRD_7CB68EF6CB184B0FB066,SCRYDEX_JP,RAW,,0.5400,USD,830,2026-06-29
CRD_7CBE310A1C2F411F889F,SCRYDEX_EN,RAW,,1.9400,USD,2967,2026-06-05
CRD_7CBE310A1C2F411F889F,SCRYDEX_JP,GRADED,10,,,40686,2026-06-29
CRD_7CBE310A1C2F411F889F,SCRYDEX_JP,GRADED,9,,,15365,2026-06-29
CRD_7CBE310A1C2F411F889F,SCRYDEX_JP,RAW,,0.9500,USD,1460,2026-06-29
CRD_7CC5297071A246E0B3DB,SCRYDEX_EN,RAW,,7.1900,USD,10996,2026-06-05
CRD_7CC5297071A246E0B3DB,SCRYDEX_JP,GRADED,10,,,85920,2026-06-29
CRD_7CC5297071A246E0B3DB,SCRYDEX_JP,GRADED,9,,,14689,2026-06-29
CRD_7CC5297071A246E0B3DB,SCRYDEX_JP,RAW,,2.3500,USD,3611,2026-06-29
CRD_7D548C823A1940E98115,SCRYDEX_EN,RAW,,204.8100,USD,314686,2026-06-29
CRD_7D548C823A1940E98115,SCRYDEX_JP,GRADED,10,,,340223,2026-06-29
CRD_7D548C823A1940E98115,SCRYDEX_JP,GRADED,9,,,192275,2026-06-29
CRD_7D548C823A1940E98115,SCRYDEX_JP,RAW,,126.8400,USD,194887,2026-06-29
CRD_7D71C6E50BC848FDB19A,SCRYDEX_EN,RAW,,18.9900,USD,29178,2026-06-29
CRD_7D71C6E50BC848FDB19A,SCRYDEX_JP,GRADED,10,,,61982,2026-06-29
CRD_7D71C6E50BC848FDB19A,SCRYDEX_JP,GRADED,9,,,23815,2026-06-29
CRD_7D71C6E50BC848FDB19A,SCRYDEX_JP,RAW,,12.8100,USD,19682,2026-06-29
CRD_7D9BD5DD298A4155B65D,SCRYDEX_EN,RAW,,3.4700,USD,5307,2026-06-05
CRD_7D9BD5DD298A4155B65D,SCRYDEX_JP,GRADED,10,,,44420,2026-06-29
CRD_7D9BD5DD298A4155B65D,SCRYDEX_JP,RAW,,1.1000,USD,1690,2026-06-29
CRD_7DA5510251B9473E9F3F,SCRYDEX_EN,RAW,,3.7600,USD,5750,2026-06-05
CRD_7DA5510251B9473E9F3F,SCRYDEX_JP,GRADED,10,,,51042,2026-06-29
CRD_7DA5510251B9473E9F3F,SCRYDEX_JP,RAW,,3.5600,USD,5470,2026-06-29
CRD_7DA6398AB2274B22A22D,SCRYDEX_EN,RAW,,8.9000,USD,13675,2026-06-29
CRD_7DA6398AB2274B22A22D,SCRYDEX_JP,GRADED,10,,,57341,2026-06-29
CRD_7DA6398AB2274B22A22D,SCRYDEX_JP,GRADED,9,,,33034,2026-06-29
CRD_7DA6398AB2274B22A22D,SCRYDEX_JP,RAW,,3.7000,USD,5685,2026-06-29
CRD_7DA779D04F114E638002,SCRYDEX_EN,RAW,,2.1400,USD,3273,2026-06-05
CRD_7DA779D04F114E638002,SCRYDEX_JP,RAW,,4.4800,USD,6883,2026-06-29
CRD_7DBBE204F9F7473293E8,SCRYDEX_EN,RAW,,0.8900,USD,1361,2026-06-05
CRD_7DBBE204F9F7473293E8,SCRYDEX_JP,GRADED,10,,,28717,2026-06-29
CRD_7DBBE204F9F7473293E8,SCRYDEX_JP,GRADED,9,,,9234,2026-06-29
CRD_7DBBE204F9F7473293E8,SCRYDEX_JP,RAW,,0.2800,USD,430,2026-06-29
CRD_7DD7D9F40504433E96CA,SCRYDEX_EN,RAW,,47.8200,USD,73474,2026-06-29
CRD_7DD7D9F40504433E96CA,SCRYDEX_JP,GRADED,10,,,1287601,2026-06-29
CRD_7DD7D9F40504433E96CA,SCRYDEX_JP,GRADED,9,,,307296,2026-06-29
CRD_7DD7D9F40504433E96CA,SCRYDEX_JP,RAW,,741000.0000,KRW,741000,2026-06-29
CRD_7DDAF72A6F6E4107971D,SCRYDEX_EN,RAW,,3.6200,USD,5536,2026-06-05
CRD_7DDAF72A6F6E4107971D,SCRYDEX_JP,GRADED,10,,,41085,2026-06-29
CRD_7DDAF72A6F6E4107971D,SCRYDEX_JP,GRADED,9,,,31037,2026-06-29
CRD_7DDAF72A6F6E4107971D,SCRYDEX_JP,RAW,,4.8000,USD,7375,2026-06-29
CRD_7DED027B94C6483F9495,SCRYDEX_EN,RAW,,24.5000,USD,37644,2026-06-29
CRD_7DED027B94C6483F9495,SCRYDEX_JP,GRADED,10,,,317683,2026-06-29
CRD_7DED027B94C6483F9495,SCRYDEX_JP,RAW,,25.0800,USD,38535,2026-06-29
CRD_7E0814B69ADA40E58DCA,SCRYDEX_EN,RAW,,3.4500,USD,5276,2026-06-05
CRD_7E0814B69ADA40E58DCA,SCRYDEX_JP,GRADED,10,,,53854,2026-06-29
CRD_7E0814B69ADA40E58DCA,SCRYDEX_JP,GRADED,9,,,23185,2026-06-29
CRD_7E0814B69ADA40E58DCA,SCRYDEX_JP,RAW,,2.6200,USD,4026,2026-06-29
CRD_7E2493249D5F4079918C,SCRYDEX_EN,RAW,,144.9200,USD,222631,2026-06-18
CRD_7E2493249D5F4079918C,SCRYDEX_JP,GRADED,10,,,1323939,2026-06-29
CRD_7E2493249D5F4079918C,SCRYDEX_JP,RAW,,380000.0000,KRW,380000,2026-06-29
CRD_7E2810AFF88645B98963,SCRYDEX_EN,RAW,,215.0500,USD,330420,2026-06-29
CRD_7E2810AFF88645B98963,SCRYDEX_JP,GRADED,10,,,3292185,2026-06-29
CRD_7E2810AFF88645B98963,SCRYDEX_JP,GRADED,9,,,850442,2026-06-29
CRD_7E2810AFF88645B98963,SCRYDEX_JP,RAW,,399.9900,USD,614577,2026-06-29
CRD_7E54538560A84C058CD1,SCRYDEX_EN,RAW,,2.3700,USD,3625,2026-06-05
CRD_7E54538560A84C058CD1,SCRYDEX_JP,GRADED,10,,,60952,2026-06-29
CRD_7E54538560A84C058CD1,SCRYDEX_JP,GRADED,9,,,22402,2026-06-29
CRD_7E54538560A84C058CD1,SCRYDEX_JP,RAW,,0.9700,USD,1490,2026-06-29
CRD_7E8265C1D8B44E03910F,SCRYDEX_EN,RAW,,3.3300,USD,5093,2026-06-05
CRD_7E8265C1D8B44E03910F,SCRYDEX_JP,GRADED,10,,,60706,2026-06-29
CRD_7E8265C1D8B44E03910F,SCRYDEX_JP,GRADED,9,,,28425,2026-06-29
CRD_7E8265C1D8B44E03910F,SCRYDEX_JP,RAW,,3.0500,USD,4686,2026-06-29
CRD_7E87AB5F7DF14D8F97A0,SCRYDEX_EN,RAW,,19.4800,USD,29931,2026-06-29
CRD_7E87AB5F7DF14D8F97A0,SCRYDEX_JP,GRADED,10,,,86857,2026-06-29
CRD_7E87AB5F7DF14D8F97A0,SCRYDEX_JP,RAW,,7.0200,USD,10786,2026-06-29
CRD_7EA2A978F4084F7B8C2F,SCRYDEX_EN,RAW,,29.4500,USD,45249,2026-06-29
CRD_7EA2A978F4084F7B8C2F,SCRYDEX_JP,GRADED,10,,,257545,2026-06-29
CRD_7EA2A978F4084F7B8C2F,SCRYDEX_JP,GRADED,9,,,69142,2026-06-29
CRD_7EA2A978F4084F7B8C2F,SCRYDEX_JP,RAW,,47500.0000,KRW,47500,2026-06-29
CRD_7EA3BC62F30E405FADC5,SCRYDEX_EN,RAW,,44.1800,USD,67882,2026-06-29
CRD_7EA3BC62F30E405FADC5,SCRYDEX_JP,GRADED,10,,,81203,2026-06-29
CRD_7EA3BC62F30E405FADC5,SCRYDEX_JP,GRADED,9,,,37383,2026-06-29
CRD_7EA3BC62F30E405FADC5,SCRYDEX_JP,RAW,,26.2900,USD,40394,2026-06-29
CRD_7EB1930C9A224A14AE58,SCRYDEX_EN,RAW,,72.3000,USD,111088,2026-06-29
CRD_7EB1930C9A224A14AE58,SCRYDEX_JP,GRADED,10,,,308156,2026-06-29
CRD_7EB1930C9A224A14AE58,SCRYDEX_JP,GRADED,9,,,104911,2026-06-29
CRD_7EB1930C9A224A14AE58,SCRYDEX_JP,RAW,,61.3800,USD,94309,2026-06-29
CRD_7EBB72125E6E436B8589,SCRYDEX_EN,RAW,,1.4600,USD,2233,2026-06-05
CRD_7EBB72125E6E436B8589,SCRYDEX_JP,GRADED,10,,,305200,2026-05-05
CRD_7EBB72125E6E436B8589,SCRYDEX_JP,GRADED,9,,,128408,2026-05-05
CRD_7ECA02E1619548F98130,SCRYDEX_EN,RAW,,2.3100,USD,3533,2026-06-05
CRD_7ECA02E1619548F98130,SCRYDEX_JP,GRADED,10,,,40164,2026-06-29
CRD_7ECA02E1619548F98130,SCRYDEX_JP,RAW,,1.5000,USD,2305,2026-06-29
CRD_7ECF8DBD726740498656,SCRYDEX_EN,RAW,,2.5200,USD,3854,2026-06-05
CRD_7ECF8DBD726740498656,SCRYDEX_JP,GRADED,10,,,30806,2026-06-29
CRD_7ECF8DBD726740498656,SCRYDEX_JP,RAW,,4.0100,USD,6161,2026-06-29
CRD_7EDD738AC9704AC483F7,SCRYDEX_EN,RAW,,6.7200,USD,10240,2026-06-11
CRD_7EDD738AC9704AC483F7,SCRYDEX_JP,GRADED,10,,,46893,2026-06-29
CRD_7EDD738AC9704AC483F7,SCRYDEX_JP,GRADED,9,,,25997,2026-06-29
CRD_7EDD738AC9704AC483F7,SCRYDEX_JP,RAW,,4.0000,USD,6146,2026-06-29
CRD_7EE4D1F73DD34E3E8CA6,SCRYDEX_EN,RAW,,4.5600,USD,6974,2026-06-05
CRD_7EE4D1F73DD34E3E8CA6,SCRYDEX_JP,RAW,,12.0000,USD,18438,2026-06-29
CRD_7EF3FAC1AA9F41959926,SCRYDEX_EN,RAW,,143.1200,USD,219901,2026-06-29
CRD_7EF3FAC1AA9F41959926,SCRYDEX_JP,GRADED,10,,,412407,2026-06-29
CRD_7EF3FAC1AA9F41959926,SCRYDEX_JP,GRADED,9,,,136516,2026-06-29
CRD_7EF3FAC1AA9F41959926,SCRYDEX_JP,RAW,,77.5000,USD,119077,2026-06-29
CRD_7EF64656A6724709BAEC,SCRYDEX_EN,RAW,,1.0400,USD,1591,2026-06-05
CRD_7EF64656A6724709BAEC,SCRYDEX_JP,GRADED,10,,,31636,2026-06-29
CRD_7EF64656A6724709BAEC,SCRYDEX_JP,GRADED,9,,,22970,2026-06-29
CRD_7EF64656A6724709BAEC,SCRYDEX_JP,RAW,,0.9600,USD,1475,2026-06-29
CRD_7EFC022C360ECB18F368,SCRYDEX_EN,RAW,,32.5700,USD,50043,2026-06-29
CRD_7EFC022C360ECB18F368,SCRYDEX_JP,GRADED,10,,,75149,2026-06-29
CRD_7EFC022C360ECB18F368,SCRYDEX_JP,GRADED,9,,,7682,2026-06-29
CRD_7EFC022C360ECB18F368,SCRYDEX_JP,RAW,,9.0700,USD,13936,2026-06-29
CRD_7EFD5641401A41AC9D8D,SCRYDEX_EN,RAW,,18.4500,USD,28217,2026-06-05
CRD_7EFD5641401A41AC9D8D,SCRYDEX_JP,GRADED,10,,,130232,2026-06-29
CRD_7EFD5641401A41AC9D8D,SCRYDEX_JP,GRADED,9,,,34709,2026-06-29
CRD_7EFD5641401A41AC9D8D,SCRYDEX_JP,RAW,,13.6800,USD,21019,2026-06-29
CRD_7F072B0CB7A3432B8EEE,SCRYDEX_EN,RAW,,15.2800,USD,23477,2026-06-29
CRD_7F072B0CB7A3432B8EEE,SCRYDEX_JP,GRADED,10,,,61751,2026-06-29
CRD_7F072B0CB7A3432B8EEE,SCRYDEX_JP,GRADED,9,,,13429,2026-06-29
CRD_7F072B0CB7A3432B8EEE,SCRYDEX_JP,RAW,,9.4400,USD,14504,2026-06-29
CRD_7F12AC1D6A604C8CB546,SCRYDEX_EN,RAW,,0.6700,USD,1025,2026-06-05
CRD_7F12AC1D6A604C8CB546,SCRYDEX_JP,GRADED,10,,,48614,2026-06-29
CRD_7F12AC1D6A604C8CB546,SCRYDEX_JP,RAW,,0.3000,USD,461,2026-06-29
CRD_7F1D667AFCA842A38431,SCRYDEX_EN,RAW,,0.7500,USD,1147,2026-06-05
CRD_7F1D667AFCA842A38431,SCRYDEX_JP,GRADED,10,,,61060,2026-06-28
CRD_7F1D667AFCA842A38431,SCRYDEX_JP,RAW,,0.3000,USD,461,2026-06-28
CRD_7F1F939CC0DB4671824A,SCRYDEX_EN,RAW,,15.7100,USD,24138,2026-06-29
CRD_7F1F939CC0DB4671824A,SCRYDEX_JP,GRADED,10,,,42714,2026-06-29
CRD_7F1F939CC0DB4671824A,SCRYDEX_JP,GRADED,9,,,7682,2026-06-29
CRD_7F1F939CC0DB4671824A,SCRYDEX_JP,RAW,,6.6500,USD,10218,2026-06-29
CRD_7F2DC1D44D784529BCCE,SCRYDEX_EN,RAW,,111.4200,USD,170402,2026-06-05
CRD_7F3A7B805F704D6C96F3,SCRYDEX_EN,RAW,,3.9600,USD,6056,2026-06-05
CRD_7F3A7B805F704D6C96F3,SCRYDEX_JP,GRADED,10,,,55928,2026-06-29
CRD_7F3A7B805F704D6C96F3,SCRYDEX_JP,GRADED,9,,,21111,2026-06-29
CRD_7F3A7B805F704D6C96F3,SCRYDEX_JP,RAW,,2.6000,USD,3995,2026-06-29
CRD_7F48960BD5604694BAD3,SCRYDEX_EN,RAW,,48.8300,USD,75026,2026-06-29
CRD_7F48960BD5604694BAD3,SCRYDEX_JP,GRADED,10,,,155077,2026-06-29
CRD_7F48960BD5604694BAD3,SCRYDEX_JP,GRADED,9,,,42868,2026-06-29
CRD_7F48960BD5604694BAD3,SCRYDEX_JP,RAW,,29450.0000,KRW,29450,2026-06-29
CRD_7F62D48BBF5543A99063,SCRYDEX_EN,RAW,,0.8800,USD,1346,2026-06-05
CRD_7F62D48BBF5543A99063,SCRYDEX_JP,GRADED,10,,,27672,2026-06-29
CRD_7F62D48BBF5543A99063,SCRYDEX_JP,RAW,,0.3200,USD,492,2026-06-29
CRD_7F68718FF9574B39A05A,SCRYDEX_EN,RAW,,6.0000,USD,9176,2026-06-05
CRD_7F68718FF9574B39A05A,SCRYDEX_JP,GRADED,10,,,122719,2026-06-29
CRD_7F68718FF9574B39A05A,SCRYDEX_JP,RAW,,3.5500,USD,5455,2026-06-29
CRD_7F6CC76C333E432E9B6A,SCRYDEX_EN,RAW,,7.0000,USD,10706,2026-06-05
CRD_7F6CC76C333E432E9B6A,SCRYDEX_JP,GRADED,10,,,178723,2026-06-29
CRD_7F6CC76C333E432E9B6A,SCRYDEX_JP,GRADED,9,,,29961,2026-06-29
CRD_7F6CC76C333E432E9B6A,SCRYDEX_JP,RAW,,5.3300,USD,8189,2026-06-29
CRD_7F76FC1F996A4ADAAB21,SCRYDEX_EN,RAW,,33.1100,USD,50873,2026-06-29
CRD_7F76FC1F996A4ADAAB21,SCRYDEX_JP,GRADED,10,,,564487,2026-06-29
CRD_7F76FC1F996A4ADAAB21,SCRYDEX_JP,GRADED,9,,,261171,2026-06-29
CRD_7F76FC1F996A4ADAAB21,SCRYDEX_JP,RAW,,150.0000,USD,230472,2026-06-29
CRD_7F78F4DCAE1340BCA119,SCRYDEX_EN,RAW,,8.5300,USD,13046,2026-06-05
CRD_7F78F4DCAE1340BCA119,SCRYDEX_JP,GRADED,10,,,761495,2026-06-29
CRD_7F78F4DCAE1340BCA119,SCRYDEX_JP,GRADED,9,,,76809,2026-06-29
CRD_7F78F4DCAE1340BCA119,SCRYDEX_JP,RAW,,18.0000,USD,27657,2026-06-29
CRD_7F7E8A1CDFC44B1687F8,SCRYDEX_EN,RAW,,81.8200,USD,125715,2026-06-29
CRD_7F7E8A1CDFC44B1687F8,SCRYDEX_JP,GRADED,10,,,182641,2026-06-29
CRD_7F7E8A1CDFC44B1687F8,SCRYDEX_JP,GRADED,9,,,80373,2026-06-29
CRD_7F7E8A1CDFC44B1687F8,SCRYDEX_JP,RAW,,40.6200,USD,62412,2026-06-29
CRD_7F8ADC12469E4311B6AC,SCRYDEX_EN,RAW,,0.9500,USD,1453,2026-06-05
CRD_7F8ADC12469E4311B6AC,SCRYDEX_JP,RAW,,1.1500,USD,1767,2026-06-29
CRD_7F9046D32F6E42E9A4EC,SCRYDEX_EN,RAW,,1.4900,USD,2279,2026-06-05
CRD_7F9046D32F6E42E9A4EC,SCRYDEX_JP,GRADED,10,,,34356,2026-06-29
CRD_7F9046D32F6E42E9A4EC,SCRYDEX_JP,GRADED,9,,,38243,2026-06-29
CRD_7F9046D32F6E42E9A4EC,SCRYDEX_JP,RAW,,1.6500,USD,2535,2026-06-29
CRD_7FBA603DD96943F5B7F0,SCRYDEX_EN,RAW,,6.2700,USD,9634,2026-06-29
CRD_7FBA603DD96943F5B7F0,SCRYDEX_JP,GRADED,10,,,118539,2026-06-29
CRD_7FBA603DD96943F5B7F0,SCRYDEX_JP,GRADED,9,,,68220,2026-06-29
CRD_7FBA603DD96943F5B7F0,SCRYDEX_JP,RAW,,3.8300,USD,5885,2026-06-29
CRD_7FD569C86E8646908F84,SCRYDEX_EN,RAW,,20.4400,USD,31406,2026-06-29
CRD_7FD569C86E8646908F84,SCRYDEX_JP,GRADED,10,,,93633,2026-06-29
CRD_7FD569C86E8646908F84,SCRYDEX_JP,GRADED,9,,,25675,2026-06-29
CRD_7FD569C86E8646908F84,SCRYDEX_JP,RAW,,9.3500,USD,14366,2026-06-29
CRD_7FDEF1F24E7A4606A63F,SCRYDEX_EN,RAW,,3.3000,USD,5047,2026-06-05
CRD_7FDEF1F24E7A4606A63F,SCRYDEX_JP,GRADED,10,,,63656,2026-06-29
CRD_7FDEF1F24E7A4606A63F,SCRYDEX_JP,GRADED,9,,,16901,2026-06-29
CRD_7FDEF1F24E7A4606A63F,SCRYDEX_JP,RAW,,1.1700,USD,1798,2026-06-29
CRD_7FDF1B8B2C7A49388486,SCRYDEX_EN,RAW,,14.0400,USD,21572,2026-06-29
CRD_7FDF1B8B2C7A49388486,SCRYDEX_JP,GRADED,10,,,65101,2026-06-29
CRD_7FDF1B8B2C7A49388486,SCRYDEX_JP,GRADED,9,,,28870,2026-06-29
CRD_7FDF1B8B2C7A49388486,SCRYDEX_JP,RAW,,4.7500,USD,7298,2026-06-29
CRD_7FE85AF0323E486DA2F4,SCRYDEX_EN,RAW,,1.4900,USD,2279,2026-06-05
CRD_7FE85AF0323E486DA2F4,SCRYDEX_JP,GRADED,10,,,29331,2026-06-29
CRD_7FE85AF0323E486DA2F4,SCRYDEX_JP,GRADED,9,,,8558,2026-06-29
CRD_7FE85AF0323E486DA2F4,SCRYDEX_JP,RAW,,1.1100,USD,1705,2026-06-29
CRD_7FEAB602A0214CDAB632,SCRYDEX_EN,RAW,,116.5800,USD,179123,2026-06-29
CRD_7FEAB602A0214CDAB632,SCRYDEX_JP,GRADED,10,,,206380,2026-06-29
CRD_7FEAB602A0214CDAB632,SCRYDEX_JP,GRADED,9,,,86381,2026-06-29
CRD_7FEAB602A0214CDAB632,SCRYDEX_JP,RAW,,28.3900,USD,43621,2026-06-29
CRD_7FFB3A5460DC46489885,SCRYDEX_EN,RAW,,3.3100,USD,5062,2026-06-05
CRD_7FFB3A5460DC46489885,SCRYDEX_JP,GRADED,10,,,121136,2026-06-29
CRD_7FFB3A5460DC46489885,SCRYDEX_JP,GRADED,9,,,30714,2026-06-29
CRD_7FFB3A5460DC46489885,SCRYDEX_JP,RAW,,2.0700,USD,3181,2026-06-29
CRD_803FA692C5CE471EA9A3,SCRYDEX_EN,RAW,,15.2000,USD,23354,2026-06-27
CRD_803FA692C5CE471EA9A3,SCRYDEX_JP,GRADED,10,,,106278,2026-06-29
CRD_803FA692C5CE471EA9A3,SCRYDEX_JP,GRADED,9,,,33372,2026-06-29
CRD_803FA692C5CE471EA9A3,SCRYDEX_JP,RAW,,3.7600,USD,5777,2026-06-29
CRD_80407B2696CD4C8CA421,SCRYDEX_EN,RAW,,328.5300,USD,504780,2026-06-29
CRD_80407B2696CD4C8CA421,SCRYDEX_JP,GRADED,10,,,244623,2026-06-29
CRD_80407B2696CD4C8CA421,SCRYDEX_JP,GRADED,9,,,121151,2026-06-29
CRD_80407B2696CD4C8CA421,SCRYDEX_JP,RAW,,90.2400,USD,138652,2026-06-29
CRD_80554114AB5D428FB10A,SCRYDEX_EN,RAW,,41.9000,USD,64379,2026-06-29
CRD_80554114AB5D428FB10A,SCRYDEX_JP,GRADED,10,,,25352,2026-06-29
CRD_80554114AB5D428FB10A,SCRYDEX_JP,GRADED,9,,,11524,2026-06-29
CRD_80554114AB5D428FB10A,SCRYDEX_JP,RAW,,40850.0000,KRW,40850,2026-06-29
CRD_80762657E1724F278624,SCRYDEX_EN,RAW,,8.4000,USD,12906,2026-06-29
CRD_80762657E1724F278624,SCRYDEX_JP,GRADED,10,,,167860,2026-06-29
CRD_80762657E1724F278624,SCRYDEX_JP,GRADED,9,,,43344,2026-06-29
CRD_80762657E1724F278624,SCRYDEX_JP,RAW,,27.8200,USD,42745,2026-06-29
CRD_808986BE4AB54625B5D4,SCRYDEX_EN,RAW,,1.5200,USD,2325,2026-06-05
CRD_808986BE4AB54625B5D4,SCRYDEX_JP,GRADED,10,,,59539,2026-06-29
CRD_808986BE4AB54625B5D4,SCRYDEX_JP,GRADED,9,,,13567,2026-06-29
CRD_808986BE4AB54625B5D4,SCRYDEX_JP,RAW,,1.3700,USD,2105,2026-06-29
CRD_808A9BA456B1456EA2A4,SCRYDEX_EN,RAW,,79.9600,USD,122857,2026-06-29
CRD_808A9BA456B1456EA2A4,SCRYDEX_JP,GRADED,10,,,881048,2026-06-29
CRD_808A9BA456B1456EA2A4,SCRYDEX_JP,GRADED,9,,,374486,2026-06-29
CRD_808A9BA456B1456EA2A4,SCRYDEX_JP,RAW,,475000.0000,KRW,475000,2026-06-29
CRD_808E7CD437F24C0A8CE3,SCRYDEX_EN,RAW,,44.6300,USD,68573,2026-06-29
CRD_808E7CD437F24C0A8CE3,SCRYDEX_JP,GRADED,10,,,160793,2026-06-29
CRD_808E7CD437F24C0A8CE3,SCRYDEX_JP,GRADED,9,,,48968,2026-06-29
CRD_808E7CD437F24C0A8CE3,SCRYDEX_JP,RAW,,39.9100,USD,61321,2026-06-29
CRD_80AC3B98336D4FD0B14A,SCRYDEX_EN,RAW,,5.8700,USD,8977,2026-06-05
CRD_80AC3B98336D4FD0B14A,SCRYDEX_JP,GRADED,10,,,53239,2026-06-29
CRD_80AC3B98336D4FD0B14A,SCRYDEX_JP,GRADED,9,,,22801,2026-06-29
CRD_80AC3B98336D4FD0B14A,SCRYDEX_JP,RAW,,2.1800,USD,3350,2026-06-29
CRD_80B334F26A674D66A45F,SCRYDEX_EN,RAW,,2.8100,USD,4298,2026-06-05
CRD_80B334F26A674D66A45F,SCRYDEX_JP,GRADED,10,,,56281,2026-06-29
CRD_80B334F26A674D66A45F,SCRYDEX_JP,GRADED,9,,,26028,2026-06-29
CRD_80B334F26A674D66A45F,SCRYDEX_JP,RAW,,2.8200,USD,4333,2026-06-29
CRD_80BD0BCAE8F6426DA55F,SCRYDEX_EN,RAW,,79.0600,USD,121474,2026-06-29
CRD_80BD0BCAE8F6426DA55F,SCRYDEX_JP,GRADED,10,,,280730,2026-06-29
CRD_80BD0BCAE8F6426DA55F,SCRYDEX_JP,GRADED,9,,,118125,2026-06-29
CRD_80BD0BCAE8F6426DA55F,SCRYDEX_JP,RAW,,74.1500,USD,113930,2026-06-29
CRD_80CDA53B178942988954,SCRYDEX_EN,RAW,,0.7100,USD,1086,2026-06-05
CRD_80CDA53B178942988954,SCRYDEX_JP,GRADED,10,,,36476,2026-06-29
CRD_80CDA53B178942988954,SCRYDEX_JP,RAW,,0.2500,USD,384,2026-06-29
CRD_80CF967EAA07425DA991,SCRYDEX_EN,RAW,,24.7500,USD,38028,2026-06-29
CRD_80CF967EAA07425DA991,SCRYDEX_JP,GRADED,10,,,72184,2026-06-29
CRD_80CF967EAA07425DA991,SCRYDEX_JP,GRADED,9,,,18422,2026-06-29
CRD_80CF967EAA07425DA991,SCRYDEX_JP,RAW,,2.9100,USD,4471,2026-06-29
CRD_80D85D7E34F6498CA2BB,SCRYDEX_EN,RAW,,12.6300,USD,19406,2026-06-29
CRD_80D85D7E34F6498CA2BB,SCRYDEX_JP,GRADED,10,,,53700,2026-06-29
CRD_80D85D7E34F6498CA2BB,SCRYDEX_JP,GRADED,9,,,23785,2026-06-29
CRD_80D85D7E34F6498CA2BB,SCRYDEX_JP,RAW,,4.3600,USD,6699,2026-06-29
CRD_80D8A3CD81B04D1D887C,SCRYDEX_JP,GRADED,10,,,158257,2026-06-29
CRD_80D8A3CD81B04D1D887C,SCRYDEX_JP,GRADED,9,,,31498,2026-06-29
CRD_80D8A3CD81B04D1D887C,SCRYDEX_JP,RAW,,18.9300,USD,29086,2026-06-29
CRD_80E06EF89D844F93ABE5,SCRYDEX_EN,RAW,,11.8600,USD,18223,2026-06-29
CRD_80E06EF89D844F93ABE5,SCRYDEX_JP,GRADED,10,,,59262,2026-06-29
CRD_80E06EF89D844F93ABE5,SCRYDEX_JP,GRADED,9,,,45910,2026-06-29
CRD_80E06EF89D844F93ABE5,SCRYDEX_JP,RAW,,9.3400,USD,14351,2026-06-29
CRD_80F1FC05F4D8499DA9DA,SCRYDEX_EN,RAW,,0.7100,USD,1086,2026-06-05
CRD_80F1FC05F4D8499DA9DA,SCRYDEX_JP,GRADED,10,,,44742,2026-06-29
CRD_80F1FC05F4D8499DA9DA,SCRYDEX_JP,GRADED,9,,,13260,2026-06-29
CRD_80F1FC05F4D8499DA9DA,SCRYDEX_JP,RAW,,0.3300,USD,507,2026-06-29
CRD_810E1D47AA834EEFB64E,SCRYDEX_EN,RAW,,5.9400,USD,9051,2026-06-10
CRD_810E1D47AA834EEFB64E,SCRYDEX_JP,GRADED,10,,,44281,2026-06-29
CRD_810E1D47AA834EEFB64E,SCRYDEX_JP,RAW,,2.2200,USD,3411,2026-06-29
CRD_811F41C997424C4799EC,SCRYDEX_EN,RAW,,7.4700,USD,11478,2026-06-27
CRD_811F41C997424C4799EC,SCRYDEX_JP,GRADED,10,,,61936,2026-06-29
CRD_811F41C997424C4799EC,SCRYDEX_JP,GRADED,9,,,13060,2026-06-29
CRD_811F41C997424C4799EC,SCRYDEX_JP,RAW,,3.5100,USD,5393,2026-06-29
CRD_8130AF03F0B74BF88F4B,SCRYDEX_EN,RAW,,4.7200,USD,7219,2026-06-05
CRD_8130AF03F0B74BF88F4B,SCRYDEX_JP,GRADED,10,,,74642,2026-06-29
CRD_8130AF03F0B74BF88F4B,SCRYDEX_JP,GRADED,9,,,26182,2026-06-29
CRD_8130AF03F0B74BF88F4B,SCRYDEX_JP,RAW,,4.1800,USD,6422,2026-06-29
CRD_814FC9FDB9F244A7A8C0,SCRYDEX_EN,RAW,,1.5300,USD,2340,2026-06-05
CRD_81527A6C6D8242E7962C,SCRYDEX_EN,RAW,,11.8500,USD,18207,2026-06-29
CRD_81527A6C6D8242E7962C,SCRYDEX_JP,GRADED,10,,,30192,2026-06-29
CRD_81527A6C6D8242E7962C,SCRYDEX_JP,GRADED,9,,,9880,2026-06-29
CRD_81527A6C6D8242E7962C,SCRYDEX_JP,RAW,,3.8700,USD,5946,2026-06-29
CRD_8157AABF97274614824E,SCRYDEX_EN,RAW,,18.2500,USD,28041,2026-06-27
CRD_8157AABF97274614824E,SCRYDEX_JP,GRADED,10,,,92834,2026-06-29
CRD_8157AABF97274614824E,SCRYDEX_JP,GRADED,9,,,29608,2026-06-29
CRD_8157AABF97274614824E,SCRYDEX_JP,RAW,,13.4000,USD,20589,2026-06-29
CRD_815D5679E06B4695ACEE,SCRYDEX_EN,RAW,,0.5500,USD,841,2026-06-05
CRD_815D5679E06B4695ACEE,SCRYDEX_JP,GRADED,10,,,39134,2026-06-28
CRD_815D5679E06B4695ACEE,SCRYDEX_JP,RAW,,0.3700,USD,568,2026-06-28
CRD_816B2902F24747B0AB3F,SCRYDEX_EN,RAW,,1.7400,USD,2661,2026-06-05
CRD_816B2902F24747B0AB3F,SCRYDEX_JP,GRADED,10,,,36768,2026-06-29
CRD_816B2902F24747B0AB3F,SCRYDEX_JP,GRADED,9,,,21511,2026-06-29
CRD_816B2902F24747B0AB3F,SCRYDEX_JP,RAW,,1.1600,USD,1782,2026-06-29
CRD_816F40DB48D34E998792,SCRYDEX_EN,RAW,,1.0100,USD,1545,2026-06-05
CRD_816F40DB48D34E998792,SCRYDEX_JP,GRADED,10,,,32788,2026-06-29
CRD_816F40DB48D34E998792,SCRYDEX_JP,RAW,,0.8900,USD,1367,2026-06-29
CRD_8176FFAF907244338749,SCRYDEX_EN,RAW,,12.5400,USD,19178,2026-06-05
CRD_8176FFAF907244338749,SCRYDEX_JP,GRADED,10,,,123134,2026-06-29
CRD_8176FFAF907244338749,SCRYDEX_JP,GRADED,9,,,34540,2026-06-29
CRD_8176FFAF907244338749,SCRYDEX_JP,RAW,,19.7200,USD,30299,2026-06-29
CRD_81B29653F5524988BEF1,SCRYDEX_EN,RAW,,1.0400,USD,1598,2026-06-29
CRD_81B29653F5524988BEF1,SCRYDEX_JP,GRADED,10,,,23047,2026-06-29
CRD_81B29653F5524988BEF1,SCRYDEX_JP,GRADED,9,,,114007,2026-06-29
CRD_81B29653F5524988BEF1,SCRYDEX_JP,RAW,,0.5600,USD,860,2026-06-29
CRD_81C283F7B5804B6E9F93,SCRYDEX_EN,RAW,,8.4100,USD,12862,2026-06-05
CRD_81C283F7B5804B6E9F93,SCRYDEX_JP,GRADED,10,,,70063,2026-06-29
CRD_81C283F7B5804B6E9F93,SCRYDEX_JP,GRADED,9,,,37229,2026-06-29
CRD_81C283F7B5804B6E9F93,SCRYDEX_JP,RAW,,4.7600,USD,7314,2026-06-29
CRD_81C9A32B267046DDA955,SCRYDEX_EN,RAW,,41.8300,USD,64271,2026-06-29
CRD_81C9A32B267046DDA955,SCRYDEX_JP,GRADED,10,,,139681,2026-06-29
CRD_81C9A32B267046DDA955,SCRYDEX_JP,GRADED,9,,,76102,2026-06-29
CRD_81C9A32B267046DDA955,SCRYDEX_JP,RAW,,41.0400,USD,63057,2026-06-29
CRD_81D1A443CB7D4C37840B,SCRYDEX_EN,RAW,,31.6800,USD,48676,2026-06-29
CRD_81D1A443CB7D4C37840B,SCRYDEX_JP,GRADED,10,,,196946,2026-06-29
CRD_81D1A443CB7D4C37840B,SCRYDEX_JP,RAW,,24.9900,USD,38397,2026-06-29
CRD_81D4DD597DBE456BB22A,SCRYDEX_EN,RAW,,79.5600,USD,122242,2026-06-29
CRD_81D4DD597DBE456BB22A,SCRYDEX_JP,GRADED,10,,,226216,2026-06-29
CRD_81D4DD597DBE456BB22A,SCRYDEX_JP,GRADED,9,,,75610,2026-06-29
CRD_81D4DD597DBE456BB22A,SCRYDEX_JP,RAW,,48.8100,USD,74996,2026-06-29
CRD_81DCFF5DDA584C5E9F87,SCRYDEX_EN,RAW,,21.6800,USD,33311,2026-06-29
CRD_81DCFF5DDA584C5E9F87,SCRYDEX_JP,GRADED,10,,,156844,2026-06-29
CRD_81DCFF5DDA584C5E9F87,SCRYDEX_JP,GRADED,9,,,23047,2026-06-29
CRD_81DCFF5DDA584C5E9F87,SCRYDEX_JP,RAW,,26.9500,USD,41408,2026-06-29
CRD_8206CD8F04C740CB8753,SCRYDEX_EN,RAW,,1.9700,USD,3013,2026-06-05
CRD_8206CD8F04C740CB8753,SCRYDEX_JP,GRADED,10,,,42207,2026-06-29
CRD_8206CD8F04C740CB8753,SCRYDEX_JP,RAW,,4.9400,USD,7590,2026-06-29
CRD_820858E331F94DAE8910,SCRYDEX_EN,RAW,,5.0600,USD,7739,2026-06-05
CRD_820858E331F94DAE8910,SCRYDEX_JP,RAW,,16.6600,USD,25598,2026-06-29
CRD_820C8A1490C243AF8876,SCRYDEX_EN,RAW,,1.0500,USD,1606,2026-06-05
CRD_820C8A1490C243AF8876,SCRYDEX_JP,GRADED,10,,,51487,2026-06-29
CRD_820C8A1490C243AF8876,SCRYDEX_JP,RAW,,0.3800,USD,584,2026-06-29
CRD_822997E0527747B387C1,SCRYDEX_EN,RAW,,2.9100,USD,4450,2026-06-05
CRD_822997E0527747B387C1,SCRYDEX_JP,GRADED,10,,,21511,2026-06-29
CRD_822997E0527747B387C1,SCRYDEX_JP,GRADED,9,,,43021,2026-06-29
CRD_822997E0527747B387C1,SCRYDEX_JP,RAW,,6.2700,USD,9634,2026-06-29
CRD_822A7803FD9A4D9495AC,SCRYDEX_EN,RAW,,32.1500,USD,49398,2026-06-29
CRD_822A7803FD9A4D9495AC,SCRYDEX_JP,GRADED,10,,,67098,2026-06-29
CRD_822A7803FD9A4D9495AC,SCRYDEX_JP,GRADED,9,,,41377,2026-06-29
CRD_822A7803FD9A4D9495AC,SCRYDEX_JP,RAW,,17.6100,USD,27057,2026-06-29
CRD_8262D9F6F80441E59604,SCRYDEX_EN,RAW,,1.3300,USD,2044,2026-06-29
CRD_8262D9F6F80441E59604,SCRYDEX_JP,GRADED,10,,,70002,2026-06-29
CRD_8262D9F6F80441E59604,SCRYDEX_JP,GRADED,9,,,23047,2026-06-29
CRD_8262D9F6F80441E59604,SCRYDEX_JP,RAW,,1.1900,USD,1828,2026-06-29
CRD_82702EEBF6134FF1A729,SCRYDEX_EN,RAW,,3.4500,USD,5276,2026-06-05
CRD_82702EEBF6134FF1A729,SCRYDEX_JP,GRADED,10,,,43021,2026-06-29
CRD_82702EEBF6134FF1A729,SCRYDEX_JP,GRADED,9,,,13828,2026-06-29
CRD_82702EEBF6134FF1A729,SCRYDEX_JP,RAW,,2.6200,USD,4026,2026-06-29
CRD_827860234B4648058D9A,SCRYDEX_EN,RAW,,38.8900,USD,59754,2026-06-29
CRD_827860234B4648058D9A,SCRYDEX_JP,GRADED,10,,,144306,2026-06-29
CRD_827860234B4648058D9A,SCRYDEX_JP,GRADED,9,,,51257,2026-06-29
CRD_827860234B4648058D9A,SCRYDEX_JP,RAW,,46.9700,USD,72168,2026-06-29
CRD_828C74272B23470D9991,SCRYDEX_EN,RAW,,0.7600,USD,1162,2026-06-05
CRD_828E8D059DF7414D891B,SCRYDEX_EN,RAW,,82.4800,USD,126729,2026-06-29
CRD_828E8D059DF7414D891B,SCRYDEX_JP,GRADED,10,,,884106,2026-06-29
CRD_828E8D059DF7414D891B,SCRYDEX_JP,GRADED,9,,,372520,2026-06-29
CRD_828E8D059DF7414D891B,SCRYDEX_JP,RAW,,221.0000,USD,339562,2026-06-29
CRD_8297F066BE06430AAD93,SCRYDEX_EN,RAW,,20.2400,USD,31098,2026-06-27
CRD_8297F066BE06430AAD93,SCRYDEX_JP,GRADED,10,,,64517,2026-06-29
CRD_8297F066BE06430AAD93,SCRYDEX_JP,GRADED,9,,,31575,2026-06-29
CRD_8297F066BE06430AAD93,SCRYDEX_JP,RAW,,5.1100,USD,7851,2026-06-29
CRD_8298C8E112E94322BE4D,SCRYDEX_EN,RAW,,3.8600,USD,5903,2026-06-05
CRD_8298C8E112E94322BE4D,SCRYDEX_JP,GRADED,10,,,46555,2026-06-29
CRD_8298C8E112E94322BE4D,SCRYDEX_JP,RAW,,0.8800,USD,1352,2026-06-29
CRD_82A3BB0D14EE48B5ACCD,SCRYDEX_EN,RAW,,56.6800,USD,87088,2026-06-29
CRD_82A3BB0D14EE48B5ACCD,SCRYDEX_JP,GRADED,10,,,230441,2026-06-29
CRD_82A3BB0D14EE48B5ACCD,SCRYDEX_JP,GRADED,9,,,38750,2026-06-29
CRD_82A3BB0D14EE48B5ACCD,SCRYDEX_JP,RAW,,22.7300,USD,34924,2026-06-29
CRD_82BBF9DCCF3D4D5AB172,SCRYDEX_EN,RAW,,4.1200,USD,6301,2026-06-05
CRD_82BBF9DCCF3D4D5AB172,SCRYDEX_JP,GRADED,10,,,38658,2026-06-29
CRD_82BBF9DCCF3D4D5AB172,SCRYDEX_JP,GRADED,9,,,18392,2026-06-29
CRD_82BBF9DCCF3D4D5AB172,SCRYDEX_JP,RAW,,1.2400,USD,1905,2026-06-29
CRD_82D8D5556A4F436CBB28,SCRYDEX_EN,RAW,,40.4200,USD,62105,2026-06-29
CRD_82D8D5556A4F436CBB28,SCRYDEX_JP,GRADED,10,,,68266,2026-06-29
CRD_82D8D5556A4F436CBB28,SCRYDEX_JP,GRADED,9,,,19913,2026-06-29
CRD_82D8D5556A4F436CBB28,SCRYDEX_JP,RAW,,22.6700,USD,34832,2026-06-29
CRD_82FEBC891CD64CE98880,SCRYDEX_EN,RAW,,1.4700,USD,2248,2026-06-05
CRD_830056EB54D14AF28E1A,SCRYDEX_EN,RAW,,59.7100,USD,91743,2026-06-29
CRD_830056EB54D14AF28E1A,SCRYDEX_JP,GRADED,10,,,116834,2026-06-29
CRD_830056EB54D14AF28E1A,SCRYDEX_JP,GRADED,9,,,45495,2026-06-29
CRD_830056EB54D14AF28E1A,SCRYDEX_JP,RAW,,32.4200,USD,49813,2026-06-29
CRD_830603D507F941958180,SCRYDEX_EN,RAW,,14.6600,USD,22525,2026-06-29
CRD_830603D507F941958180,SCRYDEX_JP,GRADED,10,,,103298,2026-06-29
CRD_830603D507F941958180,SCRYDEX_JP,GRADED,9,,,34555,2026-06-29
CRD_830603D507F941958180,SCRYDEX_JP,RAW,,11.5800,USD,17792,2026-06-29
CRD_8318097459A64ECD8473,SCRYDEX_EN,RAW,,2.4600,USD,3780,2026-06-27
CRD_8318097459A64ECD8473,SCRYDEX_JP,GRADED,10,,,85136,2026-06-29
CRD_8318097459A64ECD8473,SCRYDEX_JP,GRADED,9,,,23815,2026-06-29
CRD_8318097459A64ECD8473,SCRYDEX_JP,RAW,,2.1200,USD,3257,2026-06-29
CRD_83435CF0B3494DECB0E7,SCRYDEX_EN,RAW,,49.1800,USD,75564,2026-06-29
CRD_83435CF0B3494DECB0E7,SCRYDEX_JP,GRADED,10,,,200296,2026-06-29
CRD_83435CF0B3494DECB0E7,SCRYDEX_JP,GRADED,9,,,68189,2026-06-29
CRD_83435CF0B3494DECB0E7,SCRYDEX_JP,RAW,,22.5800,USD,34694,2026-06-29
CRD_8384DAD4A2524069AD34,SCRYDEX_EN,RAW,,9.2900,USD,14208,2026-06-05
CRD_8384DAD4A2524069AD34,SCRYDEX_JP,GRADED,10,,,69326,2026-06-29
CRD_8384DAD4A2524069AD34,SCRYDEX_JP,GRADED,9,,,26335,2026-06-29
CRD_8384DAD4A2524069AD34,SCRYDEX_JP,RAW,,4.2000,USD,6453,2026-06-29
CRD_83A1176A6F644DE9B1DB,SCRYDEX_EN,RAW,,17.9000,USD,27503,2026-06-28
CRD_83A1176A6F644DE9B1DB,SCRYDEX_JP,GRADED,10,,,354420,2026-06-29
CRD_83A1176A6F644DE9B1DB,SCRYDEX_JP,GRADED,9,,,118309,2026-06-29
CRD_83BAA925FA8D48C4ABFE,SCRYDEX_EN,RAW,,3.3100,USD,5062,2026-06-05
CRD_83BAA925FA8D48C4ABFE,SCRYDEX_JP,GRADED,10,,,55390,2026-06-29
CRD_83BAA925FA8D48C4ABFE,SCRYDEX_JP,GRADED,9,,,23047,2026-06-29
CRD_83BAA925FA8D48C4ABFE,SCRYDEX_JP,RAW,,6.1400,USD,9434,2026-06-29
CRD_83BEEB1396274C9BAB37,SCRYDEX_EN,RAW,,12.8200,USD,19698,2026-06-27
CRD_83BEEB1396274C9BAB37,SCRYDEX_JP,GRADED,10,,,92220,2026-06-29
CRD_83BEEB1396274C9BAB37,SCRYDEX_JP,GRADED,9,,,18638,2026-06-29
CRD_83BEEB1396274C9BAB37,SCRYDEX_JP,RAW,,8.8000,USD,13521,2026-06-29
CRD_83CB95F730174D28B274,SCRYDEX_JP,RAW,,0.4100,USD,630,2026-06-28
CRD_83D6D0B474EF4541A65D,SCRYDEX_EN,RAW,,0.8900,USD,1361,2026-06-05
CRD_83D6D0B474EF4541A65D,SCRYDEX_JP,GRADED,10,,,33695,2026-06-29
CRD_83D6D0B474EF4541A65D,SCRYDEX_JP,RAW,,0.4900,USD,753,2026-06-29
CRD_83D97C53AA124CCABCA0,SCRYDEX_EN,RAW,,1.2900,USD,1973,2026-06-05
CRD_83D97C53AA124CCABCA0,SCRYDEX_JP,GRADED,10,,,55989,2026-06-29
CRD_83D97C53AA124CCABCA0,SCRYDEX_JP,GRADED,9,,,21157,2026-06-29
CRD_83D97C53AA124CCABCA0,SCRYDEX_JP,RAW,,2.1900,USD,3365,2026-06-29
CRD_83EB31891C77BEA468C8,SCRYDEX_JP,RAW,,1.2700,USD,1951,2026-06-29
CRD_83EC760B41124D8A9145,SCRYDEX_JP,RAW,,0.2300,USD,353,2026-06-28
CRD_83ED01B41C3648FCA47B,SCRYDEX_EN,RAW,,4.1100,USD,6286,2026-06-05
CRD_84061A5838C84C7996BA,SCRYDEX_JP,RAW,,4.9900,USD,7667,2026-06-29
CRD_8410E4E943C54075AE69,SCRYDEX_EN,RAW,,1.6000,USD,2447,2026-06-05
CRD_8410E4E943C54075AE69,SCRYDEX_JP,GRADED,9,,,46094,2026-06-29
CRD_8410E4E943C54075AE69,SCRYDEX_JP,RAW,,2.4600,USD,3780,2026-06-29
CRD_8415237C305047B19AD4,SCRYDEX_EN,RAW,,14.2400,USD,21879,2026-06-29
CRD_8415237C305047B19AD4,SCRYDEX_JP,GRADED,10,,,58186,2026-06-29
CRD_8415237C305047B19AD4,SCRYDEX_JP,GRADED,9,,,11754,2026-06-29
CRD_8415237C305047B19AD4,SCRYDEX_JP,RAW,,5.2400,USD,8051,2026-06-29
CRD_842618E42E404622A7A4,SCRYDEX_EN,RAW,,1.1900,USD,1820,2026-06-05
CRD_843DB9D7E2934E2DB5CE,SCRYDEX_EN,RAW,,21.7000,USD,33187,2026-06-05
CRD_843DB9D7E2934E2DB5CE,SCRYDEX_JP,GRADED,10,,,1384660,2026-06-29
CRD_843DB9D7E2934E2DB5CE,SCRYDEX_JP,GRADED,9,,,38043,2026-06-29
CRD_843DB9D7E2934E2DB5CE,SCRYDEX_JP,RAW,,20.0000,USD,30730,2026-06-29
CRD_84630510CDEC47779B56,SCRYDEX_EN,RAW,,0.5900,USD,902,2026-06-05
CRD_84630510CDEC47779B56,SCRYDEX_JP,GRADED,10,,,53500,2026-06-28
CRD_84630510CDEC47779B56,SCRYDEX_JP,GRADED,9,,,14013,2026-06-28
CRD_84630510CDEC47779B56,SCRYDEX_JP,RAW,,0.3400,USD,522,2026-06-28
CRD_847F3AC4CA9A4D418203,SCRYDEX_EN,RAW,,2.2200,USD,3395,2026-06-05
CRD_847F3AC4CA9A4D418203,SCRYDEX_JP,GRADED,10,,,41377,2026-06-29
CRD_847F3AC4CA9A4D418203,SCRYDEX_JP,GRADED,9,,,13905,2026-06-29
CRD_847F3AC4CA9A4D418203,SCRYDEX_JP,RAW,,2.0500,USD,3150,2026-06-29
CRD_84956B7620D249279F78,SCRYDEX_EN,RAW,,16.9000,USD,25846,2026-06-05
CRD_84956B7620D249279F78,SCRYDEX_JP,GRADED,10,,,462988,2026-06-29
CRD_84956B7620D249279F78,SCRYDEX_JP,GRADED,9,,,56435,2026-06-29
CRD_84956B7620D249279F78,SCRYDEX_JP,RAW,,7.2600,USD,11155,2026-06-29
CRD_84D5C2862B76466098C2,SCRYDEX_EN,RAW,,13.6100,USD,20911,2026-06-29
CRD_84D5C2862B76466098C2,SCRYDEX_JP,GRADED,10,,,93572,2026-06-29
CRD_84D5C2862B76466098C2,SCRYDEX_JP,GRADED,9,,,45157,2026-06-29
CRD_84D5C2862B76466098C2,SCRYDEX_JP,RAW,,17.0400,USD,26182,2026-06-29
CRD_84D9AB8184C644238C4E,SCRYDEX_EN,RAW,,27.5200,USD,42284,2026-06-29
CRD_84D9AB8184C644238C4E,SCRYDEX_JP,GRADED,10,,,230472,2026-06-29
CRD_84D9AB8184C644238C4E,SCRYDEX_JP,GRADED,9,,,36876,2026-06-29
CRD_84D9AB8184C644238C4E,SCRYDEX_JP,RAW,,14250.0000,KRW,14250,2026-06-29
CRD_84EB7A5F0598461296E0,SCRYDEX_EN,RAW,,5.4700,USD,8366,2026-06-05
CRD_84EB7A5F0598461296E0,SCRYDEX_JP,GRADED,9,,,6146,2026-06-29
CRD_84EB7A5F0598461296E0,SCRYDEX_JP,RAW,,6.3900,USD,9818,2026-06-29
CRD_84F100B202834C6DAE3B,SCRYDEX_EN,RAW,,0.7300,USD,1116,2026-06-05
CRD_84F100B202834C6DAE3B,SCRYDEX_JP,GRADED,10,,,54146,2026-06-29
CRD_84F100B202834C6DAE3B,SCRYDEX_JP,GRADED,9,,,42484,2026-06-29
CRD_84F100B202834C6DAE3B,SCRYDEX_JP,RAW,,0.2700,USD,415,2026-06-29
CRD_8538CE46E092401B8FD2,SCRYDEX_EN,RAW,,57.7900,USD,88793,2026-06-29
CRD_8538CE46E092401B8FD2,SCRYDEX_JP,GRADED,10,,,138790,2026-06-29
CRD_8538CE46E092401B8FD2,SCRYDEX_JP,GRADED,9,,,64563,2026-06-29
CRD_8538CE46E092401B8FD2,SCRYDEX_JP,RAW,,19.5500,USD,30038,2026-06-29
CRD_853BCA2D91DC48478D36,SCRYDEX_EN,RAW,,0.5700,USD,872,2026-06-05
CRD_853BCA2D91DC48478D36,SCRYDEX_JP,GRADED,10,,,32865,2026-06-29
CRD_853BCA2D91DC48478D36,SCRYDEX_JP,GRADED,9,,,6530,2026-06-29
CRD_853BCA2D91DC48478D36,SCRYDEX_JP,RAW,,0.2300,USD,353,2026-06-29
CRD_853F91A8D5AF441492F4,SCRYDEX_EN,RAW,,425.9000,USD,654387,2026-06-29
CRD_853F91A8D5AF441492F4,SCRYDEX_JP,GRADED,10,,,1077933,2026-06-29
CRD_853F91A8D5AF441492F4,SCRYDEX_JP,GRADED,9,,,673332,2026-06-29
CRD_853F91A8D5AF441492F4,SCRYDEX_JP,RAW,,392.5500,USD,603145,2026-06-29
CRD_8550FB250AFA4FADB616,SCRYDEX_EN,RAW,,251.5900,USD,384774,2026-06-05
CRD_8550FB250AFA4FADB616,SCRYDEX_JP,GRADED,10,,,4092476,2026-06-29
CRD_8550FB250AFA4FADB616,SCRYDEX_JP,GRADED,9,,,1348108,2026-06-29
CRD_8550FB250AFA4FADB616,SCRYDEX_JP,RAW,,500.0000,USD,768240,2026-06-29
CRD_85A18C735C9147958902,SCRYDEX_EN,RAW,,1.5100,USD,2320,2026-06-29
CRD_85A18C735C9147958902,SCRYDEX_JP,GRADED,10,,,58709,2026-06-29
CRD_85A18C735C9147958902,SCRYDEX_JP,RAW,,0.5400,USD,830,2026-06-29
CRD_85A4AA81199D42D8B160,SCRYDEX_EN,RAW,,9.0500,USD,13841,2026-06-05
CRD_85A4AA81199D42D8B160,SCRYDEX_JP,GRADED,10,,,68419,2026-06-29
CRD_85A4AA81199D42D8B160,SCRYDEX_JP,GRADED,9,,,50489,2026-06-29
CRD_85A4AA81199D42D8B160,SCRYDEX_JP,RAW,,5700.0000,KRW,5700,2026-06-29
CRD_85AC11A9F5FE4EBEB8E6,SCRYDEX_EN,RAW,,0.6000,USD,918,2026-06-05
CRD_85AC11A9F5FE4EBEB8E6,SCRYDEX_JP,GRADED,10,,,54115,2026-06-29
CRD_85AC11A9F5FE4EBEB8E6,SCRYDEX_JP,GRADED,9,,,21511,2026-06-29
CRD_85AC11A9F5FE4EBEB8E6,SCRYDEX_JP,RAW,,0.3100,USD,476,2026-06-29
CRD_85ACB08A9301857D6840,SCRYDEX_EN,RAW,,172.9100,USD,265673,2026-06-29
CRD_85ACB08A9301857D6840,SCRYDEX_JP,GRADED,10,,,428678,2026-06-29
CRD_85ACB08A9301857D6840,SCRYDEX_JP,GRADED,9,,,83723,2026-06-29
CRD_85ACB08A9301857D6840,SCRYDEX_JP,RAW,,83.0100,USD,127543,2026-06-29
CRD_85C6AB0CD75440EFA091,SCRYDEX_EN,RAW,,0.6200,USD,953,2026-06-29
CRD_85C6AB0CD75440EFA091,SCRYDEX_JP,GRADED,10,,,44512,2026-06-28
CRD_85C6AB0CD75440EFA091,SCRYDEX_JP,RAW,,0.2600,USD,399,2026-06-28
CRD_85D8B3249D6140CCAE00,SCRYDEX_EN,RAW,,86.3200,USD,132629,2026-06-29
CRD_85D8B3249D6140CCAE00,SCRYDEX_JP,GRADED,10,,,401989,2026-06-29
CRD_85D8B3249D6140CCAE00,SCRYDEX_JP,GRADED,9,,,174498,2026-06-29
CRD_85D8B3249D6140CCAE00,SCRYDEX_JP,RAW,,96.7300,USD,148624,2026-06-29
CRD_85DA754292A84C40923E,SCRYDEX_EN,RAW,,103.8700,USD,159594,2026-06-29
CRD_85DA754292A84C40923E,SCRYDEX_JP,GRADED,10,,,1223161,2026-06-29
CRD_85DA754292A84C40923E,SCRYDEX_JP,GRADED,9,,,486158,2026-06-29
CRD_85DA754292A84C40923E,SCRYDEX_JP,RAW,,100.0000,USD,153648,2026-06-29
CRD_85E5684497324EADB399,SCRYDEX_EN,RAW,,117.9000,USD,181151,2026-06-29
CRD_85E5684497324EADB399,SCRYDEX_JP,GRADED,10,,,775431,2026-06-29
CRD_85E5684497324EADB399,SCRYDEX_JP,GRADED,9,,,170334,2026-06-29
CRD_85E5684497324EADB399,SCRYDEX_JP,RAW,,59.9900,USD,92173,2026-06-29
CRD_8603F62DAC06410E95FB,SCRYDEX_EN,RAW,,3.9200,USD,5995,2026-06-05
CRD_8603F62DAC06410E95FB,SCRYDEX_JP,GRADED,10,,,99364,2026-06-29
CRD_8603F62DAC06410E95FB,SCRYDEX_JP,RAW,,7.0700,USD,10863,2026-06-29
CRD_8604AD97AE074716B377,SCRYDEX_EN,RAW,,11.7800,USD,18100,2026-06-29
CRD_8604AD97AE074716B377,SCRYDEX_JP,GRADED,10,,,207824,2026-06-29
CRD_8604AD97AE074716B377,SCRYDEX_JP,GRADED,9,,,27657,2026-06-29
CRD_8604AD97AE074716B377,SCRYDEX_JP,RAW,,3.0700,USD,4717,2026-06-29
CRD_861F40AC33FD47E8A71A,SCRYDEX_EN,RAW,,1.1600,USD,1774,2026-06-05
CRD_8657995A6BC44F5DBF8E,SCRYDEX_EN,RAW,,5.9900,USD,9161,2026-06-05
CRD_8657995A6BC44F5DBF8E,SCRYDEX_JP,GRADED,10,,,94862,2026-06-29
CRD_8657995A6BC44F5DBF8E,SCRYDEX_JP,GRADED,9,,,25398,2026-06-29
CRD_8657995A6BC44F5DBF8E,SCRYDEX_JP,RAW,,2.0900,USD,3211,2026-06-29
CRD_865DA476A29E409CBAA1,SCRYDEX_EN,RAW,,5.3100,USD,8121,2026-06-05
CRD_865DA476A29E409CBAA1,SCRYDEX_JP,GRADED,10,,,83077,2026-06-29
CRD_865DA476A29E409CBAA1,SCRYDEX_JP,RAW,,4.7200,USD,7252,2026-06-29
CRD_86639AEE339A4E1D9109,SCRYDEX_EN,RAW,,2.9700,USD,4542,2026-06-05
CRD_86639AEE339A4E1D9109,SCRYDEX_JP,GRADED,10,,,67544,2026-06-29
CRD_86639AEE339A4E1D9109,SCRYDEX_JP,RAW,,0.9100,USD,1398,2026-06-29
CRD_866593D4A5494DF285FE,SCRYDEX_EN,RAW,,14.8800,USD,22757,2026-06-05
CRD_8665C8184D854C689CB5,SCRYDEX_EN,RAW,,1.8900,USD,2891,2026-06-05
CRD_8665C8184D854C689CB5,SCRYDEX_JP,GRADED,10,,,40732,2026-06-29
CRD_8665C8184D854C689CB5,SCRYDEX_JP,RAW,,1.9900,USD,3058,2026-06-29
CRD_866697DBC93748BB918F,SCRYDEX_EN,RAW,,61.5300,USD,94540,2026-06-29
CRD_866697DBC93748BB918F,SCRYDEX_JP,GRADED,10,,,88901,2026-06-29
CRD_866697DBC93748BB918F,SCRYDEX_JP,GRADED,9,,,40133,2026-06-29
CRD_866697DBC93748BB918F,SCRYDEX_JP,RAW,,13.6100,USD,20911,2026-06-29
CRD_866E43F5997A400B8392,SCRYDEX_EN,RAW,,5.8900,USD,9008,2026-06-05
CRD_866E43F5997A400B8392,SCRYDEX_JP,GRADED,10,,,58325,2026-06-29
CRD_866E43F5997A400B8392,SCRYDEX_JP,GRADED,9,,,30730,2026-06-29
CRD_866E43F5997A400B8392,SCRYDEX_JP,RAW,,4.3100,USD,6622,2026-06-29
CRD_86826BB15E1644AEB13C,SCRYDEX_EN,RAW,,2.8400,USD,4364,2026-06-29
CRD_86826BB15E1644AEB13C,SCRYDEX_JP,RAW,,3.0000,USD,4609,2026-06-29
CRD_86A21D43FBB24CD683A0,SCRYDEX_EN,RAW,,3.3000,USD,5047,2026-06-05
CRD_86A21D43FBB24CD683A0,SCRYDEX_JP,GRADED,10,,,53715,2026-06-29
CRD_86A21D43FBB24CD683A0,SCRYDEX_JP,GRADED,9,,,15411,2026-06-29
CRD_86A21D43FBB24CD683A0,SCRYDEX_JP,RAW,,2.0100,USD,3088,2026-06-29
CRD_86A7F5C65D4D4EF997C0,SCRYDEX_EN,RAW,,0.6300,USD,964,2026-06-05
CRD_86C9D18D455541299CC0,SCRYDEX_EN,RAW,,1.1700,USD,1789,2026-06-05
CRD_86C9D18D455541299CC0,SCRYDEX_JP,GRADED,10,,,34893,2026-06-29
CRD_86C9D18D455541299CC0,SCRYDEX_JP,GRADED,9,,,22940,2026-06-29
CRD_86C9D18D455541299CC0,SCRYDEX_JP,RAW,,0.7600,USD,1168,2026-06-29
CRD_87046B5ACF6849E9B53F,SCRYDEX_EN,RAW,,24.5400,USD,37705,2026-06-29
CRD_87046B5ACF6849E9B53F,SCRYDEX_JP,GRADED,10,,,92942,2026-06-29
CRD_87046B5ACF6849E9B53F,SCRYDEX_JP,GRADED,9,,,30038,2026-06-29
CRD_87046B5ACF6849E9B53F,SCRYDEX_JP,RAW,,8.9200,USD,13705,2026-06-29
CRD_870D077A005D4B68959B,SCRYDEX_EN,RAW,,11.6200,USD,17854,2026-06-29
CRD_870D077A005D4B68959B,SCRYDEX_JP,RAW,,5.3200,USD,8174,2026-06-29
CRD_8710D86E084B46B1A83E,SCRYDEX_EN,RAW,,7.5700,USD,11577,2026-06-05
CRD_8710D86E084B46B1A83E,SCRYDEX_JP,GRADED,10,,,107584,2026-06-29
CRD_8710D86E084B46B1A83E,SCRYDEX_JP,GRADED,9,,,41254,2026-06-29
CRD_8710D86E084B46B1A83E,SCRYDEX_JP,RAW,,10.9500,USD,16824,2026-06-29
CRD_871EF36DB50541E2A367,SCRYDEX_EN,RAW,,2.6700,USD,4083,2026-06-05
CRD_871EF36DB50541E2A367,SCRYDEX_JP,GRADED,10,,,33941,2026-06-29
CRD_871EF36DB50541E2A367,SCRYDEX_JP,GRADED,9,,,6146,2026-06-29
CRD_871EF36DB50541E2A367,SCRYDEX_JP,RAW,,1.1600,USD,1782,2026-06-29
CRD_873556EEE0BA8B3B376D,SCRYDEX_JP,RAW,,37.0200,USD,56880,2026-06-29
CRD_874AC1F1697241DBA8D7,SCRYDEX_EN,RAW,,3.5000,USD,5353,2026-06-05
CRD_874AC1F1697241DBA8D7,SCRYDEX_JP,GRADED,10,,,58125,2026-06-29
CRD_874AC1F1697241DBA8D7,SCRYDEX_JP,GRADED,9,,,10817,2026-06-29
CRD_874AC1F1697241DBA8D7,SCRYDEX_JP,RAW,,2.5600,USD,3933,2026-06-29
CRD_874BB3258CA94959BBC0,SCRYDEX_EN,RAW,,25.9600,USD,39388,2026-06-14
CRD_874BB3258CA94959BBC0,SCRYDEX_JP,GRADED,10,,,165510,2026-06-29
CRD_874BB3258CA94959BBC0,SCRYDEX_JP,GRADED,9,,,73567,2026-06-29
CRD_874BB3258CA94959BBC0,SCRYDEX_JP,RAW,,8.1000,USD,12445,2026-06-29
CRD_87649DD1BF8243E3895F,SCRYDEX_EN,RAW,,2.1800,USD,3334,2026-06-05
CRD_876E648A957A44C9AE71,SCRYDEX_EN,RAW,,0.7800,USD,1193,2026-06-05
CRD_876E648A957A44C9AE71,SCRYDEX_JP,GRADED,10,,,37951,2026-06-29
CRD_876E648A957A44C9AE71,SCRYDEX_JP,RAW,,0.5600,USD,860,2026-06-29
CRD_877457DF732E4A2C8C7F,SCRYDEX_EN,RAW,,317.3500,USD,487602,2026-06-29
CRD_877457DF732E4A2C8C7F,SCRYDEX_JP,GRADED,10,,,2159599,2026-06-29
CRD_877457DF732E4A2C8C7F,SCRYDEX_JP,GRADED,9,,,519330,2026-06-29
CRD_877457DF732E4A2C8C7F,SCRYDEX_JP,RAW,,1045000.0000,KRW,1045000,2026-06-29
CRD_878B1A3CBFFA573EE2CE,SCRYDEX_EN,RAW,,14.7000,USD,22586,2026-06-29
CRD_878B1A3CBFFA573EE2CE,SCRYDEX_JP,GRADED,10,,,80834,2026-06-29
CRD_878B1A3CBFFA573EE2CE,SCRYDEX_JP,GRADED,9,,,10955,2026-06-29
CRD_878B1A3CBFFA573EE2CE,SCRYDEX_JP,RAW,,4.1600,USD,6392,2026-06-29
CRD_87A14B554FF84A3FAE6A,SCRYDEX_EN,RAW,,1.8600,USD,2845,2026-06-05
CRD_87A14B554FF84A3FAE6A,SCRYDEX_JP,GRADED,10,,,41854,2026-06-29
CRD_87A14B554FF84A3FAE6A,SCRYDEX_JP,GRADED,9,,,1921,2026-06-29
CRD_87A14B554FF84A3FAE6A,SCRYDEX_JP,RAW,,0.2600,USD,399,2026-06-29
CRD_87ACED114A5746E48FF7,SCRYDEX_EN,RAW,,4.9900,USD,7632,2026-06-05
CRD_87ACED114A5746E48FF7,SCRYDEX_JP,GRADED,10,,,69172,2026-06-29
CRD_87ACED114A5746E48FF7,SCRYDEX_JP,GRADED,9,,,21203,2026-06-29
CRD_87ACED114A5746E48FF7,SCRYDEX_JP,RAW,,4.0300,USD,6192,2026-06-29
CRD_882A64CAAD1048D2BE8D,SCRYDEX_EN,RAW,,3.5500,USD,5429,2026-06-05
CRD_882A64CAAD1048D2BE8D,SCRYDEX_JP,GRADED,10,,,31160,2026-06-29
CRD_882A64CAAD1048D2BE8D,SCRYDEX_JP,RAW,,5.5300,USD,8497,2026-06-29
CRD_884CDFFE6A873A39565CEB82B1769CBA,SCRYDEX_JP,GRADED,10,,,13913748,2026-06-29
CRD_884CDFFE6A873A39565CEB82B1769CBA,SCRYDEX_JP,GRADED,9,,,7459057,2026-06-29
CRD_884CDFFE6A873A39565CEB82B1769CBA,SCRYDEX_JP,RAW,,2200.0000,USD,3380256,2026-06-29
CRD_8875DA1FBB2046CBAF86,SCRYDEX_JP,GRADED,10,,,107231,2026-06-29
CRD_8875DA1FBB2046CBAF86,SCRYDEX_JP,RAW,,2.9800,USD,4579,2026-06-29
CRD_888168EF50BE4F89B720,SCRYDEX_EN,RAW,,57.5800,USD,88061,2026-06-05
CRD_888168EF50BE4F89B720,SCRYDEX_JP,GRADED,10,,,499433,2026-06-29
CRD_888168EF50BE4F89B720,SCRYDEX_JP,GRADED,9,,,221176,2026-06-29
CRD_888168EF50BE4F89B720,SCRYDEX_JP,RAW,,49.9900,USD,76809,2026-06-29
CRD_88A52D327991404F8340,SCRYDEX_EN,RAW,,3.8300,USD,5857,2026-06-05
CRD_88A52D327991404F8340,SCRYDEX_JP,GRADED,10,,,62135,2026-06-29
CRD_88A52D327991404F8340,SCRYDEX_JP,GRADED,9,,,18668,2026-06-29
CRD_88A52D327991404F8340,SCRYDEX_JP,RAW,,5.3700,USD,8251,2026-06-29
CRD_88C3837F7E224CCB8F9A,SCRYDEX_EN,RAW,,3.2100,USD,4909,2026-06-05
CRD_88C3837F7E224CCB8F9A,SCRYDEX_JP,GRADED,10,,,48968,2026-06-29
CRD_88C3837F7E224CCB8F9A,SCRYDEX_JP,GRADED,9,,,13828,2026-06-29
CRD_88C3837F7E224CCB8F9A,SCRYDEX_JP,RAW,,1.8200,USD,2796,2026-06-29
CRD_88C69A70082B440AB5C0,SCRYDEX_EN,RAW,,3.7700,USD,5766,2026-06-05
CRD_88C69A70082B440AB5C0,SCRYDEX_JP,GRADED,10,,,46187,2026-06-29
CRD_88C69A70082B440AB5C0,SCRYDEX_JP,GRADED,9,,,18576,2026-06-29
CRD_88C69A70082B440AB5C0,SCRYDEX_JP,RAW,,2.1300,USD,3273,2026-06-29
CRD_88C7D15F245C42D6BF77,SCRYDEX_EN,RAW,,0.6700,USD,1029,2026-06-29
CRD_88CACC97FEA144AAB25D,SCRYDEX_EN,RAW,,0.7600,USD,1162,2026-06-05
CRD_88CACC97FEA144AAB25D,SCRYDEX_JP,GRADED,10,,,15380,2026-06-29
CRD_88CACC97FEA144AAB25D,SCRYDEX_JP,RAW,,0.3200,USD,492,2026-06-29
CRD_88D258C40D594E16B22B,SCRYDEX_EN,RAW,,16.1500,USD,24814,2026-06-29
CRD_88D258C40D594E16B22B,SCRYDEX_JP,GRADED,10,,,76578,2026-06-29
CRD_88D258C40D594E16B22B,SCRYDEX_JP,GRADED,9,,,13045,2026-06-29
CRD_88D258C40D594E16B22B,SCRYDEX_JP,RAW,,8.3300,USD,12799,2026-06-29
CRD_88D8B1966C914557B55B,SCRYDEX_EN,RAW,,1.0300,USD,1575,2026-06-05
CRD_88D8B1966C914557B55B,SCRYDEX_JP,GRADED,10,,,51011,2026-06-29
CRD_88D8B1966C914557B55B,SCRYDEX_JP,GRADED,9,,,18438,2026-06-29
CRD_88D8B1966C914557B55B,SCRYDEX_JP,RAW,,1.3500,USD,2074,2026-06-29
CRD_88DD09D2B6D24EC68E6E,SCRYDEX_EN,RAW,,87.0900,USD,133193,2026-06-05
CRD_88DD09D2B6D24EC68E6E,SCRYDEX_JP,GRADED,10,,,1473546,2026-06-29
CRD_88DD09D2B6D24EC68E6E,SCRYDEX_JP,GRADED,9,,,130985,2026-06-29
CRD_88DD09D2B6D24EC68E6E,SCRYDEX_JP,RAW,,52.5000,USD,80665,2026-06-29
CRD_88DD4F24CABA4B66939C,SCRYDEX_EN,RAW,,42.2400,USD,64901,2026-06-29
CRD_88DD4F24CABA4B66939C,SCRYDEX_JP,GRADED,10,,,105833,2026-06-29
CRD_88DD4F24CABA4B66939C,SCRYDEX_JP,GRADED,9,,,43313,2026-06-29
CRD_88DD4F24CABA4B66939C,SCRYDEX_JP,RAW,,14.7100,USD,22602,2026-06-29
CRD_88DE7FECFA5641C4971D,SCRYDEX_EN,RAW,,14.4000,USD,22125,2026-06-29
CRD_88DE7FECFA5641C4971D,SCRYDEX_JP,GRADED,10,,,70586,2026-06-29
CRD_88DE7FECFA5641C4971D,SCRYDEX_JP,RAW,,15.9500,USD,24507,2026-06-29
CRD_890AC787BC9E4C2DB28A,SCRYDEX_EN,RAW,,236.2200,USD,362947,2026-06-29
CRD_890AC787BC9E4C2DB28A,SCRYDEX_JP,GRADED,10,,,546710,2026-06-29
CRD_890AC787BC9E4C2DB28A,SCRYDEX_JP,GRADED,9,,,215384,2026-06-29
CRD_890AC787BC9E4C2DB28A,SCRYDEX_JP,RAW,,120.7900,USD,185591,2026-06-29
CRD_8913A16F0C89452791C5,SCRYDEX_EN,RAW,,24.4800,USD,37613,2026-06-29
CRD_8913A16F0C89452791C5,SCRYDEX_JP,GRADED,10,,,103866,2026-06-29
CRD_8913A16F0C89452791C5,SCRYDEX_JP,GRADED,9,,,19928,2026-06-29
CRD_8913A16F0C89452791C5,SCRYDEX_JP,RAW,,7.6900,USD,11816,2026-06-29
CRD_8922BCF6E26F48C19343,SCRYDEX_EN,RAW,,3.2900,USD,5032,2026-06-05
CRD_8922BCF6E26F48C19343,SCRYDEX_JP,GRADED,10,,,29593,2026-06-29
CRD_8922BCF6E26F48C19343,SCRYDEX_JP,GRADED,9,,,9987,2026-06-29
CRD_8922BCF6E26F48C19343,SCRYDEX_JP,RAW,,0.9300,USD,1429,2026-06-29
CRD_892B2014015549E5812F,SCRYDEX_EN,RAW,,46.4100,USD,71308,2026-06-29
CRD_892B2014015549E5812F,SCRYDEX_JP,GRADED,10,,,67836,2026-06-29
CRD_892B2014015549E5812F,SCRYDEX_JP,GRADED,9,,,35385,2026-06-29
CRD_892B2014015549E5812F,SCRYDEX_JP,RAW,,12.4800,USD,19175,2026-06-29
CRD_893BF8C4050E44B6ACFA,SCRYDEX_EN,RAW,,0.8900,USD,1361,2026-06-05
CRD_893BF8C4050E44B6ACFA,SCRYDEX_JP,GRADED,10,,,12292,2026-06-29
CRD_893BF8C4050E44B6ACFA,SCRYDEX_JP,RAW,,0.3400,USD,522,2026-06-29
CRD_8965D3327A5540929972,SCRYDEX_EN,RAW,,20.3900,USD,31329,2026-06-29
CRD_8965D3327A5540929972,SCRYDEX_JP,GRADED,10,,,124424,2026-06-29
CRD_8965D3327A5540929972,SCRYDEX_JP,GRADED,9,,,58386,2026-06-29
CRD_8965D3327A5540929972,SCRYDEX_JP,RAW,,50.0000,USD,76824,2026-06-29
CRD_8978E52260A148548BE7,SCRYDEX_EN,RAW,,4.7700,USD,7295,2026-06-05
CRD_8978E52260A148548BE7,SCRYDEX_JP,GRADED,10,,,45403,2026-06-29
CRD_8978E52260A148548BE7,SCRYDEX_JP,GRADED,9,,,10863,2026-06-29
CRD_8978E52260A148548BE7,SCRYDEX_JP,RAW,,11.1900,USD,17193,2026-06-29
CRD_89833C24B80A4DB1A938,SCRYDEX_EN,RAW,,1.5900,USD,2432,2026-06-05
CRD_89935F355A974D4B82FD,SCRYDEX_EN,RAW,,1.1100,USD,1698,2026-06-05
CRD_89935F355A974D4B82FD,SCRYDEX_JP,GRADED,10,,,32573,2026-06-29
CRD_89935F355A974D4B82FD,SCRYDEX_JP,GRADED,9,,,13828,2026-06-29
CRD_89935F355A974D4B82FD,SCRYDEX_JP,RAW,,1.5400,USD,2366,2026-06-29
CRD_89951F6DCCFD4A329C78,SCRYDEX_EN,RAW,,0.6900,USD,1060,2026-06-29
CRD_89951F6DCCFD4A329C78,SCRYDEX_JP,GRADED,10,,,62642,2026-06-29
CRD_89951F6DCCFD4A329C78,SCRYDEX_JP,RAW,,0.7800,USD,1198,2026-06-29
CRD_899A39AE13404402AADF,SCRYDEX_EN,RAW,,14.7400,USD,22543,2026-06-05
CRD_899A39AE13404402AADF,SCRYDEX_JP,GRADED,10,,,141187,2026-06-29
CRD_899A39AE13404402AADF,SCRYDEX_JP,GRADED,9,,,61459,2026-06-29
CRD_899A39AE13404402AADF,SCRYDEX_JP,RAW,,15.1500,USD,23278,2026-06-29
CRD_899C71FEF9DC4CDFB0EF,SCRYDEX_JP,GRADED,10,,,122903,2026-06-29
CRD_899C71FEF9DC4CDFB0EF,SCRYDEX_JP,RAW,,2.6800,USD,4118,2026-06-29
CRD_89A20BE9777E4815B50C,SCRYDEX_EN,RAW,,36.4200,USD,55959,2026-06-29
CRD_89A20BE9777E4815B50C,SCRYDEX_JP,GRADED,10,,,656999,2026-06-29
CRD_89A20BE9777E4815B50C,SCRYDEX_JP,GRADED,9,,,89208,2026-06-29
CRD_89A20BE9777E4815B50C,SCRYDEX_JP,RAW,,399.5000,USD,613824,2026-06-29
CRD_89C3A6311F30458ABBDA,SCRYDEX_EN,RAW,,11.9800,USD,18173,2026-06-16
CRD_89C3A6311F30458ABBDA,SCRYDEX_JP,GRADED,10,,,109182,2026-06-29
CRD_89C3A6311F30458ABBDA,SCRYDEX_JP,GRADED,9,,,51549,2026-06-29
CRD_89C3A6311F30458ABBDA,SCRYDEX_JP,RAW,,21.1400,USD,32481,2026-06-29
CRD_89CF88D4F24A4B3FAB18,SCRYDEX_EN,RAW,,0.6300,USD,964,2026-06-05
CRD_89CF88D4F24A4B3FAB18,SCRYDEX_JP,GRADED,10,,,68804,2026-06-29
CRD_89CF88D4F24A4B3FAB18,SCRYDEX_JP,GRADED,9,,,16917,2026-06-29
CRD_89CF88D4F24A4B3FAB18,SCRYDEX_JP,RAW,,0.3100,USD,476,2026-06-29
CRD_89D60E67C38EA29F1DC2,SCRYDEX_EN,RAW,,72.1000,USD,110780,2026-06-29
CRD_89D60E67C38EA29F1DC2,SCRYDEX_JP,GRADED,10,,,98734,2026-06-29
CRD_89D60E67C38EA29F1DC2,SCRYDEX_JP,GRADED,9,,,35293,2026-06-29
CRD_89D60E67C38EA29F1DC2,SCRYDEX_JP,RAW,,13.5700,USD,20850,2026-06-29
CRD_89E2E59F5D304DF9BBF8,SCRYDEX_EN,RAW,,5.8300,USD,8916,2026-06-05
CRD_89E2E59F5D304DF9BBF8,SCRYDEX_JP,GRADED,10,,,142785,2026-06-29
CRD_89E2E59F5D304DF9BBF8,SCRYDEX_JP,GRADED,9,,,30714,2026-06-29
CRD_89E2E59F5D304DF9BBF8,SCRYDEX_JP,RAW,,5.0000,USD,7682,2026-06-29
CRD_89F0DED26A364D2D9B5E,SCRYDEX_EN,RAW,,22.2800,USD,34233,2026-06-29
CRD_89F0DED26A364D2D9B5E,SCRYDEX_JP,GRADED,10,,,63533,2026-06-29
CRD_89F0DED26A364D2D9B5E,SCRYDEX_JP,GRADED,9,,,17700,2026-06-29
CRD_89F0DED26A364D2D9B5E,SCRYDEX_JP,RAW,,5.8400,USD,8973,2026-06-29
CRD_89F2A38B167C4010B9FF,SCRYDEX_EN,RAW,,37.3900,USD,57449,2026-06-29
CRD_89F2A38B167C4010B9FF,SCRYDEX_JP,GRADED,10,,,182856,2026-06-29
CRD_89F2A38B167C4010B9FF,SCRYDEX_JP,GRADED,9,,,34571,2026-06-29
CRD_89F2A38B167C4010B9FF,SCRYDEX_JP,RAW,,21.2500,USD,32650,2026-06-29
CRD_89F870261BCE4E9C87D5,SCRYDEX_EN,RAW,,75.1100,USD,115405,2026-06-29
CRD_89F870261BCE4E9C87D5,SCRYDEX_JP,GRADED,10,,,684732,2026-06-29
CRD_89F870261BCE4E9C87D5,SCRYDEX_JP,GRADED,9,,,139881,2026-06-29
CRD_89F870261BCE4E9C87D5,SCRYDEX_JP,RAW,,159.9200,USD,245714,2026-06-29
CRD_8A0CD9EAC8D7498A9705,SCRYDEX_EN,RAW,,4.5500,USD,6959,2026-06-05
CRD_8A0CD9EAC8D7498A9705,SCRYDEX_JP,GRADED,10,,,73213,2026-06-29
CRD_8A0CD9EAC8D7498A9705,SCRYDEX_JP,GRADED,9,,,10755,2026-06-29
CRD_8A0CD9EAC8D7498A9705,SCRYDEX_JP,RAW,,1.8600,USD,2858,2026-06-29
CRD_8A0FF8340E754322A4A3,SCRYDEX_EN,RAW,,0.8900,USD,1361,2026-06-05
CRD_8A0FF8340E754322A4A3,SCRYDEX_JP,GRADED,10,,,33803,2026-06-29
CRD_8A0FF8340E754322A4A3,SCRYDEX_JP,GRADED,9,,,36876,2026-06-29
CRD_8A0FF8340E754322A4A3,SCRYDEX_JP,RAW,,0.3500,USD,538,2026-06-29
CRD_8A1A1D352DA0498C9616,SCRYDEX_EN,RAW,,9.5700,USD,14704,2026-06-29
CRD_8A1A1D352DA0498C9616,SCRYDEX_JP,GRADED,10,,,76594,2026-06-29
CRD_8A1A1D352DA0498C9616,SCRYDEX_JP,GRADED,9,,,28932,2026-06-29
CRD_8A1A1D352DA0498C9616,SCRYDEX_JP,RAW,,20.3600,USD,31283,2026-06-29
CRD_8A1DCB955E61497F9B0D,SCRYDEX_EN,RAW,,4.6900,USD,7173,2026-06-05
CRD_8A1DCB955E61497F9B0D,SCRYDEX_JP,GRADED,10,,,57172,2026-06-29
CRD_8A1DCB955E61497F9B0D,SCRYDEX_JP,RAW,,1.3500,USD,2074,2026-06-29
CRD_8A3F004027634756AA94,SCRYDEX_EN,RAW,,1.2900,USD,1973,2026-06-05
CRD_8A3F004027634756AA94,SCRYDEX_JP,RAW,,0.9800,USD,1506,2026-06-29
CRD_8A3F628A4E3B4AC087C9,SCRYDEX_EN,RAW,,1.6800,USD,2569,2026-06-05
CRD_8A3F628A4E3B4AC087C9,SCRYDEX_JP,GRADED,10,,,46094,2026-06-29
CRD_8A3F628A4E3B4AC087C9,SCRYDEX_JP,GRADED,9,,,23047,2026-06-29
CRD_8A3F628A4E3B4AC087C9,SCRYDEX_JP,RAW,,1.0800,USD,1659,2026-06-29
CRD_8A55485EA762404EB6E8,SCRYDEX_EN,RAW,,1.2100,USD,1851,2026-06-05
CRD_8A55485EA762404EB6E8,SCRYDEX_JP,GRADED,10,,,19283,2026-06-29
CRD_8A55485EA762404EB6E8,SCRYDEX_JP,GRADED,9,,,38043,2026-06-29
CRD_8A55485EA762404EB6E8,SCRYDEX_JP,RAW,,0.4500,USD,691,2026-06-29
CRD_8A64A02FB1604C62BD2140CE72FDA2D7,SCRYDEX_EN,RAW,,4.5600,USD,6917,2026-06-16
CRD_8A64A02FB1604C62BD2140CE72FDA2D7,SCRYDEX_JP,GRADED,10,,,48292,2026-06-29
CRD_8A64A02FB1604C62BD2140CE72FDA2D7,SCRYDEX_JP,GRADED,9,,,25014,2026-06-29
CRD_8A64A02FB1604C62BD2140CE72FDA2D7,SCRYDEX_JP,RAW,,2.1900,USD,3365,2026-06-29
CRD_8A6B11549C614D0C858F,SCRYDEX_EN,RAW,,1.1000,USD,1690,2026-06-29
CRD_8A6B11549C614D0C858F,SCRYDEX_JP,RAW,,1.0000,USD,1536,2026-06-29
CRD_8A7EB290F97640FEB7AA,SCRYDEX_EN,RAW,,8.1700,USD,12520,2026-06-06
CRD_8A7EB290F97640FEB7AA,SCRYDEX_JP,GRADED,10,,,49275,2026-06-29
CRD_8A7EB290F97640FEB7AA,SCRYDEX_JP,GRADED,9,,,13828,2026-06-29
CRD_8A7EB290F97640FEB7AA,SCRYDEX_JP,RAW,,5.1700,USD,7944,2026-06-29
CRD_8AC31448F8F9420FAE62,SCRYDEX_EN,RAW,,2.8900,USD,4420,2026-06-05
CRD_8AC31448F8F9420FAE62,SCRYDEX_JP,GRADED,10,,,61060,2026-06-29
CRD_8AC31448F8F9420FAE62,SCRYDEX_JP,RAW,,1.2100,USD,1859,2026-06-29
CRD_8ACA05A71DAE447AAE22,SCRYDEX_EN,RAW,,4.0300,USD,6163,2026-06-05
CRD_8ACA05A71DAE447AAE22,SCRYDEX_JP,GRADED,10,,,57833,2026-06-29
CRD_8ACA05A71DAE447AAE22,SCRYDEX_JP,GRADED,9,,,14335,2026-06-29
CRD_8ACA05A71DAE447AAE22,SCRYDEX_JP,RAW,,7.3700,USD,11324,2026-06-29
CRD_8ACEB76FEF1F4466B0B9,SCRYDEX_EN,RAW,,11.5500,USD,17746,2026-06-29
CRD_8ACEB76FEF1F4466B0B9,SCRYDEX_JP,GRADED,10,,,46571,2026-06-29
CRD_8ACEB76FEF1F4466B0B9,SCRYDEX_JP,GRADED,9,,,19744,2026-06-29
CRD_8ACEB76FEF1F4466B0B9,SCRYDEX_JP,RAW,,3.3200,USD,5101,2026-06-29
CRD_8AEA98061B9A431CAA79,SCRYDEX_EN,RAW,,1.2500,USD,1912,2026-06-05
CRD_8AEA98061B9A431CAA79,SCRYDEX_JP,RAW,,6.2000,USD,9526,2026-06-29
CRD_8AFB1352B9D64F18AFDD,SCRYDEX_EN,RAW,,12.6900,USD,19498,2026-06-29
CRD_8AFB1352B9D64F18AFDD,SCRYDEX_JP,GRADED,10,,,56297,2026-06-29
CRD_8AFB1352B9D64F18AFDD,SCRYDEX_JP,GRADED,9,,,23047,2026-06-29
CRD_8AFB1352B9D64F18AFDD,SCRYDEX_JP,RAW,,4.4100,USD,6776,2026-06-29
CRD_8B07A23C08EE489D87DF,SCRYDEX_EN,RAW,,13.7100,USD,21065,2026-06-29
CRD_8B07A23C08EE489D87DF,SCRYDEX_JP,GRADED,10,,,49444,2026-06-29
CRD_8B07A23C08EE489D87DF,SCRYDEX_JP,GRADED,9,,,21895,2026-06-29
CRD_8B07A23C08EE489D87DF,SCRYDEX_JP,RAW,,1.8900,USD,2904,2026-06-29
CRD_8B1DB466A7784A9DA26A,SCRYDEX_EN,RAW,,20.7500,USD,31882,2026-06-29
CRD_8B1DB466A7784A9DA26A,SCRYDEX_JP,GRADED,10,,,96199,2026-06-29
CRD_8B1DB466A7784A9DA26A,SCRYDEX_JP,GRADED,9,,,130140,2026-06-29
CRD_8B1DB466A7784A9DA26A,SCRYDEX_JP,RAW,,30.1700,USD,46356,2026-06-29
CRD_8B4E9ACDCF524203B75F,SCRYDEX_EN,RAW,,140.8000,USD,215335,2026-06-05
CRD_8B4E9ACDCF524203B75F,SCRYDEX_JP,GRADED,10,,,539289,2026-06-29
CRD_8B4E9ACDCF524203B75F,SCRYDEX_JP,GRADED,9,,,159871,2026-06-29
CRD_8B4E9ACDCF524203B75F,SCRYDEX_JP,RAW,,54.9900,USD,84491,2026-06-29
CRD_8B64BC8FA3984544BD29,SCRYDEX_EN,RAW,,1.9900,USD,3043,2026-06-05
CRD_8B73A94707F24308AF21,SCRYDEX_EN,RAW,,122.8800,USD,188803,2026-06-29
CRD_8B73A94707F24308AF21,SCRYDEX_JP,GRADED,10,,,436483,2026-06-29
CRD_8B73A94707F24308AF21,SCRYDEX_JP,GRADED,9,,,153479,2026-06-29
CRD_8B73A94707F24308AF21,SCRYDEX_JP,RAW,,79.9700,USD,122872,2026-06-29
CRD_8B7637F128294F9EB800,SCRYDEX_EN,RAW,,235.0400,USD,361134,2026-06-29
CRD_8B7637F128294F9EB800,SCRYDEX_JP,GRADED,10,,,5950234,2026-06-29
CRD_8B7637F128294F9EB800,SCRYDEX_JP,GRADED,9,,,1861584,2026-06-29
CRD_8B7637F128294F9EB800,SCRYDEX_JP,RAW,,2755000.0000,KRW,2755000,2026-06-29
CRD_8B8752AF245546B9B4E2,SCRYDEX_EN,RAW,,19.4800,USD,29931,2026-06-29
CRD_8B8752AF245546B9B4E2,SCRYDEX_JP,GRADED,10,,,111441,2026-06-29
CRD_8B8752AF245546B9B4E2,SCRYDEX_JP,GRADED,9,,,41439,2026-06-29
CRD_8B8752AF245546B9B4E2,SCRYDEX_JP,RAW,,22.8900,USD,35170,2026-06-29
CRD_8B92FB178FE6408F833B,SCRYDEX_EN,RAW,,25.2500,USD,38796,2026-06-29
CRD_8B92FB178FE6408F833B,SCRYDEX_JP,GRADED,10,,,231087,2026-06-29
CRD_8B92FB178FE6408F833B,SCRYDEX_JP,GRADED,9,,,46479,2026-06-29
CRD_8B92FB178FE6408F833B,SCRYDEX_JP,RAW,,27.6800,USD,42530,2026-06-29
CRD_8B9B58EC8BE6437C9189,SCRYDEX_EN,RAW,,10.4100,USD,15921,2026-06-05
CRD_8B9B58EC8BE6437C9189,SCRYDEX_JP,GRADED,10,,,124977,2026-06-29
CRD_8B9B58EC8BE6437C9189,SCRYDEX_JP,GRADED,9,,,36276,2026-06-29
CRD_8B9B58EC8BE6437C9189,SCRYDEX_JP,RAW,,8.0300,USD,12338,2026-06-29
CRD_8B9D59AB943441B4BAC4,SCRYDEX_EN,RAW,,0.6900,USD,1055,2026-06-05
CRD_8B9D59AB943441B4BAC4,SCRYDEX_JP,GRADED,10,,,40640,2026-06-29
CRD_8B9D59AB943441B4BAC4,SCRYDEX_JP,GRADED,9,,,21465,2026-06-29
CRD_8B9D59AB943441B4BAC4,SCRYDEX_JP,RAW,,0.2600,USD,399,2026-06-29
CRD_8BC4CFF5D3984089B81D,SCRYDEX_EN,RAW,,26.4400,USD,40625,2026-06-29
CRD_8BC4CFF5D3984089B81D,SCRYDEX_JP,GRADED,10,,,74089,2026-06-29
CRD_8BC4CFF5D3984089B81D,SCRYDEX_JP,GRADED,9,,,23247,2026-06-29
CRD_8BC4CFF5D3984089B81D,SCRYDEX_JP,RAW,,15.4400,USD,23723,2026-06-29
CRD_8BC8EED9E7524E698C95,SCRYDEX_EN,RAW,,3.8900,USD,5949,2026-06-05
CRD_8BC8EED9E7524E698C95,SCRYDEX_JP,GRADED,10,,,51810,2026-06-29
CRD_8BC8EED9E7524E698C95,SCRYDEX_JP,GRADED,9,,,13091,2026-06-29
CRD_8BC8EED9E7524E698C95,SCRYDEX_JP,RAW,,2.8300,USD,4348,2026-06-29
CRD_8BCE857FB5F041FE942A,SCRYDEX_EN,RAW,,1.6200,USD,2478,2026-06-05
CRD_8BCE857FB5F041FE942A,SCRYDEX_JP,GRADED,10,,,24645,2026-06-29
CRD_8BCE857FB5F041FE942A,SCRYDEX_JP,GRADED,9,,,43021,2026-06-29
CRD_8BCE857FB5F041FE942A,SCRYDEX_JP,RAW,,2.8800,USD,4425,2026-06-29
CRD_8C028EC35A4A49469342,SCRYDEX_EN,RAW,,1.1700,USD,1789,2026-06-05
CRD_8C028EC35A4A49469342,SCRYDEX_JP,RAW,,0.3100,USD,476,2026-06-29
CRD_8C29A0179FEA494EACAF,SCRYDEX_EN,RAW,,0.8800,USD,1346,2026-06-05
CRD_8C29A0179FEA494EACAF,SCRYDEX_JP,GRADED,10,,,55467,2026-06-29
CRD_8C29A0179FEA494EACAF,SCRYDEX_JP,GRADED,9,,,12292,2026-06-29
CRD_8C29A0179FEA494EACAF,SCRYDEX_JP,RAW,,0.5500,USD,845,2026-06-29
CRD_8C2B39D4C7FE4D139F06,SCRYDEX_EN,RAW,,0.7000,USD,1071,2026-06-05
CRD_8C2B39D4C7FE4D139F06,SCRYDEX_JP,RAW,,0.4400,USD,676,2026-06-29
CRD_8C2D1ED4956640F9A05F,SCRYDEX_EN,RAW,,3.7900,USD,5796,2026-06-05
CRD_8C2D1ED4956640F9A05F,SCRYDEX_JP,GRADED,10,,,46033,2026-06-29
CRD_8C2D1ED4956640F9A05F,SCRYDEX_JP,RAW,,4.0400,USD,6207,2026-06-29
CRD_8C3914BBF6F44AEA9A9F,SCRYDEX_EN,RAW,,41.1200,USD,63180,2026-06-29
CRD_8C3914BBF6F44AEA9A9F,SCRYDEX_JP,GRADED,10,,,228644,2026-06-29
CRD_8C3914BBF6F44AEA9A9F,SCRYDEX_JP,GRADED,9,,,35262,2026-06-29
CRD_8C3914BBF6F44AEA9A9F,SCRYDEX_JP,RAW,,30.3000,USD,46555,2026-06-29
CRD_8C4595A6BD8543299E01,SCRYDEX_EN,RAW,,19.4800,USD,29931,2026-06-29
CRD_8C4595A6BD8543299E01,SCRYDEX_JP,GRADED,10,,,61720,2026-06-29
CRD_8C4595A6BD8543299E01,SCRYDEX_JP,GRADED,9,,,20512,2026-06-29
CRD_8C4595A6BD8543299E01,SCRYDEX_JP,RAW,,11.2300,USD,17255,2026-06-29
CRD_8C4814A402E140B9A2FC,SCRYDEX_EN,RAW,,6.4900,USD,9926,2026-06-05
CRD_8C4814A402E140B9A2FC,SCRYDEX_JP,GRADED,10,,,136086,2026-06-29
CRD_8C4814A402E140B9A2FC,SCRYDEX_JP,GRADED,9,,,50688,2026-06-29
CRD_8C4814A402E140B9A2FC,SCRYDEX_JP,RAW,,10.1500,USD,15595,2026-06-29
CRD_8C4E0B58B9AB4FD8A901,SCRYDEX_EN,RAW,,62.0300,USD,95308,2026-06-29
CRD_8C4E0B58B9AB4FD8A901,SCRYDEX_JP,GRADED,10,,,133935,2026-06-29
CRD_8C4E0B58B9AB4FD8A901,SCRYDEX_JP,GRADED,9,,,51749,2026-06-29
CRD_8C4E0B58B9AB4FD8A901,SCRYDEX_JP,RAW,,23.2300,USD,35692,2026-06-29
CRD_8C5E1C0CADAB42CBA2D3,SCRYDEX_EN,RAW,,2.6600,USD,4068,2026-06-05
CRD_8C5E1C0CADAB42CBA2D3,SCRYDEX_JP,GRADED,10,,,49275,2026-06-29
CRD_8C5E1C0CADAB42CBA2D3,SCRYDEX_JP,GRADED,9,,,20097,2026-06-29
CRD_8C5E1C0CADAB42CBA2D3,SCRYDEX_JP,RAW,,2.0500,USD,3150,2026-06-29
CRD_8C8BBAFB1C5E4D15BAC6,SCRYDEX_EN,RAW,,13.7900,USD,21188,2026-06-29
CRD_8C8BBAFB1C5E4D15BAC6,SCRYDEX_JP,GRADED,10,,,74320,2026-06-29
CRD_8C8BBAFB1C5E4D15BAC6,SCRYDEX_JP,GRADED,9,,,37552,2026-06-29
CRD_8C8BBAFB1C5E4D15BAC6,SCRYDEX_JP,RAW,,9.9300,USD,15257,2026-06-29
CRD_8C8EEF4E7290462E9827,SCRYDEX_EN,RAW,,34.1000,USD,52152,2026-06-05
CRD_8C8EEF4E7290462E9827,SCRYDEX_JP,GRADED,10,,,497543,2026-06-29
CRD_8C8EEF4E7290462E9827,SCRYDEX_JP,GRADED,9,,,98166,2026-06-29
CRD_8C8EEF4E7290462E9827,SCRYDEX_JP,RAW,,247000.0000,KRW,247000,2026-06-29
CRD_8CBA85EFB90246F2A42C,SCRYDEX_EN,RAW,,29.2500,USD,44942,2026-06-29
CRD_8CBA85EFB90246F2A42C,SCRYDEX_JP,GRADED,10,,,124224,2026-06-29
CRD_8CBA85EFB90246F2A42C,SCRYDEX_JP,GRADED,9,,,36737,2026-06-29
CRD_8CBA85EFB90246F2A42C,SCRYDEX_JP,RAW,,20.7500,USD,31882,2026-06-29
CRD_8CBB87D89D68439D919A,SCRYDEX_EN,RAW,,6.4500,USD,9864,2026-06-05
CRD_8CBB87D89D68439D919A,SCRYDEX_JP,GRADED,10,,,70939,2026-06-29
CRD_8CBB87D89D68439D919A,SCRYDEX_JP,GRADED,9,,,32650,2026-06-29
CRD_8CBB87D89D68439D919A,SCRYDEX_JP,RAW,,3.1900,USD,4901,2026-06-29
CRD_8CE0A1EE438248E1ABA7,SCRYDEX_EN,RAW,,184.8000,USD,283942,2026-06-29
CRD_8CE5392E17154AFFBE9B,SCRYDEX_EN,RAW,,1.4200,USD,2172,2026-06-05
CRD_8CE5392E17154AFFBE9B,SCRYDEX_JP,GRADED,10,,,49521,2026-06-29
CRD_8CE5392E17154AFFBE9B,SCRYDEX_JP,GRADED,9,,,19621,2026-06-29
CRD_8CE5392E17154AFFBE9B,SCRYDEX_JP,RAW,,1.2600,USD,1936,2026-06-29
CRD_8CFF71200EEC47DAB5B2,SCRYDEX_EN,RAW,,184.0500,USD,282789,2026-06-29
CRD_8CFF71200EEC47DAB5B2,SCRYDEX_JP,GRADED,10,,,301949,2026-06-29
CRD_8CFF71200EEC47DAB5B2,SCRYDEX_JP,GRADED,9,,,152726,2026-06-29
CRD_8CFF71200EEC47DAB5B2,SCRYDEX_JP,RAW,,107.0400,USD,164465,2026-06-29
CRD_8D03B1108C6B4669B82D,SCRYDEX_EN,RAW,,1.4400,USD,2202,2026-06-05
CRD_8D03B1108C6B4669B82D,SCRYDEX_JP,GRADED,10,,,47324,2026-06-29
CRD_8D03B1108C6B4669B82D,SCRYDEX_JP,RAW,,0.8800,USD,1352,2026-06-29
CRD_8D34314C145E4657910C,SCRYDEX_JP,GRADED,10,,,195763,2026-06-29
CRD_8D34314C145E4657910C,SCRYDEX_JP,GRADED,9,,,58386,2026-06-29
CRD_8D34314C145E4657910C,SCRYDEX_JP,RAW,,7.5100,USD,11539,2026-06-29
CRD_8D374F0FF05C482F87FA,SCRYDEX_EN,RAW,,5.4700,USD,8366,2026-06-05
CRD_8D374F0FF05C482F87FA,SCRYDEX_JP,GRADED,10,,,58893,2026-06-29
CRD_8D374F0FF05C482F87FA,SCRYDEX_JP,RAW,,8.8600,USD,13613,2026-06-29
CRD_8D64C44C0FE64E8EA849,SCRYDEX_EN,RAW,,1.0700,USD,1636,2026-06-05
CRD_8D68F827F9B2481DA5FB,SCRYDEX_EN,RAW,,10.5000,USD,16058,2026-06-05
CRD_8D68F827F9B2481DA5FB,SCRYDEX_JP,GRADED,10,,,364330,2026-06-29
CRD_8D68F827F9B2481DA5FB,SCRYDEX_JP,RAW,,4.7400,USD,7283,2026-06-29
CRD_8D791334E4F64483A551,SCRYDEX_EN,RAW,,4.0200,USD,6148,2026-06-05
CRD_8D791334E4F64483A551,SCRYDEX_JP,GRADED,10,,,62719,2026-06-29
CRD_8D791334E4F64483A551,SCRYDEX_JP,GRADED,9,,,23815,2026-06-29
CRD_8D791334E4F64483A551,SCRYDEX_JP,RAW,,2.1700,USD,3334,2026-06-29
CRD_8D798C34EC514D40851D,SCRYDEX_EN,RAW,,0.8600,USD,1315,2026-06-05
CRD_8D798C34EC514D40851D,SCRYDEX_JP,GRADED,10,,,479167,2026-05-06
CRD_8D798C34EC514D40851D,SCRYDEX_JP,GRADED,9,,,205523,2026-05-06
CRD_8D845061A06143988494,SCRYDEX_EN,RAW,,2.9500,USD,4512,2026-06-05
CRD_8D845061A06143988494,SCRYDEX_JP,GRADED,10,,,130078,2026-06-28
CRD_8D845061A06143988494,SCRYDEX_JP,GRADED,9,,,24123,2026-06-28
CRD_8D845061A06143988494,SCRYDEX_JP,RAW,,1.1800,USD,1813,2026-06-28
CRD_8D8F32E2E163440DB34E,SCRYDEX_EN,RAW,,17.9000,USD,27503,2026-06-29
CRD_8D8F32E2E163440DB34E,SCRYDEX_JP,GRADED,10,,,107630,2026-06-29
CRD_8D8F32E2E163440DB34E,SCRYDEX_JP,GRADED,9,,,30100,2026-06-29
CRD_8D8F32E2E163440DB34E,SCRYDEX_JP,RAW,,7.1800,USD,11032,2026-06-29
CRD_8DA52922128149E3B77A,SCRYDEX_EN,RAW,,30.7600,USD,47262,2026-06-29
CRD_8DA52922128149E3B77A,SCRYDEX_JP,GRADED,10,,,131615,2026-06-29
CRD_8DA52922128149E3B77A,SCRYDEX_JP,GRADED,9,,,48199,2026-06-29
CRD_8DA52922128149E3B77A,SCRYDEX_JP,RAW,,24.6200,USD,37828,2026-06-29
CRD_8DB157BF2CDC452DB021,SCRYDEX_EN,RAW,,1.4800,USD,2263,2026-06-05
CRD_8DB157BF2CDC452DB021,SCRYDEX_JP,GRADED,10,,,39119,2026-06-29
CRD_8DB157BF2CDC452DB021,SCRYDEX_JP,GRADED,9,,,45895,2026-06-29
CRD_8DB157BF2CDC452DB021,SCRYDEX_JP,RAW,,0.7600,USD,1168,2026-06-29
CRD_8DE3C0F874CB476BAA7D,SCRYDEX_EN,RAW,,1.0000,USD,1529,2026-06-05
CRD_8E12B9EC416149CFB898,SCRYDEX_EN,RAW,,0.6500,USD,999,2026-06-23
CRD_8E12B9EC416149CFB898,SCRYDEX_JP,GRADED,10,,,64317,2026-06-28
CRD_8E12B9EC416149CFB898,SCRYDEX_JP,GRADED,9,,,14535,2026-06-28
CRD_8E12B9EC416149CFB898,SCRYDEX_JP,RAW,,0.3100,USD,476,2026-06-28
CRD_8E2251855B704464BC69,SCRYDEX_EN,RAW,,35.9400,USD,55221,2026-06-29
CRD_8E2251855B704464BC69,SCRYDEX_JP,GRADED,10,,,85935,2026-06-29
CRD_8E2251855B704464BC69,SCRYDEX_JP,GRADED,9,,,47247,2026-06-29
CRD_8E2251855B704464BC69,SCRYDEX_JP,RAW,,8.9300,USD,13721,2026-06-29
CRD_8E25DF25B8DD49B6A003,SCRYDEX_EN,RAW,,2.5700,USD,3930,2026-06-05
CRD_8E25DF25B8DD49B6A003,SCRYDEX_JP,GRADED,10,,,57188,2026-06-29
CRD_8E25DF25B8DD49B6A003,SCRYDEX_JP,GRADED,9,,,23815,2026-06-29
CRD_8E25DF25B8DD49B6A003,SCRYDEX_JP,RAW,,3.3200,USD,5101,2026-06-29
CRD_8E26CAF93B2D45FE870C,SCRYDEX_EN,RAW,,3.1400,USD,4802,2026-06-05
CRD_8E26CAF93B2D45FE870C,SCRYDEX_JP,GRADED,10,,,19882,2026-06-29
CRD_8E26CAF93B2D45FE870C,SCRYDEX_JP,RAW,,9.8400,USD,15119,2026-06-29
CRD_8E2C1FBCA2F54B3FBFEA,SCRYDEX_EN,RAW,,5.0400,USD,7708,2026-06-05
CRD_8E2C1FBCA2F54B3FBFEA,SCRYDEX_JP,GRADED,10,,,36599,2026-06-29
CRD_8E2C1FBCA2F54B3FBFEA,SCRYDEX_JP,RAW,,6.2800,USD,9649,2026-06-29
CRD_8E2D357D27A34250B5E6,SCRYDEX_EN,RAW,,14.7100,USD,22602,2026-06-29
CRD_8E2D357D27A34250B5E6,SCRYDEX_JP,GRADED,10,,,87610,2026-06-29
CRD_8E2D357D27A34250B5E6,SCRYDEX_JP,GRADED,9,,,16886,2026-06-29
CRD_8E2D357D27A34250B5E6,SCRYDEX_JP,RAW,,13.5200,USD,20773,2026-06-29
CRD_8E3889CE3AAF4DB6B6D3,SCRYDEX_EN,RAW,,23.2900,USD,35785,2026-06-29
CRD_8E3889CE3AAF4DB6B6D3,SCRYDEX_JP,GRADED,10,,,87825,2026-06-29
CRD_8E3889CE3AAF4DB6B6D3,SCRYDEX_JP,GRADED,9,,,31160,2026-06-29
CRD_8E3889CE3AAF4DB6B6D3,SCRYDEX_JP,RAW,,20.8400,USD,32020,2026-06-29
CRD_8E484372B84147938583,SCRYDEX_EN,RAW,,3.5700,USD,5485,2026-06-29
CRD_8E484372B84147938583,SCRYDEX_JP,GRADED,10,,,46094,2026-06-29
CRD_8E484372B84147938583,SCRYDEX_JP,RAW,,3.3200,USD,5101,2026-06-29
CRD_8E5059F15BB5478EB12A,SCRYDEX_EN,RAW,,26.1100,USD,40117,2026-06-29
CRD_8E5059F15BB5478EB12A,SCRYDEX_JP,GRADED,10,,,81480,2026-06-29
CRD_8E5059F15BB5478EB12A,SCRYDEX_JP,GRADED,9,,,20942,2026-06-29
CRD_8E5059F15BB5478EB12A,SCRYDEX_JP,RAW,,14.7900,USD,22725,2026-06-29
CRD_8E69FD2F5CA44C2388A4,SCRYDEX_EN,RAW,,1.9600,USD,2998,2026-06-05
CRD_8E69FD2F5CA44C2388A4,SCRYDEX_JP,GRADED,10,,,67267,2026-06-29
CRD_8E69FD2F5CA44C2388A4,SCRYDEX_JP,GRADED,9,,,20082,2026-06-29
CRD_8E69FD2F5CA44C2388A4,SCRYDEX_JP,RAW,,0.7300,USD,1122,2026-06-29
CRD_8E7896DA379A4FA4AFD1,SCRYDEX_EN,RAW,,0.6600,USD,1009,2026-06-05
CRD_8E7896DA379A4FA4AFD1,SCRYDEX_JP,GRADED,10,,,21695,2026-06-29
CRD_8E7896DA379A4FA4AFD1,SCRYDEX_JP,GRADED,9,,,9219,2026-06-29
CRD_8E7896DA379A4FA4AFD1,SCRYDEX_JP,RAW,,0.4000,USD,615,2026-06-29
CRD_8E7F741A0EA743319394,SCRYDEX_EN,RAW,,3.4500,USD,5301,2026-06-29
CRD_8E7F741A0EA743319394,SCRYDEX_JP,GRADED,10,,,46064,2026-06-29
CRD_8E7F741A0EA743319394,SCRYDEX_JP,GRADED,9,,,23047,2026-06-29
CRD_8E7F741A0EA743319394,SCRYDEX_JP,RAW,,2.4100,USD,3703,2026-06-29
CRD_8E8635B273814CB28F1B,SCRYDEX_EN,RAW,,14.2100,USD,21833,2026-06-29
CRD_8E8635B273814CB28F1B,SCRYDEX_JP,GRADED,10,,,59231,2026-06-29
CRD_8E8635B273814CB28F1B,SCRYDEX_JP,GRADED,9,,,29746,2026-06-29
CRD_8E8635B273814CB28F1B,SCRYDEX_JP,RAW,,8.4000,USD,12906,2026-06-29
CRD_8E99D75B637D46C0BA84,SCRYDEX_EN,RAW,,39.5300,USD,60737,2026-06-29
CRD_8E99D75B637D46C0BA84,SCRYDEX_JP,GRADED,10,,,86765,2026-06-29
CRD_8E99D75B637D46C0BA84,SCRYDEX_JP,GRADED,9,,,25352,2026-06-29
CRD_8E99D75B637D46C0BA84,SCRYDEX_JP,RAW,,15.8000,USD,24276,2026-06-29
CRD_8EA0FE1484B142468656,SCRYDEX_EN,RAW,,11.7800,USD,18016,2026-06-05
CRD_8EA0FE1484B142468656,SCRYDEX_JP,GRADED,10,,,837536,2026-05-05
CRD_8EA0FE1484B142468656,SCRYDEX_JP,GRADED,9,,,65674,2026-05-05
CRD_8EA74EA746054746A291,SCRYDEX_EN,RAW,,159.2600,USD,243567,2026-06-05
CRD_8EA74EA746054746A291,SCRYDEX_JP,GRADED,10,,,4815912,2026-06-29
CRD_8EA74EA746054746A291,SCRYDEX_JP,GRADED,9,,,251722,2026-06-29
CRD_8EA74EA746054746A291,SCRYDEX_JP,RAW,,46.6600,USD,71692,2026-06-29
CRD_8EAA19E6FCD243AC89C9,SCRYDEX_EN,RAW,,1.7800,USD,2722,2026-06-05
CRD_8EAA19E6FCD243AC89C9,SCRYDEX_JP,GRADED,10,,,32927,2026-06-29
CRD_8EAA19E6FCD243AC89C9,SCRYDEX_JP,GRADED,9,,,20005,2026-06-29
CRD_8EAA19E6FCD243AC89C9,SCRYDEX_JP,RAW,,1.1100,USD,1705,2026-06-29
CRD_8EAE0303CE1A4A19A2DB,SCRYDEX_EN,RAW,,51.6000,USD,79282,2026-06-29
CRD_8EAE0303CE1A4A19A2DB,SCRYDEX_JP,GRADED,10,,,233484,2026-06-29
CRD_8EAE0303CE1A4A19A2DB,SCRYDEX_JP,GRADED,9,,,54975,2026-06-29
CRD_8EAE0303CE1A4A19A2DB,SCRYDEX_JP,RAW,,40.4300,USD,62120,2026-06-29
CRD_8EBE6592ACC0307D990D,SCRYDEX_JP,GRADED,10,,,46540,2026-06-29
CRD_8EBE6592ACC0307D990D,SCRYDEX_JP,GRADED,9,,,30637,2026-06-29
CRD_8EBE6592ACC0307D990D,SCRYDEX_JP,RAW,,2.7400,USD,4210,2026-06-29
CRD_8ED47CA7E8F5408B9A04,SCRYDEX_EN,RAW,,9.5200,USD,14560,2026-06-05
CRD_8ED47CA7E8F5408B9A04,SCRYDEX_JP,GRADED,10,,,72215,2026-06-29
CRD_8ED47CA7E8F5408B9A04,SCRYDEX_JP,RAW,,4.0000,USD,6146,2026-06-29
CRD_8ED834DBED86423DAAE0,SCRYDEX_EN,RAW,,102.2800,USD,157151,2026-06-29
CRD_8ED834DBED86423DAAE0,SCRYDEX_JP,GRADED,10,,,218518,2026-06-29
CRD_8ED834DBED86423DAAE0,SCRYDEX_JP,GRADED,9,,,127159,2026-06-29
CRD_8ED834DBED86423DAAE0,SCRYDEX_JP,RAW,,129.9900,USD,199727,2026-06-29
CRD_8EF30B3B1E864419943C,SCRYDEX_EN,RAW,,0.7600,USD,1162,2026-06-05
CRD_8EF30B3B1E864419943C,SCRYDEX_JP,GRADED,10,,,32712,2026-06-29
CRD_8EF30B3B1E864419943C,SCRYDEX_JP,GRADED,9,,,24614,2026-06-29
CRD_8EF30B3B1E864419943C,SCRYDEX_JP,RAW,,0.4000,USD,615,2026-06-29
CRD_8F205E645B108BEC8791C00BDAD3271D,SCRYDEX_JP,GRADED,10,,,3659588,2026-06-29
CRD_8F205E645B108BEC8791C00BDAD3271D,SCRYDEX_JP,GRADED,9,,,1389070,2026-06-29
CRD_8F205E645B108BEC8791C00BDAD3271D,SCRYDEX_JP,RAW,,260.0000,USD,399485,2026-06-29
CRD_8F35806D9F12400BA566,SCRYDEX_EN,RAW,,1.6600,USD,2539,2026-06-05
CRD_8F35806D9F12400BA566,SCRYDEX_JP,GRADED,10,,,46094,2026-06-29
CRD_8F35806D9F12400BA566,SCRYDEX_JP,RAW,,2.1800,USD,3350,2026-06-29
CRD_8F4DFB20EC9342C1A6A9,SCRYDEX_EN,RAW,,0.8400,USD,1285,2026-06-05
CRD_8F4DFB20EC9342C1A6A9,SCRYDEX_JP,GRADED,10,,,47032,2026-06-29
CRD_8F4DFB20EC9342C1A6A9,SCRYDEX_JP,GRADED,9,,,15365,2026-06-29
CRD_8F4DFB20EC9342C1A6A9,SCRYDEX_JP,RAW,,0.3300,USD,507,2026-06-29
CRD_8F6DB567A7EF4D5F9742,SCRYDEX_EN,RAW,,550.5200,USD,845863,2026-06-29
CRD_8F6DB567A7EF4D5F9742,SCRYDEX_JP,GRADED,10,,,1024924,2026-06-29
CRD_8F6DB567A7EF4D5F9742,SCRYDEX_JP,GRADED,9,,,609952,2026-06-29
CRD_8F6DB567A7EF4D5F9742,SCRYDEX_JP,RAW,,280.4100,USD,430844,2026-06-29
CRD_8F7ADD803D0EF37D818A,SCRYDEX_EN,RAW,,28.5400,USD,43851,2026-06-29
CRD_8F7ADD803D0EF37D818A,SCRYDEX_JP,GRADED,10,,,76163,2026-06-29
CRD_8F7ADD803D0EF37D818A,SCRYDEX_JP,GRADED,9,,,34786,2026-06-29
CRD_8F7ADD803D0EF37D818A,SCRYDEX_JP,RAW,,11.4900,USD,17654,2026-06-29
CRD_8F9C9E655E734313A1CD,SCRYDEX_EN,RAW,,0.9500,USD,1453,2026-06-05
CRD_8F9C9E655E734313A1CD,SCRYDEX_JP,GRADED,10,,,39226,2026-06-29
CRD_8F9C9E655E734313A1CD,SCRYDEX_JP,RAW,,0.5800,USD,891,2026-06-29
CRD_8FA2514826954989AE45,SCRYDEX_EN,RAW,,7.2000,USD,11011,2026-06-05
CRD_8FA2514826954989AE45,SCRYDEX_JP,GRADED,10,,,61367,2026-06-29
CRD_8FA2514826954989AE45,SCRYDEX_JP,GRADED,9,,,31959,2026-06-29
CRD_8FA2514826954989AE45,SCRYDEX_JP,RAW,,2.5300,USD,3887,2026-06-29
CRD_8FA7CC63580F4C988819,SCRYDEX_EN,RAW,,5.2200,USD,7983,2026-06-05
CRD_8FA7CC63580F4C988819,SCRYDEX_JP,GRADED,10,,,55590,2026-06-29
CRD_8FA7CC63580F4C988819,SCRYDEX_JP,GRADED,9,,,14643,2026-06-29
CRD_8FA7CC63580F4C988819,SCRYDEX_JP,RAW,,9.0300,USD,13874,2026-06-29
CRD_8FAAD56862D840F2A5DC,SCRYDEX_EN,RAW,,36.9700,USD,56804,2026-06-29
CRD_8FAAD56862D840F2A5DC,SCRYDEX_JP,GRADED,10,,,104988,2026-06-29
CRD_8FAAD56862D840F2A5DC,SCRYDEX_JP,GRADED,9,,,26888,2026-06-29
CRD_8FAAD56862D840F2A5DC,SCRYDEX_JP,RAW,,17.1500,USD,26351,2026-06-29
CRD_8FB0E39EAB04441DBF55,SCRYDEX_EN,RAW,,43.8700,USD,67405,2026-06-29
CRD_8FB0E39EAB04441DBF55,SCRYDEX_JP,GRADED,10,,,157919,2026-06-29
CRD_8FB0E39EAB04441DBF55,SCRYDEX_JP,GRADED,9,,,68266,2026-06-29
CRD_8FB0E39EAB04441DBF55,SCRYDEX_JP,RAW,,18.2000,USD,27964,2026-06-29
CRD_8FC14F96E9634AE0982F,SCRYDEX_EN,RAW,,1.1300,USD,1728,2026-06-05
CRD_8FC14F96E9634AE0982F,SCRYDEX_JP,GRADED,10,,,27380,2026-06-29
CRD_8FC14F96E9634AE0982F,SCRYDEX_JP,GRADED,9,,,12292,2026-06-29
CRD_8FC14F96E9634AE0982F,SCRYDEX_JP,RAW,,0.9700,USD,1490,2026-06-29
CRD_8FEEA7EE5FFB4B758A50,SCRYDEX_JP,GRADED,10,,,1787341,2026-06-29
CRD_8FEEA7EE5FFB4B758A50,SCRYDEX_JP,GRADED,9,,,884137,2026-06-29
CRD_8FEEA7EE5FFB4B758A50,SCRYDEX_JP,RAW,,450.0000,USD,691416,2026-06-29
CRD_9003FD3BCBE34D03B083,SCRYDEX_EN,RAW,,44.9100,USD,69003,2026-06-29
CRD_9003FD3BCBE34D03B083,SCRYDEX_JP,GRADED,10,,,111902,2026-06-29
CRD_9003FD3BCBE34D03B083,SCRYDEX_JP,GRADED,9,,,39319,2026-06-29
CRD_9003FD3BCBE34D03B083,SCRYDEX_JP,RAW,,29.9400,USD,46002,2026-06-29
CRD_90059D74FBE24DFA83D2,SCRYDEX_EN,RAW,,17.3600,USD,26673,2026-06-29
CRD_90059D74FBE24DFA83D2,SCRYDEX_JP,GRADED,10,,,56235,2026-06-29
CRD_90059D74FBE24DFA83D2,SCRYDEX_JP,GRADED,9,,,25874,2026-06-29
CRD_90059D74FBE24DFA83D2,SCRYDEX_JP,RAW,,4.4900,USD,6899,2026-06-29
CRD_90098D3232834F4891B5,SCRYDEX_EN,RAW,,4.8900,USD,7479,2026-06-05
CRD_90098D3232834F4891B5,SCRYDEX_JP,GRADED,10,,,42960,2026-06-29
CRD_90098D3232834F4891B5,SCRYDEX_JP,RAW,,3.1300,USD,4809,2026-06-29
CRD_900AFEE83E79462B86B9,SCRYDEX_EN,RAW,,19.2600,USD,29456,2026-06-05
CRD_900AFEE83E79462B86B9,SCRYDEX_JP,GRADED,10,,,200511,2026-06-29
CRD_900AFEE83E79462B86B9,SCRYDEX_JP,GRADED,9,,,234313,2026-06-29
CRD_900AFEE83E79462B86B9,SCRYDEX_JP,RAW,,32.4900,USD,49920,2026-06-29
CRD_90329AC34F174397A90E,SCRYDEX_EN,RAW,,0.8800,USD,1346,2026-06-05
CRD_90329AC34F174397A90E,SCRYDEX_JP,GRADED,10,,,57203,2026-06-29
CRD_90329AC34F174397A90E,SCRYDEX_JP,RAW,,1.4100,USD,2166,2026-06-29
CRD_90698EA0987C4C82913F,SCRYDEX_EN,RAW,,1.6400,USD,2508,2026-06-05
CRD_90698EA0987C4C82913F,SCRYDEX_JP,GRADED,10,,,60353,2026-06-29
CRD_90698EA0987C4C82913F,SCRYDEX_JP,RAW,,3.2000,USD,4917,2026-06-29
CRD_906A3DF2C7B04997AE4D,SCRYDEX_EN,RAW,,27.3200,USD,41782,2026-06-05
CRD_906A3DF2C7B04997AE4D,SCRYDEX_JP,GRADED,10,,,692276,2026-06-29
CRD_906A3DF2C7B04997AE4D,SCRYDEX_JP,GRADED,9,,,153648,2026-06-29
CRD_906A3DF2C7B04997AE4D,SCRYDEX_JP,RAW,,75.0000,USD,115236,2026-06-29
CRD_906D53B007894C89866E,SCRYDEX_JP,GRADED,10,,,22586256,2026-06-29
CRD_906DE8D98AE348C9BBDD,SCRYDEX_EN,RAW,,4.5400,USD,6943,2026-06-05
CRD_906DE8D98AE348C9BBDD,SCRYDEX_JP,GRADED,10,,,45971,2026-06-29
CRD_906DE8D98AE348C9BBDD,SCRYDEX_JP,RAW,,5.4700,USD,8405,2026-06-29
CRD_9081CF4B5064849DC721,SCRYDEX_JP,RAW,,8.7200,USD,13398,2026-06-29
CRD_909F8823101A4097BD2D,SCRYDEX_EN,RAW,,1.5900,USD,2432,2026-06-05
CRD_909F8823101A4097BD2D,SCRYDEX_JP,GRADED,10,,,49905,2026-06-29
CRD_909F8823101A4097BD2D,SCRYDEX_JP,GRADED,9,,,16901,2026-06-29
CRD_909F8823101A4097BD2D,SCRYDEX_JP,RAW,,1.2600,USD,1936,2026-06-29
CRD_910B11C0B86040AE84AA,SCRYDEX_EN,RAW,,6.5400,USD,10002,2026-06-05
CRD_910B11C0B86040AE84AA,SCRYDEX_JP,GRADED,10,,,235512,2026-06-29
CRD_910B11C0B86040AE84AA,SCRYDEX_JP,RAW,,2.0000,USD,3073,2026-06-29
CRD_911E14A963AE45CB944E,SCRYDEX_EN,RAW,,4.2800,USD,6546,2026-06-05
CRD_911E14A963AE45CB944E,SCRYDEX_JP,GRADED,10,,,27887,2026-06-29
CRD_911E14A963AE45CB944E,SCRYDEX_JP,GRADED,9,,,27657,2026-06-29
CRD_911E14A963AE45CB944E,SCRYDEX_JP,RAW,,2.9100,USD,4471,2026-06-29
CRD_913741C2E37A40BAB47F,SCRYDEX_EN,RAW,,1.1000,USD,1682,2026-06-05
CRD_913741C2E37A40BAB47F,SCRYDEX_JP,GRADED,10,,,44942,2026-06-29
CRD_913741C2E37A40BAB47F,SCRYDEX_JP,GRADED,9,,,26074,2026-06-29
CRD_913741C2E37A40BAB47F,SCRYDEX_JP,RAW,,0.3700,USD,568,2026-06-29
CRD_91625DC1A887474895B5,SCRYDEX_EN,RAW,,44.7900,USD,68819,2026-06-29
CRD_91625DC1A887474895B5,SCRYDEX_JP,GRADED,10,,,128665,2026-06-29
CRD_91625DC1A887474895B5,SCRYDEX_JP,GRADED,9,,,36998,2026-06-29
CRD_91625DC1A887474895B5,SCRYDEX_JP,RAW,,14.1700,USD,21772,2026-06-29
CRD_9164D7095AC54C06BE66,SCRYDEX_EN,RAW,,26.8900,USD,41316,2026-06-29
CRD_9164D7095AC54C06BE66,SCRYDEX_JP,GRADED,10,,,388315,2026-06-29
CRD_9164D7095AC54C06BE66,SCRYDEX_JP,GRADED,9,,,67175,2026-06-29
CRD_9164D7095AC54C06BE66,SCRYDEX_JP,RAW,,39.5500,USD,60768,2026-06-29
CRD_91690464DF8843E78381,SCRYDEX_EN,RAW,,2.4400,USD,3732,2026-06-05
CRD_91690464DF8843E78381,SCRYDEX_JP,GRADED,10,,,51672,2026-06-29
CRD_91690464DF8843E78381,SCRYDEX_JP,GRADED,9,,,22294,2026-06-29
CRD_91690464DF8843E78381,SCRYDEX_JP,RAW,,1.1700,USD,1798,2026-06-29
CRD_916F9928C49D4260B334,SCRYDEX_EN,RAW,,22.9600,USD,35278,2026-06-29
CRD_916F9928C49D4260B334,SCRYDEX_JP,GRADED,10,,,307803,2026-06-29
CRD_916F9928C49D4260B334,SCRYDEX_JP,RAW,,161500.0000,KRW,161500,2026-06-29
CRD_9177A302A923467195DB,SCRYDEX_EN,RAW,,1.9600,USD,2998,2026-06-05
CRD_9177A302A923467195DB,SCRYDEX_JP,GRADED,10,,,32957,2026-06-29
CRD_9177A302A923467195DB,SCRYDEX_JP,RAW,,1.9500,USD,2996,2026-06-29
CRD_917F313DC98747328859,SCRYDEX_EN,RAW,,95.7900,USD,146498,2026-06-05
CRD_917F313DC98747328859,SCRYDEX_JP,GRADED,10,,,460944,2026-06-29
CRD_917F313DC98747328859,SCRYDEX_JP,RAW,,14250.0000,KRW,14250,2026-06-29
CRD_918A096A622440B6B1CE,SCRYDEX_EN,RAW,,43.9200,USD,67482,2026-06-29
CRD_918A096A622440B6B1CE,SCRYDEX_JP,GRADED,10,,,272356,2026-06-29
CRD_918A096A622440B6B1CE,SCRYDEX_JP,GRADED,9,,,108552,2026-06-29
CRD_918A096A622440B6B1CE,SCRYDEX_JP,RAW,,43.1300,USD,66268,2026-06-29
CRD_91C3095AAD2E321043D0,SCRYDEX_JP,GRADED,10,,,77316,2026-06-29
CRD_91C3095AAD2E321043D0,SCRYDEX_JP,GRADED,9,,,26520,2026-06-29
CRD_91C3095AAD2E321043D0,SCRYDEX_JP,RAW,,5.3500,USD,8220,2026-06-29
CRD_91CB67168AB14A918C59,SCRYDEX_EN,RAW,,37.9700,USD,58340,2026-06-29
CRD_91F9D869C7DF4777B799,SCRYDEX_EN,RAW,,4.5800,USD,7005,2026-06-05
CRD_91F9D869C7DF4777B799,SCRYDEX_JP,GRADED,10,,,29024,2026-06-29
CRD_91F9D869C7DF4777B799,SCRYDEX_JP,GRADED,9,,,6146,2026-06-29
CRD_91F9D869C7DF4777B799,SCRYDEX_JP,RAW,,0.3500,USD,538,2026-06-29
CRD_9239E2F6422F4F328D52,SCRYDEX_EN,RAW,,35.9400,USD,55221,2026-06-29
CRD_9239E2F6422F4F328D52,SCRYDEX_JP,GRADED,10,,,177632,2026-06-29
CRD_9239E2F6422F4F328D52,SCRYDEX_JP,GRADED,9,,,46479,2026-06-29
CRD_9239E2F6422F4F328D52,SCRYDEX_JP,RAW,,18.3200,USD,28148,2026-06-29
CRD_923D499B2F2992176C5F,SCRYDEX_JP,RAW,,4.7300,USD,7268,2026-06-29
CRD_923FDD3D9ED34C4EAC1E,SCRYDEX_EN,RAW,,1.6200,USD,2478,2026-06-05
CRD_923FDD3D9ED34C4EAC1E,SCRYDEX_JP,RAW,,1.5500,USD,2382,2026-06-29
CRD_9289770776A1479DADE6,SCRYDEX_EN,RAW,,1.1400,USD,1743,2026-06-05
CRD_9289770776A1479DADE6,SCRYDEX_JP,GRADED,10,,,45480,2026-06-29
CRD_9289770776A1479DADE6,SCRYDEX_JP,GRADED,9,,,5086,2026-06-29
CRD_9289770776A1479DADE6,SCRYDEX_JP,RAW,,1.2400,USD,1905,2026-06-29
CRD_929B183535F2447CBCE3,SCRYDEX_EN,RAW,,0.9100,USD,1392,2026-06-05
CRD_92D5EBD5664749C184D7,SCRYDEX_EN,RAW,,1.8800,USD,2875,2026-06-05
CRD_92D5EBD5664749C184D7,SCRYDEX_JP,GRADED,10,,,37045,2026-06-29
CRD_92D5EBD5664749C184D7,SCRYDEX_JP,GRADED,9,,,15856,2026-06-29
CRD_92D5EBD5664749C184D7,SCRYDEX_JP,RAW,,1.0900,USD,1675,2026-06-29
CRD_92D9A6624DD04811B13A,SCRYDEX_EN,RAW,,4.7800,USD,7310,2026-06-05
CRD_92D9A6624DD04811B13A,SCRYDEX_JP,GRADED,10,,,44911,2026-06-29
CRD_92D9A6624DD04811B13A,SCRYDEX_JP,RAW,,13.3000,USD,20435,2026-06-29
CRD_92EBCC00579749239EE9,SCRYDEX_EN,RAW,,2.3200,USD,3548,2026-06-05
CRD_92EBCC00579749239EE9,SCRYDEX_JP,GRADED,10,,,45895,2026-06-29
CRD_92EBCC00579749239EE9,SCRYDEX_JP,GRADED,9,,,21419,2026-06-29
CRD_92EBCC00579749239EE9,SCRYDEX_JP,RAW,,1.8400,USD,2827,2026-06-29
CRD_92EC2C1ED4F04945A412,SCRYDEX_EN,RAW,,10.2900,USD,15810,2026-06-29
CRD_92EC2C1ED4F04945A412,SCRYDEX_JP,GRADED,10,,,132767,2026-06-29
CRD_92EC2C1ED4F04945A412,SCRYDEX_JP,GRADED,9,,,57987,2026-06-29
CRD_92EC2C1ED4F04945A412,SCRYDEX_JP,RAW,,43.7200,USD,67175,2026-06-29
CRD_92F676DAB8C24AD3895B,SCRYDEX_EN,RAW,,2.5000,USD,3823,2026-06-05
CRD_92F7CF802A46497BBC5F,SCRYDEX_EN,RAW,,19.4300,USD,29854,2026-06-29
CRD_92F7CF802A46497BBC5F,SCRYDEX_JP,GRADED,10,,,74197,2026-06-29
CRD_92F7CF802A46497BBC5F,SCRYDEX_JP,GRADED,9,,,31252,2026-06-29
CRD_92F7CF802A46497BBC5F,SCRYDEX_JP,RAW,,2.9000,USD,4456,2026-06-29
CRD_93050ED08EF24E91A1CA,SCRYDEX_EN,RAW,,2.1800,USD,3334,2026-06-05
CRD_93050ED08EF24E91A1CA,SCRYDEX_JP,GRADED,10,,,61889,2026-06-29
CRD_93050ED08EF24E91A1CA,SCRYDEX_JP,GRADED,9,,,15349,2026-06-29
CRD_93050ED08EF24E91A1CA,SCRYDEX_JP,RAW,,1.9600,USD,3012,2026-06-29
CRD_9310EDB656AA44159715,SCRYDEX_EN,RAW,,37.2800,USD,57280,2026-06-29
CRD_9310EDB656AA44159715,SCRYDEX_JP,GRADED,10,,,127881,2026-06-29
CRD_9310EDB656AA44159715,SCRYDEX_JP,GRADED,9,,,38089,2026-06-29
CRD_9310EDB656AA44159715,SCRYDEX_JP,RAW,,28.0900,USD,43160,2026-06-29
CRD_931723E024444FAA9D5A,SCRYDEX_EN,RAW,,499.9900,USD,764670,2026-06-05
CRD_931723E024444FAA9D5A,SCRYDEX_JP,GRADED,10,,,2683309,2026-06-29
CRD_931723E024444FAA9D5A,SCRYDEX_JP,GRADED,9,,,606556,2026-06-29
CRD_931723E024444FAA9D5A,SCRYDEX_JP,RAW,,99.9900,USD,153633,2026-06-29
CRD_9324067E86B04FA9A0F8,SCRYDEX_EN,RAW,,1.4500,USD,2218,2026-06-05
CRD_9324067E86B04FA9A0F8,SCRYDEX_JP,GRADED,10,,,41838,2026-06-29
CRD_9324067E86B04FA9A0F8,SCRYDEX_JP,GRADED,9,,,21065,2026-06-29
CRD_9324067E86B04FA9A0F8,SCRYDEX_JP,RAW,,0.3800,USD,584,2026-06-29
CRD_9327DCC9A6474DD0A15B,SCRYDEX_EN,RAW,,2.7900,USD,4267,2026-06-05
CRD_9327DCC9A6474DD0A15B,SCRYDEX_JP,GRADED,10,,,101976,2026-06-29
CRD_9327DCC9A6474DD0A15B,SCRYDEX_JP,GRADED,9,,,21065,2026-06-29
CRD_9327DCC9A6474DD0A15B,SCRYDEX_JP,RAW,,1.7900,USD,2750,2026-06-29
CRD_932E2AB3AB22444D9575,SCRYDEX_EN,RAW,,0.7000,USD,1071,2026-06-05
CRD_932E2AB3AB22444D9575,SCRYDEX_JP,GRADED,10,,,31851,2026-06-29
CRD_932E2AB3AB22444D9575,SCRYDEX_JP,RAW,,0.2300,USD,353,2026-06-29
CRD_9337246D91AB42D89EBE,SCRYDEX_EN,RAW,,70.3700,USD,107622,2026-06-05
CRD_9337246D91AB42D89EBE,SCRYDEX_JP,GRADED,10,,,2623954,2026-06-29
CRD_9337246D91AB42D89EBE,SCRYDEX_JP,GRADED,9,,,204106,2026-06-29
CRD_9337246D91AB42D89EBE,SCRYDEX_JP,RAW,,570000.0000,KRW,570000,2026-06-29
CRD_9337B381E5BB47909A16,SCRYDEX_EN,RAW,,10.8900,USD,16520,2026-06-15
CRD_9337B381E5BB47909A16,SCRYDEX_JP,GRADED,10,,,75779,2026-06-29
CRD_9337B381E5BB47909A16,SCRYDEX_JP,GRADED,9,,,21710,2026-06-29
CRD_9337B381E5BB47909A16,SCRYDEX_JP,RAW,,2.8600,USD,4394,2026-06-29
CRD_936083589DA54381B714,SCRYDEX_EN,RAW,,55.6700,USD,85536,2026-06-29
CRD_936083589DA54381B714,SCRYDEX_JP,GRADED,10,,,256838,2026-06-29
CRD_936083589DA54381B714,SCRYDEX_JP,GRADED,9,,,41331,2026-06-29
CRD_936083589DA54381B714,SCRYDEX_JP,RAW,,30.9100,USD,47493,2026-06-29
CRD_9376986A02A049DCA6C8,SCRYDEX_EN,RAW,,1.8900,USD,2891,2026-06-05
CRD_9376986A02A049DCA6C8,SCRYDEX_JP,GRADED,10,,,46094,2026-06-29
CRD_9376986A02A049DCA6C8,SCRYDEX_JP,GRADED,9,,,10755,2026-06-29
CRD_9376986A02A049DCA6C8,SCRYDEX_JP,RAW,,2.7600,USD,4241,2026-06-29
CRD_93787D42298C1FBC17F6,SCRYDEX_JP,GRADED,10,,,46571,2026-06-29
CRD_93787D42298C1FBC17F6,SCRYDEX_JP,GRADED,9,,,19175,2026-06-29
CRD_93787D42298C1FBC17F6,SCRYDEX_JP,RAW,,5.9700,USD,9173,2026-06-29
CRD_9379FBDE7A75416C8C5F,SCRYDEX_JP,GRADED,10,,,125577,2026-06-29
CRD_9379FBDE7A75416C8C5F,SCRYDEX_JP,GRADED,9,,,46094,2026-06-29
CRD_9379FBDE7A75416C8C5F,SCRYDEX_JP,RAW,,24.3800,USD,37459,2026-06-29
CRD_9390ABC39D714947A980,SCRYDEX_EN,RAW,,5.7700,USD,8824,2026-06-05
CRD_9390ABC39D714947A980,SCRYDEX_JP,GRADED,10,,,47738,2026-06-29
CRD_9390ABC39D714947A980,SCRYDEX_JP,RAW,,1.7200,USD,2643,2026-06-29
CRD_939CD60D0A3F433EA9AD,SCRYDEX_EN,RAW,,4.7400,USD,7249,2026-06-05
CRD_939CD60D0A3F433EA9AD,SCRYDEX_JP,GRADED,10,,,69556,2026-06-29
CRD_939CD60D0A3F433EA9AD,SCRYDEX_JP,GRADED,9,,,27964,2026-06-29
CRD_939CD60D0A3F433EA9AD,SCRYDEX_JP,RAW,,3.2200,USD,4947,2026-06-29
CRD_939D613E789B4D44AE56,SCRYDEX_EN,RAW,,36.0600,USD,55149,2026-06-05
CRD_939D613E789B4D44AE56,SCRYDEX_JP,GRADED,10,,,1198593,2026-06-29
CRD_939D613E789B4D44AE56,SCRYDEX_JP,GRADED,9,,,87579,2026-06-29
CRD_939D613E789B4D44AE56,SCRYDEX_JP,RAW,,741000.0000,KRW,741000,2026-06-29
CRD_93B336450FE341B4AC0E,SCRYDEX_EN,RAW,,1.3600,USD,2080,2026-06-05
CRD_93B336450FE341B4AC0E,SCRYDEX_JP,GRADED,10,,,54822,2026-06-29
CRD_93B336450FE341B4AC0E,SCRYDEX_JP,GRADED,9,,,17685,2026-06-29
CRD_93B336450FE341B4AC0E,SCRYDEX_JP,RAW,,1.3100,USD,2013,2026-06-29
CRD_93B44E38ADC1449B84C7,SCRYDEX_EN,RAW,,4.6500,USD,7112,2026-06-05
CRD_93B44E38ADC1449B84C7,SCRYDEX_JP,GRADED,10,,,122411,2026-06-29
CRD_93B44E38ADC1449B84C7,SCRYDEX_JP,RAW,,19.9900,USD,30714,2026-06-29
CRD_93B75FD465674E1E970C,SCRYDEX_EN,RAW,,2.6000,USD,3976,2026-06-05
CRD_93B75FD465674E1E970C,SCRYDEX_JP,GRADED,10,,,26750,2026-06-29
CRD_93B75FD465674E1E970C,SCRYDEX_JP,GRADED,9,,,20589,2026-06-29
CRD_93B75FD465674E1E970C,SCRYDEX_JP,RAW,,0.9700,USD,1490,2026-06-29
CRD_93BA1B52B6B14CF0AEDA,SCRYDEX_EN,RAW,,12.1500,USD,18754,2026-06-26
CRD_93BA1B52B6B14CF0AEDA,SCRYDEX_JP,GRADED,10,,,92803,2026-06-29
CRD_93BA1B52B6B14CF0AEDA,SCRYDEX_JP,GRADED,9,,,12276,2026-06-29
CRD_93BA1B52B6B14CF0AEDA,SCRYDEX_JP,RAW,,10.1900,USD,15657,2026-06-29
CRD_93C902F4C3BD4E53BAA0,SCRYDEX_EN,RAW,,5.5800,USD,8534,2026-06-05
CRD_93C902F4C3BD4E53BAA0,SCRYDEX_JP,GRADED,10,,,42100,2026-06-29
CRD_93C902F4C3BD4E53BAA0,SCRYDEX_JP,GRADED,9,,,21511,2026-06-29
CRD_93C902F4C3BD4E53BAA0,SCRYDEX_JP,RAW,,2.8300,USD,4348,2026-06-29
CRD_93D36BC983F24BABBFD1,SCRYDEX_EN,RAW,,9.3700,USD,14330,2026-06-05
CRD_93D36BC983F24BABBFD1,SCRYDEX_JP,GRADED,10,,,109090,2026-06-29
CRD_93D36BC983F24BABBFD1,SCRYDEX_JP,GRADED,9,,,50704,2026-06-29
CRD_93D36BC983F24BABBFD1,SCRYDEX_JP,RAW,,8.9900,USD,13813,2026-06-29
CRD_93DF43C333324F0FB26C,SCRYDEX_EN,RAW,,866.2100,USD,1330914,2026-06-29
CRD_93DF43C333324F0FB26C,SCRYDEX_JP,GRADED,10,,,3332502,2026-06-29
CRD_93DF43C333324F0FB26C,SCRYDEX_JP,GRADED,9,,,1663378,2026-06-29
CRD_93DF43C333324F0FB26C,SCRYDEX_JP,RAW,,675.0000,USD,1037124,2026-06-29
CRD_93F6FE4202C343CFB1F7,SCRYDEX_EN,RAW,,0.8900,USD,1361,2026-06-05
CRD_93F6FE4202C343CFB1F7,SCRYDEX_JP,GRADED,10,,,32235,2026-06-29
CRD_93F6FE4202C343CFB1F7,SCRYDEX_JP,GRADED,9,,,24507,2026-06-29
CRD_93F6FE4202C343CFB1F7,SCRYDEX_JP,RAW,,1.0100,USD,1552,2026-06-29
CRD_93FFCADB9F314F93B03F,SCRYDEX_EN,RAW,,1.4500,USD,2218,2026-06-05
CRD_93FFCADB9F314F93B03F,SCRYDEX_JP,GRADED,10,,,92665,2026-06-29
CRD_93FFCADB9F314F93B03F,SCRYDEX_JP,GRADED,9,,,29347,2026-06-29
CRD_93FFCADB9F314F93B03F,SCRYDEX_JP,RAW,,1.9900,USD,3058,2026-06-29
CRD_941424BAD57545578C47,SCRYDEX_EN,RAW,,15.7500,USD,24200,2026-06-29
CRD_941424BAD57545578C47,SCRYDEX_JP,GRADED,10,,,91021,2026-06-29
CRD_941424BAD57545578C47,SCRYDEX_JP,RAW,,19.7400,USD,30330,2026-06-29
CRD_9414462C5B0A48D9B34B,SCRYDEX_EN,RAW,,8.3100,USD,12709,2026-06-05
CRD_9414462C5B0A48D9B34B,SCRYDEX_JP,GRADED,10,,,122811,2026-06-29
CRD_9414462C5B0A48D9B34B,SCRYDEX_JP,GRADED,9,,,32266,2026-06-29
CRD_9414462C5B0A48D9B34B,SCRYDEX_JP,RAW,,13.9900,USD,21495,2026-06-29
CRD_94200842BFF04437AAA7,SCRYDEX_EN,RAW,,34.1200,USD,52425,2026-06-29
CRD_94200842BFF04437AAA7,SCRYDEX_JP,GRADED,10,,,124393,2026-06-29
CRD_94200842BFF04437AAA7,SCRYDEX_JP,GRADED,9,,,42699,2026-06-29
CRD_94200842BFF04437AAA7,SCRYDEX_JP,RAW,,7.3100,USD,11232,2026-06-29
CRD_94284696E2874AA2AF1C,SCRYDEX_EN,RAW,,2.7900,USD,4267,2026-06-05
CRD_94284696E2874AA2AF1C,SCRYDEX_JP,GRADED,10,,,30730,2026-06-29
CRD_94284696E2874AA2AF1C,SCRYDEX_JP,GRADED,9,,,15365,2026-06-29
CRD_94284696E2874AA2AF1C,SCRYDEX_JP,RAW,,5.5000,USD,8451,2026-06-29
CRD_942E10EF9F344296906A,SCRYDEX_EN,RAW,,1.5400,USD,2355,2026-06-05
CRD_942E10EF9F344296906A,SCRYDEX_JP,GRADED,10,,,58402,2026-06-29
CRD_942E10EF9F344296906A,SCRYDEX_JP,GRADED,9,,,28394,2026-06-29
CRD_942E10EF9F344296906A,SCRYDEX_JP,RAW,,1.4800,USD,2274,2026-06-29
CRD_943445778F098066A8F4,SCRYDEX_JP,GRADED,10,,,64302,2026-06-29
CRD_943445778F098066A8F4,SCRYDEX_JP,GRADED,9,,,17009,2026-06-29
CRD_943445778F098066A8F4,SCRYDEX_JP,RAW,,6.6500,USD,10218,2026-06-29
CRD_943E565364AF4EFD1086,SCRYDEX_JP,GRADED,10,,,50105,2026-06-29
CRD_943E565364AF4EFD1086,SCRYDEX_JP,GRADED,9,,,18130,2026-06-29
CRD_943E565364AF4EFD1086,SCRYDEX_JP,RAW,,2.0700,USD,3181,2026-06-29
CRD_9445125D59134FE4BE11,SCRYDEX_EN,RAW,,0.9500,USD,1453,2026-06-05
CRD_9445125D59134FE4BE11,SCRYDEX_JP,GRADED,10,,,70632,2026-06-28
CRD_9445125D59134FE4BE11,SCRYDEX_JP,GRADED,9,,,31267,2026-06-28
CRD_9445125D59134FE4BE11,SCRYDEX_JP,RAW,,0.4000,USD,615,2026-06-28
CRD_945783958D7C43BAA6E9,SCRYDEX_EN,RAW,,1.6800,USD,2569,2026-06-05
CRD_945783958D7C43BAA6E9,SCRYDEX_JP,GRADED,10,,,77039,2026-06-29
CRD_945783958D7C43BAA6E9,SCRYDEX_JP,GRADED,9,,,32604,2026-06-29
CRD_945783958D7C43BAA6E9,SCRYDEX_JP,RAW,,0.9400,USD,1444,2026-06-29
CRD_94600282DA1043CC8FAF,SCRYDEX_EN,RAW,,24.3300,USD,37383,2026-06-29
CRD_94600282DA1043CC8FAF,SCRYDEX_JP,GRADED,10,,,338026,2026-06-29
CRD_94600282DA1043CC8FAF,SCRYDEX_JP,GRADED,9,,,28425,2026-06-29
CRD_94600282DA1043CC8FAF,SCRYDEX_JP,RAW,,123500.0000,KRW,123500,2026-06-29
CRD_94CA0CA240FE402D833F,SCRYDEX_EN,RAW,,10.3700,USD,15933,2026-06-29
CRD_94CA0CA240FE402D833F,SCRYDEX_JP,GRADED,10,,,37137,2026-06-29
CRD_94CA0CA240FE402D833F,SCRYDEX_JP,GRADED,9,,,26089,2026-06-29
CRD_94CA0CA240FE402D833F,SCRYDEX_JP,RAW,,3.6100,USD,5547,2026-06-29
CRD_94CA0CBDE6B040D88062,SCRYDEX_EN,RAW,,18.6700,USD,28686,2026-06-29
CRD_94CA0CBDE6B040D88062,SCRYDEX_JP,GRADED,10,,,107953,2026-06-29
CRD_94CA0CBDE6B040D88062,SCRYDEX_JP,GRADED,9,,,55959,2026-06-29
CRD_94CA0CBDE6B040D88062,SCRYDEX_JP,RAW,,20.9800,USD,32235,2026-06-29
CRD_94CBE75AE5E34D14A930,SCRYDEX_EN,RAW,,6.6900,USD,10279,2026-06-29
CRD_94CBE75AE5E34D14A930,SCRYDEX_JP,GRADED,10,,,66668,2026-06-29
CRD_94CBE75AE5E34D14A930,SCRYDEX_JP,RAW,,10.4300,USD,16025,2026-06-29
CRD_94D776CD680F432CBF1B,SCRYDEX_EN,RAW,,17.1500,USD,26351,2026-06-29
CRD_94D776CD680F432CBF1B,SCRYDEX_JP,GRADED,10,,,162928,2026-06-29
CRD_94D776CD680F432CBF1B,SCRYDEX_JP,GRADED,9,,,30714,2026-06-29
CRD_94D776CD680F432CBF1B,SCRYDEX_JP,RAW,,11.7700,USD,18084,2026-06-29
CRD_94DDE31A7F814C7DA629,SCRYDEX_EN,RAW,,41.5900,USD,63902,2026-06-29
CRD_94DDE31A7F814C7DA629,SCRYDEX_JP,GRADED,10,,,1606682,2026-06-29
CRD_94DDE31A7F814C7DA629,SCRYDEX_JP,GRADED,9,,,403925,2026-06-29
CRD_94DDE31A7F814C7DA629,SCRYDEX_JP,RAW,,39.9900,USD,61444,2026-06-29
CRD_94EF2035A41A4B018525,SCRYDEX_EN,RAW,,0.6500,USD,994,2026-06-05
CRD_94EF2035A41A4B018525,SCRYDEX_JP,GRADED,10,,,36645,2026-06-29
CRD_94EF2035A41A4B018525,SCRYDEX_JP,GRADED,9,,,24538,2026-06-29
CRD_94EF2035A41A4B018525,SCRYDEX_JP,RAW,,1.4700,USD,2259,2026-06-29
CRD_94EFF45E92BE40FB9155,SCRYDEX_EN,RAW,,27.1200,USD,41521,2026-06-21
CRD_94EFF45E92BE40FB9155,SCRYDEX_JP,GRADED,10,,,348812,2026-06-29
CRD_94EFF45E92BE40FB9155,SCRYDEX_JP,GRADED,9,,,121797,2026-06-29
CRD_94EFF45E92BE40FB9155,SCRYDEX_JP,RAW,,228000.0000,KRW,228000,2026-06-29
CRD_94FBB30FCD3F4317B29C,SCRYDEX_EN,RAW,,5.6800,USD,8727,2026-06-29
CRD_94FBB30FCD3F4317B29C,SCRYDEX_JP,RAW,,4.9200,USD,7559,2026-06-29
CRD_95020B5585B74E58A3AC,SCRYDEX_EN,RAW,,3.4600,USD,5292,2026-06-05
CRD_95020B5585B74E58A3AC,SCRYDEX_JP,GRADED,10,,,110166,2026-06-29
CRD_95020B5585B74E58A3AC,SCRYDEX_JP,GRADED,9,,,27657,2026-06-29
CRD_95020B5585B74E58A3AC,SCRYDEX_JP,RAW,,9.9900,USD,15349,2026-06-29
CRD_950D0856241946C48A38,SCRYDEX_EN,RAW,,28.7600,USD,43985,2026-06-05
CRD_950D0856241946C48A38,SCRYDEX_JP,GRADED,10,,,766704,2026-06-29
CRD_950D0856241946C48A38,SCRYDEX_JP,GRADED,9,,,104753,2026-06-09
CRD_950D0856241946C48A38,SCRYDEX_JP,RAW,,285000.0000,KRW,285000,2026-06-29
CRD_9522A25A78764F77B225,SCRYDEX_EN,RAW,,152.4800,USD,234282,2026-06-29
CRD_9522A25A78764F77B225,SCRYDEX_JP,GRADED,10,,,6178125,2026-06-29
CRD_9522A25A78764F77B225,SCRYDEX_JP,GRADED,9,,,2220782,2026-06-29
CRD_9522A25A78764F77B225,SCRYDEX_JP,RAW,,1500.0000,USD,2304720,2026-06-29
CRD_9529FB33C2B2497B9A13,SCRYDEX_EN,RAW,,8.4200,USD,12891,2026-06-21
CRD_9529FB33C2B2497B9A13,SCRYDEX_JP,GRADED,10,,,92634,2026-06-29
CRD_9529FB33C2B2497B9A13,SCRYDEX_JP,GRADED,9,,,21311,2026-06-29
CRD_9529FB33C2B2497B9A13,SCRYDEX_JP,RAW,,20.0000,USD,30730,2026-06-29
CRD_952E55D05FF24EA3AC1C,SCRYDEX_EN,RAW,,3.5200,USD,5383,2026-06-05
CRD_952E55D05FF24EA3AC1C,SCRYDEX_JP,GRADED,10,,,56389,2026-06-29
CRD_952E55D05FF24EA3AC1C,SCRYDEX_JP,GRADED,9,,,16901,2026-06-29
CRD_952E55D05FF24EA3AC1C,SCRYDEX_JP,RAW,,4.3900,USD,6745,2026-06-29
CRD_9541B98A19054E3AB2C3,SCRYDEX_EN,RAW,,4.3900,USD,6714,2026-06-05
CRD_9541B98A19054E3AB2C3,SCRYDEX_JP,GRADED,10,,,40824,2026-06-29
CRD_9541B98A19054E3AB2C3,SCRYDEX_JP,RAW,,3.2300,USD,4963,2026-06-29
CRD_954796060C7F45978CE6,SCRYDEX_EN,RAW,,0.7600,USD,1162,2026-06-05
CRD_954796060C7F45978CE6,SCRYDEX_JP,GRADED,10,,,46202,2026-06-29
CRD_954796060C7F45978CE6,SCRYDEX_JP,RAW,,0.4300,USD,661,2026-06-29
CRD_95598861114B45F5BF5B,SCRYDEX_EN,RAW,,0.4600,USD,704,2026-06-05
CRD_95598861114B45F5BF5B,SCRYDEX_JP,GRADED,10,,,39749,2026-06-29
CRD_95598861114B45F5BF5B,SCRYDEX_JP,GRADED,9,,,7682,2026-06-29
CRD_95598861114B45F5BF5B,SCRYDEX_JP,RAW,,1.0600,USD,1629,2026-06-29
CRD_95663DF3179B490FB089,SCRYDEX_EN,RAW,,82.9200,USD,127405,2026-06-29
CRD_95663DF3179B490FB089,SCRYDEX_JP,GRADED,10,,,167876,2026-06-29
CRD_95663DF3179B490FB089,SCRYDEX_JP,GRADED,9,,,61705,2026-06-29
CRD_95663DF3179B490FB089,SCRYDEX_JP,RAW,,46.9700,USD,72168,2026-06-29
CRD_956C0F75AB874B358574,SCRYDEX_EN,RAW,,19.2300,USD,29547,2026-06-29
CRD_956C0F75AB874B358574,SCRYDEX_JP,GRADED,10,,,207532,2026-06-29
CRD_956C0F75AB874B358574,SCRYDEX_JP,RAW,,20.0000,USD,30730,2026-06-29
CRD_956D4472B05C4FCF9992,SCRYDEX_EN,RAW,,5.1500,USD,7876,2026-06-05
CRD_956D4472B05C4FCF9992,SCRYDEX_JP,GRADED,10,,,279086,2026-06-29
CRD_956D4472B05C4FCF9992,SCRYDEX_JP,GRADED,9,,,32850,2026-06-29
CRD_956D4472B05C4FCF9992,SCRYDEX_JP,RAW,,3.8100,USD,5854,2026-06-29
CRD_95962D36A0B54D96A10A,SCRYDEX_EN,RAW,,683.3300,USD,1049923,2026-06-29
CRD_95962D36A0B54D96A10A,SCRYDEX_JP,GRADED,10,,,2832839,2026-06-29
CRD_95962D36A0B54D96A10A,SCRYDEX_JP,GRADED,9,,,868787,2026-06-29
CRD_95962D36A0B54D96A10A,SCRYDEX_JP,RAW,,210.0000,USD,322661,2026-06-29
CRD_959F73E091BA412E99DC,SCRYDEX_EN,RAW,,18.7700,USD,28840,2026-06-29
CRD_959F73E091BA412E99DC,SCRYDEX_JP,GRADED,10,,,70079,2026-06-29
CRD_959F73E091BA412E99DC,SCRYDEX_JP,GRADED,9,,,30699,2026-06-29
CRD_959F73E091BA412E99DC,SCRYDEX_JP,RAW,,5.7800,USD,8881,2026-06-29
CRD_95AD52C30E9448CCA98E,SCRYDEX_EN,RAW,,2.1300,USD,3258,2026-06-05
CRD_95AD52C30E9448CCA98E,SCRYDEX_JP,GRADED,10,,,46494,2026-06-29
CRD_95AD52C30E9448CCA98E,SCRYDEX_JP,GRADED,9,,,15073,2026-06-29
CRD_95AD52C30E9448CCA98E,SCRYDEX_JP,RAW,,0.3900,USD,599,2026-06-29
CRD_95BB14D8C84E44EF9FFB,SCRYDEX_EN,RAW,,12.4800,USD,19175,2026-06-28
CRD_95BB14D8C84E44EF9FFB,SCRYDEX_JP,GRADED,10,,,85428,2026-06-29
CRD_95BB14D8C84E44EF9FFB,SCRYDEX_JP,GRADED,9,,,36092,2026-06-29
CRD_95BB14D8C84E44EF9FFB,SCRYDEX_JP,RAW,,3.3000,USD,5070,2026-06-29
CRD_95BCC4E4C079449AB3C2,SCRYDEX_EN,RAW,,1.0000,USD,1529,2026-06-05
CRD_95C332448C1748B0AA30,SCRYDEX_EN,RAW,,196.3200,USD,301642,2026-06-29
CRD_95C332448C1748B0AA30,SCRYDEX_JP,GRADED,10,,,280730,2026-06-29
CRD_95C332448C1748B0AA30,SCRYDEX_JP,GRADED,9,,,126222,2026-06-29
CRD_95C332448C1748B0AA30,SCRYDEX_JP,RAW,,79.8000,USD,122611,2026-06-29
CRD_95CC285CB5F240BA8D2B,SCRYDEX_EN,RAW,,0.7900,USD,1208,2026-06-05
CRD_95CC285CB5F240BA8D2B,SCRYDEX_JP,GRADED,10,,,43021,2026-06-29
CRD_95CC285CB5F240BA8D2B,SCRYDEX_JP,RAW,,0.6200,USD,953,2026-06-29
CRD_95CC63655EC74676BA27,SCRYDEX_EN,RAW,,2.2300,USD,3410,2026-06-05
CRD_95CC63655EC74676BA27,SCRYDEX_JP,GRADED,10,,,36922,2026-06-29
CRD_95CC63655EC74676BA27,SCRYDEX_JP,GRADED,9,,,15273,2026-06-29
CRD_95CC63655EC74676BA27,SCRYDEX_JP,RAW,,1.7000,USD,2612,2026-06-29
CRD_95DCB3753DC641EAB5CB,SCRYDEX_EN,RAW,,2.7100,USD,4145,2026-06-05
CRD_95DCB3753DC641EAB5CB,SCRYDEX_JP,GRADED,10,,,58217,2026-06-29
CRD_95DCB3753DC641EAB5CB,SCRYDEX_JP,RAW,,1.7000,USD,2612,2026-06-29
CRD_95F74899B927469997D4,SCRYDEX_EN,RAW,,50.5600,USD,77684,2026-06-29
CRD_95F74899B927469997D4,SCRYDEX_JP,GRADED,10,,,5709560,2026-06-29
CRD_95F74899B927469997D4,SCRYDEX_JP,GRADED,9,,,2914165,2026-06-29
CRD_95F74899B927469997D4,SCRYDEX_JP,RAW,,5700000.0000,KRW,5700000,2026-06-29
CRD_96185C75E06F48A79770,SCRYDEX_EN,RAW,,4.4400,USD,6790,2026-06-05
CRD_96185C75E06F48A79770,SCRYDEX_JP,GRADED,10,,,68466,2026-06-29
CRD_96185C75E06F48A79770,SCRYDEX_JP,GRADED,9,,,34847,2026-06-29
CRD_96185C75E06F48A79770,SCRYDEX_JP,RAW,,4.4900,USD,6899,2026-06-29
CRD_9622567E2CAF46A69C92,SCRYDEX_EN,RAW,,4.5100,USD,6897,2026-06-05
CRD_9622567E2CAF46A69C92,SCRYDEX_JP,GRADED,10,,,45480,2026-06-29
CRD_9622567E2CAF46A69C92,SCRYDEX_JP,GRADED,9,,,27595,2026-06-29
CRD_9622567E2CAF46A69C92,SCRYDEX_JP,RAW,,2.1500,USD,3303,2026-06-29
CRD_9641C573373F492FBFD8,SCRYDEX_EN,RAW,,12.1900,USD,18643,2026-06-05
CRD_9649B9AE6A834C63AA80,SCRYDEX_EN,RAW,,4.6500,USD,7112,2026-06-05
CRD_9649B9AE6A834C63AA80,SCRYDEX_JP,GRADED,10,,,59784,2026-06-29
CRD_9649B9AE6A834C63AA80,SCRYDEX_JP,GRADED,9,,,11816,2026-06-29
CRD_9649B9AE6A834C63AA80,SCRYDEX_JP,RAW,,7125.0000,KRW,7125,2026-06-29
CRD_96611437350C4464BB4A,SCRYDEX_EN,RAW,,97.3600,USD,149592,2026-06-29
CRD_96611437350C4464BB4A,SCRYDEX_JP,GRADED,10,,,210406,2026-06-29
CRD_96611437350C4464BB4A,SCRYDEX_JP,GRADED,9,,,78652,2026-06-29
CRD_96611437350C4464BB4A,SCRYDEX_JP,RAW,,60.0000,USD,92189,2026-06-29
CRD_9663E5A93BBF4AEBA664,SCRYDEX_EN,RAW,,90.7600,USD,139451,2026-06-29
CRD_9663E5A93BBF4AEBA664,SCRYDEX_JP,GRADED,10,,,155645,2026-06-29
CRD_9663E5A93BBF4AEBA664,SCRYDEX_JP,GRADED,9,,,62842,2026-06-29
CRD_9663E5A93BBF4AEBA664,SCRYDEX_JP,RAW,,27.9400,USD,42929,2026-06-29
CRD_9674E016E1A6436995B3,SCRYDEX_EN,RAW,,45.9500,USD,70601,2026-06-29
CRD_9674E016E1A6436995B3,SCRYDEX_JP,GRADED,10,,,746361,2026-06-29
CRD_9674E016E1A6436995B3,SCRYDEX_JP,RAW,,63.3300,USD,97305,2026-06-29
CRD_968F5C29113147B3835C,SCRYDEX_EN,RAW,,17.4100,USD,26750,2026-06-29
CRD_968F5C29113147B3835C,SCRYDEX_JP,GRADED,10,,,121981,2026-06-29
CRD_968F5C29113147B3835C,SCRYDEX_JP,GRADED,9,,,43436,2026-06-29
CRD_968F5C29113147B3835C,SCRYDEX_JP,RAW,,14.9500,USD,22970,2026-06-29
CRD_96D90414AA724083A05A,SCRYDEX_EN,RAW,,3.2500,USD,4970,2026-06-05
CRD_96D90414AA724083A05A,SCRYDEX_JP,GRADED,10,,,28886,2026-06-29
CRD_96D90414AA724083A05A,SCRYDEX_JP,GRADED,9,,,15964,2026-06-29
CRD_96D90414AA724083A05A,SCRYDEX_JP,RAW,,6.2500,USD,9603,2026-06-29
CRD_96D925F04AA34FDBB8F1,SCRYDEX_EN,RAW,,1.4200,USD,2172,2026-06-05
CRD_96D925F04AA34FDBB8F1,SCRYDEX_JP,GRADED,10,,,48245,2026-06-29
CRD_96D925F04AA34FDBB8F1,SCRYDEX_JP,GRADED,9,,,26765,2026-06-29
CRD_96D925F04AA34FDBB8F1,SCRYDEX_JP,RAW,,0.8600,USD,1321,2026-06-29
CRD_96DCC4B3E85641EAA4E9,SCRYDEX_EN,RAW,,0.8100,USD,1239,2026-06-05
CRD_96DCC4B3E85641EAA4E9,SCRYDEX_JP,GRADED,10,,,25321,2026-06-29
CRD_96DCC4B3E85641EAA4E9,SCRYDEX_JP,RAW,,0.3000,USD,461,2026-06-29
CRD_96E3628EA11140F3A119,SCRYDEX_EN,RAW,,35.8100,USD,55021,2026-06-29
CRD_96E3628EA11140F3A119,SCRYDEX_JP,GRADED,10,,,138130,2026-06-29
CRD_96E3628EA11140F3A119,SCRYDEX_JP,GRADED,9,,,53085,2026-06-29
CRD_96E3628EA11140F3A119,SCRYDEX_JP,RAW,,17.1900,USD,26412,2026-06-29
CRD_96E94DE3D95545C5ADE7,SCRYDEX_EN,RAW,,6.8900,USD,10537,2026-06-05
CRD_96E94DE3D95545C5ADE7,SCRYDEX_JP,GRADED,10,,,51948,2026-06-29
CRD_96E94DE3D95545C5ADE7,SCRYDEX_JP,RAW,,1.8900,USD,2904,2026-06-29
CRD_96F2AF373AC24B51B62E,SCRYDEX_EN,RAW,,2.5100,USD,3839,2026-06-05
CRD_96F2AF373AC24B51B62E,SCRYDEX_JP,GRADED,10,,,47185,2026-06-29
CRD_96F2AF373AC24B51B62E,SCRYDEX_JP,GRADED,9,,,25582,2026-06-29
CRD_96F2AF373AC24B51B62E,SCRYDEX_JP,RAW,,1.3600,USD,2090,2026-06-29
CRD_96F78E077FFB4F7BADB9,SCRYDEX_EN,RAW,,34.8700,USD,53329,2026-06-05
CRD_96F78E077FFB4F7BADB9,SCRYDEX_JP,GRADED,10,,,444043,2026-06-29
CRD_96F78E077FFB4F7BADB9,SCRYDEX_JP,RAW,,171000.0000,KRW,171000,2026-06-29
CRD_96FACEB498654D5F9837,SCRYDEX_EN,RAW,,2.7700,USD,4256,2026-06-29
CRD_96FACEB498654D5F9837,SCRYDEX_JP,RAW,,15.0000,USD,23047,2026-06-29
CRD_9704E9C7E0466CA70982,SCRYDEX_JP,RAW,,15.1900,USD,23339,2026-06-29
CRD_971CA0485F2B45D8A839,SCRYDEX_EN,RAW,,3.5600,USD,5445,2026-06-05
CRD_971CA0485F2B45D8A839,SCRYDEX_JP,GRADED,10,,,148193,2026-06-29
CRD_971CA0485F2B45D8A839,SCRYDEX_JP,RAW,,2.2200,USD,3411,2026-06-29
CRD_9731F68B15FE4337BE2F,SCRYDEX_EN,RAW,,2.7200,USD,4182,2026-06-24
CRD_9731F68B15FE4337BE2F,SCRYDEX_JP,GRADED,10,,,44604,2026-06-29
CRD_9731F68B15FE4337BE2F,SCRYDEX_JP,GRADED,9,,,39948,2026-06-29
CRD_9731F68B15FE4337BE2F,SCRYDEX_JP,RAW,,2.0700,USD,3181,2026-06-29
CRD_9740CC2128594EDDB54F,SCRYDEX_EN,RAW,,1.7600,USD,2692,2026-06-05
CRD_9740CC2128594EDDB54F,SCRYDEX_JP,GRADED,10,,,35600,2026-06-29
CRD_9740CC2128594EDDB54F,SCRYDEX_JP,GRADED,9,,,21188,2026-06-29
CRD_9740CC2128594EDDB54F,SCRYDEX_JP,RAW,,0.9100,USD,1398,2026-06-29
CRD_97550D8F6FD846C1809E,SCRYDEX_EN,RAW,,108.5500,USD,166785,2026-06-29
CRD_97550D8F6FD846C1809E,SCRYDEX_JP,GRADED,10,,,559586,2026-06-29
CRD_97550D8F6FD846C1809E,SCRYDEX_JP,GRADED,9,,,161284,2026-06-29
CRD_97550D8F6FD846C1809E,SCRYDEX_JP,RAW,,100.0000,USD,153648,2026-06-29
CRD_97880F5EB9DE47029F78,SCRYDEX_EN,RAW,,0.6900,USD,1055,2026-06-05
CRD_97880F5EB9DE47029F78,SCRYDEX_JP,GRADED,10,,,116819,2026-06-29
CRD_97880F5EB9DE47029F78,SCRYDEX_JP,RAW,,0.2900,USD,446,2026-06-29
CRD_979704595E1644E09F8A,SCRYDEX_EN,RAW,,14.1600,USD,21656,2026-06-05
CRD_979704595E1644E09F8A,SCRYDEX_JP,GRADED,10,,,54806,2026-06-28
CRD_979704595E1644E09F8A,SCRYDEX_JP,GRADED,9,,,38212,2026-06-28
CRD_979704595E1644E09F8A,SCRYDEX_JP,RAW,,3.2200,USD,4947,2026-06-28
CRD_97AC02D307514BA797A4,SCRYDEX_EN,RAW,,0.7600,USD,1162,2026-06-05
CRD_97AC02D307514BA797A4,SCRYDEX_JP,GRADED,10,,,77454,2026-06-29
CRD_97AC02D307514BA797A4,SCRYDEX_JP,RAW,,0.3400,USD,522,2026-06-29
CRD_97ACB4636E2C4BB5B152,SCRYDEX_EN,RAW,,6.1300,USD,9375,2026-06-05
CRD_97ACB4636E2C4BB5B152,SCRYDEX_JP,GRADED,10,,,59201,2026-06-29
CRD_97ACB4636E2C4BB5B152,SCRYDEX_JP,RAW,,7.4200,USD,11401,2026-06-29
CRD_97AD638649C74896B30E,SCRYDEX_EN,RAW,,21.0000,USD,32266,2026-06-29
CRD_97AD638649C74896B30E,SCRYDEX_JP,GRADED,10,,,64670,2026-06-29
CRD_97AD638649C74896B30E,SCRYDEX_JP,GRADED,9,,,26765,2026-06-29
CRD_97AD638649C74896B30E,SCRYDEX_JP,RAW,,3.9000,USD,5992,2026-06-29
CRD_97BE397815C93AA20E1D,SCRYDEX_EN,RAW,,40.0000,USD,61459,2026-06-29
CRD_97BE397815C93AA20E1D,SCRYDEX_JP,GRADED,10,,,131000,2026-06-29
CRD_97BE397815C93AA20E1D,SCRYDEX_JP,GRADED,9,,,68650,2026-06-29
CRD_97BE397815C93AA20E1D,SCRYDEX_JP,RAW,,34.4500,USD,52932,2026-06-29
CRD_97D7C457DF3B41A8A619,SCRYDEX_EN,RAW,,17.2600,USD,26520,2026-06-29
CRD_97D7C457DF3B41A8A619,SCRYDEX_JP,GRADED,10,,,262446,2026-06-29
CRD_97D7C457DF3B41A8A619,SCRYDEX_JP,GRADED,9,,,32266,2026-06-29
CRD_97D7C457DF3B41A8A619,SCRYDEX_JP,RAW,,39.9900,USD,61444,2026-06-29
CRD_97EAC0317B734B3191FC,SCRYDEX_EN,RAW,,34.5600,USD,53101,2026-06-29
CRD_97EAC0317B734B3191FC,SCRYDEX_JP,GRADED,10,,,245821,2026-06-29
CRD_97EAC0317B734B3191FC,SCRYDEX_JP,GRADED,9,,,57219,2026-06-29
CRD_97EAC0317B734B3191FC,SCRYDEX_JP,RAW,,32.3300,USD,49674,2026-06-29
CRD_9813FECD47C44526AC0E,SCRYDEX_EN,RAW,,12.0500,USD,18181,2026-06-17
CRD_9813FECD47C44526AC0E,SCRYDEX_JP,GRADED,10,,,88071,2026-06-29
CRD_9813FECD47C44526AC0E,SCRYDEX_JP,GRADED,9,,,47339,2026-06-29
CRD_9813FECD47C44526AC0E,SCRYDEX_JP,RAW,,10.9000,USD,16748,2026-06-29
CRD_9824FD6C4B38CAA57F42,SCRYDEX_JP,GRADED,10,,,32788,2026-06-29
CRD_9824FD6C4B38CAA57F42,SCRYDEX_JP,RAW,,8.1300,USD,12492,2026-06-29
CRD_9830EDEBF33245BC92FE,SCRYDEX_EN,RAW,,7.1400,USD,10920,2026-06-05
CRD_9830EDEBF33245BC92FE,SCRYDEX_JP,RAW,,10450.0000,KRW,10450,2026-06-29
CRD_983678B45AB8425590AC,SCRYDEX_EN,RAW,,26.8400,USD,41239,2026-06-29
CRD_983678B45AB8425590AC,SCRYDEX_JP,GRADED,10,,,214416,2026-06-29
CRD_983678B45AB8425590AC,SCRYDEX_JP,GRADED,9,,,71323,2026-06-29
CRD_983678B45AB8425590AC,SCRYDEX_JP,RAW,,22.0900,USD,33941,2026-06-29
CRD_983C1870E97945BEA0AB,SCRYDEX_EN,RAW,,6.6800,USD,10216,2026-06-05
CRD_983C1870E97945BEA0AB,SCRYDEX_JP,GRADED,10,,,51887,2026-06-29
CRD_983C1870E97945BEA0AB,SCRYDEX_JP,GRADED,9,,,29746,2026-06-29
CRD_983C1870E97945BEA0AB,SCRYDEX_JP,RAW,,1.1800,USD,1813,2026-06-29
CRD_9854903EC2F54EBAB680,SCRYDEX_EN,RAW,,1.1300,USD,1728,2026-06-05
CRD_9854903EC2F54EBAB680,SCRYDEX_JP,GRADED,10,,,42745,2026-06-29
CRD_9854903EC2F54EBAB680,SCRYDEX_JP,GRADED,9,,,15365,2026-06-29
CRD_9854903EC2F54EBAB680,SCRYDEX_JP,RAW,,0.5800,USD,891,2026-06-29
CRD_987A2756FB554B91BD1A,SCRYDEX_EN,RAW,,3.9200,USD,5995,2026-06-05
CRD_987A2756FB554B91BD1A,SCRYDEX_JP,GRADED,10,,,66668,2026-06-29
CRD_987A2756FB554B91BD1A,SCRYDEX_JP,RAW,,9.1600,USD,14074,2026-06-29
CRD_98B1AD5A09294E4AA9F5,SCRYDEX_EN,RAW,,144.1700,USD,221514,2026-06-29
CRD_98B1AD5A09294E4AA9F5,SCRYDEX_JP,GRADED,10,,,288597,2026-06-29
CRD_98B1AD5A09294E4AA9F5,SCRYDEX_JP,GRADED,9,,,111426,2026-06-29
CRD_98B1AD5A09294E4AA9F5,SCRYDEX_JP,RAW,,91.8900,USD,141187,2026-06-29
CRD_98BE07D514F34C678851,SCRYDEX_JP,GRADED,10,,,1358095,2026-06-29
CRD_98BE07D514F34C678851,SCRYDEX_JP,GRADED,9,,,445210,2026-06-29
CRD_98BE07D514F34C678851,SCRYDEX_JP,RAW,,299.9900,USD,460929,2026-06-29
CRD_98DAFEBB7A994BAB96D1,SCRYDEX_EN,RAW,,1.7200,USD,2631,2026-06-05
CRD_98DAFEBB7A994BAB96D1,SCRYDEX_JP,GRADED,10,,,38427,2026-06-29
CRD_98DAFEBB7A994BAB96D1,SCRYDEX_JP,RAW,,2.0400,USD,3134,2026-06-29
CRD_98F0514FA4E449CBA343,SCRYDEX_EN,RAW,,0.6500,USD,994,2026-06-05
CRD_98F0514FA4E449CBA343,SCRYDEX_JP,GRADED,10,,,46064,2026-06-29
CRD_98F0514FA4E449CBA343,SCRYDEX_JP,GRADED,9,,,26781,2026-06-29
CRD_98F0514FA4E449CBA343,SCRYDEX_JP,RAW,,0.3800,USD,584,2026-06-29
CRD_9901D08249144F58A8BC,SCRYDEX_EN,RAW,,0.6900,USD,1055,2026-06-05
CRD_9901D08249144F58A8BC,SCRYDEX_JP,GRADED,10,,,32481,2026-06-29
CRD_9901D08249144F58A8BC,SCRYDEX_JP,RAW,,0.2600,USD,399,2026-06-29
CRD_99598A733BBA4B09B0AD,SCRYDEX_EN,RAW,,35.6100,USD,54714,2026-06-29
CRD_99598A733BBA4B09B0AD,SCRYDEX_JP,GRADED,10,,,216121,2026-06-29
CRD_99598A733BBA4B09B0AD,SCRYDEX_JP,GRADED,9,,,49167,2026-06-29
CRD_99598A733BBA4B09B0AD,SCRYDEX_JP,RAW,,21.2600,USD,32666,2026-06-29
CRD_995C2B2D683845B693C1,SCRYDEX_EN,RAW,,0.8200,USD,1254,2026-06-05
CRD_995C2B2D683845B693C1,SCRYDEX_JP,RAW,,1.2400,USD,1905,2026-06-29
CRD_99651D6378CB49808433,SCRYDEX_EN,RAW,,5.0800,USD,7769,2026-06-05
CRD_99651D6378CB49808433,SCRYDEX_JP,GRADED,10,,,93848,2026-06-29
CRD_99651D6378CB49808433,SCRYDEX_JP,GRADED,9,,,35785,2026-06-29
CRD_99651D6378CB49808433,SCRYDEX_JP,RAW,,2.8100,USD,4318,2026-06-29
CRD_9965F1D5629D4B62B22A,SCRYDEX_EN,RAW,,0.7300,USD,1116,2026-06-05
CRD_9965F1D5629D4B62B22A,SCRYDEX_JP,GRADED,10,,,39964,2026-06-29
CRD_9965F1D5629D4B62B22A,SCRYDEX_JP,RAW,,0.3000,USD,461,2026-06-29
CRD_997431762BD64CE5B949,SCRYDEX_EN,RAW,,16.3000,USD,25045,2026-06-29
CRD_997431762BD64CE5B949,SCRYDEX_JP,GRADED,10,,,206334,2026-06-29
CRD_997431762BD64CE5B949,SCRYDEX_JP,RAW,,49.1000,USD,75441,2026-06-29
CRD_9987ACD7E7C54BF8A0F8,SCRYDEX_EN,RAW,,0.9000,USD,1376,2026-06-05
CRD_9987ACD7E7C54BF8A0F8,SCRYDEX_JP,GRADED,10,,,20066,2026-06-29
CRD_9987ACD7E7C54BF8A0F8,SCRYDEX_JP,RAW,,0.6200,USD,953,2026-06-29
CRD_999BE8DBCC6F40B48020,SCRYDEX_EN,RAW,,1.0100,USD,1545,2026-06-05
CRD_999BE8DBCC6F40B48020,SCRYDEX_JP,GRADED,10,,,64609,2026-06-29
CRD_999BE8DBCC6F40B48020,SCRYDEX_JP,RAW,,0.5000,USD,768,2026-06-29
CRD_99A5A2C5F74143BABC24,SCRYDEX_EN,RAW,,6.7100,USD,10262,2026-06-05
CRD_99A5A2C5F74143BABC24,SCRYDEX_JP,GRADED,10,,,47001,2026-06-29
CRD_99A5A2C5F74143BABC24,SCRYDEX_JP,GRADED,9,,,22064,2026-06-29
CRD_99A5A2C5F74143BABC24,SCRYDEX_JP,RAW,,9.0300,USD,13874,2026-06-29
CRD_99B2271A9E6B4B259FB7,SCRYDEX_EN,RAW,,19.6700,USD,30223,2026-06-29
CRD_99B2271A9E6B4B259FB7,SCRYDEX_JP,GRADED,10,,,111856,2026-06-29
CRD_99B2271A9E6B4B259FB7,SCRYDEX_JP,RAW,,26.2100,USD,40271,2026-06-29
CRD_99B80601C8BF404186BC,SCRYDEX_EN,RAW,,4.0700,USD,6225,2026-06-05
CRD_99B80601C8BF404186BC,SCRYDEX_JP,GRADED,10,,,57449,2026-06-29
CRD_99B80601C8BF404186BC,SCRYDEX_JP,GRADED,9,,,19990,2026-06-29
CRD_99B80601C8BF404186BC,SCRYDEX_JP,RAW,,2.6100,USD,4010,2026-06-29
CRD_99CCE27B9E204E508DE3,SCRYDEX_EN,RAW,,9.1500,USD,13994,2026-06-05
CRD_99CCE27B9E204E508DE3,SCRYDEX_JP,GRADED,10,,,109244,2026-06-29
CRD_99CCE27B9E204E508DE3,SCRYDEX_JP,GRADED,9,,,18515,2026-06-29
CRD_99CCE27B9E204E508DE3,SCRYDEX_JP,RAW,,3.7100,USD,5700,2026-06-29
CRD_99F4E975DD944ADE96D9,SCRYDEX_EN,RAW,,1.7100,USD,2615,2026-06-05
CRD_99F4E975DD944ADE96D9,SCRYDEX_JP,RAW,,4.9700,USD,7636,2026-06-29
CRD_9A06EA05B93C41B2BD2A,SCRYDEX_EN,RAW,,1.5600,USD,2386,2026-06-05
CRD_9A06EA05B93C41B2BD2A,SCRYDEX_JP,GRADED,10,,,54545,2026-06-29
CRD_9A06EA05B93C41B2BD2A,SCRYDEX_JP,GRADED,9,,,8942,2026-06-29
CRD_9A06EA05B93C41B2BD2A,SCRYDEX_JP,RAW,,0.6300,USD,968,2026-06-29
CRD_9A16B5CDB26D4457BDC6,SCRYDEX_EN,RAW,,11.5900,USD,17725,2026-06-05
CRD_9A16B5CDB26D4457BDC6,SCRYDEX_JP,GRADED,10,,,35416,2026-06-29
CRD_9A16B5CDB26D4457BDC6,SCRYDEX_JP,RAW,,9.0300,USD,13874,2026-06-29
CRD_9A188600F1B44EF88834,SCRYDEX_EN,RAW,,11.2900,USD,17279,2026-06-19
CRD_9A188600F1B44EF88834,SCRYDEX_JP,GRADED,10,,,59293,2026-06-29
CRD_9A188600F1B44EF88834,SCRYDEX_JP,GRADED,9,,,28179,2026-06-29
CRD_9A188600F1B44EF88834,SCRYDEX_JP,RAW,,4.5000,USD,6914,2026-06-29
CRD_9A198103AC7443DC8A26,SCRYDEX_EN,RAW,,5.4500,USD,8335,2026-06-05
CRD_9A198103AC7443DC8A26,SCRYDEX_JP,GRADED,10,,,64747,2026-06-29
CRD_9A198103AC7443DC8A26,SCRYDEX_JP,GRADED,9,,,33603,2026-06-29
CRD_9A198103AC7443DC8A26,SCRYDEX_JP,RAW,,3.0600,USD,4702,2026-06-29
CRD_9A22F928864948BBAE25,SCRYDEX_EN,RAW,,33.5300,USD,51518,2026-06-29
CRD_9A22F928864948BBAE25,SCRYDEX_JP,GRADED,10,,,493901,2026-06-29
CRD_9A22F928864948BBAE25,SCRYDEX_JP,GRADED,9,,,224848,2026-06-29
CRD_9A22F928864948BBAE25,SCRYDEX_JP,RAW,,75.0000,USD,115236,2026-06-29
CRD_9A350D2269353CD3471E3F4C99EB760D,SCRYDEX_JP,GRADED,10,,,2192880,2026-06-29
CRD_9A350D2269353CD3471E3F4C99EB760D,SCRYDEX_JP,GRADED,9,,,816409,2026-06-29
CRD_9A350D2269353CD3471E3F4C99EB760D,SCRYDEX_JP,RAW,,807500.0000,KRW,807500,2026-06-29
CRD_9A44D06692124A76B84D,SCRYDEX_EN,RAW,,0.8300,USD,1269,2026-06-05
CRD_9A44D06692124A76B84D,SCRYDEX_JP,RAW,,0.9300,USD,1429,2026-06-29
CRD_9A4B2959A70847CFA3F5,SCRYDEX_EN,RAW,,33.0800,USD,50827,2026-06-29
CRD_9A4B2959A70847CFA3F5,SCRYDEX_JP,GRADED,10,,,83093,2026-06-29
CRD_9A4B2959A70847CFA3F5,SCRYDEX_JP,GRADED,9,,,30607,2026-06-29
CRD_9A4B2959A70847CFA3F5,SCRYDEX_JP,RAW,,7.3500,USD,11293,2026-06-29
CRD_9A5EFFF204E8429BB966,SCRYDEX_EN,RAW,,1.5600,USD,2386,2026-06-05
CRD_9A5EFFF204E8429BB966,SCRYDEX_JP,GRADED,10,,,44865,2026-06-29
CRD_9A5EFFF204E8429BB966,SCRYDEX_JP,GRADED,9,,,20742,2026-06-29
CRD_9A5EFFF204E8429BB966,SCRYDEX_JP,RAW,,1.3100,USD,2013,2026-06-29
CRD_9A65F3C67F2C4ECF8FFC,SCRYDEX_EN,RAW,,23.1800,USD,35451,2026-06-05
CRD_9A65F3C67F2C4ECF8FFC,SCRYDEX_JP,GRADED,10,,,158350,2026-06-29
CRD_9A65F3C67F2C4ECF8FFC,SCRYDEX_JP,GRADED,9,,,39134,2026-06-29
CRD_9A65F3C67F2C4ECF8FFC,SCRYDEX_JP,RAW,,25.0000,USD,38412,2026-06-29
CRD_9A70A69B02794F2E8412,SCRYDEX_EN,RAW,,57.7500,USD,88321,2026-06-05
CRD_9A70A69B02794F2E8412,SCRYDEX_JP,GRADED,10,,,490030,2026-06-29
CRD_9A70A69B02794F2E8412,SCRYDEX_JP,RAW,,40.0000,USD,61459,2026-06-29
CRD_9A71FB2F4A614CFCB42E,SCRYDEX_EN,RAW,,6.5600,USD,10033,2026-06-05
CRD_9A71FB2F4A614CFCB42E,SCRYDEX_JP,GRADED,10,,,69495,2026-06-29
CRD_9A71FB2F4A614CFCB42E,SCRYDEX_JP,GRADED,9,,,22725,2026-06-29
CRD_9A71FB2F4A614CFCB42E,SCRYDEX_JP,RAW,,12.9400,USD,19882,2026-06-29
CRD_9A76495C6C6B99BBC074,SCRYDEX_JP,GRADED,10,,,56604,2026-06-29
CRD_9A76495C6C6B99BBC074,SCRYDEX_JP,GRADED,9,,,8696,2026-06-29
CRD_9A76495C6C6B99BBC074,SCRYDEX_JP,RAW,,0.2700,USD,415,2026-06-29
CRD_9A786ECB0C1441ADB6E9,SCRYDEX_EN,RAW,,4.0400,USD,6179,2026-06-05
CRD_9A786ECB0C1441ADB6E9,SCRYDEX_JP,GRADED,10,,,57464,2026-06-29
CRD_9A786ECB0C1441ADB6E9,SCRYDEX_JP,GRADED,9,,,19252,2026-06-29
CRD_9A786ECB0C1441ADB6E9,SCRYDEX_JP,RAW,,1.7800,USD,2735,2026-06-29
CRD_9A8963B9CBC6485CB8D4,SCRYDEX_EN,RAW,,35.8300,USD,55052,2026-06-29
CRD_9A8963B9CBC6485CB8D4,SCRYDEX_JP,GRADED,10,,,87841,2026-06-29
CRD_9A8963B9CBC6485CB8D4,SCRYDEX_JP,GRADED,9,,,48384,2026-06-29
CRD_9A8963B9CBC6485CB8D4,SCRYDEX_JP,RAW,,19.0100,USD,29208,2026-06-29
CRD_9AA3BC6CA44A482D92F5,SCRYDEX_EN,RAW,,25.9000,USD,39611,2026-06-05
CRD_9AA3BC6CA44A482D92F5,SCRYDEX_JP,GRADED,10,,,765674,2026-06-29
CRD_9AA3BC6CA44A482D92F5,SCRYDEX_JP,GRADED,9,,,68942,2026-06-29
CRD_9AA3BC6CA44A482D92F5,SCRYDEX_JP,RAW,,14.9500,USD,22970,2026-06-29
CRD_9AC0516F5C3E4E83876E,SCRYDEX_EN,RAW,,3.4700,USD,5307,2026-06-05
CRD_9AC0516F5C3E4E83876E,SCRYDEX_JP,GRADED,10,,,45034,2026-06-28
CRD_9AC0516F5C3E4E83876E,SCRYDEX_JP,GRADED,9,,,22218,2026-06-28
CRD_9AC0516F5C3E4E83876E,SCRYDEX_JP,RAW,,1.7900,USD,2750,2026-06-28
CRD_9AD4F161BE9E44D6AAF7,SCRYDEX_EN,RAW,,20.4100,USD,31214,2026-06-05
CRD_9AD4F161BE9E44D6AAF7,SCRYDEX_JP,GRADED,10,,,176880,2026-06-29
CRD_9AD4F161BE9E44D6AAF7,SCRYDEX_JP,GRADED,9,,,49167,2026-06-29
CRD_9AD4F161BE9E44D6AAF7,SCRYDEX_JP,RAW,,25.0000,USD,38412,2026-06-29
CRD_9AD6FE24D3594D17A130,SCRYDEX_EN,RAW,,324.4600,USD,498526,2026-06-29
CRD_9AD6FE24D3594D17A130,SCRYDEX_JP,GRADED,10,,,258313,2026-06-29
CRD_9AD6FE24D3594D17A130,SCRYDEX_JP,GRADED,9,,,105741,2026-06-29
CRD_9AD6FE24D3594D17A130,SCRYDEX_JP,RAW,,88.6300,USD,136178,2026-06-29
CRD_9AE512CAAE3C435392CB,SCRYDEX_EN,RAW,,5.2400,USD,8014,2026-06-05
CRD_9AE512CAAE3C435392CB,SCRYDEX_JP,GRADED,10,,,32420,2026-06-29
CRD_9AE512CAAE3C435392CB,SCRYDEX_JP,RAW,,7.0800,USD,10878,2026-06-29
CRD_9AEA052EE47E4F54822F,SCRYDEX_EN,RAW,,13.7900,USD,21188,2026-06-29
CRD_9AEA052EE47E4F54822F,SCRYDEX_JP,GRADED,10,,,125500,2026-06-29
CRD_9AEA052EE47E4F54822F,SCRYDEX_JP,GRADED,9,,,43682,2026-06-29
CRD_9AEA052EE47E4F54822F,SCRYDEX_JP,RAW,,5.3900,USD,8282,2026-06-29
CRD_9AEA1A49E1136BF4033C,SCRYDEX_EN,RAW,,1.3500,USD,2074,2026-06-29
CRD_9AEA1A49E1136BF4033C,SCRYDEX_JP,GRADED,10,,,69664,2026-06-29
CRD_9AEA1A49E1136BF4033C,SCRYDEX_JP,GRADED,9,,,40563,2026-06-29
CRD_9AEA1A49E1136BF4033C,SCRYDEX_JP,RAW,,0.6400,USD,983,2026-06-29
CRD_9B0C05E62D6D4E19B749,SCRYDEX_EN,RAW,,13.2400,USD,20249,2026-06-05
CRD_9B0C05E62D6D4E19B749,SCRYDEX_JP,GRADED,10,,,34617,2026-06-29
CRD_9B0C05E62D6D4E19B749,SCRYDEX_JP,RAW,,4.5800,USD,7037,2026-06-29
CRD_9B1935C2FFE14C9493B6,SCRYDEX_EN,RAW,,42.9500,USD,65992,2026-06-29
CRD_9B1935C2FFE14C9493B6,SCRYDEX_JP,GRADED,10,,,208715,2026-06-29
CRD_9B1935C2FFE14C9493B6,SCRYDEX_JP,GRADED,9,,,44066,2026-06-29
CRD_9B1935C2FFE14C9493B6,SCRYDEX_JP,RAW,,20.7800,USD,31928,2026-06-29
CRD_9B32980D414E47C09387,SCRYDEX_EN,RAW,,21.0100,USD,32281,2026-06-29
CRD_9B32980D414E47C09387,SCRYDEX_JP,GRADED,10,,,74012,2026-06-29
CRD_9B32980D414E47C09387,SCRYDEX_JP,GRADED,9,,,30699,2026-06-29
CRD_9B32980D414E47C09387,SCRYDEX_JP,RAW,,13.2200,USD,20312,2026-06-29
CRD_9B32F91113364341A405,SCRYDEX_EN,RAW,,2.1000,USD,3212,2026-06-05
CRD_9B32F91113364341A405,SCRYDEX_JP,GRADED,10,,,23047,2026-06-29
CRD_9B32F91113364341A405,SCRYDEX_JP,GRADED,9,,,3150,2026-06-29
CRD_9B32F91113364341A405,SCRYDEX_JP,RAW,,0.7000,USD,1076,2026-06-29
CRD_9B35454E9FAA4465BC23,SCRYDEX_EN,RAW,,41.9000,USD,64379,2026-06-29
CRD_9B35454E9FAA4465BC23,SCRYDEX_JP,GRADED,10,,,106417,2026-06-29
CRD_9B35454E9FAA4465BC23,SCRYDEX_JP,GRADED,9,,,27104,2026-06-29
CRD_9B35454E9FAA4465BC23,SCRYDEX_JP,RAW,,15.9700,USD,24538,2026-06-29
CRD_9B4304F1A3704496A8EC,SCRYDEX_EN,RAW,,4.2500,USD,6500,2026-06-05
CRD_9B4304F1A3704496A8EC,SCRYDEX_JP,GRADED,10,,,82033,2026-06-29
CRD_9B4304F1A3704496A8EC,SCRYDEX_JP,RAW,,6.4500,USD,9910,2026-06-29
CRD_9B43E03D5DF442759E58,SCRYDEX_EN,RAW,,5.1500,USD,7876,2026-06-05
CRD_9B43E03D5DF442759E58,SCRYDEX_JP,RAW,,4.9900,USD,7667,2026-06-29
CRD_9B57B62C08254A7582BA,SCRYDEX_EN,RAW,,5.3100,USD,8121,2026-06-05
CRD_9B57B62C08254A7582BA,SCRYDEX_JP,GRADED,10,,,44266,2026-06-29
CRD_9B57B62C08254A7582BA,SCRYDEX_JP,GRADED,9,,,15334,2026-06-29
CRD_9B57B62C08254A7582BA,SCRYDEX_JP,RAW,,1.6800,USD,2581,2026-06-29
CRD_9B64D783E4344EBB8735,SCRYDEX_EN,RAW,,376.0600,USD,575135,2026-06-05
CRD_9B64D783E4344EBB8735,SCRYDEX_JP,GRADED,10,,,2334651,2026-06-29
CRD_9B64D783E4344EBB8735,SCRYDEX_JP,GRADED,9,,,268930,2026-06-29
CRD_9B64D783E4344EBB8735,SCRYDEX_JP,RAW,,617500.0000,KRW,617500,2026-06-29
CRD_9B730AEF79F94A5BB4C8,SCRYDEX_EN,RAW,,29.0600,USD,44443,2026-06-05
CRD_9B730AEF79F94A5BB4C8,SCRYDEX_JP,GRADED,10,,,540749,2026-06-29
CRD_9B730AEF79F94A5BB4C8,SCRYDEX_JP,GRADED,9,,,444212,2026-06-29
CRD_9B730AEF79F94A5BB4C8,SCRYDEX_JP,RAW,,712500.0000,KRW,712500,2026-06-29
CRD_9B7BDD57CE984638AD11,SCRYDEX_EN,RAW,,116.5600,USD,179092,2026-06-29
CRD_9B7BDD57CE984638AD11,SCRYDEX_JP,GRADED,10,,,286984,2026-06-29
CRD_9B7BDD57CE984638AD11,SCRYDEX_JP,GRADED,9,,,133612,2026-06-29
CRD_9B7BDD57CE984638AD11,SCRYDEX_JP,RAW,,60.9100,USD,93587,2026-06-29
CRD_9B8E69E27F554FA08F77,SCRYDEX_EN,RAW,,40.8800,USD,62811,2026-06-29
CRD_9B8E69E27F554FA08F77,SCRYDEX_JP,GRADED,10,,,160685,2026-06-29
CRD_9B8E69E27F554FA08F77,SCRYDEX_JP,GRADED,9,,,63457,2026-06-29
CRD_9B8E69E27F554FA08F77,SCRYDEX_JP,RAW,,31.9900,USD,49152,2026-06-29
CRD_9BA6F88491964B2489ED,SCRYDEX_EN,RAW,,19.7900,USD,30407,2026-06-29
CRD_9BA6F88491964B2489ED,SCRYDEX_JP,GRADED,10,,,105879,2026-06-29
CRD_9BA6F88491964B2489ED,SCRYDEX_JP,GRADED,9,,,24276,2026-06-29
CRD_9BA6F88491964B2489ED,SCRYDEX_JP,RAW,,21.5000,USD,33034,2026-06-29
CRD_9BB766F8D22C400B9459,SCRYDEX_EN,RAW,,1.8000,USD,2753,2026-06-05
CRD_9BB766F8D22C400B9459,SCRYDEX_JP,GRADED,10,,,53147,2026-06-29
CRD_9BB766F8D22C400B9459,SCRYDEX_JP,RAW,,1.7200,USD,2643,2026-06-29
CRD_9BC07E8750E34D2EA7E4,SCRYDEX_EN,RAW,,8.5900,USD,13198,2026-06-29
CRD_9BC07E8750E34D2EA7E4,SCRYDEX_JP,GRADED,10,,,44573,2026-06-29
CRD_9BC07E8750E34D2EA7E4,SCRYDEX_JP,GRADED,9,,,15104,2026-06-29
CRD_9BC07E8750E34D2EA7E4,SCRYDEX_JP,RAW,,2.8100,USD,4318,2026-06-29
CRD_9BC1A3BF1D4A4EEE8BE3,SCRYDEX_EN,RAW,,34.1000,USD,52152,2026-06-05
CRD_9BC1A3BF1D4A4EEE8BE3,SCRYDEX_JP,GRADED,10,,,543622,2026-06-29
CRD_9BC1A3BF1D4A4EEE8BE3,SCRYDEX_JP,RAW,,190000.0000,KRW,190000,2026-06-29
CRD_9BC7436092C94785A4FC,SCRYDEX_EN,RAW,,2.8000,USD,4282,2026-06-05
CRD_9BC7436092C94785A4FC,SCRYDEX_JP,GRADED,10,,,56758,2026-06-29
CRD_9BC7436092C94785A4FC,SCRYDEX_JP,GRADED,9,,,27749,2026-06-29
CRD_9BC7436092C94785A4FC,SCRYDEX_JP,RAW,,4.8100,USD,7390,2026-06-29
CRD_9BD2F6B2BD1342FB9A4D,SCRYDEX_EN,RAW,,4.9600,USD,7586,2026-06-05
CRD_9BD2F6B2BD1342FB9A4D,SCRYDEX_JP,GRADED,10,,,45157,2026-06-29
CRD_9BD2F6B2BD1342FB9A4D,SCRYDEX_JP,RAW,,14.2000,USD,21818,2026-06-29
CRD_9BE58FA4A9F6422D96ED,SCRYDEX_EN,RAW,,0.6200,USD,953,2026-06-29
CRD_9BE58FA4A9F6422D96ED,SCRYDEX_JP,GRADED,10,,,21050,2026-06-29
CRD_9BE58FA4A9F6422D96ED,SCRYDEX_JP,RAW,,0.3500,USD,538,2026-06-29
CRD_9C0777C5F0E2418B84CD,SCRYDEX_EN,RAW,,18.3700,USD,28225,2026-06-29
CRD_9C0777C5F0E2418B84CD,SCRYDEX_JP,GRADED,10,,,64855,2026-06-29
CRD_9C0777C5F0E2418B84CD,SCRYDEX_JP,GRADED,9,,,38811,2026-06-29
CRD_9C0777C5F0E2418B84CD,SCRYDEX_JP,RAW,,12.2400,USD,18807,2026-06-29
CRD_9C10318D36A044519EB6,SCRYDEX_EN,RAW,,10.2700,USD,15718,2026-06-20
CRD_9C10318D36A044519EB6,SCRYDEX_JP,GRADED,10,,,272372,2026-06-29
CRD_9C10318D36A044519EB6,SCRYDEX_JP,GRADED,9,,,27242,2026-06-29
CRD_9C10318D36A044519EB6,SCRYDEX_JP,RAW,,30.0000,USD,46094,2026-06-29
CRD_9C111FFCAB0E4282A578,SCRYDEX_EN,RAW,,1.8600,USD,2845,2026-06-05
CRD_9C111FFCAB0E4282A578,SCRYDEX_JP,GRADED,10,,,29331,2026-06-29
CRD_9C111FFCAB0E4282A578,SCRYDEX_JP,RAW,,0.4300,USD,661,2026-06-29
CRD_9C12DFB82488442E9159,SCRYDEX_EN,RAW,,2.1300,USD,3258,2026-06-05
CRD_9C12DFB82488442E9159,SCRYDEX_JP,GRADED,10,,,63119,2026-06-29
CRD_9C12DFB82488442E9159,SCRYDEX_JP,RAW,,0.3100,USD,476,2026-06-29
CRD_9C262C40B485491EB19A,SCRYDEX_EN,RAW,,61.1000,USD,93879,2026-06-29
CRD_9C262C40B485491EB19A,SCRYDEX_JP,GRADED,10,,,196039,2026-06-29
CRD_9C262C40B485491EB19A,SCRYDEX_JP,GRADED,9,,,69787,2026-06-29
CRD_9C262C40B485491EB19A,SCRYDEX_JP,RAW,,27.5500,USD,42330,2026-06-29
CRD_9C2FBC6E628A43679527,SCRYDEX_EN,RAW,,66.5800,USD,102299,2026-06-29
CRD_9C2FBC6E628A43679527,SCRYDEX_JP,GRADED,10,,,531607,2026-06-29
CRD_9C2FBC6E628A43679527,SCRYDEX_JP,GRADED,9,,,90637,2026-06-29
CRD_9C2FBC6E628A43679527,SCRYDEX_JP,RAW,,97.3100,USD,149515,2026-06-29
CRD_9C3BF0A3D4544A87AE5F,SCRYDEX_EN,RAW,,2.3700,USD,3625,2026-06-05
CRD_9C3BF0A3D4544A87AE5F,SCRYDEX_JP,GRADED,10,,,35308,2026-06-29
CRD_9C3BF0A3D4544A87AE5F,SCRYDEX_JP,GRADED,9,,,15365,2026-06-29
CRD_9C3BF0A3D4544A87AE5F,SCRYDEX_JP,RAW,,1.0400,USD,1598,2026-06-29
CRD_9C50C950B3E54E4C91E3,SCRYDEX_EN,RAW,,2.1300,USD,3258,2026-06-05
CRD_9C50C950B3E54E4C91E3,SCRYDEX_JP,GRADED,10,,,39687,2026-06-29
CRD_9C50C950B3E54E4C91E3,SCRYDEX_JP,RAW,,3.5400,USD,5439,2026-06-29
CRD_9C5270DA79DC45DF87E7,SCRYDEX_EN,RAW,,2.8000,USD,4282,2026-06-05
CRD_9C5270DA79DC45DF87E7,SCRYDEX_JP,GRADED,10,,,53085,2026-06-29
CRD_9C5270DA79DC45DF87E7,SCRYDEX_JP,GRADED,9,,,28118,2026-06-29
CRD_9C5270DA79DC45DF87E7,SCRYDEX_JP,RAW,,3.1300,USD,4809,2026-06-29
CRD_9C6A1F46424F4EBB84A6,SCRYDEX_EN,RAW,,17.6400,USD,27104,2026-06-29
CRD_9C6A1F46424F4EBB84A6,SCRYDEX_JP,GRADED,10,,,74827,2026-06-29
CRD_9C6A1F46424F4EBB84A6,SCRYDEX_JP,GRADED,9,,,24753,2026-06-29
CRD_9C6A1F46424F4EBB84A6,SCRYDEX_JP,RAW,,7.7900,USD,11969,2026-06-29
CRD_9C6FB71861F94FB98F11,SCRYDEX_EN,RAW,,315.8200,USD,483006,2026-06-05
CRD_9C6FB71861F94FB98F11,SCRYDEX_JP,GRADED,10,,,1405557,2026-06-29
CRD_9C6FB71861F94FB98F11,SCRYDEX_JP,GRADED,9,,,299368,2026-06-29
CRD_9C6FB71861F94FB98F11,SCRYDEX_JP,RAW,,50.0000,USD,76824,2026-06-29
CRD_9C70464E838941DB8DF0,SCRYDEX_EN,RAW,,7.8600,USD,12021,2026-06-05
CRD_9C70464E838941DB8DF0,SCRYDEX_JP,GRADED,10,,,29193,2026-06-29
CRD_9C70464E838941DB8DF0,SCRYDEX_JP,RAW,,15.0000,USD,23047,2026-06-29
CRD_9C72C2A7A6AE408EADCE,SCRYDEX_EN,RAW,,1.8000,USD,2753,2026-06-05
CRD_9C72C2A7A6AE408EADCE,SCRYDEX_JP,GRADED,10,,,59323,2026-06-29
CRD_9C72C2A7A6AE408EADCE,SCRYDEX_JP,GRADED,9,,,21541,2026-06-29
CRD_9C72C2A7A6AE408EADCE,SCRYDEX_JP,RAW,,0.3800,USD,584,2026-06-29
CRD_9C787F52EE3041818DE6,SCRYDEX_EN,RAW,,7.2100,USD,11078,2026-06-28
CRD_9CCFB4AA766D475E8C62,SCRYDEX_EN,RAW,,2.2200,USD,3395,2026-06-05
CRD_9CD0F357237A492C8A2D,SCRYDEX_EN,RAW,,2.6100,USD,3992,2026-06-05
CRD_9CD4BE7C890148EC8776,SCRYDEX_EN,RAW,,0.9800,USD,1506,2026-06-29
CRD_9CD4BE7C890148EC8776,SCRYDEX_JP,GRADED,10,,,39764,2026-06-29
CRD_9CD4BE7C890148EC8776,SCRYDEX_JP,RAW,,0.3800,USD,584,2026-06-29
CRD_9CD8CCBE97D740E59C9B,SCRYDEX_EN,RAW,,42.2400,USD,64901,2026-06-29
CRD_9CD8CCBE97D740E59C9B,SCRYDEX_JP,GRADED,10,,,177202,2026-06-29
CRD_9CD8CCBE97D740E59C9B,SCRYDEX_JP,GRADED,9,,,53377,2026-06-29
CRD_9CD8CCBE97D740E59C9B,SCRYDEX_JP,RAW,,31.1300,USD,47831,2026-06-29
CRD_9CD978A793F04EEBB0F9,SCRYDEX_EN,RAW,,11.7000,USD,17894,2026-06-05
CRD_9CD978A793F04EEBB0F9,SCRYDEX_JP,GRADED,10,,,85213,2026-06-29
CRD_9CD978A793F04EEBB0F9,SCRYDEX_JP,GRADED,9,,,18438,2026-06-29
CRD_9CD978A793F04EEBB0F9,SCRYDEX_JP,RAW,,10.6700,USD,16394,2026-06-29
CRD_9CED595A24FE40AEBE4A,SCRYDEX_EN,RAW,,0.7700,USD,1162,2026-06-17
CRD_9CED595A24FE40AEBE4A,SCRYDEX_JP,GRADED,10,,,41577,2026-06-29
CRD_9CED595A24FE40AEBE4A,SCRYDEX_JP,RAW,,0.2800,USD,430,2026-06-29
CRD_9CFBBAADBD4644919823,SCRYDEX_EN,RAW,,4.0500,USD,6194,2026-06-05
CRD_9CFBBAADBD4644919823,SCRYDEX_JP,GRADED,10,,,54437,2026-06-29
CRD_9CFBBAADBD4644919823,SCRYDEX_JP,RAW,,0.8100,USD,1245,2026-06-29
CRD_9D03992C0F05472AB893,SCRYDEX_EN,RAW,,50.2800,USD,77254,2026-06-29
CRD_9D03992C0F05472AB893,SCRYDEX_JP,GRADED,10,,,141003,2026-06-29
CRD_9D03992C0F05472AB893,SCRYDEX_JP,GRADED,9,,,57188,2026-06-29
CRD_9D03992C0F05472AB893,SCRYDEX_JP,RAW,,41.7500,USD,64148,2026-06-29
CRD_9D2832A4A3F849E4BB06,SCRYDEX_EN,RAW,,2.4900,USD,3808,2026-06-05
CRD_9D2832A4A3F849E4BB06,SCRYDEX_JP,GRADED,10,,,54929,2026-06-29
CRD_9D2832A4A3F849E4BB06,SCRYDEX_JP,RAW,,1.8500,USD,2842,2026-06-29
CRD_9D5269AF1A2A42B4A293,SCRYDEX_EN,RAW,,6.4600,USD,9880,2026-06-05
CRD_9D5269AF1A2A42B4A293,SCRYDEX_JP,RAW,,2.6700,USD,4102,2026-06-29
CRD_9D58E4813F2E44F48F9B,SCRYDEX_EN,RAW,,2.3800,USD,3627,2026-06-11
CRD_9D58E4813F2E44F48F9B,SCRYDEX_JP,GRADED,10,,,61582,2026-06-29
CRD_9D58E4813F2E44F48F9B,SCRYDEX_JP,GRADED,9,,,22079,2026-06-29
CRD_9D58E4813F2E44F48F9B,SCRYDEX_JP,RAW,,2.6000,USD,3995,2026-06-29
CRD_9D5DBEB83D8747A7865D,SCRYDEX_EN,RAW,,8.9400,USD,13673,2026-06-05
CRD_9D5FE568CAD14D749F5B,SCRYDEX_EN,RAW,,306.6300,USD,471131,2026-06-29
CRD_9D5FE568CAD14D749F5B,SCRYDEX_JP,GRADED,10,,,1640208,2026-06-29
CRD_9D5FE568CAD14D749F5B,SCRYDEX_JP,GRADED,9,,,248971,2026-06-29
CRD_9D5FE568CAD14D749F5B,SCRYDEX_JP,RAW,,260.0000,USD,399485,2026-06-29
CRD_9D7643B219DF4580B85F,SCRYDEX_EN,RAW,,5.1900,USD,7937,2026-06-05
CRD_9D7E49141F244802BAB2,SCRYDEX_EN,RAW,,0.7200,USD,1101,2026-06-05
CRD_9D7E49141F244802BAB2,SCRYDEX_JP,GRADED,10,,,51226,2026-06-29
CRD_9D7E49141F244802BAB2,SCRYDEX_JP,GRADED,9,,,47431,2026-06-29
CRD_9D7E49141F244802BAB2,SCRYDEX_JP,RAW,,0.4300,USD,661,2026-06-29
CRD_9DA43870585949379283,SCRYDEX_EN,RAW,,171.6000,USD,263850,2026-06-23
CRD_9DA43870585949379283,SCRYDEX_JP,GRADED,10,,,6547571,2026-06-29
CRD_9DA43870585949379283,SCRYDEX_JP,GRADED,9,,,2034960,2026-06-29
CRD_9DA43870585949379283,SCRYDEX_JP,RAW,,800.0000,USD,1229184,2026-06-29
CRD_9DC636DE48A4462F93A8,SCRYDEX_EN,RAW,,3.7600,USD,5750,2026-06-05
CRD_9DC636DE48A4462F93A8,SCRYDEX_JP,GRADED,10,,,40932,2026-06-29
CRD_9DC636DE48A4462F93A8,SCRYDEX_JP,GRADED,9,,,23047,2026-06-29
CRD_9DC636DE48A4462F93A8,SCRYDEX_JP,RAW,,3.7600,USD,5777,2026-06-29
CRD_9DE6CF5F7FF3427298C7,SCRYDEX_EN,RAW,,3.0700,USD,4720,2026-06-23
CRD_9DE6CF5F7FF3427298C7,SCRYDEX_JP,GRADED,10,,,69418,2026-06-29
CRD_9DE6CF5F7FF3427298C7,SCRYDEX_JP,RAW,,1.7700,USD,2720,2026-06-29
CRD_9DEBB30C1A894A7198FA,SCRYDEX_EN,RAW,,0.6500,USD,994,2026-06-05
CRD_9DFAA769E1B744799783,SCRYDEX_EN,RAW,,2.9800,USD,4579,2026-06-29
CRD_9DFAA769E1B744799783,SCRYDEX_JP,GRADED,10,,,27165,2026-06-29
CRD_9DFAA769E1B744799783,SCRYDEX_JP,GRADED,9,,,16978,2026-06-29
CRD_9DFAA769E1B744799783,SCRYDEX_JP,RAW,,2.8300,USD,4348,2026-06-29
CRD_9E348E7E435B4E658CB9,SCRYDEX_EN,RAW,,40.6200,USD,62412,2026-06-29
CRD_9E348E7E435B4E658CB9,SCRYDEX_JP,GRADED,10,,,109582,2026-06-29
CRD_9E348E7E435B4E658CB9,SCRYDEX_JP,GRADED,9,,,44650,2026-06-29
CRD_9E348E7E435B4E658CB9,SCRYDEX_JP,RAW,,15.1500,USD,23278,2026-06-29
CRD_9E3FF9A0219649098877,SCRYDEX_EN,RAW,,3.4500,USD,5276,2026-06-05
CRD_9E3FF9A0219649098877,SCRYDEX_JP,GRADED,10,,,32942,2026-06-29
CRD_9E3FF9A0219649098877,SCRYDEX_JP,RAW,,1.3000,USD,1997,2026-06-29
CRD_9E40D9EE7D9844C4868B,SCRYDEX_EN,RAW,,0.9100,USD,1392,2026-06-05
CRD_9E40D9EE7D9844C4868B,SCRYDEX_JP,GRADED,10,,,95200,2026-06-29
CRD_9E40D9EE7D9844C4868B,SCRYDEX_JP,RAW,,0.4000,USD,615,2026-06-29
CRD_9E509ECA5F2F4685A780,SCRYDEX_EN,RAW,,11.1400,USD,17037,2026-06-05
CRD_9E509ECA5F2F4685A780,SCRYDEX_JP,GRADED,10,,,127482,2026-06-29
CRD_9E509ECA5F2F4685A780,SCRYDEX_JP,GRADED,9,,,36445,2026-06-29
CRD_9E509ECA5F2F4685A780,SCRYDEX_JP,RAW,,15.5500,USD,23892,2026-06-29
CRD_9E6C0EE28A034B84B8A7,SCRYDEX_EN,RAW,,1.1700,USD,1789,2026-06-05
CRD_9E959C4AF6BA480FA670,SCRYDEX_EN,RAW,,9.2600,USD,14162,2026-06-05
CRD_9E959C4AF6BA480FA670,SCRYDEX_JP,GRADED,10,,,550459,2026-06-29
CRD_9E959C4AF6BA480FA670,SCRYDEX_JP,RAW,,80750.0000,KRW,80750,2026-06-29
CRD_9EB378594AD7F975D818,SCRYDEX_JP,GRADED,10,,,57480,2026-06-29
CRD_9EB378594AD7F975D818,SCRYDEX_JP,RAW,,0.4200,USD,645,2026-06-29
CRD_9EB9A88BDE8245A99331,SCRYDEX_EN,RAW,,15.8500,USD,24241,2026-06-05
CRD_9EB9A88BDE8245A99331,SCRYDEX_JP,GRADED,10,,,214108,2026-06-29
CRD_9EB9A88BDE8245A99331,SCRYDEX_JP,GRADED,9,,,26120,2026-06-29
CRD_9EB9A88BDE8245A99331,SCRYDEX_JP,RAW,,16.6300,USD,25552,2026-06-29
CRD_9EC2FDEB07C043AC8403,SCRYDEX_EN,RAW,,2.8500,USD,4359,2026-06-05
CRD_9EC2FDEB07C043AC8403,SCRYDEX_JP,GRADED,10,,,768240,2026-06-29
CRD_9EC2FDEB07C043AC8403,SCRYDEX_JP,RAW,,2.7500,USD,4225,2026-06-29
CRD_9EC31C68BA49485F819E,SCRYDEX_EN,RAW,,11.3100,USD,17378,2026-06-29
CRD_9EC31C68BA49485F819E,SCRYDEX_JP,GRADED,10,,,63918,2026-06-29
CRD_9EC31C68BA49485F819E,SCRYDEX_JP,GRADED,9,,,16148,2026-06-29
CRD_9EC31C68BA49485F819E,SCRYDEX_JP,RAW,,3.5600,USD,5470,2026-06-29
CRD_9F16F13DF68C4204B8EF,SCRYDEX_EN,RAW,,0.6500,USD,994,2026-06-05
CRD_9F16F13DF68C4204B8EF,SCRYDEX_JP,GRADED,10,,,39918,2026-06-28
CRD_9F16F13DF68C4204B8EF,SCRYDEX_JP,GRADED,9,,,17331,2026-06-28
CRD_9F16F13DF68C4204B8EF,SCRYDEX_JP,RAW,,0.4900,USD,753,2026-06-28
CRD_9F22D144C3944837A628,SCRYDEX_EN,RAW,,5.6900,USD,8741,2026-06-18
CRD_9F22D144C3944837A628,SCRYDEX_JP,GRADED,10,,,45987,2026-06-29
CRD_9F22D144C3944837A628,SCRYDEX_JP,RAW,,1.4700,USD,2259,2026-06-29
CRD_9F31701D86B049C6865C,SCRYDEX_EN,RAW,,2.1500,USD,3288,2026-06-05
CRD_9F31701D86B049C6865C,SCRYDEX_JP,GRADED,10,,,21434,2026-06-29
CRD_9F31701D86B049C6865C,SCRYDEX_JP,RAW,,0.7800,USD,1198,2026-06-29
CRD_9F3F0D7B0CFA40C49558,SCRYDEX_EN,RAW,,7.0900,USD,10843,2026-06-05
CRD_9F3F0D7B0CFA40C49558,SCRYDEX_JP,RAW,,4.1000,USD,6300,2026-06-29
CRD_9F67BA0A6712493A867F,SCRYDEX_EN,RAW,,1.5700,USD,2401,2026-06-05
CRD_9F67BA0A6712493A867F,SCRYDEX_JP,GRADED,10,,,36153,2026-06-29
CRD_9F67BA0A6712493A867F,SCRYDEX_JP,RAW,,1.1400,USD,1752,2026-06-29
CRD_9F777E2B3AF448D78288,SCRYDEX_EN,RAW,,6.2800,USD,9604,2026-06-05
CRD_9F777E2B3AF448D78288,SCRYDEX_JP,GRADED,10,,,60000,2026-06-29
CRD_9F777E2B3AF448D78288,SCRYDEX_JP,RAW,,3.9700,USD,6100,2026-06-29
CRD_9F78C4AD792F4C16A076,SCRYDEX_EN,RAW,,1.0700,USD,1636,2026-06-05
CRD_9F78C4AD792F4C16A076,SCRYDEX_JP,GRADED,10,,,44911,2026-06-29
CRD_9F78C4AD792F4C16A076,SCRYDEX_JP,GRADED,9,,,16148,2026-06-29
CRD_9F78C4AD792F4C16A076,SCRYDEX_JP,RAW,,1.0700,USD,1644,2026-06-29
CRD_9F8E15C89ACC4214A5CF,SCRYDEX_EN,RAW,,37.8600,USD,58171,2026-06-29
CRD_9F8E15C89ACC4214A5CF,SCRYDEX_JP,GRADED,10,,,91451,2026-06-29
CRD_9F8E15C89ACC4214A5CF,SCRYDEX_JP,GRADED,9,,,30914,2026-06-29
CRD_9F8E15C89ACC4214A5CF,SCRYDEX_JP,RAW,,17.3800,USD,26704,2026-06-29
CRD_9F8FFB7BF27D8094E176,SCRYDEX_JP,GRADED,10,,,41178,2026-06-29
CRD_9F8FFB7BF27D8094E176,SCRYDEX_JP,RAW,,2.6500,USD,4072,2026-06-29
CRD_9FA75D54C4294BA2BBBB,SCRYDEX_EN,RAW,,1.6600,USD,2539,2026-06-05
CRD_9FA75D54C4294BA2BBBB,SCRYDEX_JP,GRADED,10,,,48107,2026-06-29
CRD_9FA75D54C4294BA2BBBB,SCRYDEX_JP,GRADED,9,,,29562,2026-06-29
CRD_9FA75D54C4294BA2BBBB,SCRYDEX_JP,RAW,,0.5900,USD,907,2026-06-29
CRD_9FA8A518D9414469BEF9,SCRYDEX_EN,RAW,,0.8500,USD,1300,2026-06-05
CRD_9FAFB1939CF44F30ACE6,SCRYDEX_EN,RAW,,5.4900,USD,8396,2026-06-05
CRD_9FAFB1939CF44F30ACE6,SCRYDEX_JP,GRADED,10,,,67559,2026-06-29
CRD_9FAFB1939CF44F30ACE6,SCRYDEX_JP,GRADED,9,,,77346,2026-06-29
CRD_9FAFB1939CF44F30ACE6,SCRYDEX_JP,RAW,,3.4400,USD,5285,2026-06-29
CRD_9FDDA5BA3EEF4352A0ED,SCRYDEX_EN,RAW,,5.2300,USD,7999,2026-06-05
CRD_9FDDA5BA3EEF4352A0ED,SCRYDEX_JP,GRADED,10,,,47662,2026-06-29
CRD_9FDDA5BA3EEF4352A0ED,SCRYDEX_JP,RAW,,4.9200,USD,7559,2026-06-29
CRD_9FE76C9CE7304920BC39,SCRYDEX_EN,RAW,,12.4300,USD,19098,2026-06-29
CRD_9FE76C9CE7304920BC39,SCRYDEX_JP,GRADED,10,,,57833,2026-06-29
CRD_9FE76C9CE7304920BC39,SCRYDEX_JP,GRADED,9,,,22817,2026-06-29
CRD_9FE76C9CE7304920BC39,SCRYDEX_JP,RAW,,4.9500,USD,7606,2026-06-29
CRD_A015A394F46844D180E4,SCRYDEX_EN,RAW,,1.2600,USD,1927,2026-06-05
CRD_A015A394F46844D180E4,SCRYDEX_JP,GRADED,10,,,40747,2026-06-29
CRD_A015A394F46844D180E4,SCRYDEX_JP,GRADED,9,,,13828,2026-06-29
CRD_A015A394F46844D180E4,SCRYDEX_JP,RAW,,1.3900,USD,2136,2026-06-29
CRD_A01A880A185C48ADAAAF,SCRYDEX_EN,RAW,,6.5500,USD,10064,2026-06-29
CRD_A045FBD15C434CEA9670,SCRYDEX_EN,RAW,,5.9200,USD,9054,2026-06-05
CRD_A045FBD15C434CEA9670,SCRYDEX_JP,GRADED,10,,,99287,2026-06-29
CRD_A045FBD15C434CEA9670,SCRYDEX_JP,GRADED,9,,,47385,2026-06-29
CRD_A045FBD15C434CEA9670,SCRYDEX_JP,RAW,,3.5100,USD,5393,2026-06-29
CRD_A04FE8D9C75D4F5EAF0C,SCRYDEX_EN,RAW,,1.9500,USD,2982,2026-06-05
CRD_A04FE8D9C75D4F5EAF0C,SCRYDEX_JP,GRADED,10,,,45434,2026-06-29
CRD_A04FE8D9C75D4F5EAF0C,SCRYDEX_JP,GRADED,9,,,21434,2026-06-29
CRD_A04FE8D9C75D4F5EAF0C,SCRYDEX_JP,RAW,,0.7400,USD,1137,2026-06-29
CRD_A078581BD72D413189A8,SCRYDEX_EN,RAW,,5.6300,USD,8610,2026-06-05
CRD_A0A34021C9D745B4A3EF,SCRYDEX_EN,RAW,,1.2700,USD,1942,2026-06-05
CRD_A0A34021C9D745B4A3EF,SCRYDEX_JP,GRADED,10,,,73951,2026-06-29
CRD_A0A34021C9D745B4A3EF,SCRYDEX_JP,GRADED,9,,,15565,2026-06-29
CRD_A0A34021C9D745B4A3EF,SCRYDEX_JP,RAW,,1.6500,USD,2535,2026-06-29
CRD_A0B7FEC7EBCC30F32231005D7A76B620,SCRYDEX_JP,GRADED,10,,,618402,2026-06-29
CRD_A0B7FEC7EBCC30F32231005D7A76B620,SCRYDEX_JP,GRADED,9,,,300720,2026-06-29
CRD_A0B7FEC7EBCC30F32231005D7A76B620,SCRYDEX_JP,RAW,,134.6800,USD,206933,2026-06-29
CRD_A0D58142340C4202B5FD,SCRYDEX_EN,RAW,,5.8000,USD,8870,2026-06-05
CRD_A0D58142340C4202B5FD,SCRYDEX_JP,GRADED,10,,,98396,2026-06-29
CRD_A0D58142340C4202B5FD,SCRYDEX_JP,GRADED,9,,,16333,2026-06-29
CRD_A0D58142340C4202B5FD,SCRYDEX_JP,RAW,,12.9500,USD,19897,2026-06-29
CRD_A0F533475FB645238571,SCRYDEX_EN,RAW,,111.1400,USD,170764,2026-06-29
CRD_A0F533475FB645238571,SCRYDEX_JP,GRADED,10,,,379726,2026-06-29
CRD_A0F533475FB645238571,SCRYDEX_JP,GRADED,9,,,118140,2026-06-29
CRD_A0F533475FB645238571,SCRYDEX_JP,RAW,,54.9900,USD,84491,2026-06-29
CRD_A0F5DC7A82F213F8B17D,SCRYDEX_EN,RAW,,16.6600,USD,25598,2026-06-29
CRD_A0F5DC7A82F213F8B17D,SCRYDEX_JP,GRADED,10,,,72307,2026-06-29
CRD_A0F5DC7A82F213F8B17D,SCRYDEX_JP,GRADED,9,,,19390,2026-06-29
CRD_A0F5DC7A82F213F8B17D,SCRYDEX_JP,RAW,,6.5500,USD,10064,2026-06-29
CRD_A10639DEF1044108891B,SCRYDEX_EN,RAW,,90.6000,USD,139205,2026-06-29
CRD_A10639DEF1044108891B,SCRYDEX_JP,GRADED,10,,,1012110,2026-06-29
CRD_A10639DEF1044108891B,SCRYDEX_JP,GRADED,9,,,75288,2026-06-29
CRD_A10639DEF1044108891B,SCRYDEX_JP,RAW,,45.0000,USD,69142,2026-06-29
CRD_A12119533B1C4A21B910,SCRYDEX_EN,RAW,,2.6900,USD,4114,2026-06-05
CRD_A12119533B1C4A21B910,SCRYDEX_JP,GRADED,10,,,165617,2026-06-29
CRD_A12119533B1C4A21B910,SCRYDEX_JP,GRADED,9,,,29746,2026-06-29
CRD_A12119533B1C4A21B910,SCRYDEX_JP,RAW,,21.2900,USD,32712,2026-06-29
CRD_A126650873921A29A1AC79F0125D6C30,SCRYDEX_JP,GRADED,10,,,2272746,2026-06-29
CRD_A126650873921A29A1AC79F0125D6C30,SCRYDEX_JP,GRADED,9,,,793438,2026-06-29
CRD_A126650873921A29A1AC79F0125D6C30,SCRYDEX_JP,RAW,,299.9900,USD,460929,2026-06-29
CRD_A12C9EE7BBA246C489B7,SCRYDEX_EN,RAW,,18.4100,USD,28287,2026-06-29
CRD_A12C9EE7BBA246C489B7,SCRYDEX_JP,GRADED,10,,,84460,2026-06-29
CRD_A12C9EE7BBA246C489B7,SCRYDEX_JP,GRADED,9,,,37751,2026-06-29
CRD_A12C9EE7BBA246C489B7,SCRYDEX_JP,RAW,,3.9900,USD,6131,2026-06-29
CRD_A137B96810564A16B8DA,SCRYDEX_EN,RAW,,38.1600,USD,58632,2026-06-29
CRD_A137B96810564A16B8DA,SCRYDEX_JP,GRADED,10,,,119538,2026-06-29
CRD_A137B96810564A16B8DA,SCRYDEX_JP,GRADED,9,,,48414,2026-06-29
CRD_A137B96810564A16B8DA,SCRYDEX_JP,RAW,,21.0900,USD,32404,2026-06-29
CRD_A14B9AB5F1C8622F9CB1,SCRYDEX_JP,GRADED,10,,,38120,2026-06-29
CRD_A14B9AB5F1C8622F9CB1,SCRYDEX_JP,GRADED,9,,,18376,2026-06-29
CRD_A14B9AB5F1C8622F9CB1,SCRYDEX_JP,RAW,,0.4000,USD,615,2026-06-29
CRD_A180773A019F4C8BA2B4,SCRYDEX_EN,RAW,,1.9400,USD,2967,2026-06-05
CRD_A180773A019F4C8BA2B4,SCRYDEX_JP,GRADED,10,,,64747,2026-06-29
CRD_A180773A019F4C8BA2B4,SCRYDEX_JP,RAW,,0.6500,USD,999,2026-06-29
CRD_A19450B9771AF13689F1,SCRYDEX_JP,GRADED,10,,,51641,2026-06-29
CRD_A19450B9771AF13689F1,SCRYDEX_JP,GRADED,9,,,26105,2026-06-29
CRD_A19450B9771AF13689F1,SCRYDEX_JP,RAW,,0.4700,USD,722,2026-06-29
CRD_A19E4A91ACD440ECBEF2,SCRYDEX_EN,RAW,,11.6300,USD,17869,2026-06-29
CRD_A19E4A91ACD440ECBEF2,SCRYDEX_JP,RAW,,12.0000,USD,18438,2026-06-29
CRD_A1B443C34FF56366CC4F,SCRYDEX_EN,RAW,,17.4900,USD,26873,2026-06-29
CRD_A1B443C34FF56366CC4F,SCRYDEX_JP,GRADED,10,,,83369,2026-06-29
CRD_A1B443C34FF56366CC4F,SCRYDEX_JP,GRADED,9,,,32911,2026-06-29
CRD_A1B443C34FF56366CC4F,SCRYDEX_JP,RAW,,12.8100,USD,19682,2026-06-29
CRD_A1D8F84613574D488021,SCRYDEX_EN,RAW,,24.9600,USD,38351,2026-06-29
CRD_A1D8F84613574D488021,SCRYDEX_JP,GRADED,10,,,90837,2026-06-29
CRD_A1D8F84613574D488021,SCRYDEX_JP,RAW,,30.9900,USD,47616,2026-06-29
CRD_A1ECFBA4CD8A42679127,SCRYDEX_EN,RAW,,41.4800,USD,63733,2026-06-29
CRD_A1ECFBA4CD8A42679127,SCRYDEX_JP,GRADED,10,,,115405,2026-06-29
CRD_A1ECFBA4CD8A42679127,SCRYDEX_JP,GRADED,9,,,56604,2026-06-29
CRD_A1ECFBA4CD8A42679127,SCRYDEX_JP,RAW,,23.4300,USD,36000,2026-06-29
CRD_A1FF49B34D00462B8DF0,SCRYDEX_EN,RAW,,14.8400,USD,22801,2026-06-29
CRD_A1FF49B34D00462B8DF0,SCRYDEX_JP,GRADED,10,,,63226,2026-06-29
CRD_A1FF49B34D00462B8DF0,SCRYDEX_JP,GRADED,9,,,30007,2026-06-29
CRD_A1FF49B34D00462B8DF0,SCRYDEX_JP,RAW,,6.6300,USD,10187,2026-06-29
CRD_A20BEE66070640B39730,SCRYDEX_EN,RAW,,13.0100,USD,19990,2026-06-29
CRD_A20BEE66070640B39730,SCRYDEX_JP,GRADED,10,,,40640,2026-06-29
CRD_A20BEE66070640B39730,SCRYDEX_JP,RAW,,20.4800,USD,31467,2026-06-29
CRD_A20F94DEEB5245129C85,SCRYDEX_EN,RAW,,5.6500,USD,8641,2026-06-05
CRD_A20F94DEEB5245129C85,SCRYDEX_JP,GRADED,10,,,44420,2026-06-29
CRD_A20F94DEEB5245129C85,SCRYDEX_JP,GRADED,9,,,24968,2026-06-29
CRD_A20F94DEEB5245129C85,SCRYDEX_JP,RAW,,3.6800,USD,5654,2026-06-29
CRD_A23AE6A8E89D4058AA29,SCRYDEX_EN,RAW,,21.8700,USD,33447,2026-06-05
CRD_A23AE6A8E89D4058AA29,SCRYDEX_JP,GRADED,10,,,645322,2026-06-29
CRD_A23AE6A8E89D4058AA29,SCRYDEX_JP,GRADED,9,,,39948,2026-06-29
CRD_A23AE6A8E89D4058AA29,SCRYDEX_JP,RAW,,37.0000,USD,56850,2026-06-29
CRD_A25CB6E36FC71EBDA24B,SCRYDEX_JP,GRADED,10,,,5389204,2026-06-29
CRD_A25CB6E36FC71EBDA24B,SCRYDEX_JP,GRADED,9,,,2290170,2026-06-29
CRD_A25CB6E36FC71EBDA24B,SCRYDEX_JP,RAW,,3135000.0000,KRW,3135000,2026-06-29
CRD_A2652FD03BCB44E786AA,SCRYDEX_EN,RAW,,12.6300,USD,19406,2026-06-29
CRD_A2652FD03BCB44E786AA,SCRYDEX_JP,GRADED,10,,,73720,2026-06-29
CRD_A2652FD03BCB44E786AA,SCRYDEX_JP,GRADED,9,,,29777,2026-06-29
CRD_A2652FD03BCB44E786AA,SCRYDEX_JP,RAW,,10.9400,USD,16809,2026-06-29
CRD_A2686BFC7EE14D7788F6,SCRYDEX_EN,RAW,,14.7600,USD,22678,2026-06-28
CRD_A2686BFC7EE14D7788F6,SCRYDEX_JP,GRADED,10,,,76025,2026-06-29
CRD_A2686BFC7EE14D7788F6,SCRYDEX_JP,GRADED,9,,,22909,2026-06-29
CRD_A2686BFC7EE14D7788F6,SCRYDEX_JP,RAW,,2.2900,USD,3519,2026-06-29
CRD_A26B2D231CB94EECBAE3,SCRYDEX_EN,RAW,,2.8900,USD,4440,2026-06-29
CRD_A26B2D231CB94EECBAE3,SCRYDEX_JP,GRADED,10,,,61567,2026-06-29
CRD_A26B2D231CB94EECBAE3,SCRYDEX_JP,RAW,,3.5500,USD,5455,2026-06-29
CRD_A2809ACDAA524CC6B457,SCRYDEX_EN,RAW,,11.4300,USD,17562,2026-06-29
CRD_A2809ACDAA524CC6B457,SCRYDEX_JP,GRADED,10,,,97766,2026-06-29
CRD_A2809ACDAA524CC6B457,SCRYDEX_JP,GRADED,9,,,19974,2026-06-29
CRD_A2809ACDAA524CC6B457,SCRYDEX_JP,RAW,,41.3500,USD,63533,2026-06-29
CRD_A2846300EA0942BBBD3C,SCRYDEX_EN,RAW,,77.7900,USD,119523,2026-06-29
CRD_A2846300EA0942BBBD3C,SCRYDEX_JP,GRADED,10,,,903143,2026-06-29
CRD_A2846300EA0942BBBD3C,SCRYDEX_JP,GRADED,9,,,329836,2026-06-29
CRD_A2846300EA0942BBBD3C,SCRYDEX_JP,RAW,,15.0000,USD,23047,2026-06-29
CRD_A299CA442C2A41558B6E,SCRYDEX_EN,RAW,,3.5300,USD,5399,2026-06-05
CRD_A2A524FCE0E54F2C8C91,SCRYDEX_EN,RAW,,15.6800,USD,24203,2026-06-26
CRD_A2A524FCE0E54F2C8C91,SCRYDEX_JP,GRADED,10,,,80481,2026-06-29
CRD_A2A524FCE0E54F2C8C91,SCRYDEX_JP,GRADED,9,,,26735,2026-06-29
CRD_A2A524FCE0E54F2C8C91,SCRYDEX_JP,RAW,,13.3300,USD,20481,2026-06-29
CRD_A2BF0189A7944E14A265,SCRYDEX_EN,RAW,,14.9000,USD,22894,2026-06-29
CRD_A2BF0189A7944E14A265,SCRYDEX_JP,GRADED,10,,,65946,2026-06-29
CRD_A2BF0189A7944E14A265,SCRYDEX_JP,GRADED,9,,,16993,2026-06-29
CRD_A2BF0189A7944E14A265,SCRYDEX_JP,RAW,,13.4700,USD,20696,2026-06-29
CRD_A2C303F9E86F4EDF9398,SCRYDEX_EN,RAW,,5.5600,USD,8541,2026-06-18
CRD_A2C303F9E86F4EDF9398,SCRYDEX_JP,GRADED,10,,,70463,2026-06-29
CRD_A2C303F9E86F4EDF9398,SCRYDEX_JP,GRADED,9,,,21465,2026-06-29
CRD_A2C303F9E86F4EDF9398,SCRYDEX_JP,RAW,,11.2900,USD,17347,2026-06-29
CRD_A2CD819C7FE041DAA9C8,SCRYDEX_EN,RAW,,5.2900,USD,7982,2026-06-18
CRD_A2CD819C7FE041DAA9C8,SCRYDEX_JP,RAW,,3.4400,USD,5285,2026-06-29
CRD_A2D5C36D69B54AE9834C,SCRYDEX_EN,RAW,,30.4600,USD,47077,2026-06-07
CRD_A2D5C36D69B54AE9834C,SCRYDEX_JP,GRADED,10,,,657537,2026-06-29
CRD_A2D5C36D69B54AE9834C,SCRYDEX_JP,GRADED,9,,,55605,2026-06-29
CRD_A2D5C36D69B54AE9834C,SCRYDEX_JP,RAW,,19.5500,USD,30038,2026-06-29
CRD_A2E2C941F5B941E8996D,SCRYDEX_EN,RAW,,6.6000,USD,10094,2026-06-05
CRD_A2E2C941F5B941E8996D,SCRYDEX_JP,GRADED,10,,,62673,2026-06-29
CRD_A2E2C941F5B941E8996D,SCRYDEX_JP,GRADED,9,,,31990,2026-06-29
CRD_A2E2C941F5B941E8996D,SCRYDEX_JP,RAW,,3.5000,USD,5378,2026-06-29
CRD_A2E6B453A2A741BCA11A,SCRYDEX_EN,RAW,,30.4200,USD,46740,2026-06-29
CRD_A2E6B453A2A741BCA11A,SCRYDEX_JP,GRADED,10,,,90990,2026-06-29
CRD_A2E6B453A2A741BCA11A,SCRYDEX_JP,GRADED,9,,,37690,2026-06-29
CRD_A2E6B453A2A741BCA11A,SCRYDEX_JP,RAW,,10.5800,USD,16256,2026-06-29
CRD_A2F9A6312DF44494B8FF,SCRYDEX_EN,RAW,,53.4600,USD,82140,2026-06-29
CRD_A2F9A6312DF44494B8FF,SCRYDEX_JP,GRADED,10,,,284372,2026-06-29
CRD_A2F9A6312DF44494B8FF,SCRYDEX_JP,GRADED,9,,,99625,2026-06-29
CRD_A2F9A6312DF44494B8FF,SCRYDEX_JP,RAW,,50.0000,USD,76824,2026-06-29
CRD_A313B53B087D4A94B80A,SCRYDEX_EN,RAW,,3.5400,USD,5414,2026-06-05
CRD_A313B53B087D4A94B80A,SCRYDEX_JP,GRADED,10,,,73935,2026-06-29
CRD_A313B53B087D4A94B80A,SCRYDEX_JP,GRADED,9,,,33956,2026-06-29
CRD_A313B53B087D4A94B80A,SCRYDEX_JP,RAW,,1.2900,USD,1982,2026-06-29
CRD_A320E30FFCFE4D5A901D,SCRYDEX_EN,RAW,,9.5400,USD,14658,2026-06-29
CRD_A320E30FFCFE4D5A901D,SCRYDEX_JP,GRADED,10,,,64870,2026-06-29
CRD_A320E30FFCFE4D5A901D,SCRYDEX_JP,GRADED,9,,,16256,2026-06-29
CRD_A320E30FFCFE4D5A901D,SCRYDEX_JP,RAW,,4.7000,USD,7221,2026-06-29
CRD_A371FDE27863442B9247,SCRYDEX_EN,RAW,,1.7900,USD,2738,2026-06-05
CRD_A371FDE27863442B9247,SCRYDEX_JP,GRADED,10,,,29086,2026-06-29
CRD_A371FDE27863442B9247,SCRYDEX_JP,RAW,,1.5600,USD,2397,2026-06-29
CRD_A3A2A1E4057649CEA59E,SCRYDEX_EN,RAW,,24.3400,USD,37398,2026-06-29
CRD_A3A2A1E4057649CEA59E,SCRYDEX_JP,GRADED,10,,,159610,2026-06-29
CRD_A3A2A1E4057649CEA59E,SCRYDEX_JP,GRADED,9,,,30745,2026-06-29
CRD_A3A2A1E4057649CEA59E,SCRYDEX_JP,RAW,,14.4000,USD,22125,2026-06-29
CRD_A3AB8AC8AAC347838A4D,SCRYDEX_EN,RAW,,2.9900,USD,4573,2026-06-05
CRD_A3AB8AC8AAC347838A4D,SCRYDEX_JP,GRADED,10,,,53300,2026-06-29
CRD_A3AB8AC8AAC347838A4D,SCRYDEX_JP,GRADED,9,,,22571,2026-06-29
CRD_A3AB8AC8AAC347838A4D,SCRYDEX_JP,RAW,,3.9400,USD,6054,2026-06-29
CRD_A3B4ED53661A41AD9BE6,SCRYDEX_EN,RAW,,3.5300,USD,5399,2026-06-05
CRD_A3B4ED53661A41AD9BE6,SCRYDEX_JP,GRADED,10,,,130002,2026-06-29
CRD_A3B4ED53661A41AD9BE6,SCRYDEX_JP,GRADED,9,,,53777,2026-06-29
CRD_A3B4ED53661A41AD9BE6,SCRYDEX_JP,RAW,,2.6100,USD,4010,2026-06-29
CRD_A3C2192851584CFC8246,SCRYDEX_EN,RAW,,1.8400,USD,2814,2026-06-05
CRD_A3C2192851584CFC8246,SCRYDEX_JP,GRADED,10,,,47569,2026-06-29
CRD_A3C2192851584CFC8246,SCRYDEX_JP,GRADED,9,,,13828,2026-06-29
CRD_A3C2192851584CFC8246,SCRYDEX_JP,RAW,,2.0000,USD,3073,2026-06-29
CRD_A416CBFC4F164B6BA7E4,SCRYDEX_EN,RAW,,2.8400,USD,4343,2026-06-05
CRD_A416CBFC4F164B6BA7E4,SCRYDEX_JP,RAW,,8.6000,USD,13214,2026-06-29
CRD_A4182C43172645D6AA8D,SCRYDEX_EN,RAW,,2.7600,USD,4221,2026-06-05
CRD_A4182C43172645D6AA8D,SCRYDEX_JP,GRADED,10,,,84445,2026-06-29
CRD_A4182C43172645D6AA8D,SCRYDEX_JP,GRADED,9,,,20865,2026-06-29
CRD_A4182C43172645D6AA8D,SCRYDEX_JP,RAW,,4.0300,USD,6192,2026-06-29
CRD_A427D3F18204D2955D21,SCRYDEX_EN,RAW,,23.3800,USD,35923,2026-06-29
CRD_A427D3F18204D2955D21,SCRYDEX_JP,GRADED,10,,,127912,2026-06-29
CRD_A427D3F18204D2955D21,SCRYDEX_JP,GRADED,9,,,41485,2026-06-29
CRD_A427D3F18204D2955D21,SCRYDEX_JP,RAW,,18.8100,USD,28901,2026-06-29
CRD_A433CDC6DC8849CEA90A,SCRYDEX_EN,RAW,,124.3200,USD,191015,2026-06-29
CRD_A4507E6EECB24AD88AC1,SCRYDEX_EN,RAW,,9.0300,USD,13810,2026-06-05
CRD_A45225946385449CBE53,SCRYDEX_EN,RAW,,0.9500,USD,1460,2026-06-29
CRD_A45225946385449CBE53,SCRYDEX_JP,GRADED,10,,,92189,2026-06-29
CRD_A45225946385449CBE53,SCRYDEX_JP,GRADED,9,,,15365,2026-06-29
CRD_A45225946385449CBE53,SCRYDEX_JP,RAW,,0.8600,USD,1321,2026-06-29
CRD_A45D3E9BF08B4D07AF14,SCRYDEX_EN,RAW,,2.6300,USD,4022,2026-06-05
CRD_A45D3E9BF08B4D07AF14,SCRYDEX_JP,RAW,,1.3700,USD,2105,2026-06-29
CRD_A46CF82C32F04EE6BB52,SCRYDEX_EN,RAW,,11.2100,USD,17144,2026-06-05
CRD_A46CF82C32F04EE6BB52,SCRYDEX_JP,RAW,,1.9100,USD,2935,2026-06-29
CRD_A4815295611D6BD8CF43,SCRYDEX_JP,GRADED,10,,,74888,2026-06-29
CRD_A4815295611D6BD8CF43,SCRYDEX_JP,GRADED,9,,,33818,2026-06-29
CRD_A4815295611D6BD8CF43,SCRYDEX_JP,RAW,,2.8100,USD,4318,2026-06-29
CRD_A497F0378C1349F19C8B,SCRYDEX_EN,RAW,,0.6300,USD,968,2026-06-29
CRD_A497F0378C1349F19C8B,SCRYDEX_JP,GRADED,10,,,34202,2026-06-29
CRD_A497F0378C1349F19C8B,SCRYDEX_JP,GRADED,9,,,22847,2026-06-29
CRD_A497F0378C1349F19C8B,SCRYDEX_JP,RAW,,0.3200,USD,492,2026-06-29
CRD_A4A072ED41004885A806,SCRYDEX_EN,RAW,,10.4500,USD,16127,2026-06-25
CRD_A4A072ED41004885A806,SCRYDEX_JP,GRADED,10,,,59032,2026-06-29
CRD_A4A072ED41004885A806,SCRYDEX_JP,RAW,,4.9900,USD,7667,2026-06-29
CRD_A4B8753A4E844EE09CBA,SCRYDEX_EN,RAW,,0.8400,USD,1291,2026-06-29
CRD_A4B8753A4E844EE09CBA,SCRYDEX_JP,GRADED,10,,,63902,2026-06-29
CRD_A4B8753A4E844EE09CBA,SCRYDEX_JP,GRADED,9,,,29101,2026-06-29
CRD_A4B8753A4E844EE09CBA,SCRYDEX_JP,RAW,,0.5000,USD,768,2026-06-29
CRD_A4DBE3E0E159125E3B57,SCRYDEX_JP,GRADED,10,,,87410,2026-06-29
CRD_A4DBE3E0E159125E3B57,SCRYDEX_JP,GRADED,9,,,34740,2026-06-29
CRD_A4DBE3E0E159125E3B57,SCRYDEX_JP,RAW,,2.3300,USD,3580,2026-06-29
CRD_A4E698560C3F430A9CE4,SCRYDEX_EN,RAW,,2.9200,USD,4466,2026-06-05
CRD_A4F869F470ED469F8FDF,SCRYDEX_EN,RAW,,2.8900,USD,4420,2026-06-05
CRD_A4F869F470ED469F8FDF,SCRYDEX_JP,GRADED,10,,,35155,2026-06-29
CRD_A4F869F470ED469F8FDF,SCRYDEX_JP,GRADED,9,,,19974,2026-06-29
CRD_A4F869F470ED469F8FDF,SCRYDEX_JP,RAW,,0.9300,USD,1429,2026-06-29
CRD_A4F8739E43884B02A683,SCRYDEX_EN,RAW,,52.3600,USD,80450,2026-06-29
CRD_A4F8739E43884B02A683,SCRYDEX_JP,GRADED,10,,,81403,2026-06-29
CRD_A4F8739E43884B02A683,SCRYDEX_JP,GRADED,9,,,28517,2026-06-29
CRD_A4F8739E43884B02A683,SCRYDEX_JP,RAW,,18.1600,USD,27902,2026-06-29
CRD_A502FAAAF5E44D6EB6F0,SCRYDEX_EN,RAW,,1.7000,USD,2600,2026-06-05
CRD_A502FAAAF5E44D6EB6F0,SCRYDEX_JP,GRADED,9,,,26888,2026-06-29
CRD_A502FAAAF5E44D6EB6F0,SCRYDEX_JP,RAW,,1.8200,USD,2796,2026-06-29
CRD_A5262AA512774BD48654,SCRYDEX_EN,RAW,,6.9500,USD,10686,2026-06-23
CRD_A5262AA512774BD48654,SCRYDEX_JP,GRADED,10,,,46694,2026-06-29
CRD_A5262AA512774BD48654,SCRYDEX_JP,GRADED,9,,,24445,2026-06-29
CRD_A5262AA512774BD48654,SCRYDEX_JP,RAW,,2.2900,USD,3519,2026-06-29
CRD_A52ADAD23735C0E3C95C,SCRYDEX_EN,RAW,,31.2000,USD,47938,2026-06-29
CRD_A52ADAD23735C0E3C95C,SCRYDEX_JP,GRADED,10,,,78852,2026-06-29
CRD_A52ADAD23735C0E3C95C,SCRYDEX_JP,RAW,,18.2100,USD,27979,2026-06-29
CRD_A54C3A0567954337AFBE,SCRYDEX_EN,RAW,,1.8900,USD,2904,2026-06-29
CRD_A54C3A0567954337AFBE,SCRYDEX_JP,GRADED,10,,,51656,2026-06-29
CRD_A54C3A0567954337AFBE,SCRYDEX_JP,GRADED,9,,,19974,2026-06-29
CRD_A54C3A0567954337AFBE,SCRYDEX_JP,RAW,,1.8300,USD,2812,2026-06-29
CRD_A55C953959164A8EBF09,SCRYDEX_EN,RAW,,5.1500,USD,7876,2026-06-05
CRD_A55C953959164A8EBF09,SCRYDEX_JP,GRADED,10,,,74381,2026-06-29
CRD_A55C953959164A8EBF09,SCRYDEX_JP,GRADED,9,,,18960,2026-06-29
CRD_A55C953959164A8EBF09,SCRYDEX_JP,RAW,,4.9400,USD,7590,2026-06-29
CRD_A59B08DC49AD4E5FBFA7,SCRYDEX_EN,RAW,,0.9700,USD,1483,2026-06-05
CRD_A59B08DC49AD4E5FBFA7,SCRYDEX_JP,GRADED,10,,,48307,2026-06-29
CRD_A59B08DC49AD4E5FBFA7,SCRYDEX_JP,RAW,,0.3500,USD,538,2026-06-29
CRD_A5A4F5FFC9A3433F8793,SCRYDEX_EN,RAW,,11.7600,USD,18005,2026-06-21
CRD_A5A4F5FFC9A3433F8793,SCRYDEX_JP,GRADED,10,,,63149,2026-06-29
CRD_A5A4F5FFC9A3433F8793,SCRYDEX_JP,GRADED,9,,,23954,2026-06-29
CRD_A5A4F5FFC9A3433F8793,SCRYDEX_JP,RAW,,3.3100,USD,5086,2026-06-29
CRD_A5AB48532440455987B1,SCRYDEX_EN,RAW,,2.0900,USD,3196,2026-06-05
CRD_A5AB48532440455987B1,SCRYDEX_JP,GRADED,10,,,19974,2026-06-29
CRD_A5AB48532440455987B1,SCRYDEX_JP,RAW,,1.8000,USD,2766,2026-06-29
CRD_A5AE23F47A2B49218CB4,SCRYDEX_EN,RAW,,0.9400,USD,1444,2026-06-29
CRD_A5AE23F47A2B49218CB4,SCRYDEX_JP,GRADED,10,,,51749,2026-06-29
CRD_A5AE23F47A2B49218CB4,SCRYDEX_JP,GRADED,9,,,28425,2026-06-29
CRD_A5AE23F47A2B49218CB4,SCRYDEX_JP,RAW,,1.1700,USD,1798,2026-06-29
CRD_A5B83823B6344946A314,SCRYDEX_EN,RAW,,382.9900,USD,588456,2026-06-29
CRD_A5B83823B6344946A314,SCRYDEX_JP,GRADED,10,,,968920,2026-06-29
CRD_A5B83823B6344946A314,SCRYDEX_JP,GRADED,9,,,452509,2026-06-29
CRD_A5B83823B6344946A314,SCRYDEX_JP,RAW,,214.0600,USD,328899,2026-06-29
CRD_A5BC4873149245CAB6B3,SCRYDEX_EN,RAW,,0.6900,USD,1055,2026-06-05
CRD_A5BC4873149245CAB6B3,SCRYDEX_JP,GRADED,10,,,44450,2026-06-29
CRD_A5BC4873149245CAB6B3,SCRYDEX_JP,GRADED,9,,,10755,2026-06-29
CRD_A5BC4873149245CAB6B3,SCRYDEX_JP,RAW,,0.2800,USD,430,2026-06-29
CRD_A5BD2814B5454C479820,SCRYDEX_EN,RAW,,5.5100,USD,8427,2026-06-05
CRD_A5BD2814B5454C479820,SCRYDEX_JP,GRADED,10,,,55236,2026-06-29
CRD_A5BD2814B5454C479820,SCRYDEX_JP,RAW,,3.8800,USD,5962,2026-06-29
CRD_A5C68E63AD7846D98563,SCRYDEX_EN,RAW,,55.3200,USD,84998,2026-06-29
CRD_A5C68E63AD7846D98563,SCRYDEX_JP,GRADED,10,,,127651,2026-06-29
CRD_A5C68E63AD7846D98563,SCRYDEX_JP,GRADED,9,,,44051,2026-06-29
CRD_A5C68E63AD7846D98563,SCRYDEX_JP,RAW,,16.0200,USD,24614,2026-06-29
CRD_A5CCF9AA1AE84EC1B4E6,SCRYDEX_EN,RAW,,107.6200,USD,165356,2026-06-29
CRD_A5CCF9AA1AE84EC1B4E6,SCRYDEX_JP,GRADED,10,,,253842,2026-06-29
CRD_A5CCF9AA1AE84EC1B4E6,SCRYDEX_JP,GRADED,9,,,63011,2026-06-29
CRD_A5CCF9AA1AE84EC1B4E6,SCRYDEX_JP,RAW,,47.9900,USD,73736,2026-06-29
CRD_A5D2567F7CE3427BA8CF,SCRYDEX_EN,RAW,,1.2000,USD,1835,2026-06-05
CRD_A5D2567F7CE3427BA8CF,SCRYDEX_JP,GRADED,10,,,40671,2026-06-29
CRD_A5D2567F7CE3427BA8CF,SCRYDEX_JP,GRADED,9,,,9219,2026-06-29
CRD_A5D2567F7CE3427BA8CF,SCRYDEX_JP,RAW,,1.1200,USD,1721,2026-06-29
CRD_A5FA3E3050F046ACB362,SCRYDEX_EN,RAW,,6.3500,USD,9711,2026-06-05
CRD_A5FA3E3050F046ACB362,SCRYDEX_JP,GRADED,10,,,71323,2026-06-29
CRD_A5FA3E3050F046ACB362,SCRYDEX_JP,GRADED,9,,,29208,2026-06-29
CRD_A5FA3E3050F046ACB362,SCRYDEX_JP,RAW,,1.5800,USD,2428,2026-06-29
CRD_A60634103BDB41F18C31,SCRYDEX_EN,RAW,,1.3300,USD,2034,2026-06-05
CRD_A60634103BDB41F18C31,SCRYDEX_JP,GRADED,10,,,27657,2026-06-29
CRD_A60634103BDB41F18C31,SCRYDEX_JP,RAW,,1.5000,USD,2305,2026-06-29
CRD_A6097CD29C7E4A2C9ACE,SCRYDEX_EN,RAW,,13.0900,USD,20113,2026-06-29
CRD_A6097CD29C7E4A2C9ACE,SCRYDEX_JP,GRADED,10,,,62673,2026-06-29
CRD_A6097CD29C7E4A2C9ACE,SCRYDEX_JP,GRADED,9,,,2750,2026-06-29
CRD_A6097CD29C7E4A2C9ACE,SCRYDEX_JP,RAW,,3.6900,USD,5670,2026-06-29
CRD_A6337035E8634701BFAB,SCRYDEX_EN,RAW,,29.2600,USD,44749,2026-06-05
CRD_A6337035E8634701BFAB,SCRYDEX_JP,GRADED,10,,,874057,2026-06-29
CRD_A6337035E8634701BFAB,SCRYDEX_JP,GRADED,9,,,160685,2026-06-29
CRD_A6337035E8634701BFAB,SCRYDEX_JP,RAW,,104500.0000,KRW,104500,2026-06-29
CRD_A63442582F7F4F8BABC9,SCRYDEX_EN,RAW,,2.6800,USD,4099,2026-06-05
CRD_A63442582F7F4F8BABC9,SCRYDEX_JP,GRADED,10,,,39995,2026-06-29
CRD_A63442582F7F4F8BABC9,SCRYDEX_JP,RAW,,2.9400,USD,4517,2026-06-29
CRD_A64742D752F444C9A34A,SCRYDEX_EN,RAW,,9.5800,USD,14719,2026-06-29
CRD_A64742D752F444C9A34A,SCRYDEX_JP,GRADED,10,,,65700,2026-06-29
CRD_A64742D752F444C9A34A,SCRYDEX_JP,GRADED,9,,,38412,2026-06-29
CRD_A64742D752F444C9A34A,SCRYDEX_JP,RAW,,12.0500,USD,18515,2026-06-29
CRD_A6609DDDF77E43BEBF21,SCRYDEX_EN,RAW,,49.4100,USD,75917,2026-06-29
CRD_A6609DDDF77E43BEBF21,SCRYDEX_JP,GRADED,10,,,151328,2026-06-29
CRD_A6609DDDF77E43BEBF21,SCRYDEX_JP,GRADED,9,,,70571,2026-06-29
CRD_A6609DDDF77E43BEBF21,SCRYDEX_JP,RAW,,42.0300,USD,64578,2026-06-29
CRD_A690931A982740A4A1A5,SCRYDEX_EN,RAW,,2.8500,USD,4359,2026-06-05
CRD_A690931A982740A4A1A5,SCRYDEX_JP,GRADED,10,,,33541,2026-06-29
CRD_A690931A982740A4A1A5,SCRYDEX_JP,RAW,,2.6100,USD,4010,2026-06-29
CRD_A69A3C32BD2A4EA590C3,SCRYDEX_EN,RAW,,0.6700,USD,1025,2026-06-05
CRD_A69A3C32BD2A4EA590C3,SCRYDEX_JP,GRADED,10,,,26888,2026-06-29
CRD_A69A3C32BD2A4EA590C3,SCRYDEX_JP,GRADED,9,,,28947,2026-06-29
CRD_A69A3C32BD2A4EA590C3,SCRYDEX_JP,RAW,,0.3200,USD,492,2026-06-29
CRD_A6CB88032E43434B998F,SCRYDEX_JP,GRADED,10,,,182826,2026-06-29
CRD_A6CB88032E43434B998F,SCRYDEX_JP,RAW,,5.2700,USD,8097,2026-06-29
CRD_A6E16EBEE75C492DA24E,SCRYDEX_EN,RAW,,30.5000,USD,46646,2026-06-05
CRD_A6E16EBEE75C492DA24E,SCRYDEX_JP,GRADED,10,,,75134,2026-06-29
CRD_A6E16EBEE75C492DA24E,SCRYDEX_JP,GRADED,9,,,17977,2026-06-29
CRD_A6E16EBEE75C492DA24E,SCRYDEX_JP,RAW,,16.9900,USD,26105,2026-06-29
CRD_A6E8EAA77BE24D74AEA7,SCRYDEX_EN,RAW,,61.1600,USD,93971,2026-06-29
CRD_A6E8EAA77BE24D74AEA7,SCRYDEX_JP,GRADED,10,,,414850,2026-06-29
CRD_A6E8EAA77BE24D74AEA7,SCRYDEX_JP,GRADED,9,,,259404,2026-06-29
CRD_A6E8EAA77BE24D74AEA7,SCRYDEX_JP,RAW,,237500.0000,KRW,237500,2026-06-29
CRD_A6E97F52AAE14D00B5D3,SCRYDEX_EN,RAW,,31.1800,USD,47907,2026-06-29
CRD_A6E97F52AAE14D00B5D3,SCRYDEX_JP,GRADED,10,,,135533,2026-06-29
CRD_A6E97F52AAE14D00B5D3,SCRYDEX_JP,GRADED,9,,,76701,2026-06-29
CRD_A6E97F52AAE14D00B5D3,SCRYDEX_JP,RAW,,45.0000,USD,69142,2026-06-29
CRD_A6F7502948814BF9A22C,SCRYDEX_EN,RAW,,2210.4600,USD,3396328,2026-06-29
CRD_A6F7502948814BF9A22C,SCRYDEX_JP,GRADED,10,,,7500296,2026-06-29
CRD_A6F7502948814BF9A22C,SCRYDEX_JP,GRADED,9,,,3244877,2026-06-29
CRD_A6F7502948814BF9A22C,SCRYDEX_JP,RAW,,5225000.0000,KRW,5225000,2026-06-29
CRD_A6FB671794764AE49A66,SCRYDEX_EN,RAW,,2.8400,USD,4343,2026-06-05
CRD_A6FB671794764AE49A66,SCRYDEX_JP,GRADED,10,,,48230,2026-06-29
CRD_A6FB671794764AE49A66,SCRYDEX_JP,GRADED,9,,,15088,2026-06-29
CRD_A6FB671794764AE49A66,SCRYDEX_JP,RAW,,1.5100,USD,2320,2026-06-29
CRD_A70AE0EAE9544E4091AC,SCRYDEX_EN,RAW,,3.0100,USD,4603,2026-06-05
CRD_A70EA9E8C6384E49A3D9,SCRYDEX_JP,RAW,,4.4400,USD,6822,2026-06-29
CRD_A71CDBCAB7AB42309937,SCRYDEX_EN,RAW,,2.4600,USD,3762,2026-06-05
CRD_A71CDBCAB7AB42309937,SCRYDEX_JP,GRADED,10,,,40025,2026-06-29
CRD_A71CDBCAB7AB42309937,SCRYDEX_JP,GRADED,9,,,9219,2026-06-29
CRD_A71CDBCAB7AB42309937,SCRYDEX_JP,RAW,,2.4500,USD,3764,2026-06-29
CRD_A72D96AA09A1A85694F8,SCRYDEX_EN,RAW,,4.9600,USD,7621,2026-06-29
CRD_A72D96AA09A1A85694F8,SCRYDEX_JP,GRADED,10,,,64394,2026-06-29
CRD_A72D96AA09A1A85694F8,SCRYDEX_JP,RAW,,7.4800,USD,11493,2026-06-29
CRD_A73E9FF2F0254E999421,SCRYDEX_EN,RAW,,13.5000,USD,20742,2026-06-29
CRD_A73E9FF2F0254E999421,SCRYDEX_JP,GRADED,10,,,70985,2026-06-29
CRD_A73E9FF2F0254E999421,SCRYDEX_JP,GRADED,9,,,21326,2026-06-29
CRD_A73E9FF2F0254E999421,SCRYDEX_JP,RAW,,2.8800,USD,4425,2026-06-29
CRD_A764468C60C145BBA7B2,SCRYDEX_EN,RAW,,11.6900,USD,17961,2026-06-27
CRD_A764468C60C145BBA7B2,SCRYDEX_JP,GRADED,10,,,34248,2026-06-29
CRD_A764468C60C145BBA7B2,SCRYDEX_JP,GRADED,9,,,16901,2026-06-29
CRD_A764468C60C145BBA7B2,SCRYDEX_JP,RAW,,5.6400,USD,8666,2026-06-29
CRD_A7955AC1C4F2421B940F,SCRYDEX_EN,RAW,,1.5700,USD,2401,2026-06-05
CRD_A7955AC1C4F2421B940F,SCRYDEX_JP,GRADED,10,,,45879,2026-06-29
CRD_A7955AC1C4F2421B940F,SCRYDEX_JP,GRADED,9,,,15365,2026-06-29
CRD_A7955AC1C4F2421B940F,SCRYDEX_JP,RAW,,0.8000,USD,1229,2026-06-29
CRD_A7A7C7685FE244168B9B,SCRYDEX_EN,RAW,,77.9100,USD,119707,2026-06-29
CRD_A7A7C7685FE244168B9B,SCRYDEX_JP,GRADED,10,,,124071,2026-06-29
CRD_A7A7C7685FE244168B9B,SCRYDEX_JP,GRADED,9,,,26105,2026-06-29
CRD_A7A7C7685FE244168B9B,SCRYDEX_JP,RAW,,12.8600,USD,19759,2026-06-29
CRD_A7AACB50E1D2433E83E0,SCRYDEX_EN,RAW,,21.9900,USD,33787,2026-06-29
CRD_A7AACB50E1D2433E83E0,SCRYDEX_JP,GRADED,10,,,74565,2026-06-29
CRD_A7AACB50E1D2433E83E0,SCRYDEX_JP,GRADED,9,,,8466,2026-06-29
CRD_A7AACB50E1D2433E83E0,SCRYDEX_JP,RAW,,5.9700,USD,9173,2026-06-29
CRD_A7C30A2EF2124187ABC4,SCRYDEX_EN,RAW,,3.4300,USD,5246,2026-06-05
CRD_A7C30A2EF2124187ABC4,SCRYDEX_JP,GRADED,10,,,69065,2026-06-29
CRD_A7C30A2EF2124187ABC4,SCRYDEX_JP,RAW,,4.2300,USD,6499,2026-06-29
CRD_A7F47D7A90F24520988F,SCRYDEX_EN,RAW,,0.7600,USD,1162,2026-06-05
CRD_A7F47D7A90F24520988F,SCRYDEX_JP,GRADED,10,,,34893,2026-06-29
CRD_A7F47D7A90F24520988F,SCRYDEX_JP,GRADED,9,,,19882,2026-06-29
CRD_A7F47D7A90F24520988F,SCRYDEX_JP,RAW,,0.4000,USD,615,2026-06-29
CRD_A807FE059D28421A9D89,SCRYDEX_EN,RAW,,1.5500,USD,2371,2026-06-05
CRD_A807FE059D28421A9D89,SCRYDEX_JP,GRADED,10,,,21572,2026-06-29
CRD_A807FE059D28421A9D89,SCRYDEX_JP,GRADED,9,,,19913,2026-06-29
CRD_A807FE059D28421A9D89,SCRYDEX_JP,RAW,,1.7000,USD,2612,2026-06-29
CRD_A81205AD3C6B4221AD8F,SCRYDEX_EN,RAW,,13.7500,USD,21127,2026-06-29
CRD_A81205AD3C6B4221AD8F,SCRYDEX_JP,GRADED,10,,,67605,2026-06-29
CRD_A81205AD3C6B4221AD8F,SCRYDEX_JP,GRADED,9,,,16133,2026-06-29
CRD_A81205AD3C6B4221AD8F,SCRYDEX_JP,RAW,,10.0000,USD,15365,2026-06-29
CRD_A81F66DC2106497F8D12,SCRYDEX_EN,RAW,,7.8600,USD,12077,2026-06-29
CRD_A81F66DC2106497F8D12,SCRYDEX_JP,GRADED,10,,,54653,2026-06-29
CRD_A81F66DC2106497F8D12,SCRYDEX_JP,GRADED,9,,,20420,2026-06-29
CRD_A81F66DC2106497F8D12,SCRYDEX_JP,RAW,,2.4500,USD,3764,2026-06-29
CRD_A8210A464976421F9923,SCRYDEX_EN,RAW,,70.1300,USD,107753,2026-06-29
CRD_A82AA6D16570455DA915,SCRYDEX_EN,RAW,,6.4000,USD,9788,2026-06-05
CRD_A82AA6D16570455DA915,SCRYDEX_JP,GRADED,10,,,73782,2026-06-29
CRD_A82AA6D16570455DA915,SCRYDEX_JP,GRADED,9,,,22909,2026-06-29
CRD_A82AA6D16570455DA915,SCRYDEX_JP,RAW,,1.8400,USD,2827,2026-06-29
CRD_A82C4C53C3004C17A955,SCRYDEX_EN,RAW,,1.3500,USD,2065,2026-06-05
CRD_A82C4C53C3004C17A955,SCRYDEX_JP,GRADED,10,,,43836,2026-06-29
CRD_A82C4C53C3004C17A955,SCRYDEX_JP,GRADED,9,,,19974,2026-06-29
CRD_A82C4C53C3004C17A955,SCRYDEX_JP,RAW,,0.6500,USD,999,2026-06-29
CRD_A848A7E12690411197B4,SCRYDEX_EN,RAW,,150.7300,USD,231594,2026-06-29
CRD_A848A7E12690411197B4,SCRYDEX_JP,GRADED,10,,,402419,2026-06-29
CRD_A848A7E12690411197B4,SCRYDEX_JP,GRADED,9,,,195333,2026-06-29
CRD_A848A7E12690411197B4,SCRYDEX_JP,RAW,,121.3300,USD,186421,2026-06-29
CRD_A87D1D76614640AC9160,SCRYDEX_EN,RAW,,5.0900,USD,7784,2026-06-05
CRD_A87D1D76614640AC9160,SCRYDEX_JP,GRADED,10,,,139282,2026-06-29
CRD_A87D1D76614640AC9160,SCRYDEX_JP,GRADED,9,,,32235,2026-06-29
CRD_A87D1D76614640AC9160,SCRYDEX_JP,RAW,,38.9000,USD,59769,2026-06-29
CRD_A891C8ACBE5B4F3F8F48,SCRYDEX_EN,RAW,,7.5500,USD,11547,2026-06-05
CRD_A891C8ACBE5B4F3F8F48,SCRYDEX_JP,GRADED,10,,,73997,2026-06-29
CRD_A891C8ACBE5B4F3F8F48,SCRYDEX_JP,GRADED,9,,,20973,2026-06-29
CRD_A891C8ACBE5B4F3F8F48,SCRYDEX_JP,RAW,,3.3700,USD,5178,2026-06-29
CRD_A89A6F539FAC4AC7ADA2,SCRYDEX_EN,RAW,,2.2600,USD,3456,2026-06-05
CRD_A89A6F539FAC4AC7ADA2,SCRYDEX_JP,GRADED,10,,,70048,2026-06-29
CRD_A89A6F539FAC4AC7ADA2,SCRYDEX_JP,GRADED,9,,,16886,2026-06-29
CRD_A89A6F539FAC4AC7ADA2,SCRYDEX_JP,RAW,,1.7400,USD,2673,2026-06-29
CRD_A8B52849C3C54365B81E,SCRYDEX_EN,RAW,,4.4400,USD,6790,2026-06-05
CRD_A8B52849C3C54365B81E,SCRYDEX_JP,GRADED,10,,,60368,2026-06-29
CRD_A8B52849C3C54365B81E,SCRYDEX_JP,RAW,,4.1000,USD,6300,2026-06-29
CRD_A8B5785909B448EBB9B7,SCRYDEX_JP,RAW,,2.2200,USD,3411,2026-06-29
CRD_A8C06BD8284942BA824C,SCRYDEX_EN,RAW,,10.0700,USD,15544,2026-06-26
CRD_A8C06BD8284942BA824C,SCRYDEX_JP,GRADED,10,,,64471,2026-06-29
CRD_A8C06BD8284942BA824C,SCRYDEX_JP,RAW,,5.9800,USD,9188,2026-06-29
CRD_A8CA5B29C9994F09BCF9,SCRYDEX_EN,RAW,,0.7500,USD,1147,2026-06-05
CRD_A8CA5B29C9994F09BCF9,SCRYDEX_JP,RAW,,0.7500,USD,1152,2026-06-29
CRD_A8DEE7AEF1EB41B29CFD,SCRYDEX_EN,RAW,,41.0300,USD,63042,2026-06-29
CRD_A8DEE7AEF1EB41B29CFD,SCRYDEX_JP,GRADED,10,,,226969,2026-06-29
CRD_A8DEE7AEF1EB41B29CFD,SCRYDEX_JP,GRADED,9,,,76501,2026-06-29
CRD_A8DEE7AEF1EB41B29CFD,SCRYDEX_JP,RAW,,15.0000,USD,23047,2026-06-29
CRD_A8F55E775B1A48999A63,SCRYDEX_EN,RAW,,13.3800,USD,20558,2026-06-29
CRD_A8F55E775B1A48999A63,SCRYDEX_JP,GRADED,10,,,76117,2026-06-29
CRD_A8F55E775B1A48999A63,SCRYDEX_JP,RAW,,9.3800,USD,14412,2026-06-29
CRD_A8F8B7FADADA4B9C8D2F,SCRYDEX_EN,RAW,,0.8500,USD,1300,2026-06-05
CRD_A914FCD3FCD847BFA351,SCRYDEX_EN,RAW,,30.2600,USD,46494,2026-06-29
CRD_A914FCD3FCD847BFA351,SCRYDEX_JP,GRADED,10,,,85659,2026-06-29
CRD_A914FCD3FCD847BFA351,SCRYDEX_JP,GRADED,9,,,58217,2026-06-29
CRD_A914FCD3FCD847BFA351,SCRYDEX_JP,RAW,,24.8100,USD,38120,2026-06-29
CRD_A92DDFDA2A8542FDA6F0,SCRYDEX_EN,RAW,,1.8500,USD,2829,2026-06-05
CRD_A92DDFDA2A8542FDA6F0,SCRYDEX_JP,GRADED,10,,,38120,2026-06-29
CRD_A92DDFDA2A8542FDA6F0,SCRYDEX_JP,GRADED,9,,,27057,2026-06-29
CRD_A92DDFDA2A8542FDA6F0,SCRYDEX_JP,RAW,,1.4300,USD,2197,2026-06-29
CRD_A95A3BB894E045F2AE02,SCRYDEX_EN,RAW,,72.3700,USD,111195,2026-06-29
CRD_A95A3BB894E045F2AE02,SCRYDEX_JP,GRADED,10,,,180214,2026-06-29
CRD_A95A3BB894E045F2AE02,SCRYDEX_JP,GRADED,9,,,74135,2026-06-29
CRD_A95A3BB894E045F2AE02,SCRYDEX_JP,RAW,,30.7800,USD,47293,2026-06-29
CRD_A96D274688FA4B04A973,SCRYDEX_EN,RAW,,5.8700,USD,8977,2026-06-05
CRD_A96D274688FA4B04A973,SCRYDEX_JP,GRADED,10,,,71877,2026-06-29
CRD_A96D274688FA4B04A973,SCRYDEX_JP,GRADED,9,,,26842,2026-06-29
CRD_A96D274688FA4B04A973,SCRYDEX_JP,RAW,,3.8000,USD,5839,2026-06-29
CRD_A9772F1A738D41739112,SCRYDEX_EN,RAW,,24.8100,USD,38148,2026-06-23
CRD_A9772F1A738D41739112,SCRYDEX_JP,GRADED,10,,,106586,2026-06-29
CRD_A9772F1A738D41739112,SCRYDEX_JP,GRADED,9,,,33234,2026-06-29
CRD_A9772F1A738D41739112,SCRYDEX_JP,RAW,,19.9800,USD,30699,2026-06-29
CRD_A9971F75407F4A80908E,SCRYDEX_EN,RAW,,1.5600,USD,2386,2026-06-05
CRD_A9971F75407F4A80908E,SCRYDEX_JP,GRADED,10,,,53761,2026-06-29
CRD_A9971F75407F4A80908E,SCRYDEX_JP,GRADED,9,,,8958,2026-06-29
CRD_A9971F75407F4A80908E,SCRYDEX_JP,RAW,,0.6500,USD,999,2026-06-29
CRD_A99D593C22354D17A334,SCRYDEX_EN,RAW,,0.6000,USD,918,2026-06-05
CRD_A99D593C22354D17A334,SCRYDEX_JP,GRADED,10,,,62058,2026-06-28
CRD_A99D593C22354D17A334,SCRYDEX_JP,GRADED,9,,,20773,2026-06-28
CRD_A99D593C22354D17A334,SCRYDEX_JP,RAW,,0.3500,USD,538,2026-06-28
CRD_A9AEC318816D44429B63,SCRYDEX_EN,RAW,,1.0300,USD,1583,2026-06-29
CRD_A9AEC318816D44429B63,SCRYDEX_JP,GRADED,10,,,99764,2026-06-29
CRD_A9AEC318816D44429B63,SCRYDEX_JP,RAW,,0.8900,USD,1367,2026-06-29
CRD_A9C9A530BD584DDBB671,SCRYDEX_EN,RAW,,21.9800,USD,33772,2026-06-29
CRD_A9C9A530BD584DDBB671,SCRYDEX_JP,GRADED,10,,,130032,2026-06-29
CRD_A9C9A530BD584DDBB671,SCRYDEX_JP,GRADED,9,,,49044,2026-06-29
CRD_A9C9A530BD584DDBB671,SCRYDEX_JP,RAW,,24.9900,USD,38397,2026-06-29
CRD_A9D7A6D3DC694E4280F3,SCRYDEX_EN,RAW,,45.3000,USD,69603,2026-06-29
CRD_A9D7A6D3DC694E4280F3,SCRYDEX_JP,GRADED,10,,,101623,2026-06-29
CRD_A9D7A6D3DC694E4280F3,SCRYDEX_JP,GRADED,9,,,36230,2026-06-29
CRD_A9D7A6D3DC694E4280F3,SCRYDEX_JP,RAW,,18.5900,USD,28563,2026-06-29
CRD_A9DF06F1FA7544AD83E2,SCRYDEX_EN,RAW,,2.4000,USD,3670,2026-06-05
CRD_A9DF06F1FA7544AD83E2,SCRYDEX_JP,GRADED,10,,,134657,2026-06-29
CRD_A9DF06F1FA7544AD83E2,SCRYDEX_JP,GRADED,9,,,15334,2026-06-29
CRD_A9DF06F1FA7544AD83E2,SCRYDEX_JP,RAW,,0.5500,USD,845,2026-06-29
CRD_AA067EA038324239B8DD,SCRYDEX_EN,RAW,,42.0200,USD,64563,2026-06-29
CRD_AA067EA038324239B8DD,SCRYDEX_JP,GRADED,10,,,177832,2026-06-29
CRD_AA067EA038324239B8DD,SCRYDEX_JP,GRADED,9,,,97413,2026-06-29
CRD_AA067EA038324239B8DD,SCRYDEX_JP,RAW,,123500.0000,KRW,123500,2026-06-29
CRD_AA0DD2AA1FBC4EEFABF7,SCRYDEX_EN,RAW,,3.4300,USD,5270,2026-06-29
CRD_AA0DD2AA1FBC4EEFABF7,SCRYDEX_JP,GRADED,10,,,24584,2026-06-29
CRD_AA0DD2AA1FBC4EEFABF7,SCRYDEX_JP,RAW,,4.8700,USD,7483,2026-06-29
CRD_AA19A54D13CC49198C77,SCRYDEX_EN,RAW,,151.1700,USD,232270,2026-06-29
CRD_AA19A54D13CC49198C77,SCRYDEX_JP,GRADED,10,,,277442,2026-06-29
CRD_AA19A54D13CC49198C77,SCRYDEX_JP,GRADED,9,,,138944,2026-06-29
CRD_AA19A54D13CC49198C77,SCRYDEX_JP,RAW,,105.4800,USD,162068,2026-06-29
CRD_AA3296C0D4FE45A38CAB,SCRYDEX_EN,RAW,,25.3300,USD,38919,2026-06-29
CRD_AA3296C0D4FE45A38CAB,SCRYDEX_JP,GRADED,10,,,124501,2026-06-29
CRD_AA3296C0D4FE45A38CAB,SCRYDEX_JP,GRADED,9,,,32266,2026-06-29
CRD_AA3296C0D4FE45A38CAB,SCRYDEX_JP,RAW,,17.9500,USD,27580,2026-06-29
CRD_AA3AA58E730E469981E5,SCRYDEX_EN,RAW,,4.5100,USD,6897,2026-06-05
CRD_AA3AA58E730E469981E5,SCRYDEX_JP,GRADED,10,,,58770,2026-06-29
CRD_AA3AA58E730E469981E5,SCRYDEX_JP,GRADED,9,,,28502,2026-06-29
CRD_AA3AA58E730E469981E5,SCRYDEX_JP,RAW,,1.5000,USD,2305,2026-06-29
CRD_AA42D1C0CC194B35AB8C,SCRYDEX_EN,RAW,,1.1600,USD,1774,2026-06-05
CRD_AA42D1C0CC194B35AB8C,SCRYDEX_JP,GRADED,10,,,44850,2026-06-29
CRD_AA42D1C0CC194B35AB8C,SCRYDEX_JP,RAW,,1.0500,USD,1613,2026-06-29
CRD_AA4A41F8F67F4044A169,SCRYDEX_EN,RAW,,48.1800,USD,74028,2026-06-29
CRD_AA4A41F8F67F4044A169,SCRYDEX_JP,GRADED,10,,,2922800,2026-06-29
CRD_AA4A41F8F67F4044A169,SCRYDEX_JP,RAW,,37.8700,USD,58186,2026-06-29
CRD_AA4B50E788B247089DA6,SCRYDEX_EN,RAW,,451.6500,USD,693951,2026-06-29
CRD_AA4B50E788B247089DA6,SCRYDEX_JP,GRADED,10,,,1260774,2026-06-29
CRD_AA4B50E788B247089DA6,SCRYDEX_JP,GRADED,9,,,417077,2026-06-29
CRD_AA4B50E788B247089DA6,SCRYDEX_JP,RAW,,299.9900,USD,460929,2026-06-29
CRD_AA56EE51E5024865B7F9,SCRYDEX_EN,RAW,,92.5900,USD,141604,2026-06-05
CRD_AA56EE51E5024865B7F9,SCRYDEX_JP,GRADED,10,,,249540,2026-06-29
CRD_AA56EE51E5024865B7F9,SCRYDEX_JP,GRADED,9,,,34033,2026-06-29
CRD_AA56EE51E5024865B7F9,SCRYDEX_JP,RAW,,45.0000,USD,69142,2026-06-29
CRD_AA5BA868244841729ECD,SCRYDEX_EN,RAW,,53.0500,USD,81510,2026-06-29
CRD_AA5BA868244841729ECD,SCRYDEX_JP,GRADED,10,,,112332,2026-06-29
CRD_AA5BA868244841729ECD,SCRYDEX_JP,GRADED,9,,,38950,2026-06-29
CRD_AA5BA868244841729ECD,SCRYDEX_JP,RAW,,14.8100,USD,22755,2026-06-29
CRD_AA70617DE38A4AB8A0AC,SCRYDEX_EN,RAW,,11.2500,USD,17285,2026-06-29
CRD_AA70617DE38A4AB8A0AC,SCRYDEX_JP,GRADED,10,,,59569,2026-06-29
CRD_AA70617DE38A4AB8A0AC,SCRYDEX_JP,GRADED,9,,,13828,2026-06-29
CRD_AA70617DE38A4AB8A0AC,SCRYDEX_JP,RAW,,3.1400,USD,4825,2026-06-29
CRD_AA7C762B17B749CEBF08,SCRYDEX_EN,RAW,,14.8900,USD,22878,2026-06-29
CRD_AA7C762B17B749CEBF08,SCRYDEX_JP,GRADED,10,,,67544,2026-06-29
CRD_AA7C762B17B749CEBF08,SCRYDEX_JP,GRADED,9,,,25352,2026-06-29
CRD_AA7C762B17B749CEBF08,SCRYDEX_JP,RAW,,4.9800,USD,7652,2026-06-29
CRD_AA80CBBC30D44512BB73,SCRYDEX_EN,RAW,,1.0600,USD,1629,2026-06-29
CRD_AA80CBBC30D44512BB73,SCRYDEX_JP,GRADED,10,,,69833,2026-06-29
CRD_AA80CBBC30D44512BB73,SCRYDEX_JP,GRADED,9,,,13859,2026-06-29
CRD_AA80CBBC30D44512BB73,SCRYDEX_JP,RAW,,1.0600,USD,1629,2026-06-29
CRD_AA9CB0979C7F411383FB,SCRYDEX_EN,RAW,,2.1500,USD,3288,2026-06-05
CRD_AA9CB0979C7F411383FB,SCRYDEX_JP,GRADED,10,,,24584,2026-06-29
CRD_AA9CB0979C7F411383FB,SCRYDEX_JP,RAW,,1.8900,USD,2904,2026-06-29
CRD_AAA017F1B44DFA505C9B,SCRYDEX_JP,RAW,,3.2900,USD,5055,2026-06-29
CRD_AAA1B0D73E594E6E9585,SCRYDEX_EN,RAW,,23.0800,USD,35462,2026-06-26
CRD_AAA1B0D73E594E6E9585,SCRYDEX_JP,GRADED,10,,,227261,2026-06-29
CRD_AAA1B0D73E594E6E9585,SCRYDEX_JP,GRADED,9,,,84476,2026-06-29
CRD_AAA1B0D73E594E6E9585,SCRYDEX_JP,RAW,,71.5000,USD,109858,2026-06-29
CRD_AAAB529B18A64AB9A9A0,SCRYDEX_EN,RAW,,3.4900,USD,5338,2026-06-05
CRD_AADC70B1F06B46E196C2,SCRYDEX_EN,RAW,,7.5000,USD,11470,2026-06-05
CRD_AADC70B1F06B46E196C2,SCRYDEX_JP,GRADED,10,,,46786,2026-06-29
CRD_AADC70B1F06B46E196C2,SCRYDEX_JP,RAW,,6.9900,USD,10740,2026-06-29
CRD_AAFE59E917F54C8FB509,SCRYDEX_EN,RAW,,53.6400,USD,82035,2026-06-05
CRD_AAFE59E917F54C8FB509,SCRYDEX_JP,GRADED,10,,,477630,2026-06-29
CRD_AAFE59E917F54C8FB509,SCRYDEX_JP,GRADED,9,,,81218,2026-06-29
CRD_AAFE59E917F54C8FB509,SCRYDEX_JP,RAW,,142500.0000,KRW,142500,2026-06-29
CRD_AB63174A5154445782F6,SCRYDEX_EN,RAW,,4.4700,USD,6836,2026-06-05
CRD_AB63174A5154445782F6,SCRYDEX_JP,GRADED,10,,,60491,2026-06-29
CRD_AB63174A5154445782F6,SCRYDEX_JP,GRADED,9,,,31022,2026-06-29
CRD_AB63174A5154445782F6,SCRYDEX_JP,RAW,,1.1300,USD,1736,2026-06-29
CRD_AB903AFCBCE64F1B90B8,SCRYDEX_EN,RAW,,16.6600,USD,25598,2026-06-29
CRD_AB903AFCBCE64F1B90B8,SCRYDEX_JP,GRADED,10,,,59646,2026-06-29
CRD_AB903AFCBCE64F1B90B8,SCRYDEX_JP,GRADED,9,,,17255,2026-06-29
CRD_AB903AFCBCE64F1B90B8,SCRYDEX_JP,RAW,,6.8900,USD,10586,2026-06-29
CRD_ABA7DEE8174B496492CB,SCRYDEX_EN,RAW,,2.9000,USD,4435,2026-06-05
CRD_ABA7DEE8174B496492CB,SCRYDEX_JP,GRADED,10,,,48568,2026-06-29
CRD_ABA7DEE8174B496492CB,SCRYDEX_JP,GRADED,9,,,12276,2026-06-29
CRD_ABA7DEE8174B496492CB,SCRYDEX_JP,RAW,,3.3700,USD,5178,2026-06-29
CRD_ABB1F47733574B969DF6,SCRYDEX_EN,RAW,,13.8000,USD,21105,2026-06-05
CRD_ABB1F47733574B969DF6,SCRYDEX_JP,GRADED,10,,,65961,2026-06-29
CRD_ABB1F47733574B969DF6,SCRYDEX_JP,GRADED,9,,,33541,2026-06-29
CRD_ABB1F47733574B969DF6,SCRYDEX_JP,RAW,,5.2500,USD,8067,2026-06-29
CRD_ABB584CF354344D0820F,SCRYDEX_EN,RAW,,6.1300,USD,9375,2026-06-05
CRD_ABB584CF354344D0820F,SCRYDEX_JP,GRADED,10,,,94048,2026-06-29
CRD_ABB584CF354344D0820F,SCRYDEX_JP,GRADED,9,,,45096,2026-06-29
CRD_ABB584CF354344D0820F,SCRYDEX_JP,RAW,,5.0400,USD,7744,2026-06-29
CRD_ABB9C24219D047ECAF3A,SCRYDEX_EN,RAW,,30.4200,USD,46740,2026-06-29
CRD_ABB9C24219D047ECAF3A,SCRYDEX_JP,GRADED,10,,,112086,2026-06-29
CRD_ABB9C24219D047ECAF3A,SCRYDEX_JP,GRADED,9,,,42576,2026-06-29
CRD_ABB9C24219D047ECAF3A,SCRYDEX_JP,RAW,,11.3400,USD,17424,2026-06-29
CRD_ABBEF153A31344B5ACCA,SCRYDEX_EN,RAW,,6.9700,USD,10660,2026-06-05
CRD_ABBEF153A31344B5ACCA,SCRYDEX_JP,GRADED,10,,,81034,2026-06-29
CRD_ABBEF153A31344B5ACCA,SCRYDEX_JP,GRADED,9,,,25567,2026-06-29
CRD_ABBEF153A31344B5ACCA,SCRYDEX_JP,RAW,,4.9300,USD,7575,2026-06-29
CRD_ABC8E286EC2E4320896C,SCRYDEX_EN,RAW,,2.2500,USD,3441,2026-06-05
CRD_ABC8E286EC2E4320896C,SCRYDEX_JP,GRADED,10,,,50934,2026-06-29
CRD_ABC8E286EC2E4320896C,SCRYDEX_JP,GRADED,9,,,13828,2026-06-29
CRD_ABC8E286EC2E4320896C,SCRYDEX_JP,RAW,,1.9100,USD,2935,2026-06-29
CRD_ABD8EEE619A649568E06,SCRYDEX_EN,RAW,,1.4600,USD,2233,2026-06-05
CRD_ABD8EEE619A649568E06,SCRYDEX_JP,GRADED,10,,,101853,2026-06-29
CRD_ABD8EEE619A649568E06,SCRYDEX_JP,GRADED,9,,,24584,2026-06-29
CRD_ABD8EEE619A649568E06,SCRYDEX_JP,RAW,,1.6100,USD,2474,2026-06-29
CRD_ABED7ECAA2C04766839E,SCRYDEX_EN,RAW,,3.1700,USD,4848,2026-06-05
CRD_ABF0EE72A9DD496393D1,SCRYDEX_EN,RAW,,16.7900,USD,25797,2026-06-29
CRD_ABF0EE72A9DD496393D1,SCRYDEX_JP,GRADED,10,,,89623,2026-06-29
CRD_ABF0EE72A9DD496393D1,SCRYDEX_JP,GRADED,9,,,33818,2026-06-29
CRD_ABF0EE72A9DD496393D1,SCRYDEX_JP,RAW,,9.2200,USD,14166,2026-06-29
CRD_AC0AC7D11535301B11B2,SCRYDEX_JP,RAW,,2.0400,USD,3134,2026-06-29
CRD_AC159F45A9C945968FF3,SCRYDEX_EN,RAW,,24.5400,USD,37531,2026-06-05
CRD_AC159F45A9C945968FF3,SCRYDEX_JP,GRADED,10,,,425559,2026-06-29
CRD_AC159F45A9C945968FF3,SCRYDEX_JP,GRADED,9,,,108568,2026-06-29
CRD_AC3606B6DD67461CB745,SCRYDEX_EN,RAW,,22.3600,USD,34197,2026-06-05
CRD_AC3606B6DD67461CB745,SCRYDEX_JP,GRADED,10,,,151697,2026-06-29
CRD_AC3606B6DD67461CB745,SCRYDEX_JP,GRADED,9,,,54468,2026-06-29
CRD_AC3606B6DD67461CB745,SCRYDEX_JP,RAW,,15.0700,USD,23155,2026-06-29
CRD_AC43601EF1034C02924D,SCRYDEX_EN,RAW,,17.2100,USD,26443,2026-06-29
CRD_AC43601EF1034C02924D,SCRYDEX_JP,GRADED,10,,,62535,2026-06-29
CRD_AC43601EF1034C02924D,SCRYDEX_JP,GRADED,9,,,26412,2026-06-29
CRD_AC43601EF1034C02924D,SCRYDEX_JP,RAW,,4.8400,USD,7437,2026-06-29
CRD_AC463A6E41054C3A8E71,SCRYDEX_EN,RAW,,5.7400,USD,8779,2026-06-05
CRD_AC463A6E41054C3A8E71,SCRYDEX_JP,GRADED,10,,,65792,2026-06-29
CRD_AC463A6E41054C3A8E71,SCRYDEX_JP,GRADED,9,,,10771,2026-06-29
CRD_AC463A6E41054C3A8E71,SCRYDEX_JP,RAW,,2.6200,USD,4026,2026-06-29
CRD_AC4EB0CDE09A4473820C,SCRYDEX_EN,RAW,,42.9000,USD,65915,2026-06-29
CRD_AC4EB0CDE09A4473820C,SCRYDEX_JP,GRADED,10,,,101131,2026-06-29
CRD_AC4EB0CDE09A4473820C,SCRYDEX_JP,GRADED,9,,,60860,2026-06-29
CRD_AC4EB0CDE09A4473820C,SCRYDEX_JP,RAW,,29.2500,USD,44942,2026-06-29
CRD_AC527895530B79F45DDE,SCRYDEX_JP,RAW,,10.9100,USD,16763,2026-06-29
CRD_AC613BBC6EE14C01A490,SCRYDEX_EN,RAW,,4.3100,USD,6592,2026-06-05
CRD_AC613BBC6EE14C01A490,SCRYDEX_JP,GRADED,10,,,55482,2026-06-29
CRD_AC613BBC6EE14C01A490,SCRYDEX_JP,GRADED,9,,,33618,2026-06-29
CRD_AC613BBC6EE14C01A490,SCRYDEX_JP,RAW,,2.3900,USD,3672,2026-06-29
CRD_AC64EB9FF98F4DD68A0B,SCRYDEX_EN,RAW,,0.6500,USD,994,2026-06-05
CRD_AC64EB9FF98F4DD68A0B,SCRYDEX_JP,GRADED,10,,,99871,2026-06-29
CRD_AC64EB9FF98F4DD68A0B,SCRYDEX_JP,RAW,,2.0000,USD,3073,2026-06-29
CRD_AC75F54F4CA8440381E1,SCRYDEX_EN,RAW,,11.5700,USD,17777,2026-06-29
CRD_AC75F54F4CA8440381E1,SCRYDEX_JP,GRADED,10,,,55836,2026-06-29
CRD_AC75F54F4CA8440381E1,SCRYDEX_JP,GRADED,9,,,22233,2026-06-29
CRD_AC75F54F4CA8440381E1,SCRYDEX_JP,RAW,,3.4800,USD,5347,2026-06-29
CRD_AC9AF80490804185A362,SCRYDEX_EN,RAW,,9.7000,USD,14904,2026-06-29
CRD_AC9AF80490804185A362,SCRYDEX_JP,GRADED,10,,,230457,2026-06-29
CRD_AC9AF80490804185A362,SCRYDEX_JP,RAW,,57000.0000,KRW,57000,2026-06-29
CRD_AC9F89AB71524BC4AD8B,SCRYDEX_EN,RAW,,26.5200,USD,40747,2026-06-29
CRD_AC9F89AB71524BC4AD8B,SCRYDEX_JP,GRADED,10,,,140127,2026-06-29
CRD_AC9F89AB71524BC4AD8B,SCRYDEX_JP,GRADED,9,,,42007,2026-06-29
CRD_AC9F89AB71524BC4AD8B,SCRYDEX_JP,RAW,,18.6300,USD,28625,2026-06-29
CRD_ACAF140D77EEE16424E1,SCRYDEX_EN,RAW,,32.9100,USD,50566,2026-06-29
CRD_ACAF140D77EEE16424E1,SCRYDEX_JP,GRADED,10,,,56496,2026-06-29
CRD_ACAF140D77EEE16424E1,SCRYDEX_JP,GRADED,9,,,31882,2026-06-29
CRD_ACAF140D77EEE16424E1,SCRYDEX_JP,RAW,,4.8700,USD,7483,2026-06-29
CRD_ACB87F5FA19140FD900F,SCRYDEX_EN,RAW,,7.5200,USD,11501,2026-06-05
CRD_ACB87F5FA19140FD900F,SCRYDEX_JP,GRADED,10,,,158073,2026-06-29
CRD_ACB87F5FA19140FD900F,SCRYDEX_JP,GRADED,9,,,50704,2026-06-29
CRD_ACB87F5FA19140FD900F,SCRYDEX_JP,RAW,,35.0000,USD,53777,2026-06-29
CRD_ACB8A5DF94244A189395,SCRYDEX_EN,RAW,,5.0500,USD,7723,2026-06-05
CRD_ACB8A5DF94244A189395,SCRYDEX_JP,GRADED,10,,,54484,2026-06-29
CRD_ACB8A5DF94244A189395,SCRYDEX_JP,GRADED,9,,,29777,2026-06-29
CRD_ACB8A5DF94244A189395,SCRYDEX_JP,RAW,,4.1600,USD,6392,2026-06-29
CRD_ACC142C26F114994836D,SCRYDEX_EN,RAW,,15.8900,USD,24415,2026-06-29
CRD_ACC142C26F114994836D,SCRYDEX_JP,GRADED,10,,,108045,2026-06-29
CRD_ACC142C26F114994836D,SCRYDEX_JP,GRADED,9,,,33710,2026-06-29
CRD_ACC142C26F114994836D,SCRYDEX_JP,RAW,,14.5400,USD,22340,2026-06-29
CRD_ACE083AA03F94FF58441,SCRYDEX_EN,RAW,,1.6000,USD,2447,2026-06-05
CRD_ACE083AA03F94FF58441,SCRYDEX_JP,GRADED,10,,,47416,2026-06-29
CRD_ACE083AA03F94FF58441,SCRYDEX_JP,GRADED,9,,,19037,2026-06-29
CRD_ACE083AA03F94FF58441,SCRYDEX_JP,RAW,,0.6900,USD,1060,2026-06-29
CRD_ACE1406D88444132AE41,SCRYDEX_EN,RAW,,329.1800,USD,503438,2026-06-05
CRD_ACE1406D88444132AE41,SCRYDEX_JP,GRADED,10,,,3998643,2026-06-29
CRD_ACE1406D88444132AE41,SCRYDEX_JP,GRADED,9,,,661455,2026-06-29
CRD_ACE1406D88444132AE41,SCRYDEX_JP,RAW,,456000.0000,KRW,456000,2026-06-29
CRD_ACF61B33CDD24476B1C0,SCRYDEX_EN,RAW,,20.9800,USD,32235,2026-06-29
CRD_ACF61B33CDD24476B1C0,SCRYDEX_JP,GRADED,10,,,82955,2026-06-29
CRD_ACF61B33CDD24476B1C0,SCRYDEX_JP,GRADED,9,,,26888,2026-06-29
CRD_ACF61B33CDD24476B1C0,SCRYDEX_JP,RAW,,10.2200,USD,15703,2026-06-29
CRD_AD5DBA8969314EA6A9F3,SCRYDEX_EN,RAW,,2.2200,USD,3411,2026-06-29
CRD_AD5DBA8969314EA6A9F3,SCRYDEX_JP,GRADED,10,,,76809,2026-06-29
CRD_AD5DBA8969314EA6A9F3,SCRYDEX_JP,RAW,,3.4000,USD,5224,2026-06-29
CRD_AD6115AF78224218ACF6,SCRYDEX_EN,RAW,,15.1500,USD,23278,2026-06-29
CRD_AD6115AF78224218ACF6,SCRYDEX_JP,GRADED,10,,,94048,2026-06-29
CRD_AD6115AF78224218ACF6,SCRYDEX_JP,GRADED,9,,,22248,2026-06-29
CRD_AD6115AF78224218ACF6,SCRYDEX_JP,RAW,,8.4300,USD,12953,2026-06-29
CRD_AD847DF3679D4F45A446,SCRYDEX_EN,RAW,,0.7000,USD,1071,2026-06-05
CRD_AD847DF3679D4F45A446,SCRYDEX_JP,GRADED,10,,,23047,2026-06-29
CRD_AD847DF3679D4F45A446,SCRYDEX_JP,RAW,,0.8800,USD,1352,2026-06-29
CRD_AD8BBF65FE79434B9A17,SCRYDEX_EN,RAW,,3.7300,USD,5705,2026-06-05
CRD_AD8BBF65FE79434B9A17,SCRYDEX_JP,GRADED,10,,,42023,2026-06-29
CRD_AD8BBF65FE79434B9A17,SCRYDEX_JP,RAW,,1.0600,USD,1629,2026-06-29
CRD_AD8D9A5B43C24CB6A5F9,SCRYDEX_EN,RAW,,23.4000,USD,35954,2026-06-29
CRD_AD8D9A5B43C24CB6A5F9,SCRYDEX_JP,GRADED,10,,,102545,2026-06-29
CRD_AD8D9A5B43C24CB6A5F9,SCRYDEX_JP,GRADED,9,,,26458,2026-06-29
CRD_AD8D9A5B43C24CB6A5F9,SCRYDEX_JP,RAW,,10.0800,USD,15488,2026-06-29
CRD_AD994D529D6E47C2B93E,SCRYDEX_EN,RAW,,8.3900,USD,12891,2026-06-27
CRD_AD994D529D6E47C2B93E,SCRYDEX_JP,GRADED,10,,,63195,2026-06-29
CRD_AD994D529D6E47C2B93E,SCRYDEX_JP,GRADED,9,,,31406,2026-06-29
CRD_AD994D529D6E47C2B93E,SCRYDEX_JP,RAW,,4.7600,USD,7314,2026-06-29
CRD_AD9A574810174B64B773,SCRYDEX_EN,RAW,,178.2200,USD,273831,2026-06-29
CRD_AD9A574810174B64B773,SCRYDEX_JP,GRADED,10,,,448621,2026-06-29
CRD_AD9A574810174B64B773,SCRYDEX_JP,GRADED,9,,,220546,2026-06-29
CRD_AD9A574810174B64B773,SCRYDEX_JP,RAW,,149.9800,USD,230441,2026-06-29
CRD_ADB6937D5829468DB1AF,SCRYDEX_EN,RAW,,5.8500,USD,8988,2026-06-27
CRD_ADB6937D5829468DB1AF,SCRYDEX_JP,GRADED,10,,,78268,2026-06-29
CRD_ADB6937D5829468DB1AF,SCRYDEX_JP,GRADED,9,,,30730,2026-06-29
CRD_ADB6937D5829468DB1AF,SCRYDEX_JP,RAW,,3.5700,USD,5485,2026-06-29
CRD_ADBCD39DE57C43EFADAA,SCRYDEX_EN,RAW,,5.7500,USD,8794,2026-06-05
CRD_ADBCD39DE57C43EFADAA,SCRYDEX_JP,GRADED,10,,,44036,2026-06-29
CRD_ADBCD39DE57C43EFADAA,SCRYDEX_JP,RAW,,7.9100,USD,12154,2026-06-29
CRD_ADDEC4B6D7EC4C7FA90E,SCRYDEX_EN,RAW,,42.8300,USD,65807,2026-06-29
CRD_ADDEC4B6D7EC4C7FA90E,SCRYDEX_JP,GRADED,10,,,351731,2026-06-29
CRD_ADDEC4B6D7EC4C7FA90E,SCRYDEX_JP,GRADED,9,,,74596,2026-06-29
CRD_ADDEC4B6D7EC4C7FA90E,SCRYDEX_JP,RAW,,35.9400,USD,55221,2026-06-29
CRD_ADE314545C9C40C2BE9D,SCRYDEX_EN,RAW,,2.5700,USD,3930,2026-06-05
CRD_ADE314545C9C40C2BE9D,SCRYDEX_JP,GRADED,10,,,47262,2026-06-29
CRD_ADE314545C9C40C2BE9D,SCRYDEX_JP,GRADED,9,,,38412,2026-06-29
CRD_ADE314545C9C40C2BE9D,SCRYDEX_JP,RAW,,2.9500,USD,4533,2026-06-29
CRD_ADEEB51643EF48499D9B,SCRYDEX_EN,RAW,,1.5700,USD,2401,2026-06-05
CRD_ADEEB51643EF48499D9B,SCRYDEX_JP,GRADED,10,,,66668,2026-06-29
CRD_ADEEB51643EF48499D9B,SCRYDEX_JP,RAW,,1.5600,USD,2397,2026-06-29
CRD_ADFC6A38AABB4ACE85F4,SCRYDEX_EN,RAW,,20.8900,USD,32097,2026-06-29
CRD_ADFC6A38AABB4ACE85F4,SCRYDEX_JP,GRADED,10,,,69925,2026-06-29
CRD_ADFC6A38AABB4ACE85F4,SCRYDEX_JP,GRADED,9,,,26566,2026-06-29
CRD_ADFC6A38AABB4ACE85F4,SCRYDEX_JP,RAW,,13.4700,USD,20696,2026-06-29
CRD_ADFEF65AFEF8421CA287,SCRYDEX_EN,RAW,,2.1000,USD,3212,2026-06-05
CRD_ADFEF65AFEF8421CA287,SCRYDEX_JP,GRADED,10,,,37091,2026-06-29
CRD_ADFEF65AFEF8421CA287,SCRYDEX_JP,RAW,,1.2200,USD,1875,2026-06-29
CRD_AE113DCC3BAE4D84AB6A,SCRYDEX_EN,RAW,,28.2300,USD,43375,2026-06-29
CRD_AE113DCC3BAE4D84AB6A,SCRYDEX_JP,GRADED,10,,,1450176,2026-06-29
CRD_AE113DCC3BAE4D84AB6A,SCRYDEX_JP,GRADED,9,,,187558,2026-06-29
CRD_AE113DCC3BAE4D84AB6A,SCRYDEX_JP,RAW,,73.3300,USD,112670,2026-06-29
CRD_AE252DCBF6FA4506ACCD,SCRYDEX_EN,RAW,,0.6300,USD,964,2026-06-05
CRD_AE252DCBF6FA4506ACCD,SCRYDEX_JP,GRADED,10,,,44512,2026-06-28
CRD_AE252DCBF6FA4506ACCD,SCRYDEX_JP,RAW,,0.3600,USD,553,2026-06-28
CRD_AE2BFD3AB7764907BA33,SCRYDEX_EN,RAW,,5.7100,USD,8733,2026-06-05
CRD_AE2BFD3AB7764907BA33,SCRYDEX_JP,RAW,,4.0900,USD,6284,2026-06-29
CRD_AE3C75BE92214FE9ACBD,SCRYDEX_EN,RAW,,97.8800,USD,149695,2026-06-05
CRD_AE3C75BE92214FE9ACBD,SCRYDEX_JP,GRADED,10,,,1018640,2026-06-29
CRD_AE3C75BE92214FE9ACBD,SCRYDEX_JP,GRADED,9,,,268976,2026-06-29
CRD_AE3C75BE92214FE9ACBD,SCRYDEX_JP,RAW,,760000.0000,KRW,760000,2026-06-29
CRD_AE75FE8F2FF5446B86CF,SCRYDEX_EN,RAW,,7.0700,USD,10813,2026-06-05
CRD_AE75FE8F2FF5446B86CF,SCRYDEX_JP,GRADED,10,,,39841,2026-06-29
CRD_AE75FE8F2FF5446B86CF,SCRYDEX_JP,RAW,,8.8200,USD,13552,2026-06-29
CRD_AE793A5668C14BE9A305,SCRYDEX_EN,RAW,,0.5800,USD,891,2026-06-29
CRD_AE83ACAA6B9D4A4996BD,SCRYDEX_EN,RAW,,4.0600,USD,6209,2026-06-05
CRD_AE83ACAA6B9D4A4996BD,SCRYDEX_JP,GRADED,10,,,24584,2026-06-29
CRD_AE83ACAA6B9D4A4996BD,SCRYDEX_JP,RAW,,5.3600,USD,8236,2026-06-29
CRD_AEDD3F6DAB77462C84BA,SCRYDEX_EN,RAW,,2.5100,USD,3839,2026-06-05
CRD_AEDD3F6DAB77462C84BA,SCRYDEX_JP,GRADED,10,,,48722,2026-06-29
CRD_AEDD3F6DAB77462C84BA,SCRYDEX_JP,GRADED,9,,,18438,2026-06-29
CRD_AEDD3F6DAB77462C84BA,SCRYDEX_JP,RAW,,3.2600,USD,5009,2026-06-29
CRD_AEDD96FFA5A84E749D76,SCRYDEX_EN,RAW,,33.5200,USD,51264,2026-06-05
CRD_AEDD96FFA5A84E749D76,SCRYDEX_JP,GRADED,10,,,487940,2026-06-29
CRD_AEDD96FFA5A84E749D76,SCRYDEX_JP,RAW,,14.5000,USD,22279,2026-06-29
CRD_AF1FDA799C6143DFA5A9,SCRYDEX_EN,RAW,,19.5200,USD,29853,2026-06-05
CRD_AF1FDA799C6143DFA5A9,SCRYDEX_JP,GRADED,9,,,104358,2026-06-29
CRD_AF1FDA799C6143DFA5A9,SCRYDEX_JP,RAW,,19.9900,USD,30714,2026-06-29
CRD_AF23FC89109141A7AAF7,SCRYDEX_EN,RAW,,0.8400,USD,1285,2026-06-05
CRD_AF3062D3422A407D9A65,SCRYDEX_EN,RAW,,392.0700,USD,602408,2026-06-29
CRD_AF3062D3422A407D9A65,SCRYDEX_JP,GRADED,10,,,1022650,2026-06-29
CRD_AF3062D3422A407D9A65,SCRYDEX_JP,GRADED,9,,,389021,2026-06-29
CRD_AF3062D3422A407D9A65,SCRYDEX_JP,RAW,,248.1400,USD,381262,2026-06-29
CRD_AF3164F375854354B2F4,SCRYDEX_EN,RAW,,79.7200,USD,122488,2026-06-29
CRD_AF3164F375854354B2F4,SCRYDEX_JP,GRADED,10,,,145735,2026-06-29
CRD_AF3164F375854354B2F4,SCRYDEX_JP,GRADED,9,,,45173,2026-06-29
CRD_AF3164F375854354B2F4,SCRYDEX_JP,RAW,,31.0800,USD,47754,2026-06-29
CRD_AF4C346FDD977213161F,SCRYDEX_EN,RAW,,9.2800,USD,14259,2026-06-29
CRD_AF4C346FDD977213161F,SCRYDEX_JP,GRADED,10,,,55359,2026-06-29
CRD_AF4C346FDD977213161F,SCRYDEX_JP,GRADED,9,,,20727,2026-06-29
CRD_AF4C346FDD977213161F,SCRYDEX_JP,RAW,,3.4900,USD,5362,2026-06-29
CRD_AF50D7F7BF224CA6B856,SCRYDEX_EN,RAW,,9.1100,USD,13997,2026-06-29
CRD_AF50D7F7BF224CA6B856,SCRYDEX_JP,GRADED,10,,,60153,2026-06-29
CRD_AF50D7F7BF224CA6B856,SCRYDEX_JP,GRADED,9,,,7145,2026-06-29
CRD_AF50D7F7BF224CA6B856,SCRYDEX_JP,RAW,,7.3300,USD,11262,2026-06-29
CRD_AF533FDCBFB840229CB0,SCRYDEX_EN,RAW,,1.6700,USD,2554,2026-06-05
CRD_AF533FDCBFB840229CB0,SCRYDEX_JP,GRADED,10,,,43467,2026-06-29
CRD_AF533FDCBFB840229CB0,SCRYDEX_JP,GRADED,9,,,23493,2026-06-29
CRD_AF533FDCBFB840229CB0,SCRYDEX_JP,RAW,,1.3500,USD,2074,2026-06-29
CRD_AF5EB7BCF32F4A63B0D5,SCRYDEX_EN,RAW,,4.0100,USD,6133,2026-06-05
CRD_AF5EB7BCF32F4A63B0D5,SCRYDEX_JP,RAW,,6.0000,USD,9219,2026-06-29
CRD_AF6C72E18B814568BD91,SCRYDEX_EN,RAW,,70.3700,USD,108122,2026-06-29
CRD_AF6C72E18B814568BD91,SCRYDEX_JP,GRADED,10,,,331680,2026-06-29
CRD_AF6C72E18B814568BD91,SCRYDEX_JP,GRADED,9,,,72215,2026-06-29
CRD_AF6C72E18B814568BD91,SCRYDEX_JP,RAW,,31.1600,USD,47877,2026-06-29
CRD_AF75DCD7E11042F68065,SCRYDEX_EN,RAW,,19.4100,USD,29685,2026-06-05
CRD_AF75DCD7E11042F68065,SCRYDEX_JP,GRADED,10,,,199742,2026-06-29
CRD_AF75DCD7E11042F68065,SCRYDEX_JP,GRADED,9,,,53700,2026-06-29
CRD_AF75DCD7E11042F68065,SCRYDEX_JP,RAW,,19.9500,USD,30653,2026-06-29
CRD_AF8736ECE64947D5A57B,SCRYDEX_EN,RAW,,7.1500,USD,10935,2026-06-05
CRD_AF8736ECE64947D5A57B,SCRYDEX_JP,GRADED,10,,,76824,2026-06-29
CRD_AF8736ECE64947D5A57B,SCRYDEX_JP,RAW,,19950.0000,KRW,19950,2026-06-29
CRD_AF8F92C88D0B402AAEA9,SCRYDEX_EN,RAW,,8.4700,USD,13014,2026-06-29
CRD_AF8F92C88D0B402AAEA9,SCRYDEX_JP,GRADED,10,,,73290,2026-06-29
CRD_AF8F92C88D0B402AAEA9,SCRYDEX_JP,GRADED,9,,,23093,2026-06-29
CRD_AF8F92C88D0B402AAEA9,SCRYDEX_JP,RAW,,2.9400,USD,4517,2026-06-29
CRD_AF944BBA321248A08EBC,SCRYDEX_EN,RAW,,3.8400,USD,5873,2026-06-05
CRD_AF944BBA321248A08EBC,SCRYDEX_JP,GRADED,10,,,55114,2026-06-29
CRD_AF944BBA321248A08EBC,SCRYDEX_JP,GRADED,9,,,23201,2026-06-29
CRD_AF944BBA321248A08EBC,SCRYDEX_JP,RAW,,1.7100,USD,2627,2026-06-29
CRD_AF9E559EB5944BEFAAD8,SCRYDEX_EN,RAW,,8.7800,USD,13428,2026-06-05
CRD_AF9E559EB5944BEFAAD8,SCRYDEX_JP,GRADED,10,,,64394,2026-06-29
CRD_AF9E559EB5944BEFAAD8,SCRYDEX_JP,GRADED,9,,,32097,2026-06-29
CRD_AF9E559EB5944BEFAAD8,SCRYDEX_JP,RAW,,5.9800,USD,9188,2026-06-29
CRD_AFAA23E9034D48008DBB,SCRYDEX_EN,RAW,,3.4600,USD,5292,2026-06-05
CRD_AFAA23E9034D48008DBB,SCRYDEX_JP,GRADED,10,,,43206,2026-06-29
CRD_AFAA23E9034D48008DBB,SCRYDEX_JP,RAW,,2.9700,USD,4563,2026-06-29
CRD_AFB2E1221F7B49C4B30F,SCRYDEX_EN,RAW,,257.0100,USD,393063,2026-06-05
CRD_AFB2E1221F7B49C4B30F,SCRYDEX_JP,GRADED,10,,,2126335,2026-06-29
CRD_AFB2E1221F7B49C4B30F,SCRYDEX_JP,GRADED,9,,,614208,2026-06-29
CRD_AFBD5F78887542BAB486,SCRYDEX_EN,RAW,,17.7600,USD,27162,2026-06-05
CRD_AFBD5F78887542BAB486,SCRYDEX_JP,GRADED,10,,,515259,2026-06-29
CRD_AFBD5F78887542BAB486,SCRYDEX_JP,RAW,,40.0000,USD,61459,2026-06-29
CRD_AFD17D0FE9FF44FF8492,SCRYDEX_EN,RAW,,29.6400,USD,45541,2026-06-29
CRD_AFD17D0FE9FF44FF8492,SCRYDEX_JP,GRADED,10,,,136562,2026-06-29
CRD_AFD17D0FE9FF44FF8492,SCRYDEX_JP,GRADED,9,,,30791,2026-06-29
CRD_AFD17D0FE9FF44FF8492,SCRYDEX_JP,RAW,,19.9900,USD,30714,2026-06-29
CRD_AFD5B4C57E4049A59C23,SCRYDEX_EN,RAW,,16.8700,USD,25800,2026-06-05
CRD_AFD5B4C57E4049A59C23,SCRYDEX_JP,GRADED,10,,,296310,2026-06-29
CRD_AFD5B4C57E4049A59C23,SCRYDEX_JP,RAW,,20.9900,USD,32251,2026-06-29
CRD_AFEB8972DDD3469BB268,SCRYDEX_EN,RAW,,64.7900,USD,99549,2026-06-29
CRD_AFEB8972DDD3469BB268,SCRYDEX_JP,GRADED,10,,,288689,2026-06-29
CRD_AFEB8972DDD3469BB268,SCRYDEX_JP,GRADED,9,,,79021,2026-06-29
CRD_AFEB8972DDD3469BB268,SCRYDEX_JP,RAW,,37.0000,USD,56850,2026-06-29
CRD_B0077688E0674FEE8A14,SCRYDEX_EN,RAW,,5.7800,USD,8840,2026-06-05
CRD_B0077688E0674FEE8A14,SCRYDEX_JP,GRADED,10,,,151712,2026-06-29
CRD_B0077688E0674FEE8A14,SCRYDEX_JP,RAW,,6.4800,USD,9956,2026-06-29
CRD_B00F854C44414288BAFB,SCRYDEX_EN,RAW,,1.4400,USD,2202,2026-06-05
CRD_B00F854C44414288BAFB,SCRYDEX_JP,GRADED,10,,,51964,2026-06-29
CRD_B00F854C44414288BAFB,SCRYDEX_JP,GRADED,9,,,6146,2026-06-29
CRD_B00F854C44414288BAFB,SCRYDEX_JP,RAW,,1.2100,USD,1859,2026-06-29
CRD_B01199DFD87D423494E0,SCRYDEX_EN,RAW,,2.1300,USD,3258,2026-06-05
CRD_B01199DFD87D423494E0,SCRYDEX_JP,GRADED,10,,,60030,2026-06-29
CRD_B01199DFD87D423494E0,SCRYDEX_JP,RAW,,1.5600,USD,2397,2026-06-29
CRD_B02D8C31DB1A44969F52,SCRYDEX_EN,RAW,,123.4400,USD,188785,2026-06-05
CRD_B02D8C31DB1A44969F52,SCRYDEX_JP,GRADED,10,,,1691741,2026-06-29
CRD_B02D8C31DB1A44969F52,SCRYDEX_JP,GRADED,9,,,360335,2026-06-29
CRD_B02D8C31DB1A44969F52,SCRYDEX_JP,RAW,,665000.0000,KRW,665000,2026-06-29
CRD_B03010105C7A46FDAE73,SCRYDEX_EN,RAW,,2.5600,USD,3915,2026-06-05
CRD_B03010105C7A46FDAE73,SCRYDEX_JP,GRADED,10,,,54099,2026-06-29
CRD_B03010105C7A46FDAE73,SCRYDEX_JP,GRADED,9,,,25260,2026-06-29
CRD_B03010105C7A46FDAE73,SCRYDEX_JP,RAW,,2.1600,USD,3319,2026-06-29
CRD_B04734F496D84C34A6EA,SCRYDEX_EN,RAW,,2.5700,USD,3930,2026-06-05
CRD_B04734F496D84C34A6EA,SCRYDEX_JP,GRADED,10,,,76824,2026-06-29
CRD_B04734F496D84C34A6EA,SCRYDEX_JP,GRADED,9,,,33634,2026-06-29
CRD_B04734F496D84C34A6EA,SCRYDEX_JP,RAW,,7.8100,USD,12000,2026-06-29
CRD_B04BCC71D4004F4F96FC,SCRYDEX_EN,RAW,,1.3900,USD,2126,2026-06-05
CRD_B04BCC71D4004F4F96FC,SCRYDEX_JP,GRADED,10,,,46709,2026-06-29
CRD_B04BCC71D4004F4F96FC,SCRYDEX_JP,GRADED,9,,,15288,2026-06-29
CRD_B04BCC71D4004F4F96FC,SCRYDEX_JP,RAW,,0.4700,USD,722,2026-06-29
CRD_B050F893ACF545A0B78C,SCRYDEX_EN,RAW,,79.8400,USD,122673,2026-06-29
CRD_B050F893ACF545A0B78C,SCRYDEX_JP,GRADED,10,,,149361,2026-06-29
CRD_B050F893ACF545A0B78C,SCRYDEX_JP,GRADED,9,,,48076,2026-06-29
CRD_B050F893ACF545A0B78C,SCRYDEX_JP,RAW,,34.2400,USD,52609,2026-06-29
CRD_B05ED192EA914D9893FB,SCRYDEX_EN,RAW,,66.4100,USD,101565,2026-06-05
CRD_B05ED192EA914D9893FB,SCRYDEX_JP,GRADED,10,,,549000,2026-06-29
CRD_B05ED192EA914D9893FB,SCRYDEX_JP,GRADED,9,,,135164,2026-06-29
CRD_B05ED192EA914D9893FB,SCRYDEX_JP,RAW,,10450.0000,KRW,10450,2026-06-29
CRD_B0635A73D11746B0828B,SCRYDEX_EN,RAW,,16.4000,USD,25198,2026-06-29
CRD_B0635A73D11746B0828B,SCRYDEX_JP,GRADED,10,,,60353,2026-06-29
CRD_B0635A73D11746B0828B,SCRYDEX_JP,GRADED,9,,,29147,2026-06-29
CRD_B0635A73D11746B0828B,SCRYDEX_JP,RAW,,6.1200,USD,9403,2026-06-29
CRD_B06B18A181FB456ABDCB,SCRYDEX_EN,RAW,,4.1100,USD,6286,2026-06-05
CRD_B06B18A181FB456ABDCB,SCRYDEX_JP,GRADED,10,,,65546,2026-06-29
CRD_B06B18A181FB456ABDCB,SCRYDEX_JP,GRADED,9,,,20466,2026-06-29
CRD_B06B18A181FB456ABDCB,SCRYDEX_JP,RAW,,1.4900,USD,2289,2026-06-29
CRD_B071913DFA814921BA27,SCRYDEX_EN,RAW,,0.7500,USD,1147,2026-06-05
CRD_B071913DFA814921BA27,SCRYDEX_JP,GRADED,10,,,62781,2026-06-29
CRD_B071913DFA814921BA27,SCRYDEX_JP,RAW,,0.2400,USD,369,2026-06-29
CRD_B075334FB615451B877A,SCRYDEX_EN,RAW,,10.6100,USD,16302,2026-06-29
CRD_B075334FB615451B877A,SCRYDEX_JP,GRADED,10,,,76148,2026-06-29
CRD_B075334FB615451B877A,SCRYDEX_JP,GRADED,9,,,23616,2026-06-29
CRD_B075334FB615451B877A,SCRYDEX_JP,RAW,,3.9000,USD,5992,2026-06-29
CRD_B078B8FB2EB6415A85B6,SCRYDEX_EN,RAW,,77.4600,USD,119016,2026-06-29
CRD_B078B8FB2EB6415A85B6,SCRYDEX_JP,GRADED,10,,,149515,2026-06-29
CRD_B078B8FB2EB6415A85B6,SCRYDEX_JP,GRADED,9,,,55528,2026-06-29
CRD_B078B8FB2EB6415A85B6,SCRYDEX_JP,RAW,,17.3500,USD,26658,2026-06-29
CRD_B08CE2F4339B49479056,SCRYDEX_EN,RAW,,0.7300,USD,1116,2026-06-05
CRD_B08CE2F4339B49479056,SCRYDEX_JP,GRADED,10,,,18299,2026-06-29
CRD_B08CE2F4339B49479056,SCRYDEX_JP,GRADED,9,,,14597,2026-06-29
CRD_B08CE2F4339B49479056,SCRYDEX_JP,RAW,,0.3700,USD,568,2026-06-29
CRD_B0A1FB4261674D529764,SCRYDEX_EN,RAW,,11.8500,USD,18204,2026-06-18
CRD_B0A1FB4261674D529764,SCRYDEX_JP,GRADED,10,,,61782,2026-06-29
CRD_B0A1FB4261674D529764,SCRYDEX_JP,GRADED,9,,,16886,2026-06-29
CRD_B0A1FB4261674D529764,SCRYDEX_JP,RAW,,2.5800,USD,3964,2026-06-29
CRD_B0B1E680E6EB4FC091EE,SCRYDEX_EN,RAW,,21.7900,USD,33677,2026-06-07
CRD_B0B1E680E6EB4FC091EE,SCRYDEX_JP,GRADED,10,,,125976,2026-06-29
CRD_B0B1E680E6EB4FC091EE,SCRYDEX_JP,GRADED,9,,,30176,2026-06-29
CRD_B0B1E680E6EB4FC091EE,SCRYDEX_JP,RAW,,29.9900,USD,46079,2026-06-29
CRD_B0B8C5142F67A845B7A2,SCRYDEX_JP,GRADED,10,,,159563,2026-06-29
CRD_B0B8C5142F67A845B7A2,SCRYDEX_JP,GRADED,9,,,40425,2026-06-29
CRD_B0B8C5142F67A845B7A2,SCRYDEX_JP,RAW,,12.8400,USD,19728,2026-06-29
CRD_B0F2BB5C7F9B413AAF68,SCRYDEX_EN,RAW,,26.1900,USD,40240,2026-06-29
CRD_B0F2BB5C7F9B413AAF68,SCRYDEX_JP,GRADED,10,,,81725,2026-06-29
CRD_B0F2BB5C7F9B413AAF68,SCRYDEX_JP,GRADED,9,,,44988,2026-06-29
CRD_B0F2BB5C7F9B413AAF68,SCRYDEX_JP,RAW,,15.0400,USD,23109,2026-06-29
CRD_B0FE7331201C44AB8455,SCRYDEX_EN,RAW,,9.7500,USD,14911,2026-06-05
CRD_B0FE7331201C44AB8455,SCRYDEX_JP,GRADED,10,,,69971,2026-06-29
CRD_B0FE7331201C44AB8455,SCRYDEX_JP,GRADED,9,,,38919,2026-06-29
CRD_B0FE7331201C44AB8455,SCRYDEX_JP,RAW,,2.7100,USD,4164,2026-06-29
CRD_B11B7BA4E82A41EA95F8,SCRYDEX_EN,RAW,,50.9900,USD,78345,2026-06-29
CRD_B11B7BA4E82A41EA95F8,SCRYDEX_JP,GRADED,10,,,97367,2026-06-29
CRD_B11B7BA4E82A41EA95F8,SCRYDEX_JP,GRADED,9,,,33603,2026-06-29
CRD_B11B7BA4E82A41EA95F8,SCRYDEX_JP,RAW,,15.8200,USD,24307,2026-06-29
CRD_B1236C0C76BB4236BEB2,SCRYDEX_EN,RAW,,9.1800,USD,14105,2026-06-29
CRD_B1236C0C76BB4236BEB2,SCRYDEX_JP,GRADED,10,,,33050,2026-06-29
CRD_B1236C0C76BB4236BEB2,SCRYDEX_JP,RAW,,7.3900,USD,11355,2026-06-29
CRD_B124B687EC404C5FAC1B,SCRYDEX_EN,RAW,,55.2800,USD,84544,2026-06-05
CRD_B124B687EC404C5FAC1B,SCRYDEX_JP,GRADED,10,,,2546946,2026-06-29
CRD_B124B687EC404C5FAC1B,SCRYDEX_JP,GRADED,9,,,537768,2026-06-29
CRD_B124B687EC404C5FAC1B,SCRYDEX_JP,RAW,,50.0000,USD,76824,2026-06-29
CRD_B1266853754742B9AC64,SCRYDEX_EN,RAW,,1.8000,USD,2745,2026-06-13
CRD_B1266853754742B9AC64,SCRYDEX_JP,GRADED,10,,,37936,2026-06-29
CRD_B1266853754742B9AC64,SCRYDEX_JP,GRADED,9,,,11017,2026-06-29
CRD_B1266853754742B9AC64,SCRYDEX_JP,RAW,,0.3600,USD,553,2026-06-29
CRD_B13EADBBACFC415DBE7D,SCRYDEX_EN,RAW,,1.5200,USD,2325,2026-06-05
CRD_B13EADBBACFC415DBE7D,SCRYDEX_JP,GRADED,10,,,52056,2026-06-29
CRD_B13EADBBACFC415DBE7D,SCRYDEX_JP,GRADED,9,,,30100,2026-06-29
CRD_B13EADBBACFC415DBE7D,SCRYDEX_JP,RAW,,0.7300,USD,1122,2026-06-29
CRD_B158EA20CC184AF1B925,SCRYDEX_EN,RAW,,372.5700,USD,572446,2026-06-29
CRD_B158EA20CC184AF1B925,SCRYDEX_JP,GRADED,10,,,1059326,2026-06-29
CRD_B158EA20CC184AF1B925,SCRYDEX_JP,GRADED,9,,,221714,2026-06-29
CRD_B158EA20CC184AF1B925,SCRYDEX_JP,RAW,,200.0000,USD,307296,2026-06-29
CRD_B1643D67B83E4EC5B075,SCRYDEX_EN,RAW,,5.1700,USD,7915,2026-06-21
CRD_B1643D67B83E4EC5B075,SCRYDEX_JP,GRADED,10,,,8435,2026-06-29
CRD_B1643D67B83E4EC5B075,SCRYDEX_JP,RAW,,5.9900,USD,9204,2026-06-29
CRD_B165190D31814511A5A8,SCRYDEX_EN,RAW,,18.4800,USD,28394,2026-06-29
CRD_B165190D31814511A5A8,SCRYDEX_JP,GRADED,10,,,73321,2026-06-29
CRD_B165190D31814511A5A8,SCRYDEX_JP,GRADED,9,,,26888,2026-06-29
CRD_B165190D31814511A5A8,SCRYDEX_JP,RAW,,5.4300,USD,8343,2026-06-29
CRD_B166C14DF6864745B219,SCRYDEX_JP,GRADED,10,,,13075,2026-06-29
CRD_B166C14DF6864745B219,SCRYDEX_JP,GRADED,9,,,18438,2026-06-29
CRD_B166C14DF6864745B219,SCRYDEX_JP,RAW,,0.8100,USD,1245,2026-06-29
CRD_B16E4806EF614E799EA1,SCRYDEX_EN,RAW,,15.3100,USD,23415,2026-06-05
CRD_B16E4806EF614E799EA1,SCRYDEX_JP,GRADED,10,,,402573,2026-06-29
CRD_B16E4806EF614E799EA1,SCRYDEX_JP,GRADED,9,,,84506,2026-06-29
CRD_B16E4806EF614E799EA1,SCRYDEX_JP,RAW,,15.0000,USD,23047,2026-06-29
CRD_B176ED9CB33B457593A4,SCRYDEX_EN,RAW,,2.4500,USD,3747,2026-06-05
CRD_B176ED9CB33B457593A4,SCRYDEX_JP,GRADED,10,,,47692,2026-06-29
CRD_B176ED9CB33B457593A4,SCRYDEX_JP,RAW,,0.7100,USD,1091,2026-06-29
CRD_B18DDE8C20D645DDA16E,SCRYDEX_EN,RAW,,32.0200,USD,49198,2026-06-29
CRD_B18DDE8C20D645DDA16E,SCRYDEX_JP,GRADED,10,,,63933,2026-06-29
CRD_B18DDE8C20D645DDA16E,SCRYDEX_JP,GRADED,9,,,31052,2026-06-29
CRD_B18DDE8C20D645DDA16E,SCRYDEX_JP,RAW,,21.8700,USD,33603,2026-06-29
CRD_B18EB4936D3D4C3C8F78,SCRYDEX_EN,RAW,,4.8600,USD,7467,2026-06-29
CRD_B18EB4936D3D4C3C8F78,SCRYDEX_JP,GRADED,10,,,30730,2026-06-29
CRD_B18EB4936D3D4C3C8F78,SCRYDEX_JP,RAW,,4.9900,USD,7667,2026-06-29
CRD_B195304202EC48F1BD65,SCRYDEX_EN,RAW,,29.2400,USD,44927,2026-06-29
CRD_B195304202EC48F1BD65,SCRYDEX_JP,GRADED,10,,,45280,2026-06-29
CRD_B195304202EC48F1BD65,SCRYDEX_JP,GRADED,9,,,25705,2026-06-29
CRD_B195304202EC48F1BD65,SCRYDEX_JP,RAW,,9.6200,USD,14781,2026-06-29
CRD_B1A5D7C5C507422DA40C,SCRYDEX_EN,RAW,,5.7800,USD,8840,2026-06-05
CRD_B1A5D7C5C507422DA40C,SCRYDEX_JP,GRADED,10,,,82509,2026-06-29
CRD_B1A5D7C5C507422DA40C,SCRYDEX_JP,GRADED,9,,,21465,2026-06-29
CRD_B1A5D7C5C507422DA40C,SCRYDEX_JP,RAW,,3.5300,USD,5424,2026-06-29
CRD_B1BA8BA294224C83B570,SCRYDEX_EN,RAW,,222.7100,USD,342189,2026-06-29
CRD_B1BA8BA294224C83B570,SCRYDEX_JP,GRADED,10,,,760865,2026-06-29
CRD_B1BA8BA294224C83B570,SCRYDEX_JP,GRADED,9,,,369861,2026-06-29
CRD_B1BA8BA294224C83B570,SCRYDEX_JP,RAW,,119.2600,USD,183241,2026-06-29
CRD_B1D0E95D6A764E54A4F3,SCRYDEX_EN,RAW,,1.1700,USD,1789,2026-06-05
CRD_B1D0E95D6A764E54A4F3,SCRYDEX_JP,GRADED,10,,,61244,2026-06-29
CRD_B1D0E95D6A764E54A4F3,SCRYDEX_JP,GRADED,9,,,76578,2026-06-29
CRD_B1D0E95D6A764E54A4F3,SCRYDEX_JP,RAW,,0.3800,USD,584,2026-06-29
CRD_B1DFD3C3E5BB4423BF03,SCRYDEX_EN,RAW,,2.1700,USD,3319,2026-06-05
CRD_B20942F08E184FD3AC9C,SCRYDEX_EN,RAW,,22.2700,USD,34217,2026-06-29
CRD_B20942F08E184FD3AC9C,SCRYDEX_JP,GRADED,10,,,76855,2026-06-28
CRD_B20942F08E184FD3AC9C,SCRYDEX_JP,GRADED,9,,,36199,2026-06-28
CRD_B20942F08E184FD3AC9C,SCRYDEX_JP,RAW,,8.7600,USD,13460,2026-06-28
CRD_B21ED14E9FF94FF4BBB5,SCRYDEX_EN,RAW,,0.7000,USD,1071,2026-06-05
CRD_B21ED14E9FF94FF4BBB5,SCRYDEX_JP,GRADED,10,,,42438,2026-06-29
CRD_B21ED14E9FF94FF4BBB5,SCRYDEX_JP,GRADED,9,,,13828,2026-06-29
CRD_B21ED14E9FF94FF4BBB5,SCRYDEX_JP,RAW,,0.3900,USD,599,2026-06-29
CRD_B2248FE3EAB34F918B7C,SCRYDEX_EN,RAW,,1.3000,USD,1988,2026-06-05
CRD_B2248FE3EAB34F918B7C,SCRYDEX_JP,GRADED,10,,,50704,2026-06-29
CRD_B2248FE3EAB34F918B7C,SCRYDEX_JP,RAW,,0.7600,USD,1168,2026-06-29
CRD_B2272D4D776044FE9ABF,SCRYDEX_EN,RAW,,1.5700,USD,2401,2026-06-05
CRD_B2272D4D776044FE9ABF,SCRYDEX_JP,GRADED,10,,,113377,2026-06-29
CRD_B2272D4D776044FE9ABF,SCRYDEX_JP,GRADED,9,,,36368,2026-06-29
CRD_B2272D4D776044FE9ABF,SCRYDEX_JP,RAW,,0.7000,USD,1076,2026-06-29
CRD_B249F6023816421B9E82,SCRYDEX_EN,RAW,,35.9200,USD,55190,2026-06-29
CRD_B249F6023816421B9E82,SCRYDEX_JP,GRADED,10,,,130555,2026-06-29
CRD_B249F6023816421B9E82,SCRYDEX_JP,GRADED,9,,,36829,2026-06-29
CRD_B249F6023816421B9E82,SCRYDEX_JP,RAW,,21.6400,USD,33249,2026-06-29
CRD_B24FB59D3B834314A57B,SCRYDEX_EN,RAW,,16.9400,USD,26028,2026-06-29
CRD_B24FB59D3B834314A57B,SCRYDEX_JP,GRADED,10,,,77807,2026-06-29
CRD_B24FB59D3B834314A57B,SCRYDEX_JP,GRADED,9,,,33019,2026-06-29
CRD_B24FB59D3B834314A57B,SCRYDEX_JP,RAW,,13.7700,USD,21157,2026-06-29
CRD_B24FEAA15B354EE7A819,SCRYDEX_EN,RAW,,3.9300,USD,6010,2026-06-05
CRD_B24FEAA15B354EE7A819,SCRYDEX_JP,GRADED,10,,,53377,2026-06-29
CRD_B24FEAA15B354EE7A819,SCRYDEX_JP,GRADED,9,,,22340,2026-06-29
CRD_B24FEAA15B354EE7A819,SCRYDEX_JP,RAW,,2.8200,USD,4333,2026-06-29
CRD_B253550B1F2740F395BE,SCRYDEX_EN,RAW,,1.9100,USD,2921,2026-06-05
CRD_B253550B1F2740F395BE,SCRYDEX_JP,GRADED,10,,,54253,2026-06-29
CRD_B253550B1F2740F395BE,SCRYDEX_JP,RAW,,0.8100,USD,1245,2026-06-29
CRD_B270EBD54E8C47AF8BA8,SCRYDEX_EN,RAW,,7.6100,USD,11639,2026-06-05
CRD_B270EBD54E8C47AF8BA8,SCRYDEX_JP,GRADED,10,,,98919,2026-06-29
CRD_B270EBD54E8C47AF8BA8,SCRYDEX_JP,GRADED,9,,,41977,2026-06-29
CRD_B270EBD54E8C47AF8BA8,SCRYDEX_JP,RAW,,20.0200,USD,30760,2026-06-29
CRD_B27CE1319A204E919650,SCRYDEX_EN,RAW,,0.8500,USD,1300,2026-06-05
CRD_B27CE1319A204E919650,SCRYDEX_JP,GRADED,10,,,29470,2026-06-29
CRD_B27CE1319A204E919650,SCRYDEX_JP,RAW,,0.5000,USD,768,2026-06-29
CRD_B27EE9CB54BE42CFB26C,SCRYDEX_EN,RAW,,1.5700,USD,2401,2026-06-05
CRD_B27EE9CB54BE42CFB26C,SCRYDEX_JP,GRADED,10,,,13828,2026-06-29
CRD_B27EE9CB54BE42CFB26C,SCRYDEX_JP,RAW,,2.3100,USD,3549,2026-06-29
CRD_B28E6145CF994B09905F,SCRYDEX_EN,RAW,,126.4800,USD,194334,2026-06-29
CRD_B28E6145CF994B09905F,SCRYDEX_JP,GRADED,10,,,296264,2026-06-29
CRD_B28E6145CF994B09905F,SCRYDEX_JP,GRADED,9,,,193013,2026-06-29
CRD_B28E6145CF994B09905F,SCRYDEX_JP,RAW,,87.5500,USD,134519,2026-06-29
CRD_B294F7A527664134BFA8,SCRYDEX_EN,RAW,,0.6200,USD,948,2026-06-05
CRD_B294F7A527664134BFA8,SCRYDEX_JP,GRADED,10,,,35247,2026-06-29
CRD_B294F7A527664134BFA8,SCRYDEX_JP,GRADED,9,,,13936,2026-06-29
CRD_B294F7A527664134BFA8,SCRYDEX_JP,RAW,,0.2400,USD,369,2026-06-29
CRD_B2A94238DD6A45BD8A15,SCRYDEX_EN,RAW,,10.6400,USD,16348,2026-06-29
CRD_B2A94238DD6A45BD8A15,SCRYDEX_JP,GRADED,10,,,71800,2026-06-29
CRD_B2A94238DD6A45BD8A15,SCRYDEX_JP,GRADED,9,,,23708,2026-06-29
CRD_B2A94238DD6A45BD8A15,SCRYDEX_JP,RAW,,8.2000,USD,12599,2026-06-29
CRD_B2AFB9324B7B47889320,SCRYDEX_EN,RAW,,3.0000,USD,4588,2026-06-05
CRD_B2AFB9324B7B47889320,SCRYDEX_JP,GRADED,10,,,38105,2026-06-29
CRD_B2AFB9324B7B47889320,SCRYDEX_JP,RAW,,1.7900,USD,2750,2026-06-29
CRD_B2B243175D8E4033A33F,SCRYDEX_EN,RAW,,3.0300,USD,4634,2026-06-05
CRD_B2B243175D8E4033A33F,SCRYDEX_JP,GRADED,10,,,42914,2026-06-29
CRD_B2B243175D8E4033A33F,SCRYDEX_JP,GRADED,9,,,29885,2026-06-29
CRD_B2B243175D8E4033A33F,SCRYDEX_JP,RAW,,3.5800,USD,5501,2026-06-29
CRD_B2D14FA1DDFA481BB7B2,SCRYDEX_EN,RAW,,13.0300,USD,20020,2026-06-29
CRD_B2D14FA1DDFA481BB7B2,SCRYDEX_JP,GRADED,10,,,49260,2026-06-29
CRD_B2D14FA1DDFA481BB7B2,SCRYDEX_JP,GRADED,9,,,27657,2026-06-29
CRD_B2D14FA1DDFA481BB7B2,SCRYDEX_JP,RAW,,6.3400,USD,9741,2026-06-29
CRD_B2DC0D2AA6314050AD58,SCRYDEX_EN,RAW,,6.6900,USD,10231,2026-06-05
CRD_B2DC0D2AA6314050AD58,SCRYDEX_JP,GRADED,10,,,52502,2026-06-29
CRD_B2DC0D2AA6314050AD58,SCRYDEX_JP,RAW,,1.4000,USD,2151,2026-06-29
CRD_B2E561CB1C034FE2B65A,SCRYDEX_EN,RAW,,1.3400,USD,2049,2026-06-05
CRD_B2E952D4AF8A4AED8F98,SCRYDEX_EN,RAW,,1.0000,USD,1529,2026-06-05
CRD_B2E952D4AF8A4AED8F98,SCRYDEX_JP,RAW,,0.9700,USD,1490,2026-06-29
CRD_B30DFCBCDFBA21BE1C07,SCRYDEX_EN,RAW,,160.7500,USD,246989,2026-06-29
CRD_B30DFCBCDFBA21BE1C07,SCRYDEX_JP,RAW,,400.0000,USD,614592,2026-06-29
CRD_B3149BEFD6BC407799A3,SCRYDEX_EN,RAW,,8.5600,USD,13091,2026-06-05
CRD_B3149BEFD6BC407799A3,SCRYDEX_JP,GRADED,10,,,66437,2026-06-29
CRD_B3149BEFD6BC407799A3,SCRYDEX_JP,GRADED,9,,,12953,2026-06-29
CRD_B3149BEFD6BC407799A3,SCRYDEX_JP,RAW,,16.6600,USD,25598,2026-06-29
CRD_B325D03BDD34469298B9,SCRYDEX_EN,RAW,,1.6800,USD,2569,2026-06-05
CRD_B325D03BDD34469298B9,SCRYDEX_JP,GRADED,10,,,52701,2026-06-29
CRD_B325D03BDD34469298B9,SCRYDEX_JP,GRADED,9,,,18484,2026-06-29
CRD_B325D03BDD34469298B9,SCRYDEX_JP,RAW,,2.0100,USD,3088,2026-06-29
CRD_B345C0800CFB40D28BD7,SCRYDEX_EN,RAW,,82.4900,USD,126744,2026-06-29
CRD_B345C0800CFB40D28BD7,SCRYDEX_JP,GRADED,10,,,212633,2026-06-29
CRD_B345C0800CFB40D28BD7,SCRYDEX_JP,GRADED,9,,,82279,2026-06-29
CRD_B345C0800CFB40D28BD7,SCRYDEX_JP,RAW,,40.4200,USD,62105,2026-06-29
CRD_B35BCAFB2F9E4FE5BE34,SCRYDEX_EN,RAW,,8.7900,USD,13443,2026-06-05
CRD_B35BCAFB2F9E4FE5BE34,SCRYDEX_JP,GRADED,10,,,84983,2026-06-29
CRD_B35BCAFB2F9E4FE5BE34,SCRYDEX_JP,GRADED,9,,,32988,2026-06-29
CRD_B35BCAFB2F9E4FE5BE34,SCRYDEX_JP,RAW,,8.1500,USD,12522,2026-06-29
CRD_B3798231C06C4CAB97AF,SCRYDEX_EN,RAW,,30.0300,USD,46140,2026-06-29
CRD_B3798231C06C4CAB97AF,SCRYDEX_JP,GRADED,10,,,124378,2026-06-29
CRD_B3798231C06C4CAB97AF,SCRYDEX_JP,GRADED,9,,,31406,2026-06-29
CRD_B3798231C06C4CAB97AF,SCRYDEX_JP,RAW,,22.9000,USD,35185,2026-06-29
CRD_B3834736DB2542B792B1,SCRYDEX_EN,RAW,,4.0100,USD,6133,2026-06-05
CRD_B3834736DB2542B792B1,SCRYDEX_JP,GRADED,10,,,53777,2026-06-29
CRD_B3834736DB2542B792B1,SCRYDEX_JP,RAW,,2.8700,USD,4410,2026-06-29
CRD_B38781B3110941E9A3DA,SCRYDEX_EN,RAW,,47.9600,USD,73690,2026-06-29
CRD_B38781B3110941E9A3DA,SCRYDEX_JP,GRADED,10,,,131077,2026-06-29
CRD_B38781B3110941E9A3DA,SCRYDEX_JP,GRADED,9,,,58832,2026-06-29
CRD_B38781B3110941E9A3DA,SCRYDEX_JP,RAW,,15.2900,USD,23493,2026-06-29
CRD_B390ACDDA0BC45F28118,SCRYDEX_EN,RAW,,3.9500,USD,6041,2026-06-05
CRD_B390ACDDA0BC45F28118,SCRYDEX_JP,GRADED,10,,,32850,2026-06-29
CRD_B390ACDDA0BC45F28118,SCRYDEX_JP,RAW,,3.5100,USD,5393,2026-06-29
CRD_B3AE192A44B84ED7B24E,SCRYDEX_EN,RAW,,6.4500,USD,9864,2026-06-05
CRD_B3AE192A44B84ED7B24E,SCRYDEX_JP,GRADED,10,,,65638,2026-06-29
CRD_B3AE192A44B84ED7B24E,SCRYDEX_JP,GRADED,9,,,31313,2026-06-29
CRD_B3AE192A44B84ED7B24E,SCRYDEX_JP,RAW,,17.0900,USD,26258,2026-06-29
CRD_B3BF8D31D9204782972A,SCRYDEX_EN,RAW,,5.0700,USD,7754,2026-06-05
CRD_B3BF8D31D9204782972A,SCRYDEX_JP,GRADED,10,,,91374,2026-06-29
CRD_B3BF8D31D9204782972A,SCRYDEX_JP,GRADED,9,,,23047,2026-06-29
CRD_B3BF8D31D9204782972A,SCRYDEX_JP,RAW,,4.9300,USD,7575,2026-06-29
CRD_B3C3F8E812884FEEB672,SCRYDEX_EN,RAW,,10.5200,USD,16089,2026-06-05
CRD_B3C3F8E812884FEEB672,SCRYDEX_JP,GRADED,10,,,82340,2026-06-29
CRD_B3C3F8E812884FEEB672,SCRYDEX_JP,GRADED,9,,,46018,2026-06-29
CRD_B3C3F8E812884FEEB672,SCRYDEX_JP,RAW,,7.1000,USD,10909,2026-06-29
CRD_B3CB2A5036FD42688BA6,SCRYDEX_EN,RAW,,575.9300,USD,884905,2026-06-29
CRD_B3CB2A5036FD42688BA6,SCRYDEX_JP,GRADED,10,,,2587924,2026-06-29
CRD_B3CB2A5036FD42688BA6,SCRYDEX_JP,GRADED,9,,,1077795,2026-06-29
CRD_B3CB2A5036FD42688BA6,SCRYDEX_JP,RAW,,487.5000,USD,749034,2026-06-29
CRD_B3F163D4760E4999A3AE,SCRYDEX_EN,RAW,,1.6600,USD,2539,2026-06-05
CRD_B3F163D4760E4999A3AE,SCRYDEX_JP,GRADED,10,,,50719,2026-06-29
CRD_B3F163D4760E4999A3AE,SCRYDEX_JP,RAW,,0.5600,USD,860,2026-06-29
CRD_B3FA890225FF38CC4DBE123ABCCB9B93,SCRYDEX_JP,GRADED,10,,,4968838,2026-06-29
CRD_B3FA890225FF38CC4DBE123ABCCB9B93,SCRYDEX_JP,GRADED,9,,,1865871,2026-06-29
CRD_B3FA890225FF38CC4DBE123ABCCB9B93,SCRYDEX_JP,RAW,,699.0000,USD,1074000,2026-06-29
CRD_B3FD6023E69B4B2DAF28,SCRYDEX_EN,RAW,,17.8800,USD,27345,2026-06-05
CRD_B3FD6023E69B4B2DAF28,SCRYDEX_JP,GRADED,10,,,297493,2026-06-29
CRD_B3FD6023E69B4B2DAF28,SCRYDEX_JP,GRADED,9,,,90422,2026-06-29
CRD_B443DB37EB0D40308182,SCRYDEX_EN,RAW,,357.9200,USD,547392,2026-06-05
CRD_B443DB37EB0D40308182,SCRYDEX_JP,GRADED,10,,,7810158,2026-06-29
CRD_B443DB37EB0D40308182,SCRYDEX_JP,GRADED,9,,,346123,2026-06-29
CRD_B443DB37EB0D40308182,SCRYDEX_JP,RAW,,3135000.0000,KRW,3135000,2026-06-29
CRD_B44585853A93C37F791B552F69C70AA6,SCRYDEX_JP,GRADED,10,,,150729,2026-06-28
CRD_B44585853A93C37F791B552F69C70AA6,SCRYDEX_JP,GRADED,9,,,73459,2026-06-28
CRD_B44585853A93C37F791B552F69C70AA6,SCRYDEX_JP,RAW,,38.5000,USD,58175,2026-06-03
CRD_B4458BD865D40B2B6AFB,SCRYDEX_EN,RAW,,54.6800,USD,84015,2026-06-29
CRD_B4458BD865D40B2B6AFB,SCRYDEX_JP,GRADED,10,,,72261,2026-06-29
CRD_B4458BD865D40B2B6AFB,SCRYDEX_JP,GRADED,9,,,44727,2026-06-29
CRD_B4458BD865D40B2B6AFB,SCRYDEX_JP,RAW,,9.7000,USD,14904,2026-06-29
CRD_B44DD500D1A84B9384A5,SCRYDEX_EN,RAW,,3.1400,USD,4802,2026-06-05
CRD_B44DD500D1A84B9384A5,SCRYDEX_JP,GRADED,10,,,46939,2026-06-29
CRD_B44DD500D1A84B9384A5,SCRYDEX_JP,GRADED,9,,,27657,2026-06-29
CRD_B44DD500D1A84B9384A5,SCRYDEX_JP,RAW,,2.3600,USD,3626,2026-06-29
CRD_B4500EAE366644C09065,SCRYDEX_EN,RAW,,4.0500,USD,6194,2026-06-05
CRD_B4500EAE366644C09065,SCRYDEX_JP,GRADED,10,,,37905,2026-06-29
CRD_B4500EAE366644C09065,SCRYDEX_JP,GRADED,9,,,23646,2026-06-29
CRD_B4500EAE366644C09065,SCRYDEX_JP,RAW,,0.7600,USD,1168,2026-06-29
CRD_B478B609372F4829A9FD,SCRYDEX_EN,RAW,,5.7400,USD,8779,2026-06-05
CRD_B478B609372F4829A9FD,SCRYDEX_JP,GRADED,10,,,98427,2026-06-29
CRD_B478B609372F4829A9FD,SCRYDEX_JP,GRADED,9,,,43021,2026-06-29
CRD_B478B609372F4829A9FD,SCRYDEX_JP,RAW,,27.1400,USD,41700,2026-06-29
CRD_B48D14CE62334F79A190,SCRYDEX_EN,RAW,,2.1800,USD,3334,2026-06-05
CRD_B48D14CE62334F79A190,SCRYDEX_JP,GRADED,10,,,60722,2026-06-29
CRD_B48D14CE62334F79A190,SCRYDEX_JP,GRADED,9,,,20235,2026-06-29
CRD_B48D14CE62334F79A190,SCRYDEX_JP,RAW,,2.4100,USD,3703,2026-06-29
CRD_B4A60A8CA6AA4F26A2A9,SCRYDEX_EN,RAW,,6.1000,USD,9373,2026-06-29
CRD_B4A60A8CA6AA4F26A2A9,SCRYDEX_JP,GRADED,10,,,31375,2026-06-29
CRD_B4A60A8CA6AA4F26A2A9,SCRYDEX_JP,GRADED,9,,,18453,2026-06-29
CRD_B4A60A8CA6AA4F26A2A9,SCRYDEX_JP,RAW,,2.7400,USD,4210,2026-06-29
CRD_B4CBD2C89D74201BEAE7,SCRYDEX_JP,GRADED,10,,,19974,2026-06-29
CRD_B4CBD2C89D74201BEAE7,SCRYDEX_JP,RAW,,2.8000,USD,4302,2026-06-29
CRD_B4DD248887AA402E79E6048CF14A6FA5,SCRYDEX_JP,GRADED,10,,,24458657,2026-06-29
CRD_B4DD248887AA402E79E6048CF14A6FA5,SCRYDEX_JP,GRADED,9,,,10945991,2026-06-29
CRD_B4DD248887AA402E79E6048CF14A6FA5,SCRYDEX_JP,RAW,,3700.0000,USD,5684976,2026-06-29
CRD_B54A04C4DD0844DE9B5E,SCRYDEX_EN,RAW,,1.7700,USD,2707,2026-06-05
CRD_B54A04C4DD0844DE9B5E,SCRYDEX_JP,GRADED,10,,,30699,2026-06-29
CRD_B54A04C4DD0844DE9B5E,SCRYDEX_JP,RAW,,0.8800,USD,1352,2026-06-29
CRD_B550CAAE1FA843B28C47,SCRYDEX_EN,RAW,,0.8800,USD,1346,2026-06-05
CRD_B550CAAE1FA843B28C47,SCRYDEX_JP,GRADED,10,,,45126,2026-06-29
CRD_B550CAAE1FA843B28C47,SCRYDEX_JP,GRADED,9,,,23600,2026-06-29
CRD_B550CAAE1FA843B28C47,SCRYDEX_JP,RAW,,1.0700,USD,1644,2026-06-29
CRD_B55AAC9C8A6C490FB575,SCRYDEX_EN,RAW,,1.4000,USD,2141,2026-06-05
CRD_B55AAC9C8A6C490FB575,SCRYDEX_JP,RAW,,1.8300,USD,2812,2026-06-29
CRD_B55D3E9651694E04BBB9,SCRYDEX_EN,RAW,,3.8700,USD,5919,2026-06-05
CRD_B55D3E9651694E04BBB9,SCRYDEX_JP,GRADED,10,,,65469,2026-06-29
CRD_B55D3E9651694E04BBB9,SCRYDEX_JP,GRADED,9,,,26888,2026-06-29
CRD_B55D3E9651694E04BBB9,SCRYDEX_JP,RAW,,2.0200,USD,3104,2026-06-29
CRD_B56B12EB53F4412BA2DA,SCRYDEX_EN,RAW,,54.3100,USD,83446,2026-06-29
CRD_B56B12EB53F4412BA2DA,SCRYDEX_JP,GRADED,10,,,857924,2026-06-29
CRD_B56B12EB53F4412BA2DA,SCRYDEX_JP,GRADED,9,,,282067,2026-06-29
CRD_B56B12EB53F4412BA2DA,SCRYDEX_JP,RAW,,213.3300,USD,327777,2026-06-29
CRD_B5BD597A055847CBB31C,SCRYDEX_EN,RAW,,8.9500,USD,13688,2026-06-05
CRD_B5BD597A055847CBB31C,SCRYDEX_JP,GRADED,10,,,67067,2026-06-29
CRD_B5BD597A055847CBB31C,SCRYDEX_JP,GRADED,9,,,22847,2026-06-29
CRD_B5BD597A055847CBB31C,SCRYDEX_JP,RAW,,4.5100,USD,6930,2026-06-29
CRD_B5CCF871C4AD4CA18B71,SCRYDEX_EN,RAW,,18.7500,USD,28809,2026-06-29
CRD_B5CCF871C4AD4CA18B71,SCRYDEX_JP,GRADED,10,,,69203,2026-06-29
CRD_B5CCF871C4AD4CA18B71,SCRYDEX_JP,GRADED,9,,,18130,2026-06-29
CRD_B5CCF871C4AD4CA18B71,SCRYDEX_JP,RAW,,6.0000,USD,9219,2026-06-29
CRD_B5DF3C0636DC414DBEFD,SCRYDEX_EN,RAW,,6.4700,USD,9895,2026-06-05
CRD_B5DF3C0636DC414DBEFD,SCRYDEX_JP,GRADED,10,,,20128,2026-06-29
CRD_B5DF3C0636DC414DBEFD,SCRYDEX_JP,RAW,,1.6800,USD,2581,2026-06-29
CRD_B6033352C39D43F38651,SCRYDEX_EN,RAW,,1.3100,USD,2003,2026-06-05
CRD_B6033352C39D43F38651,SCRYDEX_JP,GRADED,10,,,52502,2026-06-29
CRD_B6033352C39D43F38651,SCRYDEX_JP,GRADED,9,,,15349,2026-06-29
CRD_B6033352C39D43F38651,SCRYDEX_JP,RAW,,0.7200,USD,1106,2026-06-29
CRD_B6225CABC6D64AC5A224,SCRYDEX_EN,RAW,,4.5400,USD,6976,2026-06-29
CRD_B6225CABC6D64AC5A224,SCRYDEX_JP,GRADED,10,,,40517,2026-06-29
CRD_B6225CABC6D64AC5A224,SCRYDEX_JP,GRADED,9,,,18346,2026-06-29
CRD_B6225CABC6D64AC5A224,SCRYDEX_JP,RAW,,1.1900,USD,1828,2026-06-29
CRD_B6294903334744A58D01,SCRYDEX_EN,RAW,,54.8200,USD,83840,2026-06-05
CRD_B6294903334744A58D01,SCRYDEX_JP,GRADED,10,,,1309066,2026-06-29
CRD_B6294903334744A58D01,SCRYDEX_JP,GRADED,9,,,138283,2026-06-29
CRD_B6294903334744A58D01,SCRYDEX_JP,RAW,,741000.0000,KRW,741000,2026-06-29
CRD_B63836C8D4AD4235A59A,SCRYDEX_EN,RAW,,1.0700,USD,1636,2026-06-05
CRD_B63836C8D4AD4235A59A,SCRYDEX_JP,GRADED,10,,,31575,2026-06-29
CRD_B63836C8D4AD4235A59A,SCRYDEX_JP,RAW,,0.8700,USD,1337,2026-06-29
CRD_B644812335694B979583,SCRYDEX_EN,RAW,,2.0800,USD,3181,2026-06-05
CRD_B644812335694B979583,SCRYDEX_JP,GRADED,10,,,62304,2026-06-29
CRD_B644812335694B979583,SCRYDEX_JP,GRADED,9,,,17700,2026-06-29
CRD_B644812335694B979583,SCRYDEX_JP,RAW,,2.4000,USD,3688,2026-06-29
CRD_B64ABBE03E224573AFE8,SCRYDEX_EN,RAW,,9.2600,USD,14228,2026-06-29
CRD_B64ABBE03E224573AFE8,SCRYDEX_JP,GRADED,10,,,83923,2026-06-29
CRD_B64ABBE03E224573AFE8,SCRYDEX_JP,GRADED,9,,,31406,2026-06-29
CRD_B64ABBE03E224573AFE8,SCRYDEX_JP,RAW,,6.0200,USD,9250,2026-06-29
CRD_B64FC43EC8F44F108672,SCRYDEX_EN,RAW,,3.6100,USD,5521,2026-06-05
CRD_B64FC43EC8F44F108672,SCRYDEX_JP,GRADED,10,,,30007,2026-06-29
CRD_B64FC43EC8F44F108672,SCRYDEX_JP,GRADED,9,,,22218,2026-06-29
CRD_B64FC43EC8F44F108672,SCRYDEX_JP,RAW,,1.1300,USD,1736,2026-06-29
CRD_B6536EB5E85E46388EC3,SCRYDEX_EN,RAW,,0.5100,USD,780,2026-06-05
CRD_B6536EB5E85E46388EC3,SCRYDEX_JP,GRADED,10,,,86427,2026-06-29
CRD_B6536EB5E85E46388EC3,SCRYDEX_JP,GRADED,9,,,10740,2026-06-29
CRD_B6536EB5E85E46388EC3,SCRYDEX_JP,RAW,,1.0000,USD,1536,2026-06-29
CRD_B65A3E174310474CA8B8,SCRYDEX_EN,RAW,,19.4300,USD,29854,2026-06-29
CRD_B65A3E174310474CA8B8,SCRYDEX_JP,GRADED,10,,,119769,2026-06-29
CRD_B65A3E174310474CA8B8,SCRYDEX_JP,GRADED,9,,,18084,2026-06-29
CRD_B65A3E174310474CA8B8,SCRYDEX_JP,RAW,,3.8300,USD,5885,2026-06-29
CRD_B65EED7E271E44328B00,SCRYDEX_EN,RAW,,0.7600,USD,1162,2026-06-05
CRD_B65EED7E271E44328B00,SCRYDEX_JP,GRADED,10,,,18130,2026-06-29
CRD_B65EED7E271E44328B00,SCRYDEX_JP,GRADED,9,,,6146,2026-06-29
CRD_B65EED7E271E44328B00,SCRYDEX_JP,RAW,,0.2700,USD,415,2026-06-29
CRD_B675C7208A854D9AAEF1,SCRYDEX_EN,RAW,,5.2800,USD,8075,2026-06-05
CRD_B675C7208A854D9AAEF1,SCRYDEX_JP,GRADED,10,,,53715,2026-06-29
CRD_B675C7208A854D9AAEF1,SCRYDEX_JP,GRADED,9,,,31006,2026-06-29
CRD_B675C7208A854D9AAEF1,SCRYDEX_JP,RAW,,3.4200,USD,5255,2026-06-29
CRD_B67C469BF7EA40619E14,SCRYDEX_EN,RAW,,4.6900,USD,7173,2026-06-05
CRD_B67C469BF7EA40619E14,SCRYDEX_JP,GRADED,10,,,52087,2026-06-29
CRD_B67C469BF7EA40619E14,SCRYDEX_JP,GRADED,9,,,15380,2026-06-29
CRD_B67C469BF7EA40619E14,SCRYDEX_JP,RAW,,1.1300,USD,1736,2026-06-29
CRD_B685013BF312463DBD3F,SCRYDEX_EN,RAW,,0.6800,USD,1045,2026-06-29
CRD_B69CC3BA1BF848229682,SCRYDEX_EN,RAW,,26.0600,USD,39855,2026-06-05
CRD_B69CC3BA1BF848229682,SCRYDEX_JP,GRADED,10,,,133228,2026-06-29
CRD_B69CC3BA1BF848229682,SCRYDEX_JP,GRADED,9,,,19974,2026-06-29
CRD_B69CC3BA1BF848229682,SCRYDEX_JP,RAW,,13.3000,USD,20435,2026-06-29
CRD_B6BEB22D4E0AE7AADC2865D17E9AE564,SCRYDEX_EN,RAW,,103.0700,USD,158365,2026-06-29
CRD_B6CF092809C341D6B60F,SCRYDEX_EN,RAW,,27.9700,USD,42975,2026-06-29
CRD_B6CF092809C341D6B60F,SCRYDEX_JP,GRADED,10,,,347675,2026-06-29
CRD_B6CF092809C341D6B60F,SCRYDEX_JP,GRADED,9,,,103943,2026-06-29
CRD_B6CF092809C341D6B60F,SCRYDEX_JP,RAW,,87.2600,USD,134073,2026-06-29
CRD_B6D4B710F4FD4BA698FB,SCRYDEX_EN,RAW,,5.8400,USD,8932,2026-06-05
CRD_B6D4B710F4FD4BA698FB,SCRYDEX_JP,GRADED,10,,,43344,2026-06-29
CRD_B6D4B710F4FD4BA698FB,SCRYDEX_JP,RAW,,11400.0000,KRW,11400,2026-06-29
CRD_B6DC45093C334784875A,SCRYDEX_EN,RAW,,9.4100,USD,14391,2026-06-05
CRD_B6DC45093C334784875A,SCRYDEX_JP,GRADED,10,,,34494,2026-06-29
CRD_B6DC45093C334784875A,SCRYDEX_JP,GRADED,9,,,12292,2026-06-29
CRD_B6DC45093C334784875A,SCRYDEX_JP,RAW,,12.0000,USD,18438,2026-06-29
CRD_B6DCDD8B172E42A098BE,SCRYDEX_EN,RAW,,4.8800,USD,7463,2026-06-05
CRD_B6DCDD8B172E42A098BE,SCRYDEX_JP,GRADED,10,,,59323,2026-06-29
CRD_B6DCDD8B172E42A098BE,SCRYDEX_JP,GRADED,9,,,32159,2026-06-29
CRD_B6DCDD8B172E42A098BE,SCRYDEX_JP,RAW,,3.0200,USD,4640,2026-06-29
CRD_B6F05ABED7AE47BAAD56,SCRYDEX_EN,RAW,,16.2800,USD,25014,2026-06-29
CRD_B6F05ABED7AE47BAAD56,SCRYDEX_JP,GRADED,10,,,94678,2026-06-29
CRD_B6F05ABED7AE47BAAD56,SCRYDEX_JP,GRADED,9,,,22740,2026-06-29
CRD_B6F05ABED7AE47BAAD56,SCRYDEX_JP,RAW,,16.7300,USD,25705,2026-06-29
CRD_B6F27325C75E414B802B,SCRYDEX_EN,RAW,,9.5600,USD,14689,2026-06-29
CRD_B6F27325C75E414B802B,SCRYDEX_JP,GRADED,10,,,53792,2026-06-29
CRD_B6F27325C75E414B802B,SCRYDEX_JP,RAW,,3.3500,USD,5147,2026-06-29
CRD_B6F780670C514367833F,SCRYDEX_EN,RAW,,2.0400,USD,3134,2026-06-29
CRD_B6F780670C514367833F,SCRYDEX_JP,GRADED,10,,,54929,2026-06-29
CRD_B6F780670C514367833F,SCRYDEX_JP,GRADED,9,,,46094,2026-06-29
CRD_B6F780670C514367833F,SCRYDEX_JP,RAW,,2.2700,USD,3488,2026-06-29
CRD_B71401CE4CBA4FD5914C,SCRYDEX_EN,RAW,,19.2400,USD,29562,2026-06-29
CRD_B71401CE4CBA4FD5914C,SCRYDEX_JP,GRADED,10,,,55221,2026-06-29
CRD_B71401CE4CBA4FD5914C,SCRYDEX_JP,GRADED,9,,,26136,2026-06-29
CRD_B71401CE4CBA4FD5914C,SCRYDEX_JP,RAW,,5.2000,USD,7990,2026-06-29
CRD_B7161883B756473E8D66,SCRYDEX_EN,RAW,,2.1100,USD,3227,2026-06-05
CRD_B7161883B756473E8D66,SCRYDEX_JP,GRADED,10,,,42837,2026-06-29
CRD_B7161883B756473E8D66,SCRYDEX_JP,GRADED,9,,,16901,2026-06-29
CRD_B7161883B756473E8D66,SCRYDEX_JP,RAW,,3.1800,USD,4886,2026-06-29
CRD_B71DC5DF10B44392841A,SCRYDEX_EN,RAW,,89.9900,USD,137628,2026-06-05
CRD_B71FB8408EAC4867A18F,SCRYDEX_EN,RAW,,0.7300,USD,1122,2026-06-29
CRD_B71FB8408EAC4867A18F,SCRYDEX_JP,GRADED,10,,,34371,2026-06-29
CRD_B71FB8408EAC4867A18F,SCRYDEX_JP,RAW,,0.2300,USD,353,2026-06-29
CRD_B7345EED8A0E4A05B2C2,SCRYDEX_EN,RAW,,0.6900,USD,1055,2026-06-05
CRD_B7345EED8A0E4A05B2C2,SCRYDEX_JP,GRADED,10,,,61259,2026-06-29
CRD_B7345EED8A0E4A05B2C2,SCRYDEX_JP,GRADED,9,,,15349,2026-06-29
CRD_B7345EED8A0E4A05B2C2,SCRYDEX_JP,RAW,,0.2700,USD,415,2026-06-29
CRD_B7768191A68445AA8817,SCRYDEX_EN,RAW,,4.8800,USD,7463,2026-06-05
CRD_B7768191A68445AA8817,SCRYDEX_JP,GRADED,10,,,75856,2026-06-29
CRD_B7768191A68445AA8817,SCRYDEX_JP,GRADED,9,,,23815,2026-06-29
CRD_B7768191A68445AA8817,SCRYDEX_JP,RAW,,18.0200,USD,27687,2026-06-29
CRD_B7828F2ECCE840FB8105,SCRYDEX_EN,RAW,,34.2400,USD,52366,2026-06-05
CRD_B7828F2ECCE840FB8105,SCRYDEX_JP,GRADED,10,,,99011,2026-06-29
CRD_B7828F2ECCE840FB8105,SCRYDEX_JP,GRADED,9,,,137653,2026-06-29
CRD_B7828F2ECCE840FB8105,SCRYDEX_JP,RAW,,49.9500,USD,76747,2026-06-29
CRD_B79D24DCE63448C89A53,SCRYDEX_EN,RAW,,5.2800,USD,8081,2026-06-19
CRD_B79D24DCE63448C89A53,SCRYDEX_JP,GRADED,10,,,76163,2026-06-29
CRD_B79D24DCE63448C89A53,SCRYDEX_JP,GRADED,9,,,35984,2026-06-29
CRD_B79D24DCE63448C89A53,SCRYDEX_JP,RAW,,6.6900,USD,10279,2026-06-29
CRD_B7B757AF0B3E44FB9C36,SCRYDEX_EN,RAW,,105.9400,USD,162021,2026-06-05
CRD_B7B757AF0B3E44FB9C36,SCRYDEX_JP,GRADED,10,,,823000,2026-06-29
CRD_B7B757AF0B3E44FB9C36,SCRYDEX_JP,RAW,,361000.0000,KRW,361000,2026-06-29
CRD_B7BEDC89F4554878A43B,SCRYDEX_EN,RAW,,27.5900,USD,42391,2026-06-29
CRD_B7BEDC89F4554878A43B,SCRYDEX_JP,GRADED,10,,,523371,2026-06-29
CRD_B7BEDC89F4554878A43B,SCRYDEX_JP,GRADED,9,,,36199,2026-06-29
CRD_B7BEDC89F4554878A43B,SCRYDEX_JP,RAW,,22.9700,USD,35293,2026-06-29
CRD_B7DB6E711CE147A8BA79,SCRYDEX_EN,RAW,,1.5200,USD,2325,2026-06-05
CRD_B7DB6E711CE147A8BA79,SCRYDEX_JP,GRADED,10,,,30130,2026-06-29
CRD_B7DB6E711CE147A8BA79,SCRYDEX_JP,RAW,,0.5300,USD,814,2026-06-29
CRD_B7FFD1C826FF4A6FA025,SCRYDEX_EN,RAW,,4.5100,USD,6897,2026-06-05
CRD_B7FFD1C826FF4A6FA025,SCRYDEX_JP,GRADED,10,,,49075,2026-06-29
CRD_B7FFD1C826FF4A6FA025,SCRYDEX_JP,RAW,,3.0000,USD,4609,2026-06-29
CRD_B800DDCEC18641718BAD,SCRYDEX_EN,RAW,,31.6600,USD,48645,2026-06-29
CRD_B800DDCEC18641718BAD,SCRYDEX_JP,GRADED,10,,,114529,2026-06-29
CRD_B800DDCEC18641718BAD,SCRYDEX_JP,GRADED,9,,,45203,2026-06-29
CRD_B800DDCEC18641718BAD,SCRYDEX_JP,RAW,,23.6500,USD,36338,2026-06-29
CRD_B807649467B3424F8C29,SCRYDEX_EN,RAW,,81.2500,USD,124839,2026-06-29
CRD_B807649467B3424F8C29,SCRYDEX_JP,GRADED,10,,,210052,2026-06-29
CRD_B807649467B3424F8C29,SCRYDEX_JP,GRADED,9,,,77162,2026-06-29
CRD_B807649467B3424F8C29,SCRYDEX_JP,RAW,,29.0100,USD,44573,2026-06-29
CRD_B80EAC51607C49BEB42E,SCRYDEX_EN,RAW,,3.6700,USD,5613,2026-06-05
CRD_B80EAC51607C49BEB42E,SCRYDEX_JP,GRADED,10,,,56527,2026-06-29
CRD_B80EAC51607C49BEB42E,SCRYDEX_JP,GRADED,9,,,6146,2026-06-29
CRD_B80EAC51607C49BEB42E,SCRYDEX_JP,RAW,,1.4100,USD,2166,2026-06-29
CRD_B837D3F1A54647279AEC,SCRYDEX_EN,RAW,,173.4300,USD,265239,2026-06-05
CRD_B837D3F1A54647279AEC,SCRYDEX_JP,GRADED,10,,,11074026,2026-06-29
CRD_B837D3F1A54647279AEC,SCRYDEX_JP,GRADED,9,,,710284,2026-06-29
CRD_B837D3F1A54647279AEC,SCRYDEX_JP,RAW,,350.0000,USD,537768,2026-06-29
CRD_B845DAE48C424F97A12D,SCRYDEX_EN,RAW,,6.3900,USD,9825,2026-06-23
CRD_B845DAE48C424F97A12D,SCRYDEX_JP,GRADED,10,,,50596,2026-06-29
CRD_B845DAE48C424F97A12D,SCRYDEX_JP,GRADED,9,,,21480,2026-06-29
CRD_B845DAE48C424F97A12D,SCRYDEX_JP,RAW,,0.4800,USD,738,2026-06-29
CRD_B86A682830BA4F8D9F57,SCRYDEX_EN,RAW,,25.4500,USD,39103,2026-06-29
CRD_B86A682830BA4F8D9F57,SCRYDEX_JP,GRADED,10,,,168828,2026-06-29
CRD_B86A682830BA4F8D9F57,SCRYDEX_JP,GRADED,9,,,43867,2026-06-29
CRD_B86A682830BA4F8D9F57,SCRYDEX_JP,RAW,,22.4000,USD,34417,2026-06-29
CRD_B86D2122C72F49ECB65D,SCRYDEX_EN,RAW,,15.0000,USD,23047,2026-06-29
CRD_B86D2122C72F49ECB65D,SCRYDEX_JP,GRADED,10,,,90038,2026-06-29
CRD_B86D2122C72F49ECB65D,SCRYDEX_JP,GRADED,9,,,30699,2026-06-29
CRD_B86D2122C72F49ECB65D,SCRYDEX_JP,RAW,,5.9200,USD,9096,2026-06-29
CRD_B8716C15063748DF9431,SCRYDEX_EN,RAW,,31.8500,USD,48710,2026-06-05
CRD_B8716C15063748DF9431,SCRYDEX_JP,GRADED,10,,,151113,2026-06-29
CRD_B8716C15063748DF9431,SCRYDEX_JP,GRADED,9,,,48660,2026-06-29
CRD_B8716C15063748DF9431,SCRYDEX_JP,RAW,,12.6100,USD,19375,2026-06-29
CRD_B875810CC46C4134A0C8,SCRYDEX_EN,RAW,,5.9500,USD,9100,2026-06-05
CRD_B8770884705A42238D72,SCRYDEX_EN,RAW,,65.8500,USD,100816,2026-06-21
CRD_B8770884705A42238D72,SCRYDEX_JP,GRADED,10,,,117280,2026-06-29
CRD_B8770884705A42238D72,SCRYDEX_JP,GRADED,9,,,60015,2026-06-29
CRD_B8770884705A42238D72,SCRYDEX_JP,RAW,,25.8400,USD,39703,2026-06-29
CRD_B87B09A888294C1C873C,SCRYDEX_EN,RAW,,2.0400,USD,3120,2026-06-05
CRD_B87B09A888294C1C873C,SCRYDEX_JP,GRADED,10,,,75272,2026-06-29
CRD_B87B09A888294C1C873C,SCRYDEX_JP,RAW,,4.9400,USD,7590,2026-06-29
CRD_B8A04830277E4F638EBD,SCRYDEX_EN,RAW,,8.6200,USD,13183,2026-06-05
CRD_B8A04830277E4F638EBD,SCRYDEX_JP,GRADED,10,,,39764,2026-06-29
CRD_B8A04830277E4F638EBD,SCRYDEX_JP,RAW,,4.3200,USD,6638,2026-06-29
CRD_B8B3074785EC350DEB26,SCRYDEX_EN,RAW,,2463.0800,USD,3784473,2026-06-29
CRD_B8B3074785EC350DEB26,SCRYDEX_JP,GRADED,10,,,9317445,2026-06-29
CRD_B8B3074785EC350DEB26,SCRYDEX_JP,GRADED,9,,,4706837,2026-06-29
CRD_B8B3074785EC350DEB26,SCRYDEX_JP,RAW,,1809.0100,USD,2779508,2026-06-29
CRD_B8B69E5A34C042F2928346295A367A70,SCRYDEX_EN,RAW,,355.3900,USD,546050,2026-06-29
CRD_B8B69E5A34C042F2928346295A367A70,SCRYDEX_JP,GRADED,10,,,4572334,2026-06-29
CRD_B8B69E5A34C042F2928346295A367A70,SCRYDEX_JP,GRADED,9,,,589532,2026-06-29
CRD_B8B69E5A34C042F2928346295A367A70,SCRYDEX_JP,RAW,,647.6900,USD,995163,2026-06-29
CRD_B8BA3C24BCBE499B8B39,SCRYDEX_JP,GRADED,10,,,123886,2026-06-29
CRD_B8BA3C24BCBE499B8B39,SCRYDEX_JP,GRADED,9,,,31498,2026-06-29
CRD_B8BA3C24BCBE499B8B39,SCRYDEX_JP,RAW,,6.4600,USD,9926,2026-06-29
CRD_B8BC4E618338434C9925,SCRYDEX_EN,RAW,,0.9900,USD,1514,2026-06-05
CRD_B8BC4E618338434C9925,SCRYDEX_JP,RAW,,0.8400,USD,1291,2026-06-29
CRD_B92DA5CF55D0468FB12E,SCRYDEX_EN,RAW,,11.1100,USD,17070,2026-06-29
CRD_B92DA5CF55D0468FB12E,SCRYDEX_JP,GRADED,10,,,56235,2026-06-29
CRD_B92DA5CF55D0468FB12E,SCRYDEX_JP,GRADED,9,,,22940,2026-06-29
CRD_B92DA5CF55D0468FB12E,SCRYDEX_JP,RAW,,2.9000,USD,4456,2026-06-29
CRD_B92E9CCA3B94438EB268,SCRYDEX_EN,RAW,,16.2100,USD,24791,2026-06-05
CRD_B92E9CCA3B94438EB268,SCRYDEX_JP,GRADED,10,,,86535,2026-06-29
CRD_B92E9CCA3B94438EB268,SCRYDEX_JP,GRADED,9,,,52548,2026-06-29
CRD_B92E9CCA3B94438EB268,SCRYDEX_JP,RAW,,6.4300,USD,9880,2026-06-29
CRD_B95C9626B4BD40E69107,SCRYDEX_EN,RAW,,5.5400,USD,8473,2026-06-05
CRD_B95C9626B4BD40E69107,SCRYDEX_JP,GRADED,10,,,58847,2026-06-29
CRD_B95C9626B4BD40E69107,SCRYDEX_JP,GRADED,9,,,41331,2026-06-29
CRD_B95C9626B4BD40E69107,SCRYDEX_JP,RAW,,1.4500,USD,2228,2026-06-29
CRD_B96269B83CA14C11933E,SCRYDEX_EN,RAW,,8.9200,USD,13642,2026-06-05
CRD_B9667742CEA583DFD14ED544136F7B61,SCRYDEX_JP,GRADED,10,,,4615160,2026-05-06
CRD_B9667742CEA583DFD14ED544136F7B61,SCRYDEX_JP,GRADED,9,,,1080174,2026-05-06
CRD_B974BC191042453495AE,SCRYDEX_EN,RAW,,1.5800,USD,2416,2026-06-05
CRD_B974BC191042453495AE,SCRYDEX_JP,GRADED,10,,,39150,2026-06-29
CRD_B974BC191042453495AE,SCRYDEX_JP,RAW,,1.2800,USD,1967,2026-06-29
CRD_B99867335AE14F658107,SCRYDEX_EN,RAW,,7.1000,USD,10859,2026-06-05
CRD_B99867335AE14F658107,SCRYDEX_JP,GRADED,10,,,149884,2026-06-29
CRD_B99867335AE14F658107,SCRYDEX_JP,RAW,,123500.0000,KRW,123500,2026-06-29
CRD_B9B998819A564DE3991A,SCRYDEX_EN,RAW,,62.8200,USD,96522,2026-06-29
CRD_B9B998819A564DE3991A,SCRYDEX_JP,GRADED,10,,,94186,2026-06-29
CRD_B9B998819A564DE3991A,SCRYDEX_JP,GRADED,9,,,45065,2026-06-29
CRD_B9B998819A564DE3991A,SCRYDEX_JP,RAW,,19.1700,USD,29454,2026-06-29
CRD_B9C22C1213704F5AAF1B,SCRYDEX_EN,RAW,,0.8600,USD,1315,2026-06-05
CRD_B9C22C1213704F5AAF1B,SCRYDEX_JP,GRADED,10,,,63656,2026-06-29
CRD_B9C22C1213704F5AAF1B,SCRYDEX_JP,RAW,,0.3400,USD,522,2026-06-29
CRD_B9E026BC3DF546909368,SCRYDEX_EN,RAW,,0.6400,USD,979,2026-06-05
CRD_B9E026BC3DF546909368,SCRYDEX_JP,GRADED,10,,,28287,2026-06-29
CRD_B9E026BC3DF546909368,SCRYDEX_JP,GRADED,9,,,22371,2026-06-29
CRD_B9E026BC3DF546909368,SCRYDEX_JP,RAW,,0.2800,USD,430,2026-06-29
CRD_BA09E1E2876D4AF9A7EC,SCRYDEX_EN,RAW,,2.2900,USD,3502,2026-06-05
CRD_BA09E1E2876D4AF9A7EC,SCRYDEX_JP,GRADED,10,,,43728,2026-06-29
CRD_BA09E1E2876D4AF9A7EC,SCRYDEX_JP,GRADED,9,,,25751,2026-06-29
CRD_BA09E1E2876D4AF9A7EC,SCRYDEX_JP,RAW,,1.7100,USD,2627,2026-06-29
CRD_BA10F03AB84145BBB276,SCRYDEX_EN,RAW,,98.1100,USD,150744,2026-06-29
CRD_BA27BAD558E64F00B129,SCRYDEX_EN,RAW,,21.0500,USD,32343,2026-06-29
CRD_BA27BAD558E64F00B129,SCRYDEX_JP,GRADED,10,,,104112,2026-06-29
CRD_BA27BAD558E64F00B129,SCRYDEX_JP,GRADED,9,,,49244,2026-06-29
CRD_BA27BAD558E64F00B129,SCRYDEX_JP,RAW,,25.0000,USD,38412,2026-06-29
CRD_BA348F823BE347518A3B,SCRYDEX_EN,RAW,,0.6100,USD,933,2026-06-05
CRD_BA348F823BE347518A3B,SCRYDEX_JP,GRADED,10,,,34786,2026-06-29
CRD_BA348F823BE347518A3B,SCRYDEX_JP,RAW,,0.2900,USD,446,2026-06-29
CRD_BA41AC19AAAD4F04B756,SCRYDEX_EN,RAW,,1.4100,USD,2156,2026-06-05
CRD_BA41AC19AAAD4F04B756,SCRYDEX_JP,RAW,,2.3400,USD,3595,2026-06-29
CRD_BA4BEE00353244F580C5,SCRYDEX_EN,RAW,,54.1700,USD,83231,2026-06-29
CRD_BA4BEE00353244F580C5,SCRYDEX_JP,GRADED,10,,,129925,2026-06-29
CRD_BA4BEE00353244F580C5,SCRYDEX_JP,GRADED,9,,,54407,2026-06-29
CRD_BA4BEE00353244F580C5,SCRYDEX_JP,RAW,,18.3200,USD,28148,2026-06-29
CRD_BA7824DD9F5F4039A731,SCRYDEX_EN,RAW,,5.8100,USD,8886,2026-06-05
CRD_BA7824DD9F5F4039A731,SCRYDEX_JP,GRADED,10,,,67375,2026-06-29
CRD_BA7824DD9F5F4039A731,SCRYDEX_JP,GRADED,9,,,43697,2026-06-29
CRD_BA7824DD9F5F4039A731,SCRYDEX_JP,RAW,,13.2200,USD,20312,2026-06-29
CRD_BA7E5BDFBF2443BBB5C7,SCRYDEX_EN,RAW,,429.9900,USD,657614,2026-06-05
CRD_BA7E5BDFBF2443BBB5C7,SCRYDEX_JP,GRADED,10,,,3401997,2026-06-29
CRD_BA7E5BDFBF2443BBB5C7,SCRYDEX_JP,GRADED,9,,,655708,2026-06-29
CRD_BA7E5BDFBF2443BBB5C7,SCRYDEX_JP,RAW,,90.0000,USD,138283,2026-06-29
CRD_BA98E92E4AFE471CB7C6,SCRYDEX_EN,RAW,,0.7400,USD,1132,2026-06-05
CRD_BA98E92E4AFE471CB7C6,SCRYDEX_JP,GRADED,10,,,17331,2026-06-29
CRD_BA98E92E4AFE471CB7C6,SCRYDEX_JP,GRADED,9,,,19959,2026-06-29
CRD_BA98E92E4AFE471CB7C6,SCRYDEX_JP,RAW,,0.3000,USD,461,2026-06-29
CRD_BA9979085F024D49906C,SCRYDEX_EN,RAW,,2.2100,USD,3380,2026-06-05
CRD_BA9979085F024D49906C,SCRYDEX_JP,GRADED,10,,,43989,2026-06-29
CRD_BA9979085F024D49906C,SCRYDEX_JP,GRADED,9,,,31436,2026-06-29
CRD_BA9979085F024D49906C,SCRYDEX_JP,RAW,,0.8400,USD,1291,2026-06-29
CRD_BAA4E53EBC95419998FA,SCRYDEX_EN,RAW,,4.7500,USD,7265,2026-06-05
CRD_BAC700F6596245A5A62A,SCRYDEX_EN,RAW,,3.6800,USD,5628,2026-06-05
CRD_BAC700F6596245A5A62A,SCRYDEX_JP,GRADED,10,,,52240,2026-06-29
CRD_BAC700F6596245A5A62A,SCRYDEX_JP,RAW,,5.6000,USD,8604,2026-06-29
CRD_BACA0ED67D664015A669,SCRYDEX_EN,RAW,,17.6800,USD,27165,2026-06-29
CRD_BACA0ED67D664015A669,SCRYDEX_JP,GRADED,10,,,77485,2026-06-29
CRD_BACA0ED67D664015A669,SCRYDEX_JP,GRADED,9,,,81464,2026-06-29
CRD_BACA0ED67D664015A669,SCRYDEX_JP,RAW,,11.2500,USD,17285,2026-06-29
CRD_BAD5922B3CEB416F8E04,SCRYDEX_EN,RAW,,30.3500,USD,46632,2026-06-29
CRD_BAD5922B3CEB416F8E04,SCRYDEX_JP,GRADED,10,,,95354,2026-06-29
CRD_BAD5922B3CEB416F8E04,SCRYDEX_JP,GRADED,9,,,27887,2026-06-29
CRD_BAD5922B3CEB416F8E04,SCRYDEX_JP,RAW,,20.0000,USD,30730,2026-06-29
CRD_BAF951CD1C52420DB08A,SCRYDEX_EN,RAW,,27.2300,USD,41838,2026-06-29
CRD_BAF951CD1C52420DB08A,SCRYDEX_JP,GRADED,10,,,165464,2026-06-29
CRD_BAF951CD1C52420DB08A,SCRYDEX_JP,GRADED,9,,,33879,2026-06-29
CRD_BAF951CD1C52420DB08A,SCRYDEX_JP,RAW,,16.2700,USD,24999,2026-06-29
CRD_BB0C1B7398C4442C965C,SCRYDEX_EN,RAW,,5.1600,USD,7892,2026-06-05
CRD_BB0C1B7398C4442C965C,SCRYDEX_JP,GRADED,10,,,39795,2026-06-29
CRD_BB0C1B7398C4442C965C,SCRYDEX_JP,RAW,,3800.0000,KRW,3800,2026-06-29
CRD_BB1E084CEC1F4C23BA89,SCRYDEX_EN,RAW,,50.5000,USD,77592,2026-06-29
CRD_BB1E084CEC1F4C23BA89,SCRYDEX_JP,GRADED,10,,,443305,2026-06-29
CRD_BB1E084CEC1F4C23BA89,SCRYDEX_JP,GRADED,9,,,123579,2026-06-29
CRD_BB1E084CEC1F4C23BA89,SCRYDEX_JP,RAW,,75.3200,USD,115728,2026-06-29
CRD_BB2021E55A1B4B7CBE30,SCRYDEX_EN,RAW,,2.7100,USD,4145,2026-06-05
CRD_BB2021E55A1B4B7CBE30,SCRYDEX_JP,GRADED,10,,,53592,2026-06-29
CRD_BB2021E55A1B4B7CBE30,SCRYDEX_JP,GRADED,9,,,21926,2026-06-29
CRD_BB2021E55A1B4B7CBE30,SCRYDEX_JP,RAW,,1.3300,USD,2044,2026-06-29
CRD_BB2792DF08BD4BE4A1F2,SCRYDEX_EN,RAW,,21.5400,USD,32943,2026-06-05
CRD_BB2792DF08BD4BE4A1F2,SCRYDEX_JP,GRADED,10,,,64409,2026-06-29
CRD_BB2792DF08BD4BE4A1F2,SCRYDEX_JP,RAW,,49.9900,USD,76809,2026-06-29
CRD_BB2AE88D795B4BC39A64,SCRYDEX_EN,RAW,,4.0600,USD,6209,2026-06-05
CRD_BB2AE88D795B4BC39A64,SCRYDEX_JP,GRADED,10,,,84937,2026-06-29
CRD_BB2AE88D795B4BC39A64,SCRYDEX_JP,RAW,,3.0300,USD,4656,2026-06-29
CRD_BB580CF2765F4C48B7BB,SCRYDEX_EN,RAW,,6.2000,USD,9482,2026-06-05
CRD_BB580CF2765F4C48B7BB,SCRYDEX_JP,GRADED,10,,,138268,2026-06-29
CRD_BB580CF2765F4C48B7BB,SCRYDEX_JP,GRADED,9,,,28425,2026-06-29
CRD_BB580CF2765F4C48B7BB,SCRYDEX_JP,RAW,,18.2100,USD,27979,2026-06-29
CRD_BB59547714764CE4B9C2,SCRYDEX_EN,RAW,,6.8900,USD,10537,2026-06-05
CRD_BB59547714764CE4B9C2,SCRYDEX_JP,GRADED,10,,,64256,2026-06-29
CRD_BB59547714764CE4B9C2,SCRYDEX_JP,GRADED,9,,,23923,2026-06-29
CRD_BB59547714764CE4B9C2,SCRYDEX_JP,RAW,,7.4200,USD,11401,2026-06-29
CRD_BBA44F80E157446F9E8A,SCRYDEX_EN,RAW,,0.6200,USD,953,2026-06-29
CRD_BBA44F80E157446F9E8A,SCRYDEX_JP,GRADED,10,,,61444,2026-06-29
CRD_BBA44F80E157446F9E8A,SCRYDEX_JP,RAW,,0.3300,USD,507,2026-06-29
CRD_BBC2E062E3384B639FA8,SCRYDEX_EN,RAW,,79.4400,USD,122058,2026-06-29
CRD_BBC2E062E3384B639FA8,SCRYDEX_JP,GRADED,10,,,192690,2026-06-29
CRD_BBC2E062E3384B639FA8,SCRYDEX_JP,GRADED,9,,,133151,2026-06-29
CRD_BBC2E062E3384B639FA8,SCRYDEX_JP,RAW,,60.4400,USD,92865,2026-06-29
CRD_BBDFDA23088F44F3B3B8,SCRYDEX_EN,RAW,,108.8100,USD,167184,2026-06-29
CRD_BBDFDA23088F44F3B3B8,SCRYDEX_JP,GRADED,10,,,1920600,2026-06-29
CRD_BBE6EFDD0952406BA8C0,SCRYDEX_EN,RAW,,20.0600,USD,30822,2026-06-29
CRD_BBE6EFDD0952406BA8C0,SCRYDEX_JP,GRADED,10,,,53439,2026-06-29
CRD_BBE6EFDD0952406BA8C0,SCRYDEX_JP,GRADED,9,,,27672,2026-06-29
CRD_BBE6EFDD0952406BA8C0,SCRYDEX_JP,RAW,,12.5600,USD,19298,2026-06-29
CRD_BBF48E2A085C4050AA8B,SCRYDEX_EN,RAW,,500.0000,USD,764685,2026-06-05
CRD_BBF48E2A085C4050AA8B,SCRYDEX_JP,GRADED,10,,,1418079,2026-06-29
CRD_BBF48E2A085C4050AA8B,SCRYDEX_JP,GRADED,9,,,562352,2026-06-29
CRD_BBF48E2A085C4050AA8B,SCRYDEX_JP,RAW,,38000.0000,KRW,38000,2026-06-29
CRD_BC01567C0D53407F9CA0,SCRYDEX_EN,RAW,,2.6100,USD,3992,2026-06-05
CRD_BC01567C0D53407F9CA0,SCRYDEX_JP,GRADED,10,,,57910,2026-06-29
CRD_BC01567C0D53407F9CA0,SCRYDEX_JP,GRADED,9,,,25859,2026-06-29
CRD_BC01567C0D53407F9CA0,SCRYDEX_JP,RAW,,1.5900,USD,2443,2026-06-29
CRD_BC1C11E90BDF4F289E1A,SCRYDEX_EN,RAW,,2.0600,USD,3151,2026-06-05
CRD_BC1C11E90BDF4F289E1A,SCRYDEX_JP,GRADED,10,,,40594,2026-06-29
CRD_BC1C11E90BDF4F289E1A,SCRYDEX_JP,GRADED,9,,,19667,2026-06-29
CRD_BC1C11E90BDF4F289E1A,SCRYDEX_JP,RAW,,1.4600,USD,2243,2026-06-29
CRD_BC23459C3A854031B8A0,SCRYDEX_EN,RAW,,793.3700,USD,1218997,2026-06-29
CRD_BC23459C3A854031B8A0,SCRYDEX_JP,GRADED,10,,,594357,2026-06-29
CRD_BC23459C3A854031B8A0,SCRYDEX_JP,GRADED,9,,,391925,2026-06-29
CRD_BC23459C3A854031B8A0,SCRYDEX_JP,RAW,,274.1000,USD,421149,2026-06-29
CRD_BC2AD209CF444EE7A541,SCRYDEX_EN,RAW,,0.8500,USD,1300,2026-06-05
CRD_BC2AD209CF444EE7A541,SCRYDEX_JP,RAW,,1.1300,USD,1736,2026-06-29
CRD_BC37591EA9BD4AFE9BD5,SCRYDEX_EN,RAW,,19.4000,USD,29808,2026-06-29
CRD_BC37591EA9BD4AFE9BD5,SCRYDEX_JP,GRADED,10,,,65930,2026-06-29
CRD_BC37591EA9BD4AFE9BD5,SCRYDEX_JP,GRADED,9,,,23815,2026-06-29
CRD_BC37591EA9BD4AFE9BD5,SCRYDEX_JP,RAW,,11.9500,USD,18361,2026-06-29
CRD_BC53EA80A3024F12B207,SCRYDEX_JP,GRADED,10,,,230564,2026-06-29
CRD_BC53EA80A3024F12B207,SCRYDEX_JP,RAW,,4.5800,USD,7037,2026-06-29
CRD_BC5D8A5B4A5049FC8235,SCRYDEX_EN,RAW,,1.6000,USD,2458,2026-06-29
CRD_BC5D8A5B4A5049FC8235,SCRYDEX_JP,GRADED,10,,,45787,2026-06-29
CRD_BC5D8A5B4A5049FC8235,SCRYDEX_JP,RAW,,1.8400,USD,2827,2026-06-29
CRD_BC643F61B6A0A15DA4F179160FCF9B92,SCRYDEX_JP,GRADED,10,,,16155918,2026-06-29
CRD_BC643F61B6A0A15DA4F179160FCF9B92,SCRYDEX_JP,GRADED,9,,,9818814,2026-06-29
CRD_BC7A6C4E12004FA0918B,SCRYDEX_EN,RAW,,2.1500,USD,3288,2026-06-05
CRD_BC7A6C4E12004FA0918B,SCRYDEX_JP,GRADED,10,,,49075,2026-06-29
CRD_BC7A6C4E12004FA0918B,SCRYDEX_JP,RAW,,2.4000,USD,3688,2026-06-29
CRD_BC94D56140324F5E8B10,SCRYDEX_EN,RAW,,9.9800,USD,15334,2026-06-29
CRD_BC94D56140324F5E8B10,SCRYDEX_JP,GRADED,10,,,101838,2026-06-29
CRD_BC94D56140324F5E8B10,SCRYDEX_JP,GRADED,9,,,31160,2026-06-29
CRD_BC94D56140324F5E8B10,SCRYDEX_JP,RAW,,6.5500,USD,10064,2026-06-29
CRD_BC975C84189F46CDAFBF,SCRYDEX_EN,RAW,,233.0900,USD,358138,2026-06-29
CRD_BC975C84189F46CDAFBF,SCRYDEX_JP,GRADED,10,,,1693524,2026-06-29
CRD_BC975C84189F46CDAFBF,SCRYDEX_JP,GRADED,9,,,601916,2026-06-29
CRD_BC975C84189F46CDAFBF,SCRYDEX_JP,RAW,,1140000.0000,KRW,1140000,2026-06-29
CRD_BCA5D115D41A4E2A875F,SCRYDEX_EN,RAW,,0.8800,USD,1346,2026-06-05
CRD_BCA5D115D41A4E2A875F,SCRYDEX_JP,GRADED,10,,,40824,2026-06-29
CRD_BCA5D115D41A4E2A875F,SCRYDEX_JP,GRADED,9,,,23047,2026-06-29
CRD_BCA5D115D41A4E2A875F,SCRYDEX_JP,RAW,,0.4600,USD,707,2026-06-29
CRD_BCAD270973224770B3FD,SCRYDEX_EN,RAW,,67.7800,USD,104143,2026-06-29
CRD_BCAD270973224770B3FD,SCRYDEX_JP,GRADED,10,,,328330,2026-06-29
CRD_BCAD270973224770B3FD,SCRYDEX_JP,GRADED,9,,,86826,2026-06-29
CRD_BCAD270973224770B3FD,SCRYDEX_JP,RAW,,33.4500,USD,51395,2026-06-29
CRD_BD23A2FE3D6140978DFB,SCRYDEX_EN,RAW,,57.8100,USD,88824,2026-06-29
CRD_BD23A2FE3D6140978DFB,SCRYDEX_JP,GRADED,10,,,189417,2026-06-29
CRD_BD23A2FE3D6140978DFB,SCRYDEX_JP,GRADED,9,,,50519,2026-06-29
CRD_BD23A2FE3D6140978DFB,SCRYDEX_JP,RAW,,39.9500,USD,61382,2026-06-29
CRD_BD32C4DD974E418FB16F,SCRYDEX_EN,RAW,,13.6200,USD,20927,2026-06-29
CRD_BD32C4DD974E418FB16F,SCRYDEX_JP,GRADED,10,,,58540,2026-06-29
CRD_BD32C4DD974E418FB16F,SCRYDEX_JP,GRADED,9,,,25121,2026-06-29
CRD_BD32C4DD974E418FB16F,SCRYDEX_JP,RAW,,6.8200,USD,10479,2026-06-29
CRD_BD598DEBF42248F3A0D7,SCRYDEX_EN,RAW,,8.0600,USD,12161,2026-06-18
CRD_BD598DEBF42248F3A0D7,SCRYDEX_JP,GRADED,10,,,66960,2026-06-29
CRD_BD598DEBF42248F3A0D7,SCRYDEX_JP,GRADED,9,,,26059,2026-06-29
CRD_BD598DEBF42248F3A0D7,SCRYDEX_JP,RAW,,15.5500,USD,23892,2026-06-29
CRD_BD9788C17AE247EC9735,SCRYDEX_EN,RAW,,2.9500,USD,4512,2026-06-05
CRD_BD9788C17AE247EC9735,SCRYDEX_JP,GRADED,10,,,79282,2026-06-29
CRD_BD9788C17AE247EC9735,SCRYDEX_JP,RAW,,5.7400,USD,8819,2026-06-29
CRD_BDBA1831790543D0A08B,SCRYDEX_EN,RAW,,2.6000,USD,3976,2026-06-05
CRD_BDBA1831790543D0A08B,SCRYDEX_JP,GRADED,10,,,78360,2026-06-29
CRD_BDBA1831790543D0A08B,SCRYDEX_JP,RAW,,4.2400,USD,6515,2026-06-29
CRD_BDC1ABE01CFF4D5CA326,SCRYDEX_EN,RAW,,36.2100,USD,55636,2026-06-29
CRD_BDC1ABE01CFF4D5CA326,SCRYDEX_JP,GRADED,10,,,116726,2026-06-29
CRD_BDC1ABE01CFF4D5CA326,SCRYDEX_JP,GRADED,9,,,53715,2026-06-29
CRD_BDC1ABE01CFF4D5CA326,SCRYDEX_JP,RAW,,16.1400,USD,24799,2026-06-29
CRD_BDD8F152587B432C9CED,SCRYDEX_EN,RAW,,0.6600,USD,1009,2026-06-05
CRD_BDD8F152587B432C9CED,SCRYDEX_JP,GRADED,10,,,35093,2026-06-29
CRD_BDD8F152587B432C9CED,SCRYDEX_JP,RAW,,0.2600,USD,399,2026-06-29
CRD_BDD95E418BFE4188A58A,SCRYDEX_EN,RAW,,1.6400,USD,2508,2026-06-05
CRD_BDD95E418BFE4188A58A,SCRYDEX_JP,GRADED,10,,,57649,2026-06-29
CRD_BDD95E418BFE4188A58A,SCRYDEX_JP,RAW,,0.9900,USD,1521,2026-06-29
CRD_BDFAAB604BE94203ADDE,SCRYDEX_EN,RAW,,24.6400,USD,37859,2026-06-29
CRD_BDFAAB604BE94203ADDE,SCRYDEX_JP,GRADED,10,,,72276,2026-06-29
CRD_BDFAAB604BE94203ADDE,SCRYDEX_JP,GRADED,9,,,21664,2026-06-29
CRD_BDFAAB604BE94203ADDE,SCRYDEX_JP,RAW,,4.7300,USD,7268,2026-06-29
CRD_BE0337E9E178414A89BA,SCRYDEX_EN,RAW,,1.5200,USD,2325,2026-06-05
CRD_BE0337E9E178414A89BA,SCRYDEX_JP,GRADED,10,,,53009,2026-06-29
CRD_BE0337E9E178414A89BA,SCRYDEX_JP,GRADED,9,,,32266,2026-06-29
CRD_BE0337E9E178414A89BA,SCRYDEX_JP,RAW,,1.0000,USD,1536,2026-06-29
CRD_BE12D91B22794119B3E1,SCRYDEX_EN,RAW,,33.4700,USD,51188,2026-06-05
CRD_BE12D91B22794119B3E1,SCRYDEX_JP,GRADED,10,,,3841200,2026-06-29
CRD_BE12D91B22794119B3E1,SCRYDEX_JP,RAW,,807500.0000,KRW,807500,2026-06-29
CRD_BE15DB54E85D437389C2,SCRYDEX_EN,RAW,,199.1200,USD,305944,2026-06-29
CRD_BE15DB54E85D437389C2,SCRYDEX_JP,GRADED,10,,,769654,2026-06-29
CRD_BE15DB54E85D437389C2,SCRYDEX_JP,GRADED,9,,,230779,2026-06-29
CRD_BE15DB54E85D437389C2,SCRYDEX_JP,RAW,,110.0000,USD,169013,2026-06-29
CRD_BE2C80A0B66343AA892E,SCRYDEX_EN,RAW,,20.9000,USD,32112,2026-06-29
CRD_BE2C80A0B66343AA892E,SCRYDEX_JP,GRADED,10,,,66545,2026-06-28
CRD_BE2C80A0B66343AA892E,SCRYDEX_JP,GRADED,9,,,25506,2026-06-28
CRD_BE2C80A0B66343AA892E,SCRYDEX_JP,RAW,,6.0200,USD,9250,2026-06-28
CRD_BE2FA43F663B4D16BA9C,SCRYDEX_EN,RAW,,10.8100,USD,16532,2026-06-05
CRD_BE2FA43F663B4D16BA9C,SCRYDEX_JP,GRADED,10,,,72952,2026-06-29
CRD_BE2FA43F663B4D16BA9C,SCRYDEX_JP,GRADED,9,,,31897,2026-06-29
CRD_BE2FA43F663B4D16BA9C,SCRYDEX_JP,RAW,,3.7800,USD,5808,2026-06-29
CRD_BE3F68E6C31B480581DD,SCRYDEX_EN,RAW,,0.7000,USD,1071,2026-06-05
CRD_BE3F68E6C31B480581DD,SCRYDEX_JP,GRADED,10,,,49459,2026-06-29
CRD_BE3F68E6C31B480581DD,SCRYDEX_JP,RAW,,0.3600,USD,553,2026-06-29
CRD_BE6756C32CA74D509D22,SCRYDEX_EN,RAW,,6.9700,USD,10660,2026-06-05
CRD_BE6756C32CA74D509D22,SCRYDEX_JP,GRADED,10,,,60783,2026-06-29
CRD_BE6756C32CA74D509D22,SCRYDEX_JP,GRADED,9,,,31882,2026-06-29
CRD_BE6756C32CA74D509D22,SCRYDEX_JP,RAW,,4.0400,USD,6207,2026-06-29
CRD_BE82877EE7B04D848D1B,SCRYDEX_EN,RAW,,21.8200,USD,33371,2026-06-05
CRD_BE82877EE7B04D848D1B,SCRYDEX_JP,GRADED,10,,,121505,2026-06-29
CRD_BE82877EE7B04D848D1B,SCRYDEX_JP,GRADED,9,,,38765,2026-06-29
CRD_BE82877EE7B04D848D1B,SCRYDEX_JP,RAW,,12.2900,USD,18883,2026-06-29
CRD_BE89EA3D6FBF480F9472,SCRYDEX_EN,RAW,,2.3900,USD,3655,2026-06-05
CRD_BE89EA3D6FBF480F9472,SCRYDEX_JP,GRADED,10,,,32420,2026-06-29
CRD_BE89EA3D6FBF480F9472,SCRYDEX_JP,GRADED,9,,,21541,2026-06-29
CRD_BE89EA3D6FBF480F9472,SCRYDEX_JP,RAW,,3.6800,USD,5654,2026-06-29
CRD_BE8BC1ED2FFA48EFAEE0,SCRYDEX_EN,RAW,,3.5000,USD,5353,2026-06-05
CRD_BE8BC1ED2FFA48EFAEE0,SCRYDEX_JP,GRADED,10,,,48814,2026-06-29
CRD_BE8BC1ED2FFA48EFAEE0,SCRYDEX_JP,GRADED,9,,,30253,2026-06-29
CRD_BE8BC1ED2FFA48EFAEE0,SCRYDEX_JP,RAW,,1.5800,USD,2428,2026-06-29
CRD_BE950F4C173D4903A25D,SCRYDEX_EN,RAW,,22.1600,USD,34048,2026-06-29
CRD_BE950F4C173D4903A25D,SCRYDEX_JP,GRADED,10,,,62058,2026-06-29
CRD_BE950F4C173D4903A25D,SCRYDEX_JP,GRADED,9,,,13275,2026-06-29
CRD_BE950F4C173D4903A25D,SCRYDEX_JP,RAW,,7.3400,USD,11278,2026-06-29
CRD_BE9FEC8AE3E9478EB79E,SCRYDEX_EN,RAW,,0.7500,USD,1147,2026-06-05
CRD_BE9FEC8AE3E9478EB79E,SCRYDEX_JP,GRADED,10,,,42653,2026-06-29
CRD_BE9FEC8AE3E9478EB79E,SCRYDEX_JP,GRADED,9,,,9987,2026-06-29
CRD_BE9FEC8AE3E9478EB79E,SCRYDEX_JP,RAW,,0.2900,USD,446,2026-06-29
CRD_BEB0E75C862E4647B482,SCRYDEX_EN,RAW,,1.8800,USD,2875,2026-06-05
CRD_BEB0E75C862E4647B482,SCRYDEX_JP,GRADED,10,,,75564,2026-06-29
CRD_BEB0E75C862E4647B482,SCRYDEX_JP,GRADED,9,,,152112,2026-06-29
CRD_BEB0E75C862E4647B482,SCRYDEX_JP,RAW,,1.6100,USD,2474,2026-06-29
CRD_BEB146883AF3442F81D9,SCRYDEX_EN,RAW,,5.9800,USD,9188,2026-06-29
CRD_BEB146883AF3442F81D9,SCRYDEX_JP,RAW,,6.9800,USD,10725,2026-06-29
CRD_BECB62345F92435AB0E2,SCRYDEX_EN,RAW,,74.1500,USD,113930,2026-06-29
CRD_BECB62345F92435AB0E2,SCRYDEX_JP,GRADED,10,,,114959,2026-06-29
CRD_BECB62345F92435AB0E2,SCRYDEX_JP,GRADED,9,,,43867,2026-06-29
CRD_BECB62345F92435AB0E2,SCRYDEX_JP,RAW,,15.8100,USD,24292,2026-06-29
CRD_BED3E8E4C2A24CE9B22C,SCRYDEX_EN,RAW,,21.6900,USD,33326,2026-06-29
CRD_BED3E8E4C2A24CE9B22C,SCRYDEX_JP,GRADED,10,,,77054,2026-06-29
CRD_BED3E8E4C2A24CE9B22C,SCRYDEX_JP,GRADED,9,,,32435,2026-06-29
CRD_BED3E8E4C2A24CE9B22C,SCRYDEX_JP,RAW,,20.5100,USD,31513,2026-06-29
CRD_BEEC7EC2646C4D2AA6E9,SCRYDEX_EN,RAW,,8.0900,USD,12430,2026-06-29
CRD_BEEC7EC2646C4D2AA6E9,SCRYDEX_JP,GRADED,10,,,42607,2026-06-29
CRD_BEEC7EC2646C4D2AA6E9,SCRYDEX_JP,GRADED,9,,,15349,2026-06-29
CRD_BEEC7EC2646C4D2AA6E9,SCRYDEX_JP,RAW,,3.2200,USD,4947,2026-06-29
CRD_BEEDDDF92F76487894E3,SCRYDEX_EN,RAW,,4.8600,USD,7433,2026-06-05
CRD_BEEDDDF92F76487894E3,SCRYDEX_JP,GRADED,10,,,63334,2026-06-29
CRD_BEEDDDF92F76487894E3,SCRYDEX_JP,RAW,,1.2500,USD,1921,2026-06-29
CRD_BF0B13F713C54C379992,SCRYDEX_EN,RAW,,1.2800,USD,1958,2026-06-05
CRD_BF0B13F713C54C379992,SCRYDEX_JP,RAW,,0.6500,USD,999,2026-06-29
CRD_BF0BAA33D5244D7D9AE4,SCRYDEX_EN,RAW,,8.9800,USD,13798,2026-06-29
CRD_BF0BAA33D5244D7D9AE4,SCRYDEX_JP,GRADED,10,,,31498,2026-06-29
CRD_BF0BAA33D5244D7D9AE4,SCRYDEX_JP,RAW,,5.9600,USD,9157,2026-06-29
CRD_BF0F5557B756404B95E3,SCRYDEX_EN,RAW,,0.9200,USD,1407,2026-06-05
CRD_BF0F5557B756404B95E3,SCRYDEX_JP,GRADED,10,,,30730,2026-06-29
CRD_BF0F5557B756404B95E3,SCRYDEX_JP,RAW,,0.8700,USD,1337,2026-06-29
CRD_BF1800988BEF4236B004,SCRYDEX_EN,RAW,,1.0700,USD,1636,2026-06-05
CRD_BF1800988BEF4236B004,SCRYDEX_JP,GRADED,10,,,61459,2026-06-29
CRD_BF1800988BEF4236B004,SCRYDEX_JP,GRADED,9,,,46094,2026-06-29
CRD_BF1800988BEF4236B004,SCRYDEX_JP,RAW,,0.4700,USD,722,2026-06-29
CRD_BF2A02781B26488BA64B,SCRYDEX_EN,RAW,,53.3400,USD,81956,2026-06-29
CRD_BF2A02781B26488BA64B,SCRYDEX_JP,GRADED,10,,,96783,2026-06-29
CRD_BF2A02781B26488BA64B,SCRYDEX_JP,GRADED,9,,,32251,2026-06-29
CRD_BF2A02781B26488BA64B,SCRYDEX_JP,RAW,,25.3300,USD,38919,2026-06-29
CRD_BF2EC3DA51FE45219EFA,SCRYDEX_EN,RAW,,0.8500,USD,1300,2026-06-05
CRD_BF2EC3DA51FE45219EFA,SCRYDEX_JP,GRADED,10,,,63841,2026-06-29
CRD_BF2EC3DA51FE45219EFA,SCRYDEX_JP,GRADED,9,,,18438,2026-06-29
CRD_BF2EC3DA51FE45219EFA,SCRYDEX_JP,RAW,,0.4200,USD,645,2026-06-29
CRD_BF34F5EA41394ACEBF4D,SCRYDEX_EN,RAW,,0.7900,USD,1208,2026-06-05
CRD_BF531C372C7F46138B80,SCRYDEX_EN,RAW,,0.7600,USD,1162,2026-06-05
CRD_BF531C372C7F46138B80,SCRYDEX_JP,GRADED,10,,,86550,2026-06-29
CRD_BF531C372C7F46138B80,SCRYDEX_JP,RAW,,0.4400,USD,676,2026-06-29
CRD_BF68BBD0D4414170AFD2,SCRYDEX_EN,RAW,,17.5300,USD,26934,2026-06-29
CRD_BF68BBD0D4414170AFD2,SCRYDEX_JP,GRADED,10,,,91728,2026-06-29
CRD_BF68BBD0D4414170AFD2,SCRYDEX_JP,RAW,,12.2400,USD,18807,2026-06-29
CRD_BF6C559F974242FA94CE,SCRYDEX_EN,RAW,,17.5100,USD,26779,2026-06-05
CRD_BF8B331F32534677B557,SCRYDEX_EN,RAW,,1.9000,USD,2919,2026-06-29
CRD_BF8B331F32534677B557,SCRYDEX_JP,GRADED,10,,,54668,2026-06-29
CRD_BF8B331F32534677B557,SCRYDEX_JP,GRADED,9,,,20789,2026-06-29
CRD_BF8B331F32534677B557,SCRYDEX_JP,RAW,,1.1200,USD,1721,2026-06-29
CRD_BFE18CF6495A4D4DBB92,SCRYDEX_EN,RAW,,5.2900,USD,7982,2026-06-18
CRD_BFE18CF6495A4D4DBB92,SCRYDEX_JP,GRADED,10,,,126314,2026-06-29
CRD_BFE18CF6495A4D4DBB92,SCRYDEX_JP,RAW,,5.9900,USD,9204,2026-06-29
CRD_BFFE0E9B11644655B42B,SCRYDEX_EN,RAW,,28.8200,USD,44281,2026-06-29
CRD_BFFE0E9B11644655B42B,SCRYDEX_JP,GRADED,10,,,58140,2026-06-29
CRD_BFFE0E9B11644655B42B,SCRYDEX_JP,GRADED,9,,,20404,2026-06-29
CRD_BFFE0E9B11644655B42B,SCRYDEX_JP,RAW,,14.8400,USD,22801,2026-06-29
CRD_C00E1C8CFE15D51E795F88D9D5D14E94,SCRYDEX_JP,GRADED,10,,,3456281,2026-06-29
CRD_C00E1C8CFE15D51E795F88D9D5D14E94,SCRYDEX_JP,GRADED,9,,,2005491,2026-06-29
CRD_C01B9679589B47678C03,SCRYDEX_EN,RAW,,44.4500,USD,67980,2026-06-05
CRD_C01B9679589B47678C03,SCRYDEX_JP,GRADED,10,,,583862,2026-06-29
CRD_C01B9679589B47678C03,SCRYDEX_JP,GRADED,9,,,47954,2026-06-29
CRD_C01B9679589B47678C03,SCRYDEX_JP,RAW,,20.0000,USD,30730,2026-06-29
CRD_C01ECCA4431A44B09D3B,SCRYDEX_EN,RAW,,9.6200,USD,14713,2026-06-05
CRD_C01ECCA4431A44B09D3B,SCRYDEX_JP,GRADED,10,,,91328,2026-06-29
CRD_C01ECCA4431A44B09D3B,SCRYDEX_JP,GRADED,9,,,43206,2026-06-29
CRD_C01ECCA4431A44B09D3B,SCRYDEX_JP,RAW,,3.4400,USD,5285,2026-06-29
CRD_C041DE21E72A4D9498F0,SCRYDEX_EN,RAW,,69.0000,USD,105527,2026-06-05
CRD_C041DE21E72A4D9498F0,SCRYDEX_JP,GRADED,10,,,558526,2026-06-29
CRD_C041DE21E72A4D9498F0,SCRYDEX_JP,GRADED,9,,,99564,2026-06-29
CRD_C041DE21E72A4D9498F0,SCRYDEX_JP,RAW,,10.0000,USD,15365,2026-06-29
CRD_C0490A67B50C41B78069,SCRYDEX_EN,RAW,,15.7000,USD,24123,2026-06-29
CRD_C0490A67B50C41B78069,SCRYDEX_JP,GRADED,10,,,189571,2026-06-29
CRD_C0490A67B50C41B78069,SCRYDEX_JP,GRADED,9,,,42622,2026-06-29
CRD_C0490A67B50C41B78069,SCRYDEX_JP,RAW,,4.8100,USD,7390,2026-06-29
CRD_C04E029C65C04840BDAD,SCRYDEX_JP,RAW,,5.2400,USD,8051,2026-06-29
CRD_C05727E691684E0B93AF,SCRYDEX_EN,RAW,,116.8200,USD,178661,2026-06-05
CRD_C05727E691684E0B93AF,SCRYDEX_JP,GRADED,10,,,2316751,2026-06-29
CRD_C05727E691684E0B93AF,SCRYDEX_JP,GRADED,9,,,233238,2026-06-29
CRD_C06423A2D6344CF88D62,SCRYDEX_EN,RAW,,2.5100,USD,3839,2026-06-05
CRD_C0757BA5FDB846169FFD,SCRYDEX_EN,RAW,,3.9800,USD,6087,2026-06-05
CRD_C0757BA5FDB846169FFD,SCRYDEX_JP,GRADED,10,,,62550,2026-06-29
CRD_C0757BA5FDB846169FFD,SCRYDEX_JP,GRADED,9,,,25967,2026-06-29
CRD_C0757BA5FDB846169FFD,SCRYDEX_JP,RAW,,6.4800,USD,9956,2026-06-29
CRD_C09A904A2D634B4383A4,SCRYDEX_EN,RAW,,25.7700,USD,39595,2026-06-29
CRD_C09A904A2D634B4383A4,SCRYDEX_JP,GRADED,10,,,139236,2026-06-29
CRD_C09A904A2D634B4383A4,SCRYDEX_JP,GRADED,9,,,32404,2026-06-29
CRD_C09A904A2D634B4383A4,SCRYDEX_JP,RAW,,29.8200,USD,45818,2026-06-29
CRD_C0A365CA88A64A5BB52A,SCRYDEX_EN,RAW,,2.0500,USD,3135,2026-06-05
CRD_C0A365CA88A64A5BB52A,SCRYDEX_JP,GRADED,10,,,37290,2026-06-29
CRD_C0A365CA88A64A5BB52A,SCRYDEX_JP,RAW,,0.7800,USD,1198,2026-06-29
CRD_C0B2871F43DE5625581F,SCRYDEX_EN,RAW,,60.8400,USD,93479,2026-06-29
CRD_C0B2871F43DE5625581F,SCRYDEX_JP,GRADED,10,,,208900,2026-06-29
CRD_C0B2871F43DE5625581F,SCRYDEX_JP,GRADED,9,,,59615,2026-06-29
CRD_C0B2871F43DE5625581F,SCRYDEX_JP,RAW,,20.6800,USD,31774,2026-06-29
CRD_C0B9156965764BADB0C5,SCRYDEX_EN,RAW,,87.9800,USD,135180,2026-06-29
CRD_C0B9156965764BADB0C5,SCRYDEX_JP,GRADED,10,,,497697,2026-06-29
CRD_C0B9156965764BADB0C5,SCRYDEX_JP,GRADED,9,,,89300,2026-06-29
CRD_C0B9156965764BADB0C5,SCRYDEX_JP,RAW,,61.5300,USD,94540,2026-06-29
CRD_C0CD75FE2CCE46389DA9,SCRYDEX_EN,RAW,,4.2200,USD,6484,2026-06-29
CRD_C0CD75FE2CCE46389DA9,SCRYDEX_JP,GRADED,10,,,55375,2026-06-29
CRD_C0CD75FE2CCE46389DA9,SCRYDEX_JP,RAW,,0.2600,USD,399,2026-06-29
CRD_C0DE715FF08247A1BCA3,SCRYDEX_EN,RAW,,46.2200,USD,71016,2026-06-29
CRD_C0DE715FF08247A1BCA3,SCRYDEX_JP,GRADED,9,,,116772,2026-06-29
CRD_C0DE715FF08247A1BCA3,SCRYDEX_JP,RAW,,62.5000,USD,96030,2026-06-29
CRD_C0FD791CFBCB5AE1036E,SCRYDEX_JP,GRADED,10,,,76716,2026-06-29
CRD_C0FD791CFBCB5AE1036E,SCRYDEX_JP,GRADED,9,,,26120,2026-06-29
CRD_C0FD791CFBCB5AE1036E,SCRYDEX_JP,RAW,,6.5000,USD,9987,2026-06-29
CRD_C117A9E19A5E433BA318,SCRYDEX_EN,RAW,,4.3100,USD,6592,2026-06-05
CRD_C117A9E19A5E433BA318,SCRYDEX_JP,GRADED,10,,,67113,2026-06-29
CRD_C117A9E19A5E433BA318,SCRYDEX_JP,GRADED,9,,,39380,2026-06-29
CRD_C117A9E19A5E433BA318,SCRYDEX_JP,RAW,,22.9400,USD,35247,2026-06-29
CRD_C120B46573824D1A87A3,SCRYDEX_EN,RAW,,15.4100,USD,23677,2026-06-29
CRD_C120B46573824D1A87A3,SCRYDEX_JP,GRADED,10,,,79113,2026-06-29
CRD_C120B46573824D1A87A3,SCRYDEX_JP,GRADED,9,,,52087,2026-06-29
CRD_C120B46573824D1A87A3,SCRYDEX_JP,RAW,,26.2100,USD,40271,2026-06-29
CRD_C123706D03224508B63B,SCRYDEX_EN,RAW,,15.6500,USD,24046,2026-06-29
CRD_C123706D03224508B63B,SCRYDEX_JP,GRADED,10,,,46555,2026-06-29
CRD_C123706D03224508B63B,SCRYDEX_JP,GRADED,9,,,15749,2026-06-29
CRD_C123706D03224508B63B,SCRYDEX_JP,RAW,,3.1600,USD,4855,2026-06-29
CRD_C12CF65370894C5581E4,SCRYDEX_EN,RAW,,1.5300,USD,2340,2026-06-05
CRD_C12CF65370894C5581E4,SCRYDEX_JP,GRADED,10,,,39933,2026-06-29
CRD_C12CF65370894C5581E4,SCRYDEX_JP,GRADED,9,,,13828,2026-06-29
CRD_C12CF65370894C5581E4,SCRYDEX_JP,RAW,,2.2000,USD,3380,2026-06-29
CRD_C13EA4410A084742AAA9,SCRYDEX_EN,RAW,,4.2400,USD,6485,2026-06-05
CRD_C13EA4410A084742AAA9,SCRYDEX_JP,GRADED,10,,,55836,2026-06-29
CRD_C13EA4410A084742AAA9,SCRYDEX_JP,GRADED,9,,,10171,2026-06-29
CRD_C13EA4410A084742AAA9,SCRYDEX_JP,RAW,,5.4500,USD,8374,2026-06-29
CRD_C1430E514E7A4341B76C,SCRYDEX_EN,RAW,,17.9700,USD,27483,2026-06-05
CRD_C1430E514E7A4341B76C,SCRYDEX_JP,GRADED,10,,,96199,2026-06-29
CRD_C1430E514E7A4341B76C,SCRYDEX_JP,GRADED,9,,,32036,2026-06-29
CRD_C1430E514E7A4341B76C,SCRYDEX_JP,RAW,,6.3100,USD,9695,2026-06-29
CRD_C14EA7DC5F234B078571,SCRYDEX_EN,RAW,,6.1500,USD,9406,2026-06-05
CRD_C14EA7DC5F234B078571,SCRYDEX_JP,GRADED,10,,,40686,2026-06-29
CRD_C14EA7DC5F234B078571,SCRYDEX_JP,GRADED,9,,,28671,2026-06-29
CRD_C14EA7DC5F234B078571,SCRYDEX_JP,RAW,,3.7700,USD,5793,2026-06-29
CRD_C1608F37F71B44D08013,SCRYDEX_EN,RAW,,144.7400,USD,222322,2026-06-27
CRD_C1608F37F71B44D08013,SCRYDEX_JP,GRADED,10,,,1894787,2026-06-29
CRD_C1608F37F71B44D08013,SCRYDEX_JP,RAW,,1425000.0000,KRW,1425000,2026-06-29
CRD_C168AAFB91D64962B256,SCRYDEX_EN,RAW,,2.2600,USD,3456,2026-06-05
CRD_C168AAFB91D64962B256,SCRYDEX_JP,GRADED,10,,,48292,2026-06-29
CRD_C168AAFB91D64962B256,SCRYDEX_JP,RAW,,1.1800,USD,1813,2026-06-29
CRD_C183A625C76743C5ABCD,SCRYDEX_EN,RAW,,5.1700,USD,7907,2026-06-05
CRD_C183A625C76743C5ABCD,SCRYDEX_JP,GRADED,10,,,53500,2026-06-29
CRD_C183A625C76743C5ABCD,SCRYDEX_JP,RAW,,4.7000,USD,7221,2026-06-29
CRD_C196FA6AC8E54F73BCFC,SCRYDEX_EN,RAW,,16.3100,USD,25060,2026-06-29
CRD_C196FA6AC8E54F73BCFC,SCRYDEX_JP,GRADED,10,,,87533,2026-06-29
CRD_C196FA6AC8E54F73BCFC,SCRYDEX_JP,GRADED,9,,,25506,2026-06-29
CRD_C196FA6AC8E54F73BCFC,SCRYDEX_JP,RAW,,2.7300,USD,4195,2026-06-29
CRD_C19CBFBFDA7B4814A109,SCRYDEX_EN,RAW,,33.4200,USD,51349,2026-06-29
CRD_C19CBFBFDA7B4814A109,SCRYDEX_JP,GRADED,10,,,59262,2026-06-29
CRD_C19CBFBFDA7B4814A109,SCRYDEX_JP,GRADED,9,,,26305,2026-06-29
CRD_C19CBFBFDA7B4814A109,SCRYDEX_JP,RAW,,4.5900,USD,7052,2026-06-29
CRD_C19EA4CD8F604CCE8CFA,SCRYDEX_EN,RAW,,5.4900,USD,8396,2026-06-05
CRD_C19EA4CD8F604CCE8CFA,SCRYDEX_JP,GRADED,10,,,36906,2026-06-29
CRD_C19EA4CD8F604CCE8CFA,SCRYDEX_JP,RAW,,7.4900,USD,11508,2026-06-29
CRD_C1D0A9CD6A504D1B974A,SCRYDEX_EN,RAW,,0.6400,USD,979,2026-06-05
CRD_C1D57B8B7B35C7ECE1FC,SCRYDEX_EN,RAW,,66.4000,USD,102022,2026-06-29
CRD_C1D57B8B7B35C7ECE1FC,SCRYDEX_JP,GRADED,10,,,87426,2026-06-29
CRD_C1D57B8B7B35C7ECE1FC,SCRYDEX_JP,GRADED,9,,,24261,2026-06-29
CRD_C1D57B8B7B35C7ECE1FC,SCRYDEX_JP,RAW,,18.6700,USD,28686,2026-06-29
CRD_C1DA511430EB46B79854,SCRYDEX_EN,RAW,,0.6400,USD,979,2026-06-05
CRD_C1DA511430EB46B79854,SCRYDEX_JP,GRADED,10,,,37290,2026-06-28
CRD_C1DA511430EB46B79854,SCRYDEX_JP,GRADED,9,,,5255,2026-06-28
CRD_C1DA511430EB46B79854,SCRYDEX_JP,RAW,,0.2700,USD,415,2026-06-28
CRD_C1E6E62B68CA49EBA053,SCRYDEX_EN,RAW,,2.0900,USD,3196,2026-06-05
CRD_C1E6E62B68CA49EBA053,SCRYDEX_JP,RAW,,1.6000,USD,2458,2026-06-29
CRD_C1ED974D21D945F6AE35,SCRYDEX_EN,RAW,,493.2900,USD,757930,2026-06-29
CRD_C1ED974D21D945F6AE35,SCRYDEX_JP,GRADED,10,,,3745370,2026-06-29
CRD_C1ED974D21D945F6AE35,SCRYDEX_JP,GRADED,9,,,1781871,2026-06-29
CRD_C1ED974D21D945F6AE35,SCRYDEX_JP,RAW,,278.0000,USD,427141,2026-06-29
CRD_C204E7C7962B4792A212,SCRYDEX_EN,RAW,,113.4900,USD,173568,2026-06-05
CRD_C204E7C7962B4792A212,SCRYDEX_JP,GRADED,10,,,1086399,2026-06-29
CRD_C204E7C7962B4792A212,SCRYDEX_JP,GRADED,9,,,117003,2026-06-29
CRD_C204E7C7962B4792A212,SCRYDEX_JP,RAW,,28500.0000,KRW,28500,2026-06-29
CRD_C21B5D38B82C454CBA6D,SCRYDEX_EN,RAW,,22.2500,USD,34028,2026-06-05
CRD_C21B5D38B82C454CBA6D,SCRYDEX_JP,GRADED,10,,,141033,2026-06-29
CRD_C21B5D38B82C454CBA6D,SCRYDEX_JP,GRADED,9,,,51472,2026-06-29
CRD_C21B5D38B82C454CBA6D,SCRYDEX_JP,RAW,,28.9900,USD,44543,2026-06-29
CRD_C24816ED007D4FA3AB68,SCRYDEX_EN,RAW,,0.7500,USD,1147,2026-06-05
CRD_C24816ED007D4FA3AB68,SCRYDEX_JP,RAW,,0.4200,USD,645,2026-06-29
CRD_C25940958F57A0DE60C8,SCRYDEX_JP,GRADED,10,,,185853,2026-06-29
CRD_C25940958F57A0DE60C8,SCRYDEX_JP,GRADED,9,,,25751,2026-06-29
CRD_C25940958F57A0DE60C8,SCRYDEX_JP,RAW,,8.6600,USD,13306,2026-06-29
CRD_C2779FB305824DED9533,SCRYDEX_EN,RAW,,14.3200,USD,22002,2026-06-29
CRD_C2779FB305824DED9533,SCRYDEX_JP,GRADED,10,,,75795,2026-06-29
CRD_C2779FB305824DED9533,SCRYDEX_JP,GRADED,9,,,28102,2026-06-29
CRD_C2779FB305824DED9533,SCRYDEX_JP,RAW,,8.4400,USD,12968,2026-06-29
CRD_C284B6140DDE4A00A093,SCRYDEX_EN,RAW,,7.2000,USD,11011,2026-06-05
CRD_C284B6140DDE4A00A093,SCRYDEX_JP,GRADED,10,,,148147,2026-06-29
CRD_C284B6140DDE4A00A093,SCRYDEX_JP,GRADED,9,,,28517,2026-06-29
CRD_C284B6140DDE4A00A093,SCRYDEX_JP,RAW,,1.6600,USD,2551,2026-06-29
CRD_C2853FCE66E848CFBA00,SCRYDEX_EN,RAW,,19.5600,USD,29914,2026-06-05
CRD_C2853FCE66E848CFBA00,SCRYDEX_JP,GRADED,10,,,222651,2026-06-29
CRD_C2853FCE66E848CFBA00,SCRYDEX_JP,GRADED,9,,,46110,2026-06-29
CRD_C2853FCE66E848CFBA00,SCRYDEX_JP,RAW,,25.0000,USD,38412,2026-06-29
CRD_C28A0C2FB60246168A94,SCRYDEX_EN,RAW,,5.2000,USD,7953,2026-06-05
CRD_C28A0C2FB60246168A94,SCRYDEX_JP,GRADED,10,,,57295,2026-06-29
CRD_C28A0C2FB60246168A94,SCRYDEX_JP,GRADED,9,,,4702,2026-06-29
CRD_C28A0C2FB60246168A94,SCRYDEX_JP,RAW,,3.9900,USD,6131,2026-06-29
CRD_C292A16ECBF9501D972E,SCRYDEX_EN,RAW,,30.8200,USD,47354,2026-06-29
CRD_C292A16ECBF9501D972E,SCRYDEX_JP,GRADED,10,,,69326,2026-06-29
CRD_C292A16ECBF9501D972E,SCRYDEX_JP,GRADED,9,,,61014,2026-06-29
CRD_C292A16ECBF9501D972E,SCRYDEX_JP,RAW,,24.0600,USD,36968,2026-06-29
CRD_C29D97F59E3E4E9FB4E0,SCRYDEX_EN,RAW,,18.9900,USD,29313,2026-06-26
CRD_C29D97F59E3E4E9FB4E0,SCRYDEX_JP,GRADED,10,,,97106,2026-06-29
CRD_C29D97F59E3E4E9FB4E0,SCRYDEX_JP,GRADED,9,,,23016,2026-06-29
CRD_C29D97F59E3E4E9FB4E0,SCRYDEX_JP,RAW,,3.7500,USD,5762,2026-06-29
CRD_C2A0DB2254344C62AF81,SCRYDEX_EN,RAW,,0.8900,USD,1367,2026-06-29
CRD_C2A3EBDFC3B244DDA1F7,SCRYDEX_EN,RAW,,2.0000,USD,3059,2026-06-05
CRD_C2A3EBDFC3B244DDA1F7,SCRYDEX_JP,GRADED,10,,,53101,2026-06-29
CRD_C2A3EBDFC3B244DDA1F7,SCRYDEX_JP,GRADED,9,,,15365,2026-06-29
CRD_C2A3EBDFC3B244DDA1F7,SCRYDEX_JP,RAW,,1.6300,USD,2504,2026-06-29
CRD_C2B35AF51F5B4B3D84EF,SCRYDEX_EN,RAW,,0.6500,USD,994,2026-06-05
CRD_C2B35AF51F5B4B3D84EF,SCRYDEX_JP,GRADED,10,,,58356,2026-06-29
CRD_C2B35AF51F5B4B3D84EF,SCRYDEX_JP,GRADED,9,,,10740,2026-06-29
CRD_C2B35AF51F5B4B3D84EF,SCRYDEX_JP,RAW,,1.1300,USD,1736,2026-06-29
CRD_C2B4FC232C9AE7018C08,SCRYDEX_EN,RAW,,13.7300,USD,21096,2026-06-29
CRD_C2B4FC232C9AE7018C08,SCRYDEX_JP,GRADED,10,,,61459,2026-06-29
CRD_C2B4FC232C9AE7018C08,SCRYDEX_JP,GRADED,9,,,46018,2026-06-29
CRD_C2B4FC232C9AE7018C08,SCRYDEX_JP,RAW,,8.9000,USD,13675,2026-06-29
CRD_C2D419D0BA0BE07BC5B5,SCRYDEX_JP,GRADED,10,,,44681,2026-06-29
CRD_C2D419D0BA0BE07BC5B5,SCRYDEX_JP,RAW,,0.5100,USD,784,2026-06-29
CRD_C2E4C6930E644C2D8236,SCRYDEX_EN,RAW,,4.7500,USD,7265,2026-06-05
CRD_C2E4C6930E644C2D8236,SCRYDEX_JP,GRADED,10,,,228121,2026-06-29
CRD_C2E4C6930E644C2D8236,SCRYDEX_JP,RAW,,3.6400,USD,5593,2026-06-29
CRD_C2E5273146CB463B8905,SCRYDEX_EN,RAW,,15.6500,USD,24046,2026-06-29
CRD_C2E5273146CB463B8905,SCRYDEX_JP,GRADED,10,,,95108,2026-06-29
CRD_C2E5273146CB463B8905,SCRYDEX_JP,GRADED,9,,,35047,2026-06-29
CRD_C2E5273146CB463B8905,SCRYDEX_JP,RAW,,5.0700,USD,7790,2026-06-29
CRD_C317FB78E5844D49AEC5,SCRYDEX_EN,RAW,,5.2400,USD,8014,2026-06-05
CRD_C317FB78E5844D49AEC5,SCRYDEX_JP,GRADED,10,,,50581,2026-06-29
CRD_C317FB78E5844D49AEC5,SCRYDEX_JP,GRADED,9,,,25260,2026-06-29
CRD_C317FB78E5844D49AEC5,SCRYDEX_JP,RAW,,2.1700,USD,3334,2026-06-29
CRD_C31AA0E0F2D940BA9105,SCRYDEX_EN,RAW,,57.0900,USD,87718,2026-06-29
CRD_C31AA0E0F2D940BA9105,SCRYDEX_JP,GRADED,10,,,147640,2026-06-29
CRD_C31AA0E0F2D940BA9105,SCRYDEX_JP,GRADED,9,,,51979,2026-06-29
CRD_C31AA0E0F2D940BA9105,SCRYDEX_JP,RAW,,16.0900,USD,24722,2026-06-29
CRD_C31F1E43A61B4EC79EA3,SCRYDEX_EN,RAW,,3.0800,USD,4710,2026-06-05
CRD_C31F1E43A61B4EC79EA3,SCRYDEX_JP,GRADED,10,,,38397,2026-06-29
CRD_C31F1E43A61B4EC79EA3,SCRYDEX_JP,GRADED,9,,,14412,2026-06-29
CRD_C31F1E43A61B4EC79EA3,SCRYDEX_JP,RAW,,1.6900,USD,2597,2026-06-29
CRD_C3474CAADA7145DF9485,SCRYDEX_EN,RAW,,1.6900,USD,2585,2026-06-05
CRD_C3474CAADA7145DF9485,SCRYDEX_JP,GRADED,10,,,74396,2026-06-29
CRD_C3474CAADA7145DF9485,SCRYDEX_JP,GRADED,9,,,14504,2026-06-29
CRD_C3474CAADA7145DF9485,SCRYDEX_JP,RAW,,18050.0000,KRW,18050,2026-06-29
CRD_C37F7B571BA54B66B848,SCRYDEX_EN,RAW,,14.2500,USD,21794,2026-06-05
CRD_C37F7B571BA54B66B848,SCRYDEX_JP,GRADED,10,,,345831,2026-06-29
CRD_C37F7B571BA54B66B848,SCRYDEX_JP,GRADED,9,,,92189,2026-06-29
CRD_C39B236442E240D58AAD,SCRYDEX_EN,RAW,,1.0500,USD,1606,2026-06-05
CRD_C3A6BDB895B242D99F32,SCRYDEX_EN,RAW,,3.0700,USD,4695,2026-06-05
CRD_C3A6BDB895B242D99F32,SCRYDEX_JP,GRADED,10,,,64256,2026-06-29
CRD_C3A6BDB895B242D99F32,SCRYDEX_JP,GRADED,9,,,38397,2026-06-29
CRD_C3A6BDB895B242D99F32,SCRYDEX_JP,RAW,,0.8700,USD,1337,2026-06-29
CRD_C3AC7D22528745FE8E4B,SCRYDEX_EN,RAW,,3.5600,USD,5445,2026-06-05
CRD_C3AC7D22528745FE8E4B,SCRYDEX_JP,GRADED,10,,,68174,2026-06-29
CRD_C3AC7D22528745FE8E4B,SCRYDEX_JP,GRADED,9,,,13874,2026-06-29
CRD_C3AC7D22528745FE8E4B,SCRYDEX_JP,RAW,,1.0600,USD,1629,2026-06-29
CRD_C3B57125A65740B3ADB8,SCRYDEX_EN,RAW,,9.1400,USD,13791,2026-06-18
CRD_C3B57125A65740B3ADB8,SCRYDEX_JP,GRADED,10,,,40870,2026-06-29
CRD_C3B57125A65740B3ADB8,SCRYDEX_JP,GRADED,9,,,16778,2026-06-29
CRD_C3B57125A65740B3ADB8,SCRYDEX_JP,RAW,,2.8900,USD,4440,2026-06-29
CRD_C3BE18AFFD494670BA91,SCRYDEX_EN,RAW,,0.7400,USD,1137,2026-06-29
CRD_C3BE18AFFD494670BA91,SCRYDEX_JP,GRADED,10,,,68850,2026-06-29
CRD_C3BE18AFFD494670BA91,SCRYDEX_JP,RAW,,0.3500,USD,538,2026-06-29
CRD_C3BEA4426F934FF9A7FB,SCRYDEX_EN,RAW,,14.8800,USD,22879,2026-06-23
CRD_C3BEA4426F934FF9A7FB,SCRYDEX_JP,GRADED,10,,,107892,2026-06-29
CRD_C3BEA4426F934FF9A7FB,SCRYDEX_JP,GRADED,9,,,34079,2026-06-29
CRD_C3BEA4426F934FF9A7FB,SCRYDEX_JP,RAW,,9.9700,USD,15319,2026-06-29
CRD_C3CF846EB0624F398AAF,SCRYDEX_EN,RAW,,6.5300,USD,9987,2026-06-05
CRD_C3CF846EB0624F398AAF,SCRYDEX_JP,GRADED,10,,,65039,2026-06-29
CRD_C3CF846EB0624F398AAF,SCRYDEX_JP,RAW,,4.9900,USD,7667,2026-06-29
CRD_C3E06830FAAA4837AB25,SCRYDEX_EN,RAW,,2.5700,USD,3930,2026-06-05
CRD_C3E06830FAAA4837AB25,SCRYDEX_JP,GRADED,10,,,49813,2026-06-29
CRD_C3E06830FAAA4837AB25,SCRYDEX_JP,GRADED,9,,,19974,2026-06-29
CRD_C3E06830FAAA4837AB25,SCRYDEX_JP,RAW,,1.5100,USD,2320,2026-06-29
CRD_C3E80F835D1B41C5B9F7,SCRYDEX_EN,RAW,,13.0400,USD,19943,2026-06-05
CRD_C3E80F835D1B41C5B9F7,SCRYDEX_JP,GRADED,10,,,446025,2026-06-29
CRD_C3E80F835D1B41C5B9F7,SCRYDEX_JP,RAW,,36.6600,USD,56327,2026-06-29
CRD_C3F5BECDAF7048508A69,SCRYDEX_EN,RAW,,0.8200,USD,1254,2026-06-05
CRD_C3F844BC04614855A4C4,SCRYDEX_EN,RAW,,8.7900,USD,13443,2026-06-05
CRD_C3F844BC04614855A4C4,SCRYDEX_JP,GRADED,10,,,59170,2026-06-28
CRD_C3F844BC04614855A4C4,SCRYDEX_JP,GRADED,9,,,26074,2026-06-28
CRD_C3F844BC04614855A4C4,SCRYDEX_JP,RAW,,3.2300,USD,4963,2026-06-28
CRD_C41854F7D20E8756104AAA3F9F81E8EA,SCRYDEX_JP,GRADED,10,,,1988543,2026-06-29
CRD_C41854F7D20E8756104AAA3F9F81E8EA,SCRYDEX_JP,GRADED,9,,,773372,2026-06-29
CRD_C41854F7D20E8756104AAA3F9F81E8EA,SCRYDEX_JP,RAW,,239.4200,USD,367864,2026-06-29
CRD_C41CDFEEB7EE415CA1B7,SCRYDEX_EN,RAW,,18.7400,USD,28963,2026-06-07
CRD_C41CDFEEB7EE415CA1B7,SCRYDEX_JP,GRADED,10,,,68128,2026-06-29
CRD_C41CDFEEB7EE415CA1B7,SCRYDEX_JP,GRADED,9,,,24799,2026-06-29
CRD_C41CDFEEB7EE415CA1B7,SCRYDEX_JP,RAW,,6.7200,USD,10325,2026-06-29
CRD_C4387FFC5CCB4AF9A390,SCRYDEX_EN,RAW,,15.3400,USD,23570,2026-06-29
CRD_C4387FFC5CCB4AF9A390,SCRYDEX_JP,GRADED,10,,,85136,2026-06-29
CRD_C4387FFC5CCB4AF9A390,SCRYDEX_JP,GRADED,9,,,30684,2026-06-29
CRD_C4387FFC5CCB4AF9A390,SCRYDEX_JP,RAW,,4.7100,USD,7237,2026-06-29
CRD_C452FDCBD46A43E587EC,SCRYDEX_EN,RAW,,4.0500,USD,6194,2026-06-05
CRD_C452FDCBD46A43E587EC,SCRYDEX_JP,GRADED,10,,,56051,2026-06-29
CRD_C452FDCBD46A43E587EC,SCRYDEX_JP,GRADED,9,,,26581,2026-06-29
CRD_C452FDCBD46A43E587EC,SCRYDEX_JP,RAW,,1.4700,USD,2259,2026-06-29
CRD_C46B76D03DCD42BEB000,SCRYDEX_EN,RAW,,8.2600,USD,12691,2026-06-29
CRD_C46B76D03DCD42BEB000,SCRYDEX_JP,GRADED,10,,,61674,2026-06-29
CRD_C46B76D03DCD42BEB000,SCRYDEX_JP,GRADED,9,,,22817,2026-06-29
CRD_C46B76D03DCD42BEB000,SCRYDEX_JP,RAW,,2.8600,USD,4394,2026-06-29
CRD_C46CF6C3E34746C1BB6D,SCRYDEX_EN,RAW,,10.8300,USD,16652,2026-06-23
CRD_C46CF6C3E34746C1BB6D,SCRYDEX_JP,GRADED,10,,,135133,2026-06-29
CRD_C46CF6C3E34746C1BB6D,SCRYDEX_JP,GRADED,9,,,17839,2026-06-29
CRD_C46CF6C3E34746C1BB6D,SCRYDEX_JP,RAW,,19.3000,USD,29654,2026-06-29
CRD_C4804FF23607466C9A90,SCRYDEX_EN,RAW,,1.3000,USD,1988,2026-06-05
CRD_C4804FF23607466C9A90,SCRYDEX_JP,GRADED,10,,,41178,2026-06-29
CRD_C4804FF23607466C9A90,SCRYDEX_JP,RAW,,0.2400,USD,369,2026-06-29
CRD_C481BCD104FC4D799A10,SCRYDEX_EN,RAW,,2.9200,USD,4466,2026-06-05
CRD_C481BCD104FC4D799A10,SCRYDEX_JP,GRADED,10,,,102345,2026-06-29
CRD_C481BCD104FC4D799A10,SCRYDEX_JP,GRADED,9,,,33772,2026-06-29
CRD_C481BCD104FC4D799A10,SCRYDEX_JP,RAW,,3.6500,USD,5608,2026-06-29
CRD_C4865CD65C7F40D2A53C,SCRYDEX_EN,RAW,,27.0000,USD,41293,2026-06-05
CRD_C4865CD65C7F40D2A53C,SCRYDEX_JP,GRADED,10,,,371751,2026-06-29
CRD_C4865CD65C7F40D2A53C,SCRYDEX_JP,GRADED,9,,,48599,2026-06-29
CRD_C4865CD65C7F40D2A53C,SCRYDEX_JP,RAW,,266000.0000,KRW,266000,2026-06-29
CRD_C4895FD08DDF4F6096E5,SCRYDEX_EN,RAW,,4.9600,USD,7586,2026-06-05
CRD_C4895FD08DDF4F6096E5,SCRYDEX_JP,GRADED,10,,,160885,2026-06-29
CRD_C4895FD08DDF4F6096E5,SCRYDEX_JP,GRADED,9,,,32758,2026-06-29
CRD_C4895FD08DDF4F6096E5,SCRYDEX_JP,RAW,,3.9900,USD,6131,2026-06-29
CRD_C4A0597992A94A558267,SCRYDEX_EN,RAW,,160.5400,USD,246666,2026-06-29
CRD_C4A0597992A94A558267,SCRYDEX_JP,GRADED,10,,,358492,2026-06-29
CRD_C4A0597992A94A558267,SCRYDEX_JP,GRADED,9,,,169981,2026-06-29
CRD_C4A0597992A94A558267,SCRYDEX_JP,RAW,,115.7800,USD,177894,2026-06-29
CRD_C4D2295758134D1A863E,SCRYDEX_EN,RAW,,176.7800,USD,271619,2026-06-29
CRD_C4D2295758134D1A863E,SCRYDEX_JP,GRADED,10,,,645798,2026-06-29
CRD_C4D2295758134D1A863E,SCRYDEX_JP,GRADED,9,,,338364,2026-06-29
CRD_C4D2295758134D1A863E,SCRYDEX_JP,RAW,,207.9900,USD,319572,2026-06-29
CRD_C4DED4CD6D9B40719BF9,SCRYDEX_EN,RAW,,5.3100,USD,8121,2026-06-05
CRD_C4DED4CD6D9B40719BF9,SCRYDEX_JP,GRADED,10,,,85382,2026-06-29
CRD_C4DED4CD6D9B40719BF9,SCRYDEX_JP,GRADED,9,,,16133,2026-06-29
CRD_C4DED4CD6D9B40719BF9,SCRYDEX_JP,RAW,,2.3200,USD,3565,2026-06-29
CRD_C4F41E3DBC5E4BAC88EA,SCRYDEX_EN,RAW,,1.4100,USD,2156,2026-06-05
CRD_C4F41E3DBC5E4BAC88EA,SCRYDEX_JP,GRADED,10,,,57664,2026-06-29
CRD_C4F41E3DBC5E4BAC88EA,SCRYDEX_JP,GRADED,9,,,19467,2026-06-29
CRD_C4F41E3DBC5E4BAC88EA,SCRYDEX_JP,RAW,,0.7800,USD,1198,2026-06-29
CRD_C4F64FFCE1CF446580D4,SCRYDEX_EN,RAW,,3.7800,USD,5781,2026-06-05
CRD_C4F64FFCE1CF446580D4,SCRYDEX_JP,GRADED,10,,,132107,2026-06-29
CRD_C4F64FFCE1CF446580D4,SCRYDEX_JP,GRADED,9,,,41393,2026-06-29
CRD_C4F64FFCE1CF446580D4,SCRYDEX_JP,RAW,,28.3000,USD,43482,2026-06-29
CRD_C504554B465840AAB681,SCRYDEX_EN,RAW,,71.8100,USD,110335,2026-06-29
CRD_C504554B465840AAB681,SCRYDEX_JP,GRADED,10,,,131369,2026-06-29
CRD_C504554B465840AAB681,SCRYDEX_JP,GRADED,9,,,40963,2026-06-29
CRD_C504554B465840AAB681,SCRYDEX_JP,RAW,,21.9100,USD,33664,2026-06-29
CRD_C512FB10DEBE4D3A9245,SCRYDEX_EN,RAW,,2.7000,USD,4129,2026-06-05
CRD_C512FB10DEBE4D3A9245,SCRYDEX_JP,GRADED,10,,,48061,2026-06-29
CRD_C512FB10DEBE4D3A9245,SCRYDEX_JP,RAW,,3.6400,USD,5593,2026-06-29
CRD_C52365D9FE2D440FAF36,SCRYDEX_EN,RAW,,1.4000,USD,2141,2026-06-05
CRD_C52365D9FE2D440FAF36,SCRYDEX_JP,GRADED,10,,,33895,2026-06-29
CRD_C52365D9FE2D440FAF36,SCRYDEX_JP,GRADED,9,,,15903,2026-06-29
CRD_C52365D9FE2D440FAF36,SCRYDEX_JP,RAW,,1.1700,USD,1798,2026-06-29
CRD_C53876B78A1D4CE1AAA8,SCRYDEX_EN,RAW,,33.7400,USD,52070,2026-06-25
CRD_C53876B78A1D4CE1AAA8,SCRYDEX_JP,GRADED,10,,,471361,2026-06-29
CRD_C53876B78A1D4CE1AAA8,SCRYDEX_JP,GRADED,9,,,78422,2026-06-29
CRD_C53876B78A1D4CE1AAA8,SCRYDEX_JP,RAW,,55.5000,USD,85275,2026-06-29
CRD_C541F6809A4B473D8981,SCRYDEX_EN,RAW,,82.3900,USD,126591,2026-06-29
CRD_C541F6809A4B473D8981,SCRYDEX_JP,GRADED,10,,,85812,2026-06-29
CRD_C541F6809A4B473D8981,SCRYDEX_JP,GRADED,9,,,33050,2026-06-29
CRD_C541F6809A4B473D8981,SCRYDEX_JP,RAW,,13.4600,USD,20681,2026-06-29
CRD_C5460BA77BF844449364,SCRYDEX_EN,RAW,,101.7600,USD,155629,2026-06-05
CRD_C55004D65BC742D6A174,SCRYDEX_EN,RAW,,1.9600,USD,2998,2026-06-05
CRD_C55004D65BC742D6A174,SCRYDEX_JP,GRADED,10,,,56681,2026-06-29
CRD_C55004D65BC742D6A174,SCRYDEX_JP,GRADED,9,,,28425,2026-06-29
CRD_C55004D65BC742D6A174,SCRYDEX_JP,RAW,,1425.0000,KRW,1425,2026-06-29
CRD_C56596E4D16D42879763,SCRYDEX_EN,RAW,,106.1700,USD,162373,2026-06-05
CRD_C56596E4D16D42879763,SCRYDEX_JP,GRADED,10,,,715831,2026-06-29
CRD_C56596E4D16D42879763,SCRYDEX_JP,GRADED,9,,,110703,2026-06-29
CRD_C56596E4D16D42879763,SCRYDEX_JP,RAW,,49.9900,USD,76809,2026-06-29
CRD_C57281C7453720B73003,SCRYDEX_EN,RAW,,33.0200,USD,50735,2026-06-29
CRD_C57281C7453720B73003,SCRYDEX_JP,GRADED,10,,,68389,2026-06-29
CRD_C57281C7453720B73003,SCRYDEX_JP,GRADED,9,,,16133,2026-06-29
CRD_C57281C7453720B73003,SCRYDEX_JP,RAW,,10.7900,USD,16579,2026-06-29
CRD_C572CDE3A4084624BF2B,SCRYDEX_EN,RAW,,19.2700,USD,29608,2026-06-29
CRD_C572CDE3A4084624BF2B,SCRYDEX_JP,GRADED,10,,,140250,2026-06-29
CRD_C572CDE3A4084624BF2B,SCRYDEX_JP,RAW,,10.1200,USD,15549,2026-06-29
CRD_C577C809253F4820BC3C,SCRYDEX_EN,RAW,,64.1000,USD,98033,2026-06-05
CRD_C577C809253F4820BC3C,SCRYDEX_JP,GRADED,10,,,1656126,2026-06-29
CRD_C577C809253F4820BC3C,SCRYDEX_JP,GRADED,9,,,599227,2026-06-29
CRD_C57DB853FD2D46888B48,SCRYDEX_EN,RAW,,3.6900,USD,5643,2026-06-05
CRD_C57DB853FD2D46888B48,SCRYDEX_JP,GRADED,10,,,115267,2026-06-28
CRD_C57DB853FD2D46888B48,SCRYDEX_JP,GRADED,9,,,41869,2026-06-28
CRD_C57DB853FD2D46888B48,SCRYDEX_JP,RAW,,3.0200,USD,4640,2026-06-28
CRD_C57E69F6FE4A4DE4BC7F,SCRYDEX_EN,RAW,,296.5500,USD,453535,2026-06-05
CRD_C59C1E27D70941A983D2,SCRYDEX_EN,RAW,,13.9200,USD,21388,2026-06-29
CRD_C59C1E27D70941A983D2,SCRYDEX_JP,GRADED,10,,,55098,2026-06-29
CRD_C59C1E27D70941A983D2,SCRYDEX_JP,GRADED,9,,,29193,2026-06-29
CRD_C59C1E27D70941A983D2,SCRYDEX_JP,RAW,,7.6400,USD,11739,2026-06-29
CRD_C5A7D2CBC1844112AE51,SCRYDEX_EN,RAW,,61.8700,USD,95062,2026-06-29
CRD_C5A7D2CBC1844112AE51,SCRYDEX_JP,GRADED,10,,,185561,2026-06-29
CRD_C5A7D2CBC1844112AE51,SCRYDEX_JP,RAW,,43.5000,USD,66837,2026-06-29
CRD_C5A95DC5404443948CF9,SCRYDEX_EN,RAW,,13.8900,USD,21342,2026-06-29
CRD_C5A95DC5404443948CF9,SCRYDEX_JP,GRADED,10,,,77853,2026-06-29
CRD_C5A95DC5404443948CF9,SCRYDEX_JP,GRADED,9,,,18545,2026-06-29
CRD_C5A95DC5404443948CF9,SCRYDEX_JP,RAW,,6.6100,USD,10156,2026-06-29
CRD_C5AAC2405EE34F249A43,SCRYDEX_EN,RAW,,0.7500,USD,1147,2026-06-05
CRD_C5AAC2405EE34F249A43,SCRYDEX_JP,GRADED,10,,,15073,2026-06-29
CRD_C5AAC2405EE34F249A43,SCRYDEX_JP,RAW,,0.4100,USD,630,2026-06-29
CRD_C5B38ED6409E430EA353,SCRYDEX_EN,RAW,,14.7900,USD,22725,2026-06-29
CRD_C5B38ED6409E430EA353,SCRYDEX_JP,GRADED,10,,,63580,2026-06-29
CRD_C5B38ED6409E430EA353,SCRYDEX_JP,GRADED,9,,,21864,2026-06-29
CRD_C5B38ED6409E430EA353,SCRYDEX_JP,RAW,,5.5400,USD,8512,2026-06-29
CRD_C5B6D61127B741B3926B,SCRYDEX_EN,RAW,,33.6300,USD,51672,2026-06-29
CRD_C5B6D61127B741B3926B,SCRYDEX_JP,GRADED,10,,,77731,2026-06-29
CRD_C5B6D61127B741B3926B,SCRYDEX_JP,GRADED,9,,,24783,2026-06-29
CRD_C5B6D61127B741B3926B,SCRYDEX_JP,RAW,,6.5300,USD,10033,2026-06-29
CRD_C5C15088983B4338BFDC,SCRYDEX_EN,RAW,,1.2000,USD,1835,2026-06-05
CRD_C5C15088983B4338BFDC,SCRYDEX_JP,GRADED,10,,,54960,2026-06-29
CRD_C5C15088983B4338BFDC,SCRYDEX_JP,GRADED,9,,,22325,2026-06-29
CRD_C5C15088983B4338BFDC,SCRYDEX_JP,RAW,,0.5100,USD,784,2026-06-29
CRD_C5C46399E49A476BBCF1,SCRYDEX_EN,RAW,,0.8200,USD,1254,2026-06-05
CRD_C5C509526A7B4DBFBF80,SCRYDEX_EN,RAW,,7.7900,USD,11914,2026-06-05
CRD_C5C509526A7B4DBFBF80,SCRYDEX_JP,GRADED,10,,,38458,2026-06-29
CRD_C5C509526A7B4DBFBF80,SCRYDEX_JP,GRADED,9,,,12599,2026-06-29
CRD_C5C509526A7B4DBFBF80,SCRYDEX_JP,RAW,,6.8800,USD,10571,2026-06-29
CRD_C5DD719E8CEF486891DB,SCRYDEX_EN,RAW,,2.1300,USD,3258,2026-06-05
CRD_C5DD719E8CEF486891DB,SCRYDEX_JP,RAW,,4.7500,USD,7298,2026-06-29
CRD_C5F43E1D58DC4EB091BB,SCRYDEX_EN,RAW,,0.6300,USD,964,2026-06-05
CRD_C5F43E1D58DC4EB091BB,SCRYDEX_JP,GRADED,10,,,32358,2026-06-29
CRD_C5F43E1D58DC4EB091BB,SCRYDEX_JP,RAW,,0.2600,USD,399,2026-06-29
CRD_C5FD1D1E4E924008A6FE,SCRYDEX_EN,RAW,,1.6900,USD,2585,2026-06-05
CRD_C5FD1D1E4E924008A6FE,SCRYDEX_JP,GRADED,10,,,67759,2026-06-29
CRD_C5FD1D1E4E924008A6FE,SCRYDEX_JP,GRADED,9,,,22264,2026-06-29
CRD_C5FD1D1E4E924008A6FE,SCRYDEX_JP,RAW,,1.1000,USD,1690,2026-06-29
CRD_C608BA3853EA42618657,SCRYDEX_EN,RAW,,1.6000,USD,2447,2026-06-05
CRD_C608BA3853EA42618657,SCRYDEX_JP,GRADED,10,,,57341,2026-06-29
CRD_C608BA3853EA42618657,SCRYDEX_JP,RAW,,1.1500,USD,1767,2026-06-29
CRD_C6416A62FDD4411AB1F8,SCRYDEX_EN,RAW,,10.7300,USD,16406,2026-06-09
CRD_C6416A62FDD4411AB1F8,SCRYDEX_JP,GRADED,10,,,51764,2026-06-29
CRD_C6416A62FDD4411AB1F8,SCRYDEX_JP,GRADED,9,,,24599,2026-06-29
CRD_C6416A62FDD4411AB1F8,SCRYDEX_JP,RAW,,8.4200,USD,12937,2026-06-29
CRD_C64D32F3DC3143B1A26C,SCRYDEX_EN,RAW,,4.0900,USD,6255,2026-06-05
CRD_C64D32F3DC3143B1A26C,SCRYDEX_JP,GRADED,10,,,49720,2026-06-29
CRD_C64D32F3DC3143B1A26C,SCRYDEX_JP,GRADED,9,,,16947,2026-06-29
CRD_C64D32F3DC3143B1A26C,SCRYDEX_JP,RAW,,2.3700,USD,3641,2026-06-29
CRD_C64D8A288A1E49DABD3B,SCRYDEX_EN,RAW,,23.0300,USD,35385,2026-06-29
CRD_C64D8A288A1E49DABD3B,SCRYDEX_JP,GRADED,10,,,82494,2026-06-29
CRD_C64D8A288A1E49DABD3B,SCRYDEX_JP,GRADED,9,,,47431,2026-06-29
CRD_C64D8A288A1E49DABD3B,SCRYDEX_JP,RAW,,15.2200,USD,23385,2026-06-29
CRD_C656819F71EC44B19DD9,SCRYDEX_EN,RAW,,6.0000,USD,9176,2026-06-05
CRD_C656819F71EC44B19DD9,SCRYDEX_JP,GRADED,10,,,67559,2026-06-29
CRD_C656819F71EC44B19DD9,SCRYDEX_JP,GRADED,9,,,36415,2026-06-29
CRD_C656819F71EC44B19DD9,SCRYDEX_JP,RAW,,7.4200,USD,11401,2026-06-29
CRD_C669300AD32E4E5D86B4,SCRYDEX_EN,RAW,,3.8600,USD,5903,2026-06-05
CRD_C669300AD32E4E5D86B4,SCRYDEX_JP,GRADED,10,,,37644,2026-06-29
CRD_C669300AD32E4E5D86B4,SCRYDEX_JP,GRADED,9,,,23047,2026-06-29
CRD_C669300AD32E4E5D86B4,SCRYDEX_JP,RAW,,2.2700,USD,3488,2026-06-29
CRD_C684704D87BF4D358292,SCRYDEX_EN,RAW,,5.7200,USD,8748,2026-06-05
CRD_C684704D87BF4D358292,SCRYDEX_JP,GRADED,10,,,57925,2026-06-29
CRD_C684704D87BF4D358292,SCRYDEX_JP,GRADED,9,,,14597,2026-06-29
CRD_C684704D87BF4D358292,SCRYDEX_JP,RAW,,4.1900,USD,6438,2026-06-29
CRD_C69B5517FEEB4D75832B,SCRYDEX_EN,RAW,,5.0500,USD,7723,2026-06-05
CRD_C69B5517FEEB4D75832B,SCRYDEX_JP,GRADED,10,,,71508,2026-06-29
CRD_C69B5517FEEB4D75832B,SCRYDEX_JP,RAW,,12.7000,USD,19513,2026-06-29
CRD_C6A1E00432684413B13B,SCRYDEX_EN,RAW,,3.0600,USD,4680,2026-06-05
CRD_C6A1E00432684413B13B,SCRYDEX_JP,GRADED,10,,,70248,2026-06-29
CRD_C6A1E00432684413B13B,SCRYDEX_JP,RAW,,4.2800,USD,6576,2026-06-29
CRD_C6A45AC1265148B69725,SCRYDEX_EN,RAW,,17.6900,USD,27055,2026-06-05
CRD_C6A45AC1265148B69725,SCRYDEX_JP,GRADED,10,,,212818,2026-06-29
CRD_C6A45AC1265148B69725,SCRYDEX_JP,GRADED,9,,,52240,2026-06-29
CRD_C6A45AC1265148B69725,SCRYDEX_JP,RAW,,31.3500,USD,48169,2026-06-29
CRD_C6AC87E03F394758932B,SCRYDEX_EN,RAW,,1.7500,USD,2676,2026-06-05
CRD_C6AC87E03F394758932B,SCRYDEX_JP,GRADED,10,,,56220,2026-06-29
CRD_C6AC87E03F394758932B,SCRYDEX_JP,GRADED,9,,,14043,2026-06-29
CRD_C6AC87E03F394758932B,SCRYDEX_JP,RAW,,2.5800,USD,3964,2026-06-29
CRD_C6E94E4673E846D48583,SCRYDEX_EN,RAW,,5.9700,USD,9130,2026-06-05
CRD_C6E94E4673E846D48583,SCRYDEX_JP,GRADED,10,,,68343,2026-06-29
CRD_C6E94E4673E846D48583,SCRYDEX_JP,GRADED,9,,,28809,2026-06-29
CRD_C6E94E4673E846D48583,SCRYDEX_JP,RAW,,3.5600,USD,5470,2026-06-29
CRD_C726940566D64B5D97C1,SCRYDEX_EN,RAW,,2.8500,USD,4359,2026-06-05
CRD_C726940566D64B5D97C1,SCRYDEX_JP,GRADED,10,,,26105,2026-06-29
CRD_C726940566D64B5D97C1,SCRYDEX_JP,RAW,,1.1400,USD,1752,2026-06-29
CRD_C728A90398A04DC9B105,SCRYDEX_EN,RAW,,7.2400,USD,11073,2026-06-05
CRD_C728A90398A04DC9B105,SCRYDEX_JP,GRADED,10,,,54391,2026-06-29
CRD_C728A90398A04DC9B105,SCRYDEX_JP,RAW,,7.0900,USD,10894,2026-06-29
CRD_C73541F8726F4E58B333,SCRYDEX_EN,RAW,,80.9200,USD,124332,2026-06-29
CRD_C73541F8726F4E58B333,SCRYDEX_JP,GRADED,10,,,168245,2026-06-29
CRD_C73541F8726F4E58B333,SCRYDEX_JP,GRADED,9,,,58525,2026-06-29
CRD_C73541F8726F4E58B333,SCRYDEX_JP,RAW,,33.1900,USD,50996,2026-06-29
CRD_C74290D9A640465F8C18,SCRYDEX_EN,RAW,,70.1900,USD,107846,2026-06-29
CRD_C74290D9A640465F8C18,SCRYDEX_JP,GRADED,10,,,284725,2026-06-29
CRD_C74290D9A640465F8C18,SCRYDEX_JP,GRADED,9,,,71078,2026-06-29
CRD_C74290D9A640465F8C18,SCRYDEX_JP,RAW,,75.9000,USD,116619,2026-06-29
CRD_C75DB7DA4F574A29A6BB,SCRYDEX_EN,RAW,,2.7400,USD,4190,2026-06-05
CRD_C75DB7DA4F574A29A6BB,SCRYDEX_JP,RAW,,4.0500,USD,6223,2026-06-29
CRD_C7743941CB94475DBB80,SCRYDEX_EN,RAW,,5.8700,USD,8977,2026-06-05
CRD_C7743941CB94475DBB80,SCRYDEX_JP,GRADED,10,,,67559,2026-06-29
CRD_C7743941CB94475DBB80,SCRYDEX_JP,GRADED,9,,,33618,2026-06-29
CRD_C7743941CB94475DBB80,SCRYDEX_JP,RAW,,4.4300,USD,6807,2026-06-29
CRD_C7804ACB352A4684AF39,SCRYDEX_EN,RAW,,67.0400,USD,102529,2026-06-05
CRD_C7804ACB352A4684AF39,SCRYDEX_JP,GRADED,10,,,455997,2026-06-29
CRD_C7804ACB352A4684AF39,SCRYDEX_JP,GRADED,9,,,97551,2026-06-29
CRD_C7804ACB352A4684AF39,SCRYDEX_JP,RAW,,73.7200,USD,113269,2026-06-29
CRD_C7C3982EEEB34C529318,SCRYDEX_EN,RAW,,19.0400,USD,29119,2026-06-05
CRD_C7C3982EEEB34C529318,SCRYDEX_JP,GRADED,10,,,489968,2026-06-29
CRD_C7C3982EEEB34C529318,SCRYDEX_JP,GRADED,9,,,122934,2026-06-29
CRD_C7C3982EEEB34C529318,SCRYDEX_JP,RAW,,209000.0000,KRW,209000,2026-06-29
CRD_C7E2B077171045C69387,SCRYDEX_EN,RAW,,3.1800,USD,4863,2026-06-05
CRD_C7E2B077171045C69387,SCRYDEX_JP,GRADED,10,,,54038,2026-06-29
CRD_C7E2B077171045C69387,SCRYDEX_JP,GRADED,9,,,13244,2026-06-29
CRD_C7E2B077171045C69387,SCRYDEX_JP,RAW,,1.9200,USD,2950,2026-06-29
CRD_C7E6727225AD4AC8B1EA,SCRYDEX_EN,RAW,,0.8200,USD,1254,2026-06-05
CRD_C7E6727225AD4AC8B1EA,SCRYDEX_JP,GRADED,10,,,37751,2026-06-29
CRD_C7E6727225AD4AC8B1EA,SCRYDEX_JP,GRADED,9,,,16855,2026-06-29
CRD_C7E6727225AD4AC8B1EA,SCRYDEX_JP,RAW,,0.4500,USD,691,2026-06-29
CRD_C7EE29160ED94C72BB44,SCRYDEX_EN,RAW,,38.1800,USD,58663,2026-06-29
CRD_C7EE29160ED94C72BB44,SCRYDEX_JP,GRADED,10,,,2137459,2026-06-29
CRD_C7EE29160ED94C72BB44,SCRYDEX_JP,GRADED,9,,,646843,2026-06-29
CRD_C7EE29160ED94C72BB44,SCRYDEX_JP,RAW,,1900000.0000,KRW,1900000,2026-06-29
CRD_C80A57B9F72D4DD39F64,SCRYDEX_EN,RAW,,101.2300,USD,154818,2026-06-05
CRD_C80A57B9F72D4DD39F64,SCRYDEX_JP,GRADED,10,,,1429387,2026-06-29
CRD_C80A57B9F72D4DD39F64,SCRYDEX_JP,GRADED,9,,,416570,2026-06-29
CRD_C80A57B9F72D4DD39F64,SCRYDEX_JP,RAW,,741000.0000,KRW,741000,2026-06-29
CRD_C83501C3B7174EAD9B11,SCRYDEX_EN,RAW,,0.8600,USD,1321,2026-06-29
CRD_C83501C3B7174EAD9B11,SCRYDEX_JP,GRADED,10,,,21926,2026-06-29
CRD_C83501C3B7174EAD9B11,SCRYDEX_JP,RAW,,0.5100,USD,784,2026-06-29
CRD_C84CD0D4247C45DD9DA2,SCRYDEX_EN,RAW,,85.0300,USD,130647,2026-06-29
CRD_C84CD0D4247C45DD9DA2,SCRYDEX_JP,GRADED,10,,,360842,2026-06-29
CRD_C84CD0D4247C45DD9DA2,SCRYDEX_JP,GRADED,9,,,88255,2026-06-29
CRD_C84CD0D4247C45DD9DA2,SCRYDEX_JP,RAW,,20.3900,USD,31329,2026-06-29
CRD_C84E53788D884322B54B,SCRYDEX_EN,RAW,,3.6200,USD,5536,2026-06-05
CRD_C84E53788D884322B54B,SCRYDEX_JP,GRADED,10,,,69434,2026-06-29
CRD_C84E53788D884322B54B,SCRYDEX_JP,RAW,,3.3800,USD,5193,2026-06-29
CRD_C84ED2B9A3F04FFF9591,SCRYDEX_EN,RAW,,18.0900,USD,27795,2026-06-29
CRD_C84ED2B9A3F04FFF9591,SCRYDEX_JP,GRADED,10,,,92558,2026-06-29
CRD_C84ED2B9A3F04FFF9591,SCRYDEX_JP,GRADED,9,,,26089,2026-06-29
CRD_C84ED2B9A3F04FFF9591,SCRYDEX_JP,RAW,,15.9000,USD,24430,2026-06-29
CRD_C8514FE93E8D4BEBBEDE,SCRYDEX_EN,RAW,,0.8700,USD,1331,2026-06-05
CRD_C8708FEE42914C2C92BD,SCRYDEX_EN,RAW,,1.4600,USD,2233,2026-06-05
CRD_C8708FEE42914C2C92BD,SCRYDEX_JP,GRADED,10,,,33787,2026-06-29
CRD_C8708FEE42914C2C92BD,SCRYDEX_JP,GRADED,9,,,15349,2026-06-29
CRD_C8708FEE42914C2C92BD,SCRYDEX_JP,RAW,,0.2700,USD,415,2026-06-29
CRD_C876DFB3D3DC4A038B06,SCRYDEX_EN,RAW,,1.7700,USD,2707,2026-06-05
CRD_C876DFB3D3DC4A038B06,SCRYDEX_JP,GRADED,9,,,12292,2026-06-29
CRD_C876DFB3D3DC4A038B06,SCRYDEX_JP,RAW,,1.1800,USD,1813,2026-06-29
CRD_C8796B366D1E44C889CE,SCRYDEX_EN,RAW,,2.8200,USD,4313,2026-06-05
CRD_C8796B366D1E44C889CE,SCRYDEX_JP,GRADED,10,,,34663,2026-06-29
CRD_C8796B366D1E44C889CE,SCRYDEX_JP,GRADED,9,,,18438,2026-06-29
CRD_C8796B366D1E44C889CE,SCRYDEX_JP,RAW,,3.8000,USD,5839,2026-06-29
CRD_C8829581CD5F4E798F14,SCRYDEX_EN,RAW,,6.9800,USD,10675,2026-06-05
CRD_C8829581CD5F4E798F14,SCRYDEX_JP,GRADED,10,,,84983,2026-06-29
CRD_C8829581CD5F4E798F14,SCRYDEX_JP,GRADED,9,,,50519,2026-06-29
CRD_C8829581CD5F4E798F14,SCRYDEX_JP,RAW,,1.8300,USD,2812,2026-06-29
CRD_C88F58584ECC45019F54,SCRYDEX_EN,RAW,,36.3900,USD,55913,2026-06-29
CRD_C88F58584ECC45019F54,SCRYDEX_JP,GRADED,10,,,105418,2026-06-29
CRD_C88F58584ECC45019F54,SCRYDEX_JP,GRADED,9,,,15227,2026-06-29
CRD_C88F58584ECC45019F54,SCRYDEX_JP,RAW,,17.7500,USD,27273,2026-06-29
CRD_C8964D5114084013857C,SCRYDEX_EN,RAW,,1.0300,USD,1575,2026-06-05
CRD_C8964D5114084013857C,SCRYDEX_JP,GRADED,10,,,48860,2026-06-29
CRD_C8964D5114084013857C,SCRYDEX_JP,RAW,,1.4200,USD,2182,2026-06-29
CRD_C896B50891774460A672,SCRYDEX_EN,RAW,,0.9000,USD,1376,2026-06-05
CRD_C896B50891774460A672,SCRYDEX_JP,GRADED,10,,,62873,2026-06-29
CRD_C896B50891774460A672,SCRYDEX_JP,GRADED,9,,,7898,2026-06-29
CRD_C896B50891774460A672,SCRYDEX_JP,RAW,,2.5000,USD,3841,2026-06-29
CRD_C89D33E80FC541129360,SCRYDEX_EN,RAW,,32.1400,USD,49154,2026-06-05
CRD_C89D33E80FC541129360,SCRYDEX_JP,GRADED,10,,,275337,2026-06-29
CRD_C89D33E80FC541129360,SCRYDEX_JP,GRADED,9,,,57710,2026-06-29
CRD_C89D33E80FC541129360,SCRYDEX_JP,RAW,,266000.0000,KRW,266000,2026-06-29
CRD_C8B01F160C314B17A057,SCRYDEX_EN,RAW,,89.2700,USD,137162,2026-06-29
CRD_C8B01F160C314B17A057,SCRYDEX_JP,GRADED,10,,,126652,2026-06-29
CRD_C8B01F160C314B17A057,SCRYDEX_JP,GRADED,9,,,68512,2026-06-29
CRD_C8B01F160C314B17A057,SCRYDEX_JP,RAW,,54.3000,USD,83431,2026-06-29
CRD_C927EDBD33EB444EA017,SCRYDEX_EN,RAW,,3.6600,USD,5597,2026-06-05
CRD_C927EDBD33EB444EA017,SCRYDEX_JP,GRADED,10,,,49413,2026-06-28
CRD_C927EDBD33EB444EA017,SCRYDEX_JP,GRADED,9,,,25890,2026-06-28
CRD_C927EDBD33EB444EA017,SCRYDEX_JP,RAW,,2.2700,USD,3488,2026-06-28
CRD_C932B86214B443F7BF18,SCRYDEX_EN,RAW,,73.6700,USD,113192,2026-06-29
CRD_C932B86214B443F7BF18,SCRYDEX_JP,GRADED,10,,,159840,2026-06-29
CRD_C932B86214B443F7BF18,SCRYDEX_JP,GRADED,9,,,73382,2026-06-29
CRD_C932B86214B443F7BF18,SCRYDEX_JP,RAW,,57.2200,USD,87917,2026-06-29
CRD_C935CCC682AAF4203D08,SCRYDEX_JP,RAW,,6.3100,USD,9695,2026-06-29
CRD_C93F0C57CAE5425995FA,SCRYDEX_EN,RAW,,8.2300,USD,12645,2026-06-29
CRD_C93F0C57CAE5425995FA,SCRYDEX_JP,GRADED,10,,,28118,2026-06-29
CRD_C93F0C57CAE5425995FA,SCRYDEX_JP,GRADED,9,,,27810,2026-06-29
CRD_C93F0C57CAE5425995FA,SCRYDEX_JP,RAW,,2.1900,USD,3365,2026-06-29
CRD_C941F30AB1514C58AEC3,SCRYDEX_EN,RAW,,3.6100,USD,5521,2026-06-05
CRD_C941F30AB1514C58AEC3,SCRYDEX_JP,RAW,,2.3800,USD,3657,2026-06-29
CRD_C94514D16A7E46608874,SCRYDEX_JP,GRADED,10,,,321232,2026-06-29
CRD_C94514D16A7E46608874,SCRYDEX_JP,GRADED,9,,,65147,2026-06-29
CRD_C94514D16A7E46608874,SCRYDEX_JP,RAW,,87.2400,USD,134043,2026-06-29
CRD_C94913B9843F44CAA1C8,SCRYDEX_EN,RAW,,169.2600,USD,258861,2026-06-05
CRD_C94913B9843F44CAA1C8,SCRYDEX_JP,GRADED,10,,,3974874,2026-06-29
CRD_C94913B9843F44CAA1C8,SCRYDEX_JP,GRADED,9,,,1141313,2026-06-29
CRD_C94913B9843F44CAA1C8,SCRYDEX_JP,RAW,,140.0000,USD,215107,2026-06-29
CRD_C9610AAB6E5FBA4645BC4011ED62CF41,SCRYDEX_EN,RAW,,1062.7900,USD,1632956,2026-06-29
CRD_C98511277D834B8FB4C7,SCRYDEX_EN,RAW,,12.9600,USD,19913,2026-06-29
CRD_C98EFDB78A3045E8B138,SCRYDEX_EN,RAW,,1.8000,USD,2745,2026-06-13
CRD_C98EFDB78A3045E8B138,SCRYDEX_JP,GRADED,10,,,39887,2026-06-28
CRD_C98EFDB78A3045E8B138,SCRYDEX_JP,RAW,,0.3900,USD,599,2026-06-28
CRD_C99C51CB2CCA447FBB9F,SCRYDEX_EN,RAW,,1.6900,USD,2585,2026-06-05
CRD_C99C51CB2CCA447FBB9F,SCRYDEX_JP,GRADED,10,,,23047,2026-06-29
CRD_C99C51CB2CCA447FBB9F,SCRYDEX_JP,RAW,,2.4600,USD,3780,2026-06-29
CRD_C9D88D4A7D0741C89301,SCRYDEX_EN,RAW,,5.6800,USD,8687,2026-06-05
CRD_C9D88D4A7D0741C89301,SCRYDEX_JP,GRADED,10,,,47477,2026-06-29
CRD_C9D88D4A7D0741C89301,SCRYDEX_JP,RAW,,11.8000,USD,18130,2026-06-29
CRD_C9E479C530F64962AF8B,SCRYDEX_EN,RAW,,1.0000,USD,1529,2026-06-05
CRD_C9E479C530F64962AF8B,SCRYDEX_JP,GRADED,10,,,32835,2026-06-29
CRD_C9E479C530F64962AF8B,SCRYDEX_JP,RAW,,0.3500,USD,538,2026-06-29
CRD_C9F47C155D5849A7A956,SCRYDEX_EN,RAW,,4.1900,USD,6408,2026-06-05
CRD_C9F47C155D5849A7A956,SCRYDEX_JP,GRADED,10,,,48153,2026-06-29
CRD_C9F47C155D5849A7A956,SCRYDEX_JP,RAW,,4.4700,USD,6868,2026-06-29
CRD_C9F48C426CE14CFFA191,SCRYDEX_EN,RAW,,130.4600,USD,200449,2026-06-29
CRD_C9F99666A3067F779469,SCRYDEX_EN,RAW,,108.8000,USD,167169,2026-06-29
CRD_C9F99666A3067F779469,SCRYDEX_JP,GRADED,10,,,339347,2026-06-29
CRD_C9F99666A3067F779469,SCRYDEX_JP,GRADED,9,,,101239,2026-06-29
CRD_C9F99666A3067F779469,SCRYDEX_JP,RAW,,50.0000,USD,76824,2026-06-29
CRD_C9FA55B6A1CF478FB8C3,SCRYDEX_EN,RAW,,5.1500,USD,7913,2026-06-29
CRD_C9FA55B6A1CF478FB8C3,SCRYDEX_JP,GRADED,10,,,126606,2026-06-29
CRD_C9FA55B6A1CF478FB8C3,SCRYDEX_JP,GRADED,9,,,33741,2026-06-29
CRD_C9FA55B6A1CF478FB8C3,SCRYDEX_JP,RAW,,3.9300,USD,6038,2026-06-29
CRD_CA044084B6894F7F9764,SCRYDEX_EN,RAW,,1.8700,USD,2860,2026-06-05
CRD_CA044084B6894F7F9764,SCRYDEX_JP,GRADED,10,,,21511,2026-06-29
CRD_CA044084B6894F7F9764,SCRYDEX_JP,RAW,,3.1000,USD,4763,2026-06-29
CRD_CA05CA30ECC64AAA9103,SCRYDEX_EN,RAW,,59.5100,USD,91013,2026-06-05
CRD_CA05CA30ECC64AAA9103,SCRYDEX_JP,GRADED,10,,,749418,2026-06-29
CRD_CA05CA30ECC64AAA9103,SCRYDEX_JP,GRADED,9,,,119845,2026-06-29
CRD_CA05CA30ECC64AAA9103,SCRYDEX_JP,RAW,,139.9900,USD,215092,2026-06-29
CRD_CA1450D6F122424A81D0,SCRYDEX_EN,RAW,,1.3500,USD,2065,2026-06-05
CRD_CA1450D6F122424A81D0,SCRYDEX_JP,GRADED,10,,,23954,2026-06-29
CRD_CA1450D6F122424A81D0,SCRYDEX_JP,GRADED,9,,,10725,2026-06-29
CRD_CA1450D6F122424A81D0,SCRYDEX_JP,RAW,,0.4400,USD,676,2026-06-29
CRD_CA30FFDBDA9E4F959E75,SCRYDEX_EN,RAW,,3.1600,USD,4833,2026-06-05
CRD_CA30FFDBDA9E4F959E75,SCRYDEX_JP,GRADED,10,,,28148,2026-06-29
CRD_CA30FFDBDA9E4F959E75,SCRYDEX_JP,GRADED,9,,,10755,2026-06-29
CRD_CA30FFDBDA9E4F959E75,SCRYDEX_JP,RAW,,2.9800,USD,4579,2026-06-29
CRD_CA3282A90EA344D18DDD,SCRYDEX_EN,RAW,,0.7800,USD,1193,2026-06-05
CRD_CA3282A90EA344D18DDD,SCRYDEX_JP,GRADED,10,,,32358,2026-06-29
CRD_CA3282A90EA344D18DDD,SCRYDEX_JP,RAW,,0.4900,USD,753,2026-06-29
CRD_CA3D4EFF79314B22B0F0,SCRYDEX_EN,RAW,,1.4700,USD,2259,2026-06-29
CRD_CA411E680E6F4183A00B,SCRYDEX_EN,RAW,,18.8000,USD,28886,2026-06-29
CRD_CA411E680E6F4183A00B,SCRYDEX_JP,GRADED,10,,,60537,2026-06-29
CRD_CA411E680E6F4183A00B,SCRYDEX_JP,GRADED,9,,,21511,2026-06-29
CRD_CA411E680E6F4183A00B,SCRYDEX_JP,RAW,,8.2900,USD,12737,2026-06-29
CRD_CA5B1279C7ED42C78594,SCRYDEX_EN,RAW,,8.8100,USD,13474,2026-06-05
CRD_CA5B1279C7ED42C78594,SCRYDEX_JP,GRADED,10,,,59001,2026-06-29
CRD_CA5B1279C7ED42C78594,SCRYDEX_JP,GRADED,9,,,3073,2026-06-29
CRD_CA5B1279C7ED42C78594,SCRYDEX_JP,RAW,,6.6900,USD,10279,2026-06-29
CRD_CA5C4ACA8C0944F9A611,SCRYDEX_EN,RAW,,18.0300,USD,27703,2026-06-29
CRD_CA5C4ACA8C0944F9A611,SCRYDEX_JP,GRADED,10,,,67129,2026-06-29
CRD_CA5C4ACA8C0944F9A611,SCRYDEX_JP,GRADED,9,,,22202,2026-06-29
CRD_CA5C4ACA8C0944F9A611,SCRYDEX_JP,RAW,,3.4200,USD,5255,2026-06-29
CRD_CA8791D1D7B746459F70,SCRYDEX_EN,RAW,,6.0200,USD,9207,2026-06-05
CRD_CA8791D1D7B746459F70,SCRYDEX_JP,GRADED,10,,,45096,2026-06-29
CRD_CA8791D1D7B746459F70,SCRYDEX_JP,GRADED,9,,,6146,2026-06-29
CRD_CA8791D1D7B746459F70,SCRYDEX_JP,RAW,,15.0200,USD,23078,2026-06-29
CRD_CA8815FCA7DF4BD3A509,SCRYDEX_EN,RAW,,3.5300,USD,5399,2026-06-05
CRD_CA8815FCA7DF4BD3A509,SCRYDEX_JP,GRADED,10,,,59354,2026-06-29
CRD_CA8815FCA7DF4BD3A509,SCRYDEX_JP,GRADED,9,,,13798,2026-06-29
CRD_CA8815FCA7DF4BD3A509,SCRYDEX_JP,RAW,,3.3200,USD,5101,2026-06-29
CRD_CAA84D92B77A42B6AD29,SCRYDEX_EN,RAW,,0.6200,USD,948,2026-06-05
CRD_CAA84D92B77A42B6AD29,SCRYDEX_JP,GRADED,10,,,51088,2026-06-29
CRD_CAA84D92B77A42B6AD29,SCRYDEX_JP,GRADED,9,,,22940,2026-06-29
CRD_CAA84D92B77A42B6AD29,SCRYDEX_JP,RAW,,0.3000,USD,461,2026-06-29
CRD_CACCC26771051F067E98,SCRYDEX_JP,GRADED,10,,,94325,2026-06-29
CRD_CACCC26771051F067E98,SCRYDEX_JP,GRADED,9,,,39472,2026-06-29
CRD_CACCC26771051F067E98,SCRYDEX_JP,RAW,,6.7800,USD,10417,2026-06-29
CRD_CAD2C5AC7AFD4C08A84D,SCRYDEX_EN,RAW,,4.5600,USD,6974,2026-06-05
CRD_CAD2C5AC7AFD4C08A84D,SCRYDEX_JP,GRADED,10,,,69034,2026-06-29
CRD_CAD2C5AC7AFD4C08A84D,SCRYDEX_JP,GRADED,9,,,21157,2026-06-29
CRD_CAD2C5AC7AFD4C08A84D,SCRYDEX_JP,RAW,,3.9000,USD,5992,2026-06-29
CRD_CAEF24E4F3E04F20A205,SCRYDEX_EN,RAW,,3.7800,USD,5781,2026-06-05
CRD_CAEF24E4F3E04F20A205,SCRYDEX_JP,GRADED,10,,,55759,2026-06-29
CRD_CAEF24E4F3E04F20A205,SCRYDEX_JP,GRADED,9,,,25290,2026-06-29
CRD_CAEF24E4F3E04F20A205,SCRYDEX_JP,RAW,,2.0000,USD,3073,2026-06-29
CRD_CB04FE06D4DE4ECAB7C5,SCRYDEX_EN,RAW,,11.3900,USD,17501,2026-06-29
CRD_CB04FE06D4DE4ECAB7C5,SCRYDEX_JP,GRADED,10,,,66837,2026-06-29
CRD_CB04FE06D4DE4ECAB7C5,SCRYDEX_JP,GRADED,9,,,21680,2026-06-29
CRD_CB04FE06D4DE4ECAB7C5,SCRYDEX_JP,RAW,,2.9400,USD,4517,2026-06-29
CRD_CB183CE3466F4730A71D,SCRYDEX_EN,RAW,,27.6600,USD,42499,2026-06-29
CRD_CB183CE3466F4730A71D,SCRYDEX_JP,GRADED,10,,,60138,2026-06-29
CRD_CB183CE3466F4730A71D,SCRYDEX_JP,GRADED,9,,,30714,2026-06-29
CRD_CB183CE3466F4730A71D,SCRYDEX_JP,RAW,,4.0400,USD,6207,2026-06-29
CRD_CB258E4BA4884902A051,SCRYDEX_EN,RAW,,2.5300,USD,3887,2026-06-29
CRD_CB258E4BA4884902A051,SCRYDEX_JP,GRADED,10,,,53777,2026-06-29
CRD_CB258E4BA4884902A051,SCRYDEX_JP,GRADED,9,,,4609,2026-06-29
CRD_CB258E4BA4884902A051,SCRYDEX_JP,RAW,,2.1400,USD,3288,2026-06-29
CRD_CB435008E6A92A71085D,SCRYDEX_JP,RAW,,16.4600,USD,25290,2026-06-29
CRD_CB62AB154B714772BCC6,SCRYDEX_JP,GRADED,10,,,929248,2026-06-29
CRD_CB62AB154B714772BCC6,SCRYDEX_JP,GRADED,9,,,417892,2026-06-29
CRD_CB62AB154B714772BCC6,SCRYDEX_JP,RAW,,207.5800,USD,318943,2026-06-29
CRD_CB69C20D58AF4D51A9AF,SCRYDEX_EN,RAW,,8.2700,USD,12707,2026-06-29
CRD_CB69C20D58AF4D51A9AF,SCRYDEX_JP,GRADED,10,,,141541,2026-06-29
CRD_CB69C20D58AF4D51A9AF,SCRYDEX_JP,GRADED,9,,,15964,2026-06-29
CRD_CB69C20D58AF4D51A9AF,SCRYDEX_JP,RAW,,2.9900,USD,4594,2026-06-29
CRD_CB7A266C3EF64219A66B,SCRYDEX_EN,RAW,,14.0400,USD,21572,2026-06-29
CRD_CB7A266C3EF64219A66B,SCRYDEX_JP,GRADED,10,,,69495,2026-06-29
CRD_CB7A266C3EF64219A66B,SCRYDEX_JP,GRADED,9,,,39119,2026-06-29
CRD_CB7A266C3EF64219A66B,SCRYDEX_JP,RAW,,4.2000,USD,6453,2026-06-29
CRD_CB975544B60F47048A93,SCRYDEX_EN,RAW,,4.0900,USD,6255,2026-06-05
CRD_CB975544B60F47048A93,SCRYDEX_JP,GRADED,10,,,160455,2026-06-29
CRD_CB975544B60F47048A93,SCRYDEX_JP,GRADED,9,,,10755,2026-06-29
CRD_CB975544B60F47048A93,SCRYDEX_JP,RAW,,7.9900,USD,12276,2026-06-29
CRD_CBBC687119FD4B25A45C,SCRYDEX_EN,RAW,,2.6600,USD,4087,2026-06-29
CRD_CBBC687119FD4B25A45C,SCRYDEX_JP,GRADED,10,,,49167,2026-06-29
CRD_CBBC687119FD4B25A45C,SCRYDEX_JP,GRADED,9,,,30668,2026-06-29
CRD_CBBC687119FD4B25A45C,SCRYDEX_JP,RAW,,2.9100,USD,4471,2026-06-29
CRD_CBC210FA642F420A9902,SCRYDEX_EN,RAW,,2.0800,USD,3181,2026-06-05
CRD_CBC210FA642F420A9902,SCRYDEX_JP,GRADED,10,,,31943,2026-06-29
CRD_CBC210FA642F420A9902,SCRYDEX_JP,GRADED,9,,,16901,2026-06-29
CRD_CBC210FA642F420A9902,SCRYDEX_JP,RAW,,2.5100,USD,3857,2026-06-29
CRD_CBCB333E225D4F5DA095,SCRYDEX_EN,RAW,,3.3200,USD,5101,2026-06-29
CRD_CBCB333E225D4F5DA095,SCRYDEX_JP,GRADED,10,,,61459,2026-06-29
CRD_CBCB333E225D4F5DA095,SCRYDEX_JP,RAW,,3.9800,USD,6115,2026-06-29
CRD_CBD74C6D3997478C92A5,SCRYDEX_EN,RAW,,128.1700,USD,196931,2026-06-29
CRD_CBD74C6D3997478C92A5,SCRYDEX_JP,GRADED,10,,,363024,2026-06-29
CRD_CBD74C6D3997478C92A5,SCRYDEX_JP,GRADED,9,,,215384,2026-06-29
CRD_CBD74C6D3997478C92A5,SCRYDEX_JP,RAW,,125.8000,USD,193289,2026-06-29
CRD_CBDDC3FDCA774193AB14,SCRYDEX_EN,RAW,,155.0900,USD,237190,2026-06-05
CRD_CBDDC3FDCA774193AB14,SCRYDEX_JP,GRADED,10,,,5120888,2026-06-29
CRD_CBDDC3FDCA774193AB14,SCRYDEX_JP,GRADED,9,,,1433905,2026-06-29
CRD_CBDDC3FDCA774193AB14,SCRYDEX_JP,RAW,,300.0000,USD,460944,2026-06-29
CRD_CBEEC91D0B7A4E249169,SCRYDEX_EN,RAW,,4.0700,USD,6225,2026-06-05
CRD_CBEEC91D0B7A4E249169,SCRYDEX_JP,GRADED,10,,,38397,2026-06-29
CRD_CBEEC91D0B7A4E249169,SCRYDEX_JP,RAW,,2.7700,USD,4256,2026-06-29
CRD_CBF98258CCE3480F901E,SCRYDEX_EN,RAW,,15.4700,USD,23769,2026-06-28
CRD_CBF98258CCE3480F901E,SCRYDEX_JP,GRADED,10,,,204828,2026-06-29
CRD_CBF98258CCE3480F901E,SCRYDEX_JP,GRADED,9,,,33541,2026-06-29
CRD_CBF98258CCE3480F901E,SCRYDEX_JP,RAW,,28.7900,USD,44235,2026-06-29
CRD_CC0F23B6FAC346E58A02,SCRYDEX_EN,RAW,,7.4600,USD,11409,2026-06-05
CRD_CC0F23B6FAC346E58A02,SCRYDEX_JP,GRADED,10,,,148624,2026-06-29
CRD_CC0F23B6FAC346E58A02,SCRYDEX_JP,GRADED,9,,,75641,2026-06-29
CRD_CC0F23B6FAC346E58A02,SCRYDEX_JP,RAW,,80750.0000,KRW,80750,2026-06-29
CRD_CC13B8F8C8BC49B092D7,SCRYDEX_EN,RAW,,0.8900,USD,1361,2026-06-05
CRD_CC13B8F8C8BC49B092D7,SCRYDEX_JP,RAW,,0.3700,USD,568,2026-06-29
CRD_CC162A31A5C74A9FA602,SCRYDEX_EN,RAW,,20.2300,USD,31083,2026-06-29
CRD_CC162A31A5C74A9FA602,SCRYDEX_JP,GRADED,10,,,141832,2026-06-29
CRD_CC162A31A5C74A9FA602,SCRYDEX_JP,GRADED,9,,,45971,2026-06-29
CRD_CC162A31A5C74A9FA602,SCRYDEX_JP,RAW,,11.5200,USD,17700,2026-06-29
CRD_CC1A5C8DB888413B9C1C,SCRYDEX_EN,RAW,,20.0500,USD,30806,2026-06-29
CRD_CC1A5C8DB888413B9C1C,SCRYDEX_JP,GRADED,10,,,63687,2026-06-29
CRD_CC1A5C8DB888413B9C1C,SCRYDEX_JP,GRADED,9,,,23354,2026-06-29
CRD_CC1A5C8DB888413B9C1C,SCRYDEX_JP,RAW,,7.5700,USD,11631,2026-06-29
CRD_CC360F6BBA05BFB38128,SCRYDEX_JP,GRADED,10,,,57280,2026-06-29
CRD_CC360F6BBA05BFB38128,SCRYDEX_JP,RAW,,7.9800,USD,12261,2026-06-29
CRD_CC3897BA1A4C4B138E6A,SCRYDEX_EN,RAW,,3.1000,USD,4741,2026-06-05
CRD_CC3897BA1A4C4B138E6A,SCRYDEX_JP,GRADED,10,,,51656,2026-06-29
CRD_CC3897BA1A4C4B138E6A,SCRYDEX_JP,GRADED,9,,,29039,2026-06-29
CRD_CC3897BA1A4C4B138E6A,SCRYDEX_JP,RAW,,3.8500,USD,5915,2026-06-29
CRD_CC3A107170E0419E98DC,SCRYDEX_EN,RAW,,10.4400,USD,15967,2026-06-05
CRD_CC3A107170E0419E98DC,SCRYDEX_JP,GRADED,10,,,58924,2026-06-29
CRD_CC3A107170E0419E98DC,SCRYDEX_JP,RAW,,8.0600,USD,12384,2026-06-29
CRD_CC3B5E1F932A4EE9B2E9,SCRYDEX_EN,RAW,,5.1600,USD,7892,2026-06-05
CRD_CC3B5E1F932A4EE9B2E9,SCRYDEX_JP,RAW,,2.6300,USD,4041,2026-06-29
CRD_CC4FD534DFA941C6B7AF,SCRYDEX_EN,RAW,,1.0900,USD,1667,2026-06-05
CRD_CC4FD534DFA941C6B7AF,SCRYDEX_JP,GRADED,10,,,32927,2026-06-29
CRD_CC4FD534DFA941C6B7AF,SCRYDEX_JP,RAW,,0.4400,USD,676,2026-06-29
CRD_CC7458EF5365429CB168,SCRYDEX_EN,RAW,,10.2900,USD,15737,2026-06-05
CRD_CC7458EF5365429CB168,SCRYDEX_JP,GRADED,10,,,69280,2026-06-29
CRD_CC7458EF5365429CB168,SCRYDEX_JP,RAW,,4.2200,USD,6484,2026-06-29
CRD_CC95EE0439504360B961,SCRYDEX_EN,RAW,,7.0000,USD,10706,2026-06-05
CRD_CC95EE0439504360B961,SCRYDEX_JP,GRADED,10,,,377286,2026-05-05
CRD_CC95EE0439504360B961,SCRYDEX_JP,GRADED,9,,,43400,2026-05-05
CRD_CC97B2FE443A4CA09615,SCRYDEX_EN,RAW,,0.5700,USD,872,2026-06-05
CRD_CC97B2FE443A4CA09615,SCRYDEX_JP,GRADED,10,,,45203,2026-06-29
CRD_CC97B2FE443A4CA09615,SCRYDEX_JP,GRADED,9,,,17854,2026-06-29
CRD_CC97B2FE443A4CA09615,SCRYDEX_JP,RAW,,0.3900,USD,599,2026-06-29
CRD_CC99F95ECF194AAFBB28,SCRYDEX_EN,RAW,,0.8900,USD,1361,2026-06-05
CRD_CCA2E7D114F543BB8331,SCRYDEX_EN,RAW,,4.2800,USD,6546,2026-06-05
CRD_CCA2E7D114F543BB8331,SCRYDEX_JP,GRADED,10,,,73889,2026-06-29
CRD_CCA2E7D114F543BB8331,SCRYDEX_JP,RAW,,1.3300,USD,2044,2026-06-29
CRD_CCC2D6D574104829BBDF,SCRYDEX_EN,RAW,,10.6800,USD,16334,2026-06-05
CRD_CCC2D6D574104829BBDF,SCRYDEX_JP,GRADED,10,,,104312,2026-06-29
CRD_CCC2D6D574104829BBDF,SCRYDEX_JP,GRADED,9,,,41808,2026-06-29
CRD_CCC2D6D574104829BBDF,SCRYDEX_JP,RAW,,6.6600,USD,10233,2026-06-29
CRD_CCC9B1752D4045849237,SCRYDEX_EN,RAW,,2.6300,USD,4022,2026-06-05
CRD_CCDCA7F8737A49DAA053,SCRYDEX_EN,RAW,,19.5200,USD,29992,2026-06-29
CRD_CCDCA7F8737A49DAA053,SCRYDEX_JP,GRADED,10,,,200864,2026-06-29
CRD_CCDCA7F8737A49DAA053,SCRYDEX_JP,GRADED,9,,,63011,2026-06-29
CRD_CCDCA7F8737A49DAA053,SCRYDEX_JP,RAW,,85500.0000,KRW,85500,2026-06-29
CRD_CCEB4346B9854D20B752,SCRYDEX_EN,RAW,,2.1700,USD,3319,2026-06-05
CRD_CCEB4346B9854D20B752,SCRYDEX_JP,GRADED,10,,,65623,2026-06-29
CRD_CCEB4346B9854D20B752,SCRYDEX_JP,GRADED,9,,,17762,2026-06-29
CRD_CCEB4346B9854D20B752,SCRYDEX_JP,RAW,,2.9500,USD,4533,2026-06-29
CRD_CD013DC1D5D04AC8B637,SCRYDEX_EN,RAW,,73.0800,USD,111766,2026-06-05
CRD_CD013DC1D5D04AC8B637,SCRYDEX_JP,GRADED,10,,,1664653,2026-06-29
CRD_CD013DC1D5D04AC8B637,SCRYDEX_JP,GRADED,9,,,259490,2026-05-05
CRD_CD08270B66B84F70A6EE,SCRYDEX_EN,RAW,,5.2500,USD,8035,2026-06-19
CRD_CD08270B66B84F70A6EE,SCRYDEX_JP,GRADED,10,,,32266,2026-06-29
CRD_CD08270B66B84F70A6EE,SCRYDEX_JP,RAW,,3.0600,USD,4702,2026-06-29
CRD_CD4119F42E874BCAAF3B,SCRYDEX_EN,RAW,,0.7500,USD,1147,2026-06-05
CRD_CD4119F42E874BCAAF3B,SCRYDEX_JP,GRADED,10,,,9311,2026-06-29
CRD_CD4119F42E874BCAAF3B,SCRYDEX_JP,RAW,,0.6800,USD,1045,2026-06-29
CRD_CD4628B3429A420A9319,SCRYDEX_EN,RAW,,1.7400,USD,2661,2026-06-05
CRD_CD4628B3429A420A9319,SCRYDEX_JP,GRADED,10,,,36922,2026-06-29
CRD_CD4628B3429A420A9319,SCRYDEX_JP,GRADED,9,,,19145,2026-06-29
CRD_CD4628B3429A420A9319,SCRYDEX_JP,RAW,,0.8100,USD,1245,2026-06-29
CRD_CD533CB08B8E4E75BD7E,SCRYDEX_EN,RAW,,1.9200,USD,2936,2026-06-05
CRD_CD533CB08B8E4E75BD7E,SCRYDEX_JP,GRADED,10,,,33803,2026-06-29
CRD_CD533CB08B8E4E75BD7E,SCRYDEX_JP,RAW,,5.0000,USD,7682,2026-06-29
CRD_CD657B6734F646DD9398,SCRYDEX_EN,RAW,,120.8500,USD,185684,2026-06-29
CRD_CD657B6734F646DD9398,SCRYDEX_JP,GRADED,10,,,124977,2026-06-29
CRD_CD657B6734F646DD9398,SCRYDEX_JP,GRADED,9,,,51872,2026-06-29
CRD_CD657B6734F646DD9398,SCRYDEX_JP,RAW,,22.4600,USD,34509,2026-06-29
CRD_CD7EF632BD004AA79742,SCRYDEX_EN,RAW,,13.4000,USD,20589,2026-06-29
CRD_CD7EF632BD004AA79742,SCRYDEX_JP,GRADED,10,,,138268,2026-06-29
CRD_CD7EF632BD004AA79742,SCRYDEX_JP,RAW,,7.7400,USD,11892,2026-06-29
CRD_CD86338BE2A54676A3B5,SCRYDEX_EN,RAW,,1.0200,USD,1560,2026-06-05
CRD_CD86338BE2A54676A3B5,SCRYDEX_JP,GRADED,10,,,81433,2026-06-29
CRD_CD86338BE2A54676A3B5,SCRYDEX_JP,GRADED,9,,,12399,2026-06-29
CRD_CD86338BE2A54676A3B5,SCRYDEX_JP,RAW,,0.5700,USD,876,2026-06-29
CRD_CDD3B1A97A91417B9277,SCRYDEX_EN,RAW,,10.4600,USD,15997,2026-06-05
CRD_CDD3B1A97A91417B9277,SCRYDEX_JP,GRADED,10,,,89116,2026-06-29
CRD_CDD3B1A97A91417B9277,SCRYDEX_JP,RAW,,13.9900,USD,21495,2026-06-29
CRD_CDD3EE7F57224CD58823,SCRYDEX_EN,RAW,,17.4000,USD,26735,2026-06-29
CRD_CDD3EE7F57224CD58823,SCRYDEX_JP,GRADED,10,,,77638,2026-06-29
CRD_CDD3EE7F57224CD58823,SCRYDEX_JP,GRADED,9,,,27780,2026-06-29
CRD_CDD3EE7F57224CD58823,SCRYDEX_JP,RAW,,6.3800,USD,9803,2026-06-29
CRD_CDEC77ACD877490BB161,SCRYDEX_EN,RAW,,7.0700,USD,10813,2026-06-05
CRD_CDEC77ACD877490BB161,SCRYDEX_JP,GRADED,10,,,74442,2026-06-29
CRD_CDEC77ACD877490BB161,SCRYDEX_JP,GRADED,9,,,41270,2026-06-29
CRD_CDEC77ACD877490BB161,SCRYDEX_JP,RAW,,5.4900,USD,8435,2026-06-29
CRD_CDF7188601734FA48B24,SCRYDEX_EN,RAW,,10.5900,USD,16196,2026-06-05
CRD_CDF7188601734FA48B24,SCRYDEX_JP,GRADED,10,,,353897,2026-06-29
CRD_CDF7188601734FA48B24,SCRYDEX_JP,GRADED,9,,,88701,2026-06-29
CRD_CDF7188601734FA48B24,SCRYDEX_JP,RAW,,22.0000,USD,33803,2026-06-29
CRD_CE12D0712CDA406DA3C5,SCRYDEX_EN,RAW,,2.0500,USD,3135,2026-06-05
CRD_CE12D0712CDA406DA3C5,SCRYDEX_JP,GRADED,10,,,63795,2026-06-29
CRD_CE12D0712CDA406DA3C5,SCRYDEX_JP,RAW,,1.8700,USD,2873,2026-06-29
CRD_CE167D5150A34D07B7AF,SCRYDEX_EN,RAW,,339.6100,USD,521804,2026-06-29
CRD_CE167D5150A34D07B7AF,SCRYDEX_JP,GRADED,10,,,763922,2026-06-29
CRD_CE167D5150A34D07B7AF,SCRYDEX_JP,GRADED,9,,,266825,2026-06-29
CRD_CE167D5150A34D07B7AF,SCRYDEX_JP,RAW,,169.7200,USD,260771,2026-06-29
CRD_CE16E6C6333B4A89872C,SCRYDEX_EN,RAW,,13.1800,USD,19994,2026-06-16
CRD_CE2516E395224ACA9D34,SCRYDEX_EN,RAW,,11.9300,USD,18330,2026-06-29
CRD_CE2516E395224ACA9D34,SCRYDEX_JP,GRADED,10,,,59738,2026-06-29
CRD_CE2516E395224ACA9D34,SCRYDEX_JP,RAW,,7.5900,USD,11662,2026-06-29
CRD_CE2F437D2073455CA89E,SCRYDEX_EN,RAW,,7.2700,USD,11119,2026-06-05
CRD_CE2F437D2073455CA89E,SCRYDEX_JP,GRADED,10,,,128803,2026-06-29
CRD_CE2F437D2073455CA89E,SCRYDEX_JP,GRADED,9,,,17623,2026-06-29
CRD_CE2F437D2073455CA89E,SCRYDEX_JP,RAW,,2.2700,USD,3488,2026-06-29
CRD_CE3692D573244C4CB4EA,SCRYDEX_EN,RAW,,8.7800,USD,13490,2026-06-29
CRD_CE3692D573244C4CB4EA,SCRYDEX_JP,GRADED,10,,,154432,2026-06-29
CRD_CE3692D573244C4CB4EA,SCRYDEX_JP,GRADED,9,,,41009,2026-06-29
CRD_CE3692D573244C4CB4EA,SCRYDEX_JP,RAW,,36.6000,USD,56235,2026-06-29
CRD_CE4D32F8379962BB2C82,SCRYDEX_JP,GRADED,10,,,77285,2026-06-29
CRD_CE4D32F8379962BB2C82,SCRYDEX_JP,GRADED,9,,,25982,2026-06-29
CRD_CE4D32F8379962BB2C82,SCRYDEX_JP,RAW,,0.3400,USD,522,2026-06-29
CRD_CE5938A4B28D47A0AD85,SCRYDEX_EN,RAW,,1.3600,USD,2080,2026-06-05
CRD_CE5938A4B28D47A0AD85,SCRYDEX_JP,GRADED,10,,,42192,2026-06-29
CRD_CE5938A4B28D47A0AD85,SCRYDEX_JP,GRADED,9,,,15365,2026-06-29
CRD_CE5938A4B28D47A0AD85,SCRYDEX_JP,RAW,,0.6100,USD,937,2026-06-29
CRD_CE6FE97D871C4A218EFD,SCRYDEX_EN,RAW,,1.9100,USD,2921,2026-06-05
CRD_CE6FE97D871C4A218EFD,SCRYDEX_JP,GRADED,10,,,43467,2026-06-29
CRD_CE6FE97D871C4A218EFD,SCRYDEX_JP,RAW,,1.4700,USD,2259,2026-06-29
CRD_CE735FF66AA14F35A904,SCRYDEX_EN,RAW,,7.6600,USD,11715,2026-06-05
CRD_CE735FF66AA14F35A904,SCRYDEX_JP,GRADED,10,,,56619,2026-06-29
CRD_CE735FF66AA14F35A904,SCRYDEX_JP,GRADED,9,,,33803,2026-06-29
CRD_CE735FF66AA14F35A904,SCRYDEX_JP,RAW,,7.9000,USD,12138,2026-06-29
CRD_CE93CF20BC2D40369EA6,SCRYDEX_EN,RAW,,50.4600,USD,77531,2026-06-29
CRD_CEA9EABF38B14FBBAF02,SCRYDEX_EN,RAW,,4.4500,USD,6806,2026-06-05
CRD_CEA9EABF38B14FBBAF02,SCRYDEX_JP,GRADED,10,,,48875,2026-06-29
CRD_CEA9EABF38B14FBBAF02,SCRYDEX_JP,RAW,,1.7100,USD,2627,2026-06-29
CRD_CEAA3C84AF6D4EE4B6F1,SCRYDEX_EN,RAW,,75.0800,USD,115359,2026-06-29
CRD_CEAA3C84AF6D4EE4B6F1,SCRYDEX_JP,GRADED,10,,,156936,2026-06-29
CRD_CEAA3C84AF6D4EE4B6F1,SCRYDEX_JP,GRADED,9,,,74658,2026-06-29
CRD_CEAA3C84AF6D4EE4B6F1,SCRYDEX_JP,RAW,,59.9900,USD,92173,2026-06-29
CRD_CECA6BC4887D4E72992B,SCRYDEX_EN,RAW,,0.7700,USD,1178,2026-06-05
CRD_CECA6BC4887D4E72992B,SCRYDEX_JP,GRADED,10,,,16932,2026-06-29
CRD_CECA6BC4887D4E72992B,SCRYDEX_JP,RAW,,0.3000,USD,461,2026-06-29
CRD_CEE20BD28DB542FEB5E3,SCRYDEX_EN,RAW,,133.5900,USD,205258,2026-06-29
CRD_CEE20BD28DB542FEB5E3,SCRYDEX_JP,GRADED,10,,,431812,2026-06-29
CRD_CEE20BD28DB542FEB5E3,SCRYDEX_JP,GRADED,9,,,72845,2026-06-29
CRD_CEE20BD28DB542FEB5E3,SCRYDEX_JP,RAW,,69.3700,USD,106586,2026-06-29
CRD_CF163D02C6AA44A39149,SCRYDEX_EN,RAW,,0.6900,USD,1055,2026-06-05
CRD_CF163D02C6AA44A39149,SCRYDEX_JP,GRADED,10,,,27426,2026-06-29
CRD_CF163D02C6AA44A39149,SCRYDEX_JP,RAW,,0.3400,USD,522,2026-06-29
CRD_CF1795DF299B46889CA1,SCRYDEX_EN,RAW,,1.6900,USD,2585,2026-06-05
CRD_CF1795DF299B46889CA1,SCRYDEX_JP,RAW,,5.3500,USD,8220,2026-06-29
CRD_CF1F30D89B8A4666A200,SCRYDEX_EN,RAW,,0.7000,USD,1076,2026-06-29
CRD_CF1F30D89B8A4666A200,SCRYDEX_JP,GRADED,10,,,55206,2026-06-29
CRD_CF1F30D89B8A4666A200,SCRYDEX_JP,GRADED,9,,,20742,2026-06-29
CRD_CF1F30D89B8A4666A200,SCRYDEX_JP,RAW,,0.3000,USD,461,2026-06-29
CRD_CF300350E3954689842D,SCRYDEX_EN,RAW,,3.9200,USD,5995,2026-06-05
CRD_CF300350E3954689842D,SCRYDEX_JP,GRADED,10,,,61213,2026-06-29
CRD_CF300350E3954689842D,SCRYDEX_JP,GRADED,9,,,23063,2026-06-29
CRD_CF300350E3954689842D,SCRYDEX_JP,RAW,,2.2600,USD,3472,2026-06-29
CRD_CF31B0FF74A849A2B69F,SCRYDEX_EN,RAW,,2.1400,USD,3273,2026-06-05
CRD_CF31B0FF74A849A2B69F,SCRYDEX_JP,GRADED,10,,,54745,2026-06-29
CRD_CF31B0FF74A849A2B69F,SCRYDEX_JP,GRADED,9,,,26289,2026-06-29
CRD_CF31B0FF74A849A2B69F,SCRYDEX_JP,RAW,,1.8400,USD,2827,2026-06-29
CRD_CF565FADAC9C45388046,SCRYDEX_EN,RAW,,7.2000,USD,11011,2026-06-05
CRD_CF565FADAC9C45388046,SCRYDEX_JP,GRADED,10,,,102483,2026-06-29
CRD_CF565FADAC9C45388046,SCRYDEX_JP,GRADED,9,,,31467,2026-06-29
CRD_CF565FADAC9C45388046,SCRYDEX_JP,RAW,,1.9200,USD,2950,2026-06-29
CRD_CF5D258E4C4326F86707666D9357D5A2,SCRYDEX_JP,GRADED,10,,,4025962,2026-06-29
CRD_CF5D258E4C4326F86707666D9357D5A2,SCRYDEX_JP,GRADED,9,,,970917,2026-06-29
CRD_CF5D258E4C4326F86707666D9357D5A2,SCRYDEX_JP,RAW,,1900000.0000,KRW,1900000,2026-06-29
CRD_CF6F85E730554DB796E4,SCRYDEX_EN,RAW,,18.7400,USD,28660,2026-06-05
CRD_CF6F85E730554DB796E4,SCRYDEX_JP,GRADED,10,,,444934,2026-06-29
CRD_CF6F85E730554DB796E4,SCRYDEX_JP,GRADED,9,,,17454,2026-06-29
CRD_CF6F85E730554DB796E4,SCRYDEX_JP,RAW,,7.0000,USD,10755,2026-06-29
CRD_CF7C7828EFFC49579A10,SCRYDEX_EN,RAW,,5.5000,USD,8412,2026-06-05
CRD_CF7C7828EFFC49579A10,SCRYDEX_JP,GRADED,10,,,78914,2026-06-29
CRD_CF7C7828EFFC49579A10,SCRYDEX_JP,RAW,,15.0000,USD,23047,2026-06-29
CRD_CF7DFD225E054B048301,SCRYDEX_EN,RAW,,3.5300,USD,5399,2026-06-05
CRD_CF7FB771410741039C30,SCRYDEX_EN,RAW,,32.9800,USD,50673,2026-06-29
CRD_CF7FB771410741039C30,SCRYDEX_JP,GRADED,10,,,103359,2026-06-29
CRD_CF7FB771410741039C30,SCRYDEX_JP,GRADED,9,,,34494,2026-06-29
CRD_CF7FB771410741039C30,SCRYDEX_JP,RAW,,23.0900,USD,35477,2026-06-29
CRD_CF990D31C8414F2FACAA,SCRYDEX_EN,RAW,,2.2400,USD,3426,2026-06-05
CRD_CF990D31C8414F2FACAA,SCRYDEX_JP,GRADED,10,,,34740,2026-06-29
CRD_CF990D31C8414F2FACAA,SCRYDEX_JP,RAW,,0.7200,USD,1106,2026-06-29
CRD_CF9F8888EB1242B69BE6,SCRYDEX_EN,RAW,,0.7200,USD,1106,2026-06-29
CRD_CF9F8888EB1242B69BE6,SCRYDEX_JP,RAW,,0.5400,USD,830,2026-06-28
CRD_CFB01788E84D4E84B002,SCRYDEX_EN,RAW,,1.5700,USD,2401,2026-06-05
CRD_CFB01788E84D4E84B002,SCRYDEX_JP,GRADED,10,,,24753,2026-06-29
CRD_CFB01788E84D4E84B002,SCRYDEX_JP,RAW,,0.6000,USD,922,2026-06-29
CRD_CFB1F9B2BF5A4F108B32,SCRYDEX_EN,RAW,,2.6400,USD,4038,2026-06-05
CRD_CFB1F9B2BF5A4F108B32,SCRYDEX_JP,GRADED,10,,,25782,2026-06-29
CRD_CFB1F9B2BF5A4F108B32,SCRYDEX_JP,RAW,,15.0000,USD,23047,2026-06-29
CRD_CFB2CC925A0E4568A262,SCRYDEX_EN,RAW,,3.8000,USD,5812,2026-06-05
CRD_CFB2CC925A0E4568A262,SCRYDEX_JP,GRADED,10,,,79359,2026-06-29
CRD_CFB2CC925A0E4568A262,SCRYDEX_JP,GRADED,9,,,29208,2026-06-29
CRD_CFB2CC925A0E4568A262,SCRYDEX_JP,RAW,,1.6900,USD,2597,2026-06-29
CRD_CFB59A3E266F4A7B8E84,SCRYDEX_EN,RAW,,1.1700,USD,1789,2026-06-05
CRD_CFB59A3E266F4A7B8E84,SCRYDEX_JP,GRADED,9,,,15349,2026-06-29
CRD_CFB59A3E266F4A7B8E84,SCRYDEX_JP,RAW,,0.4200,USD,645,2026-06-29
CRD_CFC16E65EBC1462AB99A,SCRYDEX_EN,RAW,,51.4300,USD,79021,2026-06-29
CRD_CFE73FBE9D9E4EB0A6BA,SCRYDEX_EN,RAW,,3.2600,USD,4986,2026-06-05
CRD_CFE73FBE9D9E4EB0A6BA,SCRYDEX_JP,GRADED,10,,,53516,2026-06-29
CRD_CFE73FBE9D9E4EB0A6BA,SCRYDEX_JP,GRADED,9,,,43021,2026-06-29
CRD_CFE73FBE9D9E4EB0A6BA,SCRYDEX_JP,RAW,,1.6500,USD,2535,2026-06-29
CRD_CFECD5DF978944579DA4,SCRYDEX_EN,RAW,,12.4800,USD,19175,2026-06-29
CRD_CFECD5DF978944579DA4,SCRYDEX_JP,GRADED,10,,,59062,2026-06-29
CRD_CFECD5DF978944579DA4,SCRYDEX_JP,GRADED,9,,,14612,2026-06-29
CRD_CFECD5DF978944579DA4,SCRYDEX_JP,RAW,,4.6200,USD,7099,2026-06-29
CRD_CFF5112271AB4A80BF9B,SCRYDEX_EN,RAW,,2.4000,USD,3670,2026-06-05
CRD_D00A4D4EA8DD49B1B244,SCRYDEX_EN,RAW,,15.7200,USD,24153,2026-06-29
CRD_D00A4D4EA8DD49B1B244,SCRYDEX_JP,GRADED,10,,,84030,2026-06-29
CRD_D00A4D4EA8DD49B1B244,SCRYDEX_JP,GRADED,9,,,41362,2026-06-29
CRD_D00A4D4EA8DD49B1B244,SCRYDEX_JP,RAW,,17.0600,USD,26212,2026-06-29
CRD_D03B772C5E7A47F49391,SCRYDEX_EN,RAW,,0.6200,USD,953,2026-06-29
CRD_D041ACC237314A96985C,SCRYDEX_EN,RAW,,0.7000,USD,1071,2026-06-05
CRD_D041ACC237314A96985C,SCRYDEX_JP,GRADED,10,,,38351,2026-06-29
CRD_D041ACC237314A96985C,SCRYDEX_JP,RAW,,0.2800,USD,430,2026-06-29
CRD_D0431A834EF34574BAAD,SCRYDEX_EN,RAW,,35.7000,USD,54852,2026-06-29
CRD_D0431A834EF34574BAAD,SCRYDEX_JP,GRADED,10,,,202570,2026-06-29
CRD_D0431A834EF34574BAAD,SCRYDEX_JP,GRADED,9,,,54545,2026-06-29
CRD_D0431A834EF34574BAAD,SCRYDEX_JP,RAW,,13.4700,USD,20696,2026-06-29
CRD_D0443324171B2CC0D77258357000A417,SCRYDEX_JP,GRADED,10,,,6336321,2026-06-29
CRD_D0443324171B2CC0D77258357000A417,SCRYDEX_JP,GRADED,9,,,3739531,2026-06-29
CRD_D0443324171B2CC0D77258357000A417,SCRYDEX_JP,RAW,,1799.0000,USD,2764128,2026-06-29
CRD_D0519CFFD9564C798E9F,SCRYDEX_EN,RAW,,4.2900,USD,6561,2026-06-05
CRD_D05CD67F8E8E4364A643,SCRYDEX_EN,RAW,,3.9200,USD,5995,2026-06-05
CRD_D05CD67F8E8E4364A643,SCRYDEX_JP,GRADED,10,,,53562,2026-06-29
CRD_D05CD67F8E8E4364A643,SCRYDEX_JP,GRADED,9,,,24722,2026-06-29
CRD_D05CD67F8E8E4364A643,SCRYDEX_JP,RAW,,2.4500,USD,3764,2026-06-29
CRD_D07DE78E55D4229AB02C,SCRYDEX_EN,RAW,,68.3100,USD,105420,2026-06-25
CRD_D07DE78E55D4229AB02C,SCRYDEX_JP,GRADED,10,,,173592,2026-06-29
CRD_D07DE78E55D4229AB02C,SCRYDEX_JP,GRADED,9,,,62903,2026-06-29
CRD_D07DE78E55D4229AB02C,SCRYDEX_JP,RAW,,21.0300,USD,32312,2026-06-29
CRD_D07E561E30914540AD43,SCRYDEX_EN,RAW,,0.7200,USD,1101,2026-06-05
CRD_D07E561E30914540AD43,SCRYDEX_JP,GRADED,10,,,192060,2026-06-29
CRD_D07E561E30914540AD43,SCRYDEX_JP,RAW,,0.4300,USD,661,2026-06-29
CRD_D0C1C5D1A0D94833B4EC,SCRYDEX_EN,RAW,,7.8600,USD,12021,2026-06-05
CRD_D0C1C5D1A0D94833B4EC,SCRYDEX_JP,GRADED,10,,,39948,2026-06-29
CRD_D0C1C5D1A0D94833B4EC,SCRYDEX_JP,RAW,,9.9900,USD,15349,2026-06-29
CRD_D0DC4C237DF94E399FBC,SCRYDEX_EN,RAW,,2.1600,USD,3303,2026-06-05
CRD_D0DC4C237DF94E399FBC,SCRYDEX_JP,RAW,,5.5000,USD,8451,2026-06-29
CRD_D0DC8DD763A74B918833,SCRYDEX_EN,RAW,,2.1100,USD,3227,2026-06-05
CRD_D0DC8DD763A74B918833,SCRYDEX_JP,GRADED,10,,,39995,2026-06-29
CRD_D0DC8DD763A74B918833,SCRYDEX_JP,GRADED,9,,,11647,2026-06-29
CRD_D0DC8DD763A74B918833,SCRYDEX_JP,RAW,,1.6300,USD,2504,2026-06-29
CRD_D0EC868873694B81B52F,SCRYDEX_EN,RAW,,9.1000,USD,13982,2026-06-29
CRD_D0EC868873694B81B52F,SCRYDEX_JP,GRADED,10,,,46340,2026-06-29
CRD_D0EC868873694B81B52F,SCRYDEX_JP,GRADED,9,,,17746,2026-06-29
CRD_D0EC868873694B81B52F,SCRYDEX_JP,RAW,,6.5300,USD,10033,2026-06-29
CRD_D0F99DC13CF34DFD957C,SCRYDEX_EN,RAW,,1.0100,USD,1545,2026-06-05
CRD_D0F99DC13CF34DFD957C,SCRYDEX_JP,GRADED,10,,,163282,2026-06-29
CRD_D0F99DC13CF34DFD957C,SCRYDEX_JP,GRADED,9,,,77531,2026-06-29
CRD_D0F99DC13CF34DFD957C,SCRYDEX_JP,RAW,,0.8000,USD,1229,2026-06-29
CRD_D1177926ABA14B70B4E9,SCRYDEX_EN,RAW,,1.2400,USD,1896,2026-06-05
CRD_D1177926ABA14B70B4E9,SCRYDEX_JP,GRADED,10,,,53746,2026-06-29
CRD_D1177926ABA14B70B4E9,SCRYDEX_JP,RAW,,0.4800,USD,738,2026-06-29
CRD_D12C5E855D472ADD01EC,SCRYDEX_JP,GRADED,10,,,49198,2026-06-29
CRD_D12C5E855D472ADD01EC,SCRYDEX_JP,RAW,,0.5700,USD,876,2026-06-29
CRD_D1410E1858CE4B84814D,SCRYDEX_EN,RAW,,1.9600,USD,2998,2026-06-05
CRD_D1410E1858CE4B84814D,SCRYDEX_JP,GRADED,10,,,44297,2026-06-29
CRD_D1410E1858CE4B84814D,SCRYDEX_JP,GRADED,9,,,1574892,2026-06-29
CRD_D1410E1858CE4B84814D,SCRYDEX_JP,RAW,,1900.0000,KRW,1900,2026-06-29
CRD_D143E5991165404EBBDB,SCRYDEX_EN,RAW,,60.1900,USD,92481,2026-06-29
CRD_D143E5991165404EBBDB,SCRYDEX_JP,GRADED,10,,,279716,2026-06-29
CRD_D143E5991165404EBBDB,SCRYDEX_JP,GRADED,9,,,97705,2026-06-29
CRD_D143E5991165404EBBDB,SCRYDEX_JP,RAW,,43.2800,USD,66499,2026-06-29
CRD_D1558B6044BA433EB434,SCRYDEX_EN,RAW,,4.4500,USD,6806,2026-06-05
CRD_D1558B6044BA433EB434,SCRYDEX_JP,GRADED,10,,,63380,2026-06-29
CRD_D1558B6044BA433EB434,SCRYDEX_JP,GRADED,9,,,17562,2026-06-29
CRD_D1558B6044BA433EB434,SCRYDEX_JP,RAW,,1.0200,USD,1567,2026-06-29
CRD_D1651B27D22047C4A81B,SCRYDEX_EN,RAW,,5.9100,USD,9039,2026-06-05
CRD_D1651B27D22047C4A81B,SCRYDEX_JP,GRADED,10,,,168506,2026-06-29
CRD_D1651B27D22047C4A81B,SCRYDEX_JP,RAW,,13300.0000,KRW,13300,2026-06-29
CRD_D17A00BDB2C9E0FCE3F8,SCRYDEX_EN,RAW,,2.0700,USD,3183,2026-06-23
CRD_D17A00BDB2C9E0FCE3F8,SCRYDEX_JP,GRADED,10,,,69987,2026-06-29
CRD_D17A00BDB2C9E0FCE3F8,SCRYDEX_JP,RAW,,3.7100,USD,5700,2026-06-29
CRD_D18C8870DB964490B498,SCRYDEX_EN,RAW,,6.9800,USD,10675,2026-06-05
CRD_D18C8870DB964490B498,SCRYDEX_JP,GRADED,10,,,66053,2026-06-29
CRD_D18C8870DB964490B498,SCRYDEX_JP,GRADED,9,,,27395,2026-06-29
CRD_D18C8870DB964490B498,SCRYDEX_JP,RAW,,4.7500,USD,7298,2026-06-29
CRD_D19E69BE367A43128A5D,SCRYDEX_EN,RAW,,0.7900,USD,1208,2026-06-05
CRD_D19E69BE367A43128A5D,SCRYDEX_JP,RAW,,0.7200,USD,1106,2026-06-29
CRD_D1A8C3F081B74BAE8414,SCRYDEX_EN,RAW,,1.2200,USD,1866,2026-06-05
CRD_D1A8C3F081B74BAE8414,SCRYDEX_JP,GRADED,10,,,51103,2026-06-29
CRD_D1A8C3F081B74BAE8414,SCRYDEX_JP,RAW,,0.9200,USD,1414,2026-06-29
CRD_D1AAF580D6724936A745,SCRYDEX_EN,RAW,,3.4700,USD,5307,2026-06-05
CRD_D1AAF580D6724936A745,SCRYDEX_JP,GRADED,10,,,19974,2026-06-29
CRD_D1AAF580D6724936A745,SCRYDEX_JP,GRADED,9,,,15349,2026-06-29
CRD_D1AAF580D6724936A745,SCRYDEX_JP,RAW,,2.6300,USD,4041,2026-06-29
CRD_D1B5C3A150B3424CB4C7,SCRYDEX_EN,RAW,,18.5700,USD,28532,2026-06-29
CRD_D1B5C3A150B3424CB4C7,SCRYDEX_JP,GRADED,10,,,138268,2026-06-29
CRD_D1B5C3A150B3424CB4C7,SCRYDEX_JP,GRADED,9,,,29869,2026-06-29
CRD_D1B5C3A150B3424CB4C7,SCRYDEX_JP,RAW,,25.3300,USD,38919,2026-06-29
CRD_D1C565DB2FFB4163BFFC,SCRYDEX_EN,RAW,,6.8900,USD,10537,2026-06-05
CRD_D1C565DB2FFB4163BFFC,SCRYDEX_JP,GRADED,10,,,70110,2026-06-29
CRD_D1C565DB2FFB4163BFFC,SCRYDEX_JP,GRADED,9,,,15380,2026-06-29
CRD_D1C565DB2FFB4163BFFC,SCRYDEX_JP,RAW,,4.2300,USD,6499,2026-06-29
CRD_D1D4CE75EC474976A7DF,SCRYDEX_EN,RAW,,5.4400,USD,8320,2026-06-05
CRD_D1D4CE75EC474976A7DF,SCRYDEX_JP,GRADED,10,,,75764,2026-06-29
CRD_D1D4CE75EC474976A7DF,SCRYDEX_JP,GRADED,9,,,23508,2026-06-29
CRD_D1D4CE75EC474976A7DF,SCRYDEX_JP,RAW,,2.3900,USD,3672,2026-06-29
CRD_D229BF26FFF94E27A4FE,SCRYDEX_EN,RAW,,18.6900,USD,28717,2026-06-29
CRD_D229BF26FFF94E27A4FE,SCRYDEX_JP,GRADED,10,,,77054,2026-06-29
CRD_D229BF26FFF94E27A4FE,SCRYDEX_JP,GRADED,9,,,21511,2026-06-29
CRD_D229BF26FFF94E27A4FE,SCRYDEX_JP,RAW,,4.9200,USD,7559,2026-06-29
CRD_D2329A80F560434D96B2,SCRYDEX_EN,RAW,,7.4600,USD,11409,2026-06-05
CRD_D2329A80F560434D96B2,SCRYDEX_JP,GRADED,10,,,70156,2026-06-29
CRD_D2329A80F560434D96B2,SCRYDEX_JP,GRADED,9,,,24768,2026-06-29
CRD_D2329A80F560434D96B2,SCRYDEX_JP,RAW,,2.0100,USD,3088,2026-06-29
CRD_D2495E3800AA46048DEE,SCRYDEX_EN,RAW,,0.8900,USD,1361,2026-06-05
CRD_D2495E3800AA46048DEE,SCRYDEX_JP,GRADED,10,,,49736,2026-06-29
CRD_D2495E3800AA46048DEE,SCRYDEX_JP,GRADED,9,,,16133,2026-06-29
CRD_D2495E3800AA46048DEE,SCRYDEX_JP,RAW,,0.2900,USD,446,2026-06-29
CRD_D2518F5B122F4451AB0C,SCRYDEX_EN,RAW,,19.9400,USD,30496,2026-06-05
CRD_D2518F5B122F4451AB0C,SCRYDEX_JP,GRADED,10,,,155277,2026-06-29
CRD_D2518F5B122F4451AB0C,SCRYDEX_JP,RAW,,32.5000,USD,49936,2026-06-29
CRD_D25814429FF94A7E84C3,SCRYDEX_EN,RAW,,2.6200,USD,4007,2026-06-05
CRD_D25814429FF94A7E84C3,SCRYDEX_JP,GRADED,10,,,40640,2026-06-29
CRD_D25814429FF94A7E84C3,SCRYDEX_JP,GRADED,9,,,23708,2026-06-29
CRD_D25814429FF94A7E84C3,SCRYDEX_JP,RAW,,3.5100,USD,5393,2026-06-29
CRD_D264A2B826384DCCB7D7,SCRYDEX_EN,RAW,,1.0100,USD,1545,2026-06-05
CRD_D264A2B826384DCCB7D7,SCRYDEX_JP,GRADED,10,,,142140,2026-06-29
CRD_D264A2B826384DCCB7D7,SCRYDEX_JP,GRADED,9,,,24584,2026-06-29
CRD_D264A2B826384DCCB7D7,SCRYDEX_JP,RAW,,10.1100,USD,15534,2026-06-29
CRD_D2735A48259B9E4C3366,SCRYDEX_JP,RAW,,6.1600,USD,9465,2026-06-29
CRD_D2A40714424C4D3E9F8C,SCRYDEX_EN,RAW,,24.2200,USD,37041,2026-06-05
CRD_D2A40714424C4D3E9F8C,SCRYDEX_JP,GRADED,10,,,702678,2026-06-29
CRD_D2A40714424C4D3E9F8C,SCRYDEX_JP,RAW,,90.0000,USD,138283,2026-06-29
CRD_D2A4A914128D48B19C2B,SCRYDEX_EN,RAW,,1.3700,USD,2095,2026-06-05
CRD_D2A4A914128D48B19C2B,SCRYDEX_JP,GRADED,10,,,81679,2026-06-29
CRD_D2A4A914128D48B19C2B,SCRYDEX_JP,GRADED,9,,,18791,2026-06-29
CRD_D2A4A914128D48B19C2B,SCRYDEX_JP,RAW,,1.9700,USD,3027,2026-06-29
CRD_D2B8F12F00094BD88632,SCRYDEX_EN,RAW,,137.8500,USD,211804,2026-06-29
CRD_D2B8F12F00094BD88632,SCRYDEX_JP,GRADED,10,,,576656,2026-06-29
CRD_D2B8F12F00094BD88632,SCRYDEX_JP,GRADED,9,,,192598,2026-06-29
CRD_D2B8F12F00094BD88632,SCRYDEX_JP,RAW,,62.2000,USD,95569,2026-06-29
CRD_D2BCEBD902BB4EB7B230,SCRYDEX_EN,RAW,,2.9800,USD,4558,2026-06-05
CRD_D2BCEBD902BB4EB7B230,SCRYDEX_JP,GRADED,10,,,64978,2026-06-29
CRD_D2BCEBD902BB4EB7B230,SCRYDEX_JP,GRADED,9,,,7682,2026-06-29
CRD_D2BCEBD902BB4EB7B230,SCRYDEX_JP,RAW,,1.4300,USD,2197,2026-06-29
CRD_D2DB42A5C2EF4407A186,SCRYDEX_EN,RAW,,1.3800,USD,2111,2026-06-05
CRD_D2F3D6C50BA14B39ADBA,SCRYDEX_EN,RAW,,52.9200,USD,81311,2026-06-29
CRD_D2F3D6C50BA14B39ADBA,SCRYDEX_JP,GRADED,10,,,116219,2026-06-29
CRD_D2F3D6C50BA14B39ADBA,SCRYDEX_JP,GRADED,9,,,63288,2026-06-29
CRD_D2F3D6C50BA14B39ADBA,SCRYDEX_JP,RAW,,15.2500,USD,23431,2026-06-29
CRD_D2FF712DE7F2490F83AB,SCRYDEX_EN,RAW,,72.4000,USD,111241,2026-06-29
CRD_D2FF712DE7F2490F83AB,SCRYDEX_JP,GRADED,10,,,98673,2026-06-29
CRD_D2FF712DE7F2490F83AB,SCRYDEX_JP,GRADED,9,,,31267,2026-06-29
CRD_D2FF712DE7F2490F83AB,SCRYDEX_JP,RAW,,13.5400,USD,20804,2026-06-29
CRD_D314F766A59B4473933E,SCRYDEX_EN,RAW,,3.3300,USD,5093,2026-06-05
CRD_D314F766A59B4473933E,SCRYDEX_JP,GRADED,10,,,53915,2026-06-29
CRD_D314F766A59B4473933E,SCRYDEX_JP,GRADED,9,,,26812,2026-06-29
CRD_D314F766A59B4473933E,SCRYDEX_JP,RAW,,0.9700,USD,1490,2026-06-29
CRD_D32273D46FE741C19111,SCRYDEX_EN,RAW,,5.1800,USD,7922,2026-06-05
CRD_D32273D46FE741C19111,SCRYDEX_JP,GRADED,10,,,65992,2026-06-29
CRD_D32273D46FE741C19111,SCRYDEX_JP,GRADED,9,,,60891,2026-06-29
CRD_D32273D46FE741C19111,SCRYDEX_JP,RAW,,3.3500,USD,5147,2026-06-29
CRD_D333E4DB73424513B205,SCRYDEX_EN,RAW,,9.5500,USD,14605,2026-06-05
CRD_D340A905D2D643CC9360,SCRYDEX_EN,RAW,,23.4300,USD,35833,2026-06-05
CRD_D340A905D2D643CC9360,SCRYDEX_JP,GRADED,10,,,184716,2026-06-29
CRD_D340A905D2D643CC9360,SCRYDEX_JP,RAW,,41.5600,USD,63856,2026-06-29
CRD_D341F09B720748DE8BA5,SCRYDEX_EN,RAW,,7.6600,USD,11715,2026-06-05
CRD_D341F09B720748DE8BA5,SCRYDEX_JP,GRADED,10,,,87303,2026-06-29
CRD_D341F09B720748DE8BA5,SCRYDEX_JP,RAW,,2.8200,USD,4333,2026-06-29
CRD_D3439179FAEB461CA903,SCRYDEX_EN,RAW,,4.8000,USD,7341,2026-06-05
CRD_D3439179FAEB461CA903,SCRYDEX_JP,GRADED,10,,,93403,2026-06-29
CRD_D3439179FAEB461CA903,SCRYDEX_JP,GRADED,9,,,23815,2026-06-29
CRD_D3439179FAEB461CA903,SCRYDEX_JP,RAW,,12.5000,USD,19206,2026-06-29
CRD_D343C56E339540C186C2,SCRYDEX_EN,RAW,,2.3400,USD,3579,2026-06-05
CRD_D343C56E339540C186C2,SCRYDEX_JP,GRADED,10,,,42269,2026-06-29
CRD_D343C56E339540C186C2,SCRYDEX_JP,RAW,,2.9500,USD,4533,2026-06-29
CRD_D354887EB90344EE923F,SCRYDEX_EN,RAW,,142.9100,USD,219578,2026-06-29
CRD_D354887EB90344EE923F,SCRYDEX_JP,GRADED,10,,,224895,2026-06-29
CRD_D354887EB90344EE923F,SCRYDEX_JP,GRADED,9,,,148931,2026-06-29
CRD_D354887EB90344EE923F,SCRYDEX_JP,RAW,,96.8600,USD,148823,2026-06-29
CRD_D36A8D255E484367A01A,SCRYDEX_EN,RAW,,2.6500,USD,4053,2026-06-05
CRD_D36A8D255E484367A01A,SCRYDEX_JP,GRADED,10,,,147533,2026-06-29
CRD_D36A8D255E484367A01A,SCRYDEX_JP,GRADED,9,,,92173,2026-06-29
CRD_D36A8D255E484367A01A,SCRYDEX_JP,RAW,,6.0200,USD,9250,2026-06-29
CRD_D36DD4F7F2DC45FBAE2B,SCRYDEX_EN,RAW,,1.6600,USD,2539,2026-06-05
CRD_D36DD4F7F2DC45FBAE2B,SCRYDEX_JP,GRADED,10,,,115282,2026-06-29
CRD_D36DD4F7F2DC45FBAE2B,SCRYDEX_JP,GRADED,9,,,19974,2026-06-29
CRD_D36DD4F7F2DC45FBAE2B,SCRYDEX_JP,RAW,,1.2300,USD,1890,2026-06-29
CRD_D3997BEB72104CE08418,SCRYDEX_EN,RAW,,9.8900,USD,15125,2026-06-05
CRD_D3997BEB72104CE08418,SCRYDEX_JP,GRADED,10,,,75288,2026-06-29
CRD_D3997BEB72104CE08418,SCRYDEX_JP,RAW,,12.6200,USD,19390,2026-06-29
CRD_D3A35E24EA494A63BB44,SCRYDEX_EN,RAW,,3.6100,USD,5521,2026-06-05
CRD_D3A35E24EA494A63BB44,SCRYDEX_JP,GRADED,10,,,33019,2026-06-29
CRD_D3A35E24EA494A63BB44,SCRYDEX_JP,GRADED,9,,,115236,2026-06-29
CRD_D3A35E24EA494A63BB44,SCRYDEX_JP,RAW,,19.9900,USD,30714,2026-06-29
CRD_D3A4176E71AC47AFA6EF,SCRYDEX_EN,RAW,,1.6700,USD,2566,2026-06-29
CRD_D3A4176E71AC47AFA6EF,SCRYDEX_JP,GRADED,10,,,35400,2026-06-29
CRD_D3A4176E71AC47AFA6EF,SCRYDEX_JP,RAW,,1.6800,USD,2581,2026-06-29
CRD_D3A5DFC3A6B34F32B872,SCRYDEX_EN,RAW,,0.7000,USD,1076,2026-06-29
CRD_D3A5DFC3A6B34F32B872,SCRYDEX_JP,GRADED,10,,,71784,2026-06-29
CRD_D3A5DFC3A6B34F32B872,SCRYDEX_JP,GRADED,9,,,17623,2026-06-29
CRD_D3A5DFC3A6B34F32B872,SCRYDEX_JP,RAW,,0.5200,USD,799,2026-06-29
CRD_D3B2F8E6629F414DAAA8,SCRYDEX_EN,RAW,,128.1000,USD,196823,2026-06-29
CRD_D3B2F8E6629F414DAAA8,SCRYDEX_JP,GRADED,10,,,1341101,2026-06-29
CRD_D3B2F8E6629F414DAAA8,SCRYDEX_JP,GRADED,9,,,416693,2026-06-29
CRD_D3B2F8E6629F414DAAA8,SCRYDEX_JP,RAW,,741000.0000,KRW,741000,2026-06-29
CRD_D3BC0E4C755C49AD83CC,SCRYDEX_EN,RAW,,33.4900,USD,51457,2026-06-29
CRD_D3BC0E4C755C49AD83CC,SCRYDEX_JP,GRADED,10,,,109259,2026-06-29
CRD_D3BC0E4C755C49AD83CC,SCRYDEX_JP,GRADED,9,,,33818,2026-06-29
CRD_D3BC0E4C755C49AD83CC,SCRYDEX_JP,RAW,,18.4600,USD,28363,2026-06-29
CRD_D3C57F0250DF425CBA58,SCRYDEX_EN,RAW,,1.6700,USD,2554,2026-06-05
CRD_D3C57F0250DF425CBA58,SCRYDEX_JP,GRADED,10,,,37045,2026-06-29
CRD_D3C57F0250DF425CBA58,SCRYDEX_JP,RAW,,0.9600,USD,1475,2026-06-29
CRD_D3D3847CAB9D4F80B987,SCRYDEX_EN,RAW,,7.8200,USD,11960,2026-06-05
CRD_D3D3847CAB9D4F80B987,SCRYDEX_JP,GRADED,10,,,50704,2026-06-29
CRD_D3D3847CAB9D4F80B987,SCRYDEX_JP,RAW,,3.9900,USD,6131,2026-06-29
CRD_D3E4B12ED8094D568982,SCRYDEX_EN,RAW,,31.6000,USD,48553,2026-06-29
CRD_D3E4B12ED8094D568982,SCRYDEX_JP,GRADED,10,,,183118,2026-06-29
CRD_D3E4B12ED8094D568982,SCRYDEX_JP,GRADED,9,,,55590,2026-06-29
CRD_D3E4B12ED8094D568982,SCRYDEX_JP,RAW,,14.3900,USD,22110,2026-06-29
CRD_D3E88C25E8B642E3BF45,SCRYDEX_EN,RAW,,2.8800,USD,4405,2026-06-05
CRD_D3E88C25E8B642E3BF45,SCRYDEX_JP,GRADED,10,,,58140,2026-06-29
CRD_D3E88C25E8B642E3BF45,SCRYDEX_JP,RAW,,1.5700,USD,2412,2026-06-29
CRD_D417586C8E26486E94D6,SCRYDEX_EN,RAW,,7.0300,USD,10751,2026-06-05
CRD_D417586C8E26486E94D6,SCRYDEX_JP,GRADED,10,,,214508,2026-06-29
CRD_D417586C8E26486E94D6,SCRYDEX_JP,RAW,,10.2500,USD,15749,2026-06-29
CRD_D418EAC3260E430DB338,SCRYDEX_EN,RAW,,6.4600,USD,9984,2026-06-07
CRD_D418EAC3260E430DB338,SCRYDEX_JP,GRADED,10,,,34371,2026-06-29
CRD_D418EAC3260E430DB338,SCRYDEX_JP,RAW,,7.2600,USD,11155,2026-06-29
CRD_D43499400639421BA34A,SCRYDEX_EN,RAW,,20.5400,USD,31413,2026-06-05
CRD_D43499400639421BA34A,SCRYDEX_JP,GRADED,10,,,310569,2026-06-29
CRD_D43499400639421BA34A,SCRYDEX_JP,GRADED,9,,,75288,2026-06-29
CRD_D43499400639421BA34A,SCRYDEX_JP,RAW,,35.3300,USD,54284,2026-06-29
CRD_D434D4DB501B4AF68A68,SCRYDEX_EN,RAW,,13.4800,USD,20712,2026-06-29
CRD_D434D4DB501B4AF68A68,SCRYDEX_JP,GRADED,10,,,50596,2026-06-29
CRD_D434D4DB501B4AF68A68,SCRYDEX_JP,GRADED,9,,,14597,2026-06-29
CRD_D434D4DB501B4AF68A68,SCRYDEX_JP,RAW,,1.9500,USD,2996,2026-06-29
CRD_D458688E4CDC4D52858A,SCRYDEX_EN,RAW,,0.9400,USD,1438,2026-06-05
CRD_D458688E4CDC4D52858A,SCRYDEX_JP,GRADED,10,,,52148,2026-06-29
CRD_D458688E4CDC4D52858A,SCRYDEX_JP,RAW,,1.2400,USD,1905,2026-06-29
CRD_D462517CFC6F4930A7AC,SCRYDEX_EN,RAW,,1.3700,USD,2105,2026-06-29
CRD_D462517CFC6F4930A7AC,SCRYDEX_JP,GRADED,10,,,49183,2026-06-29
CRD_D462517CFC6F4930A7AC,SCRYDEX_JP,RAW,,0.4400,USD,676,2026-06-29
CRD_D4672A5ECC0F45DABED3,SCRYDEX_EN,RAW,,66.7800,USD,102606,2026-06-29
CRD_D4672A5ECC0F45DABED3,SCRYDEX_JP,GRADED,10,,,116281,2026-06-29
CRD_D4672A5ECC0F45DABED3,SCRYDEX_JP,GRADED,9,,,67605,2026-06-29
CRD_D4672A5ECC0F45DABED3,SCRYDEX_JP,RAW,,40.1900,USD,61751,2026-06-29
CRD_D472EEFEF45D4225A0EF,SCRYDEX_EN,RAW,,18.0400,USD,27718,2026-06-27
CRD_D472EEFEF45D4225A0EF,SCRYDEX_JP,GRADED,9,,,20712,2026-06-29
CRD_D472EEFEF45D4225A0EF,SCRYDEX_JP,RAW,,14.0000,USD,21511,2026-06-29
CRD_D48A0477EDAA45118306,SCRYDEX_EN,RAW,,48.7800,USD,74949,2026-06-29
CRD_D48A0477EDAA45118306,SCRYDEX_JP,GRADED,10,,,169366,2026-06-29
CRD_D48A0477EDAA45118306,SCRYDEX_JP,GRADED,9,,,47646,2026-06-29
CRD_D48A0477EDAA45118306,SCRYDEX_JP,RAW,,20.0200,USD,30760,2026-06-29
CRD_D4963DE8F541495794EE,SCRYDEX_EN,RAW,,88.7200,USD,136317,2026-06-29
CRD_D4963DE8F541495794EE,SCRYDEX_JP,GRADED,10,,,147840,2026-06-29
CRD_D4963DE8F541495794EE,SCRYDEX_JP,GRADED,9,,,56158,2026-06-29
CRD_D4963DE8F541495794EE,SCRYDEX_JP,RAW,,24.0100,USD,36891,2026-06-29
CRD_D4ABBEA6D26A12D8F907,SCRYDEX_JP,GRADED,10,,,41700,2026-06-29
CRD_D4ABBEA6D26A12D8F907,SCRYDEX_JP,GRADED,9,,,18438,2026-06-29
CRD_D4ABBEA6D26A12D8F907,SCRYDEX_JP,RAW,,0.4100,USD,630,2026-06-29
CRD_D4B65CC7BF784983ADB8,SCRYDEX_JP,GRADED,10,,,32573,2026-06-29
CRD_D4B65CC7BF784983ADB8,SCRYDEX_JP,RAW,,4.5300,USD,6960,2026-06-29
CRD_D4CFC33A07144C65A793,SCRYDEX_EN,RAW,,6.0000,USD,9176,2026-06-05
CRD_D4CFC33A07144C65A793,SCRYDEX_JP,GRADED,10,,,50704,2026-06-29
CRD_D4CFC33A07144C65A793,SCRYDEX_JP,GRADED,9,,,16194,2026-06-29
CRD_D4CFC33A07144C65A793,SCRYDEX_JP,RAW,,2.0700,USD,3181,2026-06-29
CRD_D4D97671FD8C454A8A1C,SCRYDEX_EN,RAW,,43.9900,USD,67277,2026-06-05
CRD_D4D97671FD8C454A8A1C,SCRYDEX_JP,GRADED,10,,,1314459,2026-06-29
CRD_D4D97671FD8C454A8A1C,SCRYDEX_JP,GRADED,9,,,139912,2026-06-29
CRD_D4D97671FD8C454A8A1C,SCRYDEX_JP,RAW,,11400.0000,KRW,11400,2026-06-29
CRD_D4E8EA5B4ABC4CE4803E,SCRYDEX_EN,RAW,,83.9300,USD,128360,2026-06-05
CRD_D4E8EA5B4ABC4CE4803E,SCRYDEX_JP,GRADED,10,,,535064,2026-06-29
CRD_D4E8EA5B4ABC4CE4803E,SCRYDEX_JP,GRADED,9,,,331188,2026-06-29
CRD_D4E922F147AB4D8DAF9B,SCRYDEX_EN,RAW,,44.5400,USD,68118,2026-06-05
CRD_D4E922F147AB4D8DAF9B,SCRYDEX_JP,GRADED,10,,,403802,2026-06-29
CRD_D4E922F147AB4D8DAF9B,SCRYDEX_JP,GRADED,9,,,112440,2026-06-29
CRD_D4E922F147AB4D8DAF9B,SCRYDEX_JP,RAW,,45.0000,USD,69142,2026-06-29
CRD_D4EFCEF0EEB948B7B754,SCRYDEX_EN,RAW,,4.1100,USD,6286,2026-06-05
CRD_D4EFCEF0EEB948B7B754,SCRYDEX_JP,RAW,,2.8600,USD,4394,2026-06-29
CRD_D4F1ED76199148DD94FA,SCRYDEX_EN,RAW,,2.6200,USD,4007,2026-06-05
CRD_D4F1ED76199148DD94FA,SCRYDEX_JP,GRADED,10,,,60614,2026-06-29
CRD_D4F1ED76199148DD94FA,SCRYDEX_JP,GRADED,9,,,24215,2026-06-29
CRD_D4F1ED76199148DD94FA,SCRYDEX_JP,RAW,,1.1200,USD,1721,2026-06-29
CRD_D4F9A637FFAE4231A8CB,SCRYDEX_EN,RAW,,0.7100,USD,1086,2026-06-05
CRD_D4F9A637FFAE4231A8CB,SCRYDEX_JP,GRADED,10,,,58740,2026-06-29
CRD_D4F9A637FFAE4231A8CB,SCRYDEX_JP,GRADED,9,,,9480,2026-06-29
CRD_D4F9A637FFAE4231A8CB,SCRYDEX_JP,RAW,,0.3000,USD,461,2026-06-29
CRD_D51E4A66843B4E17B6F8,SCRYDEX_EN,RAW,,15.4600,USD,23754,2026-06-29
CRD_D543AC0888A542E78D35,SCRYDEX_EN,RAW,,2.3600,USD,3609,2026-06-05
CRD_D543AC0888A542E78D35,SCRYDEX_JP,GRADED,10,,,72752,2026-06-29
CRD_D543AC0888A542E78D35,SCRYDEX_JP,GRADED,9,,,47554,2026-06-29
CRD_D543AC0888A542E78D35,SCRYDEX_JP,RAW,,2.0300,USD,3119,2026-06-29
CRD_D549C9C22E9C4E4C83D4,SCRYDEX_EN,RAW,,3.8100,USD,5827,2026-06-05
CRD_D549C9C22E9C4E4C83D4,SCRYDEX_JP,GRADED,10,,,83185,2026-06-29
CRD_D549C9C22E9C4E4C83D4,SCRYDEX_JP,GRADED,9,,,14612,2026-06-29
CRD_D549C9C22E9C4E4C83D4,SCRYDEX_JP,RAW,,1.4300,USD,2197,2026-06-29
CRD_D5532CF1B3D74D75938E,SCRYDEX_EN,RAW,,5.8500,USD,8947,2026-06-05
CRD_D5532CF1B3D74D75938E,SCRYDEX_JP,GRADED,10,,,58586,2026-06-29
CRD_D5532CF1B3D74D75938E,SCRYDEX_JP,RAW,,8.0000,USD,12292,2026-06-29
CRD_D55D68F136FE4493B753,SCRYDEX_EN,RAW,,5.6900,USD,8702,2026-06-05
CRD_D55D68F136FE4493B753,SCRYDEX_JP,GRADED,10,,,38581,2026-06-29
CRD_D55D68F136FE4493B753,SCRYDEX_JP,RAW,,5.4600,USD,8389,2026-06-29
CRD_D55D93F3B3354DD8B604,SCRYDEX_EN,RAW,,22.8900,USD,35170,2026-06-29
CRD_D55D93F3B3354DD8B604,SCRYDEX_JP,GRADED,10,,,189371,2026-06-29
CRD_D55D93F3B3354DD8B604,SCRYDEX_JP,GRADED,9,,,32666,2026-06-29
CRD_D55D93F3B3354DD8B604,SCRYDEX_JP,RAW,,6.9700,USD,10709,2026-06-29
CRD_D56048415DA2405E9DBC,SCRYDEX_EN,RAW,,2.1700,USD,3319,2026-06-05
CRD_D56048415DA2405E9DBC,SCRYDEX_JP,GRADED,10,,,222605,2026-06-29
CRD_D56048415DA2405E9DBC,SCRYDEX_JP,GRADED,9,,,38627,2026-06-29
CRD_D56048415DA2405E9DBC,SCRYDEX_JP,RAW,,9.1100,USD,13997,2026-06-29
CRD_D57859CD4BA84DEEBC5A,SCRYDEX_EN,RAW,,15.9800,USD,24111,2026-06-18
CRD_D57859CD4BA84DEEBC5A,SCRYDEX_JP,GRADED,10,,,198943,2026-06-29
CRD_D57859CD4BA84DEEBC5A,SCRYDEX_JP,GRADED,9,,,45664,2026-06-29
CRD_D57859CD4BA84DEEBC5A,SCRYDEX_JP,RAW,,18.2400,USD,28025,2026-06-29
CRD_D57DF737284449919BC3,SCRYDEX_EN,RAW,,28.7100,USD,44112,2026-06-29
CRD_D57DF737284449919BC3,SCRYDEX_JP,GRADED,10,,,110458,2026-06-29
CRD_D57DF737284449919BC3,SCRYDEX_JP,GRADED,9,,,25751,2026-06-29
CRD_D57DF737284449919BC3,SCRYDEX_JP,RAW,,12.3100,USD,18914,2026-06-29
CRD_D5801F6F54714BE18F81,SCRYDEX_EN,RAW,,144.7700,USD,222436,2026-06-29
CRD_D5801F6F54714BE18F81,SCRYDEX_JP,GRADED,10,,,267409,2026-06-29
CRD_D5801F6F54714BE18F81,SCRYDEX_JP,GRADED,9,,,107984,2026-06-29
CRD_D5801F6F54714BE18F81,SCRYDEX_JP,RAW,,59.1900,USD,90944,2026-06-29
CRD_D59A0E499FD44F4199B5,SCRYDEX_EN,RAW,,5.4400,USD,8320,2026-06-05
CRD_D59A0E499FD44F4199B5,SCRYDEX_JP,GRADED,10,,,48814,2026-06-29
CRD_D59A0E499FD44F4199B5,SCRYDEX_JP,GRADED,9,,,21495,2026-06-29
CRD_D59A0E499FD44F4199B5,SCRYDEX_JP,RAW,,2.9200,USD,4487,2026-06-29
CRD_D5A3208DB5D642528B68,SCRYDEX_EN,RAW,,83.9800,USD,129034,2026-06-29
CRD_D5A3208DB5D642528B68,SCRYDEX_JP,GRADED,10,,,623304,2026-06-29
CRD_D5A3208DB5D642528B68,SCRYDEX_JP,GRADED,9,,,133228,2026-06-29
CRD_D5A3208DB5D642528B68,SCRYDEX_JP,RAW,,85.0000,USD,130601,2026-06-29
CRD_D5BD1DC91C304D4CBBCD,SCRYDEX_EN,RAW,,0.6800,USD,1040,2026-06-05
CRD_D5BD1DC91C304D4CBBCD,SCRYDEX_JP,GRADED,10,,,60384,2026-06-29
CRD_D5BD1DC91C304D4CBBCD,SCRYDEX_JP,GRADED,9,,,22279,2026-06-29
CRD_D5BD1DC91C304D4CBBCD,SCRYDEX_JP,RAW,,0.2800,USD,430,2026-06-29
CRD_D5CA1113067244059C35,SCRYDEX_EN,RAW,,0.9200,USD,1407,2026-06-05
CRD_D5CA1113067244059C35,SCRYDEX_JP,GRADED,10,,,53347,2026-06-29
CRD_D5CA1113067244059C35,SCRYDEX_JP,RAW,,0.4800,USD,738,2026-06-29
CRD_D5E768346B67472EBC09,SCRYDEX_EN,RAW,,16.2900,USD,25029,2026-06-29
CRD_D5E768346B67472EBC09,SCRYDEX_JP,GRADED,10,,,77346,2026-06-29
CRD_D5E768346B67472EBC09,SCRYDEX_JP,GRADED,9,,,33234,2026-06-29
CRD_D5E768346B67472EBC09,SCRYDEX_JP,RAW,,17.2300,USD,26474,2026-06-29
CRD_D6012E58494D4846B6FB,SCRYDEX_EN,RAW,,2.8200,USD,4313,2026-06-05
CRD_D6012E58494D4846B6FB,SCRYDEX_JP,GRADED,10,,,76117,2026-06-29
CRD_D6012E58494D4846B6FB,SCRYDEX_JP,GRADED,9,,,15518,2026-06-29
CRD_D6012E58494D4846B6FB,SCRYDEX_JP,RAW,,0.7800,USD,1198,2026-06-29
CRD_D602385974EB459BA404,SCRYDEX_EN,RAW,,7.7700,USD,11883,2026-06-05
CRD_D602385974EB459BA404,SCRYDEX_JP,GRADED,10,,,93971,2026-06-29
CRD_D602385974EB459BA404,SCRYDEX_JP,GRADED,9,,,18714,2026-06-29
CRD_D602385974EB459BA404,SCRYDEX_JP,RAW,,1.6600,USD,2551,2026-06-29
CRD_D602C3182737420E823B,SCRYDEX_EN,RAW,,24.0400,USD,36766,2026-06-05
CRD_D602C3182737420E823B,SCRYDEX_JP,GRADED,10,,,397334,2026-06-29
CRD_D602C3182737420E823B,SCRYDEX_JP,GRADED,9,,,84952,2026-06-29
CRD_D602C3182737420E823B,SCRYDEX_JP,RAW,,21.9900,USD,33787,2026-06-29
CRD_D629521D90F54884A73E,SCRYDEX_EN,RAW,,26.6600,USD,40963,2026-06-29
CRD_D629521D90F54884A73E,SCRYDEX_JP,GRADED,10,,,216951,2026-06-29
CRD_D629521D90F54884A73E,SCRYDEX_JP,GRADED,9,,,41593,2026-06-29
CRD_D629521D90F54884A73E,SCRYDEX_JP,RAW,,14.1500,USD,21741,2026-06-29
CRD_D62E450DC27F4ACBBA35,SCRYDEX_EN,RAW,,4.5100,USD,6897,2026-06-05
CRD_D63C03AADD7045929DC0,SCRYDEX_EN,RAW,,7.5100,USD,11539,2026-06-29
CRD_D63C03AADD7045929DC0,SCRYDEX_JP,GRADED,10,,,47631,2026-06-29
CRD_D63C03AADD7045929DC0,SCRYDEX_JP,RAW,,5700.0000,KRW,5700,2026-06-29
CRD_D65357D1999445768C17,SCRYDEX_EN,RAW,,5.0000,USD,7647,2026-06-05
CRD_D65357D1999445768C17,SCRYDEX_JP,GRADED,10,,,52517,2026-06-29
CRD_D65357D1999445768C17,SCRYDEX_JP,GRADED,9,,,15119,2026-06-29
CRD_D65357D1999445768C17,SCRYDEX_JP,RAW,,1.4200,USD,2182,2026-06-29
CRD_D65DE41A73AB4B91B33B,SCRYDEX_EN,RAW,,4.9800,USD,7652,2026-06-29
CRD_D65DE41A73AB4B91B33B,SCRYDEX_JP,GRADED,10,,,71923,2026-06-29
CRD_D65DE41A73AB4B91B33B,SCRYDEX_JP,GRADED,9,,,29116,2026-06-29
CRD_D65DE41A73AB4B91B33B,SCRYDEX_JP,RAW,,1.9000,USD,2919,2026-06-29
CRD_D676436BD48549B1BEBE,SCRYDEX_EN,RAW,,21.5800,USD,33157,2026-06-29
CRD_D676436BD48549B1BEBE,SCRYDEX_JP,GRADED,10,,,176388,2026-06-29
CRD_D676436BD48549B1BEBE,SCRYDEX_JP,GRADED,9,,,38412,2026-06-29
CRD_D67FF6D515B941C0B69E,SCRYDEX_EN,RAW,,2.2300,USD,3410,2026-06-05
CRD_D67FF6D515B941C0B69E,SCRYDEX_JP,GRADED,10,,,27595,2026-06-29
CRD_D67FF6D515B941C0B69E,SCRYDEX_JP,RAW,,1.4400,USD,2213,2026-06-29
CRD_D69C2C88C4594015B09D,SCRYDEX_EN,RAW,,6.9900,USD,10690,2026-06-05
CRD_D69C2C88C4594015B09D,SCRYDEX_JP,GRADED,10,,,52763,2026-06-29
CRD_D69C2C88C4594015B09D,SCRYDEX_JP,GRADED,9,,,23662,2026-06-29
CRD_D69C2C88C4594015B09D,SCRYDEX_JP,RAW,,6.5000,USD,9987,2026-06-29
CRD_D6A4F6C77AFF466C95D9,SCRYDEX_EN,RAW,,27.4400,USD,42161,2026-06-29
CRD_D6A4F6C77AFF466C95D9,SCRYDEX_JP,GRADED,10,,,111395,2026-06-29
CRD_D6A4F6C77AFF466C95D9,SCRYDEX_JP,GRADED,9,,,28701,2026-06-29
CRD_D6A4F6C77AFF466C95D9,SCRYDEX_JP,RAW,,9.4400,USD,14504,2026-06-29
CRD_D6BD7408ABA74C26951D,SCRYDEX_EN,RAW,,0.7900,USD,1208,2026-06-05
CRD_D6CB6207F6D64F1A980C,SCRYDEX_EN,RAW,,27.8600,USD,42806,2026-06-29
CRD_D6CB6207F6D64F1A980C,SCRYDEX_JP,GRADED,10,,,81833,2026-06-29
CRD_D6CB6207F6D64F1A980C,SCRYDEX_JP,GRADED,9,,,26166,2026-06-29
CRD_D6CB6207F6D64F1A980C,SCRYDEX_JP,RAW,,14.7800,USD,22709,2026-06-29
CRD_D6CE520A6BA64DCF916E,SCRYDEX_EN,RAW,,146.7800,USD,225525,2026-06-29
CRD_D6CE520A6BA64DCF916E,SCRYDEX_JP,GRADED,10,,,319081,2026-06-29
CRD_D6CE520A6BA64DCF916E,SCRYDEX_JP,GRADED,9,,,166078,2026-06-29
CRD_D6CE520A6BA64DCF916E,SCRYDEX_JP,RAW,,92.1100,USD,141525,2026-06-29
CRD_D6EF48BBB6494035A432,SCRYDEX_EN,RAW,,17.8200,USD,27380,2026-06-29
CRD_D6EF48BBB6494035A432,SCRYDEX_JP,GRADED,10,,,172270,2026-06-29
CRD_D6EF48BBB6494035A432,SCRYDEX_JP,GRADED,9,,,53731,2026-06-29
CRD_D6EF48BBB6494035A432,SCRYDEX_JP,RAW,,30.0000,USD,46094,2026-06-29
CRD_D7065DC67F244D799293,SCRYDEX_EN,RAW,,0.7700,USD,1178,2026-06-05
CRD_D7065DC67F244D799293,SCRYDEX_JP,GRADED,10,,,58448,2026-06-29
CRD_D7065DC67F244D799293,SCRYDEX_JP,GRADED,9,,,9618,2026-06-29
CRD_D7065DC67F244D799293,SCRYDEX_JP,RAW,,0.3100,USD,476,2026-06-29
CRD_D70F5446D2974DDC8EB0,SCRYDEX_EN,RAW,,0.8700,USD,1331,2026-06-05
CRD_D70F5446D2974DDC8EB0,SCRYDEX_JP,GRADED,10,,,29792,2026-06-29
CRD_D70F5446D2974DDC8EB0,SCRYDEX_JP,RAW,,0.4000,USD,615,2026-06-29
CRD_D73A0A8616924CE0A63E,SCRYDEX_EN,RAW,,3.8300,USD,5857,2026-06-05
CRD_D73A0A8616924CE0A63E,SCRYDEX_JP,GRADED,10,,,38412,2026-06-29
CRD_D73A0A8616924CE0A63E,SCRYDEX_JP,RAW,,3.5000,USD,5378,2026-06-29
CRD_D7410D338CA64CF1BEC4,SCRYDEX_EN,RAW,,8.2900,USD,12737,2026-06-29
CRD_D7410D338CA64CF1BEC4,SCRYDEX_JP,GRADED,10,,,42069,2026-06-29
CRD_D7410D338CA64CF1BEC4,SCRYDEX_JP,GRADED,9,,,11785,2026-06-29
CRD_D7410D338CA64CF1BEC4,SCRYDEX_JP,RAW,,2.6800,USD,4118,2026-06-29
CRD_D74B2BB02D9740569EEB,SCRYDEX_EN,RAW,,0.9500,USD,1453,2026-06-05
CRD_D74B2BB02D9740569EEB,SCRYDEX_JP,GRADED,10,,,76824,2026-06-29
CRD_D74B2BB02D9740569EEB,SCRYDEX_JP,RAW,,0.2600,USD,399,2026-06-29
CRD_D7574728F6AB49FEBD4E,SCRYDEX_EN,RAW,,57.1900,USD,87871,2026-06-29
CRD_D7574728F6AB49FEBD4E,SCRYDEX_JP,GRADED,10,,,131338,2026-06-29
CRD_D7574728F6AB49FEBD4E,SCRYDEX_JP,GRADED,9,,,75334,2026-06-29
CRD_D7574728F6AB49FEBD4E,SCRYDEX_JP,RAW,,30.3300,USD,46601,2026-06-29
CRD_D773344F12828473CD06,SCRYDEX_JP,GRADED,10,,,49736,2026-06-29
CRD_D773344F12828473CD06,SCRYDEX_JP,GRADED,9,,,16379,2026-06-29
CRD_D773344F12828473CD06,SCRYDEX_JP,RAW,,1.9600,USD,3012,2026-06-29
CRD_D77DDA36A4604E1A840A,SCRYDEX_EN,RAW,,2.0100,USD,3074,2026-06-05
CRD_D77DDA36A4604E1A840A,SCRYDEX_JP,GRADED,10,,,58709,2026-06-29
CRD_D77DDA36A4604E1A840A,SCRYDEX_JP,GRADED,9,,,6899,2026-06-29
CRD_D77DDA36A4604E1A840A,SCRYDEX_JP,RAW,,0.7600,USD,1168,2026-06-29
CRD_D7976C3F939248F7A2C3,SCRYDEX_EN,RAW,,0.6600,USD,1009,2026-06-05
CRD_D7976C3F939248F7A2C3,SCRYDEX_JP,GRADED,10,,,128895,2026-06-29
CRD_D7976C3F939248F7A2C3,SCRYDEX_JP,GRADED,9,,,28579,2026-06-29
CRD_D7976C3F939248F7A2C3,SCRYDEX_JP,RAW,,1.1800,USD,1813,2026-06-29
CRD_D7B1A8152CB241248591,SCRYDEX_EN,RAW,,12.2200,USD,18689,2026-06-05
CRD_D7B1A8152CB241248591,SCRYDEX_JP,GRADED,10,,,176311,2026-06-29
CRD_D7B1A8152CB241248591,SCRYDEX_JP,GRADED,9,,,16517,2026-06-29
CRD_D7B1A8152CB241248591,SCRYDEX_JP,RAW,,47500.0000,KRW,47500,2026-06-29
CRD_D7B60917E9F749A78D85,SCRYDEX_EN,RAW,,85.0300,USD,130647,2026-06-29
CRD_D7B60917E9F749A78D85,SCRYDEX_JP,GRADED,10,,,378896,2026-06-29
CRD_D7B60917E9F749A78D85,SCRYDEX_JP,GRADED,9,,,169166,2026-06-29
CRD_D7B60917E9F749A78D85,SCRYDEX_JP,RAW,,31.0400,USD,47692,2026-06-29
CRD_D7B9B3BCB4264919B5BC,SCRYDEX_EN,RAW,,13.6700,USD,21004,2026-06-29
CRD_D7B9B3BCB4264919B5BC,SCRYDEX_JP,GRADED,10,,,68158,2026-06-29
CRD_D7B9B3BCB4264919B5BC,SCRYDEX_JP,GRADED,9,,,20051,2026-06-29
CRD_D7B9B3BCB4264919B5BC,SCRYDEX_JP,RAW,,8.2100,USD,12615,2026-06-29
CRD_D7D333F402E247A68ADE,SCRYDEX_EN,RAW,,15.0300,USD,23093,2026-06-29
CRD_D7D333F402E247A68ADE,SCRYDEX_JP,GRADED,10,,,191661,2026-06-29
CRD_D7D333F402E247A68ADE,SCRYDEX_JP,GRADED,9,,,26612,2026-06-29
CRD_D7D333F402E247A68ADE,SCRYDEX_JP,RAW,,17.0500,USD,26197,2026-06-29
CRD_D7F007D1EFC04DE9A1AF,SCRYDEX_EN,RAW,,15.1700,USD,23201,2026-06-05
CRD_D7F007D1EFC04DE9A1AF,SCRYDEX_JP,GRADED,10,,,201248,2026-06-29
CRD_D7F007D1EFC04DE9A1AF,SCRYDEX_JP,GRADED,9,,,53761,2026-06-29
CRD_D7F007D1EFC04DE9A1AF,SCRYDEX_JP,RAW,,50.0000,USD,76824,2026-06-29
CRD_D7F264F5E2C34408ADC5,SCRYDEX_EN,RAW,,3.1500,USD,4818,2026-06-05
CRD_D7F264F5E2C34408ADC5,SCRYDEX_JP,GRADED,10,,,71953,2026-06-29
CRD_D7F264F5E2C34408ADC5,SCRYDEX_JP,RAW,,1.0000,USD,1536,2026-06-29
CRD_D7F827AC8C0A42269337,SCRYDEX_EN,RAW,,2.1400,USD,3273,2026-06-05
CRD_D7F827AC8C0A42269337,SCRYDEX_JP,RAW,,2.0000,USD,3073,2026-06-29
CRD_D805B78A8EC145518EBF,SCRYDEX_EN,RAW,,190.0900,USD,292069,2026-06-29
CRD_D805B78A8EC145518EBF,SCRYDEX_JP,GRADED,10,,,168782,2026-06-29
CRD_D805B78A8EC145518EBF,SCRYDEX_JP,GRADED,9,,,60630,2026-06-29
CRD_D805B78A8EC145518EBF,SCRYDEX_JP,RAW,,44.9600,USD,69080,2026-06-29
CRD_D80851B52D9A43F59EF6,SCRYDEX_EN,RAW,,2.0900,USD,3196,2026-06-05
CRD_D80851B52D9A43F59EF6,SCRYDEX_JP,GRADED,10,,,70909,2026-06-29
CRD_D80851B52D9A43F59EF6,SCRYDEX_JP,GRADED,9,,,18453,2026-06-29
CRD_D80851B52D9A43F59EF6,SCRYDEX_JP,RAW,,0.7700,USD,1183,2026-06-29
CRD_D80CF1FA048C431C9F66,SCRYDEX_EN,RAW,,109.2200,USD,167038,2026-06-05
CRD_D827A662E6E744C3B693,SCRYDEX_EN,RAW,,6.8300,USD,10446,2026-06-05
CRD_D827A662E6E744C3B693,SCRYDEX_JP,GRADED,10,,,60153,2026-06-29
CRD_D827A662E6E744C3B693,SCRYDEX_JP,GRADED,9,,,21342,2026-06-29
CRD_D827A662E6E744C3B693,SCRYDEX_JP,RAW,,2.0800,USD,3196,2026-06-29
CRD_D82F080A60144D05A9D5,SCRYDEX_EN,RAW,,2.3500,USD,3594,2026-06-05
CRD_D82F080A60144D05A9D5,SCRYDEX_JP,GRADED,10,,,54576,2026-06-29
CRD_D82F080A60144D05A9D5,SCRYDEX_JP,RAW,,1.4600,USD,2243,2026-06-29
CRD_D844EA6139A443209168,SCRYDEX_EN,RAW,,5.9500,USD,9100,2026-06-05
CRD_D844EA6139A443209168,SCRYDEX_JP,GRADED,10,,,89700,2026-06-29
CRD_D844EA6139A443209168,SCRYDEX_JP,RAW,,3.0200,USD,4640,2026-06-29
CRD_D845279FDA5B4030B495,SCRYDEX_EN,RAW,,4.8700,USD,7448,2026-06-05
CRD_D845279FDA5B4030B495,SCRYDEX_JP,RAW,,13.0000,USD,19974,2026-06-29
CRD_D84EB7E9F130403F8AEA,SCRYDEX_EN,RAW,,7.1100,USD,10874,2026-06-05
CRD_D84EB7E9F130403F8AEA,SCRYDEX_JP,GRADED,9,,,19974,2026-06-29
CRD_D84EB7E9F130403F8AEA,SCRYDEX_JP,RAW,,6.7500,USD,10371,2026-06-29
CRD_D8668F914B2643658274,SCRYDEX_JP,GRADED,10,,,192290,2026-06-29
CRD_D8668F914B2643658274,SCRYDEX_JP,GRADED,9,,,76532,2026-06-29
CRD_D8668F914B2643658274,SCRYDEX_JP,RAW,,49.0100,USD,75303,2026-06-29
CRD_D86A3315CB974B96A9E6,SCRYDEX_EN,RAW,,0.6200,USD,953,2026-06-29
CRD_D86A3315CB974B96A9E6,SCRYDEX_JP,GRADED,10,,,24123,2026-06-29
CRD_D86A3315CB974B96A9E6,SCRYDEX_JP,RAW,,0.4000,USD,615,2026-06-29
CRD_D87B1708EDCE4A669223,SCRYDEX_EN,RAW,,62.3700,USD,95830,2026-06-29
CRD_D87B1708EDCE4A669223,SCRYDEX_JP,GRADED,10,,,276597,2026-06-29
CRD_D87B1708EDCE4A669223,SCRYDEX_JP,GRADED,9,,,88132,2026-06-29
CRD_D87B1708EDCE4A669223,SCRYDEX_JP,RAW,,47500.0000,KRW,47500,2026-06-29
CRD_D88B69F2CCFC4DF587DC,SCRYDEX_EN,RAW,,23.7400,USD,36476,2026-06-29
CRD_D88B69F2CCFC4DF587DC,SCRYDEX_JP,GRADED,10,,,142078,2026-06-29
CRD_D88B69F2CCFC4DF587DC,SCRYDEX_JP,GRADED,9,,,34571,2026-06-29
CRD_D88B69F2CCFC4DF587DC,SCRYDEX_JP,RAW,,44.4700,USD,68327,2026-06-29
CRD_D89AE69557754704BE5B,SCRYDEX_EN,RAW,,9.9500,USD,15288,2026-06-29
CRD_D89AE69557754704BE5B,SCRYDEX_JP,GRADED,10,,,78637,2026-06-29
CRD_D89AE69557754704BE5B,SCRYDEX_JP,GRADED,9,,,9956,2026-06-29
CRD_D89AE69557754704BE5B,SCRYDEX_JP,RAW,,8.2200,USD,12630,2026-06-29
CRD_D89C085C68AB427DB734,SCRYDEX_EN,RAW,,8.6500,USD,13291,2026-06-29
CRD_D89C085C68AB427DB734,SCRYDEX_JP,GRADED,10,,,103805,2026-06-29
CRD_D89C085C68AB427DB734,SCRYDEX_JP,RAW,,6.2500,USD,9603,2026-06-29
CRD_D8C1902727604BB699E2,SCRYDEX_EN,RAW,,318.0300,USD,488647,2026-06-29
CRD_D8C1902727604BB699E2,SCRYDEX_JP,GRADED,10,,,1104637,2026-06-29
CRD_D8C1902727604BB699E2,SCRYDEX_JP,GRADED,9,,,376683,2026-06-29
CRD_D8C1902727604BB699E2,SCRYDEX_JP,RAW,,249.5000,USD,383352,2026-06-29
CRD_D8CA3FC24E11442D97E0,SCRYDEX_EN,RAW,,3.6800,USD,5628,2026-06-05
CRD_D8CA3FC24E11442D97E0,SCRYDEX_JP,GRADED,10,,,64501,2026-06-29
CRD_D8CA3FC24E11442D97E0,SCRYDEX_JP,RAW,,3.7300,USD,5731,2026-06-29
CRD_D8DEBF9FF3D14AEDADAA,SCRYDEX_EN,RAW,,1.7400,USD,2661,2026-06-05
CRD_D8DEBF9FF3D14AEDADAA,SCRYDEX_JP,GRADED,10,,,50289,2026-06-29
CRD_D8DEBF9FF3D14AEDADAA,SCRYDEX_JP,GRADED,9,,,20973,2026-06-29
CRD_D8DEBF9FF3D14AEDADAA,SCRYDEX_JP,RAW,,2.1300,USD,3273,2026-06-29
CRD_D90EA6EE600D4876BBB4,SCRYDEX_EN,RAW,,24.9900,USD,38397,2026-06-29
CRD_D90EA6EE600D4876BBB4,SCRYDEX_JP,GRADED,10,,,96353,2026-06-29
CRD_D90EA6EE600D4876BBB4,SCRYDEX_JP,GRADED,9,,,20312,2026-06-29
CRD_D90EA6EE600D4876BBB4,SCRYDEX_JP,RAW,,7.9800,USD,12261,2026-06-29
CRD_D917D157475747FCB7AC,SCRYDEX_EN,RAW,,2.3000,USD,3518,2026-06-05
CRD_D917D157475747FCB7AC,SCRYDEX_JP,GRADED,10,,,35339,2026-06-29
CRD_D917D157475747FCB7AC,SCRYDEX_JP,GRADED,9,,,19974,2026-06-29
CRD_D917D157475747FCB7AC,SCRYDEX_JP,RAW,,4.0300,USD,6192,2026-06-29
CRD_D91DE05A19D749D59779,SCRYDEX_EN,RAW,,14.3000,USD,21972,2026-06-29
CRD_D91DE05A19D749D59779,SCRYDEX_JP,GRADED,10,,,121121,2026-06-29
CRD_D91DE05A19D749D59779,SCRYDEX_JP,GRADED,9,,,24522,2026-06-29
CRD_D91DE05A19D749D59779,SCRYDEX_JP,RAW,,4.7900,USD,7360,2026-06-29
CRD_D92373A46C9C4F6FA162,SCRYDEX_EN,RAW,,11.7600,USD,17985,2026-06-05
CRD_D92373A46C9C4F6FA162,SCRYDEX_JP,GRADED,10,,,80481,2026-06-29
CRD_D92373A46C9C4F6FA162,SCRYDEX_JP,GRADED,9,,,29147,2026-06-29
CRD_D92373A46C9C4F6FA162,SCRYDEX_JP,RAW,,3.6100,USD,5547,2026-06-29
CRD_D934A1F32E1645DE8BCA,SCRYDEX_EN,RAW,,44.6400,USD,68588,2026-06-29
CRD_D934A1F32E1645DE8BCA,SCRYDEX_JP,GRADED,10,,,140511,2026-06-29
CRD_D934A1F32E1645DE8BCA,SCRYDEX_JP,GRADED,9,,,45126,2026-06-29
CRD_D934A1F32E1645DE8BCA,SCRYDEX_JP,RAW,,26.0400,USD,40010,2026-06-29
CRD_D94E04ECD5514CC887E1,SCRYDEX_EN,RAW,,44.6100,USD,68542,2026-06-29
CRD_D94E04ECD5514CC887E1,SCRYDEX_JP,GRADED,10,,,1997747,2026-06-29
CRD_D94E04ECD5514CC887E1,SCRYDEX_JP,GRADED,9,,,360535,2026-06-29
CRD_D94E04ECD5514CC887E1,SCRYDEX_JP,RAW,,200.0000,USD,307296,2026-06-29
CRD_D95254F3729941B9B6A6,SCRYDEX_EN,RAW,,2.6300,USD,4022,2026-06-05
CRD_D95254F3729941B9B6A6,SCRYDEX_JP,GRADED,10,,,138268,2026-06-29
CRD_D95254F3729941B9B6A6,SCRYDEX_JP,RAW,,3.3800,USD,5193,2026-06-29
CRD_D956254FB2F5419D85EE,SCRYDEX_EN,RAW,,17.9100,USD,27518,2026-06-29
CRD_D956254FB2F5419D85EE,SCRYDEX_JP,GRADED,10,,,120291,2026-06-29
CRD_D956254FB2F5419D85EE,SCRYDEX_JP,GRADED,9,,,21511,2026-06-29
CRD_D956254FB2F5419D85EE,SCRYDEX_JP,RAW,,27.9500,USD,42945,2026-06-29
CRD_D964095CC14B4504BFB1,SCRYDEX_EN,RAW,,136.1400,USD,208208,2026-06-05
CRD_D964095CC14B4504BFB1,SCRYDEX_JP,GRADED,10,,,821909,2026-06-29
CRD_D964095CC14B4504BFB1,SCRYDEX_JP,RAW,,22800.0000,KRW,22800,2026-06-29
CRD_D96E0DB78D214574BD54,SCRYDEX_EN,RAW,,2.9300,USD,4481,2026-06-05
CRD_D96E0DB78D214574BD54,SCRYDEX_JP,GRADED,10,,,35815,2026-06-29
CRD_D96E0DB78D214574BD54,SCRYDEX_JP,GRADED,9,,,21280,2026-06-29
CRD_D96E0DB78D214574BD54,SCRYDEX_JP,RAW,,2.1400,USD,3288,2026-06-29
CRD_D970AD67FDC84F989B91,SCRYDEX_EN,RAW,,2.7600,USD,4221,2026-06-05
CRD_D970AD67FDC84F989B91,SCRYDEX_JP,GRADED,10,,,26458,2026-06-29
CRD_D970AD67FDC84F989B91,SCRYDEX_JP,GRADED,9,,,13367,2026-06-29
CRD_D970AD67FDC84F989B91,SCRYDEX_JP,RAW,,0.8600,USD,1321,2026-06-29
CRD_D977F918DEE8417F8794,SCRYDEX_EN,RAW,,6.6700,USD,10201,2026-06-05
CRD_D97F8DEBE01544ABAA7E,SCRYDEX_EN,RAW,,25.1400,USD,38627,2026-06-29
CRD_D97F8DEBE01544ABAA7E,SCRYDEX_JP,GRADED,10,,,145858,2026-06-29
CRD_D97F8DEBE01544ABAA7E,SCRYDEX_JP,GRADED,9,,,36368,2026-06-29
CRD_D97F8DEBE01544ABAA7E,SCRYDEX_JP,RAW,,34.5400,USD,53070,2026-06-29
CRD_D9AD2D4FCCF34C3D93DB,SCRYDEX_EN,RAW,,147.3000,USD,225276,2026-06-05
CRD_D9AD2D4FCCF34C3D93DB,SCRYDEX_JP,GRADED,10,,,7108079,2026-06-29
CRD_D9AD2D4FCCF34C3D93DB,SCRYDEX_JP,RAW,,4275000.0000,KRW,4275000,2026-06-29
CRD_D9B3211985F34D18B014,SCRYDEX_EN,RAW,,0.8000,USD,1229,2026-06-29
CRD_D9B3211985F34D18B014,SCRYDEX_JP,RAW,,0.3300,USD,507,2026-06-29
CRD_D9C0CF682CE44A96BED2,SCRYDEX_EN,RAW,,22.6300,USD,34771,2026-06-29
CRD_D9C0CF682CE44A96BED2,SCRYDEX_JP,GRADED,10,,,92143,2026-06-29
CRD_D9C0CF682CE44A96BED2,SCRYDEX_JP,GRADED,9,,,33882,2026-06-26
CRD_D9C0CF682CE44A96BED2,SCRYDEX_JP,RAW,,20.7500,USD,31882,2026-06-29
CRD_D9D84E45DE404ECCB835,SCRYDEX_EN,RAW,,15.3600,USD,23600,2026-06-29
CRD_D9D84E45DE404ECCB835,SCRYDEX_JP,GRADED,10,,,69541,2026-06-29
CRD_D9D84E45DE404ECCB835,SCRYDEX_JP,RAW,,11.6600,USD,17915,2026-06-29
CRD_D9F3370BA1BE476D89E2,SCRYDEX_EN,RAW,,9.7200,USD,14935,2026-06-29
CRD_D9F3370BA1BE476D89E2,SCRYDEX_JP,GRADED,10,,,48476,2026-06-29
CRD_D9F3370BA1BE476D89E2,SCRYDEX_JP,GRADED,9,,,24584,2026-06-29
CRD_D9F3370BA1BE476D89E2,SCRYDEX_JP,RAW,,3.6500,USD,5608,2026-06-29
CRD_D9FA88BC123C41F9B448,SCRYDEX_EN,RAW,,0.6000,USD,922,2026-06-29
CRD_D9FA88BC123C41F9B448,SCRYDEX_JP,GRADED,10,,,75994,2026-06-28
CRD_D9FA88BC123C41F9B448,SCRYDEX_JP,GRADED,9,,,23047,2026-06-28
CRD_D9FD0C12886E494286DB,SCRYDEX_EN,RAW,,166.9000,USD,255252,2026-06-05
CRD_D9FD0C12886E494286DB,SCRYDEX_JP,GRADED,10,,,616236,2026-06-29
CRD_D9FD0C12886E494286DB,SCRYDEX_JP,GRADED,9,,,164542,2026-06-29
CRD_D9FD0C12886E494286DB,SCRYDEX_JP,RAW,,190000.0000,KRW,190000,2026-06-29
CRD_D9FDD63E25B848EAAE06,SCRYDEX_EN,RAW,,1.5800,USD,2416,2026-06-05
CRD_D9FDD63E25B848EAAE06,SCRYDEX_JP,GRADED,10,,,91820,2026-06-29
CRD_D9FDD63E25B848EAAE06,SCRYDEX_JP,RAW,,2.9000,USD,4456,2026-06-29
CRD_DA068974AC734E7AB608,SCRYDEX_EN,RAW,,13.4100,USD,20604,2026-06-29
CRD_DA068974AC734E7AB608,SCRYDEX_JP,GRADED,10,,,64763,2026-06-29
CRD_DA068974AC734E7AB608,SCRYDEX_JP,GRADED,9,,,28241,2026-06-29
CRD_DA068974AC734E7AB608,SCRYDEX_JP,RAW,,5.0100,USD,7698,2026-06-29
CRD_DA27591B04B940C980EF,SCRYDEX_EN,RAW,,10.7500,USD,16517,2026-06-29
CRD_DA27591B04B940C980EF,SCRYDEX_JP,GRADED,10,,,56496,2026-06-29
CRD_DA27591B04B940C980EF,SCRYDEX_JP,GRADED,9,,,27611,2026-06-29
CRD_DA27591B04B940C980EF,SCRYDEX_JP,RAW,,5.1100,USD,7851,2026-06-29
CRD_DA547219871F4A868241,SCRYDEX_EN,RAW,,39.8800,USD,61275,2026-06-29
CRD_DA547219871F4A868241,SCRYDEX_JP,GRADED,10,,,62535,2026-06-29
CRD_DA547219871F4A868241,SCRYDEX_JP,GRADED,9,,,13291,2026-06-29
CRD_DA547219871F4A868241,SCRYDEX_JP,RAW,,4.8400,USD,7437,2026-06-29
CRD_DA8736447EB24766A712,SCRYDEX_EN,RAW,,2.0800,USD,3181,2026-06-05
CRD_DA8736447EB24766A712,SCRYDEX_JP,GRADED,10,,,37690,2026-06-29
CRD_DA8736447EB24766A712,SCRYDEX_JP,RAW,,1.3300,USD,2044,2026-06-29
CRD_DA900EAAF6EA496AA465,SCRYDEX_EN,RAW,,20.8000,USD,31959,2026-06-29
CRD_DA900EAAF6EA496AA465,SCRYDEX_JP,GRADED,10,,,57848,2026-06-29
CRD_DA900EAAF6EA496AA465,SCRYDEX_JP,GRADED,9,,,22801,2026-06-29
CRD_DA900EAAF6EA496AA465,SCRYDEX_JP,RAW,,13.4300,USD,20635,2026-06-29
CRD_DAA35F1AF62C4F308C37,SCRYDEX_EN,RAW,,0.7600,USD,1162,2026-06-05
CRD_DAA35F1AF62C4F308C37,SCRYDEX_JP,GRADED,10,,,26888,2026-06-29
CRD_DAA35F1AF62C4F308C37,SCRYDEX_JP,RAW,,0.2000,USD,307,2026-06-29
CRD_DAA647C583CD4B3182C5,SCRYDEX_EN,RAW,,4.8600,USD,7433,2026-06-05
CRD_DAA647C583CD4B3182C5,SCRYDEX_JP,GRADED,10,,,74642,2026-06-29
CRD_DAA647C583CD4B3182C5,SCRYDEX_JP,GRADED,9,,,9972,2026-06-29
CRD_DAA647C583CD4B3182C5,SCRYDEX_JP,RAW,,2.4500,USD,3764,2026-06-29
CRD_DAA6AB20B9FA4E75BA0C,SCRYDEX_EN,RAW,,13.1000,USD,20035,2026-06-05
CRD_DAA6AB20B9FA4E75BA0C,SCRYDEX_JP,GRADED,10,,,84921,2026-06-29
CRD_DAA6AB20B9FA4E75BA0C,SCRYDEX_JP,GRADED,9,,,22509,2026-06-29
CRD_DAA6AB20B9FA4E75BA0C,SCRYDEX_JP,RAW,,4.4900,USD,6899,2026-06-29
CRD_DAAA4A279BCD415190D0,SCRYDEX_EN,RAW,,14.5900,USD,22417,2026-06-29
CRD_DAAA4A279BCD415190D0,SCRYDEX_JP,GRADED,10,,,64302,2026-06-29
CRD_DAAA4A279BCD415190D0,SCRYDEX_JP,GRADED,9,,,22294,2026-06-29
CRD_DAAA4A279BCD415190D0,SCRYDEX_JP,RAW,,4.5000,USD,6914,2026-06-29
CRD_DAF9334F2EBE4F959019,SCRYDEX_EN,RAW,,12.9200,USD,19759,2026-06-05
CRD_DAF9334F2EBE4F959019,SCRYDEX_JP,GRADED,10,,,156229,2026-06-29
CRD_DAF9334F2EBE4F959019,SCRYDEX_JP,GRADED,9,,,44927,2026-06-29
CRD_DAF9334F2EBE4F959019,SCRYDEX_JP,RAW,,13.8000,USD,21203,2026-06-29
CRD_DAFD8B92B8CF427FB7FE,SCRYDEX_EN,RAW,,3.1300,USD,4787,2026-06-05
CRD_DAFD8B92B8CF427FB7FE,SCRYDEX_JP,GRADED,10,,,22325,2026-06-29
CRD_DAFD8B92B8CF427FB7FE,SCRYDEX_JP,GRADED,9,,,8174,2026-06-29
CRD_DAFD8B92B8CF427FB7FE,SCRYDEX_JP,RAW,,1.2300,USD,1890,2026-06-29
CRD_DB00069D3B2C4916B373,SCRYDEX_EN,RAW,,4.1800,USD,6393,2026-06-05
CRD_DB00069D3B2C4916B373,SCRYDEX_JP,GRADED,10,,,144537,2026-06-29
CRD_DB00069D3B2C4916B373,SCRYDEX_JP,GRADED,9,,,15365,2026-06-29
CRD_DB00069D3B2C4916B373,SCRYDEX_JP,RAW,,7.0000,USD,10755,2026-06-29
CRD_DB0269F2CFB9449490D3,SCRYDEX_EN,RAW,,3.5300,USD,5399,2026-06-05
CRD_DB0269F2CFB9449490D3,SCRYDEX_JP,GRADED,10,,,23308,2026-06-29
CRD_DB0269F2CFB9449490D3,SCRYDEX_JP,RAW,,1.2100,USD,1859,2026-06-29
CRD_DB0F99DBDC074D509C4E,SCRYDEX_EN,RAW,,5.2600,USD,8044,2026-06-05
CRD_DB0F99DBDC074D509C4E,SCRYDEX_JP,GRADED,10,,,54560,2026-06-29
CRD_DB0F99DBDC074D509C4E,SCRYDEX_JP,RAW,,14.4100,USD,22141,2026-06-29
CRD_DB1896C047CE499EA48B,SCRYDEX_EN,RAW,,63.5400,USD,97628,2026-06-29
CRD_DB1896C047CE499EA48B,SCRYDEX_JP,GRADED,10,,,215461,2026-06-29
CRD_DB1896C047CE499EA48B,SCRYDEX_JP,GRADED,9,,,85305,2026-06-29
CRD_DB1896C047CE499EA48B,SCRYDEX_JP,RAW,,57.9900,USD,89100,2026-06-29
CRD_DB1EE27B66F247D18E05,SCRYDEX_EN,RAW,,15.7800,USD,24246,2026-06-29
CRD_DB1EE27B66F247D18E05,SCRYDEX_JP,GRADED,10,,,162744,2026-06-29
CRD_DB1EE27B66F247D18E05,SCRYDEX_JP,GRADED,9,,,36983,2026-06-29
CRD_DB1EE27B66F247D18E05,SCRYDEX_JP,RAW,,23.1100,USD,35508,2026-06-29
CRD_DB277DCB29D047D6A9C6,SCRYDEX_EN,RAW,,5.9400,USD,9127,2026-06-29
CRD_DB277DCB29D047D6A9C6,SCRYDEX_JP,GRADED,10,,,138222,2026-06-29
CRD_DB277DCB29D047D6A9C6,SCRYDEX_JP,RAW,,39.9500,USD,61382,2026-06-29
CRD_DB2FCD2BE6764FDC8AD2,SCRYDEX_EN,RAW,,2.8900,USD,4420,2026-06-05
CRD_DB2FCD2BE6764FDC8AD2,SCRYDEX_JP,GRADED,10,,,63195,2026-06-29
CRD_DB2FCD2BE6764FDC8AD2,SCRYDEX_JP,GRADED,9,,,15349,2026-06-29
CRD_DB2FCD2BE6764FDC8AD2,SCRYDEX_JP,RAW,,10.0000,USD,15365,2026-06-29
CRD_DB3058C2ACCB4A9498BD,SCRYDEX_EN,RAW,,3.3200,USD,5078,2026-06-05
CRD_DB3058C2ACCB4A9498BD,SCRYDEX_JP,GRADED,10,,,61060,2026-06-29
CRD_DB3058C2ACCB4A9498BD,SCRYDEX_JP,RAW,,1.5900,USD,2443,2026-06-29
CRD_DB4376253193405389B0,SCRYDEX_EN,RAW,,1.3700,USD,2105,2026-06-29
CRD_DB4376253193405389B0,SCRYDEX_JP,RAW,,1.0700,USD,1644,2026-06-29
CRD_DB44D404633141DBBC80,SCRYDEX_EN,RAW,,9.0100,USD,13844,2026-06-29
CRD_DB44D404633141DBBC80,SCRYDEX_JP,GRADED,10,,,58033,2026-06-29
CRD_DB44D404633141DBBC80,SCRYDEX_JP,GRADED,9,,,38289,2026-06-29
CRD_DB44D404633141DBBC80,SCRYDEX_JP,RAW,,3.3000,USD,5070,2026-06-29
CRD_DB63CA7CA3E74E61A7ED,SCRYDEX_EN,RAW,,1.1000,USD,1682,2026-06-05
CRD_DB63CA7CA3E74E61A7ED,SCRYDEX_JP,GRADED,10,,,39948,2026-06-29
CRD_DB63CA7CA3E74E61A7ED,SCRYDEX_JP,GRADED,9,,,53654,2026-06-29
CRD_DB63CA7CA3E74E61A7ED,SCRYDEX_JP,RAW,,1.4000,USD,2151,2026-06-29
CRD_DB67FF4AD9D943BF9366,SCRYDEX_EN,RAW,,12.2700,USD,18765,2026-06-05
CRD_DB67FF4AD9D943BF9366,SCRYDEX_JP,GRADED,10,,,406291,2026-06-29
CRD_DB67FF4AD9D943BF9366,SCRYDEX_JP,GRADED,9,,,33219,2026-06-29
CRD_DB67FF4AD9D943BF9366,SCRYDEX_JP,RAW,,8.4500,USD,12983,2026-06-29
CRD_DB71489497854EF98781,SCRYDEX_EN,RAW,,53.9900,USD,82955,2026-06-29
CRD_DB71489497854EF98781,SCRYDEX_JP,GRADED,10,,,860429,2026-06-29
CRD_DB71489497854EF98781,SCRYDEX_JP,RAW,,855000.0000,KRW,855000,2026-06-29
CRD_DB83835D9CEC4025A0CC,SCRYDEX_EN,RAW,,2.1300,USD,3258,2026-06-05
CRD_DB83835D9CEC4025A0CC,SCRYDEX_JP,GRADED,10,,,62996,2026-06-29
CRD_DB83835D9CEC4025A0CC,SCRYDEX_JP,RAW,,1.5300,USD,2351,2026-06-29
CRD_DB83FAE5579D41C28206,SCRYDEX_EN,RAW,,0.6800,USD,1040,2026-06-05
CRD_DB83FAE5579D41C28206,SCRYDEX_JP,GRADED,10,,,23032,2026-06-29
CRD_DB83FAE5579D41C28206,SCRYDEX_JP,RAW,,0.4100,USD,630,2026-06-29
CRD_DB8B895CEE0C4F1D99AB,SCRYDEX_EN,RAW,,58.2900,USD,89147,2026-06-05
CRD_DB8B895CEE0C4F1D99AB,SCRYDEX_JP,GRADED,10,,,462004,2026-06-29
CRD_DB8B895CEE0C4F1D99AB,SCRYDEX_JP,GRADED,9,,,163973,2026-06-29
CRD_DB8B895CEE0C4F1D99AB,SCRYDEX_JP,RAW,,24.9900,USD,38397,2026-06-29
CRD_DBA4E957DBAD4886B117,SCRYDEX_EN,RAW,,4.2000,USD,6423,2026-06-05
CRD_DBA4E957DBAD4886B117,SCRYDEX_JP,GRADED,10,,,34801,2026-06-29
CRD_DBA4E957DBAD4886B117,SCRYDEX_JP,GRADED,9,,,3073,2026-06-29
CRD_DBA4E957DBAD4886B117,SCRYDEX_JP,RAW,,0.8300,USD,1275,2026-06-29
CRD_DBB7B7B124384146B708,SCRYDEX_EN,RAW,,86.5000,USD,132906,2026-06-29
CRD_DBB7B7B124384146B708,SCRYDEX_JP,GRADED,10,,,293621,2026-06-29
CRD_DBB7B7B124384146B708,SCRYDEX_JP,GRADED,9,,,75026,2026-06-29
CRD_DBB7B7B124384146B708,SCRYDEX_JP,RAW,,69.9500,USD,107477,2026-06-29
CRD_DBCCC554027A4F239EE1,SCRYDEX_EN,RAW,,2.2600,USD,3456,2026-06-05
CRD_DBCCC554027A4F239EE1,SCRYDEX_JP,GRADED,10,,,32635,2026-06-29
CRD_DBCCC554027A4F239EE1,SCRYDEX_JP,GRADED,9,,,21511,2026-06-29
CRD_DBCCC554027A4F239EE1,SCRYDEX_JP,RAW,,2.3900,USD,3672,2026-06-29
CRD_DBCFA7ECE36342E69356,SCRYDEX_EN,RAW,,35.1200,USD,53711,2026-06-05
CRD_DBCFA7ECE36342E69356,SCRYDEX_JP,GRADED,10,,,953417,2026-06-29
CRD_DBCFA7ECE36342E69356,SCRYDEX_JP,GRADED,9,,,168367,2026-06-29
CRD_DBCFA7ECE36342E69356,SCRYDEX_JP,RAW,,61.2700,USD,94140,2026-06-29
CRD_DBD0BA8810234F79AE76,SCRYDEX_EN,RAW,,0.6100,USD,933,2026-06-05
CRD_DBD0BA8810234F79AE76,SCRYDEX_JP,GRADED,10,,,46033,2026-06-28
CRD_DBD0BA8810234F79AE76,SCRYDEX_JP,GRADED,9,,,15349,2026-06-28
CRD_DBD0BA8810234F79AE76,SCRYDEX_JP,RAW,,0.3300,USD,507,2026-06-28
CRD_DBD66A8B209F456490D9,SCRYDEX_EN,RAW,,76.2600,USD,117172,2026-06-29
CRD_DBD66A8B209F456490D9,SCRYDEX_JP,GRADED,10,,,300336,2026-06-29
CRD_DBD66A8B209F456490D9,SCRYDEX_JP,GRADED,9,,,44005,2026-06-29
CRD_DBD66A8B209F456490D9,SCRYDEX_JP,RAW,,42.8900,USD,65900,2026-06-29
CRD_DBE064C8AC1C4B42B193,SCRYDEX_EN,RAW,,7.2800,USD,11134,2026-06-05
CRD_DBE064C8AC1C4B42B193,SCRYDEX_JP,GRADED,10,,,73705,2026-06-29
CRD_DBE064C8AC1C4B42B193,SCRYDEX_JP,GRADED,9,,,47631,2026-06-29
CRD_DBE064C8AC1C4B42B193,SCRYDEX_JP,RAW,,12.3400,USD,18960,2026-06-29
CRD_DBE075DCBF884295B389,SCRYDEX_EN,RAW,,118.8500,USD,182611,2026-06-29
CRD_DBE075DCBF884295B389,SCRYDEX_JP,GRADED,10,,,176542,2026-06-29
CRD_DBE075DCBF884295B389,SCRYDEX_JP,GRADED,9,,,66053,2026-06-29
CRD_DBE075DCBF884295B389,SCRYDEX_JP,RAW,,33.9200,USD,52117,2026-06-29
CRD_DBF213BF7C11429B9323,SCRYDEX_EN,RAW,,23.3800,USD,35923,2026-06-29
CRD_DBF213BF7C11429B9323,SCRYDEX_JP,GRADED,10,,,90929,2026-06-29
CRD_DBF213BF7C11429B9323,SCRYDEX_JP,GRADED,9,,,29101,2026-06-29
CRD_DBF213BF7C11429B9323,SCRYDEX_JP,RAW,,6.5500,USD,10064,2026-06-29
CRD_DBF5F6102B314663AA38,SCRYDEX_EN,RAW,,5.7500,USD,8794,2026-06-05
CRD_DBF5F6102B314663AA38,SCRYDEX_JP,GRADED,10,,,106524,2026-06-29
CRD_DBF5F6102B314663AA38,SCRYDEX_JP,GRADED,9,,,46094,2026-06-29
CRD_DBF5F6102B314663AA38,SCRYDEX_JP,RAW,,3.1100,USD,4778,2026-06-29
CRD_DBF770636571450E9F41,SCRYDEX_EN,RAW,,1.0900,USD,1667,2026-06-05
CRD_DBF770636571450E9F41,SCRYDEX_JP,GRADED,10,,,54484,2026-06-29
CRD_DBF770636571450E9F41,SCRYDEX_JP,GRADED,9,,,15887,2026-06-29
CRD_DBF770636571450E9F41,SCRYDEX_JP,RAW,,1.5500,USD,2382,2026-06-29
CRD_DC0886D04B354B469FDB,SCRYDEX_EN,RAW,,8.5300,USD,13046,2026-06-05
CRD_DC0886D04B354B469FDB,SCRYDEX_JP,GRADED,10,,,95892,2026-06-29
CRD_DC0886D04B354B469FDB,SCRYDEX_JP,GRADED,9,,,23047,2026-06-29
CRD_DC0886D04B354B469FDB,SCRYDEX_JP,RAW,,8.0600,USD,12384,2026-06-29
CRD_DC0D44D9E66D45FA907B,SCRYDEX_EN,RAW,,2.5300,USD,3869,2026-06-05
CRD_DC0D44D9E66D45FA907B,SCRYDEX_JP,GRADED,10,,,97751,2026-06-29
CRD_DC0D44D9E66D45FA907B,SCRYDEX_JP,GRADED,9,,,46094,2026-06-29
CRD_DC0D44D9E66D45FA907B,SCRYDEX_JP,RAW,,1.1600,USD,1782,2026-06-29
CRD_DC1576AAD82E4D478E9D,SCRYDEX_EN,RAW,,29.8400,USD,45849,2026-06-29
CRD_DC1576AAD82E4D478E9D,SCRYDEX_JP,GRADED,10,,,51564,2026-06-29
CRD_DC1576AAD82E4D478E9D,SCRYDEX_JP,GRADED,9,,,40010,2026-06-29
CRD_DC1576AAD82E4D478E9D,SCRYDEX_JP,RAW,,3.6000,USD,5531,2026-06-29
CRD_DC3CA236843E44299775,SCRYDEX_EN,RAW,,1.2200,USD,1866,2026-06-05
CRD_DC3CA236843E44299775,SCRYDEX_JP,GRADED,10,,,105111,2026-06-29
CRD_DC3CA236843E44299775,SCRYDEX_JP,GRADED,9,,,24768,2026-06-29
CRD_DC3CA236843E44299775,SCRYDEX_JP,RAW,,0.4100,USD,630,2026-06-29
CRD_DC46034507A149F9A1E5,SCRYDEX_EN,RAW,,501.1700,USD,770038,2026-06-29
CRD_DC46034507A149F9A1E5,SCRYDEX_JP,GRADED,10,,,3097805,2026-06-29
CRD_DC46034507A149F9A1E5,SCRYDEX_JP,GRADED,9,,,759451,2026-06-29
CRD_DC46034507A149F9A1E5,SCRYDEX_JP,RAW,,396.8100,USD,609691,2026-06-29
CRD_DC67C08A742F4CD7BB2D,SCRYDEX_EN,RAW,,1.9200,USD,2936,2026-06-05
CRD_DC67C08A742F4CD7BB2D,SCRYDEX_JP,GRADED,10,,,26765,2026-06-29
CRD_DC67C08A742F4CD7BB2D,SCRYDEX_JP,RAW,,0.8100,USD,1245,2026-06-29
CRD_DC74E397CD2F48098A04,SCRYDEX_EN,RAW,,73.1500,USD,111873,2026-06-05
CRD_DC74E397CD2F48098A04,SCRYDEX_JP,GRADED,10,,,528365,2026-06-29
CRD_DC74E397CD2F48098A04,SCRYDEX_JP,GRADED,9,,,244285,2026-06-29
CRD_DC74E397CD2F48098A04,SCRYDEX_JP,RAW,,20.0000,USD,30730,2026-06-29
CRD_DC7B1F9CDDF44E588CD0,SCRYDEX_EN,RAW,,3.3100,USD,5062,2026-06-05
CRD_DC7B1F9CDDF44E588CD0,SCRYDEX_JP,GRADED,10,,,50473,2026-06-29
CRD_DC7B1F9CDDF44E588CD0,SCRYDEX_JP,GRADED,9,,,19944,2026-06-29
CRD_DC7B1F9CDDF44E588CD0,SCRYDEX_JP,RAW,,2.7000,USD,4148,2026-06-29
CRD_DCA22E7A661545CBAC0E,SCRYDEX_EN,RAW,,14.3100,USD,21987,2026-06-29
CRD_DCA22E7A661545CBAC0E,SCRYDEX_JP,GRADED,10,,,58601,2026-06-29
CRD_DCA22E7A661545CBAC0E,SCRYDEX_JP,RAW,,8.6900,USD,13352,2026-06-29
CRD_DCC37C7FE5CD4264A5A1,SCRYDEX_EN,RAW,,3.4300,USD,5270,2026-06-29
CRD_DCC37C7FE5CD4264A5A1,SCRYDEX_JP,GRADED,10,,,54468,2026-06-29
CRD_DCC37C7FE5CD4264A5A1,SCRYDEX_JP,GRADED,9,,,23754,2026-06-29
CRD_DCC37C7FE5CD4264A5A1,SCRYDEX_JP,RAW,,2.2700,USD,3488,2026-06-29
CRD_DCC8CEBEBF3C4B9D88E0,SCRYDEX_EN,RAW,,4.0600,USD,6209,2026-06-05
CRD_DCC8CEBEBF3C4B9D88E0,SCRYDEX_JP,GRADED,10,,,53285,2026-06-28
CRD_DCC8CEBEBF3C4B9D88E0,SCRYDEX_JP,GRADED,9,,,24599,2026-06-28
CRD_DCC8CEBEBF3C4B9D88E0,SCRYDEX_JP,RAW,,2.2900,USD,3519,2026-06-28
CRD_DCECCFE1C2954B5181B2,SCRYDEX_EN,RAW,,1.7500,USD,2655,2026-06-14
CRD_DCECCFE1C2954B5181B2,SCRYDEX_JP,GRADED,10,,,63533,2026-06-29
CRD_DCECCFE1C2954B5181B2,SCRYDEX_JP,RAW,,1.0500,USD,1613,2026-06-29
CRD_DCED932B45234182889C,SCRYDEX_EN,RAW,,1.4700,USD,2248,2026-06-05
CRD_DCED932B45234182889C,SCRYDEX_JP,GRADED,10,,,32497,2026-06-29
CRD_DCED932B45234182889C,SCRYDEX_JP,GRADED,9,,,12292,2026-06-29
CRD_DCED932B45234182889C,SCRYDEX_JP,RAW,,0.9000,USD,1383,2026-06-29
CRD_DCF9C516EF5F46D3A23A,SCRYDEX_EN,RAW,,247.0800,USD,379633,2026-06-29
CRD_DCF9C516EF5F46D3A23A,SCRYDEX_JP,GRADED,10,,,297324,2026-06-29
CRD_DCF9C516EF5F46D3A23A,SCRYDEX_JP,GRADED,9,,,154017,2026-06-29
CRD_DCF9C516EF5F46D3A23A,SCRYDEX_JP,RAW,,95.7800,USD,147164,2026-06-29
CRD_DD06C8FFD2E54F1D8E3A,SCRYDEX_EN,RAW,,44.2400,USD,67974,2026-06-29
CRD_DD06C8FFD2E54F1D8E3A,SCRYDEX_JP,GRADED,10,,,60783,2026-06-29
CRD_DD06C8FFD2E54F1D8E3A,SCRYDEX_JP,GRADED,9,,,38412,2026-06-29
CRD_DD06C8FFD2E54F1D8E3A,SCRYDEX_JP,RAW,,17.8200,USD,27380,2026-06-29
CRD_DD0CD37E614744718643,SCRYDEX_JP,GRADED,10,,,48660,2026-06-29
CRD_DD0CD37E614744718643,SCRYDEX_JP,GRADED,9,,,16901,2026-06-29
CRD_DD0CD37E614744718643,SCRYDEX_JP,RAW,,3.3200,USD,5101,2026-06-29
CRD_DD0DF5ACA37B41DF8B8C,SCRYDEX_EN,RAW,,3.0600,USD,4680,2026-06-05
CRD_DD0DF5ACA37B41DF8B8C,SCRYDEX_JP,GRADED,10,,,48706,2026-06-29
CRD_DD0DF5ACA37B41DF8B8C,SCRYDEX_JP,GRADED,9,,,7882,2026-06-29
CRD_DD0DF5ACA37B41DF8B8C,SCRYDEX_JP,RAW,,2.0400,USD,3134,2026-06-29
CRD_DD17001A86F04AFDAF09,SCRYDEX_EN,RAW,,7.3600,USD,11256,2026-06-05
CRD_DD17001A86F04AFDAF09,SCRYDEX_JP,GRADED,10,,,71462,2026-06-29
CRD_DD17001A86F04AFDAF09,SCRYDEX_JP,GRADED,9,,,25874,2026-06-29
CRD_DD17001A86F04AFDAF09,SCRYDEX_JP,RAW,,4.2000,USD,6453,2026-06-29
CRD_DD4F767B8C314FCDBAF1,SCRYDEX_EN,RAW,,140.0000,USD,214112,2026-06-05
CRD_DD4F767B8C314FCDBAF1,SCRYDEX_JP,GRADED,10,,,1075766,2026-06-29
CRD_DD4F767B8C314FCDBAF1,SCRYDEX_JP,GRADED,9,,,169013,2026-06-29
CRD_DD4F767B8C314FCDBAF1,SCRYDEX_JP,RAW,,64.9900,USD,99856,2026-06-29
CRD_DD544B72133A4A17A1BB,SCRYDEX_EN,RAW,,6.5600,USD,10033,2026-06-05
CRD_DD544B72133A4A17A1BB,SCRYDEX_JP,GRADED,10,,,68128,2026-06-29
CRD_DD544B72133A4A17A1BB,SCRYDEX_JP,GRADED,9,,,28809,2026-06-29
CRD_DD544B72133A4A17A1BB,SCRYDEX_JP,RAW,,4.4500,USD,6837,2026-06-29
CRD_DD658800D89F4F87A58E,SCRYDEX_EN,RAW,,0.9500,USD,1453,2026-06-05
CRD_DD6F191F02AB496F8456,SCRYDEX_EN,RAW,,3.0600,USD,4680,2026-06-05
CRD_DD6F191F02AB496F8456,SCRYDEX_JP,GRADED,10,,,67728,2026-06-29
CRD_DD6F191F02AB496F8456,SCRYDEX_JP,RAW,,9500.0000,KRW,9500,2026-06-29
CRD_DD79A82191CE49F19151,SCRYDEX_EN,RAW,,4.4800,USD,6852,2026-06-05
CRD_DD79A82191CE49F19151,SCRYDEX_JP,GRADED,10,,,56727,2026-06-29
CRD_DD79A82191CE49F19151,SCRYDEX_JP,GRADED,9,,,9250,2026-06-29
CRD_DD79A82191CE49F19151,SCRYDEX_JP,RAW,,1.5200,USD,2335,2026-06-29
CRD_DD8827F892AE449986D4,SCRYDEX_EN,RAW,,1.0200,USD,1560,2026-06-05
CRD_DD8827F892AE449986D4,SCRYDEX_JP,GRADED,10,,,23278,2026-06-29
CRD_DD8827F892AE449986D4,SCRYDEX_JP,GRADED,9,,,23170,2026-06-29
CRD_DD8827F892AE449986D4,SCRYDEX_JP,RAW,,0.3800,USD,584,2026-06-29
CRD_DD9456F36A4A40BFBA2C,SCRYDEX_EN,RAW,,49.0500,USD,75364,2026-06-29
CRD_DD9456F36A4A40BFBA2C,SCRYDEX_JP,GRADED,10,,,73213,2026-06-29
CRD_DD9456F36A4A40BFBA2C,SCRYDEX_JP,GRADED,9,,,23047,2026-06-29
CRD_DD9456F36A4A40BFBA2C,SCRYDEX_JP,RAW,,14.2500,USD,21895,2026-06-29
CRD_DD9A110694644BF0AA91,SCRYDEX_EN,RAW,,6.9900,USD,10690,2026-06-05
CRD_DD9A110694644BF0AA91,SCRYDEX_JP,GRADED,10,,,50228,2026-06-29
CRD_DD9A110694644BF0AA91,SCRYDEX_JP,GRADED,9,,,38397,2026-06-29
CRD_DD9A110694644BF0AA91,SCRYDEX_JP,RAW,,4750.0000,KRW,4750,2026-06-29
CRD_DDA35E539E7A4A1C897D,SCRYDEX_EN,RAW,,78.2200,USD,119627,2026-06-05
CRD_DDA35E539E7A4A1C897D,SCRYDEX_JP,GRADED,10,,,2333852,2026-06-29
CRD_DDA35E539E7A4A1C897D,SCRYDEX_JP,GRADED,9,,,648195,2026-06-29
CRD_DDA35E539E7A4A1C897D,SCRYDEX_JP,RAW,,300.0000,USD,460944,2026-06-29
CRD_DDA4F682B05845128805,SCRYDEX_EN,RAW,,0.8600,USD,1315,2026-06-05
CRD_DDA4F682B05845128805,SCRYDEX_JP,RAW,,1.5200,USD,2335,2026-06-29
CRD_DDAA23F00D9A45A3A417,SCRYDEX_EN,RAW,,4.3300,USD,6622,2026-06-05
CRD_DDAA23F00D9A45A3A417,SCRYDEX_JP,GRADED,10,,,51856,2026-06-29
CRD_DDAA23F00D9A45A3A417,SCRYDEX_JP,GRADED,9,,,16901,2026-06-29
CRD_DDAA23F00D9A45A3A417,SCRYDEX_JP,RAW,,1.3800,USD,2120,2026-06-29
CRD_DDAB514715144497A380,SCRYDEX_EN,RAW,,12.2600,USD,18681,2026-06-11
CRD_DDAB514715144497A380,SCRYDEX_JP,GRADED,10,,,52701,2026-06-29
CRD_DDAB514715144497A380,SCRYDEX_JP,GRADED,9,,,20113,2026-06-29
CRD_DDAB514715144497A380,SCRYDEX_JP,RAW,,9.2100,USD,14151,2026-06-29
CRD_DDBAAD42F90D7CB5F1B8,SCRYDEX_JP,RAW,,22.9000,USD,35185,2026-06-29
CRD_DDC143852534B415787C,SCRYDEX_EN,RAW,,241.0400,USD,370353,2026-06-29
CRD_DDC143852534B415787C,SCRYDEX_JP,GRADED,10,,,379879,2026-06-29
CRD_DDC143852534B415787C,SCRYDEX_JP,GRADED,9,,,186682,2026-06-29
CRD_DDC143852534B415787C,SCRYDEX_JP,RAW,,162.7100,USD,250001,2026-06-29
CRD_DDCF9A4843654499A109,SCRYDEX_EN,RAW,,40.6800,USD,62504,2026-06-29
CRD_DDCF9A4843654499A109,SCRYDEX_JP,GRADED,10,,,89362,2026-06-29
CRD_DDCF9A4843654499A109,SCRYDEX_JP,GRADED,9,,,39242,2026-06-29
CRD_DDCF9A4843654499A109,SCRYDEX_JP,RAW,,13.8700,USD,21311,2026-06-29
CRD_DDED4EDE29E446F7B0C3,SCRYDEX_EN,RAW,,48.9900,USD,75272,2026-06-29
CRD_DDED4EDE29E446F7B0C3,SCRYDEX_JP,GRADED,10,,,11403263,2026-06-29
CRD_DDED4EDE29E446F7B0C3,SCRYDEX_JP,GRADED,9,,,3151228,2026-06-29
CRD_DDED4EDE29E446F7B0C3,SCRYDEX_JP,RAW,,7125000.0000,KRW,7125000,2026-06-29
CRD_DE0D19741C6C49AEA3F8,SCRYDEX_EN,RAW,,10.9100,USD,16763,2026-06-29
CRD_DE0D19741C6C49AEA3F8,SCRYDEX_JP,GRADED,10,,,41424,2026-06-29
CRD_DE0D19741C6C49AEA3F8,SCRYDEX_JP,GRADED,9,,,13828,2026-06-29
CRD_DE0D19741C6C49AEA3F8,SCRYDEX_JP,RAW,,2.0900,USD,3211,2026-06-29
CRD_DE1AC8F1848D4F84A6C9,SCRYDEX_EN,RAW,,1.3900,USD,2126,2026-06-05
CRD_DE1AC8F1848D4F84A6C9,SCRYDEX_JP,GRADED,10,,,54929,2026-06-29
CRD_DE1AC8F1848D4F84A6C9,SCRYDEX_JP,GRADED,9,,,21511,2026-06-29
CRD_DE1AC8F1848D4F84A6C9,SCRYDEX_JP,RAW,,1.7300,USD,2658,2026-06-29
CRD_DE35A5AF533342F99E35,SCRYDEX_JP,GRADED,10,,,72153,2026-06-29
CRD_DE35A5AF533342F99E35,SCRYDEX_JP,GRADED,9,,,32696,2026-06-29
CRD_DE35A5AF533342F99E35,SCRYDEX_JP,RAW,,24.4000,USD,37490,2026-06-29
CRD_DE454A6B91944E2B8AD3,SCRYDEX_EN,RAW,,25.4100,USD,38861,2026-06-05
CRD_DE454A6B91944E2B8AD3,SCRYDEX_JP,GRADED,10,,,772988,2026-06-29
CRD_DE454A6B91944E2B8AD3,SCRYDEX_JP,GRADED,9,,,230226,2026-06-29
CRD_DE454A6B91944E2B8AD3,SCRYDEX_JP,RAW,,522500.0000,KRW,522500,2026-06-29
CRD_DE6ADE7BA0D1404C9EBB,SCRYDEX_EN,RAW,,7.8800,USD,12051,2026-06-05
CRD_DE6ADE7BA0D1404C9EBB,SCRYDEX_JP,GRADED,10,,,51411,2026-06-29
CRD_DE6ADE7BA0D1404C9EBB,SCRYDEX_JP,GRADED,9,,,30914,2026-06-29
CRD_DE6ADE7BA0D1404C9EBB,SCRYDEX_JP,RAW,,1.6100,USD,2474,2026-06-29
CRD_DE7B8B068B1746649360,SCRYDEX_EN,RAW,,0.9000,USD,1376,2026-06-05
CRD_DE7B8B068B1746649360,SCRYDEX_JP,GRADED,10,,,317037,2026-06-29
CRD_DE7B8B068B1746649360,SCRYDEX_JP,GRADED,9,,,9219,2026-06-29
CRD_DE7B8B068B1746649360,SCRYDEX_JP,RAW,,0.7800,USD,1198,2026-06-29
CRD_DEBF98B578D94A9486D2,SCRYDEX_EN,RAW,,0.7800,USD,1193,2026-06-05
CRD_DEBF98B578D94A9486D2,SCRYDEX_JP,GRADED,10,,,46263,2026-06-29
CRD_DEBF98B578D94A9486D2,SCRYDEX_JP,RAW,,0.2900,USD,446,2026-06-29
CRD_DECDD9969EB941668D1B,SCRYDEX_EN,RAW,,3.3800,USD,5169,2026-06-05
CRD_DECDD9969EB941668D1B,SCRYDEX_JP,GRADED,10,,,184270,2026-06-29
CRD_DECDD9969EB941668D1B,SCRYDEX_JP,GRADED,9,,,76824,2026-06-29
CRD_DECDD9969EB941668D1B,SCRYDEX_JP,RAW,,3.9500,USD,6069,2026-06-29
CRD_DF013D345EDD410F96BB,SCRYDEX_EN,RAW,,0.7200,USD,1101,2026-06-05
CRD_DF1BC7CED4E14C938183,SCRYDEX_EN,RAW,,11.2800,USD,17331,2026-06-29
CRD_DF1BC7CED4E14C938183,SCRYDEX_JP,GRADED,10,,,126775,2026-06-29
CRD_DF1BC7CED4E14C938183,SCRYDEX_JP,GRADED,9,,,54929,2026-06-29
CRD_DF1BC7CED4E14C938183,SCRYDEX_JP,RAW,,49.7000,USD,76363,2026-06-29
CRD_DF24CA2636884683B997,SCRYDEX_EN,RAW,,3.3400,USD,5108,2026-06-05
CRD_DF24CA2636884683B997,SCRYDEX_JP,GRADED,10,,,51733,2026-06-29
CRD_DF24CA2636884683B997,SCRYDEX_JP,RAW,,1.2000,USD,1844,2026-06-29
CRD_DF32332FA0B44D189C38,SCRYDEX_EN,RAW,,21.3200,USD,32758,2026-06-29
CRD_DF32332FA0B44D189C38,SCRYDEX_JP,GRADED,10,,,92634,2026-06-29
CRD_DF32332FA0B44D189C38,SCRYDEX_JP,GRADED,9,,,49075,2026-06-29
CRD_DF32332FA0B44D189C38,SCRYDEX_JP,RAW,,9.9000,USD,15211,2026-06-29
CRD_DF3A72B78E8141B1A0D2BED89B3B20EE,SCRYDEX_JP,GRADED,10,,,1777523,2026-06-29
CRD_DF3A72B78E8141B1A0D2BED89B3B20EE,SCRYDEX_JP,GRADED,9,,,642802,2026-06-29
CRD_DF3A72B78E8141B1A0D2BED89B3B20EE,SCRYDEX_JP,RAW,,489.5300,USD,752153,2026-06-29
CRD_DF4775DD63D8489DB391,SCRYDEX_EN,RAW,,12.3400,USD,18960,2026-06-29
CRD_DF4775DD63D8489DB391,SCRYDEX_JP,GRADED,10,,,56942,2026-06-29
CRD_DF4775DD63D8489DB391,SCRYDEX_JP,GRADED,9,,,29162,2026-06-29
CRD_DF4775DD63D8489DB391,SCRYDEX_JP,RAW,,5.4000,USD,8297,2026-06-29
CRD_DF5DDD6AC39442A9B8EC,SCRYDEX_EN,RAW,,27.3600,USD,42038,2026-06-29
CRD_DF5E783CC8444CCFA94A,SCRYDEX_EN,RAW,,2.5700,USD,3949,2026-06-29
CRD_DF5E783CC8444CCFA94A,SCRYDEX_JP,GRADED,10,,,58064,2026-06-28
CRD_DF5E783CC8444CCFA94A,SCRYDEX_JP,GRADED,9,,,20988,2026-06-28
CRD_DF5E783CC8444CCFA94A,SCRYDEX_JP,RAW,,1.0600,USD,1629,2026-06-28
CRD_DF65A340F5804E30A359,SCRYDEX_EN,RAW,,9.5600,USD,14689,2026-06-29
CRD_DF65A340F5804E30A359,SCRYDEX_JP,GRADED,10,,,120414,2026-06-29
CRD_DF65A340F5804E30A359,SCRYDEX_JP,RAW,,9.0000,USD,13828,2026-06-29
CRD_DF6D7BB6800645AC8C68,SCRYDEX_EN,RAW,,12.2700,USD,18853,2026-06-29
CRD_DF6D7BB6800645AC8C68,SCRYDEX_JP,GRADED,10,,,61398,2026-06-29
CRD_DF6D7BB6800645AC8C68,SCRYDEX_JP,GRADED,9,,,18883,2026-06-29
CRD_DF6D7BB6800645AC8C68,SCRYDEX_JP,RAW,,9.3500,USD,14366,2026-06-29
CRD_DF733DFFA0674744AF83,SCRYDEX_EN,RAW,,0.6600,USD,1020,2026-06-07
CRD_DF8A429C70554B56B314,SCRYDEX_EN,RAW,,1.3300,USD,2034,2026-06-05
CRD_DF8A429C70554B56B314,SCRYDEX_JP,GRADED,10,,,33941,2026-06-29
CRD_DF8A429C70554B56B314,SCRYDEX_JP,GRADED,9,,,13828,2026-06-29
CRD_DF8A429C70554B56B314,SCRYDEX_JP,RAW,,1.1800,USD,1813,2026-06-29
CRD_DF8B9319DDD84975E5C1,SCRYDEX_EN,RAW,,1.3000,USD,1997,2026-06-29
CRD_DF8B9319DDD84975E5C1,SCRYDEX_JP,GRADED,10,,,52163,2026-06-29
CRD_DF8B9319DDD84975E5C1,SCRYDEX_JP,RAW,,0.5200,USD,799,2026-06-29
CRD_DF94CDB2489A49698586,SCRYDEX_EN,RAW,,3.4300,USD,5246,2026-06-05
CRD_DF94CDB2489A49698586,SCRYDEX_JP,GRADED,10,,,63610,2026-06-29
CRD_DF94CDB2489A49698586,SCRYDEX_JP,GRADED,9,,,22556,2026-06-29
CRD_DF94CDB2489A49698586,SCRYDEX_JP,RAW,,2.4200,USD,3718,2026-06-29
CRD_DFA86BCCB5434D858268,SCRYDEX_EN,RAW,,8.6900,USD,13290,2026-06-05
CRD_DFA86BCCB5434D858268,SCRYDEX_JP,GRADED,10,,,108506,2026-06-29
CRD_DFA86BCCB5434D858268,SCRYDEX_JP,GRADED,9,,,25751,2026-06-29
CRD_DFA86BCCB5434D858268,SCRYDEX_JP,RAW,,7.2700,USD,11170,2026-06-29
CRD_DFBD272AF9C64329B300,SCRYDEX_EN,RAW,,38.9300,USD,59815,2026-06-29
CRD_DFBD272AF9C64329B300,SCRYDEX_JP,GRADED,10,,,253212,2026-06-29
CRD_DFBD272AF9C64329B300,SCRYDEX_JP,GRADED,9,,,65362,2026-06-29
CRD_DFBD272AF9C64329B300,SCRYDEX_JP,RAW,,21.2600,USD,32666,2026-06-29
CRD_DFC0FCC5B8EB4F1FB812,SCRYDEX_EN,RAW,,1.5400,USD,2355,2026-06-05
CRD_DFC0FCC5B8EB4F1FB812,SCRYDEX_JP,GRADED,10,,,38412,2026-06-29
CRD_DFC0FCC5B8EB4F1FB812,SCRYDEX_JP,GRADED,9,,,30730,2026-06-29
CRD_DFC0FCC5B8EB4F1FB812,SCRYDEX_JP,RAW,,0.7800,USD,1198,2026-06-29
CRD_DFCF50A9D81E409E9EB8,SCRYDEX_EN,RAW,,107.6700,USD,164667,2026-06-05
CRD_DFCF50A9D81E409E9EB8,SCRYDEX_JP,GRADED,10,,,1861369,2026-06-29
CRD_DFCF50A9D81E409E9EB8,SCRYDEX_JP,GRADED,9,,,401513,2026-06-29
CRD_DFCF50A9D81E409E9EB8,SCRYDEX_JP,RAW,,261.2500,USD,401405,2026-06-29
CRD_DFD10196385043FBAE04,SCRYDEX_EN,RAW,,5.6800,USD,8687,2026-06-05
CRD_DFD10196385043FBAE04,SCRYDEX_JP,GRADED,10,,,26120,2026-06-29
CRD_DFD10196385043FBAE04,SCRYDEX_JP,RAW,,8.1900,USD,12584,2026-06-29
CRD_DFD109D6FD144DB3B19C,SCRYDEX_EN,RAW,,1.9700,USD,3013,2026-06-05
CRD_DFD109D6FD144DB3B19C,SCRYDEX_JP,GRADED,10,,,44266,2026-06-29
CRD_DFD109D6FD144DB3B19C,SCRYDEX_JP,GRADED,9,,,38535,2026-06-29
CRD_DFD109D6FD144DB3B19C,SCRYDEX_JP,RAW,,0.8200,USD,1260,2026-06-29
CRD_DFD865A2FA88435EBF11,SCRYDEX_EN,RAW,,8.5100,USD,13015,2026-06-05
CRD_DFD865A2FA88435EBF11,SCRYDEX_JP,GRADED,10,,,55836,2026-06-29
CRD_DFD865A2FA88435EBF11,SCRYDEX_JP,GRADED,9,,,38028,2026-06-29
CRD_DFD865A2FA88435EBF11,SCRYDEX_JP,RAW,,4.4000,USD,6761,2026-06-29
CRD_DFDF0BC26A204FDE9CDC,SCRYDEX_EN,RAW,,66.8800,USD,102760,2026-06-29
CRD_DFDF0BC26A204FDE9CDC,SCRYDEX_JP,GRADED,10,,,596077,2026-06-29
CRD_DFDF0BC26A204FDE9CDC,SCRYDEX_JP,GRADED,9,,,137745,2026-06-29
CRD_DFDF0BC26A204FDE9CDC,SCRYDEX_JP,RAW,,503500.0000,KRW,503500,2026-06-29
CRD_DFE572539BEC48CCB019,SCRYDEX_EN,RAW,,3.6400,USD,5567,2026-06-05
CRD_DFE572539BEC48CCB019,SCRYDEX_JP,GRADED,10,,,63242,2026-06-29
CRD_DFE572539BEC48CCB019,SCRYDEX_JP,RAW,,8.4200,USD,12937,2026-06-29
CRD_DFF8CB13F6C7491C8154,SCRYDEX_EN,RAW,,4.8000,USD,7341,2026-06-05
CRD_DFF8CB13F6C7491C8154,SCRYDEX_JP,GRADED,10,,,69618,2026-06-29
CRD_DFF8CB13F6C7491C8154,SCRYDEX_JP,GRADED,9,,,22402,2026-06-29
CRD_DFF8CB13F6C7491C8154,SCRYDEX_JP,RAW,,3.4400,USD,5285,2026-06-29
CRD_E0218102B7A74B0FBB22,SCRYDEX_EN,RAW,,60.6000,USD,93111,2026-06-29
CRD_E0218102B7A74B0FBB22,SCRYDEX_JP,GRADED,10,,,726647,2026-06-29
CRD_E0218102B7A74B0FBB22,SCRYDEX_JP,GRADED,9,,,152250,2026-06-29
CRD_E0218102B7A74B0FBB22,SCRYDEX_JP,RAW,,399000.0000,KRW,399000,2026-06-29
CRD_E02E2D38E06C4D3AACF4,SCRYDEX_EN,RAW,,122.8300,USD,188726,2026-06-29
CRD_E02E2D38E06C4D3AACF4,SCRYDEX_JP,GRADED,10,,,231148,2026-06-29
CRD_E02E2D38E06C4D3AACF4,SCRYDEX_JP,GRADED,9,,,127144,2026-06-29
CRD_E02E2D38E06C4D3AACF4,SCRYDEX_JP,RAW,,69.7800,USD,107216,2026-06-29
CRD_E033B69140A8460AAD0B,SCRYDEX_EN,RAW,,3.0000,USD,4609,2026-06-29
CRD_E033B69140A8460AAD0B,SCRYDEX_JP,GRADED,10,,,45157,2026-06-29
CRD_E033B69140A8460AAD0B,SCRYDEX_JP,GRADED,9,,,13828,2026-06-29
CRD_E033B69140A8460AAD0B,SCRYDEX_JP,RAW,,1.3300,USD,2044,2026-06-29
CRD_E037A348D10F4C8C9277,SCRYDEX_EN,RAW,,5.1200,USD,7836,2026-06-19
CRD_E037A348D10F4C8C9277,SCRYDEX_JP,GRADED,10,,,71877,2026-06-29
CRD_E037A348D10F4C8C9277,SCRYDEX_JP,GRADED,9,,,6146,2026-06-29
CRD_E037A348D10F4C8C9277,SCRYDEX_JP,RAW,,1.3700,USD,2105,2026-06-29
CRD_E04360C619254AE28E13,SCRYDEX_EN,RAW,,2.8800,USD,4425,2026-06-29
CRD_E04360C619254AE28E13,SCRYDEX_JP,GRADED,10,,,43728,2026-06-29
CRD_E04360C619254AE28E13,SCRYDEX_JP,GRADED,9,,,18438,2026-06-29
CRD_E04360C619254AE28E13,SCRYDEX_JP,RAW,,4.1600,USD,6392,2026-06-29
CRD_E0504F647D66433CB038,SCRYDEX_EN,RAW,,0.9000,USD,1376,2026-06-05
CRD_E0504F647D66433CB038,SCRYDEX_JP,GRADED,10,,,30853,2026-06-29
CRD_E0504F647D66433CB038,SCRYDEX_JP,GRADED,9,,,15365,2026-06-29
CRD_E0504F647D66433CB038,SCRYDEX_JP,RAW,,0.3000,USD,461,2026-06-29
CRD_E0677DDD24AB4D0B961D,SCRYDEX_EN,RAW,,5.5800,USD,8534,2026-06-05
CRD_E0677DDD24AB4D0B961D,SCRYDEX_JP,GRADED,10,,,119523,2026-06-29
CRD_E0677DDD24AB4D0B961D,SCRYDEX_JP,GRADED,9,,,24061,2026-06-29
CRD_E0677DDD24AB4D0B961D,SCRYDEX_JP,RAW,,2.8200,USD,4333,2026-06-29
CRD_E070D0BFD0812AE7FEE1,SCRYDEX_JP,GRADED,10,,,4974431,2026-06-29
CRD_E070D0BFD0812AE7FEE1,SCRYDEX_JP,GRADED,9,,,1719767,2026-06-29
CRD_E070D0BFD0812AE7FEE1,SCRYDEX_JP,RAW,,725.0000,USD,1113948,2026-06-29
CRD_E07E47F969DF425B88E9,SCRYDEX_EN,RAW,,15.2100,USD,23370,2026-06-29
CRD_E07E47F969DF425B88E9,SCRYDEX_JP,GRADED,10,,,48384,2026-06-29
CRD_E07E47F969DF425B88E9,SCRYDEX_JP,RAW,,4.3600,USD,6699,2026-06-29
CRD_E09FFF926F714D9E8A49,SCRYDEX_EN,RAW,,3.3300,USD,5093,2026-06-05
CRD_E09FFF926F714D9E8A49,SCRYDEX_JP,GRADED,10,,,58540,2026-06-29
CRD_E09FFF926F714D9E8A49,SCRYDEX_JP,GRADED,9,,,25567,2026-06-29
CRD_E09FFF926F714D9E8A49,SCRYDEX_JP,RAW,,1.0800,USD,1659,2026-06-29
CRD_E0B7B2CAE21042C6B89C,SCRYDEX_EN,RAW,,21.2200,USD,32604,2026-06-29
CRD_E0B7B2CAE21042C6B89C,SCRYDEX_JP,GRADED,10,,,107415,2026-06-29
CRD_E0B7B2CAE21042C6B89C,SCRYDEX_JP,RAW,,25.0300,USD,38458,2026-06-29
CRD_E0C0B777B17C4CE3A691,SCRYDEX_EN,RAW,,3.1200,USD,4772,2026-06-05
CRD_E0C0B777B17C4CE3A691,SCRYDEX_JP,GRADED,10,,,53700,2026-06-29
CRD_E0C0B777B17C4CE3A691,SCRYDEX_JP,GRADED,9,,,13905,2026-06-29
CRD_E0C0B777B17C4CE3A691,SCRYDEX_JP,RAW,,1.2300,USD,1890,2026-06-29
CRD_E0CDED654814435D8051,SCRYDEX_EN,RAW,,8.9600,USD,13718,2026-06-21
CRD_E0CDED654814435D8051,SCRYDEX_JP,GRADED,10,,,54468,2026-06-29
CRD_E0CDED654814435D8051,SCRYDEX_JP,GRADED,9,,,15242,2026-06-29
CRD_E0CDED654814435D8051,SCRYDEX_JP,RAW,,2.5500,USD,3918,2026-06-29
CRD_E0DC82EA957B4BEAB08B,SCRYDEX_EN,RAW,,3.6700,USD,5639,2026-06-29
CRD_E0DC82EA957B4BEAB08B,SCRYDEX_JP,GRADED,10,,,38888,2026-06-29
CRD_E0DC82EA957B4BEAB08B,SCRYDEX_JP,GRADED,9,,,15365,2026-06-29
CRD_E0DC82EA957B4BEAB08B,SCRYDEX_JP,RAW,,2.7500,USD,4225,2026-06-29
CRD_E0F313BE00484CB282A2,SCRYDEX_EN,RAW,,0.7300,USD,1116,2026-06-05
CRD_E0F313BE00484CB282A2,SCRYDEX_JP,GRADED,10,,,36077,2026-06-29
CRD_E0F313BE00484CB282A2,SCRYDEX_JP,GRADED,9,,,15365,2026-06-29
CRD_E0F313BE00484CB282A2,SCRYDEX_JP,RAW,,0.3800,USD,584,2026-06-29
CRD_E0F3C75EE01E479C9004,SCRYDEX_EN,RAW,,5.1500,USD,7876,2026-06-05
CRD_E0F3C75EE01E479C9004,SCRYDEX_JP,GRADED,10,,,55405,2026-06-29
CRD_E0F3C75EE01E479C9004,SCRYDEX_JP,GRADED,9,,,15165,2026-06-29
CRD_E0F3C75EE01E479C9004,SCRYDEX_JP,RAW,,2.4200,USD,3718,2026-06-29
CRD_E0FCA833B512419795E3,SCRYDEX_EN,RAW,,33.9200,USD,52117,2026-06-29
CRD_E0FCA833B512419795E3,SCRYDEX_JP,GRADED,10,,,76240,2026-06-29
CRD_E0FCA833B512419795E3,SCRYDEX_JP,GRADED,9,,,38658,2026-06-29
CRD_E0FCA833B512419795E3,SCRYDEX_JP,RAW,,10.6200,USD,16317,2026-06-29
CRD_E0FD9A9CCE8C43758447,SCRYDEX_EN,RAW,,0.7900,USD,1214,2026-06-29
CRD_E10B1FAB841247CA967B,SCRYDEX_EN,RAW,,16.1700,USD,24845,2026-06-29
CRD_E10B1FAB841247CA967B,SCRYDEX_JP,GRADED,10,,,74458,2026-06-29
CRD_E10B1FAB841247CA967B,SCRYDEX_JP,GRADED,9,,,14873,2026-06-29
CRD_E10B1FAB841247CA967B,SCRYDEX_JP,RAW,,2.9300,USD,4502,2026-06-29
CRD_E13F6EAA1F7541A9841D,SCRYDEX_EN,RAW,,30.1000,USD,46248,2026-06-29
CRD_E13F6EAA1F7541A9841D,SCRYDEX_JP,GRADED,10,,,170350,2026-06-29
CRD_E13F6EAA1F7541A9841D,SCRYDEX_JP,GRADED,9,,,71200,2026-06-29
CRD_E13F6EAA1F7541A9841D,SCRYDEX_JP,RAW,,56.2900,USD,86488,2026-06-29
CRD_E14A48ED116544BFB915,SCRYDEX_EN,RAW,,24.6600,USD,37890,2026-06-29
CRD_E14A48ED116544BFB915,SCRYDEX_JP,GRADED,10,,,46094,2026-06-29
CRD_E14A48ED116544BFB915,SCRYDEX_JP,GRADED,9,,,23170,2026-06-29
CRD_E14A48ED116544BFB915,SCRYDEX_JP,RAW,,24.9900,USD,38397,2026-06-29
CRD_E16927295F777E3F2FB1,SCRYDEX_JP,RAW,,8.2600,USD,12691,2026-06-29
CRD_E17AC037337F480F9F4D,SCRYDEX_JP,GRADED,10,,,184009,2026-06-29
CRD_E17AC037337F480F9F4D,SCRYDEX_JP,GRADED,9,,,57080,2026-06-29
CRD_E17AC037337F480F9F4D,SCRYDEX_JP,RAW,,69.3400,USD,106540,2026-06-29
CRD_E1816DF5DFB04C90965B,SCRYDEX_EN,RAW,,3.4900,USD,5338,2026-06-05
CRD_E1816DF5DFB04C90965B,SCRYDEX_JP,GRADED,10,,,45357,2026-06-29
CRD_E1816DF5DFB04C90965B,SCRYDEX_JP,GRADED,9,,,23908,2026-06-29
CRD_E1816DF5DFB04C90965B,SCRYDEX_JP,RAW,,2.8700,USD,4410,2026-06-29
CRD_E1885E2AE59048FFA835,SCRYDEX_EN,RAW,,13.2900,USD,20325,2026-06-05
CRD_E1885E2AE59048FFA835,SCRYDEX_JP,GRADED,10,,,499356,2026-06-29
CRD_E1885E2AE59048FFA835,SCRYDEX_JP,GRADED,9,,,191538,2026-06-29
CRD_E1885E2AE59048FFA835,SCRYDEX_JP,RAW,,247000.0000,KRW,247000,2026-06-29
CRD_E1953E99F0A344F5ACBE,SCRYDEX_EN,RAW,,7.3900,USD,11302,2026-06-05
CRD_E1953E99F0A344F5ACBE,SCRYDEX_JP,GRADED,10,,,62120,2026-06-29
CRD_E1953E99F0A344F5ACBE,SCRYDEX_JP,GRADED,9,,,29531,2026-06-29
CRD_E1953E99F0A344F5ACBE,SCRYDEX_JP,RAW,,2.9600,USD,4548,2026-06-29
CRD_E199C322E0DF4D0A881B,SCRYDEX_EN,RAW,,2.0400,USD,3120,2026-06-05
CRD_E199C322E0DF4D0A881B,SCRYDEX_JP,GRADED,10,,,26950,2026-06-29
CRD_E199C322E0DF4D0A881B,SCRYDEX_JP,GRADED,9,,,19974,2026-06-29
CRD_E199C322E0DF4D0A881B,SCRYDEX_JP,RAW,,1.1800,USD,1813,2026-06-29
CRD_E1A0B45DD087457B9796,SCRYDEX_EN,RAW,,122.9100,USD,188849,2026-06-29
CRD_E1A0B45DD087457B9796,SCRYDEX_JP,GRADED,10,,,198083,2026-06-29
CRD_E1A0B45DD087457B9796,SCRYDEX_JP,GRADED,9,,,110811,2026-06-29
CRD_E1A0B45DD087457B9796,SCRYDEX_JP,RAW,,80.7000,USD,123994,2026-06-29
CRD_E1A820C6EE18441B99E2,SCRYDEX_EN,RAW,,1.6100,USD,2462,2026-06-05
CRD_E1A820C6EE18441B99E2,SCRYDEX_JP,GRADED,10,,,35831,2026-06-29
CRD_E1A820C6EE18441B99E2,SCRYDEX_JP,RAW,,0.7700,USD,1183,2026-06-29
CRD_E1B6948E73434311B499,SCRYDEX_EN,RAW,,62.8900,USD,96182,2026-06-05
CRD_E1B6948E73434311B499,SCRYDEX_JP,GRADED,10,,,1832590,2026-06-29
CRD_E1B6948E73434311B499,SCRYDEX_JP,GRADED,9,,,403126,2026-06-29
CRD_E1B6948E73434311B499,SCRYDEX_JP,RAW,,39.9900,USD,61444,2026-06-29
CRD_E1D6B66C8AB24CFC89FA,SCRYDEX_EN,RAW,,0.6000,USD,918,2026-06-05
CRD_E1D6B66C8AB24CFC89FA,SCRYDEX_JP,GRADED,10,,,27626,2026-06-29
CRD_E1D6B66C8AB24CFC89FA,SCRYDEX_JP,RAW,,0.3400,USD,522,2026-06-29
CRD_E1D8518B742042F6B3BB,SCRYDEX_EN,RAW,,6.2700,USD,9589,2026-06-05
CRD_E1D8518B742042F6B3BB,SCRYDEX_JP,GRADED,10,,,274984,2026-06-29
CRD_E1D8518B742042F6B3BB,SCRYDEX_JP,GRADED,9,,,76824,2026-06-29
CRD_E1D8518B742042F6B3BB,SCRYDEX_JP,RAW,,61750.0000,KRW,61750,2026-06-29
CRD_E1E6E75117094118B157,SCRYDEX_EN,RAW,,3.2000,USD,4894,2026-06-05
CRD_E1E6E75117094118B157,SCRYDEX_JP,GRADED,10,,,55298,2026-06-29
CRD_E1E6E75117094118B157,SCRYDEX_JP,GRADED,9,,,7898,2026-06-29
CRD_E1E6E75117094118B157,SCRYDEX_JP,RAW,,1.2100,USD,1859,2026-06-29
CRD_E22C2110EB8743EFA3E1,SCRYDEX_EN,RAW,,0.7700,USD,1178,2026-06-05
CRD_E22C2110EB8743EFA3E1,SCRYDEX_JP,GRADED,10,,,53777,2026-06-29
CRD_E22C2110EB8743EFA3E1,SCRYDEX_JP,GRADED,9,,,12615,2026-06-29
CRD_E22C2110EB8743EFA3E1,SCRYDEX_JP,RAW,,0.6700,USD,1029,2026-06-29
CRD_E2301D1F50D64882BF93,SCRYDEX_EN,RAW,,28.8100,USD,44266,2026-06-29
CRD_E2301D1F50D64882BF93,SCRYDEX_JP,GRADED,10,,,57726,2026-06-29
CRD_E2301D1F50D64882BF93,SCRYDEX_JP,GRADED,9,,,27764,2026-06-29
CRD_E2301D1F50D64882BF93,SCRYDEX_JP,RAW,,6.8600,USD,10540,2026-06-29
CRD_E2324AA3478B4F09A915,SCRYDEX_EN,RAW,,0.7700,USD,1178,2026-06-05
CRD_E2324AA3478B4F09A915,SCRYDEX_JP,GRADED,10,,,78376,2026-06-29
CRD_E2324AA3478B4F09A915,SCRYDEX_JP,RAW,,0.3800,USD,584,2026-06-29
CRD_E26D2432BB194094A890,SCRYDEX_EN,RAW,,256.4000,USD,393953,2026-06-29
CRD_E26D2432BB194094A890,SCRYDEX_JP,GRADED,10,,,1031393,2026-06-29
CRD_E26D2432BB194094A890,SCRYDEX_JP,GRADED,9,,,294835,2026-06-29
CRD_E26D2432BB194094A890,SCRYDEX_JP,RAW,,225.0000,USD,345708,2026-06-29
CRD_E27171EB9F484C6AA129,SCRYDEX_EN,RAW,,3.6900,USD,5643,2026-06-05
CRD_E27171EB9F484C6AA129,SCRYDEX_JP,GRADED,10,,,62381,2026-06-29
CRD_E27171EB9F484C6AA129,SCRYDEX_JP,GRADED,9,,,16533,2026-06-29
CRD_E27171EB9F484C6AA129,SCRYDEX_JP,RAW,,3.4800,USD,5347,2026-06-29
CRD_E2BB1FFF8563469E809D,SCRYDEX_EN,RAW,,8.3500,USD,12770,2026-06-05
CRD_E2BB1FFF8563469E809D,SCRYDEX_JP,GRADED,10,,,65562,2026-06-29
CRD_E2BB1FFF8563469E809D,SCRYDEX_JP,GRADED,9,,,35262,2026-06-29
CRD_E2BB1FFF8563469E809D,SCRYDEX_JP,RAW,,6.5300,USD,10033,2026-06-29
CRD_E2BBFAD3F67905508742,SCRYDEX_JP,GRADED,10,,,36783,2026-06-29
CRD_E2BBFAD3F67905508742,SCRYDEX_JP,GRADED,9,,,50704,2026-06-29
CRD_E2BBFAD3F67905508742,SCRYDEX_JP,RAW,,5.3000,USD,8143,2026-06-29
CRD_E2C122D990CA490FAF7E,SCRYDEX_EN,RAW,,1.3400,USD,2049,2026-06-05
CRD_E2C122D990CA490FAF7E,SCRYDEX_JP,GRADED,10,,,48722,2026-06-29
CRD_E2C122D990CA490FAF7E,SCRYDEX_JP,GRADED,9,,,12369,2026-06-29
CRD_E2C122D990CA490FAF7E,SCRYDEX_JP,RAW,,1.1200,USD,1721,2026-06-29
CRD_E2D10B6BD1CB4538A46D,SCRYDEX_EN,RAW,,3.5700,USD,5460,2026-06-05
CRD_E2D10B6BD1CB4538A46D,SCRYDEX_JP,GRADED,10,,,192798,2026-06-29
CRD_E2D10B6BD1CB4538A46D,SCRYDEX_JP,RAW,,9.1500,USD,14059,2026-06-29
CRD_E30CB17C7E4749BD9111,SCRYDEX_EN,RAW,,19.5000,USD,29961,2026-06-29
CRD_E30CB17C7E4749BD9111,SCRYDEX_JP,GRADED,10,,,63595,2026-06-29
CRD_E30CB17C7E4749BD9111,SCRYDEX_JP,GRADED,9,,,25536,2026-06-29
CRD_E30CB17C7E4749BD9111,SCRYDEX_JP,RAW,,4.5000,USD,6914,2026-06-29
CRD_E32A25B9BB914CFB8D62,SCRYDEX_EN,RAW,,43.1400,USD,66284,2026-06-29
CRD_E32A25B9BB914CFB8D62,SCRYDEX_JP,GRADED,10,,,70233,2026-06-29
CRD_E32A25B9BB914CFB8D62,SCRYDEX_JP,GRADED,9,,,33265,2026-06-29
CRD_E32A25B9BB914CFB8D62,SCRYDEX_JP,RAW,,21.9500,USD,33726,2026-06-29
CRD_E332BE039B64482B83AD,SCRYDEX_EN,RAW,,48.6900,USD,74811,2026-06-29
CRD_E332BE039B64482B83AD,SCRYDEX_JP,GRADED,10,,,451802,2026-06-29
CRD_E332BE039B64482B83AD,SCRYDEX_JP,RAW,,68.4000,USD,105095,2026-06-29
CRD_E35983B2ADA24AC889C1,SCRYDEX_EN,RAW,,3.7900,USD,5796,2026-06-05
CRD_E35983B2ADA24AC889C1,SCRYDEX_JP,GRADED,10,,,47754,2026-06-29
CRD_E35983B2ADA24AC889C1,SCRYDEX_JP,GRADED,9,,,32558,2026-06-29
CRD_E35983B2ADA24AC889C1,SCRYDEX_JP,RAW,,7.9100,USD,12154,2026-06-29
CRD_E3686CE5DF604BB1A1AB,SCRYDEX_EN,RAW,,34.1200,USD,52425,2026-06-29
CRD_E3686CE5DF604BB1A1AB,SCRYDEX_JP,GRADED,10,,,116096,2026-06-29
CRD_E3686CE5DF604BB1A1AB,SCRYDEX_JP,GRADED,9,,,37429,2026-06-29
CRD_E3686CE5DF604BB1A1AB,SCRYDEX_JP,RAW,,7.2300,USD,11109,2026-06-29
CRD_E385CD17340F406F8B5F,SCRYDEX_EN,RAW,,4.1100,USD,6286,2026-06-05
CRD_E385CD17340F406F8B5F,SCRYDEX_JP,GRADED,10,,,67943,2026-06-29
CRD_E385CD17340F406F8B5F,SCRYDEX_JP,GRADED,9,,,32696,2026-06-29
CRD_E385CD17340F406F8B5F,SCRYDEX_JP,RAW,,1.8500,USD,2842,2026-06-29
CRD_E3928DC52944458BBFCE,SCRYDEX_EN,RAW,,335.7700,USD,515904,2026-06-29
CRD_E3928DC52944458BBFCE,SCRYDEX_JP,GRADED,10,,,779779,2026-06-29
CRD_E3928DC52944458BBFCE,SCRYDEX_JP,GRADED,9,,,451863,2026-06-29
CRD_E3928DC52944458BBFCE,SCRYDEX_JP,RAW,,213.4700,USD,327992,2026-06-29
CRD_E393141F815D413DA629,SCRYDEX_EN,RAW,,3.6900,USD,5643,2026-06-05
CRD_E393141F815D413DA629,SCRYDEX_JP,GRADED,10,,,57065,2026-06-29
CRD_E393141F815D413DA629,SCRYDEX_JP,GRADED,9,,,38351,2026-06-29
CRD_E393141F815D413DA629,SCRYDEX_JP,RAW,,2.6400,USD,4056,2026-06-29
CRD_E39F9C41D529A434B5EC,SCRYDEX_JP,GRADED,10,,,61459,2026-06-29
CRD_E39F9C41D529A434B5EC,SCRYDEX_JP,GRADED,9,,,10755,2026-06-29
CRD_E39F9C41D529A434B5EC,SCRYDEX_JP,RAW,,1.8100,USD,2781,2026-06-29
CRD_E3AC52EB71E245EEA841,SCRYDEX_EN,RAW,,6.2600,USD,9574,2026-06-05
CRD_E3AC52EB71E245EEA841,SCRYDEX_JP,GRADED,10,,,96337,2026-06-29
CRD_E3AC52EB71E245EEA841,SCRYDEX_JP,RAW,,5.4800,USD,8420,2026-06-29
CRD_E3C661DEECDE4AF6AB74,SCRYDEX_EN,RAW,,6.4100,USD,9803,2026-06-05
CRD_E3C661DEECDE4AF6AB74,SCRYDEX_JP,GRADED,10,,,62366,2026-06-28
CRD_E3C661DEECDE4AF6AB74,SCRYDEX_JP,GRADED,9,,,25337,2026-06-28
CRD_E3C661DEECDE4AF6AB74,SCRYDEX_JP,RAW,,4.3500,USD,6684,2026-06-28
CRD_E40D332726F7EBC2B3EE,SCRYDEX_JP,GRADED,10,,,55452,2026-06-29
CRD_E40D332726F7EBC2B3EE,SCRYDEX_JP,GRADED,9,,,27626,2026-06-29
CRD_E40D332726F7EBC2B3EE,SCRYDEX_JP,RAW,,1.9600,USD,3012,2026-06-29
CRD_E410D811910849CDAFFA,SCRYDEX_EN,RAW,,0.8100,USD,1239,2026-06-05
CRD_E410D811910849CDAFFA,SCRYDEX_JP,GRADED,10,,,30422,2026-06-29
CRD_E410D811910849CDAFFA,SCRYDEX_JP,GRADED,9,,,10832,2026-06-29
CRD_E410D811910849CDAFFA,SCRYDEX_JP,RAW,,0.4000,USD,615,2026-06-29
CRD_E4211A929E7B46D59F1D,SCRYDEX_EN,RAW,,6.4200,USD,9819,2026-06-05
CRD_E4211A929E7B46D59F1D,SCRYDEX_JP,GRADED,10,,,75288,2026-06-29
CRD_E4211A929E7B46D59F1D,SCRYDEX_JP,GRADED,9,,,15211,2026-06-29
CRD_E4211A929E7B46D59F1D,SCRYDEX_JP,RAW,,2.1500,USD,3303,2026-06-29
CRD_E4269732BF5E4DAE84E6,SCRYDEX_EN,RAW,,70.6900,USD,108111,2026-06-05
CRD_E4269732BF5E4DAE84E6,SCRYDEX_JP,GRADED,10,,,1277214,2026-06-29
CRD_E4269732BF5E4DAE84E6,SCRYDEX_JP,GRADED,9,,,345232,2026-06-29
CRD_E4269732BF5E4DAE84E6,SCRYDEX_JP,RAW,,105.0000,USD,161330,2026-06-29
CRD_E42CBCBC0D104814A10B,SCRYDEX_EN,RAW,,3.7000,USD,5659,2026-06-05
CRD_E42CBCBC0D104814A10B,SCRYDEX_JP,GRADED,10,,,35339,2026-06-29
CRD_E42CBCBC0D104814A10B,SCRYDEX_JP,RAW,,5.5600,USD,8543,2026-06-29
CRD_E435A503560845A4897E,SCRYDEX_EN,RAW,,2.2200,USD,3395,2026-06-05
CRD_E435A503560845A4897E,SCRYDEX_JP,GRADED,10,,,46079,2026-06-29
CRD_E435A503560845A4897E,SCRYDEX_JP,GRADED,9,,,33803,2026-06-29
CRD_E435A503560845A4897E,SCRYDEX_JP,RAW,,1.3700,USD,2105,2026-06-29
CRD_E477534743004D15A397,SCRYDEX_EN,RAW,,5.4400,USD,8320,2026-06-05
CRD_E477534743004D15A397,SCRYDEX_JP,GRADED,10,,,48046,2026-06-29
CRD_E477534743004D15A397,SCRYDEX_JP,GRADED,9,,,22986,2026-06-29
CRD_E477534743004D15A397,SCRYDEX_JP,RAW,,2.4900,USD,3826,2026-06-29
CRD_E489FF5E6B654755AC1B,SCRYDEX_EN,RAW,,25.2100,USD,38735,2026-06-29
CRD_E489FF5E6B654755AC1B,SCRYDEX_JP,GRADED,10,,,71247,2026-06-29
CRD_E489FF5E6B654755AC1B,SCRYDEX_JP,GRADED,9,,,17792,2026-06-29
CRD_E489FF5E6B654755AC1B,SCRYDEX_JP,RAW,,14.9100,USD,22909,2026-06-29
CRD_E493F0082A45481EA7EE,SCRYDEX_EN,RAW,,4.9000,USD,7494,2026-06-05
CRD_E493F0082A45481EA7EE,SCRYDEX_JP,GRADED,10,,,70786,2026-06-29
CRD_E493F0082A45481EA7EE,SCRYDEX_JP,GRADED,9,,,27319,2026-06-29
CRD_E493F0082A45481EA7EE,SCRYDEX_JP,RAW,,1.4900,USD,2289,2026-06-29
CRD_E4B7ECA2F70F4E5B8AE9,SCRYDEX_EN,RAW,,3.6300,USD,5552,2026-06-05
CRD_E4B7ECA2F70F4E5B8AE9,SCRYDEX_JP,GRADED,10,,,96552,2026-06-29
CRD_E4B7ECA2F70F4E5B8AE9,SCRYDEX_JP,GRADED,9,,,10709,2026-06-29
CRD_E4B7ECA2F70F4E5B8AE9,SCRYDEX_JP,RAW,,1.1400,USD,1752,2026-06-29
CRD_E4BD8403FAAC4DE5A8FE,SCRYDEX_EN,RAW,,6.7900,USD,10384,2026-06-05
CRD_E4BD8403FAAC4DE5A8FE,SCRYDEX_JP,GRADED,10,,,53546,2026-06-29
CRD_E4BD8403FAAC4DE5A8FE,SCRYDEX_JP,RAW,,5.0100,USD,7698,2026-06-29
CRD_E4C1A15E591E42F1AB64,SCRYDEX_EN,RAW,,3.3100,USD,5062,2026-06-05
CRD_E4C1A15E591E42F1AB64,SCRYDEX_JP,GRADED,10,,,56435,2026-06-29
CRD_E4C1A15E591E42F1AB64,SCRYDEX_JP,GRADED,9,,,28563,2026-06-29
CRD_E4C1A15E591E42F1AB64,SCRYDEX_JP,RAW,,1.9000,USD,2919,2026-06-29
CRD_E4D0E0A32E434B4396AD,SCRYDEX_EN,RAW,,3.9400,USD,6026,2026-06-05
CRD_E4D0E0A32E434B4396AD,SCRYDEX_JP,GRADED,10,,,38412,2026-06-29
CRD_E4D0E0A32E434B4396AD,SCRYDEX_JP,RAW,,9.0400,USD,13890,2026-06-29
CRD_E4EBDAAC420B49DFB73D,SCRYDEX_EN,RAW,,17.4100,USD,26750,2026-06-29
CRD_E4EBDAAC420B49DFB73D,SCRYDEX_JP,GRADED,10,,,142678,2026-06-29
CRD_E4EBDAAC420B49DFB73D,SCRYDEX_JP,GRADED,9,,,52978,2026-06-29
CRD_E4EBDAAC420B49DFB73D,SCRYDEX_JP,RAW,,15.2900,USD,23493,2026-06-29
CRD_E500DF40158C4A7EA42A,SCRYDEX_EN,RAW,,14.3200,USD,22002,2026-06-29
CRD_E500DF40158C4A7EA42A,SCRYDEX_JP,GRADED,10,,,55329,2026-06-29
CRD_E500DF40158C4A7EA42A,SCRYDEX_JP,GRADED,9,,,28563,2026-06-29
CRD_E500DF40158C4A7EA42A,SCRYDEX_JP,RAW,,4.2800,USD,6576,2026-06-29
CRD_E50466E481104F58984B,SCRYDEX_EN,RAW,,3.8500,USD,5888,2026-06-05
CRD_E50466E481104F58984B,SCRYDEX_JP,RAW,,9500.0000,KRW,9500,2026-06-29
CRD_E506A487DE8C45099602,SCRYDEX_EN,RAW,,1.0600,USD,1621,2026-06-05
CRD_E506A487DE8C45099602,SCRYDEX_JP,RAW,,1.0300,USD,1583,2026-06-29
CRD_E5348A86CBCB4A0586C9,SCRYDEX_EN,RAW,,27.1500,USD,41522,2026-06-05
CRD_E5348A86CBCB4A0586C9,SCRYDEX_JP,GRADED,10,,,319619,2026-06-29
CRD_E5348A86CBCB4A0586C9,SCRYDEX_JP,GRADED,9,,,55190,2026-06-29
CRD_E5348A86CBCB4A0586C9,SCRYDEX_JP,RAW,,5.0000,USD,7682,2026-06-29
CRD_E539C04F2773B3572C0D,SCRYDEX_JP,GRADED,10,,,44942,2026-06-29
CRD_E539C04F2773B3572C0D,SCRYDEX_JP,GRADED,9,,,21495,2026-06-29
CRD_E539C04F2773B3572C0D,SCRYDEX_JP,RAW,,1.9400,USD,2981,2026-06-29
CRD_E54D728D4E4B4DE8A640,SCRYDEX_EN,RAW,,0.7200,USD,1101,2026-06-05
CRD_E54D728D4E4B4DE8A640,SCRYDEX_JP,GRADED,10,,,24661,2026-06-29
CRD_E54D728D4E4B4DE8A640,SCRYDEX_JP,GRADED,9,,,20804,2026-06-29
CRD_E54D728D4E4B4DE8A640,SCRYDEX_JP,RAW,,0.2900,USD,446,2026-06-29
CRD_E5554CE70153F51C9143,SCRYDEX_JP,RAW,,49.6400,USD,76271,2026-06-29
CRD_E55586307A664832B969,SCRYDEX_EN,RAW,,2.1900,USD,3349,2026-06-05
CRD_E55586307A664832B969,SCRYDEX_JP,GRADED,10,,,52993,2026-06-29
CRD_E55586307A664832B969,SCRYDEX_JP,RAW,,1.6200,USD,2489,2026-06-29
CRD_E556E0ACF3B040059DC9,SCRYDEX_EN,RAW,,1.3300,USD,2034,2026-06-05
CRD_E556E0ACF3B040059DC9,SCRYDEX_JP,GRADED,10,,,43713,2026-06-29
CRD_E556E0ACF3B040059DC9,SCRYDEX_JP,GRADED,9,,,38335,2026-06-29
CRD_E556E0ACF3B040059DC9,SCRYDEX_JP,RAW,,0.9400,USD,1444,2026-06-29
CRD_E5592716F10843B68C39,SCRYDEX_EN,RAW,,18.7400,USD,28660,2026-06-05
CRD_E5592716F10843B68C39,SCRYDEX_JP,GRADED,10,,,238907,2026-06-29
CRD_E5592716F10843B68C39,SCRYDEX_JP,GRADED,9,,,73029,2026-06-29
CRD_E5592716F10843B68C39,SCRYDEX_JP,RAW,,9.2400,USD,14197,2026-06-29
CRD_E575B2AE33B442F687B3,SCRYDEX_EN,RAW,,4.2000,USD,6423,2026-06-05
CRD_E575B2AE33B442F687B3,SCRYDEX_JP,GRADED,10,,,58540,2026-06-29
CRD_E575B2AE33B442F687B3,SCRYDEX_JP,GRADED,9,,,30653,2026-06-29
CRD_E575B2AE33B442F687B3,SCRYDEX_JP,RAW,,4.7700,USD,7329,2026-06-29
CRD_E57DB3482F514CE09A11,SCRYDEX_EN,RAW,,22.2600,USD,34202,2026-06-29
CRD_E57DB3482F514CE09A11,SCRYDEX_JP,GRADED,10,,,74780,2026-06-29
CRD_E57DB3482F514CE09A11,SCRYDEX_JP,GRADED,9,,,38397,2026-06-29
CRD_E57DB3482F514CE09A11,SCRYDEX_JP,RAW,,12.7000,USD,19513,2026-06-29
CRD_E5C703C11C0E4FC2AA91,SCRYDEX_EN,RAW,,75.8000,USD,116465,2026-06-29
CRD_E5C703C11C0E4FC2AA91,SCRYDEX_JP,GRADED,10,,,254410,2026-05-12
CRD_E5C703C11C0E4FC2AA91,SCRYDEX_JP,GRADED,9,,,95630,2026-05-12
CRD_E5C703C11C0E4FC2AA91,SCRYDEX_JP,RAW,,44.5400,USD,65610,2026-05-12
CRD_E5D6561E00FA4E9D92EC,SCRYDEX_EN,RAW,,21.8900,USD,33634,2026-06-29
CRD_E5D6561E00FA4E9D92EC,SCRYDEX_JP,GRADED,10,,,58509,2026-06-29
CRD_E5D6561E00FA4E9D92EC,SCRYDEX_JP,GRADED,9,,,17132,2026-06-29
CRD_E5D6561E00FA4E9D92EC,SCRYDEX_JP,RAW,,4.2900,USD,6591,2026-06-29
CRD_E5D836B0FC0D43E289F9,SCRYDEX_EN,RAW,,12.2400,USD,18890,2026-06-25
CRD_E5D836B0FC0D43E289F9,SCRYDEX_JP,GRADED,10,,,62996,2026-06-29
CRD_E5D836B0FC0D43E289F9,SCRYDEX_JP,GRADED,9,,,30007,2026-06-29
CRD_E5D836B0FC0D43E289F9,SCRYDEX_JP,RAW,,3.3900,USD,5209,2026-06-29
CRD_E5E93E5E67D8453083FA,SCRYDEX_EN,RAW,,39.2300,USD,60276,2026-06-29
CRD_E5E93E5E67D8453083FA,SCRYDEX_JP,GRADED,10,,,83185,2026-06-29
CRD_E5E93E5E67D8453083FA,SCRYDEX_JP,GRADED,9,,,42176,2026-06-29
CRD_E5E93E5E67D8453083FA,SCRYDEX_JP,RAW,,46.0400,USD,70740,2026-06-29
CRD_E5EA343F391542008AAD,SCRYDEX_EN,RAW,,45.0800,USD,68944,2026-06-05
CRD_E5EA343F391542008AAD,SCRYDEX_JP,GRADED,10,,,433550,2026-06-02
CRD_E5EA343F391542008AAD,SCRYDEX_JP,GRADED,9,,,184362,2026-06-29
CRD_E5EA343F391542008AAD,SCRYDEX_JP,RAW,,35.0000,USD,53777,2026-06-29
CRD_E5FB08E4216944D298B1,SCRYDEX_EN,RAW,,3.2800,USD,5016,2026-06-05
CRD_E5FB08E4216944D298B1,SCRYDEX_JP,GRADED,10,,,21188,2026-06-29
CRD_E5FB08E4216944D298B1,SCRYDEX_JP,GRADED,9,,,18438,2026-06-29
CRD_E5FB08E4216944D298B1,SCRYDEX_JP,RAW,,2.3200,USD,3565,2026-06-29
CRD_E604CAA8F82C48FB8EDF,SCRYDEX_EN,RAW,,0.7900,USD,1208,2026-06-05
CRD_E604CAA8F82C48FB8EDF,SCRYDEX_JP,GRADED,10,,,50596,2026-06-29
CRD_E604CAA8F82C48FB8EDF,SCRYDEX_JP,RAW,,0.3900,USD,599,2026-06-29
CRD_E623C3E3D8334A58BE38,SCRYDEX_EN,RAW,,10.4200,USD,16010,2026-06-29
CRD_E623C3E3D8334A58BE38,SCRYDEX_JP,GRADED,10,,,92465,2026-06-29
CRD_E623C3E3D8334A58BE38,SCRYDEX_JP,GRADED,9,,,13967,2026-06-29
CRD_E623C3E3D8334A58BE38,SCRYDEX_JP,RAW,,3.9600,USD,6084,2026-06-29
CRD_E624293C3C374000B9C3,SCRYDEX_EN,RAW,,42.5600,USD,65393,2026-06-29
CRD_E62F06A94BBF4102A34B,SCRYDEX_EN,RAW,,3.9900,USD,6102,2026-06-05
CRD_E62F06A94BBF4102A34B,SCRYDEX_JP,GRADED,10,,,120829,2026-06-29
CRD_E62F06A94BBF4102A34B,SCRYDEX_JP,GRADED,9,,,31406,2026-06-29
CRD_E62F06A94BBF4102A34B,SCRYDEX_JP,RAW,,5.1700,USD,7944,2026-06-29
CRD_E63A3661A70B481E984A,SCRYDEX_EN,RAW,,230.3200,USD,352244,2026-06-05
CRD_E63A3661A70B481E984A,SCRYDEX_JP,GRADED,10,,,2532657,2026-06-29
CRD_E63A3661A70B481E984A,SCRYDEX_JP,GRADED,9,,,366804,2026-06-29
CRD_E63A3661A70B481E984A,SCRYDEX_JP,RAW,,150.0000,USD,230472,2026-06-29
CRD_E68B9BE86070484B96AE,SCRYDEX_EN,RAW,,89.5700,USD,137623,2026-06-29
CRD_E68B9BE86070484B96AE,SCRYDEX_JP,GRADED,10,,,135333,2026-06-29
CRD_E68B9BE86070484B96AE,SCRYDEX_JP,GRADED,9,,,45910,2026-06-29
CRD_E68B9BE86070484B96AE,SCRYDEX_JP,RAW,,50.7400,USD,77961,2026-06-29
CRD_E6931B5F136B4A32907D,SCRYDEX_EN,RAW,,0.6600,USD,1009,2026-06-05
CRD_E6931B5F136B4A32907D,SCRYDEX_JP,GRADED,10,,,69096,2026-06-29
CRD_E6931B5F136B4A32907D,SCRYDEX_JP,GRADED,9,,,22970,2026-06-29
CRD_E6931B5F136B4A32907D,SCRYDEX_JP,RAW,,0.2800,USD,430,2026-06-29
CRD_E6B55319FE274485AB2C,SCRYDEX_EN,RAW,,11.1400,USD,17116,2026-06-28
CRD_E6B55319FE274485AB2C,SCRYDEX_JP,GRADED,10,,,65884,2026-06-29
CRD_E6B55319FE274485AB2C,SCRYDEX_JP,GRADED,9,,,27964,2026-06-29
CRD_E6B55319FE274485AB2C,SCRYDEX_JP,RAW,,5.2400,USD,8051,2026-06-29
CRD_E6B830D04BBE49598E61,SCRYDEX_EN,RAW,,1.8900,USD,2891,2026-06-05
CRD_E6B830D04BBE49598E61,SCRYDEX_JP,GRADED,10,,,62688,2026-06-29
CRD_E6B830D04BBE49598E61,SCRYDEX_JP,GRADED,9,,,14151,2026-06-29
CRD_E6B830D04BBE49598E61,SCRYDEX_JP,RAW,,0.5300,USD,814,2026-06-29
CRD_E6D7C7AE46B14C2281ED,SCRYDEX_EN,RAW,,19.1300,USD,29257,2026-06-05
CRD_E6D7C7AE46B14C2281ED,SCRYDEX_JP,GRADED,10,,,82156,2026-06-29
CRD_E6D7C7AE46B14C2281ED,SCRYDEX_JP,GRADED,9,,,66069,2026-06-29
CRD_E6D7C7AE46B14C2281ED,SCRYDEX_JP,RAW,,19.9500,USD,30653,2026-06-29
CRD_E6F10EB3F8174323B3EE,SCRYDEX_EN,RAW,,9.3500,USD,14300,2026-06-05
CRD_E6F10EB3F8174323B3EE,SCRYDEX_JP,GRADED,10,,,75349,2026-06-29
CRD_E6F10EB3F8174323B3EE,SCRYDEX_JP,GRADED,9,,,44374,2026-06-29
CRD_E6F10EB3F8174323B3EE,SCRYDEX_JP,RAW,,7.5200,USD,11554,2026-06-29
CRD_E708EA2A576B45D59B4D,SCRYDEX_EN,RAW,,3.1700,USD,4848,2026-06-05
CRD_E708EA2A576B45D59B4D,SCRYDEX_JP,RAW,,4.9900,USD,7667,2026-06-29
CRD_E71149545CE345E28C39,SCRYDEX_EN,RAW,,0.7200,USD,1101,2026-06-05
CRD_E71149545CE345E28C39,SCRYDEX_JP,GRADED,10,,,30530,2026-06-29
CRD_E71149545CE345E28C39,SCRYDEX_JP,GRADED,9,,,9849,2026-06-29
CRD_E71149545CE345E28C39,SCRYDEX_JP,RAW,,0.2600,USD,399,2026-06-29
CRD_E72D415657964CCC8728,SCRYDEX_EN,RAW,,9.3000,USD,14289,2026-06-29
CRD_E72D415657964CCC8728,SCRYDEX_JP,GRADED,10,,,41132,2026-06-29
CRD_E72D415657964CCC8728,SCRYDEX_JP,GRADED,9,,,13168,2026-06-29
CRD_E72D415657964CCC8728,SCRYDEX_JP,RAW,,1.1700,USD,1798,2026-06-29
CRD_E736F5863DF84C0B836A,SCRYDEX_EN,RAW,,0.9500,USD,1453,2026-06-05
CRD_E736F5863DF84C0B836A,SCRYDEX_JP,GRADED,10,,,44174,2026-06-29
CRD_E736F5863DF84C0B836A,SCRYDEX_JP,GRADED,9,,,10786,2026-06-29
CRD_E736F5863DF84C0B836A,SCRYDEX_JP,RAW,,0.6400,USD,983,2026-06-29
CRD_E7395C5E013648CCB64B,SCRYDEX_EN,RAW,,5.8200,USD,8901,2026-06-05
CRD_E7395C5E013648CCB64B,SCRYDEX_JP,GRADED,10,,,48983,2026-06-29
CRD_E7395C5E013648CCB64B,SCRYDEX_JP,GRADED,9,,,20881,2026-06-29
CRD_E7395C5E013648CCB64B,SCRYDEX_JP,RAW,,2.4700,USD,3795,2026-06-29
CRD_E752F21DDE8C47718A45,SCRYDEX_EN,RAW,,1.4700,USD,2248,2026-06-05
CRD_E752F21DDE8C47718A45,SCRYDEX_JP,GRADED,10,,,23800,2026-06-29
CRD_E752F21DDE8C47718A45,SCRYDEX_JP,GRADED,9,,,9219,2026-06-29
CRD_E752F21DDE8C47718A45,SCRYDEX_JP,RAW,,1.9200,USD,2950,2026-06-29
CRD_E75AF1D183344D918F9B,SCRYDEX_EN,RAW,,2.3700,USD,3641,2026-06-29
CRD_E75AF1D183344D918F9B,SCRYDEX_JP,GRADED,10,,,36153,2026-06-29
CRD_E75AF1D183344D918F9B,SCRYDEX_JP,RAW,,1.7000,USD,2612,2026-06-29
CRD_E75C01B1AA4F453B9553,SCRYDEX_EN,RAW,,9.1300,USD,13963,2026-06-05
CRD_E75C01B1AA4F453B9553,SCRYDEX_JP,GRADED,10,,,58402,2026-06-29
CRD_E75C01B1AA4F453B9553,SCRYDEX_JP,RAW,,9500.0000,KRW,9500,2026-06-29
CRD_E7613911A4194A1BB1CF,SCRYDEX_EN,RAW,,1.0800,USD,1652,2026-06-05
CRD_E7613911A4194A1BB1CF,SCRYDEX_JP,GRADED,10,,,39011,2026-06-29
CRD_E7613911A4194A1BB1CF,SCRYDEX_JP,GRADED,9,,,6330,2026-06-29
CRD_E7613911A4194A1BB1CF,SCRYDEX_JP,RAW,,1.0800,USD,1659,2026-06-29
CRD_E770C792A1574872A1A8,SCRYDEX_EN,RAW,,3.3100,USD,5062,2026-06-05
CRD_E770C792A1574872A1A8,SCRYDEX_JP,GRADED,10,,,58770,2026-06-29
CRD_E770C792A1574872A1A8,SCRYDEX_JP,GRADED,9,,,10125,2026-06-29
CRD_E770C792A1574872A1A8,SCRYDEX_JP,RAW,,2.7000,USD,4148,2026-06-29
CRD_E7759AA33E7B4CA9AE03,SCRYDEX_EN,RAW,,13.7900,USD,21188,2026-06-29
CRD_E7759AA33E7B4CA9AE03,SCRYDEX_JP,GRADED,10,,,141832,2026-06-29
CRD_E7759AA33E7B4CA9AE03,SCRYDEX_JP,GRADED,9,,,32005,2026-06-29
CRD_E7759AA33E7B4CA9AE03,SCRYDEX_JP,RAW,,6.2700,USD,9634,2026-06-29
CRD_E775D88E4E3048DFB1F1,SCRYDEX_EN,RAW,,13.8100,USD,21121,2026-06-05
CRD_E775D88E4E3048DFB1F1,SCRYDEX_JP,GRADED,10,,,80942,2026-06-29
CRD_E775D88E4E3048DFB1F1,SCRYDEX_JP,GRADED,9,,,24000,2026-06-29
CRD_E775D88E4E3048DFB1F1,SCRYDEX_JP,RAW,,7.8000,USD,11985,2026-06-29
CRD_E778C735BD9241BE810D,SCRYDEX_EN,RAW,,28.7000,USD,44097,2026-06-29
CRD_E778C735BD9241BE810D,SCRYDEX_JP,GRADED,10,,,58970,2026-06-29
CRD_E778C735BD9241BE810D,SCRYDEX_JP,GRADED,9,,,24906,2026-06-29
CRD_E778C735BD9241BE810D,SCRYDEX_JP,RAW,,7.3400,USD,11278,2026-06-29
CRD_E77C9D8E174B4348BB30,SCRYDEX_EN,RAW,,19.2300,USD,29547,2026-06-29
CRD_E77C9D8E174B4348BB30,SCRYDEX_JP,GRADED,10,,,90867,2026-06-29
CRD_E77C9D8E174B4348BB30,SCRYDEX_JP,GRADED,9,,,76455,2026-06-29
CRD_E77C9D8E174B4348BB30,SCRYDEX_JP,RAW,,40.5000,USD,62227,2026-06-29
CRD_E78C55792AED472BA10A,SCRYDEX_EN,RAW,,1.9700,USD,3013,2026-06-05
CRD_E78C55792AED472BA10A,SCRYDEX_JP,GRADED,10,,,38412,2026-06-29
CRD_E78C55792AED472BA10A,SCRYDEX_JP,RAW,,1.6400,USD,2520,2026-06-29
CRD_E79D379B22204F5A8CB8,SCRYDEX_EN,RAW,,17.2900,USD,26566,2026-06-29
CRD_E79D379B22204F5A8CB8,SCRYDEX_JP,GRADED,10,,,77469,2026-06-29
CRD_E79D379B22204F5A8CB8,SCRYDEX_JP,GRADED,9,,,29116,2026-06-29
CRD_E79D379B22204F5A8CB8,SCRYDEX_JP,RAW,,3.0500,USD,4686,2026-06-29
CRD_E7A9269390E346AA93B3,SCRYDEX_EN,RAW,,2.6500,USD,4053,2026-06-05
CRD_E7A9269390E346AA93B3,SCRYDEX_JP,GRADED,10,,,115282,2026-06-29
CRD_E7A9269390E346AA93B3,SCRYDEX_JP,RAW,,3.9000,USD,5992,2026-06-29
CRD_E7D432CCBEF747E0BD9A,SCRYDEX_EN,RAW,,2.6800,USD,4099,2026-06-05
CRD_E7D432CCBEF747E0BD9A,SCRYDEX_JP,RAW,,4.7200,USD,7252,2026-06-29
CRD_E7DB54455C61431B8B1B,SCRYDEX_EN,RAW,,0.7400,USD,1132,2026-06-05
CRD_E7DB54455C61431B8B1B,SCRYDEX_JP,GRADED,10,,,11170,2026-06-29
CRD_E7DB54455C61431B8B1B,SCRYDEX_JP,RAW,,0.3700,USD,568,2026-06-29
CRD_E7E9F14138BB48D8A18A,SCRYDEX_EN,RAW,,6.8800,USD,10522,2026-06-05
CRD_E7E9F14138BB48D8A18A,SCRYDEX_JP,GRADED,10,,,78145,2026-06-29
CRD_E7E9F14138BB48D8A18A,SCRYDEX_JP,GRADED,9,,,26351,2026-06-29
CRD_E7E9F14138BB48D8A18A,SCRYDEX_JP,RAW,,4.6900,USD,7206,2026-06-29
CRD_E7F30E639D2045DEA1A4,SCRYDEX_EN,RAW,,7.0100,USD,10728,2026-06-19
CRD_E7F30E639D2045DEA1A4,SCRYDEX_JP,GRADED,10,,,49029,2026-06-29
CRD_E7F30E639D2045DEA1A4,SCRYDEX_JP,RAW,,6650.0000,KRW,6650,2026-06-29
CRD_E7FBED3E79AE4C2C829E,SCRYDEX_EN,RAW,,7.0800,USD,10828,2026-06-05
CRD_E7FBED3E79AE4C2C829E,SCRYDEX_JP,GRADED,10,,,50473,2026-06-29
CRD_E7FBED3E79AE4C2C829E,SCRYDEX_JP,GRADED,9,,,15365,2026-06-29
CRD_E7FBED3E79AE4C2C829E,SCRYDEX_JP,RAW,,6.9600,USD,10694,2026-06-29
CRD_E8099A50DB2E477EBACA,SCRYDEX_EN,RAW,,6.2200,USD,9557,2026-06-29
CRD_E8099A50DB2E477EBACA,SCRYDEX_JP,GRADED,10,,,98842,2026-06-29
CRD_E8099A50DB2E477EBACA,SCRYDEX_JP,GRADED,9,,,16901,2026-06-29
CRD_E8099A50DB2E477EBACA,SCRYDEX_JP,RAW,,2.2500,USD,3457,2026-06-29
CRD_E81BE663681D40F082FC,SCRYDEX_EN,RAW,,53.5200,USD,82232,2026-06-29
CRD_E81BE663681D40F082FC,SCRYDEX_JP,GRADED,10,,,1171074,2026-06-29
CRD_E81BE663681D40F082FC,SCRYDEX_JP,GRADED,9,,,523202,2026-06-29
CRD_E81BE663681D40F082FC,SCRYDEX_JP,RAW,,646000.0000,KRW,646000,2026-06-29
CRD_E81D96E28ECE484B9F6F,SCRYDEX_EN,RAW,,13.4800,USD,20712,2026-06-29
CRD_E81D96E28ECE484B9F6F,SCRYDEX_JP,GRADED,9,,,11524,2026-06-29
CRD_E81D96E28ECE484B9F6F,SCRYDEX_JP,RAW,,2.5500,USD,3918,2026-06-29
CRD_E83933BC2C29478785BE,SCRYDEX_EN,RAW,,2.1400,USD,3288,2026-06-29
CRD_E83933BC2C29478785BE,SCRYDEX_JP,GRADED,10,,,51764,2026-06-29
CRD_E83933BC2C29478785BE,SCRYDEX_JP,GRADED,9,,,13828,2026-06-29
CRD_E83933BC2C29478785BE,SCRYDEX_JP,RAW,,1.0200,USD,1567,2026-06-29
CRD_E853F7CFC656494D9757,SCRYDEX_EN,RAW,,2.8900,USD,4420,2026-06-05
CRD_E853F7CFC656494D9757,SCRYDEX_JP,GRADED,10,,,53024,2026-06-29
CRD_E853F7CFC656494D9757,SCRYDEX_JP,GRADED,9,,,21649,2026-06-29
CRD_E853F7CFC656494D9757,SCRYDEX_JP,RAW,,3.6700,USD,5639,2026-06-29
CRD_E87E061502334A9C87ED,SCRYDEX_EN,RAW,,9.2600,USD,14162,2026-06-05
CRD_E87E061502334A9C87ED,SCRYDEX_JP,GRADED,10,,,114821,2026-06-29
CRD_E87E061502334A9C87ED,SCRYDEX_JP,RAW,,24.9900,USD,38397,2026-06-29
CRD_E8813064F21A409D8BEF,SCRYDEX_EN,RAW,,15.8700,USD,24384,2026-06-29
CRD_E8813064F21A409D8BEF,SCRYDEX_JP,GRADED,10,,,61229,2026-06-29
CRD_E8813064F21A409D8BEF,SCRYDEX_JP,GRADED,9,,,23063,2026-06-29
CRD_E8813064F21A409D8BEF,SCRYDEX_JP,RAW,,8.0500,USD,12369,2026-06-29
CRD_E884C26E081A41749A2E,SCRYDEX_EN,RAW,,0.7200,USD,1101,2026-06-05
CRD_E884C26E081A41749A2E,SCRYDEX_JP,GRADED,10,,,17178,2026-06-29
CRD_E884C26E081A41749A2E,SCRYDEX_JP,RAW,,0.2800,USD,430,2026-06-29
CRD_E89AEB260280462CBB85,SCRYDEX_EN,RAW,,4.8800,USD,7498,2026-06-28
CRD_E8ACEC3851F54A53AEF7,SCRYDEX_EN,RAW,,10.7500,USD,16517,2026-06-29
CRD_E8ACEC3851F54A53AEF7,SCRYDEX_JP,GRADED,10,,,53101,2026-06-29
CRD_E8ACEC3851F54A53AEF7,SCRYDEX_JP,GRADED,9,,,36753,2026-06-29
CRD_E8ACEC3851F54A53AEF7,SCRYDEX_JP,RAW,,3.9500,USD,6069,2026-06-29
CRD_E8C26AA9E84C4C10AF9B,SCRYDEX_EN,RAW,,10.2900,USD,15737,2026-06-05
CRD_E8C26AA9E84C4C10AF9B,SCRYDEX_JP,GRADED,10,,,77900,2026-06-29
CRD_E8C26AA9E84C4C10AF9B,SCRYDEX_JP,GRADED,9,,,25014,2026-06-29
CRD_E8C26AA9E84C4C10AF9B,SCRYDEX_JP,RAW,,4.3900,USD,6745,2026-06-29
CRD_E8C45BEBEA1E4589A70E,SCRYDEX_EN,RAW,,13.6500,USD,20973,2026-06-29
CRD_E8C45BEBEA1E4589A70E,SCRYDEX_JP,GRADED,10,,,49951,2026-06-29
CRD_E8C45BEBEA1E4589A70E,SCRYDEX_JP,GRADED,9,,,23047,2026-06-29
CRD_E8C45BEBEA1E4589A70E,SCRYDEX_JP,RAW,,7.1800,USD,11032,2026-06-29
CRD_E8D78BF9E79942FD96A4,SCRYDEX_EN,RAW,,4.7800,USD,7310,2026-06-05
CRD_E8D78BF9E79942FD96A4,SCRYDEX_JP,GRADED,10,,,27611,2026-06-29
CRD_E8D78BF9E79942FD96A4,SCRYDEX_JP,RAW,,3.6700,USD,5639,2026-06-29
CRD_E8F5B14A895540C6860E,SCRYDEX_EN,RAW,,5.2900,USD,8090,2026-06-05
CRD_E8F5B14A895540C6860E,SCRYDEX_JP,GRADED,10,,,135410,2026-06-29
CRD_E8F5B14A895540C6860E,SCRYDEX_JP,RAW,,2.5400,USD,3903,2026-06-29
CRD_E92B2532AE914FB09891,SCRYDEX_EN,RAW,,2.9900,USD,4573,2026-06-05
CRD_E92B2532AE914FB09891,SCRYDEX_JP,GRADED,10,,,63026,2026-06-29
CRD_E92B2532AE914FB09891,SCRYDEX_JP,GRADED,9,,,15150,2026-06-29
CRD_E92B2532AE914FB09891,SCRYDEX_JP,RAW,,1.5200,USD,2335,2026-06-29
CRD_E930F6192B8A47DA8248,SCRYDEX_EN,RAW,,4.2200,USD,6454,2026-06-05
CRD_E930F6192B8A47DA8248,SCRYDEX_JP,GRADED,9,,,15365,2026-06-29
CRD_E930F6192B8A47DA8248,SCRYDEX_JP,RAW,,19950.0000,KRW,19950,2026-06-29
CRD_E942132314EF46888CF0,SCRYDEX_EN,RAW,,9.1600,USD,14009,2026-06-05
CRD_E942132314EF46888CF0,SCRYDEX_JP,GRADED,10,,,79528,2026-06-29
CRD_E942132314EF46888CF0,SCRYDEX_JP,GRADED,9,,,43006,2026-06-29
CRD_E942132314EF46888CF0,SCRYDEX_JP,RAW,,4.7000,USD,7221,2026-06-29
CRD_E95B8B1938F2446E81DD,SCRYDEX_EN,RAW,,420.6900,USD,646382,2026-06-29
CRD_E95B8B1938F2446E81DD,SCRYDEX_JP,GRADED,10,,,624994,2026-06-29
CRD_E95B8B1938F2446E81DD,SCRYDEX_JP,GRADED,9,,,374302,2026-06-29
CRD_E95B8B1938F2446E81DD,SCRYDEX_JP,RAW,,270.3300,USD,415357,2026-06-29
CRD_E9757BBCE7C34C4E8BF8,SCRYDEX_EN,RAW,,0.7900,USD,1208,2026-06-05
CRD_E9757BBCE7C34C4E8BF8,SCRYDEX_JP,GRADED,10,,,62996,2026-06-29
CRD_E9757BBCE7C34C4E8BF8,SCRYDEX_JP,RAW,,0.3900,USD,599,2026-06-29
CRD_E977782F22B64633B5B6,SCRYDEX_EN,RAW,,13.3000,USD,20435,2026-06-29
CRD_E977782F22B64633B5B6,SCRYDEX_JP,GRADED,10,,,113162,2026-06-29
CRD_E977782F22B64633B5B6,SCRYDEX_JP,GRADED,9,,,32527,2026-06-29
CRD_E977782F22B64633B5B6,SCRYDEX_JP,RAW,,3.3800,USD,5193,2026-06-29
CRD_E9A371AEF72043A7881F,SCRYDEX_EN,RAW,,48.0000,USD,74092,2026-06-26
CRD_E9A371AEF72043A7881F,SCRYDEX_JP,GRADED,10,,,498280,2026-06-29
CRD_E9A371AEF72043A7881F,SCRYDEX_JP,GRADED,9,,,129157,2026-06-29
CRD_E9A371AEF72043A7881F,SCRYDEX_JP,RAW,,199.9900,USD,307281,2026-06-29
CRD_E9A8685418094D9BB850,SCRYDEX_EN,RAW,,3.3200,USD,5078,2026-06-05
CRD_E9A8685418094D9BB850,SCRYDEX_JP,GRADED,10,,,57726,2026-06-29
CRD_E9A8685418094D9BB850,SCRYDEX_JP,GRADED,9,,,17470,2026-06-29
CRD_E9A8685418094D9BB850,SCRYDEX_JP,RAW,,5.3400,USD,8205,2026-06-29
CRD_E9AE47FA96644DACB7EA,SCRYDEX_EN,RAW,,0.5900,USD,902,2026-06-05
CRD_E9AE47FA96644DACB7EA,SCRYDEX_JP,GRADED,10,,,49137,2026-06-29
CRD_E9AE47FA96644DACB7EA,SCRYDEX_JP,GRADED,9,,,18438,2026-06-29
CRD_E9AE47FA96644DACB7EA,SCRYDEX_JP,RAW,,0.2200,USD,338,2026-06-29
CRD_E9B8CA77A7664CE8B9CF,SCRYDEX_EN,RAW,,4.7300,USD,7234,2026-06-05
CRD_E9B8CA77A7664CE8B9CF,SCRYDEX_JP,GRADED,10,,,45219,2026-06-29
CRD_E9B8CA77A7664CE8B9CF,SCRYDEX_JP,GRADED,9,,,26120,2026-06-29
CRD_E9B8CA77A7664CE8B9CF,SCRYDEX_JP,RAW,,2.4600,USD,3780,2026-06-29
CRD_E9C4D238A08646EA997E,SCRYDEX_EN,RAW,,30.6300,USD,46845,2026-06-05
CRD_E9C4D238A08646EA997E,SCRYDEX_JP,GRADED,10,,,173177,2026-06-29
CRD_E9C4D238A08646EA997E,SCRYDEX_JP,RAW,,31.8900,USD,48998,2026-06-29
CRD_E9C70192F06741F59CA4,SCRYDEX_JP,GRADED,10,,,448852,2026-06-29
CRD_E9C70192F06741F59CA4,SCRYDEX_JP,RAW,,14.6500,USD,22509,2026-06-29
CRD_E9D3C1D6A844432A836F,SCRYDEX_EN,RAW,,8.7600,USD,13397,2026-06-05
CRD_E9D3C1D6A844432A836F,SCRYDEX_JP,GRADED,10,,,38520,2026-06-29
CRD_E9D3C1D6A844432A836F,SCRYDEX_JP,GRADED,9,,,27595,2026-06-29
CRD_E9D3C1D6A844432A836F,SCRYDEX_JP,RAW,,9.0400,USD,13890,2026-06-29
CRD_E9E4D67784014F98A95D,SCRYDEX_EN,RAW,,2.2900,USD,3502,2026-06-05
CRD_E9E4D67784014F98A95D,SCRYDEX_JP,GRADED,9,,,30653,2026-06-29
CRD_E9E4D67784014F98A95D,SCRYDEX_JP,RAW,,4.0000,USD,6146,2026-06-29
CRD_E9ED1194D08E47B8B587,SCRYDEX_EN,RAW,,11.2700,USD,17316,2026-06-29
CRD_E9ED1194D08E47B8B587,SCRYDEX_JP,GRADED,10,,,87472,2026-06-29
CRD_E9ED1194D08E47B8B587,SCRYDEX_JP,GRADED,9,,,46079,2026-06-29
CRD_E9ED1194D08E47B8B587,SCRYDEX_JP,RAW,,13.1400,USD,20189,2026-06-29
CRD_E9ED6DA4BDD449AB99F2,SCRYDEX_EN,RAW,,17.1500,USD,26506,2026-06-08
CRD_E9ED6DA4BDD449AB99F2,SCRYDEX_JP,GRADED,10,,,199758,2026-06-29
CRD_E9ED6DA4BDD449AB99F2,SCRYDEX_JP,GRADED,9,,,41193,2026-06-29
CRD_E9ED6DA4BDD449AB99F2,SCRYDEX_JP,RAW,,12.3100,USD,18914,2026-06-29
CRD_E9EFB5201D7543CF9A76,SCRYDEX_EN,RAW,,8.5300,USD,13046,2026-06-05
CRD_E9EFB5201D7543CF9A76,SCRYDEX_JP,GRADED,10,,,238293,2026-06-29
CRD_E9EFB5201D7543CF9A76,SCRYDEX_JP,GRADED,9,,,53131,2026-06-29
CRD_E9EFB5201D7543CF9A76,SCRYDEX_JP,RAW,,13.6200,USD,20927,2026-06-29
CRD_EA0059F230D4B436EAE5B890AB606333,SCRYDEX_JP,GRADED,10,,,28926449,2026-06-29
CRD_EA0059F230D4B436EAE5B890AB606333,SCRYDEX_JP,GRADED,9,,,13140883,2026-06-29
CRD_EA083C360F684B138684,SCRYDEX_EN,RAW,,24.1700,USD,36965,2026-06-05
CRD_EA083C360F684B138684,SCRYDEX_JP,GRADED,10,,,215322,2026-06-29
CRD_EA083C360F684B138684,SCRYDEX_JP,GRADED,9,,,44558,2026-06-29
CRD_EA083C360F684B138684,SCRYDEX_JP,RAW,,49400.0000,KRW,49400,2026-06-29
CRD_EA1B94320A2645EFB446,SCRYDEX_EN,RAW,,5.8200,USD,8901,2026-06-05
CRD_EA1B94320A2645EFB446,SCRYDEX_JP,GRADED,10,,,37628,2026-06-29
CRD_EA1B94320A2645EFB446,SCRYDEX_JP,GRADED,9,,,12323,2026-06-29
CRD_EA1B94320A2645EFB446,SCRYDEX_JP,RAW,,5.5000,USD,8451,2026-06-29
CRD_EA3CF1FA1069431480A0,SCRYDEX_EN,RAW,,1.8500,USD,2829,2026-06-05
CRD_EA3CF1FA1069431480A0,SCRYDEX_JP,GRADED,10,,,59047,2026-06-29
CRD_EA3CF1FA1069431480A0,SCRYDEX_JP,GRADED,9,,,16225,2026-06-29
CRD_EA3CF1FA1069431480A0,SCRYDEX_JP,RAW,,2.0800,USD,3196,2026-06-29
CRD_EA4685C2802E4DCCB4EF,SCRYDEX_EN,RAW,,6.2800,USD,9604,2026-06-05
CRD_EA4685C2802E4DCCB4EF,SCRYDEX_JP,GRADED,10,,,30730,2026-06-29
CRD_EA4685C2802E4DCCB4EF,SCRYDEX_JP,RAW,,5.7600,USD,8850,2026-06-29
CRD_EA5F6C24062E430A8964,SCRYDEX_EN,RAW,,2.4600,USD,3762,2026-06-05
CRD_EA5F6C24062E430A8964,SCRYDEX_JP,GRADED,10,,,68404,2026-06-29
CRD_EA5F6C24062E430A8964,SCRYDEX_JP,GRADED,9,,,22233,2026-06-29
CRD_EA5F6C24062E430A8964,SCRYDEX_JP,RAW,,1.6300,USD,2504,2026-06-29
CRD_EA6C638A5EAE4EE0996B,SCRYDEX_EN,RAW,,21.4800,USD,33004,2026-06-29
CRD_EA6C638A5EAE4EE0996B,SCRYDEX_JP,GRADED,10,,,80281,2026-06-29
CRD_EA6C638A5EAE4EE0996B,SCRYDEX_JP,GRADED,9,,,36046,2026-06-29
CRD_EA6C638A5EAE4EE0996B,SCRYDEX_JP,RAW,,15.3300,USD,23554,2026-06-29
CRD_EA7A6952A04B47458EA9,SCRYDEX_EN,RAW,,2.3100,USD,3533,2026-06-05
CRD_EA7A6952A04B47458EA9,SCRYDEX_JP,GRADED,10,,,43774,2026-06-29
CRD_EA7A6952A04B47458EA9,SCRYDEX_JP,GRADED,9,,,27564,2026-06-29
CRD_EA7A6952A04B47458EA9,SCRYDEX_JP,RAW,,0.6900,USD,1060,2026-06-29
CRD_EA7AEBBE89AB4A4A8E52,SCRYDEX_EN,RAW,,404.4500,USD,621429,2026-06-29
CRD_EA7AEBBE89AB4A4A8E52,SCRYDEX_JP,GRADED,10,,,922779,2026-06-29
CRD_EA7AEBBE89AB4A4A8E52,SCRYDEX_JP,GRADED,9,,,361426,2026-06-29
CRD_EA7AEBBE89AB4A4A8E52,SCRYDEX_JP,RAW,,314.9900,USD,483976,2026-06-29
CRD_EA7C2CE2735D4A7FB228,SCRYDEX_EN,RAW,,11.7600,USD,17985,2026-06-05
CRD_EA7C2CE2735D4A7FB228,SCRYDEX_JP,GRADED,10,,,79067,2026-06-29
CRD_EA7C2CE2735D4A7FB228,SCRYDEX_JP,GRADED,9,,,24061,2026-06-29
CRD_EA7C2CE2735D4A7FB228,SCRYDEX_JP,RAW,,4.4900,USD,6899,2026-06-29
CRD_EA905CA3CB62491A8008,SCRYDEX_EN,RAW,,13.2500,USD,20358,2026-06-29
CRD_EA905CA3CB62491A8008,SCRYDEX_JP,GRADED,10,,,48983,2026-06-29
CRD_EA905CA3CB62491A8008,SCRYDEX_JP,GRADED,9,,,7206,2026-06-29
CRD_EA905CA3CB62491A8008,SCRYDEX_JP,RAW,,10.0200,USD,15396,2026-06-29
CRD_EA938DF4CE38460F89C6,SCRYDEX_EN,RAW,,2.2000,USD,3365,2026-06-05
CRD_EA938DF4CE38460F89C6,SCRYDEX_JP,GRADED,10,,,60891,2026-06-29
CRD_EA938DF4CE38460F89C6,SCRYDEX_JP,GRADED,9,,,21511,2026-06-29
CRD_EA938DF4CE38460F89C6,SCRYDEX_JP,RAW,,1.7900,USD,2750,2026-06-29
CRD_EACBE2D928F948BD8911,SCRYDEX_EN,RAW,,7.4400,USD,11379,2026-06-05
CRD_EACBE2D928F948BD8911,SCRYDEX_JP,GRADED,10,,,55743,2026-06-29
CRD_EACBE2D928F948BD8911,SCRYDEX_JP,GRADED,9,,,12215,2026-06-29
CRD_EACBE2D928F948BD8911,SCRYDEX_JP,RAW,,2.4700,USD,3795,2026-06-29
CRD_EAE92820A9B54F4A9A09,SCRYDEX_EN,RAW,,57.0900,USD,87718,2026-06-29
CRD_EAE92820A9B54F4A9A09,SCRYDEX_JP,GRADED,10,,,152557,2026-06-29
CRD_EAE92820A9B54F4A9A09,SCRYDEX_JP,GRADED,9,,,40087,2026-06-29
CRD_EAE92820A9B54F4A9A09,SCRYDEX_JP,RAW,,13.8300,USD,21250,2026-06-29
CRD_EAEBF54128244B18A0E6,SCRYDEX_EN,RAW,,1.0800,USD,1652,2026-06-05
CRD_EAEBF54128244B18A0E6,SCRYDEX_JP,GRADED,10,,,33941,2026-06-29
CRD_EAEBF54128244B18A0E6,SCRYDEX_JP,RAW,,0.2900,USD,446,2026-06-29
CRD_EAEF2BC7191547CEAF83,SCRYDEX_EN,RAW,,31.5400,USD,48461,2026-06-29
CRD_EAEF2BC7191547CEAF83,SCRYDEX_JP,GRADED,10,,,98473,2026-06-29
CRD_EAEF2BC7191547CEAF83,SCRYDEX_JP,GRADED,9,,,18607,2026-06-29
CRD_EAEF2BC7191547CEAF83,SCRYDEX_JP,RAW,,8.9800,USD,13798,2026-06-29
CRD_EAF99B6AB43548FBB4A2,SCRYDEX_EN,RAW,,3.7200,USD,5689,2026-06-05
CRD_EAF99B6AB43548FBB4A2,SCRYDEX_JP,GRADED,10,,,116281,2026-06-29
CRD_EAF99B6AB43548FBB4A2,SCRYDEX_JP,RAW,,6.3100,USD,9695,2026-06-29
CRD_EB0B165D0A7148E4ABE6,SCRYDEX_EN,RAW,,5.2700,USD,8060,2026-06-05
CRD_EB0B165D0A7148E4ABE6,SCRYDEX_JP,GRADED,10,,,16871,2026-06-29
CRD_EB0B165D0A7148E4ABE6,SCRYDEX_JP,RAW,,3.2900,USD,5055,2026-06-29
CRD_EB1A8BB5303F41F8BA2A,SCRYDEX_EN,RAW,,1.0600,USD,1630,2026-06-23
CRD_EB1A8BB5303F41F8BA2A,SCRYDEX_JP,GRADED,10,,,79697,2026-06-29
CRD_EB1A8BB5303F41F8BA2A,SCRYDEX_JP,GRADED,9,,,30622,2026-06-29
CRD_EB1A8BB5303F41F8BA2A,SCRYDEX_JP,RAW,,0.5700,USD,876,2026-06-29
CRD_EB3221AC11114113A24A,SCRYDEX_EN,RAW,,2.9700,USD,4542,2026-06-05
CRD_EB3221AC11114113A24A,SCRYDEX_JP,GRADED,10,,,59708,2026-06-29
CRD_EB3221AC11114113A24A,SCRYDEX_JP,GRADED,9,,,1629,2026-06-29
CRD_EB3221AC11114113A24A,SCRYDEX_JP,RAW,,1.1800,USD,1813,2026-06-29
CRD_EB501A4CDBF645CBA027,SCRYDEX_EN,RAW,,21.0200,USD,32297,2026-06-29
CRD_EB501A4CDBF645CBA027,SCRYDEX_JP,GRADED,10,,,34724,2026-06-29
CRD_EB501A4CDBF645CBA027,SCRYDEX_JP,GRADED,9,,,19959,2026-06-29
CRD_EB501A4CDBF645CBA027,SCRYDEX_JP,RAW,,16.0000,USD,24584,2026-06-29
CRD_EB69DF756D1A4E6F94D1,SCRYDEX_EN,RAW,,1.6200,USD,2478,2026-06-05
CRD_EB69DF756D1A4E6F94D1,SCRYDEX_JP,GRADED,10,,,52148,2026-06-29
CRD_EB69DF756D1A4E6F94D1,SCRYDEX_JP,RAW,,1.2100,USD,1859,2026-06-29
CRD_EB7841DA056B401A80EC,SCRYDEX_EN,RAW,,41.1300,USD,63195,2026-06-29
CRD_EB7841DA056B401A80EC,SCRYDEX_JP,GRADED,10,,,100086,2026-06-29
CRD_EB7841DA056B401A80EC,SCRYDEX_JP,GRADED,9,,,15365,2026-06-29
CRD_EB7841DA056B401A80EC,SCRYDEX_JP,RAW,,15.2500,USD,23431,2026-06-29
CRD_EB793D839B1B4D889867,SCRYDEX_EN,RAW,,7.5800,USD,11647,2026-06-29
CRD_EB793D839B1B4D889867,SCRYDEX_JP,GRADED,10,,,195271,2026-06-29
CRD_EB793D839B1B4D889867,SCRYDEX_JP,RAW,,8.3200,USD,12784,2026-06-29
CRD_EB7BA018582548A78372,SCRYDEX_EN,RAW,,88.5700,USD,136086,2026-06-29
CRD_EB7BA018582548A78372,SCRYDEX_JP,GRADED,10,,,449497,2026-06-29
CRD_EB7BA018582548A78372,SCRYDEX_JP,GRADED,9,,,45618,2026-06-29
CRD_EB7BA018582548A78372,SCRYDEX_JP,RAW,,32.7400,USD,50304,2026-06-29
CRD_EB8762CB36174FA7BC0F,SCRYDEX_EN,RAW,,4.1000,USD,6270,2026-06-05
CRD_EB8762CB36174FA7BC0F,SCRYDEX_JP,GRADED,10,,,94647,2026-06-29
CRD_EB8762CB36174FA7BC0F,SCRYDEX_JP,RAW,,1.1500,USD,1767,2026-06-29
CRD_EB9C07F79DA046F0824B,SCRYDEX_EN,RAW,,20.7600,USD,31750,2026-06-05
CRD_EB9C07F79DA046F0824B,SCRYDEX_JP,GRADED,10,,,390266,2026-06-29
CRD_EB9C07F79DA046F0824B,SCRYDEX_JP,RAW,,380000.0000,KRW,380000,2026-06-29
CRD_EBB3E239BB7D4066A689,SCRYDEX_EN,RAW,,27.5600,USD,42345,2026-06-29
CRD_EBB3E239BB7D4066A689,SCRYDEX_JP,GRADED,10,,,56896,2026-06-29
CRD_EBB3E239BB7D4066A689,SCRYDEX_JP,GRADED,9,,,26643,2026-06-29
CRD_EBB3E239BB7D4066A689,SCRYDEX_JP,RAW,,6.9600,USD,10694,2026-06-29
CRD_EBB9B2B17E4B4CE2B894,SCRYDEX_EN,RAW,,17.5000,USD,26764,2026-06-05
CRD_EBB9B2B17E4B4CE2B894,SCRYDEX_JP,GRADED,10,,,196086,2026-06-29
CRD_EBB9B2B17E4B4CE2B894,SCRYDEX_JP,GRADED,9,,,31513,2026-06-29
CRD_EBB9B2B17E4B4CE2B894,SCRYDEX_JP,RAW,,16.3600,USD,25137,2026-06-29
CRD_EBCFDCA7F49A46F69C45,SCRYDEX_EN,RAW,,31.6800,USD,48676,2026-06-29
CRD_EBCFDCA7F49A46F69C45,SCRYDEX_JP,GRADED,10,,,105556,2026-06-29
CRD_EBCFDCA7F49A46F69C45,SCRYDEX_JP,GRADED,9,,,38642,2026-06-29
CRD_EBCFDCA7F49A46F69C45,SCRYDEX_JP,RAW,,14.2200,USD,21849,2026-06-29
CRD_EBD05116E1CE442AAF4E,SCRYDEX_EN,RAW,,23.6100,USD,36276,2026-06-29
CRD_EBD05116E1CE442AAF4E,SCRYDEX_JP,GRADED,10,,,96937,2026-06-29
CRD_EBD05116E1CE442AAF4E,SCRYDEX_JP,GRADED,9,,,32543,2026-06-29
CRD_EBD05116E1CE442AAF4E,SCRYDEX_JP,RAW,,30.5400,USD,46924,2026-06-29
CRD_EBD265D880914608AC93,SCRYDEX_EN,RAW,,3.3300,USD,5093,2026-06-05
CRD_EBD265D880914608AC93,SCRYDEX_JP,GRADED,10,,,48783,2026-06-29
CRD_EBD265D880914608AC93,SCRYDEX_JP,GRADED,9,,,23216,2026-06-29
CRD_EBD265D880914608AC93,SCRYDEX_JP,RAW,,1.3200,USD,2028,2026-06-29
CRD_EBD42C41C2234325941E,SCRYDEX_EN,RAW,,24.3900,USD,37475,2026-06-29
CRD_EBD42C41C2234325941E,SCRYDEX_JP,GRADED,10,,,103651,2026-06-29
CRD_EBD42C41C2234325941E,SCRYDEX_JP,GRADED,9,,,51749,2026-06-29
CRD_EBD42C41C2234325941E,SCRYDEX_JP,RAW,,24.3500,USD,37413,2026-06-29
CRD_EBE8945758B043ACB73E,SCRYDEX_EN,RAW,,1.6400,USD,2508,2026-06-05
CRD_EBE8945758B043ACB73E,SCRYDEX_JP,GRADED,10,,,23047,2026-06-29
CRD_EBE8945758B043ACB73E,SCRYDEX_JP,RAW,,1.0000,USD,1536,2026-06-29
CRD_EC2A05A657CA48619633,SCRYDEX_EN,RAW,,5.6900,USD,8702,2026-06-05
CRD_EC2A05A657CA48619633,SCRYDEX_JP,GRADED,10,,,121413,2026-06-29
CRD_EC2A05A657CA48619633,SCRYDEX_JP,GRADED,9,,,34509,2026-06-29
CRD_EC2A05A657CA48619633,SCRYDEX_JP,RAW,,4.9700,USD,7636,2026-06-29
CRD_EC2FC453D40440CBB25E,SCRYDEX_EN,RAW,,0.9500,USD,1453,2026-06-05
CRD_EC410684A6FD4E888271,SCRYDEX_EN,RAW,,65.0400,USD,99933,2026-06-29
CRD_EC410684A6FD4E888271,SCRYDEX_JP,GRADED,10,,,402435,2026-06-29
CRD_EC410684A6FD4E888271,SCRYDEX_JP,GRADED,9,,,116312,2026-06-29
CRD_EC410684A6FD4E888271,SCRYDEX_JP,RAW,,69.7300,USD,107139,2026-06-29
CRD_EC412671D4E6458C9C17,SCRYDEX_EN,RAW,,0.9000,USD,1376,2026-06-05
CRD_EC412671D4E6458C9C17,SCRYDEX_JP,GRADED,10,,,51672,2026-06-29
CRD_EC412671D4E6458C9C17,SCRYDEX_JP,GRADED,9,,,9219,2026-06-29
CRD_EC412671D4E6458C9C17,SCRYDEX_JP,RAW,,0.3700,USD,568,2026-06-29
CRD_EC4DDEF3D32C4E658D4C,SCRYDEX_EN,RAW,,116.3400,USD,178754,2026-06-29
CRD_EC4DDEF3D32C4E658D4C,SCRYDEX_JP,GRADED,10,,,591652,2026-06-29
CRD_EC4DDEF3D32C4E658D4C,SCRYDEX_JP,GRADED,9,,,169428,2026-06-29
CRD_EC4DDEF3D32C4E658D4C,SCRYDEX_JP,RAW,,94.5000,USD,145197,2026-06-29
CRD_EC62C637F8664F9692A4,SCRYDEX_EN,RAW,,11.6300,USD,17787,2026-06-05
CRD_EC62C637F8664F9692A4,SCRYDEX_JP,GRADED,10,,,83124,2026-06-29
CRD_EC62C637F8664F9692A4,SCRYDEX_JP,GRADED,9,,,29377,2026-06-29
CRD_EC62C637F8664F9692A4,SCRYDEX_JP,RAW,,1.9000,USD,2919,2026-06-29
CRD_EC86C750F0BF4F198ECA,SCRYDEX_EN,RAW,,0.7400,USD,1132,2026-06-05
CRD_EC86C750F0BF4F198ECA,SCRYDEX_JP,GRADED,10,,,50735,2026-06-29
CRD_EC86C750F0BF4F198ECA,SCRYDEX_JP,RAW,,0.3300,USD,507,2026-06-29
CRD_EC8BBD7D28E54F38BB67,SCRYDEX_EN,RAW,,34.2700,USD,52412,2026-06-05
CRD_EC8BBD7D28E54F38BB67,SCRYDEX_JP,GRADED,10,,,380279,2026-06-29
CRD_EC8BBD7D28E54F38BB67,SCRYDEX_JP,RAW,,60.0000,USD,92189,2026-06-29
CRD_ECCB9F6BE6FB45019BF9,SCRYDEX_EN,RAW,,7.9700,USD,12189,2026-06-05
CRD_ECCB9F6BE6FB45019BF9,SCRYDEX_JP,GRADED,10,,,54268,2026-06-29
CRD_ECCB9F6BE6FB45019BF9,SCRYDEX_JP,GRADED,9,,,26228,2026-06-29
CRD_ECCB9F6BE6FB45019BF9,SCRYDEX_JP,RAW,,2.6700,USD,4102,2026-06-29
CRD_ECCF09117F0E4F4BBCF1,SCRYDEX_EN,RAW,,57.7600,USD,88747,2026-06-29
CRD_ECCF09117F0E4F4BBCF1,SCRYDEX_JP,GRADED,10,,,123456,2026-06-29
CRD_ECCF09117F0E4F4BBCF1,SCRYDEX_JP,GRADED,9,,,42530,2026-06-29
CRD_ECCF09117F0E4F4BBCF1,SCRYDEX_JP,RAW,,41.3100,USD,63472,2026-06-29
CRD_ECE7FABDE832461FA694,SCRYDEX_EN,RAW,,181.6400,USD,277795,2026-06-05
CRD_ECE7FABDE832461FA694,SCRYDEX_JP,GRADED,10,,,1306976,2026-06-29
CRD_ECE7FABDE832461FA694,SCRYDEX_JP,RAW,,224.3000,USD,344632,2026-06-29
CRD_ECF4D706A0EC47988C66,SCRYDEX_EN,RAW,,15.6500,USD,24046,2026-06-29
CRD_ECF4D706A0EC47988C66,SCRYDEX_JP,GRADED,10,,,170457,2026-06-29
CRD_ECF4D706A0EC47988C66,SCRYDEX_JP,GRADED,9,,,167476,2026-06-29
CRD_ECF4D706A0EC47988C66,SCRYDEX_JP,RAW,,237500.0000,KRW,237500,2026-06-29
CRD_ECFFCF9519AB47AC8F10,SCRYDEX_EN,RAW,,7.9400,USD,12143,2026-06-05
CRD_ECFFCF9519AB47AC8F10,SCRYDEX_JP,GRADED,10,,,61428,2026-06-29
CRD_ECFFCF9519AB47AC8F10,SCRYDEX_JP,GRADED,9,,,37306,2026-06-29
CRD_ECFFCF9519AB47AC8F10,SCRYDEX_JP,RAW,,10.7000,USD,16440,2026-06-29
CRD_ED0874E360244839B36D,SCRYDEX_EN,RAW,,66.0000,USD,100938,2026-06-05
CRD_ED0874E360244839B36D,SCRYDEX_JP,GRADED,9,,,284233,2026-06-29
CRD_ED0874E360244839B36D,SCRYDEX_JP,RAW,,14250.0000,KRW,14250,2026-06-29
CRD_ED421019893142159D1C,SCRYDEX_EN,RAW,,13.0000,USD,19882,2026-06-05
CRD_ED8BDC8A7A604D6886A4,SCRYDEX_EN,RAW,,21.5300,USD,33080,2026-06-29
CRD_ED8BDC8A7A604D6886A4,SCRYDEX_JP,GRADED,10,,,62258,2026-06-29
CRD_ED8BDC8A7A604D6886A4,SCRYDEX_JP,GRADED,9,,,21864,2026-06-29
CRD_ED8BDC8A7A604D6886A4,SCRYDEX_JP,RAW,,4.8600,USD,7467,2026-06-29
CRD_ED93EAA08A3044DEADE1,SCRYDEX_EN,RAW,,12.1300,USD,18747,2026-06-07
CRD_ED93EAA08A3044DEADE1,SCRYDEX_JP,GRADED,10,,,83923,2026-06-29
CRD_ED93EAA08A3044DEADE1,SCRYDEX_JP,RAW,,12.1800,USD,18714,2026-06-29
CRD_EDAD36BCA792F37E033D,SCRYDEX_EN,RAW,,30.3600,USD,46648,2026-06-29
CRD_EDAD36BCA792F37E033D,SCRYDEX_JP,GRADED,10,,,84107,2026-06-29
CRD_EDAD36BCA792F37E033D,SCRYDEX_JP,GRADED,9,,,33803,2026-06-29
CRD_EDAD36BCA792F37E033D,SCRYDEX_JP,RAW,,20.0600,USD,30822,2026-06-29
CRD_EDB2D7BB9EB141A49767,SCRYDEX_EN,RAW,,10.5800,USD,16256,2026-06-29
CRD_EDB2D7BB9EB141A49767,SCRYDEX_JP,RAW,,9.2500,USD,14212,2026-06-29
CRD_EDD80B822E564D249409,SCRYDEX_EN,RAW,,13.6900,USD,20937,2026-06-05
CRD_EDD80B822E564D249409,SCRYDEX_JP,GRADED,10,,,130601,2026-06-29
CRD_EDD80B822E564D249409,SCRYDEX_JP,RAW,,27.5000,USD,42253,2026-06-29
CRD_EDEB10E56C1B4F3F8691,SCRYDEX_EN,RAW,,30.2000,USD,46402,2026-06-29
CRD_EDEB10E56C1B4F3F8691,SCRYDEX_JP,GRADED,10,,,59508,2026-06-29
CRD_EDEB10E56C1B4F3F8691,SCRYDEX_JP,GRADED,9,,,23815,2026-06-29
CRD_EDEB10E56C1B4F3F8691,SCRYDEX_JP,RAW,,8.3200,USD,12784,2026-06-29
CRD_EE02CE3BA278460EBEA5,SCRYDEX_EN,RAW,,10.6600,USD,16379,2026-06-29
CRD_EE02CE3BA278460EBEA5,SCRYDEX_JP,GRADED,10,,,90499,2026-06-29
CRD_EE02CE3BA278460EBEA5,SCRYDEX_JP,GRADED,9,,,30637,2026-06-29
CRD_EE02CE3BA278460EBEA5,SCRYDEX_JP,RAW,,6.6500,USD,10218,2026-06-29
CRD_EE0DF97B0C5B4FDC88C7,SCRYDEX_EN,RAW,,1.3900,USD,2126,2026-06-05
CRD_EE1FFF9039E742F39F0C,SCRYDEX_EN,RAW,,13.5500,USD,20819,2026-06-29
CRD_EE1FFF9039E742F39F0C,SCRYDEX_JP,GRADED,10,,,361088,2026-06-29
CRD_EE1FFF9039E742F39F0C,SCRYDEX_JP,RAW,,99.9500,USD,153571,2026-06-29
CRD_EE2DE0499447479491AB,SCRYDEX_EN,RAW,,4.6800,USD,7157,2026-06-05
CRD_EE2DE0499447479491AB,SCRYDEX_JP,RAW,,8.8900,USD,13659,2026-06-29
CRD_EE2EA1C36FA84838903C,SCRYDEX_EN,RAW,,5.2800,USD,8075,2026-06-05
CRD_EE2EA1C36FA84838903C,SCRYDEX_JP,GRADED,10,,,126529,2026-06-29
CRD_EE2EA1C36FA84838903C,SCRYDEX_JP,GRADED,9,,,31897,2026-06-29
CRD_EE2EA1C36FA84838903C,SCRYDEX_JP,RAW,,4.6100,USD,7083,2026-06-29
CRD_EE3B2C43337E4C148163,SCRYDEX_EN,RAW,,0.8700,USD,1331,2026-06-05
CRD_EE3B2C43337E4C148163,SCRYDEX_JP,GRADED,10,,,33096,2026-06-29
CRD_EE3B2C43337E4C148163,SCRYDEX_JP,GRADED,9,,,12338,2026-06-29
CRD_EE3B2C43337E4C148163,SCRYDEX_JP,RAW,,1.2500,USD,1921,2026-06-29
CRD_EE3C7F73629F436FA9B6,SCRYDEX_EN,RAW,,4.4000,USD,6729,2026-06-05
CRD_EE3C7F73629F436FA9B6,SCRYDEX_JP,GRADED,10,,,76778,2026-06-29
CRD_EE3C7F73629F436FA9B6,SCRYDEX_JP,GRADED,9,,,28824,2026-06-29
CRD_EE3C7F73629F436FA9B6,SCRYDEX_JP,RAW,,15.6100,USD,23984,2026-06-29
CRD_EE75B6D586D64FF6980F,SCRYDEX_EN,RAW,,11.2200,USD,17239,2026-06-29
CRD_EE75B6D586D64FF6980F,SCRYDEX_JP,GRADED,10,,,44189,2026-06-29
CRD_EE75B6D586D64FF6980F,SCRYDEX_JP,GRADED,9,,,16763,2026-06-29
CRD_EE75B6D586D64FF6980F,SCRYDEX_JP,RAW,,4.4700,USD,6868,2026-06-29
CRD_EE9DBDB6BFC24FC08B14,SCRYDEX_EN,RAW,,2.8400,USD,4343,2026-06-05
CRD_EE9DBDB6BFC24FC08B14,SCRYDEX_JP,GRADED,10,,,44205,2026-06-29
CRD_EE9DBDB6BFC24FC08B14,SCRYDEX_JP,GRADED,9,,,19990,2026-06-29
CRD_EE9DBDB6BFC24FC08B14,SCRYDEX_JP,RAW,,1.7100,USD,2627,2026-06-29
CRD_EEB4000CF829493595C7,SCRYDEX_EN,RAW,,13.4500,USD,20666,2026-06-29
CRD_EEB4000CF829493595C7,SCRYDEX_JP,GRADED,10,,,68527,2026-06-29
CRD_EEB4000CF829493595C7,SCRYDEX_JP,GRADED,9,,,25198,2026-06-29
CRD_EEB4000CF829493595C7,SCRYDEX_JP,RAW,,6.8400,USD,10510,2026-06-29
CRD_EEC58A640DC4464EAF59,SCRYDEX_EN,RAW,,0.7100,USD,1086,2026-06-05
CRD_EEC58A640DC4464EAF59,SCRYDEX_JP,GRADED,10,,,39948,2026-06-29
CRD_EEC58A640DC4464EAF59,SCRYDEX_JP,RAW,,0.2600,USD,399,2026-06-29
CRD_EECF74BA4EA14E1AAA42,SCRYDEX_EN,RAW,,0.9900,USD,1514,2026-06-05
CRD_EECF74BA4EA14E1AAA42,SCRYDEX_JP,GRADED,10,,,24584,2026-06-29
CRD_EECF74BA4EA14E1AAA42,SCRYDEX_JP,RAW,,1.7200,USD,2643,2026-06-29
CRD_EED352CAE96C4D95B2C9,SCRYDEX_EN,RAW,,57.3500,USD,88117,2026-06-29
CRD_EED352CAE96C4D95B2C9,SCRYDEX_JP,GRADED,10,,,356586,2026-06-29
CRD_EED352CAE96C4D95B2C9,SCRYDEX_JP,GRADED,9,,,48123,2026-06-29
CRD_EED352CAE96C4D95B2C9,SCRYDEX_JP,RAW,,45.0000,USD,69142,2026-06-29
CRD_EED41E4D3D804537A93A,SCRYDEX_EN,RAW,,1.3500,USD,2065,2026-06-05
CRD_EED41E4D3D804537A93A,SCRYDEX_JP,GRADED,10,,,43805,2026-06-29
CRD_EED41E4D3D804537A93A,SCRYDEX_JP,GRADED,9,,,43774,2026-06-29
CRD_EED41E4D3D804537A93A,SCRYDEX_JP,RAW,,0.4400,USD,676,2026-06-29
CRD_EEDFC6D249174138A328,SCRYDEX_EN,RAW,,1.5700,USD,2401,2026-06-05
CRD_EEDFC6D249174138A328,SCRYDEX_JP,GRADED,10,,,13828,2026-06-29
CRD_EEDFC6D249174138A328,SCRYDEX_JP,GRADED,9,,,14043,2026-06-29
CRD_EEDFC6D249174138A328,SCRYDEX_JP,RAW,,1.8200,USD,2796,2026-06-29
CRD_EEFAD8CB8F514886AAEF,SCRYDEX_EN,RAW,,16.0100,USD,24418,2026-06-12
CRD_EEFAD8CB8F514886AAEF,SCRYDEX_JP,GRADED,10,,,119661,2026-06-29
CRD_EEFAD8CB8F514886AAEF,SCRYDEX_JP,GRADED,9,,,34786,2026-06-29
CRD_EEFAD8CB8F514886AAEF,SCRYDEX_JP,RAW,,9.6000,USD,14750,2026-06-29
CRD_EF1580E2B034449EBA2F,SCRYDEX_EN,RAW,,105.8700,USD,162667,2026-06-29
CRD_EF1580E2B034449EBA2F,SCRYDEX_JP,GRADED,10,,,195532,2026-06-29
CRD_EF1580E2B034449EBA2F,SCRYDEX_JP,GRADED,9,,,68635,2026-06-29
CRD_EF1580E2B034449EBA2F,SCRYDEX_JP,RAW,,43.3800,USD,66653,2026-06-29
CRD_EF2B6A9927BF426B8D82,SCRYDEX_EN,RAW,,12.1500,USD,18582,2026-06-05
CRD_EF3512D636064758A7B4,SCRYDEX_JP,GRADED,10,,,79175,2026-06-28
CRD_EF3512D636064758A7B4,SCRYDEX_JP,RAW,,1.6100,USD,2474,2026-06-28
CRD_EF5C5CC933FE4D72BAF1,SCRYDEX_EN,RAW,,5.9300,USD,9069,2026-06-05
CRD_EF5C5CC933FE4D72BAF1,SCRYDEX_JP,GRADED,10,,,51733,2026-06-29
CRD_EF5C5CC933FE4D72BAF1,SCRYDEX_JP,GRADED,9,,,21833,2026-06-29
CRD_EF5C5CC933FE4D72BAF1,SCRYDEX_JP,RAW,,2.5500,USD,3918,2026-06-29
CRD_EF66D2E6D89F4EC5BE58,SCRYDEX_EN,RAW,,1.5300,USD,2340,2026-06-05
CRD_EF66D2E6D89F4EC5BE58,SCRYDEX_JP,GRADED,10,,,34018,2026-06-29
CRD_EF66D2E6D89F4EC5BE58,SCRYDEX_JP,RAW,,1.3900,USD,2136,2026-06-29
CRD_EF8B22836E854405A0EE,SCRYDEX_EN,RAW,,0.6900,USD,1055,2026-06-05
CRD_EF8B22836E854405A0EE,SCRYDEX_JP,GRADED,10,,,30453,2026-06-29
CRD_EF8B22836E854405A0EE,SCRYDEX_JP,GRADED,9,,,22279,2026-06-29
CRD_EF8B22836E854405A0EE,SCRYDEX_JP,RAW,,0.3500,USD,538,2026-06-29
CRD_EF91E183AFB348229113,SCRYDEX_EN,RAW,,3.9300,USD,6010,2026-06-05
CRD_EF91E183AFB348229113,SCRYDEX_JP,GRADED,10,,,62120,2026-06-29
CRD_EF91E183AFB348229113,SCRYDEX_JP,GRADED,9,,,27964,2026-06-29
CRD_EF91E183AFB348229113,SCRYDEX_JP,RAW,,6.9500,USD,10679,2026-06-29
CRD_EF941452F94747E4BB8D,SCRYDEX_EN,RAW,,8.5300,USD,13046,2026-06-05
CRD_EF941452F94747E4BB8D,SCRYDEX_JP,GRADED,10,,,595140,2026-06-29
CRD_EF941452F94747E4BB8D,SCRYDEX_JP,GRADED,9,,,45756,2026-06-29
CRD_EF941452F94747E4BB8D,SCRYDEX_JP,RAW,,10.3000,USD,15826,2026-06-29
CRD_EFA2913DDB894495B285,SCRYDEX_EN,RAW,,4.5900,USD,7020,2026-06-05
CRD_EFA2913DDB894495B285,SCRYDEX_JP,GRADED,10,,,59523,2026-06-29
CRD_EFA2913DDB894495B285,SCRYDEX_JP,GRADED,9,,,21634,2026-06-29
CRD_EFA2913DDB894495B285,SCRYDEX_JP,RAW,,2.0200,USD,3104,2026-06-29
CRD_EFA94CD056AD49A7805F,SCRYDEX_EN,RAW,,1.8500,USD,2829,2026-06-05
CRD_EFA94CD056AD49A7805F,SCRYDEX_JP,GRADED,10,,,32374,2026-06-29
CRD_EFA94CD056AD49A7805F,SCRYDEX_JP,RAW,,1.5200,USD,2335,2026-06-29
CRD_EFAFD20CB50748A8B046,SCRYDEX_EN,RAW,,10.9700,USD,16855,2026-06-29
CRD_EFAFD20CB50748A8B046,SCRYDEX_JP,GRADED,10,,,62550,2026-06-29
CRD_EFAFD20CB50748A8B046,SCRYDEX_JP,GRADED,9,,,29408,2026-06-29
CRD_EFAFD20CB50748A8B046,SCRYDEX_JP,RAW,,3.4800,USD,5347,2026-06-29
CRD_EFB6E86E4BF24527AD76,SCRYDEX_EN,RAW,,0.9000,USD,1376,2026-06-05
CRD_EFB6E86E4BF24527AD76,SCRYDEX_JP,RAW,,1.7900,USD,2750,2026-06-29
CRD_EFC2C3BACC80463C9CF8,SCRYDEX_EN,RAW,,22.3100,USD,34279,2026-06-29
CRD_EFC2C3BACC80463C9CF8,SCRYDEX_JP,GRADED,10,,,56927,2026-06-29
CRD_EFC2C3BACC80463C9CF8,SCRYDEX_JP,GRADED,9,,,26335,2026-06-29
CRD_EFC2C3BACC80463C9CF8,SCRYDEX_JP,RAW,,8.7100,USD,13383,2026-06-29
CRD_EFCB23BB10864CE3BB7F,SCRYDEX_EN,RAW,,216.4600,USD,332586,2026-06-29
CRD_EFCB23BB10864CE3BB7F,SCRYDEX_JP,GRADED,10,,,399592,2026-06-29
CRD_EFCB23BB10864CE3BB7F,SCRYDEX_JP,GRADED,9,,,241550,2026-06-29
CRD_EFCB23BB10864CE3BB7F,SCRYDEX_JP,RAW,,146.3700,USD,224895,2026-06-29
CRD_EFEE7C6C9BA44AF98AF2,SCRYDEX_EN,RAW,,4.9200,USD,7525,2026-06-05
CRD_EFEE7C6C9BA44AF98AF2,SCRYDEX_JP,GRADED,10,,,138406,2026-06-29
CRD_EFEE7C6C9BA44AF98AF2,SCRYDEX_JP,GRADED,9,,,37874,2026-06-29
CRD_EFEE7C6C9BA44AF98AF2,SCRYDEX_JP,RAW,,11.2100,USD,17224,2026-06-29
CRD_EFFAAF3652A343819720,SCRYDEX_JP,GRADED,10,,,1088934,2026-06-29
CRD_EFFAAF3652A343819720,SCRYDEX_JP,GRADED,9,,,545143,2026-06-29
CRD_EFFAAF3652A343819720,SCRYDEX_JP,RAW,,391.8000,USD,601993,2026-06-29
CRD_F02E1EB24B864CCCB328,SCRYDEX_EN,RAW,,3.4300,USD,5270,2026-06-29
CRD_F02E1EB24B864CCCB328,SCRYDEX_JP,GRADED,10,,,42560,2026-06-29
CRD_F02E1EB24B864CCCB328,SCRYDEX_JP,GRADED,9,,,31252,2026-06-29
CRD_F02E1EB24B864CCCB328,SCRYDEX_JP,RAW,,1.3100,USD,2013,2026-06-29
CRD_F02EC95B2E1B448A8272,SCRYDEX_EN,RAW,,75.2500,USD,115620,2026-06-29
CRD_F02EC95B2E1B448A8272,SCRYDEX_JP,GRADED,10,,,165940,2026-06-29
CRD_F02EC95B2E1B448A8272,SCRYDEX_JP,GRADED,9,,,84430,2026-06-29
CRD_F02EC95B2E1B448A8272,SCRYDEX_JP,RAW,,21.3900,USD,32865,2026-06-29
CRD_F03763FBF2254275956B,SCRYDEX_EN,RAW,,14.9800,USD,22910,2026-06-05
CRD_F03763FBF2254275956B,SCRYDEX_JP,GRADED,10,,,181305,2026-06-29
CRD_F03763FBF2254275956B,SCRYDEX_JP,RAW,,4.1600,USD,6392,2026-06-29
CRD_F0387563D342474298CC,SCRYDEX_EN,RAW,,303.2700,USD,465968,2026-06-29
CRD_F0387563D342474298CC,SCRYDEX_JP,GRADED,10,,,211051,2026-06-29
CRD_F0387563D342474298CC,SCRYDEX_JP,GRADED,9,,,104081,2026-06-29
CRD_F0387563D342474298CC,SCRYDEX_JP,RAW,,80.9600,USD,124393,2026-06-29
CRD_F04EAB8226244033828C,SCRYDEX_EN,RAW,,0.6300,USD,964,2026-06-05
CRD_F04EAB8226244033828C,SCRYDEX_JP,GRADED,10,,,21480,2026-06-29
CRD_F04EAB8226244033828C,SCRYDEX_JP,RAW,,0.3100,USD,476,2026-06-29
CRD_F059826D9F804C1B83A1,SCRYDEX_EN,RAW,,3.1400,USD,4802,2026-06-05
CRD_F059826D9F804C1B83A1,SCRYDEX_JP,GRADED,10,,,80665,2026-06-29
CRD_F059826D9F804C1B83A1,SCRYDEX_JP,GRADED,9,,,30730,2026-06-29
CRD_F059826D9F804C1B83A1,SCRYDEX_JP,RAW,,3.4000,USD,5224,2026-06-29
CRD_F059AEB6384A40B69CA8,SCRYDEX_EN,RAW,,9.8200,USD,15155,2026-06-25
CRD_F059AEB6384A40B69CA8,SCRYDEX_JP,GRADED,10,,,51288,2026-06-29
CRD_F059AEB6384A40B69CA8,SCRYDEX_JP,GRADED,9,,,21634,2026-06-29
CRD_F059AEB6384A40B69CA8,SCRYDEX_JP,RAW,,2.6000,USD,3995,2026-06-29
CRD_F095D8262EE24A9E89F5,SCRYDEX_EN,RAW,,5.8000,USD,8870,2026-06-05
CRD_F095D8262EE24A9E89F5,SCRYDEX_JP,GRADED,10,,,133105,2026-06-29
CRD_F095D8262EE24A9E89F5,SCRYDEX_JP,RAW,,4.2400,USD,6515,2026-06-29
CRD_F0E60A047F1142A5AF30,SCRYDEX_EN,RAW,,56.6800,USD,87088,2026-06-29
CRD_F0E60A047F1142A5AF30,SCRYDEX_JP,GRADED,10,,,208101,2026-06-29
CRD_F0E60A047F1142A5AF30,SCRYDEX_JP,RAW,,40.9200,USD,62873,2026-06-29
CRD_F10CF3C1C5A4B70534D1,SCRYDEX_JP,GRADED,10,,,845064,2026-06-29
CRD_F10CF3C1C5A4B70534D1,SCRYDEX_JP,RAW,,54.3300,USD,83477,2026-06-29
CRD_F14BD93ACD694043B8B1,SCRYDEX_EN,RAW,,99.7900,USD,153325,2026-06-29
CRD_F14BD93ACD694043B8B1,SCRYDEX_JP,GRADED,10,,,190109,2026-06-28
CRD_F14BD93ACD694043B8B1,SCRYDEX_JP,GRADED,9,,,76440,2026-06-28
CRD_F14BD93ACD694043B8B1,SCRYDEX_JP,RAW,,38.4900,USD,59139,2026-06-28
CRD_F158AE0760914258A50D,SCRYDEX_EN,RAW,,6.6900,USD,10231,2026-06-05
CRD_F158AE0760914258A50D,SCRYDEX_JP,GRADED,10,,,56850,2026-06-29
CRD_F158AE0760914258A50D,SCRYDEX_JP,RAW,,6.4200,USD,9864,2026-06-29
CRD_F169403CBFD9431CAB8D,SCRYDEX_EN,RAW,,1.8300,USD,2799,2026-06-05
CRD_F169403CBFD9431CAB8D,SCRYDEX_JP,GRADED,10,,,39472,2026-06-29
CRD_F169403CBFD9431CAB8D,SCRYDEX_JP,RAW,,1.0300,USD,1583,2026-06-29
CRD_F16DED4EF2094676A83D,SCRYDEX_EN,RAW,,11.4900,USD,17572,2026-06-05
CRD_F16DED4EF2094676A83D,SCRYDEX_JP,GRADED,10,,,105710,2026-06-29
CRD_F16DED4EF2094676A83D,SCRYDEX_JP,GRADED,9,,,22678,2026-06-29
CRD_F16DED4EF2094676A83D,SCRYDEX_JP,RAW,,17.6900,USD,27180,2026-06-29
CRD_F170955B3BE1433FA4C2,SCRYDEX_EN,RAW,,10.7000,USD,16364,2026-06-05
CRD_F170955B3BE1433FA4C2,SCRYDEX_JP,GRADED,10,,,102883,2026-06-29
CRD_F170955B3BE1433FA4C2,SCRYDEX_JP,GRADED,9,,,33849,2026-06-29
CRD_F170955B3BE1433FA4C2,SCRYDEX_JP,RAW,,16.7600,USD,25751,2026-06-29
CRD_F1794D3676DD476EBCCE,SCRYDEX_EN,RAW,,2.6300,USD,4022,2026-06-05
CRD_F17E3DA3317A4B978E20,SCRYDEX_EN,RAW,,8.6200,USD,13183,2026-06-05
CRD_F17E3DA3317A4B978E20,SCRYDEX_JP,GRADED,9,,,29193,2026-06-29
CRD_F17E3DA3317A4B978E20,SCRYDEX_JP,RAW,,6.1700,USD,9480,2026-06-29
CRD_F193258A02084B2CA026,SCRYDEX_EN,RAW,,0.9000,USD,1376,2026-06-05
CRD_F1A3157631DF446BA533,SCRYDEX_EN,RAW,,0.8700,USD,1331,2026-06-05
CRD_F1A3157631DF446BA533,SCRYDEX_JP,GRADED,10,,,34648,2026-06-29
CRD_F1A3157631DF446BA533,SCRYDEX_JP,RAW,,0.4100,USD,630,2026-06-29
CRD_F1A4D587B8EB4C4FB97A,SCRYDEX_EN,RAW,,2.8100,USD,4298,2026-06-05
CRD_F1A4D587B8EB4C4FB97A,SCRYDEX_JP,GRADED,10,,,76809,2026-06-29
CRD_F1A4D587B8EB4C4FB97A,SCRYDEX_JP,RAW,,2.4700,USD,3795,2026-06-29
CRD_F1C11C21E33A42B397C1,SCRYDEX_EN,RAW,,10.7700,USD,16560,2026-06-23
CRD_F1C11C21E33A42B397C1,SCRYDEX_JP,GRADED,10,,,303347,2026-06-29
CRD_F1C11C21E33A42B397C1,SCRYDEX_JP,GRADED,9,,,29608,2026-06-29
CRD_F1C11C21E33A42B397C1,SCRYDEX_JP,RAW,,4.9100,USD,7544,2026-06-29
CRD_F1CB7ED5CD064F76B004,SCRYDEX_EN,RAW,,60.6300,USD,92726,2026-06-05
CRD_F1CB7ED5CD064F76B004,SCRYDEX_JP,GRADED,10,,,493087,2026-06-29
CRD_F1CB7ED5CD064F76B004,SCRYDEX_JP,RAW,,140.0000,USD,215107,2026-06-29
CRD_F1D5FDA4D4C44B6A84C6,SCRYDEX_EN,RAW,,36.2600,USD,55713,2026-06-29
CRD_F1D5FDA4D4C44B6A84C6,SCRYDEX_JP,GRADED,10,,,136424,2026-06-29
CRD_F1D5FDA4D4C44B6A84C6,SCRYDEX_JP,GRADED,9,,,45925,2026-06-29
CRD_F1D5FDA4D4C44B6A84C6,SCRYDEX_JP,RAW,,29.0600,USD,44650,2026-06-29
CRD_F1E137530AAC4509ACBD,SCRYDEX_EN,RAW,,2.6000,USD,3976,2026-06-05
CRD_F1F1BB3E1E7544FD801E,SCRYDEX_EN,RAW,,11.3400,USD,17343,2026-06-05
CRD_F1F1BB3E1E7544FD801E,SCRYDEX_JP,GRADED,10,,,52655,2026-06-29
CRD_F1F1BB3E1E7544FD801E,SCRYDEX_JP,GRADED,9,,,27841,2026-06-29
CRD_F1F1BB3E1E7544FD801E,SCRYDEX_JP,RAW,,10.8400,USD,16655,2026-06-29
CRD_F1FD80B31AEA4EBCB6A4,SCRYDEX_EN,RAW,,33.4300,USD,51365,2026-06-29
CRD_F1FD80B31AEA4EBCB6A4,SCRYDEX_JP,GRADED,10,,,178201,2026-06-29
CRD_F1FD80B31AEA4EBCB6A4,SCRYDEX_JP,GRADED,9,,,36292,2026-06-29
CRD_F1FD80B31AEA4EBCB6A4,SCRYDEX_JP,RAW,,24.3800,USD,37459,2026-06-29
CRD_F209CF50AD384B7A907F,SCRYDEX_EN,RAW,,7.4400,USD,11379,2026-06-05
CRD_F209CF50AD384B7A907F,SCRYDEX_JP,GRADED,10,,,58079,2026-06-29
CRD_F209CF50AD384B7A907F,SCRYDEX_JP,GRADED,9,,,22110,2026-06-29
CRD_F209CF50AD384B7A907F,SCRYDEX_JP,RAW,,1.7400,USD,2673,2026-06-29
CRD_F21447D57D74494F983B,SCRYDEX_EN,RAW,,1.3500,USD,2065,2026-06-05
CRD_F21447D57D74494F983B,SCRYDEX_JP,RAW,,5.9900,USD,9210,2026-06-24
CRD_F219617CBAE84E76BDFA,SCRYDEX_EN,RAW,,1.8800,USD,2875,2026-06-05
CRD_F219617CBAE84E76BDFA,SCRYDEX_JP,GRADED,10,,,43728,2026-06-29
CRD_F219617CBAE84E76BDFA,SCRYDEX_JP,GRADED,9,,,15349,2026-06-29
CRD_F219617CBAE84E76BDFA,SCRYDEX_JP,RAW,,1.7400,USD,2673,2026-06-29
CRD_F21F17A22F0747FB9F82,SCRYDEX_EN,RAW,,9.2400,USD,14197,2026-06-29
CRD_F21F17A22F0747FB9F82,SCRYDEX_JP,GRADED,10,,,80450,2026-06-29
CRD_F21F17A22F0747FB9F82,SCRYDEX_JP,RAW,,7.2100,USD,11078,2026-06-29
CRD_F2298D4559AB4FFC8AFF,SCRYDEX_EN,RAW,,0.9500,USD,1453,2026-06-05
CRD_F2298D4559AB4FFC8AFF,SCRYDEX_JP,GRADED,10,,,162037,2026-06-29
CRD_F2298D4559AB4FFC8AFF,SCRYDEX_JP,GRADED,9,,,76440,2026-06-29
CRD_F2298D4559AB4FFC8AFF,SCRYDEX_JP,RAW,,5.0000,USD,7682,2026-06-29
CRD_F231F0C3861143839BF7,SCRYDEX_EN,RAW,,22.9800,USD,35308,2026-06-29
CRD_F231F0C3861143839BF7,SCRYDEX_JP,GRADED,10,,,99502,2026-06-29
CRD_F231F0C3861143839BF7,SCRYDEX_JP,GRADED,9,,,26489,2026-06-29
CRD_F231F0C3861143839BF7,SCRYDEX_JP,RAW,,13.7900,USD,21188,2026-06-29
CRD_F234F2F2993F4EFEB26E,SCRYDEX_JP,GRADED,10,,,67064,2026-05-14
CRD_F234F2F2993F4EFEB26E,SCRYDEX_JP,GRADED,9,,,27022,2026-05-14
CRD_F234F2F2993F4EFEB26E,SCRYDEX_JP,RAW,,0.1500,USD,223,2026-05-14
CRD_F24BA2D7FF26428BA245,SCRYDEX_EN,RAW,,99.9900,USD,152922,2026-06-05
CRD_F24BA2D7FF26428BA245,SCRYDEX_JP,GRADED,10,,,414696,2026-06-29
CRD_F24BA2D7FF26428BA245,SCRYDEX_JP,GRADED,9,,,88394,2026-06-29
CRD_F24BA2D7FF26428BA245,SCRYDEX_JP,RAW,,85500.0000,KRW,85500,2026-06-29
CRD_F24F4B7A40724DC2856C,SCRYDEX_EN,RAW,,2.6000,USD,3994,2026-06-27
CRD_F24F4B7A40724DC2856C,SCRYDEX_JP,GRADED,10,,,15365,2026-06-29
CRD_F24F4B7A40724DC2856C,SCRYDEX_JP,RAW,,1.8300,USD,2812,2026-06-29
CRD_F2649876E477438F80E1,SCRYDEX_EN,RAW,,38.2900,USD,58832,2026-06-29
CRD_F2649876E477438F80E1,SCRYDEX_JP,GRADED,10,,,160654,2026-06-29
CRD_F2649876E477438F80E1,SCRYDEX_JP,GRADED,9,,,66852,2026-06-29
CRD_F2649876E477438F80E1,SCRYDEX_JP,RAW,,28.1700,USD,43283,2026-06-29
CRD_F2744B20C8FD43B5BCDD,SCRYDEX_EN,RAW,,7.2400,USD,11173,2026-06-25
CRD_F2744B20C8FD43B5BCDD,SCRYDEX_JP,GRADED,10,,,62996,2026-06-29
CRD_F2744B20C8FD43B5BCDD,SCRYDEX_JP,RAW,,10.0000,USD,15365,2026-06-29
CRD_F2780FF8888D4EC99BCC,SCRYDEX_EN,RAW,,5.0500,USD,7723,2026-06-05
CRD_F2780FF8888D4EC99BCC,SCRYDEX_JP,GRADED,10,,,45802,2026-06-29
CRD_F2780FF8888D4EC99BCC,SCRYDEX_JP,GRADED,9,,,25690,2026-06-29
CRD_F2780FF8888D4EC99BCC,SCRYDEX_JP,RAW,,3.2900,USD,5055,2026-06-29
CRD_F27C7CA2257D49FAA563,SCRYDEX_EN,RAW,,1.3800,USD,2111,2026-06-05
CRD_F27C7CA2257D49FAA563,SCRYDEX_JP,GRADED,10,,,57126,2026-06-29
CRD_F27C7CA2257D49FAA563,SCRYDEX_JP,RAW,,1.3700,USD,2105,2026-06-29
CRD_F28F173457F54FE4BE06,SCRYDEX_EN,RAW,,12.2100,USD,18694,2026-06-22
CRD_F28F173457F54FE4BE06,SCRYDEX_JP,GRADED,10,,,81326,2026-06-29
CRD_F28F173457F54FE4BE06,SCRYDEX_JP,GRADED,9,,,19897,2026-06-29
CRD_F28F173457F54FE4BE06,SCRYDEX_JP,RAW,,4.7800,USD,7344,2026-06-29
CRD_F2A7696A982E40248FC6,SCRYDEX_EN,RAW,,9.0700,USD,13871,2026-06-05
CRD_F2A7696A982E40248FC6,SCRYDEX_JP,GRADED,10,,,56896,2026-06-29
CRD_F2A7696A982E40248FC6,SCRYDEX_JP,RAW,,25.1300,USD,38612,2026-06-29
CRD_F2AAF0DDA03144BEA3E0,SCRYDEX_EN,RAW,,0.7900,USD,1208,2026-06-05
CRD_F2AAF0DDA03144BEA3E0,SCRYDEX_JP,GRADED,10,,,30407,2026-06-29
CRD_F2AAF0DDA03144BEA3E0,SCRYDEX_JP,GRADED,9,,,13813,2026-06-29
CRD_F2AAF0DDA03144BEA3E0,SCRYDEX_JP,RAW,,0.3100,USD,476,2026-06-29
CRD_F2B2E546E51145C0BB3F,SCRYDEX_EN,RAW,,2.9100,USD,4450,2026-06-05
CRD_F2B549C5105449D9BAD4,SCRYDEX_EN,RAW,,30.1500,USD,46325,2026-06-29
CRD_F2B549C5105449D9BAD4,SCRYDEX_JP,GRADED,10,,,94417,2026-06-29
CRD_F2B549C5105449D9BAD4,SCRYDEX_JP,GRADED,9,,,27687,2026-06-29
CRD_F2B549C5105449D9BAD4,SCRYDEX_JP,RAW,,13.8500,USD,21280,2026-06-29
CRD_F2B5F8F16749426C855A,SCRYDEX_EN,RAW,,24.8900,USD,38243,2026-06-29
CRD_F2B5F8F16749426C855A,SCRYDEX_JP,GRADED,10,,,79728,2026-06-29
CRD_F2B5F8F16749426C855A,SCRYDEX_JP,GRADED,9,,,32604,2026-06-29
CRD_F2B5F8F16749426C855A,SCRYDEX_JP,RAW,,13.2900,USD,20420,2026-06-29
CRD_F2CFA15607F1FDEA1BCF0CF34AD4E71C,SCRYDEX_JP,GRADED,10,,,29241919,2026-06-29
CRD_F2CFA15607F1FDEA1BCF0CF34AD4E71C,SCRYDEX_JP,GRADED,9,,,11446884,2026-06-29
CRD_F2E16951A6FE43BF990C,SCRYDEX_EN,RAW,,2.5400,USD,3885,2026-06-05
CRD_F2E16951A6FE43BF990C,SCRYDEX_JP,GRADED,10,,,64686,2026-06-29
CRD_F2E16951A6FE43BF990C,SCRYDEX_JP,GRADED,9,,,11708,2026-06-29
CRD_F2E16951A6FE43BF990C,SCRYDEX_JP,RAW,,0.7700,USD,1183,2026-06-29
CRD_F2F526A3A5F244D59FCF,SCRYDEX_EN,RAW,,21.5400,USD,33096,2026-06-29
CRD_F2F526A3A5F244D59FCF,SCRYDEX_JP,GRADED,10,,,65070,2026-06-29
CRD_F2F526A3A5F244D59FCF,SCRYDEX_JP,GRADED,9,,,37413,2026-06-29
CRD_F2F526A3A5F244D59FCF,SCRYDEX_JP,RAW,,12.9300,USD,19867,2026-06-29
CRD_F30AEC33313345B18B06,SCRYDEX_EN,RAW,,3.2900,USD,5032,2026-06-05
CRD_F30AEC33313345B18B06,SCRYDEX_JP,GRADED,10,,,26151,2026-06-29
CRD_F30AEC33313345B18B06,SCRYDEX_JP,RAW,,4.9700,USD,7636,2026-06-29
CRD_F31E32105A2B4456AAF1,SCRYDEX_EN,RAW,,4.5000,USD,6882,2026-06-05
CRD_F31E32105A2B4456AAF1,SCRYDEX_JP,GRADED,10,,,65946,2026-06-29
CRD_F31E32105A2B4456AAF1,SCRYDEX_JP,GRADED,9,,,21803,2026-06-29
CRD_F31E32105A2B4456AAF1,SCRYDEX_JP,RAW,,2.9100,USD,4471,2026-06-29
CRD_F35563D1D34443BD8590,SCRYDEX_EN,RAW,,2.0400,USD,3120,2026-06-05
CRD_F35563D1D34443BD8590,SCRYDEX_JP,RAW,,0.8400,USD,1291,2026-06-29
CRD_F3810D112236407E9EE6,SCRYDEX_EN,RAW,,7.2600,USD,11103,2026-06-05
CRD_F3810D112236407E9EE6,SCRYDEX_JP,GRADED,10,,,45111,2026-06-29
CRD_F3810D112236407E9EE6,SCRYDEX_JP,GRADED,9,,,21511,2026-06-29
CRD_F3810D112236407E9EE6,SCRYDEX_JP,RAW,,9.0900,USD,13967,2026-06-29
CRD_F388F752349144079A88,SCRYDEX_EN,RAW,,0.6900,USD,1055,2026-06-05
CRD_F388F752349144079A88,SCRYDEX_JP,GRADED,10,,,63549,2026-06-29
CRD_F388F752349144079A88,SCRYDEX_JP,RAW,,0.4900,USD,753,2026-06-29
CRD_F3CC2FAC2F1644BCBC80,SCRYDEX_EN,RAW,,1.8600,USD,2845,2026-06-05
CRD_F3CC2FAC2F1644BCBC80,SCRYDEX_JP,GRADED,10,,,50381,2026-06-29
CRD_F3CC2FAC2F1644BCBC80,SCRYDEX_JP,RAW,,1.4500,USD,2228,2026-06-29
CRD_F3D10A6AC6D949C88832,SCRYDEX_EN,RAW,,5.7400,USD,8779,2026-06-05
CRD_F3D10A6AC6D949C88832,SCRYDEX_JP,GRADED,10,,,56128,2026-06-29
CRD_F3D10A6AC6D949C88832,SCRYDEX_JP,GRADED,9,,,34156,2026-06-29
CRD_F3D10A6AC6D949C88832,SCRYDEX_JP,RAW,,5.8600,USD,9004,2026-06-29
CRD_F3D13D31BE1A4E0991BE,SCRYDEX_EN,RAW,,8.5100,USD,13015,2026-06-05
CRD_F3D13D31BE1A4E0991BE,SCRYDEX_JP,GRADED,10,,,81203,2026-06-29
CRD_F3D13D31BE1A4E0991BE,SCRYDEX_JP,GRADED,9,,,24645,2026-06-29
CRD_F3D13D31BE1A4E0991BE,SCRYDEX_JP,RAW,,3.6700,USD,5639,2026-06-29
CRD_F3E837515D0E435AA991,SCRYDEX_EN,RAW,,1.0100,USD,1545,2026-06-05
CRD_F3E837515D0E435AA991,SCRYDEX_JP,GRADED,10,,,32619,2026-06-29
CRD_F3E837515D0E435AA991,SCRYDEX_JP,RAW,,0.3400,USD,522,2026-06-29
CRD_F40170A3F05A4F7ABE38,SCRYDEX_EN,RAW,,98.9400,USD,152019,2026-06-29
CRD_F40170A3F05A4F7ABE38,SCRYDEX_JP,GRADED,10,,,566116,2026-06-29
CRD_F40170A3F05A4F7ABE38,SCRYDEX_JP,GRADED,9,,,131292,2026-06-29
CRD_F40170A3F05A4F7ABE38,SCRYDEX_JP,RAW,,63.9700,USD,98289,2026-06-29
CRD_F40F80C9CA87094FB525D9D9A3C25C9E,SCRYDEX_JP,GRADED,10,,,45181039,2026-06-29
CRD_F40F80C9CA87094FB525D9D9A3C25C9E,SCRYDEX_JP,GRADED,9,,,26217527,2026-06-29
CRD_F414A783F97B45F0A953,SCRYDEX_EN,RAW,,1.9500,USD,2996,2026-06-29
CRD_F414A783F97B45F0A953,SCRYDEX_JP,GRADED,10,,,65500,2026-06-29
CRD_F414A783F97B45F0A953,SCRYDEX_JP,GRADED,9,,,28164,2026-06-29
CRD_F414A783F97B45F0A953,SCRYDEX_JP,RAW,,0.9000,USD,1383,2026-06-29
CRD_F420852AE6A24B65BF0C,SCRYDEX_EN,RAW,,53.4700,USD,82156,2026-06-29
CRD_F420852AE6A24B65BF0C,SCRYDEX_JP,GRADED,10,,,102207,2026-06-29
CRD_F420852AE6A24B65BF0C,SCRYDEX_JP,GRADED,9,,,50074,2026-06-29
CRD_F420852AE6A24B65BF0C,SCRYDEX_JP,RAW,,18.2900,USD,28102,2026-06-29
CRD_F42636A1EA3142B89771,SCRYDEX_EN,RAW,,5.8800,USD,8993,2026-06-05
CRD_F42636A1EA3142B89771,SCRYDEX_JP,GRADED,10,,,600194,2026-05-05
CRD_F42A2FE92E69499F8449,SCRYDEX_EN,RAW,,2.2500,USD,3441,2026-06-05
CRD_F42A2FE92E69499F8449,SCRYDEX_JP,GRADED,10,,,69142,2026-06-29
CRD_F42A2FE92E69499F8449,SCRYDEX_JP,GRADED,9,,,23047,2026-06-29
CRD_F42A2FE92E69499F8449,SCRYDEX_JP,RAW,,2.4500,USD,3764,2026-06-29
CRD_F42B7FFB1122449DB183,SCRYDEX_EN,RAW,,5.2400,USD,8014,2026-06-05
CRD_F42B7FFB1122449DB183,SCRYDEX_JP,GRADED,10,,,75349,2026-06-29
CRD_F42B7FFB1122449DB183,SCRYDEX_JP,GRADED,9,,,28379,2026-06-29
CRD_F42B7FFB1122449DB183,SCRYDEX_JP,RAW,,1.8800,USD,2889,2026-06-29
CRD_F42BA8F04DBE4AD9A8D0,SCRYDEX_EN,RAW,,4.8000,USD,7341,2026-06-05
CRD_F42BA8F04DBE4AD9A8D0,SCRYDEX_JP,GRADED,10,,,145720,2026-06-29
CRD_F42BA8F04DBE4AD9A8D0,SCRYDEX_JP,GRADED,9,,,26596,2026-06-29
CRD_F42BA8F04DBE4AD9A8D0,SCRYDEX_JP,RAW,,1.4700,USD,2259,2026-06-29
CRD_F43008DDDC81402A908A,SCRYDEX_EN,RAW,,1.7100,USD,2627,2026-06-29
CRD_F43008DDDC81402A908A,SCRYDEX_JP,GRADED,10,,,42683,2026-06-29
CRD_F43008DDDC81402A908A,SCRYDEX_JP,GRADED,9,,,13828,2026-06-29
CRD_F43008DDDC81402A908A,SCRYDEX_JP,RAW,,0.9900,USD,1521,2026-06-29
CRD_F4376F40A1924C9FADCC,SCRYDEX_EN,RAW,,28.4900,USD,43774,2026-06-29
CRD_F4376F40A1924C9FADCC,SCRYDEX_JP,GRADED,10,,,91359,2026-06-29
CRD_F4376F40A1924C9FADCC,SCRYDEX_JP,GRADED,9,,,45849,2026-06-29
CRD_F4376F40A1924C9FADCC,SCRYDEX_JP,RAW,,10.3600,USD,15918,2026-06-29
CRD_F44C2F2640AB4792CB65,SCRYDEX_JP,GRADED,10,,,6672011,2026-06-29
CRD_F44C2F2640AB4792CB65,SCRYDEX_JP,GRADED,9,,,2459213,2026-06-29
CRD_F44C2F2640AB4792CB65,SCRYDEX_JP,RAW,,3325000.0000,KRW,3325000,2026-06-29
CRD_F44F3EDAA2CA41CB89C5,SCRYDEX_EN,RAW,,545.1300,USD,833705,2026-06-05
CRD_F44F3EDAA2CA41CB89C5,SCRYDEX_JP,GRADED,10,,,3980866,2026-06-29
CRD_F44F3EDAA2CA41CB89C5,SCRYDEX_JP,GRADED,9,,,813582,2026-06-29
CRD_F44F3EDAA2CA41CB89C5,SCRYDEX_JP,RAW,,285000.0000,KRW,285000,2026-06-29
CRD_F4545F0EEDC64F099394,SCRYDEX_EN,RAW,,1.7800,USD,2722,2026-06-05
CRD_F4545F0EEDC64F099394,SCRYDEX_JP,GRADED,10,,,42176,2026-06-29
CRD_F4545F0EEDC64F099394,SCRYDEX_JP,GRADED,9,,,12307,2026-06-29
CRD_F4545F0EEDC64F099394,SCRYDEX_JP,RAW,,2.3400,USD,3595,2026-06-29
CRD_F468D1CBA143837129CC,SCRYDEX_JP,GRADED,10,,,50504,2026-06-29
CRD_F468D1CBA143837129CC,SCRYDEX_JP,GRADED,9,,,14013,2026-06-29
CRD_F468D1CBA143837129CC,SCRYDEX_JP,RAW,,4.2400,USD,6515,2026-06-29
CRD_F478BDB80D9C462FA591,SCRYDEX_EN,RAW,,7.6700,USD,11730,2026-06-05
CRD_F478BDB80D9C462FA591,SCRYDEX_JP,GRADED,10,,,153648,2026-06-29
CRD_F478BDB80D9C462FA591,SCRYDEX_JP,RAW,,18050.0000,KRW,18050,2026-06-29
CRD_F491AB110ACC4046A312,SCRYDEX_EN,RAW,,5.4800,USD,8381,2026-06-05
CRD_F491AB110ACC4046A312,SCRYDEX_JP,GRADED,10,,,28947,2026-06-29
CRD_F491AB110ACC4046A312,SCRYDEX_JP,GRADED,9,,,30714,2026-06-29
CRD_F491AB110ACC4046A312,SCRYDEX_JP,RAW,,2.9400,USD,4517,2026-06-29
CRD_F49E3C984D174548B44E,SCRYDEX_EN,RAW,,2.7000,USD,4129,2026-06-05
CRD_F49E3C984D174548B44E,SCRYDEX_JP,GRADED,10,,,49152,2026-06-29
CRD_F49E3C984D174548B44E,SCRYDEX_JP,GRADED,9,,,21419,2026-06-29
CRD_F49E3C984D174548B44E,SCRYDEX_JP,RAW,,1.9700,USD,3027,2026-06-29
CRD_F4AB8722DDB74A15A654,SCRYDEX_EN,RAW,,17.2600,USD,26520,2026-06-29
CRD_F4AB8722DDB74A15A654,SCRYDEX_JP,GRADED,10,,,86427,2026-06-29
CRD_F4AB8722DDB74A15A654,SCRYDEX_JP,GRADED,9,,,16901,2026-06-29
CRD_F4AB8722DDB74A15A654,SCRYDEX_JP,RAW,,10.3200,USD,15856,2026-06-29
CRD_F4C1735159F14F65A589,SCRYDEX_EN,RAW,,0.5800,USD,887,2026-06-05
CRD_F4F401D1179242EE80AA,SCRYDEX_EN,RAW,,15.6400,USD,24031,2026-06-29
CRD_F4F401D1179242EE80AA,SCRYDEX_JP,GRADED,10,,,52809,2026-06-29
CRD_F4F401D1179242EE80AA,SCRYDEX_JP,RAW,,15.9900,USD,24568,2026-06-29
CRD_F502539900C44150AF7D,SCRYDEX_EN,RAW,,63.3700,USD,97367,2026-06-29
CRD_F502539900C44150AF7D,SCRYDEX_JP,GRADED,10,,,446455,2026-06-29
CRD_F502539900C44150AF7D,SCRYDEX_JP,GRADED,9,,,99595,2026-06-29
CRD_F502539900C44150AF7D,SCRYDEX_JP,RAW,,90.0000,USD,138283,2026-06-29
CRD_F502DD41B3C245CCBC78,SCRYDEX_EN,RAW,,26.0200,USD,39794,2026-06-05
CRD_F502DD41B3C245CCBC78,SCRYDEX_JP,GRADED,10,,,189448,2026-06-29
CRD_F502DD41B3C245CCBC78,SCRYDEX_JP,RAW,,85500.0000,KRW,85500,2026-06-29
CRD_F50C5E99DDEA4109903A,SCRYDEX_EN,RAW,,2.0700,USD,3166,2026-06-05
CRD_F50C5E99DDEA4109903A,SCRYDEX_JP,GRADED,10,,,25828,2026-06-29
CRD_F50C5E99DDEA4109903A,SCRYDEX_JP,GRADED,9,,,46018,2026-06-29
CRD_F50C5E99DDEA4109903A,SCRYDEX_JP,RAW,,4.9900,USD,7667,2026-06-29
CRD_F51AD119C51A4A119201,SCRYDEX_EN,RAW,,37.5800,USD,57741,2026-06-29
CRD_F51AD119C51A4A119201,SCRYDEX_JP,GRADED,10,,,80020,2026-06-29
CRD_F51AD119C51A4A119201,SCRYDEX_JP,GRADED,9,,,38258,2026-06-29
CRD_F51AD119C51A4A119201,SCRYDEX_JP,RAW,,22.6200,USD,34755,2026-06-29
CRD_F51E0298D1094BB490A0,SCRYDEX_EN,RAW,,12.8600,USD,19759,2026-06-29
CRD_F51E0298D1094BB490A0,SCRYDEX_JP,GRADED,10,,,81833,2026-06-29
CRD_F51E0298D1094BB490A0,SCRYDEX_JP,GRADED,9,,,25060,2026-06-29
CRD_F51E0298D1094BB490A0,SCRYDEX_JP,RAW,,5.1600,USD,7928,2026-06-29
CRD_F52BF6D27A264EE6A684,SCRYDEX_EN,RAW,,74.0500,USD,113776,2026-06-29
CRD_F52BF6D27A264EE6A684,SCRYDEX_JP,GRADED,10,,,235466,2026-06-29
CRD_F52BF6D27A264EE6A684,SCRYDEX_JP,GRADED,9,,,111779,2026-06-29
CRD_F52BF6D27A264EE6A684,SCRYDEX_JP,RAW,,61.0400,USD,93787,2026-06-29
CRD_F5378ABA3B3E4D73A064,SCRYDEX_EN,RAW,,28.7400,USD,44151,2026-06-18
CRD_F5378ABA3B3E4D73A064,SCRYDEX_JP,GRADED,10,,,572600,2026-06-29
CRD_F5378ABA3B3E4D73A064,SCRYDEX_JP,GRADED,9,,,121151,2026-06-29
CRD_F5378ABA3B3E4D73A064,SCRYDEX_JP,RAW,,31.9900,USD,49152,2026-06-29
CRD_F54B2C86FFE74D62867A,SCRYDEX_EN,RAW,,524.9500,USD,806575,2026-06-29
CRD_F54B2C86FFE74D62867A,SCRYDEX_JP,GRADED,10,,,1160549,2026-06-29
CRD_F54B2C86FFE74D62867A,SCRYDEX_JP,GRADED,9,,,594987,2026-06-29
CRD_F54B2C86FFE74D62867A,SCRYDEX_JP,RAW,,350.0000,USD,537768,2026-06-29
CRD_F54EE62045A24CBAABB8,SCRYDEX_EN,RAW,,41.0500,USD,63073,2026-06-29
CRD_F54EE62045A24CBAABB8,SCRYDEX_JP,GRADED,10,,,114975,2026-06-29
CRD_F54EE62045A24CBAABB8,SCRYDEX_JP,GRADED,9,,,61828,2026-06-29
CRD_F54EE62045A24CBAABB8,SCRYDEX_JP,RAW,,21.1700,USD,32527,2026-06-29
CRD_F55908E6632F40A5BE9A,SCRYDEX_EN,RAW,,0.6900,USD,1055,2026-06-05
CRD_F55908E6632F40A5BE9A,SCRYDEX_JP,GRADED,10,,,46263,2026-06-29
CRD_F55908E6632F40A5BE9A,SCRYDEX_JP,RAW,,0.3000,USD,461,2026-06-29
CRD_F55FC4526B154E6FBB46,SCRYDEX_EN,RAW,,1.3400,USD,2049,2026-06-05
CRD_F55FC4526B154E6FBB46,SCRYDEX_JP,GRADED,10,,,43575,2026-06-29
CRD_F55FC4526B154E6FBB46,SCRYDEX_JP,RAW,,1.2900,USD,1982,2026-06-29
CRD_F577A4D8CDE44F2498B6,SCRYDEX_EN,RAW,,0.6700,USD,1025,2026-06-05
CRD_F58A3A5528E24CB1A4C3,SCRYDEX_EN,RAW,,3.0300,USD,4634,2026-06-05
CRD_F58A3A5528E24CB1A4C3,SCRYDEX_JP,GRADED,10,,,50228,2026-06-29
CRD_F58A3A5528E24CB1A4C3,SCRYDEX_JP,GRADED,9,,,23308,2026-06-29
CRD_F58A3A5528E24CB1A4C3,SCRYDEX_JP,RAW,,2.2000,USD,3380,2026-06-29
CRD_F58AABA5F4304312AC73,SCRYDEX_EN,RAW,,2.2500,USD,3441,2026-06-05
CRD_F58AABA5F4304312AC73,SCRYDEX_JP,GRADED,10,,,30376,2026-06-29
CRD_F58AABA5F4304312AC73,SCRYDEX_JP,RAW,,0.9400,USD,1444,2026-06-29
CRD_F5935161EBF44C28BF5A,SCRYDEX_EN,RAW,,5.8500,USD,8947,2026-06-05
CRD_F5935161EBF44C28BF5A,SCRYDEX_JP,GRADED,10,,,58002,2026-06-29
CRD_F5935161EBF44C28BF5A,SCRYDEX_JP,GRADED,9,,,29700,2026-06-29
CRD_F5935161EBF44C28BF5A,SCRYDEX_JP,RAW,,2.4800,USD,3810,2026-06-29
CRD_F596BF15BD3A72D0827D,SCRYDEX_JP,GRADED,10,,,49936,2026-06-29
CRD_F596BF15BD3A72D0827D,SCRYDEX_JP,RAW,,0.6800,USD,1045,2026-06-29
CRD_F5AF7D246A2542E48326,SCRYDEX_EN,RAW,,0.9600,USD,1468,2026-06-05
CRD_F5AF7D246A2542E48326,SCRYDEX_JP,GRADED,10,,,97705,2026-06-29
CRD_F5AF7D246A2542E48326,SCRYDEX_JP,RAW,,0.5600,USD,860,2026-06-29
CRD_F5B64C8E7DA849918BEA,SCRYDEX_EN,RAW,,1.2700,USD,1942,2026-06-05
CRD_F5B64C8E7DA849918BEA,SCRYDEX_JP,GRADED,10,,,46847,2026-06-29
CRD_F5B64C8E7DA849918BEA,SCRYDEX_JP,GRADED,9,,,25352,2026-06-29
CRD_F5B64C8E7DA849918BEA,SCRYDEX_JP,RAW,,1.2400,USD,1905,2026-06-29
CRD_F5CC0C9882084007972C,SCRYDEX_EN,RAW,,17.6200,USD,26947,2026-06-05
CRD_F5CC0C9882084007972C,SCRYDEX_JP,GRADED,10,,,111441,2026-06-29
CRD_F5CC0C9882084007972C,SCRYDEX_JP,GRADED,9,,,51088,2026-06-29
CRD_F5CC0C9882084007972C,SCRYDEX_JP,RAW,,9.8800,USD,15180,2026-06-29
CRD_F5E9D7BE768749B597AF,SCRYDEX_EN,RAW,,2.9900,USD,4573,2026-06-05
CRD_F5E9D7BE768749B597AF,SCRYDEX_JP,GRADED,10,,,37813,2026-06-29
CRD_F5E9D7BE768749B597AF,SCRYDEX_JP,GRADED,9,,,5285,2026-06-29
CRD_F5E9D7BE768749B597AF,SCRYDEX_JP,RAW,,2.2600,USD,3472,2026-06-29
CRD_F60B6726EBFD4A6F915D,SCRYDEX_EN,RAW,,2.1000,USD,3212,2026-06-05
CRD_F60B6726EBFD4A6F915D,SCRYDEX_JP,GRADED,10,,,66714,2026-06-29
CRD_F60B6726EBFD4A6F915D,SCRYDEX_JP,GRADED,9,,,21956,2026-06-29
CRD_F60B6726EBFD4A6F915D,SCRYDEX_JP,RAW,,0.9300,USD,1429,2026-06-29
CRD_F620A35C87F249DD80D6,SCRYDEX_EN,RAW,,15.2200,USD,23385,2026-06-29
CRD_F620A35C87F249DD80D6,SCRYDEX_JP,GRADED,10,,,97198,2026-06-29
CRD_F620A35C87F249DD80D6,SCRYDEX_JP,GRADED,9,,,34079,2026-06-29
CRD_F620A35C87F249DD80D6,SCRYDEX_JP,RAW,,4.5200,USD,6945,2026-06-29
CRD_F643E727312F4F1FBE79,SCRYDEX_EN,RAW,,2.8600,USD,4374,2026-06-05
CRD_F643E727312F4F1FBE79,SCRYDEX_JP,GRADED,10,,,121997,2026-06-29
CRD_F643E727312F4F1FBE79,SCRYDEX_JP,GRADED,9,,,42945,2026-06-29
CRD_F643E727312F4F1FBE79,SCRYDEX_JP,RAW,,5.2900,USD,8128,2026-06-29
CRD_F655D1FDB00E40F3BB93,SCRYDEX_EN,RAW,,555.3400,USD,853269,2026-06-29
CRD_F655D1FDB00E40F3BB93,SCRYDEX_JP,GRADED,10,,,981273,2026-06-29
CRD_F655D1FDB00E40F3BB93,SCRYDEX_JP,GRADED,9,,,576672,2026-06-29
CRD_F655D1FDB00E40F3BB93,SCRYDEX_JP,RAW,,326.6600,USD,501907,2026-06-29
CRD_F66B10F9608D4C8CB922,SCRYDEX_EN,RAW,,1.9000,USD,2906,2026-06-05
CRD_F66B10F9608D4C8CB922,SCRYDEX_JP,GRADED,10,,,32865,2026-06-29
CRD_F66B10F9608D4C8CB922,SCRYDEX_JP,RAW,,4.5000,USD,6914,2026-06-29
CRD_F6725E8B0E5E4958840B,SCRYDEX_JP,GRADED,10,,,882247,2026-06-29
CRD_F6725E8B0E5E4958840B,SCRYDEX_JP,GRADED,9,,,243609,2026-06-29
CRD_F6725E8B0E5E4958840B,SCRYDEX_JP,RAW,,157.5000,USD,241996,2026-06-29
CRD_F6AA26615B634D2BA71A,SCRYDEX_EN,RAW,,3.0500,USD,4665,2026-06-05
CRD_F6AA26615B634D2BA71A,SCRYDEX_JP,GRADED,10,,,53654,2026-06-29
CRD_F6AA26615B634D2BA71A,SCRYDEX_JP,GRADED,9,,,13828,2026-06-29
CRD_F6AA26615B634D2BA71A,SCRYDEX_JP,RAW,,2.2300,USD,3426,2026-06-29
CRD_F6B06CC3450049DC857B,SCRYDEX_EN,RAW,,1.0600,USD,1621,2026-06-05
CRD_F6B2257A2C16460CB4FE,SCRYDEX_JP,RAW,,3.8000,USD,5839,2026-06-29
CRD_F6D22923C4964376ADC7,SCRYDEX_EN,RAW,,39.4600,USD,60630,2026-06-29
CRD_F6D22923C4964376ADC7,SCRYDEX_JP,GRADED,10,,,153602,2026-06-29
CRD_F6D22923C4964376ADC7,SCRYDEX_JP,GRADED,9,,,44374,2026-06-29
CRD_F6D22923C4964376ADC7,SCRYDEX_JP,RAW,,11.7000,USD,17977,2026-06-29
CRD_F6D2FC3117BF409384AD,SCRYDEX_EN,RAW,,12.9200,USD,19759,2026-06-05
CRD_F6D2FC3117BF409384AD,SCRYDEX_JP,GRADED,10,,,135349,2026-06-29
CRD_F6D2FC3117BF409384AD,SCRYDEX_JP,GRADED,9,,,44097,2026-06-29
CRD_F6D2FC3117BF409384AD,SCRYDEX_JP,RAW,,34.9400,USD,53685,2026-06-29
CRD_F6F255B07DE64989A77B,SCRYDEX_EN,RAW,,13.6500,USD,20973,2026-06-29
CRD_F6F255B07DE64989A77B,SCRYDEX_JP,GRADED,10,,,67144,2026-06-29
CRD_F6F255B07DE64989A77B,SCRYDEX_JP,GRADED,9,,,8466,2026-06-29
CRD_F6F255B07DE64989A77B,SCRYDEX_JP,RAW,,6.6000,USD,10141,2026-06-29
CRD_F708A3D8A5944CB7BF93,SCRYDEX_EN,RAW,,122.8800,USD,188803,2026-06-29
CRD_F708A3D8A5944CB7BF93,SCRYDEX_JP,GRADED,10,,,529963,2026-06-29
CRD_F708A3D8A5944CB7BF93,SCRYDEX_JP,RAW,,200.0000,USD,307296,2026-06-29
CRD_F70C1790FD9042749050,SCRYDEX_EN,RAW,,4.2200,USD,6454,2026-06-05
CRD_F70C1790FD9042749050,SCRYDEX_JP,GRADED,10,,,54007,2026-06-29
CRD_F70C1790FD9042749050,SCRYDEX_JP,GRADED,9,,,39441,2026-06-29
CRD_F70C1790FD9042749050,SCRYDEX_JP,RAW,,3.8700,USD,5946,2026-06-29
CRD_F72303775E8749409E5B,SCRYDEX_EN,RAW,,5.2200,USD,7983,2026-06-05
CRD_F72303775E8749409E5B,SCRYDEX_JP,GRADED,10,,,50212,2026-06-29
CRD_F72303775E8749409E5B,SCRYDEX_JP,GRADED,9,,,18422,2026-06-29
CRD_F72303775E8749409E5B,SCRYDEX_JP,RAW,,2.3000,USD,3534,2026-06-29
CRD_F7266F095112499DA31C,SCRYDEX_EN,RAW,,5.3600,USD,8236,2026-06-29
CRD_F7266F095112499DA31C,SCRYDEX_JP,GRADED,10,,,124363,2026-06-29
CRD_F7266F095112499DA31C,SCRYDEX_JP,RAW,,3.2400,USD,4978,2026-06-29
CRD_F72B398C28494F5383EA,SCRYDEX_EN,RAW,,0.9100,USD,1392,2026-06-05
CRD_F72B398C28494F5383EA,SCRYDEX_JP,GRADED,10,,,38074,2026-06-29
CRD_F72B398C28494F5383EA,SCRYDEX_JP,RAW,,0.3600,USD,553,2026-06-29
CRD_F7332249FC82459985F9,SCRYDEX_EN,RAW,,26.7700,USD,41132,2026-06-29
CRD_F7332249FC82459985F9,SCRYDEX_JP,GRADED,10,,,117956,2026-06-29
CRD_F7332249FC82459985F9,SCRYDEX_JP,GRADED,9,,,37459,2026-06-29
CRD_F7332249FC82459985F9,SCRYDEX_JP,RAW,,15.1100,USD,23216,2026-06-29
CRD_F739AC5CF7A0E66239D2,SCRYDEX_JP,GRADED,10,,,57787,2026-06-29
CRD_F739AC5CF7A0E66239D2,SCRYDEX_JP,GRADED,9,,,18730,2026-06-29
CRD_F739AC5CF7A0E66239D2,SCRYDEX_JP,RAW,,1.8800,USD,2889,2026-06-29
CRD_F7465DD0B4F74D7A9777,SCRYDEX_EN,RAW,,13.1800,USD,20265,2026-06-23
CRD_F7465DD0B4F74D7A9777,SCRYDEX_JP,GRADED,10,,,94109,2026-06-29
CRD_F7465DD0B4F74D7A9777,SCRYDEX_JP,GRADED,9,,,51503,2026-06-29
CRD_F7465DD0B4F74D7A9777,SCRYDEX_JP,RAW,,20.2000,USD,31037,2026-06-29
CRD_F74DCD4030904CDE95D4,SCRYDEX_EN,RAW,,5.9000,USD,9023,2026-06-05
CRD_F74DCD4030904CDE95D4,SCRYDEX_JP,GRADED,10,,,94355,2026-06-29
CRD_F74DCD4030904CDE95D4,SCRYDEX_JP,GRADED,9,,,30914,2026-06-29
CRD_F74DCD4030904CDE95D4,SCRYDEX_JP,RAW,,5.0400,USD,7744,2026-06-29
CRD_F77DAEEA7C14482FBA51,SCRYDEX_EN,RAW,,10.0100,USD,15185,2026-06-16
CRD_F77DAEEA7C14482FBA51,SCRYDEX_JP,RAW,,7.7400,USD,11892,2026-06-29
CRD_F78C2A2D2F374617AD49,SCRYDEX_EN,RAW,,0.6700,USD,1025,2026-06-05
CRD_F78C2A2D2F374617AD49,SCRYDEX_JP,GRADED,10,,,38197,2026-06-29
CRD_F78C2A2D2F374617AD49,SCRYDEX_JP,RAW,,0.2500,USD,384,2026-06-29
CRD_F79C2876A4E54BCA830E,SCRYDEX_EN,RAW,,1.0300,USD,1575,2026-06-05
CRD_F79C2876A4E54BCA830E,SCRYDEX_JP,GRADED,10,,,49782,2026-06-29
CRD_F79C2876A4E54BCA830E,SCRYDEX_JP,RAW,,1.0700,USD,1644,2026-06-29
CRD_F7B668AA293A48758034,SCRYDEX_EN,RAW,,61.1000,USD,93879,2026-06-29
CRD_F7B668AA293A48758034,SCRYDEX_JP,GRADED,10,,,247619,2026-06-29
CRD_F7B668AA293A48758034,SCRYDEX_JP,GRADED,9,,,122918,2026-06-29
CRD_F7BCF5E1535E4E9C8BBE,SCRYDEX_EN,RAW,,5.7200,USD,8748,2026-06-05
CRD_F7BCF5E1535E4E9C8BBE,SCRYDEX_JP,GRADED,10,,,56896,2026-06-29
CRD_F7BCF5E1535E4E9C8BBE,SCRYDEX_JP,GRADED,9,,,21449,2026-06-29
CRD_F7BCF5E1535E4E9C8BBE,SCRYDEX_JP,RAW,,2.2100,USD,3396,2026-06-29
CRD_F7D0CB0E8461416296C4,SCRYDEX_EN,RAW,,19.5600,USD,30054,2026-06-29
CRD_F7D0CB0E8461416296C4,SCRYDEX_JP,GRADED,10,,,71877,2026-06-29
CRD_F7D0CB0E8461416296C4,SCRYDEX_JP,GRADED,9,,,20466,2026-06-29
CRD_F7D0CB0E8461416296C4,SCRYDEX_JP,RAW,,5.1900,USD,7974,2026-06-29
CRD_F7EF825777564C459F21,SCRYDEX_EN,RAW,,25.3700,USD,38980,2026-06-29
CRD_F7EF825777564C459F21,SCRYDEX_JP,GRADED,10,,,65915,2026-06-29
CRD_F7EF825777564C459F21,SCRYDEX_JP,GRADED,9,,,38351,2026-06-29
CRD_F7EF825777564C459F21,SCRYDEX_JP,RAW,,12.0800,USD,18561,2026-06-29
CRD_F7F029C74F69471AA3AB,SCRYDEX_EN,RAW,,5.4000,USD,8259,2026-06-05
CRD_F7F029C74F69471AA3AB,SCRYDEX_JP,GRADED,10,,,31559,2026-06-29
CRD_F7F029C74F69471AA3AB,SCRYDEX_JP,GRADED,9,,,30730,2026-06-29
CRD_F7F029C74F69471AA3AB,SCRYDEX_JP,RAW,,1.2600,USD,1936,2026-06-29
CRD_F7FE6279B4A147BC9CD1,SCRYDEX_EN,RAW,,209.8400,USD,322415,2026-06-29
CRD_F801E713A8D1496791AC,SCRYDEX_EN,RAW,,3.0400,USD,4649,2026-06-05
CRD_F801E713A8D1496791AC,SCRYDEX_JP,GRADED,10,,,47539,2026-06-29
CRD_F801E713A8D1496791AC,SCRYDEX_JP,GRADED,9,,,16901,2026-06-29
CRD_F801E713A8D1496791AC,SCRYDEX_JP,RAW,,1.6500,USD,2535,2026-06-29
CRD_F80B857CFE91CDEB4402E3E93F29B2CB,SCRYDEX_JP,GRADED,10,,,18020252,2026-06-29
CRD_F80B857CFE91CDEB4402E3E93F29B2CB,SCRYDEX_JP,GRADED,9,,,11332523,2026-06-29
CRD_F80B857CFE91CDEB4402E3E93F29B2CB,SCRYDEX_JP,RAW,,3600.0000,USD,5531328,2026-06-29
CRD_F83111AEFA30449C80AA,SCRYDEX_EN,RAW,,27.6500,USD,42484,2026-06-29
CRD_F83111AEFA30449C80AA,SCRYDEX_JP,GRADED,10,,,78099,2026-06-29
CRD_F83111AEFA30449C80AA,SCRYDEX_JP,GRADED,9,,,32835,2026-06-29
CRD_F83111AEFA30449C80AA,SCRYDEX_JP,RAW,,17.7300,USD,27242,2026-06-29
CRD_F838D8557ADB465EA321,SCRYDEX_JP,RAW,,0.0800,USD,119,2026-05-13
CRD_F8474225830A4240A94E,SCRYDEX_EN,RAW,,128.0100,USD,196685,2026-06-29
CRD_F8474225830A4240A94E,SCRYDEX_JP,GRADED,10,,,357708,2026-06-29
CRD_F8474225830A4240A94E,SCRYDEX_JP,GRADED,9,,,149300,2026-06-29
CRD_F8474225830A4240A94E,SCRYDEX_JP,RAW,,112.1400,USD,172301,2026-06-29
CRD_F84F74A865C24A938AB5,SCRYDEX_EN,RAW,,3.6800,USD,5628,2026-06-05
CRD_F84F74A865C24A938AB5,SCRYDEX_JP,GRADED,10,,,58279,2026-06-29
CRD_F84F74A865C24A938AB5,SCRYDEX_JP,RAW,,6.2000,USD,9526,2026-06-29
CRD_F856EE96E2B84864AC0A,SCRYDEX_EN,RAW,,7.0900,USD,10843,2026-06-05
CRD_F856EE96E2B84864AC0A,SCRYDEX_JP,GRADED,10,,,56773,2026-06-29
CRD_F856EE96E2B84864AC0A,SCRYDEX_JP,GRADED,9,,,10755,2026-06-29
CRD_F856EE96E2B84864AC0A,SCRYDEX_JP,RAW,,2.9200,USD,4487,2026-06-29
CRD_F85FB69630DE4832A47E,SCRYDEX_EN,RAW,,0.9400,USD,1438,2026-06-05
CRD_F878464C76304FFF8660,SCRYDEX_EN,RAW,,3.7400,USD,5720,2026-06-05
CRD_F878464C76304FFF8660,SCRYDEX_JP,GRADED,10,,,46217,2026-06-29
CRD_F878464C76304FFF8660,SCRYDEX_JP,GRADED,9,,,12276,2026-06-29
CRD_F878464C76304FFF8660,SCRYDEX_JP,RAW,,2.5800,USD,3964,2026-06-29
CRD_F87EEB047E184C71A2CE,SCRYDEX_EN,RAW,,95.8900,USD,147333,2026-06-29
CRD_F87EEB047E184C71A2CE,SCRYDEX_JP,GRADED,10,,,1217215,2026-06-29
CRD_F87EEB047E184C71A2CE,SCRYDEX_JP,GRADED,9,,,144875,2026-06-29
CRD_F87EEB047E184C71A2CE,SCRYDEX_JP,RAW,,164.0000,USD,251983,2026-06-29
CRD_F8C26BA27AF444938EB9,SCRYDEX_EN,RAW,,3.4500,USD,5276,2026-06-05
CRD_F8C26BA27AF444938EB9,SCRYDEX_JP,GRADED,10,,,60245,2026-06-29
CRD_F8C26BA27AF444938EB9,SCRYDEX_JP,RAW,,4.3200,USD,6638,2026-06-29
CRD_F8D9E7AF24C1484482DA,SCRYDEX_EN,RAW,,119.0400,USD,182903,2026-06-29
CRD_F8D9E7AF24C1484482DA,SCRYDEX_JP,GRADED,10,,,346369,2026-06-29
CRD_F8D9E7AF24C1484482DA,SCRYDEX_JP,GRADED,9,,,104742,2026-06-29
CRD_F8D9E7AF24C1484482DA,SCRYDEX_JP,RAW,,31.9600,USD,49106,2026-06-29
CRD_F8E30FB79C2745469735,SCRYDEX_JP,GRADED,10,,,110120,2026-06-29
CRD_F8E30FB79C2745469735,SCRYDEX_JP,RAW,,3.4100,USD,5239,2026-06-29
CRD_F8ED1A43F2F04EE69ABA,SCRYDEX_JP,RAW,,0.4700,USD,722,2026-06-28
CRD_F90501BB1ECA45259FE2,SCRYDEX_EN,RAW,,12.7000,USD,19513,2026-06-29
CRD_F90501BB1ECA45259FE2,SCRYDEX_JP,GRADED,10,,,101208,2026-06-29
CRD_F90501BB1ECA45259FE2,SCRYDEX_JP,GRADED,9,,,27211,2026-06-29
CRD_F90501BB1ECA45259FE2,SCRYDEX_JP,RAW,,5.1200,USD,7867,2026-06-29
CRD_F90882500EE5480C9161,SCRYDEX_EN,RAW,,0.8700,USD,1331,2026-06-05
CRD_F92431F1799849F1AA74,SCRYDEX_EN,RAW,,3.0400,USD,4649,2026-06-05
CRD_F92431F1799849F1AA74,SCRYDEX_JP,GRADED,10,,,64056,2026-06-29
CRD_F92431F1799849F1AA74,SCRYDEX_JP,GRADED,9,,,20251,2026-06-29
CRD_F92431F1799849F1AA74,SCRYDEX_JP,RAW,,1.3300,USD,2044,2026-06-29
CRD_F92441CD205348ABA0D0,SCRYDEX_EN,RAW,,25.9600,USD,39745,2026-06-22
CRD_F93C79FD4F1A4ADB8589,SCRYDEX_EN,RAW,,33.1300,USD,50904,2026-06-29
CRD_F94CD3EFB93247CD8BD1,SCRYDEX_EN,RAW,,2.0200,USD,3104,2026-06-29
CRD_F94CD3EFB93247CD8BD1,SCRYDEX_JP,GRADED,10,,,48968,2026-06-29
CRD_F94CD3EFB93247CD8BD1,SCRYDEX_JP,GRADED,9,,,13828,2026-06-29
CRD_F94CD3EFB93247CD8BD1,SCRYDEX_JP,RAW,,1.1000,USD,1690,2026-06-29
CRD_F95322AF0A1243D99F83,SCRYDEX_EN,RAW,,879.8200,USD,1351826,2026-06-29
CRD_F95322AF0A1243D99F83,SCRYDEX_JP,GRADED,10,,,1827428,2026-06-29
CRD_F95322AF0A1243D99F83,SCRYDEX_JP,GRADED,9,,,1018640,2026-06-29
CRD_F95322AF0A1243D99F83,SCRYDEX_JP,RAW,,699.1200,USD,1074184,2026-06-29
CRD_F9597DA87C15467681E5,SCRYDEX_EN,RAW,,1.4400,USD,2202,2026-06-05
CRD_F95BEA7A5720433E9FDF,SCRYDEX_EN,RAW,,219.6500,USD,335926,2026-06-05
CRD_F95BEA7A5720433E9FDF,SCRYDEX_JP,GRADED,10,,,3323929,2026-06-29
CRD_F95BEA7A5720433E9FDF,SCRYDEX_JP,RAW,,1805000.0000,KRW,1805000,2026-06-29
CRD_F9792A29F11F4A35AF80,SCRYDEX_EN,RAW,,6.0100,USD,9192,2026-06-05
CRD_F9792A29F11F4A35AF80,SCRYDEX_JP,GRADED,10,,,68757,2026-06-29
CRD_F9792A29F11F4A35AF80,SCRYDEX_JP,GRADED,9,,,17040,2026-06-29
CRD_F9792A29F11F4A35AF80,SCRYDEX_JP,RAW,,3.3600,USD,5163,2026-06-29
CRD_F982F893088B4538AE96,SCRYDEX_EN,RAW,,1.5600,USD,2386,2026-06-05
CRD_F982F893088B4538AE96,SCRYDEX_JP,GRADED,10,,,60338,2026-06-29
CRD_F982F893088B4538AE96,SCRYDEX_JP,GRADED,9,,,12338,2026-06-29
CRD_F982F893088B4538AE96,SCRYDEX_JP,RAW,,1.0600,USD,1629,2026-06-29
CRD_F992B99929D74209A136,SCRYDEX_EN,RAW,,4.7200,USD,7219,2026-06-05
CRD_F992B99929D74209A136,SCRYDEX_JP,GRADED,10,,,138283,2026-06-29
CRD_F992B99929D74209A136,SCRYDEX_JP,GRADED,9,,,30714,2026-06-29
CRD_F992B99929D74209A136,SCRYDEX_JP,RAW,,5.8300,USD,8958,2026-06-29
CRD_F99835774689458C8924,SCRYDEX_EN,RAW,,33.6200,USD,51656,2026-06-29
CRD_F99835774689458C8924,SCRYDEX_JP,GRADED,10,,,89915,2026-06-29
CRD_F99835774689458C8924,SCRYDEX_JP,GRADED,9,,,39119,2026-06-29
CRD_F99835774689458C8924,SCRYDEX_JP,RAW,,13.8000,USD,21203,2026-06-29
CRD_F99BBE338E8843F887F4,SCRYDEX_EN,RAW,,199.0100,USD,305775,2026-06-29
CRD_F99BBE338E8843F887F4,SCRYDEX_JP,GRADED,10,,,426665,2026-06-29
CRD_F99BBE338E8843F887F4,SCRYDEX_JP,GRADED,9,,,215753,2026-06-29
CRD_F99BBE338E8843F887F4,SCRYDEX_JP,RAW,,126.8900,USD,194964,2026-06-29
CRD_F9A376E8D1EA497EABA5,SCRYDEX_EN,RAW,,102.2000,USD,157028,2026-06-29
CRD_F9A376E8D1EA497EABA5,SCRYDEX_JP,GRADED,10,,,260203,2026-06-29
CRD_F9A376E8D1EA497EABA5,SCRYDEX_JP,GRADED,9,,,142985,2026-06-29
CRD_F9A376E8D1EA497EABA5,SCRYDEX_JP,RAW,,100.2700,USD,154063,2026-06-29
CRD_F9A6F62671CB4AE1ADA9,SCRYDEX_EN,RAW,,5.3400,USD,8167,2026-06-05
CRD_F9A6F62671CB4AE1ADA9,SCRYDEX_JP,RAW,,2.8600,USD,4394,2026-06-29
CRD_F9B21FCBE1B640D5ACF7,SCRYDEX_EN,RAW,,0.7700,USD,1178,2026-06-05
CRD_F9B21FCBE1B640D5ACF7,SCRYDEX_JP,GRADED,10,,,17900,2026-06-29
CRD_F9B21FCBE1B640D5ACF7,SCRYDEX_JP,GRADED,9,,,16133,2026-06-29
CRD_F9B21FCBE1B640D5ACF7,SCRYDEX_JP,RAW,,0.3300,USD,507,2026-06-29
CRD_F9B24EA402F141129620,SCRYDEX_EN,RAW,,20.0700,USD,30694,2026-06-05
CRD_F9B24EA402F141129620,SCRYDEX_JP,GRADED,10,,,140142,2026-06-29
CRD_F9B24EA402F141129620,SCRYDEX_JP,GRADED,9,,,92173,2026-06-29
CRD_F9B24EA402F141129620,SCRYDEX_JP,RAW,,7600.0000,KRW,7600,2026-06-29
CRD_FA128DB79B9440E7A6F9,SCRYDEX_EN,RAW,,58.5000,USD,89884,2026-06-29
CRD_FA128DB79B9440E7A6F9,SCRYDEX_JP,GRADED,10,,,171563,2026-06-29
CRD_FA128DB79B9440E7A6F9,SCRYDEX_JP,GRADED,9,,,81787,2026-06-29
CRD_FA128DB79B9440E7A6F9,SCRYDEX_JP,RAW,,36.1500,USD,55544,2026-06-29
CRD_FA1B7AC6670440C287BF,SCRYDEX_EN,RAW,,22.3400,USD,34325,2026-06-29
CRD_FA1B7AC6670440C287BF,SCRYDEX_JP,GRADED,10,,,87579,2026-06-29
CRD_FA1B7AC6670440C287BF,SCRYDEX_JP,RAW,,24.0000,USD,36876,2026-06-29
CRD_FA27D6FC488F4ABEAE4F,SCRYDEX_EN,RAW,,8.6100,USD,13229,2026-06-29
CRD_FA27D6FC488F4ABEAE4F,SCRYDEX_JP,GRADED,10,,,45142,2026-06-29
CRD_FA27D6FC488F4ABEAE4F,SCRYDEX_JP,GRADED,9,,,20742,2026-06-29
CRD_FA27D6FC488F4ABEAE4F,SCRYDEX_JP,RAW,,6.5900,USD,10125,2026-06-29
CRD_FA2D897E8D2644E2BDF3,SCRYDEX_EN,RAW,,7.2400,USD,11073,2026-06-05
CRD_FA2D897E8D2644E2BDF3,SCRYDEX_JP,GRADED,10,,,37383,2026-06-29
CRD_FA2D897E8D2644E2BDF3,SCRYDEX_JP,GRADED,9,,,21434,2026-06-29
CRD_FA2D897E8D2644E2BDF3,SCRYDEX_JP,RAW,,4.5100,USD,6930,2026-06-29
CRD_FA35119D522542FAB6EA,SCRYDEX_EN,RAW,,5.7100,USD,8733,2026-06-05
CRD_FA35119D522542FAB6EA,SCRYDEX_JP,GRADED,10,,,45080,2026-06-29
CRD_FA35119D522542FAB6EA,SCRYDEX_JP,GRADED,9,,,10755,2026-06-29
CRD_FA35119D522542FAB6EA,SCRYDEX_JP,RAW,,8.7300,USD,13413,2026-06-29
CRD_FA3F82848A274CCC8A5A,SCRYDEX_EN,RAW,,1.1300,USD,1728,2026-06-05
CRD_FA3F82848A274CCC8A5A,SCRYDEX_JP,GRADED,10,,,66653,2026-06-29
CRD_FA3F82848A274CCC8A5A,SCRYDEX_JP,GRADED,9,,,31482,2026-06-29
CRD_FA3F82848A274CCC8A5A,SCRYDEX_JP,RAW,,1.3700,USD,2105,2026-06-29
CRD_FA4844F80C824187B97C,SCRYDEX_EN,RAW,,5.9900,USD,9161,2026-06-05
CRD_FA4844F80C824187B97C,SCRYDEX_JP,GRADED,10,,,113822,2026-06-29
CRD_FA4844F80C824187B97C,SCRYDEX_JP,GRADED,9,,,25874,2026-06-29
CRD_FA4844F80C824187B97C,SCRYDEX_JP,RAW,,2.6100,USD,4010,2026-06-29
CRD_FA4BBF0978E1CA423377,SCRYDEX_JP,GRADED,10,,,1800417,2026-06-29
CRD_FA4BBF0978E1CA423377,SCRYDEX_JP,RAW,,422.3200,USD,648886,2026-06-29
CRD_FAA316C56DEC49B9BB70,SCRYDEX_EN,RAW,,43.2500,USD,66453,2026-06-29
CRD_FAA316C56DEC49B9BB70,SCRYDEX_JP,GRADED,10,,,654863,2026-06-29
CRD_FAA316C56DEC49B9BB70,SCRYDEX_JP,GRADED,9,,,353390,2026-06-29
CRD_FAA316C56DEC49B9BB70,SCRYDEX_JP,RAW,,199.9900,USD,307281,2026-06-29
CRD_FACBD44F4AA042459A6A,SCRYDEX_EN,RAW,,1.4800,USD,2263,2026-06-05
CRD_FAF52ACED2AE4C21A3E1,SCRYDEX_EN,RAW,,53.7600,USD,82219,2026-06-05
CRD_FAF52ACED2AE4C21A3E1,SCRYDEX_JP,GRADED,10,,,843758,2026-06-29
CRD_FAF52ACED2AE4C21A3E1,SCRYDEX_JP,RAW,,129.9900,USD,199727,2026-06-29
CRD_FB55D0FF075E4F0EBCBA,SCRYDEX_EN,RAW,,3.3700,USD,5154,2026-06-05
CRD_FB55D0FF075E4F0EBCBA,SCRYDEX_JP,GRADED,10,,,50704,2026-06-29
CRD_FB55D0FF075E4F0EBCBA,SCRYDEX_JP,RAW,,3.7000,USD,5685,2026-06-29
CRD_FB75B64C376D40B982B2,SCRYDEX_EN,RAW,,19.4600,USD,29762,2026-06-05
CRD_FB75B64C376D40B982B2,SCRYDEX_JP,GRADED,10,,,216167,2026-06-29
CRD_FB75B64C376D40B982B2,SCRYDEX_JP,GRADED,9,,,31098,2026-06-29
CRD_FB75B64C376D40B982B2,SCRYDEX_JP,RAW,,8.6400,USD,13275,2026-06-29
CRD_FB98F00A1EE44AB999E2,SCRYDEX_EN,RAW,,312.9700,USD,480872,2026-06-29
CRD_FB98F00A1EE44AB999E2,SCRYDEX_JP,GRADED,10,,,223343,2026-06-29
CRD_FB98F00A1EE44AB999E2,SCRYDEX_JP,GRADED,9,,,99564,2026-06-29
CRD_FB98F00A1EE44AB999E2,SCRYDEX_JP,RAW,,101.3000,USD,155645,2026-06-29
CRD_FBADA9A3BE9246A8BDC3,SCRYDEX_EN,RAW,,9.1600,USD,14009,2026-06-05
CRD_FBADA9A3BE9246A8BDC3,SCRYDEX_JP,GRADED,10,,,122442,2026-06-29
CRD_FBADA9A3BE9246A8BDC3,SCRYDEX_JP,GRADED,9,,,84122,2026-06-29
CRD_FBADA9A3BE9246A8BDC3,SCRYDEX_JP,RAW,,24.5000,USD,37644,2026-06-29
CRD_FBBDC7D73A6A4AF1BDC3,SCRYDEX_EN,RAW,,2.0300,USD,3105,2026-06-05
CRD_FBBDC7D73A6A4AF1BDC3,SCRYDEX_JP,GRADED,10,,,46955,2026-06-29
CRD_FBBDC7D73A6A4AF1BDC3,SCRYDEX_JP,GRADED,9,,,27595,2026-06-29
CRD_FBBDC7D73A6A4AF1BDC3,SCRYDEX_JP,RAW,,2.8300,USD,4348,2026-06-29
CRD_FC031847FF4E4F8989CC,SCRYDEX_EN,RAW,,9.9600,USD,15233,2026-06-05
CRD_FC031847FF4E4F8989CC,SCRYDEX_JP,GRADED,10,,,58002,2026-06-29
CRD_FC031847FF4E4F8989CC,SCRYDEX_JP,GRADED,9,,,23078,2026-06-29
CRD_FC031847FF4E4F8989CC,SCRYDEX_JP,RAW,,5.1500,USD,7913,2026-06-29
CRD_FC1B35E514E5442BBE5C,SCRYDEX_EN,RAW,,8.2900,USD,12678,2026-06-05
CRD_FC1B35E514E5442BBE5C,SCRYDEX_JP,GRADED,10,,,57434,2026-06-29
CRD_FC1B35E514E5442BBE5C,SCRYDEX_JP,GRADED,9,,,19851,2026-06-29
CRD_FC1B35E514E5442BBE5C,SCRYDEX_JP,RAW,,2.5000,USD,3841,2026-06-29
CRD_FC1BC821D02D4F06BD47,SCRYDEX_EN,RAW,,41.9500,USD,64455,2026-06-29
CRD_FC1BC821D02D4F06BD47,SCRYDEX_JP,GRADED,10,,,122611,2026-06-29
CRD_FC1BC821D02D4F06BD47,SCRYDEX_JP,GRADED,9,,,51503,2026-06-29
CRD_FC1BC821D02D4F06BD47,SCRYDEX_JP,RAW,,17.7300,USD,27242,2026-06-29
CRD_FC1C8B1689F940ADBE7B,SCRYDEX_EN,RAW,,1.9800,USD,3042,2026-06-29
CRD_FC1C8B1689F940ADBE7B,SCRYDEX_JP,GRADED,10,,,76809,2026-06-29
CRD_FC1C8B1689F940ADBE7B,SCRYDEX_JP,RAW,,2.7600,USD,4241,2026-06-29
CRD_FC4C68E9A71046EC9744,SCRYDEX_EN,RAW,,20.7200,USD,31836,2026-06-29
CRD_FC4C68E9A71046EC9744,SCRYDEX_JP,GRADED,10,,,49167,2026-06-29
CRD_FC4C68E9A71046EC9744,SCRYDEX_JP,RAW,,11.9800,USD,18407,2026-06-29
CRD_FC6DF7AE850749B381FE,SCRYDEX_EN,RAW,,2.0600,USD,3151,2026-06-05
CRD_FC6DF7AE850749B381FE,SCRYDEX_JP,GRADED,9,,,41408,2026-06-29
CRD_FC6DF7AE850749B381FE,SCRYDEX_JP,RAW,,2375.0000,KRW,2375,2026-06-29
CRD_FC73F3539D0C406098D5,SCRYDEX_EN,RAW,,13.2300,USD,20234,2026-06-05
CRD_FC73F3539D0C406098D5,SCRYDEX_JP,GRADED,10,,,382584,2026-06-29
CRD_FC73F3539D0C406098D5,SCRYDEX_JP,RAW,,90250.0000,KRW,90250,2026-06-29
CRD_FC88002577FE4003A645,SCRYDEX_EN,RAW,,2.5800,USD,3946,2026-06-05
CRD_FC88002577FE4003A645,SCRYDEX_JP,GRADED,10,,,59277,2026-06-29
CRD_FC88002577FE4003A645,SCRYDEX_JP,GRADED,9,,,21511,2026-06-29
CRD_FC88002577FE4003A645,SCRYDEX_JP,RAW,,4.7100,USD,7237,2026-06-29
CRD_FC8D39B72732416CBC06,SCRYDEX_EN,RAW,,0.5300,USD,811,2026-06-05
CRD_FC8D39B72732416CBC06,SCRYDEX_JP,GRADED,10,,,51964,2026-06-29
CRD_FC8D39B72732416CBC06,SCRYDEX_JP,RAW,,0.1900,USD,292,2026-06-29
CRD_FC9AB834D89544B0B4F3,SCRYDEX_EN,RAW,,3.0600,USD,4680,2026-06-05
CRD_FC9AB834D89544B0B4F3,SCRYDEX_JP,GRADED,10,,,47616,2026-06-29
CRD_FC9AB834D89544B0B4F3,SCRYDEX_JP,RAW,,6650.0000,KRW,6650,2026-06-29
CRD_FCAF9FB4219D4D4DB1A0,SCRYDEX_EN,RAW,,0.6800,USD,1040,2026-06-05
CRD_FCAF9FB4219D4D4DB1A0,SCRYDEX_JP,GRADED,10,,,43068,2026-06-28
CRD_FCAF9FB4219D4D4DB1A0,SCRYDEX_JP,GRADED,9,,,22279,2026-06-28
CRD_FCAF9FB4219D4D4DB1A0,SCRYDEX_JP,RAW,,0.4100,USD,630,2026-06-28
CRD_FCBEA5D75C674EA88554,SCRYDEX_EN,RAW,,5.3600,USD,8197,2026-06-05
CRD_FCBEA5D75C674EA88554,SCRYDEX_JP,GRADED,10,,,54115,2026-06-29
CRD_FCBEA5D75C674EA88554,SCRYDEX_JP,GRADED,9,,,30730,2026-06-29
CRD_FCBEA5D75C674EA88554,SCRYDEX_JP,RAW,,7.0200,USD,10786,2026-06-29
CRD_FCE1C605BB654E2BBC63,SCRYDEX_EN,RAW,,4.4000,USD,6729,2026-06-05
CRD_FCE1C605BB654E2BBC63,SCRYDEX_JP,GRADED,10,,,345769,2026-06-29
CRD_FCE1C605BB654E2BBC63,SCRYDEX_JP,RAW,,17100.0000,KRW,17100,2026-06-29
CRD_FD0EEE3A4AF547399878,SCRYDEX_JP,GRADED,10,,,4148665,2026-06-29
CRD_FD0EEE3A4AF547399878,SCRYDEX_JP,GRADED,9,,,1071111,2026-06-29
CRD_FD0EEE3A4AF547399878,SCRYDEX_JP,RAW,,175.3000,USD,269345,2026-06-29
CRD_FD350229536F48219366,SCRYDEX_EN,RAW,,4.6200,USD,7066,2026-06-05
CRD_FD350229536F48219366,SCRYDEX_JP,GRADED,10,,,49321,2026-06-29
CRD_FD350229536F48219366,SCRYDEX_JP,GRADED,9,,,22202,2026-06-29
CRD_FD350229536F48219366,SCRYDEX_JP,RAW,,2.1400,USD,3288,2026-06-29
CRD_FD45A140AA334C83958D,SCRYDEX_EN,RAW,,4.8100,USD,7356,2026-06-05
CRD_FD45A140AA334C83958D,SCRYDEX_JP,GRADED,10,,,59554,2026-06-29
CRD_FD45A140AA334C83958D,SCRYDEX_JP,GRADED,9,,,26059,2026-06-29
CRD_FD45A140AA334C83958D,SCRYDEX_JP,RAW,,5.1000,USD,7836,2026-06-29
CRD_FD5DD2EE993546CAA758,SCRYDEX_EN,RAW,,21.2600,USD,32666,2026-06-29
CRD_FD5DD2EE993546CAA758,SCRYDEX_JP,GRADED,10,,,107139,2026-06-29
CRD_FD5DD2EE993546CAA758,SCRYDEX_JP,GRADED,9,,,26120,2026-06-29
CRD_FD5DD2EE993546CAA758,SCRYDEX_JP,RAW,,9.7600,USD,14996,2026-06-29
CRD_FD9334E6BCA74689AECC,SCRYDEX_EN,RAW,,2.8300,USD,4328,2026-06-05
CRD_FD9334E6BCA74689AECC,SCRYDEX_JP,GRADED,10,,,45603,2026-06-29
CRD_FD9334E6BCA74689AECC,SCRYDEX_JP,RAW,,3.5400,USD,5439,2026-06-29
CRD_FD9857DC05B1489C8909,SCRYDEX_EN,RAW,,0.6600,USD,1009,2026-06-05
CRD_FD9857DC05B1489C8909,SCRYDEX_JP,GRADED,10,,,38842,2026-06-29
CRD_FD9857DC05B1489C8909,SCRYDEX_JP,GRADED,9,,,27518,2026-06-29
CRD_FD9857DC05B1489C8909,SCRYDEX_JP,RAW,,0.3200,USD,492,2026-06-29
CRD_FDBA381E42DC4D1BAE86,SCRYDEX_EN,RAW,,28.4500,USD,43713,2026-06-29
CRD_FDBA381E42DC4D1BAE86,SCRYDEX_JP,GRADED,10,,,113776,2026-06-29
CRD_FDBA381E42DC4D1BAE86,SCRYDEX_JP,GRADED,9,,,35523,2026-06-29
CRD_FDBA381E42DC4D1BAE86,SCRYDEX_JP,RAW,,15.9200,USD,24461,2026-06-29
CRD_FDC7930C5EE84F0A96EF,SCRYDEX_EN,RAW,,12.7800,USD,19545,2026-06-05
CRD_FDD4ACFC9A3E4E2A8251,SCRYDEX_EN,RAW,,8.7900,USD,13443,2026-06-05
CRD_FDD4ACFC9A3E4E2A8251,SCRYDEX_JP,GRADED,10,,,75165,2026-06-29
CRD_FDD4ACFC9A3E4E2A8251,SCRYDEX_JP,GRADED,9,,,28456,2026-06-29
CRD_FDD4ACFC9A3E4E2A8251,SCRYDEX_JP,RAW,,8.7700,USD,13475,2026-06-29
CRD_FE046994C7284B68A4F7,SCRYDEX_EN,RAW,,8.2200,USD,12571,2026-06-05
CRD_FE046994C7284B68A4F7,SCRYDEX_JP,GRADED,10,,,61044,2026-06-29
CRD_FE046994C7284B68A4F7,SCRYDEX_JP,GRADED,9,,,21419,2026-06-29
CRD_FE046994C7284B68A4F7,SCRYDEX_JP,RAW,,3.0400,USD,4671,2026-06-29
CRD_FE0B395843164577B4EF,SCRYDEX_EN,RAW,,12.1200,USD,18622,2026-06-29
CRD_FE20328DB07A4AA9AE98,SCRYDEX_EN,RAW,,92.8800,USD,142708,2026-06-29
CRD_FE20328DB07A4AA9AE98,SCRYDEX_JP,GRADED,10,,,163528,2026-06-29
CRD_FE20328DB07A4AA9AE98,SCRYDEX_JP,GRADED,9,,,74827,2026-06-29
CRD_FE20328DB07A4AA9AE98,SCRYDEX_JP,RAW,,42.5900,USD,65439,2026-06-29
CRD_FE2362DA8BC245B88CB2,SCRYDEX_EN,RAW,,71.0800,USD,109213,2026-06-29
CRD_FE2362DA8BC245B88CB2,SCRYDEX_JP,GRADED,10,,,198605,2026-06-29
CRD_FE2362DA8BC245B88CB2,SCRYDEX_JP,GRADED,9,,,100117,2026-06-29
CRD_FE2362DA8BC245B88CB2,SCRYDEX_JP,RAW,,66.4900,USD,102161,2026-06-29
CRD_FE32D3EB75B042BE97D0,SCRYDEX_EN,RAW,,43.9200,USD,67482,2026-06-29
CRD_FE32D3EB75B042BE97D0,SCRYDEX_JP,GRADED,10,,,65807,2026-06-29
CRD_FE32D3EB75B042BE97D0,SCRYDEX_JP,GRADED,9,,,19129,2026-06-29
CRD_FE32D3EB75B042BE97D0,SCRYDEX_JP,RAW,,6.0200,USD,9250,2026-06-29
CRD_FE47117BF3F441FEA5A6,SCRYDEX_EN,RAW,,52.0500,USD,79974,2026-06-29
CRD_FE47117BF3F441FEA5A6,SCRYDEX_JP,GRADED,10,,,2389211,2026-06-29
CRD_FE47117BF3F441FEA5A6,SCRYDEX_JP,GRADED,9,,,378312,2026-06-29
CRD_FE47117BF3F441FEA5A6,SCRYDEX_JP,RAW,,225.0000,USD,345708,2026-06-29
CRD_FE519E8935A64B4F9C41,SCRYDEX_EN,RAW,,0.9100,USD,1392,2026-06-05
CRD_FE519E8935A64B4F9C41,SCRYDEX_JP,RAW,,1.5100,USD,2320,2026-06-29
CRD_FE5D7A94A7D447F39D4A,SCRYDEX_EN,RAW,,133.2300,USD,204705,2026-06-29
CRD_FE5D7A94A7D447F39D4A,SCRYDEX_JP,GRADED,10,,,368279,2026-06-29
CRD_FE5D7A94A7D447F39D4A,SCRYDEX_JP,GRADED,9,,,181428,2026-06-29
CRD_FE5D7A94A7D447F39D4A,SCRYDEX_JP,RAW,,97.5500,USD,149884,2026-06-29
CRD_FE6051706DB64BF286A3,SCRYDEX_EN,RAW,,2.7300,USD,4195,2026-06-29
CRD_FE6051706DB64BF286A3,SCRYDEX_JP,GRADED,10,,,38904,2026-06-29
CRD_FE6051706DB64BF286A3,SCRYDEX_JP,GRADED,9,,,19974,2026-06-29
CRD_FE6051706DB64BF286A3,SCRYDEX_JP,RAW,,0.8100,USD,1245,2026-06-29
CRD_FE67CA965F3142E49547,SCRYDEX_EN,RAW,,2.3600,USD,3609,2026-06-05
CRD_FE67CA965F3142E49547,SCRYDEX_JP,GRADED,10,,,45680,2026-06-29
CRD_FE67CA965F3142E49547,SCRYDEX_JP,GRADED,9,,,23047,2026-06-29
CRD_FE67CA965F3142E49547,SCRYDEX_JP,RAW,,1.2600,USD,1936,2026-06-29
CRD_FE7A2CCC9AFB4044AD37,SCRYDEX_EN,RAW,,37.9300,USD,58279,2026-06-29
CRD_FE7A2CCC9AFB4044AD37,SCRYDEX_JP,GRADED,10,,,943629,2026-06-29
CRD_FE7A2CCC9AFB4044AD37,SCRYDEX_JP,GRADED,9,,,361826,2026-06-29
CRD_FE7A2CCC9AFB4044AD37,SCRYDEX_JP,RAW,,350.0000,USD,522179,2026-05-14
CRD_FE896876501E400DB1B9,SCRYDEX_EN,RAW,,1.1200,USD,1713,2026-06-05
CRD_FE896876501E400DB1B9,SCRYDEX_JP,GRADED,10,,,39764,2026-06-29
CRD_FE896876501E400DB1B9,SCRYDEX_JP,RAW,,0.6700,USD,1029,2026-06-29
CRD_FE90D7E40EDE45F6B3D5,SCRYDEX_EN,RAW,,58.1700,USD,89377,2026-06-29
CRD_FE90D7E40EDE45F6B3D5,SCRYDEX_JP,GRADED,10,,,205320,2026-06-29
CRD_FE90D7E40EDE45F6B3D5,SCRYDEX_JP,GRADED,9,,,65285,2026-06-29
CRD_FE90D7E40EDE45F6B3D5,SCRYDEX_JP,RAW,,31.4500,USD,48322,2026-06-29
CRD_FEAFF0B8A8FD47979EFA,SCRYDEX_EN,RAW,,5.8200,USD,8901,2026-06-05
CRD_FEAFF0B8A8FD47979EFA,SCRYDEX_JP,GRADED,10,,,56773,2026-06-29
CRD_FEAFF0B8A8FD47979EFA,SCRYDEX_JP,GRADED,9,,,28748,2026-06-29
CRD_FEAFF0B8A8FD47979EFA,SCRYDEX_JP,RAW,,3.8100,USD,5854,2026-06-29
CRD_FEC343BD9F0F4A36ABE1,SCRYDEX_EN,RAW,,1.3300,USD,2034,2026-06-05
CRD_FEC343BD9F0F4A36ABE1,SCRYDEX_JP,GRADED,10,,,74135,2026-06-29
CRD_FEC343BD9F0F4A36ABE1,SCRYDEX_JP,RAW,,2.2400,USD,3442,2026-06-29
CRD_FED5150373E949A7B4AC,SCRYDEX_EN,RAW,,7.6600,USD,11715,2026-06-05
CRD_FED5150373E949A7B4AC,SCRYDEX_JP,GRADED,10,,,81218,2026-06-29
CRD_FED5150373E949A7B4AC,SCRYDEX_JP,GRADED,9,,,27180,2026-06-29
CRD_FED5150373E949A7B4AC,SCRYDEX_JP,RAW,,5.8000,USD,8912,2026-06-29
CRD_FEFAF7CBA0EE46E7AC20,SCRYDEX_EN,RAW,,0.9200,USD,1414,2026-06-29
CRD_FEFAF7CBA0EE46E7AC20,SCRYDEX_JP,GRADED,10,,,38212,2026-06-29
CRD_FEFAF7CBA0EE46E7AC20,SCRYDEX_JP,RAW,,0.2600,USD,399,2026-06-29
CRD_FF09AC615D4A4B22B433,SCRYDEX_EN,RAW,,19.8800,USD,30545,2026-06-29
CRD_FF09AC615D4A4B22B433,SCRYDEX_JP,GRADED,10,,,96260,2026-06-29
CRD_FF09AC615D4A4B22B433,SCRYDEX_JP,GRADED,9,,,25290,2026-06-29
CRD_FF09AC615D4A4B22B433,SCRYDEX_JP,RAW,,12.7900,USD,19652,2026-06-29
CRD_FF1552C5F5BD478284DD,SCRYDEX_EN,RAW,,10.1000,USD,15518,2026-06-29
CRD_FF1552C5F5BD478284DD,SCRYDEX_JP,GRADED,10,,,125899,2026-06-29
CRD_FF1552C5F5BD478284DD,SCRYDEX_JP,GRADED,9,,,31575,2026-06-29
CRD_FF1552C5F5BD478284DD,SCRYDEX_JP,RAW,,7.1300,USD,10955,2026-06-29
CRD_FF1CF3010C544E30908E,SCRYDEX_EN,RAW,,0.6800,USD,1040,2026-06-05
CRD_FF1CF3010C544E30908E,SCRYDEX_JP,GRADED,10,,,12369,2026-06-29
CRD_FF1CF3010C544E30908E,SCRYDEX_JP,RAW,,0.2800,USD,430,2026-06-29
CRD_FF2705137ED74AB383C1,SCRYDEX_EN,RAW,,2.4100,USD,3686,2026-06-05
CRD_FF2705137ED74AB383C1,SCRYDEX_JP,GRADED,10,,,36445,2026-06-29
CRD_FF2705137ED74AB383C1,SCRYDEX_JP,GRADED,9,,,30730,2026-06-29
CRD_FF2705137ED74AB383C1,SCRYDEX_JP,RAW,,2.1400,USD,3288,2026-06-29
CRD_FF3213DF87294320874D,SCRYDEX_EN,RAW,,15.6300,USD,24015,2026-06-29
CRD_FF3213DF87294320874D,SCRYDEX_JP,GRADED,10,,,256838,2026-06-29
CRD_FF3213DF87294320874D,SCRYDEX_JP,GRADED,9,,,55313,2026-06-29
CRD_FF3213DF87294320874D,SCRYDEX_JP,RAW,,25.6900,USD,39472,2026-06-29
CRD_FF3AB4F575D74BC39C88,SCRYDEX_EN,RAW,,77.6600,USD,119323,2026-06-29
CRD_FF3AB4F575D74BC39C88,SCRYDEX_JP,GRADED,10,,,266195,2026-06-29
CRD_FF3AB4F575D74BC39C88,SCRYDEX_JP,GRADED,9,,,96476,2026-06-29
CRD_FF3AB4F575D74BC39C88,SCRYDEX_JP,RAW,,45.3800,USD,69725,2026-06-29
CRD_FF43D0C9318B45C5AAE4,SCRYDEX_EN,RAW,,0.8300,USD,1269,2026-06-05
CRD_FF43D0C9318B45C5AAE4,SCRYDEX_JP,GRADED,10,,,51626,2026-06-29
CRD_FF43D0C9318B45C5AAE4,SCRYDEX_JP,RAW,,0.6600,USD,1014,2026-06-29
CRD_FF5337092E8945C18E38,SCRYDEX_EN,RAW,,10.6600,USD,16379,2026-06-29
CRD_FF5337092E8945C18E38,SCRYDEX_JP,GRADED,10,,,155569,2026-06-29
CRD_FF5337092E8945C18E38,SCRYDEX_JP,RAW,,13.6600,USD,20988,2026-06-29
CRD_FF559B81865C4993A3E0,SCRYDEX_EN,RAW,,1.5800,USD,2416,2026-06-05
CRD_FF559B81865C4993A3E0,SCRYDEX_JP,GRADED,10,,,62504,2026-06-29
CRD_FF559B81865C4993A3E0,SCRYDEX_JP,GRADED,9,,,22540,2026-06-29
CRD_FF559B81865C4993A3E0,SCRYDEX_JP,RAW,,0.6400,USD,983,2026-06-29
CRD_FF58AC269F384D2DB169,SCRYDEX_EN,RAW,,27.8500,USD,42791,2026-06-29
CRD_FF58AC269F384D2DB169,SCRYDEX_JP,GRADED,10,,,75334,2026-06-29
CRD_FF58AC269F384D2DB169,SCRYDEX_JP,GRADED,9,,,31022,2026-06-29
CRD_FF58AC269F384D2DB169,SCRYDEX_JP,RAW,,5.8700,USD,9019,2026-06-29
CRD_FF670CCC91074D59B18C,SCRYDEX_EN,RAW,,21.0800,USD,32389,2026-06-29
CRD_FF670CCC91074D59B18C,SCRYDEX_JP,GRADED,10,,,50765,2026-06-29
CRD_FF670CCC91074D59B18C,SCRYDEX_JP,GRADED,9,,,13060,2026-06-29
CRD_FF670CCC91074D59B18C,SCRYDEX_JP,RAW,,9.7500,USD,14981,2026-06-29
CRD_FF698E3711E2487B8D9F,SCRYDEX_EN,RAW,,2.2700,USD,3472,2026-06-05
CRD_FF698E3711E2487B8D9F,SCRYDEX_JP,GRADED,10,,,58555,2026-06-29
CRD_FF698E3711E2487B8D9F,SCRYDEX_JP,GRADED,9,,,22202,2026-06-29
CRD_FF698E3711E2487B8D9F,SCRYDEX_JP,RAW,,2.6100,USD,4010,2026-06-29
CRD_FF7B16FA257D49BD8EB5,SCRYDEX_EN,RAW,,2.5100,USD,3839,2026-06-05
CRD_FF89828CCBB14368BDA7,SCRYDEX_EN,RAW,,0.8400,USD,1285,2026-06-05
CRD_FFAB6C584CD745B9A717,SCRYDEX_EN,RAW,,10.5900,USD,16196,2026-06-05
CRD_FFAB6C584CD745B9A717,SCRYDEX_JP,GRADED,10,,,322599,2026-06-29
CRD_FFAB6C584CD745B9A717,SCRYDEX_JP,GRADED,9,,,23969,2026-06-29
CRD_FFAB6C584CD745B9A717,SCRYDEX_JP,RAW,,7.9900,USD,12276,2026-06-29
CRD_FFCC0F8CED874CC72C77,SCRYDEX_JP,RAW,,0.6700,USD,1029,2026-06-29
CRD_FFD29F9A67B34EF2988F,SCRYDEX_EN,RAW,,8.3000,USD,12523,2026-06-16
CRD_FFD29F9A67B34EF2988F,SCRYDEX_JP,GRADED,10,,,202923,2026-06-29
CRD_FFD29F9A67B34EF2988F,SCRYDEX_JP,GRADED,9,,,55283,2026-06-29
CRD_FFD29F9A67B34EF2988F,SCRYDEX_JP,RAW,,12.4100,USD,19068,2026-06-29
CRD_FFD938BCA721439FA9A9,SCRYDEX_EN,RAW,,41.4600,USD,63702,2026-06-29
CRD_FFD938BCA721439FA9A9,SCRYDEX_JP,GRADED,10,,,85782,2026-06-29
CRD_FFD938BCA721439FA9A9,SCRYDEX_JP,RAW,,49400.0000,KRW,49400,2026-06-29
CRD_FFE751C555274A6BAA16,SCRYDEX_EN,RAW,,0.8500,USD,1300,2026-06-05
CRD_FFE751C555274A6BAA16,SCRYDEX_JP,GRADED,10,,,61475,2026-06-29
CRD_FFE751C555274A6BAA16,SCRYDEX_JP,RAW,,0.4400,USD,676,2026-06-29
CRD_FFEB4B8D7D704A0DA7BA,SCRYDEX_EN,RAW,,0.7300,USD,1116,2026-06-05
CRD_FFEB4B8D7D704A0DA7BA,SCRYDEX_JP,RAW,,0.3400,USD,522,2026-06-29
CRD_FFF8E815F394423595FC,SCRYDEX_EN,RAW,,10.1800,USD,15569,2026-06-05
CRD_FFF8E815F394423595FC,SCRYDEX_JP,GRADED,10,,,122596,2026-06-29
CRD_FFF8E815F394423595FC,SCRYDEX_JP,RAW,,123500.0000,KRW,123500,2026-06-29
