CRD_00182F81CA884726A6BB|SR|JP|10313|10321|27872|27776
CRD_003510A0066E4AF58922|AR|JP|4120|3690|14004|13895
CRD_0045DA17CE1F46BFB915|RR|EN|3318|2510|18444|18444
CRD_0052886022F54674939E|SR|JP|642|642|2321|2321
CRD_0060AA44D0824398AB42|SR|EN|685|635|1162|1162
CRD_007D898667D84D8F9B7E|SR|JP|8493|8491|151649|151621
CRD_0099D36F822141DF8467|PR|EN|438|438|1346|1346
CRD_00A1C8B22B694905AABF|RR|EN|988|750|5490|5490
CRD_00B0A094D2434026AD56|CHR|JP|1010|1040|2959|3034
CRD_00C3F08C0B7C41B1A2DA|SR|JP|2209|2204|5932|5931
CRD_00D37F11A42A4F6EAD16|RR|JP|15236|12380|45518|45509
CRD_010576BAD6694C708F4E|AR|EN|1470|1330|20786|20798
CRD_010A7FF3B3854654B6A1|SR|JP|1312|1312|16735|16732
CRD_0121009428B847BEBE66|RR|EN|2704|2671|15034|15034
CRD_013491CECA2E446F9AB8|RR|EN|231|170|1285|1285
CRD_014588FE8AC842E3A70E|SR|EN|5051|5050|37882|37882
CRD_0146657C0E674996969C|RR|JP|30462|24750|91005|90988
CRD_0161FB6AE117410F872F|SR|EN|13199|13140|98196|97769
CRD_017439C155E14354863F|AR|EN|4430|4120|91263|91124
CRD_017C5386A8B64234B9C7|SR|JP|639|637|1714|1714
CRD_018725C657AC494C8687|SR|JP|1673|1674|4491|4505
CRD_01AD02026ECC4FEDBF4F|PR|EN|2385|2385|7326|7326
CRD_01E1A15D9BF64FB3A102|RR|JP|919|750|2746|2746
CRD_01EBD72E8D2B4C3486D6|HR|JP|8220|9820|25568|25561
CRD_0212FE92DB3D42B3980A|AR|EN|1920|1840|13734|13734
CRD_0236FAB9C7144005ABC7|SR|JP|746|744|2002|2002
CRD_023DB72F38FC4C87B95B|SAR|EN|63500|76160|766909|780875
CRD_0240A6FE69024ADCAB57|SR|JP|6594|6578|17706|17703
CRD_0247DE71AB2140BEBBF8|AR|JP|1070|990|3718|3717
CRD_02610BA308E64C70A526|AR|JP|1110|1030|3945|3868
CRD_027EB7AC44174C879264|SR|JP|961|924|2488|2488
CRD_029907DF1DDC4963B94E|AR|JP|2830|2630|9893|9906
CRD_02A3EEACB0F74D7F97B6|SR|JP|537|541|1487|1456
CRD_02BB3BE76CE644A993D6|SR|JP|2667|2661|7161|7160
CRD_02C67022C498491C944C|SR|EN|48520|52610|336041|335979
CRD_02C8FFC4897D4C2288DF|AR|EN|1790|1700|20708|20708
CRD_02EF6DD76D804F69A99C|SR|JP|644|660|1730|1775
CRD_02F5CFB869144C589BF7|SR|EN|1387|1386|8320|8320
CRD_02FBE86D930D4D10A90C|RR|EN|259|200|1438|1438
CRD_0320E0D5056F4FBDB33A|SR|EN|51480|55530|328287|322235
CRD_0323B3DF18D24127932E|AR|JP|1630|1530|5675|5749
CRD_032F065F3B1D42379FF6|RR|EN|1600|1150|20316|20312
CRD_034271D298BA46158444|CHR|JP|850|850|2488|2457
CRD_0349CF2E05594460B06B|RR|JP|5079|4130|15172|15170
CRD_035B0C7E2A9E47CA878C|RR|EN|1455|1100|8090|8090
CRD_03969BCA263B42ACB41A|HR|JP|3790|4490|11789|11696
CRD_03D070826E284B2A9384|AR|EN|2110|1990|16204|16414
CRD_0400517F2E89441EAC81|SAR|JP|108450|113450|228877|228289
CRD_0421FACBD6704E71B2CE|PR|JP|1232|1232|14411|14411
CRD_0422D05B3FF54A3F9FB8|SAR|JP|15030|15280|49038|49726
CRD_042BA07087FB420BABAE|RR|EN|190|140|1147|1147
CRD_042E784E8ED640CF929D|RR|JP|5074|4120|15157|15155
CRD_047131CE3AB3482C8F7F|UR|JP|2843|2725|6008|6007
CRD_04AF7F36245442EBBCF9|RR|EN|270|200|1499|1499
CRD_04C479651A454FB3A8D3|RR|EN|280|180|3349|3349
CRD_04E476A38A5347C9B184|AR|JP|1080|990|3763|3717
CRD_04E7F61A130E41B8AE30|SR|JP|3441|3422|9241|9208
CRD_04F21DB3B3794D47B1C9|RR|EN|674|510|3747|3747
CRD_0506892D3B1B40D3BBF2|AR|EN|3420|3250|46003|45995
CRD_05103ACFA2DD4C54AC51|RR|EN|1970|1370|11516|11559
CRD_0512DE9EF51D4BE39554|SAR|EN|10950|10800|210564|212088
CRD_05147F0295684127A3F6|AR|EN|1430|1230|24670|24681
CRD_053F45EBABE44DD09C9B|AR|EN|40750|46750|616990|618833
CRD_0542ACBB4B534F2A8089|SR|JP|1079|1077|2898|2897
CRD_0548814E2096488481FF|SR|JP|1863|1841|6737|6659
CRD_054B8B1A8D90438899B1|SR|EN|7725|7723|57933|57933
CRD_05613B885FD5443C8BC8|SAR|EN|2610|2640|31119|31068
CRD_0596431CCC63469EA0C3|SR|EN|13340|13150|79398|78276
CRD_059BC58882F1444791AD|RR|EN|22010|15970|176153|179078
CRD_05A7C02B26DC4C7B8CDE|RR|JP|2910|2360|8694|8692
CRD_05B09E19DF994717ADC4|HR|JP|4900|5830|15172|15170
CRD_05BEE743A1F84904ADE4|AR|EN|1030|1020|16007|16019
CRD_05D7F2E3587346D5BC44|SR|JP|2385|2379|6403|6402
CRD_05EA83500DDE4FE39A00|AR|EN|2960|2760|32166|31811
CRD_05EEC7741BAF4827B1B7|RR|EN|1400|1060|7723|7721
CRD_0606801AD7A847EF992E|RR|JP|528|430|1578|1578
CRD_0630709EA5124F718749|AR|EN|640|600|5689|5689
CRD_065512D143D348EDBE3E|RR|JP|757|650|2367|2382
CRD_0672E08240B840E58C03|SR|JP|2079|2074|5583|5582
CRD_06740DF77DAB42EB94FC|AR|EN|4640|4310|35640|33571
CRD_06913448CCA04DE6B272|AR|JP|880|820|3080|3079
CRD_069D993EF5274D81B98E|RR|EN|170|140|6286|6286
CRD_06B5F77BEF2A4FCE9B9B|AR|JP|800|730|2792|2746
CRD_06CEAC2A8B35426D926A|RR|EN|1340|990|9574|9574
CRD_06D78B5B12AC4475BDA5|HR|JP|5240|6230|16219|16216
CRD_070B71AF46134ABAB790|RRR|EN|670|400|2753|2753
CRD_074346DE46AC4F019E17|CHR|JP|9310|9300|27022|27017
CRD_075869C1BFF3489794D1|SR|JP|1548|1545|4157|4156
CRD_0764FF85AFFD44039B19|SR|JP|855|855|10909|10907
CRD_077EAB8DA2FB416FBA52|AR|EN|2410|2260|18374|19129
CRD_07B17A05B9584311B888|SR|JP|1430|1404|3839|3777
CRD_07C8867477114A5E9490|AR|EN|7140|6650|82796|84435
CRD_07E30AB6E1C54457BB2D|SAR|EN|4910|4290|47035|46207
CRD_080B6E0862C44602A883|RRR|EN|890|510|10216|10216
CRD_0810CE32B1AB400B95BA|SR|JP|4907|4906|62587|62575
CRD_08208815CA6B42DFB7C7|SR|JP|1243|1240|3338|3337
CRD_08372C116D1A44CE82AB|SR|EN|510|550|9329|9329
CRD_0839A3235BFC40C7A767|SR|JP|10206|10203|130165|130141
CRD_088D2EC7F19046DCB5F5|RR|JP|147|120|440|440
CRD_088EFCFA66FD4762A236|PR|PROMO_DIRECT|76258|75848||
CRD_08B2DC8AD0B04FF58A33|AR|EN|1000|950|17995|17961
CRD_08D8EFD7132A4E838F53|SR|JP|576|575|1548|1547
CRD_08E2001528D84351A367|RR|JP|381|290|1138|1077
CRD_090216855FE241EFB18B|SR|JP|21026|21053|268174|268534
CRD_0902F4E6CC9047A98559|PR|JP|4272|4271|49963|49954
CRD_090C5C6FE6B34BC0A9E7|UR|JP|17067|16356|36065|36058
CRD_0913C93AC0DD43E58008|UR|EN|7127|5921|19451|19705
CRD_0916BCC640C24E4088BB|AR|EN|4290|3950|61433|64077
CRD_091DC06176614517B5E1|SR|JP|26765|26758|341393|341303
CRD_092D58F7609842FEA757|AR|EN|930|870|9543|9543
CRD_093AB925F0C14BB1BFF6|HR|JP|58730|52500|561382|561279
CRD_093F671F8D0F4F349B81|RR|EN|1310|910|8534|8534
CRD_09516DD8E2C14A009B0E|SR|JP|2711|2710|34578|34572
CRD_095AFC71458E492189E1|AR|EN|900|850|9589|9589
CRD_096403B193C94990A6F0|RRR|JP|17992|16480|47960|47860
CRD_0989252EF29D4FAB9599|RR|EN|4610|3210|34138|34193
CRD_09A1CB4E6B9E4002ACA2|AR|EN|2330|2270|20119|19918
CRD_09AAD6A024434832A88A|RR|JP|7618|6190|22761|22755
CRD_09BE4064BBF541EE8222|SR|JP|1577|1556|4218|4187
CRD_09EFFE8F5F8C4A58A5DD|SR|JP|1062|1060|2852|2852
CRD_0A1D6B89377D433F8DC2|RR|JP|2052|1670|6130|6129
CRD_0A4BC771BE0743608661|SM-P|EN|11872|11869|36460|36460
CRD_0A536D17231946EBBE81|AR|EN|9580|8820|78351|78898
CRD_0A903CAA6FAE43DA81D3|PR|EN|9880|9830|36261|36261
CRD_0A986E45BB20474CB2BF|RR|EN|157|120|872|872
CRD_0AB4A2D2E3654FD69744|SR|JP|2618|2617|9468|9466
CRD_0AC16029AD564BF68326|SR|JP|1242|1242|4491|4490
CRD_0AD03EC9544B43B4AF4F|RR|JP|828|670|2473|2473
CRD_0AD2B95BE4924784A6C4|AR|EN|1990|1820|16432|17020
CRD_0AF83E61B4874FECB22C|AR|EN|3710|3390|48871|48012
CRD_0B145711AB734536AD63|HR|JP|3890|4650|12092|12090
CRD_0B17CA38B6334F20B964|RR|JP|401|330|1199|1198
CRD_0B188D85E3A44B03D1BA|PR|PROMO_DIRECT|1231100|1231100||
CRD_0B22E2A33CB14A99888F|SR|EN|960|800|4298|4298
CRD_0B59EFE11F824CC29403|RR|JP|264|220|789|804
CRD_0B59FFD0541D47B4BE4A|RR|EN|2720|1900|20316|20312
CRD_0B5E6A47F7A34237A44A|HR|JP|2980|3540|9210|9208
CRD_0B802D98F17B44E8B194|RR|JP|1798|1460|5371|5370
CRD_0B84E98684704E7CBB0F|AR|EN|2140|1980|50949|50879
CRD_0BB77FE2EEEC4F359733|SM-P|EN|1230|1230|3748|3747
CRD_0BBA24DF2AA04E9F8934|SR|JP|803|803|10241|10240
CRD_0BCE4311895A4715B616|RR|JP|924|750|2761|2761
CRD_0BDAE7D89E874FAF958A|PR|EN|121836|121804|374160|374160
CRD_0BDC07CD5DF04DCC8A26|RR|JP|33011|26830|98621|98603
CRD_0C0972C263B343A4BB0D|RR|JP|213|170|637|637
CRD_0C103A2D31494C7580E2|HR|JP|9280|11030|28706|28701
CRD_0C248A94127B49FB8F15|RR|JP|1930|1570|5766|5764
CRD_0C3A374FCCE5445B84A9|UR|EN|8030|8400|35215|35194
CRD_0C3B052D2AB54CD8908B|RR|EN|160|110|1162|1162
CRD_0C3B183FCB4142F2B7B8|RR|JP|2595|2110|7753|7752
CRD_0C741136B4054397BC6E|SR|JP|8157|8155|121380|121358
CRD_0C99B90A478B44A1BA11|SR|JP|3824|3823|68276|68264
CRD_0CB06AA60B6E4470B9A9|AR|JP|730|700|2534|2640
CRD_0CE1AB32F2CE46FFAA8B|SR|EN|5060|5460|38128|38895
CRD_0CFBA7BBD78645C38955|SSR|JP|5486|4930|14323|14320
CRD_0D1FEC3632AD4FED9507|AR|EN|17180|15900|160692|160541
CRD_0D218B96159B4E51AEC8|AR|EN|2020|1900|16578|16578
CRD_0D226425CE0B4E138078|RRR|EN|530|320|2753|2753
CRD_0D4FF129CB84410FBD8E|RR|EN|272|200|1514|1514
CRD_0D77F9604B9641DF9650|HR|JP|6540|8260|20240|21495
CRD_0DB9B4215B8140FAAA2E|RR|EN|270|200|2111|2111
CRD_0DE14A2FC85947DF989A|SR|EN|929|860|1575|1575
CRD_0DF80E4557DE4819B172|RR|EN|798|600|4435|4435
CRD_0DF9D911B2F24858BFB0|AR|EN|1170|1060|12608|12834
CRD_0E12AB50D23D4953B0AF|AR|EN|990|930|11088|11088
CRD_0E1312500C6C4F61A04D|SR|JP|4252|4251|54227|54217
CRD_0E33DD1809A342308392|SR|JP|882|879|2367|2366
CRD_0E3F03D6041B4CED87B9|AR|EN|1460|1370|11379|11379
CRD_0E49A59862734A4BA71B|RR|JP|2478|2010|7404|7403
CRD_0E5CE3102B684AB7B177|RR|EN|839|700|5173|5127
CRD_0E86D1DB89544CD7A643|AR|EN|4590|4250|67047|67035
CRD_0E8F6A83F9C24975A316|AR|EN|1770|1650|13474|13474
CRD_0EA9A767E8E64BC7B5D3|HR|EN|6340|7540|20650|20646
CRD_0ED2317A116F4980A7F8|RR|EN|253|190|1407|1407
CRD_0ED50328C342401E80A4|SR|JP|8387|8385|30330|30324
CRD_0EDD68B570E1472FB48A|SR|JP|842|846|2261|2275
CRD_0EE4BA587BCC48B1B807|CHR|JP|9020|9230|26446|26805
CRD_0EF858A4F6FE457E848E|SR|JP|898|896|2412|2412
CRD_0F321114788E4CC0A5AB|PR|EN|4492|4491|13686|13683
CRD_0F66DA7EFE8642B8BEC7|RR|JP|381|310|1138|1138
CRD_0F7A7025AB184454A00D|RR|JP|508|410|1517|1517
CRD_0F7BC33D863F44F7AA78|SR|EN|2399|2221|4068|4068
CRD_0F804851962E40E59955|RR|EN|24850|17280|180219|180186
CRD_0F8A51DF3CF3497BAD9D|SR|JP|1145|1158|4141|4187
CRD_0F948BF5021D42F9BF8F|RR|EN|1220|850|12083|12083
CRD_0FA5E598B8704A0E83CC|AR|EN|580|540|7356|7356
CRD_0FAEC0B6410647398E22|SAR|JP|9137|9078|51242|50910
CRD_0FC31AECDE1C40D58A1B|HR|EN|2763|2763|7784|7784
CRD_0FD962247951488C809E|SAR|JP|8070|8100|34247|34390
CRD_0FDC1A9392234CDCB81C|RR|JP|432|350|1289|1289
CRD_0FF5866665394D78AEEA|CHR|JP|3840|3890|11288|11286
CRD_0FF5AA22F1EE4EE0BE22|RR|EN|360|364|1988|2033
CRD_0FFC051368D048A489A8|SAR|JP|10560|10580|34442|34435
CRD_0FFEF15EE9E045CABE6F|HR|EN|35890|41945|117314|117231
CRD_1001E20102E24B2DA20C|SR|EN|44055|43939|261164|261541
CRD_100CD4F587424353BDEA|SR|JP|1591|1703|21727|21723
CRD_1019C2CFB1EE47139FD8|AR|EN|950|900|10186|10186
CRD_10433F25F9E74294B2FC|SR|EN|8162|8160|48582|48573
CRD_1095F9AF338D45BD8BCC|RR|JP|711|580|2124|2124
CRD_10C2A523B328418CA28E|RR|EN|817|620|4542|4542
CRD_10CAB872C0EE49CAAAAC|HR|EN|9038|9036|101673|101673
CRD_10E17E66F341491EB014|RR|JP|1041|850|3110|3110
CRD_10E2C02673E94810BC08|AR|JP|6280|6050|21911|22770
CRD_10FA5F0FB2BB48E0A8F5|RR|EN|305|230|1698|1698
CRD_112139C75D774E75BDDA|SSR|JP|308|280|804|804
CRD_1123601A6CCD4FB19606|SR|EN|64262|64245|647703|647703
CRD_113220EE585F46CDB3E3|RR|EN|3774|2850|20983|20983
CRD_115109E7938F4445A01C|RR|EN|179|120|994|994
CRD_11628ECE200A4601B5D4|RR|EN|28819|28462|160217|160217
CRD_1164B69A14F3417EBA5C|RR|EN|750|530|7173|7173
CRD_1189D005D21D4ED69DBF|RR|JP|356|290|1062|1062
CRD_11AB40F57D03470A986E|AR|JP|2250|2160|7935|8131
CRD_11B811456C5D4DCE8A05|SR|JP|10505|10350|28208|27852
CRD_11B89035B69F4696A10B|SR|EN|5311|6511|9008|9008
CRD_11C10BF531B64E59B61C|SR|JP|8326|8324|106192|106173
CRD_11D6E395867B46F49FE8|HR|JP|10230|12220|31817|31811
CRD_11D9A92DB3D34830BCAB|SAR|JP|14270|14420|46799|46920
CRD_11DE00F8CE7D4AF1B990|MA|EN|19080|9280|113657|115578
CRD_11E419D20A2A499FAFC6|SAR|EN|19990|20190|119741|119461
CRD_11E8AAB5199A493C9515|RR|JP|2158|1750|6448|6447
CRD_12014650482C4314AA47|SR|JP|891|891|11364|11364
CRD_121C03E944C44190B954|SR|JP|393|392|5007|5006
CRD_12350A5EE2C042EBA371|SR|JP|24100|23890|73693|73679
CRD_123A0C58771F4B76BBFE|SR|EN|14000|14316|34593|34587
CRD_125EACE4FC044F7B9D44|RR|EN|180|130|1789|1789
CRD_12724DE193F242D89D06|RR|EN|187|130|1040|1040
CRD_128A2046607444A389E9|SAR|JP|5040|5050|16432|16429
CRD_128F70C0C950473788AA|RR|EN|190|140|1162|1162
CRD_12ADDDFE82F540F7B1D3|RR|EN|210|140|1269|1269
CRD_12EFBAE37D35433DB103|PR|PROMO_DIRECT|296358|303485||
CRD_13157CF56E204E5E81EA|AR|EN|940|850|9895|9895
CRD_133D1F0A2A76442793E4|RR|EN|3384|2380|18662|18659
CRD_135AB4B5F4794E8BAB7F|AR|EN|2550|2370|33577|32205
CRD_135EC26698D0487B9383|RR|EN|140|100|1254|1254
CRD_1383604BEB0C4B209BFE|HR|EN|3187|3186|8977|8977
CRD_13901C5572724AADB8AA|RR|EN|195|150|1086|1086
CRD_13962B7254BB4EC68492|RR|JP|1193|970|3566|3565
CRD_13997FDA2FAB493982D6|SR|JP|559|564|1517|1517
CRD_13AB6AC593DB41D7A45B|PR|JP|519|519|6069|6068
CRD_13D179FEFB764051B2F2|RR|EN|228|190|1138|1426
CRD_13F9528AE66A482F9AC7|RR|EN|4070|2840|25277|25273
CRD_143023DAF60545D2B327|RR|EN|310|210|2065|2065
CRD_143F9BB41FBA43D5B5DE|RR|EN|220|150|1438|1438
CRD_144F4E4E8E2B4DBD8115|SR|EN|1853|1853|11119|11119
CRD_147D2B78F8B043E3BB91|SR|JP|174970|174930|699832|699702
CRD_1490247326A741529076|SM-P|PROMO_DIRECT|761822|757727||
CRD_149DFDDE8D3144968EE9|AR|EN|1540|1540|28297|26486
CRD_14BFE9EA9D1D474194DF|SR|JP|1390|1409|3793|3792
CRD_14CFDC4FCADA4F70A670|RR|JP|173|140|516|516
CRD_14D2B39ACE854972906D|SR|EN|1425|1319|2416|2416
CRD_14DDFE1E600A4BAF8E70|SR|JP|4978|4966|13367|13365
CRD_14EB3BE3034D40278311|CHR|JP|6950|7060|20619|20509
CRD_1507A5C6549C48B1936B|SR|JP|2187|2182|5872|5871
CRD_1549CC7E9EFC44D08FD4|HR|EN|27191|27184|305874|305874
CRD_1550F9965A5248E99C97|RR|EN|1433|1080|7968|7968
CRD_155AE57C6FB44BEF894F|RR|EN|250|190|1548|1487
CRD_156303A10AC3422083AA|RRR|JP|413|370|1077|1077
CRD_1573232461C14F27B212|SR|JP|3170|3140|8451|8450
CRD_157F33DF43A34D268793|AR|EN|30253|28350|356159|357155
CRD_1589922DA5104539AFF5|CSR|EN|75180|34920|326952|327984
CRD_15AD6DF96106438BA899|PR|JP|4281|4280|50073|50060
CRD_15F12748F61F45C7853E|RR|JP|10152|8250|30332|30324
CRD_15F5F5A58D814B10953B|RR|EN|5934|4490|32989|32989
CRD_15FD761C7E9D47358044|RR|EN|180|140|6843|7024
CRD_1628769382AC47C581EB|SR|JP|18692|18647|50191|50181
CRD_16371A443973483F81FA|RR|JP|14388|11690|42984|42976
CRD_1640B082EE3340AAB612|RR|JP|1671|1360|4992|4991
CRD_1645BF1E84C74BFFBE20|SR|EN|1860|2010|19163|18810
CRD_1647486130EF4A25940C|RR|JP|315|260|941|941
CRD_164F19FE7E4746EEA25C|RR|EN|160|100|1009|1009
CRD_1651730F93C4413BA4C5|AR|EN|1250|1150|13170|13107
CRD_16552890B7E640BD9726|SR|JP|1091|1088|2928|2928
CRD_168A21AE1367433791FA|SR|JP|15316|15312|195346|195310
CRD_1696ABBCC85248FD81F5|RR|EN|5910|4150|36353|36347
CRD_16CF32D4C1234DB68301|SR|JP|1428|1427|18207|18204
CRD_16D569A705C64B95885E|SR|EN|4285|4284|32132|32132
CRD_16D77C3BD5F547639930|HR|JP|6340|7530|19599|19599
CRD_16DBDADB6156412A924A|SR|EN|1170|1260|6439|6439
CRD_16E2995DF023409E852F|RR|JP|2026|1650|6054|6053
CRD_16E335392D60451C9EA2|RR|JP|2483|2020|7418|7418
CRD_16F1D3F4F75B4E8580A6|AR|JP|1040|1030|3853|3868
CRD_16FAD83BCF8E45DD9103|RR|JP|203|170|607|607
CRD_170047638AA24C9D8581|PR|JP|414|414|4840|4839
CRD_170C21DF603D41EABA47|AR|JP|4980|4560|17160|17157
CRD_1719064C4D5A4530B4C4|AR|EN|1070|1000|12296|12296
CRD_1727697B0064422BAEE6|AR|EN|8400|7400|154911|157446
CRD_1735A196292E42369E03|RR|EN|3070|2320|17068|17068
CRD_174D03650DD04FAB90ED|PR|EN|1335|1334|4099|4099
CRD_1752B1022AD74CC0AF24|SR|EN|11035|11032|12434|12434
CRD_17623798AB744107AD98|AR|EN|2020|1880|24519|24818
CRD_176BE23510B840A2A394|RR|EN|362220|357883|2036362|1998229
CRD_1778B01FA4AD4332B4C8|SR|JP|3532|3540|9484|9527
CRD_1781CCF24CA84BC3B847|AR|EN|1110|1120|9054|9054
CRD_17916E8A74A842A69743|SR|EN|3006|3005|22543|22543
CRD_17AEC6F70C054074BFD4|AR|EN|3700|3580|28464|28140
CRD_17B76AFFA5794001AF52|RR|EN|4283|3220|23836|23680
CRD_17C83FF85F944764957F|AR|EN|1400|1280|19785|20221
CRD_17CAF561E8804762B993|HR|JP|2450|2910|7571|7570
CRD_17CEDC815C264A69A345|SR|JP|2317|2311|6221|6220
CRD_17E681D70E484304B6B8|RR|EN|180|130|910|850
CRD_17EF823FA3CB4B2B8EE4|SR|EN|9065|9062|91365|91365
CRD_1806774875564E268E6E|HR|JP|2440|2900|7556|7555
CRD_1832978663324026BBAD|AR|EN|6440|5970|63330|63713
CRD_184AC847FEF045F0A5C3|SR|EN|32806|32566|36672|36407
CRD_185DE08656684E7AA355|SR|EN|25091|25085|252897|252897
CRD_186B68241588428C9410|SR|JP|8327|8325|106208|106188
CRD_187E76533B5540179493|RR|EN|2750|1920|17752|17749
CRD_18CD5427946D4525B172|UR|JP|12659|12131|26749|26744
CRD_18D57DF71D81408584B5|SR|JP|8768|8766|130444|130444
CRD_18ECEF4F4F6B4E32805A|RR|JP|1605|1300|4794|4794
CRD_190E3B946C714D6CBFCD|SAR|JP|12970|13340|55081|56628
CRD_19171E29E9D34C17A9BF|RR|EN|1440|1020|8641|8641
CRD_19B52BB682954C4DB699|RR|JP|3845|3170|11486|11635
CRD_19C1275E8DF647B286BD|RR|EN|160|120|1040|1040
CRD_19F51F8288034A4781BC|AR|JP|1880|1810|6570|6811
CRD_19FA15073BE646958D35|RR|JP|1691|1370|5052|5052
CRD_1A2040BEE94E4AB1AFAE|AR|JP|1400|1170|4901|4399
CRD_1A2192604CAF4EA98918|SR|EN|33730|35157|354447|354447
CRD_1A2B7E3263BE4E328E23|AR|EN|2710|2520|33546|33404
CRD_1A35479E220A4BB7AE4E|RR|JP|2641|2150|7890|7888
CRD_1A707D9E2FC6416F96A5|SR|JP|820|820|2519|2518
CRD_1A7C81EF49754D76B049|PR|JP|480|480|5614|5613
CRD_1A815E05CDFE482484A2|SR|JP|29890|29882|381224|381154
CRD_1A85603204124465ACAD|SR|EN|3130|3380|14657|14699
CRD_1A87BECFAC1647F98FBC|HR|EN|10744|10600|30026|29626
CRD_1A905AD1C8F14E1B9C83|RR|EN|350|240|3212|3212
CRD_1AA86801F7BB4278A6C8|AR|EN|7360|6900|107892|106719
CRD_1AB7F353BFC547DC81F1|AR|EN|1000|980|8106|8106
CRD_1ACA13137E6D4322A031|SR|JP|757|750|2018|2018
CRD_1ACE44AEBA7B4DF5B0D6|HR|JP|2160|2570|6691|6690
CRD_1AD1B3ABA677423BBCAE|SR|JP|2370|2360|7283|7281
CRD_1AF00E0F44D842E894A4|AR|JP|4770|4600|16857|17309
CRD_1AF555656B2048A2B4EE|RR|EN|170|120|1468|1468
CRD_1AF7C5C839D646B0A61B|AR|EN|2660|2450|20301|20191
CRD_1AFBAC5E15DA4DBFB50A|AR|EN|1310|1120|11837|11837
CRD_1B0CED467C434ACBAEFE|AR|EN|860|800|21833|23225
CRD_1B2ADC910BB140BE8F44|HR|JP|4020|4790|17993|17993
CRD_1B4300D40B074B11BABC|RR|JP|300|240|895|895
CRD_1B75DAEB61EA4A2D9A2A|HR|JP|2640|3140|8161|8161
CRD_1B7FAED9F23141518159|RR|EN|245|190|1361|1361
CRD_1B81F3B284534F8B8896|SSR|JP|3057|2750|7979|7979
CRD_1B828812B58A4E3FB0CD|RR|EN|561|554|3120|3120
CRD_1BA92AE483D3487E9AD9|SR|EN|992|918|1682|1682
CRD_1BB82D85E831428CABCE|RR|JP|5074|4120|15157|15155
CRD_1BD0376A3CA8485BB302|SR|EN|116202|116780|695249|695121
CRD_1BE9EEDEDD6944B99663|RR|EN|795|785|4420|4420
CRD_1C040171393842089CFF|AR|EN|9870|9090|86893|85936
CRD_1C157708149345C6BF37|RR|JP|691|570|2063|2078
CRD_1C425DFA45494FDC8351|RR|EN|283|210|1575|1575
CRD_1C6AC6FAD7E44F1EBBC2|AR|EN|2250|2200|22470|22208
CRD_1C6F8B47E1DE4A3B8C3C|AR|EN|9180|8480|77805|77790
CRD_1C7DCAE87E334BB2AA8B|RR|JP|295|240|880|880
CRD_1C909A7537014095872A|RR|JP|493|400|1472|1471
CRD_1CBBEBA5751D495C81D5|SR|EN|9863|9860|99409|99409
CRD_1CC18469ABD541448268|AR|EN|940|870|7601|7601
CRD_1CCD9CD035A348629CD9|HR|JP|14000|16640|43302|43294
CRD_1CE47901F5674D55AB69|RR|JP|14728|11970|43992|43992
CRD_1D0F4747A8BF4524B3CF|RR|EN|206|160|1147|1147
CRD_1D12B07C82D340E9AC74|SR|JP|4783|4782|17297|17293
CRD_1D1BB63C7C8542D59855|RR|EN|16990|11850|126250|126227
CRD_1D26125A944B41DFAE0A|SR|EN|3000|2999|3380|3380
CRD_1D2EAA1FB1D44C0781F7|RR|JP|3540|2950|10833|10831
CRD_1D3EB41A06F94BA7B512|HR|JP|2630|3120|8132|8131
CRD_1D3FA593099E46F2A199|RR|JP|3108|2530|9286|9284
CRD_1D61B56A81F04560A587|RR|JP|173|140|516|501
CRD_1D7AF3D440F245F09657|UR|JP|3777|3619|7981|7979
CRD_1D86DD36D9564C309BE6|SR|JP|9425|9403|25308|25303
CRD_1DB4E0B1059842A38CD7|CSR|JP|6810|6840|19876|19872
CRD_1DD2042E9B7D494B83FB|SR|JP|1184|1183|15098|15094
CRD_1DDA49C90A3047D59903|SAR|JP|23850|25040|50030|50394
CRD_1DF3BDE764954B38BA78|RR|EN|547|541|3043|3043
CRD_1E0043AFBDEA40F0A0F7|RR|EN|95429|95404|715653|715653
CRD_1E02FB124E934CF8AE0F|AR|EN|4330|4260|47444|48968
CRD_1E093F6900FF4470B84E|SR|EN|2345|2406|13959|14320
CRD_1E2EB300CA564DADA074|SR|EN|6087|5636|10323|10323
CRD_1E4B7D9AA9DB42A7982A|RR|EN|140|100|1361|1361
CRD_1E5819643E174D74811E|RR|JP|330|280|986|1016
CRD_1E87A3A1183343468691|SAR|JP|3010|3269|8861|8859
CRD_1EAFC9958EE848E3BAA6|SR|EN|2606|2413|4420|4420
CRD_1EB1317E215A4D5FABEE|SM-P|EN|12734|12731|39106|39106
CRD_1ECDA429B4D74A1EB5F5|RR|EN|140|100|948|948
CRD_1ED4DECEA3A14B6C81A6|AR|EN|950|870|8779|8779
CRD_1EDD60BB0BE04B8C999B|RR|EN|2314|1750|12862|12862
CRD_1EDE2D3DF6644957B409|PR|JP|1087|1087|12715|12712
CRD_1EE8B7BE600043EF8C97|SSR|JP|744|680|1957|1987
CRD_1F0C27DC82064235A11C|HR|JP|2740|2460|26324|26319
CRD_1F266213F3D04671AEAA|SAR|JP|74170|77600|156142|156142
CRD_1F2BEBDD9D0144DC8275|PR|JP|2190|2189|25611|25606
CRD_1F2F5DBD379C4E56A95F|SR|JP|8448|8427|22683|22679
CRD_1F4026B2669C4D38ABC8|SR|JP|539|539|6873|6872
CRD_1F4206DD2E3D45EBAC43|SSR|JP|134199|134164|350390|350390
CRD_1F42D34F4DCB4A0DA99D|HR|JP|532205|532205|1231100|1231100
CRD_1F45F12DC0264E98B4E1|SAR|EN|16230|14160|138115|137999
CRD_1F692CD4AE004ABBACC3|PR|EN|6454|6452|19821|19821
CRD_1F7AA893695B4F56A551|PR|JP|5415|5494|63330|64259
CRD_1F7AC8B706234CD0B21D|CHR|JP|4960|4980|14459|14457
CRD_1F8F6869FA4548279B6E|RR|EN|5010|3500|46079|46844
CRD_1F99E5B3C0D24E77A6E3|AR|EN|1360|1320|15673|15852
CRD_1FA0F3DE83E64E4CA272|AR|EN|7020|6460|80293|81750
CRD_1FC4B3E18BB94A0EB6CC|SM-P|EN|42850|43040|372035|372035
CRD_1FD012263A504F3CA01E|RR|JP|3306|2690|9877|9875
CRD_2004462C5BD3458BA1B6|AR|JP|1440|1340|5052|5052
CRD_202EC7F73609423FA993|UR|JP|9571|9172|20225|20221
CRD_203E701EC38E4E9A8ECE|UR|JP|5112|4899|10803|10801
CRD_205C20056CBF48F8B08D|PR||176000|174770||
CRD_2075A8C3697B47EDAC26|CHR|JP|7930|8040|23123|23331
CRD_2076C899876544DC9B67|SR|JP|6069|6020|16297|16201
CRD_20857DA3F57C4FAC9BE3|SR|JP|13394|13390|170827|170796
CRD_20890E3348E540539C0B|SAR|JP|25010|25750|82007|83813
CRD_20A7B2013FDD428ABD1B|SR|EN|1874|1873|11241|11241
CRD_20B447132BB64565AC00|SR|EN|3480|3760|19284|19205
CRD_20E1890D79D254945C3E00F70560A986|PR|PROMO_DIRECT|5338080|5309380||
CRD_20F5210F50C6418AB471|SAR|JP|8210|8400|26931|27351
CRD_20FE3F484DFE4D9AA9D9|AR|EN|9210|8520|79109|79095
CRD_210F30877AE44F18910C|AR|JP|730|750|2822|2822
CRD_212812EDFC95434E96EE|AR|EN|1770|1650|23942|24105
CRD_21362825A5DE48988411|SR|EN|8376|8373|62811|62811
CRD_214C3CC1FFFD487FBD68|SSR|EN|1460|840|11789|12105
CRD_2156FFB7752D47F99AC9|RR|EN|3565|2680|19497|19675
CRD_2165621DAD614A36A40F|SM-P|EN|26225|27253|79898|83039
CRD_217550E39F654896867F|SR|EN|5262|5260|39458|39458
CRD_218DB829F1974CEA95DF|AR|EN|6650|6180|49402|48922
CRD_219500DA87B5401CBEDA|SR|JP|550|549|7010|7008
CRD_21AA8DB739564F3E9CA5|SM-P|EN|11344|11341|34563|34557
CRD_21AFED71CBC5406A8145|RR|JP|4733|3850|14141|14138
CRD_21B1F91A8CC1487FB607|SR|JP|6910|6370|33692|33692
CRD_21BD8B5DBB024A8FBC30|RRR|JP|726|650|1896|1896
CRD_21CE4716EFF648768118|RR|EN|160|120|2154|2124
CRD_21D7CBE19CF94AD189EB|RR|JP|173|140|516|516
CRD_21EAE5192D164939830F|SAR|EN|4720|4810|72434|72739
CRD_2202D899B2514A12A3B3|RR|EN|193|150|1071|1071
CRD_2208E78703C9455EA45A|AR|EN|2210|2240|17603|17603
CRD_2252E930246B4993998A|AR|EN|8670|8140|76864|77001
CRD_2261AA95080E4619A99E|SR|EN|2254|2230|3823|3823
CRD_227EEF4A668D4B91A0DE|SAR|JP|14990|14820|49178|48240
CRD_2284D5AE23CD4A559E27|AR|EN|18750|17800|122063|120584
CRD_228710100B794B3B940D|SR|JP|200461|200461|2556900|2556900
CRD_2297ECA873FB4C6EB5C5|RR|EN|240|170|1502|1578
CRD_22A6C07D45A04AADBA89|HR|JP|4970|5940|15382|15458
CRD_22BC9BEDDB4B49D88171|CHR|JP|940|970|2716|2806
CRD_22C99839A70742369E3E|SR|JP|3871|3876|49371|49438
CRD_22DCDC22E2E84027B7A3|RR|JP|4317|3510|12897|12894
CRD_22E4A9137EB24D9A80C6|AR|JP|1220|1080|4264|4081
CRD_22EF9B97621442EB9B4B|RR|JP|1630|1320|4870|4869
CRD_22F914B318E7499997AE|SAR|JP|22140|24350|65272|65988
CRD_2301905FC60B4E48B82C|RR|JP|386|310|1153|1153
CRD_231D861950D2482F92C0|SR|JP|2944|2937|7905|7903
CRD_2332E667E081490D836A|SAR|EN|14200|14430|108832|108615
CRD_2348A7F2758F419FAB09|UR|JP|7776|7452|16432|16429
CRD_235AEB6FAEA54083A5AF|RR|EN|182|140|1009|1009
CRD_2363D7E348AC45C3AD5C|SR|JP|1114|1114|14205|14205
CRD_2371B40007C64AC0B36E|UR|JP|8982|8704|19239|19190
CRD_23872FA0E5334B128E5A|RR|JP|350|280|1047|1047
CRD_238DFF5330E44802A6A3|RR|EN|150|100|1942|1942
CRD_238E85F07B63450BB517|SAR|JP|6680|6690|21788|21784
CRD_23A695E8090F40B9B1A7|AR|EN|1230|1210|16288|16288
CRD_23BFAC1CC99540DEB9B9|RR|EN|660|550|4236|4236
CRD_240F59F984B74388A1BE|AR|EN|2170|2080|27887|27943
CRD_24141283AF4D42638547|SR|JP|1695|1724|6130|6235
CRD_243B025EA81342949B2D|PR|JP|1177|1176|13761|13759
CRD_243CD02D3D3B494795CF|RR|EN|190|140|1407|1407
CRD_2444A7B9A8EA415D8A2F|HR|JP|29180|34680|90260|90260
CRD_244EB50258FC45D58BB7|RR|EN|820|660|9788|9788
CRD_24798C163B48423E9689|SAR|EN|11885|11374|50661|50106
CRD_24845E4BD72A47AAA490|RR|JP|4698|3710|13653|13653
CRD_249FD650FBBB4F8C8E9F|SR|JP|1356|1364|3642|3671
CRD_24A7755304AF47CF931D|AR|EN|2010|1930|48328|48328
CRD_24AFDFD94F7B41E8A509|SR|JP|2390|2362|6418|6356
CRD_24CD0D7FE1834DA89707|CHR|JP|8580|8980|25475|26062
CRD_24D79E9DD4E24DDFB538|AR|EN|10690|10340|79580|81355
CRD_24D7C72E59DD4A338620|SAR|EN|2580|2750|59825|59905
CRD_24E2B7E72A25492F960D|SSR|JP|755|680|1972|1972
CRD_24E953E56C044EFFAEB2|RR|EN|1210|850|13000|13000
CRD_24EB8C7EAF8344B58654|RR|EN|2754|2160|15704|15898
CRD_24EBBFED607C41D7B562|AR|EN|2600|2510|37734|37864
CRD_24FAA1F19A0941A2BB96|SR|JP|9718|9542|121729|121707
CRD_251F9092AFDE47718BB3|SR|EN|1930|2180|9421|9421
CRD_2521A01014064B6586BA|SR|EN|20240|21830|489398|489398
CRD_2531910728D94C05A9E9|SR|JP|599|598|1608|1608
CRD_254CCBD76DFA46BDB30B|RR|EN|340|240|2478|2478
CRD_255CB9C1E0E948988562|RR|EN|382|290|2126|2126
CRD_2570702FE3854423A069|RR|EN|140|90|1116|1116
CRD_25909EEE9FBE41E08266|HR|JP|6310|7500|19527|19523
CRD_25A76CC236D74FF2B49A|SAR|JP|9740|9810|31938|31932
CRD_25A858D01145493BB66AF82B8EA32B7C|MUR|EN|934900|934900|965851|954751
CRD_25B8055B794A45B99714|RR|JP|244|220|728|819
CRD_25B97585CC304F538181|SR|EN|132770|132730|1292348|1292110
CRD_25C230DC064948798E98|HR|JP|2820|3360|12311|12311
CRD_25C4E5DDBD5348CBACD3|SR|EN|2552|2363|4328|4328
CRD_25D1A6018B5A4A0AA38C|SR|EN|1832|1832|2065|2065
CRD_261019703FC444A39023|HR|EN|2427|2426|6836|6836
CRD_262F67E35B964E6B9C67|SR|JP|1904|2450|5113|5112
CRD_2642CE7CAA28482ABC0C|AR|EN|3220|3160|29480|29990
CRD_2673A337A01243339EC5|SSR|JP|7979|7170|20832|20828
CRD_2685F2D324BF4D0495CF|SSR|JP|1081|970|2822|2822
CRD_26947826E457449096C5|SR|EN|1859|1859|2095|2095
CRD_269A7AD114DA491CA9AC|BWR|JP|130000|139340|404683|404576
CRD_26AE57743E2F41B084F2|RR|EN|1100|780|14687|14684
CRD_26B8AD9FA6554601A3B7|SSR|JP|48010|47750|119408|119386
CRD_26C2FFF3ECDC4C2B8EE6|SR|EN|5730|6190|14110|14110
CRD_26CD880191FC48B2BE27|SR|JP|1656|1652|4446|4445
CRD_26F927BEACCC4E94ABAB|RR|EN|1543|1170|8580|8580
CRD_2706BD8A739F4460B703|SAR|EN|52000|52000|693929|686095
CRD_274BA225B19844028DDF|UR|EN|4057|3350|11241|11241
CRD_274ED0D22EC54F229DAE|SR|EN|2911|2910|17465|17465
CRD_274FD14AB17940EB8528|SR|JP|13748|13715|36915|36908
CRD_275591C4CE6A45D2A1B4|SAR|EN|6860|6415|32378|32008
CRD_2757D35F33AC4CF99CC7|SR|EN|10190|12114|17145|17824
CRD_27858E2B38CF47A7A939|AR|EN|7150|6790|121744|121722
CRD_278AFBE27D01417B9CBC|PR|EN|2356|2355|7177|7175
CRD_27A8BA338F90422EA5E0|HR|JP|1910|2270|5917|5916
CRD_27BABDECB2404E3D873F|SR|EN|8920|8880|60933|60664
CRD_27CAC15F8DE54882AA0F|SR|JP|910|908|2443|2442
CRD_27D9B5525E234D2E9F03|RR|EN|250|190|1392|1392
CRD_27DC42C3D270417B9335|RR|EN|2320|1620|28266|28337
CRD_27DD36DAE86F45C69DEB|SAR|JP|51400|50700|210307|210783
CRD_27E9FB0B75EB487ABBF6|RR|JP|5013|4090|14976|15033
CRD_27F3781C418A41E795E5|SR|JP|12622|12622|160990|160990
CRD_27F9714CA8CF4C0D8906|AR|JP|2100|1990|7329|7479
CRD_280E5479B51D442889C9|SAR|EN|17460|17280|21499|21662
CRD_2816C9B402A643F99D42|SR|EN|3430|3840|27326|27776
CRD_2821F636689C4FCE8CCC|HR|EN|11280|11831|133116|133116
CRD_2832ADAFA5F4490F8898|RR|JP|951|670|2841|2841
CRD_28347CC12F42441E8376|RR|EN|5620|3980|37370|37848
CRD_283662D99DED475396E1|RRR|EN|1260|740|4916|4566
CRD_2847A51BC6AB4B00BB53|SR|EN|1470|1630|10970|11044
CRD_285E533D9D2F4E4F94A6|SR|JP|390|400|1047|1077
CRD_287970473FD84B928D5D|PR|JP|414|414|4840|4840
CRD_287F04A23D8D4624B994|SR|EN|14655|12622|87227|87211
CRD_2893BDF7C7674E7A8E66|SR|EN|11980|11976|120744|120744
CRD_28A90C6383DF4C73AFEA|HR|EN|3236|3235|9115|9115
CRD_28E64B8B572C4910BC20|RR|JP|929|760|2777|2776
CRD_28FD2B5F4CE248369764|RRR|JP|413|370|1077|1077
CRD_290E399FA6ED4C67A8C8|RRR|EN|510|300|1973|1973
CRD_292EB503923B4ADDAA36|RR|EN|586|440|3258|3258
CRD_2936DD31DD3F4679992B|RR|EN|56470|39080|503773|503680
CRD_2938D81021984B85A99B|RR|EN|322|240|1789|1789
CRD_2940721DC8F64D6382C2|PR|EN|13630|13801|41527|42050
CRD_2942A77E70D64CD79DC5|RR|EN|170|120|1162|1162
CRD_29464E6CFC1448969B4A|SR|JP|3797|3796|13731|13729
CRD_294D19F698F24BE39387|RR|JP|3047|2480|9104|9102
CRD_2951B02D3BE7488DA649|SM-P|JP|5670|5720|16614|16611
CRD_29545D8447D54F8F9E57|SR|EN|27660|29840|446989|446989
CRD_297BD701806B4583B02D|AR|EN|4500|4160|82478|81067
CRD_298C0EBA7D414B2DB409|SR|JP|3058|3057|45494|45494
CRD_298C5CE24A9343B9AF00|UR|JP|9514|8966|19770|19766
CRD_29E34E5A35CC4FFAB36C|SR|JP|8820|8818|131218|131218
CRD_29E55FFA536646B6A891|HR|JP|4640|5510|14351|14351
CRD_2A1817BBD07C4C22A018|RR|EN|338|260|1881|1881
CRD_2A1A9C89BB3947378F7C|UR|EN|6564|5525|18386|18386
CRD_2A25393A383641F7BD29|RRR|JP|459|440|1214|1274
CRD_2A2AA65BC13345549AD1|SR|JP|457|461|1669|1669
CRD_2A2C765236DC4E0DA39B|RR|JP|452|370|1350|1350
CRD_2A44F68D825C43749B38|AR|JP|8090|7610|28223|28640
CRD_2A51F7848C3F425BADD0|AR|EN|6410|5980|52679|52942
CRD_2A6241DAD8844867AA49|AR|JP|630|590|2321|2215
CRD_2A791989EEEC43F481BB|SAR|EN|15516|15512|113540|113540
CRD_2A8D1058C4D1432DA733|SR|JP|2967|2959|7966|7964
CRD_2ACE89E68BFA4F5BA7C3|SR|JP|1560|1556|4188|4187
CRD_2ADA9594E1954CF89E7B|AR|EN|3360|3420|27766|27745
CRD_2AFC7629A65B45FBBCC8|SAR|EN|5040|5080|38811|38577
CRD_2B0E8A61C671491BBA15|SM-P|EN|1076|1075|3303|3303
CRD_2B512D9C6B334EA6B3B5|SR|JP|462|461|1669|1669
CRD_2B58D40C1AE74F69A349|HR|JP|2820|3350|8724|8723
CRD_2B9182A2EF634F7E8973|SAR|JP|5580|5590|18188|18188
CRD_2BA1CDC0E4B94B79A0AC|SR|EN|2038|1887|3456|3456
CRD_2BAD952E439344719A81|UR|JP|33618|33022|72813|72799
CRD_2BB68D76B2954C079D6A|RR|JP|376|310|1123|1123
CRD_2BCC60756DD640D68C16|RR|EN|204|140|1108|1138
CRD_2BD596750DCC46F5BF44|SR|JP|1023|998|2746|2685
CRD_2BD642F0ABE84DA8BDCF|UR|JP|4631|4500|9786|9921
CRD_2BDD89F3616849468EE4|AR|EN|2210|2090|37688|38228
CRD_2BE0C7968F004557B9AB|RRR|JP|401|360|1047|1047
CRD_2BE2AAD4366A40AAB96E|SR|JP|5250|5200|16053|16050
CRD_2BE4A0CA25944D3292C7|SR|JP|983|981|2640|2640
CRD_2C17B97D2D95413699E9|SR|JP|48795|48782|622330|622216
CRD_2C1B8B60A6A24410B160|HR|EN|2318|2318|6530|6530
CRD_2C1DA4E5D17E428CB8AF|RR|JP|6932|5630|20707|20707
CRD_2C1EDC815A2644BEB9DE|AR|EN|1600|1400|11730|11730
CRD_2C36A353792C402C93E8|RRR|EN|1190|690|6959|6959
CRD_2C4C0A40740543B09035|AR|JP|970|890|3353|3353
CRD_2C540CA835784066A98A|PR|JP|7295|7293|85315|85299
CRD_2C78DB6891D243219B2F|SR|JP|848|879|2367|2366
CRD_2CABD12EE5B74135858E|SR|JP|678|682|1836|1836
CRD_2CC63A0C3FDE4901A41B|AR|JP|4480|4500|15644|16914
CRD_2CE1E087831443ADACEE|SR|EN|12015|12750|127501|127501
CRD_2CECD65EDFEE402B8093|CHR|EN|3530|3630|25990|26031
CRD_2D086E56EA5A4353922E|SR|JP|2978|2977|37977|37970
CRD_2D0FDD0C77AF4176BAA2|SR|JP|655|654|1760|1760
CRD_2D25B07240614BDCAAAC|HR|JP|3200|3840|9891|9997
CRD_2D3476E6CBAD4BDCB062|RRR|EN|1430|850|6760|6760
CRD_2D3BEACE738C403A95FC|RR|JP|396|320|1183|1183
CRD_2D4779F86C774DBFA501|SR|JP|870|868|2336|2336
CRD_2D4AA6D08A11483FA5DB|RR|EN|150|110|1193|1193
CRD_2D4B139B3E984F86B365|RR|JP|2631|2140|7859|7858
CRD_2D610AC70AB04D4887B7|CSR|JP|1660|1670|4854|4854
CRD_2D84D1DA75FF4868B015|SR|JP|8457|8455|107861|107841
CRD_2DAAC2D00EB94B1F861B|RR|EN|204|160|1017|1168
CRD_2DB11712502240BA802B|RR|EN|9170|6380|57291|57736
CRD_2E14D4A8D7AB4CCB95D2|SR|EN|1560|1740|15233|15233
CRD_2E16148F22B445A2B1F9|PR|JP|457|457|5341|5340
CRD_2E2D7916E97E4BB997FF|RR|JP|356|290|1062|1062
CRD_2E403B756FE641CB89FF32CEB4BDDB4E|MUR|JP|227600|227560|317085|317001
CRD_2E4CD75454EB4A199A90|SR|JP|95412|95182|256140|256140
CRD_2E5F9227724846BE8970|RR|EN|1910|1330|13928|13926
CRD_2E7CD2B64DB94542A5DB|AR|EN|850|830|25414|25500
CRD_2E8555FADF814122AE17|HR|JP|2630|3130|8148|8146
CRD_2E88C364F7394ACBB0AB|SR|EN|41110|25565|47369|47360
CRD_2E8C144F443F49BBAE9B|RR|EN|182|140|1009|1009
CRD_2E8CB13E9FEE40A28A14|SR|EN|2141|2141|16058|16058
CRD_2ED0AB8374204F3DABF4|RR|EN|310|210|2428|2488
CRD_2ED4580E9B974C03A527|UR|JP|6455|6186|13640|13638
CRD_2EDC5DADC4F24ECD976A|RR|JP|203|170|607|607
CRD_2F01A346908C450BB7DD|SR|JP|921|913|2473|2457
CRD_2F0219577D244E019E99|RR|EN|1270|890|15188|15185
CRD_2F0ED241ED394BF6BF87|RR|EN|150|110|948|948
CRD_2F1F77D90BA84F3E8C7D|PR|JP|4539|4921|57564|57554
CRD_2F3643AC21E84F689C43|RR|JP|4474|3640|13365|13365
CRD_2F43F0F33B364E59B1AA|SR|EN|22881|22937|135839|136527
CRD_2F4B432C1AE74911BACC|UR|JP|3569|3420|7541|7539
CRD_2F5447039AA345D78AAB|SAR|EN|13070|13260|95086|94993
CRD_2F715EB445B84B778ECB|SR|JP|520|524|1396|1411
CRD_2FA1805FDEA84161ABE3|AR|JP|890|830|3111|3125
CRD_2FABCAF7B31F4346915C|AR|EN|3990|3730|30527|31083
CRD_2FB8CA83CF9D40F1A071|RR|EN|1981|1500|11011|11011
CRD_2FCEBFB496E94F0CB99B|CSR|JP|2000|2010|5826|5825
CRD_2FDCD42F1BBC4E4BAD11|RR|JP|325|260|971|971
CRD_2FE00DB6CB1E400085C1|RR|EN|1692|1280|9406|9406
CRD_2FE394C852394D129604|AR|JP|1530|1380|5356|5173
CRD_300C6F0A10AF4D768DAB|AR|EN|2600|2460|28676|29687
CRD_301C4EFCC282412B9BCC|RR|JP|4312|3500|12881|12879
CRD_302EC9D2C71947778B51|AR|EN|16281|16518|181918|182491
CRD_304D28B61C7F409C86A4|AR|EN|5200|4920|39039|40776
CRD_30523D5BF2EE4A83A4CB|AR|EN|1340|1250|11807|11807
CRD_306457DE76EA45C5B61B|HR|JP|2850|3390|8829|8829
CRD_308148D51D5845769B01|SAR|JP|9240|9260|30148|30142
CRD_30975550ADDC4EA8A667|SR|JP|28780|27430|140406|145007
CRD_3099C7E0FF07461FA926|RR|EN|210|170|1517|1487
CRD_30A6CD03B29E4EAFA1C2|AR|EN|1880|1730|15415|16580
CRD_30EDC0F1FD7B46A58FDE|SR|JP|867|867|11061|11059
CRD_30FDE55BA54D445982F5|RR|JP|721|590|2154|2154
CRD_31207730A1244D4BA676|RR|EN|275|210|1529|1529
CRD_31587FB56FBD49B593F1|AR|EN|2130|2040|22395|18386
CRD_315BCF529A824490A671|RR|JP|792|640|2367|2366
CRD_318B01AFB53C42318601|SR|EN|1165|1165|6989|6989
CRD_31940B3434F54CAB8CAB|SR|JP|2791|1979|7496|7479
CRD_31985982AAFB4AECA49A|HR|JP|35480|42160|109743|109722
CRD_31A84E046FF1424F95D8|AR|EN|1660|1550|14651|14651
CRD_31B29DFE42E24D77AFE1|AR|EN|8600|7970|111123|113697
CRD_31C58C5A3B144203BD03|RR|JP|213|170|637|637
CRD_31E2B98699A1410FBAC9|SR|JP|1085|1088|2913|2928
CRD_32082DD1A5DE41889046|RR|EN|140|90|1086|1086
CRD_321E17A2C21747AAB24E|RR|EN|140|100|8785|7312
CRD_322DAF78A9B34EA2B745|UR|JP|4172|3998|8814|8814
CRD_32386B204F0740378DD5|AR|EN|960|900|8488|8488
CRD_324563089502413E8DA5|UR|JP|7302|6998|15430|15428
CRD_324F58AAF4F444DEAE95|AR|EN|1420|1340|15080|15080
CRD_325D356041B348968F5A|RR|JP|1097|890|3277|3277
CRD_326058E0F4514E8083F0|RR|JP|3174|2890|10621|10619
CRD_32611C07C96441F59DCF|SR|JP|3182|3181|40586|40579
CRD_32686724596F433298EB|UR|EN|10610|10610|29162|29156
CRD_326BB4D3A84B467EB968|SAR|JP|103580|107810|216942|216942
CRD_329E5AFEC48D4C2B8D03|RR|EN|1180|830|7708|7708
CRD_32A3236675F94589B53C|SR|JP|1119|1116|3004|3004
CRD_32B748391B31457F884D|SR|JP|17389|17384|221776|221736
CRD_32C64F60484E4801A991|MUR|JP|218900|218860|407564|407488
CRD_32D88C6671424AA28280|RR|EN|539|533|2998|2998
CRD_32E8DC4B424E4966B6CB|AR|EN|1990|1820|25035|24681
CRD_32E8F32B11894AB188C1|SR|EN|3273|3272|19637|19637
CRD_330DDDD1228E4170B359|SR|EN|630|629|3778|3778
CRD_330E7648167E59934C965289F6483878|PR|PROMO_DIRECT|1894000|1894000||
CRD_331B23CD1B3542C09584|SR|JP|34320|34130|136552|136527
CRD_331BADEFF9654B599D78|SR|EN|390|420|2003|2003
CRD_33360078EC2F4416BC8F|AR|EN|840|810|7540|7540
CRD_3339DB7AA7FD4A21BFE5|SR|JP|4078|4077|60664|60664
CRD_3341BC09AE6F45A6A646|SR|JP|882|857|2321|2306
CRD_3358929E8924485E949B|RRR|EN|610|360|2600|2600
CRD_33785863B77A4D888CC5|SR|JP|3992|3991|50919|50910
CRD_3392C238DFEC4357BA88|SAR|JP|11100|10850|45430|45130
CRD_33A3DF458AC34EC6B1BD|SR|JP|740|744|2003|2002
CRD_33A7A42687184DCAA53F|SR|EN|1750|1910|15203|15230
CRD_33D12892FE0A448BA1C5|RR|JP|538|440|1608|1608
CRD_33E384F099914BF89170|SR|EN|875|810|1483|1483
CRD_33F622942A1F4876AAE4|RR|EN|190|130|1331|1331
CRD_33FE80EB03934DEC8C07|AR|EN|12290|11470|108432|108432
CRD_3430850B62B446C68A45A9CFE3741141|MUR|JP|177340|176970|276404|275770
CRD_3441FF9483AB4687A5BF|RRR|EN|1070|630|9650|9650
CRD_3446ADE0F7424C998BED|RR|EN|750|520|4970|4970
CRD_34634E0B83674493958D|MA|JP|1071|720|4081|4081
CRD_3475D14B91764CC1A8DC|AR|EN|5230|4900|67776|69007
CRD_34771CA932624EF8993A|SR|JP|23462|23405|62996|62985
CRD_34828B53A56D44318E76|SR|JP|3950|3948|50373|50363
CRD_34B77E90E77E454D9E00|RR|JP|259|210|774|758
CRD_34B94E323039433886E9|CHR|JP|1040|1110|3050|3216
CRD_34BFCA1006BC49D89AF5|RR|EN|16140|11320|193878|193878
CRD_34D1A571966643B9B808|RRR|JP|604|540|1578|1578
CRD_34FC12FEB9C94EC0B729|AR|EN|2490|2400|43621|43749
CRD_354A9964DECF45BEBE57|AR|EN|1890|1720|32803|33874
CRD_3556A9DD9F2149C5BF0C|CSR|JP|45500|21130|73738|73725
CRD_3575DCCD78834B1E8D87|SR|JP|3424|3423|43666|43658
CRD_357701E9E661484B8261|RR|JP|1940|1580|5796|5795
CRD_3583C21779BE400FB9A6|PR|EN|47151|50793|143653|154761
CRD_359332F027204F0997A9|SSR|JP|721|650|1881|1881
CRD_35A856F18BEB432BABEC|SR|JP|1848|1843|4960|4960
CRD_35DA6B31F47244C59B9A|RR|EN|1890|1867|10507|10507
CRD_35DC69B18FE34A239272|RR|EN|1370|970|13917|13917
CRD_35EA350A18F04A80A0D5|AR|EN|990|900|9023|9023
CRD_35F025B882B548A18185|SR|EN|490|412|2172|2172
CRD_35F6305B626B4EA6BA1B|SAR|JP|19830|20180|65045|65685
CRD_3610EE3BBB834DF6A0BF|RR|EN|195|140|1086|1086
CRD_36137AD704B945179433|SR|JP|2238|2232|6007|6007
CRD_3618F7507BD34B52AA5E|RR|EN|3029|2290|16838|16838
CRD_36246E7EC9864D74B0BA|SR|JP|3210|3209|11605|11605
CRD_36360E53452543DEB82B|HR|JP|3410|4070|10606|10604
CRD_364F4FE8048A4DC09AA0|SR|JP|13833|13800|37142|37135
CRD_366F8C52670645088A5A|RRR|JP|494|430|1289|1259
CRD_3676B88FE7374BDBB1B2|RR|EN|735|560|4083|4083
CRD_368954B62A864484B467|AR|JP|1620|1520|5660|5734
CRD_36A1599A2C254B9C957E|RR|EN|300|210|1759|1759
CRD_36B9B397B19A425CB729|RRR|EN|5810|3450|20528|20479
CRD_36BA95B689A44C28B170|SR|JP|1336|1336|17046|17046
CRD_36C025F4B7F545C0814D|SR|JP|1271|1271|4596|4596
CRD_36CCEEAEBFE444AF8E74|SR|EN|146741|146702|1100458|1100458
CRD_36D39DBAA5EC4EE09001|SR|EN|2610|2790|20240|21040
CRD_36F3273DC7014993855A|RR|EN|1590|1110|9665|9663
CRD_36FC9D7A34B947999101|SR|JP|12746|12743|227588|227546
CRD_37121FE6503349888A93|RR|EN|250|170|1881|1881
CRD_371A341D2B024125AF8E|RR|JP|3560|2890|10636|10634
CRD_375B75D3FC3E42BAA4AD|AR|EN|2060|1940|31225|31735
CRD_3761F2C151EE4116B9EE|RR|EN|26748|20060|149206|147495
CRD_379A5BE80E2245808B5C|RR|EN|220|160|1300|1300
CRD_37AD357EC31F4A4E9BDD|RR|JP|4231|1084|12636|12636
CRD_37AEC383935947D497E1|SR|JP|831|823|2230|2215
CRD_37FD17FC727E435B8C84|RR|EN|790|600|4389|4389
CRD_382ECC8BA6034DAF9178|UR|JP|16737|16040|35367|35361
CRD_385E29A0C8C3476C9C4B|RR|EN|190|140|1162|1162
CRD_3867F42D081F475AB07C|SAR|EN|4780|4770|36535|36195
CRD_38815299C2494F679535|AR|EN|4060|3850|48643|50166
CRD_38C95B5BCA84434CADBB|PR|EN|4049|4048|12434|12434
CRD_38D221213CD04120860A|RR|EN|140|100|1254|1254
CRD_38F8D1BD378046E49339|RR|EN|248|190|1376|1376
CRD_391EF36F49824C58965F|SR|JP|13258|13258|236750|236750
CRD_3921037F2F3643A38342|SR|JP|706|705|1897|1896
CRD_3927C712A40B4469A53E|RRR|JP|1064|960|2777|2776
CRD_3935851BE6988D5F34B3|SAR|EN|30860|31640|306940|314240
CRD_39360915366347AFB75F|RR|JP|1625|1320|4855|4854
CRD_39388984E7E045A1B1DA|SR|JP|2543|2537|6828|6826
CRD_394098D4C4FC4DF5BD67|HR|JP|2290|2720|7070|7069
CRD_394561233CE44337BF9C|SR|JP|581|580|7404|7403
CRD_39462590847A4E32AF5F|SSR|JP|5753|5170|15021|15018
CRD_39493D33675143109748|RR|EN|12970|10110|109803|112726
CRD_39A2F0B42FC5405188AA|SR|JP|37756|37746|136537|136512
CRD_39A9FDACFF514F29B347|SR|JP|2140|2140|27295|27290
CRD_3A0BD9F6AF5141DC9961|RR|EN|190|120|1331|1331
CRD_3A1614A1D6F443708387|AR|JP|23760|22640|82939|85163
CRD_3A163A0976E24CE79D88|SR|JP|5727|5851|20707|21162
CRD_3A1E35B5FF4444B49597|RR|JP|406|360|1289|1305
CRD_3A2389FDB90D4D529266|HR|JP|1940|2310|6007|6007
CRD_3A3F2713FE8C47F69F71|SM-P|EN|1479|1479|4542|4542
CRD_3A51FC9327024878903D|SAR|JP|9700|9720|31635|31629
CRD_3A57174859F8445CB9F0|RRR|EN|960|560|9650|9650
CRD_3A5B3FE091064B65AF4A|SR|JP|4345|4335|11669|11665
CRD_3A73844B3540483BBFB0|SR|JP|2340|2349|29844|29960
CRD_3A840E756D3946778BD9|RR|JP|1072|870|3201|3201
CRD_3A8D2EC8D99B4D7B9450|RR|EN|2779|2100|15447|15447
CRD_3A9BC04410714B2ABFF2|AR|EN|3330|3150|59385|58616
CRD_3AA02ECE90604311AE59|AR|JP|1800|1710|6297|6447
CRD_3ABA99E638CD43358D1A|SR|EN|2366|2365|14193|14193
CRD_3ABEBDCF89194B049E06|RRR|JP|453|410|1183|1183
CRD_3AC8F9831E6C417A920C|RR|JP|4114|3340|12291|12287
CRD_3AD11F4FC02E4D89B3FA|SR|JP|2729|2723|7328|7327
CRD_3ADB55F70EE445AF8F86|RR|EN|290|210|3365|3365
CRD_3AEB0958DF704E919E03|RR|EN|2723|2676|14942|14942
CRD_3AF8CE5102AA47F5A68E|SAR|JP|104560|109400|220168|220128
CRD_3B0AA576F162446CAD28|RR|JP|2209|1800|6599|6599
CRD_3B1892201B8240FAA691|SR|EN|9279|9277|55228|55218
CRD_3B1C48E46678437CBAE4|SR|JP|111367|111367|1420500|1420500
CRD_3B28179308924FD388CA|SR|JP|1081|1081|13792|13789
CRD_3B4881B425A945B385D7|RR|EN|996|984|5536|5536
CRD_3B4B975E13F04C418F1C|SR|JP|2089|2089|7556|7555
CRD_3B58C4FB597C409D8154|SAR|JP|6140|6160|20043|20039
CRD_3B5CF3B55F8242899616|SR|JP|1159|1158|14778|14775
CRD_3B93462476FF4AC1B6AE|SAR|JP|2660|2670|8677|8677
CRD_3B9DA71B112D43DAA326|SSR|JP|5957|5360|15552|15549
CRD_3B9DA73247AA4D448AB0|SR|JP|1181|1178|3170|3170
CRD_3BB0CBC7ABDE40CC8213|SM-P|JP|5200|5220|15172|15170
CRD_3BC79D4373A7498D87FB|RR|EN|540|360|7265|7265
CRD_3BD22AE03D484B308C7E|RR|EN|140|100|1147|1147
CRD_3BD607C56C33412AAF02|CSR|JP|6530|6580|19053|19114
CRD_3BE5316F6AED4A72B593|SSR|JP|42470|42240|105616|105596
CRD_3BE8944EE0F7456FBD5A|RR|EN|1110|780|7372|7372
CRD_3BEEBBBA3187450DBC7E|SR|JP|2402|1662|6448|6447
CRD_3BEF85BDD3334AB1B674|UR|JP|4107|5675|8677|8707
CRD_3BF8865058D243DC9DBF|SR|JP|772|772|9847|9845
CRD_3C062CAF599948F7BA44|SAR|JP|16410|17722|47824|48027
CRD_3C0A4BD7A21440D38FB0|SR|EN|18986|18981|142384|142384
CRD_3C1390FC1DF04130BF02|SR|JP|5916|5879|15886|15822
CRD_3C3DCDDEE1D445CF8043|SR|JP|870|851|2321|2291
CRD_3C4CBC99613B4B548008|SR|EN|12860|14320|31908|32645
CRD_3C56BFC81EEB4EE89BB1|RR|EN|750|550|7555|7555
CRD_3C91F57ABFE0494F9FEE|SAR|EN|34220|35150|277915|281474
CRD_3CABC0377B7C4F4BA3A7|RR|EN|160|110|1055|1055
CRD_3CE005C5398E4DF8AA7A|RR|JP|188|150|561|561
CRD_3CF2CAAC6C6843768D3B|RR|JP|295|240|880|880
CRD_3D1314647FED4C4BB1D1|SR|EN|930|930|5582|5582
CRD_3D1823A431694121B9F4|RR|EN|210|150|1300|1300
CRD_3D1DDFE22E46497299FE|SSR|JP|680|610|1775|1775
CRD_3D5EDF548DF943ACAADD|RR|EN|2860|2010|17873|17870
CRD_3D7C380DE0344900AFCD|UR|JP|10770|10321|22759|22755
CRD_3D845D79A43446819D94|RRR|EN|2200|1310|13215|13501
CRD_3D8E86F6369447DC8A73|SR|JP|3059|3058|45509|45509
CRD_3D9C68A514C54A7A8160|RR|EN|160|120|1147|1147
CRD_3DA9FF90C36043F5AFDC|RR|JP|127|90|379|349
CRD_3DB07E020BC24EA1AB3B|RR|JP|300|240|895|895
CRD_3DB28C7FE7014FECAA07|HR|JP|3430|4080|10621|10619
CRD_3DC005D2BBD14E03914E|SR|EN|13140|14180|96755|96737
CRD_3E05F7873B1A4A2388BA|AR|EN|700|690|7693|7693
CRD_3E0AD8CAAB4F44D5B183|SR|EN|16649|16644|167802|167802
CRD_3E28C08144174CFC8121|AR|EN|2600|2510|28433|27897
CRD_3E39B2A60D644D419C7A|AR|JP|1030|930|3657|3504
CRD_3E430DB8963746CBBEDB|RR|EN|19650|13720|135657|135632
CRD_3E4E6014D8C14643B6EE|RR|EN|7790|5440|71083|71434
CRD_3E51556E4E8842128C4E|SR|EN|1140|1230|9452|9452
CRD_3E5403B79A2643CBAD3A|SR|JP|16212|16173|43522|43522
CRD_3E730E3C8E944D9C8CAD|RR|EN|2080|1570|11562|11562
CRD_3E7EFB8B95774E57AD88|SR|JP|1175|1510|3156|3155
CRD_3E81540BBE5B4EF2A89E|SR|EN|559|518|948|948
CRD_3E81F48F8E78476C8639|SR|EN|1428|1427|8564|8564
CRD_3E8A50AC63BE422598F2|AR|EN|2440|2290|29814|30294
CRD_3E9E5C6840D049589B84|SR|JP|2774|2768|7450|7448
CRD_3EB598DB6DD6410AAE57|AR|EN|930|870|11348|11348
CRD_3EC2D5FC5CD94A18B44E|SSR|JP|7154|6680|18674|19402
CRD_3ECB798328944A0F8A34|UR|JP|4696|4452|9936|9815
CRD_3ED24376E1C34EC0A25B|RR|EN|190|140|1942|1942
CRD_3EDE7FB426A144669E19|AR|JP|1440|1360|5038|5112
CRD_3EE555CE8FCD4C4CA1C9|CHR|JP|26240|26770|76530|77714
CRD_3EF662F5F4B04A96BB1F|RR|JP|2026|1650|6054|6053
CRD_3F0CF7904DE24591A85C|SR|EN|1188|1188|7127|7127
CRD_3F1A4E09C8E142A29BCF|AR|EN|2500|2270|21622|21622
CRD_3F2D5876782D4E44B4B3|RR|EN|393|300|2187|2187
CRD_3F47FE910E9D4632AC13|AR|EN|1140|1030|22668|22815
CRD_3F605DD9C57145F4A405|SR|JP|1277|1302|3429|3504
CRD_3F61C7008F084A26A6CC|RR|JP|213|180|637|652
CRD_3F76B4D8B9814F63AA83|SR|JP|30480|28120|148675|148648
CRD_3FA487AFC9CD43388FA7|SR|JP|1966|1962|5280|5279
CRD_3FA675F84C674401A71D|RR|JP|995|810|2973|2973
CRD_3FAA8A6B685E4661B8C6|SR|JP|2973|2972|37916|37909
CRD_3FAAA0E00D4E4C6A8014|SR|JP|1225|1212|4430|4384
CRD_3FAD1A600E1E4A68BEFC|RR|EN|289|220|1606|1606
CRD_3FDB36F0CAF24E49B6CF|RR|EN|1540|1140|11180|11180
CRD_3FED5DC18A974AFBB5BA|AR|JP|720|680|2504|2564
CRD_3FEFE9BCF9014B07A6CB|HR|EN|5707|5706|64203|64203
CRD_3FF1314B8C744C4087FA|SAR|JP|68480|71280|143456|143430
CRD_4007297FF83B46EF9175|PR|JP|647|647|7571|7570
CRD_401FD6071DA84BD28DBD|SR|JP|2831|2824|7601|7600
CRD_40212CBAF40D49EE8938|RR|EN|154|110|856|856
CRD_4032908FFCFF4C66A7DA|SR|JP|1249|1249|15931|15928
CRD_403D661F93B3488CA6F5|SR|JP|1573|1573|5689|5689
CRD_403F30AD7CEB4458A3BA|SR|EN|5588|5586|33258|33252
CRD_404917AFA01148F5B7A7|SR|JP|723|722|1942|1942
CRD_405854EB09E342C08AFB|RR|EN|2044|1550|11363|11363
CRD_407679EEDAA34799BBA6|RR|EN|1440|1010|12633|12633
CRD_4078C16E4F0A46D1B247|SR|JP|1390|1387|3733|3732
CRD_40ACC9AF379C44558884|HR|EN|33988|33979|382327|382327
CRD_40B4022498F2461CB0E9|SR|EN|3349|3348|25112|25112
CRD_40C9B79679FB427396C0|RR|EN|120|90|1055|1055
CRD_40D2B16676124F24A955|SR|JP|915|885|2458|2382
CRD_40D95A6077D44FA3A682|SAR|JP|9670|9730|31680|31674
CRD_40E593A0BF374678B1E8|RR|EN|140|100|1071|1071
CRD_40EA643721414CC5B8E1|SR|JP|5057|5045|13579|13577
CRD_40F6EEFDAD37407C8580|AR|JP|950|900|3292|3368
CRD_40FAAC6A04774AEEB7B2|SSR|JP|616|550|1608|1593
CRD_41167277B8FA42F693CA|HR|JP|11280|13410|34897|34890
CRD_413FD0336AAA480DAA38|SR|JP|10290|10287|131242|131218
CRD_413FE230DC42456DB302|RR|EN|300|200|1667|1667
CRD_4143730A5E3C4C31B192|AR|EN|6770|6180|95556|95357
CRD_4145122B76D44C99ACC5|SR|JP|19629|19624|250346|250300
CRD_4156299E17D24C468D3E|SR|JP|32714|32706|417277|417167
CRD_4192371C8DE14719ACB9|CHR|EN|1350|1350|7479|7479
CRD_4194A800DB674EB6839A|SR|JP|4200|4200|62496|62484
CRD_41A8630816A54FD4A1F7|SR|EN|9070|9068|53984|53974
CRD_41BD351FBCE24334B7DD|RR|EN|2019|1530|11226|11226
CRD_41C4A6AF0C704C7CB5CF|SR|EN|1350|1460|32744|32744
CRD_41C8011108CC45C3B1B1|RR|EN|160|120|887|887
CRD_41CF2D5A4A6A43DDB951|AR|EN|970|900|21697|21617
CRD_41F01DE4718B458FA5D5|SR|JP|644|643|1730|1729
CRD_420EDFD54C4F42DA98EE|SR|JP|16969|17210|45563|46313
CRD_421B1590AD54493AA0C1|SR|JP|1622|1629|4385|4384
CRD_4224526A99B34DDDA194|SR|JP|566|584|7343|7448
CRD_422F8452B1C741639603|SAR|JP|6190|6200|20195|20191
CRD_423AFEA04A844D929CFC|SR|JP|768|767|2064|2063
CRD_428AF8A0299041E5A922|RR|EN|380|270|14808|14942
CRD_42AFED1003354B5DA9E4|PR|EN|12480|12880|38675|39244
CRD_42C881A081C2442292A2|RR|EN|330|240|7861|7861
CRD_42E5F5DEFC6244BEA6CF|RR|JP|178|140|531|531
CRD_43184344379E4533B6E5|RR|JP|1450|1030|3777|3777
CRD_4326CC9CE8E842FB8F45|SR|EN|31601|31592|318507|318507
CRD_43490A3EE356478497CB|RR|EN|237|160|1315|1315
CRD_435238B98B534ED1A50A|SR|EN|1846|1845|10985|10983
CRD_437C97C642DD44B5B6AD|UR|JP|2118|2990|4475|4505
CRD_43945060F9E847A0AE3F|SR|EN|30360|32750|688691|688691
CRD_439C86F598EA473882CC|AR|JP|1470|1290|5052|4854
CRD_43A31E18194141E18BFC|PR|EN|8546|8543|26238|26238
CRD_43B0B8BE00C44F0FB400|AR|JP|4190|3880|14612|14593
CRD_43B92747526147DBA44A|RR|JP|1016|830|3034|3034
CRD_43BC0926ACC14BDDAA6B|SAR|JP|148800|155680|313327|313269
CRD_43D855425B824A7DAA12|AR|EN|2800|2680|33653|33176
CRD_43F737D98D4646BC92BE|AR|EN|1970|2010|32408|31796
CRD_43FDDC429EF844C5A887|SR|JP|1493|1493|19041|19038
CRD_4401EC58464B477AA7F6|AR|EN|4110|3740|52193|52593
CRD_442D7542AFE94FA494F3|RR|JP|843|690|2519|2519
CRD_44313E703A974D358FBF|RR|JP|1016|830|3034|3034
CRD_4433E81381664E14ADED|AR|EN|2800|2550|27766|26638
CRD_44776BE951744966AC11|AR|JP|6130|5650|21257|21268
CRD_447A0348BBF24CB6AA73|RR|EN|12700|9000|88076|88379
CRD_447AD11B1C504AC4B5F7|AR|EN|1490|1400|12578|12818
CRD_448903DEA445481396DD|AR|EN|1460|1330|27826|28792
CRD_44A13E89FE7A4D61BDE0|SR|EN|7564|7562|56724|56724
CRD_44A1BB145FB243139F1C|HR|EN|37885|37658|105874|105247
CRD_44A4617C7F3347A2B08A|RR|JP|823|690|2488|2518
CRD_44B4AF270D834B16884F|SR|JP|1797|1793|4825|4824
CRD_44DEAF40BD594140A6C6|RR|JP|289|230|865|834
CRD_44E1537469C74DDBBA16|SR|JP|7495|7495|95587|95569
CRD_44F5692ABDFC4F8DA2CA|SR|JP|14319|19052|255690|57645
CRD_4500844A9586482C906C|SM-P|JP|77820|78560|228149|228107
CRD_4515FE8F178F464F92D2|SR|EN|830|900|4619|4619
CRD_4549B35197074BE18BA7|SR|JP|1221|1251|3368|3368
CRD_45708EEF14E84AD79B2A|CHR|JP|5230|5270|15264|15306
CRD_457C08948A2D49189AA1|RRR|JP|1308|1180|3413|3413
CRD_458264C893E84DF0975A|SR|EN|5955|5900|35124|35118
CRD_4595906EF9644EC481E6|PR|JP|1347|1346|15749|15746
CRD_45BCEE6F7FD34E328ECD|AR|EN|4410|4130|66046|65563
CRD_45C9E6F60F414FF4A7C1|SR|EN|10741|10681|79914|79474
CRD_45CC8DC151BA47F9906E|RR|EN|220|160|1621|1621
CRD_45D3A4AB841C4BAAA951|UR|JP|3059|2890|6462|6371
CRD_45DCE5D7B81948979409|RR|JP|178|160|531|576
CRD_45F4859A17FA4968BCF6|RR|EN|250|180|1682|1682
CRD_462F20A41FFE435A999B|SR|EN|1000|1110|4726|4726
CRD_46402F0A4DE7492785D0|RR|JP|208|170|637|637
CRD_4659714945CF4C9F82C5|SR|EN|4013|3715|6806|6806
CRD_465B3016FD4B41409D8C|AR|EN|3100|2980|44880|43173
CRD_46627F2A3E6F48A9BE2F|MUR|JP|215400|215360|406503|406396
CRD_466576292217484F9E58|SR|JP|684|682|1836|1836
CRD_46675A842A144D9E84CF|RR|JP|5576|3740|16661|13729
CRD_466890A6EF99406086D6|RR|EN|600|420|4986|4986
CRD_4681609374F6454994EB|SR|EN|50086|50073|298109|298054
CRD_46AA4AF10EC446A2A11D|HR|JP|4990|5930|15446|15443
CRD_46AF434D15734C6787E2|SAR|EN|2210|2260|41026|41262
CRD_46C3AF403C0244BCBFF4|RR|EN|130|90|1040|1040
CRD_46D80DE27C1642C5B543|RR|EN|448|340|2493|2493
CRD_4705CE7F497346EB824F|RRR|JP|3766|3390|9830|9830
CRD_4750AF05BE3349BBA298|RR|EN|157|120|872|872
CRD_477A7D547E084F6D8315|SR|JP|1993|1992|7206|7206
CRD_47977278A0254FA4BCA9|RRR|JP|796|720|2078|2078
CRD_47A0659087604D088710|AR|EN|690|630|6729|6729
CRD_47E80B191CA7474EB9E3|RRR|JP|825|760|2154|2200
CRD_48149BF6BE82495A8F64|RRR|JP|1058|930|2701|2700
CRD_4825831A44A54D91A8C4|RR|EN|140|100|918|918
CRD_4828906D1AF3429BB260|SSR|JP|29058|26120|75862|75848
CRD_4828E06D60BD439AB3E4|SR|JP|593|609|1639|1638
CRD_482D1C2F5F0041739B92|RR|EN|1249|1233|6943|6943
CRD_482EA800F7DE4871AD8A|SAR|EN|98900|103470|440776|449478
CRD_483AB154688A4D959891|RR|EN|140|90|994|994
CRD_485ACB25D5DE4A248426|AR|EN|1010|920|16235|16235
CRD_4866CB4A4EDF45CABC8E|RR|JP|18100|4806|54079|54065
CRD_48773AA6B8EC4EF892A7|AR|EN|1200|1140|9650|9650
CRD_487CFF0EF551423B842A|SSR|JP|158830|157970|395001|394928
CRD_487F923F9A884FFDBD8A|SAR|JP|147640|148740|484238|484050
CRD_4885A59DE0CC4CA59CE0|RR|JP|20315|16510|60690|60679
CRD_489EB78CD21244439801|RR|EN|7490|5230|87075|87059
CRD_48B34F0217EF45879C43|RR|EN|190|130|1116|1116
CRD_48B3B385581F4DFEA769|SR|EN|3793|3754|22577|22345
CRD_48D2CD939E9C4A45872A|SAR|JP|1470|1607|4354|4354
CRD_48DEAB90649C4E5386BB|RRR|JP|1807|1620|4719|4718
CRD_48E53C0884D54CECB73D|AR|EN|1010|940|6729|6729
CRD_48EDE9764E334AFE8D60|HR|JP|2590|3120|8025|8131
CRD_48F9A5034BD346849260|RR|EN|278|210|1545|1545
CRD_491F98C389C24B31804E|RR|JP|11732|9530|35048|35042
CRD_492147CE938648E78FA2|SR|EN|3273|3031|5552|5552
CRD_49258A0BD56C4E8CAAE1|SR|EN|7868|7866|59003|59003
CRD_4926DF1CF0484F49BC50|SR|JP|9622|9738|47008|47572
CRD_492B3C0921ED4DF68345|SR|EN|19703|19698|198589|198589
CRD_49411B14FD8649DE8364|SR|JP|1452|1449|3899|3899
CRD_494E55E7C59E4B6DA4E3|RR|EN|740|731|4114|4114
CRD_496BA4D8911D4BBABCD9|RR|EN|396|300|2202|2202
CRD_4984C34823564A40A15F|SR|EN|3264|3828|5492|5446
CRD_4986313CCE1543ED8030|RR|JP|239|190|713|713
CRD_498BBDABFF4741DD92A0|RR|EN|290|190|2462|2462
CRD_499466BB5F6A45A9BEAE|SAR|EN|6974|6974|30315|30537
CRD_49A64C751A444FF7B85C|RR|JP|366|310|1108|1123
CRD_49AA338BD81847B9B5A3|SR|EN|20549|20544|23155|23155
CRD_49B4C54D818A4CF7BA81|RR|JP|125696|102150|375519|375450
CRD_49B864154D884E16A393|SR|JP|1701|1719|4628|4627
CRD_49B9C68497F94042A443|SR|EN|788|787|4726|4726
CRD_49BB72C01E4C40628D5B|RR|EN|6970|4870|46079|46844
CRD_49CC517FCE054EB99CD3|RR|JP|43991|35750|131435|131400
CRD_49D0E25CC4FB427AB28C|RRR|EN|550|330|2493|2493
CRD_4A17C07AEF20419B859B|SR|EN|5608|1697|56526|56526
CRD_4A276329B7FE4B2B876E|AR|EN|800|810|9813|9813
CRD_4A29C46B117240F8943D|AR|EN|9780|9310|96603|94902
CRD_4A61F5781B4E4CF1A1F0|AR|EN|990|880|8366|10270
CRD_4A62A7429FAD4BDA9715|SR|JP|810|801|2883|2897
CRD_4A642D0DF8D74C7B896A|RR|JP|3012|2450|8997|8996
CRD_4A6AB07D1EE64032B862|UR|JP|29209|27992|61722|61710
CRD_4A6CC4A034DF4C3DAD74|SAR|JP|149470|130970|411010|410902
CRD_4AC772DA06674B6BBCD3|AR|EN|970|910|12082|12082
CRD_4AE3AB5A697244519998|SR|JP|6871|6855|18446|18446
CRD_4AF796183B554D43B85C|SR|EN|2732|3134|4634|4634
CRD_4B0D00B3E615450ABC4E|SAR|EN|148800|148770|102081|102031
CRD_4B11473ECD9245248564|AR|JP|3840|3600|13504|13547
CRD_4B160DDD24C54ACA8B72|PR|JP|1946|1946|22755|22755
CRD_4B1DB69AB33149CFB3D1|RR|EN|180|130|4955|4955
CRD_4B1E14482DF6442A8088|PR|JP|2076|2075|24272|24272
CRD_4B2B4A42869D4583AFCB|AR|EN|1649|1686|14459|14790
CRD_4B3B7C90C55443A7B6F2|SR|JP|12895|12864|34617|34617
CRD_4B54FA5828754EE1BCD7|SR|EN|10120|10920|145290|145290
CRD_4B6DD9DF25B548FEA79D|SAR|JP|7530|7670|24701|24954
CRD_4B75B995CF8948918B35|HR|JP|7010|8340|21697|21693
CRD_4B9283B93544449DBC2D|SR|JP|2831|2824|7602|7600
CRD_4BC0454F738547C680E7|SR|JP|8493|8490|108316|108296
CRD_4BDF5407844B4C4399F9|SR|JP|8919|8916|113748|113727
CRD_4BE279D087D44FB6B0F3|SR|JP|1401|1359|3763|3656
CRD_4BF74DA1A517491DB6F7|AR|JP|4890|4580|17055|17233
CRD_4C0F021D6C8D4B2C95BD|RR|EN|2480|1730|25418|25418
CRD_4C0F71EF7CD14B5DAC80|RR|JP|168|140|501|501
CRD_4C12E5F0808C4CD8A09F|HR|JP|3110|3700|9635|9633
CRD_4C491E5A492F45CB8EB5|SR|JP|3807|3806|48552|48543
CRD_4C67C7A9419549B09F71|RR|EN|180|140|1422|1422
CRD_4C6B8CCE76054101B753|RR|JP|1945|1580|5810|5810
CRD_4C846CECB8E74C96BF39|SR|JP|2091|2086|5613|5613
CRD_4C8698FF6B3849B49B28|RR|JP|239|190|713|713
CRD_4C94C9838D3A4C2DA183|SR|JP|1466|1465|18693|18689
CRD_4CA4DA6436B34162B705|SR|EN|1479|1478|8870|8870
CRD_4CBEC2D7C8DF430DA560|SAR|JP|13220|13330|43351|43370
CRD_4CC1B8E1952F40E5AE74|RR|EN|140|90|918|918
CRD_4CC81C78A11A4E46AD49|SR|EN|9523|8817|16150|16150
CRD_4CCBCECB375543B99CEB|SR|EN|14770|14766|148869|148869
CRD_4CE79903A8A042498E53|SR|JP|1079|1079|13655|13655
CRD_4CE7E440FEFE4B8EB2AB|AR|EN|5570|5280|62344|60739
CRD_4CF3E079DB20440ABDB1|AR|JP|1820|1680|6343|6326
CRD_4CF6CEF79B8D4088917C|RR|EN|234|170|1274|1274
CRD_4D1CD4CF50AA440F904D|SR|EN|19060|19055|113445|113424
CRD_4D1DBE122AB04EE8AB19|SAR|EN|2710|2760|56457|56416
CRD_4D2AB79A057148E8BE39|PR|EN|1579|1578|4810|4809
CRD_4D37677B8AA341108958|RR|EN|2740|1910|19224|19224
CRD_4D3EF2E899D943459B77|SR|EN|7285|7283|54629|54629
CRD_4D987972880E4502ACD0|RR|JP|747|610|2230|2230
CRD_4DA4E6DE9B234E42BAE2|SAR|JP|6950|7010|22804|22800
CRD_4DC194AB4E8E4B84BD67|SR|JP|2187|2063|5552|5552
CRD_4DC3694C7B5E49B7A1A8|SAR|JP|51500|52000|230458|234038
CRD_4DD11310DD574B5BAF64|AR|JP|940|840|3141|3155
CRD_4DD30CBFBB2B4EB88C71|SR|EN|33720|36380|325832|325832
CRD_4DFC063703184E429E4F|HR|JP|7740|9240|41668|41668
CRD_4E00186303FD42FCA5B7|RR|EN|190|140|1560|1560
CRD_4E19D3DA09F7478A8AE4|SR|EN|3950|3949|29624|29624
CRD_4E35CE088AB142C69436D3D5EB25F6E7|AR|||700||
CRD_4E40BBC7A11147499348|SR|JP|955|964|2564|2594
CRD_4E59295B4DF14431A9B7|RR|JP|579|470|1729|1729
CRD_4E708DE56D9944CFB875|RRR|EN|610|360|2799|2799
CRD_4E711DDC48A24974B926|AR|JP|2440|2260|8528|8510
CRD_4E71B1C188B74ACDB2DB|SR|JP|746|744|2003|2002
CRD_4E744A43E495413AAC15|HR|JP|95240|85130|910350|910182
CRD_4E8F8D42F8524276A6BD|RR|EN|2586|1960|14376|14376
CRD_4E99AE84CC834A47AD97|AR|EN|3010|2810|33668|33009
CRD_4EB0074F19194FD08F0B|RR|EN|240|170|2034|2034
CRD_4EB2410F9979486EA231|CSR|JP|3620|3630|10545|10543
CRD_4EC3A525E385456A88F0|PR|EN|69272|69254|212735|212735
CRD_4EE25BC32C984F3BBC3C|AR|JP|1970|1860|6858|7008
CRD_4EF712E5DEDB420796AE|SR|JP|2243|2238|6023|6022
CRD_4F19F10CD72544CDB78E|SR|JP|1761|1760|22455|22451
CRD_4F2A7D0A1A7B4BA789D5|CSR|JP|29780|30070|87318|87302
CRD_4F4282B9BBB74862A121|AR|EN|870|880|7555|7555
CRD_4F48AF7F7CD84E0EA0B1|SR|JP|1684|1680|4521|4521
CRD_4F6B88682F194C539477|SR|JP|1684|1646|4522|4430
CRD_4F738DC1C0384C8E8415|RR|EN|1296|980|7203|7203
CRD_4F8FA4ED50DA4A6AA4D3|RR|EN|140|100|1017|1138
CRD_4F945928CE844FBD8648|AR|EN|1260|1170|15279|15352
CRD_4F9A907B588C4D71ADBF|SR|EN|3663|3662|27467|27467
CRD_4FBC77A3FDD544CCA755|SR|JP|742|742|9470|9470
CRD_4FD05F42130846719AF7|SAR|JP|92520|96860|194779|194900
CRD_4FFBC5FEC7274C13BE41|PR|EN|32998|32436|99896|98831
CRD_500998CEAE8F48BE9DA0|SAR|JP|14940|14940|63456|63440
CRD_5034E9197BEF4694BCDE|CSR|JP|4830|4880|14171|14168
CRD_506A9FE402DF410A9083|RR|EN|7926|5990|44061|44061
CRD_50757DF212C2435ABE50|AR|EN|1050|930|12021|12021
CRD_50821B0A1B1544889F09|AR|JP|680|650|2382|2442
CRD_50907E2F804C48AEA846|RR|EN|3065|2200|17037|17037
CRD_5094F85922274E7CAC3C|SAR|EN|228400|228360|2370369|2375332
CRD_509F370C46394353934C|AR|EN|930|870|8304|8304
CRD_50ACE060260D40C7B2AC|HR|JP|5390|6400|16659|16656
CRD_50B50B0ABF4D437598F7|SM-P|EN|2480|2479|7616|7616
CRD_50C0DEEAB02B452683DA|SR|JP|743|742|2686|2685
CRD_50DE7B5127534FE2A569|RR|JP|279|230|834|834
CRD_51054B3353C34EBC99FF|SAR|JP|2540|2560|8345|8343
CRD_510E12E6D5CD417197BF|SAR|JP|15990|16100|52426|52381
CRD_511F933EEDE74C64AB4A|AR|EN|1750|1780|32014|31083
CRD_5148B33EFB2449B1B0BA|SR|JP|3221|3264|8830|8783
CRD_51568A9C8361413DB34E|UR|EN|3522|2908|9757|9757
CRD_517D349E079B4F5E83C7|SR|EN|12642|12639|94806|94806
CRD_51808E684CD64F418E0A|RRR|EN|830|460|4916|4566
CRD_518259D3BB704065A54A|AR|JP|930|840|3155|3170
CRD_519C4783A21343ABB5E8|SR|JP|1119|1133|3050|3049
CRD_51A40A7F283548AAA8AC|SR|JP|357|357|4552|4552
CRD_51BAE0050B1B403BBD88|RR|JP|3555|2890|10622|10619
CRD_51C1A941A9694DF8AA9A|SR|JP|1784|1784|22761|22755
CRD_51D5975726974B7B8758|SAR|JP|6940|7090|22637|23088
CRD_51DDA6EA64684E538750|RR|EN|210|140|1621|1621
CRD_51EB2AB1F8BE40468C95|SR|EN|6702|5925|39570|39426
CRD_524170C118594AD6B7E3|CSR|JP|3320|3330|9680|9678
CRD_5253E851E4414AD68104|SR|JP|3633|3625|9754|9754
CRD_52591157ACD8487D99CF|RR|JP|457|370|1365|1365
CRD_526DC57204B446B594BD|AR|EN|960|880|13168|13168
CRD_527B58F17A3E49AEB25F|RR|EN|140|100|1162|1162
CRD_528E8910A24647CE96C3|RR|EN|143|120|850|865
CRD_52AAE0598913498D8B12|SR|JP|1375|1375|17539|17539
CRD_52B306F7D32545678508|SSR|JP|12245|11020|32190|32008
CRD_52D2632208334D4B88B0|SR|JP|1068|1065|2868|2867
CRD_52F5DDE5DDE7486DAF16|SR|EN|14760|16010|122365|122365
CRD_52F60B81183042E68553|SR|JP|507|507|6463|6462
CRD_52F68E4F10704A3FB529|RRR|JP|866|780|2261|2260
CRD_52F916AFA8B244C5ACDA|SR|EN|12107|12104|13642|13642
CRD_5308BD56BE1440DC86D2|SR|EN|6271|6269|37623|37623
CRD_5321023EE01C496BA1D8|RR|JP|112|90|334|319
CRD_53220555F67B44E18651|SM-P|EN|1215|1215|3702|3701
CRD_53468E96BA24425694EB|SR|JP|10833|10830|138161|138135
CRD_53504BEF2B164AFA9492|CHR|JP|2210|2180|6463|6341
CRD_535F50E9DD9145CFB167|RR|EN|2410|1680|26309|27017
CRD_53601313F5F840D7BE86|SAR|JP|2310|2310|7524|7524
CRD_536CF43303D74BB4BB90|SR|EN|1831|1695|3105|3105
CRD_53811FEF046C46BC8D3A|RR|EN|176|130|1092|941
CRD_53864D1A7E104131B58A|RR|JP|416|340|1244|1244
CRD_539273CC06F546848821|SAR|JP|20140|20190|65712|65700
CRD_539D580996A8493CA8A2|RR|EN|180|140|1713|1713
CRD_53A0FD8027524CC4A991|RR|EN|619|611|3441|3441
CRD_53BC7943DA1C4E528F42|RR|EN|150|120|1025|1025
CRD_53C3C8439568425FBA77|RR|JP|772|620|2306|2275
CRD_53E1012862E24CE386A1|RR|JP|152|120|455|440
CRD_53E878DB5D8944638209|AR|EN|1930|1840|43196|43294
CRD_53EAEC16A2AC449B842F|RR|EN|170|120|8366|8366
CRD_53F9BEE45FFC4745AC79|SAR|JP|17890|18030|58692|58676
CRD_5403B77391C44B59BBF1|SR|JP|80306|74332|948281|948106
CRD_54066807917542B79D0E|AR|EN|1200|1080|8090|8090
CRD_54079F1439374F52BCF7|HR|EN|419400|417150|1563435|1600510
CRD_54122CD2AC754C009580|AR|EN|2530|2330|23790|23790
CRD_5454D86FB3AE476B8576|RR|JP|193|160|577|576
CRD_54629510CAF0436F9A1E|SR|EN|1217|1127|2065|2065
CRD_5468B5F7E7644C059874|HR|JP|4410|5250|13655|13653
CRD_5470C871DF3146EB9C6B|SR|JP|1334|1330|3580|3580
CRD_54805A45B9364F29B502|RR|EN|407|310|2263|2263
CRD_5484754441BB42A286AE|SR|JP|746|744|2003|2002
CRD_54862537AC0B4A368C5A|SR|JP|44431|44324|119301|119279
CRD_549320962C484F599EC6|RR|EN|740|520|7892|7892
CRD_5495412158834F0487D3|SR|JP|2752|2779|7495|7479
CRD_549E381006304AAB8D75|SR|JP|921|919|2473|2473
CRD_54A4959E13F64F7AB630|AR|EN|1390|1230|11562|11562
CRD_54B1B0CAD05346959E1C|HR|JP|1980|2430|6115|6326
CRD_54D2FB20FB064C93818F|RR|EN|120|100|856|856
CRD_54E3A91B69264976B1D1|AR|EN|4650|4330|34258|34258
CRD_54EB8FDFE84741599C5A|SR|EN|2060|2250|12602|12602
CRD_550D287466E74BD49C99|HR|JP|5890|6990|18207|18204
CRD_55135DAC7D1B4FF1AB6D|RRR|JP|395|360|1047|1032
CRD_5545BE5E05C5475FA8C2|SR|JP|1380|1370|4233|4232
CRD_5563F3670A2C4D95AB21|SR|JP|776|776|2807|2806
CRD_5571E9D37C0F44EB9D0C|SAR|JP|19480|19460|63330|63318
CRD_5592B918549340D29D73|AR|JP|1670|1470|5812|5537
CRD_55BE769CC493490B9696|SSR|JP|8438|7590|22030|22026
CRD_55EE6B10CEA84CDA8EED|SR|EN|59138|59123|351987|351922
CRD_55FDE55C017C4092A5B0|AR|EN|15598|15598|136037|137453
CRD_561FF374668A4C52B7A9|RR|EN|1040|973|5735|5431
CRD_56347219393547F19FCB|HR|JP|4570|5430|14141|14138
CRD_5667330F7AAF41858B63|RR|JP|183|150|546|546
CRD_5668BB43C6824C25B7FB|RR|EN|3530|2600|32377|32377
CRD_567E3EA66DF544DA9814|SAR|JP|9900|10300|33531|33525
CRD_568ACA1A12854172B6CD|AR|EN|2810|2630|38068|38410
CRD_56A35E064F464D32B8D7|RR|EN|5956|5882|32848|32842
CRD_56AD26AE94C842519BA8|SR|JP|1204|1204|15355|15352
CRD_56AEEC243AFF49348A6E|RR|EN|182|130|1009|1009
CRD_56BC4E58C5934A90B2F1|RRR|JP|2836|2550|7404|7403
CRD_56CD73E3F5C544A2B1AD|RRR|JP|540|490|1441|1411
CRD_56CE5AE045504777AAE8|RR|EN|176|130|926|956
CRD_56E74A6F8ED840E5855A|SM-P|PROMO_DIRECT|3125100|3125100||
CRD_56F7E4C6FF4B4CBEA51F|SSR|JP|26442|23770|69035|69022
CRD_5704D0F94D3F482C8103|RR|JP|264|220|804|804
CRD_57174D8548094A65841F|SR|JP|2661|2661|7147|7160
CRD_57278A1C3B6140809E3F|AR|EN|1630|1490|21215|21215
CRD_5727B24E8A6442A9A5E7|SR|JP|1136|1150|3050|3095
CRD_572C9B22477A47FB9AEB|SR|EN|9582|9838|10970|10998
CRD_574890E1CF4F4130A020|AR|EN|3840|3840|64210|64198
CRD_5751676A34FF4B128A73|RR|EN|729|560|4053|4053
CRD_5754D3B72AA34FB4A42C|SSR|JP|1215|1090|3171|3170
CRD_576DC2D934294498A93F|CHR|JP|990|1000|2913|2897
CRD_578FDAA332FD4381BC35|CHR|JP|1260|1290|3687|3732
CRD_579416A2A535432F8F30|SAR|EN|30000|29000|273287|271841
CRD_5798719CFA7B4AF9928A|PR|EN|1320|1319|4053|4053
CRD_57A6E71EBA0E4FD0B4A1|RR|EN|220|170|1223|1223
CRD_57B8FD435C2148F8854F|RR|EN|979|967|5445|5445
CRD_57BF36837D354F8B8535|SM-P|EN|25234|25227|77493|77493
CRD_57BFC803754F499E82F0|RR|EN|140|100|1086|1086
CRD_57CF7BA35A2F4108A971|AR|JP|900|830|3126|3140
CRD_57D3263FF3A147BF9CBD|SAR|JP|13390|13410|43682|43643
CRD_57D75046E0404E6EBE7B|SR|EN|4721|4720|28324|28324
CRD_57E4BE5A1FDD46759576|SAR|JP|11620|11870|37977|37970
CRD_57EB73076A4B471381A3|RR|EN|630|520|3732|3732
CRD_580818D205C94783B0C1|HR|JP|1080|1280|3338|3337
CRD_5830A265E66848C49F6F|AR|EN|2380|2230|44091|44007
CRD_5836A136DD3E47DB8AE1|SAR|JP|23350|23760|76597|77320
CRD_5854A8B691CA4AF9B909|SR|JP|5948|5947|75862|75848
CRD_5856FD4E3CD348CD9E52|AR|JP|1800|1650|6282|6204
CRD_58AEBF1133424C8B92C1|RR|EN|190|140|1346|1346
CRD_58B23BBE13C047A0BE1A|RR|EN|140|100|1071|1071
CRD_58CA4FCBE74947989A92|SR|JP|1577|1573|4233|4232
CRD_58CE2CBBA7CE487B8628|RR|EN|3700|2580|31301|31295
CRD_58E466F3E3064DF98E83|SSR|JP|825|740|2154|2154
CRD_593E4A28970A4C3C8255|RR|EN|1428|1090|8021|8021
CRD_594A5B7B75D040D5B7B8|RR|JP|17775|14440|53108|53094
CRD_595B6C8D454040518BFD|AR|EN|2710|2690|44774|45327
CRD_5965C8E46105490CBE74|RR|JP|4312|3500|12882|12879
CRD_59976B37A8E84CBF8304|SR|JP|9787|9860|9999|9860
CRD_599E7458ABA7436BA692|AR|JP|8160|7530|28534|28322
CRD_59C05E1C41D0406E8DF2|RR|EN|215|150|1193|1193
CRD_59D148E4C2854E5AAA96|RR|JP|594|480|1775|1775
CRD_59D5ED41D1EE424B829A|SAR|JP|3390|3666|9936|9936
CRD_59D948D23D9B4A8997F2|SAR|EN|13970|12540|114507|115168
CRD_59E0A7F3922147D59CD0|SR|EN|57340|61850|916031|916031
CRD_59F6DAA62F9D4244976D|SR|EN|5088|5087|30526|30526
CRD_5A11A9B4CB924667ACDC|RR|JP|10239|8320|30588|30582
CRD_5A1A6E8474A040978D4B|SAR|JP|5830|5980|19402|19463
CRD_5A3BCBE340EB4953A691|SR|EN|8160|8970|20164|20449
CRD_5A428B14DAB74DF987AB|HR|JP|9850|11710|30482|30476
CRD_5A5295A6BE874BBA8414|SM-P|PROMO_DIRECT|68633|68264||
CRD_5A8FC382CCE44FCEBEB2|SR|EN|6325|6323|7127|7127
CRD_5A9588570BE84441901E|RR|JP|518|420|1548|1547
CRD_5AFD5F4B7631458284E9|SR|JP|571|569|1532|1532
CRD_5B35A21321964FEFB636|SAR|JP|5170|5180|16872|16869
CRD_5B57F8A6A3104F4E93DA|SR|JP|576|598|7343|7630
CRD_5B5AD56134634293963C|RR|EN|380|290|2111|2111
CRD_5B702C8872B74994BDE1|AR|EN|11170|10550|113688|119386
CRD_5B85A98483504BD2B701|UR|JP|12048|11670|25733|25728
CRD_5BDD62DBF28CF0E30ECD|SAR|EN|22060|22510|307683|308810
CRD_5BFE2B8ADBF64C2CBCFF|AR|JP|2180|2020|7617|7615
CRD_5C096EF4AA584BDCA606|SR|JP|785|772|2109|2078
CRD_5C104F12C3C94EE49C84|SM-P|EN|19173|19168|58414|58403
CRD_5C16965B4D8C4C77943D|RR|EN|730|560|6683|6683
CRD_5C43B57F41454A238C06|SR|JP|3193|3463|40723|44174
CRD_5C57E2D4DFC8419EAFAA|PR|EN|5468|2594|16792|16792
CRD_5C626761376341E3AEE8|HR|JP|3320|3960|12311|12311
CRD_5CA455DEF57B449E9681|SAR|JP|12430|10770|34171|33783
CRD_5CB7DF4E7368416EB437|CSR|EN|3850|3890|27144|27336
CRD_5CC4F5F3C4294D54BEBB|RR|EN|171|100|971|971
CRD_5CDC6F885194428BADB1|SR|JP|921|941|2534|2533
CRD_5CE1C6B2A9B548A8B3DF|SR|JP|746|727|1957|1957
CRD_5CE39B03B3954AB3B664|PR|JP|960|960|11228|11226
CRD_5D04471E96A84B7CB7F4|RR|JP|3530|2870|10545|10543
CRD_5D2CBBAD2CD244CCBB58|RRR|JP|848|760|2215|2215
CRD_5D478653E46E4634B4E2|SR|EN|9189|9186|10354|10354
CRD_5D48C69399A74C799C12|SR|JP|757|755|2033|2033
CRD_5D69A490DCA54BE28B61|RR|EN|157|110|872|872
CRD_5D76FEADA66646C89642|SR|JP|780|778|2093|2093
CRD_5D7CA51BCEB44BAEA02D|AR|EN|2100|1970|37036|37029
CRD_5D82D98321EE4B3B8CFB|SR|JP|2221|2215|5963|5962
CRD_5D857A6DB3B4475CAD61|AR|EN|3380|3210|27538|27609
CRD_5D86E01964624A8CBE40|CSR|JP|67900|31540|110046|110026
CRD_5D99F1F054944414B285|SR|EN|3434|3433|25755|25755
CRD_5D9CED91492B4E768613|CHR|JP|7150|7310|21196|21222
CRD_5D9E1E48807A4B839B95|SR|JP|729|671|1957|1805
CRD_5DAB2DD66D0B451E8825|AR|EN|4150|3860|40465|40791
CRD_5DB81F6CB60742D3952B|RR|EN|230|160|1361|1361
CRD_5DF12C9B3FCC471D90BA|SR|JP|1141|1167|3064|3140
CRD_5DF591EAB7B44D25AF5A|RR|EN|300|210|1759|1759
CRD_5E2DD9D7EE3942628E86|SR|EN|5249|5266|39191|39183
CRD_5E38B57AA54A42D3BA96|RR|EN|190|140|1055|1055
CRD_5E4E70BF23AC40C7ACFF|SR|JP|593|586|1593|1578
CRD_5E50FAE179C84F9C8755|CHR|JP|1300|1320|3823|3823
CRD_5E8B9D8B826549B5BE0E|RR|EN|2280|1590|13810|13810
CRD_5EC5DF045E124BF1ACA2|SAR|JP|24290|24400|79413|79398
CRD_5EE5BC37B7894924A235|AR|EN|1210|1130|10644|10644
CRD_5EE6DC9AFBE242028F0F|SR|JP|8072|8070|144139|144112
CRD_5EF0A6A219594553A91B|SAR|JP|14500|14660|47566|47709
CRD_5F01B946CC6C4F5F95B0|RR|EN|424|320|2355|2355
CRD_5F01EFF37F2B4265ACDD|AR|JP|2170|2140|7738|8040
CRD_5F09CD4E587B4983ACCF|AR|EN|1630|1530|15171|15171
CRD_5F0F40D590F84E8289CE|RRR|EN|690|410|3212|3212
CRD_5F1E0C24C1C64F5FB49E|SR|EN|12000|14930|97286|94720
CRD_5F4D4AC299E34809963A|RRR|JP|593|530|1548|1547
CRD_5F5654DF27524F1385D6|RR|EN|396|300|2202|2202
CRD_5F7760C6F9C843AFBC32|SAR|JP|7060|7080|23043|23043
CRD_5F8E8D482CEE40979BB4|RR|EN|248|170|1376|1376
CRD_5F9A15D40E55413889CB|AR|JP|1240|1140|4340|4293
CRD_5FB16D1BB32E4BC8873F|AR|EN|4610|4690|81036|81416
CRD_5FB29A7CDA6A4F8698B4|RRR|JP|488|440|1274|1274
CRD_5FE253E42C974A6AB4E7|SAR|JP|15870|17257|46777|46768
CRD_5FF7C03BB99345278E5E|RRR|JP|1546|1380|4036|4020
CRD_5FFCA0AB3BF4438A8D41|RRR|EN|5510|3280|31832|32327
CRD_5FFCA95807BE4F5A9443|SR|JP|945|944|12047|12045
CRD_600E014CD3CD4A00BD0B|RRR|EN|1900|1120|6194|6194
CRD_6033B85380BA4D14AE12|SR|EN|13500|14500|73860|73057
CRD_604492DE52EA4B7F81F6|SAR|EN|10900|10800|107042|106249
CRD_6048FC300CB84CADAB99|PR|EN|9616|9614|29532|29532
CRD_608AF077FAB548EA89BD|RR|JP|330|270|986|986
CRD_608F4EEEECE54A96A007|AR|EN|7670|7260|90974|90320
CRD_60994F0DC5F242CA928F|SR|JP|4272|4295|11561|11559
CRD_60F01E549A5F4ED5BCAB|PR|JP|2931|2930|34275|34268
CRD_6107CE7DBE884EAE9B22|SR|JP|3645|3636|9786|9784
CRD_611E90329796471CB2D4|RR|JP|838|680|2503|2503
CRD_612B2096761E42C3A8A3|RR|EN|212|150|1108|1138
CRD_6136135AE22040079308|RR|EN|195|140|1086|1086
CRD_6145A055ACC240FCB08D|SR|JP|3656|4008|9817|10786
CRD_614DE1758C59451FBC92|RR|EN|210|140|7861|7861
CRD_618582EF6E874473AD9F|SR|EN|2590|2400|30588|30597
CRD_61DFC00AB69D4E0D953C|RR|EN|150|110|1017|1138
CRD_61F147DE16A4427C9E3B|HR|JP|4730|5620|14624|14624
CRD_6208A844312F4FCEA6A1|RRR|JP|1232|1110|3217|3216
CRD_62132631CE684A58A336|RR|JP|411|330|1229|1229
CRD_621EC27A4FFC46AAA5B0|SR|JP|4526|4515|12153|12151
CRD_6233EED5112D4257876B|AR||4050|3800||
CRD_62382B166E0840719246|RR|EN|200|140|1545|1545
CRD_624C4EA100C746ABB72D|AR|||380||
CRD_6254B969E7A7449094FA|SR|EN|3488|3487|3930|3930
CRD_62582500388642AD8992|AR|EN|1640|1520|14422|14422
CRD_626420F611AD49BAA98D|RR|EN|157|120|872|872
CRD_627474F7EF5F4BDB9549|SAR|JP|31890|35226|95481|95463
CRD_6287A3AF49C442799402|SR|JP|1000|1003|2686|2700
CRD_62A6B9CDD727412080D2|SR|EN|13206|8339|14581|16125
CRD_62AFC6A6B1234F778316|AR|JP|1130|1060|4006|4005
CRD_62BDFC93B8524B53A057|SR|JP|1170|1167|3141|3140
CRD_62C30725144E4427BB77|RR|EN|200|150|1407|1407
CRD_62C3A4F356F74487824A|RR|JP|7684|6240|22956|22952
CRD_62C8546C52084CE08D66|AR|EN|1020|950|12464|12464
CRD_62D1A0E97E804231B0D6|HR|JP|2960|2650|28297|28291
CRD_62F7E63236364CB1A703|SAR|JP|17860|17990|58566|58555
CRD_63013DACF91C4789A924|SR|JP|6281|6115|22122|22117
CRD_630A12E88A2C405CB9F3|SSR|JP|25978|23350|67821|67809
CRD_63141A82DE9B4DB48A54|SR|JP|904|891|2458|2397
CRD_634203B063A54BAD8C11|HR|EN|9516|9513|107041|107041
CRD_63550D89E20048CA8259|RRR|EN|1560|970|13215|13501
CRD_635F799A0D2C4619893C|UR|JP|3332|3193|7040|7039
CRD_6372ABB03C6D49E1B035|RR|EN|3246|2520|18541|18553
CRD_6393EBE4F2594F90B558|SR|EN|4735|4734|35512|35512
CRD_6396E1AD59084F64A801|SAR|JP|4440|4470|14566|14563
CRD_63B80E0E81474366B192|AR|JP|5210|4890|18283|18386
CRD_63C1890645A14E069576|SR|JP|2039|2038|26006|26001
CRD_63C895F49C5A421D9548|RRR|EN|4730|2930|21621|21621
CRD_63CF750F292B420E9045|SAR|JP|21620|21670|70537|70524
CRD_63D4879876974E509121|RR|EN|190|130|1392|1392
CRD_63F5B0FD4B07476CB192|SR|JP|1288|1285|3459|3459
CRD_640E8984CA144951984C|SR|EN|2544|2543|15142|15139
CRD_640F3D6A0BD2463986B1|RR|EN|176|150|979|979
CRD_64121CF918D94791A1DD|RR|JP|1163|950|3475|3474
CRD_6412506A2B9B42B895C2|PR|EN|4880|4864|14869|14821
CRD_641A3A941D1A424C84B3|AR|EN|2120|2000|45548|45418
CRD_6424F4FA8DB0409195E6|SR|JP|2305|2317|6236|6235
CRD_642D216663B14FD592ED|RR|EN|150|110|1116|1116
CRD_6434F1BE098C4F98B481|SAR|JP|7650|7670|24974|24969
CRD_644AB314E2154B318313|SR|EN|53960|58220|905267|905100
CRD_644D9605B98343E2BD97|AR|EN|8000|7500|164546|158508
CRD_646451564B014C19BB2E|SR|EN|82194|82172|616397|616397
CRD_64904033464E4C1DA53B|SR|JP|458|457|1229|1229
CRD_649DBF44700540B8A098|AR|JP|610|540|2139|2033
CRD_64A023A4F1074382A6F7|SSR|JP|7724|6940|20164|20161
CRD_64AC0547355944F0835D|SR|JP|22280|20550|108665|108645
CRD_64AF5808BBFB437AAAD3|SR|JP|32714|32706|417244|417167
CRD_64C02283DD0E49BEA124|RR|EN|1609|1220|8947|8947
CRD_64D59B5F08A74343BAD0|SR|JP|1068|1065|2868|2867
CRD_64E058D69CF943F5B6C0|AR|EN|2150|2010|57413|57250
CRD_64EA988E405547A794C3|SR|JP|567|567|7237|7236
CRD_64EEDFC9E563497FA922|SR|EN|40185|40249|239179|239575
CRD_656BC340421641E5A050|SR|JP|2140|2211|27295|28200
CRD_65B86BDD091845B6B9B3|SR|EN|1761|1761|10568|10568
CRD_65DE95DF80D94E05A42A|RR|JP|3682|2990|10998|10998
CRD_6601BE7A1DE143349FA6|RR|JP|284|230|850|850
CRD_66116DF43BE7463F97E7|HR|JP|3160|3750|9771|9769
CRD_6622C5C878F244828DA2|AR|EN|2510|2370|52512|52411
CRD_663C98F6109848CD9597|RR|EN|9180|6940|51035|51035
CRD_6657C5F9E27145AA9961|SAR|JP|20870|22446|62273|60830
CRD_667E09D4457B4159ACB6|SR|JP|1062|1060|2852|2852
CRD_6692FF0A37A7473AAF6B|RR|EN|1360|980|14312|14312
CRD_66939CDD71824EF5877F|SR|EN|10931|11035|65060|65685
CRD_66963C0675B84ECAA1FA|SR|JP|520|520|1881|1881
CRD_669F982DB44549EFB5E2|PR|JP|4541|4540|53104|53094
CRD_66AB3EEC58944846BD32|SR|JP|582|582|7419|7418
CRD_66B86CAACE834BA39882|RR|EN|294|220|1636|1636
CRD_66E574AC0049442F9B22|SR|JP|3569|3568|53104|53094
CRD_66F3A5A65EF7499288F2|SR|JP|2108|2103|5658|5658
CRD_672B4D1A3B27458F9805|SAR|JP|84290|30203|276428|276377
CRD_67397D46BAC44F998127|SR|EN|2313|2312|17343|17343
CRD_67500D676E7A49D1928A|SR|JP|2311|2306|6206|6204
CRD_6758A956D73C4F90BE9F|SR|EN|5630|6070|98818|98239
CRD_678293733C984C86A7F2|SR|JP|1091|1091|3945|3944
CRD_67AC53C3B7C24162A902|HR|JP|1130|1350|3504|3504
CRD_67BA3BC34CA2443FAB1C|RR|EN|4924|4863|27376|27376
CRD_67CFE01AE03E495B9FB2|SR|JP|55034|55020|701910|701781
CRD_67DCCA6B98564C55A6CD|SAR|EN|10000|10180|153364|152850
CRD_67EB5EB9C55848ECA538|RR|EN|1092|830|6072|6072
CRD_67F29079C11444D7B0CA|RR|EN|120|80|1223|1223
CRD_683F3F874CB848EF94C4|RR|EN|130|90|1162|1162
CRD_6844172254A344548A6C|SR|EN|8143|8141|61068|61068
CRD_684A3F96ECB64020B759|SR|JP|667|665|1790|1790
CRD_685FD3A30CD4473393DD|RR|JP|2123|1730|6342|6341
CRD_6867ED7294D14913A168|SR|EN|16781|5097|167793|167762
CRD_68701C3E4E4942B29F01|RRR|JP|761|680|1987|1987
CRD_68750CA7D67B49579E22|SR|JP|1181|1184|3170|3186
CRD_6879A3B2FF474EFAABAA|SSR|JP|395|360|1001|1047
CRD_68ACF9F3119E4D75BABA|RR|EN|190|120|1290|1411
CRD_68AFBE59B0D944A69E33|CSR|JP|7000|7120|20528|20661
CRD_68C455E4A71E4DBA86E7|RR|EN|3439|2590|18966|19053
CRD_68DB6AC7C4BB4ACD92ED|AR|JP|6110|5670|21211|21313
CRD_68FF087ED5984A63BAE9|SR|JP|19099|19053|51283|51274
CRD_690D9691BB90458E8645|UR|JP|5478|5250|11577|11574
CRD_6912AF9C0880455DB48F|AR|EN|1540|1450|12434|12434
CRD_692B14B6D94747048405|SR|JP|1032|1032|4551|4551
CRD_693D655002B04679AF62|RR|EN|2352|1780|13076|13076
CRD_694BA62B745A4D1E9025|SR|EN|42304|42293|253799|253799
CRD_69525AAF5E3C4C99AB79|SAR|JP|47750|48190|304239|304183
CRD_695A1C7D2A614268A739|HR|JP|24520|29140|75862|75848
CRD_6963C4D7FD56481C9E05|RR|JP|2539|2060|7586|7585
CRD_696441FFCEB046F28C92|SM-P|EN|1235|1235|3793|3793
CRD_6967F2866EC341D1B5A5|SAR|EN|17060|17570|269979|269778
CRD_6983EB0AA95941FE8196|RR|JP|1519|1230|4537|4536
CRD_69A3E53625B647AE962F|RR|EN|200|140|1254|1254
CRD_69B3F39FEAAD4175AFED|HR|JP|1540|1820|4748|4748
CRD_69B4BC1CEE69492C85A9|HR|JP|9810|11660|30339|30339
CRD_69C72795CBC8432A90DC|AR|EN|9040|8550|72874|75136
CRD_69C818D4E150495ABB8B|SR|EN|31744|31736|238062|238062
CRD_69FF1CDC2254489A8E2D|RR|EN|160|110|1086|1086
CRD_6A047CD751384F969D65|RR|JP|584|470|1745|1745
CRD_6A05AC4797764140A0D5|AR|EN|2340|2240|23806|23923
CRD_6A0E78B2E87B4CA88D98|SSR|JP|2981|2680|7721|7782
CRD_6A148797C15E4E7D9FE7|SR|JP|6586|6586|83995|83979
CRD_6A29DC1A64574E9A92BE|RR|EN|209|140|1162|1162
CRD_6A49D65CBD7D467DA753|SR|JP|1150|1250|4735|4735
CRD_6A5E3F53DC574562AB1C|SR|JP|8485|8485|151520|75545
CRD_6A6020158B7D48B6851C|RR|JP|4063|3300|12136|12136
CRD_6A62F065A24240519E51|SR|JP|1407|1488|4005|4005
CRD_6A64916CD6DF4E1C952E|CSR|JP|1980|2000|5811|5810
CRD_6A6D79F1AA404CF998CD|SAR|JP|8150|8170|26577|26577
CRD_6AC614249DBA4DD285DE|CHR|JP|2500|2530|7343|7342
CRD_6B2C86298A8A48B9A1C2|RR|JP|2326|1890|6949|6948
CRD_6B3CFFBA30BE4DB79C74|RR|EN|140|110|1958|1958
CRD_6B3F6BFCB5834D188F85|CHR|JP|20260|20720|59886|60148
CRD_6B42108B80C945BCA671|RR|JP|452|370|1350|1350
CRD_6B452C1E25584A62B2AE|SM-P|JP|1170|1170|3399|3398
CRD_6B4990C003EE4F5C95AF|RR|EN|267|190|1472|1426
CRD_6B76266004034ADFAFE2|RR|JP|5724|4650|17101|17096
CRD_6B800B8A1D544DEB9436|SR|JP|2973|2972|37916|37909
CRD_6B89BCF215104ABCA86A|PR|EN|9731|9728|29884|29884
CRD_6B90BFF3033D4996A9AB|AR|JP|5240|4890|18359|18401
CRD_6BAE3346829849DD8C4B|SR|EN|1830|1990|4527|4527
CRD_6BAEC561FD824CA68028|MA|JP|13200|12200|69126|69022
CRD_6BBDDAB4D43548A49C5C|RR|EN|5722|5651|31811|31811
CRD_6BCC0F7F5E7F4991809F|AR|EN|820|770|8503|8503
CRD_6BFE78CBD4924CF285F9|RR|EN|217|160|1208|1208
CRD_6C093D7C67AF47468F97|SR|JP|23263|23151|295348|295293
CRD_6C18665126FF426F9C2E|CSR|JP|59950|27850|97165|97147
CRD_6C2E76C8810D45DB91FC|AR|EN|2590|2400|50676|50197
CRD_6C3E5BD53EFB49EC967E|RR|EN|204|201|1132|1132
CRD_6C46069A0ABF4F55BB2D|SR|JP|23334|23334|416680|416680
CRD_6C47EADF71464DA6A684|RR|EN|150|110|1040|1040
CRD_6C48D7D464D0402B9F7D|UR|JP|30092|28838|63576|63576
CRD_6C4CD727AA4A41F8A59D|SAR|EN|2530|2580|56275|57038
CRD_6C510F8223BB456DB67C|AR|EN|3350|3070|29921|29921
CRD_6C5AB36AD8294729A03E|SR|JP|1712|1702|4581|4581
CRD_6C71D38CA03A4D73A6F4|RR|EN|465|459|2585|2585
CRD_6C79F815204042AB91D4|RR|EN|528|400|2936|2936
CRD_6C87482BDBFF4157B5FA|RRR|JP|1040|950|2715|2746
CRD_6C8A167C2A5041E8B2C2|AR|EN|3090|2880|55835|59056
CRD_6CBCB133079240129A9D|SR|JP|5148|5333|14080|14351
CRD_6CC0A5E07CEC4B85923F|RR|EN|253|190|1407|1407
CRD_6CCC633E4EDE4AC7B8F3|HR|EN|20890|24349|68064|68051
CRD_6CD688020940471E9BED|RR|EN|210|150|1422|1422
CRD_6CE96DE4AE2A4103BE43|RR|JP|198|140|592|501
CRD_6CE97DC55919437DBC63|AR|EN|3370|3310|50509|50454
CRD_6CF9150210054C398987|SSR|JP|1168|1030|2988|2988
CRD_6D101670C47A4618BA64|UR|JP|3418|3275|7221|7221
CRD_6D1BC2DD10F54AB98A56|HR|JP|9920|11790|30673|30673
CRD_6D25064181064465A018|SR|EN|2074|1920|3518|3518
CRD_6D3728BAC7354E489BA7|SAR|EN|2946|2882|12801|12801
CRD_6D3C1FEF61C14F46B4C5|RR|JP|802|660|2397|2412
CRD_6D78C3030D7942CB9EF0|RR|EN|10899|8620|60594|60594
CRD_6D79DA4384654ADFAD71|SR|JP|768|772|2079|2078
CRD_6D7A01D810164EB8B111|RR|JP|310|250|925|925
CRD_6D7FD944EBBE4E7AA8A1|SR|EN|34604|34595|346009|345945
CRD_6D8F9AF9CC2D47D0ABE5|CHR|JP|860|870|2503|2533
CRD_6DA66A6437FD4A86B009|AR|JP|2200|2060|7753|7752
CRD_6DB5111B654B472DAE5B|SR|EN|1684|1684|12633|12633
CRD_6DDDEA43AA7647C5BA28|SR|JP|71530|71150|284651|284599
CRD_6DDE5C3825A04030BEC6|RR|JP|5795|4710|17312|17309
CRD_6E0B4C84AEBB48D9ACE6|UR|JP|9693|9289|20483|20479
CRD_6E0CFA01EAA84472A5AAA69BE95C2DA8|HR|JP|47200|42410|453476|453392
CRD_6E2A7F9E1B124081A497|SR|JP|2441|2435|6555|6553
CRD_6E30EACB936041E98A01|RR|JP|2468|2010|7372|7372
CRD_6E6230DEBE1C4DBF815D|SR|JP|486|479|1305|1289
CRD_6E69415874774031B60E|RR|EN|1076|1062|5980|5980
CRD_6E6A642B52D441B786B7|AR|EN|860|820|12663|12663
CRD_6E6C2EE667CE4D84A52D|RR|EN|1990|1390|12067|12067
CRD_6E77943864C749F5B25A|MA|JP|2239|1440|8725|8146
CRD_6E7CD2D0B209451CA17C|AR|EN|1700|1600|17585|17339
CRD_6E9405D59DA14754A6EE|SR|JP|870|868|2337|2336
CRD_6E9E05529FE044859508|PR|EN|4592|4590|14101|14101
CRD_6EA72CB24D6C419B8BC1|SR|EN|3380|3379|3808|3808
CRD_6EA8D0D00A484C1985DD|SR|JP|4893|4882|13140|13137
CRD_6EBB0D6B60B34A9CAC8D|HR|JP|2200|2550|6812|6629
CRD_6ECF390F7DB845A393E9|HR|JP|4690|5580|14517|14517
CRD_6EED812BE5FE4E45BB0A|SR|EN|6480|6478|38877|38877
CRD_6F2AFDBF9FDB47CB93E4|SR|JP|3944|3935|10590|10588
CRD_6F30F6948BD54C099B7B|SR|EN|1240|1037|5582|5582
CRD_6F3A522A92D245C5BD70|SSR|EN|95080|56930|402071|403211
CRD_6F5BE04789954940A44C|SR|EN|4990|3104|5919|5919
CRD_6F63FE893F744455B063|AR|EN|4490|4230|69854|70281
CRD_6F660305B01D494F9AB0|SAR|EN|3950|4050|115068|115244
CRD_6F764A195E6E4FF8BE8B|RR|EN|850|590|6393|6393
CRD_6FA0D89A1693401DB8FB|CSR|JP|2240|2260|6570|6568
CRD_6FAA2DCA23D240FBBABF|RR|EN|9730|6880|71523|71692
CRD_6FBE2AD113B74C719B5B|SR|JP|836|834|2246|2245
CRD_6FC1CB0DAF0D475BAF64|RR|JP|457|380|1381|1380
CRD_6FC66FFBF4F043FF9348|SR|JP|2322|2306|6206|6204
CRD_6FCF50A226284C4495C6|UR|JP|10742|10294|22694|22694
CRD_6FF014B0CBF4472C9593|AR|EN|2990|2690|25520|25409
CRD_70077C9FC60D4FE79B50|AR|EN|3950|3650|78760|77957
CRD_7014E3576D824D92AD07|SR|JP|2272|2266|6098|6098
CRD_70232D25A67C4C04A915|RR|EN|180|130|1285|1285
CRD_702857AB918C4E93B38D|SR|JP|2049|2065|26127|26335
CRD_704B8C245A2D48CFA157|RR|EN|220|150|1290|1411
CRD_70689C813B324C93AC03|SR|EN|7176|7003|53695|52108
CRD_7069D05844E74942ADE8|SR|JP|1020|1019|15170|15170
CRD_7073512FE78844239956|SAR|JP|15760|15880|51683|51683
CRD_7084B05629B04BBEA2F3|SR|JP|1238|1238|15795|15792
CRD_70914C281622475CA8B8|RR|EN|8476|6360|46746|46738
CRD_70943598653E422CB652|SR|JP|3549|3540|9527|9527
CRD_70A1CFED68464E399860|SSR|JP|12198|12930|37552|37545
CRD_70A5FC244F7E41DE819D|RR|EN|933|710|5185|5185
CRD_70AB4EE68E7847EB9537|SR|EN|4255|4253|25525|25525
CRD_70BF01A370254FDF84AA|RR|JP|289|240|865|865
CRD_70C03F70940E4AFD89F7|RR|JP|2788|2270|8330|8328
CRD_70C9E5F033A642FA8AA9|SR|JP|5888|6003|16159|16156
CRD_70DBE52BB8F949A2A864|RR|EN|140|100|1575|1575
CRD_70F0C4F7265945BF97DE|RR|JP|1554|1300|4643|4763
CRD_710DC79FEA9542A1BD21|SR|EN|21400|21280|155685|155656
CRD_710F7A26402941E7A4D7|AR|EN|1300|1210|11470|11470
CRD_711241AAC3CB4EFB8F22|SR|JP|2481|2475|6659|6659
CRD_7114B0F7FF874949B3FE|RR|EN|622|480|3520|3519
CRD_7115A416A282440CAC93|UR|JP|5636|5402|11908|11908
CRD_71205B71BAD34A2C85BD|SR|JP|3221|3202|8649|8616
CRD_715FB49EC8004D6DAD2F|SR|JP|7244|7430|19448|19994
CRD_716841C8EA25435BA3A7|CSR|JP|10170|10270|29814|29808
CRD_7198FCCE27034FF78404|SAR|JP|22710|22910|71025|71025
CRD_71B943080D4E4023A1B4|UR|JP|41609|39875|87925|87908
CRD_71D80DC21CF94EA294AF|RR|EN|2171|1640|12067|12067
CRD_721C06FA7E914D659B80|RR|EN|228|160|1269|1269
CRD_7258B944611440859FD1|RRR|EN|630|370|2111|2111
CRD_725B42F08E65463899B9|SR|EN|3130|3490|25505|25409
CRD_7269FACD98284466BD3F|SR|JP|3180|2930|15491|15488
CRD_726F592D695C48E8837F|RR|EN|2930|2050|16517|16517
CRD_72783B70F01B4ED8B41A|SR|JP|3690|3681|9906|9906
CRD_7283A07A9E7242E69F1F|RRR|EN|520|280|2753|2753
CRD_7287BB47FFDE4919A94C|HR|JP|6210|7580|19208|19721
CRD_729748E685DD4FEB87C8|SR|JP|2019|2018|25748|25743
CRD_72D59C5B494A40E7BB6B|SR|EN|2460|2670|29708|29930
CRD_72DC6FDF73B541818CBF|SSR|EN|1071|1070|3288|3288
CRD_72EA7027E1B24D65A9C8|SR|JP|3616|3608|9709|9709
CRD_73060B256D5B47E6A823|SR|JP|1530|1529|22755|22755
CRD_730805FC07034C0DB994|SR|EN|110009|109980|1108793|1108793
CRD_731422CCDFEE4AC59613|SR|EN|70490|76040|351395|351467
CRD_7341FC41F0D143948B61|SM-P|JP|5410|5460|15855|15852
CRD_734D08C448CA482595A4|AR|EN|2110|2020|34032|36726
CRD_738510ECA688475BA724|AR|EN|2120|1990|18245|18245
CRD_7397558D5108401EB78D|RR|JP|12692|10310|37916|37909
CRD_739A8D30A5494EFBA4DB|PR|EN|2100|2100|27957|27957
CRD_73BB41EBB51F4E5C98C6|HR|JP|5960|7080|18435|18431
CRD_73BC837020A74A488C75|HR|JP|1740|2060|5371|5370
CRD_73BF8E71FFB94618AEB0|RR|EN|260|180|1912|1896
CRD_73CA21A2A3EB47D1AF95|SR|JP|8877|8877|113217|113196
CRD_73D6953981C84918B834|AR|EN|1870|1810|22410|22406
CRD_73D90A06E6DB40DDAA41|SR|EN|3420|3700|25308|26046
CRD_73E5E12743E44600A13C|RR|JP|279|230|834|834
CRD_73E84D59CC8E4A4CA6FD|SR|JP|13608|13604|173558|173526
CRD_73F42BA51E1C4FD4A7B7|RR|JP|1204|980|3596|3595
CRD_742200F17881431CB52E|SR|JP|1899|1894|5098|5097
CRD_74339EE06F0E42DC99FE|PR|JP|1414|1414|16538|16535
CRD_744238CF563C4F9ABC6A|AR|EN|8040|7500|124718|125271
CRD_7457BA11C1D9436DAEED|CHR|JP|7970|8050|23578|23361
CRD_746765E6B4BD453D839B|RR|JP|239|190|713|713
CRD_7472D09449364F81AB38|SR|JP|1588|1584|4263|4263
CRD_749056557121444EB3EA|CSR|JP|4690|4710|13670|13668
CRD_74B6C998B365467C940F|RR|EN|157|140|850|1047
CRD_74B902EF7172401CA468|RR|EN|162|140|956|1032
CRD_74E51DCCF8D24ADBA306|SR|EN|4850|5330|23828|23828
CRD_74F86A62A42E4BF9ACC7|RR|EN|316|240|1759|1759
CRD_74FA58390E8E48D397F0|SR|EN|1359|1358|8152|8152
CRD_7518CBB1CFE544CF9DA8|HR|EN|3458|3457|9742|9742
CRD_7557F5D3856F4AB8BAA7|RR|EN|420|290|2998|2998
CRD_75B006ABADD148E0A5BB|SR|EN|4589|4587|27428|27428
CRD_75B112D50ACB4C48BD78|SAR|JP|4850|4820|15840|15685
CRD_75D9086E863C4AA6A733|AR|EN|590|570|14376|14376
CRD_75E352E7A1BF4AD3A0CF|SSR|JP|24658|22170|64377|64365
CRD_75EF99D62A3D4947A330|RR|JP|2880|2340|8603|8601
CRD_75F07C682B69468CA27A|RR|EN|393|300|2187|2187
CRD_75F716B7F446495680CA|SR|JP|10047|10023|26977|26972
CRD_76057B536C1E494D9DD9|SSR|JP|10211|8920|26309|25910
CRD_761714141AFD427DA3EC|SR|JP|24128|24070|64787|64775
CRD_761AFE3BD91646FEBEA5|RR|JP|12697|10320|37934|37924
CRD_761F112811784F3C9B5A|SR|JP|582|581|1562|1562
CRD_7633E4DC01B743F4A4BC|SAR|EN|186700|186670|2032554|2040325
CRD_763739C433694BD7A95F|RR|JP|1077|800|2943|2943
CRD_76493C10952F4FC896FF|RR|EN|750|520|4894|4894
CRD_7666E22ADA2D4444AB42|SR|JP|18529|18525|236327|236283
CRD_7670562F15A640309F43|RR|EN|1810|1788|10063|10063
CRD_7677BD40116548CBA138|SR|EN|1583|1582|11868|11868
CRD_768F67D90A2142609676|SR|JP|14867|8753|17950|17946
CRD_76AE8067C83542EF95BB|UR|EN|8420|7171|23563|23862
CRD_76C27B14CD0C45E3A73B|RR|EN|781|590|4343|4343
CRD_77207234896E4180A67D|AR|EN|1360|1270|12770|12770
CRD_773316D488304D578A1D|SR|EN|780|820|7892|7892
CRD_774A388CB1DC46F384AE|SR|EN|8345|8343|62582|62582
CRD_775A49F21F744A09869C|SR|JP|14000|14000|208340|208340
CRD_77624728BFEA41878FA1|PR|EN|32131|32615|97893|99377
CRD_77BB414B737A48BA9F33|HR|JP|1880|2240|5825|5825
CRD_77E23D6E57A144EB9BD7|SM-P|JP|15610|15670|45518|45509
CRD_782CB6FCC2EE442F9402|RR|EN|450|320|2982|2982
CRD_78304A223D8C4A2EAD04|AR|EN|5990|5740|53817|56704
CRD_78690B2E84B943EFA5E1|SR|JP|3085|3106|8285|8359
CRD_786B7853318348889FA2|RR|EN|206|160|1147|1147
CRD_787A4B40D73A4555BE21|SSR|JP|14988|14240|39130|41337
CRD_787EEE4CA17C4384B003|SR|JP|1024|1070|3701|3868
CRD_78A1D3109CFF440DAF76|SR|JP|2814|2835|7556|7630
CRD_78BC0A0FADB34F7CAADD|RR|JP|1519|1230|4536|4536
CRD_78C5517A0AB142AC8502|PR|EN|2535|1232|7784|7784
CRD_78C8EBD5445449F38745|HR|JP|2620|3110|8101|8101
CRD_78E696D892A1480CB471|RR|JP|3545|2880|10590|10588
CRD_791572148F7B4CA19F63|AR|EN|1790|1650|26188|24954
CRD_79249DEC98634364B4D5|SR|JP|4159|4149|11165|11165
CRD_793053A5665347469533|PR|JP|2679|2678|31325|31325
CRD_795EDB8C9C91475EBBBD|SR|EN|6975|6973|52304|52304
CRD_796EC7E6363A48C6ADF7|RR|JP|660|540|1972|1972
CRD_798B992F69334701BDF2|RR|EN|2440|1720|13718|13718
CRD_798D0C5E75B145E48C52|RR|EN|3380|2360|24118|24118
CRD_79944D97ECE040D19022|RR|EN|120|70|1055|1055
CRD_799DF0D045214B7ABBDA|HR|JP|2890|3460|8996|8996
CRD_79A7AA5045634FCAAE44|SR|EN|2606|2605|2936|2936
CRD_79AB9AEE4B68458A98DD|AR|EN|3730|3650|47657|48042
CRD_79B0B8C088454C1EB451|RR|JP|1899|1540|5675|5673
CRD_79B516E57BA34A8A8AF8|SR|JP|4244|4233|11392|11392
CRD_79C908702D7C4C89A247|SR|JP|740|744|2018|2002
CRD_79D926D3E72B4438C2AB|PR|PROMO_DIRECT|2272800|2272800||
CRD_79DAA61E0E0E4DB6B833|HR|JP|3100|3690|9602|9602
CRD_79ED4A2D30A34E139A64|RR|EN|201|150|1116|1116
CRD_79FBECF1B0704D588D61|AR|JP|3670|3350|12807|12591
CRD_7A000CCE7DCA4B44B198|CHR|JP|4040|4140|12032|12030
CRD_7A0F593EA7884BE68C8F|HR|EN|3942|3941|11103|11103
CRD_7A536360D1EC48FB885A|PR|EN|2644|2644|8121|8121
CRD_7A54C2FA809B4E9699FD|SR|JP|413|406|1108|1092
CRD_7A64F020EDC04ED89C1D|AR|EN|1190|1130|17979|18279
CRD_7A7850AA59504787B71D|SR|JP|1221|1218|3277|3277
CRD_7A7B7FE3D8DA4848943D|SSR|JP|22909|20600|59810|59799
CRD_7A85040155F046DBAD18|HR|EN|3620|1288|11794|11794
CRD_7AC4C404D19B4C5FB0B1|RR|JP|223|180|668|652
CRD_7AC86543E266416EBBF3|SR|JP|45923|45812|123307|123284
CRD_7AD3E7B95A594FFEABE6|SAR|EN|295300|300790|1535503|1547476
CRD_7ADACFDF9777471C8C30|RR|EN|256|190|1422|1422
CRD_7ADE94812E08415390CB|SM-P|EN|11095|11093|34074|34074
CRD_7AF195199BBA474DA108|RR|JP|1686|1370|5037|5036
CRD_7B0CD02EFB474874B2F9|RR|JP|335|270|1001|1001
CRD_7B28676DCCDC4062B984|RR|EN|170|120|1101|1101
CRD_7B2AC59C744C44BF9B8D|HR|EN|9521|9519|107102|107102
CRD_7B317B9E170247469F62|SR|JP|667|665|1790|1790
CRD_7B7C4F93D58F45928675|RR|EN|230|160|1422|1422
CRD_7BA254D36DFF445F8FB2|SR|JP|1593|1590|4278|4278
CRD_7BA2781997C84AA48CE9|SR|EN|6085|6083|61328|61328
CRD_7BB063F505DD4DC096EB|AR|JP|8640|8130|30165|30567
CRD_7BB12D81EF244F06890A|AR|JP|1970|1770|6889|6659
CRD_7BB290C3BD38478A914D|AR|EN|7490|6970|59294|59829
CRD_7BCDB81D3236447A9119|RR|EN|215|160|1193|1193
CRD_7BD79E9CD5FD4404913E|SR|EN|9620|10380|47369|48573
CRD_7BE4E9F9E4664866988F|SAR|JP|3840|4125|11332|11180
CRD_7BE4EC5B6757486A9FA0|SAR|JP|4030|4040|13139|13137
CRD_7C055CB02C3D4C798554|PR|||339468||
CRD_7C280FA0405542028F83|UR|JP|25712|24668|54181|54383
CRD_7C41E202DFC4497C81E0|RR|EN|325|250|1805|1805
CRD_7C49D1616BA447F592B1|RR|JP|396|320|1183|1183
CRD_7C8402F1390C43ABA777|SAR|JP|12210|12180|40048|39654
CRD_7C85BF18CA654083A203|SR|EN|680|750|4160|4160
CRD_7C974FE36E964EB996DB|SR|EN|4083|4083|24473|24833
CRD_7C977A54E4F7492996C5|SR|EN|3632|3631|27238|27238
CRD_7C97C49AAB974ED1A3A3|SAR|JP|26334|26000|72227|71980
CRD_7CB1EBD45B814997B7C0|HR|EN|7600|9030|151209|151181
CRD_7CB68EF6CB184B0FB066|RR|JP|300|240|895|895
CRD_7CBE310A1C2F411F889F|SR|JP|520|670|1396|1396
CRD_7CC5297071A246E0B3DB|SR|EN|1580|1750|10996|10996
CRD_7D548C823A1940E98115|SAR|JP|91400|95620|192412|192412
CRD_7D71C6E50BC848FDB19A|SAR|JP|5590|5640|18345|18340
CRD_7DA5510251B9473E9F3F|RRR|JP|2069|1860|5401|5400
CRD_7DA6398AB2274B22A22D|AR|JP|1540|1440|5326|5400
CRD_7DBBE204F9F7473293E8|RR|EN|170|120|1361|1361
CRD_7DD7D9F40504433E96CA|SM-P|EN|24053|24047|73283|73270
CRD_7DDAF72A6F6E4107971D|SR|JP|2001|2001|7236|7236
CRD_7DED027B94C6483F9495|SM-P|JP|13000|13100|38053|38046
CRD_7E0814B69ADA40E58DCA|SR|JP|1390|1426|3839|3838
CRD_7E2493249D5F4079918C|SR|JP|25455|25455|378800|378800
CRD_7E2810AFF88645B98963|SR|JP|40786|40775|606885|606773
CRD_7E8265C1D8B44E03910F|RRR|JP|1773|1590|4628|4627
CRD_7E87AB5F7DF14D8F97A0|HR|EN|3440|4090|27113|27199
CRD_7EA2A978F4084F7B8C2F|SR|JP|3712|3712|47350|47350
CRD_7EA3BC62F30E405FADC5|SAR|JP|8930|9000|37916|38212
CRD_7EB1930C9A224A14AE58|UR|JP|43052|41258|90974|90958
CRD_7EBB72125E6E436B8589|SM-P|EN|727|727|2233|2233
CRD_7ECA02E1619548F98130|RRR|JP|872|780|2275|2275
CRD_7ECF8DBD726740498656|HR|JP|1990|2360|6145|6144
CRD_7EDD738AC9704AC483F7|SR|JP|1661|1661|6007|6007
CRD_7EE4D1F73DD34E3E8CA6|HR|EN|2476|2475|6974|6974
CRD_7EF3FAC1AA9F41959926|SR|JP|9160|9158|116828|116807
CRD_7EF64656A6724709BAEC|RR|JP|498|410|1517|1517
CRD_7EFD5641401A41AC9D8D|SR|JP|1640|1640|20923|20919
CRD_7F072B0CB7A3432B8EEE|AR|JP|3830|3660|13761|13759
CRD_7F12AC1D6A604C8CB546|RR|EN|184|130|1025|1025
CRD_7F1D667AFCA842A38431|RR|EN|206|140|1147|1147
CRD_7F1F939CC0DB4671824A|AR|EN|2630|2470|21044|21071
CRD_7F2DC1D44D784529BCCE|PR|EN|55487|55473|170402|170402
CRD_7F3A7B805F704D6C96F3|CHR|JP|1360|1380|3990|4005
CRD_7F48960BD5604694BAD3|SR|EN|12358|12378|73693|73679
CRD_7F62D48BBF5543A99063|RR|EN|190|140|1346|1346
CRD_7F68718FF9574B39A05A|PR|JP|461|460|5386|5385
CRD_7F6CC76C333E432E9B6A|RR|JP|2707|2200|8087|8085
CRD_7F76FC1F996A4ADAAB21|HR|EN|17911|17906|50054|50045
CRD_7F78F4DCAE1340BCA119|RR|EN|2347|2318|13046|13046
CRD_7F7E8A1CDFC44B1687F8|CSR|JP|20810|21000|60993|60982
CRD_7F8ADC12469E4311B6AC|RR|JP|569|460|1699|1699
CRD_7FBA603DD96943F5B7F0|RR|JP|1945|1580|5810|5810
CRD_7FD569C86E8646908F84|SR|EN|2880|2660|32530|32554
CRD_7FDF1B8B2C7A49388486|AR|EN|2020|1900|24094|23574
CRD_7FE85AF0323E486DA2F4|SR|JP|639|626|1714|1684
CRD_7FEAB602A0214CDAB632|AR|EN|13046|14799|189004|189242
CRD_7FFB3A5460DC46489885|AR|JP|960|900|3338|3368
CRD_803FA692C5CE471EA9A3|AR|EN|1690|1530|23564|23564
CRD_80407B2696CD4C8CA421|SAR|EN|28050|30000|502361|500767
CRD_80554114AB5D428FB10A|SR|JP|3193|3193|40721|40721
CRD_80762657E1724F278624|SR|EN|11211|11208|12633|12633
CRD_808986BE4AB54625B5D4|SR|JP|757|778|2033|2093
CRD_808A9BA456B1456EA2A4|SR|EN|16633|16629|123747|123724
CRD_808E7CD437F24C0A8CE3|SAR|JP|22050|20940|60948|60785
CRD_80AC3B98336D4FD0B14A|AR|EN|940|920|8977|8977
CRD_80B334F26A674D66A45F|SR|JP|1548|1545|4158|4156
CRD_80BD0BCAE8F6426DA55F|CHR|JP|37820|38740|110319|112483
CRD_80CDA53B178942988954|RR|EN|150|100|1086|1086
CRD_80D85D7E34F6498CA2BB|AR|EN|1710|1610|17661|17415
CRD_80D8A3CD81B04D1D887C|SAR|JP|8400|8560|27555|27867
CRD_80E06EF89D844F93ABE5|CSR|JP|4730|4770|13852|13850
CRD_80F1FC05F4D8499DA9DA|RR|EN|170|120|1086|1086
CRD_811F41C997424C4799EC|AR|JP|1430|1360|4977|5127
CRD_8130AF03F0B74BF88F4B|SR|JP|2407|2407|6464|6477
CRD_814FC9FDB9F244A7A8C0|RR|EN|421|320|2340|2340
CRD_8157AABF97274614824E|SAR|JP|6080|6090|19827|19827
CRD_815D5679E06B4695ACEE|RR|JP|193|160|577|576
CRD_816B2902F24747B0AB3F|RRR|JP|686|570|1653|1653
CRD_816F40DB48D34E998792|SR|JP|576|552|1547|1487
CRD_8176FFAF907244338749|AR|JP|8620|7940|29875|29869
CRD_81B29653F5524988BEF1|RR|EN|300|220|1667|1667
CRD_81C283F7B5804B6E9F93|AR|JP|1880|1750|6494|6584
CRD_81C9A32B267046DDA955|SAR|JP|19040|19080|62116|62105
CRD_81D1A443CB7D4C37840B|SR|JP|2973|2972|37919|37909
CRD_81D4DD597DBE456BB22A|CSR|JP|45480|21300|74315|74301
CRD_81DCFF5DDA584C5E9F87|SR|JP|14409|14375|38690|38683
CRD_8206CD8F04C740CB8753|SR|EN|1776|1645|3013|3013
CRD_820C8A1490C243AF8876|RR|EN|210|140|1606|1606
CRD_822997E0527747B387C1|HR|EN|1580|1579|4450|4450
CRD_822A7803FD9A4D9495AC|AR|JP|7840|7030|26461|26456
CRD_8262D9F6F80441E59604|AR|JP|640|580|2231|2184
CRD_827860234B4648058D9A|SAR|JP|20970|21020|68428|68415
CRD_828C74272B23470D9991|RR|EN|209|160|1162|1162
CRD_828E8D059DF7414D891B|SAR|EN|70000|47709|133624|131794
CRD_8297F066BE06430AAD93|SAR|EN|2340|2420|30770|30840
CRD_8298C8E112E94322BE4D|RRR|EN|800|460|5903|5903
CRD_82D8D5556A4F436CBB28|SAR|JP|9970|10570|32515|34390
CRD_82FEBC891CD64CE98880|RR|EN|404|310|2248|2248
CRD_830056EB54D14AF28E1A|SAR|JP|14500|14890|48036|48452
CRD_830603D507F941958180|HR|JP|5730|6850|17828|17824
CRD_8318097459A64ECD8473|AR|JP|920|830|3217|3140
CRD_83435CF0B3494DECB0E7|SR|EN|14820|16040|73617|73998
CRD_8384DAD4A2524069AD34|AR|EN|1710|1570|14208|14208
CRD_83A1176A6F644DE9B1DB|RR|EN|4864|3650|26825|26820
CRD_83BAA925FA8D48C4ABFE|RR|EN|911|911|5062|5062
CRD_83BEEB1396274C9BAB37|SAR|JP|4120|4130|13443|13440
CRD_83CB95F730174D28B274|RR|JP|223|180|668|667
CRD_83D6D0B474EF4541A65D|RR|JP|249|200|743|743
CRD_83D97C53AA124CCABCA0|SR|JP|1215|1263|3277|3398
CRD_83EC760B41124D8A9145|RR|JP|163|120|486|440
CRD_83ED01B41C3648FCA47B|RR|EN|1131|860|6286|6286
CRD_84061A5838C84C7996BA|SR|JP|2848|2841|7648|7646
CRD_8410E4E943C54075AE69|RR|JP|1270|1030|3793|3792
CRD_8415237C305047B19AD4|AR|EN|1930|1810|17418|17718
CRD_842618E42E404622A7A4|RR|EN|327|250|1820|1820
CRD_843DB9D7E2934E2DB5CE|SR|JP|2039|2039|30339|30339
CRD_84630510CDEC47779B56|RR|EN|162|110|902|902
CRD_847F3AC4CA9A4D418203|SR|JP|1158|1156|3110|3110
CRD_84956B7620D249279F78|PR|EN|7640|7640|25846|25846
CRD_84D5C2862B76466098C2|AR|JP|7420|6830|25717|25713
CRD_84D9AB8184C644238C4E|RR|EN|7166|5380|39524|39517
CRD_84EB7A5F0598461296E0|SR|JP|727|760|9270|9693
CRD_84F100B202834C6DAE3B|RR|EN|140|100|1116|1116
CRD_8538CE46E092401B8FD2|AR|EN|7620|7170|89017|91200
CRD_853BCA2D91DC48478D36|RR|EN|140|100|872|872
CRD_853F91A8D5AF441492F4|SAR|JP|245000|243600|599931|596655
CRD_8550FB250AFA4FADB616|SR|EN|51308|50970|384774|384774
CRD_85A18C735C9147958902|RR|EN|310|210|2428|2488
CRD_85A4AA81199D42D8B160|HR|EN|4250|1546|13841|13841
CRD_85AC11A9F5FE4EBEB8E6|RR|EN|150|110|918|918
CRD_85ACB08A9301857D6840|UR|EN|95223|78821|262348|262299
CRD_85C6AB0CD75440EFA091|RR|EN|168|100|834|1092
CRD_85D8B3249D6140CCAE00|SAR|JP|51157|52187|140300|141427
CRD_85DA754292A84C40923E|PR|JP|12974|12970|151697|151697
CRD_85E5684497324EADB399|SSR|JP|34863|31340|91020|91003
CRD_8603F62DAC06410E95FB|SR|JP|4187|4177|11241|11241
CRD_861F40AC33FD47E8A71A|RR|EN|319|240|1774|1774
CRD_8657995A6BC44F5DBF8E|RR|EN|1200|840|9161|9161
CRD_865DA476A29E409CBAA1|CSR|JP|2440|2470|7161|7160
CRD_866593D4A5494DF285FE|AR|EN|2580|2410|22757|22757
CRD_8665C8184D854C689CB5|SR|JP|1108|1111|2973|2988
CRD_866697DBC93748BB918F|AR|EN|5560|5030|91126|90669
CRD_866E43F5997A400B8392|SR|JP|2390|2384|6418|6417
CRD_86826BB15E1644AEB13C|RR|JP|1524|1240|4552|4551
CRD_86A21D43FBB24CD683A0|SR|JP|1068|1077|2868|2897
CRD_86A7F5C65D4D4EF997C0|RR|EN|173|130|964|964
CRD_86C9D18D455541299CC0|SSR|JP|372|350|1001|1016
CRD_87046B5ACF6849E9B53F|AR|EN|4000|3710|45366|44007
CRD_870D077A005D4B68959B|HR|JP|2610|3100|8072|8070
CRD_8710D86E084B46B1A83E|AR|JP|4530|4270|15719|16080
CRD_874AC1F1697241DBA8D7|RR|JP|1290|1050|3854|3853
CRD_874BB3258CA94959BBC0|RR|EN|4370|3340|39388|39388
CRD_87649DD1BF8243E3895F|RR|EN|600|450|3334|3334
CRD_876E648A957A44C9AE71|RR|JP|269|230|834|834
CRD_877457DF732E4A2C8C7F|SR|EN|59667|59651|443917|443835
CRD_87A14B554FF84A3FAE6A|RR|EN|140|90|2845|2845
CRD_87ACED114A5746E48FF7|SR|JP|2221|2193|5902|5901
CRD_882A64CAAD1048D2BE8D|SR|JP|3057|3050|8207|8207
CRD_884CDFFE6A873A39565CEB82B1769CBA|PR|PROMO_DIRECT|3355374|3337334||
CRD_8875DA1FBB2046CBAF86|AR|JP|1610|1490|5629|5598
CRD_888168EF50BE4F89B720|SR|EN|14678|14674|88061|88061
CRD_88A52D327991404F8340|SR|JP|3040|3033|8163|8161
CRD_88C69A70082B440AB5C0|AR|EN|880|830|5766|5766
CRD_88C7D15F245C42D6BF77|RR|EN|162|140|850|1032
CRD_88CACC97FEA144AAB25D|RR|EN|180|130|1162|1162
CRD_88D258C40D594E16B22B|AR|JP|2830|2730|9863|10285
CRD_88D8B1966C914557B55B|SR|JP|706|705|1897|1896
CRD_88DD09D2B6D24EC68E6E|SR|EN|13215|13211|133193|133193
CRD_88DD4F24CABA4B66939C|AR|EN|5930|5550|59810|60542
CRD_88DE7FECFA5641C4971D|HR|JP|7990|9300|24696|24196
CRD_890AC787BC9E4C2DB28A|SR|JP|37570|34660|183269|183235
CRD_8913A16F0C89452791C5|SR|EN|5120|5650|36884|37181
CRD_892B2014015549E5812F|SAR|EN|6850|5910|69429|72026
CRD_893BF8C4050E44B6ACFA|RR|EN|190|140|1361|1361
CRD_8965D3327A5540929972|RR|EN|5612|5542|31199|31199
CRD_8978E52260A148548BE7|HR|EN|2590|2589|7295|7295
CRD_89833C24B80A4DB1A938|RR|EN|437|330|2432|2432
CRD_89935F355A974D4B82FD|SSR|JP|895|800|2336|2336
CRD_89951F6DCCFD4A329C78|RR|JP|366|300|1092|1092
CRD_899A39AE13404402AADF|SR|JP|1802|1802|22986|22982
CRD_899C71FEF9DC4CDFB0EF|AR|JP|1190|1100|4142|4141
CRD_89A20BE9777E4815B50C|SR|EN|7248|7246|53923|53913
CRD_89C3A6311F30458ABBDA|SR|JP|8861|8859|32038|32038
CRD_89CF88D4F24A4B3FAB18|RR|EN|173|130|964|964
CRD_89F0DED26A364D2D9B5E|AR|EN|2430|2250|28539|29945
CRD_89F2A38B167C4010B9FF|SR|JP|12008|11979|32242|32236
CRD_89F870261BCE4E9C87D5|SAR|EN|81297|82317|110107|111543
CRD_8A0CD9EAC8D7498A9705|RRR|EN|1650|970|6959|6959
CRD_8A0FF8340E754322A4A3|RR|EN|210|140|1361|1361
CRD_8A1A1D352DA0498C9616|SAR|EN|3154|3085|13703|13703
CRD_8A1DCB955E61497F9B0D|RR|EN|800|560|7173|7173
CRD_8A3F004027634756AA94|SR|JP|559|558|1502|1502
CRD_8A3F628A4E3B4AC087C9|RRR|JP|622|560|1623|1638
CRD_8A55485EA762404EB6E8|RR|EN|210|150|1851|1851
CRD_8A64A02FB1604C62BD2140CE72FDA2D7|AR|||1010||
CRD_8A6B11549C614D0C858F|PR|PROMO_DIRECT|1525|1517||
CRD_8A7EB290F97640FEB7AA|HR|JP|2680|3180|8283|8283
CRD_8ACA05A71DAE447AAE22|SR|JP|4136|4126|11104|11104
CRD_8ACEB76FEF1F4466B0B9|AR|EN|1200|1120|16012|16012
CRD_8AEA98061B9A431CAA79|SR|EN|1127|1044|1912|1912
CRD_8AFB1352B9D64F18AFDD|AR|JP|1800|1660|6282|6250
CRD_8B07A23C08EE489D87DF|AR|EN|840|730|19588|21192
CRD_8B1DB466A7784A9DA26A|SSR|JP|17533|15760|45775|45767
CRD_8B4E9ACDCF524203B75F|SR|EN|21365|21359|215335|215335
CRD_8B64BC8FA3984544BD29|RR|EN|547|410|3043|3043
CRD_8B73A94707F24308AF21|SSR|JP|48770|48510|121304|121282
CRD_8B7637F128294F9EB800|SR|EN|56039|56839|333537|338330
CRD_8B8752AF245546B9B4E2|CHR|JP|11950|12010|34866|34860
CRD_8B92FB178FE6408F833B|SR|JP|15455|15111|46841|45797
CRD_8B9B58EC8BE6437C9189|RR|JP|4078|3310|12184|12181
CRD_8B9D59AB943441B4BAC4|RR|EN|170|120|1055|1055
CRD_8BC4CFF5D3984089B81D|SAR|JP|3680|3710|23411|23407
CRD_8BC8EED9E7524E698C95|CHR|JP|1490|1500|4415|4369
CRD_8BCE857FB5F041FE942A|SSR|JP|1685|1520|4399|4399
CRD_8C028EC35A4A49469342|RR|EN|160|100|1789|1789
CRD_8C29A0179FEA494EACAF|RR|JP|259|210|774|774
CRD_8C2B39D4C7FE4D139F06|RR|JP|223|190|668|683
CRD_8C2D1ED4956640F9A05F|SR|JP|2283|2277|6130|6129
CRD_8C3914BBF6F44AEA9A9F|SSR|JP|17237|15500|45002|44993
CRD_8C4595A6BD8543299E01|AR|JP|4270|4110|14916|15458
CRD_8C4814A402E140B9A2FC|RR|JP|5155|4190|15400|15397
CRD_8C4E0B58B9AB4FD8A901|SAR|EN|13450|11640|116039|116276
CRD_8C5E1C0CADAB42CBA2D3|AR|JP|840|810|2944|3034
CRD_8C8BBAFB1C5E4D15BAC6|SR|JP|5413|5400|14536|14533
CRD_8CBA85EFB90246F2A42C|SAR|JP|9540|9670|31468|31462
CRD_8CBB87D89D68439D919A|AR|EN|1340|1240|9864|9864
CRD_8CE0A1EE438248E1ABA7|RR|EN|51496|38200|281890|280806
CRD_8CE5392E17154AFFBE9B|SR|JP|575|579|2094|2093
CRD_8CFF71200EEC47DAB5B2|SAR|JP|47970|48090|156491|156491
CRD_8D03B1108C6B4669B82D|RRR|JP|506|450|1320|1320
CRD_8D34314C145E4657910C|AR|JP|3930|3220|13717|12105
CRD_8D374F0FF05C482F87FA|SR|JP|5007|4994|13443|13440
CRD_8D64C44C0FE64E8EA849|RR|EN|294|220|1636|1636
CRD_8D68F827F9B2481DA5FB|RR|JP|2433|1980|7266|7266
CRD_8D791334E4F64483A551|SR|JP|1232|1240|3307|3337
CRD_8D798C34EC514D40851D|SM-P|EN|428|428|1315|1315
CRD_8D845061A06143988494|RR|EN|800|540|4512|4512
CRD_8D8F32E2E163440DB34E|SR|EN|4820|5220|28403|28185
CRD_8DA52922128149E3B77A|SAR|JP|15020|14770|37752|37530
CRD_8DB157BF2CDC452DB021|RRR|EN|630|370|2263|2263
CRD_8DE3C0F874CB476BAA7D|RR|EN|275|210|1529|1529
CRD_8E12B9EC416149CFB898|RR|EN|173|130|971|971
CRD_8E2251855B704464BC69|AR|EN|4130|3770|55334|54565
CRD_8E25DF25B8DD49B6A003|SR|JP|1870|1866|5021|5021
CRD_8E26CAF93B2D45FE870C|SR|EN|2832|2622|4802|4802
CRD_8E2C1FBCA2F54B3FBFEA|UR|JP|4509|4321|9528|9527
CRD_8E2D357D27A34250B5E6|CHR|JP|6760|7040|20434|20434
CRD_8E3889CE3AAF4DB6B6D3|SAR|JP|9590|9600|31280|31250
CRD_8E484372B84147938583|HR|JP|1630|1940|5036|5036
CRD_8E5059F15BB5478EB12A|AR|EN|6190|5750|42119|41762
CRD_8E69FD2F5CA44C2388A4|RR|EN|380|270|2998|2998
CRD_8E7896DA379A4FA4AFD1|RR|JP|198|160|592|592
CRD_8E8635B273814CB28F1B|SAR|JP|3870|3880|12639|12636
CRD_8E99D75B637D46C0BA84|AR|EN|5650|5360|53771|54793
CRD_8EA0FE1484B142468656|SM-P|EN|5866|5865|18016|18016
CRD_8EA74EA746054746A291|HR|EN|21652|21647|243567|243567
CRD_8EAA19E6FCD243AC89C9|RRR|JP|633|570|1653|1653
CRD_8EAE0303CE1A4A19A2DB|SR|JP|4822|4820|61494|61483
CRD_8ED47CA7E8F5408B9A04|RR|EN|2370|1650|14560|14560
CRD_8ED834DBED86423DAAE0|SR|JP|15464|15460|197243|197191
CRD_8EF30B3B1E864419943C|RR|EN|209|160|1162|1162
CRD_8F205E645B108BEC8791C00BDAD3271D|PR|PROMO_DIRECT|394516|394412||
CRD_8F4DFB20EC9342C1A6A9|RR|EN|180|130|1285|1285
CRD_8F6DB567A7EF4D5F9742|BWR|JP|122500|134000|398977|404515
CRD_8F9C9E655E734313A1CD|RR|JP|274|220|819|819
CRD_8FA2514826954989AE45|AR|EN|1080|1080|11011|11011
CRD_8FA7CC63580F4C988819|SAR|JP|4200|4210|13698|13698
CRD_8FAAD56862D840F2A5DC|AR|EN|6660|6230|57489|56780
CRD_8FB0E39EAB04441DBF55|SR|EN|10939|11140|65105|66307
CRD_8FC14F96E9634AE0982F|SSR|JP|488|440|1274|1274
CRD_8FEEA7EE5FFB4B758A50|SR|JP|53533|53519|682762|682636
CRD_9003FD3BCBE34D03B083|SR|JP|3384|3384|43166|43158
CRD_90059D74FBE24DFA83D2|SAR|EN|1980|2020|26339|26608
CRD_90098D3232834F4891B5|SR|JP|1763|1759|4734|4733
CRD_900AFEE83E79462B86B9|RR|JP|16500|13410|49295|49286
CRD_90329AC34F174397A90E|SSR|JP|819|740|2139|2139
CRD_90698EA0987C4C82913F|SR|JP|1570|1550|4794|4794
CRD_906A3DF2C7B04997AE4D|PR|EN|13605|13602|41782|41782
CRD_909F8823101A4097BD2D|RRR|JP|738|660|1927|1927
CRD_910B11C0B86040AE84AA|PR|EN|2110|2100|10002|10002
CRD_911E14A963AE45CB944E|SR|JP|1616|1612|4339|4339
CRD_913741C2E37A40BAB47F|RR|EN|200|140|1682|1682
CRD_91625DC1A887474895B5|AR|EN|5780|5330|68049|68825
CRD_9164D7095AC54C06BE66|UR|JP|28161|27214|60007|59996
CRD_91690464DF8843E78381|AR|EN|500|490|3732|3732
CRD_916F9928C49D4260B334|SM-P|EN|11105|11102|33835|33828
CRD_9177A302A923467195DB|SR|JP|818|818|2958|2958
CRD_917F313DC98747328859|HR|EN|3864|3864|146498|146498
CRD_918A096A622440B6B1CE|SR|JP|5051|5050|64422|64411
CRD_91CB67168AB14A918C59|RR|EN|10294|7830|57580|57569
CRD_91F9D869C7DF4777B799|RR|EN|210|140|7005|7005
CRD_9239E2F6422F4F328D52|RR|JP|9152|7440|27341|27336
CRD_923FDD3D9ED34C4EAC1E|RRR|JP|901|810|2351|2351
CRD_9289770776A1479DADE6|SR|JP|701|699|1882|1881
CRD_929B183535F2447CBCE3|RR|EN|250|190|1392|1392
CRD_92D5EBD5664749C184D7|SR|JP|453|453|1639|1638
CRD_92D9A6624DD04811B13A|HR|EN|2595|2594|7310|7310
CRD_92EBCC00579749239EE9|CHR|JP|830|890|2579|2594
CRD_92EC2C1ED4F04945A412|SR|EN|13301|13298|14988|14988
CRD_92F676DAB8C24AD3895B|RR|EN|688|520|3823|3823
CRD_9310EDB656AA44159715|SR|JP|3547|3547|45244|45236
CRD_931723E024444FAA9D5A|SR|EN|67450|72760|764670|764670
CRD_9324067E86B04FA9A0F8|RR|EN|280|180|2218|2218
CRD_9327DCC9A6474DD0A15B|RR|JP|874|720|2610|2640
CRD_932E2AB3AB22444D9575|RR|EN|120|80|1071|1071
CRD_9337246D91AB42D89EBE|SR|EN|14351|14347|107622|107622
CRD_9337B381E5BB47909A16|AR|EN|1130|1110|16872|16520
CRD_936083589DA54381B714|HR|JP|14790|17660|45973|45964
CRD_9376986A02A049DCA6C8|SR|JP|1548|1528|4157|4111
CRD_9379FBDE7A75416C8C5F|SR|JP|2976|2976|37962|37955
CRD_939D613E789B4D44AE56|SM-P|EN|17958|17953|55149|55149
CRD_93B336450FE341B4AC0E|SR|JP|746|772|2003|2078
CRD_93B44E38ADC1449B84C7|PR|EN|2316|2315|7112|7112
CRD_93BA1B52B6B14CF0AEDA|SR|JP|5255|5242|14110|14108
CRD_93C902F4C3BD4E53BAA0|RRR|EN|2310|1480|8534|8534
CRD_93D36BC983F24BABBFD1|PR|JP|1166|1166|13638|13638
CRD_93DF43C333324F0FB26C|SR|JP|257370|255990|1024144|1023955
CRD_93F6FE4202C343CFB1F7|SR|JP|593|586|1547|1578
CRD_93FFCADB9F314F93B03F|RR|JP|1011|820|3019|3019
CRD_941424BAD57545578C47|HR|JP|9680|11510|29945|29945
CRD_9414462C5B0A48D9B34B|RR|JP|7105|5770|21228|21222
CRD_94200842BFF04437AAA7|RRR|EN|5360|3280|46428|47572
CRD_94284696E2874AA2AF1C|SR|JP|2526|2520|6783|6781
CRD_942E10EF9F344296906A|RR|JP|716|580|2139|2139
CRD_9445125D59134FE4BE11|RR|EN|261|170|1453|1453
CRD_945783958D7C43BAA6E9|RR|EN|462|330|2569|2569
CRD_94600282DA1043CC8FAF|SR|EN|6138|6162|36535|36680
CRD_94CA0CA240FE402D833F|SR|EN|2350|2540|15461|15064
CRD_94CA0CBDE6B040D88062|SR|JP|11855|11827|31826|31826
CRD_94CBE75AE5E34D14A930|UR|JP|7432|7177|15701|15822
CRD_94D776CD680F432CBF1B|SR|JP|7165|7148|19239|19235
CRD_94DDE31A7F814C7DA629|SM-P|JP|20800|20890|60675|60664
CRD_94EF2035A41A4B018525|SR|EN|586|543|994|994
CRD_95020B5585B74E58A3AC|RR|EN|952|940|5292|5292
CRD_950D0856241946C48A38|SR|EN|5865|5864|43985|43985
CRD_9522A25A78764F77B225|SR|EN|30223|30401|224856|226195
CRD_9529FB33C2B2497B9A13|SR|EN|11333|11412|12669|12758
CRD_952E55D05FF24EA3AC1C|SR|JP|2481|2475|6659|6659
CRD_9541B98A19054E3AB2C3|CSR|JP|1670|1660|4869|4824
CRD_954796060C7F45978CE6|RR|JP|218|180|652|652
CRD_95598861114B45F5BF5B|SR|EN|415|384|704|704
CRD_95663DF3179B490FB089|SAR|JP|23100|25128|68109|68097
CRD_956C0F75AB874B358574|SR|JP|2379|2379|30345|30339
CRD_956D4472B05C4FCF9992|SM-P|JP|1710|1850|4977|5385
CRD_95962D36A0B54D96A10A|SSR|EN|392200|392130|1025251|1025062
CRD_959F73E091BA412E99DC|AR|EN|2220|2060|27068|27048
CRD_95AD52C30E9448CCA98E|RR|EN|210|150|3258|3258
CRD_95BB14D8C84E44EF9FFB|AR|EN|1400|1300|20129|20129
CRD_95BCC4E4C079449AB3C2|RR|EN|275|210|1529|1529
CRD_95C332448C1748B0AA30|SAR|EN|35500|38000|294362|297538
CRD_95CC285CB5F240BA8D2B|RR|JP|300|240|895|895
CRD_95CC63655EC74676BA27|AR|JP|800|750|2792|2837
CRD_95DCB3753DC641EAB5CB|SR|JP|927|947|2488|2549
CRD_95F74899B927469997D4|SR|EN|12878|12895|76773|76759
CRD_96185C75E06F48A79770|SSR|JP|2609|2350|6811|6811
CRD_9622567E2CAF46A69C92|AR|EN|1010|890|6897|6897
CRD_9641C573373F492FBFD8|PR|EN|6071|6069|18643|18643
CRD_9649B9AE6A834C63AA80|SR|JP|557|557|7103|7103
CRD_96611437350C4464BB4A|SR|JP|7138|7136|91035|91018
CRD_9663E5A93BBF4AEBA664|SR|EN|18850|20330|129482|129458
CRD_9674E016E1A6436995B3|SR|JP|7534|7532|96087|96070
CRD_968F5C29113147B3835C|AR|JP|6260|5760|21850|21662
CRD_96D90414AA724083A05A|SAR|JP|2870|2880|9377|9375
CRD_96D925F04AA34FDBB8F1|SSR|JP|558|500|1456|1456
CRD_96DCC4B3E85641EAA4E9|RR|EN|140|100|1239|1239
CRD_96E3628EA11140F3A119|CHR|EN|8220|8360|51738|52578
CRD_96F2AF373AC24B51B62E|SR|JP|566|562|2048|2033
CRD_96F78E077FFB4F7BADB9|SR|EN|7111|7109|53329|53329
CRD_96FACEB498654D5F9837|SM-P|EN|1295|1294|3945|3944
CRD_971CA0485F2B45D8A839|SR|JP|1254|1251|3368|3368
CRD_9731F68B15FE4337BE2F|RR|JP|1051|850|3140|3140
CRD_9740CC2128594EDDB54F|SR|EN|610|377|2692|2692
CRD_97550D8F6FD846C1809E|SR|JP|11896|11893|151725|151697
CRD_97880F5EB9DE47029F78|RR|EN|170|120|1055|1055
CRD_979704595E1644E09F8A|AR|EN|1140|1130|21656|21656
CRD_97AC02D307514BA797A4|RR|EN|209|140|1162|1162
CRD_97ACB4636E2C4BB5B152|UR|JP|5141|4927|10864|10862
CRD_97AD638649C74896B30E|AR|EN|1450|1350|31650|31068
CRD_97D7C457DF3B41A8A619|RR|EN|4558|4502|25141|25136
CRD_97EAC0317B734B3191FC|SSR|JP|18271|16430|47702|47694
CRD_9830EDEBF33245BC92FE|HR|JP|3350|3990|10417|10417
CRD_983678B45AB8425590AC|UR|JP|15394|14966|32530|32994
CRD_983C1870E97945BEA0AB|RRR|EN|3327|560|10216|10216
CRD_9854903EC2F54EBAB680|RR|EN|311|240|1728|1728
CRD_987A2756FB554B91BD1A|SR|EN|3535|3273|5995|5995
CRD_98B1AD5A09294E4AA9F5|UR|JP|50940|50920|131015|130990
CRD_98BE07D514F34C678851|SM-P|PROMO_DIRECT|457536|455076||
CRD_98DAFEBB7A994BAB96D1|SR|JP|885|889|3217|3216
CRD_98F0514FA4E449CBA343|RR|EN|179|120|994|994
CRD_9901D08249144F58A8BC|RR|EN|160|120|1055|1055
CRD_995C2B2D683845B693C1|RR|JP|630|510|1881|1881
CRD_99651D6378CB49808433|SR|JP|1639|1635|4400|4399
CRD_9965F1D5629D4B62B22A|RR|EN|190|120|1116|1116
CRD_997431762BD64CE5B949|RR|EN|4407|4352|24306|24302
CRD_9987ACD7E7C54BF8A0F8|RR|JP|310|250|926|925
CRD_999BE8DBCC6F40B48020|RR|EN|260|200|1545|1545
CRD_99A5A2C5F74143BABC24|UR|JP|6563|6289|13868|13865
CRD_99B2271A9E6B4B259FB7|SR|JP|14810|14775|39760|39760
CRD_99B80601C8BF404186BC|SR|JP|1486|1505|3990|4050
CRD_99CCE27B9E204E508DE3|RRR|EN|3310|1950|13994|13994
CRD_99F4E975DD944ADE96D9|SR|EN|1542|1428|2615|2615
CRD_9A06EA05B93C41B2BD2A|RR|EN|400|280|2386|2386
CRD_9A16B5CDB26D4457BDC6|CSR|JP|4440|4460|12940|12940
CRD_9A188600F1B44EF88834|AR|EN|2140|2040|15567|16307
CRD_9A198103AC7443DC8A26|SR|JP|1644|1640|4415|4414
CRD_9A22F928864948BBAE25|SR|EN|8642|8708|51435|51835
CRD_9A350D2269353CD3471E3F4C99EB760D|PR|PROMO_DIRECT|804950|804950||
CRD_9A44D06692124A76B84D|RR|JP|472|380|1411|1411
CRD_9A4B2959A70847CFA3F5|AR|EN|2130|2140|50600|50788
CRD_9A5EFFF204E8429BB966|CHR|JP|600|640|1775|1866
CRD_9A65F3C67F2C4ECF8FFC|RR|JP|12697|10320|37924|37924
CRD_9A70A69B02794F2E8412|RR|JP|20315|16510|60695|60679
CRD_9A71FB2F4A614CFCB42E|AR|JP|5260|4850|18234|18234
CRD_9A786ECB0C1441ADB6E9|AR|EN|920|830|6179|6179
CRD_9A8963B9CBC6485CB8D4|AR|JP|7750|7200|27055|27078
CRD_9AA3BC6CA44A482D92F5|RR|JP|7593|6170|22683|22679
CRD_9AC0516F5C3E4E83876E|AR|JP|750|710|2670|2685
CRD_9AD4F161BE9E44D6AAF7|SR|JP|2549|2549|37924|37924
CRD_9AD6FE24D3594D17A130|SAR|EN|57410|61670|491255|487190
CRD_9AE512CAAE3C435392CB|HR|JP|3470|4130|10740|10740
CRD_9AEA052EE47E4F54822F|RRR|EN|4830|2830|18920|18977
CRD_9B0C05E62D6D4E19B749|SR|EN|3090|3330|20249|20249
CRD_9B1935C2FFE14C9493B6|AR|EN|8620|8070|69308|67187
CRD_9B32980D414E47C09387|SAR|JP|6080|6090|19830|19827
CRD_9B35454E9FAA4465BC23|AR|JP|6620|6070|23110|22830
CRD_9B4304F1A3704496A8EC|SR|JP|767|767|9786|9784
CRD_9B43E03D5DF442759E58|SR|JP|594|593|7571|7570
CRD_9B64D783E4344EBB8735|SR|JP|34471|34471|615550|615550
CRD_9B730AEF79F94A5BB4C8|SR|EN|5926|5925|44443|44443
CRD_9B7BDD57CE984638AD11|SAR|JP|34256|34610|93872|93794
CRD_9B8E69E27F554FA08F77|SR|JP|3806|3805|48537|48528
CRD_9BA6F88491964B2489ED|SR|JP|2320|2319|29586|29581
CRD_9BB766F8D22C400B9459|SR|JP|983|986|2655|2655
CRD_9BC07E8750E34D2EA7E4|SR|EN|1920|2070|11835|12075
CRD_9BC1A3BF1D4A4EEE8BE3|SR|EN|6954|6952|52152|52152
CRD_9BC7436092C94785A4FC|SR|JP|1984|1984|7175|7175
CRD_9BD2F6B2BD1342FB9A4D|HR|JP|2251|2251|5208|5208
CRD_9BE58FA4A9F6422D96ED|RR|JP|163|130|486|485
CRD_9C0777C5F0E2418B84CD|UR|JP|8702|8395|18510|18507
CRD_9C10318D36A044519EB6|RR|EN|2949|2913|16568|16568
CRD_9C111FFCAB0E4282A578|RR|EN|190|170|2845|2845
CRD_9C12DFB82488442E9159|RR|EN|190|140|3258|3258
CRD_9C262C40B485491EB19A|SR|EN|15239|15235|90701|90684
CRD_9C2FBC6E628A43679527|SAR|JP|73678|73788|147686|147905
CRD_9C50C950B3E54E4C91E3|SR|JP|1506|1518|5447|5491
CRD_9C5270DA79DC45DF87E7|SR|JP|1786|1781|4795|4794
CRD_9C6A1F46424F4EBB84A6|AR|EN|3160|2880|27371|27457
CRD_9C6FB71861F94FB98F11|SR|EN|33730|36380|483006|483006
CRD_9C70464E838941DB8DF0|HR|JP|7360|7360|22759|22755
CRD_9C72C2A7A6AE408EADCE|RR|EN|210|140|2753|2753
CRD_9C787F52EE3041818DE6|RR|EN|1928|1460|10636|10742
CRD_9CCFB4AA766D475E8C62|RR|EN|611|460|3395|3395
CRD_9CD0F357237A492C8A2D|RR|EN|718|540|3992|3992
CRD_9CD4BE7C890148EC8776|RR|EN|220|150|1396|1441
CRD_9CD8CCBE97D740E59C9B|SAR|JP|17010|14930|46781|46844
CRD_9CD978A793F04EEBB0F9|RR|JP|5419|4400|16186|16186
CRD_9CED595A24FE40AEBE4A|RR|EN|160|110|1199|1153
CRD_9CFBBAADBD4644919823|RRR|EN|670|400|6194|6194
CRD_9D03992C0F05472AB893|SR|JP|4535|4965|64483|63333
CRD_9D2832A4A3F849E4BB06|SR|JP|1051|1048|2822|2822
CRD_9D58E4813F2E44F48F9B|SR|JP|1475|1460|3929|3929
CRD_9D5DBEB83D8747A7865D|SM-P|EN|4452|4451|13673|13673
CRD_9D5FE568CAD14D749F5B|SR|JP|30930|30922|394412|394412
CRD_9D7643B219DF4580B85F|AR|EN|900|840|7937|7937
CRD_9D7E49141F244802BAB2|RR|JP|178|140|546|531
CRD_9DA43870585949379283|SR|EN|33959|33950|254671|254671
CRD_9DC636DE48A4462F93A8|SR|JP|2096|2091|5628|5628
CRD_9DE6CF5F7FF3427298C7|AR|JP|780|740|2731|2776
CRD_9DEBB30C1A894A7198FA|RR|EN|179|140|994|994
CRD_9E348E7E435B4E658CB9|AR|EN|6610|6130|57109|58737
CRD_9E40D9EE7D9844C4868B|RR|EN|240|170|1392|1392
CRD_9E509ECA5F2F4685A780|RR|JP|7897|6420|23595|23589
CRD_9E6C0EE28A034B84B8A7|RR|EN|322|240|1789|1789
CRD_9E959C4AF6BA480FA670|SR|EN|1888|1888|14162|14162
CRD_9EB9A88BDE8245A99331|RR|JP|8446|6860|25232|25227
CRD_9EC2FDEB07C043AC8403|RR|JP|1397|1140|4172|4172
CRD_9EC31C68BA49485F819E|AR|JP|1440|1350|5038|5097
CRD_9F16F13DF68C4204B8EF|RR|JP|208|170|622|637
CRD_9F67BA0A6712493A867F|SR|JP|672|671|1806|1805
CRD_9F777E2B3AF448D78288|HR|JP|1910|2270|5917|5916
CRD_9F78C4AD792F4C16A076|SR|JP|599|598|1608|1608
CRD_9F8E15C89ACC4214A5CF|SR|JP|9442|12440|25535|25925
CRD_9FA75D54C4294BA2BBBB|RRR|EN|500|300|2539|2539
CRD_9FA8A518D9414469BEF9|RR|EN|234|180|1300|1300
CRD_9FAFB1939CF44F30ACE6|CHR|JP|1540|1640|4506|4763
CRD_9FDDA5BA3EEF4352A0ED|SR|JP|2678|2672|7192|7190
CRD_9FE76C9CE7304920BC39|AR|EN|2150|1980|16318|16318
CRD_A015A394F46844D180E4|SR|JP|870|868|2337|2336
CRD_A01A880A185C48ADAAAF|RR|EN|1777|1340|9801|9860
CRD_A045FBD15C434CEA9670|RR|JP|1727|1420|5159|5203
CRD_A04FE8D9C75D4F5EAF0C|RRR|EN|690|410|2982|2982
CRD_A078581BD72D413189A8|RR|EN|1549|1170|8610|8610
CRD_A0A34021C9D745B4A3EF|SR|JP|938|936|2518|2518
CRD_A0B7FEC7EBCC30F32231005D7A76B620|PR|PROMO_DIRECT|203783|203729||
CRD_A0D58142340C4202B5FD|SR|EN|5230|4843|8870|8870
CRD_A0F533475FB645238571|SR|JP|7600|7598|96937|96919
CRD_A10639DEF1044108891B|RR|JP|22854|18570|68264|68264
CRD_A12119533B1C4A21B910|RR|EN|740|731|4114|4114
CRD_A126650873921A29A1AC79F0125D6C30|PR|PROMO_DIRECT|457536|455076||
CRD_A12C9EE7BBA246C489B7|RRR|EN|3610|2130|28266|28337
CRD_A137B96810564A16B8DA|CSR|JP|10750|10820|31346|31416
CRD_A180773A019F4C8BA2B4|RR|EN|330|230|2967|2967
CRD_A19E4A91ACD440ECBEF2|HR|JP|5860|6990|18208|18204
CRD_A1D8F84613574D488021|SSR|JP|18010|16190|47020|47011
CRD_A1ECFBA4CD8A42679127|CHR|JP|12070|12130|35215|35209
CRD_A1FF49B34D00462B8DF0|AR|JP|2630|2500|9180|9420
CRD_A20BEE66070640B39730|HR|JP|9970|11940|30825|31068
CRD_A20F94DEEB5245129C85|AR|JP|1670|1540|5812|5780
CRD_A23AE6A8E89D4058AA29|SM-P|JP|19250|19330|56138|56128
CRD_A25CB6E36FC71EBDA24B|PR|PROMO_DIRECT|3125100|3125100||
CRD_A2652FD03BCB44E786AA|SR|JP|5270|5250|16189|16186
CRD_A2686BFC7EE14D7788F6|AR|EN|910|820|22864|22864
CRD_A26B2D231CB94EECBAE3|RR|JP|1854|1510|5538|5537
CRD_A2809ACDAA524CC6B457|HR|EN|6716|6622|18601|18507
CRD_A2846300EA0942BBBD3C|SR|EN|10120|10920|118649|118627
CRD_A299CA442C2A41558B6E|RR|EN|971|730|5399|5399
CRD_A2A524FCE0E54F2C8C91|SR|JP|6860|6934|18419|18659
CRD_A2BF0189A7944E14A265|SR|JP|7611|7593|20434|20434
CRD_A2C303F9E86F4EDF9398|HR|EN|2964|2996|8345|8374
CRD_A2CD819C7FE041DAA9C8|PR|JP|446|446|5219|5218
CRD_A2D5C36D69B54AE9834C|RR|JP|9345|7590|27917|27912
CRD_A2E2C941F5B941E8996D|SR|JP|1921|1917|5158|5158
CRD_A2E6B453A2A741BCA11A|RR|EN|5850|4230|48264|48680
CRD_A2F9A6312DF44494B8FF|SR|JP|5948|5947|75862|75848
CRD_A313B53B087D4A94B80A|RR|EN|710|500|5414|5414
CRD_A320E30FFCFE4D5A901D|AR|JP|1950|1810|6798|6826
CRD_A3A2A1E4057649CEA59E|SR|JP|1719|1713|21924|21844
CRD_A3AB8AC8AAC347838A4D|SR|JP|1586|1585|5735|5734
CRD_A3B4ED53661A41AD9BE6|AR|JP|1260|1190|4400|4475
CRD_A3C2192851584CFC8246|SR|JP|839|839|3034|3034
CRD_A4182C43172645D6AA8D|SR|JP|2243|2272|6024|6113
CRD_A433CDC6DC8849CEA90A|AR|EN|21700|20490|191614|193823
CRD_A4507E6EECB24AD88AC1|RR|EN|2484|1880|13810|13810
CRD_A45225946385449CBE53|RR|JP|437|360|1305|1305
CRD_A45D3E9BF08B4D07AF14|RR|JP|630|510|1881|1881
CRD_A46CF82C32F04EE6BB52|RR|EN|1140|790|17144|17144
CRD_A497F0378C1349F19C8B|RR|JP|188|150|577|561
CRD_A4A072ED41004885A806|AR|EN|1830|1720|13091|13091
CRD_A4B8753A4E844EE09CBA|RR|JP|213|170|637|607
CRD_A4E698560C3F430A9CE4|RR|EN|803|610|4466|4466
CRD_A4F8739E43884B02A683|AR|EN|5660|5380|74907|74893
CRD_A502FAAAF5E44D6EB6F0|RR|JP|924|750|2761|2761
CRD_A5262AA512774BD48654|SR|EN|1530|1690|10382|10382
CRD_A55C953959164A8EBF09|CHR|JP|2100|2120|6160|6159
CRD_A59B08DC49AD4E5FBFA7|RR|EN|200|140|1483|1483
CRD_A5A4F5FFC9A3433F8793|AR|EN|1430|1320|17084|17536
CRD_A5AE23F47A2B49218CB4|AR|JP|580|480|2018|1820
CRD_A5B83823B6344946A314|SAR|JP|152100|160700|318579|323357
CRD_A5BC4873149245CAB6B3|RR|EN|150|110|1055|1055
CRD_A5BD2814B5454C479820|AR|JP|1660|1520|5781|5734
CRD_A5C68E63AD7846D98563|AR|EN|6500|6110|90443|90320
CRD_A5CCF9AA1AE84EC1B4E6|SR|EN|27467|27427|163286|163256
CRD_A5D2567F7CE3427BA8CF|SR|JP|655|654|1760|1760
CRD_A5FA3E3050F046ACB362|AR|EN|640|640|9711|9711
CRD_A6097CD29C7E4A2C9ACE|SR|EN|2150|2380|20195|20191
CRD_A6337035E8634701BFAB|SM-P|EN|14572|14568|44749|44749
CRD_A63442582F7F4F8BABC9|PR|JP|370|381|4324|4460
CRD_A64742D752F444C9A34A|SR|JP|6922|6905|18586|18583
CRD_A6609DDDF77E43BEBF21|SAR|JP|10000|10000|63133|63121
CRD_A69A3C32BD2A4EA590C3|RR|EN|184|130|1025|1025
CRD_A6CB88032E43434B998F|SR|JP|3114|3089|8361|8313
CRD_A6E16EBEE75C492DA24E|AR|EN|6460|6220|46646|46646
CRD_A6E8EAA77BE24D74AEA7|SR|EN|9280|9278|92795|92778
CRD_A6E97F52AAE14D00B5D3|SR|JP|5353|5352|68276|68264
CRD_A6F7502948814BF9A22C|HR|EN|685900|685900|3478220|3477578
CRD_A6FB671794764AE49A66|AR|JP|690|720|2686|2715
CRD_A70AE0EAE9544E4091AC|RR|EN|828|630|4603|4603
CRD_A70EA9E8C6384E49A3D9|SR|JP|2481|2446|6661|6584
CRD_A71CDBCAB7AB42309937|SR|JP|1390|1370|3686|3686
CRD_A73E9FF2F0254E999421|AR|EN|1250|1150|18010|17293
CRD_A764468C60C145BBA7B2|HR|EN|2610|3110|19679|19311
CRD_A7955AC1C4F2421B940F|RRR|EN|690|410|2401|2401
CRD_A7A7C7685FE244168B9B|AR|EN|5380|5000|118937|118991
CRD_A7AACB50E1D2433E83E0|AR|EN|2260|2180|34639|34587
CRD_A7C30A2EF2124187ABC4|RR|JP|2148|1750|6418|6417
CRD_A7F47D7A90F24520988F|RR|EN|209|150|1162|1162
CRD_A807FE059D28421A9D89|SR|JP|944|958|2579|2579
CRD_A81205AD3C6B4221AD8F|SSR|JP|5812|5220|15172|15170
CRD_A81F66DC2106497F8D12|AR|EN|990|920|12006|12006
CRD_A8210A464976421F9923|RR|EN|20220|15130|111457|111194
CRD_A82AA6D16570455DA915|AR|EN|640|670|9788|9788
CRD_A82C4C53C3004C17A955|RRR|EN|510|300|2065|2065
CRD_A848A7E12690411197B4|SSR|JP|100000|100000|172420|181657
CRD_A87D1D76614640AC9160|RR|EN|1400|1383|7784|7784
CRD_A891C8ACBE5B4F3F8F48|RR|EN|1950|1360|11547|11547
CRD_A89A6F539FAC4AC7ADA2|SR|JP|961|958|2579|2579
CRD_A8B52849C3C54365B81E|RRR|JP|2383|2140|6221|6220
CRD_A8B5785909B448EBB9B7|SR|JP|1243|1257|3338|3383
CRD_A8C06BD8284942BA824C|UR|JP|4272|4094|9028|9026
CRD_A8CA5B29C9994F09BCF9|RR|JP|340|300|1092|1092
CRD_A8DEE7AEF1EB41B29CFD|SR|EN|10120|10457|62253|62241
CRD_A8F55E775B1A48999A63|SR|JP|1116|1116|14232|14229
CRD_A8F8B7FADADA4B9C8D2F|RR|EN|234|180|1300|1300
CRD_A914FCD3FCD847BFA351|SR|JP|13330|13298|35785|35785
CRD_A92DDFDA2A8542FDA6F0|SR|JP|587|583|2124|2109
CRD_A95A3BB894E045F2AE02|RR|EN|17500|12220|107603|107584
CRD_A96D274688FA4B04A973|SR|JP|2181|2176|5857|5856
CRD_A9772F1A738D41739112|SR|JP|2377|2376|30315|30309
CRD_A9971F75407F4A80908E|RRR|EN|570|330|2386|2386
CRD_A99D593C22354D17A334|RR|EN|165|150|918|918
CRD_A9AEC318816D44429B63|RR|JP|416|340|1244|1244
CRD_A9C9A530BD584DDBB671|PR|JP|3242|3241|37909|37909
CRD_A9D7A6D3DC694E4280F3|AR|EN|7670|7200|71174|70918
CRD_A9DF06F1FA7544AD83E2|RR|EN|330|200|3670|3670
CRD_AA067EA038324239B8DD|SR|EN|10737|9652|63907|63819
CRD_AA0DD2AA1FBC4EEFABF7|HR|JP|2390|2840|7388|7388
CRD_AA19A54D13CC49198C77|UR|JP|38880|49450|152453|152425
CRD_AA3296C0D4FE45A38CAB|SR|JP|2452|2451|31271|31265
CRD_AA3AA58E730E469981E5|AR|EN|610|550|6897|6897
CRD_AA42D1C0CC194B35AB8C|SR|JP|599|586|1608|1578
CRD_AA4A41F8F67F4044A169|PR|JP|3308|4912|38690|57448
CRD_AA4B50E788B247089DA6|SR|JP|35687|35678|455160|455076
CRD_AA56EE51E5024865B7F9|SR|JP|4589|4589|68264|68264
CRD_AA5BA868244841729ECD|AR|EN|6500|5970|79959|79095
CRD_AA70617DE38A4AB8A0AC|AR|EN|1190|1120|14566|14988
CRD_AA7C762B17B749CEBF08|AR|EN|1910|1870|20986|20986
CRD_AA80CBBC30D44512BB73|SR|JP|593|581|1593|1562
CRD_AA9CB0979C7F411383FB|RR|JP|965|780|2883|2882
CRD_AAA1B0D73E594E6E9585|PR|EN|12575|12636|38037|38501
CRD_AAAB529B18A64AB9A9A0|RR|EN|960|730|5338|5338
CRD_AADC70B1F06B46E196C2|HR|JP|3430|4070|10606|10604
CRD_AAFE59E917F54C8FB509|SR|JP|9546|9546|142050|142050
CRD_AB63174A5154445782F6|AR|EN|490|440|6836|6836
CRD_AB903AFCBCE64F1B90B8|UR|EN|7520|7385|23366|24575
CRD_ABB1F47733574B969DF6|AR|EN|2130|2020|21105|21105
CRD_ABB584CF354344D0820F|RR|JP|2544|2030|7480|7479
CRD_ABB9C24219D047ECAF3A|RR|EN|6200|4400|48264|48680
CRD_ABBEF153A31344B5ACCA|AR|JP|2090|1940|7131|7312
CRD_ABD8EEE619A649568E06|SR|JP|910|919|2473|2473
CRD_ABED7ECAA2C04766839E|RR|EN|872|660|4848|4848
CRD_AC159F45A9C945968FF3|SR|EN|5005|5003|37531|37531
CRD_AC3606B6DD67461CB745|AR|JP|6930|6490|24731|24423
CRD_AC43601EF1034C02924D|SAR|EN|2470|2520|25581|25637
CRD_AC4EB0CDE09A4473820C|SAR|JP|13710|13690|44744|44553
CRD_AC613BBC6EE14C01A490|CHR|JP|1150|1170|3383|3383
CRD_AC64EB9FF98F4DD68A0B|PR|EN|324|324|994|994
CRD_AC9AF80490804185A362|SR|EN|2465|2464|14672|14669
CRD_AC9F89AB71524BC4AD8B|SR|JP|2087|2144|27356|27351
CRD_ACB87F5FA19140FD900F|RR|EN|2069|2043|11501|11501
CRD_ACB8A5DF94244A189395|SR|JP|2351|2328|6312|6265
CRD_ACC142C26F114994836D|SR|JP|6075|6074|21970|21966
CRD_ACE083AA03F94FF58441|RR|EN|400|270|2447|2447
CRD_ACE1406D88444132AE41|SR|JP|25455|25455|454560|454560
CRD_ACF61B33CDD24476B1C0|CSR|JP|4760|5030|14035|14608
CRD_AD5DBA8969314EA6A9F3|SR|JP|2057|2012|5523|5416
CRD_AD6115AF78224218ACF6|AR|JP|3160|3060|11016|11529
CRD_AD847DF3679D4F45A446|RR|JP|447|360|1335|1335
CRD_AD8D9A5B43C24CB6A5F9|AR|EN|3740|3470|34457|34739
CRD_AD994D529D6E47C2B93E|RR|JP|2326|1910|7010|7008
CRD_AD9A574810174B64B773|SR|JP|46650|43040|227557|227515
CRD_ADB6937D5829468DB1AF|AR|JP|1590|1400|5538|5249
CRD_ADBCD39DE57C43EFADAA|HR|JP|3880|4610|11999|11999
CRD_ADDEC4B6D7EC4C7FA90E|UR|JP|25806|24730|54530|54520
CRD_ADE314545C9C40C2BE9D|SR|JP|1667|1663|4476|4475
CRD_ADFC6A38AABB4ACE85F4|SR|JP|1632|1632|20817|20813
CRD_ADFEF65AFEF8421CA287|SR|JP|695|688|1866|1851
CRD_AE113DCC3BAE4D84AB6A|SR|EN|5738|5737|34426|34426
CRD_AE252DCBF6FA4506ACCD|RR|JP|188|150|592|561
CRD_AE2BFD3AB7764907BA33|RR|JP|2077|1690|6206|6204
CRD_AE3C75BE92214FE9ACBD|SR|EN|19961|19956|149695|149695
CRD_AE75FE8F2FF5446B86CF|HR|JP|4330|5140|13380|13380
CRD_AE793A5668C14BE9A305|RR|EN|160|120|1062|865
CRD_AE83ACAA6B9D4A4996BD|HR|JP|2630|3120|8131|8131
CRD_AEDD3F6DAB77462C84BA|SSR|JP|1924|1730|5021|5021
CRD_AEDD96FFA5A84E749D76|RR|EN|8570|5980|51264|51264
CRD_AF1FDA799C6143DFA5A9|SR|EN|3981|3980|29853|29853
CRD_AF23FC89109141A7AAF7|RR|EN|231|170|1285|1285
CRD_AF3062D3422A407D9A65|SR|JP|75870|70000|370133|370065
CRD_AF3164F375854354B2F4|SAR|EN|12980|13370|117465|117444
CRD_AF50D7F7BF224CA6B856|SR|JP|3176|3150|11392|11392
CRD_AF533FDCBFB840229CB0|CHR|JP|720|700|2109|2033
CRD_AF5EB7BCF32F4A63B0D5|HR|JP|2047|2047|4735|4735
CRD_AF6C72E18B814568BD91|SR|EN|9690|8940|100579|101925
CRD_AF75DCD7E11042F68065|SR|JP|2373|2373|30269|30264
CRD_AF8736ECE64947D5A57B|UR|EN|3947|3947|10935|10935
CRD_AF8F92C88D0B402AAEA9|AR|EN|1120|1070|12740|12740
CRD_AF944BBA321248A08EBC|AR|EN|770|700|5873|5873
CRD_AF9E559EB5944BEFAAD8|AR|JP|2420|2270|8419|8556
CRD_AFB2E1221F7B49C4B30F|PR|EN|127991|127957|393063|393063
CRD_AFBD5F78887542BAB486|SR|EN|3622|3621|27162|27162
CRD_AFD17D0FE9FF44FF8492|SR|JP|2021|2021|25778|25773
CRD_AFD5B4C57E4049A59C23|RR|JP|10660|8660|31841|31841
CRD_AFEB8972DDD3469BB268|SSR|JP|21305|19150|55622|55612
CRD_B0077688E0674FEE8A14|HR|JP|3410|4050|10545|10543
CRD_B00F854C44414288BAFB|SR|JP|529|528|1912|1911
CRD_B01199DFD87D423494E0|SR|JP|887|885|2382|2382
CRD_B02D8C31DB1A44969F52|SR|EN|25174|25167|188785|188785
CRD_B03010105C7A46FDAE73|AR|JP|870|810|3034|3034
CRD_B04BCC71D4004F4F96FC|RR|EN|270|190|2126|2126
CRD_B050F893ACF545A0B78C|SAR|EN|19000|16660|127980|127395
CRD_B05ED192EA914D9893FB|HR|EN|2833|2833|101565|101565
CRD_B0635A73D11746B0828B|AR|JP|2550|2380|8892|8950
CRD_B06B18A181FB456ABDCB|AR|EN|550|530|6286|6286
CRD_B071913DFA814921BA27|RR|EN|140|100|1147|1147
CRD_B075334FB615451B877A|AR|EN|1630|1550|15385|15352
CRD_B078B8FB2EB6415A85B6|AR|EN|7730|7170|114431|113424
CRD_B08CE2F4339B49479056|RR|EN|201|180|1116|1116
CRD_B0A1FB4261674D529764|AR|EN|1100|1100|16670|16670
CRD_B0B1E680E6EB4FC091EE|RR|JP|15231|12380|45506|45494
CRD_B0F2BB5C7F9B413AAF68|SR|JP|4650|4320|22819|22815
CRD_B0FE7331201C44AB8455|RRR|EN|2380|1420|14911|14911
CRD_B11B7BA4E82A41EA95F8|AR|EN|6760|6270|77365|77062
CRD_B1236C0C76BB4236BEB2|UR|JP|5335|5113|11273|11271
CRD_B124B687EC404C5FAC1B|SR|JP|5098|5097|75862|75848
CRD_B1266853754742B9AC64|RR|EN|200|150|2745|2745
CRD_B13EADBBACFC415DBE7D|RRR|EN|530|330|2325|2325
CRD_B158EA20CC184AF1B925|SR|JP|23792|23786|303450|303394
CRD_B165190D31814511A5A8|AR|EN|2210|2030|29450|30082
CRD_B166C14DF6864745B219|RRR|JP|459|410|1199|1198
CRD_B16E4806EF614E799EA1|SR|JP|1530|1529|22759|22755
CRD_B18DDE8C20D645DDA16E|SAR|JP|4820|4820|30421|30415
CRD_B18EB4936D3D4C3C8F78|HR|JP|2450|2910|7571|7570
CRD_B195304202EC48F1BD65|AR|EN|4060|3940|41466|43309
CRD_B1BA8BA294224C83B570|CHR|JP|60930|61200|177715|177683
CRD_B1D0E95D6A764E54A4F3|RR|EN|240|170|1789|1789
CRD_B1DFD3C3E5BB4423BF03|RR|EN|597|450|3319|3319
CRD_B20942F08E184FD3AC9C|AR|EN|3490|3270|36171|34405
CRD_B21ED14E9FF94FF4BBB5|RR|JP|203|160|607|576
CRD_B2248FE3EAB34F918B7C|RR|JP|396|310|1153|1153
CRD_B2272D4D776044FE9ABF|RR|EN|360|260|2401|2401
CRD_B249F6023816421B9E82|SAR|JP|9840|9940|32348|32342
CRD_B24FB59D3B834314A57B|SAR|JP|6360|6370|20741|20737
CRD_B24FEAA15B354EE7A819|CHR|JP|1250|1300|3732|3777
CRD_B270EBD54E8C47AF8BA8|SAR|EN|2679|2621|11639|11639
CRD_B27CE1319A204E919650|RR|JP|239|190|713|713
CRD_B27EE9CB54BE42CFB26C|SR|JP|969|969|3504|3504
CRD_B28E6145CF994B09905F|SAR|JP|40080|40490|131788|131764
CRD_B294F7A527664134BFA8|RR|EN|130|90|948|948
CRD_B2A94238DD6A45BD8A15|CHR|JP|3470|3590|10181|10422
CRD_B2B243175D8E4033A33F|SR|JP|2046|2035|5477|5476
CRD_B2D14FA1DDFA481BB7B2|AR|JP|2140|2060|7481|7752
CRD_B2DC0D2AA6314050AD58|SR|EN|950|1030|10231|10231
CRD_B2E561CB1C034FE2B65A|RR|EN|369|280|2049|2049
CRD_B2E952D4AF8A4AED8F98|RR|JP|498|400|1487|1471
CRD_B30DFCBCDFBA21BE1C07|PR|PROMO_DIRECT|610068|606788||
CRD_B3149BEFD6BC407799A3|RR|EN|2355|2355|13091|13091
CRD_B325D03BDD34469298B9|SR|JP|860|860|3110|3110
CRD_B345C0800CFB40D28BD7|CSR|JP|20920|21120|61327|61316
CRD_B35BCAFB2F9E4FE5BE34|CHR|JP|3800|3870|11243|11241
CRD_B3798231C06C4CAB97AF|SAR|JP|11820|12791|34669|34663
CRD_B3834736DB2542B792B1|HR|JP|1410|1670|4354|4354
CRD_B38781B3110941E9A3DA|RR|EN|8960|6310|71083|71434
CRD_B390ACDDA0BC45F28118|SR|JP|2034|2029|5462|5461
CRD_B3AE192A44B84ED7B24E|SAR|EN|2271|2221|9864|9864
CRD_B3BF8D31D9204782972A|RR|JP|2504|2030|7480|7479
CRD_B3C3F8E812884FEEB672|SR|JP|3961|3952|10636|10634
CRD_B3CB2A5036FD42688BA6|PR|JP|66164|66146|773640|773640
CRD_B3F163D4760E4999A3AE|RRR|EN|490|290|2539|2539
CRD_B3FA890225FF38CC4DBE123ABCCB9B93|PR|PROMO_DIRECT|1060642|1060362||
CRD_B3FD6023E69B4B2DAF28|SR|EN|3646|3645|27345|27345
CRD_B443DB37EB0D40308182|SR|EN|72992|72973|547392|547392
CRD_B44585853A93C37F791B552F69C70AA6|PR|PROMO_DIRECT|58175|58175||
CRD_B4458BD865D40B2B6AFB|SAR|EN|4780|4890|80687|82189
CRD_B44DD500D1A84B9384A5|SR|JP|1283|1280|3444|3444
CRD_B4500EAE366644C09065|RRR|EN|690|400|6194|6194
CRD_B478B609372F4829A9FD|SR|EN|7791|7789|8779|8779
CRD_B48D14CE62334F79A190|SAR|JP|1230|1332|3611|3610
CRD_B4A60A8CA6AA4F26A2A9|SR|JP|1145|1145|4142|4141
CRD_B4DD248887AA402E79E6048CF14A6FA5|PR|PROMO_DIRECT|5614269|5612789||
CRD_B54A04C4DD0844DE9B5E|RRR|JP|494|440|1289|1289
CRD_B550CAAE1FA843B28C47|SR|JP|593|614|1593|1653
CRD_B55AAC9C8A6C490FB575|SR|JP|1045|1043|2807|2806
CRD_B55D3E9651694E04BBB9|AR|JP|950|880|3323|3307
CRD_B56B12EB53F4412BA2DA|AR|EN|9602|9753|85239|85557
CRD_B5BD597A055847CBB31C|AR|EN|1980|1820|13688|13688
CRD_B5CCF871C4AD4CA18B71|SAR|EN|2890|2880|28949|29202
CRD_B6033352C39D43F38651|RRR|JP|442|400|1153|1153
CRD_B6294903334744A58D01|SM-P|EN|27300|27293|83840|83840
CRD_B63836C8D4AD4235A59A|SR|JP|480|479|1290|1289
CRD_B644812335694B979583|SR|JP|1367|1375|3672|3701
CRD_B64ABBE03E224573AFE8|UR|JP|4373|4191|9240|9238
CRD_B64FC43EC8F44F108672|SR|EN|760|820|5521|5521
CRD_B6536EB5E85E46388EC3|SR|JP|571|569|1532|1532
CRD_B65A3E174310474CA8B8|AR|EN|1570|1480|12984|12984
CRD_B65EED7E271E44328B00|RR|EN|140|90|1162|1162
CRD_B675C7208A854D9AAEF1|CHR|JP|1720|1730|5022|5021
CRD_B67C469BF7EA40619E14|RR|EN|690|470|7173|7173
CRD_B685013BF312463DBD3F|RR|EN|171|150|910|1107
CRD_B69CC3BA1BF848229682|SR|JP|1582|1582|20179|20176
CRD_B6BEB22D4E0AE7AADC2865D17E9AE564|PR|EN|47151|50793|143653|154761
CRD_B6CF092809C341D6B60F|SAR|EN|10649|10293|45897|45342
CRD_B6DC45093C334784875A|SR|JP|1428|1427|18207|18204
CRD_B6DCDD8B172E42A098BE|SR|JP|1712|1702|4582|4581
CRD_B6F05ABED7AE47BAAD56|SR|JP|11330|12230|25485|25485
CRD_B6F27325C75E414B802B|AR|JP|1310|1270|4567|4778
CRD_B6F780670C514367833F|AR|JP|820|730|2868|2731
CRD_B71401CE4CBA4FD5914C|AR|EN|1940|1830|28099|28018
CRD_B7161883B756473E8D66|SR|JP|1803|1798|4840|4839
CRD_B71DC5DF10B44392841A|HR|EN|12235|12231|137628|137628
CRD_B71FB8408EAC4867A18F|RR|EN|154|120|759|971
CRD_B7345EED8A0E4A05B2C2|RR|EN|160|110|1055|1055
CRD_B7768191A68445AA8817|SR|EN|6624|6622|7463|7463
CRD_B7828F2ECCE840FB8105|SR|JP|4102|4101|52315|52305
CRD_B79D24DCE63448C89A53|SAR|JP|3110|3120|10150|10149
CRD_B7B757AF0B3E44FB9C36|SR|EN|21605|21599|162021|162021
CRD_B7BEDC89F4554878A43B|RR|JP|11666|9480|34851|34845
CRD_B7DB6E711CE147A8BA79|RRR|EN|480|280|2325|2325
CRD_B7FFD1C826FF4A6FA025|RR|JP|1524|1240|4551|4551
CRD_B800DDCEC18641718BAD|SR|JP|12934|12903|34730|34723
CRD_B807649467B3424F8C29|AR|EN|13220|12160|125598|126819
CRD_B837D3F1A54647279AEC|SR|EN|26316|26309|265239|265239
CRD_B845DAE48C424F97A12D|RR|EN|280|200|11108|11108
CRD_B86A682830BA4F8D9F57|SR|JP|2665|2664|33986|33980
CRD_B86D2122C72F49ECB65D|AR|EN|2430|2290|18981|19266
CRD_B8716C15063748DF9431|AR|EN|5720|5270|48710|48710
CRD_B875810CC46C4134A0C8|AR|EN|1030|960|9100|9100
CRD_B8770884705A42238D72|RR|EN|14050|10020|98530|99195
CRD_B87B09A888294C1C873C|RR|EN|561|554|3120|3120
CRD_B8A04830277E4F638EBD|HR|JP|2090|2480|6462|6462
CRD_B8B3074785EC350DEB26|SR|JP|390300|390230|2744720|2744214
CRD_B8B69E5A34C042F2928346295A367A70|MUR|JP|636900|636730|954289|954038
CRD_B8BA3C24BCBE499B8B39|AR|JP|3240|2770|11320|10437
CRD_B8BC4E618338434C9925|RR|JP|432|350|1290|1289
CRD_B92DA5CF55D0468FB12E|AR|EN|1090|1010|14376|14376
CRD_B92E9CCA3B94438EB268|MA|EN|3830|1720|24791|24791
CRD_B95C9626B4BD40E69107|RRR|EN|1180|690|8473|8473
CRD_B96269B83CA14C11933E|RR|EN|2454|1860|13642|13642
CRD_B974BC191042453495AE|SR|JP|735|733|1972|1972
CRD_B99867335AE14F658107|PR|EN|3536|3535|10859|10859
CRD_B9B998819A564DE3991A|AR|EN|7810|7250|86529|86422
CRD_B9C22C1213704F5AAF1B|RR|EN|200|140|1315|1315
CRD_B9E026BC3DF546909368|RR|EN|176|120|979|979
CRD_BA09E1E2876D4AF9A7EC|AR|JP|730|710|2564|2655
CRD_BA10F03AB84145BBB276|RR|EN|28583|21710|158037|159616
CRD_BA27BAD558E64F00B129|SSR|JP|14529|13060|37931|37924
CRD_BA348F823BE347518A3B|RR|JP|152|120|455|455
CRD_BA41AC19AAAD4F04B756|RR|JP|1188|970|3550|3550
CRD_BA4BEE00353244F580C5|MA|EN|19640|4850|85838|85838
CRD_BA7824DD9F5F4039A731|SR|EN|7886|7884|8886|8886
CRD_BA7E5BDFBF2443BBB5C7|SR|EN|60710|65228|657614|657614
CRD_BA98E92E4AFE471CB7C6|RR|EN|180|120|1132|1132
CRD_BA9979085F024D49906C|SSR|EN|820|480|3380|3380
CRD_BAA4E53EBC95419998FA|RR|EN|1307|990|7265|7265
CRD_BAC700F6596245A5A62A|RR|JP|2844|2310|8497|8495
CRD_BACA0ED67D664015A669|AR|JP|4190|3880|14612|14608
CRD_BAD5922B3CEB416F8E04|SR|JP|2379|2379|30345|30339
CRD_BAF951CD1C52420DB08A|HR|JP|8020|9530|24802|24802
CRD_BB0C1B7398C4442C965C|RR|EN|1420|1070|7892|7892
CRD_BB1E084CEC1F4C23BA89|SR|JP|9040|9038|115296|115275
CRD_BB2021E55A1B4B7CBE30|RR|JP|691|560|2063|2063
CRD_BB2792DF08BD4BE4A1F2|RR|EN|5926|5852|32943|32943
CRD_BB2AE88D795B4BC39A64|RR|JP|1590|1290|4749|4748
CRD_BB580CF2765F4C48B7BB|HR|EN|3366|3365|9482|9482
CRD_BB59547714764CE4B9C2|SAR|JP|3750|4058|10998|10998
CRD_BBA44F80E157446F9E8A|RR|EN|198|140|1092|1047
CRD_BBC2E062E3384B639FA8|SAR|JP|27340|27550|89214|89668
CRD_BBDFDA23088F44F3B3B8|SR|EN|21878|21872|164071|164071
CRD_BBE6EFDD0952406BA8C0|AR|JP|4380|4350|15295|16383
CRD_BBF48E2A085C4050AA8B|HR|EN|10303|10303|764685|764685
CRD_BC01567C0D53407F9CA0|AR|JP|610|580|2185|2184
CRD_BC1C11E90BDF4F289E1A|AR|JP|680|620|2367|2321
CRD_BC23459C3A854031B8A0|SAR|EN|185600|184730|1327017|1333159
CRD_BC2AD209CF444EE7A541|RR|JP|574|470|1714|1714
CRD_BC37591EA9BD4AFE9BD5|AR|JP|4730|4380|16494|16489
CRD_BC53EA80A3024F12B207|AR|JP|2300|2160|8042|8131
CRD_BC7A6C4E12004FA0918B|SR|JP|1180|1170|3595|3595
CRD_BC94D56140324F5E8B10|AR|JP|2250|2210|7860|8298
CRD_BC975C84189F46CDAFBF|SR|EN|58096|58590|345781|348751
CRD_BCA5D115D41A4E2A875F|RR|JP|234|190|698|698
CRD_BCAD270973224770B3FD|SR|EN|21740|23880|106678|106582
CRD_BD23A2FE3D6140978DFB|SAR|JP|19990|22150|59476|60027
CRD_BD32C4DD974E418FB16F|AR|JP|2560|2430|8937|9147
CRD_BD598DEBF42248F3A0D7|SR|JP|6503|6501|23513|23513
CRD_BD9788C17AE247EC9735|RR|JP|2824|2370|8709|8707
CRD_BDBA1831790543D0A08B|RR|JP|2153|1750|6434|6432
CRD_BDC1ABE01CFF4D5CA326|SR|EN|8914|9022|53711|53701
CRD_BDD8F152587B432C9CED|RR|EN|130|90|1009|1009
CRD_BDD95E418BFE4188A58A|SR|JP|593|592|1593|1593
CRD_BDFAAB604BE94203ADDE|SAR|EN|2230|2240|36611|36726
CRD_BE12D91B22794119B3E1|SR|EN|6826|6824|51188|51188
CRD_BE15DB54E85D437389C2|HR|JP|53680|64120|166867|166867
CRD_BE2C80A0B66343AA892E|AR|EN|2690|2520|29222|28747
CRD_BE2FA43F663B4D16BA9C|AR|EN|1650|1540|16532|16532
CRD_BE3F68E6C31B480581DD|RR|JP|173|140|531|531
CRD_BE82877EE7B04D848D1B|RR|JP|6242|5070|18647|18644
CRD_BE89EA3D6FBF480F9472|SR|JP|2079|2074|5583|5582
CRD_BE8BC1ED2FFA48EFAEE0|RR|EN|963|740|5353|5353
CRD_BE950F4C173D4903A25D|AR|EN|2980|2850|33577|33571
CRD_BE9FEC8AE3E9478EB79E|RR|EN|150|90|1147|1147
CRD_BEB0E75C862E4647B482|RR|JP|808|660|2412|2412
CRD_BECB62345F92435AB0E2|SAR|EN|9080|7880|119089|117899
CRD_BED3E8E4C2A24CE9B22C|SR|JP|11544|11517|30992|30992
CRD_BF0B13F713C54C379992|RR|EN|340|240|1958|1958
CRD_BF0BAA33D5244D7D9AE4|CSR|JP|3050|3070|8921|8920
CRD_BF0F5557B756404B95E3|RR|JP|452|370|1350|1350
CRD_BF1800988BEF4236B004|RR|EN|280|190|1636|1636
CRD_BF2A02781B26488BA64B|AR|EN|9450|9480|79989|80354
CRD_BF2EC3DA51FE45219EFA|RR|EN|234|180|1300|1300
CRD_BF34F5EA41394ACEBF4D|RR|EN|217|160|1208|1208
CRD_BF531C372C7F46138B80|RR|JP|223|180|668|667
CRD_BF68BBD0D4414170AFD2|HR|JP|6000|7130|18571|18568
CRD_BF6C559F974242FA94CE|PR|EN|8720|8718|26779|26779
CRD_BF8B331F32534677B557|RR|JP|574|470|1714|1714
CRD_BFE18CF6495A4D4DBB92|PR|JP|777|777|9088|9087
CRD_BFFE0E9B11644655B42B|SAR|JP|6910|6950|22622|22618
CRD_C01B9679589B47678C03|SM-P|EN|10350|10450|67980|67980
CRD_C01ECCA4431A44B09D3B|RR|EN|2100|1460|14713|14713
CRD_C041DE21E72A4D9498F0|SR|EN|6750|7280|105527|105527
CRD_C0490A67B50C41B78069|RRR|EN|3500|2150|19997|20221
CRD_C04E029C65C04840BDAD|SR|JP|2944|2937|7905|7903
CRD_C05727E691684E0B93AF|HR|EN|15882|15878|178661|178661
CRD_C06423A2D6344CF88D62|RR|EN|690|520|3839|3839
CRD_C0757BA5FDB846169FFD|SAR|EN|1401|1401|6087|6087
CRD_C09A904A2D634B4383A4|UR|JP|21411|20519|45244|45236
CRD_C0A365CA88A64A5BB52A|RRR|EN|650|380|3135|3135
CRD_C0B9156965764BADB0C5|SR|JP|7320|7318|93356|93339
CRD_C0CD75FE2CCE46389DA9|RR|EN|160|120|6555|6659
CRD_C0DE715FF08247A1BCA3|RR|JP|27933|22700|83449|83433
CRD_C117A9E19A5E433BA318|PR|EN|2146|2146|6592|6592
CRD_C120B46573824D1A87A3|SR|JP|10921|10918|39487|39487
CRD_C123706D03224508B63B|AR|EN|1370|1270|22501|22451
CRD_C12CF65370894C5581E4|SR|JP|1226|1223|3292|3292
CRD_C13EA4410A084742AAA9|RR|JP|2692|2200|8041|8085
CRD_C1430E514E7A4341B76C|RR|EN|3650|2550|27483|27483
CRD_C14EA7DC5F234B078571|SR|JP|2091|2074|5583|5582
CRD_C1608F37F71B44D08013|SR|EN|30341|30333|227540|227540
CRD_C183A625C76743C5ABCD|HR|JP|2290|2740|7132|7130
CRD_C196FA6AC8E54F73BCFC|AR|EN|1120|1060|24322|24651
CRD_C19CBFBFDA7B4814A109|SAR|EN|2000|2180|52178|52002
CRD_C19EA4CD8F604CCE8CFA|UR|JP|5414|5188|11440|11438
CRD_C1D0A9CD6A504D1B974A|RR|EN|176|130|979|979
CRD_C1DA511430EB46B79854|RR|EN|150|120|979|979
CRD_C1E6E62B68CA49EBA053|RR|JP|838|680|2503|2503
CRD_C1ED974D21D945F6AE35|RR|JP|141186|114730|421796|421718
CRD_C204E7C7962B4792A212|HR|EN|15430|15426|173568|173568
CRD_C21B5D38B82C454CBA6D|SR|JP|3449|3448|43985|43977
CRD_C24816ED007D4FA3AB68|RR|JP|193|160|576|576
CRD_C2779FB305824DED9533|AR|JP|3240|3130|11304|11772
CRD_C284B6140DDE4A00A093|RR|EN|990|660|11011|11011
CRD_C2853FCE66E848CFBA00|RR|JP|12697|10320|37931|37924
CRD_C28A0C2FB60246168A94|SSR|JP|2319|2080|6054|6053
CRD_C2A0DB2254344C62AF81|RR|EN|267|170|1290|1259
CRD_C2A3EBDFC3B244DDA1F7|SR|JP|938|936|2519|2518
CRD_C2B35AF51F5B4B3D84EF|SR|EN|586|648|994|994
CRD_C2E4C6930E644C2D8236|RR|JP|1849|1500|5523|5522
CRD_C2E5273146CB463B8905|AR|EN|2030|1880|22971|22952
CRD_C317FB78E5844D49AEC5|RR|EN|1240|860|8014|8014
CRD_C31AA0E0F2D940BA9105|RR|EN|9260|6540|76925|77502
CRD_C31F1E43A61B4EC79EA3|SR|JP|713|713|2579|2579
CRD_C3474CAADA7145DF9485|RR|EN|465|350|2585|2585
CRD_C37F7B571BA54B66B848|PR|EN|7097|7095|21794|21794
CRD_C39B236442E240D58AAD|RR|EN|289|220|1606|1606
CRD_C3A6BDB895B242D99F32|RRR|EN|740|440|4695|4695
CRD_C3AC7D22528745FE8E4B|RR|EN|630|430|5445|5445
CRD_C3B57125A65740B3ADB8|SR|EN|1860|2070|14520|14881
CRD_C3BE18AFFD494670BA91|RR|EN|210|140|1183|1198
CRD_C3BEA4426F934FF9A7FB|SR|JP|5634|5620|15127|15124
CRD_C3CF846EB0624F398AAF|HR|JP|2440|2910|7572|7570
CRD_C3E06830FAAA4837AB25|CHR|JP|830|830|2443|2412
CRD_C3E80F835D1B41C5B9F7|PR|EN|6494|6492|19943|19943
CRD_C3F5BECDAF7048508A69|RR|EN|226|170|1254|1254
CRD_C3F844BC04614855A4C4|AR|EN|1440|1420|13443|13443
CRD_C41854F7D20E8756104AAA3F9F81E8EA|PR|PROMO_DIRECT|365156|363193||
CRD_C41CDFEEB7EE415CA1B7|RR|EN|3970|2770|28963|28963
CRD_C452FDCBD46A43E587EC|AR|EN|550|530|6194|6194
CRD_C46B76D03DCD42BEB000|AR|EN|1180|1110|11002|10786
CRD_C4804FF23607466C9A90|RR|EN|180|120|1988|1988
CRD_C481BCD104FC4D799A10|SR|JP|1859|1849|4991|4976
CRD_C4895FD08DDF4F6096E5|RR|JP|2026|1650|6054|6053
CRD_C4A0597992A94A558267|SR|JP|34970|33220|170600|175635
CRD_C4D2295758134D1A863E|SR|JP|24347|24340|310520|310463
CRD_C4DED4CD6D9B40719BF9|AR|EN|960|900|8121|8121
CRD_C4F41E3DBC5E4BAC88EA|SR|JP|480|479|1290|1289
CRD_C4F64FFCE1CF446580D4|SR|EN|5131|5129|5781|5781
CRD_C504554B465840AAB681|SAR|EN|12270|10700|110456|109207
CRD_C512FB10DEBE4D3A9245|RR|JP|1849|1500|5523|5522
CRD_C52365D9FE2D440FAF36|SR|JP|661|660|1775|1775
CRD_C53876B78A1D4CE1AAA8|SR|JP|6602|6601|84207|84192
CRD_C541F6809A4B473D8981|SAR|EN|6320|6560|124763|124452
CRD_C5460BA77BF844449364|HR|EN|13835|13831|155629|155629
CRD_C55004D65BC742D6A174|SM-P|EN|976|976|2998|2998
CRD_C56596E4D16D42879763|SR|EN|16110|16106|162373|162373
CRD_C577C809253F4820BC3C|RR|EN|17634|13340|98033|98033
CRD_C57DB853FD2D46888B48|RR|JP|1585|1300|4734|4778
CRD_C57E69F6FE4A4DE4BC7F|PR|EN|147682|147643|453535|453535
CRD_C59C1E27D70941A983D2|AR|JP|3110|2890|10772|10862
CRD_C5A7D2CBC1844112AE51|SR|JP|5432|5173|69278|65988
CRD_C5A95DC5404443948CF9|SAR|EN|3270|3554|18192|18977
CRD_C5AAC2405EE34F249A43|RR|EN|206|160|1147|1147
CRD_C5B38ED6409E430EA353|AR|EN|2280|2120|18617|18173
CRD_C5B6D61127B741B3926B|AR|EN|2570|2460|48613|48816
CRD_C5C15088983B4338BFDC|RR|EN|330|270|1835|1835
CRD_C5C46399E49A476BBCF1|RR|EN|226|170|1254|1254
CRD_C5C509526A7B4DBFBF80|SAR|JP|3170|3170|10331|10331
CRD_C5DD719E8CEF486891DB|SR|EN|1921|1778|3258|3258
CRD_C5F43E1D58DC4EB091BB|RR|EN|140|110|964|964
CRD_C5FD1D1E4E924008A6FE|RR|JP|569|460|1699|1699
CRD_C608BA3853EA42618657|SR|JP|650|648|1745|1745
CRD_C6416A62FDD4411AB1F8|UR|JP|5995|5746|12669|12667
CRD_C64D32F3DC3143B1A26C|AR|JP|1080|1000|3717|3762
CRD_C64D8A288A1E49DABD3B|CHR|JP|7430|7570|21788|21981
CRD_C656819F71EC44B19DD9|SR|JP|4097|4093|11015|11013
CRD_C669300AD32E4E5D86B4|RRR|JP|1377|1240|3596|3595
CRD_C684704D87BF4D358292|AR|JP|1380|1340|4901|5036
CRD_C69B5517FEEB4D75832B|UR|EN|2788|2302|7723|7723
CRD_C6A1E00432684413B13B|SR|JP|2418|2413|6494|6493
CRD_C6A45AC1265148B69725|RR|JP|15922|12940|47570|47557
CRD_C6AC87E03F394758932B|SR|JP|1492|1488|4006|4005
CRD_C6E94E4673E846D48583|AR|JP|1600|1460|5477|5476
CRD_C728A90398A04DC9B105|CSR|JP|3690|3700|10757|10755
CRD_C73541F8726F4E58B333|SAR|EN|16820|19430|112883|118991
CRD_C74290D9A640465F8C18|SR|JP|42889|42785|115159|115138
CRD_C7743941CB94475DBB80|MA|JP|1589|1090|6160|6159
CRD_C7804ACB352A4684AF39|SR|JP|6264|6263|111852|111831
CRD_C7C3982EEEB34C529318|SR|EN|3883|3882|29119|29119
CRD_C7E2B077171045C69387|AR|JP|900|830|3141|3140
CRD_C7E6727225AD4AC8B1EA|RR|EN|190|140|1254|1254
CRD_C7EE29160ED94C72BB44|SR|EN|7635|7403|56745|55081
CRD_C83501C3B7174EAD9B11|RR|JP|254|210|758|758
CRD_C84CD0D4247C45DD9DA2|RR|EN|12020|8410|176924|158751
CRD_C84E53788D884322B54B|RR|JP|1717|1390|5128|5127
CRD_C84ED2B9A3F04FFF9591|UR|JP|11417|10941|24124|24120
CRD_C8514FE93E8D4BEBBEDE|RR|EN|239|180|1331|1331
CRD_C8708FEE42914C2C92BD|RR|EN|160|120|2233|2233
CRD_C876DFB3D3DC4A038B06|RRR|JP|686|620|1790|1790
CRD_C8796B366D1E44C889CE|SR|JP|1708|1669|6174|6038
CRD_C8964D5114084013857C|SR|JP|752|795|2063|2139
CRD_C89D33E80FC541129360|SR|EN|6554|6553|49154|49154
CRD_C8B01F160C314B17A057|SAR|JP|23860|24310|78266|79125
CRD_C927EDBD33EB444EA017|AR|JP|960|970|3338|3641
CRD_C932B86214B443F7BF18|SAR|JP|20000|20000|84927|84905
CRD_C93F0C57CAE5425995FA|SR|EN|1460|1570|14110|13895
CRD_C941F30AB1514C58AEC3|RR|JP|1209|980|3611|3610
CRD_C94514D16A7E46608874|SR|JP|10378|10375|132365|132340
CRD_C94913B9843F44CAA1C8|RR|JP|71101|57780|212432|212376
CRD_C9610AAB6E5FBA4645BC4011ED62CF41|PR|PROMO_DIRECT|1534607|1534203||
CRD_C98511277D834B8FB4C7|PR|EN|7077|7125|21560|21708
CRD_C98EFDB78A3045E8B138|RR|EN|210|130|2745|2745
CRD_C99C51CB2CCA447FBB9F|SR|JP|1379|1375|3702|3701
CRD_C9D88D4A7D0741C89301|UR|EN|3135|2589|8687|8687
CRD_C9E479C530F64962AF8B|RR|EN|210|140|1529|1529
CRD_C9F47C155D5849A7A956|SAR|JP|2260|2452|6644|6644
CRD_C9F48C426CE14CFFA191|AR|EN|24010|22250|210352|210449
CRD_C9F99666A3067F779469|SR|JP|5948|5948|75862|75848
CRD_C9FA55B6A1CF478FB8C3|AR|JP|1750|1610|6100|6053
CRD_CA044084B6894F7F9764|SR|JP|1752|1747|4703|4703
CRD_CA05CA30ECC64AAA9103|SR|EN|12136|12133|91013|91013
CRD_CA1450D6F122424A81D0|RR|EN|250|180|2065|2065
CRD_CA30FFDBDA9E4F959E75|HR|JP|1440|1710|4445|4445
CRD_CA3282A90EA344D18DDD|RR|JP|234|210|743|774
CRD_CA3D4EFF79314B22B0F0|RR|EN|446|270|2246|2018
CRD_CA411E680E6F4183A00B|AR|EN|3230|3060|24807|25333
CRD_CA5B1279C7ED42C78594|SSR|JP|3847|3500|10090|10149
CRD_CA5C4ACA8C0944F9A611|AR|EN|1410|1330|26203|26471
CRD_CA8791D1D7B746459F70|UR|EN|3323|2744|9207|9207
CRD_CA8815FCA7DF4BD3A509|SSR|JP|1883|1690|4915|4915
CRD_CAA84D92B77A42B6AD29|RR|EN|160|120|948|948
CRD_CAD2C5AC7AFD4C08A84D|AR|JP|1580|1460|5492|5476
CRD_CAEF24E4F3E04F20A205|AR|JP|800|800|2959|3019
CRD_CB04FE06D4DE4ECAB7C5|AR|EN|1200|1120|16807|17066
CRD_CB183CE3466F4730A71D|SAR|EN|1790|1830|42225|42490
CRD_CB62AB154B714772BCC6|SR|JP|24071|24064|307000|306944
CRD_CB69C20D58AF4D51A9AF|PR|EN|3140|3140|12381|12378
CRD_CB7A266C3EF64219A66B|AR|EN|1870|1740|20024|20206
CRD_CB975544B60F47048A93|RR|JP|4058|3300|12123|12121
CRD_CBBC687119FD4B25A45C|SR|JP|1661|1646|4461|4430
CRD_CBC210FA642F420A9902|SR|JP|1053|1053|3808|3808
CRD_CBCB333E225D4F5DA095|SR|JP|2243|2238|6023|6022
CRD_CBD74C6D3997478C92A5|SAR|JP|58500|58640|190870|190835
CRD_CBDDC3FDCA774193AB14|SR|EN|23533|25485|237190|237190
CRD_CBF98258CCE3480F901E|SR|JP|3412|3632|43515|43613
CRD_CC0F23B6FAC346E58A02|SR|EN|1902|1901|11409|11409
CRD_CC13B8F8C8BC49B092D7|RR|EN|220|150|1361|1361
CRD_CC162A31A5C74A9FA602|AR|JP|4970|4700|17236|17673
CRD_CC1A5C8DB888413B9C1C|SAR|EN|3520|3520|28828|28822
CRD_CC3897BA1A4C4B138E6A|SR|JP|2096|2103|5659|5658
CRD_CC3A107170E0419E98DC|SR|JP|959|959|12229|12227
CRD_CC3B5E1F932A4EE9B2E9|RR|JP|1336|1090|3990|3990
CRD_CC4FD534DFA941C6B7AF|RR|EN|220|180|1667|1667
CRD_CC7458EF5365429CB168|SR|EN|2820|2990|15737|15737
CRD_CC95EE0439504360B961|SM-P|EN|3486|3485|10706|10706
CRD_CC97B2FE443A4CA09615|SR|JP|243|237|652|637
CRD_CC99F95ECF194AAFBB28|RR|EN|245|190|1361|1361
CRD_CCC2D6D574104829BBDF|AR|JP|2530|2450|10242|10664
CRD_CCC9B1752D4045849237|RR|EN|724|550|4022|4022
CRD_CCDCA7F8737A49DAA053|SM-P|EN|9547|9524|29086|29020
CRD_CCEB4346B9854D20B752|AR|JP|980|940|3414|3535
CRD_CD013DC1D5D04AC8B637|SR|EN|14904|14900|111766|111766
CRD_CD08270B66B84F70A6EE|HR|JP|1490|1780|4643|4642
CRD_CD4119F42E874BCAAF3B|RR|JP|340|280|1016|1016
CRD_CD4628B3429A420A9319|RRR|EN|690|410|2661|2661
CRD_CD533CB08B8E4E75BD7E|RR|EN|528|522|2936|2936
CRD_CD657B6734F646DD9398|AR|EN|9390|8690|177776|177182
CRD_CD7EF632BD004AA79742|CSR|JP|3960|4000|11620|11620
CRD_CD86338BE2A54676A3B5|RR|JP|279|230|834|834
CRD_CDD3B1A97A91417B9277|HR|JP|6860|8150|21222|21222
CRD_CDD3EE7F57224CD58823|AR|EN|2630|2500|30846|27927
CRD_CDEC77ACD877490BB161|SR|JP|2944|2937|7905|7903
CRD_CDF7188601734FA48B24|PR|JP|2785|2785|32939|32933
CRD_CE12D0712CDA406DA3C5|SR|JP|1045|1043|2807|2806
CRD_CE167D5150A34D07B7AF|SR|JP|84230|83480|257508|257460
CRD_CE16E6C6333B4A89872C|AR|EN|2260|2110|20164|19994
CRD_CE2516E395224ACA9D34|CSR|JP|3920|3950|11486|11483
CRD_CE2F437D2073455CA89E|SR|EN|1290|1440|11119|11119
CRD_CE3692D573244C4CB4EA|SR|EN|11849|11765|13261|13152
CRD_CE5938A4B28D47A0AD85|RRR|EN|540|320|2080|2080
CRD_CE6FE97D871C4A218EFD|SR|JP|814|812|2185|2184
CRD_CE735FF66AA14F35A904|HR|JP|3880|4670|11999|12151
CRD_CE93CF20BC2D40369EA6|RR|EN|14294|10880|79489|80005
CRD_CEA9EABF38B14FBBAF02|RRR|EN|1480|890|6806|6806
CRD_CEAA3C84AF6D4EE4B6F1|SR|JP|33898|33817|91020|91003
CRD_CECA6BC4887D4E72992B|RR|EN|170|120|1178|1178
CRD_CEE20BD28DB542FEB5E3|SR|JP|7869|7867|100366|100348
CRD_CF163D02C6AA44A39149|RR|EN|150|110|1055|1055
CRD_CF1795DF299B46889CA1|RR|EN|465|459|2585|2585
CRD_CF1F30D89B8A4666A200|RR|EN|190|130|1123|1107
CRD_CF300350E3954689842D|AR|JP|960|920|3353|3444
CRD_CF31B0FF74A849A2B69F|AR|JP|780|710|2716|2655
CRD_CF565FADAC9C45388046|RR|EN|1200|860|11011|11011
CRD_CF5D258E4C4326F86707666D9357D5A2|PR|PROMO_DIRECT|1894000|1894000||
CRD_CF6F85E730554DB796E4|PR|EN|7400|7360|28660|28660
CRD_CF7C7828EFFC49579A10|HR|EN|2986|2985|8412|8412
CRD_CF7DFD225E054B048301|SM-P|EN|1758|1757|5399|5399
CRD_CF7FB771410741039C30|SR|JP|13002|12971|34905|34905
CRD_CF9F8888EB1242B69BE6|RR|JP|310|220|926|819
CRD_CFB01788E84D4E84B002|RRR|EN|540|320|2401|2401
CRD_CFB1F9B2BF5A4F108B32|SR|EN|2381|2204|4038|4038
CRD_CFB2CC925A0E4568A262|RRR|EN|1330|780|5812|5812
CRD_CFB59A3E266F4A7B8E84|RR|EN|220|160|1789|1789
CRD_CFC16E65EBC1462AB99A|RR|EN|12473|9510|69581|69917
CRD_CFE73FBE9D9E4EB0A6BA|SR|JP|966|958|2579|2579
CRD_CFECD5DF978944579DA4|SAR|EN|2170|2490|17615|18097
CRD_CFF5112271AB4A80BF9B|SM-P|EN|1195|1195|3670|3670
CRD_D00A4D4EA8DD49B1B244|SR|JP|8370|8300|25591|25591
CRD_D03B772C5E7A47F49391|RR|EN|184|140|1047|1047
CRD_D041ACC237314A96985C|RR|EN|150|110|1071|1071
CRD_D0431A834EF34574BAAD|RR|EN|6990|4880|49705|49705
CRD_D0443324171B2CC0D77258357000A417|PR|PROMO_DIRECT|2729749|2729029||
CRD_D0519CFFD9564C798E9F|RR|EN|1180|890|6561|6561
CRD_D05CD67F8E8E4364A643|AR|JP|1120|1020|3899|3853
CRD_D07DE78E55D4229AB02C|RR|EN|12200|8510|101580|101561
CRD_D07E561E30914540AD43|RR|JP|208|170|622|622
CRD_D0C1C5D1A0D94833B4EC|SR|JP|1188|1188|15157|15155
CRD_D0DC8DD763A74B918833|SR|JP|938|919|2519|2473
CRD_D0EC868873694B81B52F|SAR|JP|3090|3100|10075|10073
CRD_D0F99DC13CF34DFD957C|RR|JP|406|330|1214|1214
CRD_D1177926ABA14B70B4E9|RR|EN|280|190|1896|1896
CRD_D1410E1858CE4B84814D|RR|JP|580|410|1894|1894
CRD_D143E5991165404EBBDB|SAR|JP|24824|25038|68079|67854
CRD_D1558B6044BA433EB434|RRR|EN|980|560|6806|6806
CRD_D1651B27D22047C4A81B|RR|JP|1750|1230|13258|13258
CRD_D18C8870DB964490B498|SR|JP|1955|1942|7024|7024
CRD_D19E69BE367A43128A5D|RR|JP|350|280|1047|1047
CRD_D1A8C3F081B74BAE8414|SR|JP|593|592|1593|1593
CRD_D1C565DB2FFB4163BFFC|AR|JP|1720|1620|6039|6098
CRD_D1D4CE75EC474976A7DF|AR|EN|900|850|8320|8320
CRD_D229BF26FFF94E27A4FE|AR|EN|1970|1880|34093|38986
CRD_D2329A80F560434D96B2|AR|EN|690|660|11409|11409
CRD_D2495E3800AA46048DEE|RR|EN|170|120|1361|1361
CRD_D2518F5B122F4451AB0C|SR|JP|3058|3057|45494|45494
CRD_D25814429FF94A7E84C3|SR|JP|2006|2012|5386|5416
CRD_D264A2B826384DCCB7D7|PR|EN|503|503|1545|1545
CRD_D2A40714424C4D3E9F8C|SR|EN|4939|4938|37041|37041
CRD_D2A4A914128D48B19C2B|SR|JP|1141|1139|3065|3064
CRD_D2B8F12F00094BD88632|CSR|JP|57050|26500|92461|92444
CRD_D2BCEBD902BB4EB7B230|SR|JP|819|1080|2246|2245
CRD_D2DB42A5C2EF4407A186|RR|EN|380|290|2111|2111
CRD_D2F3D6C50BA14B39ADBA|SR|EN|10290|11100|77395|77381
CRD_D2FF712DE7F2490F83AB|AR|EN|5850|5480|115630|115366
CRD_D314F766A59B4473933E|RR|EN|530|370|5093|5093
CRD_D32273D46FE741C19111|SR|JP|1887|1883|5067|5067
CRD_D333E4DB73424513B205|RR|EN|2627|1990|14605|14605
CRD_D340A905D2D643CC9360|RR|JP|20736|17150|61949|63045
CRD_D3439179FAEB461CA903|SR|JP|2098|2097|7586|7585
CRD_D354887EB90344EE923F|SAR|JP|44810|44920|146202|146175
CRD_D36A8D255E484367A01A|RR|EN|729|720|4053|4053
CRD_D36DD4F7F2DC45FBAE2B|SR|JP|655|654|1760|1760
CRD_D3997BEB72104CE08418|SR|JP|7436|7418|19967|19963
CRD_D3A35E24EA494A63BB44|SR|JP|2098|2097|7586|7585
CRD_D3A4176E71AC47AFA6EF|SR|JP|713|705|2579|2549
CRD_D3A5DFC3A6B34F32B872|RR|JP|254|210|759|758
CRD_D3B2F8E6629F414DAAA8|SM-P|EN|62649|63603|190870|193793
CRD_D3BC0E4C755C49AD83CC|SAR|EN|8740|9510|47809|49302
CRD_D3C57F0250DF425CBA58|RRR|JP|564|510|1472|1471
CRD_D3D3847CAB9D4F80B987|HR|JP|2866|2866|6629|6629
CRD_D3E4B12ED8094D568982|SR|EN|8114|8112|48294|48285
CRD_D3E88C25E8B642E3BF45|SR|JP|882|879|2366|2366
CRD_D417586C8E26486E94D6|SSR|JP|3445|2950|8996|8996
CRD_D418EAC3260E430DB338|SR|JP|864|863|11015|11013
CRD_D43499400639421BA34A|PR|JP|4584|4582|53604|53595
CRD_D434D4DB501B4AF68A68|RR|EN|1040|760|20923|20919
CRD_D458688E4CDC4D52858A|RR|JP|630|510|1881|1881
CRD_D462517CFC6F4930A7AC|RR|EN|250|180|1912|1896
CRD_D4672A5ECC0F45DABED3|SAR|JP|18580|18570|60633|60421
CRD_D472EEFEF45D4225A0EF|SSR|JP|8136|7310|21242|21238
CRD_D48A0477EDAA45118306|HR|EN|9370|11190|75787|74089
CRD_D4963DE8F541495794EE|AR|EN|13051|13251|147628|145750
CRD_D4B65CC7BF784983ADB8|SR|JP|2548|2520|6843|6781
CRD_D4CFC33A07144C65A793|AR|EN|890|830|9176|9176
CRD_D4D97671FD8C454A8A1C|HR|EN|5981|5979|67277|67277
CRD_D4E8EA5B4ABC4CE4803E|PR|EN|41797|41786|128360|128360
CRD_D4E922F147AB4D8DAF9B|SR|JP|3824|3823|68276|68264
CRD_D4EFCEF0EEB948B7B754|RR|JP|1452|1180|4339|4339
CRD_D4F9A637FFAE4231A8CB|RR|EN|195|140|1086|1086
CRD_D51E4A66843B4E17B6F8|AR|EN|2700|2460|23517|23255
CRD_D543AC0888A542E78D35|RR|JP|787|640|2351|2351
CRD_D5532CF1B3D74D75938E|SR|JP|4521|4510|12139|12136
CRD_D55D68F136FE4493B753|HR|JP|2680|3180|8283|8283
CRD_D55D93F3B3354DD8B604|RRR|EN|5620|3320|31832|32327
CRD_D56048415DA2405E9DBC|PR|EN|1081|1080|3319|3319
CRD_D57859CD4BA84DEEBC5A|SAR|JP|8880|9689|26264|26259
CRD_D57DF737284449919BC3|RR|EN|7260|5020|42635|42627
CRD_D5801F6F54714BE18F81|SR|EN|35836|35827|213295|213256
CRD_D59A0E499FD44F4199B5|AR|JP|1250|1160|4355|4369
CRD_D5A3208DB5D642528B68|SR|JP|10112|10109|128966|128942
CRD_D5BD1DC91C304D4CBBCD|RR|EN|140|110|1040|1040
CRD_D5CA1113067244059C35|RR|JP|244|200|743|743
CRD_D5E768346B67472EBC09|SAR|JP|8820|9544|25869|25864
CRD_D6012E58494D4846B6FB|RR|EN|460|330|4313|4313
CRD_D602385974EB459BA404|SSR|EN|1530|890|11883|11883
CRD_D602C3182737420E823B|SR|JP|1869|1868|33364|33358
CRD_D629521D90F54884A73E|SAR|EN|7970|10730|52755|52472
CRD_D62E450DC27F4ACBBA35|RR|EN|1241|940|6897|6897
CRD_D63C03AADD7045929DC0|HR|JP|2456|2456|5682|5682
CRD_D676436BD48549B1BEBE|HR|EN|10480|11811|33455|33009
CRD_D69C2C88C4594015B09D|UR|JP|4732|4535|9999|9997
CRD_D6A4F6C77AFF466C95D9|SR|EN|6230|6800|42407|42627
CRD_D6BD7408ABA74C26951D|RR|EN|217|160|1208|1208
CRD_D6CB6207F6D64F1A980C|SAR|JP|6850|6870|22345|22345
CRD_D6CE520A6BA64DCF916E|SR|JP|27520|25390|134261|134237
CRD_D6EF48BBB6494035A432|RR|EN|4437|4437|25849|25849
CRD_D7065DC67F244D799293|RR|EN|170|120|1178|1178
CRD_D70F5446D2974DDC8EB0|RR|EN|210|150|1331|1331
CRD_D73A0A8616924CE0A63E|HR|JP|1720|2040|5309|5309
CRD_D7410D338CA64CF1BEC4|AR|EN|1140|1060|10432|10432
CRD_D74B2BB02D9740569EEB|RR|EN|120|100|1453|1453
CRD_D7574728F6AB49FEBD4E|HR|JP|14700|17470|45472|45464
CRD_D77DDA36A4604E1A840A|SR|EN|240|220|3074|3074
CRD_D7976C3F939248F7A2C3|SR|JP|622|643|1699|1729
CRD_D7B60917E9F749A78D85|RR|EN|16700|11840|176924|158751
CRD_D7B9B3BCB4264919B5BC|SR|JP|4357|4431|11699|11923
CRD_D7D333F402E247A68ADE|SSR|JP|9636|8910|25869|25864
CRD_D7F007D1EFC04DE9A1AF|PR|EN|7555|7553|23201|23201
CRD_D7F264F5E2C34408ADC5|SM-P|EN|520|520|4818|4818
CRD_D805B78A8EC145518EBF|SAR|EN|30800|30800|287413|285903
CRD_D80851B52D9A43F59EF6|RR|EN|480|330|3196|3196
CRD_D80CF1FA048C431C9F66|HR|EN|14849|14845|167038|167038
CRD_D827A662E6E744C3B693|AR|EN|740|650|10446|10446
CRD_D82F080A60144D05A9D5|SR|JP|802|806|2154|2169
CRD_D84EB7E9F130403F8AEA|HR|JP|3310|3930|10240|10240
CRD_D8668F914B2643658274|SR|JP|5730|5729|73086|73072
CRD_D86A3315CB974B96A9E6|RR|JP|198|160|592|592
CRD_D87B1708EDCE4A669223|SR|EN|15525|3712|92537|92778
CRD_D88B69F2CCFC4DF587DC|CSR|EN|11006|10958|33713|33389
CRD_D89AE69557754704BE5B|SR|JP|4447|4510|12138|12136
CRD_D89C085C68AB427DB734|RR|JP|2920|2370|8724|8723
CRD_D8C1902727604BB699E2|SR|JP|95130|94620|378554|378484
CRD_D8CA3FC24E11442D97E0|AR|JP|1470|1460|5127|5491
CRD_D8DEBF9FF3D14AEDADAA|SSR|JP|1238|1110|3231|3231
CRD_D90EA6EE600D4876BBB4|AR|EN|3400|3150|36960|37515
CRD_D917D157475747FCB7AC|SR|JP|2164|2153|5795|5795
CRD_D92373A46C9C4F6FA162|RR|EN|2160|1510|17985|17985
CRD_D934A1F32E1645DE8BCA|AR|EN|10470|9790|74603|75788
CRD_D94E04ECD5514CC887E1|SR|EN|11372|11369|67685|67672
CRD_D95254F3729941B9B6A6|RR|JP|1767|1440|5280|5279
CRD_D956254FB2F5419D85EE|SR|JP|3325|3324|42407|42399
CRD_D964095CC14B4504BFB1|HR|EN|18509|18504|208208|208208
CRD_D96E0DB78D214574BD54|CHR|JP|1060|1110|3095|3216
CRD_D977F918DEE8417F8794|RR|EN|1835|1390|10201|10201
CRD_D97F8DEBE01544ABAA7E|SAR|JP|15970|16100|52360|52396
CRD_D9AD2D4FCCF34C3D93DB|SR|EN|30040|30032|225276|225276
CRD_D9B3211985F34D18B014|RR|EN|190|130|1502|1578
CRD_D9C0CF682CE44A96BED2|SAR|JP|9310|10641|28049|28838
CRD_D9D84E45DE404ECCB835|UR|JP|8372|8023|17691|17688
CRD_D9F3370BA1BE476D89E2|AR|JP|1600|1530|5599|5764
CRD_D9FA88BC123C41F9B448|RR|EN|116|110|804|819
CRD_D9FD0C12886E494286DB|SR|JP|10606|10606|189400|189400
CRD_D9FDD63E25B848EAAE06|PR|JP|389|376|4552|4399
CRD_DA068974AC734E7AB608|AR|EN|2130|2000|17357|17597
CRD_DA27591B04B940C980EF|AR|JP|2060|1910|7177|7175
CRD_DA547219871F4A868241|SAR|EN|2140|2240|64938|64759
CRD_DA8736447EB24766A712|SR|JP|746|750|2003|2018
CRD_DA900EAAF6EA496AA465|AR|JP|4740|4810|17297|18082
CRD_DAA35F1AF62C4F308C37|RR|EN|110|70|1162|1162
CRD_DAA647C583CD4B3182C5|RR|JP|1270|1030|3792|3792
CRD_DAA6AB20B9FA4E75BA0C|SR|EN|3300|3550|20035|20035
CRD_DAAA4A279BCD415190D0|AR|EN|1900|1790|22167|21738
CRD_DAF9334F2EBE4F959019|RR|JP|7009|5700|20934|20934
CRD_DB00069D3B2C4916B373|SR|JP|833|833|10621|10619
CRD_DB0F99DBDC074D509C4E|SR|EN|7139|7137|8044|8044
CRD_DB1896C047CE499EA48B|SR|JP|32768|32689|87985|87969
CRD_DB1EE27B66F247D18E05|RR|JP|11737|9540|35057|35057
CRD_DB277DCB29D047D6A9C6|SR|EN|1333|1333|7969|7969
CRD_DB2FCD2BE6764FDC8AD2|SR|EN|3923|3922|4420|4420
CRD_DB4376253193405389B0|RR|JP|543|440|1623|1623
CRD_DB44D404633141DBBC80|AR|EN|1220|1180|10063|10063
CRD_DB63CA7CA3E74E61A7ED|RR|JP|696|570|2079|2078
CRD_DB67FF4AD9D943BF9366|PR|JP|1077|1077|12593|12591
CRD_DB71489497854EF98781|SR|EN|10684|10681|79489|79474
CRD_DB83835D9CEC4025A0CC|RRR|JP|860|770|2246|2245
CRD_DB83FAE5579D41C28206|RR|JP|178|140|531|531
CRD_DB8B895CEE0C4F1D99AB|SR|EN|11887|11884|89147|89147
CRD_DBA4E957DBAD4886B117|SR|EN|600|600|6423|6423
CRD_DBB7B7B124384146B708|SSR|JP|42670|42440|106132|106112
CRD_DBCCC554027A4F239EE1|SR|JP|1283|1274|3459|3428
CRD_DBCFA7ECE36342E69356|PR|JP|2205|2205|25788|25788
CRD_DBD0BA8810234F79AE76|RR|JP|218|160|637|592
CRD_DBD66A8B209F456490D9|HR|JP|21040|25000|65075|65063
CRD_DBE064C8AC1C4B42B193|UR|JP|9284|8897|19618|19614
CRD_DBE075DCBF884295B389|AR|EN|14080|13110|177973|178032
CRD_DBF5F6102B314663AA38|RRR|EN|2540|1510|8794|8794
CRD_DC0886D04B354B469FDB|RR|JP|4093|3330|12229|12227
CRD_DC0D44D9E66D45FA907B|RR|JP|594|480|1775|1775
CRD_DC3CA236843E44299775|RR|EN|270|180|1866|1866
CRD_DC46034507A149F9A1E5|SR|JP|151300|150490|601949|601949
CRD_DC67C08A742F4CD7BB2D|RRR|EN|720|420|2936|2936
CRD_DC74E397CD2F48098A04|SR|EN|13490|14550|111873|111873
CRD_DC7B1F9CDDF44E588CD0|SR|JP|1503|1488|4036|4005
CRD_DCA22E7A661545CBAC0E|CSR|JP|4410|4430|12849|12849
CRD_DCC37C7FE5CD4264A5A1|SR|JP|952|952|3444|3444
CRD_DCC8CEBEBF3C4B9D88E0|AR|JP|940|870|3278|3277
CRD_DCED932B45234182889C|RRR|JP|523|470|1366|1365
CRD_DCF9C516EF5F46D3A23A|SAR|EN|42590|43560|366507|370732
CRD_DD06C8FFD2E54F1D8E3A|SAR|EN|8080|8100|69885|69659
CRD_DD0CD37E614744718643|SR|JP|388|395|4946|5036
CRD_DD0DF5ACA37B41DF8B8C|AR|JP|870|800|3110|3019
CRD_DD17001A86F04AFDAF09|AR|EN|1510|1430|11256|11256
CRD_DD4F767B8C314FCDBAF1|HR|EN|19034|19029|214112|214112
CRD_DD544B72133A4A17A1BB|SR|JP|1854|1829|6706|6614
CRD_DD658800D89F4F87A58E|RR|EN|261|200|1453|1453
CRD_DD6F191F02AB496F8456|RR|EN|842|640|4680|4680
CRD_DD8827F892AE449986D4|RR|EN|220|160|1560|1560
CRD_DD9456F36A4A40BFBA2C|AR|EN|4930|5080|61828|69841
CRD_DD9A110694644BF0AA91|SR|EN|1782|1781|10690|10690
CRD_DDA35E539E7A4A1C897D|RR|EN|21518|21252|119627|119627
CRD_DDA4F682B05845128805|RR|JP|792|640|2367|2366
CRD_DDAA23F00D9A45A3A417|SR|EN|980|1060|6622|6622
CRD_DDAB514715144497A380|SAR|JP|4500|4954|13261|13425
CRD_DDC143852534B415787C|UR|JP|57810|77230|230440|238043
CRD_DDCF9A4843654499A109|AR|EN|6330|5810|59673|60451
CRD_DDED4EDE29E446F7B0C3|SR|EN|12682|12615|75650|75090
CRD_DE0D19741C6C49AEA3F8|AR|EN|990|920|17115|17111
CRD_DE1AC8F1848D4F84A6C9|SSR|JP|1005|900|2624|2624
CRD_DE35A5AF533342F99E35|SR|JP|2834|2833|36141|36134
CRD_DE454A6B91944E2B8AD3|SR|EN|5182|5181|38861|38861
CRD_DE6ADE7BA0D1404C9EBB|AR|EN|730|680|12051|12051
CRD_DE7B8B068B1746649360|RR|JP|396|320|1183|1183
CRD_DEBF98B578D94A9486D2|RR|EN|180|120|1193|1193
CRD_DECDD9969EB941668D1B|RR|JP|2006|1630|5992|5992
CRD_DF013D345EDD410F96BB|RR|EN|198|150|1101|1101
CRD_DF1BC7CED4E14C938183|SAR|EN|3594|3516|15615|15615
CRD_DF32332FA0B44D189C38|AR|EN|4460|4050|29768|29520
CRD_DF3A72B78E8141B1A0D2BED89B3B20EE|MUR|JP|248700|248650|742055|741859
CRD_DF4775DD63D8489DB391|AR|JP|2160|2020|7526|7585
CRD_DF5DDD6AC39442A9B8EC|PR|EN|13361|13144|40055|40048
CRD_DF5E783CC8444CCFA94A|AR|EN|500|440|4309|4475
CRD_DF65A340F5804E30A359|SR|EN|2434|2434|14490|14487
CRD_DF6D7BB6800645AC8C68|SR|JP|5295|5276|14201|14199
CRD_DF733DFFA0674744AF83|RR|EN|182|140|1020|1020
CRD_DF8A429C70554B56B314|SR|JP|684|682|1836|1836
CRD_DF94CDB2489A49698586|CHR|JP|1120|1130|3292|3277
CRD_DFA86BCCB5434D858268|RR|JP|3733|3030|11152|11150
CRD_DFBD272AF9C64329B300|SR|JP|12013|11984|32251|32251
CRD_DFC0FCC5B8EB4F1FB812|RR|EN|424|310|2355|2355
CRD_DFCF50A9D81E409E9EB8|SR|EN|21958|21952|164667|164667
CRD_DFD10196385043FBAE04|RR|JP|4164|3380|12441|12424
CRD_DFD109D6FD144DB3B19C|RRR|EN|710|410|3013|3013
CRD_DFD865A2FA88435EBF11|RR|JP|2224|1810|6646|6644
CRD_DFDF0BC26A204FDE9CDC|SR|EN|15897|16066|94616|95630
CRD_DFE572539BEC48CCB019|SR|EN|3282|3039|5567|5567
CRD_DFF8CB13F6C7491C8154|SR|JP|1955|1945|5250|5234
CRD_E0218102B7A74B0FBB22|SR|EN|15303|15299|91081|91064
CRD_E02E2D38E06C4D3AACF4|SR|JP|8223|8220|104872|104853
CRD_E0504F647D66433CB038|RR|EN|180|120|1376|1376
CRD_E0677DDD24AB4D0B961D|RR|EN|1535|1150|8534|8534
CRD_E070D0BFD0812AE7FEE1|PR|PROMO_DIRECT|1100093|1099803||
CRD_E07E47F969DF425B88E9|AR|JP|1710|1630|5963|6129
CRD_E09FFF926F714D9E8A49|RRR|EN|970|570|5093|5093
CRD_E0B7B2CAE21042C6B89C|SR|JP|2981|2980|38022|38015
CRD_E0CDED654814435D8051|AR|EN|1170|1040|13260|13260
CRD_E0F313BE00484CB282A2|RR|EN|201|140|1116|1116
CRD_E0F3C75EE01E479C9004|AR|EN|980|950|7876|7876
CRD_E0FCA833B512419795E3|AR|EN|4430|4140|51465|52533
CRD_E0FD9A9CCE8C43758447|RR|EN|204|150|1108|1123
CRD_E10B1FAB841247CA967B|SAR|EN|1310|1350|24337|24302
CRD_E13F6EAA1F7541A9841D|RR|JP|28588|23230|85390|85390
CRD_E14A48ED116544BFB915|HR|JP|12260|14570|37916|37909
CRD_E17AC037337F480F9F4D|SR|JP|8249|8247|105206|105187
CRD_E1816DF5DFB04C90965B|CHR|JP|1490|1510|4355|4384
CRD_E1885E2AE59048FFA835|SR|EN|2710|2710|20325|20325
CRD_E1953E99F0A344F5ACBE|AR|EN|1330|1220|11302|11302
CRD_E199C322E0DF4D0A881B|SR|JP|684|665|1836|1790
CRD_E1A0B45DD087457B9796|SAR|JP|34900|35610|115918|115897
CRD_E1A820C6EE18441B99E2|RRR|EN|640|380|2462|2462
CRD_E1B6948E73434311B499|RR|JP|42315|34390|126417|126394
CRD_E1D6B66C8AB24CFC89FA|RR|JP|142|120|425|455
CRD_E1D8518B742042F6B3BB|SR|EN|1598|1598|9589|9589
CRD_E1E6E75117094118B157|RR|EN|680|470|4894|4894
CRD_E22C2110EB8743EFA3E1|SR|JP|396|412|1107|1107
CRD_E2301D1F50D64882BF93|SAR|EN|3150|3240|43833|43810
CRD_E2324AA3478B4F09A915|RR|EN|200|140|1178|1178
CRD_E26D2432BB194094A890|SR|JP|24982|24975|318622|318564
CRD_E27171EB9F484C6AA129|RR|JP|1778|1440|5310|5309
CRD_E2BB1FFF8563469E809D|HR|JP|2820|3700|8724|9618
CRD_E2C122D990CA490FAF7E|SR|JP|470|470|1699|1699
CRD_E2D10B6BD1CB4538A46D|RR|EN|982|970|5460|5460
CRD_E30CB17C7E4749BD9111|SAR|EN|2130|2200|27751|27336
CRD_E32A25B9BB914CFB8D62|SAR|JP|10020|10090|32848|32842
CRD_E332BE039B64482B83AD|RR|JP|34738|28230|103788|103761
CRD_E35983B2ADA24AC889C1|SR|EN|5144|5143|5796|5796
CRD_E3686CE5DF604BB1A1AB|RRR|EN|6400|3740|46428|47572
CRD_E385CD17340F406F8B5F|AR|EN|750|710|6286|6286
CRD_E3928DC52944458BBFCE|SAR|JP|150320|158190|318380|318321
CRD_E393141F815D413DA629|CHR|JP|1070|1140|3217|3322
CRD_E3AC52EB71E245EEA841|RR|JP|2788|2270|8328|8328
CRD_E3C661DEECDE4AF6AB74|SR|JP|2498|2492|6706|6705
CRD_E410D811910849CDAFFA|RR|JP|198|170|592|607
CRD_E4269732BF5E4DAE84E6|RR|JP|53326|43330|159324|159282
CRD_E42CBCBC0D104814A10B|SR|JP|3187|3179|8557|8556
CRD_E435A503560845A4897E|RRR|JP|796|720|2079|2078
CRD_E477534743004D15A397|AR|EN|960|940|8320|8320
CRD_E489FF5E6B654755AC1B|AR|JP|6210|5750|21560|21617
CRD_E493F0082A45481EA7EE|RR|EN|770|550|7494|7494
CRD_E4BD8403FAAC4DE5A8FE|HR|JP|2460|2920|7601|7600
CRD_E4C1A15E591E42F1AB64|SR|JP|1057|1054|2837|2837
CRD_E4D0E0A32E434B4396AD|HR|EN|2139|2139|6026|6026
CRD_E4EBDAAC420B49DFB73D|PR|JP|1943|1961|22728|22937
CRD_E500DF40158C4A7EA42A|AR|EN|1940|1800|24443|25151
CRD_E50466E481104F58984B|SR|EN|981|981|5888|5888
CRD_E506A487DE8C45099602|RR|JP|523|420|1563|1562
CRD_E5348A86CBCB4A0586C9|RR|EN|2960|2060|41522|41522
CRD_E54D728D4E4B4DE8A640|RR|EN|180|120|1101|1101
CRD_E55586307A664832B969|SR|JP|910|908|2443|2442
CRD_E556E0ACF3B040059DC9|RRR|JP|546|490|1426|1426
CRD_E5592716F10843B68C39|PR|EN|9333|9330|28660|28660
CRD_E575B2AE33B442F687B3|SR|JP|2001|1997|7236|7221
CRD_E57DB3482F514CE09A11|CSR|JP|6430|6500|18875|18871
CRD_E5C703C11C0E4FC2AA91|AR|JP|18920|17440|65610|65610
CRD_E5D6561E00FA4E9D92EC|AR|EN|1770|1640|32970|33085
CRD_E5D836B0FC0D43E289F9|AR|EN|1480|1340|17342|17885
CRD_E5E93E5E67D8453083FA|SAR|JP|21410|21460|69854|69841
CRD_E5EA343F391542008AAD|SR|JP|3569|3568|53094|53094
CRD_E604CAA8F82C48FB8EDF|RR|JP|203|170|607|607
CRD_E623C3E3D8334A58BE38|AR|EN|1680|1570|16083|16277
CRD_E624293C3C374000B9C3|PR|EN|22076|22563|67578|68749
CRD_E62F06A94BBF4102A34B|SR|JP|3334|3360|8952|9041
CRD_E63A3661A70B481E984A|SR|JP|12746|12743|227588|227546
CRD_E68B9BE86070484B96AE|SR|JP|28638|28569|76880|76880
CRD_E6931B5F136B4A32907D|RR|EN|150|100|1009|1009
CRD_E6B55319FE274485AB2C|UR|EN|6398|4914|17585|16353
CRD_E6B830D04BBE49598E61|RRR|EN|530|320|2891|2891
CRD_E6D7C7AE46B14C2281ED|SR|JP|2373|2373|30269|30264
CRD_E6F10EB3F8174323B3EE|MA|JP|2811|1990|11197|11256
CRD_E708EA2A576B45D59B4D|HR|JP|2450|2910|7570|7570
CRD_E71149545CE345E28C39|RR|EN|120|90|1101|1101
CRD_E72D415657964CCC8728|SR|EN|790|850|14717|14108
CRD_E736F5863DF84C0B836A|SSR|JP|372|320|971|925
CRD_E7395C5E013648CCB64B|AR|EN|930|860|8901|8901
CRD_E752F21DDE8C47718A45|SR|JP|806|805|2913|2913
CRD_E75C01B1AA4F453B9553|RR|JP|2700|1900|9470|9470
CRD_E7613911A4194A1BB1CF|SR|JP|610|609|1639|1638
CRD_E770C792A1574872A1A8|CHR|JP|1260|1340|3763|3899
CRD_E7759AA33E7B4CA9AE03|RRR|EN|5530|3220|18920|18977
CRD_E775D88E4E3048DFB1F1|SR|JP|2410|2240|11835|11832
CRD_E778C735BD9241BE810D|AR|EN|2760|2710|39191|39290
CRD_E77C9D8E174B4348BB30|SR|EN|16881|15822|28509|28747
CRD_E78C55792AED472BA10A|RRR|JP|941|850|2458|2457
CRD_E79D379B22204F5A8CB8|AR|EN|1400|1300|26870|26319
CRD_E7A9269390E346AA93B3|RR|JP|1971|1600|5887|5886
CRD_E7D432CCBEF747E0BD9A|RR|JP|2397|1950|7161|7160
CRD_E7DB54455C61431B8B1B|RR|JP|183|150|546|546
CRD_E7E9F14138BB48D8A18A|AR|JP|1920|1810|6721|6826
CRD_E7F30E639D2045DEA1A4|HR|JP|2866|2866|6629|6629
CRD_E7FBED3E79AE4C2C829E|SR|JP|3910|3901|10499|10497
CRD_E81BE663681D40F082FC|PR|EN|28496|29190|86332|88940
CRD_E81D96E28ECE484B9F6F|RR|EN|1500|1040|20923|20919
CRD_E853F7CFC656494D9757|SR|JP|1552|1552|5613|5613
CRD_E87E061502334A9C87ED|PR|JP|1538|1538|17993|17993
CRD_E8813064F21A409D8BEF|AR|JP|3320|3080|11622|11574
CRD_E884C26E081A41749A2E|RR|EN|150|110|1101|1101
CRD_E89AEB260280462CBB85|SM-P|EN|2361|2360|7192|7190
CRD_E8ACEC3851F54A53AEF7|SR|EN|2567|2566|15401|15401
CRD_E8C26AA9E84C4C10AF9B|AR|EN|1810|1710|15737|15737
CRD_E8C45BEBEA1E4589A70E|AR|JP|2870|2740|10030|10300
CRD_E8D78BF9E79942FD96A4|HR|JP|1860|2140|5568|5567
CRD_E8F5B14A895540C6860E|PR|EN|2540|2520|8090|8090
CRD_E92B2532AE914FB09891|AR|JP|620|600|2184|2275
CRD_E930F6192B8A47DA8248|SR|EN|1076|1075|6454|6454
CRD_E942132314EF46888CF0|RR|JP|2362|1920|7055|7054
CRD_E95B8B1938F2446E81DD|UR|JP|101610|133050|398415|410083
CRD_E9757BBCE7C34C4E8BF8|RR|JP|193|160|577|576
CRD_E977782F22B64633B5B6|RR|EN|1900|1340|17873|17870
CRD_E9A371AEF72043A7881F|SR|EN|9279|9277|69035|69022
CRD_E9A8685418094D9BB850|SR|JP|2253|2252|8146|8146
CRD_E9AE47FA96644DACB7EA|RR|EN|120|80|902|902
CRD_E9B8CA77A7664CE8B9CF|SR|EN|1690|1415|7234|7234
CRD_E9C4D238A08646EA997E|PR|JP|4137|4136|48376|48376
CRD_E9C70192F06741F59CA4|SAR|JP|7080|6910|23231|22497
CRD_E9D3C1D6A844432A836F|SAR|JP|4190|4220|13731|13729
CRD_E9ED1194D08E47B8B587|UR|JP|9643|9241|20377|20373
CRD_E9ED6DA4BDD449AB99F2|SR|JP|6685|6669|17950|17946
CRD_E9EFB5201D7543CF9A76|PR|JP|1767|1767|20665|20661
CRD_EA083C360F684B138684|SR|JP|3861|3861|49244|49244
CRD_EA1B94320A2645EFB446|HR|JP|2700|3210|8345|8343
CRD_EA3CF1FA1069431480A0|SR|JP|1158|1156|3110|3110
CRD_EA4685C2802E4DCCB4EF|SR|JP|671|671|8557|8556
CRD_EA5F6C24062E430A8964|AR|JP|670|590|2306|2215
CRD_EA6C638A5EAE4EE0996B|SAR|JP|8249|8436|22624|22861
CRD_EA7A6952A04B47458EA9|RRR|EN|610|360|3533|3533
CRD_EA7AEBBE89AB4A4A8E52|HR|JP|50000|44690|477919|477830
CRD_EA7C2CE2735D4A7FB228|RR|EN|2700|1860|17985|17985
CRD_EA905CA3CB62491A8008|SAR|JP|4520|4540|14763|14760
CRD_EA938DF4CE38460F89C6|SR|JP|983|1009|2640|2715
CRD_EACBE2D928F948BD8911|AR|EN|1080|960|11379|11379
CRD_EAE92820A9B54F4A9A09|RR|EN|7980|5690|76925|77502
CRD_EAEBF54128244B18A0E6|RR|EN|160|120|1652|1652
CRD_EAEF2BC7191547CEAF83|AR|EN|3520|3230|45108|45160
CRD_EB0B165D0A7148E4ABE6|RR|JP|1671|1360|4992|4991
CRD_EB1A8BB5303F41F8BA2A|RR|EN|330|230|1966|1966
CRD_EB3221AC11114113A24A|SSR|EN|1020|590|4542|4542
CRD_EB501A4CDBF645CBA027|HR|JP|7810|9330|24278|24272
CRD_EB69DF756D1A4E6F94D1|RR|JP|604|500|1821|1820
CRD_EB7841DA056B401A80EC|AR|EN|5100|5160|63360|63349
CRD_EB793D839B1B4D889867|RR|JP|4271|3470|12760|12758
CRD_EB7BA018582548A78372|SR|EN|22005|22070|131394|131370
CRD_EB9C07F79DA046F0824B|SR|EN|4234|4233|31750|31750
CRD_EBB3E239BB7D4066A689|AR|EN|2540|2560|41345|41504
CRD_EBB9B2B17E4B4CE2B894|SR|JP|1882|1905|24306|24302
CRD_EBCFDCA7F49A46F69C45|AR|EN|5610|5290|49204|49119
CRD_EBD05116E1CE442AAF4E|SAR|JP|13730|13840|45032|45024
CRD_EBD265D880914608AC93|RR|EN|720|500|5093|5093
CRD_EBD42C41C2234325941E|SAR|JP|11270|11350|36763|36938
CRD_EBE8945758B043ACB73E|SR|JP|565|564|1517|1517
CRD_EC2A05A657CA48619633|RR|JP|2504|2050|7541|7539
CRD_EC2FC453D40440CBB25E|RR|EN|261|200|1453|1453
CRD_EC410684A6FD4E888271|SR|JP|37617|38462|103522|103503
CRD_EC412671D4E6458C9C17|RR|EN|210|150|1376|1376
CRD_EC4DDEF3D32C4E658D4C|SR|JP|52212|52086|140194|140168
CRD_EC62C637F8664F9692A4|AR|EN|830|800|17787|17787
CRD_EC86C750F0BF4F198ECA|RR|EN|180|130|1132|1132
CRD_EC8BBD7D28E54F38BB67|RR|JP|30472|24760|91018|91018
CRD_ECCB9F6BE6FB45019BF9|AR|EN|1170|1110|12189|12189
CRD_ECCF09117F0E4F4BBCF1|SAR|JP|21280|22928|62196|62135
CRD_ECE7FABDE832461FA694|RR|JP|113914|92570|340256|340256
CRD_ECF4D706A0EC47988C66|SR|EN|3821|3881|22744|23103
CRD_ECFFCF9519AB47AC8F10|CHR|JP|5260|5390|15537|15655
CRD_ED0874E360244839B36D|HR|EN|8973|8971|100938|100938
CRD_ED421019893142159D1C|RR|EN|3576|2700|19882|19882
CRD_ED8BDC8A7A604D6886A4|AR|EN|1940|1810|32606|34420
CRD_ED93EAA08A3044DEADE1|CSR|JP|6160|6230|18086|18082
CRD_EDD80B822E564D249409|PR|EN|6818|6816|20937|20937
CRD_EDEB10E56C1B4F3F8691|AR|EN|2680|2800|48855|48755
CRD_EE02CE3BA278460EBEA5|UR|JP|4796|4596|10075|10133
CRD_EE0DF97B0C5B4FDC88C7|RR|EN|382|290|2126|2126
CRD_EE1FFF9039E742F39F0C|RR|EN|3750|3671|20665|20494
CRD_EE2EA1C36FA84838903C|SAR|JP|2360|2586|7010|7008
CRD_EE3B2C43337E4C148163|SR|JP|712|705|1911|1896
CRD_EE3C7F73629F436FA9B6|SR|EN|1122|1121|6729|6729
CRD_EE75B6D586D64FF6980F|UR|EN|5540|5388|16690|17931
CRD_EE9DBDB6BFC24FC08B14|AR|JP|790|770|2746|2882
CRD_EEB4000CF829493595C7|AR|JP|2580|2420|9240|9117
CRD_EEC58A640DC4464EAF59|RR|EN|140|100|1086|1086
CRD_EECF74BA4EA14E1AAA42|RR|JP|894|730|2670|2670
CRD_EED352CAE96C4D95B2C9|SR|JP|5353|5352|68276|68264
CRD_EED41E4D3D804537A93A|RRR|EN|340|200|2065|2065
CRD_EEDFC6D249174138A328|SR|JP|1000|986|2655|2655
CRD_EEFAD8CB8F514886AAEF|SAR|JP|4460|4470|14566|14563
CRD_EF1580E2B034449EBA2F|AR|EN|17870|17110|170099|170705
CRD_EF2B6A9927BF426B8D82|AR|EN|2110|1960|18582|18582
CRD_EF3512D636064758A7B4|RR|JP|955|780|2853|2852
CRD_EF5C5CC933FE4D72BAF1|AR|EN|1050|1020|9069|9069
CRD_EF66D2E6D89F4EC5BE58|SR|JP|667|699|1790|1881
CRD_EF8B22836E854405A0EE|RR|EN|130|100|1055|1055
CRD_EF91E183AFB348229113|SR|JP|2756|2810|10166|10164
CRD_EF941452F94747E4BB8D|RR|JP|5231|4250|15629|15625
CRD_EFA2913DDB894495B285|AR|EN|830|800|7020|7020
CRD_EFAFD20CB50748A8B046|AR|EN|1300|1260|16978|16565
CRD_EFB6E86E4BF24527AD76|RR|JP|909|740|2715|2715
CRD_EFC2C3BACC80463C9CF8|AR|EN|3370|3450|28024|28428
CRD_EFCB23BB10864CE3BB7F|SAR|JP|64220|66010|210641|214833
CRD_EFEE7C6C9BA44AF98AF2|RR|EN|1353|1337|7525|7525
CRD_EFFAAF3652A343819720|SR|JP|46433|46421|592213|592104
CRD_F02E1EB24B864CCCB328|RR|EN|820|570|4992|4930
CRD_F02EC95B2E1B448A8272|RR|EN|11090|7940|109803|112726
CRD_F03763FBF2254275956B|RR|EN|2450|1720|22910|22910
CRD_F0387563D342474298CC|SAR|EN|33199|33190|456480|456396
CRD_F04EAB8226244033828C|RR|JP|183|130|546|470
CRD_F059826D9F804C1B83A1|SSR|JP|1854|1670|4840|4839
CRD_F059AEB6384A40B69CA8|AR|EN|1090|1020|14201|14201
CRD_F095D8262EE24A9E89F5|RR|JP|2209|1800|6600|6599
CRD_F0E60A047F1142A5AF30|SAR|JP|18190|18510|59658|60224
CRD_F14BD93ACD694043B8B1|SAR|EN|21110|18510|158720|160693
CRD_F158AE0760914258A50D|HR|JP|3150|3740|9739|9739
CRD_F169403CBFD9431CAB8D|RRR|JP|581|520|1517|1517
CRD_F16DED4EF2094676A83D|SR|JP|7300|7298|26395|26395
CRD_F170955B3BE1433FA4C2|AR|JP|7170|6650|24868|25000
CRD_F1794D3676DD476EBCCE|AR|EN|460|430|4022|4022
CRD_F17E3DA3317A4B978E20|HR|JP|3110|3700|9633|9618
CRD_F193258A02084B2CA026|RR|EN|248|190|1376|1376
CRD_F1A3157631DF446BA533|RR|JP|213|170|637|637
CRD_F1A4D587B8EB4C4FB97A|SR|JP|1503|1499|4036|4035
CRD_F1C11C21E33A42B397C1|PR|JP|607|607|7101|7099
CRD_F1CB7ED5CD064F76B004|SR|EN|12365|12361|92726|92726
CRD_F1D5FDA4D4C44B6A84C6|UR|JP|20298|19638|43302|43294
CRD_F1E137530AAC4509ACBD|SM-P|EN|1295|1294|3976|3976
CRD_F1F1BB3E1E7544FD801E|PR|JP|1461|1460|17081|17081
CRD_F1FD80B31AEA4EBCB6A4|SAR|JP|10850|11090|35406|36104
CRD_F209CF50AD384B7A907F|AR|EN|680|650|11379|11379
CRD_F21447D57D74494F983B|SR|EN|1832|1832|2065|2065
CRD_F219617CBAE84E76BDFA|SR|JP|989|986|2655|2655
CRD_F21F17A22F0747FB9F82|CSR|JP|3640|3690|10681|10725
CRD_F2298D4559AB4FFC8AFF|PR|EN|473|473|1453|1453
CRD_F231F0C3861143839BF7|SR|JP|7549|7576|20270|20388
CRD_F24BA2D7FF26428BA245|SR|JP|4773|4773|85230|85230
CRD_F24F4B7A40724DC2856C|RRR|JP|1064|960|2777|2776
CRD_F2649876E477438F80E1|SAR|JP|14310|15561|42180|42172
CRD_F2744B20C8FD43B5BCDD|HR|JP|4880|5830|15174|15170
CRD_F2780FF8888D4EC99BCC|SR|JP|1978|1934|5311|5203
CRD_F27C7CA2257D49FAA563|SR|JP|752|744|2018|2002
CRD_F28F173457F54FE4BE06|AR|EN|1830|1770|21044|20585
CRD_F2A7696A982E40248FC6|HR|EN|4924|4923|13871|13871
CRD_F2AAF0DDA03144BEA3E0|RR|EN|150|110|1208|1208
CRD_F2B2E546E51145C0BB3F|RR|EN|801|610|4450|4450
CRD_F2B549C5105449D9BAD4|AR|EN|5110|4750|45700|45100
CRD_F2B5F8F16749426C855A|SAR|JP|6530|7176|19254|19448
CRD_F2E16951A6FE43BF990C|RR|EN|400|280|3885|3885
CRD_F2F526A3A5F244D59FCF|AR|JP|4980|5080|17389|19129
CRD_F30AEC33313345B18B06|SR|JP|2085|2085|7539|7539
CRD_F31E32105A2B4456AAF1|SR|JP|1644|1685|4490|4536
CRD_F35563D1D34443BD8590|RR|EN|500|350|3120|3120
CRD_F3810D112236407E9EE6|HR|JP|4740|5460|14654|14199
CRD_F388F752349144079A88|RR|JP|249|200|743|743
CRD_F3CC2FAC2F1644BCBC80|SR|JP|848|817|2200|2200
CRD_F3D10A6AC6D949C88832|CHR|JP|2900|3000|8694|8707
CRD_F3D13D31BE1A4E0991BE|AR|EN|1370|1380|13015|13015
CRD_F3E837515D0E435AA991|RR|EN|190|140|1545|1545
CRD_F40170A3F05A4F7ABE38|SR|JP|8017|8015|102247|102229
CRD_F414A783F97B45F0A953|RR|EN|530|370|3095|2655
CRD_F420852AE6A24B65BF0C|AR|EN|7500|7120|80733|82205
CRD_F42636A1EA3142B89771|SM-P|EN|2928|2927|8993|8993
CRD_F42A2FE92E69499F8449|HR|JP|1200|1430|3717|3717
CRD_F42B7FFB1122449DB183|RR|EN|1080|790|8014|8014
CRD_F42BA8F04DBE4AD9A8D0|RR|EN|820|580|7341|7341
CRD_F4376F40A1924C9FADCC|SR|EN|3210|2970|42559|42551
CRD_F44C2F2640AB4792CB65|PR|PROMO_DIRECT|3314500|3314500||
CRD_F44F3EDAA2CA41CB89C5|SR|EN|82716|82695|833705|833705
CRD_F478BDB80D9C462FA591|SR|JP|1411|1411|17993|17993
CRD_F491AB110ACC4046A312|HR|JP|1440|1710|4461|4460
CRD_F49E3C984D174548B44E|AR|JP|840|780|2989|2943
CRD_F4AB8722DDB74A15A654|AR|JP|3970|3760|13869|14153
CRD_F4C1735159F14F65A589|RR|EN|160|120|887|887
CRD_F4F401D1179242EE80AA|SR|JP|1902|1902|24261|24256
CRD_F502539900C44150AF7D|RR|JP|45708|37140|136552|136527
CRD_F502DD41B3C245CCBC78|SR|EN|5306|5305|39794|39794
CRD_F50C5E99DDEA4109903A|RR|EN|569|562|3166|3166
CRD_F51AD119C51A4A119201|SAR|JP|10460|10490|34214|34147
CRD_F51E0298D1094BB490A0|UR|EN|6500|5493|18799|18279
CRD_F52BF6D27A264EE6A684|CHR|JP|32240|32380|94024|94007
CRD_F5378ABA3B3E4D73A064|SM-P|JP|16560|16710|48537|48528
CRD_F54B2C86FFE74D62867A|SR|JP|197774|197297|531038|530940
CRD_F54EE62045A24CBAABB8|AR|EN|8210|7940|66440|63622
CRD_F55908E6632F40A5BE9A|RR|EN|160|100|1055|1055
CRD_F55FC4526B154E6FBB46|AR|JP|490|480|1699|1820
CRD_F577A4D8CDE44F2498B6|RR|EN|184|140|1025|1025
CRD_F58A3A5528E24CB1A4C3|AR|JP|900|790|3126|2988
CRD_F5935161EBF44C28BF5A|AR|EN|1080|1040|8947|8947
CRD_F5AF7D246A2542E48326|RR|EN|264|220|1468|1468
CRD_F5B64C8E7DA849918BEA|SR|JP|689|665|1851|1790
CRD_F5CC0C9882084007972C|MA|JP|3925|2720|15446|15412
CRD_F620A35C87F249DD80D6|AR|EN|1760|1680|26779|25728
CRD_F643E727312F4F1FBE79|RR|JP|2687|2180|8026|8025
CRD_F655D1FDB00E40F3BB93|SAR|JP|147430|149860|487781|487691
CRD_F66B10F9608D4C8CB922|SR|EN|2579|2578|2906|2906
CRD_F6725E8B0E5E4958840B|SR|JP|15548|15544|198305|198268
CRD_F6AA26615B634D2BA71A|AR|JP|830|810|2988|3034
CRD_F6B06CC3450049DC857B|RR|EN|292|220|1621|1621
CRD_F6B2257A2C16460CB4FE|SR|JP|2221|2170|5963|5840
CRD_F6D22923C4964376ADC7|PR|EN|10660|11110|70704|69932
CRD_F6D2FC3117BF409384AD|RR|EN|3554|3510|19759|19759
CRD_F6F255B07DE64989A77B|AR|EN|2430|2330|17251|17278
CRD_F708A3D8A5944CB7BF93|SR|JP|20393|20388|303394|303394
CRD_F70C1790FD9042749050|CHR|JP|1790|1830|5234|5309
CRD_F72303775E8749409E5B|AR|EN|930|850|7983|7983
CRD_F7266F095112499DA31C|PR|JP|420|420|4915|4915
CRD_F72B398C28494F5383EA|RR|EN|200|150|1392|1392
CRD_F7332249FC82459985F9|SR|JP|4590|4240|22410|22406
CRD_F7465DD0B4F74D7A9777|SR|JP|8454|8527|30573|30840
CRD_F74DCD4030904CDE95D4|SR|JP|2106|2106|7615|7615
CRD_F77DAEEA7C14482FBA51|SR|JP|921|921|11744|11744
CRD_F78C2A2D2F374617AD49|RR|EN|140|90|1025|1025
CRD_F79C2876A4E54BCA830E|SR|JP|610|609|1639|1638
CRD_F7B668AA293A48758034|PR|EN|28864|28568|87940|87044
CRD_F7BCF5E1535E4E9C8BBE|AR|EN|910|850|8748|8748
CRD_F7D0CB0E8461416296C4|AR|EN|2200|2020|30739|31674
CRD_F7EF825777564C459F21|SAR|JP|4290|4300|18208|18264
CRD_F7FE6279B4A147BC9CD1|RR|EN|56891|42340|313494|311252
CRD_F801E713A8D1496791AC|RRR|JP|965|870|2519|2518
CRD_F80B857CFE91CDEB4402E3E93F29B2CB|PR|PROMO_DIRECT|5462532|5461092||
CRD_F83111AEFA30449C80AA|SAR|JP|8310|9270|25035|25121
CRD_F8474225830A4240A94E|SR|JP|13340|13337|170144|170113
CRD_F84F74A865C24A938AB5|RR|JP|3149|2560|9407|9405
CRD_F856EE96E2B84864AC0A|AR|EN|1160|1070|10843|10843
CRD_F85FB69630DE4832A47E|RR|EN|259|200|1438|1438
CRD_F878464C76304FFF8660|SR|JP|1554|1556|4188|4187
CRD_F87EEB047E184C71A2CE|SR|JP|19510|19505|248829|248783
CRD_F8C26BA27AF444938EB9|RR|JP|2077|1690|6206|6204
CRD_F8D9E7AF24C1484482DA|RR|EN|16800|11970|176153|179078
CRD_F8E30FB79C2745469735|AR|JP|1620|1480|5645|5567
CRD_F8ED1A43F2F04EE69ABA|RR|JP|289|240|865|880
CRD_F90501BB1ECA45259FE2|RRR|EN|4180|2470|20528|20479
CRD_F90882500EE5480C9161|RR|EN|239|180|1331|1331
CRD_F92441CD205348ABA0D0|AR|EN|4710|4430|41603|41868
CRD_F93C79FD4F1A4ADB8589|AR|EN|5930|5490|51966|51956
CRD_F95322AF0A1243D99F83|SAR|JP|403200|404410|1040445|1054233
CRD_F9597DA87C15467681E5|RR|EN|396|300|2202|2202
CRD_F95BEA7A5720433E9FDF|SR|EN|33329|33320|335926|335926
CRD_F9792A29F11F4A35AF80|AR|EN|1340|1330|9192|9192
CRD_F982F893088B4538AE96|SR|JP|599|598|1608|1608
CRD_F99835774689458C8924|AR|EN|5890|5490|51435|49893
CRD_F99BBE338E8843F887F4|SAR|JP|29280|29870|188594|188559
CRD_F9A376E8D1EA497EABA5|SR|JP|11928|11925|152135|152107
CRD_F9A6F62671CB4AE1ADA9|RR|JP|1463|1190|4370|4369
CRD_F9B21FCBE1B640D5ACF7|RR|EN|212|160|1178|1178
CRD_F9B24EA402F141129620|RR|EN|5521|4180|30694|30694
CRD_FA128DB79B9440E7A6F9|SAR|JP|17100|18685|50403|50636
CRD_FA1B7AC6670440C287BF|HR|JP|11710|13990|36417|36407
CRD_FA27D6FC488F4ABEAE4F|HR|JP|3230|3840|9999|9997
CRD_FA2D897E8D2644E2BDF3|AR|JP|1870|1790|6510|6720
CRD_FA35119D522542FAB6EA|SR|JP|4933|4921|13243|13243
CRD_FA3F82848A274CCC8A5A|SR|JP|797|823|2139|2215
CRD_FA4844F80C824187B97C|RR|EN|1550|1100|9161|9161
CRD_FAA316C56DEC49B9BB70|HR|EN|23655|23567|65879|65867
CRD_FACBD44F4AA042459A6A|RR|EN|407|310|2263|2263
CRD_FAF52ACED2AE4C21A3E1|SM-P|EN|26773|26765|82219|82219
CRD_FB55D0FF075E4F0EBCBA|HR|JP|1920|2280|5932|5931
CRD_FB75B64C376D40B982B2|PR|EN|9110|9060|29762|29762
CRD_FB98F00A1EE44AB999E2|SAR|EN|46200|48260|452414|455394
CRD_FBADA9A3BE9246A8BDC3|SR|EN|2335|2334|14009|14009
CRD_FBBDC7D73A6A4AF1BDC3|SR|JP|1154|1170|4248|4232
CRD_FC031847FF4E4F8989CC|SR|EN|3110|3400|15233|15233
CRD_FC1B35E514E5442BBE5C|AR|EN|1140|1040|12678|12678
CRD_FC1BC821D02D4F06BD47|RR|EN|10060|7020|61722|61710
CRD_FC1C8B1689F940ADBE7B|SR|JP|1616|1607|4340|4323
CRD_FC4C68E9A71046EC9744|HR|JP|5880|6980|18173|18173
CRD_FC73F3539D0C406098D5|SR|EN|2698|2697|20234|20234
CRD_FC88002577FE4003A645|SR|JP|2650|2644|7116|7115
CRD_FC8D39B72732416CBC06|RR|EN|120|80|811|811
CRD_FC9AB834D89544B0B4F3|RR|JP|900|640|6629|6629
CRD_FCAF9FB4219D4D4DB1A0|RR|JP|173|140|516|531
CRD_FCBEA5D75C674EA88554|UR|JP|4997|4789|10560|10558
CRD_FCE1C605BB654E2BBC63|SR|EN|1122|1121|6729|6729
CRD_FD0EEE3A4AF547399878|PR|PROMO_DIRECT|267362|265925||
CRD_FD350229536F48219366|AR|EN|990|910|7066|7066
CRD_FD45A140AA334C83958D|SR|JP|2859|2852|7677|7676
CRD_FD5DD2EE993546CAA758|AR|EN|3830|3540|33258|33070
CRD_FD9334E6BCA74689AECC|SR|JP|1485|1485|5371|5370
CRD_FD9857DC05B1489C8909|RR|EN|160|110|1009|1009
CRD_FDBA381E42DC4D1BAE86|SAR|JP|8000|8693|23563|23559
CRD_FDC7930C5EE84F0A96EF|SM-P|EN|6364|6363|19545|19545
CRD_FDD4ACFC9A3E4E2A8251|SR|JP|1043|1043|13306|13304
CRD_FE046994C7284B68A4F7|AR|EN|1150|1030|12571|12571
CRD_FE0B395843164577B4EF|RR|EN|3362|2500|17979|18386
CRD_FE20328DB07A4AA9AE98|SAR|EN|15000|15000|146490|147920
CRD_FE2362DA8BC245B88CB2|SSR|JP|47560|27850|142050|142050
CRD_FE32D3EB75B042BE97D0|AR|EN|2530|2360|66622|67627
CRD_FE47117BF3F441FEA5A6|SR|EN|13218|13214|78669|78655
CRD_FE519E8935A64B4F9C41|RR|JP|767|620|2291|2291
CRD_FE5D7A94A7D447F39D4A|CSR|JP|50380|50860|147689|147662
CRD_FE67CA965F3142E49547|SSR|JP|790|710|2063|2048
CRD_FE7A2CCC9AFB4044AD37|SR|EN|52106|52310|58247|58479
CRD_FE896876501E400DB1B9|RR|JP|350|270|1001|1001
CRD_FE90D7E40EDE45F6B3D5|RR|EN|15970|11860|88076|88379
CRD_FEAFF0B8A8FD47979EFA|UR|JP|2786|2649|5916|5840
CRD_FEC343BD9F0F4A36ABE1|SR|JP|1198|1195|3217|3216
CRD_FED5150373E949A7B4AC|SR|JP|3215|3253|8755|8753
CRD_FEFAF7CBA0EE46E7AC20|RR|EN|190|120|1259|1411
CRD_FF09AC615D4A4B22B433|AR|JP|5030|4660|17541|17536
CRD_FF1552C5F5BD478284DD|CSR|JP|3650|3710|10788|10786
CRD_FF1CF3010C544E30908E|RR|EN|160|110|1040|1040
CRD_FF2705137ED74AB383C1|SR|JP|1175|1173|3156|3155
CRD_FF3213DF87294320874D|SSR|JP|7979|6340|20834|20834
CRD_FF3AB4F575D74BC39C88|CSR|JP|42220|19610|68428|68415
CRD_FF43D0C9318B45C5AAE4|RR|JP|325|260|971|971
CRD_FF559B81865C4993A3E0|RR|EN|360|260|2416|2416
CRD_FF58AC269F384D2DB169|AR|EN|2760|2670|40935|40958
CRD_FF670CCC91074D59B18C|AR|EN|3930|3650|29905|30036
CRD_FF698E3711E2487B8D9F|SR|JP|1070|1065|3869|3853
CRD_FF7B16FA257D49BD8EB5|RR|EN|690|520|3839|3839
CRD_FF89828CCBB14368BDA7|RR|EN|231|170|1285|1285
CRD_FFAB6C584CD745B9A717|RR|JP|4058|3300|12123|12121
CRD_FFD29F9A67B34EF2988F|SR|JP|6928|6911|18601|18598
CRD_FFD938BCA721439FA9A9|SR|JP|3861|3861|49244|49244
CRD_FFE751C555274A6BAA16|RR|EN|234|180|1300|1300
CRD_FFEB4B8D7D704A0DA7BA|RR|JP|173|140|516|516
CRD_FFF8E815F394423595FC|SR|EN|2595|2594|15569|15569
