CRD_00182F81CA884726A6BB,10313,RAW,VALID
CRD_003510A0066E4AF58922,4120,RAW,VALID
CRD_0045DA17CE1F46BFB915,3318,RAW,VALID
CRD_0052886022F54674939E,642,RAW,VALID
CRD_0060AA44D0824398AB42,685,RAW,VALID
CRD_007D898667D84D8F9B7E,8493,RAW,VALID
CRD_0099D36F822141DF8467,438,RAW,VALID
CRD_00A1C8B22B694905AABF,988,RAW,VALID
CRD_00B0A094D2434026AD56,1010,RAW,VALID
CRD_00C3F08C0B7C41B1A2DA,2209,RAW,VALID
CRD_00D37F11A42A4F6EAD16,15236,RAW,VALID
CRD_010576BAD6694C708F4E,1470,RAW,VALID
CRD_010A7FF3B3854654B6A1,1312,RAW,VALID
CRD_0121009428B847BEBE66,2704,RAW,VALID
CRD_013491CECA2E446F9AB8,231,RAW,VALID
CRD_0136A086A0EE4B56BD13,657,RAW,VALID
CRD_014588FE8AC842E3A70E,5051,RAW,VALID
CRD_0146657C0E674996969C,30462,RAW,VALID
CRD_0161FB6AE117410F872F,13199,RAW,VALID
CRD_017439C155E14354863F,4430,RAW,VALID
CRD_017C5386A8B64234B9C7,639,RAW,VALID
CRD_018725C657AC494C8687,1673,RAW,VALID
CRD_01AD02026ECC4FEDBF4F,2385,RAW,VALID
CRD_01E1A15D9BF64FB3A102,919,RAW,VALID
CRD_01EBD72E8D2B4C3486D6,8220,RAW,VALID
CRD_0212FE92DB3D42B3980A,1920,RAW,VALID
CRD_0236FAB9C7144005ABC7,746,RAW,VALID
CRD_023DB72F38FC4C87B95B,63500,RAW,VALID
CRD_0240A6FE69024ADCAB57,6594,RAW,VALID
CRD_0247DE71AB2140BEBBF8,1070,RAW,VALID
CRD_0250ADD17A674DED8424,550,RAW,VALID
CRD_02610BA308E64C70A526,1110,RAW,VALID
CRD_027EB7AC44174C879264,961,RAW,VALID
CRD_029907DF1DDC4963B94E,2830,RAW,VALID
CRD_02A3EEACB0F74D7F97B6,537,RAW,VALID
CRD_02BB3BE76CE644A993D6,2667,RAW,VALID
CRD_02C67022C498491C944C,48520,RAW,VALID
CRD_02C8FFC4897D4C2288DF,1790,RAW,VALID
CRD_02EF6DD76D804F69A99C,644,RAW,VALID
CRD_02F5CFB869144C589BF7,1387,RAW,VALID
CRD_02FBE86D930D4D10A90C,259,RAW,VALID
CRD_031003EE522945D8A175,1520,RAW,VALID
CRD_0320E0D5056F4FBDB33A,51480,RAW,VALID
CRD_0323B3DF18D24127932E,1630,RAW,VALID
CRD_032F065F3B1D42379FF6,1600,RAW,VALID
CRD_034271D298BA46158444,850,RAW,VALID
CRD_0349CF2E05594460B06B,5079,RAW,VALID
CRD_035B0C7E2A9E47CA878C,1455,RAW,VALID
CRD_03969BCA263B42ACB41A,3790,RAW,VALID
CRD_03D070826E284B2A9384,2110,RAW,VALID
CRD_0400517F2E89441EAC81,108450,RAW,VALID
CRD_0421FACBD6704E71B2CE,1232,RAW,VALID
CRD_0422D05B3FF54A3F9FB8,15030,RAW,VALID
CRD_042BA07087FB420BABAE,190,RAW,VALID
CRD_042E784E8ED640CF929D,5074,RAW,VALID
CRD_047131CE3AB3482C8F7F,2843,RAW,VALID
CRD_04AF7F36245442EBBCF9,270,RAW,VALID
CRD_04C479651A454FB3A8D3,280,RAW,VALID
CRD_04E476A38A5347C9B184,1080,RAW,VALID
CRD_04E7F61A130E41B8AE30,3441,RAW,VALID
CRD_04F21DB3B3794D47B1C9,674,RAW,VALID
CRD_0506892D3B1B40D3BBF2,3420,RAW,VALID
CRD_05103ACFA2DD4C54AC51,1970,RAW,VALID
CRD_0512DE9EF51D4BE39554,10950,RAW,VALID
CRD_05147F0295684127A3F6,1430,RAW,VALID
CRD_053F45EBABE44DD09C9B,40750,RAW,VALID
CRD_0542ACBB4B534F2A8089,1079,RAW,VALID
CRD_0548814E2096488481FF,1863,RAW,VALID
CRD_054B8B1A8D90438899B1,7725,RAW,VALID
CRD_05613B885FD5443C8BC8,2610,RAW,VALID
CRD_0596431CCC63469EA0C3,13340,RAW,VALID
CRD_059BC58882F1444791AD,22010,RAW,VALID
CRD_05A7C02B26DC4C7B8CDE,2910,RAW,VALID
CRD_05B09E19DF994717ADC4,4900,RAW,VALID
CRD_05BEE743A1F84904ADE4,1030,RAW,VALID
CRD_05D7F2E3587346D5BC44,2385,RAW,VALID
CRD_05EA83500DDE4FE39A00,2960,RAW,VALID
CRD_05EEC7741BAF4827B1B7,1400,RAW,VALID
CRD_0606801AD7A847EF992E,528,RAW,VALID
CRD_0630709EA5124F718749,640,RAW,VALID
CRD_065512D143D348EDBE3E,757,RAW,VALID
CRD_0672E08240B840E58C03,2079,RAW,VALID
CRD_06740DF77DAB42EB94FC,4640,RAW,VALID
CRD_06913448CCA04DE6B272,880,RAW,VALID
CRD_069D993EF5274D81B98E,170,RAW,VALID
CRD_06B5F77BEF2A4FCE9B9B,800,RAW,VALID
CRD_06CEAC2A8B35426D926A,1340,RAW,VALID
CRD_06D78B5B12AC4475BDA5,5240,RAW,VALID
CRD_070B71AF46134ABAB790,670,RAW,VALID
CRD_0736415A8A2440169E58,670,RAW,VALID
CRD_074346DE46AC4F019E17,9310,RAW,VALID
CRD_075869C1BFF3489794D1,1548,RAW,VALID
CRD_0764FF85AFFD44039B19,855,RAW,VALID
CRD_077EAB8DA2FB416FBA52,2410,RAW,VALID
CRD_07B17A05B9584311B888,1430,RAW,VALID
CRD_07C8867477114A5E9490,7140,RAW,VALID
CRD_07E30AB6E1C54457BB2D,4910,RAW,VALID
CRD_080B6E0862C44602A883,890,RAW,VALID
CRD_0810CE32B1AB400B95BA,4907,RAW,VALID
CRD_08208815CA6B42DFB7C7,1243,RAW,VALID
CRD_0822CD02EBF4BC46E659,58109,RAW,VALID
CRD_08372C116D1A44CE82AB,510,RAW,VALID
CRD_0839A3235BFC40C7A767,10206,RAW,VALID
CRD_088D2EC7F19046DCB5F5,147,RAW,VALID
CRD_088EFCFA66FD4762A236,76258,RAW,VALID
CRD_08B2DC8AD0B04FF58A33,1000,RAW,VALID
CRD_08BB039F0F51499BA059,8530,RAW,VALID
CRD_08D8EFD7132A4E838F53,576,RAW,VALID
CRD_08E2001528D84351A367,381,RAW,VALID
CRD_090216855FE241EFB18B,21026,RAW,VALID
CRD_0902F4E6CC9047A98559,4272,RAW,VALID
CRD_090C5C6FE6B34BC0A9E7,17067,RAW,VALID
CRD_0913C93AC0DD43E58008,7127,RAW,VALID
CRD_0916BCC640C24E4088BB,4290,RAW,VALID
CRD_091DC06176614517B5E1,26765,RAW,VALID
CRD_092D58F7609842FEA757,930,RAW,VALID
CRD_093AB925F0C14BB1BFF6,58730,RAW,VALID
CRD_093C06DA9ACB4816A395,2840,RAW,VALID
CRD_093F671F8D0F4F349B81,1310,RAW,VALID
CRD_09516DD8E2C14A009B0E,2711,RAW,VALID
CRD_095AFC71458E492189E1,900,RAW,VALID
CRD_096403B193C94990A6F0,17992,RAW,VALID
CRD_0989252EF29D4FAB9599,4610,RAW,VALID
CRD_098C383D6CBC4015A438,580,RAW,VALID
CRD_09A1CB4E6B9E4002ACA2,2330,RAW,VALID
CRD_09AAD6A024434832A88A,7618,RAW,VALID
CRD_09BE4064BBF541EE8222,1577,RAW,VALID
CRD_09EFFE8F5F8C4A58A5DD,1062,RAW,VALID
CRD_0A08B2E2AE7D46908548,940,RAW,VALID
CRD_0A1D6B89377D433F8DC2,2052,RAW,VALID
CRD_0A4BC771BE0743608661,11872,RAW,VALID
CRD_0A536D17231946EBBE81,9580,RAW,VALID
CRD_0A903CAA6FAE43DA81D3,9880,RAW,VALID
CRD_0A986E45BB20474CB2BF,157,RAW,VALID
CRD_0AB4A2D2E3654FD69744,2618,RAW,VALID
CRD_0AC16029AD564BF68326,1242,RAW,VALID
CRD_0AD03EC9544B43B4AF4F,828,RAW,VALID
CRD_0AD2B95BE4924784A6C4,1990,RAW,VALID
CRD_0AF83E61B4874FECB22C,3710,RAW,VALID
CRD_0B145711AB734536AD63,3890,RAW,VALID
CRD_0B17CA38B6334F20B964,401,RAW,VALID
CRD_0B188D85E3A44B03D1BA,1231100,RAW,VALID
CRD_0B22E2A33CB14A99888F,960,RAW,VALID
CRD_0B59EFE11F824CC29403,264,RAW,VALID
CRD_0B59FFD0541D47B4BE4A,2720,RAW,VALID
CRD_0B5E6A47F7A34237A44A,2980,RAW,VALID
CRD_0B802D98F17B44E8B194,1798,RAW,VALID
CRD_0B84E98684704E7CBB0F,2140,RAW,VALID
CRD_0BB77FE2EEEC4F359733,1230,RAW,VALID
CRD_0BBA24DF2AA04E9F8934,803,RAW,VALID
CRD_0BCE4311895A4715B616,924,RAW,VALID
CRD_0BDAE7D89E874FAF958A,121836,RAW,VALID
CRD_0BDC07CD5DF04DCC8A26,33011,RAW,VALID
CRD_0C0972C263B343A4BB0D,213,RAW,VALID
CRD_0C103A2D31494C7580E2,9280,RAW,VALID
CRD_0C126096DBBD4B00BFB9,780,RAW,VALID
CRD_0C248A94127B49FB8F15,1930,RAW,VALID
CRD_0C3A374FCCE5445B84A9,8030,RAW,VALID
CRD_0C3B052D2AB54CD8908B,160,RAW,VALID
CRD_0C3B183FCB4142F2B7B8,2595,RAW,VALID
CRD_0C741136B4054397BC6E,8157,RAW,VALID
CRD_0C99B90A478B44A1BA11,3824,RAW,VALID
CRD_0CB06AA60B6E4470B9A9,730,RAW,VALID
CRD_0CE1AB32F2CE46FFAA8B,5060,RAW,VALID
CRD_0CE6EEB1A26B404D9703,480,RAW,VALID
CRD_0CFBA7BBD78645C38955,5486,RAW,VALID
CRD_0D1FEC3632AD4FED9507,17180,RAW,VALID
CRD_0D218B96159B4E51AEC8,2020,RAW,VALID
CRD_0D226425CE0B4E138078,530,RAW,VALID
CRD_0D4FF129CB84410FBD8E,272,RAW,VALID
CRD_0D5CD6FAF42744938562,234,RAW,VALID
CRD_0D77F9604B9641DF9650,6540,RAW,VALID
CRD_0DB9B4215B8140FAAA2E,270,RAW,VALID
CRD_0DE14A2FC85947DF989A,929,RAW,VALID
CRD_0DF80E4557DE4819B172,798,RAW,VALID
CRD_0DF9D911B2F24858BFB0,1170,RAW,VALID
CRD_0E12AB50D23D4953B0AF,990,RAW,VALID
CRD_0E1312500C6C4F61A04D,4252,RAW,VALID
CRD_0E1AC369063E4E869847,3590,RAW,VALID
CRD_0E3023BFDFCA4815BC48,520,RAW,VALID
CRD_0E33DD1809A342308392,882,RAW,VALID
CRD_0E3F03D6041B4CED87B9,1460,RAW,VALID
CRD_0E49A59862734A4BA71B,2478,RAW,VALID
CRD_0E5CE3102B684AB7B177,839,RAW,VALID
CRD_0E86D1DB89544CD7A643,4590,RAW,VALID
CRD_0E88D3F2434C477CA856,600,RAW,VALID
CRD_0E8F6A83F9C24975A316,1770,RAW,VALID
CRD_0EA9A767E8E64BC7B5D3,6340,RAW,VALID
CRD_0ED2317A116F4980A7F8,253,RAW,VALID
CRD_0ED50328C342401E80A4,8387,RAW,VALID
CRD_0EDD68B570E1472FB48A,842,RAW,VALID
CRD_0EE4BA587BCC48B1B807,9020,RAW,VALID
CRD_0EF858A4F6FE457E848E,898,RAW,VALID
CRD_0F292DCC6C0240B4B017,1820,RAW,VALID
CRD_0F321114788E4CC0A5AB,4492,RAW,VALID
CRD_0F66DA7EFE8642B8BEC7,381,RAW,VALID
CRD_0F7A7025AB184454A00D,508,RAW,VALID
CRD_0F7BC33D863F44F7AA78,2399,RAW,VALID
CRD_0F804851962E40E59955,24850,RAW,VALID
CRD_0F8A51DF3CF3497BAD9D,1145,RAW,VALID
CRD_0F948BF5021D42F9BF8F,1220,RAW,VALID
CRD_0F9E29696D0647A2A431,1220,RAW,VALID
CRD_0FA5E598B8704A0E83CC,580,RAW,VALID
CRD_0FAEC0B6410647398E22,9137,RAW,VALID
CRD_0FC31AECDE1C40D58A1B,2763,RAW,VALID
CRD_0FC33162C1024EF6B657,810,RAW,VALID
CRD_0FD962247951488C809E,8070,RAW,VALID
CRD_0FDC1A9392234CDCB81C,432,RAW,VALID
CRD_0FF5866665394D78AEEA,3840,RAW,VALID
CRD_0FF5AA22F1EE4EE0BE22,360,RAW,VALID
CRD_0FFC051368D048A489A8,10560,RAW,VALID
CRD_0FFEF15EE9E045CABE6F,35890,RAW,VALID
CRD_1001E20102E24B2DA20C,44055,RAW,VALID
CRD_100CD4F587424353BDEA,1591,RAW,VALID
CRD_1019C2CFB1EE47139FD8,950,RAW,VALID
CRD_10433F25F9E74294B2FC,8162,RAW,VALID
CRD_1050F085B2EE449DB943,1050,RAW,VALID
CRD_1095F9AF338D45BD8BCC,711,RAW,VALID
CRD_10C2A523B328418CA28E,817,RAW,VALID
CRD_10CAB872C0EE49CAAAAC,9038,RAW,VALID
CRD_10E17E66F341491EB014,1041,RAW,VALID
CRD_10E2C02673E94810BC08,6280,RAW,VALID
CRD_10FA5F0FB2BB48E0A8F5,305,RAW,VALID
CRD_112139C75D774E75BDDA,308,RAW,VALID
CRD_1123601A6CCD4FB19606,64262,RAW,VALID
CRD_113220EE585F46CDB3E3,3774,RAW,VALID
CRD_115109E7938F4445A01C,179,RAW,VALID
CRD_11628ECE200A4601B5D4,28819,RAW,VALID
CRD_1164B69A14F3417EBA5C,750,RAW,VALID
CRD_1189D005D21D4ED69DBF,356,RAW,VALID
CRD_11AB40F57D03470A986E,2250,RAW,VALID
CRD_11B811456C5D4DCE8A05,10505,RAW,VALID
CRD_11B89035B69F4696A10B,5311,RAW,VALID
CRD_11C10BF531B64E59B61C,8326,RAW,VALID
CRD_11D6E395867B46F49FE8,10230,RAW,VALID
CRD_11D9A92DB3D34830BCAB,14270,RAW,VALID
CRD_11DB17EF51B440E391EF,3450,RAW,VALID
CRD_11DE00F8CE7D4AF1B990,19080,RAW,VALID
CRD_11E419D20A2A499FAFC6,19990,RAW,VALID
CRD_11E8AAB5199A493C9515,2158,RAW,VALID
CRD_12014650482C4314AA47,891,RAW,VALID
CRD_121C03E944C44190B954,393,RAW,VALID
CRD_12350A5EE2C042EBA371,24100,RAW,VALID
CRD_123A0C58771F4B76BBFE,14000,RAW,VALID
CRD_124BBBE760F0468C96D7,3020,RAW,VALID
CRD_125EACE4FC044F7B9D44,180,RAW,VALID
CRD_12724DE193F242D89D06,187,RAW,VALID
CRD_128A2046607444A389E9,5040,RAW,VALID
CRD_128F70C0C950473788AA,190,RAW,VALID
CRD_12ADDDFE82F540F7B1D3,210,RAW,VALID
CRD_12EFBAE37D35433DB103,296358,RAW,VALID
CRD_13157CF56E204E5E81EA,940,RAW,VALID
CRD_132E975FFFD94678AED6,7670,RAW,VALID
CRD_133D1F0A2A76442793E4,3384,RAW,VALID
CRD_13558DB4C891415388DF,1320,RAW,VALID
CRD_135AB4B5F4794E8BAB7F,2550,RAW,VALID
CRD_135EC26698D0487B9383,140,RAW,VALID
CRD_138330E698484F569942,360,RAW,VALID
CRD_1383604BEB0C4B209BFE,3187,RAW,VALID
CRD_13901C5572724AADB8AA,195,RAW,VALID
CRD_13962B7254BB4EC68492,1193,RAW,VALID
CRD_13997FDA2FAB493982D6,559,RAW,VALID
CRD_13AB6AC593DB41D7A45B,519,RAW,VALID
CRD_13D179FEFB764051B2F2,228,RAW,VALID
CRD_13F9528AE66A482F9AC7,4070,RAW,VALID
CRD_141407CDC6C3483B9AF1,34590,RAW,VALID
CRD_143023DAF60545D2B327,310,RAW,VALID
CRD_143F9BB41FBA43D5B5DE,220,RAW,VALID
CRD_14469D0439594627BCB4,2410,RAW,VALID
CRD_144F4E4E8E2B4DBD8115,1853,RAW,VALID
CRD_147D2B78F8B043E3BB91,174970,RAW,VALID
CRD_14896572D23849A88EA3,1520,RAW,VALID
CRD_1490247326A741529076,761822,RAW,VALID
CRD_149DFDDE8D3144968EE9,1540,RAW,VALID
CRD_14BFE9EA9D1D474194DF,1390,RAW,VALID
CRD_14CFDC4FCADA4F70A670,173,RAW,VALID
CRD_14D2B39ACE854972906D,1425,RAW,VALID
CRD_14DDFE1E600A4BAF8E70,4978,RAW,VALID
CRD_14EB3BE3034D40278311,6950,RAW,VALID
CRD_1507A5C6549C48B1936B,2187,RAW,VALID
CRD_1520EDCDD3D64D6CA7AE,3360,RAW,VALID
CRD_1549CC7E9EFC44D08FD4,27191,RAW,VALID
CRD_1550F9965A5248E99C97,1433,RAW,VALID
CRD_155AE57C6FB44BEF894F,250,RAW,VALID
CRD_156303A10AC3422083AA,413,RAW,VALID
CRD_1573232461C14F27B212,3170,RAW,VALID
CRD_157F33DF43A34D268793,30253,RAW,VALID
CRD_1589922DA5104539AFF5,75180,RAW,VALID
CRD_15AD6DF96106438BA899,4281,RAW,VALID
CRD_15B7E26B244F437BA6AB,3500,RAW,VALID
CRD_15F12748F61F45C7853E,10152,RAW,VALID
CRD_15F5F5A58D814B10953B,5934,RAW,VALID
CRD_15FD761C7E9D47358044,180,RAW,VALID
CRD_1628769382AC47C581EB,18692,RAW,VALID
CRD_16371A443973483F81FA,14388,RAW,VALID
CRD_1640B082EE3340AAB612,1671,RAW,VALID
CRD_1645BF1E84C74BFFBE20,1860,RAW,VALID
CRD_1647486130EF4A25940C,315,RAW,VALID
CRD_164F19FE7E4746EEA25C,160,RAW,VALID
CRD_1651730F93C4413BA4C5,1250,RAW,VALID
CRD_16552890B7E640BD9726,1091,RAW,VALID
CRD_168A21AE1367433791FA,15316,RAW,VALID
CRD_1696ABBCC85248FD81F5,5910,RAW,VALID
CRD_16CF32D4C1234DB68301,1428,RAW,VALID
CRD_16D569A705C64B95885E,4285,RAW,VALID
CRD_16D77C3BD5F547639930,6340,RAW,VALID
CRD_16DBDADB6156412A924A,1170,RAW,VALID
CRD_16E2995DF023409E852F,2026,RAW,VALID
CRD_16E335392D60451C9EA2,2483,RAW,VALID
CRD_16E3CC2DFD2149399A2C,1110,RAW,VALID
CRD_16F1D3F4F75B4E8580A6,1040,RAW,VALID
CRD_16FAD83BCF8E45DD9103,203,RAW,VALID
CRD_170047638AA24C9D8581,414,RAW,VALID
CRD_170C21DF603D41EABA47,4980,RAW,VALID
CRD_1719064C4D5A4530B4C4,1070,RAW,VALID
CRD_1727697B0064422BAEE6,8400,RAW,VALID
CRD_1735A196292E42369E03,3070,RAW,VALID
CRD_174C612CD9AF412F9F27,1140,RAW,VALID
CRD_174D03650DD04FAB90ED,1335,RAW,VALID
CRD_1752B1022AD74CC0AF24,11035,RAW,VALID
CRD_17623798AB744107AD98,2020,RAW,VALID
CRD_176BE23510B840A2A394,362220,RAW,VALID
CRD_1778B01FA4AD4332B4C8,3532,RAW,VALID
CRD_1781CCF24CA84BC3B847,1110,RAW,VALID
CRD_17916E8A74A842A69743,3006,RAW,VALID
CRD_17AEC6F70C054074BFD4,3700,RAW,VALID
CRD_17B76AFFA5794001AF52,4283,RAW,VALID
CRD_17C83FF85F944764957F,1400,RAW,VALID
CRD_17CAF561E8804762B993,2450,RAW,VALID
CRD_17CEDC815C264A69A345,2317,RAW,VALID
CRD_17D9AE509B3F4B1A8EB2,8540,RAW,VALID
CRD_17E681D70E484304B6B8,180,RAW,VALID
CRD_17ED530C10224680B18D,1570,RAW,VALID
CRD_17EF823FA3CB4B2B8EE4,9065,RAW,VALID
CRD_1806774875564E268E6E,2440,RAW,VALID
CRD_1832978663324026BBAD,6440,RAW,VALID
CRD_184AC847FEF045F0A5C3,32806,RAW,VALID
CRD_185DE08656684E7AA355,25091,RAW,VALID
CRD_186B68241588428C9410,8327,RAW,VALID
CRD_187E76533B5540179493,2750,RAW,VALID
CRD_18CD5427946D4525B172,12659,RAW,VALID
CRD_18D57DF71D81408584B5,8768,RAW,VALID
CRD_18ECEF4F4F6B4E32805A,1605,RAW,VALID
CRD_190E3B946C714D6CBFCD,12970,RAW,VALID
CRD_19171E29E9D34C17A9BF,1440,RAW,VALID
CRD_19B52BB682954C4DB699,3845,RAW,VALID
CRD_19C1275E8DF647B286BD,160,RAW,VALID
CRD_19DB508398AD4D219234,58,RAW,VALID
CRD_19F51F8288034A4781BC,1880,RAW,VALID
CRD_19FA15073BE646958D35,1691,RAW,VALID
CRD_1A2040BEE94E4AB1AFAE,1400,RAW,VALID
CRD_1A2192604CAF4EA98918,33730,RAW,VALID
CRD_1A2B7E3263BE4E328E23,2710,RAW,VALID
CRD_1A35479E220A4BB7AE4E,2641,RAW,VALID
CRD_1A707D9E2FC6416F96A5,820,RAW,VALID
CRD_1A7C81EF49754D76B049,480,RAW,VALID
CRD_1A815E05CDFE482484A2,29890,RAW,VALID
CRD_1A85603204124465ACAD,3130,RAW,VALID
CRD_1A87BECFAC1647F98FBC,10744,RAW,VALID
CRD_1A905AD1C8F14E1B9C83,350,RAW,VALID
CRD_1AA5792C99D94054AB63,1899,RAW,VALID
CRD_1AA86801F7BB4278A6C8,7360,RAW,VALID
CRD_1AB7F353BFC547DC81F1,1000,RAW,VALID
CRD_1ACA13137E6D4322A031,757,RAW,VALID
CRD_1ACE44AEBA7B4DF5B0D6,2160,RAW,VALID
CRD_1AD1B3ABA677423BBCAE,2370,RAW,VALID
CRD_1ADDB3B731DE412E851A,630,RAW,VALID
CRD_1AF00E0F44D842E894A4,4770,RAW,VALID
CRD_1AF555656B2048A2B4EE,170,RAW,VALID
CRD_1AF7C5C839D646B0A61B,2660,RAW,VALID
CRD_1AFBAC5E15DA4DBFB50A,1310,RAW,VALID
CRD_1B0CED467C434ACBAEFE,860,RAW,VALID
CRD_1B2ADC910BB140BE8F44,4020,RAW,VALID
CRD_1B4300D40B074B11BABC,300,RAW,VALID
CRD_1B75DAEB61EA4A2D9A2A,2640,RAW,VALID
CRD_1B7FAED9F23141518159,245,RAW,VALID
CRD_1B81F3B284534F8B8896,3057,RAW,VALID
CRD_1B828812B58A4E3FB0CD,561,RAW,VALID
CRD_1BA92AE483D3487E9AD9,992,RAW,VALID
CRD_1BB82D85E831428CABCE,5074,RAW,VALID
CRD_1BD0376A3CA8485BB302,116202,RAW,VALID
CRD_1BE9EEDEDD6944B99663,795,RAW,VALID
CRD_1C040171393842089CFF,9870,RAW,VALID
CRD_1C157708149345C6BF37,691,RAW,VALID
CRD_1C2F4BFC2FE24963AAD6,1240,RAW,VALID
CRD_1C425DFA45494FDC8351,283,RAW,VALID
CRD_1C6AC6FAD7E44F1EBBC2,2250,RAW,VALID
CRD_1C6F8B47E1DE4A3B8C3C,9180,RAW,VALID
CRD_1C7DCAE87E334BB2AA8B,295,RAW,VALID
CRD_1C909A7537014095872A,493,RAW,VALID
CRD_1CA71C6A9BAE4E20BD02,610,RAW,VALID
CRD_1CBBEBA5751D495C81D5,9863,RAW,VALID
CRD_1CC18469ABD541448268,940,RAW,VALID
CRD_1CCD9CD035A348629CD9,14000,RAW,VALID
CRD_1CE47901F5674D55AB69,14728,RAW,VALID
CRD_1D0F4747A8BF4524B3CF,206,RAW,VALID
CRD_1D12B07C82D340E9AC74,4783,RAW,VALID
CRD_1D1BB63C7C8542D59855,16990,RAW,VALID
CRD_1D26125A944B41DFAE0A,3000,RAW,VALID
CRD_1D2EAA1FB1D44C0781F7,3540,RAW,VALID
CRD_1D2EAFB251904489A557,490,RAW,VALID
CRD_1D3EB41A06F94BA7B512,2630,RAW,VALID
CRD_1D3FA593099E46F2A199,3108,RAW,VALID
CRD_1D61B56A81F04560A587,173,RAW,VALID
CRD_1D7AF3D440F245F09657,3777,RAW,VALID
CRD_1D86DD36D9564C309BE6,9425,RAW,VALID
CRD_1DB4E0B1059842A38CD7,6810,RAW,VALID
CRD_1DD2042E9B7D494B83FB,1184,RAW,VALID
CRD_1DDA49C90A3047D59903,23850,RAW,VALID
CRD_1DF3BDE764954B38BA78,547,RAW,VALID
CRD_1E0043AFBDEA40F0A0F7,95429,RAW,VALID
CRD_1E02FB124E934CF8AE0F,4330,RAW,VALID
CRD_1E093F6900FF4470B84E,2345,RAW,VALID
CRD_1E2EB300CA564DADA074,6087,RAW,VALID
CRD_1E4B7D9AA9DB42A7982A,140,RAW,VALID
CRD_1E5819643E174D74811E,330,RAW,VALID
CRD_1E87A3A1183343468691,3010,RAW,VALID
CRD_1EAFC9958EE848E3BAA6,2606,RAW,VALID
CRD_1EB1317E215A4D5FABEE,12734,RAW,VALID
CRD_1ECDA429B4D74A1EB5F5,140,RAW,VALID
CRD_1ED4DECEA3A14B6C81A6,950,RAW,VALID
CRD_1EDD60BB0BE04B8C999B,2314,RAW,VALID
CRD_1EDE2D3DF6644957B409,1087,RAW,VALID
CRD_1EE8B7BE600043EF8C97,744,RAW,VALID
CRD_1F0C27DC82064235A11C,2740,RAW,VALID
CRD_1F266213F3D04671AEAA,74170,RAW,VALID
CRD_1F2BEBDD9D0144DC8275,2190,RAW,VALID
CRD_1F2F5DBD379C4E56A95F,8448,RAW,VALID
CRD_1F4026B2669C4D38ABC8,539,RAW,VALID
CRD_1F4206DD2E3D45EBAC43,134199,RAW,VALID
CRD_1F42D34F4DCB4A0DA99D,532205,RAW,VALID
CRD_1F45F12DC0264E98B4E1,16230,RAW,VALID
CRD_1F692CD4AE004ABBACC3,6454,RAW,VALID
CRD_1F7AA893695B4F56A551,5415,RAW,VALID
CRD_1F7AC8B706234CD0B21D,4960,RAW,VALID
CRD_1F8F6869FA4548279B6E,5010,RAW,VALID
CRD_1F99E5B3C0D24E77A6E3,1360,RAW,VALID
CRD_1FA0F3DE83E64E4CA272,7020,RAW,VALID
CRD_1FC4B3E18BB94A0EB6CC,42850,RAW,VALID
CRD_1FD012263A504F3CA01E,3306,RAW,VALID
CRD_2004462C5BD3458BA1B6,1440,RAW,VALID
CRD_202EC7F73609423FA993,9571,RAW,VALID
CRD_203BE953DCCE454BB9A0,950,RAW,VALID
CRD_203E701EC38E4E9A8ECE,5112,RAW,VALID
CRD_205C20056CBF48F8B08D,176000,RAW,VALID
CRD_2075A8C3697B47EDAC26,7930,RAW,VALID
CRD_2076C899876544DC9B67,6069,RAW,VALID
CRD_20857DA3F57C4FAC9BE3,13394,RAW,VALID
CRD_20890E3348E540539C0B,25010,RAW,VALID
CRD_20A7B2013FDD428ABD1B,1874,RAW,VALID
CRD_20B447132BB64565AC00,3480,RAW,VALID
CRD_20D11F0C16204F278BD5,480,RAW,VALID
CRD_20E1890D79D254945C3E00F70560A986,5338080,RAW,VALID
CRD_20F5210F50C6418AB471,8210,RAW,VALID
CRD_20FE3F484DFE4D9AA9D9,9210,RAW,VALID
CRD_210F30877AE44F18910C,730,RAW,VALID
CRD_211795C67E654E519548,58620,RAW,VALID
CRD_212812EDFC95434E96EE,1770,RAW,VALID
CRD_21362825A5DE48988411,8376,RAW,VALID
CRD_214C3CC1FFFD487FBD68,1460,RAW,VALID
CRD_2156FFB7752D47F99AC9,3565,RAW,VALID
CRD_2165621DAD614A36A40F,26225,RAW,VALID
CRD_217550E39F654896867F,5262,RAW,VALID
CRD_217D78A666514D618747,6788,RAW,VALID
CRD_218DB829F1974CEA95DF,6650,RAW,VALID
CRD_219500DA87B5401CBEDA,550,RAW,VALID
CRD_21AA8DB739564F3E9CA5,11344,RAW,VALID
CRD_21AFED71CBC5406A8145,4733,RAW,VALID
CRD_21B1F91A8CC1487FB607,6910,RAW,VALID
CRD_21BD8B5DBB024A8FBC30,726,RAW,VALID
CRD_21CE4716EFF648768118,160,RAW,VALID
CRD_21D7CBE19CF94AD189EB,173,RAW,VALID
CRD_21EAE5192D164939830F,4720,RAW,VALID
CRD_2202D899B2514A12A3B3,193,RAW,VALID
CRD_2208E78703C9455EA45A,2210,RAW,VALID
CRD_2252E930246B4993998A,8670,RAW,VALID
CRD_2261AA95080E4619A99E,2254,RAW,VALID
CRD_227EEF4A668D4B91A0DE,14990,RAW,VALID
CRD_2284D5AE23CD4A559E27,18750,RAW,VALID
CRD_228710100B794B3B940D,200461,RAW,VALID
CRD_2297ECA873FB4C6EB5C5,240,RAW,VALID
CRD_22A6C07D45A04AADBA89,4970,RAW,VALID
CRD_22BC9BEDDB4B49D88171,940,RAW,VALID
CRD_22C99839A70742369E3E,3871,RAW,VALID
CRD_22CE66F664EA4815A5C1,1460,RAW,VALID
CRD_22D9C293BC9A4A30A4A0,680,RAW,VALID
CRD_22DCDC22E2E84027B7A3,4317,RAW,VALID
CRD_22E4A9137EB24D9A80C6,1220,RAW,VALID
CRD_22EF9B97621442EB9B4B,1630,RAW,VALID
CRD_22F914B318E7499997AE,22140,RAW,VALID
CRD_2301905FC60B4E48B82C,386,RAW,VALID
CRD_231D861950D2482F92C0,2944,RAW,VALID
CRD_2332E667E081490D836A,14200,RAW,VALID
CRD_2344B9016C984A769B60,93,RAW,VALID
CRD_2348A7F2758F419FAB09,7776,RAW,VALID
CRD_235AEB6FAEA54083A5AF,182,RAW,VALID
CRD_2363D7E348AC45C3AD5C,1114,RAW,VALID
CRD_2371B40007C64AC0B36E,8982,RAW,VALID
CRD_23726C952A68490FB117,910,RAW,VALID
CRD_23872FA0E5334B128E5A,350,RAW,VALID
CRD_238DFF5330E44802A6A3,150,RAW,VALID
CRD_238E85F07B63450BB517,6680,RAW,VALID
CRD_2390067C529942A68821,450,RAW,VALID
CRD_23A695E8090F40B9B1A7,1230,RAW,VALID
CRD_23BFAC1CC99540DEB9B9,660,RAW,VALID
CRD_240F59F984B74388A1BE,2170,RAW,VALID
CRD_24141283AF4D42638547,1695,RAW,VALID
CRD_243B025EA81342949B2D,1177,RAW,VALID
CRD_243CD02D3D3B494795CF,190,RAW,VALID
CRD_2444A7B9A8EA415D8A2F,29180,RAW,VALID
CRD_244EB50258FC45D58BB7,820,RAW,VALID
CRD_24798C163B48423E9689,11885,RAW,VALID
CRD_24845E4BD72A47AAA490,4698,RAW,VALID
CRD_249FD650FBBB4F8C8E9F,1356,RAW,VALID
CRD_24A7755304AF47CF931D,2010,RAW,VALID
CRD_24AFDFD94F7B41E8A509,2390,RAW,VALID
CRD_24CD0D7FE1834DA89707,8580,RAW,VALID
CRD_24D79E9DD4E24DDFB538,10690,RAW,VALID
CRD_24D7C72E59DD4A338620,2580,RAW,VALID
CRD_24E2B7E72A25492F960D,755,RAW,VALID
CRD_24E953E56C044EFFAEB2,1210,RAW,VALID
CRD_24EB8C7EAF8344B58654,2754,RAW,VALID
CRD_24EBBFED607C41D7B562,2600,RAW,VALID
CRD_24FAA1F19A0941A2BB96,9718,RAW,VALID
CRD_251F9092AFDE47718BB3,1930,RAW,VALID
CRD_2521A01014064B6586BA,20240,RAW,VALID
CRD_2531910728D94C05A9E9,599,RAW,VALID
CRD_254CCBD76DFA46BDB30B,340,RAW,VALID
CRD_255CB9C1E0E948988562,382,RAW,VALID
CRD_2570702FE3854423A069,140,RAW,VALID
CRD_25909EEE9FBE41E08266,6310,RAW,VALID
CRD_25A76CC236D74FF2B49A,9740,RAW,VALID
CRD_25A858D01145493BB66AF82B8EA32B7C,934900,RAW,VALID
CRD_25B8055B794A45B99714,244,RAW,VALID
CRD_25B97585CC304F538181,132770,RAW,VALID
CRD_25C230DC064948798E98,2820,RAW,VALID
CRD_25C4E5DDBD5348CBACD3,2552,RAW,VALID
CRD_25D1A6018B5A4A0AA38C,1832,RAW,VALID
CRD_261019703FC444A39023,2427,RAW,VALID
CRD_262F67E35B964E6B9C67,1904,RAW,VALID
CRD_2642CE7CAA28482ABC0C,3220,RAW,VALID
CRD_2673A337A01243339EC5,7979,RAW,VALID
CRD_2685F2D324BF4D0495CF,1081,RAW,VALID
CRD_26947826E457449096C5,1859,RAW,VALID
CRD_269A7AD114DA491CA9AC,130000,RAW,VALID
CRD_26AE57743E2F41B084F2,1100,RAW,VALID
CRD_26B8AD9FA6554601A3B7,48010,RAW,VALID
CRD_26C2FFF3ECDC4C2B8EE6,5730,RAW,VALID
CRD_26CD880191FC48B2BE27,1656,RAW,VALID
CRD_26F927BEACCC4E94ABAB,1543,RAW,VALID
CRD_2706BD8A739F4460B703,52000,RAW,VALID
CRD_274BA225B19844028DDF,4057,RAW,VALID
CRD_274ED0D22EC54F229DAE,2911,RAW,VALID
CRD_274FD14AB17940EB8528,13748,RAW,VALID
CRD_275591C4CE6A45D2A1B4,6860,RAW,VALID
CRD_2757D35F33AC4CF99CC7,10190,RAW,VALID
CRD_27858E2B38CF47A7A939,7150,RAW,VALID
CRD_278AFBE27D01417B9CBC,2356,RAW,VALID
CRD_2794B6F1FB74431BA82B,1110,RAW,VALID
CRD_279CE3C2D7CE469A85E7,3110,RAW,VALID
CRD_27A8BA338F90422EA5E0,1910,RAW,VALID
CRD_27BABDECB2404E3D873F,8920,RAW,VALID
CRD_27CAC15F8DE54882AA0F,910,RAW,VALID
CRD_27D5FC7D18F54B668AE2,640,RAW,VALID
CRD_27D9B5525E234D2E9F03,250,RAW,VALID
CRD_27DC42C3D270417B9335,2320,RAW,VALID
CRD_27DD36DAE86F45C69DEB,51400,RAW,VALID
CRD_27E9FB0B75EB487ABBF6,5013,RAW,VALID
CRD_27F3781C418A41E795E5,12622,RAW,VALID
CRD_27F9714CA8CF4C0D8906,2100,RAW,VALID
CRD_280E5479B51D442889C9,17460,RAW,VALID
CRD_281071E67CFC40DD8688,750,RAW,VALID
CRD_2816C9B402A643F99D42,3430,RAW,VALID
CRD_2821F636689C4FCE8CCC,11280,RAW,VALID
CRD_2832ADAFA5F4490F8898,951,RAW,VALID
CRD_28347CC12F42441E8376,5620,RAW,VALID
CRD_283662D99DED475396E1,1260,RAW,VALID
CRD_2847A51BC6AB4B00BB53,1470,RAW,VALID
CRD_284CA7EBBD6A4A86BDFF,680,RAW,VALID
CRD_285E533D9D2F4E4F94A6,390,RAW,VALID
CRD_287970473FD84B928D5D,414,RAW,VALID
CRD_287F04A23D8D4624B994,14655,RAW,VALID
CRD_2893BDF7C7674E7A8E66,11980,RAW,VALID
CRD_28A90C6383DF4C73AFEA,3236,RAW,VALID
CRD_28E64B8B572C4910BC20,929,RAW,VALID
CRD_28EAE8B1B5464580A078,660,RAW,VALID
CRD_28FD2B5F4CE248369764,413,RAW,VALID
CRD_290E399FA6ED4C67A8C8,510,RAW,VALID
CRD_292EB503923B4ADDAA36,586,RAW,VALID
CRD_2936DD31DD3F4679992B,56470,RAW,VALID
CRD_2938D81021984B85A99B,322,RAW,VALID
CRD_2940721DC8F64D6382C2,13630,RAW,VALID
CRD_2942A77E70D64CD79DC5,170,RAW,VALID
CRD_29464E6CFC1448969B4A,3797,RAW,VALID
CRD_294D19F698F24BE39387,3047,RAW,VALID
CRD_2951B02D3BE7488DA649,5670,RAW,VALID
CRD_29545D8447D54F8F9E57,27660,RAW,VALID
CRD_295D5C65BB2240D6ACE9,690,RAW,VALID
CRD_29775D0DA6924EA992F1,570,RAW,VALID
CRD_297BD701806B4583B02D,4500,RAW,VALID
CRD_298C0EBA7D414B2DB409,3058,RAW,VALID
CRD_298C5CE24A9343B9AF00,9514,RAW,VALID
CRD_29E34E5A35CC4FFAB36C,8820,RAW,VALID
CRD_29E55FFA536646B6A891,4640,RAW,VALID
CRD_2A1817BBD07C4C22A018,338,RAW,VALID
CRD_2A1A9C89BB3947378F7C,6564,RAW,VALID
CRD_2A25393A383641F7BD29,459,RAW,VALID
CRD_2A2AA65BC13345549AD1,457,RAW,VALID
CRD_2A2C765236DC4E0DA39B,452,RAW,VALID
CRD_2A44F68D825C43749B38,8090,RAW,VALID
CRD_2A51F7848C3F425BADD0,6410,RAW,VALID
CRD_2A6241DAD8844867AA49,630,RAW,VALID
CRD_2A791989EEEC43F481BB,15516,RAW,VALID
CRD_2A8D1058C4D1432DA733,2967,RAW,VALID
CRD_2ACE89E68BFA4F5BA7C3,1560,RAW,VALID
CRD_2ADA9594E1954CF89E7B,3360,RAW,VALID
CRD_2AFC7629A65B45FBBCC8,5040,RAW,VALID
CRD_2B0E8A61C671491BBA15,1076,RAW,VALID
CRD_2B512D9C6B334EA6B3B5,462,RAW,VALID
CRD_2B58D40C1AE74F69A349,2820,RAW,VALID
CRD_2B9182A2EF634F7E8973,5580,RAW,VALID
CRD_2BA1CDC0E4B94B79A0AC,2038,RAW,VALID
CRD_2BAD952E439344719A81,33618,RAW,VALID
CRD_2BB68D76B2954C079D6A,376,RAW,VALID
CRD_2BCC60756DD640D68C16,204,RAW,VALID
CRD_2BD596750DCC46F5BF44,1023,RAW,VALID
CRD_2BD642F0ABE84DA8BDCF,4631,RAW,VALID
CRD_2BDD89F3616849468EE4,2210,RAW,VALID
CRD_2BE0C7968F004557B9AB,401,RAW,VALID
CRD_2BE2AAD4366A40AAB96E,5250,RAW,VALID
CRD_2BE4A0CA25944D3292C7,983,RAW,VALID
CRD_2C17B97D2D95413699E9,48795,RAW,VALID
CRD_2C1B8B60A6A24410B160,2318,RAW,VALID
CRD_2C1DA4E5D17E428CB8AF,6932,RAW,VALID
CRD_2C1EDC815A2644BEB9DE,1600,RAW,VALID
CRD_2C36A353792C402C93E8,1190,RAW,VALID
CRD_2C4C0A40740543B09035,970,RAW,VALID
CRD_2C540CA835784066A98A,7295,RAW,VALID
CRD_2C78DB6891D243219B2F,848,RAW,VALID
CRD_2CABD12EE5B74135858E,678,RAW,VALID
CRD_2CC63A0C3FDE4901A41B,4480,RAW,VALID
CRD_2CE1E087831443ADACEE,12015,RAW,VALID
CRD_2CECD65EDFEE402B8093,3530,RAW,VALID
CRD_2D086E56EA5A4353922E,2978,RAW,VALID
CRD_2D08E66725174B8D97BF,610,RAW,VALID
CRD_2D0FDD0C77AF4176BAA2,655,RAW,VALID
CRD_2D25B07240614BDCAAAC,3200,RAW,VALID
CRD_2D3476E6CBAD4BDCB062,1430,RAW,VALID
CRD_2D3BEACE738C403A95FC,396,RAW,VALID
CRD_2D4779F86C774DBFA501,870,RAW,VALID
CRD_2D4AA6D08A11483FA5DB,150,RAW,VALID
CRD_2D4B139B3E984F86B365,2631,RAW,VALID
CRD_2D610AC70AB04D4887B7,1660,RAW,VALID
CRD_2D84D1DA75FF4868B015,8457,RAW,VALID
CRD_2DAAC2D00EB94B1F861B,204,RAW,VALID
CRD_2DB11712502240BA802B,9170,RAW,VALID
CRD_2E14D4A8D7AB4CCB95D2,1560,RAW,VALID
CRD_2E16148F22B445A2B1F9,457,RAW,VALID
CRD_2E2D7916E97E4BB997FF,356,RAW,VALID
CRD_2E403B756FE641CB89FF32CEB4BDDB4E,227600,RAW,VALID
CRD_2E4CD75454EB4A199A90,95412,RAW,VALID
CRD_2E5F9227724846BE8970,1910,RAW,VALID
CRD_2E7CD2B64DB94542A5DB,850,RAW,VALID
CRD_2E8555FADF814122AE17,2630,RAW,VALID
CRD_2E88C364F7394ACBB0AB,41110,RAW,VALID
CRD_2E8C144F443F49BBAE9B,182,RAW,VALID
CRD_2E8CB13E9FEE40A28A14,2141,RAW,VALID
CRD_2ED0AB8374204F3DABF4,310,RAW,VALID
CRD_2ED4580E9B974C03A527,6455,RAW,VALID
CRD_2EDC5DADC4F24ECD976A,203,RAW,VALID
CRD_2F01A346908C450BB7DD,921,RAW,VALID
CRD_2F0219577D244E019E99,1270,RAW,VALID
CRD_2F0ED241ED394BF6BF87,150,RAW,VALID
CRD_2F1F77D90BA84F3E8C7D,4539,RAW,VALID
CRD_2F3643AC21E84F689C43,4474,RAW,VALID
CRD_2F43F0F33B364E59B1AA,22881,RAW,VALID
CRD_2F4B432C1AE74911BACC,3569,RAW,VALID
CRD_2F5447039AA345D78AAB,13070,RAW,VALID
CRD_2F715EB445B84B778ECB,520,RAW,VALID
CRD_2FA1805FDEA84161ABE3,890,RAW,VALID
CRD_2FABCAF7B31F4346915C,3990,RAW,VALID
CRD_2FB8CA83CF9D40F1A071,1981,RAW,VALID
CRD_2FCEBFB496E94F0CB99B,2000,RAW,VALID
CRD_2FDCD42F1BBC4E4BAD11,325,RAW,VALID
CRD_2FE00DB6CB1E400085C1,1692,RAW,VALID
CRD_2FE394C852394D129604,1530,RAW,VALID
CRD_300C6F0A10AF4D768DAB,2600,RAW,VALID
CRD_301C4EFCC282412B9BCC,4312,RAW,VALID
CRD_302EC9D2C71947778B51,16281,RAW,VALID
CRD_304D28B61C7F409C86A4,5200,RAW,VALID
CRD_304E6E316BFB44F593D5,410,RAW,VALID
CRD_30523D5BF2EE4A83A4CB,1340,RAW,VALID
CRD_306457DE76EA45C5B61B,2850,RAW,VALID
CRD_308148D51D5845769B01,9240,RAW,VALID
CRD_30975550ADDC4EA8A667,28780,RAW,VALID
CRD_3099C7E0FF07461FA926,210,RAW,VALID
CRD_30A6CD03B29E4EAFA1C2,1880,RAW,VALID
CRD_30E3A8301DC84AC182A0,490,RAW,VALID
CRD_30EDC0F1FD7B46A58FDE,867,RAW,VALID
CRD_30FDE55BA54D445982F5,721,RAW,VALID
CRD_30FF9351A4A04DDEBA05,14310,RAW,VALID
CRD_31207730A1244D4BA676,275,RAW,VALID
CRD_31587FB56FBD49B593F1,2130,RAW,VALID
CRD_315BCF529A824490A671,792,RAW,VALID
CRD_318B01AFB53C42318601,1165,RAW,VALID
CRD_31940B3434F54CAB8CAB,2791,RAW,VALID
CRD_31985982AAFB4AECA49A,35480,RAW,VALID
CRD_31A84E046FF1424F95D8,1660,RAW,VALID
CRD_31B29DFE42E24D77AFE1,8600,RAW,VALID
CRD_31C58C5A3B144203BD03,213,RAW,VALID
CRD_31E2B98699A1410FBAC9,1085,RAW,VALID
CRD_32082DD1A5DE41889046,140,RAW,VALID
CRD_321DE0F8BCA944D8BF43,740,RAW,VALID
CRD_321E17A2C21747AAB24E,140,RAW,VALID
CRD_322DAF78A9B34EA2B745,4172,RAW,VALID
CRD_32386B204F0740378DD5,960,RAW,VALID
CRD_324563089502413E8DA5,7302,RAW,VALID
CRD_324F58AAF4F444DEAE95,1420,RAW,VALID
CRD_325D356041B348968F5A,1097,RAW,VALID
CRD_326058E0F4514E8083F0,3174,RAW,VALID
CRD_32611C07C96441F59DCF,3182,RAW,VALID
CRD_32686724596F433298EB,10610,RAW,VALID
CRD_326BB4D3A84B467EB968,103580,RAW,VALID
CRD_32763B48F1E343B49F3A,710,RAW,VALID
CRD_329E5AFEC48D4C2B8D03,1180,RAW,VALID
CRD_32A3236675F94589B53C,1119,RAW,VALID
CRD_32B748391B31457F884D,17389,RAW,VALID
CRD_32C64F60484E4801A991,218900,RAW,VALID
CRD_32D88C6671424AA28280,539,RAW,VALID
CRD_32E8DC4B424E4966B6CB,1990,RAW,VALID
CRD_32E8F32B11894AB188C1,3273,RAW,VALID
CRD_330DDDD1228E4170B359,630,RAW,VALID
CRD_330E7648167E59934C965289F6483878,1894000,RAW,VALID
CRD_331B23CD1B3542C09584,34320,RAW,VALID
CRD_331BADEFF9654B599D78,390,RAW,VALID
CRD_33360078EC2F4416BC8F,840,RAW,VALID
CRD_3339DB7AA7FD4A21BFE5,4078,RAW,VALID
CRD_3341BC09AE6F45A6A646,882,RAW,VALID
CRD_3358929E8924485E949B,610,RAW,VALID
CRD_33785863B77A4D888CC5,3992,RAW,VALID
CRD_3392C238DFEC4357BA88,11100,RAW,VALID
CRD_339521F5D18A48858134,1390,RAW,VALID
CRD_33A3DF458AC34EC6B1BD,740,RAW,VALID
CRD_33A7A42687184DCAA53F,1750,RAW,VALID
CRD_33D12892FE0A448BA1C5,538,RAW,VALID
CRD_33E384F099914BF89170,875,RAW,VALID
CRD_33F622942A1F4876AAE4,190,RAW,VALID
CRD_33FE80EB03934DEC8C07,12290,RAW,VALID
CRD_3430850B62B446C68A45A9CFE3741141,177340,RAW,VALID
CRD_3441FF9483AB4687A5BF,1070,RAW,VALID
CRD_3446ADE0F7424C998BED,750,RAW,VALID
CRD_34634E0B83674493958D,1071,RAW,VALID
CRD_3475D14B91764CC1A8DC,5230,RAW,VALID
CRD_34771CA932624EF8993A,23462,RAW,VALID
CRD_34828B53A56D44318E76,3950,RAW,VALID
CRD_34B77E90E77E454D9E00,259,RAW,VALID
CRD_34B94E323039433886E9,1040,RAW,VALID
CRD_34BFCA1006BC49D89AF5,16140,RAW,VALID
CRD_34D1A571966643B9B808,604,RAW,VALID
CRD_34FC12FEB9C94EC0B729,2490,RAW,VALID
CRD_354A9964DECF45BEBE57,1890,RAW,VALID
CRD_3556A9DD9F2149C5BF0C,45500,RAW,VALID
CRD_3575DCCD78834B1E8D87,3424,RAW,VALID
CRD_357701E9E661484B8261,1940,RAW,VALID
CRD_3583C21779BE400FB9A6,47151,RAW,VALID
CRD_359332F027204F0997A9,721,RAW,VALID
CRD_35A856F18BEB432BABEC,1848,RAW,VALID
CRD_35DA6B31F47244C59B9A,1890,RAW,VALID
CRD_35DC69B18FE34A239272,1370,RAW,VALID
CRD_35EA350A18F04A80A0D5,990,RAW,VALID
CRD_35F025B882B548A18185,490,RAW,VALID
CRD_35F6305B626B4EA6BA1B,19830,RAW,VALID
CRD_3610EE3BBB834DF6A0BF,195,RAW,VALID
CRD_36137AD704B945179433,2238,RAW,VALID
CRD_3618F7507BD34B52AA5E,3029,RAW,VALID
CRD_36246E7EC9864D74B0BA,3210,RAW,VALID
CRD_36360E53452543DEB82B,3410,RAW,VALID
CRD_364F4FE8048A4DC09AA0,13833,RAW,VALID
CRD_366F8C52670645088A5A,494,RAW,VALID
CRD_3676B88FE7374BDBB1B2,735,RAW,VALID
CRD_368954B62A864484B467,1620,RAW,VALID
CRD_36A1599A2C254B9C957E,300,RAW,VALID
CRD_36B9B397B19A425CB729,5810,RAW,VALID
CRD_36BA95B689A44C28B170,1336,RAW,VALID
CRD_36C025F4B7F545C0814D,1271,RAW,VALID
CRD_36CCEEAEBFE444AF8E74,146741,RAW,VALID
CRD_36D39DBAA5EC4EE09001,2610,RAW,VALID
CRD_36F3273DC7014993855A,1590,RAW,VALID
CRD_36FC9D7A34B947999101,12746,RAW,VALID
CRD_37121FE6503349888A93,250,RAW,VALID
CRD_371A341D2B024125AF8E,3560,RAW,VALID
CRD_375B75D3FC3E42BAA4AD,2060,RAW,VALID
CRD_3761F2C151EE4116B9EE,26748,RAW,VALID
CRD_378581C7E2764EC3A6BA,1500,RAW,VALID
CRD_379A5BE80E2245808B5C,220,RAW,VALID
CRD_37AD357EC31F4A4E9BDD,4231,RAW,VALID
CRD_37AEC383935947D497E1,831,RAW,VALID
CRD_37B2BB043B9E407EA0D9,1380,RAW,VALID
CRD_37CAD2854A2A45769811,390,RAW,VALID
CRD_37FD17FC727E435B8C84,790,RAW,VALID
CRD_3824C7743E944CD1AD14,730,RAW,VALID
CRD_382ECC8BA6034DAF9178,16737,RAW,VALID
CRD_385E29A0C8C3476C9C4B,190,RAW,VALID
CRD_3867F42D081F475AB07C,4780,RAW,VALID
CRD_38815299C2494F679535,4060,RAW,VALID
CRD_38C95B5BCA84434CADBB,4049,RAW,VALID
CRD_38D221213CD04120860A,140,RAW,VALID
CRD_38F6394B2FA64EFABD8A,730,RAW,VALID
CRD_38F8D1BD378046E49339,248,RAW,VALID
CRD_391EF36F49824C58965F,13258,RAW,VALID
CRD_3921037F2F3643A38342,706,RAW,VALID
CRD_3927C712A40B4469A53E,1064,RAW,VALID
CRD_3935851BE6988D5F34B3,30860,RAW,VALID
CRD_39360915366347AFB75F,1625,RAW,VALID
CRD_39388984E7E045A1B1DA,2543,RAW,VALID
CRD_394098D4C4FC4DF5BD67,2290,RAW,VALID
CRD_394561233CE44337BF9C,581,RAW,VALID
CRD_39462590847A4E32AF5F,5753,RAW,VALID
CRD_39493D33675143109748,12970,RAW,VALID
CRD_39A2F0B42FC5405188AA,37756,RAW,VALID
CRD_39A9FDACFF514F29B347,2140,RAW,VALID
CRD_3A0BD9F6AF5141DC9961,190,RAW,VALID
CRD_3A1614A1D6F443708387,23760,RAW,VALID
CRD_3A163A0976E24CE79D88,5727,RAW,VALID
CRD_3A1E35B5FF4444B49597,406,RAW,VALID
CRD_3A2389FDB90D4D529266,1940,RAW,VALID
CRD_3A3F2713FE8C47F69F71,1479,RAW,VALID
CRD_3A51FC9327024878903D,9700,RAW,VALID
CRD_3A57174859F8445CB9F0,960,RAW,VALID
CRD_3A5B3FE091064B65AF4A,4345,RAW,VALID
CRD_3A73844B3540483BBFB0,2340,RAW,VALID
CRD_3A840E756D3946778BD9,1072,RAW,VALID
CRD_3A8D2EC8D99B4D7B9450,2779,RAW,VALID
CRD_3A9BC04410714B2ABFF2,3330,RAW,VALID
CRD_3AA02ECE90604311AE59,1800,RAW,VALID
CRD_3ABA99E638CD43358D1A,2366,RAW,VALID
CRD_3ABEBDCF89194B049E06,453,RAW,VALID
CRD_3AC8F9831E6C417A920C,4114,RAW,VALID
CRD_3AD11F4FC02E4D89B3FA,2729,RAW,VALID
CRD_3ADB55F70EE445AF8F86,290,RAW,VALID
CRD_3AEB0958DF704E919E03,2723,RAW,VALID
CRD_3AF8CE5102AA47F5A68E,104560,RAW,VALID
CRD_3B0AA576F162446CAD28,2209,RAW,VALID
CRD_3B1892201B8240FAA691,9279,RAW,VALID
CRD_3B1C48E46678437CBAE4,111367,RAW,VALID
CRD_3B28179308924FD388CA,1081,RAW,VALID
CRD_3B37F7C8EEF44621A6E1,2696,RAW,VALID
CRD_3B4881B425A945B385D7,996,RAW,VALID
CRD_3B4B975E13F04C418F1C,2089,RAW,VALID
CRD_3B58C4FB597C409D8154,6140,RAW,VALID
CRD_3B5CF3B55F8242899616,1159,RAW,VALID
CRD_3B62213E98D54EF7BF55,660,RAW,VALID
CRD_3B708D58DCB3490BBE06,450,RAW,VALID
CRD_3B93462476FF4AC1B6AE,2660,RAW,VALID
CRD_3B9DA71B112D43DAA326,5957,RAW,VALID
CRD_3B9DA73247AA4D448AB0,1181,RAW,VALID
CRD_3BB0CBC7ABDE40CC8213,5200,RAW,VALID
CRD_3BC79D4373A7498D87FB,540,RAW,VALID
CRD_3BD22AE03D484B308C7E,140,RAW,VALID
CRD_3BD607C56C33412AAF02,6530,RAW,VALID
CRD_3BDBFB0461F4481F9A03,1240,RAW,VALID
CRD_3BE5316F6AED4A72B593,42470,RAW,VALID
CRD_3BE83FC74DE14380BC3B,2230,RAW,VALID
CRD_3BE8944EE0F7456FBD5A,1110,RAW,VALID
CRD_3BEEBBBA3187450DBC7E,2402,RAW,VALID
CRD_3BEF85BDD3334AB1B674,4107,RAW,VALID
CRD_3BF8865058D243DC9DBF,772,RAW,VALID
CRD_3C062CAF599948F7BA44,16410,RAW,VALID
CRD_3C0A4BD7A21440D38FB0,18986,RAW,VALID
CRD_3C1390FC1DF04130BF02,5916,RAW,VALID
CRD_3C3DCDDEE1D445CF8043,870,RAW,VALID
CRD_3C4CBC99613B4B548008,12860,RAW,VALID
CRD_3C56BFC81EEB4EE89BB1,750,RAW,VALID
CRD_3C91F57ABFE0494F9FEE,34220,RAW,VALID
CRD_3CABC0377B7C4F4BA3A7,160,RAW,VALID
CRD_3CACC2204A9044EA93A2,640,RAW,VALID
CRD_3CE005C5398E4DF8AA7A,188,RAW,VALID
CRD_3CF2CAAC6C6843768D3B,295,RAW,VALID
CRD_3D033F417C70493F8472,1718,RAW,VALID
CRD_3D1314647FED4C4BB1D1,930,RAW,VALID
CRD_3D1823A431694121B9F4,210,RAW,VALID
CRD_3D1DDFE22E46497299FE,680,RAW,VALID
CRD_3D1FFCD550FE4CE49C08,610,RAW,VALID
CRD_3D5EDF548DF943ACAADD,2860,RAW,VALID
CRD_3D7C380DE0344900AFCD,10770,RAW,VALID
CRD_3D845D79A43446819D94,2200,RAW,VALID
CRD_3D8E86F6369447DC8A73,3059,RAW,VALID
CRD_3D9C68A514C54A7A8160,160,RAW,VALID
CRD_3DA9FF90C36043F5AFDC,127,RAW,VALID
CRD_3DB07E020BC24EA1AB3B,300,RAW,VALID
CRD_3DB28C7FE7014FECAA07,3430,RAW,VALID
CRD_3DC005D2BBD14E03914E,13140,RAW,VALID
CRD_3DDAD77110704AF290D4,910,RAW,VALID
CRD_3E05F7873B1A4A2388BA,700,RAW,VALID
CRD_3E0AD8CAAB4F44D5B183,16649,RAW,VALID
CRD_3E139045F2814C85AD9A,7960,RAW,VALID
CRD_3E23CFF0B8FC46699E5A,540,RAW,VALID
CRD_3E28C08144174CFC8121,2600,RAW,VALID
CRD_3E39B2A60D644D419C7A,1030,RAW,VALID
CRD_3E430DB8963746CBBEDB,19650,RAW,VALID
CRD_3E4E6014D8C14643B6EE,7790,RAW,VALID
CRD_3E51556E4E8842128C4E,1140,RAW,VALID
CRD_3E5403B79A2643CBAD3A,16212,RAW,VALID
CRD_3E730E3C8E944D9C8CAD,2080,RAW,VALID
CRD_3E7EFB8B95774E57AD88,1175,RAW,VALID
CRD_3E81540BBE5B4EF2A89E,559,RAW,VALID
CRD_3E81F48F8E78476C8639,1428,RAW,VALID
CRD_3E8A50AC63BE422598F2,2440,RAW,VALID
CRD_3E9E5C6840D049589B84,2774,RAW,VALID
CRD_3EB598DB6DD6410AAE57,930,RAW,VALID
CRD_3EC2D5FC5CD94A18B44E,7154,RAW,VALID
CRD_3EC5906755954D34B0B9,1010,RAW,VALID
CRD_3ECB798328944A0F8A34,4696,RAW,VALID
CRD_3ED24376E1C34EC0A25B,190,RAW,VALID
CRD_3ED9185116C84CE4B8E5,8310,RAW,VALID
CRD_3EDE7FB426A144669E19,1440,RAW,VALID
CRD_3EE3FCDAD8A84659B149,580,RAW,VALID
CRD_3EE555CE8FCD4C4CA1C9,26240,RAW,VALID
CRD_3EF662F5F4B04A96BB1F,2026,RAW,VALID
CRD_3F0CF7904DE24591A85C,1188,RAW,VALID
CRD_3F1A4E09C8E142A29BCF,2500,RAW,VALID
CRD_3F2D5876782D4E44B4B3,393,RAW,VALID
CRD_3F47FE910E9D4632AC13,1140,RAW,VALID
CRD_3F605DD9C57145F4A405,1277,RAW,VALID
CRD_3F61C7008F084A26A6CC,213,RAW,VALID
CRD_3F76B4D8B9814F63AA83,30480,RAW,VALID
CRD_3FA487AFC9CD43388FA7,1966,RAW,VALID
CRD_3FA675F84C674401A71D,995,RAW,VALID
CRD_3FAA8A6B685E4661B8C6,2973,RAW,VALID
CRD_3FAAA0E00D4E4C6A8014,1225,RAW,VALID
CRD_3FAD1A600E1E4A68BEFC,289,RAW,VALID
CRD_3FDB36F0CAF24E49B6CF,1540,RAW,VALID
CRD_3FED5DC18A974AFBB5BA,720,RAW,VALID
CRD_3FEFE9BCF9014B07A6CB,5707,RAW,VALID
CRD_3FF1314B8C744C4087FA,68480,RAW,VALID
CRD_4007297FF83B46EF9175,647,RAW,VALID
CRD_401FD6071DA84BD28DBD,2831,RAW,VALID
CRD_40212CBAF40D49EE8938,154,RAW,VALID
CRD_4032908FFCFF4C66A7DA,1249,RAW,VALID
CRD_403D661F93B3488CA6F5,1573,RAW,VALID
CRD_403F30AD7CEB4458A3BA,5588,RAW,VALID
CRD_404917AFA01148F5B7A7,723,RAW,VALID
CRD_405854EB09E342C08AFB,2044,RAW,VALID
CRD_407679EEDAA34799BBA6,1440,RAW,VALID
CRD_4078C16E4F0A46D1B247,1390,RAW,VALID
CRD_40ACC9AF379C44558884,33988,RAW,VALID
CRD_40B4022498F2461CB0E9,3349,RAW,VALID
CRD_40C9B79679FB427396C0,120,RAW,VALID
CRD_40D2B16676124F24A955,915,RAW,VALID
CRD_40D95A6077D44FA3A682,9670,RAW,VALID
CRD_40E593A0BF374678B1E8,140,RAW,VALID
CRD_40EA643721414CC5B8E1,5057,RAW,VALID
CRD_40F6EEFDAD37407C8580,950,RAW,VALID
CRD_40FAAC6A04774AEEB7B2,616,RAW,VALID
CRD_410093B53305439B9BB8,660,RAW,VALID
CRD_41167277B8FA42F693CA,11280,RAW,VALID
CRD_413D5C01202A4AA1B435,1080,RAW,VALID
CRD_413FD0336AAA480DAA38,10290,RAW,VALID
CRD_413FE230DC42456DB302,300,RAW,VALID
CRD_4143730A5E3C4C31B192,6770,RAW,VALID
CRD_4145122B76D44C99ACC5,19629,RAW,VALID
CRD_4156299E17D24C468D3E,32714,RAW,VALID
CRD_4192371C8DE14719ACB9,1350,RAW,VALID
CRD_4194A800DB674EB6839A,4200,RAW,VALID
CRD_41A8630816A54FD4A1F7,9070,RAW,VALID
CRD_41A99002828C474D8A58,2460,RAW,VALID
CRD_41BD351FBCE24334B7DD,2019,RAW,VALID
CRD_41C4A6AF0C704C7CB5CF,1350,RAW,VALID
CRD_41C8011108CC45C3B1B1,160,RAW,VALID
CRD_41CF2D5A4A6A43DDB951,970,RAW,VALID
CRD_41E509EE2DEB451BB2ED,5200,RAW,VALID
CRD_41F01DE4718B458FA5D5,644,RAW,VALID
CRD_420EDFD54C4F42DA98EE,16969,RAW,VALID
CRD_421B1590AD54493AA0C1,1622,RAW,VALID
CRD_4224526A99B34DDDA194,566,RAW,VALID
CRD_422F8452B1C741639603,6190,RAW,VALID
CRD_423AFEA04A844D929CFC,768,RAW,VALID
CRD_428AF8A0299041E5A922,380,RAW,VALID
CRD_42AFED1003354B5DA9E4,12480,RAW,VALID
CRD_42C692170F6E4A3EBDA6,1170,RAW,VALID
CRD_42C881A081C2442292A2,330,RAW,VALID
CRD_42E5F5DEFC6244BEA6CF,178,RAW,VALID
CRD_43184344379E4533B6E5,1450,RAW,VALID
CRD_4326CC9CE8E842FB8F45,31601,RAW,VALID
CRD_433D5703B4F246C4AFF6,9070,RAW,VALID
CRD_43490A3EE356478497CB,237,RAW,VALID
CRD_435238B98B534ED1A50A,1846,RAW,VALID
CRD_437C97C642DD44B5B6AD,2118,RAW,VALID
CRD_43945060F9E847A0AE3F,30360,RAW,VALID
CRD_439C86F598EA473882CC,1470,RAW,VALID
CRD_43A31E18194141E18BFC,8546,RAW,VALID
CRD_43B0B8BE00C44F0FB400,4190,RAW,VALID
CRD_43B92747526147DBA44A,1016,RAW,VALID
CRD_43BC0926ACC14BDDAA6B,148800,RAW,VALID
CRD_43D855425B824A7DAA12,2800,RAW,VALID
CRD_43F737D98D4646BC92BE,1970,RAW,VALID
CRD_43FD147D4B73449DA411,3260,RAW,VALID
CRD_43FDDC429EF844C5A887,1493,RAW,VALID
CRD_4401EC58464B477AA7F6,4110,RAW,VALID
CRD_442D7542AFE94FA494F3,843,RAW,VALID
CRD_44313E703A974D358FBF,1016,RAW,VALID
CRD_4433E81381664E14ADED,2800,RAW,VALID
CRD_44776BE951744966AC11,6130,RAW,VALID
CRD_447A0348BBF24CB6AA73,12700,RAW,VALID
CRD_447AD11B1C504AC4B5F7,1490,RAW,VALID
CRD_448903DEA445481396DD,1460,RAW,VALID
CRD_44A13E89FE7A4D61BDE0,7564,RAW,VALID
CRD_44A1BB145FB243139F1C,37885,RAW,VALID
CRD_44A4617C7F3347A2B08A,823,RAW,VALID
CRD_44B4AF270D834B16884F,1797,RAW,VALID
CRD_44DEAF40BD594140A6C6,289,RAW,VALID
CRD_44E1537469C74DDBBA16,7495,RAW,VALID
CRD_44F5692ABDFC4F8DA2CA,14319,RAW,VALID
CRD_4500844A9586482C906C,77820,RAW,VALID
CRD_4515FE8F178F464F92D2,830,RAW,VALID
CRD_4542CCF430DC4AEE91DE,870,RAW,VALID
CRD_4549B35197074BE18BA7,1221,RAW,VALID
CRD_45708EEF14E84AD79B2A,5230,RAW,VALID
CRD_457C08948A2D49189AA1,1308,RAW,VALID
CRD_458264C893E84DF0975A,5955,RAW,VALID
CRD_4595906EF9644EC481E6,1347,RAW,VALID
CRD_45BCEE6F7FD34E328ECD,4410,RAW,VALID
CRD_45C9E6F60F414FF4A7C1,10741,RAW,VALID
CRD_45CC8DC151BA47F9906E,220,RAW,VALID
CRD_45D3A4AB841C4BAAA951,3059,RAW,VALID
CRD_45DCE5D7B81948979409,178,RAW,VALID
CRD_45F4859A17FA4968BCF6,250,RAW,VALID
CRD_462F20A41FFE435A999B,1000,RAW,VALID
CRD_46402F0A4DE7492785D0,208,RAW,VALID
CRD_4659714945CF4C9F82C5,4013,RAW,VALID
CRD_465B3016FD4B41409D8C,3100,RAW,VALID
CRD_46627F2A3E6F48A9BE2F,215400,RAW,VALID
CRD_466576292217484F9E58,684,RAW,VALID
CRD_46675A842A144D9E84CF,5576,RAW,VALID
CRD_466890A6EF99406086D6,600,RAW,VALID
CRD_46745DD4BB00424D81F5,1050,RAW,VALID
CRD_4681609374F6454994EB,50086,RAW,VALID
CRD_46AA4AF10EC446A2A11D,4990,RAW,VALID
CRD_46AF434D15734C6787E2,2210,RAW,VALID
CRD_46C3AF403C0244BCBFF4,130,RAW,VALID
CRD_46D80DE27C1642C5B543,448,RAW,VALID
CRD_46EB7F96CAE54656B563,610,RAW,VALID
CRD_4705CE7F497346EB824F,3766,RAW,VALID
CRD_4750AF05BE3349BBA298,157,RAW,VALID
CRD_477A7D547E084F6D8315,1993,RAW,VALID
CRD_47977278A0254FA4BCA9,796,RAW,VALID
CRD_47A0659087604D088710,690,RAW,VALID
CRD_47E80B191CA7474EB9E3,825,RAW,VALID
CRD_48149BF6BE82495A8F64,1058,RAW,VALID
CRD_4825831A44A54D91A8C4,140,RAW,VALID
CRD_4828906D1AF3429BB260,29058,RAW,VALID
CRD_4828E06D60BD439AB3E4,593,RAW,VALID
CRD_482D1C2F5F0041739B92,1249,RAW,VALID
CRD_482EA800F7DE4871AD8A,98900,RAW,VALID
CRD_483AB154688A4D959891,140,RAW,VALID
CRD_485ACB25D5DE4A248426,1010,RAW,VALID
CRD_4866CB4A4EDF45CABC8E,18100,RAW,VALID
CRD_48773AA6B8EC4EF892A7,1200,RAW,VALID
CRD_487CFF0EF551423B842A,158830,RAW,VALID
CRD_487F923F9A884FFDBD8A,147640,RAW,VALID
CRD_4885A59DE0CC4CA59CE0,20315,RAW,VALID
CRD_489EB78CD21244439801,7490,RAW,VALID
CRD_48B34F0217EF45879C43,190,RAW,VALID
CRD_48B3B385581F4DFEA769,3793,RAW,VALID
CRD_48C7959DC8854C038FC9,480,RAW,VALID
CRD_48D2CD939E9C4A45872A,1470,RAW,VALID
CRD_48DEAB90649C4E5386BB,1807,RAW,VALID
CRD_48E53C0884D54CECB73D,1010,RAW,VALID
CRD_48EDE9764E334AFE8D60,2590,RAW,VALID
CRD_48F9A5034BD346849260,278,RAW,VALID
CRD_491F98C389C24B31804E,11732,RAW,VALID
CRD_492147CE938648E78FA2,3273,RAW,VALID
CRD_49258A0BD56C4E8CAAE1,7868,RAW,VALID
CRD_4926DF1CF0484F49BC50,9622,RAW,VALID
CRD_492B3C0921ED4DF68345,19703,RAW,VALID
CRD_49411B14FD8649DE8364,1452,RAW,VALID
CRD_494E55E7C59E4B6DA4E3,740,RAW,VALID
CRD_496BA4D8911D4BBABCD9,396,RAW,VALID
CRD_4984C34823564A40A15F,3264,RAW,VALID
CRD_4986313CCE1543ED8030,239,RAW,VALID
CRD_498BBDABFF4741DD92A0,290,RAW,VALID
CRD_499466BB5F6A45A9BEAE,6974,RAW,VALID
CRD_49A64C751A444FF7B85C,366,RAW,VALID
CRD_49AA338BD81847B9B5A3,20549,RAW,VALID
CRD_49B4C54D818A4CF7BA81,125696,RAW,VALID
CRD_49B864154D884E16A393,1701,RAW,VALID
CRD_49B9C68497F94042A443,788,RAW,VALID
CRD_49BB72C01E4C40628D5B,6970,RAW,VALID
CRD_49CC517FCE054EB99CD3,43991,RAW,VALID
CRD_49D0E25CC4FB427AB28C,550,RAW,VALID
CRD_4A17C07AEF20419B859B,5608,RAW,VALID
CRD_4A276329B7FE4B2B876E,800,RAW,VALID
CRD_4A29C46B117240F8943D,9780,RAW,VALID
CRD_4A61E9FAD7D64AE2BB13,2720,RAW,VALID
CRD_4A61F5781B4E4CF1A1F0,990,RAW,VALID
CRD_4A62A7429FAD4BDA9715,810,RAW,VALID
CRD_4A642D0DF8D74C7B896A,3012,RAW,VALID
CRD_4A6AB07D1EE64032B862,29209,RAW,VALID
CRD_4A6CC4A034DF4C3DAD74,149470,RAW,VALID
CRD_4AC772DA06674B6BBCD3,970,RAW,VALID
CRD_4AE3AB5A697244519998,6871,RAW,VALID
CRD_4AEF0D8909AC4E3F8560,1270,RAW,VALID
CRD_4AEF7AD96E324D9EA958,470,RAW,VALID
CRD_4AF796183B554D43B85C,2732,RAW,VALID
CRD_4B0D00B3E615450ABC4E,148800,RAW,VALID
CRD_4B11473ECD9245248564,3840,RAW,VALID
CRD_4B160DDD24C54ACA8B72,1946,RAW,VALID
CRD_4B1DB69AB33149CFB3D1,180,RAW,VALID
CRD_4B1E14482DF6442A8088,2076,RAW,VALID
CRD_4B2B4A42869D4583AFCB,1649,RAW,VALID
CRD_4B3B7C90C55443A7B6F2,12895,RAW,VALID
CRD_4B54FA5828754EE1BCD7,10120,RAW,VALID
CRD_4B6DD9DF25B548FEA79D,7530,RAW,VALID
CRD_4B75B995CF8948918B35,7010,RAW,VALID
CRD_4B9283B93544449DBC2D,2831,RAW,VALID
CRD_4BC0454F738547C680E7,8493,RAW,VALID
CRD_4BDF5407844B4C4399F9,8919,RAW,VALID
CRD_4BE279D087D44FB6B0F3,1401,RAW,VALID
CRD_4BF74DA1A517491DB6F7,4890,RAW,VALID
CRD_4C0F021D6C8D4B2C95BD,2480,RAW,VALID
CRD_4C0F71EF7CD14B5DAC80,168,RAW,VALID
CRD_4C12E5F0808C4CD8A09F,3110,RAW,VALID
CRD_4C3F242E3B7545CEA793,610,RAW,VALID
CRD_4C491E5A492F45CB8EB5,3807,RAW,VALID
CRD_4C67C7A9419549B09F71,180,RAW,VALID
CRD_4C6B8CCE76054101B753,1945,RAW,VALID
CRD_4C846CECB8E74C96BF39,2091,RAW,VALID
CRD_4C8698FF6B3849B49B28,239,RAW,VALID
CRD_4C94C9838D3A4C2DA183,1466,RAW,VALID
CRD_4C9F174845584E2D8806,1060,RAW,VALID
CRD_4CA4DA6436B34162B705,1479,RAW,VALID
CRD_4CB4D847706A453D8A1F,50390,RAW,VALID
CRD_4CBEC2D7C8DF430DA560,13220,RAW,VALID
CRD_4CC1B8E1952F40E5AE74,140,RAW,VALID
CRD_4CC81C78A11A4E46AD49,9523,RAW,VALID
CRD_4CCBCECB375543B99CEB,14770,RAW,VALID
CRD_4CE79903A8A042498E53,1079,RAW,VALID
CRD_4CE7E440FEFE4B8EB2AB,5570,RAW,VALID
CRD_4CF3E079DB20440ABDB1,1820,RAW,VALID
CRD_4CF6CEF79B8D4088917C,234,RAW,VALID
CRD_4D1CD4CF50AA440F904D,19060,RAW,VALID
CRD_4D1DBE122AB04EE8AB19,2710,RAW,VALID
CRD_4D2AB79A057148E8BE39,1579,RAW,VALID
CRD_4D37677B8AA341108958,2740,RAW,VALID
CRD_4D3EF2E899D943459B77,7285,RAW,VALID
CRD_4D987972880E4502ACD0,747,RAW,VALID
CRD_4DA4E6DE9B234E42BAE2,6950,RAW,VALID
CRD_4DC194AB4E8E4B84BD67,2187,RAW,VALID
CRD_4DC3694C7B5E49B7A1A8,51500,RAW,VALID
CRD_4DD11310DD574B5BAF64,940,RAW,VALID
CRD_4DD30CBFBB2B4EB88C71,33720,RAW,VALID
CRD_4DFC063703184E429E4F,7740,RAW,VALID
CRD_4E00186303FD42FCA5B7,190,RAW,VALID
CRD_4E19D3DA09F7478A8AE4,3950,RAW,VALID
CRD_4E2B82591E6842DFB0EB,58,RAW,VALID
CRD_4E40BBC7A11147499348,955,RAW,VALID
CRD_4E59295B4DF14431A9B7,579,RAW,VALID
CRD_4E708DE56D9944CFB875,610,RAW,VALID
CRD_4E711DDC48A24974B926,2440,RAW,VALID
CRD_4E71B1C188B74ACDB2DB,746,RAW,VALID
CRD_4E744A43E495413AAC15,95240,RAW,VALID
CRD_4E8F8D42F8524276A6BD,2586,RAW,VALID
CRD_4E99AE84CC834A47AD97,3010,RAW,VALID
CRD_4E9C75A6CC65443E9021,550,RAW,VALID
CRD_4EB0074F19194FD08F0B,240,RAW,VALID
CRD_4EB2410F9979486EA231,3620,RAW,VALID
CRD_4EC3A525E385456A88F0,69272,RAW,VALID
CRD_4EE25BC32C984F3BBC3C,1970,RAW,VALID
CRD_4EF712E5DEDB420796AE,2243,RAW,VALID
CRD_4F19F10CD72544CDB78E,1761,RAW,VALID
CRD_4F2A7D0A1A7B4BA789D5,29780,RAW,VALID
CRD_4F4282B9BBB74862A121,870,RAW,VALID
CRD_4F48AF7F7CD84E0EA0B1,1684,RAW,VALID
CRD_4F6B88682F194C539477,1684,RAW,VALID
CRD_4F738DC1C0384C8E8415,1296,RAW,VALID
CRD_4F8FA4ED50DA4A6AA4D3,140,RAW,VALID
CRD_4F945928CE844FBD8648,1260,RAW,VALID
CRD_4F9A907B588C4D71ADBF,3663,RAW,VALID
CRD_4FBC77A3FDD544CCA755,742,RAW,VALID
CRD_4FD05F42130846719AF7,92520,RAW,VALID
CRD_4FFBC5FEC7274C13BE41,32998,RAW,VALID
CRD_500998CEAE8F48BE9DA0,14940,RAW,VALID
CRD_502F5EDDE5B44325905B,1100,RAW,VALID
CRD_5034E9197BEF4694BCDE,4830,RAW,VALID
CRD_506A9FE402DF410A9083,7926,RAW,VALID
CRD_50757DF212C2435ABE50,1050,RAW,VALID
CRD_50821B0A1B1544889F09,680,RAW,VALID
CRD_50907E2F804C48AEA846,3065,RAW,VALID
CRD_5094F85922274E7CAC3C,228400,RAW,VALID
CRD_509F370C46394353934C,930,RAW,VALID
CRD_50ACE060260D40C7B2AC,5390,RAW,VALID
CRD_50B50B0ABF4D437598F7,2480,RAW,VALID
CRD_50C0DEEAB02B452683DA,743,RAW,VALID
CRD_50DE7B5127534FE2A569,279,RAW,VALID
CRD_51054B3353C34EBC99FF,2540,RAW,VALID
CRD_510E12E6D5CD417197BF,15990,RAW,VALID
CRD_511F933EEDE74C64AB4A,1750,RAW,VALID
CRD_5148B33EFB2449B1B0BA,3221,RAW,VALID
CRD_51568A9C8361413DB34E,3522,RAW,VALID
CRD_517D349E079B4F5E83C7,12642,RAW,VALID
CRD_51808E684CD64F418E0A,830,RAW,VALID
CRD_518259D3BB704065A54A,930,RAW,VALID
CRD_519C4783A21343ABB5E8,1119,RAW,VALID
CRD_51A40A7F283548AAA8AC,357,RAW,VALID
CRD_51B35B799843488F8BD0,520,RAW,VALID
CRD_51BAE0050B1B403BBD88,3555,RAW,VALID
CRD_51C1A941A9694DF8AA9A,1784,RAW,VALID
CRD_51D04CC150CD4DD58F28,1390,RAW,VALID
CRD_51D5975726974B7B8758,6940,RAW,VALID
CRD_51DDA6EA64684E538750,210,RAW,VALID
CRD_51EB2AB1F8BE40468C95,6702,RAW,VALID
CRD_524170C118594AD6B7E3,3320,RAW,VALID
CRD_5253E851E4414AD68104,3633,RAW,VALID
CRD_52591157ACD8487D99CF,457,RAW,VALID
CRD_526DC2B6050A4A1FB8A3,980,RAW,VALID
CRD_526DC57204B446B594BD,960,RAW,VALID
CRD_527B58F17A3E49AEB25F,140,RAW,VALID
CRD_528E8910A24647CE96C3,143,RAW,VALID
CRD_52AAE0598913498D8B12,1375,RAW,VALID
CRD_52B306F7D32545678508,12245,RAW,VALID
CRD_52D2632208334D4B88B0,1068,RAW,VALID
CRD_52F5DDE5DDE7486DAF16,14760,RAW,VALID
CRD_52F60B81183042E68553,507,RAW,VALID
CRD_52F68E4F10704A3FB529,866,RAW,VALID
CRD_52F916AFA8B244C5ACDA,12107,RAW,VALID
CRD_5308BD56BE1440DC86D2,6271,RAW,VALID
CRD_530DC1322A98447495D2,890,RAW,VALID
CRD_5321023EE01C496BA1D8,112,RAW,VALID
CRD_53220555F67B44E18651,1215,RAW,VALID
CRD_5332201EA310411BBF5D,320,RAW,VALID
CRD_53468E96BA24425694EB,10833,RAW,VALID
CRD_53504BEF2B164AFA9492,2210,RAW,VALID
CRD_535F50E9DD9145CFB167,2410,RAW,VALID
CRD_53601313F5F840D7BE86,2310,RAW,VALID
CRD_536CF43303D74BB4BB90,1831,RAW,VALID
CRD_53811FEF046C46BC8D3A,176,RAW,VALID
CRD_53864D1A7E104131B58A,416,RAW,VALID
CRD_538D95CFF9F94605BAA0,3550,RAW,VALID
CRD_539273CC06F546848821,20140,RAW,VALID
CRD_539D580996A8493CA8A2,180,RAW,VALID
CRD_53A0FD8027524CC4A991,619,RAW,VALID
CRD_53BC7943DA1C4E528F42,150,RAW,VALID
CRD_53C3C8439568425FBA77,772,RAW,VALID
CRD_53E1012862E24CE386A1,152,RAW,VALID
CRD_53E878DB5D8944638209,1930,RAW,VALID
CRD_53EAEC16A2AC449B842F,170,RAW,VALID
CRD_53F9BEE45FFC4745AC79,17890,RAW,VALID
CRD_5403B77391C44B59BBF1,80306,RAW,VALID
CRD_54066807917542B79D0E,1200,RAW,VALID
CRD_54079F1439374F52BCF7,419400,RAW,VALID
CRD_54122CD2AC754C009580,2530,RAW,VALID
CRD_5428C6299F5640EBA326,1120,RAW,VALID
CRD_5454D86FB3AE476B8576,193,RAW,VALID
CRD_54629510CAF0436F9A1E,1217,RAW,VALID
CRD_5468B5F7E7644C059874,4410,RAW,VALID
CRD_5470C871DF3146EB9C6B,1334,RAW,VALID
CRD_54805A45B9364F29B502,407,RAW,VALID
CRD_5484754441BB42A286AE,746,RAW,VALID
CRD_54862537AC0B4A368C5A,44431,RAW,VALID
CRD_549320962C484F599EC6,740,RAW,VALID
CRD_5495412158834F0487D3,2752,RAW,VALID
CRD_549E381006304AAB8D75,921,RAW,VALID
CRD_54A4959E13F64F7AB630,1390,RAW,VALID
CRD_54B1B0CAD05346959E1C,1980,RAW,VALID
CRD_54D2FB20FB064C93818F,120,RAW,VALID
CRD_54D722AB502448B6BCB9,2680,RAW,VALID
CRD_54E3A91B69264976B1D1,4650,RAW,VALID
CRD_54EB8FDFE84741599C5A,2060,RAW,VALID
CRD_550D287466E74BD49C99,5890,RAW,VALID
CRD_55135DAC7D1B4FF1AB6D,395,RAW,VALID
CRD_553E1785CA84462FAFF5,1750,RAW,VALID
CRD_5545BE5E05C5475FA8C2,1380,RAW,VALID
CRD_5563F3670A2C4D95AB21,776,RAW,VALID
CRD_5571E9D37C0F44EB9D0C,19480,RAW,VALID
CRD_55835D4F7A5A4F3BA60D,960,RAW,VALID
CRD_5592B918549340D29D73,1670,RAW,VALID
CRD_55BE769CC493490B9696,8438,RAW,VALID
CRD_55EE6B10CEA84CDA8EED,59138,RAW,VALID
CRD_55FDE55C017C4092A5B0,15598,RAW,VALID
CRD_561FF374668A4C52B7A9,1040,RAW,VALID
CRD_56347219393547F19FCB,4570,RAW,VALID
CRD_5667330F7AAF41858B63,183,RAW,VALID
CRD_5668BB43C6824C25B7FB,3530,RAW,VALID
CRD_567E3EA66DF544DA9814,9900,RAW,VALID
CRD_568ACA1A12854172B6CD,2810,RAW,VALID
CRD_56A35E064F464D32B8D7,5956,RAW,VALID
CRD_56AD26AE94C842519BA8,1204,RAW,VALID
CRD_56AEEC243AFF49348A6E,182,RAW,VALID
CRD_56BC4E58C5934A90B2F1,2836,RAW,VALID
CRD_56CD73E3F5C544A2B1AD,540,RAW,VALID
CRD_56CE5AE045504777AAE8,176,RAW,VALID
CRD_56E74A6F8ED840E5855A,3125100,RAW,VALID
CRD_56F7E4C6FF4B4CBEA51F,26442,RAW,VALID
CRD_5704D0F94D3F482C8103,264,RAW,VALID
CRD_57174D8548094A65841F,2661,RAW,VALID
CRD_57278A1C3B6140809E3F,1630,RAW,VALID
CRD_5727B24E8A6442A9A5E7,1136,RAW,VALID
CRD_572C9B22477A47FB9AEB,9582,RAW,VALID
CRD_574890E1CF4F4130A020,3840,RAW,VALID
CRD_5751676A34FF4B128A73,729,RAW,VALID
CRD_5754D3B72AA34FB4A42C,1215,RAW,VALID
CRD_576DC2D934294498A93F,990,RAW,VALID
CRD_578FDAA332FD4381BC35,1260,RAW,VALID
CRD_579416A2A535432F8F30,30000,RAW,VALID
CRD_5798719CFA7B4AF9928A,1320,RAW,VALID
CRD_57A6E71EBA0E4FD0B4A1,220,RAW,VALID
CRD_57B32B1E9555424D8963,2590,RAW,VALID
CRD_57B8FD435C2148F8854F,979,RAW,VALID
CRD_57BF36837D354F8B8535,25234,RAW,VALID
CRD_57BFC803754F499E82F0,140,RAW,VALID
CRD_57CF7BA35A2F4108A971,900,RAW,VALID
CRD_57D3263FF3A147BF9CBD,13390,RAW,VALID
CRD_57D75046E0404E6EBE7B,4721,RAW,VALID
CRD_57E4BE5A1FDD46759576,11620,RAW,VALID
CRD_57EB73076A4B471381A3,630,RAW,VALID
CRD_580818D205C94783B0C1,1080,RAW,VALID
CRD_5830A265E66848C49F6F,2380,RAW,VALID
CRD_5836A136DD3E47DB8AE1,23350,RAW,VALID
CRD_5854A8B691CA4AF9B909,5948,RAW,VALID
CRD_5856FD4E3CD348CD9E52,1800,RAW,VALID
CRD_58AEBF1133424C8B92C1,190,RAW,VALID
CRD_58B23BBE13C047A0BE1A,140,RAW,VALID
CRD_58C2AC0BC35A4605B2A3,370,RAW,VALID
CRD_58CA4FCBE74947989A92,1577,RAW,VALID
CRD_58CE2CBBA7CE487B8628,3700,RAW,VALID
CRD_58E466F3E3064DF98E83,825,RAW,VALID
CRD_593E4A28970A4C3C8255,1428,RAW,VALID
CRD_594A5B7B75D040D5B7B8,17775,RAW,VALID
CRD_595B6C8D454040518BFD,2710,RAW,VALID
CRD_5965C8E46105490CBE74,4312,RAW,VALID
CRD_59976B37A8E84CBF8304,9787,RAW,VALID
CRD_599E7458ABA7436BA692,8160,RAW,VALID
CRD_59C05E1C41D0406E8DF2,215,RAW,VALID
CRD_59D148E4C2854E5AAA96,594,RAW,VALID
CRD_59D5ED41D1EE424B829A,3390,RAW,VALID
CRD_59D948D23D9B4A8997F2,13970,RAW,VALID
CRD_59E0A7F3922147D59CD0,57340,RAW,VALID
CRD_59F6DAA62F9D4244976D,5088,RAW,VALID
CRD_5A0A8856ED35413F8D24,900,RAW,VALID
CRD_5A11A9B4CB924667ACDC,10239,RAW,VALID
CRD_5A1A6E8474A040978D4B,5830,RAW,VALID
CRD_5A3BCBE340EB4953A691,8160,RAW,VALID
CRD_5A428B14DAB74DF987AB,9850,RAW,VALID
CRD_5A5295A6BE874BBA8414,68633,RAW,VALID
CRD_5A8FC382CCE44FCEBEB2,6325,RAW,VALID
CRD_5A9588570BE84441901E,518,RAW,VALID
CRD_5AA4F2695B3D4CB48B68,4080,RAW,VALID
CRD_5AFD5F4B7631458284E9,571,RAW,VALID
CRD_5B35A21321964FEFB636,5170,RAW,VALID
CRD_5B57F8A6A3104F4E93DA,576,RAW,VALID
CRD_5B5AD56134634293963C,380,RAW,VALID
CRD_5B702C8872B74994BDE1,11170,RAW,VALID
CRD_5B85A98483504BD2B701,12048,RAW,VALID
CRD_5B8CAA654E9949FC8C70,570,RAW,VALID
CRD_5BDD62DBF28CF0E30ECD,22060,RAW,VALID
CRD_5BFE2B8ADBF64C2CBCFF,2180,RAW,VALID
CRD_5C096EF4AA584BDCA606,785,RAW,VALID
CRD_5C104F12C3C94EE49C84,19173,RAW,VALID
CRD_5C16965B4D8C4C77943D,730,RAW,VALID
CRD_5C3EB535E3A64CD4886B,1760,RAW,VALID
CRD_5C43B57F41454A238C06,3193,RAW,VALID
CRD_5C57E2D4DFC8419EAFAA,5468,RAW,VALID
CRD_5C626761376341E3AEE8,3320,RAW,VALID
CRD_5CA455DEF57B449E9681,12430,RAW,VALID
CRD_5CB7DF4E7368416EB437,3850,RAW,VALID
CRD_5CC4F5F3C4294D54BEBB,171,RAW,VALID
CRD_5CDC6F885194428BADB1,921,RAW,VALID
CRD_5CE1C6B2A9B548A8B3DF,746,RAW,VALID
CRD_5CE39B03B3954AB3B664,960,RAW,VALID
CRD_5D04471E96A84B7CB7F4,3530,RAW,VALID
CRD_5D2CBBAD2CD244CCBB58,848,RAW,VALID
CRD_5D478653E46E4634B4E2,9189,RAW,VALID
CRD_5D48C69399A74C799C12,757,RAW,VALID
CRD_5D69A490DCA54BE28B61,157,RAW,VALID
CRD_5D76FEADA66646C89642,780,RAW,VALID
CRD_5D7CA51BCEB44BAEA02D,2100,RAW,VALID
CRD_5D82D98321EE4B3B8CFB,2221,RAW,VALID
CRD_5D857A6DB3B4475CAD61,3380,RAW,VALID
CRD_5D86E01964624A8CBE40,67900,RAW,VALID
CRD_5D99F1F054944414B285,3434,RAW,VALID
CRD_5D9CED91492B4E768613,7150,RAW,VALID
CRD_5D9E1E48807A4B839B95,729,RAW,VALID
CRD_5DAB2DD66D0B451E8825,4150,RAW,VALID
CRD_5DB81F6CB60742D3952B,230,RAW,VALID
CRD_5DF12C9B3FCC471D90BA,1141,RAW,VALID
CRD_5DF591EAB7B44D25AF5A,300,RAW,VALID
CRD_5E2191E093894018B5DF,1190,RAW,VALID
CRD_5E2DD9D7EE3942628E86,5249,RAW,VALID
CRD_5E38B57AA54A42D3BA96,190,RAW,VALID
CRD_5E4E70BF23AC40C7ACFF,593,RAW,VALID
CRD_5E50FAE179C84F9C8755,1300,RAW,VALID
CRD_5E8B9D8B826549B5BE0E,2280,RAW,VALID
CRD_5EC5DF045E124BF1ACA2,24290,RAW,VALID
CRD_5EE5BC37B7894924A235,1210,RAW,VALID
CRD_5EE6DC9AFBE242028F0F,8072,RAW,VALID
CRD_5EF0A6A219594553A91B,14500,RAW,VALID
CRD_5F01B946CC6C4F5F95B0,424,RAW,VALID
CRD_5F01EFF37F2B4265ACDD,2170,RAW,VALID
CRD_5F09CD4E587B4983ACCF,1630,RAW,VALID
CRD_5F0F40D590F84E8289CE,690,RAW,VALID
CRD_5F1E0C24C1C64F5FB49E,12000,RAW,VALID
CRD_5F3E80E210DF43958293,1070,RAW,VALID
CRD_5F4D4AC299E34809963A,593,RAW,VALID
CRD_5F5654DF27524F1385D6,396,RAW,VALID
CRD_5F7760C6F9C843AFBC32,7060,RAW,VALID
CRD_5F8E8D482CEE40979BB4,248,RAW,VALID
CRD_5F9A15D40E55413889CB,1240,RAW,VALID
CRD_5FB16D1BB32E4BC8873F,4610,RAW,VALID
CRD_5FB29A7CDA6A4F8698B4,488,RAW,VALID
CRD_5FE253E42C974A6AB4E7,15870,RAW,VALID
CRD_5FF7C03BB99345278E5E,1546,RAW,VALID
CRD_5FFCA0AB3BF4438A8D41,5510,RAW,VALID
CRD_5FFCA95807BE4F5A9443,945,RAW,VALID
CRD_600E014CD3CD4A00BD0B,1900,RAW,VALID
CRD_6033B85380BA4D14AE12,13500,RAW,VALID
CRD_604492DE52EA4B7F81F6,10900,RAW,VALID
CRD_6048FC300CB84CADAB99,9616,RAW,VALID
CRD_606F71558BA8468DA1FE,590,RAW,VALID
CRD_608AF077FAB548EA89BD,330,RAW,VALID
CRD_608F4EEEECE54A96A007,7670,RAW,VALID
CRD_60994F0DC5F242CA928F,4272,RAW,VALID
CRD_60DCE63929FF4EDD9CEA,840,RAW,VALID
CRD_60F01E549A5F4ED5BCAB,2931,RAW,VALID
CRD_6107CE7DBE884EAE9B22,3645,RAW,VALID
CRD_611E90329796471CB2D4,838,RAW,VALID
CRD_612B2096761E42C3A8A3,212,RAW,VALID
CRD_6136135AE22040079308,195,RAW,VALID
CRD_6145A055ACC240FCB08D,3656,RAW,VALID
CRD_614DE1758C59451FBC92,210,RAW,VALID
CRD_618582EF6E874473AD9F,2590,RAW,VALID
CRD_61DFC00AB69D4E0D953C,150,RAW,VALID
CRD_61F147DE16A4427C9E3B,4730,RAW,VALID
CRD_6208A844312F4FCEA6A1,1232,RAW,VALID
CRD_62132631CE684A58A336,411,RAW,VALID
CRD_621EC27A4FFC46AAA5B0,4526,RAW,VALID
CRD_6233EED5112D4257876B,4050,RAW,VALID
CRD_62382B166E0840719246,200,RAW,VALID
CRD_6254B969E7A7449094FA,3488,RAW,VALID
CRD_62582500388642AD8992,1640,RAW,VALID
CRD_626420F611AD49BAA98D,157,RAW,VALID
CRD_627474F7EF5F4BDB9549,31890,RAW,VALID
CRD_6287A3AF49C442799402,1000,RAW,VALID
CRD_62A6B9CDD727412080D2,13206,RAW,VALID
CRD_62AFC6A6B1234F778316,1130,RAW,VALID
CRD_62BDFC93B8524B53A057,1170,RAW,VALID
CRD_62C30725144E4427BB77,200,RAW,VALID
CRD_62C3A4F356F74487824A,7684,RAW,VALID
CRD_62C8546C52084CE08D66,1020,RAW,VALID
CRD_62D1A0E97E804231B0D6,2960,RAW,VALID
CRD_62F7E63236364CB1A703,17860,RAW,VALID
CRD_63013DACF91C4789A924,6281,RAW,VALID
CRD_630A12E88A2C405CB9F3,25978,RAW,VALID
CRD_63141A82DE9B4DB48A54,904,RAW,VALID
CRD_634203B063A54BAD8C11,9516,RAW,VALID
CRD_63550D89E20048CA8259,1560,RAW,VALID
CRD_635F799A0D2C4619893C,3332,RAW,VALID
CRD_6372ABB03C6D49E1B035,3246,RAW,VALID
CRD_6393EBE4F2594F90B558,4735,RAW,VALID
CRD_6396E1AD59084F64A801,4440,RAW,VALID
CRD_6399B03EC1A54922BB8C,450,RAW,VALID
CRD_63B80E0E81474366B192,5210,RAW,VALID
CRD_63C1890645A14E069576,2039,RAW,VALID
CRD_63C895F49C5A421D9548,4730,RAW,VALID
CRD_63CF750F292B420E9045,21620,RAW,VALID
CRD_63D4879876974E509121,190,RAW,VALID
CRD_63E87C95C4734C3FB480,580,RAW,VALID
CRD_63EFA1E2D426449697C7,2600,RAW,VALID
CRD_63F5B0FD4B07476CB192,1288,RAW,VALID
CRD_640E8984CA144951984C,2544,RAW,VALID
CRD_640F3D6A0BD2463986B1,176,RAW,VALID
CRD_64121CF918D94791A1DD,1163,RAW,VALID
CRD_6412506A2B9B42B895C2,4880,RAW,VALID
CRD_641A3A941D1A424C84B3,2120,RAW,VALID
CRD_6424F4FA8DB0409195E6,2305,RAW,VALID
CRD_642D216663B14FD592ED,150,RAW,VALID
CRD_6434F1BE098C4F98B481,7650,RAW,VALID
CRD_644AB314E2154B318313,53960,RAW,VALID
CRD_644D9605B98343E2BD97,8000,RAW,VALID
CRD_646451564B014C19BB2E,82194,RAW,VALID
CRD_646D4781521444DCA2AF,10920,RAW,VALID
CRD_64904033464E4C1DA53B,458,RAW,VALID
CRD_649DBF44700540B8A098,610,RAW,VALID
CRD_64A023A4F1074382A6F7,7724,RAW,VALID
CRD_64AC0547355944F0835D,22280,RAW,VALID
CRD_64AF5808BBFB437AAAD3,32714,RAW,VALID
CRD_64C02283DD0E49BEA124,1609,RAW,VALID
CRD_64D59B5F08A74343BAD0,1068,RAW,VALID
CRD_64E058D69CF943F5B6C0,2150,RAW,VALID
CRD_64EA988E405547A794C3,567,RAW,VALID
CRD_64EEDFC9E563497FA922,40185,RAW,VALID
CRD_656BC340421641E5A050,2140,RAW,VALID
CRD_6586202DC9F2442E92B7,1400,RAW,VALID
CRD_65B86BDD091845B6B9B3,1761,RAW,VALID
CRD_65DE95DF80D94E05A42A,3682,RAW,VALID
CRD_6601BE7A1DE143349FA6,284,RAW,VALID
CRD_6607B77324F0417E8647,1410,RAW,VALID
CRD_66116DF43BE7463F97E7,3160,RAW,VALID
CRD_6622C5C878F244828DA2,2510,RAW,VALID
CRD_663C98F6109848CD9597,9180,RAW,VALID
CRD_6657C5F9E27145AA9961,20870,RAW,VALID
CRD_667E09D4457B4159ACB6,1062,RAW,VALID
CRD_6692FF0A37A7473AAF6B,1360,RAW,VALID
CRD_66939CDD71824EF5877F,10931,RAW,VALID
CRD_66963C0675B84ECAA1FA,520,RAW,VALID
CRD_669F982DB44549EFB5E2,4541,RAW,VALID
CRD_66AB3EEC58944846BD32,582,RAW,VALID
CRD_66B86CAACE834BA39882,294,RAW,VALID
CRD_66E574AC0049442F9B22,3569,RAW,VALID
CRD_66EF57E1FAC943AEA97D,1680,RAW,VALID
CRD_66F3A5A65EF7499288F2,2108,RAW,VALID
CRD_672B4D1A3B27458F9805,84290,RAW,VALID
CRD_67397D46BAC44F998127,2313,RAW,VALID
CRD_67500D676E7A49D1928A,2311,RAW,VALID
CRD_6758A956D73C4F90BE9F,5630,RAW,VALID
CRD_678293733C984C86A7F2,1091,RAW,VALID
CRD_67AC53C3B7C24162A902,1130,RAW,VALID
CRD_67BA3BC34CA2443FAB1C,4924,RAW,VALID
CRD_67CFE01AE03E495B9FB2,55034,RAW,VALID
CRD_67DCCA6B98564C55A6CD,10000,RAW,VALID
CRD_67EB5EB9C55848ECA538,1092,RAW,VALID
CRD_67F29079C11444D7B0CA,120,RAW,VALID
CRD_683F3F874CB848EF94C4,130,RAW,VALID
CRD_6844172254A344548A6C,8143,RAW,VALID
CRD_684A3F96ECB64020B759,667,RAW,VALID
CRD_685FD3A30CD4473393DD,2123,RAW,VALID
CRD_6867ED7294D14913A168,16781,RAW,VALID
CRD_68701C3E4E4942B29F01,761,RAW,VALID
CRD_68750CA7D67B49579E22,1181,RAW,VALID
CRD_6879A3B2FF474EFAABAA,395,RAW,VALID
CRD_68A361083D184172982D,7540,RAW,VALID
CRD_68ACF9F3119E4D75BABA,190,RAW,VALID
CRD_68AFBE59B0D944A69E33,7000,RAW,VALID
CRD_68C455E4A71E4DBA86E7,3439,RAW,VALID
CRD_68DB6AC7C4BB4ACD92ED,6110,RAW,VALID
CRD_68FF087ED5984A63BAE9,19099,RAW,VALID
CRD_690D9691BB90458E8645,5478,RAW,VALID
CRD_6912AF9C0880455DB48F,1540,RAW,VALID
CRD_692B14B6D94747048405,1032,RAW,VALID
CRD_693D655002B04679AF62,2352,RAW,VALID
CRD_694BA62B745A4D1E9025,42304,RAW,VALID
CRD_69525AAF5E3C4C99AB79,47750,RAW,VALID
CRD_695A1C7D2A614268A739,24520,RAW,VALID
CRD_6963C4D7FD56481C9E05,2539,RAW,VALID
CRD_696441FFCEB046F28C92,1235,RAW,VALID
CRD_6967F2866EC341D1B5A5,17060,RAW,VALID
CRD_6983EB0AA95941FE8196,1519,RAW,VALID
CRD_69A3E53625B647AE962F,200,RAW,VALID
CRD_69B3F39FEAAD4175AFED,1540,RAW,VALID
CRD_69B4BC1CEE69492C85A9,9810,RAW,VALID
CRD_69C72795CBC8432A90DC,9040,RAW,VALID
CRD_69C818D4E150495ABB8B,31744,RAW,VALID
CRD_69FF1CDC2254489A8E2D,160,RAW,VALID
CRD_6A047CD751384F969D65,584,RAW,VALID
CRD_6A05AC4797764140A0D5,2340,RAW,VALID
CRD_6A0E78B2E87B4CA88D98,2981,RAW,VALID
CRD_6A148797C15E4E7D9FE7,6586,RAW,VALID
CRD_6A23462E4F984F01BBC8,1050,RAW,VALID
CRD_6A29DC1A64574E9A92BE,209,RAW,VALID
CRD_6A49D65CBD7D467DA753,1150,RAW,VALID
CRD_6A5E3F53DC574562AB1C,8485,RAW,VALID
CRD_6A6020158B7D48B6851C,4063,RAW,VALID
CRD_6A62F065A24240519E51,1407,RAW,VALID
CRD_6A64916CD6DF4E1C952E,1980,RAW,VALID
CRD_6A6D79F1AA404CF998CD,8150,RAW,VALID
CRD_6AC614249DBA4DD285DE,2500,RAW,VALID
CRD_6B2C86298A8A48B9A1C2,2326,RAW,VALID
CRD_6B3CFFBA30BE4DB79C74,140,RAW,VALID
CRD_6B3F6BFCB5834D188F85,20260,RAW,VALID
CRD_6B42108B80C945BCA671,452,RAW,VALID
CRD_6B452C1E25584A62B2AE,1170,RAW,VALID
CRD_6B4990C003EE4F5C95AF,267,RAW,VALID
CRD_6B76266004034ADFAFE2,5724,RAW,VALID
CRD_6B800B8A1D544DEB9436,2973,RAW,VALID
CRD_6B89BCF215104ABCA86A,9731,RAW,VALID
CRD_6B90BFF3033D4996A9AB,5240,RAW,VALID
CRD_6BA5079A40E942659EB7,500,RAW,VALID
CRD_6BAE3346829849DD8C4B,1830,RAW,VALID
CRD_6BAEC561FD824CA68028,13200,RAW,VALID
CRD_6BBDDAB4D43548A49C5C,5722,RAW,VALID
CRD_6BCC0F7F5E7F4991809F,820,RAW,VALID
CRD_6BFE78CBD4924CF285F9,217,RAW,VALID
CRD_6C093D7C67AF47468F97,23263,RAW,VALID
CRD_6C18665126FF426F9C2E,59950,RAW,VALID
CRD_6C2E76C8810D45DB91FC,2590,RAW,VALID
CRD_6C3E5BD53EFB49EC967E,204,RAW,VALID
CRD_6C46069A0ABF4F55BB2D,23334,RAW,VALID
CRD_6C47EADF71464DA6A684,150,RAW,VALID
CRD_6C48D7D464D0402B9F7D,30092,RAW,VALID
CRD_6C4CD727AA4A41F8A59D,2530,RAW,VALID
CRD_6C510F8223BB456DB67C,3350,RAW,VALID
CRD_6C5AB36AD8294729A03E,1712,RAW,VALID
CRD_6C71D38CA03A4D73A6F4,465,RAW,VALID
CRD_6C79F815204042AB91D4,528,RAW,VALID
CRD_6C87482BDBFF4157B5FA,1040,RAW,VALID
CRD_6C8A167C2A5041E8B2C2,3090,RAW,VALID
CRD_6CBCB133079240129A9D,5148,RAW,VALID
CRD_6CC0A5E07CEC4B85923F,253,RAW,VALID
CRD_6CCC633E4EDE4AC7B8F3,20890,RAW,VALID
CRD_6CD688020940471E9BED,210,RAW,VALID
CRD_6CE96DE4AE2A4103BE43,198,RAW,VALID
CRD_6CE97DC55919437DBC63,3370,RAW,VALID
CRD_6CF9150210054C398987,1168,RAW,VALID
CRD_6D101670C47A4618BA64,3418,RAW,VALID
CRD_6D1BC2DD10F54AB98A56,9920,RAW,VALID
CRD_6D25064181064465A018,2074,RAW,VALID
CRD_6D3728BAC7354E489BA7,2946,RAW,VALID
CRD_6D3C1FEF61C14F46B4C5,802,RAW,VALID
CRD_6D78C3030D7942CB9EF0,10899,RAW,VALID
CRD_6D79DA4384654ADFAD71,768,RAW,VALID
CRD_6D7A01D810164EB8B111,310,RAW,VALID
CRD_6D7FD944EBBE4E7AA8A1,34604,RAW,VALID
CRD_6D8F9AF9CC2D47D0ABE5,860,RAW,VALID
CRD_6DA66A6437FD4A86B009,2200,RAW,VALID
CRD_6DB5111B654B472DAE5B,1684,RAW,VALID
CRD_6DDDEA43AA7647C5BA28,71530,RAW,VALID
CRD_6DDE5C3825A04030BEC6,5795,RAW,VALID
CRD_6DE3AEC9CE8C40398C7C,610,RAW,VALID
CRD_6E0B4C84AEBB48D9ACE6,9693,RAW,VALID
CRD_6E0CFA01EAA84472A5AAA69BE95C2DA8,47200,RAW,VALID
CRD_6E2A7F9E1B124081A497,2441,RAW,VALID
CRD_6E30EACB936041E98A01,2468,RAW,VALID
CRD_6E6230DEBE1C4DBF815D,486,RAW,VALID
CRD_6E69415874774031B60E,1076,RAW,VALID
CRD_6E6A642B52D441B786B7,860,RAW,VALID
CRD_6E6C2EE667CE4D84A52D,1990,RAW,VALID
CRD_6E77943864C749F5B25A,2239,RAW,VALID
CRD_6E7CD2D0B209451CA17C,1700,RAW,VALID
CRD_6E9405D59DA14754A6EE,870,RAW,VALID
CRD_6E9E05529FE044859508,4592,RAW,VALID
CRD_6EA72CB24D6C419B8BC1,3380,RAW,VALID
CRD_6EA8D0D00A484C1985DD,4893,RAW,VALID
CRD_6EBB0D6B60B34A9CAC8D,2200,RAW,VALID
CRD_6ECF390F7DB845A393E9,4690,RAW,VALID
CRD_6EED812BE5FE4E45BB0A,6480,RAW,VALID
CRD_6F2AFDBF9FDB47CB93E4,3944,RAW,VALID
CRD_6F30F6948BD54C099B7B,1240,RAW,VALID
CRD_6F3A522A92D245C5BD70,95080,RAW,VALID
CRD_6F5BE04789954940A44C,4990,RAW,VALID
CRD_6F63FE893F744455B063,4490,RAW,VALID
CRD_6F660305B01D494F9AB0,3950,RAW,VALID
CRD_6F764A195E6E4FF8BE8B,850,RAW,VALID
CRD_6FA0D89A1693401DB8FB,2240,RAW,VALID
CRD_6FAA2DCA23D240FBBABF,9730,RAW,VALID
CRD_6FBE2AD113B74C719B5B,836,RAW,VALID
CRD_6FC1CB0DAF0D475BAF64,457,RAW,VALID
CRD_6FC66FFBF4F043FF9348,2322,RAW,VALID
CRD_6FCF50A226284C4495C6,10742,RAW,VALID
CRD_6FF014B0CBF4472C9593,2990,RAW,VALID
CRD_70077C9FC60D4FE79B50,3950,RAW,VALID
CRD_7014E3576D824D92AD07,2272,RAW,VALID
CRD_70232D25A67C4C04A915,180,RAW,VALID
CRD_702857AB918C4E93B38D,2049,RAW,VALID
CRD_704B8C245A2D48CFA157,220,RAW,VALID
CRD_70689C813B324C93AC03,7176,RAW,VALID
CRD_7069D05844E74942ADE8,1020,RAW,VALID
CRD_7073512FE78844239956,15760,RAW,VALID
CRD_70824255C49C485D92BC,4158,RAW,VALID
CRD_7084B05629B04BBEA2F3,1238,RAW,VALID
CRD_7086E1BDC9604B90A351,490,RAW,VALID
CRD_70914C281622475CA8B8,8476,RAW,VALID
CRD_70943598653E422CB652,3549,RAW,VALID
CRD_709A2E7C8F6F465F9E61,4160,RAW,VALID
CRD_70A1CFED68464E399860,12198,RAW,VALID
CRD_70A5FC244F7E41DE819D,933,RAW,VALID
CRD_70AB4EE68E7847EB9537,4255,RAW,VALID
CRD_70BF01A370254FDF84AA,289,RAW,VALID
CRD_70C03F70940E4AFD89F7,2788,RAW,VALID
CRD_70C9E5F033A642FA8AA9,5888,RAW,VALID
CRD_70DBE52BB8F949A2A864,140,RAW,VALID
CRD_70F0C4F7265945BF97DE,1554,RAW,VALID
CRD_710DC79FEA9542A1BD21,21400,RAW,VALID
CRD_710F7A26402941E7A4D7,1300,RAW,VALID
CRD_711241AAC3CB4EFB8F22,2481,RAW,VALID
CRD_7114B0F7FF874949B3FE,622,RAW,VALID
CRD_7115A416A282440CAC93,5636,RAW,VALID
CRD_71205B71BAD34A2C85BD,3221,RAW,VALID
CRD_715FB49EC8004D6DAD2F,7244,RAW,VALID
CRD_716841C8EA25435BA3A7,10170,RAW,VALID
CRD_7198FCCE27034FF78404,22710,RAW,VALID
CRD_71B943080D4E4023A1B4,41609,RAW,VALID
CRD_71D80DC21CF94EA294AF,2171,RAW,VALID
CRD_721C06FA7E914D659B80,228,RAW,VALID
CRD_7258B944611440859FD1,630,RAW,VALID
CRD_725B42F08E65463899B9,3130,RAW,VALID
CRD_7269FACD98284466BD3F,3180,RAW,VALID
CRD_726F592D695C48E8837F,2930,RAW,VALID
CRD_72783B70F01B4ED8B41A,3690,RAW,VALID
CRD_7283A07A9E7242E69F1F,520,RAW,VALID
CRD_7287BB47FFDE4919A94C,6210,RAW,VALID
CRD_729748E685DD4FEB87C8,2019,RAW,VALID
CRD_72D59C5B494A40E7BB6B,2460,RAW,VALID
CRD_72DC6FDF73B541818CBF,1071,RAW,VALID
CRD_72EA7027E1B24D65A9C8,3616,RAW,VALID
CRD_73060B256D5B47E6A823,1530,RAW,VALID
CRD_730805FC07034C0DB994,110009,RAW,VALID
CRD_731422CCDFEE4AC59613,70490,RAW,VALID
CRD_7341FC41F0D143948B61,5410,RAW,VALID
CRD_734D08C448CA482595A4,2110,RAW,VALID
CRD_738510ECA688475BA724,2120,RAW,VALID
CRD_7397558D5108401EB78D,12692,RAW,VALID
CRD_739A8D30A5494EFBA4DB,2100,RAW,VALID
CRD_73BB41EBB51F4E5C98C6,5960,RAW,VALID
CRD_73BC837020A74A488C75,1740,RAW,VALID
CRD_73BF8E71FFB94618AEB0,260,RAW,VALID
CRD_73CA21A2A3EB47D1AF95,8877,RAW,VALID
CRD_73D6953981C84918B834,1870,RAW,VALID
CRD_73D90A06E6DB40DDAA41,3420,RAW,VALID
CRD_73E5E12743E44600A13C,279,RAW,VALID
CRD_73E84D59CC8E4A4CA6FD,13608,RAW,VALID
CRD_73F42BA51E1C4FD4A7B7,1204,RAW,VALID
CRD_742200F17881431CB52E,1899,RAW,VALID
CRD_74339EE06F0E42DC99FE,1414,RAW,VALID
CRD_744238CF563C4F9ABC6A,8040,RAW,VALID
CRD_7457BA11C1D9436DAEED,7970,RAW,VALID
CRD_746765E6B4BD453D839B,239,RAW,VALID
CRD_7472D09449364F81AB38,1588,RAW,VALID
CRD_749056557121444EB3EA,4690,RAW,VALID
CRD_74B6C998B365467C940F,157,RAW,VALID
CRD_74B902EF7172401CA468,162,RAW,VALID
CRD_74E51DCCF8D24ADBA306,4850,RAW,VALID
CRD_74F86A62A42E4BF9ACC7,316,RAW,VALID
CRD_74FA58390E8E48D397F0,1359,RAW,VALID
CRD_7518CBB1CFE544CF9DA8,3458,RAW,VALID
CRD_7557F5D3856F4AB8BAA7,420,RAW,VALID
CRD_75B006ABADD148E0A5BB,4589,RAW,VALID
CRD_75B112D50ACB4C48BD78,4850,RAW,VALID
CRD_75B6983BC68F478F89E9,1130,RAW,VALID
CRD_75D9086E863C4AA6A733,590,RAW,VALID
CRD_75E352E7A1BF4AD3A0CF,24658,RAW,VALID
CRD_75EF99D62A3D4947A330,2880,RAW,VALID
CRD_75F07C682B69468CA27A,393,RAW,VALID
CRD_75F716B7F446495680CA,10047,RAW,VALID
CRD_76057B536C1E494D9DD9,10211,RAW,VALID
CRD_761714141AFD427DA3EC,24128,RAW,VALID
CRD_761AFE3BD91646FEBEA5,12697,RAW,VALID
CRD_761F112811784F3C9B5A,582,RAW,VALID
CRD_7633E4DC01B743F4A4BC,186700,RAW,VALID
CRD_763739C433694BD7A95F,1077,RAW,VALID
CRD_76493C10952F4FC896FF,750,RAW,VALID
CRD_7666E22ADA2D4444AB42,18529,RAW,VALID
CRD_7670562F15A640309F43,1810,RAW,VALID
CRD_7677BD40116548CBA138,1583,RAW,VALID
CRD_768441CE9EA84982800D,1030,RAW,VALID
CRD_768F67D90A2142609676,14867,RAW,VALID
CRD_76AE8067C83542EF95BB,8420,RAW,VALID
CRD_76C27B14CD0C45E3A73B,781,RAW,VALID
CRD_76E040037E814AEF841B,840,RAW,VALID
CRD_77207234896E4180A67D,1360,RAW,VALID
CRD_773316D488304D578A1D,780,RAW,VALID
CRD_774A388CB1DC46F384AE,8345,RAW,VALID
CRD_775A49F21F744A09869C,14000,RAW,VALID
CRD_77624728BFEA41878FA1,32131,RAW,VALID
CRD_77BB414B737A48BA9F33,1880,RAW,VALID
CRD_77BD7E23B3354084B0C9,700,RAW,VALID
CRD_77E23D6E57A144EB9BD7,15610,RAW,VALID
CRD_782CB6FCC2EE442F9402,450,RAW,VALID
CRD_78304A223D8C4A2EAD04,5990,RAW,VALID
CRD_785C8280FB8348EAA230,41,RAW,VALID
CRD_78690B2E84B943EFA5E1,3085,RAW,VALID
CRD_786B7853318348889FA2,206,RAW,VALID
CRD_787A4B40D73A4555BE21,14988,RAW,VALID
CRD_787EEE4CA17C4384B003,1024,RAW,VALID
CRD_78A1D3109CFF440DAF76,2814,RAW,VALID
CRD_78BC0A0FADB34F7CAADD,1519,RAW,VALID
CRD_78C5517A0AB142AC8502,2535,RAW,VALID
CRD_78C8EBD5445449F38745,2620,RAW,VALID
CRD_78E696D892A1480CB471,3545,RAW,VALID
CRD_791572148F7B4CA19F63,1790,RAW,VALID
CRD_79249DEC98634364B4D5,4159,RAW,VALID
CRD_793053A5665347469533,2679,RAW,VALID
CRD_795EDB8C9C91475EBBBD,6975,RAW,VALID
CRD_796EC7E6363A48C6ADF7,660,RAW,VALID
CRD_798B992F69334701BDF2,2440,RAW,VALID
CRD_798D0C5E75B145E48C52,3380,RAW,VALID
CRD_79944D97ECE040D19022,120,RAW,VALID
CRD_799DF0D045214B7ABBDA,2890,RAW,VALID
CRD_79A7AA5045634FCAAE44,2606,RAW,VALID
CRD_79AB9AEE4B68458A98DD,3730,RAW,VALID
CRD_79B0B8C088454C1EB451,1899,RAW,VALID
CRD_79B516E57BA34A8A8AF8,4244,RAW,VALID
CRD_79C908702D7C4C89A247,740,RAW,VALID
CRD_79D926D3E72B4438C2AB,2272800,RAW,VALID
CRD_79DAA61E0E0E4DB6B833,3100,RAW,VALID
CRD_79ED4A2D30A34E139A64,201,RAW,VALID
CRD_79FBECF1B0704D588D61,3670,RAW,VALID
CRD_7A000CCE7DCA4B44B198,4040,RAW,VALID
CRD_7A0F593EA7884BE68C8F,3942,RAW,VALID
CRD_7A36346C7D944650B5E6,910,RAW,VALID
CRD_7A536360D1EC48FB885A,2644,RAW,VALID
CRD_7A54C2FA809B4E9699FD,413,RAW,VALID
CRD_7A64F020EDC04ED89C1D,1190,RAW,VALID
CRD_7A7850AA59504787B71D,1221,RAW,VALID
CRD_7A7B7FE3D8DA4848943D,22909,RAW,VALID
CRD_7A85040155F046DBAD18,3620,RAW,VALID
CRD_7AC4C404D19B4C5FB0B1,223,RAW,VALID
CRD_7AC86543E266416EBBF3,45923,RAW,VALID
CRD_7AD3E7B95A594FFEABE6,295300,RAW,VALID
CRD_7ADACFDF9777471C8C30,256,RAW,VALID
CRD_7ADE94812E08415390CB,11095,RAW,VALID
CRD_7AF195199BBA474DA108,1686,RAW,VALID
CRD_7B0CD02EFB474874B2F9,335,RAW,VALID
CRD_7B22D01FE0474BF9AF2E,3480,RAW,VALID
CRD_7B28676DCCDC4062B984,170,RAW,VALID
CRD_7B2AC59C744C44BF9B8D,9521,RAW,VALID
CRD_7B317B9E170247469F62,667,RAW,VALID
CRD_7B7C4F93D58F45928675,230,RAW,VALID
CRD_7BA254D36DFF445F8FB2,1593,RAW,VALID
CRD_7BA2781997C84AA48CE9,6085,RAW,VALID
CRD_7BB063F505DD4DC096EB,8640,RAW,VALID
CRD_7BB12D81EF244F06890A,1970,RAW,VALID
CRD_7BB290C3BD38478A914D,7490,RAW,VALID
CRD_7BCDB81D3236447A9119,215,RAW,VALID
CRD_7BD33C57DE2641AAA1CE,770,RAW,VALID
CRD_7BD79E9CD5FD4404913E,9620,RAW,VALID
CRD_7BE4E9F9E4664866988F,3840,RAW,VALID
CRD_7BE4EC5B6757486A9FA0,4030,RAW,VALID
CRD_7C280FA0405542028F83,25712,RAW,VALID
CRD_7C41E202DFC4497C81E0,325,RAW,VALID
CRD_7C49D1616BA447F592B1,396,RAW,VALID
CRD_7C8402F1390C43ABA777,12210,RAW,VALID
CRD_7C85BF18CA654083A203,680,RAW,VALID
CRD_7C974FE36E964EB996DB,4083,RAW,VALID
CRD_7C977A54E4F7492996C5,3632,RAW,VALID
CRD_7C97C49AAB974ED1A3A3,26334,RAW,VALID
CRD_7CB1EBD45B814997B7C0,7600,RAW,VALID
CRD_7CB42882DB184472A73A,840,RAW,VALID
CRD_7CB68EF6CB184B0FB066,300,RAW,VALID
CRD_7CBE310A1C2F411F889F,520,RAW,VALID
CRD_7CC5297071A246E0B3DB,1580,RAW,VALID
CRD_7D548C823A1940E98115,91400,RAW,VALID
CRD_7D71C6E50BC848FDB19A,5590,RAW,VALID
CRD_7D9BD5DD298A4155B65D,550,RAW,VALID
CRD_7DA5510251B9473E9F3F,2069,RAW,VALID
CRD_7DA6398AB2274B22A22D,1540,RAW,VALID
CRD_7DA779D04F114E638002,2330,RAW,VALID
CRD_7DBBE204F9F7473293E8,170,RAW,VALID
CRD_7DD7D9F40504433E96CA,24053,RAW,VALID
CRD_7DDAF72A6F6E4107971D,2001,RAW,VALID
CRD_7DED027B94C6483F9495,13000,RAW,VALID
CRD_7E0814B69ADA40E58DCA,1390,RAW,VALID
CRD_7E2493249D5F4079918C,25455,RAW,VALID
CRD_7E2810AFF88645B98963,40786,RAW,VALID
CRD_7E54538560A84C058CD1,470,RAW,VALID
CRD_7E8265C1D8B44E03910F,1773,RAW,VALID
CRD_7E87AB5F7DF14D8F97A0,3440,RAW,VALID
CRD_7EA2A978F4084F7B8C2F,3712,RAW,VALID
CRD_7EA3BC62F30E405FADC5,8930,RAW,VALID
CRD_7EB1930C9A224A14AE58,43052,RAW,VALID
CRD_7EBB72125E6E436B8589,727,RAW,VALID
CRD_7ECA02E1619548F98130,872,RAW,VALID
CRD_7ECF8DBD726740498656,1990,RAW,VALID
CRD_7EDD738AC9704AC483F7,1661,RAW,VALID
CRD_7EE4D1F73DD34E3E8CA6,2476,RAW,VALID
CRD_7EF3FAC1AA9F41959926,9160,RAW,VALID
CRD_7EF64656A6724709BAEC,498,RAW,VALID
CRD_7EFD5641401A41AC9D8D,1640,RAW,VALID
CRD_7F072B0CB7A3432B8EEE,3830,RAW,VALID
CRD_7F12AC1D6A604C8CB546,184,RAW,VALID
CRD_7F1D667AFCA842A38431,206,RAW,VALID
CRD_7F1F939CC0DB4671824A,2630,RAW,VALID
CRD_7F2DC1D44D784529BCCE,55487,RAW,VALID
CRD_7F3A7B805F704D6C96F3,1360,RAW,VALID
CRD_7F48960BD5604694BAD3,12358,RAW,VALID
CRD_7F62D48BBF5543A99063,190,RAW,VALID
CRD_7F68718FF9574B39A05A,461,RAW,VALID
CRD_7F6CC76C333E432E9B6A,2707,RAW,VALID
CRD_7F76FC1F996A4ADAAB21,17911,RAW,VALID
CRD_7F78F4DCAE1340BCA119,2347,RAW,VALID
CRD_7F7E8A1CDFC44B1687F8,20810,RAW,VALID
CRD_7F8ADC12469E4311B6AC,569,RAW,VALID
CRD_7F9046D32F6E42E9A4EC,890,RAW,VALID
CRD_7FBA603DD96943F5B7F0,1945,RAW,VALID
CRD_7FD569C86E8646908F84,2880,RAW,VALID
CRD_7FDEF1F24E7A4606A63F,540,RAW,VALID
CRD_7FDF1B8B2C7A49388486,2020,RAW,VALID
CRD_7FE85AF0323E486DA2F4,639,RAW,VALID
CRD_7FEAB602A0214CDAB632,13046,RAW,VALID
CRD_7FFB3A5460DC46489885,960,RAW,VALID
CRD_803FA692C5CE471EA9A3,1690,RAW,VALID
CRD_80407B2696CD4C8CA421,28050,RAW,VALID
CRD_80554114AB5D428FB10A,3193,RAW,VALID
CRD_80762657E1724F278624,11211,RAW,VALID
CRD_808986BE4AB54625B5D4,757,RAW,VALID
CRD_808A9BA456B1456EA2A4,16633,RAW,VALID
CRD_808E7CD437F24C0A8CE3,22050,RAW,VALID
CRD_80AC3B98336D4FD0B14A,940,RAW,VALID
CRD_80B334F26A674D66A45F,1548,RAW,VALID
CRD_80BD0BCAE8F6426DA55F,37820,RAW,VALID
CRD_80CDA53B178942988954,150,RAW,VALID
CRD_80CF967EAA07425DA991,1310,RAW,VALID
CRD_80D85D7E34F6498CA2BB,1710,RAW,VALID
CRD_80D8A3CD81B04D1D887C,8400,RAW,VALID
CRD_80E06EF89D844F93ABE5,4730,RAW,VALID
CRD_80F1FC05F4D8499DA9DA,170,RAW,VALID
CRD_810E1D47AA834EEFB64E,1150,RAW,VALID
CRD_811F41C997424C4799EC,1430,RAW,VALID
CRD_8130AF03F0B74BF88F4B,2407,RAW,VALID
CRD_814FC9FDB9F244A7A8C0,421,RAW,VALID
CRD_81527A6C6D8242E7962C,1820,RAW,VALID
CRD_8157AABF97274614824E,6080,RAW,VALID
CRD_815D5679E06B4695ACEE,193,RAW,VALID
CRD_816B2902F24747B0AB3F,686,RAW,VALID
CRD_816F40DB48D34E998792,576,RAW,VALID
CRD_8176FFAF907244338749,8620,RAW,VALID
CRD_81B29653F5524988BEF1,300,RAW,VALID
CRD_81C283F7B5804B6E9F93,1880,RAW,VALID
CRD_81C9A32B267046DDA955,19040,RAW,VALID
CRD_81D1A443CB7D4C37840B,2973,RAW,VALID
CRD_81D4DD597DBE456BB22A,45480,RAW,VALID
CRD_81DCFF5DDA584C5E9F87,14409,RAW,VALID
CRD_8206CD8F04C740CB8753,1776,RAW,VALID
CRD_820858E331F94DAE8910,2520,RAW,VALID
CRD_820C8A1490C243AF8876,210,RAW,VALID
CRD_822997E0527747B387C1,1580,RAW,VALID
CRD_822A7803FD9A4D9495AC,7840,RAW,VALID
CRD_8262D9F6F80441E59604,640,RAW,VALID
CRD_82702EEBF6134FF1A729,1360,RAW,VALID
CRD_827860234B4648058D9A,20970,RAW,VALID
CRD_828C74272B23470D9991,209,RAW,VALID
CRD_828E8D059DF7414D891B,70000,RAW,VALID
CRD_8297F066BE06430AAD93,2340,RAW,VALID
CRD_8298C8E112E94322BE4D,800,RAW,VALID
CRD_82A3BB0D14EE48B5ACCD,10810,RAW,VALID
CRD_82BBF9DCCF3D4D5AB172,640,RAW,VALID
CRD_82D8D5556A4F436CBB28,9970,RAW,VALID
CRD_82FEBC891CD64CE98880,404,RAW,VALID
CRD_830056EB54D14AF28E1A,14500,RAW,VALID
CRD_830603D507F941958180,5730,RAW,VALID
CRD_8318097459A64ECD8473,920,RAW,VALID
CRD_83435CF0B3494DECB0E7,14820,RAW,VALID
CRD_8384DAD4A2524069AD34,1710,RAW,VALID
CRD_83A1176A6F644DE9B1DB,4864,RAW,VALID
CRD_83BAA925FA8D48C4ABFE,911,RAW,VALID
CRD_83BEEB1396274C9BAB37,4120,RAW,VALID
CRD_83CB95F730174D28B274,223,RAW,VALID
CRD_83D6D0B474EF4541A65D,249,RAW,VALID
CRD_83D97C53AA124CCABCA0,1215,RAW,VALID
CRD_83EC760B41124D8A9145,163,RAW,VALID
CRD_83ED01B41C3648FCA47B,1131,RAW,VALID
CRD_84061A5838C84C7996BA,2848,RAW,VALID
CRD_8410E4E943C54075AE69,1270,RAW,VALID
CRD_8415237C305047B19AD4,1930,RAW,VALID
CRD_842618E42E404622A7A4,327,RAW,VALID
CRD_843DB9D7E2934E2DB5CE,2039,RAW,VALID
CRD_84630510CDEC47779B56,162,RAW,VALID
CRD_847F3AC4CA9A4D418203,1158,RAW,VALID
CRD_84956B7620D249279F78,7640,RAW,VALID
CRD_84D5C2862B76466098C2,7420,RAW,VALID
CRD_84D9AB8184C644238C4E,7166,RAW,VALID
CRD_84EB7A5F0598461296E0,727,RAW,VALID
CRD_84F100B202834C6DAE3B,140,RAW,VALID
CRD_8538CE46E092401B8FD2,7620,RAW,VALID
CRD_853BCA2D91DC48478D36,140,RAW,VALID
CRD_853F91A8D5AF441492F4,245000,RAW,VALID
CRD_8550FB250AFA4FADB616,51308,RAW,VALID
CRD_85A18C735C9147958902,310,RAW,VALID
CRD_85A4AA81199D42D8B160,4250,RAW,VALID
CRD_85AC11A9F5FE4EBEB8E6,150,RAW,VALID
CRD_85ACB08A9301857D6840,95223,RAW,VALID
CRD_85C6AB0CD75440EFA091,168,RAW,VALID
CRD_85D8B3249D6140CCAE00,51157,RAW,VALID
CRD_85DA754292A84C40923E,12974,RAW,VALID
CRD_85E5684497324EADB399,34863,RAW,VALID
CRD_8603F62DAC06410E95FB,4187,RAW,VALID
CRD_8604AD97AE074716B377,1580,RAW,VALID
CRD_861F40AC33FD47E8A71A,319,RAW,VALID
CRD_8657995A6BC44F5DBF8E,1200,RAW,VALID
CRD_865DA476A29E409CBAA1,2440,RAW,VALID
CRD_86639AEE339A4E1D9109,450,RAW,VALID
CRD_866593D4A5494DF285FE,2580,RAW,VALID
CRD_8665C8184D854C689CB5,1108,RAW,VALID
CRD_866697DBC93748BB918F,5560,RAW,VALID
CRD_866E43F5997A400B8392,2390,RAW,VALID
CRD_86826BB15E1644AEB13C,1524,RAW,VALID
CRD_86A21D43FBB24CD683A0,1068,RAW,VALID
CRD_86A7F5C65D4D4EF997C0,173,RAW,VALID
CRD_86C9D18D455541299CC0,372,RAW,VALID
CRD_87046B5ACF6849E9B53F,4000,RAW,VALID
CRD_870D077A005D4B68959B,2610,RAW,VALID
CRD_8710D86E084B46B1A83E,4530,RAW,VALID
CRD_871EF36DB50541E2A367,640,RAW,VALID
CRD_874AC1F1697241DBA8D7,1290,RAW,VALID
CRD_874BB3258CA94959BBC0,4370,RAW,VALID
CRD_87649DD1BF8243E3895F,600,RAW,VALID
CRD_876E648A957A44C9AE71,269,RAW,VALID
CRD_877457DF732E4A2C8C7F,59667,RAW,VALID
CRD_87A14B554FF84A3FAE6A,140,RAW,VALID
CRD_87ACED114A5746E48FF7,2221,RAW,VALID
CRD_882A64CAAD1048D2BE8D,3057,RAW,VALID
CRD_884CDFFE6A873A39565CEB82B1769CBA,3355374,RAW,VALID
CRD_8875DA1FBB2046CBAF86,1610,RAW,VALID
CRD_888168EF50BE4F89B720,14678,RAW,VALID
CRD_88A52D327991404F8340,3040,RAW,VALID
CRD_88C3837F7E224CCB8F9A,950,RAW,VALID
CRD_88C69A70082B440AB5C0,880,RAW,VALID
CRD_88C7D15F245C42D6BF77,162,RAW,VALID
CRD_88CACC97FEA144AAB25D,180,RAW,VALID
CRD_88D258C40D594E16B22B,2830,RAW,VALID
CRD_88D8B1966C914557B55B,706,RAW,VALID
CRD_88DD09D2B6D24EC68E6E,13215,RAW,VALID
CRD_88DD4F24CABA4B66939C,5930,RAW,VALID
CRD_88DE7FECFA5641C4971D,7990,RAW,VALID
CRD_890AC787BC9E4C2DB28A,37570,RAW,VALID
CRD_8913A16F0C89452791C5,5120,RAW,VALID
CRD_8922BCF6E26F48C19343,450,RAW,VALID
CRD_892B2014015549E5812F,6850,RAW,VALID
CRD_893BF8C4050E44B6ACFA,190,RAW,VALID
CRD_8965D3327A5540929972,5612,RAW,VALID
CRD_8978E52260A148548BE7,2590,RAW,VALID
CRD_89833C24B80A4DB1A938,437,RAW,VALID
CRD_89935F355A974D4B82FD,895,RAW,VALID
CRD_89951F6DCCFD4A329C78,366,RAW,VALID
CRD_899A39AE13404402AADF,1802,RAW,VALID
CRD_899C71FEF9DC4CDFB0EF,1190,RAW,VALID
CRD_89A20BE9777E4815B50C,7248,RAW,VALID
CRD_89C3A6311F30458ABBDA,8861,RAW,VALID
CRD_89CF88D4F24A4B3FAB18,173,RAW,VALID
CRD_89E2E59F5D304DF9BBF8,2600,RAW,VALID
CRD_89F0DED26A364D2D9B5E,2430,RAW,VALID
CRD_89F2A38B167C4010B9FF,12008,RAW,VALID
CRD_89F870261BCE4E9C87D5,81297,RAW,VALID
CRD_8A0CD9EAC8D7498A9705,1650,RAW,VALID
CRD_8A0FF8340E754322A4A3,210,RAW,VALID
CRD_8A1A1D352DA0498C9616,3154,RAW,VALID
CRD_8A1DCB955E61497F9B0D,800,RAW,VALID
CRD_8A3F004027634756AA94,559,RAW,VALID
CRD_8A3F628A4E3B4AC087C9,622,RAW,VALID
CRD_8A55485EA762404EB6E8,210,RAW,VALID
CRD_8A6B11549C614D0C858F,1525,RAW,VALID
CRD_8A7EB290F97640FEB7AA,2680,RAW,VALID
CRD_8AC31448F8F9420FAE62,590,RAW,VALID
CRD_8ACA05A71DAE447AAE22,4136,RAW,VALID
CRD_8ACEB76FEF1F4466B0B9,1200,RAW,VALID
CRD_8AEA98061B9A431CAA79,1127,RAW,VALID
CRD_8AFB1352B9D64F18AFDD,1800,RAW,VALID
CRD_8B07A23C08EE489D87DF,840,RAW,VALID
CRD_8B1DB466A7784A9DA26A,17533,RAW,VALID
CRD_8B4E9ACDCF524203B75F,21365,RAW,VALID
CRD_8B64BC8FA3984544BD29,547,RAW,VALID
CRD_8B73A94707F24308AF21,48770,RAW,VALID
CRD_8B7637F128294F9EB800,56039,RAW,VALID
CRD_8B8752AF245546B9B4E2,11950,RAW,VALID
CRD_8B92FB178FE6408F833B,15455,RAW,VALID
CRD_8B9B58EC8BE6437C9189,4078,RAW,VALID
CRD_8B9D59AB943441B4BAC4,170,RAW,VALID
CRD_8BC4CFF5D3984089B81D,3680,RAW,VALID
CRD_8BC8EED9E7524E698C95,1490,RAW,VALID
CRD_8BCE857FB5F041FE942A,1685,RAW,VALID
CRD_8C028EC35A4A49469342,160,RAW,VALID
CRD_8C29A0179FEA494EACAF,259,RAW,VALID
CRD_8C2B39D4C7FE4D139F06,223,RAW,VALID
CRD_8C2D1ED4956640F9A05F,2283,RAW,VALID
CRD_8C3914BBF6F44AEA9A9F,17237,RAW,VALID
CRD_8C4595A6BD8543299E01,4270,RAW,VALID
CRD_8C4814A402E140B9A2FC,5155,RAW,VALID
CRD_8C4E0B58B9AB4FD8A901,13450,RAW,VALID
CRD_8C5E1C0CADAB42CBA2D3,840,RAW,VALID
CRD_8C8BBAFB1C5E4D15BAC6,5413,RAW,VALID
CRD_8C8EEF4E7290462E9827,11770,RAW,VALID
CRD_8CBA85EFB90246F2A42C,9540,RAW,VALID
CRD_8CBB87D89D68439D919A,1340,RAW,VALID
CRD_8CE0A1EE438248E1ABA7,51496,RAW,VALID
CRD_8CE5392E17154AFFBE9B,575,RAW,VALID
CRD_8CFF71200EEC47DAB5B2,47970,RAW,VALID
CRD_8D03B1108C6B4669B82D,506,RAW,VALID
CRD_8D34314C145E4657910C,3930,RAW,VALID
CRD_8D374F0FF05C482F87FA,5007,RAW,VALID
CRD_8D64C44C0FE64E8EA849,294,RAW,VALID
CRD_8D68F827F9B2481DA5FB,2433,RAW,VALID
CRD_8D791334E4F64483A551,1232,RAW,VALID
CRD_8D798C34EC514D40851D,428,RAW,VALID
CRD_8D845061A06143988494,800,RAW,VALID
CRD_8D8F32E2E163440DB34E,4820,RAW,VALID
CRD_8DA52922128149E3B77A,15020,RAW,VALID
CRD_8DB157BF2CDC452DB021,630,RAW,VALID
CRD_8DE3C0F874CB476BAA7D,275,RAW,VALID
CRD_8E12B9EC416149CFB898,173,RAW,VALID
CRD_8E2251855B704464BC69,4130,RAW,VALID
CRD_8E25DF25B8DD49B6A003,1870,RAW,VALID
CRD_8E26CAF93B2D45FE870C,2832,RAW,VALID
CRD_8E2C1FBCA2F54B3FBFEA,4509,RAW,VALID
CRD_8E2D357D27A34250B5E6,6760,RAW,VALID
CRD_8E3889CE3AAF4DB6B6D3,9590,RAW,VALID
CRD_8E484372B84147938583,1630,RAW,VALID
CRD_8E5059F15BB5478EB12A,6190,RAW,VALID
CRD_8E69FD2F5CA44C2388A4,380,RAW,VALID
CRD_8E7896DA379A4FA4AFD1,198,RAW,VALID
CRD_8E7F741A0EA743319394,1260,RAW,VALID
CRD_8E8635B273814CB28F1B,3870,RAW,VALID
CRD_8E99D75B637D46C0BA84,5650,RAW,VALID
CRD_8EA0FE1484B142468656,5866,RAW,VALID
CRD_8EA74EA746054746A291,21652,RAW,VALID
CRD_8EAA19E6FCD243AC89C9,633,RAW,VALID
CRD_8EAE0303CE1A4A19A2DB,4822,RAW,VALID
CRD_8ED47CA7E8F5408B9A04,2370,RAW,VALID
CRD_8ED834DBED86423DAAE0,15464,RAW,VALID
CRD_8EF30B3B1E864419943C,209,RAW,VALID
CRD_8F205E645B108BEC8791C00BDAD3271D,394516,RAW,VALID
CRD_8F35806D9F12400BA566,1090,RAW,VALID
CRD_8F4DFB20EC9342C1A6A9,180,RAW,VALID
CRD_8F6DB567A7EF4D5F9742,122500,RAW,VALID
CRD_8F9C9E655E734313A1CD,274,RAW,VALID
CRD_8FA2514826954989AE45,1080,RAW,VALID
CRD_8FA7CC63580F4C988819,4200,RAW,VALID
CRD_8FAAD56862D840F2A5DC,6660,RAW,VALID
CRD_8FB0E39EAB04441DBF55,10939,RAW,VALID
CRD_8FC14F96E9634AE0982F,488,RAW,VALID
CRD_8FEEA7EE5FFB4B758A50,53533,RAW,VALID
CRD_9003FD3BCBE34D03B083,3384,RAW,VALID
CRD_90059D74FBE24DFA83D2,1980,RAW,VALID
CRD_90098D3232834F4891B5,1763,RAW,VALID
CRD_900AFEE83E79462B86B9,16500,RAW,VALID
CRD_90329AC34F174397A90E,819,RAW,VALID
CRD_90698EA0987C4C82913F,1570,RAW,VALID
CRD_906A3DF2C7B04997AE4D,13605,RAW,VALID
CRD_906DE8D98AE348C9BBDD,1530,RAW,VALID
CRD_909F8823101A4097BD2D,738,RAW,VALID
CRD_910B11C0B86040AE84AA,2110,RAW,VALID
CRD_911E14A963AE45CB944E,1616,RAW,VALID
CRD_913741C2E37A40BAB47F,200,RAW,VALID
CRD_91625DC1A887474895B5,5780,RAW,VALID
CRD_9164D7095AC54C06BE66,28161,RAW,VALID
CRD_91690464DF8843E78381,500,RAW,VALID
CRD_916F9928C49D4260B334,11105,RAW,VALID
CRD_9177A302A923467195DB,818,RAW,VALID
CRD_917F313DC98747328859,3864,RAW,VALID
CRD_918A096A622440B6B1CE,5051,RAW,VALID
CRD_91CB67168AB14A918C59,10294,RAW,VALID
CRD_91F9D869C7DF4777B799,210,RAW,VALID
CRD_9239E2F6422F4F328D52,9152,RAW,VALID
CRD_923FDD3D9ED34C4EAC1E,901,RAW,VALID
CRD_9289770776A1479DADE6,701,RAW,VALID
CRD_929B183535F2447CBCE3,250,RAW,VALID
CRD_92D5EBD5664749C184D7,453,RAW,VALID
CRD_92D9A6624DD04811B13A,2595,RAW,VALID
CRD_92EBCC00579749239EE9,830,RAW,VALID
CRD_92EC2C1ED4F04945A412,13301,RAW,VALID
CRD_92F676DAB8C24AD3895B,688,RAW,VALID
CRD_92F7CF802A46497BBC5F,1400,RAW,VALID
CRD_93050ED08EF24E91A1CA,1010,RAW,VALID
CRD_9310EDB656AA44159715,3547,RAW,VALID
CRD_931723E024444FAA9D5A,67450,RAW,VALID
CRD_9324067E86B04FA9A0F8,280,RAW,VALID
CRD_9327DCC9A6474DD0A15B,874,RAW,VALID
CRD_932E2AB3AB22444D9575,120,RAW,VALID
CRD_9337246D91AB42D89EBE,14351,RAW,VALID
CRD_9337B381E5BB47909A16,1130,RAW,VALID
CRD_936083589DA54381B714,14790,RAW,VALID
CRD_9376986A02A049DCA6C8,1548,RAW,VALID
CRD_9379FBDE7A75416C8C5F,2976,RAW,VALID
CRD_9390ABC39D714947A980,810,RAW,VALID
CRD_939CD60D0A3F433EA9AD,1640,RAW,VALID
CRD_939D613E789B4D44AE56,17958,RAW,VALID
CRD_93B336450FE341B4AC0E,746,RAW,VALID
CRD_93B44E38ADC1449B84C7,2316,RAW,VALID
CRD_93B75FD465674E1E970C,490,RAW,VALID
CRD_93BA1B52B6B14CF0AEDA,5255,RAW,VALID
CRD_93C902F4C3BD4E53BAA0,2310,RAW,VALID
CRD_93D36BC983F24BABBFD1,1166,RAW,VALID
CRD_93DF43C333324F0FB26C,257370,RAW,VALID
CRD_93F6FE4202C343CFB1F7,593,RAW,VALID
CRD_93FFCADB9F314F93B03F,1011,RAW,VALID
CRD_941424BAD57545578C47,9680,RAW,VALID
CRD_9414462C5B0A48D9B34B,7105,RAW,VALID
CRD_94200842BFF04437AAA7,5360,RAW,VALID
CRD_94284696E2874AA2AF1C,2526,RAW,VALID
CRD_942E10EF9F344296906A,716,RAW,VALID
CRD_9445125D59134FE4BE11,261,RAW,VALID
CRD_945783958D7C43BAA6E9,462,RAW,VALID
CRD_94600282DA1043CC8FAF,6138,RAW,VALID
CRD_94CA0CA240FE402D833F,2350,RAW,VALID
CRD_94CA0CBDE6B040D88062,11855,RAW,VALID
CRD_94CBE75AE5E34D14A930,7432,RAW,VALID
CRD_94D776CD680F432CBF1B,7165,RAW,VALID
CRD_94DDE31A7F814C7DA629,20800,RAW,VALID
CRD_94EF2035A41A4B018525,586,RAW,VALID
CRD_94EFF45E92BE40FB9155,9350,RAW,VALID
CRD_94FBB30FCD3F4317B29C,2820,RAW,VALID
CRD_95020B5585B74E58A3AC,952,RAW,VALID
CRD_950D0856241946C48A38,5865,RAW,VALID
CRD_9522A25A78764F77B225,30223,RAW,VALID
CRD_9529FB33C2B2497B9A13,11333,RAW,VALID
CRD_952E55D05FF24EA3AC1C,2481,RAW,VALID
CRD_9541B98A19054E3AB2C3,1670,RAW,VALID
CRD_954796060C7F45978CE6,218,RAW,VALID
CRD_95598861114B45F5BF5B,415,RAW,VALID
CRD_95663DF3179B490FB089,23100,RAW,VALID
CRD_956C0F75AB874B358574,2379,RAW,VALID
CRD_956D4472B05C4FCF9992,1710,RAW,VALID
CRD_95962D36A0B54D96A10A,392200,RAW,VALID
CRD_959F73E091BA412E99DC,2220,RAW,VALID
CRD_95AD52C30E9448CCA98E,210,RAW,VALID
CRD_95BB14D8C84E44EF9FFB,1400,RAW,VALID
CRD_95BCC4E4C079449AB3C2,275,RAW,VALID
CRD_95C332448C1748B0AA30,35500,RAW,VALID
CRD_95CC285CB5F240BA8D2B,300,RAW,VALID
CRD_95CC63655EC74676BA27,800,RAW,VALID
CRD_95DCB3753DC641EAB5CB,927,RAW,VALID
CRD_95F74899B927469997D4,12878,RAW,VALID
CRD_96185C75E06F48A79770,2609,RAW,VALID
CRD_9622567E2CAF46A69C92,1010,RAW,VALID
CRD_9641C573373F492FBFD8,6071,RAW,VALID
CRD_9649B9AE6A834C63AA80,557,RAW,VALID
CRD_96611437350C4464BB4A,7138,RAW,VALID
CRD_9663E5A93BBF4AEBA664,18850,RAW,VALID
CRD_9674E016E1A6436995B3,7534,RAW,VALID
CRD_968F5C29113147B3835C,6260,RAW,VALID
CRD_96D90414AA724083A05A,2870,RAW,VALID
CRD_96D925F04AA34FDBB8F1,558,RAW,VALID
CRD_96DCC4B3E85641EAA4E9,140,RAW,VALID
CRD_96E3628EA11140F3A119,8220,RAW,VALID
CRD_96E94DE3D95545C5ADE7,970,RAW,VALID
CRD_96F2AF373AC24B51B62E,566,RAW,VALID
CRD_96F78E077FFB4F7BADB9,7111,RAW,VALID
CRD_96FACEB498654D5F9837,1295,RAW,VALID
CRD_971CA0485F2B45D8A839,1254,RAW,VALID
CRD_9731F68B15FE4337BE2F,1051,RAW,VALID
CRD_9740CC2128594EDDB54F,610,RAW,VALID
CRD_97550D8F6FD846C1809E,11896,RAW,VALID
CRD_97880F5EB9DE47029F78,170,RAW,VALID
CRD_979704595E1644E09F8A,1140,RAW,VALID
CRD_97AC02D307514BA797A4,209,RAW,VALID
CRD_97ACB4636E2C4BB5B152,5141,RAW,VALID
CRD_97AD638649C74896B30E,1450,RAW,VALID
CRD_97D7C457DF3B41A8A619,4558,RAW,VALID
CRD_97EAC0317B734B3191FC,18271,RAW,VALID
CRD_9813FECD47C44526AC0E,4750,RAW,VALID
CRD_9830EDEBF33245BC92FE,3350,RAW,VALID
CRD_983678B45AB8425590AC,15394,RAW,VALID
CRD_983C1870E97945BEA0AB,3327,RAW,VALID
CRD_9854903EC2F54EBAB680,311,RAW,VALID
CRD_987A2756FB554B91BD1A,3535,RAW,VALID
CRD_98B1AD5A09294E4AA9F5,50940,RAW,VALID
CRD_98BE07D514F34C678851,457536,RAW,VALID
CRD_98DAFEBB7A994BAB96D1,885,RAW,VALID
CRD_98F0514FA4E449CBA343,179,RAW,VALID
CRD_9901D08249144F58A8BC,160,RAW,VALID
CRD_99598A733BBA4B09B0AD,11060,RAW,VALID
CRD_995C2B2D683845B693C1,630,RAW,VALID
CRD_99651D6378CB49808433,1639,RAW,VALID
CRD_9965F1D5629D4B62B22A,190,RAW,VALID
CRD_997431762BD64CE5B949,4407,RAW,VALID
CRD_9987ACD7E7C54BF8A0F8,310,RAW,VALID
CRD_999BE8DBCC6F40B48020,260,RAW,VALID
CRD_99A5A2C5F74143BABC24,6563,RAW,VALID
CRD_99B2271A9E6B4B259FB7,14810,RAW,VALID
CRD_99B80601C8BF404186BC,1486,RAW,VALID
CRD_99CCE27B9E204E508DE3,3310,RAW,VALID
CRD_99F4E975DD944ADE96D9,1542,RAW,VALID
CRD_9A06EA05B93C41B2BD2A,400,RAW,VALID
CRD_9A16B5CDB26D4457BDC6,4440,RAW,VALID
CRD_9A188600F1B44EF88834,2140,RAW,VALID
CRD_9A198103AC7443DC8A26,1644,RAW,VALID
CRD_9A22F928864948BBAE25,8642,RAW,VALID
CRD_9A350D2269353CD3471E3F4C99EB760D,804950,RAW,VALID
CRD_9A44D06692124A76B84D,472,RAW,VALID
CRD_9A4B2959A70847CFA3F5,2130,RAW,VALID
CRD_9A5EFFF204E8429BB966,600,RAW,VALID
CRD_9A65F3C67F2C4ECF8FFC,12697,RAW,VALID
CRD_9A70A69B02794F2E8412,20315,RAW,VALID
CRD_9A71FB2F4A614CFCB42E,5260,RAW,VALID
CRD_9A786ECB0C1441ADB6E9,920,RAW,VALID
CRD_9A8963B9CBC6485CB8D4,7750,RAW,VALID
CRD_9AA3BC6CA44A482D92F5,7593,RAW,VALID
CRD_9AC0516F5C3E4E83876E,750,RAW,VALID
CRD_9AD4F161BE9E44D6AAF7,2549,RAW,VALID
CRD_9AD6FE24D3594D17A130,57410,RAW,VALID
CRD_9AE512CAAE3C435392CB,3470,RAW,VALID
CRD_9AEA052EE47E4F54822F,4830,RAW,VALID
CRD_9B0C05E62D6D4E19B749,3090,RAW,VALID
CRD_9B1935C2FFE14C9493B6,8620,RAW,VALID
CRD_9B32980D414E47C09387,6080,RAW,VALID
CRD_9B32F91113364341A405,360,RAW,VALID
CRD_9B35454E9FAA4465BC23,6620,RAW,VALID
CRD_9B4304F1A3704496A8EC,767,RAW,VALID
CRD_9B43E03D5DF442759E58,594,RAW,VALID
CRD_9B57B62C08254A7582BA,870,RAW,VALID
CRD_9B64D783E4344EBB8735,34471,RAW,VALID
CRD_9B730AEF79F94A5BB4C8,5926,RAW,VALID
CRD_9B7BDD57CE984638AD11,34256,RAW,VALID
CRD_9B8E69E27F554FA08F77,3806,RAW,VALID
CRD_9BA6F88491964B2489ED,2320,RAW,VALID
CRD_9BB766F8D22C400B9459,983,RAW,VALID
CRD_9BC07E8750E34D2EA7E4,1920,RAW,VALID
CRD_9BC1A3BF1D4A4EEE8BE3,6954,RAW,VALID
CRD_9BC7436092C94785A4FC,1984,RAW,VALID
CRD_9BD2F6B2BD1342FB9A4D,2251,RAW,VALID
CRD_9BE58FA4A9F6422D96ED,163,RAW,VALID
CRD_9C0777C5F0E2418B84CD,8702,RAW,VALID
CRD_9C10318D36A044519EB6,2949,RAW,VALID
CRD_9C111FFCAB0E4282A578,190,RAW,VALID
CRD_9C12DFB82488442E9159,190,RAW,VALID
CRD_9C262C40B485491EB19A,15239,RAW,VALID
CRD_9C2FBC6E628A43679527,73678,RAW,VALID
CRD_9C3BF0A3D4544A87AE5F,530,RAW,VALID
CRD_9C50C950B3E54E4C91E3,1506,RAW,VALID
CRD_9C5270DA79DC45DF87E7,1786,RAW,VALID
CRD_9C6A1F46424F4EBB84A6,3160,RAW,VALID
CRD_9C6FB71861F94FB98F11,33730,RAW,VALID
CRD_9C70464E838941DB8DF0,7360,RAW,VALID
CRD_9C72C2A7A6AE408EADCE,210,RAW,VALID
CRD_9C787F52EE3041818DE6,1928,RAW,VALID
CRD_9CCFB4AA766D475E8C62,611,RAW,VALID
CRD_9CD0F357237A492C8A2D,718,RAW,VALID
CRD_9CD4BE7C890148EC8776,220,RAW,VALID
CRD_9CD8CCBE97D740E59C9B,17010,RAW,VALID
CRD_9CD978A793F04EEBB0F9,5419,RAW,VALID
CRD_9CED595A24FE40AEBE4A,160,RAW,VALID
CRD_9CFBBAADBD4644919823,670,RAW,VALID
CRD_9D03992C0F05472AB893,4535,RAW,VALID
CRD_9D2832A4A3F849E4BB06,1051,RAW,VALID
CRD_9D5269AF1A2A42B4A293,1380,RAW,VALID
CRD_9D58E4813F2E44F48F9B,1475,RAW,VALID
CRD_9D5DBEB83D8747A7865D,4452,RAW,VALID
CRD_9D5FE568CAD14D749F5B,30930,RAW,VALID
CRD_9D7643B219DF4580B85F,900,RAW,VALID
CRD_9D7E49141F244802BAB2,178,RAW,VALID
CRD_9DA43870585949379283,33959,RAW,VALID
CRD_9DC636DE48A4462F93A8,2096,RAW,VALID
CRD_9DE6CF5F7FF3427298C7,780,RAW,VALID
CRD_9DEBB30C1A894A7198FA,179,RAW,VALID
CRD_9DFAA769E1B744799783,1440,RAW,VALID
CRD_9E348E7E435B4E658CB9,6610,RAW,VALID
CRD_9E3FF9A0219649098877,670,RAW,VALID
CRD_9E40D9EE7D9844C4868B,240,RAW,VALID
CRD_9E509ECA5F2F4685A780,7897,RAW,VALID
CRD_9E6C0EE28A034B84B8A7,322,RAW,VALID
CRD_9E959C4AF6BA480FA670,1888,RAW,VALID
CRD_9EB9A88BDE8245A99331,8446,RAW,VALID
CRD_9EC2FDEB07C043AC8403,1397,RAW,VALID
CRD_9EC31C68BA49485F819E,1440,RAW,VALID
CRD_9F16F13DF68C4204B8EF,208,RAW,VALID
CRD_9F22D144C3944837A628,760,RAW,VALID
CRD_9F31701D86B049C6865C,440,RAW,VALID
CRD_9F3F0D7B0CFA40C49558,2370,RAW,VALID
CRD_9F67BA0A6712493A867F,672,RAW,VALID
CRD_9F777E2B3AF448D78288,1910,RAW,VALID
CRD_9F78C4AD792F4C16A076,599,RAW,VALID
CRD_9F8E15C89ACC4214A5CF,9442,RAW,VALID
CRD_9FA75D54C4294BA2BBBB,500,RAW,VALID
CRD_9FA8A518D9414469BEF9,234,RAW,VALID
CRD_9FAFB1939CF44F30ACE6,1540,RAW,VALID
CRD_9FDDA5BA3EEF4352A0ED,2678,RAW,VALID
CRD_9FE76C9CE7304920BC39,2150,RAW,VALID
CRD_A015A394F46844D180E4,870,RAW,VALID
CRD_A01A880A185C48ADAAAF,1777,RAW,VALID
CRD_A045FBD15C434CEA9670,1727,RAW,VALID
CRD_A04FE8D9C75D4F5EAF0C,690,RAW,VALID
CRD_A078581BD72D413189A8,1549,RAW,VALID
CRD_A0A34021C9D745B4A3EF,938,RAW,VALID
CRD_A0B7FEC7EBCC30F32231005D7A76B620,203783,RAW,VALID
CRD_A0D58142340C4202B5FD,5230,RAW,VALID
CRD_A0F533475FB645238571,7600,RAW,VALID
CRD_A10639DEF1044108891B,22854,RAW,VALID
CRD_A12119533B1C4A21B910,740,RAW,VALID
CRD_A126650873921A29A1AC79F0125D6C30,457536,RAW,VALID
CRD_A12C9EE7BBA246C489B7,3610,RAW,VALID
CRD_A137B96810564A16B8DA,10750,RAW,VALID
CRD_A180773A019F4C8BA2B4,330,RAW,VALID
CRD_A19E4A91ACD440ECBEF2,5860,RAW,VALID
CRD_A1D8F84613574D488021,18010,RAW,VALID
CRD_A1ECFBA4CD8A42679127,12070,RAW,VALID
CRD_A1FF49B34D00462B8DF0,2630,RAW,VALID
CRD_A20BEE66070640B39730,9970,RAW,VALID
CRD_A20F94DEEB5245129C85,1670,RAW,VALID
CRD_A23AE6A8E89D4058AA29,19250,RAW,VALID
CRD_A25CB6E36FC71EBDA24B,3125100,RAW,VALID
CRD_A2652FD03BCB44E786AA,5270,RAW,VALID
CRD_A2686BFC7EE14D7788F6,910,RAW,VALID
CRD_A26B2D231CB94EECBAE3,1854,RAW,VALID
CRD_A2809ACDAA524CC6B457,6716,RAW,VALID
CRD_A2846300EA0942BBBD3C,10120,RAW,VALID
CRD_A299CA442C2A41558B6E,971,RAW,VALID
CRD_A2A524FCE0E54F2C8C91,6860,RAW,VALID
CRD_A2BF0189A7944E14A265,7611,RAW,VALID
CRD_A2C303F9E86F4EDF9398,2964,RAW,VALID
CRD_A2CD819C7FE041DAA9C8,446,RAW,VALID
CRD_A2D5C36D69B54AE9834C,9345,RAW,VALID
CRD_A2E2C941F5B941E8996D,1921,RAW,VALID
CRD_A2E6B453A2A741BCA11A,5850,RAW,VALID
CRD_A2F9A6312DF44494B8FF,5948,RAW,VALID
CRD_A313B53B087D4A94B80A,710,RAW,VALID
CRD_A320E30FFCFE4D5A901D,1950,RAW,VALID
CRD_A371FDE27863442B9247,750,RAW,VALID
CRD_A3A2A1E4057649CEA59E,1719,RAW,VALID
CRD_A3AB8AC8AAC347838A4D,1586,RAW,VALID
CRD_A3B4ED53661A41AD9BE6,1260,RAW,VALID
CRD_A3C2192851584CFC8246,839,RAW,VALID
CRD_A416CBFC4F164B6BA7E4,1414,RAW,VALID
CRD_A4182C43172645D6AA8D,2243,RAW,VALID
CRD_A433CDC6DC8849CEA90A,21700,RAW,VALID
CRD_A4507E6EECB24AD88AC1,2484,RAW,VALID
CRD_A45225946385449CBE53,437,RAW,VALID
CRD_A45D3E9BF08B4D07AF14,630,RAW,VALID
CRD_A46CF82C32F04EE6BB52,1140,RAW,VALID
CRD_A497F0378C1349F19C8B,188,RAW,VALID
CRD_A4A072ED41004885A806,1830,RAW,VALID
CRD_A4B8753A4E844EE09CBA,213,RAW,VALID
CRD_A4E698560C3F430A9CE4,803,RAW,VALID
CRD_A4F869F470ED469F8FDF,450,RAW,VALID
CRD_A4F8739E43884B02A683,5660,RAW,VALID
CRD_A502FAAAF5E44D6EB6F0,924,RAW,VALID
CRD_A5262AA512774BD48654,1530,RAW,VALID
CRD_A54C3A0567954337AFBE,960,RAW,VALID
CRD_A55C953959164A8EBF09,2100,RAW,VALID
CRD_A59B08DC49AD4E5FBFA7,200,RAW,VALID
CRD_A5A4F5FFC9A3433F8793,1430,RAW,VALID
CRD_A5AB48532440455987B1,920,RAW,VALID
CRD_A5AE23F47A2B49218CB4,580,RAW,VALID
CRD_A5B83823B6344946A314,152100,RAW,VALID
CRD_A5BC4873149245CAB6B3,150,RAW,VALID
CRD_A5BD2814B5454C479820,1660,RAW,VALID
CRD_A5C68E63AD7846D98563,6500,RAW,VALID
CRD_A5CCF9AA1AE84EC1B4E6,27467,RAW,VALID
CRD_A5D2567F7CE3427BA8CF,655,RAW,VALID
CRD_A5FA3E3050F046ACB362,640,RAW,VALID
CRD_A60634103BDB41F18C31,830,RAW,VALID
CRD_A6097CD29C7E4A2C9ACE,2150,RAW,VALID
CRD_A6337035E8634701BFAB,14572,RAW,VALID
CRD_A63442582F7F4F8BABC9,370,RAW,VALID
CRD_A64742D752F444C9A34A,6922,RAW,VALID
CRD_A6609DDDF77E43BEBF21,10000,RAW,VALID
CRD_A690931A982740A4A1A5,1360,RAW,VALID
CRD_A69A3C32BD2A4EA590C3,184,RAW,VALID
CRD_A6CB88032E43434B998F,3114,RAW,VALID
CRD_A6E16EBEE75C492DA24E,6460,RAW,VALID
CRD_A6E8EAA77BE24D74AEA7,9280,RAW,VALID
CRD_A6E97F52AAE14D00B5D3,5353,RAW,VALID
CRD_A6F7502948814BF9A22C,685900,RAW,VALID
CRD_A6FB671794764AE49A66,690,RAW,VALID
CRD_A70AE0EAE9544E4091AC,828,RAW,VALID
CRD_A70EA9E8C6384E49A3D9,2481,RAW,VALID
CRD_A71CDBCAB7AB42309937,1390,RAW,VALID
CRD_A73E9FF2F0254E999421,1250,RAW,VALID
CRD_A764468C60C145BBA7B2,2610,RAW,VALID
CRD_A7955AC1C4F2421B940F,690,RAW,VALID
CRD_A7A7C7685FE244168B9B,5380,RAW,VALID
CRD_A7AACB50E1D2433E83E0,2260,RAW,VALID
CRD_A7C30A2EF2124187ABC4,2148,RAW,VALID
CRD_A7F47D7A90F24520988F,209,RAW,VALID
CRD_A807FE059D28421A9D89,944,RAW,VALID
CRD_A81205AD3C6B4221AD8F,5812,RAW,VALID
CRD_A81F66DC2106497F8D12,990,RAW,VALID
CRD_A8210A464976421F9923,20220,RAW,VALID
CRD_A82AA6D16570455DA915,640,RAW,VALID
CRD_A82C4C53C3004C17A955,510,RAW,VALID
CRD_A848A7E12690411197B4,100000,RAW,VALID
CRD_A87D1D76614640AC9160,1400,RAW,VALID
CRD_A891C8ACBE5B4F3F8F48,1950,RAW,VALID
CRD_A89A6F539FAC4AC7ADA2,961,RAW,VALID
CRD_A8B52849C3C54365B81E,2383,RAW,VALID
CRD_A8B5785909B448EBB9B7,1243,RAW,VALID
CRD_A8C06BD8284942BA824C,4272,RAW,VALID
CRD_A8CA5B29C9994F09BCF9,340,RAW,VALID
CRD_A8DEE7AEF1EB41B29CFD,10120,RAW,VALID
CRD_A8F55E775B1A48999A63,1116,RAW,VALID
CRD_A8F8B7FADADA4B9C8D2F,234,RAW,VALID
CRD_A914FCD3FCD847BFA351,13330,RAW,VALID
CRD_A92DDFDA2A8542FDA6F0,587,RAW,VALID
CRD_A95A3BB894E045F2AE02,17500,RAW,VALID
CRD_A96D274688FA4B04A973,2181,RAW,VALID
CRD_A9772F1A738D41739112,2377,RAW,VALID
CRD_A9971F75407F4A80908E,570,RAW,VALID
CRD_A99D593C22354D17A334,165,RAW,VALID
CRD_A9AEC318816D44429B63,416,RAW,VALID
CRD_A9C9A530BD584DDBB671,3242,RAW,VALID
CRD_A9D7A6D3DC694E4280F3,7670,RAW,VALID
CRD_A9DF06F1FA7544AD83E2,330,RAW,VALID
CRD_AA067EA038324239B8DD,10737,RAW,VALID
CRD_AA0DD2AA1FBC4EEFABF7,2390,RAW,VALID
CRD_AA19A54D13CC49198C77,38880,RAW,VALID
CRD_AA3296C0D4FE45A38CAB,2452,RAW,VALID
CRD_AA3AA58E730E469981E5,610,RAW,VALID
CRD_AA42D1C0CC194B35AB8C,599,RAW,VALID
CRD_AA4A41F8F67F4044A169,3308,RAW,VALID
CRD_AA4B50E788B247089DA6,35687,RAW,VALID
CRD_AA56EE51E5024865B7F9,4589,RAW,VALID
CRD_AA5BA868244841729ECD,6500,RAW,VALID
CRD_AA70617DE38A4AB8A0AC,1190,RAW,VALID
CRD_AA7C762B17B749CEBF08,1910,RAW,VALID
CRD_AA80CBBC30D44512BB73,593,RAW,VALID
CRD_AA9CB0979C7F411383FB,965,RAW,VALID
CRD_AAA1B0D73E594E6E9585,12575,RAW,VALID
CRD_AAAB529B18A64AB9A9A0,960,RAW,VALID
CRD_AADC70B1F06B46E196C2,3430,RAW,VALID
CRD_AAFE59E917F54C8FB509,9546,RAW,VALID
CRD_AB63174A5154445782F6,490,RAW,VALID
CRD_AB903AFCBCE64F1B90B8,7520,RAW,VALID
CRD_ABA7DEE8174B496492CB,1750,RAW,VALID
CRD_ABB1F47733574B969DF6,2130,RAW,VALID
CRD_ABB584CF354344D0820F,2544,RAW,VALID
CRD_ABB9C24219D047ECAF3A,6200,RAW,VALID
CRD_ABBEF153A31344B5ACCA,2090,RAW,VALID
CRD_ABC8E286EC2E4320896C,970,RAW,VALID
CRD_ABD8EEE619A649568E06,910,RAW,VALID
CRD_ABED7ECAA2C04766839E,872,RAW,VALID
CRD_ABF0EE72A9DD496393D1,4800,RAW,VALID
CRD_AC159F45A9C945968FF3,5005,RAW,VALID
CRD_AC3606B6DD67461CB745,6930,RAW,VALID
CRD_AC43601EF1034C02924D,2470,RAW,VALID
CRD_AC463A6E41054C3A8E71,1300,RAW,VALID
CRD_AC4EB0CDE09A4473820C,13710,RAW,VALID
CRD_AC613BBC6EE14C01A490,1150,RAW,VALID
CRD_AC64EB9FF98F4DD68A0B,324,RAW,VALID
CRD_AC75F54F4CA8440381E1,1790,RAW,VALID
CRD_AC9AF80490804185A362,2465,RAW,VALID
CRD_AC9F89AB71524BC4AD8B,2087,RAW,VALID
CRD_ACB87F5FA19140FD900F,2069,RAW,VALID
CRD_ACB8A5DF94244A189395,2351,RAW,VALID
CRD_ACC142C26F114994836D,6075,RAW,VALID
CRD_ACE083AA03F94FF58441,400,RAW,VALID
CRD_ACE1406D88444132AE41,25455,RAW,VALID
CRD_ACF61B33CDD24476B1C0,4760,RAW,VALID
CRD_AD5DBA8969314EA6A9F3,2057,RAW,VALID
CRD_AD6115AF78224218ACF6,3160,RAW,VALID
CRD_AD847DF3679D4F45A446,447,RAW,VALID
CRD_AD8BBF65FE79434B9A17,500,RAW,VALID
CRD_AD8D9A5B43C24CB6A5F9,3740,RAW,VALID
CRD_AD994D529D6E47C2B93E,2326,RAW,VALID
CRD_AD9A574810174B64B773,46650,RAW,VALID
CRD_ADB6937D5829468DB1AF,1590,RAW,VALID
CRD_ADBCD39DE57C43EFADAA,3880,RAW,VALID
CRD_ADDEC4B6D7EC4C7FA90E,25806,RAW,VALID
CRD_ADE314545C9C40C2BE9D,1667,RAW,VALID
CRD_ADEEB51643EF48499D9B,790,RAW,VALID
CRD_ADFC6A38AABB4ACE85F4,1632,RAW,VALID
CRD_ADFEF65AFEF8421CA287,695,RAW,VALID
CRD_AE113DCC3BAE4D84AB6A,5738,RAW,VALID
CRD_AE252DCBF6FA4506ACCD,188,RAW,VALID
CRD_AE2BFD3AB7764907BA33,2077,RAW,VALID
CRD_AE3C75BE92214FE9ACBD,19961,RAW,VALID
CRD_AE75FE8F2FF5446B86CF,4330,RAW,VALID
CRD_AE793A5668C14BE9A305,160,RAW,VALID
CRD_AE83ACAA6B9D4A4996BD,2630,RAW,VALID
CRD_AEDD3F6DAB77462C84BA,1924,RAW,VALID
CRD_AEDD96FFA5A84E749D76,8570,RAW,VALID
CRD_AF1FDA799C6143DFA5A9,3981,RAW,VALID
CRD_AF23FC89109141A7AAF7,231,RAW,VALID
CRD_AF3062D3422A407D9A65,75870,RAW,VALID
CRD_AF3164F375854354B2F4,12980,RAW,VALID
CRD_AF50D7F7BF224CA6B856,3176,RAW,VALID
CRD_AF533FDCBFB840229CB0,720,RAW,VALID
CRD_AF5EB7BCF32F4A63B0D5,2047,RAW,VALID
CRD_AF6C72E18B814568BD91,9690,RAW,VALID
CRD_AF75DCD7E11042F68065,2373,RAW,VALID
CRD_AF8736ECE64947D5A57B,3947,RAW,VALID
CRD_AF8F92C88D0B402AAEA9,1120,RAW,VALID
CRD_AF944BBA321248A08EBC,770,RAW,VALID
CRD_AF9E559EB5944BEFAAD8,2420,RAW,VALID
CRD_AFAA23E9034D48008DBB,1570,RAW,VALID
CRD_AFB2E1221F7B49C4B30F,127991,RAW,VALID
CRD_AFBD5F78887542BAB486,3622,RAW,VALID
CRD_AFD17D0FE9FF44FF8492,2021,RAW,VALID
CRD_AFD5B4C57E4049A59C23,10660,RAW,VALID
CRD_AFEB8972DDD3469BB268,21305,RAW,VALID
CRD_B0077688E0674FEE8A14,3410,RAW,VALID
CRD_B00F854C44414288BAFB,529,RAW,VALID
CRD_B01199DFD87D423494E0,887,RAW,VALID
CRD_B02D8C31DB1A44969F52,25174,RAW,VALID
CRD_B03010105C7A46FDAE73,870,RAW,VALID
CRD_B04734F496D84C34A6EA,1280,RAW,VALID
CRD_B04BCC71D4004F4F96FC,270,RAW,VALID
CRD_B050F893ACF545A0B78C,19000,RAW,VALID
CRD_B05ED192EA914D9893FB,2833,RAW,VALID
CRD_B0635A73D11746B0828B,2550,RAW,VALID
CRD_B06B18A181FB456ABDCB,550,RAW,VALID
CRD_B071913DFA814921BA27,140,RAW,VALID
CRD_B075334FB615451B877A,1630,RAW,VALID
CRD_B078B8FB2EB6415A85B6,7730,RAW,VALID
CRD_B08CE2F4339B49479056,201,RAW,VALID
CRD_B0A1FB4261674D529764,1100,RAW,VALID
CRD_B0B1E680E6EB4FC091EE,15231,RAW,VALID
CRD_B0F2BB5C7F9B413AAF68,4650,RAW,VALID
CRD_B0FE7331201C44AB8455,2380,RAW,VALID
CRD_B11B7BA4E82A41EA95F8,6760,RAW,VALID
CRD_B1236C0C76BB4236BEB2,5335,RAW,VALID
CRD_B124B687EC404C5FAC1B,5098,RAW,VALID
CRD_B1266853754742B9AC64,200,RAW,VALID
CRD_B13EADBBACFC415DBE7D,530,RAW,VALID
CRD_B158EA20CC184AF1B925,23792,RAW,VALID
CRD_B1643D67B83E4EC5B075,3380,RAW,VALID
CRD_B165190D31814511A5A8,2210,RAW,VALID
CRD_B166C14DF6864745B219,459,RAW,VALID
CRD_B16E4806EF614E799EA1,1530,RAW,VALID
CRD_B176ED9CB33B457593A4,350,RAW,VALID
CRD_B18DDE8C20D645DDA16E,4820,RAW,VALID
CRD_B18EB4936D3D4C3C8F78,2450,RAW,VALID
CRD_B195304202EC48F1BD65,4060,RAW,VALID
CRD_B1A5D7C5C507422DA40C,1840,RAW,VALID
CRD_B1BA8BA294224C83B570,60930,RAW,VALID
CRD_B1D0E95D6A764E54A4F3,240,RAW,VALID
CRD_B1DFD3C3E5BB4423BF03,597,RAW,VALID
CRD_B20942F08E184FD3AC9C,3490,RAW,VALID
CRD_B21ED14E9FF94FF4BBB5,203,RAW,VALID
CRD_B2248FE3EAB34F918B7C,396,RAW,VALID
CRD_B2272D4D776044FE9ABF,360,RAW,VALID
CRD_B249F6023816421B9E82,9840,RAW,VALID
CRD_B24FB59D3B834314A57B,6360,RAW,VALID
CRD_B24FEAA15B354EE7A819,1250,RAW,VALID
CRD_B253550B1F2740F395BE,420,RAW,VALID
CRD_B270EBD54E8C47AF8BA8,2679,RAW,VALID
CRD_B27CE1319A204E919650,239,RAW,VALID
CRD_B27EE9CB54BE42CFB26C,969,RAW,VALID
CRD_B28E6145CF994B09905F,40080,RAW,VALID
CRD_B294F7A527664134BFA8,130,RAW,VALID
CRD_B2A94238DD6A45BD8A15,3470,RAW,VALID
CRD_B2AFB9324B7B47889320,910,RAW,VALID
CRD_B2B243175D8E4033A33F,2046,RAW,VALID
CRD_B2D14FA1DDFA481BB7B2,2140,RAW,VALID
CRD_B2DC0D2AA6314050AD58,950,RAW,VALID
CRD_B2E561CB1C034FE2B65A,369,RAW,VALID
CRD_B2E952D4AF8A4AED8F98,498,RAW,VALID
CRD_B30DFCBCDFBA21BE1C07,610068,RAW,VALID
CRD_B3149BEFD6BC407799A3,2355,RAW,VALID
CRD_B325D03BDD34469298B9,860,RAW,VALID
CRD_B345C0800CFB40D28BD7,20920,RAW,VALID
CRD_B35BCAFB2F9E4FE5BE34,3800,RAW,VALID
CRD_B3798231C06C4CAB97AF,11820,RAW,VALID
CRD_B3834736DB2542B792B1,1410,RAW,VALID
CRD_B38781B3110941E9A3DA,8960,RAW,VALID
CRD_B390ACDDA0BC45F28118,2034,RAW,VALID
CRD_B3AE192A44B84ED7B24E,2271,RAW,VALID
CRD_B3BF8D31D9204782972A,2504,RAW,VALID
CRD_B3C3F8E812884FEEB672,3961,RAW,VALID
CRD_B3CB2A5036FD42688BA6,66164,RAW,VALID
CRD_B3F163D4760E4999A3AE,490,RAW,VALID
CRD_B3FA890225FF38CC4DBE123ABCCB9B93,1060642,RAW,VALID
CRD_B3FD6023E69B4B2DAF28,3646,RAW,VALID
CRD_B443DB37EB0D40308182,72992,RAW,VALID
CRD_B44585853A93C37F791B552F69C70AA6,58175,RAW,VALID
CRD_B4458BD865D40B2B6AFB,4780,RAW,VALID
CRD_B44DD500D1A84B9384A5,1283,RAW,VALID
CRD_B4500EAE366644C09065,690,RAW,VALID
CRD_B478B609372F4829A9FD,7791,RAW,VALID
CRD_B48D14CE62334F79A190,1230,RAW,VALID
CRD_B4A60A8CA6AA4F26A2A9,1145,RAW,VALID
CRD_B4DD248887AA402E79E6048CF14A6FA5,5614269,RAW,VALID
CRD_B54A04C4DD0844DE9B5E,494,RAW,VALID
CRD_B550CAAE1FA843B28C47,593,RAW,VALID
CRD_B55AAC9C8A6C490FB575,1045,RAW,VALID
CRD_B55D3E9651694E04BBB9,950,RAW,VALID
CRD_B56B12EB53F4412BA2DA,9602,RAW,VALID
CRD_B5BD597A055847CBB31C,1980,RAW,VALID
CRD_B5CCF871C4AD4CA18B71,2890,RAW,VALID
CRD_B5DF3C0636DC414DBEFD,840,RAW,VALID
CRD_B6033352C39D43F38651,442,RAW,VALID
CRD_B6225CABC6D64AC5A224,610,RAW,VALID
CRD_B6294903334744A58D01,27300,RAW,VALID
CRD_B63836C8D4AD4235A59A,480,RAW,VALID
CRD_B644812335694B979583,1367,RAW,VALID
CRD_B64ABBE03E224573AFE8,4373,RAW,VALID
CRD_B64FC43EC8F44F108672,760,RAW,VALID
CRD_B6536EB5E85E46388EC3,571,RAW,VALID
CRD_B65A3E174310474CA8B8,1570,RAW,VALID
CRD_B65EED7E271E44328B00,140,RAW,VALID
CRD_B675C7208A854D9AAEF1,1720,RAW,VALID
CRD_B67C469BF7EA40619E14,690,RAW,VALID
CRD_B685013BF312463DBD3F,171,RAW,VALID
CRD_B69CC3BA1BF848229682,1582,RAW,VALID
CRD_B6BEB22D4E0AE7AADC2865D17E9AE564,47151,RAW,VALID
CRD_B6CF092809C341D6B60F,10649,RAW,VALID
CRD_B6D4B710F4FD4BA698FB,1440,RAW,VALID
CRD_B6DC45093C334784875A,1428,RAW,VALID
CRD_B6DCDD8B172E42A098BE,1712,RAW,VALID
CRD_B6F05ABED7AE47BAAD56,11330,RAW,VALID
CRD_B6F27325C75E414B802B,1310,RAW,VALID
CRD_B6F780670C514367833F,820,RAW,VALID
CRD_B71401CE4CBA4FD5914C,1940,RAW,VALID
CRD_B7161883B756473E8D66,1803,RAW,VALID
CRD_B71DC5DF10B44392841A,12235,RAW,VALID
CRD_B71FB8408EAC4867A18F,154,RAW,VALID
CRD_B7345EED8A0E4A05B2C2,160,RAW,VALID
CRD_B7768191A68445AA8817,6624,RAW,VALID
CRD_B7828F2ECCE840FB8105,4102,RAW,VALID
CRD_B79D24DCE63448C89A53,3110,RAW,VALID
CRD_B7B757AF0B3E44FB9C36,21605,RAW,VALID
CRD_B7BEDC89F4554878A43B,11666,RAW,VALID
CRD_B7DB6E711CE147A8BA79,480,RAW,VALID
CRD_B7FFD1C826FF4A6FA025,1524,RAW,VALID
CRD_B800DDCEC18641718BAD,12934,RAW,VALID
CRD_B807649467B3424F8C29,13220,RAW,VALID
CRD_B80EAC51607C49BEB42E,750,RAW,VALID
CRD_B837D3F1A54647279AEC,26316,RAW,VALID
CRD_B845DAE48C424F97A12D,280,RAW,VALID
CRD_B86A682830BA4F8D9F57,2665,RAW,VALID
CRD_B86D2122C72F49ECB65D,2430,RAW,VALID
CRD_B8716C15063748DF9431,5720,RAW,VALID
CRD_B875810CC46C4134A0C8,1030,RAW,VALID
CRD_B8770884705A42238D72,14050,RAW,VALID
CRD_B87B09A888294C1C873C,561,RAW,VALID
CRD_B8A04830277E4F638EBD,2090,RAW,VALID
CRD_B8B3074785EC350DEB26,390300,RAW,VALID
CRD_B8B69E5A34C042F2928346295A367A70,636900,RAW,VALID
CRD_B8BA3C24BCBE499B8B39,3240,RAW,VALID
CRD_B8BC4E618338434C9925,432,RAW,VALID
CRD_B92DA5CF55D0468FB12E,1090,RAW,VALID
CRD_B92E9CCA3B94438EB268,3830,RAW,VALID
CRD_B95C9626B4BD40E69107,1180,RAW,VALID
CRD_B96269B83CA14C11933E,2454,RAW,VALID
CRD_B974BC191042453495AE,735,RAW,VALID
CRD_B99867335AE14F658107,3536,RAW,VALID
CRD_B9B998819A564DE3991A,7810,RAW,VALID
CRD_B9C22C1213704F5AAF1B,200,RAW,VALID
CRD_B9E026BC3DF546909368,176,RAW,VALID
CRD_BA09E1E2876D4AF9A7EC,730,RAW,VALID
CRD_BA10F03AB84145BBB276,28583,RAW,VALID
CRD_BA27BAD558E64F00B129,14529,RAW,VALID
CRD_BA348F823BE347518A3B,152,RAW,VALID
CRD_BA41AC19AAAD4F04B756,1188,RAW,VALID
CRD_BA4BEE00353244F580C5,19640,RAW,VALID
CRD_BA7824DD9F5F4039A731,7886,RAW,VALID
CRD_BA7E5BDFBF2443BBB5C7,60710,RAW,VALID
CRD_BA98E92E4AFE471CB7C6,180,RAW,VALID
CRD_BA9979085F024D49906C,820,RAW,VALID
CRD_BAA4E53EBC95419998FA,1307,RAW,VALID
CRD_BAC700F6596245A5A62A,2844,RAW,VALID
CRD_BACA0ED67D664015A669,4190,RAW,VALID
CRD_BAD5922B3CEB416F8E04,2379,RAW,VALID
CRD_BAF951CD1C52420DB08A,8020,RAW,VALID
CRD_BB0C1B7398C4442C965C,1420,RAW,VALID
CRD_BB1E084CEC1F4C23BA89,9040,RAW,VALID
CRD_BB2021E55A1B4B7CBE30,691,RAW,VALID
CRD_BB2792DF08BD4BE4A1F2,5926,RAW,VALID
CRD_BB2AE88D795B4BC39A64,1590,RAW,VALID
CRD_BB580CF2765F4C48B7BB,3366,RAW,VALID
CRD_BB59547714764CE4B9C2,3750,RAW,VALID
CRD_BBA44F80E157446F9E8A,198,RAW,VALID
CRD_BBC2E062E3384B639FA8,27340,RAW,VALID
CRD_BBDFDA23088F44F3B3B8,21878,RAW,VALID
CRD_BBE6EFDD0952406BA8C0,4380,RAW,VALID
CRD_BBF48E2A085C4050AA8B,10303,RAW,VALID
CRD_BC01567C0D53407F9CA0,610,RAW,VALID
CRD_BC1C11E90BDF4F289E1A,680,RAW,VALID
CRD_BC23459C3A854031B8A0,185600,RAW,VALID
CRD_BC2AD209CF444EE7A541,574,RAW,VALID
CRD_BC37591EA9BD4AFE9BD5,4730,RAW,VALID
CRD_BC53EA80A3024F12B207,2300,RAW,VALID
CRD_BC5D8A5B4A5049FC8235,960,RAW,VALID
CRD_BC7A6C4E12004FA0918B,1180,RAW,VALID
CRD_BC94D56140324F5E8B10,2250,RAW,VALID
CRD_BC975C84189F46CDAFBF,58096,RAW,VALID
CRD_BCA5D115D41A4E2A875F,234,RAW,VALID
CRD_BCAD270973224770B3FD,21740,RAW,VALID
CRD_BD23A2FE3D6140978DFB,19990,RAW,VALID
CRD_BD32C4DD974E418FB16F,2560,RAW,VALID
CRD_BD598DEBF42248F3A0D7,6503,RAW,VALID
CRD_BD9788C17AE247EC9735,2824,RAW,VALID
CRD_BDBA1831790543D0A08B,2153,RAW,VALID
CRD_BDC1ABE01CFF4D5CA326,8914,RAW,VALID
CRD_BDD8F152587B432C9CED,130,RAW,VALID
CRD_BDD95E418BFE4188A58A,593,RAW,VALID
CRD_BDFAAB604BE94203ADDE,2230,RAW,VALID
CRD_BE0337E9E178414A89BA,520,RAW,VALID
CRD_BE12D91B22794119B3E1,6826,RAW,VALID
CRD_BE15DB54E85D437389C2,53680,RAW,VALID
CRD_BE2C80A0B66343AA892E,2690,RAW,VALID
CRD_BE2FA43F663B4D16BA9C,1650,RAW,VALID
CRD_BE3F68E6C31B480581DD,173,RAW,VALID
CRD_BE6756C32CA74D509D22,1960,RAW,VALID
CRD_BE82877EE7B04D848D1B,6242,RAW,VALID
CRD_BE89EA3D6FBF480F9472,2079,RAW,VALID
CRD_BE8BC1ED2FFA48EFAEE0,963,RAW,VALID
CRD_BE950F4C173D4903A25D,2980,RAW,VALID
CRD_BE9FEC8AE3E9478EB79E,150,RAW,VALID
CRD_BEB0E75C862E4647B482,808,RAW,VALID
CRD_BEB146883AF3442F81D9,3630,RAW,VALID
CRD_BECB62345F92435AB0E2,9080,RAW,VALID
CRD_BED3E8E4C2A24CE9B22C,11544,RAW,VALID
CRD_BEEC7EC2646C4D2AA6E9,1680,RAW,VALID
CRD_BEEDDDF92F76487894E3,640,RAW,VALID
CRD_BF0B13F713C54C379992,340,RAW,VALID
CRD_BF0BAA33D5244D7D9AE4,3050,RAW,VALID
CRD_BF0F5557B756404B95E3,452,RAW,VALID
CRD_BF1800988BEF4236B004,280,RAW,VALID
CRD_BF2A02781B26488BA64B,9450,RAW,VALID
CRD_BF2EC3DA51FE45219EFA,234,RAW,VALID
CRD_BF34F5EA41394ACEBF4D,217,RAW,VALID
CRD_BF531C372C7F46138B80,223,RAW,VALID
CRD_BF68BBD0D4414170AFD2,6000,RAW,VALID
CRD_BF6C559F974242FA94CE,8720,RAW,VALID
CRD_BF8B331F32534677B557,574,RAW,VALID
CRD_BFE18CF6495A4D4DBB92,777,RAW,VALID
CRD_BFFE0E9B11644655B42B,6910,RAW,VALID
CRD_C01B9679589B47678C03,10350,RAW,VALID
CRD_C01ECCA4431A44B09D3B,2100,RAW,VALID
CRD_C041DE21E72A4D9498F0,6750,RAW,VALID
CRD_C0490A67B50C41B78069,3500,RAW,VALID
CRD_C04E029C65C04840BDAD,2944,RAW,VALID
CRD_C05727E691684E0B93AF,15882,RAW,VALID
CRD_C06423A2D6344CF88D62,690,RAW,VALID
CRD_C0757BA5FDB846169FFD,1401,RAW,VALID
CRD_C09A904A2D634B4383A4,21411,RAW,VALID
CRD_C0A365CA88A64A5BB52A,650,RAW,VALID
CRD_C0B9156965764BADB0C5,7320,RAW,VALID
CRD_C0CD75FE2CCE46389DA9,160,RAW,VALID
CRD_C0DE715FF08247A1BCA3,27933,RAW,VALID
CRD_C117A9E19A5E433BA318,2146,RAW,VALID
CRD_C120B46573824D1A87A3,10921,RAW,VALID
CRD_C123706D03224508B63B,1370,RAW,VALID
CRD_C12CF65370894C5581E4,1226,RAW,VALID
CRD_C13EA4410A084742AAA9,2692,RAW,VALID
CRD_C1430E514E7A4341B76C,3650,RAW,VALID
CRD_C14EA7DC5F234B078571,2091,RAW,VALID
CRD_C1608F37F71B44D08013,30341,RAW,VALID
CRD_C168AAFB91D64962B256,610,RAW,VALID
CRD_C183A625C76743C5ABCD,2290,RAW,VALID
CRD_C196FA6AC8E54F73BCFC,1120,RAW,VALID
CRD_C19CBFBFDA7B4814A109,2000,RAW,VALID
CRD_C19EA4CD8F604CCE8CFA,5414,RAW,VALID
CRD_C1D0A9CD6A504D1B974A,176,RAW,VALID
CRD_C1DA511430EB46B79854,150,RAW,VALID
CRD_C1E6E62B68CA49EBA053,838,RAW,VALID
CRD_C1ED974D21D945F6AE35,141186,RAW,VALID
CRD_C204E7C7962B4792A212,15430,RAW,VALID
CRD_C21B5D38B82C454CBA6D,3449,RAW,VALID
CRD_C24816ED007D4FA3AB68,193,RAW,VALID
CRD_C2779FB305824DED9533,3240,RAW,VALID
CRD_C284B6140DDE4A00A093,990,RAW,VALID
CRD_C2853FCE66E848CFBA00,12697,RAW,VALID
CRD_C28A0C2FB60246168A94,2319,RAW,VALID
CRD_C29D97F59E3E4E9FB4E0,1680,RAW,VALID
CRD_C2A0DB2254344C62AF81,267,RAW,VALID
CRD_C2A3EBDFC3B244DDA1F7,938,RAW,VALID
CRD_C2B35AF51F5B4B3D84EF,586,RAW,VALID
CRD_C2E4C6930E644C2D8236,1849,RAW,VALID
CRD_C2E5273146CB463B8905,2030,RAW,VALID
CRD_C317FB78E5844D49AEC5,1240,RAW,VALID
CRD_C31AA0E0F2D940BA9105,9260,RAW,VALID
CRD_C31F1E43A61B4EC79EA3,713,RAW,VALID
CRD_C3474CAADA7145DF9485,465,RAW,VALID
CRD_C37F7B571BA54B66B848,7097,RAW,VALID
CRD_C39B236442E240D58AAD,289,RAW,VALID
CRD_C3A6BDB895B242D99F32,740,RAW,VALID
CRD_C3AC7D22528745FE8E4B,630,RAW,VALID
CRD_C3B57125A65740B3ADB8,1860,RAW,VALID
CRD_C3BE18AFFD494670BA91,210,RAW,VALID
CRD_C3BEA4426F934FF9A7FB,5634,RAW,VALID
CRD_C3CF846EB0624F398AAF,2440,RAW,VALID
CRD_C3E06830FAAA4837AB25,830,RAW,VALID
CRD_C3E80F835D1B41C5B9F7,6494,RAW,VALID
CRD_C3F5BECDAF7048508A69,226,RAW,VALID
CRD_C3F844BC04614855A4C4,1440,RAW,VALID
CRD_C41854F7D20E8756104AAA3F9F81E8EA,365156,RAW,VALID
CRD_C41CDFEEB7EE415CA1B7,3970,RAW,VALID
CRD_C4387FFC5CCB4AF9A390,2190,RAW,VALID
CRD_C452FDCBD46A43E587EC,550,RAW,VALID
CRD_C46B76D03DCD42BEB000,1180,RAW,VALID
CRD_C46CF6C3E34746C1BB6D,9100,RAW,VALID
CRD_C4804FF23607466C9A90,180,RAW,VALID
CRD_C481BCD104FC4D799A10,1859,RAW,VALID
CRD_C4865CD65C7F40D2A53C,9540,RAW,VALID
CRD_C4895FD08DDF4F6096E5,2026,RAW,VALID
CRD_C4A0597992A94A558267,34970,RAW,VALID
CRD_C4D2295758134D1A863E,24347,RAW,VALID
CRD_C4DED4CD6D9B40719BF9,960,RAW,VALID
CRD_C4F41E3DBC5E4BAC88EA,480,RAW,VALID
CRD_C4F64FFCE1CF446580D4,5131,RAW,VALID
CRD_C504554B465840AAB681,12270,RAW,VALID
CRD_C512FB10DEBE4D3A9245,1849,RAW,VALID
CRD_C52365D9FE2D440FAF36,661,RAW,VALID
CRD_C53876B78A1D4CE1AAA8,6602,RAW,VALID
CRD_C541F6809A4B473D8981,6320,RAW,VALID
CRD_C5460BA77BF844449364,13835,RAW,VALID
CRD_C55004D65BC742D6A174,976,RAW,VALID
CRD_C56596E4D16D42879763,16110,RAW,VALID
CRD_C572CDE3A4084624BF2B,5130,RAW,VALID
CRD_C577C809253F4820BC3C,17634,RAW,VALID
CRD_C57DB853FD2D46888B48,1585,RAW,VALID
CRD_C57E69F6FE4A4DE4BC7F,147682,RAW,VALID
CRD_C59C1E27D70941A983D2,3110,RAW,VALID
CRD_C5A7D2CBC1844112AE51,5432,RAW,VALID
CRD_C5A95DC5404443948CF9,3270,RAW,VALID
CRD_C5AAC2405EE34F249A43,206,RAW,VALID
CRD_C5B38ED6409E430EA353,2280,RAW,VALID
CRD_C5B6D61127B741B3926B,2570,RAW,VALID
CRD_C5C15088983B4338BFDC,330,RAW,VALID
CRD_C5C46399E49A476BBCF1,226,RAW,VALID
CRD_C5C509526A7B4DBFBF80,3170,RAW,VALID
CRD_C5DD719E8CEF486891DB,1921,RAW,VALID
CRD_C5F43E1D58DC4EB091BB,140,RAW,VALID
CRD_C5FD1D1E4E924008A6FE,569,RAW,VALID
CRD_C608BA3853EA42618657,650,RAW,VALID
CRD_C6416A62FDD4411AB1F8,5995,RAW,VALID
CRD_C64D32F3DC3143B1A26C,1080,RAW,VALID
CRD_C64D8A288A1E49DABD3B,7430,RAW,VALID
CRD_C656819F71EC44B19DD9,4097,RAW,VALID
CRD_C669300AD32E4E5D86B4,1377,RAW,VALID
CRD_C684704D87BF4D358292,1380,RAW,VALID
CRD_C69B5517FEEB4D75832B,2788,RAW,VALID
CRD_C6A1E00432684413B13B,2418,RAW,VALID
CRD_C6A45AC1265148B69725,15922,RAW,VALID
CRD_C6AC87E03F394758932B,1492,RAW,VALID
CRD_C6E94E4673E846D48583,1600,RAW,VALID
CRD_C726940566D64B5D97C1,540,RAW,VALID
CRD_C728A90398A04DC9B105,3690,RAW,VALID
CRD_C73541F8726F4E58B333,16820,RAW,VALID
CRD_C74290D9A640465F8C18,42889,RAW,VALID
CRD_C75DB7DA4F574A29A6BB,1480,RAW,VALID
CRD_C7743941CB94475DBB80,1589,RAW,VALID
CRD_C7804ACB352A4684AF39,6264,RAW,VALID
CRD_C7C3982EEEB34C529318,3883,RAW,VALID
CRD_C7E2B077171045C69387,900,RAW,VALID
CRD_C7E6727225AD4AC8B1EA,190,RAW,VALID
CRD_C7EE29160ED94C72BB44,7635,RAW,VALID
CRD_C80A57B9F72D4DD39F64,35760,RAW,VALID
CRD_C83501C3B7174EAD9B11,254,RAW,VALID
CRD_C84CD0D4247C45DD9DA2,12020,RAW,VALID
CRD_C84E53788D884322B54B,1717,RAW,VALID
CRD_C84ED2B9A3F04FFF9591,11417,RAW,VALID
CRD_C8514FE93E8D4BEBBEDE,239,RAW,VALID
CRD_C8708FEE42914C2C92BD,160,RAW,VALID
CRD_C876DFB3D3DC4A038B06,686,RAW,VALID
CRD_C8796B366D1E44C889CE,1708,RAW,VALID
CRD_C8829581CD5F4E798F14,970,RAW,VALID
CRD_C88F58584ECC45019F54,8250,RAW,VALID
CRD_C8964D5114084013857C,752,RAW,VALID
CRD_C896B50891774460A672,448,RAW,VALID
CRD_C89D33E80FC541129360,6554,RAW,VALID
CRD_C8B01F160C314B17A057,23860,RAW,VALID
CRD_C927EDBD33EB444EA017,960,RAW,VALID
CRD_C932B86214B443F7BF18,20000,RAW,VALID
CRD_C93F0C57CAE5425995FA,1460,RAW,VALID
CRD_C941F30AB1514C58AEC3,1209,RAW,VALID
CRD_C94514D16A7E46608874,10378,RAW,VALID
CRD_C94913B9843F44CAA1C8,71101,RAW,VALID
CRD_C9610AAB6E5FBA4645BC4011ED62CF41,1534607,RAW,VALID
CRD_C98511277D834B8FB4C7,7077,RAW,VALID
CRD_C98EFDB78A3045E8B138,210,RAW,VALID
CRD_C99C51CB2CCA447FBB9F,1379,RAW,VALID
CRD_C9D88D4A7D0741C89301,3135,RAW,VALID
CRD_C9E479C530F64962AF8B,210,RAW,VALID
CRD_C9F47C155D5849A7A956,2260,RAW,VALID
CRD_C9F48C426CE14CFFA191,24010,RAW,VALID
CRD_C9F99666A3067F779469,5948,RAW,VALID
CRD_C9FA55B6A1CF478FB8C3,1750,RAW,VALID
CRD_CA044084B6894F7F9764,1752,RAW,VALID
CRD_CA05CA30ECC64AAA9103,12136,RAW,VALID
CRD_CA1450D6F122424A81D0,250,RAW,VALID
CRD_CA30FFDBDA9E4F959E75,1440,RAW,VALID
CRD_CA3282A90EA344D18DDD,234,RAW,VALID
CRD_CA3D4EFF79314B22B0F0,446,RAW,VALID
CRD_CA411E680E6F4183A00B,3230,RAW,VALID
CRD_CA5B1279C7ED42C78594,3847,RAW,VALID
CRD_CA5C4ACA8C0944F9A611,1410,RAW,VALID
CRD_CA8791D1D7B746459F70,3323,RAW,VALID
CRD_CA8815FCA7DF4BD3A509,1883,RAW,VALID
CRD_CAA84D92B77A42B6AD29,160,RAW,VALID
CRD_CAD2C5AC7AFD4C08A84D,1580,RAW,VALID
CRD_CAEF24E4F3E04F20A205,800,RAW,VALID
CRD_CB04FE06D4DE4ECAB7C5,1200,RAW,VALID
CRD_CB183CE3466F4730A71D,1790,RAW,VALID
CRD_CB258E4BA4884902A051,1050,RAW,VALID
CRD_CB62AB154B714772BCC6,24071,RAW,VALID
CRD_CB69C20D58AF4D51A9AF,3140,RAW,VALID
CRD_CB7A266C3EF64219A66B,1870,RAW,VALID
CRD_CB975544B60F47048A93,4058,RAW,VALID
CRD_CBBC687119FD4B25A45C,1661,RAW,VALID
CRD_CBC210FA642F420A9902,1053,RAW,VALID
CRD_CBCB333E225D4F5DA095,2243,RAW,VALID
CRD_CBD74C6D3997478C92A5,58500,RAW,VALID
CRD_CBDDC3FDCA774193AB14,23533,RAW,VALID
CRD_CBEEC91D0B7A4E249169,1440,RAW,VALID
CRD_CBF98258CCE3480F901E,3412,RAW,VALID
CRD_CC0F23B6FAC346E58A02,1902,RAW,VALID
CRD_CC13B8F8C8BC49B092D7,220,RAW,VALID
CRD_CC162A31A5C74A9FA602,4970,RAW,VALID
CRD_CC1A5C8DB888413B9C1C,3520,RAW,VALID
CRD_CC3897BA1A4C4B138E6A,2096,RAW,VALID
CRD_CC3A107170E0419E98DC,959,RAW,VALID
CRD_CC3B5E1F932A4EE9B2E9,1336,RAW,VALID
CRD_CC4FD534DFA941C6B7AF,220,RAW,VALID
CRD_CC7458EF5365429CB168,2820,RAW,VALID
CRD_CC95EE0439504360B961,3486,RAW,VALID
CRD_CC97B2FE443A4CA09615,243,RAW,VALID
CRD_CC99F95ECF194AAFBB28,245,RAW,VALID
CRD_CCA2E7D114F543BB8331,650,RAW,VALID
CRD_CCC2D6D574104829BBDF,2530,RAW,VALID
CRD_CCC9B1752D4045849237,724,RAW,VALID
CRD_CCDCA7F8737A49DAA053,9547,RAW,VALID
CRD_CCEB4346B9854D20B752,980,RAW,VALID
CRD_CD013DC1D5D04AC8B637,14904,RAW,VALID
CRD_CD08270B66B84F70A6EE,1490,RAW,VALID
CRD_CD4119F42E874BCAAF3B,340,RAW,VALID
CRD_CD4628B3429A420A9319,690,RAW,VALID
CRD_CD533CB08B8E4E75BD7E,528,RAW,VALID
CRD_CD657B6734F646DD9398,9390,RAW,VALID
CRD_CD7EF632BD004AA79742,3960,RAW,VALID
CRD_CD86338BE2A54676A3B5,279,RAW,VALID
CRD_CDD3B1A97A91417B9277,6860,RAW,VALID
CRD_CDD3EE7F57224CD58823,2630,RAW,VALID
CRD_CDEC77ACD877490BB161,2944,RAW,VALID
CRD_CDF7188601734FA48B24,2785,RAW,VALID
CRD_CE12D0712CDA406DA3C5,1045,RAW,VALID
CRD_CE167D5150A34D07B7AF,84230,RAW,VALID
CRD_CE16E6C6333B4A89872C,2260,RAW,VALID
CRD_CE2516E395224ACA9D34,3920,RAW,VALID
CRD_CE2F437D2073455CA89E,1290,RAW,VALID
CRD_CE3692D573244C4CB4EA,11849,RAW,VALID
CRD_CE5938A4B28D47A0AD85,540,RAW,VALID
CRD_CE6FE97D871C4A218EFD,814,RAW,VALID
CRD_CE735FF66AA14F35A904,3880,RAW,VALID
CRD_CE93CF20BC2D40369EA6,14294,RAW,VALID
CRD_CEA9EABF38B14FBBAF02,1480,RAW,VALID
CRD_CEAA3C84AF6D4EE4B6F1,33898,RAW,VALID
CRD_CECA6BC4887D4E72992B,170,RAW,VALID
CRD_CEE20BD28DB542FEB5E3,7869,RAW,VALID
CRD_CF163D02C6AA44A39149,150,RAW,VALID
CRD_CF1795DF299B46889CA1,465,RAW,VALID
CRD_CF1F30D89B8A4666A200,190,RAW,VALID
CRD_CF300350E3954689842D,960,RAW,VALID
CRD_CF31B0FF74A849A2B69F,780,RAW,VALID
CRD_CF565FADAC9C45388046,1200,RAW,VALID
CRD_CF5D258E4C4326F86707666D9357D5A2,1894000,RAW,VALID
CRD_CF6F85E730554DB796E4,7400,RAW,VALID
CRD_CF7C7828EFFC49579A10,2986,RAW,VALID
CRD_CF7DFD225E054B048301,1758,RAW,VALID
CRD_CF7FB771410741039C30,13002,RAW,VALID
CRD_CF990D31C8414F2FACAA,360,RAW,VALID
CRD_CF9F8888EB1242B69BE6,310,RAW,VALID
CRD_CFB01788E84D4E84B002,540,RAW,VALID
CRD_CFB1F9B2BF5A4F108B32,2381,RAW,VALID
CRD_CFB2CC925A0E4568A262,1330,RAW,VALID
CRD_CFB59A3E266F4A7B8E84,220,RAW,VALID
CRD_CFC16E65EBC1462AB99A,12473,RAW,VALID
CRD_CFE73FBE9D9E4EB0A6BA,966,RAW,VALID
CRD_CFECD5DF978944579DA4,2170,RAW,VALID
CRD_CFF5112271AB4A80BF9B,1195,RAW,VALID
CRD_D00A4D4EA8DD49B1B244,8370,RAW,VALID
CRD_D03B772C5E7A47F49391,184,RAW,VALID
CRD_D041ACC237314A96985C,150,RAW,VALID
CRD_D0431A834EF34574BAAD,6990,RAW,VALID
CRD_D0443324171B2CC0D77258357000A417,2729749,RAW,VALID
CRD_D0519CFFD9564C798E9F,1180,RAW,VALID
CRD_D05CD67F8E8E4364A643,1120,RAW,VALID
CRD_D07DE78E55D4229AB02C,12200,RAW,VALID
CRD_D07E561E30914540AD43,208,RAW,VALID
CRD_D0C1C5D1A0D94833B4EC,1188,RAW,VALID
CRD_D0DC4C237DF94E399FBC,1076,RAW,VALID
CRD_D0DC8DD763A74B918833,938,RAW,VALID
CRD_D0EC868873694B81B52F,3090,RAW,VALID
CRD_D0F99DC13CF34DFD957C,406,RAW,VALID
CRD_D1177926ABA14B70B4E9,280,RAW,VALID
CRD_D1410E1858CE4B84814D,580,RAW,VALID
CRD_D143E5991165404EBBDB,24824,RAW,VALID
CRD_D1558B6044BA433EB434,980,RAW,VALID
CRD_D1651B27D22047C4A81B,1750,RAW,VALID
CRD_D18C8870DB964490B498,1955,RAW,VALID
CRD_D19E69BE367A43128A5D,350,RAW,VALID
CRD_D1A8C3F081B74BAE8414,593,RAW,VALID
CRD_D1AAF580D6724936A745,1390,RAW,VALID
CRD_D1B5C3A150B3424CB4C7,13180,RAW,VALID
CRD_D1C565DB2FFB4163BFFC,1720,RAW,VALID
CRD_D1D4CE75EC474976A7DF,900,RAW,VALID
CRD_D229BF26FFF94E27A4FE,1970,RAW,VALID
CRD_D2329A80F560434D96B2,690,RAW,VALID
CRD_D2495E3800AA46048DEE,170,RAW,VALID
CRD_D2518F5B122F4451AB0C,3058,RAW,VALID
CRD_D25814429FF94A7E84C3,2006,RAW,VALID
CRD_D264A2B826384DCCB7D7,503,RAW,VALID
CRD_D2A40714424C4D3E9F8C,4939,RAW,VALID
CRD_D2A4A914128D48B19C2B,1141,RAW,VALID
CRD_D2B8F12F00094BD88632,57050,RAW,VALID
CRD_D2BCEBD902BB4EB7B230,819,RAW,VALID
CRD_D2DB42A5C2EF4407A186,380,RAW,VALID
CRD_D2F3D6C50BA14B39ADBA,10290,RAW,VALID
CRD_D2FF712DE7F2490F83AB,5850,RAW,VALID
CRD_D314F766A59B4473933E,530,RAW,VALID
CRD_D32273D46FE741C19111,1887,RAW,VALID
CRD_D333E4DB73424513B205,2627,RAW,VALID
CRD_D340A905D2D643CC9360,20736,RAW,VALID
CRD_D341F09B720748DE8BA5,1200,RAW,VALID
CRD_D3439179FAEB461CA903,2098,RAW,VALID
CRD_D343C56E339540C186C2,1540,RAW,VALID
CRD_D354887EB90344EE923F,44810,RAW,VALID
CRD_D36A8D255E484367A01A,729,RAW,VALID
CRD_D36DD4F7F2DC45FBAE2B,655,RAW,VALID
CRD_D3997BEB72104CE08418,7436,RAW,VALID
CRD_D3A35E24EA494A63BB44,2098,RAW,VALID
CRD_D3A4176E71AC47AFA6EF,713,RAW,VALID
CRD_D3A5DFC3A6B34F32B872,254,RAW,VALID
CRD_D3B2F8E6629F414DAAA8,62649,RAW,VALID
CRD_D3BC0E4C755C49AD83CC,8740,RAW,VALID
CRD_D3C57F0250DF425CBA58,564,RAW,VALID
CRD_D3D3847CAB9D4F80B987,2866,RAW,VALID
CRD_D3E4B12ED8094D568982,8114,RAW,VALID
CRD_D3E88C25E8B642E3BF45,882,RAW,VALID
CRD_D417586C8E26486E94D6,3445,RAW,VALID
CRD_D418EAC3260E430DB338,864,RAW,VALID
CRD_D43499400639421BA34A,4584,RAW,VALID
CRD_D434D4DB501B4AF68A68,1040,RAW,VALID
CRD_D458688E4CDC4D52858A,630,RAW,VALID
CRD_D462517CFC6F4930A7AC,250,RAW,VALID
CRD_D4672A5ECC0F45DABED3,18580,RAW,VALID
CRD_D472EEFEF45D4225A0EF,8136,RAW,VALID
CRD_D48A0477EDAA45118306,9370,RAW,VALID
CRD_D4963DE8F541495794EE,13051,RAW,VALID
CRD_D4B65CC7BF784983ADB8,2548,RAW,VALID
CRD_D4CFC33A07144C65A793,890,RAW,VALID
CRD_D4D97671FD8C454A8A1C,5981,RAW,VALID
CRD_D4E8EA5B4ABC4CE4803E,41797,RAW,VALID
CRD_D4E922F147AB4D8DAF9B,3824,RAW,VALID
CRD_D4EFCEF0EEB948B7B754,1452,RAW,VALID
CRD_D4F1ED76199148DD94FA,590,RAW,VALID
CRD_D4F9A637FFAE4231A8CB,195,RAW,VALID
CRD_D51E4A66843B4E17B6F8,2700,RAW,VALID
CRD_D543AC0888A542E78D35,787,RAW,VALID
CRD_D549C9C22E9C4E4C83D4,710,RAW,VALID
CRD_D5532CF1B3D74D75938E,4521,RAW,VALID
CRD_D55D68F136FE4493B753,2680,RAW,VALID
CRD_D55D93F3B3354DD8B604,5620,RAW,VALID
CRD_D56048415DA2405E9DBC,1081,RAW,VALID
CRD_D57859CD4BA84DEEBC5A,8880,RAW,VALID
CRD_D57DF737284449919BC3,7260,RAW,VALID
CRD_D5801F6F54714BE18F81,35836,RAW,VALID
CRD_D59A0E499FD44F4199B5,1250,RAW,VALID
CRD_D5A3208DB5D642528B68,10112,RAW,VALID
CRD_D5BD1DC91C304D4CBBCD,140,RAW,VALID
CRD_D5CA1113067244059C35,244,RAW,VALID
CRD_D5E768346B67472EBC09,8820,RAW,VALID
CRD_D6012E58494D4846B6FB,460,RAW,VALID
CRD_D602385974EB459BA404,1530,RAW,VALID
CRD_D602C3182737420E823B,1869,RAW,VALID
CRD_D629521D90F54884A73E,7970,RAW,VALID
CRD_D62E450DC27F4ACBBA35,1241,RAW,VALID
CRD_D63C03AADD7045929DC0,2456,RAW,VALID
CRD_D65357D1999445768C17,650,RAW,VALID
CRD_D65DE41A73AB4B91B33B,900,RAW,VALID
CRD_D676436BD48549B1BEBE,10480,RAW,VALID
CRD_D67FF6D515B941C0B69E,700,RAW,VALID
CRD_D69C2C88C4594015B09D,4732,RAW,VALID
CRD_D6A4F6C77AFF466C95D9,6230,RAW,VALID
CRD_D6BD7408ABA74C26951D,217,RAW,VALID
CRD_D6CB6207F6D64F1A980C,6850,RAW,VALID
CRD_D6CE520A6BA64DCF916E,27520,RAW,VALID
CRD_D6EF48BBB6494035A432,4437,RAW,VALID
CRD_D7065DC67F244D799293,170,RAW,VALID
CRD_D70F5446D2974DDC8EB0,210,RAW,VALID
CRD_D73A0A8616924CE0A63E,1720,RAW,VALID
CRD_D7410D338CA64CF1BEC4,1140,RAW,VALID
CRD_D74B2BB02D9740569EEB,120,RAW,VALID
CRD_D7574728F6AB49FEBD4E,14700,RAW,VALID
CRD_D77DDA36A4604E1A840A,240,RAW,VALID
CRD_D7976C3F939248F7A2C3,622,RAW,VALID
CRD_D7B1A8152CB241248591,4220,RAW,VALID
CRD_D7B60917E9F749A78D85,16700,RAW,VALID
CRD_D7B9B3BCB4264919B5BC,4357,RAW,VALID
CRD_D7D333F402E247A68ADE,9636,RAW,VALID
CRD_D7F007D1EFC04DE9A1AF,7555,RAW,VALID
CRD_D7F264F5E2C34408ADC5,520,RAW,VALID
CRD_D7F827AC8C0A42269337,1040,RAW,VALID
CRD_D805B78A8EC145518EBF,30800,RAW,VALID
CRD_D80851B52D9A43F59EF6,480,RAW,VALID
CRD_D80CF1FA048C431C9F66,14849,RAW,VALID
CRD_D827A662E6E744C3B693,740,RAW,VALID
CRD_D82F080A60144D05A9D5,802,RAW,VALID
CRD_D844EA6139A443209168,1470,RAW,VALID
CRD_D845279FDA5B4030B495,2425,RAW,VALID
CRD_D84EB7E9F130403F8AEA,3310,RAW,VALID
CRD_D8668F914B2643658274,5730,RAW,VALID
CRD_D86A3315CB974B96A9E6,198,RAW,VALID
CRD_D87B1708EDCE4A669223,15525,RAW,VALID
CRD_D88B69F2CCFC4DF587DC,11006,RAW,VALID
CRD_D89AE69557754704BE5B,4447,RAW,VALID
CRD_D89C085C68AB427DB734,2920,RAW,VALID
CRD_D8C1902727604BB699E2,95130,RAW,VALID
CRD_D8CA3FC24E11442D97E0,1470,RAW,VALID
CRD_D8DEBF9FF3D14AEDADAA,1238,RAW,VALID
CRD_D90EA6EE600D4876BBB4,3400,RAW,VALID
CRD_D917D157475747FCB7AC,2164,RAW,VALID
CRD_D91DE05A19D749D59779,2500,RAW,VALID
CRD_D92373A46C9C4F6FA162,2160,RAW,VALID
CRD_D934A1F32E1645DE8BCA,10470,RAW,VALID
CRD_D94E04ECD5514CC887E1,11372,RAW,VALID
CRD_D95254F3729941B9B6A6,1767,RAW,VALID
CRD_D956254FB2F5419D85EE,3325,RAW,VALID
CRD_D964095CC14B4504BFB1,18509,RAW,VALID
CRD_D96E0DB78D214574BD54,1060,RAW,VALID
CRD_D970AD67FDC84F989B91,470,RAW,VALID
CRD_D977F918DEE8417F8794,1835,RAW,VALID
CRD_D97F8DEBE01544ABAA7E,15970,RAW,VALID
CRD_D9AD2D4FCCF34C3D93DB,30040,RAW,VALID
CRD_D9B3211985F34D18B014,190,RAW,VALID
CRD_D9C0CF682CE44A96BED2,9310,RAW,VALID
CRD_D9D84E45DE404ECCB835,8372,RAW,VALID
CRD_D9F3370BA1BE476D89E2,1600,RAW,VALID
CRD_D9FA88BC123C41F9B448,116,RAW,VALID
CRD_D9FD0C12886E494286DB,10606,RAW,VALID
CRD_D9FDD63E25B848EAAE06,389,RAW,VALID
CRD_DA068974AC734E7AB608,2130,RAW,VALID
CRD_DA27591B04B940C980EF,2060,RAW,VALID
CRD_DA547219871F4A868241,2140,RAW,VALID
CRD_DA8736447EB24766A712,746,RAW,VALID
CRD_DA900EAAF6EA496AA465,4740,RAW,VALID
CRD_DAA35F1AF62C4F308C37,110,RAW,VALID
CRD_DAA647C583CD4B3182C5,1270,RAW,VALID
CRD_DAA6AB20B9FA4E75BA0C,3300,RAW,VALID
CRD_DAAA4A279BCD415190D0,1900,RAW,VALID
CRD_DAF9334F2EBE4F959019,7009,RAW,VALID
CRD_DAFD8B92B8CF427FB7FE,630,RAW,VALID
CRD_DB00069D3B2C4916B373,833,RAW,VALID
CRD_DB0269F2CFB9449490D3,660,RAW,VALID
CRD_DB0F99DBDC074D509C4E,7139,RAW,VALID
CRD_DB1896C047CE499EA48B,32768,RAW,VALID
CRD_DB1EE27B66F247D18E05,11737,RAW,VALID
CRD_DB277DCB29D047D6A9C6,1333,RAW,VALID
CRD_DB2FCD2BE6764FDC8AD2,3923,RAW,VALID
CRD_DB3058C2ACCB4A9498BD,740,RAW,VALID
CRD_DB4376253193405389B0,543,RAW,VALID
CRD_DB44D404633141DBBC80,1220,RAW,VALID
CRD_DB63CA7CA3E74E61A7ED,696,RAW,VALID
CRD_DB67FF4AD9D943BF9366,1077,RAW,VALID
CRD_DB71489497854EF98781,10684,RAW,VALID
CRD_DB83835D9CEC4025A0CC,860,RAW,VALID
CRD_DB83FAE5579D41C28206,178,RAW,VALID
CRD_DB8B895CEE0C4F1D99AB,11887,RAW,VALID
CRD_DBA4E957DBAD4886B117,600,RAW,VALID
CRD_DBB7B7B124384146B708,42670,RAW,VALID
CRD_DBCCC554027A4F239EE1,1283,RAW,VALID
CRD_DBCFA7ECE36342E69356,2205,RAW,VALID
CRD_DBD0BA8810234F79AE76,218,RAW,VALID
CRD_DBD66A8B209F456490D9,21040,RAW,VALID
CRD_DBE064C8AC1C4B42B193,9284,RAW,VALID
CRD_DBE075DCBF884295B389,14080,RAW,VALID
CRD_DBF213BF7C11429B9323,3160,RAW,VALID
CRD_DBF5F6102B314663AA38,2540,RAW,VALID
CRD_DBF770636571450E9F41,760,RAW,VALID
CRD_DC0886D04B354B469FDB,4093,RAW,VALID
CRD_DC0D44D9E66D45FA907B,594,RAW,VALID
CRD_DC1576AAD82E4D478E9D,1810,RAW,VALID
CRD_DC3CA236843E44299775,270,RAW,VALID
CRD_DC46034507A149F9A1E5,151300,RAW,VALID
CRD_DC67C08A742F4CD7BB2D,720,RAW,VALID
CRD_DC74E397CD2F48098A04,13490,RAW,VALID
CRD_DC7B1F9CDDF44E588CD0,1503,RAW,VALID
CRD_DCA22E7A661545CBAC0E,4410,RAW,VALID
CRD_DCC37C7FE5CD4264A5A1,952,RAW,VALID
CRD_DCC8CEBEBF3C4B9D88E0,940,RAW,VALID
CRD_DCECCFE1C2954B5181B2,540,RAW,VALID
CRD_DCED932B45234182889C,523,RAW,VALID
CRD_DCF9C516EF5F46D3A23A,42590,RAW,VALID
CRD_DD06C8FFD2E54F1D8E3A,8080,RAW,VALID
CRD_DD0CD37E614744718643,388,RAW,VALID
CRD_DD0DF5ACA37B41DF8B8C,870,RAW,VALID
CRD_DD17001A86F04AFDAF09,1510,RAW,VALID
CRD_DD4F767B8C314FCDBAF1,19034,RAW,VALID
CRD_DD544B72133A4A17A1BB,1854,RAW,VALID
CRD_DD658800D89F4F87A58E,261,RAW,VALID
CRD_DD6F191F02AB496F8456,842,RAW,VALID
CRD_DD79A82191CE49F19151,800,RAW,VALID
CRD_DD8827F892AE449986D4,220,RAW,VALID
CRD_DD9456F36A4A40BFBA2C,4930,RAW,VALID
CRD_DD9A110694644BF0AA91,1782,RAW,VALID
CRD_DDA35E539E7A4A1C897D,21518,RAW,VALID
CRD_DDA4F682B05845128805,792,RAW,VALID
CRD_DDAA23F00D9A45A3A417,980,RAW,VALID
CRD_DDAB514715144497A380,4500,RAW,VALID
CRD_DDC143852534B415787C,57810,RAW,VALID
CRD_DDCF9A4843654499A109,6330,RAW,VALID
CRD_DDED4EDE29E446F7B0C3,12682,RAW,VALID
CRD_DE0D19741C6C49AEA3F8,990,RAW,VALID
CRD_DE1AC8F1848D4F84A6C9,1005,RAW,VALID
CRD_DE35A5AF533342F99E35,2834,RAW,VALID
CRD_DE454A6B91944E2B8AD3,5182,RAW,VALID
CRD_DE6ADE7BA0D1404C9EBB,730,RAW,VALID
CRD_DE7B8B068B1746649360,396,RAW,VALID
CRD_DEBF98B578D94A9486D2,180,RAW,VALID
CRD_DECDD9969EB941668D1B,2006,RAW,VALID
CRD_DF013D345EDD410F96BB,198,RAW,VALID
CRD_DF1BC7CED4E14C938183,3594,RAW,VALID
CRD_DF24CA2636884683B997,590,RAW,VALID
CRD_DF32332FA0B44D189C38,4460,RAW,VALID
CRD_DF3A72B78E8141B1A0D2BED89B3B20EE,248700,RAW,VALID
CRD_DF4775DD63D8489DB391,2160,RAW,VALID
CRD_DF5DDD6AC39442A9B8EC,13361,RAW,VALID
CRD_DF5E783CC8444CCFA94A,500,RAW,VALID
CRD_DF65A340F5804E30A359,2434,RAW,VALID
CRD_DF6D7BB6800645AC8C68,5295,RAW,VALID
CRD_DF733DFFA0674744AF83,182,RAW,VALID
CRD_DF8A429C70554B56B314,684,RAW,VALID
CRD_DF94CDB2489A49698586,1120,RAW,VALID
CRD_DFA86BCCB5434D858268,3733,RAW,VALID
CRD_DFBD272AF9C64329B300,12013,RAW,VALID
CRD_DFC0FCC5B8EB4F1FB812,424,RAW,VALID
CRD_DFCF50A9D81E409E9EB8,21958,RAW,VALID
CRD_DFD10196385043FBAE04,4164,RAW,VALID
CRD_DFD109D6FD144DB3B19C,710,RAW,VALID
CRD_DFD865A2FA88435EBF11,2224,RAW,VALID
CRD_DFDF0BC26A204FDE9CDC,15897,RAW,VALID
CRD_DFE572539BEC48CCB019,3282,RAW,VALID
CRD_DFF8CB13F6C7491C8154,1955,RAW,VALID
CRD_E0218102B7A74B0FBB22,15303,RAW,VALID
CRD_E02E2D38E06C4D3AACF4,8223,RAW,VALID
CRD_E033B69140A8460AAD0B,710,RAW,VALID
CRD_E037A348D10F4C8C9277,720,RAW,VALID
CRD_E04360C619254AE28E13,2190,RAW,VALID
CRD_E0504F647D66433CB038,180,RAW,VALID
CRD_E0677DDD24AB4D0B961D,1535,RAW,VALID
CRD_E070D0BFD0812AE7FEE1,1100093,RAW,VALID
CRD_E07E47F969DF425B88E9,1710,RAW,VALID
CRD_E09FFF926F714D9E8A49,970,RAW,VALID
CRD_E0B7B2CAE21042C6B89C,2981,RAW,VALID
CRD_E0C0B777B17C4CE3A691,610,RAW,VALID
CRD_E0CDED654814435D8051,1170,RAW,VALID
CRD_E0DC82EA957B4BEAB08B,1440,RAW,VALID
CRD_E0F313BE00484CB282A2,201,RAW,VALID
CRD_E0F3C75EE01E479C9004,980,RAW,VALID
CRD_E0FCA833B512419795E3,4430,RAW,VALID
CRD_E0FD9A9CCE8C43758447,204,RAW,VALID
CRD_E10B1FAB841247CA967B,1310,RAW,VALID
CRD_E13F6EAA1F7541A9841D,28588,RAW,VALID
CRD_E14A48ED116544BFB915,12260,RAW,VALID
CRD_E17AC037337F480F9F4D,8249,RAW,VALID
CRD_E1816DF5DFB04C90965B,1490,RAW,VALID
CRD_E1885E2AE59048FFA835,2710,RAW,VALID
CRD_E1953E99F0A344F5ACBE,1330,RAW,VALID
CRD_E199C322E0DF4D0A881B,684,RAW,VALID
CRD_E1A0B45DD087457B9796,34900,RAW,VALID
CRD_E1A820C6EE18441B99E2,640,RAW,VALID
CRD_E1B6948E73434311B499,42315,RAW,VALID
CRD_E1D6B66C8AB24CFC89FA,142,RAW,VALID
CRD_E1D8518B742042F6B3BB,1598,RAW,VALID
CRD_E1E6E75117094118B157,680,RAW,VALID
CRD_E22C2110EB8743EFA3E1,396,RAW,VALID
CRD_E2301D1F50D64882BF93,3150,RAW,VALID
CRD_E2324AA3478B4F09A915,200,RAW,VALID
CRD_E26D2432BB194094A890,24982,RAW,VALID
CRD_E27171EB9F484C6AA129,1778,RAW,VALID
CRD_E2BB1FFF8563469E809D,2820,RAW,VALID
CRD_E2C122D990CA490FAF7E,470,RAW,VALID
CRD_E2D10B6BD1CB4538A46D,982,RAW,VALID
CRD_E30CB17C7E4749BD9111,2130,RAW,VALID
CRD_E32A25B9BB914CFB8D62,10020,RAW,VALID
CRD_E332BE039B64482B83AD,34738,RAW,VALID
CRD_E35983B2ADA24AC889C1,5144,RAW,VALID
CRD_E3686CE5DF604BB1A1AB,6400,RAW,VALID
CRD_E385CD17340F406F8B5F,750,RAW,VALID
CRD_E3928DC52944458BBFCE,150320,RAW,VALID
CRD_E393141F815D413DA629,1070,RAW,VALID
CRD_E3AC52EB71E245EEA841,2788,RAW,VALID
CRD_E3C661DEECDE4AF6AB74,2498,RAW,VALID
CRD_E410D811910849CDAFFA,198,RAW,VALID
CRD_E4211A929E7B46D59F1D,950,RAW,VALID
CRD_E4269732BF5E4DAE84E6,53326,RAW,VALID
CRD_E42CBCBC0D104814A10B,3187,RAW,VALID
CRD_E435A503560845A4897E,796,RAW,VALID
CRD_E477534743004D15A397,960,RAW,VALID
CRD_E489FF5E6B654755AC1B,6210,RAW,VALID
CRD_E493F0082A45481EA7EE,770,RAW,VALID
CRD_E4B7ECA2F70F4E5B8AE9,630,RAW,VALID
CRD_E4BD8403FAAC4DE5A8FE,2460,RAW,VALID
CRD_E4C1A15E591E42F1AB64,1057,RAW,VALID
CRD_E4D0E0A32E434B4396AD,2139,RAW,VALID
CRD_E4EBDAAC420B49DFB73D,1943,RAW,VALID
CRD_E500DF40158C4A7EA42A,1940,RAW,VALID
CRD_E50466E481104F58984B,981,RAW,VALID
CRD_E506A487DE8C45099602,523,RAW,VALID
CRD_E5348A86CBCB4A0586C9,2960,RAW,VALID
CRD_E54D728D4E4B4DE8A640,180,RAW,VALID
CRD_E55586307A664832B969,910,RAW,VALID
CRD_E556E0ACF3B040059DC9,546,RAW,VALID
CRD_E5592716F10843B68C39,9333,RAW,VALID
CRD_E575B2AE33B442F687B3,2001,RAW,VALID
CRD_E57DB3482F514CE09A11,6430,RAW,VALID
CRD_E5C703C11C0E4FC2AA91,18920,RAW,VALID
CRD_E5D6561E00FA4E9D92EC,1770,RAW,VALID
CRD_E5D836B0FC0D43E289F9,1480,RAW,VALID
CRD_E5E93E5E67D8453083FA,21410,RAW,VALID
CRD_E5EA343F391542008AAD,3569,RAW,VALID
CRD_E5FB08E4216944D298B1,1210,RAW,VALID
CRD_E604CAA8F82C48FB8EDF,203,RAW,VALID
CRD_E623C3E3D8334A58BE38,1680,RAW,VALID
CRD_E624293C3C374000B9C3,22076,RAW,VALID
CRD_E62F06A94BBF4102A34B,3334,RAW,VALID
CRD_E63A3661A70B481E984A,12746,RAW,VALID
CRD_E68B9BE86070484B96AE,28638,RAW,VALID
CRD_E6931B5F136B4A32907D,150,RAW,VALID
CRD_E6B55319FE274485AB2C,6398,RAW,VALID
CRD_E6B830D04BBE49598E61,530,RAW,VALID
CRD_E6D7C7AE46B14C2281ED,2373,RAW,VALID
CRD_E6F10EB3F8174323B3EE,2811,RAW,VALID
CRD_E708EA2A576B45D59B4D,2450,RAW,VALID
CRD_E71149545CE345E28C39,120,RAW,VALID
CRD_E72D415657964CCC8728,790,RAW,VALID
CRD_E736F5863DF84C0B836A,372,RAW,VALID
CRD_E7395C5E013648CCB64B,930,RAW,VALID
CRD_E752F21DDE8C47718A45,806,RAW,VALID
CRD_E75AF1D183344D918F9B,920,RAW,VALID
CRD_E75C01B1AA4F453B9553,2700,RAW,VALID
CRD_E7613911A4194A1BB1CF,610,RAW,VALID
CRD_E770C792A1574872A1A8,1260,RAW,VALID
CRD_E7759AA33E7B4CA9AE03,5530,RAW,VALID
CRD_E775D88E4E3048DFB1F1,2410,RAW,VALID
CRD_E778C735BD9241BE810D,2760,RAW,VALID
CRD_E77C9D8E174B4348BB30,16881,RAW,VALID
CRD_E78C55792AED472BA10A,941,RAW,VALID
CRD_E79D379B22204F5A8CB8,1400,RAW,VALID
CRD_E7A9269390E346AA93B3,1971,RAW,VALID
CRD_E7D432CCBEF747E0BD9A,2397,RAW,VALID
CRD_E7DB54455C61431B8B1B,183,RAW,VALID
CRD_E7E9F14138BB48D8A18A,1920,RAW,VALID
CRD_E7F30E639D2045DEA1A4,2866,RAW,VALID
CRD_E7FBED3E79AE4C2C829E,3910,RAW,VALID
CRD_E8099A50DB2E477EBACA,1200,RAW,VALID
CRD_E81BE663681D40F082FC,28496,RAW,VALID
CRD_E81D96E28ECE484B9F6F,1500,RAW,VALID
CRD_E83933BC2C29478785BE,550,RAW,VALID
CRD_E853F7CFC656494D9757,1552,RAW,VALID
CRD_E87E061502334A9C87ED,1538,RAW,VALID
CRD_E8813064F21A409D8BEF,3320,RAW,VALID
CRD_E884C26E081A41749A2E,150,RAW,VALID
CRD_E89AEB260280462CBB85,2361,RAW,VALID
CRD_E8ACEC3851F54A53AEF7,2567,RAW,VALID
CRD_E8C26AA9E84C4C10AF9B,1810,RAW,VALID
CRD_E8C45BEBEA1E4589A70E,2870,RAW,VALID
CRD_E8D78BF9E79942FD96A4,1860,RAW,VALID
CRD_E8F5B14A895540C6860E,2540,RAW,VALID
CRD_E92B2532AE914FB09891,620,RAW,VALID
CRD_E930F6192B8A47DA8248,1076,RAW,VALID
CRD_E942132314EF46888CF0,2362,RAW,VALID
CRD_E95B8B1938F2446E81DD,101610,RAW,VALID
CRD_E9757BBCE7C34C4E8BF8,193,RAW,VALID
CRD_E977782F22B64633B5B6,1900,RAW,VALID
CRD_E9A371AEF72043A7881F,9279,RAW,VALID
CRD_E9A8685418094D9BB850,2253,RAW,VALID
CRD_E9AE47FA96644DACB7EA,120,RAW,VALID
CRD_E9B8CA77A7664CE8B9CF,1690,RAW,VALID
CRD_E9C4D238A08646EA997E,4137,RAW,VALID
CRD_E9C70192F06741F59CA4,7080,RAW,VALID
CRD_E9D3C1D6A844432A836F,4190,RAW,VALID
CRD_E9E4D67784014F98A95D,1140,RAW,VALID
CRD_E9ED1194D08E47B8B587,9643,RAW,VALID
CRD_E9ED6DA4BDD449AB99F2,6685,RAW,VALID
CRD_E9EFB5201D7543CF9A76,1767,RAW,VALID
CRD_EA083C360F684B138684,3861,RAW,VALID
CRD_EA1B94320A2645EFB446,2700,RAW,VALID
CRD_EA3CF1FA1069431480A0,1158,RAW,VALID
CRD_EA4685C2802E4DCCB4EF,671,RAW,VALID
CRD_EA5F6C24062E430A8964,670,RAW,VALID
CRD_EA6C638A5EAE4EE0996B,8249,RAW,VALID
CRD_EA7A6952A04B47458EA9,610,RAW,VALID
CRD_EA7AEBBE89AB4A4A8E52,50000,RAW,VALID
CRD_EA7C2CE2735D4A7FB228,2700,RAW,VALID
CRD_EA905CA3CB62491A8008,4520,RAW,VALID
CRD_EA938DF4CE38460F89C6,983,RAW,VALID
CRD_EACBE2D928F948BD8911,1080,RAW,VALID
CRD_EAE92820A9B54F4A9A09,7980,RAW,VALID
CRD_EAEBF54128244B18A0E6,160,RAW,VALID
CRD_EAEF2BC7191547CEAF83,3520,RAW,VALID
CRD_EAF99B6AB43548FBB4A2,3270,RAW,VALID
CRD_EB0B165D0A7148E4ABE6,1671,RAW,VALID
CRD_EB1A8BB5303F41F8BA2A,330,RAW,VALID
CRD_EB3221AC11114113A24A,1020,RAW,VALID
CRD_EB501A4CDBF645CBA027,7810,RAW,VALID
CRD_EB69DF756D1A4E6F94D1,604,RAW,VALID
CRD_EB7841DA056B401A80EC,5100,RAW,VALID
CRD_EB793D839B1B4D889867,4271,RAW,VALID
CRD_EB7BA018582548A78372,22005,RAW,VALID
CRD_EB8762CB36174FA7BC0F,580,RAW,VALID
CRD_EB9C07F79DA046F0824B,4234,RAW,VALID
CRD_EBB3E239BB7D4066A689,2540,RAW,VALID
CRD_EBB9B2B17E4B4CE2B894,1882,RAW,VALID
CRD_EBCFDCA7F49A46F69C45,5610,RAW,VALID
CRD_EBD05116E1CE442AAF4E,13730,RAW,VALID
CRD_EBD265D880914608AC93,720,RAW,VALID
CRD_EBD42C41C2234325941E,11270,RAW,VALID
CRD_EBE8945758B043ACB73E,565,RAW,VALID
CRD_EC2A05A657CA48619633,2504,RAW,VALID
CRD_EC2FC453D40440CBB25E,261,RAW,VALID
CRD_EC410684A6FD4E888271,37617,RAW,VALID
CRD_EC412671D4E6458C9C17,210,RAW,VALID
CRD_EC4DDEF3D32C4E658D4C,52212,RAW,VALID
CRD_EC62C637F8664F9692A4,830,RAW,VALID
CRD_EC86C750F0BF4F198ECA,180,RAW,VALID
CRD_EC8BBD7D28E54F38BB67,30472,RAW,VALID
CRD_ECCB9F6BE6FB45019BF9,1170,RAW,VALID
CRD_ECCF09117F0E4F4BBCF1,21280,RAW,VALID
CRD_ECE7FABDE832461FA694,113914,RAW,VALID
CRD_ECF4D706A0EC47988C66,3821,RAW,VALID
CRD_ECFFCF9519AB47AC8F10,5260,RAW,VALID
CRD_ED0874E360244839B36D,8973,RAW,VALID
CRD_ED421019893142159D1C,3576,RAW,VALID
CRD_ED8BDC8A7A604D6886A4,1940,RAW,VALID
CRD_ED93EAA08A3044DEADE1,6160,RAW,VALID
CRD_EDB2D7BB9EB141A49767,4590,RAW,VALID
CRD_EDD80B822E564D249409,6818,RAW,VALID
CRD_EDEB10E56C1B4F3F8691,2680,RAW,VALID
CRD_EE02CE3BA278460EBEA5,4796,RAW,VALID
CRD_EE0DF97B0C5B4FDC88C7,382,RAW,VALID
CRD_EE1FFF9039E742F39F0C,3750,RAW,VALID
CRD_EE2DE0499447479491AB,4620,RAW,VALID
CRD_EE2EA1C36FA84838903C,2360,RAW,VALID
CRD_EE3B2C43337E4C148163,712,RAW,VALID
CRD_EE3C7F73629F436FA9B6,1122,RAW,VALID
CRD_EE75B6D586D64FF6980F,5540,RAW,VALID
CRD_EE9DBDB6BFC24FC08B14,790,RAW,VALID
CRD_EEB4000CF829493595C7,2580,RAW,VALID
CRD_EEC58A640DC4464EAF59,140,RAW,VALID
CRD_EECF74BA4EA14E1AAA42,894,RAW,VALID
CRD_EED352CAE96C4D95B2C9,5353,RAW,VALID
CRD_EED41E4D3D804537A93A,340,RAW,VALID
CRD_EEDFC6D249174138A328,1000,RAW,VALID
CRD_EEFAD8CB8F514886AAEF,4460,RAW,VALID
CRD_EF1580E2B034449EBA2F,17870,RAW,VALID
CRD_EF2B6A9927BF426B8D82,2110,RAW,VALID
CRD_EF3512D636064758A7B4,955,RAW,VALID
CRD_EF5C5CC933FE4D72BAF1,1050,RAW,VALID
CRD_EF66D2E6D89F4EC5BE58,667,RAW,VALID
CRD_EF8B22836E854405A0EE,130,RAW,VALID
CRD_EF91E183AFB348229113,2756,RAW,VALID
CRD_EF941452F94747E4BB8D,5231,RAW,VALID
CRD_EFA2913DDB894495B285,830,RAW,VALID
CRD_EFA94CD056AD49A7805F,780,RAW,VALID
CRD_EFAFD20CB50748A8B046,1300,RAW,VALID
CRD_EFB6E86E4BF24527AD76,909,RAW,VALID
CRD_EFC2C3BACC80463C9CF8,3370,RAW,VALID
CRD_EFCB23BB10864CE3BB7F,64220,RAW,VALID
CRD_EFEE7C6C9BA44AF98AF2,1353,RAW,VALID
CRD_EFFAAF3652A343819720,46433,RAW,VALID
CRD_F02E1EB24B864CCCB328,820,RAW,VALID
CRD_F02EC95B2E1B448A8272,11090,RAW,VALID
CRD_F03763FBF2254275956B,2450,RAW,VALID
CRD_F0387563D342474298CC,33199,RAW,VALID
CRD_F04EAB8226244033828C,183,RAW,VALID
CRD_F059826D9F804C1B83A1,1854,RAW,VALID
CRD_F059AEB6384A40B69CA8,1090,RAW,VALID
CRD_F095D8262EE24A9E89F5,2209,RAW,VALID
CRD_F0E60A047F1142A5AF30,18190,RAW,VALID
CRD_F14BD93ACD694043B8B1,21110,RAW,VALID
CRD_F158AE0760914258A50D,3150,RAW,VALID
CRD_F169403CBFD9431CAB8D,581,RAW,VALID
CRD_F16DED4EF2094676A83D,7300,RAW,VALID
CRD_F170955B3BE1433FA4C2,7170,RAW,VALID
CRD_F1794D3676DD476EBCCE,460,RAW,VALID
CRD_F17E3DA3317A4B978E20,3110,RAW,VALID
CRD_F193258A02084B2CA026,248,RAW,VALID
CRD_F1A3157631DF446BA533,213,RAW,VALID
CRD_F1A4D587B8EB4C4FB97A,1503,RAW,VALID
CRD_F1C11C21E33A42B397C1,607,RAW,VALID
CRD_F1CB7ED5CD064F76B004,12365,RAW,VALID
CRD_F1D5FDA4D4C44B6A84C6,20298,RAW,VALID
CRD_F1E137530AAC4509ACBD,1295,RAW,VALID
CRD_F1F1BB3E1E7544FD801E,1461,RAW,VALID
CRD_F1FD80B31AEA4EBCB6A4,10850,RAW,VALID
CRD_F209CF50AD384B7A907F,680,RAW,VALID
CRD_F21447D57D74494F983B,1832,RAW,VALID
CRD_F219617CBAE84E76BDFA,989,RAW,VALID
CRD_F21F17A22F0747FB9F82,3640,RAW,VALID
CRD_F2298D4559AB4FFC8AFF,473,RAW,VALID
CRD_F231F0C3861143839BF7,7549,RAW,VALID
CRD_F234F2F2993F4EFEB26E,87,RAW,VALID
CRD_F24BA2D7FF26428BA245,4773,RAW,VALID
CRD_F24F4B7A40724DC2856C,1064,RAW,VALID
CRD_F2649876E477438F80E1,14310,RAW,VALID
CRD_F2744B20C8FD43B5BCDD,4880,RAW,VALID
CRD_F2780FF8888D4EC99BCC,1978,RAW,VALID
CRD_F27C7CA2257D49FAA563,752,RAW,VALID
CRD_F28F173457F54FE4BE06,1830,RAW,VALID
CRD_F2A7696A982E40248FC6,4924,RAW,VALID
CRD_F2AAF0DDA03144BEA3E0,150,RAW,VALID
CRD_F2B2E546E51145C0BB3F,801,RAW,VALID
CRD_F2B549C5105449D9BAD4,5110,RAW,VALID
CRD_F2B5F8F16749426C855A,6530,RAW,VALID
CRD_F2E16951A6FE43BF990C,400,RAW,VALID
CRD_F2F526A3A5F244D59FCF,4980,RAW,VALID
CRD_F30AEC33313345B18B06,2085,RAW,VALID
CRD_F31E32105A2B4456AAF1,1644,RAW,VALID
CRD_F35563D1D34443BD8590,500,RAW,VALID
CRD_F3810D112236407E9EE6,4740,RAW,VALID
CRD_F388F752349144079A88,249,RAW,VALID
CRD_F3CC2FAC2F1644BCBC80,848,RAW,VALID
CRD_F3D10A6AC6D949C88832,2900,RAW,VALID
CRD_F3D13D31BE1A4E0991BE,1370,RAW,VALID
CRD_F3E837515D0E435AA991,190,RAW,VALID
CRD_F40170A3F05A4F7ABE38,8017,RAW,VALID
CRD_F414A783F97B45F0A953,530,RAW,VALID
CRD_F420852AE6A24B65BF0C,7500,RAW,VALID
CRD_F42636A1EA3142B89771,2928,RAW,VALID
CRD_F42A2FE92E69499F8449,1200,RAW,VALID
CRD_F42B7FFB1122449DB183,1080,RAW,VALID
CRD_F42BA8F04DBE4AD9A8D0,820,RAW,VALID
CRD_F43008DDDC81402A908A,520,RAW,VALID
CRD_F4376F40A1924C9FADCC,3210,RAW,VALID
CRD_F44C2F2640AB4792CB65,3314500,RAW,VALID
CRD_F44F3EDAA2CA41CB89C5,82716,RAW,VALID
CRD_F4545F0EEDC64F099394,1210,RAW,VALID
CRD_F478BDB80D9C462FA591,1411,RAW,VALID
CRD_F491AB110ACC4046A312,1440,RAW,VALID
CRD_F49E3C984D174548B44E,840,RAW,VALID
CRD_F4AB8722DDB74A15A654,3970,RAW,VALID
CRD_F4C1735159F14F65A589,160,RAW,VALID
CRD_F4F401D1179242EE80AA,1902,RAW,VALID
CRD_F502539900C44150AF7D,45708,RAW,VALID
CRD_F502DD41B3C245CCBC78,5306,RAW,VALID
CRD_F50C5E99DDEA4109903A,569,RAW,VALID
CRD_F51AD119C51A4A119201,10460,RAW,VALID
CRD_F51E0298D1094BB490A0,6500,RAW,VALID
CRD_F52BF6D27A264EE6A684,32240,RAW,VALID
CRD_F5378ABA3B3E4D73A064,16560,RAW,VALID
CRD_F54B2C86FFE74D62867A,197774,RAW,VALID
CRD_F54EE62045A24CBAABB8,8210,RAW,VALID
CRD_F55908E6632F40A5BE9A,160,RAW,VALID
CRD_F55FC4526B154E6FBB46,490,RAW,VALID
CRD_F577A4D8CDE44F2498B6,184,RAW,VALID
CRD_F58A3A5528E24CB1A4C3,900,RAW,VALID
CRD_F58AABA5F4304312AC73,490,RAW,VALID
CRD_F5935161EBF44C28BF5A,1080,RAW,VALID
CRD_F5AF7D246A2542E48326,264,RAW,VALID
CRD_F5B64C8E7DA849918BEA,689,RAW,VALID
CRD_F5CC0C9882084007972C,3925,RAW,VALID
CRD_F5E9D7BE768749B597AF,1130,RAW,VALID
CRD_F60B6726EBFD4A6F915D,470,RAW,VALID
CRD_F620A35C87F249DD80D6,1760,RAW,VALID
CRD_F643E727312F4F1FBE79,2687,RAW,VALID
CRD_F655D1FDB00E40F3BB93,147430,RAW,VALID
CRD_F66B10F9608D4C8CB922,2579,RAW,VALID
CRD_F6725E8B0E5E4958840B,15548,RAW,VALID
CRD_F6AA26615B634D2BA71A,830,RAW,VALID
CRD_F6B06CC3450049DC857B,292,RAW,VALID
CRD_F6B2257A2C16460CB4FE,2221,RAW,VALID
CRD_F6D22923C4964376ADC7,10660,RAW,VALID
CRD_F6D2FC3117BF409384AD,3554,RAW,VALID
CRD_F6F255B07DE64989A77B,2430,RAW,VALID
CRD_F708A3D8A5944CB7BF93,20393,RAW,VALID
CRD_F70C1790FD9042749050,1790,RAW,VALID
CRD_F72303775E8749409E5B,930,RAW,VALID
CRD_F7266F095112499DA31C,420,RAW,VALID
CRD_F72B398C28494F5383EA,200,RAW,VALID
CRD_F7332249FC82459985F9,4590,RAW,VALID
CRD_F7465DD0B4F74D7A9777,8454,RAW,VALID
CRD_F74DCD4030904CDE95D4,2106,RAW,VALID
CRD_F77DAEEA7C14482FBA51,921,RAW,VALID
CRD_F78C2A2D2F374617AD49,140,RAW,VALID
CRD_F79C2876A4E54BCA830E,610,RAW,VALID
CRD_F7B668AA293A48758034,28864,RAW,VALID
CRD_F7BCF5E1535E4E9C8BBE,910,RAW,VALID
CRD_F7D0CB0E8461416296C4,2200,RAW,VALID
CRD_F7EF825777564C459F21,4290,RAW,VALID
CRD_F7F029C74F69471AA3AB,660,RAW,VALID
CRD_F7FE6279B4A147BC9CD1,56891,RAW,VALID
CRD_F801E713A8D1496791AC,965,RAW,VALID
CRD_F80B857CFE91CDEB4402E3E93F29B2CB,5462532,RAW,VALID
CRD_F83111AEFA30449C80AA,8310,RAW,VALID
CRD_F838D8557ADB465EA321,46,RAW,VALID
CRD_F8474225830A4240A94E,13340,RAW,VALID
CRD_F84F74A865C24A938AB5,3149,RAW,VALID
CRD_F856EE96E2B84864AC0A,1160,RAW,VALID
CRD_F85FB69630DE4832A47E,259,RAW,VALID
CRD_F878464C76304FFF8660,1554,RAW,VALID
CRD_F87EEB047E184C71A2CE,19510,RAW,VALID
CRD_F8C26BA27AF444938EB9,2077,RAW,VALID
CRD_F8D9E7AF24C1484482DA,16800,RAW,VALID
CRD_F8E30FB79C2745469735,1620,RAW,VALID
CRD_F8ED1A43F2F04EE69ABA,289,RAW,VALID
CRD_F90501BB1ECA45259FE2,4180,RAW,VALID
CRD_F90882500EE5480C9161,239,RAW,VALID
CRD_F92431F1799849F1AA74,760,RAW,VALID
CRD_F92441CD205348ABA0D0,4710,RAW,VALID
CRD_F93C79FD4F1A4ADB8589,5930,RAW,VALID
CRD_F94CD3EFB93247CD8BD1,570,RAW,VALID
CRD_F95322AF0A1243D99F83,403200,RAW,VALID
CRD_F9597DA87C15467681E5,396,RAW,VALID
CRD_F95BEA7A5720433E9FDF,33329,RAW,VALID
CRD_F9792A29F11F4A35AF80,1340,RAW,VALID
CRD_F982F893088B4538AE96,599,RAW,VALID
CRD_F992B99929D74209A136,3030,RAW,VALID
CRD_F99835774689458C8924,5890,RAW,VALID
CRD_F99BBE338E8843F887F4,29280,RAW,VALID
CRD_F9A376E8D1EA497EABA5,11928,RAW,VALID
CRD_F9A6F62671CB4AE1ADA9,1463,RAW,VALID
CRD_F9B21FCBE1B640D5ACF7,212,RAW,VALID
CRD_F9B24EA402F141129620,5521,RAW,VALID
CRD_FA128DB79B9440E7A6F9,17100,RAW,VALID
CRD_FA1B7AC6670440C287BF,11710,RAW,VALID
CRD_FA27D6FC488F4ABEAE4F,3230,RAW,VALID
CRD_FA2D897E8D2644E2BDF3,1870,RAW,VALID
CRD_FA35119D522542FAB6EA,4933,RAW,VALID
CRD_FA3F82848A274CCC8A5A,797,RAW,VALID
CRD_FA4844F80C824187B97C,1550,RAW,VALID
CRD_FAA316C56DEC49B9BB70,23655,RAW,VALID
CRD_FACBD44F4AA042459A6A,407,RAW,VALID
CRD_FAF52ACED2AE4C21A3E1,26773,RAW,VALID
CRD_FB55D0FF075E4F0EBCBA,1920,RAW,VALID
CRD_FB75B64C376D40B982B2,9110,RAW,VALID
CRD_FB98F00A1EE44AB999E2,46200,RAW,VALID
CRD_FBADA9A3BE9246A8BDC3,2335,RAW,VALID
CRD_FBBDC7D73A6A4AF1BDC3,1154,RAW,VALID
CRD_FC031847FF4E4F8989CC,3110,RAW,VALID
CRD_FC1B35E514E5442BBE5C,1140,RAW,VALID
CRD_FC1BC821D02D4F06BD47,10060,RAW,VALID
CRD_FC1C8B1689F940ADBE7B,1616,RAW,VALID
CRD_FC4C68E9A71046EC9744,5880,RAW,VALID
CRD_FC6DF7AE850749B381FE,510,RAW,VALID
CRD_FC73F3539D0C406098D5,2698,RAW,VALID
CRD_FC88002577FE4003A645,2650,RAW,VALID
CRD_FC8D39B72732416CBC06,120,RAW,VALID
CRD_FC9AB834D89544B0B4F3,900,RAW,VALID
CRD_FCAF9FB4219D4D4DB1A0,173,RAW,VALID
CRD_FCBEA5D75C674EA88554,4997,RAW,VALID
CRD_FCE1C605BB654E2BBC63,1122,RAW,VALID
CRD_FD0EEE3A4AF547399878,267362,RAW,VALID
CRD_FD350229536F48219366,990,RAW,VALID
CRD_FD45A140AA334C83958D,2859,RAW,VALID
CRD_FD5DD2EE993546CAA758,3830,RAW,VALID
CRD_FD9334E6BCA74689AECC,1485,RAW,VALID
CRD_FD9857DC05B1489C8909,160,RAW,VALID
CRD_FDBA381E42DC4D1BAE86,8000,RAW,VALID
CRD_FDC7930C5EE84F0A96EF,6364,RAW,VALID
CRD_FDD4ACFC9A3E4E2A8251,1043,RAW,VALID
CRD_FE046994C7284B68A4F7,1150,RAW,VALID
CRD_FE0B395843164577B4EF,3362,RAW,VALID
CRD_FE20328DB07A4AA9AE98,15000,RAW,VALID
CRD_FE2362DA8BC245B88CB2,47560,RAW,VALID
CRD_FE32D3EB75B042BE97D0,2530,RAW,VALID
CRD_FE47117BF3F441FEA5A6,13218,RAW,VALID
CRD_FE519E8935A64B4F9C41,767,RAW,VALID
CRD_FE5D7A94A7D447F39D4A,50380,RAW,VALID
CRD_FE6051706DB64BF286A3,430,RAW,VALID
CRD_FE67CA965F3142E49547,790,RAW,VALID
CRD_FE7A2CCC9AFB4044AD37,52106,RAW,VALID
CRD_FE896876501E400DB1B9,350,RAW,VALID
CRD_FE90D7E40EDE45F6B3D5,15970,RAW,VALID
CRD_FEAFF0B8A8FD47979EFA,2786,RAW,VALID
CRD_FEC343BD9F0F4A36ABE1,1198,RAW,VALID
CRD_FED5150373E949A7B4AC,3215,RAW,VALID
CRD_FEFAF7CBA0EE46E7AC20,190,RAW,VALID
CRD_FF09AC615D4A4B22B433,5030,RAW,VALID
CRD_FF1552C5F5BD478284DD,3650,RAW,VALID
CRD_FF1CF3010C544E30908E,160,RAW,VALID
CRD_FF2705137ED74AB383C1,1175,RAW,VALID
CRD_FF3213DF87294320874D,7979,RAW,VALID
CRD_FF3AB4F575D74BC39C88,42220,RAW,VALID
CRD_FF43D0C9318B45C5AAE4,325,RAW,VALID
CRD_FF5337092E8945C18E38,7800,RAW,VALID
CRD_FF559B81865C4993A3E0,360,RAW,VALID
CRD_FF58AC269F384D2DB169,2760,RAW,VALID
CRD_FF670CCC91074D59B18C,3930,RAW,VALID
CRD_FF698E3711E2487B8D9F,1070,RAW,VALID
CRD_FF7B16FA257D49BD8EB5,690,RAW,VALID
CRD_FF89828CCBB14368BDA7,231,RAW,VALID
CRD_FFAB6C584CD745B9A717,4058,RAW,VALID
CRD_FFD29F9A67B34EF2988F,6928,RAW,VALID
CRD_FFD938BCA721439FA9A9,3861,RAW,VALID
CRD_FFE751C555274A6BAA16,234,RAW,VALID
CRD_FFEB4B8D7D704A0DA7BA,173,RAW,VALID
CRD_FFF8E815F394423595FC,2595,RAW,VALID
