CRD_1A87BECFAC1647F98FBC|두랄루돈 VMAX|10600
CRD_027EB7AC44174C879264|테사|924
CRD_53A0FD8027524CC4A991|알로라나시 GX|611
CRD_8C4E0B58B9AB4FD8A901|메가루차불 ex|11640
CRD_5571E9D37C0F44EB9D0C|N의 조로아크 ex|19460
CRD_D143E5991165404EBBDB|리자몽 V|25038
CRD_DF3A72B78E8141B1A0D2BED89B3B20EE|메가개굴닌자 EX|248650
CRD_149DFDDE8D3144968EE9|암나이트|1540
CRD_6E0CFA01EAA84472A5AAA69BE95C2DA8|뮤 VMAX|42410
CRD_3430850B62B446C68A45A9CFE3741141|메가지가르데 EX|176970
CRD_CF565FADAC9C45388046|뮤 ex|860
CRD_678293733C984C86A7F2|순무|1091
CRD_74FA58390E8E48D397F0|조로아크 GX|1358
CRD_EAE92820A9B54F4A9A09|개굴닌자&조로아크 GX|5690
CRD_EAEBF54128244B18A0E6|과미드라 ex|120
CRD_EAEF2BC7191547CEAF83|파비코|3230
CRD_7AC86543E266416EBBF3|오리진 펄기아 V|45812
CRD_909F8823101A4097BD2D|석탄산 VMAX|660
CRD_8C4814A402E140B9A2FC|텅구리 BREAK|4190
CRD_69B3F39FEAAD4175AFED|윤진|1820
CRD_F1D5FDA4D4C44B6A84C6|난천의 한카리아스 ex|19638
CRD_9A22F928864948BBAE25|마오|8708
CRD_25A858D01145493BB66AF82B8EA32B7C|메가리자몽Y ex|934900
CRD_F78C2A2D2F374617AD49|페퍼의 마피티프 ex|90
CRD_31A84E046FF1424F95D8|나루림|1550
CRD_F7FE6279B4A147BC9CD1|릴리에의 삐삐 ex|42340
CRD_F9792A29F11F4A35AF80|릴리에의 에리본|1330
CRD_38D221213CD04120860A|총지엔 ex|100
CRD_06913448CCA04DE6B272|무쇠가시|820
CRD_0839A3235BFC40C7A767|말리화|10203
CRD_1589922DA5104539AFF5|레쿠쟈 VMAX|34920
CRD_26C2FFF3ECDC4C2B8EE6|보스의 지령|6190
CRD_1497BC4BBC0A034B7E00921E88FE436E|루이지 피카츄|
CRD_8E69FD2F5CA44C2388A4|괴력몬 V|270
CRD_0349CF2E05594460B06B|M보스로라 EX|4130
CRD_05103ACFA2DD4C54AC51|가디안 GX|1370
CRD_0512DE9EF51D4BE39554|드래펄트 ex|10800
CRD_077EAB8DA2FB416FBA52|골루그|2260
CRD_9541B98A19054E3AB2C3|다태우지네 V|1660
CRD_1383604BEB0C4B209BFE|원규|3186
CRD_128A2046607444A389E9|조타구 ex|5050
CRD_09A1CB4E6B9E4002ACA2|캥카|2270
CRD_0B59FFD0541D47B4BE4A|알로라나인테일 GX|1900
CRD_093F671F8D0F4F349B81|블래키 V|910
CRD_0B802D98F17B44E8B194|카푸느지느 GX|1460
CRD_0C3B183FCB4142F2B7B8|괴력몬 EX|2110
CRD_13F9528AE66A482F9AC7|나몰빼미&알로라나시 GX|2840
CRD_017439C155E14354863F|악비아르|4120
CRD_023DB72F38FC4C87B95B|님피아 ex|76160
CRD_9663E5A93BBF4AEBA664|오박사의 세팅|20330
CRD_98B1AD5A09294E4AA9F5|오리진 펄기아 VSTAR|50920
CRD_9B8E69E27F554FA08F77|글레이시아 GX|3805
CRD_9BC07E8750E34D2EA7E4|암호마니아의 해독|2070
CRD_9FA75D54C4294BA2BBBB|히스이 대검귀 VSTAR|300
CRD_B24FEAA15B354EE7A819|파라섹트|1300
CRD_A6FB671794764AE49A66|모단단게|720
CRD_088D2EC7F19046DCB5F5|모크나이퍼 ex|120
CRD_9B1935C2FFE14C9493B6|삐|8070
CRD_1B75DAEB61EA4A2D9A2A|마스터드 일격의 태세|3140
CRD_1B81F3B284534F8B8896|스트린더 VMAX|2750
CRD_1645BF1E84C74BFFBE20|기로치 ex|2010
CRD_147D2B78F8B043E3BB91|루기아 V|174930
CRD_1C7DCAE87E334BB2AA8B|히드런 V|240
CRD_14EB3BE3034D40278311|쥬피썬더|7060
CRD_157F33DF43A34D268793|두빅굴|28350
CRD_15FD761C7E9D47358044|기로치 ex|140
CRD_1628769382AC47C581EB|해피너스 V|18647
CRD_1640B082EE3340AAB612|전룡 GX|1360
CRD_19F51F8288034A4781BC|워글|1810
CRD_1AA86801F7BB4278A6C8|샹델라|6900
CRD_1AFBAC5E15DA4DBFB50A|아라리|1120
CRD_1BA92AE483D3487E9AD9|레지락 ex|918
CRD_1C6AC6FAD7E44F1EBBC2|앗차프|2200
CRD_20857DA3F57C4FAC9BE3|이브이 GX|13390
CRD_0772C5CF7513F14CB993C2F4FEE4944E|판쵸 피카츄 (레쿠쟈 2)|
CRD_BE2C80A0B66343AA892E|식스테일|2520
CRD_D354887EB90344EE923F|밀로틱 ex|44920
CRD_DD0CD37E614744718643|멜메탈 GX|395
CRD_33CA09BF26188C6BDA6EA9F79332A025|판쵸 피카츄 (리자몽 X)|
CRD_0C741136B4054397BC6E|거북왕 EX|8155
CRD_D77DDA36A4604E1A840A|마쿠와|220
CRD_0E33DD1809A342308392|바닥트리오 ex|879
CRD_0E49A59862734A4BA71B|차곡차곡 GX|2010
CRD_0E8F6A83F9C24975A316|알로라 닥트리오|1650
CRD_20890E3348E540539C0B|파비코리 ex|25750
CRD_0F66DA7EFE8642B8BEC7|에이스번 V|310
CRD_E556E0ACF3B040059DC9|오리진 펄기아 VSTAR|490
CRD_E9B8CA77A7664CE8B9CF|오거폰 주춧돌의 가면 ex|1415
CRD_FA3F82848A274CCC8A5A|버베나와 헬레나|823
CRD_B44585853A93C37F791B552F69C70AA6|맥도날드 피카츄|58175
CRD_E5D6561E00FA4E9D92EC|저리릴|1640
CRD_1019C2CFB1EE47139FD8|찌리배리|900
CRD_16D569A705C64B95885E|M얼음귀신 EX|4284
CRD_16E2995DF023409E852F|강철톤 EX|1650
CRD_17C83FF85F944764957F|과미르|1280
CRD_187E76533B5540179493|지가르데 GX|1920
CRD_1D61B56A81F04560A587|염뉴트 ex|140
CRD_1E093F6900FF4470B84E|카푸나비나 GX|2406
CRD_1ED4DECEA3A14B6C81A6|갱도라|870
CRD_1F45F12DC0264E98B4E1|메가눈여아 ex|14160
CRD_1CCD9CD035A348629CD9|갸라도스 VMAX|16640
CRD_1EE8B7BE600043EF8C97|피죤투 ex|680
CRD_1D12B07C82D340E9AC74|포켓몬놀이|4782
CRD_203E701EC38E4E9A8ECE|일격 우라오스 VMAX|4899
CRD_20F5210F50C6418AB471|네르케|8400
CRD_04E7F61A130E41B8AE30|메가지가르데 ex|3422
CRD_20E1890D79D254945C3E00F70560A986|스카루단 고꼬 피카츄|5309380
CRD_231D861950D2482F92C0|아머까오 V|2937
CRD_39C73BE28BA84C03307F1717CAA31C9E|루이지 피카츄 (296)|
CRD_228710100B794B3B940D|팬텀&따라큐 GX|200461
CRD_22C99839A70742369E3E|일목|3876
CRD_2332E667E081490D836A|메가앱솔 ex|14430
CRD_22E4A9137EB24D9A80C6|아마루르가|1080
CRD_0F8A51DF3CF3497BAD9D|모험가의 발견|1158
CRD_16E335392D60451C9EA2|샤크니아 EX|2020
CRD_210F30877AE44F18910C|우락고래|750
CRD_21AFED71CBC5406A8145|개굴닌자 GX|3850
CRD_2301905FC60B4E48B82C|아머까오 V|310
CRD_21BD8B5DBB024A8FBC30|아머까오 VMAX|650
CRD_2202D899B2514A12A3B3|싸리용 ex|150
CRD_2208E78703C9455EA45A|N의 조로아|2240
CRD_235AEB6FAEA54083A5AF|무쇠암석 ex|140
CRD_2363D7E348AC45C3AD5C|카푸꼬꼬꼭 GX|1114
CRD_27BABDECB2404E3D873F|리자몽 V|8880
CRD_24141283AF4D42638547|볼가이|1724
CRD_23872FA0E5334B128E5A|파이어로 V|280
CRD_D07DE78E55D4229AB02C|라티아스&라티오스 GX|8510
CRD_238DFF5330E44802A6A3|푸크린 ex|100
CRD_238E85F07B63450BB517|무쇠손 ex|6690
CRD_24EBBFED607C41D7B562|조로아|2510
CRD_25B8055B794A45B99714|메가아쿠스타 ex|220
CRD_24845E4BD72A47AAA490|라티오스 EX|3710
CRD_254CCBD76DFA46BDB30B|스이쿤 V|240
CRD_2570702FE3854423A069|무쇠바퀴 ex|90
CRD_25C4E5DDBD5348CBACD3|윽우지 V|2363
CRD_25D1A6018B5A4A0AA38C|마스터드 일격의 태세|1832
CRD_1F0C27DC82064235A11C|글레이시아 VMAX|2460
CRD_093AB925F0C14BB1BFF6|글레이시아 VMAX|52500
CRD_269A7AD114DA491CA9AC|레시라무 ex|139340
CRD_262F67E35B964E6B9C67|야도킹 ex|2450
CRD_26947826E457449096C5|마스터드 연격의 태세|1859
CRD_26AE57743E2F41B084F2|차곡차곡 GX|780
CRD_2D4AA6D08A11483FA5DB|무쇠가시 ex|110
CRD_2165621DAD614A36A40F|지우의 피카츄|27253
CRD_0FAEC0B6410647398E22|메가아쿠스타 ex|9078
CRD_322DAF78A9B34EA2B745|연격 우라오스 VMAX|3998
CRD_274ED0D22EC54F229DAE|포켓몬 브리더|2910
CRD_2E2D7916E97E4BB997FF|토게키스 V|290
CRD_275591C4CE6A45D2A1B4|메가이어롭 ex|6415
CRD_2893BDF7C7674E7A8E66|게치스플라스마단|11976
CRD_088EFCFA66FD4762A236|파이어로 BREAK|75848
CRD_297BD701806B4583B02D|헬가|4160
CRD_27858E2B38CF47A7A939|페르시온|6790
CRD_27E9FB0B75EB487ABBF6|가디안 EX|4090
CRD_2816C9B402A643F99D42|이상해꽃 ex|3840
CRD_2938D81021984B85A99B|로켓단의 페르시온 ex|240
CRD_2951B02D3BE7488DA649|피카츄|5720
CRD_29E55FFA536646B6A891|히스이 블레이범 VSTAR|5510
CRD_0421FACBD6704E71B2CE|입치트 EX|1232
CRD_2ACE89E68BFA4F5BA7C3|석탄산 V|1556
CRD_2BAD952E439344719A81|레쿠쟈 VMAX|33022
CRD_278AFBE27D01417B9CBC|칼라마네로|2355
CRD_29E34E5A35CC4FFAB36C|후파 EX|8818
CRD_2A2C765236DC4E0DA39B|비크티니 V|370
CRD_3935851BE6988D5F34B3|부스터 ex|31640
CRD_2A791989EEEC43F481BB|메가지가르데 ex|15512
CRD_2A8D1058C4D1432DA733|버터플 V|2959
CRD_2ADA9594E1954CF89E7B|깨봉이|3420
CRD_2B58D40C1AE74F69A349|성화|3350
CRD_2BDD89F3616849468EE4|데스니칸|2090
CRD_2CC63A0C3FDE4901A41B|모노두|4500
CRD_2AFC7629A65B45FBBCC8|복숭악동 ex|5080
CRD_0AD2B95BE4924784A6C4|바닐리치|1820
CRD_0F321114788E4CC0A5AB|플라이곤 EX|4491
CRD_2940721DC8F64D6382C2|M앱솔 EX|13801
CRD_2B9182A2EF634F7E8973|올림박사의 기백|5590
CRD_2BD596750DCC46F5BF44|달코퀸 ex|998
CRD_2C1DA4E5D17E428CB8AF|M얼음귀신 EX|5630
CRD_2C78DB6891D243219B2F|비퀸 ex|879
CRD_2E403B756FE641CB89FF32CEB4BDDB4E|메가망나뇽 ex|227560
CRD_330E7648167E59934C965289F6483878|요코하마 피카츄 (281)|1894000
CRD_2D4779F86C774DBFA501|청목의 수완|868
CRD_2D086E56EA5A4353922E|알로라나인테일 GX|2977
CRD_2D3476E6CBAD4BDCB062|메타몽 VMAX|850
CRD_2D610AC70AB04D4887B7|귀뚤톡크 V|1670
CRD_2D84D1DA75FF4868B015|말리화|8455
CRD_2DB11712502240BA802B|솔가레오&루나아라 GX|6380
CRD_2F0ED241ED394BF6BF87|아이앤트 ex|110
CRD_2F4B432C1AE74911BACC|빙마 칼레오스 VMAX|3420
CRD_2FABCAF7B31F4346915C|코고미|3730
CRD_2FE394C852394D129604|나몰빼미|1380
CRD_300C6F0A10AF4D768DAB|깜눈크|2460
CRD_308148D51D5845769B01|아이앤트 ex|9260
CRD_2EDC5DADC4F24ECD976A|팔데아 토오 ex|170
CRD_2F3643AC21E84F689C43|쉐이미 EX|3640
CRD_2FCEBFB496E94F0CB99B|무한다이노 V|2010
CRD_2FDCD42F1BBC4E4BAD11|석탄산 V|260
CRD_0422D05B3FF54A3F9FB8|파라솔 아가씨|15280
CRD_2E4CD75454EB4A199A90|마기라스 V|95182
CRD_2F0219577D244E019E99|레시라무 GX|890
CRD_30A6CD03B29E4EAFA1C2|로켓단의 니로우|1730
CRD_31985982AAFB4AECA49A|레쿠쟈 VMAX|42160
CRD_31587FB56FBD49B593F1|피오네|2040
CRD_318B01AFB53C42318601|더시마사리 GX|1165
CRD_30EDC0F1FD7B46A58FDE|춤추새 GX|867
CRD_244EB50258FC45D58BB7|이브이 ex|660
CRD_30975550ADDC4EA8A667|부스터 V|27430
CRD_31207730A1244D4BA676|멜메탈 ex|210
CRD_31940B3434F54CAB8CAB|이노|1979
CRD_31E2B98699A1410FBAC9|브라이어|1088
CRD_32082DD1A5DE41889046|이야후 ex|90
CRD_321E17A2C21747AAB24E|복숭악동 ex|100
CRD_32386B204F0740378DD5|너트령|900
CRD_325D356041B348968F5A|칼라마네로 EX|890
CRD_326058E0F4514E8083F0|글레이시아 GX|2890
CRD_326BB4D3A84B467EB968|라티아스 ex|107810
CRD_32B748391B31457F884D|난천&카틀레야|17384
CRD_32E8DC4B424E4966B6CB|쁘사이저|1820
CRD_32E8F32B11894AB188C1|플루메리|3272
CRD_33785863B77A4D888CC5|루카리오&멜메탈 GX|3991
CRD_331B23CD1B3542C09584|피카츄&제크로무 GX|34130
CRD_331BADEFF9654B599D78|저지맨|420
CRD_34D1A571966643B9B808|가라르 불비달마 VMAX|540
CRD_34B94E323039433886E9|애프룡|1110
CRD_34FC12FEB9C94EC0B729|크레세리아|2400
CRD_33A7A42687184DCAA53F|푸크린 ex|1910
CRD_3446ADE0F7424C998BED|엘풍 GX|520
CRD_34771CA932624EF8993A|독침붕 V|23405
CRD_34BFCA1006BC49D89AF5|잉어킹&고래왕 GX|11320
CRD_3C0A4BD7A21440D38FB0|M가디안 EX|18981
CRD_1806774875564E268E6E|옐단의 조무래기|2900
CRD_11E419D20A2A499FAFC6|바우첼 ex|20190
CRD_36360E53452543DEB82B|고릴타 VMAX|4070
CRD_25909EEE9FBE41E08266|에이스번 VMAX|7500
CRD_354A9964DECF45BEBE57|악뜨거|1720
CRD_0EA9A767E8E64BC7B5D3|소니아|7540
CRD_C9F99666A3067F779469|라티아스&라티오스 GX|5948
CRD_3556A9DD9F2149C5BF0C|따라큐 V|21130
CRD_AF8736ECE64947D5A57B|고릴타|3947
CRD_359332F027204F0997A9|펄스멍 V|650
CRD_36FC9D7A34B947999101|기라티나 EX|12743
CRD_364F4FE8048A4DC09AA0|흑마 버드렉스 V|13800
CRD_379A5BE80E2245808B5C|히스이 붐볼 V|160
CRD_37AEC383935947D497E1|라우드본 ex|823
CRD_3575DCCD78834B1E8D87|실버디 GX|3423
CRD_367674FDDC443996584B85A2030A01A3|판쵸 피카츄 (가라도스)|
CRD_35A856F18BEB432BABEC|멜로코|1843
CRD_36B9B397B19A425CB729|리자몽 VSTAR|3450
CRD_36D39DBAA5EC4EE09001|후딘 ex|2790
CRD_382ECC8BA6034DAF9178|뮤츠 VSTAR|16040
CRD_39A9FDACFF514F29B347|울트라네크로즈마 GX|2140
CRD_3A1614A1D6F443708387|수댕이|22640
CRD_3B93462476FF4AC1B6AE|투로박사의 시나리오|2670
CRD_3BF8865058D243DC9DBF|플라이곤 GX|772
CRD_B8B3074785EC350DEB26|라티아스&라티오스 GX|390230
CRD_3A0BD9F6AF5141DC9961|고동치는달 ex|120
CRD_38C95B5BCA84434CADBB|나무킹 EX|4048
CRD_38F8D1BD378046E49339|카푸꼬꼬꼭 V|190
CRD_3927C712A40B4469A53E|이올브 VMAX|960
CRD_39A2F0B42FC5405188AA|보스의 지령(비주기)|37746
CRD_3A163A0976E24CE79D88|단델|5851
CRD_3AEB0958DF704E919E03|M야도란 EX|2676
CRD_3B0AA576F162446CAD28|전룡 EX|1800
CRD_3B5CF3B55F8242899616|코치 트레이너|1158
CRD_3B9DA71B112D43DAA326|다크펫 GX|5360
CRD_3BB0CBC7ABDE40CC8213|알로라고지 GX|5220
CRD_550D287466E74BD49C99|드래펄트 VMAX|6990
CRD_3C062CAF599948F7BA44|난천의 패기|17722
CRD_3CF2CAAC6C6843768D3B|히스이 드레디어 V|240
CRD_3D1314647FED4C4BB1D1|루가루암 GX|930
CRD_3D1DDFE22E46497299FE|에써르 V|610
CRD_3D5EDF548DF943ACAADD|데덴네 GX|2010
CRD_3D9C68A514C54A7A8160|코라이돈 ex|120
CRD_3DA9FF90C36043F5AFDC|코바르온 ex|90
CRD_3E05F7873B1A4A2388BA|레돔벌레|690
CRD_3E28C08144174CFC8121|수풀부기|2510
CRD_3E39B2A60D644D419C7A|자마젠타|930
CRD_3E4E6014D8C14643B6EE|한카리아스&기라티나 GX|5440
CRD_3EC2D5FC5CD94A18B44E|메타몽 VMAX|6680
CRD_3EB598DB6DD6410AAE57|베베솔트|870
CRD_3EE555CE8FCD4C4CA1C9|피카츄|26770
CRD_3E9E5C6840D049589B84|모란|2768
CRD_06D78B5B12AC4475BDA5|돌헨진 VMAX|6230
CRD_0FFEF15EE9E045CABE6F|연격 우라오스 VMAX|41945
CRD_3F0CF7904DE24591A85C|네크로즈마 GX|1188
CRD_4549B35197074BE18BA7|우락고래 ex|1251
CRD_3E7EFB8B95774E57AD88|찌리배리 ex|1510
CRD_3F1A4E09C8E142A29BCF|맛보돈|2270
CRD_4DFC063703184E429E4F|가디안 VMAX|9240
CRD_3F47FE910E9D4632AC13|키키링|1030
CRD_3F76B4D8B9814F63AA83|샤미드 V|28120
CRD_3E81540BBE5B4EF2A89E|오르티가|518
CRD_3E8A50AC63BE422598F2|전툴라|2290
CRD_0161FB6AE117410F872F|M거북왕 EX|13140
CRD_3FA487AFC9CD43388FA7|고릴타 V|1962
CRD_25C230DC064948798E98|코르니의 기합|3360
CRD_3D845D79A43446819D94|뮤츠 VSTAR|1310
CRD_3FA675F84C674401A71D|마자용 V|810
CRD_403D661F93B3488CA6F5|국화|1573
CRD_0C0972C263B343A4BB0D|자마젠타 V|170
CRD_3FED5DC18A974AFBB5BA|딜리버드|680
CRD_401FD6071DA84BD28DBD|가디안 ex|2824
CRD_4032908FFCFF4C66A7DA|알로라질뻐기 GX|1249
CRD_403F30AD7CEB4458A3BA|유리카|5586
CRD_40B4022498F2461CB0E9|자포코일 EX|3348
CRD_4B75B995CF8948918B35|핫삼 VMAX|8340
CRD_40E593A0BF374678B1E8|조타구 ex|100
CRD_85ACB08A9301857D6840|라티아스&라티오스 GX|78821
CRD_40F6EEFDAD37407C8580|폭슬라이|900
CRD_413FD0336AAA480DAA38|루카리오&멜메탈 GX|10287
CRD_413FE230DC42456DB302|윈디 ex|200
CRD_329E5AFEC48D4C2B8D03|괴력몬 GX|830
CRD_43184344379E4533B6E5|두빅굴 EX|1030
CRD_435238B98B534ED1A50A|마마네|1845
CRD_428AF8A0299041E5A922|두드리짱 ex|270
CRD_43BC0926ACC14BDDAA6B|개굴닌자 ex|155680
CRD_420EDFD54C4F42DA98EE|따라큐 V|17210
CRD_4143730A5E3C4C31B192|불카모스|6180
CRD_05147F0295684127A3F6|액슨도|1230
CRD_421B1590AD54493AA0C1|올리르바 ex|1629
CRD_43D855425B824A7DAA12|나로테|2680
CRD_43F737D98D4646BC92BE|캐터피|2010
CRD_442D7542AFE94FA494F3|대여르 V|690
CRD_4224526A99B34DDDA194|포푸니라 GX|584
CRD_44313E703A974D358FBF|갑주무사 GX|830
CRD_487F923F9A884FFDBD8A|메가개굴닌자 ex|148740
CRD_448903DEA445481396DD|화염레오|1330
CRD_44A13E89FE7A4D61BDE0|헬가 EX|7562
CRD_447AD11B1C504AC4B5F7|보르그|1400
CRD_44F5692ABDFC4F8DA2CA|볼트로스 EX플라스마단|19052
CRD_02F5CFB869144C589BF7|음번 GX|1386
CRD_4433E81381664E14ADED|로켓단의 헬가|2550
CRD_447A0348BBF24CB6AA73|레시라무&리자몽 GX|9000
CRD_113220EE585F46CDB3E3|부스터 GX|2850
CRD_44A4617C7F3347A2B08A|피카츄 V|690
CRD_44DEAF40BD594140A6C6|치라치노 ex|230
CRD_44E1537469C74DDBBA16|나몰빼미&알로라나시 GX|7495
CRD_457C08948A2D49189AA1|비크티니 VMAX|1180
CRD_13962B7254BB4EC68492|마기아나 EX|970
CRD_04F21DB3B3794D47B1C9|레지락 EX|510
CRD_45BCEE6F7FD34E328ECD|강철톤|4130
CRD_032F065F3B1D42379FF6|알로라나인테일 GX|1150
CRD_458264C893E84DF0975A|지가르데 GX|5900
CRD_46AA4AF10EC446A2A11D|기모노드레스|5930
CRD_4CBEC2D7C8DF430DA560|메가플라엣테 ex|13330
CRD_45DCE5D7B81948979409|메가무장조 ex|160
CRD_45C9E6F60F414FF4A7C1|망나뇽 EX|10681
CRD_0E5CE3102B684AB7B177|멜리시 BREAK|700
CRD_466576292217484F9E58|떨구새 ex|682
CRD_45D3A4AB841C4BAAA951|두랄루돈 VMAX|2890
CRD_46627F2A3E6F48A9BE2F|메가가디안 ex|215360
CRD_46675A842A144D9E84CF|가디안 EX|3740
CRD_46AF434D15734C6787E2|도희의 비기|2260
CRD_46C3AF403C0244BCBFF4|코라이돈 ex|90
CRD_4705CE7F497346EB824F|가디안 VMAX|3390
CRD_13D179FEFB764051B2F2|찌리리공 ex|190
CRD_47977278A0254FA4BCA9|연격 우라오스 VMAX|720
CRD_47A0659087604D088710|폭거북스|630
CRD_47E80B191CA7474EB9E3|큐레무 VMAX|760
CRD_4825831A44A54D91A8C4|그우린차 ex|100
CRD_48149BF6BE82495A8F64|세레비 VMAX|930
CRD_48773AA6B8EC4EF892A7|가라르 프리져|1140
CRD_4828E06D60BD439AB3E4|노고고치 ex|609
CRD_6CCC633E4EDE4AC7B8F3|보스의 지령|24349
CRD_4828906D1AF3429BB260|글레이시아 GX|26120
CRD_482D1C2F5F0041739B92|나인테일 BREAK|1233
CRD_080B6E0862C44602A883|아르세우스 VSTAR|510
CRD_482EA800F7DE4871AD8A|뮤츠 VSTAR|103470
CRD_13901C5572724AADB8AA|팔데아 토오 ex|150
CRD_483AB154688A4D959891|로켓단의 크로뱃 ex|90
CRD_485ACB25D5DE4A248426|그푸리|920
CRD_48B34F0217EF45879C43|이올브 V|130
CRD_1ECDA429B4D74A1EB5F5|호브의 자시안 ex|100
CRD_48DEAB90649C4E5386BB|라프라스 VMAX|1620
CRD_48EDE9764E334AFE8D60|스파크|3120
CRD_49258A0BD56C4E8CAAE1|샤크니아 EX|7866
CRD_4926DF1CF0484F49BC50|메가리자몽X ex|9738
CRD_49B864154D884E16A393|MC의 호응유도|1719
CRD_492B3C0921ED4DF68345|아이리스|19698
CRD_48E53C0884D54CECB73D|히스이 미끄래곤|940
CRD_491F98C389C24B31804E|M이상해꽃 EX|9530
CRD_492147CE938648E78FA2|애프룡 V|3031
CRD_227EEF4A668D4B91A0DE|메가드래캄 ex|14820
CRD_494E55E7C59E4B6DA4E3|야도란 EX|731
CRD_4986313CCE1543ED8030|에써르 V|190
CRD_49B9C68497F94042A443|일리마|787
CRD_202EC7F73609423FA993|크레세리아|9172
CRD_4A62A7429FAD4BDA9715|두송|801
CRD_4A276329B7FE4B2B876E|러브로스|810
CRD_4A29C46B117240F8943D|돌살이|9310
CRD_4A642D0DF8D74C7B896A|잠만보 V|2450
CRD_4A6AB07D1EE64032B862|로켓단의 뮤츠 ex|27992
CRD_0BDC07CD5DF04DCC8A26|M레쿠쟈 EX|26830
CRD_15F12748F61F45C7853E|M폭타 EX|8250
CRD_1696ABBCC85248FD81F5|쥬피썬더 EX|4150
CRD_357701E9E661484B8261|킹드라 GX|1580
CRD_4B0D00B3E615450ABC4E|모야모|148770
CRD_4AF796183B554D43B85C|카푸꼬꼬꼭 V|3134
CRD_4B1DB69AB33149CFB3D1|파오젠 ex|130
CRD_08372C116D1A44CE82AB|에이스번 V|550
CRD_0052886022F54674939E|포플러|642
CRD_2B0E8A61C671491BBA15|카푸꼬꼬꼭 GX|1075
CRD_3B1892201B8240FAA691|땅밑탐험대|9277
CRD_4B6DD9DF25B548FEA79D|카푸꼬꼬꼭 ex|7670
CRD_4BC0454F738547C680E7|토게피&삐&푸푸린 GX|8490
CRD_4BF74DA1A517491DB6F7|저리어|4580
CRD_4C0F021D6C8D4B2C95BD|망나뇽 GX|1730
CRD_4C12E5F0808C4CD8A09F|히스이 드레디어 VSTAR|3700
CRD_4C67C7A9419549B09F71|마스카나 ex|140
CRD_4B9283B93544449DBC2D|이벨타르 ex|2824
CRD_4C0F71EF7CD14B5DAC80|떨구새 ex|140
CRD_0AC16029AD564BF68326|블랑쉬|1242
CRD_0FDC1A9392234CDCB81C|가라르 프리져 V|350
CRD_184AC847FEF045F0A5C3|카틀레야|32566
CRD_28FD2B5F4CE248369764|히스이 조로아크 VSTAR|370
CRD_48D2CD939E9C4A45872A|아크로마의 실험|1607
CRD_0F7BC33D863F44F7AA78|오리진 펄기아 V|2221
CRD_3C1390FC1DF04130BF02|민화의 초대|5879
CRD_4C6B8CCE76054101B753|헤라크로스 EX|1580
CRD_4F738DC1C0384C8E8415|제라오라 VMAX|980
CRD_50ACE060260D40C7B2AC|멜론|6400
CRD_12350A5EE2C042EBA371|아르세우스 V|23890
CRD_2E16148F22B445A2B1F9|솔가레오(프리즘스타)|457
CRD_1F4206DD2E3D45EBAC43|님피아 GX|134164
CRD_487CFF0EF551423B842A|블래키 GX|157970
CRD_54079F1439374F52BCF7|레쿠쟈 VMAX|417150
CRD_4C846CECB8E74C96BF39|히스이 모크나이퍼 V|2086
CRD_144F4E4E8E2B4DBD8115|괴력몬 GX|1853
CRD_4C8698FF6B3849B49B28|모단단게 V|190
CRD_19B52BB682954C4DB699|루기아 V|3170
CRD_4C94C9838D3A4C2DA183|악식킹 GX|1465
CRD_205C20056CBF48F8B08D|메타몽|174770
CRD_19FA15073BE646958D35|코바르온 GX|1370
CRD_1F2BEBDD9D0144DC8275|피카츄|2189
CRD_59C05E1C41D0406E8DF2|스컹탱크 V|150
CRD_21B1F91A8CC1487FB607|님피아 V|6370
CRD_4CCBCECB375543B99CEB|아크로마플라스마단|14766
CRD_4CF3E079DB20440ABDB1|벌차이|1680
CRD_4CC1B8E1952F40E5AE74|스코빌런 ex|90
CRD_4CF6CEF79B8D4088917C|백마 버드렉스 V|170
CRD_4CA4DA6436B34162B705|카푸느지느 GX|1478
CRD_4DD11310DD574B5BAF64|마셰이드|840
CRD_45708EEF14E84AD79B2A|엘레이드|5270
CRD_11D9A92DB3D34830BCAB|꿰뚫는화염 ex|14420
CRD_2075A8C3697B47EDAC26|코일|8040
CRD_4D2AB79A057148E8BE39|엘레이드 EX|1578
CRD_4DC3694C7B5E49B7A1A8|제크로무 ex|52000
CRD_5CDC6F885194428BADB1|에레키블 ex|941
CRD_2BE2AAD4366A40AAB96E|아르세우스 V|5200
CRD_4DFB7837ADC84D93A7EE|제크로무 GX|
CRD_17916E8A74A842A69743|배틀 리포터|3005
CRD_4E00186303FD42FCA5B7|빙큐보 ex|140
CRD_2BE0C7968F004557B9AB|자포코일 VSTAR|360
CRD_4E19D3DA09F7478A8AE4|칼라마네로 EX|3949
CRD_2BE4A0CA25944D3292C7|히드런 V|981
CRD_4E59295B4DF14431A9B7|가라르 야도킹 VMAX|470
CRD_33E384F099914BF89170|비파|810
CRD_62D1A0E97E804231B0D6|리피아 VMAX|2650
CRD_3D8E86F6369447DC8A73|두빅굴 EX|3058
CRD_422F8452B1C741639603|위대한엄니 ex|6200
CRD_40FAAC6A04774AEEB7B2|음번 ex|550
CRD_4E708DE56D9944CFB875|오리진 디아루가 VSTAR|360
CRD_67AC53C3B7C24162A902|오팔|1350
CRD_3E5403B79A2643CBAD3A|토네로스 V|16173
CRD_5836A136DD3E47DB8AE1|치라치노 ex|23760
CRD_5F5654DF27524F1385D6|가이오가 ex|300
CRD_4E744A43E495413AAC15|님피아 VMAX|85130
CRD_4BDF5407844B4C4399F9|루기아 GX|8916
CRD_4E71B1C188B74ACDB2DB|요가램 ex|744
CRD_6912AF9C0880455DB48F|앤티골|1450
CRD_4EB0074F19194FD08F0B|파라블레이즈 ex|170
CRD_4DD30CBFBB2B4EB88C71|루기아 EX|36380
CRD_14D2B39ACE854972906D|가라르 산호르곤 V|1319
CRD_5A3BCBE340EB4953A691|드래펄트 V|8970
CRD_3AA02ECE90604311AE59|란쿨루스|1710
CRD_09516DD8E2C14A009B0E|대로트&야느와르몽 GX|2710
CRD_4EB2410F9979486EA231|크로뱃 V|3630
CRD_4EE25BC32C984F3BBC3C|아켄|1860
CRD_49411B14FD8649DE8364|토네로스 V|1449
CRD_4EF712E5DEDB420796AE|독침붕 V|2238
CRD_5704D0F94D3F482C8103|피죤투 V|220
CRD_4F4282B9BBB74862A121|찌리비|880
CRD_298C5CE24A9343B9AF00|N의 조로아크 ex|8966
CRD_80D8A3CD81B04D1D887C|AZ의 평온|8560
CRD_4F48AF7F7CD84E0EA0B1|스트린더 V|1680
CRD_1DDA49C90A3047D59903|모야모|25040
CRD_6E0B4C84AEBB48D9ACE6|붐볼|9289
CRD_0ED50328C342401E80A4|박사의 연구(매그놀리아박사)|8385
CRD_11B89035B69F4696A10B|자시안 V|6511
CRD_4FFBC5FEC7274C13BE41|쉐이미 EX|32436
CRD_4FD05F42130846719AF7|이상해꽃 ex|96860
CRD_608F4EEEECE54A96A007|바라철록|7260
CRD_4681609374F6454994EB|루티아|50073
CRD_02EF6DD76D804F69A99C|블래리의 한 수|660
CRD_2BA1CDC0E4B94B79A0AC|배우르 V|1887
CRD_62C30725144E4427BB77|전툴라 ex|150
CRD_50757DF212C2435ABE50|동미러|930
CRD_509F370C46394353934C|암팰리스|870
CRD_7115A416A282440CAC93|고동치는달 ex|5402
CRD_51568A9C8361413DB34E|동탁군|2908
CRD_7A0F593EA7884BE68C8F|채두|3941
CRD_51054B3353C34EBC99FF|무쇠바퀴 ex|2560
CRD_E9C70192F06741F59CA4|보미카의 연주|6910
CRD_517D349E079B4F5E83C7|라티오스 EX|12639
CRD_79B516E57BA34A8A8AF8|코터스 V|4233
CRD_51808E684CD64F418E0A|기라티나 VSTAR|460
CRD_7CB68EF6CB184B0FB066|흑마 버드렉스 V|240
CRD_518259D3BB704065A54A|춤추새 [퓨전]|840
CRD_7FEAB602A0214CDAB632|파이리|14799
CRD_519C4783A21343ABB5E8|이수재의 전송|1133
CRD_51A40A7F283548AAA8AC|갑주무사 GX|357
CRD_80E06EF89D844F93ABE5|이올브 VMAX|4770
CRD_3A840E756D3946778BD9|버터플 V|870
CRD_51C1A941A9694DF8AA9A|알로라나시 GX|1784
CRD_14DDFE1E600A4BAF8E70|헬가 V|4966
CRD_85A4AA81199D42D8B160|피비|1546
CRD_51D5975726974B7B8758|트래피더 ex|7090
CRD_5253E851E4414AD68104|백마 버드렉스 V|3625
CRD_52591157ACD8487D99CF|카푸꼬꼬꼭 V|370
CRD_2444A7B9A8EA415D8A2F|잠만보 VMAX|34680
CRD_527B58F17A3E49AEB25F|딩루 ex|100
CRD_526DC57204B446B594BD|무쇠독나방|880
CRD_528E8910A24647CE96C3|레지락 ex|120
CRD_8ACA05A71DAE447AAE22|후딘 V|4126
CRD_52D2632208334D4B88B0|투로박사의 시나리오|1065
CRD_4DA4E6DE9B234E42BAE2|총지엔 ex|7010
CRD_8E2C1FBCA2F54B3FBFEA|흑마 칼레오스 VMAX|4321
CRD_5308BD56BE1440DC86D2|갸라도스 GX|6269
CRD_52F68E4F10704A3FB529|알로라 식스테일 VSTAR|780
CRD_9327DCC9A6474DD0A15B|글레이시아 V|720
CRD_94CBE75AE5E34D14A930|가라르 멘바릇|7177
CRD_3358929E8924485E949B|크로뱃 VMAX|360
CRD_5321023EE01C496BA1D8|이벨타르 ex|90
CRD_53504BEF2B164AFA9492|부우부|2180
CRD_53811FEF046C46BC8D3A|레지아이스 ex|130
CRD_53864D1A7E104131B58A|자시안 V|340
CRD_BC53EA80A3024F12B207|도치마론|2160
CRD_539D580996A8493CA8A2|캥카 ex|140
CRD_54066807917542B79D0E|플라이곤|1080
CRD_53C3C8439568425FBA77|루가루암 GX|620
CRD_54B1B0CAD05346959E1C|기선|2430
CRD_5468B5F7E7644C059874|석탄산 VMAX|5250
CRD_54862537AC0B4A368C5A|제라오라 V|44324
CRD_53E1012862E24CE386A1|메가지가르데 ex|120
CRD_54E3A91B69264976B1D1|메타몽|4330
CRD_53BC7943DA1C4E528F42|부르르룸 ex|120
CRD_5403B77391C44B59BBF1|관광객|74332
CRD_549320962C484F599EC6|카푸나비나 GX|520
CRD_5495412158834F0487D3|로켓단의 니드킹 ex|2779
CRD_54A4959E13F64F7AB630|해루미|1230
CRD_54D2FB20FB064C93818F|몰드류 ex|100
CRD_54EB8FDFE84741599C5A|딱구리 ex|2250
CRD_55135DAC7D1B4FF1AB6D|드래피 VSTAR|360
CRD_5545BE5E05C5475FA8C2|플라이곤 V|1370
CRD_7BB12D81EF244F06890A|푸호꼬|1770
CRD_57278A1C3B6140809E3F|게을로|1490
CRD_55BE769CC493490B9696|음번 GX|7590
CRD_561FF374668A4C52B7A9|루나아라 GX|973
CRD_5667330F7AAF41858B63|윽우지 V|150
CRD_5668BB43C6824C25B7FB|대로트&야느와르몽 GX|2600
CRD_567E3EA66DF544DA9814|수련의 돌봄|10300
CRD_568ACA1A12854172B6CD|망망이|2630
CRD_56A35E064F464D32B8D7|M이상해꽃 EX|5882
CRD_56AEEC243AFF49348A6E|대왕끼리동 ex|130
CRD_56BC4E58C5934A90B2F1|버터플 VMAX|2550
CRD_56CD73E3F5C544A2B1AD|히스이 드레디어 VSTAR|490
CRD_56CE5AE045504777AAE8|미라이돈 ex|130
CRD_572C9B22477A47FB9AEB|금랑|9838
CRD_576DC2D934294498A93F|캐스퐁|1000
CRD_578FDAA332FD4381BC35|다크펫|1290
CRD_58CA4FCBE74947989A92|엘레이드 V|1573
CRD_58E466F3E3064DF98E83|다태우지네 V|740
CRD_8D34314C145E4657910C|개구마르|3220
CRD_595B6C8D454040518BFD|랜드로스|2690
CRD_5798719CFA7B4AF9928A|딱구리 EX|1319
CRD_599E7458ABA7436BA692|따라큐|7530
CRD_594A5B7B75D040D5B7B8|루기아 BREAK|14440
CRD_579416A2A535432F8F30|나옹 ex|29000
CRD_11D6E395867B46F49FE8|루기아 VSTAR|12220
CRD_1A707D9E2FC6416F96A5|돈크로우 V|820
CRD_5965C8E46105490CBE74|킹드라 EX|3500
CRD_57BF36837D354F8B8535|블래키 GX|25227
CRD_57E4BE5A1FDD46759576|이브이 ex|11870
CRD_5854A8B691CA4AF9B909|TV 리포터|5947
CRD_58AEBF1133424C8B92C1|저승갓숭 ex|140
CRD_59D5ED41D1EE424B829A|찬석|3666
CRD_5A428B14DAB74DF987AB|무한다이노 VMAX|11710
CRD_5CE1C6B2A9B548A8B3DF|페퍼의 마피티프 ex|727
CRD_59E0A7F3922147D59CD0|테오키스 EX플라스마단|61850
CRD_59F6DAA62F9D4244976D|이브이 GX|5087
CRD_5B85A98483504BD2B701|심향의 칠색조 ex|11670
CRD_B8BA3C24BCBE499B8B39|개굴반장|2770
CRD_5D04471E96A84B7CB7F4|디아루가 GX|2870
CRD_5AFD5F4B7631458284E9|오엽|569
CRD_5B35A21321964FEFB636|오거폰 주춧돌의 가면 ex|5180
CRD_5B57F8A6A3104F4E93DA|엘풍 GX|598
CRD_5C096EF4AA584BDCA606|시트론의 재치|772
CRD_5C57E2D4DFC8419EAFAA|거북왕 EX|2594
CRD_5CB7DF4E7368416EB437|가라르 프리져 V|3890
CRD_5D48C69399A74C799C12|무쇠잎새 ex|755
CRD_5DB81F6CB60742D3952B|찌리배리 ex|160
CRD_5D69A490DCA54BE28B61|위대한엄니 ex|110
CRD_5D2CBBAD2CD244CCBB58|토게키스 VMAX|760
CRD_5D82D98321EE4B3B8CFB|프테라 V|2215
CRD_5D857A6DB3B4475CAD61|팽도리|3210
CRD_5D7CA51BCEB44BAEA02D|곤율거니|1970
CRD_466890A6EF99406086D6|아르세우스 V|420
CRD_43B0B8BE00C44F0FB400|전룡|3880
CRD_298C0EBA7D414B2DB409|삼삼드래 EX|3057
CRD_68ACF9F3119E4D75BABA|메가루차불 ex|120
CRD_10433F25F9E74294B2FC|전진|8160
CRD_5D99F1F054944414B285|플라드리 최후의 수단|3433
CRD_5D9CED91492B4E768613|잠만보|7310
CRD_5D9E1E48807A4B839B95|돌핀맨 ex|671
CRD_5E2DD9D7EE3942628E86|괴력몬 EX|5266
CRD_5E4E70BF23AC40C7ACFF|게을킹 ex|586
CRD_3B4B975E13F04C418F1C|시바|2089
CRD_799DF0D045214B7ABBDA|가라르 히히다루마 VMAX|3460
CRD_4CC81C78A11A4E46AD49|마기라스 V|8817
CRD_5E50FAE179C84F9C8755|대여르|1320
CRD_A0B7FEC7EBCC30F32231005D7A76B620|카나자와 피카츄|203729
CRD_A20BEE66070640B39730|아머까오 VMAX|11940
CRD_3DB07E020BC24EA1AB3B|해피너스 V|240
CRD_A59B08DC49AD4E5FBFA7|고동치는달 ex|140
CRD_79FBECF1B0704D588D61|제르네아스|3350
CRD_E7F30E639D2045DEA1A4|두랄루돈 VMAX|2866
CRD_5E8B9D8B826549B5BE0E|글레이시아 GX|1590
CRD_5EC5DF045E124BF1ACA2|로켓단의 크로뱃 ex|24400
CRD_5EE5BC37B7894924A235|입치트|1130
CRD_5EE6DC9AFBE242028F0F|지라치 EX|8070
CRD_B0077688E0674FEE8A14|시바|4050
CRD_AF9E559EB5944BEFAAD8|앱솔|2270
CRD_B1236C0C76BB4236BEB2|히스이 대검귀 VSTAR|5113
CRD_B11B7BA4E82A41EA95F8|대검귀|6270
CRD_B13EADBBACFC415DBE7D|레지기가스 VSTAR|330
CRD_B3FA890225FF38CC4DBE123ABCCB9B93|판쵸 피카츄 (메가도쿄)|1060362
CRD_2D3BEACE738C403A95FC|달코퀸 V|320
CRD_B6F780670C514367833F|분떠도리|730
CRD_BAC700F6596245A5A62A|매시붕 GX|2310
CRD_BC94D56140324F5E8B10|마디네|2210
CRD_BC7A6C4E12004FA0918B|쉐이미 V|1170
CRD_5F9A15D40E55413889CB|클레이돌|1140
CRD_5F01EFF37F2B4265ACDD|줄뮤마|2140
CRD_C00E1C8CFE15D51E795F88D9D5D14E94|판쵸 피카츄 (메가 캠페인)|
CRD_C2A3EBDFC3B244DDA1F7|전툴라 ex|936
CRD_5F1E0C24C1C64F5FB49E|세레비&이상해꽃 GX|14930
CRD_5F4D4AC299E34809963A|흑마 버드렉스 VMAX|530
CRD_C4A0597992A94A558267|글레이시아 V|33220
CRD_30FDE55BA54D445982F5|춤추새 GX|590
CRD_C69B5517FEEB4D75832B|하랑우탄|2302
CRD_5F8E8D482CEE40979BB4|후딘 ex|170
CRD_5FB16D1BB32E4BC8873F|쏘드라|4690
CRD_5FB29A7CDA6A4F8698B4|요씽리스 VMAX|440
CRD_366F8C52670645088A5A|흑마 버드렉스 VMAX|430
CRD_CB62AB154B714772BCC6|그린의 전략|24064
CRD_CD08270B66B84F70A6EE|즈미|1780
CRD_5FE253E42C974A6AB4E7|라이코 V|17257
CRD_5FF7C03BB99345278E5E|에이스번 VMAX|1380
CRD_5FFCA0AB3BF4438A8D41|뮤 VMAX|3280
CRD_5FFCA95807BE4F5A9443|비리디온 GX|944
CRD_941424BAD57545578C47|보만다 VMAX|11510
CRD_600E014CD3CD4A00BD0B|무한다이노 VMAX|1120
CRD_3676B88FE7374BDBB1B2|뮤츠 ex|560
CRD_1550F9965A5248E99C97|리자몽 ex|1080
CRD_D543AC0888A542E78D35|얼음귀신 EX|640
CRD_6033B85380BA4D14AE12|뮤 ex|14500
CRD_6048FC300CB84CADAB99|리자몽 EX|9614
CRD_DDCF9A4843654499A109|타만타|5810
CRD_2261AA95080E4619A99E|네오라이트 V|2230
CRD_608AF077FAB548EA89BD|볼케니온 V|270
CRD_60994F0DC5F242CA928F|릴리에의 삐삐 ex|4295
CRD_E708EA2A576B45D59B4D|로즈|2910
CRD_45F4859A17FA4968BCF6|딱구리 ex|180
CRD_4D987972880E4502ACD0|가라르 산호르곤 V|610
CRD_EC4DDEF3D32C4E658D4C|뮤 V|52086
CRD_60F01E549A5F4ED5BCAB|피카츄|2930
CRD_6107CE7DBE884EAE9B22|보스의 지령(게치스)|3636
CRD_F24BA2D7FF26428BA245|토네로스 EX|4773
CRD_F169403CBFD9431CAB8D|펄스멍 VMAX|520
CRD_F2A7696A982E40248FC6|주혜|4923
CRD_F42B7FFB1122449DB183|님피아 V|790
CRD_611E90329796471CB2D4|갈가부기 V|680
CRD_6136135AE22040079308|노보청 V|140
CRD_F83111AEFA30449C80AA|제라오라 VSTAR|9270
CRD_F801E713A8D1496791AC|메타그로스 VMAX|870
CRD_F80B857CFE91CDEB4402E3E93F29B2CB|코이킹 고꼬 피카츄|5461092
CRD_FAA316C56DEC49B9BB70|백마 버드렉스 VMAX|23567
CRD_618582EF6E874473AD9F|리피아 V|2400
CRD_5B5AD56134634293963C|루기아 ex|290
CRD_255CB9C1E0E948988562|잠만보 ex|290
CRD_621EC27A4FFC46AAA5B0|한카리아스 V|4515
CRD_62382B166E0840719246|오리진 펄기아 V|140
CRD_6208A844312F4FCEA6A1|인텔리레온 VMAX|1110
CRD_6254B969E7A7449094FA|흉내내기 아가씨|3487
CRD_62582500388642AD8992|그라에나|1520
CRD_62C3A4F356F74487824A|님피아 GX|6240
CRD_62C8546C52084CE08D66|애버라스|950
CRD_62BDFC93B8524B53A057|다크펫 ex|1167
CRD_635F799A0D2C4619893C|딩루 ex|3193
CRD_63550D89E20048CA8259|뮤츠 VSTAR|970
CRD_627474F7EF5F4BDB9549|리피아 VSTAR|35226
CRD_630A12E88A2C405CB9F3|지가르데 GX|23350
CRD_63141A82DE9B4DB48A54|보만다 ex|891
CRD_6287A3AF49C442799402|메가썬더볼트 ex|1003
CRD_634203B063A54BAD8C11|괴력몬|9513
CRD_6396E1AD59084F64A801|딩루 ex|4470
CRD_626420F611AD49BAA98D|우락고래 ex|120
CRD_5DF591EAB7B44D25AF5A|한카리아스 V|210
CRD_62A6B9CDD727412080D2|가라르의 동료들|8339
CRD_6412506A2B9B42B895C2|대짱이 EX|4864
CRD_63C895F49C5A421D9548|따라큐 VMAX|2930
CRD_63C1890645A14E069576|텅비드 GX|2038
CRD_64A023A4F1074382A6F7|매시붕 GX|6940
CRD_63F5B0FD4B07476CB192|파오젠 ex|1285
CRD_0EF858A4F6FE457E848E|굽이치는물결 ex|896
CRD_646451564B014C19BB2E|피카츄 EX|82172
CRD_64904033464E4C1DA53B|사구아로|457
CRD_63B80E0E81474366B192|고디탱|4890
CRD_63D4879876974E509121|카디나르마 ex|130
CRD_64D59B5F08A74343BAD0|피죤투 ex|1065
CRD_641A3A941D1A424C84B3|기기기어르|2000
CRD_6424F4FA8DB0409195E6|라프라스 ex|2317
CRD_649DBF44700540B8A098|콩알뚜기|540
CRD_64E058D69CF943F5B6C0|벼리짱|2010
CRD_663C98F6109848CD9597|이브이 GX|6940
CRD_672B4D1A3B27458F9805|가디안 ex|30203
CRD_64EA988E405547A794C3|약어리 GX|567
CRD_667E09D4457B4159ACB6|비파|1060
CRD_5592B918549340D29D73|크로뱃|1470
CRD_656BC340421641E5A050|독수의 함정|2211
CRD_65DE95DF80D94E05A42A|이상해꽃 EX|2990
CRD_6601BE7A1DE143349FA6|히스이 포푸니크 V|230
CRD_6622C5C878F244828DA2|어리짱|2370
CRD_6657C5F9E27145AA9961|메가픽시 ex|22446
CRD_669F982DB44549EFB5E2|견고라스 EX|4540
CRD_66AB3EEC58944846BD32|멀레인|582
CRD_6758A956D73C4F90BE9F|저지맨|6070
CRD_67CFE01AE03E495B9FB2|블루의 탐색|55020
CRD_67DCCA6B98564C55A6CD|파라블레이즈 ex|10180
CRD_67F29079C11444D7B0CA|킹드라 ex|80
CRD_683F3F874CB848EF94C4|돌핀맨 ex|90
CRD_68750CA7D67B49579E22|히스이 붐볼 V|1184
CRD_69B4BC1CEE69492C85A9|세레나|11660
CRD_690D9691BB90458E8645|샤로다 VSTAR|5250
CRD_6967F2866EC341D1B5A5|고동치는달 ex|17570
CRD_6867ED7294D14913A168|주박사|5097
CRD_899C71FEF9DC4CDFB0EF|메탕|1100
CRD_68FF087ED5984A63BAE9|피카츄 ex|19053
CRD_6844172254A344548A6C|코르니|8141
CRD_684A3F96ECB64020B759|마그카르고 ex|665
CRD_685FD3A30CD4473393DD|펄기아 GX|1730
CRD_6879A3B2FF474EFAABAA|위대한엄니 ex|360
CRD_68DB6AC7C4BB4ACD92ED|N의 레시라무|5670
CRD_694BA62B745A4D1E9025|레시라무&리자몽 GX|42293
CRD_69525AAF5E3C4C99AB79|난천의 한카리아스 ex|48190
CRD_69C72795CBC8432A90DC|야돈|8550
CRD_69C818D4E150495ABB8B|레쿠쟈 EX|31736
CRD_69FF1CDC2254489A8E2D|쏘콘 ex|110
CRD_6A49D65CBD7D467DA753|돌헨진 V|1250
CRD_6A05AC4797764140A0D5|파비코리|2240
CRD_6A6D79F1AA404CF998CD|그우린차 ex|8170
CRD_6A047CD751384F969D65|코터스 V|470
CRD_6A29DC1A64574E9A92BE|다태우지네 V|140
CRD_6A6020158B7D48B6851C|나무킹 EX|3300
CRD_6A62F065A24240519E51|심향의 모험|1488
CRD_6A64916CD6DF4E1C952E|이올브 V|2000
CRD_6AC614249DBA4DD285DE|테르나|2530
CRD_6B3CFFBA30BE4DB79C74|N의 조로아크 ex|110
CRD_6B3F6BFCB5834D188F85|팬텀|20720
CRD_6B452C1E25584A62B2AE|늑골라 GX|1170
CRD_6B800B8A1D544DEB9436|이수재의 메인터넌스|2972
CRD_2D25B07240614BDCAAAC|히스이 대검귀 VSTAR|3840
CRD_6B89BCF215104ABCA86A|샤미드 EX|9728
CRD_6BCC0F7F5E7F4991809F|들눈해|770
CRD_6B90BFF3033D4996A9AB|가라르 파이어|4890
CRD_6BFE78CBD4924CF285F9|메가염무왕 ex|160
CRD_6BAE3346829849DD8C4B|크로뱃 V|1990
CRD_6C510F8223BB456DB67C|케르디오|3070
CRD_6C46069A0ABF4F55BB2D|디아루가 EX플라스마단|23334
CRD_6C093D7C67AF47468F97|레드의 도전|23151
CRD_6C5AB36AD8294729A03E|고동치는달 ex|1702
CRD_8875DA1FBB2046CBAF86|미끄네일|1490
CRD_6C18665126FF426F9C2E|블래키 VMAX|27850
CRD_6C2E76C8810D45DB91FC|저리더프|2400
CRD_6C3E5BD53EFB49EC967E|타타륜 V|201
CRD_6C48D7D464D0402B9F7D|뮤 ex|28838
CRD_25B97585CC304F538181|잉어킹&고래왕 GX|132730
CRD_6C87482BDBFF4157B5FA|애프룡 VMAX|950
CRD_6D79DA4384654ADFAD71|무쇠감투 ex|772
CRD_6D1BC2DD10F54AB98A56|알로라 식스테일 VSTAR|11790
CRD_6CF9150210054C398987|배우르 V|1030
CRD_6C8A167C2A5041E8B2C2|노보청|2880
CRD_6DDE5C3825A04030BEC6|에브이GX|4710
CRD_6DA66A6437FD4A86B009|절각참|2060
CRD_6D7FD944EBBE4E7AA8A1|N|34595
CRD_6D7A01D810164EB8B111|흑마 버드렉스 V|250
CRD_6CE96DE4AE2A4103BE43|펌킨인 ex|140
CRD_6CE97DC55919437DBC63|켄호로우|3310
CRD_F8E30FB79C2745469735|켄타로스|1480
CRD_6D101670C47A4618BA64|무쇠암석 ex|3275
CRD_6E69415874774031B60E|마폭시 BREAK|1062
CRD_6E6A642B52D441B786B7|뷰티플라이|820
CRD_6E6C2EE667CE4D84A52D|울트라네크로즈마 GX|1390
CRD_6EA72CB24D6C419B8BC1|두송|3379
CRD_6E2A7F9E1B124081A497|메가무장조 ex|2435
CRD_6EBB0D6B60B34A9CAC8D|목호|2550
CRD_6E9405D59DA14754A6EE|킬가르도 ex|868
CRD_6E30EACB936041E98A01|조로아크 BREAK|2010
CRD_2D0FDD0C77AF4176BAA2|신비록 V|654
CRD_6EA8D0D00A484C1985DD|메가아쿠스타 ex|4882
CRD_6E6230DEBE1C4DBF815D|버프론 ex|479
CRD_6ECF390F7DB845A393E9|다태우지네 VMAX|5580
CRD_6EED812BE5FE4E45BB0A|다크라이 GX|6478
CRD_6FC1CB0DAF0D475BAF64|독침붕 V|380
CRD_702857AB918C4E93B38D|야콘|2065
CRD_6F3A522A92D245C5BD70|리자몽 V|56930
CRD_70689C813B324C93AC03|M강철톤 EX|7003
CRD_6F63FE893F744455B063|염무왕|4230
CRD_70077C9FC60D4FE79B50|미라몽|3650
CRD_6F2AFDBF9FDB47CB93E4|인텔리레온 V|3935
CRD_6F5BE04789954940A44C|아가씨|3104
CRD_6F660305B01D494F9AB0|무쇠무인 ex|4050
CRD_6FA0D89A1693401DB8FB|연격 우라오스 V|2260
CRD_6FAA2DCA23D240FBBABF|세레비&이상해꽃 GX|6880
CRD_6FBE2AD113B74C719B5B|오르티가|834
CRD_70232D25A67C4C04A915|웨이니발 ex|130
CRD_704B8C245A2D48CFA157|제라오라 V|150
CRD_70AB4EE68E7847EB9537|칠색조 GX|4253
CRD_70A1CFED68464E399860|루가루암 GX|12930
CRD_70943598653E422CB652|마자용 V|3540
CRD_7073512FE78844239956|다투곰 붉은 달 ex|15880
CRD_70C03F70940E4AFD89F7|삼삼드래 EX|2270
CRD_70BF01A370254FDF84AA|엘풍 V|240
CRD_70DBE52BB8F949A2A864|오거폰 주춧돌의 가면 ex|100
CRD_70F0C4F7265945BF97DE|리자몽 ex|1300
CRD_710DC79FEA9542A1BD21|잉어킹&고래왕 GX|21280
CRD_711241AAC3CB4EFB8F22|리파|2475
CRD_7114B0F7FF874949B3FE|카디나르마 ex|480
CRD_71205B71BAD34A2C85BD|유카리|3202
CRD_715FB49EC8004D6DAD2F|파밀리쥐 ex|7430
CRD_716841C8EA25435BA3A7|번치코 V|10270
CRD_7287BB47FFDE4919A94C|루가루암 VMAX|7580
CRD_734D08C448CA482595A4|구구|2020
CRD_72783B70F01B4ED8B41A|보만다 V|3681
CRD_72EA7027E1B24D65A9C8|일격 우라오스 V|3608
CRD_7269FACD98284466BD3F|부스터 V|2930
CRD_73BB41EBB51F4E5C98C6|토게키스 VMAX|7080
CRD_72DC6FDF73B541818CBF|크로뱃 VMAX|1070
CRD_71B943080D4E4023A1B4|피카츄 ex|39875
CRD_7283A07A9E7242E69F1F|다태우지네 VMAX|280
CRD_7198FCCE27034FF78404|유빈의 확신|22910
CRD_7258B944611440859FD1|입치트 VSTAR|370
CRD_725B42F08E65463899B9|나인테일 ex|3490
CRD_729748E685DD4FEB87C8|네크로즈마 황혼의 갈기 GX|2018
CRD_7341FC41F0D143948B61|잠만보 GX|5460
CRD_73BC837020A74A488C75|억새|2060
CRD_721C06FA7E914D659B80|크로뱃 V|160
CRD_7518CBB1CFE544CF9DA8|난천의 패기|3457
CRD_7472D09449364F81AB38|후파 V|1584
CRD_744238CF563C4F9ABC6A|리자드|7500
CRD_73BF8E71FFB94618AEB0|무한다이노 V|180
CRD_73CA21A2A3EB47D1AF95|뮤츠&뮤 GX|8877
CRD_73D6953981C84918B834|어지리더|1810
CRD_73D90A06E6DB40DDAA41|드래펄트 ex|3700
CRD_73E5E12743E44600A13C|엘레이드 V|230
CRD_73E84D59CC8E4A4CA6FD|레드&그린|13604
CRD_73F42BA51E1C4FD4A7B7|불카모스 GX|980
CRD_742200F17881431CB52E|비리디온 V|1894
CRD_74339EE06F0E42DC99FE|지라치(프리즘스타)|1414
CRD_7457BA11C1D9436DAEED|제크로무|8050
CRD_749056557121444EB3EA|연격 우라오스 VMAX|4710
CRD_74B902EF7172401CA468|메더 ex|140
CRD_74E51DCCF8D24ADBA306|갸라도스 ex|5330
CRD_75B006ABADD148E0A5BB|가디안 GX|4587
CRD_75F07C682B69468CA27A|메가메가니움 ex|300
CRD_77BB414B737A48BA9F33|히스이 모크나이퍼 VSTAR|2240
CRD_76AE8067C83542EF95BB|꿰뚫는화염 ex|7171
CRD_774A388CB1DC46F384AE|뮤츠 EX|8343
CRD_76057B536C1E494D9DD9|리자몽 ex|8920
CRD_761714141AFD427DA3EC|피카츄 V|24070
CRD_761AFE3BD91646FEBEA5|M샤크니아 EX|10320
CRD_761F112811784F3C9B5A|제빈|581
CRD_76493C10952F4FC896FF|케르디오 GX|520
CRD_7666E22ADA2D4444AB42|메가이어롭&푸린 GX|18525
CRD_7670562F15A640309F43|거북왕 EX|1788
CRD_1778B01FA4AD4332B4C8|독침붕 ex|3540
CRD_768F67D90A2142609676|명희의 격려|8753
CRD_77207234896E4180A67D|때때무노|1270
CRD_775A49F21F744A09869C|M보스로라 EX|14000
CRD_787EEE4CA17C4384B003|경채|1070
CRD_78304A223D8C4A2EAD04|심향의 블레이범|5740
CRD_798B992F69334701BDF2|단단지 GX|1720
CRD_78690B2E84B943EFA5E1|메가픽시 ex|3106
CRD_78A1D3109CFF440DAF76|N의 방안|2835
CRD_78C8EBD5445449F38745|자포코일 VSTAR|3110
CRD_5C43B57F41454A238C06|르마탱|3463
CRD_782CB6FCC2EE442F9402|마휘핑 V|320
CRD_786B7853318348889FA2|자시안 ex|160
CRD_787A4B40D73A4555BE21|알로라나인테일 GX|14240
CRD_78BC0A0FADB34F7CAADD|폭타 EX|1230
CRD_78E696D892A1480CB471|에몽가 EX|2880
CRD_793053A5665347469533|M디안시 EX|2678
CRD_796EC7E6363A48C6ADF7|모르페코 V|540
CRD_79A7AA5045634FCAAE44|로즈|2605
CRD_D4B65CC7BF784983ADB8|메가화염레오 ex|2520
CRD_7A7B7FE3D8DA4848943D|핫삼 GX|20600
CRD_7A85040155F046DBAD18|킬가르도 VMAX|1288
CRD_79B0B8C088454C1EB451|대로트 EX|1540
CRD_7B28676DCCDC4062B984|위대한엄니 ex|120
CRD_7A54C2FA809B4E9699FD|몰드류 ex|406
CRD_7B317B9E170247469F62|딩루 ex|665
CRD_79AB9AEE4B68458A98DD|비리디온|3650
CRD_7B0CD02EFB474874B2F9|토네로스 V|270
CRD_79C908702D7C4C89A247|그우린차 ex|744
CRD_79ED4A2D30A34E139A64|제르네아스 ex|150
CRD_7AC4C404D19B4C5FB0B1|메가드래캄 ex|180
CRD_7A000CCE7DCA4B44B198|포푸니라|4140
CRD_7A536360D1EC48FB885A|피카츄|2644
CRD_7A64F020EDC04ED89C1D|다탱구|1130
CRD_7A7850AA59504787B71D|스타단의 조무래기|1218
CRD_7ADACFDF9777471C8C30|루카리오 ex|190
CRD_7BE4E9F9E4664866988F|원규|4125
CRD_7C974FE36E964EB996DB|누리레느 GX|4083
CRD_2E8555FADF814122AE17|찬석의 활기|3130
CRD_7BA254D36DFF445F8FB2|레지드래고 V|1590
CRD_7BA2781997C84AA48CE9|쉐이미 EX|6083
CRD_7BD79E9CD5FD4404913E|잠만보 V|10380
CRD_7CB1EBD45B814997B7C0|레지기가스|9030
CRD_7C280FA0405542028F83|뮤 VMAX|24668
CRD_7B7C4F93D58F45928675|백솜모카 V|160
CRD_7BB290C3BD38478A914D|파쪼옥|6970
CRD_7C8402F1390C43ABA777|갑주무사 ex|12180
CRD_7BE4EC5B6757486A9FA0|빙큐보 ex|4040
CRD_7C977A54E4F7492996C5|엘레이드 EX|3631
CRD_7C97C49AAB974ED1A3A3|모야모의 찌리배리 ex|26000
CRD_7BB063F505DD4DC096EB|유니란|8130
CRD_7DBBE204F9F7473293E8|킬라플로르 ex|120
CRD_7E2493249D5F4079918C|루카리오 EX|25455
CRD_7E87AB5F7DF14D8F97A0|라프라스 VMAX|4090
CRD_7DA6398AB2274B22A22D|암팰리스|1440
CRD_7CBE310A1C2F411F889F|탐험가의 선도|670
CRD_11B811456C5D4DCE8A05|메가개굴닌자 ex|10350
CRD_7E0814B69ADA40E58DCA|플라이곤 ex|1426
CRD_7EB1930C9A224A14AE58|피카츄 ex|41258
CRD_7CC5297071A246E0B3DB|캥카 ex|1750
CRD_7D548C823A1940E98115|가디안 ex|95620
CRD_7E8265C1D8B44E03910F|모르페코 VMAX|1590
CRD_7EA2A978F4084F7B8C2F|레시라무 GX|3712
CRD_7EA3BC62F30E405FADC5|메로엣타 ex|9000
CRD_7DA5510251B9473E9F3F|보만다 VMAX|1860
CRD_7F12AC1D6A604C8CB546|트래피더 ex|130
CRD_7EDD738AC9704AC483F7|어니언|1661
CRD_7F072B0CB7A3432B8EEE|듀란|3660
CRD_7F68718FF9574B39A05A|루나아라(프리즘스타)|460
CRD_7ECF8DBD726740498656|체렌의 배려심|2360
CRD_7F76FC1F996A4ADAAB21|일격 우라오스 VMAX|17906
CRD_7EE4D1F73DD34E3E8CA6|포켓몬 브리더의 육성|2475
CRD_7ECA02E1619548F98130|고릴타 VMAX|780
CRD_7F1F939CC0DB4671824A|바닐리치|2470
CRD_A6CB88032E43434B998F|메가플라엣테 ex|3089
CRD_A8B5785909B448EBB9B7|펌킨인 ex|1257
CRD_7EF3FAC1AA9F41959926|공박사의강연|9158
CRD_7EF64656A6724709BAEC|전룡 V|410
CRD_7EFD5641401A41AC9D8D|펄기아 GX|1640
CRD_7F2DC1D44D784529BCCE|M한카리아스 EX|55473
CRD_7F62D48BBF5543A99063|스트린더 ex|140
CRD_7F78F4DCAE1340BCA119|다크라이 EX|2318
CRD_7F7E8A1CDFC44B1687F8|따라큐 VMAX|21000
CRD_7FE85AF0323E486DA2F4|총지엔 ex|626
CRD_803FA692C5CE471EA9A3|모으령|1530
CRD_7FDF1B8B2C7A49388486|밀탱크|1900
CRD_80F1FC05F4D8499DA9DA|모야모의 찌리배리 ex|120
CRD_80554114AB5D428FB10A|상행&하행|3193
CRD_7FFB3A5460DC46489885|쌍검킬|900
CRD_80762657E1724F278624|아세로라의 예감|11208
CRD_7F8ADC12469E4311B6AC|형사구스 GX|460
CRD_808986BE4AB54625B5D4|메로엣타 ex|778
CRD_808A9BA456B1456EA2A4|M후딘 EX|16629
CRD_808E7CD437F24C0A8CE3|모야모의 찌리배리 ex|20940
CRD_80BD0BCAE8F6426DA55F|팽도리|38740
CRD_80CDA53B178942988954|모래털가죽 ex|100
CRD_80D85D7E34F6498CA2BB|과사삭벌레|1610
CRD_7FD569C86E8646908F84|쥬피썬더 V|2660
CRD_816B2902F24747B0AB3F|일격 우라오스 VMAX|570
CRD_8157AABF97274614824E|모란|6090
CRD_81C9A32B267046DDA955|고동치는달 ex|19080
CRD_8206CD8F04C740CB8753|히스이 조로아크 V|1645
CRD_822997E0527747B387C1|순무|1579
CRD_5A9588570BE84441901E|대왕끼리동 V|420
CRD_8176FFAF907244338749|모부기|7940
CRD_811F41C997424C4799EC|유토브|1360
CRD_822A7803FD9A4D9495AC|치라치노|7030
CRD_8130AF03F0B74BF88F4B|제크로무 ex|2407
CRD_81C283F7B5804B6E9F93|툰베어|1750
CRD_81D1A443CB7D4C37840B|루카리오 GX|2972
CRD_81D4DD597DBE456BB22A|님피아 VMAX|21300
CRD_81DCFF5DDA584C5E9F87|요가램 V|14375
CRD_820C8A1490C243AF8876|오거폰 주춧돌의 가면 ex|140
CRD_8262D9F6F80441E59604|드래피온|580
CRD_8298C8E112E94322BE4D|드래펄트 VMAX|460
CRD_827860234B4648058D9A|마스카나 ex|21020
CRD_83BAA925FA8D48C4ABFE|플라제스 BREAK|911
CRD_83BEEB1396274C9BAB37|브라이어|4130
CRD_83435CF0B3494DECB0E7|리자몽 ex|16040
CRD_8318097459A64ECD8473|파이어로|830
CRD_830603D507F941958180|아르세우스 VSTAR|6850
CRD_6692FF0A37A7473AAF6B|뮤 V|980
CRD_828E8D059DF7414D891B|뮤 ex|47709
CRD_830056EB54D14AF28E1A|무쇠감투 ex|14890
CRD_8384DAD4A2524069AD34|로켓단의 또도가스|1570
CRD_83CB95F730174D28B274|메가플라엣테 ex|180
CRD_83D97C53AA124CCABCA0|아이리스의 투지|1263
CRD_847F3AC4CA9A4D418203|입치트 V|1156
CRD_F6B2257A2C16460CB4FE|코바르온 ex|2170
CRD_84F100B202834C6DAE3B|핫삼 ex|100
CRD_853F91A8D5AF441492F4|리자몽 ex|243600
CRD_84EB7A5F0598461296E0|철화구야 GX|760
CRD_84956B7620D249279F78|기라티나(프리즘스타) [오리진폼]|7640
CRD_83D6D0B474EF4541A65D|히스이 조로아크 V|200
CRD_83EC760B41124D8A9145|독침붕 ex|120
CRD_8410E4E943C54075AE69|깜까미 V|1030
CRD_8415237C305047B19AD4|단굴|1810
CRD_843DB9D7E2934E2DB5CE|대로트 EX|2039
CRD_8538CE46E092401B8FD2|슈륙챙이|7170
CRD_8550FB250AFA4FADB616|거북왕 EX|50970
CRD_85AC11A9F5FE4EBEB8E6|굽이치는물결 ex|110
CRD_85D8B3249D6140CCAE00|리자몽 VSTAR|52187
CRD_8657995A6BC44F5DBF8E|뮤츠 V|840
CRD_86826BB15E1644AEB13C|어흥염 GX|1240
CRD_86A21D43FBB24CD683A0|킹드라 ex|1077
CRD_87046B5ACF6849E9B53F|프리져|3710
CRD_A70EA9E8C6384E49A3D9|메가드래캄 ex|2446
CRD_865DA476A29E409CBAA1|일격 우라오스 V|2470
CRD_874BB3258CA94959BBC0|갸라도스 GX|3340
CRD_870D077A005D4B68959B|애프룡 VMAX|3100
CRD_8665C8184D854C689CB5|싸리용 ex|1111
CRD_874AC1F1697241DBA8D7|철화구야 GX|1050
CRD_87649DD1BF8243E3895F|피카츄 ex|450
CRD_876E648A957A44C9AE71|드래피온 V|230
CRD_877457DF732E4A2C8C7F|원시가이오가 EX|59651
CRD_888168EF50BE4F89B720|비케|14674
CRD_88D258C40D594E16B22B|동챙이|2730
CRD_88C69A70082B440AB5C0|로켓단의 이올브|830
CRD_88A52D327991404F8340|그루샤|3033
CRD_88CACC97FEA144AAB25D|다크펫 ex|130
CRD_4B3B7C90C55443A7B6F2|레지드래고 V|12864
CRD_87ACED114A5746E48FF7|N의 조로아크 ex|2193
CRD_882A64CAAD1048D2BE8D|아쿠스타 V|3050
CRD_884CDFFE6A873A39565CEB82B1769CBA|마리오 피카츄 (293)|3337334
CRD_88C7D15F245C42D6BF77|쟝고 ex|140
CRD_88D8B1966C914557B55B|샤로다 ex|705
CRD_8913A16F0C89452791C5|개굴닌자 ex|5650
CRD_893BF8C4050E44B6ACFA|일격 우라오스 V|140
CRD_89F2A38B167C4010B9FF|망나뇽 V|11979
CRD_89935F355A974D4B82FD|윽우지 V|800
CRD_8A6B11549C614D0C858F|히트팩토리(프리즘스타)|1517
CRD_8978E52260A148548BE7|야적 세 자매|2589
CRD_899A39AE13404402AADF|화이트큐레무 GX|1802
CRD_8965D3327A5540929972|M나무킹 EX|5542
CRD_89A20BE9777E4815B50C|M이상해꽃 EX|7246
CRD_89CF88D4F24A4B3FAB18|게을킹 ex|130
CRD_89F0DED26A364D2D9B5E|으랏차|2250
CRD_8A0FF8340E754322A4A3|일격 우라오스 V|140
CRD_8A1A1D352DA0498C9616|칠리|3085
CRD_8A1DCB955E61497F9B0D|입치트 GX|560
CRD_8A3F004027634756AA94|대왕끼리동 ex|558
CRD_8A3F628A4E3B4AC087C9|오리진 디아루가 VSTAR|560
CRD_8A55485EA762404EB6E8|바우첼 ex|150
CRD_8A7EB290F97640FEB7AA|블랑쉬|3180
CRD_8C2D1ED4956640F9A05F|게노세크트 V|2277
CRD_8BCE857FB5F041FE942A|오롱털 V|1520
CRD_8B07A23C08EE489D87DF|카푸브루루|730
CRD_8C3914BBF6F44AEA9A9F|칠색조 GX|15500
CRD_8B4E9ACDCF524203B75F|케르디오 EX|21359
CRD_8ACEB76FEF1F4466B0B9|가비루사|1120
CRD_8AEA98061B9A431CAA79|케오퍼스 V|1044
CRD_8B1DB466A7784A9DA26A|조로아크 GX|15760
CRD_8B7637F128294F9EB800|피카츄&제크로무 GX|56839
CRD_8B9D59AB943441B4BAC4|무쇠손 ex|120
CRD_8BC4CFF5D3984089B81D|메가자리 ex|3710
CRD_8C028EC35A4A49469342|난천의 한카리아스 ex|100
CRD_8C29A0179FEA494EACAF|파비코리 ex|210
CRD_8C2B39D4C7FE4D139F06|입치트 V|190
CRD_8C4595A6BD8543299E01|고디보미|4110
CRD_8C5E1C0CADAB42CBA2D3|로파파|810
CRD_8CBA85EFB90246F2A42C|로켓단의 아테나|9670
CRD_8DB157BF2CDC452DB021|레지에레키 VMAX [다이맥스]|370
CRD_8E26CAF93B2D45FE870C|무한다이노 V|2622
CRD_8C8BBAFB1C5E4D15BAC6|메가이상해꽃 ex|5400
CRD_8E25DF25B8DD49B6A003|알로라 나시 V|1866
CRD_8CBB87D89D68439D919A|모야모의 찌리비크|1240
CRD_8D03B1108C6B4669B82D|토네로스 VMAX|450
CRD_8CE0A1EE438248E1ABA7|메가장크로다일 ex|38200
CRD_8CE5392E17154AFFBE9B|체육관 트레이너|579
CRD_8CFF71200EEC47DAB5B2|세류|48090
CRD_8D374F0FF05C482F87FA|라프라스 V|4994
CRD_8D791334E4F64483A551|토대부기 ex|1240
CRD_8D845061A06143988494|피카츄 ex|540
CRD_8D8F32E2E163440DB34E|갸라도스 V|5220
CRD_8E12B9EC416149CFB898|심향의 칠색조 ex|130
CRD_8FAAD56862D840F2A5DC|요테리|6230
CRD_8E7896DA379A4FA4AFD1|달코퀸 ex|160
CRD_8EAA19E6FCD243AC89C9|대로트 VMAX|570
CRD_8E2D357D27A34250B5E6|코터스|7040
CRD_8E5059F15BB5478EB12A|쫀도기|5750
CRD_8E8635B273814CB28F1B|브리두라스 ex|3880
CRD_8E99D75B637D46C0BA84|프로토가|5360
CRD_8EAE0303CE1A4A19A2DB|라이츄&알로라라이츄 GX|4820
CRD_8ED47CA7E8F5408B9A04|텅비드 GX|1650
CRD_8ED834DBED86423DAAE0|마오&수련|15460
CRD_8F9C9E655E734313A1CD|플라이곤 V|220
CRD_8F205E645B108BEC8791C00BDAD3271D|교토 피카츄|394412
CRD_8FA2514826954989AE45|켈리몬|1080
CRD_8FA7CC63580F4C988819|지니어|4210
CRD_8FB0E39EAB04441DBF55|망나뇽 GX|11140
CRD_C04E029C65C04840BDAD|치라치노 ex|2937
CRD_900AFEE83E79462B86B9|M핫삼 EX|13410
CRD_906A3DF2C7B04997AE4D|개굴닌자 EX|13602
CRD_90698EA0987C4C82913F|엘풍 V|1550
CRD_9177A302A923467195DB|페릴라|818
CRD_90098D3232834F4891B5|강철톤 V|1759
CRD_8FEEA7EE5FFB4B758A50|민화의 대접|53519
CRD_90329AC34F174397A90E|백솜모카 V|740
CRD_9164D7095AC54C06BE66|피카츄 VMAX|27214
CRD_91690464DF8843E78381|메더|490
CRD_90059D74FBE24DFA83D2|제빈|2020
CRD_9003FD3BCBE34D03B083|메가깜까미&마기라스 GX|3384
CRD_8FC14F96E9634AE0982F|쏘콘 ex|440
CRD_911E14A963AE45CB944E|저승갓숭 ex|1612
CRD_913741C2E37A40BAB47F|삼삼드래 ex|140
CRD_91625DC1A887474895B5|무우마직|5330
CRD_91CB67168AB14A918C59|이브이 GX|7830
CRD_92D5EBD5664749C184D7|박사의 연구(마박사)|453
CRD_9239E2F6422F4F328D52|라이츄&알로라라이츄 GX|7440
CRD_92D9A6624DD04811B13A|마휘핑 VMAX|2594
CRD_9337B381E5BB47909A16|꼬몽울|1110
CRD_923FDD3D9ED34C4EAC1E|돌헨진 VMAX|810
CRD_9379FBDE7A75416C8C5F|용접공|2976
CRD_9376986A02A049DCA6C8|노보청 V|1528
CRD_9324067E86B04FA9A0F8|아보크 ex|180
CRD_92EBCC00579749239EE9|신비록|890
CRD_92EC2C1ED4F04945A412|야청|13298
CRD_9310EDB656AA44159715|이상해꽃&주리비얀 GX|3547
CRD_9337246D91AB42D89EBE|뮤츠 EX|14347
CRD_93B336450FE341B4AC0E|큐레무 ex|772
CRD_93B44E38ADC1449B84C7|냐오닉스 EX|2315
CRD_93C902F4C3BD4E53BAA0|마휘핑 VMAX|1480
CRD_93F6FE4202C343CFB1F7|볼케니온 ex|586
CRD_94D776CD680F432CBF1B|루기아 V|7148
CRD_93D36BC983F24BABBFD1|벰크 BREAK|1166
CRD_9529FB33C2B2497B9A13|올리브|11412
CRD_94284696E2874AA2AF1C|귀뚤톡크 V|2520
CRD_94CA0CA240FE402D833F|보스의 지령(플라드리)|2540
CRD_94EF2035A41A4B018525|레포르|543
CRD_9414462C5B0A48D9B34B|M폭타 EX|5770
CRD_94200842BFF04437AAA7|블래키 VMAX|3280
CRD_942E10EF9F344296906A|세레비 V|580
CRD_945783958D7C43BAA6E9|거북왕 ex|330
CRD_94600282DA1043CC8FAF|구즈마|6162
CRD_94CA0CBDE6B040D88062|일격 우라오스 V|11827
CRD_9522A25A78764F77B225|M리자몽 EX|30401
CRD_952E55D05FF24EA3AC1C|파이어로 V|2475
CRD_954796060C7F45978CE6|가디안 ex|180
CRD_95CC285CB5F240BA8D2B|네오라이트 V|240
CRD_95CC63655EC74676BA27|땃쭈르|750
CRD_95AD52C30E9448CCA98E|피죤투 ex|150
CRD_96185C75E06F48A79770|라프라스 V|2350
CRD_249FD650FBBB4F8C8E9F|AZ의 평온|1364
CRD_95663DF3179B490FB089|글레이시아 VSTAR|25128
CRD_95598861114B45F5BF5B|피나|384
CRD_956C0F75AB874B358574|마임맨 GX|2379
CRD_959F73E091BA412E99DC|두까비|2060
CRD_95BB14D8C84E44EF9FFB|피죤|1300
CRD_95F74899B927469997D4|아세로라|12895
CRD_9622567E2CAF46A69C92|애프룡|890
CRD_9641C573373F492FBFD8|앱솔 EX|6069
CRD_9649B9AE6A834C63AA80|알로라딱구리 GX|557
CRD_96611437350C4464BB4A|가디안&님피아 GX|7136
CRD_956D4472B05C4FCF9992|뮤|1850
CRD_9674E016E1A6436995B3|강연의 단판승부|7532
CRD_97ACB4636E2C4BB5B152|대포무노|4927
CRD_9740CC2128594EDDB54F|마쿠와|377
CRD_97880F5EB9DE47029F78|갑주무사 ex|120
CRD_979704595E1644E09F8A|난천의 화강돌|1130
CRD_96D925F04AA34FDBB8F1|육파리 ex|500
CRD_968F5C29113147B3835C|비크티니|5760
CRD_AE75FE8F2FF5446B86CF|금랑|5140
CRD_96D90414AA724083A05A|테사|2880
CRD_96DCC4B3E85641EAA4E9|라우드본 ex|100
CRD_96E3628EA11140F3A119|리자몽|8360
CRD_96F2AF373AC24B51B62E|아킬|562
CRD_96F78E077FFB4F7BADB9|큐레무 EX|7109
CRD_971CA0485F2B45D8A839|대로트 V|1251
CRD_9731F68B15FE4337BE2F|자포코일 EX|850
CRD_97550D8F6FD846C1809E|블루의 탐색|11893
CRD_97AC02D307514BA797A4|다태우지네 V|140
CRD_97AD638649C74896B30E|불화살빈|1350
CRD_97EAC0317B734B3191FC|메타그로스 GX|16430
CRD_999BE8DBCC6F40B48020|안농 V|200
CRD_9830EDEBF33245BC92FE|올리브|3990
CRD_983678B45AB8425590AC|루기아 VSTAR|14966
CRD_987A2756FB554B91BD1A|가디안 V|3273
CRD_983C1870E97945BEA0AB|아르세우스 VSTAR|560
CRD_DBD66A8B209F456490D9|블래키 VMAX|25000
CRD_9854903EC2F54EBAB680|데덴네 ex|240
CRD_98BE07D514F34C678851|피카츄|455076
CRD_98DAFEBB7A994BAB96D1|아크로마의 실험|889
CRD_98F0514FA4E449CBA343|로켓단의 페르시온 ex|120
CRD_9901D08249144F58A8BC|무쇠바퀴 ex|120
CRD_995C2B2D683845B693C1|돌헨진 V|510
CRD_99A5A2C5F74143BABC24|코라이돈 ex|6289
CRD_99B2271A9E6B4B259FB7|연격 우라오스 V|14775
CRD_99B80601C8BF404186BC|히스이 윈디 V|1505
CRD_9AE512CAAE3C435392CB|어니언|4130
CRD_9B0C05E62D6D4E19B749|깜까미 V|3330
CRD_99F4E975DD944ADE96D9|다태우지네 V|1428
CRD_9A06EA05B93C41B2BD2A|라이코 V|280
CRD_9A16B5CDB26D4457BDC6|무한다이노 VMAX|4460
CRD_9A8963B9CBC6485CB8D4|뚜꾸리|7200
CRD_9A188600F1B44EF88834|대굴레오|2040
CRD_9A198103AC7443DC8A26|로켓단의 아폴로|1640
CRD_9A4B2959A70847CFA3F5|에이팜|2140
CRD_9A5EFFF204E8429BB966|내던숭이|640
CRD_9A65F3C67F2C4ECF8FFC|M라티오스 EX|10320
CRD_9A350D2269353CD3471E3F4C99EB760D|카나자와 피카츄 2|804950
CRD_9A70A69B02794F2E8412|블래키 EX|16510
CRD_9A786ECB0C1441ADB6E9|야부엉|830
CRD_9AEA052EE47E4F54822F|피카츄 VMAX|2830
CRD_9BD2F6B2BD1342FB9A4D|비트|2251
CRD_9BB766F8D22C400B9459|게을킹 V|986
CRD_9C111FFCAB0E4282A578|드래펄트 ex|170
CRD_9C12DFB82488442E9159|피죤투 ex|140
CRD_9BE58FA4A9F6422D96ED|음번 ex|130
CRD_9B35454E9FAA4465BC23|콩둘기|6070
CRD_9B32980D414E47C09387|전툴라 ex|6090
CRD_9B7BDD57CE984638AD11|다크라이 VSTAR|34610
CRD_9B4304F1A3704496A8EC|등산가|767
CRD_9B43E03D5DF442759E58|염뉴트 GX|593
CRD_9B730AEF79F94A5BB4C8|선배&후배|5925
CRD_9BA6F88491964B2489ED|데덴네 GX|2319
CRD_9BC1A3BF1D4A4EEE8BE3|전룡 EX|6952
CRD_9C262C40B485491EB19A|개굴닌자&조로아크 GX|15235
CRD_9C2FBC6E628A43679527|명희의 격려|73788
CRD_9C70464E838941DB8DF0|더스트나 VMAX|7360
CRD_9D2832A4A3F849E4BB06|암스타 V|1048
CRD_9C6FB71861F94FB98F11|라이코 EX|36380
CRD_9C72C2A7A6AE408EADCE|메가루카리오 ex|140
CRD_9C50C950B3E54E4C91E3|칸델라|1518
CRD_9C5270DA79DC45DF87E7|앱솔 ex|1781
CRD_9C6A1F46424F4EBB84A6|난천의 로즈레이드|2880
CRD_9C787F52EE3041818DE6|카푸나비나 GX|1460
CRD_9CD4BE7C890148EC8776|고릴타 V|150
CRD_9CD8CCBE97D740E59C9B|카나리|14930
CRD_9CD978A793F04EEBB0F9|거북왕 EX|4400
CRD_9CED595A24FE40AEBE4A|오거폰 우물의 가면 ex|110
CRD_9CFBBAADBD4644919823|무한다이노 VMAX|400
CRD_9D03992C0F05472AB893|라쥬르네|4965
CRD_9D58E4813F2E44F48F9B|밀로틱 ex|1460
CRD_84061A5838C84C7996BA|보미카의 연주|2841
CRD_9D5FE568CAD14D749F5B|야돈&고라파덕 GX|30922
CRD_9D7E49141F244802BAB2|렌트라 ex|140
CRD_9DA43870585949379283|리자몽 EX|33950
CRD_9F8E15C89ACC4214A5CF|히스이 포푸니크 V|12440
CRD_9F78C4AD792F4C16A076|아이앤트 ex|598
CRD_9DC636DE48A4462F93A8|오거폰 우물의 가면 ex|2091
CRD_9EC2FDEB07C043AC8403|브리가론 BREAK|1140
CRD_9DE6CF5F7FF3427298C7|레트라|740
CRD_9E348E7E435B4E658CB9|라티오스|6130
CRD_9E40D9EE7D9844C4868B|레지드래고 V|170
CRD_9EB9A88BDE8245A99331|마기라스 EX|6860
CRD_9EC31C68BA49485F819E|던지미|1350
CRD_9F67BA0A6712493A867F|자포코일 ex|671
CRD_A045FBD15C434CEA9670|리자몽 ex|1420
CRD_A0D58142340C4202B5FD|미모사|4843
CRD_A0A34021C9D745B4A3EF|강석|936
CRD_5BDD62DBF28CF0E30ECD|쥬피썬더 ex|22510
CRD_A0F533475FB645238571|이상해꽃&주리비얀 GX|7598
CRD_A04FE8D9C75D4F5EAF0C|히스이 블레이범 VSTAR|410
CRD_A12119533B1C4A21B910|아쿠스타 BREAK|731
CRD_7E2810AFF88645B98963|이상해꽃 EX|40775
CRD_9FAFB1939CF44F30ACE6|암멍이|1640
CRD_A10639DEF1044108891B|팬텀 EX|18570
CRD_A12C9EE7BBA246C489B7|님피아 VMAX|2130
CRD_A137B96810564A16B8DA|번치코 VMAX|10820
CRD_A180773A019F4C8BA2B4|드래펄트 V|230
CRD_A126650873921A29A1AC79F0125D6C30|요코하마 피카츄 (282)|455076
CRD_9FA8A518D9414469BEF9|단지래플 V|180
CRD_9FE76C9CE7304920BC39|루나톤|1980
CRD_A2CD819C7FE041DAA9C8|디안시(프리즘스타)|446
CRD_A2809ACDAA524CC6B457|야청|6622
CRD_A19E4A91ACD440ECBEF2|인텔리레온 VMAX|6990
CRD_A2652FD03BCB44E786AA|돈크로우 V|5250
CRD_A320E30FFCFE4D5A901D|수리둥보|1810
CRD_A1ECFBA4CD8A42679127|또가스|12130
CRD_A1D8F84613574D488021|파비코리 GX|16190
CRD_A1FF49B34D00462B8DF0|맘박쥐|2500
CRD_A20F94DEEB5245129C85|포곰곰|1540
CRD_A23AE6A8E89D4058AA29|피카츄|19330
CRD_A2846300EA0942BBBD3C|M전룡 EX|10920
CRD_A299CA442C2A41558B6E|포푸니라 GX|730
CRD_A2A524FCE0E54F2C8C91|데덴네 ex|6934
CRD_A2D5C36D69B54AE9834C|블래키 GX|7590
CRD_A2E2C941F5B941E8996D|수련의 돌봄|1917
CRD_A2E6B453A2A741BCA11A|마샤도&괴력몬 GX|4230
CRD_A2F9A6312DF44494B8FF|카일리|5947
CRD_A4B8753A4E844EE09CBA|로켓단의 파이어 ex|170
CRD_A3B4ED53661A41AD9BE6|티고라스|1190
CRD_A3A2A1E4057649CEA59E|나몰빼미&알로라나시 GX|1713
CRD_A3AB8AC8AAC347838A4D|멜리사|1585
CRD_A3C2192851584CFC8246|소도와 실디|839
CRD_A433CDC6DC8849CEA90A|꼬부기|20490
CRD_A45225946385449CBE53|제라오라 V|360
CRD_B4458BD865D40B2B6AFB|타부자고 ex|4890
CRD_A45D3E9BF08B4D07AF14|루가루암 GX|510
CRD_A46CF82C32F04EE6BB52|아고용 GX|790
CRD_A4A072ED41004885A806|소미안|1720
CRD_A4F8739E43884B02A683|레파르다스|5380
CRD_A502FAAAF5E44D6EB6F0|갑주무사 GX|750
CRD_A5262AA512774BD48654|오거폰 벽록의 가면 ex|1690
CRD_A55C953959164A8EBF09|히스이 윈디|2120
CRD_A5A4F5FFC9A3433F8793|빈티나|1320
CRD_A5BC4873149245CAB6B3|바닥트리오 ex|110
CRD_A5BD2814B5454C479820|암트르|1520
CRD_A5AE23F47A2B49218CB4|대코파스|480
CRD_A5CCF9AA1AE84EC1B4E6|질뻐기&알로라질뻐기 GX|27427
CRD_A6E97F52AAE14D00B5D3|핫삼 GX|5352
CRD_A5B83823B6344946A314|피카츄 ex|160700
CRD_A5C68E63AD7846D98563|이상해풀|6110
CRD_A5D2567F7CE3427BA8CF|종길|654
CRD_A6097CD29C7E4A2C9ACE|보스의 지령(태홍)|2380
CRD_A63442582F7F4F8BABC9|볼케니온(프리즘스타)|381
CRD_A64742D752F444C9A34A|스이쿤 V|6905
CRD_A6609DDDF77E43BEBF21|심향의 모험|10000
CRD_A69A3C32BD2A4EA590C3|모토마 ex|130
CRD_A6E16EBEE75C492DA24E|바다그다|6220
CRD_A73E9FF2F0254E999421|페라페|1150
CRD_A7A7C7685FE244168B9B|마기라스|5000
CRD_A7AACB50E1D2433E83E0|더스트나|2180
CRD_A7C30A2EF2124187ABC4|알로라질뻐기 GX|1750
CRD_A7955AC1C4F2421B940F|백마 버드렉스 VMAX|410
CRD_A82AA6D16570455DA915|둔타|670
CRD_A764468C60C145BBA7B2|멜메탈 VMAX|3110
CRD_A848A7E12690411197B4|리자몽 VMAX|100000
CRD_A7F47D7A90F24520988F|심향의 칠색조 ex|150
CRD_A807FE059D28421A9D89|박사의 연구(투로박사)|958
CRD_A81205AD3C6B4221AD8F|차곡차곡 GX|5220
CRD_A81F66DC2106497F8D12|육파리|920
CRD_A82C4C53C3004C17A955|레지드래고 VSTAR|300
CRD_A87D1D76614640AC9160|M피죤투 EX|1383
CRD_A891C8ACBE5B4F3F8F48|스이쿤 GX|1360
CRD_763739C433694BD7A95F|다탱구 GX|800
CRD_A89A6F539FAC4AC7ADA2|무쇠무인 ex|958
CRD_A8DEE7AEF1EB41B29CFD|포켓몬애호가클럽|10457
CRD_A8F55E775B1A48999A63|나누|1116
CRD_A95A3BB894E045F2AE02|가디안&님피아 GX|12220
CRD_A9971F75407F4A80908E|히스이 조로아크 VSTAR|330
CRD_A914FCD3FCD847BFA351|히스이 드레디어 V|13298
CRD_A9C9A530BD584DDBB671|아마루르가 EX|3241
CRD_A92DDFDA2A8542FDA6F0|월로|583
CRD_A9DF06F1FA7544AD83E2|나인테일 ex|200
CRD_A9772F1A738D41739112|스이쿤 GX|2376
CRD_A8C06BD8284942BA824C|다투곰 붉은 달 ex|4094
CRD_A9D7A6D3DC694E4280F3|사철록|7200
CRD_AA067EA038324239B8DD|카르네|9652
CRD_0320E0D5056F4FBDB33A|괴력몬 V|55530
CRD_AA3296C0D4FE45A38CAB|제르네아스 GX|2451
CRD_AA42D1C0CC194B35AB8C|트래피더 ex|586
CRD_AA4B50E788B247089DA6|거북왕&팽도리 GX|35678
CRD_AA80CBBC30D44512BB73|태권왕의 수련|581
CRD_AA56EE51E5024865B7F9|제르네아스 EX|4589
CRD_AA0DD2AA1FBC4EEFABF7|자크로|2840
CRD_AA3AA58E730E469981E5|독케일|550
CRD_AA70617DE38A4AB8A0AC|줄뮤마|1120
CRD_AA5BA868244841729ECD|신뇽|5970
CRD_AA7C762B17B749CEBF08|토쇠골|1870
CRD_5DAB2DD66D0B451E8825|메테노|3860
CRD_ABB1F47733574B969DF6|제라오라|2020
CRD_AA9CB0979C7F411383FB|렌트라 V|780
CRD_AAFE59E917F54C8FB509|에몽가 EX|9546
CRD_AADC70B1F06B46E196C2|대왕끼리동 VMAX|4070
CRD_ABB9C24219D047ECAF3A|마샤도&괴력몬 GX|4400
CRD_ABBEF153A31344B5ACCA|우렁찬꼬리|1940
CRD_AB63174A5154445782F6|호브의 우르|440
CRD_AB903AFCBCE64F1B90B8|미라이돈 ex|7385
CRD_1D26125A944B41DFAE0A|스쿨걸|2999
CRD_3867F42D081F475AB07C|민진의 헤아림|4770
CRD_3E430DB8963746CBBEDB|이브이&잠만보 GX|13720
CRD_AC3606B6DD67461CB745|잠만보|6490
CRD_2936DD31DD3F4679992B|팬텀&따라큐 GX|39080
CRD_AC43601EF1034C02924D|오거폰 주춧돌의 가면 ex|2520
CRD_AC4EB0CDE09A4473820C|삼삼드래 ex|13690
CRD_ACB87F5FA19140FD900F|이벨타르 BREAK|2043
CRD_AC9AF80490804185A362|키아웨|2464
CRD_ABD8EEE619A649568E06|멜메탈 V|919
CRD_AC159F45A9C945968FF3|핫삼 EX|5003
CRD_AC64EB9FF98F4DD68A0B|원더래버린스(프리즘스타)|324
CRD_ACB8A5DF94244A189395|메가라티아스 ex|2328
CRD_ACE1406D88444132AE41|프리져 EX플라스마단|25455
CRD_AC9F89AB71524BC4AD8B|라티오스 GX|2144
CRD_ACC142C26F114994836D|민지|6074
CRD_ACF61B33CDD24476B1C0|가라르 파이어 V|5030
CRD_A8B52849C3C54365B81E|핫삼 VMAX|2140
CRD_AD8D9A5B43C24CB6A5F9|곤율랭|3470
CRD_ADFC6A38AABB4ACE85F4|롤러스케이터|1632
CRD_AD9A574810174B64B773|님피아 V|43040
CRD_AD6115AF78224218ACF6|스완나|3060
CRD_AD994D529D6E47C2B93E|리피아 GX|1910
CRD_AD847DF3679D4F45A446|가라르 불비달마 V|360
CRD_8E484372B84147938583|경채|1940
CRD_ADBCD39DE57C43EFADAA|단델|4610
CRD_ADDEC4B6D7EC4C7FA90E|리자몽 ex|24730
CRD_AD5DBA8969314EA6A9F3|모크나이퍼 ex|2012
CRD_ADB6937D5829468DB1AF|데덴네|1400
CRD_ADE314545C9C40C2BE9D|팔데아 토오 ex|1663
CRD_AE113DCC3BAE4D84AB6A|뮤츠 GX|5737
CRD_AE3C75BE92214FE9ACBD|M라티오스 EX|19956
CRD_5DF12C9B3FCC471D90BA|가라르 나이킹 V|1167
CRD_AE83ACAA6B9D4A4996BD|스쿨걸|3120
CRD_AF5EB7BCF32F4A63B0D5|마스터드 연격의 태세|2047
CRD_AEDD96FFA5A84E749D76|M뮤츠 EX|5980
CRD_AF6C72E18B814568BD91|블래키 V|8940
CRD_AF3062D3422A407D9A65|블래키 V|70000
CRD_AEDD3F6DAB77462C84BA|고릴타 VMAX|1730
CRD_ADFEF65AFEF8421CA287|카푸꼬꼬꼭 ex|688
CRD_AF1FDA799C6143DFA5A9|강철톤 EX|3980
CRD_AF50D7F7BF224CA6B856|신오의 동료들|3150
CRD_AF533FDCBFB840229CB0|칼라마네로|700
CRD_AF75DCD7E11042F68065|디아루가 GX|2373
CRD_AF8F92C88D0B402AAEA9|래비풋|1070
CRD_AF944BBA321248A08EBC|브리두라스|700
CRD_AFB2E1221F7B49C4B30F|M팬텀 EX|127957
CRD_AFBD5F78887542BAB486|마적의 히든볼트릭|3621
CRD_B6BEB22D4E0AE7AADC2865D17E9AE564|피카츄 (SWSH020 프로모)|50793
CRD_AFEB8972DDD3469BB268|레시라무 GX|19150
CRD_B00F854C44414288BAFB|로즈|528
CRD_B02D8C31DB1A44969F52|가이오가 EX|25167
CRD_B01199DFD87D423494E0|브리가론 V|885
CRD_B0635A73D11746B0828B|바오프|2380
CRD_AFD5B4C57E4049A59C23|루기아 EX|8660
CRD_B04BCC71D4004F4F96FC|마기라스 ex|190
CRD_B03010105C7A46FDAE73|무쇠보따리|810
CRD_AFD17D0FE9FF44FF8492|프리져 GX|2021
CRD_B050F893ACF545A0B78C|마리의 오롱털 ex|16660
CRD_B0F2BB5C7F9B413AAF68|글레이시아 V|4320
CRD_B1D0E95D6A764E54A4F3|마스카나 ex|170
CRD_B166C14DF6864745B219|모르페코 V-UNION|410
CRD_B21ED14E9FF94FF4BBB5|플라이곤 ex|160
CRD_B06B18A181FB456ABDCB|암팰리스|530
CRD_B078B8FB2EB6415A85B6|어니부기|7170
CRD_B1266853754742B9AC64|릴리에의 삐삐 ex|150
CRD_B158EA20CC184AF1B925|메가깜까미&마기라스 GX|23786
CRD_B165190D31814511A5A8|마샤도|2030
CRD_B16E4806EF614E799EA1|M피죤투 EX|1529
CRD_B18DDE8C20D645DDA16E|페퍼의 마피티프 ex|4820
CRD_B1BA8BA294224C83B570|피카츄|61200
CRD_B1DFD3C3E5BB4423BF03|님피아 ex|450
CRD_B20942F08E184FD3AC9C|이상해풀|3270
CRD_B2248FE3EAB34F918B7C|가라르 창파나이트 V|310
CRD_B2B243175D8E4033A33F|샹델라 V|2035
CRD_695A1C7D2A614268A739|리자몽 VSTAR|29140
CRD_B27EE9CB54BE42CFB26C|자크로|969
CRD_B35BCAFB2F9E4FE5BE34|데덴네|3870
CRD_B2DC0D2AA6314050AD58|복숭악동 ex|1030
CRD_B27CE1319A204E919650|암스타 V|190
CRD_B24FB59D3B834314A57B|비파|6370
CRD_B270EBD54E8C47AF8BA8|주혜|2621
CRD_B28E6145CF994B09905F|로켓단의 파이어 ex|40490
CRD_B294F7A527664134BFA8|버프론 ex|90
CRD_B2A94238DD6A45BD8A15|밀로틱|3590
CRD_B2D14FA1DDFA481BB7B2|앗차키|2060
CRD_B3149BEFD6BC407799A3|알로라나인테일 GX|2355
CRD_B325D03BDD34469298B9|체렌의 배려심|860
CRD_B345C0800CFB40D28BD7|님피아 V|21120
CRD_B249F6023816421B9E82|로켓단의 비주기|9940
CRD_B3798231C06C4CAB97AF|제라오라 VMAX [다이맥스]|12791
CRD_B38781B3110941E9A3DA|한카리아스&기라티나 GX|6310
CRD_B390ACDDA0BC45F28118|바우첼 ex|2029
CRD_B3AE192A44B84ED7B24E|모란|2221
CRD_B3FD6023E69B4B2DAF28|마나피 EX|3645
CRD_B3BF8D31D9204782972A|펄기아 GX|2030
CRD_B3CB2A5036FD42688BA6|비크티니|66146
CRD_B3834736DB2542B792B1|페릴라|1670
CRD_B3C3F8E812884FEEB672|알로라 식스테일 V|3952
CRD_B3F163D4760E4999A3AE|히스이 대검귀 VSTAR|290
CRD_B443DB37EB0D40308182|M레쿠쟈 EX|72973
CRD_B44DD500D1A84B9384A5|후파 ex|1280
CRD_B4500EAE366644C09065|무한다이노 VMAX|400
CRD_B478B609372F4829A9FD|피아나의 결의|7789
CRD_B48D14CE62334F79A190|자크로|1332
CRD_B4A60A8CA6AA4F26A2A9|윤진|1145
CRD_B550CAAE1FA843B28C47|관리인|614
CRD_B55AAC9C8A6C490FB575|갈가부기 V|1043
CRD_B4DD248887AA402E79E6048CF14A6FA5|판쵸 피카츄 (레쿠쟈)|5612789
CRD_B54A04C4DD0844DE9B5E|히드런 VMAX|440
CRD_B6033352C39D43F38651|프테라 VSTAR|400
CRD_3BEEBBBA3187450DBC7E|두랄루돈 V|1662
CRD_B55D3E9651694E04BBB9|스트린더 [퓨전]|880
CRD_6233EED5112D4257876B|파라블레이즈|3800
CRD_B56B12EB53F4412BA2DA|피카츄|9753
CRD_B5BD597A055847CBB31C|캐스퐁 태양의 모습|1820
CRD_B63836C8D4AD4235A59A|킬라플로르 ex|479
CRD_B644812335694B979583|메가샤크니아 ex|1375
CRD_B64ABBE03E224573AFE8|무쇠잎새 ex|4191
CRD_B6536EB5E85E46388EC3|타임|569
CRD_B65EED7E271E44328B00|미라이돈 ex|90
CRD_B69CC3BA1BF848229682|전룡 GX|1582
CRD_B64FC43EC8F44F108672|기선|820
CRD_9F777E2B3AF448D78288|드래피온 VSTAR|2270
CRD_B65A3E174310474CA8B8|타격귀|1480
CRD_B675C7208A854D9AAEF1|몰드류|1730
CRD_B67C469BF7EA40619E14|입치트 GX|470
CRD_B6CF092809C341D6B60F|미모사|10293
CRD_B6DC45093C334784875A|맥실러|1427
CRD_B6DCDD8B172E42A098BE|삼삼드래 ex|1702
CRD_B6F05ABED7AE47BAAD56|카밀레의 반짝임 [서포트/퓨전]|12230
CRD_B6F27325C75E414B802B|철시드|1270
CRD_B79D24DCE63448C89A53|피나|3120
CRD_B807649467B3424F8C29|고라파덕|12160
CRD_B7B757AF0B3E44FB9C36|마기라스 EX|21599
CRD_B8B69E5A34C042F2928346295A367A70|메가리자몽X ex|636730
CRD_B71401CE4CBA4FD5914C|슈바르고|1830
CRD_B7161883B756473E8D66|코라이돈 ex|1798
CRD_B7768191A68445AA8817|기모노드레스|6622
CRD_B7DB6E711CE147A8BA79|히스이 모크나이퍼 VSTAR|280
CRD_B7FFD1C826FF4A6FA025|큐레무 EX|1240
CRD_B800DDCEC18641718BAD|게노세크트 V|12903
CRD_B86D2122C72F49ECB65D|리그레|2290
CRD_B8716C15063748DF9431|삐삐|5270
CRD_B875810CC46C4134A0C8|멜리시|960
CRD_B8770884705A42238D72|토게피&삐&푸푸린 GX|10020
CRD_B87B09A888294C1C873C|네크로즈마 GX|554
CRD_B92DA5CF55D0468FB12E|아꾸왁|1010
CRD_B95C9626B4BD40E69107|라프라스 VMAX|690
CRD_B9E026BC3DF546909368|웨이니발 ex|120
CRD_BA27BAD558E64F00B129|모크나이퍼 GX|13060
CRD_BAF951CD1C52420DB08A|기라티나 VSTAR|9530
CRD_B974BC191042453495AE|부르르룸 ex|733
CRD_B9B998819A564DE3991A|마릴|7250
CRD_BA9979085F024D49906C|웨이니발 ex|480
CRD_BB2021E55A1B4B7CBE30|페르시온 GX|560
CRD_BA7E5BDFBF2443BBB5C7|가이오가 EX|65228
CRD_BA348F823BE347518A3B|미라이돈 ex|120
CRD_BAD5922B3CEB416F8E04|질뻐기&알로라질뻐기 GX|2379
CRD_BA41AC19AAAD4F04B756|비파리온 GX|970
CRD_BA7824DD9F5F4039A731|멜론|7884
CRD_BA98E92E4AFE471CB7C6|후파 ex|120
CRD_BACA0ED67D664015A669|바닐프티|3880
CRD_BB1E084CEC1F4C23BA89|유채|9038
CRD_BB2792DF08BD4BE4A1F2|M헬가 EX|5852
CRD_BB2AE88D795B4BC39A64|나인테일 V|1290
CRD_BBA44F80E157446F9E8A|귀뚤톡크 V|140
CRD_BB59547714764CE4B9C2|멜론|4058
CRD_BB580CF2765F4C48B7BB|피아나의 결의|3365
CRD_B8A04830277E4F638EBD|레지에레키 VMAX [다이맥스]|2480
CRD_BBC2E062E3384B639FA8|후딘 ex|27550
CRD_BBDFDA23088F44F3B3B8|M갸라도스 EX|21872
CRD_BBE6EFDD0952406BA8C0|깜놀버슬|4350
CRD_BC01567C0D53407F9CA0|부르롱|580
CRD_BC1C11E90BDF4F289E1A|스트린더|620
CRD_BC2AD209CF444EE7A541|케오퍼스 V|470
CRD_BC37591EA9BD4AFE9BD5|두르보|4380
CRD_BC975C84189F46CDAFBF|난천|58590
CRD_BC643F61B6A0A15DA4F179160FCF9B92|뭉크 피카츄|
CRD_BE15DB54E85D437389C2|피카츄 VMAX|64120
CRD_BDBA1831790543D0A08B|메가자리 BREAK|1750
CRD_BE8BC1ED2FFA48EFAEE0|에브이 ex|740
CRD_BCA5D115D41A4E2A875F|히스이 모크나이퍼 V|190
CRD_BDFAAB604BE94203ADDE|오거폰 벽록의 가면 ex|2240
CRD_BDD8F152587B432C9CED|음번 ex|90
CRD_BD9788C17AE247EC9735|모크나이퍼 GX|2370
CRD_BCAD270973224770B3FD|팬텀 ex|23880
CRD_BD23A2FE3D6140978DFB|테오키스 VSTAR|22150
CRD_BD598DEBF42248F3A0D7|유채의 활기|6501
CRD_BDC1ABE01CFF4D5CA326|포켓몬 매니아|9022
CRD_BE12D91B22794119B3E1|글레이시아 EX|6824
CRD_BE3F68E6C31B480581DD|배우르 V|140
CRD_BE89EA3D6FBF480F9472|지니어|2074
CRD_BE950F4C173D4903A25D|빙큐보|2850
CRD_BE9FEC8AE3E9478EB79E|무쇠감투 ex|90
CRD_BEB0E75C862E4647B482|후딘 V|660
CRD_BF6C559F974242FA94CE|엠페르트 BREAK|8718
CRD_BF68BBD0D4414170AFD2|괴력몬 VMAX|7130
CRD_BFFE0E9B11644655B42B|무쇠암석 ex|6950
CRD_BF2A02781B26488BA64B|조로아|9480
CRD_BFE18CF6495A4D4DBB92|디안시(프리즘스타)|777
CRD_BECB62345F92435AB0E2|메가곤율거니 ex|7880
CRD_BED3E8E4C2A24CE9B22C|백마 버드렉스 V|11517
CRD_BF0BAA33D5244D7D9AE4|백마 버드렉스 V|3070
CRD_BF1800988BEF4236B004|히스이 윈디 V|190
CRD_BF2EC3DA51FE45219EFA|제라오라 V|180
CRD_BF531C372C7F46138B80|가라르 나이킹 V|180
CRD_BF8B331F32534677B557|히드런 GX|470
CRD_C01B9679589B47678C03|피카츄|10450
CRD_C0A365CA88A64A5BB52A|멜메탈 VMAX|380
CRD_C12CF65370894C5581E4|스컹탱크 V|1223
CRD_C01ECCA4431A44B09D3B|리자몽 ex|1460
CRD_C183A625C76743C5ABCD|두송|2740
CRD_C09A904A2D634B4383A4|헬가|20519
CRD_C041DE21E72A4D9498F0|레지스틸 EX|7280
CRD_C0490A67B50C41B78069|레쿠쟈 VMAX|2150
CRD_8BC8EED9E7524E698C95|샹델라|1500
CRD_C14EA7DC5F234B078571|로켓단의 랜스|2074
CRD_C0757BA5FDB846169FFD|뽀삐|1401
CRD_C0B9156965764BADB0C5|레시라무&리자몽 GX|7318
CRD_C0CD75FE2CCE46389DA9|기로치 ex|120
CRD_C0DE715FF08247A1BCA3|M갸라도스 EX|22700
CRD_C120B46573824D1A87A3|회연|10918
CRD_C123706D03224508B63B|트로피우스|1270
CRD_C13EA4410A084742AAA9|앤테이 GX|2200
CRD_C196FA6AC8E54F73BCFC|끼리동|1060
CRD_C19CBFBFDA7B4814A109|복숭악동 ex|2180
CRD_C19EA4CD8F604CCE8CFA|라우드본 ex|5188
CRD_C1D0A9CD6A504D1B974A|뽀록나 ex|130
CRD_C28A0C2FB60246168A94|오롱털 VMAX|2080
CRD_C204E7C7962B4792A212|가디안|15426
CRD_C21B5D38B82C454CBA6D|거북왕 GX|3448
CRD_C317FB78E5844D49AEC5|님피아 V|860
CRD_C24816ED007D4FA3AB68|비리디온 V|160
CRD_C2779FB305824DED9533|또르박쥐|3130
CRD_C284B6140DDE4A00A093|뮤 ex|660
CRD_C2853FCE66E848CFBA00|가이오가 EX|10320
CRD_C2E4C6930E644C2D8236|네크로즈마 새벽의 날개 GX|1500
CRD_C2E5273146CB463B8905|어써러셔|1880
CRD_C31AA0E0F2D940BA9105|개굴닌자&조로아크 GX|6540
CRD_C3E80F835D1B41C5B9F7|가이오가|6492
CRD_C3CF846EB0624F398AAF|갈가부기 VMAX|2910
CRD_C3BEA4426F934FF9A7FB|세레비 V|5620
CRD_C31F1E43A61B4EC79EA3|쿡|713
CRD_C3474CAADA7145DF9485|피죤투 EX|350
CRD_C3E06830FAAA4837AB25|아리아도스|830
CRD_C3A6BDB895B242D99F32|제라오라 VMAX|440
CRD_C3AC7D22528745FE8E4B|따라큐 V|430
CRD_C3B57125A65740B3ADB8|두송|2070
CRD_C3F844BC04614855A4C4|코코리|1420
CRD_C3F5BECDAF7048508A69|루카리오 ex|170
CRD_C3BE18AFFD494670BA91|연격 우라오스 V|140
CRD_C41854F7D20E8756104AAA3F9F81E8EA|요코하마 피카츄 (283)|363193
CRD_C41CDFEEB7EE415CA1B7|질뻐기&알로라질뻐기 GX|2770
CRD_C46B76D03DCD42BEB000|올리뇨|1110
CRD_C504554B465840AAB681|기로치 ex|10700
CRD_C5460BA77BF844449364|아그놈|13831
CRD_C452FDCBD46A43E587EC|가라르 가로막구리|530
CRD_C481BCD104FC4D799A10|타로|1849
CRD_C4895FD08DDF4F6096E5|칠색조 EX|1650
CRD_C4D2295758134D1A863E|릴리에의 전력|24340
CRD_C4F64FFCE1CF446580D4|사나|5129
CRD_C512FB10DEBE4D3A9245|솔가레오 GX|1500
CRD_C52365D9FE2D440FAF36|피나|660
CRD_C53876B78A1D4CE1AAA8|에브이 GX|6601
CRD_C541F6809A4B473D8981|다투곰 붉은 달 ex|6560
CRD_C5A7D2CBC1844112AE51|르수아르|5173
CRD_C57E69F6FE4A4DE4BC7F|제크로무 EX|147643
CRD_C608BA3853EA42618657|드래피온 V|648
CRD_C5A95DC5404443948CF9|후파 V [퓨전]|3554
CRD_C5DD719E8CEF486891DB|대왕끼리동 V|1778
CRD_C59C1E27D70941A983D2|차오꿀|2890
CRD_C5AAC2405EE34F249A43|오거폰 우물의 가면 ex|160
CRD_C5B38ED6409E430EA353|디헤드|2120
CRD_C5B6D61127B741B3926B|아보크|2460
CRD_C5C15088983B4338BFDC|이상해꽃 ex|270
CRD_C5C509526A7B4DBFBF80|제빈|3170
CRD_C5FD1D1E4E924008A6FE|라이츄 V|460
CRD_C6416A62FDD4411AB1F8|오거폰 벽록의 가면 ex|5746
CRD_C64D32F3DC3143B1A26C|페퍼의 요씽리스|1000
CRD_C64D8A288A1E49DABD3B|이브이|7570
CRD_C7743941CB94475DBB80|메가곤율거니 ex|1090
CRD_C6A1E00432684413B13B|큐레무 V|2413
CRD_C7E2B077171045C69387|꾸꾸리|830
CRD_C7804ACB352A4684AF39|비리디온 EX|6263
CRD_C6E94E4673E846D48583|기기어르|1460
CRD_C7EE29160ED94C72BB44|이슬의 의욕|7403
CRD_C7C3982EEEB34C529318|킹드라 EX|3882
CRD_C656819F71EC44B19DD9|로켓단의 파이어 ex|4093
CRD_C669300AD32E4E5D86B4|드래펄트 VMAX|1240
CRD_C684704D87BF4D358292|벰크|1340
CRD_C6AC87E03F394758932B|망초|1488
CRD_C728A90398A04DC9B105|백마 버드렉스 VMAX|3700
CRD_C73541F8726F4E58B333|테오키스 VMAX [다이맥스]|19430
CRD_C74290D9A640465F8C18|엠페르트 V|42785
CRD_C7E6727225AD4AC8B1EA|레지기가스 V|140
CRD_C83501C3B7174EAD9B11|백마 버드렉스 V|210
CRD_C9D88D4A7D0741C89301|석탄산|2589
CRD_C99C51CB2CCA447FBB9F|자포코일 V|1375
CRD_C8796B366D1E44C889CE|박사의 연구|1669
CRD_C93F0C57CAE5425995FA|저지맨|1570
CRD_C89D33E80FC541129360|플라드리|6553
CRD_C8964D5114084013857C|어써러셔 ex|795
CRD_C927EDBD33EB444EA017|아이스크|970
CRD_C84ED2B9A3F04FFF9591|아르세우스 VSTAR|10941
CRD_C84CD0D4247C45DD9DA2|피카츄&제크로무 GX|8410
CRD_C84E53788D884322B54B|짜랑고우거 GX|1390
CRD_C876DFB3D3DC4A038B06|카푸꼬꼬꼭 VMAX|620
CRD_C932B86214B443F7BF18|N의 방안|20000
CRD_C941F30AB1514C58AEC3|후파 GX|980
CRD_C94514D16A7E46608874|대로트&야느와르몽 GX|10375
CRD_C94913B9843F44CAA1C8|부스터 EX|57780
CRD_C9610AAB6E5FBA4645BC4011ED62CF41|고흐 피카츄|1534203
CRD_CA5C4ACA8C0944F9A611|팔데아 켄타로스|1330
CRD_C9FA55B6A1CF478FB8C3|냐스퍼|1610
CRD_CA30FFDBDA9E4F959E75|수철|1710
CRD_CA044084B6894F7F9764|이올브 V|1747
CRD_C9E479C530F64962AF8B|스트린더 V|140
CRD_CA5B1279C7ED42C78594|라프라스 VMAX|3500
CRD_CA8815FCA7DF4BD3A509|드래펄트 VMAX|1690
CRD_C9F47C155D5849A7A956|체렌의 배려심|2452
CRD_C9F48C426CE14CFFA191|이상해씨|22250
CRD_CA05CA30ECC64AAA9103|M엘레이드 EX|12133
CRD_CA1450D6F122424A81D0|오리진 디아루가 V|180
CRD_CA3282A90EA344D18DDD|무쇠무인 ex|210
CRD_CA3D4EFF79314B22B0F0|따라큐 ex|270
CRD_CA411E680E6F4183A00B|바오키|3060
CRD_CA8791D1D7B746459F70|파오젠 ex|2744
CRD_CAD2C5AC7AFD4C08A84D|디안시|1460
CRD_CAEF24E4F3E04F20A205|썬더라이|800
CRD_CB04FE06D4DE4ECAB7C5|몰드류|1120
CRD_CBC210FA642F420A9902|금경|1053
CRD_CC1A5C8DB888413B9C1C|이야후 ex|3520
CRD_CBBC687119FD4B25A45C|타라곤|1646
CRD_CC3897BA1A4C4B138E6A|로켓단의 크로뱃 ex|2103
CRD_CBDDC3FDCA774193AB14|레시라무|25485
CRD_CB183CE3466F4730A71D|모래털가죽 ex|1830
CRD_CBCB333E225D4F5DA095|타타륜 V|2238
CRD_CBD74C6D3997478C92A5|릴리에의 삐삐 ex|58640
CRD_CBF98258CCE3480F901E|지라치 GX|3632
CRD_CC0F23B6FAC346E58A02|스컬단의 조무래기|1901
CRD_CC162A31A5C74A9FA602|테오키스 [퓨전/일격/연격]|4700
CRD_CC3A107170E0419E98DC|후파 GX|959
CRD_CC4FD534DFA941C6B7AF|대여르 V|180
CRD_CC7458EF5365429CB168|괴력몬 V|2990
CRD_CCC2D6D574104829BBDF|N의 제크로무|2450
CRD_CD013DC1D5D04AC8B637|에브이 EX|14900
CRD_CDD3B1A97A91417B9277|일격 우라오스 VMAX|8150
CRD_CCEB4346B9854D20B752|볼트로스|940
CRD_CD4628B3429A420A9319|일격 우라오스 VMAX|410
CRD_2A1817BBD07C4C22A018|나오하 ex|260
CRD_CE167D5150A34D07B7AF|리자몽 V|83480
CRD_CD4119F42E874BCAAF3B|가라르 메더 V|280
CRD_CC97B2FE443A4CA09615|네르케|237
CRD_CD533CB08B8E4E75BD7E|염뉴트 GX|522
CRD_CD657B6734F646DD9398|라이츄|8690
CRD_CD7EF632BD004AA79742|아머까오 V|4000
CRD_CD86338BE2A54676A3B5|큐레무 V|230
CRD_CDEC77ACD877490BB161|라티아스 ex|2937
CRD_CF7FB771410741039C30|안농 V|12971
CRD_CEAA3C84AF6D4EE4B6F1|음번 V|33817
CRD_CFB01788E84D4E84B002|백마 버드렉스 VMAX|320
CRD_CE2516E395224ACA9D34|흑마 버드렉스 VMAX|3950
CRD_CF31B0FF74A849A2B69F|블로스터|710
CRD_CE2F437D2073455CA89E|루주라 ex|1440
CRD_CE3692D573244C4CB4EA|주혜|11765
CRD_CF1795DF299B46889CA1|음번 GX|459
CRD_CECA6BC4887D4E72992B|위유이 ex|120
CRD_CEE20BD28DB542FEB5E3|야돈&고라파덕 GX|7867
CRD_CF300350E3954689842D|자시안|920
CRD_CF6F85E730554DB796E4|다크라이(프리즘스타)|7360
CRD_CF7C7828EFFC49579A10|유채의 활기|2985
CRD_CF9F8888EB1242B69BE6|메가픽시 ex|220
CRD_CF5D258E4C4326F86707666D9357D5A2|요코하마 피카츄 (WCS)|1894000
CRD_CFB59A3E266F4A7B8E84|자시안 V|160
CRD_CFB2CC925A0E4568A262|망나뇽 VSTAR|780
CRD_D00A4D4EA8DD49B1B244|네오라이트 V|8300
CRD_D0F99DC13CF34DFD957C|오리진 펄기아 V|330
CRD_D07E561E30914540AD43|자포코일 V|170
CRD_A2BF0189A7944E14A265|밀로틱 V|7593
CRD_CFB1F9B2BF5A4F108B32|킬가르도 V|2204
CRD_D05CD67F8E8E4364A643|가라르 썬더|1020
CRD_CFECD5DF978944579DA4|드래피온 V|2490
CRD_D0EC868873694B81B52F|시트론의 재치|3100
CRD_D0C1C5D1A0D94833B4EC|아고용 GX|1188
CRD_D041ACC237314A96985C|맘모꾸리 ex|110
CRD_D0431A834EF34574BAAD|루기아 GX|4880
CRD_D0DC8DD763A74B918833|청목|919
CRD_D0443324171B2CC0D77258357000A417|스탬프박스 피카츄|2729029
CRD_D1177926ABA14B70B4E9|번치코 V|190
CRD_D1410E1858CE4B84814D|카푸꼬꼬꼭 GX|410
CRD_510E12E6D5CD417197BF|굽이치는물결 ex|16100
CRD_D1558B6044BA433EB434|스트린더 VMAX|560
CRD_D18C8870DB964490B498|히스이의 동료들|1942
CRD_D1D4CE75EC474976A7DF|코터스|850
CRD_D19E69BE367A43128A5D|사다이사 V|280
CRD_0F804851962E40E59955|야돈&고라파덕 GX|17280
CRD_D1651B27D22047C4A81B|삼삼드래 BREAK|1230
CRD_D1A8C3F081B74BAE8414|삼삼드래 ex|592
CRD_D1C565DB2FFB4163BFFC|배쓰나이|1620
CRD_D229BF26FFF94E27A4FE|란쿨루스|1880
CRD_D2495E3800AA46048DEE|라우드본 ex|120
CRD_D2A40714424C4D3E9F8C|비주기의 계획|4938
CRD_D2518F5B122F4451AB0C|플라제스 EX|3057
CRD_D2A4A914128D48B19C2B|뽀삐|1139
CRD_D2B8F12F00094BD88632|피카츄 V|26500
CRD_D2BCEBD902BB4EB7B230|과미드라 ex|1080
CRD_D2DB42A5C2EF4407A186|메가장크로다일 ex|290
CRD_D2F3D6C50BA14B39ADBA|번치코 GX|11100
CRD_D2FF712DE7F2490F83AB|액스라이즈|5480
CRD_D314F766A59B4473933E|리피아 V|370
CRD_D333E4DB73424513B205|쥬피썬더 GX|1990
CRD_D340A905D2D643CC9360|M독침붕 EX|17150
CRD_D3439179FAEB461CA903|코르니의 기합|2097
CRD_D3D3847CAB9D4F80B987|칼라마네로 VMAX|2866
CRD_D3A35E24EA494A63BB44|비트|2097
CRD_D3A4176E71AC47AFA6EF|전목|705
CRD_D3BC0E4C755C49AD83CC|자시안 V|9510
CRD_D417586C8E26486E94D6|폭거북스 GX|2950
CRD_D36A8D255E484367A01A|메타그로스 GX|720
CRD_D36DD4F7F2DC45FBAE2B|달코퀸 V|654
CRD_D3997BEB72104CE08418|모르페코 V|7418
CRD_D3E4B12ED8094D568982|마기라스 GX|8112
CRD_D3E88C25E8B642E3BF45|우렁찬꼬리 ex|879
CRD_D418EAC3260E430DB338|낚시꾼|863
CRD_D43499400639421BA34A|한카리아스 EX|4582
CRD_D434D4DB501B4AF68A68|두파팡 GX|760
CRD_D458688E4CDC4D52858A|고릴타 V|510
CRD_D462517CFC6F4930A7AC|무한다이노 V|180
CRD_D4672A5ECC0F45DABED3|보만다 ex|18570
CRD_D3B2F8E6629F414DAAA8|지우의 피카츄|63603
CRD_D4963DE8F541495794EE|이상해씨|13251
CRD_D4E922F147AB4D8DAF9B|비리디온|3823
CRD_D472EEFEF45D4225A0EF|텅비드 GX|7310
CRD_D5532CF1B3D74D75938E|엠페르트 V|4510
CRD_D55D68F136FE4493B753|엘풍 VSTAR|3180
CRD_D48A0477EDAA45118306|망나뇽 VSTAR|11190
CRD_D4CFC33A07144C65A793|멜탄|830
CRD_D59A0E499FD44F4199B5|메더|1160
CRD_D4E8EA5B4ABC4CE4803E|M번치코 EX|41786
CRD_D4EFCEF0EEB948B7B754|아고용 GX|1180
CRD_D4F9A637FFAE4231A8CB|굽이치는물결 ex|140
CRD_D57859CD4BA84DEEBC5A|루카리오 VSTAR|9689
CRD_D5801F6F54714BE18F81|레드의 도전|35827
CRD_D5A3208DB5D642528B68|세레비&이상해꽃 GX|10109
CRD_D5BD1DC91C304D4CBBCD|무쇠잎새 ex|110
CRD_D5CA1113067244059C35|알로라 나시 V|200
CRD_D6012E58494D4846B6FB|기라티나 V|330
CRD_D629521D90F54884A73E|유카리|10730
CRD_D6A4F6C77AFF466C95D9|거북왕 ex|6800
CRD_D73A0A8616924CE0A63E|스쿨보이|2040
CRD_D6CB6207F6D64F1A980C|오거폰 벽록의 가면 ex|6870
CRD_D602C3182737420E823B|볼트로스|1868
CRD_D676436BD48549B1BEBE|마리|11811
CRD_D63C03AADD7045929DC0|카푸꼬꼬꼭 VMAX|2456
CRD_D5E768346B67472EBC09|유채의 활기|9544
CRD_D6CE520A6BA64DCF916E|리피아 V|25390
CRD_D7065DC67F244D799293|테라파고스 ex|120
CRD_D7410D338CA64CF1BEC4|모토마|1060
CRD_D7976C3F939248F7A2C3|네리네|643
CRD_D74B2BB02D9740569EEB|노고고치 ex|100
CRD_D7574728F6AB49FEBD4E|님피아 VMAX|17470
CRD_D82F080A60144D05A9D5|이야후 ex|806
CRD_D7B60917E9F749A78D85|피카츄&제크로무 GX|11840
CRD_D7B9B3BCB4264919B5BC|투희|4431
CRD_D7D333F402E247A68ADE|루가루암 GX|8910
CRD_D7F007D1EFC04DE9A1AF|뮤츠 EX|7553
CRD_D7F264F5E2C34408ADC5|멜메탈 GX|520
CRD_D805B78A8EC145518EBF|이브이 ex|30800
CRD_D80851B52D9A43F59EF6|갸라도스 ex|330
CRD_D8668F914B2643658274|주즈베&담죽맨|5729
CRD_D86A3315CB974B96A9E6|귀뚤톡크 V|160
CRD_D97F8DEBE01544ABAA7E|코라이돈 ex|16100
CRD_D8CA3FC24E11442D97E0|빠모|1460
CRD_D956254FB2F5419D85EE|규토리장인|3324
CRD_D87B1708EDCE4A669223|망나뇽 GX|3712
CRD_D88B69F2CCFC4DF587DC|샤로다 V|10958
CRD_D89AE69557754704BE5B|로켓단의 람다|4510
CRD_D89C085C68AB427DB734|보만다 GX|2370
CRD_D8C1902727604BB699E2|팬텀&따라큐 GX|94620
CRD_D8DEBF9FF3D14AEDADAA|스트린더 V|1110
CRD_D90EA6EE600D4876BBB4|드니차|3150
CRD_D917D157475747FCB7AC|가라르 창파나이트 V|2153
CRD_D92373A46C9C4F6FA162|페로코체&매시붕 GX|1510
CRD_D934A1F32E1645DE8BCA|나인테일|9790
CRD_D94E04ECD5514CC887E1|수련|11369
CRD_D95254F3729941B9B6A6|루가루암 GX|1440
CRD_D96E0DB78D214574BD54|로즈레이드|1110
CRD_DA068974AC734E7AB608|야나키|2000
CRD_D9AD2D4FCCF34C3D93DB|블래키 EX|30032
CRD_D9FD0C12886E494286DB|쉐이미 EX|10606
CRD_DA27591B04B940C980EF|버랜지나|1910
CRD_CE735FF66AA14F35A904|샤로다 VSTAR|4670
CRD_D9D84E45DE404ECCB835|모스노우|8023
CRD_D9FDD63E25B848EAAE06|카푸꼬꼬꼭(프리즘스타)|376
CRD_D9B3211985F34D18B014|신비록 V|130
CRD_D9F3370BA1BE476D89E2|프리지오|1530
CRD_DA900EAAF6EA496AA465|몽나|4810
CRD_0FF5866665394D78AEEA|가디안|3890
CRD_DA547219871F4A868241|하솔|2240
CRD_DA8736447EB24766A712|갑주무사 ex|750
CRD_DAA647C583CD4B3182C5|독개굴 EX|1030
CRD_DAA6AB20B9FA4E75BA0C|썬더 ex|3550
CRD_DAF9334F2EBE4F959019|그란돈 EX|5700
CRD_DAAA4A279BCD415190D0|팔데아 우파|1790
CRD_DB00069D3B2C4916B373|켄타로스 GX|833
CRD_DB67FF4AD9D943BF9366|라티오스(프리즘스타)|1077
CRD_DB1896C047CE499EA48B|오리진 디아루가 V|32689
CRD_DB0F99DBDC074D509C4E|어니언|7137
CRD_DB44D404633141DBBC80|두더류|1180
CRD_DB1EE27B66F247D18E05|M엘레이드 EX|9540
CRD_DB277DCB29D047D6A9C6|쿠쿠이박사|1333
CRD_DB2FCD2BE6764FDC8AD2|포켓몬 브리더의 육성|3922
CRD_DB63CA7CA3E74E61A7ED|보만다 V|570
CRD_DB71489497854EF98781|M가디안 EX|10681
CRD_DBCFA7ECE36342E69356|리자몽 EX|2205
CRD_DBD0BA8810234F79AE76|메가입치트 ex|160
CRD_DB83FAE5579D41C28206|자포코일 ex|140
CRD_DBB7B7B124384146B708|루카리오 GX|42440
CRD_DB83835D9CEC4025A0CC|루가루암 VMAX|770
CRD_DB8B895CEE0C4F1D99AB|고래왕 EX|11884
CRD_DBA4E957DBAD4886B117|세이지|600
CRD_DBCCC554027A4F239EE1|눈여아 ex|1274
CRD_DBE064C8AC1C4B42B193|미라이돈 ex|8897
CRD_DBE075DCBF884295B389|그란돈|13110
CRD_DD06C8FFD2E54F1D8E3A|기로치 ex|8100
CRD_DCC8CEBEBF3C4B9D88E0|레오꼬|870
CRD_DCF9C516EF5F46D3A23A|메가루카리오 ex|43560
CRD_DBF5F6102B314663AA38|루기아 VSTAR|1510
CRD_DC67C08A742F4CD7BB2D|사다이사 VMAX|420
CRD_DC3CA236843E44299775|루주라 ex|180
CRD_DC46034507A149F9A1E5|레쿠쟈 V|150490
CRD_DC74E397CD2F48098A04|갸라도스 EX|14550
CRD_DC7B1F9CDDF44E588CD0|미라이돈 ex|1488
CRD_DCA22E7A661545CBAC0E|펄스멍 V|4430
CRD_DCC37C7FE5CD4264A5A1|피오니|952
CRD_DD6F191F02AB496F8456|암스타 BREAK|640
CRD_DD9A110694644BF0AA91|코바르온 GX|1781
CRD_DE1AC8F1848D4F84A6C9|고릴타 V|900
CRD_DD9456F36A4A40BFBA2C|뽀록나|5080
CRD_DD8827F892AE449986D4|파오젠 ex|160
CRD_DD0DF5ACA37B41DF8B8C|날개치는머리|800
CRD_DDAA23F00D9A45A3A417|시아노|1060
CRD_DE0D19741C6C49AEA3F8|모래꿍|920
CRD_DD17001A86F04AFDAF09|단지래플|1430
CRD_DDA35E539E7A4A1C897D|가디안 EX|21252
CRD_DDA4F682B05845128805|칼라마네로 V|640
CRD_DDAB514715144497A380|히스이 대검귀 VSTAR|4954
CRD_DDC143852534B415787C|아르세우스 VSTAR|77230
CRD_DDED4EDE29E446F7B0C3|릴리에|12615
CRD_DE35A5AF533342F99E35|하푸우|2833
CRD_DE454A6B91944E2B8AD3|로켓단의 공작|5181
CRD_DE6ADE7BA0D1404C9EBB|심향의 마그카르고|680
CRD_DF32332FA0B44D189C38|라티아스 [퓨전]|4050
CRD_DF6D7BB6800645AC8C68|스컹탱크 V|5276
CRD_DFD109D6FD144DB3B19C|브리무음 VMAX|410
CRD_DF65A340F5804E30A359|붐볼 GX|2434
CRD_DFD865A2FA88435EBF11|디아루가 GX|1810
CRD_DF5E783CC8444CCFA94A|일레도리자드|440
CRD_DF4775DD63D8489DB391|심보러|2020
CRD_DF5DDD6AC39442A9B8EC|메타그로스 EX|13144
CRD_DF8A429C70554B56B314|쏘콘 ex|682
CRD_DF94CDB2489A49698586|대포무노|1130
CRD_DFA86BCCB5434D858268|레시라무 GX|3030
CRD_DFBD272AF9C64329B300|뮤 V|11984
CRD_DFC0FCC5B8EB4F1FB812|히스이 블레이범 V|310
CRD_DFCF50A9D81E409E9EB8|그란돈 EX|21952
CRD_DFD10196385043FBAE04|누리레느 GX|3380
CRD_DFDF0BC26A204FDE9CDC|님피아 GX|16066
CRD_E0218102B7A74B0FBB22|피아나|15299
CRD_E0CDED654814435D8051|에블리|1040
CRD_E14A48ED116544BFB915|모르페코 VMAX|14570
CRD_DFE572539BEC48CCB019|오리진 디아루가 V|3039
CRD_E0F3C75EE01E479C9004|왕자리|950
CRD_E02E2D38E06C4D3AACF4|라플레시아 GX|8220
CRD_E0B7B2CAE21042C6B89C|도희|2980
CRD_E0504F647D66433CB038|비퀸 ex|120
CRD_E07E47F969DF425B88E9|골비람|1630
CRD_E09FFF926F714D9E8A49|리피아 VSTAR|570
CRD_E0F313BE00484CB282A2|오거폰 화덕의 가면 ex|140
CRD_E0FCA833B512419795E3|할비롱|4140
CRD_E0FD9A9CCE8C43758447|코라이돈 ex|150
CRD_E10B1FAB841247CA967B|네리네|1350
CRD_E13F6EAA1F7541A9841D|M거북왕 EX|23230
CRD_E1885E2AE59048FFA835|파비코리 EX|2710
CRD_E17AC037337F480F9F4D|에브이&테오키스 GX|8247
CRD_E2BB1FFF8563469E809D|큐레무 VMAX|3700
CRD_E1816DF5DFB04C90965B|동탁군|1510
CRD_E1953E99F0A344F5ACBE|로켓단의 레트라|1220
CRD_E199C322E0DF4D0A881B|무쇠손 ex|665
CRD_E1A0B45DD087457B9796|로켓단의 니드킹 ex|35610
CRD_E1A820C6EE18441B99E2|연격 우라오스 VMAX|380
CRD_E1D8518B742042F6B3BB|솔가레오 GX|1598
CRD_E1E6E75117094118B157|케르디오 GX|470
CRD_E22C2110EB8743EFA3E1|팔데아의 학생|412
CRD_E2301D1F50D64882BF93|타로|3240
CRD_E2324AA3478B4F09A915|위유이 ex|140
CRD_E26D2432BB194094A890|토게피&삐&푸푸린 GX|24975
CRD_E27171EB9F484C6AA129|조로아크 GX|1440
CRD_BE82877EE7B04D848D1B|망나뇽 GX|5070
CRD_E332BE039B64482B83AD|M샤크니아 EX|28230
CRD_E35983B2ADA24AC889C1|찬석의 활기|5143
CRD_E393141F815D413DA629|루주라|1140
CRD_E2C122D990CA490FAF7E|억새|470
CRD_E3C661DEECDE4AF6AB74|심향의 칠색조 ex|2492
CRD_AE2BFD3AB7764907BA33|악식킹 GX|1690
CRD_E2D10B6BD1CB4538A46D|니드킹 BREAK|970
CRD_E385CD17340F406F8B5F|형사구스|710
CRD_E30CB17C7E4749BD9111|오거폰 우물의 가면 ex|2200
CRD_E3686CE5DF604BB1A1AB|블래키 VMAX|3740
CRD_E3928DC52944458BBFCE|리자몽 ex|158190
CRD_E3AC52EB71E245EEA841|헬가 EX|2270
CRD_E410D811910849CDAFFA|크로뱃 V|170
CRD_E4C1A15E591E42F1AB64|위유이 ex|1054
CRD_E435A503560845A4897E|칼라마네로 VMAX|720
CRD_E4EBDAAC420B49DFB73D|비크티니|1961
CRD_E4BD8403FAAC4DE5A8FE|히드런 VMAX|2920
CRD_E575B2AE33B442F687B3|목호|1997
CRD_E42CBCBC0D104814A10B|더스트나 V|3179
CRD_E4D0E0A32E434B4396AD|박사의 연구(매그놀리아박사)|2139
CRD_500998CEAE8F48BE9DA0|큐레무 ex|14940
CRD_E55586307A664832B969|음번 ex|908
CRD_E54D728D4E4B4DE8A640|카푸꼬꼬꼭 ex|120
CRD_E477534743004D15A397|진주몽|940
CRD_E500DF40158C4A7EA42A|꼴깍몬|1800
CRD_E489FF5E6B654755AC1B|치라미|5750
CRD_E50466E481104F58984B|비파리온 GX|981
CRD_E506A487DE8C45099602|루가루암 V|420
CRD_E5592716F10843B68C39|다크라이(프리즘스타)|9330
CRD_E57DB3482F514CE09A11|자시안 V|6500
CRD_E5C703C11C0E4FC2AA91|뮤|17440
CRD_E5D836B0FC0D43E289F9|델빌|1340
CRD_E624293C3C374000B9C3|블래키 ex|22563
CRD_E6B55319FE274485AB2C|테라파고스 ex|4914
CRD_E736F5863DF84C0B836A|무쇠바퀴 ex|320
CRD_E6B830D04BBE49598E61|제라오라 VSTAR|320
CRD_E5EA343F391542008AAD|헤라크로스 EX|3568
CRD_4E35CE088AB142C69436D3D5EB25F6E7|카르본|700
CRD_E604CAA8F82C48FB8EDF|사마자르 V|170
CRD_E623C3E3D8334A58BE38|대도각참|1570
CRD_E63A3661A70B481E984A|라티오스 EX|12743
CRD_E68B9BE86070484B96AE|가라르 날쌩마 V|28569
CRD_E6931B5F136B4A32907D|케르디오 ex|100
CRD_E6D7C7AE46B14C2281ED|아고용&악식킹 GX|2373
CRD_E71149545CE345E28C39|요가램 ex|90
CRD_E72D415657964CCC8728|크세로시키의 속셈|850
CRD_E7395C5E013648CCB64B|땅을기는날개|860
CRD_E752F21DDE8C47718A45|포플러|805
CRD_E7FBED3E79AE4C2C829E|전룡 V|3901
CRD_E7613911A4194A1BB1CF|클라벨|609
CRD_E7E9F14138BB48D8A18A|마나피|1810
CRD_E79D379B22204F5A8CB8|마임맨|1300
CRD_E75C01B1AA4F453B9553|가디안 EX|1900
CRD_E7A9269390E346AA93B3|플라이곤 GX|1600
CRD_1507A5C6549C48B1936B|마스카나 ex|2182
CRD_E7D432CCBEF747E0BD9A|알로라딱구리 GX|1950
CRD_E770C792A1574872A1A8|화강돌|1340
CRD_E7759AA33E7B4CA9AE03|피카츄 VMAX|3220
CRD_E775D88E4E3048DFB1F1|아로마 아가씨|2240
CRD_E778C735BD9241BE810D|액슨도|2710
CRD_E77C9D8E174B4348BB30|두랄루돈 V|15822
CRD_E81D96E28ECE484B9F6F|두파팡 GX|1040
CRD_E8813064F21A409D8BEF|탱그릴|3080
CRD_E853F7CFC656494D9757|작업원|1552
CRD_CFE73FBE9D9E4EB0A6BA|스트린더 ex|958
CRD_E930F6192B8A47DA8248|카푸브루루 GX|1075
CRD_E8ACEC3851F54A53AEF7|케르디오 GX|2566
CRD_E8C26AA9E84C4C10AF9B|날쌩마|1710
CRD_E8C45BEBEA1E4589A70E|두르쿤|2740
CRD_56347219393547F19FCB|레지드래고 VSTAR|5430
CRD_E8D78BF9E79942FD96A4|전목|2140
CRD_E8F5B14A895540C6860E|제르네아스(프리즘스타)|2520
CRD_E87E061502334A9C87ED|지라치(프리즘스타)|1538
CRD_E89AEB260280462CBB85|짜랑고우거 GX|2360
CRD_E942132314EF46888CF0|프리져 GX|1920
CRD_E95B8B1938F2446E81DD|기라티나 VSTAR|133050
CRD_E977782F22B64633B5B6|데덴네 GX|1340
CRD_E9757BBCE7C34C4E8BF8|브리가론 V|160
CRD_E9ED1194D08E47B8B587|오리진 펄기아 VSTAR|9241
CRD_EA1B94320A2645EFB446|아가씨|3210
CRD_EA3CF1FA1069431480A0|규리의 눈빛|1156
CRD_E9D3C1D6A844432A836F|모래털가죽 ex|4220
CRD_9A44D06692124A76B84D|크로뱃 V|380
CRD_E9A8685418094D9BB850|야적 세 자매|2252
CRD_E9A371AEF72043A7881F|M핫삼 EX|9277
CRD_EA083C360F684B138684|알로라나인테일 GX|3861
CRD_E9ED6DA4BDD449AB99F2|나옹 ex|6669
CRD_EA4685C2802E4DCCB4EF|도나리 GX|671
CRD_EA5F6C24062E430A8964|마라카치|590
CRD_EA0059F230D4B436EAE5B890AB606333|판쵸 피카츄 (리자몽 Y)|
CRD_B08CE2F4339B49479056|가디안 ex|180
CRD_EA905CA3CB62491A8008|오거폰 화덕의 가면 ex|4540
CRD_EACBE2D928F948BD8911|마피티프|960
CRD_EB501A4CDBF645CBA027|비크티니 VMAX|9330
CRD_EA7AEBBE89AB4A4A8E52|리피아 VMAX|44690
CRD_EA7A6952A04B47458EA9|고릴타 VMAX|360
CRD_EB0B165D0A7148E4ABE6|네크로즈마 새벽의 날개 GX|1360
CRD_EB1A8BB5303F41F8BA2A|프테라 V|230
CRD_EB3221AC11114113A24A|라우드본 ex|590
CRD_EB69DF756D1A4E6F94D1|스이쿤 V|500
CRD_EB7841DA056B401A80EC|바라철록|5160
CRD_EB793D839B1B4D889867|가디안 GX|3470
CRD_EB7BA018582548A78372|페로코체&매시붕 GX|22070
CRD_EBB9B2B17E4B4CE2B894|단단지 GX|1905
CRD_EBD42C41C2234325941E|무쇠무인 ex|11350
CRD_EC410684A6FD4E888271|뮤츠 V|38462
CRD_EBCFDCA7F49A46F69C45|주리비얀|5290
CRD_EBE8945758B043ACB73E|사다이사 V|564
CRD_B2E952D4AF8A4AED8F98|스트린더 V|400
CRD_79DAA61E0E0E4DB6B833|토네로스 VMAX|3690
CRD_EBB3E239BB7D4066A689|맘복치|2560
CRD_EB9C07F79DA046F0824B|가디안 EX|4233
CRD_EC62C637F8664F9692A4|드라꼰|800
CRD_EBD05116E1CE442AAF4E|피죤투 ex|13840
CRD_EC2A05A657CA48619633|칠색조 GX|2050
CRD_EC412671D4E6458C9C17|자시안 V|150
CRD_EDEB10E56C1B4F3F8691|야나프|2800
CRD_EE3B2C43337E4C148163|드라세나|705
CRD_EC86C750F0BF4F198ECA|눈여아 ex|130
CRD_EC8BBD7D28E54F38BB67|M뮤츠 EX|24760
CRD_ECCF09117F0E4F4BBCF1|히스이 조로아크 VSTAR|22928
CRD_ECE7FABDE832461FA694|M팬텀 EX|92570
CRD_ECF4D706A0EC47988C66|글라디오|3881
CRD_ECFFCF9519AB47AC8F10|파비코리|5390
CRD_ED8BDC8A7A604D6886A4|꾸왁스|1810
CRD_3DB28C7FE7014FECAA07|의사|4080
CRD_ED93EAA08A3044DEADE1|제라오라 V|6230
CRD_EE2EA1C36FA84838903C|금랑|2586
CRD_EE3C7F73629F436FA9B6|비주기의 추방|1121
CRD_EE9DBDB6BFC24FC08B14|묘두기|770
CRD_EED352CAE96C4D95B2C9|개굴닌자 GX|5352
CRD_EF1580E2B034449EBA2F|고오스|17110
CRD_EEFAD8CB8F514886AAEF|사구아로|4470
CRD_EE75B6D586D64FF6980F|파오젠 ex|5388
CRD_EEB4000CF829493595C7|아케오스|2420
CRD_EEC58A640DC4464EAF59|이야후 ex|100
CRD_EECF74BA4EA14E1AAA42|에써르 V|730
CRD_EED41E4D3D804537A93A|바오키 VSTAR|200
CRD_EF3512D636064758A7B4|메가개굴닌자 ex|780
CRD_EF5C5CC933FE4D72BAF1|으랏차|1020
CRD_EF91E183AFB348229113|성화|2810
CRD_EF941452F94747E4BB8D|다크라이 EX|4250
CRD_EFA2913DDB894495B285|윽우지|800
CRD_EFAFD20CB50748A8B046|무장조|1260
CRD_F059826D9F804C1B83A1|드래펄트 V|1670
CRD_F03763FBF2254275956B|M썬더볼트 EX|1720
CRD_F0387563D342474298CC|샤미드 ex|33190
CRD_F059AEB6384A40B69CA8|만마드|1020
CRD_F02E1EB24B864CCCB328|아고용 GX|570
CRD_EFC2C3BACC80463C9CF8|마빌크|3450
CRD_F14BD93ACD694043B8B1|성호의 메타그로스 ex|18510
CRD_EFFAAF3652A343819720|이슬&칸나|46421
CRD_EFB6E86E4BF24527AD76|비파리온 V|740
CRD_F04EAB8226244033828C|팔데아 토오 ex|130
CRD_EFEE7C6C9BA44AF98AF2|이상해꽃 EX|1337
CRD_F0E60A047F1142A5AF30|위유이 ex|18510
CRD_F16DED4EF2094676A83D|야청|7298
CRD_F1A4D587B8EB4C4FB97A|어치르돈 V|1499
CRD_F209CF50AD384B7A907F|눈꼬마|650
CRD_F1A3157631DF446BA533|루가루암 ex|170
CRD_F2744B20C8FD43B5BCDD|대로트 VMAX|5830
CRD_F24F4B7A40724DC2856C|대왕끼리동 VMAX|960
CRD_F158AE0760914258A50D|쉐이미 VSTAR|3740
CRD_F170955B3BE1433FA4C2|메리프|6650
CRD_F17E3DA3317A4B978E20|박사의 연구|3700
CRD_F1C11C21E33A42B397C1|세레비(프리즘스타)|607
CRD_F1CB7ED5CD064F76B004|M헬가 EX|12361
CRD_F1FD80B31AEA4EBCB6A4|카지|11090
CRD_F21447D57D74494F983B|순무|1832
CRD_F219617CBAE84E76BDFA|데스니칸 ex|986
CRD_F21F17A22F0747FB9F82|아머까오 VMAX|3690
CRD_F231F0C3861143839BF7|가라르 나이킹 V|7576
CRD_3AD11F4FC02E4D89B3FA|펄스멍 V|2723
CRD_F2780FF8888D4EC99BCC|메가캥카 ex|1934
CRD_F28F173457F54FE4BE06|번치코|1770
CRD_F3810D112236407E9EE6|히스이 조로아크 VSTAR|5460
CRD_F30AEC33313345B18B06|아킬|2085
CRD_F27C7CA2257D49FAA563|주리|744
CRD_F2B549C5105449D9BAD4|라프라스|4750
CRD_F31E32105A2B4456AAF1|테라파고스 ex|1685
CRD_F2B5F8F16749426C855A|자마젠타 V|7176
CRD_F2E16951A6FE43BF990C|라프라스 V|280
CRD_F2F526A3A5F244D59FCF|사철록|5080
CRD_F35563D1D34443BD8590|심보러 GX|350
CRD_F3CC2FAC2F1644BCBC80|독개굴 ex|817
CRD_F2CFA15607F1FDEA1BCF0CF34AD4E71C|판쵸 피카츄 (메가도쿄 2)|
CRD_F3D10A6AC6D949C88832|보송송|3000
CRD_F40F80C9CA87094FB525D9D9A3C25C9E|마리오 피카츄|
CRD_B195304202EC48F1BD65|파쪼옥|3940
CRD_CEA9EABF38B14FBBAF02|스트린더 VMAX|890
CRD_F42A2FE92E69499F8449|캠프파이어|1430
CRD_F491AB110ACC4046A312|국화|1710
CRD_F40170A3F05A4F7ABE38|따라큐 GX|8015
CRD_F420852AE6A24B65BF0C|킬리아|7120
CRD_F4376F40A1924C9FADCC|샤미드 V|2970
CRD_F42BA8F04DBE4AD9A8D0|망나뇽 V|580
CRD_F478BDB80D9C462FA591|모크나이퍼 GX|1411
CRD_F44F3EDAA2CA41CB89C5|펄기아 EX플라스마단|82695
CRD_F44C2F2640AB4792CB65|포켓몬 카드 페스타 피카츄|3314500
CRD_F414A783F97B45F0A953|기라티나 V|370
CRD_F4AB8722DDB74A15A654|램프라|3760
CRD_F49E3C984D174548B44E|큐아링|780
CRD_F51AD119C51A4A119201|호브의 자시안 ex|10490
CRD_F51E0298D1094BB490A0|오거폰 벽록의 가면 ex|5493
CRD_F4F401D1179242EE80AA|핸섬|1902
CRD_F502539900C44150AF7D|원시가이오가 EX|37140
CRD_F4C1735159F14F65A589|메가디안시 ex|120
CRD_F502DD41B3C245CCBC78|화석 연구원|5305
CRD_F50C5E99DDEA4109903A|볼트로스 EX|562
CRD_F52BF6D27A264EE6A684|따라큐|32380
CRD_F54B2C86FFE74D62867A|망나뇽 V|197297
CRD_F55908E6632F40A5BE9A|오거폰 화덕의 가면 ex|100
CRD_8A64A02FB1604C62BD2140CE72FDA2D7|로토무|1010
CRD_F55FC4526B154E6FBB46|콜로솔트|480
CRD_F577A4D8CDE44F2498B6|디아루가 ex|140
CRD_F620A35C87F249DD80D6|초염몽|1680
CRD_324F58AAF4F444DEAE95|귀뚤톡크|1340
CRD_8F6DB567A7EF4D5F9742|제크로무 ex|134000
CRD_F58A3A5528E24CB1A4C3|목도리키텔|790
CRD_F643E727312F4F1FBE79|캥카 EX|2180
CRD_F655D1FDB00E40F3BB93|로켓단의 뮤츠 ex|149860
CRD_F66B10F9608D4C8CB922|스쿨보이|2578
CRD_F5935161EBF44C28BF5A|자포코일|1040
CRD_F6725E8B0E5E4958840B|블래키&다크라이 GX|15544
CRD_F6AA26615B634D2BA71A|비브라바|810
CRD_F708A3D8A5944CB7BF93|M나무킹 EX|20388
CRD_F79C2876A4E54BCA830E|위대한엄니 ex|609
CRD_F74DCD4030904CDE95D4|원규|2106
CRD_F7EF825777564C459F21|몰드류 ex|4300
CRD_F6F255B07DE64989A77B|보르쥐|2330
CRD_F70C1790FD9042749050|크리만|1830
CRD_F72303775E8749409E5B|차데스|850
CRD_F7332249FC82459985F9|에브이 V|4240
CRD_F7465DD0B4F74D7A9777|난천의 패기|8527
CRD_F77DAEEA7C14482FBA51|철화구야 GX|921
CRD_F7BCF5E1535E4E9C8BBE|콜로솔트|850
CRD_F7D0CB0E8461416296C4|드니꽁|2020
CRD_F8474225830A4240A94E|민화의 대접|13337
CRD_F84F74A865C24A938AB5|파비코리 GX|2560
CRD_F878464C76304FFF8660|핫삼 ex|1556
CRD_F8C26BA27AF444938EB9|밀로틱 V|1690
CRD_F856EE96E2B84864AC0A|클레스퍼트라|1070
CRD_F95BEA7A5720433E9FDF|풍란|33320
CRD_F8D9E7AF24C1484482DA|뮤츠&뮤 GX|11970
CRD_F8ED1A43F2F04EE69ABA|메가화염레오 ex|240
CRD_BE2FA43F663B4D16BA9C|에레키블|1540
CRD_F95322AF0A1243D99F83|메가리자몽X ex|404410
CRD_F982F893088B4538AE96|서퍼|598
CRD_F99835774689458C8924|히스이 가디|5490
CRD_F99BBE338E8843F887F4|심향의 칠색조 ex|29870
CRD_F9A376E8D1EA497EABA5|아고용&악식킹 GX|11925
CRD_F9A6F62671CB4AE1ADA9|매시붕 GX|1190
CRD_F9B21FCBE1B640D5ACF7|과미드라 ex|160
CRD_E5E93E5E67D8453083FA|라우드본 ex|21460
CRD_FC1C8B1689F940ADBE7B|염뉴트 ex|1607
CRD_FA35119D522542FAB6EA|흑마 버드렉스 V|4921
CRD_FB75B64C376D40B982B2|메타몽(프리즘스타)|9060
CRD_FB55D0FF075E4F0EBCBA|아크로마의 실험|2280
CRD_FC4C68E9A71046EC9744|스트린더 VMAX|6980
CRD_FA4844F80C824187B97C|뮤츠 V|1100
CRD_FA27D6FC488F4ABEAE4F|사마자르 VSTAR|3840
CRD_7C055CB02C3D4C798554|흉내내기 피카츄|339468
CRD_FA128DB79B9440E7A6F9|앤테이 V|18685
CRD_FC1B35E514E5442BBE5C|릴링|1040
CRD_FA2D897E8D2644E2BDF3|아이앤트|1790
CRD_FC031847FF4E4F8989CC|로켓단의 비주기|3400
CRD_FB98F00A1EE44AB999E2|글레이시아 ex|48260
CRD_FBADA9A3BE9246A8BDC3|앤테이 GX|2334
CRD_FBBDC7D73A6A4AF1BDC3|스파크|1170
CRD_FC1BC821D02D4F06BD47|메가깜까미&마기라스 GX|7020
CRD_FC73F3539D0C406098D5|털보박사의 관찰|2697
CRD_FDBA381E42DC4D1BAE86|레지기가스 VSTAR|8693
CRD_FD9334E6BCA74689AECC|월로|1485
CRD_FC9AB834D89544B0B4F3|블로스터 BREAK|640
CRD_FC88002577FE4003A645|히스이 미끄래곤 V|2644
CRD_FD45A140AA334C83958D|노보청 V|2852
CRD_62AFC6A6B1234F778316|비버통|1060
CRD_FD5DD2EE993546CAA758|에몽가|3540
CRD_FE32D3EB75B042BE97D0|이야후|2360
CRD_FC8D39B72732416CBC06|육파리 ex|80
CRD_FDD4ACFC9A3E4E2A8251|킹드라 GX|1043
CRD_FCE1C605BB654E2BBC63|할라|1121
CRD_FD350229536F48219366|비비용|910
CRD_FD9857DC05B1489C8909|모래성이당 ex|110
CRD_FE046994C7284B68A4F7|요가랑|1030
CRD_FE20328DB07A4AA9AE98|메가라티아스 ex|15000
CRD_FE2362DA8BC245B88CB2|리피아 GX|27850
CRD_FCBEA5D75C674EA88554|무쇠무인 ex|4789
CRD_FEAFF0B8A8FD47979EFA|무쇠잎새 ex|2649
CRD_FE519E8935A64B4F9C41|배우르 V|620
CRD_FE5D7A94A7D447F39D4A|아쿠스타 V|50860
CRD_FE7A2CCC9AFB4044AD37|마리|52310
CRD_FEC343BD9F0F4A36ABE1|사마자르 V|1195
CRD_9C0777C5F0E2418B84CD|로켓단의 크로뱃 ex|8395
CRD_FE47117BF3F441FEA5A6|리자몽 GX|13214
CRD_FF2705137ED74AB383C1|피죤투 V|1173
CRD_FE67CA965F3142E49547|팔데아 토오 ex|710
CRD_FE896876501E400DB1B9|파밀리쥐 ex|270
CRD_FE90D7E40EDE45F6B3D5|레시라무&리자몽 GX|11860
CRD_FED5150373E949A7B4AC|한카리아스 ex|3253
CRD_FF09AC615D4A4B22B433|샤비|4660
CRD_FF1552C5F5BD478284DD|흑마 버드렉스 V|3710
CRD_FF1CF3010C544E30908E|큐레무 ex|110
CRD_FFD29F9A67B34EF2988F|뮤츠 V|6911
CRD_FF698E3711E2487B8D9F|새 조련사|1065
CRD_FF3AB4F575D74BC39C88|블래키 V|19610
CRD_FF670CCC91074D59B18C|쌔비냥|3650
CRD_FFD938BCA721439FA9A9|풍&란|3861
CRD_FFE751C555274A6BAA16|히스이 붐볼 V|180
CRD_FFEB4B8D7D704A0DA7BA|이올브 V|140
CRD_FFF8E815F394423595FC|라이츄 GX|2594
CRD_FF43D0C9318B45C5AAE4|후파 V|260
CRD_FF559B81865C4993A3E0|앤테이 V|260
CRD_FF58AC269F384D2DB169|근육몬|2670
CRD_2C17B97D2D95413699E9|뮤츠&뮤 GX|48782
CRD_DF1BC7CED4E14C938183|운향|3516
CRD_170C21DF603D41EABA47|해골몽|4560
CRD_8710D86E084B46B1A83E|비버니|4270
CRD_67500D676E7A49D1928A|리카|2306
CRD_D57DF737284449919BC3|메가이어롭&푸린 GX|5020
CRD_9A71FB2F4A614CFCB42E|포챠나|4850
CRD_2E5F9227724846BE8970|라티오스 GX|1330
CRD_1B4300D40B074B11BABC|쉐이미 V|240
CRD_3A1E35B5FF4444B49597|강철톤 V|360
CRD_0B17CA38B6334F20B964|샹델라 V|330
CRD_DCED932B45234182889C|쉐이미 VSTAR|470
CRD_4B2B4A42869D4583AFCB|파라스|1686
CRD_F2649876E477438F80E1|바오키 VSTAR|15561
CRD_640E8984CA144951984C|에테르재단 직원|2543
CRD_D9C0CF682CE44A96BED2|네오라이트 V|10641
CRD_6D3C1FEF61C14F46B4C5|드래펄트 V|660
CRD_2D4B139B3E984F86B365|울트라네크로즈마 GX|2140
CRD_E78C55792AED472BA10A|갈가부기 VMAX|850
CRD_BD32C4DD974E418FB16F|비조푸|2430
CRD_E9AE47FA96644DACB7EA|클레스퍼트라 ex|80
CRD_9E509ECA5F2F4685A780|M강철톤 EX|6420
CRD_A96D274688FA4B04A973|마기라스 ex|2176
CRD_BDD95E418BFE4188A58A|게노세크트 ex|592
CRD_CB7A266C3EF64219A66B|마그마번|1740
CRD_CDD3EE7F57224CD58823|고래왕|2500
CRD_DEBF98B578D94A9486D2|무쇠가시 ex|120
CRD_2F01A346908C450BB7DD|꿰뚫는화염 ex|913
CRD_0DB9B4215B8140FAAA2E|앱솔 ex|200
CRD_0ED2317A116F4980A7F8|한카리아스 ex|190
CRD_0AD03EC9544B43B4AF4F|라프라스 V|670
CRD_17E681D70E484304B6B8|레지에레키 V|130
CRD_29545D8447D54F8F9E57|게노세크트 EX플라스마단|29840
CRD_45CC8DC151BA47F9906E|펄스멍 V|160
CRD_5856FD4E3CD348CD9E52|휠구|1650
CRD_240F59F984B74388A1BE|기가이어스|2080
CRD_368954B62A864484B467|자망칼|1520
CRD_642D216663B14FD592ED|로켓단의 니드킹 ex|110
CRD_07C8867477114A5E9490|랄토스|6650
CRD_17AEC6F70C054074BFD4|카디나르마|3580
CRD_3F605DD9C57145F4A405|레시라무 ex|1302
CRD_17CEDC815C264A69A345|샤로다 V|2311
CRD_27CAC15F8DE54882AA0F|퍼퓨돈 ex|908
CRD_1651730F93C4413BA4C5|완철포|1150
CRD_274FD14AB17940EB8528|골루그 V|13715
CRD_08208815CA6B42DFB7C7|단풍|1240
CRD_1FA0F3DE83E64E4CA272|뜨아거|6460
CRD_39360915366347AFB75F|가디안 V|1320
CRD_39493D33675143109748|파이어&썬더&프리져 GX|10110
CRD_49CC517FCE054EB99CD3|M리자몽 EX|35750
CRD_4B54FA5828754EE1BCD7|랜드로스 EX|10920
CRD_00B0A094D2434026AD56|하랑우탄|1040
CRD_12014650482C4314AA47|파비코리 GX|891
CRD_1BD0376A3CA8485BB302|릴리에|116780
CRD_465B3016FD4B41409D8C|냄새꼬|2980
CRD_5D86E01964624A8CBE40|피카츄 VMAX|31540
CRD_6434F1BE098C4F98B481|보스의 지령(게치스)|7670
CRD_A6E8EAA77BE24D74AEA7|체렌|9278
CRD_644AB314E2154B318313|블랙큐레무 EX|58220
CRD_4326CC9CE8E842FB8F45|벨|31592
CRD_091DC06176614517B5E1|라이츄&알로라라이츄 GX|26758
CRD_25A76CC236D74FF2B49A|웨이니발 ex|9810
CRD_CE12D0712CDA406DA3C5|카디나르마 ex|1043
CRD_536CF43303D74BB4BB90|운향|1695
CRD_6A5E3F53DC574562AB1C|히드런 EX플라스마단|8485
CRD_1F2F5DBD379C4E56A95F|나인테일 V|8427
CRD_3ABA99E638CD43358D1A|라프라스 GX|2365
CRD_7AF195199BBA474DA108|마임맨 GX|1370
CRD_A71CDBCAB7AB42309937|레지에레키 V|1370
CRD_D25814429FF94A7E84C3|블랙큐레무 ex|2012
CRD_88DD4F24CABA4B66939C|냐오불|5550
CRD_3921037F2F3643A38342|무쇠암석 ex|705
CRD_39388984E7E045A1B1DA|칼라마네로 V|2537
CRD_2B512D9C6B334EA6B3B5|캠프파이어|461
CRD_014588FE8AC842E3A70E|포켓몬애호가클럽|5050
CRD_5830A265E66848C49F6F|제브라이카|2230
CRD_7F48960BD5604694BAD3|메가이어롭&푸린 GX|12378
CRD_34634E0B83674493958D|메가저리더프 ex|720
CRD_82D8D5556A4F436CBB28|과미드라 ex|10570
CRD_2642CE7CAA28482ABC0C|핫삼|3160
CRD_2F43F0F33B364E59B1AA|로사와 로이|22937
CRD_0C99B90A478B44A1BA11|메로엣타 EX|3823
CRD_135AB4B5F4794E8BAB7F|니드킹|2370
CRD_52AAE0598913498D8B12|유빈|1375
CRD_0BBA24DF2AA04E9F8934|폭거북스 GX|803
CRD_13997FDA2FAB493982D6|가라르 메더 V|564
CRD_16F1D3F4F75B4E8580A6|바닥트리오|1030
CRD_1E87A3A1183343468691|브리무음 VMAX [거다이맥스]|3269
CRD_48B3B385581F4DFEA769|아기씨|3754
CRD_4AC772DA06674B6BBCD3|전지충이|910
CRD_3341BC09AE6F45A6A646|모래성이당 ex|857
CRD_49BB72C01E4C40628D5B|루카리오&멜메탈 GX|4870
CRD_5D478653E46E4634B4E2|우리|9186
CRD_7557F5D3856F4AB8BAA7|괴력몬 V|290
CRD_89C3A6311F30458ABBDA|풍란|8859
CRD_AC613BBC6EE14C01A490|헬가|1170
CRD_306457DE76EA45C5B61B|월로|3390
CRD_05A7C02B26DC4C7B8CDE|마기라스 GX|2360
CRD_290E399FA6ED4C67A8C8|히스이 미끄래곤 VSTAR|300
CRD_43FDDC429EF844C5A887|블래리|1493
CRD_1D3FA593099E46F2A199|붐볼 GX|2530
CRD_2E8CB13E9FEE40A28A14|웅의 근성|2141
CRD_23A695E8090F40B9B1A7|꼬이밍고|1210
CRD_394561233CE44337BF9C|심보러 GX|580
CRD_4595906EF9644EC481E6|메타몽(프리즘스타)|1346
CRD_27F3781C418A41E795E5|규리|12622
CRD_4F945928CE844FBD8648|빠르모트|1170
CRD_6C71D38CA03A4D73A6F4|카푸브루루 GX|459
CRD_8B8752AF245546B9B4E2|강철톤|12010
CRD_06740DF77DAB42EB94FC|싸리용|4310
CRD_1A905AD1C8F14E1B9C83|후딘 ex|240
CRD_498BBDABFF4741DD92A0|썬더 ex|190
CRD_52B306F7D32545678508|뮤 ex|11020
CRD_4CE79903A8A042498E53|차곡차곡 GX|1079
CRD_85E5684497324EADB399|개굴닌자 GX|31340
CRD_21EAE5192D164939830F|돌핀맨 ex|4810
CRD_371A341D2B024125AF8E|다크라이 GX|2890
CRD_054B8B1A8D90438899B1|보스로라 EX|7723
CRD_62132631CE684A58A336|킬가르도 V|330
CRD_63CF750F292B420E9045|두드리짱 ex|21670
CRD_52F60B81183042E68553|아고용 GX|507
CRD_0E1312500C6C4F61A04D|구즈마|4251
CRD_39462590847A4E32AF5F|아고용 GX|5170
CRD_1727697B0064422BAEE6|피카츄|7400
CRD_19171E29E9D34C17A9BF|네크로즈마 황혼의 갈기 GX|1020
CRD_35EA350A18F04A80A0D5|깜눈크|900
CRD_0B84E98684704E7CBB0F|헤라크로스|1980
CRD_489EB78CD21244439801|따라큐 GX|5230
CRD_0C3B052D2AB54CD8908B|딩루 ex|110
CRD_302EC9D2C71947778B51|꼬부기|16518
CRD_51EB2AB1F8BE40468C95|데덴네 GX|5925
CRD_0D1FEC3632AD4FED9507|파밀리쥐|15900
CRD_2F5447039AA345D78AAB|테라파고스 ex|13260
CRD_0B145711AB734536AD63|안농 VSTAR|4650
CRD_24D79E9DD4E24DDFB538|뮤츠|10340
CRD_511F933EEDE74C64AB4A|덩쿠리|1780
CRD_170047638AA24C9D8581|솔가레오(프리즘스타)|414
CRD_2757D35F33AC4CF99CC7|모야모|12114
CRD_2A51F7848C3F425BADD0|치릴리|5980
CRD_3E81F48F8E78476C8639|짜랑고우거 GX|1427
CRD_10E17E66F341491EB014|조로아크 GX|850
CRD_44776BE951744966AC11|파비코|5650
CRD_143F9BB41FBA43D5B5DE|야도킹 ex|150
CRD_404917AFA01148F5B7A7|브리두라스 ex|722
CRD_010576BAD6694C708F4E|고디보미|1330
CRD_0AF83E61B4874FECB22C|꼬지모|3390
CRD_3BD607C56C33412AAF02|입치트 V|6580
CRD_05BEE743A1F84904ADE4|노고고치|1020
CRD_62F7E63236364CB1A703|파오젠 ex|17990
CRD_73060B256D5B47E6A823|볼트로스 EX|1529
CRD_84D5C2862B76466098C2|리오르|6830
CRD_36A1599A2C254B9C957E|한카리아스 V|210
CRD_3B1C48E46678437CBAE4|가디안&님피아 GX|111367
CRD_3B9DA73247AA4D448AB0|오거폰 화덕의 가면 ex|1178
CRD_407679EEDAA34799BBA6|실버디 GX|1010
CRD_499466BB5F6A45A9BEAE|그루샤|6974
CRD_2E14D4A8D7AB4CCB95D2|아보크 ex|1740
CRD_35F025B882B548A18185|어릿광대|412
CRD_41CF2D5A4A6A43DDB951|기로치|900
CRD_053F45EBABE44DD09C9B|잉어킹|46750
CRD_49AA338BD81847B9B5A3|세레나|20544
CRD_9DEBB30C1A894A7198FA|코라이돈 ex|140
CRD_1F266213F3D04671AEAA|썬더 ex|77600
CRD_4C491E5A492F45CB8EB5|그린의 전략|3806
CRD_0400517F2E89441EAC81|거북왕 ex|113450
CRD_003510A0066E4AF58922|찌르꼬|3690
CRD_02610BA308E64C70A526|노고치|1030
CRD_029907DF1DDC4963B94E|달막화|2630
CRD_1D1BB63C7C8542D59855|거북왕&팽도리 GX|11850
CRD_1DF3BDE764954B38BA78|폭거북스 GX|541
CRD_4F9A907B588C4D71ADBF|민진|3662
CRD_6CBCB133079240129A9D|망나뇽 V|5333
CRD_936083589DA54381B714|뮤츠 VSTAR|17660
CRD_2673A337A01243339EC5|악식킹 GX|7170
CRD_1ACE44AEBA7B4DF5B0D6|칸델라|2570
CRD_287970473FD84B928D5D|카푸꼬꼬꼭(프리즘스타)|414
CRD_46402F0A4DE7492785D0|게노세크트 V|170
CRD_2297ECA873FB4C6EB5C5|신비록 V|170
CRD_33FE80EB03934DEC8C07|파이리|11470
CRD_57D75046E0404E6EBE7B|울트라조사대|4720
CRD_5F09CD4E587B4983ACCF|킬가르도|1530
CRD_7397558D5108401EB78D|M헤라크로스 EX|10310
CRD_AA19A54D13CC49198C77|오리진 디아루가 VSTAR|49450
CRD_95020B5585B74E58A3AC|레트라 BREAK|940
CRD_65B86BDD091845B6B9B3|루나아라 GX|1761
CRD_5EF0A6A219594553A91B|한카리아스 ex|14660
CRD_9C10318D36A044519EB6|뮤츠 EX|2913
CRD_14CFDC4FCADA4F70A670|데스니칸 ex|140
CRD_2CECD65EDFEE402B8093|킹드라|3630
CRD_3A57174859F8445CB9F0|괴력몬 VMAX|560
CRD_4145122B76D44C99ACC5|개굴닌자&조로아크 GX|19624
CRD_524170C118594AD6B7E3|다태우지네 VMAX|3330
CRD_168A21AE1367433791FA|에브이&테오키스 GX|15312
CRD_24CD0D7FE1834DA89707|부스터|8980
CRD_375B75D3FC3E42BAA4AD|사나운버섯|1940
CRD_385E29A0C8C3476C9C4B|드래피온 V|140
CRD_4BE279D087D44FB6B0F3|렌트라 ex|1359
CRD_5034E9197BEF4694BCDE|일격 우라오스 VMAX|4880
CRD_1CC18469ABD541448268|돌핀맨|870
CRD_3AF8CE5102AA47F5A68E|리자몽 ex|109400
CRD_1781CCF24CA84BC3B847|음뱃|1120
CRD_6A148797C15E4E7D9FE7|N의 각오|6586
CRD_5754D3B72AA34FB4A42C|다태우지네 VMAX|1090
CRD_36CCEEAEBFE444AF8E74|팬텀 EX|146702
CRD_3FAAA0E00D4E4C6A8014|버넷박사|1212
CRD_1AF00E0F44D842E894A4|쌍검자비|4600
CRD_27F9714CA8CF4C0D8906|비조도|1990
CRD_2A2AA65BC13345549AD1|마스터드 연격의 태세|461
CRD_36C025F4B7F545C0814D|마스터드 일격의 태세|1271
CRD_4E711DDC48A24974B926|고디모아젤|2260
CRD_190E3B946C714D6CBFCD|샤로다 ex|13340
CRD_05613B885FD5443C8BC8|카지|2640
CRD_0E86D1DB89544CD7A643|배바닐라|4250
CRD_047131CE3AB3482C8F7F|굽이치는물결 ex|2725
CRD_55EE6B10CEA84CDA8EED|마샤도&괴력몬 GX|59123
CRD_121C03E944C44190B954|히드런 GX|392
CRD_22BC9BEDDB4B49D88171|가라르 가로막구리|970
CRD_287F04A23D8D4624B994|마스|12622
CRD_2BD642F0ABE84DA8BDCF|테라파고스 ex|4500
CRD_2942A77E70D64CD79DC5|킬가르도 ex|120
CRD_32686724596F433298EB|자시안 V|10610
CRD_2A1A9C89BB3947378F7C|자마젠타 V|5525
CRD_6D3728BAC7354E489BA7|멜로코|2882
CRD_2C4C0A40740543B09035|돌핀맨|890
CRD_274BA225B19844028DDF|총지엔 ex|3350
CRD_143023DAF60545D2B327|오리진 디아루가 V|210
CRD_EE02CE3BA278460EBEA5|인텔리온|4596
CRD_0212FE92DB3D42B3980A|눈여아|1840
CRD_1123601A6CCD4FB19606|뮤 EX|64245
CRD_0F948BF5021D42F9BF8F|울트라네크로즈마 GX|850
CRD_09EFFE8F5F8C4A58A5DD|파비코리 ex|1060
CRD_0FF5AA22F1EE4EE0BE22|루가루암 GX|364
CRD_1AF555656B2048A2B4EE|무쇠손 ex|120
CRD_0B59EFE11F824CC29403|다태우지네 V|220
CRD_3ABEBDCF89194B049E06|이올브 VMAX|410
CRD_51DDA6EA64684E538750|펄스멍 V|140
CRD_3B58C4FB597C409D8154|리파|6160
CRD_22DCDC22E2E84027B7A3|보스로라 EX|3510
CRD_01E1A15D9BF64FB3A102|캥카 EX|750
CRD_0C248A94127B49FB8F15|라이츄 GX|1570
CRD_3B4881B425A945B385D7|화염레오 BREAK|984
CRD_13157CF56E204E5E81EA|레디안|850
CRD_1F8F6869FA4548279B6E|루카리오&멜메탈 GX|3500
CRD_11E8AAB5199A493C9515|더시마사리 GX|1750
CRD_64AC0547355944F0835D|쥬피썬더 V|20550
CRD_6D8F9AF9CC2D47D0ABE5|눈설왕|870
CRD_75E352E7A1BF4AD3A0CF|프리져 GX|22170
CRD_26B8AD9FA6554601A3B7|뮤츠 GX|47750
CRD_074346DE46AC4F019E17|약어리 [군집의 모습]|9300
CRD_24FAA1F19A0941A2BB96|보미카|9542
CRD_3BE5316F6AED4A72B593|다크라이 GX|42240
CRD_1AF7C5C839D646B0A61B|엠라이트|2450
CRD_285E533D9D2F4E4F94A6|팔데아의 학생|400
CRD_22A6C07D45A04AADBA89|히스이 미끄래곤 VSTAR|5940
CRD_31C58C5A3B144203BD03|히스이 조로아크 V|170
CRD_059BC58882F1444791AD|뮤츠&뮤 GX|15970
CRD_315BCF529A824490A671|거대코뿌리 V|640
CRD_1C157708149345C6BF37|갸라도스 V|570
CRD_51BAE0050B1B403BBD88|화이트큐레무 GX|2890
CRD_791572148F7B4CA19F63|누니머기|1650
CRD_3BEF85BDD3334AB1B674|위유이 ex|5675
CRD_24E953E56C044EFFAEB2|뮤 V|850
CRD_4CE7E440FEFE4B8EB2AB|리오르|5280
CRD_1EDE2D3DF6644957B409|기라티나(프리즘스타)|1087
CRD_28347CC12F42441E8376|이상해꽃&주리비얀 GX|3980
CRD_36F3273DC7014993855A|네크로즈마 황혼의 갈기 GX|1110
CRD_04E476A38A5347C9B184|과미드라|990
CRD_08E2001528D84351A367|가라르 프리져 V|290
CRD_0A1D6B89377D433F8DC2|라프라스 GX|1670
CRD_1AD1B3ABA677423BBCAE|라이츄 V|2360
CRD_186B68241588428C9410|꼭두|8325
CRD_5563F3670A2C4D95AB21|모젤란|776
CRD_5CE39B03B3954AB3B664|비크티니(프리즘스타)|960
CRD_16DBDADB6156412A924A|유빈의 확신|1260
CRD_3ECB798328944A0F8A34|굽이치는물결 ex|4452
CRD_535F50E9DD9145CFB167|개굴닌자 GX|1680
CRD_68701C3E4E4942B29F01|킬가르도 VMAX|680
CRD_16CF32D4C1234DB68301|어흥염 GX|1427
CRD_18CD5427946D4525B172|한카리아스 ex|12131
CRD_4D1CD4CF50AA440F904D|거북왕&팽도리 GX|19055
CRD_4FBC77A3FDD544CCA755|루가루암 GX|742
CRD_3A51FC9327024878903D|무쇠잎새 ex|9720
CRD_1A85603204124465ACAD|두드리짱 ex|3380
CRD_26CD880191FC48B2BE27|벨의 진심|1652
CRD_3A9BC04410714B2ABFF2|메타그로스|3150
CRD_0596431CCC63469EA0C3|블래키 GX|13150
CRD_57D3263FF3A147BF9CBD|벨의 진심|13410
CRD_6FCF50A226284C4495C6|오리진 디아루가 VSTAR|10294
CRD_75B112D50ACB4C48BD78|세이지|4820
CRD_8E2251855B704464BC69|야느와르몽|3770
CRD_0E12AB50D23D4953B0AF|꿈트렁|930
CRD_1D7AF3D440F245F09657|무쇠감투 ex|3619
CRD_1F7AC8B706234CD0B21D|바랜드|4980
CRD_100CD4F587424353BDEA|페로코체&매시붕 GX|1703
CRD_1573232461C14F27B212|세류|3140
CRD_0810CE32B1AB400B95BA|한카리아스&기라티나 GX|4906
CRD_0C3A374FCCE5445B84A9|복숭악동 ex|8400
CRD_16FAD83BCF8E45DD9103|네오라이트 V|170
CRD_2E7CD2B64DB94542A5DB|조타구|830
CRD_2ED0AB8374204F3DABF4|가라르 파이어 V|210
CRD_330DDDD1228E4170B359|형사구스 GX|629
CRD_2E88C364F7394ACBB0AB|마리|25565
CRD_24E2B7E72A25492F960D|푸크린 ex|680
CRD_010A7FF3B3854654B6A1|네크로즈마 새벽의 날개 GX|1312
CRD_090C5C6FE6B34BC0A9E7|기라티나 VSTAR|16356
CRD_0121009428B847BEBE66|망나뇽 EX|2671
CRD_32611C07C96441F59DCF|리피아 GX|3181
CRD_4AE3AB5A697244519998|가라르 날쌩마 V|6855
CRD_6FC66FFBF4F043FF9348|난천의 한카리아스 ex|2306
CRD_1A815E05CDFE482484A2|솔가레오&루나아라 GX|29882
CRD_66939CDD71824EF5877F|루자미네|11035
CRD_6DDDEA43AA7647C5BA28|난천|71150
CRD_1D86DD36D9564C309BE6|리자몽 ex|9403
CRD_2847A51BC6AB4B00BB53|아크로마의 집념|1630
CRD_0548814E2096488481FF|금랑|1841
CRD_56F7E4C6FF4B4CBEA51F|가디안 GX|23770
CRD_66963C0675B84ECAA1FA|마스터|520
CRD_6F30F6948BD54C099B7B|남나리의 도움|1037
CRD_3BE8944EE0F7456FBD5A|도나리 GX|780
CRD_49B4C54D818A4CF7BA81|M리자몽 EX|102150
CRD_4F2A7D0A1A7B4BA789D5|한카리아스 V|30070
CRD_3BD22AE03D484B308C7E|게노세크트 ex|100
CRD_22F914B318E7499997AE|스이쿤 V|24350
CRD_0D4FF129CB84410FBD8E|브리무음 V|200
CRD_2BB68D76B2954C079D6A|펄스멍 V|310
CRD_3EDE7FB426A144669E19|마라카치|1360
CRD_4D1DBE122AB04EE8AB19|무쇠감투 ex|2760
CRD_7AD3E7B95A594FFEABE6|뮤 ex|300790
CRD_437C97C642DD44B5B6AD|딩루 ex|2990
CRD_0913C93AC0DD43E58008|코라이돈 ex|5921
CRD_112139C75D774E75BDDA|킬라플로르 ex|280
CRD_0CFBA7BBD78645C38955|갑주무사 GX|4930
CRD_174D03650DD04FAB90ED|볼케니온(프리즘스타)|1334
CRD_1E02FB124E934CF8AE0F|꼬지보리|4260
CRD_5BFE2B8ADBF64C2CBCFF|악비르|2020
CRD_6A0E78B2E87B4CA88D98|가디안 ex|2680
CRD_095AFC71458E492189E1|스코빌런|850
CRD_09BE4064BBF541EE8222|에이스번 ex|1556
CRD_08D8EFD7132A4E838F53|꿈트렁 ex|575
CRD_0FFC051368D048A489A8|타로|10580
CRD_135EC26698D0487B9383|총지엔 ex|100
CRD_20B447132BB64565AC00|하솔|3760
CRD_214C3CC1FFFD487FBD68|마스카나 ex|840
CRD_1E4B7D9AA9DB42A7982A|킬라플로르 ex|100
CRD_301C4EFCC282412B9BCC|뮤츠 GX|3500
CRD_0506892D3B1B40D3BBF2|펜드라|3250
CRD_4A61F5781B4E4CF1A1F0|절벼게|880
CRD_0916BCC640C24E4088BB|드닐레이브|3950
CRD_4659714945CF4C9F82C5|루티아의 어필|3715
CRD_53601313F5F840D7BE86|네모|2310
CRD_70C9E5F033A642FA8AA9|윈디 ex|6003
CRD_08B2DC8AD0B04FF58A33|꼬시레|950
CRD_4E99AE84CC834A47AD97|파치리스|2810
CRD_36137AD704B945179433|올림박사의 기백|2232
CRD_57BFC803754F499E82F0|모래털가죽 ex|100
CRD_24798C163B48423E9689|루티아의 어필|11374
CRD_2A6241DAD8844867AA49|활화르바|590
CRD_3B28179308924FD388CA|불카모스 GX|1081
CRD_3FAA8A6B685E4661B8C6|라뉴이|2972
CRD_007D898667D84D8F9B7E|제크로무|8491
CRD_0764FF85AFFD44039B19|다탱구 GX|855
CRD_2F715EB445B84B778ECB|스코빌런 ex|524
CRD_2C1B8B60A6A24410B160|멜리사|2318
CRD_22EF9B97621442EB9B4B|철화구야 GX|1320
CRD_0CE1AB32F2CE46FFAA8B|두파팡 GX|5460
CRD_07E30AB6E1C54457BB2D|서퍼|4290
CRD_0060AA44D0824398AB42|추명|635
CRD_816F40DB48D34E998792|맘모꾸리 ex|552
CRD_9AC0516F5C3E4E83876E|루가루암|710
CRD_0EDD68B570E1472FB48A|키키링 ex|846
CRD_38815299C2494F679535|내루미|3850
CRD_3CABC0377B7C4F4BA3A7|무쇠암석 ex|110
CRD_43945060F9E847A0AE3F|그란돈 EX|32750
CRD_33360078EC2F4416BC8F|일레도리자드|810
CRD_3475D14B91764CC1A8DC|모르페코|4900
CRD_4515FE8F178F464F92D2|다투곰 붉은 달 ex|900
CRD_185DE08656684E7AA355|비크티니|25085
CRD_0A536D17231946EBBE81|마이농|8820
CRD_35F6305B626B4EA6BA1B|미라이돈 ex|20180
CRD_2CABD12EE5B74135858E|웨이니발 ex|682
CRD_0606801AD7A847EF992E|번치코 V|430
CRD_2821F636689C4FCE8CCC|쉐이미|11831
CRD_283662D99DED475396E1|기라티나 VSTAR|740
CRD_092D58F7609842FEA757|베라카스|870
CRD_19C1275E8DF647B286BD|무쇠감투 ex|120
CRD_41167277B8FA42F693CA|카틀레야|13410
CRD_63013DACF91C4789A924|니아|6115
CRD_44B4AF270D834B16884F|루가루암 V|1793
CRD_1E2EB300CA564DADA074|마휘핑 V|5636
CRD_00C3F08C0B7C41B1A2DA|히스이 포푸니크 V|2204
CRD_05D7F2E3587346D5BC44|토게키스 V|2379
CRD_1EAFC9958EE848E3BAA6|히스이 드레디어 V|2413
CRD_50DE7B5127534FE2A569|게노세크트 V|230
CRD_81B29653F5524988BEF1|아쿠스타 V|220
CRD_B18EB4936D3D4C3C8F78|피오니|2910
CRD_1C909A7537014095872A|윽우지 V|400
CRD_4192371C8DE14719ACB9|그라에나|1350
CRD_0FC31AECDE1C40D58A1B|사나|2763
CRD_2ED4580E9B974C03A527|눈여아|6186
CRD_61F147DE16A4427C9E3B|백마 버드렉스 VMAX|5620
CRD_A26B2D231CB94EECBAE3|다크펫 GX|1510
CRD_1DD2042E9B7D494B83FB|다크펫 GX|1183
CRD_56AD26AE94C842519BA8|보만다 GX|1204
CRD_54122CD2AC754C009580|쉐이미|2330
CRD_2284D5AE23CD4A559E27|이슬의 고라파덕|17800
CRD_5A1A6E8474A040978D4B|볼케니온 ex|5980
CRD_2371B40007C64AC0B36E|모야모의 찌리배리 ex|8704
CRD_03D070826E284B2A9384|불비달마|1990
CRD_05EA83500DDE4FE39A00|딱정곤|2760
CRD_0D226425CE0B4E138078|다태우지네 VMAX|320
CRD_0E3F03D6041B4CED87B9|쪼마리|1370
CRD_574890E1CF4F4130A020|모아머|3840
CRD_0FD962247951488C809E|게노세크트 ex|8100
CRD_53E878DB5D8944638209|테라키온|1840
CRD_5B702C8872B74994BDE1|조로아크|10550
CRD_17623798AB744107AD98|너트령|1880
CRD_4B11473ECD9245248564|하데리어|3600
CRD_2A44F68D825C43749B38|크리만|7610
CRD_C8B01F160C314B17A057|삼삼드래 ex|24310
CRD_EFCB23BB10864CE3BB7F|레시라무 ex|66010
CRD_A015A394F46844D180E4|케르디오 ex|868
CRD_AF3164F375854354B2F4|케르디오 ex|13370
CRD_7D71C6E50BC848FDB19A|버프론 ex|5640
CRD_79D926D3E72B4438C2AB|팀 플라즈마 보스 피카츄|2272800
CRD_1C040171393842089CFF|고우스트|9090
CRD_2FB8CA83CF9D40F1A071|뮤 ex|1500
CRD_B30DFCBCDFBA21BE1C07|피카츄|606788
CRD_8F4DFB20EC9342C1A6A9|토대부기 ex|130
CRD_0B188D85E3A44B03D1BA|판초를 입은 이브이|1231100
CRD_E070D0BFD0812AE7FEE1|판초를 입은 이브이|1099803
CRD_B2272D4D776044FE9ABF|로켓단의 뮤츠 ex|260
CRD_D03B772C5E7A47F49391|레지스틸 ex|140
CRD_CE5938A4B28D47A0AD85|샤로다 VSTAR|320
CRD_87A14B554FF84A3FAE6A|드래펄트 ex|90
CRD_F2AAF0DDA03144BEA3E0|보만다 ex|110
CRD_866593D4A5494DF285FE|이브이|2410
CRD_CE16E6C6333B4A89872C|다크펫|2110
CRD_57B8FD435C2148F8854F|괴력몬 BREAK|967
CRD_243CD02D3D3B494795CF|한카리아스 ex|140
CRD_43490A3EE356478497CB|호브의 자시안 ex|160
CRD_2CE1E087831443ADACEE|에몽가|12750
CRD_13AB6AC593DB41D7A45B|루나아라(프리즘스타)|519
CRD_2004462C5BD3458BA1B6|기어르|1340
CRD_0B5E6A47F7A34237A44A|이올브 VMAX|3540
CRD_44A1BB145FB243139F1C|흑마 버드렉스 VMAX|37658
CRD_1A7C81EF49754D76B049|디안시(프리즘스타)|480
CRD_37121FE6503349888A93|자시안 V|170
CRD_6B42108B80C945BCA671|백솜모카 V|370
CRD_042BA07087FB420BABAE|꿰뚫는화염 ex|140
CRD_31B29DFE42E24D77AFE1|슬리프|7970
CRD_2685F2D324BF4D0495CF|대여르 V|970
CRD_324563089502413E8DA5|마스카나 ex|6998
CRD_017C5386A8B64234B9C7|멜로코|637
CRD_096403B193C94990A6F0|잠만보 VMAX|16480
CRD_0989252EF29D4FAB9599|라플레시아 GX|3210
CRD_0C103A2D31494C7580E2|오리진 펄기아 VSTAR|11030
CRD_0D77F9604B9641DF9650|세레비 VMAX|8260
CRD_0EE4BA587BCC48B1B807|샤미드|9230
CRD_0F7A7025AB184454A00D|알로라 식스테일 V|410
CRD_115109E7938F4445A01C|로켓단의 크로뱃 ex|120
CRD_11AB40F57D03470A986E|몽얌나|2160
CRD_123A0C58771F4B76BBFE|아강의 비장의카드|14316
CRD_125EACE4FC044F7B9D44|난천의 한카리아스 ex|130
CRD_090216855FE241EFB18B|이슬의 부탁|21053
CRD_156303A10AC3422083AA|사마자르 VSTAR|370
CRD_17CAF561E8804762B993|순무|2910
CRD_1719064C4D5A4530B4C4|탐리스|1000
CRD_1752B1022AD74CC0AF24|모미|11032
CRD_1832978663324026BBAD|다부니|5970
CRD_18D57DF71D81408584B5|포켓몬센터 직원|8766
CRD_1B0CED467C434ACBAEFE|타랜툴라|800
CRD_0DF9D911B2F24858BFB0|파쪼옥|1060
CRD_1B2ADC910BB140BE8F44|흑마 버드렉스 VMAX|4790
CRD_10E2C02673E94810BC08|불켜미|6050
CRD_1ACA13137E6D4322A031|메가자리 ex|750
CRD_1D3EB41A06F94BA7B512|입치트 VSTAR|3120
CRD_1D2EAA1FB1D44C0781F7|고래왕 EX|2950
CRD_1BE9EEDEDD6944B99663|파비코리 EX|785
CRD_1C6F8B47E1DE4A3B8C3C|드레디어|8480
CRD_1CE47901F5674D55AB69|갸라도스 EX|11970
CRD_3E51556E4E8842128C4E|도희의 비기|1230
CRD_218DB829F1974CEA95DF|로켓단의 나옹|6180
CRD_20A7B2013FDD428ABD1B|매시붕 GX|1873
CRD_1F4026B2669C4D38ABC8|프테라 GX|539
CRD_20FE3F484DFE4D9AA9D9|플러시|8520
CRD_8E3889CE3AAF4DB6B6D3|규리의 눈빛|9600
CRD_C4804FF23607466C9A90|다투곰 붉은 달 ex|120
CRD_24AFDFD94F7B41E8A509|로켓단의 페르시온 ex|2362
CRD_251F9092AFDE47718BB3|로켓단의 아테나|2180
CRD_02BB3BE76CE644A993D6|박사의 연구(올림박사)|2661
CRD_12ADDDFE82F540F7B1D3|무쇠무인 ex|140
CRD_2531910728D94C05A9E9|팔자크|598
CRD_41F01DE4718B458FA5D5|추명|643
CRD_261019703FC444A39023|흉내내기 아가씨|2426
CRD_24D7C72E59DD4A338620|테라파고스 ex|2750
CRD_02C8FFC4897D4C2288DF|로켓단의 마자용|1700
CRD_16552890B7E640BD9726|비상|1088
CRD_3C3DCDDEE1D445CF8043|빙큐보 ex|851
CRD_3C56BFC81EEB4EE89BB1|피카츄 ex|550
CRD_3583C21779BE400FB9A6|피카츄|50793
CRD_3E0AD8CAAB4F44D5B183|레시라무|16644
CRD_462F20A41FFE435A999B|웅의 스카우트|1110
CRD_17EF823FA3CB4B2B8EE4|코바르온|9062
CRD_5484754441BB42A286AE|무쇠바퀴 ex|744
CRD_243B025EA81342949B2D|피카츄|1176
CRD_6D25064181064465A018|백솜모카 V|1920
CRD_88DE7FECFA5641C4971D|메타그로스 VMAX|9300
CRD_853BCA2D91DC48478D36|쏘콘 ex|100
CRD_866697DBC93748BB918F|해골몽|5030
CRD_1CBBEBA5751D495C81D5|레지기가스 EX|9860
CRD_0AB4A2D2E3654FD69744|채두|2617
CRD_86C9D18D455541299CC0|클레스퍼트라 ex|350
CRD_8B73A94707F24308AF21|에브이 GX|48510
CRD_8AFB1352B9D64F18AFDD|데스마스|1660
CRD_2521A01014064B6586BA|앤테이 EX|21830
CRD_67397D46BAC44F998127|피죤투 EX|2312
CRD_219500DA87B5401CBEDA|페르시온 GX|549
CRD_34828B53A56D44318E76|용접공|3948
CRD_3A73844B3540483BBFB0|마샤도&괴력몬 GX|2349
CRD_80B334F26A674D66A45F|메가이어롭 ex|1545
CRD_67BA3BC34CA2443FAB1C|리자몽 EX|4863
CRD_6B2C86298A8A48B9A1C2|켄타로스 GX|1890
CRD_6F764A195E6E4FF8BE8B|프테라 GX|590
CRD_11C10BF531B64E59B61C|성호의 결단|8324
CRD_4F19F10CD72544CDB78E|이벨타르 GX|1760
CRD_36BA95B689A44C28B170|메타그로스 GX|1336
CRD_41A8630816A54FD4A1F7|흉내내기 아가씨|9068
CRD_1A35479E220A4BB7AE4E|번치코 GX|2150
CRD_00182F81CA884726A6BB|로켓단의 뮤츠 ex|10321
CRD_02C67022C498491C944C|이브이&잠만보 GX|52610
CRD_0A986E45BB20474CB2BF|메로엣타 ex|120
CRD_0236FAB9C7144005ABC7|라임|744
CRD_40D95A6077D44FA3A682|비주기의 카리스마|9730
CRD_539273CC06F546848821|민화의 초대|20190
CRD_53F9BEE45FFC4745AC79|투희|18030
CRD_5148B33EFB2449B1B0BA|파라솔 아가씨|3264
CRD_02A3EEACB0F74D7F97B6|네모|541
CRD_6BBDDAB4D43548A49C5C|M거북왕 EX|5651
CRD_4401EC58464B477AA7F6|이벨타르|3740
CRD_55FDE55C017C4092A5B0|이브이|15598
CRD_5D76FEADA66646C89642|모래털가죽 ex|778
CRD_1F99E5B3C0D24E77A6E3|무쇠머리|1320
CRD_32A3236675F94589B53C|무쇠가시 ex|1116
CRD_3FF1314B8C744C4087FA|시유|71280
CRD_07B17A05B9584311B888|카시오페아|1404
CRD_3ADB55F70EE445AF8F86|라프라스 ex|210
CRD_5F7760C6F9C843AFBC32|오거폰 우물의 가면 ex|7080
CRD_6C79F815204042AB91D4|킹크랩 VMAX|400
CRD_79249DEC98634364B4D5|시유|4149
CRD_C06423A2D6344CF88D62|거북왕 ex|520
CRD_0DE14A2FC85947DF989A|팔데아의 동료들|860
CRD_C2B35AF51F5B4B3D84EF|콜사|648
CRD_E32A25B9BB914CFB8D62|카시오페아|10090
CRD_80AC3B98336D4FD0B14A|워글|920
CRD_C4F41E3DBC5E4BAC88EA|곤포|479
CRD_5094F85922274E7CAC3C|블래키 ex|228360
CRD_6C4CD727AA4A41F8A59D|무쇠손 ex|2580
CRD_80407B2696CD4C8CA421|리피아 ex|30000
CRD_8297F066BE06430AAD93|오거폰 화덕의 가면 ex|2420
CRD_9AD6FE24D3594D17A130|에브이 ex|61670
CRD_14BFE9EA9D1D474194DF|모야모의 찌리배리 ex|1409
CRD_33A3DF458AC34EC6B1BD|호브의 자시안 ex|744
CRD_0B22E2A33CB14A99888F|저지맨|800
CRD_3441FF9483AB4687A5BF|괴력몬 VMAX|630
CRD_16D77C3BD5F547639930|오리진 디아루가 VSTAR|7530
CRD_2348A7F2758F419FAB09|히스이 조로아크 VSTAR|7452
CRD_731422CCDFEE4AC59613|프테라 V|76040
CRD_75F716B7F446495680CA|기라티나 V|10023
CRD_93DF43C333324F0FB26C|기라티나 V|255990
CRD_50C0DEEAB02B452683DA|수철|742
CRD_5A8FC382CCE44FCEBEB2|아기씨|6323
CRD_03969BCA263B42ACB41A|프테라 VSTAR|4490
CRD_02FBE86D930D4D10A90C|마폭시 V|200
CRD_0542ACBB4B534F2A8089|안농 V|1077
CRD_29464E6CFC1448969B4A|무청|3796
CRD_42E5F5DEFC6244BEA6CF|드래피온 V|140
CRD_3A2389FDB90D4D529266|작업원|2310
CRD_1095F9AF338D45BD8BCC|인텔리레온 V|580
CRD_2A25393A383641F7BD29|안농 VSTAR|440
CRD_394098D4C4FC4DF5BD67|무청|2720
CRD_018725C657AC494C8687|에써르 V|1674
CRD_477A7D547E084F6D8315|옐단의 조무래기|1992
CRD_4984C34823564A40A15F|대여르 V|3828
CRD_075869C1BFF3489794D1|거대코뿌리 V|1545
CRD_3D7C380DE0344900AFCD|나이킹|10321
CRD_070B71AF46134ABAB790|다태우지네 VMAX|400
CRD_52F916AFA8B244C5ACDA|채두|12104
CRD_28E64B8B572C4910BC20|헬가 V|760
CRD_549E381006304AAB8D75|가라르 불비달마 V|919
CRD_0BCE4311895A4715B616|피카츄 V|750
CRD_3A5B3FE091064B65AF4A|연격 우라오스 V|4335
CRD_01EBD72E8D2B4C3486D6|연격 우라오스 VMAX|9820
CRD_5C626761376341E3AEE8|모미|3960
CRD_36246E7EC9864D74B0BA|의사|3209
CRD_4DC194AB4E8E4B84BD67|볼케니온 V|2063
CRD_890AC787BC9E4C2DB28A|에브이 V|34660
CRD_28A90C6383DF4C73AFEA|아스나|3235
CRD_66116DF43BE7463F97E7|아로마 아가씨|3750
CRD_580818D205C94783B0C1|마쿠와|1280
CRD_7DDAF72A6F6E4107971D|즈미|2001
CRD_99CCE27B9E204E508DE3|갸라도스 VMAX|1950
CRD_6145A055ACC240FCB08D|골루그 V|4008
CRD_8603F62DAC06410E95FB|음번 V|4177
CRD_9FDDA5BA3EEF4352A0ED|메타그로스 V|2672
CRD_40EA643721414CC5B8E1|해피너스 V|5045
CRD_05B09E19DF994717ADC4|피오니아|5830
CRD_54629510CAF0436F9A1E|모단단게 V|1127
CRD_0672E08240B840E58C03|요가램 V|2074
CRD_7014E3576D824D92AD07|펄스멍 V|2266
CRD_2C36A353792C402C93E8|번치코 VMAX|690
CRD_4866CB4A4EDF45CABC8E|M후딘 EX|4806
CRD_27A8BA338F90422EA5E0|금경|2270
CRD_52F5DDE5DDE7486DAF16|이상해꽃 EX|16010
CRD_6DB5111B654B472DAE5B|볼케니온 EX|1684
CRD_7677BD40116548CBA138|포켓몬 레인저|1582
CRD_950D0856241946C48A38|후딘 EX|5864
CRD_9E959C4AF6BA480FA670|마기아나 EX|1888
CRD_4194A800DB674EB6839A|이벨타르 EX|4200
CRD_66E574AC0049442F9B22|캥카 EX|3568
CRD_41C4A6AF0C704C7CB5CF|독개굴 EX|1460
CRD_4885A59DE0CC4CA59CE0|M가디안 EX|16510
CRD_2832ADAFA5F4490F8898|엘레이드 EX|670
CRD_4D3EF2E899D943459B77|은송|7283
CRD_7069D05844E74942ADE8|얼음귀신 EX|1019
CRD_3339DB7AA7FD4A21BFE5|나무킹 EX|4077
CRD_6393EBE4F2594F90B558|쉐이미 EX|4734
CRD_795EDB8C9C91475EBBBD|재인|6973
CRD_37AD357EC31F4A4E9BDD|핫삼 EX|1084
CRD_B075334FB615451B877A|눈꼬마|1550
CRD_B0FE7331201C44AB8455|리피아 VMAX|1420
CRD_B845DAE48C424F97A12D|개굴닌자 ex|200
CRD_C1608F37F71B44D08013|M뮤츠 EX|30333
CRD_D84EB7E9F130403F8AEA|사다이사 VMAX|3930
CRD_D69C2C88C4594015B09D|웨이니발 ex|4535
CRD_D6EF48BBB6494035A432|M전룡 EX|4437
CRD_FA1B7AC6670440C287BF|버터플 VMAX|13990
CRD_F02EC95B2E1B448A8272|파이어&썬더&프리져 GX|7940
CRD_64AF5808BBFB437AAAD3|블래키&다크라이 GX|32706
CRD_6E7CD2D0B209451CA17C|파라꼬|1600
CRD_D602385974EB459BA404|후딘 ex|890
CRD_E92B2532AE914FB09891|치갈기|600
CRD_3ED24376E1C34EC0A25B|푸크린 ex|140
CRD_A25CB6E36FC71EBDA24B|판초를 입은 피카츄|3125100
CRD_B99867335AE14F658107|코라이돈|3535
CRD_34B77E90E77E454D9E00|메가가디안 ex|210
CRD_B71DC5DF10B44392841A|유크시|12231
CRD_6CC0A5E07CEC4B85923F|미라이돈 ex|190
CRD_99651D6378CB49808433|비주기의 카리스마|1635
CRD_F90882500EE5480C9161|코라이돈 ex|180
CRD_95BCC4E4C079449AB3C2|픽시 ex|210
CRD_92F676DAB8C24AD3895B|망나뇽 ex|520
CRD_EC2FC453D40440CBB25E|요씽리스 ex|200
CRD_773316D488304D578A1D|민진의 헤아림|820
CRD_9289770776A1479DADE6|마티스의 거래|699
CRD_EA7C2CE2735D4A7FB228|페로코체&매시붕 GX|1860
CRD_CC99F95ECF194AAFBB28|빠르모트 ex|190
CRD_3F61C7008F084A26A6CC|독개굴 ex|180
CRD_21D7CBE19CF94AD189EB|퍼퓨돈 ex|140
CRD_A01A880A185C48ADAAAF|루카리오 ex|1340
CRD_1C425DFA45494FDC8351|비크티니 ex|210
CRD_B7828F2ECCE840FB8105|디아루가 GX|4101
CRD_BAA4E53EBC95419998FA|전룡 ex|990
CRD_D62E450DC27F4ACBBA35|자시안 V|940
CRD_66F3A5A65EF7499288F2|바랜드 V|2103
CRD_F388F752349144079A88|히스이 미끄래곤 V|200
CRD_866E43F5997A400B8392|렌트라 V|2384
CRD_D55D93F3B3354DD8B604|뮤 VMAX|3320
CRD_ED421019893142159D1C|리자몽 VSTAR|2700
CRD_918A096A622440B6B1CE|파이어&썬더&프리져 GX|5050
CRD_F87EEB047E184C71A2CE|한카리아스&기라티나 GX|19505
CRD_D264A2B826384DCCB7D7|가이오가 V|503
CRD_E81BE663681D40F082FC|피카츄|29190
CRD_C5C46399E49A476BBCF1|자시안 V|170
CRD_FACBD44F4AA042459A6A|자마젠타 VSTAR|310
CRD_54805A45B9364F29B502|자시안 VSTAR|310
CRD_66B86CAACE834BA39882|자마젠타 V|220
CRD_1549CC7E9EFC44D08FD4|리피아|27184
CRD_1001E20102E24B2DA20C|파이어&썬더&프리져 GX|43939
CRD_6D78C3030D7942CB9EF0|레쿠쟈 EX|8620
CRD_A078581BD72D413189A8|피카츄 V|1170
CRD_AF23FC89109141A7AAF7|바랜드 V|170
CRD_C98511277D834B8FB4C7|모야모|7125
CRD_1647486130EF4A25940C|샤로다 V|260
CRD_1DB4E0B1059842A38CD7|엘레이드 V|6840
CRD_F90501BB1ECA45259FE2|리자몽 VSTAR|2470
CRD_B7345EED8A0E4A05B2C2|마그카르고 ex|110
CRD_726F592D695C48E8837F|아고용&악식킹 GX|2050
CRD_6B4990C003EE4F5C95AF|해피너스 V|190
CRD_292EB503923B4ADDAA36|테오키스 V|440
CRD_391EF36F49824C58965F|세레비 EX|13258
CRD_931723E024444FAA9D5A|다크라이 EX|72760
CRD_2FE00DB6CB1E400085C1|테오키스 VSTAR|1280
CRD_F193258A02084B2CA026|요씽리스 V|190
CRD_89951F6DCCFD4A329C78|두랄루돈 V|300
CRD_E9EFB5201D7543CF9A76|피카츄 VMAX|1767
CRD_A8CA5B29C9994F09BCF9|바랜드 V|300
CRD_861F40AC33FD47E8A71A|모르페코 V|240
CRD_F5AF7D246A2542E48326|가라르 야도킹 V|220
CRD_59D148E4C2854E5AAA96|마기라스 V|480
CRD_D6BD7408ABA74C26951D|성호의 메타그로스 ex|160
CRD_7C49D1616BA447F592B1|가라르 파이어 V|320
CRD_E7DB54455C61431B8B1B|사다이사 V|150
CRD_F9597DA87C15467681E5|루카리오 V|300
CRD_33D12892FE0A448BA1C5|골루그 V|440
CRD_43B92747526147DBA44A|따라큐 V|830
CRD_DC0D44D9E66D45FA907B|가라르 날쌩마 V|480
CRD_49D0E25CC4FB427AB28C|오리진 펄기아 VSTAR|330
CRD_828C74272B23470D9991|그랑블루 V|160
CRD_4A17C07AEF20419B859B|테라키온|1697
CRD_93BA1B52B6B14CF0AEDA|비크티니 V|5242
CRD_1189D005D21D4ED69DBF|어치르돈 V|290
CRD_35DC69B18FE34A239272|글레이시아 VMAX|970
CRD_E493F0082A45481EA7EE|샤미드 V|550
CRD_1FC4B3E18BB94A0EB6CC|아머드 뮤츠|43040
CRD_6372ABB03C6D49E1B035|부스터 VMAX|2520
CRD_1164B69A14F3417EBA5C|부스터 V|530
CRD_593E4A28970A4C3C8255|이상해꽃 V|1090
CRD_CFF5112271AB4A80BF9B|라이츄 GX|1195
CRD_A2C303F9E86F4EDF9398|아가씨|2996
CRD_D32273D46FE741C19111|히스이 블레이범 V|1883
CRD_9F16F13DF68C4204B8EF|메가라티아스 ex|170
CRD_EEDFC6D249174138A328|사다이사 V|986
CRD_739A8D30A5494EFBA4DB|리자몽 ex|2100
CRD_8D64C44C0FE64E8EA849|비크티니 V|220
CRD_217550E39F654896867F|AZ|5260
CRD_DB4376253193405389B0|무한다이노 V|440
CRD_5CA455DEF57B449E9681|아이리스의 투지|10770
CRD_8DE3C0F874CB476BAA7D|마기라스 V|210
CRD_3C4CBC99613B4B548008|소니아|14320
CRD_F095D8262EE24A9E89F5|핫삼 GX|1800
CRD_7C85BF18CA654083A203|조타구 ex|750
CRD_C1430E514E7A4341B76C|거북왕 GX|2550
CRD_AAA1B0D73E594E6E9585|나옹|12636
CRD_6E9E05529FE044859508|미라이돈|4590
CRD_E62F06A94BBF4102A34B|카나리|3360
CRD_CCC9B1752D4045849237|라이츄 GX|550
CRD_C39B236442E240D58AAD|백마 버드렉스 V|220
CRD_644D9605B98343E2BD97|고라파덕|7500
CRD_9E6C0EE28A034B84B8A7|흑마 버드렉스 V|240
CRD_CE93CF20BC2D40369EA6|팬텀 VMAX|10880
CRD_3FAD1A600E1E4A68BEFC|크로뱃 V|220
CRD_3AC8F9831E6C417A920C|루카리오 EX|3340
CRD_50821B0A1B1544889F09|눈쓰개|650
CRD_C1E6E62B68CA49EBA053|비리디온 GX|680
CRD_034271D298BA46158444|사마자르|850
CRD_5470C871DF3146EB9C6B|카지|1330
CRD_1A2B7E3263BE4E328E23|마그비|2520
CRD_ECCB9F6BE6FB45019BF9|강철톤|1110
CRD_68AFBE59B0D944A69E33|해피너스 V|7120
CRD_AAAB529B18A64AB9A9A0|루카리오 V|730
CRD_37FD17FC727E435B8C84|모르페코 VMAX|600
CRD_46D80DE27C1642C5B543|어흥염 V|340
CRD_730805FC07034C0DB994|루기아 EX플라스마단|109980
CRD_439C86F598EA473882CC|솔록|1290
CRD_10FA5F0FB2BB48E0A8F5|가라르 야도란 V|230
CRD_D977F918DEE8417F8794|이브이 V|1390
CRD_FF89828CCBB14368BDA7|두랄루돈 V|170
CRD_814FC9FDB9F244A7A8C0|타타륜 VMAX|320
CRD_D56048415DA2405E9DBC|피카츄 V|1080
CRD_C2A0DB2254344C62AF81|민화의 라플레시아 ex|170
CRD_A4507E6EECB24AD88AC1|이브이 V|1880
CRD_7EBB72125E6E436B8589|피카츄|727
CRD_70A5FC244F7E41DE819D|볼트로스 GX|710
CRD_D0519CFFD9564C798E9F|카푸느지느 GX|890
CRD_15F5F5A58D814B10953B|님피아 GX|4490
CRD_CFC16E65EBC1462AB99A|에브이&테오키스 GX|9510
CRD_1735A196292E42369E03|지라치 GX|2320
CRD_3761F2C151EE4116B9EE|블래키&다크라이 GX|20060
CRD_5CC4F5F3C4294D54BEBB|제크로무 ex|100
CRD_3A3F2713FE8C47F69F71|캥카 GX|1479
CRD_5C104F12C3C94EE49C84|명탐정 피카츄|19168
CRD_4500844A9586482C906C|이브이&잠만보 GX|78560
CRD_013491CECA2E446F9AB8|게을킹 V|170
CRD_76C27B14CD0C45E3A73B|롱스톤 GX|590
CRD_83ED01B41C3648FCA47B|푸크린 GX|860
CRD_1EB1317E215A4D5FABEE|피카츄|12731
CRD_8B64BC8FA3984544BD29|아쿠스타 GX|410
CRD_A4E698560C3F430A9CE4|루카리오 VSTAR|610
CRD_A6337035E8634701BFAB|피카츄|14568
CRD_41BD351FBCE24334B7DD|나무킹 EX|1530
CRD_5A5295A6BE874BBA8414|피카츄|68264
CRD_7DED027B94C6483F9495|알로라텅구리GX|13100
CRD_7ADE94812E08415390CB|제크로무 GX|11093
CRD_9D5DBEB83D8747A7865D|칠색조 GX|4451
CRD_F1E137530AAC4509ACBD|카푸꼬꼬꼭 GX|1294
CRD_0BB77FE2EEEC4F359733|염뉴트 GX|1230
CRD_E9C4D238A08646EA997E|M입치트 EX|4136
CRD_ACE083AA03F94FF58441|약어리 GX|270
CRD_77E23D6E57A144EB9BD7|지가르데 GX|15670
CRD_696441FFCEB046F28C92|네크로즈마 GX|1235
CRD_DD544B72133A4A17A1BB|멜론|1829
CRD_83A1176A6F644DE9B1DB|레지락 EX|3650
CRD_C577C809253F4820BC3C|M루카리오 EX|13340
CRD_35DA6B31F47244C59B9A|제르네아스 BREAK|1867
CRD_7084B05629B04BBEA2F3|입치트 GX|1238
CRD_B0B1E680E6EB4FC091EE|M가디안 EX|12380
CRD_6963C4D7FD56481C9E05|동탁군 BREAK|2060
CRD_B7BEDC89F4554878A43B|에브이 EX|9480
CRD_6B76266004034ADFAFE2|후딘 EX|4650
CRD_5A11A9B4CB924667ACDC|개굴닌자 BREAK|8320
CRD_3EF662F5F4B04A96BB1F|볼케니온 EX|1650
CRD_294D19F698F24BE39387|나무킹 EX|2480
CRD_4D37677B8AA341108958|제르네아스 EX|1910
CRD_FD0EEE3A4AF547399878|후파|265925
CRD_F6D2FC3117BF409384AD|그란돈 EX|3510
CRD_4B160DDD24C54ACA8B72|피카츄|1946
CRD_910B11C0B86040AE84AA|렌트라 BREAK|2100
CRD_CB69C20D58AF4D51A9AF|번치코 EX|3140
CRD_F7266F095112499DA31C|프테라 EX|420
CRD_F7B668AA293A48758034|깨비드릴조|28568
CRD_AA4A41F8F67F4044A169|레쿠쟈 EX|4912
CRD_9BC7436092C94785A4FC|박사의 연구(주박사)|1984
CRD_693D655002B04679AF62|메가리자몽Y ex|1780
CRD_8D68F827F9B2481DA5FB|루카리오 EX|1980
CRD_E1B6948E73434311B499|피카츄 EX|34390
CRD_70914C281622475CA8B8|이브이 GX|6360
CRD_8D798C34EC514D40851D|피카츄|428
CRD_B6294903334744A58D01|지우의 피카츄|27293
CRD_94DDE31A7F814C7DA629|지우의 피카츄|20890
CRD_95DCB3753DC641EAB5CB|어흥염 ex|947
CRD_C55004D65BC742D6A174|모래성이당 GX|976
CRD_3D1823A431694121B9F4|멜메탈 V|150
CRD_97D7C457DF3B41A8A619|마자용 BREAK|4502
CRD_F962598C2D154F409151|피카츄|
CRD_212812EDFC95434E96EE|노공룡|1650
CRD_53220555F67B44E18651|달코퀸 GX|1215
CRD_8B9B58EC8BE6437C9189|뮤츠 EX|3310
CRD_F9B24EA402F141129620|레시라무 EX|4180
CRD_93FFCADB9F314F93B03F|케르디오 EX|820
CRD_3A8D2EC8D99B4D7B9450|샹델라 EX|2100
CRD_FFAB6C584CD745B9A717|다크라이 EX|3300
CRD_CB975544B60F47048A93|블랙큐레무 EX|3300
CRD_EBD265D880914608AC93|리피아 V|500
CRD_A9AEC318816D44429B63|음번 V|340
CRD_A313B53B087D4A94B80A|쥬피썬더 V|500
CRD_F54EE62045A24CBAABB8|이슬의 라프라스|7940
CRD_C37F7B571BA54B66B848|보만다 EX|7095
CRD_1F7AA893695B4F56A551|M보만다 EX|5494
CRD_BF34F5EA41394ACEBF4D|에이스번 V|160
CRD_0045DA17CE1F46BFB915|팬텀 V|2510
CRD_71D80DC21CF94EA294AF|쉐이미 EX|1640
CRD_155AE57C6FB44BEF894F|아머까오 V|190
CRD_B0A1FB4261674D529764|시라칸|1100
CRD_D70F5446D2974DDC8EB0|펄스멍 V|150
CRD_3E730E3C8E944D9C8CAD|리자몽 ex|1570
CRD_3F2D5876782D4E44B4B3|고래왕 V|300
CRD_4007297FF83B46EF9175|디안시 EX|647
CRD_405854EB09E342C08AFB|다크라이 ex|1550
CRD_41C8011108CC45C3B1B1|마기라스 ex|120
CRD_D3C57F0250DF425CBA58|파치래곤 VMAX|510
CRD_1F42D34F4DCB4A0DA99D|루카리오 VSTAR|532205
CRD_42AFED1003354B5DA9E4|에브이 ex|12880
CRD_43A31E18194141E18BFC|피카츄 VMAX|8543
CRD_906D53B007894C89866E|뮤츠 GX|
CRD_C117A9E19A5E433BA318|팔데아 우파|2146
CRD_0902F4E6CC9047A98559|피카츄|4271
CRD_4750AF05BE3349BBA298|코라이돈 ex|120
CRD_48F9A5034BD346849260|제라오라 V|210
CRD_9AD4F161BE9E44D6AAF7|폭타 EX|2549
CRD_40ACC9AF379C44558884|디아루가|33979
CRD_496BA4D8911D4BBABCD9|다크라이 V|300
CRD_49A64C751A444FF7B85C|메타그로스 V|310
CRD_DD4F767B8C314FCDBAF1|펄기아|19029
CRD_4B1E14482DF6442A8088|뮤츠 EX|2075
CRD_2252E930246B4993998A|마리의 모르페코|8140
CRD_8EA74EA746054746A291|기라티나|21647
CRD_A4182C43172645D6AA8D|아세로라의 장난|2272
CRD_10CAB872C0EE49CAAAAC|자포코일|9036
CRD_4E8F8D42F8524276A6BD|뮤츠 GX|1960
CRD_8B92FB178FE6408F833B|릴리에의 결심|15111
CRD_C05727E691684E0B93AF|루카리오|15878
CRD_3392C238DFEC4357BA88|아세로라의 장난|10850
CRD_ED0874E360244839B36D|엠페르트|8971
CRD_4EC3A525E385456A88F0|레쿠쟈 EX|69254
CRD_3FEFE9BCF9014B07A6CB|돈크로우|5706
CRD_7B2AC59C744C44BF9B8D|엠라이트|9519
CRD_89F870261BCE4E9C87D5|릴리에의 결심|82317
CRD_0099D36F822141DF8467|체렌|438
CRD_00A1C8B22B694905AABF|개굴닌자 V|750
CRD_00D37F11A42A4F6EAD16|루기아 EX|12380
CRD_CE6FE97D871C4A218EFD|루가루암 ex|812
CRD_0146657C0E674996969C|M루카리오 EX|24750
CRD_01AD02026ECC4FEDBF4F|이상해꽃 EX|2385
CRD_B5CCF871C4AD4CA18B71|마티스의 거래|2880
CRD_035B0C7E2A9E47CA878C|개굴닌자 ex|1100
CRD_042E784E8ED640CF929D|루카리오 GX|4120
CRD_4156299E17D24C468D3E|명희|32706
CRD_FF3213DF87294320874D|붐볼 GX|6340
CRD_04AF7F36245442EBBCF9|보스로라 V|200
CRD_05EEC7741BAF4827B1B7|플라제스 EX|1060
CRD_09AAD6A024434832A88A|이벨타르 EX|6190
CRD_BBF48E2A085C4050AA8B|글레이시아|10303
CRD_D4D97671FD8C454A8A1C|크레세리아|5979
CRD_0A4BC771BE0743608661|에브이 GX|11869
CRD_0A903CAA6FAE43DA81D3|M프테라 EX|9830
CRD_423AFEA04A844D929CFC|불놀이꾼|767
CRD_0BDAE7D89E874FAF958A|레시라무 EX|121804
CRD_D80CF1FA048C431C9F66|글라이온|14845
CRD_10C2A523B328418CA28E|토네로스 GX|620
CRD_12EFBAE37D35433DB103|명탐정 피카츄|303485
CRD_1490247326A741529076|삐삐|757727
CRD_15AD6DF96106438BA899|쥬피썬더 EX|4280
CRD_176BE23510B840A2A394|피카츄 ex|357883
CRD_16371A443973483F81FA|리자몽 GX|11690
CRD_17B76AFFA5794001AF52|에브이 VMAX|3220
CRD_18ECEF4F4F6B4E32805A|마나피 EX|1300
CRD_1B7FAED9F23141518159|레지락 V|190
CRD_1BB82D85E831428CABCE|M캥카 EX|4120
CRD_1EDD60BB0BE04B8C999B|라이코 GX|1750
CRD_1FD012263A504F3CA01E|뮤츠 EX|2690
CRD_2156FFB7752D47F99AC9|샤미드 GX|2680
CRD_1F692CD4AE004ABBACC3|야부엉 BREAK|6452
CRD_21AA8DB739564F3E9CA5|피카츄|11341
CRD_24EB8C7EAF8344B58654|샤미드 VMAX|2160
CRD_26F927BEACCC4E94ABAB|테오키스 VMAX|1170
CRD_27D9B5525E234D2E9F03|할비롱 V|190
CRD_27DC42C3D270417B9335|님피아 VMAX|1620
CRD_932E2AB3AB22444D9575|조타구 ex|80
CRD_2C540CA835784066A98A|M메타그로스 EX|7293
CRD_C4DED4CD6D9B40719BF9|치렁|900
CRD_2DAAC2D00EB94B1F861B|마휘핑 ex|160
CRD_2F1F77D90BA84F3E8C7D|피카츄|4921
CRD_50907E2F804C48AEA846|이벨타르 GX|2200
CRD_50B50B0ABF4D437598F7|마임맨 GX|2479
CRD_5751676A34FF4B128A73|에브이 V|560
CRD_5E38B57AA54A42D3BA96|음번 ex|140
CRD_5F01B946CC6C4F5F95B0|세레비 V|320
CRD_9B64D783E4344EBB8735|라티아스 EX|34471
CRD_64C02283DD0E49BEA124|갸라도스 GX|1220
CRD_68C455E4A71E4DBA86E7|리자몽 GX|2590
CRD_67EB5EB9C55848ECA538|피카츄 ex|830
CRD_738510ECA688475BA724|후딘|1990
CRD_746765E6B4BD453D839B|연격 우라오스 V|190
CRD_74F86A62A42E4BF9ACC7|따라큐 ex|240
CRD_77624728BFEA41878FA1|M대짱이 EX|32615
CRD_B124B687EC404C5FAC1B|다크라이 EX|5097
CRD_798D0C5E75B145E48C52|이벨타르 EX|2360
CRD_78C5517A0AB142AC8502|나인테일 EX|1232
CRD_7C41E202DFC4497C81E0|이상해꽃 ex|250
CRD_7DD7D9F40504433E96CA|지우의 피카츄|24047
CRD_7F6CC76C333E432E9B6A|피카츄 V|2200
CRD_7FBA603DD96943F5B7F0|후파 EX|1580
CRD_21362825A5DE48988411|칠색조 EX|8373
CRD_82FEBC891CD64CE98880|윽우지 VMAX|310
CRD_86A7F5C65D4D4EF997C0|카푸꼬꼬꼭 ex|130
CRD_84D9AB8184C644238C4E|제크로무 EX|5380
CRD_85DA754292A84C40923E|지우개굴닌자 EX|12970
CRD_89833C24B80A4DB1A938|개굴닌자 ex|330
CRD_B86A682830BA4F8D9F57|펄기아 GX|2664
CRD_8EA0FE1484B142468656|명탐정 피카츄|5865
CRD_929B183535F2447CBCE3|모크나이퍼 ex|190
CRD_939D613E789B4D44AE56|지우의 피카츄|17953
CRD_916F9928C49D4260B334|라이치|11102
CRD_96FACEB498654D5F9837|이븐곰 GX|1294
CRD_F5B64C8E7DA849918BEA|춤추새 ex|665
CRD_57CF7BA35A2F4108A971|토게데마루|830
CRD_997431762BD64CE5B949|글레이시아 EX|4352
CRD_9987ACD7E7C54BF8A0F8|요씽리스 V|250
CRD_9AA3BC6CA44A482D92F5|뮤츠 EX|6170
CRD_9CCFB4AA766D475E8C62|에이스번 VMAX|460
CRD_9CD0F357237A492C8A2D|이상해꽃 V|540
CRD_A8F8B7FADADA4B9C8D2F|자루도 V|180
CRD_0240A6FE69024ADCAB57|제라오라 V|6578
CRD_ABED7ECAA2C04766839E|피카츄 V|660
CRD_AE793A5668C14BE9A305|버랜지나 ex|120
CRD_B2E561CB1C034FE2B65A|헬가 ex|280
CRD_F92441CD205348ABA0D0|민화의 덩쿠리|4430
CRD_B8BC4E618338434C9925|더스트나 V|350
CRD_B96269B83CA14C11933E|뮤 V|1860
CRD_BB0C1B7398C4442C965C|카푸나비나 GX|1070
CRD_BF0B13F713C54C379992|파치래곤 V|240
CRD_BF0F5557B756404B95E3|애프룡 V|370
CRD_57EB73076A4B471381A3|글레이시아 ex|520
CRD_C6A45AC1265148B69725|M후딘 EX|12940
CRD_C8514FE93E8D4BEBBEDE|마리의 오롱털 ex|180
CRD_CC13B8F8C8BC49B092D7|요가램 V|150
CRD_CC95EE0439504360B961|글레이시아 GX|3485
CRD_CCDCA7F8737A49DAA053|하우|9524
CRD_CDF7188601734FA48B24|피카츄|2785
CRD_CF7DFD225E054B048301|갸라도스 GX|1757
CRD_DC0886D04B354B469FDB|제르네아스 GX|3330
CRD_DD658800D89F4F87A58E|묘두기 ex|200
CRD_DE7B8B068B1746649360|엠페르트 V|320
CRD_DF013D345EDD410F96BB|라우드본 ex|150
CRD_DF733DFFA0674744AF83|레시라무 ex|140
CRD_DECDD9969EB941668D1B|대로트 BREAK|1630
CRD_E0677DDD24AB4D0B961D|블래키 V|1150
CRD_E5348A86CBCB4A0586C9|쥬피썬더 EX|2060
CRD_EE1FFF9039E742F39F0C|M썬더볼트 EX|3671
CRD_EDD80B822E564D249409|악비아르 EX|6816
CRD_F3D13D31BE1A4E0991BE|다꼬리|1380
CRD_EE0DF97B0C5B4FDC88C7|쁘사이저 GX|290
CRD_F2298D4559AB4FFC8AFF|가이오가|473
CRD_069D993EF5274D81B98E|오거폰 벽록의 가면 ex|140
CRD_F2B2E546E51145C0BB3F|피카츄 V|610
CRD_F3E837515D0E435AA991|대로트 V|140
CRD_F42636A1EA3142B89771|리피아 GX|2927
CRD_F1F1BB3E1E7544FD801E|모야모의 찌리비|1460
CRD_F5378ABA3B3E4D73A064|명탐정 피카츄|16710
CRD_F6B06CC3450049DC857B|킹크랩 V|220
CRD_F85FB69630DE4832A47E|펄스멍 V|200
CRD_F6D22923C4964376ADC7|피카츄|11110
CRD_F93C79FD4F1A4ADB8589|성호의 메탕|5490
CRD_FAF52ACED2AE4C21A3E1|지우의 피카츄|26765
CRD_FDC7930C5EE84F0A96EF|리자몽 GX|6363
CRD_FE0B395843164577B4EF|쥬피썬더 VMAX|2500
CRD_FF7B16FA257D49BD8EB5|보스로라 VMAX|520
CRD_59976B37A8E84CBF8304|빛나|9860
CRD_917F313DC98747328859|토대부기|3864
CRD_EF66D2E6D89F4EC5BE58|모토마 ex|699
CRD_56E74A6F8ED840E5855A|뮤츠 GX|3125100
CRD_B05ED192EA914D9893FB|마그마번|2833
CRD_88DD09D2B6D24EC68E6E|토네로스 EX플라스마단|13211
CRD_C56596E4D16D42879763|크레세리아 EX|16106
CRD_23BFAC1CC99540DEB9B9|샤미드 ex|550
CRD_F5CC0C9882084007972C|메가루카리오 ex|2720
CRD_C1DA511430EB46B79854|메가폭타 ex|120
CRD_1A2192604CAF4EA98918|뮤츠 EX|35157
CRD_85C6AB0CD75440EFA091|레시라무 ex|100
CRD_A5FA3E3050F046ACB362|요가램|640
CRD_D3A5DFC3A6B34F32B872|제크로무 ex|210
CRD_B92E9CCA3B94438EB268|메가눈여아 ex|1720
CRD_32C64F60484E4801A991|메가루카리오 ex|218860
CRD_3610EE3BBB834DF6A0BF|밀로틱 ex|140
CRD_3618F7507BD34B52AA5E|피카츄 ex|2290
CRD_6BAEC561FD824CA68028|메가리자몽X ex|12200
CRD_5454D86FB3AE476B8576|메가이어롭 ex|160
CRD_21CE4716EFF648768118|드래펄트 ex|120
CRD_58CE2CBBA7CE487B8628|악식킹 GX|2580
CRD_CC3B5E1F932A4EE9B2E9|카푸나비나 GX|1090
CRD_6C47EADF71464DA6A684|샤로다 ex|110
CRD_DAA35F1AF62C4F308C37|브리두라스 ex|70
CRD_D51E4A66843B4E17B6F8|메로엣타|2460
CRD_A70AE0EAE9544E4091AC|메가팬텀 ex|630
CRD_506A9FE402DF410A9083|리자몽 GX|5990
CRD_CF1F30D89B8A4666A200|메가가디안 ex|130
CRD_F72B398C28494F5383EA|올리르바 ex|150
CRD_815D5679E06B4695ACEE|메가헤라크로스 ex|160
CRD_D827A662E6E744C3B693|무우마|650
CRD_BA10F03AB84145BBB276|메가메가니움 ex|21710
CRD_614DE1758C59451FBC92|라티아스 ex|140
CRD_FEFAF7CBA0EE46E7AC20|메가곤율거니 ex|120
CRD_3BC79D4373A7498D87FB|메가망나뇽 ex|360
CRD_7F1D667AFCA842A38431|엠페르트 ex|140
CRD_75D9086E863C4AA6A733|드래런치|570
CRD_64EEDFC9E563497FA922|루자미네|40249
CRD_5727B24E8A6442A9A5E7|메가폭타 ex|1150
CRD_4F6B88682F194C539477|메가입치트 ex|1646
CRD_6CD688020940471E9BED|메가루카리오 ex|150
CRD_84630510CDEC47779B56|무우마직 ex|110
CRD_9445125D59134FE4BE11|메가캥카 ex|170
CRD_6E77943864C749F5B25A|메가디안시 ex|1440
CRD_8DA52922128149E3B77A|빛나|14770
CRD_3099C7E0FF07461FA926|메가저리더프 ex|170
CRD_FCAF9FB4219D4D4DB1A0|메가앱솔 ex|140
CRD_40212CBAF40D49EE8938|춤추새 ex|110
CRD_DFF8CB13F6C7491C8154|메가앱솔 ex|1945
CRD_604492DE52EA4B7F81F6|메가캥카 ex|10800
CRD_95C332448C1748B0AA30|N의 조로아크 ex|38000
CRD_9965F1D5629D4B62B22A|N의 조로아크 ex|120
CRD_61DFC00AB69D4E0D953C|테라파고스 ex|110
CRD_7633E4DC01B743F4A4BC|메가팬텀 ex|186670
CRD_24A7755304AF47CF931D|로켓단의 따라큐|1930
CRD_A99D593C22354D17A334|메가눈설왕 ex|150
CRD_04C479651A454FB3A8D3|로켓단의 뮤츠 ex|180
CRD_2C1EDC815A2644BEB9DE|푸크린|1400
CRD_0323B3DF18D24127932E|단단지|1530
CRD_4E40BBC7A11147499348|엠페르트 ex|964
CRD_40D2B16676124F24A955|무우마직 ex|885
CRD_06B5F77BEF2A4FCE9B9B|화강돌|730
CRD_280E5479B51D442889C9|춤추새 ex|17280
CRD_0D218B96159B4E51AEC8|리오르|1900
CRD_1A2040BEE94E4AB1AFAE|쥬레곤|1170
CRD_1AB7F353BFC547DC81F1|나시|980
CRD_5C16965B4D8C4C77943D|리피아 ex|560
CRD_B9C22C1213704F5AAF1B|무쇠잎새 ex|140
CRD_91F9D869C7DF4777B799|오거폰 벽록의 가면 ex|140
CRD_6983EB0AA95941FE8196|루가루암 GX|1230
CRD_C5F43E1D58DC4EB091BB|어써러셔 ex|110
CRD_6FF014B0CBF4472C9593|마릴|2690
CRD_133D1F0A2A76442793E4|페로코체 GX|2380
CRD_69A3E53625B647AE962F|꿰뚫는화염 ex|140
CRD_ABB584CF354344D0820F|팬텀 ex|2030
CRD_0630709EA5124F718749|염뉴트|600
CRD_C8708FEE42914C2C92BD|다투곰 붉은 달 ex|120
CRD_EF2B6A9927BF426B8D82|염버니|1960
CRD_F1794D3676DD476EBCCE|비파리온|430
CRD_A497F0378C1349F19C8B|에이스번 ex|150
CRD_3CE005C5398E4DF8AA7A|레시라무 ex|150
CRD_710F7A26402941E7A4D7|카포에라|1210
CRD_D964095CC14B4504BFB1|초염몽|18504
CRD_58B23BBE13C047A0BE1A|에레키블 ex|100
CRD_D9FA88BC123C41F9B448|라프라스 ex|110
CRD_128F70C0C950473788AA|브리두라스 ex|140
CRD_72D59C5B494A40E7BB6B|페로코체 GX|2670
CRD_EF8B22836E854405A0EE|메가자리 ex|100
CRD_9D7643B219DF4580B85F|청목의 찌르호크|840
CRD_3FDB36F0CAF24E49B6CF|블래키 ex|1140
CRD_C1ED974D21D945F6AE35|아쿠아단의 가이오가 EX|114730
CRD_40C9B79679FB427396C0|꿈트렁 ex|90
CRD_42C881A081C2442292A2|라티아스 ex|240
CRD_8A0CD9EAC8D7498A9705|번치코 VMAX|970
CRD_4F8FA4ED50DA4A6AA4D3|테라파고스 ex|100
CRD_0247DE71AB2140BEBBF8|멍파치|990
CRD_065512D143D348EDBE3E|님피아 ex|650
CRD_0DF80E4557DE4819B172|나오하 ex|600
CRD_11DE00F8CE7D4AF1B990|메가팬텀 ex|9280
CRD_164F19FE7E4746EEA25C|메가썬더볼트 ex|100
CRD_0CB06AA60B6E4470B9A9|인텔리레온|700
CRD_11628ECE200A4601B5D4|M가디안 EX|28462
CRD_12724DE193F242D89D06|돌핀맨 ex|130
CRD_1B828812B58A4E3FB0CD|네크로즈마 GX|554
CRD_1E0043AFBDEA40F0A0F7|마그마단의 그란돈 EX|95404
CRD_1D0F4747A8BF4524B3CF|마릴리 ex|160
CRD_1E5819643E174D74811E|메가이상해꽃 ex|280
CRD_2076C899876544DC9B67|메가루카리오 ex|6020
CRD_2E8C144F443F49BBAE9B|미라이돈 ex|140
CRD_33F622942A1F4876AAE4|어흥염 ex|130
CRD_64121CF918D94791A1DD|솔가레오 GX|950
CRD_32D88C6671424AA28280|카푸꼬꼬꼭 GX|533
CRD_53EAEC16A2AC449B842F|메가눈여아 ex|120
CRD_30523D5BF2EE4A83A4CB|포푸니라|1250
CRD_612B2096761E42C3A8A3|메더 ex|150
CRD_57A6E71EBA0E4FD0B4A1|묘두기 ex|170
CRD_79944D97ECE040D19022|메가자리 ex|70
CRD_640F3D6A0BD2463986B1|우렁찬꼬리 ex|150
CRD_75EF99D62A3D4947A330|루나아라 GX|2340
CRD_74B6C998B365467C940F|토게데마루 ex|140
CRD_7BCDB81D3236447A9119|멜메탈 ex|160
CRD_842618E42E404622A7A4|로켓단의 니드킹 ex|250
CRD_8EF30B3B1E864419943C|블랙큐레무 ex|160
CRD_A8210A464976421F9923|메가염무왕 ex|15130
CRD_AE252DCBF6FA4506ACCD|메가샤크니아 ex|150
CRD_B071913DFA814921BA27|게노세크트 ex|100
CRD_C57DB853FD2D46888B48|메가리자몽X ex|1300
CRD_B685013BF312463DBD3F|청목의 노고고치 ex|150
CRD_B71FB8408EAC4867A18F|모야모의 찌리배리 ex|120
CRD_BA09E1E2876D4AF9A7EC|겟핸보숭|710
CRD_BA4BEE00353244F580C5|메가망나뇽 ex|4850
CRD_C98EFDB78A3045E8B138|릴리에의 삐삐 ex|130
CRD_CAA84D92B77A42B6AD29|삼삼드래 ex|120
CRD_CF163D02C6AA44A39149|키키링 ex|110
CRD_E6F10EB3F8174323B3EE|메가가디안 ex|1990
CRD_E1D6B66C8AB24CFC89FA|그우린차 ex|120
CRD_E4269732BF5E4DAE84E6|부스터 EX|43330
CRD_E884C26E081A41749A2E|볼케니온 ex|110
CRD_EA6C638A5EAE4EE0996B|메가샤크니아 ex|8436
CRD_EA938DF4CE38460F89C6|메가눈설왕 ex|1009
CRD_4A6CC4A034DF4C3DAD74|피카츄 ex|130970
CRD_53468E96BA24425694EB|초련의 암시|10830
CRD_59D948D23D9B4A8997F2|메가디안시 ex|12540
CRD_892B2014015549E5812F|메가저리더프 ex|5910
CRD_692B14B6D94747048405|비파리온 V|1032
CRD_A2686BFC7EE14D7788F6|로켓단의 닥트리오|820
CRD_57174D8548094A65841F|메가가디안 ex|2661
CRD_4078C16E4F0A46D1B247|메가헤라크로스 ex|1387
CRD_2706BD8A739F4460B703|로켓단의 뮤츠 ex|52000
CRD_0FA5E598B8704A0E83CC|호브의 대로트|540
CRD_27DD36DAE86F45C69DEB|메가가디안 ex|50700
CRD_3DC005D2BBD14E03914E|웅의 근성|14180
CRD_304D28B61C7F409C86A4|이상해씨|4920
CRD_2FA1805FDEA84161ABE3|껍질몬|830
CRD_3C91F57ABFE0494F9FEE|메가이상해꽃 ex|35150
CRD_5F0F40D590F84E8289CE|아머까오 VMAX|410
CRD_7F3A7B805F704D6C96F3|모스노우|1380
CRD_D2329A80F560434D96B2|토게키스|660
CRD_B837D3F1A54647279AEC|뮤 EX|26309
CRD_85A18C735C9147958902|가라르 파이어 V|210
CRD_06CEAC2A8B35426D926A|망나뇽 V|990
CRD_2BCC60756DD640D68C16|두랄루돈 V|140
CRD_624C4EA100C746ABB72D|스핀로토무|380
CRD_95962D36A0B54D96A10A|리자몽 GX|392130
CRD_BC23459C3A854031B8A0|메가망나뇽 ex|184730
CRD_A6F7502948814BF9A22C|블래키 VMAX|685900
